route,seed,group,target,n,dates,observed,predicted,brier,logloss,auc,within_auc,mean_gap
B_group,3566,chips,1d_3pct,144,18,0.3541666567325592,0.4300879476885854,0.23421031279634144,0.6594201626661267,0.5436432637571157,0.35816876122082586,0.07592129095602618
B_group,3566,chips,1d_5pct,144,18,0.1666666716337204,0.2871142375015555,0.1504579403606182,0.4794574818671698,0.6383680555555555,0.44728915662650603,0.12044756586783512
B_group,3566,chips,1d_8pct,144,18,0.0694444477558136,0.13341455344725,0.06814824273160047,0.2619471483029302,0.6649253731343283,0.4,0.06397010569143641
B_group,3566,chips,3d_3pct,144,18,0.6388888955116272,0.6889198577714007,0.23240014430198366,0.6578859417114715,0.5539297658862876,0.5117753623188406,0.05003096225977355
B_group,3566,chips,3d_5pct,144,18,0.4791666567325592,0.5534286592412712,0.24344261480552465,0.6799911218513718,0.6503381642512077,0.5474956822107081,0.07426200250871196
B_group,3566,chips,3d_8pct,144,18,0.3402777910232544,0.3443715351088057,0.20590831283576325,0.5974482656199629,0.6267454350161117,0.37154989384288745,0.0040937440855512985
B_group,3566,chips,5d_3pct,144,18,0.7708333134651184,0.7602736642396939,0.17509980509894071,0.5340889256876035,0.592001092001092,0.48148148148148145,0.010559649225424517
B_group,3566,chips,5d_5pct,144,18,0.6319444179534912,0.6545607820798174,0.22634023612356444,0.644332225438903,0.6592369894256688,0.5038986354775828,0.02261636412632617
B_group,3566,chips,5d_8pct,144,18,0.4513888955116272,0.4995250674540124,0.2383786482232478,0.6697647874103213,0.6499513145082766,0.4178217821782178,0.048136171942385175
B_group,3566,optics,1d_3pct,216,18,0.35648149251937866,0.48135187523027684,0.2384717799338935,0.6661593387534731,0.5470896010464356,0.416969696969697,0.12487038271089818
B_group,3566,optics,1d_5pct,216,18,0.21296297013759613,0.3293531976576418,0.16937406739513336,0.5201217254100551,0.6946291560102302,0.5316901408450704,0.11639022752004569
B_group,3566,optics,1d_8pct,216,18,0.07870370149612427,0.18468666929549948,0.08163488172226284,0.30183447060580815,0.7035175879396984,0.43172690763052207,0.10598296779937522
B_group,3566,optics,3d_3pct,216,18,0.5462962985038757,0.6962535490622577,0.2668663853826236,0.7304343460190137,0.6121151850570736,0.47716346153846156,0.14995725055838194
B_group,3566,optics,3d_5pct,216,18,0.43981480598449707,0.5802232855315379,0.25229968309943,0.697913878536724,0.6766855154414962,0.5448028673835126,0.14040847954704083
B_group,3566,optics,3d_8pct,216,18,0.32407405972480774,0.38344142978947393,0.20483327503268126,0.5941531652790117,0.6468199608610566,0.39655172413793105,0.05936737006466619
B_group,3566,optics,5d_3pct,216,18,0.6342592835426331,0.7634811316459504,0.24497700169085074,0.6886226001142446,0.6470017555206504,0.47959183673469385,0.12922184810331738
B_group,3566,optics,5d_5pct,216,18,0.5231481194496155,0.6588486643096353,0.25704995653044516,0.7080471120705121,0.6799123636051208,0.48280254777070064,0.1357005448600198
B_group,3566,optics,5d_8pct,216,18,0.3888888955116272,0.5107603920638757,0.23931899698480244,0.6716471822025288,0.6760912698412699,0.3746376811594203,0.12187149655224849
B_group,3566,storage,1d_3pct,72,18,0.4027777910232544,0.5082330525209874,0.25110706253121345,0.6953969416928035,0.5348837209302326,0.5311475409836065,0.10545526149773299
B_group,3566,storage,1d_5pct,72,18,0.1666666716337204,0.3305074139952262,0.16763884965345632,0.5222751566910703,0.4979166666666667,0.43103448275862066,0.1638407423615058
B_group,3566,storage,1d_8pct,72,18,0.013888888992369175,0.18945166537882127,0.04713631458405551,0.23260267194814205,0.49295774647887325,0.4117647058823529,0.1755627763864521
B_group,3566,storage,3d_3pct,72,18,0.6944444179534912,0.6972031140179885,0.2113511566596968,0.6135168522887586,0.5727272727272728,0.5537037037037037,0.0027586960644973013
B_group,3566,storage,3d_5pct,72,18,0.4722222089767456,0.5924470628090241,0.2653943730425395,0.7245356859327412,0.4651702786377709,0.43789808917197454,0.12022485383227854
B_group,3566,storage,3d_8pct,72,18,0.3055555522441864,0.39572256303878484,0.22897121944352516,0.6510822150170485,0.3240909090909091,0.2796296296296296,0.09016701079459843
B_group,3566,storage,5d_3pct,72,18,0.7638888955116272,0.7670694617372912,0.1801278766875745,0.5458982199123088,0.56951871657754,0.5411255411255411,0.0031805662256639833
B_group,3566,storage,5d_5pct,72,18,0.6527777910232544,0.671256394592499,0.22693752908102194,0.6463346137311482,0.5153191489361701,0.47909407665505227,0.018478603569244578
B_group,3566,storage,5d_8pct,72,18,0.5138888955116272,0.5309117553958941,0.2526501639082909,0.6984455563111247,0.42509652509652507,0.43613707165109034,0.017022859884266883
B_group,3566,optics_direct,1d_3pct,108,18,0.4166666567325592,0.5342123286210877,0.25927256266299686,0.7118064794639495,0.5015873015873016,0.4773218142548596,0.11754567188852849
B_group,3566,optics_direct,1d_5pct,108,18,0.28703704476356506,0.3653521414711059,0.20341082188382648,0.596794212984459,0.6656891495601173,0.5980926430517711,0.07831509670754083
B_group,3566,optics_direct,1d_8pct,108,18,0.10185185074806213,0.2259200836824639,0.10459645011590772,0.3725711159680866,0.6522961574507966,0.3903225806451613,0.12406823293440178
B_group,3566,optics_direct,3d_3pct,108,18,0.6296296119689941,0.7020543405835488,0.23857058611643753,0.6715069837300583,0.486764705882353,0.47333333333333333,0.07242472861455462
B_group,3566,optics_direct,3d_5pct,108,18,0.5277777910232544,0.6038747135786776,0.25151022826367536,0.6962457401263329,0.6246990024079808,0.6106471816283925,0.07609692255542322
B_group,3566,optics_direct,3d_8pct,108,18,0.39814814925193787,0.42866877943474013,0.23995368003580583,0.6728334339048779,0.5425760286225402,0.4081145584725537,0.030520630182802266
B_group,3566,optics_direct,5d_3pct,108,18,0.7129629850387573,0.7679982845460602,0.20764052205364864,0.60747194823264,0.5050272308336825,0.49240506329113926,0.055035299507302904
B_group,3566,optics_direct,5d_5pct,108,18,0.6388888955116272,0.6729138874219349,0.23182496970399885,0.656545124850113,0.5100334448160535,0.4783599088838269,0.03402499191030772
B_group,3566,optics_direct,5d_8pct,108,18,0.49074074625968933,0.526764459641685,0.24887094879655242,0.6909224925565015,0.5408233276157806,0.3171021377672209,0.036023713381995615
B_group,3566,optics_connectivity_chips,1d_3pct,72,18,0.3472222089767456,0.4857347473405874,0.2528422265352953,0.6978332521876932,0.43659574468085105,0.32280701754385965,0.1385125383638418
B_group,3566,optics_connectivity_chips,1d_5pct,72,18,0.2083333283662796,0.3337514668131114,0.17990983743805275,0.5452828174017317,0.5374269005847954,0.41044776119402987,0.1254181384468318
B_group,3566,optics_connectivity_chips,1d_8pct,72,18,0.0833333358168602,0.18170393339876795,0.08570677313303311,0.3119614630234324,0.6237373737373737,0.5,0.09837059758190775
B_group,3566,optics_connectivity_chips,3d_3pct,72,18,0.5555555820465088,0.6969961140615095,0.2656485576074847,0.7283225039162379,0.5453125,0.4768211920529801,0.14144053201500073
B_group,3566,optics_connectivity_chips,3d_5pct,72,18,0.4583333432674408,0.5794314567492589,0.25488065558277806,0.7032500627660815,0.567987567987568,0.4778156996587031,0.12109811348181809
B_group,3566,optics_connectivity_chips,3d_8pct,72,18,0.3333333432674408,0.37404386447947524,0.20381522778417807,0.5912708233215683,0.6137152777777778,0.3599137931034483,0.040710521212034445
B_group,3566,optics_connectivity_chips,5d_3pct,72,18,0.6805555820465088,0.7634026465077295,0.22248597401687548,0.6394134114717944,0.5638864241348713,0.4619771863117871,0.0828470644612207
B_group,3566,optics_connectivity_chips,5d_5pct,72,18,0.5277777910232544,0.6593331206088996,0.25885761605195123,0.711765093635628,0.6462848297213621,0.49635036496350365,0.1315553295856452
B_group,3566,optics_connectivity_chips,5d_8pct,72,18,0.3888888955116272,0.5148797579879941,0.24042383696585595,0.6739648741870302,0.6834415584415585,0.47098214285714285,0.12599086247636693
B_group,3566,optics_switching,1d_3pct,36,18,0.1944444477558136,0.31400477083722295,0.14732853854377984,0.46587008975360367,0.7733990147783251,0.40259740259740256,0.11956032308140935
B_group,3566,optics_switching,1d_5pct,36,18,0.0,0.21255982790631023,0.04619226384321535,0.23978207870348958,,,0.21255982790631023
B_group,3566,optics_switching,1d_8pct,36,18,0.0,0.06695189792806919,0.004606393719787659,0.06937054968372443,,,0.06695189792806919
B_group,3566,optics_switching,3d_3pct,36,18,0.2777777910232544,0.6773660444998802,0.3541894387314598,0.9114401170914321,0.8461538461538463,0.5,0.39958825347662585
B_group,3566,optics_switching,3d_5pct,36,18,0.1388888955116272,0.5108526589546767,0.24950610263999787,0.6922459253091825,0.7322580645161291,0.3615384615384615,0.3719637634430495
B_group,3566,optics_switching,3d_8pct,36,18,0.0833333358168602,0.2665545114736728,0.10150815452031392,0.3638770433163003,0.7626262626262627,0.4777777777777778,0.18322117565681262
B_group,3566,optics_switching,5d_3pct,36,18,0.3055555522441864,0.7500866432220629,0.40196849595040773,1.030492933043959,0.8527272727272728,0.47402597402597413,0.44453109097787646
B_group,3566,optics_switching,5d_5pct,36,18,0.1666666716337204,0.6156840823742082,0.32910959796677214,0.8551171106014777,0.7833333333333333,0.4583333333333333,0.44901741074048784
B_group,3566,optics_switching,5d_8pct,36,18,0.0833333358168602,0.4545094574822108,0.20845346158744543,0.6091858671716067,0.7424242424242423,0.43333333333333324,0.3711761216653506
B_group,3566,AAOI,1d_3pct,18,18,0.3333333432674408,0.5535389621321765,0.2744392538119682,0.7423900447360292,0.4166666666666667,0.4166666666666667,0.22020561886473566
B_group,3566,AAOI,1d_5pct,18,18,0.2222222238779068,0.3822321223660154,0.19720856291508235,0.5855193865273822,0.5267857142857143,0.5267857142857143,0.1600098984881086
B_group,3566,AAOI,1d_8pct,18,18,0.0555555559694767,0.260874849873311,0.09417774001276907,0.35629085410073014,0.7647058823529411,0.7647058823529411,0.2053192939038343
B_group,3566,AAOI,3d_3pct,18,18,0.6111111044883728,0.7047045839389771,0.24641405914363487,0.6882330903262903,0.5,0.5,0.09359347945060426
B_group,3566,AAOI,3d_5pct,18,18,0.5,0.6108484929948145,0.2591130342240948,0.7117190669129931,0.6666666666666666,0.6666666666666666,0.11084849299481447
B_group,3566,AAOI,3d_8pct,18,18,0.3333333432674408,0.4443878126023732,0.2535756353471309,0.7005952255011252,0.25,0.25,0.1110544693349324
B_group,3566,AAOI,5d_3pct,18,18,0.6666666865348816,0.7697925874415293,0.2328571777578855,0.6640143058188833,0.5,0.5,0.10312590090664775
B_group,3566,AAOI,5d_5pct,18,18,0.6666666865348816,0.6737426338366528,0.22227229153361291,0.6366276407070413,0.5,0.5,0.0070759473017711905
B_group,3566,AAOI,5d_8pct,18,18,0.5555555820465088,0.5491505764742294,0.2521824375903696,0.6975983489788863,0.4,0.4,0.00640500557227941
B_group,3566,ALAB,1d_3pct,18,18,0.3888888955116272,0.5393456755519171,0.27574036619687997,0.7450048771033566,0.24675324675324675,0.24675324675324675,0.15045678004028995
B_group,3566,ALAB,1d_5pct,18,18,0.2222222238779068,0.3694707878335664,0.20294441838895225,0.5979729734915225,0.2589285714285714,0.2589285714285714,0.1472485639556596
B_group,3566,ALAB,1d_8pct,18,18,0.1666666716337204,0.2229059912210482,0.14828061991386862,0.4769989200910123,0.4222222222222223,0.4222222222222223,0.05623931958732781
B_group,3566,ALAB,3d_3pct,18,18,0.5555555820465088,0.7029117978014955,0.2702467427105971,0.7391290486672831,0.4,0.4,0.1473562157549867
B_group,3566,ALAB,3d_5pct,18,18,0.5555555820465088,0.6046443734322573,0.2536909092435294,0.7009286011096032,0.4625,0.4625,0.04908879138574851
B_group,3566,ALAB,3d_8pct,18,18,0.5555555820465088,0.4202751667999478,0.2869243490816577,0.7689396426998747,0.275,0.275,0.13528041524656098
B_group,3566,ALAB,5d_3pct,18,18,0.7222222089767456,0.76919989394785,0.20315627003915285,0.5977235686350245,0.4230769230769231,0.4230769230769231,0.04697768497110444
B_group,3566,ALAB,5d_5pct,18,18,0.6666666865348816,0.6731901362268409,0.22263555164607018,0.6374507243167866,0.4166666666666667,0.4166666666666667,0.006523449691959282
B_group,3566,ALAB,5d_8pct,18,18,0.6666666865348816,0.5335142685458019,0.23598879163513567,0.6649128815512513,0.6041666666666666,0.6041666666666666,0.13315241798907973
B_group,3566,AMD,1d_3pct,18,18,0.3888888955116272,0.44210204585185753,0.253700023154689,0.7005867685455951,0.4025974025974026,0.4025974025974026,0.05321315034023033
B_group,3566,AMD,1d_5pct,18,18,0.0555555559694767,0.2860011081258355,0.10316350700445963,0.3816127329546673,0.9411764705882353,0.9411764705882353,0.2304455521563588
B_group,3566,AMD,1d_8pct,18,18,0.0555555559694767,0.1124143240923031,0.05593218642316708,0.234859117659049,0.2941176470588235,0.2941176470588235,0.056858768122826406
B_group,3566,AMD,3d_3pct,18,18,0.5555555820465088,0.6885695087016424,0.264606291978463,0.7257790529068797,0.5,0.5,0.13301392665513356
B_group,3566,AMD,3d_5pct,18,18,0.4444444477558136,0.5747417646689136,0.2661091457231437,0.7257200410237554,0.24375000000000002,0.24375,0.13029731691309998
B_group,3566,AMD,3d_8pct,18,18,0.3888888955116272,0.3774030127438572,0.24056951610875718,0.6744273922828428,0.3311688311688312,0.3311688311688312,0.011485882767770017
B_group,3566,AMD,5d_3pct,18,18,0.7222222089767456,0.7644583459984164,0.20240117410225528,0.5956098976175397,0.5,0.5,0.04223613702167084
B_group,3566,AMD,5d_5pct,18,18,0.6666666865348816,0.6671786717025487,0.22329380687369246,0.63891837786589,0.3333333333333333,0.3333333333333333,0.0005119851676671505
B_group,3566,AMD,5d_8pct,18,18,0.5,0.5291609488112424,0.25462142975720364,0.7024095744112631,0.34567901234567905,0.34567901234567905,0.029160948811242426
B_group,3566,ANET,1d_3pct,18,18,0.3888888955116272,0.4146855316534626,0.24912581494365213,0.6917817766636687,0.40259740259740256,0.40259740259740256,0.025796636141835416
B_group,3566,ANET,1d_5pct,18,18,0.0,0.24326951462192126,0.059207139856993725,0.2787719496411575,,,0.24326951462192126
B_group,3566,ANET,1d_8pct,18,18,0.0,0.07505584826092956,0.005745316680573036,0.07808804617999907,,,0.07505584826092956
B_group,3566,ANET,3d_3pct,18,18,0.5555555820465088,0.6885695087016424,0.264606291978463,0.7257790529068796,0.5,0.5,0.13301392665513356
B_group,3566,ANET,3d_5pct,18,18,0.2777777910232544,0.5525937310711746,0.2787322485942113,0.7508911474865896,0.3615384615384615,0.3615384615384615,0.2748159400479202
B_group,3566,ANET,3d_8pct,18,18,0.1666666716337204,0.3496953320503607,0.16933519304452305,0.5251006780161683,0.4777777777777778,0.4777777777777778,0.1830286604166403
B_group,3566,ANET,5d_3pct,18,18,0.6111111044883728,0.7634765903968085,0.2612149699337821,0.7265372017734594,0.4740259740259741,0.47402597402597413,0.15236548590843568
B_group,3566,ANET,5d_5pct,18,18,0.3333333432674408,0.6554912871089424,0.3265850177337538,0.8525027382255813,0.45833333333333337,0.4583333333333333,0.32215794384150165
B_group,3566,ANET,5d_8pct,18,18,0.1666666716337204,0.49869856979506344,0.24854413751498988,0.69019588689165,0.4333333333333333,0.43333333333333324,0.33203189816134304
B_group,3566,ARM,1d_3pct,18,18,0.5555555820465088,0.49394749509748576,0.26230166799814464,0.7178228102541677,0.42500000000000004,0.425,0.06160808694902303
B_group,3566,ARM,1d_5pct,18,18,0.2222222238779068,0.31782745222765285,0.1882631770957681,0.5662939353765981,0.2857142857142857,0.2857142857142857,0.09560522834974605
B_group,3566,ARM,1d_8pct,18,18,0.0555555559694767,0.1721623324606868,0.06736487581388412,0.2778517807533221,0.47058823529411764,0.47058823529411764,0.1166067764912101
B_group,3566,ARM,3d_3pct,18,18,0.7777777910232544,0.6937275276996703,0.1776545886541887,0.542040644277169,0.75,0.75,0.08405026332358412
B_group,3566,ARM,3d_5pct,18,18,0.6666666865348816,0.570501195947917,0.22300893018979956,0.638544778216311,0.8472222222222222,0.8472222222222222,0.09616549058696455
B_group,3566,ARM,3d_8pct,18,18,0.6111111044883728,0.39041192486205656,0.28939419017841644,0.7750532204986922,0.2727272727272727,0.2727272727272727,0.22069917962631624
B_group,3566,ARM,5d_3pct,18,18,0.8888888955116272,0.7649325748788495,0.11403182814909542,0.398782101556352,0.5625,0.5625,0.12395632063277773
B_group,3566,ARM,5d_5pct,18,18,0.7777777910232544,0.670703896982687,0.18345075752695694,0.5555735847489099,0.75,0.75,0.10707389404056744
B_group,3566,ARM,5d_8pct,18,18,0.6666666865348816,0.5179553331663453,0.25185273022216387,0.6968755408265817,0.22222222222222227,0.22222222222222227,0.14871135336853625
B_group,3566,AVGO,1d_3pct,18,18,0.2222222238779068,0.34441555743794194,0.19133827246649293,0.5708047918547252,0.49999999999999994,0.49999999999999994,0.12219333356003514
B_group,3566,AVGO,1d_5pct,18,18,0.0555555559694767,0.23408259079438473,0.08428734849261148,0.3322543091521143,0.6176470588235294,0.6176470588235294,0.17852703482490803
B_group,3566,AVGO,1d_8pct,18,18,0.0,0.06254794526471302,0.003958965815588276,0.06461638546434016,,,0.06254794526471302
B_group,3566,AVGO,3d_3pct,18,18,0.3888888955116272,0.6792387942334194,0.32189141136437105,0.8451430810267012,0.512987012987013,0.512987012987013,0.2903498987217922
B_group,3566,AVGO,3d_5pct,18,18,0.2222222238779068,0.5025831240096195,0.2527224702992986,0.6985958609358237,0.5,0.5,0.28036090013171266
B_group,3566,AVGO,3d_8pct,18,18,0.0,0.22303987154415397,0.04984707681244296,0.25244998653495426,,,0.22303987154415397
B_group,3566,AVGO,5d_3pct,18,18,0.5,0.7468276176117731,0.31066509340086296,0.8321412069952566,0.462962962962963,0.4629629629629631,0.24682761761177308
B_group,3566,AVGO,5d_5pct,18,18,0.2222222238779068,0.617762073755076,0.3300193303032955,0.8566384340943625,0.4464285714285714,0.44642857142857145,0.39553984987716917
B_group,3566,AVGO,5d_8pct,18,18,0.0,0.4515251659006548,0.20395501374335698,0.600747740426628,,,0.4515251659006548
B_group,3566,AXTI,1d_3pct,18,18,0.5,0.5762229088461099,0.25513231788847185,0.7035429434882686,0.5432098765432098,0.5432098765432098,0.07622290884610994
B_group,3566,AXTI,1d_5pct,18,18,0.5,0.4048659085506596,0.25649201258495236,0.7061977901091212,0.5679012345679013,0.5679012345679013,0.09513409144934037
B_group,3566,AXTI,1d_8pct,18,18,0.3333333432674408,0.30530773592165117,0.22049982817901925,0.6323161163137478,0.5902777777777778,0.5902777777777778,0.028025607345789627
B_group,3566,AXTI,3d_3pct,18,18,0.6111111044883728,0.7047045839389771,0.24641405914363482,0.6882330903262903,0.5,0.5,0.09359347945060426
B_group,3566,AXTI,3d_5pct,18,18,0.6111111044883728,0.6135290104185152,0.2373705164610166,0.6676507379394252,0.5324675324675324,0.5324675324675324,0.00241790593014235
B_group,3566,AXTI,3d_8pct,18,18,0.6111111044883728,0.49323258480402643,0.2601634129061549,0.7135004258628077,0.4350649350649351,0.43506493506493504,0.11787851968434637
B_group,3566,AXTI,5d_3pct,18,18,0.7222222089767456,0.7697925874415293,0.20288022359771551,0.5969509494122788,0.5,0.5,0.047570378464783736
B_group,3566,AXTI,5d_5pct,18,18,0.7222222089767456,0.6737426338366528,0.20296755444065148,0.5963408822391563,0.5,0.5,0.04847957514009282
B_group,3566,AXTI,5d_8pct,18,18,0.6666666865348816,0.5482099068622478,0.24913397693975264,0.6915733844288915,0.2222222222222222,0.2222222222222222,0.1184567796726338
B_group,3566,CIEN,1d_3pct,18,18,0.3888888955116272,0.5192102077286396,0.24843172121146834,0.6899204585604224,0.6103896103896104,0.6103896103896104,0.13032131221701238
B_group,3566,CIEN,1d_5pct,18,18,0.2222222238779068,0.35640155167521953,0.18334653362981307,0.5553961771389173,0.6964285714285714,0.6964285714285714,0.13417932779731273
B_group,3566,CIEN,1d_8pct,18,18,0.0555555559694767,0.17829105099072878,0.07461817182729705,0.3077153960886784,0.0,0.0,0.12273549502125208
B_group,3566,CIEN,3d_3pct,18,18,0.6666666865348816,0.7035848443736046,0.22210629543900826,0.6362039363362485,0.6666666666666667,0.6666666666666667,0.03691815783872299
B_group,3566,CIEN,3d_5pct,18,18,0.5,0.6052637219450231,0.25028785068827325,0.6934046806628028,0.8641975308641976,0.8641975308641975,0.10526372194502309
B_group,3566,CIEN,3d_8pct,18,18,0.3888888955116272,0.4043272233766346,0.2300629426543011,0.652749256556999,0.6493506493506493,0.6493506493506493,0.015438327865007428
B_group,3566,CIEN,5d_3pct,18,18,0.7222222089767456,0.7693842307293267,0.202253330274825,0.5951938913078749,0.7,0.7,0.04716202175258111
B_group,3566,CIEN,5d_5pct,18,18,0.6111111044883728,0.6734663850317468,0.24120616107299103,0.6760740662608087,0.5714285714285714,0.5714285714285714,0.062355280543374025
B_group,3566,CIEN,5d_8pct,18,18,0.4444444477558136,0.5170067262712402,0.24902701592469262,0.6911106997571765,0.48749999999999993,0.48749999999999993,0.07256227851542663
B_group,3566,COHR,1d_3pct,18,18,0.4444444477558136,0.5362383289635295,0.26730309394660756,0.7279641460104234,0.3125,0.3125,0.09179388120771592
B_group,3566,COHR,1d_5pct,18,18,0.3888888955116272,0.36568085865286654,0.2385937618686254,0.6703442840524598,0.5324675324675324,0.5324675324675324,0.02320803685876066
B_group,3566,COHR,1d_8pct,18,18,0.1111111119389534,0.23260044452139217,0.1281564287840915,0.4394231884199689,0.0,0.0,0.12148933258243877
B_group,3566,COHR,3d_3pct,18,18,0.6666666865348816,0.7017920582361231,0.22543350436571785,0.6440889800811078,0.3333333333333333,0.3333333333333333,0.035125371701241526
B_group,3566,COHR,3d_5pct,18,18,0.5555555820465088,0.6040551241943702,0.24930391106828656,0.6918388094743269,0.5625,0.5625,0.04849954214786145
B_group,3566,COHR,3d_8pct,18,18,0.4444444477558136,0.42977003780948453,0.2583281359856946,0.7106459380612371,0.3875,0.3875,0.01467440994632907
B_group,3566,COHR,5d_3pct,18,18,0.7222222089767456,0.7687915372356474,0.20334609014066762,0.5982555758116956,0.34615384615384615,0.34615384615384615,0.04656932825890181
B_group,3566,COHR,5d_5pct,18,18,0.6666666865348816,0.6729138874219349,0.22281718170229878,0.6378622661216593,0.375,0.375,0.006247200887053328
B_group,3566,COHR,5d_8pct,18,18,0.5555555820465088,0.5329161693646666,0.2579735964678338,0.7092069209882436,0.21875,0.21875,0.02263941268184222
B_group,3566,CRDO,1d_3pct,18,18,0.3333333432674408,0.547671211326327,0.2751526026612154,0.7439447633689175,0.375,0.375,0.21433786805888622
B_group,3566,CRDO,1d_5pct,18,18,0.2222222238779068,0.38450260166291994,0.19736883808524794,0.5858008582922146,0.5892857142857143,0.5892857142857143,0.16228037778501314
B_group,3566,CRDO,1d_8pct,18,18,0.0555555559694767,0.23460347117833877,0.08491369183022819,0.33249654739645546,0.5294117647058824,0.5294117647058824,0.17904791520886207
B_group,3566,CRDO,3d_3pct,18,18,0.5555555820465088,0.7047045839389771,0.2691590129146323,0.736555446964159,0.5,0.5,0.14914900189246827
B_group,3566,CRDO,3d_5pct,18,18,0.4444444477558136,0.6111015415913597,0.2761799156717732,0.7467025573464264,0.375,0.375,0.16665709383554606
B_group,3566,CRDO,3d_8pct,18,18,0.3333333432674408,0.43394050362702014,0.22959108530177583,0.652243796908419,0.42361111111111116,0.42361111111111116,0.10060716035957934
B_group,3566,CRDO,5d_3pct,18,18,0.6666666865348816,0.7697925874415293,0.23285717775788545,0.6640143058188834,0.5,0.5,0.10312590090664775
B_group,3566,CRDO,5d_5pct,18,18,0.5,0.6737426338366528,0.28018650281249724,0.757487916110696,0.5,0.5,0.17374263383665278
B_group,3566,CRDO,5d_8pct,18,18,0.3333333432674408,0.5424339270397612,0.2696126505871048,0.73261386880519,0.375,0.375,0.20910058377232044
B_group,3566,CSCO,1d_3pct,18,18,0.0,0.21332401002098325,0.04553126214390757,0.23995840284353875,,,0.21332401002098325
B_group,3566,CSCO,1d_5pct,18,18,0.0,0.1818501411906992,0.03317738782943697,0.20079220776582163,,,0.1818501411906992
B_group,3566,CSCO,1d_8pct,18,18,0.0,0.05884794759520879,0.0034674707590022827,0.0606530531874498,,,0.05884794759520879
B_group,3566,CSCO,3d_3pct,18,18,0.0,0.6661625802981183,0.44377258548445675,1.0971011812759843,,,0.6661625802981183
B_group,3566,CSCO,3d_5pct,18,18,0.0,0.4691115868381789,0.22027995668578457,0.6336007031317752,,,0.4691115868381789
B_group,3566,CSCO,3d_8pct,18,18,0.0,0.18341369089698506,0.03368111599610479,0.20265340861643208,,,0.18341369089698506
B_group,3566,CSCO,5d_3pct,18,18,0.0,0.7366966960473172,0.5427220219670332,1.3344486643144586,,,0.7366966960473172
B_group,3566,CSCO,5d_5pct,18,18,0.0,0.5758768776394747,0.33163417819979046,0.8577314829773737,,,0.5758768776394747
B_group,3566,CSCO,5d_8pct,18,18,0.0,0.41032034516935784,0.16836278565990098,0.528175847451563,,,0.41032034516935784
B_group,3566,FN,1d_3pct,18,18,0.3333333432674408,0.48124079808660614,0.26205769256159306,0.7173857532116454,0.3611111111111111,0.3611111111111111,0.14790745481916534
B_group,3566,FN,1d_5pct,18,18,0.1111111119389534,0.32362682871837745,0.14246951921951737,0.4681052355873129,0.6875,0.6875,0.21251571677942405
B_group,3566,FN,1d_8pct,18,18,0.0,0.14665824978658068,0.02237490762710365,0.15920055685071122,,,0.14665824978658068
B_group,3566,FN,3d_3pct,18,18,0.5555555820465088,0.6939478671140873,0.2667214610030133,0.7307853013170309,0.4625,0.4625,0.1383922850675785
B_group,3566,FN,3d_5pct,18,18,0.4444444477558136,0.5822997988242133,0.26114011751805927,0.71564954881903,0.625,0.625,0.13785535106839975
B_group,3566,FN,3d_8pct,18,18,0.1111111119389534,0.3773148624386258,0.17646260051926096,0.5435213700312136,0.109375,0.109375,0.2662037504996724
B_group,3566,FN,5d_3pct,18,18,0.6666666865348816,0.7613252172273188,0.23118897145109626,0.6593704452053141,0.5,0.5,0.09465853069243724
B_group,3566,FN,5d_5pct,18,18,0.5,0.6704276481777808,0.2790510778283687,0.7549151694552269,0.5,0.5,0.17042764817778078
B_group,3566,FN,5d_8pct,18,18,0.1111111119389534,0.47402156868944456,0.23662117006620362,0.6663677787091219,0.0625,0.0625,0.36291045675049116
B_group,3566,INTC,1d_3pct,18,18,0.3888888955116272,0.47304949466388924,0.2526289621991568,0.6983916325490033,0.44155844155844154,0.44155844155844154,0.08416059915226204
B_group,3566,INTC,1d_5pct,18,18,0.2777777910232544,0.30001451549335456,0.19879635974599486,0.5862853162499141,0.6384615384615384,0.6384615384615384,0.022236724470100167
B_group,3566,INTC,1d_8pct,18,18,0.1111111119389534,0.1508904615518252,0.10562729744840399,0.3744571126292541,0.3125,0.3125,0.0397793496128718
B_group,3566,INTC,3d_3pct,18,18,0.6666666865348816,0.6896943825710813,0.2220131451805224,0.635997747345847,0.5833333333333334,0.5833333333333334,0.023027696036199696
B_group,3566,INTC,3d_5pct,18,18,0.6111111044883728,0.5727330660645671,0.2406580810429127,0.6743899636474701,0.4285714285714286,0.42857142857142855,0.038378038423805716
B_group,3566,INTC,3d_8pct,18,18,0.4444444477558136,0.39112098208749324,0.23872478397718488,0.6705631950667975,0.5625000000000001,0.5625000000000001,0.05332346566832036
B_group,3566,INTC,5d_3pct,18,18,0.8333333134651184,0.7646426827798929,0.1435464264293513,0.46456042267803643,0.5333333333333333,0.5333333333333333,0.06869063068522552
B_group,3566,INTC,5d_5pct,18,18,0.7777777910232544,0.6690464041532509,0.18454053786432867,0.5580428355781459,0.5357142857142857,0.5357142857142857,0.1087313868700035
B_group,3566,INTC,5d_8pct,18,18,0.6666666865348816,0.522099261562334,0.25251740332295075,0.6982126629624347,0.22916666666666669,0.22916666666666666,0.1445674249725476
B_group,3566,LITE,1d_3pct,18,18,0.5,0.5388227659694652,0.24827129655787233,0.6896355307769072,0.6049382716049383,0.6049382716049383,0.03882276596946521
B_group,3566,LITE,1d_5pct,18,18,0.2777777910232544,0.35930557886349734,0.20235454108496842,0.5952024044915615,0.6461538461538462,0.6461538461538462,0.08152778784024295
B_group,3566,LITE,1d_8pct,18,18,0.0555555559694767,0.23178817100111987,0.08775162426516576,0.34048058403468334,0.2941176470588235,0.2941176470588235,0.17623261503164317
B_group,3566,LITE,3d_3pct,18,18,0.6666666865348816,0.703592105899523,0.22433413760361592,0.6414975039933812,0.375,0.375,0.03692541936464144
B_group,3566,LITE,3d_5pct,18,18,0.5555555820465088,0.6072521330951293,0.25184593962232116,0.6972115969494191,0.40625,0.40625,0.051696551048620476
B_group,3566,LITE,3d_8pct,18,18,0.5,0.4229801555772961,0.26112935280229255,0.7159883874158847,0.4320987654320988,0.43209876543209874,0.07701984442270388
B_group,3566,LITE,5d_3pct,18,18,0.7777777910232544,0.7689035472010105,0.1733173390997016,0.531046521839793,0.39285714285714285,0.39285714285714285,0.008874243822243888
B_group,3566,LITE,5d_5pct,18,18,0.6666666865348816,0.6731901362268409,0.22263555164607018,0.6374507243167866,0.4166666666666667,0.4166666666666667,0.006523449691959282
B_group,3566,LITE,5d_8pct,18,18,0.6111111044883728,0.5392818101882819,0.24828749579046244,0.6896778224766913,0.35064935064935066,0.35064935064935066,0.07182929430009088
B_group,3566,MRVL,1d_3pct,18,18,0.4444444477558136,0.5115065450461637,0.2691376648165929,0.7315785764237738,0.22499999999999998,0.225,0.06706209729035006
B_group,3566,MRVL,1d_5pct,18,18,0.3333333432674408,0.34694988696157436,0.23503874478539943,0.6651031286710756,0.3402777777777778,0.3402777777777778,0.013616543694133565
B_group,3566,MRVL,1d_8pct,18,18,0.1111111119389534,0.20675832593097176,0.10567381497244734,0.37373399914192185,0.59375,0.59375,0.09564721399201837
B_group,3566,MRVL,3d_3pct,18,18,0.7222222089767456,0.7011292802721469,0.20129706344033826,0.592462439006808,0.5,0.5,0.021092928704598668
B_group,3566,MRVL,3d_5pct,18,18,0.6111111044883728,0.5993967879637991,0.2369293271165111,0.666773231672472,0.5844155844155845,0.5844155844155845,0.011714316524573665
B_group,3566,MRVL,3d_8pct,18,18,0.4444444477558136,0.4189199159467789,0.24889839994083587,0.6914498671430251,0.38749999999999996,0.38749999999999996,0.02552453180903469
B_group,3566,MRVL,5d_3pct,18,18,0.8333333134651184,0.7677904870297656,0.14326535486960065,0.46377456443801296,0.45555555555555555,0.45555555555555555,0.06554282643535281
B_group,3566,MRVL,5d_5pct,18,18,0.7222222089767456,0.6726376386170289,0.202589079445942,0.5954833000206666,0.6230769230769231,0.6230769230769231,0.04958457035971675
B_group,3566,MRVL,5d_8pct,18,18,0.5555555820465088,0.5320456704657582,0.25213889189782646,0.6975850059650519,0.4375,0.4375,0.023509911580750553
B_group,3566,MU,1d_3pct,18,18,0.2777777910232544,0.4862868715899936,0.2423183892217997,0.6778051211662156,0.6,0.6,0.20850908056673922
B_group,3566,MU,1d_5pct,18,18,0.1111111119389534,0.29821642539987336,0.13910608784628223,0.46111272054392355,0.234375,0.234375,0.18710531346091996
B_group,3566,MU,1d_8pct,18,18,0.0,0.14800442984355894,0.023399277378406233,0.1612213148708619,,,0.14800442984355894
B_group,3566,MU,3d_3pct,18,18,0.7222222089767456,0.6939530014181537,0.19982055050044611,0.5889748417659563,0.6538461538461539,0.6538461538461539,0.028269207558591858
B_group,3566,MU,3d_5pct,18,18,0.3888888955116272,0.5876564501772573,0.28034257921118705,0.7547775778770439,0.40259740259740256,0.40259740259740256,0.19876755466563012
B_group,3566,MU,3d_8pct,18,18,0.2222222238779068,0.3820261681229186,0.20552892105318643,0.6033662012363529,0.04464285714285715,0.04464285714285715,0.15980394424501182
B_group,3566,MU,5d_3pct,18,18,0.7222222089767456,0.7660124065487279,0.2020453021024887,0.5946122197186041,0.6230769230769231,0.6230769230769231,0.043790197571982326
B_group,3566,MU,5d_5pct,18,18,0.6111111044883728,0.6704276481777808,0.24099410125225784,0.6755935272384472,0.538961038961039,0.538961038961039,0.059316543689407975
B_group,3566,MU,5d_8pct,18,18,0.4444444477558136,0.5321509638060165,0.25557621503493594,0.7043178897890745,0.48124999999999996,0.48125,0.08770651605020285
B_group,3566,NVDA,1d_3pct,18,18,0.1666666716337204,0.23338047404283271,0.14790282542933472,0.47670634688946134,0.21111111111111108,0.21111111111111108,0.06671380240911232
B_group,3566,NVDA,1d_5pct,18,18,0.0555555559694767,0.1880013376560913,0.07002861925606434,0.288708784384673,0.676470588235294,0.676470588235294,0.1324457816866146
B_group,3566,NVDA,1d_8pct,18,18,0.0,0.06277588317850506,0.00399910612671545,0.06486636598689778,,,0.06277588317850506
B_group,3566,NVDA,3d_3pct,18,18,0.6111111044883728,0.6661625802981183,0.2406724008833658,0.6748686469514014,0.5909090909090909,0.5909090909090909,0.055051475809745454
B_group,3566,NVDA,3d_5pct,18,18,0.2222222238779068,0.46218812642376483,0.22442591514910815,0.6418248806772222,0.8303571428571428,0.8303571428571429,0.23996590254585803
B_group,3566,NVDA,3d_8pct,18,18,0.1666666716337204,0.1869548394390883,0.14015610732404363,0.45471381922895865,0.3222222222222222,0.3222222222222222,0.020288167805367907
B_group,3566,NVDA,5d_3pct,18,18,0.6666666865348816,0.7408914852996427,0.22776948405256092,0.6502026468720443,0.4861111111111111,0.4861111111111111,0.07422479876476107
B_group,3566,NVDA,5d_5pct,18,18,0.4444444477558136,0.6141065415440795,0.27575737926385496,0.7458256467171116,0.4625,0.4625,0.1696620937882659
B_group,3566,NVDA,5d_8pct,18,18,0.2222222238779068,0.41032034516935784,0.20822041002907524,0.6087627912804506,0.5,0.5,0.18809812129145104
B_group,3566,QCOM,1d_3pct,18,18,0.2777777910232544,0.40295629381659537,0.2209327201094405,0.6344654977089302,0.39999999999999997,0.39999999999999997,0.12517850279334097
B_group,3566,QCOM,1d_5pct,18,18,0.1111111119389534,0.2545662209199842,0.1211413481156954,0.4174286746567941,0.4375,0.4375,0.1434551089810308
B_group,3566,QCOM,1d_8pct,18,18,0.0555555559694767,0.0768611638779469,0.054349075338728875,0.22819350469764402,0.17647058823529416,0.17647058823529416,0.021305607908470206
B_group,3566,QCOM,3d_3pct,18,18,0.8333333134651184,0.6899249905936313,0.16081951020402319,0.5076668735096824,0.2,0.2,0.14340832287148708
B_group,3566,QCOM,3d_5pct,18,18,0.5,0.5406408354193304,0.249996139679894,0.6931516175283159,0.5802469135802469,0.5802469135802469,0.04064083541933039
B_group,3566,QCOM,3d_8pct,18,18,0.1111111119389534,0.346846567447069,0.15275207926276713,0.4919890015045575,0.5,0.5,0.2357354555081156
B_group,3566,QCOM,5d_3pct,18,18,1.0,0.7634462263713616,0.05596280974864649,0.26991699670856106,,,0.2365537736286384
B_group,3566,QCOM,5d_5pct,18,18,0.7777777910232544,0.6518608936570275,0.1884354460643746,0.5667249001693505,0.5357142857142857,0.5357142857142857,0.1259168973662269
B_group,3566,QCOM,5d_8pct,18,18,0.3333333432674408,0.4995795460106041,0.24773451517826958,0.6886121018589105,0.6111111111111112,0.6111111111111112,0.16624620274316332
B_group,3566,SNDK,1d_3pct,18,18,0.4444444477558136,0.5297672706162734,0.25910264474413314,0.711471902073368,0.46249999999999997,0.4625,0.08532282286045978
B_group,3566,SNDK,1d_5pct,18,18,0.2777777910232544,0.3612262701481519,0.21520284737401055,0.6235487033220379,0.43076923076923074,0.43076923076923074,0.0834484791248975
B_group,3566,SNDK,1d_8pct,18,18,0.0555555559694767,0.21294734474643742,0.08307752617602245,0.3242079881965378,0.4117647058823529,0.4117647058823529,0.15739178877696072
B_group,3566,SNDK,3d_3pct,18,18,0.7777777910232544,0.7033636250988251,0.17898917669454756,0.5451872844977264,0.42857142857142855,0.42857142857142855,0.07441416592442929
B_group,3566,SNDK,3d_5pct,18,18,0.6111111044883728,0.6039371057703014,0.2387725740867342,0.6705359517154376,0.4740259740259741,0.47402597402597413,0.00717399871807145
B_group,3566,SNDK,3d_8pct,18,18,0.2777777910232544,0.41025927421007546,0.23156971668584486,0.6563245590302327,0.2923076923076923,0.2923076923076923,0.13248148318682107
B_group,3566,SNDK,5d_3pct,18,18,0.8333333134651184,0.7691998939478502,0.14320236171881298,0.46359685582181537,0.43333333333333335,0.43333333333333335,0.06413341951726825
B_group,3566,SNDK,5d_5pct,18,18,0.7777777910232544,0.6731901362268408,0.18402607746014732,0.5568772073810168,0.42857142857142855,0.42857142857142855,0.10458765479641363
B_group,3566,SNDK,5d_8pct,18,18,0.5555555820465088,0.5242131501661844,0.2448156564010555,0.68272702645431,0.5437500000000001,0.5437500000000001,0.03134243188032437
B_group,3566,STX,1d_3pct,18,18,0.4444444477558136,0.5075582108873238,0.2607587527800847,0.7147381455002494,0.42500000000000004,0.425,0.06311376313151018
B_group,3566,STX,1d_5pct,18,18,0.1666666716337204,0.3324473575578634,0.17192538624160733,0.5315911916660081,0.3666666666666667,0.36666666666666664,0.16578068592414302
B_group,3566,STX,1d_8pct,18,18,0.0,0.1918947656285109,0.03857191696582934,0.2144189174800176,,,0.1918947656285109
B_group,3566,STX,3d_3pct,18,18,0.6111111044883728,0.6961997420748172,0.24439217567533575,0.6834614821465278,0.5454545454545454,0.5454545454545454,0.08508863758644436
B_group,3566,STX,3d_5pct,18,18,0.4444444477558136,0.5887448831457321,0.27080753416779674,0.7355312479365643,0.4375,0.4375,0.14430043538991855
B_group,3566,STX,3d_8pct,18,18,0.3888888955116272,0.3962417320349217,0.24637152507446636,0.6865444025103856,0.3766233766233766,0.3766233766233766,0.0073528365232944926
B_group,3566,STX,5d_3pct,18,18,0.7222222089767456,0.7665327732262937,0.20262039854458308,0.5962235802577099,0.4923076923076923,0.4923076923076923,0.044310564249548046
B_group,3566,STX,5d_5pct,18,18,0.6111111044883728,0.6707038969826868,0.24136496880584118,0.6764338601525648,0.4675324675324676,0.4675324675324675,0.05959279249431404
B_group,3566,STX,5d_8pct,18,18,0.5555555820465088,0.5343308544576921,0.2530134123509534,0.6991028305064585,0.4375,0.4375,0.02122472758881666
B_group,3566,WDC,1d_3pct,18,18,0.4444444477558136,0.5093198569903589,0.2422484633788362,0.6775725980313809,0.65,0.65,0.06487540923454527
B_group,3566,WDC,1d_5pct,18,18,0.1111111119389534,0.3301396028750163,0.14432107715192513,0.4728480112323119,0.71875,0.71875,0.21902849093606291
B_group,3566,WDC,1d_8pct,18,18,0.0,0.20496012129677765,0.043496537815964006,0.23056246724515106,,,0.20496012129677765
B_group,3566,WDC,3d_3pct,18,18,0.6666666865348816,0.6952960874801577,0.2222027237684578,0.6364438007448239,0.5694444444444444,0.5694444444444444,0.028629400945276107
B_group,3566,WDC,3d_5pct,18,18,0.4444444477558136,0.589449812142806,0.2716548047044401,0.7372979662019197,0.4375,0.4375,0.1450053643869924
B_group,3566,WDC,3d_8pct,18,18,0.3333333432674408,0.39436307778722357,0.2324147149606032,0.6580936972912229,0.3472222222222222,0.3472222222222222,0.061029734519782775
B_group,3566,WDC,5d_3pct,18,18,0.7777777910232544,0.7665327732262937,0.1726434443844132,0.5291602238511053,0.5892857142857143,0.5892857142857143,0.011245017796960743
B_group,3566,WDC,5d_5pct,18,18,0.6111111044883728,0.6707038969826868,0.24136496880584118,0.6764338601525648,0.4675324675324676,0.4675324675324675,0.05959279249431404
B_group,3566,WDC,5d_8pct,18,18,0.5,0.5329520531536834,0.2571953718462189,0.7076344784946557,0.28395061728395066,0.28395061728395066,0.032952053153683436
B_group,7566,chips,1d_3pct,144,18,0.3541666567325592,0.4300879476885854,0.23421031279634144,0.6594201626661267,0.5436432637571157,0.35816876122082586,0.07592129095602618
B_group,7566,chips,1d_5pct,144,18,0.1666666716337204,0.2871142375015555,0.1504579403606182,0.4794574818671698,0.6383680555555555,0.44728915662650603,0.12044756586783512
B_group,7566,chips,1d_8pct,144,18,0.0694444477558136,0.13341455344725,0.06814824273160047,0.2619471483029302,0.6649253731343283,0.4,0.06397010569143641
B_group,7566,chips,3d_3pct,144,18,0.6388888955116272,0.6889198577714007,0.23240014430198366,0.6578859417114715,0.5539297658862876,0.5117753623188406,0.05003096225977355
B_group,7566,chips,3d_5pct,144,18,0.4791666567325592,0.5534286592412712,0.24344261480552465,0.6799911218513718,0.6503381642512077,0.5474956822107081,0.07426200250871196
B_group,7566,chips,3d_8pct,144,18,0.3402777910232544,0.3443715351088057,0.20590831283576325,0.5974482656199629,0.6267454350161117,0.37154989384288745,0.0040937440855512985
B_group,7566,chips,5d_3pct,144,18,0.7708333134651184,0.7602736642396939,0.17509980509894071,0.5340889256876035,0.592001092001092,0.48148148148148145,0.010559649225424517
B_group,7566,chips,5d_5pct,144,18,0.6319444179534912,0.6545607820798174,0.22634023612356444,0.644332225438903,0.6592369894256688,0.5038986354775828,0.02261636412632617
B_group,7566,chips,5d_8pct,144,18,0.4513888955116272,0.4995250674540124,0.2383786482232478,0.6697647874103213,0.6499513145082766,0.4178217821782178,0.048136171942385175
B_group,7566,optics,1d_3pct,216,18,0.35648149251937866,0.48135187523027684,0.2384717799338935,0.6661593387534731,0.5470896010464356,0.416969696969697,0.12487038271089818
B_group,7566,optics,1d_5pct,216,18,0.21296297013759613,0.3293531976576418,0.16937406739513336,0.5201217254100551,0.6946291560102302,0.5316901408450704,0.11639022752004569
B_group,7566,optics,1d_8pct,216,18,0.07870370149612427,0.18468666929549948,0.08163488172226284,0.30183447060580815,0.7035175879396984,0.43172690763052207,0.10598296779937522
B_group,7566,optics,3d_3pct,216,18,0.5462962985038757,0.6962535490622577,0.2668663853826236,0.7304343460190137,0.6121151850570736,0.47716346153846156,0.14995725055838194
B_group,7566,optics,3d_5pct,216,18,0.43981480598449707,0.5802232855315379,0.25229968309943,0.697913878536724,0.6766855154414962,0.5448028673835126,0.14040847954704083
B_group,7566,optics,3d_8pct,216,18,0.32407405972480774,0.38344142978947393,0.20483327503268126,0.5941531652790117,0.6468199608610566,0.39655172413793105,0.05936737006466619
B_group,7566,optics,5d_3pct,216,18,0.6342592835426331,0.7634811316459504,0.24497700169085074,0.6886226001142446,0.6470017555206504,0.47959183673469385,0.12922184810331738
B_group,7566,optics,5d_5pct,216,18,0.5231481194496155,0.6588486643096353,0.25704995653044516,0.7080471120705121,0.6799123636051208,0.48280254777070064,0.1357005448600198
B_group,7566,optics,5d_8pct,216,18,0.3888888955116272,0.5107603920638757,0.23931899698480244,0.6716471822025288,0.6760912698412699,0.3746376811594203,0.12187149655224849
B_group,7566,storage,1d_3pct,72,18,0.4027777910232544,0.5082330525209874,0.25110706253121345,0.6953969416928035,0.5348837209302326,0.5311475409836065,0.10545526149773299
B_group,7566,storage,1d_5pct,72,18,0.1666666716337204,0.3305074139952262,0.16763884965345632,0.5222751566910703,0.4979166666666667,0.43103448275862066,0.1638407423615058
B_group,7566,storage,1d_8pct,72,18,0.013888888992369175,0.18945166537882127,0.04713631458405551,0.23260267194814205,0.49295774647887325,0.4117647058823529,0.1755627763864521
B_group,7566,storage,3d_3pct,72,18,0.6944444179534912,0.6972031140179885,0.2113511566596968,0.6135168522887586,0.5727272727272728,0.5537037037037037,0.0027586960644973013
B_group,7566,storage,3d_5pct,72,18,0.4722222089767456,0.5924470628090241,0.2653943730425395,0.7245356859327412,0.4651702786377709,0.43789808917197454,0.12022485383227854
B_group,7566,storage,3d_8pct,72,18,0.3055555522441864,0.39572256303878484,0.22897121944352516,0.6510822150170485,0.3240909090909091,0.2796296296296296,0.09016701079459843
B_group,7566,storage,5d_3pct,72,18,0.7638888955116272,0.7670694617372912,0.1801278766875745,0.5458982199123088,0.56951871657754,0.5411255411255411,0.0031805662256639833
B_group,7566,storage,5d_5pct,72,18,0.6527777910232544,0.671256394592499,0.22693752908102194,0.6463346137311482,0.5153191489361701,0.47909407665505227,0.018478603569244578
B_group,7566,storage,5d_8pct,72,18,0.5138888955116272,0.5309117553958941,0.2526501639082909,0.6984455563111247,0.42509652509652507,0.43613707165109034,0.017022859884266883
B_group,7566,optics_direct,1d_3pct,108,18,0.4166666567325592,0.5342123286210877,0.25927256266299686,0.7118064794639495,0.5015873015873016,0.4773218142548596,0.11754567188852849
B_group,7566,optics_direct,1d_5pct,108,18,0.28703704476356506,0.3653521414711059,0.20341082188382648,0.596794212984459,0.6656891495601173,0.5980926430517711,0.07831509670754083
B_group,7566,optics_direct,1d_8pct,108,18,0.10185185074806213,0.2259200836824639,0.10459645011590772,0.3725711159680866,0.6522961574507966,0.3903225806451613,0.12406823293440178
B_group,7566,optics_direct,3d_3pct,108,18,0.6296296119689941,0.7020543405835488,0.23857058611643753,0.6715069837300583,0.486764705882353,0.47333333333333333,0.07242472861455462
B_group,7566,optics_direct,3d_5pct,108,18,0.5277777910232544,0.6038747135786776,0.25151022826367536,0.6962457401263329,0.6246990024079808,0.6106471816283925,0.07609692255542322
B_group,7566,optics_direct,3d_8pct,108,18,0.39814814925193787,0.42866877943474013,0.23995368003580583,0.6728334339048779,0.5425760286225402,0.4081145584725537,0.030520630182802266
B_group,7566,optics_direct,5d_3pct,108,18,0.7129629850387573,0.7679982845460602,0.20764052205364864,0.60747194823264,0.5050272308336825,0.49240506329113926,0.055035299507302904
B_group,7566,optics_direct,5d_5pct,108,18,0.6388888955116272,0.6729138874219349,0.23182496970399885,0.656545124850113,0.5100334448160535,0.4783599088838269,0.03402499191030772
B_group,7566,optics_direct,5d_8pct,108,18,0.49074074625968933,0.526764459641685,0.24887094879655242,0.6909224925565015,0.5408233276157806,0.3171021377672209,0.036023713381995615
B_group,7566,optics_connectivity_chips,1d_3pct,72,18,0.3472222089767456,0.4857347473405874,0.2528422265352953,0.6978332521876932,0.43659574468085105,0.32280701754385965,0.1385125383638418
B_group,7566,optics_connectivity_chips,1d_5pct,72,18,0.2083333283662796,0.3337514668131114,0.17990983743805275,0.5452828174017317,0.5374269005847954,0.41044776119402987,0.1254181384468318
B_group,7566,optics_connectivity_chips,1d_8pct,72,18,0.0833333358168602,0.18170393339876795,0.08570677313303311,0.3119614630234324,0.6237373737373737,0.5,0.09837059758190775
B_group,7566,optics_connectivity_chips,3d_3pct,72,18,0.5555555820465088,0.6969961140615095,0.2656485576074847,0.7283225039162379,0.5453125,0.4768211920529801,0.14144053201500073
B_group,7566,optics_connectivity_chips,3d_5pct,72,18,0.4583333432674408,0.5794314567492589,0.25488065558277806,0.7032500627660815,0.567987567987568,0.4778156996587031,0.12109811348181809
B_group,7566,optics_connectivity_chips,3d_8pct,72,18,0.3333333432674408,0.37404386447947524,0.20381522778417807,0.5912708233215683,0.6137152777777778,0.3599137931034483,0.040710521212034445
B_group,7566,optics_connectivity_chips,5d_3pct,72,18,0.6805555820465088,0.7634026465077295,0.22248597401687548,0.6394134114717944,0.5638864241348713,0.4619771863117871,0.0828470644612207
B_group,7566,optics_connectivity_chips,5d_5pct,72,18,0.5277777910232544,0.6593331206088996,0.25885761605195123,0.711765093635628,0.6462848297213621,0.49635036496350365,0.1315553295856452
B_group,7566,optics_connectivity_chips,5d_8pct,72,18,0.3888888955116272,0.5148797579879941,0.24042383696585595,0.6739648741870302,0.6834415584415585,0.47098214285714285,0.12599086247636693
B_group,7566,optics_switching,1d_3pct,36,18,0.1944444477558136,0.31400477083722295,0.14732853854377984,0.46587008975360367,0.7733990147783251,0.40259740259740256,0.11956032308140935
B_group,7566,optics_switching,1d_5pct,36,18,0.0,0.21255982790631023,0.04619226384321535,0.23978207870348958,,,0.21255982790631023
B_group,7566,optics_switching,1d_8pct,36,18,0.0,0.06695189792806919,0.004606393719787659,0.06937054968372443,,,0.06695189792806919
B_group,7566,optics_switching,3d_3pct,36,18,0.2777777910232544,0.6773660444998802,0.3541894387314598,0.9114401170914321,0.8461538461538463,0.5,0.39958825347662585
B_group,7566,optics_switching,3d_5pct,36,18,0.1388888955116272,0.5108526589546767,0.24950610263999787,0.6922459253091825,0.7322580645161291,0.3615384615384615,0.3719637634430495
B_group,7566,optics_switching,3d_8pct,36,18,0.0833333358168602,0.2665545114736728,0.10150815452031392,0.3638770433163003,0.7626262626262627,0.4777777777777778,0.18322117565681262
B_group,7566,optics_switching,5d_3pct,36,18,0.3055555522441864,0.7500866432220629,0.40196849595040773,1.030492933043959,0.8527272727272728,0.47402597402597413,0.44453109097787646
B_group,7566,optics_switching,5d_5pct,36,18,0.1666666716337204,0.6156840823742082,0.32910959796677214,0.8551171106014777,0.7833333333333333,0.4583333333333333,0.44901741074048784
B_group,7566,optics_switching,5d_8pct,36,18,0.0833333358168602,0.4545094574822108,0.20845346158744543,0.6091858671716067,0.7424242424242423,0.43333333333333324,0.3711761216653506
B_group,7566,AAOI,1d_3pct,18,18,0.3333333432674408,0.5535389621321765,0.2744392538119682,0.7423900447360292,0.4166666666666667,0.4166666666666667,0.22020561886473566
B_group,7566,AAOI,1d_5pct,18,18,0.2222222238779068,0.3822321223660154,0.19720856291508235,0.5855193865273822,0.5267857142857143,0.5267857142857143,0.1600098984881086
B_group,7566,AAOI,1d_8pct,18,18,0.0555555559694767,0.260874849873311,0.09417774001276907,0.35629085410073014,0.7647058823529411,0.7647058823529411,0.2053192939038343
B_group,7566,AAOI,3d_3pct,18,18,0.6111111044883728,0.7047045839389771,0.24641405914363487,0.6882330903262903,0.5,0.5,0.09359347945060426
B_group,7566,AAOI,3d_5pct,18,18,0.5,0.6108484929948145,0.2591130342240948,0.7117190669129931,0.6666666666666666,0.6666666666666666,0.11084849299481447
B_group,7566,AAOI,3d_8pct,18,18,0.3333333432674408,0.4443878126023732,0.2535756353471309,0.7005952255011252,0.25,0.25,0.1110544693349324
B_group,7566,AAOI,5d_3pct,18,18,0.6666666865348816,0.7697925874415293,0.2328571777578855,0.6640143058188833,0.5,0.5,0.10312590090664775
B_group,7566,AAOI,5d_5pct,18,18,0.6666666865348816,0.6737426338366528,0.22227229153361291,0.6366276407070413,0.5,0.5,0.0070759473017711905
B_group,7566,AAOI,5d_8pct,18,18,0.5555555820465088,0.5491505764742294,0.2521824375903696,0.6975983489788863,0.4,0.4,0.00640500557227941
B_group,7566,ALAB,1d_3pct,18,18,0.3888888955116272,0.5393456755519171,0.27574036619687997,0.7450048771033566,0.24675324675324675,0.24675324675324675,0.15045678004028995
B_group,7566,ALAB,1d_5pct,18,18,0.2222222238779068,0.3694707878335664,0.20294441838895225,0.5979729734915225,0.2589285714285714,0.2589285714285714,0.1472485639556596
B_group,7566,ALAB,1d_8pct,18,18,0.1666666716337204,0.2229059912210482,0.14828061991386862,0.4769989200910123,0.4222222222222223,0.4222222222222223,0.05623931958732781
B_group,7566,ALAB,3d_3pct,18,18,0.5555555820465088,0.7029117978014955,0.2702467427105971,0.7391290486672831,0.4,0.4,0.1473562157549867
B_group,7566,ALAB,3d_5pct,18,18,0.5555555820465088,0.6046443734322573,0.2536909092435294,0.7009286011096032,0.4625,0.4625,0.04908879138574851
B_group,7566,ALAB,3d_8pct,18,18,0.5555555820465088,0.4202751667999478,0.2869243490816577,0.7689396426998747,0.275,0.275,0.13528041524656098
B_group,7566,ALAB,5d_3pct,18,18,0.7222222089767456,0.76919989394785,0.20315627003915285,0.5977235686350245,0.4230769230769231,0.4230769230769231,0.04697768497110444
B_group,7566,ALAB,5d_5pct,18,18,0.6666666865348816,0.6731901362268409,0.22263555164607018,0.6374507243167866,0.4166666666666667,0.4166666666666667,0.006523449691959282
B_group,7566,ALAB,5d_8pct,18,18,0.6666666865348816,0.5335142685458019,0.23598879163513567,0.6649128815512513,0.6041666666666666,0.6041666666666666,0.13315241798907973
B_group,7566,AMD,1d_3pct,18,18,0.3888888955116272,0.44210204585185753,0.253700023154689,0.7005867685455951,0.4025974025974026,0.4025974025974026,0.05321315034023033
B_group,7566,AMD,1d_5pct,18,18,0.0555555559694767,0.2860011081258355,0.10316350700445963,0.3816127329546673,0.9411764705882353,0.9411764705882353,0.2304455521563588
B_group,7566,AMD,1d_8pct,18,18,0.0555555559694767,0.1124143240923031,0.05593218642316708,0.234859117659049,0.2941176470588235,0.2941176470588235,0.056858768122826406
B_group,7566,AMD,3d_3pct,18,18,0.5555555820465088,0.6885695087016424,0.264606291978463,0.7257790529068797,0.5,0.5,0.13301392665513356
B_group,7566,AMD,3d_5pct,18,18,0.4444444477558136,0.5747417646689136,0.2661091457231437,0.7257200410237554,0.24375000000000002,0.24375,0.13029731691309998
B_group,7566,AMD,3d_8pct,18,18,0.3888888955116272,0.3774030127438572,0.24056951610875718,0.6744273922828428,0.3311688311688312,0.3311688311688312,0.011485882767770017
B_group,7566,AMD,5d_3pct,18,18,0.7222222089767456,0.7644583459984164,0.20240117410225528,0.5956098976175397,0.5,0.5,0.04223613702167084
B_group,7566,AMD,5d_5pct,18,18,0.6666666865348816,0.6671786717025487,0.22329380687369246,0.63891837786589,0.3333333333333333,0.3333333333333333,0.0005119851676671505
B_group,7566,AMD,5d_8pct,18,18,0.5,0.5291609488112424,0.25462142975720364,0.7024095744112631,0.34567901234567905,0.34567901234567905,0.029160948811242426
B_group,7566,ANET,1d_3pct,18,18,0.3888888955116272,0.4146855316534626,0.24912581494365213,0.6917817766636687,0.40259740259740256,0.40259740259740256,0.025796636141835416
B_group,7566,ANET,1d_5pct,18,18,0.0,0.24326951462192126,0.059207139856993725,0.2787719496411575,,,0.24326951462192126
B_group,7566,ANET,1d_8pct,18,18,0.0,0.07505584826092956,0.005745316680573036,0.07808804617999907,,,0.07505584826092956
B_group,7566,ANET,3d_3pct,18,18,0.5555555820465088,0.6885695087016424,0.264606291978463,0.7257790529068796,0.5,0.5,0.13301392665513356
B_group,7566,ANET,3d_5pct,18,18,0.2777777910232544,0.5525937310711746,0.2787322485942113,0.7508911474865896,0.3615384615384615,0.3615384615384615,0.2748159400479202
B_group,7566,ANET,3d_8pct,18,18,0.1666666716337204,0.3496953320503607,0.16933519304452305,0.5251006780161683,0.4777777777777778,0.4777777777777778,0.1830286604166403
B_group,7566,ANET,5d_3pct,18,18,0.6111111044883728,0.7634765903968085,0.2612149699337821,0.7265372017734594,0.4740259740259741,0.47402597402597413,0.15236548590843568
B_group,7566,ANET,5d_5pct,18,18,0.3333333432674408,0.6554912871089424,0.3265850177337538,0.8525027382255813,0.45833333333333337,0.4583333333333333,0.32215794384150165
B_group,7566,ANET,5d_8pct,18,18,0.1666666716337204,0.49869856979506344,0.24854413751498988,0.69019588689165,0.4333333333333333,0.43333333333333324,0.33203189816134304
B_group,7566,ARM,1d_3pct,18,18,0.5555555820465088,0.49394749509748576,0.26230166799814464,0.7178228102541677,0.42500000000000004,0.425,0.06160808694902303
B_group,7566,ARM,1d_5pct,18,18,0.2222222238779068,0.31782745222765285,0.1882631770957681,0.5662939353765981,0.2857142857142857,0.2857142857142857,0.09560522834974605
B_group,7566,ARM,1d_8pct,18,18,0.0555555559694767,0.1721623324606868,0.06736487581388412,0.2778517807533221,0.47058823529411764,0.47058823529411764,0.1166067764912101
B_group,7566,ARM,3d_3pct,18,18,0.7777777910232544,0.6937275276996703,0.1776545886541887,0.542040644277169,0.75,0.75,0.08405026332358412
B_group,7566,ARM,3d_5pct,18,18,0.6666666865348816,0.570501195947917,0.22300893018979956,0.638544778216311,0.8472222222222222,0.8472222222222222,0.09616549058696455
B_group,7566,ARM,3d_8pct,18,18,0.6111111044883728,0.39041192486205656,0.28939419017841644,0.7750532204986922,0.2727272727272727,0.2727272727272727,0.22069917962631624
B_group,7566,ARM,5d_3pct,18,18,0.8888888955116272,0.7649325748788495,0.11403182814909542,0.398782101556352,0.5625,0.5625,0.12395632063277773
B_group,7566,ARM,5d_5pct,18,18,0.7777777910232544,0.670703896982687,0.18345075752695694,0.5555735847489099,0.75,0.75,0.10707389404056744
B_group,7566,ARM,5d_8pct,18,18,0.6666666865348816,0.5179553331663453,0.25185273022216387,0.6968755408265817,0.22222222222222227,0.22222222222222227,0.14871135336853625
B_group,7566,AVGO,1d_3pct,18,18,0.2222222238779068,0.34441555743794194,0.19133827246649293,0.5708047918547252,0.49999999999999994,0.49999999999999994,0.12219333356003514
B_group,7566,AVGO,1d_5pct,18,18,0.0555555559694767,0.23408259079438473,0.08428734849261148,0.3322543091521143,0.6176470588235294,0.6176470588235294,0.17852703482490803
B_group,7566,AVGO,1d_8pct,18,18,0.0,0.06254794526471302,0.003958965815588276,0.06461638546434016,,,0.06254794526471302
B_group,7566,AVGO,3d_3pct,18,18,0.3888888955116272,0.6792387942334194,0.32189141136437105,0.8451430810267012,0.512987012987013,0.512987012987013,0.2903498987217922
B_group,7566,AVGO,3d_5pct,18,18,0.2222222238779068,0.5025831240096195,0.2527224702992986,0.6985958609358237,0.5,0.5,0.28036090013171266
B_group,7566,AVGO,3d_8pct,18,18,0.0,0.22303987154415397,0.04984707681244296,0.25244998653495426,,,0.22303987154415397
B_group,7566,AVGO,5d_3pct,18,18,0.5,0.7468276176117731,0.31066509340086296,0.8321412069952566,0.462962962962963,0.4629629629629631,0.24682761761177308
B_group,7566,AVGO,5d_5pct,18,18,0.2222222238779068,0.617762073755076,0.3300193303032955,0.8566384340943625,0.4464285714285714,0.44642857142857145,0.39553984987716917
B_group,7566,AVGO,5d_8pct,18,18,0.0,0.4515251659006548,0.20395501374335698,0.600747740426628,,,0.4515251659006548
B_group,7566,AXTI,1d_3pct,18,18,0.5,0.5762229088461099,0.25513231788847185,0.7035429434882686,0.5432098765432098,0.5432098765432098,0.07622290884610994
B_group,7566,AXTI,1d_5pct,18,18,0.5,0.4048659085506596,0.25649201258495236,0.7061977901091212,0.5679012345679013,0.5679012345679013,0.09513409144934037
B_group,7566,AXTI,1d_8pct,18,18,0.3333333432674408,0.30530773592165117,0.22049982817901925,0.6323161163137478,0.5902777777777778,0.5902777777777778,0.028025607345789627
B_group,7566,AXTI,3d_3pct,18,18,0.6111111044883728,0.7047045839389771,0.24641405914363482,0.6882330903262903,0.5,0.5,0.09359347945060426
B_group,7566,AXTI,3d_5pct,18,18,0.6111111044883728,0.6135290104185152,0.2373705164610166,0.6676507379394252,0.5324675324675324,0.5324675324675324,0.00241790593014235
B_group,7566,AXTI,3d_8pct,18,18,0.6111111044883728,0.49323258480402643,0.2601634129061549,0.7135004258628077,0.4350649350649351,0.43506493506493504,0.11787851968434637
B_group,7566,AXTI,5d_3pct,18,18,0.7222222089767456,0.7697925874415293,0.20288022359771551,0.5969509494122788,0.5,0.5,0.047570378464783736
B_group,7566,AXTI,5d_5pct,18,18,0.7222222089767456,0.6737426338366528,0.20296755444065148,0.5963408822391563,0.5,0.5,0.04847957514009282
B_group,7566,AXTI,5d_8pct,18,18,0.6666666865348816,0.5482099068622478,0.24913397693975264,0.6915733844288915,0.2222222222222222,0.2222222222222222,0.1184567796726338
B_group,7566,CIEN,1d_3pct,18,18,0.3888888955116272,0.5192102077286396,0.24843172121146834,0.6899204585604224,0.6103896103896104,0.6103896103896104,0.13032131221701238
B_group,7566,CIEN,1d_5pct,18,18,0.2222222238779068,0.35640155167521953,0.18334653362981307,0.5553961771389173,0.6964285714285714,0.6964285714285714,0.13417932779731273
B_group,7566,CIEN,1d_8pct,18,18,0.0555555559694767,0.17829105099072878,0.07461817182729705,0.3077153960886784,0.0,0.0,0.12273549502125208
B_group,7566,CIEN,3d_3pct,18,18,0.6666666865348816,0.7035848443736046,0.22210629543900826,0.6362039363362485,0.6666666666666667,0.6666666666666667,0.03691815783872299
B_group,7566,CIEN,3d_5pct,18,18,0.5,0.6052637219450231,0.25028785068827325,0.6934046806628028,0.8641975308641976,0.8641975308641975,0.10526372194502309
B_group,7566,CIEN,3d_8pct,18,18,0.3888888955116272,0.4043272233766346,0.2300629426543011,0.652749256556999,0.6493506493506493,0.6493506493506493,0.015438327865007428
B_group,7566,CIEN,5d_3pct,18,18,0.7222222089767456,0.7693842307293267,0.202253330274825,0.5951938913078749,0.7,0.7,0.04716202175258111
B_group,7566,CIEN,5d_5pct,18,18,0.6111111044883728,0.6734663850317468,0.24120616107299103,0.6760740662608087,0.5714285714285714,0.5714285714285714,0.062355280543374025
B_group,7566,CIEN,5d_8pct,18,18,0.4444444477558136,0.5170067262712402,0.24902701592469262,0.6911106997571765,0.48749999999999993,0.48749999999999993,0.07256227851542663
B_group,7566,COHR,1d_3pct,18,18,0.4444444477558136,0.5362383289635295,0.26730309394660756,0.7279641460104234,0.3125,0.3125,0.09179388120771592
B_group,7566,COHR,1d_5pct,18,18,0.3888888955116272,0.36568085865286654,0.2385937618686254,0.6703442840524598,0.5324675324675324,0.5324675324675324,0.02320803685876066
B_group,7566,COHR,1d_8pct,18,18,0.1111111119389534,0.23260044452139217,0.1281564287840915,0.4394231884199689,0.0,0.0,0.12148933258243877
B_group,7566,COHR,3d_3pct,18,18,0.6666666865348816,0.7017920582361231,0.22543350436571785,0.6440889800811078,0.3333333333333333,0.3333333333333333,0.035125371701241526
B_group,7566,COHR,3d_5pct,18,18,0.5555555820465088,0.6040551241943702,0.24930391106828656,0.6918388094743269,0.5625,0.5625,0.04849954214786145
B_group,7566,COHR,3d_8pct,18,18,0.4444444477558136,0.42977003780948453,0.2583281359856946,0.7106459380612371,0.3875,0.3875,0.01467440994632907
B_group,7566,COHR,5d_3pct,18,18,0.7222222089767456,0.7687915372356474,0.20334609014066762,0.5982555758116956,0.34615384615384615,0.34615384615384615,0.04656932825890181
B_group,7566,COHR,5d_5pct,18,18,0.6666666865348816,0.6729138874219349,0.22281718170229878,0.6378622661216593,0.375,0.375,0.006247200887053328
B_group,7566,COHR,5d_8pct,18,18,0.5555555820465088,0.5329161693646666,0.2579735964678338,0.7092069209882436,0.21875,0.21875,0.02263941268184222
B_group,7566,CRDO,1d_3pct,18,18,0.3333333432674408,0.547671211326327,0.2751526026612154,0.7439447633689175,0.375,0.375,0.21433786805888622
B_group,7566,CRDO,1d_5pct,18,18,0.2222222238779068,0.38450260166291994,0.19736883808524794,0.5858008582922146,0.5892857142857143,0.5892857142857143,0.16228037778501314
B_group,7566,CRDO,1d_8pct,18,18,0.0555555559694767,0.23460347117833877,0.08491369183022819,0.33249654739645546,0.5294117647058824,0.5294117647058824,0.17904791520886207
B_group,7566,CRDO,3d_3pct,18,18,0.5555555820465088,0.7047045839389771,0.2691590129146323,0.736555446964159,0.5,0.5,0.14914900189246827
B_group,7566,CRDO,3d_5pct,18,18,0.4444444477558136,0.6111015415913597,0.2761799156717732,0.7467025573464264,0.375,0.375,0.16665709383554606
B_group,7566,CRDO,3d_8pct,18,18,0.3333333432674408,0.43394050362702014,0.22959108530177583,0.652243796908419,0.42361111111111116,0.42361111111111116,0.10060716035957934
B_group,7566,CRDO,5d_3pct,18,18,0.6666666865348816,0.7697925874415293,0.23285717775788545,0.6640143058188834,0.5,0.5,0.10312590090664775
B_group,7566,CRDO,5d_5pct,18,18,0.5,0.6737426338366528,0.28018650281249724,0.757487916110696,0.5,0.5,0.17374263383665278
B_group,7566,CRDO,5d_8pct,18,18,0.3333333432674408,0.5424339270397612,0.2696126505871048,0.73261386880519,0.375,0.375,0.20910058377232044
B_group,7566,CSCO,1d_3pct,18,18,0.0,0.21332401002098325,0.04553126214390757,0.23995840284353875,,,0.21332401002098325
B_group,7566,CSCO,1d_5pct,18,18,0.0,0.1818501411906992,0.03317738782943697,0.20079220776582163,,,0.1818501411906992
B_group,7566,CSCO,1d_8pct,18,18,0.0,0.05884794759520879,0.0034674707590022827,0.0606530531874498,,,0.05884794759520879
B_group,7566,CSCO,3d_3pct,18,18,0.0,0.6661625802981183,0.44377258548445675,1.0971011812759843,,,0.6661625802981183
B_group,7566,CSCO,3d_5pct,18,18,0.0,0.4691115868381789,0.22027995668578457,0.6336007031317752,,,0.4691115868381789
B_group,7566,CSCO,3d_8pct,18,18,0.0,0.18341369089698506,0.03368111599610479,0.20265340861643208,,,0.18341369089698506
B_group,7566,CSCO,5d_3pct,18,18,0.0,0.7366966960473172,0.5427220219670332,1.3344486643144586,,,0.7366966960473172
B_group,7566,CSCO,5d_5pct,18,18,0.0,0.5758768776394747,0.33163417819979046,0.8577314829773737,,,0.5758768776394747
B_group,7566,CSCO,5d_8pct,18,18,0.0,0.41032034516935784,0.16836278565990098,0.528175847451563,,,0.41032034516935784
B_group,7566,FN,1d_3pct,18,18,0.3333333432674408,0.48124079808660614,0.26205769256159306,0.7173857532116454,0.3611111111111111,0.3611111111111111,0.14790745481916534
B_group,7566,FN,1d_5pct,18,18,0.1111111119389534,0.32362682871837745,0.14246951921951737,0.4681052355873129,0.6875,0.6875,0.21251571677942405
B_group,7566,FN,1d_8pct,18,18,0.0,0.14665824978658068,0.02237490762710365,0.15920055685071122,,,0.14665824978658068
B_group,7566,FN,3d_3pct,18,18,0.5555555820465088,0.6939478671140873,0.2667214610030133,0.7307853013170309,0.4625,0.4625,0.1383922850675785
B_group,7566,FN,3d_5pct,18,18,0.4444444477558136,0.5822997988242133,0.26114011751805927,0.71564954881903,0.625,0.625,0.13785535106839975
B_group,7566,FN,3d_8pct,18,18,0.1111111119389534,0.3773148624386258,0.17646260051926096,0.5435213700312136,0.109375,0.109375,0.2662037504996724
B_group,7566,FN,5d_3pct,18,18,0.6666666865348816,0.7613252172273188,0.23118897145109626,0.6593704452053141,0.5,0.5,0.09465853069243724
B_group,7566,FN,5d_5pct,18,18,0.5,0.6704276481777808,0.2790510778283687,0.7549151694552269,0.5,0.5,0.17042764817778078
B_group,7566,FN,5d_8pct,18,18,0.1111111119389534,0.47402156868944456,0.23662117006620362,0.6663677787091219,0.0625,0.0625,0.36291045675049116
B_group,7566,INTC,1d_3pct,18,18,0.3888888955116272,0.47304949466388924,0.2526289621991568,0.6983916325490033,0.44155844155844154,0.44155844155844154,0.08416059915226204
B_group,7566,INTC,1d_5pct,18,18,0.2777777910232544,0.30001451549335456,0.19879635974599486,0.5862853162499141,0.6384615384615384,0.6384615384615384,0.022236724470100167
B_group,7566,INTC,1d_8pct,18,18,0.1111111119389534,0.1508904615518252,0.10562729744840399,0.3744571126292541,0.3125,0.3125,0.0397793496128718
B_group,7566,INTC,3d_3pct,18,18,0.6666666865348816,0.6896943825710813,0.2220131451805224,0.635997747345847,0.5833333333333334,0.5833333333333334,0.023027696036199696
B_group,7566,INTC,3d_5pct,18,18,0.6111111044883728,0.5727330660645671,0.2406580810429127,0.6743899636474701,0.4285714285714286,0.42857142857142855,0.038378038423805716
B_group,7566,INTC,3d_8pct,18,18,0.4444444477558136,0.39112098208749324,0.23872478397718488,0.6705631950667975,0.5625000000000001,0.5625000000000001,0.05332346566832036
B_group,7566,INTC,5d_3pct,18,18,0.8333333134651184,0.7646426827798929,0.1435464264293513,0.46456042267803643,0.5333333333333333,0.5333333333333333,0.06869063068522552
B_group,7566,INTC,5d_5pct,18,18,0.7777777910232544,0.6690464041532509,0.18454053786432867,0.5580428355781459,0.5357142857142857,0.5357142857142857,0.1087313868700035
B_group,7566,INTC,5d_8pct,18,18,0.6666666865348816,0.522099261562334,0.25251740332295075,0.6982126629624347,0.22916666666666669,0.22916666666666666,0.1445674249725476
B_group,7566,LITE,1d_3pct,18,18,0.5,0.5388227659694652,0.24827129655787233,0.6896355307769072,0.6049382716049383,0.6049382716049383,0.03882276596946521
B_group,7566,LITE,1d_5pct,18,18,0.2777777910232544,0.35930557886349734,0.20235454108496842,0.5952024044915615,0.6461538461538462,0.6461538461538462,0.08152778784024295
B_group,7566,LITE,1d_8pct,18,18,0.0555555559694767,0.23178817100111987,0.08775162426516576,0.34048058403468334,0.2941176470588235,0.2941176470588235,0.17623261503164317
B_group,7566,LITE,3d_3pct,18,18,0.6666666865348816,0.703592105899523,0.22433413760361592,0.6414975039933812,0.375,0.375,0.03692541936464144
B_group,7566,LITE,3d_5pct,18,18,0.5555555820465088,0.6072521330951293,0.25184593962232116,0.6972115969494191,0.40625,0.40625,0.051696551048620476
B_group,7566,LITE,3d_8pct,18,18,0.5,0.4229801555772961,0.26112935280229255,0.7159883874158847,0.4320987654320988,0.43209876543209874,0.07701984442270388
B_group,7566,LITE,5d_3pct,18,18,0.7777777910232544,0.7689035472010105,0.1733173390997016,0.531046521839793,0.39285714285714285,0.39285714285714285,0.008874243822243888
B_group,7566,LITE,5d_5pct,18,18,0.6666666865348816,0.6731901362268409,0.22263555164607018,0.6374507243167866,0.4166666666666667,0.4166666666666667,0.006523449691959282
B_group,7566,LITE,5d_8pct,18,18,0.6111111044883728,0.5392818101882819,0.24828749579046244,0.6896778224766913,0.35064935064935066,0.35064935064935066,0.07182929430009088
B_group,7566,MRVL,1d_3pct,18,18,0.4444444477558136,0.5115065450461637,0.2691376648165929,0.7315785764237738,0.22499999999999998,0.225,0.06706209729035006
B_group,7566,MRVL,1d_5pct,18,18,0.3333333432674408,0.34694988696157436,0.23503874478539943,0.6651031286710756,0.3402777777777778,0.3402777777777778,0.013616543694133565
B_group,7566,MRVL,1d_8pct,18,18,0.1111111119389534,0.20675832593097176,0.10567381497244734,0.37373399914192185,0.59375,0.59375,0.09564721399201837
B_group,7566,MRVL,3d_3pct,18,18,0.7222222089767456,0.7011292802721469,0.20129706344033826,0.592462439006808,0.5,0.5,0.021092928704598668
B_group,7566,MRVL,3d_5pct,18,18,0.6111111044883728,0.5993967879637991,0.2369293271165111,0.666773231672472,0.5844155844155845,0.5844155844155845,0.011714316524573665
B_group,7566,MRVL,3d_8pct,18,18,0.4444444477558136,0.4189199159467789,0.24889839994083587,0.6914498671430251,0.38749999999999996,0.38749999999999996,0.02552453180903469
B_group,7566,MRVL,5d_3pct,18,18,0.8333333134651184,0.7677904870297656,0.14326535486960065,0.46377456443801296,0.45555555555555555,0.45555555555555555,0.06554282643535281
B_group,7566,MRVL,5d_5pct,18,18,0.7222222089767456,0.6726376386170289,0.202589079445942,0.5954833000206666,0.6230769230769231,0.6230769230769231,0.04958457035971675
B_group,7566,MRVL,5d_8pct,18,18,0.5555555820465088,0.5320456704657582,0.25213889189782646,0.6975850059650519,0.4375,0.4375,0.023509911580750553
B_group,7566,MU,1d_3pct,18,18,0.2777777910232544,0.4862868715899936,0.2423183892217997,0.6778051211662156,0.6,0.6,0.20850908056673922
B_group,7566,MU,1d_5pct,18,18,0.1111111119389534,0.29821642539987336,0.13910608784628223,0.46111272054392355,0.234375,0.234375,0.18710531346091996
B_group,7566,MU,1d_8pct,18,18,0.0,0.14800442984355894,0.023399277378406233,0.1612213148708619,,,0.14800442984355894
B_group,7566,MU,3d_3pct,18,18,0.7222222089767456,0.6939530014181537,0.19982055050044611,0.5889748417659563,0.6538461538461539,0.6538461538461539,0.028269207558591858
B_group,7566,MU,3d_5pct,18,18,0.3888888955116272,0.5876564501772573,0.28034257921118705,0.7547775778770439,0.40259740259740256,0.40259740259740256,0.19876755466563012
B_group,7566,MU,3d_8pct,18,18,0.2222222238779068,0.3820261681229186,0.20552892105318643,0.6033662012363529,0.04464285714285715,0.04464285714285715,0.15980394424501182
B_group,7566,MU,5d_3pct,18,18,0.7222222089767456,0.7660124065487279,0.2020453021024887,0.5946122197186041,0.6230769230769231,0.6230769230769231,0.043790197571982326
B_group,7566,MU,5d_5pct,18,18,0.6111111044883728,0.6704276481777808,0.24099410125225784,0.6755935272384472,0.538961038961039,0.538961038961039,0.059316543689407975
B_group,7566,MU,5d_8pct,18,18,0.4444444477558136,0.5321509638060165,0.25557621503493594,0.7043178897890745,0.48124999999999996,0.48125,0.08770651605020285
B_group,7566,NVDA,1d_3pct,18,18,0.1666666716337204,0.23338047404283271,0.14790282542933472,0.47670634688946134,0.21111111111111108,0.21111111111111108,0.06671380240911232
B_group,7566,NVDA,1d_5pct,18,18,0.0555555559694767,0.1880013376560913,0.07002861925606434,0.288708784384673,0.676470588235294,0.676470588235294,0.1324457816866146
B_group,7566,NVDA,1d_8pct,18,18,0.0,0.06277588317850506,0.00399910612671545,0.06486636598689778,,,0.06277588317850506
B_group,7566,NVDA,3d_3pct,18,18,0.6111111044883728,0.6661625802981183,0.2406724008833658,0.6748686469514014,0.5909090909090909,0.5909090909090909,0.055051475809745454
B_group,7566,NVDA,3d_5pct,18,18,0.2222222238779068,0.46218812642376483,0.22442591514910815,0.6418248806772222,0.8303571428571428,0.8303571428571429,0.23996590254585803
B_group,7566,NVDA,3d_8pct,18,18,0.1666666716337204,0.1869548394390883,0.14015610732404363,0.45471381922895865,0.3222222222222222,0.3222222222222222,0.020288167805367907
B_group,7566,NVDA,5d_3pct,18,18,0.6666666865348816,0.7408914852996427,0.22776948405256092,0.6502026468720443,0.4861111111111111,0.4861111111111111,0.07422479876476107
B_group,7566,NVDA,5d_5pct,18,18,0.4444444477558136,0.6141065415440795,0.27575737926385496,0.7458256467171116,0.4625,0.4625,0.1696620937882659
B_group,7566,NVDA,5d_8pct,18,18,0.2222222238779068,0.41032034516935784,0.20822041002907524,0.6087627912804506,0.5,0.5,0.18809812129145104
B_group,7566,QCOM,1d_3pct,18,18,0.2777777910232544,0.40295629381659537,0.2209327201094405,0.6344654977089302,0.39999999999999997,0.39999999999999997,0.12517850279334097
B_group,7566,QCOM,1d_5pct,18,18,0.1111111119389534,0.2545662209199842,0.1211413481156954,0.4174286746567941,0.4375,0.4375,0.1434551089810308
B_group,7566,QCOM,1d_8pct,18,18,0.0555555559694767,0.0768611638779469,0.054349075338728875,0.22819350469764402,0.17647058823529416,0.17647058823529416,0.021305607908470206
B_group,7566,QCOM,3d_3pct,18,18,0.8333333134651184,0.6899249905936313,0.16081951020402319,0.5076668735096824,0.2,0.2,0.14340832287148708
B_group,7566,QCOM,3d_5pct,18,18,0.5,0.5406408354193304,0.249996139679894,0.6931516175283159,0.5802469135802469,0.5802469135802469,0.04064083541933039
B_group,7566,QCOM,3d_8pct,18,18,0.1111111119389534,0.346846567447069,0.15275207926276713,0.4919890015045575,0.5,0.5,0.2357354555081156
B_group,7566,QCOM,5d_3pct,18,18,1.0,0.7634462263713616,0.05596280974864649,0.26991699670856106,,,0.2365537736286384
B_group,7566,QCOM,5d_5pct,18,18,0.7777777910232544,0.6518608936570275,0.1884354460643746,0.5667249001693505,0.5357142857142857,0.5357142857142857,0.1259168973662269
B_group,7566,QCOM,5d_8pct,18,18,0.3333333432674408,0.4995795460106041,0.24773451517826958,0.6886121018589105,0.6111111111111112,0.6111111111111112,0.16624620274316332
B_group,7566,SNDK,1d_3pct,18,18,0.4444444477558136,0.5297672706162734,0.25910264474413314,0.711471902073368,0.46249999999999997,0.4625,0.08532282286045978
B_group,7566,SNDK,1d_5pct,18,18,0.2777777910232544,0.3612262701481519,0.21520284737401055,0.6235487033220379,0.43076923076923074,0.43076923076923074,0.0834484791248975
B_group,7566,SNDK,1d_8pct,18,18,0.0555555559694767,0.21294734474643742,0.08307752617602245,0.3242079881965378,0.4117647058823529,0.4117647058823529,0.15739178877696072
B_group,7566,SNDK,3d_3pct,18,18,0.7777777910232544,0.7033636250988251,0.17898917669454756,0.5451872844977264,0.42857142857142855,0.42857142857142855,0.07441416592442929
B_group,7566,SNDK,3d_5pct,18,18,0.6111111044883728,0.6039371057703014,0.2387725740867342,0.6705359517154376,0.4740259740259741,0.47402597402597413,0.00717399871807145
B_group,7566,SNDK,3d_8pct,18,18,0.2777777910232544,0.41025927421007546,0.23156971668584486,0.6563245590302327,0.2923076923076923,0.2923076923076923,0.13248148318682107
B_group,7566,SNDK,5d_3pct,18,18,0.8333333134651184,0.7691998939478502,0.14320236171881298,0.46359685582181537,0.43333333333333335,0.43333333333333335,0.06413341951726825
B_group,7566,SNDK,5d_5pct,18,18,0.7777777910232544,0.6731901362268408,0.18402607746014732,0.5568772073810168,0.42857142857142855,0.42857142857142855,0.10458765479641363
B_group,7566,SNDK,5d_8pct,18,18,0.5555555820465088,0.5242131501661844,0.2448156564010555,0.68272702645431,0.5437500000000001,0.5437500000000001,0.03134243188032437
B_group,7566,STX,1d_3pct,18,18,0.4444444477558136,0.5075582108873238,0.2607587527800847,0.7147381455002494,0.42500000000000004,0.425,0.06311376313151018
B_group,7566,STX,1d_5pct,18,18,0.1666666716337204,0.3324473575578634,0.17192538624160733,0.5315911916660081,0.3666666666666667,0.36666666666666664,0.16578068592414302
B_group,7566,STX,1d_8pct,18,18,0.0,0.1918947656285109,0.03857191696582934,0.2144189174800176,,,0.1918947656285109
B_group,7566,STX,3d_3pct,18,18,0.6111111044883728,0.6961997420748172,0.24439217567533575,0.6834614821465278,0.5454545454545454,0.5454545454545454,0.08508863758644436
B_group,7566,STX,3d_5pct,18,18,0.4444444477558136,0.5887448831457321,0.27080753416779674,0.7355312479365643,0.4375,0.4375,0.14430043538991855
B_group,7566,STX,3d_8pct,18,18,0.3888888955116272,0.3962417320349217,0.24637152507446636,0.6865444025103856,0.3766233766233766,0.3766233766233766,0.0073528365232944926
B_group,7566,STX,5d_3pct,18,18,0.7222222089767456,0.7665327732262937,0.20262039854458308,0.5962235802577099,0.4923076923076923,0.4923076923076923,0.044310564249548046
B_group,7566,STX,5d_5pct,18,18,0.6111111044883728,0.6707038969826868,0.24136496880584118,0.6764338601525648,0.4675324675324676,0.4675324675324675,0.05959279249431404
B_group,7566,STX,5d_8pct,18,18,0.5555555820465088,0.5343308544576921,0.2530134123509534,0.6991028305064585,0.4375,0.4375,0.02122472758881666
B_group,7566,WDC,1d_3pct,18,18,0.4444444477558136,0.5093198569903589,0.2422484633788362,0.6775725980313809,0.65,0.65,0.06487540923454527
B_group,7566,WDC,1d_5pct,18,18,0.1111111119389534,0.3301396028750163,0.14432107715192513,0.4728480112323119,0.71875,0.71875,0.21902849093606291
B_group,7566,WDC,1d_8pct,18,18,0.0,0.20496012129677765,0.043496537815964006,0.23056246724515106,,,0.20496012129677765
B_group,7566,WDC,3d_3pct,18,18,0.6666666865348816,0.6952960874801577,0.2222027237684578,0.6364438007448239,0.5694444444444444,0.5694444444444444,0.028629400945276107
B_group,7566,WDC,3d_5pct,18,18,0.4444444477558136,0.589449812142806,0.2716548047044401,0.7372979662019197,0.4375,0.4375,0.1450053643869924
B_group,7566,WDC,3d_8pct,18,18,0.3333333432674408,0.39436307778722357,0.2324147149606032,0.6580936972912229,0.3472222222222222,0.3472222222222222,0.061029734519782775
B_group,7566,WDC,5d_3pct,18,18,0.7777777910232544,0.7665327732262937,0.1726434443844132,0.5291602238511053,0.5892857142857143,0.5892857142857143,0.011245017796960743
B_group,7566,WDC,5d_5pct,18,18,0.6111111044883728,0.6707038969826868,0.24136496880584118,0.6764338601525648,0.4675324675324676,0.4675324675324675,0.05959279249431404
B_group,7566,WDC,5d_8pct,18,18,0.5,0.5329520531536834,0.2571953718462189,0.7076344784946557,0.28395061728395066,0.28395061728395066,0.032952053153683436
B_no_group,3566,chips,1d_3pct,144,18,0.3541666567325592,0.4256434316626019,0.23338124426603912,0.6578770291866706,0.5460678895214,0.3357271095152603,0.07147677493004267
B_no_group,3566,chips,1d_5pct,144,18,0.1666666716337204,0.29810251212243905,0.15291606225277532,0.48602243866803696,0.6378472222222222,0.40512048192771083,0.13143584048871865
B_no_group,3566,chips,1d_8pct,144,18,0.0694444477558136,0.13040905710665796,0.06672917574674624,0.2585967585063981,0.6899253731343283,0.4125,0.060964609350844357
B_no_group,3566,chips,3d_3pct,144,18,0.6388888955116272,0.6802054143617441,0.23080042478574347,0.6543660718783761,0.5542433110367894,0.5108695652173914,0.04131651885011689
B_no_group,3566,chips,3d_5pct,144,18,0.4791666567325592,0.5340138530541872,0.23954203407453947,0.6719163333763624,0.6093719806763285,0.4740932642487047,0.054847196321628044
B_no_group,3566,chips,3d_8pct,144,18,0.3402777910232544,0.3530063661798595,0.20817742488685895,0.6037741961972193,0.669280343716434,0.4607218683651805,0.012728575156605082
B_no_group,3566,chips,5d_3pct,144,18,0.7708333134651184,0.7513101431819893,0.17353899783848725,0.5301904419308472,0.591045591045591,0.4876543209876543,0.01952317028312911
B_no_group,3566,chips,5d_5pct,144,18,0.6319444179534912,0.6485432582499321,0.22344788991189501,0.6382635311369635,0.657267261040846,0.5165692007797271,0.016598840296440875
B_no_group,3566,chips,5d_8pct,144,18,0.4513888955116272,0.47300699414400327,0.22663517109845305,0.6456082810823164,0.7308666017526777,0.5287128712871287,0.02161809863237607
B_no_group,3566,optics,1d_3pct,216,18,0.35648149251937866,0.477545819031831,0.23726572013583785,0.6642268622239795,0.5510137344669718,0.4175757575757576,0.12106432651245236
B_no_group,3566,optics,1d_5pct,216,18,0.21296297013759613,0.3354306066611135,0.17255083207276944,0.5278010725617753,0.658695652173913,0.45686619718309857,0.12246763652351739
B_no_group,3566,optics,1d_8pct,216,18,0.07870370149612427,0.1799536188553768,0.08051366029863638,0.29882080722762167,0.7070647354419155,0.3654618473895582,0.10124991735925254
B_no_group,3566,optics,3d_3pct,216,18,0.5462962985038757,0.690755033999189,0.2606505381665368,0.7168564207547674,0.62590799031477,0.49278846153846156,0.1444587354953133
B_no_group,3566,optics,3d_5pct,216,18,0.43981480598449707,0.5657124656872851,0.24206796065672506,0.6769120587651736,0.6831230969986951,0.5740740740740741,0.125897659702788
B_no_group,3566,optics,3d_8pct,216,18,0.32407405972480774,0.38450156987168854,0.20476509118272157,0.5967737392002979,0.6735322896281801,0.4583333333333333,0.0604275101468808
B_no_group,3566,optics,5d_3pct,216,18,0.6342592835426331,0.758261506461406,0.23823066719808428,0.6722037786422133,0.6476023283747575,0.48299319727891155,0.12400222291877294
B_no_group,3566,optics,5d_5pct,216,18,0.5231481194496155,0.655570816474822,0.2529834534334794,0.6996816212975087,0.6799123636051208,0.48280254777070064,0.13242269702520648
B_no_group,3566,optics,5d_8pct,216,18,0.3888888955116272,0.4882966633041462,0.22550748453001027,0.6431910902738052,0.7453102453102454,0.4920289855072464,0.09940776779251898
B_no_group,3566,storage,1d_3pct,72,18,0.4027777910232544,0.4991691650631678,0.2501312575607946,0.6934204083902313,0.5228548516439455,0.49508196721311476,0.09639137403991338
B_no_group,3566,storage,1d_5pct,72,18,0.1666666716337204,0.344518048729199,0.17234852688750402,0.5332748323659459,0.45902777777777776,0.3649425287356322,0.1778513770954786
B_no_group,3566,storage,1d_8pct,72,18,0.013888888992369175,0.1819811979705668,0.044154921569332664,0.22406933340329804,0.46478873239436624,0.3529411764705882,0.16809230897819763
B_no_group,3566,storage,3d_3pct,72,18,0.6944444179534912,0.6970480563592195,0.2111986183310834,0.6131593771778149,0.5727272727272728,0.5537037037037037,0.0026036384057283035
B_no_group,3566,storage,3d_5pct,72,18,0.4722222089767456,0.583430754935118,0.2628743314382309,0.7193687711980556,0.4868421052631579,0.46337579617834396,0.11120854595837237
B_no_group,3566,storage,3d_8pct,72,18,0.3055555522441864,0.3959866386652327,0.22372995531677128,0.6400872762632184,0.4304545454545454,0.3851851851851852,0.0904310864210463
B_no_group,3566,storage,5d_3pct,72,18,0.7638888955116272,0.7675929027569722,0.18013358387672987,0.5459131681097575,0.56951871657754,0.5411255411255411,0.0037040072453450312
B_no_group,3566,storage,5d_5pct,72,18,0.6527777910232544,0.6707283276678253,0.22685958387048238,0.6461596937331875,0.5153191489361701,0.47909407665505227,0.017950536644570914
B_no_group,3566,storage,5d_8pct,72,18,0.5138888955116272,0.5124429935373337,0.2500812061634845,0.6933115105125147,0.518918918918919,0.5015576323987538,0.0014459019742935064
B_no_group,3566,optics_direct,1d_3pct,108,18,0.4166666567325592,0.5293031022993064,0.2583678357547773,0.7099771305474522,0.4911816578483245,0.458963282937365,0.11263644556674723
B_no_group,3566,optics_direct,1d_5pct,108,18,0.28703704476356506,0.3695323300438283,0.20699848434821722,0.6048292214847721,0.6091328026811899,0.5286103542234333,0.08249528528026323
B_no_group,3566,optics_direct,1d_8pct,108,18,0.10185185074806213,0.21789628444808323,0.10330116294037424,0.3681551816697501,0.6279287722586692,0.2838709677419355,0.1160444337000211
B_no_group,3566,optics_direct,3d_3pct,108,18,0.6296296119689941,0.701944241357491,0.23817028899626622,0.6705764240552899,0.5264705882352941,0.5055555555555555,0.07231462938849686
B_no_group,3566,optics_direct,3d_5pct,108,18,0.5277777910232544,0.6003330076948338,0.2491879812624562,0.6915097128820015,0.5988992088063295,0.6148225469728601,0.07255521667157938
B_no_group,3566,optics_direct,3d_8pct,108,18,0.39814814925193787,0.4200495950447697,0.2333335785181139,0.659258527316178,0.60304114490161,0.4892601431980907,0.02190144579283182
B_no_group,3566,optics_direct,5d_3pct,108,18,0.7129629850387573,0.7687047609223827,0.20773435235823354,0.6077335532118143,0.5050272308336825,0.49240506329113926,0.05574177588362539
B_no_group,3566,optics_direct,5d_5pct,108,18,0.6388888955116272,0.6743578150188871,0.2318835686439795,0.6566804861362473,0.5100334448160535,0.4783599088838269,0.035468919507259944
B_no_group,3566,optics_direct,5d_8pct,108,18,0.49074074625968933,0.5112544032519177,0.24119810477442605,0.6755119759864365,0.6708404802744425,0.47743467933491684,0.020513656992228402
B_no_group,3566,optics_connectivity_chips,1d_3pct,72,18,0.3472222089767456,0.4799872268329092,0.2506078455258669,0.6932635562410661,0.4442553191489361,0.3263157894736842,0.13276501785616357
B_no_group,3566,optics_connectivity_chips,1d_5pct,72,18,0.2083333283662796,0.34037039140135256,0.18165127441251772,0.5493594428001928,0.4859649122807017,0.32587064676616917,0.13203706303507295
B_no_group,3566,optics_connectivity_chips,1d_8pct,72,18,0.0833333358168602,0.17771428354697758,0.0840480002456211,0.30759084755568417,0.648989898989899,0.5,0.09438094773011738
B_no_group,3566,optics_connectivity_chips,3d_3pct,72,18,0.5555555820465088,0.6937247177767376,0.263736288062184,0.7241214877788866,0.544140625,0.4718543046357616,0.13816913573022882
B_no_group,3566,optics_connectivity_chips,3d_5pct,72,18,0.4583333432674408,0.5715277160475702,0.25224064803428436,0.6979442813085728,0.6006216006216006,0.5273037542662116,0.11319437278012945
B_no_group,3566,optics_connectivity_chips,3d_8pct,72,18,0.3333333432674408,0.37397097372433524,0.20659785173962053,0.5992675049974794,0.6119791666666666,0.4051724137931034,0.04063763045689445
B_no_group,3566,optics_connectivity_chips,5d_3pct,72,18,0.6805555820465088,0.7600354716191319,0.22095088791365988,0.635574403189159,0.5661047027506655,0.4714828897338403,0.07947988957262309
B_no_group,3566,optics_connectivity_chips,5d_5pct,72,18,0.5277777910232544,0.6560008448226434,0.255458176567332,0.7046531593362222,0.6462848297213621,0.49635036496350365,0.12822305379938903
B_no_group,3566,optics_connectivity_chips,5d_8pct,72,18,0.3888888955116272,0.4922066303657998,0.2268301382039313,0.64611802140961,0.6757305194805195,0.5200892857142857,0.10331773485417262
B_no_group,3566,optics_switching,1d_3pct,36,18,0.1944444477558136,0.3173911536272487,0.14727512249896163,0.46890266921938856,0.812807881773399,0.5064935064935064,0.12294670587143508
B_no_group,3566,optics_switching,1d_5pct,36,18,0.0,0.22324586703249116,0.05100699056692936,0.25359988531595046,,,0.22324586703249116
B_no_group,3566,optics_switching,1d_8pct,36,18,0.0,0.07060429269405602,0.005082472479453255,0.07327760324511166,,,0.07060429269405602
B_no_group,3566,optics_switching,3d_3pct,36,18,0.2777777910232544,0.6512480443691866,0.3219197858860544,0.8411662768049628,0.8461538461538463,0.5,0.3734702533459322
B_no_group,3566,optics_switching,3d_5pct,36,18,0.1388888955116272,0.4502203389440688,0.20036252408441302,0.5910546513278915,0.7838709677419355,0.48461538461538467,0.3113314434324416
B_no_group,3566,optics_switching,3d_8pct,36,18,0.0833333358168602,0.29891868664715104,0.11539410806274669,0.40433184325829385,0.7474747474747474,0.4444444444444444,0.21558535083029085
B_no_group,3566,optics_switching,5d_3pct,36,18,0.3055555522441864,0.723383812763024,0.3642791702864854,0.9388732058395168,0.8527272727272727,0.47402597402597413,0.4178282605188376
B_no_group,3566,optics_switching,5d_5pct,36,18,0.1666666716337204,0.5983497641469838,0.3113336615342739,0.8187419507038647,0.7833333333333333,0.4583333333333333,0.4316830925132634
B_no_group,3566,optics_switching,5d_8pct,36,18,0.0833333358168602,0.4116035093375246,0.17579031644892107,0.5403745708643011,0.7676767676767677,0.4888888888888889,0.3282701735206644
B_no_group,3566,AAOI,1d_3pct,18,18,0.3333333432674408,0.5458146098130555,0.2735855629767083,0.74064244795718,0.375,0.375,0.21248126654561472
B_no_group,3566,AAOI,1d_5pct,18,18,0.2222222238779068,0.38365317937305154,0.2001775198856078,0.5920127647311001,0.4375,0.4375,0.16143095549514475
B_no_group,3566,AAOI,1d_8pct,18,18,0.0555555559694767,0.24892402232757804,0.08863758310039922,0.3421708685530482,0.7647058823529411,0.7647058823529411,0.19336846635810134
B_no_group,3566,AAOI,3d_3pct,18,18,0.6111111044883728,0.7069411174502371,0.24683771110261127,0.6892532777055462,0.5,0.5,0.09583001296186433
B_no_group,3566,AAOI,3d_5pct,18,18,0.5,0.6131523970328847,0.25685477828874526,0.7070693708671785,0.6666666666666666,0.6666666666666666,0.11315239703288471
B_no_group,3566,AAOI,3d_8pct,18,18,0.3333333432674408,0.436389033453227,0.23914084621505996,0.6713689805270842,0.3333333333333333,0.3333333333333333,0.1030556901857862
B_no_group,3566,AAOI,5d_3pct,18,18,0.6666666865348816,0.7702924154490512,0.23296051803293213,0.6643061007527723,0.5,0.5,0.10362572891416966
B_no_group,3566,AAOI,5d_5pct,18,18,0.6666666865348816,0.6761725586944178,0.2223125842054655,0.6367194786579748,0.5,0.5,0.009505872159536244
B_no_group,3566,AAOI,5d_8pct,18,18,0.5555555820465088,0.53804703693315,0.24471255556103935,0.682548620651079,0.5874999999999999,0.5874999999999999,0.017508545113358753
B_no_group,3566,ALAB,1d_3pct,18,18,0.3888888955116272,0.5346510584961598,0.27725980415827833,0.7480401255412159,0.23376623376623376,0.23376623376623376,0.1457621629845326
B_no_group,3566,ALAB,1d_5pct,18,18,0.2222222238779068,0.3739702760628682,0.20297776053380076,0.5978667963423239,0.2678571428571429,0.2678571428571429,0.1517480521849614
B_no_group,3566,ALAB,1d_8pct,18,18,0.1666666716337204,0.21726700216582226,0.14111619897208938,0.455949872439484,0.5555555555555556,0.5555555555555556,0.05060033053210186
B_no_group,3566,ALAB,3d_3pct,18,18,0.5555555820465088,0.7046360424712471,0.2712300343280835,0.7414834777600307,0.4,0.4,0.14908046042473833
B_no_group,3566,ALAB,3d_5pct,18,18,0.5555555820465088,0.6066584558935652,0.2523937336925898,0.698156091751976,0.59375,0.59375,0.05110287384705636
B_no_group,3566,ALAB,3d_8pct,18,18,0.5555555820465088,0.408085005043999,0.2844689181063574,0.7639611339130148,0.21875,0.21875,0.14747057700250976
B_no_group,3566,ALAB,5d_3pct,18,18,0.7222222089767456,0.7697048419134498,0.20320107480663782,0.5978513531632013,0.4230769230769231,0.4230769230769231,0.04748263293670418
B_no_group,3566,ALAB,5d_5pct,18,18,0.6666666865348816,0.6749627295773973,0.22310930911866056,0.6385232725900549,0.4166666666666667,0.4166666666666667,0.008296043042515744
B_no_group,3566,ALAB,5d_8pct,18,18,0.6666666865348816,0.5167818228939587,0.23773662437378792,0.6685712625916187,0.625,0.625,0.1498848636409229
B_no_group,3566,AMD,1d_3pct,18,18,0.3888888955116272,0.43567892392731333,0.24995868132869775,0.6931323749015321,0.40259740259740256,0.40259740259740256,0.046790028415686136
B_no_group,3566,AMD,1d_5pct,18,18,0.0555555559694767,0.3015929793653809,0.11257307936719961,0.4044640008493723,0.5882352941176471,0.5882352941176471,0.24603742339590418
B_no_group,3566,AMD,1d_8pct,18,18,0.0555555559694767,0.11019945758911048,0.05685798139356733,0.23987673221521064,0.05882352941176472,0.05882352941176472,0.05464390161963378
B_no_group,3566,AMD,3d_3pct,18,18,0.5555555820465088,0.6861954426393262,0.26398036034417394,0.7243226236372647,0.5,0.5,0.1306398605928174
B_no_group,3566,AMD,3d_5pct,18,18,0.4444444477558136,0.5621679853452681,0.26592417137086255,0.7253204749009741,0.21250000000000002,0.2125,0.11772353758945453
B_no_group,3566,AMD,3d_8pct,18,18,0.3888888955116272,0.37085686625328756,0.23637257162797315,0.6655825938888993,0.5454545454545455,0.5454545454545455,0.018032029258339632
B_no_group,3566,AMD,5d_3pct,18,18,0.7222222089767456,0.7650042536286378,0.20244758616187686,0.5957388795046875,0.5,0.5,0.04278204465189217
B_no_group,3566,AMD,5d_5pct,18,18,0.6666666865348816,0.663592048639234,0.22337152584951664,0.639078561328605,0.3333333333333333,0.3333333333333333,0.0030746378956475473
B_no_group,3566,AMD,5d_8pct,18,18,0.5,0.4985423182658677,0.2508132679813712,0.6947737556795884,0.2777777777777778,0.2777777777777778,0.001457681734132299
B_no_group,3566,ANET,1d_3pct,18,18,0.3888888955116272,0.4051675208351491,0.24180861667461384,0.6769249145956526,0.5064935064935064,0.5064935064935064,0.016278625323521922
B_no_group,3566,ANET,1d_5pct,18,18,0.0,0.2562522746747609,0.06570846383206397,0.29609267949876056,,,0.2562522746747609
B_no_group,3566,ANET,1d_8pct,18,18,0.0,0.07829119455572639,0.006201243669375924,0.08156845233938781,,,0.07829119455572639
B_no_group,3566,ANET,3d_3pct,18,18,0.5555555820465088,0.6861954426393262,0.26398036034417394,0.7243226236372649,0.5,0.5,0.1306398605928174
B_no_group,3566,ANET,3d_5pct,18,18,0.2777777910232544,0.5379111406771485,0.2692708541871735,0.7318289990887963,0.48461538461538467,0.48461538461538467,0.2601333496538941
B_no_group,3566,ANET,3d_8pct,18,18,0.1666666716337204,0.35868199443829396,0.17359014780579868,0.5353351631058456,0.4444444444444445,0.4444444444444444,0.19201532280457356
B_no_group,3566,ANET,5d_3pct,18,18,0.6111111044883728,0.7632624492066596,0.26123607826994194,0.7265972637617754,0.4740259740259741,0.47402597402597413,0.15215134471828684
B_no_group,3566,ANET,5d_5pct,18,18,0.3333333432674408,0.6496833839339646,0.32339451055437546,0.8454728203159202,0.45833333333333337,0.4583333333333333,0.31635004066652384
B_no_group,3566,ANET,5d_8pct,18,18,0.1666666716337204,0.48098964203386174,0.23445518652491723,0.6618536637512767,0.48888888888888893,0.4888888888888889,0.31432297040014134
B_no_group,3566,ARM,1d_3pct,18,18,0.5555555820465088,0.48137428551841066,0.26059016110173544,0.7143968103922845,0.42500000000000004,0.425,0.07418129652809813
B_no_group,3566,ARM,1d_5pct,18,18,0.2222222238779068,0.3291738357713929,0.1878769128669987,0.5653697526691093,0.3035714285714286,0.30357142857142855,0.10695161189348612
B_no_group,3566,ARM,1d_8pct,18,18,0.0555555559694767,0.16342204431441212,0.0674602094401216,0.28002679538777875,0.17647058823529416,0.17647058823529416,0.10786648834493542
B_no_group,3566,ARM,3d_3pct,18,18,0.7777777910232544,0.6920041519422017,0.1776732433474406,0.5420887496658988,0.75,0.75,0.08577363908105273
B_no_group,3566,ARM,3d_5pct,18,18,0.6666666865348816,0.5715394827019397,0.23013425995312367,0.6530660733415713,0.5347222222222222,0.5347222222222222,0.09512720383294193
B_no_group,3566,ARM,3d_8pct,18,18,0.6111111044883728,0.38764944445381394,0.2848029046507352,0.7647916286555205,0.36363636363636365,0.36363636363636365,0.22346166003455886
B_no_group,3566,ARM,5d_3pct,18,18,0.8888888955116272,0.7654701585796946,0.11390062635769962,0.3984166328776017,0.5625,0.5625,0.12341873693193262
B_no_group,3566,ARM,5d_5pct,18,18,0.7777777910232544,0.6695184985508048,0.18270579727230757,0.5538794022588266,0.75,0.75,0.10825929247244959
B_no_group,3566,ARM,5d_8pct,18,18,0.6666666865348816,0.5104962919103189,0.24479661019513552,0.682732208682751,0.6319444444444444,0.6319444444444444,0.15617039462456273
B_no_group,3566,AVGO,1d_3pct,18,18,0.2222222238779068,0.3447383370946487,0.18779559036260426,0.5634779811672602,0.5535714285714286,0.5535714285714286,0.12251611321674188
B_no_group,3566,AVGO,1d_5pct,18,18,0.0555555559694767,0.24389429735695517,0.0876192913066349,0.3414148148735181,0.6176470588235294,0.6176470588235294,0.18833874138747847
B_no_group,3566,AVGO,1d_8pct,18,18,0.0,0.06708771919332127,0.004556752118778211,0.06947642314007586,,,0.06708771919332127
B_no_group,3566,AVGO,3d_3pct,18,18,0.3888888955116272,0.6618570773563511,0.3124723547119557,0.8240960647971008,0.49350649350649345,0.4935064935064934,0.27296818184472393
B_no_group,3566,AVGO,3d_5pct,18,18,0.2222222238779068,0.46724026268241026,0.23872735214111276,0.6703438140292252,0.41964285714285715,0.41964285714285715,0.24501803880450346
B_no_group,3566,AVGO,3d_8pct,18,18,0.0,0.2510457408574827,0.06306335583275186,0.2891127266025864,,,0.2510457408574827
B_no_group,3566,AVGO,5d_3pct,18,18,0.5,0.7318366613992682,0.30444503672458045,0.8165572512441281,0.49382716049382713,0.49382716049382713,0.23183666139926817
B_no_group,3566,AVGO,5d_5pct,18,18,0.2222222238779068,0.5991151905583819,0.3157749796597391,0.8267170373448895,0.44642857142857145,0.44642857142857145,0.3768929666804751
B_no_group,3566,AVGO,5d_8pct,18,18,0.0,0.39528344245069974,0.15646397802446274,0.5032904741849191,,,0.39528344245069974
B_no_group,3566,AXTI,1d_3pct,18,18,0.5,0.5735789736511095,0.2554301993175944,0.704149862978962,0.5,0.5,0.07357897365110955
B_no_group,3566,AXTI,1d_5pct,18,18,0.5,0.4085008892123543,0.256787339545104,0.7069991974151899,0.611111111111111,0.611111111111111,0.09149911078764572
B_no_group,3566,AXTI,1d_8pct,18,18,0.3333333432674408,0.29552843278954355,0.22699489835494338,0.6478598241692858,0.3888888888888889,0.3888888888888889,0.03780491047789725
B_no_group,3566,AXTI,3d_3pct,18,18,0.6111111044883728,0.7069411174502371,0.24683771110261132,0.6892532777055462,0.5,0.5,0.09583001296186433
B_no_group,3566,AXTI,3d_5pct,18,18,0.6111111044883728,0.6180041677290529,0.23798828808327807,0.6689423005973099,0.512987012987013,0.512987012987013,0.006893063240680064
B_no_group,3566,AXTI,3d_8pct,18,18,0.6111111044883728,0.4835701271210644,0.253747256721804,0.700645080815458,0.5194805194805194,0.5194805194805194,0.1275409773673084
B_no_group,3566,AXTI,5d_3pct,18,18,0.7222222089767456,0.7702924154490512,0.20292802742748198,0.5970859299442544,0.5,0.5,0.04807020647230564
B_no_group,3566,AXTI,5d_5pct,18,18,0.7222222089767456,0.6761725586944178,0.2027378554616413,0.5958173940770985,0.5,0.5,0.04604965028232777
B_no_group,3566,AXTI,5d_8pct,18,18,0.6666666865348816,0.5427855996319764,0.23898913746699707,0.6710737073595294,0.4583333333333333,0.4583333333333333,0.12388108690290522
B_no_group,3566,CIEN,1d_3pct,18,18,0.3888888955116272,0.5156094343866346,0.24533287620662433,0.6836999265640105,0.6103896103896104,0.6103896103896104,0.12672053887500745
B_no_group,3566,CIEN,1d_5pct,18,18,0.2222222238779068,0.3618036426725427,0.1871693891412383,0.5636668568062368,0.6517857142857143,0.6517857142857143,0.13958141879463593
B_no_group,3566,CIEN,1d_8pct,18,18,0.0555555559694767,0.16609545823140082,0.07072323338286139,0.29483604120921114,0.0,0.0,0.11053990226192412
B_no_group,3566,CIEN,3d_3pct,18,18,0.6666666865348816,0.7020792917442419,0.2199186137641892,0.6310358070997842,0.8055555555555556,0.8055555555555556,0.03541260520936029
B_no_group,3566,CIEN,3d_5pct,18,18,0.5,0.6037477711256243,0.24786520548385596,0.6885423152904225,0.7530864197530864,0.7530864197530864,0.10374777112562428
B_no_group,3566,CIEN,3d_8pct,18,18,0.3888888955116272,0.39474313059414085,0.22441898642740243,0.6406450747512382,0.7792207792207793,0.7792207792207793,0.005854235082513648
B_no_group,3566,CIEN,5d_3pct,18,18,0.7222222089767456,0.7698877651175059,0.20230640408998996,0.5953409248911634,0.7,0.7,0.04766555614076029
B_no_group,3566,CIEN,5d_5pct,18,18,0.6111111044883728,0.6755676441359076,0.24107584628886666,0.6757842667389322,0.5714285714285714,0.5714285714285714,0.06445653964753484
B_no_group,3566,CIEN,5d_8pct,18,18,0.4444444477558136,0.49988206212475284,0.24467341629018385,0.6824972898503296,0.6875,0.6875,0.055437614368939236
B_no_group,3566,COHR,1d_3pct,18,18,0.4444444477558136,0.5319887530519267,0.2652667297479281,0.723858979249655,0.3125,0.3125,0.08754430529611312
B_no_group,3566,COHR,1d_5pct,18,18,0.3888888955116272,0.37284484537586715,0.24303579716118476,0.6799451148593407,0.4090909090909091,0.4090909090909091,0.016044050135760046
B_no_group,3566,COHR,1d_8pct,18,18,0.1111111119389534,0.2270656997379702,0.12565445401434938,0.4323495229719367,0.0,0.0,0.1159545877990168
B_no_group,3566,COHR,3d_3pct,18,18,0.6666666865348816,0.7030316943570339,0.22621104082938148,0.6459394687583306,0.3333333333333333,0.3333333333333333,0.03636500782215235
B_no_group,3566,COHR,3d_5pct,18,18,0.5555555820465088,0.5950715504578415,0.24703965088582333,0.687168266936504,0.5125,0.5125,0.03951596841133276
B_no_group,3566,COHR,3d_8pct,18,18,0.4444444477558136,0.4174872940992078,0.2546881217088835,0.7032929797010542,0.33749999999999997,0.33749999999999997,0.02695715365660578
B_no_group,3566,COHR,5d_3pct,18,18,0.7222222089767456,0.7693001915819043,0.20338875213223648,0.5983781755199211,0.34615384615384615,0.34615384615384615,0.04707798260515872
B_no_group,3566,COHR,5d_5pct,18,18,0.6666666865348816,0.6743578150188871,0.22350767157525805,0.639425169556095,0.375,0.375,0.007691128484005549
B_no_group,3566,COHR,5d_8pct,18,18,0.5555555820465088,0.5163724116679193,0.2553434084595423,0.703853291514376,0.21250000000000002,0.2125,0.03918317037858954
B_no_group,3566,CRDO,1d_3pct,18,18,0.3333333432674408,0.5408323030167078,0.27001719828058335,0.7335663488821587,0.4027777777777778,0.4027777777777778,0.20749895974926702
B_no_group,3566,CRDO,1d_5pct,18,18,0.2222222238779068,0.3871703323595854,0.20239145193089306,0.5965246128645467,0.39285714285714285,0.39285714285714285,0.16494810848167862
B_no_group,3566,CRDO,1d_8pct,18,18,0.0555555559694767,0.22837829377981528,0.08801516106433444,0.3420145642211134,0.05882352941176472,0.05882352941176472,0.17282273781033858
B_no_group,3566,CRDO,3d_3pct,18,18,0.5555555820465088,0.7069411174502371,0.2698311685970821,0.7381740457161361,0.5,0.5,0.15138553540372834
B_no_group,3566,CRDO,3d_5pct,18,18,0.4444444477558136,0.6170331310102705,0.27593539725357885,0.7461837432268158,0.6562500000000001,0.6562500000000001,0.17258868325445686
B_no_group,3566,CRDO,3d_8pct,18,18,0.3333333432674408,0.42707762689936346,0.23208090424210692,0.6570883196146756,0.5069444444444444,0.5069444444444444,0.09374428363192266
B_no_group,3566,CRDO,5d_3pct,18,18,0.6666666865348816,0.7702924154490512,0.23296051803293213,0.6643061007527723,0.5,0.5,0.10362572891416966
B_no_group,3566,CRDO,5d_5pct,18,18,0.5,0.6761725586944178,0.28103677043693814,0.7594257324006038,0.5,0.5,0.17617255869441784
B_no_group,3566,CRDO,5d_8pct,18,18,0.3333333432674408,0.5349772316707194,0.26510487697712265,0.7234300434934811,0.41666666666666663,0.41666666666666663,0.20164388840327863
B_no_group,3566,CSCO,1d_3pct,18,18,0.0,0.22961478641934827,0.052741628323309496,0.26088042384312454,,,0.22961478641934827
B_no_group,3566,CSCO,1d_5pct,18,18,0.0,0.19023945939022135,0.03630551730179476,0.21110709113314044,,,0.19023945939022135
B_no_group,3566,CSCO,1d_8pct,18,18,0.0,0.06291739083238566,0.003963701289530585,0.06498675415083552,,,0.06291739083238566
B_no_group,3566,CSCO,3d_3pct,18,18,0.0,0.616300646099047,0.37985921142793483,0.958009929972661,,,0.616300646099047
B_no_group,3566,CSCO,3d_5pct,18,18,0.0,0.3625295372109892,0.13145419398165262,0.4502803035669863,,,0.3625295372109892
B_no_group,3566,CSCO,3d_8pct,18,18,0.0,0.23915537885600832,0.0571980683196947,0.273328523410742,,,0.23915537885600832
B_no_group,3566,CSCO,5d_3pct,18,18,0.0,0.6835051763193883,0.4673222623030287,1.1511491479172582,,,0.6835051763193883
B_no_group,3566,CSCO,5d_5pct,18,18,0.0,0.5470161443600027,0.29927281251417226,0.7920110810918092,,,0.5470161443600027
B_no_group,3566,CSCO,5d_8pct,18,18,0.0,0.34221737664118745,0.11712544637292496,0.4188954779773258,,,0.34221737664118745
B_no_group,3566,FN,1d_3pct,18,18,0.3333333432674408,0.477064752305557,0.2603738743003283,0.7139650406247858,0.40277777777777773,0.40277777777777773,0.1437314090381162
B_no_group,3566,FN,1d_5pct,18,18,0.1111111119389534,0.32689488302613884,0.14761321544041717,0.48056954305533967,0.515625,0.515625,0.21578377108718544
B_no_group,3566,FN,1d_8pct,18,18,0.0,0.14061762050079188,0.02032130968223578,0.15191853453716975,,,0.14061762050079188
B_no_group,3566,FN,3d_3pct,18,18,0.5555555820465088,0.6875470864609367,0.26428760439141397,0.7250547650543706,0.51875,0.51875,0.13199150441442786
B_no_group,3566,FN,3d_5pct,18,18,0.4444444477558136,0.5712174250199896,0.2573377686673697,0.7080657754140988,0.7125,0.7125,0.12677297726417602
B_no_group,3566,FN,3d_8pct,18,18,0.1111111119389534,0.3742143518413494,0.17210909548039996,0.5344531057066496,0.25,0.25,0.263103239902396
B_no_group,3566,FN,5d_3pct,18,18,0.6666666865348816,0.7630447227911349,0.23151730457599523,0.6602762941986199,0.5,0.5,0.0963780362562533
B_no_group,3566,FN,5d_5pct,18,18,0.5,0.6689135839922946,0.2785581452139849,0.7538133351973303,0.5,0.5,0.1689135839922946
B_no_group,3566,FN,5d_8pct,18,18,0.1111111119389534,0.44704325064568085,0.22142111189540697,0.6359009435573637,0.046875,0.046875,0.33593213870672745
B_no_group,3566,INTC,1d_3pct,18,18,0.3888888955116272,0.4659329062410877,0.25436912658010785,0.7019270901117184,0.3246753246753246,0.3246753246753246,0.07704401072946049
B_no_group,3566,INTC,1d_5pct,18,18,0.2777777910232544,0.31746949035426664,0.19966760339650905,0.5887447993708075,0.7230769230769231,0.7230769230769231,0.03969169933101224
B_no_group,3566,INTC,1d_8pct,18,18,0.1111111119389534,0.14357669807539847,0.10254012150900055,0.36362814816465683,0.40625,0.40625,0.03246558613644507
B_no_group,3566,INTC,3d_3pct,18,18,0.6666666865348816,0.6873666239219678,0.22188137348420528,0.6356968578460392,0.5833333333333334,0.5833333333333334,0.020699937387086198
B_no_group,3566,INTC,3d_5pct,18,18,0.6111111044883728,0.5742709133490549,0.2415183363388982,0.6761977424107659,0.4285714285714286,0.42857142857142855,0.03684019113931791
B_no_group,3566,INTC,3d_8pct,18,18,0.4444444477558136,0.3873620130452234,0.23858901662271992,0.6698973134726733,0.63125,0.63125,0.05708243471059021
B_no_group,3566,INTC,5d_3pct,18,18,0.8333333134651184,0.7651871768326939,0.1434723819686224,0.46435428078946017,0.5333333333333333,0.5333333333333333,0.06814613663242453
B_no_group,3566,INTC,5d_5pct,18,18,0.7777777910232544,0.6658890111997432,0.18509597201189265,0.5592907840550666,0.5357142857142857,0.5357142857142857,0.1118887798235112
B_no_group,3566,INTC,5d_8pct,18,18,0.6666666865348816,0.5130219200545016,0.24967827099996498,0.6925057541883204,0.375,0.375,0.15364476648037995
B_no_group,3566,LITE,1d_3pct,18,18,0.5,0.5317620905875546,0.2502177719794803,0.6935465259101199,0.5432098765432098,0.5432098765432098,0.03176209058755464
B_no_group,3566,LITE,1d_5pct,18,18,0.2777777910232544,0.36349654060301473,0.20720764491575122,0.6057818520414254,0.5461538461538462,0.5461538461538462,0.08571874957976033
B_no_group,3566,LITE,1d_8pct,18,18,0.0555555559694767,0.22914647310121486,0.08747549910745626,0.33979629857784904,0.17647058823529416,0.17647058823529416,0.17359091713173816
B_no_group,3566,LITE,3d_3pct,18,18,0.6666666865348816,0.705125140682258,0.22492905278738984,0.6429219480081603,0.375,0.375,0.038458454147376364
B_no_group,3566,LITE,3d_5pct,18,18,0.5555555820465088,0.6008047348036093,0.2480421961656648,0.6892702481864963,0.525,0.525,0.04524915275710051
B_no_group,3566,LITE,3d_8pct,18,18,0.5,0.41389363315962896,0.2558971645551338,0.7051459423955837,0.5679012345679012,0.5679012345679012,0.08610636684037104
B_no_group,3566,LITE,5d_3pct,18,18,0.7777777910232544,0.7694110551456491,0.1733051078907656,0.5310138939641568,0.39285714285714285,0.39285714285714285,0.00836673587760528
B_no_group,3566,LITE,5d_5pct,18,18,0.6666666865348816,0.6749627295773973,0.22310930911866056,0.6385232725900549,0.4166666666666667,0.4166666666666667,0.008296043042515744
B_no_group,3566,LITE,5d_8pct,18,18,0.6111111044883728,0.5233960585080264,0.24204899897338641,0.6771980029859421,0.6168831168831169,0.6168831168831169,0.0877150459803464
B_no_group,3566,MRVL,1d_3pct,18,18,0.4444444477558136,0.4997272087241206,0.2673587893020014,0.727969769373629,0.1875,0.1875,0.055282760968306977
B_no_group,3566,MRVL,1d_5pct,18,18,0.3333333432674408,0.35644665982600154,0.23361659387874217,0.6616315471203824,0.24999999999999997,0.24999999999999994,0.023113316558560748
B_no_group,3566,MRVL,1d_8pct,18,18,0.1111111119389534,0.19812411904895152,0.10250388882728244,0.3629225304220634,0.65625,0.65625,0.08701300710999813
B_no_group,3566,MRVL,3d_3pct,18,18,0.7222222089767456,0.7014646338291137,0.2014115946116146,0.5927323628422795,0.5,0.5,0.02075757514763188
B_no_group,3566,MRVL,3d_5pct,18,18,0.6111111044883728,0.5951790146040349,0.24190610904985604,0.6770934762262747,0.4025974025974026,0.4025974025974026,0.01593208988433792
B_no_group,3566,MRVL,3d_8pct,18,18,0.4444444477558136,0.409675522096496,0.24677822877726602,0.6869078398596407,0.5,0.5,0.03476892565931761
B_no_group,3566,MRVL,5d_3pct,18,18,0.8333333134651184,0.7683079677147576,0.14319692209048915,0.4635829075965343,0.45555555555555555,0.45555555555555555,0.06502534575036079
B_no_group,3566,MRVL,5d_5pct,18,18,0.7222222089767456,0.6737529004603767,0.20191164705399026,0.5939465950093408,0.6230769230769231,0.6230769230769231,0.04846930851636888
B_no_group,3566,MRVL,5d_8pct,18,18,0.5555555820465088,0.5217840244478213,0.2480150734403518,0.6891803053684211,0.51875,0.51875,0.03377155759868744
B_no_group,3566,MU,1d_3pct,18,18,0.2777777910232544,0.47504349681215696,0.23872484439285457,0.6705239226095248,0.5538461538461539,0.5538461538461539,0.19726570578890257
B_no_group,3566,MU,1d_5pct,18,18,0.1111111119389534,0.32029378122559,0.14642129863930828,0.47844141039375226,0.265625,0.265625,0.2091826692866366
B_no_group,3566,MU,1d_8pct,18,18,0.0,0.1411043558795636,0.020706596314325577,0.15265862681260833,,,0.1411043558795636
B_no_group,3566,MU,3d_3pct,18,18,0.7222222089767456,0.692677500744725,0.19936576899551406,0.587890885404726,0.6538461538461539,0.6538461538461539,0.0295447082320206
B_no_group,3566,MU,3d_5pct,18,18,0.3888888955116272,0.5731424482957433,0.2758917388955581,0.7455897735612055,0.39610389610389607,0.39610389610389607,0.18425355278411615
B_no_group,3566,MU,3d_8pct,18,18,0.2222222238779068,0.3822851955759514,0.2009148018917513,0.5935702730810912,0.14285714285714285,0.14285714285714285,0.16006297169804462
B_no_group,3566,MU,5d_3pct,18,18,0.7222222089767456,0.766545247107953,0.20209659770456323,0.5947533476965643,0.6230769230769231,0.6230769230769231,0.044323038131207415
B_no_group,3566,MU,5d_5pct,18,18,0.6111111044883728,0.6689135839922946,0.2406185168433571,0.6747483595015366,0.538961038961039,0.538961038961039,0.05780247950392181
B_no_group,3566,MU,5d_8pct,18,18,0.4444444477558136,0.49986332615024587,0.2501031382783212,0.6933534575057481,0.475,0.475,0.05541887839443227
B_no_group,3566,NVDA,1d_3pct,18,18,0.1666666716337204,0.2479404301004261,0.1503043710208919,0.4826389515672456,0.17777777777777776,0.17777777777777776,0.0812737584667057
B_no_group,3566,NVDA,1d_5pct,18,18,0.0555555559694767,0.19727646863346454,0.07415916123578747,0.3016185208235542,0.3529411764705882,0.3529411764705882,0.14172091266398784
B_no_group,3566,NVDA,1d_8pct,18,18,0.0,0.06665837309948398,0.004509910486829909,0.06902262906763246,,,0.06665837309948398
B_no_group,3566,NVDA,3d_3pct,18,18,0.6111111044883728,0.6205125368408244,0.23620800478498202,0.6651587725135175,0.6038961038961039,0.6038961038961039,0.00940143235245161
B_no_group,3566,NVDA,3d_5pct,18,18,0.2222222238779068,0.36951609406557334,0.19115416090076104,0.5727393795709746,0.8214285714285714,0.8214285714285714,0.14729387018766654
B_no_group,3566,NVDA,3d_8pct,18,18,0.1666666716337204,0.24103319973161696,0.14485968153431752,0.4679500284246886,0.4444444444444445,0.4444444444444444,0.07436652809789657
B_no_group,3566,NVDA,5d_3pct,18,18,0.6666666865348816,0.6809763687697408,0.22194428287679924,0.6358221267309614,0.48611111111111116,0.4861111111111111,0.014309682234859178
B_no_group,3566,NVDA,5d_5pct,18,18,0.4444444477558136,0.5887722376400212,0.2671407988767044,0.7278525282157002,0.5687500000000001,0.5687500000000001,0.14432778988420758
B_no_group,3566,NVDA,5d_8pct,18,18,0.2222222238779068,0.34018568793243176,0.18712135805051394,0.5638228279028575,0.4285714285714286,0.42857142857142855,0.11796346405452496
B_no_group,3566,QCOM,1d_3pct,18,18,0.2777777910232544,0.3951043031986484,0.2194134302739959,0.6314331304384804,0.3846153846153846,0.3846153846153846,0.11732651217539403
B_no_group,3566,QCOM,1d_5pct,18,18,0.1111111119389534,0.2649960896091826,0.1248380954365298,0.427069277295229,0.34375,0.34375,0.15388497767022918
B_no_group,3566,QCOM,1d_8pct,18,18,0.0555555559694767,0.0769370433667636,0.05428834322630051,0.22787093721428267,0.17647058823529416,0.17647058823529416,0.021381487397286902
B_no_group,3566,QCOM,3d_3pct,18,18,0.8333333134651184,0.6876068058929194,0.16154643267349178,0.509349665964878,0.2,0.2,0.14572650757219896
B_no_group,3566,QCOM,3d_5pct,18,18,0.5,0.5255386157916513,0.2545781491491117,0.7024136147791376,0.4691358024691358,0.4691358024691358,0.025538615791651287
B_no_group,3566,QCOM,3d_8pct,18,18,0.1111111119389534,0.368343137956956,0.16648472194275066,0.5219903047607306,0.59375,0.59375,0.2572320260180026
B_no_group,3566,QCOM,5d_3pct,18,18,1.0,0.7639937166176716,0.055704071721192544,0.26920010354020235,,,0.23600628338232843
B_no_group,3566,QCOM,5d_5pct,18,18,0.7777777910232544,0.6527434493734972,0.18847308945234906,0.5668200682932254,0.5,0.5,0.12503434164975724
B_no_group,3566,QCOM,5d_8pct,18,18,0.3333333432674408,0.48796044519642656,0.238456185722036,0.6699896600600554,0.8541666666666666,0.8541666666666666,0.15462710192898577
B_no_group,3566,SNDK,1d_3pct,18,18,0.4444444477558136,0.5236687494623065,0.26022316778911053,0.7137126795824171,0.4375,0.4375,0.07922430170649286
B_no_group,3566,SNDK,1d_5pct,18,18,0.2777777910232544,0.3693982057519747,0.2145993194532624,0.6217518992167594,0.4,0.4,0.09162041472872029
B_no_group,3566,SNDK,1d_8pct,18,18,0.0555555559694767,0.2080773551593597,0.08195424994027478,0.3220054220679123,0.3529411764705882,0.3529411764705882,0.152521799189883
B_no_group,3566,SNDK,3d_3pct,18,18,0.7777777910232544,0.7051064968891114,0.17896492676195486,0.5451190033535593,0.42857142857142855,0.42857142857142855,0.07267129413414297
B_no_group,3566,SNDK,3d_5pct,18,18,0.6111111044883728,0.598798410128415,0.23717449438712832,0.6671818087944432,0.5194805194805194,0.5194805194805194,0.012312694359957854
B_no_group,3566,SNDK,3d_8pct,18,18,0.2777777910232544,0.41535008819567854,0.22889039878457304,0.6508303653988123,0.35384615384615387,0.35384615384615387,0.13757229717242414
B_no_group,3566,SNDK,5d_3pct,18,18,0.8333333134651184,0.7697048419134498,0.1431360935957375,0.4634110115461654,0.43333333333333335,0.43333333333333335,0.06362847155166862
B_no_group,3566,SNDK,5d_5pct,18,18,0.7777777910232544,0.6749627295773973,0.18395985163101208,0.5567191034283021,0.42857142857142855,0.42857142857142855,0.10281506144585706
B_no_group,3566,SNDK,5d_8pct,18,18,0.5555555820465088,0.5163696484267847,0.2504854375136264,0.6941276007653747,0.45000000000000007,0.45000000000000007,0.03918593361972411
B_no_group,3566,STX,1d_3pct,18,18,0.4444444477558136,0.49860130999521435,0.2591638635227586,0.7115256282364334,0.3875,0.3875,0.05415686223940075
B_no_group,3566,STX,1d_5pct,18,18,0.1666666716337204,0.34537123077967485,0.1769809654450505,0.5434667628904287,0.2666666666666667,0.2666666666666667,0.17870455914595446
B_no_group,3566,STX,1d_8pct,18,18,0.0,0.1843728122491406,0.0353571842602886,0.20484347110225626,,,0.1843728122491406
B_no_group,3566,STX,3d_3pct,18,18,0.6111111044883728,0.6956745683193848,0.24443733994242228,0.6835927916176702,0.5454545454545454,0.5454545454545454,0.08456346383101199
B_no_group,3566,STX,3d_5pct,18,18,0.4444444477558136,0.5813925865053068,0.26900163064894245,0.7318969152882662,0.475,0.475,0.1369481387494932
B_no_group,3566,STX,3d_8pct,18,18,0.3888888955116272,0.39263285790887403,0.24163339247255106,0.6764645416397734,0.4675324675324676,0.4675324675324675,0.003743962397246836
B_no_group,3566,STX,5d_3pct,18,18,0.7222222089767456,0.7670607610032429,0.2026670674060345,0.5963542420024088,0.4923076923076923,0.4923076923076923,0.044838552026497336
B_no_group,3566,STX,5d_5pct,18,18,0.6111111044883728,0.6695184985508048,0.24142998350378017,0.6765856560014555,0.4675324675324676,0.4675324675324675,0.058407394062432005
B_no_group,3566,STX,5d_8pct,18,18,0.5555555820465088,0.5156930452112402,0.25270436772674176,0.6985627386419581,0.49374999999999997,0.49375,0.039862536835268636
B_no_group,3566,WDC,1d_3pct,18,18,0.4444444477558136,0.49936310398299294,0.24241315453845436,0.6779194031325501,0.6125,0.6125,0.05491865622717934
B_no_group,3566,WDC,1d_5pct,18,18,0.1111111119389534,0.3430089771595564,0.15139252401239484,0.48943925696284335,0.53125,0.53125,0.23189786522060302
B_no_group,3566,WDC,1d_8pct,18,18,0.0,0.1943702685942033,0.038601655762441664,0.2167698136304153,,,0.1943702685942033
B_no_group,3566,WDC,3d_3pct,18,18,0.6666666865348816,0.694733659483656,0.22202643762444238,0.6360348283353034,0.5694444444444444,0.5694444444444444,0.02806697294877436
B_no_group,3566,WDC,3d_5pct,18,18,0.4444444477558136,0.5803895748110065,0.26942946182129446,0.7328065871483082,0.4625,0.4625,0.1359451270551929
B_no_group,3566,WDC,3d_8pct,18,18,0.3333333432674408,0.39367841298042683,0.2234812281182099,0.6394839249331966,0.5138888888888888,0.5138888888888888,0.06034506971298603
B_no_group,3566,WDC,5d_3pct,18,18,0.7777777910232544,0.7670607610032429,0.17263457680058433,0.529134071193891,0.5892857142857143,0.5892857142857143,0.010717030020011453
B_no_group,3566,WDC,5d_5pct,18,18,0.6111111044883728,0.6695184985508048,0.24142998350378017,0.6765856560014555,0.4675324675324676,0.4675324675324675,0.058407394062432005
B_no_group,3566,WDC,5d_8pct,18,18,0.5,0.517845954361064,0.24703188113524868,0.6872022451369781,0.5864197530864198,0.5864197530864198,0.017845954361063954
B_no_group,7566,chips,1d_3pct,144,18,0.3541666567325592,0.4256434316626019,0.23338124426603912,0.6578770291866706,0.5460678895214,0.3357271095152603,0.07147677493004267
B_no_group,7566,chips,1d_5pct,144,18,0.1666666716337204,0.29810251212243905,0.15291606225277532,0.48602243866803696,0.6378472222222222,0.40512048192771083,0.13143584048871865
B_no_group,7566,chips,1d_8pct,144,18,0.0694444477558136,0.13040905710665796,0.06672917574674624,0.2585967585063981,0.6899253731343283,0.4125,0.060964609350844357
B_no_group,7566,chips,3d_3pct,144,18,0.6388888955116272,0.6802054143617441,0.23080042478574347,0.6543660718783761,0.5542433110367894,0.5108695652173914,0.04131651885011689
B_no_group,7566,chips,3d_5pct,144,18,0.4791666567325592,0.5340138530541872,0.23954203407453947,0.6719163333763624,0.6093719806763285,0.4740932642487047,0.054847196321628044
B_no_group,7566,chips,3d_8pct,144,18,0.3402777910232544,0.3530063661798595,0.20817742488685895,0.6037741961972193,0.669280343716434,0.4607218683651805,0.012728575156605082
B_no_group,7566,chips,5d_3pct,144,18,0.7708333134651184,0.7513101431819893,0.17353899783848725,0.5301904419308472,0.591045591045591,0.4876543209876543,0.01952317028312911
B_no_group,7566,chips,5d_5pct,144,18,0.6319444179534912,0.6485432582499321,0.22344788991189501,0.6382635311369635,0.657267261040846,0.5165692007797271,0.016598840296440875
B_no_group,7566,chips,5d_8pct,144,18,0.4513888955116272,0.47300699414400327,0.22663517109845305,0.6456082810823164,0.7308666017526777,0.5287128712871287,0.02161809863237607
B_no_group,7566,optics,1d_3pct,216,18,0.35648149251937866,0.477545819031831,0.23726572013583785,0.6642268622239795,0.5510137344669718,0.4175757575757576,0.12106432651245236
B_no_group,7566,optics,1d_5pct,216,18,0.21296297013759613,0.3354306066611135,0.17255083207276944,0.5278010725617753,0.658695652173913,0.45686619718309857,0.12246763652351739
B_no_group,7566,optics,1d_8pct,216,18,0.07870370149612427,0.1799536188553768,0.08051366029863638,0.29882080722762167,0.7070647354419155,0.3654618473895582,0.10124991735925254
B_no_group,7566,optics,3d_3pct,216,18,0.5462962985038757,0.690755033999189,0.2606505381665368,0.7168564207547674,0.62590799031477,0.49278846153846156,0.1444587354953133
B_no_group,7566,optics,3d_5pct,216,18,0.43981480598449707,0.5657124656872851,0.24206796065672506,0.6769120587651736,0.6831230969986951,0.5740740740740741,0.125897659702788
B_no_group,7566,optics,3d_8pct,216,18,0.32407405972480774,0.38450156987168854,0.20476509118272157,0.5967737392002979,0.6735322896281801,0.4583333333333333,0.0604275101468808
B_no_group,7566,optics,5d_3pct,216,18,0.6342592835426331,0.758261506461406,0.23823066719808428,0.6722037786422133,0.6476023283747575,0.48299319727891155,0.12400222291877294
B_no_group,7566,optics,5d_5pct,216,18,0.5231481194496155,0.655570816474822,0.2529834534334794,0.6996816212975087,0.6799123636051208,0.48280254777070064,0.13242269702520648
B_no_group,7566,optics,5d_8pct,216,18,0.3888888955116272,0.4882966633041462,0.22550748453001027,0.6431910902738052,0.7453102453102454,0.4920289855072464,0.09940776779251898
B_no_group,7566,storage,1d_3pct,72,18,0.4027777910232544,0.4991691650631678,0.2501312575607946,0.6934204083902313,0.5228548516439455,0.49508196721311476,0.09639137403991338
B_no_group,7566,storage,1d_5pct,72,18,0.1666666716337204,0.344518048729199,0.17234852688750402,0.5332748323659459,0.45902777777777776,0.3649425287356322,0.1778513770954786
B_no_group,7566,storage,1d_8pct,72,18,0.013888888992369175,0.1819811979705668,0.044154921569332664,0.22406933340329804,0.46478873239436624,0.3529411764705882,0.16809230897819763
B_no_group,7566,storage,3d_3pct,72,18,0.6944444179534912,0.6970480563592195,0.2111986183310834,0.6131593771778149,0.5727272727272728,0.5537037037037037,0.0026036384057283035
B_no_group,7566,storage,3d_5pct,72,18,0.4722222089767456,0.583430754935118,0.2628743314382309,0.7193687711980556,0.4868421052631579,0.46337579617834396,0.11120854595837237
B_no_group,7566,storage,3d_8pct,72,18,0.3055555522441864,0.3959866386652327,0.22372995531677128,0.6400872762632184,0.4304545454545454,0.3851851851851852,0.0904310864210463
B_no_group,7566,storage,5d_3pct,72,18,0.7638888955116272,0.7675929027569722,0.18013358387672987,0.5459131681097575,0.56951871657754,0.5411255411255411,0.0037040072453450312
B_no_group,7566,storage,5d_5pct,72,18,0.6527777910232544,0.6707283276678253,0.22685958387048238,0.6461596937331875,0.5153191489361701,0.47909407665505227,0.017950536644570914
B_no_group,7566,storage,5d_8pct,72,18,0.5138888955116272,0.5124429935373337,0.2500812061634845,0.6933115105125147,0.518918918918919,0.5015576323987538,0.0014459019742935064
B_no_group,7566,optics_direct,1d_3pct,108,18,0.4166666567325592,0.5293031022993064,0.2583678357547773,0.7099771305474522,0.4911816578483245,0.458963282937365,0.11263644556674723
B_no_group,7566,optics_direct,1d_5pct,108,18,0.28703704476356506,0.3695323300438283,0.20699848434821722,0.6048292214847721,0.6091328026811899,0.5286103542234333,0.08249528528026323
B_no_group,7566,optics_direct,1d_8pct,108,18,0.10185185074806213,0.21789628444808323,0.10330116294037424,0.3681551816697501,0.6279287722586692,0.2838709677419355,0.1160444337000211
B_no_group,7566,optics_direct,3d_3pct,108,18,0.6296296119689941,0.701944241357491,0.23817028899626622,0.6705764240552899,0.5264705882352941,0.5055555555555555,0.07231462938849686
B_no_group,7566,optics_direct,3d_5pct,108,18,0.5277777910232544,0.6003330076948338,0.2491879812624562,0.6915097128820015,0.5988992088063295,0.6148225469728601,0.07255521667157938
B_no_group,7566,optics_direct,3d_8pct,108,18,0.39814814925193787,0.4200495950447697,0.2333335785181139,0.659258527316178,0.60304114490161,0.4892601431980907,0.02190144579283182
B_no_group,7566,optics_direct,5d_3pct,108,18,0.7129629850387573,0.7687047609223827,0.20773435235823354,0.6077335532118143,0.5050272308336825,0.49240506329113926,0.05574177588362539
B_no_group,7566,optics_direct,5d_5pct,108,18,0.6388888955116272,0.6743578150188871,0.2318835686439795,0.6566804861362473,0.5100334448160535,0.4783599088838269,0.035468919507259944
B_no_group,7566,optics_direct,5d_8pct,108,18,0.49074074625968933,0.5112544032519177,0.24119810477442605,0.6755119759864365,0.6708404802744425,0.47743467933491684,0.020513656992228402
B_no_group,7566,optics_connectivity_chips,1d_3pct,72,18,0.3472222089767456,0.4799872268329092,0.2506078455258669,0.6932635562410661,0.4442553191489361,0.3263157894736842,0.13276501785616357
B_no_group,7566,optics_connectivity_chips,1d_5pct,72,18,0.2083333283662796,0.34037039140135256,0.18165127441251772,0.5493594428001928,0.4859649122807017,0.32587064676616917,0.13203706303507295
B_no_group,7566,optics_connectivity_chips,1d_8pct,72,18,0.0833333358168602,0.17771428354697758,0.0840480002456211,0.30759084755568417,0.648989898989899,0.5,0.09438094773011738
B_no_group,7566,optics_connectivity_chips,3d_3pct,72,18,0.5555555820465088,0.6937247177767376,0.263736288062184,0.7241214877788866,0.544140625,0.4718543046357616,0.13816913573022882
B_no_group,7566,optics_connectivity_chips,3d_5pct,72,18,0.4583333432674408,0.5715277160475702,0.25224064803428436,0.6979442813085728,0.6006216006216006,0.5273037542662116,0.11319437278012945
B_no_group,7566,optics_connectivity_chips,3d_8pct,72,18,0.3333333432674408,0.37397097372433524,0.20659785173962053,0.5992675049974794,0.6119791666666666,0.4051724137931034,0.04063763045689445
B_no_group,7566,optics_connectivity_chips,5d_3pct,72,18,0.6805555820465088,0.7600354716191319,0.22095088791365988,0.635574403189159,0.5661047027506655,0.4714828897338403,0.07947988957262309
B_no_group,7566,optics_connectivity_chips,5d_5pct,72,18,0.5277777910232544,0.6560008448226434,0.255458176567332,0.7046531593362222,0.6462848297213621,0.49635036496350365,0.12822305379938903
B_no_group,7566,optics_connectivity_chips,5d_8pct,72,18,0.3888888955116272,0.4922066303657998,0.2268301382039313,0.64611802140961,0.6757305194805195,0.5200892857142857,0.10331773485417262
B_no_group,7566,optics_switching,1d_3pct,36,18,0.1944444477558136,0.3173911536272487,0.14727512249896163,0.46890266921938856,0.812807881773399,0.5064935064935064,0.12294670587143508
B_no_group,7566,optics_switching,1d_5pct,36,18,0.0,0.22324586703249116,0.05100699056692936,0.25359988531595046,,,0.22324586703249116
B_no_group,7566,optics_switching,1d_8pct,36,18,0.0,0.07060429269405602,0.005082472479453255,0.07327760324511166,,,0.07060429269405602
B_no_group,7566,optics_switching,3d_3pct,36,18,0.2777777910232544,0.6512480443691866,0.3219197858860544,0.8411662768049628,0.8461538461538463,0.5,0.3734702533459322
B_no_group,7566,optics_switching,3d_5pct,36,18,0.1388888955116272,0.4502203389440688,0.20036252408441302,0.5910546513278915,0.7838709677419355,0.48461538461538467,0.3113314434324416
B_no_group,7566,optics_switching,3d_8pct,36,18,0.0833333358168602,0.29891868664715104,0.11539410806274669,0.40433184325829385,0.7474747474747474,0.4444444444444444,0.21558535083029085
B_no_group,7566,optics_switching,5d_3pct,36,18,0.3055555522441864,0.723383812763024,0.3642791702864854,0.9388732058395168,0.8527272727272727,0.47402597402597413,0.4178282605188376
B_no_group,7566,optics_switching,5d_5pct,36,18,0.1666666716337204,0.5983497641469838,0.3113336615342739,0.8187419507038647,0.7833333333333333,0.4583333333333333,0.4316830925132634
B_no_group,7566,optics_switching,5d_8pct,36,18,0.0833333358168602,0.4116035093375246,0.17579031644892107,0.5403745708643011,0.7676767676767677,0.4888888888888889,0.3282701735206644
B_no_group,7566,AAOI,1d_3pct,18,18,0.3333333432674408,0.5458146098130555,0.2735855629767083,0.74064244795718,0.375,0.375,0.21248126654561472
B_no_group,7566,AAOI,1d_5pct,18,18,0.2222222238779068,0.38365317937305154,0.2001775198856078,0.5920127647311001,0.4375,0.4375,0.16143095549514475
B_no_group,7566,AAOI,1d_8pct,18,18,0.0555555559694767,0.24892402232757804,0.08863758310039922,0.3421708685530482,0.7647058823529411,0.7647058823529411,0.19336846635810134
B_no_group,7566,AAOI,3d_3pct,18,18,0.6111111044883728,0.7069411174502371,0.24683771110261127,0.6892532777055462,0.5,0.5,0.09583001296186433
B_no_group,7566,AAOI,3d_5pct,18,18,0.5,0.6131523970328847,0.25685477828874526,0.7070693708671785,0.6666666666666666,0.6666666666666666,0.11315239703288471
B_no_group,7566,AAOI,3d_8pct,18,18,0.3333333432674408,0.436389033453227,0.23914084621505996,0.6713689805270842,0.3333333333333333,0.3333333333333333,0.1030556901857862
B_no_group,7566,AAOI,5d_3pct,18,18,0.6666666865348816,0.7702924154490512,0.23296051803293213,0.6643061007527723,0.5,0.5,0.10362572891416966
B_no_group,7566,AAOI,5d_5pct,18,18,0.6666666865348816,0.6761725586944178,0.2223125842054655,0.6367194786579748,0.5,0.5,0.009505872159536244
B_no_group,7566,AAOI,5d_8pct,18,18,0.5555555820465088,0.53804703693315,0.24471255556103935,0.682548620651079,0.5874999999999999,0.5874999999999999,0.017508545113358753
B_no_group,7566,ALAB,1d_3pct,18,18,0.3888888955116272,0.5346510584961598,0.27725980415827833,0.7480401255412159,0.23376623376623376,0.23376623376623376,0.1457621629845326
B_no_group,7566,ALAB,1d_5pct,18,18,0.2222222238779068,0.3739702760628682,0.20297776053380076,0.5978667963423239,0.2678571428571429,0.2678571428571429,0.1517480521849614
B_no_group,7566,ALAB,1d_8pct,18,18,0.1666666716337204,0.21726700216582226,0.14111619897208938,0.455949872439484,0.5555555555555556,0.5555555555555556,0.05060033053210186
B_no_group,7566,ALAB,3d_3pct,18,18,0.5555555820465088,0.7046360424712471,0.2712300343280835,0.7414834777600307,0.4,0.4,0.14908046042473833
B_no_group,7566,ALAB,3d_5pct,18,18,0.5555555820465088,0.6066584558935652,0.2523937336925898,0.698156091751976,0.59375,0.59375,0.05110287384705636
B_no_group,7566,ALAB,3d_8pct,18,18,0.5555555820465088,0.408085005043999,0.2844689181063574,0.7639611339130148,0.21875,0.21875,0.14747057700250976
B_no_group,7566,ALAB,5d_3pct,18,18,0.7222222089767456,0.7697048419134498,0.20320107480663782,0.5978513531632013,0.4230769230769231,0.4230769230769231,0.04748263293670418
B_no_group,7566,ALAB,5d_5pct,18,18,0.6666666865348816,0.6749627295773973,0.22310930911866056,0.6385232725900549,0.4166666666666667,0.4166666666666667,0.008296043042515744
B_no_group,7566,ALAB,5d_8pct,18,18,0.6666666865348816,0.5167818228939587,0.23773662437378792,0.6685712625916187,0.625,0.625,0.1498848636409229
B_no_group,7566,AMD,1d_3pct,18,18,0.3888888955116272,0.43567892392731333,0.24995868132869775,0.6931323749015321,0.40259740259740256,0.40259740259740256,0.046790028415686136
B_no_group,7566,AMD,1d_5pct,18,18,0.0555555559694767,0.3015929793653809,0.11257307936719961,0.4044640008493723,0.5882352941176471,0.5882352941176471,0.24603742339590418
B_no_group,7566,AMD,1d_8pct,18,18,0.0555555559694767,0.11019945758911048,0.05685798139356733,0.23987673221521064,0.05882352941176472,0.05882352941176472,0.05464390161963378
B_no_group,7566,AMD,3d_3pct,18,18,0.5555555820465088,0.6861954426393262,0.26398036034417394,0.7243226236372647,0.5,0.5,0.1306398605928174
B_no_group,7566,AMD,3d_5pct,18,18,0.4444444477558136,0.5621679853452681,0.26592417137086255,0.7253204749009741,0.21250000000000002,0.2125,0.11772353758945453
B_no_group,7566,AMD,3d_8pct,18,18,0.3888888955116272,0.37085686625328756,0.23637257162797315,0.6655825938888993,0.5454545454545455,0.5454545454545455,0.018032029258339632
B_no_group,7566,AMD,5d_3pct,18,18,0.7222222089767456,0.7650042536286378,0.20244758616187686,0.5957388795046875,0.5,0.5,0.04278204465189217
B_no_group,7566,AMD,5d_5pct,18,18,0.6666666865348816,0.663592048639234,0.22337152584951664,0.639078561328605,0.3333333333333333,0.3333333333333333,0.0030746378956475473
B_no_group,7566,AMD,5d_8pct,18,18,0.5,0.4985423182658677,0.2508132679813712,0.6947737556795884,0.2777777777777778,0.2777777777777778,0.001457681734132299
B_no_group,7566,ANET,1d_3pct,18,18,0.3888888955116272,0.4051675208351491,0.24180861667461384,0.6769249145956526,0.5064935064935064,0.5064935064935064,0.016278625323521922
B_no_group,7566,ANET,1d_5pct,18,18,0.0,0.2562522746747609,0.06570846383206397,0.29609267949876056,,,0.2562522746747609
B_no_group,7566,ANET,1d_8pct,18,18,0.0,0.07829119455572639,0.006201243669375924,0.08156845233938781,,,0.07829119455572639
B_no_group,7566,ANET,3d_3pct,18,18,0.5555555820465088,0.6861954426393262,0.26398036034417394,0.7243226236372649,0.5,0.5,0.1306398605928174
B_no_group,7566,ANET,3d_5pct,18,18,0.2777777910232544,0.5379111406771485,0.2692708541871735,0.7318289990887963,0.48461538461538467,0.48461538461538467,0.2601333496538941
B_no_group,7566,ANET,3d_8pct,18,18,0.1666666716337204,0.35868199443829396,0.17359014780579868,0.5353351631058456,0.4444444444444445,0.4444444444444444,0.19201532280457356
B_no_group,7566,ANET,5d_3pct,18,18,0.6111111044883728,0.7632624492066596,0.26123607826994194,0.7265972637617754,0.4740259740259741,0.47402597402597413,0.15215134471828684
B_no_group,7566,ANET,5d_5pct,18,18,0.3333333432674408,0.6496833839339646,0.32339451055437546,0.8454728203159202,0.45833333333333337,0.4583333333333333,0.31635004066652384
B_no_group,7566,ANET,5d_8pct,18,18,0.1666666716337204,0.48098964203386174,0.23445518652491723,0.6618536637512767,0.48888888888888893,0.4888888888888889,0.31432297040014134
B_no_group,7566,ARM,1d_3pct,18,18,0.5555555820465088,0.48137428551841066,0.26059016110173544,0.7143968103922845,0.42500000000000004,0.425,0.07418129652809813
B_no_group,7566,ARM,1d_5pct,18,18,0.2222222238779068,0.3291738357713929,0.1878769128669987,0.5653697526691093,0.3035714285714286,0.30357142857142855,0.10695161189348612
B_no_group,7566,ARM,1d_8pct,18,18,0.0555555559694767,0.16342204431441212,0.0674602094401216,0.28002679538777875,0.17647058823529416,0.17647058823529416,0.10786648834493542
B_no_group,7566,ARM,3d_3pct,18,18,0.7777777910232544,0.6920041519422017,0.1776732433474406,0.5420887496658988,0.75,0.75,0.08577363908105273
B_no_group,7566,ARM,3d_5pct,18,18,0.6666666865348816,0.5715394827019397,0.23013425995312367,0.6530660733415713,0.5347222222222222,0.5347222222222222,0.09512720383294193
B_no_group,7566,ARM,3d_8pct,18,18,0.6111111044883728,0.38764944445381394,0.2848029046507352,0.7647916286555205,0.36363636363636365,0.36363636363636365,0.22346166003455886
B_no_group,7566,ARM,5d_3pct,18,18,0.8888888955116272,0.7654701585796946,0.11390062635769962,0.3984166328776017,0.5625,0.5625,0.12341873693193262
B_no_group,7566,ARM,5d_5pct,18,18,0.7777777910232544,0.6695184985508048,0.18270579727230757,0.5538794022588266,0.75,0.75,0.10825929247244959
B_no_group,7566,ARM,5d_8pct,18,18,0.6666666865348816,0.5104962919103189,0.24479661019513552,0.682732208682751,0.6319444444444444,0.6319444444444444,0.15617039462456273
B_no_group,7566,AVGO,1d_3pct,18,18,0.2222222238779068,0.3447383370946487,0.18779559036260426,0.5634779811672602,0.5535714285714286,0.5535714285714286,0.12251611321674188
B_no_group,7566,AVGO,1d_5pct,18,18,0.0555555559694767,0.24389429735695517,0.0876192913066349,0.3414148148735181,0.6176470588235294,0.6176470588235294,0.18833874138747847
B_no_group,7566,AVGO,1d_8pct,18,18,0.0,0.06708771919332127,0.004556752118778211,0.06947642314007586,,,0.06708771919332127
B_no_group,7566,AVGO,3d_3pct,18,18,0.3888888955116272,0.6618570773563511,0.3124723547119557,0.8240960647971008,0.49350649350649345,0.4935064935064934,0.27296818184472393
B_no_group,7566,AVGO,3d_5pct,18,18,0.2222222238779068,0.46724026268241026,0.23872735214111276,0.6703438140292252,0.41964285714285715,0.41964285714285715,0.24501803880450346
B_no_group,7566,AVGO,3d_8pct,18,18,0.0,0.2510457408574827,0.06306335583275186,0.2891127266025864,,,0.2510457408574827
B_no_group,7566,AVGO,5d_3pct,18,18,0.5,0.7318366613992682,0.30444503672458045,0.8165572512441281,0.49382716049382713,0.49382716049382713,0.23183666139926817
B_no_group,7566,AVGO,5d_5pct,18,18,0.2222222238779068,0.5991151905583819,0.3157749796597391,0.8267170373448895,0.44642857142857145,0.44642857142857145,0.3768929666804751
B_no_group,7566,AVGO,5d_8pct,18,18,0.0,0.39528344245069974,0.15646397802446274,0.5032904741849191,,,0.39528344245069974
B_no_group,7566,AXTI,1d_3pct,18,18,0.5,0.5735789736511095,0.2554301993175944,0.704149862978962,0.5,0.5,0.07357897365110955
B_no_group,7566,AXTI,1d_5pct,18,18,0.5,0.4085008892123543,0.256787339545104,0.7069991974151899,0.611111111111111,0.611111111111111,0.09149911078764572
B_no_group,7566,AXTI,1d_8pct,18,18,0.3333333432674408,0.29552843278954355,0.22699489835494338,0.6478598241692858,0.3888888888888889,0.3888888888888889,0.03780491047789725
B_no_group,7566,AXTI,3d_3pct,18,18,0.6111111044883728,0.7069411174502371,0.24683771110261132,0.6892532777055462,0.5,0.5,0.09583001296186433
B_no_group,7566,AXTI,3d_5pct,18,18,0.6111111044883728,0.6180041677290529,0.23798828808327807,0.6689423005973099,0.512987012987013,0.512987012987013,0.006893063240680064
B_no_group,7566,AXTI,3d_8pct,18,18,0.6111111044883728,0.4835701271210644,0.253747256721804,0.700645080815458,0.5194805194805194,0.5194805194805194,0.1275409773673084
B_no_group,7566,AXTI,5d_3pct,18,18,0.7222222089767456,0.7702924154490512,0.20292802742748198,0.5970859299442544,0.5,0.5,0.04807020647230564
B_no_group,7566,AXTI,5d_5pct,18,18,0.7222222089767456,0.6761725586944178,0.2027378554616413,0.5958173940770985,0.5,0.5,0.04604965028232777
B_no_group,7566,AXTI,5d_8pct,18,18,0.6666666865348816,0.5427855996319764,0.23898913746699707,0.6710737073595294,0.4583333333333333,0.4583333333333333,0.12388108690290522
B_no_group,7566,CIEN,1d_3pct,18,18,0.3888888955116272,0.5156094343866346,0.24533287620662433,0.6836999265640105,0.6103896103896104,0.6103896103896104,0.12672053887500745
B_no_group,7566,CIEN,1d_5pct,18,18,0.2222222238779068,0.3618036426725427,0.1871693891412383,0.5636668568062368,0.6517857142857143,0.6517857142857143,0.13958141879463593
B_no_group,7566,CIEN,1d_8pct,18,18,0.0555555559694767,0.16609545823140082,0.07072323338286139,0.29483604120921114,0.0,0.0,0.11053990226192412
B_no_group,7566,CIEN,3d_3pct,18,18,0.6666666865348816,0.7020792917442419,0.2199186137641892,0.6310358070997842,0.8055555555555556,0.8055555555555556,0.03541260520936029
B_no_group,7566,CIEN,3d_5pct,18,18,0.5,0.6037477711256243,0.24786520548385596,0.6885423152904225,0.7530864197530864,0.7530864197530864,0.10374777112562428
B_no_group,7566,CIEN,3d_8pct,18,18,0.3888888955116272,0.39474313059414085,0.22441898642740243,0.6406450747512382,0.7792207792207793,0.7792207792207793,0.005854235082513648
B_no_group,7566,CIEN,5d_3pct,18,18,0.7222222089767456,0.7698877651175059,0.20230640408998996,0.5953409248911634,0.7,0.7,0.04766555614076029
B_no_group,7566,CIEN,5d_5pct,18,18,0.6111111044883728,0.6755676441359076,0.24107584628886666,0.6757842667389322,0.5714285714285714,0.5714285714285714,0.06445653964753484
B_no_group,7566,CIEN,5d_8pct,18,18,0.4444444477558136,0.49988206212475284,0.24467341629018385,0.6824972898503296,0.6875,0.6875,0.055437614368939236
B_no_group,7566,COHR,1d_3pct,18,18,0.4444444477558136,0.5319887530519267,0.2652667297479281,0.723858979249655,0.3125,0.3125,0.08754430529611312
B_no_group,7566,COHR,1d_5pct,18,18,0.3888888955116272,0.37284484537586715,0.24303579716118476,0.6799451148593407,0.4090909090909091,0.4090909090909091,0.016044050135760046
B_no_group,7566,COHR,1d_8pct,18,18,0.1111111119389534,0.2270656997379702,0.12565445401434938,0.4323495229719367,0.0,0.0,0.1159545877990168
B_no_group,7566,COHR,3d_3pct,18,18,0.6666666865348816,0.7030316943570339,0.22621104082938148,0.6459394687583306,0.3333333333333333,0.3333333333333333,0.03636500782215235
B_no_group,7566,COHR,3d_5pct,18,18,0.5555555820465088,0.5950715504578415,0.24703965088582333,0.687168266936504,0.5125,0.5125,0.03951596841133276
B_no_group,7566,COHR,3d_8pct,18,18,0.4444444477558136,0.4174872940992078,0.2546881217088835,0.7032929797010542,0.33749999999999997,0.33749999999999997,0.02695715365660578
B_no_group,7566,COHR,5d_3pct,18,18,0.7222222089767456,0.7693001915819043,0.20338875213223648,0.5983781755199211,0.34615384615384615,0.34615384615384615,0.04707798260515872
B_no_group,7566,COHR,5d_5pct,18,18,0.6666666865348816,0.6743578150188871,0.22350767157525805,0.639425169556095,0.375,0.375,0.007691128484005549
B_no_group,7566,COHR,5d_8pct,18,18,0.5555555820465088,0.5163724116679193,0.2553434084595423,0.703853291514376,0.21250000000000002,0.2125,0.03918317037858954
B_no_group,7566,CRDO,1d_3pct,18,18,0.3333333432674408,0.5408323030167078,0.27001719828058335,0.7335663488821587,0.4027777777777778,0.4027777777777778,0.20749895974926702
B_no_group,7566,CRDO,1d_5pct,18,18,0.2222222238779068,0.3871703323595854,0.20239145193089306,0.5965246128645467,0.39285714285714285,0.39285714285714285,0.16494810848167862
B_no_group,7566,CRDO,1d_8pct,18,18,0.0555555559694767,0.22837829377981528,0.08801516106433444,0.3420145642211134,0.05882352941176472,0.05882352941176472,0.17282273781033858
B_no_group,7566,CRDO,3d_3pct,18,18,0.5555555820465088,0.7069411174502371,0.2698311685970821,0.7381740457161361,0.5,0.5,0.15138553540372834
B_no_group,7566,CRDO,3d_5pct,18,18,0.4444444477558136,0.6170331310102705,0.27593539725357885,0.7461837432268158,0.6562500000000001,0.6562500000000001,0.17258868325445686
B_no_group,7566,CRDO,3d_8pct,18,18,0.3333333432674408,0.42707762689936346,0.23208090424210692,0.6570883196146756,0.5069444444444444,0.5069444444444444,0.09374428363192266
B_no_group,7566,CRDO,5d_3pct,18,18,0.6666666865348816,0.7702924154490512,0.23296051803293213,0.6643061007527723,0.5,0.5,0.10362572891416966
B_no_group,7566,CRDO,5d_5pct,18,18,0.5,0.6761725586944178,0.28103677043693814,0.7594257324006038,0.5,0.5,0.17617255869441784
B_no_group,7566,CRDO,5d_8pct,18,18,0.3333333432674408,0.5349772316707194,0.26510487697712265,0.7234300434934811,0.41666666666666663,0.41666666666666663,0.20164388840327863
B_no_group,7566,CSCO,1d_3pct,18,18,0.0,0.22961478641934827,0.052741628323309496,0.26088042384312454,,,0.22961478641934827
B_no_group,7566,CSCO,1d_5pct,18,18,0.0,0.19023945939022135,0.03630551730179476,0.21110709113314044,,,0.19023945939022135
B_no_group,7566,CSCO,1d_8pct,18,18,0.0,0.06291739083238566,0.003963701289530585,0.06498675415083552,,,0.06291739083238566
B_no_group,7566,CSCO,3d_3pct,18,18,0.0,0.616300646099047,0.37985921142793483,0.958009929972661,,,0.616300646099047
B_no_group,7566,CSCO,3d_5pct,18,18,0.0,0.3625295372109892,0.13145419398165262,0.4502803035669863,,,0.3625295372109892
B_no_group,7566,CSCO,3d_8pct,18,18,0.0,0.23915537885600832,0.0571980683196947,0.273328523410742,,,0.23915537885600832
B_no_group,7566,CSCO,5d_3pct,18,18,0.0,0.6835051763193883,0.4673222623030287,1.1511491479172582,,,0.6835051763193883
B_no_group,7566,CSCO,5d_5pct,18,18,0.0,0.5470161443600027,0.29927281251417226,0.7920110810918092,,,0.5470161443600027
B_no_group,7566,CSCO,5d_8pct,18,18,0.0,0.34221737664118745,0.11712544637292496,0.4188954779773258,,,0.34221737664118745
B_no_group,7566,FN,1d_3pct,18,18,0.3333333432674408,0.477064752305557,0.2603738743003283,0.7139650406247858,0.40277777777777773,0.40277777777777773,0.1437314090381162
B_no_group,7566,FN,1d_5pct,18,18,0.1111111119389534,0.32689488302613884,0.14761321544041717,0.48056954305533967,0.515625,0.515625,0.21578377108718544
B_no_group,7566,FN,1d_8pct,18,18,0.0,0.14061762050079188,0.02032130968223578,0.15191853453716975,,,0.14061762050079188
B_no_group,7566,FN,3d_3pct,18,18,0.5555555820465088,0.6875470864609367,0.26428760439141397,0.7250547650543706,0.51875,0.51875,0.13199150441442786
B_no_group,7566,FN,3d_5pct,18,18,0.4444444477558136,0.5712174250199896,0.2573377686673697,0.7080657754140988,0.7125,0.7125,0.12677297726417602
B_no_group,7566,FN,3d_8pct,18,18,0.1111111119389534,0.3742143518413494,0.17210909548039996,0.5344531057066496,0.25,0.25,0.263103239902396
B_no_group,7566,FN,5d_3pct,18,18,0.6666666865348816,0.7630447227911349,0.23151730457599523,0.6602762941986199,0.5,0.5,0.0963780362562533
B_no_group,7566,FN,5d_5pct,18,18,0.5,0.6689135839922946,0.2785581452139849,0.7538133351973303,0.5,0.5,0.1689135839922946
B_no_group,7566,FN,5d_8pct,18,18,0.1111111119389534,0.44704325064568085,0.22142111189540697,0.6359009435573637,0.046875,0.046875,0.33593213870672745
B_no_group,7566,INTC,1d_3pct,18,18,0.3888888955116272,0.4659329062410877,0.25436912658010785,0.7019270901117184,0.3246753246753246,0.3246753246753246,0.07704401072946049
B_no_group,7566,INTC,1d_5pct,18,18,0.2777777910232544,0.31746949035426664,0.19966760339650905,0.5887447993708075,0.7230769230769231,0.7230769230769231,0.03969169933101224
B_no_group,7566,INTC,1d_8pct,18,18,0.1111111119389534,0.14357669807539847,0.10254012150900055,0.36362814816465683,0.40625,0.40625,0.03246558613644507
B_no_group,7566,INTC,3d_3pct,18,18,0.6666666865348816,0.6873666239219678,0.22188137348420528,0.6356968578460392,0.5833333333333334,0.5833333333333334,0.020699937387086198
B_no_group,7566,INTC,3d_5pct,18,18,0.6111111044883728,0.5742709133490549,0.2415183363388982,0.6761977424107659,0.4285714285714286,0.42857142857142855,0.03684019113931791
B_no_group,7566,INTC,3d_8pct,18,18,0.4444444477558136,0.3873620130452234,0.23858901662271992,0.6698973134726733,0.63125,0.63125,0.05708243471059021
B_no_group,7566,INTC,5d_3pct,18,18,0.8333333134651184,0.7651871768326939,0.1434723819686224,0.46435428078946017,0.5333333333333333,0.5333333333333333,0.06814613663242453
B_no_group,7566,INTC,5d_5pct,18,18,0.7777777910232544,0.6658890111997432,0.18509597201189265,0.5592907840550666,0.5357142857142857,0.5357142857142857,0.1118887798235112
B_no_group,7566,INTC,5d_8pct,18,18,0.6666666865348816,0.5130219200545016,0.24967827099996498,0.6925057541883204,0.375,0.375,0.15364476648037995
B_no_group,7566,LITE,1d_3pct,18,18,0.5,0.5317620905875546,0.2502177719794803,0.6935465259101199,0.5432098765432098,0.5432098765432098,0.03176209058755464
B_no_group,7566,LITE,1d_5pct,18,18,0.2777777910232544,0.36349654060301473,0.20720764491575122,0.6057818520414254,0.5461538461538462,0.5461538461538462,0.08571874957976033
B_no_group,7566,LITE,1d_8pct,18,18,0.0555555559694767,0.22914647310121486,0.08747549910745626,0.33979629857784904,0.17647058823529416,0.17647058823529416,0.17359091713173816
B_no_group,7566,LITE,3d_3pct,18,18,0.6666666865348816,0.705125140682258,0.22492905278738984,0.6429219480081603,0.375,0.375,0.038458454147376364
B_no_group,7566,LITE,3d_5pct,18,18,0.5555555820465088,0.6008047348036093,0.2480421961656648,0.6892702481864963,0.525,0.525,0.04524915275710051
B_no_group,7566,LITE,3d_8pct,18,18,0.5,0.41389363315962896,0.2558971645551338,0.7051459423955837,0.5679012345679012,0.5679012345679012,0.08610636684037104
B_no_group,7566,LITE,5d_3pct,18,18,0.7777777910232544,0.7694110551456491,0.1733051078907656,0.5310138939641568,0.39285714285714285,0.39285714285714285,0.00836673587760528
B_no_group,7566,LITE,5d_5pct,18,18,0.6666666865348816,0.6749627295773973,0.22310930911866056,0.6385232725900549,0.4166666666666667,0.4166666666666667,0.008296043042515744
B_no_group,7566,LITE,5d_8pct,18,18,0.6111111044883728,0.5233960585080264,0.24204899897338641,0.6771980029859421,0.6168831168831169,0.6168831168831169,0.0877150459803464
B_no_group,7566,MRVL,1d_3pct,18,18,0.4444444477558136,0.4997272087241206,0.2673587893020014,0.727969769373629,0.1875,0.1875,0.055282760968306977
B_no_group,7566,MRVL,1d_5pct,18,18,0.3333333432674408,0.35644665982600154,0.23361659387874217,0.6616315471203824,0.24999999999999997,0.24999999999999994,0.023113316558560748
B_no_group,7566,MRVL,1d_8pct,18,18,0.1111111119389534,0.19812411904895152,0.10250388882728244,0.3629225304220634,0.65625,0.65625,0.08701300710999813
B_no_group,7566,MRVL,3d_3pct,18,18,0.7222222089767456,0.7014646338291137,0.2014115946116146,0.5927323628422795,0.5,0.5,0.02075757514763188
B_no_group,7566,MRVL,3d_5pct,18,18,0.6111111044883728,0.5951790146040349,0.24190610904985604,0.6770934762262747,0.4025974025974026,0.4025974025974026,0.01593208988433792
B_no_group,7566,MRVL,3d_8pct,18,18,0.4444444477558136,0.409675522096496,0.24677822877726602,0.6869078398596407,0.5,0.5,0.03476892565931761
B_no_group,7566,MRVL,5d_3pct,18,18,0.8333333134651184,0.7683079677147576,0.14319692209048915,0.4635829075965343,0.45555555555555555,0.45555555555555555,0.06502534575036079
B_no_group,7566,MRVL,5d_5pct,18,18,0.7222222089767456,0.6737529004603767,0.20191164705399026,0.5939465950093408,0.6230769230769231,0.6230769230769231,0.04846930851636888
B_no_group,7566,MRVL,5d_8pct,18,18,0.5555555820465088,0.5217840244478213,0.2480150734403518,0.6891803053684211,0.51875,0.51875,0.03377155759868744
B_no_group,7566,MU,1d_3pct,18,18,0.2777777910232544,0.47504349681215696,0.23872484439285457,0.6705239226095248,0.5538461538461539,0.5538461538461539,0.19726570578890257
B_no_group,7566,MU,1d_5pct,18,18,0.1111111119389534,0.32029378122559,0.14642129863930828,0.47844141039375226,0.265625,0.265625,0.2091826692866366
B_no_group,7566,MU,1d_8pct,18,18,0.0,0.1411043558795636,0.020706596314325577,0.15265862681260833,,,0.1411043558795636
B_no_group,7566,MU,3d_3pct,18,18,0.7222222089767456,0.692677500744725,0.19936576899551406,0.587890885404726,0.6538461538461539,0.6538461538461539,0.0295447082320206
B_no_group,7566,MU,3d_5pct,18,18,0.3888888955116272,0.5731424482957433,0.2758917388955581,0.7455897735612055,0.39610389610389607,0.39610389610389607,0.18425355278411615
B_no_group,7566,MU,3d_8pct,18,18,0.2222222238779068,0.3822851955759514,0.2009148018917513,0.5935702730810912,0.14285714285714285,0.14285714285714285,0.16006297169804462
B_no_group,7566,MU,5d_3pct,18,18,0.7222222089767456,0.766545247107953,0.20209659770456323,0.5947533476965643,0.6230769230769231,0.6230769230769231,0.044323038131207415
B_no_group,7566,MU,5d_5pct,18,18,0.6111111044883728,0.6689135839922946,0.2406185168433571,0.6747483595015366,0.538961038961039,0.538961038961039,0.05780247950392181
B_no_group,7566,MU,5d_8pct,18,18,0.4444444477558136,0.49986332615024587,0.2501031382783212,0.6933534575057481,0.475,0.475,0.05541887839443227
B_no_group,7566,NVDA,1d_3pct,18,18,0.1666666716337204,0.2479404301004261,0.1503043710208919,0.4826389515672456,0.17777777777777776,0.17777777777777776,0.0812737584667057
B_no_group,7566,NVDA,1d_5pct,18,18,0.0555555559694767,0.19727646863346454,0.07415916123578747,0.3016185208235542,0.3529411764705882,0.3529411764705882,0.14172091266398784
B_no_group,7566,NVDA,1d_8pct,18,18,0.0,0.06665837309948398,0.004509910486829909,0.06902262906763246,,,0.06665837309948398
B_no_group,7566,NVDA,3d_3pct,18,18,0.6111111044883728,0.6205125368408244,0.23620800478498202,0.6651587725135175,0.6038961038961039,0.6038961038961039,0.00940143235245161
B_no_group,7566,NVDA,3d_5pct,18,18,0.2222222238779068,0.36951609406557334,0.19115416090076104,0.5727393795709746,0.8214285714285714,0.8214285714285714,0.14729387018766654
B_no_group,7566,NVDA,3d_8pct,18,18,0.1666666716337204,0.24103319973161696,0.14485968153431752,0.4679500284246886,0.4444444444444445,0.4444444444444444,0.07436652809789657
B_no_group,7566,NVDA,5d_3pct,18,18,0.6666666865348816,0.6809763687697408,0.22194428287679924,0.6358221267309614,0.48611111111111116,0.4861111111111111,0.014309682234859178
B_no_group,7566,NVDA,5d_5pct,18,18,0.4444444477558136,0.5887722376400212,0.2671407988767044,0.7278525282157002,0.5687500000000001,0.5687500000000001,0.14432778988420758
B_no_group,7566,NVDA,5d_8pct,18,18,0.2222222238779068,0.34018568793243176,0.18712135805051394,0.5638228279028575,0.4285714285714286,0.42857142857142855,0.11796346405452496
B_no_group,7566,QCOM,1d_3pct,18,18,0.2777777910232544,0.3951043031986484,0.2194134302739959,0.6314331304384804,0.3846153846153846,0.3846153846153846,0.11732651217539403
B_no_group,7566,QCOM,1d_5pct,18,18,0.1111111119389534,0.2649960896091826,0.1248380954365298,0.427069277295229,0.34375,0.34375,0.15388497767022918
B_no_group,7566,QCOM,1d_8pct,18,18,0.0555555559694767,0.0769370433667636,0.05428834322630051,0.22787093721428267,0.17647058823529416,0.17647058823529416,0.021381487397286902
B_no_group,7566,QCOM,3d_3pct,18,18,0.8333333134651184,0.6876068058929194,0.16154643267349178,0.509349665964878,0.2,0.2,0.14572650757219896
B_no_group,7566,QCOM,3d_5pct,18,18,0.5,0.5255386157916513,0.2545781491491117,0.7024136147791376,0.4691358024691358,0.4691358024691358,0.025538615791651287
B_no_group,7566,QCOM,3d_8pct,18,18,0.1111111119389534,0.368343137956956,0.16648472194275066,0.5219903047607306,0.59375,0.59375,0.2572320260180026
B_no_group,7566,QCOM,5d_3pct,18,18,1.0,0.7639937166176716,0.055704071721192544,0.26920010354020235,,,0.23600628338232843
B_no_group,7566,QCOM,5d_5pct,18,18,0.7777777910232544,0.6527434493734972,0.18847308945234906,0.5668200682932254,0.5,0.5,0.12503434164975724
B_no_group,7566,QCOM,5d_8pct,18,18,0.3333333432674408,0.48796044519642656,0.238456185722036,0.6699896600600554,0.8541666666666666,0.8541666666666666,0.15462710192898577
B_no_group,7566,SNDK,1d_3pct,18,18,0.4444444477558136,0.5236687494623065,0.26022316778911053,0.7137126795824171,0.4375,0.4375,0.07922430170649286
B_no_group,7566,SNDK,1d_5pct,18,18,0.2777777910232544,0.3693982057519747,0.2145993194532624,0.6217518992167594,0.4,0.4,0.09162041472872029
B_no_group,7566,SNDK,1d_8pct,18,18,0.0555555559694767,0.2080773551593597,0.08195424994027478,0.3220054220679123,0.3529411764705882,0.3529411764705882,0.152521799189883
B_no_group,7566,SNDK,3d_3pct,18,18,0.7777777910232544,0.7051064968891114,0.17896492676195486,0.5451190033535593,0.42857142857142855,0.42857142857142855,0.07267129413414297
B_no_group,7566,SNDK,3d_5pct,18,18,0.6111111044883728,0.598798410128415,0.23717449438712832,0.6671818087944432,0.5194805194805194,0.5194805194805194,0.012312694359957854
B_no_group,7566,SNDK,3d_8pct,18,18,0.2777777910232544,0.41535008819567854,0.22889039878457304,0.6508303653988123,0.35384615384615387,0.35384615384615387,0.13757229717242414
B_no_group,7566,SNDK,5d_3pct,18,18,0.8333333134651184,0.7697048419134498,0.1431360935957375,0.4634110115461654,0.43333333333333335,0.43333333333333335,0.06362847155166862
B_no_group,7566,SNDK,5d_5pct,18,18,0.7777777910232544,0.6749627295773973,0.18395985163101208,0.5567191034283021,0.42857142857142855,0.42857142857142855,0.10281506144585706
B_no_group,7566,SNDK,5d_8pct,18,18,0.5555555820465088,0.5163696484267847,0.2504854375136264,0.6941276007653747,0.45000000000000007,0.45000000000000007,0.03918593361972411
B_no_group,7566,STX,1d_3pct,18,18,0.4444444477558136,0.49860130999521435,0.2591638635227586,0.7115256282364334,0.3875,0.3875,0.05415686223940075
B_no_group,7566,STX,1d_5pct,18,18,0.1666666716337204,0.34537123077967485,0.1769809654450505,0.5434667628904287,0.2666666666666667,0.2666666666666667,0.17870455914595446
B_no_group,7566,STX,1d_8pct,18,18,0.0,0.1843728122491406,0.0353571842602886,0.20484347110225626,,,0.1843728122491406
B_no_group,7566,STX,3d_3pct,18,18,0.6111111044883728,0.6956745683193848,0.24443733994242228,0.6835927916176702,0.5454545454545454,0.5454545454545454,0.08456346383101199
B_no_group,7566,STX,3d_5pct,18,18,0.4444444477558136,0.5813925865053068,0.26900163064894245,0.7318969152882662,0.475,0.475,0.1369481387494932
B_no_group,7566,STX,3d_8pct,18,18,0.3888888955116272,0.39263285790887403,0.24163339247255106,0.6764645416397734,0.4675324675324676,0.4675324675324675,0.003743962397246836
B_no_group,7566,STX,5d_3pct,18,18,0.7222222089767456,0.7670607610032429,0.2026670674060345,0.5963542420024088,0.4923076923076923,0.4923076923076923,0.044838552026497336
B_no_group,7566,STX,5d_5pct,18,18,0.6111111044883728,0.6695184985508048,0.24142998350378017,0.6765856560014555,0.4675324675324676,0.4675324675324675,0.058407394062432005
B_no_group,7566,STX,5d_8pct,18,18,0.5555555820465088,0.5156930452112402,0.25270436772674176,0.6985627386419581,0.49374999999999997,0.49375,0.039862536835268636
B_no_group,7566,WDC,1d_3pct,18,18,0.4444444477558136,0.49936310398299294,0.24241315453845436,0.6779194031325501,0.6125,0.6125,0.05491865622717934
B_no_group,7566,WDC,1d_5pct,18,18,0.1111111119389534,0.3430089771595564,0.15139252401239484,0.48943925696284335,0.53125,0.53125,0.23189786522060302
B_no_group,7566,WDC,1d_8pct,18,18,0.0,0.1943702685942033,0.038601655762441664,0.2167698136304153,,,0.1943702685942033
B_no_group,7566,WDC,3d_3pct,18,18,0.6666666865348816,0.694733659483656,0.22202643762444238,0.6360348283353034,0.5694444444444444,0.5694444444444444,0.02806697294877436
B_no_group,7566,WDC,3d_5pct,18,18,0.4444444477558136,0.5803895748110065,0.26942946182129446,0.7328065871483082,0.4625,0.4625,0.1359451270551929
B_no_group,7566,WDC,3d_8pct,18,18,0.3333333432674408,0.39367841298042683,0.2234812281182099,0.6394839249331966,0.5138888888888888,0.5138888888888888,0.06034506971298603
B_no_group,7566,WDC,5d_3pct,18,18,0.7777777910232544,0.7670607610032429,0.17263457680058433,0.529134071193891,0.5892857142857143,0.5892857142857143,0.010717030020011453
B_no_group,7566,WDC,5d_5pct,18,18,0.6111111044883728,0.6695184985508048,0.24142998350378017,0.6765856560014555,0.4675324675324676,0.4675324675324675,0.058407394062432005
B_no_group,7566,WDC,5d_8pct,18,18,0.5,0.517845954361064,0.24703188113524868,0.6872022451369781,0.5864197530864198,0.5864197530864198,0.017845954361063954
C_group,3566,chips,1d_3pct,144,18,0.3541666567325592,0.520632695145829,0.258257510961348,0.7128322430142762,0.568627450980392,0.37881508078994613,0.1664660384132698
C_group,3566,chips,1d_5pct,144,18,0.1666666716337204,0.3690304106378657,0.17740908670168679,0.5362754758368864,0.6444444444444445,0.3885542168674699,0.20236373900414528
C_group,3566,chips,1d_8pct,144,18,0.0694444477558136,0.21864955786535523,0.08720285139218625,0.32621962136458654,0.6514925373134328,0.325,0.14920511010954163
C_group,3566,chips,3d_3pct,144,18,0.6388888955116272,0.7226221499630774,0.25388798789196954,0.718399835703403,0.4627926421404682,0.30434782608695654,0.08373325445145019
C_group,3566,chips,3d_5pct,144,18,0.4791666567325592,0.6046955207082666,0.26756893874148774,0.7493878533890352,0.5826086956521739,0.3160621761658031,0.1255288639757074
C_group,3566,chips,3d_8pct,144,18,0.3402777910232544,0.4268711507130402,0.21547502975241775,0.6197279020795646,0.6504833512352309,0.31422505307855625,0.08659335968978582
C_group,3566,chips,5d_3pct,144,18,0.7708333134651184,0.7736849444584253,0.17940850445824338,0.5445906540425948,0.5490035490035491,0.3802469135802469,0.002851630993306875
C_group,3566,chips,5d_5pct,144,18,0.6319444179534912,0.6957266291270234,0.2332016929388243,0.6703179845024905,0.6087497408252125,0.42884990253411304,0.06378221117353222
C_group,3566,chips,5d_8pct,144,18,0.4513888955116272,0.5439673134145758,0.24645987738792977,0.6947993990503415,0.6194741966893866,0.3188118811881188,0.09257841790294863
C_group,3566,optics,1d_3pct,216,18,0.35648149251937866,0.5862467818659568,0.2914816516595372,0.790994236931234,0.5433990469961693,0.27515151515151515,0.22976528934657814
C_group,3566,optics,1d_5pct,216,18,0.21296297013759613,0.4237673245997004,0.205433585560864,0.5961243130932137,0.6255754475703326,0.323943661971831,0.21080435446210427
C_group,3566,optics,1d_8pct,216,18,0.07870370149612427,0.25632022473501825,0.10221543997133684,0.36726823955099674,0.6854862548034288,0.30522088353413657,0.177616523238894
C_group,3566,optics,3d_3pct,216,18,0.5462962985038757,0.7508914205755204,0.2801278761373419,0.7867228095437905,0.5748875821515047,0.29447115384615385,0.20459512207164465
C_group,3566,optics,3d_5pct,216,18,0.43981480598449707,0.6733253364515043,0.2918383122444033,0.8182945985753736,0.5932144410613309,0.3022700119474313,0.2335105304670072
C_group,3566,optics,3d_8pct,216,18,0.32407405972480774,0.5050383502144171,0.2375590635235202,0.6657811752750763,0.6351272015655578,0.24568965517241378,0.18096429048960938
C_group,3566,optics,5d_3pct,216,18,0.6342592835426331,0.7908634091994331,0.23363894473944377,0.6765991909160268,0.6568419107456342,0.4380952380952381,0.15660412565680004
C_group,3566,optics,5d_5pct,216,18,0.5231481194496155,0.7328262064563537,0.26307623403167424,0.7526041083036341,0.6762608471518172,0.42420382165605097,0.20967808700673818
C_group,3566,optics,5d_8pct,216,18,0.3888888955116272,0.6250252669463255,0.2663622589428677,0.7509198183325078,0.6727092352092352,0.2971014492753623,0.23613637143469834
C_group,3566,storage,1d_3pct,72,18,0.4027777910232544,0.6141787491736989,0.3102007592613601,0.8228307452115042,0.29911788291900565,0.22950819672131148,0.21140095815044446
C_group,3566,storage,1d_5pct,72,18,0.1666666716337204,0.4444616575834092,0.2211179434167545,0.6346643551495244,0.44722222222222224,0.3045977011494253,0.2777949859496888
C_group,3566,storage,1d_8pct,72,18,0.013888888992369175,0.2694854209320099,0.0796100644460398,0.3279320658968853,0.647887323943662,0.3529411764705882,0.2555965319396407
C_group,3566,storage,3d_3pct,72,18,0.6944444179534912,0.7910473403214415,0.2356233314126172,0.6887462363222061,0.299090909090909,0.17407407407407408,0.09660292236795032
C_group,3566,storage,3d_5pct,72,18,0.4722222089767456,0.733998298420129,0.3365873166694823,0.9037896034671634,0.381578947368421,0.25477707006369427,0.2617760894433834
C_group,3566,storage,3d_8pct,72,18,0.3055555522441864,0.5258701060026261,0.2774485407086642,0.7498094953246809,0.37545454545454543,0.35185185185185186,0.22031455375843967
C_group,3566,storage,5d_3pct,72,18,0.7638888955116272,0.8290445549612884,0.19157582114810023,0.5864443714136376,0.34545454545454546,0.19047619047619047,0.06515565944966117
C_group,3566,storage,5d_5pct,72,18,0.6527777910232544,0.8065754951232198,0.25687574869469326,0.7367224641740953,0.46127659574468083,0.3693379790940767,0.1537977040999654
C_group,3566,storage,5d_8pct,72,18,0.5138888955116272,0.6448151805034752,0.2792842822391197,0.7652156886701028,0.48725868725868726,0.4392523364485981,0.130926284991848
C_group,3566,optics_direct,1d_3pct,108,18,0.4166666567325592,0.6542129226825215,0.3220018592904704,0.8600201769056133,0.4553791887125221,0.2678185745140389,0.2375462659499623
C_group,3566,optics_direct,1d_5pct,108,18,0.28703704476356506,0.4715540571738683,0.2412813136994173,0.6750165055552031,0.5383326351068287,0.329700272479564,0.18451701241030322
C_group,3566,optics_direct,1d_8pct,108,18,0.10185185074806213,0.28707691081704456,0.12319947273182807,0.42273215108333706,0.6410496719775071,0.3096774193548387,0.18522506006898243
C_group,3566,optics_direct,3d_3pct,108,18,0.6296296119689941,0.7890137743830233,0.2694920332359047,0.7699152899426438,0.44411764705882356,0.3466666666666667,0.1593841624140292
C_group,3566,optics_direct,3d_5pct,108,18,0.5277777910232544,0.7489872105963916,0.3204660713965583,0.8855399982012864,0.4523563811489508,0.29227557411273486,0.22120941957313722
C_group,3566,optics_direct,3d_8pct,108,18,0.39814814925193787,0.5759746727071123,0.2779043095215786,0.7545043566600702,0.5295169946332737,0.2171837708830549,0.17782652345517447
C_group,3566,optics_direct,5d_3pct,108,18,0.7129629850387573,0.8303951723079374,0.21913209833389202,0.6517529236543803,0.5198994553833263,0.5088607594936709,0.11743218726918003
C_group,3566,optics_direct,5d_5pct,108,18,0.6388888955116272,0.7903758196866609,0.2597578190247008,0.7457811727141743,0.5455221107395021,0.42369020501138954,0.15148692417503373
C_group,3566,optics_direct,5d_8pct,108,18,0.49074074625968933,0.7028716471767424,0.2927852656330418,0.8134520245105769,0.5677530017152658,0.27078384798099764,0.2121309009170531
C_group,3566,optics_connectivity_chips,1d_3pct,72,18,0.3472222089767456,0.5973208244002381,0.3078452992924656,0.8238881981346721,0.4502127659574468,0.2771929824561403,0.25009861542349254
C_group,3566,optics_connectivity_chips,1d_5pct,72,18,0.2083333283662796,0.43284159387840004,0.2189798416410554,0.6228230349640813,0.48538011695906436,0.31343283582089554,0.22450826551212044
C_group,3566,optics_connectivity_chips,1d_8pct,72,18,0.0833333358168602,0.2580563195832711,0.10871315063862443,0.38001306222310727,0.46212121212121215,0.29787234042553196,0.17472298376641088
C_group,3566,optics_connectivity_chips,3d_3pct,72,18,0.5555555820465088,0.7661613145501613,0.29389780985430036,0.8226047007212567,0.4789062499999999,0.23509933774834438,0.21060573250365255
C_group,3566,optics_connectivity_chips,3d_5pct,72,18,0.4583333432674408,0.6895563470229007,0.302828364820321,0.8492009578677026,0.5034965034965035,0.31399317406143346,0.2312230037554599
C_group,3566,optics_connectivity_chips,3d_8pct,72,18,0.3333333432674408,0.5042573897150652,0.23682248116960158,0.661225170642977,0.5399305555555556,0.28879310344827586,0.17092404644762438
C_group,3566,optics_connectivity_chips,5d_3pct,72,18,0.6805555820465088,0.8101271258199253,0.22917325650234885,0.6677548725693508,0.580301685891748,0.3574144486692015,0.1295715437734165
C_group,3566,optics_connectivity_chips,5d_5pct,72,18,0.5277777910232544,0.7582029728077265,0.2803477642139029,0.8034301486092785,0.6246130030959752,0.4306569343065693,0.23042518178447213
C_group,3566,optics_connectivity_chips,5d_8pct,72,18,0.3888888955116272,0.6323434783583985,0.28004131770623547,0.7815482249658433,0.5795454545454546,0.33482142857142855,0.24345458284677135
C_group,3566,optics_switching,1d_3pct,36,18,0.1944444477558136,0.3602002743476996,0.16719373350088065,0.5181284946012207,0.7389162561576355,0.3116883116883117,0.16575582659188598
C_group,3566,optics_switching,1d_5pct,36,18,0.0,0.26225858831979787,0.07079788898482128,0.30605029196550954,,,0.26225858831979787
C_group,3566,optics_switching,1d_8pct,36,18,0.0,0.16057797679243374,0.02626792035528776,0.1753868596097549,,,0.16057797679243374
C_group,3566,optics_switching,3d_3pct,36,18,0.2777777910232544,0.6059845712037286,0.2844955374077365,0.7653815859922982,0.7615384615384615,0.225,0.3282067801804742
C_group,3566,optics_switching,3d_5pct,36,18,0.1388888955116272,0.4138776928740505,0.1839749296361028,0.5547456811129775,0.7161290322580646,0.3230769230769231,0.2749887973624233
C_group,3566,optics_switching,3d_8pct,36,18,0.0833333358168602,0.2937913037350355,0.11799649023718208,0.4087236403842937,0.6767676767676768,0.28888888888888886,0.21045796791817528
C_group,3566,optics_switching,5d_3pct,36,18,0.3055555522441864,0.6337406866329354,0.28609086043028875,0.7688266293943187,0.8181818181818181,0.35064935064935066,0.32818513438874897
C_group,3566,optics_switching,5d_5pct,36,18,0.1666666716337204,0.5094238340626869,0.23848841868813725,0.6714208344607253,0.7611111111111111,0.4027777777777778,0.3427571624289665
C_group,3566,optics_switching,5d_8pct,36,18,0.0833333358168602,0.3768497034309281,0.1597351213456099,0.5020663865316298,0.7070707070707071,0.3555555555555555,0.2935163676140679
C_group,3566,AAOI,1d_3pct,18,18,0.3333333432674408,0.7357269186904006,0.4093898349952106,1.0578421204848467,0.2222222222222222,0.2222222222222222,0.40239357542295984
C_group,3566,AAOI,1d_5pct,18,18,0.2222222238779068,0.540619787826666,0.2835788038544196,0.760714615801223,0.4107142857142857,0.4107142857142857,0.3183975639487592
C_group,3566,AAOI,1d_8pct,18,18,0.0555555559694767,0.3365897158094025,0.133720880876813,0.4525667104080457,0.23529411764705888,0.23529411764705888,0.2810341598399258
C_group,3566,AAOI,3d_3pct,18,18,0.6111111044883728,0.8398260407465957,0.2962833821429633,0.8436695317689161,0.44155844155844154,0.44155844155844154,0.22871493625822292
C_group,3566,AAOI,3d_5pct,18,18,0.5,0.8320607292008357,0.37624305742551606,1.043769740486053,0.33333333333333337,0.33333333333333337,0.33206072920083574
C_group,3566,AAOI,3d_8pct,18,18,0.3333333432674408,0.6647007247766428,0.3644515185206041,0.9381419147326555,0.09722222222222222,0.09722222222222222,0.331367381509202
C_group,3566,AAOI,5d_3pct,18,18,0.6666666865348816,0.8707587504892038,0.26334896113184075,0.7725341072860298,0.5416666666666667,0.5416666666666667,0.20409206395432222
C_group,3566,AAOI,5d_5pct,18,18,0.6666666865348816,0.8634563237652323,0.2639286885048903,0.7739294608836766,0.5277777777777778,0.5277777777777778,0.1967896372303507
C_group,3566,AAOI,5d_8pct,18,18,0.5555555820465088,0.7912872050971057,0.3288233434297416,0.9099015224570086,0.2625,0.2625,0.23573162305059692
C_group,3566,ALAB,1d_3pct,18,18,0.3888888955116272,0.6329313194693112,0.3218180681718074,0.8483145067099621,0.2857142857142857,0.2857142857142857,0.24404242395768405
C_group,3566,ALAB,1d_5pct,18,18,0.2222222238779068,0.47448933344853317,0.245385342657924,0.6838119643766563,0.375,0.375,0.25226710957062637
C_group,3566,ALAB,1d_8pct,18,18,0.1666666716337204,0.3016517806534706,0.16099825099951195,0.5077160283320472,0.33333333333333337,0.33333333333333337,0.1349851090197502
C_group,3566,ALAB,3d_3pct,18,18,0.5555555820465088,0.7871171663520963,0.31815667137260506,0.8805631734821335,0.2625,0.2625,0.2315615843055875
C_group,3566,ALAB,3d_5pct,18,18,0.5555555820465088,0.752771138739705,0.312897617428717,0.8648903658629643,0.2875,0.2875,0.19721555669319624
C_group,3566,ALAB,3d_8pct,18,18,0.5555555820465088,0.5566996153989999,0.27912294416120126,0.7539264782410093,0.225,0.225,0.0011440333524911361
C_group,3566,ALAB,5d_3pct,18,18,0.7222222089767456,0.8256545180742016,0.2165215700088857,0.6443953445024861,0.4307692307692308,0.4307692307692308,0.10343230909745604
C_group,3566,ALAB,5d_5pct,18,18,0.6666666865348816,0.8075590189867032,0.26069107321130464,0.7604020526146897,0.3055555555555555,0.3055555555555555,0.14089233245182164
C_group,3566,ALAB,5d_8pct,18,18,0.6666666865348816,0.6586176674890267,0.2691382137441709,0.7536754131736855,0.2638888888888889,0.2638888888888889,0.008049019045854866
C_group,3566,AMD,1d_3pct,18,18,0.3888888955116272,0.5495143392738752,0.2756157406196229,0.7457360515884672,0.35064935064935066,0.35064935064935066,0.16062544376224797
C_group,3566,AMD,1d_5pct,18,18,0.0555555559694767,0.3927378162308812,0.17170450565460837,0.5338059041767738,0.11764705882352944,0.11764705882352944,0.3371822602614045
C_group,3566,AMD,1d_8pct,18,18,0.0555555559694767,0.23717381458276096,0.0874590162931028,0.34070843917336613,0.17647058823529416,0.17647058823529416,0.18161825861328426
C_group,3566,AMD,3d_3pct,18,18,0.5555555820465088,0.7605649729794739,0.2967606754273364,0.8120898009458448,0.4,0.4,0.2050093909329651
C_group,3566,AMD,3d_5pct,18,18,0.4444444477558136,0.664963519153974,0.30122121181945144,0.8057895164975606,0.43749999999999994,0.4374999999999999,0.2205190713981604
C_group,3566,AMD,3d_8pct,18,18,0.3888888955116272,0.45405922344087585,0.24491862261169312,0.6830392312744294,0.5064935064935064,0.5064935064935064,0.06517032792924865
C_group,3566,AMD,5d_3pct,18,18,0.7222222089767456,0.802824149220907,0.20168663263150444,0.5913880423629738,0.5846153846153846,0.5846153846153846,0.08060194024416134
C_group,3566,AMD,5d_5pct,18,18,0.6666666865348816,0.768183396310938,0.21804235907652242,0.6213116360691506,0.6805555555555556,0.6805555555555556,0.10151670977605642
C_group,3566,AMD,5d_8pct,18,18,0.5,0.5643679442785499,0.26501984435077885,0.7260876261867099,0.4320987654320988,0.43209876543209874,0.06436794427854986
C_group,3566,ANET,1d_3pct,18,18,0.3888888955116272,0.42972086293700584,0.24955843300666572,0.6924718648891903,0.3116883116883117,0.3116883116883117,0.040831967425378646
C_group,3566,ANET,1d_5pct,18,18,0.0,0.3033675420501345,0.09258523306840971,0.3620790911940047,,,0.3033675420501345
C_group,3566,ANET,1d_8pct,18,18,0.0,0.17963496286299924,0.032453525394585785,0.19814398545476358,,,0.17963496286299924
C_group,3566,ANET,3d_3pct,18,18,0.5555555820465088,0.6676416090203736,0.2722871480467085,0.7437720154608072,0.225,0.225,0.11208602697386483
C_group,3566,ANET,3d_5pct,18,18,0.2777777910232544,0.5092685289491602,0.26597512794167766,0.7254652666562689,0.3230769230769231,0.3230769230769231,0.2314907379259058
C_group,3566,ANET,3d_8pct,18,18,0.1666666716337204,0.35755148253637853,0.18287631987066078,0.5558714980637617,0.28888888888888886,0.28888888888888886,0.19088481090265813
C_group,3566,ANET,5d_3pct,18,18,0.6111111044883728,0.7032414284277688,0.25291910431159237,0.7045476709852571,0.35064935064935066,0.35064935064935066,0.09213032393939602
C_group,3566,ANET,5d_5pct,18,18,0.3333333432674408,0.6092238908075889,0.30819034882344,0.8143914216077073,0.4027777777777778,0.4027777777777778,0.2758905475401481
C_group,3566,ANET,5d_8pct,18,18,0.1666666716337204,0.46992107017133233,0.23836497982415927,0.6698015052343259,0.3555555555555555,0.3555555555555555,0.30325439853761194
C_group,3566,ARM,1d_3pct,18,18,0.5555555820465088,0.595787375711176,0.25149722117211504,0.6958464600879979,0.4625,0.4625,0.040231793664667226
C_group,3566,ARM,1d_5pct,18,18,0.2222222238779068,0.4398162545177057,0.21983380620291662,0.6321197704497249,0.5357142857142857,0.5357142857142857,0.21759403063979887
C_group,3566,ARM,1d_8pct,18,18,0.0555555559694767,0.2735717072736728,0.10121039902351676,0.376504918079443,0.3529411764705882,0.3529411764705882,0.2180161513041961
C_group,3566,ARM,3d_3pct,18,18,0.7777777910232544,0.7727276562279578,0.17224587603339672,0.5248457375543517,0.5,0.5,0.00505013479529659
C_group,3566,ARM,3d_5pct,18,18,0.6666666865348816,0.7165006771077659,0.2434159479802396,0.6893142688277077,0.3194444444444444,0.3194444444444444,0.04983399057288429
C_group,3566,ARM,3d_8pct,18,18,0.6111111044883728,0.5107811387908561,0.2668739392149062,0.7271802036113445,0.2727272727272727,0.2727272727272727,0.10032996569751673
C_group,3566,ARM,5d_3pct,18,18,0.8888888955116272,0.8125366079226208,0.10317071436201593,0.3632964140672819,0.5625,0.5625,0.07635228758900636
C_group,3566,ARM,5d_5pct,18,18,0.7777777910232544,0.7859306056395007,0.1818671776846897,0.5520153223187918,0.4464285714285714,0.44642857142857145,0.008152814616246284
C_group,3566,ARM,5d_8pct,18,18,0.6666666865348816,0.6189104440738716,0.2560675752540355,0.7085592793574352,0.2361111111111111,0.2361111111111111,0.04775624246100996
C_group,3566,AVGO,1d_3pct,18,18,0.2222222238779068,0.34865924252066627,0.19924768960054287,0.5907463895835517,0.2142857142857143,0.21428571428571427,0.12643701864275947
C_group,3566,AVGO,1d_5pct,18,18,0.0555555559694767,0.22361516803249806,0.07970878117073933,0.3188498990063012,0.8235294117647058,0.8235294117647058,0.16805961206302136
C_group,3566,AVGO,1d_8pct,18,18,0.0,0.12171470632928297,0.014873309570120298,0.1298219756013205,,,0.12171470632928297
C_group,3566,AVGO,3d_3pct,18,18,0.3888888955116272,0.6028678836584793,0.29579918354107726,0.787466146208337,0.25974025974025977,0.25974025974025977,0.21397898814685212
C_group,3566,AVGO,3d_5pct,18,18,0.2222222238779068,0.3687453897450953,0.19816446346007516,0.5866843465331448,0.44642857142857145,0.44642857142857145,0.1465231658671885
C_group,3566,AVGO,3d_8pct,18,18,0.0,0.24092633780731568,0.0585367777457639,0.27608540525656106,,,0.24092633780731568
C_group,3566,AVGO,5d_3pct,18,18,0.5,0.6776897111396549,0.29631014159224167,0.7948798731489939,0.1728395061728395,0.1728395061728395,0.17768971113965493
C_group,3566,AVGO,5d_5pct,18,18,0.2222222238779068,0.49716922255456264,0.2520765627364529,0.6973186830089139,0.4464285714285714,0.44642857142857145,0.27494699867665584
C_group,3566,AVGO,5d_8pct,18,18,0.0,0.3600566904554574,0.13104962439012094,0.44810364166433825,,,0.3600566904554574
C_group,3566,AXTI,1d_3pct,18,18,0.5,0.7982121170045908,0.3563173996500795,0.968414677770432,0.13580246913580246,0.13580246913580246,0.2982121170045908
C_group,3566,AXTI,1d_5pct,18,18,0.5,0.5872810288051519,0.2695713228745045,0.7331633663866988,0.2716049382716049,0.2716049382716049,0.08728102880515187
C_group,3566,AXTI,1d_8pct,18,18,0.3333333432674408,0.36096536111742883,0.22052775539498298,0.6325305240226191,0.5138888888888888,0.5138888888888888,0.027632017849988033
C_group,3566,AXTI,3d_3pct,18,18,0.6111111044883728,0.8701890941194497,0.31176683707305924,0.9113701727957749,0.1558441558441559,0.1558441558441559,0.25907798963107687
C_group,3566,AXTI,3d_5pct,18,18,0.6111111044883728,0.8692785644539606,0.3120715857130148,0.9124639273709607,0.1558441558441559,0.1558441558441559,0.25816745996558776
C_group,3566,AXTI,3d_8pct,18,18,0.6111111044883728,0.7188795926548832,0.2666120994086657,0.7382274382802092,0.07792207792207793,0.07792207792207793,0.10776848816651041
C_group,3566,AXTI,5d_3pct,18,18,0.7222222089767456,0.8909283427670187,0.22941156122297557,0.7017967710695244,0.4923076923076923,0.4923076923076923,0.1687061337902731
C_group,3566,AXTI,5d_5pct,18,18,0.7222222089767456,0.8898710815406012,0.2296859203059357,0.7030117411877016,0.4769230769230769,0.4769230769230769,0.16764887256385563
C_group,3566,AXTI,5d_8pct,18,18,0.6666666865348816,0.855781629451559,0.27813624690157124,0.8358029005143142,0.08333333333333333,0.08333333333333333,0.1891149429166774
C_group,3566,CIEN,1d_3pct,18,18,0.3888888955116272,0.5691675697409144,0.2864770012264601,0.7680376458816867,0.33766233766233766,0.33766233766233766,0.18027867422928723
C_group,3566,CIEN,1d_5pct,18,18,0.2222222238779068,0.41071684207639425,0.22076628770888418,0.6336738681514764,0.32142857142857145,0.32142857142857145,0.18849461819848745
C_group,3566,CIEN,1d_8pct,18,18,0.0555555559694767,0.25125731396821954,0.09728407883857863,0.3666766136621569,0.05882352941176472,0.05882352941176472,0.19570175799874284
C_group,3566,CIEN,3d_3pct,18,18,0.6666666865348816,0.7414018246057178,0.23319731159772086,0.6654606550599762,0.513888888888889,0.513888888888889,0.0747351380708362
C_group,3566,CIEN,3d_5pct,18,18,0.5,0.6776377099605412,0.323248334817529,0.8635070997306546,0.25925925925925924,0.25925925925925924,0.17763770996054118
C_group,3566,CIEN,3d_8pct,18,18,0.3888888955116272,0.48385862485652775,0.26429206715852543,0.7221356326770817,0.3766233766233766,0.3766233766233766,0.09496972934490056
C_group,3566,CIEN,5d_3pct,18,18,0.7222222089767456,0.7896775878051443,0.19201287235316683,0.5632030829180549,0.7846153846153846,0.7846153846153846,0.0674553788283987
C_group,3566,CIEN,5d_5pct,18,18,0.6111111044883728,0.7332808169303591,0.2607578965947728,0.7207695247697044,0.5064935064935064,0.5064935064935064,0.12216971244198627
C_group,3566,CIEN,5d_8pct,18,18,0.4444444477558136,0.602296692451018,0.2755816030005253,0.7496069497642158,0.5375,0.5375,0.15785224469520442
C_group,3566,COHR,1d_3pct,18,18,0.4444444477558136,0.6392546412959252,0.29539802703981183,0.7895097137658547,0.44999999999999996,0.45,0.19481019354011164
C_group,3566,COHR,1d_5pct,18,18,0.3888888955116272,0.451629326038485,0.2566280477346323,0.7068083790334042,0.35064935064935066,0.35064935064935066,0.0627404305268578
C_group,3566,COHR,1d_8pct,18,18,0.1111111119389534,0.26825546161422104,0.1301880825742758,0.44040766033111345,0.09375,0.09375,0.15714434967526764
C_group,3566,COHR,3d_3pct,18,18,0.6666666865348816,0.7947491202453338,0.24208179099000138,0.69196394595369,0.5,0.5,0.12808243371045225
C_group,3566,COHR,3d_5pct,18,18,0.5555555820465088,0.7505852695401531,0.3011845745640189,0.8228147237993761,0.4,0.4,0.19502968749364435
C_group,3566,COHR,3d_8pct,18,18,0.4444444477558136,0.5595239285438611,0.2821222343396901,0.7588380775043064,0.27499999999999997,0.27499999999999997,0.11507948078804753
C_group,3566,COHR,5d_3pct,18,18,0.7222222089767456,0.8384482998933405,0.2137624373014256,0.6324002124469461,0.5538461538461539,0.5538461538461539,0.11622609091659486
C_group,3566,COHR,5d_5pct,18,18,0.6666666865348816,0.8050282373845979,0.252017978092809,0.7249229829929416,0.4305555555555556,0.4305555555555556,0.13836155084971635
C_group,3566,COHR,5d_8pct,18,18,0.5555555820465088,0.6923865199431675,0.298547897965191,0.8082420168682999,0.23750000000000004,0.23750000000000004,0.13683093789665868
C_group,3566,CRDO,1d_3pct,18,18,0.3333333432674408,0.7053318876037733,0.3831203432505782,0.9903873503904216,0.24999999999999997,0.24999999999999994,0.3719985443363325
C_group,3566,CRDO,1d_5pct,18,18,0.2222222238779068,0.524591974860573,0.2820353787972306,0.7577954290963677,0.23214285714285715,0.23214285714285715,0.30236975098266616
C_group,3566,CRDO,1d_8pct,18,18,0.0555555559694767,0.31740905014359044,0.12431839439991549,0.4313628326864944,0.23529411764705888,0.23529411764705888,0.26185349417411374
C_group,3566,CRDO,3d_3pct,18,18,0.5555555820465088,0.827153340587293,0.3332715232017965,0.931505956288476,0.275,0.275,0.27159775854078416
C_group,3566,CRDO,3d_5pct,18,18,0.4444444477558136,0.814230705287035,0.4016440832433242,1.089100948515481,0.3375,0.3375,0.3697862575312214
C_group,3566,CRDO,3d_8pct,18,18,0.3333333432674408,0.6137850483211275,0.3197235431597252,0.8378860141138147,0.3194444444444444,0.3194444444444444,0.28045170505368666
C_group,3566,CRDO,5d_3pct,18,18,0.6666666865348816,0.8602239807086507,0.2586092207395521,0.7518128688696275,0.5555555555555556,0.5555555555555556,0.1935572941737691
C_group,3566,CRDO,5d_5pct,18,18,0.5,0.8527858798779924,0.3808065352278818,1.0618627755042644,0.5925925925925926,0.5925925925925926,0.35278587987799237
C_group,3566,CRDO,5d_8pct,18,18,0.3333333432674408,0.7524557310290683,0.4201490493381916,1.0968434794913138,0.3472222222222222,0.3472222222222222,0.41912238776162747
C_group,3566,CSCO,1d_3pct,18,18,0.0,0.29067968575839326,0.0848290339950955,0.34378512431325087,,,0.29067968575839326
C_group,3566,CSCO,1d_5pct,18,18,0.0,0.22114963458946127,0.04901054490123286,0.25002149273701435,,,0.22114963458946127
C_group,3566,CSCO,1d_8pct,18,18,0.0,0.14152099072186825,0.020082315315989748,0.15262973376474623,,,0.14152099072186825
C_group,3566,CSCO,3d_3pct,18,18,0.0,0.544327533387084,0.2967039267687645,0.786991156523789,,,0.544327533387084
C_group,3566,CSCO,3d_5pct,18,18,0.0,0.3184868567989408,0.10197473133052792,0.3840260955696862,,,0.3184868567989408
C_group,3566,CSCO,3d_8pct,18,18,0.0,0.23003112493369235,0.053116660603703444,0.26157578270482595,,,0.23003112493369235
C_group,3566,CSCO,5d_3pct,18,18,0.0,0.5642399448381024,0.31926261654898513,0.8331055878033801,,,0.5642399448381024
C_group,3566,CSCO,5d_5pct,18,18,0.0,0.4096237773177848,0.16878648855283446,0.5284502473137436,,,0.4096237773177848
C_group,3566,CSCO,5d_8pct,18,18,0.0,0.28377833669052405,0.08110526286706052,0.33433126782893374,,,0.28377833669052405
C_group,3566,FN,1d_3pct,18,18,0.3333333432674408,0.4929812085677334,0.2704727783188543,0.7346574528448372,0.23611111111111108,0.23611111111111105,0.15964786530029262
C_group,3566,FN,1d_5pct,18,18,0.1111111119389534,0.3572398026234065,0.15964475329596384,0.5074922008956718,0.53125,0.53125,0.2461286906844531
C_group,3566,FN,1d_8pct,18,18,0.0,0.2251232930485891,0.051063497388357984,0.2553695559502152,,,0.2251232930485891
C_group,3566,FN,3d_3pct,18,18,0.5555555820465088,0.6599527864150051,0.2704265898928436,0.73809264749446,0.325,0.325,0.10439720436849631
C_group,3566,FN,3d_5pct,18,18,0.4444444477558136,0.5670064699819708,0.28265127620222685,0.759524345312033,0.375,0.375,0.1225620222261572
C_group,3566,FN,3d_8pct,18,18,0.1111111119389534,0.4208910861025157,0.20572155932710112,0.6035204853803658,0.15625,0.15625,0.3097799741635623
C_group,3566,FN,5d_3pct,18,18,0.6666666865348816,0.7255892718494911,0.22936822894774178,0.6540386948423272,0.48611111111111116,0.4861111111111111,0.05892258531460948
C_group,3566,FN,5d_5pct,18,18,0.5,0.6027760505498481,0.2855625679500901,0.7666988603710106,0.3333333333333333,0.3333333333333333,0.10277605054984806
C_group,3566,FN,5d_8pct,18,18,0.1111111119389534,0.5235976555623238,0.2905390760222097,0.7758454257208266,0.15625,0.15625,0.41248654362337045
C_group,3566,INTC,1d_3pct,18,18,0.3888888955116272,0.617472734602472,0.29665623318704004,0.7896796015414996,0.41558441558441556,0.41558441558441556,0.2285838390908448
C_group,3566,INTC,1d_5pct,18,18,0.2777777910232544,0.4377818450646407,0.23209405242696857,0.6572916520992255,0.36923076923076925,0.36923076923076925,0.1600040540413863
C_group,3566,INTC,1d_8pct,18,18,0.1111111119389534,0.2550722532735494,0.12083283676817394,0.4169352450967461,0.375,0.375,0.14396114133459598
C_group,3566,INTC,3d_3pct,18,18,0.6666666865348816,0.8024924224305967,0.25149700570847977,0.7231103040975561,0.3055555555555556,0.3055555555555556,0.13582573589571512
C_group,3566,INTC,3d_5pct,18,18,0.6111111044883728,0.7390564246847064,0.28036272025206244,0.7796487486543151,0.2207792207792208,0.22077922077922077,0.12794532019633365
C_group,3566,INTC,3d_8pct,18,18,0.4444444477558136,0.5158717817576959,0.2664467649291535,0.7266175490324902,0.39999999999999997,0.39999999999999997,0.07142733400188228
C_group,3566,INTC,5d_3pct,18,18,0.8333333134651184,0.8457861537204727,0.13962493923380762,0.45218591294179905,0.4888888888888889,0.4888888888888889,0.012452840255354314
C_group,3566,INTC,5d_5pct,18,18,0.7777777910232544,0.825656524228193,0.1814352736615078,0.5567367025321638,0.4642857142857143,0.4642857142857143,0.04787873320493863
C_group,3566,INTC,5d_8pct,18,18,0.6666666865348816,0.6488352979709299,0.24462583199379617,0.6877864539825809,0.3472222222222222,0.3472222222222222,0.017831388563951722
C_group,3566,LITE,1d_3pct,18,18,0.5,0.6899350807955652,0.3139561145124065,0.8416594506860225,0.2222222222222222,0.2222222222222222,0.1899350807955652
C_group,3566,LITE,1d_5pct,18,18,0.2777777910232544,0.48183755567310615,0.2574986667280995,0.7082466030627441,0.21538461538461537,0.21538461538461537,0.20405976464985176
C_group,3566,LITE,1d_8pct,18,18,0.0555555559694767,0.280270319344406,0.10641254131796005,0.38884184212587186,0.17647058823529416,0.17647058823529416,0.2247147633749293
C_group,3566,LITE,3d_3pct,18,18,0.6666666865348816,0.8279637801660393,0.26319628771883974,0.7689347865830456,0.1527777777777778,0.1527777777777778,0.16129709363115774
C_group,3566,LITE,3d_5pct,18,18,0.5555555820465088,0.7973545204408881,0.32739759965704424,0.9111601525086416,0.225,0.225,0.24179893839437927
C_group,3566,LITE,3d_8pct,18,18,0.5,0.6079940793082435,0.28422637837488507,0.7661625913858012,0.271604938271605,0.271604938271605,0.10799407930824345
C_group,3566,LITE,5d_3pct,18,18,0.7777777910232544,0.8669687810434262,0.18688852904620157,0.5865446733633991,0.14285714285714285,0.14285714285714285,0.08919099002017183
C_group,3566,LITE,5d_5pct,18,18,0.6666666865348816,0.8478424079493261,0.26659386269970714,0.7853544660800102,0.2777777777777778,0.2777777777777778,0.1811757214144445
C_group,3566,LITE,5d_8pct,18,18,0.6111111044883728,0.7518801805552804,0.285083426479012,0.8013133317387962,0.25974025974025977,0.25974025974025977,0.14076907606690758
C_group,3566,MRVL,1d_3pct,18,18,0.4444444477558136,0.7023608480072017,0.3271950961469339,0.8661045458547528,0.3375,0.3375,0.25791640025138807
C_group,3566,MRVL,1d_5pct,18,18,0.3333333432674408,0.5086698991719959,0.2687898639383277,0.7308348473770008,0.20833333333333331,0.20833333333333331,0.1753365559045551
C_group,3566,MRVL,1d_8pct,18,18,0.1111111119389534,0.2914497412067403,0.13466264758494992,0.451151412272567,0.28125,0.28125,0.18033862926778688
C_group,3566,MRVL,3d_3pct,18,18,0.7222222089767456,0.8475068676027768,0.2283638613017227,0.6908835269060798,0.12307692307692308,0.12307692307692308,0.12528465862603122
C_group,3566,MRVL,3d_5pct,18,18,0.6111111044883728,0.8224781543197672,0.2986072951491676,0.8561281705592201,0.2207792207792208,0.22077922077922077,0.21136704983139443
C_group,3566,MRVL,3d_8pct,18,18,0.4444444477558136,0.6056185573328174,0.28990665961171597,0.7770027849605233,0.32499999999999996,0.32499999999999996,0.16117410957700384
C_group,3566,MRVL,5d_3pct,18,18,0.8333333134651184,0.876940293357194,0.14525209366871583,0.4799314037562957,0.2666666666666667,0.2666666666666667,0.043606979892075626
C_group,3566,MRVL,5d_5pct,18,18,0.7222222089767456,0.8752977698116476,0.22781688567997213,0.6941370833092458,0.35384615384615387,0.35384615384615387,0.15307556083490204
C_group,3566,MRVL,5d_8pct,18,18,0.5555555820465088,0.7582438244600419,0.2998283833524584,0.827570365534036,0.3875,0.3875,0.20268824241353312
C_group,3566,MU,1d_3pct,18,18,0.2777777910232544,0.6021178894079579,0.3268538376537151,0.8531584734826761,0.2615384615384615,0.2615384615384615,0.32434009838470346
C_group,3566,MU,1d_5pct,18,18,0.1111111119389534,0.42203862530378855,0.19665117467370574,0.5849980661627872,0.5625,0.5625,0.31092751336483515
C_group,3566,MU,1d_8pct,18,18,0.0,0.2472193963024032,0.06154434519182293,0.2843635833028142,,,0.2472193963024032
C_group,3566,MU,3d_3pct,18,18,0.7222222089767456,0.7923009115833719,0.21522960936183128,0.6395397317718844,0.3384615384615385,0.3384615384615385,0.0700787026066263
C_group,3566,MU,3d_5pct,18,18,0.3888888955116272,0.7194452754356635,0.35250311212778956,0.9285036821634096,0.49350649350649345,0.4935064935064934,0.3305563799240363
C_group,3566,MU,3d_8pct,18,18,0.2222222238779068,0.5062119424603527,0.25892795212075626,0.7117159140602465,0.5,0.5,0.2839897185824459
C_group,3566,MU,5d_3pct,18,18,0.7222222089767456,0.8352959743040524,0.21956102546903467,0.6567314000874381,0.3230769230769231,0.3230769230769231,0.11307376532730684
C_group,3566,MU,5d_5pct,18,18,0.6111111044883728,0.8072503483412309,0.2753921483069622,0.7802869780287941,0.5454545454545454,0.5454545454545454,0.19613924385285808
C_group,3566,MU,5d_8pct,18,18,0.4444444477558136,0.6382310420602567,0.2801447376253521,0.7644817649521164,0.5874999999999999,0.5874999999999999,0.19378659430444312
C_group,3566,NVDA,1d_3pct,18,18,0.1666666716337204,0.3087130405665215,0.1619495624733363,0.5097996376930394,0.5555555555555556,0.5555555555555556,0.1420463689328011
C_group,3566,NVDA,1d_5pct,18,18,0.0555555559694767,0.19305268200838419,0.0751090024732542,0.305709471259278,0.11764705882352944,0.11764705882352944,0.13749712603890749
C_group,3566,NVDA,1d_8pct,18,18,0.0,0.10415408891289983,0.01090985433541827,0.11002526764652856,,,0.10415408891289983
C_group,3566,NVDA,3d_3pct,18,18,0.6111111044883728,0.5724389952961347,0.2566183583762904,0.7069133275299001,0.3376623376623377,0.3376623376623377,0.03867210919223807
C_group,3566,NVDA,3d_5pct,18,18,0.2222222238779068,0.3093648523030153,0.2106589667835037,0.6240077457468133,0.125,0.125,0.0871426284251085
C_group,3566,NVDA,3d_8pct,18,18,0.1666666716337204,0.21164129793613862,0.15742289746806762,0.5095020776146153,0.0,0.0,0.04497462630241822
C_group,3566,NVDA,5d_3pct,18,18,0.6666666865348816,0.6480365716423857,0.23663829310573903,0.6678620739406825,0.3055555555555556,0.3055555555555556,0.018630114892495886
C_group,3566,NVDA,5d_5pct,18,18,0.4444444477558136,0.4517883660189635,0.2796158812491728,0.7558099114492522,0.3125,0.3125,0.007343918263149896
C_group,3566,NVDA,5d_8pct,18,18,0.2222222238779068,0.32992636238741585,0.21071747916718914,0.6197721399923874,0.17857142857142858,0.17857142857142858,0.10770413850950905
C_group,3566,QCOM,1d_3pct,18,18,0.2777777910232544,0.40962266101540723,0.2320804763193858,0.6564307510549383,0.4461538461538462,0.4461538461538462,0.13184486999215284
C_group,3566,QCOM,1d_5pct,18,18,0.1111111119389534,0.2820802866282863,0.12664733908875556,0.42778029795013084,0.65625,0.65625,0.17096917468933293
C_group,3566,QCOM,1d_8pct,18,18,0.0555555559694767,0.1644083706904652,0.06667649656269617,0.2768936847146739,0.4117647058823529,0.4117647058823529,0.10885281472098851
C_group,3566,QCOM,3d_3pct,18,18,0.8333333134651184,0.635261235157103,0.21166227137484808,0.6213266689030208,0.24444444444444446,0.24444444444444444,0.19807207830801543
C_group,3566,QCOM,3d_5pct,18,18,0.5,0.46368400961210265,0.29522328705868506,0.7886396644305561,0.4444444444444445,0.4444444444444444,0.036315990387897346
C_group,3566,QCOM,3d_8pct,18,18,0.1111111119389534,0.319371253239622,0.16057163227684057,0.5044694866455444,0.375,0.375,0.2082601413006686
C_group,3566,QCOM,5d_3pct,18,18,1.0,0.7000115505899659,0.09606365106303691,0.36278616762024446,,,0.2999884494100341
C_group,3566,QCOM,5d_5pct,18,18,0.7777777910232544,0.554228129465678,0.2640683302109722,0.7248124847177153,0.4464285714285714,0.44642857142857145,0.22354966155757638
C_group,3566,QCOM,5d_8pct,18,18,0.3333333432674408,0.4127802762013126,0.2952320668508883,0.7868402725115584,0.33333333333333337,0.33333333333333337,0.07944693293387178
C_group,3566,SNDK,1d_3pct,18,18,0.4444444477558136,0.6805469284711579,0.3382719543424684,0.8944045947950793,0.175,0.175,0.23610248071534434
C_group,3566,SNDK,1d_5pct,18,18,0.2777777910232544,0.4922230710116502,0.26309128392205183,0.7195286497348317,0.2615384615384615,0.2615384615384615,0.2144452799883958
C_group,3566,SNDK,1d_8pct,18,18,0.0555555559694767,0.29173274432172897,0.11004168497795616,0.39783068574641084,0.3529411764705882,0.3529411764705882,0.23617718835225227
C_group,3566,SNDK,3d_3pct,18,18,0.7777777910232544,0.8300506183768902,0.19260725218333558,0.6054502213999406,0.125,0.125,0.05227282735363581
C_group,3566,SNDK,3d_5pct,18,18,0.6111111044883728,0.7960521566552153,0.2898126453867596,0.8295637625589893,0.36363636363636365,0.36363636363636365,0.18494105216684253
C_group,3566,SNDK,3d_8pct,18,18,0.2777777910232544,0.5895375365391551,0.30270878241974924,0.8040181119398588,0.5692307692307692,0.5692307692307692,0.3117597455159007
C_group,3566,SNDK,5d_3pct,18,18,0.8333333134651184,0.8660902188209215,0.145640520572074,0.4804638155725025,0.2222222222222222,0.2222222222222222,0.03275690535580311
C_group,3566,SNDK,5d_5pct,18,18,0.7777777910232544,0.8563905559955044,0.18582713653500038,0.5811449819945455,0.3571428571428571,0.3571428571428571,0.07861276497225
C_group,3566,SNDK,5d_8pct,18,18,0.5555555820465088,0.7179411164736137,0.27156434230809995,0.7672140354836494,0.6,0.6,0.1623855344271049
C_group,3566,STX,1d_3pct,18,18,0.4444444477558136,0.6117558793255818,0.2990153537722228,0.7958480614283195,0.13749999999999998,0.13749999999999998,0.16731143156976824
C_group,3566,STX,1d_5pct,18,18,0.1666666716337204,0.4546700285482902,0.23055915594209767,0.6541576085805043,0.2222222222222222,0.2222222222222222,0.2880033569145698
C_group,3566,STX,1d_8pct,18,18,0.0,0.28636552956978883,0.08238691766332559,0.3377642793241442,,,0.28636552956978883
C_group,3566,STX,3d_3pct,18,18,0.6111111044883728,0.7851807068816328,0.28552432000778655,0.79975627096778,0.1038961038961039,0.1038961038961039,0.17406960239325997
C_group,3566,STX,3d_5pct,18,18,0.4444444477558136,0.7388472108063582,0.3605145099286772,0.9542035517883597,0.11249999999999999,0.1125,0.2944027630505446
C_group,3566,STX,3d_8pct,18,18,0.3888888955116272,0.5333048795510444,0.28315797543521193,0.7602123989144235,0.14285714285714285,0.14285714285714285,0.14441598403941724
C_group,3566,STX,5d_3pct,18,18,0.7222222089767456,0.8147146026928621,0.21801222181406646,0.6461019339572075,0.18461538461538463,0.18461538461538463,0.0924923937161165
C_group,3566,STX,5d_5pct,18,18,0.6111111044883728,0.803682402053827,0.2827875249566814,0.7942982480421235,0.36363636363636365,0.36363636363636365,0.1925712975654542
C_group,3566,STX,5d_8pct,18,18,0.5555555820465088,0.6480502526465857,0.2831976428902686,0.768729675766187,0.27499999999999997,0.27499999999999997,0.09249467060007688
C_group,3566,WDC,1d_3pct,18,18,0.4444444477558136,0.5622942994900972,0.2766618912770339,0.7479118511399417,0.35,0.35,0.11784985173428364
C_group,3566,WDC,1d_5pct,18,18,0.1111111119389534,0.40891490546990783,0.19417015912916277,0.5799730961199745,0.25,0.25,0.29780379353095443
C_group,3566,WDC,1d_8pct,18,18,0.0,0.2526240135341186,0.06446730995105444,0.2917697152141719,,,0.2526240135341186
C_group,3566,WDC,3d_3pct,18,18,0.6666666865348816,0.756657124443871,0.24913214409751547,0.7102387211492194,0.13888888888888887,0.13888888888888887,0.08999043790898942
C_group,3566,WDC,3d_5pct,18,18,0.4444444477558136,0.6816485507832792,0.34351899923470275,0.9028874173578946,0.062499999999999986,0.062499999999999986,0.23720410302746564
C_group,3566,WDC,3d_8pct,18,18,0.3333333432674408,0.47442606545995236,0.26499945285893944,0.7232915563841942,0.2638888888888889,0.2638888888888889,0.14109272219251157
C_group,3566,WDC,5d_3pct,18,18,0.7777777910232544,0.8000774240273172,0.18308951673722568,0.5624803360374024,0.017857142857142856,0.017857142857142856,0.02229963300406279
C_group,3566,WDC,5d_5pct,18,18,0.6111111044883728,0.7589786741023165,0.283496184980129,0.7911596486309181,0.2077922077922078,0.2077922077922078,0.14786756961394365
C_group,3566,WDC,5d_8pct,18,18,0.5,0.5750383108334446,0.2822304061327581,0.7604372784784579,0.2962962962962963,0.2962962962962963,0.07503831083344459
C_group,7566,chips,1d_3pct,144,18,0.3541666567325592,0.5130336814061045,0.2551978913608933,0.7055279555070599,0.5618806662449926,0.37881508078994613,0.1588670246735453
C_group,7566,chips,1d_5pct,144,18,0.1666666716337204,0.36401245108807095,0.1752524549618504,0.5343291814246363,0.6434027777777778,0.40963855421686746,0.19734577945435056
C_group,7566,chips,1d_8pct,144,18,0.0694444477558136,0.2132318421530816,0.08600295928963171,0.32758978495315616,0.6171641791044776,0.26875,0.143787394397268
C_group,7566,chips,3d_3pct,144,18,0.6388888955116272,0.7178965786865006,0.2531185129484475,0.7137489863777438,0.44627926421404684,0.29347826086956524,0.07900768317487339
C_group,7566,chips,3d_5pct,144,18,0.4791666567325592,0.5932046272707291,0.2642232272494234,0.7324848826051062,0.5696618357487923,0.30397236614853196,0.11403797053816989
C_group,7566,chips,3d_8pct,144,18,0.3402777910232544,0.41602973032793333,0.2205800525607184,0.6312919232808042,0.6311493018259935,0.2908704883227176,0.07575193930467894
C_group,7566,chips,5d_3pct,144,18,0.7708333134651184,0.7727002379071748,0.1816784531409077,0.5507737420221911,0.5233415233415234,0.362962962962963,0.0018669244420563835
C_group,7566,chips,5d_5pct,144,18,0.6319444179534912,0.6760057130709184,0.2310615557902411,0.662711900927989,0.5963093510263322,0.3996101364522417,0.04406129511742718
C_group,7566,chips,5d_8pct,144,18,0.4513888955116272,0.5162544239915792,0.24140887663873067,0.6825223693812195,0.6239532619279454,0.3089108910891089,0.06486552847995197
C_group,7566,optics,1d_3pct,216,18,0.35648149251937866,0.5781436754227014,0.28744632986826774,0.781457185183396,0.5481640661496776,0.3090909090909091,0.22166218290332274
C_group,7566,optics,1d_5pct,216,18,0.21296297013759613,0.4356242881993012,0.2141947746301885,0.6162731016846374,0.6237851662404093,0.30633802816901406,0.22266131806170508
C_group,7566,optics,1d_8pct,216,18,0.07870370149612427,0.25968435271441986,0.10587800825779378,0.3762509791954455,0.6370085722731303,0.21285140562248997,0.1809806512182956
C_group,7566,optics,3d_3pct,216,18,0.5462962985038757,0.7600427473908925,0.2860568089633321,0.8073959911508757,0.560359737115185,0.2848557692307692,0.21374644888701677
C_group,7566,optics,3d_5pct,216,18,0.43981480598449707,0.6575039261086834,0.28543101145861505,0.801454479727476,0.5953023053501523,0.3034647550776583,0.21768912012418629
C_group,7566,optics,3d_8pct,216,18,0.32407405972480774,0.4811832097232655,0.2369853848912531,0.665591277236169,0.6227005870841487,0.29454022988505746,0.15710914999845776
C_group,7566,optics,5d_3pct,216,18,0.6342592835426331,0.7963765579915614,0.23948712884010515,0.6937546275943072,0.6306938926360528,0.3768707482993197,0.16211727444892832
C_group,7566,optics,5d_5pct,216,18,0.5231481194496155,0.7230187067710077,0.25668703084686967,0.7422176265470543,0.6647478305696366,0.39490445859872614,0.19987058732139218
C_group,7566,optics,5d_8pct,216,18,0.3888888955116272,0.609141830693929,0.2595265473544443,0.7418700869883431,0.6722582972582972,0.3159420289855073,0.22025293518230182
C_group,7566,storage,1d_3pct,72,18,0.4027777910232544,0.5972041594820199,0.300945380762497,0.8014594485680724,0.3311948676824379,0.25245901639344265,0.1944263684587655
C_group,7566,storage,1d_5pct,72,18,0.1666666716337204,0.42870060192997245,0.21639429863516996,0.6249778768000116,0.38333333333333336,0.2413793103448276,0.26203393029625205
C_group,7566,storage,1d_8pct,72,18,0.013888888992369175,0.24427357821946696,0.0683226791392603,0.29741066737357413,0.5492957746478873,0.11764705882352944,0.2303846892270978
C_group,7566,storage,3d_3pct,72,18,0.6944444179534912,0.773531577393735,0.23256415507137973,0.6768534750266765,0.3190909090909091,0.21851851851851853,0.0790871594402438
C_group,7566,storage,3d_5pct,72,18,0.4722222089767456,0.6873881145510755,0.3132012658142189,0.8392280456932466,0.39086687306501544,0.2770700636942675,0.2151659055743299
C_group,7566,storage,3d_8pct,72,18,0.3055555522441864,0.4844730065404648,0.2640407736507192,0.7221924061180116,0.3518181818181818,0.34074074074074073,0.17891745429627842
C_group,7566,storage,5d_3pct,72,18,0.7638888955116272,0.8145891130631981,0.19114201005007153,0.5827629641209229,0.32192513368983955,0.19480519480519481,0.05070021755157095
C_group,7566,storage,5d_5pct,72,18,0.6527777910232544,0.7807883990737822,0.2527848375419989,0.7207646080422779,0.42382978723404263,0.313588850174216,0.12801060805052777
C_group,7566,storage,5d_8pct,72,18,0.5138888955116272,0.6275028155238161,0.27856810396127873,0.7609121854156847,0.45328185328185333,0.4205607476635514,0.11361392001218895
C_group,7566,optics_direct,1d_3pct,108,18,0.4166666567325592,0.6441991082551423,0.3189281425452683,0.8525693321160676,0.4603174603174603,0.2915766738660907,0.22753245152258306
C_group,7566,optics_direct,1d_5pct,108,18,0.28703704476356506,0.49102860255807645,0.2549200424044579,0.704269821011915,0.5245077503142019,0.2888283378746594,0.2039915577945114
C_group,7566,optics_direct,1d_8pct,108,18,0.10185185074806213,0.29156546128306343,0.12688363471785535,0.4282361686191771,0.6063730084348641,0.21935483870967742,0.1897136105350013
C_group,7566,optics_direct,3d_3pct,108,18,0.6296296119689941,0.8024742368426444,0.27682015161654233,0.7998166637012507,0.4176470588235295,0.30666666666666664,0.17284462487365027
C_group,7566,optics_direct,3d_5pct,108,18,0.5277777910232544,0.7292871566484195,0.3127464579436296,0.8712547766992098,0.45820433436532504,0.2818371607515658,0.20150936562516508
C_group,7566,optics_direct,3d_8pct,108,18,0.39814814925193787,0.5401846334843138,0.27538581742280693,0.7493796552184271,0.5019677996422183,0.2577565632458234,0.14203648423237591
C_group,7566,optics_direct,5d_3pct,108,18,0.7129629850387573,0.8328034092545349,0.22296753006718373,0.6689000991348655,0.4696271470465019,0.3949367088607595,0.11984042421577756
C_group,7566,optics_direct,5d_5pct,108,18,0.6388888955116272,0.7929053339104918,0.2588203532721807,0.7516501389906564,0.5213675213675214,0.3712984054669704,0.15401643839886459
C_group,7566,optics_direct,5d_8pct,108,18,0.49074074625968933,0.6986144234869868,0.29292556649956253,0.8246877629849784,0.5632933104631218,0.27315914489311166,0.20787367722729744
C_group,7566,optics_connectivity_chips,1d_3pct,72,18,0.3472222089767456,0.5901982771695228,0.30144807803022755,0.8087686126749379,0.47404255319148936,0.312280701754386,0.24297606819277717
C_group,7566,optics_connectivity_chips,1d_5pct,72,18,0.2083333283662796,0.43034481308223244,0.2201790300062258,0.6273641622453883,0.4970760233918129,0.3383084577114428,0.22201148471595283
C_group,7566,optics_connectivity_chips,1d_8pct,72,18,0.0833333358168602,0.25662514454701646,0.11274545859188355,0.39307494658256226,0.40404040404040403,0.20212765957446807,0.17329180873015626
C_group,7566,optics_connectivity_chips,3d_3pct,72,18,0.5555555820465088,0.7684817112055689,0.2983030927492656,0.8348467506690667,0.46249999999999997,0.23841059602649006,0.21292612915906006
C_group,7566,optics_connectivity_chips,3d_5pct,72,18,0.4583333432674408,0.6757155839496084,0.29808438456349995,0.8256918560023742,0.5050505050505051,0.3003412969283277,0.2173822406821676
C_group,7566,optics_connectivity_chips,3d_8pct,72,18,0.3333333432674408,0.49600088288259236,0.2441530285299699,0.6803458602959682,0.5529513888888888,0.3017241379310345,0.16266753961515157
C_group,7566,optics_connectivity_chips,5d_3pct,72,18,0.6805555820465088,0.8128817126618332,0.23212453516406029,0.6747507301658816,0.5590062111801242,0.3612167300380228,0.1323261306153244
C_group,7566,optics_connectivity_chips,5d_5pct,72,18,0.5277777910232544,0.7512512616494321,0.28055057559789415,0.8015829830313302,0.5835913312693498,0.38321167883211676,0.22347347062617773
C_group,7566,optics_connectivity_chips,5d_8pct,72,18,0.3888888955116272,0.6221202706393181,0.2775214434310705,0.7788247810543942,0.573051948051948,0.33482142857142855,0.23323137512769088
C_group,7566,optics_switching,1d_3pct,36,18,0.1944444477558136,0.35586817343173577,0.16499739551334663,0.5134978894022972,0.7733990147783252,0.4025974025974026,0.16142372567592217
C_group,7566,optics_switching,1d_5pct,36,18,0.0,0.27997029535711304,0.08005046055530554,0.3301008225813033,,,0.27997029535711304
C_group,7566,optics_switching,1d_8pct,36,18,0.0,0.17015944334329583,0.02912622820942952,0.18664747615001734,,,0.17015944334329583
C_group,7566,optics_switching,3d_3pct,36,18,0.2777777910232544,0.6158703514062851,0.2892742134318344,0.7752324544633691,0.7961538461538461,0.3375,0.3380925603830307
C_group,7566,optics_switching,3d_5pct,36,18,0.1388888955116272,0.4057309188076236,0.1781779257938015,0.5435788362624767,0.7806451612903226,0.4769230769230769,0.2668420232959964
C_group,7566,optics_switching,3d_8pct,36,18,0.0833333358168602,0.2745435921214666,0.10744880001915809,0.3847169771697957,0.8181818181818182,0.6000000000000001,0.19121025630460642
C_group,7566,optics_switching,5d_3pct,36,18,0.3055555522441864,0.6540856948620974,0.30377111251095934,0.8063260078294833,0.8109090909090908,0.33766233766233766,0.34853014261791104
C_group,7566,optics_switching,5d_5pct,36,18,0.1666666716337204,0.45689371559570663,0.20255997406888762,0.5951893762476965,0.8333333333333334,0.5833333333333333,0.29022704396198623
C_group,7566,optics_switching,5d_8pct,36,18,0.0833333358168602,0.3147671724239781,0.12333969776583735,0.4195076708663353,0.8282828282828282,0.6222222222222222,0.23143383660711792
C_group,7566,AAOI,1d_3pct,18,18,0.3333333432674408,0.7292316097291044,0.40508137296926877,1.046992612273913,0.25,0.25,0.3958982664616636
C_group,7566,AAOI,1d_5pct,18,18,0.2222222238779068,0.5760276757473007,0.3136927181548464,0.8231860028734287,0.35714285714285715,0.35714285714285715,0.35380545186939394
C_group,7566,AAOI,1d_8pct,18,18,0.0555555559694767,0.34705992156583465,0.14712172487563102,0.4803688483287558,0.23529411764705888,0.23529411764705888,0.29150436559635795
C_group,7566,AAOI,3d_3pct,18,18,0.6111111044883728,0.8495630686753485,0.3076583241777094,0.8913244731087249,0.2857142857142857,0.2857142857142857,0.23845196418697567
C_group,7566,AAOI,3d_5pct,18,18,0.5,0.820282014793007,0.3781058703001351,1.0504311755676252,0.2345679012345679,0.2345679012345679,0.320282014793007
C_group,7566,AAOI,3d_8pct,18,18,0.3333333432674408,0.6312323668589348,0.36330355680014664,0.932732030572863,0.1527777777777778,0.1527777777777778,0.297899023591494
C_group,7566,AAOI,5d_3pct,18,18,0.6666666865348816,0.870933603048769,0.2694431898880547,0.8016899468082804,0.375,0.375,0.2042669165138874
C_group,7566,AAOI,5d_5pct,18,18,0.6666666865348816,0.8702462713938001,0.26961192574135057,0.8022570113237526,0.375,0.375,0.20357958485891847
C_group,7566,AAOI,5d_8pct,18,18,0.5555555820465088,0.8146083241049629,0.34377998782746155,0.9701298941822917,0.23750000000000002,0.2375,0.2590527420584541
C_group,7566,ALAB,1d_3pct,18,18,0.3888888955116272,0.6072886518385002,0.3078502386713207,0.8160536768239308,0.2727272727272727,0.2727272727272727,0.21839975632687303
C_group,7566,ALAB,1d_5pct,18,18,0.2222222238779068,0.4553881020758142,0.23736581131746412,0.667587127599731,0.4107142857142857,0.4107142857142857,0.2331658781979074
C_group,7566,ALAB,1d_8pct,18,18,0.1666666716337204,0.26453843589198317,0.15521186877832455,0.49395727671624584,0.26666666666666666,0.26666666666666666,0.09787176425826277
C_group,7566,ALAB,3d_3pct,18,18,0.5555555820465088,0.7708749460001134,0.3126642457411192,0.8634035950353985,0.275,0.275,0.21531936395360463
C_group,7566,ALAB,3d_5pct,18,18,0.5555555820465088,0.6960778986859025,0.2952639566890251,0.8083400332639601,0.3,0.3,0.14052231663939374
C_group,7566,ALAB,3d_8pct,18,18,0.5555555820465088,0.503094976349803,0.28035957144656637,0.7551277174919284,0.275,0.275,0.05246060569670574
C_group,7566,ALAB,5d_3pct,18,18,0.7222222089767456,0.8074362021622002,0.21590793459682742,0.640821433666772,0.4153846153846154,0.4153846153846154,0.08521399318545464
C_group,7566,ALAB,5d_5pct,18,18,0.6666666865348816,0.7833328670005605,0.25985176943588684,0.7552186822448508,0.2638888888888889,0.2638888888888889,0.11666618046567889
C_group,7566,ALAB,5d_8pct,18,18,0.6666666865348816,0.6444278567623605,0.2695820560716813,0.7510803879053298,0.20833333333333334,0.20833333333333334,0.022238829772521118
C_group,7566,AMD,1d_3pct,18,18,0.3888888955116272,0.5269462170006888,0.27063214336809255,0.7351868139999543,0.3246753246753247,0.3246753246753247,0.13805732148906158
C_group,7566,AMD,1d_5pct,18,18,0.0555555559694767,0.3659496109721571,0.15431410478091914,0.4972776706464344,0.11764705882352944,0.11764705882352944,0.3103940550026804
C_group,7566,AMD,1d_8pct,18,18,0.0555555559694767,0.20940562527617482,0.07794116271457076,0.3138248857093802,0.11764705882352944,0.11764705882352944,0.15385006930669812
C_group,7566,AMD,3d_3pct,18,18,0.5555555820465088,0.7268466892712155,0.29066952468500545,0.7921030605095336,0.3,0.3,0.17129110722470675
C_group,7566,AMD,3d_5pct,18,18,0.4444444477558136,0.6129853916236798,0.2822413166444073,0.7615537016740197,0.4375,0.4375,0.16854094386786622
C_group,7566,AMD,3d_8pct,18,18,0.3888888955116272,0.4191180322818793,0.24151103406247484,0.6762945731929931,0.4545454545454545,0.4545454545454545,0.03022913677025213
C_group,7566,AMD,5d_3pct,18,18,0.7222222089767456,0.7785999903989225,0.2019254470072327,0.5927021246849047,0.49230769230769234,0.49230769230769234,0.056377781422176865
C_group,7566,AMD,5d_5pct,18,18,0.6666666865348816,0.7145852371500555,0.2130054477203166,0.6111915266588382,0.6111111111111112,0.6111111111111112,0.047918550615173916
C_group,7566,AMD,5d_8pct,18,18,0.5,0.5229628917739328,0.26655797983998175,0.7276716454863669,0.4444444444444445,0.4444444444444444,0.022962891773932848
C_group,7566,ANET,1d_3pct,18,18,0.3888888955116272,0.42152313460553986,0.2452423792454747,0.6836597059563531,0.4025974025974026,0.4025974025974026,0.032634239093912665
C_group,7566,ANET,1d_5pct,18,18,0.0,0.3171683229031604,0.10108193780584107,0.38204018212346647,,,0.3171683229031604
C_group,7566,ANET,1d_8pct,18,18,0.0,0.180995169704999,0.032849488561619476,0.1997329431793239,,,0.180995169704999
C_group,7566,ANET,3d_3pct,18,18,0.5555555820465088,0.678016663925809,0.2714730765860786,0.7424281304643586,0.3375,0.3375,0.12246108187930016
C_group,7566,ANET,3d_5pct,18,18,0.2777777910232544,0.4857641055467158,0.24945831466628635,0.6921315054701679,0.4769230769230769,0.4769230769230769,0.2079863145234614
C_group,7566,ANET,3d_8pct,18,18,0.1666666716337204,0.3234365655921325,0.16361964903706766,0.5133917448746661,0.6000000000000001,0.6000000000000001,0.15676989395841212
C_group,7566,ANET,5d_3pct,18,18,0.6111111044883728,0.716818264287171,0.2569060191186694,0.714717765278897,0.33766233766233766,0.33766233766233766,0.10570715979879819
C_group,7566,ANET,5d_5pct,18,18,0.3333333432674408,0.5543175773382769,0.2744379502874087,0.743001474961429,0.5833333333333333,0.5833333333333333,0.22098423407083612
C_group,7566,ANET,5d_8pct,18,18,0.1666666716337204,0.3991615474972809,0.19290772688613234,0.576547934496529,0.6222222222222222,0.6222222222222222,0.2324948758635605
C_group,7566,ARM,1d_3pct,18,18,0.5555555820465088,0.5695322510174066,0.2500028642181283,0.6927679881594585,0.48749999999999993,0.48749999999999993,0.013976668970897776
C_group,7566,ARM,1d_5pct,18,18,0.2222222238779068,0.4140166414950397,0.20958181381676236,0.6111355287357305,0.6071428571428571,0.6071428571428571,0.1917944176171329
C_group,7566,ARM,1d_8pct,18,18,0.0555555559694767,0.2376813188819678,0.08482711376223663,0.33343128830304203,0.7058823529411764,0.7058823529411764,0.1821257629124911
C_group,7566,ARM,3d_3pct,18,18,0.7777777910232544,0.7485960845453837,0.17363442561737574,0.5293018725323697,0.5,0.5,0.02918170647787066
C_group,7566,ARM,3d_5pct,18,18,0.6666666865348816,0.6551419447188939,0.23804140921692415,0.6714384860919187,0.33333333333333337,0.33333333333333337,0.011524741815987727
C_group,7566,ARM,3d_8pct,18,18,0.6111111044883728,0.4614544799910709,0.2748827617317607,0.7437311582089077,0.3246753246753247,0.3246753246753247,0.14965662449730188
C_group,7566,ARM,5d_3pct,18,18,0.8888888955116272,0.7901467245270087,0.10980970522954397,0.38423283817832,0.4375,0.4375,0.09874217098461846
C_group,7566,ARM,5d_5pct,18,18,0.7777777910232544,0.7507366933025342,0.18138456881012377,0.5484644749026528,0.375,0.375,0.027041097720720164
C_group,7566,ARM,5d_8pct,18,18,0.6666666865348816,0.5853132312830482,0.2558770180155687,0.7061130368753981,0.25,0.25,0.08135345525183335
C_group,7566,AVGO,1d_3pct,18,18,0.2222222238779068,0.3733366162531173,0.20499022661495536,0.6026450575840689,0.26785714285714285,0.26785714285714285,0.15111439237521052
C_group,7566,AVGO,1d_5pct,18,18,0.0555555559694767,0.25100592407954775,0.08911945372283284,0.34525811042636234,0.8235294117647058,0.8235294117647058,0.19545036811007105
C_group,7566,AVGO,1d_8pct,18,18,0.0,0.15682972192436076,0.0246648467623402,0.17063524329846166,,,0.15682972192436076
C_group,7566,AVGO,3d_3pct,18,18,0.3888888955116272,0.6402424595032202,0.31033999363368453,0.8189683197849953,0.2987012987012987,0.2987012987012987,0.25135356399159303
C_group,7566,AVGO,3d_5pct,18,18,0.2222222238779068,0.43830193109575766,0.22335225657952554,0.639324690267976,0.39285714285714285,0.39285714285714285,0.21607970721785086
C_group,7566,AVGO,3d_8pct,18,18,0.0,0.2916092849291855,0.08550116776448241,0.3452195481478306,,,0.2916092849291855
C_group,7566,AVGO,5d_3pct,18,18,0.5,0.7201805368713142,0.3075781223355068,0.8237811337951529,0.2716049382716049,0.2716049382716049,0.22018053687131423
C_group,7566,AVGO,5d_5pct,18,18,0.2222222238779068,0.5083116131781646,0.25775834255677255,0.7086878071372925,0.42857142857142855,0.42857142857142855,0.28608938930025785
C_group,7566,AVGO,5d_8pct,18,18,0.0,0.3377338464985474,0.11517305696911545,0.41333927817722604,,,0.3377338464985474
C_group,7566,AXTI,1d_3pct,18,18,0.5,0.7942242091320029,0.3566180457112711,0.9689635668415527,0.14814814814814814,0.14814814814814814,0.29422420913200287
C_group,7566,AXTI,1d_5pct,18,18,0.5,0.652348516524965,0.3044613172307837,0.8113474525808263,0.16049382716049382,0.16049382716049382,0.15234851652496495
C_group,7566,AXTI,1d_8pct,18,18,0.3333333432674408,0.4357056880478137,0.2456784695676717,0.6830784742932919,0.33333333333333337,0.33333333333333337,0.10237234478037288
C_group,7566,AXTI,3d_3pct,18,18,0.6111111044883728,0.884014245337736,0.32635677256811785,0.9857866326168434,0.0,0.0,0.2729031408493632
C_group,7566,AXTI,3d_5pct,18,18,0.6111111044883728,0.877055061691687,0.3268460441726078,0.9854031960126299,0.012987012987012991,0.012987012987012993,0.2659439572033142
C_group,7566,AXTI,3d_8pct,18,18,0.6111111044883728,0.7186710743374578,0.28629067141831765,0.7878208032280364,0.012987012987012991,0.012987012987012993,0.107559969849085
C_group,7566,AXTI,5d_3pct,18,18,0.7222222089767456,0.8950847732058969,0.23596780601513784,0.7361418623426208,0.16923076923076924,0.16923076923076924,0.17286256422915125
C_group,7566,AXTI,5d_5pct,18,18,0.7222222089767456,0.8950847732058969,0.23596780601513784,0.7361418623426208,0.16923076923076924,0.16923076923076924,0.17286256422915125
C_group,7566,AXTI,5d_8pct,18,18,0.6666666865348816,0.8787174452965798,0.28686165030891886,0.8862973565116377,0.013888888888888885,0.013888888888888885,0.2120507587616982
C_group,7566,CIEN,1d_3pct,18,18,0.3888888955116272,0.5596280496103997,0.2800107595143478,0.755379307285629,0.3896103896103896,0.3896103896103896,0.1707391540987725
C_group,7566,CIEN,1d_5pct,18,18,0.2222222238779068,0.4041693944437891,0.22132658028077,0.6351415407230694,0.24999999999999997,0.24999999999999997,0.18194717056588228
C_group,7566,CIEN,1d_8pct,18,18,0.0555555559694767,0.2314427357278338,0.08925030418155094,0.3455549873120789,0.05882352941176472,0.05882352941176472,0.1758871797583571
C_group,7566,CIEN,3d_3pct,18,18,0.6666666865348816,0.7538662127629768,0.23197799320238102,0.6651883350277116,0.5416666666666667,0.5416666666666667,0.08719952622809524
C_group,7566,CIEN,3d_5pct,18,18,0.5,0.6394868481297811,0.2999252128535984,0.8080351083790049,0.33333333333333337,0.33333333333333337,0.13948684812978107
C_group,7566,CIEN,3d_8pct,18,18,0.3888888955116272,0.4470088181244793,0.254145742875989,0.7013628276403815,0.49350649350649345,0.4935064935064934,0.05811992261285209
C_group,7566,CIEN,5d_3pct,18,18,0.7222222089767456,0.7931674552931668,0.18883183427723352,0.5527334747563202,0.7846153846153847,0.7846153846153847,0.07094524631642118
C_group,7566,CIEN,5d_5pct,18,18,0.6111111044883728,0.7267541819437645,0.2482946671652716,0.6906552183891708,0.5454545454545454,0.5454545454545454,0.11564307745539171
C_group,7566,CIEN,5d_8pct,18,18,0.4444444477558136,0.5822222100932763,0.26396651210229605,0.72663774999865,0.575,0.575,0.13777776233746275
C_group,7566,COHR,1d_3pct,18,18,0.4444444477558136,0.6280988329846444,0.29372287093843436,0.7853402574043451,0.42499999999999993,0.42499999999999993,0.18365438522883082
C_group,7566,COHR,1d_5pct,18,18,0.3888888955116272,0.45681368198836875,0.2656034302076269,0.7250174322934002,0.24675324675324675,0.24675324675324675,0.06792478647674155
C_group,7566,COHR,1d_8pct,18,18,0.1111111119389534,0.2507221056463,0.12717115621479883,0.43343871792341915,0.125,0.125,0.1396109937073466
C_group,7566,COHR,3d_3pct,18,18,0.6666666865348816,0.8028115889633085,0.25019721908507164,0.7183445249276017,0.4166666666666667,0.4166666666666667,0.13614490242842692
C_group,7566,COHR,3d_5pct,18,18,0.5555555820465088,0.7176615853289322,0.28963893427083803,0.7877367047290966,0.4,0.4,0.16210600328242342
C_group,7566,COHR,3d_8pct,18,18,0.4444444477558136,0.5072048164404042,0.2808149651419607,0.7554712375949717,0.3,0.3,0.06276036868459056
C_group,7566,COHR,5d_3pct,18,18,0.7222222089767456,0.8367705943091897,0.219231789970499,0.6526825340825052,0.4,0.4,0.11454838533244405
C_group,7566,COHR,5d_5pct,18,18,0.6666666865348816,0.8059831251484224,0.25667178062030804,0.7401743999782259,0.3611111111111111,0.3611111111111111,0.13931643861354082
C_group,7566,COHR,5d_8pct,18,18,0.5555555820465088,0.6839421316368974,0.307201351353198,0.8267309309300724,0.23750000000000004,0.23750000000000004,0.12838654959038864
C_group,7566,CRDO,1d_3pct,18,18,0.3333333432674408,0.6970311012415104,0.3777288816752846,0.9801597125496839,0.3333333333333333,0.3333333333333333,0.36369775797406956
C_group,7566,CRDO,1d_5pct,18,18,0.2222222238779068,0.5257854629765805,0.2886559290970194,0.7721472925775634,0.19642857142857142,0.19642857142857142,0.30356323909867367
C_group,7566,CRDO,1d_8pct,18,18,0.0555555559694767,0.3209769916034264,0.13242102023267519,0.4470069755789477,0.17647058823529416,0.17647058823529416,0.2654214356339497
C_group,7566,CRDO,3d_3pct,18,18,0.5555555820465088,0.8321012310891045,0.343715370070825,0.9775368028267475,0.1875,0.1875,0.2765456490425957
C_group,7566,CRDO,3d_5pct,18,18,0.4444444477558136,0.7887503735968344,0.38654192866688414,1.0470915756543686,0.35,0.35,0.3443059258410208
C_group,7566,CRDO,3d_8pct,18,18,0.3333333432674408,0.6060737310283922,0.3163745812298415,0.8357787040807811,0.4305555555555555,0.4305555555555555,0.27274038776095144
C_group,7566,CRDO,5d_3pct,18,18,0.6666666865348816,0.8606638153696066,0.25990142153316836,0.7575693562625988,0.5138888888888888,0.5138888888888888,0.19399712883472497
C_group,7566,CRDO,5d_5pct,18,18,0.5,0.855896042594048,0.3807256083382246,1.0663046964319316,0.5185185185185185,0.5185185185185185,0.35589604259404795
C_group,7566,CRDO,5d_8pct,18,18,0.3333333432674408,0.7659754857687087,0.42721802035969886,1.1322277860687042,0.4305555555555555,0.4305555555555555,0.43264214250126787
C_group,7566,CSCO,1d_3pct,18,18,0.0,0.29021321225793173,0.08475241178121859,0.3433360728482412,,,0.29021321225793173
C_group,7566,CSCO,1d_5pct,18,18,0.0,0.24277226781106562,0.059018983304770005,0.27816146303914013,,,0.24277226781106562
C_group,7566,CSCO,1d_8pct,18,18,0.0,0.15932371698159276,0.025402967857239573,0.17356200912071074,,,0.15932371698159276
C_group,7566,CSCO,3d_3pct,18,18,0.0,0.5537240388867608,0.3070753502775901,0.8080367784623793,,,0.5537240388867608
C_group,7566,CSCO,3d_5pct,18,18,0.0,0.32569773206853125,0.1068975369213167,0.39502616705478566,,,0.32569773206853125
C_group,7566,CSCO,3d_8pct,18,18,0.0,0.22565061865080072,0.051277951001248524,0.25604220946492534,,,0.22565061865080072
C_group,7566,CSCO,5d_3pct,18,18,0.0,0.5913531254370238,0.3506362059032492,0.8979342503800696,,,0.5913531254370238
C_group,7566,CSCO,5d_5pct,18,18,0.0,0.35946985385313623,0.13068199785036663,0.4473772775339638,,,0.35946985385313623
C_group,7566,CSCO,5d_8pct,18,18,0.0,0.2303727973506754,0.05377166864554231,0.2624674072361417,,,0.2303727973506754
C_group,7566,FN,1d_3pct,18,18,0.3333333432674408,0.4779663714493057,0.27629862869724686,0.7472169108737838,0.2222222222222222,0.2222222222222222,0.1446330281818649
C_group,7566,FN,1d_5pct,18,18,0.1111111119389534,0.36652723488427336,0.16436153363747452,0.517337781361205,0.5,0.5,0.25541612294531996
C_group,7566,FN,1d_8pct,18,18,0.0,0.21549544246190713,0.0477574051981518,0.24382079787238375,,,0.21549544246190713
C_group,7566,FN,3d_3pct,18,18,0.5555555820465088,0.6935888974259565,0.2804419867439074,0.7633894794301366,0.375,0.375,0.13803331537944774
C_group,7566,FN,3d_5pct,18,18,0.4444444477558136,0.5500302036764682,0.26654335981997523,0.7261543066617843,0.45,0.45,0.10558575592065456
C_group,7566,FN,3d_8pct,18,18,0.1111111119389534,0.38051134061763947,0.1905139537844771,0.5693140402411107,0.28125,0.28125,0.26940022867868607
C_group,7566,FN,5d_3pct,18,18,0.6666666865348816,0.7377342761273812,0.23361622221028533,0.6663622518352416,0.5,0.5,0.07106758959249959
C_group,7566,FN,5d_5pct,18,18,0.5,0.609378919228035,0.2721266864645206,0.7386939576161811,0.5061728395061729,0.5061728395061729,0.109378919228035
C_group,7566,FN,5d_8pct,18,18,0.1111111119389534,0.4863758986940812,0.26727398258222806,0.7301501083177653,0.34375,0.34375,0.3752647867551278
C_group,7566,INTC,1d_3pct,18,18,0.3888888955116272,0.6016247868384572,0.2897532820261359,0.7746097150164643,0.42857142857142855,0.42857142857142855,0.21273589132683002
C_group,7566,INTC,1d_5pct,18,18,0.2777777910232544,0.41536052857021877,0.22926826603998574,0.6517688999751434,0.3384615384615384,0.3384615384615384,0.13758273754696437
C_group,7566,INTC,1d_8pct,18,18,0.1111111119389534,0.23500300018761605,0.11763049063885189,0.4088005035060782,0.25,0.25,0.12389188824866265
C_group,7566,INTC,3d_3pct,18,18,0.6666666865348816,0.7774970914792757,0.2471689533780022,0.7065700493930245,0.2361111111111111,0.2361111111111111,0.11083040494439411
C_group,7566,INTC,3d_5pct,18,18,0.6111111044883728,0.696480611139967,0.266467164729549,0.7373177353049218,0.22077922077922077,0.22077922077922077,0.08536950665159415
C_group,7566,INTC,3d_8pct,18,18,0.4444444477558136,0.49114896527881463,0.26526691396055024,0.7239356149188179,0.325,0.325,0.04670451752300103
C_group,7566,INTC,5d_3pct,18,18,0.8333333134651184,0.8254513402796503,0.1400031693728559,0.45360489106304885,0.4888888888888889,0.4888888888888889,0.007881973185468127
C_group,7566,INTC,5d_5pct,18,18,0.7777777910232544,0.7965397197313453,0.1776455338195771,0.5428012708489907,0.4107142857142857,0.4107142857142857,0.018761928708090903
C_group,7566,INTC,5d_8pct,18,18,0.6666666865348816,0.6296597327398781,0.24320857524016987,0.6821885229231,0.29166666666666663,0.29166666666666663,0.03700695379500352
C_group,7566,LITE,1d_3pct,18,18,0.5,0.6760455766253969,0.30183717744104066,0.8115233380171825,0.30864197530864196,0.30864197530864196,0.17604557662539688
C_group,7566,LITE,1d_5pct,18,18,0.2777777910232544,0.4902851117597619,0.2600746749152462,0.7135887162395609,0.36923076923076925,0.36923076923076925,0.21250732073650752
C_group,7566,LITE,1d_8pct,18,18,0.0555555559694767,0.2689668742486913,0.1043227482693278,0.38315518598513315,0.05882352941176472,0.05882352941176472,0.2134113182792146
C_group,7566,LITE,3d_3pct,18,18,0.6666666865348816,0.83100140789054,0.2642886139220668,0.7748665370964863,0.23611111111111113,0.2361111111111111,0.1643347213556584
C_group,7566,LITE,3d_5pct,18,18,0.5555555820465088,0.7712072262706421,0.31541932624462304,0.8697681688451195,0.25,0.25,0.2156516442241333
C_group,7566,LITE,3d_8pct,18,18,0.5,0.5564793845269674,0.2772460145159506,0.7495769920331993,0.30864197530864196,0.30864197530864196,0.056479384526967435
C_group,7566,LITE,5d_3pct,18,18,0.7777777910232544,0.8631297535428054,0.19071433804189158,0.6037905249842254,0.08928571428571427,0.08928571428571427,0.08535196251955102
C_group,7566,LITE,5d_5pct,18,18,0.6666666865348816,0.8499847325430312,0.27024925362649554,0.8019783842939866,0.22222222222222224,0.2222222222222222,0.1833180460081496
C_group,7566,LITE,5d_8pct,18,18,0.6111111044883728,0.7458205310961222,0.2884699148232729,0.8081805379694529,0.24675324675324675,0.24675324675324675,0.13470942660774943
C_group,7566,MRVL,1d_3pct,18,18,0.4444444477558136,0.6831367393449632,0.31522296515934944,0.8362160037420684,0.3625,0.3625,0.23869229158914962
C_group,7566,MRVL,1d_5pct,18,18,0.3333333432674408,0.48919976319698755,0.26557492588758685,0.7244641183778964,0.2777777777777778,0.2777777777777778,0.15586641992954675
C_group,7566,MRVL,1d_8pct,18,18,0.1111111119389534,0.2841554287682954,0.13868409859419434,0.4607002907365934,0.125,0.125,0.17304431682934202
C_group,7566,MRVL,3d_3pct,18,18,0.7222222089767456,0.8307082082298369,0.2264927615514337,0.6794782850291253,0.18461538461538463,0.18461538461538463,0.10848599925309133
C_group,7566,MRVL,3d_5pct,18,18,0.6111111044883728,0.7797321324199388,0.2871793963185651,0.8080111248231917,0.18181818181818185,0.18181818181818185,0.16862102793156597
C_group,7566,MRVL,3d_8pct,18,18,0.4444444477558136,0.5832255392229887,0.29437679367898917,0.7852574714633334,0.21250000000000002,0.2125,0.1387810914671751
C_group,7566,MRVL,5d_3pct,18,18,0.8333333134651184,0.8632462962442113,0.14511066219073868,0.4768309969390031,0.2,0.2,0.029912982779092934
C_group,7566,MRVL,5d_5pct,18,18,0.7222222089767456,0.8574645238249549,0.22386658206069251,0.6761207463112459,0.3076923076923077,0.3076923076923077,0.13524231484820926
C_group,7566,MRVL,5d_8pct,18,18,0.5555555820465088,0.740343893527656,0.29811264032378637,0.8186516720663172,0.3625,0.3625,0.18478831148114716
C_group,7566,MU,1d_3pct,18,18,0.2777777910232544,0.5833222237729783,0.3131090124812745,0.82316780054567,0.24615384615384614,0.24615384615384614,0.30554443274972387
C_group,7566,MU,1d_5pct,18,18,0.1111111119389534,0.40828347935278775,0.19118475148726521,0.5736670024384619,0.40625,0.40625,0.29717236741383435
C_group,7566,MU,1d_8pct,18,18,0.0,0.227497607107196,0.05229000795922032,0.25857839340409206,,,0.227497607107196
C_group,7566,MU,3d_3pct,18,18,0.7222222089767456,0.7698164362522791,0.2132204017337724,0.629914904964253,0.3384615384615385,0.3384615384615385,0.04759422727553353
C_group,7566,MU,3d_5pct,18,18,0.3888888955116272,0.6806214234278181,0.33158533869885126,0.87326023704153,0.48051948051948046,0.4805194805194804,0.29173252791619086
C_group,7566,MU,3d_8pct,18,18,0.2222222238779068,0.4717514016552987,0.23962680329109695,0.6723663582756644,0.5178571428571428,0.5178571428571428,0.24952917777739192
C_group,7566,MU,5d_3pct,18,18,0.7222222089767456,0.8169592089811283,0.21643400675225177,0.6436466718829565,0.3230769230769231,0.3230769230769231,0.09473700000438268
C_group,7566,MU,5d_5pct,18,18,0.6111111044883728,0.7783763067236846,0.2678442018215338,0.7555059851364154,0.5194805194805195,0.5194805194805195,0.16726520223531183
C_group,7566,MU,5d_8pct,18,18,0.4444444477558136,0.6141061018500914,0.27739245403410884,0.7549932474092913,0.5875,0.5875,0.1696616540942778
C_group,7566,NVDA,1d_3pct,18,18,0.1666666716337204,0.3418584852137306,0.17353403905661371,0.5355988282742363,0.42222222222222217,0.42222222222222217,0.17519181358001018
C_group,7566,NVDA,1d_5pct,18,18,0.0555555559694767,0.23484705446206502,0.08789267247596426,0.34210119050948573,0.11764705882352944,0.11764705882352944,0.17929149849258832
C_group,7566,NVDA,1d_8pct,18,18,0.0,0.14690098854161399,0.02161017705517683,0.1589004590777687,,,0.14690098854161399
C_group,7566,NVDA,3d_3pct,18,18,0.6111111044883728,0.6174987787517893,0.25168799211502674,0.697886514188537,0.32467532467532473,0.32467532467532473,0.006387674263416465
C_group,7566,NVDA,3d_5pct,18,18,0.2222222238779068,0.40168343696731457,0.23144045453111112,0.6583230465624564,0.08928571428571427,0.08928571428571427,0.17946121308940777
C_group,7566,NVDA,3d_8pct,18,18,0.1666666716337204,0.2678073059749035,0.16655011528248495,0.5257307316934111,0.0,0.0,0.10114063434118309
C_group,7566,NVDA,5d_3pct,18,18,0.6666666865348816,0.6989544975142533,0.2355975634089953,0.6680213503732667,0.2916666666666667,0.2916666666666667,0.03228781097937172
C_group,7566,NVDA,5d_5pct,18,18,0.4444444477558136,0.46363502856506084,0.26929661486395085,0.7331186131902523,0.3625,0.3625,0.019190580809247237
C_group,7566,NVDA,5d_8pct,18,18,0.2222222238779068,0.3009887180248927,0.20036156677889355,0.5992613633111689,0.2142857142857143,0.21428571428571427,0.07876649414698589
C_group,7566,QCOM,1d_3pct,18,18,0.2777777910232544,0.4005457037419717,0.22959737177255068,0.6511455604562985,0.46153846153846156,0.46153846153846156,0.12276791271871729
C_group,7566,QCOM,1d_5pct,18,18,0.1111111119389534,0.28633198385273745,0.128902591653288,0.4350408051263057,0.59375,0.59375,0.17522087191378405
C_group,7566,QCOM,1d_8pct,18,18,0.0555555559694767,0.17134021775264088,0.06745391601135864,0.28046833227767914,0.2941176470588235,0.2941176470588235,0.11578466178316418
C_group,7566,QCOM,3d_3pct,18,18,0.8333333134651184,0.630908371711169,0.21229020686593214,0.622280194548966,0.24444444444444446,0.24444444444444444,0.20242494175394943
C_group,7566,QCOM,3d_5pct,18,18,0.5,0.46523367151437817,0.28979986328627977,0.7755702428524045,0.4320987654320988,0.43209876543209874,0.034766328485621834
C_group,7566,QCOM,3d_8pct,18,18,0.1111111119389534,0.31077925859482103,0.15619206255843845,0.4950385711292117,0.375,0.375,0.19966814665586763
C_group,7566,QCOM,5d_3pct,18,18,1.0,0.6975863152598376,0.09749502098556082,0.3661951674770605,,,0.3024136847401624
C_group,7566,QCOM,5d_5pct,18,18,0.7777777910232544,0.5334400218146714,0.2656835870546086,0.7260920861297891,0.4464285714285714,0.44642857142857145,0.24433776920858297
C_group,7566,QCOM,5d_8pct,18,18,0.3333333432674408,0.36860522132231754,0.28239811987064856,0.7618730483048488,0.3472222222222222,0.3472222222222222,0.03527187805487675
C_group,7566,SNDK,1d_3pct,18,18,0.4444444477558136,0.6709235649962517,0.32865024254862596,0.8688630869946885,0.2,0.2,0.22647911724043812
C_group,7566,SNDK,1d_5pct,18,18,0.2777777910232544,0.48668397252494217,0.26942697369816027,0.7326613356061871,0.18461538461538463,0.18461538461538463,0.20890618150168777
C_group,7566,SNDK,1d_8pct,18,18,0.0555555559694767,0.28113030410367634,0.10985647730848949,0.3960899855760468,0.11764705882352944,0.11764705882352944,0.22557474813419964
C_group,7566,SNDK,3d_3pct,18,18,0.7777777910232544,0.817079763754549,0.1904081622274461,0.5946233031199246,0.1607142857142857,0.16071428571428573,0.039301972731294654
C_group,7566,SNDK,3d_5pct,18,18,0.6111111044883728,0.7657143840264309,0.279797016526572,0.7909119199640569,0.36363636363636365,0.36363636363636365,0.15460327953805808
C_group,7566,SNDK,3d_8pct,18,18,0.2777777910232544,0.5619334917025972,0.29103837239895625,0.7785653389793132,0.46153846153846156,0.46153846153846156,0.2841557006793428
C_group,7566,SNDK,5d_3pct,18,18,0.8333333134651184,0.8542823421845459,0.14398051105047072,0.4720998932701781,0.28888888888888886,0.28888888888888886,0.020949028719427498
C_group,7566,SNDK,5d_5pct,18,18,0.7777777910232544,0.8459074882442629,0.18228039303371452,0.5654368859897423,0.375,0.375,0.06812969722100848
C_group,7566,SNDK,5d_8pct,18,18,0.5555555820465088,0.7250896508721064,0.2708237375981244,0.7623045333344446,0.575,0.575,0.16953406882559763
C_group,7566,STX,1d_3pct,18,18,0.4444444477558136,0.5872044579377158,0.2924139611206569,0.7807000186486488,0.16249999999999998,0.16249999999999998,0.1427600101819022
C_group,7566,STX,1d_5pct,18,18,0.1666666716337204,0.4305774984048619,0.22114513420262133,0.6352169606896818,0.15555555555555556,0.15555555555555556,0.2639108267711415
C_group,7566,STX,1d_8pct,18,18,0.0,0.24618610570567212,0.061186503176725804,0.28312628377566734,,,0.24618610570567212
C_group,7566,STX,3d_3pct,18,18,0.6111111044883728,0.7667834964644654,0.2829497628981257,0.7895236794385517,0.12987012987012989,0.12987012987012989,0.15567239197609262
C_group,7566,STX,3d_5pct,18,18,0.4444444477558136,0.6729610330738742,0.3268943788245629,0.8619024779208584,0.16249999999999998,0.16249999999999998,0.22851658531806063
C_group,7566,STX,3d_8pct,18,18,0.3888888955116272,0.47484113419220286,0.2741544450485735,0.7419433733574364,0.15584415584415584,0.15584415584415584,0.08595223868057567
C_group,7566,STX,5d_3pct,18,18,0.7222222089767456,0.7996145681652854,0.22040405026758542,0.6522529656226975,0.07692307692307691,0.07692307692307691,0.07739235918853982
C_group,7566,STX,5d_5pct,18,18,0.6111111044883728,0.7673532929372074,0.2824340900299285,0.7896495798456318,0.2337662337662338,0.23376623376623376,0.15624218844883464
C_group,7566,STX,5d_8pct,18,18,0.5555555820465088,0.6128108020238128,0.28739574907482673,0.7739302257130505,0.2,0.2,0.057255219977303984
C_group,7566,WDC,1d_3pct,18,18,0.4444444477558136,0.5473663912211338,0.26960830689943066,0.7331068880832827,0.4,0.4,0.10292194346532024
C_group,7566,WDC,1d_5pct,18,18,0.1111111119389534,0.38925745743729817,0.18382033515263296,0.5583662084657155,0.3125,0.3125,0.27814634549834477
C_group,7566,WDC,1d_8pct,18,18,0.0,0.22228029596132337,0.049957728112605515,0.25184800673849045,,,0.22228029596132337
C_group,7566,WDC,3d_3pct,18,18,0.6666666865348816,0.7404466131036463,0.24367829342617484,0.6933520125839765,0.25,0.25,0.07377992656876475
C_group,7566,WDC,3d_5pct,18,18,0.4444444477558136,0.6302556176761788,0.31452832920688967,0.8308375478465413,0.11249999999999999,0.1125,0.18581116992036517
C_group,7566,WDC,3d_8pct,18,18,0.3333333432674408,0.4293659986117604,0.2513434738642502,0.6958945538596321,0.2916666666666667,0.2916666666666667,0.0960326553443196
C_group,7566,WDC,5d_3pct,18,18,0.7777777910232544,0.7875003329218329,0.18374947212997841,0.5630523257078595,0.10714285714285714,0.10714285714285714,0.009722541898578463
C_group,7566,WDC,5d_5pct,18,18,0.6111111044883728,0.731516508389974,0.2785806652828187,0.7724659811973221,0.14285714285714288,0.14285714285714288,0.12040540390160115
C_group,7566,WDC,5d_8pct,18,18,0.5,0.5580047073492546,0.2786604751380551,0.7524207352059525,0.32098765432098764,0.32098765432098764,0.05800470734925456
C_no_group,3566,chips,1d_3pct,144,18,0.3541666567325592,0.42313229256145957,0.2265465720847485,0.6429897872694965,0.6124815517604891,0.4506283662477558,0.06896563582890036
C_no_group,3566,chips,1d_5pct,144,18,0.1666666716337204,0.2794189520074462,0.14743791978798568,0.4629299389498018,0.670138888888889,0.4608433734939759,0.11275228037372581
C_no_group,3566,chips,1d_8pct,144,18,0.0694444477558136,0.15613499270654355,0.07246956314535663,0.26768395337843676,0.7119402985074627,0.5375,0.08669054495072995
C_no_group,3566,chips,3d_3pct,144,18,0.6388888955116272,0.6180346098475952,0.23900211588016315,0.6737048801502055,0.5305183946488294,0.5253623188405797,0.020854285664032024
C_no_group,3566,chips,3d_5pct,144,18,0.4791666567325592,0.45912205650959215,0.22933678600601004,0.6518337953881885,0.6709178743961351,0.540587219343696,0.020044600222967057
C_no_group,3566,chips,3d_8pct,144,18,0.3402777910232544,0.29894424101220607,0.19164224012713463,0.5646184368372782,0.7381310418904403,0.5116772823779193,0.041333550011048326
C_no_group,3566,chips,5d_3pct,144,18,0.7708333134651184,0.6860342435828606,0.18785347371985,0.5652489827959397,0.5487305487305487,0.5407407407407407,0.08479906988225783
C_no_group,3566,chips,5d_5pct,144,18,0.6319444179534912,0.5338423569320591,0.23349779464910458,0.6635850541370547,0.6390213560024881,0.5321637426900585,0.09810206102143215
C_no_group,3566,chips,5d_8pct,144,18,0.4513888955116272,0.36214017273827337,0.22021336853158374,0.6373023565912022,0.7094449853943525,0.499009900990099,0.08924872277335383
C_no_group,3566,optics,1d_3pct,216,18,0.35648149251937866,0.5044105192617082,0.24132115412630714,0.6711565147111623,0.6088012706717743,0.5406060606060606,0.14792902674232955
C_no_group,3566,optics,1d_5pct,216,18,0.21296297013759613,0.3577035398400239,0.17385401840489276,0.5176075438801154,0.7051150895140664,0.625,0.14474056970242777
C_no_group,3566,optics,1d_8pct,216,18,0.07870370149612427,0.20733667860213936,0.08601076484065288,0.30776382873279035,0.7800768548625481,0.6305220883534136,0.1286329771060151
C_no_group,3566,optics,3d_3pct,216,18,0.5462962985038757,0.6639249359330082,0.2359891632249786,0.6701673494468623,0.6389657557938431,0.5841346153846154,0.11762863742913243
C_no_group,3566,optics,3d_5pct,216,18,0.43981480598449707,0.5400144384789018,0.22905150176850222,0.6433616763928901,0.6842105263157895,0.7060931899641577,0.10019963249440478
C_no_group,3566,optics,3d_8pct,216,18,0.32407405972480774,0.37739446887465283,0.19035707284780035,0.5514305046054273,0.7223091976516635,0.6566091954022989,0.053320409149845094
C_no_group,3566,optics,5d_3pct,216,18,0.6342592835426331,0.7283924774988161,0.2104716703501534,0.6183968156233064,0.6663586805876375,0.6136054421768707,0.09413319395618303
C_no_group,3566,optics,5d_5pct,216,18,0.5231481194496155,0.6117928907575203,0.2160790618382173,0.6192942224595142,0.7039264541627288,0.6280254777070063,0.08864477130790482
C_no_group,3566,optics,5d_8pct,216,18,0.3888888955116272,0.46171822883966956,0.19346425037704426,0.5604760865037929,0.75748556998557,0.6028985507246377,0.07282933332804237
C_no_group,3566,storage,1d_3pct,72,18,0.4027777910232544,0.5539462377284194,0.26059605933324953,0.7148738744853103,0.5757818765036087,0.6622950819672131,0.15116844670516505
C_no_group,3566,storage,1d_5pct,72,18,0.1666666716337204,0.40249389062658836,0.1946098869452774,0.5806639951011779,0.5138888888888888,0.43103448275862066,0.23582721899286796
C_no_group,3566,storage,1d_8pct,72,18,0.013888888992369175,0.26777687496265806,0.07891633552743654,0.3239265691515815,0.8873239436619719,0.5294117647058824,0.2538879859702889
C_no_group,3566,storage,3d_3pct,72,18,0.6944444179534912,0.7226038665421968,0.20188976308533582,0.5905349299295436,0.6590909090909092,0.7148148148148148,0.02815944858870556
C_no_group,3566,storage,3d_5pct,72,18,0.4722222089767456,0.6452621905366828,0.2739245663862303,0.7460264343610546,0.5735294117647058,0.5668789808917197,0.17303998155993716
C_no_group,3566,storage,3d_8pct,72,18,0.3055555522441864,0.4637096026358051,0.24183967310817442,0.6765855965853748,0.4945454545454545,0.5148148148148148,0.15815405039161867
C_no_group,3566,storage,5d_3pct,72,18,0.7638888955116272,0.7771169618841084,0.1747707356222261,0.5300287100770511,0.6363636363636364,0.7705627705627706,0.013228066372481195
C_no_group,3566,storage,5d_5pct,72,18,0.6527777910232544,0.7378196290930557,0.22683163222502944,0.6476598118081712,0.6255319148936169,0.6306620209059234,0.08504183806980126
C_no_group,3566,storage,5d_8pct,72,18,0.5138888955116272,0.5728474979903919,0.2602241356223405,0.7157522896356125,0.47644787644787645,0.4735202492211838,0.05895860247876472
C_no_group,3566,optics_direct,1d_3pct,108,18,0.4166666567325592,0.5624789732202666,0.2623592921250721,0.7188662033130448,0.5703703703703704,0.5680345572354212,0.14581231648770743
C_no_group,3566,optics_direct,1d_5pct,108,18,0.28703704476356506,0.4326010105845246,0.2145847670707022,0.619418548328728,0.6602429828236279,0.7084468664850136,0.14556396582095954
C_no_group,3566,optics_direct,1d_8pct,108,18,0.10185185074806213,0.24318785023399941,0.10388882626237145,0.36608467754635443,0.7600749765698219,0.6064516129032258,0.14133599948593728
C_no_group,3566,optics_direct,3d_3pct,108,18,0.6296296119689941,0.7102188817906897,0.2416265481773268,0.6818807078158515,0.5411764705882353,0.6155555555555555,0.08058926982169556
C_no_group,3566,optics_direct,3d_5pct,108,18,0.5277777910232544,0.6217433295785587,0.25629615021347274,0.7099710033314472,0.5975232198142415,0.7954070981210856,0.09396553855530432
C_no_group,3566,optics_direct,3d_8pct,108,18,0.39814814925193787,0.4304693726444611,0.22323079900907872,0.636529745771078,0.6826475849731664,0.7398568019093079,0.032321223392523246
C_no_group,3566,optics_direct,5d_3pct,108,18,0.7129629850387573,0.7728713169367991,0.21080522152684814,0.619503826118437,0.5450356095517386,0.6329113924050633,0.05990833189804179
C_no_group,3566,optics_direct,5d_5pct,108,18,0.6388888955116272,0.6893141425342387,0.2262107904837334,0.6479211454808966,0.6131549609810479,0.6947608200455581,0.05042524702261153
C_no_group,3566,optics_direct,5d_8pct,108,18,0.49074074625968933,0.5189927737089932,0.22110018854549085,0.6337265918124624,0.7125214408233277,0.6484560570071259,0.028252027449303885
C_no_group,3566,optics_connectivity_chips,1d_3pct,72,18,0.3472222089767456,0.5270727259760668,0.26444285110013555,0.7224307745424281,0.5072340425531915,0.4631578947368421,0.1798505169993212
C_no_group,3566,optics_connectivity_chips,1d_5pct,72,18,0.2083333283662796,0.35649098583311223,0.18834627595370107,0.5494720730220055,0.5450292397660819,0.472636815920398,0.14815765746683263
C_no_group,3566,optics_connectivity_chips,1d_8pct,72,18,0.0833333358168602,0.2212982333805113,0.09821369383074824,0.3360606856855577,0.6565656565656566,0.6702127659574468,0.1379648975636511
C_no_group,3566,optics_connectivity_chips,3d_3pct,72,18,0.5555555820465088,0.6865473277919166,0.2595448027175046,0.7233399981596516,0.55234375,0.5033112582781457,0.13099174574540784
C_no_group,3566,optics_connectivity_chips,3d_5pct,72,18,0.4583333432674408,0.5665164002977271,0.24991709973074927,0.6957803464097468,0.6037296037296037,0.5324232081911263,0.1081830570302863
C_no_group,3566,optics_connectivity_chips,3d_8pct,72,18,0.3333333432674408,0.39706366520249836,0.1972653227196746,0.5652953422120639,0.6345486111111112,0.4870689655172414,0.06373032193505757
C_no_group,3566,optics_connectivity_chips,5d_3pct,72,18,0.6805555820465088,0.7426712900775335,0.21557367355567444,0.6309872227473993,0.5456965394853593,0.5171102661596958,0.06211570803102473
C_no_group,3566,optics_connectivity_chips,5d_5pct,72,18,0.5277777910232544,0.6390084770045035,0.23931403457182465,0.6817268390169835,0.6362229102167183,0.5291970802919708,0.11123068598124908
C_no_group,3566,optics_connectivity_chips,5d_8pct,72,18,0.3888888955116272,0.49754102366821434,0.20341661928074278,0.5822957805088014,0.7102272727272727,0.4955357142857143,0.10865212815658715
C_no_group,3566,optics_switching,1d_3pct,36,18,0.1944444477558136,0.28488074395731594,0.13196334618235533,0.4254789292429828,0.8719211822660099,0.6623376623376623,0.09043629620150234
C_no_group,3566,optics_switching,1d_5pct,36,18,0.0,0.1354362356203451,0.022677257309847727,0.14844547225049728,,,0.1354362356203451
C_no_group,3566,optics_switching,1d_8pct,36,18,0.0,0.07186005414981507,0.0079707225953066,0.07620756838656328,,,0.07186005414981507
C_no_group,3566,optics_switching,3d_3pct,36,18,0.2777777910232544,0.47979831464214723,0.171965729382882,0.5286819769143166,0.9115384615384614,0.7125,0.20202052361889283
C_no_group,3566,optics_switching,3d_5pct,36,18,0.1388888955116272,0.24182384154228145,0.10558636050909667,0.33869635554350525,0.9290322580645162,0.8307692307692308,0.10293494603065426
C_no_group,3566,optics_switching,3d_8pct,36,18,0.0833333358168602,0.17883136490953702,0.07791939462021676,0.26840310589520106,0.888888888888889,0.7555555555555555,0.09549802909267682
C_no_group,3566,optics_switching,5d_3pct,36,18,0.3055555522441864,0.5663983340274328,0.19926701040902697,0.589894969889729,0.9563636363636363,0.8441558441558441,0.2608427817832464
C_no_group,3566,optics_switching,5d_5pct,36,18,0.1666666716337204,0.3247979629333987,0.1392139304344543,0.40854822028042803,0.8388888888888888,0.5972222222222222,0.1581312912996783
C_no_group,3566,optics_switching,5d_8pct,36,18,0.0833333358168602,0.2182490045746084,0.09065169806430778,0.297085182567767,0.8686868686868687,0.711111111111111,0.13491566875774821
C_no_group,3566,AAOI,1d_3pct,18,18,0.3333333432674408,0.6214438219327927,0.3041072537937767,0.8042004929658978,0.4861111111111111,0.4861111111111111,0.2881104786653519
C_no_group,3566,AAOI,1d_5pct,18,18,0.2222222238779068,0.5183966009204085,0.2585394139743592,0.7102331912767833,0.6964285714285714,0.6964285714285714,0.2961743770425017
C_no_group,3566,AAOI,1d_8pct,18,18,0.0555555559694767,0.3241136690657852,0.12519068424651253,0.43271317653379127,0.6470588235294117,0.6470588235294117,0.2685581130963085
C_no_group,3566,AAOI,3d_3pct,18,18,0.6111111044883728,0.8041041599055224,0.27391386049964694,0.7650785656202432,0.5584415584415584,0.5584415584415584,0.19299305541714962
C_no_group,3566,AAOI,3d_5pct,18,18,0.5,0.7353519801775559,0.29959682241719626,0.8030757730467606,0.5925925925925926,0.5925925925925926,0.23535198017755588
C_no_group,3566,AAOI,3d_8pct,18,18,0.3333333432674408,0.5372210581033178,0.26333206083551114,0.7201463177140544,0.5833333333333334,0.5833333333333334,0.20388771483587698
C_no_group,3566,AAOI,5d_3pct,18,18,0.6666666865348816,0.8514508752125219,0.25416042513186715,0.7357400081814784,0.6111111111111112,0.6111111111111112,0.18478418867764035
C_no_group,3566,AAOI,5d_5pct,18,18,0.6666666865348816,0.7864616248789518,0.23189231336168584,0.6608229675486856,0.5972222222222223,0.5972222222222223,0.11979493834407018
C_no_group,3566,AAOI,5d_8pct,18,18,0.5555555820465088,0.6513752678467865,0.2663421724270546,0.7326367522539013,0.5375,0.5375,0.09581968580027767
C_no_group,3566,ALAB,1d_3pct,18,18,0.3888888955116272,0.6143347671101623,0.29376656424677405,0.7828334453455421,0.41558441558441556,0.41558441558441556,0.22544587159853513
C_no_group,3566,ALAB,1d_5pct,18,18,0.2222222238779068,0.4442970096404823,0.22886424244829906,0.6509132864466376,0.3392857142857143,0.3392857142857143,0.2220747857625755
C_no_group,3566,ALAB,1d_8pct,18,18,0.1666666716337204,0.2686362191803681,0.14721415889810846,0.4744511049924412,0.6444444444444444,0.6444444444444444,0.10196954754664772
C_no_group,3566,ALAB,3d_3pct,18,18,0.5555555820465088,0.7627184952833445,0.2936395423382095,0.8001095579553053,0.48749999999999993,0.48749999999999993,0.20716291323683567
C_no_group,3566,ALAB,3d_5pct,18,18,0.5555555820465088,0.6440943414112767,0.24906246911251273,0.690729216487989,0.625,0.625,0.08853875936476796
C_no_group,3566,ALAB,3d_8pct,18,18,0.5555555820465088,0.46210627135009336,0.24582458594387468,0.6847590899737429,0.7125,0.7125,0.09344931069641543
C_no_group,3566,ALAB,5d_3pct,18,18,0.7222222089767456,0.8347020879544466,0.21365177160318466,0.6309328323980729,0.6307692307692307,0.6307692307692307,0.11247987897770095
C_no_group,3566,ALAB,5d_5pct,18,18,0.6666666865348816,0.788068979033811,0.23044800090660578,0.6563632079797262,0.7916666666666667,0.7916666666666667,0.12140229249892942
C_no_group,3566,ALAB,5d_8pct,18,18,0.6666666865348816,0.6463427616601081,0.21835059542181784,0.6278144546813258,0.5833333333333334,0.5833333333333334,0.020323924874773525
C_no_group,3566,AMD,1d_3pct,18,18,0.3888888955116272,0.4420732867882177,0.24557193355472254,0.6842932001696771,0.35064935064935066,0.35064935064935066,0.053184391276590526
C_no_group,3566,AMD,1d_5pct,18,18,0.0555555559694767,0.2719658474494627,0.10209841707705684,0.3779748997361392,0.17647058823529416,0.17647058823529416,0.21641029147998603
C_no_group,3566,AMD,1d_8pct,18,18,0.0555555559694767,0.16167861422292187,0.06514775778636885,0.2725741672740722,0.2941176470588235,0.2941176470588235,0.10612305825344517
C_no_group,3566,AMD,3d_3pct,18,18,0.5555555820465088,0.7087691393671114,0.2750699211125124,0.7523827102083127,0.44999999999999996,0.45,0.1532135573206026
C_no_group,3566,AMD,3d_5pct,18,18,0.4444444477558136,0.4956275728431207,0.2610082378261213,0.7151805602382255,0.4625,0.4625,0.0511831250873071
C_no_group,3566,AMD,3d_8pct,18,18,0.3888888955116272,0.30104354770143477,0.2481863873508988,0.6924376431248649,0.42857142857142855,0.42857142857142855,0.08784534781019243
C_no_group,3566,AMD,5d_3pct,18,18,0.7222222089767456,0.7702593713557807,0.21278457988573848,0.6260467387363668,0.29230769230769227,0.29230769230769227,0.0480371623790351
C_no_group,3566,AMD,5d_5pct,18,18,0.6666666865348816,0.6333578937501936,0.2364397334893373,0.6678395422114538,0.33333333333333337,0.33333333333333337,0.03330879278468801
C_no_group,3566,AMD,5d_8pct,18,18,0.5,0.3710569669447492,0.28240693988353344,0.7618137985993493,0.3580246913580247,0.3580246913580247,0.1289430330552508
C_no_group,3566,ANET,1d_3pct,18,18,0.3888888955116272,0.3955860069068689,0.23343040293824632,0.6594678912780886,0.6623376623376623,0.6623376623376623,0.006697111395241706
C_no_group,3566,ANET,1d_5pct,18,18,0.0,0.20015379448857193,0.04026826038140257,0.22349804196738454,,,0.20015379448857193
C_no_group,3566,ANET,1d_8pct,18,18,0.0,0.12442769765687285,0.01556924455817791,0.13293419704178533,,,0.12442769765687285
C_no_group,3566,ANET,3d_3pct,18,18,0.5555555820465088,0.6551926358137663,0.24989996087847205,0.6929380240785294,0.7125,0.7125,0.09963705376725751
C_no_group,3566,ANET,3d_5pct,18,18,0.2777777910232544,0.4129290063324446,0.20608646677990042,0.6039998085534004,0.8307692307692308,0.8307692307692308,0.13515121530919022
C_no_group,3566,ANET,3d_8pct,18,18,0.1666666716337204,0.3132597121473999,0.15381930792417792,0.4913610158450289,0.7555555555555555,0.7555555555555555,0.1465930405136795
C_no_group,3566,ANET,5d_3pct,18,18,0.6111111044883728,0.750288097991198,0.2481639948194553,0.6921053365866281,0.8441558441558441,0.8441558441558441,0.1391769935028252
C_no_group,3566,ANET,5d_5pct,18,18,0.3333333432674408,0.5740917738260328,0.2725352966182297,0.7384777404322713,0.5972222222222222,0.5972222222222222,0.24075843055859203
C_no_group,3566,ANET,5d_8pct,18,18,0.1666666716337204,0.3920949914775427,0.17928391481236,0.5487251691901607,0.711111111111111,0.711111111111111,0.22542831984382228
C_no_group,3566,ARM,1d_3pct,18,18,0.5555555820465088,0.5559686233870581,0.2492851685717993,0.6917603450986428,0.4875,0.4875,0.00041304134054931385
C_no_group,3566,ARM,1d_5pct,18,18,0.2222222238779068,0.37855352982865575,0.19720104738654104,0.5853811981566897,0.5357142857142857,0.5357142857142857,0.15633130595074896
C_no_group,3566,ARM,1d_8pct,18,18,0.0555555559694767,0.2085171444589767,0.07107105787991536,0.2931249546432448,1.0,1.0,0.1529615884895
C_no_group,3566,ARM,3d_3pct,18,18,0.7777777910232544,0.6660003264133765,0.18495818700912992,0.5587455418769771,0.48214285714285715,0.48214285714285715,0.11177746460987792
C_no_group,3566,ARM,3d_5pct,18,18,0.6666666865348816,0.5928197505009178,0.2183626599164349,0.6284301972403372,0.7222222222222222,0.7222222222222222,0.07384693603396375
C_no_group,3566,ARM,3d_8pct,18,18,0.6111111044883728,0.4413855810122749,0.2523734958788022,0.697737351163387,0.8051948051948052,0.8051948051948052,0.16972552347609793
C_no_group,3566,ARM,5d_3pct,18,18,0.8888888955116272,0.731100738701845,0.12219777506608148,0.420323864280253,0.78125,0.78125,0.1577881568097822
C_no_group,3566,ARM,5d_5pct,18,18,0.7777777910232544,0.6589791249604972,0.1830120218081008,0.5543099725928947,0.6785714285714286,0.6785714285714286,0.11879866606275724
C_no_group,3566,ARM,5d_8pct,18,18,0.6666666865348816,0.48077893385398646,0.24323490915984955,0.6795496115244917,0.8055555555555556,0.8055555555555556,0.18588775268089514
C_no_group,3566,AVGO,1d_3pct,18,18,0.2222222238779068,0.2968040417900496,0.17607692095734784,0.53815803244875,0.6428571428571428,0.6428571428571429,0.0745818179121428
C_no_group,3566,AVGO,1d_5pct,18,18,0.0555555559694767,0.10068948840419435,0.053277451629762496,0.21972175132985783,0.5294117647058824,0.5294117647058824,0.04513393243471765
C_no_group,3566,AVGO,1d_8pct,18,18,0.0,0.019163950935787526,0.00036725794427429765,0.019349960202845306,,,0.019163950935787526
C_no_group,3566,AVGO,3d_3pct,18,18,0.3888888955116272,0.44012029733013697,0.24088384465877447,0.674726192603073,0.5194805194805194,0.5194805194805194,0.05123140181850977
C_no_group,3566,AVGO,3d_5pct,18,18,0.2222222238779068,0.2121918765956207,0.17484033123523995,0.5350989795980116,0.5,0.5,0.010030347282286106
C_no_group,3566,AVGO,3d_8pct,18,18,0.0,0.12893022549341493,0.01747251232430647,0.13859197585426647,,,0.12893022549341493
C_no_group,3566,AVGO,5d_3pct,18,18,0.5,0.5340684194257697,0.24912274902543738,0.691311936411322,0.5555555555555556,0.5555555555555556,0.03406841942576966
C_no_group,3566,AVGO,5d_5pct,18,18,0.2222222238779068,0.22340350677503368,0.17602419968152708,0.538218229399552,0.5,0.5,0.0011812828971268785
C_no_group,3566,AVGO,5d_8pct,18,18,0.0,0.16118602785373437,0.028510927249884507,0.17758770042187141,,,0.16118602785373437
C_no_group,3566,AXTI,1d_3pct,18,18,0.5,0.6576094997776258,0.2739222394071437,0.7439217339145675,0.5308641975308642,0.5308641975308642,0.15760949977762584
C_no_group,3566,AXTI,1d_5pct,18,18,0.5,0.5862495802870709,0.2528299515040323,0.6987848024994068,0.7160493827160495,0.7160493827160495,0.08624958028707086
C_no_group,3566,AXTI,1d_8pct,18,18,0.3333333432674408,0.4028672552570856,0.22426934631858858,0.6409183926063708,0.6111111111111112,0.6111111111111112,0.06953391198964481
C_no_group,3566,AXTI,3d_3pct,18,18,0.6111111044883728,0.7241020814420598,0.25135462225811195,0.7014042295617187,0.4805194805194805,0.4805194805194805,0.11299097695368698
C_no_group,3566,AXTI,3d_5pct,18,18,0.6111111044883728,0.6552067268639956,0.23515238016014495,0.662871992455734,0.5714285714285714,0.5714285714285714,0.04409562237562281
C_no_group,3566,AXTI,3d_8pct,18,18,0.6111111044883728,0.5269702291540823,0.2393869181412644,0.6718451159113785,0.5714285714285714,0.5714285714285714,0.08414087533429049
C_no_group,3566,AXTI,5d_3pct,18,18,0.7222222089767456,0.7625968220001519,0.20460639749399476,0.6027798812589849,0.5230769230769231,0.5230769230769231,0.04037461302340628
C_no_group,3566,AXTI,5d_5pct,18,18,0.7222222089767456,0.7009633891212291,0.20077049670018168,0.5912534002037249,0.5230769230769231,0.5230769230769231,0.021258819855516475
C_no_group,3566,AXTI,5d_8pct,18,18,0.6666666865348816,0.6132002804880137,0.22413064015886885,0.6403770150187951,0.5555555555555556,0.5555555555555556,0.05346640604686792
C_no_group,3566,CIEN,1d_3pct,18,18,0.3888888955116272,0.48434977454107464,0.24273441343512184,0.6785799483070143,0.6363636363636362,0.6363636363636362,0.09546087902944744
C_no_group,3566,CIEN,1d_5pct,18,18,0.2222222238779068,0.28454456513622145,0.17568569505287038,0.5371784787260149,0.5357142857142856,0.5357142857142856,0.06232234125831465
C_no_group,3566,CIEN,1d_8pct,18,18,0.0555555559694767,0.12821250953070779,0.059560718252580344,0.251507555177037,0.2941176470588235,0.2941176470588235,0.07265695356123109
C_no_group,3566,CIEN,3d_3pct,18,18,0.6666666865348816,0.6137595177630777,0.2289601851796076,0.6504484403422932,0.4444444444444445,0.4444444444444444,0.0529071687718039
C_no_group,3566,CIEN,3d_5pct,18,18,0.5,0.42917410822692703,0.24139994493884068,0.6755612599145988,0.9012345679012346,0.9012345679012346,0.07082589177307297
C_no_group,3566,CIEN,3d_8pct,18,18,0.3888888955116272,0.3094673530504029,0.233945483813561,0.6590071631019627,0.922077922077922,0.922077922077922,0.07942154246122429
C_no_group,3566,CIEN,5d_3pct,18,18,0.7222222089767456,0.7014407166974455,0.21457986126781137,0.6232203497883363,0.27692307692307694,0.27692307692307694,0.02078149227930015
C_no_group,3566,CIEN,5d_5pct,18,18,0.6111111044883728,0.5816217902187604,0.23747463469811464,0.6678443075863536,0.4545454545454546,0.45454545454545453,0.029489314269612432
C_no_group,3566,CIEN,5d_8pct,18,18,0.4444444477558136,0.39797019872004186,0.24471747336254288,0.6824005661547607,0.6875,0.6875,0.04647424903577174
C_no_group,3566,COHR,1d_3pct,18,18,0.4444444477558136,0.5473291121433673,0.2586630825063225,0.7105455034342336,0.5,0.5,0.10288466438755373
C_no_group,3566,COHR,1d_5pct,18,18,0.3888888955116272,0.4303971808536014,0.23532134381091352,0.6635416126529823,0.7532467532467533,0.7532467532467533,0.041508285341974205
C_no_group,3566,COHR,1d_8pct,18,18,0.1111111119389534,0.2546268621376069,0.11851427259975189,0.41090101485122926,0.75,0.75,0.14351575019865348
C_no_group,3566,COHR,3d_3pct,18,18,0.6666666865348816,0.7151766057824527,0.22355238080341694,0.6397392049199941,0.5694444444444444,0.5694444444444444,0.04850991924757109
C_no_group,3566,COHR,3d_5pct,18,18,0.5555555820465088,0.6264249055999832,0.2367697229885447,0.6651239992609714,1.0,1.0,0.07086932355347442
C_no_group,3566,COHR,3d_8pct,18,18,0.4444444477558136,0.47963148866365274,0.24050852102505127,0.6740954180860504,0.7125,0.7125,0.03518704090783914
C_no_group,3566,COHR,5d_3pct,18,18,0.7222222089767456,0.7632080039297636,0.19897114830632784,0.5860514422130815,0.7230769230769231,0.7230769230769231,0.04098579495301802
C_no_group,3566,COHR,5d_5pct,18,18,0.6666666865348816,0.6964755369388196,0.2095872765459591,0.6068965507149753,0.8611111111111112,0.8611111111111112,0.029808850403937992
C_no_group,3566,COHR,5d_8pct,18,18,0.5555555820465088,0.5564118050876329,0.2402157769824535,0.6736340816780099,0.575,0.575,0.0008562230411240934
C_no_group,3566,CRDO,1d_3pct,18,18,0.3333333432674408,0.637005608050706,0.32208328968339317,0.843358679111256,0.4305555555555555,0.4305555555555555,0.30367226478326526
C_no_group,3566,CRDO,1d_5pct,18,18,0.2222222238779068,0.5009813669393846,0.25169381183155826,0.6965956179813687,0.48214285714285715,0.48214285714285715,0.27875914306147775
C_no_group,3566,CRDO,1d_8pct,18,18,0.0555555559694767,0.30764614280785074,0.1125540138021776,0.40418535854917853,0.9411764705882353,0.9411764705882353,0.25209058683837404
C_no_group,3566,CRDO,3d_3pct,18,18,0.5555555820465088,0.7875417880662299,0.3007822359798833,0.8213956115940936,0.5,0.5,0.2319862060197211
C_no_group,3566,CRDO,3d_5pct,18,18,0.4444444477558136,0.7241222317949645,0.3341948266519686,0.8791137382170594,0.47500000000000003,0.475,0.2796777840391509
C_no_group,3566,CRDO,3d_8pct,18,18,0.3333333432674408,0.5194597671963423,0.27203607071474917,0.7373525756850312,0.3055555555555555,0.3055555555555555,0.18612642392890155
C_no_group,3566,CRDO,5d_3pct,18,18,0.6666666865348816,0.8214698749924679,0.2562595692822433,0.7379449560198935,0.4027777777777778,0.4027777777777778,0.15480318845758634
C_no_group,3566,CRDO,5d_5pct,18,18,0.5,0.7768970703992473,0.34629466984458834,0.9302398473272715,0.38271604938271603,0.38271604938271603,0.27689707039924727
C_no_group,3566,CRDO,5d_8pct,18,18,0.3333333432674408,0.605670857064209,0.32344704268875635,0.8435828733004169,0.3194444444444444,0.3194444444444444,0.2723375137967682
C_no_group,3566,CSCO,1d_3pct,18,18,0.0,0.17417548100776287,0.030496289426464294,0.19148996720787695,,,0.17417548100776287
C_no_group,3566,CSCO,1d_5pct,18,18,0.0,0.0707186767521183,0.00508625423829288,0.0733929025336101,,,0.0707186767521183
C_no_group,3566,CSCO,1d_8pct,18,18,0.0,0.019292410642757322,0.00037220063243529515,0.01948093973134124,,,0.019292410642757322
C_no_group,3566,CSCO,3d_3pct,18,18,0.0,0.30440399347052804,0.09403149788729187,0.36442592975010374,,,0.30440399347052804
C_no_group,3566,CSCO,3d_5pct,18,18,0.0,0.0707186767521183,0.00508625423829288,0.0733929025336101,,,0.0707186767521183
C_no_group,3566,CSCO,3d_8pct,18,18,0.0,0.04440301767167421,0.0020194813162555565,0.04544519594537339,,,0.04440301767167421
C_no_group,3566,CSCO,5d_3pct,18,18,0.0,0.3825085700636676,0.15037002599859864,0.48768460319282947,,,0.3825085700636676
C_no_group,3566,CSCO,5d_5pct,18,18,0.0,0.0755041520407647,0.005892564250678893,0.0786187001285849,,,0.0755041520407647
C_no_group,3566,CSCO,5d_8pct,18,18,0.0,0.04440301767167421,0.0020194813162555565,0.04544519594537339,,,0.04440301767167421
C_no_group,3566,FN,1d_3pct,18,18,0.3333333432674408,0.4406704316537046,0.2344066444805286,0.6617777150091327,0.47222222222222227,0.4722222222222222,0.10733708838626382
C_no_group,3566,FN,1d_5pct,18,18,0.1111111119389534,0.32686766319955207,0.1402036035324076,0.46407741337231534,0.875,0.875,0.21575655126059867
C_no_group,3566,FN,1d_8pct,18,18,0.0,0.14389211274191122,0.02077526380001611,0.15540671658652472,,,0.14389211274191122
C_no_group,3566,FN,3d_3pct,18,18,0.5555555820465088,0.6117741737191932,0.2389817083065151,0.6701532290764916,0.85,0.85,0.05621859167268439
C_no_group,3566,FN,3d_5pct,18,18,0.4444444477558136,0.5063524476778759,0.23491279244151697,0.6629229916989089,0.8875,0.8875,0.06190799992206231
C_no_group,3566,FN,3d_8pct,18,18,0.1111111119389534,0.2702803848131254,0.12377699593118353,0.42425906088140847,0.59375,0.59375,0.15916927287417199
C_no_group,3566,FN,5d_3pct,18,18,0.6666666865348816,0.6839243839253317,0.21273052406903234,0.614619776444239,0.9444444444444444,0.9444444444444444,0.017257697390450133
C_no_group,3566,FN,5d_5pct,18,18,0.5,0.5244999187892361,0.2309316413671725,0.6548230807293991,0.9382716049382716,0.9382716049382716,0.024499918789236075
C_no_group,3566,FN,5d_8pct,18,18,0.1111111119389534,0.29487048622039946,0.13009456321817944,0.43954575096123744,0.5625,0.5625,0.18375937428144606
C_no_group,3566,INTC,1d_3pct,18,18,0.3888888955116272,0.3894011768664365,0.23615653847584372,0.6652173670694596,0.5194805194805194,0.5194805194805194,0.0005122813548092964
C_no_group,3566,INTC,1d_5pct,18,18,0.2777777910232544,0.3360980675601007,0.20140668194953493,0.5927316546624808,0.6461538461538462,0.6461538461538462,0.058320276536846294
C_no_group,3566,INTC,1d_8pct,18,18,0.1111111119389534,0.18327113102639603,0.10547440967866578,0.373303451259942,0.40625,0.40625,0.07216001908744263
C_no_group,3566,INTC,3d_3pct,18,18,0.6666666865348816,0.6477982067001348,0.2213619845946761,0.6338759880080294,0.5138888888888888,0.5138888888888888,0.01886847983474682
C_no_group,3566,INTC,3d_5pct,18,18,0.6111111044883728,0.539963694873196,0.23011401204424586,0.6530587690993871,0.7662337662337663,0.7662337662337663,0.07114740961517685
C_no_group,3566,INTC,3d_8pct,18,18,0.4444444477558136,0.32991966054844835,0.25875059981501086,0.7122479793453552,0.6,0.6,0.11452478720736525
C_no_group,3566,INTC,5d_3pct,18,18,0.8333333134651184,0.7157641994240729,0.15153568917403212,0.48470751257496186,0.5111111111111111,0.5111111111111111,0.11756911404104553
C_no_group,3566,INTC,5d_5pct,18,18,0.7777777910232544,0.6106317497832605,0.19640287464358794,0.5835242224288814,0.6607142857142857,0.6607142857142857,0.16714604123999388
C_no_group,3566,INTC,5d_8pct,18,18,0.6666666865348816,0.4055989787271684,0.29108437791550873,0.7768574986085325,0.5555555555555556,0.5555555555555556,0.2610677078077132
C_no_group,3566,LITE,1d_3pct,18,18,0.5,0.6234711992730344,0.26032211912753916,0.714171826247424,0.7654320987654322,0.7654320987654322,0.1234711992730344
C_no_group,3566,LITE,1d_5pct,18,18,0.2777777910232544,0.44915047311029344,0.22492859454963032,0.6426957914448654,0.7230769230769231,0.7230769230769231,0.17137268208703904
C_no_group,3566,LITE,1d_8pct,18,18,0.0555555559694767,0.2054146926708998,0.07502267235677923,0.30506120952317345,0.5882352941176471,0.5882352941176471,0.1498591367014231
C_no_group,3566,LITE,3d_3pct,18,18,0.6666666865348816,0.7923967521318317,0.23299653201666257,0.6644605773743676,0.7777777777777778,0.7777777777777778,0.1257300655969501
C_no_group,3566,LITE,3d_5pct,18,18,0.5555555820465088,0.777949808925014,0.2899452383345925,0.7902700036117101,0.8125,0.8125,0.22239422687850519
C_no_group,3566,LITE,3d_8pct,18,18,0.5,0.45924572208218517,0.23843481430790112,0.6698253989316142,0.9506172839506173,0.9506172839506173,0.04075427791781483
C_no_group,3566,LITE,5d_3pct,18,18,0.7777777910232544,0.8746070998555798,0.17978297289205555,0.5546114988245017,0.6964285714285714,0.6964285714285714,0.09682930883232543
C_no_group,3566,LITE,5d_5pct,18,18,0.6666666865348816,0.8458625952584353,0.24660838022928658,0.7058865661022408,0.7638888888888891,0.7638888888888891,0.17919590872355373
C_no_group,3566,LITE,5d_8pct,18,18,0.6111111044883728,0.6001286038910854,0.2211005051238457,0.6337653848080708,0.922077922077922,0.922077922077922,0.010982500597287448
C_no_group,3566,MRVL,1d_3pct,18,18,0.4444444477558136,0.5601464869533493,0.2658446295130271,0.7253729412641643,0.4125,0.4125,0.11570203919753574
C_no_group,3566,MRVL,1d_5pct,18,18,0.3333333432674408,0.37999607834838756,0.2195495979051845,0.6306576363301577,0.5555555555555556,0.5555555555555556,0.04666273508094676
C_no_group,3566,MRVL,1d_8pct,18,18,0.1111111119389534,0.28974662059803896,0.1327193446784326,0.4462563189977657,0.5625,0.5625,0.17863550865908556
C_no_group,3566,MRVL,3d_3pct,18,18,0.7222222089767456,0.7558087304879549,0.202873587893151,0.597128630486135,0.5076923076923077,0.5076923076923077,0.03358652151120933
C_no_group,3566,MRVL,3d_5pct,18,18,0.6111111044883728,0.6856571513890464,0.24157077192327586,0.6781794513359278,0.5194805194805195,0.5194805194805195,0.07454604690067357
C_no_group,3566,MRVL,3d_8pct,18,18,0.4444444477558136,0.47775839677014276,0.25372812189576793,0.7004777273352154,0.42500000000000004,0.425,0.03331394901432916
C_no_group,3566,MRVL,5d_3pct,18,18,0.8333333134651184,0.7804447779374495,0.1432606043118325,0.4637591661603093,0.4666666666666667,0.4666666666666667,0.05288853552766892
C_no_group,3566,MRVL,5d_5pct,18,18,0.7222222089767456,0.7676643518099219,0.20448926785457744,0.6020860713613838,0.44615384615384623,0.44615384615384623,0.04544214283317627
C_no_group,3566,MRVL,5d_8pct,18,18,0.5555555820465088,0.5769644480948061,0.2433579117625124,0.6801980936315908,0.575,0.575,0.02140886604829728
C_no_group,3566,MU,1d_3pct,18,18,0.2777777910232544,0.5476493922713209,0.26983336854791923,0.7331961388657166,0.5692307692307692,0.5692307692307692,0.26987160124806653
C_no_group,3566,MU,1d_5pct,18,18,0.1111111119389534,0.3822145290353022,0.17599959710712013,0.5422903968034998,0.375,0.375,0.2711034170963488
C_no_group,3566,MU,1d_8pct,18,18,0.0,0.19974139332808488,0.04017840336285211,0.22304217621842343,,,0.19974139332808488
C_no_group,3566,MU,3d_3pct,18,18,0.7222222089767456,0.7623917419678558,0.19845599591265536,0.5848321468251694,0.6923076923076923,0.6923076923076923,0.040169532991110146
C_no_group,3566,MU,3d_5pct,18,18,0.3888888955116272,0.6550584553341553,0.3222328762412181,0.8492749308655252,0.45454545454545453,0.45454545454545453,0.2661695598225281
C_no_group,3566,MU,3d_8pct,18,18,0.2222222238779068,0.4180918087380504,0.22483537970353806,0.6418212147224366,0.39285714285714285,0.39285714285714285,0.1958695848601436
C_no_group,3566,MU,5d_3pct,18,18,0.7222222089767456,0.8000740395752823,0.20197161475265843,0.5937864321437886,0.7230769230769231,0.7230769230769231,0.07785183059853673
C_no_group,3566,MU,5d_5pct,18,18,0.6111111044883728,0.7461200711102506,0.2530115383261065,0.7071431068676772,0.6103896103896104,0.6103896103896104,0.13500896662187778
C_no_group,3566,MU,5d_8pct,18,18,0.4444444477558136,0.531484241241862,0.2765854128501666,0.7481461393147161,0.3875,0.3875,0.0870397934860484
C_no_group,3566,NVDA,1d_3pct,18,18,0.1666666716337204,0.19724899792561984,0.13960416139486642,0.4528729893373046,0.5111111111111111,0.5111111111111111,0.030582326291899442
C_no_group,3566,NVDA,1d_5pct,18,18,0.0555555559694767,0.08143407463304342,0.05353971505656678,0.22198080606561593,0.3529411764705882,0.3529411764705882,0.02587851866356672
C_no_group,3566,NVDA,1d_8pct,18,18,0.0,0.019168922648765296,0.00036744903903437637,0.01935502933541614,,,0.019168922648765296
C_no_group,3566,NVDA,3d_3pct,18,18,0.6111111044883728,0.4217069407905028,0.26404061682827784,0.7212720964805026,0.7922077922077922,0.7922077922077922,0.18940416369787
C_no_group,3566,NVDA,3d_5pct,18,18,0.2222222238779068,0.13644411345939056,0.18069970706470836,0.5586396369966543,0.35714285714285715,0.35714285714285715,0.08577811041851624
C_no_group,3566,NVDA,3d_8pct,18,18,0.1666666716337204,0.10081985046436931,0.15033020357853075,0.5129973727152162,0.0,0.0,0.06584682116935109
C_no_group,3566,NVDA,5d_3pct,18,18,0.6666666865348816,0.5422967962481934,0.232744686265224,0.6583459299575684,0.625,0.625,0.12436989028668821
C_no_group,3566,NVDA,5d_5pct,18,18,0.4444444477558136,0.21069030235891442,0.3048560636122499,0.8349267425349015,0.4375,0.4375,0.23375414539689918
C_no_group,3566,NVDA,5d_8pct,18,18,0.2222222238779068,0.10081985046436931,0.19356647703284152,0.6286556623596502,0.14285714285714285,0.14285714285714285,0.12140237341353749
C_no_group,3566,QCOM,1d_3pct,18,18,0.2777777910232544,0.32908095967078305,0.20606665996360693,0.6034099774224321,0.3230769230769231,0.3230769230769231,0.05130316864752865
C_no_group,3566,QCOM,1d_5pct,18,18,0.1111111119389534,0.24231752019524297,0.12356620485093983,0.4240782788708352,0.125,0.125,0.13120640825628957
C_no_group,3566,QCOM,1d_8pct,18,18,0.0555555559694767,0.09889733858109397,0.05739506925805325,0.24305664032176674,0.23529411764705888,0.23529411764705888,0.043341782611617266
C_no_group,3566,QCOM,3d_3pct,18,18,0.8333333134651184,0.541354742408199,0.22918924260657395,0.6513983235833088,0.3777777777777778,0.3777777777777779,0.2919785710569194
C_no_group,3566,QCOM,3d_5pct,18,18,0.5,0.36617795100416806,0.27903609892554165,0.7553535521089763,0.33333333333333337,0.33333333333333337,0.13382204899583194
C_no_group,3566,QCOM,3d_8pct,18,18,0.1111111119389534,0.14959039475747055,0.10647201422988534,0.3776983551861772,0.21875,0.21875,0.038479282818517146
C_no_group,3566,QCOM,5d_3pct,18,18,1.0,0.579637557615327,0.17752993442726964,0.5465638818486641,,,0.420362442384673
C_no_group,3566,QCOM,5d_5pct,18,18,0.7777777910232544,0.37794294698484016,0.33631019519685085,0.8714124445876448,0.4464285714285714,0.44642857142857145,0.39983484403841424
C_no_group,3566,QCOM,5d_8pct,18,18,0.3333333432674408,0.15437341430726545,0.26119480982672183,0.7659420329028048,0.4027777777777778,0.4027777777777778,0.17895992896017535
C_no_group,3566,SNDK,1d_3pct,18,18,0.4444444477558136,0.6382065355364838,0.28104020492001053,0.7570052377855538,0.5875,0.5875,0.19376208778067017
C_no_group,3566,SNDK,1d_5pct,18,18,0.2777777910232544,0.44099538503599134,0.22953486337128284,0.6520112514589131,0.41538461538461535,0.41538461538461535,0.16321759401273694
C_no_group,3566,SNDK,1d_8pct,18,18,0.0555555559694767,0.33167512048287306,0.1295257414248263,0.4433558720156466,0.5294117647058824,0.5294117647058824,0.27611956451339636
C_no_group,3566,SNDK,3d_3pct,18,18,0.7777777910232544,0.8039720103191911,0.16897664887994857,0.5169018121148343,0.6785714285714286,0.6785714285714286,0.026194219295936683
C_no_group,3566,SNDK,3d_5pct,18,18,0.6111111044883728,0.7262793854326698,0.25316164469886293,0.7075384595381863,0.4675324675324676,0.4675324675324675,0.11516828094429699
C_no_group,3566,SNDK,3d_8pct,18,18,0.2777777910232544,0.5005790818199238,0.26793994508622077,0.7292864111937387,0.23076923076923078,0.23076923076923078,0.22280129079666944
C_no_group,3566,SNDK,5d_3pct,18,18,0.8333333134651184,0.8453306606874403,0.135241886927637,0.43570552494511,0.8222222222222223,0.8222222222222222,0.01199734722232193
C_no_group,3566,SNDK,5d_5pct,18,18,0.7777777910232544,0.8010794367526768,0.17148230980823898,0.5279461349945,0.7678571428571429,0.7678571428571429,0.023301645729422393
C_no_group,3566,SNDK,5d_8pct,18,18,0.5555555820465088,0.6445520933600841,0.2663397933463457,0.7325897317544985,0.4375,0.4375,0.08899651131357533
C_no_group,3566,STX,1d_3pct,18,18,0.4444444477558136,0.5169950992931022,0.2495236448489918,0.6921915749126487,0.5625,0.5625,0.07255065153728857
C_no_group,3566,STX,1d_5pct,18,18,0.1666666716337204,0.38745677552381597,0.19297013063172497,0.577286112861202,0.2666666666666666,0.2666666666666666,0.22079010389009557
C_no_group,3566,STX,1d_8pct,18,18,0.0,0.2584179733758448,0.06678023743375795,0.29896985407208626,,,0.2584179733758448
C_no_group,3566,STX,3d_3pct,18,18,0.6111111044883728,0.6662966863963041,0.23026782650578,0.6515160309596282,0.7012987012987013,0.7012987012987013,0.055185581907931325
C_no_group,3566,STX,3d_5pct,18,18,0.4444444477558136,0.5912552772845412,0.25885352736376466,0.7111668978188492,0.625,0.625,0.1468108295287276
C_no_group,3566,STX,3d_8pct,18,18,0.3888888955116272,0.4599580369961307,0.23870377753962613,0.6704043998783458,0.6363636363636364,0.6363636363636364,0.0710691414845035
C_no_group,3566,STX,5d_3pct,18,18,0.7222222089767456,0.7430817866281832,0.19343892599864448,0.571981817830843,0.7846153846153847,0.7846153846153847,0.020859577651437644
C_no_group,3566,STX,5d_5pct,18,18,0.6111111044883728,0.7002388515712645,0.24108679083739565,0.6773444553136525,0.5974025974025974,0.5974025974025974,0.08912774708289173
C_no_group,3566,STX,5d_8pct,18,18,0.5555555820465088,0.543999563419944,0.251424974426333,0.6962920340695938,0.4625,0.4625,0.011556018626564746
C_no_group,3566,WDC,1d_3pct,18,18,0.4444444477558136,0.5129339238127709,0.24198701901607633,0.6771025463773218,0.9125,0.9125,0.06848947605695732
C_no_group,3566,WDC,1d_5pct,18,18,0.1111111119389534,0.39930887291124395,0.17993495667098167,0.5510682192810967,0.75,0.75,0.28819776097229055
C_no_group,3566,WDC,1d_8pct,18,18,0.0,0.2812730126638294,0.0791809598883098,0.33033837430016955,,,0.2812730126638294
C_no_group,3566,WDC,3d_3pct,18,18,0.6666666865348816,0.6577550274854361,0.2098585810429593,0.6088897298185425,0.7777777777777778,0.7777777777777778,0.008911659049445464
C_no_group,3566,WDC,3d_5pct,18,18,0.4444444477558136,0.6084556440953648,0.26145021724107564,0.7161254492216576,0.7125,0.7125,0.1640111963395512
C_no_group,3566,WDC,3d_8pct,18,18,0.3333333432674408,0.47620948298911525,0.2358795901033126,0.6648303605469783,0.736111111111111,0.736111111111111,0.14287613972167446
C_no_group,3566,WDC,5d_3pct,18,18,0.7777777910232544,0.7199813606455276,0.16843051480996446,0.5186410653884624,0.7678571428571429,0.7678571428571429,0.05779643037772675
C_no_group,3566,WDC,5d_5pct,18,18,0.6111111044883728,0.7038401569380307,0.2417458899283767,0.678205550056855,0.5844155844155845,0.5844155844155845,0.0927290524496579
C_no_group,3566,WDC,5d_8pct,18,18,0.5,0.5713540939396776,0.24654636186651663,0.6859812534036419,0.6049382716049383,0.6049382716049383,0.07135409393967762
C_no_group,7566,chips,1d_3pct,144,18,0.3541666567325592,0.4242918529690243,0.22653459830862518,0.6429962652190476,0.6122707147375079,0.45601436265709155,0.07012519623646507
C_no_group,7566,chips,1d_5pct,144,18,0.1666666716337204,0.2794659625123494,0.14755331594127144,0.4630578726039453,0.66875,0.4608433734939759,0.112799290878629
C_no_group,7566,chips,1d_8pct,144,18,0.0694444477558136,0.15688359255956094,0.07246218610068603,0.26822446704615427,0.7186567164179105,0.525,0.08743914480374734
C_no_group,7566,chips,3d_3pct,144,18,0.6388888955116272,0.6208980594472481,0.23836940324876935,0.6723997419492674,0.5311454849498328,0.5108695652173914,0.017990836064379123
C_no_group,7566,chips,3d_5pct,144,18,0.4791666567325592,0.45865344276357306,0.229192995199438,0.6515279657400542,0.6684057971014493,0.531951640759931,0.020513213968986144
C_no_group,7566,chips,3d_8pct,144,18,0.3402777910232544,0.29934618839696664,0.1915063452001172,0.5642379055641005,0.735123523093448,0.5435244161358811,0.040931602626287755
C_no_group,7566,chips,5d_3pct,144,18,0.7708333134651184,0.6806363908580306,0.18959307420220461,0.5690594078156473,0.5541905541905542,0.5135802469135803,0.09019692260708778
C_no_group,7566,chips,5d_5pct,144,18,0.6319444179534912,0.5348314559240597,0.23351782085889472,0.6635976458408511,0.6392286958324693,0.5360623781676414,0.09711296202943154
C_no_group,7566,chips,5d_8pct,144,18,0.4513888955116272,0.362771928040038,0.2202625493798726,0.6377113132789195,0.7034079844206426,0.4891089108910891,0.0886169674715892
C_no_group,7566,optics,1d_3pct,216,18,0.35648149251937866,0.5043851690019593,0.24129026408703536,0.6711212018811482,0.6076800896944782,0.536969696969697,0.14790367648258063
C_no_group,7566,optics,1d_5pct,216,18,0.21296297013759613,0.35926659662029303,0.1743686357654866,0.5184756486818829,0.708312020460358,0.6302816901408451,0.1463036264826969
C_no_group,7566,optics,1d_8pct,216,18,0.07870370149612427,0.20638341960048467,0.08562408703715389,0.3073448579705145,0.7753473248595921,0.5943775100401606,0.1276797181043604
C_no_group,7566,optics,3d_3pct,216,18,0.5462962985038757,0.6654166697872979,0.23631422969308252,0.6708573508750759,0.640781736423383,0.5649038461538461,0.11912037128342212
C_no_group,7566,optics,3d_5pct,216,18,0.43981480598449707,0.53886377547269,0.22843888748424807,0.6418215713841425,0.6835145715528491,0.6977299880525687,0.09904896948819297
C_no_group,7566,optics,3d_8pct,216,18,0.32407405972480774,0.37894786632918726,0.19048915284734308,0.551650024657195,0.7167318982387476,0.6637931034482759,0.054873806604379516
C_no_group,7566,optics,5d_3pct,216,18,0.6342592835426331,0.7261054778330726,0.2097911393287946,0.6174431316297336,0.6591518063383535,0.5605442176870749,0.0918461942904395
C_no_group,7566,optics,5d_5pct,216,18,0.5231481194496155,0.6132513606107305,0.21650963078635513,0.6203290566895596,0.7024658475814074,0.6343949044585987,0.09010324116111501
C_no_group,7566,optics,5d_8pct,216,18,0.3888888955116272,0.4620236008193212,0.19351770958243136,0.5607061376387396,0.7572150072150072,0.5826086956521739,0.073134705307694
C_no_group,7566,storage,1d_3pct,72,18,0.4027777910232544,0.5527974114044556,0.26030174889245394,0.714267350069291,0.570168404170008,0.6426229508196721,0.1500196203812012
C_no_group,7566,storage,1d_5pct,72,18,0.1666666716337204,0.4048053003500395,0.19569936768081897,0.5829164068144003,0.5291666666666667,0.4367816091954023,0.23813862871631908
C_no_group,7566,storage,1d_8pct,72,18,0.013888888992369175,0.2650042517672866,0.0773939970259099,0.3203090235188133,0.8732394366197184,0.47058823529411764,0.2511153627749174
C_no_group,7566,storage,3d_3pct,72,18,0.6944444179534912,0.7224488740577105,0.20194062466370205,0.5906561755205433,0.6563636363636363,0.6925925925925925,0.02800445610421931
C_no_group,7566,storage,3d_5pct,72,18,0.4722222089767456,0.6437441206444242,0.273294822457401,0.7446790796126636,0.5804953560371517,0.5828025477707006,0.1715219116676786
C_no_group,7566,storage,3d_8pct,72,18,0.3055555522441864,0.466754546448511,0.2429595098191482,0.6788460552771972,0.46545454545454545,0.5148148148148148,0.1611989942043246
C_no_group,7566,storage,5d_3pct,72,18,0.7638888955116272,0.7754298576607845,0.1745947966713169,0.5295188266641389,0.6427807486631016,0.7532467532467533,0.011540962149157341
C_no_group,7566,storage,5d_5pct,72,18,0.6527777910232544,0.7391505913406342,0.22715733209526187,0.6483927981226394,0.6127659574468085,0.6062717770034843,0.08637280031737982
C_no_group,7566,storage,5d_8pct,72,18,0.5138888955116272,0.5736305449356898,0.2603465941682287,0.7160690166351955,0.48648648648648657,0.4797507788161994,0.05974164942406257
C_no_group,7566,optics_direct,1d_3pct,108,18,0.4166666567325592,0.561842188239049,0.2621506245429879,0.718444704164233,0.5721340388007056,0.5766738660907127,0.14517553150648976
C_no_group,7566,optics_direct,1d_5pct,108,18,0.28703704476356506,0.4352662666537011,0.21526240133559135,0.6208190585535578,0.6585672392124005,0.7193460490463215,0.14822922189013604
C_no_group,7566,optics_direct,1d_8pct,108,18,0.10185185074806213,0.24154235690789144,0.103416795377593,0.36520208918573344,0.7563261480787254,0.5806451612903226,0.1396905061598293
C_no_group,7566,optics_direct,3d_3pct,108,18,0.6296296119689941,0.7107377412180577,0.24142861956333253,0.6813406647818674,0.5437500000000001,0.6133333333333333,0.08110812924906352
C_no_group,7566,optics_direct,3d_5pct,108,18,0.5277777910232544,0.620219522042587,0.2554563499639451,0.7079934219163028,0.5947712418300654,0.7849686847599165,0.09244173101933262
C_no_group,7566,optics_direct,3d_8pct,108,18,0.39814814925193787,0.432998837466971,0.2234424607893456,0.6370049529243367,0.6747763864042934,0.7541766109785203,0.03485068821503312
C_no_group,7566,optics_direct,5d_3pct,108,18,0.7129629850387573,0.7726964140028122,0.21127981842284096,0.6211688451150692,0.5270213657310431,0.5594936708860759,0.05973342896405487
C_no_group,7566,optics_direct,5d_5pct,108,18,0.6388888955116272,0.6912093394435986,0.22665288634876102,0.6490322305178681,0.6127833519137867,0.6993166287015945,0.05232044393197144
C_no_group,7566,optics_direct,5d_8pct,108,18,0.49074074625968933,0.5191369923941972,0.22113735374623092,0.6338202693961791,0.7063464837049742,0.6223277909738717,0.028396246134507863
C_no_group,7566,optics_connectivity_chips,1d_3pct,72,18,0.3472222089767456,0.5280372981436295,0.2645977475122193,0.7227739107279586,0.5004255319148936,0.45964912280701753,0.18081508916688394
C_no_group,7566,optics_connectivity_chips,1d_5pct,72,18,0.2083333283662796,0.35783788881958184,0.18902058342613506,0.5507174651087235,0.5508771929824562,0.46766169154228854,0.14950456045330224
C_no_group,7566,optics_connectivity_chips,1d_8pct,72,18,0.0833333358168602,0.21989860364582847,0.09760728891841246,0.3350324765946714,0.6363636363636364,0.6170212765957447,0.13656526782896827
C_no_group,7566,optics_connectivity_chips,3d_3pct,72,18,0.5555555820465088,0.6881836043587328,0.2596938098085537,0.7236241707772153,0.5515625,0.46357615894039733,0.13262802231222404
C_no_group,7566,optics_connectivity_chips,3d_5pct,72,18,0.4583333432674408,0.5663042732024129,0.2495788424980547,0.6949727170151249,0.6037296037296037,0.5324232081911263,0.10797092993497215
C_no_group,7566,optics_connectivity_chips,3d_8pct,72,18,0.3333333432674408,0.39734618365865043,0.197165292789668,0.5648474567186581,0.6345486111111112,0.4956896551724138,0.06401284039120964
C_no_group,7566,optics_connectivity_chips,5d_3pct,72,18,0.6805555820465088,0.740006255366803,0.21580149772121693,0.632136212156616,0.5314995563442768,0.4828897338403042,0.05945067332029419
C_no_group,7566,optics_connectivity_chips,5d_5pct,72,18,0.5277777910232544,0.6399443501651478,0.23958097334554523,0.6825083293619255,0.6323529411764706,0.5255474452554745,0.11216655914189344
C_no_group,7566,optics_connectivity_chips,5d_8pct,72,18,0.3888888955116272,0.4984907971215433,0.20364533026176032,0.5831470196735319,0.6964285714285714,0.46875,0.10960190160991612
C_no_group,7566,optics_switching,1d_3pct,36,18,0.1944444477558136,0.28470985300735,0.13209421586881,0.4258452773382728,0.8423645320197044,0.5844155844155844,0.09026540525153642
C_no_group,7566,optics_switching,1d_5pct,36,18,0.0,0.13412500212149137,0.02238344373387544,0.14696178621317757,,,0.13412500212149137
C_no_group,7566,optics_switching,1d_8pct,36,18,0.0,0.07387623958757672,0.00827955825331943,0.07839792707654387,,,0.07387623958757672
C_no_group,7566,optics_switching,3d_3pct,36,18,0.2777777910232544,0.4839195863521477,0.17421189985139035,0.5338737693504227,0.9,0.6749999999999999,0.20614179532889332
C_no_group,7566,optics_switching,3d_5pct,36,18,0.1388888955116272,0.23991554030355303,0.10510659001754369,0.33700372852569627,0.9161290322580644,0.8,0.10102664479192583
C_no_group,7566,optics_switching,3d_8pct,36,18,0.0833333358168602,0.17999831825690948,0.07827694913668587,0.26919037573284393,0.8585858585858586,0.6888888888888889,0.09666498244004929
C_no_group,7566,optics_switching,5d_3pct,36,18,0.3055555522441864,0.5585311142563936,0.1933043852618108,0.5768798301199627,0.9527272727272726,0.8311688311688312,0.25297556201220717
C_no_group,7566,optics_switching,5d_5pct,36,18,0.1666666716337204,0.32599144500329114,0.13993717898075744,0.40986098985990244,0.861111111111111,0.6527777777777778,0.15932477336957074
C_no_group,7566,optics_switching,5d_8pct,36,18,0.0833333358168602,0.21774903349024904,0.09040353573237486,0.2964819782968365,0.898989898989899,0.7777777777777778,0.13441569767338885
C_no_group,7566,AAOI,1d_3pct,18,18,0.3333333432674408,0.6211823490975861,0.3038290848110212,0.8036351838611185,0.5416666666666667,0.5416666666666667,0.2878490058301453
C_no_group,7566,AAOI,1d_5pct,18,18,0.2222222238779068,0.5211155359309275,0.26008408228903895,0.7133255180753315,0.6964285714285715,0.6964285714285715,0.2988933120530207
C_no_group,7566,AAOI,1d_8pct,18,18,0.0555555559694767,0.32006290097596185,0.12303775568652095,0.4278428098033115,0.6470588235294117,0.6470588235294117,0.26450734500648515
C_no_group,7566,AAOI,3d_3pct,18,18,0.6111111044883728,0.80345936457244,0.27344961757220027,0.7636492931225748,0.5584415584415585,0.5584415584415585,0.19234826008406725
C_no_group,7566,AAOI,3d_5pct,18,18,0.5,0.731313543754146,0.2971891255900549,0.7971076684258491,0.5925925925925926,0.5925925925925926,0.23131354375414603
C_no_group,7566,AAOI,3d_8pct,18,18,0.3333333432674408,0.5411780462955381,0.26454977984006595,0.7225992477689279,0.5833333333333333,0.5833333333333333,0.20784470302809732
C_no_group,7566,AAOI,5d_3pct,18,18,0.6666666865348816,0.8547958459590914,0.2554551133378069,0.740943725257484,0.5416666666666666,0.5416666666666666,0.18812915942420982
C_no_group,7566,AAOI,5d_5pct,18,18,0.6666666865348816,0.7883641866116365,0.23262960316684664,0.6628869802294167,0.5833333333333334,0.5833333333333334,0.12169750007675495
C_no_group,7566,AAOI,5d_8pct,18,18,0.5555555820465088,0.6494612528585368,0.2663524609102393,0.7326730276449639,0.5,0.5,0.09390567081202805
C_no_group,7566,ALAB,1d_3pct,18,18,0.3888888955116272,0.6133171118394908,0.2930207672610024,0.7812475741152743,0.4285714285714285,0.4285714285714285,0.22442821632786358
C_no_group,7566,ALAB,1d_5pct,18,18,0.2222222238779068,0.4466437848137411,0.22992914137218148,0.6530516238531123,0.32142857142857145,0.32142857142857145,0.22442156093583432
C_no_group,7566,ALAB,1d_8pct,18,18,0.1666666716337204,0.2664213440463349,0.1468431015054584,0.4734824033172596,0.711111111111111,0.711111111111111,0.09975467241261449
C_no_group,7566,ALAB,3d_3pct,18,18,0.5555555820465088,0.7624661303497836,0.2933047409982723,0.7991829914213765,0.5125,0.5125,0.20691054830327482
C_no_group,7566,ALAB,3d_5pct,18,18,0.5555555820465088,0.6416080302770671,0.24819335653751987,0.6888763810403058,0.6375000000000001,0.6375000000000001,0.08605244823055835
C_no_group,7566,ALAB,3d_8pct,18,18,0.5555555820465088,0.4645538393317065,0.2455930146371178,0.68429588296083,0.675,0.675,0.09100174271480227
C_no_group,7566,ALAB,5d_3pct,18,18,0.7222222089767456,0.8369937844528839,0.21419839561958534,0.6328424476557122,0.5538461538461539,0.5538461538461539,0.11477157547613825
C_no_group,7566,ALAB,5d_5pct,18,18,0.6666666865348816,0.7897900147820319,0.23089544396557893,0.6575721767194884,0.7916666666666667,0.7916666666666667,0.12312332824715033
C_no_group,7566,ALAB,5d_8pct,18,18,0.6666666865348816,0.644873124621676,0.21856385350619245,0.6282871779304007,0.513888888888889,0.513888888888889,0.021793561913205584
C_no_group,7566,AMD,1d_3pct,18,18,0.3888888955116272,0.44235856600127166,0.24539331064919467,0.6839340784835625,0.33766233766233766,0.33766233766233766,0.05346967048964446
C_no_group,7566,AMD,1d_5pct,18,18,0.0555555559694767,0.27194435022999003,0.10215832337982353,0.3780903875738591,0.17647058823529416,0.17647058823529416,0.21638879426051333
C_no_group,7566,AMD,1d_8pct,18,18,0.0555555559694767,0.1631435639095955,0.06540530421146022,0.27352126274445465,0.47058823529411764,0.47058823529411764,0.1075880079401188
C_no_group,7566,AMD,3d_3pct,18,18,0.5555555820465088,0.7094672756762126,0.27503742677603127,0.7522858071762664,0.45,0.45,0.1539116936297038
C_no_group,7566,AMD,3d_5pct,18,18,0.4444444477558136,0.49490214188207854,0.26033873560993814,0.7138247841279289,0.4625,0.4625,0.05045769412626494
C_no_group,7566,AMD,3d_8pct,18,18,0.3888888955116272,0.3023075623618276,0.2485173031470452,0.6931443714582675,0.46753246753246747,0.46753246753246747,0.0865813331497996
C_no_group,7566,AMD,5d_3pct,18,18,0.7222222089767456,0.768633071412156,0.213330193760437,0.627564378899473,0.2615384615384615,0.2615384615384615,0.04641086243541037
C_no_group,7566,AMD,5d_5pct,18,18,0.6666666865348816,0.6351473805040528,0.236439019865452,0.667899025159804,0.33333333333333337,0.33333333333333337,0.03151930603082875
C_no_group,7566,AMD,5d_8pct,18,18,0.5,0.37295168790546807,0.28169515582398885,0.7602430175270963,0.3580246913580247,0.3580246913580247,0.12704831209453193
C_no_group,7566,ANET,1d_3pct,18,18,0.3888888955116272,0.39481770293198476,0.23352978043756611,0.6596737428723477,0.5844155844155844,0.5844155844155844,0.0059288074203575625
C_no_group,7566,ANET,1d_5pct,18,18,0.0,0.19927335285719897,0.03992560487903532,0.22240462219637436,,,0.19927335285719897
C_no_group,7566,ANET,1d_8pct,18,18,0.0,0.12661672829572745,0.0161123953674294,0.13543354467610758,,,0.12661672829572745
C_no_group,7566,ANET,3d_3pct,18,18,0.5555555820465088,0.6572206801867713,0.25052156710014345,0.6942677387363418,0.6749999999999999,0.6749999999999999,0.10166509814026248
C_no_group,7566,ANET,3d_5pct,18,18,0.2777777910232544,0.4108544292213222,0.2053718974463718,0.6024885068214118,0.8,0.8,0.1330766381980678
C_no_group,7566,ANET,3d_8pct,18,18,0.1666666716337204,0.3157732511975328,0.15455097579279944,0.49312387593980134,0.6888888888888889,0.6888888888888889,0.1491065795638124
C_no_group,7566,ANET,5d_3pct,18,18,0.6111111044883728,0.7504171218048751,0.24788689930412072,0.6914108644906667,0.8311688311688312,0.8311688311688312,0.13930601731650227
C_no_group,7566,ANET,5d_5pct,18,18,0.3333333432674408,0.5768357236296962,0.2739986575688832,0.7414678237572334,0.6527777777777778,0.6527777777777778,0.24350238036225536
C_no_group,7566,ANET,5d_8pct,18,18,0.1666666716337204,0.391274681664212,0.17880414898417749,0.5477070810677863,0.7777777777777778,0.7777777777777778,0.22460801003049158
C_no_group,7566,ARM,1d_3pct,18,18,0.5555555820465088,0.555798497631032,0.24915535203488698,0.6914954592232808,0.46249999999999997,0.4625,0.0002429155845231623
C_no_group,7566,ARM,1d_5pct,18,18,0.2222222238779068,0.37976043313758967,0.1975511083202895,0.5861188191645569,0.5535714285714286,0.5535714285714286,0.15753820925968287
C_no_group,7566,ARM,1d_8pct,18,18,0.0555555559694767,0.20878458538472244,0.07129793159770505,0.2938608654036765,1.0,1.0,0.15322902941524574
C_no_group,7566,ARM,3d_3pct,18,18,0.7777777910232544,0.6680450642796436,0.18444755190478493,0.5575994382564553,0.5178571428571428,0.5178571428571428,0.10973272674361079
C_no_group,7566,ARM,3d_5pct,18,18,0.6666666865348816,0.5912677125552531,0.21842296703214498,0.6285810150565497,0.6944444444444445,0.6944444444444445,0.07539897397962847
C_no_group,7566,ARM,3d_8pct,18,18,0.6111111044883728,0.4435611670420691,0.25192046957105424,0.6968367597590143,0.7402597402597403,0.7402597402597403,0.1675499374463037
C_no_group,7566,ARM,5d_3pct,18,18,0.8888888955116272,0.7282554727354075,0.1231405989877991,0.42271960196434033,0.625,0.625,0.16063342277621973
C_no_group,7566,ARM,5d_5pct,18,18,0.7777777910232544,0.6608139397592137,0.1826901030027331,0.5535758603202328,0.7321428571428572,0.7321428571428571,0.11696385126404074
C_no_group,7566,ARM,5d_8pct,18,18,0.6666666865348816,0.4804309988821605,0.2432253860911745,0.6795289632428803,0.8194444444444444,0.8194444444444444,0.18623568765272108
C_no_group,7566,AVGO,1d_3pct,18,18,0.2222222238779068,0.29892948536130354,0.17641786717236183,0.5390204334893858,0.6607142857142857,0.6607142857142857,0.07670726148339674
C_no_group,7566,AVGO,1d_5pct,18,18,0.0555555559694767,0.09938020733336937,0.053181567982488895,0.2190949561484965,0.47058823529411764,0.47058823529411764,0.04382465136389267
C_no_group,7566,AVGO,1d_8pct,18,18,0.0,0.021021594601447268,0.0004419077835714311,0.021245694689934837,,,0.021021594601447268
C_no_group,7566,AVGO,3d_3pct,18,18,0.3888888955116272,0.4458578872268014,0.2415308365006631,0.6760482752822472,0.49350649350649345,0.4935064935064934,0.05696899171517422
C_no_group,7566,AVGO,3d_5pct,18,18,0.2222222238779068,0.2147239200005224,0.1748348352627923,0.5350617318678452,0.48214285714285715,0.48214285714285715,0.007498303877384399
C_no_group,7566,AVGO,3d_8pct,18,18,0.0,0.12733898280457573,0.017065894194878656,0.13676574125466856,,,0.12733898280457573
C_no_group,7566,AVGO,5d_3pct,18,18,0.5,0.5199951793465836,0.2482362223894891,0.6895439191440149,0.5925925925925926,0.5925925925925926,0.01999517934658357
C_no_group,7566,AVGO,5d_5pct,18,18,0.2222222238779068,0.2256643538878362,0.17594369457028614,0.5379739070439921,0.5357142857142857,0.5357142857142857,0.003442130009929406
C_no_group,7566,AVGO,5d_8pct,18,18,0.0,0.16401584371174988,0.029440624662144,0.18098622612234566,,,0.16401584371174988
C_no_group,7566,AXTI,1d_3pct,18,18,0.5,0.6580274677630588,0.2740760005387371,0.7442846637681805,0.5555555555555556,0.5555555555555556,0.15802746776305876
C_no_group,7566,AXTI,1d_5pct,18,18,0.5,0.5898219344805079,0.2534165362457795,0.6999725887692809,0.7037037037037037,0.7037037037037037,0.0898219344805079
C_no_group,7566,AXTI,1d_8pct,18,18,0.3333333432674408,0.3957869071071951,0.2235171114567419,0.6393218935635989,0.5833333333333333,0.5833333333333333,0.06245356383975431
C_no_group,7566,AXTI,3d_3pct,18,18,0.6111111044883728,0.7253211083005502,0.2515334883126672,0.7018531514123354,0.4805194805194805,0.4805194805194805,0.11421000381217739
C_no_group,7566,AXTI,3d_5pct,18,18,0.6111111044883728,0.652001829381453,0.23500160436248038,0.6625713085231103,0.5454545454545454,0.5454545454545454,0.04089072489308021
C_no_group,7566,AXTI,3d_8pct,18,18,0.6111111044883728,0.5304444947664293,0.2386307308105041,0.6703231160764925,0.7012987012987013,0.7012987012987013,0.0806666097219435
C_no_group,7566,AXTI,5d_3pct,18,18,0.7222222089767456,0.7638393899367439,0.20484973426989617,0.6035775291678271,0.44615384615384623,0.44615384615384623,0.041617180959998334
C_no_group,7566,AXTI,5d_5pct,18,18,0.7222222089767456,0.7027244059113062,0.2006055513920041,0.5908848145824966,0.5384615384615385,0.5384615384615385,0.019497803065439356
C_no_group,7566,AXTI,5d_8pct,18,18,0.6666666865348816,0.6116742138059632,0.22449493845394508,0.6411264268230065,0.4722222222222222,0.4722222222222222,0.054992472728918385
C_no_group,7566,CIEN,1d_3pct,18,18,0.3888888955116272,0.4838624961864627,0.24225472070618956,0.6776209538896523,0.6493506493506493,0.6493506493506493,0.09497360067483551
C_no_group,7566,CIEN,1d_5pct,18,18,0.2222222238779068,0.28541208922073624,0.1756876874043841,0.5371851540969614,0.5535714285714286,0.5535714285714286,0.06318986534282944
C_no_group,7566,CIEN,1d_8pct,18,18,0.0555555559694767,0.1304164910689682,0.05980849899595605,0.25250838588691926,0.3529411764705882,0.3529411764705882,0.07486093509949149
C_no_group,7566,CIEN,3d_3pct,18,18,0.6666666865348816,0.6159914697664131,0.22827112887337467,0.6490212566104272,0.4444444444444445,0.4444444444444444,0.050675216768468534
C_no_group,7566,CIEN,3d_5pct,18,18,0.5,0.4300793409158157,0.24085709922946608,0.6744529421052504,0.8888888888888888,0.8888888888888888,0.06992065908418432
C_no_group,7566,CIEN,3d_8pct,18,18,0.3888888955116272,0.3099169211351641,0.23440730227634546,0.6600934855090363,0.8311688311688311,0.8311688311688311,0.07897197437646308
C_no_group,7566,CIEN,5d_3pct,18,18,0.7222222089767456,0.6973416430363544,0.21580504306722295,0.6257974064841751,0.27692307692307694,0.27692307692307694,0.02488056594039123
C_no_group,7566,CIEN,5d_5pct,18,18,0.6111111044883728,0.5837091927644107,0.23822077484337045,0.6693697668107411,0.4415584415584416,0.44155844155844154,0.027401911723962113
C_no_group,7566,CIEN,5d_8pct,18,18,0.4444444477558136,0.39928698633873516,0.24390394554741063,0.6807190791681563,0.6875000000000001,0.6875000000000001,0.04515746141707844
C_no_group,7566,COHR,1d_3pct,18,18,0.4444444477558136,0.546466074961336,0.25837211516588127,0.7099599467031665,0.4625,0.4625,0.10202162720552244
C_no_group,7566,COHR,1d_5pct,18,18,0.3888888955116272,0.4334483168219045,0.23542510309883669,0.6637661602516904,0.7662337662337662,0.7662337662337662,0.04455942131027729
C_no_group,7566,COHR,1d_8pct,18,18,0.1111111119389534,0.2525550248906489,0.11799165087085631,0.409513783734748,0.6875,0.6875,0.1414439129516955
C_no_group,7566,COHR,3d_3pct,18,18,0.6666666865348816,0.7150719438294169,0.22337900911541364,0.6393217841259737,0.5972222222222222,0.5972222222222222,0.048405257294535264
C_no_group,7566,COHR,3d_5pct,18,18,0.5555555820465088,0.6243210122635544,0.2359127755112305,0.6633683060386333,1.0,1.0,0.06876543021704562
C_no_group,7566,COHR,3d_8pct,18,18,0.4444444477558136,0.48342551768262915,0.24083306935901375,0.6747624896801927,0.8125,0.8125,0.03898106992681555
C_no_group,7566,COHR,5d_3pct,18,18,0.7222222089767456,0.7628399105529263,0.19893239164875112,0.5859386593323025,0.6307692307692307,0.6307692307692307,0.04061770157618072
C_no_group,7566,COHR,5d_5pct,18,18,0.6666666865348816,0.6989203605405087,0.21011874745601716,0.6080243812234467,0.9027777777777779,0.902777777777778,0.032253674005627064
C_no_group,7566,COHR,5d_8pct,18,18,0.5555555820465088,0.5568130694844474,0.24038209007273703,0.6739846656611342,0.5625,0.5625,0.0012574874379386314
C_no_group,7566,CRDO,1d_3pct,18,18,0.3333333432674408,0.6380924678671117,0.3226629903765613,0.8445233272276079,0.38888888888888884,0.38888888888888884,0.3047591245996709
C_no_group,7566,CRDO,1d_5pct,18,18,0.2222222238779068,0.5042452980739202,0.2534164370721907,0.7000471064847081,0.5,0.5,0.28202307419601336
C_no_group,7566,CRDO,1d_8pct,18,18,0.0555555559694767,0.304635570165879,0.11123746815305464,0.40107828719698574,0.9411764705882353,0.9411764705882353,0.2490800141964023
C_no_group,7566,CRDO,3d_3pct,18,18,0.5555555820465088,0.7879625048062665,0.3008847501250691,0.8216237957487329,0.5,0.5,0.23240692275975772
C_no_group,7566,CRDO,3d_5pct,18,18,0.4444444477558136,0.7239310838397212,0.3336657641200175,0.8776265410460655,0.47500000000000003,0.475,0.27948663608390756
C_no_group,7566,CRDO,3d_8pct,18,18,0.3333333432674408,0.5194189750786546,0.27272249448426855,0.7387451704334895,0.3055555555555555,0.3055555555555555,0.18608563181121385
C_no_group,7566,CRDO,5d_3pct,18,18,0.6666666865348816,0.8229595625040198,0.2573900788935353,0.7420598528828231,0.3472222222222222,0.3472222222222222,0.1562928759691382
C_no_group,7566,CRDO,5d_5pct,18,18,0.5,0.776756543284278,0.34672439227708857,0.9316711964767871,0.38271604938271603,0.38271604938271603,0.276756543284278
C_no_group,7566,CRDO,5d_8pct,18,18,0.3333333432674408,0.606592058174596,0.3230701072922496,0.8427962800278136,0.3194444444444444,0.3194444444444444,0.27325871490715525
C_no_group,7566,CSCO,1d_3pct,18,18,0.0,0.17460200308271534,0.03065865130005393,0.19201681180419802,,,0.17460200308271534
C_no_group,7566,CSCO,1d_5pct,18,18,0.0,0.06897665138578374,0.004841282588715562,0.07151895022998074,,,0.06897665138578374
C_no_group,7566,CSCO,1d_8pct,18,18,0.0,0.02113575087942602,0.0004467211392094599,0.021362309476980215,,,0.02113575087942602
C_no_group,7566,CSCO,3d_3pct,18,18,0.0,0.3106184925175244,0.09790223260263722,0.37347979996450387,,,0.3106184925175244
C_no_group,7566,CSCO,3d_5pct,18,18,0.0,0.06897665138578374,0.004841282588715562,0.07151895022998074,,,0.06897665138578374
C_no_group,7566,CSCO,3d_8pct,18,18,0.0,0.044223385316286216,0.002002922480572261,0.04525687552588656,,,0.044223385316286216
C_no_group,7566,CSCO,5d_3pct,18,18,0.0,0.36664510670791217,0.1387218712195008,0.46234879574925863,,,0.36664510670791217
C_no_group,7566,CSCO,5d_5pct,18,18,0.0,0.0751471663768859,0.005875700392631712,0.0782541559625715,,,0.0751471663768859
C_no_group,7566,CSCO,5d_8pct,18,18,0.0,0.044223385316286216,0.002002922480572261,0.04525687552588656,,,0.044223385316286216
C_no_group,7566,FN,1d_3pct,18,18,0.3333333432674408,0.4394384972021314,0.2346466681518836,0.662251249482701,0.45833333333333337,0.4583333333333333,0.10610515393469061
C_no_group,7566,FN,1d_5pct,18,18,0.1111111119389534,0.32874963036872934,0.14084985949484205,0.46556264748392195,0.90625,0.90625,0.21763851842977594
C_no_group,7566,FN,1d_8pct,18,18,0.0,0.14558297422417008,0.021268204921982316,0.1573862806297858,,,0.14558297422417008
C_no_group,7566,FN,3d_3pct,18,18,0.5555555820465088,0.613549915685843,0.23932603602845554,0.6708348917049701,0.8,0.8,0.05799433363933426
C_no_group,7566,FN,3d_5pct,18,18,0.4444444477558136,0.5066138357992664,0.23454486040533892,0.6621783087623978,0.875,0.875,0.062169388043452845
C_no_group,7566,FN,3d_8pct,18,18,0.1111111119389534,0.27094129289862084,0.12378771681860018,0.4243776729178671,0.4375,0.4375,0.15983018095966744
C_no_group,7566,FN,5d_3pct,18,18,0.6666666865348816,0.6799291174184244,0.21228456530613377,0.6137367688584141,0.888888888888889,0.8888888888888888,0.013262430883542842
C_no_group,7566,FN,5d_5pct,18,18,0.5,0.5266869307989069,0.23124502873663197,0.6554439784510893,0.9012345679012346,0.9012345679012346,0.026686930798906938
C_no_group,7566,FN,5d_8pct,18,18,0.1111111119389534,0.2961153768368719,0.1306745918709188,0.44086374272108136,0.5625,0.5625,0.1850042648979185
C_no_group,7566,INTC,1d_3pct,18,18,0.3888888955116272,0.392108885888039,0.23608930840127376,0.6650765721349812,0.5194805194805194,0.5194805194805194,0.0032199903764117965
C_no_group,7566,INTC,1d_5pct,18,18,0.2777777910232544,0.33556668252319133,0.20122509230315247,0.592318002679197,0.7538461538461538,0.7538461538461538,0.057788891499936934
C_no_group,7566,INTC,1d_8pct,18,18,0.1111111119389534,0.18518080787377797,0.10571302599321188,0.3740693238165471,0.375,0.375,0.07406969593482457
C_no_group,7566,INTC,3d_3pct,18,18,0.6666666865348816,0.6509436600352967,0.22117652224157702,0.6334864864076871,0.5138888888888888,0.5138888888888888,0.015723026499584902
C_no_group,7566,INTC,3d_5pct,18,18,0.6111111044883728,0.5379814040166685,0.23020478647802575,0.653265185895853,0.7662337662337663,0.7662337662337663,0.0731297004717043
C_no_group,7566,INTC,3d_8pct,18,18,0.4444444477558136,0.3304086926774158,0.258911208306489,0.7125978025192045,0.6625,0.6625,0.1140357550783978
C_no_group,7566,INTC,5d_3pct,18,18,0.8333333134651184,0.7125075787424814,0.15231911441964863,0.4865792598324768,0.5777777777777777,0.5777777777777777,0.12082573472263702
C_no_group,7566,INTC,5d_5pct,18,18,0.7777777910232544,0.6114078544992865,0.19625649351228996,0.583205813229045,0.625,0.625,0.16636993652396792
C_no_group,7566,INTC,5d_8pct,18,18,0.6666666865348816,0.4065800997981934,0.29051571385353797,0.7756770782916895,0.5277777777777778,0.5277777777777778,0.2600865867366882
C_no_group,7566,LITE,1d_3pct,18,18,0.5,0.6220762442237184,0.25972515788421446,0.7129162272805805,0.7777777777777778,0.7777777777777778,0.12207624422371843
C_no_group,7566,LITE,1d_5pct,18,18,0.2777777910232544,0.45305009309940164,0.2261111394806669,0.6451022826441596,0.7538461538461538,0.7538461538461538,0.17527230207614725
C_no_group,7566,LITE,1d_8pct,18,18,0.0555555559694767,0.2048498431804045,0.07487755033350056,0.30463938149603725,0.5294117647058824,0.5294117647058824,0.1492942872109278
C_no_group,7566,LITE,3d_3pct,18,18,0.6666666865348816,0.7910326451536837,0.23261243747788368,0.6633636117149224,0.7916666666666667,0.7916666666666667,0.12436595861880206
C_no_group,7566,LITE,3d_5pct,18,18,0.5555555820465088,0.7769875701412867,0.28923263468509997,0.7882819976425762,0.8,0.8,0.22143198809477793
C_no_group,7566,LITE,3d_8pct,18,18,0.5,0.4620867520234444,0.2384461656315442,0.6698737055935038,0.9506172839506173,0.9506172839506173,0.0379132479765556
C_no_group,7566,LITE,5d_3pct,18,18,0.7777777910232544,0.8774325771133319,0.18035206290723488,0.5570189815902121,0.5357142857142857,0.5357142857142857,0.0996547860900775
C_no_group,7566,LITE,5d_5pct,18,18,0.6666666865348816,0.8468509600348227,0.2470976124976956,0.7075834618100171,0.8055555555555557,0.8055555555555557,0.18018427349994115
C_no_group,7566,LITE,5d_8pct,18,18,0.6111111044883728,0.6014710550406284,0.22101609562213473,0.6335546743587325,0.9090909090909091,0.9090909090909091,0.009640049447744437
C_no_group,7566,MRVL,1d_3pct,18,18,0.4444444477558136,0.5618101275066117,0.2662893652389517,0.7263043080795666,0.4125,0.4125,0.11736567975079815
C_no_group,7566,MRVL,1d_5pct,18,18,0.3333333432674408,0.38108226505729675,0.2195551872776793,0.6306761739485773,0.5555555555555556,0.5555555555555556,0.04774892178985596
C_no_group,7566,MRVL,1d_8pct,18,18,0.1111111119389534,0.2875159057696529,0.13190667823156532,0.44432352117450513,0.3125,0.3125,0.1764047938306995
C_no_group,7566,MRVL,3d_3pct,18,18,0.7222222089767456,0.7564478950520798,0.2030549116102104,0.5976416206565047,0.3230769230769231,0.3230769230769231,0.03422568607533416
C_no_group,7566,MRVL,3d_5pct,18,18,0.6111111044883728,0.6849540586923417,0.24162141407188914,0.6783262141062822,0.5194805194805195,0.5194805194805195,0.07384295420396891
C_no_group,7566,MRVL,3d_8pct,18,18,0.4444444477558136,0.47807293741966483,0.25327976784240697,0.6995830322256443,0.48750000000000004,0.4875,0.033628489663851235
C_no_group,7566,MRVL,5d_3pct,18,18,0.8333333134651184,0.7800764951637251,0.1433812939822581,0.46409862894391396,0.4,0.4,0.05325681830139328
C_no_group,7566,MRVL,5d_5pct,18,18,0.7222222089767456,0.7675664887064457,0.20476036256922706,0.6028160372074347,0.4,0.4,0.04534427972970012
C_no_group,7566,MRVL,5d_8pct,18,18,0.5555555820465088,0.5784821619781515,0.2435067355864551,0.6805183946135674,0.5625,0.5625,0.02292657993164271
C_no_group,7566,MU,1d_3pct,18,18,0.2777777910232544,0.547414770107915,0.2697005484045273,0.7329190208237968,0.6153846153846154,0.6153846153846154,0.26963697908466056
C_no_group,7566,MU,1d_5pct,18,18,0.1111111119389534,0.3837794023204667,0.17688208549926251,0.5441378789981193,0.4375,0.4375,0.2726682903815133
C_no_group,7566,MU,1d_8pct,18,18,0.0,0.19992262159814486,0.04022788009529016,0.22325061915090394,,,0.19992262159814486
C_no_group,7566,MU,3d_3pct,18,18,0.7222222089767456,0.7620422599151773,0.1984862989283209,0.5849185336094394,0.7076923076923077,0.7076923076923077,0.03982005093843166
C_no_group,7566,MU,3d_5pct,18,18,0.3888888955116272,0.6542296193290286,0.32156218487954713,0.84764530182026,0.45454545454545453,0.45454545454545453,0.26534072381740137
C_no_group,7566,MU,3d_8pct,18,18,0.2222222238779068,0.420472443682235,0.2259481334271556,0.6440718938524447,0.4285714285714286,0.42857142857142855,0.19825021980432822
C_no_group,7566,MU,5d_3pct,18,18,0.7222222089767456,0.7989528805886698,0.20152601324473632,0.5924859040121562,0.7846153846153846,0.7846153846153846,0.07673067161192415
C_no_group,7566,MU,5d_5pct,18,18,0.6111111044883728,0.7472825512282381,0.2533163896023051,0.7079406364769412,0.5844155844155844,0.5844155844155844,0.13617144673986525
C_no_group,7566,MU,5d_8pct,18,18,0.4444444477558136,0.5336577360365912,0.2767430144075243,0.7485219751778146,0.4,0.4,0.08921328828077757
C_no_group,7566,NVDA,1d_3pct,18,18,0.1666666716337204,0.1997485739130894,0.13967638981387998,0.45312019562515027,0.5777777777777777,0.5777777777777777,0.033081902279368997
C_no_group,7566,NVDA,1d_5pct,18,18,0.0555555559694767,0.0798020467036335,0.053468617877900054,0.2215470979061289,0.0,0.0,0.0242464907341568
C_no_group,7566,NVDA,1d_8pct,18,18,0.0,0.021056573758786244,0.00044338017495931147,0.021281425870597115,,,0.021056573758786244
C_no_group,7566,NVDA,3d_3pct,18,18,0.6111111044883728,0.4279013967582094,0.2619259683819667,0.717003669635615,0.8051948051948051,0.8051948051948051,0.18320970773016343
C_no_group,7566,NVDA,3d_5pct,18,18,0.2222222238779068,0.1380232330752603,0.18067156844178342,0.5585252527447978,0.3035714285714286,0.30357142857142855,0.0841989908026465
C_no_group,7566,NVDA,3d_8pct,18,18,0.1666666716337204,0.09970083359189028,0.15030227927864018,0.5131141325397423,0.19999999999999996,0.19999999999999996,0.06696583804183012
C_no_group,7566,NVDA,5d_3pct,18,18,0.6666666865348816,0.5291203695586774,0.23591859548895952,0.6647820858977894,0.5972222222222222,0.5972222222222222,0.13754631697620423
C_no_group,7566,NVDA,5d_5pct,18,18,0.4444444477558136,0.21123139172545244,0.3043215023795209,0.8332241009660835,0.46249999999999997,0.4625,0.23321305603036116
C_no_group,7566,NVDA,5d_8pct,18,18,0.2222222238779068,0.09970083359189028,0.19364394204271632,0.6293089689169649,0.32142857142857145,0.32142857142857145,0.12252139028601652
C_no_group,7566,QCOM,1d_3pct,18,18,0.2777777910232544,0.33026357561135633,0.2062344258974501,0.6037715006011806,0.3384615384615384,0.3384615384615384,0.052485784588101936
C_no_group,7566,QCOM,1d_5pct,18,18,0.1111111119389534,0.24154793029998375,0.12335748901665627,0.4235659195576344,0.125,0.125,0.13043681836103035
C_no_group,7566,QCOM,1d_8pct,18,18,0.0555555559694767,0.10194436513217042,0.057646159307556614,0.24401123935225902,0.2941176470588235,0.2941176470588235,0.04638880916269372
C_no_group,7566,QCOM,3d_3pct,18,18,0.8333333134651184,0.546055166199958,0.22647726757664907,0.6459496467579877,0.4,0.4,0.28727814726516043
C_no_group,7566,QCOM,3d_5pct,18,18,0.5,0.36576704160939266,0.2792562981614101,0.7557631610808702,0.33333333333333337,0.33333333333333337,0.13423295839060734
C_no_group,7566,QCOM,3d_8pct,18,18,0.1111111119389534,0.14882549194658334,0.10646082462330538,0.37756552179543257,0.25,0.25,0.037714380007629944
C_no_group,7566,QCOM,5d_3pct,18,18,1.0,0.5695091754523297,0.18622017896946028,0.5643449401874583,,,0.4304908245476703
C_no_group,7566,QCOM,5d_5pct,18,18,0.7777777910232544,0.377030223528159,0.33683594700606934,0.8725142460807289,0.4464285714285714,0.44642857142857145,0.4007475674950954
C_no_group,7566,QCOM,5d_8pct,18,18,0.3333333432674408,0.15514067383101504,0.2615089834727716,0.767140679586412,0.29166666666666663,0.29166666666666663,0.17819266943642575
C_no_group,7566,SNDK,1d_3pct,18,18,0.4444444477558136,0.6370695187964182,0.28065349034424597,0.7561736169858508,0.525,0.525,0.19262507104060456
C_no_group,7566,SNDK,1d_5pct,18,18,0.2777777910232544,0.44438434461569587,0.23074164343887812,0.65445063261401,0.36923076923076925,0.36923076923076925,0.16660655359244148
C_no_group,7566,SNDK,1d_8pct,18,18,0.0555555559694767,0.32589443376379656,0.12634817991789685,0.4361981103903131,0.47058823529411764,0.47058823529411764,0.27033887779431987
C_no_group,7566,SNDK,3d_3pct,18,18,0.7777777910232544,0.8025916434928394,0.16896023242211447,0.5169190726876322,0.5714285714285714,0.5714285714285714,0.024813852469585007
C_no_group,7566,SNDK,3d_5pct,18,18,0.6111111044883728,0.7255284949441573,0.2532351146124504,0.707757355870748,0.48051948051948057,0.4805194805194806,0.11441739045578447
C_no_group,7566,SNDK,3d_8pct,18,18,0.2777777910232544,0.5034837411052009,0.2690928407508615,0.7316149647387719,0.2923076923076923,0.2923076923076923,0.2257059500819465
C_no_group,7566,SNDK,5d_3pct,18,18,0.8333333134651184,0.8462925199139479,0.13515944874527624,0.43524057566983565,0.8666666666666667,0.8666666666666667,0.01295920644882953
C_no_group,7566,SNDK,5d_5pct,18,18,0.7777777910232544,0.8023167221382073,0.17154086755444864,0.5280286552230494,0.6785714285714286,0.6785714285714286,0.024538931114952867
C_no_group,7566,SNDK,5d_8pct,18,18,0.5555555820465088,0.6462961993406021,0.26680156125294235,0.7337496855795482,0.4125,0.4125,0.09074061729409333
C_no_group,7566,STX,1d_3pct,18,18,0.4444444477558136,0.5150115209823465,0.24911131190673722,0.6913634896170116,0.5375000000000001,0.5375000000000001,0.07056707322653288
C_no_group,7566,STX,1d_5pct,18,18,0.1666666716337204,0.3897839951519799,0.19411951013186665,0.5796728602602325,0.2666666666666666,0.2666666666666666,0.22311732351825952
C_no_group,7566,STX,1d_8pct,18,18,0.0,0.2557908638802304,0.0654289875864714,0.2954332061640168,,,0.2557908638802304
C_no_group,7566,STX,3d_3pct,18,18,0.6111111044883728,0.6668617625225598,0.2304398786637854,0.6518762221554577,0.6753246753246753,0.6753246753246753,0.055750658034186995
C_no_group,7566,STX,3d_5pct,18,18,0.4444444477558136,0.5896737866315248,0.25816732412518517,0.7097397308546444,0.6375,0.6375,0.1452293388757112
C_no_group,7566,STX,3d_8pct,18,18,0.3888888955116272,0.4632228130904729,0.23944190055232964,0.6718979887525477,0.6493506493506493,0.6493506493506493,0.07433391757884572
C_no_group,7566,STX,5d_3pct,18,18,0.7222222089767456,0.7400963042286748,0.19315311269188212,0.5713456543534807,0.6923076923076923,0.6923076923076923,0.01787409525192918
C_no_group,7566,STX,5d_5pct,18,18,0.6111111044883728,0.7028866240432134,0.2415296996874766,0.6784220921363912,0.5974025974025974,0.5974025974025974,0.09177551955484065
C_no_group,7566,STX,5d_8pct,18,18,0.5555555820465088,0.5437839662947623,0.2514357990809064,0.6963134250037872,0.4625,0.4625,0.011771615751746456
C_no_group,7566,WDC,1d_3pct,18,18,0.4444444477558136,0.5116938357311426,0.24174164491430533,0.6766132728505047,0.8875,0.8875,0.06724938797532898
C_no_group,7566,WDC,1d_5pct,18,18,0.1111111119389534,0.40127345931201536,0.18105423165326873,0.5534042553852393,0.8125,0.8125,0.29016234737306196
C_no_group,7566,WDC,1d_8pct,18,18,0.0,0.27840908782697465,0.0775709405039813,0.32635415837001946,,,0.27840908782697465
C_no_group,7566,WDC,3d_3pct,18,18,0.6666666865348816,0.6582998303002653,0.20987608864058743,0.6089108736296434,0.7916666666666666,0.7916666666666666,0.008366856234616304
C_no_group,7566,WDC,3d_5pct,18,18,0.4444444477558136,0.605544581672986,0.26021466621242095,0.713573929905002,0.75,0.75,0.16110013391717237
C_no_group,7566,WDC,3d_8pct,18,18,0.3333333432674408,0.47983918791613545,0.237355164546246,0.6677993737650247,0.6388888888888888,0.6388888888888888,0.14650584464869465
C_no_group,7566,WDC,5d_3pct,18,18,0.7777777910232544,0.7163777259118456,0.1685406120033729,0.5190031726210826,0.6964285714285715,0.6964285714285715,0.06140006511140883
C_no_group,7566,WDC,5d_5pct,18,18,0.6111111044883728,0.704116467952878,0.24224237153681719,0.6791798086541756,0.5844155844155845,0.5844155844155845,0.09300536346450516
C_no_group,7566,WDC,5d_8pct,18,18,0.5,0.5707842780708035,0.24640600193154175,0.6856909807796319,0.6419753086419753,0.6419753086419753,0.07078427807080345
C_no_daily,3566,chips,1d_3pct,144,18,0.3541666567325592,0.5266436605965792,0.2593052714489477,0.7117878201933175,0.44212523719165087,0.5350089766606823,0.17247700386401998
C_no_daily,3566,chips,1d_5pct,144,18,0.1666666716337204,0.37763767943111376,0.18390142454578842,0.5584221196998258,0.47881944444444446,0.4879518072289157,0.21097100779739336
C_no_daily,3566,chips,1d_8pct,144,18,0.0694444477558136,0.22117437923358205,0.08984844225450411,0.3429333756000393,0.35522388059701493,0.4,0.15172993147776845
C_no_daily,3566,chips,3d_3pct,144,18,0.6388888955116272,0.6966695319818876,0.237624527815592,0.6705004020610666,0.42872073578595316,0.4891304347826087,0.05778063647026044
C_no_daily,3566,chips,3d_5pct,144,18,0.4791666567325592,0.5993392400571547,0.2654033572835447,0.7246016232737226,0.3860869565217391,0.4835924006908463,0.12017258332459546
C_no_daily,3566,chips,3d_8pct,144,18,0.3402777910232544,0.42264277369953035,0.23760886093968261,0.6683165166511292,0.3548872180451128,0.4713375796178344,0.08236498267627596
C_no_daily,3566,chips,5d_3pct,144,18,0.7708333134651184,0.755683551820358,0.18428128249528364,0.5587822561708946,0.3726453726453726,0.42962962962962964,0.015149761644760451
C_no_daily,3566,chips,5d_5pct,144,18,0.6319444179534912,0.6661996418336771,0.24312032022555968,0.6817813183242664,0.35330707028820235,0.4522417153996101,0.03425522388018587
C_no_daily,3566,chips,5d_8pct,144,18,0.4513888955116272,0.5130444112111293,0.2696437454529279,0.7327458825439986,0.2963972736124635,0.37623762376237624,0.06165551569950212
C_no_daily,3566,optics,1d_3pct,216,18,0.35648149251937866,0.5230183513122086,0.2560746409663912,0.7053106171741578,0.5676913015042512,0.5418181818181819,0.16653685879282998
C_no_daily,3566,optics,1d_5pct,216,18,0.21296297013759613,0.3731556797875494,0.1914266418949751,0.573452915660374,0.6084398976982097,0.5757042253521126,0.16019270964995325
C_no_daily,3566,optics,1d_8pct,216,18,0.07870370149612427,0.21747102357307324,0.09343819665942955,0.34996618214130804,0.4227017440141886,0.3734939759036144,0.13876732207694897
C_no_daily,3566,optics,3d_3pct,216,18,0.5462962985038757,0.6818382458729018,0.26036092943893147,0.7161793021087858,0.6103424420615704,0.5432692307692307,0.13554194736902603
C_no_daily,3566,optics,3d_5pct,216,18,0.43981480598449707,0.595915543551839,0.26904359368046854,0.7317690997870316,0.6113092648977816,0.5913978494623656,0.15610073756734189
C_no_daily,3566,optics,3d_8pct,216,18,0.32407405972480774,0.4128947561123045,0.22615957423086222,0.6448329406454477,0.5448140900195694,0.5474137931034483,0.08882069638749673
C_no_daily,3566,optics,5d_3pct,216,18,0.6342592835426331,0.7337535859714858,0.23194836338331307,0.6571381599182611,0.6524069112076135,0.5727891156462585,0.09949430242885271
C_no_daily,3566,optics,5d_5pct,216,18,0.5231481194496155,0.6509968396363109,0.25957968232634065,0.7136410308523566,0.6119941575736747,0.5961783439490446,0.12784872018669546
C_no_daily,3566,optics,5d_8pct,216,18,0.3888888955116272,0.4970606546205423,0.2498443440688885,0.6928380394742959,0.5309343434343433,0.5391304347826087,0.10817175910891508
C_no_daily,3566,storage,1d_3pct,72,18,0.4027777910232544,0.5195637607647323,0.2539984741432297,0.7011492344239759,0.4995990376904571,0.521311475409836,0.11678596974147792
C_no_daily,3566,storage,1d_5pct,72,18,0.1666666716337204,0.36408957990550367,0.1778377653261772,0.5455539537965428,0.5013888888888889,0.41379310344827586,0.19742290827178327
C_no_daily,3566,storage,1d_8pct,72,18,0.013888888992369175,0.19718225931747735,0.047559195638248786,0.23965859524086064,0.3380281690140845,0.05882352941176472,0.18329337032510817
C_no_daily,3566,storage,3d_3pct,72,18,0.6944444179534912,0.679866900175472,0.2100426473652243,0.6105006795475596,0.5627272727272727,0.48148148148148145,0.014577517778019189
C_no_daily,3566,storage,3d_5pct,72,18,0.4722222089767456,0.5936984745977827,0.26331608337005485,0.7201784907558231,0.5673374613003096,0.535031847133758,0.12147626562103708
C_no_daily,3566,storage,3d_8pct,72,18,0.3055555522441864,0.40088904182180307,0.2224226358064697,0.6373887767546089,0.48363636363636364,0.4962962962962963,0.09533348957761667
C_no_daily,3566,storage,5d_3pct,72,18,0.7638888955116272,0.7335297874370857,0.18107602834536474,0.5479975549086437,0.5101604278074866,0.4588744588744589,0.030359108074541452
C_no_daily,3566,storage,5d_5pct,72,18,0.6527777910232544,0.6436551362106111,0.2261209083535173,0.6444983113502156,0.5259574468085106,0.4425087108013937,0.009122654812643294
C_no_daily,3566,storage,5d_8pct,72,18,0.5138888955116272,0.47832431638850614,0.2556050505348206,0.7044606098544778,0.4501930501930503,0.40498442367601245,0.035564579123121054
C_no_daily,3566,optics_direct,1d_3pct,108,18,0.4166666567325592,0.5222694377296994,0.2533697919854931,0.6998910903701422,0.5587301587301587,0.5680345572354212,0.10560278099714016
C_no_daily,3566,optics_direct,1d_5pct,108,18,0.28703704476356506,0.3719624975979705,0.2094965402819967,0.6104135099688955,0.6229576874738165,0.6130790190735694,0.08492545283440545
C_no_daily,3566,optics_direct,1d_8pct,108,18,0.10185185074806213,0.2153120426775384,0.10563729909414243,0.37743103373473147,0.4414245548266167,0.37419354838709673,0.11346019192947626
C_no_daily,3566,optics_direct,3d_3pct,108,18,0.6296296119689941,0.6793439776614022,0.23110528421127588,0.6542049048679397,0.6099264705882353,0.5955555555555555,0.04971436569240806
C_no_daily,3566,optics_direct,3d_5pct,108,18,0.5277777910232544,0.5952025242218402,0.2520671538577777,0.697358701189843,0.6229790161678705,0.6242171189979123,0.06742473319858577
C_no_daily,3566,optics_direct,3d_8pct,108,18,0.39814814925193787,0.40994336929894826,0.23851269106169204,0.6699069564495793,0.5513416815742397,0.5417661097852029,0.01179522004701039
C_no_daily,3566,optics_direct,5d_3pct,108,18,0.7129629850387573,0.7302416608154858,0.19805278472479018,0.5829386492681966,0.6405529953917051,0.6126582278481013,0.01727867577672848
C_no_daily,3566,optics_direct,5d_5pct,108,18,0.6388888955116272,0.6484838853103666,0.22421864931413807,0.6397942511437685,0.6317354143441101,0.6264236902050114,0.009594989798739406
C_no_daily,3566,optics_direct,5d_8pct,108,18,0.49074074625968933,0.4939024499897159,0.25013089548266954,0.6933793446971057,0.5259005145797598,0.5225653206650831,0.003161703730026555
C_no_daily,3566,optics_connectivity_chips,1d_3pct,72,18,0.3472222089767456,0.5288917502738024,0.2595491883349959,0.7122783922124325,0.49106382978723406,0.519298245614035,0.1816695412970568
C_no_daily,3566,optics_connectivity_chips,1d_5pct,72,18,0.2083333283662796,0.3821445809469913,0.19563508424861245,0.582507817750629,0.47485380116959064,0.5074626865671642,0.17381125258071167
C_no_daily,3566,optics_connectivity_chips,1d_8pct,72,18,0.0833333358168602,0.2302478787346881,0.1020966696978553,0.37311838198472913,0.25252525252525254,0.3723404255319149,0.1469145429178279
C_no_daily,3566,optics_connectivity_chips,3d_3pct,72,18,0.5555555820465088,0.7018839985571474,0.2684821757889937,0.7359070739816844,0.47890625,0.5,0.14632841651063866
C_no_daily,3566,optics_connectivity_chips,3d_5pct,72,18,0.4583333432674408,0.6011727853515431,0.2692441176132044,0.7323753805244743,0.4514374514374514,0.515358361774744,0.14283944208410226
C_no_daily,3566,optics_connectivity_chips,3d_8pct,72,18,0.3333333432674408,0.4297073661001533,0.2373800970924094,0.6678955586659872,0.3828125,0.49137931034482757,0.09637402283271251
C_no_daily,3566,optics_connectivity_chips,5d_3pct,72,18,0.6805555820465088,0.7614854940167632,0.22462176820885466,0.6463049766408063,0.5084294587400178,0.5285171102661597,0.08092991197025445
C_no_daily,3566,optics_connectivity_chips,5d_5pct,72,18,0.5277777910232544,0.6733689936577891,0.27589171427349407,0.7499435758282635,0.44969040247678016,0.5328467153284672,0.14559120263453473
C_no_daily,3566,optics_connectivity_chips,5d_8pct,72,18,0.3888888955116272,0.5248037294237188,0.2709646654942932,0.7354132611230709,0.37094155844155846,0.5,0.13591483391209158
C_no_daily,3566,optics_switching,1d_3pct,36,18,0.1944444477558136,0.5135182941365488,0.2572400931718763,0.7076336475096553,0.6945812807881773,0.4675324675324675,0.3190738463807352
C_no_daily,3566,optics_switching,1d_5pct,36,18,0.0,0.3587574240374019,0.12880006202663577,0.4444613285542995,,,0.3587574240374019
C_no_daily,3566,optics_switching,1d_8pct,36,18,0.0,0.19839425593644835,0.03952394327843943,0.2212672276741955,,,0.19839425593644835
C_no_daily,3566,optics_switching,3d_3pct,36,18,0.2777777910232544,0.6492295451389085,0.33188537242177407,0.8626469500855265,0.7038461538461538,0.4125,0.3714517541156541
C_no_daily,3566,optics_switching,3d_5pct,36,18,0.1388888955116272,0.587540117942427,0.31957186528306913,0.8337877341037127,0.7870967741935484,0.6923076923076923,0.4486512224307998
C_no_daily,3566,optics_switching,3d_8pct,36,18,0.0833333358168602,0.3881236965766758,0.1666591780152787,0.5234856571919733,0.8888888888888887,0.8888888888888888,0.3047903607598156
C_no_daily,3566,optics_switching,5d_3pct,36,18,0.3055555522441864,0.6888255453489314,0.3482882897077988,0.9014030584233649,0.7454545454545455,0.5194805194805194,0.38326999310474497
C_no_daily,3566,optics_switching,5d_5pct,36,18,0.1666666716337204,0.6137913945711884,0.3330387174686415,0.8625762800263074,0.7777777777777778,0.6527777777777778,0.44712472293746797
C_no_daily,3566,optics_switching,5d_8pct,36,18,0.0833333358168602,0.4510491189066681,0.20674404697673596,0.6060636805083166,0.8888888888888887,0.8888888888888888,0.3677157830898079
C_no_daily,3566,AAOI,1d_3pct,18,18,0.3333333432674408,0.5183275958427478,0.25559177861074245,0.7043344412576222,0.5416666666666667,0.5416666666666667,0.184994252575307
C_no_daily,3566,AAOI,1d_5pct,18,18,0.2222222238779068,0.36490546527682044,0.18953914037380673,0.5692657854713483,0.6607142857142857,0.6607142857142857,0.14268324139891364
C_no_daily,3566,AAOI,1d_8pct,18,18,0.0555555559694767,0.20392963448908477,0.07842419642233499,0.31514898203801806,0.0,0.0,0.14837407851960807
C_no_daily,3566,AAOI,3d_3pct,18,18,0.6111111044883728,0.6672628047101037,0.23686213349482965,0.6659842155033533,0.5844155844155845,0.5844155844155845,0.05615170022173088
C_no_daily,3566,AAOI,3d_5pct,18,18,0.5,0.5916731990331446,0.2566284681084027,0.7065501158522515,0.5925925925925926,0.5925925925925926,0.09167319903314464
C_no_daily,3566,AAOI,3d_8pct,18,18,0.3333333432674408,0.3991152844060684,0.2306153600879669,0.654262861445988,0.4027777777777778,0.4027777777777778,0.06578194113862762
C_no_daily,3566,AAOI,5d_3pct,18,18,0.6666666865348816,0.715224768174445,0.2194311875699213,0.6290877977606704,0.6111111111111113,0.6111111111111113,0.04855808163956343
C_no_daily,3566,AAOI,5d_5pct,18,18,0.6666666865348816,0.6341951090378333,0.2189427709011691,0.6289998298118816,0.6111111111111113,0.6111111111111113,0.03247157749704832
C_no_daily,3566,AAOI,5d_8pct,18,18,0.5555555820465088,0.474520740638058,0.26664000093999274,0.7265743150922761,0.43750000000000006,0.4375000000000001,0.0810348414084508
C_no_daily,3566,ALAB,1d_3pct,18,18,0.3888888955116272,0.516700202821823,0.2523096104917047,0.6977652240674977,0.6363636363636364,0.6363636363636364,0.12781130731019585
C_no_daily,3566,ALAB,1d_5pct,18,18,0.2222222238779068,0.36269365673864484,0.19065372726245808,0.5715974029722334,0.6607142857142857,0.6607142857142857,0.14047143286073804
C_no_daily,3566,ALAB,1d_8pct,18,18,0.1666666716337204,0.20275796616891587,0.14044986002965706,0.4555862421527102,0.5555555555555556,0.5555555555555556,0.03609129453519547
C_no_daily,3566,ALAB,3d_3pct,18,18,0.5555555820465088,0.6629851213803731,0.25441183049711513,0.7026641424078325,0.6124999999999999,0.6124999999999999,0.10742953933386434
C_no_daily,3566,ALAB,3d_5pct,18,18,0.5555555820465088,0.5907282302980861,0.24696516351002945,0.6870424358554827,0.6,0.6,0.03517264825157729
C_no_daily,3566,ALAB,3d_8pct,18,18,0.5555555820465088,0.3961506423684756,0.26896721171874277,0.7318057085416452,0.5874999999999999,0.5874999999999999,0.1594049396780332
C_no_daily,3566,ALAB,5d_3pct,18,18,0.7222222089767456,0.7080105596277286,0.20098578670626444,0.5905282059270869,0.523076923076923,0.523076923076923,0.014211649349016975
C_no_daily,3566,ALAB,5d_5pct,18,18,0.6666666865348816,0.6271601465650678,0.22793957774497292,0.6483751963493968,0.4305555555555556,0.4305555555555556,0.03950653996981379
C_no_daily,3566,ALAB,5d_8pct,18,18,0.6666666865348816,0.4653520932326841,0.2682594115036799,0.7300699435779515,0.4166666666666667,0.4166666666666667,0.20131459330219748
C_no_daily,3566,AMD,1d_3pct,18,18,0.3888888955116272,0.523803765196754,0.25490536529505703,0.702963311447708,0.6103896103896104,0.6103896103896104,0.13491486968512678
C_no_daily,3566,AMD,1d_5pct,18,18,0.0555555559694767,0.37056770102089714,0.15266078145825993,0.4943633030599732,0.17647058823529416,0.17647058823529416,0.31501214505142044
C_no_daily,3566,AMD,1d_8pct,18,18,0.0555555559694767,0.20574990800713358,0.0766623847553721,0.3099631579096301,0.23529411764705888,0.23529411764705888,0.15019435203765688
C_no_daily,3566,AMD,3d_3pct,18,18,0.5555555820465088,0.6938834145221094,0.2639950770029965,0.7242538725310641,0.525,0.525,0.13832783247560065
C_no_daily,3566,AMD,3d_5pct,18,18,0.4444444477558136,0.5973622574390975,0.26882013146242345,0.731316558723883,0.625,0.625,0.15291780968328395
C_no_daily,3566,AMD,3d_8pct,18,18,0.3888888955116272,0.4119991971014558,0.23198751393618539,0.6566372211754041,0.6753246753246753,0.6753246753246753,0.02311030158982863
C_no_daily,3566,AMD,5d_3pct,18,18,0.7222222089767456,0.7531752715338276,0.19838806802820158,0.5843605210322583,0.5230769230769231,0.5230769230769231,0.030953062557081967
C_no_daily,3566,AMD,5d_5pct,18,18,0.6666666865348816,0.6599616101581384,0.21823736988204823,0.6273917355885736,0.5555555555555556,0.5555555555555556,0.006705076376743224
C_no_daily,3566,AMD,5d_8pct,18,18,0.5,0.49822988962969933,0.24697357321237648,0.6870789701048488,0.45679012345679015,0.4567901234567901,0.0017701103703006704
C_no_daily,3566,ANET,1d_3pct,18,18,0.3888888955116272,0.516924123807156,0.25421685489914303,0.7015851470394442,0.4675324675324675,0.4675324675324675,0.12803522829552882
C_no_daily,3566,ANET,1d_5pct,18,18,0.0,0.36315082597646325,0.13190143188017192,0.4512507175794661,,,0.36315082597646325
C_no_daily,3566,ANET,1d_8pct,18,18,0.0,0.20265639205701405,0.04111048373720427,0.2265017731992071,,,0.20265639205701405
C_no_daily,3566,ANET,3d_3pct,18,18,0.5555555820465088,0.6632240818987462,0.2596413257284535,0.714356522774406,0.41250000000000003,0.4125,0.10766849985223736
C_no_daily,3566,ANET,3d_5pct,18,18,0.2777777910232544,0.5908622840696999,0.29779227948176124,0.7898615238125178,0.6923076923076923,0.6923076923076923,0.3130844930464455
C_no_daily,3566,ANET,3d_8pct,18,18,0.1666666716337204,0.39571942557976947,0.18819231904670244,0.5676466560930008,0.888888888888889,0.8888888888888888,0.22905275394604907
C_no_daily,3566,ANET,5d_3pct,18,18,0.6111111044883728,0.7078556543032087,0.24686237609337283,0.6892266973910639,0.5194805194805194,0.5194805194805194,0.09674454981483593
C_no_daily,3566,ANET,5d_5pct,18,18,0.3333333432674408,0.6280276457177351,0.3059211961944295,0.8076596906829218,0.6527777777777778,0.6527777777777778,0.29469430245029427
C_no_daily,3566,ANET,5d_8pct,18,18,0.1666666716337204,0.46681950817442147,0.22295169872114895,0.6389140882835642,0.888888888888889,0.8888888888888888,0.3001528365407011
C_no_daily,3566,ARM,1d_3pct,18,18,0.5555555820465088,0.5160737719507265,0.2472331832954785,0.687608545975604,0.625,0.625,0.03948181009578233
C_no_daily,3566,ARM,1d_5pct,18,18,0.2222222238779068,0.36075649380536606,0.1921997311676507,0.5749308458445473,0.5178571428571428,0.5178571428571428,0.13853426992745926
C_no_daily,3566,ARM,1d_8pct,18,18,0.0555555559694767,0.19889982312705198,0.0747807766949102,0.3042400565957636,0.23529411764705888,0.23529411764705888,0.14334426715757528
C_no_daily,3566,ARM,3d_3pct,18,18,0.7777777910232544,0.663702060845947,0.18063889163814642,0.5490323176500062,0.7142857142857143,0.7142857142857143,0.11407573017730743
C_no_daily,3566,ARM,3d_5pct,18,18,0.6666666865348816,0.5905019518151678,0.2273171741980765,0.6473243030792247,0.5416666666666666,0.5416666666666666,0.07616473471971374
C_no_daily,3566,ARM,3d_8pct,18,18,0.6111111044883728,0.39479713800201915,0.2822413009970754,0.7588577350271337,0.5194805194805195,0.5194805194805195,0.21631396648635365
C_no_daily,3566,ARM,5d_3pct,18,18,0.8888888955116272,0.7102274288192424,0.1303216188731492,0.439854724555051,0.46875,0.46875,0.1786614666923848
C_no_daily,3566,ARM,5d_5pct,18,18,0.7777777910232544,0.6254519172414318,0.19429915421369665,0.5790915845246708,0.5,0.5,0.1523258737818226
C_no_daily,3566,ARM,5d_8pct,18,18,0.6666666865348816,0.46033893855442426,0.2655038948966105,0.7244329684170263,0.4027777777777778,0.4027777777777778,0.20632774798045733
C_no_daily,3566,AVGO,1d_3pct,18,18,0.2222222238779068,0.5364855472000679,0.2715714640563137,0.7363706322543602,0.4821428571428571,0.4821428571428571,0.3142633233221611
C_no_daily,3566,AVGO,1d_5pct,18,18,0.0555555559694767,0.3942188386322778,0.1678184246946127,0.52645913002767,0.11764705882352944,0.11764705882352944,0.3386632826628011
C_no_daily,3566,AVGO,1d_8pct,18,18,0.0,0.24609421745155238,0.06066210226003885,0.28257585225499215,,,0.24609421745155238
C_no_daily,3566,AVGO,3d_3pct,18,18,0.3888888955116272,0.7256499199779954,0.351330203223375,0.9158427648668646,0.45454545454545453,0.45454545454545453,0.33676102446636824
C_no_daily,3566,AVGO,3d_5pct,18,18,0.2222222238779068,0.6076267860775741,0.3215389851554013,0.838699229107608,0.4285714285714286,0.42857142857142855,0.38540456219966734
C_no_daily,3566,AVGO,3d_8pct,18,18,0.0,0.45053748168080315,0.20306023985411914,0.5989412563127434,,,0.45053748168080315
C_no_daily,3566,AVGO,5d_3pct,18,18,0.5,0.7950486387141089,0.3382514979149574,0.9110634649280573,0.4074074074074074,0.4074074074074074,0.2950486387141089
C_no_daily,3566,AVGO,5d_5pct,18,18,0.2222222238779068,0.7022429596632507,0.4037385562508138,1.0221816600209612,0.4642857142857143,0.4642857142857143,0.4800207357853439
C_no_daily,3566,AVGO,5d_8pct,18,18,0.0,0.5619670831231748,0.3160159479675722,0.826007392895451,,,0.5619670831231748
C_no_daily,3566,AXTI,1d_3pct,18,18,0.5,0.5232111122535645,0.2507969218744868,0.6947412826949306,0.4938271604938272,0.49382716049382713,0.023211112253564536
C_no_daily,3566,AXTI,1d_5pct,18,18,0.5,0.3736129137338444,0.2665246872688074,0.7274083697231561,0.4938271604938272,0.49382716049382713,0.12638708626615558
C_no_daily,3566,AXTI,1d_8pct,18,18,0.3333333432674408,0.2177247697988674,0.23629094752643778,0.6748337139869197,0.48611111111111105,0.486111111111111,0.1156085734685734
C_no_daily,3566,AXTI,3d_3pct,18,18,0.6111111044883728,0.6817761601265501,0.2457763207051341,0.6864693707893453,0.42857142857142855,0.42857142857142855,0.07066505563817727
C_no_daily,3566,AXTI,3d_5pct,18,18,0.6111111044883728,0.5958583882846309,0.23865761132665753,0.670325150571223,0.42857142857142855,0.42857142857142855,0.015252716203741912
C_no_daily,3566,AXTI,3d_8pct,18,18,0.6111111044883728,0.41198253430979864,0.279782094018719,0.753698278077951,0.42857142857142855,0.42857142857142855,0.19912857017857416
C_no_daily,3566,AXTI,5d_3pct,18,18,0.7222222089767456,0.7339277756119764,0.20576933662511065,0.6038791022198479,0.38461538461538464,0.38461538461538464,0.011705566635230813
C_no_daily,3566,AXTI,5d_5pct,18,18,0.7222222089767456,0.6516011152374018,0.210329693028213,0.6124531259777553,0.3692307692307692,0.3692307692307692,0.07062109373934378
C_no_daily,3566,AXTI,5d_8pct,18,18,0.6666666865348816,0.49755536674154727,0.25846722318262727,0.7101305935750447,0.37500000000000006,0.37500000000000006,0.16911131979333432
C_no_daily,3566,CIEN,1d_3pct,18,18,0.3888888955116272,0.5218717533779694,0.25354414433926664,0.7002445947026323,0.6233766233766234,0.6233766233766234,0.13298285786634223
C_no_daily,3566,CIEN,1d_5pct,18,18,0.2222222238779068,0.3731641704037923,0.19324079500382874,0.5770980074672454,0.625,0.625,0.1509419465258855
C_no_daily,3566,CIEN,1d_8pct,18,18,0.0555555559694767,0.22164963111017913,0.07846008343216623,0.31453568633548595,0.6470588235294117,0.6470588235294117,0.16609407514070243
C_no_daily,3566,CIEN,3d_3pct,18,18,0.6666666865348816,0.6758864866271801,0.2046599629997843,0.5970731637265548,0.8472222222222223,0.8472222222222223,0.009219800092298502
C_no_daily,3566,CIEN,3d_5pct,18,18,0.5,0.595041441116181,0.2564711592009983,0.706259720570692,0.7160493827160495,0.7160493827160495,0.09504144111618096
C_no_daily,3566,CIEN,3d_8pct,18,18,0.3888888955116272,0.4116095158558403,0.23159457787751211,0.6555657123002553,0.7012987012987013,0.7012987012987013,0.022720620344213127
C_no_daily,3566,CIEN,5d_3pct,18,18,0.7222222089767456,0.7233210797447013,0.17099611350559207,0.5178981573811382,0.9846153846153847,0.9846153846153847,0.001098870767955673
C_no_daily,3566,CIEN,5d_5pct,18,18,0.6111111044883728,0.6442733231030124,0.2190854762553797,0.6279508577237694,0.8571428571428571,0.8571428571428571,0.03316221861463964
C_no_daily,3566,CIEN,5d_8pct,18,18,0.4444444477558136,0.49223990921901717,0.23326068640606767,0.6593891010849863,0.75,0.75,0.04779546146320357
C_no_daily,3566,COHR,1d_3pct,18,18,0.4444444477558136,0.5236395836976419,0.25199199844773124,0.6971291487092207,0.575,0.575,0.07919513594182825
C_no_daily,3566,COHR,1d_5pct,18,18,0.3888888955116272,0.37330307670399,0.23490424771780885,0.662431095753774,0.6103896103896104,0.6103896103896104,0.015585818807637208
C_no_daily,3566,COHR,1d_8pct,18,18,0.1111111119389534,0.21413966106631768,0.11131912625963114,0.3907705647293011,0.375,0.375,0.10302854912736428
C_no_daily,3566,COHR,3d_3pct,18,18,0.6666666865348816,0.6845258573123989,0.21934346015951733,0.6295047906074521,0.5833333333333334,0.5833333333333334,0.017859170777517308
C_no_daily,3566,COHR,3d_5pct,18,18,0.5555555820465088,0.5962514116524981,0.24645294967547468,0.685958978000213,0.6499999999999999,0.6499999999999999,0.040695829605989275
C_no_daily,3566,COHR,3d_8pct,18,18,0.4444444477558136,0.41165867238038634,0.24762800190704656,0.6885143466001143,0.4875,0.4875,0.03278577537542726
C_no_daily,3566,COHR,5d_3pct,18,18,0.7222222089767456,0.7389798657821913,0.19850241002770794,0.5846988202606107,0.5538461538461539,0.5538461538461539,0.01675765680544572
C_no_daily,3566,COHR,5d_5pct,18,18,0.6666666865348816,0.6553436279384652,0.2176083029338365,0.6259279942783897,0.5972222222222222,0.5972222222222222,0.011323058596416358
C_no_daily,3566,COHR,5d_8pct,18,18,0.5555555820465088,0.5009137881693674,0.25515221159921603,0.7034566748871645,0.4375,0.4375,0.05464179387714141
C_no_daily,3566,CRDO,1d_3pct,18,18,0.3333333432674408,0.5290835644287379,0.259055028836007,0.7112882131228052,0.5694444444444444,0.5694444444444444,0.19575022116129714
C_no_daily,3566,CRDO,1d_5pct,18,18,0.2222222238779068,0.38382608214036434,0.19952886013960305,0.5904691857676163,0.48214285714285715,0.48214285714285715,0.16160385826245754
C_no_daily,3566,CRDO,1d_8pct,18,18,0.0555555559694767,0.23702963339626779,0.0904883124558851,0.34800080123011784,0.17647058823529416,0.17647058823529416,0.18147407742679109
C_no_daily,3566,CRDO,3d_3pct,18,18,0.5555555820465088,0.7005609300859893,0.2649728816325936,0.7279144899489948,0.5875,0.5875,0.1450053480394805
C_no_daily,3566,CRDO,3d_5pct,18,18,0.4444444477558136,0.6013074517930395,0.2702014486597167,0.7342243523820882,0.6,0.6,0.15686300403722586
C_no_daily,3566,CRDO,3d_8pct,18,18,0.3333333432674408,0.43195846122808423,0.22533230755825612,0.6431867205818834,0.6388888888888888,0.6388888888888888,0.09862511796064344
C_no_daily,3566,CRDO,5d_3pct,18,18,0.6666666865348816,0.7583992138680578,0.21511450352002365,0.6172976911439637,0.8194444444444444,0.8194444444444444,0.09173252733317616
C_no_daily,3566,CRDO,5d_5pct,18,18,0.5,0.6720636565632206,0.26856691571800845,0.7321038051095073,0.7407407407407407,0.7407407407407407,0.17206365656322065
C_no_daily,3566,CRDO,5d_8pct,18,18,0.3333333432674408,0.5257645052559171,0.2487997984370311,0.6908585950104383,0.6527777777777778,0.6527777777777778,0.19243116198847632
C_no_daily,3566,CSCO,1d_3pct,18,18,0.0,0.5101124644659417,0.2602633314446095,0.7136821479798664,,,0.5101124644659417
C_no_daily,3566,CSCO,1d_5pct,18,18,0.0,0.3543640220983406,0.12569869217309956,0.43767193952913286,,,0.3543640220983406
C_no_daily,3566,CSCO,1d_8pct,18,18,0.0,0.1941321198158827,0.03793740281967457,0.21603268214918384,,,0.1941321198158827
C_no_daily,3566,CSCO,3d_3pct,18,18,0.0,0.6352350083790708,0.40412941911509453,1.0109373773966472,,,0.6352350083790708
C_no_daily,3566,CSCO,3d_5pct,18,18,0.0,0.584217951815154,0.34135145108437703,0.8777139443949071,,,0.584217951815154
C_no_daily,3566,CSCO,3d_8pct,18,18,0.0,0.38052796757358204,0.14512603698385493,0.47932465829094606,,,0.38052796757358204
C_no_daily,3566,CSCO,5d_3pct,18,18,0.0,0.6697954363946539,0.4497142033222247,1.1135794194556654,,,0.6697954363946539
C_no_daily,3566,CSCO,5d_5pct,18,18,0.0,0.5995551434246418,0.36015623874285346,0.9174928693696932,,,0.5995551434246418
C_no_daily,3566,CSCO,5d_8pct,18,18,0.0,0.4352787296389147,0.19053639523232294,0.5732132727330688,,,0.4352787296389147
C_no_daily,3566,FN,1d_3pct,18,18,0.3333333432674408,0.5201293566350008,0.2600163898449078,0.7132084864442643,0.36111111111111105,0.36111111111111105,0.18679601336756002
C_no_daily,3566,FN,1d_5pct,18,18,0.1111111119389534,0.3711852270311645,0.16451050418383698,0.5182395185456676,0.6875,0.6875,0.2600741150922111
C_no_daily,3566,FN,1d_8pct,18,18,0.0,0.22133715545496646,0.049950814187564724,0.2509865249505742,,,0.22133715545496646
C_no_daily,3566,FN,3d_3pct,18,18,0.5555555820465088,0.6673935182146602,0.26083973845925096,0.7171941280715382,0.475,0.475,0.11183793616815141
C_no_daily,3566,FN,3d_5pct,18,18,0.4444444477558136,0.5931102539682122,0.2668447745440286,0.7272387431473557,0.65,0.65,0.14866580621239855
C_no_daily,3566,FN,3d_8pct,18,18,0.1111111119389534,0.40710830977438545,0.18915151321859247,0.5696217946599405,0.5625,0.5625,0.29599719783543205
C_no_daily,3566,FN,5d_3pct,18,18,0.6666666865348816,0.7104702225202375,0.22298346996312177,0.6388283692773475,0.5138888888888888,0.5138888888888888,0.04380353598535591
C_no_daily,3566,FN,5d_5pct,18,18,0.5,0.6360803692382959,0.26030070207897893,0.7142422832488734,0.654320987654321,0.654320987654321,0.13608036923829592
C_no_daily,3566,FN,5d_8pct,18,18,0.1111111119389534,0.4842148400038498,0.24299142187819317,0.6790794446377981,0.5625,0.5625,0.3731037280648964
C_no_daily,3566,INTC,1d_3pct,18,18,0.3888888955116272,0.5291205727102031,0.25722260977491185,0.7076096569666961,0.5064935064935064,0.5064935064935064,0.14023167719857588
C_no_daily,3566,INTC,1d_5pct,18,18,0.2777777910232544,0.3809077704221098,0.21102099031181176,0.613929306186884,0.4769230769230769,0.4769230769230769,0.10312997939885543
C_no_daily,3566,INTC,1d_8pct,18,18,0.1111111119389534,0.22309285151016633,0.11057778225409759,0.389016870886113,0.46875,0.46875,0.11198173957121293
C_no_daily,3566,INTC,3d_3pct,18,18,0.6666666865348816,0.7066703838955459,0.22246324022936703,0.6369482473562692,0.5694444444444444,0.5694444444444444,0.040003697360664336
C_no_daily,3566,INTC,3d_5pct,18,18,0.6111111044883728,0.601527891931227,0.23735814124611812,0.6676278348679453,0.5324675324675325,0.5324675324675325,0.009583212557145782
C_no_daily,3566,INTC,3d_8pct,18,18,0.4444444477558136,0.42802812379059213,0.2443732194773213,0.6818160543462382,0.575,0.575,0.01641632396522147
C_no_daily,3566,INTC,5d_3pct,18,18,0.8333333134651184,0.7700004327118971,0.14172044805477785,0.4592575577564435,0.5555555555555556,0.5555555555555556,0.0633328807532213
C_no_daily,3566,INTC,5d_5pct,18,18,0.7777777910232544,0.6770323799137211,0.1816190314319181,0.5512777334405405,0.5714285714285715,0.5714285714285715,0.10074541110953328
C_no_daily,3566,INTC,5d_8pct,18,18,0.6666666865348816,0.5244822887024986,0.24180275116268873,0.6766939213868062,0.45833333333333337,0.4583333333333333,0.142184397832383
C_no_daily,3566,LITE,1d_3pct,18,18,0.5,0.5264372245712715,0.24827751879582355,0.6896885884121835,0.7901234567901234,0.7901234567901234,0.02643722457127151
C_no_daily,3566,LITE,1d_5pct,18,18,0.2777777910232544,0.3756041324382115,0.20825986714389166,0.6080382828521836,0.676923076923077,0.676923076923077,0.09782634141495711
C_no_daily,3566,LITE,1d_8pct,18,18,0.0555555559694767,0.21309140414581465,0.07937862673671972,0.31831073036808977,0.0,0.0,0.15753584817633795
C_no_daily,3566,LITE,3d_3pct,18,18,0.6666666865348816,0.69921903897752,0.21915008944913872,0.6290037605093947,0.6805555555555556,0.6805555555555556,0.03255235244263843
C_no_daily,3566,LITE,3d_5pct,18,18,0.5555555820465088,0.5992804512763741,0.2473479602911047,0.6878194989973228,0.7,0.7,0.04372486922986529
C_no_daily,3566,LITE,3d_8pct,18,18,0.5,0.41818589906721004,0.2523045992603148,0.6977787456132276,0.6666666666666666,0.6666666666666666,0.08181410093278996
C_no_daily,3566,LITE,5d_3pct,18,18,0.7777777910232544,0.759526253059364,0.17063419065728713,0.523239648709565,0.6428571428571428,0.6428571428571429,0.01825153796389034
C_no_daily,3566,LITE,5d_5pct,18,18,0.6666666865348816,0.6694097673071903,0.21904495068725097,0.6291914158219423,0.6250000000000001,0.6250000000000001,0.0027430807723086703
C_no_daily,3566,LITE,5d_8pct,18,18,0.6111111044883728,0.5139700551664556,0.24427382888992039,0.6816459389053638,0.5844155844155844,0.5844155844155844,0.09714104932191725
C_no_daily,3566,MRVL,1d_3pct,18,18,0.4444444477558136,0.5332976866445804,0.2552606499559581,0.7036894994050671,0.38749999999999996,0.38749999999999996,0.08885323888876684
C_no_daily,3566,MRVL,1d_5pct,18,18,0.3333333432674408,0.38783974627667805,0.22453932489777598,0.6415055522349961,0.5,0.5,0.05450640300923726
C_no_daily,3566,MRVL,1d_8pct,18,18,0.1111111119389534,0.23510969792201658,0.11678640404584015,0.4063106323010964,0.21875,0.21875,0.12399858598306318
C_no_daily,3566,MRVL,3d_3pct,18,18,0.7222222089767456,0.7183400227842319,0.20321378780289112,0.5972068987030451,0.30769230769230765,0.30769230769230765,0.0038821861925136814
C_no_daily,3566,MRVL,3d_5pct,18,18,0.6111111044883728,0.6050286732374727,0.2382708731276702,0.6695355047527184,0.4025974025974026,0.4025974025974026,0.006082431250900133
C_no_daily,3566,MRVL,3d_8pct,18,18,0.4444444477558136,0.44018287912325044,0.25216062923851956,0.6976485492276766,0.2625,0.2625,0.004261568632563162
C_no_daily,3566,MRVL,5d_3pct,18,18,0.8333333134651184,0.7844835638571577,0.14413528469417314,0.4663305445641174,0.2888888888888889,0.2888888888888889,0.048849749607960735
C_no_daily,3566,MRVL,5d_5pct,18,18,0.7222222089767456,0.6920092118396176,0.2033218073801812,0.5971136418331888,0.4461538461538461,0.4461538461538461,0.030212997137127995
C_no_daily,3566,MRVL,5d_8pct,18,18,0.5555555820465088,0.546131236083099,0.25078350406888955,0.6947171130084429,0.4375,0.4375,0.009424345963409797
C_no_daily,3566,MU,1d_3pct,18,18,0.2777777910232544,0.5236037070687306,0.2611907329015211,0.7155469067843527,0.4461538461538461,0.4461538461538461,0.2458259160454762
C_no_daily,3566,MU,1d_5pct,18,18,0.1111111119389534,0.369030992638053,0.165371467371978,0.5202638617990721,0.5,0.5,0.2579198806990996
C_no_daily,3566,MU,1d_8pct,18,18,0.0,0.200667698782999,0.04032279184154754,0.2240217263136863,,,0.200667698782999
C_no_daily,3566,MU,3d_3pct,18,18,0.7222222089767456,0.6969250637394822,0.2032152801528654,0.5969847852518685,0.3384615384615385,0.3384615384615385,0.025297145237263452
C_no_daily,3566,MU,3d_5pct,18,18,0.3888888955116272,0.5975163668970297,0.28071757869973285,0.7554807428352626,0.6493506493506493,0.6493506493506493,0.2086274713854025
C_no_daily,3566,MU,3d_8pct,18,18,0.2222222238779068,0.41068053930802884,0.20894044281601806,0.6102384153745017,0.44642857142857145,0.44642857142857145,0.18845831543012204
C_no_daily,3566,MU,5d_3pct,18,18,0.7222222089767456,0.7578169778361846,0.20446963248753636,0.6011830083511629,0.3230769230769231,0.3230769230769231,0.03559476885943902
C_no_daily,3566,MU,5d_5pct,18,18,0.6111111044883728,0.661596796447832,0.24281635297075083,0.6796297523226759,0.3636363636363636,0.3636363636363636,0.05048569195945918
C_no_daily,3566,MU,5d_8pct,18,18,0.4444444477558136,0.4966418268202314,0.2527522058728479,0.6986571795546335,0.4125,0.4125,0.05219737906441779
C_no_daily,3566,NVDA,1d_3pct,18,18,0.1666666716337204,0.5365882942970899,0.2754684619963404,0.7441792969970933,0.5777777777777777,0.5777777777777777,0.3699216226633695
C_no_daily,3566,NVDA,1d_5pct,18,18,0.0555555559694767,0.39372326342950603,0.1679466944516126,0.5267141574648145,0.11764705882352944,0.11764705882352944,0.33816770746002933
C_no_daily,3566,NVDA,1d_8pct,18,18,0.0,0.24253703382429834,0.05903344860617142,0.2779621257128964,,,0.24253703382429834
C_no_daily,3566,NVDA,3d_3pct,18,18,0.6111111044883728,0.7263711844505454,0.25457732855206366,0.7084983825364688,0.33766233766233766,0.33766233766233766,0.11526007996217258
C_no_daily,3566,NVDA,3d_5pct,18,18,0.2222222238779068,0.6074755061002418,0.32304975090963023,0.8418630606368593,0.1607142857142857,0.16071428571428573,0.385253282222335
C_no_daily,3566,NVDA,3d_8pct,18,18,0.1666666716337204,0.4498880073263959,0.22718632674834932,0.6475067403013023,0.0,0.0,0.2832213356926755
C_no_daily,3566,NVDA,5d_3pct,18,18,0.6666666865348816,0.7972323834121577,0.2443542479286961,0.698819993336025,0.2777777777777778,0.2777777777777778,0.13056569687727615
C_no_daily,3566,NVDA,5d_5pct,18,18,0.4444444477558136,0.7036683059817567,0.3209886722504507,0.8484862130632834,0.2625,0.2625,0.25922385822594307
C_no_daily,3566,NVDA,5d_8pct,18,18,0.2222222238779068,0.5629022288820764,0.3021666102462829,0.798379608181421,0.07142857142857142,0.07142857142857142,0.3406800050041696
C_no_daily,3566,QCOM,1d_3pct,18,18,0.2777777910232544,0.5210794439513882,0.26047082672581723,0.7141163944325142,0.4461538461538461,0.4461538461538461,0.24330165292813377
C_no_daily,3566,QCOM,1d_5pct,18,18,0.1111111119389534,0.3703939651234303,0.16437172212212556,0.5178772598074883,0.6875,0.6875,0.2592828531844769
C_no_daily,3566,QCOM,1d_8pct,18,18,0.0555555559694767,0.21515353585752126,0.07983477938994551,0.3178120669871126,0.5294117647058824,0.5294117647058824,0.15959797988804456
C_no_daily,3566,QCOM,3d_3pct,18,18,0.8333333134651184,0.6757541479983531,0.1703658635787809,0.5295565904369827,0.3777777777777778,0.3777777777777779,0.15757916546676531
C_no_daily,3566,QCOM,3d_5pct,18,18,0.5,0.5944626235583701,0.25990663865900837,0.7134040591660588,0.46913580246913583,0.4691358024691358,0.0944626235583701
C_no_daily,3566,QCOM,3d_8pct,18,18,0.1111111119389534,0.40955872020325107,0.190894445547148,0.5733188682768904,0.5,0.5,0.29844760826429767
C_no_daily,3566,QCOM,5d_3pct,18,18,1.0,0.727290135886744,0.0760933077620492,0.3200430372681182,,,0.27270986411325604
C_no_daily,3566,QCOM,5d_5pct,18,18,0.7777777910232544,0.6420706033064323,0.19481839265039586,0.5803327817735162,0.4464285714285714,0.44642857142857145,0.1357071877168221
C_no_daily,3566,QCOM,5d_8pct,18,18,0.3333333432674408,0.4849515314813777,0.2656442705653232,0.7245871427800417,0.3055555555555556,0.3055555555555556,0.1516181882139369
C_no_daily,3566,SNDK,1d_3pct,18,18,0.4444444477558136,0.5250644796933902,0.25345458311426855,0.7000616299795285,0.375,0.375,0.08062003193757661
C_no_daily,3566,SNDK,1d_5pct,18,18,0.2777777910232544,0.37187913895572927,0.21050789261777983,0.612854172067472,0.29230769230769227,0.29230769230769227,0.09410134793247488
C_no_daily,3566,SNDK,1d_8pct,18,18,0.0555555559694767,0.20505743641711757,0.0763759829011135,0.3093116035796995,0.05882352941176472,0.05882352941176472,0.14950188044764087
C_no_daily,3566,SNDK,3d_3pct,18,18,0.7777777910232544,0.6994585214695062,0.17894858755318244,0.5449000034071418,0.39285714285714285,0.39285714285714285,0.07831926955374824
C_no_daily,3566,SNDK,3d_5pct,18,18,0.6111111044883728,0.5985334560760351,0.23921557092451767,0.6714969760548943,0.18181818181818182,0.18181818181818182,0.01257764841233766
C_no_daily,3566,SNDK,3d_8pct,18,18,0.2777777910232544,0.41416491780467457,0.22414646385964737,0.6411372771848425,0.19999999999999998,0.19999999999999998,0.13638712678142018
C_no_daily,3566,SNDK,5d_3pct,18,18,0.8333333134651184,0.7608079778448706,0.1437945140058347,0.46478226581730225,0.4444444444444444,0.4444444444444444,0.07252533562024777
C_no_daily,3566,SNDK,5d_5pct,18,18,0.7777777910232544,0.6666668005622969,0.18874705233959926,0.5674596403385229,0.2857142857142857,0.2857142857142857,0.11111099046095751
C_no_daily,3566,SNDK,5d_8pct,18,18,0.5555555820465088,0.5055568848153741,0.2617356847438263,0.7166812002175388,0.1875,0.1875,0.0499986972311347
C_no_daily,3566,STX,1d_3pct,18,18,0.4444444477558136,0.5138454510595479,0.2504658549464047,0.694077221781273,0.6375000000000001,0.6375000000000001,0.06940100330373433
C_no_daily,3566,STX,1d_5pct,18,18,0.1666666716337204,0.35644663751040395,0.17552349315712015,0.5405601275216094,0.42222222222222217,0.42222222222222217,0.18977996587668355
C_no_daily,3566,STX,1d_8pct,18,18,0.0,0.19045886811027657,0.03638142504892109,0.21136930568107276,,,0.19045886811027657
C_no_daily,3566,STX,3d_3pct,18,18,0.6111111044883728,0.6581214381452424,0.23835238774672918,0.6695133173350488,0.5584415584415584,0.5584415584415584,0.047010333656869574
C_no_daily,3566,STX,3d_5pct,18,18,0.4444444477558136,0.5885707664069598,0.266285655289078,0.7260843399663004,0.6625,0.6625,0.14412631865114622
C_no_daily,3566,STX,3d_8pct,18,18,0.3888888955116272,0.3872969754981161,0.23513903314269152,0.6630423015282496,0.6103896103896104,0.6103896103896104,0.0015919200135111056
C_no_daily,3566,STX,5d_3pct,18,18,0.7222222089767456,0.7025091172505157,0.20055421407619695,0.5898760107910862,0.5076923076923077,0.5076923076923077,0.019713091726229925
C_no_daily,3566,STX,5d_5pct,18,18,0.6111111044883728,0.6190916920480163,0.2359073352307546,0.6642387902892569,0.5454545454545454,0.5454545454545454,0.007980587559643482
C_no_daily,3566,STX,5d_8pct,18,18,0.5555555820465088,0.45110532794224295,0.25877922890365646,0.7109764744788066,0.475,0.475,0.10445025410426584
C_no_daily,3566,WDC,1d_3pct,18,18,0.4444444477558136,0.5157414052372602,0.2508827256107244,0.6949111791507501,0.6125,0.6125,0.0712969574814466
C_no_daily,3566,WDC,1d_5pct,18,18,0.1111111119389534,0.3590015505178283,0.15994820815783076,0.5085376537980182,0.5625,0.5625,0.24789043857887488
C_no_daily,3566,WDC,1d_8pct,18,18,0.0,0.19254503395951644,0.037156582761413044,0.2139317453889838,,,0.19254503395951644
C_no_daily,3566,WDC,3d_3pct,18,18,0.6666666865348816,0.6649625773476578,0.21965433400812023,0.6306046121961794,0.5972222222222223,0.5972222222222223,0.0017041091872237457
C_no_daily,3566,WDC,3d_5pct,18,18,0.4444444477558136,0.5901733090111061,0.2670455285668909,0.7276519041668349,0.6375000000000001,0.6375000000000001,0.1457288612552925
C_no_daily,3566,WDC,3d_8pct,18,18,0.3333333432674408,0.39141373467639284,0.22146460340752175,0.6351371129308417,0.6805555555555556,0.6805555555555556,0.05808039140895205
C_no_daily,3566,WDC,5d_3pct,18,18,0.7777777910232544,0.7129850768167723,0.17548575281189088,0.5361489346750233,0.5714285714285714,0.5714285714285714,0.06479271420648214
C_no_daily,3566,WDC,5d_5pct,18,18,0.6111111044883728,0.6272652557842995,0.2370128928729645,0.6666650624504066,0.5324675324675324,0.5324675324675324,0.016154151295926678
C_no_daily,3566,WDC,5d_8pct,18,18,0.5,0.4599932259761758,0.24915308261895153,0.6915275851669324,0.5432098765432098,0.5432098765432098,0.04000677402382419
C_no_daily,7566,chips,1d_3pct,144,18,0.3541666567325592,0.5253044860613004,0.2591128936350933,0.7114085996517578,0.43938435589289476,0.533213644524237,0.17113782932874122
C_no_daily,7566,chips,1d_5pct,144,18,0.1666666716337204,0.37530439661700316,0.18280273579823247,0.556098326165157,0.47500000000000003,0.4879518072289157,0.20863772498328276
C_no_daily,7566,chips,1d_8pct,144,18,0.0694444477558136,0.22109818988760355,0.08834054923081744,0.33925108668837617,0.3611940298507462,0.3625,0.15165374213178995
C_no_daily,7566,chips,3d_3pct,144,18,0.6388888955116272,0.6957666542305652,0.23684296380080935,0.6686105359709128,0.43039297658862874,0.4891304347826087,0.056877758718937965
C_no_daily,7566,chips,3d_5pct,144,18,0.4791666567325592,0.5983242056330806,0.26588467391915466,0.7256330701251357,0.38724637681159424,0.5060449050086355,0.11915754890052144
C_no_daily,7566,chips,3d_8pct,144,18,0.3402777910232544,0.4245889079949666,0.2370457737591873,0.6671791535683649,0.34908700322234154,0.47770700636942676,0.08431111697171223
C_no_daily,7566,chips,5d_3pct,144,18,0.7708333134651184,0.7572090602233459,0.18324552116587206,0.556124271828352,0.37373737373737376,0.4222222222222222,0.013624253241772522
C_no_daily,7566,chips,5d_5pct,144,18,0.6319444179534912,0.667144628932051,0.2426478142562877,0.680742493488463,0.35952726518764255,0.4580896686159844,0.03520021097855974
C_no_daily,7566,chips,5d_8pct,144,18,0.4513888955116272,0.5172910277122358,0.2651370696152758,0.7235877007530345,0.3055501460564752,0.3900990099009901,0.06590213220060859
C_no_daily,7566,optics,1d_3pct,216,18,0.35648149251937866,0.5181481091267832,0.2538660311075398,0.7008929369730587,0.5722694571615435,0.5490909090909091,0.16166661660740456
C_no_daily,7566,optics,1d_5pct,216,18,0.21296297013759613,0.3690717635490824,0.18985686004622732,0.5700722938567223,0.6228900255754477,0.5950704225352113,0.15610879341148626
C_no_daily,7566,optics,1d_8pct,216,18,0.07870370149612427,0.22395426710140168,0.09422109994376902,0.35296997659272583,0.40289683712681057,0.3895582329317269,0.1452505656052774
C_no_daily,7566,optics,3d_3pct,216,18,0.5462962985038757,0.6776807533317184,0.25987797300504123,0.7149975447857331,0.6086994119681771,0.5420673076923077,0.13138445482784267
C_no_daily,7566,optics,3d_5pct,216,18,0.43981480598449707,0.5896655297274732,0.26578955606112153,0.7251002777176118,0.6173118747281426,0.5985663082437276,0.14985072374297614
C_no_daily,7566,optics,3d_8pct,216,18,0.32407405972480774,0.4114153714551747,0.22519945039412212,0.642842555138197,0.559197651663405,0.5632183908045977,0.08734131173036697
C_no_daily,7566,optics,5d_3pct,216,18,0.6342592835426331,0.7285395940093616,0.2316479843843588,0.6564318131652861,0.6488958699066801,0.5659863945578232,0.09428031046672858
C_no_daily,7566,optics,5d_5pct,216,18,0.5231481194496155,0.6440642020114685,0.257244159196327,0.7087291854726581,0.6163759773176389,0.6025477707006369,0.12091608256185304
C_no_daily,7566,optics,5d_8pct,216,18,0.3888888955116272,0.4944436312156608,0.24800883519197714,0.6891325500238229,0.5443722943722944,0.553623188405797,0.10555473570403362
C_no_daily,7566,storage,1d_3pct,72,18,0.4027777910232544,0.5163504631349132,0.25332459030157356,0.6998015106223319,0.4891740176423417,0.5377049180327869,0.11357267211165878
C_no_daily,7566,storage,1d_5pct,72,18,0.1666666716337204,0.3641061012331729,0.1778580200527962,0.5455903194281588,0.49722222222222223,0.41379310344827586,0.1974394295994525
C_no_daily,7566,storage,1d_8pct,72,18,0.013888888992369175,0.21294929791903242,0.05344393288174443,0.2579365638333222,0.2535211267605634,0.0,0.19906040892666324
C_no_daily,7566,storage,3d_3pct,72,18,0.6944444179534912,0.6795536709650923,0.2097764407751162,0.6098963919029189,0.5754545454545454,0.5222222222222223,0.014890746988398873
C_no_daily,7566,storage,3d_5pct,72,18,0.4722222089767456,0.5897929360515404,0.26173298885198615,0.7169259729884231,0.5541795665634675,0.5764331210191083,0.11757072707479477
C_no_daily,7566,storage,3d_8pct,72,18,0.3055555522441864,0.4084672678053463,0.22399842369225637,0.64063699431587,0.4572727272727272,0.5148148148148148,0.10291171556115991
C_no_daily,7566,storage,5d_3pct,72,18,0.7638888955116272,0.7346851267260708,0.18101837993632897,0.5478463383545671,0.5144385026737968,0.49783549783549785,0.029203768785556417
C_no_daily,7566,storage,5d_5pct,72,18,0.6527777910232544,0.6447750741989281,0.22573991683940767,0.6436349948754475,0.5293617021276595,0.4808362369337979,0.008002716824326295
C_no_daily,7566,storage,5d_8pct,72,18,0.5138888955116272,0.4918661895692463,0.2535069696359911,0.7002221226258849,0.4525096525096525,0.4485981308411215,0.02202270594238087
C_no_daily,7566,optics_direct,1d_3pct,108,18,0.4166666567325592,0.5168313154376735,0.25173448302179346,0.6966173349542913,0.5633156966490299,0.5658747300215983,0.10016465870511426
C_no_daily,7566,optics_direct,1d_5pct,108,18,0.28703704476356506,0.36757306021747305,0.20845696565137292,0.6081619444983452,0.6359447004608295,0.6267029972752044,0.08053601545390798
C_no_daily,7566,optics_direct,1d_8pct,108,18,0.10185185074806213,0.22465941815060403,0.10717321762448899,0.382257556401329,0.4208059981255858,0.41935483870967744,0.1228075674025419
C_no_daily,7566,optics_direct,3d_3pct,108,18,0.6296296119689941,0.6740837547187133,0.23079813534171476,0.6535601376249317,0.6117647058823529,0.5933333333333334,0.04445414274971915
C_no_daily,7566,optics_direct,3d_5pct,108,18,0.5277777910232544,0.5877850608294265,0.24961490236191378,0.6923086712359802,0.6336429308565531,0.6304801670146137,0.0600072698061721
C_no_daily,7566,optics_direct,3d_8pct,108,18,0.39814814925193787,0.40851300496970233,0.23769204132545493,0.668196878490541,0.5638640429338104,0.5513126491646778,0.010364855717764465
C_no_daily,7566,optics_direct,5d_3pct,108,18,0.7129629850387573,0.7228575875352513,0.19784133304709375,0.5825711173371211,0.6459991621281943,0.620253164556962,0.009894602496493987
C_no_daily,7566,optics_direct,5d_5pct,108,18,0.6388888955116272,0.6392929199348254,0.22278408119710158,0.6367980759978811,0.6488294314381271,0.6446469248291572,0.00040402442319820153
C_no_daily,7566,optics_direct,5d_8pct,108,18,0.49074074625968933,0.4893104222921635,0.24792315525632425,0.6889339817956848,0.5485420240137222,0.5320665083135392,0.0014303239675258483
C_no_daily,7566,optics_connectivity_chips,1d_3pct,72,18,0.3472222089767456,0.5274272284103328,0.25882913738026664,0.7108435670043386,0.5038297872340426,0.5368421052631579,0.18020501943358724
C_no_daily,7566,optics_connectivity_chips,1d_5pct,72,18,0.2083333283662796,0.37861959908633314,0.19401494889957355,0.579076328559992,0.49239766081871345,0.5373134328358209,0.17028627072005353
C_no_daily,7566,optics_connectivity_chips,1d_8pct,72,18,0.0833333358168602,0.22652187618156694,0.09841031886121669,0.3633909681390519,0.24494949494949497,0.3404255319148936,0.14318854036470674
C_no_daily,7566,optics_connectivity_chips,3d_3pct,72,18,0.5555555820465088,0.698153607310688,0.26735682743262296,0.7331093051823847,0.48203125,0.5,0.1425980252641792
C_no_daily,7566,optics_connectivity_chips,3d_5pct,72,18,0.4583333432674408,0.599781737192786,0.2691235861453132,0.7321655788595753,0.4654234654234654,0.5221843003412969,0.14144839392534525
C_no_daily,7566,optics_connectivity_chips,3d_8pct,72,18,0.3333333432674408,0.42833456702358624,0.23641279634005297,0.665927240439114,0.3993055555555556,0.521551724137931,0.09500122375614545
C_no_daily,7566,optics_connectivity_chips,5d_3pct,72,18,0.6805555820465088,0.7588595605174011,0.22424001685627143,0.6453596032258764,0.5039929015084295,0.5095057034220533,0.07830397847089232
C_no_daily,7566,optics_connectivity_chips,5d_5pct,72,18,0.5277777910232544,0.6709047938097457,0.2750860587137734,0.7481665502673562,0.4605263157894737,0.5218978102189781,0.14312700278649126
C_no_daily,7566,optics_connectivity_chips,5d_8pct,72,18,0.3888888955116272,0.5213929657844588,0.26667475919108186,0.7266785922951069,0.38636363636363635,0.5267857142857143,0.13250407027283162
C_no_daily,7566,optics_switching,1d_3pct,36,18,0.1944444477558136,0.5035402516270133,0.2503344628193254,0.6938184829668013,0.6995073891625616,0.4935064935064934,0.3090958038711997
C_no_daily,7566,optics_switching,1d_5pct,36,18,0.0,0.3544722024694089,0.125740365524098,0.43779527252531425,,,0.3544722024694089
C_no_daily,7566,optics_switching,1d_8pct,36,18,0.0,0.2167035957934641,0.04698630906671386,0.24426525407426394,,,0.2167035957934641
C_no_daily,7566,optics_switching,3d_3pct,36,18,0.2777777910232544,0.6475260412127944,0.3321597771398574,0.8630862454748335,0.6961538461538461,0.4125,0.36974825018954005
C_no_daily,7566,optics_switching,3d_5pct,36,18,0.1388888955116272,0.5750745214909878,0.3076454569903616,0.8093444948785788,0.8,0.7076923076923077,0.4361856259793606
C_no_daily,7566,optics_switching,3d_8pct,36,18,0.0833333358168602,0.38628407977476875,0.16529498570826193,0.5206102144793302,0.8888888888888888,0.8888888888888888,0.30295074395790855
C_no_daily,7566,optics_switching,5d_3pct,36,18,0.3055555522441864,0.6849456804156129,0.34788387345232863,0.9001583205286001,0.730909090909091,0.4805194805194804,0.3793901281714265
C_no_daily,7566,optics_switching,5d_5pct,36,18,0.1666666716337204,0.6046968646448432,0.32494059415911064,0.8456477843075926,0.7722222222222223,0.6527777777777778,0.4380301930111228
C_no_daily,7566,optics_switching,5d_8pct,36,18,0.0833333358168602,0.45594458884855665,0.2109340270007264,0.6146361701656688,0.898989898989899,0.8888888888888888,0.37261125303169645
C_no_daily,7566,AAOI,1d_3pct,18,18,0.3333333432674408,0.5120765377125487,0.25262680737480797,0.6984016643098777,0.5555555555555556,0.5555555555555556,0.1787431944451079
C_no_daily,7566,AAOI,1d_5pct,18,18,0.2222222238779068,0.36156227007617364,0.18826940612921597,0.5664785033725713,0.6785714285714286,0.6785714285714286,0.13934004619826684
C_no_daily,7566,AAOI,1d_8pct,18,18,0.0555555559694767,0.21638943783839348,0.07966353483029295,0.3190431024224484,0.0,0.0,0.16083388186891678
C_no_daily,7566,AAOI,3d_3pct,18,18,0.6111111044883728,0.6667065524030477,0.23660753455414904,0.6654732110702056,0.5974025974025974,0.5974025974025974,0.055595447914674856
C_no_daily,7566,AAOI,3d_5pct,18,18,0.5,0.583828976666561,0.2536666734036907,0.7004372695198916,0.617283950617284,0.617283950617284,0.08382897666656097
C_no_daily,7566,AAOI,3d_8pct,18,18,0.3333333432674408,0.40046802072507315,0.2299066636950301,0.6527524841771064,0.4305555555555556,0.4305555555555556,0.06713467745763235
C_no_daily,7566,AAOI,5d_3pct,18,18,0.6666666865348816,0.7146787255990206,0.21905377907478435,0.6281988877765345,0.6111111111111113,0.6111111111111113,0.04801203906413898
C_no_daily,7566,AAOI,5d_5pct,18,18,0.6666666865348816,0.6294194596605635,0.2182241671972035,0.6275022770873704,0.6250000000000001,0.6250000000000001,0.03724722687431814
C_no_daily,7566,AAOI,5d_8pct,18,18,0.5555555820465088,0.4791407627707426,0.26158618694569413,0.7163823053638514,0.43750000000000006,0.4375000000000001,0.07641481927576621
C_no_daily,7566,ALAB,1d_3pct,18,18,0.3888888955116272,0.508814115913181,0.24917205001725481,0.6914866748024395,0.6623376623376622,0.6623376623376622,0.11992522040155384
C_no_daily,7566,ALAB,1d_5pct,18,18,0.2222222238779068,0.35829825202035237,0.18913647180205975,0.5683117457531964,0.6428571428571429,0.6428571428571429,0.13607602814244557
C_no_daily,7566,ALAB,1d_8pct,18,18,0.1666666716337204,0.21539352296240205,0.1411424949030014,0.4576702664749753,0.5111111111111111,0.5111111111111111,0.04872685132868165
C_no_daily,7566,ALAB,3d_3pct,18,18,0.5555555820465088,0.6606009138131304,0.25352074146374853,0.7006448539144184,0.6125,0.6125,0.10504533176662156
C_no_daily,7566,ALAB,3d_5pct,18,18,0.5555555820465088,0.5811296343691792,0.24525605939320863,0.6835270512255742,0.6125,0.6125,0.025574052322670404
C_no_daily,7566,ALAB,3d_8pct,18,18,0.5555555820465088,0.3950751138311527,0.268873815263372,0.7315887848790654,0.6125,0.6125,0.1604804682153561
C_no_daily,7566,ALAB,5d_3pct,18,18,0.7222222089767456,0.7051721122152536,0.19979513096596926,0.5876968057892257,0.523076923076923,0.523076923076923,0.01705009676149205
C_no_daily,7566,ALAB,5d_5pct,18,18,0.6666666865348816,0.6206157648373967,0.22690089490728274,0.646049738786449,0.4444444444444444,0.4444444444444444,0.046050921697484926
C_no_daily,7566,ALAB,5d_8pct,18,18,0.6666666865348816,0.4697737719634934,0.263287534106188,0.7199304054686739,0.4444444444444444,0.4444444444444444,0.1968929145713882
C_no_daily,7566,AMD,1d_3pct,18,18,0.3888888955116272,0.5232541499668426,0.2544327865888734,0.7020165877801978,0.5974025974025974,0.5974025974025974,0.1343652544552154
C_no_daily,7566,AMD,1d_5pct,18,18,0.0555555559694767,0.3710357066363514,0.1528097780093158,0.494697603014565,0.11764705882352944,0.11764705882352944,0.3154801506668747
C_no_daily,7566,AMD,1d_8pct,18,18,0.0555555559694767,0.21500737213793952,0.07856780616357882,0.31596097821421165,0.11764705882352944,0.11764705882352944,0.15945181616846282
C_no_daily,7566,AMD,3d_3pct,18,18,0.5555555820465088,0.6941525045835113,0.2639330330065451,0.7241262116755511,0.5375,0.5375,0.1385969225370025
C_no_daily,7566,AMD,3d_5pct,18,18,0.4444444477558136,0.5969112749487661,0.26774484663933096,0.7290795703793578,0.6625,0.6625,0.15246682719295246
C_no_daily,7566,AMD,3d_8pct,18,18,0.3888888955116272,0.42039274685887906,0.23366928451458213,0.6601296865714636,0.6623376623376622,0.6623376623376622,0.031503851347251866
C_no_daily,7566,AMD,5d_3pct,18,18,0.7222222089767456,0.7564686368350297,0.1985280576460943,0.5847092284464774,0.5384615384615384,0.5384615384615384,0.034246427858284134
C_no_daily,7566,AMD,5d_5pct,18,18,0.6666666865348816,0.6638663601680773,0.21792772150964604,0.6266543982025503,0.5694444444444444,0.5694444444444444,0.0028003263668042733
C_no_daily,7566,AMD,5d_8pct,18,18,0.5,0.5115487011400506,0.24741056258977429,0.6879376081825054,0.45679012345679015,0.4567901234567901,0.011548701140050577
C_no_daily,7566,ANET,1d_3pct,18,18,0.3888888955116272,0.5087009366046359,0.252168619815249,0.6974858611816981,0.49350649350649345,0.4935064935064934,0.11981204109300869
C_no_daily,7566,ANET,1d_5pct,18,18,0.0,0.35903615661461225,0.1289312855348776,0.4448118829147199,,,0.35903615661461225
C_no_daily,7566,ANET,1d_8pct,18,18,0.0,0.21868693488555224,0.04782708693047842,0.2467819082375563,,,0.21868693488555224
C_no_daily,7566,ANET,3d_3pct,18,18,0.5555555820465088,0.6585601566709919,0.2587056653437087,0.712246884454655,0.41250000000000003,0.4125,0.10300457462448309
C_no_daily,7566,ANET,3d_5pct,18,18,0.2777777910232544,0.5801974721280608,0.2903288717669519,0.7745071860559701,0.7076923076923077,0.7076923076923077,0.30241968110480644
C_no_daily,7566,ANET,3d_8pct,18,18,0.1666666716337204,0.39414515296479385,0.18708127430922228,0.565318741331519,0.888888888888889,0.8888888888888888,0.22747848133107346
C_no_daily,7566,ANET,5d_3pct,18,18,0.6111111044883728,0.6995932835238196,0.24552027813007538,0.6859705820263203,0.48051948051948046,0.4805194805194804,0.08848217903544675
C_no_daily,7566,ANET,5d_5pct,18,18,0.3333333432674408,0.6181492977144163,0.29952340819725465,0.7941288680379197,0.6527777777777778,0.6527777777777778,0.2848159544469755
C_no_daily,7566,ANET,5d_8pct,18,18,0.1666666716337204,0.46770507399493016,0.22386967824815585,0.6407648775792089,0.888888888888889,0.8888888888888888,0.30103840236120977
C_no_daily,7566,ARM,1d_3pct,18,18,0.5555555820465088,0.5102965268068114,0.24697011548125936,0.6870828362189787,0.65,0.65,0.04525905523969742
C_no_daily,7566,ARM,1d_5pct,18,18,0.2222222238779068,0.3589462951087532,0.1913935288039233,0.5731890104347505,0.5178571428571428,0.5178571428571428,0.1367240712308464
C_no_daily,7566,ARM,1d_8pct,18,18,0.0555555559694767,0.21095213454423248,0.07723132772975194,0.3119914977838281,0.17647058823529416,0.17647058823529416,0.15539657857475578
C_no_daily,7566,ARM,3d_3pct,18,18,0.7777777910232544,0.6667563498265596,0.18048023755766898,0.5486857929997547,0.7321428571428572,0.7321428571428571,0.11102144119669477
C_no_daily,7566,ARM,3d_5pct,18,18,0.6666666865348816,0.5839241310175847,0.22748461741687523,0.6476624500781704,0.5833333333333333,0.5833333333333333,0.08274255551729692
C_no_daily,7566,ARM,3d_8pct,18,18,0.6111111044883728,0.3980856606430095,0.28019320668816783,0.7545452015058458,0.5584415584415584,0.5584415584415584,0.21302544384536332
C_no_daily,7566,ARM,5d_3pct,18,18,0.8888888955116272,0.7155940197419697,0.12809308396177602,0.43454617846012655,0.5,0.5,0.17329487576965752
C_no_daily,7566,ARM,5d_5pct,18,18,0.7777777910232544,0.6276450572840988,0.19278319351530313,0.5758313748462666,0.5357142857142857,0.5357142857142857,0.1501327337391556
C_no_daily,7566,ARM,5d_8pct,18,18,0.6666666865348816,0.47602346832583553,0.25751679611513034,0.7082570169464275,0.4444444444444444,0.4444444444444444,0.19064321820904606
C_no_daily,7566,AVGO,1d_3pct,18,18,0.2222222238779068,0.539053886846799,0.27313121295858933,0.7395083082863418,0.48214285714285715,0.48214285714285715,0.3168316629688922
C_no_daily,7566,AVGO,1d_5pct,18,18,0.0555555559694767,0.3914058802086696,0.1656047899902375,0.5218275861928658,0.2941176470588235,0.2941176470588235,0.3358503242391929
C_no_daily,7566,AVGO,1d_8pct,18,18,0.0,0.23281617739386867,0.05421758747780664,0.2650409205955946,,,0.23281617739386867
C_no_daily,7566,AVGO,3d_3pct,18,18,0.3888888955116272,0.7220467674986785,0.3491623826899901,0.9103955027876984,0.42857142857142855,0.42857142857142855,0.33315787198705127
C_no_daily,7566,AVGO,3d_5pct,18,18,0.2222222238779068,0.611573043126322,0.3246737916841125,0.8452892068140332,0.39285714285714285,0.39285714285714285,0.3893508192484152
C_no_daily,7566,AVGO,3d_8pct,18,18,0.0,0.44955330754649103,0.20213115725647948,0.5970796063531806,,,0.44955330754649103
C_no_daily,7566,AVGO,5d_3pct,18,18,0.5,0.7937978201911634,0.3380050145054157,0.9102436293091779,0.34567901234567905,0.34567901234567905,0.2937978201911634
C_no_daily,7566,AVGO,5d_5pct,18,18,0.2222222238779068,0.7029871806342718,0.40456533939213396,1.0240849575023432,0.4285714285714286,0.42857142857142855,0.480764956756365
C_no_daily,7566,AVGO,5d_8pct,18,18,0.0,0.5547203909275155,0.30778128811486327,0.8092208849980346,,,0.5547203909275155
C_no_daily,7566,AXTI,1d_3pct,18,18,0.5,0.5190717845875613,0.25068974775105896,0.6945245013040926,0.4938271604938272,0.49382716049382713,0.019071784587561313
C_no_daily,7566,AXTI,1d_5pct,18,18,0.5,0.3694217102443959,0.2672629214583508,0.7289929046520754,0.4938271604938272,0.49382716049382713,0.1305782897556041
C_no_daily,7566,AXTI,1d_8pct,18,18,0.3333333432674408,0.22361339529362073,0.2339896494526904,0.6673815054546284,0.4722222222222222,0.4722222222222222,0.10971994797382006
C_no_daily,7566,AXTI,3d_3pct,18,18,0.6111111044883728,0.6787655013745598,0.24476094188456254,0.6841082997735725,0.42857142857142855,0.42857142857142855,0.06765439688618702
C_no_daily,7566,AXTI,3d_5pct,18,18,0.6111111044883728,0.5900928883220876,0.23924264363593106,0.6715140797654148,0.42857142857142855,0.42857142857142855,0.021018216166285186
C_no_daily,7566,AXTI,3d_8pct,18,18,0.6111111044883728,0.4115946321712587,0.2796523462509117,0.7533994626732221,0.42857142857142855,0.42857142857142855,0.1995164723171141
C_no_daily,7566,AXTI,5d_3pct,18,18,0.7222222089767456,0.7304063990399154,0.20525848019548157,0.6024579330608737,0.38461538461538464,0.38461538461538464,0.008184190063169838
C_no_daily,7566,AXTI,5d_5pct,18,18,0.7222222089767456,0.6452424192803794,0.21093552816045616,0.6136940040521628,0.38461538461538464,0.38461538461538464,0.07697978969636621
C_no_daily,7566,AXTI,5d_8pct,18,18,0.6666666865348816,0.4958378330383623,0.2563161477480212,0.7058067438472873,0.3888888888888889,0.3888888888888889,0.17082885349651927
C_no_daily,7566,CIEN,1d_3pct,18,18,0.3888888955116272,0.5155575557641873,0.25079640004462633,0.6947480152559645,0.6493506493506493,0.6493506493506493,0.12666866025256007
C_no_daily,7566,CIEN,1d_5pct,18,18,0.2222222238779068,0.36806702630513305,0.19165669953449693,0.5737129799873883,0.6607142857142857,0.6607142857142857,0.14584480242722625
C_no_daily,7566,CIEN,1d_8pct,18,18,0.0555555559694767,0.22838818506556574,0.08145278457133247,0.3242556547004677,0.8235294117647058,0.8235294117647058,0.17283262909608904
C_no_daily,7566,CIEN,3d_3pct,18,18,0.6666666865348816,0.6703339570893821,0.2063708431411174,0.6011588279847483,0.8472222222222223,0.8472222222222223,0.003667270554500557
C_no_daily,7566,CIEN,3d_5pct,18,18,0.5,0.5864507896443889,0.25299222807180205,0.699140087625814,0.7160493827160495,0.7160493827160495,0.0864507896443889
C_no_daily,7566,CIEN,3d_8pct,18,18,0.3888888955116272,0.4070689938162833,0.23130478655074974,0.6549590189130385,0.7272727272727273,0.7272727272727273,0.01818009830465611
C_no_daily,7566,CIEN,5d_3pct,18,18,0.7222222089767456,0.7148814685054843,0.172341020653434,0.5222736426281885,0.9846153846153847,0.9846153846153847,0.00734074047126132
C_no_daily,7566,CIEN,5d_5pct,18,18,0.6111111044883728,0.6345126098665266,0.21762937670010438,0.6251661110141434,0.8571428571428571,0.8571428571428571,0.023401505378153775
C_no_daily,7566,CIEN,5d_8pct,18,18,0.4444444477558136,0.48531666073962954,0.23496584299964546,0.6628892130216909,0.75,0.75,0.040872212983815936
C_no_daily,7566,COHR,1d_3pct,18,18,0.4444444477558136,0.5183961539862311,0.2506518442776577,0.6944450058790278,0.55,0.55,0.07395170623041747
C_no_daily,7566,COHR,1d_5pct,18,18,0.3888888955116272,0.3681369873430733,0.23468673773428042,0.6619315565423851,0.6103896103896105,0.6103896103896105,0.02075190816855388
C_no_daily,7566,COHR,1d_8pct,18,18,0.1111111119389534,0.22387683744776948,0.11230240725661919,0.3938119414210315,0.4375,0.4375,0.11276572550881608
C_no_daily,7566,COHR,3d_3pct,18,18,0.6666666865348816,0.6774358513611993,0.21903379272376397,0.6288923467319606,0.5833333333333335,0.5833333333333335,0.010769164826317734
C_no_daily,7566,COHR,3d_5pct,18,18,0.5555555820465088,0.5890705727525823,0.2441076278845132,0.6811096306807116,0.6625,0.6625,0.033514990706073555
C_no_daily,7566,COHR,3d_8pct,18,18,0.4444444477558136,0.4105024925382234,0.24803020616622712,0.6893158328518695,0.475,0.475,0.03394195521759019
C_no_daily,7566,COHR,5d_3pct,18,18,0.7222222089767456,0.7286647967940163,0.19731570373338903,0.5817669408391858,0.5846153846153846,0.5846153846153846,0.006442587817270695
C_no_daily,7566,COHR,5d_5pct,18,18,0.6666666865348816,0.6434491380196931,0.21628859071966056,0.6231551585959175,0.638888888888889,0.638888888888889,0.023217548515188535
C_no_daily,7566,COHR,5d_8pct,18,18,0.5555555820465088,0.4926231927531788,0.2545881693616878,0.7023321008553185,0.45000000000000007,0.45000000000000007,0.06293238929333
C_no_daily,7566,CRDO,1d_3pct,18,18,0.3333333432674408,0.52699108556912,0.2572726210627738,0.7077241943888963,0.6111111111111112,0.6111111111111112,0.1936577423016792
C_no_daily,7566,CRDO,1d_5pct,18,18,0.2222222238779068,0.3791447095713948,0.19707478610182086,0.5852834224415062,0.5535714285714286,0.5535714285714286,0.156922485693488
C_no_daily,7566,CRDO,1d_8pct,18,18,0.0555555559694767,0.22888068198262734,0.08436466484596221,0.3323690295582835,0.17647058823529416,0.17647058823529416,0.17332512601315064
C_no_daily,7566,CRDO,3d_3pct,18,18,0.5555555820465088,0.696258239543717,0.26364057438638944,0.7245083261436178,0.6125,0.6125,0.14070265749720823
C_no_daily,7566,CRDO,3d_5pct,18,18,0.4444444477558136,0.5991056676256086,0.267853942344216,0.7293908817753594,0.65,0.65,0.15466121986979497
C_no_daily,7566,CRDO,3d_8pct,18,18,0.3333333432674408,0.4274817663347975,0.22325648693187825,0.638974090332574,0.7083333333333334,0.7083333333333334,0.09414842306735671
C_no_daily,7566,CRDO,5d_3pct,18,18,0.6666666865348816,0.7546160915939956,0.21444850874036905,0.6155404729637488,0.8333333333333334,0.8333333333333334,0.08794940505911397
C_no_daily,7566,CRDO,5d_5pct,18,18,0.5,0.6683629782371406,0.2648819091865598,0.7238418693674233,0.7530864197530864,0.7530864197530864,0.16836297823714064
C_no_daily,7566,CRDO,5d_8pct,18,18,0.3333333432674408,0.5188758808245427,0.24513021581547084,0.6834064773557992,0.7083333333333334,0.7083333333333334,0.18554253755710193
C_no_daily,7566,CSCO,1d_3pct,18,18,0.0,0.4983795666493909,0.2485003058234018,0.6901511047519047,,,0.4983795666493909
C_no_daily,7566,CSCO,1d_5pct,18,18,0.0,0.34990824832420564,0.12254944551331845,0.43077866213590854,,,0.34990824832420564
C_no_daily,7566,CSCO,1d_8pct,18,18,0.0,0.21472025670137587,0.0461455312029493,0.24174859991097153,,,0.21472025670137587
C_no_daily,7566,CSCO,3d_3pct,18,18,0.0,0.6364919257545966,0.40561388893600614,1.013925606495012,,,0.6364919257545966
C_no_daily,7566,CSCO,3d_5pct,18,18,0.0,0.5699515708539147,0.3249620422137713,0.8441818037011876,,,0.5699515708539147
C_no_daily,7566,CSCO,3d_8pct,18,18,0.0,0.3784230065847437,0.14350869710730163,0.4759016876271416,,,0.3784230065847437
C_no_daily,7566,CSCO,5d_3pct,18,18,0.0,0.6702980773074061,0.45024746877458177,1.1143460590308802,,,0.6702980773074061
C_no_daily,7566,CSCO,5d_5pct,18,18,0.0,0.5912444315752698,0.3503577801209665,0.8971667005772657,,,0.5912444315752698
C_no_daily,7566,CSCO,5d_8pct,18,18,0.0,0.44418410370218314,0.19799837575329685,0.5885074627521291,,,0.44418410370218314
C_no_daily,7566,FN,1d_3pct,18,18,0.3333333432674408,0.5119725401856695,0.25874344785391795,0.7106611370204834,0.3333333333333333,0.3333333333333333,0.17863919691822872
C_no_daily,7566,FN,1d_5pct,18,18,0.1111111119389534,0.3657595005044404,0.1615650205223515,0.5118743555040666,0.71875,0.71875,0.254648388565487
C_no_daily,7566,FN,1d_8pct,18,18,0.0,0.23284194057038665,0.054339766400544026,0.2651688226354452,,,0.23284194057038665
C_no_daily,7566,FN,3d_3pct,18,18,0.5555555820465088,0.659949379109102,0.25922073238585563,0.713432054634734,0.44999999999999996,0.45,0.10439379706259322
C_no_daily,7566,FN,3d_5pct,18,18,0.4444444477558136,0.5817168995253,0.2619887552399938,0.7172735088920789,0.625,0.625,0.13727245176948644
C_no_daily,7566,FN,3d_8pct,18,18,0.1111111119389534,0.4012733640998679,0.18518363571879726,0.5614410567468266,0.5625,0.5625,0.2901622521609145
C_no_daily,7566,FN,5d_3pct,18,18,0.6666666865348816,0.6989275931160556,0.22213841800362186,0.6365592426637652,0.5277777777777778,0.5277777777777778,0.032260906581173976
C_no_daily,7566,FN,5d_5pct,18,18,0.5,0.6224459783345435,0.2559515412248883,0.7051083890190105,0.654320987654321,0.654320987654321,0.12244597833454351
C_no_daily,7566,FN,5d_8pct,18,18,0.1111111119389534,0.474976817957275,0.23522547271577304,0.6633608793323578,0.5625,0.5625,0.3638657060183216
C_no_daily,7566,INTC,1d_3pct,18,18,0.3888888955116272,0.5305757292175886,0.25780200714900015,0.7087725996688635,0.4545454545454546,0.45454545454545453,0.14168683370596136
C_no_daily,7566,INTC,1d_5pct,18,18,0.2777777910232544,0.380012817825435,0.21097247788735865,0.613825650947361,0.46153846153846156,0.46153846153846156,0.1022350268021806
C_no_daily,7566,INTC,1d_8pct,18,18,0.1111111119389534,0.2206663611452828,0.11065284966271635,0.38919413779515327,0.46875,0.46875,0.10955524920632939
C_no_daily,7566,INTC,3d_3pct,18,18,0.6666666865348816,0.7074819534724944,0.22284974573198424,0.6378942800912578,0.5694444444444444,0.5694444444444444,0.04081526693761284
C_no_daily,7566,INTC,3d_5pct,18,18,0.6111111044883728,0.6040725683638697,0.2370597944767738,0.6669998428490957,0.5844155844155845,0.5844155844155845,0.007038536124503114
C_no_daily,7566,INTC,3d_8pct,18,18,0.4444444477558136,0.4335386254467325,0.24540657618348297,0.6839128507260492,0.5625,0.5625,0.010905822309081104
C_no_daily,7566,INTC,5d_3pct,18,18,0.8333333134651184,0.775440502981641,0.14128347156881016,0.45801853029070955,0.6000000000000001,0.6000000000000001,0.057892810483477386
C_no_daily,7566,INTC,5d_5pct,18,18,0.7777777910232544,0.6826323867647708,0.1808737927146658,0.5495663617467798,0.5714285714285714,0.5714285714285714,0.09514540425848361
C_no_daily,7566,INTC,5d_8pct,18,18,0.6666666865348816,0.5335560847633937,0.23952206337873927,0.6721375677398145,0.45833333333333337,0.4583333333333333,0.13311060177148792
C_no_daily,7566,LITE,1d_3pct,18,18,0.5,0.5239133203898428,0.246898650828692,0.6869236859563022,0.7901234567901234,0.7901234567901234,0.02391332038984284
C_no_daily,7566,LITE,1d_5pct,18,18,0.2777777910232544,0.3724908668316224,0.2073010085295422,0.605981366931584,0.6923076923076924,0.6923076923076924,0.09471307580836802
C_no_daily,7566,LITE,1d_8pct,18,18,0.0555555559694767,0.22284671268788817,0.08129116323545475,0.3238843117739529,0.17647058823529416,0.17647058823529416,0.16729115671841147
C_no_daily,7566,LITE,3d_3pct,18,18,0.6666666865348816,0.6913112869749886,0.21879496736083986,0.6282960855543693,0.6805555555555556,0.6805555555555556,0.024644600440106967
C_no_daily,7566,LITE,3d_5pct,18,18,0.5555555820465088,0.595550238065639,0.24569148593555168,0.6843774509319704,0.725,0.725,0.039994656019130215
C_no_daily,7566,LITE,3d_8pct,18,18,0.5,0.42017052646750713,0.2520746095710137,0.6973134155811835,0.6790123456790124,0.6790123456790124,0.07982947353249287
C_no_daily,7566,LITE,5d_3pct,18,18,0.7777777910232544,0.7495865421570175,0.17094059662185154,0.524170057054179,0.6428571428571428,0.6428571428571429,0.028191248866236918
C_no_daily,7566,LITE,5d_5pct,18,18,0.6666666865348816,0.660687914447247,0.21767528318029675,0.6261625162186814,0.6666666666666667,0.6666666666666667,0.005978772087634643
C_no_daily,7566,LITE,5d_8pct,18,18,0.6111111044883728,0.507967266493793,0.24485711176712396,0.6828326483536035,0.6103896103896104,0.6103896103896104,0.10314383799457982
C_no_daily,7566,MRVL,1d_3pct,18,18,0.4444444477558136,0.534849825312231,0.2557406654824487,0.7046550905396762,0.38749999999999996,0.38749999999999996,0.09040537755641742
C_no_daily,7566,MRVL,1d_5pct,18,18,0.3333333432674408,0.38562955454491554,0.22424374770417607,0.6408825598523998,0.5,0.5,0.05229621127747475
C_no_daily,7566,MRVL,1d_8pct,18,18,0.1111111119389534,0.22899712238736974,0.1139165282180965,0.3984836559273543,0.1875,0.1875,0.11788601044841635
C_no_daily,7566,MRVL,3d_3pct,18,18,0.7222222089767456,0.7137085083872263,0.20310361119036346,0.5968885378838042,0.3076923076923077,0.3076923076923077,0.00851370058951928
C_no_daily,7566,MRVL,3d_5pct,18,18,0.6111111044883728,0.6073186036500343,0.2387105511597154,0.6704551756233342,0.38961038961038963,0.38961038961038963,0.003792500838338486
C_no_daily,7566,MRVL,3d_8pct,18,18,0.4444444477558136,0.4412280803819035,0.2513897259084823,0.6960664801916361,0.2625,0.2625,0.003216367373910123
C_no_daily,7566,MRVL,5d_3pct,18,18,0.8333333134651184,0.781852218069192,0.14471141321333156,0.4679575048413526,0.26666666666666666,0.26666666666666666,0.05148109539592638
C_no_daily,7566,MRVL,5d_5pct,18,18,0.7222222089767456,0.6916532515301733,0.20399609136911703,0.5986896354132095,0.39999999999999997,0.39999999999999997,0.030568957446572287
C_no_daily,7566,MRVL,5d_8pct,18,18,0.5555555820465088,0.542201819422284,0.25049999872780526,0.6941566013579198,0.4375,0.4375,0.01335376262422483
C_no_daily,7566,MU,1d_3pct,18,18,0.2777777910232544,0.5246038608522223,0.261785470910884,0.716739498110068,0.4461538461538462,0.4461538461538462,0.24682606982896793
C_no_daily,7566,MU,1d_5pct,18,18,0.1111111119389534,0.3717328170000183,0.16682722776619346,0.5233884366006021,0.53125,0.53125,0.2606217050610649
C_no_daily,7566,MU,1d_8pct,18,18,0.0,0.2131428864594864,0.04543883471443928,0.23971582028553318,,,0.2131428864594864
C_no_daily,7566,MU,3d_3pct,18,18,0.7222222089767456,0.6986125583082776,0.2025943830784172,0.5955212816547317,0.38461538461538464,0.38461538461538464,0.023609650668467985
C_no_daily,7566,MU,3d_5pct,18,18,0.3888888955116272,0.5990626069385576,0.28087501652108277,0.7558071056961555,0.7142857142857143,0.7142857142857143,0.21017371142693042
C_no_daily,7566,MU,3d_8pct,18,18,0.2222222238779068,0.42330666047951643,0.21366763995938579,0.6199580534232254,0.4642857142857143,0.4642857142857143,0.20108443660160963
C_no_daily,7566,MU,5d_3pct,18,18,0.7222222089767456,0.7638388971877136,0.2043924952714116,0.6010401987303814,0.4,0.4,0.04161668821096798
C_no_daily,7566,MU,5d_5pct,18,18,0.6111111044883728,0.6696317087396458,0.24273081190672366,0.6794862500495689,0.42857142857142855,0.42857142857142855,0.058520604251273034
C_no_daily,7566,MU,5d_8pct,18,18,0.4444444477558136,0.5168172140036633,0.2537237129482827,0.7005964503757907,0.4625,0.4625,0.07237276624784972
C_no_daily,7566,NVDA,1d_3pct,18,18,0.1666666716337204,0.5390458531564293,0.27724533397066803,0.7477544785509836,0.6,0.6,0.3723791815227089
C_no_daily,7566,NVDA,1d_5pct,18,18,0.0555555559694767,0.3905651098156102,0.16573528228123585,0.5220897205823464,0.11764705882352944,0.11764705882352944,0.3350095538461335
C_no_daily,7566,NVDA,1d_8pct,18,18,0.0,0.22909237019411213,0.05253069189632926,0.26022638399399506,,,0.22909237019411213
C_no_daily,7566,NVDA,3d_3pct,18,18,0.6111111044883728,0.7229839770263476,0.252885352771332,0.7042038486055997,0.33766233766233766,0.33766233766233766,0.11187287253797484
C_no_daily,7566,NVDA,3d_5pct,18,18,0.2222222238779068,0.611747504590674,0.3267096873846287,0.8495693114357371,0.19642857142857142,0.19642857142857142,0.38952528071276715
C_no_daily,7566,NVDA,3d_8pct,18,18,0.1666666716337204,0.44959645772479057,0.22463127229600913,0.6423350776030959,0.0,0.0,0.28292978609107017
C_no_daily,7566,NVDA,5d_3pct,18,18,0.6666666865348816,0.7967469850048974,0.2426064369670038,0.6933409848230655,0.26388888888888884,0.26388888888888884,0.1300802984700158
C_no_daily,7566,NVDA,5d_5pct,18,18,0.4444444477558136,0.7043096988175681,0.32027069767396465,0.8467637363430865,0.26249999999999996,0.26249999999999996,0.2598652510617545
C_no_daily,7566,NVDA,5d_8pct,18,18,0.2222222238779068,0.556757952256612,0.292471392351994,0.7786162539585281,0.07142857142857142,0.07142857142857142,0.33453572837870515
C_no_daily,7566,QCOM,1d_3pct,18,18,0.2777777910232544,0.5165458012705214,0.25840897743265306,0.7099922213665812,0.43076923076923074,0.43076923076923074,0.23876801024726702
C_no_daily,7566,QCOM,1d_5pct,18,18,0.1111111119389534,0.3665415567759376,0.16252580990755286,0.5139627325437713,0.6875,0.6875,0.2554304448369842
C_no_daily,7566,QCOM,1d_8pct,18,18,0.0555555559694767,0.2158604583356213,0.07846510779525868,0.31544085272189687,0.5294117647058824,0.5294117647058824,0.1603049023661446
C_no_daily,7566,QCOM,3d_3pct,18,18,0.8333333134651184,0.6784022592365736,0.16880860599484246,0.5260452598092189,0.3777777777777778,0.3777777777777779,0.1549310542285448
C_no_daily,7566,QCOM,3d_5pct,18,18,0.5,0.5899168849982148,0.25943804319859187,0.7124819525957823,0.5061728395061729,0.5061728395061729,0.08991688499821482
C_no_daily,7566,QCOM,3d_8pct,18,18,0.1111111119389534,0.40924127152677403,0.19007115196292246,0.5717755407165824,0.5,0.5,0.29813015958782063
C_no_daily,7566,QCOM,5d_3pct,18,18,1.0,0.7326001867476193,0.07294156049857595,0.3124813126666805,,,0.2673998132523807
C_no_daily,7566,QCOM,5d_5pct,18,18,0.7777777910232544,0.6434473314200513,0.19386478296818824,0.57829974506702,0.5178571428571428,0.5178571428571428,0.1343304596032031
C_no_daily,7566,QCOM,5d_8pct,18,18,0.3333333432674408,0.4937460328987011,0.26260692153771215,0.7184452673723715,0.33333333333333337,0.33333333333333337,0.16041268963126032
C_no_daily,7566,SNDK,1d_3pct,18,18,0.4444444477558136,0.5249513669402768,0.2532599524508055,0.6996704639572494,0.42500000000000004,0.425,0.08050691918446318
C_no_daily,7566,SNDK,1d_5pct,18,18,0.2777777910232544,0.3723826893927223,0.21024294734397853,0.6122843840023072,0.32307692307692304,0.32307692307692304,0.0946048983694679
C_no_daily,7566,SNDK,1d_8pct,18,18,0.0555555559694767,0.2166806846781988,0.07928136065340305,0.31806612221920794,0.0,0.0,0.1611251287087221
C_no_daily,7566,SNDK,3d_3pct,18,18,0.7777777910232544,0.6972819865056308,0.17886598199633252,0.544759257459581,0.4642857142857143,0.4642857142857143,0.08049580451762361
C_no_daily,7566,SNDK,3d_5pct,18,18,0.6111111044883728,0.5982623835958626,0.2397906007092432,0.6726911413546915,0.23376623376623376,0.23376623376623376,0.012848720892510213
C_no_daily,7566,SNDK,3d_8pct,18,18,0.2777777910232544,0.4232077733277106,0.22557603306864576,0.6440384557501353,0.2153846153846154,0.2153846153846154,0.1454299823044562
C_no_daily,7566,SNDK,5d_3pct,18,18,0.8333333134651184,0.7606314828566488,0.14348625850915053,0.46402502993449907,0.5111111111111111,0.5111111111111111,0.07270183060846958
C_no_daily,7566,SNDK,5d_5pct,18,18,0.7777777910232544,0.668130405085599,0.18756053614231974,0.5648103920592837,0.375,0.375,0.10964738593765544
C_no_daily,7566,SNDK,5d_8pct,18,18,0.5555555820465088,0.5146146017966233,0.25602204684733,0.705236286244428,0.2875,0.2875,0.04094098024988546
C_no_daily,7566,STX,1d_3pct,18,18,0.4444444477558136,0.5061727404128954,0.24871604407022974,0.6905770901624374,0.625,0.625,0.061728292657081796
C_no_daily,7566,STX,1d_5pct,18,18,0.1666666716337204,0.3548524093452482,0.17512309351093228,0.5396956646253979,0.3777777777777777,0.3777777777777777,0.1881857377115278
C_no_daily,7566,STX,1d_8pct,18,18,0.0,0.21128963287583985,0.04465501652483636,0.23736553259893864,,,0.21128963287583985
C_no_daily,7566,STX,3d_3pct,18,18,0.6111111044883728,0.6572930613393668,0.23820852303827061,0.6691764422421324,0.5714285714285714,0.5714285714285714,0.04618195685099402
C_no_daily,7566,STX,3d_5pct,18,18,0.4444444477558136,0.579102574559673,0.2625787179762498,0.7184661260129508,0.6625,0.6625,0.13465812680385936
C_no_daily,7566,STX,3d_8pct,18,18,0.3888888955116272,0.3909904533367019,0.23529436393684447,0.6634014381037692,0.6103896103896104,0.6103896103896104,0.002101557825074707
C_no_daily,7566,STX,5d_3pct,18,18,0.7222222089767456,0.7010736645951708,0.2007444994517028,0.5902931092721002,0.5230769230769231,0.5230769230769231,0.021148544381574763
C_no_daily,7566,STX,5d_5pct,18,18,0.6111111044883728,0.615906400863196,0.23624702693798857,0.6648982933132213,0.5454545454545454,0.5454545454545454,0.0047952963748232325
C_no_daily,7566,STX,5d_8pct,18,18,0.5555555820465088,0.46321029553781845,0.2566851132868002,0.7066785221215911,0.475,0.475,0.09234528650869034
C_no_daily,7566,WDC,1d_3pct,18,18,0.4444444477558136,0.5096738843342586,0.24953689377437482,0.6922189902595723,0.6375,0.6375,0.06522943657844504
C_no_daily,7566,WDC,1d_5pct,18,18,0.1111111119389534,0.35745648919470296,0.15923881159008035,0.5069927924843279,0.53125,0.53125,0.24634537725574956
C_no_daily,7566,WDC,1d_8pct,18,18,0.0,0.21068398766260454,0.044400519634299,0.23659878022960884,,,0.21068398766260454
C_no_daily,7566,WDC,3d_3pct,18,18,0.6666666865348816,0.6650270777070945,0.2194368749874443,0.6301285862552306,0.638888888888889,0.638888888888889,0.0016396088277871312
C_no_daily,7566,WDC,3d_5pct,18,18,0.4444444477558136,0.5827441791120684,0.2636876202013687,0.7207395188898944,0.6875,0.6875,0.13829973135625484
C_no_daily,7566,WDC,3d_8pct,18,18,0.3333333432674408,0.3963641840774563,0.22145565780414928,0.6351500299863498,0.7222222222222222,0.7222222222222222,0.06303084081001553
C_no_daily,7566,WDC,5d_3pct,18,18,0.7777777910232544,0.7131964622647498,0.17545026651305093,0.5360270154812876,0.5714285714285714,0.5714285714285714,0.06458132875850464
C_no_daily,7566,WDC,5d_5pct,18,18,0.6111111044883728,0.6254317821072716,0.23642129237059872,0.6653450440797162,0.5454545454545454,0.5454545454545454,0.01432067761889877
C_no_daily,7566,WDC,5d_8pct,18,18,0.5,0.4728226469388805,0.24759700546155164,0.6883772317617297,0.5679012345679012,0.5679012345679012,0.027177353061119514
