round,route,fold,group,target,mechanism,accepted,n,dates,stocks,brier,logloss,observed,predicted,mean_gap,auc,within_auc
0,B_group,dev1,chips,1d_3pct,matched_R0,True,152,19,8,0.24301660322623064,0.6801056427949564,0.4934210479259491,0.4512771573857298,0.042143890540219275,0.6128138528138528,0.41721854304635764
0,B_group,dev1,chips,1d_5pct,matched_R0,True,152,19,8,0.20967505362134903,0.6000630455186862,0.30921053886413574,0.31564349876099773,0.0064329598968619894,0.6281661600810537,0.4068441064638783
0,B_group,dev1,chips,1d_8pct,matched_R0,True,152,19,8,0.11389683182345534,0.38439371084696705,0.125,0.12355451268184894,0.0014454873181510564,0.5631183221210921,0.33793103448275863
0,B_group,dev1,chips,3d_3pct,matched_R0,True,152,19,8,0.20313640822770657,0.5951977254270867,0.6907894611358643,0.7800251461993718,0.08923568506350754,0.6792299898682876,0.5064102564102564
0,B_group,dev1,chips,3d_5pct,matched_R0,True,152,19,8,0.2216601787115418,0.6343006846773798,0.5394737124443054,0.5814152922756612,0.041941579831355824,0.6841463414634147,0.5501730103806228
0,B_group,dev1,chips,3d_8pct,matched_R0,True,152,19,8,0.19402214995152178,0.5641436064456876,0.32894736528396606,0.3859363609120515,0.05698899562808546,0.7064705882352941,0.5245283018867924
0,B_group,dev1,chips,5d_3pct,matched_R0,True,152,19,8,0.1966656530987408,0.5829073089930583,0.7302631735801697,0.8646320251997567,0.134368851619587,0.7688420127444519,0.6875
0,B_group,dev1,chips,5d_5pct,matched_R0,True,152,19,8,0.26170108028330197,0.7310469779828994,0.6118420958518982,0.8086449058836899,0.19680281003179168,0.6983779843265902,0.5612648221343873
0,B_group,dev1,chips,5d_8pct,matched_R0,True,152,19,8,0.2105469782887483,0.6086851157204446,0.44078946113586426,0.44114452465865944,0.00035506352279518483,0.7478489903424056,0.5848375451263538
0,B_group,dev1,optics,1d_3pct,matched_R0,True,228,19,12,0.2348049274020538,0.6616387366265536,0.5745614171028137,0.48506338141073274,0.08949803569208098,0.638703077044149,0.4649321266968326
0,B_group,dev1,optics,1d_5pct,matched_R0,True,228,19,12,0.20672590580545172,0.594406452731127,0.35087719559669495,0.35437941814236845,0.0035022225456735057,0.675929054054054,0.4587378640776699
0,B_group,dev1,optics,1d_8pct,matched_R0,True,228,19,12,0.12119466829953163,0.3928224035427787,0.14473684132099152,0.15350436296204734,0.00876752164105582,0.6512043512043513,0.425
0,B_group,dev1,optics,3d_3pct,matched_R0,True,228,19,12,0.1788097648744593,0.5378201459252662,0.7105262875556946,0.7622875125806725,0.05176122502497793,0.732697343808455,0.5712166172106825
0,B_group,dev1,optics,3d_5pct,matched_R0,True,228,19,12,0.23315643991462687,0.6627750349599477,0.5175438523292542,0.6058135573509226,0.08826970502166842,0.6564714946070879,0.48306997742663654
0,B_group,dev1,optics,3d_8pct,matched_R0,True,228,19,12,0.21094056695709515,0.6030873703875951,0.359649121761322,0.4193295213164092,0.059680399555087194,0.6808386234547278,0.48693586698337293
0,B_group,dev1,optics,5d_3pct,matched_R0,True,228,19,12,0.17013644844409928,0.5211485477198031,0.7543859481811523,0.8438319414643647,0.08944599328321234,0.7196843853820598,0.5641447368421053
0,B_group,dev1,optics,5d_5pct,matched_R0,True,228,19,12,0.2592492885800245,0.7327790030228541,0.5789473652839661,0.7954445539128269,0.2164971886288608,0.7343749999999999,0.624113475177305
0,B_group,dev1,optics,5d_8pct,matched_R0,True,228,19,12,0.21845239085241375,0.6277584521271623,0.4385964870452881,0.46588137176757294,0.027284884722284852,0.7221875,0.5718457943925234
0,B_group,dev1,storage,1d_3pct,matched_R0,True,76,19,4,0.2904679006682103,0.7791767758639793,0.6184210777282715,0.5022291292538588,0.11619194847441272,0.3653705062362436,0.34911242603550297
0,B_group,dev1,storage,1d_5pct,matched_R0,True,76,19,4,0.2539532341796142,0.7034395194164977,0.3947368562221527,0.371227522415639,0.02350933380651371,0.48913043478260865,0.49122807017543857
0,B_group,dev1,storage,1d_8pct,matched_R0,True,76,19,4,0.18201116900146014,0.564719908141954,0.22368420660495758,0.14919912919772735,0.07448507740723023,0.522432701894317,0.5
0,B_group,dev1,storage,3d_3pct,matched_R0,True,76,19,4,0.16644096386777618,0.5159275532115943,0.7894737124443054,0.8068885874876254,0.017414875043319955,0.5385416666666667,0.508695652173913
0,B_group,dev1,storage,3d_5pct,matched_R0,True,76,19,4,0.20301407442576158,0.5943212078316162,0.6842105388641357,0.6293354959946954,0.05487504286944034,0.6746794871794872,0.6390728476821192
0,B_group,dev1,storage,3d_8pct,matched_R0,True,76,19,4,0.2310439313509354,0.6542191729126552,0.5,0.45965439172959704,0.040345608270402955,0.6939058171745153,0.6903409090909091
0,B_group,dev1,storage,5d_3pct,matched_R0,True,76,19,4,0.14954830638948657,0.4732944902174023,0.8157894611358643,0.8774328266309491,0.06164336549508487,0.7027649769585254,0.6650943396226415
0,B_group,dev1,storage,5d_5pct,matched_R0,True,76,19,4,0.1720670892653078,0.5212771087317454,0.7631579041481018,0.8318687193025354,0.06871081515443356,0.7241379310344828,0.7265625
0,B_group,dev1,storage,5d_8pct,matched_R0,True,76,19,4,0.2449962269272933,0.6830473456651059,0.5921052694320679,0.48403740164402764,0.10806786778804023,0.6430107526881721,0.6388888888888888
0,B_group,dev2,chips,1d_3pct,matched_R0,True,160,20,8,0.22413000567031643,0.6398903059279122,0.4000000059604645,0.49185522646077945,0.09185522050031497,0.7013346354166666,0.6544943820224719
0,B_group,dev2,chips,1d_5pct,matched_R0,True,160,20,8,0.14234797608002103,0.45264186829609665,0.20000000298023224,0.25691416592386485,0.05691416294363261,0.75341796875,0.70625
0,B_group,dev2,chips,1d_8pct,matched_R0,True,160,20,8,0.08824950350248059,0.2985125680171079,0.10000000149011612,0.11355126638719104,0.013551264897074922,0.7269965277777778,0.5333333333333333
0,B_group,dev2,chips,3d_3pct,matched_R0,True,160,20,8,0.2548300065718726,0.7092987166450951,0.5874999761581421,0.7419408091928185,0.15444083303467637,0.6561895551257253,0.6343085106382979
0,B_group,dev2,chips,3d_5pct,matched_R0,True,160,20,8,0.2641846600365602,0.7253049821134048,0.40625,0.5813013106889763,0.17505131068897628,0.6406477732793523,0.5680880330123796
0,B_group,dev2,chips,3d_8pct,matched_R0,True,160,20,8,0.20041694798639198,0.5896375669832282,0.28125,0.3746371813060579,0.09338718130605789,0.6809661835748793,0.5716694772344013
0,B_group,dev2,chips,5d_3pct,matched_R0,True,160,20,8,0.22015021592003275,0.6349173684544287,0.6875,0.772409053404001,0.08490905340400101,0.5941818181818181,0.5419161676646707
0,B_group,dev2,chips,5d_5pct,matched_R0,True,160,20,8,0.267925891758085,0.7345830173488233,0.5062500238418579,0.640556296098335,0.13430627225647707,0.5436005625879043,0.41855807743658213
0,B_group,dev2,chips,5d_8pct,matched_R0,True,160,20,8,0.2472701154439565,0.6881197521260921,0.34375,0.5144038542053613,0.17065385420536128,0.7017316017316018,0.6686838124054463
0,B_group,dev2,optics,1d_3pct,matched_R0,True,240,20,12,0.2156345015408472,0.622537806038924,0.5375000238418579,0.5385246837659463,0.0010246599240884002,0.7355262238983169,0.6742209631728046
0,B_group,dev2,optics,1d_5pct,matched_R0,True,240,20,12,0.18064911367666267,0.533640767361039,0.3291666805744171,0.2929427101775822,0.03622397039683489,0.7887412532431795,0.7535753575357536
0,B_group,dev2,optics,1d_8pct,matched_R0,True,240,20,12,0.15263895418230042,0.4749767703710043,0.19166666269302368,0.15128668518227553,0.04037997751074815,0.6382787987449574,0.45710059171597633
0,B_group,dev2,optics,3d_3pct,matched_R0,True,240,20,12,0.2068070132046276,0.5995555662560993,0.6833333373069763,0.7397459899918505,0.056412652684874165,0.6943998716302953,0.6457023060796646
0,B_group,dev2,optics,3d_5pct,matched_R0,True,240,20,12,0.22057512137970925,0.6316058874706395,0.5333333611488342,0.5893210559301636,0.05598769478132937,0.7342354910714286,0.6628131021194605
0,B_group,dev2,optics,3d_8pct,matched_R0,True,240,20,12,0.21849871545222807,0.623587172120039,0.40416666865348816,0.392898539739081,0.01126812891440715,0.6830437603633481,0.5270403146509341
0,B_group,dev2,optics,5d_3pct,matched_R0,True,240,20,12,0.1756829534048676,0.531962902704119,0.7749999761581421,0.7696184914520529,0.005381484706089235,0.6243030665073676,0.5379746835443038
0,B_group,dev2,optics,5d_5pct,matched_R0,True,240,20,12,0.21388138920148597,0.6189957313867628,0.6208333373069763,0.6426044286513231,0.021771091344346738,0.6645032819529464,0.5505561172901922
0,B_group,dev2,optics,5d_8pct,matched_R0,True,240,20,12,0.22394698712758826,0.6384091636652158,0.5208333134651184,0.5017736465232654,0.019059666941853015,0.7171826086956522,0.696165191740413
0,B_group,dev2,storage,1d_3pct,matched_R0,True,80,20,4,0.2626975860766166,0.7240807581280859,0.5249999761581421,0.6253147744833014,0.10031479832515933,0.5112781954887218,0.5230769230769231
0,B_group,dev2,storage,1d_5pct,matched_R0,True,80,20,4,0.21201843202848109,0.610684623785747,0.3125,0.36360105333452075,0.05110105333452075,0.6203636363636365,0.6326530612244898
0,B_group,dev2,storage,1d_8pct,matched_R0,True,80,20,4,0.19785551056173714,0.5995506105502161,0.25,0.20751066372821098,0.042489336271789024,0.44333333333333336,0.4358108108108108
0,B_group,dev2,storage,3d_3pct,matched_R0,True,80,20,4,0.2394164623673297,0.685182257194551,0.6625000238418579,0.7886264038126579,0.1261263799708,0.5038434661076171,0.5071225071225072
0,B_group,dev2,storage,3d_5pct,matched_R0,True,80,20,4,0.2617688494251933,0.7205087508388077,0.550000011920929,0.6766319345625237,0.12663192264159473,0.5176767676767677,0.5050761421319797
0,B_group,dev2,storage,3d_8pct,matched_R0,True,80,20,4,0.24124169537152115,0.6753687517664713,0.42500001192092896,0.472604104795084,0.04760409287415507,0.6080562659846547,0.5948717948717949
0,B_group,dev2,storage,5d_3pct,matched_R0,True,80,20,4,0.17769938414596498,0.5444052478906334,0.7749999761581421,0.8114654246753098,0.03646544851716771,0.40098566308243727,0.42805755395683454
0,B_group,dev2,storage,5d_5pct,matched_R0,True,80,20,4,0.2180056984516389,0.6288522617899452,0.6875,0.707198208662839,0.019698208662839,0.41381818181818186,0.3819241982507289
0,B_group,dev2,storage,5d_8pct,matched_R0,True,80,20,4,0.24322846172943904,0.6794046920280206,0.5625,0.5921375198367598,0.029637519836759774,0.6533333333333333,0.6666666666666666
0,B_no_group,dev1,chips,1d_3pct,matched_R0,True,152,19,8,0.22060350465591563,0.6321264134366701,0.4934210479259491,0.48790288458134495,0.005518163344604143,0.6898701298701299,0.5695364238410596
0,B_no_group,dev1,chips,1d_5pct,matched_R0,True,152,19,8,0.20346463251349695,0.5865229769858832,0.30921053886413574,0.31317571410896045,0.0039651752448247035,0.6500506585612968,0.4619771863117871
0,B_no_group,dev1,chips,1d_8pct,matched_R0,True,152,19,8,0.11821016715534229,0.3967723426494494,0.125,0.1422394950397572,0.01723949503975719,0.5587653343886031,0.32068965517241377
0,B_no_group,dev1,chips,3d_3pct,matched_R0,True,152,19,8,0.20267064559270986,0.5944877046025354,0.6907894611358643,0.8194232945711152,0.12863383343525092,0.7560283687943263,0.6346153846153846
0,B_no_group,dev1,chips,3d_5pct,matched_R0,True,152,19,8,0.23478467927447336,0.6660566345268754,0.5394737124443054,0.6886694382348133,0.14919572579050788,0.7179442508710802,0.5795847750865052
0,B_no_group,dev1,chips,3d_8pct,matched_R0,True,152,19,8,0.22816493670807714,0.6387207443099029,0.32894736528396606,0.5025091118926458,0.17356174660867973,0.6880392156862746,0.49433962264150944
0,B_no_group,dev1,chips,5d_3pct,matched_R0,True,152,19,8,0.19848074892597523,0.5916583459755645,0.7302631735801697,0.871498652399598,0.14123547881942833,0.7677433531092067,0.6767241379310345
0,B_no_group,dev1,chips,5d_5pct,matched_R0,True,152,19,8,0.2702694527820518,0.7605854428113673,0.6118420958518982,0.830385362800424,0.21854326694852577,0.7198833606706763,0.5553359683794467
0,B_no_group,dev1,chips,5d_8pct,matched_R0,True,152,19,8,0.2864957677130345,0.7974893830696497,0.44078946113586426,0.7272079298597847,0.2864184687239204,0.7520632133450394,0.572202166064982
0,B_no_group,dev1,optics,1d_3pct,matched_R0,True,228,19,12,0.22530960977419398,0.6425346057173879,0.5745614171028137,0.5271682100269686,0.047393207075845156,0.6577476981191469,0.5147058823529411
0,B_no_group,dev1,optics,1d_5pct,matched_R0,True,228,19,12,0.21427908788250696,0.609337453927919,0.35087719559669495,0.35502277019167255,0.004145574594977608,0.6331081081081081,0.375
0,B_no_group,dev1,optics,1d_8pct,matched_R0,True,228,19,12,0.12504962640480385,0.40237134543293035,0.14473684132099152,0.17188792251243257,0.02715108119144105,0.6399378399378398,0.38333333333333336
0,B_no_group,dev1,optics,3d_3pct,matched_R0,True,228,19,12,0.1830194914338793,0.5519361281687011,0.7105262875556946,0.8033523728713926,0.09282608531569803,0.72119341563786,0.5074183976261127
0,B_no_group,dev1,optics,3d_5pct,matched_R0,True,228,19,12,0.2567557289349072,0.719608964829018,0.5175438523292542,0.710531237520432,0.19298738519117786,0.6847457627118645,0.5112866817155757
0,B_no_group,dev1,optics,3d_8pct,matched_R0,True,228,19,12,0.2393144936661923,0.6659106684296704,0.359649121761322,0.5182578682191914,0.15860874645786938,0.6548613431339793,0.45724465558194777
0,B_no_group,dev1,optics,5d_3pct,matched_R0,True,228,19,12,0.17121231132686432,0.5266556640055493,0.7543859481811523,0.8523171019251141,0.09793115374396177,0.7096137873754153,0.5493421052631579
0,B_no_group,dev1,optics,5d_5pct,matched_R0,True,228,19,12,0.2685461206342819,0.7664317371824927,0.5789473652839661,0.8219211706810103,0.24297380539704427,0.7357165404040403,0.6028368794326241
0,B_no_group,dev1,optics,5d_8pct,matched_R0,True,228,19,12,0.306522392645477,0.8461590772933765,0.4385964870452881,0.7422732863761764,0.3036767993308883,0.7003906249999999,0.5560747663551402
0,B_no_group,dev1,storage,1d_3pct,matched_R0,True,76,19,4,0.2558686369311845,0.706717882690266,0.6184210777282715,0.5307525635403025,0.08766851418796895,0.5047688921496699,0.514792899408284
0,B_no_group,dev1,storage,1d_5pct,matched_R0,True,76,19,4,0.2364963931298623,0.6666998907709072,0.3947368562221527,0.37862200338317514,0.016114852838977567,0.576086956521739,0.5292397660818714
0,B_no_group,dev1,storage,1d_8pct,matched_R0,True,76,19,4,0.1836091744209696,0.5661296509434323,0.22368420660495758,0.17045935972565568,0.0532248468793019,0.5084745762711864,0.4959677419354839
0,B_no_group,dev1,storage,3d_3pct,matched_R0,True,76,19,4,0.16713903976485403,0.5193217642522134,0.7894737124443054,0.8581446548447097,0.06867094240040428,0.596875,0.5521739130434783
0,B_no_group,dev1,storage,3d_5pct,matched_R0,True,76,19,4,0.21658897201698882,0.6254698381880391,0.6842105388641357,0.7604931102485578,0.07628257138442207,0.6057692307692308,0.5629139072847682
0,B_no_group,dev1,storage,3d_8pct,matched_R0,True,76,19,4,0.25760189769454983,0.7109538552752626,0.5,0.6016583772871699,0.10165837728716987,0.5969529085872576,0.5852272727272727
0,B_no_group,dev1,storage,5d_3pct,matched_R0,True,76,19,4,0.15252295834054722,0.48691269393138586,0.8157894611358643,0.8892610387918305,0.07347157765596624,0.652073732718894,0.6132075471698113
0,B_no_group,dev1,storage,5d_5pct,matched_R0,True,76,19,4,0.18747691532108143,0.5742201990730647,0.7631579041481018,0.8630230418094843,0.0998651376613825,0.5804597701149425,0.578125
0,B_no_group,dev1,storage,5d_8pct,matched_R0,True,76,19,4,0.28804442699027477,0.8099121796660902,0.5921052694320679,0.8175242096540104,0.22541894022194253,0.5548387096774193,0.5730994152046783
0,B_no_group,dev2,chips,1d_3pct,matched_R0,True,160,20,8,0.2369870783557002,0.6663104669366476,0.4000000059604645,0.5134601717374812,0.11346016577701667,0.6759440104166666,0.5997191011235955
0,B_no_group,dev2,chips,1d_5pct,matched_R0,True,160,20,8,0.1591038432557383,0.4914399003922842,0.20000000298023224,0.28383797436649794,0.0838379713862657,0.6904296875,0.5729166666666666
0,B_no_group,dev2,chips,1d_8pct,matched_R0,True,160,20,8,0.09143318345650094,0.30871778249028553,0.10000000149011612,0.11590418635538254,0.015904184865266416,0.69921875,0.46296296296296297
0,B_no_group,dev2,chips,3d_3pct,matched_R0,True,160,20,8,0.2635214904944133,0.732912545167294,0.5874999761581421,0.7472021592840014,0.15970218312585927,0.5783365570599615,0.5226063829787234
0,B_no_group,dev2,chips,3d_5pct,matched_R0,True,160,20,8,0.2549821349387952,0.7034328346076879,0.40625,0.5427230149090239,0.13647301490902386,0.6196761133603239,0.4731774415405777
0,B_no_group,dev2,chips,3d_8pct,matched_R0,True,160,20,8,0.2037245636385913,0.5948985629773211,0.28125,0.35569110786630004,0.07444110786630004,0.6019323671497585,0.40050590219224286
0,B_no_group,dev2,chips,5d_3pct,matched_R0,True,160,20,8,0.22220075293878644,0.6423110117284849,0.6875,0.7844227104048092,0.09692271040480915,0.5872727272727273,0.5134730538922155
0,B_no_group,dev2,chips,5d_5pct,matched_R0,True,160,20,8,0.27147355199073103,0.7414737601664102,0.5062500238418579,0.656183814638147,0.1499337907962891,0.5493827160493827,0.38985313751668893
0,B_no_group,dev2,chips,5d_8pct,matched_R0,True,160,20,8,0.24715619130486427,0.6858874874298991,0.34375,0.4989315896696809,0.15518158966968087,0.6028571428571429,0.4947049924357035
0,B_no_group,dev2,optics,1d_3pct,matched_R0,True,240,20,12,0.2325463140082863,0.6575911305926591,0.5375000238418579,0.5735930145432077,0.03609299070134975,0.6476010894615546,0.5278564683663833
0,B_no_group,dev2,optics,1d_5pct,matched_R0,True,240,20,12,0.20856169030639962,0.5962805396352086,0.3291666805744171,0.3307637220717724,0.0015970414973552893,0.6421102287915718,0.45874587458745875
0,B_no_group,dev2,optics,1d_8pct,matched_R0,True,240,20,12,0.16024468444676204,0.4957133810577423,0.19166666269302368,0.15797104372304716,0.033695618969976526,0.610040340654415,0.3816568047337278
0,B_no_group,dev2,optics,3d_3pct,matched_R0,True,240,20,12,0.2146105529355957,0.6230033396062411,0.6833333373069763,0.750927722617547,0.06759438531057071,0.6159338896020539,0.4832285115303983
0,B_no_group,dev2,optics,3d_5pct,matched_R0,True,240,20,12,0.22518506448593234,0.6416316868453225,0.5333333611488342,0.5493995661971218,0.016066205048287596,0.6611676897321429,0.5115606936416185
0,B_no_group,dev2,optics,3d_8pct,matched_R0,True,240,20,12,0.22810813527668436,0.6435118235772489,0.40416666865348816,0.3665502283949911,0.037616440258497086,0.6076346334078293,0.3584070796460177
0,B_no_group,dev2,optics,5d_3pct,matched_R0,True,240,20,12,0.1730121251390332,0.5282281667148058,0.7749999761581421,0.7851345657030201,0.010134589544878003,0.5951812027080844,0.4911392405063291
0,B_no_group,dev2,optics,5d_5pct,matched_R0,True,240,20,12,0.21548041229840137,0.6223543092228384,0.6208333373069763,0.6570563319567029,0.03622299464972656,0.650379821520761,0.506572295247725
0,B_no_group,dev2,optics,5d_8pct,matched_R0,True,240,20,12,0.23009442864132576,0.650124253374346,0.5208333134651184,0.48158596243554075,0.03924735102957766,0.6146086956521739,0.46214355948869223
0,B_no_group,dev2,storage,1d_3pct,matched_R0,True,80,20,4,0.26711198214062853,0.7302450542579096,0.5249999761581421,0.6598702025530618,0.13487022639491975,0.5012531328320802,0.48205128205128206
0,B_no_group,dev2,storage,1d_5pct,matched_R0,True,80,20,4,0.22397426888435498,0.63929309114825,0.3125,0.43649536888143353,0.12399536888143353,0.6007272727272728,0.6472303206997084
0,B_no_group,dev2,storage,1d_8pct,matched_R0,True,80,20,4,0.2108937103175431,0.633601186023124,0.25,0.22182634612966728,0.028173653870332716,0.37500000000000006,0.3581081081081081
0,B_no_group,dev2,storage,3d_3pct,matched_R0,True,80,20,4,0.24704193016506387,0.7064105168498919,0.6625000238418579,0.8100789683664527,0.14757894452459475,0.47658979734451434,0.4928774928774929
0,B_no_group,dev2,storage,3d_5pct,matched_R0,True,80,20,4,0.2550463702857107,0.7039573981556627,0.550000011920929,0.6279549598268753,0.07795494790594637,0.4706439393939394,0.4720812182741117
0,B_no_group,dev2,storage,3d_8pct,matched_R0,True,80,20,4,0.24978033450150985,0.6926756614258526,0.42500001192092896,0.47116978916680113,0.04616977724587218,0.44948849104859334,0.4
0,B_no_group,dev2,storage,5d_3pct,matched_R0,True,80,20,4,0.17844765464440757,0.5469425857104661,0.7749999761581421,0.8296607718498368,0.054660795691694686,0.44265232974910396,0.47302158273381295
0,B_no_group,dev2,storage,5d_5pct,matched_R0,True,80,20,4,0.2169662443037228,0.6262430287940614,0.6875,0.7187012647659858,0.031201264765985837,0.4421818181818182,0.46355685131195334
0,B_no_group,dev2,storage,5d_8pct,matched_R0,True,80,20,4,0.24527659889073578,0.6836417789484397,0.5625,0.5953660598029581,0.03286605980295809,0.5463492063492064,0.539440203562341
0,C_group,dev1,chips,1d_3pct,matched_R0,True,152,19,8,0.2594473575545189,0.712483360365663,0.4934210479259491,0.394330080607054,0.0990909673188951,0.6424242424242425,0.6043046357615894
0,C_group,dev1,chips,1d_5pct,matched_R0,True,152,19,8,0.22058056278228927,0.6335634410599368,0.30921053886413574,0.394330080607054,0.08511954174291825,0.6233029381965552,0.6064638783269962
0,C_group,dev1,chips,1d_8pct,matched_R0,True,152,19,8,0.1609661912299482,0.5102796687303193,0.125,0.35283117141708115,0.22783117141708115,0.6569054214483577,0.6379310344827587
0,C_group,dev1,chips,3d_3pct,matched_R0,True,152,19,8,0.26951842497964934,0.7322992792356602,0.6907894611358643,0.4543056273006593,0.23648383383520494,0.5013171225937184,0.5064102564102564
0,C_group,dev1,chips,3d_5pct,matched_R0,True,152,19,8,0.2555982103627477,0.7043797778443183,0.5394737124443054,0.4541041132200982,0.08536959922420723,0.5742160278745645,0.5605536332179931
0,C_group,dev1,chips,3d_8pct,matched_R0,True,152,19,8,0.22105468446886722,0.6341316068054601,0.32894736528396606,0.35283117141708115,0.023883806133115082,0.5688235294117647,0.4849056603773585
0,C_group,dev1,chips,5d_3pct,matched_R0,True,152,19,8,0.2730692195877491,0.7394201417408138,0.7302631735801697,0.4543056273006593,0.27595754627951036,0.5361459019995605,0.5431034482758621
0,C_group,dev1,chips,5d_5pct,matched_R0,True,152,19,8,0.2622155614109176,0.7176516333654739,0.6118420958518982,0.4541905885304943,0.15765150732140387,0.572808456351376,0.5395256916996047
0,C_group,dev1,chips,5d_8pct,matched_R0,True,152,19,8,0.2486981211509219,0.6906788647751907,0.44078946113586426,0.3941250342693505,0.04666442686651373,0.4964003511852502,0.3249097472924188
0,C_group,dev1,optics,1d_3pct,matched_R0,True,228,19,12,0.27663313206143125,0.7473836488199628,0.5745614171028137,0.39520572495429696,0.17935569214851677,0.49610450932556854,0.4796380090497738
0,C_group,dev1,optics,1d_5pct,matched_R0,True,228,19,12,0.22963382890146067,0.6519626631902787,0.35087719559669495,0.39520572495429696,0.04432852935760201,0.5304054054054054,0.5400485436893204
0,C_group,dev1,optics,1d_8pct,matched_R0,True,228,19,12,0.1680039491082445,0.5249376397129167,0.14473684132099152,0.3547905250144943,0.2100536836935028,0.4679098679098679,0.45625
0,C_group,dev1,optics,3d_3pct,matched_R0,True,228,19,12,0.2716424359702117,0.7365626402628189,0.7105262875556946,0.45444456543580325,0.25608172211989133,0.34184436962214737,0.37537091988130566
0,C_group,dev1,optics,3d_5pct,matched_R0,True,228,19,12,0.25401831515659024,0.7012157798391982,0.5175438523292542,0.4543159770686432,0.06322787526061097,0.38412942989214177,0.45711060948081267
0,C_group,dev1,optics,3d_8pct,matched_R0,True,228,19,12,0.2306582285263001,0.653994336019112,0.359649121761322,0.3547905250144943,0.004858596746827704,0.4320080187103241,0.4643705463182898
0,C_group,dev1,optics,5d_3pct,matched_R0,True,228,19,12,0.2755765814172609,0.7444521986115583,0.7543859481811523,0.45444456543580325,0.2999413827453491,0.35465116279069764,0.4128289473684211
0,C_group,dev1,optics,5d_5pct,matched_R0,True,228,19,12,0.2596220250026238,0.7124545239212208,0.5789473652839661,0.4543736272755739,0.12457373800839217,0.3740530303030303,0.42907801418439717
0,C_group,dev1,optics,5d_8pct,matched_R0,True,228,19,12,0.2481851410610222,0.689634347979072,0.4385964870452881,0.3945568238048714,0.04403966324041669,0.4975,0.42406542056074764
0,C_group,dev1,storage,1d_3pct,matched_R0,True,76,19,4,0.2864469607703104,0.7673457749643681,0.6184210777282715,0.3936717000905477,0.2247493776377238,0.4944974321349963,0.5739644970414202
0,C_group,dev1,storage,1d_5pct,matched_R0,True,76,19,4,0.23910094578580735,0.6711994380606705,0.3947368562221527,0.3936717000905477,0.0010651561316050162,0.41956521739130437,0.45321637426900585
0,C_group,dev1,storage,1d_8pct,matched_R0,True,76,19,4,0.18938631623563476,0.568767122720241,0.22368420660495758,0.3492836210918729,0.1255994144869153,0.5154536390827518,0.5080645161290323
0,C_group,dev1,storage,3d_3pct,matched_R0,True,76,19,4,0.2795802272568512,0.7524917715170373,0.7894737124443054,0.45285762597832463,0.3366160864659808,0.4541666666666667,0.5260869565217391
0,C_group,dev1,storage,3d_5pct,matched_R0,True,76,19,4,0.2698784482372661,0.733032875856174,0.6842105388641357,0.452856129237131,0.23135440962700476,0.36538461538461536,0.39072847682119205
0,C_group,dev1,storage,3d_8pct,matched_R0,True,76,19,4,0.2726262215487028,0.740582758062588,0.5,0.3492836210918729,0.1507163789081271,0.5083102493074793,0.5170454545454546
0,C_group,dev1,storage,5d_3pct,matched_R0,True,76,19,4,0.28195758686723343,0.7572594894086551,0.8157894611358643,0.45285762597832463,0.36293183515753963,0.5253456221198157,0.5990566037735849
0,C_group,dev1,storage,5d_5pct,matched_R0,True,76,19,4,0.27712426113577254,0.7475654452598852,0.7631579041481018,0.452856129237131,0.31030177491097083,0.45977011494252873,0.49609375
0,C_group,dev1,storage,5d_8pct,matched_R0,True,76,19,4,0.28194225004831175,0.758268767482906,0.5921052694320679,0.3917961528527853,0.20030911657928258,0.3978494623655914,0.3391812865497076
0,C_group,dev2,chips,1d_3pct,matched_R0,True,160,20,8,0.23860741154931842,0.6700609814943469,0.4000000059604645,0.41752524522052914,0.017525239260064662,0.5660807291666666,0.38342696629213485
0,C_group,dev2,chips,1d_5pct,matched_R0,True,160,20,8,0.1612670997362577,0.5021774085931805,0.20000000298023224,0.20894763034182545,0.008947627361593213,0.560302734375,0.35625
0,C_group,dev2,chips,1d_8pct,matched_R0,True,160,20,8,0.09005028629958221,0.32185076506024374,0.10000000149011612,0.09326046304991195,0.006739538440204168,0.5707465277777778,0.26666666666666666
0,C_group,dev2,chips,3d_3pct,matched_R0,True,160,20,8,0.24848666147690063,0.6922141881680941,0.5874999761581421,0.6433343003964869,0.05583432423834478,0.524822695035461,0.3550531914893617
0,C_group,dev2,chips,3d_5pct,matched_R0,True,160,20,8,0.2497965660753473,0.693003628601371,0.40625,0.4756817762558246,0.06943177625582458,0.5402429149797571,0.3535075653370014
0,C_group,dev2,chips,3d_8pct,matched_R0,True,160,20,8,0.203176353310596,0.5957262239179599,0.28125,0.2842875770754914,0.0030375770754914044,0.5656038647342996,0.357504215851602
0,C_group,dev2,chips,5d_3pct,matched_R0,True,160,20,8,0.2172471154699628,0.6274230740299835,0.6875,0.7186318202365427,0.031131820236542707,0.5232727272727273,0.32934131736526945
0,C_group,dev2,chips,5d_5pct,matched_R0,True,160,20,8,0.2583364725210039,0.7118906509473193,0.5062500238418579,0.5906125971302438,0.08436257328838592,0.5503984997655884,0.29906542056074764
0,C_group,dev2,chips,5d_8pct,matched_R0,True,160,20,8,0.23258960785189328,0.6573510036612205,0.34375,0.42676648864635885,0.08301648864635885,0.5736796536796537,0.34190620272314676
0,C_group,dev2,optics,1d_3pct,matched_R0,True,240,20,12,0.29032095986529083,0.7832750939544671,0.5375000238418579,0.3521227017972993,0.1853773220445586,0.5109295341853481,0.37393767705382436
0,C_group,dev2,optics,1d_5pct,matched_R0,True,240,20,12,0.25877309061892567,0.769700947110375,0.3291666805744171,0.1563616336085065,0.17280504696591062,0.47621668370154885,0.39603960396039606
0,C_group,dev2,optics,1d_8pct,matched_R0,True,240,20,12,0.17251586495023066,0.6044866069943464,0.19166666269302368,0.06658968825975263,0.12507697443327104,0.4810623038995966,0.4289940828402367
0,C_group,dev2,optics,3d_3pct,matched_R0,True,240,20,12,0.2380631377325417,0.6696926954323854,0.6833333373069763,0.5816893863035024,0.1016439510034739,0.4778562259306804,0.3584905660377358
0,C_group,dev2,optics,3d_5pct,matched_R0,True,240,20,12,0.28157906589507903,0.7646094957360785,0.5333333611488342,0.39619465497695155,0.13713870617188267,0.4988839285714286,0.37764932562620424
0,C_group,dev2,optics,3d_8pct,matched_R0,True,240,20,12,0.2876259671087075,0.8169930082712571,0.40416666865348816,0.21467279376091336,0.1894938748925748,0.4843198039074328,0.39233038348082594
0,C_group,dev2,optics,5d_3pct,matched_R0,True,240,20,12,0.1930693091380166,0.5761530208062375,0.7749999761581421,0.6673914596085931,0.10760851654954895,0.46764237355635196,0.34556962025316457
0,C_group,dev2,optics,5d_5pct,matched_R0,True,240,20,12,0.2643915059545774,0.7246386152528176,0.6208333373069763,0.5114471094341759,0.10938622787280039,0.47805885389778,0.36299292214357937
0,C_group,dev2,optics,5d_8pct,matched_R0,True,240,20,12,0.3057102757600087,0.8252474142672347,0.5208333134651184,0.341334665693059,0.17949864777205943,0.44932173913043477,0.37364798426745327
0,C_group,dev2,storage,1d_3pct,matched_R0,True,80,20,4,0.24761637061280561,0.688375851794607,0.5249999761581421,0.5086484644554308,0.01635151170271132,0.5632832080200502,0.5384615384615384
0,C_group,dev2,storage,1d_5pct,matched_R0,True,80,20,4,0.2149001613608031,0.6216045864754463,0.3125,0.2852684315381415,0.02723156846185848,0.5461818181818182,0.5743440233236151
0,C_group,dev2,storage,1d_8pct,matched_R0,True,80,20,4,0.20382010687164281,0.6236877057335299,0.25,0.1324960351084039,0.11750396489159609,0.4091666666666666,0.4391891891891892
0,C_group,dev2,storage,3d_3pct,matched_R0,True,80,20,4,0.2247678326715516,0.6421706957833375,0.6625000238418579,0.7220253935610638,0.059525369719205856,0.5639412997903565,0.5156695156695157
0,C_group,dev2,storage,3d_5pct,matched_R0,True,80,20,4,0.24860771974365048,0.6904034975145746,0.550000011920929,0.5791778190042638,0.02917780708333484,0.509469696969697,0.4949238578680203
0,C_group,dev2,storage,3d_8pct,matched_R0,True,80,20,4,0.2500307166205068,0.693889632643858,0.42500001192092896,0.3832783951461537,0.04172161677477526,0.46163682864450123,0.4666666666666667
0,C_group,dev2,storage,5d_3pct,matched_R0,True,80,20,4,0.1733336188682407,0.5302465279676554,0.7749999761581421,0.7762505998665036,0.0012506237083614868,0.5519713261648745,0.5431654676258992
0,C_group,dev2,storage,5d_5pct,matched_R0,True,80,20,4,0.215743437794708,0.6232580145949214,0.6875,0.6839934846422281,0.003506515357771911,0.48145454545454547,0.48688046647230326
0,C_group,dev2,storage,5d_8pct,matched_R0,True,80,20,4,0.25167929962572116,0.6966687470986426,0.5625,0.5449039881404316,0.017596011859568383,0.4323809523809524,0.44274809160305345
0,C_no_group,dev1,chips,1d_3pct,matched_R0,True,152,19,8,0.25116704004856455,0.695490508462626,0.4934210479259491,0.4592698097296881,0.03415123819626098,0.4914285714285715,0.3841059602649007
0,C_no_group,dev1,chips,1d_5pct,matched_R0,True,152,19,8,0.22346596285436598,0.63956975547076,0.30921053886413574,0.40934416913516875,0.100133630271033,0.5716312056737589,0.5513307984790875
0,C_no_group,dev1,chips,1d_8pct,matched_R0,True,152,19,8,0.19012092386035012,0.5721354459301494,0.125,0.40934416913516875,0.28434416913516875,0.5738029283735655,0.5413793103448276
0,C_no_group,dev1,chips,3d_3pct,matched_R0,True,152,19,8,0.2672988403262096,0.7278264586223389,0.6907894611358643,0.4592698097296881,0.23151965140617614,0.4466058763931104,0.3333333333333333
0,C_no_group,dev1,chips,3d_5pct,matched_R0,True,152,19,8,0.26126966633652493,0.7158930703959228,0.5394737124443054,0.42611981876521066,0.11335389367909476,0.482404181184669,0.4532871972318339
0,C_no_group,dev1,chips,3d_8pct,matched_R0,True,152,19,8,0.22974152554037527,0.6523579589458578,0.32894736528396606,0.4235569889255221,0.09460962364155606,0.5188235294117648,0.5622641509433962
0,C_no_group,dev1,chips,5d_3pct,matched_R0,True,152,19,8,0.21767098566471468,0.6279069766320213,0.7302631735801697,0.5865167979868744,0.14374637559329528,0.47110525159305644,0.5280172413793104
0,C_no_group,dev1,chips,5d_5pct,matched_R0,True,152,19,8,0.24972918816020692,0.6926055537083782,0.6118420958518982,0.5010183045730998,0.11082379127879838,0.5287042099507928,0.575098814229249
0,C_no_group,dev1,chips,5d_8pct,matched_R0,True,152,19,8,0.24678846571699375,0.6867195074514116,0.44078946113586426,0.4253283136845734,0.015461147451290846,0.49569798068481125,0.37725631768953066
0,C_no_group,dev1,optics,1d_3pct,matched_R0,True,228,19,12,0.2577184271129362,0.7086220236286033,0.5745614171028137,0.4597748931105291,0.11478652399228462,0.42598567718580316,0.505656108597285
0,C_no_group,dev1,optics,1d_5pct,matched_R0,True,228,19,12,0.23136756437945374,0.6555657834186711,0.35087719559669495,0.4098166753332844,0.05893947973658947,0.4741131756756757,0.49271844660194175
0,C_no_group,dev1,optics,1d_8pct,matched_R0,True,228,19,12,0.19408846073981253,0.5801772730502989,0.14473684132099152,0.4098166753332844,0.2650798340122929,0.48997668997668997,0.4125
0,C_no_group,dev1,optics,3d_3pct,matched_R0,True,228,19,12,0.2686953879342524,0.7306238949122431,0.7105262875556946,0.4597748931105291,0.2507513944451655,0.3886083052749719,0.48516320474777447
0,C_no_group,dev1,optics,3d_5pct,matched_R0,True,228,19,12,0.25786031694008793,0.7090188145089297,0.5175438523292542,0.4258929357260211,0.09165091660323305,0.5936055469953774,0.5406320541760722
0,C_no_group,dev1,optics,3d_8pct,matched_R0,True,228,19,12,0.23447827817143693,0.6619077462205982,0.359649121761322,0.424009656233239,0.06436053447191697,0.5230537921817574,0.5190023752969121
0,C_no_group,dev1,optics,5d_3pct,matched_R0,True,228,19,12,0.21382923381735777,0.620159088450888,0.7543859481811523,0.5844401184350607,0.16994582974609163,0.5882475083056479,0.43914473684210525
0,C_no_group,dev1,optics,5d_5pct,matched_R0,True,228,19,12,0.2500298051136679,0.693206801486939,0.5789473652839661,0.5017658865563001,0.07718147872766601,0.38391729797979796,0.4160756501182033
0,C_no_group,dev1,optics,5d_8pct,matched_R0,True,228,19,12,0.24682464450652558,0.6868026051041649,0.4385964870452881,0.42661720406443726,0.011979282980850825,0.3522265625,0.4310747663551402
0,C_no_group,dev1,storage,1d_3pct,matched_R0,True,76,19,4,0.26111621281834035,0.7154310322787937,0.6184210777282715,0.45990072918610486,0.15852034854216662,0.483492296404989,0.47337278106508873
0,C_no_group,dev1,storage,1d_5pct,matched_R0,True,76,19,4,0.2394861683408681,0.671994002108501,0.3947368562221527,0.4071551269383081,0.012418270716155366,0.35289855072463766,0.3128654970760234
0,C_no_group,dev1,storage,1d_8pct,matched_R0,True,76,19,4,0.20750181319925962,0.6072628783003179,0.22368420660495758,0.4071551269383081,0.1834709203333505,0.4097706879361914,0.2903225806451613
0,C_no_group,dev1,storage,3d_3pct,matched_R0,True,76,19,4,0.2748619255061188,0.7429818986159928,0.7894737124443054,0.45990072918610486,0.32957298325820056,0.4354166666666667,0.4260869565217391
0,C_no_group,dev1,storage,3d_5pct,matched_R0,True,76,19,4,0.2828953827288357,0.7594704169023927,0.6842105388641357,0.42581685260721275,0.258393686256923,0.5088141025641026,0.48344370860927155
0,C_no_group,dev1,storage,3d_8pct,matched_R0,True,76,19,4,0.2557557812870373,0.7047935343507706,0.5,0.4231640386503658,0.07683596134963422,0.556786703601108,0.59375
0,C_no_group,dev1,storage,5d_3pct,matched_R0,True,76,19,4,0.20270626601434785,0.597667612406442,0.8157894611358643,0.5872746203110064,0.22851484082485785,0.4308755760368664,0.3632075471698113
0,C_no_group,dev1,storage,5d_5pct,matched_R0,True,76,19,4,0.2492844193728175,0.6917160109280664,0.7631579041481018,0.5011061206427961,0.26205178350530567,0.6101532567049809,0.66015625
0,C_no_group,dev1,storage,5d_8pct,matched_R0,True,76,19,4,0.26989191935642765,0.7332906664296562,0.5921052694320679,0.4241128911549337,0.16799237827713415,0.4659498207885305,0.4853801169590643
0,C_no_group,dev2,chips,1d_3pct,matched_R0,True,160,20,8,0.23069434855071275,0.6551863597073215,0.4000000059604645,0.3398636549966041,0.060136350963860385,0.6337890625,0.4452247191011236
0,C_no_group,dev2,chips,1d_5pct,matched_R0,True,160,20,8,0.15814418035591565,0.49518028522209934,0.20000000298023224,0.14209970056001975,0.05790030242021249,0.6435546875,0.4583333333333333
0,C_no_group,dev2,chips,1d_8pct,matched_R0,True,160,20,8,0.0896413058531021,0.31938037351433773,0.10000000149011612,0.05221446125469252,0.0477855402354236,0.7109375,0.5
0,C_no_group,dev2,chips,3d_3pct,matched_R0,True,160,20,8,0.24575950918778,0.6868972366474402,0.5874999761581421,0.6096244358826943,0.022124459724552237,0.5568987749838814,0.35904255319148937
0,C_no_group,dev2,chips,3d_5pct,matched_R0,True,160,20,8,0.2371729947214149,0.66775594758523,0.40625,0.4166567374823963,0.010406737482396289,0.6064777327935224,0.405777166437414
0,C_no_group,dev2,chips,3d_8pct,matched_R0,True,160,20,8,0.19777176754410403,0.586759487846697,0.28125,0.2219383274049532,0.0593116725950468,0.6398067632850242,0.42158516020236086
0,C_no_group,dev2,chips,5d_3pct,matched_R0,True,160,20,8,0.22032125030887642,0.6368965665658315,0.6875,0.7210942869883326,0.033594286988332556,0.5472727272727274,0.3937125748502994
0,C_no_group,dev2,chips,5d_5pct,matched_R0,True,160,20,8,0.25044686243733616,0.6979405354851661,0.5062500238418579,0.5450311723331909,0.03878114849133296,0.593842787935615,0.4098798397863818
0,C_no_group,dev2,chips,5d_8pct,matched_R0,True,160,20,8,0.22049048794663503,0.6341946112090555,0.34375,0.3477583392431553,0.004008339243155301,0.623030303030303,0.4281391830559758
0,C_no_group,dev2,optics,1d_3pct,matched_R0,True,240,20,12,0.24813511270928595,0.6959983651462853,0.5375000238418579,0.42214447620253764,0.11535554763932027,0.6473217403449961,0.3814919735599622
0,C_no_group,dev2,optics,1d_5pct,matched_R0,True,240,20,12,0.21453942917805496,0.6382944044392367,0.3291666805744171,0.22532033400924842,0.1038463465651687,0.6705715858164951,0.3333333333333333
0,C_no_group,dev2,optics,1d_8pct,matched_R0,True,240,20,12,0.15456117367921218,0.5127686019089663,0.19166666269302368,0.09746752503998397,0.09419913765303971,0.6769385925593904,0.4349112426035503
0,C_no_group,dev2,optics,3d_3pct,matched_R0,True,240,20,12,0.21677221249176631,0.6280954589006225,0.6833333373069763,0.6768824706125142,0.006450866694462154,0.6033376123234917,0.3522012578616352
0,C_no_group,dev2,optics,3d_5pct,matched_R0,True,240,20,12,0.24740704252489984,0.6991096385780177,0.5333333611488342,0.5152313586233814,0.0181020025254528,0.6279994419642857,0.315028901734104
0,C_no_group,dev2,optics,3d_8pct,matched_R0,True,240,20,12,0.2415429294830174,0.6962683395258933,0.40416666865348816,0.32728979483867976,0.0768768738148084,0.6422031576670753,0.3392330383480826
0,C_no_group,dev2,optics,5d_3pct,matched_R0,True,240,20,12,0.18066383549114703,0.5483817902151117,0.7749999761581421,0.7720155390474938,0.0029844371106483303,0.5834328952608522,0.35063291139240504
0,C_no_group,dev2,optics,5d_5pct,matched_R0,True,240,20,12,0.23340278081531168,0.6763942552497259,0.6208333373069763,0.6329659559551345,0.012132618648158178,0.6302087174570397,0.2992922143579373
0,C_no_group,dev2,optics,5d_8pct,matched_R0,True,240,20,12,0.2546608124147251,0.7205140653041388,0.5208333134651184,0.4566938201305895,0.0641394933345289,0.632695652173913,0.30973451327433627
0,C_no_group,dev2,storage,1d_3pct,matched_R0,True,80,20,4,0.2508701389252261,0.6948970557137815,0.5249999761581421,0.438023179775387,0.08697679638275507,0.5789473684210527,0.5974358974358974
0,C_no_group,dev2,storage,1d_5pct,matched_R0,True,80,20,4,0.22741169674545478,0.6580218661240999,0.3125,0.19108947552940037,0.12141052447059963,0.5403636363636364,0.5539358600583091
0,C_no_group,dev2,storage,1d_8pct,matched_R0,True,80,20,4,0.21787862376618375,0.7082758591298053,0.25,0.07343250169121454,0.17656749830878546,0.5,0.5033783783783784
0,C_no_group,dev2,storage,3d_3pct,matched_R0,True,80,20,4,0.22336736592858203,0.6389545050372003,0.6625000238418579,0.7102345288272743,0.047734504985416426,0.5702306079664571,0.6153846153846154
0,C_no_group,dev2,storage,3d_5pct,matched_R0,True,80,20,4,0.24618817567598753,0.6854477449237623,0.550000011920929,0.5341391260674878,0.015860885853441142,0.5454545454545454,0.5456852791878173
0,C_no_group,dev2,storage,3d_8pct,matched_R0,True,80,20,4,0.2583320716513279,0.7145754953576315,0.42500001192092896,0.30647743987166237,0.11852257204926658,0.5121483375959079,0.49743589743589745
0,C_no_group,dev2,storage,5d_3pct,matched_R0,True,80,20,4,0.17408301642950735,0.5328206282717998,0.7749999761581421,0.8082426305940267,0.03324265443588459,0.5564516129032258,0.6079136690647482
0,C_no_group,dev2,storage,5d_5pct,matched_R0,True,80,20,4,0.2158991004080674,0.6232189782592666,0.6875,0.6635574392356022,0.023942560764397824,0.5330909090909091,0.5481049562682215
0,C_no_group,dev2,storage,5d_8pct,matched_R0,True,80,20,4,0.2600730793664387,0.7139776924874301,0.5625,0.4577403058209826,0.10475969417901743,0.5022222222222223,0.455470737913486
0,C_no_daily,dev1,chips,1d_3pct,matched_R0,True,152,19,8,0.2530328967173957,0.6992636963448321,0.4934210479259491,0.4331167720626406,0.0603042758633085,0.6346320346320347,0.5298013245033113
0,C_no_daily,dev1,chips,1d_5pct,matched_R0,True,152,19,8,0.21884481014231763,0.6299060333994461,0.30921053886413574,0.3833636258661155,0.07415308700197976,0.6245187436676797,0.5152091254752852
0,C_no_daily,dev1,chips,1d_8pct,matched_R0,True,152,19,8,0.17603896246301423,0.5427007079010534,0.125,0.3833636258661155,0.2583636258661155,0.5809259992085476,0.4896551724137931
0,C_no_daily,dev1,chips,3d_3pct,matched_R0,True,152,19,8,0.2423643976934954,0.6778669397810603,0.6907894611358643,0.5218462415364356,0.1689432195994287,0.3953394123606889,0.45726495726495725
0,C_no_daily,dev1,chips,3d_5pct,matched_R0,True,152,19,8,0.25857477395116435,0.7104025170156177,0.5394737124443054,0.4370775045211159,0.10239620792318954,0.5581881533101045,0.45674740484429066
0,C_no_daily,dev1,chips,3d_8pct,matched_R0,True,152,19,8,0.22927269540019668,0.6513972600530975,0.32894736528396606,0.4216523541175411,0.09270498883357503,0.5592156862745097,0.46037735849056605
0,C_no_daily,dev1,chips,5d_3pct,matched_R0,True,152,19,8,0.22888556639868488,0.6507763816022185,0.7302631735801697,0.5518766690055643,0.17838650457460536,0.42540101076686443,0.5387931034482759
0,C_no_daily,dev1,chips,5d_5pct,matched_R0,True,152,19,8,0.2670437496655482,0.7274182324111367,0.6118420958518982,0.43964040835841556,0.17220168749348264,0.5755421906324039,0.48221343873517786
0,C_no_daily,dev1,chips,5d_8pct,matched_R0,True,152,19,8,0.2464195947009344,0.6859675952761157,0.44078946113586426,0.439362815689502,0.0014266454463622846,0.5736611062335383,0.44945848375451264
0,C_no_daily,dev1,optics,1d_3pct,matched_R0,True,228,19,12,0.26405675989760885,0.7214487549294202,0.5745614171028137,0.43373017179311785,0.14083124530969587,0.5632328637758717,0.49434389140271495
0,C_no_daily,dev1,optics,1d_5pct,matched_R0,True,228,19,12,0.22903251831779758,0.6506995518354257,0.35087719559669495,0.3851227755834947,0.03424557998679978,0.44721283783783783,0.4587378640776699
0,C_no_daily,dev1,optics,1d_8pct,matched_R0,True,228,19,12,0.18156912469573322,0.5540386345700523,0.14473684132099152,0.3851227755834947,0.2403859342625032,0.4909090909090909,0.44166666666666665
0,C_no_daily,dev1,optics,3d_3pct,matched_R0,True,228,19,12,0.2415187211779025,0.6761745595841218,0.7105262875556946,0.5215293705464125,0.18899691700928212,0.4436962214739992,0.5311572700296736
0,C_no_daily,dev1,optics,3d_5pct,matched_R0,True,228,19,12,0.2558521524548171,0.7049295416213155,0.5175438523292542,0.4384860398737989,0.07905781245545523,0.5243451463790446,0.5135440180586908
0,C_no_daily,dev1,optics,3d_8pct,matched_R0,True,228,19,12,0.23449430595605603,0.661940364618409,0.359649121761322,0.4228201365881053,0.06317101482678328,0.40218843969261614,0.4655581947743468
0,C_no_daily,dev1,optics,5d_3pct,matched_R0,True,228,19,12,0.22666033168777053,0.6463136512061469,0.7543859481811523,0.550340281448323,0.2040456667328293,0.6011212624584719,0.4457236842105263
0,C_no_daily,dev1,optics,5d_5pct,matched_R0,True,228,19,12,0.26300737708799,0.7193045602964336,0.5789473652839661,0.44050763710462565,0.13843972817934042,0.4263731060606061,0.4219858156028369
0,C_no_daily,dev1,optics,5d_8pct,matched_R0,True,228,19,12,0.24630640826137706,0.6857432086718408,0.4385964870452881,0.4403205367217108,0.001724049676422701,0.44140624999999994,0.397196261682243
0,C_no_daily,dev1,storage,1d_3pct,matched_R0,True,76,19,4,0.27087492471874386,0.735190059151709,0.6184210777282715,0.4325723598194486,0.1858487179088229,0.4079236977256053,0.39349112426035504
0,C_no_daily,dev1,storage,1d_5pct,matched_R0,True,76,19,4,0.2392242281136782,0.6714637815200397,0.3947368562221527,0.3814147799403496,0.013322076281803097,0.46159420289855074,0.48830409356725146
0,C_no_daily,dev1,storage,1d_8pct,matched_R0,True,76,19,4,0.198453091088621,0.5883211029235682,0.22368420660495758,0.3814147799403496,0.15773057333539203,0.514456630109671,0.5161290322580645
0,C_no_daily,dev1,storage,3d_3pct,matched_R0,True,76,19,4,0.23679506175579337,0.6667176534496695,0.7894737124443054,0.523327005426347,0.2661467070179584,0.6364583333333333,0.5695652173913044
0,C_no_daily,dev1,storage,3d_5pct,matched_R0,True,76,19,4,0.27847658093787375,0.7504577493872848,0.6842105388641357,0.43520236219297953,0.2490081766711562,0.3846153846153847,0.47350993377483436
0,C_no_daily,dev1,storage,3d_8pct,matched_R0,True,76,19,4,0.25633682405640207,0.7059842926386208,0.5,0.4205799633175575,0.07942003668244252,0.47576177285318555,0.3977272727272727
0,C_no_daily,dev1,storage,5d_3pct,matched_R0,True,76,19,4,0.21932806553152825,0.6315819548297096,0.8157894611358643,0.5529993505874277,0.2627901105484366,0.5069124423963134,0.3632075471698113
0,C_no_daily,dev1,storage,5d_5pct,matched_R0,True,76,19,4,0.28596924437981236,0.7654676786497782,0.7631579041481018,0.4390110791394491,0.3241468250086527,0.41235632183908044,0.486328125
0,C_no_daily,dev1,storage,5d_8pct,matched_R0,True,76,19,4,0.26504385383432,0.7234061321335696,0.5921052694320679,0.4389720188097152,0.15313325062235267,0.4240143369175628,0.4546783625730994
0,C_no_daily,dev2,chips,1d_3pct,matched_R0,True,160,20,8,0.23962121223525337,0.6719714357758463,0.4000000059604645,0.41035384146331993,0.010353835502855457,0.5584309895833333,0.3890449438202247
0,C_no_daily,dev2,chips,1d_5pct,matched_R0,True,160,20,8,0.16196769159236335,0.5045802315439023,0.20000000298023224,0.2097191072206206,0.009719104240388354,0.556396484375,0.375
0,C_no_daily,dev2,chips,1d_8pct,matched_R0,True,160,20,8,0.0906982234356433,0.3268080386106466,0.10000000149011612,0.08678209095114,0.013217910538976113,0.5629340277777777,0.27037037037037037
0,C_no_daily,dev2,chips,3d_3pct,matched_R0,True,160,20,8,0.24986569072514145,0.6956752684151926,0.5874999761581421,0.6659546064144202,0.07845463025627808,0.5270793036750483,0.39361702127659576
0,C_no_daily,dev2,chips,3d_5pct,matched_R0,True,160,20,8,0.249785874153397,0.6927519757599883,0.40625,0.47924250391639023,0.07299250391639023,0.5361943319838057,0.3947730398899587
0,C_no_daily,dev2,chips,3d_8pct,matched_R0,True,160,20,8,0.20687065464043536,0.6033568400889774,0.28125,0.30122236568523075,0.019972365685230753,0.5590338164251207,0.3591905564924115
0,C_no_daily,dev2,chips,5d_3pct,matched_R0,True,160,20,8,0.22005754246848114,0.6362203722194071,0.6875,0.7483113241526282,0.06081132415262824,0.522909090909091,0.3398203592814371
0,C_no_daily,dev2,chips,5d_5pct,matched_R0,True,160,20,8,0.2631956722237426,0.722639455202926,0.5062500238418579,0.6123994342455179,0.10614941040366,0.5480543834974214,0.3164218958611482
0,C_no_daily,dev2,chips,5d_8pct,matched_R0,True,160,20,8,0.2338658826664818,0.6598280251653762,0.34375,0.41894479131054857,0.07519479131054857,0.5645021645021645,0.3358547655068079
0,C_no_daily,dev2,optics,1d_3pct,matched_R0,True,240,20,12,0.29374560525492643,0.7914350507859086,0.5375000238418579,0.34460281278845895,0.19289721105339896,0.5046441790627837,0.38526912181303113
0,C_no_daily,dev2,optics,1d_5pct,matched_R0,True,240,20,12,0.25831881514305033,0.7677533960267642,0.3291666805744171,0.1575093210902023,0.17165735948421482,0.4660743769164243,0.4081408140814081
0,C_no_daily,dev2,optics,1d_8pct,matched_R0,True,240,20,12,0.17433993034882528,0.6236498939227894,0.19166666269302368,0.06045966168755723,0.13120700100546645,0.4616763783056925,0.4319526627218935
0,C_no_daily,dev2,optics,3d_3pct,matched_R0,True,240,20,12,0.2333471596770019,0.6599744593549737,0.6833333373069763,0.6044094847197361,0.07892385258724022,0.4741655969191271,0.36058700209643607
0,C_no_daily,dev2,optics,3d_5pct,matched_R0,True,240,20,12,0.2781813788345291,0.7563537670363141,0.5333333611488342,0.401819758210776,0.13151360293805825,0.5021623883928572,0.41522157996146436
0,C_no_daily,dev2,optics,3d_8pct,matched_R0,True,240,20,12,0.2868250401233908,0.8109263667289662,0.40416666865348816,0.2248442808452502,0.17932238780823795,0.46723379713070434,0.39331366764995085
0,C_no_daily,dev2,optics,5d_3pct,matched_R0,True,240,20,12,0.19149749717065198,0.5733499871673714,0.7749999761581421,0.6878473295238605,0.08715264663428157,0.45649143767423334,0.3367088607594937
0,C_no_daily,dev2,optics,5d_5pct,matched_R0,True,240,20,12,0.26010760889479634,0.7150007248522463,0.6208333373069763,0.535628708993287,0.08520462831368936,0.46765985692160184,0.3690596562184024
0,C_no_daily,dev2,optics,5d_8pct,matched_R0,True,240,20,12,0.30916133727915635,0.8320566573982807,0.5208333134651184,0.3350940858466883,0.1857392276184301,0.42608695652173917,0.36184857423795475
0,C_no_daily,dev2,storage,1d_3pct,matched_R0,True,80,20,4,0.24725064481535303,0.6876573260607923,0.5249999761581421,0.49826052994327324,0.026739446214868845,0.5927318295739348,0.558974358974359
0,C_no_daily,dev2,storage,1d_5pct,matched_R0,True,80,20,4,0.21532918094815834,0.6228622119837154,0.3125,0.287140997544297,0.025359002455702995,0.5381818181818182,0.5743440233236151
0,C_no_daily,dev2,storage,1d_8pct,matched_R0,True,80,20,4,0.20520355966670617,0.6309222993150858,0.25,0.12853336345485042,0.12146663654514958,0.4266666666666666,0.44932432432432434
0,C_no_daily,dev2,storage,3d_3pct,matched_R0,True,80,20,4,0.2272721302962574,0.6481551251402401,0.6625000238418579,0.7367850984179102,0.07428507457605227,0.583508036338225,0.4985754985754986
0,C_no_daily,dev2,storage,3d_5pct,matched_R0,True,80,20,4,0.2495516487489789,0.6922657884909867,0.550000011920929,0.5770925644004092,0.02709255247948028,0.5113636363636364,0.4746192893401015
0,C_no_daily,dev2,storage,3d_8pct,matched_R0,True,80,20,4,0.2504628788433688,0.6946921570170629,0.42500001192092896,0.41163788849015326,0.013362123430775696,0.4635549872122762,0.45897435897435895
0,C_no_daily,dev2,storage,5d_3pct,matched_R0,True,80,20,4,0.17501993992968043,0.5352995664041169,0.7749999761581421,0.8133932274833668,0.03839325132522475,0.5519713261648745,0.5251798561151079
0,C_no_daily,dev2,storage,5d_5pct,matched_R0,True,80,20,4,0.21662850406122294,0.6255105828863166,0.6875,0.7056757311224467,0.018175731122446748,0.4763636363636363,0.4752186588921283
0,C_no_daily,dev2,storage,5d_8pct,matched_R0,True,80,20,4,0.2521875222630655,0.6976451416437477,0.5625,0.5372188501373802,0.025281149862619756,0.433015873015873,0.4402035623409669
1,B_group,dev1,chips,1d_3pct,balance,False,152,19,8,0.2315871563857166,0.6564714007362525,0.4934210479259491,0.45934601083107307,0.034075037094876026,0.6524675324675325,0.4718543046357616
1,B_group,dev1,chips,1d_5pct,balance,False,152,19,8,0.20391277637524488,0.5897295470037357,0.30921053886413574,0.2864144410835644,0.022796097780571345,0.6599797365754813,0.5209125475285171
1,B_group,dev1,chips,1d_8pct,balance,False,152,19,8,0.1092678800298881,0.37387854257655245,0.125,0.12897055332918625,0.003970553329186249,0.6015037593984962,0.4482758620689655
1,B_group,dev1,chips,3d_3pct,balance,False,152,19,8,0.2172669762716659,0.6445804869568253,0.6907894611358643,0.78465498398304,0.09386552284717575,0.6010131712259372,0.45726495726495725
1,B_group,dev1,chips,3d_5pct,balance,False,152,19,8,0.2511746968755657,0.694912858266665,0.5394737124443054,0.4582221465411844,0.08125156590312099,0.544773519163763,0.38494809688581316
1,B_group,dev1,chips,3d_8pct,balance,False,152,19,8,0.20067118747780732,0.5790398224745904,0.32894736528396606,0.35545852948960865,0.02651116420564259,0.6611764705882353,0.4839622641509434
1,B_group,dev1,chips,5d_3pct,balance,False,152,19,8,0.21624269122930476,0.6625338978795849,0.7302631735801697,0.8969555053131975,0.16669233173302778,0.6635904196879807,0.4676724137931034
1,B_group,dev1,chips,5d_5pct,balance,False,152,19,8,0.22449911447596327,0.6497442556481164,0.6118420958518982,0.7697459917789379,0.15790389592703968,0.7293603061782395,0.5573122529644269
1,B_group,dev1,chips,5d_8pct,balance,False,152,19,8,0.21940429815894957,0.6279241293137148,0.44078946113586426,0.5025198264880293,0.06173036535216503,0.6961369622475857,0.5424187725631769
1,B_group,dev1,optics,1d_3pct,balance,False,228,19,12,0.21397688417613295,0.6157052906474091,0.5745614171028137,0.49728266363345364,0.07727875346936008,0.7109467222790588,0.5972850678733032
1,B_group,dev1,optics,1d_5pct,balance,False,228,19,12,0.19717387931288824,0.5733403595527797,0.35087719559669495,0.31021300663522106,0.04066418896147389,0.7356418918918919,0.5910194174757282
1,B_group,dev1,optics,1d_8pct,balance,False,228,19,12,0.1180516641780484,0.3932264196457164,0.14473684132099152,0.145112732936939,0.0003758916159474768,0.67008547008547,0.5166666666666667
1,B_group,dev1,optics,3d_3pct,balance,False,228,19,12,0.19508448035422676,0.5882667861374105,0.7105262875556946,0.7901336487183896,0.07960736116269507,0.648989898989899,0.5207715133531158
1,B_group,dev1,optics,3d_5pct,balance,False,228,19,12,0.2495947951227688,0.6923418855675088,0.5175438523292542,0.4683181169363882,0.049225735392865955,0.562904468412943,0.48419864559819414
1,B_group,dev1,optics,3d_8pct,balance,False,228,19,12,0.21285506114730407,0.6105656608925156,0.359649121761322,0.36041834152057295,0.0007692197592509276,0.6507266956231205,0.45605700712589076
1,B_group,dev1,optics,5d_3pct,balance,False,228,19,12,0.18845381998622718,0.5800992964845063,0.7543859481811523,0.8940425381097116,0.13965658992855923,0.7165178571428572,0.5592105263157895
1,B_group,dev1,optics,5d_5pct,balance,False,228,19,12,0.2631169059346813,0.7567880820416162,0.5789473652839661,0.7897162361881267,0.21076887090416063,0.658499053030303,0.49704491725768324
1,B_group,dev1,optics,5d_8pct,balance,False,228,19,12,0.22003478283198805,0.6295521493405246,0.4385964870452881,0.5221316042639947,0.08353511721870666,0.7191796875,0.5998831775700935
1,B_group,dev1,storage,1d_3pct,balance,False,76,19,4,0.2725691447712386,0.7422194025216098,0.6184210777282715,0.5020306524662439,0.11639042526202759,0.46955245781364635,0.4940828402366864
1,B_group,dev1,storage,1d_5pct,balance,False,76,19,4,0.24104468582804298,0.6784928553968514,0.3947368562221527,0.32117797102909623,0.07355888519305648,0.5855072463768116,0.5701754385964912
1,B_group,dev1,storage,1d_8pct,balance,False,76,19,4,0.1784435745904551,0.5514010375144306,0.22368420660495758,0.12165704783955018,0.1020271587654074,0.6226321036889333,0.657258064516129
1,B_group,dev1,storage,3d_3pct,balance,False,76,19,4,0.15825907383888232,0.49400385303113864,0.7894737124443054,0.8329485416452018,0.0434748292008964,0.7197916666666666,0.7086956521739131
1,B_group,dev1,storage,3d_5pct,balance,False,76,19,4,0.2690175304604741,0.7314475108346129,0.6842105388641357,0.4744776499923657,0.20973288887177005,0.40544871794871795,0.3509933774834437
1,B_group,dev1,storage,3d_8pct,balance,False,76,19,4,0.2615709849560528,0.7214354336335898,0.5,0.409685815063327,0.09031418493667298,0.5526315789473684,0.5056818181818182
1,B_group,dev1,storage,5d_3pct,balance,False,76,19,4,0.16002265550125117,0.52618342094604,0.8157894611358643,0.9131159593472613,0.09732649821139705,0.5587557603686636,0.5235849056603774
1,B_group,dev1,storage,5d_5pct,balance,False,76,19,4,0.19174131531708297,0.5795132909740108,0.7631579041481018,0.8001687961353248,0.03701089198722296,0.43199233716475094,0.4453125
1,B_group,dev1,storage,5d_8pct,balance,False,76,19,4,0.24715840240016398,0.6875329077209349,0.5921052694320679,0.540118172239944,0.05198709719212391,0.5046594982078852,0.4415204678362573
1,B_group,dev2,chips,1d_3pct,balance,False,160,20,8,0.22657112974283064,0.6437690572733483,0.4000000059604645,0.4755378976201358,0.07553789165967134,0.6611328124999999,0.5912921348314607
1,B_group,dev2,chips,1d_5pct,balance,False,160,20,8,0.16021475396581614,0.49636112711675384,0.20000000298023224,0.27668691244349625,0.07668690946326401,0.652099609375,0.5395833333333333
1,B_group,dev2,chips,1d_8pct,balance,False,160,20,8,0.08689327527004538,0.3065988775140422,0.10000000149011612,0.12212664663966315,0.022126645149547028,0.7074652777777778,0.5037037037037037
1,B_group,dev2,chips,3d_3pct,balance,False,160,20,8,0.2870840498588004,0.8046069279154834,0.5874999761581421,0.8054079321363525,0.21790795597821044,0.5786589297227597,0.5465425531914894
1,B_group,dev2,chips,3d_5pct,balance,False,160,20,8,0.2900073778862353,0.7791654433021586,0.40625,0.641620494004813,0.23537049400481302,0.6149797570850203,0.5275103163686382
1,B_group,dev2,chips,3d_8pct,balance,False,160,20,8,0.2284337172509409,0.6464513249151962,0.28125,0.44188401129430055,0.16063401129430055,0.5725603864734299,0.3608768971332209
1,B_group,dev2,chips,5d_3pct,balance,False,160,20,8,0.24788649326805504,0.7378479485771651,0.6875,0.8712128795463195,0.18371287954631954,0.5735454545454545,0.5202095808383234
1,B_group,dev2,chips,5d_5pct,balance,False,160,20,8,0.3013055641451112,0.8198865889209042,0.5062500238418579,0.7418793313394935,0.23562930749763555,0.6045475855602437,0.49065420560747663
1,B_group,dev2,chips,5d_8pct,balance,False,160,20,8,0.286131207117824,0.7699334249391356,0.34375,0.6047724896100453,0.26102248961004526,0.6056277056277056,0.48714069591527986
1,B_group,dev2,optics,1d_3pct,balance,False,240,20,12,0.22322970189943644,0.6375762431294663,0.5375000238418579,0.5104396850745755,0.02706033876728242,0.6963475103009987,0.6317280453257791
1,B_group,dev2,optics,1d_5pct,balance,False,240,20,12,0.20142706003755695,0.5856147423014367,0.3291666805744171,0.309288722899164,0.019877957675253133,0.6904630867206542,0.5753575357535754
1,B_group,dev2,optics,1d_8pct,balance,False,240,20,12,0.1519549664669753,0.47710427799080685,0.19166666269302368,0.14772856422352457,0.043938098469499115,0.6438816674137159,0.46005917159763315
1,B_group,dev2,optics,3d_3pct,balance,False,240,20,12,0.22742608129032027,0.6594378293497719,0.6833333373069763,0.8120400451851641,0.12870670787818783,0.6215500641848525,0.5303983228511531
1,B_group,dev2,optics,3d_5pct,balance,False,240,20,12,0.24845387067006702,0.6918958347656944,0.5333333611488342,0.66143465116923,0.12810129002039572,0.6511928013392856,0.5375722543352601
1,B_group,dev2,optics,3d_8pct,balance,False,240,20,12,0.23798559646975107,0.6650203547405354,0.40416666865348816,0.47422974351717523,0.07006307486368707,0.5789056304520221,0.3805309734513274
1,B_group,dev2,optics,5d_3pct,balance,False,240,20,12,0.1862342646030393,0.5797966148849738,0.7749999761581421,0.8792434955213778,0.10424351936323573,0.5691955396256472,0.44113924050632913
1,B_group,dev2,optics,5d_5pct,balance,False,240,20,12,0.23582303997645288,0.6714088561701866,0.6208333373069763,0.759600511443981,0.13876717413700468,0.682572461095951,0.5399393326592518
1,B_group,dev2,optics,5d_8pct,balance,False,240,20,12,0.23663662783370762,0.6662902197408267,0.5208333134651184,0.600753696503168,0.0799203830380496,0.6672695652173913,0.5181907571288102
1,B_group,dev2,storage,1d_3pct,balance,False,80,20,4,0.2555071767084008,0.7050994204011067,0.5249999761581421,0.5726857871515962,0.04768581099345415,0.5087719298245614,0.5051282051282051
1,B_group,dev2,storage,1d_5pct,balance,False,80,20,4,0.2126658145419083,0.6138455354233806,0.3125,0.3664971778418266,0.053997177841826616,0.6174545454545455,0.6326530612244898
1,B_group,dev2,storage,1d_8pct,balance,False,80,20,4,0.1938128575649975,0.5829116701552779,0.25,0.17523003371827026,0.07476996628172974,0.5641666666666667,0.5777027027027027
1,B_group,dev2,storage,3d_3pct,balance,False,80,20,4,0.2595481569446113,0.7528913675988445,0.6625000238418579,0.8427348746852912,0.18023485084343327,0.4234800838574423,0.4188034188034188
1,B_group,dev2,storage,3d_5pct,balance,False,80,20,4,0.27365509955707745,0.7469711834000953,0.550000011920929,0.7042576260333757,0.15425761411244676,0.4387626262626263,0.46573604060913704
1,B_group,dev2,storage,3d_8pct,balance,False,80,20,4,0.2756711328371354,0.7463068543987242,0.42500001192092896,0.5394752131978322,0.11447520127690325,0.3734015345268542,0.36153846153846153
1,B_group,dev2,storage,5d_3pct,balance,False,80,20,4,0.1892958709462124,0.597361128714588,0.7749999761581421,0.8979043839011485,0.12290440774300637,0.5094086021505376,0.5107913669064749
1,B_group,dev2,storage,5d_5pct,balance,False,80,20,4,0.23286643203953092,0.6735988388882983,0.6875,0.806955525498398,0.119455525498398,0.4301818181818182,0.44169096209912534
1,B_group,dev2,storage,5d_8pct,balance,False,80,20,4,0.265160585977729,0.7273252458878897,0.5625,0.6673572422398841,0.10485724223988413,0.35015873015873017,0.3435114503816794
1,B_no_group,dev1,chips,1d_3pct,balance,False,152,19,8,0.225028459908317,0.6467302557627882,0.4934210479259491,0.5064693070301248,0.01304825910417573,0.6916017316017317,0.5529801324503312
1,B_no_group,dev1,chips,1d_5pct,balance,False,152,19,8,0.2023136480136913,0.5843749509171434,0.30921053886413574,0.33638882307790824,0.027178284213772497,0.6676798378926039,0.5304182509505704
1,B_no_group,dev1,chips,1d_8pct,balance,False,152,19,8,0.1096626143376253,0.37504309691861915,0.125,0.12291792664463212,0.0020820733553678777,0.5817174515235457,0.4241379310344828
1,B_no_group,dev1,chips,3d_3pct,balance,False,152,19,8,0.23768833745396317,0.7229670580146152,0.6907894611358643,0.878231729453767,0.18744226831790278,0.641742654508612,0.4658119658119658
1,B_no_group,dev1,chips,3d_5pct,balance,False,152,19,8,0.2534102139935879,0.7166853192690096,0.5394737124443054,0.7383257951388335,0.19885208269452803,0.7125435540069686,0.5415224913494809
1,B_no_group,dev1,chips,3d_8pct,balance,False,152,19,8,0.22836525395595228,0.6439368265468426,0.32894736528396606,0.5077320847285737,0.1787847194446076,0.6968627450980392,0.5
1,B_no_group,dev1,chips,5d_3pct,balance,False,152,19,8,0.22108694359079487,0.7049554762613475,0.7302631735801697,0.922703075233304,0.1924399016531343,0.7070973412436826,0.5797413793103449
1,B_no_group,dev1,chips,5d_5pct,balance,False,152,19,8,0.279217151389919,0.8266744534394014,0.6118420958518982,0.8790609167003336,0.2672188208484354,0.7461272097685437,0.5454545454545454
1,B_no_group,dev1,chips,5d_8pct,balance,False,152,19,8,0.3227245986486393,0.9107701420772857,0.44078946113586426,0.7827484681911555,0.34195900705529125,0.7401229148375769,0.572202166064982
1,B_no_group,dev1,optics,1d_3pct,balance,False,228,19,12,0.21371632841230712,0.617383034196505,0.5745614171028137,0.537987164292425,0.03657425281038873,0.7062249154009601,0.6006787330316742
1,B_no_group,dev1,optics,1d_5pct,balance,False,228,19,12,0.20063106640386452,0.5822160675890098,0.35087719559669495,0.3588133485143405,0.007936152917645545,0.7070101351351353,0.5388349514563107
1,B_no_group,dev1,optics,1d_8pct,balance,False,228,19,12,0.11910764790829992,0.3953169524538523,0.14473684132099152,0.1388599839092066,0.005876857411784925,0.6551670551670551,0.47291666666666665
1,B_no_group,dev1,optics,3d_3pct,balance,False,228,19,12,0.19409151083105067,0.5931778293130384,0.7105262875556946,0.850671510962831,0.14014522340713642,0.7138047138047138,0.5222551928783383
1,B_no_group,dev1,optics,3d_5pct,balance,False,228,19,12,0.26137201706203717,0.7369588984790381,0.5175438523292542,0.7337191202851349,0.2161752679558807,0.6978428351309708,0.5496613995485328
1,B_no_group,dev1,optics,3d_8pct,balance,False,228,19,12,0.24164886786704853,0.6731734393552421,0.359649121761322,0.5305209793908813,0.17087185762955925,0.6601653859004343,0.5112826603325415
1,B_no_group,dev1,optics,5d_3pct,balance,False,228,19,12,0.18794386706253954,0.5984115781871541,0.7543859481811523,0.9104809671776111,0.15609501899645872,0.7223837209302325,0.5789473684210527
1,B_no_group,dev1,optics,5d_5pct,balance,False,228,19,12,0.2929164640724932,0.8967420298845232,0.5789473652839661,0.8667954075617923,0.28784804227782623,0.6943655303030303,0.5070921985815603
1,B_no_group,dev1,optics,5d_8pct,balance,False,228,19,12,0.3123752018827909,0.8810558030364805,0.4385964870452881,0.7507259919442166,0.31212950489892854,0.695078125,0.5058411214953271
1,B_no_group,dev1,storage,1d_3pct,balance,False,76,19,4,0.2616786381846633,0.722240737725191,0.6184210777282715,0.551692470177899,0.06672860755037247,0.49303008070432863,0.514792899408284
1,B_no_group,dev1,storage,1d_5pct,balance,False,76,19,4,0.2394148927029718,0.6739411261379435,0.3947368562221527,0.3899600513500762,0.00477680487207649,0.5731884057971014,0.5555555555555556
1,B_no_group,dev1,storage,1d_8pct,balance,False,76,19,4,0.1818311130826148,0.564192155836284,0.22368420660495758,0.1169922735761054,0.10669193302885219,0.6345962113659023,0.6512096774193549
1,B_no_group,dev1,storage,3d_3pct,balance,False,76,19,4,0.1734304305796198,0.5488684463255384,0.7894737124443054,0.8939672810248288,0.10449356858052339,0.6458333333333334,0.6434782608695652
1,B_no_group,dev1,storage,3d_5pct,balance,False,76,19,4,0.23377798398883554,0.674454875470583,0.6842105388641357,0.7917866961310926,0.1075761572669569,0.47916666666666663,0.4304635761589404
1,B_no_group,dev1,storage,3d_8pct,balance,False,76,19,4,0.26026849532061824,0.7174475084504739,0.5,0.6137195486591009,0.11371954865910094,0.5235457063711911,0.5
1,B_no_group,dev1,storage,5d_3pct,balance,False,76,19,4,0.16327395766453032,0.5546682879337217,0.8157894611358643,0.9335969879376244,0.1178075268017601,0.586405529953917,0.5424528301886793
1,B_no_group,dev1,storage,5d_5pct,balance,False,76,19,4,0.204052701031485,0.6625584767173777,0.7631579041481018,0.9190765563834148,0.15591865223531298,0.5919540229885057,0.53125
1,B_no_group,dev1,storage,5d_8pct,balance,False,76,19,4,0.3124943989275413,0.8951278041510722,0.5921052694320679,0.8619538893141512,0.2698486198820833,0.5770609318996416,0.5233918128654971
1,B_no_group,dev2,chips,1d_3pct,balance,False,160,20,8,0.255560720395924,0.7074890184779146,0.4000000059604645,0.5365230458061429,0.13652303984567837,0.61083984375,0.4789325842696629
1,B_no_group,dev2,chips,1d_5pct,balance,False,160,20,8,0.16477283301860915,0.505722654737969,0.20000000298023224,0.2987586286814958,0.09875862570126354,0.6605224609375,0.5114583333333333
1,B_no_group,dev2,chips,1d_8pct,balance,False,160,20,8,0.0921502798567016,0.3149632781827716,0.10000000149011612,0.14673524605579044,0.04673524456567432,0.7013888888888888,0.48148148148148145
1,B_no_group,dev2,chips,3d_3pct,balance,False,160,20,8,0.267339527037689,0.7421522736364823,0.5874999761581421,0.7518029479733922,0.1643029718152501,0.5167633784655061,0.488031914893617
1,B_no_group,dev2,chips,3d_5pct,balance,False,160,20,8,0.2679021551562394,0.7316037590356774,0.40625,0.58605173919942,0.17980173919942,0.5852631578947368,0.43191196698762035
1,B_no_group,dev2,chips,3d_8pct,balance,False,160,20,8,0.20446233516003787,0.598664221085994,0.28125,0.39292994653912805,0.11167994653912805,0.6454106280193237,0.47892074198988194
1,B_no_group,dev2,chips,5d_3pct,balance,False,160,20,8,0.23026003261269085,0.6686378100137998,0.6875,0.8176175799511032,0.13011757995110318,0.5500909090909091,0.47754491017964074
1,B_no_group,dev2,chips,5d_5pct,balance,False,160,20,8,0.28387905691676546,0.770704897288552,0.5062500238418579,0.7056754905371946,0.19942546669533667,0.6112673855289888,0.4706275033377837
1,B_no_group,dev2,chips,5d_8pct,balance,False,160,20,8,0.2562195175073959,0.7057939259465492,0.34375,0.5410530321766176,0.1973030321766176,0.6216450216450217,0.5173978819969742
1,B_no_group,dev2,optics,1d_3pct,balance,False,240,20,12,0.23901070178344894,0.6730702385230903,0.5375000238418579,0.5805691868518036,0.04306916300994568,0.61484740554508,0.4693106704438149
1,B_no_group,dev2,optics,1d_5pct,balance,False,240,20,12,0.20136541520967352,0.5847781363444992,0.3291666805744171,0.3371359193363363,0.007969238761919184,0.6808711376680557,0.5434543454345434
1,B_no_group,dev2,optics,1d_8pct,balance,False,240,20,12,0.14978400592086097,0.46323349061988267,0.19166666269302368,0.17389581046635302,0.017770852226670658,0.6768265351860152,0.522189349112426
1,B_no_group,dev2,optics,3d_3pct,balance,False,240,20,12,0.21512118251905835,0.6238236330102457,0.6833333373069763,0.7552120637011068,0.07187872639413051,0.5686777920410783,0.46226415094339623
1,B_no_group,dev2,optics,3d_5pct,balance,False,240,20,12,0.23868471840223737,0.6710887325947316,0.5333333611488342,0.6075743927857945,0.07424103163696028,0.5755092075892858,0.4253371868978805
1,B_no_group,dev2,optics,3d_8pct,balance,False,240,20,12,0.23395182282150262,0.6596750438217907,0.40416666865348816,0.4171481443885206,0.012981475735032444,0.6068055655684522,0.4464110127826942
1,B_no_group,dev2,optics,5d_3pct,balance,False,240,20,12,0.17493407850395648,0.5360389349850992,0.7749999761581421,0.8246315033681443,0.04963152721000219,0.568199920350458,0.5063291139240507
1,B_no_group,dev2,optics,5d_5pct,balance,False,240,20,12,0.22888743520774632,0.651994028853283,0.6208333373069763,0.7158710867756609,0.0950377494686846,0.6293605723135924,0.4716885743174924
1,B_no_group,dev2,optics,5d_8pct,balance,False,240,20,12,0.24040286418531878,0.6738189246208035,0.5208333134651184,0.5439428439353071,0.02310953047018871,0.6194086956521738,0.4488692232055064
1,B_no_group,dev2,storage,1d_3pct,balance,False,80,20,4,0.2823476127937657,0.7658679423319968,0.5249999761581421,0.6766692344288693,0.1516692582707272,0.45050125313283207,0.4512820512820513
1,B_no_group,dev2,storage,1d_5pct,balance,False,80,20,4,0.21215920260398047,0.6148878508374993,0.3125,0.42043384566717223,0.10793384566717223,0.6843636363636364,0.6938775510204082
1,B_no_group,dev2,storage,1d_8pct,balance,False,80,20,4,0.17820929024427054,0.5355688634049404,0.25,0.2505947214402528,0.0005947214402527989,0.6458333333333334,0.6993243243243243
1,B_no_group,dev2,storage,3d_3pct,balance,False,80,20,4,0.24236654688733744,0.6904965986746152,0.6625000238418579,0.7929982032758299,0.13049817943397202,0.47309573724668064,0.4415954415954416
1,B_no_group,dev2,storage,3d_5pct,balance,False,80,20,4,0.26738816904470486,0.7318034529299113,0.550000011920929,0.670269204578857,0.12026919265792801,0.37247474747474746,0.36421319796954316
1,B_no_group,dev2,storage,3d_8pct,balance,False,80,20,4,0.2469930186103404,0.6874594771006969,0.42500001192092896,0.43578515242647775,0.010785140505548796,0.48177749360613803,0.4512820512820513
1,B_no_group,dev2,storage,5d_3pct,balance,False,80,20,4,0.17911059524838008,0.5496214427320167,0.7749999761581421,0.843345155772609,0.06834517961446696,0.5367383512544802,0.5701438848920863
1,B_no_group,dev2,storage,5d_5pct,balance,False,80,20,4,0.22061319863723164,0.6357981020385948,0.6875,0.7532705807212079,0.0657705807212079,0.5076363636363637,0.5379008746355685
1,B_no_group,dev2,storage,5d_8pct,balance,False,80,20,4,0.24952134076049842,0.6922411018650247,0.5625,0.5787750398549637,0.016275039854963702,0.46,0.4592875318066158
1,C_group,dev1,chips,1d_3pct,balance,True,152,19,8,0.2572876036886177,0.7079912441587058,0.4934210479259491,0.4050254772631811,0.08839557066276799,0.5925541125541125,0.5645695364238411
1,C_group,dev1,chips,1d_5pct,balance,True,152,19,8,0.21944117220531179,0.6337647239480235,0.30921053886413574,0.22843091188690612,0.08077962697722962,0.6439716312056738,0.5779467680608364
1,C_group,dev1,chips,1d_8pct,balance,True,152,19,8,0.10911154906925695,0.3756063522977583,0.125,0.13136524982064623,0.006365249820646235,0.6474079936683815,0.593103448275862
1,C_group,dev1,chips,3d_3pct,balance,True,152,19,8,0.2149672117958975,0.6215470706652845,0.6907894611358643,0.6590339205450241,0.03175554059084018,0.37953394123606893,0.5384615384615384
1,C_group,dev1,chips,3d_5pct,balance,True,152,19,8,0.24942418518588702,0.6919955249195832,0.5394737124443054,0.500074782845962,0.03939892959834346,0.6487804878048781,0.6868512110726643
1,C_group,dev1,chips,3d_8pct,balance,True,152,19,8,0.22228183644577157,0.6370775251692337,0.32894736528396606,0.2844741617872645,0.044473203496701585,0.6001960784313726,0.44528301886792454
1,C_group,dev1,chips,5d_3pct,balance,True,152,19,8,0.19736253874327012,0.5839904423603779,0.7302631735801697,0.7408437108021096,0.010580537221939967,0.44407822456602947,0.6487068965517241
1,C_group,dev1,chips,5d_5pct,balance,True,152,19,8,0.23805773474115727,0.6690927962365946,0.6118420958518982,0.5885961701129216,0.023245925738976547,0.47257153271368696,0.5039525691699605
1,C_group,dev1,chips,5d_8pct,balance,True,152,19,8,0.2486852445722641,0.690517182273694,0.44078946113586426,0.4837433440531304,0.04295388291726615,0.41439859525899914,0.30685920577617326
1,C_group,dev1,optics,1d_3pct,balance,True,228,19,12,0.2732057515936044,0.7402446383319029,0.5745614171028137,0.4042369904837239,0.1703244266190898,0.5396238293853781,0.4841628959276018
1,C_group,dev1,optics,1d_5pct,balance,True,228,19,12,0.24231572915580132,0.6851788488850394,0.35087719559669495,0.231159239652716,0.11971795594397894,0.4577702702702703,0.5182038834951457
1,C_group,dev1,optics,1d_8pct,balance,True,228,19,12,0.12401852354701356,0.41443797939046934,0.14473684132099152,0.13376454776499613,0.010972293555995383,0.466045066045066,0.4791666666666667
1,C_group,dev1,optics,3d_3pct,balance,True,228,19,12,0.20837709303664914,0.6078467636990043,0.7105262875556946,0.6569662590489781,0.053560028506716484,0.5548073325851103,0.37091988130563797
1,C_group,dev1,optics,3d_5pct,balance,True,228,19,12,0.24963308931861364,0.692413342891152,0.5175438523292542,0.4999668436080956,0.017577008721158527,0.5973805855161787,0.5665914221218962
1,C_group,dev1,optics,3d_8pct,balance,True,228,19,12,0.23595881344354522,0.6664812695478677,0.359649121761322,0.2860145304460815,0.07363459131524053,0.4589041095890411,0.4857482185273159
1,C_group,dev1,optics,5d_3pct,balance,True,228,19,12,0.1849642016024617,0.5566466237102857,0.7543859481811523,0.7371993750029265,0.017186573178225806,0.6278031561461794,0.5444078947368421
1,C_group,dev1,optics,5d_5pct,balance,True,228,19,12,0.24342642995319713,0.6799275849127847,0.5789473652839661,0.585920467373125,0.006973102089158911,0.5589488636363636,0.4739952718676123
1,C_group,dev1,optics,5d_8pct,balance,True,228,19,12,0.24759070939631728,0.6883251652727046,0.4385964870452881,0.4816690098399197,0.04307252279463164,0.5806250000000001,0.4719626168224299
1,C_group,dev1,storage,1d_3pct,balance,True,76,19,4,0.2817181301577511,0.7574862888167563,0.6184210777282715,0.4045729745548504,0.21384810317342107,0.5223771093176816,0.5
1,C_group,dev1,storage,1d_5pct,balance,True,76,19,4,0.26806542496607993,0.7440661994938013,0.3947368562221527,0.22481557467015278,0.16992128155199993,0.4449275362318841,0.4298245614035088
1,C_group,dev1,storage,1d_8pct,balance,True,76,19,4,0.1829537343439077,0.5668532947745177,0.22368420660495758,0.12772053972812522,0.09596366687683236,0.49252243270189433,0.4717741935483871
1,C_group,dev1,storage,3d_3pct,balance,True,76,19,4,0.18257532518806857,0.5542790822302546,0.7894737124443054,0.6600490849362811,0.1294246275080243,0.6729166666666666,0.6260869565217392
1,C_group,dev1,storage,3d_5pct,balance,True,76,19,4,0.24975595536477516,0.6926590862764307,0.6842105388641357,0.4996075614458771,0.18460297741825865,0.6738782051282052,0.7052980132450332
1,C_group,dev1,storage,3d_8pct,balance,True,76,19,4,0.2980198119304614,0.7997972166873778,0.5,0.2813637760466749,0.2186362239533251,0.4515235457063712,0.4403409090909091
1,C_group,dev1,storage,5d_3pct,balance,True,76,19,4,0.15513050437412246,0.4914523171945661,0.8157894611358643,0.7432270993052273,0.07256236183063691,0.6267281105990783,0.589622641509434
1,C_group,dev1,storage,5d_5pct,balance,True,76,19,4,0.2114917965787603,0.6154039926608164,0.7631579041481018,0.587858269178887,0.17529963496921486,0.514367816091954,0.48828125
1,C_group,dev1,storage,5d_8pct,balance,True,76,19,4,0.25354758544041134,0.7002455344409552,0.5921052694320679,0.4835148758966718,0.10859039353539607,0.4516129032258064,0.4064327485380117
1,C_group,dev2,chips,1d_3pct,balance,True,160,20,8,0.24150145703092324,0.6760822576017173,0.4000000059604645,0.4399087390222111,0.03990873306174664,0.5099283854166666,0.5674157303370787
1,C_group,dev2,chips,1d_5pct,balance,True,160,20,8,0.16295124416547546,0.5085987806506935,0.20000000298023224,0.2555399117926093,0.05553990881237708,0.556640625,0.46041666666666664
1,C_group,dev2,chips,1d_8pct,balance,True,160,20,8,0.09103283163548762,0.32992776792887846,0.10000000149011612,0.13429933133362595,0.034299329843509835,0.5720486111111112,0.4185185185185185
1,C_group,dev2,chips,3d_3pct,balance,True,160,20,8,0.25314012666818175,0.7017966282353678,0.5874999761581421,0.6916162659440216,0.1041162897858795,0.5077369439071566,0.613031914893617
1,C_group,dev2,chips,3d_5pct,balance,True,160,20,8,0.2655408213970515,0.7244119171917689,0.40625,0.5623879093011582,0.15613790930115823,0.4932793522267207,0.5639614855570839
1,C_group,dev2,chips,3d_8pct,balance,True,160,20,8,0.2216962218305857,0.6361145021065098,0.28125,0.42079687756101797,0.13954687756101797,0.463768115942029,0.45193929173693087
1,C_group,dev2,chips,5d_3pct,balance,True,160,20,8,0.22321785782914,0.6434874823680452,0.6875,0.7806761473048522,0.09317614730485224,0.5363636363636364,0.5089820359281437
1,C_group,dev2,chips,5d_5pct,balance,True,160,20,8,0.2652423620047758,0.7247575528108462,0.5062500238418579,0.6299587381932101,0.12370871435135222,0.4941397093295828,0.46328437917222964
1,C_group,dev2,chips,5d_8pct,balance,True,160,20,8,0.25819739300283456,0.7095565456578484,0.34375,0.5241303086303891,0.18038030863038912,0.46995670995671,0.4689863842662632
1,C_group,dev2,optics,1d_3pct,balance,True,240,20,12,0.2579457895362069,0.7091320895879145,0.5375000238418579,0.43822588273496366,0.09927414110689425,0.5721768279907815,0.5873465533522191
1,C_group,dev2,optics,1d_5pct,balance,True,240,20,12,0.22560888683782315,0.6454309157070284,0.3291666805744171,0.2598677124010664,0.06929896817335074,0.49445711140812965,0.48184818481848185
1,C_group,dev2,optics,1d_8pct,balance,True,240,20,12,0.15772801041338008,0.4993179321601518,0.19166666269302368,0.139331485209552,0.05233517748347169,0.49249215598386376,0.47928994082840237
1,C_group,dev2,optics,3d_3pct,balance,True,240,20,12,0.21632054309662016,0.6241725706145638,0.6833333373069763,0.6874242491388944,0.00409091183191812,0.5273587933247754,0.5754716981132075
1,C_group,dev2,optics,3d_5pct,balance,True,240,20,12,0.24944134099344745,0.6920385220335388,0.5333333611488342,0.5609910091139014,0.0276576479650672,0.5523856026785714,0.5385356454720617
1,C_group,dev2,optics,3d_8pct,balance,True,240,20,12,0.24136646443046547,0.6757958565600639,0.40416666865348816,0.4219987949862573,0.01783212633276915,0.4251315694614664,0.44051130776794495
1,C_group,dev2,optics,5d_3pct,balance,True,240,20,12,0.17429729918978226,0.5329495321544313,0.7749999761581421,0.7742927166505374,0.0007072595076046406,0.5105535643170052,0.5088607594936709
1,C_group,dev2,optics,5d_5pct,balance,True,240,20,12,0.23546167942305923,0.6637859293703674,0.6208333373069763,0.6255022265957086,0.004668889288732325,0.5019544214175088,0.46107178968655205
1,C_group,dev2,optics,5d_8pct,balance,True,240,20,12,0.24966216544614608,0.6924714766959215,0.5208333134651184,0.5210742055791914,0.00024089211407296585,0.4900173913043479,0.48475909537856443
1,C_group,dev2,storage,1d_3pct,balance,True,80,20,4,0.255562448441782,0.7043261530418515,0.5249999761581421,0.44372167914726524,0.08127829701087685,0.5927318295739349,0.5615384615384615
1,C_group,dev2,storage,1d_5pct,balance,True,80,20,4,0.2182525592470319,0.6296829828018923,0.3125,0.25307850481775784,0.05942149518224216,0.5323636363636364,0.5568513119533528
1,C_group,dev2,storage,1d_8pct,balance,True,80,20,4,0.2013428933545515,0.6120931545742004,0.25,0.13086656660764784,0.11913343339235216,0.5666666666666667,0.5168918918918919
1,C_group,dev2,storage,3d_3pct,balance,True,80,20,4,0.2242933629219331,0.6409699574747235,0.6625000238418579,0.6935438473933081,0.03104382355145019,0.554157931516422,0.49002849002849
1,C_group,dev2,storage,3d_5pct,balance,True,80,20,4,0.24773823418847093,0.6886222876428587,0.550000011920929,0.5648338571619942,0.014833845241065235,0.49116161616161613,0.434010152284264
1,C_group,dev2,storage,3d_8pct,balance,True,80,20,4,0.24426535514976672,0.6816295423935801,0.42500001192092896,0.42137505430181343,0.003624957619115521,0.5556265984654731,0.5512820512820513
1,C_group,dev2,storage,5d_3pct,balance,True,80,20,4,0.17439639914594643,0.5332195998225943,0.7749999761581421,0.7866062017029315,0.011606225544789406,0.532258064516129,0.4748201438848921
1,C_group,dev2,storage,5d_5pct,balance,True,80,20,4,0.21780936251113792,0.6276195216039483,0.6875,0.6343094730936478,0.053190526906352176,0.4698181818181818,0.3935860058309038
1,C_group,dev2,storage,5d_8pct,balance,True,80,20,4,0.24720736452963257,0.6875563321358571,0.5625,0.5285716273966521,0.03392837260334791,0.50984126984127,0.46564885496183206
1,C_no_group,dev1,chips,1d_3pct,balance,False,152,19,8,0.2534779840644237,0.7006658307710595,0.4934210479259491,0.564901883017147,0.07148083509119796,0.5548051948051947,0.4685430463576159
1,C_no_group,dev1,chips,1d_5pct,balance,False,152,19,8,0.23091723080282295,0.6540352953380904,0.30921053886413574,0.43551079206261495,0.1263002531984792,0.5448834853090172,0.4923954372623574
1,C_no_group,dev1,chips,1d_8pct,balance,False,152,19,8,0.11679934678167277,0.3977786004086841,0.125,0.20797189983787087,0.08297189983787087,0.5769687376335576,0.4862068965517241
1,C_no_group,dev1,chips,3d_3pct,balance,False,152,19,8,0.23942412079686362,0.7058689003523109,0.6907894611358643,0.8538316882907494,0.16304222715488514,0.5351570415400204,0.4252136752136752
1,C_no_group,dev1,chips,3d_5pct,balance,False,152,19,8,0.28812582929008074,0.7858581450182966,0.5394737124443054,0.7454085661364928,0.20593485369218734,0.5662020905923345,0.47231833910034604
1,C_no_group,dev1,chips,3d_8pct,balance,False,152,19,8,0.2947654071405214,0.7879420128628989,0.32894736528396606,0.6084639756695889,0.2795166103856228,0.5949019607843137,0.46226415094339623
1,C_no_group,dev1,chips,5d_3pct,balance,False,152,19,8,0.23177002092738397,0.7415986708645077,0.7302631735801697,0.9214131501159567,0.19114997653578703,0.5715227422544495,0.5021551724137931
1,C_no_group,dev1,chips,5d_5pct,balance,False,152,19,8,0.3013240812770704,0.8756467785396942,0.6118420958518982,0.8734283698831157,0.2615862740312175,0.6052487698195735,0.5158102766798419
1,C_no_group,dev1,chips,5d_8pct,balance,False,152,19,8,0.3661666813268103,0.9867579761680705,0.44078946113586426,0.7920738098642858,0.3512843487284215,0.5810359964881474,0.4729241877256318
1,C_no_group,dev1,optics,1d_3pct,balance,False,228,19,12,0.24415336550110667,0.681411165443925,0.5745614171028137,0.5381103001137875,0.036451116989026255,0.5416699456992209,0.4638009049773756
1,C_no_group,dev1,optics,1d_5pct,balance,False,228,19,12,0.23012370904127027,0.6525644963226204,0.35087719559669495,0.4059681313454819,0.05509093574878693,0.5467060810810811,0.4854368932038835
1,C_no_group,dev1,optics,1d_8pct,balance,False,228,19,12,0.12390482361882262,0.4130520928448871,0.14473684132099152,0.18799834850476652,0.043261507183775,0.6032634032634032,0.42083333333333334
1,C_no_group,dev1,optics,3d_3pct,balance,False,228,19,12,0.21767282932279286,0.6415336260506002,0.7105262875556946,0.831960203798928,0.12143391624323341,0.5627572016460906,0.38724035608308605
1,C_no_group,dev1,optics,3d_5pct,balance,False,228,19,12,0.28504302702652273,0.7734495079529129,0.5175438523292542,0.7158999581772496,0.19835610584799546,0.576271186440678,0.4616252821670429
1,C_no_group,dev1,optics,3d_8pct,balance,False,228,19,12,0.2683479035464832,0.7308766660046081,0.359649121761322,0.5721726814149526,0.21252355965363057,0.5941363180755094,0.4524940617577197
1,C_no_group,dev1,optics,5d_3pct,balance,False,228,19,12,0.20564788785953436,0.6508739069048246,0.7543859481811523,0.9046073011276647,0.1502213529465124,0.5525332225913622,0.4276315789473684
1,C_no_group,dev1,optics,5d_5pct,balance,False,228,19,12,0.3112393674780552,0.883810390666543,0.5789473652839661,0.8499993640027554,0.2710519987187894,0.5968276515151514,0.5047281323877069
1,C_no_group,dev1,optics,5d_8pct,balance,False,228,19,12,0.33817956702452756,0.9049335629833695,0.4385964870452881,0.7573168577996017,0.3187203707543136,0.604765625,0.5128504672897196
1,C_no_group,dev1,storage,1d_3pct,balance,False,76,19,4,0.23924522931919334,0.6713900629941255,0.6184210777282715,0.5553183778700884,0.06310269985818306,0.524578136463683,0.4911242603550296
1,C_no_group,dev1,storage,1d_5pct,balance,False,76,19,4,0.24834777163931165,0.6902950051491922,0.3947368562221527,0.41661914294476365,0.021882286722610944,0.39565217391304347,0.3713450292397661
1,C_no_group,dev1,storage,1d_8pct,balance,False,76,19,4,0.18093152317348318,0.5554246948681472,0.22368420660495758,0.1899818527962091,0.033702353808748475,0.33998005982053836,0.3629032258064516
1,C_no_group,dev1,storage,3d_3pct,balance,False,76,19,4,0.1692449391710301,0.5252906752148881,0.7894737124443054,0.8512808447918079,0.06180713234750246,0.553125,0.5043478260869565
1,C_no_group,dev1,storage,3d_5pct,balance,False,76,19,4,0.21926838664792458,0.6317552044618227,0.6842105388641357,0.7375540860374619,0.05334354717332612,0.5080128205128205,0.47019867549668876
1,C_no_group,dev1,storage,3d_8pct,balance,False,76,19,4,0.26691219241698694,0.7285714856123456,0.5,0.5944255820145371,0.0944255820145371,0.42867036011080334,0.4715909090909091
1,C_no_group,dev1,storage,5d_3pct,balance,False,76,19,4,0.16054730370675277,0.5305971840843036,0.8157894611358643,0.9199134453477384,0.10412398421187419,0.5599078341013825,0.5518867924528302
1,C_no_group,dev1,storage,5d_5pct,balance,False,76,19,4,0.19112913794161887,0.586891903004009,0.7631579041481018,0.8701598445078624,0.10700194035976063,0.5545977011494252,0.5625
1,C_no_group,dev1,storage,5d_8pct,balance,False,76,19,4,0.2768680972371903,0.7679342718852601,0.5921052694320679,0.7841635568134093,0.19205828738134145,0.5340501792114696,0.5614035087719298
1,C_no_group,dev2,chips,1d_3pct,balance,False,160,20,8,0.24534119582355518,0.683821103797949,0.4000000059604645,0.4738144857689644,0.07381447980849992,0.5392252604166667,0.5294943820224719
1,C_no_group,dev2,chips,1d_5pct,balance,False,160,20,8,0.1643221711350912,0.5121592110668047,0.20000000298023224,0.2654623603612379,0.06546235738100564,0.48583984375,0.5333333333333333
1,C_no_group,dev2,chips,1d_8pct,balance,False,160,20,8,0.09106673858910323,0.3300835978743728,0.10000000149011612,0.1340558571209193,0.03405585563080318,0.5607638888888888,0.3851851851851852
1,C_no_group,dev2,chips,3d_3pct,balance,False,160,20,8,0.24882167459186927,0.6918699577482252,0.5874999761581421,0.6689419205186352,0.08144194436049312,0.5124113475177305,0.5558510638297872
1,C_no_group,dev2,chips,3d_5pct,balance,False,160,20,8,0.266743004594932,0.7268641382562687,0.40625,0.5668656075867086,0.16061560758670856,0.5211336032388664,0.5955983493810179
1,C_no_group,dev2,chips,3d_8pct,balance,False,160,20,8,0.21605786576157548,0.6244443978932763,0.28125,0.39828923680003825,0.11703923680003825,0.46821256038647346,0.551433389544688
1,C_no_group,dev2,chips,5d_3pct,balance,False,160,20,8,0.22526056884086368,0.6494961483203703,0.6875,0.7890591832499482,0.10155918324994817,0.45745454545454545,0.38023952095808383
1,C_no_group,dev2,chips,5d_5pct,balance,False,160,20,8,0.274316980879491,0.7446180465505086,0.5062500238418579,0.6616860628108305,0.15543603896897262,0.4110017190185966,0.4379172229639519
1,C_no_group,dev2,chips,5d_8pct,balance,False,160,20,8,0.27567074495563454,0.7448377465008674,0.34375,0.5675116890077162,0.2237616890077162,0.4838095238095238,0.5113464447806354
1,C_no_group,dev2,optics,1d_3pct,balance,False,240,20,12,0.25253027495761626,0.6982127987144977,0.5375000238418579,0.47360774166274455,0.06389228217911336,0.5340456735805573,0.5165250236071766
1,C_no_group,dev2,optics,1d_5pct,balance,False,240,20,12,0.22462754360581325,0.64290645276709,0.3291666805744171,0.26530283461741877,0.06386384595699834,0.5365987892129884,0.5742574257425742
1,C_no_group,dev2,optics,1d_8pct,balance,False,240,20,12,0.15794124934021064,0.5001987549480253,0.19166666269302368,0.13775021964923617,0.05391644304378751,0.4751232631107127,0.4393491124260355
1,C_no_group,dev2,optics,3d_3pct,balance,False,240,20,12,0.21660600311719738,0.6248229150889315,0.6833333373069763,0.6650173263172392,0.01831601098973712,0.5207798459563543,0.5146750524109015
1,C_no_group,dev2,optics,3d_5pct,balance,False,240,20,12,0.2489603983422903,0.6910590398850467,0.5333333611488342,0.5617918509778624,0.02845848982902821,0.5618722098214286,0.581888246628131
1,C_no_group,dev2,optics,3d_8pct,balance,False,240,20,12,0.24074105100743087,0.6745097307834939,0.40416666865348816,0.39342038559710957,0.010746283056378592,0.5107057890563045,0.5221238938053098
1,C_no_group,dev2,optics,5d_3pct,balance,False,240,20,12,0.17479495904088965,0.5344089437313453,0.7749999761581421,0.7858271857880224,0.010827209629880263,0.4237853444842692,0.3
1,C_no_group,dev2,optics,5d_5pct,balance,False,240,20,12,0.23715686448839418,0.6675124170872209,0.6208333373069763,0.6608190984112802,0.03998576110430385,0.4663692012685301,0.4019211324570273
1,C_no_group,dev2,optics,5d_8pct,balance,False,240,20,12,0.25132092944389783,0.6958240638155201,0.5208333134651184,0.56408306829527,0.04324975483015159,0.5122086956521739,0.5388397246804326
1,C_no_group,dev2,storage,1d_3pct,balance,False,80,20,4,0.25144026770012096,0.6960295046255512,0.5249999761581421,0.47711432427809647,0.04788565188004562,0.5858395989974937,0.5794871794871795
1,C_no_group,dev2,storage,1d_5pct,balance,False,80,20,4,0.21690947542593078,0.6261921048703898,0.3125,0.2669441110587923,0.04555588894120771,0.496,0.5276967930029155
1,C_no_group,dev2,storage,1d_8pct,balance,False,80,20,4,0.20111954690240613,0.6111045360008139,0.25,0.13224692148181844,0.11775307851818156,0.5641666666666667,0.5033783783783784
1,C_no_group,dev2,storage,3d_3pct,balance,False,80,20,4,0.2234431190611891,0.6390180655380775,0.6625000238418579,0.6746215953803034,0.012121571538445508,0.5562543675751224,0.45014245014245013
1,C_no_group,dev2,storage,3d_5pct,balance,False,80,20,4,0.24811603916264655,0.6893927709579376,0.550000011920929,0.5703280088469308,0.020327996926001846,0.4678030303030303,0.4289340101522843
1,C_no_group,dev2,storage,3d_8pct,balance,False,80,20,4,0.2451724208397445,0.68350743118976,0.42500001192092896,0.40194366040016716,0.023056351520761798,0.46739130434782616,0.4564102564102564
1,C_no_group,dev2,storage,5d_3pct,balance,False,80,20,4,0.1745990268826329,0.5338270403720181,0.7749999761581421,0.7931234540998695,0.018123477941727417,0.5394265232974911,0.5035971223021583
1,C_no_group,dev2,storage,5d_5pct,balance,False,80,20,4,0.2154149644951783,0.6223817851099878,0.6875,0.6616513017708845,0.025848698229115508,0.5599999999999999,0.565597667638484
1,C_no_group,dev2,storage,5d_8pct,balance,False,80,20,4,0.24614987609562072,0.6854279788698012,0.5625,0.5701921369646803,0.007692136964680296,0.5053968253968254,0.4732824427480916
1,C_no_daily,dev1,chips,1d_3pct,balance,True,152,19,8,0.23703623948381372,0.6666853549140151,0.4934210479259491,0.5287562177922714,0.03533516986632235,0.5979220779220779,0.42218543046357615
1,C_no_daily,dev1,chips,1d_5pct,balance,True,152,19,8,0.2047037886964365,0.5961403593129283,0.30921053886413574,0.37105023288624733,0.06183969402211159,0.6145896656534955,0.4695817490494297
1,C_no_daily,dev1,chips,1d_8pct,balance,True,152,19,8,0.11061602669077557,0.37483780829115115,0.125,0.19691792479194106,0.07191792479194106,0.6442421844083894,0.47586206896551725
1,C_no_daily,dev1,chips,3d_3pct,balance,True,152,19,8,0.20599027176641133,0.6022282728468035,0.6907894611358643,0.7783885552819414,0.08759909414607714,0.6157041540020264,0.42094017094017094
1,C_no_daily,dev1,chips,3d_5pct,balance,True,152,19,8,0.23603659799859966,0.6654941150659534,0.5394737124443054,0.6399532947362434,0.10047958229193799,0.6357142857142857,0.4204152249134948
1,C_no_daily,dev1,chips,3d_8pct,balance,True,152,19,8,0.22813637031939324,0.6443292363129647,0.32894736528396606,0.4975460545718167,0.16859868928785066,0.6639215686274509,0.4547169811320755
1,C_no_daily,dev1,chips,5d_3pct,balance,True,152,19,8,0.19935495327890615,0.5974112822324456,0.7302631735801697,0.8493600788758293,0.11909690529565964,0.6293122390683367,0.44396551724137934
1,C_no_daily,dev1,chips,5d_5pct,balance,True,152,19,8,0.23431565070191307,0.6668797811580046,0.6118420958518982,0.7654250873759999,0.1535829915241017,0.6754146163659559,0.45652173913043476
1,C_no_daily,dev1,chips,5d_8pct,balance,True,152,19,8,0.26469486877287723,0.7282839538298694,0.44078946113586426,0.6514681878409402,0.21067872670507592,0.6514486391571555,0.45306859205776173
1,C_no_daily,dev1,optics,1d_3pct,balance,True,228,19,12,0.2372167797485919,0.6673937830683119,0.5745614171028137,0.5265965768888037,0.04796484021401004,0.6398835287636735,0.41855203619909503
1,C_no_daily,dev1,optics,1d_5pct,balance,True,228,19,12,0.21990724879013906,0.6304202474165556,0.35087719559669495,0.37150072438598747,0.020623528789292522,0.6380067567567567,0.47451456310679613
1,C_no_daily,dev1,optics,1d_8pct,balance,True,228,19,12,0.12258308328475902,0.40802832756916924,0.14473684132099152,0.1924129512097238,0.047676109888732277,0.6487956487956488,0.39166666666666666
1,C_no_daily,dev1,optics,3d_3pct,balance,True,228,19,12,0.2000977758170452,0.5873876056641687,0.7105262875556946,0.7789321641795883,0.06840587662389375,0.7102506546950991,0.38427299703264095
1,C_no_daily,dev1,optics,3d_5pct,balance,True,228,19,12,0.25261671750347736,0.6988269964506097,0.5175438523292542,0.6435102689575304,0.12596641662827623,0.6832049306625578,0.45711060948081267
1,C_no_daily,dev1,optics,3d_8pct,balance,True,228,19,12,0.23017099357620482,0.6521923796921854,0.359649121761322,0.4889543187230458,0.12930519696172377,0.6815903775476111,0.4524940617577197
1,C_no_daily,dev1,optics,5d_3pct,balance,True,228,19,12,0.18423711398856973,0.555458415339626,0.7543859481811523,0.8474283923972886,0.09304244421613628,0.7050456810631229,0.4095394736842105
1,C_no_daily,dev1,optics,5d_5pct,balance,True,228,19,12,0.26360338451615084,0.729307090109906,0.5789473652839661,0.7649061904934613,0.18595882520949525,0.6981534090909092,0.5
1,C_no_daily,dev1,optics,5d_8pct,balance,True,228,19,12,0.2726345240216763,0.740897419232571,0.4385964870452881,0.6485244878650542,0.20992800081976615,0.7059375000000001,0.5035046728971962
1,C_no_daily,dev1,storage,1d_3pct,balance,True,76,19,4,0.2393413913890682,0.6716728962858047,0.6184210777282715,0.5614347632798382,0.05698631444843327,0.4548789435069699,0.378698224852071
1,C_no_daily,dev1,storage,1d_5pct,balance,True,76,19,4,0.24201594708428653,0.6773046461475861,0.3947368562221527,0.39799115522702216,0.0032542990048694542,0.38550724637681166,0.3567251461988304
1,C_no_daily,dev1,storage,1d_8pct,balance,True,76,19,4,0.17778172859779162,0.5443522364523437,0.22368420660495758,0.2042089019357476,0.019475304669209992,0.3429710867397806,0.27419354838709675
1,C_no_daily,dev1,storage,3d_3pct,balance,True,76,19,4,0.16569215419849873,0.5129139788272221,0.7894737124443054,0.8084443118857548,0.01897059944144941,0.59375,0.5173913043478261
1,C_no_daily,dev1,storage,3d_5pct,balance,True,76,19,4,0.21539553115477775,0.622064665838152,0.6842105388641357,0.6810105785738813,0.003199960290254489,0.5440705128205128,0.45695364238410596
1,C_no_daily,dev1,storage,3d_8pct,balance,True,76,19,4,0.255251155560241,0.7037902248402457,0.5,0.5384377663787672,0.03843776637876717,0.4722991689750693,0.5255681818181818
1,C_no_daily,dev1,storage,5d_3pct,balance,True,76,19,4,0.15343039139763706,0.49051759739128,0.8157894611358643,0.8765577887134562,0.060768327577591985,0.5725806451612903,0.5518867924528302
1,C_no_daily,dev1,storage,5d_5pct,balance,True,76,19,4,0.18164544778422856,0.5500844106025047,0.7631579041481018,0.8048990012870901,0.041741097138988326,0.5613026819923371,0.53515625
1,C_no_daily,dev1,storage,5d_8pct,balance,True,76,19,4,0.24976055062935174,0.6944109602644397,0.5921052694320679,0.6947667175720182,0.10266144813995037,0.5885304659498207,0.6052631578947368
1,C_no_daily,dev2,chips,1d_3pct,balance,True,160,20,8,0.2413308831500857,0.6757333700840831,0.4000000059604645,0.4377156148771757,0.03771560891671122,0.5022786458333334,0.5632022471910112
1,C_no_daily,dev2,chips,1d_5pct,balance,True,160,20,8,0.16334806286825393,0.5096389813044858,0.20000000298023224,0.25864982661765845,0.05864982363742621,0.526123046875,0.5479166666666667
1,C_no_daily,dev2,chips,1d_8pct,balance,True,160,20,8,0.09015778320804807,0.3259111705112051,0.10000000149011612,0.11755084793212696,0.01755084644201084,0.6067708333333333,0.5444444444444444
1,C_no_daily,dev2,chips,3d_3pct,balance,True,160,20,8,0.2551625648076439,0.7065716855591007,0.5874999761581421,0.699215708201262,0.11171573204311991,0.4103803997421019,0.3337765957446808
1,C_no_daily,dev2,chips,3d_5pct,balance,True,160,20,8,0.2589342420547418,0.7110689688288303,0.40625,0.5410440248562277,0.1347940248562277,0.5174089068825911,0.5914718019257221
1,C_no_daily,dev2,chips,3d_8pct,balance,True,160,20,8,0.2104624842231761,0.6126500420025882,0.28125,0.37190863622848686,0.09065863622848686,0.4786473429951691,0.5463743676222597
1,C_no_daily,dev2,chips,5d_3pct,balance,True,160,20,8,0.2210269795269057,0.6372707404032276,0.6875,0.7684125637822297,0.08091256378222966,0.5298181818181819,0.5014970059880239
1,C_no_daily,dev2,chips,5d_5pct,balance,True,160,20,8,0.27049731327262183,0.736203855305142,0.5062500238418579,0.6505045278705908,0.14425450402873286,0.5039068604469448,0.4959946595460614
1,C_no_daily,dev2,chips,5d_8pct,balance,True,160,20,8,0.25204262325463905,0.6972328948559702,0.34375,0.5059603135873785,0.16221031358737847,0.47393939393939394,0.4236006051437216
1,C_no_daily,dev2,optics,1d_3pct,balance,True,240,20,12,0.2583395187825076,0.7099375878021362,0.5375000238418579,0.4352416664178216,0.10225835742403633,0.5454989873594525,0.5637393767705382
1,C_no_daily,dev2,optics,1d_5pct,balance,True,240,20,12,0.22499630925582279,0.6438609456318585,0.3291666805744171,0.26095859217713213,0.06820808839728498,0.5522446733233745,0.6006600660066007
1,C_no_daily,dev2,optics,1d_8pct,balance,True,240,20,12,0.1597998867038838,0.5085365573841527,0.19166666269302368,0.12162536535254832,0.07004129734047536,0.4996638278798745,0.5443786982248521
1,C_no_daily,dev2,optics,3d_3pct,balance,True,240,20,12,0.21680030205542222,0.6252986308720829,0.6833333373069763,0.696156512396819,0.012823175089842653,0.46879011553273425,0.37735849056603776
1,C_no_daily,dev2,optics,3d_5pct,balance,True,240,20,12,0.2478128065563215,0.6887535586557253,0.5333333611488342,0.5362859197661047,0.0029525586172705065,0.5575474330357142,0.581888246628131
1,C_no_daily,dev2,optics,3d_8pct,balance,True,240,20,12,0.24186863440046522,0.6768979816580948,0.40416666865348816,0.37086642933846165,0.033300239315026514,0.49455698940235027,0.5211406096361848
1,C_no_daily,dev2,optics,5d_3pct,balance,True,240,20,12,0.17451143419249326,0.5335548063397141,0.7749999761581421,0.7612214297055991,0.01377854645254295,0.5054759060135404,0.5101265822784811
1,C_no_daily,dev2,optics,5d_5pct,balance,True,240,20,12,0.2359413537918705,0.6648231506336546,0.6208333373069763,0.6435369338315186,0.022703596524542236,0.5061582712589424,0.5146612740141557
1,C_no_daily,dev2,optics,5d_8pct,balance,True,240,20,12,0.2503755439586993,0.6938983754196475,0.5208333134651184,0.5047634493735611,0.016069864091557307,0.4045913043478261,0.3746312684365782
1,C_no_daily,dev2,storage,1d_3pct,balance,True,80,20,4,0.25558909081873615,0.7043799604182214,0.5249999761581421,0.44227034869170556,0.08272962746643653,0.5845864661654135,0.5487179487179488
1,C_no_daily,dev2,storage,1d_5pct,balance,True,80,20,4,0.2177178996594738,0.6282796744660162,0.3125,0.25839023299492736,0.05410976700507264,0.5163636363636364,0.5393586005830904
1,C_no_daily,dev2,storage,1d_8pct,balance,True,80,20,4,0.2050981302235763,0.6293314486109225,0.25,0.11595131824371771,0.1340486817562823,0.5883333333333334,0.5777027027027027
1,C_no_daily,dev2,storage,3d_3pct,balance,True,80,20,4,0.2249023559605372,0.6424047433263457,0.6625000238418579,0.7022425408560331,0.039742517014175194,0.5688329839273236,0.49572649572649574
1,C_no_daily,dev2,storage,3d_5pct,balance,True,80,20,4,0.2479820279368213,0.6891115430339608,0.550000011920929,0.5495710453423774,0.0004289665785515151,0.4621212121212121,0.43147208121827413
1,C_no_daily,dev2,storage,3d_8pct,balance,True,80,20,4,0.24706988277352773,0.6875217032232779,0.42500001192092896,0.37430751882371605,0.05069249309721291,0.4865728900255754,0.45384615384615384
1,C_no_daily,dev2,storage,5d_3pct,balance,True,80,20,4,0.1742677186438387,0.532847113268281,0.7749999761581421,0.7757805207260227,0.00078054456788057,0.532258064516129,0.4748201438848921
1,C_no_daily,dev2,storage,5d_5pct,balance,True,80,20,4,0.21585816464335866,0.6233619339251251,0.6875,0.6608176187966377,0.026682381203362304,0.48,0.4227405247813411
1,C_no_daily,dev2,storage,5d_8pct,balance,True,80,20,4,0.2486324931900808,0.6904115584838356,0.5625,0.5121094144314596,0.05039058556854037,0.4888888888888889,0.4631043256997455
2,B_group,dev1,chips,1d_3pct,representation,True,152,19,8,0.23221407597389662,0.6588007939184832,0.4934210479259491,0.45387033745058164,0.03955071047536746,0.6476190476190476,0.478476821192053
2,B_group,dev1,chips,1d_5pct,representation,True,152,19,8,0.20917685149609352,0.6064013915779857,0.30921053886413574,0.32799960381146376,0.018789064947328016,0.6308004052684903,0.4144486692015209
2,B_group,dev1,chips,1d_8pct,representation,True,152,19,8,0.1126941813034468,0.37834495321246375,0.125,0.13229066518107294,0.007290665181072936,0.6113969133359715,0.46206896551724136
2,B_group,dev1,chips,3d_3pct,representation,True,152,19,8,0.2015801072572414,0.593769030755353,0.6907894611358643,0.7856025410037746,0.09481307986791032,0.6818642350557245,0.5641025641025641
2,B_group,dev1,chips,3d_5pct,representation,True,152,19,8,0.23280237877369875,0.6606067332019849,0.5394737124443054,0.6126208772386879,0.07314716479438244,0.6726480836236934,0.5692041522491349
2,B_group,dev1,chips,3d_8pct,representation,True,152,19,8,0.19121969944255798,0.5622576053708043,0.32894736528396606,0.41473138894422,0.08578402366025395,0.7707843137254902,0.6811320754716981
2,B_group,dev1,chips,5d_3pct,representation,True,152,19,8,0.19370275773723916,0.5788793681411907,0.7302631735801697,0.8485645539908879,0.11830138041071825,0.7077565370248297,0.6551724137931034
2,B_group,dev1,chips,5d_5pct,representation,True,152,19,8,0.24641103983405893,0.6964606596897184,0.6118420958518982,0.7826155680888507,0.1707734722369525,0.6978312374703844,0.616600790513834
2,B_group,dev1,chips,5d_8pct,representation,True,152,19,8,0.23847825865208022,0.6701846297145201,0.44078946113586426,0.6179699969538954,0.17718053581803117,0.7480245829675153,0.7057761732851986
2,B_group,dev1,optics,1d_3pct,representation,True,228,19,12,0.2293747504419269,0.653595760990163,0.5745614171028137,0.4870998211607151,0.08746159594209862,0.6635712599354686,0.497737556561086
2,B_group,dev1,optics,1d_5pct,representation,True,228,19,12,0.2111429091079987,0.6063245666795398,0.35087719559669495,0.36351815672105975,0.012640961124364802,0.6582770270270271,0.4429611650485437
2,B_group,dev1,optics,1d_8pct,representation,True,228,19,12,0.12247561141919486,0.4036077578375327,0.14473684132099152,0.16275712280017124,0.018020281479179723,0.6425796425796426,0.4666666666666667
2,B_group,dev1,optics,3d_3pct,representation,True,228,19,12,0.18632638531492232,0.5621150956602887,0.7105262875556946,0.7792098527430132,0.06868356518731866,0.6693789749345306,0.5118694362017804
2,B_group,dev1,optics,3d_5pct,representation,True,228,19,12,0.23530820479679113,0.6661703130523047,0.5175438523292542,0.6266765224514974,0.10913267012224326,0.6507704160246532,0.5270880361173815
2,B_group,dev1,optics,3d_8pct,representation,True,228,19,12,0.2170537812533245,0.615954212356386,0.359649121761322,0.45852686455468944,0.09887774279336742,0.7016371533578349,0.6068883610451307
2,B_group,dev1,optics,5d_3pct,representation,True,228,19,12,0.1658425742678828,0.5137604837198301,0.7543859481811523,0.833182818585455,0.07879687040430261,0.695390365448505,0.6151315789473685
2,B_group,dev1,optics,5d_5pct,representation,True,228,19,12,0.24548521688048563,0.7076368638538275,0.5789473652839661,0.7758804347716284,0.19693306948766232,0.7095565025252525,0.5921985815602837
2,B_group,dev1,optics,5d_8pct,representation,True,228,19,12,0.2505556487877079,0.6977204829388187,0.4385964870452881,0.6341661534055552,0.19556966636026707,0.6928125,0.6244158878504673
2,B_group,dev1,storage,1d_3pct,representation,True,76,19,4,0.27241748598724613,0.7431845347065787,0.6184210777282715,0.4918937706528708,0.12652730707540066,0.45561261922230367,0.4822485207100592
2,B_group,dev1,storage,1d_5pct,representation,True,76,19,4,0.2348242817938575,0.6593416148487714,0.3947368562221527,0.3482832542831583,0.04645360193899439,0.5985507246376812,0.5906432748538012
2,B_group,dev1,storage,1d_8pct,representation,True,76,19,4,0.1782429572845375,0.5478638668281854,0.22368420660495758,0.13108689289462774,0.09259731371032984,0.6510468594217347,0.6653225806451613
2,B_group,dev1,storage,3d_3pct,representation,True,76,19,4,0.14397760903417656,0.45218781163149085,0.7894737124443054,0.796757463973138,0.007283751528832538,0.7739583333333334,0.7608695652173914
2,B_group,dev1,storage,3d_5pct,representation,True,76,19,4,0.18339788529878875,0.5508726626228766,0.6842105388641357,0.6335376885372603,0.05067285032687541,0.7676282051282052,0.7483443708609272
2,B_group,dev1,storage,3d_8pct,representation,True,76,19,4,0.19102775273251069,0.5624272064111694,0.5,0.44786162484409925,0.05213837515590075,0.7873961218836565,0.8039772727272727
2,B_group,dev1,storage,5d_3pct,representation,True,76,19,4,0.1373029188444404,0.432819404518103,0.8157894611358643,0.86119666835272,0.04540720721685576,0.7707373271889402,0.7924528301886793
2,B_group,dev1,storage,5d_5pct,representation,True,76,19,4,0.14296329308022465,0.4469794272158354,0.7631579041481018,0.7905236635462455,0.027365759398143674,0.8151340996168583,0.83203125
2,B_group,dev1,storage,5d_8pct,representation,True,76,19,4,0.1738353220426806,0.5302228859619692,0.5921052694320679,0.631530112911432,0.03942484347936415,0.8200716845878135,0.8157894736842105
2,B_group,dev2,chips,1d_3pct,representation,True,160,20,8,0.2175623795946085,0.6252297613871752,0.4000000059604645,0.4779644064779512,0.07796440051748671,0.7195638020833334,0.699438202247191
2,B_group,dev2,chips,1d_5pct,representation,True,160,20,8,0.14336665851314914,0.4533384248556095,0.20000000298023224,0.26340853461906144,0.0634085316388292,0.7686767578125,0.7583333333333333
2,B_group,dev2,chips,1d_8pct,representation,True,160,20,8,0.08969837322715557,0.3001355225292466,0.10000000149011612,0.17109733810510175,0.07109733661498563,0.7782118055555555,0.6555555555555556
2,B_group,dev2,chips,3d_3pct,representation,True,160,20,8,0.25056659323076186,0.6982845405480166,0.5874999761581421,0.7323712702312503,0.14487129407310817,0.6524822695035462,0.6396276595744681
2,B_group,dev2,chips,3d_5pct,representation,True,160,20,8,0.2585427849131058,0.7132091348080656,0.40625,0.5664987744144445,0.16024877441444452,0.6314170040485829,0.5240715268225584
2,B_group,dev2,chips,3d_8pct,representation,True,160,20,8,0.20541402736581613,0.5983348133524051,0.28125,0.398859167006,0.11760916700599999,0.6610628019323672,0.5278246205733558
2,B_group,dev2,chips,5d_3pct,representation,True,160,20,8,0.22817982391999875,0.660091231954631,0.6875,0.7934389638276136,0.10593896382761359,0.518,0.39595808383233533
2,B_group,dev2,chips,5d_5pct,representation,True,160,20,8,0.27969671313436456,0.7623848403046812,0.5062500238418579,0.6908560568785139,0.18460603303665601,0.6337709017033911,0.5761014686248331
2,B_group,dev2,chips,5d_8pct,representation,True,160,20,8,0.26622844674390345,0.7282756778723721,0.34375,0.562512670591026,0.21876267059102605,0.6296103896103896,0.5453857791225416
2,B_group,dev2,optics,1d_3pct,representation,True,240,20,12,0.21864533085556215,0.6293551656087114,0.5375000238418579,0.5157632974194062,0.021736726422451724,0.7240729101194217,0.6864966949952785
2,B_group,dev2,optics,1d_5pct,representation,True,240,20,12,0.18593665336749404,0.5462295057757574,0.3291666805744171,0.3002840877099397,0.02888259286447742,0.7696359776712006,0.7084708470847084
2,B_group,dev2,optics,1d_8pct,representation,True,240,20,12,0.14670184117849405,0.4490641961965608,0.19166666269302368,0.2027728852800338,0.011106222587010106,0.6789556252801434,0.5118343195266272
2,B_group,dev2,optics,3d_3pct,representation,True,240,20,12,0.20409579091456312,0.5933827945849209,0.6833333373069763,0.7388687843277351,0.055535447020758744,0.7013799743260591,0.6719077568134172
2,B_group,dev2,optics,3d_5pct,representation,True,240,20,12,0.2232922976981088,0.6379389049199318,0.5333333611488342,0.5753531002086584,0.042019739059824146,0.7244001116071428,0.6271676300578035
2,B_group,dev2,optics,3d_8pct,representation,True,240,20,12,0.2160951439014432,0.6157983867252224,0.40416666865348816,0.4363459025132731,0.03217923385978494,0.6745368034027828,0.5644051130776795
2,B_group,dev2,optics,5d_3pct,representation,True,240,20,12,0.17580576396384065,0.5365909830309773,0.7749999761581421,0.793002549465561,0.018002573307418945,0.54136798088411,0.4481012658227848
2,B_group,dev2,optics,5d_5pct,representation,True,240,20,12,0.2172611222627264,0.6258348713121997,0.6208333373069763,0.6986489991619267,0.07781566185495037,0.7100449885684785,0.6799797775530839
2,B_group,dev2,optics,5d_8pct,representation,True,240,20,12,0.22294537306144052,0.6359442341973272,0.5208333134651184,0.5643333993065301,0.04350008584141174,0.6784695652173913,0.6184857423795477
2,B_group,dev2,storage,1d_3pct,representation,True,80,20,4,0.24665850002494144,0.6869389748460637,0.5249999761581421,0.5957639231458174,0.0707639469876753,0.6040100250626567,0.5923076923076923
2,B_group,dev2,storage,1d_5pct,representation,True,80,20,4,0.20539709375189238,0.6000005881260223,0.3125,0.3702287248281755,0.05772872482817548,0.6705454545454546,0.6618075801749271
2,B_group,dev2,storage,1d_8pct,representation,True,80,20,4,0.1916176838406148,0.5697510763907147,0.25,0.286161633086022,0.036161633086021994,0.5108333333333333,0.5236486486486487
2,B_group,dev2,storage,3d_3pct,representation,True,80,20,4,0.2385349574287207,0.6808190969057738,0.6625000238418579,0.78528536688976,0.12278534304790212,0.5199161425576521,0.50997150997151
2,B_group,dev2,storage,3d_5pct,representation,True,80,20,4,0.2524999216820465,0.6984970300377755,0.550000011920929,0.650082579942108,0.1000825680211791,0.5561868686868687,0.550761421319797
2,B_group,dev2,storage,3d_8pct,representation,True,80,20,4,0.24872949459708193,0.6906069035192242,0.42500001192092896,0.5301073541983957,0.10510734227746676,0.610613810741688,0.6128205128205129
2,B_group,dev2,storage,5d_3pct,representation,True,80,20,4,0.17909076271469748,0.5496869788566944,0.7749999761581421,0.8376253570342509,0.0626253808761088,0.48163082437275984,0.4550359712230216
2,B_group,dev2,storage,5d_5pct,representation,True,80,20,4,0.2213913623653728,0.6382701141080735,0.6875,0.7656903463131032,0.07819034631310318,0.528,0.5262390670553936
2,B_group,dev2,storage,5d_8pct,representation,True,80,20,4,0.261743915608566,0.7202732290207954,0.5625,0.6822425569957755,0.11974255699577552,0.5679365079365079,0.5585241730279898
2,B_no_group,dev1,chips,1d_3pct,representation,True,152,19,8,0.22216635816885633,0.6392602707820982,0.4934210479259491,0.49361710951960747,0.00019606159365836984,0.6870995670995671,0.5529801324503312
2,B_no_group,dev1,chips,1d_5pct,representation,True,152,19,8,0.201126695619615,0.5885390125868215,0.30921053886413574,0.31816207215236514,0.008951533288229396,0.6630192502532928,0.4600760456273764
2,B_no_group,dev1,chips,1d_8pct,representation,True,152,19,8,0.11411340985108726,0.3838851330043185,0.125,0.1393131742010393,0.014313174201039308,0.6058567471309853,0.4482758620689655
2,B_no_group,dev1,chips,3d_3pct,representation,True,152,19,8,0.20696684696437745,0.6044579536613321,0.6907894611358643,0.8211080774545012,0.13031861631863695,0.7414387031408308,0.6794871794871795
2,B_no_group,dev1,chips,3d_5pct,representation,True,152,19,8,0.2423756867456335,0.6816178294404784,0.5394737124443054,0.6762377688100221,0.13676405636571665,0.6956445993031359,0.6124567474048442
2,B_no_group,dev1,chips,3d_8pct,representation,True,152,19,8,0.21096498297738794,0.6063159209674596,0.32894736528396606,0.2518569849423034,0.07709038034166266,0.6827450980392157,0.5830188679245283
2,B_no_group,dev1,chips,5d_3pct,representation,True,152,19,8,0.19800793403238282,0.5880089460210037,0.7302631735801697,0.861818989379781,0.1315558157996113,0.7361019556141507,0.6918103448275862
2,B_no_group,dev1,chips,5d_5pct,representation,True,152,19,8,0.26363381214873405,0.7383768628304588,0.6118420958518982,0.8140562482885746,0.2022141524366764,0.7153271368689631,0.650197628458498
2,B_no_group,dev1,chips,5d_8pct,representation,True,152,19,8,0.28663680298692745,0.7832897911143747,0.44078946113586426,0.7106112168038858,0.2698217556680216,0.7471466198419666,0.7093862815884476
2,B_no_group,dev1,optics,1d_3pct,representation,True,228,19,12,0.22382634314002375,0.641419659956198,0.5745614171028137,0.5338424386618337,0.04071897844098005,0.6623121114346423,0.5305429864253394
2,B_no_group,dev1,optics,1d_5pct,representation,True,228,19,12,0.21318542283105818,0.6081493309604126,0.35087719559669495,0.3594489615483708,0.008571765951675858,0.6405405405405405,0.4162621359223301
2,B_no_group,dev1,optics,1d_8pct,representation,True,228,19,12,0.12333659919176201,0.4058421319671513,0.14473684132099152,0.16205703773812538,0.017320196417133865,0.6441336441336442,0.4625
2,B_no_group,dev1,optics,3d_3pct,representation,True,228,19,12,0.19269718386639917,0.5788790101597212,0.7105262875556946,0.8105190983258272,0.09999281077013267,0.6741488963711186,0.4836795252225519
2,B_no_group,dev1,optics,3d_5pct,representation,True,228,19,12,0.24940011552354505,0.7042243758169843,0.5175438523292542,0.6891628873417875,0.1716190350125334,0.663944530046225,0.5158013544018059
2,B_no_group,dev1,optics,3d_8pct,representation,True,228,19,12,0.22524475418472614,0.6373501492181645,0.359649121761322,0.2660130855109559,0.0936360362503661,0.6391997995322418,0.5344418052256532
2,B_no_group,dev1,optics,5d_3pct,representation,True,228,19,12,0.1665756019945579,0.5135585468451075,0.7543859481811523,0.8426762472722847,0.0882902990911324,0.7136627906976745,0.5921052631578947
2,B_no_group,dev1,optics,5d_5pct,representation,True,228,19,12,0.25823894726665536,0.7402253697285784,0.5789473652839661,0.8029675205761626,0.22402015529219654,0.7256155303030303,0.6252955082742316
2,B_no_group,dev1,optics,5d_8pct,representation,True,228,19,12,0.2944501511188005,0.8235343273410994,0.4385964870452881,0.7139019878042882,0.27530550075900007,0.675,0.5922897196261683
2,B_no_group,dev1,storage,1d_3pct,representation,True,76,19,4,0.24581261754501027,0.6874726004678052,0.6184210777282715,0.5309183910363572,0.0875026866919143,0.5575935436537051,0.5976331360946746
2,B_no_group,dev1,storage,1d_5pct,representation,True,76,19,4,0.21718208045544452,0.6202723787768343,0.3947368562221527,0.34547468447339963,0.04926217174875308,0.6884057971014493,0.6754385964912281
2,B_no_group,dev1,storage,1d_8pct,representation,True,76,19,4,0.18039565006544708,0.5550513654316611,0.22368420660495758,0.13784613798567283,0.08583806861928475,0.6111665004985045,0.6330645161290323
2,B_no_group,dev1,storage,3d_3pct,representation,True,76,19,4,0.14581723496092053,0.45532147429674485,0.7894737124443054,0.8321446927659938,0.04267098032168837,0.7989583333333333,0.8260869565217391
2,B_no_group,dev1,storage,3d_5pct,representation,True,76,19,4,0.17222720199165703,0.5226905033421028,0.6842105388641357,0.6977959302655544,0.013585391401418678,0.8044871794871795,0.804635761589404
2,B_no_group,dev1,storage,3d_8pct,representation,True,76,19,4,0.28126104072421826,0.7566726740636365,0.5,0.2575120256791263,0.2424879743208737,0.7306094182825484,0.734375
2,B_no_group,dev1,storage,5d_3pct,representation,True,76,19,4,0.142127979497605,0.4476877777669293,0.8157894611358643,0.872170216309656,0.05638075517379171,0.7476958525345623,0.7594339622641509
2,B_no_group,dev1,storage,5d_5pct,representation,True,76,19,4,0.16008521605539366,0.4849271035000782,0.7631579041481018,0.8219315386105257,0.058773634462423896,0.8113026819923371,0.8125
2,B_no_group,dev1,storage,5d_8pct,representation,True,76,19,4,0.19462817959986511,0.5753098396850889,0.5921052694320679,0.7150499071998959,0.12294463776782805,0.7971326164874551,0.7748538011695907
2,B_no_group,dev2,chips,1d_3pct,representation,True,160,20,8,0.2390487354822271,0.6694941337812905,0.4000000059604645,0.528960831974002,0.12896082601353753,0.67724609375,0.6151685393258427
2,B_no_group,dev2,chips,1d_5pct,representation,True,160,20,8,0.15853994647125685,0.48997607991678527,0.20000000298023224,0.2886405426596259,0.08864053967939367,0.700927734375,0.6020833333333333
2,B_no_group,dev2,chips,1d_8pct,representation,True,160,20,8,0.08828471135853264,0.2990935353942784,0.10000000149011612,0.15299592164501097,0.05299592015489485,0.7335069444444444,0.5703703703703704
2,B_no_group,dev2,chips,3d_3pct,representation,True,160,20,8,0.2572697049199424,0.7172109651994988,0.5874999761581421,0.735196066571753,0.14769609041361087,0.6052546744036106,0.5797872340425532
2,B_no_group,dev2,chips,3d_5pct,representation,True,160,20,8,0.2574682568294603,0.709594388120479,0.40625,0.5828983134352689,0.17664831343526888,0.6489068825910932,0.6031636863823934
2,B_no_group,dev2,chips,3d_8pct,representation,True,160,20,8,0.20567734182840464,0.5950992733059774,0.28125,0.4079440830580386,0.1266940830580386,0.6615458937198068,0.5910623946037099
2,B_no_group,dev2,chips,5d_3pct,representation,True,160,20,8,0.2269734897957071,0.6588525204780267,0.6875,0.8061510159288374,0.11865101592883742,0.5705454545454546,0.5568862275449101
2,B_no_group,dev2,chips,5d_5pct,representation,True,160,20,8,0.2711458036360832,0.7419081885906025,0.5062500238418579,0.6819881320013832,0.17573810815952529,0.5996249413970932,0.5307076101468625
2,B_no_group,dev2,chips,5d_8pct,representation,True,160,20,8,0.26694140261740124,0.7282965792221772,0.34375,0.5691734641860094,0.22542346418600945,0.6847619047619048,0.7012102874432677
2,B_no_group,dev2,optics,1d_3pct,representation,True,240,20,12,0.23457522285484064,0.6643679340136946,0.5375000238418579,0.5777851259338436,0.04028510209198566,0.6471820657867169,0.5363550519357885
2,B_no_group,dev2,optics,1d_5pct,representation,True,240,20,12,0.20229266818177957,0.5821561652617372,0.3291666805744171,0.32791993164692457,0.001246748927492547,0.6593678748329271,0.5214521452145214
2,B_no_group,dev2,optics,1d_8pct,representation,True,240,20,12,0.1499352157497153,0.4592937029388001,0.19166666269302368,0.18293924997487399,0.008727412718149696,0.6538547736441057,0.46745562130177515
2,B_no_group,dev2,optics,3d_3pct,representation,True,240,20,12,0.2125390949967933,0.6175662582558503,0.6833333373069763,0.7447281727072491,0.061394835400272796,0.603818998716303,0.5230607966457023
2,B_no_group,dev2,optics,3d_5pct,representation,True,240,20,12,0.22778999755139426,0.646975048540454,0.5333333611488342,0.5952695240600145,0.061936162911180315,0.6892787388392857,0.5891136801541426
2,B_no_group,dev2,optics,3d_8pct,representation,True,240,20,12,0.21556029349402323,0.6143603971114044,0.40416666865348816,0.4439139835944663,0.03974731494097816,0.6640112464854734,0.5599803343166175
2,B_no_group,dev2,optics,5d_3pct,representation,True,240,20,12,0.17527705342530983,0.535329473203024,0.7749999761581421,0.8063817631359197,0.031381786977777604,0.56710473914775,0.5373417721518987
2,B_no_group,dev2,optics,5d_5pct,representation,True,240,20,12,0.21706423260528554,0.6256060172744639,0.6208333373069763,0.692183770820858,0.0713504335138817,0.6723947193745851,0.6172901921132457
2,B_no_group,dev2,optics,5d_8pct,representation,True,240,20,12,0.22310464910344446,0.63650041339266,0.5208333134651184,0.5753071307959713,0.05447381733085288,0.6567652173913043,0.5958702064896755
2,B_no_group,dev2,storage,1d_3pct,representation,True,80,20,4,0.26966687643036924,0.7359131932333358,0.5249999761581421,0.6642974724481936,0.1392974962900515,0.4893483709273183,0.4794871794871795
2,B_no_group,dev2,storage,1d_5pct,representation,True,80,20,4,0.2111572372496056,0.6130877237426452,0.3125,0.4250186585003227,0.11251865850032272,0.7163636363636363,0.7142857142857143
2,B_no_group,dev2,storage,1d_8pct,representation,True,80,20,4,0.19659055621680555,0.584637789917544,0.25,0.2731501422387524,0.02315014223875239,0.47916666666666663,0.47297297297297297
2,B_no_group,dev2,storage,3d_3pct,representation,True,80,20,4,0.24471684048502057,0.6991733802324699,0.6625000238418579,0.7929456434146424,0.13044561957278444,0.3731656184486373,0.3561253561253561
2,B_no_group,dev2,storage,3d_5pct,representation,True,80,20,4,0.2639291061614749,0.7239638406412107,0.550000011920929,0.6779386614194254,0.12793864949849643,0.5227272727272727,0.5342639593908629
2,B_no_group,dev2,storage,3d_8pct,representation,True,80,20,4,0.2508612435158214,0.6948729522150403,0.42500001192092896,0.5427947183872464,0.1177947064663174,0.6144501278772379,0.6076923076923076
2,B_no_group,dev2,storage,5d_3pct,representation,True,80,20,4,0.17968781962715397,0.5515760456587964,0.7749999761581421,0.8457563361289022,0.07075635997076013,0.4121863799283154,0.41906474820143885
2,B_no_group,dev2,storage,5d_5pct,representation,True,80,20,4,0.2193929636490599,0.6327413756426452,0.6875,0.7532234161364245,0.06572341613642452,0.4425454545454546,0.4198250728862974
2,B_no_group,dev2,storage,5d_8pct,representation,True,80,20,4,0.2589481251389468,0.7132988917262406,0.5625,0.6743076955802236,0.11180769558022363,0.506031746031746,0.5470737913486005
2,C_group,dev1,chips,1d_3pct,representation,True,152,19,8,0.2281648081490376,0.6477067002212316,0.4934210479259491,0.46024370172823825,0.033177346197710844,0.6794805194805196,0.5844370860927153
2,C_group,dev1,chips,1d_5pct,representation,True,152,19,8,0.19977423660176166,0.5836664087038365,0.30921053886413574,0.30998980593879877,0.0007792670746630259,0.6662613981762918,0.5399239543726235
2,C_group,dev1,chips,1d_8pct,representation,True,152,19,8,0.10273087493445343,0.34829257217179294,0.125,0.15098204868660753,0.02598204868660753,0.7388207360506529,0.6586206896551724
2,C_group,dev1,chips,3d_3pct,representation,True,152,19,8,0.19473169252028902,0.5762156424587809,0.6907894611358643,0.6731091262710164,0.01768033486484788,0.7392097264437689,0.6688034188034188
2,C_group,dev1,chips,3d_5pct,representation,True,152,19,8,0.21162491644456366,0.6140680931101334,0.5394737124443054,0.5720717419801374,0.03259802953583202,0.7548780487804877,0.6557093425605537
2,C_group,dev1,chips,3d_8pct,representation,True,152,19,8,0.19743307655350625,0.5815678984944896,0.32894736528396606,0.3981267083625292,0.06917934307856316,0.7515686274509804,0.6264150943396226
2,C_group,dev1,chips,5d_3pct,representation,True,152,19,8,0.18457287502083874,0.5510254526179188,0.7302631735801697,0.7538981258957274,0.023634952315557678,0.7049000219731927,0.6099137931034483
2,C_group,dev1,chips,5d_5pct,representation,True,152,19,8,0.20495054913776317,0.5957337377178925,0.6118420958518982,0.68292455981657,0.07108246396467177,0.7880444687443047,0.6936758893280632
2,C_group,dev1,chips,5d_8pct,representation,True,152,19,8,0.2244351062752991,0.6406786183398951,0.44078946113586426,0.553282819752914,0.11249335861704979,0.7854258121158911,0.6642599277978339
2,C_group,dev1,optics,1d_3pct,representation,True,228,19,12,0.2251210205781662,0.6422783118988205,0.5745614171028137,0.5082105269896063,0.06635089011320738,0.6487762650507594,0.5192307692307693
2,C_group,dev1,optics,1d_5pct,representation,True,228,19,12,0.2127608083149217,0.6114632389041205,0.35087719559669495,0.3556061996368416,0.004729004040146645,0.6339527027027028,0.46116504854368934
2,C_group,dev1,optics,1d_8pct,representation,True,228,19,12,0.12136265148441117,0.399055955576658,0.14473684132099152,0.18088209067789326,0.03614524935690175,0.6318570318570319,0.54375
2,C_group,dev1,optics,3d_3pct,representation,True,228,19,12,0.1915215672449656,0.5700459488451657,0.7105262875556946,0.7002553532662105,0.010270934289484113,0.64337822671156,0.4495548961424332
2,C_group,dev1,optics,3d_5pct,representation,True,228,19,12,0.23580096811754328,0.6670601303896369,0.5175438523292542,0.6276025619521004,0.11005870962284625,0.6534668721109399,0.5169300225733634
2,C_group,dev1,optics,3d_8pct,representation,True,228,19,12,0.22116053151445172,0.6315211726137993,0.359649121761322,0.44592184545839136,0.08627272369706934,0.634480454393585,0.5201900237529691
2,C_group,dev1,optics,5d_3pct,representation,True,228,19,12,0.1740820885378985,0.5291476056657386,0.7543859481811523,0.782684811362856,0.028298863181703604,0.6579111295681064,0.4473684210526316
2,C_group,dev1,optics,5d_5pct,representation,True,228,19,12,0.23905846968700536,0.6764274556280033,0.5789473652839661,0.7240629924252042,0.14511562714123816,0.6665877525252526,0.5378250591016549
2,C_group,dev1,optics,5d_8pct,representation,True,228,19,12,0.2406878280637475,0.6747389226620439,0.4385964870452881,0.5752398218147873,0.1366433347694992,0.6940625,0.5864485981308412
2,C_group,dev1,storage,1d_3pct,representation,True,76,19,4,0.23238070007506884,0.6574487063503147,0.6184210777282715,0.5818283346704928,0.03659274305777871,0.6228906823184153,0.6035502958579881
2,C_group,dev1,storage,1d_5pct,representation,True,76,19,4,0.22939610231194726,0.651080235821286,0.3947368562221527,0.3970743599809858,0.0023375037588330705,0.6623188405797101,0.6403508771929824
2,C_group,dev1,storage,1d_8pct,representation,True,76,19,4,0.16855582268120872,0.517013403330796,0.22368420660495758,0.21076506640765516,0.01291914019730242,0.6580259222333,0.6411290322580645
2,C_group,dev1,storage,3d_3pct,representation,True,76,19,4,0.16477389674653284,0.5111006035686133,0.7894737124443054,0.7473190058500944,0.042154706594211055,0.6979166666666666,0.691304347826087
2,C_group,dev1,storage,3d_5pct,representation,True,76,19,4,0.20428965079053607,0.5954503495514182,0.6842105388641357,0.697094737544118,0.01288419867998225,0.733974358974359,0.7086092715231788
2,C_group,dev1,storage,3d_8pct,representation,True,76,19,4,0.24149892579869495,0.6760872427850666,0.5,0.5184114256327581,0.018411425632758105,0.703601108033241,0.6988636363636364
2,C_group,dev1,storage,5d_3pct,representation,True,76,19,4,0.15061829008215857,0.479168349913814,0.8157894611358643,0.8302541961127065,0.014464734976842197,0.49078341013824883,0.4811320754716981
2,C_group,dev1,storage,5d_5pct,representation,True,76,19,4,0.17421395639340714,0.5276455462617374,0.7631579041481018,0.7936879834126735,0.03053007926457174,0.7567049808429119,0.76171875
2,C_group,dev1,storage,5d_8pct,representation,True,76,19,4,0.23008185064459816,0.6509425651971874,0.5921052694320679,0.6386395632776725,0.04653429384560459,0.7792114695340502,0.7719298245614035
2,C_group,dev2,chips,1d_3pct,representation,True,160,20,8,0.22325209305372934,0.6371493590873595,0.4000000059604645,0.43005802965749257,0.03005802369702809,0.6578776041666666,0.6109550561797753
2,C_group,dev2,chips,1d_5pct,representation,True,160,20,8,0.16659899118544205,0.5030800538791466,0.20000000298023224,0.2693708305301481,0.06937082754991586,0.626708984375,0.46458333333333335
2,C_group,dev2,chips,1d_8pct,representation,True,160,20,8,0.0893126085097778,0.3006918796627496,0.10000000149011612,0.11256386858998409,0.012563867099867967,0.6948784722222222,0.4740740740740741
2,C_group,dev2,chips,3d_3pct,representation,True,160,20,8,0.258205887274859,0.7228789060578998,0.5874999761581421,0.7424315353425013,0.1549315591843592,0.6199226305609283,0.613031914893617
2,C_group,dev2,chips,3d_5pct,representation,True,160,20,8,0.2726558934021289,0.751585251821173,0.40625,0.5874151027756469,0.1811651027756469,0.5962753036437247,0.46629986244841815
2,C_group,dev2,chips,3d_8pct,representation,True,160,20,8,0.2225174996501916,0.6311413924532896,0.28125,0.39231780871553873,0.11106780871553873,0.6121739130434782,0.45193929173693087
2,C_group,dev2,chips,5d_3pct,representation,True,160,20,8,0.23116762038569028,0.6777501163565107,0.6875,0.8202342320516364,0.13273423205163637,0.604,0.5479041916167665
2,C_group,dev2,chips,5d_5pct,representation,True,160,20,8,0.2915688224634076,0.8209295526845587,0.5062500238418579,0.7211605716177985,0.21491054777594054,0.5854039693702141,0.4485981308411215
2,C_group,dev2,chips,5d_8pct,representation,True,160,20,8,0.2749609931005958,0.7545021270312343,0.34375,0.5554497022680355,0.21169970226803547,0.5901298701298701,0.39939485627836613
2,C_group,dev2,optics,1d_3pct,representation,True,240,20,12,0.22570146507039113,0.6461638636228139,0.5375000238418579,0.5050144163960785,0.03248560744577944,0.694182554647671,0.5722379603399433
2,C_group,dev2,optics,1d_5pct,representation,True,240,20,12,0.2043125002229016,0.586840408257153,0.3291666805744171,0.35981669127347343,0.030650010699056318,0.6676625520874282,0.45764576457645767
2,C_group,dev2,optics,1d_8pct,representation,True,240,20,12,0.1477460393032842,0.45448951123978626,0.19166666269302368,0.1681475076751641,0.02351915501785959,0.6639399372478709,0.5014792899408284
2,C_group,dev2,optics,3d_3pct,representation,True,240,20,12,0.21631852042113336,0.6304092841827963,0.6833333373069763,0.7712815885927443,0.087948251285768,0.6383183568677792,0.5020964360587002
2,C_group,dev2,optics,3d_5pct,representation,True,240,20,12,0.251063514419786,0.7084113429051445,0.5333333611488342,0.6571956490064412,0.123862287857607,0.6143275669642857,0.3930635838150289
2,C_group,dev2,optics,3d_8pct,representation,True,240,20,12,0.2407355302640427,0.672743067349819,0.40416666865348816,0.4885390019578933,0.08437233330440513,0.6300915579266094,0.40707964601769914
2,C_group,dev2,optics,5d_3pct,representation,True,240,20,12,0.1821853099266531,0.5605672416755071,0.7749999761581421,0.8404619993579233,0.06546202319978123,0.6166865790521704,0.49493670886075947
2,C_group,dev2,optics,5d_5pct,representation,True,240,20,12,0.2397293171985482,0.7102624499086048,0.6208333373069763,0.7700974387808853,0.149264101473909,0.6157533741426359,0.37917087967644086
2,C_group,dev2,optics,5d_8pct,representation,True,240,20,12,0.24608207100425336,0.6941818542793341,0.5208333134651184,0.6210238011845344,0.10019048771941597,0.6155826086956522,0.35103244837758113
2,C_group,dev2,storage,1d_3pct,representation,True,80,20,4,0.24403385374446557,0.6813364923477464,0.5249999761581421,0.5759939908802802,0.05099401472213816,0.6209273182957393,0.5666666666666667
2,C_group,dev2,storage,1d_5pct,representation,True,80,20,4,0.23774990992169692,0.6678839450107172,0.3125,0.4066823105886577,0.09418231058865772,0.4269090909090909,0.3760932944606414
2,C_group,dev2,storage,1d_8pct,representation,True,80,20,4,0.206077017020119,0.6223690455522635,0.25,0.18146777105403006,0.06853222894596994,0.36333333333333334,0.33783783783783783
2,C_group,dev2,storage,3d_3pct,representation,True,80,20,4,0.25606849285240096,0.7393419665964001,0.6625000238418579,0.8387940513444152,0.1762940275025573,0.4682040531097135,0.43874643874643876
2,C_group,dev2,storage,3d_5pct,representation,True,80,20,4,0.3050693595440751,0.833381984661461,0.550000011920929,0.7471933149248837,0.19719330300395477,0.32512626262626265,0.2639593908629442
2,C_group,dev2,storage,3d_8pct,representation,True,80,20,4,0.30540998684716836,0.8101455108507845,0.42500001192092896,0.5720751092526506,0.14707509733172164,0.27813299232736577,0.2230769230769231
2,C_group,dev2,storage,5d_3pct,representation,True,80,20,4,0.19233253213676432,0.614079621344137,0.7749999761581421,0.9011387161291324,0.12613873997099034,0.3915770609318997,0.38848920863309355
2,C_group,dev2,storage,5d_5pct,representation,True,80,20,4,0.25881186414153834,0.7828933958535136,0.6875,0.8633476793763641,0.17584767937636414,0.24363636363636362,0.17784256559766765
2,C_group,dev2,storage,5d_8pct,representation,True,80,20,4,0.3074034578426871,0.8383661321363352,0.5625,0.7301893535345864,0.16768935353458636,0.18920634920634924,0.11195928753180662
2,C_no_group,dev1,chips,1d_3pct,representation,False,152,19,8,0.2494251504966381,0.6919905048700538,0.4934210479259491,0.46838481610932636,0.025036231816622734,0.6121212121212122,0.5397350993377483
2,C_no_group,dev1,chips,1d_5pct,representation,False,152,19,8,0.2240970678427793,0.6408760528412897,0.30921053886413574,0.415592705741506,0.10638216687737023,0.638500506585613,0.55893536121673
2,C_no_group,dev1,chips,1d_8pct,representation,False,152,19,8,0.1930341183279284,0.5781469785517842,0.125,0.4154549394826222,0.2904549394826222,0.7111199050257222,0.6448275862068965
2,C_no_group,dev1,chips,3d_3pct,representation,False,152,19,8,0.2611930768560543,0.715558125981364,0.6907894611358643,0.46841888858698716,0.2223705725488771,0.7043566362715299,0.6089743589743589
2,C_no_group,dev1,chips,3d_5pct,representation,False,152,19,8,0.2594820653674815,0.7122445910373576,0.5394737124443054,0.42913869698231694,0.11033501546198848,0.7080139372822298,0.6124567474048442
2,C_no_group,dev1,chips,3d_8pct,representation,False,152,19,8,0.2299357486664123,0.6527549700961366,0.32894736528396606,0.42740545957030845,0.09845809428634239,0.6052941176470588,0.49245283018867925
2,C_no_group,dev1,chips,5d_3pct,representation,False,152,19,8,0.21689495425058744,0.626288321874668,0.7302631735801697,0.5891816689798436,0.1410815046003261,0.5295539441880905,0.33620689655172414
2,C_no_group,dev1,chips,5d_5pct,representation,False,152,19,8,0.25066748953923457,0.6944822737360323,0.6118420958518982,0.4955595920105721,0.1162825038413261,0.5511208310552214,0.5434782608695652
2,C_no_group,dev1,chips,5d_8pct,representation,False,152,19,8,0.24426526785506866,0.6815939706003037,0.44078946113586426,0.43698084878668086,0.0038086123491833934,0.6849868305531167,0.6227436823104693
2,C_no_group,dev1,optics,1d_3pct,representation,False,228,19,12,0.25405175984202205,0.7012571030271729,0.5745614171028137,0.47026681992032326,0.10429459718249046,0.590855434012749,0.5214932126696833
2,C_no_group,dev1,optics,1d_5pct,representation,False,228,19,12,0.2315163812080802,0.655873103556296,0.35087719559669495,0.4145416436828254,0.06366444808613048,0.5445101351351351,0.5206310679611651
2,C_no_group,dev1,optics,1d_8pct,representation,False,228,19,12,0.19611149351408205,0.5843490855745281,0.14473684132099152,0.41417713353802194,0.2694402922170304,0.5676767676767678,0.49375
2,C_no_group,dev1,optics,3d_3pct,representation,False,228,19,12,0.26251063414545794,0.7181993862020319,0.7105262875556946,0.4702895349054304,0.24023675265026417,0.5780957725402169,0.5400593471810089
2,C_no_group,dev1,optics,3d_5pct,representation,False,228,19,12,0.2567425747850998,0.7067375990803195,0.5175438523292542,0.4287129912277765,0.08883086110147764,0.6051617873651771,0.5474040632054176
2,C_no_group,dev1,optics,3d_8pct,representation,False,228,19,12,0.23418945812929462,0.6613153741327349,0.359649121761322,0.42637915232320617,0.06673003056188415,0.6014868025392581,0.5736342042755345
2,C_no_group,dev1,optics,5d_3pct,representation,False,228,19,12,0.2134128808623583,0.6192770882220984,0.7543859481811523,0.5849681093990596,0.1694178387820927,0.5591777408637875,0.3930921052631579
2,C_no_group,dev1,optics,5d_5pct,representation,False,228,19,12,0.2521458977303789,0.6974395328323857,0.5789473652839661,0.4936697573420796,0.08527760794188649,0.3405145202020202,0.44089834515366433
2,C_no_group,dev1,optics,5d_8pct,representation,False,228,19,12,0.24535491860261552,0.6838124191078407,0.4385964870452881,0.43888539231950635,0.0002889052742182652,0.5634375,0.5478971962616822
2,C_no_group,dev1,storage,1d_3pct,representation,False,76,19,4,0.2554350736534139,0.7040242129425841,0.6184210777282715,0.4747614139255655,0.143659663802706,0.6265590608950844,0.6272189349112426
2,C_no_group,dev1,storage,1d_5pct,representation,False,76,19,4,0.23950906462850757,0.6720348057439418,0.3947368562221527,0.41890275904397606,0.02416590282182335,0.5159420289855072,0.4824561403508772
2,C_no_group,dev1,storage,1d_8pct,representation,False,76,19,4,0.21167738882890375,0.6158682721671271,0.22368420660495758,0.41890275904397606,0.19521855243901848,0.531405782652044,0.532258064516129
2,C_no_group,dev1,storage,3d_3pct,representation,False,76,19,4,0.26377322007552273,0.7207163197016616,0.7894737124443054,0.4747614139255655,0.31471229851873994,0.73125,0.7086956521739131
2,C_no_group,dev1,storage,3d_5pct,representation,False,76,19,4,0.27906716152668776,0.7516596905823654,0.6842105388641357,0.43159953225214914,0.2526110066119866,0.7259615384615385,0.6721854304635762
2,C_no_group,dev1,storage,3d_8pct,representation,False,76,19,4,0.2545200132819277,0.7022708729196472,0.5,0.4295584680220382,0.07044153197796182,0.6018005540166206,0.6079545454545454
2,C_no_group,dev1,storage,5d_3pct,representation,False,76,19,4,0.2014845172353202,0.5951353773583602,0.8157894611358643,0.5927986600168559,0.22299080111900837,0.30414746543778803,0.24528301886792453
2,C_no_group,dev1,storage,5d_5pct,representation,False,76,19,4,0.2507682003715987,0.6946836259464241,0.7631579041481018,0.4973638755452767,0.2657940286028251,0.6599616858237547,0.66796875
2,C_no_group,dev1,storage,5d_8pct,representation,False,76,19,4,0.26291505328936504,0.719095304680362,0.5921052694320679,0.4383609619818164,0.15374430745025147,0.6831541218637992,0.7309941520467836
2,C_no_group,dev2,chips,1d_3pct,representation,False,160,20,8,0.2261730041231318,0.6426923453774858,0.4000000059604645,0.44118190513407657,0.04118189917361209,0.6422526041666666,0.5463483146067416
2,C_no_group,dev2,chips,1d_5pct,representation,False,160,20,8,0.16211409184652079,0.4919739436442082,0.20000000298023224,0.24728776885309967,0.04728776587286743,0.628662109375,0.49375
2,C_no_group,dev2,chips,1d_8pct,representation,False,160,20,8,0.08835966214770477,0.30438814696229183,0.10000000149011612,0.0947815362438302,0.005218465246285914,0.6783854166666666,0.44074074074074077
2,C_no_group,dev2,chips,3d_3pct,representation,False,160,20,8,0.24701761268820363,0.6929155941594268,0.5874999761581421,0.7038378504378962,0.11633787427975406,0.6118633139909736,0.586436170212766
2,C_no_group,dev2,chips,3d_5pct,representation,False,160,20,8,0.25677832415165,0.7097220191726281,0.40625,0.5523594656108826,0.14610946561088256,0.5988663967611336,0.47730398899587345
2,C_no_group,dev2,chips,3d_8pct,representation,False,160,20,8,0.21458855706291308,0.6109067591013373,0.28125,0.36293125439462415,0.08168125439462415,0.5988405797101449,0.43676222596964587
2,C_no_group,dev2,chips,5d_3pct,representation,False,160,20,8,0.22151366565303396,0.6433809475135635,0.6875,0.7902461021835319,0.10274610218353186,0.6012727272727273,0.5299401197604791
2,C_no_group,dev2,chips,5d_5pct,representation,False,160,20,8,0.2749130159321558,0.7686424833246235,0.5062500238418579,0.6772515423991294,0.17100151855727153,0.5836849507735584,0.43658210947930576
2,C_no_group,dev2,chips,5d_8pct,representation,False,160,20,8,0.2562915425335968,0.7087031791680249,0.34375,0.4954390334839875,0.1516890334839875,0.5878787878787879,0.41603630862329805
2,C_no_group,dev2,optics,1d_3pct,representation,False,240,20,12,0.23056544686007543,0.6554110697487165,0.5375000238418579,0.4925780190078106,0.04492200483404729,0.6759550247922342,0.5259678942398489
2,C_no_group,dev2,optics,1d_5pct,representation,False,240,20,12,0.1996022566388819,0.5783337925878396,0.3291666805744171,0.33630636334122,0.0071396827668028795,0.6818146080666719,0.47744774477447743
2,C_no_group,dev2,optics,1d_8pct,representation,False,240,20,12,0.15073663064925172,0.4679959212917041,0.19166666269302368,0.13407499711922272,0.057591665573800965,0.657328552218736,0.47337278106508873
2,C_no_group,dev2,optics,3d_3pct,representation,False,240,20,12,0.21174260584506344,0.6142837860841275,0.6833333373069763,0.7415590770970266,0.0582257397900503,0.6505937098844672,0.5241090146750524
2,C_no_group,dev2,optics,3d_5pct,representation,False,240,20,12,0.2372406035121153,0.6686663825839365,0.5333333611488342,0.6129308907297151,0.07959752958088084,0.6356724330357143,0.4142581888246628
2,C_no_group,dev2,optics,3d_8pct,representation,False,240,20,12,0.23331562951868393,0.6536255856673258,0.40416666865348816,0.4416601764115528,0.03749350775806465,0.619493908153702,0.40216322517207476
2,C_no_group,dev2,optics,5d_3pct,representation,False,240,20,12,0.17910178130124574,0.5443529223651223,0.7749999761581421,0.8164495853231308,0.04144960916498874,0.6167861409796893,0.4936708860759494
2,C_no_group,dev2,optics,5d_5pct,representation,False,240,20,12,0.23118489734612155,0.6741347332441668,0.6208333373069763,0.7355007314265194,0.11466739411954308,0.6205472379969025,0.3993933265925177
2,C_no_group,dev2,optics,5d_8pct,representation,False,240,20,12,0.24215542719298871,0.6803009595223791,0.5208333134651184,0.5786475335110406,0.05781422004592218,0.6138434782608696,0.3647984267453294
2,C_no_group,dev2,storage,1d_3pct,representation,False,80,20,4,0.25318768326263763,0.6997958905550735,0.5249999761581421,0.5753633958683096,0.050363419710167556,0.49624060150375937,0.4025641025641026
2,C_no_group,dev2,storage,1d_5pct,representation,False,80,20,4,0.24966922425620286,0.6937875692627463,0.3125,0.4082630637282597,0.09576306372825971,0.3869090909090909,0.358600583090379
2,C_no_group,dev2,storage,1d_8pct,representation,False,80,20,4,0.2083294254549143,0.6374339569989829,0.25,0.16179336023865437,0.08820663976134563,0.33166666666666667,0.30743243243243246
2,C_no_group,dev2,storage,3d_3pct,representation,False,80,20,4,0.25175775014375823,0.7234021951495795,0.6625000238418579,0.8144659145739601,0.1519658907321022,0.3976240391334731,0.2678062678062678
2,C_no_group,dev2,storage,3d_5pct,representation,False,80,20,4,0.296078328463692,0.8048072782402725,0.550000011920929,0.7160452845982089,0.16604527267727998,0.2948232323232323,0.21065989847715733
2,C_no_group,dev2,storage,3d_8pct,representation,False,80,20,4,0.30783101706384075,0.8130347429948488,0.42500001192092896,0.5443049494079967,0.11930493748706772,0.22826086956521743,0.17435897435897435
2,C_no_group,dev2,storage,5d_3pct,representation,False,80,20,4,0.18956118774548855,0.596939730461312,0.7749999761581421,0.8777265549203737,0.10272657876223157,0.3449820788530466,0.23741007194244604
2,C_no_group,dev2,storage,5d_5pct,representation,False,80,20,4,0.25770623889144006,0.769280149595353,0.6875,0.8319893781337594,0.1444893781337594,0.2138181818181818,0.13994169096209913
2,C_no_group,dev2,storage,5d_8pct,representation,False,80,20,4,0.31540782378374715,0.8546188055527708,0.5625,0.6963694720900231,0.1338694720900231,0.1885714285714286,0.10941475826972011
2,C_no_daily,dev1,chips,1d_3pct,representation,False,152,19,8,0.23001894413505444,0.6520186993765893,0.4934210479259491,0.4982311363456486,0.0048100884196994875,0.6689177489177489,0.5877483443708609
2,C_no_daily,dev1,chips,1d_5pct,representation,False,152,19,8,0.20915439626675342,0.6052082544141978,0.30921053886413574,0.3536668290350208,0.04445629017088504,0.5979736575481257,0.532319391634981
2,C_no_daily,dev1,chips,1d_8pct,representation,False,152,19,8,0.11731247208115261,0.38793528979603814,0.125,0.2048683998853679,0.0798683998853679,0.6410763751483973,0.5551724137931034
2,C_no_daily,dev1,chips,3d_3pct,representation,False,152,19,8,0.1973984912266389,0.5759856702017644,0.6907894611358643,0.7514707732972143,0.06068131216135009,0.7258358662613982,0.6752136752136753
2,C_no_daily,dev1,chips,3d_5pct,representation,False,152,19,8,0.22842231361856344,0.6491795378518408,0.5394737124443054,0.6422145496242354,0.10274083717992999,0.7125435540069687,0.6487889273356401
2,C_no_daily,dev1,chips,3d_8pct,representation,False,152,19,8,0.23515524417993944,0.6682506956432995,0.32894736528396606,0.5099247206444363,0.18097735536047022,0.6886274509803921,0.6056603773584905
2,C_no_daily,dev1,chips,5d_3pct,representation,False,152,19,8,0.19339593799738192,0.5741199443055887,0.7302631735801697,0.8487172385848931,0.11845406500472344,0.7332454405625137,0.665948275862069
2,C_no_daily,dev1,chips,5d_5pct,representation,False,152,19,8,0.22638386067489935,0.6399908574214631,0.6118420958518982,0.7662672190723123,0.15442512322041413,0.7636231091671222,0.7114624505928854
2,C_no_daily,dev1,chips,5d_8pct,representation,False,152,19,8,0.2612489933666851,0.7235458360674896,0.44078946113586426,0.6670207656630908,0.2262313045272265,0.7332748024582968,0.6624548736462094
2,C_no_daily,dev1,optics,1d_3pct,representation,False,228,19,12,0.23622211881569263,0.6649208375612262,0.5745614171028137,0.4985029203142862,0.0760584967885275,0.6361060832611947,0.5237556561085973
2,C_no_daily,dev1,optics,1d_5pct,representation,False,228,19,12,0.2194538266319459,0.6273905193775857,0.35087719559669495,0.3470637010206817,0.0038134945760132655,0.6086993243243243,0.4854368932038835
2,C_no_daily,dev1,optics,1d_8pct,representation,False,228,19,12,0.13506287314866006,0.4314207057305992,0.14473684132099152,0.20564960206025543,0.06091276073926391,0.6113442113442114,0.45208333333333334
2,C_no_daily,dev1,optics,3d_3pct,representation,False,228,19,12,0.19501803209985955,0.5791217499594653,0.7105262875556946,0.7505459605876279,0.04001967303193332,0.6486157875046764,0.4940652818991098
2,C_no_daily,dev1,optics,3d_5pct,representation,False,228,19,12,0.24667323085189477,0.6981969840071035,0.5175438523292542,0.6422988908940409,0.12475503856478676,0.6510785824345146,0.5395033860045146
2,C_no_daily,dev1,optics,3d_8pct,representation,False,228,19,12,0.25963039097740953,0.7301539885991353,0.359649121761322,0.5108556152273495,0.15120649346602744,0.6178583361176078,0.5225653206650831
2,C_no_daily,dev1,optics,5d_3pct,representation,False,228,19,12,0.18138653490302895,0.5602901149860687,0.7543859481811523,0.8431855759743082,0.08879962779315587,0.659468438538206,0.5444078947368421
2,C_no_daily,dev1,optics,5d_5pct,representation,False,228,19,12,0.24416717808401742,0.7017523228599702,0.5789473652839661,0.759369460783901,0.18042209549993493,0.7130681818181818,0.6205673758865248
2,C_no_daily,dev1,optics,5d_8pct,representation,False,228,19,12,0.269742837906335,0.767619948522556,0.4385964870452881,0.6566110875149903,0.21801460046970222,0.6809375,0.5899532710280374
2,C_no_daily,dev1,storage,1d_3pct,representation,False,76,19,4,0.24693021208374907,0.6867162564489357,0.6184210777282715,0.49416107181943486,0.12426000590883662,0.5693323550990463,0.5177514792899408
2,C_no_daily,dev1,storage,1d_5pct,representation,False,76,19,4,0.22903068593586318,0.6492807584386692,0.3947368562221527,0.3555033720577936,0.03923348416435912,0.6485507246376812,0.6432748538011696
2,C_no_daily,dev1,storage,1d_8pct,representation,False,76,19,4,0.1660567182690387,0.507010167968267,0.22368420660495758,0.1966786513614057,0.027005555243551888,0.682951146560319,0.6975806451612904
2,C_no_daily,dev1,storage,3d_3pct,representation,False,76,19,4,0.156075159605469,0.4851684428188281,0.7894737124443054,0.7360447832275555,0.05342892921674991,0.725,0.7130434782608696
2,C_no_daily,dev1,storage,3d_5pct,representation,False,76,19,4,0.19905276063958457,0.584002922679891,0.6842105388641357,0.623073637716513,0.06113690114762271,0.686698717948718,0.6589403973509934
2,C_no_daily,dev1,storage,3d_8pct,representation,False,76,19,4,0.22022881662487562,0.6333758981539654,0.5,0.48873032322569954,0.011269676774300463,0.6876731301939059,0.7159090909090909
2,C_no_daily,dev1,storage,5d_3pct,representation,False,76,19,4,0.14158890782837713,0.4429655125563279,0.8157894611358643,0.8337238854309919,0.017934424295127593,0.6970046082949308,0.7028301886792453
2,C_no_daily,dev1,storage,5d_5pct,representation,False,76,19,4,0.16540962056799496,0.4997450252492345,0.7631579041481018,0.7512630455566095,0.011894858591492308,0.6963601532567051,0.6953125
2,C_no_daily,dev1,storage,5d_8pct,representation,False,76,19,4,0.2067890384166105,0.5918581880206905,0.5921052694320679,0.6580699680775864,0.06596469864551857,0.7426523297491039,0.7660818713450293
2,C_no_daily,dev2,chips,1d_3pct,representation,False,160,20,8,0.23254249915405872,0.6565653731919456,0.4000000059604645,0.45306863648458895,0.05306863052412447,0.6129557291666667,0.46629213483146065
2,C_no_daily,dev2,chips,1d_5pct,representation,False,160,20,8,0.16131952949461398,0.4960883620118288,0.20000000298023224,0.2579383248398351,0.05793832185960285,0.596923828125,0.4
2,C_no_daily,dev2,chips,1d_8pct,representation,False,160,20,8,0.09614491155661324,0.3279911806613483,0.10000000149011612,0.14635668822955097,0.046356686739434855,0.6519097222222223,0.4222222222222222
2,C_no_daily,dev2,chips,3d_3pct,representation,False,160,20,8,0.2527130279592962,0.7072969614958173,0.5874999761581421,0.6999954022562731,0.11249542609813101,0.5469052224371372,0.41356382978723405
2,C_no_daily,dev2,chips,3d_5pct,representation,False,160,20,8,0.2658972755965193,0.7323292662847184,0.40625,0.5721894474124516,0.1659394474124516,0.5758704453441296,0.4264099037138927
2,C_no_daily,dev2,chips,3d_8pct,representation,False,160,20,8,0.2293261375941657,0.6461323820599988,0.28125,0.4127891158497432,0.1315391158497432,0.5899516908212561,0.4317032040472175
2,C_no_daily,dev2,chips,5d_3pct,representation,False,160,20,8,0.22497343705556627,0.6563021991138498,0.6875,0.7859885280690493,0.09848852806904929,0.5296363636363636,0.3967065868263473
2,C_no_daily,dev2,chips,5d_5pct,representation,False,160,20,8,0.2763733956684052,0.762379417512947,0.5062500238418579,0.6857497167842187,0.1794996929423608,0.5666510392248789,0.41255006675567424
2,C_no_daily,dev2,chips,5d_8pct,representation,False,160,20,8,0.26282805016576133,0.724529301499803,0.34375,0.5333050676896679,0.1895550676896679,0.5828571428571429,0.41603630862329805
2,C_no_daily,dev2,optics,1d_3pct,representation,False,240,20,12,0.2381486214172495,0.6712796737189701,0.5375000238418579,0.4618339185546925,0.07566610528716539,0.6478106012989733,0.45042492917847027
2,C_no_daily,dev2,optics,1d_5pct,representation,False,240,20,12,0.2104493348819919,0.6070384368800426,0.3291666805744171,0.27473608609952294,0.05443059447489418,0.643682679455932,0.42134213421342126
2,C_no_daily,dev2,optics,1d_8pct,representation,False,240,20,12,0.15389847606307702,0.4810810515917104,0.19166666269302368,0.1669485434200305,0.024718119272993194,0.6387270282384581,0.4511834319526627
2,C_no_daily,dev2,optics,3d_3pct,representation,False,240,20,12,0.21469727791255805,0.6218938347534525,0.6833333373069763,0.6858671604782552,0.002533823171278926,0.5636232349165597,0.3438155136268344
2,C_no_daily,dev2,optics,3d_5pct,representation,False,240,20,12,0.24439161851979815,0.6849577130288912,0.5333333611488342,0.5746900137059981,0.04135665255716392,0.5989815848214286,0.36127167630057805
2,C_no_daily,dev2,optics,3d_8pct,representation,False,240,20,12,0.24661995741541295,0.6846793009575544,0.40416666865348816,0.42455552430265214,0.020388855649163984,0.5972893086295148,0.3854473942969518
2,C_no_daily,dev2,optics,5d_3pct,representation,False,240,20,12,0.1789075030531661,0.5441296578079083,0.7749999761581421,0.7672935056602902,0.007706470497851892,0.5440063719633612,0.37341772151898733
2,C_no_daily,dev2,optics,5d_5pct,representation,False,240,20,12,0.2270769584482849,0.6528843978063554,0.6208333373069763,0.6769909502749473,0.05615761296797095,0.6080831919758094,0.36198179979777545
2,C_no_daily,dev2,optics,5d_8pct,representation,False,240,20,12,0.24734081330842492,0.690558739593587,0.5208333134651184,0.5392578118831444,0.01842449841802596,0.5868521739130435,0.35103244837758113
2,C_no_daily,dev2,storage,1d_3pct,representation,False,80,20,4,0.25176434901685635,0.6969242873067024,0.5249999761581421,0.6051155451160734,0.08011556895793126,0.5645363408521303,0.4897435897435897
2,C_no_daily,dev2,storage,1d_5pct,representation,False,80,20,4,0.21935297439547635,0.6306824032239529,0.3125,0.370296697175184,0.057796697175183986,0.504,0.5072886297376094
2,C_no_daily,dev2,storage,1d_8pct,representation,False,80,20,4,0.21300700336390163,0.6363469777782544,0.25,0.22347435293967938,0.026525647060320623,0.3625,0.3783783783783784
2,C_no_daily,dev2,storage,3d_3pct,representation,False,80,20,4,0.24656415827058123,0.7049028116954414,0.6625000238418579,0.8105286032510961,0.1480285794092382,0.48777078965758214,0.396011396011396
2,C_no_daily,dev2,storage,3d_5pct,representation,False,80,20,4,0.29250898847994,0.7967806965272917,0.550000011920929,0.7281570968099759,0.1781570848890469,0.37752525252525254,0.2969543147208122
2,C_no_daily,dev2,storage,3d_8pct,representation,False,80,20,4,0.3171276938090713,0.8377796147534703,0.42500001192092896,0.5821267647029058,0.15712675278197685,0.29028132992327366,0.24102564102564103
2,C_no_daily,dev2,storage,5d_3pct,representation,False,80,20,4,0.1868482941863378,0.5834687835631001,0.7749999761581421,0.8806778063972789,0.1056778302391368,0.4435483870967742,0.3273381294964029
2,C_no_daily,dev2,storage,5d_5pct,representation,False,80,20,4,0.23985365867277286,0.6986312953933407,0.6875,0.8244446648750433,0.1369446648750433,0.36290909090909085,0.24198250728862977
2,C_no_daily,dev2,storage,5d_8pct,representation,False,80,20,4,0.2939076219659638,0.7998348656745227,0.5625,0.7094079267833535,0.14690792678335352,0.2634920634920635,0.13231552162849872
3,B_group,dev1,chips,1d_3pct,prior,False,152,19,8,0.23035869347898866,0.6522726819704786,0.4934210479259491,0.43545483036097576,0.05796621756497333,0.6730735930735932,0.39072847682119205
3,B_group,dev1,chips,1d_5pct,prior,False,152,19,8,0.19135715588699168,0.5583252490369193,0.30921053886413574,0.2748780634247794,0.03433247543935636,0.6943262411347517,0.45817490494296575
3,B_group,dev1,chips,1d_8pct,prior,False,152,19,8,0.10655800239000845,0.35250900690920145,0.125,0.11972114243534539,0.005278857564654613,0.6349426197071627,0.5275862068965518
3,B_group,dev1,chips,3d_3pct,prior,False,152,19,8,0.21132503279727965,0.6149765625925897,0.6907894611358643,0.8326462637789381,0.14185680264307388,0.7402228976697063,0.5598290598290598
3,B_group,dev1,chips,3d_5pct,prior,False,152,19,8,0.2660462342989116,0.7473509793817359,0.5394737124443054,0.7540532967924655,0.21457958434816005,0.7088850174216029,0.5899653979238755
3,B_group,dev1,chips,3d_8pct,prior,False,152,19,8,0.22320882686607493,0.6319515869100606,0.32894736528396606,0.5387310203232895,0.2097836550393234,0.7847058823529411,0.6830188679245283
3,B_group,dev1,chips,5d_3pct,prior,False,152,19,8,0.22627533858648166,0.7329126624781979,0.7302631735801697,0.9323718060606629,0.20210863248049327,0.7191825972313778,0.5775862068965517
3,B_group,dev1,chips,5d_5pct,prior,False,152,19,8,0.3139693266792001,0.9662902585757268,0.6118420958518982,0.9125654193899633,0.3007233235380651,0.6989247311827957,0.5098814229249012
3,B_group,dev1,chips,5d_8pct,prior,False,152,19,8,0.3214118561602158,0.8804751171395244,0.44078946113586426,0.7699216742732179,0.32913221313735364,0.7188762071992976,0.5406137184115524
3,B_group,dev1,optics,1d_3pct,prior,False,228,19,12,0.21831429304248487,0.630161961531992,0.5745614171028137,0.5390071842311515,0.03555423287166226,0.6670339183127411,0.46945701357466063
3,B_group,dev1,optics,1d_5pct,prior,False,228,19,12,0.19944803206106362,0.5752708157998344,0.35087719559669495,0.3492995657209793,0.001577629875715636,0.7053631756756756,0.4830097087378641
3,B_group,dev1,optics,1d_8pct,prior,False,228,19,12,0.11687550946211983,0.3757187456883747,0.14473684132099152,0.17345588592995098,0.028719044608959465,0.7272727272727273,0.575
3,B_group,dev1,optics,3d_3pct,prior,False,228,19,12,0.20325046302815122,0.6276961943178254,0.7105262875556946,0.8556125448134722,0.14508625725777757,0.6991208380097269,0.4421364985163205
3,B_group,dev1,optics,3d_5pct,prior,False,228,19,12,0.2849213055005428,0.8357413916498748,0.5175438523292542,0.7716844702851445,0.2541406179558904,0.664637904468413,0.49435665914221216
3,B_group,dev1,optics,3d_8pct,prior,False,228,19,12,0.2532079999728742,0.7116421644632185,0.359649121761322,0.5890305401833406,0.22938141842201853,0.7322920147009689,0.6258907363420427
3,B_group,dev1,optics,5d_3pct,prior,False,228,19,12,0.20477154595980349,0.7289926562141714,0.7543859481811523,0.9423337479446661,0.18794779976351372,0.6697466777408637,0.5608552631578947
3,B_group,dev1,optics,5d_5pct,prior,False,228,19,12,0.3215146438894413,1.0454840381717587,0.5789473652839661,0.9016211370112763,0.32267377172731027,0.6788194444444444,0.5118203309692672
3,B_group,dev1,optics,5d_8pct,prior,False,228,19,12,0.33195551267676754,0.9473291107962526,0.4385964870452881,0.7817052137466649,0.3431087267013768,0.701015625,0.5753504672897196
3,B_group,dev1,storage,1d_3pct,prior,False,76,19,4,0.2614686700642514,0.7167432374491165,0.6184210777282715,0.5199200180720531,0.09850105965621836,0.4196625091709465,0.3727810650887574
3,B_group,dev1,storage,1d_5pct,prior,False,76,19,4,0.2387527061017968,0.6708172025368512,0.3947368562221527,0.3497575765339691,0.044979279688183604,0.5543478260869565,0.554093567251462
3,B_group,dev1,storage,1d_8pct,prior,False,76,19,4,0.18204677937687777,0.5658730912547231,0.22368420660495758,0.145310041169745,0.07837416543521258,0.46510468594217347,0.43951612903225806
3,B_group,dev1,storage,3d_3pct,prior,False,76,19,4,0.1713820162602283,0.5330103452537355,0.7894737124443054,0.8900193759536232,0.10054566350931782,0.725,0.782608695652174
3,B_group,dev1,storage,3d_5pct,prior,False,76,19,4,0.21663037336771915,0.6228016848344965,0.6842105388641357,0.8138903039335087,0.12967976506937295,0.7155448717948718,0.7086092715231788
3,B_group,dev1,storage,3d_8pct,prior,False,76,19,4,0.23113550549180426,0.651813862090438,0.5,0.6584133267076165,0.15841332670761654,0.788781163434903,0.8409090909090909
3,B_group,dev1,storage,5d_3pct,prior,False,76,19,4,0.16570147148721726,0.5761225064765237,0.8157894611358643,0.9604264547378772,0.144636993602013,0.7891705069124425,0.7877358490566038
3,B_group,dev1,storage,5d_5pct,prior,False,76,19,4,0.2055622385618638,0.6660770125025527,0.7631579041481018,0.9351905753451358,0.17203267119703403,0.735632183908046,0.7578125
3,B_group,dev1,storage,5d_8pct,prior,False,76,19,4,0.29249201734777935,0.8147149475720908,0.5921052694320679,0.8372049717922972,0.24509970236022938,0.7498207885304661,0.7368421052631579
3,B_group,dev2,chips,1d_3pct,prior,False,160,20,8,0.25571292731381007,0.7091492660467928,0.4000000059604645,0.5457474567386761,0.1457474507782116,0.6248372395833335,0.4550561797752809
3,B_group,dev2,chips,1d_5pct,prior,False,160,20,8,0.17861968695315203,0.5356696452895499,0.20000000298023224,0.3197958774975942,0.11979587451736196,0.5931396484375,0.4
3,B_group,dev2,chips,1d_8pct,prior,False,160,20,8,0.1144753773627297,0.3689773282979093,0.10000000149011612,0.197108408874112,0.09710840738399587,0.5177951388888888,0.2462962962962963
3,B_group,dev2,chips,3d_3pct,prior,False,160,20,8,0.2589755193907357,0.7256078312636728,0.5874999761581421,0.7003537742743985,0.1128537981162564,0.5491618310767248,0.4128989361702128
3,B_group,dev2,chips,3d_5pct,prior,False,160,20,8,0.27015456992244025,0.7402574483587284,0.40625,0.5624062541253305,0.15615625412533052,0.5676113360323887,0.33768913342503437
3,B_group,dev2,chips,3d_8pct,prior,False,160,20,8,0.25894274445252113,0.7128512294374917,0.28125,0.4739413084874874,0.1926913084874874,0.5520772946859904,0.2715008431703204
3,B_group,dev2,chips,5d_3pct,prior,False,160,20,8,0.23555927145211317,0.69585882163886,0.6875,0.8234770807261789,0.13597708072617887,0.5406363636363637,0.4535928143712575
3,B_group,dev2,chips,5d_5pct,prior,False,160,20,8,0.278548909640836,0.765725496292436,0.5062500238418579,0.651104426127817,0.14485440228595914,0.5460228160650101,0.3137516688918558
3,B_group,dev2,chips,5d_8pct,prior,False,160,20,8,0.2811148506820896,0.7641690221241216,0.34375,0.5674324046524168,0.22368240465241684,0.5999134199134198,0.39863842662632376
3,B_group,dev2,optics,1d_3pct,prior,False,240,20,12,0.24767437961716793,0.6980437047075264,0.5375000238418579,0.6058193760534143,0.06831935221155638,0.6016132411481249,0.36732766761095376
3,B_group,dev2,optics,1d_5pct,prior,False,240,20,12,0.21162730804339003,0.6040709453676546,0.3291666805744171,0.3557367095611539,0.02657002898673677,0.6459627329192547,0.3316831683168317
3,B_group,dev2,optics,1d_8pct,prior,False,240,20,12,0.1697992564515262,0.5089594160323574,0.19166666269302368,0.22727139342193015,0.035604730728906464,0.5951367099955177,0.32470414201183434
3,B_group,dev2,optics,3d_3pct,prior,False,240,20,12,0.21882762033076922,0.6383199579996623,0.6833333373069763,0.71258255952554,0.02924922221856363,0.5671132862644417,0.33176100628930816
3,B_group,dev2,optics,3d_5pct,prior,False,240,20,12,0.2390439291027125,0.6750095937730901,0.5333333611488342,0.5736299130555781,0.04029655190674386,0.6044224330357142,0.32803468208092484
3,B_group,dev2,optics,3d_8pct,prior,False,240,20,12,0.24984832352846328,0.6928473160834566,0.40416666865348816,0.4924903466773015,0.08832367802381336,0.5774637733400619,0.24385447394296952
3,B_group,dev2,optics,5d_3pct,prior,False,240,20,12,0.18444334283828107,0.5754272503048768,0.7749999761581421,0.8382080047063358,0.06320802854819374,0.5232477100756671,0.3069620253164557
3,B_group,dev2,optics,5d_5pct,prior,False,240,20,12,0.22899320766751388,0.6587079151950943,0.6208333373069763,0.6537890373761234,0.032955700069147054,0.5887602330555352,0.2896865520728008
3,B_group,dev2,optics,5d_8pct,prior,False,240,20,12,0.24495357555266378,0.6867838257518123,0.5208333134651184,0.5700064222303532,0.04917310876523484,0.5873391304347826,0.33136676499508355
3,B_group,dev2,storage,1d_3pct,prior,False,80,20,4,0.28014604460901593,0.759613678660773,0.5249999761581421,0.6582521272969778,0.1332521511388357,0.42543859649122806,0.3230769230769231
3,B_group,dev2,storage,1d_5pct,prior,False,80,20,4,0.22806395303011726,0.6487314900533121,0.3125,0.4241026975306127,0.1116026975306127,0.5298181818181817,0.5699708454810496
3,B_group,dev2,storage,1d_8pct,prior,False,80,20,4,0.20964738995046814,0.6161339281808671,0.25,0.27763396073062563,0.02763396073062563,0.3908333333333333,0.46283783783783783
3,B_group,dev2,storage,3d_3pct,prior,False,80,20,4,0.23348797393083168,0.666747398932242,0.6625000238418579,0.7825139032007493,0.1200138793588914,0.5953878406708596,0.5897435897435898
3,B_group,dev2,storage,3d_5pct,prior,False,80,20,4,0.26342483968343255,0.7243094785530305,0.550000011920929,0.693248092019837,0.143248080098908,0.5811237373737373,0.6154822335025381
3,B_group,dev2,storage,3d_8pct,prior,False,80,20,4,0.2950366042786266,0.7888253105180368,0.42500001192092896,0.6134153167439991,0.18841530482307012,0.37627877237851665,0.30512820512820515
3,B_group,dev2,storage,5d_3pct,prior,False,80,20,4,0.18292311628856409,0.569164124840853,0.7749999761581421,0.8764388351738234,0.10143885901568128,0.568100358422939,0.5863309352517986
3,B_group,dev2,storage,5d_5pct,prior,False,80,20,4,0.21993325982538975,0.6370221473986063,0.6875,0.767782753726853,0.080282753726853,0.5618181818181818,0.5728862973760933
3,B_group,dev2,storage,5d_8pct,prior,False,80,20,4,0.2642239306205839,0.7269898099540484,0.5625,0.708160935893774,0.14566093589377405,0.5695238095238095,0.5903307888040712
3,B_no_group,dev1,chips,1d_3pct,prior,False,152,19,8,0.21828969243157026,0.6251325603676117,0.4934210479259491,0.4668297855454892,0.02659126238045989,0.7050216450216451,0.5057947019867549
3,B_no_group,dev1,chips,1d_5pct,prior,False,152,19,8,0.19062098293196036,0.5580566490233195,0.30921053886413574,0.2984877043371954,0.010722834526940339,0.6922998986828773,0.49524714828897337
3,B_no_group,dev1,chips,1d_8pct,prior,False,152,19,8,0.10787346478177512,0.3562267921179471,0.125,0.12967663922236036,0.0046766392223603626,0.6102097348634744,0.36379310344827587
3,B_no_group,dev1,chips,3d_3pct,prior,False,152,19,8,0.21361770755031087,0.6210984623624524,0.6907894611358643,0.8370572370634903,0.14626777592762608,0.7295845997973657,0.4754273504273504
3,B_no_group,dev1,chips,3d_5pct,prior,False,152,19,8,0.2506850914369605,0.7048033175193753,0.5394737124443054,0.7388441630265481,0.19937045058224268,0.7506968641114983,0.6539792387543253
3,B_no_group,dev1,chips,3d_8pct,prior,False,152,19,8,0.23747626340774322,0.6665341893416804,0.32894736528396606,0.5584851590814651,0.22953779379749906,0.7654901960784314,0.6188679245283019
3,B_no_group,dev1,chips,5d_3pct,prior,False,152,19,8,0.23209343481044817,0.7685027365547811,0.7302631735801697,0.942265278739623,0.21200210515945328,0.7246758954076027,0.6142241379310345
3,B_no_group,dev1,chips,5d_5pct,prior,False,152,19,8,0.27807366658041355,0.8049640875438385,0.6118420958518982,0.8585276298945989,0.24668553404270066,0.6771459814106069,0.4199604743083004
3,B_no_group,dev1,chips,5d_8pct,prior,False,152,19,8,0.28529954555202197,0.7851212554925336,0.44078946113586426,0.7194594633832052,0.27867000224734095,0.7287971905179982,0.5370036101083032
3,B_no_group,dev1,optics,1d_3pct,prior,False,228,19,12,0.21202904071480289,0.6163506398277567,0.5745614171028137,0.5735796211539357,0.0009817959488780392,0.6838356811206421,0.5186651583710408
3,B_no_group,dev1,optics,1d_5pct,prior,False,228,19,12,0.20321266619733663,0.5845360155505379,0.35087719559669495,0.3748894566943453,0.024012261097650367,0.693285472972973,0.48058252427184467
3,B_no_group,dev1,optics,1d_8pct,prior,False,228,19,12,0.11832995122699885,0.37935804466954365,0.14473684132099152,0.18471387083749422,0.0399770295165027,0.7228438228438229,0.5260416666666666
3,B_no_group,dev1,optics,3d_3pct,prior,False,228,19,12,0.2035643690245717,0.6241559884317331,0.7105262875556946,0.8578613497479745,0.14733506219227988,0.7131967826412271,0.5022255192878339
3,B_no_group,dev1,optics,3d_5pct,prior,False,228,19,12,0.2706591412074408,0.7709985366297518,0.5175438523292542,0.7577429498283447,0.24019909749909052,0.711171032357473,0.5654627539503386
3,B_no_group,dev1,optics,3d_8pct,prior,False,228,19,12,0.2615476321274458,0.7366860785943591,0.359649121761322,0.5996915866748938,0.24004246491357173,0.7155028399599065,0.5760095011876485
3,B_no_group,dev1,optics,5d_3pct,prior,False,228,19,12,0.20421552804882145,0.7362750108721715,0.7543859481811523,0.9450866183394809,0.1907006701583286,0.6750415282392026,0.5361842105263158
3,B_no_group,dev1,optics,5d_5pct,prior,False,228,19,12,0.2935595174285256,0.8840792482083443,0.5789473652839661,0.8596723468897004,0.28072498160573434,0.6932212752525252,0.5159574468085106
3,B_no_group,dev1,optics,5d_8pct,prior,False,228,19,12,0.30499756745949924,0.8592047414663232,0.4385964870452881,0.7430961467677529,0.30449965972246484,0.703125,0.580607476635514
3,B_no_group,dev1,storage,1d_3pct,prior,False,76,19,4,0.24409734273294836,0.681566606303641,0.6184210777282715,0.5644742058761413,0.05394687185213021,0.43837123991195887,0.34763313609467456
3,B_no_group,dev1,storage,1d_5pct,prior,False,76,19,4,0.23904915030865026,0.6728650468976921,0.3947368562221527,0.3829075402530531,0.011829315969099585,0.5318840579710145,0.4692982456140351
3,B_no_group,dev1,storage,1d_8pct,prior,False,76,19,4,0.17984140376505373,0.5563354002122601,0.22368420660495758,0.1579888737710291,0.06569533283392848,0.47956131605184443,0.4637096774193548
3,B_no_group,dev1,storage,3d_3pct,prior,False,76,19,4,0.1739990984834992,0.5460613914140631,0.7894737124443054,0.8894233957148596,0.0999496832705542,0.615625,0.6782608695652174
3,B_no_group,dev1,storage,3d_5pct,prior,False,76,19,4,0.2222040180454342,0.640397279211237,0.6842105388641357,0.8016144657352446,0.1174039268711089,0.6378205128205128,0.6887417218543046
3,B_no_group,dev1,storage,3d_8pct,prior,False,76,19,4,0.23710454775180886,0.6644953747543321,0.5,0.6668734997044413,0.16687349970444132,0.7894736842105263,0.8210227272727273
3,B_no_group,dev1,storage,5d_3pct,prior,False,76,19,4,0.1718222139761039,0.6395969379277313,0.8157894611358643,0.9686072845194962,0.15281782338363192,0.7154377880184333,0.7216981132075472
3,B_no_group,dev1,storage,5d_5pct,prior,False,76,19,4,0.19739059035216097,0.6171141962972725,0.7631579041481018,0.8919901381125371,0.12883223396443533,0.5028735632183907,0.4062500000000001
3,B_no_group,dev1,storage,5d_8pct,prior,False,76,19,4,0.27512742777617666,0.759808164009289,0.5921052694320679,0.801503578166883,0.20939830873481513,0.7562724014336918,0.7426900584795322
3,B_no_group,dev2,chips,1d_3pct,prior,False,160,20,8,0.2609021747055391,0.7208011904038594,0.4000000059604645,0.5804128099099973,0.18041280394953285,0.6632486979166666,0.5856741573033708
3,B_no_group,dev2,chips,1d_5pct,prior,False,160,20,8,0.18429860993043284,0.5460901630576066,0.20000000298023224,0.3552749626612017,0.15527495968096944,0.677978515625,0.58125
3,B_no_group,dev2,chips,1d_8pct,prior,False,160,20,8,0.08833962552381296,0.3036443818885751,0.10000000149011612,0.15219321702104355,0.05219321553092743,0.7189670138888888,0.524074074074074
3,B_no_group,dev2,chips,3d_3pct,prior,False,160,20,8,0.2577712466821733,0.7222508548736446,0.5874999761581421,0.6964573763257856,0.10895740016764355,0.5524661508704062,0.4195478723404255
3,B_no_group,dev2,chips,3d_5pct,prior,False,160,20,8,0.26449487215942413,0.7271341329690225,0.40625,0.5466611763654701,0.14041117636547007,0.5674493927125506,0.3404401650618982
3,B_no_group,dev2,chips,3d_8pct,prior,False,160,20,8,0.23361968229704527,0.6532115880802914,0.28125,0.4537378810045296,0.1724878810045296,0.6418357487922706,0.5075885328836425
3,B_no_group,dev2,chips,5d_3pct,prior,False,160,20,8,0.22631667616608228,0.6580369424450285,0.6875,0.7650760504338558,0.07757605043385585,0.5234545454545454,0.4004491017964072
3,B_no_group,dev2,chips,5d_5pct,prior,False,160,20,8,0.27704397312748325,0.7619325573838921,0.5062500238418579,0.6447249461866902,0.13847492234483227,0.54461634630411,0.3130841121495327
3,B_no_group,dev2,chips,5d_8pct,prior,False,160,20,8,0.25571213564456097,0.7073242125821981,0.34375,0.5111201436477015,0.16737014364770153,0.5993073593073592,0.3691376701966717
3,B_no_group,dev2,optics,1d_3pct,prior,False,240,20,12,0.248899819276767,0.7025348565509822,0.5375000238418579,0.6385886163616397,0.10108859251978175,0.6261610447656959,0.42965061378659114
3,B_no_group,dev2,optics,1d_5pct,prior,False,240,20,12,0.2142940910071041,0.6095595183154386,0.3291666805744171,0.39418754453681415,0.06502086396239704,0.670807453416149,0.46644664466446645
3,B_no_group,dev2,optics,1d_8pct,prior,False,240,20,12,0.14269248544885665,0.4407384680592594,0.19166666269302368,0.1737687805938739,0.017897882099149776,0.7095472882115643,0.610207100591716
3,B_no_group,dev2,optics,3d_3pct,prior,False,240,20,12,0.21806004356907432,0.6358491626919202,0.6833333373069763,0.7107463739399975,0.027413036633021193,0.576219512195122,0.3480083857442348
3,B_no_group,dev2,optics,3d_5pct,prior,False,240,20,12,0.23721192240032504,0.6700978723307295,0.5333333611488342,0.5603596723179068,0.027026311169072614,0.614711216517857,0.33670520231213874
3,B_no_group,dev2,optics,3d_8pct,prior,False,240,20,12,0.23022546154127757,0.6479912617318255,0.40416666865348816,0.47414310161414264,0.06997643296065448,0.6363636363636364,0.4577187807276303
3,B_no_group,dev2,optics,5d_3pct,prior,False,240,20,12,0.1820857808651037,0.5582892029483625,0.7749999761581421,0.7852096233486918,0.010209647190549731,0.5163779370768617,0.28544303797468357
3,B_no_group,dev2,optics,5d_5pct,prior,False,240,20,12,0.2286619096611988,0.657971465197085,0.6208333373069763,0.6506084659603604,0.029775128653384053,0.5905302750940334,0.29271991911021233
3,B_no_group,dev2,optics,5d_8pct,prior,False,240,20,12,0.2424173213517898,0.6785953235921193,0.5208333134651184,0.5128020735048713,0.008031239960247127,0.5929739130434782,0.3446411012782694
3,B_no_group,dev2,storage,1d_3pct,prior,False,80,20,4,0.27597257217646076,0.7531727147545185,0.5249999761581421,0.6951336010837766,0.17013362492563455,0.5469924812030076,0.46923076923076923
3,B_no_group,dev2,storage,1d_5pct,prior,False,80,20,4,0.2432190438381106,0.6808951692580438,0.3125,0.48323931672904347,0.17073931672904347,0.5861818181818181,0.6005830903790087
3,B_no_group,dev2,storage,1d_8pct,prior,False,80,20,4,0.18591653307697686,0.5572775471578943,0.25,0.21036978758284222,0.03963021241715778,0.58375,0.7736486486486487
3,B_no_group,dev2,storage,3d_3pct,prior,False,80,20,4,0.2326664996502724,0.6643198550635698,0.6625000238418579,0.7787900480393298,0.11629002419747192,0.5915443745632426,0.5712250712250713
3,B_no_group,dev2,storage,3d_5pct,prior,False,80,20,4,0.25792975516122973,0.7115871239012168,0.550000011920929,0.6750941222713737,0.1250941103504447,0.5890151515151515,0.6281725888324873
3,B_no_group,dev2,storage,3d_8pct,prior,False,80,20,4,0.2671592778945619,0.7280660573373126,0.42500001192092896,0.5955800884005482,0.17058007647961926,0.616687979539642,0.7243589743589743
3,B_no_group,dev2,storage,5d_3pct,prior,False,80,20,4,0.1752108926086839,0.5373221599894975,0.7749999761581421,0.8262761226735572,0.05127614651541512,0.5703405017921146,0.5935251798561151
3,B_no_group,dev2,storage,5d_5pct,prior,False,80,20,4,0.21949165900771878,0.6355496774964866,0.6875,0.7640735717025777,0.07657357170257773,0.5578181818181818,0.5699708454810496
3,B_no_group,dev2,storage,5d_8pct,prior,False,80,20,4,0.2531081598540685,0.7007249998935219,0.5625,0.6428838023200047,0.08038380232000475,0.526984126984127,0.5076335877862596
3,C_group,dev1,chips,1d_3pct,prior,False,152,19,8,0.21960035739663372,0.6284171744675694,0.4934210479259491,0.46702387874609425,0.02639716917985485,0.7002597402597402,0.445364238410596
3,C_group,dev1,chips,1d_5pct,prior,False,152,19,8,0.20269947020054122,0.5854461697906403,0.30921053886413574,0.20930030448382742,0.09991023438030833,0.6934143870314083,0.47718631178707227
3,C_group,dev1,chips,1d_8pct,prior,False,152,19,8,0.11163866327164532,0.3864254346995278,0.125,0.05887942200813373,0.06612057799186627,0.6252473288484368,0.4482758620689655
3,C_group,dev1,chips,3d_3pct,prior,False,152,19,8,0.20286265455571714,0.5905927752987905,0.6907894611358643,0.7981211897562547,0.10733172862039042,0.7100303951367781,0.41452991452991456
3,C_group,dev1,chips,3d_5pct,prior,False,152,19,8,0.21449302930878772,0.6195373432814059,0.5394737124443054,0.6050930134757059,0.06561930103140046,0.7285714285714285,0.5588235294117647
3,C_group,dev1,chips,3d_8pct,prior,False,152,19,8,0.1913100551559525,0.5549663088366334,0.32894736528396606,0.36624339727018584,0.03729603198621978,0.713529411764706,0.4867924528301887
3,C_group,dev1,chips,5d_3pct,prior,False,152,19,8,0.1994476242288281,0.5995865977853017,0.7302631735801697,0.8653641542406049,0.1351009806604352,0.6916062403867282,0.4827586206896552
3,C_group,dev1,chips,5d_5pct,prior,False,152,19,8,0.22693431330636468,0.6601039226072478,0.6118420958518982,0.7833802080578419,0.17153811220594373,0.7344632768361581,0.4841897233201581
3,C_group,dev1,chips,5d_8pct,prior,False,152,19,8,0.2381986460931068,0.6759270462517856,0.44078946113586426,0.6225209239947705,0.1817314628589063,0.7039508340649693,0.44945848375451264
3,C_group,dev1,optics,1d_3pct,prior,False,228,19,12,0.2112836423373367,0.6143642802075037,0.5745614171028137,0.5638227779636269,0.010738639139186823,0.6996143857716219,0.5373303167420814
3,C_group,dev1,optics,1d_5pct,prior,False,228,19,12,0.2066539418614667,0.59087623957581,0.35087719559669495,0.28309179595506434,0.0677853996416306,0.6986486486486486,0.4696601941747573
3,C_group,dev1,optics,1d_8pct,prior,False,228,19,12,0.11808298358704779,0.3890568846526003,0.14473684132099152,0.09966244998622435,0.045074391334767164,0.714063714063714,0.5104166666666666
3,C_group,dev1,optics,3d_3pct,prior,False,228,19,12,0.19513465742521174,0.5973965086292726,0.7105262875556946,0.8259517817005521,0.11542549414485748,0.6979985035540591,0.4362017804154303
3,C_group,dev1,optics,3d_5pct,prior,False,228,19,12,0.2361243089947964,0.6815027618331952,0.5175438523292542,0.6582983284288634,0.14075447609960923,0.6987673343605547,0.4909706546275395
3,C_group,dev1,optics,3d_8pct,prior,False,228,19,12,0.21002624225651054,0.602274442220191,0.359649121761322,0.41720874993129375,0.05755962816997173,0.7028065486134314,0.5629453681710214
3,C_group,dev1,optics,5d_3pct,prior,False,228,19,12,0.19243185516940373,0.6161161832243558,0.7543859481811523,0.896421356637375,0.14203540845622264,0.6494497508305649,0.41776315789473684
3,C_group,dev1,optics,5d_5pct,prior,False,228,19,12,0.2646481226359471,0.7663483955234981,0.5789473652839661,0.8073992751165125,0.22845190983254648,0.7015467171717171,0.4905437352245863
3,C_group,dev1,optics,5d_8pct,prior,False,228,19,12,0.25036463940918047,0.7101539177256148,0.4385964870452881,0.6408947597969615,0.20229827275167345,0.715546875,0.5128504672897196
3,C_group,dev1,storage,1d_3pct,prior,False,76,19,4,0.2384405812368606,0.6700695554577414,0.6184210777282715,0.5864916917401786,0.03192938598809292,0.5238444607483492,0.4556213017751479
3,C_group,dev1,storage,1d_5pct,prior,False,76,19,4,0.25089728510492537,0.69967913343751,0.3947368562221527,0.2761827372504319,0.1185541189717208,0.5514492753623188,0.5497076023391813
3,C_group,dev1,storage,1d_8pct,prior,False,76,19,4,0.1945454439571537,0.6386932731138939,0.22368420660495758,0.08019647673136737,0.1434877298735902,0.4945164506480558,0.5080645161290323
3,C_group,dev1,storage,3d_3pct,prior,False,76,19,4,0.17184468574466197,0.5359659086874077,0.7894737124443054,0.8708063187724602,0.08133260632815476,0.5604166666666667,0.6086956521739131
3,C_group,dev1,storage,3d_5pct,prior,False,76,19,4,0.21411303151430672,0.6189723952252458,0.6842105388641357,0.7337977275262834,0.04958718866214762,0.578525641025641,0.6423841059602649
3,C_group,dev1,storage,3d_8pct,prior,False,76,19,4,0.2548670893128987,0.7030844230350656,0.5,0.4677535126434334,0.0322464873565666,0.49722991689750695,0.5056818181818182
3,C_group,dev1,storage,5d_3pct,prior,False,76,19,4,0.16227443269984507,0.5421077710581518,0.8157894611358643,0.927112034826358,0.1113225736904937,0.5437788018433181,0.5613207547169812
3,C_group,dev1,storage,5d_5pct,prior,False,76,19,4,0.19111103861009793,0.5863209926430626,0.7631579041481018,0.8693043468704295,0.10614644272232765,0.5622605363984674,0.6171875
3,C_group,dev1,storage,5d_8pct,prior,False,76,19,4,0.25942516560333073,0.717821229031412,0.5921052694320679,0.7388293039829502,0.14672403455088234,0.6157706093189963,0.631578947368421
3,C_group,dev2,chips,1d_3pct,prior,False,160,20,8,0.2464758212835601,0.6902474936795677,0.4000000059604645,0.5386482423189218,0.13864823635845736,0.6614583333333333,0.5730337078651685
3,C_group,dev2,chips,1d_5pct,prior,False,160,20,8,0.18047490931194093,0.534940234758586,0.20000000298023224,0.31673296814885993,0.11673296516862769,0.62646484375,0.45
3,C_group,dev2,chips,1d_8pct,prior,False,160,20,8,0.08725555395040514,0.2952975228778078,0.10000000149011612,0.10130533554544766,0.0013053340553315362,0.65625,0.3592592592592593
3,C_group,dev2,chips,3d_3pct,prior,False,160,20,8,0.29353312491821254,0.8830574282254098,0.5874999761581421,0.8229242359706289,0.23542425981248682,0.5939716312056738,0.5478723404255319
3,C_group,dev2,chips,3d_5pct,prior,False,160,20,8,0.3340921417635839,0.9558112708034363,0.40625,0.6962425359787711,0.28999253597877106,0.5765182186234817,0.4470426409903714
3,C_group,dev2,chips,3d_8pct,prior,False,160,20,8,0.28140000729862724,0.7774077572206152,0.28125,0.5123689884300543,0.2311189884300543,0.6073429951690822,0.45699831365935917
3,C_group,dev2,chips,5d_3pct,prior,False,160,20,8,0.2559196419975958,0.8212535423058721,0.6875,0.893252492080118,0.20575249208011803,0.5729090909090909,0.5449101796407185
3,C_group,dev2,chips,5d_5pct,prior,False,160,20,8,0.34908162245458535,1.0758242476067765,0.5062500238418579,0.8105901416128425,0.3043401177709846,0.5452414439756212,0.3965287049399199
3,C_group,dev2,chips,5d_8pct,prior,False,160,20,8,0.34934703555321445,0.9891795197348054,0.34375,0.6714376339452759,0.3276876339452759,0.5783549783549783,0.4130105900151286
3,C_group,dev2,optics,1d_3pct,prior,False,240,20,12,0.24099354213841256,0.6857297107432149,0.5375000238418579,0.6025999289425819,0.06509990510072394,0.66254626719743,0.48536355051935787
3,C_group,dev2,optics,1d_5pct,prior,False,240,20,12,0.21299768126513996,0.6089259755448474,0.3291666805744171,0.37895763834537355,0.049790957770956434,0.6768613884739367,0.40924092409240925
3,C_group,dev2,optics,1d_8pct,prior,False,240,20,12,0.14891404241010472,0.47239867452604234,0.19166666269302368,0.13712692575103985,0.05453973694198383,0.680076199013895,0.4408284023668639
3,C_group,dev2,optics,3d_3pct,prior,False,240,20,12,0.24075906234370412,0.7566453218797463,0.6833333373069763,0.8236775573699818,0.1403442200630055,0.5874518613607188,0.4077568134171908
3,C_group,dev2,optics,3d_5pct,prior,False,240,20,12,0.280315829060923,0.8347496752471637,0.5333333611488342,0.7105946319768142,0.17726127082797993,0.5966099330357142,0.34104046242774566
3,C_group,dev2,optics,3d_8pct,prior,False,240,20,12,0.26992729869937754,0.757217449204811,0.40416666865348816,0.5353801271213567,0.13121345846786858,0.6172590296301637,0.39036381514257623
3,C_group,dev2,optics,5d_3pct,prior,False,240,20,12,0.1931633196992239,0.6585212015814638,0.7749999761581421,0.8922051237080143,0.11720514754987221,0.5505774591796098,0.4189873417721519
3,C_group,dev2,optics,5d_5pct,prior,False,240,20,12,0.26617001806686863,0.8554483569696303,0.6208333373069763,0.8070997566832022,0.1862664193762259,0.5754111660151928,0.31749241658240646
3,C_group,dev2,optics,5d_8pct,prior,False,240,20,12,0.28131333323861085,0.82420358701433,0.5208333134651184,0.6707067282263817,0.14987341476126326,0.5855304347826087,0.31465093411996065
3,C_group,dev2,storage,1d_3pct,prior,False,80,20,4,0.2723519792892057,0.7442448165303144,0.5249999761581421,0.6915346675075515,0.16653469134940946,0.5833333333333334,0.5384615384615384
3,C_group,dev2,storage,1d_5pct,prior,False,80,20,4,0.2540039616206002,0.7019085816992724,0.3125,0.4729236593953615,0.16042365939536152,0.4501818181818182,0.4110787172011662
3,C_group,dev2,storage,1d_8pct,prior,False,80,20,4,0.20382929928340232,0.6242074885740392,0.25,0.15924361430656706,0.09075638569343294,0.39416666666666667,0.4155405405405405
3,C_group,dev2,storage,3d_3pct,prior,False,80,20,4,0.2915768719145715,0.9476125234798729,0.6625000238418579,0.9124159463969963,0.2499159225551384,0.47239692522711396,0.35327635327635326
3,C_group,dev2,storage,3d_5pct,prior,False,80,20,4,0.35985235635436513,1.069639426180706,0.550000011920929,0.8499584696993654,0.29995845777843644,0.393939393939394,0.3020304568527919
3,C_group,dev2,storage,3d_8pct,prior,False,80,20,4,0.3702517094604744,0.9840991562147057,0.42500001192092896,0.6999560725910674,0.27495606067013845,0.2947570332480818,0.21538461538461542
3,C_group,dev2,storage,5d_3pct,prior,False,80,20,4,0.20938581923969285,0.7749262689829065,0.7749999761581421,0.9426751590954396,0.16767518293729755,0.3646953405017921,0.2446043165467626
3,C_group,dev2,storage,5d_5pct,prior,False,80,20,4,0.28687937197824065,1.0097389641462853,0.6875,0.9175233341860899,0.2300233341860899,0.2887272727272727,0.1924198250728863
3,C_group,dev2,storage,5d_8pct,prior,False,80,20,4,0.36366382183840945,1.076708016576918,0.5625,0.837880326691748,0.27538032669174795,0.22857142857142854,0.13740458015267176
3,C_no_group,dev1,chips,1d_3pct,prior,True,152,19,8,0.21957150299489359,0.6283356242919783,0.4934210479259491,0.48146602516172904,0.011955022764220058,0.694891774891775,0.41225165562913907
3,C_no_group,dev1,chips,1d_5pct,prior,True,152,19,8,0.1979895197663965,0.5755198181071882,0.30921053886413574,0.36237651226246637,0.053165973398330624,0.6749746707193516,0.4524714828897338
3,C_no_group,dev1,chips,1d_8pct,prior,True,152,19,8,0.11242624686989248,0.3926836561589764,0.125,0.05472912450708202,0.07027087549291798,0.6110011871784725,0.31724137931034485
3,C_no_group,dev1,chips,3d_3pct,prior,True,152,19,8,0.21395173390073421,0.6240396446663953,0.6907894611358643,0.830644910316186,0.13985544918032178,0.7067882472137792,0.405982905982906
3,C_no_group,dev1,chips,3d_5pct,prior,True,152,19,8,0.2530113997979275,0.7192616929831139,0.5394737124443054,0.7235836320524405,0.18410991960813505,0.6794425087108015,0.4463667820069204
3,C_no_group,dev1,chips,3d_8pct,prior,True,152,19,8,0.24631441117225836,0.6891833916561382,0.32894736528396606,0.556124535486232,0.2271771702022659,0.7000000000000001,0.38113207547169814
3,C_no_group,dev1,chips,5d_3pct,prior,True,152,19,8,0.2225275797256856,0.706707723016371,0.7302631735801697,0.9189525496638077,0.188689376083638,0.6899582509338607,0.47844827586206895
3,C_no_group,dev1,chips,5d_5pct,prior,True,152,19,8,0.28602082710781057,0.8666244888159375,0.6118420958518982,0.883280749449122,0.27143865359722386,0.6859850555859304,0.40711462450592883
3,C_no_group,dev1,chips,5d_8pct,prior,True,152,19,8,0.3006210332202543,0.8483718884797394,0.44078946113586426,0.7407395809162792,0.29995011978041497,0.6760316066725197,0.3898916967509025
3,C_no_group,dev1,optics,1d_3pct,prior,True,228,19,12,0.21097373274247583,0.6127492791322572,0.5745614171028137,0.5505671403378762,0.023994276764937483,0.6954434563626348,0.5271493212669683
3,C_no_group,dev1,optics,1d_5pct,prior,True,228,19,12,0.20648418873644844,0.5923127107229853,0.35087719559669495,0.39821481531028907,0.047337619713594126,0.7005067567567568,0.5206310679611651
3,C_no_group,dev1,optics,1d_8pct,prior,True,228,19,12,0.11947170237198304,0.39641819028605835,0.14473684132099152,0.08233853789430348,0.062398303426688034,0.7215229215229215,0.4479166666666667
3,C_no_group,dev1,optics,3d_3pct,prior,True,228,19,12,0.19750896033220994,0.6097779959072371,0.7105262875556946,0.8364244531741988,0.1258981656185042,0.6927609427609428,0.4124629080118694
3,C_no_group,dev1,optics,3d_5pct,prior,True,228,19,12,0.25684841077276255,0.7420452793766329,0.5175438523292542,0.7222714661982816,0.2047276138690275,0.6854391371340525,0.5
3,C_no_group,dev1,optics,3d_8pct,prior,True,228,19,12,0.24528292220613773,0.6934046728013586,0.359649121761322,0.5551282023509121,0.19547908058959007,0.6952890076845973,0.505938242280285
3,C_no_group,dev1,optics,5d_3pct,prior,True,228,19,12,0.2039633558325913,0.685739309460277,0.7543859481811523,0.925482001512896,0.1710960533317436,0.6484634551495018,0.4194078947368421
3,C_no_group,dev1,optics,5d_5pct,prior,True,228,19,12,0.2986427203708208,0.9154699254911605,0.5789473652839661,0.8709853792658696,0.29203801398190354,0.6989425505050505,0.5224586288416075
3,C_no_group,dev1,optics,5d_8pct,prior,True,228,19,12,0.2862717437163113,0.8226206402215892,0.4385964870452881,0.7180971481820472,0.2795006611367591,0.714375,0.5607476635514018
3,C_no_group,dev1,storage,1d_3pct,prior,True,76,19,4,0.24545517519628027,0.68439909590785,0.6184210777282715,0.5757879421304787,0.042633135597792804,0.4534115920763022,0.4230769230769231
3,C_no_group,dev1,storage,1d_5pct,prior,True,76,19,4,0.2485601160109201,0.6904387639776628,0.3947368562221527,0.4483661765235313,0.05362932030137857,0.4992753623188406,0.4619883040935672
3,C_no_group,dev1,storage,1d_8pct,prior,True,76,19,4,0.19901613576721297,0.6731007336667995,0.22368420660495758,0.06696987483230128,0.1567143317726563,0.48554336989032904,0.49193548387096775
3,C_no_group,dev1,storage,3d_3pct,prior,True,76,19,4,0.17611154648979302,0.5566628522840014,0.7894737124443054,0.8920291104809234,0.10255539803661795,0.5510416666666667,0.48695652173913045
3,C_no_group,dev1,storage,3d_5pct,prior,True,76,19,4,0.2316458116402907,0.6699512806670542,0.6842105388641357,0.8207810078585084,0.13657046899437264,0.5608974358974358,0.5
3,C_no_group,dev1,storage,3d_8pct,prior,True,76,19,4,0.28673151086871834,0.779980976923699,0.5,0.6739779731087635,0.1739779731087635,0.4896121883656509,0.5028409090909091
3,C_no_group,dev1,storage,5d_3pct,prior,True,76,19,4,0.1707811872224977,0.6243300694921947,0.8157894611358643,0.957782247226592,0.14199278609072774,0.47695852534562205,0.4386792452830189
3,C_no_group,dev1,storage,5d_5pct,prior,True,76,19,4,0.21201208240433714,0.7172958405116694,0.7631579041481018,0.9402527335297982,0.1770948293816964,0.514367816091954,0.4609375
3,C_no_group,dev1,storage,5d_8pct,prior,True,76,19,4,0.3026462678638792,0.8552943167403192,0.5921052694320679,0.8472156380989119,0.255110368666844,0.596415770609319,0.5555555555555556
3,C_no_group,dev2,chips,1d_3pct,prior,True,160,20,8,0.23703240998800656,0.6676435769451773,0.4000000059604645,0.47910209309890295,0.07910208713843847,0.6459960937500001,0.49157303370786515
3,C_no_group,dev2,chips,1d_5pct,prior,True,160,20,8,0.1558298520713451,0.48637033951771597,0.20000000298023224,0.2141153568878032,0.01411535390757096,0.62255859375,0.4375
3,C_no_group,dev2,chips,1d_8pct,prior,True,160,20,8,0.0868565697453513,0.2976056565773796,0.10000000149011612,0.08548121318921269,0.014518788300903432,0.6749131944444444,0.3962962962962963
3,C_no_group,dev2,chips,3d_3pct,prior,True,160,20,8,0.2569852800844278,0.7197131684601692,0.5874999761581421,0.6889969567946822,0.10149698063654011,0.5515796260477112,0.4175531914893617
3,C_no_group,dev2,chips,3d_5pct,prior,True,160,20,8,0.26361783243591663,0.7251889754000108,0.40625,0.5452682487796485,0.13901824877964852,0.5690688259109312,0.33837689133425036
3,C_no_group,dev2,chips,3d_8pct,prior,True,160,20,8,0.20076578747950496,0.5910076623351315,0.28125,0.3265413798723148,0.045291379872314796,0.6260869565217392,0.4300168634064081
3,C_no_group,dev2,chips,5d_3pct,prior,True,160,20,8,0.23610410700052883,0.696255131381448,0.6875,0.8213558188250787,0.1338558188250787,0.5254545454545454,0.4026946107784431
3,C_no_group,dev2,chips,5d_5pct,prior,True,160,20,8,0.28211937936994685,0.77527573748547,0.5062500238418579,0.6634865606477416,0.15723653680588368,0.5452414439756211,0.32710280373831774
3,C_no_group,dev2,chips,5d_8pct,prior,True,160,20,8,0.24330883014871435,0.6805898518002242,0.34375,0.4609692645037239,0.11721926450372389,0.5859740259740259,0.3494704992435703
3,C_no_group,dev2,optics,1d_3pct,prior,True,240,20,12,0.23687353185647667,0.6699563492664035,0.5375000238418579,0.5360804846768735,0.0014195391649843847,0.6330749354005168,0.392823418319169
3,C_no_group,dev2,optics,1d_5pct,prior,True,240,20,12,0.20917898466061893,0.6035890397597953,0.3291666805744171,0.2456586875634518,0.08350799301096531,0.6647535183583615,0.3509350935093509
3,C_no_group,dev2,optics,1d_8pct,prior,True,240,20,12,0.15357748579456237,0.4866319491275524,0.19166666269302368,0.10185006905409304,0.08981659363893064,0.6878081577767817,0.45857988165680474
3,C_no_group,dev2,optics,3d_3pct,prior,True,240,20,12,0.21882508735298695,0.6369149195779485,0.6833333373069763,0.6995909536040104,0.01625761629703404,0.5680359435173299,0.3029350104821803
3,C_no_group,dev2,optics,3d_5pct,prior,True,240,20,12,0.23752240063802182,0.6703956716591521,0.5333333611488342,0.5536881403037167,0.020354779154882485,0.6072126116071429,0.3015414258188825
3,C_no_group,dev2,optics,3d_8pct,prior,True,240,20,12,0.2328055801872778,0.654352750623817,0.40416666865348816,0.33709514808504176,0.0670715205684464,0.6167543796409777,0.35889872173058013
3,C_no_group,dev2,optics,5d_3pct,prior,True,240,20,12,0.183360343779131,0.5716620027346707,0.7749999761581421,0.835595101967219,0.06059512580907689,0.5124452409398645,0.28354430379746837
3,C_no_group,dev2,optics,5d_5pct,prior,True,240,20,12,0.2297514757970202,0.661423548545193,0.6208333373069763,0.6667699790156791,0.04593664170870282,0.5867689357622243,0.301314459049545
3,C_no_group,dev2,optics,5d_8pct,prior,True,240,20,12,0.24813759975106167,0.6894992774306071,0.5208333134651184,0.4617913924826684,0.059041920982450036,0.5891478260869565,0.3176007866273353
3,C_no_group,dev2,storage,1d_3pct,prior,True,80,20,4,0.24990023171511497,0.6930389190912235,0.5249999761581421,0.5842291217276059,0.05922914556946379,0.5783208020050126,0.5461538461538461
3,C_no_group,dev2,storage,1d_5pct,prior,True,80,20,4,0.21607638042426175,0.62459504734942,0.3125,0.2866913051454375,0.025808694854562497,0.5185454545454545,0.6326530612244898
3,C_no_group,dev2,storage,1d_8pct,prior,True,80,20,4,0.20739771366456222,0.6432198799170215,0.25,0.11458868183742847,0.13541131816257151,0.4841666666666667,0.6216216216216216
3,C_no_group,dev2,storage,3d_3pct,prior,True,80,20,4,0.2316481571270117,0.6614004796539042,0.6625000238418579,0.7734534992721074,0.11095347543024947,0.5897973445143256,0.584045584045584
3,C_no_group,dev2,storage,3d_5pct,prior,True,80,20,4,0.2581287101079176,0.7120485048972827,0.550000011920929,0.6742445539973867,0.12424454207645774,0.5782828282828283,0.6243654822335025
3,C_no_group,dev2,storage,3d_8pct,prior,True,80,20,4,0.24479152459051773,0.6826647670281645,0.42500001192092896,0.435178475135299,0.010178463214370048,0.5287723785166241,0.5871794871794872
3,C_no_group,dev2,storage,5d_3pct,prior,True,80,20,4,0.18241761189515765,0.5660505175393609,0.7749999761581421,0.8714768478145369,0.09647687165639485,0.5663082437275986,0.5899280575539568
3,C_no_group,dev2,storage,5d_5pct,prior,True,80,20,4,0.22168965321839415,0.6420848242180109,0.6875,0.7776767716184458,0.09017677161844584,0.5556363636363636,0.5481049562682215
3,C_no_group,dev2,storage,5d_8pct,prior,True,80,20,4,0.24763415221049218,0.6887505309114983,0.5625,0.5939379443295857,0.03143794432958569,0.5301587301587302,0.5190839694656488
3,C_no_daily,dev1,chips,1d_3pct,prior,False,152,19,8,0.22260328202376015,0.6349033120601735,0.4934210479259491,0.4327998067646415,0.06062124116130757,0.7006060606060607,0.4304635761589404
3,C_no_daily,dev1,chips,1d_5pct,prior,False,152,19,8,0.20537358252020513,0.5928723913970226,0.30921053886413574,0.19892772075911488,0.11028281810502086,0.6958459979736575,0.47718631178707227
3,C_no_daily,dev1,chips,1d_8pct,prior,False,152,19,8,0.11272988309289245,0.39582797554361204,0.125,0.05229644683200294,0.07270355316799706,0.6094182825484765,0.35172413793103446
3,C_no_daily,dev1,chips,3d_3pct,prior,False,152,19,8,0.20517803602331555,0.5970250418178713,0.6907894611358643,0.8076804636194768,0.1168910024836125,0.7118541033434651,0.4166666666666667
3,C_no_daily,dev1,chips,3d_5pct,prior,False,152,19,8,0.21911898732795346,0.6307047852219014,0.5394737124443054,0.615245323780164,0.07577161133585864,0.7001742160278744,0.41695501730103807
3,C_no_daily,dev1,chips,3d_8pct,prior,False,152,19,8,0.19640975032279134,0.5670739274582416,0.32894736528396606,0.40353438466201885,0.07458701937805279,0.7045098039215687,0.4377358490566038
3,C_no_daily,dev1,chips,5d_3pct,prior,False,152,19,8,0.20493069622556773,0.6206109495883363,0.7302631735801697,0.8803067449476638,0.15004357136749413,0.6888595912986156,0.47629310344827586
3,C_no_daily,dev1,chips,5d_5pct,prior,False,152,19,8,0.22458651587050485,0.6539220625620165,0.6118420958518982,0.7736680860084938,0.1618259901565956,0.7131401494441406,0.391304347826087
3,C_no_daily,dev1,chips,5d_8pct,prior,False,152,19,8,0.2320824109187229,0.6606583758836124,0.44078946113586426,0.5981577235910429,0.15736826245517865,0.6879719051799824,0.3700361010830325
3,C_no_daily,dev1,optics,1d_3pct,prior,False,228,19,12,0.21358976750448558,0.61790059469779,0.5745614171028137,0.5253340331673754,0.04922738393543835,0.7014244117415598,0.5237556561085973
3,C_no_daily,dev1,optics,1d_5pct,prior,False,228,19,12,0.20896762010876058,0.5965341371491172,0.35087719559669495,0.26467789928869306,0.08619929630800188,0.700929054054054,0.49150485436893204
3,C_no_daily,dev1,optics,1d_8pct,prior,False,228,19,12,0.1195092364672486,0.39580668857862006,0.14473684132099152,0.08262249821085445,0.06211434311013707,0.7233877233877234,0.48541666666666666
3,C_no_daily,dev1,optics,3d_3pct,prior,False,228,19,12,0.19676598913940874,0.6020107818288987,0.7105262875556946,0.8324674351950296,0.12194114763933506,0.702020202020202,0.4391691394658754
3,C_no_daily,dev1,optics,3d_5pct,prior,False,228,19,12,0.2362722367361497,0.6789307578728588,0.5175438523292542,0.6568384485991593,0.13929459626990515,0.6940677966101695,0.46613995485327314
3,C_no_daily,dev1,optics,3d_8pct,prior,False,228,19,12,0.21279642737214877,0.6094775412999827,0.359649121761322,0.44777958171230314,0.08813045995098112,0.7049782826595389,0.5593824228028503
3,C_no_daily,dev1,optics,5d_3pct,prior,False,228,19,12,0.196612367467689,0.6340419384166066,0.7543859481811523,0.9070290903416224,0.15264314216047004,0.6525124584717608,0.4194078947368421
3,C_no_daily,dev1,optics,5d_5pct,prior,False,228,19,12,0.2606217547068017,0.7536130623668549,0.5789473652839661,0.7971960207576951,0.21824865547372907,0.7002840909090908,0.46335697399527187
3,C_no_daily,dev1,optics,5d_8pct,prior,False,228,19,12,0.24586577940609589,0.6986323954883258,0.4385964870452881,0.6231141202058743,0.18451763316058623,0.705234375,0.47897196261682246
3,C_no_daily,dev1,storage,1d_3pct,prior,False,76,19,4,0.24749102817278307,0.6881469967118665,0.6184210777282715,0.5241611205934246,0.09425995713484692,0.4776228906823184,0.3994082840236686
3,C_no_daily,dev1,storage,1d_5pct,prior,False,76,19,4,0.2587989141585138,0.7200266478703724,0.3947368562221527,0.2527882628735184,0.1419485933486343,0.5094202898550724,0.4269005847953216
3,C_no_daily,dev1,storage,1d_8pct,prior,False,76,19,4,0.20083662883973838,0.6865006877956202,0.22368420660495758,0.06061749810258725,0.16306670850237032,0.4715852442671984,0.41935483870967744
3,C_no_daily,dev1,storage,3d_3pct,prior,False,76,19,4,0.17299435912974379,0.5410359860897455,0.7894737124443054,0.8769156122624765,0.08744189981817108,0.5677083333333333,0.6478260869565218
3,C_no_daily,dev1,storage,3d_5pct,prior,False,76,19,4,0.21674890541567712,0.6251483147731524,0.6842105388641357,0.7250756758747187,0.04086513701058292,0.545673076923077,0.5529801324503312
3,C_no_daily,dev1,storage,3d_8pct,prior,False,76,19,4,0.25555363370272116,0.7043668058655012,0.5,0.49940206698898953,0.0005979330110104653,0.4556786703601107,0.4602272727272727
3,C_no_daily,dev1,storage,5d_3pct,prior,False,76,19,4,0.16431747461210017,0.557949677785236,0.8157894611358643,0.9351377488988931,0.11934828776302886,0.5414746543778801,0.5566037735849056
3,C_no_daily,dev1,storage,5d_5pct,prior,False,76,19,4,0.1916151798632825,0.5888264268516942,0.7631579041481018,0.8671014911394979,0.10394358699139605,0.5450191570881227,0.5546875
3,C_no_daily,dev1,storage,5d_8pct,prior,False,76,19,4,0.25830364960226787,0.7151248050281245,0.5921052694320679,0.7256653086415047,0.13356003920943682,0.5347670250896057,0.5292397660818714
3,C_no_daily,dev2,chips,1d_3pct,prior,False,160,20,8,0.24202392362810618,0.6780865195476492,0.4000000059604645,0.510444788193569,0.1104447822331045,0.64892578125,0.5112359550561798
3,C_no_daily,dev2,chips,1d_5pct,prior,False,160,20,8,0.1589353863352546,0.49219853292078675,0.20000000298023224,0.25342813698099653,0.053428134000764294,0.635986328125,0.45
3,C_no_daily,dev2,chips,1d_8pct,prior,False,160,20,8,0.08641208681341182,0.2953572215627629,0.10000000149011612,0.09269312649375316,0.007306874996362955,0.7044270833333333,0.4777777777777778
3,C_no_daily,dev2,chips,3d_3pct,prior,False,160,20,8,0.2772755794532891,0.7830337903545673,0.5874999761581421,0.7676269352933739,0.1801269591352318,0.541424887169568,0.3803191489361702
3,C_no_daily,dev2,chips,3d_5pct,prior,False,160,20,8,0.2784476714761871,0.759315254636281,0.40625,0.5904804537736043,0.18423045377360425,0.568097165991903,0.3452544704264099
3,C_no_daily,dev2,chips,3d_8pct,prior,False,160,20,8,0.22003173863308775,0.6281006497983954,0.28125,0.41254778952136045,0.13129778952136045,0.6229951690821256,0.403035413153457
3,C_no_daily,dev2,chips,5d_3pct,prior,False,160,20,8,0.2433287095024313,0.7270239884595318,0.6875,0.8483116054935465,0.16081160549354645,0.5161818181818182,0.3592814371257485
3,C_no_daily,dev2,chips,5d_5pct,prior,False,160,20,8,0.30784272137064334,0.8496615049516372,0.5062500238418579,0.7347012131884629,0.22845118934660502,0.5418034067823096,0.3097463284379172
3,C_no_daily,dev2,chips,5d_8pct,prior,False,160,20,8,0.28152625568895784,0.7653910967571429,0.34375,0.5699262514580603,0.2261762514580603,0.5868398268398268,0.34190620272314676
3,C_no_daily,dev2,optics,1d_3pct,prior,False,240,20,12,0.23613431773229163,0.6680340022106748,0.5375000238418579,0.5586653673221602,0.0211653434803023,0.6422934562469446,0.40321057601510857
3,C_no_daily,dev2,optics,1d_5pct,prior,False,240,20,12,0.20199836749292943,0.5849152034770106,0.3291666805744171,0.282875276603787,0.04629140397063014,0.6770186335403727,0.3927392739273927
3,C_no_daily,dev2,optics,1d_8pct,prior,False,240,20,12,0.15184360568430938,0.47931792257349964,0.19166666269302368,0.10811371207401124,0.08355295061901244,0.6924025100851636,0.5
3,C_no_daily,dev2,optics,3d_3pct,prior,False,240,20,12,0.2249929054845047,0.6627208193839517,0.6833333373069763,0.7738311322085514,0.09049779490157506,0.5554396662387677,0.2893081761006289
3,C_no_daily,dev2,optics,3d_5pct,prior,False,240,20,12,0.24108912102605448,0.6807526009081372,0.5333333611488342,0.5982048001602659,0.06487143901143166,0.6060267857142857,0.3092485549132948
3,C_no_daily,dev2,optics,3d_8pct,prior,False,240,20,12,0.22922542356444578,0.6452661954600686,0.40416666865348816,0.4208703723435034,0.016703703690015226,0.6138706654170571,0.344149459193707
3,C_no_daily,dev2,optics,5d_3pct,prior,False,240,20,12,0.18584811704005175,0.586026076775924,0.7749999761581421,0.8572786357220156,0.08227865956387348,0.5032855436081243,0.2518987341772152
3,C_no_daily,dev2,optics,5d_5pct,prior,False,240,20,12,0.23998342729278216,0.6938313274866977,0.6208333373069763,0.7339085488167243,0.11307521150974797,0.5814588096467291,0.2639029322548028
3,C_no_daily,dev2,optics,5d_8pct,prior,False,240,20,12,0.24528345701898466,0.6880230610662046,0.5208333134651184,0.5688500950404388,0.04801678157532041,0.5872695652173914,0.30186823992133727
3,C_no_daily,dev2,storage,1d_3pct,prior,False,80,20,4,0.2550635994719713,0.7040422008470218,0.5249999761581421,0.6201516497869972,0.09515167362885513,0.5758145363408521,0.5102564102564102
3,C_no_daily,dev2,storage,1d_5pct,prior,False,80,20,4,0.21812952594201693,0.6285290374691737,0.3125,0.34800236906434595,0.03550236906434595,0.5069090909090909,0.6122448979591837
3,C_no_daily,dev2,storage,1d_8pct,prior,False,80,20,4,0.20405552373038946,0.6265620712523712,0.25,0.13107155253843344,0.11892844746156656,0.465,0.5506756756756757
3,C_no_daily,dev2,storage,3d_3pct,prior,False,80,20,4,0.25065799163680025,0.722427132043866,0.6625000238418579,0.838298418692729,0.17579839485087112,0.5918937805730258,0.5698005698005698
3,C_no_daily,dev2,storage,3d_5pct,prior,False,80,20,4,0.27069211816306593,0.7418807868524016,0.550000011920929,0.7174312681991392,0.1674312562782102,0.5928030303030303,0.6395939086294417
3,C_no_daily,dev2,storage,3d_8pct,prior,False,80,20,4,0.25902090724700466,0.7115321046213829,0.42500001192092896,0.5437321231684467,0.1187321112475177,0.5281329923273657,0.5820512820512821
3,C_no_daily,dev2,storage,5d_3pct,prior,False,80,20,4,0.18698913095441674,0.5883490671516286,0.7749999761581421,0.8927282293860269,0.11772825322788483,0.5609318996415772,0.5503597122302158
3,C_no_daily,dev2,storage,5d_5pct,prior,False,80,20,4,0.2350528023518713,0.6863273995130827,0.6875,0.8349408723240437,0.14744087232404368,0.5585454545454545,0.565597667638484
3,C_no_daily,dev2,storage,5d_8pct,prior,False,80,20,4,0.2669487810299467,0.73327925525152,0.5625,0.7057912228176303,0.1432912228176303,0.5187301587301587,0.4910941475826972
4,B_group,dev1,chips,1d_3pct,regularization,True,152,19,8,0.2340418044774866,0.6641022104900344,0.4934210479259491,0.4516611997797501,0.041759848146198986,0.6306493506493507,0.445364238410596
4,B_group,dev1,chips,1d_5pct,regularization,True,152,19,8,0.20618313827545043,0.6019307167429913,0.30921053886413574,0.32541375777146725,0.016203218907331507,0.6437689969604863,0.4467680608365019
4,B_group,dev1,chips,1d_8pct,regularization,True,152,19,8,0.1121002641902135,0.37002442381389544,0.125,0.1642944352434201,0.039294435243420106,0.6410763751483973,0.5241379310344828
4,B_group,dev1,chips,3d_3pct,regularization,True,152,19,8,0.19737480896362566,0.5814559323798033,0.6907894611358643,0.7716532596391298,0.08086379850326553,0.6986828774062817,0.5982905982905983
4,B_group,dev1,chips,3d_5pct,regularization,True,152,19,8,0.22999919109817266,0.653138539961053,0.5394737124443054,0.6278177908948475,0.08834407845054204,0.6939024390243902,0.6176470588235294
4,B_group,dev1,chips,3d_8pct,regularization,True,152,19,8,0.20335840926265267,0.586575224161637,0.32894736528396606,0.45077417221862115,0.12182680693465509,0.7605882352941177,0.6566037735849056
4,B_group,dev1,chips,5d_3pct,regularization,True,152,19,8,0.19059688584418835,0.5697186005098643,0.7302631735801697,0.8378376943982009,0.1075745208180312,0.7079762689518787,0.6508620689655172
4,B_group,dev1,chips,5d_5pct,regularization,True,152,19,8,0.2439044875576105,0.6884819879891009,0.6118420958518982,0.7719156114432114,0.16007351559131322,0.6916347731000546,0.6284584980237155
4,B_group,dev1,chips,5d_8pct,regularization,True,152,19,8,0.21866644722403075,0.6276144184438571,0.44078946113586426,0.545577441712313,0.10478798057644878,0.7522388059701492,0.6895306859205776
4,B_group,dev1,optics,1d_3pct,regularization,True,228,19,12,0.2306236568619675,0.6566031831574364,0.5745614171028137,0.48901519732024257,0.08554621978257115,0.650664987801999,0.4638009049773756
4,B_group,dev1,optics,1d_5pct,regularization,True,228,19,12,0.21557802656296568,0.6140410226953353,0.35087719559669495,0.36565377297483753,0.014776577378142586,0.641722972972973,0.433252427184466
4,B_group,dev1,optics,1d_8pct,regularization,True,228,19,12,0.12718892355661732,0.41181102797356317,0.14473684132099152,0.1939593389325633,0.0492224976115718,0.6348096348096348,0.4375
4,B_group,dev1,optics,3d_3pct,regularization,True,228,19,12,0.1847181210454501,0.5569859852441507,0.7105262875556946,0.7656138719157284,0.0550875843600338,0.6568462401795735,0.49258160237388726
4,B_group,dev1,optics,3d_5pct,regularization,True,228,19,12,0.234047278100604,0.6645804079237161,0.5175438523292542,0.6299209752582532,0.11237712292899904,0.6450693374422188,0.510158013544018
4,B_group,dev1,optics,3d_8pct,regularization,True,228,19,12,0.2283805950182113,0.6385430727777451,0.359649121761322,0.4974422530913027,0.13779313132998067,0.6943701971266288,0.5807600950118765
4,B_group,dev1,optics,5d_3pct,regularization,True,228,19,12,0.16418419778179252,0.5071709118267146,0.7543859481811523,0.8263814983280896,0.07199555014693726,0.707641196013289,0.5970394736842105
4,B_group,dev1,optics,5d_5pct,regularization,True,228,19,12,0.2413547550866105,0.6954159628720908,0.5789473652839661,0.7646182082831305,0.18567084299916448,0.7072285353535354,0.6099290780141844
4,B_group,dev1,optics,5d_8pct,regularization,True,228,19,12,0.22808118906541502,0.6461848551381189,0.4385964870452881,0.5658630948960949,0.1272666078508068,0.7240234375,0.655373831775701
4,B_group,dev1,storage,1d_3pct,regularization,True,76,19,4,0.27246128613395537,0.7404923731054716,0.6184210777282715,0.4854620813950601,0.1329589963332114,0.4607483492296405,0.47041420118343197
4,B_group,dev1,storage,1d_5pct,regularization,True,76,19,4,0.227549111995201,0.644125618442838,0.3947368562221527,0.3501887763875599,0.0445480798345928,0.6246376811594203,0.5964912280701754
4,B_group,dev1,storage,1d_8pct,regularization,True,76,19,4,0.1620113353752273,0.48991409919682244,0.22368420660495758,0.1766726690213373,0.04701153758362028,0.7168494516450648,0.7258064516129032
4,B_group,dev1,storage,3d_3pct,regularization,True,76,19,4,0.14431855465552018,0.454978150632841,0.7894737124443054,0.7864436137147625,0.0030300987295429627,0.7822916666666666,0.7739130434782608
4,B_group,dev1,storage,3d_5pct,regularization,True,76,19,4,0.1717969344984957,0.5251597640690542,0.6842105388641357,0.641509898545362,0.04270064031877374,0.7996794871794871,0.7980132450331126
4,B_group,dev1,storage,3d_8pct,regularization,True,76,19,4,0.17919309852823764,0.5364093751188268,0.5,0.4979194527634751,0.002080547236524899,0.8386426592797784,0.8636363636363636
4,B_group,dev1,storage,5d_3pct,regularization,True,76,19,4,0.1343400599951018,0.42564689490580554,0.8157894611358643,0.8419414947185434,0.026152033582679146,0.773041474654378,0.7924528301886793
4,B_group,dev1,storage,5d_5pct,regularization,True,76,19,4,0.14337000018473214,0.44884961831841036,0.7631579041481018,0.7746856175413537,0.01152771339325187,0.82183908045977,0.84765625
4,B_group,dev1,storage,5d_8pct,regularization,True,76,19,4,0.1770043652996625,0.5407177121070784,0.5921052694320679,0.5640672765961221,0.02803799283594577,0.8326164874551971,0.8435672514619883
4,B_group,dev2,chips,1d_3pct,regularization,True,160,20,8,0.21663058413371705,0.6238931345678087,0.4000000059604645,0.4727809735121884,0.07278096755172392,0.7215169270833333,0.6882022471910112
4,B_group,dev2,chips,1d_5pct,regularization,True,160,20,8,0.14291522427994746,0.45208392941674463,0.20000000298023224,0.2581691142943111,0.05816911131407887,0.782470703125,0.7770833333333333
4,B_group,dev2,chips,1d_8pct,regularization,True,160,20,8,0.09113684927775245,0.3096762582376973,0.10000000149011612,0.12466911803024701,0.02466911654013089,0.6540798611111112,0.43333333333333335
4,B_group,dev2,chips,3d_3pct,regularization,True,160,20,8,0.2503216549138722,0.6977197828338799,0.5874999761581421,0.721311993084192,0.13381201692604994,0.6531270148291425,0.6476063829787234
4,B_group,dev2,chips,3d_5pct,regularization,True,160,20,8,0.2468540729960776,0.6872667866147191,0.40625,0.5540322223905341,0.14778222239053407,0.6816194331983807,0.6588720770288858
4,B_group,dev2,chips,3d_8pct,regularization,True,160,20,8,0.20554537294737701,0.59767805947202,0.28125,0.39211050254191365,0.11086050254191365,0.6608695652173913,0.5413153456998314
4,B_group,dev2,chips,5d_3pct,regularization,True,160,20,8,0.22447883322938872,0.6483416321033981,0.6875,0.7708865156586653,0.08338651565866528,0.5200909090909092,0.3787425149700599
4,B_group,dev2,chips,5d_5pct,regularization,True,160,20,8,0.27294248808992994,0.7449078754319645,0.5062500238418579,0.6629039505534191,0.1566539267115612,0.5522737927801219,0.4392523364485981
4,B_group,dev2,chips,5d_8pct,regularization,True,160,20,8,0.2385253051112899,0.6683895956580603,0.34375,0.4876272976738608,0.14387729767386082,0.6557575757575758,0.5869894099848714
4,B_group,dev2,optics,1d_3pct,regularization,True,240,20,12,0.21476607220564656,0.6218584330324675,0.5375000238418579,0.5095201268236631,0.02797989701819481,0.7520776590544033,0.7082152974504249
4,B_group,dev2,optics,1d_5pct,regularization,True,240,20,12,0.19197872086490897,0.5584629524312962,0.3291666805744171,0.2914249703905438,0.03774171018387329,0.7505700133658306,0.6842684268426843
4,B_group,dev2,optics,1d_8pct,regularization,True,240,20,12,0.15289545745250616,0.47443771783186267,0.19166666269302368,0.1441166840836546,0.047549978609369076,0.6339085611833258,0.4349112426035503
4,B_group,dev2,optics,3d_3pct,regularization,True,240,20,12,0.20447954147375977,0.5958903258456939,0.6833333373069763,0.7253682664102729,0.04203492910329654,0.689545892169448,0.6771488469601677
4,B_group,dev2,optics,3d_5pct,regularization,True,240,20,12,0.2184672256849127,0.6276000710897874,0.5333333611488342,0.5627877674506637,0.029454406301829494,0.7516392299107143,0.7013487475915221
4,B_group,dev2,optics,3d_8pct,regularization,True,240,20,12,0.215303941513726,0.614251077641638,0.40416666865348816,0.4164424984334523,0.012275829779964165,0.676519356931728,0.567354965585054
4,B_group,dev2,optics,5d_3pct,regularization,True,240,20,12,0.1756241454987338,0.5362496764245593,0.7749999761581421,0.7708496209188141,0.004150355239327941,0.5415173237753883,0.4468354430379747
4,B_group,dev2,optics,5d_5pct,regularization,True,240,20,12,0.21818465919267602,0.6282680462578424,0.6208333373069763,0.6670909810799114,0.046257643772935064,0.6214691348919537,0.48483316481294236
4,B_group,dev2,optics,5d_8pct,regularization,True,240,20,12,0.2252826337129766,0.6401354789159815,0.5208333134651184,0.4854034274756565,0.035429885989461896,0.6604173913043477,0.571779744346116
4,B_group,dev2,storage,1d_3pct,regularization,True,80,20,4,0.23603348664090498,0.6646648914045484,0.5249999761581421,0.5725073571741472,0.04750738101600516,0.6660401002506265,0.6666666666666666
4,B_group,dev2,storage,1d_5pct,regularization,True,80,20,4,0.19972908152898522,0.5883348984628377,0.3125,0.36363364660351827,0.05113364660351827,0.7596363636363637,0.7580174927113703
4,B_group,dev2,storage,1d_8pct,regularization,True,80,20,4,0.1935700959151288,0.5814272150655183,0.25,0.21394194326949564,0.036058056730504356,0.5025,0.5
4,B_group,dev2,storage,3d_3pct,regularization,True,80,20,4,0.23627213499710437,0.6732067308225032,0.6625000238418579,0.7766954775561786,0.11419545371432072,0.5178197064989518,0.50997150997151
4,B_group,dev2,storage,3d_5pct,regularization,True,80,20,4,0.2502120855900479,0.6935374287114089,0.550000011920929,0.6405028636460274,0.09050285172509842,0.5874368686868687,0.5583756345177665
4,B_group,dev2,storage,3d_8pct,regularization,True,80,20,4,0.24694173613789622,0.6869671193040243,0.42500001192092896,0.5156101926425087,0.09061018072157978,0.6301150895140665,0.6166666666666667
4,B_group,dev2,storage,5d_3pct,regularization,True,80,20,4,0.176390533936174,0.5403450176817899,0.7749999761581421,0.8207910557524413,0.04579107959429918,0.49148745519713266,0.4748201438848921
4,B_group,dev2,storage,5d_5pct,regularization,True,80,20,4,0.21698611674773147,0.6264455929710422,0.6875,0.7317640502943041,0.044264050294304136,0.4938181818181818,0.5058309037900875
4,B_group,dev2,storage,5d_8pct,regularization,True,80,20,4,0.24657751342673095,0.6862908117591707,0.5625,0.5601057391349815,0.0023942608650184827,0.4777777777777778,0.4770992366412214
4,B_no_group,dev1,chips,1d_3pct,regularization,True,152,19,8,0.22026612743791799,0.6336939066033153,0.4934210479259491,0.4717080444779382,0.021713003448010915,0.6943722943722944,0.5529801324503312
4,B_no_group,dev1,chips,1d_5pct,regularization,True,152,19,8,0.19885170415178638,0.5808625362939334,0.30921053886413574,0.34047702845861094,0.0312664895944752,0.6741641337386017,0.5038022813688213
4,B_no_group,dev1,chips,1d_8pct,regularization,True,152,19,8,0.11594418803156648,0.37969165622053164,0.125,0.1726220346830354,0.047622034683035414,0.6212900672734467,0.4586206896551724
4,B_no_group,dev1,chips,3d_3pct,regularization,True,152,19,8,0.2007399245114667,0.5872023503813169,0.6907894611358643,0.7997948498261763,0.10900538869031207,0.7436676798378925,0.6474358974358975
4,B_no_group,dev1,chips,3d_5pct,regularization,True,152,19,8,0.2304804409470489,0.6542567018848839,0.5394737124443054,0.6468159963021299,0.10734228385782452,0.7048780487804878,0.6349480968858131
4,B_no_group,dev1,chips,3d_8pct,regularization,True,152,19,8,0.19750170302777992,0.5765119519642316,0.32894736528396606,0.3230609846746693,0.0058863806092967486,0.7164705882352941,0.6018867924528302
4,B_no_group,dev1,chips,5d_3pct,regularization,True,152,19,8,0.1962050087953547,0.5823059282965835,0.7302631735801697,0.8595841547547816,0.12932098117461188,0.7501647989452868,0.728448275862069
4,B_no_group,dev1,chips,5d_5pct,regularization,True,152,19,8,0.255424645268974,0.7150630977319745,0.6118420958518982,0.7929234736304132,0.18108137777851496,0.704938946601057,0.650197628458498
4,B_no_group,dev1,chips,5d_8pct,regularization,True,152,19,8,0.2702155521673556,0.744128759508911,0.44078946113586426,0.6813827768991761,0.2405933157633119,0.7308165057067603,0.7021660649819494
4,B_no_group,dev1,optics,1d_3pct,regularization,True,228,19,12,0.22778866760020647,0.6480348545517186,0.5745614171028137,0.5192309526906839,0.055330464412129854,0.643975761391359,0.502262443438914
4,B_no_group,dev1,optics,1d_5pct,regularization,True,228,19,12,0.2160784475177303,0.6150025345649318,0.35087719559669495,0.3805891626072862,0.029711967010591256,0.6352195945945945,0.41504854368932037
4,B_no_group,dev1,optics,1d_8pct,regularization,True,228,19,12,0.13082597263770504,0.42130811288339964,0.14473684132099152,0.20255875901504658,0.057821917694055064,0.6180264180264181,0.3770833333333333
4,B_no_group,dev1,optics,3d_3pct,regularization,True,228,19,12,0.18559917662124048,0.5565453697643069,0.7105262875556946,0.7887604078174686,0.07823412026177401,0.7010849233071456,0.5296735905044511
4,B_no_group,dev1,optics,3d_5pct,regularization,True,228,19,12,0.23620931825560396,0.6686391130713336,0.5175438523292542,0.6562122435474839,0.13866839121822971,0.6773497688751926,0.5451467268623025
4,B_no_group,dev1,optics,3d_8pct,regularization,True,228,19,12,0.21084692009075803,0.6034203398732303,0.359649121761322,0.3466118680982336,0.013037253663088444,0.6571166054126295,0.5332541567695962
4,B_no_group,dev1,optics,5d_3pct,regularization,True,228,19,12,0.164093154061401,0.5059319101817334,0.7543859481811523,0.8428681975409833,0.08848224935983096,0.7384759136212624,0.6381578947368421
4,B_no_group,dev1,optics,5d_5pct,regularization,True,228,19,12,0.25266189220262786,0.7193968925074369,0.5789473652839661,0.7896498115152999,0.21070244623133383,0.7285353535353536,0.648936170212766
4,B_no_group,dev1,optics,5d_8pct,regularization,True,228,19,12,0.2772625700053864,0.7697640522366566,0.4385964870452881,0.688662615067959,0.2500661280226709,0.68515625,0.647196261682243
4,B_no_group,dev1,storage,1d_3pct,regularization,True,76,19,4,0.24521577961505112,0.6844510395233749,0.6184210777282715,0.5103064540900807,0.1081146236381908,0.5759354365370506,0.591715976331361
4,B_no_group,dev1,storage,1d_5pct,regularization,True,76,19,4,0.21765555602160172,0.6233103357843425,0.3947368562221527,0.371991856863437,0.022744999358715712,0.6811594202898551,0.695906432748538
4,B_no_group,dev1,storage,1d_8pct,regularization,True,76,19,4,0.16926380649254633,0.5143404210154685,0.22368420660495758,0.1841179171415848,0.03956628946337279,0.6400797607178464,0.6532258064516129
4,B_no_group,dev1,storage,3d_3pct,regularization,True,76,19,4,0.14586991930249393,0.45687604611771926,0.7894737124443054,0.8111846855283669,0.021710973084061447,0.7958333333333333,0.8
4,B_no_group,dev1,storage,3d_5pct,regularization,True,76,19,4,0.16521378855957117,0.5107260991205276,0.6842105388641357,0.6637057410999949,0.020504797764140825,0.8333333333333334,0.8443708609271523
4,B_no_group,dev1,storage,3d_8pct,regularization,True,76,19,4,0.23081666239051662,0.644334827973809,0.5,0.3417452901439859,0.1582547098560141,0.7815096952908587,0.7883522727272727
4,B_no_group,dev1,storage,5d_3pct,regularization,True,76,19,4,0.14120892949466282,0.4438977401071376,0.8157894611358643,0.8642055703362418,0.04841610920037753,0.771889400921659,0.7547169811320755
4,B_no_group,dev1,storage,5d_5pct,regularization,True,76,19,4,0.1571057706001434,0.4824160437210281,0.7631579041481018,0.7942153563214402,0.03105745217333844,0.7863984674329502,0.77734375
4,B_no_group,dev1,storage,5d_8pct,regularization,True,76,19,4,0.18722824420336906,0.5578542400267537,0.5921052694320679,0.6913008158020431,0.09919554636997518,0.817921146953405,0.8011695906432749
4,B_no_group,dev2,chips,1d_3pct,regularization,True,160,20,8,0.23679676150782009,0.665117142561256,0.4000000059604645,0.5078222569650893,0.10782225100462484,0.66162109375,0.577247191011236
4,B_no_group,dev2,chips,1d_5pct,regularization,True,160,20,8,0.16133146860276573,0.49500476862961673,0.20000000298023224,0.2869148953999866,0.08691489241975436,0.677490234375,0.5791666666666667
4,B_no_group,dev2,chips,1d_8pct,regularization,True,160,20,8,0.08916692492923209,0.30364501884263806,0.10000000149011612,0.13537409348148513,0.03537409199136901,0.6727430555555556,0.4925925925925926
4,B_no_group,dev2,chips,3d_3pct,regularization,True,160,20,8,0.2624328390454842,0.7308042019164815,0.5874999761581421,0.7461631485763658,0.1586631724182237,0.5873629916183107,0.5412234042553191
4,B_no_group,dev2,chips,3d_5pct,regularization,True,160,20,8,0.24811707831583468,0.6893172762664282,0.40625,0.5541651795308828,0.14791517953088285,0.6570040485829961,0.5983493810178817
4,B_no_group,dev2,chips,3d_8pct,regularization,True,160,20,8,0.20928410749486068,0.6030575506730882,0.28125,0.41172014486347275,0.13047014486347275,0.6695652173913044,0.6087689713322091
4,B_no_group,dev2,chips,5d_3pct,regularization,True,160,20,8,0.22382175153559752,0.6479911379897445,0.6875,0.7907623181240431,0.10326231812404307,0.5612727272727274,0.4977544910179641
4,B_no_group,dev2,chips,5d_5pct,regularization,True,160,20,8,0.26915268812266097,0.7360632874169829,0.5062500238418579,0.6680979187979981,0.16184789495614016,0.5864978902953586,0.48998664886515353
4,B_no_group,dev2,chips,5d_8pct,regularization,True,160,20,8,0.26227431395235346,0.7179357858131988,0.34375,0.5602838702489877,0.21653387024898774,0.6908225108225108,0.6951588502269289
4,B_no_group,dev2,optics,1d_3pct,regularization,True,240,20,12,0.2336002762954143,0.6618888235655305,0.5375000238418579,0.5553606234334183,0.01786059959156039,0.624554787345485,0.47592067988668557
4,B_no_group,dev2,optics,1d_5pct,regularization,True,240,20,12,0.20727107160911704,0.5928415016353352,0.3291666805744171,0.3212273995348732,0.007939281039543888,0.6173441308278952,0.46204620462046203
4,B_no_group,dev2,optics,1d_8pct,regularization,True,240,20,12,0.15542464930134206,0.4780170002669465,0.19166666269302368,0.15153387906334193,0.040132783629681756,0.601972209771403,0.3831360946745562
4,B_no_group,dev2,optics,3d_3pct,regularization,True,240,20,12,0.21536856408396687,0.6250355960574764,0.6833333373069763,0.7503283206812875,0.0669949833743112,0.5872913992297818,0.4716981132075472
4,B_no_group,dev2,optics,3d_5pct,regularization,True,240,20,12,0.22664272381016679,0.6448565523868737,0.5333333611488342,0.5614076516924414,0.028074290543607217,0.6765485491071429,0.5708092485549133
4,B_no_group,dev2,optics,3d_8pct,regularization,True,240,20,12,0.21476286604281788,0.612242669437491,0.40416666865348816,0.4378354967533569,0.033668828099868764,0.6731309927186216,0.5712881022615536
4,B_no_group,dev2,optics,5d_3pct,regularization,True,240,20,12,0.17413929669071723,0.5315193936405078,0.7749999761581421,0.7882599117036845,0.01325993554554239,0.570041816009558,0.529113924050633
4,B_no_group,dev2,optics,5d_5pct,regularization,True,240,20,12,0.21669245292735428,0.6244114609708113,0.6208333373069763,0.675510522420744,0.054677185113767734,0.6631757504240726,0.5475227502527806
4,B_no_group,dev2,optics,5d_8pct,regularization,True,240,20,12,0.2233488195004712,0.6366582760481094,0.5208333134651184,0.559818831101064,0.0389855176359456,0.6569391304347826,0.6086529006882989
4,B_no_group,dev2,storage,1d_3pct,regularization,True,80,20,4,0.258552903968171,0.7112464404605008,0.5249999761581421,0.6325859156172058,0.1075859394590637,0.5263157894736842,0.5358974358974359
4,B_no_group,dev2,storage,1d_5pct,regularization,True,80,20,4,0.21756855684834134,0.6261172163399333,0.3125,0.41655384741215473,0.10405384741215473,0.6189090909090909,0.6122448979591837
4,B_no_group,dev2,storage,1d_8pct,regularization,True,80,20,4,0.19586413715874745,0.5871383580509685,0.25,0.22834577089400102,0.021654229105998984,0.43083333333333335,0.4222972972972973
4,B_no_group,dev2,storage,3d_3pct,regularization,True,80,20,4,0.2475407355397355,0.7083697343695075,0.6625000238418579,0.7998943154625522,0.13739429162069428,0.3529000698812019,0.3504273504273504
4,B_no_group,dev2,storage,3d_5pct,regularization,True,80,20,4,0.2517959044953316,0.6970672810687422,0.550000011920929,0.6321936004228681,0.08219358850193914,0.5839646464646464,0.583756345177665
4,B_no_group,dev2,storage,3d_8pct,regularization,True,80,20,4,0.25567529243710657,0.7045674050698658,0.42500001192092896,0.5451016957442826,0.12010168382335362,0.5626598465473146,0.5423076923076923
4,B_no_group,dev2,storage,5d_3pct,regularization,True,80,20,4,0.17789838869330388,0.5449043750132666,0.7749999761581421,0.8290054970635152,0.05400552090537314,0.471326164874552,0.44064748201438847
4,B_no_group,dev2,storage,5d_5pct,regularization,True,80,20,4,0.21670137326803945,0.6256635903885268,0.6875,0.7290068711700413,0.04150687117004126,0.4698181818181818,0.46647230320699706
4,B_no_group,dev2,storage,5d_8pct,regularization,True,80,20,4,0.255419909049186,0.7053035918179937,0.5625,0.6543956574835408,0.09189565748354078,0.3987301587301587,0.42366412213740456
4,C_group,dev1,chips,1d_3pct,curves,False,152,19,8,0.22602597949170591,0.6431103355444233,0.4934210479259491,0.46711712811943373,0.026303919806515363,0.6876190476190477,0.5894039735099338
4,C_group,dev1,chips,1d_5pct,curves,False,152,19,8,0.2019178356171116,0.5912752104904213,0.30921053886413574,0.3252015422621538,0.015991003398018067,0.6652482269503547,0.5950570342205324
4,C_group,dev1,chips,1d_8pct,curves,False,152,19,8,0.11245087361432884,0.3789163215032425,0.125,0.2144768744504799,0.08947687445047989,0.7091412742382271,0.6137931034482759
4,C_group,dev1,chips,3d_3pct,curves,False,152,19,8,0.19361186469001682,0.5787646436577933,0.6907894611358643,0.7670823293819011,0.07629286824603687,0.7167173252279635,0.6752136752136753
4,C_group,dev1,chips,3d_5pct,curves,False,152,19,8,0.21875088467741052,0.6299496348800775,0.5394737124443054,0.6498624481636279,0.1103887357193225,0.7433797909407667,0.6885813148788927
4,C_group,dev1,chips,3d_8pct,curves,False,152,19,8,0.21231705400875198,0.6126924687271826,0.32894736528396606,0.4994805336140748,0.17053316833010873,0.748235294117647,0.6377358490566037
4,C_group,dev1,chips,5d_3pct,curves,False,152,19,8,0.18272117921446596,0.5555929825464974,0.7302631735801697,0.8010334215042614,0.0707702479240917,0.6914963744232037,0.6530172413793104
4,C_group,dev1,chips,5d_5pct,curves,False,152,19,8,0.1998964286805427,0.5844079075122037,0.6118420958518982,0.7203588967427988,0.10851680089090066,0.7927829414980863,0.741106719367589
4,C_group,dev1,chips,5d_8pct,curves,False,152,19,8,0.2455156520559784,0.6973993771818385,0.44078946113586426,0.6660477422564969,0.22525828112063262,0.7727831431079895,0.7021660649819494
4,C_group,dev1,optics,1d_3pct,curves,False,228,19,12,0.23588641586092782,0.6639353299583532,0.5745614171028137,0.5088785396415073,0.06568287746130641,0.6155662233414654,0.4502262443438914
4,C_group,dev1,optics,1d_5pct,curves,False,228,19,12,0.22297360623242463,0.6357315605373226,0.35087719559669495,0.3539186679376664,0.003041472340971463,0.5934121621621622,0.508495145631068
4,C_group,dev1,optics,1d_8pct,curves,False,228,19,12,0.12863415622425353,0.4191563710669771,0.14473684132099152,0.23318732457914823,0.08845048325815671,0.6609168609168609,0.5270833333333333
4,C_group,dev1,optics,3d_3pct,curves,False,228,19,12,0.19691610270877552,0.5893667591868623,0.7105262875556946,0.8080818525818849,0.09755556502619034,0.6744294799850354,0.5727002967359051
4,C_group,dev1,optics,3d_5pct,curves,False,228,19,12,0.26236559602550663,0.7420001949679519,0.5175438523292542,0.7143885226354515,0.19684467030619734,0.6607858243451464,0.5474040632054176
4,C_group,dev1,optics,3d_8pct,curves,False,228,19,12,0.2522153557102934,0.708424203195635,0.359649121761322,0.5654779810585752,0.20582885929725314,0.6840126962913464,0.5855106888361045
4,C_group,dev1,optics,5d_3pct,curves,False,228,19,12,0.17719786150401431,0.5495683975076645,0.7543859481811523,0.8510672527865313,0.09668130460537894,0.6891611295681063,0.6661184210526315
4,C_group,dev1,optics,5d_5pct,curves,False,228,19,12,0.25111351117183206,0.7215706798109376,0.5789473652839661,0.772918010112687,0.19397064482872095,0.7039930555555556,0.6843971631205674
4,C_group,dev1,optics,5d_8pct,curves,False,228,19,12,0.2811853407468857,0.7791990586023717,0.4385964870452881,0.6969335248854595,0.25833703784017137,0.7166406249999999,0.6962616822429907
4,C_group,dev1,storage,1d_3pct,curves,False,76,19,4,0.2413433478883624,0.6759796835133659,0.6184210777282715,0.5551111917890089,0.06330988593926257,0.541452677916361,0.5473372781065089
4,C_group,dev1,storage,1d_5pct,curves,False,76,19,4,0.21550883683805588,0.6214874887468725,0.3947368562221527,0.40349539517205407,0.008758538949901362,0.7050724637681159,0.7017543859649122
4,C_group,dev1,storage,1d_8pct,curves,False,76,19,4,0.15726190775977578,0.4868352964388235,0.22368420660495758,0.28889871429533304,0.06521450769037546,0.7716849451645065,0.7701612903225806
4,C_group,dev1,storage,3d_3pct,curves,False,76,19,4,0.15170514677160912,0.472000122698461,0.7894737124443054,0.8549360074418182,0.06546229499751277,0.7489583333333334,0.7478260869565218
4,C_group,dev1,storage,3d_5pct,curves,False,76,19,4,0.1863597482224311,0.5534012167292918,0.6842105388641357,0.7541004666964785,0.06988992783234271,0.7900641025641025,0.7715231788079471
4,C_group,dev1,storage,3d_8pct,curves,False,76,19,4,0.21786090554118337,0.6280093643631904,0.5,0.6134617962703075,0.1134617962703075,0.775623268698061,0.7727272727272727
4,C_group,dev1,storage,5d_3pct,curves,False,76,19,4,0.14496110214143101,0.4551951786164139,0.8157894611358643,0.9058955355408049,0.09010607440494067,0.7926267281105991,0.7783018867924528
4,C_group,dev1,storage,5d_5pct,curves,False,76,19,4,0.1660294101927079,0.49783683071815527,0.7631579041481018,0.8512863740760553,0.08812846992795353,0.8170498084291188,0.79296875
4,C_group,dev1,storage,5d_8pct,curves,False,76,19,4,0.23778954623029241,0.6643694127280904,0.5921052694320679,0.7882417214805383,0.1961364520484704,0.8336917562724014,0.8304093567251462
4,C_group,dev2,chips,1d_3pct,curves,False,160,20,8,0.25096879653215787,0.7011476380835064,0.4000000059604645,0.5584315068454833,0.15843150088501878,0.650390625,0.6039325842696629
4,C_group,dev2,chips,1d_5pct,curves,False,160,20,8,0.18452176735418752,0.5447604685018635,0.20000000298023224,0.34288913797987386,0.14288913499964162,0.6474609375,0.5229166666666667
4,C_group,dev2,chips,1d_8pct,curves,False,160,20,8,0.10834246532282839,0.351269994997163,0.10000000149011612,0.20986771716010882,0.1098677156699927,0.7217881944444444,0.562962962962963
4,C_group,dev2,chips,3d_3pct,curves,False,160,20,8,0.31079794566978236,0.9538164515728381,0.5874999761581421,0.8469852258181291,0.259485249659987,0.5472275950999355,0.5093085106382979
4,C_group,dev2,chips,3d_5pct,curves,False,160,20,8,0.35219310061336495,1.011359687186694,0.40625,0.7299747511642964,0.32372475116429644,0.5472064777327936,0.4264099037138927
4,C_group,dev2,chips,3d_8pct,curves,False,160,20,8,0.28906796876108026,0.801817982139594,0.28125,0.5364670938184143,0.2552170938184143,0.5768115942028986,0.4300168634064081
4,C_group,dev2,chips,5d_3pct,curves,False,160,20,8,0.2705952056510201,0.9475823035055699,0.6875,0.9236799447805163,0.2361799447805163,0.5521818181818182,0.5134730538922155
4,C_group,dev2,chips,5d_5pct,curves,False,160,20,8,0.3780319060216444,1.2418268125992329,0.5062500238418579,0.870212974693495,0.3639629508516371,0.549148304422566,0.43658210947930576
4,C_group,dev2,chips,5d_8pct,curves,False,160,20,8,0.37706868923445297,1.0838263672254507,0.34375,0.7190605859140413,0.3753105859140413,0.5553246753246752,0.4084720121028744
4,C_group,dev2,optics,1d_3pct,curves,False,240,20,12,0.22840244726054026,0.6506697102948059,0.5375000238418579,0.591957322812055,0.05445729897019713,0.6833577763810321,0.5977337110481586
4,C_group,dev2,optics,1d_5pct,curves,False,240,20,12,0.209211631712376,0.599114344006756,0.3291666805744171,0.43162417873722114,0.10245749816280403,0.7006053935057788,0.5324532453245324
4,C_group,dev2,optics,1d_8pct,curves,False,240,20,12,0.1578130407208406,0.4731944926155965,0.19166666269302368,0.28504298398387545,0.09337632129085177,0.7070820259973106,0.5680473372781065
4,C_group,dev2,optics,3d_3pct,curves,False,240,20,12,0.242355200474737,0.7526690115304109,0.6833333373069763,0.845619021185195,0.16228568387821873,0.5623395378690629,0.4329140461215933
4,C_group,dev2,optics,3d_5pct,curves,False,240,20,12,0.29476885987610196,0.8650539931225553,0.5333333611488342,0.7574085822360676,0.22407522108723332,0.5755440848214285,0.37475915221579964
4,C_group,dev2,optics,3d_8pct,curves,False,240,20,12,0.2815579467187329,0.786217701780301,0.40416666865348816,0.5965321590954974,0.19236549044200923,0.6082474226804124,0.4326450344149459
4,C_group,dev2,optics,5d_3pct,curves,False,240,20,12,0.19886992201468706,0.7158991846890868,0.7749999761581421,0.9267881531043074,0.1517881769461653,0.5195141377937077,0.46455696202531643
4,C_group,dev2,optics,5d_5pct,curves,False,240,20,12,0.29031906519376255,0.9818612863055018,0.6208333373069763,0.8799842066826782,0.25915086937570186,0.5621358507264547,0.37613751263902934
4,C_group,dev2,optics,5d_8pct,curves,False,240,20,12,0.2964609213012975,0.8874529456575184,0.5208333134651184,0.7507339423127455,0.22990062884762708,0.5808695652173913,0.40707964601769914
4,C_group,dev2,storage,1d_3pct,curves,False,80,20,4,0.2730697523916852,0.751841339168462,0.5249999761581421,0.6741480903382714,0.1491481141801293,0.5651629072681704,0.558974358974359
4,C_group,dev2,storage,1d_5pct,curves,False,80,20,4,0.25050661062753543,0.7030384590876618,0.3125,0.46967467750445946,0.15717467750445946,0.5781818181818181,0.60932944606414
4,C_group,dev2,storage,1d_8pct,curves,False,80,20,4,0.21299542773083013,0.6182821673083783,0.25,0.28739770753661126,0.03739770753661126,0.5475,0.5945945945945946
4,C_group,dev2,storage,3d_3pct,curves,False,80,20,4,0.29804217684197776,0.9899338665614499,0.6625000238418579,0.9088422188775962,0.2463421950357383,0.3032844164919637,0.25925925925925924
4,C_group,dev2,storage,3d_5pct,curves,False,80,20,4,0.3676303910438343,1.1022853187389872,0.550000011920929,0.8339633962734492,0.2839633843525202,0.20643939393939395,0.18274111675126903
4,C_group,dev2,storage,3d_8pct,curves,False,80,20,4,0.3711404441253565,1.035650691951594,0.42500001192092896,0.6664052240821856,0.24140521216125665,0.3248081841432225,0.30512820512820515
4,C_group,dev2,storage,5d_3pct,curves,False,80,20,4,0.21519335623116415,0.8834751513772797,0.7749999761581421,0.9653848627054529,0.19038488654731078,0.2885304659498208,0.2733812949640288
4,C_group,dev2,storage,5d_5pct,curves,False,80,20,4,0.29435594855339486,1.1365254284949953,0.6875,0.939755604246989,0.252255604246989,0.18909090909090906,0.15743440233236153
4,C_group,dev2,storage,5d_8pct,curves,False,80,20,4,0.3615304459129088,1.1570829914124536,0.5625,0.8333005901953797,0.2708005901953797,0.2926984126984127,0.27989821882951654
4,C_no_group,dev1,chips,1d_3pct,curves,False,152,19,8,0.23977363458695172,0.6736199261456052,0.4934210479259491,0.3500368869167922,0.1433841610091569,0.72,0.5927152317880795
4,C_no_group,dev1,chips,1d_5pct,curves,False,152,19,8,0.2173177226990701,0.6321509827642403,0.30921053886413574,0.1552099119780506,0.15400062688608515,0.7114488348530902,0.5418250950570342
4,C_no_group,dev1,chips,1d_8pct,curves,False,152,19,8,0.10979049608776803,0.37264084757996474,0.125,0.07057603964939314,0.054423960350606856,0.6474079936683815,0.42758620689655175
4,C_no_group,dev1,chips,3d_3pct,curves,False,152,19,8,0.19358014553946615,0.5681798395850064,0.6907894611358643,0.7124295581640547,0.021640097028190475,0.7189463019250255,0.6047008547008547
4,C_no_group,dev1,chips,3d_5pct,curves,False,152,19,8,0.21631294991048144,0.6243554291064387,0.5394737124443054,0.5102817634771918,0.029191948967113635,0.7217770034843206,0.6384083044982699
4,C_no_group,dev1,chips,3d_8pct,curves,False,152,19,8,0.19250252670576903,0.5584450666683622,0.32894736528396606,0.2664484611666719,0.06249890411729414,0.733921568627451,0.6037735849056604
4,C_no_group,dev1,chips,5d_3pct,curves,False,152,19,8,0.19654642386412807,0.587022680561135,0.7302631735801697,0.839399178093415,0.10913600451324534,0.6939134256207425,0.5775862068965517
4,C_no_group,dev1,chips,5d_5pct,curves,False,152,19,8,0.20695734169090635,0.6013860295188451,0.6118420958518982,0.6914446143676253,0.07960251851572708,0.7273555677054857,0.5731225296442688
4,C_no_group,dev1,chips,5d_8pct,curves,False,152,19,8,0.20505993985347865,0.5954747447300962,0.44078946113586426,0.4651487070349119,0.024359245899047643,0.7322212467076382,0.6425992779783394
4,C_no_group,dev1,optics,1d_3pct,curves,False,228,19,12,0.22103326463561226,0.6320026689389358,0.5745614171028137,0.4789505204391337,0.09561089666368,0.7048870701188321,0.6006787330316742
4,C_no_group,dev1,optics,1d_5pct,curves,False,228,19,12,0.22193332108677158,0.6305157000593212,0.35087719559669495,0.21008061678991427,0.14079657880678068,0.708445945945946,0.5351941747572816
4,C_no_group,dev1,optics,1d_8pct,curves,False,228,19,12,0.11676436073200944,0.3778895613715251,0.14473684132099152,0.09560039501325127,0.04913644630774025,0.749028749028749,0.58125
4,C_no_group,dev1,optics,3d_3pct,curves,False,228,19,12,0.18362894120642825,0.5773923087069699,0.7105262875556946,0.7886492217731483,0.07812293421745375,0.6804152637485971,0.6379821958456974
4,C_no_group,dev1,optics,3d_5pct,curves,False,228,19,12,0.2275867109675977,0.6605392789742897,0.5175438523292542,0.6101928893285987,0.09264903699934457,0.6870570107858244,0.6038374717832957
4,C_no_group,dev1,optics,3d_8pct,curves,False,228,19,12,0.2051336960851161,0.5868908866780975,0.359649121761322,0.3386399145151191,0.02100920724620292,0.7134146341463414,0.669833729216152
4,C_no_group,dev1,optics,5d_3pct,curves,False,228,19,12,0.18614477738774513,0.6183952754964188,0.7543859481811523,0.8969847606100045,0.1425988124288522,0.6672549833887043,0.6266447368421053
4,C_no_group,dev1,optics,5d_5pct,curves,False,228,19,12,0.2406486899350647,0.7094304667871695,0.5789473652839661,0.7581407714773285,0.17919340619336244,0.6912878787878788,0.6146572104018913
4,C_no_group,dev1,optics,5d_8pct,curves,False,228,19,12,0.2193407104446268,0.6323239311346351,0.4385964870452881,0.5309145928386213,0.09231810579333322,0.7195312500000001,0.6869158878504673
4,C_no_group,dev1,storage,1d_3pct,curves,False,76,19,4,0.2622277139086431,0.717671827318197,0.6184210777282715,0.45264457506072237,0.16577650266754912,0.5355832721936904,0.5355029585798816
4,C_no_group,dev1,storage,1d_5pct,curves,False,76,19,4,0.2845748350093397,0.7986006345059726,0.3947368562221527,0.17202229359516732,0.22271456262698539,0.5942028985507246,0.6286549707602339
4,C_no_group,dev1,storage,1d_8pct,curves,False,76,19,4,0.19640760752930123,0.6495815424336144,0.22368420660495758,0.07007896883570262,0.15360523776925494,0.518444666001994,0.5645161290322581
4,C_no_group,dev1,storage,3d_3pct,curves,False,76,19,4,0.1627274361420479,0.5022325052004153,0.7894737124443054,0.8074022262231523,0.017928513778846855,0.64375,0.7434782608695653
4,C_no_group,dev1,storage,3d_5pct,curves,False,76,19,4,0.21073449274174644,0.610871218732622,0.6842105388641357,0.6405291553947734,0.043681383469362345,0.6121794871794872,0.6986754966887417
4,C_no_group,dev1,storage,3d_8pct,curves,False,76,19,4,0.26398455948559607,0.7224328503142625,0.5,0.3386000531486567,0.1613999468513433,0.6682825484764543,0.8096590909090909
4,C_no_group,dev1,storage,5d_3pct,curves,False,76,19,4,0.1583089833675072,0.5165220974425772,0.8157894611358643,0.9139783991560897,0.09818893802022544,0.6129032258064516,0.6981132075471698
4,C_no_group,dev1,storage,5d_5pct,curves,False,76,19,4,0.1782439734459078,0.5397830810736068,0.7631579041481018,0.8063950397158427,0.04323713556774089,0.6130268199233717,0.7109375
4,C_no_group,dev1,storage,5d_8pct,curves,False,76,19,4,0.22142299824106776,0.6340120011366677,0.5921052694320679,0.5979346758042411,0.005829406372173218,0.7878136200716847,0.8245614035087719
4,C_no_group,dev2,chips,1d_3pct,curves,False,160,20,8,0.24058707892003853,0.6756037274452431,0.4000000059604645,0.5012075355018589,0.10120752954139445,0.64892578125,0.5632022471910112
4,C_no_group,dev2,chips,1d_5pct,curves,False,160,20,8,0.16754961528912296,0.5198366344444206,0.20000000298023224,0.17902552600162341,0.020974476978608825,0.541259765625,0.36666666666666664
4,C_no_group,dev2,chips,1d_8pct,curves,False,160,20,8,0.09496754073572747,0.37846760369883825,0.10000000149011612,0.041377195350009825,0.058622806140106294,0.4544270833333333,0.16296296296296298
4,C_no_group,dev2,chips,3d_3pct,curves,False,160,20,8,0.29139151028299715,0.841239476774482,0.5874999761581421,0.8270795754731033,0.2395795993149612,0.6465183752417794,0.6409574468085106
4,C_no_group,dev2,chips,3d_5pct,curves,False,160,20,8,0.3084246213441478,0.8361117956647398,0.40625,0.6855676177867019,0.27931761778670194,0.6686639676113361,0.671251719394773
4,C_no_group,dev2,chips,3d_8pct,curves,False,160,20,8,0.21969465487814038,0.6267333055508983,0.28125,0.3824021240125783,0.10115212401257828,0.6015458937198068,0.5160202360876898
4,C_no_group,dev2,chips,5d_3pct,curves,False,160,20,8,0.25535866722777784,0.7974530705610203,0.6875,0.9060023402994137,0.21850234029941373,0.6765454545454546,0.7215568862275449
4,C_no_group,dev2,chips,5d_5pct,curves,False,160,20,8,0.3344573411795945,0.9472228489560661,0.5062500238418579,0.8181597835052417,0.31190975966338375,0.6738552898890453,0.6528704939919893
4,C_no_group,dev2,chips,5d_8pct,curves,False,160,20,8,0.2975965672916263,0.8052049277384178,0.34375,0.6194935822068068,0.27574358220680684,0.6476190476190476,0.6232980332829047
4,C_no_group,dev2,optics,1d_3pct,curves,False,240,20,12,0.2373014709889853,0.6711930861916845,0.5375000238418579,0.5553414358933051,0.01784141205144718,0.6331447726796564,0.5136921624173749
4,C_no_group,dev2,optics,1d_5pct,curves,False,240,20,12,0.2333191767293533,0.6733576573062324,0.3291666805744171,0.18900607027219365,0.14016061030222346,0.6478496737164872,0.44664466446644663
4,C_no_group,dev2,optics,1d_8pct,curves,False,240,20,12,0.178999460317118,0.687364478102928,0.19166666269302368,0.03972066321282266,0.15194599948020102,0.5591662931420889,0.3062130177514793
4,C_no_group,dev2,optics,3d_3pct,curves,False,240,20,12,0.23647876617897065,0.733146258306377,0.6833333373069763,0.8423166425401133,0.15898330523313697,0.6047817715019256,0.5167714884696016
4,C_no_group,dev2,optics,3d_5pct,curves,False,240,20,12,0.2543318895004131,0.7236294511944804,0.5333333611488342,0.700729000433526,0.1673956392846918,0.6592494419642857,0.5655105973025049
4,C_no_group,dev2,optics,3d_8pct,curves,False,240,20,12,0.23312756460935607,0.6532737890758419,0.40416666865348816,0.38398275983348296,0.020183908820005203,0.6285776079590513,0.4936086529006883
4,C_no_group,dev2,optics,5d_3pct,curves,False,240,20,12,0.19171060772463835,0.6603306283514889,0.7749999761581421,0.918052103016758,0.1430521268586159,0.5896057347670252,0.6354430379746835
4,C_no_group,dev2,optics,5d_5pct,curves,False,240,20,12,0.25390783549215235,0.7571168491743033,0.6208333373069763,0.8261654781646598,0.20533214085768348,0.6804336602994321,0.6319514661274014
4,C_no_group,dev2,optics,5d_8pct,curves,False,240,20,12,0.23560686371164807,0.6690622235308449,0.5208333134651184,0.6245362781621026,0.10370296469698415,0.6735304347826087,0.6086529006882989
4,C_no_group,dev2,storage,1d_3pct,curves,False,80,20,4,0.26108427861400374,0.7175032196833174,0.5249999761581421,0.5966066593090213,0.07160668315087926,0.4843358395989975,0.4025641025641026
4,C_no_group,dev2,storage,1d_5pct,curves,False,80,20,4,0.22920264873456828,0.6638708757393224,0.3125,0.23972234219849103,0.07277765780150897,0.4196363636363637,0.40816326530612246
4,C_no_group,dev2,storage,1d_8pct,curves,False,80,20,4,0.23417208085831964,0.864617820179013,0.25,0.056072296920234035,0.19392770307976598,0.17833333333333334,0.16216216216216217
4,C_no_group,dev2,storage,3d_3pct,curves,False,80,20,4,0.27854686934280876,0.8642863141093493,0.6625000238418579,0.9042392926787397,0.2417392688368818,0.5667365478686234,0.5242165242165242
4,C_no_group,dev2,storage,3d_5pct,curves,False,80,20,4,0.3028645974240344,0.8405993100039773,0.550000011920929,0.8036909063938218,0.25369089447289284,0.595959595959596,0.6294416243654822
4,C_no_group,dev2,storage,3d_8pct,curves,False,80,20,4,0.27816087225859476,0.7521242551947522,0.42500001192092896,0.5038973679865515,0.07889735606562254,0.4079283887468031,0.4025641025641026
4,C_no_group,dev2,storage,5d_3pct,curves,False,80,20,4,0.19996397437174548,0.691498057171291,0.7749999761581421,0.94450675359586,0.16950677743771791,0.6012544802867383,0.6187050359712231
4,C_no_group,dev2,storage,5d_5pct,curves,False,80,20,4,0.2499265656731307,0.7652522285896499,0.6875,0.8971605770783908,0.2096605770783908,0.6130909090909091,0.6559766763848397
4,C_no_group,dev2,storage,5d_8pct,curves,False,80,20,4,0.2611707489681712,0.7325998452635522,0.5625,0.7377763007064377,0.17527630070643774,0.5904761904761905,0.5648854961832062
4,C_no_daily,dev1,chips,1d_3pct,curves,False,152,19,8,0.22674982799990687,0.6449954483117291,0.4934210479259491,0.488070394751783,0.005350653174166109,0.6729004329004329,0.5778145695364238
4,C_no_daily,dev1,chips,1d_5pct,curves,False,152,19,8,0.2045046425735421,0.593112289671729,0.30921053886413574,0.33278866516078276,0.023578126296647017,0.6541033434650455,0.5874524714828897
4,C_no_daily,dev1,chips,1d_8pct,curves,False,152,19,8,0.11466163864202128,0.3810853262965075,0.125,0.21738904937422343,0.09238904937422343,0.6941036802532647,0.603448275862069
4,C_no_daily,dev1,chips,3d_3pct,curves,False,152,19,8,0.2009803803694182,0.6019720791546807,0.6907894611358643,0.7826794294955368,0.09188996835967256,0.684903748733536,0.6410256410256411
4,C_no_daily,dev1,chips,3d_5pct,curves,False,152,19,8,0.23002759996649397,0.6601556663059813,0.5394737124443054,0.6603300959098786,0.12085638346557315,0.7116724738675958,0.6453287197231834
4,C_no_daily,dev1,chips,3d_8pct,curves,False,152,19,8,0.2315756550922106,0.6572942961024716,0.32894736528396606,0.5298265572206555,0.20087919193668946,0.7249019607843138,0.6056603773584905
4,C_no_daily,dev1,chips,5d_3pct,curves,False,152,19,8,0.1978998150947823,0.6137977269677016,0.7302631735801697,0.8612360473310704,0.13097287375090072,0.6809492419248517,0.6056034482758621
4,C_no_daily,dev1,chips,5d_5pct,curves,False,152,19,8,0.22058091454016168,0.6451526597842419,0.6118420958518982,0.7706393422141875,0.1587972463622893,0.757973391652998,0.6996047430830039
4,C_no_daily,dev1,chips,5d_8pct,curves,False,152,19,8,0.2659037448978168,0.7599635058567206,0.44078946113586426,0.6884931992392985,0.24770373810343427,0.7395961369622476,0.648014440433213
4,C_no_daily,dev1,optics,1d_3pct,curves,False,228,19,12,0.23151020523074425,0.654060923698143,0.5745614171028137,0.5032059095536415,0.07135550754917219,0.6419296450775164,0.5147058823529411
4,C_no_daily,dev1,optics,1d_5pct,curves,False,228,19,12,0.2141710933304362,0.6142819404843081,0.35087719559669495,0.33986777263254825,0.011009422964146698,0.6483952702702703,0.5825242718446602
4,C_no_daily,dev1,optics,1d_8pct,curves,False,228,19,12,0.12442002289090354,0.4108312153527712,0.14473684132099152,0.1972808824069868,0.05254404108599528,0.6248640248640249,0.5145833333333333
4,C_no_daily,dev1,optics,3d_3pct,curves,False,228,19,12,0.18782496438402854,0.5632191128154873,0.7105262875556946,0.7828348460911223,0.07230855853542772,0.6990273101384212,0.5979228486646885
4,C_no_daily,dev1,optics,3d_5pct,curves,False,228,19,12,0.24457761264309583,0.6947902138791184,0.5175438523292542,0.6648175555914551,0.1472737032622009,0.6798151001540832,0.582392776523702
4,C_no_daily,dev1,optics,3d_8pct,curves,False,228,19,12,0.23063294514610103,0.65710667895074,0.359649121761322,0.5266297159093479,0.1669805941480259,0.71015703307718,0.6152019002375297
4,C_no_daily,dev1,optics,5d_3pct,curves,False,228,19,12,0.1733506516437899,0.534809571308072,0.7543859481811523,0.8584885332013144,0.10410258502016201,0.7354651162790697,0.6677631578947368
4,C_no_daily,dev1,optics,5d_5pct,curves,False,228,19,12,0.23651537955231106,0.681715483446806,0.5789473652839661,0.7692380113173697,0.19029064603340362,0.7584438131313131,0.6926713947990544
4,C_no_daily,dev1,optics,5d_8pct,curves,False,228,19,12,0.24922295679730447,0.7028955785552552,0.4385964870452881,0.6684413623962363,0.22984487535094822,0.7757812500000001,0.7266355140186916
4,C_no_daily,dev1,storage,1d_3pct,curves,False,76,19,4,0.25945247101735536,0.7126332603895471,0.6184210777282715,0.45070748689592344,0.16771359083234805,0.5847395451210565,0.5739644970414202
4,C_no_daily,dev1,storage,1d_5pct,curves,False,76,19,4,0.22785784934863873,0.6433146009126155,0.3947368562221527,0.2855904143356634,0.10914644188648931,0.7086956521739131,0.7397660818713451
4,C_no_daily,dev1,storage,1d_8pct,curves,False,76,19,4,0.17124327587055377,0.5189720749443562,0.22368420660495758,0.1878733209447842,0.035810885660173375,0.6271186440677966,0.6491935483870968
4,C_no_daily,dev1,storage,3d_3pct,curves,False,76,19,4,0.1461614401803415,0.46371497618945795,0.7894737124443054,0.7553188439028267,0.034154868541478756,0.7270833333333333,0.7347826086956522
4,C_no_daily,dev1,storage,3d_5pct,curves,False,76,19,4,0.1894246484531183,0.5645041549501686,0.6842105388641357,0.605616160832984,0.07859437803115177,0.750801282051282,0.7582781456953642
4,C_no_daily,dev1,storage,3d_8pct,curves,False,76,19,4,0.22139607115644283,0.6318664712236748,0.5,0.4824307294973671,0.017569270502632905,0.6966759002770083,0.7301136363636364
4,C_no_daily,dev1,storage,5d_3pct,curves,False,76,19,4,0.1359508928312308,0.4254142997204731,0.8157894611358643,0.8383084995603076,0.02251903842444336,0.751152073732719,0.7735849056603774
4,C_no_daily,dev1,storage,5d_5pct,curves,False,76,19,4,0.15848662306138395,0.4869631843806868,0.7631579041481018,0.7352960567444631,0.02786184740363873,0.7624521072796935,0.78515625
4,C_no_daily,dev1,storage,5d_8pct,curves,False,76,19,4,0.20429351401323795,0.5945344914413946,0.5921052694320679,0.6657697542321507,0.07366448480008281,0.746236559139785,0.7631578947368421
4,C_no_daily,dev2,chips,1d_3pct,curves,False,160,20,8,0.24562135158363171,0.684807849983869,0.4000000059604645,0.4210879969890959,0.021087991028631403,0.5302734375,0.43679775280898875
4,C_no_daily,dev2,chips,1d_5pct,curves,False,160,20,8,0.16643511222724944,0.5157892270317719,0.20000000298023224,0.24737471315578435,0.047374710175552115,0.547119140625,0.4625
4,C_no_daily,dev2,chips,1d_8pct,curves,False,160,20,8,0.0927327303496762,0.34058772443342217,0.10000000149011612,0.10123460736943861,0.0012346058793224896,0.49652777777777773,0.3888888888888889
4,C_no_daily,dev2,chips,3d_3pct,curves,False,160,20,8,0.2682876216308374,0.7480018095709182,0.5874999761581421,0.6800842336465027,0.09258425748836063,0.4753384912959381,0.4441489361702128
4,C_no_daily,dev2,chips,3d_5pct,curves,False,160,20,8,0.2801159104710796,0.7605794759991775,0.40625,0.5233205780959805,0.11707057809598054,0.48453441295546557,0.4030261348005502
4,C_no_daily,dev2,chips,3d_8pct,curves,False,160,20,8,0.23340228910735225,0.6680170351077518,0.28125,0.3280707347632054,0.04682073476320542,0.4703381642512078,0.38617200674536256
4,C_no_daily,dev2,chips,5d_3pct,curves,False,160,20,8,0.23601483135932272,0.6948911921219352,0.6875,0.7702204274801773,0.08272042748017727,0.4838181818181818,0.46107784431137727
4,C_no_daily,dev2,chips,5d_5pct,curves,False,160,20,8,0.2951868052200056,0.8124905789322743,0.5062500238418579,0.653554744857237,0.14730472101537906,0.4972651976871386,0.43124165554072097
4,C_no_daily,dev2,chips,5d_8pct,curves,False,160,20,8,0.2816139991453423,0.7666791095410227,0.34375,0.46730026691723825,0.12355026691723825,0.4614718614718614,0.3661119515885023
4,C_no_daily,dev2,optics,1d_3pct,curves,False,240,20,12,0.2581313564200704,0.7108812636615949,0.5375000238418579,0.4264939259851533,0.11100609785670462,0.5656819610307982,0.4117091595845137
4,C_no_daily,dev2,optics,1d_5pct,curves,False,240,20,12,0.22090673103341849,0.637388251156982,0.3291666805744171,0.24302614379565188,0.08614053677876524,0.6136488717666484,0.5148514851485149
4,C_no_daily,dev2,optics,1d_8pct,curves,False,240,20,12,0.1675069716236345,0.5667792044204375,0.19166666269302368,0.09026395189623738,0.1014027107967863,0.5268937696100404,0.47928994082840237
4,C_no_daily,dev2,optics,3d_3pct,curves,False,240,20,12,0.23123100884794515,0.6621930523482153,0.6833333373069763,0.6842175479095733,0.0008842106025970242,0.47930038510911427,0.37735849056603776
4,C_no_daily,dev2,optics,3d_5pct,curves,False,240,20,12,0.25699367712851573,0.7089886008442546,0.5333333611488342,0.5153671778984918,0.017966183250342382,0.5401088169642857,0.37475915221579964
4,C_no_daily,dev2,optics,3d_8pct,curves,False,240,20,12,0.26429098090332187,0.7358316432488003,0.40416666865348816,0.3190977565117277,0.08506891214176043,0.5119313676014707,0.42084562438544737
4,C_no_daily,dev2,optics,5d_3pct,curves,False,240,20,12,0.18916654413692277,0.5802108003941486,0.7749999761581421,0.7700489619876816,0.00495101417046051,0.45380326563122253,0.39367088607594936
4,C_no_daily,dev2,optics,5d_5pct,curves,False,240,20,12,0.24094976761584672,0.6861942741536844,0.6208333373069763,0.6511967964196795,0.030363459112703217,0.5507780809794232,0.4155712841253792
4,C_no_daily,dev2,optics,5d_8pct,curves,False,240,20,12,0.2694871478505286,0.7374700529432723,0.5208333134651184,0.45549850228002087,0.06533481118509754,0.5358608695652174,0.4503441494591937
4,C_no_daily,dev2,storage,1d_3pct,curves,False,80,20,4,0.2643796818076984,0.7221162915098853,0.5249999761581421,0.5109049334991129,0.014095042659029167,0.3784461152882206,0.3641025641025641
4,C_no_daily,dev2,storage,1d_5pct,curves,False,80,20,4,0.21754733489924433,0.6253650411160004,0.3125,0.3058784075561292,0.006621592443870783,0.5294545454545455,0.5364431486880467
4,C_no_daily,dev2,storage,1d_8pct,curves,False,80,20,4,0.2156006393223954,0.6765595774561083,0.25,0.1211164854607423,0.1288835145392577,0.4225,0.44256756756756754
4,C_no_daily,dev2,storage,3d_3pct,curves,False,80,20,4,0.2666123099473004,0.7654371439130353,0.6625000238418579,0.7434320223568626,0.08093199851500466,0.3221523410202656,0.3162393162393162
4,C_no_daily,dev2,storage,3d_5pct,curves,False,80,20,4,0.29958609602373887,0.8038137072544908,0.550000011920929,0.6092350889926841,0.05923507707175513,0.3137626262626262,0.3197969543147208
4,C_no_daily,dev2,storage,3d_8pct,curves,False,80,20,4,0.31331971165095734,0.8298710236113956,0.42500001192092896,0.41107164415170355,0.013928367769225403,0.34271099744245526,0.35384615384615387
4,C_no_daily,dev2,storage,5d_3pct,curves,False,80,20,4,0.1970171733124741,0.6253228207866282,0.7749999761581421,0.8338565030408303,0.058856526882688165,0.31810035842293904,0.3273381294964029
4,C_no_daily,dev2,storage,5d_5pct,curves,False,80,20,4,0.2502010287676899,0.7251095735212416,0.6875,0.7438542145385512,0.05635421453855116,0.3570909090909091,0.3498542274052478
4,C_no_daily,dev2,storage,5d_8pct,curves,False,80,20,4,0.29164515534715907,0.792203195195232,0.5625,0.5581229099182214,0.004377090081778556,0.41968253968253966,0.44529262086513993
5,B_group,dev1,chips,1d_3pct,bagging,False,152,19,8,0.2508661725940349,0.6971622531325546,0.4934210479259491,0.3907666836878632,0.10265436423808588,0.6015584415584416,0.4288079470198676
5,B_group,dev1,chips,1d_5pct,bagging,False,152,19,8,0.20041323739569603,0.5969522081851312,0.30921053886413574,0.26331291737133644,0.0458976214927993,0.6761904761904762,0.5057034220532319
5,B_group,dev1,chips,1d_8pct,bagging,False,152,19,8,0.10842993778274827,0.3659294376477831,0.125,0.08023922462347456,0.04476077537652544,0.6715472892758211,0.4827586206896552
5,B_group,dev1,chips,3d_3pct,bagging,False,152,19,8,0.19274032387600118,0.5742708608626649,0.6907894611358643,0.6965210030267365,0.005731541890872216,0.6597771023302939,0.5405982905982906
5,B_group,dev1,chips,3d_5pct,bagging,False,152,19,8,0.22480675042583656,0.6411509549979566,0.5394737124443054,0.5676101352903606,0.02813642284605522,0.6601045296167248,0.5692041522491349
5,B_group,dev1,chips,3d_8pct,bagging,False,152,19,8,0.18954783712605316,0.5572500504509614,0.32894736528396606,0.35785484997432315,0.028907484690357088,0.7307843137254902,0.6056603773584905
5,B_group,dev1,chips,5d_3pct,bagging,False,152,19,8,0.18960207274578947,0.5675303327271946,0.7302631735801697,0.8056590729107653,0.07539589933059565,0.6613931004174908,0.5517241379310345
5,B_group,dev1,chips,5d_5pct,bagging,False,152,19,8,0.20932019458876064,0.6104771841509163,0.6118420958518982,0.7005631911671293,0.08872109531523109,0.7215236012392929,0.6185770750988142
5,B_group,dev1,chips,5d_8pct,bagging,False,152,19,8,0.20696696373452647,0.6032374226212377,0.44078946113586426,0.4967432094135441,0.05595374827767985,0.7446883230904302,0.7129963898916968
5,B_group,dev1,optics,1d_3pct,bagging,False,228,19,12,0.24983654693375879,0.695470967596631,0.5745614171028137,0.4090833169735798,0.16547810012923392,0.6624695049972457,0.5158371040723982
5,B_group,dev1,optics,1d_5pct,bagging,False,228,19,12,0.19537030346097334,0.5770907074552218,0.35087719559669495,0.31855568930226164,0.03232150629443331,0.7347128378378378,0.5776699029126213
5,B_group,dev1,optics,1d_8pct,bagging,False,228,19,12,0.11939296183171849,0.3897340157253621,0.14473684132099152,0.09602355414172516,0.04871328717926636,0.7053613053613054,0.521875
5,B_group,dev1,optics,3d_3pct,bagging,False,228,19,12,0.17546473788982828,0.5331565254723208,0.7105262875556946,0.7020664063809253,0.008459881174769257,0.7239057239057238,0.6172106824925816
5,B_group,dev1,optics,3d_5pct,bagging,False,228,19,12,0.21764069299734146,0.6262172894781259,0.5175438523292542,0.5848965385278947,0.06735268619864054,0.7106317411402158,0.6151241534988713
5,B_group,dev1,optics,3d_8pct,bagging,False,228,19,12,0.20728110772986208,0.5948921107273767,0.359649121761322,0.392786599660432,0.03313747789910998,0.6889408620113598,0.5950118764845606
5,B_group,dev1,optics,5d_3pct,bagging,False,228,19,12,0.1677538384293127,0.5183535516430677,0.7543859481811523,0.8086350796720861,0.0542491314909338,0.6720307308970099,0.6036184210526315
5,B_group,dev1,optics,5d_5pct,bagging,False,228,19,12,0.22790181724374475,0.6571334256413448,0.5789473652839661,0.7188337836124333,0.13988641832846727,0.6998895202020202,0.5898345153664303
5,B_group,dev1,optics,5d_8pct,bagging,False,228,19,12,0.2180889459330577,0.6255038029179302,0.4385964870452881,0.5148055736439575,0.07620908659866943,0.7106640624999999,0.6337616822429907
5,B_group,dev1,storage,1d_3pct,bagging,False,76,19,4,0.3042507024689092,0.8133391689185461,0.6184210777282715,0.40856920405697567,0.20985187367129582,0.41966250917094644,0.4230769230769231
5,B_group,dev1,storage,1d_5pct,bagging,False,76,19,4,0.2582534006717901,0.7347349864030397,0.3947368562221527,0.2813878737430673,0.11334898247908543,0.5471014492753623,0.5526315789473685
5,B_group,dev1,storage,1d_8pct,bagging,False,76,19,4,0.1900177630722865,0.6191318578950944,0.22368420660495758,0.08476792830703643,0.13891627829792114,0.5972083748753738,0.6129032258064516
5,B_group,dev1,storage,3d_3pct,bagging,False,76,19,4,0.16364145208669542,0.5073386026696851,0.7894737124443054,0.7179414169414982,0.07153229550280726,0.6625,0.6695652173913044
5,B_group,dev1,storage,3d_5pct,bagging,False,76,19,4,0.20763426977177837,0.6051974996824854,0.6842105388641357,0.5760684028080145,0.10814213605612122,0.673076923076923,0.6887417218543046
5,B_group,dev1,storage,3d_8pct,bagging,False,76,19,4,0.217527618386806,0.6192730486856322,0.5,0.3813314106150682,0.1186685893849318,0.7389196675900277,0.7414772727272727
5,B_group,dev1,storage,5d_3pct,bagging,False,76,19,4,0.1443077267883648,0.45271367265320434,0.8157894611358643,0.8109747691558292,0.004814691980035035,0.6970046082949309,0.7028301886792453
5,B_group,dev1,storage,5d_5pct,bagging,False,76,19,4,0.1526297026448313,0.4770824467606515,0.7631579041481018,0.732195681146962,0.03096222300113982,0.7461685823754789,0.7265625
5,B_group,dev1,storage,5d_8pct,bagging,False,76,19,4,0.18126032154666152,0.5478950368848498,0.5921052694320679,0.51915150158531,0.07295376784675789,0.8422939068100359,0.8304093567251462
5,B_group,dev2,chips,1d_3pct,bagging,False,160,20,8,0.2277021819516575,0.6468842853246581,0.4000000059604645,0.47345103610814665,0.07345103014768217,0.67919921875,0.648876404494382
5,B_group,dev2,chips,1d_5pct,bagging,False,160,20,8,0.13525929471793394,0.43136391315206823,0.20000000298023224,0.26397630240931474,0.0639762994290825,0.795166015625,0.8
5,B_group,dev2,chips,1d_8pct,bagging,False,160,20,8,0.08385355995928619,0.2862508935535709,0.10000000149011612,0.11112820244703625,0.011128200956920131,0.7339409722222222,0.5740740740740741
5,B_group,dev2,chips,3d_3pct,bagging,False,160,20,8,0.2536936230156973,0.704888316934207,0.5874999761581421,0.7251997012111646,0.13769972505302253,0.63571889103804,0.598404255319149
5,B_group,dev2,chips,3d_5pct,bagging,False,160,20,8,0.24206573326803066,0.6765242783133196,0.40625,0.5156080581880975,0.10935805818809752,0.5887449392712552,0.5096286107290234
5,B_group,dev2,chips,3d_8pct,bagging,False,160,20,8,0.20654090532845437,0.5996219920819679,0.28125,0.3824503818863578,0.10120038188635783,0.6344927536231885,0.47470489038785835
5,B_group,dev2,chips,5d_3pct,bagging,False,160,20,8,0.22454719849851967,0.6496764021445897,0.6875,0.7942085655905067,0.10670856559050668,0.5520909090909092,0.4476047904191617
5,B_group,dev2,chips,5d_5pct,bagging,False,160,20,8,0.2570227279299907,0.7082489682799759,0.5062500238418579,0.620341228794197,0.11409120495233904,0.5829817158931083,0.43991989319092123
5,B_group,dev2,chips,5d_8pct,bagging,False,160,20,8,0.2595507890591723,0.7129773887478865,0.34375,0.5587492590702136,0.21499925907021356,0.6611255411255411,0.6013615733736762
5,B_group,dev2,optics,1d_3pct,bagging,False,240,20,12,0.21991942088503116,0.6319456413898068,0.5375000238418579,0.5027641795470902,0.034735844294767726,0.7528807877645085,0.7176581680830972
5,B_group,dev2,optics,1d_5pct,bagging,False,240,20,12,0.17590345844879723,0.5229133475577937,0.3291666805744171,0.31289830443650396,0.016268376137913154,0.8002201430930105,0.7326732673267327
5,B_group,dev2,optics,1d_8pct,bagging,False,240,20,12,0.141791369375691,0.4355158976491763,0.19166666269302368,0.13418865565684918,0.057478007036174505,0.7524652622142537,0.6597633136094675
5,B_group,dev2,optics,3d_3pct,bagging,False,240,20,12,0.20792568998534414,0.604578142782282,0.6833333373069763,0.7230830923120285,0.03974975500505218,0.6481867779204109,0.5828092243186582
5,B_group,dev2,optics,3d_5pct,bagging,False,240,20,12,0.2273161263092622,0.6461962994803123,0.5333333611488342,0.5308040077739734,0.002529353374860821,0.6410086495535714,0.5481695568400771
5,B_group,dev2,optics,3d_8pct,bagging,False,240,20,12,0.22277698085659406,0.6290738125461547,0.40416666865348816,0.414675259078838,0.01050859042534985,0.6327950400115349,0.49262536873156343
5,B_group,dev2,optics,5d_3pct,bagging,False,240,20,12,0.17331030396896294,0.5308876858220831,0.7749999761581421,0.7960030224285096,0.02100304627036753,0.5479390681003584,0.4563291139240506
5,B_group,dev2,optics,5d_5pct,bagging,False,240,20,12,0.21839029562061568,0.6285515066628662,0.6208333373069763,0.6261778567087821,0.005344519401805803,0.6351500848145143,0.5176946410515673
5,B_group,dev2,optics,5d_8pct,bagging,False,240,20,12,0.22406094898749646,0.6387000305970091,0.5208333134651184,0.5427450309764771,0.021911717511358675,0.6662608695652174,0.6135693215339233
5,B_group,dev2,storage,1d_3pct,bagging,False,80,20,4,0.24844776341578614,0.6904852888081177,0.5249999761581421,0.5744635552136219,0.04946357905547982,0.5820802005012532,0.5743589743589743
5,B_group,dev2,storage,1d_5pct,bagging,False,80,20,4,0.19462355212467106,0.575485596638451,0.3125,0.38752132726071326,0.07502132726071326,0.7381818181818182,0.7317784256559767
5,B_group,dev2,storage,1d_8pct,bagging,False,80,20,4,0.18176229294140606,0.550998966628755,0.25,0.19652898350780243,0.05347101649219757,0.6175,0.6081081081081081
5,B_group,dev2,storage,3d_3pct,bagging,False,80,20,4,0.234066335694156,0.6665441540265407,0.6625000238418579,0.7696511614593715,0.1071511376175136,0.5877009084556254,0.584045584045584
5,B_group,dev2,storage,3d_5pct,bagging,False,80,20,4,0.24940060664317829,0.6920057600468648,0.550000011920929,0.5779163878829235,0.02791637596199459,0.4943181818181818,0.467005076142132
5,B_group,dev2,storage,3d_8pct,bagging,False,80,20,4,0.25922685314411176,0.7118439516794552,0.42500001192092896,0.531050164465803,0.10605015254487404,0.4667519181585678,0.46794871794871795
5,B_group,dev2,storage,5d_3pct,bagging,False,80,20,4,0.18070208703503066,0.5546695437679074,0.7749999761581421,0.8318452061361373,0.05684522997799524,0.3848566308243727,0.4028776978417266
5,B_group,dev2,storage,5d_5pct,bagging,False,80,20,4,0.21618067355630233,0.6241317000409324,0.6875,0.678439700361319,0.009060299638681046,0.4618181818181818,0.45626822157434405
5,B_group,dev2,storage,5d_8pct,bagging,False,80,20,4,0.26577913796885744,0.7285786610326136,0.5625,0.6661612503064775,0.10366125030647755,0.3771428571428571,0.3638676844783715
5,B_no_group,dev1,chips,1d_3pct,bagging,False,152,19,8,0.25516610142746476,0.7030374945965708,0.4934210479259491,0.3453984167720202,0.14802263115392889,0.62995670995671,0.48509933774834435
5,B_no_group,dev1,chips,1d_5pct,bagging,False,152,19,8,0.20421642771051082,0.6057121298034894,0.30921053886413574,0.20807084814059099,0.10113969072354476,0.6905775075987842,0.5456273764258555
5,B_no_group,dev1,chips,1d_8pct,bagging,False,152,19,8,0.10963147862159243,0.3699575804936581,0.125,0.08485265740851944,0.04014734259148056,0.6489908982983775,0.45517241379310347
5,B_no_group,dev1,chips,3d_3pct,bagging,False,152,19,8,0.1883878292397241,0.5629136822188917,0.6907894611358643,0.6998048228506402,0.009015361714775905,0.6964539007092198,0.5811965811965812
5,B_no_group,dev1,chips,3d_5pct,bagging,False,152,19,8,0.2154732915452937,0.6211414978678893,0.5394737124443054,0.5833259996947733,0.04385228725046786,0.7142857142857142,0.6384083044982699
5,B_no_group,dev1,chips,3d_8pct,bagging,False,152,19,8,0.18989249187004095,0.5583053468739834,0.32894736528396606,0.37253130241896376,0.0435839371349977,0.7392156862745098,0.6188679245283019
5,B_no_group,dev1,chips,5d_3pct,bagging,False,152,19,8,0.18795057789311603,0.56159737764981,0.7302631735801697,0.796554258349866,0.06629108476969636,0.6734783564051856,0.5560344827586207
5,B_no_group,dev1,chips,5d_5pct,bagging,False,152,19,8,0.21163275867549142,0.6129265574964368,0.6118420958518982,0.7164212272640812,0.104579131412183,0.7412064880626936,0.66600790513834
5,B_no_group,dev1,chips,5d_8pct,bagging,False,152,19,8,0.23110394275970844,0.6577149698768182,0.44078946113586426,0.6107039078015647,0.16991444666570044,0.7471466198419666,0.7166064981949458
5,B_no_group,dev1,optics,1d_3pct,bagging,False,228,19,12,0.26680862427030183,0.7298933498488567,0.5745614171028137,0.36436747593304686,0.21019394116976686,0.6533406783662548,0.4830316742081448
5,B_no_group,dev1,optics,1d_5pct,bagging,False,228,19,12,0.2125580449272618,0.6147405725470452,0.35087719559669495,0.2582040065140674,0.09267318908262756,0.6918074324324324,0.5
5,B_no_group,dev1,optics,1d_8pct,bagging,False,228,19,12,0.11966716875859468,0.39246333705821274,0.14473684132099152,0.10247622522423153,0.04226061609675999,0.6854700854700855,0.5125
5,B_no_group,dev1,optics,3d_3pct,bagging,False,228,19,12,0.17676014574251392,0.536793873159878,0.7105262875556946,0.7013468938122619,0.009179393743432684,0.6994014216236438,0.5949554896142433
5,B_no_group,dev1,optics,3d_5pct,bagging,False,228,19,12,0.2218458398865401,0.6340228524864743,0.5175438523292542,0.6017298393183533,0.08418598698909918,0.7048536209553159,0.6094808126410836
5,B_no_group,dev1,optics,3d_8pct,bagging,False,228,19,12,0.20987934951695078,0.601134586255166,0.359649121761322,0.407336061313114,0.047686939551791985,0.6876879385232209,0.5843230403800475
5,B_no_group,dev1,optics,5d_3pct,bagging,False,228,19,12,0.1622833437761595,0.5057414192017101,0.7543859481811523,0.7980864381960384,0.04370049001488607,0.6731727574750831,0.5953947368421053
5,B_no_group,dev1,optics,5d_5pct,bagging,False,228,19,12,0.23053337551133088,0.6639177380673487,0.5789473652839661,0.7334767842975625,0.1545294190135964,0.704861111111111,0.5886524822695035
5,B_no_group,dev1,optics,5d_8pct,bagging,False,228,19,12,0.25330975868528594,0.7098290442067163,0.4385964870452881,0.6363246957824459,0.1977282087371578,0.69921875,0.6320093457943925
5,B_no_group,dev1,storage,1d_3pct,bagging,False,76,19,4,0.3146457366316407,0.8390718784940429,0.6184210777282715,0.354459540164036,0.26396153756423546,0.4856933235509905,0.44970414201183434
5,B_no_group,dev1,storage,1d_5pct,bagging,False,76,19,4,0.2636954312555392,0.7497106453021045,0.3947368562221527,0.21676405786274652,0.1779727983594062,0.6152173913043478,0.6081871345029239
5,B_no_group,dev1,storage,1d_8pct,bagging,False,76,19,4,0.1892143639358176,0.6085544147987805,0.22368420660495758,0.08817761130870634,0.13550659529625125,0.6141575274177468,0.6048387096774194
5,B_no_group,dev1,storage,3d_3pct,bagging,False,76,19,4,0.16241788710005575,0.5033531580775088,0.7894737124443054,0.7247972543146323,0.06467645812967315,0.684375,0.7130434782608696
5,B_no_group,dev1,storage,3d_5pct,bagging,False,76,19,4,0.20284008085824684,0.5958458318670684,0.6842105388641357,0.5918587816400595,0.09235175722407629,0.7003205128205129,0.7152317880794702
5,B_no_group,dev1,storage,3d_8pct,bagging,False,76,19,4,0.2097048267580266,0.6018495982711278,0.5,0.4003664348124416,0.09963356518755839,0.7534626038781163,0.75
5,B_no_group,dev1,storage,5d_3pct,bagging,False,76,19,4,0.14000978625010296,0.4442659817770484,0.8157894611358643,0.8116356331718224,0.004153827964041845,0.7062211981566819,0.75
5,B_no_group,dev1,storage,5d_5pct,bagging,False,76,19,4,0.1444064170253246,0.455614326302495,0.7631579041481018,0.7317064215964157,0.03145148255168606,0.8093869731800766,0.81640625
5,B_no_group,dev1,storage,5d_8pct,bagging,False,76,19,4,0.17558283075954123,0.5309504919071483,0.5921052694320679,0.6289592666712185,0.036853997239150615,0.8121863799283154,0.7894736842105263
5,B_no_group,dev2,chips,1d_3pct,bagging,False,160,20,8,0.25337652754059653,0.7004877565492033,0.4000000059604645,0.5551299878210653,0.15512998186060079,0.6440429687499999,0.5435393258426966
5,B_no_group,dev2,chips,1d_5pct,bagging,False,160,20,8,0.15578445855089956,0.4827282334041924,0.20000000298023224,0.2979199206315548,0.09791991765132257,0.728515625,0.6791666666666667
5,B_no_group,dev2,chips,1d_8pct,bagging,False,160,20,8,0.08535402364304245,0.2922969752116057,0.10000000149011612,0.12321225338028881,0.02321225189017269,0.7252604166666667,0.5703703703703704
5,B_no_group,dev2,chips,3d_3pct,bagging,False,160,20,8,0.2529457875202965,0.7030958641924164,0.5874999761581421,0.709826342721401,0.1223263665632589,0.5942940038684721,0.5186170212765957
5,B_no_group,dev2,chips,3d_5pct,bagging,False,160,20,8,0.25667117715387816,0.7069998890988376,0.40625,0.5796690498530813,0.17341904985308132,0.6595951417004049,0.5887207702888583
5,B_no_group,dev2,chips,3d_8pct,bagging,False,160,20,8,0.20998207577181033,0.6077056185756138,0.28125,0.3922894825867905,0.11103948258679053,0.6156521739130435,0.44013490725126475
5,B_no_group,dev2,chips,5d_3pct,bagging,False,160,20,8,0.22396126667981586,0.6469438140852043,0.6875,0.802836828977749,0.115336828977749,0.6286363636363638,0.6047904191616766
5,B_no_group,dev2,chips,5d_5pct,bagging,False,160,20,8,0.2649779442838797,0.7261934365654195,0.5062500238418579,0.6765965384822469,0.17034651464038897,0.6623691201750272,0.609479305740988
5,B_no_group,dev2,chips,5d_8pct,bagging,False,160,20,8,0.24567627008757054,0.6842954002433762,0.34375,0.530653029423581,0.18690302942358095,0.6647619047619048,0.5824508320726173
5,B_no_group,dev2,optics,1d_3pct,bagging,False,240,20,12,0.234169924598823,0.6622914738473663,0.5375000238418579,0.5871784250713471,0.04967840122948919,0.6714854389272995,0.5656279508970727
5,B_no_group,dev2,optics,1d_5pct,bagging,False,240,20,12,0.20037610245254137,0.5785515009640477,0.3291666805744171,0.3396046706263303,0.010437990051913204,0.6713578111486752,0.5093509350935094
5,B_no_group,dev2,optics,1d_8pct,bagging,False,240,20,12,0.1427991651010992,0.44318071406300696,0.19166666269302368,0.14997672504224718,0.0416899376507765,0.7185118780815778,0.584319526627219
5,B_no_group,dev2,optics,3d_3pct,bagging,False,240,20,12,0.2097152339064043,0.6093016431482771,0.6833333373069763,0.7074394272227806,0.02410608991580432,0.6199454428754815,0.5157232704402516
5,B_no_group,dev2,optics,3d_5pct,bagging,False,240,20,12,0.23063476272261932,0.653235727175339,0.5333333611488342,0.5832061720640783,0.04987281091524409,0.6496930803571428,0.5298651252408478
5,B_no_group,dev2,optics,3d_8pct,bagging,False,240,20,12,0.22180425724878017,0.6268905517265836,0.40416666865348816,0.4250924388176769,0.02092577016418873,0.6435729219234374,0.5132743362831859
5,B_no_group,dev2,optics,5d_3pct,bagging,False,240,20,12,0.17178835283276642,0.5259826071994117,0.7749999761581421,0.8019053239131019,0.026905347754959785,0.6055854241338112,0.5905063291139241
5,B_no_group,dev2,optics,5d_5pct,bagging,False,240,20,12,0.21427396586114691,0.6183343488253044,0.6208333373069763,0.6829745162539598,0.062141178946983455,0.7113356442215503,0.6587462082912032
5,B_no_group,dev2,optics,5d_8pct,bagging,False,240,20,12,0.22317413575576628,0.6370756150429445,0.5208333134651184,0.527394234640597,0.0065609211754785735,0.6724173913043477,0.5683382497541789
5,B_no_group,dev2,storage,1d_3pct,bagging,False,80,20,4,0.2771374224000086,0.75390799146157,0.5249999761581421,0.6884237980458486,0.16342382188770654,0.5357142857142858,0.5487179487179488
5,B_no_group,dev2,storage,1d_5pct,bagging,False,80,20,4,0.21554107661766975,0.6224769278573783,0.3125,0.46025818220147413,0.14775818220147413,0.6909090909090909,0.7055393586005831
5,B_no_group,dev2,storage,1d_8pct,bagging,False,80,20,4,0.18141430102788622,0.5536579762145095,0.25,0.2294082809491565,0.020591719050843504,0.5608333333333333,0.5472972972972973
5,B_no_group,dev2,storage,3d_3pct,bagging,False,80,20,4,0.23176938207251543,0.6599621940291883,0.6625000238418579,0.7521109657803082,0.08961094193845032,0.5157232704402516,0.5042735042735043
5,B_no_group,dev2,storage,3d_5pct,bagging,False,80,20,4,0.26243754413374143,0.7206341900304474,0.550000011920929,0.6622833870014497,0.11228337508052078,0.47916666666666663,0.48984771573604063
5,B_no_group,dev2,storage,3d_8pct,bagging,False,80,20,4,0.2672125177325433,0.7286279609356366,0.42500001192092896,0.5452094947346027,0.12020948281367372,0.4680306905370844,0.45897435897435895
5,B_no_group,dev2,storage,5d_3pct,bagging,False,80,20,4,0.17798269370560474,0.5454064836713302,0.7749999761581421,0.8331090711096067,0.05810909495146466,0.49686379928315405,0.5
5,B_no_group,dev2,storage,5d_5pct,bagging,False,80,20,4,0.21734412740916573,0.6273784840738876,0.6875,0.7397000010025142,0.05220000100251421,0.47745454545454546,0.4606413994169096
5,B_no_group,dev2,storage,5d_8pct,bagging,False,80,20,4,0.25144383313063096,0.6967635883539124,0.5625,0.6287703459813015,0.06627034598130155,0.4653968253968254,0.455470737913486
5,C_group,dev1,chips,1d_3pct,regularization,False,152,19,8,0.21931595388830666,0.6285934557676939,0.4934210479259491,0.4648755256620977,0.028545522263851375,0.7220779220779221,0.6076158940397351
5,C_group,dev1,chips,1d_5pct,regularization,False,152,19,8,0.1978885529959689,0.577966039177309,0.30921053886413574,0.3340799350629952,0.024869396198859473,0.6713272543059777,0.5342205323193916
5,C_group,dev1,chips,1d_8pct,regularization,False,152,19,8,0.10616009869150327,0.3583016524904016,0.125,0.1705114958029111,0.04551149580291111,0.6865848832607835,0.6586206896551724
5,C_group,dev1,chips,3d_3pct,regularization,False,152,19,8,0.18686424513672847,0.5536283172537191,0.6907894611358643,0.7317484495871133,0.04095898845124901,0.790273556231003,0.7051282051282052
5,C_group,dev1,chips,3d_5pct,regularization,False,152,19,8,0.20945143276966272,0.6084048835918479,0.5394737124443054,0.6167521554968198,0.07727844305251441,0.7719512195121951,0.6730103806228374
5,C_group,dev1,chips,3d_8pct,regularization,False,152,19,8,0.19748750319175715,0.580202094093061,0.32894736528396606,0.43226986295583353,0.10332249767186746,0.7519607843137255,0.6584905660377358
5,C_group,dev1,chips,5d_3pct,regularization,False,152,19,8,0.176322846574122,0.5281935239748087,0.7302631735801697,0.7793706947370439,0.04910752115687422,0.7734563832124808,0.7198275862068966
5,C_group,dev1,chips,5d_5pct,regularization,False,152,19,8,0.20159011863574255,0.5847217515746543,0.6118420958518982,0.7172268615591115,0.10538476570721333,0.8204847822125021,0.7213438735177866
5,C_group,dev1,chips,5d_8pct,regularization,False,152,19,8,0.22214220923752293,0.6335340748691298,0.44078946113586426,0.5914987131072861,0.15070925197142182,0.8036874451273046,0.6787003610108303
5,C_group,dev1,optics,1d_3pct,regularization,False,228,19,12,0.2169345304096031,0.6242728790331266,0.5745614171028137,0.5217421765974141,0.052819240505399656,0.6542850397418746,0.5214932126696833
5,C_group,dev1,optics,1d_5pct,regularization,False,228,19,12,0.21104641368091273,0.6063464566532422,0.35087719559669495,0.39312996790377125,0.0422527723070763,0.6377533783783784,0.4550970873786408
5,C_group,dev1,optics,1d_8pct,regularization,False,228,19,12,0.12255232736341952,0.40097458197081903,0.14473684132099152,0.2050144806369543,0.06027763931596278,0.6456876456876457,0.55
5,C_group,dev1,optics,3d_3pct,regularization,False,228,19,12,0.1851974035656392,0.5581127840068948,0.7105262875556946,0.7703167915770411,0.05979050402134656,0.6524504302282079,0.5044510385756676
5,C_group,dev1,optics,3d_5pct,regularization,False,228,19,12,0.245775632379449,0.6984448858963099,0.5175438523292542,0.6830019160914,0.1654580637621459,0.6547765793528506,0.5067720090293454
5,C_group,dev1,optics,3d_8pct,regularization,False,228,19,12,0.23175297414998444,0.650447076533235,0.359649121761322,0.5022199280346289,0.14257080627330687,0.6401603742064819,0.5213776722090261
5,C_group,dev1,optics,5d_3pct,regularization,False,228,19,12,0.16701415485241125,0.5164893563810427,0.7543859481811523,0.8171285853944433,0.06274263721329099,0.6591569767441859,0.48519736842105265
5,C_group,dev1,optics,5d_5pct,regularization,False,228,19,12,0.24331791715126927,0.7035611923342464,0.5789473652839661,0.7700649075455511,0.19111754226158506,0.6823705808080808,0.5591016548463357
5,C_group,dev1,optics,5d_8pct,regularization,False,228,19,12,0.25560584816937976,0.7131534790007662,0.4385964870452881,0.6422617850009542,0.20366529795566612,0.682890625,0.5712616822429907
5,C_group,dev1,storage,1d_3pct,regularization,False,76,19,4,0.23742301377568983,0.6677614591796451,0.6184210777282715,0.5256507823596606,0.09277029536861092,0.59501100513573,0.5680473372781065
5,C_group,dev1,storage,1d_5pct,regularization,False,76,19,4,0.2271993225555158,0.6458054176511231,0.3947368562221527,0.36813776667891596,0.026599089543236754,0.6420289855072464,0.6432748538011696
5,C_group,dev1,storage,1d_8pct,regularization,False,76,19,4,0.16712875088307896,0.511875009495573,0.22368420660495758,0.18512687776522746,0.03855732883973012,0.674975074775673,0.6814516129032258
5,C_group,dev1,storage,3d_3pct,regularization,False,76,19,4,0.15816056324666233,0.4906961990394395,0.7894737124443054,0.7891257409921447,0.00034797145216070025,0.7260416666666666,0.7043478260869566
5,C_group,dev1,storage,3d_5pct,regularization,False,76,19,4,0.19806902022591347,0.5809956975368656,0.6842105388641357,0.6815149310349785,0.0026956078291572316,0.7211538461538461,0.7019867549668874
5,C_group,dev1,storage,3d_8pct,regularization,False,76,19,4,0.23370568109701886,0.6604077229182652,0.5,0.4962431411185882,0.0037568588814118065,0.6949445983379502,0.6889204545454546
5,C_group,dev1,storage,5d_3pct,regularization,False,76,19,4,0.14610277990633436,0.46318148927294456,0.8157894611358643,0.8436194054152955,0.027829944279431196,0.6762672811059908,0.6650943396226415
5,C_group,dev1,storage,5d_5pct,regularization,False,76,19,4,0.16659072878855447,0.5047388232039222,0.7631579041481018,0.7934843679391728,0.030326463791070957,0.7595785440613028,0.74609375
5,C_group,dev1,storage,5d_8pct,regularization,False,76,19,4,0.22092583382843495,0.6282562772856688,0.5921052694320679,0.659499053474819,0.06739378404275109,0.7677419354838709,0.7573099415204678
5,C_group,dev2,chips,1d_3pct,regularization,False,160,20,8,0.2206424110867883,0.6316090898152298,0.4000000059604645,0.41929884448651933,0.01929883852605485,0.6705729166666666,0.6474719101123596
5,C_group,dev2,chips,1d_5pct,regularization,False,160,20,8,0.17079311609897369,0.5115471418816633,0.20000000298023224,0.27957610792379495,0.07957610494356271,0.630615234375,0.4791666666666667
5,C_group,dev2,chips,1d_8pct,regularization,False,160,20,8,0.09170219232445413,0.30431794281463215,0.10000000149011612,0.11958782507035966,0.019587823580243538,0.7009548611111112,0.5
5,C_group,dev2,chips,3d_3pct,regularization,False,160,20,8,0.25678842357689735,0.7210114770105533,0.5874999761581421,0.7403091335553482,0.15280915739720613,0.622501611863314,0.601063829787234
5,C_group,dev2,chips,3d_5pct,regularization,False,160,20,8,0.2759234839902525,0.763993181345475,0.40625,0.5933943950056316,0.18714439500563163,0.6006477732793523,0.4896836313617607
5,C_group,dev2,chips,3d_8pct,regularization,False,160,20,8,0.22770008870927305,0.6437930560043968,0.28125,0.40031857839796026,0.11906857839796026,0.6127536231884058,0.45193929173693087
5,C_group,dev2,chips,5d_3pct,regularization,False,160,20,8,0.233151304736319,0.6897291141063793,0.6875,0.8287754361039041,0.14127543610390414,0.6005454545454545,0.5374251497005988
5,C_group,dev2,chips,5d_5pct,regularization,False,160,20,8,0.2994653139965699,0.8568785019164868,0.5062500238418579,0.7379705872939454,0.23172056345208747,0.5883731833098922,0.465954606141522
5,C_group,dev2,chips,5d_8pct,regularization,False,160,20,8,0.27476239622687765,0.7566258750687377,0.34375,0.549908426335037,0.206158426335037,0.5915151515151515,0.4145234493192133
5,C_group,dev2,optics,1d_3pct,regularization,False,240,20,12,0.22524849642409153,0.645832118272642,0.5375000238418579,0.49543679666608137,0.04206322717577654,0.7010964452824917,0.5977337110481586
5,C_group,dev2,optics,1d_5pct,regularization,False,240,20,12,0.2077543461225349,0.5938442125549259,0.3291666805744171,0.37843971170484314,0.049273031130426026,0.6674266844877742,0.46094609460946095
5,C_group,dev2,optics,1d_8pct,regularization,False,240,20,12,0.14849479753901484,0.4550254718305615,0.19166666269302368,0.18232925379882825,0.009337408894195431,0.668646346929628,0.507396449704142
5,C_group,dev2,optics,3d_3pct,regularization,False,240,20,12,0.21675987136635264,0.6322842343996543,0.6833333373069763,0.771735247137729,0.08840190983075269,0.6465019255455713,0.5230607966457024
5,C_group,dev2,optics,3d_5pct,regularization,False,240,20,12,0.25522696819678725,0.7232519857786869,0.5333333611488342,0.6640002827546554,0.13066692160582116,0.6183035714285715,0.39980732177263967
5,C_group,dev2,optics,3d_8pct,regularization,False,240,20,12,0.2468999737115172,0.6893513575583033,0.40416666865348816,0.5004837212957802,0.09631705264229207,0.626919472280297,0.40707964601769914
5,C_group,dev2,optics,5d_3pct,regularization,False,240,20,12,0.18364150602264903,0.5700902597640675,0.7749999761581421,0.8470866418707514,0.07208666571260935,0.6131023496614894,0.4936708860759494
5,C_group,dev2,optics,5d_5pct,regularization,False,240,20,12,0.2454830061313874,0.7408739947923896,0.6208333373069763,0.7824586791926588,0.16162534188568245,0.6160483811490522,0.391304347826087
5,C_group,dev2,optics,5d_8pct,regularization,False,240,20,12,0.24849940325811198,0.7019303411798343,0.5208333134651184,0.6190509332408648,0.09821761977574639,0.6181565217391304,0.36578171091445427
5,C_group,dev2,storage,1d_3pct,regularization,False,80,20,4,0.2426011941934147,0.6786116850105925,0.5249999761581421,0.5674613478014088,0.04246137164326669,0.6203007518796992,0.5769230769230769
5,C_group,dev2,storage,1d_5pct,regularization,False,80,20,4,0.24458856701728723,0.6814079622254161,0.3125,0.4225742944468097,0.11007429444680972,0.4443636363636364,0.40524781341107874
5,C_group,dev2,storage,1d_8pct,regularization,False,80,20,4,0.21050433256644724,0.6333444986065295,0.25,0.18995622489676417,0.06004377510323583,0.3816666666666667,0.3614864864864865
5,C_group,dev2,storage,3d_3pct,regularization,False,80,20,4,0.2587123808699432,0.7518279355753321,0.6625000238418579,0.8438218497271798,0.18132182588532186,0.4682040531097135,0.4074074074074074
5,C_group,dev2,storage,3d_5pct,regularization,False,80,20,4,0.31296886877432345,0.8613999476155104,0.550000011920929,0.7569879243232611,0.20698791240233216,0.33712121212121215,0.2918781725888325
5,C_group,dev2,storage,3d_8pct,regularization,False,80,20,4,0.3183953434827244,0.8421073081656296,0.42500001192092896,0.5853741552267501,0.16037414330582112,0.28196930946291565,0.23076923076923078
5,C_group,dev2,storage,5d_3pct,regularization,False,80,20,4,0.1975289800136515,0.6490311650793601,0.7749999761581421,0.911432101263005,0.1364321251048629,0.3333333333333333,0.27697841726618705
5,C_group,dev2,storage,5d_5pct,regularization,False,80,20,4,0.26808522656618805,0.837362218822619,0.6875,0.8766004361850651,0.1891004361850651,0.24145454545454542,0.1982507288629737
5,C_group,dev2,storage,5d_8pct,regularization,False,80,20,4,0.3132587023007468,0.8568263734888081,0.5625,0.7292097924217897,0.16670979242178974,0.2006349206349206,0.13994910941475827
5,C_no_group,dev1,chips,1d_3pct,regularization,False,152,19,8,0.21989132113249943,0.629145267487511,0.4934210479259491,0.5038907389643071,0.010469691038358042,0.6954112554112555,0.40894039735099336
5,C_no_group,dev1,chips,1d_5pct,regularization,False,152,19,8,0.1951558533383234,0.569290365588288,0.30921053886413574,0.35418967504420734,0.0449791361800716,0.6875379939209727,0.4372623574144487
5,C_no_group,dev1,chips,1d_8pct,regularization,False,152,19,8,0.110702823586465,0.3786161414805561,0.125,0.06681632846158211,0.058183671538417886,0.6117926394934705,0.3103448275862069
5,C_no_group,dev1,chips,3d_3pct,regularization,False,152,19,8,0.21894789829220992,0.6394063206071385,0.6907894611358643,0.844377163349851,0.15358770221398677,0.7073961499493414,0.3952991452991453
5,C_no_group,dev1,chips,3d_5pct,regularization,False,152,19,8,0.25607389401780156,0.7265496534585746,0.5394737124443054,0.7333006803978181,0.19382696795351273,0.6843205574912892,0.4342560553633218
5,C_no_group,dev1,chips,3d_8pct,regularization,False,152,19,8,0.24698330283804898,0.6900132988305153,0.32894736528396606,0.5583578518683349,0.2294104865843688,0.697843137254902,0.39622641509433965
5,C_no_group,dev1,chips,5d_3pct,regularization,False,152,19,8,0.22336723113802112,0.7098961466374271,0.7302631735801697,0.9209280723576395,0.19066489877746984,0.6879806635904198,0.45689655172413796
5,C_no_group,dev1,chips,5d_5pct,regularization,False,152,19,8,0.2883590237951632,0.871247229680893,0.6118420958518982,0.8868321456365696,0.27499004978467145,0.6967377437579733,0.41106719367588934
5,C_no_group,dev1,chips,5d_8pct,regularization,False,152,19,8,0.30854150846713896,0.868792243578168,0.44078946113586426,0.7539575169710858,0.31316805583522156,0.6783143107989464,0.3916967509025271
5,C_no_group,dev1,optics,1d_3pct,regularization,False,228,19,12,0.21040866571258898,0.612164096587942,0.5745614171028137,0.5699785277006851,0.004582889402128587,0.6947351853309199,0.5226244343891403
5,C_no_group,dev1,optics,1d_5pct,regularization,False,228,19,12,0.20451267496620604,0.5880680784053173,0.35087719559669495,0.39399019195663715,0.0431129963599422,0.7068412162162162,0.5230582524271845
5,C_no_group,dev1,optics,1d_8pct,regularization,False,228,19,12,0.11745411011217705,0.3861996320226249,0.14473684132099152,0.09841278429847478,0.04632405702251674,0.7190365190365191,0.4354166666666667
5,C_no_group,dev1,optics,3d_3pct,regularization,False,228,19,12,0.2010138111395423,0.6227344676640099,0.7105262875556946,0.8477363318285611,0.13721004427286654,0.691638608305275,0.3961424332344214
5,C_no_group,dev1,optics,3d_5pct,regularization,False,228,19,12,0.2618602691825572,0.7560119905005421,0.5175438523292542,0.7336521383871673,0.2161082860579131,0.6855161787365177,0.49887133182844245
5,C_no_group,dev1,optics,3d_8pct,regularization,False,228,19,12,0.24719131497555258,0.6985049045280353,0.359649121761322,0.5594960988618274,0.19984697710050536,0.6937854994988306,0.504750593824228
5,C_no_group,dev1,optics,5d_3pct,regularization,False,228,19,12,0.20466423889237634,0.689886594629057,0.7543859481811523,0.9278001226012272,0.1734141744200749,0.6455564784053156,0.39144736842105265
5,C_no_group,dev1,optics,5d_5pct,regularization,False,228,19,12,0.3019712599443386,0.927415255626206,0.5789473652839661,0.8755340801934768,0.2965867149095107,0.6984690656565656,0.5200945626477541
5,C_no_group,dev1,optics,5d_8pct,regularization,False,228,19,12,0.2935487500790303,0.844511690793295,0.4385964870452881,0.7295722551600091,0.29097576811472103,0.71140625,0.5537383177570093
5,C_no_group,dev1,storage,1d_3pct,regularization,False,76,19,4,0.2430179361646793,0.6796622859841609,0.6184210777282715,0.6011621795160557,0.017258898212215823,0.4644167278063096,0.41420118343195267
5,C_no_group,dev1,storage,1d_5pct,regularization,False,76,19,4,0.2462219399839064,0.6857216684436453,0.3947368562221527,0.4426521018468107,0.04791524562465799,0.5050724637681159,0.45614035087719296
5,C_no_group,dev1,storage,1d_8pct,regularization,False,76,19,4,0.19461248611290105,0.6391755456136865,0.22368420660495758,0.0827147814432984,0.14096942516165917,0.48654037886340973,0.49193548387096775
5,C_no_group,dev1,storage,3d_3pct,regularization,False,76,19,4,0.17834077138696958,0.5683479754515153,0.7894737124443054,0.9023891689269627,0.11291545648265733,0.55,0.4956521739130435
5,C_no_group,dev1,storage,3d_5pct,regularization,False,76,19,4,0.23506397509181334,0.6810688997280071,0.6842105388641357,0.8301970668173704,0.14598652795323463,0.5544871794871795,0.4966887417218543
5,C_no_group,dev1,storage,3d_8pct,regularization,False,76,19,4,0.28900190333164083,0.7841474664208006,0.5,0.680082663357398,0.18008266335739798,0.49168975069252074,0.4943181818181818
5,C_no_group,dev1,storage,5d_3pct,regularization,False,76,19,4,0.17102842221572817,0.6267826494064622,0.8157894611358643,0.9590578136251446,0.14326835248928038,0.47465437788018433,0.4669811320754717
5,C_no_group,dev1,storage,5d_5pct,regularization,False,76,19,4,0.21278706075305384,0.7232059834228926,0.7631579041481018,0.9424725043554063,0.1793146002073045,0.5229885057471264,0.46875
5,C_no_group,dev1,storage,5d_8pct,regularization,False,76,19,4,0.30925245251442,0.8796713019868886,0.5921052694320679,0.8585750357610603,0.26646976632899244,0.621505376344086,0.564327485380117
5,C_no_group,dev2,chips,1d_3pct,regularization,False,160,20,8,0.23802474738944931,0.6697303627369876,0.4000000059604645,0.48477071099734187,0.08477070503687739,0.6455078124999999,0.4901685393258427
5,C_no_group,dev2,chips,1d_5pct,regularization,False,160,20,8,0.15604430890141266,0.4867572913713847,0.20000000298023224,0.21793915894160185,0.017939155961369607,0.622314453125,0.4375
5,C_no_group,dev2,chips,1d_8pct,regularization,False,160,20,8,0.08674703014012444,0.2971180950860394,0.10000000149011612,0.0882894580408997,0.011710543449216418,0.6744791666666666,0.3925925925925926
5,C_no_group,dev2,chips,3d_3pct,regularization,False,160,20,8,0.2580259115241218,0.7228157537568924,0.5874999761581421,0.6950282250008949,0.1075282488427528,0.5517408123791103,0.4175531914893617
5,C_no_group,dev2,chips,3d_5pct,regularization,False,160,20,8,0.2633874592669817,0.724672543216397,0.40625,0.5443158450579599,0.13806584505795994,0.5690688259109312,0.33837689133425036
5,C_no_group,dev2,chips,3d_8pct,regularization,False,160,20,8,0.20179479886693716,0.5928209777895657,0.28125,0.3336970024096405,0.05244700240964051,0.6251207729468599,0.4300168634064081
5,C_no_group,dev2,chips,5d_3pct,regularization,False,160,20,8,0.23576726006535065,0.694883524382593,0.6875,0.819973628231551,0.13247362823155096,0.5252727272727272,0.3997005988023952
5,C_no_group,dev2,chips,5d_5pct,regularization,False,160,20,8,0.2814117932075243,0.7733642714522391,0.5062500238418579,0.6609684018503339,0.154718378008476,0.54461634630411,0.32309746328437916
5,C_no_group,dev2,chips,5d_8pct,regularization,False,160,20,8,0.2448734907776111,0.683869277757412,0.34375,0.4670837650504801,0.1233337650504801,0.5864935064935065,0.3524962178517398
5,C_no_group,dev2,optics,1d_3pct,regularization,False,240,20,12,0.23695415208706413,0.6700896246894751,0.5375000238418579,0.5415178342199011,0.004017810378043163,0.6326559117256791,0.3909348441926346
5,C_no_group,dev2,optics,1d_5pct,regularization,False,240,20,12,0.20852357628178783,0.6017108523304266,0.3291666805744171,0.24960501383986144,0.07956166673455567,0.6646748958251435,0.34983498349834985
5,C_no_group,dev2,optics,1d_8pct,regularization,False,240,20,12,0.15292921728225384,0.4835174042377746,0.19166666269302368,0.10491999929291967,0.08674666340010401,0.6878081577767816,0.46005917159763315
5,C_no_group,dev2,optics,3d_3pct,regularization,False,240,20,12,0.2188575687221616,0.6374862161196634,0.6833333373069763,0.7051637304607453,0.021830393153769,0.5678754813863929,0.3050314465408805
5,C_no_group,dev2,optics,3d_5pct,regularization,False,240,20,12,0.23753675429074964,0.6703869505217342,0.5333333611488342,0.5528149413229547,0.019481580174120494,0.6072823660714286,0.3015414258188825
5,C_no_group,dev2,optics,3d_8pct,regularization,False,240,20,12,0.2319386651409278,0.6521360470177103,0.40416666865348816,0.3442782991295258,0.05988836952396237,0.6168985653521736,0.3608652900688299
5,C_no_group,dev2,optics,5d_3pct,regularization,False,240,20,12,0.18324906993004914,0.5709999013586157,0.7749999761581421,0.8343844711313245,0.05938449497318243,0.5128434886499402,0.2772151898734177
5,C_no_group,dev2,optics,5d_5pct,regularization,False,240,20,12,0.22960438781425985,0.6608915162269396,0.6208333373069763,0.6642589243143723,0.04342558700739596,0.5860314182461833,0.29322548028311424
5,C_no_group,dev2,optics,5d_8pct,regularization,False,240,20,12,0.24742938952162055,0.6880770243518805,0.5208333134651184,0.467662160428315,0.05317115303680342,0.5893565217391303,0.319567354965585
5,C_no_group,dev2,storage,1d_3pct,regularization,False,80,20,4,0.25067992835397745,0.6946689735879454,0.5249999761581421,0.5903634080734912,0.0653634319153491,0.5789473684210527,0.5487179487179488
5,C_no_group,dev2,storage,1d_5pct,regularization,False,80,20,4,0.2158696606667863,0.6240340332806555,0.3125,0.29151310037211,0.02098689962789002,0.5192727272727273,0.6326530612244898
5,C_no_group,dev2,storage,1d_8pct,regularization,False,80,20,4,0.2064442306888167,0.6382710051919472,0.25,0.1184317885566784,0.1315682114433216,0.4833333333333334,0.6182432432432432
5,C_no_group,dev2,storage,3d_3pct,regularization,False,80,20,4,0.2328800393073231,0.6649147964711148,0.6625000238418579,0.7787572720582135,0.11625724821635564,0.5925925925925927,0.584045584045584
5,C_no_group,dev2,storage,3d_5pct,regularization,False,80,20,4,0.25791917312196266,0.7115721559333225,0.550000011920929,0.6734463442561772,0.12344633233524827,0.5789141414141414,0.6269035532994924
5,C_no_group,dev2,storage,3d_8pct,regularization,False,80,20,4,0.2450575595465992,0.6831931541176771,0.42500001192092896,0.44389113192678165,0.01889112000585269,0.5281329923273658,0.5871794871794872
5,C_no_group,dev2,storage,5d_3pct,regularization,False,80,20,4,0.18220862969094323,0.5651139057049959,0.7749999761581421,0.8703718924858652,0.09537191632772313,0.5627240143369177,0.5755395683453237
5,C_no_group,dev2,storage,5d_5pct,regularization,False,80,20,4,0.22130048352121073,0.6409268885020196,0.6875,0.7754411246848497,0.08794112468484971,0.5549090909090908,0.5451895043731778
5,C_no_group,dev2,storage,5d_8pct,regularization,False,80,20,4,0.24810172159759283,0.6897643680138847,0.5625,0.6007324761722292,0.038232476172229246,0.5288888888888889,0.5190839694656488
5,C_no_daily,dev1,chips,1d_3pct,regularization,True,152,19,8,0.23677790142228083,0.6660602582505374,0.4934210479259491,0.5235639614989553,0.030142913573006247,0.5930735930735931,0.42549668874172186
5,C_no_daily,dev1,chips,1d_5pct,regularization,True,152,19,8,0.20394956281443374,0.5946040923547267,0.30921053886413574,0.36201417065156005,0.05280363178742431,0.6162107396149948,0.47338403041825095
5,C_no_daily,dev1,chips,1d_8pct,regularization,True,152,19,8,0.11186440976379969,0.3803796064206351,0.125,0.20502470054090574,0.08002470054090574,0.6450336367233874,0.45517241379310347
5,C_no_daily,dev1,chips,3d_3pct,regularization,True,152,19,8,0.2033544471011314,0.5961051008600208,0.6907894611358643,0.7674369574302538,0.0766474962943895,0.6172239108409322,0.4166666666666667
5,C_no_daily,dev1,chips,3d_5pct,regularization,True,152,19,8,0.23568599816218247,0.6646193800148176,0.5394737124443054,0.6387507171903699,0.09927700474606449,0.6334494773519164,0.4204152249134948
5,C_no_daily,dev1,chips,3d_8pct,regularization,True,152,19,8,0.2273849941350193,0.6425239729929263,0.32894736528396606,0.49557947441052796,0.1666321091265619,0.6652941176470587,0.4528301886792453
5,C_no_daily,dev1,chips,5d_3pct,regularization,True,152,19,8,0.19697517708482667,0.5908427309713946,0.7302631735801697,0.8420689680375305,0.11180579445736083,0.6277741155789937,0.44612068965517243
5,C_no_daily,dev1,chips,5d_5pct,regularization,True,152,19,8,0.23153281808951515,0.6599178028880612,0.6118420958518982,0.7585974006849584,0.1467553048330602,0.6828868234007655,0.46047430830039526
5,C_no_daily,dev1,chips,5d_8pct,regularization,True,152,19,8,0.2624571883853366,0.7225799749903189,0.44078946113586426,0.6443804845781879,0.2035910234423236,0.6484635645302897,0.4584837545126354
5,C_no_daily,dev1,optics,1d_3pct,regularization,True,228,19,12,0.23732974809497795,0.667590258698975,0.5745614171028137,0.5239243127984833,0.05063710430433044,0.6389391673880539,0.417420814479638
5,C_no_daily,dev1,optics,1d_5pct,regularization,True,228,19,12,0.22041200355373197,0.631461596834111,0.35087719559669495,0.3677078444928028,0.016830648896107858,0.6331081081081081,0.4696601941747573
5,C_no_daily,dev1,optics,1d_8pct,regularization,True,228,19,12,0.12443462717301428,0.41462303579172033,0.14473684132099152,0.20572745681099755,0.060990615490006034,0.6363636363636364,0.42291666666666666
5,C_no_daily,dev1,optics,3d_3pct,regularization,True,228,19,12,0.1977153048265239,0.5819808689515985,0.7105262875556946,0.7690048300536965,0.058478542498001884,0.7103441825664049,0.37833827893175076
5,C_no_daily,dev1,optics,3d_5pct,regularization,True,228,19,12,0.25322406453910834,0.7002002173536046,0.5175438523292542,0.6452624309808154,0.12771857865156122,0.6899075500770415,0.45711060948081267
5,C_no_daily,dev1,optics,3d_8pct,regularization,True,228,19,12,0.23169903690914287,0.655045538995411,0.359649121761322,0.49265665488142324,0.13300753312010122,0.6845138656866022,0.45368171021377673
5,C_no_daily,dev1,optics,5d_3pct,regularization,True,228,19,12,0.18151391264097017,0.5481659367838106,0.7543859481811523,0.8410292517785111,0.08664330359735872,0.7034883720930232,0.4161184210526316
5,C_no_daily,dev1,optics,5d_5pct,regularization,True,228,19,12,0.26156970397073515,0.7246206342144828,0.5789473652839661,0.7599239731213675,0.18097660783740144,0.6997316919191918,0.491725768321513
5,C_no_daily,dev1,optics,5d_8pct,regularization,True,228,19,12,0.27139289967565455,0.7380229253155933,0.4385964870452881,0.6427546327951015,0.2041581457498134,0.70390625,0.5070093457943925
5,C_no_daily,dev1,storage,1d_3pct,regularization,True,76,19,4,0.23936895012539436,0.6717443802282453,0.6184210777282715,0.558421077731567,0.05999999999670447,0.4739545121056493,0.40828402366863903
5,C_no_daily,dev1,storage,1d_5pct,regularization,True,76,19,4,0.24110268972681997,0.6754242268595929,0.3947368562221527,0.390188028347288,0.004548827874864714,0.3710144927536232,0.347953216374269
5,C_no_daily,dev1,storage,1d_8pct,regularization,True,76,19,4,0.17659449495904914,0.5403011872818256,0.22368420660495758,0.21523650943826556,0.008447697166692025,0.3469591226321037,0.29435483870967744
5,C_no_daily,dev1,storage,3d_3pct,regularization,True,76,19,4,0.16519823378858675,0.5114233169691471,0.7894737124443054,0.8016839463785125,0.01221023393420706,0.609375,0.5478260869565217
5,C_no_daily,dev1,storage,3d_5pct,regularization,True,76,19,4,0.21516599325593674,0.6215452439694517,0.6842105388641357,0.6825909288648454,0.001619609999290339,0.5657051282051282,0.47019867549668876
5,C_no_daily,dev1,storage,3d_8pct,regularization,True,76,19,4,0.2545031062830776,0.7022691251583486,0.5,0.5423039465818521,0.0423039465818521,0.48614958448753465,0.5397727272727273
5,C_no_daily,dev1,storage,5d_3pct,regularization,True,76,19,4,0.15282467675559416,0.48789723813411057,0.8157894611358643,0.8741774617218097,0.0583880005859454,0.5944700460829493,0.589622641509434
5,C_no_daily,dev1,storage,5d_5pct,regularization,True,76,19,4,0.18102653111573386,0.5481864752547385,0.7631579041481018,0.8015811985428808,0.038423294394778984,0.578544061302682,0.59375
5,C_no_daily,dev1,storage,5d_8pct,regularization,True,76,19,4,0.24815986072388824,0.6906821661547068,0.5921052694320679,0.6868687488245319,0.09476347939246399,0.5949820788530467,0.6403508771929824
5,C_no_daily,dev2,chips,1d_3pct,regularization,True,160,20,8,0.24124129936072566,0.6755515995631611,0.4000000059604645,0.4369414488791393,0.03694144291867485,0.5079752604166666,0.5646067415730337
5,C_no_daily,dev2,chips,1d_5pct,regularization,True,160,20,8,0.16396691283339718,0.5112463474359563,0.20000000298023224,0.2636230083841355,0.06362300540390325,0.52392578125,0.5166666666666667
5,C_no_daily,dev2,chips,1d_8pct,regularization,True,160,20,8,0.09089811260377802,0.32935094741289045,0.10000000149011612,0.13251686787639208,0.03251686638627596,0.6059027777777778,0.5407407407407407
5,C_no_daily,dev2,chips,3d_3pct,regularization,True,160,20,8,0.2544027034549209,0.7047658846980129,0.5874999761581421,0.695850564488932,0.10835058833078992,0.4206963249516441,0.3484042553191489
5,C_no_daily,dev2,chips,3d_5pct,regularization,True,160,20,8,0.2573101771771386,0.7078018721999108,0.40625,0.5353330789190947,0.12908307891909465,0.5261538461538462,0.5928473177441541
5,C_no_daily,dev2,chips,3d_8pct,regularization,True,160,20,8,0.21027463309100555,0.6122483628969515,0.28125,0.37116038987901917,0.08991038987901917,0.48483091787439614,0.5497470489038786
5,C_no_daily,dev2,chips,5d_3pct,regularization,True,160,20,8,0.21924302956055133,0.6323618951704393,0.6875,0.7564578571493573,0.06895785714935732,0.5332727272727272,0.5134730538922155
5,C_no_daily,dev2,chips,5d_5pct,regularization,True,160,20,8,0.26872497362527553,0.7323152469465823,0.5062500238418579,0.6443422555322587,0.13809223169040075,0.5067979371776841,0.5020026702269693
5,C_no_daily,dev2,chips,5d_8pct,regularization,True,160,20,8,0.25302329263731316,0.6991949704298995,0.34375,0.5090050734444681,0.1652550734444681,0.46961038961038964,0.43267776096822996
5,C_no_daily,dev2,optics,1d_3pct,regularization,True,240,20,12,0.25839697972861575,0.7100541409759565,0.5375000238418579,0.43486239400912274,0.10263762983273517,0.5446609400097773,0.5656279508970727
5,C_no_daily,dev2,optics,1d_5pct,regularization,True,240,20,12,0.2244060268767821,0.6423500605445971,0.3291666805744171,0.26625429540985385,0.06291238516456327,0.5354194512147182,0.5775577557755776
5,C_no_daily,dev2,optics,1d_8pct,regularization,True,240,20,12,0.1579152082470648,0.5001327543150343,0.19166666269302368,0.13680947232907623,0.054857190363947456,0.4980950246526221,0.5310650887573964
5,C_no_daily,dev2,optics,3d_3pct,regularization,True,240,20,12,0.21670247887855387,0.6250641945478468,0.6833333373069763,0.6928411817670299,0.009507844460053594,0.47601091142490376,0.39937106918238996
5,C_no_daily,dev2,optics,3d_5pct,regularization,True,240,20,12,0.24764655762650173,0.6884221447448003,0.5333333611488342,0.5309125396288891,0.00242082151994516,0.5606166294642857,0.5867052023121387
5,C_no_daily,dev2,optics,3d_8pct,regularization,True,240,20,12,0.2418523673569189,0.6768634341283127,0.40416666865348816,0.3705952408829901,0.03357142777049804,0.49938721072741693,0.5240904621435595
5,C_no_daily,dev2,optics,5d_3pct,regularization,True,240,20,12,0.17495597236349866,0.5347537844619258,0.7749999761581421,0.7496226813686353,0.025377294789506788,0.5064715252887296,0.5227848101265823
5,C_no_daily,dev2,optics,5d_5pct,regularization,True,240,20,12,0.23561175489317007,0.6641059442076261,0.6208333373069763,0.6379575404106356,0.017124203103659252,0.5127959289033114,0.5237613751263903
5,C_no_daily,dev2,optics,5d_8pct,regularization,True,240,20,12,0.2502220571107338,0.6935914470023832,0.5208333134651184,0.5076117572418823,0.013221556223236064,0.42052173913043484,0.39626352015732547
5,C_no_daily,dev2,storage,1d_3pct,regularization,True,80,20,4,0.255836663694431,0.7048811865450477,0.5249999761581421,0.44103676528253866,0.08396321087560343,0.5864661654135338,0.5512820512820513
5,C_no_daily,dev2,storage,1d_5pct,regularization,True,80,20,4,0.21716171657671318,0.6268395527554708,0.3125,0.2633462419229764,0.0491537580770236,0.5272727272727273,0.5481049562682215
5,C_no_daily,dev2,storage,1d_8pct,regularization,True,80,20,4,0.20127170910591374,0.6117901292260617,0.25,0.13090218591806105,0.11909781408193895,0.5908333333333333,0.5844594594594594
5,C_no_daily,dev2,storage,3d_3pct,regularization,True,80,20,4,0.22464727274786975,0.6418008926186652,0.6625000238418579,0.6986695501048574,0.03616952626299952,0.5618448637316562,0.48148148148148145
5,C_no_daily,dev2,storage,3d_5pct,regularization,True,80,20,4,0.24810702012884964,0.689361408266927,0.550000011920929,0.5435358002960171,0.006464211624911842,0.4621212121212121,0.4289340101522843
5,C_no_daily,dev2,storage,3d_8pct,regularization,True,80,20,4,0.24718458416266165,0.6877668754405952,0.42500001192092896,0.3731776847569505,0.05182232716397844,0.48721227621483376,0.45897435897435895
5,C_no_daily,dev2,storage,5d_3pct,regularization,True,80,20,4,0.17441047018245373,0.5332561833118372,0.7749999761581421,0.7634848716449303,0.011515104513211805,0.5277777777777778,0.4748201438848921
5,C_no_daily,dev2,storage,5d_5pct,regularization,True,80,20,4,0.21629426446747474,0.6243234280216351,0.6875,0.653594153482026,0.033905846517974014,0.47854545454545455,0.4139941690962099
5,C_no_daily,dev2,storage,5d_8pct,regularization,True,80,20,4,0.24833092647414895,0.6898079013714005,0.5625,0.5153438492715152,0.04715615072848478,0.4898412698412699,0.4541984732824427
6,B_group,dev1,chips,1d_3pct,curves,True,152,19,8,0.2340418044774866,0.6641022104900344,0.4934210479259491,0.4516611997797501,0.041759848146198986,0.6306493506493507,0.445364238410596
6,B_group,dev1,chips,1d_5pct,curves,True,152,19,8,0.20618313827545043,0.6019307167429913,0.30921053886413574,0.32541375777146725,0.016203218907331507,0.6437689969604863,0.4467680608365019
6,B_group,dev1,chips,1d_8pct,curves,True,152,19,8,0.11154225531880646,0.36916707975119084,0.125,0.15962204338679403,0.03462204338679403,0.6383062920459042,0.5103448275862069
6,B_group,dev1,chips,3d_3pct,curves,True,152,19,8,0.19737480896362566,0.5814559323798033,0.6907894611358643,0.7716532596391298,0.08086379850326553,0.6986828774062817,0.5982905982905983
6,B_group,dev1,chips,3d_5pct,curves,True,152,19,8,0.23025687711784093,0.6536975541789399,0.5394737124443054,0.6279278395212745,0.08845412707696909,0.694425087108014,0.6176470588235294
6,B_group,dev1,chips,3d_8pct,curves,True,152,19,8,0.2032578060873565,0.586370778264515,0.32894736528396606,0.45066219168993094,0.12171482640596487,0.7607843137254903,0.6566037735849056
6,B_group,dev1,chips,5d_3pct,curves,True,152,19,8,0.19059688584418835,0.5697186005098643,0.7302631735801697,0.8378376943982009,0.1075745208180312,0.7079762689518787,0.6508620689655172
6,B_group,dev1,chips,5d_5pct,curves,True,152,19,8,0.24392440948043018,0.6885230587509744,0.6118420958518982,0.7718915270184196,0.16004943116652137,0.6916347731000546,0.6284584980237155
6,B_group,dev1,chips,5d_8pct,curves,True,152,19,8,0.21866644722403075,0.6276144184438571,0.44078946113586426,0.545577441712313,0.10478798057644878,0.7522388059701492,0.6895306859205776
6,B_group,dev1,optics,1d_3pct,curves,True,228,19,12,0.2306236568619675,0.6566031831574364,0.5745614171028137,0.48901519732024257,0.08554621978257115,0.650664987801999,0.4638009049773756
6,B_group,dev1,optics,1d_5pct,curves,True,228,19,12,0.21557802656296568,0.6140410226953353,0.35087719559669495,0.36565377297483753,0.014776577378142586,0.641722972972973,0.433252427184466
6,B_group,dev1,optics,1d_8pct,curves,True,228,19,12,0.12688978920083283,0.4117412805253692,0.14473684132099152,0.1897850288882628,0.045048187567271275,0.6287490287490287,0.41875
6,B_group,dev1,optics,3d_3pct,curves,True,228,19,12,0.1847181210454501,0.5569859852441507,0.7105262875556946,0.7656138719157284,0.0550875843600338,0.6568462401795735,0.49258160237388726
6,B_group,dev1,optics,3d_5pct,curves,True,228,19,12,0.23340908255402346,0.6634319241793003,0.5175438523292542,0.6288107796589464,0.11126692732969223,0.6498459167950693,0.5191873589164786
6,B_group,dev1,optics,3d_8pct,curves,True,228,19,12,0.2282483581731083,0.6382461248624742,0.359649121761322,0.4973225705471111,0.13767344878578908,0.6941196124290011,0.5807600950118765
6,B_group,dev1,optics,5d_3pct,curves,True,228,19,12,0.16418419778179252,0.5071709118267146,0.7543859481811523,0.8263814983280896,0.07199555014693726,0.707641196013289,0.5970394736842105
6,B_group,dev1,optics,5d_5pct,curves,True,228,19,12,0.24131294101510586,0.6953191867914803,0.5789473652839661,0.7645876545802852,0.18564028929631915,0.7073074494949495,0.6099290780141844
6,B_group,dev1,optics,5d_8pct,curves,True,228,19,12,0.22808118906541502,0.6461848551381189,0.4385964870452881,0.5658630948960949,0.1272666078508068,0.7240234375,0.655373831775701
6,B_group,dev1,storage,1d_3pct,curves,True,76,19,4,0.27246128613395537,0.7404923731054716,0.6184210777282715,0.4854620813950601,0.1329589963332114,0.4607483492296405,0.47041420118343197
6,B_group,dev1,storage,1d_5pct,curves,True,76,19,4,0.227549111995201,0.644125618442838,0.3947368562221527,0.3501887763875599,0.0445480798345928,0.6246376811594203,0.5964912280701754
6,B_group,dev1,storage,1d_8pct,curves,True,76,19,4,0.16311346262308465,0.4927919771598061,0.22368420660495758,0.17187163316177734,0.05181257344318024,0.7138584247258225,0.717741935483871
6,B_group,dev1,storage,3d_3pct,curves,True,76,19,4,0.14431855465552018,0.454978150632841,0.7894737124443054,0.7864436137147625,0.0030300987295429627,0.7822916666666666,0.7739130434782608
6,B_group,dev1,storage,3d_5pct,curves,True,76,19,4,0.1702609844656608,0.5215605232846724,0.6842105388641357,0.6397288961567964,0.04448164270733934,0.8084935897435898,0.8211920529801324
6,B_group,dev1,storage,3d_8pct,curves,True,76,19,4,0.1792004076132982,0.5364038286629969,0.5,0.4980140481501378,0.001985951849862222,0.8386426592797784,0.8636363636363636
6,B_group,dev1,storage,5d_3pct,curves,True,76,19,4,0.1343400599951018,0.42564689490580554,0.8157894611358643,0.8419414947185434,0.026152033582679146,0.773041474654378,0.7924528301886793
6,B_group,dev1,storage,5d_5pct,curves,True,76,19,4,0.14337000018473214,0.44884961831841036,0.7631579041481018,0.7746856175413537,0.01152771339325187,0.82183908045977,0.84765625
6,B_group,dev1,storage,5d_8pct,curves,True,76,19,4,0.1770043652996625,0.5407177121070784,0.5921052694320679,0.5640672765961221,0.02803799283594577,0.8326164874551971,0.8435672514619883
6,B_group,dev2,chips,1d_3pct,curves,True,160,20,8,0.2178068072187088,0.626205791465608,0.4000000059604645,0.47548950512322874,0.07548949916276426,0.7156575520833334,0.6811797752808989
6,B_group,dev2,chips,1d_5pct,curves,True,160,20,8,0.14315731455009528,0.45250212985772026,0.20000000298023224,0.25750538514222165,0.057505382161989416,0.7786865234375,0.7875
6,B_group,dev2,chips,1d_8pct,curves,True,160,20,8,0.09107940588040411,0.3099303879582354,0.10000000149011612,0.1230107281643091,0.023010726674192974,0.6480034722222222,0.4444444444444444
6,B_group,dev2,chips,3d_3pct,curves,True,160,20,8,0.2503216549138722,0.6977197828338799,0.5874999761581421,0.721311993084192,0.13381201692604994,0.6531270148291425,0.6476063829787234
6,B_group,dev2,chips,3d_5pct,curves,True,160,20,8,0.2468540729960776,0.6872667866147191,0.40625,0.5540322223905341,0.14778222239053407,0.6816194331983807,0.6588720770288858
6,B_group,dev2,chips,3d_8pct,curves,True,160,20,8,0.20554537294737701,0.59767805947202,0.28125,0.39211050254191365,0.11086050254191365,0.6608695652173913,0.5413153456998314
6,B_group,dev2,chips,5d_3pct,curves,True,160,20,8,0.22447883322938872,0.6483416321033981,0.6875,0.7708865156586653,0.08338651565866528,0.5200909090909092,0.3787425149700599
6,B_group,dev2,chips,5d_5pct,curves,True,160,20,8,0.27294248808992994,0.7449078754319645,0.5062500238418579,0.6629039505534191,0.1566539267115612,0.5522737927801219,0.4392523364485981
6,B_group,dev2,chips,5d_8pct,curves,True,160,20,8,0.2385253051112899,0.6683895956580603,0.34375,0.4876272976738608,0.14387729767386082,0.6557575757575758,0.5869894099848714
6,B_group,dev2,optics,1d_3pct,curves,True,240,20,12,0.21465220094857512,0.6214511425500445,0.5375000238418579,0.5131776472555017,0.024322376586356165,0.7465605140023744,0.6949952785646837
6,B_group,dev2,optics,1d_5pct,curves,True,240,20,12,0.19188475223515267,0.5582800314485797,0.3291666805744171,0.29055697158145566,0.038609708992961456,0.7548549414262127,0.6875687568756875
6,B_group,dev2,optics,1d_8pct,curves,True,240,20,12,0.15292940168265498,0.4749451604284502,0.19166666269302368,0.14113028976639574,0.05053637292662794,0.6339085611833258,0.4437869822485207
6,B_group,dev2,optics,3d_3pct,curves,True,240,20,12,0.20447954147375977,0.5958903258456939,0.6833333373069763,0.7253682664102729,0.04203492910329654,0.689545892169448,0.6771488469601677
6,B_group,dev2,optics,3d_5pct,curves,True,240,20,12,0.2184672256849127,0.6276000710897874,0.5333333611488342,0.5627877674506637,0.029454406301829494,0.7516392299107143,0.7013487475915221
6,B_group,dev2,optics,3d_8pct,curves,True,240,20,12,0.215303941513726,0.614251077641638,0.40416666865348816,0.4164424984334523,0.012275829779964165,0.676519356931728,0.567354965585054
6,B_group,dev2,optics,5d_3pct,curves,True,240,20,12,0.1756241454987338,0.5362496764245593,0.7749999761581421,0.7708496209188141,0.004150355239327941,0.5415173237753883,0.4468354430379747
6,B_group,dev2,optics,5d_5pct,curves,True,240,20,12,0.21818465919267602,0.6282680462578424,0.6208333373069763,0.6670909810799114,0.046257643772935064,0.6214691348919537,0.48483316481294236
6,B_group,dev2,optics,5d_8pct,curves,True,240,20,12,0.2252826337129766,0.6401354789159815,0.5208333134651184,0.4854034274756565,0.035429885989461896,0.6604173913043477,0.571779744346116
6,B_group,dev2,storage,1d_3pct,curves,True,80,20,4,0.23706271439536009,0.6668527455252041,0.5249999761581421,0.5790483222393896,0.054048346081247534,0.6566416040100251,0.6410256410256411
6,B_group,dev2,storage,1d_5pct,curves,True,80,20,4,0.1989249170405445,0.5863936880924822,0.3125,0.36413430317424555,0.051634303174245555,0.7767272727272727,0.7784256559766763
6,B_group,dev2,storage,1d_8pct,curves,True,80,20,4,0.19271658356245275,0.5786361063846479,0.25,0.21223286343971556,0.03776713656028444,0.52,0.5168918918918919
6,B_group,dev2,storage,3d_3pct,curves,True,80,20,4,0.23627213499710437,0.6732067308225032,0.6625000238418579,0.7766954775561786,0.11419545371432072,0.5178197064989518,0.50997150997151
6,B_group,dev2,storage,3d_5pct,curves,True,80,20,4,0.2502120855900479,0.6935374287114089,0.550000011920929,0.6405028636460274,0.09050285172509842,0.5874368686868687,0.5583756345177665
6,B_group,dev2,storage,3d_8pct,curves,True,80,20,4,0.24694173613789622,0.6869671193040243,0.42500001192092896,0.5156101926425087,0.09061018072157978,0.6301150895140665,0.6166666666666667
6,B_group,dev2,storage,5d_3pct,curves,True,80,20,4,0.176390533936174,0.5403450176817899,0.7749999761581421,0.8207910557524413,0.04579107959429918,0.49148745519713266,0.4748201438848921
6,B_group,dev2,storage,5d_5pct,curves,True,80,20,4,0.21698611674773147,0.6264455929710422,0.6875,0.7317640502943041,0.044264050294304136,0.4938181818181818,0.5058309037900875
6,B_group,dev2,storage,5d_8pct,curves,True,80,20,4,0.24657751342673095,0.6862908117591707,0.5625,0.5601057391349815,0.0023942608650184827,0.4777777777777778,0.4770992366412214
6,B_no_group,dev1,chips,1d_3pct,curves,False,152,19,8,0.22026612743791799,0.6336939066033153,0.4934210479259491,0.4717080444779382,0.021713003448010915,0.6943722943722944,0.5529801324503312
6,B_no_group,dev1,chips,1d_5pct,curves,False,152,19,8,0.19885170415178638,0.5808625362939334,0.30921053886413574,0.34047702845861094,0.0312664895944752,0.6741641337386017,0.5038022813688213
6,B_no_group,dev1,chips,1d_8pct,curves,False,152,19,8,0.11484962134049302,0.3779715746395332,0.125,0.16724228036577546,0.04224228036577546,0.6141669964384646,0.44482758620689655
6,B_no_group,dev1,chips,3d_3pct,curves,False,152,19,8,0.2007399245114667,0.5872023503813169,0.6907894611358643,0.7997948498261763,0.10900538869031207,0.7436676798378925,0.6474358974358975
6,B_no_group,dev1,chips,3d_5pct,curves,False,152,19,8,0.2304804409470489,0.6542567018848839,0.5394737124443054,0.6468159963021299,0.10734228385782452,0.7048780487804878,0.6349480968858131
6,B_no_group,dev1,chips,3d_8pct,curves,False,152,19,8,0.19782087521694253,0.5773957803443988,0.32894736528396606,0.3227175587570595,0.006229806526906578,0.7126470588235294,0.5971698113207548
6,B_no_group,dev1,chips,5d_3pct,curves,False,152,19,8,0.1962050087953547,0.5823059282965835,0.7302631735801697,0.8595841547547816,0.12932098117461188,0.7501647989452868,0.728448275862069
6,B_no_group,dev1,chips,5d_5pct,curves,False,152,19,8,0.255424645268974,0.7150630977319745,0.6118420958518982,0.7929234736304132,0.18108137777851496,0.704938946601057,0.650197628458498
6,B_no_group,dev1,chips,5d_8pct,curves,False,152,19,8,0.2702155521673556,0.744128759508911,0.44078946113586426,0.6813827768991761,0.2405933157633119,0.7308165057067603,0.7021660649819494
6,B_no_group,dev1,optics,1d_3pct,curves,False,228,19,12,0.22778866760020647,0.6480348545517186,0.5745614171028137,0.5192309526906839,0.055330464412129854,0.643975761391359,0.502262443438914
6,B_no_group,dev1,optics,1d_5pct,curves,False,228,19,12,0.2160784475177303,0.6150025345649318,0.35087719559669495,0.3805891626072862,0.029711967010591256,0.6352195945945945,0.41504854368932037
6,B_no_group,dev1,optics,1d_8pct,curves,False,228,19,12,0.12919007991574494,0.41734876685537114,0.14473684132099152,0.19492463372712757,0.05018779240613605,0.616938616938617,0.37083333333333335
6,B_no_group,dev1,optics,3d_3pct,curves,False,228,19,12,0.18559917662124048,0.5565453697643069,0.7105262875556946,0.7887604078174686,0.07823412026177401,0.7010849233071456,0.5296735905044511
6,B_no_group,dev1,optics,3d_5pct,curves,False,228,19,12,0.23620931825560396,0.6686391130713336,0.5175438523292542,0.6562122435474839,0.13866839121822971,0.6773497688751926,0.5451467268623025
6,B_no_group,dev1,optics,3d_8pct,curves,False,228,19,12,0.21088243136691512,0.6034863239215502,0.359649121761322,0.3464731147804712,0.013176006980850807,0.6559472101570331,0.5338479809976246
6,B_no_group,dev1,optics,5d_3pct,curves,False,228,19,12,0.164093154061401,0.5059319101817334,0.7543859481811523,0.8428681975409833,0.08848224935983096,0.7384759136212624,0.6381578947368421
6,B_no_group,dev1,optics,5d_5pct,curves,False,228,19,12,0.25266189220262786,0.7193968925074369,0.5789473652839661,0.7896498115152999,0.21070244623133383,0.7285353535353536,0.648936170212766
6,B_no_group,dev1,optics,5d_8pct,curves,False,228,19,12,0.2772625700053864,0.7697640522366566,0.4385964870452881,0.688662615067959,0.2500661280226709,0.68515625,0.647196261682243
6,B_no_group,dev1,storage,1d_3pct,curves,False,76,19,4,0.24521577961505112,0.6844510395233749,0.6184210777282715,0.5103064540900807,0.1081146236381908,0.5759354365370506,0.591715976331361
6,B_no_group,dev1,storage,1d_5pct,curves,False,76,19,4,0.21765555602160172,0.6233103357843425,0.3947368562221527,0.371991856863437,0.022744999358715712,0.6811594202898551,0.695906432748538
6,B_no_group,dev1,storage,1d_8pct,curves,False,76,19,4,0.1688380416491337,0.5132531273245563,0.22368420660495758,0.17999541642229988,0.0436887901826577,0.6440677966101696,0.6612903225806451
6,B_no_group,dev1,storage,3d_3pct,curves,False,76,19,4,0.14586991930249393,0.45687604611771926,0.7894737124443054,0.8111846855283669,0.021710973084061447,0.7958333333333333,0.8
6,B_no_group,dev1,storage,3d_5pct,curves,False,76,19,4,0.16521378855957117,0.5107260991205276,0.6842105388641357,0.6637057410999949,0.020504797764140825,0.8333333333333334,0.8443708609271523
6,B_no_group,dev1,storage,3d_8pct,curves,False,76,19,4,0.2307282685566668,0.6440007698088179,0.5,0.34162602684511195,0.15837397315488805,0.782202216066482,0.7883522727272727
6,B_no_group,dev1,storage,5d_3pct,curves,False,76,19,4,0.14120892949466282,0.4438977401071376,0.8157894611358643,0.8642055703362418,0.04841610920037753,0.771889400921659,0.7547169811320755
6,B_no_group,dev1,storage,5d_5pct,curves,False,76,19,4,0.1571057706001434,0.4824160437210281,0.7631579041481018,0.7942153563214402,0.03105745217333844,0.7863984674329502,0.77734375
6,B_no_group,dev1,storage,5d_8pct,curves,False,76,19,4,0.18722824420336906,0.5578542400267537,0.5921052694320679,0.6913008158020431,0.09919554636997518,0.817921146953405,0.8011695906432749
6,B_no_group,dev2,chips,1d_3pct,curves,False,160,20,8,0.23601465969677293,0.6634230829078873,0.4000000059604645,0.5085520096009913,0.10855200364052686,0.6669921875,0.5955056179775281
6,B_no_group,dev2,chips,1d_5pct,curves,False,160,20,8,0.16133146860276573,0.49500476862961673,0.20000000298023224,0.2869148953999866,0.08691489241975436,0.677490234375,0.5791666666666667
6,B_no_group,dev2,chips,1d_8pct,curves,False,160,20,8,0.08916716410463213,0.3036459571144688,0.10000000149011612,0.13537544115738392,0.035375439667267805,0.6727430555555556,0.4925925925925926
6,B_no_group,dev2,chips,3d_3pct,curves,False,160,20,8,0.2624328390454842,0.7308042019164815,0.5874999761581421,0.7461631485763658,0.1586631724182237,0.5873629916183107,0.5412234042553191
6,B_no_group,dev2,chips,3d_5pct,curves,False,160,20,8,0.24811707831583468,0.6893172762664282,0.40625,0.5541651795308828,0.14791517953088285,0.6570040485829961,0.5983493810178817
6,B_no_group,dev2,chips,3d_8pct,curves,False,160,20,8,0.20928410749486068,0.6030575506730882,0.28125,0.41172014486347275,0.13047014486347275,0.6695652173913044,0.6087689713322091
6,B_no_group,dev2,chips,5d_3pct,curves,False,160,20,8,0.22382015041617437,0.6479869979674275,0.6875,0.7907598235041544,0.10325982350415441,0.5612727272727274,0.4977544910179641
6,B_no_group,dev2,chips,5d_5pct,curves,False,160,20,8,0.26915268812266097,0.7360632874169829,0.5062500238418579,0.6680979187979981,0.16184789495614016,0.5864978902953586,0.48998664886515353
6,B_no_group,dev2,chips,5d_8pct,curves,False,160,20,8,0.26227431395235346,0.7179357858131988,0.34375,0.5602838702489877,0.21653387024898774,0.6908225108225108,0.6951588502269289
6,B_no_group,dev2,optics,1d_3pct,curves,False,240,20,12,0.23169678812830488,0.6577382903674202,0.5375000238418579,0.5560402931058903,0.018540269264032405,0.6485089740903696,0.5306893295561851
6,B_no_group,dev2,optics,1d_5pct,curves,False,240,20,12,0.20727107160911704,0.5928415016353352,0.3291666805744171,0.3212273995348732,0.007939281039543888,0.6173441308278952,0.46204620462046203
6,B_no_group,dev2,optics,1d_8pct,curves,False,240,20,12,0.15542464279104742,0.47801528740359983,0.19166666269302368,0.15153529017998477,0.040131372513038915,0.601972209771403,0.3831360946745562
6,B_no_group,dev2,optics,3d_3pct,curves,False,240,20,12,0.21536856408396687,0.6250355960574764,0.6833333373069763,0.7503283206812875,0.0669949833743112,0.5872913992297818,0.4716981132075472
6,B_no_group,dev2,optics,3d_5pct,curves,False,240,20,12,0.22664272381016679,0.6448565523868737,0.5333333611488342,0.5614076516924414,0.028074290543607217,0.6765485491071429,0.5708092485549133
6,B_no_group,dev2,optics,3d_8pct,curves,False,240,20,12,0.21476286604281788,0.612242669437491,0.40416666865348816,0.4378354967533569,0.033668828099868764,0.6731309927186216,0.5712881022615536
6,B_no_group,dev2,optics,5d_3pct,curves,False,240,20,12,0.17416181421608723,0.5315798328764975,0.7749999761581421,0.7882693001048099,0.0132693239466678,0.5698426921545202,0.5265822784810127
6,B_no_group,dev2,optics,5d_5pct,curves,False,240,20,12,0.21669245292735428,0.6244114609708113,0.6208333373069763,0.675510522420744,0.054677185113767734,0.6631757504240726,0.5475227502527806
6,B_no_group,dev2,optics,5d_8pct,curves,False,240,20,12,0.2233488195004712,0.6366582760481094,0.5208333134651184,0.559818831101064,0.0389855176359456,0.6569391304347826,0.6086529006882989
6,B_no_group,dev2,storage,1d_3pct,curves,False,80,20,4,0.25745366628825533,0.7087337725999326,0.5249999761581421,0.6348991544513387,0.10989917829319662,0.56203007518797,0.5794871794871795
6,B_no_group,dev2,storage,1d_5pct,curves,False,80,20,4,0.21756855684834134,0.6261172163399333,0.3125,0.41655384741215473,0.10405384741215473,0.6189090909090909,0.6122448979591837
6,B_no_group,dev2,storage,1d_8pct,curves,False,80,20,4,0.1958637629675771,0.5871372070340289,0.25,0.22834655343111585,0.021653446568884155,0.43083333333333335,0.4222972972972973
6,B_no_group,dev2,storage,3d_3pct,curves,False,80,20,4,0.2475407355397355,0.7083697343695075,0.6625000238418579,0.7998943154625522,0.13739429162069428,0.3529000698812019,0.3504273504273504
6,B_no_group,dev2,storage,3d_5pct,curves,False,80,20,4,0.2517959044953316,0.6970672810687422,0.550000011920929,0.6321936004228681,0.08219358850193914,0.5839646464646464,0.583756345177665
6,B_no_group,dev2,storage,3d_8pct,curves,False,80,20,4,0.25567529243710657,0.7045674050698658,0.42500001192092896,0.5451016957442826,0.12010168382335362,0.5626598465473146,0.5423076923076923
6,B_no_group,dev2,storage,5d_3pct,curves,False,80,20,4,0.17789838587462986,0.5449043638346813,0.7749999761581421,0.8290051444344361,0.05400516827629398,0.471326164874552,0.44064748201438847
6,B_no_group,dev2,storage,5d_5pct,curves,False,80,20,4,0.21670137326803945,0.6256635903885268,0.6875,0.7290068711700413,0.04150687117004126,0.4698181818181818,0.46647230320699706
6,B_no_group,dev2,storage,5d_8pct,curves,False,80,20,4,0.255419909049186,0.7053035918179937,0.5625,0.6543956574835408,0.09189565748354078,0.3987301587301587,0.42366412213740456
6,C_group,dev1,chips,1d_3pct,specialize,False,152,19,8,0.2472773986431791,0.6876522169433437,0.4934210479259491,0.4626718803171885,0.03074916760876062,0.6187012987012988,0.5248344370860927
6,C_group,dev1,chips,1d_5pct,specialize,False,152,19,8,0.21214162834639302,0.6148204173100486,0.30921053886413574,0.2792488555337661,0.029961683330369637,0.6472137791286728,0.5532319391634981
6,C_group,dev1,chips,1d_8pct,specialize,False,152,19,8,0.10838786975061133,0.37364553353391156,0.125,0.16291203968973567,0.037912039689735666,0.7222002374356945,0.6689655172413793
6,C_group,dev1,chips,3d_3pct,specialize,False,152,19,8,0.21717476310131031,0.6273564740301425,0.6907894611358643,0.7257900294831279,0.035000568347263616,0.33333333333333337,0.3995726495726496
6,C_group,dev1,chips,3d_5pct,specialize,False,152,19,8,0.24541762926248656,0.6837944722991992,0.5394737124443054,0.5768927641562533,0.037419051711947926,0.7005226480836236,0.6833910034602076
6,C_group,dev1,chips,3d_8pct,specialize,False,152,19,8,0.2154624925433705,0.6214698043994757,0.32894736528396606,0.32944762830946456,0.000500263025498493,0.6823529411764705,0.5811320754716981
6,C_group,dev1,chips,5d_3pct,specialize,False,152,19,8,0.19804637058750912,0.5858489111951295,0.7302631735801697,0.7621592213289963,0.031896047748826595,0.5075807514831905,0.4482758620689655
6,C_group,dev1,chips,5d_5pct,specialize,False,152,19,8,0.2436311590362998,0.6817009992977902,0.6118420958518982,0.6867793003235865,0.07493720447168828,0.4328412611627483,0.33201581027667987
6,C_group,dev1,chips,5d_8pct,specialize,False,152,19,8,0.2551787169748681,0.7035179637038745,0.44078946113586426,0.5487765835593127,0.10798712242344843,0.6481123792800701,0.6046931407942239
6,C_group,dev1,optics,1d_3pct,specialize,False,228,19,12,0.25124299707185194,0.6956130341383239,0.5745614171028137,0.46858690596609937,0.10597451113671436,0.6486188714881562,0.5395927601809954
6,C_group,dev1,optics,1d_5pct,specialize,False,228,19,12,0.22955299978947508,0.6521132439517099,0.35087719559669495,0.28772701723214655,0.06315017836454839,0.5716216216216217,0.4842233009708738
6,C_group,dev1,optics,1d_8pct,specialize,False,228,19,12,0.12316621793205472,0.4114436093577091,0.14473684132099152,0.17369622513472294,0.02895938381373142,0.5947163947163947,0.5458333333333333
6,C_group,dev1,optics,3d_3pct,specialize,False,228,19,12,0.20649615561423013,0.6037036626360104,0.7105262875556946,0.725643326202345,0.015117038646650371,0.46740553684998126,0.4287833827893175
6,C_group,dev1,optics,3d_5pct,specialize,False,228,19,12,0.25197737228157335,0.6971441568298148,0.5175438523292542,0.5869274579744115,0.06938360564515733,0.5917565485362095,0.5440180586907449
6,C_group,dev1,optics,3d_8pct,specialize,False,228,19,12,0.22863380524915095,0.6494583201932868,0.359649121761322,0.3340885438655557,0.025560577895766323,0.5830270631473438,0.5225653206650831
6,C_group,dev1,optics,5d_3pct,specialize,False,228,19,12,0.18427204658954527,0.5546656018477524,0.7543859481811523,0.7631056126750948,0.008719664493942458,0.5893895348837209,0.3963815789473684
6,C_group,dev1,optics,5d_5pct,specialize,False,228,19,12,0.2552571167849325,0.7060045243113099,0.5789473652839661,0.6849238941675742,0.10597652888360809,0.4702493686868686,0.33451536643026003
6,C_group,dev1,optics,5d_8pct,specialize,False,228,19,12,0.2525068078319877,0.6981478168050512,0.4385964870452881,0.5352565740515679,0.09666008700627982,0.625390625,0.6063084112149533
6,C_group,dev1,storage,1d_3pct,specialize,False,76,19,4,0.25062559468484247,0.6943978367246993,0.6184210777282715,0.49325843660737934,0.12516264112089215,0.5766691122523845,0.5857988165680473
6,C_group,dev1,storage,1d_5pct,specialize,False,76,19,4,0.24628531155595407,0.6873312934788075,0.3947368562221527,0.2959989457890194,0.09873791043313329,0.6543478260869565,0.6345029239766082
6,C_group,dev1,storage,1d_8pct,specialize,False,76,19,4,0.17296821016351704,0.5291811413480696,0.22368420660495758,0.1868054174682511,0.036878789136706475,0.6321036889332003,0.6048387096774194
6,C_group,dev1,storage,3d_3pct,specialize,False,76,19,4,0.1707947538471286,0.5267899481519278,0.7894737124443054,0.7321920732137458,0.05728163923055962,0.3552083333333333,0.3695652173913043
6,C_group,dev1,storage,3d_5pct,specialize,False,76,19,4,0.21973015207645114,0.6316984628404355,0.6842105388641357,0.6040421687377222,0.08016837012641354,0.7259615384615384,0.7152317880794702
6,C_group,dev1,storage,3d_8pct,specialize,False,76,19,4,0.2694069226448794,0.7336206947104694,0.5,0.35275167013494246,0.14724832986505754,0.6059556786703602,0.6051136363636364
6,C_group,dev1,storage,5d_3pct,specialize,False,76,19,4,0.15272992837916374,0.4849959771277906,0.8157894611358643,0.7772328354947726,0.038556625641091635,0.3836405529953917,0.35377358490566035
6,C_group,dev1,storage,5d_5pct,specialize,False,76,19,4,0.1862545957734441,0.5609268960561513,0.7631579041481018,0.6911874088630687,0.07197049528503308,0.4291187739463601,0.36328125
6,C_group,dev1,storage,5d_8pct,specialize,False,76,19,4,0.2423294135341661,0.6777487668802804,0.5921052694320679,0.5370475578247937,0.05505771160727413,0.607168458781362,0.6988304093567251
6,C_group,dev2,chips,1d_3pct,specialize,False,160,20,8,0.26166254680059037,0.7165578058610386,0.4000000059604645,0.5455085823097251,0.14550857634926062,0.46419270833333337,0.4508426966292135
6,C_group,dev2,chips,1d_5pct,specialize,False,160,20,8,0.22027489338873574,0.6334640015448196,0.20000000298023224,0.4458353157790775,0.24583531279884524,0.553955078125,0.40208333333333335
6,C_group,dev2,chips,1d_8pct,specialize,False,160,20,8,0.12624392575029236,0.4321858396712628,0.10000000149011612,0.29260837237639165,0.19260837088627553,0.6575520833333333,0.42962962962962964
6,C_group,dev2,chips,3d_3pct,specialize,False,160,20,8,0.24766590507308717,0.6893123451747372,0.5874999761581421,0.6658849082861342,0.07838493212799214,0.5470664087685365,0.5877659574468085
6,C_group,dev2,chips,3d_5pct,specialize,False,160,20,8,0.26919018269386713,0.7318476241478529,0.40625,0.5791490649511231,0.17289906495112306,0.6595951417004049,0.5832187070151307
6,C_group,dev2,chips,3d_8pct,specialize,False,160,20,8,0.20307496377571846,0.5962237073987449,0.28125,0.3096755147529686,0.028425514752968617,0.5271497584541063,0.3844856661045531
6,C_group,dev2,chips,5d_3pct,specialize,False,160,20,8,0.21409185129006514,0.6194048825778439,0.6875,0.6658849082861342,0.021615091713865775,0.5876363636363637,0.5898203592814372
6,C_group,dev2,chips,5d_5pct,specialize,False,160,20,8,0.27364237691642135,0.7431669894732906,0.5062500238418579,0.6658849082861342,0.15963488444427631,0.5950929832786372,0.6355140186915887
6,C_group,dev2,chips,5d_8pct,specialize,False,160,20,8,0.27969130204621045,0.7530630491844692,0.34375,0.5747750813288558,0.2310250813288558,0.45645021645021644,0.5219364599092284
6,C_group,dev2,optics,1d_3pct,specialize,False,240,20,12,0.24841691950241235,0.6899725949604655,0.5375000238418579,0.5421878285839454,0.00468780474208752,0.5128849780012571,0.4825306893295562
6,C_group,dev2,optics,1d_5pct,specialize,False,240,20,12,0.23529387283644368,0.6636399345467514,0.3291666805744171,0.448289455058399,0.1191227744839819,0.45577482506486355,0.39163916391639164
6,C_group,dev2,optics,1d_8pct,specialize,False,240,20,12,0.16563908151767767,0.5164946077443886,0.19166666269302368,0.30141462418135523,0.10974796148833155,0.5924473330345137,0.47633136094674555
6,C_group,dev2,optics,3d_3pct,specialize,False,240,20,12,0.2160092103671375,0.6234659879246245,0.6833333373069763,0.6631596552882759,0.0201736820187004,0.5580070603337612,0.6016771488469602
6,C_group,dev2,optics,3d_5pct,specialize,False,240,20,12,0.24959597091949068,0.6923233692048226,0.5333333611488342,0.5841083685336386,0.05077500738480434,0.6164899553571429,0.5751445086705202
6,C_group,dev2,optics,3d_8pct,specialize,False,240,20,12,0.24974256872602082,0.694581296442967,0.40416666865348816,0.31582749758972617,0.08833917106376199,0.4570687044913849,0.4198623402163225
6,C_group,dev2,optics,5d_3pct,specialize,False,240,20,12,0.18614622354141389,0.5614527730980405,0.7749999761581421,0.6631596552882759,0.11184032086986617,0.5737753882915173,0.5949367088607594
6,C_group,dev2,optics,5d_5pct,specialize,False,240,20,12,0.23559059458894743,0.6640140718558322,0.6208333373069763,0.6631596552882759,0.0423263179812996,0.5932590899033852,0.6592517694641051
6,C_group,dev2,optics,5d_8pct,specialize,False,240,20,12,0.2531093560996532,0.6994754746036401,0.5208333134651184,0.5677959426476071,0.046962629182488724,0.42713043478260865,0.5231071779744346
6,C_group,dev2,storage,1d_3pct,specialize,False,80,20,4,0.24879243049603642,0.6907120525767251,0.5249999761581421,0.5530010307228576,0.028001054564715466,0.5877192982456141,0.541025641025641
6,C_group,dev2,storage,1d_5pct,specialize,False,80,20,4,0.234582124879889,0.6622232240728897,0.3125,0.45012477230760906,0.13762477230760906,0.3978181818181818,0.3819241982507289
6,C_group,dev2,storage,1d_8pct,specialize,False,80,20,4,0.1914876057515209,0.5719934152127901,0.25,0.2956826813129115,0.04568268131291148,0.385,0.3614864864864865
6,C_group,dev2,storage,3d_3pct,specialize,False,80,20,4,0.22242482740077865,0.6367235702813839,0.6625000238418579,0.6687115591980273,0.006211535356169362,0.6016771488469601,0.6210826210826211
6,C_group,dev2,storage,3d_5pct,specialize,False,80,20,4,0.24881685816191085,0.6908326552489061,0.550000011920929,0.586296535133658,0.036296523212729026,0.4842171717171717,0.47715736040609136
6,C_group,dev2,storage,3d_8pct,specialize,False,80,20,4,0.2614224631462159,0.720054007876241,0.42500001192092896,0.31088572578387863,0.11411428613705032,0.31905370843989767,0.2923076923076923
6,C_group,dev2,storage,5d_3pct,specialize,False,80,20,4,0.18388748031406127,0.5563760598541474,0.7749999761581421,0.6687115591980273,0.10628841696011482,0.6827956989247311,0.6942446043165468
6,C_group,dev2,storage,5d_5pct,specialize,False,80,20,4,0.21252487203503173,0.6158448246659016,0.6875,0.6687115591980273,0.018788440801972728,0.7236363636363636,0.7376093294460642
6,C_group,dev2,storage,5d_8pct,specialize,False,80,20,4,0.24552730667784547,0.6841597638523487,0.5625,0.5754555751125954,0.012955575112595374,0.5923809523809523,0.6106870229007634
6,C_no_group,dev1,chips,1d_3pct,specialize,True,152,19,8,0.21947669165400335,0.6281954716500655,0.4934210479259491,0.4649526076645383,0.02846844026141082,0.6983549783549783,0.4304635761589404
6,C_no_group,dev1,chips,1d_5pct,specialize,True,152,19,8,0.1981914106128148,0.5739841886154116,0.30921053886413574,0.2294961713783,0.07971436748583574,0.6938196555217833,0.46577946768060835
6,C_no_group,dev1,chips,1d_8pct,specialize,True,152,19,8,0.11088932603990231,0.38052081036693386,0.125,0.06436151518353589,0.06063848481646411,0.6169370795409577,0.43448275862068964
6,C_no_group,dev1,chips,3d_3pct,specialize,True,152,19,8,0.20837557533920537,0.60639456143605,0.6907894611358643,0.8191762309282195,0.1283867697923552,0.7114488348530902,0.4166666666666667
6,C_no_group,dev1,chips,3d_5pct,specialize,True,152,19,8,0.22320175884438503,0.6405572979267153,0.5394737124443054,0.6387434548719064,0.099269742427601,0.705574912891986,0.43252595155709345
6,C_no_group,dev1,chips,3d_8pct,specialize,True,152,19,8,0.20141317529642566,0.5787830139858092,0.32894736528396606,0.4299710229642904,0.10102365768032434,0.701764705882353,0.4358490566037736
6,C_no_group,dev1,chips,5d_3pct,specialize,True,152,19,8,0.21095684659477393,0.6468616016905003,0.7302631735801697,0.8964553874040224,0.16619221382385274,0.6919358382773018,0.4892241379310345
6,C_no_group,dev1,chips,5d_5pct,specialize,True,152,19,8,0.2366375207136179,0.6906685576418511,0.6118420958518982,0.8036627121768193,0.1918206163249211,0.7169673774375798,0.45849802371541504
6,C_no_group,dev1,chips,5d_8pct,specialize,True,152,19,8,0.25324094667131,0.7149892113090041,0.44078946113586426,0.6559614700329643,0.2151720088971001,0.6863915715539948,0.3953068592057762
6,C_no_group,dev1,optics,1d_3pct,specialize,True,228,19,12,0.21096921655396708,0.6128510148143197,0.5745614171028137,0.5579634066849826,0.016598010417831155,0.702919650586291,0.5294117647058824
6,C_no_group,dev1,optics,1d_5pct,specialize,True,228,19,12,0.20332664617590948,0.5831680023468675,0.35087719559669495,0.29826525628796097,0.05261193930873398,0.7010979729729729,0.47451456310679613
6,C_no_group,dev1,optics,1d_8pct,specialize,True,228,19,12,0.11736390919080816,0.3846037773533246,0.14473684132099152,0.10052916772291248,0.044207673598079034,0.7193473193473194,0.5270833333333333
6,C_no_group,dev1,optics,3d_3pct,specialize,True,228,19,12,0.20011511984191954,0.6124862335148629,0.7105262875556946,0.8431480275160826,0.13262173996038806,0.6990273101384212,0.4228486646884273
6,C_no_group,dev1,optics,3d_5pct,specialize,True,228,19,12,0.2432792203541709,0.6968345053398648,0.5175438523292542,0.6800939890403491,0.16255013671109497,0.6941448382126347,0.4672686230248307
6,C_no_group,dev1,optics,3d_8pct,specialize,True,228,19,12,0.21884486679645185,0.6242917220964149,0.359649121761322,0.4762891133217173,0.11663999156039528,0.7027230203808887,0.5439429928741093
6,C_no_group,dev1,optics,5d_3pct,specialize,True,228,19,12,0.20220547317248966,0.6633175880246607,0.7543859481811523,0.9208585298149785,0.16647258163382617,0.6503322259136212,0.4292763157894737
6,C_no_group,dev1,optics,5d_5pct,specialize,True,228,19,12,0.2754916679820535,0.8021455644298168,0.5789473652839661,0.8268752941732292,0.24792792888926318,0.6992582070707071,0.48226950354609927
6,C_no_group,dev1,optics,5d_8pct,specialize,True,228,19,12,0.26867245904688775,0.757672142598861,0.4385964870452881,0.6793227487628226,0.24072626171753453,0.7096875,0.5151869158878505
6,C_no_group,dev1,storage,1d_3pct,specialize,True,76,19,4,0.24185322584762048,0.6768926378352029,0.6184210777282715,0.563162506512571,0.055258571215700436,0.4702861335289802,0.39644970414201186
6,C_no_group,dev1,storage,1d_5pct,specialize,True,76,19,4,0.24915201395415681,0.695277421833558,0.3947368562221527,0.29321104268503767,0.10152581353711504,0.49347826086956514,0.40350877192982454
6,C_no_group,dev1,storage,1d_8pct,specialize,True,76,19,4,0.19581622327048398,0.6456974700922243,0.22368420660495758,0.07750201853634785,0.14618218806860972,0.47258225324027914,0.4314516129032258
6,C_no_group,dev1,storage,3d_3pct,specialize,True,76,19,4,0.17453460630891451,0.5482868280182419,0.7894737124443054,0.8848966507139193,0.0954229382696139,0.5489583333333333,0.5869565217391305
6,C_no_group,dev1,storage,3d_5pct,specialize,True,76,19,4,0.21903128083483217,0.6312809799803425,0.6842105388641357,0.7477413254452444,0.06353078658110867,0.5480769230769231,0.5629139072847682
6,C_no_group,dev1,storage,3d_8pct,specialize,True,76,19,4,0.2568532102346578,0.7070325545130542,0.5,0.5329222152981616,0.03292221529816164,0.45983379501385047,0.45738636363636365
6,C_no_group,dev1,storage,5d_3pct,specialize,True,76,19,4,0.16682372141798613,0.5800851152519463,0.8157894611358643,0.9446862613669943,0.12889680023113004,0.5161290322580645,0.4811320754716981
6,C_no_group,dev1,storage,5d_5pct,specialize,True,76,19,4,0.19699680721984117,0.6142814967449789,0.7631579041481018,0.8891032488439936,0.1259453446958918,0.524904214559387,0.50390625
6,C_no_group,dev1,storage,5d_8pct,specialize,True,76,19,4,0.27600394012755664,0.7628347898965475,0.5921052694320679,0.7805886927255724,0.18848342329350454,0.5591397849462366,0.6052631578947368
6,C_no_group,dev2,chips,1d_3pct,specialize,True,160,20,8,0.23622352700877491,0.6659943969160643,0.4000000059604645,0.4727214675220465,0.07272146156158205,0.6378580729166666,0.4508426966292135
6,C_no_group,dev2,chips,1d_5pct,specialize,True,160,20,8,0.17114599299599015,0.5193804369062032,0.20000000298023224,0.3098643011448064,0.10986429816457416,0.622802734375,0.4354166666666667
6,C_no_group,dev2,chips,1d_8pct,specialize,True,160,20,8,0.08817175089582523,0.30319068360545154,0.10000000149011612,0.1381775949957781,0.038177593505661994,0.6688368055555555,0.3814814814814815
6,C_no_group,dev2,chips,3d_3pct,specialize,True,160,20,8,0.2598952354385355,0.7283341847310144,0.5874999761581421,0.7038715871104035,0.11637161095226145,0.5483558994197293,0.4015957446808511
6,C_no_group,dev2,chips,3d_5pct,specialize,True,160,20,8,0.2622910702364466,0.7222208603408109,0.40625,0.5389387432462933,0.13268874324629332,0.5708502024291499,0.33975240715268223
6,C_no_group,dev2,chips,3d_8pct,specialize,True,160,20,8,0.21516012640713839,0.6184636252975831,0.28125,0.3954104766768384,0.11416047667683837,0.62512077294686,0.4266441821247892
6,C_no_group,dev2,chips,5d_3pct,specialize,True,160,20,8,0.22993594411663368,0.671968259405771,0.6875,0.7905957821287738,0.1030957821287738,0.5283636363636364,0.4101796407185629
6,C_no_group,dev2,chips,5d_5pct,specialize,True,160,20,8,0.2853754589099302,0.7842055622261881,0.5062500238418579,0.6750082341662458,0.16875821032438787,0.5397718393498985,0.308411214953271
6,C_no_group,dev2,chips,5d_8pct,specialize,True,160,20,8,0.2630613025617256,0.7233493325026676,0.34375,0.5241242834350485,0.18037428343504847,0.588917748917749,0.3494704992435703
6,C_no_group,dev2,optics,1d_3pct,specialize,True,240,20,12,0.23719793703843992,0.6707553977719726,0.5375000238418579,0.5311357240499761,0.0063642997918818,0.6280466513024653,0.37865911237016053
6,C_no_group,dev2,optics,1d_5pct,specialize,True,240,20,12,0.20309909500514844,0.5853630818285497,0.3291666805744171,0.3442192587105952,0.015052578136178107,0.6641245380926174,0.34983498349834985
6,C_no_group,dev2,optics,1d_8pct,specialize,True,240,20,12,0.14585622196823483,0.45199028828769205,0.19166666269302368,0.15852704372079446,0.03313961897222922,0.6859031824294038,0.4511834319526627
6,C_no_group,dev2,optics,3d_3pct,specialize,True,240,20,12,0.21921308430266667,0.6392101784068159,0.6833333373069763,0.713509546655796,0.030176209348819705,0.5633825417201541,0.31446540880503143
6,C_no_group,dev2,optics,3d_5pct,specialize,True,240,20,12,0.2377807568410232,0.6707217422912737,0.5333333611488342,0.5489513450494375,0.015617983900603316,0.6072126116071428,0.30828516377649323
6,C_no_group,dev2,optics,3d_8pct,specialize,True,240,20,12,0.22851975055484175,0.6435259559507135,0.40416666865348816,0.4082127872363316,0.004046118582843428,0.6165381010741836,0.3647984267453294
6,C_no_group,dev2,optics,5d_3pct,specialize,True,240,20,12,0.18206481354622428,0.5620691814028067,0.7749999761581421,0.8072471385140317,0.03224716235588965,0.5151334129828754,0.289873417721519
6,C_no_group,dev2,optics,5d_5pct,specialize,True,240,20,12,0.2304910582790464,0.6640310665388097,0.6208333373069763,0.6775138599927222,0.05668052268574586,0.5860314182461833,0.2972699696663296
6,C_no_group,dev2,optics,5d_8pct,specialize,True,240,20,12,0.24370630404512666,0.6819976589947851,0.5208333134651184,0.5256317062832007,0.004798392818082253,0.5887304347826087,0.3254670599803343
6,C_no_group,dev2,storage,1d_3pct,specialize,True,80,20,4,0.2490525714805872,0.6912804778642462,0.5249999761581421,0.5759673531958518,0.050967377037709705,0.5764411027568923,0.5435897435897435
6,C_no_group,dev2,storage,1d_5pct,specialize,True,80,20,4,0.22505697014189555,0.642698326749764,0.3125,0.4085817264629861,0.09608172646298607,0.528,0.6443148688046647
6,C_no_group,dev2,storage,1d_8pct,specialize,True,80,20,4,0.19455335162455026,0.5855671428122496,0.25,0.18620067282336863,0.06379932717663137,0.46499999999999997,0.6013513513513513
6,C_no_group,dev2,storage,3d_3pct,specialize,True,80,20,4,0.2348055926358475,0.6705545911587957,0.6625000238418579,0.7866780833352033,0.12417805949334537,0.5842068483577918,0.5584045584045584
6,C_no_group,dev2,storage,3d_5pct,specialize,True,80,20,4,0.2565717717253903,0.7085048140466798,0.550000011920929,0.6684911706948337,0.1184911587739047,0.5744949494949495,0.6091370558375635
6,C_no_group,dev2,storage,3d_8pct,specialize,True,80,20,4,0.2534649358828972,0.7001924486316771,0.42500001192092896,0.5191340187479577,0.09413400682702877,0.5230179028132993,0.5717948717948718
6,C_no_group,dev2,storage,5d_3pct,specialize,True,80,20,4,0.1782309976922189,0.5484848042199783,0.7749999761581421,0.8465157655699448,0.0715157894118027,0.5600358422939068,0.564748201438849
6,C_no_group,dev2,storage,5d_5pct,specialize,True,80,20,4,0.22361992330259167,0.6479285053051961,0.6875,0.7878357930114703,0.10033579301147033,0.5578181818181818,0.5510204081632653
6,C_no_group,dev2,storage,5d_8pct,specialize,True,80,20,4,0.25618500825550605,0.70772384931181,0.5625,0.6609455354893706,0.09844553548937063,0.5288888888888889,0.5318066157760815
6,C_no_daily,dev1,chips,1d_3pct,specialize,False,152,19,8,0.2550863536634941,0.7034545574671917,0.4934210479259491,0.4191062805023991,0.07431476742354998,0.623030303030303,0.5033112582781457
6,C_no_daily,dev1,chips,1d_5pct,specialize,False,152,19,8,0.2189306020518167,0.6323473954677085,0.30921053886413574,0.23345951780595273,0.07575102105818302,0.6662613981762918,0.5057034220532319
6,C_no_daily,dev1,chips,1d_8pct,specialize,False,152,19,8,0.10925585397600725,0.3761923381833297,0.125,0.11929540725060457,0.005704592749395429,0.5967550455085081,0.5206896551724138
6,C_no_daily,dev1,chips,3d_3pct,specialize,False,152,19,8,0.21533505979588285,0.6227592124092823,0.6907894611358643,0.7289239690528136,0.03813450791694939,0.37588652482269497,0.6217948717948718
6,C_no_daily,dev1,chips,3d_5pct,specialize,False,152,19,8,0.24999034818723545,0.6931804806735544,0.5394737124443054,0.5795822349474176,0.04010852250311214,0.5020905923344947,0.46539792387543255
6,C_no_daily,dev1,chips,3d_8pct,specialize,False,152,19,8,0.22239922749242935,0.6370493773491582,0.32894736528396606,0.37283505573899184,0.043887690455025774,0.5796078431372549,0.38301886792452833
6,C_no_daily,dev1,chips,5d_3pct,specialize,False,152,19,8,0.2021155531116833,0.5979317129617783,0.7302631735801697,0.8003061166554769,0.07004294307530723,0.41529334212261043,0.5538793103448276
6,C_no_daily,dev1,chips,5d_5pct,specialize,False,152,19,8,0.24840962731272329,0.693177269496886,0.6118420958518982,0.7150367175945715,0.10319462174267335,0.40568616730453794,0.4841897233201581
6,C_no_daily,dev1,chips,5d_8pct,specialize,False,152,19,8,0.2607238368270595,0.7147165482121337,0.44078946113586426,0.5595465552890948,0.11875709415323055,0.3589113257243196,0.47833935018050544
6,C_no_daily,dev1,optics,1d_3pct,specialize,False,228,19,12,0.2686582200825684,0.7308553172717477,0.5745614171028137,0.4194070491138285,0.15515436798898524,0.4458172660738176,0.4683257918552036
6,C_no_daily,dev1,optics,1d_5pct,specialize,False,228,19,12,0.24128586431140497,0.6822840874354228,0.35087719559669495,0.2359574396163019,0.11491975598039306,0.44375,0.4368932038834951
6,C_no_daily,dev1,optics,1d_8pct,specialize,False,228,19,12,0.12447604876975364,0.4165421934107554,0.14473684132099152,0.12254519258212186,0.022191648738869654,0.4358974358974359,0.4479166666666667
6,C_no_daily,dev1,optics,3d_3pct,specialize,False,228,19,12,0.20540642682100435,0.6009925245638857,0.7105262875556946,0.7267483055132324,0.01622201795753786,0.6259820426487093,0.5326409495548962
6,C_no_daily,dev1,optics,3d_5pct,specialize,False,228,19,12,0.2529536982075761,0.6991409574799794,0.5175438523292542,0.5788907473482798,0.06134689501902568,0.6081664098613251,0.5259593679458239
6,C_no_daily,dev1,optics,3d_8pct,specialize,False,228,19,12,0.23049735494783177,0.6536364675612254,0.359649121761322,0.3734991621554703,0.013850040394148277,0.47418977614433677,0.47624703087885983
6,C_no_daily,dev1,optics,5d_3pct,specialize,False,228,19,12,0.1864613729688929,0.560852285648325,0.7543859481811523,0.797080635272772,0.04269468709161961,0.6127491694352158,0.4342105263157895
6,C_no_daily,dev1,optics,5d_5pct,specialize,False,228,19,12,0.26076461040245386,0.719072424692181,0.5789473652839661,0.7121051629631868,0.13315779767922076,0.6214488636363635,0.5283687943262412
6,C_no_daily,dev1,optics,5d_8pct,specialize,False,228,19,12,0.2607984804361296,0.7148631086609499,0.4385964870452881,0.5592855020807448,0.1206890150354567,0.49859374999999995,0.4602803738317757
6,C_no_daily,dev1,storage,1d_3pct,specialize,False,76,19,4,0.27683300549035783,0.747390571233473,0.6184210777282715,0.41674435301713547,0.201676724711136,0.4225972120322817,0.3668639053254438
6,C_no_daily,dev1,storage,1d_5pct,specialize,False,76,19,4,0.2660937600655307,0.7384409156551212,0.3947368562221527,0.23035268763528147,0.16438416858687124,0.4463768115942029,0.4619883040935672
6,C_no_daily,dev1,storage,1d_8pct,specialize,False,76,19,4,0.18515701065295728,0.5771733381147415,0.22368420660495758,0.11640832865701464,0.10727587794794294,0.452642073778664,0.3911290322580645
6,C_no_daily,dev1,storage,3d_3pct,specialize,False,76,19,4,0.16914676128475606,0.5225870124373716,0.7894737124443054,0.7321261717149052,0.05734754072940018,0.6197916666666666,0.47391304347826085
6,C_no_daily,dev1,storage,3d_5pct,specialize,False,76,19,4,0.22678493299801653,0.6463654475946258,0.6842105388641357,0.5803036172416703,0.1039069216224654,0.5184294871794872,0.4735099337748344
6,C_no_daily,dev1,storage,3d_8pct,specialize,False,76,19,4,0.26665664553545493,0.7276233142541372,0.5,0.37093732501549703,0.12906267498450297,0.4833795013850416,0.4971590909090909
6,C_no_daily,dev1,storage,5d_3pct,specialize,False,76,19,4,0.1503974832005621,0.47810799908077845,0.8157894611358643,0.8028629823374476,0.012926478798416685,0.5241935483870968,0.39622641509433965
6,C_no_daily,dev1,storage,5d_5pct,specialize,False,76,19,4,0.18276155675263062,0.5525649943574834,0.7631579041481018,0.7168875384324362,0.04627036571566556,0.5593869731800767,0.5234375
6,C_no_daily,dev1,storage,5d_8pct,specialize,False,76,19,4,0.24236464523922907,0.6778162439614647,0.5921052694320679,0.561083911276743,0.03102135815532492,0.5935483870967742,0.6637426900584795
6,C_no_daily,dev2,chips,1d_3pct,specialize,False,160,20,8,0.252242716805234,0.6976333739980963,0.4000000059604645,0.5108340628349411,0.11083405687447667,0.5050455729166666,0.5786516853932584
6,C_no_daily,dev2,chips,1d_5pct,specialize,False,160,20,8,0.16382129284515184,0.5108664093394554,0.20000000298023224,0.26279787043531794,0.0627978674550857,0.540771484375,0.42291666666666666
6,C_no_daily,dev2,chips,1d_8pct,specialize,False,160,20,8,0.10087634944446222,0.36445328645540237,0.10000000149011612,0.20516650686786303,0.10516650537774691,0.5672743055555556,0.40370370370370373
6,C_no_daily,dev2,chips,3d_3pct,specialize,False,160,20,8,0.25009501297400416,0.6947533206105205,0.5874999761581421,0.6748907038069227,0.08739072764878064,0.463571889103804,0.46143617021276595
6,C_no_daily,dev2,chips,3d_5pct,specialize,False,160,20,8,0.27066851525199576,0.7348740256650114,0.40625,0.5781266336138182,0.17187663361381822,0.5211336032388664,0.6079779917469051
6,C_no_daily,dev2,chips,3d_8pct,specialize,False,160,20,8,0.23422156116057988,0.6615271711342205,0.28125,0.46014001924929354,0.17889001924929354,0.4383574879227053,0.44013490725126475
6,C_no_daily,dev2,chips,5d_3pct,specialize,False,160,20,8,0.21942259455250168,0.632830363219733,0.6875,0.7573364180953894,0.06983641809538943,0.5352727272727273,0.5029940119760479
6,C_no_daily,dev2,chips,5d_5pct,specialize,False,160,20,8,0.2786669034705363,0.7544559399210089,0.5062500238418579,0.6763842106465434,0.1701341868046855,0.5239881231442411,0.5353805073431241
6,C_no_daily,dev2,chips,5d_8pct,specialize,False,160,20,8,0.2763554426972473,0.7462281199871257,0.34375,0.5691761781496841,0.22542617814968413,0.5624242424242425,0.5960665658093798
6,C_no_daily,dev2,optics,1d_3pct,specialize,False,240,20,12,0.2491495648507864,0.6914459405585485,0.5375000238418579,0.5098066392001455,0.02769338464171245,0.5541588099727636,0.5769593956562795
6,C_no_daily,dev2,optics,1d_5pct,specialize,False,240,20,12,0.22494309138547147,0.6437224930467169,0.3291666805744171,0.26758612189735614,0.06158055867706097,0.46292947558770337,0.41914191419141916
6,C_no_daily,dev2,optics,1d_8pct,specialize,False,240,20,12,0.1555576405250789,0.4905174342278235,0.19166666269302368,0.2124278010854333,0.020761138392409617,0.4797736441057822,0.46523668639053256
6,C_no_daily,dev2,optics,3d_3pct,specialize,False,240,20,12,0.2165576838358943,0.6247153583537418,0.6833333373069763,0.6716444664895678,0.011688870817408548,0.4961489088575097,0.4171907756813417
6,C_no_daily,dev2,optics,3d_5pct,specialize,False,240,20,12,0.2506563275283079,0.6945135067881496,0.5333333611488342,0.5772682278828775,0.04393486673404323,0.5635114397321429,0.605009633911368
6,C_no_daily,dev2,optics,3d_8pct,specialize,False,240,20,12,0.2440472193673883,0.6812205008344013,0.40416666865348816,0.46014893157491027,0.05598226292142211,0.40480138418282746,0.44542772861356933
6,C_no_daily,dev2,optics,5d_3pct,specialize,False,240,20,12,0.17485966719367613,0.5344882645744263,0.7749999761581421,0.7515936440810803,0.023406332077061776,0.5118478693747511,0.5101265822784811
6,C_no_daily,dev2,optics,5d_5pct,specialize,False,240,20,12,0.23775789527867655,0.6688642774681893,0.6208333373069763,0.6717522986342601,0.050918961327283796,0.5356589719005826,0.544994944388271
6,C_no_daily,dev2,optics,5d_8pct,specialize,False,240,20,12,0.25187997711324994,0.6969617861598505,0.5208333134651184,0.5686241733683872,0.04779085990326881,0.49154782608695646,0.5231071779744346
6,C_no_daily,dev2,storage,1d_3pct,specialize,False,80,20,4,0.2493940231971486,0.6919349300929961,0.5249999761581421,0.5113707609159883,0.01362921524215377,0.5927318295739349,0.5948717948717949
6,C_no_daily,dev2,storage,1d_5pct,specialize,False,80,20,4,0.21767983862768814,0.6281824107897039,0.3125,0.25788971823399526,0.05461028176600474,0.5301818181818182,0.49854227405247814
6,C_no_daily,dev2,storage,1d_8pct,specialize,False,80,20,4,0.18949246443173604,0.5681496803066333,0.25,0.2001551798991807,0.04984482010081931,0.5691666666666666,0.5135135135135135
6,C_no_daily,dev2,storage,3d_3pct,specialize,False,80,20,4,0.22365783949152282,0.6395042973792132,0.6625000238418579,0.6795373723160006,0.017037348474142733,0.5590496156533892,0.4358974358974359
6,C_no_daily,dev2,storage,3d_5pct,specialize,False,80,20,4,0.24840518940414982,0.6899858081554153,0.550000011920929,0.5794139720764638,0.02941396015553488,0.4968434343434343,0.467005076142132
6,C_no_daily,dev2,storage,3d_8pct,specialize,False,80,20,4,0.24565098980069963,0.6844343874052947,0.42500001192092896,0.4607190594368305,0.03571904751590155,0.487851662404092,0.4358974358974359
6,C_no_daily,dev2,storage,5d_3pct,specialize,False,80,20,4,0.17443232187840385,0.5333207435210943,0.7749999761581421,0.7632324865028259,0.011767489655316155,0.5224014336917563,0.46402877697841727
6,C_no_daily,dev2,storage,5d_5pct,specialize,False,80,20,4,0.21501420866424326,0.6214767701735381,0.6875,0.6809540117279986,0.0065459882720013685,0.48363636363636364,0.4227405247813411
6,C_no_daily,dev2,storage,5d_8pct,specialize,False,80,20,4,0.24613738918733566,0.6854030831298783,0.5625,0.5701950573022339,0.007695057302233854,0.4990476190476191,0.4732824427480916
7,B_group,dev1,chips,1d_3pct,specialize,False,152,19,8,0.24501652125372897,0.6862928221576426,0.4934210479259491,0.5154626879356679,0.022041640009718755,0.6081385281385281,0.44039735099337746
7,B_group,dev1,chips,1d_5pct,specialize,False,152,19,8,0.20665891212195273,0.5942020733465624,0.30921053886413574,0.32970511857595586,0.020494579711820116,0.6220871327254306,0.4467680608365019
7,B_group,dev1,chips,1d_8pct,specialize,False,152,19,8,0.10987164264580525,0.37593402394879705,0.125,0.1634339015619081,0.038433901561908096,0.5929956470122675,0.496551724137931
7,B_group,dev1,chips,3d_3pct,specialize,False,152,19,8,0.21039326533012226,0.6174785975415746,0.6907894611358643,0.7806366849279026,0.08984722379203836,0.6425531914893616,0.452991452991453
7,B_group,dev1,chips,3d_5pct,specialize,False,152,19,8,0.24849326712717684,0.6902063267153357,0.5394737124443054,0.5542081215006474,0.014734409056341935,0.6442508710801393,0.6115916955017301
7,B_group,dev1,chips,3d_8pct,specialize,False,152,19,8,0.2232161073044594,0.6388098248229737,0.32894736528396606,0.39449971194739525,0.06555234666342918,0.6329411764705882,0.589622641509434
7,B_group,dev1,chips,5d_3pct,specialize,False,152,19,8,0.2015278761797748,0.6000819684073043,0.7302631735801697,0.8144569101428397,0.08419373656267004,0.6339266095363656,0.5237068965517241
7,B_group,dev1,chips,5d_5pct,specialize,False,152,19,8,0.23861670171809168,0.6702933670450939,0.6118420958518982,0.6679204865792979,0.05607839072739973,0.6750501184618188,0.6561264822134387
7,B_group,dev1,chips,5d_8pct,specialize,False,152,19,8,0.25277555441878496,0.6986989090646925,0.44078946113586426,0.5323294144297773,0.09153995329391307,0.682089552238806,0.6696750902527075
7,B_group,dev1,optics,1d_3pct,specialize,False,228,19,12,0.2228047096884961,0.6368179077471183,0.5745614171028137,0.5437727552398736,0.03078866186294016,0.6726213897851578,0.5429864253393665
7,B_group,dev1,optics,1d_5pct,specialize,False,228,19,12,0.20477514971812283,0.5945411962517333,0.35087719559669495,0.346638833019917,0.004238362576777954,0.693918918918919,0.529126213592233
7,B_group,dev1,optics,1d_8pct,specialize,False,228,19,12,0.1220255961008925,0.4059197417409171,0.14473684132099152,0.17691146899910934,0.03217462767811782,0.6308469308469309,0.421875
7,B_group,dev1,optics,3d_3pct,specialize,False,228,19,12,0.1991122894199922,0.5881771431611176,0.7105262875556946,0.7825837557776903,0.07205746822199577,0.6556303778525999,0.5356083086053413
7,B_group,dev1,optics,3d_5pct,specialize,False,228,19,12,0.250407218385099,0.694013973202276,0.5175438523292542,0.554529421531051,0.03698556920179685,0.613020030816641,0.5389390519187359
7,B_group,dev1,optics,3d_8pct,specialize,False,228,19,12,0.23017489449927417,0.6529764402015739,0.359649121761322,0.3964309581921647,0.03678183643084265,0.619153023722018,0.5706650831353919
7,B_group,dev1,optics,5d_3pct,specialize,False,228,19,12,0.18364370304812408,0.5527310387131182,0.7543859481811523,0.8143346453222511,0.05994869714109874,0.6772217607973422,0.6126644736842105
7,B_group,dev1,optics,5d_5pct,specialize,False,228,19,12,0.24990511839561377,0.6938258555590521,0.5789473652839661,0.6691078963295283,0.09016053104556221,0.6683633207070707,0.6081560283687943
7,B_group,dev1,optics,5d_8pct,specialize,False,228,19,12,0.25363842596450464,0.7004305974267737,0.4385964870452881,0.5334789109020284,0.09488242385674028,0.6386328125,0.594626168224299
7,B_group,dev1,storage,1d_3pct,specialize,False,76,19,4,0.26871453971492926,0.7331270345722527,0.6184210777282715,0.5379636090763179,0.08045746865195358,0.4262655906089509,0.4408284023668639
7,B_group,dev1,storage,1d_5pct,specialize,False,76,19,4,0.23757557818478292,0.6674364667423992,0.3947368562221527,0.3438284487058125,0.05090840751634024,0.5905797101449275,0.5877192982456141
7,B_group,dev1,storage,1d_8pct,specialize,False,76,19,4,0.17644258132429633,0.539923295055066,0.22368420660495758,0.16178167006784383,0.06190253653711375,0.5598205383848455,0.5907258064516129
7,B_group,dev1,storage,3d_3pct,specialize,False,76,19,4,0.16062400313490954,0.49616784349631304,0.7894737124443054,0.8012070982121877,0.011733385767882298,0.64375,0.6304347826086957
7,B_group,dev1,storage,3d_5pct,specialize,False,76,19,4,0.23209545925716113,0.6571952264167555,0.6842105388641357,0.5519039074008039,0.13230663146333188,0.6794871794871796,0.6705298013245033
7,B_group,dev1,storage,3d_8pct,specialize,False,76,19,4,0.25778244838207326,0.708921794327177,0.5,0.39416687429465347,0.10583312570534653,0.6973684210526316,0.6917613636363636
7,B_group,dev1,storage,5d_3pct,specialize,False,76,19,4,0.14742330620331642,0.4673446741924792,0.8157894611358643,0.8172429197163682,0.0014534585805039413,0.6209677419354839,0.589622641509434
7,B_group,dev1,storage,5d_5pct,specialize,False,76,19,4,0.1878855979457756,0.5647312649576943,0.7631579041481018,0.6679706813783507,0.09518722276975111,0.7231800766283524,0.72265625
7,B_group,dev1,storage,5d_8pct,specialize,False,76,19,4,0.2419522380874297,0.677013953029848,0.5921052694320679,0.5323518022015539,0.059753467230514,0.7770609318996416,0.7748538011695908
7,B_group,dev2,chips,1d_3pct,specialize,False,160,20,8,0.22582333928850223,0.6421334999415853,0.4000000059604645,0.48906970923183524,0.08906970327137076,0.6780598958333333,0.6320224719101124
7,B_group,dev2,chips,1d_5pct,specialize,False,160,20,8,0.16609545646768517,0.5105081415894901,0.20000000298023224,0.3155411470074413,0.11554114402720905,0.664794921875,0.5541666666666667
7,B_group,dev2,chips,1d_8pct,specialize,False,160,20,8,0.08857080931635115,0.3102559353062574,0.10000000149011612,0.1705862497679914,0.07058624827787527,0.7677951388888888,0.5925925925925926
7,B_group,dev2,chips,3d_3pct,specialize,False,160,20,8,0.2939849908435046,0.8284393361840984,0.5874999761581421,0.8311626757172806,0.24366269955913855,0.63571889103804,0.6236702127659575
7,B_group,dev2,chips,3d_5pct,specialize,False,160,20,8,0.30593100263761297,0.8176316745739314,0.40625,0.6830324453190337,0.27678244531903373,0.6622672064777329,0.6313617606602476
7,B_group,dev2,chips,3d_8pct,specialize,False,160,20,8,0.23791184088611578,0.6661509066897929,0.28125,0.48330910051167936,0.20205910051167936,0.6139130434782609,0.5025295109612141
7,B_group,dev2,chips,5d_3pct,specialize,False,160,20,8,0.25410329143493715,0.7768437101930626,0.6875,0.8879535970236464,0.2004535970236464,0.576909090909091,0.5449101796407185
7,B_group,dev2,chips,5d_5pct,specialize,False,160,20,8,0.32564333822367664,0.9142862696886432,0.5062500238418579,0.7996949790962542,0.2934449552543963,0.6096265041412721,0.5220293724966623
7,B_group,dev2,chips,5d_8pct,specialize,False,160,20,8,0.35736281849354923,0.9547382025318708,0.34375,0.713789468717505,0.37003946871750504,0.5961904761904762,0.4735249621785174
7,B_group,dev2,optics,1d_3pct,specialize,False,240,20,12,0.20714215800093505,0.6030186164183633,0.5375000238418579,0.5362316158629349,0.0012684079789230251,0.7566170821984777,0.7016052880075543
7,B_group,dev2,optics,1d_5pct,specialize,False,240,20,12,0.19916456139334143,0.5816298887155427,0.3291666805744171,0.3463733627363536,0.017206682161936493,0.7093718059595882,0.6237623762376238
7,B_group,dev2,optics,1d_8pct,specialize,False,240,20,12,0.13985426451641678,0.4378825952530025,0.19166666269302368,0.20575534319583208,0.014088680502808398,0.7310623038995967,0.6405325443786982
7,B_group,dev2,optics,3d_3pct,specialize,False,240,20,12,0.23440154577479888,0.6841156413544809,0.6833333373069763,0.8381730903022475,0.1548397529952712,0.6062259306803595,0.5230607966457023
7,B_group,dev2,optics,3d_5pct,specialize,False,240,20,12,0.2573560195773713,0.7100873080114953,0.5333333611488342,0.7027792677622993,0.16944590661346504,0.7207728794642857,0.6811175337186898
7,B_group,dev2,optics,3d_8pct,specialize,False,240,20,12,0.2301872776160596,0.6502857713018301,0.40416666865348816,0.5140142264029056,0.10984755774941746,0.6584240501766274,0.532448377581121
7,B_group,dev2,optics,5d_3pct,specialize,False,240,20,12,0.18727751753450855,0.5944076734892286,0.7749999761581421,0.9008844492386193,0.12588447308047723,0.5954798884906413,0.5455696202531646
7,B_group,dev2,optics,5d_5pct,specialize,False,240,20,12,0.2582204850609774,0.7437085446215386,0.6208333373069763,0.8281846229581933,0.20735128565121697,0.6665683309978613,0.5631951466127402
7,B_group,dev2,optics,5d_8pct,specialize,False,240,20,12,0.261342831434222,0.7320449896418488,0.5208333134651184,0.7156822947663011,0.19484898130118267,0.6581565217391304,0.5634218289085545
7,B_group,dev2,storage,1d_3pct,specialize,False,80,20,4,0.2544553345620102,0.7031363116980377,0.5249999761581421,0.6062861624583278,0.08128618630018569,0.5614035087719298,0.5461538461538461
7,B_group,dev2,storage,1d_5pct,specialize,False,80,20,4,0.21967199797243767,0.6306589255726534,0.3125,0.39496345343277356,0.08246345343277356,0.5607272727272727,0.5568513119533528
7,B_group,dev2,storage,1d_8pct,specialize,False,80,20,4,0.187988483790766,0.5595279815950991,0.25,0.2654609042384747,0.015460904238474682,0.5558333333333334,0.5675675675675675
7,B_group,dev2,storage,3d_3pct,specialize,False,80,20,4,0.2631927897547299,0.7678721670088159,0.6625000238418579,0.8583285266747401,0.19582850283288222,0.5073375262054507,0.5042735042735043
7,B_group,dev2,storage,3d_5pct,specialize,False,80,20,4,0.280631172148872,0.7650073011764971,0.550000011920929,0.7354647888001662,0.18546477687923724,0.5732323232323232,0.5583756345177665
7,B_group,dev2,storage,3d_8pct,specialize,False,80,20,4,0.28060569831703125,0.7574335366641838,0.42500001192092896,0.6010430122672161,0.17604300034628717,0.4744245524296675,0.47692307692307695
7,B_group,dev2,storage,5d_3pct,specialize,False,80,20,4,0.19716560045328094,0.6460358764007318,0.7749999761581421,0.9202623701941505,0.14526239403600838,0.44354838709677424,0.4352517985611511
7,B_group,dev2,storage,5d_5pct,specialize,False,80,20,4,0.24649686212306382,0.733048315078533,0.6875,0.8702295292514541,0.18272952925145414,0.5483636363636364,0.5451895043731778
7,B_group,dev2,storage,5d_8pct,specialize,False,80,20,4,0.2954006322109722,0.8167156427790262,0.5625,0.7838681053107608,0.2213681053107608,0.5003174603174603,0.5216284987277354
7,B_no_group,dev1,chips,1d_3pct,specialize,False,152,19,8,0.23173888799102152,0.6579244663347004,0.4934210479259491,0.516942516592879,0.023521468666929946,0.6573160173160174,0.5182119205298015
7,B_no_group,dev1,chips,1d_5pct,specialize,False,152,19,8,0.20505430313969922,0.5926967414154977,0.30921053886413574,0.3519343844280448,0.04272384556390907,0.638500506585613,0.4790874524714829
7,B_no_group,dev1,chips,1d_8pct,specialize,False,152,19,8,0.11023652104372814,0.3777517266320805,0.125,0.16504403995990702,0.04004403995990702,0.5858725761772853,0.4896551724137931
7,B_no_group,dev1,chips,3d_3pct,specialize,False,152,19,8,0.21060468451724476,0.6173013149253627,0.6907894611358643,0.8183638960623015,0.12757443492643727,0.708611955420466,0.5726495726495726
7,B_no_group,dev1,chips,3d_5pct,specialize,False,152,19,8,0.2478427159298348,0.6889358423592975,0.5394737124443054,0.5570776214345488,0.017603908990243333,0.6516550522648082,0.5994809688581315
7,B_no_group,dev1,chips,3d_8pct,specialize,False,152,19,8,0.2232161073044594,0.6388098248229737,0.32894736528396606,0.39449971194739525,0.06555234666342918,0.6329411764705882,0.589622641509434
7,B_no_group,dev1,chips,5d_3pct,specialize,False,152,19,8,0.19953890462918125,0.5946306045919044,0.7302631735801697,0.8379330097973469,0.10766983621717718,0.6753460777851021,0.5657327586206896
7,B_no_group,dev1,chips,5d_5pct,specialize,False,152,19,8,0.23815205918223556,0.6692346218565876,0.6118420958518982,0.6705707267360945,0.05872863088419633,0.6835246947330053,0.6650197628458498
7,B_no_group,dev1,chips,5d_8pct,specialize,False,152,19,8,0.2522030179580978,0.6975460835915733,0.44078946113586426,0.5373610208921034,0.0965715597562391,0.686918349429324,0.6723826714801444
7,B_no_group,dev1,optics,1d_3pct,specialize,False,228,19,12,0.22237220801054114,0.6367802894563255,0.5745614171028137,0.5468722093288048,0.02768920777400896,0.6704178799087117,0.5361990950226244
7,B_no_group,dev1,optics,1d_5pct,specialize,False,228,19,12,0.2056200318690793,0.5973294704351422,0.35087719559669495,0.3715041029890248,0.020626907392329863,0.691722972972973,0.5364077669902912
7,B_no_group,dev1,optics,1d_8pct,specialize,False,228,19,12,0.12214954238599586,0.40645423033301925,0.14473684132099152,0.17751667441991556,0.032779833098924044,0.6291375291375292,0.4197916666666667
7,B_no_group,dev1,optics,3d_3pct,specialize,False,228,19,12,0.1998769202324593,0.5968249869881977,0.7105262875556946,0.8272963100117665,0.11677002245607193,0.6795735129068463,0.5445103857566765
7,B_no_group,dev1,optics,3d_5pct,specialize,False,228,19,12,0.24980012290396325,0.69276434015911,0.5175438523292542,0.5568921323786752,0.039348280049421036,0.6340138674884438,0.5626410835214447
7,B_no_group,dev1,optics,3d_8pct,specialize,False,228,19,12,0.23017489449927417,0.6529764402015739,0.359649121761322,0.3964309581921647,0.03678183643084265,0.619153023722018,0.5706650831353919
7,B_no_group,dev1,optics,5d_3pct,specialize,False,228,19,12,0.1836277979325737,0.5548223409022384,0.7543859481811523,0.8463132199922165,0.09192727181106419,0.6927948504983389,0.5962171052631579
7,B_no_group,dev1,optics,5d_5pct,specialize,False,228,19,12,0.24973761299947048,0.6934442356385007,0.5789473652839661,0.6721833940771995,0.09323602879323345,0.6728219696969697,0.6111111111111112
7,B_no_group,dev1,optics,5d_8pct,specialize,False,228,19,12,0.2536455224395739,0.7004449302810744,0.4385964870452881,0.5393495076113556,0.1007530205660675,0.64203125,0.5963785046728972
7,B_no_group,dev1,storage,1d_3pct,specialize,False,76,19,4,0.2445736093773155,0.6829503109154126,0.6184210777282715,0.5443432789116294,0.07407779881664212,0.5436537050623624,0.5532544378698225
7,B_no_group,dev1,storage,1d_5pct,specialize,False,76,19,4,0.23132392388195563,0.6531734237147925,0.3947368562221527,0.37151769225740655,0.02321916396474616,0.6202898550724638,0.6228070175438597
7,B_no_group,dev1,storage,1d_8pct,specialize,False,76,19,4,0.17644258132429633,0.539923295055066,0.22368420660495758,0.16178167006784383,0.06190253653711375,0.5598205383848455,0.5907258064516129
7,B_no_group,dev1,storage,3d_3pct,specialize,False,76,19,4,0.15746125613604037,0.48437546271258947,0.7894737124443054,0.8374796947997677,0.04800598235546227,0.71875,0.7
7,B_no_group,dev1,storage,3d_5pct,specialize,False,76,19,4,0.23146744190923035,0.6559200805013553,0.6842105388641357,0.553981388686843,0.13022915017729275,0.6298076923076923,0.6225165562913907
7,B_no_group,dev1,storage,3d_8pct,specialize,False,76,19,4,0.25778244838207326,0.708921794327177,0.5,0.39416687429465347,0.10583312570534653,0.6973684210526316,0.6917613636363636
7,B_no_group,dev1,storage,5d_3pct,specialize,False,76,19,4,0.14522871102693508,0.45829254567551764,0.8157894611358643,0.8448932459104044,0.02910378477454012,0.6722350230414746,0.660377358490566
7,B_no_group,dev1,storage,5d_5pct,specialize,False,76,19,4,0.18670649000488523,0.5620447897881109,0.7631579041481018,0.6706646928228127,0.09249321132528909,0.7231800766283524,0.72265625
7,B_no_group,dev1,storage,5d_8pct,specialize,False,76,19,4,0.23920153329081584,0.6714751628484759,0.5921052694320679,0.537493586673387,0.05461168275868089,0.7770609318996416,0.7748538011695908
7,B_no_group,dev2,chips,1d_3pct,specialize,False,160,20,8,0.2585208365512457,0.7116489813915228,0.4000000059604645,0.5439082157344144,0.1439082097739499,0.568359375,0.42134831460674155
7,B_no_group,dev2,chips,1d_5pct,specialize,False,160,20,8,0.17141931016367307,0.5231633379943174,0.20000000298023224,0.33354925033200616,0.13354924735177393,0.640869140625,0.5145833333333333
7,B_no_group,dev2,chips,1d_8pct,specialize,False,160,20,8,0.09253634121350922,0.3212325774158342,0.10000000149011612,0.1943471720871484,0.09434717059703229,0.767361111111111,0.5814814814814815
7,B_no_group,dev2,chips,3d_3pct,specialize,False,160,20,8,0.2819174068574486,0.7934636207148632,0.5874999761581421,0.8124600769296887,0.2249601007715466,0.6353965183752417,0.6276595744680851
7,B_no_group,dev2,chips,3d_5pct,specialize,False,160,20,8,0.3122644000164062,0.8391016645411901,0.40625,0.6881130755132208,0.28186307551322076,0.5906072874493927,0.5116918844566712
7,B_no_group,dev2,chips,3d_8pct,specialize,False,160,20,8,0.24037411148414772,0.6728551081709064,0.28125,0.5124289832249393,0.23117898322493935,0.7186473429951691,0.6661045531197302
7,B_no_group,dev2,chips,5d_3pct,specialize,False,160,20,8,0.2565470637910055,0.7919425090004227,0.6875,0.893496695835054,0.20599669583505398,0.588909090909091,0.5389221556886228
7,B_no_group,dev2,chips,5d_5pct,specialize,False,160,20,8,0.3229314334357083,0.8975026468010651,0.5062500238418579,0.7931877144985146,0.28693769065665664,0.624785122675418,0.5607476635514018
7,B_no_group,dev2,chips,5d_8pct,specialize,False,160,20,8,0.3400900145146489,0.9112892172634309,0.34375,0.6951513012386311,0.3514013012386311,0.6275324675324676,0.5476550680786687
7,B_no_group,dev2,optics,1d_3pct,specialize,False,240,20,12,0.23774514402844207,0.6687760487271132,0.5375000238418579,0.5890178512675497,0.051517827425691776,0.6088413995390739,0.4627006610009443
7,B_no_group,dev2,optics,1d_5pct,specialize,False,240,20,12,0.20801433599184505,0.6008651927002143,0.3291666805744171,0.36295486182435327,0.033788181249936156,0.6337762402704615,0.49504950495049505
7,B_no_group,dev2,optics,1d_8pct,specialize,False,240,20,12,0.14076144340120436,0.438876680353112,0.19166666269302368,0.2333503569827213,0.04168369428969762,0.7328552218735993,0.6035502958579881
7,B_no_group,dev2,optics,3d_3pct,specialize,False,240,20,12,0.22797462527313167,0.6658504261129692,0.6833333373069763,0.8197917092790287,0.13645837197205235,0.5937901155327343,0.4863731656184486
7,B_no_group,dev2,optics,3d_5pct,specialize,False,240,20,12,0.2623151435567346,0.7289899220423425,0.5333333611488342,0.7143607276006319,0.18102736645179762,0.6175362723214286,0.45183044315992293
7,B_no_group,dev2,optics,3d_8pct,specialize,False,240,20,12,0.23589810366542646,0.6634452171980055,0.40416666865348816,0.5321947123938185,0.1280280437403304,0.6754019176699588,0.5688298918387414
7,B_no_group,dev2,optics,5d_3pct,specialize,False,240,20,12,0.18885615091715102,0.6053803721042962,0.7749999761581421,0.9042085915535973,0.12920861539545525,0.5889088012743926,0.5265822784810127
7,B_no_group,dev2,optics,5d_5pct,specialize,False,240,20,12,0.2552232375574979,0.7278129485770339,0.6208333373069763,0.8183538939799981,0.19752055667302182,0.6507117044029795,0.5409504550050556
7,B_no_group,dev2,optics,5d_8pct,specialize,False,240,20,12,0.253280935227247,0.7124472723191263,0.5208333134651184,0.7002809924674599,0.1794476790023415,0.657704347826087,0.5073746312684366
7,B_no_group,dev2,storage,1d_3pct,specialize,False,80,20,4,0.27299427190036984,0.7424509131719507,0.5249999761581421,0.6473327154914742,0.12233273933333211,0.45175438596491224,0.45384615384615384
7,B_no_group,dev2,storage,1d_5pct,specialize,False,80,20,4,0.21488916662226437,0.6210017062905421,0.3125,0.41522121475608625,0.10272121475608625,0.6850909090909091,0.685131195335277
7,B_no_group,dev2,storage,1d_8pct,specialize,False,80,20,4,0.18000456526042657,0.5386096585160146,0.25,0.31992421049415193,0.06992421049415193,0.6716666666666666,0.6993243243243243
7,B_no_group,dev2,storage,3d_3pct,specialize,False,80,20,4,0.266909715419031,0.7841082735441751,0.6625000238418579,0.8552184339856079,0.19271841014375002,0.389937106918239,0.396011396011396
7,B_no_group,dev2,storage,3d_5pct,specialize,False,80,20,4,0.3040804567934801,0.8293873575065088,0.550000011920929,0.7662371434848316,0.21623713156390267,0.35669191919191917,0.33248730964467005
7,B_no_group,dev2,storage,3d_8pct,specialize,False,80,20,4,0.27122781218990627,0.7363345940560355,0.42500001192092896,0.596775044408246,0.17177503248731707,0.5965473145780051,0.6025641025641025
7,B_no_group,dev2,storage,5d_3pct,specialize,False,80,20,4,0.19833052755923347,0.6571926881822486,0.7749999761581421,0.9263723363259315,0.15137236016778943,0.47939068100358423,0.4568345323741007
7,B_no_group,dev2,storage,5d_5pct,specialize,False,80,20,4,0.24157537911662672,0.70673003758666,0.6875,0.8534031354739,0.1659031354739,0.5429090909090909,0.543731778425656
7,B_no_group,dev2,storage,5d_8pct,specialize,False,80,20,4,0.298487499776129,0.8205628224202952,0.5625,0.7805653836961607,0.2180653836961607,0.40507936507936504,0.37404580152671757
7,C_group,dev1,chips,1d_3pct,recency,False,152,19,8,0.228213747563188,0.6479573569133898,0.4934210479259491,0.46520672409760805,0.028214323828341048,0.6796536796536796,0.5860927152317881
7,C_group,dev1,chips,1d_5pct,recency,False,152,19,8,0.19994102527875762,0.5843278807312415,0.30921053886413574,0.31589515062984563,0.006684611765709891,0.665450861195542,0.5380228136882129
7,C_group,dev1,chips,1d_8pct,recency,False,152,19,8,0.10296606030358943,0.3495933087833357,0.125,0.15387979961839995,0.028879799618399954,0.7400079145231501,0.6586206896551724
7,C_group,dev1,chips,3d_3pct,recency,False,152,19,8,0.19512014377945056,0.5766759760547687,0.6907894611358643,0.6817546200397426,0.009034841096121626,0.7333333333333333,0.6666666666666666
7,C_group,dev1,chips,3d_5pct,recency,False,152,19,8,0.2129766074444956,0.6167672582570863,0.5394737124443054,0.5819972191756442,0.042523506731338756,0.7534843205574914,0.6608996539792388
7,C_group,dev1,chips,3d_8pct,recency,False,152,19,8,0.19943728731343888,0.5863491415024807,0.32894736528396606,0.41287483605941194,0.08392747077544588,0.7507843137254901,0.6283018867924528
7,C_group,dev1,chips,5d_3pct,recency,False,152,19,8,0.18572179775246225,0.5534860049087004,0.7302631735801697,0.7627050200319158,0.03244184645174608,0.6978686003076247,0.5991379310344828
7,C_group,dev1,chips,5d_5pct,recency,False,152,19,8,0.20831890483153725,0.6025532388362155,0.6118420958518982,0.692789124816921,0.08094702896502282,0.7853107344632768,0.6996047430830039
7,C_group,dev1,chips,5d_8pct,recency,False,152,19,8,0.22855850984880496,0.6489172503535672,0.44078946113586426,0.568242428013476,0.12745296687761176,0.7843722563652327,0.6696750902527075
7,C_group,dev1,optics,1d_3pct,recency,False,228,19,12,0.22515420955394366,0.6424071435732565,0.5745614171028137,0.5109815933659836,0.06357982373683013,0.6501141103328874,0.5192307692307693
7,C_group,dev1,optics,1d_5pct,recency,False,228,19,12,0.21300442421971846,0.6123056553398812,0.35087719559669495,0.3595355821542492,0.008658386557554243,0.6336993243243244,0.4587378640776699
7,C_group,dev1,optics,1d_8pct,recency,False,228,19,12,0.12140108853622279,0.3997409541789978,0.14473684132099152,0.18196447904633237,0.03722763772534085,0.6327894327894328,0.5479166666666667
7,C_group,dev1,optics,3d_3pct,recency,False,228,19,12,0.19174658539367934,0.5702141807166212,0.7105262875556946,0.7070061249691411,0.0035201625865535213,0.6457164234942012,0.45548961424332346
7,C_group,dev1,optics,3d_5pct,recency,False,228,19,12,0.23743178618720556,0.6704668043699761,0.5175438523292542,0.6340028125706181,0.11645896024136393,0.6577812018489984,0.5214446952595937
7,C_group,dev1,optics,3d_8pct,recency,False,228,19,12,0.22378723638510878,0.6373380226798375,0.359649121761322,0.4601931122563807,0.10054399049505869,0.635733377881724,0.5201900237529691
7,C_group,dev1,optics,5d_3pct,recency,False,228,19,12,0.17498043697761842,0.5311723208902371,0.7543859481811523,0.7895666918238142,0.03518074364266188,0.6597799003322258,0.44243421052631576
7,C_group,dev1,optics,5d_5pct,recency,False,228,19,12,0.2415721548318075,0.6814431091320186,0.5789473652839661,0.7296850366788116,0.1507376713948455,0.6700599747474747,0.5555555555555556
7,C_group,dev1,optics,5d_8pct,recency,False,228,19,12,0.2448024026760777,0.6833243249763987,0.4385964870452881,0.5888787753474185,0.15028228830213042,0.69453125,0.5911214953271028
7,C_group,dev1,storage,1d_3pct,recency,False,76,19,4,0.23184986019938836,0.6563335836929314,0.6184210777282715,0.5850115065441394,0.033409571184132125,0.6302274394717535,0.6124260355029586
7,C_group,dev1,storage,1d_5pct,recency,False,76,19,4,0.22946540417056907,0.6512740030948735,0.3947368562221527,0.4011229757758653,0.006386119553712599,0.6601449275362319,0.6345029239766082
7,C_group,dev1,storage,1d_8pct,recency,False,76,19,4,0.1687969952540973,0.5177094939082011,0.22368420660495758,0.21013879984949108,0.013545406755466505,0.659022931206381,0.6451612903225806
7,C_group,dev1,storage,3d_3pct,recency,False,76,19,4,0.16442689684028874,0.5100236047714513,0.7894737124443054,0.7554217482715676,0.034051964172737814,0.6822916666666667,0.6739130434782609
7,C_group,dev1,storage,3d_5pct,recency,False,76,19,4,0.2046666926070214,0.5960188027192945,0.6842105388641357,0.7039261630616623,0.019715624197526593,0.7379807692307693,0.7019867549668874
7,C_group,dev1,storage,3d_8pct,recency,False,76,19,4,0.24185542520136086,0.67673392897962,0.5,0.5338618625149326,0.03386186251493262,0.7022160664819944,0.6960227272727273
7,C_group,dev1,storage,5d_3pct,recency,False,76,19,4,0.15098442636310672,0.4805474356184435,0.8157894611358643,0.8372132116570572,0.02142375052119294,0.48847926267281105,0.4811320754716981
7,C_group,dev1,storage,5d_5pct,recency,False,76,19,4,0.1747912670028962,0.5289777129691352,0.7631579041481018,0.7985667101525976,0.03540880600449581,0.7614942528735632,0.75390625
7,C_group,dev1,storage,5d_8pct,recency,False,76,19,4,0.23184620863157204,0.6542194274422556,0.5921052694320679,0.6545488188700338,0.06244354943796593,0.778494623655914,0.7748538011695907
7,C_group,dev2,chips,1d_3pct,recency,False,160,20,8,0.22555976850457632,0.6422982412864642,0.4000000059604645,0.4371737155353337,0.03717370957486921,0.6521809895833334,0.5898876404494382
7,C_group,dev2,chips,1d_5pct,recency,False,160,20,8,0.1657605427110232,0.5020276604161762,0.20000000298023224,0.2701315477841891,0.07013154480395684,0.628662109375,0.46458333333333335
7,C_group,dev2,chips,1d_8pct,recency,False,160,20,8,0.08882223885935983,0.29922997007795715,0.10000000149011612,0.11392656192575254,0.01392656043563642,0.6948784722222222,0.4703703703703704
7,C_group,dev2,chips,3d_3pct,recency,False,160,20,8,0.2625679232991399,0.7364942775841121,0.5874999761581421,0.7506113367026421,0.16311136054450004,0.6165377176015473,0.6156914893617021
7,C_group,dev2,chips,3d_5pct,recency,False,160,20,8,0.27844882427810486,0.7669116399656771,0.40625,0.5999757536733054,0.19372575367330536,0.6017813765182187,0.4718019257221458
7,C_group,dev2,chips,3d_8pct,recency,False,160,20,8,0.22818631198443723,0.6449765218987935,0.28125,0.4127903029447915,0.13154030294479152,0.6200966183574879,0.448566610455312
7,C_group,dev2,chips,5d_3pct,recency,False,160,20,8,0.23357069291548357,0.6888353769440301,0.6875,0.8265047025676981,0.13900470256769815,0.604,0.561377245508982
7,C_group,dev2,chips,5d_5pct,recency,False,160,20,8,0.2967990432403573,0.8402434732605485,0.5062500238418579,0.730406909025778,0.22415688518392007,0.5960306297859039,0.4672897196261682
7,C_group,dev2,chips,5d_8pct,recency,False,160,20,8,0.2807800590441958,0.7689375947283811,0.34375,0.5680208364565164,0.22427083645651635,0.5984415584415584,0.4069591527987897
7,C_group,dev2,optics,1d_3pct,recency,False,240,20,12,0.22585169733085983,0.6465925778862437,0.5375000238418579,0.5119020395307884,0.02559798431106952,0.6928556463440183,0.5750708215297451
7,C_group,dev2,optics,1d_5pct,recency,False,240,20,12,0.2039031936741474,0.5858997450231942,0.3291666805744171,0.36000196651638877,0.030835285941971657,0.6676625520874282,0.44884488448844884
7,C_group,dev2,optics,1d_8pct,recency,False,240,20,12,0.14764063691264878,0.4537961081264266,0.19166666269302368,0.1682248192517149,0.023441843441308785,0.6616987897803676,0.4985207100591716
7,C_group,dev2,optics,3d_3pct,recency,False,240,20,12,0.21774747418113263,0.6363665505624355,0.6833333373069763,0.779016758488312,0.09568342118133566,0.6335847240051348,0.5
7,C_group,dev2,optics,3d_5pct,recency,False,240,20,12,0.2540983105902879,0.7188971272691546,0.5333333611488342,0.6681442319223247,0.13481087077349052,0.6124441964285715,0.3834296724470135
7,C_group,dev2,optics,3d_8pct,recency,False,240,20,12,0.24645991488699798,0.686278813333604,0.40416666865348816,0.5094707383374574,0.10530406968396921,0.6254776151683368,0.3942969518190757
7,C_group,dev2,optics,5d_3pct,recency,False,240,20,12,0.18303331561635083,0.5662399826616965,0.7749999761581421,0.8458933960528711,0.07089341989472897,0.6107128634010355,0.5012658227848101
7,C_group,dev2,optics,5d_5pct,recency,False,240,20,12,0.24173850328835006,0.7229897197572046,0.6208333373069763,0.7792110945461087,0.1583777572391324,0.6183346854487793,0.40040444893832156
7,C_group,dev2,optics,5d_8pct,recency,False,240,20,12,0.24814138426937013,0.7005220378233484,0.5208333134651184,0.6332518433425686,0.11241852987745016,0.6173217391304348,0.35398230088495575
7,C_group,dev2,storage,1d_3pct,recency,False,80,20,4,0.24640627380638436,0.6861459496168776,0.5249999761581421,0.5910536298184552,0.06605365366031313,0.6265664160401003,0.5769230769230769
7,C_group,dev2,storage,1d_5pct,recency,False,80,20,4,0.23807573968949822,0.6687448147975875,0.3125,0.41167038222636887,0.09917038222636887,0.42618181818181816,0.3673469387755102
7,C_group,dev2,storage,1d_8pct,recency,False,80,20,4,0.2041718345195545,0.61569445777827,0.25,0.18241350834885703,0.06758649165114297,0.3683333333333333,0.33783783783783783
7,C_group,dev2,storage,3d_3pct,recency,False,80,20,4,0.2608061307102032,0.7572558822274384,0.6625000238418579,0.8511913790586668,0.1886913552168089,0.4444444444444445,0.38746438746438744
7,C_group,dev2,storage,3d_5pct,recency,False,80,20,4,0.3122763139459356,0.8560864247644041,0.550000011920929,0.764820228933772,0.21482021701284304,0.32512626262626265,0.2817258883248731
7,C_group,dev2,storage,3d_8pct,recency,False,80,20,4,0.3154384215555184,0.8340173008749904,0.42500001192092896,0.6025658756876412,0.17756586376671224,0.2755754475703325,0.2282051282051282
7,C_group,dev2,storage,5d_3pct,recency,False,80,20,4,0.19455057321725677,0.6279420106508427,0.7749999761581421,0.909008604611623,0.13400862845348094,0.3637992831541219,0.32014388489208634
7,C_group,dev2,storage,5d_5pct,recency,False,80,20,4,0.26333170033522,0.8086301380077009,0.6875,0.8766463331416091,0.1891463331416091,0.24363636363636362,0.18950437317784258
7,C_group,dev2,storage,5d_8pct,recency,False,80,20,4,0.31132898494839073,0.8526615685711565,0.5625,0.7490032563951701,0.18650325639517007,0.18984126984126984,0.11195928753180662
7,C_no_group,dev1,chips,1d_3pct,recency,False,152,19,8,0.2190361294962133,0.62727111931084,0.4934210479259491,0.4731644964863824,0.020256551439566672,0.6987012987012987,0.4337748344370861
7,C_no_group,dev1,chips,1d_5pct,recency,False,152,19,8,0.19660226916129223,0.5701207036706902,0.30921053886413574,0.23798776363921298,0.07122277522492276,0.6940222897669707,0.467680608365019
7,C_no_group,dev1,chips,1d_8pct,recency,False,152,19,8,0.110093452840175,0.3745747691838542,0.125,0.07071979520909027,0.054280204790909725,0.6177285318559557,0.43448275862068964
7,C_no_group,dev1,chips,3d_3pct,recency,False,152,19,8,0.20967369593933413,0.6102162263234865,0.6907894611358643,0.8232075309527296,0.13241806981686532,0.7116514690982776,0.41452991452991456
7,C_no_group,dev1,chips,3d_5pct,recency,False,152,19,8,0.22501913046471048,0.6450006257023504,0.5394737124443054,0.6476282144135158,0.10815450196921039,0.7071428571428571,0.43425605536332185
7,C_no_group,dev1,chips,3d_8pct,recency,False,152,19,8,0.2054321782955796,0.5881486904000771,0.32894736528396606,0.4473527862917483,0.11840542100778223,0.7007843137254902,0.43018867924528303
7,C_no_group,dev1,chips,5d_3pct,recency,False,152,19,8,0.21229240204643995,0.6528791966955105,0.7302631735801697,0.8995471492273591,0.16928397564718944,0.6912766424961546,0.4827586206896552
7,C_no_group,dev1,chips,5d_5pct,recency,False,152,19,8,0.24048308834723464,0.7023166296151051,0.6118420958518982,0.8118956882430441,0.20005359239114595,0.7173318753417168,0.46047430830039526
7,C_no_group,dev1,chips,5d_8pct,recency,False,152,19,8,0.2597091177769905,0.7320271631677226,0.44078946113586426,0.6705144328476237,0.22972497171175943,0.6869183494293241,0.3971119133574007
7,C_no_group,dev1,optics,1d_3pct,recency,False,228,19,12,0.21065960559734295,0.6123552369018879,0.5745614171028137,0.565653021362223,0.008908395740590769,0.7029983473675927,0.5305429864253394
7,C_no_group,dev1,optics,1d_5pct,recency,False,228,19,12,0.20221009911679103,0.5807027788116597,0.35087719559669495,0.307650701523221,0.04322649407347395,0.7004222972972973,0.4696601941747573
7,C_no_group,dev1,optics,1d_8pct,recency,False,228,19,12,0.11657780185072711,0.3804634676083693,0.14473684132099152,0.10932988528593798,0.03540695603505353,0.7204351204351205,0.5270833333333333
7,C_no_group,dev1,optics,3d_3pct,recency,False,228,19,12,0.20132856220245968,0.6164092651831607,0.7105262875556946,0.8467424996264513,0.13621621207075674,0.6994014216236439,0.42729970326409494
7,C_no_group,dev1,optics,3d_5pct,recency,False,228,19,12,0.246217330991365,0.7044085858793268,0.5175438523292542,0.6886951686777648,0.17115131634851066,0.6944530046224962,0.4672686230248307
7,C_no_group,dev1,optics,3d_8pct,recency,False,228,19,12,0.2231864998604054,0.6349055282168035,0.359649121761322,0.49388248203472424,0.1342333602734022,0.7024724356832609,0.5403800475059383
7,C_no_group,dev1,optics,5d_3pct,recency,False,228,19,12,0.2032405369568701,0.6690818328389223,0.7543859481811523,0.9232861419177986,0.16890019373664622,0.6503322259136213,0.4342105263157895
7,C_no_group,dev1,optics,5d_5pct,recency,False,228,19,12,0.27979483648517556,0.8167227614160497,0.5789473652839661,0.8343884821584481,0.255441116874482,0.6991003787878788,0.4799054373522459
7,C_no_group,dev1,optics,5d_8pct,recency,False,228,19,12,0.27563422245256125,0.7761881578794955,0.4385964870452881,0.6933685686804036,0.25477208163511555,0.709609375,0.5151869158878505
7,C_no_group,dev1,storage,1d_3pct,recency,False,76,19,4,0.2409551862319314,0.6751078496180231,0.6184210777282715,0.5719823482237303,0.0464387295045412,0.46955245781364635,0.39349112426035504
7,C_no_group,dev1,storage,1d_5pct,recency,False,76,19,4,0.24708174914989017,0.690204169014114,0.3947368562221527,0.3039343340400315,0.0908025221821212,0.4927536231884059,0.39766081871345027
7,C_no_group,dev1,storage,1d_8pct,recency,False,76,19,4,0.1936832661445016,0.6306369529393422,0.22368420660495758,0.08536432634893791,0.13831988025601966,0.46660019940179465,0.42338709677419356
7,C_no_group,dev1,storage,3d_3pct,recency,False,76,19,4,0.17508836812531126,0.5509955075599006,0.7894737124443054,0.8877961540259351,0.09832244158162973,0.55,0.5869565217391305
7,C_no_group,dev1,storage,3d_5pct,recency,False,76,19,4,0.220066346104508,0.6341611035138068,0.6842105388641357,0.7558795848224971,0.07166904595836132,0.5504807692307692,0.5728476821192053
7,C_no_group,dev1,storage,3d_8pct,recency,False,76,19,4,0.25864108033735983,0.7107863918685794,0.5,0.5539862293625331,0.053986229362533056,0.45706371191135736,0.4460227272727273
7,C_no_group,dev1,storage,5d_3pct,recency,False,76,19,4,0.16725701151952724,0.5843229713512058,0.8157894611358643,0.9465171190947559,0.13072765795889163,0.5253456221198157,0.5047169811320755
7,C_no_group,dev1,storage,5d_5pct,recency,False,76,19,4,0.19842513205049522,0.6219605979873792,0.7631579041481018,0.8948660751458954,0.13170817099779364,0.5258620689655172,0.50390625
7,C_no_group,dev1,storage,5d_8pct,recency,False,76,19,4,0.2810717434079787,0.7778913328042553,0.5921052694320679,0.793540892413502,0.20143562298143414,0.5584229390681004,0.5994152046783626
7,C_no_group,dev2,chips,1d_3pct,recency,False,160,20,8,0.23708967075097673,0.6678016171373355,0.4000000059604645,0.478271853625055,0.0782718476645905,0.6388346354166666,0.44803370786516855
7,C_no_group,dev2,chips,1d_5pct,recency,False,160,20,8,0.171716319141691,0.5206068038563745,0.20000000298023224,0.3119761207128084,0.11197611773257615,0.623291015625,0.4354166666666667
7,C_no_group,dev2,chips,1d_8pct,recency,False,160,20,8,0.08836719101377885,0.3039009123201072,0.10000000149011612,0.14027022358142163,0.04027022209130551,0.6675347222222222,0.37037037037037035
7,C_no_group,dev2,chips,3d_3pct,recency,False,160,20,8,0.2597941971646189,0.728030423284922,0.5874999761581421,0.7033604528557136,0.11586047669757149,0.5488394584139266,0.40558510638297873
7,C_no_group,dev2,chips,3d_5pct,recency,False,160,20,8,0.26279990350338556,0.7233563575591848,0.40625,0.5407623140668301,0.13451231406683006,0.5705263157894738,0.33837689133425036
7,C_no_group,dev2,chips,3d_8pct,recency,False,160,20,8,0.2161608572850279,0.6204549902220178,0.28125,0.3989597784079708,0.11770977840797081,0.6253140096618358,0.42833052276559863
7,C_no_group,dev2,chips,5d_3pct,recency,False,160,20,8,0.22920230518477047,0.6691613059570194,0.6875,0.7860307594500012,0.09853075945000123,0.5285454545454545,0.4041916167664671
7,C_no_group,dev2,chips,5d_5pct,recency,False,160,20,8,0.2860278098215062,0.7860063595728122,0.5062500238418579,0.6771927070796853,0.17094268323782735,0.5407094858571652,0.30173564753004006
7,C_no_group,dev2,chips,5d_8pct,recency,False,160,20,8,0.26269543111315485,0.7225340580588414,0.34375,0.5231044015848773,0.17935440158487725,0.589090909090909,0.3524962178517398
7,C_no_group,dev2,optics,1d_3pct,recency,False,240,20,12,0.23716736174175632,0.6706347713855582,0.5375000238418579,0.536351032855705,0.0011489909861529535,0.6276276276276276,0.37299338999055714
7,C_no_group,dev2,optics,1d_5pct,recency,False,240,20,12,0.20320997152783093,0.5855839092567562,0.3291666805744171,0.3463946110198195,0.017227930445402384,0.6640459155593993,0.3487348734873487
7,C_no_group,dev2,optics,1d_8pct,recency,False,240,20,12,0.1457252301951158,0.45140537460442093,0.19166666269302368,0.16071533548954178,0.0309513272034819,0.6855670103092784,0.4511834319526627
7,C_no_group,dev2,optics,3d_3pct,recency,False,240,20,12,0.21919930577095928,0.6391312368015565,0.6833333373069763,0.7130624642595623,0.029729126952586005,0.5633825417201541,0.31761006289308175
7,C_no_group,dev2,optics,3d_5pct,recency,False,240,20,12,0.2378276230814813,0.6709103016550237,0.5333333611488342,0.5508199564950871,0.017486595346252853,0.6070033482142857,0.30732177263969174
7,C_no_group,dev2,optics,3d_8pct,recency,False,240,20,12,0.2285725872915523,0.6436493009566606,0.40416666865348816,0.41181650602919223,0.007649837375704072,0.6163218225073895,0.3647984267453294
7,C_no_group,dev2,optics,5d_3pct,recency,False,240,20,12,0.18201022440888365,0.5612357946752217,0.7749999761581421,0.8031637231376789,0.02816374697953683,0.5163281561131023,0.2936708860759494
7,C_no_group,dev2,optics,5d_5pct,recency,False,240,20,12,0.23066397630665222,0.6646088387118643,0.6208333373069763,0.6795770788945428,0.058743741587566456,0.5851463972269342,0.29322548028311424
7,C_no_group,dev2,optics,5d_8pct,recency,False,240,20,12,0.24372079360069854,0.6819803603883563,0.5208333134651184,0.5246390341058423,0.003805720640723931,0.5885913043478261,0.32448377581120946
7,C_no_group,dev2,storage,1d_3pct,recency,False,80,20,4,0.2497216097519232,0.6926695173930324,0.5249999761581421,0.5822346593209662,0.057234683162824096,0.5783208020050126,0.5487179487179488
7,C_no_group,dev2,storage,1d_5pct,recency,False,80,20,4,0.22553020504850546,0.643670078930636,0.3125,0.4110540404835198,0.09855404048351979,0.5265454545454545,0.641399416909621
7,C_no_group,dev2,storage,1d_8pct,recency,False,80,20,4,0.19425508141453413,0.5844114091403672,0.25,0.18908177960937203,0.06091822039062797,0.4608333333333333,0.5878378378378378
7,C_no_group,dev2,storage,3d_3pct,recency,False,80,20,4,0.2346865026022892,0.6702024525224362,0.6625000238418579,0.7862119277181685,0.12371190387631059,0.5849056603773585,0.5612535612535613
7,C_no_group,dev2,storage,3d_5pct,recency,False,80,20,4,0.2569927888725717,0.7094586084704128,0.550000011920929,0.6702733182896496,0.12027330636872069,0.5744949494949495,0.6091370558375635
7,C_no_group,dev2,storage,3d_8pct,recency,False,80,20,4,0.25427620691669495,0.7018395613506654,0.42500001192092896,0.5233785186117789,0.09837850669084991,0.5230179028132992,0.5717948717948718
7,C_no_group,dev2,storage,5d_3pct,recency,False,80,20,4,0.17769098035453282,0.5463769219726256,0.7749999761581421,0.8426271695936176,0.06762719343547552,0.5609318996415771,0.5683453237410072
7,C_no_group,dev2,storage,5d_5pct,recency,False,80,20,4,0.22401501926565218,0.6491490857217823,0.6875,0.7897784062747528,0.10227840627475282,0.5570909090909091,0.5451895043731778
7,C_no_group,dev2,storage,5d_8pct,recency,False,80,20,4,0.25596831381611784,0.7072291190153779,0.5625,0.6598311647196737,0.09733116471967374,0.5307936507936508,0.5343511450381679
7,C_no_daily,dev1,chips,1d_3pct,recency,False,152,19,8,0.23846937779574037,0.6697021110518313,0.4934210479259491,0.5323304336704753,0.03890938574452618,0.5942857142857143,0.423841059602649
7,C_no_daily,dev1,chips,1d_5pct,recency,False,152,19,8,0.20593777060025437,0.5996056366058906,0.30921053886413574,0.37092715830441575,0.06171661944028001,0.6131712259371834,0.4524714828897338
7,C_no_daily,dev1,chips,1d_8pct,recency,False,152,19,8,0.11329046945525191,0.38537579960496854,0.125,0.21266617506272145,0.08766617506272145,0.6446379105658884,0.46551724137931033
7,C_no_daily,dev1,chips,3d_3pct,recency,False,152,19,8,0.2067274792845083,0.6046472801587811,0.6907894611358643,0.778735634178326,0.08794617304246177,0.6168186423505573,0.4166666666666667
7,C_no_daily,dev1,chips,3d_5pct,recency,False,152,19,8,0.24015896321784527,0.6741502033774938,0.5394737124443054,0.6512375843709792,0.11176387192667381,0.6329268292682927,0.4290657439446367
7,C_no_daily,dev1,chips,3d_8pct,recency,False,152,19,8,0.23393528050972465,0.6573142041007288,0.32894736528396606,0.5120070139248336,0.18305964864086754,0.6639215686274509,0.4679245283018868
7,C_no_daily,dev1,chips,5d_3pct,recency,False,152,19,8,0.19997584730739862,0.6004234556963869,0.7302631735801697,0.8498026337016625,0.11953946012149286,0.6275543836519446,0.44396551724137934
7,C_no_daily,dev1,chips,5d_5pct,recency,False,152,19,8,0.2379640279744156,0.6753170450451528,0.6118420958518982,0.7707702849300219,0.15892818907812367,0.6797885912156005,0.4505928853754941
7,C_no_daily,dev1,chips,5d_8pct,recency,False,152,19,8,0.2722617516449919,0.7446487749062899,0.44078946113586426,0.6639291989641924,0.2231397378283282,0.64828797190518,0.4620938628158845
7,C_no_daily,dev1,optics,1d_3pct,recency,False,228,19,12,0.237520217783513,0.6680103109681286,0.5745614171028137,0.5298916203884501,0.04466979671436366,0.6369717478555127,0.41855203619909503
7,C_no_daily,dev1,optics,1d_5pct,recency,False,228,19,12,0.2212818566599842,0.6336112582954172,0.35087719559669495,0.374658814846612,0.023781619249917063,0.6360641891891892,0.470873786407767
7,C_no_daily,dev1,optics,1d_8pct,recency,False,228,19,12,0.12545419323888124,0.4181058037703476,0.14473684132099152,0.21263096246814228,0.06789412114715077,0.6365190365190365,0.42291666666666666
7,C_no_daily,dev1,optics,3d_3pct,recency,False,228,19,12,0.19969126147176958,0.5866505165137439,0.7105262875556946,0.777556223144273,0.0670299355885784,0.7013655069210626,0.3768545994065282
7,C_no_daily,dev1,optics,3d_5pct,recency,False,228,19,12,0.2560761221770512,0.7061725434293166,0.5175438523292542,0.6537619823087939,0.13621812997953975,0.685130970724191,0.4616252821670429
7,C_no_daily,dev1,optics,3d_8pct,recency,False,228,19,12,0.23620112438385873,0.6645812800033926,0.359649121761322,0.5063847927495797,0.14673567098825768,0.6819244904777815,0.45961995249406173
7,C_no_daily,dev1,optics,5d_3pct,recency,False,228,19,12,0.1835069176118173,0.5538584071006455,0.7543859481811523,0.8460038610539788,0.0916179128728265,0.6984011627906976,0.41776315789473684
7,C_no_daily,dev1,optics,5d_5pct,recency,False,228,19,12,0.265482012008271,0.7341633671079442,0.5789473652839661,0.7681595082203148,0.1892121429363487,0.6939709595959596,0.4858156028368794
7,C_no_daily,dev1,optics,5d_8pct,recency,False,228,19,12,0.27908411992228244,0.7546561368502638,0.4385964870452881,0.6594043009196581,0.22080781387436998,0.6975,0.5070093457943925
7,C_no_daily,dev1,storage,1d_3pct,recency,False,76,19,4,0.23900152914662678,0.6709838875700126,0.6184210777282715,0.5618070185023317,0.05661405922593976,0.4739545121056493,0.3905325443786982
7,C_no_daily,dev1,storage,1d_5pct,recency,False,76,19,4,0.24122869193870827,0.6756686437784086,0.3947368562221527,0.3952644020863653,0.0005275458642126085,0.3826086956521739,0.3538011695906433
7,C_no_daily,dev1,storage,1d_8pct,recency,False,76,19,4,0.17687258608779297,0.540948692060985,0.22368420660495758,0.22080304632793002,0.0028811602770275613,0.34596211365902296,0.27419354838709675
7,C_no_daily,dev1,storage,3d_3pct,recency,False,76,19,4,0.16527641562480988,0.5115467906385116,0.7894737124443054,0.8089481166237575,0.01947440417945212,0.6125,0.5739130434782609
7,C_no_daily,dev1,storage,3d_5pct,recency,False,76,19,4,0.21500899264508472,0.6211355769454491,0.6842105388641357,0.6892475726963135,0.005037033832177795,0.5592948717948718,0.4867549668874172
7,C_no_daily,dev1,storage,3d_8pct,recency,False,76,19,4,0.255858261795778,0.7050722527867456,0.5,0.5531267176146585,0.05312671761465848,0.48684210526315785,0.5454545454545454
7,C_no_daily,dev1,storage,5d_3pct,recency,False,76,19,4,0.15309555903399721,0.4891315104675803,0.8157894611358643,0.8771864585971233,0.06139699746125904,0.5956221198156683,0.6132075471698113
7,C_no_daily,dev1,storage,5d_5pct,recency,False,76,19,4,0.18136657291355934,0.5492135096873996,0.7631579041481018,0.8070559303511752,0.04389802620307337,0.5919540229885057,0.6171875
7,C_no_daily,dev1,storage,5d_8pct,recency,False,76,19,4,0.25092207071004446,0.6971270415606149,0.5921052694320679,0.701734363565767,0.10962909413369915,0.6007168458781362,0.6549707602339181
7,C_no_daily,dev2,chips,1d_3pct,recency,False,160,20,8,0.2431209451675176,0.679357557668399,0.4000000059604645,0.4564100909545193,0.05641008499405481,0.5017903645833333,0.5575842696629213
7,C_no_daily,dev2,chips,1d_5pct,recency,False,160,20,8,0.16710618600760693,0.5191391295263569,0.20000000298023224,0.284784448231295,0.08478444525106277,0.5458984375,0.525
7,C_no_daily,dev2,chips,1d_8pct,recency,False,160,20,8,0.0905115296168481,0.327604983518583,0.10000000149011612,0.12586502624893098,0.02586502475881486,0.6202256944444444,0.6
7,C_no_daily,dev2,chips,3d_3pct,recency,False,160,20,8,0.2561420422065789,0.7089175545464425,0.5874999761581421,0.7038558327270464,0.11635585656890435,0.41489361702127664,0.3377659574468085
7,C_no_daily,dev2,chips,3d_5pct,recency,False,160,20,8,0.25926687472758253,0.7117290235524032,0.40625,0.5418784628160889,0.13562846281608887,0.5331174089068826,0.5997248968363136
7,C_no_daily,dev2,chips,3d_8pct,recency,False,160,20,8,0.21229992981857607,0.6165675897936068,0.28125,0.3819655611490445,0.10071556114904451,0.4927536231884058,0.5581787521079258
7,C_no_daily,dev2,chips,5d_3pct,recency,False,160,20,8,0.22259481320961166,0.641685425826328,0.6875,0.7768830657131,0.08938306571309995,0.5296363636363637,0.5059880239520959
7,C_no_daily,dev2,chips,5d_5pct,recency,False,160,20,8,0.2766912463461734,0.7499737225650838,0.5062500238418579,0.6700333772161119,0.16378335337425398,0.4955461790904829,0.4939919893190921
7,C_no_daily,dev2,chips,5d_8pct,recency,False,160,20,8,0.2637540341250381,0.7207150320098392,0.34375,0.5389999520011266,0.1952499520011266,0.47930735930735935,0.47806354009077157
7,C_no_daily,dev2,optics,1d_3pct,recency,False,240,20,12,0.25501881414788663,0.7032149285681029,0.5375000238418579,0.45517596606092214,0.08232405778093577,0.5388644458411901,0.5618508026440038
7,C_no_daily,dev2,optics,1d_5pct,recency,False,240,20,12,0.2224780411085596,0.6375348630611289,0.3291666805744171,0.28727566530194804,0.04189101527246908,0.5145058573787248,0.5577557755775577
7,C_no_daily,dev2,optics,1d_8pct,recency,False,240,20,12,0.15869762090709402,0.5034863183951025,0.19166666269302368,0.1304888613177932,0.06117780137523049,0.49439713133124163,0.5443786982248521
7,C_no_daily,dev2,optics,3d_3pct,recency,False,240,20,12,0.2168740137637514,0.6254802475318856,0.6833333373069763,0.701307503964766,0.017974166657789725,0.4784178433889602,0.389937106918239
7,C_no_daily,dev2,optics,3d_5pct,recency,False,240,20,12,0.24823609683194442,0.6896074923612827,0.5333333611488342,0.5398355665442384,0.006502205395404137,0.5636858258928571,0.5924855491329479
7,C_no_daily,dev2,optics,3d_8pct,recency,False,240,20,12,0.2412668424555509,0.675613280850569,0.40416666865348816,0.3822486973028056,0.021917971350682575,0.49462908225794827,0.528023598820059
7,C_no_daily,dev2,optics,5d_3pct,recency,False,240,20,12,0.17438405708266305,0.5331947320387986,0.7749999761581421,0.7712418408803203,0.0037581352778217614,0.5046794105933892,0.5126582278481012
7,C_no_daily,dev2,optics,5d_5pct,recency,False,240,20,12,0.237409435397511,0.6680819577868832,0.6208333373069763,0.6650570684926733,0.044223731185697,0.5005531381370307,0.47724974721941354
7,C_no_daily,dev2,optics,5d_8pct,recency,False,240,20,12,0.2502109539794493,0.6935754796956854,0.5208333134651184,0.5382368496629982,0.01740353619787982,0.3761391304347826,0.36774827925270404
7,C_no_daily,dev2,storage,1d_3pct,recency,False,80,20,4,0.2535035239610058,0.7001717182713646,0.5249999761581421,0.45835105878387117,0.06664891737427092,0.5952380952380952,0.5666666666666667
7,C_no_daily,dev2,storage,1d_5pct,recency,False,80,20,4,0.21562560454527985,0.6229711970944759,0.3125,0.2829720539458558,0.029527946054144216,0.5490909090909091,0.5918367346938775
7,C_no_daily,dev2,storage,1d_8pct,recency,False,80,20,4,0.20325423589111596,0.6206347808453205,0.25,0.12293249157522879,0.12706750842477121,0.6216666666666667,0.668918918918919
7,C_no_daily,dev2,storage,3d_3pct,recency,False,80,20,4,0.22535867792301073,0.6434950900234855,0.6625000238418579,0.7069973987212976,0.04449737487943972,0.5499650593990217,0.4444444444444444
7,C_no_daily,dev2,storage,3d_5pct,recency,False,80,20,4,0.24779465528506323,0.6887329008931629,0.550000011920929,0.5460086182592864,0.003991393661642584,0.46654040404040403,0.43908629441624364
7,C_no_daily,dev2,storage,3d_8pct,recency,False,80,20,4,0.2462468512622499,0.6857691744036878,0.42500001192092896,0.3823247355869861,0.04267527633394286,0.48081841432225064,0.45897435897435895
7,C_no_daily,dev2,storage,5d_3pct,recency,False,80,20,4,0.1743336710361326,0.5330379282731549,0.7749999761581421,0.7827487553447785,0.007748779186636412,0.5295698924731183,0.4712230215827338
7,C_no_daily,dev2,storage,5d_5pct,recency,False,80,20,4,0.2150704149193427,0.6216036104130267,0.6875,0.6766507220630283,0.010849277936971657,0.4763636363636363,0.4198250728862974
7,C_no_daily,dev2,storage,5d_8pct,recency,False,80,20,4,0.24648209902183577,0.6860985956092198,0.5625,0.542434834806313,0.02006516519368695,0.5041269841269842,0.5012722646310432
8,B_group,dev1,chips,1d_3pct,recency,False,152,19,8,0.23246370906704877,0.659631575291597,0.4934210479259491,0.45871793461872623,0.034703113307222866,0.6436363636363637,0.47516556291390727
8,B_group,dev1,chips,1d_5pct,recency,False,152,19,8,0.2072159857095495,0.6058307885635646,0.30921053886413574,0.33524069375655724,0.026030154892421498,0.6421479229989868,0.4467680608365019
8,B_group,dev1,chips,1d_8pct,recency,False,152,19,8,0.11300377408301925,0.37307577710783024,0.125,0.17072713563925337,0.045727135639253375,0.6466165413533835,0.5103448275862069
8,B_group,dev1,chips,3d_3pct,recency,False,152,19,8,0.19578049014814855,0.5774193963453087,0.6907894611358643,0.7742147004423314,0.08342523930646717,0.7084093211752787,0.6217948717948718
8,B_group,dev1,chips,3d_5pct,recency,False,152,19,8,0.23043088406548864,0.6538653301462399,0.5394737124443054,0.6311149056549153,0.09164119321060993,0.6923344947735192,0.6038062283737025
8,B_group,dev1,chips,3d_8pct,recency,False,152,19,8,0.1971810797618447,0.5721974307167471,0.32894736528396606,0.4490098762292192,0.12006251094525311,0.7772549019607843,0.6773584905660377
8,B_group,dev1,chips,5d_3pct,recency,False,152,19,8,0.19267110595386336,0.5760700233453312,0.7302631735801697,0.8441196555374,0.1138564819572303,0.7066578773895846,0.6831896551724138
8,B_group,dev1,chips,5d_5pct,recency,False,152,19,8,0.2523342611330314,0.7118808833221082,0.6118420958518982,0.7909338748139286,0.17909177896203043,0.6899945325314379,0.658102766798419
8,B_group,dev1,chips,5d_8pct,recency,False,152,19,8,0.22619964365844736,0.6434667428697041,0.44078946113586426,0.5637440563310361,0.12295459519517182,0.7455662862159789,0.7003610108303249
8,B_group,dev1,optics,1d_3pct,recency,False,228,19,12,0.22790986335868113,0.6508750174126687,0.5745614171028137,0.4984938391851905,0.0760675779176232,0.6607381758086095,0.48642533936651583
8,B_group,dev1,optics,1d_5pct,recency,False,228,19,12,0.2128205333896062,0.6093169017192358,0.35087719559669495,0.38265608940704565,0.031778893810350706,0.658277027027027,0.46601941747572817
8,B_group,dev1,optics,1d_8pct,recency,False,228,19,12,0.1282901474130159,0.4137198596881314,0.14473684132099152,0.20255799729089885,0.057821155969907334,0.6438228438228438,0.45625
8,B_group,dev1,optics,3d_3pct,recency,False,228,19,12,0.18446554170200213,0.5559795686776395,0.7105262875556946,0.7675250146249148,0.05699872706922027,0.6653572764683876,0.5059347181008902
8,B_group,dev1,optics,3d_5pct,recency,False,228,19,12,0.23265554825903279,0.6616295256114293,0.5175438523292542,0.6327126508013453,0.11516879847209116,0.6533898305084745,0.5203160270880361
8,B_group,dev1,optics,3d_8pct,recency,False,228,19,12,0.2264711668057721,0.6337411383902631,0.359649121761322,0.4955875999307556,0.13593847816943355,0.7004677581022386,0.6033254156769596
8,B_group,dev1,optics,5d_3pct,recency,False,228,19,12,0.1661065404760707,0.5130976496706234,0.7543859481811523,0.8298028732812799,0.07541692510012754,0.6966362126245847,0.6036184210526315
8,B_group,dev1,optics,5d_5pct,recency,False,228,19,12,0.24828996895362168,0.7156414646105456,0.5789473652839661,0.7782294248208994,0.19928205953693334,0.6961805555555555,0.5969267139479906
8,B_group,dev1,optics,5d_8pct,recency,False,228,19,12,0.23446026847683457,0.6600960366098706,0.4385964870452881,0.5800368317659873,0.14144034472069922,0.7098828125,0.6764018691588785
8,B_group,dev1,storage,1d_3pct,recency,False,76,19,4,0.26562847120862526,0.7266752682352016,0.6184210777282715,0.49389933555102605,0.12452174217724543,0.46001467351430664,0.46449704142011833
8,B_group,dev1,storage,1d_5pct,recency,False,76,19,4,0.22769104775701243,0.6449503765703639,0.3947368562221527,0.36812495531017453,0.02661190091197818,0.6275362318840579,0.6111111111111112
8,B_group,dev1,storage,1d_8pct,recency,False,76,19,4,0.15943499625550564,0.4856467218978223,0.22368420660495758,0.18681665639345021,0.036867550211507366,0.7178464606181456,0.7258064516129032
8,B_group,dev1,storage,3d_3pct,recency,False,76,19,4,0.14267444175973001,0.45205018511800543,0.7894737124443054,0.7856263390668778,0.0038473733774275765,0.7791666666666667,0.7782608695652173
8,B_group,dev1,storage,3d_5pct,recency,False,76,19,4,0.17030618648946305,0.5216069277933298,0.6842105388641357,0.6393290468508576,0.04488149201327818,0.8004807692307692,0.7880794701986755
8,B_group,dev1,storage,3d_8pct,recency,False,76,19,4,0.17532099604712556,0.528714726973541,0.5,0.4959184277309909,0.004081572269009126,0.8497229916897507,0.875
8,B_group,dev1,storage,5d_3pct,recency,False,76,19,4,0.1351386342514907,0.43003460963372736,0.8157894611358643,0.8449720109738438,0.02918254983797952,0.7315668202764978,0.7452830188679245
8,B_group,dev1,storage,5d_5pct,recency,False,76,19,4,0.14620012300978222,0.4552909291767091,0.7631579041481018,0.7915449679219979,0.028387063773896104,0.799808429118774,0.80078125
8,B_group,dev1,storage,5d_8pct,recency,False,76,19,4,0.18094822129128585,0.5492104866327187,0.5921052694320679,0.5822253395216997,0.009879929910368124,0.8455197132616487,0.8640350877192983
8,B_group,dev2,chips,1d_3pct,recency,False,160,20,8,0.21846957895027508,0.6280149503980585,0.4000000059604645,0.4834201678949091,0.08342016193444463,0.7205403645833333,0.6910112359550562
8,B_group,dev2,chips,1d_5pct,recency,False,160,20,8,0.14835031020008718,0.4642120786952342,0.20000000298023224,0.2482946478995804,0.04829464491934815,0.716552734375,0.6645833333333333
8,B_group,dev2,chips,1d_8pct,recency,False,160,20,8,0.093026560462358,0.31655206751773385,0.10000000149011612,0.13228082452595602,0.0322808230358399,0.631076388888889,0.40370370370370373
8,B_group,dev2,chips,3d_3pct,recency,False,160,20,8,0.2534671846360739,0.7058450557118794,0.5874999761581421,0.715299639780711,0.1277996636225689,0.5854287556415216,0.5591755319148937
8,B_group,dev2,chips,3d_5pct,recency,False,160,20,8,0.2530980214671056,0.7000760706962069,0.40625,0.574472022800358,0.16822202280035803,0.6991093117408907,0.6905089408528198
8,B_group,dev2,chips,3d_8pct,recency,False,160,20,8,0.20623468406649392,0.598405456836917,0.28125,0.4093012311135917,0.12805123111359168,0.711111111111111,0.6458684654300169
8,B_group,dev2,chips,5d_3pct,recency,False,160,20,8,0.22488197580874525,0.6489313849332361,0.6875,0.7651105832908625,0.07761058329086246,0.5064545454545455,0.3345808383233533
8,B_group,dev2,chips,5d_5pct,recency,False,160,20,8,0.26972695625861404,0.737329622565855,0.5062500238418579,0.6634375625634785,0.1571875387216206,0.5907954367869979,0.4979973297730307
8,B_group,dev2,chips,5d_8pct,recency,False,160,20,8,0.25936600522357783,0.7114025135662791,0.34375,0.5470900669884113,0.20334006698841134,0.7165367965367965,0.6860816944024206
8,B_group,dev2,optics,1d_3pct,recency,False,240,20,12,0.21476119111733552,0.6216372294794039,0.5375000238418579,0.5210662234361327,0.016433800405725174,0.7387038200991689,0.6902738432483475
8,B_group,dev2,optics,1d_5pct,recency,False,240,20,12,0.19851805570336492,0.5730400845420202,0.3291666805744171,0.2788223042665269,0.05034437630789024,0.7072883088293105,0.6182618261826183
8,B_group,dev2,optics,1d_8pct,recency,False,240,20,12,0.15285840992012809,0.4739414757497291,0.19166666269302368,0.15566326819030332,0.03600339450272036,0.6197893321380546,0.41863905325443784
8,B_group,dev2,optics,3d_3pct,recency,False,240,20,12,0.2102813206223835,0.6106494731417248,0.6833333373069763,0.7233229373454709,0.03998960003849461,0.60923459563543,0.5351153039832285
8,B_group,dev2,optics,3d_5pct,recency,False,240,20,12,0.22085701882432496,0.6321080429027268,0.5333333611488342,0.5829487603767156,0.049615399227881385,0.7501395089285714,0.7225433526011561
8,B_group,dev2,optics,3d_8pct,recency,False,240,20,12,0.2115374547825929,0.606532569884925,0.40416666865348816,0.4367716841133931,0.03260501545990496,0.7239564559152188,0.6647000983284169
8,B_group,dev2,optics,5d_3pct,recency,False,240,20,12,0.17750699949951584,0.5407957629191398,0.7749999761581421,0.7639675088752242,0.011032467282917846,0.5312624452409398,0.41139240506329117
8,B_group,dev2,optics,5d_5pct,recency,False,240,20,12,0.2166610875892648,0.6245051661286446,0.6208333373069763,0.6692731588669132,0.04843982155993687,0.6491260417434914,0.5308392315470172
8,B_group,dev2,optics,5d_8pct,recency,False,240,20,12,0.2218730376147226,0.6332726743475725,0.5208333134651184,0.5393121494097959,0.018478835944677474,0.7309913043478261,0.7413962635201573
8,B_group,dev2,storage,1d_3pct,recency,False,80,20,4,0.2423510988420884,0.678310594063585,0.5249999761581421,0.5828654814696393,0.057865505311497256,0.5908521303258145,0.5769230769230769
8,B_group,dev2,storage,1d_5pct,recency,False,80,20,4,0.21006606346145978,0.6098031643723782,0.3125,0.3493273903219404,0.03682739032194038,0.608,0.6005830903790087
8,B_group,dev2,storage,1d_8pct,recency,False,80,20,4,0.19446482256064276,0.5870947728707997,0.25,0.2241294270329793,0.025870572967020694,0.5208333333333333,0.5371621621621622
8,B_group,dev2,storage,3d_3pct,recency,False,80,20,4,0.2347010679012551,0.6681389388056871,0.6625000238418579,0.7684316367814799,0.10593161293962194,0.5034940600978337,0.4943019943019943
8,B_group,dev2,storage,3d_5pct,recency,False,80,20,4,0.25669175343058964,0.7076107320399709,0.550000011920929,0.6618942309662912,0.11189421904536223,0.6117424242424243,0.6142131979695431
8,B_group,dev2,storage,3d_8pct,recency,False,80,20,4,0.24656447502696893,0.686173947550707,0.42500001192092896,0.5321764384142665,0.10717642649333758,0.6914961636828644,0.6782051282051282
8,B_group,dev2,storage,5d_3pct,recency,False,80,20,4,0.1757095982359466,0.5377670949716427,0.7749999761581421,0.8101108677283086,0.03511089157016656,0.5089605734767025,0.5
8,B_group,dev2,storage,5d_5pct,recency,False,80,20,4,0.21697966704516425,0.6264067255595024,0.6875,0.7293825492177072,0.04188254921770718,0.477090909090909,0.49271137026239065
8,B_group,dev2,storage,5d_8pct,recency,False,80,20,4,0.2508824317941176,0.6953355657196895,0.5625,0.6319345434804029,0.0694345434804029,0.6365079365079366,0.6361323155216285
8,B_no_group,dev1,chips,1d_3pct,recency,False,152,19,8,0.22176401931198758,0.636829253444656,0.4934210479259491,0.47679822997526833,0.01662281795068077,0.6881385281385282,0.5496688741721855
8,B_no_group,dev1,chips,1d_5pct,recency,False,152,19,8,0.19845585690346565,0.5812126330273303,0.30921053886413574,0.33910963833973784,0.029899099475602098,0.6836879432624113,0.5209125475285171
8,B_no_group,dev1,chips,1d_8pct,recency,False,152,19,8,0.11664623329316619,0.3823373419664581,0.125,0.17786593284506824,0.05286593284506824,0.6244558765334389,0.4517241379310345
8,B_no_group,dev1,chips,3d_3pct,recency,False,152,19,8,0.20488434860769847,0.5980758672298365,0.6907894611358643,0.809498774336527,0.11870931320066269,0.7347517730496453,0.655982905982906
8,B_no_group,dev1,chips,3d_5pct,recency,False,152,19,8,0.23713110443410715,0.6689900398303582,0.5394737124443054,0.6640201730892323,0.12454646064492692,0.6968641114982578,0.6245674740484429
8,B_no_group,dev1,chips,3d_8pct,recency,False,152,19,8,0.20417157960159435,0.588469494236259,0.32894736528396606,0.45253253320344816,0.1235851679194821,0.7496078431372549,0.6226415094339622
8,B_no_group,dev1,chips,5d_3pct,recency,False,152,19,8,0.19857198901066783,0.5907527700698718,0.7302631735801697,0.8640206649372644,0.1337574913570947,0.7352230279059547,0.7068965517241379
8,B_no_group,dev1,chips,5d_5pct,recency,False,152,19,8,0.25857724087657763,0.7231872722904328,0.6118420958518982,0.7992620315744939,0.18741993572259574,0.6998359759431384,0.658102766798419
8,B_no_group,dev1,chips,5d_8pct,recency,False,152,19,8,0.2776002929785606,0.761649447241141,0.44078946113586426,0.6944655022184216,0.25367604108255737,0.7322212467076382,0.6913357400722022
8,B_no_group,dev1,optics,1d_3pct,recency,False,228,19,12,0.2307139063336263,0.6540908680996036,0.5745614171028137,0.5185441453737738,0.05601727172903992,0.6291807665066499,0.49321266968325794
8,B_no_group,dev1,optics,1d_5pct,recency,False,228,19,12,0.21686070909980748,0.6174947353137039,0.35087719559669495,0.39427428987910984,0.043397094282414894,0.6399493243243244,0.42718446601941745
8,B_no_group,dev1,optics,1d_8pct,recency,False,228,19,12,0.1309802292260755,0.42122441655756043,0.14473684132099152,0.20953406509222972,0.0647972237712382,0.6247086247086246,0.37916666666666665
8,B_no_group,dev1,optics,3d_3pct,recency,False,228,19,12,0.18836136890751545,0.56470433114104,0.7105262875556946,0.7980883485994017,0.08756206104370712,0.6918256640478863,0.5133531157270029
8,B_no_group,dev1,optics,3d_5pct,recency,False,228,19,12,0.24076057812859986,0.6795626388843278,0.5175438523292542,0.671439986526989,0.15389613419773485,0.6798151001540832,0.5598194130925508
8,B_no_group,dev1,optics,3d_8pct,recency,False,228,19,12,0.2291989760273429,0.6407472185952086,0.359649121761322,0.4949917497226418,0.1353426279613198,0.6710658202472436,0.5498812351543944
8,B_no_group,dev1,optics,5d_3pct,recency,False,228,19,12,0.1669622282429299,0.5147971433173074,0.7543859481811523,0.8460565199522165,0.09167057177106419,0.7155315614617941,0.6101973684210527
8,B_no_group,dev1,optics,5d_5pct,recency,False,228,19,12,0.2520915928161976,0.7187657576150541,0.5789473652839661,0.7883081001532235,0.20936073486925744,0.7237215909090909,0.6312056737588653
8,B_no_group,dev1,optics,5d_8pct,recency,False,228,19,12,0.28500942075300556,0.7896142546488865,0.4385964870452881,0.6997445041771367,0.26114801713184865,0.676484375,0.6226635514018691
8,B_no_group,dev1,storage,1d_3pct,recency,False,76,19,4,0.23832468415313834,0.6697536123729189,0.6184210777282715,0.5178182962879937,0.10060278144027779,0.5928099779897286,0.6272189349112426
8,B_no_group,dev1,storage,1d_5pct,recency,False,76,19,4,0.21868586251738886,0.6251885020115437,0.3947368562221527,0.37809640558233215,0.01664045063982056,0.6666666666666667,0.6929824561403509
8,B_no_group,dev1,storage,1d_8pct,recency,False,76,19,4,0.1660423499899755,0.5063490690978367,0.22368420660495758,0.19173056527544874,0.03195364132950884,0.6590229312063809,0.6774193548387096
8,B_no_group,dev1,storage,3d_3pct,recency,False,76,19,4,0.14548520765613174,0.4548875037429902,0.7894737124443054,0.8180316221531414,0.028557909708835982,0.7927083333333333,0.7956521739130434
8,B_no_group,dev1,storage,3d_5pct,recency,False,76,19,4,0.17026913891708617,0.5210414432189406,0.6842105388641357,0.6728952029920121,0.011315335872123633,0.8149038461538461,0.8145695364238411
8,B_no_group,dev1,storage,3d_8pct,recency,False,76,19,4,0.1831901248407875,0.5465057784126227,0.5,0.4902823128900436,0.009717687109956408,0.8060941828254848,0.8153409090909091
8,B_no_group,dev1,storage,5d_3pct,recency,False,76,19,4,0.14280565733149161,0.4503644462891382,0.8157894611358643,0.8706080239245855,0.054818562788721215,0.7281105990783411,0.7452830188679245
8,B_no_group,dev1,storage,5d_5pct,recency,False,76,19,4,0.1569697534522469,0.47992847035895075,0.7631579041481018,0.8043227081842845,0.04116480403618272,0.793103448275862,0.78125
8,B_no_group,dev1,storage,5d_8pct,recency,False,76,19,4,0.18931148040886878,0.5620642896042386,0.5921052694320679,0.6987341954546068,0.10662892602253893,0.8200716845878137,0.8128654970760234
8,B_no_group,dev2,chips,1d_3pct,recency,False,160,20,8,0.2427873495127523,0.6775591345955002,0.4000000059604645,0.535681240790586,0.1356812348301215,0.6739908854166667,0.6207865168539326
8,B_no_group,dev2,chips,1d_5pct,recency,False,160,20,8,0.15915674420136422,0.4905857020852313,0.20000000298023224,0.28132114792655194,0.0813211449463197,0.680908203125,0.6
8,B_no_group,dev2,chips,1d_8pct,recency,False,160,20,8,0.08742723316451842,0.2993192287405872,0.10000000149011612,0.1264017826612765,0.026401781171160377,0.6716579861111112,0.5185185185185185
8,B_no_group,dev2,chips,3d_3pct,recency,False,160,20,8,0.26592069427644227,0.7422373464009345,0.5874999761581421,0.7541552204296975,0.16665524427155542,0.5658446163765312,0.5292553191489362
8,B_no_group,dev2,chips,3d_5pct,recency,False,160,20,8,0.2513353117395501,0.6960456488291845,0.40625,0.5631007072423564,0.1568507072423564,0.6502024291497975,0.6279229711141678
8,B_no_group,dev2,chips,3d_8pct,recency,False,160,20,8,0.21138707868365775,0.6072085502464177,0.28125,0.42292053365668086,0.14167053365668086,0.685024154589372,0.6214165261382799
8,B_no_group,dev2,chips,5d_3pct,recency,False,160,20,8,0.22540302722658095,0.6531741597354781,0.6875,0.7911364073295859,0.1036364073295859,0.5590909090909091,0.4752994011976048
8,B_no_group,dev2,chips,5d_5pct,recency,False,160,20,8,0.27116682605504355,0.7410164664990855,0.5062500238418579,0.6773155302538976,0.17106550641203966,0.6010314111579934,0.5380507343124166
8,B_no_group,dev2,chips,5d_8pct,recency,False,160,20,8,0.2626029869473806,0.7184176007477843,0.34375,0.5607582970552274,0.2170082970552274,0.6927272727272726,0.699697428139183
8,B_no_group,dev2,optics,1d_3pct,recency,False,240,20,12,0.2338092410172296,0.6631393409420377,0.5375000238418579,0.5832182798691345,0.04571825602727664,0.6518611634890705,0.546742209631728
8,B_no_group,dev2,optics,1d_5pct,recency,False,240,20,12,0.20534785772095637,0.5882006363816963,0.3291666805744171,0.3133818055568563,0.015784875017560818,0.6252850066829154,0.47634763476347636
8,B_no_group,dev2,optics,1d_8pct,recency,False,240,20,12,0.15215916982158245,0.4692801016948302,0.19166666269302368,0.13573943444303638,0.055927228249987304,0.630939040788884,0.46079881656804733
8,B_no_group,dev2,optics,3d_3pct,recency,False,240,20,12,0.21806381791814483,0.6331135207983292,0.6833333373069763,0.7606403006175709,0.07730696331059461,0.5666720154043646,0.4528301886792453
8,B_no_group,dev2,optics,3d_5pct,recency,False,240,20,12,0.2275961862228251,0.6467845105505635,0.5333333611488342,0.5745901797732587,0.04125681862442443,0.6793387276785713,0.5828516377649325
8,B_no_group,dev2,optics,3d_8pct,recency,False,240,20,12,0.21521520968758398,0.6135206523490864,0.40416666865348816,0.45415644824342355,0.04998977958993539,0.6848821281810973,0.5978367748279253
8,B_no_group,dev2,optics,5d_3pct,recency,False,240,20,12,0.17620147532964936,0.5371632686646641,0.7749999761581421,0.7926983346073954,0.01769835844925327,0.5652130625248905,0.48037974683544304
8,B_no_group,dev2,optics,5d_5pct,recency,False,240,20,12,0.2173326491081521,0.6259083479967111,0.6208333373069763,0.6865742302095,0.06574089290252372,0.6635076333062911,0.5283114256825076
8,B_no_group,dev2,optics,5d_8pct,recency,False,240,20,12,0.22279311391576087,0.635387061314391,0.5208333134651184,0.5625512362242835,0.04171792275916508,0.6779130434782609,0.6248770894788593
8,B_no_group,dev2,storage,1d_3pct,recency,False,80,20,4,0.27183148261556833,0.7407151323401087,0.5249999761581421,0.6744486307574235,0.14944865459928136,0.5050125313283208,0.5076923076923077
8,B_no_group,dev2,storage,1d_5pct,recency,False,80,20,4,0.215114380753037,0.6213244503716207,0.3125,0.40777191625308645,0.09527191625308645,0.6494545454545455,0.6472303206997084
8,B_no_group,dev2,storage,1d_8pct,recency,False,80,20,4,0.18823867212765036,0.5662527227220058,0.25,0.20684274208646816,0.04315725791353184,0.5858333333333334,0.581081081081081
8,B_no_group,dev2,storage,3d_3pct,recency,False,80,20,4,0.2493317997214234,0.7143323409078909,0.6625000238418579,0.8110331333697036,0.1485331095278457,0.3864430468204053,0.4017094017094017
8,B_no_group,dev2,storage,3d_5pct,recency,False,80,20,4,0.257147037072203,0.7086021387283378,0.550000011920929,0.6440936498882339,0.09409363796730497,0.48547979797979796,0.4860406091370558
8,B_no_group,dev2,storage,3d_8pct,recency,False,80,20,4,0.2569950353345679,0.7072820414588985,0.42500001192092896,0.559878563646919,0.13487855172599006,0.5971867007672634,0.6038461538461538
8,B_no_group,dev2,storage,5d_3pct,recency,False,80,20,4,0.17843973407798697,0.5469582693981068,0.7749999761581421,0.8313427024689443,0.05634272631080217,0.38888888888888884,0.38669064748201437
8,B_no_group,dev2,storage,5d_5pct,recency,False,80,20,4,0.2177185890946598,0.6283069810808148,0.6875,0.7412634238363749,0.05376342383637489,0.4749090909090909,0.4679300291545189
8,B_no_group,dev2,storage,5d_8pct,recency,False,80,20,4,0.2550943810446925,0.7045622516660363,0.5625,0.6501005329847955,0.08760053298479553,0.41555555555555557,0.4389312977099237
8,C_group,dev1,chips,1d_3pct,calibration,True,152,19,8,0.22753680894229858,0.6471485043663732,0.4934210479259491,0.4962649800615409,0.002843932135591809,0.6794805194805196,0.5844370860927153
8,C_group,dev1,chips,1d_5pct,calibration,True,152,19,8,0.2012477177544092,0.5857431903216478,0.30921053886413574,0.27226144282005776,0.03694909604407798,0.6662613981762918,0.5399239543726235
8,C_group,dev1,chips,1d_8pct,calibration,True,152,19,8,0.10253056074851878,0.34530774880120885,0.125,0.12770957360357282,0.0027095736035728235,0.7388207360506529,0.6586206896551724
8,C_group,dev1,chips,3d_3pct,calibration,True,152,19,8,0.19759083806162095,0.5802201590026135,0.6907894611358643,0.7183431883479574,0.02755372721209315,0.7392097264437689,0.6688034188034188
8,C_group,dev1,chips,3d_5pct,calibration,True,152,19,8,0.21189869258656993,0.6148379523646996,0.5394737124443054,0.5416572645012353,0.0021835520569298827,0.755923344947735,0.6557093425605537
8,C_group,dev1,chips,3d_8pct,calibration,True,152,19,8,0.1948974486264723,0.5752498816646869,0.32894736528396606,0.3890754943378163,0.06012812905385023,0.7515686274509804,0.6264150943396226
8,C_group,dev1,chips,5d_3pct,calibration,True,152,19,8,0.18862146001183386,0.5601556689726338,0.7302631735801697,0.7766942934475882,0.04643111986741855,0.7055592177543397,0.6142241379310345
8,C_group,dev1,chips,5d_5pct,calibration,True,152,19,8,0.2004700927420339,0.588792779863829,0.6118420958518982,0.6301311125118108,0.01828901665991256,0.7958811736832513,0.7134387351778656
8,C_group,dev1,chips,5d_8pct,calibration,True,152,19,8,0.2070268006453037,0.6044082611430223,0.44078946113586426,0.4806269799138318,0.03983751877796754,0.7854258121158911,0.6642599277978339
8,C_group,dev1,optics,1d_3pct,calibration,True,228,19,12,0.22237096532949857,0.6371559476956472,0.5745614171028137,0.5414922081702461,0.033069208932567595,0.6487762650507594,0.5192307692307693
8,C_group,dev1,optics,1d_5pct,calibration,True,228,19,12,0.21395763919140795,0.6123159125865012,0.35087719559669495,0.31891051546454724,0.03196668013214771,0.6339527027027028,0.46116504854368934
8,C_group,dev1,optics,1d_8pct,calibration,True,228,19,12,0.12021529582999894,0.394545212514342,0.14473684132099152,0.15402574933813415,0.009288908017142633,0.6318570318570319,0.54375
8,C_group,dev1,optics,3d_3pct,calibration,True,228,19,12,0.1940065714402582,0.5741395671839569,0.7105262875556946,0.7412581523582797,0.030731864802585163,0.64337822671156,0.4495548961424332
8,C_group,dev1,optics,3d_5pct,calibration,True,228,19,12,0.23205580279637902,0.6585822515866409,0.5175438523292542,0.5983035951903192,0.08075974286106502,0.6517719568567026,0.5304740406320542
8,C_group,dev1,optics,3d_8pct,calibration,True,228,19,12,0.2200142313072579,0.6283721756075439,0.359649121761322,0.4409123964417897,0.08126327468046768,0.634480454393585,0.5201900237529691
8,C_group,dev1,optics,5d_3pct,calibration,True,228,19,12,0.1774709807550112,0.5367337799548619,0.7543859481811523,0.7992618915811756,0.04487594340002321,0.6582225913621264,0.4506578947368421
8,C_group,dev1,optics,5d_5pct,calibration,True,228,19,12,0.22713028534793372,0.6477641666717218,0.5789473652839661,0.6731442628337961,0.09419689754983007,0.6771622474747474,0.5933806146572104
8,C_group,dev1,optics,5d_8pct,calibration,True,228,19,12,0.22329359912006827,0.6380509308446002,0.4385964870452881,0.5081079782929995,0.06951149124771139,0.6940625,0.5864485981308412
8,C_group,dev1,storage,1d_3pct,calibration,True,76,19,4,0.2314447565963096,0.6553182933740318,0.6184210777282715,0.6108837875887173,0.007537290139554176,0.6228906823184153,0.6035502958579881
8,C_group,dev1,storage,1d_5pct,calibration,True,76,19,4,0.23006987041925084,0.6519707729459944,0.3947368562221527,0.36023483802712414,0.03450201819502857,0.6623188405797101,0.6403508771929824
8,C_group,dev1,storage,1d_8pct,calibration,True,76,19,4,0.1707594661723139,0.5225330287846962,0.22368420660495758,0.17995952836235926,0.04372467824259832,0.6580259222333,0.6411290322580645
8,C_group,dev1,storage,3d_3pct,calibration,True,76,19,4,0.16357252375088316,0.5070467393344903,0.7894737124443054,0.7810083711874468,0.008465341256858605,0.6979166666666666,0.691304347826087
8,C_group,dev1,storage,3d_5pct,calibration,True,76,19,4,0.20450602557980238,0.5974214040587863,0.6842105388641357,0.6590505858863029,0.0251599529778328,0.7355769230769231,0.7086092715231788
8,C_group,dev1,storage,3d_8pct,calibration,True,76,19,4,0.24076813968808664,0.67461041534576,0.5,0.5197322140269874,0.019732214026987438,0.703601108033241,0.6988636363636364
8,C_group,dev1,storage,5d_3pct,calibration,True,76,19,4,0.1507916398194106,0.47974176230709453,0.8157894611358643,0.8365461245775414,0.020756663441677148,0.49078341013824883,0.4811320754716981
8,C_group,dev1,storage,5d_5pct,calibration,True,76,19,4,0.17243208335717855,0.5257395890669476,0.7631579041481018,0.7362572569858671,0.026900647162234725,0.7614942528735632,0.76953125
8,C_group,dev1,storage,5d_8pct,calibration,True,76,19,4,0.22396625340799856,0.6393570002458745,0.5921052694320679,0.5880443893059054,0.004060880126162458,0.7792114695340502,0.7719298245614035
8,C_group,dev2,chips,1d_3pct,calibration,True,160,20,8,0.22487488161526548,0.6454637944539104,0.4000000059604645,0.3475721901835101,0.05242781577695438,0.6578776041666666,0.6109550561797753
8,C_group,dev2,chips,1d_5pct,calibration,True,160,20,8,0.16079278890868612,0.4916525463817605,0.20000000298023224,0.22862483135036865,0.028624828370136413,0.626708984375,0.46458333333333335
8,C_group,dev2,chips,1d_8pct,calibration,True,160,20,8,0.0882300880637451,0.3014743518686223,0.10000000149011612,0.12083293192608613,0.02083293043597001,0.6948784722222222,0.4740740740740741
8,C_group,dev2,chips,3d_3pct,calibration,True,160,20,8,0.23439630206797632,0.6616780137374461,0.5874999761581421,0.5449635409400356,0.04253643521810646,0.6199226305609283,0.613031914893617
8,C_group,dev2,chips,3d_5pct,calibration,True,160,20,8,0.23417552534849442,0.6591095440549611,0.40625,0.4290839825803056,0.022833982580305612,0.5964372469635628,0.46629986244841815
8,C_group,dev2,chips,3d_8pct,calibration,True,160,20,8,0.19622283322162343,0.575784686566629,0.28125,0.2728042888807752,0.008445711119224819,0.6121739130434782,0.45193929173693087
8,C_group,dev2,chips,5d_3pct,calibration,True,160,20,8,0.21642300924999702,0.6239236071573419,0.6875,0.6111000447630561,0.07639995523694387,0.604,0.5479041916167665
8,C_group,dev2,chips,5d_5pct,calibration,True,160,20,8,0.24148516157035074,0.6760418217527333,0.5062500238418579,0.4933551642886285,0.012894859553229387,0.5821222065947804,0.4379172229639519
8,C_group,dev2,chips,5d_8pct,calibration,True,160,20,8,0.21847126965968328,0.6265749664979721,0.34375,0.3467145252964585,0.00296452529645852,0.5901298701298701,0.39939485627836613
8,C_group,dev2,optics,1d_3pct,calibration,True,240,20,12,0.23450607864786865,0.6745361257625734,0.5375000238418579,0.43249770864574805,0.10500231519610986,0.694182554647671,0.5722379603399433
8,C_group,dev2,optics,1d_5pct,calibration,True,240,20,12,0.20317583553460647,0.5854742771168282,0.3291666805744171,0.3123638295160396,0.016802851058377533,0.6676625520874282,0.45764576457645767
8,C_group,dev2,optics,1d_8pct,calibration,True,240,20,12,0.1473179508956429,0.4540617158418405,0.19166666269302368,0.167966134433767,0.02370052825925667,0.6639399372478709,0.5014792899408284
8,C_group,dev2,optics,3d_3pct,calibration,True,240,20,12,0.2176160650562881,0.6270557610594657,0.6833333373069763,0.5778121107722065,0.10552122653476981,0.6384788189987163,0.5020964360587002
8,C_group,dev2,optics,3d_5pct,calibration,True,240,20,12,0.23535420816476105,0.6623545308181666,0.5333333611488342,0.48401285654099513,0.0493205046078391,0.6143275669642858,0.3930635838150289
8,C_group,dev2,optics,3d_8pct,calibration,True,240,20,12,0.232096047057933,0.6527221422070967,0.40416666865348816,0.32449226963489664,0.07967439901859152,0.6300915579266094,0.40707964601769914
8,C_group,dev2,optics,5d_3pct,calibration,True,240,20,12,0.19259615874272676,0.5738119624548211,0.7749999761581421,0.6315386112746002,0.1434613648835419,0.6166865790521704,0.49493670886075947
8,C_group,dev2,optics,5d_5pct,calibration,True,240,20,12,0.22695409360596325,0.6461446729623617,0.6208333373069763,0.5323333469936713,0.08849999031330502,0.6128033040784718,0.3710819009100101
8,C_group,dev2,optics,5d_8pct,calibration,True,240,20,12,0.2560438869518651,0.7041256235542667,0.5208333134651184,0.3754157340727344,0.14541757939238403,0.6142608695652174,0.3500491642084562
8,C_group,dev2,storage,1d_3pct,calibration,True,80,20,4,0.24109354415644982,0.6751674024319296,0.5249999761581421,0.5015081989146,0.023491777243542122,0.6209273182957393,0.5666666666666667
8,C_group,dev2,storage,1d_5pct,calibration,True,80,20,4,0.2298855771237434,0.6524534780434961,0.3125,0.3514751072243201,0.03897510722432013,0.4269090909090909,0.3760932944606414
8,C_group,dev2,storage,1d_8pct,calibration,True,80,20,4,0.2021993011438507,0.6093779748966097,0.25,0.18320385628990593,0.06679614371009407,0.36333333333333334,0.33783783783783783
8,C_group,dev2,storage,3d_3pct,calibration,True,80,20,4,0.22629676151264494,0.6453999690361645,0.6625000238418579,0.6366135247537141,0.025886499088143777,0.4682040531097135,0.43874643874643876
8,C_group,dev2,storage,3d_5pct,calibration,True,80,20,4,0.2644474389615019,0.7225842990705594,0.550000011920929,0.5433681475473956,0.006631864373533358,0.32512626262626265,0.2639593908629442
8,C_group,dev2,storage,3d_8pct,calibration,True,80,20,4,0.26823773801303075,0.7335677782469346,0.42500001192092896,0.36640357875403007,0.05859643316689889,0.27813299232736577,0.2230769230769231
8,C_group,dev2,storage,5d_3pct,calibration,True,80,20,4,0.18737017300868347,0.564236409741173,0.7749999761581421,0.6716116626106615,0.10338831354748057,0.3915770609318997,0.38848920863309355
8,C_group,dev2,storage,5d_5pct,calibration,True,80,20,4,0.2384781505593172,0.6705490840509498,0.6875,0.591295925020165,0.09620407497983496,0.24290909090909088,0.17201166180758018
8,C_group,dev2,storage,5d_8pct,calibration,True,80,20,4,0.283501777558126,0.761717487293596,0.5625,0.4185533845231987,0.14394661547680132,0.18920634920634924,0.11195928753180662
8,C_no_group,dev1,chips,1d_3pct,calibration,True,152,19,8,0.21959161961784632,0.628850399221919,0.4934210479259491,0.5194604221132613,0.02603937418731217,0.6983549783549783,0.4304635761589404
8,C_no_group,dev1,chips,1d_5pct,calibration,True,152,19,8,0.1923566651236402,0.5615143687356191,0.30921053886413574,0.28026330977539055,0.028947229088745197,0.6938196555217833,0.46577946768060835
8,C_no_group,dev1,chips,1d_8pct,calibration,True,152,19,8,0.10657468058569512,0.3567843192691199,0.125,0.1411852149218043,0.016185214921804303,0.6169370795409577,0.43448275862068964
8,C_no_group,dev1,chips,3d_3pct,calibration,True,152,19,8,0.1962806950548274,0.5757925010230702,0.6907894611358643,0.7226474122709726,0.031857951135108364,0.7114488348530902,0.4166666666666667
8,C_no_group,dev1,chips,3d_5pct,calibration,True,152,19,8,0.21646476209887808,0.6241892643769045,0.5394737124443054,0.5610597648871952,0.021586052442889803,0.705574912891986,0.43252595155709345
8,C_no_group,dev1,chips,3d_8pct,calibration,True,152,19,8,0.20019736545906558,0.5799122680825431,0.32894736528396606,0.4285273990029744,0.09958003371900831,0.701764705882353,0.4358490566037736
8,C_no_group,dev1,chips,5d_3pct,calibration,True,152,19,8,0.1865072105596119,0.5538633285491701,0.7302631735801697,0.7751481370221265,0.044884963441956804,0.6919358382773018,0.4892241379310345
8,C_no_group,dev1,chips,5d_5pct,calibration,True,152,19,8,0.20500256935727265,0.5990299375673789,0.6118420958518982,0.642639857288071,0.030797761436172855,0.7169673774375798,0.45849802371541504
8,C_no_group,dev1,chips,5d_8pct,calibration,True,152,19,8,0.2186542211212197,0.628182852195564,0.44078946113586426,0.5159528357712326,0.07516337463536837,0.6844600526777875,0.388086642599278
8,C_no_group,dev1,optics,1d_3pct,calibration,True,228,19,12,0.21118367168877883,0.6143187137453122,0.5745614171028137,0.6044143739579,0.029852956855086266,0.702919650586291,0.5294117647058824
8,C_no_group,dev1,optics,1d_5pct,calibration,True,228,19,12,0.19968818598362378,0.5765129681489465,0.35087719559669495,0.34168003316967954,0.009197162427015404,0.7010979729729729,0.47451456310679613
8,C_no_group,dev1,optics,1d_8pct,calibration,True,228,19,12,0.1156593792104405,0.3790499801271241,0.14473684132099152,0.1773624431941931,0.03262560187320157,0.7193473193473194,0.5270833333333333
8,C_no_group,dev1,optics,3d_3pct,calibration,True,228,19,12,0.18967073504560972,0.5666931483378643,0.7105262875556946,0.7421185050856626,0.03159221752996799,0.6990273101384212,0.4228486646884273
8,C_no_group,dev1,optics,3d_5pct,calibration,True,228,19,12,0.22729583468416978,0.6502841603987162,0.5175438523292542,0.5950392613519833,0.07749540902272911,0.6941448382126347,0.4672686230248307
8,C_no_group,dev1,optics,3d_8pct,calibration,True,228,19,12,0.21592337166257797,0.6181539760948858,0.359649121761322,0.4688883880445976,0.10923926628327557,0.7027230203808887,0.5439429928741093
8,C_no_group,dev1,optics,5d_3pct,calibration,True,228,19,12,0.17807990925546105,0.539958512491134,0.7543859481811523,0.7958446610326554,0.04145871285150304,0.6503322259136212,0.4292763157894737
8,C_no_group,dev1,optics,5d_5pct,calibration,True,228,19,12,0.22461896997159084,0.6427343187718263,0.5789473652839661,0.6608139325119659,0.08186656722799979,0.6993371212121212,0.483451536643026
8,C_no_group,dev1,optics,5d_8pct,calibration,True,228,19,12,0.2258850754811112,0.6446693953527393,0.4385964870452881,0.5348056747972636,0.09620918775197551,0.7096875,0.5151869158878505
8,C_no_group,dev1,storage,1d_3pct,calibration,True,76,19,4,0.23841591962759756,0.6701604698102634,0.6184210777282715,0.6161544983278694,0.002266579400402091,0.4702861335289802,0.39644970414201186
8,C_no_group,dev1,storage,1d_5pct,calibration,True,76,19,4,0.24103790619591406,0.6757607316014739,0.3947368562221527,0.34715640757864114,0.047580448643511575,0.49347826086956514,0.40350877192982454
8,C_no_group,dev1,storage,1d_8pct,calibration,True,76,19,4,0.17808293439648995,0.5474329138691503,0.22368420660495758,0.16670413276517687,0.05698007383978071,0.47258225324027914,0.4314516129032258
8,C_no_group,dev1,storage,3d_3pct,calibration,True,76,19,4,0.1657475458534655,0.5131452682533189,0.7894737124443054,0.7694195890682278,0.020054123376077593,0.5489583333333333,0.5869565217391305
8,C_no_group,dev1,storage,3d_5pct,calibration,True,76,19,4,0.21627390849829112,0.6236471683921186,0.6842105388641357,0.6454195427857856,0.038790996078350126,0.5480769230769231,0.5629139072847682
8,C_no_group,dev1,storage,3d_8pct,calibration,True,76,19,4,0.25443345856129423,0.7020724728984383,0.5,0.5167298307824474,0.016729830782447386,0.45983379501385047,0.45738636363636365
8,C_no_group,dev1,storage,5d_3pct,calibration,True,76,19,4,0.1501705531191367,0.47728357465089144,0.8157894611358643,0.8131177416314294,0.0026717195044348996,0.5161290322580645,0.4811320754716981
8,C_no_group,dev1,storage,5d_5pct,calibration,True,76,19,4,0.1838048522810277,0.5545200698314057,0.7631579041481018,0.7113360501434889,0.05182185400461292,0.524904214559387,0.50390625
8,C_no_group,dev1,storage,5d_8pct,calibration,True,76,19,4,0.24059674626225003,0.6741535642360511,0.5921052694320679,0.6000291015021723,0.007923832070104386,0.5591397849462366,0.6052631578947368
8,C_no_group,dev2,chips,1d_3pct,calibration,True,160,20,8,0.2324489563772199,0.6622949963317264,0.4000000059604645,0.35897356098833144,0.041026444972133036,0.6378580729166666,0.4508426966292135
8,C_no_group,dev2,chips,1d_5pct,calibration,True,160,20,8,0.158442147294953,0.49402880270597527,0.20000000298023224,0.23235620077389663,0.03235619779366439,0.622802734375,0.4354166666666667
8,C_no_group,dev2,chips,1d_8pct,calibration,True,160,20,8,0.08809255718251027,0.3043588270221426,0.10000000149011612,0.13870979044297188,0.03870978895285576,0.6688368055555555,0.3814814814814815
8,C_no_group,dev2,chips,3d_3pct,calibration,True,160,20,8,0.25421741119439356,0.702629324968038,0.5874999761581421,0.49125562008045315,0.09624435607768894,0.5520631850419084,0.40691489361702127
8,C_no_group,dev2,chips,3d_5pct,calibration,True,160,20,8,0.24332644777609866,0.6838196439671037,0.40625,0.37168429632199523,0.03456570367800477,0.5708502024291499,0.33975240715268223
8,C_no_group,dev2,chips,3d_8pct,calibration,True,160,20,8,0.19750147924904896,0.5915966715598663,0.28125,0.2422107360284005,0.039039263971599514,0.62512077294686,0.4266441821247892
8,C_no_group,dev2,chips,5d_3pct,calibration,True,160,20,8,0.23025398921016466,0.6532143558543332,0.6875,0.5697944807771439,0.1177055192228561,0.5243636363636364,0.4086826347305389
8,C_no_group,dev2,chips,5d_5pct,calibration,True,160,20,8,0.2574142271266917,0.7101840838978338,0.5062500238418579,0.4309997986467251,0.0752502251951328,0.5397718393498985,0.308411214953271
8,C_no_group,dev2,chips,5d_8pct,calibration,True,160,20,8,0.2244476607530502,0.6425639598466447,0.34375,0.2971503543856569,0.0465996456143431,0.587012987012987,0.3494704992435703
8,C_no_group,dev2,optics,1d_3pct,calibration,True,240,20,12,0.25047784477350443,0.7066440875363096,0.5375000238418579,0.42523770376708875,0.11226232007476916,0.6280466513024653,0.37865911237016053
8,C_no_group,dev2,optics,1d_5pct,calibration,True,240,20,12,0.20746083115308878,0.5999592928220914,0.3291666805744171,0.2704471952711899,0.05871948530322724,0.6641245380926174,0.34983498349834985
8,C_no_group,dev2,optics,1d_8pct,calibration,True,240,20,12,0.14563273043634656,0.45068706479514836,0.19166666269302368,0.15561332265313366,0.036053340039890025,0.6859031824294038,0.4511834319526627
8,C_no_group,dev2,optics,3d_3pct,calibration,True,240,20,12,0.24817592332925112,0.6915093249939998,0.6833333373069763,0.5075715092989478,0.17576182800802853,0.5721277278562259,0.3218029350104822
8,C_no_group,dev2,optics,3d_5pct,calibration,True,240,20,12,0.2601086029974716,0.7153347344112421,0.5333333611488342,0.3863480644274545,0.14698529672137972,0.6148158482142857,0.31213872832369943
8,C_no_group,dev2,optics,3d_8pct,calibration,True,240,20,12,0.2520206466354925,0.7062004279936251,0.40416666865348816,0.2514580053104432,0.15270866334304495,0.6165381010741836,0.3647984267453294
8,C_no_group,dev2,optics,5d_3pct,calibration,True,240,20,12,0.21297963572244966,0.6179351086035723,0.7749999761581421,0.5856462668781055,0.1893537092800366,0.5242931103146157,0.289873417721519
8,C_no_group,dev2,optics,5d_5pct,calibration,True,240,20,12,0.2605975244238856,0.7151819114186299,0.6208333373069763,0.440051145003358,0.1807821923036183,0.5962091599675492,0.29524772497472196
8,C_no_group,dev2,optics,5d_8pct,calibration,True,240,20,12,0.2907551575306178,0.784598137590831,0.5208333134651184,0.3004415927110654,0.220391720754053,0.589008695652174,0.32645034414945917
8,C_no_group,dev2,storage,1d_3pct,calibration,True,80,20,4,0.2507933096982506,0.6950243152647992,0.5249999761581421,0.45965080805993636,0.06534916809820573,0.5764411027568923,0.5435897435897435
8,C_no_group,dev2,storage,1d_5pct,calibration,True,80,20,4,0.21598295740031057,0.624050069071364,0.3125,0.32005105123538613,0.00755105123538613,0.528,0.6443148688046647
8,C_no_group,dev2,storage,1d_8pct,calibration,True,80,20,4,0.19427274236122558,0.5845114019434743,0.25,0.1838326906470901,0.0661673093529099,0.46499999999999997,0.6013513513513513
8,C_no_group,dev2,storage,3d_3pct,calibration,True,80,20,4,0.22914596846840568,0.650688248323154,0.6625000238418579,0.5626501188935379,0.09984990494832002,0.5842068483577918,0.5584045584045584
8,C_no_group,dev2,storage,3d_5pct,calibration,True,80,20,4,0.24646009617136427,0.6860368912585411,0.550000011920929,0.4870029451673986,0.06299706675353034,0.5744949494949495,0.6091370558375635
8,C_no_group,dev2,storage,3d_8pct,calibration,True,80,20,4,0.25363305906659417,0.7025144576791174,0.42500001192092896,0.3291635247275265,0.09583648719340243,0.5230179028132993,0.5717948717948718
8,C_no_group,dev2,storage,5d_3pct,calibration,True,80,20,4,0.20279082129415166,0.5971740910025627,0.7749999761581421,0.6031443108752713,0.17185566528287077,0.5600358422939068,0.564748201438849
8,C_no_group,dev2,storage,5d_5pct,calibration,True,80,20,4,0.24170895494208283,0.6764905908303016,0.6875,0.5175233587457507,0.16997664125424927,0.5730909090909091,0.5801749271137027
8,C_no_group,dev2,storage,5d_8pct,calibration,True,80,20,4,0.2809054896307931,0.7568828989359373,0.5625,0.3762331316448625,0.1862668683551375,0.5307936507936508,0.5318066157760815
8,C_no_daily,dev1,chips,1d_3pct,calibration,True,152,19,8,0.23853821138503517,0.6698763771765841,0.4934210479259491,0.538193035175485,0.044771987249535905,0.5930735930735931,0.42549668874172186
8,C_no_daily,dev1,chips,1d_5pct,calibration,True,152,19,8,0.20105948233161275,0.5857073922094505,0.30921053886413574,0.30228085265791355,0.0069296862062221964,0.6162107396149948,0.47338403041825095
8,C_no_daily,dev1,chips,1d_8pct,calibration,True,152,19,8,0.10619308013260206,0.3585014365809183,0.125,0.14786540145794894,0.022865401457948936,0.6450336367233874,0.45517241379310347
8,C_no_daily,dev1,chips,3d_3pct,calibration,True,152,19,8,0.20175639846569976,0.5914038691685601,0.6907894611358643,0.7333633873857446,0.04257392624988032,0.6172239108409322,0.4166666666666667
8,C_no_daily,dev1,chips,3d_5pct,calibration,True,152,19,8,0.2281603157808284,0.6488289431051135,0.5394737124443054,0.5813767099010722,0.04190299745676673,0.6334494773519164,0.4204152249134948
8,C_no_daily,dev1,chips,3d_8pct,calibration,True,152,19,8,0.21371227306390056,0.6141009621260501,0.32894736528396606,0.4430340529290404,0.11408668764507435,0.6652941176470587,0.4528301886792453
8,C_no_daily,dev1,chips,5d_3pct,calibration,True,152,19,8,0.18950694914087518,0.5647583523977474,0.7302631735801697,0.7910284265814406,0.06076525300127089,0.6277741155789937,0.44612068965517243
8,C_no_daily,dev1,chips,5d_5pct,calibration,True,152,19,8,0.21089720669032738,0.6124058896709785,0.6118420958518982,0.6613552635043957,0.04951316765249747,0.6828868234007655,0.46047430830039526
8,C_no_daily,dev1,chips,5d_8pct,calibration,True,152,19,8,0.2298821751111096,0.6511141185010757,0.44078946113586426,0.5310091932763131,0.09021973214044887,0.6484635645302897,0.4584837545126354
8,C_no_daily,dev1,optics,1d_3pct,calibration,True,228,19,12,0.23679272981420302,0.6665383215097606,0.5745614171028137,0.5389434606607132,0.03561795644210053,0.6389391673880539,0.417420814479638
8,C_no_daily,dev1,optics,1d_5pct,calibration,True,228,19,12,0.22187955530416908,0.6334564612747539,0.35087719559669495,0.30639775202274017,0.04447944357395478,0.6331081081081081,0.4696601941747573
8,C_no_daily,dev1,optics,1d_8pct,calibration,True,228,19,12,0.12100573053812766,0.40095154898656765,0.14473684132099152,0.14696583013115366,0.002228988810162147,0.6363636363636364,0.42291666666666666
8,C_no_daily,dev1,optics,3d_3pct,calibration,True,228,19,12,0.196714929518503,0.5801244572915383,0.7105262875556946,0.7336730675083704,0.023146779952675778,0.7103441825664049,0.37833827893175076
8,C_no_daily,dev1,optics,3d_5pct,calibration,True,228,19,12,0.24190518955921897,0.6766908961527865,0.5175438523292542,0.5865109350919945,0.06896708276274033,0.6899075500770415,0.45711060948081267
8,C_no_daily,dev1,optics,3d_8pct,calibration,True,228,19,12,0.22191186812288016,0.6348414913993081,0.359649121761322,0.4394949540880395,0.07984583232671749,0.6845138656866022,0.45368171021377673
8,C_no_daily,dev1,optics,5d_3pct,calibration,True,228,19,12,0.17661841392653618,0.5342037264251354,0.7543859481811523,0.7881128983170077,0.03372695013585536,0.7034883720930232,0.4161184210526316
8,C_no_daily,dev1,optics,5d_5pct,calibration,True,228,19,12,0.2339367776111106,0.659897315799857,0.5789473652839661,0.6596310180995676,0.08068365281560153,0.6997316919191918,0.491725768321513
8,C_no_daily,dev1,optics,5d_8pct,calibration,True,228,19,12,0.23723809308506746,0.6671535345621142,0.4385964870452881,0.5258812675495893,0.08728478050430122,0.70390625,0.5070093457943925
8,C_no_daily,dev1,storage,1d_3pct,calibration,True,76,19,4,0.23813134930907415,0.6692337807638666,0.6184210777282715,0.5696009825892816,0.04882009513898988,0.4739545121056493,0.40828402366863903
8,C_no_daily,dev1,storage,1d_5pct,calibration,True,76,19,4,0.2455105781951649,0.6855402640846356,0.3947368562221527,0.32963182593687507,0.06510503028527764,0.3710144927536232,0.347953216374269
8,C_no_daily,dev1,storage,1d_8pct,calibration,True,76,19,4,0.1809358915913743,0.5579818350507453,0.22368420660495758,0.15479953760553872,0.06888466899941886,0.3469591226321037,0.29435483870967744
8,C_no_daily,dev1,storage,3d_3pct,calibration,True,76,19,4,0.16601204058109065,0.514119736398883,0.7894737124443054,0.7606482802030096,0.028825432241295856,0.609375,0.5478260869565217
8,C_no_daily,dev1,storage,3d_5pct,calibration,True,76,19,4,0.21889204617662578,0.6298227291248306,0.6842105388641357,0.623051821081474,0.06115871778266169,0.5657051282051282,0.47019867549668876
8,C_no_daily,dev1,storage,3d_8pct,calibration,True,76,19,4,0.25260184211494524,0.6983603256409424,0.5,0.4821242176198903,0.017875782380109673,0.48614958448753465,0.5397727272727273
8,C_no_daily,dev1,storage,5d_3pct,calibration,True,76,19,4,0.14942953109490298,0.4748174511137851,0.8157894611358643,0.8178336095842664,0.002044148448402172,0.5944700460829493,0.589622641509434
8,C_no_daily,dev1,storage,5d_5pct,calibration,True,76,19,4,0.18249302849338864,0.5517665811732354,0.7631579041481018,0.7073033669864465,0.05585453716165534,0.578544061302682,0.59375
8,C_no_daily,dev1,storage,5d_8pct,calibration,True,76,19,4,0.23945992011698394,0.6717842912479872,0.5921052694320679,0.5708551643092362,0.021250105122831653,0.5949820788530467,0.6403508771929824
8,C_no_daily,dev2,chips,1d_3pct,calibration,True,160,20,8,0.24008324958911959,0.6731817566088102,0.4000000059604645,0.41437112615621763,0.014371120195753151,0.5079752604166666,0.5646067415730337
8,C_no_daily,dev2,chips,1d_5pct,calibration,True,160,20,8,0.16473750001393772,0.5132198454502843,0.20000000298023224,0.26941713915847626,0.06941713617824402,0.52392578125,0.5166666666666667
8,C_no_daily,dev2,chips,1d_8pct,calibration,True,160,20,8,0.09211335376585048,0.33444236292273344,0.10000000149011612,0.14773704576741822,0.047737044277302104,0.6059027777777778,0.5407407407407407
8,C_no_daily,dev2,chips,3d_3pct,calibration,True,160,20,8,0.24323461416420336,0.6795712208463354,0.5874999761581421,0.562556747103421,0.024943229054721128,0.4206963249516441,0.3484042553191489
8,C_no_daily,dev2,chips,3d_5pct,calibration,True,160,20,8,0.24174360890496605,0.6765440413637871,0.40625,0.43997727753930416,0.03372727753930416,0.5261538461538462,0.5928473177441541
8,C_no_daily,dev2,chips,3d_8pct,calibration,True,160,20,8,0.20229340240477384,0.5944746265242695,0.28125,0.2910621124003726,0.009812112400372608,0.48483091787439614,0.5497470489038786
8,C_no_daily,dev2,chips,5d_3pct,calibration,True,160,20,8,0.21914700498411482,0.6304835712736985,0.6875,0.6195542210417753,0.06794577895822473,0.5332727272727272,0.5134730538922155
8,C_no_daily,dev2,chips,5d_5pct,calibration,True,160,20,8,0.24968469954007935,0.6925165450763788,0.5062500238418579,0.5053246920150227,0.0009253318268351851,0.5067979371776841,0.5020026702269693
8,C_no_daily,dev2,chips,5d_8pct,calibration,True,160,20,8,0.2259924513267813,0.6443756822043525,0.34375,0.36077656594567464,0.017026565945674643,0.46961038961038964,0.43267776096822996
8,C_no_daily,dev2,optics,1d_3pct,calibration,True,240,20,12,0.26353828986032973,0.7205715290085156,0.5375000238418579,0.4122887267782119,0.12521129706364603,0.5446609400097773,0.5656279508970727
8,C_no_daily,dev2,optics,1d_5pct,calibration,True,240,20,12,0.22370842937189764,0.6405878456292152,0.3291666805744171,0.2720575691023664,0.05710911147205072,0.5354194512147182,0.5775577557755776
8,C_no_daily,dev2,optics,1d_8pct,calibration,True,240,20,12,0.15646438719620087,0.49423510079578636,0.19166666269302368,0.1521972945378175,0.039469368155206186,0.4980950246526221,0.5310650887573964
8,C_no_daily,dev2,optics,3d_3pct,calibration,True,240,20,12,0.2317780148853738,0.6565458568670692,0.6833333373069763,0.5600271436884297,0.12330619361854667,0.47601091142490376,0.39937106918238996
8,C_no_daily,dev2,optics,3d_5pct,calibration,True,240,20,12,0.25716680480591225,0.7075810631489495,0.5333333611488342,0.435086493884419,0.09824686726441523,0.5606166294642857,0.5867052023121387
8,C_no_daily,dev2,optics,3d_8pct,calibration,True,240,20,12,0.2536495290477297,0.7039141454997857,0.40416666865348816,0.29046148622875556,0.1137051824247326,0.49938721072741693,0.5240904621435595
8,C_no_daily,dev2,optics,5d_3pct,calibration,True,240,20,12,0.2003736066872586,0.5923456642351584,0.7749999761581421,0.6135743737092109,0.16142560244893123,0.5064715252887296,0.5227848101265823
8,C_no_daily,dev2,optics,5d_5pct,calibration,True,240,20,12,0.2500319874706239,0.6932112189200538,0.6208333373069763,0.49952629765587664,0.12130703965109968,0.5127959289033114,0.5237613751263903
8,C_no_daily,dev2,optics,5d_8pct,calibration,True,240,20,12,0.276034922772569,0.7472679975956142,0.5208333134651184,0.3594963449980655,0.16133696846705292,0.42052173913043484,0.39626352015732547
8,C_no_daily,dev2,storage,1d_3pct,calibration,True,80,20,4,0.2601330417518322,0.7136362488796211,0.5249999761581421,0.41847426459607345,0.10652571156206864,0.5864661654135338,0.5512820512820513
8,C_no_daily,dev2,storage,1d_5pct,calibration,True,80,20,4,0.21662542958808578,0.6254698377982549,0.3125,0.26913934644868803,0.04336065355131197,0.5272727272727273,0.5481049562682215
8,C_no_daily,dev2,storage,1d_8pct,calibration,True,80,20,4,0.19787561386711755,0.5976799558120506,0.25,0.14605219020774687,0.10394780979225313,0.5908333333333333,0.5844594594594594
8,C_no_daily,dev2,storage,3d_3pct,calibration,True,80,20,4,0.23289413219730165,0.6587597274538053,0.6625000238418579,0.5649442024095623,0.09755582143229558,0.5618448637316562,0.48148148148148145
8,C_no_daily,dev2,storage,3d_5pct,calibration,True,80,20,4,0.25831967398771577,0.7098705028335356,0.550000011920929,0.4491000469668324,0.10089996495409653,0.4621212121212121,0.4289340101522843
8,C_no_daily,dev2,storage,3d_8pct,calibration,True,80,20,4,0.2618752064898855,0.7212819438667858,0.42500001192092896,0.2932224202204886,0.13177759170044034,0.48721227621483376,0.45897435897435895
8,C_no_daily,dev2,storage,5d_3pct,calibration,True,80,20,4,0.19654551679662635,0.5842262529135278,0.7749999761581421,0.6257955757490333,0.14920440040910876,0.5277777777777778,0.4748201438848921
8,C_no_daily,dev2,storage,5d_5pct,calibration,True,80,20,4,0.2452894013003685,0.6837226647330432,0.6875,0.5137983098231298,0.1737016901768702,0.47854545454545455,0.4139941690962099
8,C_no_daily,dev2,storage,5d_8pct,calibration,True,80,20,4,0.28447891861440355,0.7642673584985177,0.5625,0.36660811465383175,0.19589188534616825,0.4898412698412699,0.4541984732824427
9,B_group,dev1,chips,1d_3pct,calibration,True,152,19,8,0.24882132923363692,0.7018197342501441,0.4934210479259491,0.6109019632869064,0.11748091536095728,0.6306493506493507,0.445364238410596
9,B_group,dev1,chips,1d_5pct,calibration,True,152,19,8,0.20927684609039893,0.605778894428447,0.30921053886413574,0.3678022168805286,0.05859167801639287,0.646403242147923,0.4524714828897338
9,B_group,dev1,chips,1d_8pct,calibration,True,152,19,8,0.12565931070783695,0.40277040398071423,0.125,0.2306869788444038,0.10568697884440381,0.6375148397309063,0.5137931034482759
9,B_group,dev1,chips,3d_3pct,calibration,True,152,19,8,0.19328558508478352,0.5721159162166102,0.6907894611358643,0.7628039692258912,0.07201450809002696,0.7057750759878418,0.6111111111111112
9,B_group,dev1,chips,3d_5pct,calibration,True,152,19,8,0.23090239960666267,0.6562410078332692,0.5394737124443054,0.6344262239779939,0.09495251153368844,0.6952961672473867,0.6176470588235294
9,B_group,dev1,chips,3d_8pct,calibration,True,152,19,8,0.21915882398854536,0.6217585652824656,0.32894736528396606,0.5003861452586045,0.1714387799746384,0.7590196078431373,0.6433962264150943
9,B_group,dev1,chips,5d_3pct,calibration,True,152,19,8,0.18700958286666525,0.5619806921549857,0.7302631735801697,0.8318585626474101,0.10159538906724042,0.7075368050977807,0.6487068965517241
9,B_group,dev1,chips,5d_5pct,calibration,True,152,19,8,0.23483184864196982,0.6682525380566883,0.6118420958518982,0.7486425713833157,0.1368004755314175,0.6927282668124658,0.6304347826086957
9,B_group,dev1,chips,5d_8pct,calibration,True,152,19,8,0.23541627633964654,0.668404699381282,0.44078946113586426,0.6058078219442085,0.1650183608083442,0.7183494293239684,0.6543321299638989
9,B_group,dev1,optics,1d_3pct,calibration,True,228,19,12,0.23152341227389917,0.6611572215505632,0.5745614171028137,0.6488790836094401,0.07431766650662641,0.650664987801999,0.4638009049773756
9,B_group,dev1,optics,1d_5pct,calibration,True,228,19,12,0.21803683471341304,0.6186408465915745,0.35087719559669495,0.40602106789629816,0.055143872299603214,0.6404560810810812,0.4320388349514563
9,B_group,dev1,optics,1d_8pct,calibration,True,228,19,12,0.1440128943176692,0.4498063393017186,0.14473684132099152,0.2674279188275188,0.1226910775065273,0.6296814296814297,0.41875
9,B_group,dev1,optics,3d_3pct,calibration,True,228,19,12,0.18205403531450015,0.5510117755947265,0.7105262875556946,0.7566041804996718,0.04607789294397724,0.6601197156752713,0.486646884272997
9,B_group,dev1,optics,3d_5pct,calibration,True,228,19,12,0.23491460617632887,0.668531715088959,0.5175438523292542,0.6365326870810648,0.11898883475181066,0.650462249614792,0.5191873589164786
9,B_group,dev1,optics,3d_8pct,calibration,True,228,19,12,0.2436829516947366,0.673176016699737,0.359649121761322,0.5439367368371221,0.18428761507580005,0.6926996324757767,0.5831353919239906
9,B_group,dev1,optics,5d_3pct,calibration,True,228,19,12,0.16031289846372673,0.499814695081656,0.7543859481811523,0.817831964059602,0.06344601587844967,0.7071220930232559,0.5921052631578947
9,B_group,dev1,optics,5d_5pct,calibration,True,228,19,12,0.2298493462314981,0.6725360905185098,0.5789473652839661,0.742612630472467,0.16366526518850089,0.7073074494949495,0.607565011820331
9,B_group,dev1,optics,5d_8pct,calibration,True,228,19,12,0.2496873435968957,0.6986167282997018,0.4385964870452881,0.6314392403773347,0.1928427533320466,0.6812109375,0.6080607476635514
9,B_group,dev1,storage,1d_3pct,calibration,True,76,19,4,0.2554930679933777,0.7180338417171631,0.6184210777282715,0.6610888643304564,0.042667786602184954,0.4607483492296405,0.47041420118343197
9,B_group,dev1,storage,1d_5pct,calibration,True,76,19,4,0.22481021573551102,0.6383819362317518,0.3947368562221527,0.40139331240263304,0.00665645618048033,0.6224637681159421,0.6081871345029239
9,B_group,dev1,storage,1d_8pct,calibration,True,76,19,4,0.15912630921816015,0.48550210224619106,0.22368420660495758,0.25047059626156765,0.026786389656610066,0.7138584247258225,0.7137096774193549
9,B_group,dev1,storage,3d_3pct,calibration,True,76,19,4,0.14188212280625226,0.44937214566786526,0.7894737124443054,0.7796343261179771,0.009839386326328303,0.7864583333333333,0.7869565217391304
9,B_group,dev1,storage,3d_5pct,calibration,True,76,19,4,0.16744673951796407,0.5138320450291927,0.6842105388641357,0.6478030637597808,0.036407475104354936,0.8084935897435898,0.8211920529801324
9,B_group,dev1,storage,3d_8pct,calibration,True,76,19,4,0.18244221418965512,0.5441186669463337,0.5,0.5467871395181116,0.04678713951811164,0.8407202216066482,0.8664772727272727
9,B_group,dev1,storage,5d_3pct,calibration,True,76,19,4,0.13120042150805775,0.4172998343247537,0.8157894611358643,0.8369399493659148,0.0211504882300505,0.7741935483870969,0.7971698113207547
9,B_group,dev1,storage,5d_5pct,calibration,True,76,19,4,0.13726399643130432,0.43529266090627555,0.7631579041481018,0.7522871401422001,0.0108707640059017,0.82183908045977,0.84375
9,B_group,dev1,storage,5d_8pct,calibration,True,76,19,4,0.1613262858361146,0.501001363368012,0.5921052694320679,0.628655056592776,0.036549787160708114,0.8501792114695341,0.8508771929824561
9,B_group,dev2,chips,1d_3pct,calibration,True,160,20,8,0.214731076657353,0.6194938077257471,0.4000000059604645,0.36182709646542854,0.038172909495035934,0.7156575520833334,0.6811797752808989
9,B_group,dev2,chips,1d_5pct,calibration,True,160,20,8,0.1372406277114612,0.43964402430344424,0.20000000298023224,0.2125581418803996,0.012558138900167354,0.7794189453125,0.7875
9,B_group,dev2,chips,1d_8pct,calibration,True,160,20,8,0.09015540586526805,0.30779462570390226,0.10000000149011612,0.12193463886518399,0.021934637375067872,0.6527777777777777,0.45555555555555555
9,B_group,dev2,chips,3d_3pct,calibration,True,160,20,8,0.23443029863864667,0.661491978797447,0.5874999761581421,0.5331689633227691,0.054331012835373005,0.6531270148291425,0.6476063829787234
9,B_group,dev2,chips,3d_5pct,calibration,True,160,20,8,0.22389010803481746,0.6406686852806525,0.40625,0.4194096255568809,0.013159625556880883,0.6817813765182187,0.6588720770288858
9,B_group,dev2,chips,3d_8pct,calibration,True,160,20,8,0.19041481138681562,0.5764324228970304,0.28125,0.2752961284046005,0.005953871595399507,0.6608695652173913,0.5413153456998314
9,B_group,dev2,chips,5d_3pct,calibration,True,160,20,8,0.2263281705598143,0.6449292700301126,0.6875,0.5884369766532409,0.0990630233467591,0.5266363636363637,0.38772455089820357
9,B_group,dev2,chips,5d_5pct,calibration,True,160,20,8,0.24697850882753603,0.6889255650322499,0.5062500238418579,0.4884240606799203,0.01782596316193763,0.5907172995780591,0.5106809078771696
9,B_group,dev2,chips,5d_8pct,calibration,True,160,20,8,0.2173408498725796,0.62611552393292,0.34375,0.3591549709249934,0.015404970924993378,0.6402597402597403,0.5590015128593041
9,B_group,dev2,optics,1d_3pct,calibration,True,240,20,12,0.23635318046582993,0.6678375269408938,0.5375000238418579,0.3942819955927766,0.1432180282490813,0.7465605140023744,0.6949952785646837
9,B_group,dev2,optics,1d_5pct,calibration,True,240,20,12,0.1952022327310545,0.5650407820417407,0.3291666805744171,0.2463115582574109,0.0828551223170062,0.7548549414262127,0.6875687568756875
9,B_group,dev2,optics,1d_8pct,calibration,True,240,20,12,0.15246160100122003,0.4732447587599851,0.19166666269302368,0.13995414097057685,0.051712521722446836,0.6358135365307037,0.44970414201183434
9,B_group,dev2,optics,3d_3pct,calibration,True,240,20,12,0.22245386420055635,0.63767495361373,0.6833333373069763,0.5380094697146082,0.14532386759236815,0.6898668164313222,0.6771488469601677
9,B_group,dev2,optics,3d_5pct,calibration,True,240,20,12,0.22340506152201775,0.6401091844073219,0.5333333611488342,0.43150367138933404,0.10182968975950019,0.7517089843749999,0.7023121387283237
9,B_group,dev2,optics,3d_8pct,calibration,True,240,20,12,0.22700003661784257,0.6424362682544138,0.40416666865348816,0.2988473731673839,0.10531929548610425,0.676519356931728,0.567354965585054
9,B_group,dev2,optics,5d_3pct,calibration,True,240,20,12,0.20982376999883248,0.6115126051153223,0.7749999761581421,0.5879930790252089,0.18700689713293317,0.5480386300278773,0.4531645569620253
9,B_group,dev2,optics,5d_5pct,calibration,True,240,20,12,0.22963094763160996,0.6516280398671536,0.6208333373069763,0.4928280248045788,0.1280053125023975,0.669997787447452,0.5540950455005056
9,B_group,dev2,optics,5d_8pct,calibration,True,240,20,12,0.25224623891069553,0.6942367483451909,0.5208333134651184,0.35716607847658643,0.16366723498853197,0.6531478260869565,0.5555555555555556
9,B_group,dev2,storage,1d_3pct,calibration,True,80,20,4,0.24074448614374094,0.6744586955780806,0.5249999761581421,0.44862680749706046,0.07637316866108163,0.6566416040100251,0.6410256410256411
9,B_group,dev2,storage,1d_5pct,calibration,True,80,20,4,0.1921015236509061,0.5689495773468654,0.3125,0.32333691943593645,0.010836919435936454,0.7781818181818182,0.7842565597667639
9,B_group,dev2,storage,1d_8pct,calibration,True,80,20,4,0.1922440267110883,0.5773301401850937,0.25,0.2074997664751866,0.04250023352481341,0.5266666666666667,0.5202702702702703
9,B_group,dev2,storage,3d_3pct,calibration,True,80,20,4,0.22804484737933076,0.6488453144568493,0.6625000238418579,0.5944003459860606,0.06809967785579729,0.5178197064989518,0.50997150997151
9,B_group,dev2,storage,3d_5pct,calibration,True,80,20,4,0.24117777420341704,0.6752263561386795,0.550000011920929,0.5247567090765592,0.02524330284436971,0.5868055555555556,0.5583756345177665
9,B_group,dev2,storage,3d_8pct,calibration,True,80,20,4,0.23868018214222406,0.6695095229184123,0.42500001192092896,0.3938255699347911,0.031174441986137835,0.6301150895140665,0.6166666666666667
9,B_group,dev2,storage,5d_3pct,calibration,True,80,20,4,0.19327241180470356,0.5770843186590664,0.7749999761581421,0.6375500085848139,0.13744996757332817,0.489247311827957,0.48381294964028776
9,B_group,dev2,storage,5d_5pct,calibration,True,80,20,4,0.22679496469586663,0.6462968368048112,0.6875,0.563945048431894,0.12355495156810603,0.6003636363636364,0.6020408163265306
9,B_group,dev2,storage,5d_8pct,calibration,True,80,20,4,0.26302313766139696,0.719404493105762,0.5625,0.4300195761493327,0.13248042385066727,0.5771428571428571,0.5776081424936387
9,B_no_group,dev1,chips,1d_3pct,calibration,True,152,19,8,0.22408353597637737,0.6430051364550197,0.4934210479259491,0.5569016973095174,0.06348064938356834,0.6943722943722944,0.5529801324503312
9,B_no_group,dev1,chips,1d_5pct,calibration,True,152,19,8,0.203864851092141,0.5921115142987834,0.30921053886413574,0.3733891275124222,0.06417858864828646,0.6755825734549139,0.5133079847908745
9,B_no_group,dev1,chips,1d_8pct,calibration,True,152,19,8,0.13068542969712996,0.41286513744623354,0.125,0.23277962602110555,0.10777962602110555,0.6197071626434507,0.4517241379310345
9,B_no_group,dev1,chips,3d_3pct,calibration,True,152,19,8,0.18930327938031688,0.5611525220009144,0.6907894611358643,0.7503635082602459,0.059574047124381635,0.7432624113475177,0.6474358974358975
9,B_no_group,dev1,chips,3d_5pct,calibration,True,152,19,8,0.22231906911684585,0.6388779268707339,0.5394737124443054,0.6158621543170241,0.07638844187271865,0.7059233449477352,0.629757785467128
9,B_no_group,dev1,chips,3d_8pct,calibration,True,152,19,8,0.219664339226737,0.6240351481820704,0.32894736528396606,0.47670975053550013,0.14776238525153407,0.7261764705882353,0.6160377358490566
9,B_no_group,dev1,chips,5d_3pct,calibration,True,152,19,8,0.1861592033817783,0.5526047802144509,0.7302631735801697,0.824888972833456,0.09462579925328629,0.7501647989452868,0.728448275862069
9,B_no_group,dev1,chips,5d_5pct,calibration,True,152,19,8,0.23094985026191084,0.652874739668849,0.6118420958518982,0.7225902716295959,0.11074817577769769,0.7100419172589757,0.6620553359683794
9,B_no_group,dev1,chips,5d_8pct,calibration,True,152,19,8,0.24075327601047572,0.6756065291885905,0.44078946113586426,0.6181991076373106,0.1774096465014463,0.7350307287093942,0.7075812274368231
9,B_no_group,dev1,optics,1d_3pct,calibration,True,228,19,12,0.22543263228058863,0.6455943086704518,0.5745614171028137,0.6043925059355073,0.029831088832693586,0.643975761391359,0.502262443438914
9,B_no_group,dev1,optics,1d_5pct,calibration,True,228,19,12,0.22249065168811155,0.6292858632847974,0.35087719559669495,0.4167438208564067,0.06586662525971176,0.6336148648648648,0.41140776699029125
9,B_no_group,dev1,optics,1d_8pct,calibration,True,228,19,12,0.14817936107301194,0.4583032964160299,0.14473684132099152,0.268703634316738,0.12396679299574648,0.6177156177156178,0.36875
9,B_no_group,dev1,optics,3d_3pct,calibration,True,228,19,12,0.17940383379786545,0.542345348091469,0.7105262875556946,0.7402297300649409,0.02970344250924628,0.6890198279087169,0.5059347181008902
9,B_no_group,dev1,optics,3d_5pct,calibration,True,228,19,12,0.2290185659814585,0.6525855523744881,0.5175438523292542,0.6310043241184764,0.11346047178922225,0.6776579352850538,0.5451467268623025
9,B_no_group,dev1,optics,3d_8pct,calibration,True,228,19,12,0.23218466502746032,0.6483586630979308,0.359649121761322,0.5085754955545146,0.14892637379319262,0.6673905780153693,0.5480997624703088
9,B_no_group,dev1,optics,5d_3pct,calibration,True,228,19,12,0.15732042210507327,0.48779708067458205,0.7543859481811523,0.8076451130146347,0.053259164833482364,0.7381644518272426,0.6348684210526315
9,B_no_group,dev1,optics,5d_5pct,calibration,True,228,19,12,0.22373106756253214,0.6452500516865856,0.5789473652839661,0.7248233157235494,0.14587595043958335,0.7250631313131313,0.6465721040189125
9,B_no_group,dev1,optics,5d_8pct,calibration,True,228,19,12,0.25680944215015006,0.7168861067470226,0.4385964870452881,0.6412693580295816,0.20267287098429354,0.6878515625,0.657126168224299
9,B_no_group,dev1,storage,1d_3pct,calibration,True,76,19,4,0.23349856605128752,0.6612385017871492,0.6184210777282715,0.6049576448214223,0.013463432906849149,0.5759354365370506,0.591715976331361
9,B_no_group,dev1,storage,1d_5pct,calibration,True,76,19,4,0.2175233053044041,0.6232520612853737,0.3947368562221527,0.4076715442874101,0.012934688065257383,0.677536231884058,0.6900584795321637
9,B_no_group,dev1,storage,1d_8pct,calibration,True,76,19,4,0.16692812383448383,0.50697275921399,0.22368420660495758,0.2502481722417292,0.026563965636771603,0.6510468594217349,0.6693548387096774
9,B_no_group,dev1,storage,3d_3pct,calibration,True,76,19,4,0.14348293554333333,0.4570759632771515,0.7894737124443054,0.7631953308109953,0.02627838163331009,0.79375,0.7956521739130434
9,B_no_group,dev1,storage,3d_5pct,calibration,True,76,19,4,0.16078760265818634,0.5007193536252925,0.6842105388641357,0.6386992413326953,0.04551129753144045,0.8317307692307693,0.8410596026490066
9,B_no_group,dev1,storage,3d_8pct,calibration,True,76,19,4,0.1955969956756569,0.57463615498597,0.5,0.506016914093757,0.006016914093757042,0.7932825484764543,0.7997159090909091
9,B_no_group,dev1,storage,5d_3pct,calibration,True,76,19,4,0.13774119215575217,0.4363845630933524,0.8157894611358643,0.8297837472723302,0.013994286136465917,0.7695852534562211,0.75
9,B_no_group,dev1,storage,5d_5pct,calibration,True,76,19,4,0.14961258284799464,0.4711958374939299,0.7631579041481018,0.7241528380561973,0.03900506609190446,0.7969348659003831,0.78515625
9,B_no_group,dev1,storage,5d_8pct,calibration,True,76,19,4,0.1712594369622961,0.5236289873212976,0.5921052694320679,0.631662239145459,0.03955696971339118,0.8157706093189965,0.8011695906432749
9,B_no_group,dev2,chips,1d_3pct,calibration,True,160,20,8,0.22651927714831732,0.6511384916813597,0.4000000059604645,0.35114893223970967,0.04885107372075481,0.66162109375,0.577247191011236
9,B_no_group,dev2,chips,1d_5pct,calibration,True,160,20,8,0.1530378520360868,0.49036458047817594,0.20000000298023224,0.2082740958759406,0.008274092895708351,0.677490234375,0.5791666666666667
9,B_no_group,dev2,chips,1d_8pct,calibration,True,160,20,8,0.08721878814897642,0.29708215953134703,0.10000000149011612,0.11948162517995922,0.019481623689843103,0.67578125,0.4962962962962963
9,B_no_group,dev2,chips,3d_3pct,calibration,True,160,20,8,0.23804155063475166,0.6690667122446468,0.5874999761581421,0.5584117736090924,0.029088202549049647,0.5873629916183107,0.5412234042553191
9,B_no_group,dev2,chips,3d_5pct,calibration,True,160,20,8,0.22573199820162468,0.6436545877864488,0.40625,0.42793550127337576,0.021685501273375762,0.6568421052631581,0.5983493810178817
9,B_no_group,dev2,chips,3d_8pct,calibration,True,160,20,8,0.18827460580061195,0.5675735592717777,0.28125,0.2760270766209497,0.005222923379050282,0.6695652173913044,0.6087689713322091
9,B_no_group,dev2,chips,5d_3pct,calibration,True,160,20,8,0.21746404846836082,0.6265608131997362,0.6875,0.6182315517315567,0.06926844826844325,0.5650909090909091,0.5097305389221557
9,B_no_group,dev2,chips,5d_5pct,calibration,True,160,20,8,0.24260990834393184,0.6785202403147897,0.5062500238418579,0.5003099522221335,0.00594007161972443,0.5829817158931083,0.4833110814419226
9,B_no_group,dev2,chips,5d_8pct,calibration,True,160,20,8,0.2134984487377399,0.6165084528335506,0.34375,0.36416876662298686,0.02041876662298686,0.6921212121212121,0.6966717095310136
9,B_no_group,dev2,optics,1d_3pct,calibration,True,240,20,12,0.24887907657418,0.7077809492001502,0.5375000238418579,0.409741118461418,0.12775890538043994,0.624554787345485,0.47592067988668557
9,B_no_group,dev2,optics,1d_5pct,calibration,True,240,20,12,0.2194025106035173,0.6287241558500578,0.3291666805744171,0.2394595690911687,0.08970711148324842,0.6173441308278952,0.46204620462046203
9,B_no_group,dev2,optics,1d_8pct,calibration,True,240,20,12,0.15512931648890138,0.4786727056372793,0.19166666269302368,0.134952556285128,0.056714106407895676,0.6021963245181533,0.386094674556213
9,B_no_group,dev2,optics,3d_3pct,calibration,True,240,20,12,0.22506507928382688,0.6427199124197652,0.6833333373069763,0.5640469545641995,0.11928638274277681,0.5872913992297818,0.4716981132075472
9,B_no_group,dev2,optics,3d_5pct,calibration,True,240,20,12,0.23193792270383193,0.6566316318737595,0.5333333611488342,0.44014948671343357,0.09318387443540066,0.6765485491071429,0.5708092485549133
9,B_no_group,dev2,optics,3d_8pct,calibration,True,240,20,12,0.2257673458463604,0.6375164173431038,0.40416666865348816,0.298674989621006,0.10549167903248213,0.6731309927186216,0.5712881022615536
9,B_no_group,dev2,optics,5d_3pct,calibration,True,240,20,12,0.19819590277624308,0.5869124451623716,0.7749999761581421,0.6162167131707093,0.15878326298743284,0.575467941059339,0.5424050632911392
9,B_no_group,dev2,optics,5d_5pct,calibration,True,240,20,12,0.225063369229661,0.6421739798744831,0.6208333373069763,0.5104098635314995,0.11042347377547679,0.664982668338373,0.5465116279069767
9,B_no_group,dev2,optics,5d_8pct,calibration,True,240,20,12,0.24927550455468647,0.6881124825791937,0.5208333134651184,0.3642359707604698,0.1565973427046486,0.6596521739130435,0.6229105211406096
9,B_no_group,dev2,storage,1d_3pct,calibration,True,80,20,4,0.2477050746250037,0.6884185412206197,0.5249999761581421,0.4925831422798407,0.03241683387830141,0.5263157894736842,0.5358974358974359
9,B_no_group,dev2,storage,1d_5pct,calibration,True,80,20,4,0.20669221798801662,0.599629595343478,0.3125,0.34074106114676506,0.028241061146765056,0.6189090909090909,0.6122448979591837
9,B_no_group,dev2,storage,1d_8pct,calibration,True,80,20,4,0.19561170418798302,0.5886479555426539,0.25,0.19857124626097308,0.05142875373902692,0.4308333333333333,0.4222972972972973
9,B_no_group,dev2,storage,3d_3pct,calibration,True,80,20,4,0.23252181433844027,0.6584725849738348,0.6625000238418579,0.6140392667160949,0.04846075712576303,0.3529000698812019,0.3504273504273504
9,B_no_group,dev2,storage,3d_5pct,calibration,True,80,20,4,0.2440415733859905,0.6811754396405292,0.550000011920929,0.5343983068849779,0.015601705035951041,0.5839646464646464,0.583756345177665
9,B_no_group,dev2,storage,3d_8pct,calibration,True,80,20,4,0.2418951912889029,0.6763532459355779,0.42500001192092896,0.39479224159629994,0.030207770324629013,0.5626598465473146,0.5423076923076923
9,B_no_group,dev2,storage,5d_3pct,calibration,True,80,20,4,0.1891184009553199,0.5681248294598424,0.7749999761581421,0.6552347603493647,0.11976521580877741,0.4861111111111111,0.4694244604316547
9,B_no_group,dev2,storage,5d_5pct,calibration,True,80,20,4,0.2291818732976309,0.6512787038454,0.6875,0.5679752155022006,0.11952478449779935,0.4694545454545454,0.4708454810495627
9,B_no_group,dev2,storage,5d_8pct,calibration,True,80,20,4,0.262233832743113,0.7177826728161969,0.5625,0.4382450256084257,0.12425497439157429,0.4228571428571428,0.4312977099236641
9,C_group,dev1,chips,1d_3pct,bagging,False,152,19,8,0.22662717622158499,0.6445532599163053,0.4934210479259491,0.47636294198828066,0.017058105937668433,0.6820779220779221,0.5629139072847682
9,C_group,dev1,chips,1d_5pct,bagging,False,152,19,8,0.20001792523234818,0.5812528503900548,0.30921053886413574,0.253579752464738,0.055630786399397725,0.6842958459979736,0.5247148288973384
9,C_group,dev1,chips,1d_8pct,bagging,False,152,19,8,0.10282928572125029,0.34368376744976115,0.125,0.11830165623104719,0.006698343768952814,0.701622477245746,0.6068965517241379
9,C_group,dev1,chips,3d_3pct,bagging,False,152,19,8,0.1975861782288487,0.5808640628338658,0.6907894611358643,0.7075151989584907,0.01672573782262643,0.7258358662613982,0.6666666666666666
9,C_group,dev1,chips,3d_5pct,bagging,False,152,19,8,0.215184077675143,0.622049013368162,0.5394737124443054,0.5296182588201553,0.009855453624150079,0.7498257839721254,0.6903114186851211
9,C_group,dev1,chips,3d_8pct,bagging,False,152,19,8,0.1954043635134464,0.574647916646914,0.32894736528396606,0.37748408405460926,0.048536718770643195,0.7366666666666667,0.6150943396226415
9,C_group,dev1,chips,5d_3pct,bagging,False,152,19,8,0.18707306479202956,0.5565724084644647,0.7302631735801697,0.7649883558729955,0.03472518229282584,0.7020435069215557,0.5969827586206896
9,C_group,dev1,chips,5d_5pct,bagging,False,152,19,8,0.2055815755660863,0.6005598595498824,0.6118420958518982,0.6210280288245559,0.009185932972657684,0.7813012575177694,0.7529644268774703
9,C_group,dev1,chips,5d_8pct,bagging,False,152,19,8,0.20747148307035443,0.6047063493873082,0.44078946113586426,0.46694532361360624,0.026155862477741987,0.7768217734855135,0.6606498194945848
9,C_group,dev1,optics,1d_3pct,bagging,False,228,19,12,0.22256095064746012,0.6371776452882694,0.5745614171028137,0.5146580815872721,0.05990333551554161,0.6749035964429054,0.5610859728506787
9,C_group,dev1,optics,1d_5pct,bagging,False,228,19,12,0.2129798205969486,0.6084888014668792,0.35087719559669495,0.2855720495237607,0.06530514607293425,0.6701013513513514,0.4842233009708738
9,C_group,dev1,optics,1d_8pct,bagging,False,228,19,12,0.11908858860464291,0.3895550977063447,0.14473684132099152,0.13425458812390262,0.010482253197088898,0.6503496503496503,0.5020833333333333
9,C_group,dev1,optics,3d_3pct,bagging,False,228,19,12,0.1946163343535586,0.575617753265154,0.7105262875556946,0.7323886939282754,0.021862406372580856,0.6500187055742611,0.47477744807121663
9,C_group,dev1,optics,3d_5pct,bagging,False,228,19,12,0.2294439956690491,0.6520155192509991,0.5175438523292542,0.5793421979691288,0.06179834563987463,0.6647919876733436,0.5519187358916479
9,C_group,dev1,optics,3d_8pct,bagging,False,228,19,12,0.21398976881908152,0.6162242405907846,0.359649121761322,0.4140397845271795,0.05439066276585747,0.6654694286668894,0.5344418052256532
9,C_group,dev1,optics,5d_3pct,bagging,False,228,19,12,0.17720964878636786,0.5363152771961534,0.7543859481811523,0.7909726231113783,0.03658667493022594,0.6514742524916943,0.42105263157894735
9,C_group,dev1,optics,5d_5pct,bagging,False,228,19,12,0.23076132711743524,0.6548741266642291,0.5789473652839661,0.6637547253302443,0.0848073600462782,0.6582228535353536,0.5756501182033097
9,C_group,dev1,optics,5d_8pct,bagging,False,228,19,12,0.22263554849141418,0.6367213271188323,0.4385964870452881,0.49596710396111315,0.05737061691582507,0.69703125,0.6016355140186916
9,C_group,dev1,storage,1d_3pct,bagging,False,76,19,4,0.2345995897118021,0.6619643524246013,0.6184210777282715,0.5965506858273791,0.02187039190089235,0.561995597945708,0.5562130177514792
9,C_group,dev1,storage,1d_5pct,bagging,False,76,19,4,0.23836451350123422,0.6700194956828068,0.3947368562221527,0.3355695374705409,0.0591673187516118,0.5905797101449276,0.6111111111111112
9,C_group,dev1,storage,1d_8pct,bagging,False,76,19,4,0.17415026594902738,0.5344243577986607,0.22368420660495758,0.1681023102441724,0.05558189636078517,0.6151545363908275,0.6774193548387096
9,C_group,dev1,storage,3d_3pct,bagging,False,76,19,4,0.16406671866102518,0.5084597388895372,0.7894737124443054,0.7802142285513011,0.00925948389300435,0.6822916666666667,0.7
9,C_group,dev1,storage,3d_5pct,bagging,False,76,19,4,0.21074231433125384,0.6119176600372934,0.6842105388641357,0.6500457785687374,0.03416476029539839,0.7243589743589743,0.6788079470198676
9,C_group,dev1,storage,3d_8pct,bagging,False,76,19,4,0.244885854115994,0.6829056244253335,0.5,0.5008036438864902,0.0008036438864902351,0.6385041551246537,0.6676136363636364
9,C_group,dev1,storage,5d_3pct,bagging,False,76,19,4,0.1494810704925971,0.47491810290007747,0.8157894611358643,0.8336688312707711,0.017879370134906813,0.5990783410138248,0.589622641509434
9,C_group,dev1,storage,5d_5pct,bagging,False,76,19,4,0.17587429234099752,0.5350068087798726,0.7631579041481018,0.733917634751556,0.02924026939654578,0.75,0.7890625
9,C_group,dev1,storage,5d_8pct,bagging,False,76,19,4,0.22905560909788533,0.6500615580100885,0.5921052694320679,0.5930269019347203,0.0009216325026524252,0.7706093189964158,0.7923976608187134
9,C_group,dev2,chips,1d_3pct,bagging,False,160,20,8,0.24400971071651564,0.6816006603501517,0.4000000059604645,0.3172424773924899,0.08275752856797458,0.5444335937499999,0.3637640449438202
9,C_group,dev2,chips,1d_5pct,bagging,False,160,20,8,0.15939305242469254,0.49642037153946,0.20000000298023224,0.1964008394438477,0.0035991635363845365,0.5400390625,0.27708333333333335
9,C_group,dev2,chips,1d_8pct,bagging,False,160,20,8,0.08918323930461358,0.31717460781973117,0.10000000149011612,0.10542210199578413,0.005422100505668007,0.5980902777777778,0.3111111111111111
9,C_group,dev2,chips,3d_3pct,bagging,False,160,20,8,0.2501148686334292,0.6933972030800636,0.5874999761581421,0.502484790838769,0.08501518531937313,0.5019342359767892,0.3484042553191489
9,C_group,dev2,chips,3d_5pct,bagging,False,160,20,8,0.24378286706458682,0.6804069483395896,0.40625,0.33988615234078057,0.06636384765921943,0.5177327935222673,0.33975240715268223
9,C_group,dev2,chips,3d_8pct,bagging,False,160,20,8,0.20833070922946115,0.6093140750209256,0.28125,0.19834283378460257,0.08290716621539743,0.5628985507246377,0.3406408094435076
9,C_group,dev2,chips,5d_3pct,bagging,False,160,20,8,0.22471180234804972,0.6420439618283236,0.6875,0.5865951496642207,0.10090485033577934,0.5305454545454545,0.41467065868263475
9,C_group,dev2,chips,5d_5pct,bagging,False,160,20,8,0.24877916021417076,0.6906502745031242,0.5062500238418579,0.4632322462428832,0.04301777759897468,0.580090639162369,0.4672897196261682
9,C_group,dev2,chips,5d_8pct,bagging,False,160,20,8,0.2275427966604046,0.6470906361447875,0.34375,0.2889048056336948,0.054845194366305194,0.5754112554112555,0.4114977307110439
9,C_group,dev2,optics,1d_3pct,bagging,False,240,20,12,0.28302051901412795,0.7630022301793685,0.5375000238418579,0.3386018428952854,0.19889818094657252,0.5827920944200013,0.4098205854579792
9,C_group,dev2,optics,1d_5pct,bagging,False,240,20,12,0.2286367831913062,0.6535473659910677,0.3291666805744171,0.21957767531035305,0.10958900526406407,0.5981602327226984,0.3509350935093509
9,C_group,dev2,optics,1d_8pct,bagging,False,240,20,12,0.15696351411004858,0.4957577843258825,0.19166666269302368,0.12327480298774288,0.0683918597052808,0.6117212012550426,0.3594674556213018
9,C_group,dev2,optics,3d_3pct,bagging,False,240,20,12,0.24616410237903352,0.6854632594874895,0.6833333373069763,0.5114878286911794,0.17184550861579695,0.5243100128369705,0.42557651991614254
9,C_group,dev2,optics,3d_5pct,bagging,False,240,20,12,0.2686920819235967,0.7322238988124942,0.5333333611488342,0.37588659068966535,0.15744677045916888,0.5757533482142858,0.3670520231213873
9,C_group,dev2,optics,3d_8pct,bagging,False,240,20,12,0.2728158934357092,0.7551809080039891,0.40416666865348816,0.2214528663404782,0.18271380231300996,0.5546824309710907,0.3087512291052114
9,C_group,dev2,optics,5d_3pct,bagging,False,240,20,12,0.2068807057706436,0.6056868727175593,0.7749999761581421,0.5926017375280928,0.18239823863004934,0.5521704500199123,0.48481012658227846
9,C_group,dev2,optics,5d_5pct,bagging,False,240,20,12,0.2567726107914793,0.7067498660311374,0.6208333373069763,0.4671686208627686,0.1536647164442077,0.5870639427686408,0.49342770475227504
9,C_group,dev2,optics,5d_8pct,bagging,False,240,20,12,0.3010782393164001,0.8046908987739736,0.5208333134651184,0.2938741125590227,0.22695920090609573,0.5614608695652173,0.4464110127826942
9,C_group,dev2,storage,1d_3pct,bagging,False,80,20,4,0.2611737471223221,0.7162447128502192,0.5249999761581421,0.3927995272852198,0.13220044887292232,0.5952380952380951,0.5538461538461539
9,C_group,dev2,storage,1d_5pct,bagging,False,80,20,4,0.22099164038598734,0.6370163208335076,0.3125,0.24746896193558868,0.06503103806441132,0.49163636363636365,0.4606413994169096
9,C_group,dev2,storage,1d_8pct,bagging,False,80,20,4,0.20574327595727446,0.6302751993972115,0.25,0.1400133495761938,0.1099866504238062,0.37,0.32094594594594594
9,C_group,dev2,storage,3d_3pct,bagging,False,80,20,4,0.23147813381373092,0.6558046065732761,0.6625000238418579,0.5561614359968091,0.1063385878450488,0.5842068483577918,0.5584045584045584
9,C_group,dev2,storage,3d_5pct,bagging,False,80,20,4,0.2596545918175347,0.7126560899799121,0.550000011920929,0.4382597691840974,0.11174024273683153,0.5340909090909092,0.48223350253807107
9,C_group,dev2,storage,3d_8pct,bagging,False,80,20,4,0.280295688336884,0.7682826035979148,0.42500001192092896,0.2677972881228472,0.15720272379808176,0.42774936061381075,0.3769230769230769
9,C_group,dev2,storage,5d_3pct,bagging,False,80,20,4,0.1941039347110416,0.5789503553986733,0.7749999761581421,0.6200007481706687,0.15499922798747334,0.6747311827956989,0.6690647482014388
9,C_group,dev2,storage,5d_5pct,bagging,False,80,20,4,0.24579075461753477,0.6847121833013655,0.6875,0.5018265975323557,0.1856734024676443,0.6021818181818182,0.5889212827988338
9,C_group,dev2,storage,5d_8pct,bagging,False,80,20,4,0.30591550556379554,0.8124588534467035,0.5625,0.3331312819728885,0.2293687180271115,0.4247619047619048,0.37659033078880405
9,C_no_group,dev1,chips,1d_3pct,bagging,False,152,19,8,0.21975141560426636,0.6294925444120459,0.4934210479259491,0.5128644708262561,0.019443422900306984,0.6992207792207792,0.43211920529801323
9,C_no_group,dev1,chips,1d_5pct,bagging,False,152,19,8,0.19331896035542778,0.5641131312578417,0.30921053886413574,0.27695835824571363,0.03225218061842211,0.6940222897669707,0.47338403041825095
9,C_no_group,dev1,chips,1d_8pct,bagging,False,152,19,8,0.10643338658213403,0.3569256388713502,0.125,0.1400212240592045,0.015021224059204502,0.6204986149584488,0.4793103448275862
9,C_no_group,dev1,chips,3d_3pct,bagging,False,152,19,8,0.1947420604450053,0.5723756382616486,0.6907894611358643,0.7174212983733914,0.026631837237527156,0.7102330293819655,0.3974358974358974
9,C_no_group,dev1,chips,3d_5pct,bagging,False,152,19,8,0.21622799464411568,0.6236415599181618,0.5394737124443054,0.5559344942569551,0.01646078181264965,0.701567944250871,0.4359861591695502
9,C_no_group,dev1,chips,3d_8pct,bagging,False,152,19,8,0.19869527135645393,0.5770413381672953,0.32894736528396606,0.4209417435732661,0.09199437828930002,0.7045098039215686,0.44339622641509435
9,C_no_group,dev1,chips,5d_3pct,bagging,False,152,19,8,0.1857332941687564,0.5519326643515385,0.7302631735801697,0.7725635564674572,0.042300382887287546,0.6946824873654143,0.5010775862068966
9,C_no_group,dev1,chips,5d_5pct,bagging,False,152,19,8,0.2029229686550171,0.5947463340499133,0.6118420958518982,0.637780637674968,0.02593854182306976,0.7156916347731,0.41304347826086957
9,C_no_group,dev1,chips,5d_8pct,bagging,False,152,19,8,0.21685346923517584,0.6239646081007217,0.44078946113586426,0.5091305903749402,0.06834112923907598,0.6867427568042143,0.3844765342960289
9,C_no_group,dev1,optics,1d_3pct,bagging,False,228,19,12,0.21113716260320795,0.6137169306587772,0.5745614171028137,0.5943265552404547,0.019765138137641025,0.7032344377114976,0.5418552036199095
9,C_no_group,dev1,optics,1d_5pct,bagging,False,228,19,12,0.2004213974126622,0.5784787647311078,0.35087719559669495,0.3331194381417308,0.017757757454964163,0.7014358108108107,0.4878640776699029
9,C_no_group,dev1,optics,1d_8pct,bagging,False,228,19,12,0.11552114304587674,0.37929494346709713,0.14473684132099152,0.17389888848047305,0.029162047159481536,0.7193473193473193,0.5333333333333333
9,C_no_group,dev1,optics,3d_3pct,bagging,False,228,19,12,0.18848279490151934,0.5646688436063426,0.7105262875556946,0.7391690551469168,0.028642767591222196,0.7011784511784511,0.4332344213649852
9,C_no_group,dev1,optics,3d_5pct,bagging,False,228,19,12,0.22628941195984464,0.6480299678492667,0.5175438523292542,0.5906363351801889,0.07309248285093473,0.6951463790446841,0.4887133182844244
9,C_no_group,dev1,optics,3d_8pct,bagging,False,228,19,12,0.21395542728750724,0.6138240588503285,0.359649121761322,0.46069058222327597,0.10104146046195395,0.704560641496826,0.5617577197149644
9,C_no_group,dev1,optics,5d_3pct,bagging,False,228,19,12,0.1776036994507436,0.5390126785980289,0.7543859481811523,0.7946191069614642,0.04023315878031186,0.6521490863787376,0.4399671052631579
9,C_no_group,dev1,optics,5d_5pct,bagging,False,228,19,12,0.22289189325493367,0.639419393063044,0.5789473652839661,0.6578965529688905,0.07894918768492443,0.6955492424242424,0.46099290780141844
9,C_no_group,dev1,optics,5d_8pct,bagging,False,228,19,12,0.2241071570790969,0.6408154768831562,0.4385964870452881,0.5289801749758771,0.09038368793058904,0.71375,0.522196261682243
9,C_no_group,dev1,storage,1d_3pct,bagging,False,76,19,4,0.23839667493386582,0.6699885737188008,0.6184210777282715,0.6025936885436013,0.015827389184670193,0.47395451210564926,0.41420118343195267
9,C_no_group,dev1,storage,1d_5pct,bagging,False,76,19,4,0.24212992472097317,0.6781548022988627,0.3947368562221527,0.33717378108318696,0.05756307513896575,0.4985507246376812,0.41812865497076024
9,C_no_group,dev1,storage,1d_8pct,bagging,False,76,19,4,0.17830977562051475,0.5482260813328983,0.22368420660495758,0.16420897695823963,0.05947522964671795,0.48255234297108673,0.45967741935483875
9,C_no_group,dev1,storage,3d_3pct,bagging,False,76,19,4,0.1659318634848955,0.5136373475693248,0.7894737124443054,0.7672050297613426,0.02226868268296278,0.5531250000000001,0.5956521739130435
9,C_no_group,dev1,storage,3d_5pct,bagging,False,76,19,4,0.2167359249867589,0.6246541017189288,0.6842105388641357,0.640810938791966,0.0433996000721697,0.5296474358974359,0.5662251655629139
9,C_no_group,dev1,storage,3d_8pct,bagging,False,76,19,4,0.2536569011692888,0.7005003085524536,0.5,0.5049130054672213,0.0049130054672212875,0.45221606648199447,0.4460227272727273
9,C_no_group,dev1,storage,5d_3pct,bagging,False,76,19,4,0.15013691068865187,0.4771650128395408,0.8157894611358643,0.8123350863462869,0.0034543747895773302,0.5264976958525345,0.5188679245283019
9,C_no_group,dev1,storage,5d_5pct,bagging,False,76,19,4,0.18395071206564512,0.554772504816255,0.7631579041481018,0.712238067892222,0.05091983625587981,0.5383141762452107,0.54296875
9,C_no_group,dev1,storage,5d_8pct,bagging,False,76,19,4,0.2407509952008016,0.6744757740314319,0.5921052694320679,0.5963390956270146,0.0042338261949467215,0.5469534050179211,0.5789473684210527
9,C_no_group,dev2,chips,1d_3pct,bagging,False,160,20,8,0.23252164374705558,0.6625614943363816,0.4000000059604645,0.35840706306859205,0.04159294289187243,0.6375325520833334,0.45646067415730335
9,C_no_group,dev2,chips,1d_5pct,bagging,False,160,20,8,0.15830409352184152,0.4937208163841075,0.20000000298023224,0.23122281202323441,0.031222809043002175,0.622802734375,0.4354166666666667
9,C_no_group,dev2,chips,1d_8pct,bagging,False,160,20,8,0.08808381974058924,0.30436797366794516,0.10000000149011612,0.1386124869548005,0.038612485464684376,0.6688368055555556,0.3851851851851852
9,C_no_group,dev2,chips,3d_3pct,bagging,False,160,20,8,0.25445637090396256,0.7031505521642413,0.5874999761581421,0.4906605602968231,0.096839415861319,0.5491618310767248,0.39893617021276595
9,C_no_group,dev2,chips,3d_5pct,bagging,False,160,20,8,0.24351547682475444,0.6844282217063486,0.40625,0.37052247816917205,0.035727521830827946,0.5705263157894737,0.33975240715268223
9,C_no_group,dev2,chips,3d_8pct,bagging,False,160,20,8,0.19771958295582667,0.5930117346242806,0.28125,0.24025259298039567,0.04099740701960433,0.6257004830917875,0.42495784148397975
9,C_no_group,dev2,chips,5d_3pct,bagging,False,160,20,8,0.2301348213256901,0.6529771508093267,0.6875,0.5702694880947742,0.11723051190522582,0.522,0.40718562874251496
9,C_no_group,dev2,chips,5d_5pct,bagging,False,160,20,8,0.25756835101848885,0.7105487518813536,0.5062500238418579,0.43060775424613035,0.07564226959572756,0.5424285044538208,0.315086782376502
9,C_no_group,dev2,chips,5d_8pct,bagging,False,160,20,8,0.22459071019840887,0.6430181195980665,0.34375,0.2962417688485498,0.0475082311514502,0.5856277056277056,0.34190620272314676
9,C_no_group,dev2,optics,1d_3pct,bagging,False,240,20,12,0.25055788493938747,0.7069736828903281,0.5375000238418579,0.42499421718020247,0.11250580666165544,0.6281164885816048,0.3814919735599622
9,C_no_group,dev2,optics,1d_5pct,bagging,False,240,20,12,0.2075867609498256,0.6002801501642174,0.3291666805744171,0.269306243304059,0.05986043727035811,0.6642817831590533,0.3465346534653465
9,C_no_group,dev2,optics,1d_8pct,bagging,False,240,20,12,0.14564241339607123,0.45070782825110384,0.19166666269302368,0.15545928361438907,0.03620737907863461,0.685903182429404,0.4541420118343195
9,C_no_group,dev2,optics,3d_3pct,bagging,False,240,20,12,0.24841246498192196,0.6920534374480491,0.6833333373069763,0.5072062328015094,0.17612710450546687,0.5715661103979462,0.3238993710691824
9,C_no_group,dev2,optics,3d_5pct,bagging,False,240,20,12,0.26057586682839057,0.7164352397402222,0.5333333611488342,0.3851258327518064,0.14820752839702783,0.6145368303571429,0.313102119460501
9,C_no_group,dev2,optics,3d_8pct,bagging,False,240,20,12,0.2527061501408449,0.7085393698964425,0.40416666865348816,0.24978557463642853,0.15438109401705963,0.6174032153413597,0.36578171091445427
9,C_no_group,dev2,optics,5d_3pct,bagging,False,240,20,12,0.21284364862013996,0.6176613999394314,0.7749999761581421,0.5859981996197627,0.18900177653837935,0.5243926722421345,0.2873417721518987
9,C_no_group,dev2,optics,5d_5pct,bagging,False,240,20,12,0.2608357545756964,0.7156858782610535,0.6208333373069763,0.43959912851835437,0.18123420878862195,0.5954716424515083,0.2942366026289181
9,C_no_group,dev2,optics,5d_8pct,bagging,False,240,20,12,0.2911415894352008,0.7856750153028216,0.5208333134651184,0.29968018533050034,0.22115312813461807,0.5884521739130435,0.3176007866273353
9,C_no_group,dev2,storage,1d_3pct,bagging,False,80,20,4,0.25092395794553896,0.6952967325427422,0.5249999761581421,0.45878656374177956,0.06621341241636253,0.5726817042606517,0.541025641025641
9,C_no_group,dev2,storage,1d_5pct,bagging,False,80,20,4,0.2158903844461843,0.6238590500543291,0.3125,0.317889667420043,0.005389667420042987,0.5229090909090909,0.6268221574344023
9,C_no_group,dev2,storage,1d_8pct,bagging,False,80,20,4,0.19428749118616512,0.5845698598248553,0.25,0.18355939081121112,0.06644060918878888,0.4666666666666667,0.6047297297297297
9,C_no_group,dev2,storage,3d_3pct,bagging,False,80,20,4,0.22917940766702954,0.6507522127801038,0.6625000238418579,0.5624296613545969,0.10007036248726098,0.5870020964360587,0.5698005698005698
9,C_no_group,dev2,storage,3d_5pct,bagging,False,80,20,4,0.24653532172492493,0.6861890114900168,0.550000011920929,0.48619364429528406,0.0638063676256449,0.5770202020202021,0.616751269035533
9,C_no_group,dev2,storage,3d_8pct,bagging,False,80,20,4,0.25408202207285024,0.703565429518876,0.42500001192092896,0.32672879352768736,0.0982712183932416,0.5223785166240409,0.5794871794871795
9,C_no_group,dev2,storage,5d_3pct,bagging,False,80,20,4,0.20267788169313866,0.5969393021145177,0.7749999761581421,0.6034833011046883,0.1715166750534538,0.5618279569892473,0.5719424460431655
9,C_no_group,dev2,storage,5d_5pct,bagging,False,80,20,4,0.2417937850124526,0.6766610315608486,0.6875,0.517334364795004,0.17016563520499595,0.5745454545454545,0.577259475218659
9,C_no_group,dev2,storage,5d_8pct,bagging,False,80,20,4,0.2811019026903717,0.7573090507723407,0.5625,0.3757356871883984,0.1867643128116016,0.5269841269841269,0.5292620865139949
9,C_no_daily,dev1,chips,1d_3pct,bagging,False,152,19,8,0.25114340317751865,0.6954345473504127,0.4934210479259491,0.5383145086357823,0.044893460709833244,0.620952380952381,0.478476821192053
9,C_no_daily,dev1,chips,1d_5pct,bagging,False,152,19,8,0.21346195132811355,0.6181280842984082,0.30921053886413574,0.3061826316134346,0.003027907250701123,0.5560283687943263,0.467680608365019
9,C_no_daily,dev1,chips,1d_8pct,bagging,False,152,19,8,0.10988169434299488,0.37880916054608427,0.125,0.1499645190791773,0.024964519079177294,0.5421448357736447,0.3793103448275862
9,C_no_daily,dev1,chips,3d_3pct,bagging,False,152,19,8,0.21518962529456986,0.6223929475063438,0.6907894611358643,0.7285884764968168,0.03779901536095254,0.43019250253292807,0.5149572649572649
9,C_no_daily,dev1,chips,3d_5pct,bagging,False,152,19,8,0.24955066261260322,0.6922813204500007,0.5394737124443054,0.5763539270473665,0.03688021460306112,0.5153310104529616,0.44809688581314877
9,C_no_daily,dev1,chips,3d_8pct,bagging,False,152,19,8,0.23448374362442714,0.662004135195471,0.32894736528396606,0.4480279729845665,0.11908060770060042,0.5737254901960784,0.4037735849056604
9,C_no_daily,dev1,chips,5d_3pct,bagging,False,152,19,8,0.20078743397070148,0.5938272832849345,0.7302631735801697,0.7895887357882526,0.05932556220808294,0.35552625796528237,0.5581896551724138
9,C_no_daily,dev1,chips,5d_5pct,bagging,False,152,19,8,0.2394014890593168,0.6720697463592116,0.6118420958518982,0.6553752487708163,0.04353315291891813,0.4889739383998542,0.5
9,C_no_daily,dev1,chips,5d_8pct,bagging,False,152,19,8,0.25361507234950387,0.700384287393443,0.44078946113586426,0.5267445729774675,0.0859551118416032,0.5719051799824407,0.4368231046931408
9,C_no_daily,dev1,optics,1d_3pct,bagging,False,228,19,12,0.2456798163845651,0.6844911261760386,0.5745614171028137,0.5386403383152382,0.035921078787575556,0.49571102541906037,0.4581447963800905
9,C_no_daily,dev1,optics,1d_5pct,bagging,False,228,19,12,0.23003509681867398,0.6532173092249824,0.35087719559669495,0.30719226191631355,0.0436849336803814,0.4766047297297298,0.4963592233009709
9,C_no_daily,dev1,optics,1d_8pct,bagging,False,228,19,12,0.12386134802021503,0.4137391783077849,0.14473684132099152,0.15158658893267304,0.006849747611681528,0.4961926961926961,0.4375
9,C_no_daily,dev1,optics,3d_3pct,bagging,False,228,19,12,0.2058161468837562,0.6020166719616844,0.7105262875556946,0.728784089066636,0.018257801510941474,0.5820239431350542,0.5934718100890207
9,C_no_daily,dev1,optics,3d_5pct,bagging,False,228,19,12,0.2525220938791986,0.6982587249192372,0.5175438523292542,0.5761852669191346,0.05864141458988048,0.5672573189522342,0.510158013544018
9,C_no_daily,dev1,optics,3d_8pct,bagging,False,228,19,12,0.2379680957959599,0.6690033968629832,0.359649121761322,0.4485393413014144,0.08889021954009235,0.527731373204143,0.4667458432304038
9,C_no_daily,dev1,optics,5d_3pct,bagging,False,228,19,12,0.18596439193277567,0.5593783932800599,0.7543859481811523,0.7878922138402503,0.03350626565909798,0.6542774086378738,0.5296052631578947
9,C_no_daily,dev1,optics,5d_5pct,bagging,False,228,19,12,0.24920749384877605,0.6922935404393219,0.5789473652839661,0.6541490348324046,0.07520166954843854,0.5905145202020201,0.5224586288416075
9,C_no_daily,dev1,optics,5d_8pct,bagging,False,228,19,12,0.2541589233289066,0.701474439759961,0.4385964870452881,0.5270658073870661,0.08846932034177801,0.45281250000000006,0.4380841121495327
9,C_no_daily,dev1,storage,1d_3pct,bagging,False,76,19,4,0.24323392950254571,0.6795973135181258,0.6184210777282715,0.5361100668147484,0.08231101091352311,0.42993396918561994,0.3757396449704142
9,C_no_daily,dev1,storage,1d_5pct,bagging,False,76,19,4,0.2480998060918573,0.691619439010874,0.3947368562221527,0.30223765559335813,0.09249920062879458,0.422463768115942,0.4415204678362573
9,C_no_daily,dev1,storage,1d_8pct,bagging,False,76,19,4,0.17998198850675373,0.554183726593368,0.22368420660495758,0.14501213428846535,0.07867207231649223,0.481555333998006,0.47580645161290325
9,C_no_daily,dev1,storage,3d_3pct,bagging,False,76,19,4,0.1694039260791876,0.5232446410452096,0.7894737124443054,0.730957923555572,0.05851578888873343,0.6177083333333333,0.5565217391304348
9,C_no_daily,dev1,storage,3d_5pct,bagging,False,76,19,4,0.22826021799886095,0.6493877715131952,0.6842105388641357,0.575259781338271,0.1089507575258647,0.47916666666666663,0.46357615894039733
9,C_no_daily,dev1,storage,3d_8pct,bagging,False,76,19,4,0.25292673129799664,0.6990359132160314,0.5,0.4459427915998352,0.05405720840016481,0.48337950138504154,0.5
9,C_no_daily,dev1,storage,5d_3pct,bagging,False,76,19,4,0.15068130289636522,0.47899668549470276,0.8157894611358643,0.791741214237955,0.024048246897909298,0.5817972350230415,0.4858490566037736
9,C_no_daily,dev1,storage,5d_5pct,bagging,False,76,19,4,0.19200230377923838,0.5739734480034224,0.7631579041481018,0.6564136619984151,0.1067442421496867,0.5948275862068966,0.6328125
9,C_no_daily,dev1,storage,5d_8pct,bagging,False,76,19,4,0.2460531490452629,0.6852474675646117,0.5921052694320679,0.5252606655159572,0.06684460391611069,0.4551971326164875,0.5058479532163743
9,C_no_daily,dev2,chips,1d_3pct,bagging,False,160,20,8,0.2401284135535046,0.6732775967043485,0.4000000059604645,0.4156858052102622,0.01568579924979774,0.5257161458333333,0.5407303370786517
9,C_no_daily,dev2,chips,1d_5pct,bagging,False,160,20,8,0.16483450312903059,0.513468148174513,0.20000000298023224,0.2701119659812289,0.07011196300099665,0.542236328125,0.47291666666666665
9,C_no_daily,dev2,chips,1d_8pct,bagging,False,160,20,8,0.09220916251444042,0.33482846726156923,0.10000000149011612,0.14862411785627636,0.048624116366160236,0.6145833333333334,0.562962962962963
9,C_no_daily,dev2,chips,3d_3pct,bagging,False,160,20,8,0.24318740291735458,0.6794752806068993,0.5874999761581421,0.5617280581114482,0.025771918046693876,0.43359123146357187,0.3896276595744681
9,C_no_daily,dev2,chips,3d_5pct,bagging,False,160,20,8,0.2419259454397813,0.676925244133721,0.40625,0.4429124373205469,0.036662437320546915,0.5509311740890689,0.5955983493810179
9,C_no_daily,dev2,chips,3d_8pct,bagging,False,160,20,8,0.202172768396792,0.594190064335096,0.28125,0.2911143880599546,0.009864388059954599,0.5466666666666666,0.5480607082630692
9,C_no_daily,dev2,chips,5d_3pct,bagging,False,160,20,8,0.21903734800253818,0.6302493127570375,0.6875,0.6214666843268667,0.06603331567313331,0.5349090909090909,0.5344311377245509
9,C_no_daily,dev2,chips,5d_5pct,bagging,False,160,20,8,0.24983774013206386,0.6928227282682278,0.5062500238418579,0.5088827713364333,0.002632747494575427,0.4994530395374277,0.5113484646194927
9,C_no_daily,dev2,chips,5d_8pct,bagging,False,160,20,8,0.2260851227712996,0.6445765675886517,0.34375,0.3647081307602277,0.020958130760227678,0.4774891774891774,0.4357034795763994
9,C_no_daily,dev2,optics,1d_3pct,bagging,False,240,20,12,0.26311556519495594,0.7196912688438986,0.5375000238418579,0.41588390628287897,0.12161611755897894,0.5239192681053146,0.5363550519357885
9,C_no_daily,dev2,optics,1d_5pct,bagging,False,240,20,12,0.22385967387335462,0.6409588257639276,0.3291666805744171,0.27348509606372856,0.05568158451068855,0.4979165028697225,0.5148514851485149
9,C_no_daily,dev2,optics,1d_8pct,bagging,False,240,20,12,0.1564469181927032,0.4941438744275118,0.19166666269302368,0.15308036258684962,0.03858630010617406,0.488009861048857,0.5192307692307693
9,C_no_daily,dev2,optics,3d_3pct,bagging,False,240,20,12,0.23174407319873372,0.6564776390669126,0.6833333373069763,0.55974658097488,0.12358675633209637,0.49671052631578944,0.4350104821802935
9,C_no_daily,dev2,optics,3d_5pct,bagging,False,240,20,12,0.25622984567535245,0.7056710785993684,0.5333333611488342,0.4411147191866088,0.09221864196222546,0.5708705357142857,0.5895953757225434
9,C_no_daily,dev2,optics,3d_8pct,bagging,False,240,20,12,0.25315165329378087,0.7026905523239579,0.40416666865348816,0.29294876192133046,0.1112179067321577,0.5014779035397592,0.52015732546706
9,C_no_daily,dev2,optics,5d_3pct,bagging,False,240,20,12,0.19915865169471583,0.589786153744941,0.7749999761581421,0.6175163377654924,0.15748363839264967,0.5098068498606133,0.5443037974683544
9,C_no_daily,dev2,optics,5d_5pct,bagging,False,240,20,12,0.2486389172117043,0.6904246684064319,0.6208333373069763,0.5056265861570046,0.1152067511499717,0.5072645475330039,0.5045500505561172
9,C_no_daily,dev2,optics,5d_8pct,bagging,False,240,20,12,0.2741685783411796,0.7432183872011211,0.5208333134651184,0.36520501873308386,0.15562829473203454,0.38337391304347823,0.3785644051130777
9,C_no_daily,dev2,storage,1d_3pct,bagging,False,80,20,4,0.26078327189785855,0.7149707754432019,0.5249999761581421,0.41715332975436176,0.10784664640378033,0.5601503759398496,0.5717948717948718
9,C_no_daily,dev2,storage,1d_5pct,bagging,False,80,20,4,0.21665556175637551,0.6255456754976949,0.3125,0.2681946318608478,0.0443053681391522,0.5621818181818182,0.6355685131195336
9,C_no_daily,dev2,storage,1d_8pct,bagging,False,80,20,4,0.1978411433325732,0.5975345541128504,0.25,0.14626008052812342,0.10373991947187658,0.6158333333333333,0.668918918918919
9,C_no_daily,dev2,storage,3d_3pct,bagging,False,80,20,4,0.23321076857478173,0.6594039916118326,0.6625000238418579,0.5636115734579565,0.09888845038390137,0.5394828791055206,0.4415954415954416
9,C_no_daily,dev2,storage,3d_5pct,bagging,False,80,20,4,0.2583374502098824,0.7099021541720248,0.550000011920929,0.44832502640421285,0.10167498551671611,0.46906565656565663,0.4289340101522843
9,C_no_daily,dev2,storage,3d_8pct,bagging,False,80,20,4,0.262526440846014,0.7228524511723845,0.42500001192092896,0.2902696742958274,0.13473033762510156,0.4955242966751918,0.4794871794871795
9,C_no_daily,dev2,storage,5d_3pct,bagging,False,80,20,4,0.1966597163164639,0.584475794333809,0.7749999761581421,0.6254698114194202,0.14953016473872194,0.5304659498207885,0.4748201438848921
9,C_no_daily,dev2,storage,5d_5pct,bagging,False,80,20,4,0.24498199510274138,0.6831082445565183,0.6875,0.5142215651121251,0.17327843488787487,0.4763636363636363,0.4198250728862974
9,C_no_daily,dev2,storage,5d_8pct,bagging,False,80,20,4,0.2841668921828456,0.7635924242207214,0.5625,0.36736219381596136,0.19513780618403864,0.4926984126984127,0.4910941475826972
10,B_group,dev1,chips,1d_3pct,capacity,False,152,19,8,0.2470575322273683,0.6957166116916442,0.4934210479259491,0.6169166897676944,0.12349564184174533,0.6559307359307359,0.5248344370860927
10,B_group,dev1,chips,1d_5pct,capacity,False,152,19,8,0.20812824108647973,0.6049642427475991,0.30921053886413574,0.36793980325205683,0.05872926438792109,0.658966565349544,0.4714828897338403
10,B_group,dev1,chips,1d_8pct,capacity,False,152,19,8,0.1239376721127449,0.3983878443829127,0.125,0.22696390470737096,0.10196390470737096,0.6387020182034032,0.5
10,B_group,dev1,chips,3d_3pct,capacity,False,152,19,8,0.1959366321263247,0.57655342647019,0.6907894611358643,0.7643147489669908,0.07352528783112655,0.7138804457953394,0.6282051282051282
10,B_group,dev1,chips,3d_5pct,capacity,False,152,19,8,0.2333764199203277,0.6604285606738042,0.5394737124443054,0.6329407325587703,0.09346702011446484,0.6797909407665506,0.5795847750865052
10,B_group,dev1,chips,3d_8pct,capacity,False,152,19,8,0.21421000244990454,0.6107299147332768,0.32894736528396606,0.4940727488355239,0.16512538355155781,0.7662745098039215,0.6679245283018868
10,B_group,dev1,chips,5d_3pct,capacity,False,152,19,8,0.18655418651392064,0.5602229794755252,0.7302631735801697,0.8309997345643015,0.10073656098413186,0.7059986816084377,0.6400862068965517
10,B_group,dev1,chips,5d_5pct,capacity,False,152,19,8,0.2342691718657705,0.6621748848452916,0.6118420958518982,0.741644212440652,0.12980211658875385,0.7029342081283032,0.6640316205533597
10,B_group,dev1,chips,5d_8pct,capacity,False,152,19,8,0.23616288852083298,0.6693958612919687,0.44078946113586426,0.6040530188802159,0.16326355774435164,0.7230904302019315,0.6877256317689531
10,B_group,dev1,optics,1d_3pct,capacity,False,228,19,12,0.2356729672249401,0.6715618555271323,0.5745614171028137,0.646477820425994,0.07191640332318028,0.6387817738254504,0.4762443438914027
10,B_group,dev1,optics,1d_5pct,capacity,False,228,19,12,0.22099672012542618,0.6261541318341793,0.35087719559669495,0.41107363228212584,0.0601964366854309,0.6408783783783784,0.42961165048543687
10,B_group,dev1,optics,1d_8pct,capacity,False,228,19,12,0.14065042247537612,0.4417588639277883,0.14473684132099152,0.26088863296141457,0.11615179164042305,0.6341880341880342,0.43125
10,B_group,dev1,optics,3d_3pct,capacity,False,228,19,12,0.1834743942516299,0.5527182402620169,0.7105262875556946,0.7590569586178354,0.04853067106214082,0.6820987654320988,0.5326409495548962
10,B_group,dev1,optics,3d_5pct,capacity,False,228,19,12,0.23760756122084875,0.6771243620277809,0.5175438523292542,0.6443318227037047,0.12678797037445055,0.6496918335901386,0.5316027088036117
10,B_group,dev1,optics,3d_8pct,capacity,False,228,19,12,0.2400443171568793,0.6650400864895321,0.359649121761322,0.5373668405595563,0.17771771879823428,0.7052288673571667,0.5961995249406176
10,B_group,dev1,optics,5d_3pct,capacity,False,228,19,12,0.16103911385388606,0.5025606166039666,0.7543859481811523,0.819245728558274,0.0648597803771217,0.7013081395348837,0.59375
10,B_group,dev1,optics,5d_5pct,capacity,False,228,19,12,0.23073358234154773,0.669900601771564,0.5789473652839661,0.7376877942081563,0.15874042892419027,0.712042297979798,0.5981087470449172
10,B_group,dev1,optics,5d_8pct,capacity,False,228,19,12,0.2552621878339371,0.713448475599573,0.4385964870452881,0.6384237929461927,0.19982730590090458,0.690390625,0.6325934579439252
10,B_group,dev1,storage,1d_3pct,capacity,False,76,19,4,0.25962675883641645,0.7229513888733449,0.6184210777282715,0.6497711997589164,0.03135012203064491,0.4416727806309611,0.44970414201183434
10,B_group,dev1,storage,1d_5pct,capacity,False,76,19,4,0.22535435230202316,0.6413569834723449,0.3947368562221527,0.4047040928421544,0.009967236620001707,0.6376811594202899,0.6257309941520467
10,B_group,dev1,storage,1d_8pct,capacity,False,76,19,4,0.16076333941573892,0.4896300291439052,0.22368420660495758,0.24841080374326613,0.024726597138308548,0.7048853439680958,0.7217741935483871
10,B_group,dev1,storage,3d_3pct,capacity,False,76,19,4,0.1459163084272247,0.4615904415149747,0.7894737124443054,0.7621032013551369,0.027370511089168548,0.7489583333333333,0.7565217391304347
10,B_group,dev1,storage,3d_5pct,capacity,False,76,19,4,0.16942443345289723,0.518477954236221,0.6842105388641357,0.634602630253415,0.04960790861072073,0.7756410256410257,0.7913907284768212
10,B_group,dev1,storage,3d_8pct,capacity,False,76,19,4,0.17795380939838204,0.5356445510571273,0.5,0.5350670642618567,0.035067064261856684,0.8414127423822715,0.8579545454545454
10,B_group,dev1,storage,5d_3pct,capacity,False,76,19,4,0.13132920447577573,0.41816758496985457,0.8157894611358643,0.8337606468504027,0.017971185714538485,0.7753456221198157,0.7688679245283019
10,B_group,dev1,storage,5d_5pct,capacity,False,76,19,4,0.13991636547139066,0.44254411136981914,0.7631579041481018,0.7450289283684581,0.018128975779643675,0.8275862068965517,0.84375
10,B_group,dev1,storage,5d_8pct,capacity,False,76,19,4,0.16218786053215795,0.5025953264881972,0.5921052694320679,0.6206327190915125,0.028527449659444648,0.8516129032258064,0.8567251461988304
10,B_group,dev2,chips,1d_3pct,capacity,False,160,20,8,0.21556167741124904,0.6206268380007142,0.4000000059604645,0.36307959228859776,0.036920413671866714,0.7169596354166667,0.6741573033707865
10,B_group,dev2,chips,1d_5pct,capacity,False,160,20,8,0.14159302293704318,0.45136383426341764,0.20000000298023224,0.21169518623050126,0.011695183250269026,0.741455078125,0.7125
10,B_group,dev2,chips,1d_8pct,capacity,False,160,20,8,0.08790658887337492,0.29987435541106555,0.10000000149011612,0.12811717639584738,0.028117174905731263,0.7035590277777778,0.5148148148148148
10,B_group,dev2,chips,3d_3pct,capacity,False,160,20,8,0.2380368040308118,0.6691598519541195,0.5874999761581421,0.5058915716575314,0.08160840450061069,0.649097356544165,0.6276595744680851
10,B_group,dev2,chips,3d_5pct,capacity,False,160,20,8,0.22149186151974565,0.6337932981548831,0.40625,0.40588859280230194,0.0003614071976980604,0.677408906882591,0.6602475928473177
10,B_group,dev2,chips,3d_8pct,capacity,False,160,20,8,0.1922177087711913,0.5760136568580215,0.28125,0.26897664766503687,0.012273352334963128,0.6430917874396136,0.4957841483979764
10,B_group,dev2,chips,5d_3pct,capacity,False,160,20,8,0.23029091518182132,0.6531149336925555,0.6875,0.57413530402059,0.11336469597941001,0.5095454545454545,0.3570359281437126
10,B_group,dev2,chips,5d_5pct,capacity,False,160,20,8,0.241124741827557,0.675651114230496,0.5062500238418579,0.47326579368910304,0.03298423015275487,0.6257227691826848,0.5907877169559412
10,B_group,dev2,chips,5d_8pct,capacity,False,160,20,8,0.2117069077236105,0.6110506032597509,0.34375,0.35902257654588005,0.015272576545880046,0.7115151515151514,0.7261724659606656
10,B_group,dev2,optics,1d_3pct,capacity,False,240,20,12,0.24008978344834742,0.6749739597911238,0.5375000238418579,0.3878781980429341,0.1496218257989238,0.7524268454501013,0.7016052880075543
10,B_group,dev2,optics,1d_5pct,capacity,False,240,20,12,0.20259272441699014,0.5822267542714492,0.3291666805744171,0.2418943305740535,0.08727235000036362,0.7068165736300024,0.6171617161716172
10,B_group,dev2,optics,1d_8pct,capacity,False,240,20,12,0.14755461759298882,0.45530069326385564,0.19166666269302368,0.14455619549858817,0.04711046719443551,0.6925145674585388,0.5414201183431953
10,B_group,dev2,optics,3d_3pct,capacity,False,240,20,12,0.23697794780672013,0.6671968276120837,0.6833333373069763,0.4986898792923266,0.1846434580146497,0.6842105263157895,0.6446540880503144
10,B_group,dev2,optics,3d_5pct,capacity,False,240,20,12,0.22660169062563007,0.6465168703854457,0.5333333611488342,0.4206198813436088,0.11271347980522545,0.7354910714285714,0.6782273603082851
10,B_group,dev2,optics,3d_8pct,capacity,False,240,20,12,0.23292816470005134,0.6541795669718863,0.40416666865348816,0.2867953897460744,0.11737127890741378,0.6576310287650493,0.5083579154375615
10,B_group,dev2,optics,5d_3pct,capacity,False,240,20,12,0.21781621145459398,0.6281376420012221,0.7749999761581421,0.5725645117903834,0.20243546436775872,0.5111011549183593,0.4189873417721519
10,B_group,dev2,optics,5d_5pct,capacity,False,240,20,12,0.2302931178738938,0.6520712328443087,0.6208333373069763,0.47883261056511434,0.14200072674186198,0.7153551146839737,0.6359959555106168
10,B_group,dev2,optics,5d_8pct,capacity,False,240,20,12,0.2549229928129704,0.6999816722852948,0.5208333134651184,0.354540722568157,0.1662925908969614,0.6986086956521739,0.660275319567355
10,B_group,dev2,storage,1d_3pct,capacity,False,80,20,4,0.247348591977401,0.6876746362864372,0.5249999761581421,0.4351522014884268,0.08984777466971527,0.6152882205513784,0.6128205128205129
10,B_group,dev2,storage,1d_5pct,capacity,False,80,20,4,0.19688508243228592,0.5784417138290372,0.3125,0.32280317868135644,0.01030317868135644,0.7021818181818182,0.7113702623906706
10,B_group,dev2,storage,1d_8pct,capacity,False,80,20,4,0.1897215612179733,0.5652286300873078,0.25,0.21115255236012268,0.038847447639877325,0.5800000000000001,0.5844594594594594
10,B_group,dev2,storage,3d_3pct,capacity,False,80,20,4,0.23054748535351335,0.6538545998474072,0.6625000238418579,0.5636057976479301,0.09889422619392785,0.5541579315164221,0.5612535612535613
10,B_group,dev2,storage,3d_5pct,capacity,False,80,20,4,0.2451900187839433,0.6834682347326734,0.550000011920929,0.5169511397082994,0.03304887221262953,0.5994318181818182,0.5964467005076142
10,B_group,dev2,storage,3d_8pct,capacity,False,80,20,4,0.23505584708560406,0.6620424837270443,0.42500001192092896,0.39845497178417666,0.026545040136752296,0.6515345268542199,0.6641025641025641
10,B_group,dev2,storage,5d_3pct,capacity,False,80,20,4,0.19914558458545187,0.5894930669015453,0.7749999761581421,0.6171077694902853,0.15789220666785675,0.5098566308243728,0.5323741007194245
10,B_group,dev2,storage,5d_5pct,capacity,False,80,20,4,0.22910300209092133,0.6511038084364177,0.6875,0.5498110285561557,0.1376889714438443,0.652,0.6545189504373178
10,B_group,dev2,storage,5d_8pct,capacity,False,80,20,4,0.261479894298587,0.7162779958874348,0.5625,0.43277745623839053,0.12972254376160947,0.6015873015873017,0.5966921119592875
10,B_no_group,dev1,chips,1d_3pct,capacity,False,152,19,8,0.22834267821245047,0.6547434038544655,0.4934210479259491,0.5659162924192531,0.07249524449330402,0.68987012987013,0.5596026490066225
10,B_no_group,dev1,chips,1d_5pct,capacity,False,152,19,8,0.20627677307018405,0.6001794946739952,0.30921053886413574,0.371242684143778,0.06203214527964224,0.6654508611955421,0.4923954372623574
10,B_no_group,dev1,chips,1d_8pct,capacity,False,152,19,8,0.13007048331258697,0.41200312585955473,0.125,0.23019275165590894,0.10519275165590894,0.6125840918084686,0.43448275862068964
10,B_no_group,dev1,chips,3d_3pct,capacity,False,152,19,8,0.18928454621380872,0.5592381199223881,0.6907894611358643,0.7557706178729,0.06498115673703575,0.7675785207700102,0.7051282051282052
10,B_no_group,dev1,chips,3d_5pct,capacity,False,152,19,8,0.22435570758845955,0.6414398718287917,0.5394737124443054,0.6312744477393218,0.09180073529501642,0.7099303135888502,0.6280276816608996
10,B_no_group,dev1,chips,3d_8pct,capacity,False,152,19,8,0.22148876874323492,0.6273259953254996,0.32894736528396606,0.4773401933237067,0.14839282803974063,0.7040196078431372,0.5933962264150944
10,B_no_group,dev1,chips,5d_3pct,capacity,False,152,19,8,0.1876285002450032,0.5591218141063619,0.7302631735801697,0.827429009288239,0.09716583570806936,0.7191825972313778,0.6616379310344828
10,B_no_group,dev1,chips,5d_5pct,capacity,False,152,19,8,0.23980891406846175,0.674089203125409,0.6118420958518982,0.7491646310955219,0.1373225352436237,0.6918170220521231,0.6620553359683794
10,B_no_group,dev1,chips,5d_8pct,capacity,False,152,19,8,0.24494302669623286,0.6865924812041351,0.44078946113586426,0.6229682158597616,0.18217875472389733,0.7164179104477612,0.7021660649819494
10,B_no_group,dev1,optics,1d_3pct,capacity,False,228,19,12,0.22800368200751694,0.6530869505061647,0.5745614171028137,0.6055886514225202,0.031027234319706443,0.6389391673880538,0.503393665158371
10,B_no_group,dev1,optics,1d_5pct,capacity,False,228,19,12,0.22438277401530976,0.634995803161504,0.35087719559669495,0.4144608022941315,0.06358360669743657,0.6236486486486487,0.3895631067961165
10,B_no_group,dev1,optics,1d_8pct,capacity,False,228,19,12,0.14577732893839238,0.45296469141851514,0.14473684132099152,0.26405137354692304,0.11931453222593152,0.6206682206682207,0.38125
10,B_no_group,dev1,optics,3d_3pct,capacity,False,228,19,12,0.18103137426527605,0.545291977579279,0.7105262875556946,0.7492007282417035,0.03867444068600889,0.7029554807332585,0.5222551928783383
10,B_no_group,dev1,optics,3d_5pct,capacity,False,228,19,12,0.2344107411097505,0.6700901045702985,0.5175438523292542,0.6471767601939457,0.1296329078646915,0.6640215716486902,0.5372460496613995
10,B_no_group,dev1,optics,3d_8pct,capacity,False,228,19,12,0.23242768354490415,0.6488886069425792,0.359649121761322,0.5088368683615181,0.14918774660019607,0.6706481790845306,0.5694774346793349
10,B_no_group,dev1,optics,5d_3pct,capacity,False,228,19,12,0.16006761818077128,0.4973302552852248,0.7543859481811523,0.8150023934712667,0.06061644529011434,0.7130398671096345,0.5888157894736842
10,B_no_group,dev1,optics,5d_5pct,capacity,False,228,19,12,0.2300008217875334,0.6658742336293048,0.5789473652839661,0.7465516031314287,0.1676042378474626,0.7316919191919191,0.6335697399527187
10,B_no_group,dev1,optics,5d_8pct,capacity,False,228,19,12,0.2648535756126185,0.7397956988435371,0.4385964870452881,0.6541162700750458,0.21551978302975772,0.685,0.6460280373831776
10,B_no_group,dev1,storage,1d_3pct,capacity,False,76,19,4,0.2419116425711605,0.6819379584989436,0.6184210777282715,0.6105624444568919,0.00785863327137959,0.5385179750550256,0.5798816568047338
10,B_no_group,dev1,storage,1d_5pct,capacity,False,76,19,4,0.21964277620405698,0.6277013147213645,0.3947368562221527,0.40809924647691076,0.01336239025475805,0.6644927536231885,0.6812865497076024
10,B_no_group,dev1,storage,1d_8pct,capacity,False,76,19,4,0.16722330598276308,0.507819952045445,0.22368420660495758,0.24821606855397194,0.024531861949014355,0.646061814556331,0.6653225806451613
10,B_no_group,dev1,storage,3d_3pct,capacity,False,76,19,4,0.14703114894424926,0.4662892766080202,0.7894737124443054,0.7520836968796175,0.037390015564687906,0.7499999999999999,0.7434782608695653
10,B_no_group,dev1,storage,3d_5pct,capacity,False,76,19,4,0.16379744404185825,0.505364783274164,0.6842105388641357,0.6452719437794832,0.03893859508465258,0.8084935897435898,0.8311258278145696
10,B_no_group,dev1,storage,3d_8pct,capacity,False,76,19,4,0.1918894497870985,0.5668726126443202,0.5,0.5093211906226719,0.009321190622671893,0.7991689750692521,0.8039772727272727
10,B_no_group,dev1,storage,5d_3pct,capacity,False,76,19,4,0.13506955646780414,0.42748239416951267,0.8157894611358643,0.8292750475139777,0.013485586378113479,0.7788018433179724,0.7735849056603774
10,B_no_group,dev1,storage,5d_5pct,capacity,False,76,19,4,0.14672850448839242,0.46151018314887454,0.7631579041481018,0.7331570836288842,0.030000820519217597,0.7835249042145594,0.77734375
10,B_no_group,dev1,storage,5d_8pct,capacity,False,76,19,4,0.1772321416215693,0.5376078823900727,0.5921052694320679,0.620354059735125,0.02824879030305716,0.7899641577060932,0.7543859649122807
10,B_no_group,dev2,chips,1d_3pct,capacity,False,160,20,8,0.22543443925217937,0.6438205462582169,0.4000000059604645,0.35597508402708516,0.04402492193337931,0.658203125,0.6039325842696629
10,B_no_group,dev2,chips,1d_5pct,capacity,False,160,20,8,0.1527567080975721,0.4887700052882499,0.20000000298023224,0.20350849394066542,0.0035084909604331804,0.678466796875,0.5729166666666666
10,B_no_group,dev2,chips,1d_8pct,capacity,False,160,20,8,0.08691465811996563,0.2965351506287881,0.10000000149011612,0.12116450197570601,0.02116450048558989,0.6888020833333333,0.5296296296296297
10,B_no_group,dev2,chips,3d_3pct,capacity,False,160,20,8,0.23879609320397083,0.6707749357111318,0.5874999761581421,0.5394058034486444,0.04809417270949767,0.587846550612508,0.535904255319149
10,B_no_group,dev2,chips,3d_5pct,capacity,False,160,20,8,0.22722665933902997,0.6438856113353065,0.40625,0.4277702370414381,0.021520237041438073,0.6239676113360324,0.5749656121045392
10,B_no_group,dev2,chips,3d_8pct,capacity,False,160,20,8,0.1899839836441524,0.5673625582703934,0.28125,0.2629379937170722,0.018312006282927784,0.6367149758454107,0.4873524451939292
10,B_no_group,dev2,chips,5d_3pct,capacity,False,160,20,8,0.22000259407400602,0.6318207245388813,0.6875,0.60635833154303,0.08114166845697002,0.5652727272727273,0.5074850299401198
10,B_no_group,dev2,chips,5d_5pct,capacity,False,160,20,8,0.23989487949951363,0.6731073277932348,0.5062500238418579,0.4951274790411386,0.011122544800719336,0.6307235505547741,0.5453938584779706
10,B_no_group,dev2,chips,5d_8pct,capacity,False,160,20,8,0.2089899920143309,0.6040509222886417,0.34375,0.3591452662821184,0.015395266282118403,0.7135930735930736,0.735249621785174
10,B_no_group,dev2,optics,1d_3pct,capacity,False,240,20,12,0.24849854020130469,0.7052665486146507,0.5375000238418579,0.40612703146372714,0.13137299237813077,0.6463440184370417,0.5250236071765817
10,B_no_group,dev2,optics,1d_5pct,capacity,False,240,20,12,0.2255009848399247,0.6434049143927639,0.3291666805744171,0.23030904547734027,0.09885763509707685,0.5987892129884426,0.44004400440044006
10,B_no_group,dev2,optics,1d_8pct,capacity,False,240,20,12,0.15431218644709035,0.47579756510398336,0.19166666269302368,0.1339620627398754,0.05770459995314828,0.6264007171671897,0.4408284023668639
10,B_no_group,dev2,optics,3d_3pct,capacity,False,240,20,12,0.23191881523603072,0.6569188868640736,0.6833333373069763,0.5410971361206042,0.14223620118637215,0.5843228498074454,0.44339622641509435
10,B_no_group,dev2,optics,3d_5pct,capacity,False,240,20,12,0.2351247455696384,0.661874299039511,0.5333333611488342,0.4394983529365698,0.09383500821226443,0.6574358258928571,0.5385356454720617
10,B_no_group,dev2,optics,3d_8pct,capacity,False,240,20,12,0.2340657617944661,0.6558322280236093,0.40416666865348816,0.28135098294084304,0.12281568571264512,0.6347775935404801,0.4729596853490659
10,B_no_group,dev2,optics,5d_3pct,capacity,False,240,20,12,0.20246574072394055,0.595985440293362,0.7749999761581421,0.6055982961576987,0.16940168000044342,0.5679012345679013,0.4911392405063291
10,B_no_group,dev2,optics,5d_5pct,capacity,False,240,20,12,0.2297907507612405,0.6514465231071787,0.6208333373069763,0.5005865241308932,0.1202468131760831,0.6513017184158124,0.5561172901921132
10,B_no_group,dev2,optics,5d_8pct,capacity,False,240,20,12,0.2510634402072465,0.6918852654797596,0.5208333134651184,0.36149999424747675,0.15933331921764166,0.6877913043478261,0.644542772861357
10,B_no_group,dev2,storage,1d_3pct,capacity,False,80,20,4,0.24539562394397468,0.683638654151484,0.5249999761581421,0.4966632417168377,0.028336734441304412,0.5676691729323309,0.5666666666666667
10,B_no_group,dev2,storage,1d_5pct,capacity,False,80,20,4,0.20063790571962103,0.5856842284324941,0.3125,0.33952525902913455,0.027025259029134552,0.6792727272727273,0.685131195335277
10,B_no_group,dev2,storage,1d_8pct,capacity,False,80,20,4,0.1938008022749041,0.5818530190404152,0.25,0.20416397965720817,0.04583602034279183,0.455,0.44594594594594594
10,B_no_group,dev2,storage,3d_3pct,capacity,False,80,20,4,0.23089950501414797,0.6548418206708149,0.6625000238418579,0.6075775742583143,0.05492244958354364,0.42278127183787567,0.4188034188034188
10,B_no_group,dev2,storage,3d_5pct,capacity,False,80,20,4,0.24903135427642537,0.6911994740573,0.550000011920929,0.5297568896520956,0.020243122268833402,0.48674242424242425,0.49238578680203043
10,B_no_group,dev2,storage,3d_8pct,capacity,False,80,20,4,0.24265081965409427,0.6779376672338002,0.42500001192092896,0.38258785424181496,0.04241215767911399,0.5652173913043478,0.5551282051282052
10,B_no_group,dev2,storage,5d_3pct,capacity,False,80,20,4,0.1887975772418443,0.567398278306665,0.7749999761581421,0.651201697939429,0.12379827821871314,0.5528673835125448,0.5665467625899281
10,B_no_group,dev2,storage,5d_5pct,capacity,False,80,20,4,0.22839362087991172,0.6496703997722776,0.6875,0.565167774138289,0.122332225861711,0.5850909090909091,0.5860058309037901
10,B_no_group,dev2,storage,5d_8pct,capacity,False,80,20,4,0.2613415859760616,0.7159622140746319,0.5625,0.43674188585344204,0.12575811414655796,0.5514285714285715,0.5292620865139949
10,C_group,dev1,chips,1d_3pct,support,True,152,19,8,0.21390248752483004,0.6169404292765277,0.4934210479259491,0.5115980071074301,0.01817695918148099,0.7255411255411255,0.6109271523178808
10,C_group,dev1,chips,1d_5pct,support,True,152,19,8,0.19877958884525174,0.5785317619269145,0.30921053886413574,0.2912135773178175,0.017996961546318246,0.670516717325228,0.5475285171102662
10,C_group,dev1,chips,1d_8pct,support,True,152,19,8,0.10369608059373137,0.3468326578043259,0.125,0.13167456528727253,0.0066745652872725325,0.6901464186782746,0.6448275862068965
10,C_group,dev1,chips,3d_3pct,support,True,152,19,8,0.18604614500137795,0.5498459033693179,0.6907894611358643,0.7560130733725829,0.06522361223671869,0.8042553191489362,0.7329059829059829
10,C_group,dev1,chips,3d_5pct,support,True,152,19,8,0.2036645262635622,0.5969899837803885,0.5394737124443054,0.5819202949870428,0.042446582542737366,0.7702090592334495,0.6851211072664359
10,C_group,dev1,chips,3d_8pct,support,True,152,19,8,0.19236401019181268,0.5660639225833319,0.32894736528396606,0.41778500454630596,0.0888376392623399,0.7523529411764706,0.6867924528301886
10,C_group,dev1,chips,5d_3pct,support,True,152,19,8,0.17748414900561102,0.5294089699963042,0.7302631735801697,0.8053641334379986,0.07510095985782894,0.7879586903977147,0.7435344827586207
10,C_group,dev1,chips,5d_5pct,support,True,152,19,8,0.18849744261927065,0.5582142079082846,0.6118420958518982,0.6758132212273892,0.06397112537549099,0.8239475123018043,0.7252964426877471
10,C_group,dev1,chips,5d_8pct,support,True,152,19,8,0.19890178152542048,0.584427558428288,0.44078946113586426,0.5178733224839288,0.07708386134806455,0.7970149253731342,0.6913357400722022
10,C_group,dev1,optics,1d_3pct,support,True,228,19,12,0.21030326264882562,0.6108740117865592,0.5745614171028137,0.576763675659127,0.0022022585563132857,0.6682143700322657,0.5384615384615384
10,C_group,dev1,optics,1d_5pct,support,True,228,19,12,0.21002872533764985,0.6022867228591768,0.35087719559669495,0.34933261474978344,0.001544580846911503,0.6466216216216215,0.47815533980582525
10,C_group,dev1,optics,1d_8pct,support,True,228,19,12,0.11884841700228387,0.3866956473587218,0.14473684132099152,0.16741190532432035,0.022675064003328832,0.6654234654234654,0.55625
10,C_group,dev1,optics,3d_3pct,support,True,228,19,12,0.1839995083991689,0.5538920023507481,0.7105262875556946,0.7825602769548994,0.0720339893992048,0.6855592966704078,0.5593471810089021
10,C_group,dev1,optics,3d_5pct,support,True,228,19,12,0.2341634664278722,0.6716318324974783,0.5175438523292542,0.6463452912318188,0.12880143890256468,0.6684899845916795,0.5519187358916479
10,C_group,dev1,optics,3d_8pct,support,True,228,19,12,0.23084703671289888,0.647792156334462,0.359649121761322,0.49399015972274124,0.13434103796141922,0.646341463414634,0.5546318289786223
10,C_group,dev1,optics,5d_3pct,support,True,228,19,12,0.16731989840318723,0.5148159051081064,0.7543859481811523,0.830335666296046,0.0759497181148937,0.6898878737541528,0.5625
10,C_group,dev1,optics,5d_5pct,support,True,228,19,12,0.2217158590610841,0.645506888302733,0.5789473652839661,0.721854074246712,0.14290670896274593,0.7194602272727273,0.6182033096926713
10,C_group,dev1,optics,5d_8pct,support,True,228,19,12,0.2277365505470742,0.6492632755513269,0.4385964870452881,0.5684339156175618,0.12983742857227376,0.6988281249999999,0.6004672897196262
10,C_group,dev1,storage,1d_3pct,support,True,76,19,4,0.23506878991610064,0.6626426318000843,0.6184210777282715,0.5735350849308639,0.04488599279740757,0.578136463683052,0.5621301775147929
10,C_group,dev1,storage,1d_5pct,support,True,76,19,4,0.23037474750638878,0.6510035200384923,0.3947368562221527,0.3213788706411424,0.07335798558101031,0.668840579710145,0.6578947368421053
10,C_group,dev1,storage,1d_8pct,support,True,76,19,4,0.17026517436497188,0.5189546424952362,0.22368420660495758,0.14972563489762727,0.0739585717073303,0.6949152542372882,0.6975806451612904
10,C_group,dev1,storage,3d_3pct,support,True,76,19,4,0.15619302405571042,0.48517209068401285,0.7894737124443054,0.7800349692992024,0.009438743145103068,0.7250000000000001,0.7086956521739131
10,C_group,dev1,storage,3d_5pct,support,True,76,19,4,0.19166012911222605,0.570698708125619,0.6842105388641357,0.6186864285995813,0.0655241102645544,0.7772435897435898,0.7549668874172185
10,C_group,dev1,storage,3d_8pct,support,True,76,19,4,0.226252720767156,0.644324583389832,0.5,0.4700059579210281,0.029994042078971883,0.7126038781163435,0.7102272727272727
10,C_group,dev1,storage,5d_3pct,support,True,76,19,4,0.14422079738500465,0.4571797748091189,0.8157894611358643,0.8340275733323433,0.018238112196479084,0.6993087557603688,0.6886792452830188
10,C_group,dev1,storage,5d_5pct,support,True,76,19,4,0.16218542684424223,0.49945268019126027,0.7631579041481018,0.709559574255419,0.05359832989268276,0.7739463601532567,0.76953125
10,C_group,dev1,storage,5d_8pct,support,True,76,19,4,0.20989870338215616,0.6086725414039093,0.5921052694320679,0.5622692692087362,0.02983600022333166,0.7555555555555555,0.7309941520467836
10,C_group,dev2,chips,1d_3pct,support,True,160,20,8,0.22074899303436654,0.6339626786329216,0.4000000059604645,0.3710197304765109,0.0289802754839536,0.67041015625,0.6221910112359551
10,C_group,dev2,chips,1d_5pct,support,True,160,20,8,0.162317860090515,0.4968976205658606,0.20000000298023224,0.25625752845644323,0.05625752547621099,0.628173828125,0.4875
10,C_group,dev2,chips,1d_8pct,support,True,160,20,8,0.09075941733984039,0.3135415653688242,0.10000000149011612,0.14619393413547338,0.04619393264535726,0.68359375,0.4666666666666667
10,C_group,dev2,chips,3d_3pct,support,True,160,20,8,0.23222905539952818,0.656819420095036,0.5874999761581421,0.5644631361774182,0.023036839980723922,0.6531270148291424,0.6316489361702128
10,C_group,dev2,chips,3d_5pct,support,True,160,20,8,0.2344536841715527,0.6606677557500651,0.40625,0.4561835691682317,0.04993356916823172,0.6043724696356275,0.49793672627235214
10,C_group,dev2,chips,3d_8pct,support,True,160,20,8,0.1961186937549208,0.5770508293263185,0.28125,0.29904374072209366,0.017793740722093665,0.6104347826086958,0.4654300168634064
10,C_group,dev2,chips,5d_3pct,support,True,160,20,8,0.21485846663784436,0.6207757923288543,0.6875,0.6244525689207091,0.0630474310792909,0.6143636363636363,0.5494011976047904
10,C_group,dev2,chips,5d_5pct,support,True,160,20,8,0.24427057073646177,0.6816908039346041,0.5062500238418579,0.5232550782876176,0.017005054445759726,0.5786841694014689,0.4472630173564753
10,C_group,dev2,chips,5d_8pct,support,True,160,20,8,0.22136374327910863,0.6338915409071848,0.34375,0.3683596361431514,0.024609636143151425,0.5842424242424243,0.43267776096822996
10,C_group,dev2,optics,1d_3pct,support,True,240,20,12,0.22830945811538766,0.6536238899417252,0.5375000238418579,0.4652072436189409,0.07229278022291702,0.7008170961659334,0.5949008498583569
10,C_group,dev2,optics,1d_5pct,support,True,240,20,12,0.20066858969849122,0.580272058136314,0.3291666805744171,0.3435378697721328,0.014371189197715684,0.6802421574023115,0.46644664466446645
10,C_group,dev2,optics,1d_8pct,support,True,240,20,12,0.1466813984282459,0.4541840390695389,0.19166666269302368,0.19325057656554184,0.0015839138725181612,0.6614746750336172,0.4940828402366864
10,C_group,dev2,optics,3d_3pct,support,True,240,20,12,0.21348216253886368,0.6177926655693644,0.6833333373069763,0.5921270643406584,0.09120627296631789,0.6558087291399229,0.5324947589098532
10,C_group,dev2,optics,3d_5pct,support,True,240,20,12,0.23274939400640285,0.6573907273157498,0.5333333611488342,0.49905690198073915,0.034276459168095075,0.6327427455357142,0.42196531791907516
10,C_group,dev2,optics,3d_8pct,support,True,240,20,12,0.22976303144237908,0.6482111355198008,0.40416666865348816,0.338222430927779,0.06594423772570918,0.6422031576670751,0.42281219272369713
10,C_group,dev2,optics,5d_3pct,support,True,240,20,12,0.189197294988877,0.5670640638242255,0.7749999761581421,0.6396399435212476,0.13536003263689445,0.6174830744723219,0.49493670886075947
10,C_group,dev2,optics,5d_5pct,support,True,240,20,12,0.22825283894109452,0.6490640192527166,0.6208333373069763,0.5434691659304447,0.07736417137653162,0.6182609336971752,0.38928210313447925
10,C_group,dev2,optics,5d_8pct,support,True,240,20,12,0.2580762235389863,0.708956816758418,0.5208333134651184,0.3840165882749224,0.136816725190196,0.6107130434782608,0.352015732546706
10,C_group,dev2,storage,1d_3pct,support,True,80,20,4,0.24246157956142764,0.6778742680293609,0.5249999761581421,0.49510023880602533,0.029899737352116762,0.6115288220551378,0.5666666666666667
10,C_group,dev2,storage,1d_5pct,support,True,80,20,4,0.22583165903957045,0.6425947986274408,0.3125,0.35809975442410247,0.04559975442410247,0.4952727272727273,0.4839650145772595
10,C_group,dev2,storage,1d_8pct,support,True,80,20,4,0.2011503801556242,0.6030617292648494,0.25,0.19574382671499074,0.05425617328500926,0.4116666666666667,0.40202702702702703
10,C_group,dev2,storage,3d_3pct,support,True,80,20,4,0.2273960747457504,0.647758199499904,0.6625000238418579,0.623579041434891,0.03892098240696695,0.4779874213836478,0.4074074074074074
10,C_group,dev2,storage,3d_5pct,support,True,80,20,4,0.26131132449889705,0.7162846978219106,0.550000011920929,0.5347951413498215,0.01520487057110742,0.3724747474747475,0.33248730964467005
10,C_group,dev2,storage,3d_8pct,support,True,80,20,4,0.26470310238687833,0.7260587752859214,0.42500001192092896,0.361567561704928,0.06343245021600097,0.3139386189258312,0.27692307692307694
10,C_group,dev2,storage,5d_3pct,support,True,80,20,4,0.19118509165847794,0.5727506071855194,0.7749999761581421,0.6618381429226783,0.1131618332354638,0.3646953405017921,0.2805755395683453
10,C_group,dev2,storage,5d_5pct,support,True,80,20,4,0.24083866134751936,0.6752412759443935,0.6875,0.5782096207162895,0.10929037928371055,0.26981818181818185,0.22157434402332363
10,C_group,dev2,storage,5d_8pct,support,True,80,20,4,0.28355685760060384,0.7619920967162057,0.5625,0.4065194777976112,0.15598052220238878,0.21904761904761905,0.15521628498727735
10,C_no_group,dev1,chips,1d_3pct,support,False,152,19,8,0.2195631506105082,0.6287752247431723,0.4934210479259491,0.5194118469908939,0.025990799064944836,0.6974891774891776,0.42218543046357615
10,C_no_group,dev1,chips,1d_5pct,support,False,152,19,8,0.192278996830182,0.5613404516610946,0.30921053886413574,0.2805374025071321,0.028673136357003637,0.6956433637284701,0.48098859315589354
10,C_no_group,dev1,chips,1d_8pct,support,False,152,19,8,0.10659186777557408,0.3568107588786113,0.125,0.14103027318402053,0.016030273184020533,0.6125840918084685,0.4068965517241379
10,C_no_group,dev1,chips,3d_3pct,support,False,152,19,8,0.19630245082463568,0.5758538134771738,0.6907894611358643,0.7225146162478348,0.03172515511197049,0.7094224924012159,0.3995726495726496
10,C_no_group,dev1,chips,3d_5pct,support,False,152,19,8,0.21650102003950003,0.6242743586100623,0.5394737124443054,0.5613655681855995,0.021891855741294042,0.7047038327526133,0.4117647058823529
10,C_no_group,dev1,chips,3d_8pct,support,False,152,19,8,0.20009319261416472,0.5797056009689501,0.32894736528396606,0.42842563745690976,0.0994782721729437,0.7027450980392157,0.44716981132075473
10,C_no_group,dev1,chips,5d_3pct,support,False,152,19,8,0.18648729330962474,0.5538688695560249,0.7302631735801697,0.7743478672565299,0.044084693676360254,0.6921555702043507,0.4870689655172414
10,C_no_group,dev1,chips,5d_5pct,support,False,152,19,8,0.20496586306139217,0.5990236631688628,0.6118420958518982,0.6415080197127059,0.029665923860807686,0.7138691452524148,0.45652173913043476
10,C_no_group,dev1,chips,5d_8pct,support,False,152,19,8,0.21865002105699544,0.6281727661400789,0.44078946113586426,0.5155836572184568,0.07479419608259252,0.684108867427568,0.3898916967509025
10,C_no_group,dev1,optics,1d_3pct,support,False,228,19,12,0.2111475659451373,0.6142365224978757,0.5745614171028137,0.6045699626292049,0.030008545526391206,0.7038640119619106,0.5305429864253394
10,C_no_group,dev1,optics,1d_5pct,support,False,228,19,12,0.1996453044537867,0.5764177585029732,0.35087719559669495,0.3420249169804295,0.008852278616265419,0.7019425675675676,0.4866504854368932
10,C_no_group,dev1,optics,1d_8pct,support,False,228,19,12,0.11562775237112713,0.3789221253652057,0.14473684132099152,0.17732633174740728,0.03258949042641576,0.7196581196581197,0.5229166666666667
10,C_no_group,dev1,optics,3d_3pct,support,False,228,19,12,0.1896794055567366,0.5667358056806464,0.7105262875556946,0.7419161746452698,0.03138988708957524,0.6989337822671156,0.41097922848664686
10,C_no_group,dev1,optics,3d_5pct,support,False,228,19,12,0.2273273232304935,0.6503369886306701,0.5175438523292542,0.5951859689901919,0.07764211666093779,0.6954545454545454,0.4785553047404063
10,C_no_group,dev1,optics,3d_8pct,support,False,228,19,12,0.21583780312979614,0.6179663704960899,0.359649121761322,0.46886331313870083,0.10921419137737881,0.7038924156364851,0.5546318289786223
10,C_no_group,dev1,optics,5d_3pct,support,False,228,19,12,0.1780449125951884,0.5398630193679209,0.7543859481811523,0.794986726332892,0.04060077815173968,0.6508513289036544,0.43585526315789475
10,C_no_group,dev1,optics,5d_5pct,support,False,228,19,12,0.22442808250090862,0.642355387271072,0.5789473652839661,0.6597526742978017,0.08080530901383565,0.7003630050505051,0.49645390070921985
10,C_no_group,dev1,optics,5d_8pct,support,False,228,19,12,0.2258572958488353,0.6445982536398581,0.4385964870452881,0.5344931472487466,0.09589666020345855,0.708984375,0.5105140186915887
10,C_no_group,dev1,storage,1d_3pct,support,False,76,19,4,0.23835033458367097,0.6700339504541988,0.6184210777282715,0.6163712581913214,0.0020498195369500483,0.47688921496698455,0.40828402366863903
10,C_no_group,dev1,storage,1d_5pct,support,False,76,19,4,0.2406796805216482,0.6749637712024582,0.3947368562221527,0.3474851733446001,0.0472516828775526,0.5021739130434782,0.4064327485380117
10,C_no_group,dev1,storage,1d_8pct,support,False,76,19,4,0.1780985963081061,0.5475060575548395,0.22368420660495758,0.16656678121459514,0.057117425390362436,0.4675972083748753,0.4112903225806452
10,C_no_group,dev1,storage,3d_3pct,support,False,76,19,4,0.1658363959873605,0.5133965746496308,0.7894737124443054,0.7691245516251757,0.02034916081912974,0.5489583333333333,0.5826086956521739
10,C_no_group,dev1,storage,3d_5pct,support,False,76,19,4,0.21634661132410002,0.6238105334576982,0.6842105388641357,0.6454291316487876,0.038781407215348174,0.5536858974358974,0.5927152317880795
10,C_no_group,dev1,storage,3d_8pct,support,False,76,19,4,0.25430394955398233,0.7018108174187652,0.5,0.5167223917688714,0.01672239176887136,0.461218836565097,0.4630681818181818
10,C_no_group,dev1,storage,5d_3pct,support,False,76,19,4,0.15022702467441854,0.47747088436337354,0.8157894611358643,0.8121827801253572,0.0036066810105070957,0.521889400921659,0.49528301886792453
10,C_no_group,dev1,storage,5d_5pct,support,False,76,19,4,0.18408785595484856,0.5552060705892564,0.7631579041481018,0.7103495710348294,0.05280833311327238,0.5153256704980843,0.46484375
10,C_no_group,dev1,storage,5d_8pct,support,False,76,19,4,0.24058017896811879,0.674120512528834,0.5921052694320679,0.59961186652258,0.007506597090512157,0.5512544802867384,0.5789473684210527
10,C_no_group,dev2,chips,1d_3pct,support,False,160,20,8,0.23252507773800302,0.662546191698741,0.4000000059604645,0.3583250509344141,0.0416749550260504,0.6375325520833334,0.45224719101123595
10,C_no_group,dev2,chips,1d_5pct,support,False,160,20,8,0.1584266391550136,0.4939709432236009,0.20000000298023224,0.23234447130801125,0.032344468327779013,0.623046875,0.44166666666666665
10,C_no_group,dev2,chips,1d_8pct,support,False,160,20,8,0.08810453164495377,0.30439765702841604,0.10000000149011612,0.13884628901496965,0.03884628752485353,0.66796875,0.37777777777777777
10,C_no_group,dev2,chips,3d_3pct,support,False,160,20,8,0.2540957252608316,0.7023723823456148,0.5874999761581421,0.4918583642683382,0.09564161188980391,0.5520631850419084,0.40558510638297873
10,C_no_group,dev2,chips,3d_5pct,support,False,160,20,8,0.24338995701143484,0.6840230919906178,0.40625,0.37109867074242986,0.03515132925757014,0.5708502024291499,0.34112792297111416
10,C_no_group,dev2,chips,3d_8pct,support,False,160,20,8,0.19753415993896722,0.5918059447360136,0.28125,0.24187725065869312,0.039372749341306884,0.62512077294686,0.42327150084317033
10,C_no_group,dev2,chips,5d_3pct,support,False,160,20,8,0.23019455927168905,0.6530967030330906,0.6875,0.5700522339939496,0.11744776600605045,0.5238181818181818,0.4041916167664671
10,C_no_group,dev2,chips,5d_5pct,support,False,160,20,8,0.2574919498974862,0.710354267741072,0.5062500238418579,0.4304591829495287,0.07579084089232924,0.540709485857165,0.31241655540720964
10,C_no_group,dev2,chips,5d_8pct,support,False,160,20,8,0.22444438797760022,0.642548416387202,0.34375,0.29720875392141605,0.04654124607858395,0.5873593073593073,0.35703479576399394
10,C_no_group,dev2,optics,1d_3pct,support,False,240,20,12,0.2506690133419494,0.7071809356261517,0.5375000238418579,0.42460336333675835,0.11289666050509956,0.627557790348488,0.3777148253068933
10,C_no_group,dev2,optics,1d_5pct,support,False,240,20,12,0.20742829754508538,0.5998641666303619,0.3291666805744171,0.2704091908692026,0.058757489705214494,0.6644390282254894,0.3487348734873487
10,C_no_group,dev2,optics,1d_8pct,support,False,240,20,12,0.14561848154633142,0.4506418800715632,0.19166666269302368,0.15579878058787083,0.03586788210515285,0.6855670103092784,0.44822485207100593
10,C_no_group,dev2,optics,3d_3pct,support,False,240,20,12,0.24799530756257857,0.6911206775591111,0.6833333373069763,0.5080664013971681,0.17526693590980824,0.5708440308087293,0.31236897274633124
10,C_no_group,dev2,optics,3d_5pct,support,False,240,20,12,0.26032516617197315,0.7158329864660243,0.5333333611488342,0.38573166895563227,0.14760169219320196,0.61474609375,0.31213872832369943
10,C_no_group,dev2,optics,3d_8pct,support,False,240,20,12,0.2521652719967931,0.7066634384019311,0.40416666865348816,0.2511066705036628,0.15305999814982535,0.6162497296517915,0.36283185840707965
10,C_no_group,dev2,optics,5d_3pct,support,False,240,20,12,0.21291739136411478,0.617811832778676,0.7749999761581421,0.5858354379232369,0.1891645382349052,0.5241935483870968,0.28860759493670884
10,C_no_group,dev2,optics,5d_5pct,support,False,240,20,12,0.26077382168240465,0.7155473400835706,0.6208333373069763,0.43955077889577177,0.18128255841120455,0.5970941809867985,0.29524772497472196
10,C_no_group,dev2,optics,5d_8pct,support,False,240,20,12,0.2907340292309248,0.7845359930548842,0.5208333134651184,0.30049248529885203,0.22034082816626638,0.5892173913043478,0.32841691248770893
10,C_no_group,dev2,storage,1d_3pct,support,False,80,20,4,0.2509153745181621,0.695279103148866,0.5249999761581421,0.4588736095070936,0.06612636665104848,0.5720551378446116,0.5461538461538461
10,C_no_group,dev2,storage,1d_5pct,support,False,80,20,4,0.21597897042259717,0.6240402719419922,0.3125,0.32002690076874696,0.007526900768746958,0.5243636363636364,0.6297376093294461
10,C_no_group,dev2,storage,1d_8pct,support,False,80,20,4,0.1942503335869855,0.5844258841567936,0.25,0.1840587921884409,0.0659412078115591,0.4608333333333333,0.5844594594594594
10,C_no_group,dev2,storage,3d_3pct,support,False,80,20,4,0.22903870825145148,0.6504684950072088,0.6625000238418579,0.5632106057978837,0.09928941804397418,0.5849056603773585,0.5612535612535613
10,C_no_group,dev2,storage,3d_5pct,support,False,80,20,4,0.24650757417817043,0.686132619198913,0.550000011920929,0.4864966532211389,0.06350335869979007,0.577020202020202,0.6192893401015228
10,C_no_group,dev2,storage,3d_8pct,support,False,80,20,4,0.25369324722637937,0.7026561009101064,0.42500001192092896,0.3288305440088795,0.09616946791204944,0.5262148337595908,0.5794871794871795
10,C_no_group,dev2,storage,5d_3pct,support,False,80,20,4,0.20274181413629258,0.5970720552763418,0.7749999761581421,0.6032982815863184,0.17170169457182372,0.5582437275985663,0.5575539568345323
10,C_no_group,dev2,storage,5d_5pct,support,False,80,20,4,0.24188467877884917,0.676843688614241,0.6875,0.5170049918562954,0.17049500814370455,0.5723636363636363,0.5801749271137027
10,C_no_group,dev2,storage,5d_8pct,support,False,80,20,4,0.28089476481050796,0.7568593216372839,0.5625,0.3762854300777253,0.1862145699222747,0.5244444444444444,0.5216284987277354
10,C_no_daily,dev1,chips,1d_3pct,support,True,152,19,8,0.23698487127086212,0.6665837955790823,0.4934210479259491,0.535072911054528,0.041651863128578936,0.5899567099567099,0.42218543046357615
10,C_no_daily,dev1,chips,1d_5pct,support,True,152,19,8,0.19935934785676623,0.5806502206188455,0.30921053886413574,0.299529607080576,0.00968093178355972,0.6168186423505572,0.4714828897338403
10,C_no_daily,dev1,chips,1d_8pct,support,True,152,19,8,0.10577798364325304,0.35553508485584295,0.125,0.14674484131402343,0.021744841314023433,0.6450336367233874,0.45517241379310347
10,C_no_daily,dev1,chips,3d_3pct,support,True,152,19,8,0.1995117792598794,0.5863904875405326,0.6907894611358643,0.7300583444252793,0.039268883289415024,0.6160081053698075,0.3995726495726496
10,C_no_daily,dev1,chips,3d_5pct,support,True,152,19,8,0.22495679255548295,0.6421780389875847,0.5394737124443054,0.5769343010956224,0.03746058865131696,0.633623693379791,0.42214532871972316
10,C_no_daily,dev1,chips,3d_8pct,support,True,152,19,8,0.21158912099287686,0.6082289027914962,0.32894736528396606,0.4397859104734908,0.11083854518952474,0.6645098039215687,0.4509433962264151
10,C_no_daily,dev1,chips,5d_3pct,support,True,152,19,8,0.18758466112968364,0.5600156456261445,0.7302631735801697,0.7878795268062903,0.057616353226120576,0.6279938475060427,0.44396551724137934
10,C_no_daily,dev1,chips,5d_5pct,support,True,152,19,8,0.20693595062363598,0.6041790877790915,0.6118420958518982,0.6566524073066404,0.044810311454742235,0.6828868234007655,0.45849802371541504
10,C_no_daily,dev1,chips,5d_8pct,support,True,152,19,8,0.22676512505616486,0.6440723075978697,0.44078946113586426,0.5269550300779592,0.08616556894209493,0.6470588235294118,0.4584837545126354
10,C_no_daily,dev1,optics,1d_3pct,support,True,228,19,12,0.23566418404944903,0.6642220225259703,0.5745614171028137,0.5386085742693115,0.0359528428335022,0.6429527032344377,0.416289592760181
10,C_no_daily,dev1,optics,1d_5pct,support,True,228,19,12,0.2203851792792371,0.6295400299798984,0.35087719559669495,0.30624695375886457,0.044630241837830376,0.6349662162162162,0.4684466019417476
10,C_no_daily,dev1,optics,1d_8pct,support,True,228,19,12,0.12059403998695438,0.39859068207478887,0.14473684132099152,0.14700535801515346,0.0022685166941619483,0.6388500388500389,0.425
10,C_no_daily,dev1,optics,3d_3pct,support,True,228,19,12,0.1953463886567991,0.5770557860825575,0.7105262875556946,0.7327942151629807,0.02226792760728613,0.7163299663299663,0.3649851632047478
10,C_no_daily,dev1,optics,3d_5pct,support,True,228,19,12,0.24035143701259773,0.6735211113993861,0.5175438523292542,0.5856430994498384,0.06809924712058424,0.6942218798151002,0.45936794582392776
10,C_no_daily,dev1,optics,3d_8pct,support,True,228,19,12,0.2206150990906457,0.6315658969470953,0.359649121761322,0.4393273879141476,0.07967826615282558,0.687854994988306,0.4501187648456057
10,C_no_daily,dev1,optics,5d_3pct,support,True,228,19,12,0.1752356878629959,0.5308981737148413,0.7543859481811523,0.787127037566608,0.03274108938545561,0.7109634551495017,0.4144736842105263
10,C_no_daily,dev1,optics,5d_5pct,support,True,228,19,12,0.23207039481295028,0.656087586681493,0.5789473652839661,0.6584528428985876,0.07950547761462157,0.7043876262626263,0.48817966903073284
10,C_no_daily,dev1,optics,5d_8pct,support,True,228,19,12,0.23582573920155256,0.6640717958023771,0.4385964870452881,0.5253387326302076,0.0867422455849195,0.7069531250000001,0.5093457943925234
10,C_no_daily,dev1,storage,1d_3pct,support,True,76,19,4,0.2377770978173354,0.6685141344171288,0.6184210777282715,0.5733600630464187,0.04506101468185275,0.47615553925165066,0.3994082840236686
10,C_no_daily,dev1,storage,1d_5pct,support,True,76,19,4,0.2448140419796767,0.6839215367818451,0.3947368562221527,0.3338702406204018,0.060866615601750884,0.3702898550724638,0.3333333333333333
10,C_no_daily,dev1,storage,1d_8pct,support,True,76,19,4,0.18052428475354554,0.556246857413516,0.22368420660495758,0.15742636891491898,0.0662578376900386,0.3429710867397807,0.2903225806451613
10,C_no_daily,dev1,storage,3d_3pct,support,True,76,19,4,0.16592928763647752,0.5138815862353571,0.7894737124443054,0.7628520783298114,0.02662163411449403,0.6041666666666666,0.5391304347826087
10,C_no_daily,dev1,storage,3d_5pct,support,True,76,19,4,0.21847553140088385,0.62893327257232,0.6842105388641357,0.6267426630296657,0.057467875834469995,0.5665064102564102,0.46688741721854304
10,C_no_daily,dev1,storage,3d_8pct,support,True,76,19,4,0.2522987584319832,0.6977496459763348,0.5,0.4878709144992487,0.012129085500751313,0.4868421052631579,0.5426136363636364
10,C_no_daily,dev1,storage,5d_3pct,support,True,76,19,4,0.14947546067789894,0.47495122361120923,0.8157894611358643,0.820059180105537,0.004269718969672764,0.5921658986175115,0.589622641509434
10,C_no_daily,dev1,storage,5d_5pct,support,True,76,19,4,0.18209597305964462,0.5507980767827498,0.7631579041481018,0.7112757323613018,0.05188217178679999,0.5833333333333334,0.60546875
10,C_no_daily,dev1,storage,5d_8pct,support,True,76,19,4,0.23942837123511923,0.6717154601286718,0.5921052694320679,0.5755194600274066,0.016585809404661256,0.5913978494623656,0.6461988304093568
10,C_no_daily,dev2,chips,1d_3pct,support,True,160,20,8,0.24008995672560546,0.6731955774548932,0.4000000059604645,0.41401601144243977,0.014016005481975291,0.5066731770833334,0.5561797752808989
10,C_no_daily,dev2,chips,1d_5pct,support,True,160,20,8,0.16469643903034253,0.513115440181606,0.20000000298023224,0.2690097420953904,0.06900973911515818,0.520751953125,0.5125
10,C_no_daily,dev2,chips,1d_8pct,support,True,160,20,8,0.09207676174806989,0.33429549387793933,0.10000000149011612,0.14715083577018775,0.047150834280071635,0.595920138888889,0.5296296296296297
10,C_no_daily,dev2,chips,3d_3pct,support,True,160,20,8,0.24316139896272393,0.6794226155085888,0.5874999761581421,0.563180526934359,0.02431944922378304,0.43665377176015474,0.37898936170212766
10,C_no_daily,dev2,chips,3d_5pct,support,True,160,20,8,0.24173554486661217,0.6765277283394653,0.40625,0.4402691068298947,0.034019106829894674,0.5274493927125505,0.594222833562586
10,C_no_daily,dev2,chips,3d_8pct,support,True,160,20,8,0.2022953337056755,0.5944793688239912,0.28125,0.2909791214022303,0.009729121402230312,0.4859903381642512,0.5497470489038786
10,C_no_daily,dev2,chips,5d_3pct,support,True,160,20,8,0.21902375599562302,0.630221710882776,0.6875,0.6202135611258391,0.06728643887416086,0.5356363636363637,0.5194610778443114
10,C_no_daily,dev2,chips,5d_5pct,support,True,160,20,8,0.2496510303713671,0.6924492085292655,0.5062500238418579,0.5056512344067254,0.0005987894351324741,0.508360681356462,0.5046728971962616
10,C_no_daily,dev2,chips,5d_8pct,support,True,160,20,8,0.2259965714806076,0.6443847896322535,0.34375,0.3604031088116179,0.01665310881161791,0.4673593073593074,0.4281391830559758
10,C_no_daily,dev2,optics,1d_3pct,support,True,240,20,12,0.2636496417076882,0.7208009276346333,0.5375000238418579,0.41193938763803917,0.12556063620381874,0.5425658216355891,0.5609065155807366
10,C_no_daily,dev2,optics,1d_5pct,support,True,240,20,12,0.22378593203631691,0.6407825200060155,0.3291666805744171,0.2716508944967666,0.05751578607765051,0.5312524569541631,0.570957095709571
10,C_no_daily,dev2,optics,1d_8pct,support,True,240,20,12,0.1565288191478583,0.4944854121133058,0.19166666269302368,0.15160524252640842,0.040061420166615264,0.4963021066786195,0.5281065088757396
10,C_no_daily,dev2,optics,3d_3pct,support,True,240,20,12,0.2315785655233806,0.6561411811911277,0.6833333373069763,0.560639270983492,0.12269406632348434,0.4865211810012837,0.4329140461215933
10,C_no_daily,dev2,optics,3d_5pct,support,True,240,20,12,0.2570827456010215,0.7074104916674206,0.5333333611488342,0.4353670589520983,0.09796630219673591,0.5619419642857143,0.5895953757225434
10,C_no_daily,dev2,optics,3d_8pct,support,True,240,20,12,0.253672974396174,0.7039710126749515,0.40416666865348816,0.2903754162884006,0.11379125236508758,0.4988104678826328,0.5231071779744346
10,C_no_daily,dev2,optics,5d_3pct,support,True,240,20,12,0.20012325329408653,0.5918171252220237,0.7749999761581421,0.6142245329253204,0.16077544323282167,0.5114496216646754,0.5367088607594936
10,C_no_daily,dev2,optics,5d_5pct,support,True,240,20,12,0.24992119296618487,0.6929895626916315,0.6208333373069763,0.49984166129398816,0.12099167601298816,0.5150084814514345,0.5298281092012134
10,C_no_daily,dev2,optics,5d_8pct,support,True,240,20,12,0.27617426124274097,0.7475710487277397,0.5208333134651184,0.3591263520315641,0.16170696143355429,0.418295652173913,0.39233038348082594
10,C_no_daily,dev2,storage,1d_3pct,support,True,80,20,4,0.26021828797336854,0.7138111926192978,0.5249999761581421,0.41810891067610656,0.10689106548203553,0.5839598997493735,0.541025641025641
10,C_no_daily,dev2,storage,1d_5pct,support,True,80,20,4,0.21666007716778202,0.6255576535249844,0.3125,0.268722572209611,0.04377742779038901,0.5294545454545454,0.5597667638483965
10,C_no_daily,dev2,storage,1d_8pct,support,True,80,20,4,0.19802975908887188,0.5982934496733129,0.25,0.14545267571135514,0.10454732428864486,0.585,0.5675675675675675
10,C_no_daily,dev2,storage,3d_3pct,support,True,80,20,4,0.23276135254687955,0.658489405991484,0.6625000238418579,0.5656000376798933,0.0968999861619646,0.5674353598881902,0.4985754985754986
10,C_no_daily,dev2,storage,3d_5pct,support,True,80,20,4,0.25825168271658544,0.7097328715617863,0.550000011920929,0.44943281938401913,0.10056719253690982,0.4621212121212121,0.4289340101522843
10,C_no_daily,dev2,storage,3d_8pct,support,True,80,20,4,0.26189632775020705,0.7213329487592761,0.42500001192092896,0.29314903816699467,0.1318509737539343,0.48465473145780047,0.4512820512820513
10,C_no_daily,dev2,storage,5d_3pct,support,True,80,20,4,0.19634015110057396,0.5837871951558479,0.7749999761581421,0.6264831821495458,0.1485167940085963,0.5349462365591398,0.4748201438848921
10,C_no_daily,dev2,storage,5d_5pct,support,True,80,20,4,0.2451612592866904,0.6834661455973216,0.6875,0.5141572249351445,0.17334277506485551,0.4778181818181818,0.4198250728862974
10,C_no_daily,dev2,storage,5d_8pct,support,True,80,20,4,0.28463450490883674,0.7646023831936519,0.5625,0.36623562028206924,0.19626437971793076,0.4895238095238095,0.44529262086513993
