ticker,change,old_CIK,new_CIK,new_category,reason,name
AA,retained_exact_CIK_coverage_changed,,1675149,candidate,explicit_common_or_ADS_or_registered_voting_share,Alcoa Corporation Common Stock 
AAC,retained_exact_CIK_coverage_changed,,2128115,candidate,explicit_common_or_ADS_or_registered_voting_share,Ares Acquisition Corporation III Class A Ordinary Shares
AACG,added_to_registered_watch_pool,,1420529,candidate,explicit_common_or_ADS_or_registered_voting_share,"ATA Creativity Global - American Depositary Shares, each representing two common shares"
AAME,retained_exact_CIK_coverage_changed,,8177,candidate,explicit_common_or_ADS_or_registered_voting_share,Atlantic American Corporation - Common Stock
AAP,added_to_registered_watch_pool,,1158449,review,SEC_listed_ticker_security_description_requires_review,Advance Auto Parts Inc.
AAPG,retained_exact_CIK_coverage_changed,,2023311,candidate,explicit_common_or_ADS_or_registered_voting_share,Ascentage Pharma Group International - American Depository Shares
AAT,retained_exact_CIK_coverage_changed,1509570,1500217,candidate,explicit_common_or_ADS_or_registered_voting_share,"American Assets Trust, Inc. Common Stock"
AAUC,retained_exact_CIK_coverage_changed,,1993344,candidate,explicit_common_or_ADS_or_registered_voting_share,Allied Gold Corporation Common Shares
ABEV,added_to_registered_watch_pool,,1565025,candidate,explicit_common_or_ADS_or_registered_voting_share,Ambev S.A. American Depositary Shares (Each representing 1 Common Share)
ABR,retained_exact_CIK_coverage_changed,,1253986,candidate,explicit_common_or_ADS_or_registered_voting_share,Arbor Realty Trust Common Stock
ABSI,retained_exact_CIK_coverage_changed,,1672688,candidate,explicit_common_or_ADS_or_registered_voting_share,Absci Corporation - Common Stock
ABTS,retained_exact_CIK_coverage_changed,,1864055,candidate,explicit_common_or_ADS_or_registered_voting_share,Abits Group Inc - Ordinary Shares
ABUS,retained_exact_CIK_coverage_changed,,1447028,candidate,explicit_common_or_ADS_or_registered_voting_share,Arbutus Biopharma Corporation - Common Stock
ABVX,added_to_registered_watch_pool,,1956827,candidate,explicit_common_or_ADS_or_registered_voting_share,Abivax SA - American Depositary Shares
ACA,retained_exact_CIK_coverage_changed,,1739445,candidate,explicit_common_or_ADS_or_registered_voting_share,"Arcosa, Inc. Common Stock "
ACB,retained_exact_CIK_coverage_changed,,1683541,candidate,explicit_common_or_ADS_or_registered_voting_share,Aurora Cannabis Inc. - Common Shares
ACCL,retained_exact_CIK_coverage_changed,,2038378,candidate,explicit_common_or_ADS_or_registered_voting_share,Acco Group Holdings Limited - Class A Ordinary Shares
ACCV,retained_exact_CIK_coverage_changed,,2141406,candidate,explicit_common_or_ADS_or_registered_voting_share,Accelevation Holdings Corp. - Class A ordinary shares
ACEL,added_to_registered_watch_pool,,1698991,review,SEC_listed_ticker_security_description_requires_review,"Accel Entertainment, Inc. "
ACIU,retained_exact_CIK_coverage_changed,,1651625,candidate,explicit_common_or_ADS_or_registered_voting_share,AC Immune SA - Common Stock
ACN,retained_exact_CIK_coverage_changed,,1467373,candidate,explicit_common_or_ADS_or_registered_voting_share,Accenture plc Class A Ordinary Shares (Ireland)
ACU,retained_exact_CIK_coverage_changed,,2098,candidate,explicit_common_or_ADS_or_registered_voting_share,Acme United Corporation. Common Stock
ADAC,retained_exact_CIK_coverage_changed,,2083002,candidate,explicit_common_or_ADS_or_registered_voting_share,American Drive Acquisition Company - Class A Ordinary Shares
ADAG,retained_exact_CIK_coverage_changed,,1818838,candidate,explicit_common_or_ADS_or_registered_voting_share,"Adagene Inc. - ADS, each representing 1.25 ordinary shares"
ADM,retained_exact_CIK_coverage_changed,,7084,candidate,explicit_common_or_ADS_or_registered_voting_share,Archer-Daniels-Midland Company Common Stock
ADNT,retained_exact_CIK_coverage_changed,,1670541,candidate,explicit_common_or_ADS_or_registered_voting_share,Adient plc Ordinary Shares 
ADRX,retained_exact_CIK_coverage_changed,,1802369,candidate,explicit_common_or_ADS_or_registered_voting_share,"ADARx Pharmaceuticals, Inc. - Common stock"
ADSE,retained_exact_CIK_coverage_changed,,1879248,candidate,explicit_common_or_ADS_or_registered_voting_share,ADS-TEC ENERGY PLC - Ordinary Shares
ADUR,retained_exact_CIK_coverage_changed,,1863934,candidate,explicit_common_or_ADS_or_registered_voting_share,Aduro Clean Technologies Inc. - Common Stock
ADUS,retained_exact_CIK_coverage_changed,,1468328,candidate,explicit_common_or_ADS_or_registered_voting_share,Addus HomeCare Corporation - Common Stock
ADVB,retained_exact_CIK_coverage_changed,,1941029,candidate,explicit_common_or_ADS_or_registered_voting_share,Advanced Biomed Inc. - Common Stock
ADXN,added_to_registered_watch_pool,,1574232,candidate,explicit_common_or_ADS_or_registered_voting_share,Addex Therapeutics Ltd - American Depositary Shares
AEC,retained_exact_CIK_coverage_changed,,1519469,candidate,explicit_common_or_ADS_or_registered_voting_share,Anfield Energy Inc. - Common Shares
AEF,removed_explicit_non_equity,,,excluded,investment_fund_or_note,"abrdn Emerging Markets ex-China Fund, Inc. Common Stock"
AEG,added_to_registered_watch_pool,,769218,candidate,explicit_common_or_ADS_or_registered_voting_share,Aegon Ltd. New York Registry Shares
AEHL,retained_exact_CIK_coverage_changed,,1470683,candidate,explicit_common_or_ADS_or_registered_voting_share,Antelope Enterprise Holdings Limited - Class A Ordinary Shares
AEM,retained_exact_CIK_coverage_changed,,2809,candidate,explicit_common_or_ADS_or_registered_voting_share,Agnico Eagle Mines Limited Common Stock
AEP,retained_exact_CIK_coverage_changed,,4904,candidate,explicit_common_or_ADS_or_registered_voting_share,"American Electric Power Company, Inc. - Common Stock"
AER,retained_exact_CIK_coverage_changed,,1378789,candidate,explicit_common_or_ADS_or_registered_voting_share,AerCap Holdings N.V. Ordinary Shares
AERO,added_to_registered_watch_pool,,1561861,candidate,explicit_common_or_ADS_or_registered_voting_share,"Grupo Aeromexico, S.A.B. de C.V. American Depositary Shares (each representing ten (10) Common Shares)"
AFRI,retained_exact_CIK_coverage_changed,,1903870,candidate,explicit_common_or_ADS_or_registered_voting_share,Forafric Global PLC - Ordinary Shares
AFYA,retained_exact_CIK_coverage_changed,,1771007,candidate,explicit_common_or_ADS_or_registered_voting_share,Afya Limited - Class A Common Shares
AG,retained_exact_CIK_coverage_changed,,1308648,candidate,explicit_common_or_ADS_or_registered_voting_share,First Majestic Silver Corp. Ordinary Shares (Canada)
AGBK,retained_exact_CIK_coverage_changed,,2081206,candidate,explicit_common_or_ADS_or_registered_voting_share,AGI Inc Class A Common Shares
AGCC,retained_exact_CIK_coverage_changed,,2060016,candidate,explicit_common_or_ADS_or_registered_voting_share,Agencia Comercial Spirits Ltd - Class A Ordinary Share
AGCO,retained_exact_CIK_coverage_changed,,880266,candidate,explicit_common_or_ADS_or_registered_voting_share,AGCO Corporation Common Stock
AGI,retained_exact_CIK_coverage_changed,,1178819,candidate,explicit_common_or_ADS_or_registered_voting_share,Alamos Gold Inc. Class A Common Shares
AGMB,retained_exact_CIK_coverage_changed,,2020932,candidate,explicit_common_or_ADS_or_registered_voting_share,AgomAb Therapeutics NV - ADRs representing one common share.
AGMH,retained_exact_CIK_coverage_changed,,1705402,candidate,explicit_common_or_ADS_or_registered_voting_share,AGM Group Holdings Inc. - Class A Ordinary Shares
AGRO,retained_exact_CIK_coverage_changed,,1499505,candidate,explicit_common_or_ADS_or_registered_voting_share,Adecoagro S.A. Common Shares
AGRZ,retained_exact_CIK_coverage_changed,,2009233,candidate,explicit_common_or_ADS_or_registered_voting_share,Agroz Inc. - Class A Ordinary Shares
AHG,added_to_registered_watch_pool,,1702318,candidate,explicit_common_or_ADS_or_registered_voting_share,Akso Health Group - American Depositary Shares
AHMA,retained_exact_CIK_coverage_changed,,2010959,candidate,explicit_common_or_ADS_or_registered_voting_share,Ambitions Enterprise Management Co. L.L.C - Class A Ordinary Shares
AIBZ,retained_exact_CIK_coverage_changed,,2100457,candidate,explicit_common_or_ADS_or_registered_voting_share,Bitzero Holdings Inc. - Common Shares
AIFU,retained_exact_CIK_coverage_changed,,1413855,candidate,explicit_common_or_ADS_or_registered_voting_share,AIFU Inc. - Class A Ordinary Share
AIG,retained_exact_CIK_coverage_changed,,5272,candidate,explicit_common_or_ADS_or_registered_voting_share,"American International Group, Inc. New Common Stock"
AIIO,retained_exact_CIK_coverage_changed,,1932737,candidate,explicit_common_or_ADS_or_registered_voting_share,Robo.ai Inc. - Class B Ordinary Shares
AIIR,retained_exact_CIK_coverage_changed,,2097725,candidate,explicit_common_or_ADS_or_registered_voting_share,Air Global PLC - Ordinary shares
AIN,retained_exact_CIK_coverage_changed,,819793,candidate,explicit_common_or_ADS_or_registered_voting_share,Albany International Corporation Common Stock
AIOS,retained_exact_CIK_coverage_changed,,1603993,candidate,explicit_common_or_ADS_or_registered_voting_share,AIOS Tech Inc. - Class A Common Shares
AIV,retained_exact_CIK_coverage_changed,1820878,922864,candidate,explicit_common_or_ADS_or_registered_voting_share,Apartment Investment and Management Company Common Stock
AIXI,added_to_registered_watch_pool,,1935172,candidate,explicit_common_or_ADS_or_registered_voting_share,XIAO-I Corporation - American Depositary Shares
AKAN,retained_exact_CIK_coverage_changed,,1888014,candidate,explicit_common_or_ADS_or_registered_voting_share,Akanda Corp. - Common Shares
AKO.A,retained_exact_CIK_coverage_changed,,925261,candidate,explicit_common_or_ADS_or_registered_voting_share,Embotelladora Andina S.A. Common Stock
AKO.B,retained_exact_CIK_coverage_changed,,925261,candidate,explicit_common_or_ADS_or_registered_voting_share,Embotelladora Andina S.A. Common Stock
AKTX,added_to_registered_watch_pool,,1541157,candidate,explicit_common_or_ADS_or_registered_voting_share,Akari Therapeutics Plc - American Depositary Shares
ALAR,added_to_registered_watch_pool,,1725332,candidate,explicit_common_or_ADS_or_registered_voting_share,Alarum Technologies Ltd. - American Depositary Shares
ALC,retained_exact_CIK_coverage_changed,,1167379,candidate,explicit_common_or_ADS_or_registered_voting_share,Alcon Inc. Ordinary Shares
ALGT,retained_exact_CIK_coverage_changed,,1362468,candidate,explicit_common_or_ADS_or_registered_voting_share,Allegiant Travel Company - Common Stock
ALIS,retained_exact_CIK_coverage_changed,,2026767,candidate,explicit_common_or_ADS_or_registered_voting_share,Calisa Acquisition Corp - Ordinary shares
ALIT,retained_exact_CIK_coverage_changed,,1809104,candidate,explicit_common_or_ADS_or_registered_voting_share,"Alight, Inc. Class A Common Stock"
ALL,retained_exact_CIK_coverage_changed,,899051,candidate,explicit_common_or_ADS_or_registered_voting_share,Allstate Corporation (The) Common Stock
ALLT,retained_exact_CIK_coverage_changed,,1365767,candidate,explicit_common_or_ADS_or_registered_voting_share,Allot Ltd. - Ordinary Shares
ALM,retained_exact_CIK_coverage_changed,,1670061,candidate,explicit_common_or_ADS_or_registered_voting_share,Almonty Industries Inc. - Common Shares
ALP,retained_exact_CIK_coverage_changed,,1095435,candidate,explicit_common_or_ADS_or_registered_voting_share,Alpha Compute Corp  - Ordinary Shares
ALPS,retained_exact_CIK_coverage_changed,,2025774,candidate,explicit_common_or_ADS_or_registered_voting_share,ALPS Group Inc - Ordinary Share
ALRS,retained_exact_CIK_coverage_changed,,903419,candidate,explicit_common_or_ADS_or_registered_voting_share,Alerus Financial Corporation - Common Stock
ALVO,retained_exact_CIK_coverage_changed,,1898416,candidate,explicit_common_or_ADS_or_registered_voting_share,Alvotech - Ordinary Shares
AMAT,retained_exact_CIK_coverage_changed,,6951,candidate,explicit_common_or_ADS_or_registered_voting_share,"Applied Materials, Inc. - Common Stock"
AMBO,retained_exact_CIK_coverage_changed,,1494558,candidate,explicit_common_or_ADS_or_registered_voting_share,Ambow Education Holding Ltd. American Depository Shares (each representing twenty (20) Class A Ordinary Shares)
AMBP,retained_exact_CIK_coverage_changed,,1845097,candidate,explicit_common_or_ADS_or_registered_voting_share,Ardagh Metal Packaging S.A. Ordinary Shares
AMBR,added_to_registered_watch_pool,,1697818,candidate,explicit_common_or_ADS_or_registered_voting_share,Amber International Holding Limited - American Depositary Shares
AME,added_to_registered_watch_pool,,1037868,review,SEC_listed_ticker_security_description_requires_review,"AMETEK, Inc."
AMH,added_to_registered_watch_pool,,1562401,candidate,explicit_common_or_ADS_or_registered_voting_share,American Homes 4 Rent Common Shares of Beneficial Interest
AMN,added_to_registered_watch_pool,,1142750,review,SEC_listed_ticker_security_description_requires_review,AMN Healthcare Services Inc
AMRN,added_to_registered_watch_pool,,897448,candidate,explicit_common_or_ADS_or_registered_voting_share,Amarin Corporation plc - American Depositary Shares
AMSC,retained_exact_CIK_coverage_changed,,880807,candidate,explicit_common_or_ADS_or_registered_voting_share,American Superconductor Corporation - Common Stock
AMSS,retained_exact_CIK_coverage_changed,,1851491,candidate,explicit_common_or_ADS_or_registered_voting_share,AMASS Brands Inc. - Common Stock
AMT,retained_exact_CIK_coverage_changed,,1053507,candidate,explicit_common_or_ADS_or_registered_voting_share,American Tower Corporation (REIT) Common Stock
AMTD,added_to_registered_watch_pool,,1769731,candidate,explicit_common_or_ADS_or_registered_voting_share,"AMTD IDEA Group American Depositary Shares, each representing six (6) Class A Ordinary Shares"
ANDE,retained_exact_CIK_coverage_changed,,821026,candidate,explicit_common_or_ADS_or_registered_voting_share,"The Andersons, Inc. - Common Stock"
ANF,retained_exact_CIK_coverage_changed,,1018840,candidate,explicit_common_or_ADS_or_registered_voting_share,Abercrombie & Fitch Company Common Stock
ANGH,retained_exact_CIK_coverage_changed,,1871983,candidate,explicit_common_or_ADS_or_registered_voting_share,Anghami Inc. - Ordinary Shares
ANL,added_to_registered_watch_pool,,1944552,candidate,explicit_common_or_ADS_or_registered_voting_share,Adlai Nortye Group Ltd. - American Depositary Shares
ANPA,retained_exact_CIK_coverage_changed,,2031688,candidate,explicit_common_or_ADS_or_registered_voting_share,Rich Sparkle Holdings Limited - Ordinary Shares
ANTA,retained_exact_CIK_coverage_changed,,2044255,candidate,explicit_common_or_ADS_or_registered_voting_share,Antalpha Platform Holding Company - Class A Ordinary Shares
AON,retained_exact_CIK_coverage_changed,,315293,candidate,explicit_common_or_ADS_or_registered_voting_share,Aon plc Class A Ordinary Shares (Ireland)
AP,retained_exact_CIK_coverage_changed,,6176,candidate,explicit_common_or_ADS_or_registered_voting_share,Ampco-Pittsburgh Corporation Common Stock
API,added_to_registered_watch_pool,,1802883,candidate,explicit_common_or_ADS_or_registered_voting_share,"Agora, Inc. - ADS"
APLM,retained_exact_CIK_coverage_changed,,1944885,candidate,explicit_common_or_ADS_or_registered_voting_share,Apollomics Inc. - Class A Ordinary Shares
APO,retained_exact_CIK_coverage_changed,,1858681,candidate,explicit_common_or_ADS_or_registered_voting_share,"Apollo Global Management, Inc. (New) Common Stock"
APWC,retained_exact_CIK_coverage_changed,,1026980,candidate,explicit_common_or_ADS_or_registered_voting_share,"Asia Pacific Wire & Cable Corporation Limited  - Common shares, Par value .01 per share"
APYX,retained_exact_CIK_coverage_changed,,719135,candidate,explicit_common_or_ADS_or_registered_voting_share,Apyx Medical Corporation - Common Stock
AQN,retained_exact_CIK_coverage_changed,,1174169,candidate,explicit_common_or_ADS_or_registered_voting_share,Algonquin Power & Utilities Corp. Common Shares
ARBB,retained_exact_CIK_coverage_changed,,1930179,candidate,explicit_common_or_ADS_or_registered_voting_share,ARB IOT Group Limited - Ordinary Shares
ARBE,retained_exact_CIK_coverage_changed,,1861841,candidate,explicit_common_or_ADS_or_registered_voting_share,Arbe Robotics Ltd. - Ordinary Shares
ARBK,added_to_registered_watch_pool,,1841675,candidate,explicit_common_or_ADS_or_registered_voting_share,Argo Blockchain plc - American Depositary Shares
ARCO,added_to_registered_watch_pool,,1508478,candidate,explicit_common_or_ADS_or_registered_voting_share,Arcos Dorados Holdings Inc. Class A Shares
AREC,retained_exact_CIK_coverage_changed,,1590715,candidate,explicit_common_or_ADS_or_registered_voting_share,American Resources Corporation - Class A Common Stock
ARGX,added_to_registered_watch_pool,,1697862,candidate,explicit_common_or_ADS_or_registered_voting_share,argenx SE - American Depositary Shares
ARI,added_to_registered_watch_pool,,1467760,review,SEC_listed_ticker_security_description_requires_review,"Apollo Commercial Real Estate Finance, Inc"
ARIS,retained_exact_CIK_coverage_changed,,1964504,candidate,explicit_common_or_ADS_or_registered_voting_share,Aris Mining Corporation Common Shares
ARM,added_to_registered_watch_pool,,1973239,candidate,explicit_common_or_ADS_or_registered_voting_share,Arm Holdings plc - American Depositary Shares
ARQQ,retained_exact_CIK_coverage_changed,,1859690,candidate,explicit_common_or_ADS_or_registered_voting_share,Arqit Quantum Inc. - Ordinary Shares
ARR,added_to_registered_watch_pool,,1428205,review,SEC_listed_ticker_security_description_requires_review,"ARMOUR Residential REIT, Inc."
AS,retained_exact_CIK_coverage_changed,,1988894,candidate,explicit_common_or_ADS_or_registered_voting_share,"Amer Sports, Inc. Ordinary Shares"
ASA,added_to_registered_watch_pool,,1230869,review,SEC_listed_ticker_security_description_requires_review,ASA  Gold and Precious Metals Limited
ASBP,retained_exact_CIK_coverage_changed,,1847345,candidate,explicit_common_or_ADS_or_registered_voting_share,"Aspire-Lakewood Holdings, Inc. - Common Stock"
ASC,retained_exact_CIK_coverage_changed,,1577437,candidate,explicit_common_or_ADS_or_registered_voting_share,Ardmore Shipping Corporation Common Stock
ASIX,retained_exact_CIK_coverage_changed,,1673985,candidate,explicit_common_or_ADS_or_registered_voting_share,AdvanSix Inc. Common Stock 
ASM,retained_exact_CIK_coverage_changed,,316888,candidate,explicit_common_or_ADS_or_registered_voting_share,Avino Silver & Gold Mines Ltd. Common Shares (Canada)
ASML,added_to_registered_watch_pool,,937966,candidate,explicit_common_or_ADS_or_registered_voting_share,ASML Holding N.V. - New York Registry Shares
ASND,retained_exact_CIK_coverage_changed,,1612042,candidate,explicit_common_or_ADS_or_registered_voting_share,Ascendis Pharma A/S - Ordinary Share
ASR,retained_exact_CIK_coverage_changed,,1123452,candidate,explicit_common_or_ADS_or_registered_voting_share,"Grupo Aeroportuario del Sureste, S.A. de C.V. Common Stock"
ASRV,retained_exact_CIK_coverage_changed,,707605,candidate,explicit_common_or_ADS_or_registered_voting_share,AmeriServ Financial Inc. - Common Stock
ASTC,retained_exact_CIK_coverage_changed,,1001907,candidate,explicit_common_or_ADS_or_registered_voting_share,Astrotech Corporation - Common Stock
ASTL,retained_exact_CIK_coverage_changed,,1860805,candidate,explicit_common_or_ADS_or_registered_voting_share,Algoma Steel Group Inc. - Common Shares
ASX,added_to_registered_watch_pool,,1122411,candidate,explicit_common_or_ADS_or_registered_voting_share,"ASE Technology Holding Co., Ltd. American Depositary Shares (each representing Two Common Shares) "
ATAT,added_to_registered_watch_pool,,1853717,candidate,explicit_common_or_ADS_or_registered_voting_share,Atour Lifestyle Holdings Limited - American Depositary Shares
ATCX,retained_exact_CIK_coverage_changed,,1684688,candidate,explicit_common_or_ADS_or_registered_voting_share,Atlas Critical Minerals Corporation - Common Stock
ATGL,retained_exact_CIK_coverage_changed,,1967621,candidate,explicit_common_or_ADS_or_registered_voting_share,Alpha Technology Group Limited - Class A Ordinary Shares
ATHE,added_to_registered_watch_pool,,1131343,candidate,explicit_common_or_ADS_or_registered_voting_share,Alterity Therapeutics Limited - American Depositary Shares
ATHM,added_to_registered_watch_pool,,1527636,candidate,explicit_common_or_ADS_or_registered_voting_share,"Autohome Inc. American Depositary Shares, each representing four class A ordinary shares."
ATLC,retained_exact_CIK_coverage_changed,,1464343,candidate,explicit_common_or_ADS_or_registered_voting_share,Atlanticus Holdings Corporation - Common Stock
ATNM,retained_exact_CIK_coverage_changed,,1388320,candidate,explicit_common_or_ADS_or_registered_voting_share,"Actinium Pharmaceuticals, Inc. (Delaware) Common Stock"
ATO,retained_exact_CIK_coverage_changed,,731802,candidate,explicit_common_or_ADS_or_registered_voting_share,Atmos Energy Corporation Common Stock
ATS,retained_exact_CIK_coverage_changed,,1394832,candidate,explicit_common_or_ADS_or_registered_voting_share,ATS Corporation Common Shares
ATTT,retained_exact_CIK_coverage_changed,,1948443,candidate,explicit_common_or_ADS_or_registered_voting_share,Atlas Trinity Tech Limited - Ordinary Shares
AU,retained_exact_CIK_coverage_changed,,1973832,candidate,explicit_common_or_ADS_or_registered_voting_share,AngloGold Ashanti PLC Ordinary Shares
AUC,retained_exact_CIK_coverage_changed,,1755058,candidate,explicit_common_or_ADS_or_registered_voting_share,ATIF Holdings Limited - Ordinary Shares
AUDC,retained_exact_CIK_coverage_changed,,1086434,candidate,explicit_common_or_ADS_or_registered_voting_share,AudioCodes Ltd. - Ordinary Shares
AUGO,retained_exact_CIK_coverage_changed,,1468642,candidate,explicit_common_or_ADS_or_registered_voting_share,Aura Minerals Inc. - Common Shares
AUNA,retained_exact_CIK_coverage_changed,,1799207,candidate,explicit_common_or_ADS_or_registered_voting_share,Auna SA Class A Ordinary Shares
AURE,retained_exact_CIK_coverage_changed,,1765850,candidate,explicit_common_or_ADS_or_registered_voting_share,Aurelion Inc.  - Class A Ordinary Shares
AUST,retained_exact_CIK_coverage_changed,,1817740,candidate,explicit_common_or_ADS_or_registered_voting_share,Austin Gold Corp. Common Shares
AUTL,added_to_registered_watch_pool,,1730463,candidate,explicit_common_or_ADS_or_registered_voting_share,Autolus Therapeutics plc - American Depositary Shares
AUXX,retained_exact_CIK_coverage_changed,,1961592,candidate,explicit_common_or_ADS_or_registered_voting_share,Gold X2 Mining Inc. Common Shares
AVA,retained_exact_CIK_coverage_changed,,104918,candidate,explicit_common_or_ADS_or_registered_voting_share,Avista Corporation Common Stock
AVD,retained_exact_CIK_coverage_changed,,5981,candidate,explicit_common_or_ADS_or_registered_voting_share,American Vanguard Corporation Common Stock ($0.10 Par Value)
AWR,retained_exact_CIK_coverage_changed,,1056903,candidate,explicit_common_or_ADS_or_registered_voting_share,American States Water Company Common Stock
AXG,retained_exact_CIK_coverage_changed,,1959224,candidate,explicit_common_or_ADS_or_registered_voting_share,Solowin Holdings - Class A Ordinary Share
AXR,retained_exact_CIK_coverage_changed,,6207,candidate,explicit_common_or_ADS_or_registered_voting_share,AMREP Corporation Common Stock
AYA,retained_exact_CIK_coverage_changed,,1826836,candidate,explicit_common_or_ADS_or_registered_voting_share,Aya Gold & Silver Inc. - Common Shares
AZ,retained_exact_CIK_coverage_changed,,1866030,candidate,explicit_common_or_ADS_or_registered_voting_share,A2Z Cust2Mate Solutions Corp. - Common Shares
AZI,retained_exact_CIK_coverage_changed,,1959726,candidate,explicit_common_or_ADS_or_registered_voting_share,Autozi Internet Technology (Global) Ltd. - Class A Ordinary Shares
AZN,retained_exact_CIK_coverage_changed,,901832,candidate,explicit_common_or_ADS_or_registered_voting_share,AstraZeneca PLC Ordinary Shares
AZO,retained_exact_CIK_coverage_changed,,866787,candidate,explicit_common_or_ADS_or_registered_voting_share,"AutoZone, Inc. Common Stock"
AZUL,added_to_registered_watch_pool,,1432364,candidate,explicit_common_or_ADS_or_registered_voting_share,"Azul S.A. American Depositary Shares, each representing two (2) Common Shares"
AZZ,added_to_registered_watch_pool,,8947,review,SEC_listed_ticker_security_description_requires_review,AZZ Inc.
B,retained_exact_CIK_coverage_changed,,756894,candidate,explicit_common_or_ADS_or_registered_voting_share,Barrick Mining Corporation Common Shares
BA,retained_exact_CIK_coverage_changed,,12927,candidate,explicit_common_or_ADS_or_registered_voting_share,Boeing Company (The) Common Stock
BABA,added_to_registered_watch_pool,,1577552,candidate,explicit_common_or_ADS_or_registered_voting_share,Alibaba Group Holding Limited American Depositary Shares each representing eight Ordinary share
BAC,retained_exact_CIK_coverage_changed,,70858,candidate,explicit_common_or_ADS_or_registered_voting_share,Bank of America Corporation Common Stock
BACC,retained_exact_CIK_coverage_changed,,2059654,candidate,explicit_common_or_ADS_or_registered_voting_share,Blue Acquisition Corp. - Class A Ordinary Shares
BAK,retained_exact_CIK_coverage_changed,,1071438,candidate,explicit_common_or_ADS_or_registered_voting_share,Braskem SA ADR
BAM,added_to_registered_watch_pool,,1937926,candidate,explicit_common_or_ADS_or_registered_voting_share,Brookfield Asset Management Inc Class A Limited Voting Shares
BANL,retained_exact_CIK_coverage_changed,,1914805,candidate,explicit_common_or_ADS_or_registered_voting_share,CBL International Limited - Class B Ordinary Shares
BAOS,retained_exact_CIK_coverage_changed,,1811216,candidate,explicit_common_or_ADS_or_registered_voting_share,Baosheng Media Group Holdings Limited - Ordinary shares
BAP,retained_exact_CIK_coverage_changed,,1001290,candidate,explicit_common_or_ADS_or_registered_voting_share,Credicorp Ltd. Common Stock
BAR,added_to_registered_watch_pool,,1690437,review,SEC_listed_ticker_security_description_requires_review,GraniteShares Gold Trust Shares of Beneficial Interest
BATL,retained_exact_CIK_coverage_changed,,1282648,candidate,explicit_common_or_ADS_or_registered_voting_share,Battalion Oil Corporation Common Stock
BBAI,retained_exact_CIK_coverage_changed,,1836981,candidate,explicit_common_or_ADS_or_registered_voting_share,"BigBear.ai, Inc. Common Stock"
BBAR,added_to_registered_watch_pool,,913059,candidate,explicit_common_or_ADS_or_registered_voting_share,Banco BBVA Argentina S.A. ADS
BBD,added_to_registered_watch_pool,,1160330,candidate,explicit_common_or_ADS_or_registered_voting_share,Banco Bradesco Sa American Depositary Shares
BBDO,added_to_registered_watch_pool,,1160330,candidate,explicit_common_or_ADS_or_registered_voting_share,Banco Bradesco Sa American Depositary Shares (each representing one Common Share)
BBLG,retained_exact_CIK_coverage_changed,,1419554,candidate,explicit_common_or_ADS_or_registered_voting_share,Bone Biologics Corp - Common Stock
BBUC,added_to_registered_watch_pool,,1654795,candidate,explicit_common_or_ADS_or_registered_voting_share,Brookfield Business Corporation Class A Subordinate Voting Shares
BBVA,retained_exact_CIK_coverage_changed,,842180,candidate,explicit_common_or_ADS_or_registered_voting_share,Banco Bilbao Vizcaya Argentaria S.A. Common Stock
BBWI,added_to_registered_watch_pool,,701985,review,SEC_listed_ticker_security_description_requires_review,"Bath & Body Works, Inc."
BCAL,retained_exact_CIK_coverage_changed,,1795815,candidate,explicit_common_or_ADS_or_registered_voting_share,California BanCorp - Common Stock
BCAT,added_to_registered_watch_pool,,1809541,candidate,explicit_common_or_ADS_or_registered_voting_share,BlackRock Capital Allocation Term Trust Common Shares of Beneficial Interest
BCBP,retained_exact_CIK_coverage_changed,,1228454,candidate,explicit_common_or_ADS_or_registered_voting_share,"BCB Bancorp, Inc. (NJ) - Common Stock"
BCC,retained_exact_CIK_coverage_changed,,1328581,candidate,explicit_common_or_ADS_or_registered_voting_share,"Boise Cascade, L.L.C. Common Stock"
BCE,retained_exact_CIK_coverage_changed,,718940,candidate,explicit_common_or_ADS_or_registered_voting_share,"BCE, Inc. Common Stock"
BCH,added_to_registered_watch_pool,,1161125,candidate,explicit_common_or_ADS_or_registered_voting_share,Banco De Chile ADS
BCO,retained_exact_CIK_coverage_changed,,78890,candidate,explicit_common_or_ADS_or_registered_voting_share,Brinks Company (The) Common Stock
BCS,retained_exact_CIK_coverage_changed,,312069,candidate,explicit_common_or_ADS_or_registered_voting_share,Barclays PLC Common Stock
BCTX,retained_exact_CIK_coverage_changed,,1610820,candidate,explicit_common_or_ADS_or_registered_voting_share,BriaCell Therapeutics Corp. - Common Shares
BCX,added_to_registered_watch_pool,,1506289,candidate,explicit_common_or_ADS_or_registered_voting_share,BlackRock Resources Common Shares of Beneficial Interest
BCYC,added_to_registered_watch_pool,,1761612,candidate,explicit_common_or_ADS_or_registered_voting_share,Bicycle Therapeutics plc - American Depositary Shares
BDJ,added_to_registered_watch_pool,,1332283,review,SEC_listed_ticker_security_description_requires_review,Blackrock Enhanced Equity Dividend Trust
BDMD,retained_exact_CIK_coverage_changed,,1982444,candidate,explicit_common_or_ADS_or_registered_voting_share,Baird Medical Investment Holdings Ltd - Ordinary Share
BDN,retained_exact_CIK_coverage_changed,1060386,790816,candidate,explicit_common_or_ADS_or_registered_voting_share,Brandywine Realty Trust Common Stock
BDRX,added_to_registered_watch_pool,,1643918,candidate,explicit_common_or_ADS_or_registered_voting_share,Biodexa Pharmaceuticals plc - American Depositary Shares
BEKE,added_to_registered_watch_pool,,1809587,candidate,explicit_common_or_ADS_or_registered_voting_share,KE Holdings Inc American Depositary Shares (each representing three Class A Ordinary Shares)
BELFA,retained_exact_CIK_coverage_changed,,729580,candidate,explicit_common_or_ADS_or_registered_voting_share,Bel Fuse Inc. - Class A Common Stock
BELFB,retained_exact_CIK_coverage_changed,,729580,candidate,explicit_common_or_ADS_or_registered_voting_share,Bel Fuse Inc. - Class B Common Stock
BEN,retained_exact_CIK_coverage_changed,,38777,candidate,explicit_common_or_ADS_or_registered_voting_share,"Franklin Templeton, Inc. Common Stock"
BEPC,added_to_registered_watch_pool,,1791863,candidate,explicit_common_or_ADS_or_registered_voting_share,Brookfield Renewable Corporation Brookfield Renewable Corporation Class A Subordinate Voting Shares
BF.A,retained_exact_CIK_coverage_changed,,14693,candidate,explicit_common_or_ADS_or_registered_voting_share,Brown Forman Inc Class A Common Stock
BF.B,retained_exact_CIK_coverage_changed,,14693,candidate,explicit_common_or_ADS_or_registered_voting_share,Brown Forman Inc Class B Common Stock
BFC,retained_exact_CIK_coverage_changed,,1746109,candidate,explicit_common_or_ADS_or_registered_voting_share,Bank First Corporation - Common Stock
BG,retained_exact_CIK_coverage_changed,,1996862,candidate,explicit_common_or_ADS_or_registered_voting_share,Bunge Limited Common Shares
BGIN,retained_exact_CIK_coverage_changed,,1945565,candidate,explicit_common_or_ADS_or_registered_voting_share,Bgin Blockchain Limited - Class A Ordinary Shares
BGL,retained_exact_CIK_coverage_changed,,2019435,candidate,explicit_common_or_ADS_or_registered_voting_share,Blue Gold Limited - Class A ordinary shares
BGM,retained_exact_CIK_coverage_changed,,1779578,candidate,explicit_common_or_ADS_or_registered_voting_share,BGM Group Ltd. - Class A Ordinary Shares
BGR,added_to_registered_watch_pool,,1306550,review,SEC_listed_ticker_security_description_requires_review,BlackRock Energy and Resources Trust
BGSI,retained_exact_CIK_coverage_changed,,2091467,candidate,explicit_common_or_ADS_or_registered_voting_share,Boyd Group Services Inc. Common Shares
BGT,added_to_registered_watch_pool,,1287480,review,SEC_listed_ticker_security_description_requires_review,BlackRock Floating Rate Income Trust
BGY,added_to_registered_watch_pool,,1393299,review,SEC_listed_ticker_security_description_requires_review,Blackrock Enhanced International Dividend Trust
BHB,retained_exact_CIK_coverage_changed,,743367,candidate,explicit_common_or_ADS_or_registered_voting_share,"Bar Harbor Bankshares, Inc. Common Stock"
BHP,added_to_registered_watch_pool,,811809,candidate,explicit_common_or_ADS_or_registered_voting_share,BHP Group Limited American Depositary Shares (Each representing two Ordinary Shares)
BHST,retained_exact_CIK_coverage_changed,,1723464,candidate,explicit_common_or_ADS_or_registered_voting_share,BioHarvest Sciences Inc. - Common Stock
BHVN,retained_exact_CIK_coverage_changed,,1935979,candidate,explicit_common_or_ADS_or_registered_voting_share,Biohaven Ltd. Common Shares 
BIDU,added_to_registered_watch_pool,,1329099,candidate,explicit_common_or_ADS_or_registered_voting_share,"Baidu, Inc. - American Depositary Shares, each representing 8 ordinary share"
BILI,added_to_registered_watch_pool,,1723690,candidate,explicit_common_or_ADS_or_registered_voting_share,Bilibili Inc. - American Depositary Shares
BIO.B,retained_exact_CIK_coverage_changed,,12208,candidate,explicit_common_or_ADS_or_registered_voting_share,"Bio-Rad Laboratories, Inc. Class B  Common Stock"
BIOT,retained_exact_CIK_coverage_changed,,2072188,candidate,explicit_common_or_ADS_or_registered_voting_share,Instinct Bio Technical Company Holdings Inc. - Common stock
BIOX,retained_exact_CIK_coverage_changed,,1769484,candidate,explicit_common_or_ADS_or_registered_voting_share,Bioceres Crop Solutions Corp. - Ordinary Shares
BIPC,added_to_registered_watch_pool,,1788348,review,SEC_listed_ticker_security_description_requires_review,Brookfield Infrastructure Corporation Brookfield Infrastructure Corporation
BIRK,retained_exact_CIK_coverage_changed,,1977102,candidate,explicit_common_or_ADS_or_registered_voting_share,Birkenstock Holding plc Ordinary Shares
BIT,added_to_registered_watch_pool,,1562818,candidate,explicit_common_or_ADS_or_registered_voting_share,BlackRock Multi-Sector Income Trust Common Shares of Beneficial Interest
BIYA,retained_exact_CIK_coverage_changed,,1944712,candidate,explicit_common_or_ADS_or_registered_voting_share,Baiya International Group Inc.  - Ordinary Shares
BKE,retained_exact_CIK_coverage_changed,,885245,candidate,explicit_common_or_ADS_or_registered_voting_share,"Buckle, Inc. (The) Common Stock"
BKT,added_to_registered_watch_pool,,832327,review,SEC_listed_ticker_security_description_requires_review,BlackRock Income Trust Inc. (The)
BKTI,retained_exact_CIK_coverage_changed,,2186,candidate,explicit_common_or_ADS_or_registered_voting_share,BK Technologies Corporation Common Stock
BLCO,retained_exact_CIK_coverage_changed,,1860742,candidate,explicit_common_or_ADS_or_registered_voting_share,Bausch + Lomb Corporation Common Shares
BLDP,retained_exact_CIK_coverage_changed,,1453015,candidate,explicit_common_or_ADS_or_registered_voting_share,"Ballard Power Systems, Inc. - Common Shares"
BLIV,retained_exact_CIK_coverage_changed,,1982448,candidate,explicit_common_or_ADS_or_registered_voting_share,BeLive Holdings - ordinary shares
BLRX,added_to_registered_watch_pool,,1498403,candidate,explicit_common_or_ADS_or_registered_voting_share,BioLineRx Ltd. - American Depositary Shares
BLSH,retained_exact_CIK_coverage_changed,,1872195,candidate,explicit_common_or_ADS_or_registered_voting_share,Bullish Ordinary Shares
BLTE,added_to_registered_watch_pool,,1889109,candidate,explicit_common_or_ADS_or_registered_voting_share,"Belite Bio, Inc - American Depositary Shares"
BLW,added_to_registered_watch_pool,,1233681,review,SEC_listed_ticker_security_description_requires_review,Blackrock Limited Duration Income Trust
BLX,retained_exact_CIK_coverage_changed,,890541,candidate,explicit_common_or_ADS_or_registered_voting_share,"Bladex, Inc. Class E Common Stock"
BMA,retained_exact_CIK_coverage_changed,,1347426,candidate,explicit_common_or_ADS_or_registered_voting_share,Banco Macro S.A.  ADR (representing Ten Class B Common Shares)
BME,added_to_registered_watch_pool,,1314966,review,SEC_listed_ticker_security_description_requires_review,Blackrock Health Sciences Trust
BMEZ,added_to_registered_watch_pool,,1785971,candidate,explicit_common_or_ADS_or_registered_voting_share,BlackRock Health Sciences Term Trust Common Shares of Beneficial Interest
BMGL,retained_exact_CIK_coverage_changed,,2004489,candidate,explicit_common_or_ADS_or_registered_voting_share,Basel Medical Group Ltd - ordinary shares
BMHL,retained_exact_CIK_coverage_changed,,2027815,candidate,explicit_common_or_ADS_or_registered_voting_share,Bluemount Holdings Limited - Class B Ordinary Shares
BMM,retained_exact_CIK_coverage_changed,,1732379,candidate,explicit_common_or_ADS_or_registered_voting_share,Blue Moon Metals Inc. - Common Shares
BMN,added_to_registered_watch_pool,,1832871,candidate,explicit_common_or_ADS_or_registered_voting_share,BlackRock 2037 Municipal Target Term Trust Common Shares of Beneficial Interest
BMO,retained_exact_CIK_coverage_changed,,927971,candidate,explicit_common_or_ADS_or_registered_voting_share,Bank Of Montreal Common Stock
BMR,retained_exact_CIK_coverage_changed,,1899005,candidate,explicit_common_or_ADS_or_registered_voting_share,Beamr Imaging Ltd. - Ordinary Share
BN,added_to_registered_watch_pool,,1001085,candidate,explicit_common_or_ADS_or_registered_voting_share,Brookfield Corporation Class A Limited Voting Shares
BNC,retained_exact_CIK_coverage_changed,,1482541,candidate,explicit_common_or_ADS_or_registered_voting_share,BNB Standard Corporation - Common Stock
BNR,added_to_registered_watch_pool,,1792267,candidate,explicit_common_or_ADS_or_registered_voting_share,Burning Rock Biotech Limited - American Depositary Shares
BNS,retained_exact_CIK_coverage_changed,,9631,review,conflicting_ordinary_and_preferred_description,Bank Nova Scotia Halifax Pfd 3 Ordinary Shares
BNT,added_to_registered_watch_pool,,1837429,candidate,explicit_common_or_ADS_or_registered_voting_share,Brookfield Wealth Solutions Ltd. Class A Exchangeable Limited Voting Shares
BNTX,added_to_registered_watch_pool,,1776985,candidate,explicit_common_or_ADS_or_registered_voting_share,BioNTech SE - American Depositary Shares
BOC,retained_exact_CIK_coverage_changed,,1494582,candidate,explicit_common_or_ADS_or_registered_voting_share,Boston Omaha Corporation Class A Common Stock
BOE,added_to_registered_watch_pool,,1320375,candidate,explicit_common_or_ADS_or_registered_voting_share,Blackrock Enhanced Global Dividend Trust Common Shares of Beneficial Interest
BOKF,retained_exact_CIK_coverage_changed,,875357,candidate,explicit_common_or_ADS_or_registered_voting_share,BOK Financial Corporation - Common Stock
BON,retained_exact_CIK_coverage_changed,,1816815,candidate,explicit_common_or_ADS_or_registered_voting_share,Bon Natural Life Limited - Class A Ordinary Shares
BOSC,retained_exact_CIK_coverage_changed,,1005516,candidate,explicit_common_or_ADS_or_registered_voting_share,B.O.S. Better Online Solutions - Ordinary Shares
BOT,retained_exact_CIK_coverage_changed,,2081119,candidate,explicit_common_or_ADS_or_registered_voting_share,"RoboStrategy, Inc. - Common Stock"
BP,retained_exact_CIK_coverage_changed,,313807,candidate,explicit_common_or_ADS_or_registered_voting_share,BP p.l.c. Common Stock
BQ,retained_exact_CIK_coverage_changed,,1815021,candidate,explicit_common_or_ADS_or_registered_voting_share,Boqii Holding Limited Class A Ordinary Shares
BRAG,retained_exact_CIK_coverage_changed,,1867834,candidate,explicit_common_or_ADS_or_registered_voting_share,Bragg Gaming Group Inc. - Common Shares
BRAI,retained_exact_CIK_coverage_changed,,2076975,candidate,explicit_common_or_ADS_or_registered_voting_share,Braiin Limited - Common Stock
BRBI,added_to_registered_watch_pool,,2058601,candidate,explicit_common_or_ADS_or_registered_voting_share,BRBI BR Partners S.A. - ADSs
BRBR,retained_exact_CIK_coverage_changed,,1772016,candidate,explicit_common_or_ADS_or_registered_voting_share,"BellRing Brands, Inc. Common Stock "
BRC,retained_exact_CIK_coverage_changed,,746598,candidate,explicit_common_or_ADS_or_registered_voting_share,Brady Corporation Common Stock
BREZ,retained_exact_CIK_coverage_changed,,2095443,candidate,explicit_common_or_ADS_or_registered_voting_share,Breeze Acquisition Corp. II - Ordinary Shares
BRIA,retained_exact_CIK_coverage_changed,,2000230,candidate,explicit_common_or_ADS_or_registered_voting_share,BrilliA Inc Class A Ordinary Shares
BRK.B,retained_exact_CIK_coverage_changed,,1067983,candidate,explicit_common_or_ADS_or_registered_voting_share,Berkshire Hathaway Inc. New Common Stock
BRLS,retained_exact_CIK_coverage_changed,,1852973,candidate,explicit_common_or_ADS_or_registered_voting_share,Borealis Foods Inc. - Class A Common Shares
BRNX,retained_exact_CIK_coverage_changed,,1901215,candidate,explicit_common_or_ADS_or_registered_voting_share,BrenX Ltd. - Ordinary Shares
BRSL,added_to_registered_watch_pool,,1619762,candidate,explicit_common_or_ADS_or_registered_voting_share,"Brightstar Lottery PLC Trading under the Legal Name to begin at the market open on July 21, 2025. Ordinary Shares"
BRSP,added_to_registered_watch_pool,,1717547,candidate,explicit_common_or_ADS_or_registered_voting_share,"BrightSpire Capital, Inc. Class A Common Stock"
BRT,retained_exact_CIK_coverage_changed,,14846,candidate,explicit_common_or_ADS_or_registered_voting_share,BRT Apartments Corp. (MD) Common Stock
BRTX,retained_exact_CIK_coverage_changed,,1505497,candidate,explicit_common_or_ADS_or_registered_voting_share,"BioRestorative Therapies, Inc. - Common Stock"
BSAC,added_to_registered_watch_pool,,1027552,candidate,explicit_common_or_ADS_or_registered_voting_share,Banco Santander - Chile ADS
BSP,retained_exact_CIK_coverage_changed,,2004711,candidate,explicit_common_or_ADS_or_registered_voting_share,Bending Spoons S.p.A. - Ordinary Shares
BST,added_to_registered_watch_pool,,1616678,candidate,explicit_common_or_ADS_or_registered_voting_share,BlackRock Science and Technology Trust Common Shares of Beneficial Interest
BSTZ,added_to_registered_watch_pool,,1768666,candidate,explicit_common_or_ADS_or_registered_voting_share,BlackRock Science and Technology Term Trust Common Shares of Beneficial Interest
BTCT,retained_exact_CIK_coverage_changed,,1796514,candidate,explicit_common_or_ADS_or_registered_voting_share,BTC Digital Ltd. - Ordinary Shares
BTDR,retained_exact_CIK_coverage_changed,,1899123,candidate,explicit_common_or_ADS_or_registered_voting_share,Bitdeer Technologies Group - Ordinary Shares
BTE,retained_exact_CIK_coverage_changed,,1279495,candidate,explicit_common_or_ADS_or_registered_voting_share,Baytex Energy Corp Common Shares
BTG,retained_exact_CIK_coverage_changed,,1429937,candidate,explicit_common_or_ADS_or_registered_voting_share,B2Gold Corp Common shares (Canada)
BTI,retained_exact_CIK_coverage_changed,,1303523,candidate,explicit_common_or_ADS_or_registered_voting_share,"British American Tobacco  Industries, p.l.c. Common Stock ADR"
BTLN,retained_exact_CIK_coverage_changed,,1854445,candidate,explicit_common_or_ADS_or_registered_voting_share,"Brightline Interactive, Inc. - Common Stock"
BTO,removed_explicit_non_equity,,,excluded,investment_fund_or_note,John Hancock Financial Opportunities Fund Common Stock
BTQ,retained_exact_CIK_coverage_changed,,1821866,candidate,explicit_common_or_ADS_or_registered_voting_share,BTQ Technologies Corp. - Common Stock
BTSG,added_to_registered_watch_pool,,1865782,candidate,explicit_common_or_ADS_or_registered_voting_share,"BrightSpring Health Services, Inc. - Common Stock"
BTT,added_to_registered_watch_pool,,1528437,review,SEC_listed_ticker_security_description_requires_review,BlackRock Municipal 2030 Target Term Trust
BTTC,retained_exact_CIK_coverage_changed,,2034400,candidate,explicit_common_or_ADS_or_registered_voting_share,Black Titan Corp - Ordinary Shares
BTU,retained_exact_CIK_coverage_changed,,1064728,candidate,explicit_common_or_ADS_or_registered_voting_share,Peabody Energy Corporation Common Stock 
BTX,added_to_registered_watch_pool,,1836057,candidate,explicit_common_or_ADS_or_registered_voting_share,BlackRock Technology and Private Equity Term Trust Common Shares of Beneficial Interest
BTZ,added_to_registered_watch_pool,,1379384,review,SEC_listed_ticker_security_description_requires_review,BlackRock Credit Allocation Income Trust
BUD,retained_exact_CIK_coverage_changed,,1668717,candidate,explicit_common_or_ADS_or_registered_voting_share,Anheuser-Busch Inbev SA Sponsored ADR (Belgium)
BUI,added_to_registered_watch_pool,,1528988,review,SEC_listed_ticker_security_description_requires_review,"BlackRock Utility, Infrastructure & Power Opportunities Trust"
BULL,retained_exact_CIK_coverage_changed,,1866364,candidate,explicit_common_or_ADS_or_registered_voting_share,Webull Corporation - Class A Ordinary Shares
BUUU,retained_exact_CIK_coverage_changed,,2047273,candidate,explicit_common_or_ADS_or_registered_voting_share,BUUU Group Limited - Class A Ordinary Share
BVC,retained_exact_CIK_coverage_changed,,1785680,candidate,explicit_common_or_ADS_or_registered_voting_share,BitVentures Limited - Ordinary Share
BVN,added_to_registered_watch_pool,,1013131,review,SEC_listed_ticker_security_description_requires_review,Buenaventura Mining Company Inc.
BWAY,added_to_registered_watch_pool,,1505065,candidate,explicit_common_or_ADS_or_registered_voting_share,BrainsWay Ltd. - American Depositary Shares
BWLP,retained_exact_CIK_coverage_changed,,1649313,candidate,explicit_common_or_ADS_or_registered_voting_share,BW LPG Limited Common Shares
BWMX,retained_exact_CIK_coverage_changed,,1788257,candidate,explicit_common_or_ADS_or_registered_voting_share,"Betterware de Mexico, S.A.P.I. de C.V. Ordinary Shares"
BYAH,retained_exact_CIK_coverage_changed,,1986247,candidate,explicit_common_or_ADS_or_registered_voting_share,"Park Ha Biological Technology Co., Ltd. - Class A Ordinary Shares"
BYD,retained_exact_CIK_coverage_changed,,906553,candidate,explicit_common_or_ADS_or_registered_voting_share,Boyd Gaming Corporation Common Stock
BZ,retained_exact_CIK_coverage_changed,,1842827,candidate,explicit_common_or_ADS_or_registered_voting_share,KANZHUN LIMITED - American Depository Shares
BZUN,added_to_registered_watch_pool,,1625414,candidate,explicit_common_or_ADS_or_registered_voting_share,Baozun Inc. - American Depositary Shares
C,retained_exact_CIK_coverage_changed,,831001,candidate,explicit_common_or_ADS_or_registered_voting_share,"Citigroup, Inc. Common Stock"
CAAP,retained_exact_CIK_coverage_changed,,1717393,candidate,explicit_common_or_ADS_or_registered_voting_share,Corporacion America Airports SA Common Shares
CAAS,retained_exact_CIK_coverage_changed,,2037400,candidate,explicit_common_or_ADS_or_registered_voting_share,"China Automotive Systems, Inc. - Ordinary Share"
CAC,retained_exact_CIK_coverage_changed,,750686,candidate,explicit_common_or_ADS_or_registered_voting_share,Camden National Corporation - Common Stock
CACC,retained_exact_CIK_coverage_changed,,885550,candidate,explicit_common_or_ADS_or_registered_voting_share,Credit Acceptance Corporation - Common Stock
CAE,retained_exact_CIK_coverage_changed,,1173382,candidate,explicit_common_or_ADS_or_registered_voting_share,CAE Inc - Common Shares
CAF,removed_explicit_non_equity,,,excluded,investment_fund_or_note,Morgan Stanley China A Share Fund Inc. Common Stock
CAMT,retained_exact_CIK_coverage_changed,,1109138,candidate,explicit_common_or_ADS_or_registered_voting_share,Camtek Ltd. - Ordinary Shares
CAN,added_to_registered_watch_pool,,1780652,candidate,explicit_common_or_ADS_or_registered_voting_share,Canaan Inc. - American Depositary Shares
CANF,added_to_registered_watch_pool,,1536196,candidate,explicit_common_or_ADS_or_registered_voting_share,"Can-Fite Biopharma Ltd American Depositary Shares, each representing two (2) Ordinary Shares"
CANG,retained_exact_CIK_coverage_changed,,1725123,candidate,explicit_common_or_ADS_or_registered_voting_share,Cango Inc. Class A Ordinary Shares
CARR,retained_exact_CIK_coverage_changed,,1783180,candidate,explicit_common_or_ADS_or_registered_voting_share,Carrier Global Corporation Common Stock 
CARS,retained_exact_CIK_coverage_changed,,1683606,candidate,explicit_common_or_ADS_or_registered_voting_share,Cars.com Inc. Common Stock 
CATO,retained_exact_CIK_coverage_changed,,18255,candidate,explicit_common_or_ADS_or_registered_voting_share,Cato Corporation (The) Class A Common Stock
CBAT,retained_exact_CIK_coverage_changed,,2086841,candidate,explicit_common_or_ADS_or_registered_voting_share,CBAK Energy Technology Limited - Ordinary Shares
CBRE,retained_exact_CIK_coverage_changed,,1138118,candidate,explicit_common_or_ADS_or_registered_voting_share,CBRE Group Inc Common Stock Class A
CC,retained_exact_CIK_coverage_changed,,1627223,candidate,explicit_common_or_ADS_or_registered_voting_share,Chemours Company (The) Common Stock
CCBG,retained_exact_CIK_coverage_changed,,726601,candidate,explicit_common_or_ADS_or_registered_voting_share,Capital City Bank Group - Common Stock
CCEC,retained_exact_CIK_coverage_changed,,1392326,candidate,explicit_common_or_ADS_or_registered_voting_share,Capital Clean Energy Carriers Corp. - Common Share
CCEP,retained_exact_CIK_coverage_changed,,1650107,candidate,explicit_common_or_ADS_or_registered_voting_share,Coca-Cola Europacific Partners plc - Ordinary Shares
CCG,retained_exact_CIK_coverage_changed,,1965473,candidate,explicit_common_or_ADS_or_registered_voting_share,Cheche Group Inc. - Class A Ordinary Shares
CCHH,retained_exact_CIK_coverage_changed,,2074123,candidate,explicit_common_or_ADS_or_registered_voting_share,CCH Holdings Ltd - Class A Ordinary Shares
CCJ,retained_exact_CIK_coverage_changed,,1009001,candidate,explicit_common_or_ADS_or_registered_voting_share,Cameco Corporation Common Stock
CCK,added_to_registered_watch_pool,,1219601,review,SEC_listed_ticker_security_description_requires_review,"Crown Holdings, Inc."
CCM,added_to_registered_watch_pool,,1472072,candidate,explicit_common_or_ADS_or_registered_voting_share,Concord Medical Services Holdings Limited American Depositary Shares (Each represents thirty (30) Class A ordinary shares)
CCNE,retained_exact_CIK_coverage_changed,,736772,candidate,explicit_common_or_ADS_or_registered_voting_share,CNB Financial Corporation - Common Stock
CCTG,retained_exact_CIK_coverage_changed,,1931717,candidate,explicit_common_or_ADS_or_registered_voting_share,CCSC Technology International Holdings Limited - Class A Ordinary Shares
CCU,retained_exact_CIK_coverage_changed,,888746,candidate,explicit_common_or_ADS_or_registered_voting_share,"Compania Cervecerias Unidas, S.A. Common Stock"
CCXI,retained_exact_CIK_coverage_changed,,2074973,candidate,explicit_common_or_ADS_or_registered_voting_share,Churchill Capital Corp XI - Class A Ordinary Shares
CCZ,added_to_registered_watch_pool,,1166691,review,SEC_listed_ticker_security_description_requires_review,Comcast Holdings ZONES
CDLR,retained_exact_CIK_coverage_changed,,1978867,candidate,explicit_common_or_ADS_or_registered_voting_share,Cadeler A/S American Depositary Share (each representing four (4) Ordinary Shares)
CDP,added_to_registered_watch_pool,,860546,candidate,explicit_common_or_ADS_or_registered_voting_share,COPT Defense Properties Common Shares of Beneficial Interest
CDRO,retained_exact_CIK_coverage_changed,,1866782,candidate,explicit_common_or_ADS_or_registered_voting_share,"Codere Online Luxembourg, S.A. - Ordinary Shares"
CDTG,retained_exact_CIK_coverage_changed,,1793895,candidate,explicit_common_or_ADS_or_registered_voting_share,CDT Environmental Technology Investment Holdings Limited - ordinary shares
CDW,retained_exact_CIK_coverage_changed,,1402057,candidate,explicit_common_or_ADS_or_registered_voting_share,CDW Corporation - Common Stock
CDZIP,added_to_registered_watch_pool,,727273,review,depositary_underlying_security_not_confirmed,"Cadiz, Inc. - Depositary Shares"
CEE,removed_explicit_non_equity,,,excluded,investment_fund_or_note,"The Central and Eastern Europe Fund, Inc. (The) Common Stock"
CELU,retained_exact_CIK_coverage_changed,,1752828,candidate,explicit_common_or_ADS_or_registered_voting_share,Celularity Inc. - Class A Common Stock
CEPU,added_to_registered_watch_pool,,1717161,candidate,explicit_common_or_ADS_or_registered_voting_share,Central Puerto S.A. American Depositary Shares (each represents ten Common Shares)
CET,retained_exact_CIK_coverage_changed,,18748,candidate,explicit_common_or_ADS_or_registered_voting_share,Central Securities Corporation Common Stock
CEV,added_to_registered_watch_pool,,1074692,review,SEC_listed_ticker_security_description_requires_review,Eaton Vance California Municipal Income Trust Shares of Beneficial Interest
CFG,retained_exact_CIK_coverage_changed,,759944,candidate,explicit_common_or_ADS_or_registered_voting_share,"Citizens Financial Group, Inc. Common Stock"
CFND,removed_explicit_non_equity,,,excluded,investment_fund_or_note,C1 Fund Inc. Common Stock
CG,retained_exact_CIK_coverage_changed,,1527166,candidate,explicit_common_or_ADS_or_registered_voting_share,The Carlyle Group Inc. - Common Stock
CGAU,retained_exact_CIK_coverage_changed,,1854640,candidate,explicit_common_or_ADS_or_registered_voting_share,Centerra Gold Inc. Common Shares
CGC,retained_exact_CIK_coverage_changed,,1737927,candidate,explicit_common_or_ADS_or_registered_voting_share,Canopy Growth Corporation - Common Shares
CGEN,retained_exact_CIK_coverage_changed,,1119774,candidate,explicit_common_or_ADS_or_registered_voting_share,Compugen Ltd. - Ordinary Shares
CGNT,retained_exact_CIK_coverage_changed,,1824814,candidate,explicit_common_or_ADS_or_registered_voting_share,Cognyte Software Ltd. - Ordinary Shares
CGNX,retained_exact_CIK_coverage_changed,,851205,candidate,explicit_common_or_ADS_or_registered_voting_share,Cognex Corporation - Common Stock
CGTL,retained_exact_CIK_coverage_changed,,1967822,candidate,explicit_common_or_ADS_or_registered_voting_share,Creative Global Technology Holdings Limited - Class A Ordinary Shares
CHA,added_to_registered_watch_pool,,2013649,candidate,explicit_common_or_ADS_or_registered_voting_share,"Chagee Holdings Limited - American Depositary Shares, each representing 1 Class A ordinary share"
CHAI,retained_exact_CIK_coverage_changed,,1649009,candidate,explicit_common_or_ADS_or_registered_voting_share,"Core AI Holdings, Inc. - Common Shares"
CHCT,retained_exact_CIK_coverage_changed,,1631569,candidate,explicit_common_or_ADS_or_registered_voting_share,Community Healthcare Trust Incorporated Common Stock
CHD,retained_exact_CIK_coverage_changed,,313927,candidate,explicit_common_or_ADS_or_registered_voting_share,"Church & Dwight Company, Inc. Common Stock"
CHDN,retained_exact_CIK_coverage_changed,,20212,candidate,explicit_common_or_ADS_or_registered_voting_share,"Churchill Downs, Incorporated - Common Stock"
CHE,added_to_registered_watch_pool,,19584,review,SEC_listed_ticker_security_description_requires_review,Chemed Corp
CHEF,retained_exact_CIK_coverage_changed,,1517175,candidate,explicit_common_or_ADS_or_registered_voting_share,"The Chefs' Warehouse, Inc. - Common Stock"
CHH,retained_exact_CIK_coverage_changed,,1046311,candidate,explicit_common_or_ADS_or_registered_voting_share,"Choice Hotels International, Inc. Common Stock"
CHKP,retained_exact_CIK_coverage_changed,,1015922,candidate,explicit_common_or_ADS_or_registered_voting_share,Check Point Software Technologies Ltd. - Ordinary Shares
CHNR,retained_exact_CIK_coverage_changed,,793628,candidate,explicit_common_or_ADS_or_registered_voting_share,"China Natural Resources, Inc. - Common Shares"
CHOW,retained_exact_CIK_coverage_changed,,2041829,candidate,explicit_common_or_ADS_or_registered_voting_share,ChowChow Cloud International Holdings Limited Ordinary Shares
CHR,retained_exact_CIK_coverage_changed,,1738758,candidate,explicit_common_or_ADS_or_registered_voting_share,"Cheer Holding, Inc.  - Class A Ordinary Share"
CHSN,retained_exact_CIK_coverage_changed,,1825349,candidate,explicit_common_or_ADS_or_registered_voting_share,Chanson International Holding - Class A Ordinary Shares
CHT,added_to_registered_watch_pool,,1132924,review,SEC_listed_ticker_security_description_requires_review,"Chunghwa Telecom Co., Ltd."
CHWM,retained_exact_CIK_coverage_changed,,2113605,candidate,explicit_common_or_ADS_or_registered_voting_share,Chilwa Minerals Limited - American Depository Shares
CIA,retained_exact_CIK_coverage_changed,,24090,candidate,explicit_common_or_ADS_or_registered_voting_share,"Citizens, Inc. Class A Common Stock ($1.00 Par)"
CIEN,retained_exact_CIK_coverage_changed,,936395,candidate,explicit_common_or_ADS_or_registered_voting_share,Ciena Corporation Common Stock
CIG,added_to_registered_watch_pool,,1157557,candidate,explicit_common_or_ADS_or_registered_voting_share,Comp En De Mn Cemig ADS American Depositary Shares
CIG.C,retained_exact_CIK_coverage_changed,,1157557,candidate,explicit_common_or_ADS_or_registered_voting_share,Comp En De Mn Cemig ADS American Depositary Receipts
CIGI,added_to_registered_watch_pool,,913353,candidate,explicit_common_or_ADS_or_registered_voting_share,Colliers International Group Inc.  - Subordinate Voting Shares
CIGL,retained_exact_CIK_coverage_changed,,2001794,candidate,explicit_common_or_ADS_or_registered_voting_share,Concorde International Group Ltd - Class A Ordinary Shares
CII,removed_explicit_non_equity,,,excluded,investment_fund_or_note,"BlackRock Enhanced Large Cap Core Fund, Inc. Common Stock"
CIIT,retained_exact_CIK_coverage_changed,,1557798,candidate,explicit_common_or_ADS_or_registered_voting_share,"Tianci International, Inc. - Common Stock"
CIK,removed_explicit_non_equity,,,excluded,investment_fund_or_note,"UBS Asset Management Income Fund, Inc. Common Stock"
CINT,retained_exact_CIK_coverage_changed,,1868995,candidate,explicit_common_or_ADS_or_registered_voting_share,CI&T Inc Class A Common Shares
CISS,retained_exact_CIK_coverage_changed,,1951067,candidate,explicit_common_or_ADS_or_registered_voting_share,C3is Inc. - Common Stock
CLBT,retained_exact_CIK_coverage_changed,,1854587,candidate,explicit_common_or_ADS_or_registered_voting_share,Cellebrite DI Ltd. - Ordinary Shares
CLDT,added_to_registered_watch_pool,,1476045,candidate,explicit_common_or_ADS_or_registered_voting_share,Chatham Lodging Trust (REIT) Common Shares of Beneficial Interest
CLGN,retained_exact_CIK_coverage_changed,,1631487,candidate,explicit_common_or_ADS_or_registered_voting_share,CollPlant Biotechnologies Ltd. - Ordinary Shares
CLIK,retained_exact_CIK_coverage_changed,,2020027,candidate,explicit_common_or_ADS_or_registered_voting_share,Click Holdings Limited - Ordinary Share
CLLS,added_to_registered_watch_pool,,1627281,candidate,explicit_common_or_ADS_or_registered_voting_share,Cellectis S.A. - American Depositary Shares
CLMT,retained_exact_CIK_coverage_changed,,2013745,candidate,explicit_common_or_ADS_or_registered_voting_share,"Calumet, Inc - Common Stock"
CLOV,retained_exact_CIK_coverage_changed,,1801170,candidate,explicit_common_or_ADS_or_registered_voting_share,"Clover Health Investments, Corp.  - Class A Common stock"
CLPS,retained_exact_CIK_coverage_changed,,1724542,candidate,explicit_common_or_ADS_or_registered_voting_share,CLPS Incorporation - Common Stock
CLWT,retained_exact_CIK_coverage_changed,,1026662,candidate,explicit_common_or_ADS_or_registered_voting_share,Euro Tech Holdings Company Limited - Ordinary Shares
CLX,retained_exact_CIK_coverage_changed,,21076,candidate,explicit_common_or_ADS_or_registered_voting_share,Clorox Company (The) Common Stock
CM,retained_exact_CIK_coverage_changed,,1045520,candidate,explicit_common_or_ADS_or_registered_voting_share,Canadian Imperial Bank of Commerce Common Stock
CMBT,retained_exact_CIK_coverage_changed,,1604481,candidate,explicit_common_or_ADS_or_registered_voting_share,CMB.TECH NV Ordinary Shares
CMCL,retained_exact_CIK_coverage_changed,,766011,candidate,explicit_common_or_ADS_or_registered_voting_share,Caledonia Mining Corporation Plc Common Shares
CMCM,added_to_registered_watch_pool,,1597835,candidate,explicit_common_or_ADS_or_registered_voting_share,"Cheetah Mobile Inc. American Depositary Shares, each representing fifty (50) Class A Ordinary Shares"
CMCT,retained_exact_CIK_coverage_changed,,908311,candidate,explicit_common_or_ADS_or_registered_voting_share,Creative Media  - Common Stock
CMDB,retained_exact_CIK_coverage_changed,,2033535,candidate,explicit_common_or_ADS_or_registered_voting_share,Costamare Bulkers Holdings Limited Common Stock
CMMB,added_to_registered_watch_pool,,1534248,candidate,explicit_common_or_ADS_or_registered_voting_share,Chemomab Therapeutics Ltd.  - American Depositary Shares
CMND,retained_exact_CIK_coverage_changed,,1892500,candidate,explicit_common_or_ADS_or_registered_voting_share,Clearmind Medicine Inc. - Common Shares
CMP,retained_exact_CIK_coverage_changed,,1227654,candidate,explicit_common_or_ADS_or_registered_voting_share,Compass Minerals Intl Inc Common Stock
CMRE,retained_exact_CIK_coverage_changed,,1503584,candidate,explicit_common_or_ADS_or_registered_voting_share,Costamare Inc. Common Stock $0.0001 par value
CMTL,retained_exact_CIK_coverage_changed,,23197,candidate,explicit_common_or_ADS_or_registered_voting_share,Comtech Telecommunications Corp. - Common Stock
CMTV,retained_exact_CIK_coverage_changed,,718413,candidate,explicit_common_or_ADS_or_registered_voting_share,Community Bancorp.  - Common stock
CNCK,retained_exact_CIK_coverage_changed,,1913847,candidate,explicit_common_or_ADS_or_registered_voting_share,Coincheck Group N.V. - Ordinary Shares
CNDT,retained_exact_CIK_coverage_changed,,1677703,candidate,explicit_common_or_ADS_or_registered_voting_share,Conduent Incorporated - Common Stock
CNEY,retained_exact_CIK_coverage_changed,,1780785,candidate,explicit_common_or_ADS_or_registered_voting_share,CN Energy Group Inc. - Class A Ordinary Shares
CNF,added_to_registered_watch_pool,,1733868,candidate,explicit_common_or_ADS_or_registered_voting_share,"CNFinance Holdings Limited American Depositary Shares, each representing two hundred (200) Ordinary Shares"
CNI,retained_exact_CIK_coverage_changed,,16868,candidate,explicit_common_or_ADS_or_registered_voting_share,Canadian National Railway Company Common Stock
CNK,retained_exact_CIK_coverage_changed,,1385280,candidate,explicit_common_or_ADS_or_registered_voting_share,"Cinemark Holdings Inc Cinemark Holdings, Inc. Common Stock"
CNL,retained_exact_CIK_coverage_changed,,1953575,candidate,explicit_common_or_ADS_or_registered_voting_share,Collective Mining Ltd. - Common Stock
CNP,retained_exact_CIK_coverage_changed,,1130310,candidate,explicit_common_or_ADS_or_registered_voting_share,"CenterPoint Energy, Inc (Holding Co) Common Stock"
CNQ,retained_exact_CIK_coverage_changed,,1017413,candidate,explicit_common_or_ADS_or_registered_voting_share,Canadian Natural Resources Limited Common Stock
CODI,added_to_registered_watch_pool,,1345126,review,SEC_listed_ticker_security_description_requires_review,D/B/A Compass Diversified Holdings Shares of Beneficial Interest
COE,added_to_registered_watch_pool,,1659494,candidate,explicit_common_or_ADS_or_registered_voting_share,"51Talk Online Education Group American depositary shares, each representing 60 Class A ordinary shares"
COF,retained_exact_CIK_coverage_changed,,927628,candidate,explicit_common_or_ADS_or_registered_voting_share,Capital One Financial Corporation Common Stock
COHN,added_to_registered_watch_pool,,1270436,review,SEC_listed_ticker_security_description_requires_review,Cohen & Company Inc.
COOT,retained_exact_CIK_coverage_changed,,1959994,candidate,explicit_common_or_ADS_or_registered_voting_share,Australian Oilseeds Holdings Limited - Ordinary Shares
CORT,retained_exact_CIK_coverage_changed,,1088856,candidate,explicit_common_or_ADS_or_registered_voting_share,Corcept Therapeutics Incorporated - Common Stock
CORZ,retained_exact_CIK_coverage_changed,,1839341,candidate,explicit_common_or_ADS_or_registered_voting_share,"Core Scientific, Inc. - Common Stock"
COST,retained_exact_CIK_coverage_changed,,909832,candidate,explicit_common_or_ADS_or_registered_voting_share,Costco Wholesale Corporation - Common Stock
CP,retained_exact_CIK_coverage_changed,,16875,candidate,explicit_common_or_ADS_or_registered_voting_share,Canadian Pacific Kansas City Limited Common Shares
CPA,retained_exact_CIK_coverage_changed,,1345105,candidate,explicit_common_or_ADS_or_registered_voting_share,"Copa Holdings, S.A. Class A Common Stock"
CPAC,added_to_registered_watch_pool,,1221029,candidate,explicit_common_or_ADS_or_registered_voting_share,Cementos Pacasmayo S.A.A. American Depositary Shares (Each representing five Common Shares)
CPF,added_to_registered_watch_pool,,701347,review,SEC_listed_ticker_security_description_requires_review,Central Pacific Financial Corp New
CPHC,retained_exact_CIK_coverage_changed,,1672909,candidate,explicit_common_or_ADS_or_registered_voting_share,Canterbury Park Holding Corporation - Common Stock
CPK,retained_exact_CIK_coverage_changed,,19745,candidate,explicit_common_or_ADS_or_registered_voting_share,Chesapeake Utilities Corporation Common Stock
CPOP,retained_exact_CIK_coverage_changed,,1807389,candidate,explicit_common_or_ADS_or_registered_voting_share,"Pop Culture Group Co., Ltd - Class A Ordinary Shares"
CRC,retained_exact_CIK_coverage_changed,,1609253,candidate,explicit_common_or_ADS_or_registered_voting_share,California Resources Corporation Common Stock
CRD.A,retained_exact_CIK_coverage_changed,,25475,candidate,explicit_common_or_ADS_or_registered_voting_share,Crawford & Company Common Stock
CRD.B,retained_exact_CIK_coverage_changed,,25475,candidate,explicit_common_or_ADS_or_registered_voting_share,Crawford & Company Common Stock
CRDL,retained_exact_CIK_coverage_changed,,1702123,candidate,explicit_common_or_ADS_or_registered_voting_share,Cardiol Therapeutics Inc. - Class A Common Shares
CRE,retained_exact_CIK_coverage_changed,,2003977,candidate,explicit_common_or_ADS_or_registered_voting_share,Cre8 Enterprise Limited - Class A Ordinary Shares
CRESY,added_to_registered_watch_pool,,1034957,candidate,explicit_common_or_ADS_or_registered_voting_share,"Cresud S.A.C.I.F. y A. - American Depositary Shares, each representing ten shares of Common Stock"
CRF,removed_explicit_non_equity,,,excluded,investment_fund_or_note,"Cornerstone Total Return Fund, Inc. (The) Common Stock"
CRGO,retained_exact_CIK_coverage_changed,,1927719,candidate,explicit_common_or_ADS_or_registered_voting_share,Freightos Limited - Ordinary shares
CRH,retained_exact_CIK_coverage_changed,,849395,candidate,explicit_common_or_ADS_or_registered_voting_share,CRH PLC Ordinary Shares
CRML,retained_exact_CIK_coverage_changed,,1951089,candidate,explicit_common_or_ADS_or_registered_voting_share,Critical Metals Corp. - Ordinary Shares
CRNT,retained_exact_CIK_coverage_changed,,1119769,candidate,explicit_common_or_ADS_or_registered_voting_share,Ceragon Networks Ltd. - Ordinary Shares
CRT,retained_exact_CIK_coverage_changed,,881787,candidate,explicit_common_or_ADS_or_registered_voting_share,Cross Timbers Royalty Trust Common Stock
CRVL,retained_exact_CIK_coverage_changed,,874866,candidate,explicit_common_or_ADS_or_registered_voting_share,CorVel Corp. - Common Stock
CSHR,retained_exact_CIK_coverage_changed,,2087587,candidate,explicit_common_or_ADS_or_registered_voting_share,CoinShares PLC - Ordinary Shares
CSIQ,retained_exact_CIK_coverage_changed,,1375877,candidate,explicit_common_or_ADS_or_registered_voting_share,Canadian Solar Inc. - Common Shares
CSR,retained_exact_CIK_coverage_changed,,798359,candidate,explicit_common_or_ADS_or_registered_voting_share,D/B/A Centerspace Common Stock
CSTE,retained_exact_CIK_coverage_changed,,1504379,candidate,explicit_common_or_ADS_or_registered_voting_share,Caesarstone Ltd. - Ordinary Shares
CSTM,retained_exact_CIK_coverage_changed,,1563411,candidate,explicit_common_or_ADS_or_registered_voting_share,Constellium SE Ordinary Shares (France)
CTVA,retained_exact_CIK_coverage_changed,,1755672,candidate,explicit_common_or_ADS_or_registered_voting_share,"Corteva, Inc. Common Stock "
CTW,retained_exact_CIK_coverage_changed,,2047148,candidate,explicit_common_or_ADS_or_registered_voting_share,CTW - Class A Ordinary Shares
CUBE,retained_exact_CIK_coverage_changed,1300485,1298675,candidate,explicit_common_or_ADS_or_registered_voting_share,CubeSmart Common Shares
CUPR,retained_exact_CIK_coverage_changed,,1995704,candidate,explicit_common_or_ADS_or_registered_voting_share,Cuprina Holdings (Cayman) Limited - Class A Ordinary shares
CURR,retained_exact_CIK_coverage_changed,,1862935,candidate,explicit_common_or_ADS_or_registered_voting_share,Currenc Group Inc. - Ordinary Shares
CUVL,added_to_registered_watch_pool,,1290877,candidate,explicit_common_or_ADS_or_registered_voting_share,Clinuvel Pharmaceuticals Limited - American Depositary Shares
CUZ,retained_exact_CIK_coverage_changed,,25232,candidate,explicit_common_or_ADS_or_registered_voting_share,Cousins Properties Incorporated Common Stock
CVBF,retained_exact_CIK_coverage_changed,,354647,candidate,explicit_common_or_ADS_or_registered_voting_share,CVB Financial Corporation - Common Stock
CVE,retained_exact_CIK_coverage_changed,,1475260,candidate,explicit_common_or_ADS_or_registered_voting_share,Cenovus Energy Inc Common Stock
CVEO,retained_exact_CIK_coverage_changed,,1590584,candidate,explicit_common_or_ADS_or_registered_voting_share,Civeo Corporation (Canada) Common Shares
CVX,retained_exact_CIK_coverage_changed,,93410,candidate,explicit_common_or_ADS_or_registered_voting_share,Chevron Corporation Common Stock
CX,retained_exact_CIK_coverage_changed,,1076378,candidate,explicit_common_or_ADS_or_registered_voting_share,"Cemex, S.A.B. de C.V. Sponsored ADR"
CYD,retained_exact_CIK_coverage_changed,,932695,candidate,explicit_common_or_ADS_or_registered_voting_share,China Yuchai International Limited Common Stock
CZNC,retained_exact_CIK_coverage_changed,,810958,candidate,explicit_common_or_ADS_or_registered_voting_share,Citizens & Northern Corp - Common Stock
D,retained_exact_CIK_coverage_changed,103682,715957,candidate,explicit_common_or_ADS_or_registered_voting_share,"Dominion Energy, Inc. Common Stock"
DAC,retained_exact_CIK_coverage_changed,,1369241,candidate,explicit_common_or_ADS_or_registered_voting_share,Danaos Corporation Common Stock
DAN,retained_exact_CIK_coverage_changed,,26780,candidate,explicit_common_or_ADS_or_registered_voting_share,Dana Incorporated Common Stock 
DAO,added_to_registered_watch_pool,,1781753,candidate,explicit_common_or_ADS_or_registered_voting_share,"Youdao, Inc. American Depositary Shares, each representing one Class A Ordinary Share"
DAVA,added_to_registered_watch_pool,,1656081,candidate,explicit_common_or_ADS_or_registered_voting_share,Endava plc American Depositary Shares (each representing one Class A Ordinary Share)
DAVE,retained_exact_CIK_coverage_changed,,1841408,candidate,explicit_common_or_ADS_or_registered_voting_share,Dave Inc.  - Class A Common Stock
DB,retained_exact_CIK_coverage_changed,,1159508,candidate,explicit_common_or_ADS_or_registered_voting_share,Deutsche Bank AG Common Stock
DBVT,added_to_registered_watch_pool,,1613780,candidate,explicit_common_or_ADS_or_registered_voting_share,DBV Technologies S.A. - American Depositary Shares
DCBO,retained_exact_CIK_coverage_changed,,1829959,candidate,explicit_common_or_ADS_or_registered_voting_share,Docebo Inc. - Common Shares
DCX,retained_exact_CIK_coverage_changed,,1957413,candidate,explicit_common_or_ADS_or_registered_voting_share,Digital Currency X Technology Inc. - Class A Ordinary Shares
DDC,retained_exact_CIK_coverage_changed,,1808110,candidate,explicit_common_or_ADS_or_registered_voting_share,DDC Enterprise Limited Class A Ordinary Shares
DDI,retained_exact_CIK_coverage_changed,,1799567,candidate,explicit_common_or_ADS_or_registered_voting_share,"DoubleDown Interactive Co., Ltd. - American Depository Shares"
DDL,added_to_registered_watch_pool,,1854545,candidate,explicit_common_or_ADS_or_registered_voting_share,Dingdong (Cayman) Limited American Depositary Shares (each two representing three Ordinary Shares)
DDT,added_to_registered_watch_pool,,28917,review,SEC_listed_ticker_security_description_requires_review,Dillard's Capital Trust I
DE,retained_exact_CIK_coverage_changed,,315189,candidate,explicit_common_or_ADS_or_registered_voting_share,Deere & Company Common Stock
DECK,retained_exact_CIK_coverage_changed,,910521,candidate,explicit_common_or_ADS_or_registered_voting_share,Deckers Outdoor Corporation Common Stock
DEFT,retained_exact_CIK_coverage_changed,,1888274,candidate,explicit_common_or_ADS_or_registered_voting_share,"Defi Technologies, Inc. - Common Stock"
DELL,retained_exact_CIK_coverage_changed,,1571996,candidate,explicit_common_or_ADS_or_registered_voting_share,Dell Technologies Inc. Class C Common Stock 
DEO,retained_exact_CIK_coverage_changed,,835403,candidate,explicit_common_or_ADS_or_registered_voting_share,Diageo plc Common Stock
DERM,retained_exact_CIK_coverage_changed,,1867066,candidate,explicit_common_or_ADS_or_registered_voting_share,Journey Medical Corporation - Common Stock
DETX,retained_exact_CIK_coverage_changed,,1919776,candidate,explicit_common_or_ADS_or_registered_voting_share,"Liberty Defense Holdings, Ltd. - Common Shares"
DFIN,retained_exact_CIK_coverage_changed,,1669811,candidate,explicit_common_or_ADS_or_registered_voting_share,"Donnelley Financial Solutions, Inc. Common Stock "
DFSC,retained_exact_CIK_coverage_changed,,1889823,candidate,explicit_common_or_ADS_or_registered_voting_share,"DEFSEC Technologies Inc. - common stock, no R/S concurrent with offering"
DG,retained_exact_CIK_coverage_changed,,29534,candidate,explicit_common_or_ADS_or_registered_voting_share,Dollar General Corporation Common Stock
DGNX,retained_exact_CIK_coverage_changed,,2010499,candidate,explicit_common_or_ADS_or_registered_voting_share,Diginex Limited - Ordinary Shares
DGX,retained_exact_CIK_coverage_changed,,1022079,candidate,explicit_common_or_ADS_or_registered_voting_share,Quest Diagnostics Incorporated Common Stock
DGXX,added_to_registered_watch_pool,,1854368,candidate,explicit_common_or_ADS_or_registered_voting_share,Digi Power X Inc. - Common Subordinate Voting Shares
DHC,added_to_registered_watch_pool,,1075415,candidate,explicit_common_or_ADS_or_registered_voting_share,Diversified Healthcare Trust  - Common Shares of Beneficial Interest
DHF,removed_explicit_non_equity,,,excluded,investment_fund_or_note,BNY Mellon High Yield Strategies Fund Common Stock
DHT,added_to_registered_watch_pool,,1331284,review,SEC_listed_ticker_security_description_requires_review,"DHT Holdings, Inc."
DHY,removed_explicit_non_equity,,,excluded,investment_fund_or_note,UBS Asset Management High Yield Credit Fund Common Stock
DIOD,retained_exact_CIK_coverage_changed,,29002,candidate,explicit_common_or_ADS_or_registered_voting_share,Diodes Incorporated - Common Stock
DIS,retained_exact_CIK_coverage_changed,,1744489,candidate,explicit_common_or_ADS_or_registered_voting_share,Walt Disney Company (The) Common Stock
DIT,retained_exact_CIK_coverage_changed,,928465,candidate,explicit_common_or_ADS_or_registered_voting_share,AMCON Distributing Company Common Stock
DJCO,retained_exact_CIK_coverage_changed,,783412,candidate,explicit_common_or_ADS_or_registered_voting_share,Daily Journal Corp. (S.C.) - Common Stock
DKI,retained_exact_CIK_coverage_changed,,2058584,candidate,explicit_common_or_ADS_or_registered_voting_share,DarkIris Inc. - Class A Ordinary Shares
DLB,retained_exact_CIK_coverage_changed,,1308547,candidate,explicit_common_or_ADS_or_registered_voting_share,Dolby Laboratories Common Stock
DLO,retained_exact_CIK_coverage_changed,,1846832,candidate,explicit_common_or_ADS_or_registered_voting_share,DLocal Limited - Class A Common Shares
DLR,retained_exact_CIK_coverage_changed,1494877,1297996,candidate,explicit_common_or_ADS_or_registered_voting_share,"Digital Realty Trust, Inc. Common Stock"
DLXY,retained_exact_CIK_coverage_changed,,2025218,candidate,explicit_common_or_ADS_or_registered_voting_share,Delixy Holdings Limited - Class A Ordinary Shares
DMA,removed_explicit_non_equity,,,excluded,investment_fund_or_note,Destra Multi-Alternative Fund Common Stock
DMO,removed_explicit_non_equity,,,excluded,investment_fund_or_note,Western Asset Mortgage Opportunity Fund Inc. Common Stock
DMRC,retained_exact_CIK_coverage_changed,,2119322,candidate,explicit_common_or_ADS_or_registered_voting_share,Digimarc Corporation - Common Stock
DNN,retained_exact_CIK_coverage_changed,,1063259,candidate,explicit_common_or_ADS_or_registered_voting_share,Denison Mines Corp Ordinary Shares (Canada)
DNP,removed_explicit_non_equity,,,excluded,investment_fund_or_note,"DNP Select Income Fund, Inc. Common Stock"
DOO,added_to_registered_watch_pool,,1748797,candidate,explicit_common_or_ADS_or_registered_voting_share,BRP Inc. - Common Subordinate Voting Shares
DOV,retained_exact_CIK_coverage_changed,,29905,candidate,explicit_common_or_ADS_or_registered_voting_share,Dover Corporation Common Stock
DOW,retained_exact_CIK_coverage_changed,,1751788,candidate,explicit_common_or_ADS_or_registered_voting_share,Dow Inc. Common Stock 
DOX,retained_exact_CIK_coverage_changed,,1062579,candidate,explicit_common_or_ADS_or_registered_voting_share,Amdocs Limited - Ordinary Shares
DOYU,added_to_registered_watch_pool,,1762417,candidate,explicit_common_or_ADS_or_registered_voting_share,DouYu International Holdings Limited - American Depositary Shares
DPRO,retained_exact_CIK_coverage_changed,,1786286,candidate,explicit_common_or_ADS_or_registered_voting_share,Draganfly Inc. - Common Shares
DPU,retained_exact_CIK_coverage_changed,,1938865,candidate,explicit_common_or_ADS_or_registered_voting_share,Top KingWin Ltd - Class A Ordinary Shares
DQ,added_to_registered_watch_pool,,1477641,candidate,explicit_common_or_ADS_or_registered_voting_share,"DAQO New Energy Corp. American Depositary Shares, each representing five ordinary shares"
DRD,added_to_registered_watch_pool,,1023512,candidate,explicit_common_or_ADS_or_registered_voting_share,DRDGOLD Limited American Depositary Shares
DRH,retained_exact_CIK_coverage_changed,,1298946,candidate,explicit_common_or_ADS_or_registered_voting_share,Diamondrock Hospitality Company - Common Stock
DRK,retained_exact_CIK_coverage_changed,,1591956,candidate,explicit_common_or_ADS_or_registered_voting_share,DarkHorse Technologies Inc. - Common Shares
DRTS,retained_exact_CIK_coverage_changed,,1871321,candidate,explicit_common_or_ADS_or_registered_voting_share,Alpha Tau Medical Ltd. - Ordinary Shares
DRUG,retained_exact_CIK_coverage_changed,,1827401,candidate,explicit_common_or_ADS_or_registered_voting_share,Bright Minds Biosciences Inc. - common stock
DSC,added_to_registered_watch_pool,,1966041,candidate,explicit_common_or_ADS_or_registered_voting_share,DSC Holdings Ltd. - American Depositary Shares
DSGX,retained_exact_CIK_coverage_changed,,1050140,candidate,explicit_common_or_ADS_or_registered_voting_share,The Descartes Systems Group Inc. - Common Stock
DSU,removed_explicit_non_equity,,,excluded,investment_fund_or_note,"Blackrock Debt Strategies Fund, Inc. Common Stock"
DSWL,retained_exact_CIK_coverage_changed,,946936,candidate,explicit_common_or_ADS_or_registered_voting_share,"Deswell Industries, Inc. - Common Shares"
DSY,retained_exact_CIK_coverage_changed,,1999297,candidate,explicit_common_or_ADS_or_registered_voting_share,Big Tree Cloud Holdings Limited - Class A Ordinary Shares
DTE,retained_exact_CIK_coverage_changed,,936340,candidate,explicit_common_or_ADS_or_registered_voting_share,DTE Energy Company Common Stock
DTF,removed_explicit_non_equity,,,excluded,investment_fund_or_note,DTF Tax-Free Income 2028 Term Fund Inc. Common Stock
DTM,retained_exact_CIK_coverage_changed,,1842022,candidate,explicit_common_or_ADS_or_registered_voting_share,"DT Midstream, Inc. Common Stock "
DUK,retained_exact_CIK_coverage_changed,,1326160,candidate,explicit_common_or_ADS_or_registered_voting_share,Duke Energy Corporation (Holding Company) Common Stock
DUO,retained_exact_CIK_coverage_changed,,1750593,candidate,explicit_common_or_ADS_or_registered_voting_share,Fangdd Network Group Ltd. - Class A Ordinary Shares
DVN,retained_exact_CIK_coverage_changed,,1090012,candidate,explicit_common_or_ADS_or_registered_voting_share,Devon Energy Corporation Common Stock
DXC,retained_exact_CIK_coverage_changed,,1688568,candidate,explicit_common_or_ADS_or_registered_voting_share,DXC Technology Company Common Stock 
DXF,added_to_registered_watch_pool,,1499494,candidate,explicit_common_or_ADS_or_registered_voting_share,"Eason Technology Limited American Depositary Shares (each representing sixty-thousand (60,000) Ordinary Shares)"
DXST,retained_exact_CIK_coverage_changed,,1958133,candidate,explicit_common_or_ADS_or_registered_voting_share,Decent Holding Inc. - Class A Ordinary Shares
DXYZ,retained_exact_CIK_coverage_changed,,1843974,candidate,explicit_common_or_ADS_or_registered_voting_share,Destiny Tech100 Inc. Common Stock
E,retained_exact_CIK_coverage_changed,,1002242,candidate,explicit_common_or_ADS_or_registered_voting_share,ENI S.p.A. Common Stock
EARN,added_to_registered_watch_pool,,1560672,candidate,explicit_common_or_ADS_or_registered_voting_share,Ellington Credit Company Common Shares of Beneficial Interest
EBON,retained_exact_CIK_coverage_changed,,1799290,candidate,explicit_common_or_ADS_or_registered_voting_share,Ebang International Holdings Inc. - Class A Ordinary Shares
EC,added_to_registered_watch_pool,,1444406,candidate,explicit_common_or_ADS_or_registered_voting_share,Ecopetrol S.A. American Depositary Shares
ECAT,added_to_registered_watch_pool,,1864843,candidate,explicit_common_or_ADS_or_registered_voting_share,BlackRock ESG Capital Allocation Term Trust Common Shares of Beneficial Interest
ECBK,retained_exact_CIK_coverage_changed,,1914605,candidate,explicit_common_or_ADS_or_registered_voting_share,"ECB Bancorp, Inc. - Common Stock"
ECC,added_to_registered_watch_pool,,1604174,candidate,explicit_common_or_ADS_or_registered_voting_share,Eagle Point Credit Company Common Share of Beneficial Interest
ECO,retained_exact_CIK_coverage_changed,,1964954,candidate,explicit_common_or_ADS_or_registered_voting_share,Okeanis Eco Tankers Corp. Common Stock
ECX,retained_exact_CIK_coverage_changed,,1861974,candidate,explicit_common_or_ADS_or_registered_voting_share,ECARX Holdings Inc. - Class A Ordinary shares
ED,retained_exact_CIK_coverage_changed,23632,1047862,candidate,explicit_common_or_ADS_or_registered_voting_share,"Consolidated Edison, Inc. Common Stock"
EDD,removed_explicit_non_equity,,,excluded,investment_fund_or_note,"Morgan Stanley Emerging Markets Domestic Debt Fund, Inc. Common Stock"
EDHL,retained_exact_CIK_coverage_changed,,2024876,candidate,explicit_common_or_ADS_or_registered_voting_share,Everbright Digital Holding Limited - Ordinary Shares
EDN,added_to_registered_watch_pool,,1395213,candidate,explicit_common_or_ADS_or_registered_voting_share,Empresa Distribuidora Y Comercializadora Norte S.A. (Edenor) American Depositary Shares
EDRY,retained_exact_CIK_coverage_changed,,1731388,candidate,explicit_common_or_ADS_or_registered_voting_share,EuroDry Ltd. - Common Shares
EDTK,retained_exact_CIK_coverage_changed,,1782309,candidate,explicit_common_or_ADS_or_registered_voting_share,Skillful Craftsman Education Technology Limited - Ordinary Share
EDU,retained_exact_CIK_coverage_changed,,1372920,candidate,explicit_common_or_ADS_or_registered_voting_share,"New Oriental Education & Technology Group, Inc. Sponsored ADR representing 10 Ordinary Share (Cayman Islands)"
EDVA,retained_exact_CIK_coverage_changed,,1553788,candidate,explicit_common_or_ADS_or_registered_voting_share,"Endovia Health Sciences, Inc. Common Stock"
EEA,removed_explicit_non_equity,,,excluded,investment_fund_or_note,"The European Equity Fund, Inc. Common Stock"
EEIQ,retained_exact_CIK_coverage_changed,,1781397,candidate,explicit_common_or_ADS_or_registered_voting_share,EpicQuest Education Group International Limited - Common Stock
EFC,retained_exact_CIK_coverage_changed,,1411342,candidate,explicit_common_or_ADS_or_registered_voting_share,Ellington Financial Inc. Common Stock 
EFOI,retained_exact_CIK_coverage_changed,,924168,candidate,explicit_common_or_ADS_or_registered_voting_share,"Energy Focus, Inc. - Common Stock"
EFSC,retained_exact_CIK_coverage_changed,,1025835,candidate,explicit_common_or_ADS_or_registered_voting_share,Enterprise Financial Services Corporation - Common Stock
EFT,added_to_registered_watch_pool,,1288992,candidate,explicit_common_or_ADS_or_registered_voting_share,Eaton Vance Floating Rate Income Trust Common Shares of Beneficial Interest
EFTY,retained_exact_CIK_coverage_changed,,2058349,candidate,explicit_common_or_ADS_or_registered_voting_share,"Etoiles Capital Group Co., Ltd. - Class A Ordinary Shares"
EFXT,retained_exact_CIK_coverage_changed,,1904856,candidate,explicit_common_or_ADS_or_registered_voting_share,Enerflex Ltd Common Shares
EGG,retained_exact_CIK_coverage_changed,,1982961,candidate,explicit_common_or_ADS_or_registered_voting_share,Enigmatig Limited Class A Ordinary Shares
EGO,retained_exact_CIK_coverage_changed,,918608,candidate,explicit_common_or_ADS_or_registered_voting_share,Eldorado Gold Corporation Ordinary Shares
EGY,retained_exact_CIK_coverage_changed,,894627,candidate,explicit_common_or_ADS_or_registered_voting_share,"VAALCO Energy, Inc.  Common Stock"
EH,added_to_registered_watch_pool,,1759783,candidate,explicit_common_or_ADS_or_registered_voting_share,EHang Holdings Limited - ADS
EHGO,retained_exact_CIK_coverage_changed,,1879754,candidate,explicit_common_or_ADS_or_registered_voting_share,Eshallgo Inc. - Class A Ordinary Shares
EHI,removed_explicit_non_equity,,,excluded,investment_fund_or_note,Western Asset Global High Income Fund Inc Common Stock
EHLD,retained_exact_CIK_coverage_changed,,2032779,candidate,explicit_common_or_ADS_or_registered_voting_share,Euroholdings Ltd. - Common Stock
EIC,added_to_registered_watch_pool,,1754836,candidate,explicit_common_or_ADS_or_registered_voting_share,Eagle Point Income Company Common Shares of Beneficial Interest
EIX,retained_exact_CIK_coverage_changed,92103,827052,candidate,explicit_common_or_ADS_or_registered_voting_share,Edison International Common Stock
EJH,retained_exact_CIK_coverage_changed,,1769768,candidate,explicit_common_or_ADS_or_registered_voting_share,E-Home Household Service Holdings Limited - Ordinary shares
EL,retained_exact_CIK_coverage_changed,,1001250,candidate,explicit_common_or_ADS_or_registered_voting_share,"Estee Lauder Companies, Inc. (The) Common Stock"
ELBM,retained_exact_CIK_coverage_changed,,1907184,candidate,explicit_common_or_ADS_or_registered_voting_share,Electra Battery Materials Corporation - Common Stock
ELE,retained_exact_CIK_coverage_changed,,2086771,candidate,explicit_common_or_ADS_or_registered_voting_share,Elemental Royalty Corporation - Common Stock
ELLO,retained_exact_CIK_coverage_changed,,946394,candidate,explicit_common_or_ADS_or_registered_voting_share,Ellomay Capital Ltd Ordinary Shares (Israel)
ELOG,retained_exact_CIK_coverage_changed,,2013320,candidate,explicit_common_or_ADS_or_registered_voting_share,Eastern International Ltd. - Ordinary Shares
ELPC,added_to_registered_watch_pool,,1041792,candidate,explicit_common_or_ADS_or_registered_voting_share,Companhia Paranaense de Energia (COPEL) American Depositary Shares (each representing four (4) Common Shares)
ELPW,retained_exact_CIK_coverage_changed,,2015691,candidate,explicit_common_or_ADS_or_registered_voting_share,Elong Power Holding Limited - Class A Ordinary Shares
ELTK,retained_exact_CIK_coverage_changed,,1024672,candidate,explicit_common_or_ADS_or_registered_voting_share,Eltek Ltd. - Ordinary Shares
ELVA,retained_exact_CIK_coverage_changed,,1844450,candidate,explicit_common_or_ADS_or_registered_voting_share,Electrovaya Inc. - Common Shares
ELVR,retained_exact_CIK_coverage_changed,,1739016,candidate,explicit_common_or_ADS_or_registered_voting_share,Elevra Lithium Limited - American Depository Shares
EMA,retained_exact_CIK_coverage_changed,,1127248,candidate,explicit_common_or_ADS_or_registered_voting_share,Emera Incorporated Common Shares
EMBJ,retained_exact_CIK_coverage_changed,,1355444,candidate,explicit_common_or_ADS_or_registered_voting_share,Embraer S.A. Common Stock
EMD,removed_explicit_non_equity,,,excluded,investment_fund_or_note,Western Asset Emerging Markets Debt Fund Inc Common Stock
EMF,removed_explicit_non_equity,,,excluded,investment_fund_or_note,Templeton Emerging Markets Fund Common Stock
EML,retained_exact_CIK_coverage_changed,,31107,candidate,explicit_common_or_ADS_or_registered_voting_share,Eastern Company (The) - Common Stock
EMN,retained_exact_CIK_coverage_changed,,915389,candidate,explicit_common_or_ADS_or_registered_voting_share,Eastman Chemical Company Common Stock
EMO,removed_explicit_non_equity,,,excluded,investment_fund_or_note,ClearBridge Energy Midstream Opportunity Fund Inc. Common Stock
EMR,retained_exact_CIK_coverage_changed,,32604,candidate,explicit_common_or_ADS_or_registered_voting_share,Emerson Electric Company Common Stock
ENB,retained_exact_CIK_coverage_changed,,895728,candidate,explicit_common_or_ADS_or_registered_voting_share,Enbridge Inc Common Stock
ENGS,retained_exact_CIK_coverage_changed,,1971828,candidate,explicit_common_or_ADS_or_registered_voting_share,Energys Group Limited - Ordinary Shares
ENIC,added_to_registered_watch_pool,,1659939,candidate,explicit_common_or_ADS_or_registered_voting_share,Enel Chile S.A. American Depositary Shares (Each representing 50 shares of Common Stock)
ENLT,retained_exact_CIK_coverage_changed,,1922641,candidate,explicit_common_or_ADS_or_registered_voting_share,Enlight Renewable Energy Ltd. - Ordinary Shares
ENLV,retained_exact_CIK_coverage_changed,,1596812,candidate,explicit_common_or_ADS_or_registered_voting_share,Enlivex Ltd. - Ordinary Shares
ENOV,retained_exact_CIK_coverage_changed,,1420800,candidate,explicit_common_or_ADS_or_registered_voting_share,Enovis Corporation Common Stock
ENRD,added_to_registered_watch_pool,,2095096,candidate,explicit_common_or_ADS_or_registered_voting_share,Einride AB - American Depositary Shares
ENSG,retained_exact_CIK_coverage_changed,,1125376,candidate,explicit_common_or_ADS_or_registered_voting_share,"The Ensign Group, Inc. - Common Stock"
EOCN,retained_exact_CIK_coverage_changed,,1595353,candidate,explicit_common_or_ADS_or_registered_voting_share,Eocene Ltd. - Ordinary Shares
EONR,retained_exact_CIK_coverage_changed,,1842556,candidate,explicit_common_or_ADS_or_registered_voting_share,EON Resources Inc. Class A Common Stock
EOS,removed_explicit_non_equity,,,excluded,investment_fund_or_note,Eaton Vance Enhance Equity Income Fund II Common Stock
EOT,added_to_registered_watch_pool,,1454741,review,SEC_listed_ticker_security_description_requires_review,Eaton Vance Municipal Income Trust EATON VANCE NATIONAL MUNICIPAL OPPORTUNITIES TRUST
EPM,retained_exact_CIK_coverage_changed,,1006655,candidate,explicit_common_or_ADS_or_registered_voting_share,"Evolution Petroleum Corporation, Inc. Common Stock"
EPOW,retained_exact_CIK_coverage_changed,,1780731,candidate,explicit_common_or_ADS_or_registered_voting_share,E-Power Inc. - Class A Ordinary Shares
EPRX,retained_exact_CIK_coverage_changed,,1581178,candidate,explicit_common_or_ADS_or_registered_voting_share,Eupraxia Pharmaceuticals Inc. - Common Stock
EPSM,retained_exact_CIK_coverage_changed,,1883437,candidate,explicit_common_or_ADS_or_registered_voting_share,Epsium Enterprise Limited - Class A Ordinary Shares
EQNR,added_to_registered_watch_pool,,1140625,review,SEC_listed_ticker_security_description_requires_review,Equinor ASA
EQS,retained_exact_CIK_coverage_changed,,878932,candidate,explicit_common_or_ADS_or_registered_voting_share,"Equus Total Return, Inc. Common Stock"
EQX,retained_exact_CIK_coverage_changed,,1756607,candidate,explicit_common_or_ADS_or_registered_voting_share,Equinox Gold Corp. Common Shares
ERC,removed_explicit_non_equity,,,excluded,investment_fund_or_note,Allspring Multi-Sector Income Fund Common Stock
ERIC,added_to_registered_watch_pool,,717826,candidate,explicit_common_or_ADS_or_registered_voting_share,Ericsson - American Depositary Shares each representing 1 underlying Class B share
ERO,retained_exact_CIK_coverage_changed,,1853860,candidate,explicit_common_or_ADS_or_registered_voting_share,Ero Copper Corp. Common Shares
EROK,added_to_registered_watch_pool,,2104882,candidate,explicit_common_or_ADS_or_registered_voting_share,"EagleRock Land, LLC Class A shares representing limited liability company interests"
ES,retained_exact_CIK_coverage_changed,,72741,candidate,explicit_common_or_ADS_or_registered_voting_share,Eversource Energy (D/B/A) Common Stock
ESEA,retained_exact_CIK_coverage_changed,,1341170,candidate,explicit_common_or_ADS_or_registered_voting_share,Euroseas Ltd. - Common Stock
ESLT,retained_exact_CIK_coverage_changed,,1027664,candidate,explicit_common_or_ADS_or_registered_voting_share,Elbit Systems Ltd. - Ordinary Shares
ESOA,retained_exact_CIK_coverage_changed,,1357971,candidate,explicit_common_or_ADS_or_registered_voting_share,Energy Services of America Corporation - Common Stock
ESYN,retained_exact_CIK_coverage_changed,,1897245,candidate,explicit_common_or_ADS_or_registered_voting_share,EnerSyn Global Inc. - Common Stock
ETO,retained_exact_CIK_coverage_changed,,1281926,candidate,explicit_common_or_ADS_or_registered_voting_share,Eaton Vance Tax-Advantage Global Dividend Opp Common Stock
ETOR,retained_exact_CIK_coverage_changed,,1493318,candidate,explicit_common_or_ADS_or_registered_voting_share,eToro Group Ltd. - Class A Common Shares
ETR,retained_exact_CIK_coverage_changed,7323,65984,candidate,explicit_common_or_ADS_or_registered_voting_share,Entergy Corporation Common Stock
ETRA,retained_exact_CIK_coverage_changed,,2088082,candidate,explicit_common_or_ADS_or_registered_voting_share,"Electra Therapeutics, Inc. - Common stock"
ETX,added_to_registered_watch_pool,,1563696,candidate,explicit_common_or_ADS_or_registered_voting_share,Eaton Vance Municipal Income 2028 Term Trust Common Shares of Beneficial Interest
EUDA,retained_exact_CIK_coverage_changed,,1847846,candidate,explicit_common_or_ADS_or_registered_voting_share,Euda Health Holdings Limited - Ordinary Shares
EVAX,retained_exact_CIK_coverage_changed,,1828253,candidate,explicit_common_or_ADS_or_registered_voting_share,Evaxion A/S - American Depositary Share
EVF,retained_exact_CIK_coverage_changed,,1070732,candidate,explicit_common_or_ADS_or_registered_voting_share,Eaton Vance Senior Income Trust Common Stock
EVGN,retained_exact_CIK_coverage_changed,,1574565,candidate,explicit_common_or_ADS_or_registered_voting_share,Evogene Ltd. - Ordinary Shares
EVN,retained_exact_CIK_coverage_changed,,1074540,candidate,explicit_common_or_ADS_or_registered_voting_share,Eaton Vance Municipal Income Trust Common Stock
EVO,added_to_registered_watch_pool,,1412558,candidate,explicit_common_or_ADS_or_registered_voting_share,Evotec SE - American Depositary Shares each representing 1/2 of one ordinary share
EVRG,retained_exact_CIK_coverage_changed,54507,1711269,candidate,explicit_common_or_ADS_or_registered_voting_share,"Evergy, Inc. - Common Stock"
EVTL,retained_exact_CIK_coverage_changed,,1867102,candidate,explicit_common_or_ADS_or_registered_voting_share,Vertical Aerospace Ltd. Ordinary Shares
EXC,retained_exact_CIK_coverage_changed,27879,1109357,candidate,explicit_common_or_ADS_or_registered_voting_share,Exelon Corporation - Common Stock
EXK,retained_exact_CIK_coverage_changed,,1277866,candidate,explicit_common_or_ADS_or_registered_voting_share,Endeavour Silver Corporation Ordinary Shares (Canada)
EZGO,retained_exact_CIK_coverage_changed,,1806904,candidate,explicit_common_or_ADS_or_registered_voting_share,EZGO Technologies Ltd. - Ordinary Shares
F,retained_exact_CIK_coverage_changed,,37996,candidate,explicit_common_or_ADS_or_registered_voting_share,Ford Motor Company Common Stock
FAF,retained_exact_CIK_coverage_changed,,1472787,candidate,explicit_common_or_ADS_or_registered_voting_share,First American Corporation (New) Common Stock
FAMI,retained_exact_CIK_coverage_changed,,1701261,candidate,explicit_common_or_ADS_or_registered_voting_share,"Farmmi, Inc. - Class A Ordinary Shares"
FAST,retained_exact_CIK_coverage_changed,,815556,candidate,explicit_common_or_ADS_or_registered_voting_share,Fastenal Company - Common Stock
FATN,retained_exact_CIK_coverage_changed,,1993400,candidate,explicit_common_or_ADS_or_registered_voting_share,"FatPipe, Inc. - common stock"
FAX,removed_explicit_non_equity,,,excluded,investment_fund_or_note,"abrdn Asia-Pacific Income Fund, Inc. Common Stock"
FBGL,retained_exact_CIK_coverage_changed,,1938534,candidate,explicit_common_or_ADS_or_registered_voting_share,FBS Global Limited - Ordinary Shares
FBNC,retained_exact_CIK_coverage_changed,,811589,candidate,explicit_common_or_ADS_or_registered_voting_share,First Bancorp - Common Stock
FBP,retained_exact_CIK_coverage_changed,,1057706,candidate,explicit_common_or_ADS_or_registered_voting_share,First BanCorp. New Common Stock
FC,retained_exact_CIK_coverage_changed,,886206,candidate,explicit_common_or_ADS_or_registered_voting_share,Franklin Covey Company Common Stock
FCBC,retained_exact_CIK_coverage_changed,,859070,candidate,explicit_common_or_ADS_or_registered_voting_share,"First Community Bankshares, Inc. - Common Stock"
FCF,retained_exact_CIK_coverage_changed,,712537,candidate,explicit_common_or_ADS_or_registered_voting_share,First Commonwealth Financial Corporation Common Stock
FCHL,retained_exact_CIK_coverage_changed,,2023796,candidate,explicit_common_or_ADS_or_registered_voting_share,Fitness Champs Holdings Limited - Ordinary Shares
FCNCA,retained_exact_CIK_coverage_changed,,798941,candidate,explicit_common_or_ADS_or_registered_voting_share,"First Citizens BancShares, Inc. - Class A Common Stock"
FE,retained_exact_CIK_coverage_changed,53456,1031296,candidate,explicit_common_or_ADS_or_registered_voting_share,FirstEnergy Corp. Common Stock
FEBO,retained_exact_CIK_coverage_changed,,1957001,candidate,explicit_common_or_ADS_or_registered_voting_share,Fenbo Holdings Limited - Class A Ordinary Shares
FEDU,added_to_registered_watch_pool,,1709819,candidate,explicit_common_or_ADS_or_registered_voting_share,"Four Seasons Education (Cayman) Inc. American Depositary Shares, each ADS representing 10 ordinary shares"
FENG,added_to_registered_watch_pool,,1509646,candidate,explicit_common_or_ADS_or_registered_voting_share,"Phoenix New Media Limited American Depositary Shares, each representing 48 Class A ordinary shares."
FER,retained_exact_CIK_coverage_changed,,1468522,candidate,explicit_common_or_ADS_or_registered_voting_share,Ferrovial N.V. - Ordinary Shares
FFBC,retained_exact_CIK_coverage_changed,,708955,candidate,explicit_common_or_ADS_or_registered_voting_share,First Financial Bancorp. - Common Stock
FGC,retained_exact_CIK_coverage_changed,,1591890,candidate,explicit_common_or_ADS_or_registered_voting_share,FG Communities Holdings Inc. - Common Stock
FGL,retained_exact_CIK_coverage_changed,,1989930,candidate,explicit_common_or_ADS_or_registered_voting_share,Founder Group Limited - Class A Ordinary Shares
FHN,retained_exact_CIK_coverage_changed,,36966,candidate,explicit_common_or_ADS_or_registered_voting_share,First Horizon Corporation Common Stock
FICO,retained_exact_CIK_coverage_changed,,814547,candidate,explicit_common_or_ADS_or_registered_voting_share,Fair Isaac Corporation Common Stock
FINS,added_to_registered_watch_pool,,1745059,candidate,explicit_common_or_ADS_or_registered_voting_share,Angel Oak Financial Strategies Income Term Trust Common Shares of Beneficial Interest
FINV,added_to_registered_watch_pool,,1691445,candidate,explicit_common_or_ADS_or_registered_voting_share,FinVolution Group American Depositary Shares
FLC,removed_explicit_non_equity,,,excluded,investment_fund_or_note,Flaherty & Crumrine Total Return Fund Inc Common Stock
FLG,retained_exact_CIK_coverage_changed,,910073,candidate,explicit_common_or_ADS_or_registered_voting_share,"Flagstar Bank, N.A. Common Stock"
FLS,retained_exact_CIK_coverage_changed,,30625,candidate,explicit_common_or_ADS_or_registered_voting_share,Flowserve Corporation Common Stock
FLX,added_to_registered_watch_pool,,1858724,candidate,explicit_common_or_ADS_or_registered_voting_share,BingEx Limited - American Depositary Shares
FMAC,retained_exact_CIK_coverage_changed,,2099232,candidate,explicit_common_or_ADS_or_registered_voting_share,Future Money Acquisition Corporation - Ordinary Shares
FMFC,retained_exact_CIK_coverage_changed,,2024656,candidate,explicit_common_or_ADS_or_registered_voting_share,Kandal M Venture Limited - Class A ordinary Shares
FMNB,retained_exact_CIK_coverage_changed,,709337,candidate,explicit_common_or_ADS_or_registered_voting_share,Farmers National Banc Corp. - Common Stock
FMS,added_to_registered_watch_pool,,1333141,candidate,explicit_common_or_ADS_or_registered_voting_share,Fresenius Medical Care AG American Depositary Shares (Each representing 1/2 of an Ordinary Share)
FMST,retained_exact_CIK_coverage_changed,,1935418,candidate,explicit_common_or_ADS_or_registered_voting_share,Foremost Clean Energy Ltd. - Common Shares
FMX,retained_exact_CIK_coverage_changed,,1061736,candidate,explicit_common_or_ADS_or_registered_voting_share,Fomento Economico Mexicano S.A.B. de C.V. Common Stock
FNB,retained_exact_CIK_coverage_changed,,37808,candidate,explicit_common_or_ADS_or_registered_voting_share,F.N.B. Corporation Common Stock
FNLC,retained_exact_CIK_coverage_changed,,765207,candidate,explicit_common_or_ADS_or_registered_voting_share,"First Bancorp, Inc (ME) - Common Stock"
FNUC,retained_exact_CIK_coverage_changed,,1769697,candidate,explicit_common_or_ADS_or_registered_voting_share,Frontier Nuclear and Minerals Inc. - Common Shares
FNV,added_to_registered_watch_pool,,1456346,review,SEC_listed_ticker_security_description_requires_review,Franco-Nevada Corporation
FOCL,added_to_registered_watch_pool,,1041934,candidate,explicit_common_or_ADS_or_registered_voting_share,"EDAP TMS S.A. - American Depositary Shares, each representing One Ordinary Share"
FOF,removed_explicit_non_equity,,,excluded,investment_fund_or_note,"Cohen & Steers Closed-End Opportunity Fund, Inc. Common Stock"
FOFO,retained_exact_CIK_coverage_changed,,2060083,candidate,explicit_common_or_ADS_or_registered_voting_share,"Hang Feng Technology Innovation Co., Ltd. - Ordinary Shares"
FOIL,added_to_registered_watch_pool,,2006960,candidate,explicit_common_or_ADS_or_registered_voting_share,"Londian Wason New Energy Tech Inc. American Depositary Shares, each representing five Ordinary Shares"
FOR,retained_exact_CIK_coverage_changed,,1406587,candidate,explicit_common_or_ADS_or_registered_voting_share,Forestar Group Inc Common Stock 
FORTY,added_to_registered_watch_pool,,1045986,candidate,explicit_common_or_ADS_or_registered_voting_share,Formula Systems (1985) Ltd. - American Depositary Shares
FRA,removed_explicit_non_equity,,,excluded,investment_fund_or_note,Blackrock Floating Rate Income Strategies Fund Inc  Common Stock
FRGT,retained_exact_CIK_coverage_changed,,1687542,candidate,explicit_common_or_ADS_or_registered_voting_share,"Freight Technologies, Inc. - Ordinary Shares"
FRME,retained_exact_CIK_coverage_changed,,712534,candidate,explicit_common_or_ADS_or_registered_voting_share,First Merchants Corporation - Common Stock
FRO,retained_exact_CIK_coverage_changed,,913290,candidate,explicit_common_or_ADS_or_registered_voting_share,Frontline Plc Ordinary Shares
FRSX,added_to_registered_watch_pool,,1691221,candidate,explicit_common_or_ADS_or_registered_voting_share,Foresight Autonomous Holdings Ltd. - American Depositary Shares
FRT,retained_exact_CIK_coverage_changed,1901876,34903,candidate,explicit_common_or_ADS_or_registered_voting_share,Federal Realty Investment Trust Common Stock
FRTT,retained_exact_CIK_coverage_changed,,2092967,candidate,explicit_common_or_ADS_or_registered_voting_share,Fort Technology Inc. - Common Shares
FRVO,retained_exact_CIK_coverage_changed,,1853868,candidate,explicit_common_or_ADS_or_registered_voting_share,Fervo Energy Company - Class A common stock
FSCO,retained_exact_CIK_coverage_changed,,1568194,candidate,explicit_common_or_ADS_or_registered_voting_share,FS Credit Opportunities Corp. Common Stock
FSHP,retained_exact_CIK_coverage_changed,,1850059,candidate,explicit_common_or_ADS_or_registered_voting_share,Flag Ship Acquisition Corp. - Ordinary Shares
FSI,retained_exact_CIK_coverage_changed,,1069394,candidate,explicit_common_or_ADS_or_registered_voting_share,Flexible Solutions International Inc. Common Stock (CDA)
FSM,retained_exact_CIK_coverage_changed,,1341335,candidate,explicit_common_or_ADS_or_registered_voting_share,Fortuna Mining Corp. Common Shares
FSV,retained_exact_CIK_coverage_changed,,1637810,candidate,explicit_common_or_ADS_or_registered_voting_share,FirstService Corporation - Common Shares
FT,retained_exact_CIK_coverage_changed,,833040,candidate,explicit_common_or_ADS_or_registered_voting_share,Franklin Universal Trust Common Stock
FTF,added_to_registered_watch_pool,,1233087,candidate,explicit_common_or_ADS_or_registered_voting_share,Franklin Limited Duration Income Trust Common Shares of Beneficial Interest
FTHY,removed_explicit_non_equity,,,excluded,investment_fund_or_note,First Trust High Yield Opportunities 2027 Term Fund Common Stock
FTI,retained_exact_CIK_coverage_changed,,1681459,candidate,explicit_common_or_ADS_or_registered_voting_share,TechnipFMC plc Ordinary Share
FTK,retained_exact_CIK_coverage_changed,,928054,candidate,explicit_common_or_ADS_or_registered_voting_share,"Flotek Industries, Inc. Common Stock"
FTS,retained_exact_CIK_coverage_changed,,1666175,candidate,explicit_common_or_ADS_or_registered_voting_share,Fortis Inc. Common Shares
FTV,retained_exact_CIK_coverage_changed,,1659166,candidate,explicit_common_or_ADS_or_registered_voting_share,Fortive Corporation Common Stock 
FTW,retained_exact_CIK_coverage_changed,,2083125,candidate,explicit_common_or_ADS_or_registered_voting_share,Presidio Production Company Class A Common Stock
FUFU,retained_exact_CIK_coverage_changed,,1921158,candidate,explicit_common_or_ADS_or_registered_voting_share,BitFuFu Inc. - Class A Ordinary Shares
FUL,retained_exact_CIK_coverage_changed,,39368,candidate,explicit_common_or_ADS_or_registered_voting_share,H. B. Fuller Company Common Stock
FULT,retained_exact_CIK_coverage_changed,,700564,candidate,explicit_common_or_ADS_or_registered_voting_share,Fulton Financial Corporation - Common Stock
FUN,retained_exact_CIK_coverage_changed,,1999001,candidate,explicit_common_or_ADS_or_registered_voting_share,Six Flags Entertainment Corporation Common Stock New
FURY,retained_exact_CIK_coverage_changed,,1514597,candidate,explicit_common_or_ADS_or_registered_voting_share,Fury Gold Mines Limited Common Shares
FUTU,added_to_registered_watch_pool,,1754581,candidate,explicit_common_or_ADS_or_registered_voting_share,Futu Holdings Limited - American Depositary Shares
FVN,retained_exact_CIK_coverage_changed,,2010653,candidate,explicit_common_or_ADS_or_registered_voting_share,Future Vision II Acquisition Corporation - Ordinary Shares
FVRR,retained_exact_CIK_coverage_changed,,1762301,candidate,explicit_common_or_ADS_or_registered_voting_share,"Fiverr International Ltd. Ordinary Shares, no par value"
FXHO,retained_exact_CIK_coverage_changed,,1789299,candidate,explicit_common_or_ADS_or_registered_voting_share,UTime Limited - Class A Ordinary Shares
FXNC,retained_exact_CIK_coverage_changed,,719402,candidate,explicit_common_or_ADS_or_registered_voting_share,First National Corporation - Common Stock
GAB,retained_exact_CIK_coverage_changed,,794685,candidate,explicit_common_or_ADS_or_registered_voting_share,"Gabelli Equity Trust, Inc. (The) Common Stock"
GAIN,added_to_registered_watch_pool,,1321741,review,SEC_listed_ticker_security_description_requires_review,Gladstone Investment Corporation - Business Development Company
GAM,retained_exact_CIK_coverage_changed,,40417,candidate,explicit_common_or_ADS_or_registered_voting_share,"General American Investors, Inc. Common Stock"
GAP,retained_exact_CIK_coverage_changed,,39911,candidate,explicit_common_or_ADS_or_registered_voting_share,"Gap, Inc. (The) Common Stock"
GASS,retained_exact_CIK_coverage_changed,,1328919,candidate,explicit_common_or_ADS_or_registered_voting_share,"StealthGas, Inc. - common stock"
GAU,added_to_registered_watch_pool,,1377757,review,SEC_listed_ticker_security_description_requires_review,Galiano Gold Inc.
GAUZ,retained_exact_CIK_coverage_changed,,1781446,candidate,explicit_common_or_ADS_or_registered_voting_share,Gauzy Ltd. - Ordinary Shares
GBX,retained_exact_CIK_coverage_changed,,923120,candidate,explicit_common_or_ADS_or_registered_voting_share,"Greenbrier Companies, Inc. (The) Common Stock"
GCDT,retained_exact_CIK_coverage_changed,,1926293,candidate,explicit_common_or_ADS_or_registered_voting_share,Green Circle Decarbonize Technology Limited Class A Ordinary Shares
GCL,retained_exact_CIK_coverage_changed,,2002045,candidate,explicit_common_or_ADS_or_registered_voting_share,GCL Global Holdings Ltd - Ordinary Shares
GCV,removed_explicit_non_equity,,,excluded,investment_fund_or_note,"Gabelli Convertible and Income Securities Fund, Inc. (The) Common Stock"
GDEV,retained_exact_CIK_coverage_changed,,1848739,candidate,explicit_common_or_ADS_or_registered_voting_share,GDEV Inc. - Ordinary Shares
GDHG,retained_exact_CIK_coverage_changed,,1928340,candidate,explicit_common_or_ADS_or_registered_voting_share,Golden Heaven Group Holdings Ltd.  - Class A Ordinary Shares
GDO,removed_explicit_non_equity,,,excluded,investment_fund_or_note,Western Asset Global Corporate Opportunity Fund Inc. Common Stock
GDOT,retained_exact_CIK_coverage_changed,,1386278,candidate,explicit_common_or_ADS_or_registered_voting_share,"Green Dot Corporation Class A Common Stock, $0.001 par value"
GDS,added_to_registered_watch_pool,,1526125,candidate,explicit_common_or_ADS_or_registered_voting_share,GDS Holdings Limited - American Depositary Shares
GDTC,retained_exact_CIK_coverage_changed,,1873093,candidate,explicit_common_or_ADS_or_registered_voting_share,CytoMed Therapeutics Limited - Ordinary Shares
GDV,added_to_registered_watch_pool,,1260729,candidate,explicit_common_or_ADS_or_registered_voting_share,Gabelli Dividend & Income Trust Common Shares of Beneficial Interest
GE,retained_exact_CIK_coverage_changed,,40545,candidate,explicit_common_or_ADS_or_registered_voting_share,GE Aerospace Common Stock
GEF.B,retained_exact_CIK_coverage_changed,,43920,candidate,explicit_common_or_ADS_or_registered_voting_share,"Greif, Inc. Corporation Class B Common Stock"
GELS,retained_exact_CIK_coverage_changed,,1920092,candidate,explicit_common_or_ADS_or_registered_voting_share,Gelteq Limited - Ordinary Shares
GENI,retained_exact_CIK_coverage_changed,,1834489,candidate,explicit_common_or_ADS_or_registered_voting_share,Genius Sports Limited Ordinary Shares
GEO,added_to_registered_watch_pool,,923796,review,SEC_listed_ticker_security_description_requires_review,Geo Group Inc (The) REIT
GEOS,retained_exact_CIK_coverage_changed,,1001115,candidate,explicit_common_or_ADS_or_registered_voting_share,Geospace Technologies Corporation - Common Stock
GF,removed_explicit_non_equity,,,excluded,investment_fund_or_note,"New Germany Fund, Inc. (The) Common Stock"
GFAI,retained_exact_CIK_coverage_changed,,1804469,candidate,explicit_common_or_ADS_or_registered_voting_share,"Guardforce AI Co., Limited - Ordinary Shares"
GFI,added_to_registered_watch_pool,,1172724,candidate,explicit_common_or_ADS_or_registered_voting_share,Gold Fields Limited American Depositary Shares
GFL,added_to_registered_watch_pool,,1780232,candidate,explicit_common_or_ADS_or_registered_voting_share,"GFL Environmental Inc. Subordinate voting shares, no par value"
GFR,retained_exact_CIK_coverage_changed,,1966287,candidate,explicit_common_or_ADS_or_registered_voting_share,Greenfire Resources Ltd. Common Shares
GFS,retained_exact_CIK_coverage_changed,,1709048,candidate,explicit_common_or_ADS_or_registered_voting_share,GlobalFoundries Inc. - Ordinary Share
GGAL,added_to_registered_watch_pool,,1114700,candidate,explicit_common_or_ADS_or_registered_voting_share,"Grupo Financiero Galicia S.A. - American Depositary Shares, Class B Shares underlying"
GGB,retained_exact_CIK_coverage_changed,,1073404,candidate,explicit_common_or_ADS_or_registered_voting_share,Gerdau S.A. Common Stock
GGN,added_to_registered_watch_pool,,1313510,review,SEC_listed_ticker_security_description_requires_review,"GAMCO Global Gold, Natural Resources & Income Trust"
GGR,retained_exact_CIK_coverage_changed,,1886190,candidate,explicit_common_or_ADS_or_registered_voting_share,Gogoro Inc. - Ordinary Shares
GGT,retained_exact_CIK_coverage_changed,,921671,candidate,explicit_common_or_ADS_or_registered_voting_share,"Gabelli Multi-Media Trust, Inc. (The) Common Stock"
GGZ,added_to_registered_watch_pool,,1585855,candidate,explicit_common_or_ADS_or_registered_voting_share,Gabelli Global Small and Mid Cap Value Trust (The) Common Shares of Beneficial Interest
GHC,retained_exact_CIK_coverage_changed,,104889,candidate,explicit_common_or_ADS_or_registered_voting_share,Graham Holdings Company Common Stock
GHG,added_to_registered_watch_pool,,1724755,candidate,explicit_common_or_ADS_or_registered_voting_share,"GreenTree Hospitality Group Ltd. American depositary shares, each representing one Class A ordinary share"
GHRS,retained_exact_CIK_coverage_changed,,1855129,candidate,explicit_common_or_ADS_or_registered_voting_share,GH Research PLC - Ordinary Shares
GIB,retained_exact_CIK_coverage_changed,,1061574,candidate,explicit_common_or_ADS_or_registered_voting_share,CGI Inc. Common Stock
GIBO,retained_exact_CIK_coverage_changed,,2034520,candidate,explicit_common_or_ADS_or_registered_voting_share,GIBO Holdings Limited - Class A Ordinary Shares
GIGM,retained_exact_CIK_coverage_changed,,1105101,candidate,explicit_common_or_ADS_or_registered_voting_share,GigaMedia Limited - Ordinary Shares
GIII,retained_exact_CIK_coverage_changed,,821002,candidate,explicit_common_or_ADS_or_registered_voting_share,"G-III Apparel Group, LTD. - Common Stock"
GIL,retained_exact_CIK_coverage_changed,,1061894,candidate,explicit_common_or_ADS_or_registered_voting_share,"Gildan Activewear, Inc. Class A Sub. Vot. Common Stock"
GILT,retained_exact_CIK_coverage_changed,,897322,candidate,explicit_common_or_ADS_or_registered_voting_share,Gilat Satellite Networks Ltd. - Ordinary Shares
GIXI,retained_exact_CIK_coverage_changed,,1782265,candidate,explicit_common_or_ADS_or_registered_voting_share,Gix Internet Ltd. - Ordinary Shares
GKOS,retained_exact_CIK_coverage_changed,,1192448,candidate,explicit_common_or_ADS_or_registered_voting_share,Glaukos Corporation Common Stock
GLAS,added_to_registered_watch_pool,,1848731,candidate,explicit_common_or_ADS_or_registered_voting_share,Glass House Brands Inc. Subordinate Voting Shares
GLBE,retained_exact_CIK_coverage_changed,,1835963,candidate,explicit_common_or_ADS_or_registered_voting_share,Global-E Online Ltd. - ordinary shares
GLBS,retained_exact_CIK_coverage_changed,,1499780,candidate,explicit_common_or_ADS_or_registered_voting_share,Globus Maritime Limited - Common Stock
GLDG,retained_exact_CIK_coverage_changed,,1538847,candidate,explicit_common_or_ADS_or_registered_voting_share,GoldMining Inc. Common Shares
GLE,retained_exact_CIK_coverage_changed,,1908705,candidate,explicit_common_or_ADS_or_registered_voting_share,Global Engine Group Holding Limited - Class A Ordinary Shares
GLIBA,retained_exact_CIK_coverage_changed,,2057463,candidate,explicit_common_or_ADS_or_registered_voting_share,Liberty Capital Corporation - Series A GCI Group Common Stock
GLIBK,retained_exact_CIK_coverage_changed,,2057463,candidate,explicit_common_or_ADS_or_registered_voting_share,Liberty Capital Corporation - Series C GCI Group Common Stock
GLO,removed_explicit_non_equity,,,excluded,investment_fund_or_note,Clough Global Opportunities Fund Common Stock
GLOB,retained_exact_CIK_coverage_changed,,1557860,candidate,explicit_common_or_ADS_or_registered_voting_share,Globant S.A. Common Shares
GLRE,retained_exact_CIK_coverage_changed,,1385613,candidate,explicit_common_or_ADS_or_registered_voting_share,"Greenlight Reinsurance, Ltd. - Class A Ordinary Shares"
GLU,retained_exact_CIK_coverage_changed,,1282957,candidate,explicit_common_or_ADS_or_registered_voting_share,Gabelli Global Utility Common Shares of Beneficial Ownership
GLW,retained_exact_CIK_coverage_changed,,24741,candidate,explicit_common_or_ADS_or_registered_voting_share,Corning Incorporated Common Stock
GLXG,retained_exact_CIK_coverage_changed,,1905920,candidate,explicit_common_or_ADS_or_registered_voting_share,Galaxy Payroll Group Limited - Class A Ordinary Shares
GMAB,added_to_registered_watch_pool,,1434265,candidate,explicit_common_or_ADS_or_registered_voting_share,Genmab A/S - American Depositary Shares
GME,retained_exact_CIK_coverage_changed,,1326380,candidate,explicit_common_or_ADS_or_registered_voting_share,GameStop Corporation Common Stock
GMEX,retained_exact_CIK_coverage_changed,,1928581,candidate,explicit_common_or_ADS_or_registered_voting_share,GMEX ROBOTICS CORPORATION - Class A Ordinary Shares
GMM,retained_exact_CIK_coverage_changed,,1913749,candidate,explicit_common_or_ADS_or_registered_voting_share,Global Mofy AI Limited  - Class A Ordinary Shares
GMTL,added_to_registered_watch_pool,,2039972,candidate,explicit_common_or_ADS_or_registered_voting_share,Guardian Metal Resources PLC ADS
GNE,retained_exact_CIK_coverage_changed,,1528356,candidate,explicit_common_or_ADS_or_registered_voting_share,Genie Energy Ltd. Class B Common Stock Stock
GNK,retained_exact_CIK_coverage_changed,,1326200,candidate,explicit_common_or_ADS_or_registered_voting_share,Genco Shipping & Trading Limited Ordinary Shares New (Marshall Islands)
GNRC,retained_exact_CIK_coverage_changed,,1474735,candidate,explicit_common_or_ADS_or_registered_voting_share,Generac Holdlings Inc. Common Stock
GNS,retained_exact_CIK_coverage_changed,,1847806,candidate,explicit_common_or_ADS_or_registered_voting_share,Genius Group Limited Ordinary Shares
GNT,added_to_registered_watch_pool,,1438893,review,SEC_listed_ticker_security_description_requires_review,"GAMCO Natural Resources, Gold & Income Trust"
GNTA,added_to_registered_watch_pool,,1838716,candidate,explicit_common_or_ADS_or_registered_voting_share,Genenta Science S.p.A. - American Depositary Shares
GOOD,added_to_registered_watch_pool,,1234006,review,SEC_listed_ticker_security_description_requires_review,Gladstone Commercial Corporation - Real Estate Investment Trust
GOOG,added_to_registered_watch_pool,,1652044,candidate,explicit_common_or_ADS_or_registered_voting_share,Alphabet Inc. - Class C Capital Stock
GOOS,added_to_registered_watch_pool,,1690511,candidate,explicit_common_or_ADS_or_registered_voting_share,Canada Goose Holdings Inc. Subordinate Voting Shares
GORO,retained_exact_CIK_coverage_changed,,1515964,candidate,explicit_common_or_ADS_or_registered_voting_share,Goldgroup Mining Inc. Common Shares
GOTU,added_to_registered_watch_pool,,1768259,candidate,explicit_common_or_ADS_or_registered_voting_share,Gaotu Techedu Inc. American Depositary Shares
GOW,retained_exact_CIK_coverage_changed,,2097702,candidate,explicit_common_or_ADS_or_registered_voting_share,GOWell Energy Technology - Ordinary shares
GP,retained_exact_CIK_coverage_changed,,1584547,candidate,explicit_common_or_ADS_or_registered_voting_share,GreenPower Motor Company Inc. - Common Shares
GPC,retained_exact_CIK_coverage_changed,,40987,candidate,explicit_common_or_ADS_or_registered_voting_share,Genuine Parts Company Common Stock
GPCR,added_to_registered_watch_pool,,1888886,candidate,explicit_common_or_ADS_or_registered_voting_share,Structure Therapeutics Inc. - American Depositary Shares
GPK,added_to_registered_watch_pool,,1408075,review,SEC_listed_ticker_security_description_requires_review,Graphic Packaging Holding Company
GPOR,retained_exact_CIK_coverage_changed,,874499,candidate,explicit_common_or_ADS_or_registered_voting_share,Gulfport Energy Corporation Common Shares
GPRK,retained_exact_CIK_coverage_changed,,1464591,candidate,explicit_common_or_ADS_or_registered_voting_share,Geopark Ltd Common Shares
GRAB,retained_exact_CIK_coverage_changed,,1855612,candidate,explicit_common_or_ADS_or_registered_voting_share,Grab Holdings Limited - Class A Ordinary Shares
GRAN,retained_exact_CIK_coverage_changed,,2027722,candidate,explicit_common_or_ADS_or_registered_voting_share,Grande Group Limited - Class A Ordinary Shares
GRC,retained_exact_CIK_coverage_changed,,42682,candidate,explicit_common_or_ADS_or_registered_voting_share,Gorman-Rupp Company (The) Common Stock
GRF,removed_explicit_non_equity,,,excluded,investment_fund_or_note,"Eagle Capital Growth Fund, Inc. Common Stock"
GRFS,added_to_registered_watch_pool,,1438569,candidate,explicit_common_or_ADS_or_registered_voting_share,"Grifols, S.A. - American Depositary Shares"
GRMN,retained_exact_CIK_coverage_changed,,1121788,candidate,explicit_common_or_ADS_or_registered_voting_share,Garmin Ltd. Common Stock (Switzerland)
GRO,retained_exact_CIK_coverage_changed,,1472326,candidate,explicit_common_or_ADS_or_registered_voting_share,Brazil Potash Corp. Common Shares
GROY,retained_exact_CIK_coverage_changed,,1834026,candidate,explicit_common_or_ADS_or_registered_voting_share,Gold Royalty Corp. Common Shares
GRRR,retained_exact_CIK_coverage_changed,,1903145,candidate,explicit_common_or_ADS_or_registered_voting_share,Gorilla Technology Group Inc. - Ordinary shares
GRSD,retained_exact_CIK_coverage_changed,,1839799,candidate,explicit_common_or_ADS_or_registered_voting_share,Grandstand Limited - Ordinary Shares
GRVY,added_to_registered_watch_pool,,1313310,candidate,explicit_common_or_ADS_or_registered_voting_share,"GRAVITY Co., Ltd. - American depositary shares, each representing one common share."
GRX,added_to_registered_watch_pool,,1391437,candidate,explicit_common_or_ADS_or_registered_voting_share,The Gabelli Healthcare & Wellness Trust Common Shares of Beneficial Interest
GS,retained_exact_CIK_coverage_changed,,886982,candidate,explicit_common_or_ADS_or_registered_voting_share,"Goldman Sachs Group, Inc. (The) Common Stock"
GSIW,retained_exact_CIK_coverage_changed,,1954269,candidate,explicit_common_or_ADS_or_registered_voting_share,Garden Stage Limited - Class A Ordinary Shares
GSK,added_to_registered_watch_pool,,1131399,candidate,explicit_common_or_ADS_or_registered_voting_share,GSK plc American Depositary Shares (Each representing two Ordinary Shares)
GSL,retained_exact_CIK_coverage_changed,,1430725,candidate,explicit_common_or_ADS_or_registered_voting_share,Global Ship Lease Inc New Class A Common Shares
GSM,retained_exact_CIK_coverage_changed,,1639877,candidate,explicit_common_or_ADS_or_registered_voting_share,Ferroglobe PLC - Ordinary Shares
GSUN,retained_exact_CIK_coverage_changed,,1826376,candidate,explicit_common_or_ADS_or_registered_voting_share,Golden Sun Technology Group Limited - Class A Ordinary Shares
GTBP,retained_exact_CIK_coverage_changed,,109657,candidate,explicit_common_or_ADS_or_registered_voting_share,"GT Biopharma, Inc. - Common Stock"
GTEN,retained_exact_CIK_coverage_changed,,1986817,candidate,explicit_common_or_ADS_or_registered_voting_share,"Gores Holdings X, Inc. - Class A ordinary shares"
GTY,retained_exact_CIK_coverage_changed,,1052752,candidate,explicit_common_or_ADS_or_registered_voting_share,Getty Realty Corporation Common Stock
GUT,retained_exact_CIK_coverage_changed,,1080720,candidate,explicit_common_or_ADS_or_registered_voting_share,Gabelli Utility Trust (The) Common Stock
GVA,retained_exact_CIK_coverage_changed,,861459,candidate,explicit_common_or_ADS_or_registered_voting_share,Granite Construction Incorporated Common Stock
GVH,added_to_registered_watch_pool,,1978527,candidate,explicit_common_or_ADS_or_registered_voting_share,Globavend Holdings Limited - Ord Shares
GXO,retained_exact_CIK_coverage_changed,,1852244,candidate,explicit_common_or_ADS_or_registered_voting_share,"GXO Logistics, Inc. Common Stock "
HAFN,retained_exact_CIK_coverage_changed,,1815779,candidate,explicit_common_or_ADS_or_registered_voting_share,Hafnia Limited Common Shares
HAO,added_to_registered_watch_pool,,1954594,candidate,explicit_common_or_ADS_or_registered_voting_share,Haoxi Health Technology Limited - Class A Ord Share
HBB,retained_exact_CIK_coverage_changed,,1709164,candidate,explicit_common_or_ADS_or_registered_voting_share,Hamilton Beach Brands Holding Company Class A Common Stock 
HBM,retained_exact_CIK_coverage_changed,,1322422,candidate,explicit_common_or_ADS_or_registered_voting_share,Hudbay Minerals Inc. Ordinary Shares (Canada)
HBNB,retained_exact_CIK_coverage_changed,,2054507,candidate,explicit_common_or_ADS_or_registered_voting_share,Hotel101 Global Holdings Corp. - Class A Ordinary Shares
HCAI,retained_exact_CIK_coverage_changed,,1958399,candidate,explicit_common_or_ADS_or_registered_voting_share,"Huachen AI Parking Management Technology Holding Co., Ltd. - Class A Ordinary Shares"
HCHL,retained_exact_CIK_coverage_changed,,2046656,candidate,explicit_common_or_ADS_or_registered_voting_share,Happy City Holdings Limited - Class A Ordinary shares
HCKT,retained_exact_CIK_coverage_changed,,1057379,candidate,explicit_common_or_ADS_or_registered_voting_share,"The Hackett Group, Inc. - Common Stock"
HCM,added_to_registered_watch_pool,,1648257,candidate,explicit_common_or_ADS_or_registered_voting_share,HUTCHMED (China) Limited - American Depositary Shares
HD,retained_exact_CIK_coverage_changed,,354950,candidate,explicit_common_or_ADS_or_registered_voting_share,"Home Depot, Inc. (The) Common Stock"
HDB,retained_exact_CIK_coverage_changed,,1144967,candidate,explicit_common_or_ADS_or_registered_voting_share,HDFC Bank Limited Common Stock
HDL,added_to_registered_watch_pool,,1995306,candidate,explicit_common_or_ADS_or_registered_voting_share,SUPER HI INTERNATIONAL HOLDING LTD. - American Depositary Shares
HDSN,retained_exact_CIK_coverage_changed,,925528,candidate,explicit_common_or_ADS_or_registered_voting_share,"Hudson Technologies, Inc. - Common Stock"
HELP,retained_exact_CIK_coverage_changed,,1833141,candidate,explicit_common_or_ADS_or_registered_voting_share,Helus Pharma Inc.  - Common Stock
HEPS,added_to_registered_watch_pool,,1850235,candidate,explicit_common_or_ADS_or_registered_voting_share,D-Market Electronic Services & Trading - American Depositary Shares
HERE,added_to_registered_watch_pool,,1932770,candidate,explicit_common_or_ADS_or_registered_voting_share,Here Group Limited - American Depositary Shares
HESM,added_to_registered_watch_pool,,1789832,review,SEC_listed_ticker_security_description_requires_review,Hess Midstream LP Class A Representing Limited Partner Interests
HFWA,retained_exact_CIK_coverage_changed,,1046025,candidate,explicit_common_or_ADS_or_registered_voting_share,Heritage Financial Corporation - Common Stock
HGLB,removed_explicit_non_equity,,,excluded,investment_fund_or_note,Highland Global Allocation Fund Common Stock
HGV,retained_exact_CIK_coverage_changed,,1674168,candidate,explicit_common_or_ADS_or_registered_voting_share,Hilton Grand Vacations Inc. Common Stock 
HIHO,retained_exact_CIK_coverage_changed,,1026785,candidate,explicit_common_or_ADS_or_registered_voting_share,Highway Holdings Limited - Common Stock
HIMX,added_to_registered_watch_pool,,1342338,candidate,explicit_common_or_ADS_or_registered_voting_share,"Himax Technologies, Inc. - American depositary shares, each of which represents two ordinary shares."
HIO,removed_explicit_non_equity,,,excluded,investment_fund_or_note,"Western Asset High Income Opportunity Fund, Inc. Common Stock"
HITI,retained_exact_CIK_coverage_changed,,1847409,candidate,explicit_common_or_ADS_or_registered_voting_share,High Tide Inc. - Common Shares
HIW,retained_exact_CIK_coverage_changed,941713,921082,candidate,explicit_common_or_ADS_or_registered_voting_share,"Highwoods Properties, Inc. Common Stock"
HIX,removed_explicit_non_equity,,,excluded,investment_fund_or_note,Western Asset High Income Fund II Inc. Common Stock
HKD,added_to_registered_watch_pool,,1809691,candidate,explicit_common_or_ADS_or_registered_voting_share,AMTD Digital Inc. American Depositary Shares (every five of which represent two Class A Ordinary Shares)
HKIT,retained_exact_CIK_coverage_changed,,1742341,candidate,explicit_common_or_ADS_or_registered_voting_share,Hitek Global Inc. - Class A Ordinary Share
HKPD,retained_exact_CIK_coverage_changed,,2007702,candidate,explicit_common_or_ADS_or_registered_voting_share,"Cellyan Biotechnology Co., Ltd  - Class A Ordinary Shares"
HLN,added_to_registered_watch_pool,,1900304,candidate,explicit_common_or_ADS_or_registered_voting_share,Haleon plc American Depositary Shares (Each representing two Ordinary Shares)
HLNE,retained_exact_CIK_coverage_changed,,1433642,candidate,explicit_common_or_ADS_or_registered_voting_share,Hamilton Lane Incorporated - Class A Common Stock
HLP,retained_exact_CIK_coverage_changed,,1855557,candidate,explicit_common_or_ADS_or_registered_voting_share,Hongli Group Inc. - Class A Ordinary Shares
HLSQ,retained_exact_CIK_coverage_changed,,1739174,candidate,explicit_common_or_ADS_or_registered_voting_share,Tessera Defense and Homeland Security Inc. Common Stock
HLT,retained_exact_CIK_coverage_changed,,1585689,candidate,explicit_common_or_ADS_or_registered_voting_share,Hilton Worldwide Holdings Inc. Common Stock 
HMC,retained_exact_CIK_coverage_changed,,715153,candidate,explicit_common_or_ADS_or_registered_voting_share,"Honda Motor Company, Ltd. Common Stock"
HMR,retained_exact_CIK_coverage_changed,,2029471,candidate,explicit_common_or_ADS_or_registered_voting_share,Heidmar Maritime Holdings Corp. - Common Stock
HMY,added_to_registered_watch_pool,,1023514,review,SEC_listed_ticker_security_description_requires_review,Harmony Gold Mining Company Limited
HNRG,retained_exact_CIK_coverage_changed,,788965,candidate,explicit_common_or_ADS_or_registered_voting_share,Hallador Energy Company - Common Stock
HNVR,retained_exact_CIK_coverage_changed,,1828588,candidate,explicit_common_or_ADS_or_registered_voting_share,"Hanover Bancorp, Inc. - Common Stock"
HOLO,retained_exact_CIK_coverage_changed,,1841209,candidate,explicit_common_or_ADS_or_registered_voting_share,MicroCloud Hologram Inc. - Ordinary Shares
HOS,retained_exact_CIK_coverage_changed,,866829,candidate,explicit_common_or_ADS_or_registered_voting_share,"Hornbeck Offshore Services, Inc. Common Stock"
HOST,retained_exact_CIK_coverage_changed,,1948864,candidate,explicit_common_or_ADS_or_registered_voting_share,Host Digital Inc. Class A Common Stock
HOVR,retained_exact_CIK_coverage_changed,,1930021,candidate,explicit_common_or_ADS_or_registered_voting_share,New Horizon Aircraft Ltd. - Class A Ordinary Shares
HPAI,retained_exact_CIK_coverage_changed,,2001699,candidate,explicit_common_or_ADS_or_registered_voting_share,Helport AI Limited - Ordinary Shares
HPP,retained_exact_CIK_coverage_changed,1496264,1482512,candidate,explicit_common_or_ADS_or_registered_voting_share,"Hudson Pacific Properties, Inc. Common Stock"
HQ,retained_exact_CIK_coverage_changed,,2088256,candidate,explicit_common_or_ADS_or_registered_voting_share,Horizon Quantum Holdings Ltd. - Class A Ordinary Shares
HQH,added_to_registered_watch_pool,,805267,review,SEC_listed_ticker_security_description_requires_review,abrdn Healthcare Investors Shares of Beneficial Interest
HQL,added_to_registered_watch_pool,,884121,review,SEC_listed_ticker_security_description_requires_review,abrdn Life Sciences Investors Shares of Beneficial Interest
HRI,retained_exact_CIK_coverage_changed,,1364479,candidate,explicit_common_or_ADS_or_registered_voting_share,Herc Holdings Inc. Common Stock 
HRTX,retained_exact_CIK_coverage_changed,,818033,candidate,explicit_common_or_ADS_or_registered_voting_share,"Heron Therapeutics, Inc.   - Common Stock"
HRZN,retained_exact_CIK_coverage_changed,,1487428,candidate,explicit_common_or_ADS_or_registered_voting_share,Horizon Technology Finance Corporation - Common Stock
HSAI,retained_exact_CIK_coverage_changed,,1861737,candidate,explicit_common_or_ADS_or_registered_voting_share,Hesai Group - American Depositary Share
HSBC,retained_exact_CIK_coverage_changed,,1089113,candidate,explicit_common_or_ADS_or_registered_voting_share,"HSBC Holdings, plc. Common Stock"
HSLV,retained_exact_CIK_coverage_changed,,2013223,candidate,explicit_common_or_ADS_or_registered_voting_share,Highlander Silver Corp. Common Shares
HSY,retained_exact_CIK_coverage_changed,,47111,candidate,explicit_common_or_ADS_or_registered_voting_share,The Hershey Company Common Stock
HTCO,retained_exact_CIK_coverage_changed,,1928948,candidate,explicit_common_or_ADS_or_registered_voting_share,High-Trend International Group - Class A Ordinary Shares
HTH,added_to_registered_watch_pool,,1265131,review,SEC_listed_ticker_security_description_requires_review,Hilltop Holdings Inc.
HTHT,added_to_registered_watch_pool,,1483994,candidate,explicit_common_or_ADS_or_registered_voting_share,H World Group Limited - American Depositary Shares
HTLM,retained_exact_CIK_coverage_changed,,2023153,candidate,explicit_common_or_ADS_or_registered_voting_share,HomesToLife Ltd - Ordinary Shares
HTOO,retained_exact_CIK_coverage_changed,,1819794,candidate,explicit_common_or_ADS_or_registered_voting_share,Fusion Fuel Green PLC - Ordinary Shares
HTT,added_to_registered_watch_pool,,1692705,candidate,explicit_common_or_ADS_or_registered_voting_share,"High Templar Tech Limited American depositary shares, each representing one Class A ordinary share"
HTZ,retained_exact_CIK_coverage_changed,47129,1657853,candidate,explicit_common_or_ADS_or_registered_voting_share,"Hertz Global Holdings, Inc - Common Stock"
HUBC,retained_exact_CIK_coverage_changed,,1905660,candidate,explicit_common_or_ADS_or_registered_voting_share,Hub Cyber Security Ltd. - Ordinary Shares
HUBG,retained_exact_CIK_coverage_changed,,940942,candidate,explicit_common_or_ADS_or_registered_voting_share,"Hub Group, Inc. - Class A Common Stock"
HUCK,retained_exact_CIK_coverage_changed,,1505952,candidate,explicit_common_or_ADS_or_registered_voting_share,"Huckleberry.ai, Inc. - Class B Common Stock"
HUDI,retained_exact_CIK_coverage_changed,,1791725,candidate,explicit_common_or_ADS_or_registered_voting_share,"Huadi International Group Co., Ltd. - Ordinary Shares"
HUHU,retained_exact_CIK_coverage_changed,,1945415,candidate,explicit_common_or_ADS_or_registered_voting_share,HUHUTECH International Group Inc. - Ordinary Shares
HUIZ,added_to_registered_watch_pool,,1778982,candidate,explicit_common_or_ADS_or_registered_voting_share,Huize Holding Limited - American Depositary Shares
HUN,retained_exact_CIK_coverage_changed,1089748,1307954,candidate,explicit_common_or_ADS_or_registered_voting_share,Huntsman Corporation Common Stock
HURA,retained_exact_CIK_coverage_changed,,1498382,candidate,explicit_common_or_ADS_or_registered_voting_share,"TuHURA Biosciences, Inc. - Common Stock"
HUYA,added_to_registered_watch_pool,,1728190,candidate,explicit_common_or_ADS_or_registered_voting_share,"HUYA Inc. American depositary shares, each  representing one Class A ordinary share"
HXHX,retained_exact_CIK_coverage_changed,,1936817,candidate,explicit_common_or_ADS_or_registered_voting_share,Haoxin Holdings Limited - Class A Ordinary Shares
HYFT,retained_exact_CIK_coverage_changed,,1715925,candidate,explicit_common_or_ADS_or_registered_voting_share,MindWalk Holdings Corp. - Common Stock
HYI,removed_explicit_non_equity,,,excluded,investment_fund_or_note,Western Asset High Yield Opportunity Fund Inc. Common Stock
HYT,removed_explicit_non_equity,,,excluded,investment_fund_or_note,"Blackrock Corporate High Yield Fund, Inc. Common Stock"
HZO,retained_exact_CIK_coverage_changed,,1057060,candidate,explicit_common_or_ADS_or_registered_voting_share,"MarineMax, Inc.  (FL) Common Stock"
IAF,removed_explicit_non_equity,,,excluded,investment_fund_or_note,"abrdn Australia Equity Fund, Inc. Common Stock"
IAG,retained_exact_CIK_coverage_changed,,1203464,candidate,explicit_common_or_ADS_or_registered_voting_share,Iamgold Corporation Ordinary Shares
IART,retained_exact_CIK_coverage_changed,,917520,candidate,explicit_common_or_ADS_or_registered_voting_share,Integra LifeSciences Holdings Corporation - Common Stock
IBG,retained_exact_CIK_coverage_changed,,1924482,candidate,explicit_common_or_ADS_or_registered_voting_share,Innovation Beverage Group Limited - Ordinary Shares
IBN,retained_exact_CIK_coverage_changed,,1103838,candidate,explicit_common_or_ADS_or_registered_voting_share,ICICI Bank Limited Common Stock
ICCM,retained_exact_CIK_coverage_changed,,1584371,candidate,explicit_common_or_ADS_or_registered_voting_share,IceCure Medical Ltd. - Ordinary Shares
ICG,added_to_registered_watch_pool,,1895597,candidate,explicit_common_or_ADS_or_registered_voting_share,Intchains Group Limited - American Depositary Shares
ICHR,retained_exact_CIK_coverage_changed,,1652535,candidate,explicit_common_or_ADS_or_registered_voting_share,Ichor Holdings - Ordinary Shares
ICL,retained_exact_CIK_coverage_changed,,941221,candidate,explicit_common_or_ADS_or_registered_voting_share,ICL Group Ltd. Ordinary Shares
ICON,retained_exact_CIK_coverage_changed,,1995574,candidate,explicit_common_or_ADS_or_registered_voting_share,Icon Energy Corp. - Common stock
ICU,retained_exact_CIK_coverage_changed,,1831868,candidate,explicit_common_or_ADS_or_registered_voting_share,SeaStar Medical Holding Corporation - Common Stock
ICUI,retained_exact_CIK_coverage_changed,,883984,candidate,explicit_common_or_ADS_or_registered_voting_share,"ICU Medical, Inc. - Common Stock"
IDA,retained_exact_CIK_coverage_changed,49648,1057877,candidate,explicit_common_or_ADS_or_registered_voting_share,"IDACORP, Inc. Common Stock"
IDT,retained_exact_CIK_coverage_changed,,1005731,candidate,explicit_common_or_ADS_or_registered_voting_share,IDT Corporation Class B Common Stock
IDXX,retained_exact_CIK_coverage_changed,,874716,candidate,explicit_common_or_ADS_or_registered_voting_share,"IDEXX Laboratories, Inc. - Common Stock"
IEX,retained_exact_CIK_coverage_changed,,832101,candidate,explicit_common_or_ADS_or_registered_voting_share,IDEX Corporation Common Stock
IFBD,retained_exact_CIK_coverage_changed,,1815566,candidate,explicit_common_or_ADS_or_registered_voting_share,"Infobird Co., Ltd - Ordinary Shares"
IFN,removed_explicit_non_equity,,,excluded,investment_fund_or_note,"Aberdeen India Fund, Inc. Common Stock"
IFRX,retained_exact_CIK_coverage_changed,,1708688,candidate,explicit_common_or_ADS_or_registered_voting_share,InflaRx N.V. - Common Stock
IFS,retained_exact_CIK_coverage_changed,,1615903,candidate,explicit_common_or_ADS_or_registered_voting_share,Intercorp Financial Services Inc. Common Shares
IGI,retained_exact_CIK_coverage_changed,,1462586,candidate,explicit_common_or_ADS_or_registered_voting_share,Western Asset Investment Grade Opportunity Trust Inc. Common Stock
IGIC,retained_exact_CIK_coverage_changed,,1794338,candidate,explicit_common_or_ADS_or_registered_voting_share,International General Insurance Holdings Ltd. - Ordinary Shares
IH,added_to_registered_watch_pool,,1814423,candidate,explicit_common_or_ADS_or_registered_voting_share,"iHuman Inc. American depositary shares, each representing five Class A ordinary shares"
IHG,added_to_registered_watch_pool,,858446,candidate,explicit_common_or_ADS_or_registered_voting_share,Intercontinental Hotels Group American Depositary Shares (Each representing one Ordinary Share)
IHS,retained_exact_CIK_coverage_changed,,1876183,candidate,explicit_common_or_ADS_or_registered_voting_share,IHS Holding Limited Ordinary Shares
IHT,added_to_registered_watch_pool,,82473,review,SEC_listed_ticker_security_description_requires_review,InnSuites Hospitality Trust Shares of Beneficial Interest
IIF,removed_explicit_non_equity,,,excluded,investment_fund_or_note,"Morgan Stanley India Investment Fund, Inc. Common Stock"
IIM,retained_exact_CIK_coverage_changed,,885601,candidate,explicit_common_or_ADS_or_registered_voting_share,Invesco Value Municipal Income Trust Common Stock
ILAG,retained_exact_CIK_coverage_changed,,1814963,candidate,explicit_common_or_ADS_or_registered_voting_share,Intelligent Living Application Group Inc. - Ordinary Shares
ILPT,added_to_registered_watch_pool,,1717307,candidate,explicit_common_or_ADS_or_registered_voting_share,Industrial Logistics Properties Trust - Common Shares of Beneficial Interest
IMC,retained_exact_CIK_coverage_changed,,2098395,candidate,explicit_common_or_ADS_or_registered_voting_share,IMC Rare Earths Ltd Ordinary Shares
IMCC,retained_exact_CIK_coverage_changed,,1792030,candidate,explicit_common_or_ADS_or_registered_voting_share,IM Cannabis Corp. - Common Shares
IMCR,added_to_registered_watch_pool,,1671927,candidate,explicit_common_or_ADS_or_registered_voting_share,Immunocore Holdings plc - American Depositary Shares
IMMP,added_to_registered_watch_pool,,1506184,candidate,explicit_common_or_ADS_or_registered_voting_share,Immutep Limited - American Depositary Shares
IMO,retained_exact_CIK_coverage_changed,,49938,candidate,explicit_common_or_ADS_or_registered_voting_share,Imperial Oil Limited Common Stock
IMOS,added_to_registered_watch_pool,,1123134,candidate,explicit_common_or_ADS_or_registered_voting_share,ChipMOS TECHNOLOGIES INC. - American Depositary Shares
IMPP,retained_exact_CIK_coverage_changed,,1876581,candidate,explicit_common_or_ADS_or_registered_voting_share,Imperial Petroleum Inc. - Common Shares
IMRN,added_to_registered_watch_pool,,1660046,candidate,explicit_common_or_ADS_or_registered_voting_share,Immuron Limited - American Depositary Shares
IMTE,retained_exact_CIK_coverage_changed,,1668438,candidate,explicit_common_or_ADS_or_registered_voting_share,Integrated Media Technology Limited - Ordinary Shares
IMTX,retained_exact_CIK_coverage_changed,,1809196,candidate,explicit_common_or_ADS_or_registered_voting_share,Immatics N.V. - Ordinary Shares
INCR,retained_exact_CIK_coverage_changed,,1857030,candidate,explicit_common_or_ADS_or_registered_voting_share,Intercure Ltd. - ordinary shares
INDO,retained_exact_CIK_coverage_changed,,1757840,candidate,explicit_common_or_ADS_or_registered_voting_share,Indonesia Energy Corporation Limited Ordinary Shares
INEO,retained_exact_CIK_coverage_changed,,1933951,candidate,explicit_common_or_ADS_or_registered_voting_share,INNEOVA Holdings Limited - Class A Ordinary Shares
INFU,retained_exact_CIK_coverage_changed,,1337013,candidate,explicit_common_or_ADS_or_registered_voting_share,"InfuSystems Holdings, Inc. Common Stock"
INFY,added_to_registered_watch_pool,,1067491,candidate,explicit_common_or_ADS_or_registered_voting_share,Infosys Limited American Depositary Shares
ING,retained_exact_CIK_coverage_changed,,1039765,candidate,explicit_common_or_ADS_or_registered_voting_share,"ING Group, N.V. Common Stock"
INGM,retained_exact_CIK_coverage_changed,,1897762,candidate,explicit_common_or_ADS_or_registered_voting_share,Ingram Micro Holding Corporation Common Stock
INLF,retained_exact_CIK_coverage_changed,,1991592,candidate,explicit_common_or_ADS_or_registered_voting_share,INLIF LIMITED - Class A Ordinary shares
INMD,retained_exact_CIK_coverage_changed,,1742692,candidate,explicit_common_or_ADS_or_registered_voting_share,InMode Ltd.  - Ordinary Shares
INSM,retained_exact_CIK_coverage_changed,,1104506,candidate,explicit_common_or_ADS_or_registered_voting_share,Insmed Incorporated - Common Stock
INSW,retained_exact_CIK_coverage_changed,,1679049,candidate,explicit_common_or_ADS_or_registered_voting_share,"International Seaways, Inc. Common Stock "
INTJ,retained_exact_CIK_coverage_changed,,1916416,candidate,explicit_common_or_ADS_or_registered_voting_share,Intelligent Group Limited - Class A Ordinary Shares
INTR,retained_exact_CIK_coverage_changed,,1864163,candidate,explicit_common_or_ADS_or_registered_voting_share,Inter & Co. Inc. - Class A Common Shares
INTT,retained_exact_CIK_coverage_changed,,1036262,candidate,explicit_common_or_ADS_or_registered_voting_share,inTest Corporation Common Stock
INUV,added_to_registered_watch_pool,,829323,review,SEC_listed_ticker_security_description_requires_review,"Inuvo, Inc."
INVE,retained_exact_CIK_coverage_changed,,1036044,candidate,explicit_common_or_ADS_or_registered_voting_share,"INVE Technologies, Inc. - Common Stock"
INVZ,retained_exact_CIK_coverage_changed,,1835654,candidate,explicit_common_or_ADS_or_registered_voting_share,Innoviz Technologies Ltd. - Ordinary shares
IONR,added_to_registered_watch_pool,,1896084,candidate,explicit_common_or_ADS_or_registered_voting_share,ioneer Ltd - American Depositary Shares
IOTR,retained_exact_CIK_coverage_changed,,1997637,candidate,explicit_common_or_ADS_or_registered_voting_share,iOThree Limited - Ordinary Shares
IPGP,retained_exact_CIK_coverage_changed,,1111928,candidate,explicit_common_or_ADS_or_registered_voting_share,IPG Photonics Corporation - Common Stock
IPHA,added_to_registered_watch_pool,,1598599,candidate,explicit_common_or_ADS_or_registered_voting_share,Innate Pharma S.A. - American Depositary Shares
IPST,retained_exact_CIK_coverage_changed,,1788230,candidate,explicit_common_or_ADS_or_registered_voting_share,"IP Strategy Holdings, Inc. - Common Stock"
IPX,retained_exact_CIK_coverage_changed,,1898601,candidate,explicit_common_or_ADS_or_registered_voting_share,IperionX Limited - American Depositary Share
IPXG,retained_exact_CIK_coverage_changed,,2088805,candidate,explicit_common_or_ADS_or_registered_voting_share,Inection Point Acquisition Corp. VII  - Class A Ordinary Shares
IQ,added_to_registered_watch_pool,,1722608,candidate,explicit_common_or_ADS_or_registered_voting_share,"iQIYI, Inc. - American Depositary Shares"
IQI,retained_exact_CIK_coverage_changed,,885125,candidate,explicit_common_or_ADS_or_registered_voting_share,Invesco Quality Municipal Income Trust Common Stock
IQMX,added_to_registered_watch_pool,,2113060,candidate,explicit_common_or_ADS_or_registered_voting_share,IQM Quantum Computers Oyj - American Depositary Shares
IRHO,retained_exact_CIK_coverage_changed,,2051985,candidate,explicit_common_or_ADS_or_registered_voting_share,Iron Horse Acquisitions II Corp. - Common Stock
IRIX,retained_exact_CIK_coverage_changed,,1006045,candidate,explicit_common_or_ADS_or_registered_voting_share,IRIDEX Corporation - Common Stock
IRM,retained_exact_CIK_coverage_changed,,1020569,candidate,explicit_common_or_ADS_or_registered_voting_share,Iron Mountain Incorporated (Delaware)Common Stock REIT
IRS,added_to_registered_watch_pool,,933267,review,depositary_underlying_security_not_confirmed,IRSA Inversiones Y Representaciones S.A. Global Depositary Shares (Each representing ten shares of Common Stock)
ISBA,retained_exact_CIK_coverage_changed,,842517,candidate,explicit_common_or_ADS_or_registered_voting_share,Isabella Bank Corporation - Common stock
ISOU,retained_exact_CIK_coverage_changed,,1997377,candidate,explicit_common_or_ADS_or_registered_voting_share,IsoEnergy Ltd. Common Shares
ITG,retained_exact_CIK_coverage_changed,,2110117,candidate,explicit_common_or_ADS_or_registered_voting_share,"ITG, Inc. - Class A Common Stock"
ITIC,retained_exact_CIK_coverage_changed,,720858,candidate,explicit_common_or_ADS_or_registered_voting_share,Investors Title Company - Common Stock
ITOC,retained_exact_CIK_coverage_changed,,1970544,candidate,explicit_common_or_ADS_or_registered_voting_share,iTonic Holdings Ltd - Class A Ordinary Shares
ITP,retained_exact_CIK_coverage_changed,,1358190,candidate,explicit_common_or_ADS_or_registered_voting_share,"IT Tech Packaging, Inc. Common Stock"
ITRG,retained_exact_CIK_coverage_changed,,1722387,candidate,explicit_common_or_ADS_or_registered_voting_share,Integra Resources Corp. Common Shares
ITRN,retained_exact_CIK_coverage_changed,,1337117,candidate,explicit_common_or_ADS_or_registered_voting_share,Ituran Location and Control Ltd. - Ordinary Shares
ITT,retained_exact_CIK_coverage_changed,,216228,candidate,explicit_common_or_ADS_or_registered_voting_share,ITT Inc. Common Stock 
IVA,retained_exact_CIK_coverage_changed,,1756594,candidate,explicit_common_or_ADS_or_registered_voting_share,Inventiva S.A. - American Depository Shares
IVAI,retained_exact_CIK_coverage_changed,,2077345,candidate,explicit_common_or_ADS_or_registered_voting_share,Ives Ultra AI Opportunities Inc. Common Stock
IX,added_to_registered_watch_pool,,1070304,candidate,explicit_common_or_ADS_or_registered_voting_share,ORIX Corporation American Depositary Shares
IZM,retained_exact_CIK_coverage_changed,,1854572,candidate,explicit_common_or_ADS_or_registered_voting_share,ICZOOM Group Inc. - Class A Ordinary Shares
JAN,retained_exact_CIK_coverage_changed,,2100805,candidate,explicit_common_or_ADS_or_registered_voting_share,"Janus Living, Inc. Class A-1 Common Stock"
JBGS,retained_exact_CIK_coverage_changed,,1689796,candidate,explicit_common_or_ADS_or_registered_voting_share,JBG SMITH Properties Common Shares 
JBLU,retained_exact_CIK_coverage_changed,,1158463,candidate,explicit_common_or_ADS_or_registered_voting_share,JetBlue Airways Corporation - Common Stock
JBS,retained_exact_CIK_coverage_changed,,1791942,candidate,explicit_common_or_ADS_or_registered_voting_share,JBS N.V. Class A Common Shares
JBSS,retained_exact_CIK_coverage_changed,,880117,candidate,explicit_common_or_ADS_or_registered_voting_share,"John B. Sanfilippo & Son, Inc. - Common Stock"
JCAP,retained_exact_CIK_coverage_changed,,2046042,candidate,explicit_common_or_ADS_or_registered_voting_share,"Jefferson Capital, Inc. - Common Stock"
JCI,retained_exact_CIK_coverage_changed,,833444,candidate,explicit_common_or_ADS_or_registered_voting_share,Johnson Controls International plc Ordinary Share
JCSE,retained_exact_CIK_coverage_changed,,1905511,candidate,explicit_common_or_ADS_or_registered_voting_share,JE Cleantech Holdings Limited - Ordinary Shares
JCTC,retained_exact_CIK_coverage_changed,,885307,candidate,explicit_common_or_ADS_or_registered_voting_share,Jewett-Cameron Trading Company - Common Shares
JD,added_to_registered_watch_pool,,1549802,candidate,explicit_common_or_ADS_or_registered_voting_share,"JD.com, Inc. - American Depositary Shares"
JDZG,retained_exact_CIK_coverage_changed,,1976908,candidate,explicit_common_or_ADS_or_registered_voting_share,JIADE LIMITED - Class A Ordinary Shares
JEM,retained_exact_CIK_coverage_changed,,2018222,candidate,explicit_common_or_ADS_or_registered_voting_share,707 Cayman Holdings Limited - Ordinary Shares
JF,added_to_registered_watch_pool,,1716338,candidate,explicit_common_or_ADS_or_registered_voting_share,J and Friends Holdings Limited - American Depositary Shares
JFIN,added_to_registered_watch_pool,,1743102,candidate,explicit_common_or_ADS_or_registered_voting_share,Jiayin Group Inc. - American Depositary Shares
JFR,removed_explicit_non_equity,,,excluded,investment_fund_or_note,Nuveen Floating Rate Income Fund Common Stock
JFU,added_to_registered_watch_pool,,1619544,candidate,explicit_common_or_ADS_or_registered_voting_share,9F Inc. - American Depositary Shares
JG,added_to_registered_watch_pool,,1737339,candidate,explicit_common_or_ADS_or_registered_voting_share,Aurora Mobile Limited - American Depositary Shares
JHI,retained_exact_CIK_coverage_changed,,759828,candidate,explicit_common_or_ADS_or_registered_voting_share,John Hancock Investors Trust Common Stock
JHS,retained_exact_CIK_coverage_changed,,759866,candidate,explicit_common_or_ADS_or_registered_voting_share,John Hancock Income Securities Trust Common Stock
JKS,added_to_registered_watch_pool,,1481513,candidate,explicit_common_or_ADS_or_registered_voting_share,JinkoSolar Holding Company Limited American Depositary Shares (each representing 4 Common Shares)
JL,retained_exact_CIK_coverage_changed,,1948436,candidate,explicit_common_or_ADS_or_registered_voting_share,J-Long Group Limited - Class A Ordinary Shares
JLHL,retained_exact_CIK_coverage_changed,,2007846,candidate,explicit_common_or_ADS_or_registered_voting_share,Julong Holding Limited - Class A Ordinary Shares
JMIA,added_to_registered_watch_pool,,1756708,candidate,explicit_common_or_ADS_or_registered_voting_share,"Jumia Technologies AG American Depositary Shares, each representing two Ordinary Shares"
JOE,retained_exact_CIK_coverage_changed,,745308,candidate,explicit_common_or_ADS_or_registered_voting_share,St. Joe Company (The) Common Stock
JOF,removed_explicit_non_equity,,,excluded,investment_fund_or_note,Japan Smaller Capitalization Fund Inc Common Stock
JOYY,added_to_registered_watch_pool,,1530238,candidate,explicit_common_or_ADS_or_registered_voting_share,JOYY Inc. - American Depositary Shares
JTTT,retained_exact_CIK_coverage_changed,,2145659,candidate,explicit_common_or_ADS_or_registered_voting_share,JATT III Acquisition Corp - Ordinary Shares
JWEL,retained_exact_CIK_coverage_changed,,1805594,candidate,explicit_common_or_ADS_or_registered_voting_share,Jowell Global Ltd. - Ordinary Shares
JXG,retained_exact_CIK_coverage_changed,,1546383,candidate,explicit_common_or_ADS_or_registered_voting_share,JX Luxventure Group Inc. - Common Stock
JXN,retained_exact_CIK_coverage_changed,,1822993,candidate,explicit_common_or_ADS_or_registered_voting_share,Jackson Financial Inc. Class A Common Stock 
JYD,retained_exact_CIK_coverage_changed,,1938186,candidate,explicit_common_or_ADS_or_registered_voting_share,Jayud Global Logistics Limited - Class A Ordinary Shares
JYNT,retained_exact_CIK_coverage_changed,,1612630,candidate,explicit_common_or_ADS_or_registered_voting_share,The Joint Corp. - Common Stock
JZ,added_to_registered_watch_pool,,1852440,candidate,explicit_common_or_ADS_or_registered_voting_share,Jianzhi Education Technology Group Company Limited - American Depositary Shares
JZXN,retained_exact_CIK_coverage_changed,,1816172,candidate,explicit_common_or_ADS_or_registered_voting_share,"Jiuzi Holdings, Inc. - Ordinary Shares"
KARO,retained_exact_CIK_coverage_changed,,1828102,candidate,explicit_common_or_ADS_or_registered_voting_share,Karooooo Ltd. - Ordinary shares
KAZR,retained_exact_CIK_coverage_changed,,2031009,candidate,explicit_common_or_ADS_or_registered_voting_share,Skyline Builders Group Holding Limited - Class A Ordinary Shares
KB,added_to_registered_watch_pool,,1445930,review,SEC_listed_ticker_security_description_requires_review,KB Financial Group Inc
KBSX,retained_exact_CIK_coverage_changed,,2014254,candidate,explicit_common_or_ADS_or_registered_voting_share,FST Corp. - Ordinary Shares
KC,added_to_registered_watch_pool,,1795589,candidate,explicit_common_or_ADS_or_registered_voting_share,Kingsoft Cloud Holdings Limited - American Depositary Shares
KEN,retained_exact_CIK_coverage_changed,,1611005,candidate,explicit_common_or_ADS_or_registered_voting_share,Kenon Holdings Ltd. Ordinary Shares
KEP,retained_exact_CIK_coverage_changed,,887225,candidate,explicit_common_or_ADS_or_registered_voting_share,Korea Electric Power Corporation Common Stock
KF,removed_explicit_non_equity,,,excluded,investment_fund_or_note,"Korea Fund, Inc. (The) New Common Stock"
KFFB,retained_exact_CIK_coverage_changed,,1297341,candidate,explicit_common_or_ADS_or_registered_voting_share,Kentucky First Federal Bancorp - Common Stock
KGC,retained_exact_CIK_coverage_changed,,701818,candidate,explicit_common_or_ADS_or_registered_voting_share,Kinross Gold Corporation Common Stock
KGEI,retained_exact_CIK_coverage_changed,,1477081,candidate,explicit_common_or_ADS_or_registered_voting_share,Kolibri Global Energy Inc. - Common stock
KHC,retained_exact_CIK_coverage_changed,,1637459,candidate,explicit_common_or_ADS_or_registered_voting_share,The Kraft Heinz Company Common Stock
KIM,retained_exact_CIK_coverage_changed,,879101,candidate,explicit_common_or_ADS_or_registered_voting_share,Kimco Realty Corporation (HC) Common Stock
KLAC,retained_exact_CIK_coverage_changed,,319201,candidate,explicit_common_or_ADS_or_registered_voting_share,KLA Corporation  - Common Stock
KLAR,retained_exact_CIK_coverage_changed,,2003292,candidate,explicit_common_or_ADS_or_registered_voting_share,Klarna Group plc Ordinary Shares
KMDA,retained_exact_CIK_coverage_changed,,1567529,candidate,explicit_common_or_ADS_or_registered_voting_share,Kamada Ltd. - Ordinary Shares
KMPR,added_to_registered_watch_pool,,860748,review,SEC_listed_ticker_security_description_requires_review,Kemper Corporation
KMRK,retained_exact_CIK_coverage_changed,,2049187,candidate,explicit_common_or_ADS_or_registered_voting_share,K-Tech Solutions Company Limited - Class A Ordinary Shares
KMX,added_to_registered_watch_pool,,1170010,review,SEC_listed_ticker_security_description_requires_review,CarMax Inc
KNDI,retained_exact_CIK_coverage_changed,,1720250,candidate,explicit_common_or_ADS_or_registered_voting_share,"Kandi Technologies Group, Inc. - Ordinary Shares"
KNF,retained_exact_CIK_coverage_changed,,1955520,candidate,explicit_common_or_ADS_or_registered_voting_share,Knife Riv Holding Co. Common Stock
KNRX,retained_exact_CIK_coverage_changed,,1982960,candidate,explicit_common_or_ADS_or_registered_voting_share,KNOREX LTD. Class A Ordinary Shares
KNX,added_to_registered_watch_pool,,1492691,review,SEC_listed_ticker_security_description_requires_review,Knight-Swift Transportation Holdings Inc.
KO,retained_exact_CIK_coverage_changed,,21344,candidate,explicit_common_or_ADS_or_registered_voting_share,Coca-Cola Company (The) Common Stock
KODK,added_to_registered_watch_pool,,31235,candidate,explicit_common_or_ADS_or_registered_voting_share,Eastman Kodak Company Common New
KOS,retained_exact_CIK_coverage_changed,,1509991,candidate,explicit_common_or_ADS_or_registered_voting_share,Kosmos Energy Ltd. Common Shares (DE)
KOYN,retained_exact_CIK_coverage_changed,,2068454,candidate,explicit_common_or_ADS_or_registered_voting_share,CSLM Digital Asset Acquisition Corp III - Class A Ordinary Shares
KR,retained_exact_CIK_coverage_changed,,56873,candidate,explicit_common_or_ADS_or_registered_voting_share,Kroger Company (The) Common Stock
KRC,retained_exact_CIK_coverage_changed,1493976,1025996,candidate,explicit_common_or_ADS_or_registered_voting_share,Kilroy Realty Corporation Common Stock
KRKR,added_to_registered_watch_pool,,1779476,candidate,explicit_common_or_ADS_or_registered_voting_share,36Kr Holdings Inc. - American Depositary Shares
KRNT,retained_exact_CIK_coverage_changed,,1625791,candidate,explicit_common_or_ADS_or_registered_voting_share,Kornit Digital Ltd. - Ordinary Shares
KRNY,retained_exact_CIK_coverage_changed,,1617242,candidate,explicit_common_or_ADS_or_registered_voting_share,Kearny Financial - Common Stock
KRSA,retained_exact_CIK_coverage_changed,,1755237,candidate,explicit_common_or_ADS_or_registered_voting_share,"Korsana Biosciences, Inc. - Common Stock"
KSPI,retained_exact_CIK_coverage_changed,,1985487,candidate,explicit_common_or_ADS_or_registered_voting_share,Joint Stock Company Kaspi.kz - American Depository Shares
KSS,retained_exact_CIK_coverage_changed,,885639,candidate,explicit_common_or_ADS_or_registered_voting_share,Kohl's Corporation Common Stock
KT,retained_exact_CIK_coverage_changed,,892450,candidate,explicit_common_or_ADS_or_registered_voting_share,KT Corporation Common Stock
KTB,retained_exact_CIK_coverage_changed,,1760965,candidate,explicit_common_or_ADS_or_registered_voting_share,"Kontoor Brands, Inc. Common Stock "
KTCC,retained_exact_CIK_coverage_changed,,719733,candidate,explicit_common_or_ADS_or_registered_voting_share,Key Tronic Corporation - Common Stock
KTF,added_to_registered_watch_pool,,839533,review,SEC_listed_ticker_security_description_requires_review,DWS Municipal Income Trust
KTWO,retained_exact_CIK_coverage_changed,,2086524,candidate,explicit_common_or_ADS_or_registered_voting_share,K2 Capital Acquisition Corporation - Class A Ordinary Share
KVYO,retained_exact_CIK_coverage_changed,,1835830,candidate,explicit_common_or_ADS_or_registered_voting_share,"Klaviyo, Inc. Series A Common Stock"
KWR,retained_exact_CIK_coverage_changed,,81362,candidate,explicit_common_or_ADS_or_registered_voting_share,Quaker Houghton Common Stock
KWY,retained_exact_CIK_coverage_changed,,1072627,candidate,explicit_common_or_ADS_or_registered_voting_share,Kingsway Corporation Common Stock
KXIN,retained_exact_CIK_coverage_changed,,1713539,candidate,explicit_common_or_ADS_or_registered_voting_share,Kaixin Holdings - Ordinary Shares
KYIV,retained_exact_CIK_coverage_changed,,2062440,candidate,explicit_common_or_ADS_or_registered_voting_share,Kyivstar Group Ltd. - Common Shares
KZIA,added_to_registered_watch_pool,,1075880,candidate,explicit_common_or_ADS_or_registered_voting_share,Kazia Therapeutics Limited - American Depositary Shares
L,retained_exact_CIK_coverage_changed,,60086,candidate,explicit_common_or_ADS_or_registered_voting_share,Loews Corporation Common Stock
LAES,retained_exact_CIK_coverage_changed,,1951222,candidate,explicit_common_or_ADS_or_registered_voting_share,SEALSQ Corp - Ordinary Shares
LAMR,retained_exact_CIK_coverage_changed,,1090425,candidate,explicit_common_or_ADS_or_registered_voting_share,Lamar Advertising Company - Class A Common Stock
LAND,retained_exact_CIK_coverage_changed,,1495240,candidate,explicit_common_or_ADS_or_registered_voting_share,Gladstone Land Corporation - Common Stock
LANV,retained_exact_CIK_coverage_changed,,1922097,candidate,explicit_common_or_ADS_or_registered_voting_share,Lanvin Group Holdings Limited Ordinary Shares
LAR,retained_exact_CIK_coverage_changed,,1440972,candidate,explicit_common_or_ADS_or_registered_voting_share,Lithium Argentina AG Common Shares
LAWR,added_to_registered_watch_pool,,2007599,candidate,explicit_common_or_ADS_or_registered_voting_share,"Robot Consulting Co., Ltd. - ADS"
LB,added_to_registered_watch_pool,,1995807,candidate,explicit_common_or_ADS_or_registered_voting_share,LandBridge Company LLC Class A Shares Representing Limited Liability Company Interests
LBGJ,retained_exact_CIK_coverage_changed,,1896425,candidate,explicit_common_or_ADS_or_registered_voting_share,Li Bang International Corporation Inc. - Class A Ordinary Shares
LCFY,retained_exact_CIK_coverage_changed,,1875547,candidate,explicit_common_or_ADS_or_registered_voting_share,Locafy Limited - Ordinary Share
LCII,added_to_registered_watch_pool,,763744,review,SEC_listed_ticker_security_description_requires_review,LCI Industries
LCNB,retained_exact_CIK_coverage_changed,,1074902,candidate,explicit_common_or_ADS_or_registered_voting_share,LCNB Corporation - Common Stock
LEA,retained_exact_CIK_coverage_changed,,842162,candidate,explicit_common_or_ADS_or_registered_voting_share,Lear Corporation Common Stock
LEDS,retained_exact_CIK_coverage_changed,,1333822,candidate,explicit_common_or_ADS_or_registered_voting_share,SemiLEDS Corporation - Common Stock
LEE,retained_exact_CIK_coverage_changed,,58361,candidate,explicit_common_or_ADS_or_registered_voting_share,"Lee Enterprises, Incorporated - Common Stock"
LEGN,added_to_registered_watch_pool,,1801198,candidate,explicit_common_or_ADS_or_registered_voting_share,Legend Biotech Corporation - American Depositary Shares
LEN,retained_exact_CIK_coverage_changed,,920760,candidate,explicit_common_or_ADS_or_registered_voting_share,Lennar Corporation Class A Common Stock
LEN.B,added_to_registered_watch_pool,,920760,review,SEC_listed_ticker_security_description_requires_review,Lennar Corporation Class B
LEO,retained_exact_CIK_coverage_changed,,818972,candidate,explicit_common_or_ADS_or_registered_voting_share,"BNY Mellon Strategic Municipals, Inc. Common Stock"
LFS,added_to_registered_watch_pool,,2030277,candidate,explicit_common_or_ADS_or_registered_voting_share,"LEIFRAS Co., Ltd. - American Depositary Shares"
LFUS,retained_exact_CIK_coverage_changed,,889331,candidate,explicit_common_or_ADS_or_registered_voting_share,"Littelfuse, Inc. - Common Stock"
LFVN,retained_exact_CIK_coverage_changed,,849146,candidate,explicit_common_or_ADS_or_registered_voting_share,Lifevantage Corporation - Common Stock
LGCL,retained_exact_CIK_coverage_changed,,1954694,candidate,explicit_common_or_ADS_or_registered_voting_share,Lucas GC Limited - Class A Ordinary Shares
LGHL,retained_exact_CIK_coverage_changed,,1806524,candidate,explicit_common_or_ADS_or_registered_voting_share,Lion Group Holding Ltd. - American Depositary Share
LGI,removed_explicit_non_equity,,,excluded,investment_fund_or_note,Lazard Global Total Return and Income Fund Common Stock
LGL,retained_exact_CIK_coverage_changed,,61004,candidate,explicit_common_or_ADS_or_registered_voting_share,"LGL Group, Inc. (The) Common Stock"
LGO,retained_exact_CIK_coverage_changed,,1400438,candidate,explicit_common_or_ADS_or_registered_voting_share,Largo Inc. - Common Shares
LGPS,retained_exact_CIK_coverage_changed,,2040290,candidate,explicit_common_or_ADS_or_registered_voting_share,LogProstyle Inc. Common Shares
LHSW,retained_exact_CIK_coverage_changed,,2004024,candidate,explicit_common_or_ADS_or_registered_voting_share,Lianhe Sowell International Group Ltd - Class A Ordinary Shares
LI,added_to_registered_watch_pool,,1791706,candidate,explicit_common_or_ADS_or_registered_voting_share,Li Auto Inc. - American Depositary Shares
LICN,retained_exact_CIK_coverage_changed,,1876766,candidate,explicit_common_or_ADS_or_registered_voting_share,Lichen International Limited - Class A Ordinary Shares
LITB,added_to_registered_watch_pool,,1523836,candidate,explicit_common_or_ADS_or_registered_voting_share,"LightInTheBox Holding Co., Ltd. American Depositary Shares, each representing twelve ordinary shares"
LIVE,retained_exact_CIK_coverage_changed,,1045742,candidate,explicit_common_or_ADS_or_registered_voting_share,Live Ventures Incorporated - Common Stock
LKFT,added_to_registered_watch_pool,,1421876,candidate,explicit_common_or_ADS_or_registered_voting_share,Lakefront Biotherapeutics - American Depositary Shares
LMNR,retained_exact_CIK_coverage_changed,,1342423,candidate,explicit_common_or_ADS_or_registered_voting_share,Limoneira Co - Common Stock
LNAI,retained_exact_CIK_coverage_changed,,1527728,candidate,explicit_common_or_ADS_or_registered_voting_share,Lunai Bioworks Inc. - Common Stock
LND,retained_exact_CIK_coverage_changed,,1499849,candidate,explicit_common_or_ADS_or_registered_voting_share,Brasilagro Brazilian Agric Real Estate Co Sponsored ADR (Brazil)
LNKS,retained_exact_CIK_coverage_changed,,1972074,candidate,explicit_common_or_ADS_or_registered_voting_share,Linkers Industries Limited - Class A Ordinary Shares
LNT,retained_exact_CIK_coverage_changed,,352541,candidate,explicit_common_or_ADS_or_registered_voting_share,Alliant Energy Corporation - Common Stock
LOBO,retained_exact_CIK_coverage_changed,,1932072,candidate,explicit_common_or_ADS_or_registered_voting_share,LOBO TECHNOLOGIES LTD. - Class A Ordinary Shares
LOCL,retained_exact_CIK_coverage_changed,,1840780,candidate,explicit_common_or_ADS_or_registered_voting_share,Local Bounti Corporation Common Stock
LOGI,added_to_registered_watch_pool,,1032975,candidate,explicit_common_or_ADS_or_registered_voting_share,Logitech International S.A. - Registered Shares
LOMA,added_to_registered_watch_pool,,1711375,candidate,explicit_common_or_ADS_or_registered_voting_share,Loma Negra Compania Industrial Argentina Sociedad Anonima ADS
LOT,added_to_registered_watch_pool,,1962746,candidate,explicit_common_or_ADS_or_registered_voting_share,Lotus Technology Inc. - American Depositary Shares
LPA,retained_exact_CIK_coverage_changed,,1997711,candidate,explicit_common_or_ADS_or_registered_voting_share,Logistic Properties of the Americas Ordinary Shares
LPBB,retained_exact_CIK_coverage_changed,,2023676,candidate,explicit_common_or_ADS_or_registered_voting_share,Launch Two Acquisition Corp. - Class A Ordinary Shares
LPL,retained_exact_CIK_coverage_changed,,1290109,candidate,explicit_common_or_ADS_or_registered_voting_share,"LG Display Co, Ltd AMERICAN DEPOSITORY SHARES"
LRE,added_to_registered_watch_pool,,1888980,candidate,explicit_common_or_ADS_or_registered_voting_share,"Lead Real Estate Co., Ltd - American Depositary Shares"
LSCC,retained_exact_CIK_coverage_changed,,855658,candidate,explicit_common_or_ADS_or_registered_voting_share,Lattice Semiconductor Corporation - Common Stock
LSE,retained_exact_CIK_coverage_changed,,1985139,candidate,explicit_common_or_ADS_or_registered_voting_share,"Leishen Energy Holding Co., Ltd. - Class A Ordinary Shares"
LSPD,added_to_registered_watch_pool,,1823306,candidate,explicit_common_or_ADS_or_registered_voting_share,Lightspeed Commerce Inc. Subordinate Voting Shares
LTM,added_to_registered_watch_pool,,1047716,candidate,explicit_common_or_ADS_or_registered_voting_share,"LATAM Airlines Group S.A. American Depositary Shares (each representing two thousand (2,000) shares of Common Stock)"
LU,added_to_registered_watch_pool,,1816007,candidate,explicit_common_or_ADS_or_registered_voting_share,"Lufax Holding Ltd American Depositary Shares, each representing two (2) Ordinary Shares"
LUD,retained_exact_CIK_coverage_changed,,1984124,candidate,explicit_common_or_ADS_or_registered_voting_share,Luda Technology Group Limited Ordinary Shares
LUV,retained_exact_CIK_coverage_changed,,92380,candidate,explicit_common_or_ADS_or_registered_voting_share,Southwest Airlines Company Common Stock
LUXE,added_to_registered_watch_pool,,1831907,candidate,explicit_common_or_ADS_or_registered_voting_share,"LuxExperience B.V. American Depositary Shares, each representing one Ordinary Share"
LW,retained_exact_CIK_coverage_changed,,1679273,candidate,explicit_common_or_ADS_or_registered_voting_share,"Lamb Weston Holdings, Inc. Common Stock "
LX,added_to_registered_watch_pool,,1708259,candidate,explicit_common_or_ADS_or_registered_voting_share,LexinFintech Holdings Ltd. - American Depositary Shares
LXEH,added_to_registered_watch_pool,,1814067,candidate,explicit_common_or_ADS_or_registered_voting_share,"Lixiang Education Holding Co., Ltd. - American Depositary Shares"
LXP,retained_exact_CIK_coverage_changed,,910108,candidate,explicit_common_or_ADS_or_registered_voting_share,LXP Industrial Trust Common Stock (Maryland REIT)
LYB,retained_exact_CIK_coverage_changed,,1489393,candidate,explicit_common_or_ADS_or_registered_voting_share,LyondellBasell Industries NV Ordinary Shares Class A (Netherlands)
LYG,added_to_registered_watch_pool,,1160106,candidate,explicit_common_or_ADS_or_registered_voting_share,Lloyds Banking Group Plc American Depositary Shares
LYNX,retained_exact_CIK_coverage_changed,,2132582,candidate,explicit_common_or_ADS_or_registered_voting_share,Lyntris Inc. Common Stock
LZM,retained_exact_CIK_coverage_changed,,1958217,candidate,explicit_common_or_ADS_or_registered_voting_share,Lifezone Metals Limited Ordinary Shares
LZMH,retained_exact_CIK_coverage_changed,,1967397,candidate,explicit_common_or_ADS_or_registered_voting_share,LZ Technology Holdings Limited - Class B Ordinary Shares
MAA,retained_exact_CIK_coverage_changed,1581776,912595,candidate,explicit_common_or_ADS_or_registered_voting_share,"Mid-America Apartment Communities, Inc. Common Stock"
MAAS,retained_exact_CIK_coverage_changed,,1750264,candidate,explicit_common_or_ADS_or_registered_voting_share,Maase Inc. - Class A Ordinary Shares
MAC,retained_exact_CIK_coverage_changed,,912242,candidate,explicit_common_or_ADS_or_registered_voting_share,Macerich Company (The) Common Stock
MACI,retained_exact_CIK_coverage_changed,,2016221,candidate,explicit_common_or_ADS_or_registered_voting_share,Melar Acquisition Corp. I - Class A Ordinary Shares
MAGH,retained_exact_CIK_coverage_changed,,2046117,candidate,explicit_common_or_ADS_or_registered_voting_share,Magnitude International Ltd - Ordinary Shares
MAKO,retained_exact_CIK_coverage_changed,,1784930,candidate,explicit_common_or_ADS_or_registered_voting_share,Mako Mining Corp - Common Stock
MAMK,retained_exact_CIK_coverage_changed,,2008007,candidate,explicit_common_or_ADS_or_registered_voting_share,MaxsMaking Inc. - Class A Ordinary Shares
MAN,retained_exact_CIK_coverage_changed,,871763,candidate,explicit_common_or_ADS_or_registered_voting_share,ManpowerGroup Common Stock
MANE,retained_exact_CIK_coverage_changed,,1827635,candidate,explicit_common_or_ADS_or_registered_voting_share,"Veradermics, Incorporated Common Stock"
MANU,retained_exact_CIK_coverage_changed,,1549107,candidate,explicit_common_or_ADS_or_registered_voting_share,Manchester United Ltd. Class A Ordinary Shares
MAR,retained_exact_CIK_coverage_changed,,1048286,candidate,explicit_common_or_ADS_or_registered_voting_share,Marriott International - Class A Common Stock
MASK,retained_exact_CIK_coverage_changed,,1993097,candidate,explicit_common_or_ADS_or_registered_voting_share,3 E Network Technology Group Ltd - Class A Ordinary Shares
MAT,retained_exact_CIK_coverage_changed,,63276,candidate,explicit_common_or_ADS_or_registered_voting_share,"Mattel, Inc. - Common Stock"
MATH,retained_exact_CIK_coverage_changed,,1682241,candidate,explicit_common_or_ADS_or_registered_voting_share,Metalpha Technology Holding Limited - Ordinary Shares
MATW,retained_exact_CIK_coverage_changed,,63296,candidate,explicit_common_or_ADS_or_registered_voting_share,Matthews International Corporation - Class A Common Stock
MAYS,retained_exact_CIK_coverage_changed,,54187,candidate,explicit_common_or_ADS_or_registered_voting_share,"J. W. Mays, Inc. - Common Stock"
MB,retained_exact_CIK_coverage_changed,,2027265,candidate,explicit_common_or_ADS_or_registered_voting_share,MasterBeef Group - Ordinary Shares
MBAI,retained_exact_CIK_coverage_changed,,1610590,candidate,explicit_common_or_ADS_or_registered_voting_share,MBody AI Ltd. - Ordinary Share
MC,retained_exact_CIK_coverage_changed,,1596967,candidate,explicit_common_or_ADS_or_registered_voting_share,Moelis & Company Class A Common Stock
MCI,retained_exact_CIK_coverage_changed,,275694,candidate,explicit_common_or_ADS_or_registered_voting_share,Barings Corporate Investors Common Stock
MCRP,retained_exact_CIK_coverage_changed,,1993431,candidate,explicit_common_or_ADS_or_registered_voting_share,Micropolis AI Robotics Ordinary Shares
MCS,retained_exact_CIK_coverage_changed,,62234,candidate,explicit_common_or_ADS_or_registered_voting_share,Marcus Corporation (The) Common Stock
MCTA,retained_exact_CIK_coverage_changed,,2035992,candidate,explicit_common_or_ADS_or_registered_voting_share,Charming Medical Limited - Class A Ordinary Shares
MDA,retained_exact_CIK_coverage_changed,,1857047,candidate,explicit_common_or_ADS_or_registered_voting_share,MDA Space Ltd. Common Shares
MDBH,added_to_registered_watch_pool,,1934642,candidate,explicit_common_or_ADS_or_registered_voting_share,"MDB Capital Holdings, LLC - Class A common "
MDU,retained_exact_CIK_coverage_changed,,67716,candidate,explicit_common_or_ADS_or_registered_voting_share,"MDU Resources Group, Inc. Common Stock (Holding Company)"
MDWD,retained_exact_CIK_coverage_changed,,1593984,candidate,explicit_common_or_ADS_or_registered_voting_share,MediWound Ltd. - Ordinary Shares
MDXH,retained_exact_CIK_coverage_changed,,1872529,candidate,explicit_common_or_ADS_or_registered_voting_share,MDxHealth SA - Ordinary Shares
MEGL,retained_exact_CIK_coverage_changed,,1881472,candidate,explicit_common_or_ADS_or_registered_voting_share,Magic Empire Global Limited - Class A Ordinary Shares
MENS,retained_exact_CIK_coverage_changed,,1954488,candidate,explicit_common_or_ADS_or_registered_voting_share,Jyong Biotech Ltd. - Ordinary shares
MEOH,retained_exact_CIK_coverage_changed,,886977,candidate,explicit_common_or_ADS_or_registered_voting_share,Methanex Corporation - Common Stock
MESO,added_to_registered_watch_pool,,1345099,candidate,explicit_common_or_ADS_or_registered_voting_share,Mesoblast Limited - American Depositary Shares
MF,retained_exact_CIK_coverage_changed,,1888525,candidate,explicit_common_or_ADS_or_registered_voting_share,MindForge Inc. - Class A Ordinary Shares
MFA,added_to_registered_watch_pool,,1055160,review,SEC_listed_ticker_security_description_requires_review,"MFA Financial, Inc."
MFC,retained_exact_CIK_coverage_changed,,1086888,candidate,explicit_common_or_ADS_or_registered_voting_share,Manulife Financial Corporation Common Stock
MFG,retained_exact_CIK_coverage_changed,,1335730,candidate,explicit_common_or_ADS_or_registered_voting_share,"Mizuho Financial Group, Inc. Sponosred ADR (Japan)"
MGA,retained_exact_CIK_coverage_changed,,749098,candidate,explicit_common_or_ADS_or_registered_voting_share,"Magna International, Inc. Common Stock"
MGEE,retained_exact_CIK_coverage_changed,61339,1161728,candidate,explicit_common_or_ADS_or_registered_voting_share,MGE Energy Inc. - Common Stock
MGIH,retained_exact_CIK_coverage_changed,,1903995,candidate,explicit_common_or_ADS_or_registered_voting_share,Millennium Group International Holdings Limited - Ordinary Shares
MGN,retained_exact_CIK_coverage_changed,,1995075,candidate,explicit_common_or_ADS_or_registered_voting_share,Megan Holdings Limited - Class A Ordinary Shares
MGRT,retained_exact_CIK_coverage_changed,,2033377,candidate,explicit_common_or_ADS_or_registered_voting_share,Mega Fortune Company Limited - Ordinary Shares
MGY,retained_exact_CIK_coverage_changed,,1698990,candidate,explicit_common_or_ADS_or_registered_voting_share,Magnolia Oil & Gas Corporation Class A Common Stock
MHD,removed_explicit_non_equity,,,excluded,investment_fund_or_note,"Blackrock MuniHoldings Fund, Inc. Common Stock"
MHF,removed_explicit_non_equity,,,excluded,investment_fund_or_note,"Western Asset Municipal High Income Fund, Inc. Common Stock"
MI,retained_exact_CIK_coverage_changed,,1958713,candidate,explicit_common_or_ADS_or_registered_voting_share,NFT Limited Class A Ordinary Share
MICC,retained_exact_CIK_coverage_changed,,2071668,candidate,explicit_common_or_ADS_or_registered_voting_share,The Magnum Ice Cream Company N.V. Ordinary Shares
MIMI,retained_exact_CIK_coverage_changed,,1998560,candidate,explicit_common_or_ADS_or_registered_voting_share,Mint Incorporation Limited - Class A Ordinary Shares
MINE,retained_exact_CIK_coverage_changed,,1823255,candidate,explicit_common_or_ADS_or_registered_voting_share,Mayfair Gold Corp. Common Shares
MIY,removed_explicit_non_equity,,,excluded,investment_fund_or_note,"Blackrock MuniYield Michigan Quality Fund, Inc. Common Stock"
MKDW,retained_exact_CIK_coverage_changed,,1991332,candidate,explicit_common_or_ADS_or_registered_voting_share,MKDWELL Tech Inc. - Ordinary Shares
MLAB,retained_exact_CIK_coverage_changed,,724004,candidate,explicit_common_or_ADS_or_registered_voting_share,"Mesa Laboratories, Inc. - Common Stock"
MLCO,added_to_registered_watch_pool,,1381640,candidate,explicit_common_or_ADS_or_registered_voting_share,Melco Resorts & Entertainment Limited - American Depositary Shares 
MLEC,retained_exact_CIK_coverage_changed,,1937737,candidate,explicit_common_or_ADS_or_registered_voting_share,Moolec Science SA - Ordinary Shares
MLGO,retained_exact_CIK_coverage_changed,,1800392,candidate,explicit_common_or_ADS_or_registered_voting_share,"MicroAlgo, Inc. - Ordinary Shares"
MLP,retained_exact_CIK_coverage_changed,,63330,candidate,explicit_common_or_ADS_or_registered_voting_share,"Maui Land & Pineapple Company, Inc. Common Stock"
MMA,retained_exact_CIK_coverage_changed,,1981519,candidate,explicit_common_or_ADS_or_registered_voting_share,Mixed Martial Arts Group Limited Ordinary Shares
MMEDV,retained_exact_CIK_coverage_changed,2062583,,candidate,explicit_common_or_ADS_or_registered_voting_share,"MiniMed Group, Inc. - Common Stock When Issued"
MMU,removed_explicit_non_equity,,,excluded,investment_fund_or_note,"Western Asset Managed Municipals Fund, Inc. Common Stock"
MMYT,retained_exact_CIK_coverage_changed,,1495153,candidate,explicit_common_or_ADS_or_registered_voting_share,MakeMyTrip Limited - Ordinary Shares
MNDO,retained_exact_CIK_coverage_changed,,1119083,candidate,explicit_common_or_ADS_or_registered_voting_share,MIND C.T.I. Ltd. - Ordinary Shares
MNDR,retained_exact_CIK_coverage_changed,,1976695,candidate,explicit_common_or_ADS_or_registered_voting_share,Mobile-health Network Solutions - Class A Ordinary Shares
MNDY,retained_exact_CIK_coverage_changed,,1845338,candidate,explicit_common_or_ADS_or_registered_voting_share,monday.com Ltd. - Ordinary Shares
MNSBP,added_to_registered_watch_pool,,1693577,review,depositary_underlying_security_not_confirmed,"MainStreet Bancshares, Inc. - Depositary Shares"
MNSO,added_to_registered_watch_pool,,1815846,candidate,explicit_common_or_ADS_or_registered_voting_share,"MINISO Group Holding Limited American Depositary Shares, each representing four Ordinary Shares"
MNST,retained_exact_CIK_coverage_changed,,865752,candidate,explicit_common_or_ADS_or_registered_voting_share,Monster Beverage Corporation - Common Stock
MNY,retained_exact_CIK_coverage_changed,,1974044,candidate,explicit_common_or_ADS_or_registered_voting_share,MoneyHero Limited - Class A Ordinary Shares
MO,added_to_registered_watch_pool,,764180,review,SEC_listed_ticker_security_description_requires_review,"Altria Group, Inc."
MOB,retained_exact_CIK_coverage_changed,,1898643,candidate,explicit_common_or_ADS_or_registered_voting_share,Mobilicom Limited - Ordinary Shares
MOD,retained_exact_CIK_coverage_changed,,67347,candidate,explicit_common_or_ADS_or_registered_voting_share,Modine Manufacturing Company Common Stock
MOGU,added_to_registered_watch_pool,,1743971,candidate,explicit_common_or_ADS_or_registered_voting_share,MOGU Inc. American Depositary Shares (each  representing 25 Class A Ordinary Shares)
MOLN,added_to_registered_watch_pool,,1745114,candidate,explicit_common_or_ADS_or_registered_voting_share,Molecular Partners AG - American Depositary Shares
MOMO,added_to_registered_watch_pool,,1610601,candidate,explicit_common_or_ADS_or_registered_voting_share,Hello Group Inc.  - American Depositary Shares
MOS,retained_exact_CIK_coverage_changed,,1285785,candidate,explicit_common_or_ADS_or_registered_voting_share,Mosaic Company (The) Common Stock
MP,retained_exact_CIK_coverage_changed,,1801368,candidate,explicit_common_or_ADS_or_registered_voting_share,MP Materials Corp. Common Stock
MPA,removed_explicit_non_equity,,,excluded,investment_fund_or_note,Blackrock MuniYield Pennsylvania Quality Fund Common Stock
MPB,retained_exact_CIK_coverage_changed,,879635,candidate,explicit_common_or_ADS_or_registered_voting_share,Mid Penn Bancorp - Common Stock
MPT,retained_exact_CIK_coverage_changed,1524607,1287865,candidate,explicit_common_or_ADS_or_registered_voting_share,"Medical Properties Trust, Inc. common stock"
MPU,retained_exact_CIK_coverage_changed,,1953021,candidate,explicit_common_or_ADS_or_registered_voting_share,Mega Matrix Inc. Class A Ordinary Shares
MPV,retained_exact_CIK_coverage_changed,,831655,candidate,explicit_common_or_ADS_or_registered_voting_share,Barings Participation Investors Common Stock
MQY,removed_explicit_non_equity,,,excluded,investment_fund_or_note,"Blackrock MuniYield Quality Fund, Inc. Common Stock"
MRBK,retained_exact_CIK_coverage_changed,,1750735,candidate,explicit_common_or_ADS_or_registered_voting_share,Meridian Corporation - Common Stock
MRDN,retained_exact_CIK_coverage_changed,,1437925,candidate,explicit_common_or_ADS_or_registered_voting_share,Meridian Holdings Inc. - Common Stock
MREO,added_to_registered_watch_pool,,1719714,candidate,explicit_common_or_ADS_or_registered_voting_share,Mereo BioPharma Group plc - American Depositary Shares
MRK,retained_exact_CIK_coverage_changed,,310158,candidate,explicit_common_or_ADS_or_registered_voting_share,"Merck & Company, Inc. Common Stock (new)"
MRM,retained_exact_CIK_coverage_changed,,1819704,candidate,explicit_common_or_ADS_or_registered_voting_share,MEDIROM Healthcare Technologies Inc. - American Depositary Share
MRNO,retained_exact_CIK_coverage_changed,,1988776,candidate,explicit_common_or_ADS_or_registered_voting_share,Murano Global Investments PLC - Ordinary Shares
MRSH,retained_exact_CIK_coverage_changed,,62709,candidate,explicit_common_or_ADS_or_registered_voting_share,Marsh Common Stock
MRT,retained_exact_CIK_coverage_changed,,1852767,candidate,explicit_common_or_ADS_or_registered_voting_share,"Marti Technologies, Inc. Class A Ordinary Shares"
MRX,retained_exact_CIK_coverage_changed,,1997464,candidate,explicit_common_or_ADS_or_registered_voting_share,Marex Group Limited - Ordinary Shares
MSA,retained_exact_CIK_coverage_changed,,66570,candidate,explicit_common_or_ADS_or_registered_voting_share,MSA Safety Incorporated Common Stock
MSC,added_to_registered_watch_pool,,1713334,candidate,explicit_common_or_ADS_or_registered_voting_share,"Studio City International Holdings Limited American depositary shares, each representing four  Class A ordinary shares"
MSD,removed_explicit_non_equity,,,excluded,investment_fund_or_note,"Morgan Stanley Emerging Markets Debt Fund, Inc. Common Stock"
MSDL,removed_explicit_non_equity,1782524,,excluded,investment_fund_or_note,Morgan Stanley Direct Lending Fund Common Stock
MSGS,retained_exact_CIK_coverage_changed,,1636519,candidate,explicit_common_or_ADS_or_registered_voting_share,Madison Square Garden Sports Corp. Class A Common Stock (New)
MSGY,retained_exact_CIK_coverage_changed,,2020228,candidate,explicit_common_or_ADS_or_registered_voting_share,Masonglory Limited - Class A Ordinary Shares
MSIF,removed_explicit_non_equity,1535778,,excluded,investment_fund_or_note,"MSC Income Fund, Inc. Common Stock"
MSLE,retained_exact_CIK_coverage_changed,,1421642,candidate,explicit_common_or_ADS_or_registered_voting_share,Satellos Bioscience Inc. - Common Stock
MSM,retained_exact_CIK_coverage_changed,,1003078,candidate,explicit_common_or_ADS_or_registered_voting_share,"MSC Industrial Direct Company, Inc. Common Stock"
MSN,retained_exact_CIK_coverage_changed,,32621,candidate,explicit_common_or_ADS_or_registered_voting_share,Emerson Radio Corporation Common Stock
MSS,retained_exact_CIK_coverage_changed,,1892292,candidate,explicit_common_or_ADS_or_registered_voting_share,Maison Solutions Inc. - Class A Common Stock
MT,added_to_registered_watch_pool,,1243429,candidate,explicit_common_or_ADS_or_registered_voting_share,Arcelor Mittal NY Registry Shares NEW
MTA,retained_exact_CIK_coverage_changed,,1722606,candidate,explicit_common_or_ADS_or_registered_voting_share,Metalla Royalty & Streaming Ltd. Common Shares
MTEK,retained_exact_CIK_coverage_changed,,1872964,candidate,explicit_common_or_ADS_or_registered_voting_share,Maris-Tech Ltd. - ordinary shares
MTEN,retained_exact_CIK_coverage_changed,,1948099,candidate,explicit_common_or_ADS_or_registered_voting_share,Mingteng International Corporation Inc. - Class A Ordinary Shares
MTEX,retained_exact_CIK_coverage_changed,,1056358,candidate,explicit_common_or_ADS_or_registered_voting_share,"Mannatech, Incorporated - Common Stock"
MTG,retained_exact_CIK_coverage_changed,,876437,candidate,explicit_common_or_ADS_or_registered_voting_share,MGIC Investment Corporation Common Stock
MTLS,added_to_registered_watch_pool,,1091223,candidate,explicit_common_or_ADS_or_registered_voting_share,Materialise NV - American Depositary Shares
MTR,retained_exact_CIK_coverage_changed,,313364,candidate,explicit_common_or_ADS_or_registered_voting_share,Mesa Royalty Trust Common Stock
MTRN,added_to_registered_watch_pool,,1104657,review,SEC_listed_ticker_security_description_requires_review,Materion Corporation
MTRX,retained_exact_CIK_coverage_changed,,866273,candidate,explicit_common_or_ADS_or_registered_voting_share,Matrix Service Company - Common Stock
MTW,retained_exact_CIK_coverage_changed,,61986,candidate,explicit_common_or_ADS_or_registered_voting_share,"Manitowoc Company, Inc. (The) Common Stock"
MUA,removed_explicit_non_equity,,,excluded,investment_fund_or_note,"Blackrock MuniAssets Fund, Inc Common Stock"
MUC,removed_explicit_non_equity,,,excluded,investment_fund_or_note,"Blackrock MuniHoldings California Quality Fund, Inc.  Common Stock"
MUFG,retained_exact_CIK_coverage_changed,,67088,candidate,explicit_common_or_ADS_or_registered_voting_share,"Mitsubishi UFJ Financial Group, Inc. Common Stock"
MUJ,removed_explicit_non_equity,,,excluded,investment_fund_or_note,"Blackrock MuniHoldings New Jersey Quality Fund, Inc. Common Stock"
MWA,retained_exact_CIK_coverage_changed,,1350593,candidate,explicit_common_or_ADS_or_registered_voting_share,MUELLER WATER PRODUCTS Common Stock
MWC,added_to_registered_watch_pool,,2083526,candidate,explicit_common_or_ADS_or_registered_voting_share,"Micware Co., Ltd. - American Depositary Shares"
MWG,retained_exact_CIK_coverage_changed,,1941500,candidate,explicit_common_or_ADS_or_registered_voting_share,Multi Ways Holdings Limited Class A Ordinary Shares
MXE,removed_explicit_non_equity,,,excluded,investment_fund_or_note,"Mexico Equity and Income Fund, Inc. (The) Common Stock"
MXF,removed_explicit_non_equity,,,excluded,investment_fund_or_note,"Mexico Fund, Inc. (The) Common Stock"
MYI,removed_explicit_non_equity,,,excluded,investment_fund_or_note,"Blackrock MuniYield Quality Fund III, Inc Common Stock"
MYN,removed_explicit_non_equity,,,excluded,investment_fund_or_note,"Blackrock MuniYield New York Quality Fund, Inc.Common Stock"
MYND,added_to_registered_watch_pool,,1708441,candidate,explicit_common_or_ADS_or_registered_voting_share,"Mynd.ai, Inc. American Depositary Shares"
NA,retained_exact_CIK_coverage_changed,,1872302,candidate,explicit_common_or_ADS_or_registered_voting_share,Nano Labs Ltd - Class A Ordinary Shares
NAAS,added_to_registered_watch_pool,,1712178,candidate,explicit_common_or_ADS_or_registered_voting_share,NaaS Technology Inc. - American Depositary Shares
NAD,removed_explicit_non_equity,,,excluded,investment_fund_or_note,Nuveen Quality Municipal Income Fund Common Stock
NAK,retained_exact_CIK_coverage_changed,,1164771,candidate,explicit_common_or_ADS_or_registered_voting_share,"Northern Dynasty Minerals, Ltd. Common Stock"
NAMI,added_to_registered_watch_pool,,1967631,candidate,explicit_common_or_ADS_or_registered_voting_share,Jinxin Technology Holding Company - American Depositary Shares
NAMM,retained_exact_CIK_coverage_changed,,2026514,candidate,explicit_common_or_ADS_or_registered_voting_share,Namib Minerals - Ordinary Shares
NAN,removed_explicit_non_equity,,,excluded,investment_fund_or_note,Nuveen New York Quality Municipal Income Fund Common Stock
NAT,retained_exact_CIK_coverage_changed,,1000177,candidate,explicit_common_or_ADS_or_registered_voting_share,Nordic American Tankers Limited Common Stock
NAZ,removed_explicit_non_equity,,,excluded,investment_fund_or_note,Nuveen Arizona Quality Municipal Income Fund Common Stock
NBH,removed_explicit_non_equity,,,excluded,investment_fund_or_note,Neuberger Municipal Fund Inc. Common Stock
NBHC,retained_exact_CIK_coverage_changed,,1475841,candidate,explicit_common_or_ADS_or_registered_voting_share,National Bank Holdings Corporation Common Stock
NBIS,retained_exact_CIK_coverage_changed,,1513845,candidate,explicit_common_or_ADS_or_registered_voting_share,Nebius Group N.V. - Class A Ordinary Shares
NBP,added_to_registered_watch_pool,,1778016,candidate,explicit_common_or_ADS_or_registered_voting_share,NovaBridge Biosciences - American Depositary Shares
NBR,added_to_registered_watch_pool,,1163739,review,SEC_listed_ticker_security_description_requires_review,Nabors Industries Ltd.
NBTX,added_to_registered_watch_pool,,1760854,candidate,explicit_common_or_ADS_or_registered_voting_share,Nanobiotix S.A. - ADSs
NBXG,removed_explicit_non_equity,,,excluded,investment_fund_or_note,Neuberger Next Generation Connectivity Fund Inc. Common Stock
NCEL,retained_exact_CIK_coverage_changed,,1783036,candidate,explicit_common_or_ADS_or_registered_voting_share,NewcelX Ltd. - Ordinary Shares
NCEW,retained_exact_CIK_coverage_changed,,1968043,candidate,explicit_common_or_ADS_or_registered_voting_share,New Century Logistics (BVI) Limited - Ordinary Shares
NCI,retained_exact_CIK_coverage_changed,,1916331,candidate,explicit_common_or_ADS_or_registered_voting_share,Neo-Concept International Group Holdings Limited - Class A Ordinary Shares
NCNA,added_to_registered_watch_pool,,1709626,candidate,explicit_common_or_ADS_or_registered_voting_share,NuCana plc - American Depositary Shares
NCPL,retained_exact_CIK_coverage_changed,,1414767,candidate,explicit_common_or_ADS_or_registered_voting_share,Netcapital Inc. - Common Stock
NCT,retained_exact_CIK_coverage_changed,,2018529,candidate,explicit_common_or_ADS_or_registered_voting_share,Intercont (Cayman) Limited - Class A Ordinary shares
NCTY,retained_exact_CIK_coverage_changed,,1296774,candidate,explicit_common_or_ADS_or_registered_voting_share,The9 Limited - American Depository Shares
NE,retained_exact_CIK_coverage_changed,,1895262,candidate,explicit_common_or_ADS_or_registered_voting_share,Noble Corporation plc A Ordinary Shares
NEE,retained_exact_CIK_coverage_changed,37634,753308,candidate,explicit_common_or_ADS_or_registered_voting_share,"NextEra Energy, Inc. Common Stock"
NEGG,retained_exact_CIK_coverage_changed,,1474627,candidate,explicit_common_or_ADS_or_registered_voting_share,"Newegg Commerce, Inc. - Common Shares"
NEM,added_to_registered_watch_pool,,1164727,review,SEC_listed_ticker_security_description_requires_review,Newmont Corporation
NEU,retained_exact_CIK_coverage_changed,,1282637,candidate,explicit_common_or_ADS_or_registered_voting_share,NewMarket Corp Common Stock
NEWP,retained_exact_CIK_coverage_changed,,1369085,candidate,explicit_common_or_ADS_or_registered_voting_share,New Pacific Metals Corp. Common Shares
NEXA,retained_exact_CIK_coverage_changed,,1713930,candidate,explicit_common_or_ADS_or_registered_voting_share,Nexa Resources S.A. Common Shares
NEXM,retained_exact_CIK_coverage_changed,,795800,candidate,explicit_common_or_ADS_or_registered_voting_share,NexMetals Mining Corp. - Common Stock
NEXN,retained_exact_CIK_coverage_changed,,1849396,candidate,explicit_common_or_ADS_or_registered_voting_share,Nexxen International Ltd. - Ordinary Shares
NEXR,retained_exact_CIK_coverage_changed,,1885408,candidate,explicit_common_or_ADS_or_registered_voting_share,Nexera Technologies Ltd - Ordinary Shares
NFGC,retained_exact_CIK_coverage_changed,,1840616,candidate,explicit_common_or_ADS_or_registered_voting_share,New Found Gold Corp Common Shares
NG,added_to_registered_watch_pool,,1173420,review,SEC_listed_ticker_security_description_requires_review,Novagold Resources Inc.
NGEN,retained_exact_CIK_coverage_changed,,1751912,candidate,explicit_common_or_ADS_or_registered_voting_share,NervGen Pharma Corp. - Common stock
NGG,added_to_registered_watch_pool,,1004315,candidate,explicit_common_or_ADS_or_registered_voting_share,"National Grid Transco, PLC National Grid PLC (NEW) American Depositary Shares"
NGVT,retained_exact_CIK_coverage_changed,,1653477,candidate,explicit_common_or_ADS_or_registered_voting_share,Ingevity Corporation Common Stock 
NHC,retained_exact_CIK_coverage_changed,,1047335,candidate,explicit_common_or_ADS_or_registered_voting_share,National HealthCare Corporation Common Stock
NHS,removed_explicit_non_equity,,,excluded,investment_fund_or_note,Neuberger High Yield Strategies Fund Inc. Common Stock
NICE,added_to_registered_watch_pool,,1003935,candidate,explicit_common_or_ADS_or_registered_voting_share,NICE Ltd - American Depositary Shares each representing one Ordinary Share
NICM,added_to_registered_watch_pool,,1526475,candidate,explicit_common_or_ADS_or_registered_voting_share,Nicola Mining Inc. - American Depositary Shares
NIKI,retained_exact_CIK_coverage_changed,,1734005,candidate,explicit_common_or_ADS_or_registered_voting_share,"Niki BioSolutions, Inc. - Common Stock"
NIM,removed_explicit_non_equity,,,excluded,investment_fund_or_note,Nuveen Select Maturities Municipal Fund Common Stock
NIO,added_to_registered_watch_pool,,1736541,candidate,explicit_common_or_ADS_or_registered_voting_share,"NIO Inc. American depositary shares, each  representing one Class A ordinary share"
NIPG,added_to_registered_watch_pool,,1966233,candidate,explicit_common_or_ADS_or_registered_voting_share,NIP Group Inc. - American Depositary Shares
NIU,added_to_registered_watch_pool,,1744781,candidate,explicit_common_or_ADS_or_registered_voting_share,Niu Technologies - American Depositary Shares
NIVF,retained_exact_CIK_coverage_changed,,1981662,candidate,explicit_common_or_ADS_or_registered_voting_share,NewGenIvf Group Limited - Class A Ordinary Shares
NLOP,added_to_registered_watch_pool,,1952976,candidate,explicit_common_or_ADS_or_registered_voting_share,Net Lease Office Properties Common Shares of Beneficial Interest
NMG,retained_exact_CIK_coverage_changed,,1649752,candidate,explicit_common_or_ADS_or_registered_voting_share,Nouveau Monde Graphite Inc. Common Shares
NMI,removed_explicit_non_equity,,,excluded,investment_fund_or_note,"Nuveen Municipal Income Fund, Inc. Common Stock"
NML,removed_explicit_non_equity,,,excluded,investment_fund_or_note,Neuberger Energy Infrastructure and Income Fund Inc. Common Stock
NMR,added_to_registered_watch_pool,,1163653,candidate,explicit_common_or_ADS_or_registered_voting_share,Nomura Holdings Inc ADR American Depositary Shares
NMT,removed_explicit_non_equity,,,excluded,investment_fund_or_note,Nuveen Massachusetts Quality Municipal Income Fund Common Stock
NMZ,removed_explicit_non_equity,,,excluded,investment_fund_or_note,"Nuveen Municipal High Income Opportunity Fund Common Stock, $0.01 par value, per share"
NNDM,added_to_registered_watch_pool,,1643303,candidate,explicit_common_or_ADS_or_registered_voting_share,Nano Dimension Ltd. - American Depositary Shares
NNNN,retained_exact_CIK_coverage_changed,,1982708,candidate,explicit_common_or_ADS_or_registered_voting_share,Anbio Biotechnology - Class A Ordinary Shares
NNOX,retained_exact_CIK_coverage_changed,,1795251,candidate,explicit_common_or_ADS_or_registered_voting_share,NANO-X IMAGING LTD - Ordinary Shares
NNY,removed_explicit_non_equity,,,excluded,investment_fund_or_note,Nuveen New York Municipal Value Fund Common Stock
NOA,retained_exact_CIK_coverage_changed,,1368519,candidate,explicit_common_or_ADS_or_registered_voting_share,North American Construction Group Ltd. Common Shares (no par)
NOAH,added_to_registered_watch_pool,,1499543,candidate,explicit_common_or_ADS_or_registered_voting_share,Noah Holdings Limited American Depositary Shares
NOC,retained_exact_CIK_coverage_changed,,1133421,candidate,explicit_common_or_ADS_or_registered_voting_share,Northrop Grumman Corporation Common Stock
NOK,added_to_registered_watch_pool,,924613,candidate,explicit_common_or_ADS_or_registered_voting_share,Nokia Corporation Sponsored American Depositary Shares
NOMD,retained_exact_CIK_coverage_changed,,1651717,candidate,explicit_common_or_ADS_or_registered_voting_share,Nomad Foods Limited Ordinary Shares
NPAC,retained_exact_CIK_coverage_changed,,2048948,candidate,explicit_common_or_ADS_or_registered_voting_share,New Providence Acquisition Corp. III - Ordinary Shares
NPT,retained_exact_CIK_coverage_changed,,2014337,candidate,explicit_common_or_ADS_or_registered_voting_share,Texxon Holding Limited - Ordinary shares
NPV,removed_explicit_non_equity,,,excluded,investment_fund_or_note,Nuveen Virginia Quality Municipal Income Fund Common Stock
NRO,removed_explicit_non_equity,,,excluded,investment_fund_or_note,Neuberger Real Estate Securities Income Fund Inc. Common Stock
NRP,added_to_registered_watch_pool,,1171486,review,SEC_listed_ticker_security_description_requires_review,Natural Resource Partners LP Limited Partnership
NRSN,retained_exact_CIK_coverage_changed,,1875091,candidate,explicit_common_or_ADS_or_registered_voting_share,NeuroSense Therapeutics Ltd. - Ordinary Shares
NRT,retained_exact_CIK_coverage_changed,,72633,candidate,explicit_common_or_ADS_or_registered_voting_share,North European Oil Royality Trust Common Stock
NSAI,retained_exact_CIK_coverage_changed,,2133719,candidate,explicit_common_or_ADS_or_registered_voting_share,NorthStrive Acquisition Corp I. - Class A Ordinary Shares
NSC,retained_exact_CIK_coverage_changed,,702165,candidate,explicit_common_or_ADS_or_registered_voting_share,Norfolk Southern Corporation Common Stock
NSRX,retained_exact_CIK_coverage_changed,,2029039,candidate,explicit_common_or_ADS_or_registered_voting_share,Nasus Pharma Ltd. Ordinary Shares
NTB,retained_exact_CIK_coverage_changed,,1653242,candidate,explicit_common_or_ADS_or_registered_voting_share,Bank of N.T. Butterfield & Son Limited (The) Voting Ordinary Shares
NTCL,retained_exact_CIK_coverage_changed,,1927578,candidate,explicit_common_or_ADS_or_registered_voting_share,NETCLASS TECHNOLOGY INC - Class A Ordinary Shares
NTES,added_to_registered_watch_pool,,1110646,candidate,explicit_common_or_ADS_or_registered_voting_share,"NetEase, Inc. - American Depositary Shares, each representing 5 ordinary shares"
NTIC,retained_exact_CIK_coverage_changed,,875582,candidate,explicit_common_or_ADS_or_registered_voting_share,Northern Technologies International Corporation - Common Stock
NTR,retained_exact_CIK_coverage_changed,,1725964,candidate,explicit_common_or_ADS_or_registered_voting_share,Nutrien Ltd. Common Shares
NU,retained_exact_CIK_coverage_changed,,1691493,candidate,explicit_common_or_ADS_or_registered_voting_share,Nu Holdings Ltd. Class A Ordinary Shares
NUR,retained_exact_CIK_coverage_changed,,1680637,candidate,explicit_common_or_ADS_or_registered_voting_share,Nuran Wireless Inc. - Common Shares
NUV,removed_explicit_non_equity,,,excluded,investment_fund_or_note,"Nuveen Municipal Value Fund, Inc. Common Stock"
NVDA,retained_exact_CIK_coverage_changed,,1045810,candidate,explicit_common_or_ADS_or_registered_voting_share,NVIDIA Corporation - Common Stock
NVEC,retained_exact_CIK_coverage_changed,,724910,candidate,explicit_common_or_ADS_or_registered_voting_share,NVE Corporation - Common Stock
NVGS,retained_exact_CIK_coverage_changed,,1581804,candidate,explicit_common_or_ADS_or_registered_voting_share,Navigator Holdings Ltd. Ordinary Shares (Marshall Islands)
NVMI,retained_exact_CIK_coverage_changed,,1109345,candidate,explicit_common_or_ADS_or_registered_voting_share,Nova Ltd. - Ordinary Shares
NVNI,retained_exact_CIK_coverage_changed,,1965143,candidate,explicit_common_or_ADS_or_registered_voting_share,Nvni Group Limited - Ordinary Shares
NVO,retained_exact_CIK_coverage_changed,,353278,candidate,explicit_common_or_ADS_or_registered_voting_share,Novo Nordisk A/S Common Stock
NVS,retained_exact_CIK_coverage_changed,,1114448,candidate,explicit_common_or_ADS_or_registered_voting_share,Novartis AG Common Stock
NVT,retained_exact_CIK_coverage_changed,,1720635,candidate,explicit_common_or_ADS_or_registered_voting_share,nVent Electric plc Ordinary Shares 
NVX,retained_exact_CIK_coverage_changed,,1859795,candidate,explicit_common_or_ADS_or_registered_voting_share,NOVONIX Limited - American Depository Shares
NWCL,retained_exact_CIK_coverage_changed,,2131813,candidate,explicit_common_or_ADS_or_registered_voting_share,newcleo plc - Ordinary Shares
NWG,added_to_registered_watch_pool,,844150,candidate,explicit_common_or_ADS_or_registered_voting_share,"NatWest Group plc American Depositary Shares, (each representing two (2) Ordinary Shares)"
NWGL,added_to_registered_watch_pool,,1948294,candidate,explicit_common_or_ADS_or_registered_voting_share,CL Workshop Group Limited - American Depositary Shares
NXAT,retained_exact_CIK_coverage_changed,,2000756,candidate,explicit_common_or_ADS_or_registered_voting_share,Nexus Advanced Technologies Inc. - Ordinary Shares
NXB,added_to_registered_watch_pool,,2067767,candidate,explicit_common_or_ADS_or_registered_voting_share,NextBoat Inc. Common Stcok
NXE,retained_exact_CIK_coverage_changed,,1698535,candidate,explicit_common_or_ADS_or_registered_voting_share,Nexgen Energy Ltd. Common Shares
NXH,retained_exact_CIK_coverage_changed,,1130713,candidate,explicit_common_or_ADS_or_registered_voting_share,"Neighborhood Intelligence, Inc.  - Common Stock"
NXP,retained_exact_CIK_coverage_changed,,883618,candidate,explicit_common_or_ADS_or_registered_voting_share,Nuveen Select Tax Free Income Portfolio Common Stock
NYAX,retained_exact_CIK_coverage_changed,,1901279,candidate,explicit_common_or_ADS_or_registered_voting_share,Nayax Ltd. - Ordinary Shares
NYT,retained_exact_CIK_coverage_changed,,71691,candidate,explicit_common_or_ADS_or_registered_voting_share,New York Times Company (The) Common Stock
NYXH,retained_exact_CIK_coverage_changed,,1857190,candidate,explicit_common_or_ADS_or_registered_voting_share,Nyxoah SA - Ordinary Shares
OBAI,added_to_registered_watch_pool,,1756064,candidate,explicit_common_or_ADS_or_registered_voting_share,"Our Bond, Inc. - Common Stock"
OBDC,retained_exact_CIK_coverage_changed,,1655888,candidate,explicit_common_or_ADS_or_registered_voting_share,Blue Owl Capital Corporation Common Stock
OBE,retained_exact_CIK_coverage_changed,,1334388,candidate,explicit_common_or_ADS_or_registered_voting_share,Obsidian Energy Ltd. Common Shares
OC,retained_exact_CIK_coverage_changed,,1370946,candidate,explicit_common_or_ADS_or_registered_voting_share,Owens Corning Inc Common Stock New
OCG,retained_exact_CIK_coverage_changed,,1776067,candidate,explicit_common_or_ADS_or_registered_voting_share,Oriental Culture Holding LTD - Ordinary Shares
OCS,retained_exact_CIK_coverage_changed,,1953530,candidate,explicit_common_or_ADS_or_registered_voting_share,Oculis Holding AG - Ordinary shares
ODC,retained_exact_CIK_coverage_changed,,74046,candidate,explicit_common_or_ADS_or_registered_voting_share,Oil-Dri Corporation Of America Common Stock
ODD,retained_exact_CIK_coverage_changed,,1907085,candidate,explicit_common_or_ADS_or_registered_voting_share,ODDITY Tech Ltd. - Class A Ordinary Shares
OGC,retained_exact_CIK_coverage_changed,,1487326,candidate,explicit_common_or_ADS_or_registered_voting_share,OceanaGold Corporation Common Shares
OGE,retained_exact_CIK_coverage_changed,74145,1021635,candidate,explicit_common_or_ADS_or_registered_voting_share,OGE Energy Corp Common Stock
OGG,retained_exact_CIK_coverage_changed,,1431852,candidate,explicit_common_or_ADS_or_registered_voting_share,Osisko Gold Group Inc. Common Shares
OGI,retained_exact_CIK_coverage_changed,,1620737,candidate,explicit_common_or_ADS_or_registered_voting_share,Organigram Global Inc. - Common Shares
OGN,retained_exact_CIK_coverage_changed,,1821825,candidate,explicit_common_or_ADS_or_registered_voting_share,Organon & Co. Common Stock 
OIA,retained_exact_CIK_coverage_changed,,835333,candidate,explicit_common_or_ADS_or_registered_voting_share,Invesco Municipal Income Opportunities Trust Common Stock
OIG,retained_exact_CIK_coverage_changed,,2124472,candidate,explicit_common_or_ADS_or_registered_voting_share,Orion180 Insurance Group Inc. - Class A Common Stock
OIO,retained_exact_CIK_coverage_changed,,1957538,candidate,explicit_common_or_ADS_or_registered_voting_share,OIO Group - Ordinary Shares
OKYO,retained_exact_CIK_coverage_changed,,1849296,candidate,explicit_common_or_ADS_or_registered_voting_share,OKYO Pharma Limited - Ordinary Shares
OMAB,added_to_registered_watch_pool,,1378239,candidate,explicit_common_or_ADS_or_registered_voting_share,Grupo Aeroportuario del Centro Norte S.A.B. de C.V. - American Depositary Shares each representing 8 Series B shares
OMF,retained_exact_CIK_coverage_changed,25598,1584207,candidate,explicit_common_or_ADS_or_registered_voting_share,"OneMain Holdings, Inc. Common Stock"
OMH,retained_exact_CIK_coverage_changed,,1944902,candidate,explicit_common_or_ADS_or_registered_voting_share,Ohmyhome Limited - Class A Ordinary Shares
OMSE,retained_exact_CIK_coverage_changed,,2012219,candidate,explicit_common_or_ADS_or_registered_voting_share,OMS Energy Technologies Inc. - Ordinary Shares
ONC,added_to_registered_watch_pool,,1651308,candidate,explicit_common_or_ADS_or_registered_voting_share,BeOne Medicines Ltd. - American Depositary Shares
ONEG,retained_exact_CIK_coverage_changed,,2030834,candidate,explicit_common_or_ADS_or_registered_voting_share,OneConstruction Group Limited - Ordinary Shares
ONEN,retained_exact_CIK_coverage_changed,,1846416,candidate,explicit_common_or_ADS_or_registered_voting_share,ONE Nuclear Energy Inc. - Common Stock
ONMD,retained_exact_CIK_coverage_changed,,1849380,candidate,explicit_common_or_ADS_or_registered_voting_share,OneMedNet Corp - Class A Common Stock
ONON,retained_exact_CIK_coverage_changed,,1858985,candidate,explicit_common_or_ADS_or_registered_voting_share,On Holding AG Class A Ordinary Shares
OPI,added_to_registered_watch_pool,,1456772,candidate,explicit_common_or_ADS_or_registered_voting_share,Office Properties Income Trust - Common shares of beneficial interest
OPP,removed_explicit_non_equity,,,excluded,investment_fund_or_note,"RiverNorth/DoubleLine Strategic Opportunity Fund, Inc. Common Stock"
OPRA,added_to_registered_watch_pool,,1737450,candidate,explicit_common_or_ADS_or_registered_voting_share,Opera Limited - American Depositary Shares
OPRX,retained_exact_CIK_coverage_changed,,1448431,candidate,explicit_common_or_ADS_or_registered_voting_share,OptimizeRx Corporation - Common Stock
OPTH,retained_exact_CIK_coverage_changed,,2027329,candidate,explicit_common_or_ADS_or_registered_voting_share,Optimi Health Corp. - Common Shares
OPY,retained_exact_CIK_coverage_changed,,791963,candidate,explicit_common_or_ADS_or_registered_voting_share,"Oppenheimer Holdings, Inc. Class A Common Stock (DE)"
OR,retained_exact_CIK_coverage_changed,,1627272,candidate,explicit_common_or_ADS_or_registered_voting_share,OR Royalties Inc. Common Shares
ORGO,added_to_registered_watch_pool,,1661181,review,SEC_listed_ticker_security_description_requires_review,Organogenesis Holdings Inc.  - Class A 
ORIO,retained_exact_CIK_coverage_changed,,1602842,candidate,explicit_common_or_ADS_or_registered_voting_share,Orion Digital Corp. - Common Shares
ORKT,retained_exact_CIK_coverage_changed,,1979407,candidate,explicit_common_or_ADS_or_registered_voting_share,Orangekloud Technology Inc. - Class A Ordinary Shares
ORN,added_to_registered_watch_pool,,1402829,candidate,explicit_common_or_ADS_or_registered_voting_share,"Orion Group Holdings, Inc. Common"
OSK,retained_exact_CIK_coverage_changed,,775158,candidate,explicit_common_or_ADS_or_registered_voting_share,Oshkosh Corporation (Holding Company)Common Stock
OST,retained_exact_CIK_coverage_changed,,1803407,candidate,explicit_common_or_ADS_or_registered_voting_share,"Ostin Technology Group Co., Ltd. - Class A Ordinary Shares"
OTEX,retained_exact_CIK_coverage_changed,,1002638,candidate,explicit_common_or_ADS_or_registered_voting_share,Open Text Corporation - Common Shares
OTIS,retained_exact_CIK_coverage_changed,,1781335,candidate,explicit_common_or_ADS_or_registered_voting_share,Otis Worldwide Corporation Common Stock 
OTLY,added_to_registered_watch_pool,,1843586,candidate,explicit_common_or_ADS_or_registered_voting_share,Oatly Group AB - American Depositary Shares
OVLY,retained_exact_CIK_coverage_changed,,1431567,candidate,explicit_common_or_ADS_or_registered_voting_share,Oak Valley Bancorp (CA) - Common Stock
OVV,added_to_registered_watch_pool,,1792580,review,SEC_listed_ticker_security_description_requires_review,Ovintiv Inc. (DE)
OWLS,retained_exact_CIK_coverage_changed,,2025416,candidate,explicit_common_or_ADS_or_registered_voting_share,OBOOK Holdings Inc. - Class A Common Shares
OZK,retained_exact_CIK_coverage_changed,,1569650,candidate,explicit_common_or_ADS_or_registered_voting_share,Bank OZK - Common Stock
PAAI,retained_exact_CIK_coverage_changed,,894871,candidate,explicit_common_or_ADS_or_registered_voting_share,"Paradium.AI, Inc. Common Stock"
PAAS,retained_exact_CIK_coverage_changed,,771992,candidate,explicit_common_or_ADS_or_registered_voting_share,Pan American Silver Corp. Common Stock
PAC,added_to_registered_watch_pool,,1347557,review,SEC_listed_ticker_security_description_requires_review,"Grupo Aeroportuario Del Pacifico, S.A. B. de C.V. Grupo Aeroportuario Del Pacifico, S.A. de C.V. (each representing 10 Series B shares)"
PAGP,added_to_registered_watch_pool,,1581990,candidate,explicit_common_or_ADS_or_registered_voting_share,"Plains GP Holdings, L.P. - Class A Shares representing limited partner interests"
PAGS,retained_exact_CIK_coverage_changed,,1712807,candidate,explicit_common_or_ADS_or_registered_voting_share,PagSeguro Digital Ltd. Class A Common Shares
PAM,added_to_registered_watch_pool,,1469395,review,SEC_listed_ticker_security_description_requires_review,Pampa Energia S.A.
PASW,retained_exact_CIK_coverage_changed,,1897532,candidate,explicit_common_or_ADS_or_registered_voting_share,"Ping An Biomedical Co., Ltd. - Class A Ordinary Shares"
PAVS,retained_exact_CIK_coverage_changed,,1751876,candidate,explicit_common_or_ADS_or_registered_voting_share,Paranovus Entertainment Technology Ltd. - Class A Ordinary Shares
PAX,retained_exact_CIK_coverage_changed,,1825570,candidate,explicit_common_or_ADS_or_registered_voting_share,Patria Investments Limited - Class A Common Shares
PAYP,retained_exact_CIK_coverage_changed,,2080845,candidate,explicit_common_or_ADS_or_registered_voting_share,PayPay Corporation - American Depository Shares
PBA,retained_exact_CIK_coverage_changed,,1546066,candidate,explicit_common_or_ADS_or_registered_voting_share,Pembina Pipeline Corp. Ordinary Shares (Canada)
PBFS,retained_exact_CIK_coverage_changed,,1769663,candidate,explicit_common_or_ADS_or_registered_voting_share,"Pioneer Bancorp, Inc. - Common Stock"
PBK,retained_exact_CIK_coverage_changed,,2011053,candidate,explicit_common_or_ADS_or_registered_voting_share,PowerBank Corporation - Common Stock
PBM,retained_exact_CIK_coverage_changed,,1985062,candidate,explicit_common_or_ADS_or_registered_voting_share,Psyence Biomedical Ltd. - Common Shares
PBR,added_to_registered_watch_pool,,1119639,candidate,explicit_common_or_ADS_or_registered_voting_share,Petroleo Brasileiro S.A. Petrobras ADS
PBT,retained_exact_CIK_coverage_changed,,319654,candidate,explicit_common_or_ADS_or_registered_voting_share,Permian Basin Royalty Trust Common Stock
PC,retained_exact_CIK_coverage_changed,,1998056,candidate,explicit_common_or_ADS_or_registered_voting_share,Premium Catering (Holdings) Limited - Ordinary Shares
PCF,removed_explicit_non_equity,,,excluded,investment_fund_or_note,High Income Securities Fund Common Stock
PCG,retained_exact_CIK_coverage_changed,,1004980,candidate,explicit_common_or_ADS_or_registered_voting_share,Pacific Gas & Electric Co. Common Stock
PCLA,added_to_registered_watch_pool,,2018462,candidate,explicit_common_or_ADS_or_registered_voting_share,PicoCELA Inc. - American Depositary Shares
PCM,removed_explicit_non_equity,,,excluded,investment_fund_or_note,"PCM Fund, Inc. Common Stock"
PCN,removed_explicit_non_equity,,,excluded,investment_fund_or_note,Pimco Corporate & Income Strategy Fund Common Stock
PCQ,removed_explicit_non_equity,,,excluded,investment_fund_or_note,PIMCO California Municipal Income Fund Common Stock
PDC,added_to_registered_watch_pool,,1944399,candidate,explicit_common_or_ADS_or_registered_voting_share,Perpetuals.com Ltd - American Depositary Shares
PDCC,retained_exact_CIK_coverage_changed,,1998043,candidate,explicit_common_or_ADS_or_registered_voting_share,Pearl Diver Credit Company Inc. Common Stock
PDD,added_to_registered_watch_pool,,1737806,candidate,explicit_common_or_ADS_or_registered_voting_share,PDD Holdings Inc. - American Depositary Shares
PDI,removed_explicit_non_equity,,,excluded,investment_fund_or_note,PIMCO Dynamic Income Fund Common Stock
PDS,retained_exact_CIK_coverage_changed,,1013605,candidate,explicit_common_or_ADS_or_registered_voting_share,Precision Drilling Corporation Common Stock
PDSB,retained_exact_CIK_coverage_changed,,1472091,candidate,explicit_common_or_ADS_or_registered_voting_share,PDS Biotechnology Corporation - Common Stock
PEB,added_to_registered_watch_pool,,1474098,candidate,explicit_common_or_ADS_or_registered_voting_share,Pebblebrook Hotel Trust Common Shares of Beneficial Interest
PEO,removed_explicit_non_equity,,,excluded,investment_fund_or_note,"Adams Natural Resources Fund, Inc. Common Stock"
PERF,retained_exact_CIK_coverage_changed,,1899830,candidate,explicit_common_or_ADS_or_registered_voting_share,Perfect Corp. Class A Ordinary Share
PERI,retained_exact_CIK_coverage_changed,,1338940,candidate,explicit_common_or_ADS_or_registered_voting_share,Perion Network Ltd - Ordinary Shares
PETZ,retained_exact_CIK_coverage_changed,,1684425,candidate,explicit_common_or_ADS_or_registered_voting_share,"TDH Holdings, Inc. - Common Shares"
PFAI,retained_exact_CIK_coverage_changed,,2032755,candidate,explicit_common_or_ADS_or_registered_voting_share,Pinnacle Food Group Limited - Class A Common Shares
PFBC,added_to_registered_watch_pool,,1492165,candidate,explicit_common_or_ADS_or_registered_voting_share,Preferred Bank - Common Stock
PG,retained_exact_CIK_coverage_changed,,80424,candidate,explicit_common_or_ADS_or_registered_voting_share,Procter & Gamble Company (The) Common Stock
PGR,retained_exact_CIK_coverage_changed,,80661,candidate,explicit_common_or_ADS_or_registered_voting_share,Progressive Corporation (The) Common Stock
PHAR,retained_exact_CIK_coverage_changed,,1828316,candidate,explicit_common_or_ADS_or_registered_voting_share,"Pharming Group N.V. - ADS, each representing 10 ordinary shares"
PHG,added_to_registered_watch_pool,,313216,candidate,explicit_common_or_ADS_or_registered_voting_share,Koninklijke Philips N.V. NY Registry Shares
PHI,retained_exact_CIK_coverage_changed,,78150,candidate,explicit_common_or_ADS_or_registered_voting_share,PLDT Inc. Sponsored ADR
PHOE,retained_exact_CIK_coverage_changed,,2035709,candidate,explicit_common_or_ADS_or_registered_voting_share,Phoenix Asia Holdings Limited - Ordinary Shares
PHOS,added_to_registered_watch_pool,,1490078,candidate,explicit_common_or_ADS_or_registered_voting_share,First Phosphate Corp. - American Depositary Shares
PHVS,retained_exact_CIK_coverage_changed,,1830487,candidate,explicit_common_or_ADS_or_registered_voting_share,Pharvaris N.V. - Ordinary Shares
PICS,retained_exact_CIK_coverage_changed,,1841644,candidate,explicit_common_or_ADS_or_registered_voting_share,PicS N.V. - Class A Common Shares
PIM,added_to_registered_watch_pool,,830622,review,SEC_listed_ticker_security_description_requires_review,Franklin Master Intermediate Income Trust Shares of Beneficial Interest
PK,retained_exact_CIK_coverage_changed,,1617406,candidate,explicit_common_or_ADS_or_registered_voting_share,Park Hotels & Resorts Inc. Common Stock 
PKG,retained_exact_CIK_coverage_changed,,75677,candidate,explicit_common_or_ADS_or_registered_voting_share,Packaging Corporation of America Common Stock
PKX,added_to_registered_watch_pool,,889132,candidate,explicit_common_or_ADS_or_registered_voting_share,POSCO HOLDINGS INC. American Depositary Shares (Each representing 1/4th of a share of Common Stock)
PLCE,retained_exact_CIK_coverage_changed,,1041859,candidate,explicit_common_or_ADS_or_registered_voting_share,"Children's Place, Inc. (The) - Common Stock"
PLCI,retained_exact_CIK_coverage_changed,,2122392,candidate,explicit_common_or_ADS_or_registered_voting_share,Pelican Acquisition II Corporation - Ordinary Shares
PLD,retained_exact_CIK_coverage_changed,1045610,1045609,candidate,explicit_common_or_ADS_or_registered_voting_share,"Prologis, Inc. Common Stock"
PLG,retained_exact_CIK_coverage_changed,,1095052,candidate,explicit_common_or_ADS_or_registered_voting_share,Platinum Group Metals Ltd. Ordinary Shares (Canada)
PLRZ,retained_exact_CIK_coverage_changed,,1893645,candidate,explicit_common_or_ADS_or_registered_voting_share,Polyrizon Ltd. - Ordinary Shares
PLSM,retained_exact_CIK_coverage_changed,,2064764,candidate,explicit_common_or_ADS_or_registered_voting_share,Pulsenmore Ltd. - Ordinary Shares
PLUT,retained_exact_CIK_coverage_changed,,1933021,candidate,explicit_common_or_ADS_or_registered_voting_share,Plutus Financial Group Limited - Ordinary Shares
PLX,retained_exact_CIK_coverage_changed,,1006281,candidate,explicit_common_or_ADS_or_registered_voting_share,"Protalix BioTherapeutics, Inc. (DE) Common Stock"
PMA,retained_exact_CIK_coverage_changed,,1956166,candidate,explicit_common_or_ADS_or_registered_voting_share,PMA Graphene Technology Group Inc. - Class A Ordinary Shares
PMAX,retained_exact_CIK_coverage_changed,,2012096,candidate,explicit_common_or_ADS_or_registered_voting_share,Powell Max Limited - Class A Ordinary Shares
PMEC,retained_exact_CIK_coverage_changed,,1891944,candidate,explicit_common_or_ADS_or_registered_voting_share,Primech Holdings Ltd. - Ordinary Shares
PMM,added_to_registered_watch_pool,,844790,review,SEC_listed_ticker_security_description_requires_review,Franklin Managed Municipal Income Trust Shares of Beneficial Interest
PMO,added_to_registered_watch_pool,,900422,review,SEC_listed_ticker_security_description_requires_review,Franklin Municipal Opportunities Trust Shares of Beneficial Interest
PMT,added_to_registered_watch_pool,,1464423,candidate,explicit_common_or_ADS_or_registered_voting_share,PennyMac Mortgage Investment Trust Common Shares of Beneficial Interest
PN,retained_exact_CIK_coverage_changed,,2001288,candidate,explicit_common_or_ADS_or_registered_voting_share,PN Smart Energy Limited - Class A Ordinary Shares
PNC,retained_exact_CIK_coverage_changed,,713676,candidate,explicit_common_or_ADS_or_registered_voting_share,"PNC Financial Services Group, Inc. (The) Common Stock"
PNR,retained_exact_CIK_coverage_changed,,77360,candidate,explicit_common_or_ADS_or_registered_voting_share,Pentair plc. Ordinary Share
POAS,retained_exact_CIK_coverage_changed,,2024258,candidate,explicit_common_or_ADS_or_registered_voting_share,Phaos Technology Holdings (Cayman) Limited Class A Ordinary Shares
POET,retained_exact_CIK_coverage_changed,,1437424,candidate,explicit_common_or_ADS_or_registered_voting_share,POET Technologies Inc. - Common Shares
POM,added_to_registered_watch_pool,,1877971,candidate,explicit_common_or_ADS_or_registered_voting_share,POMDOCTOR LIMITED - American Depositary Shares
PONY,added_to_registered_watch_pool,,1969302,candidate,explicit_common_or_ADS_or_registered_voting_share,Pony AI Inc. - American Depositary Shares
POR,retained_exact_CIK_coverage_changed,,784977,candidate,explicit_common_or_ADS_or_registered_voting_share,Portland General Electric Co Common Stock
PPBT,added_to_registered_watch_pool,,1614744,candidate,explicit_common_or_ADS_or_registered_voting_share,Purple Biotech Ltd. - American Depositary Shares
PPL,retained_exact_CIK_coverage_changed,60549,922224,candidate,explicit_common_or_ADS_or_registered_voting_share,PPL Corporation Common Stock
PPT,added_to_registered_watch_pool,,827773,review,SEC_listed_ticker_security_description_requires_review,Franklin Premier Income Trust Shares of Beneficial Interest
PRDO,retained_exact_CIK_coverage_changed,,1046568,candidate,explicit_common_or_ADS_or_registered_voting_share,Perdoceo Education Corporation - Common Stock
PRE,retained_exact_CIK_coverage_changed,,1876431,candidate,explicit_common_or_ADS_or_registered_voting_share,Prenetics Global Limited - Class A Ordinary Share
PRFX,retained_exact_CIK_coverage_changed,,1801834,candidate,explicit_common_or_ADS_or_registered_voting_share,PRF Technologies Ltd. - Ordinary Shares
PRGS,retained_exact_CIK_coverage_changed,,876167,candidate,explicit_common_or_ADS_or_registered_voting_share,Progress Software Corporation - Common Stock
PRLD,retained_exact_CIK_coverage_changed,,1678660,candidate,explicit_common_or_ADS_or_registered_voting_share,Prelude Therapeutics Incorporated - Common Stock
PRM,retained_exact_CIK_coverage_changed,,1880319,candidate,explicit_common_or_ADS_or_registered_voting_share,"Perimeter Solutions, SA Common Stock"
PRMB,retained_exact_CIK_coverage_changed,,2042694,candidate,explicit_common_or_ADS_or_registered_voting_share,Primo Brands Corporation Class A Common Stock
PRQR,retained_exact_CIK_coverage_changed,,1612940,candidate,explicit_common_or_ADS_or_registered_voting_share,ProQR Therapeutics N.V. - Ordinary Shares
PRTA,retained_exact_CIK_coverage_changed,,1559053,candidate,explicit_common_or_ADS_or_registered_voting_share,Prothena Corporation plc - Ordinary Shares
PRZO,retained_exact_CIK_coverage_changed,,1916241,candidate,explicit_common_or_ADS_or_registered_voting_share,ParaZero Technologies Ltd. - Ordinary Shares
PSIG,retained_exact_CIK_coverage_changed,,1997201,candidate,explicit_common_or_ADS_or_registered_voting_share,PS International Group Ltd. - Ordinary Shares
PSNY,added_to_registered_watch_pool,,1884082,candidate,explicit_common_or_ADS_or_registered_voting_share,Polestar Automotive Holding UK Limited - Class A ADS
PSNYW,added_to_registered_watch_pool,,1884082,candidate,explicit_common_or_ADS_or_registered_voting_share,Polestar Automotive Holding UK Limited - Class C-1 ADS (ADW)
PSO,retained_exact_CIK_coverage_changed,,938323,candidate,explicit_common_or_ADS_or_registered_voting_share,"Pearson, Plc Common Stock"
PSQL,retained_exact_CIK_coverage_changed,,2119292,candidate,explicit_common_or_ADS_or_registered_voting_share,Pasqal Holding SA - Ordinary Shares
PSUS,retained_exact_CIK_coverage_changed,,2002660,candidate,explicit_common_or_ADS_or_registered_voting_share,"Pershing Square USA, Ltd. Common Shares"
PTAC,retained_exact_CIK_coverage_changed,,2099095,candidate,explicit_common_or_ADS_or_registered_voting_share,Patriot Acquisition Corp. - Class A Ordinary Shares
PTLE,retained_exact_CIK_coverage_changed,,2016337,candidate,explicit_common_or_ADS_or_registered_voting_share,PTL LTD - Class A Ordinary Shares
PUK,retained_exact_CIK_coverage_changed,,1116578,candidate,explicit_common_or_ADS_or_registered_voting_share,Prudential Public Limited Company Common Stock
PUSA,retained_exact_CIK_coverage_changed,,2009312,candidate,explicit_common_or_ADS_or_registered_voting_share,Powerus Corporation - Common Stock
PW,retained_exact_CIK_coverage_changed,,1532619,candidate,explicit_common_or_ADS_or_registered_voting_share,Power REIT (MD) Common Stock
PWRL,retained_exact_CIK_coverage_changed,,2052053,candidate,explicit_common_or_ADS_or_registered_voting_share,Powerlaw Corp. - Common Stock
PXS,retained_exact_CIK_coverage_changed,,1640043,candidate,explicit_common_or_ADS_or_registered_voting_share,Pyxis Tankers Inc. - Common Stock
PYPD,retained_exact_CIK_coverage_changed,,1611842,candidate,explicit_common_or_ADS_or_registered_voting_share,PolyPid Ltd. - Ordinary Shares
PYT,added_to_registered_watch_pool,,1294808,review,SEC_listed_ticker_security_description_requires_review,PPlus Tr GSC-2 Tr Ctf Fltg Rate
QCOM,retained_exact_CIK_coverage_changed,,804328,candidate,explicit_common_or_ADS_or_registered_voting_share,QUALCOMM Incorporated - Common Stock
QDEL,retained_exact_CIK_coverage_changed,,1906324,candidate,explicit_common_or_ADS_or_registered_voting_share,QuidelOrtho Corporation - Common Stock
QFIN,added_to_registered_watch_pool,,1741530,candidate,explicit_common_or_ADS_or_registered_voting_share,"Qfin Holdings, Inc.  - American Depositary Shares"
QGEN,retained_exact_CIK_coverage_changed,,1015820,candidate,explicit_common_or_ADS_or_registered_voting_share,Qiagen N.V. Common Shares
QH,retained_exact_CIK_coverage_changed,,1781193,candidate,explicit_common_or_ADS_or_registered_voting_share,Quhuo Limited - Class A Ordinary Shares
QMCO,retained_exact_CIK_coverage_changed,,709283,candidate,explicit_common_or_ADS_or_registered_voting_share,Quantum Corporation - Common Stock
QNC,retained_exact_CIK_coverage_changed,,2106613,candidate,explicit_common_or_ADS_or_registered_voting_share,Quantum eMotion Corp. Common Shares
QNRX,added_to_registered_watch_pool,,1671502,candidate,explicit_common_or_ADS_or_registered_voting_share,"Quoin Pharmaceuticals, Ltd. - American Depositary Shares"
QNTM,added_to_registered_watch_pool,,1771885,candidate,explicit_common_or_ADS_or_registered_voting_share,Quantum Biopharma Ltd. - Class B Subordinate Voting Shares
QTEX,retained_exact_CIK_coverage_changed,,1837493,candidate,explicit_common_or_ADS_or_registered_voting_share,QTREX Quantum Ltd. - Ordinary Shares
QUIK,retained_exact_CIK_coverage_changed,,882508,candidate,explicit_common_or_ADS_or_registered_voting_share,QuickLogic Corporation - Common Stock
QUMS,retained_exact_CIK_coverage_changed,,2070900,candidate,explicit_common_or_ADS_or_registered_voting_share,Quantumsphere Acquisition Corp. - Ordinary Shares
QVCG,retained_exact_CIK_coverage_changed,1355096,1254699,candidate,explicit_common_or_ADS_or_registered_voting_share,"QVC Group, Inc. - Common Stock"
RA,removed_explicit_non_equity,,,excluded,investment_fund_or_note,Brookfield Real Assets Income Fund Inc. Common Stock
RACC,retained_exact_CIK_coverage_changed,,2118032,candidate,explicit_common_or_ADS_or_registered_voting_share,Research Alliance Corporation III - Class A Ordinary Shares
RACE,retained_exact_CIK_coverage_changed,,1648416,candidate,explicit_common_or_ADS_or_registered_voting_share,Ferrari N.V. Common Shares
RADX,added_to_registered_watch_pool,,1949257,candidate,explicit_common_or_ADS_or_registered_voting_share,Radiopharm Theranostics Limited - American Depositary Shares
RAYA,retained_exact_CIK_coverage_changed,,1825875,candidate,explicit_common_or_ADS_or_registered_voting_share,Erayak Power Solution Group Inc. - Class A Ordinary Shares
RCG,removed_explicit_non_equity,,,excluded,investment_fund_or_note,"RENN Fund, Inc Common Stock"
RCI,retained_exact_CIK_coverage_changed,,733099,candidate,explicit_common_or_ADS_or_registered_voting_share,"Rogers Communication, Inc. Common Stock"
RCT,retained_exact_CIK_coverage_changed,,2027360,candidate,explicit_common_or_ADS_or_registered_voting_share,RedCloud Holdings plc - Ordinary Shares
RDCM,retained_exact_CIK_coverage_changed,,1016838,candidate,explicit_common_or_ADS_or_registered_voting_share,Radcom Ltd. - Ordinary Shares
RDGT,retained_exact_CIK_coverage_changed,,1856084,candidate,explicit_common_or_ADS_or_registered_voting_share,"Ridgetech, Inc. - Ordinary Shares"
RDHL,added_to_registered_watch_pool,,1553846,candidate,explicit_common_or_ADS_or_registered_voting_share,Redhill Biopharma Ltd. - American Depositary Shares
RDWR,retained_exact_CIK_coverage_changed,,1094366,candidate,explicit_common_or_ADS_or_registered_voting_share,Radware Ltd. - Ordinary Shares
RDY,retained_exact_CIK_coverage_changed,,1135951,candidate,explicit_common_or_ADS_or_registered_voting_share,Dr. Reddy's Laboratories Ltd Common Stock
REAX,retained_exact_CIK_coverage_changed,,2136387,candidate,explicit_common_or_ADS_or_registered_voting_share,Real REMAX Group Inc. - Common Stock
RECT,retained_exact_CIK_coverage_changed,,1995116,candidate,explicit_common_or_ADS_or_registered_voting_share,Rectitude Holdings Ltd - Ordinary Shares
REG,retained_exact_CIK_coverage_changed,1066247,910606,candidate,explicit_common_or_ADS_or_registered_voting_share,Regency Centers Corporation - Common Stock
RELX,added_to_registered_watch_pool,,929869,candidate,explicit_common_or_ADS_or_registered_voting_share,RELX PLC PLC American Depositary Shares (Each representing One Ordinary Share)
RERE,added_to_registered_watch_pool,,1838957,candidate,explicit_common_or_ADS_or_registered_voting_share,ATRenew Inc. American Depositary Shares (every three of which representing two Class A ordinary shares)
RETO,added_to_registered_watch_pool,,1687277,candidate,explicit_common_or_ADS_or_registered_voting_share,"ReTo Eco-Solutions, Inc. - Class A Shares"
REX,added_to_registered_watch_pool,,744187,review,SEC_listed_ticker_security_description_requires_review,REX American Resources Corporation
REZI,retained_exact_CIK_coverage_changed,,1740332,candidate,explicit_common_or_ADS_or_registered_voting_share,"Resideo Technologies, Inc. Common Stock "
RFI,removed_explicit_non_equity,,,excluded,investment_fund_or_note,"Cohen & Steers Total Return Realty Fund, Inc. Common Stock"
RFL,retained_exact_CIK_coverage_changed,,1713863,candidate,explicit_common_or_ADS_or_registered_voting_share,"Rafael Holdings, Inc. Class B Common Stock"
RFM,removed_explicit_non_equity,,,excluded,investment_fund_or_note,"RiverNorth Flexible Municipal Income Fund, Inc. Common Stock"
RFMZ,removed_explicit_non_equity,,,excluded,investment_fund_or_note,"RiverNorth Flexible Municipal Income Fund II, Inc. Common Stock"
RGC,retained_exact_CIK_coverage_changed,,1829667,candidate,explicit_common_or_ADS_or_registered_voting_share,Regencell Bioscience Holdings Limited - Ordinary Shares
RGEN,retained_exact_CIK_coverage_changed,,730272,candidate,explicit_common_or_ADS_or_registered_voting_share,Repligen Corporation - Common Stock
RGNT,retained_exact_CIK_coverage_changed,,1912966,candidate,explicit_common_or_ADS_or_registered_voting_share,Regentis Biomaterials Ltd. Ordinary Shares
RGS,retained_exact_CIK_coverage_changed,,716643,candidate,explicit_common_or_ADS_or_registered_voting_share,Regis Corporation - Common Stock
RGT,retained_exact_CIK_coverage_changed,,1514490,candidate,explicit_common_or_ADS_or_registered_voting_share,"Royce Global Trust, Inc. Common Stock"
RHLD,retained_exact_CIK_coverage_changed,,2039497,candidate,explicit_common_or_ADS_or_registered_voting_share,Resolute Holdings Management Common Stock 
RHP,added_to_registered_watch_pool,,1040829,review,SEC_listed_ticker_security_description_requires_review,"Ryman Hospitality Properties, Inc. (REIT)"
RIBB,retained_exact_CIK_coverage_changed,,2035016,candidate,explicit_common_or_ADS_or_registered_voting_share,Ribbon Acquisition Corp - Class A Ordinary Shares
RIG,retained_exact_CIK_coverage_changed,,1451505,candidate,explicit_common_or_ADS_or_registered_voting_share,Transocean Ltd (Switzerland) Common Stock
RIO,retained_exact_CIK_coverage_changed,,863064,candidate,explicit_common_or_ADS_or_registered_voting_share,Rio Tinto Plc Common Stock
RIV,removed_explicit_non_equity,,,excluded,investment_fund_or_note,"RiverNorth Opportunities Fund, Inc. Common Stock"
RIVN,retained_exact_CIK_coverage_changed,,1874178,candidate,explicit_common_or_ADS_or_registered_voting_share,"Rivian Automotive, Inc. - Class A Common Stock"
RKLB,retained_exact_CIK_coverage_changed,,1819994,candidate,explicit_common_or_ADS_or_registered_voting_share,Rocket Lab Corporation - Common Stock
RLI,retained_exact_CIK_coverage_changed,,84246,candidate,explicit_common_or_ADS_or_registered_voting_share,RLI Corp. Common Stock (DE)
RLJ,added_to_registered_watch_pool,,1511337,candidate,explicit_common_or_ADS_or_registered_voting_share,RLJ Lodging Trust Common Shares of Beneficial Interest $0.01 par value
RMI,removed_explicit_non_equity,,,excluded,investment_fund_or_note,"RiverNorth Opportunistic Municipal Income Fund, Inc. Common Stock"
RML,added_to_registered_watch_pool,,2102907,candidate,explicit_common_or_ADS_or_registered_voting_share,Resolution Minerals Ltd - American Depositary Shares
RMM,removed_explicit_non_equity,,,excluded,investment_fund_or_note,"RiverNorth Managed Duration Municipal Income Fund, Inc. Common Stock"
RMMZ,removed_explicit_non_equity,,,excluded,investment_fund_or_note,"RiverNorth Managed Duration Municipal Income Fund II, Inc. Common Stock"
RMR,retained_exact_CIK_coverage_changed,,1644378,candidate,explicit_common_or_ADS_or_registered_voting_share,The RMR Group Inc. - Class A Common Stock
RMSG,retained_exact_CIK_coverage_changed,,1983324,candidate,explicit_common_or_ADS_or_registered_voting_share,Real Messenger Corporation - Ordinary Shares
RMT,retained_exact_CIK_coverage_changed,,912147,candidate,explicit_common_or_ADS_or_registered_voting_share,"Royce Micro-Cap Trust, Inc. Common Stock"
RNAQ,retained_exact_CIK_coverage_changed,,2147219,candidate,explicit_common_or_ADS_or_registered_voting_share,Rainier Acquisition Corporation - Class A Ordinary Shares
RNST,retained_exact_CIK_coverage_changed,,715072,candidate,explicit_common_or_ADS_or_registered_voting_share,Renasant Corporation Common Stock
RNW,added_to_registered_watch_pool,,1848763,candidate,explicit_common_or_ADS_or_registered_voting_share,ReNew Energy Global plc - Class A Shares
ROG,retained_exact_CIK_coverage_changed,,84748,candidate,explicit_common_or_ADS_or_registered_voting_share,Rogers Corporation Common Stock
ROMA,retained_exact_CIK_coverage_changed,,1945240,candidate,explicit_common_or_ADS_or_registered_voting_share,Roma Green Finance Limited - Class A Ordinary Shares
RPGL,retained_exact_CIK_coverage_changed,,1912884,candidate,explicit_common_or_ADS_or_registered_voting_share,Republic Power Group Limited - Class A Ordinary Shares
RRX,retained_exact_CIK_coverage_changed,,82811,candidate,explicit_common_or_ADS_or_registered_voting_share,Regal Rexnord Corporation Common Stock
RSF,removed_explicit_non_equity,,,excluded,investment_fund_or_note,RiverNorth Capital and Income Fund Common Stock
RSKD,retained_exact_CIK_coverage_changed,,1851112,candidate,explicit_common_or_ADS_or_registered_voting_share,Riskified Ltd. Class A Ordinary Shares
RTO,added_to_registered_watch_pool,,930157,candidate,explicit_common_or_ADS_or_registered_voting_share,Rentokil Initial plc American Depositary Shares (each representing five (5) Ordinary Shares)
RUBI,retained_exact_CIK_coverage_changed,,1943421,candidate,explicit_common_or_ADS_or_registered_voting_share,Rubico Inc. - Common Stock
RVSN,retained_exact_CIK_coverage_changed,,1743905,candidate,explicit_common_or_ADS_or_registered_voting_share,Rail Vision Ltd. - Ordinary Shares
RVT,retained_exact_CIK_coverage_changed,,804116,candidate,explicit_common_or_ADS_or_registered_voting_share,"Royce Small-Cap Trust, Inc. Common Stock"
RY,retained_exact_CIK_coverage_changed,,1000275,candidate,explicit_common_or_ADS_or_registered_voting_share,Royal Bank Of Canada Common Stock
RYAAY,added_to_registered_watch_pool,,1038683,candidate,explicit_common_or_ADS_or_registered_voting_share,"Ryanair Holdings plc - American Depositary Shares, each representing five Ordinary Shares"
RYDE,retained_exact_CIK_coverage_changed,,1971115,candidate,explicit_common_or_ADS_or_registered_voting_share,Ryde Group Ltd. Class A Ordinary Shares
RYET,retained_exact_CIK_coverage_changed,,1873454,candidate,explicit_common_or_ADS_or_registered_voting_share,Ruanyun Edai Technology Inc. - Ordinary shares
RYN,retained_exact_CIK_coverage_changed,,52827,candidate,explicit_common_or_ADS_or_registered_voting_share,Rayonier Inc. REIT Common Stock
RYOJ,retained_exact_CIK_coverage_changed,,2012600,candidate,explicit_common_or_ADS_or_registered_voting_share,"rYojbaba Co., Ltd. - Common Shares"
RZAI,retained_exact_CIK_coverage_changed,,2075335,candidate,explicit_common_or_ADS_or_registered_voting_share,Roze AI Inc. - Common Shares
RZLV,retained_exact_CIK_coverage_changed,,1920294,candidate,explicit_common_or_ADS_or_registered_voting_share,Rezolve AI PLC - Ordinary Shares
SA,retained_exact_CIK_coverage_changed,,1231346,candidate,explicit_common_or_ADS_or_registered_voting_share,"Seabridge Gold, Inc. Common Shares New"
SAFE,retained_exact_CIK_coverage_changed,,1095651,candidate,explicit_common_or_ADS_or_registered_voting_share,Safehold Inc. New Common Stock 
SAGT,retained_exact_CIK_coverage_changed,,2029138,candidate,explicit_common_or_ADS_or_registered_voting_share,SAGTEC GLOBAL LIMITED - Class A Ordinary shares
SAGU,retained_exact_CIK_coverage_changed,,2083452,candidate,explicit_common_or_ADS_or_registered_voting_share,Shreya Acquisition Group Class A Ordinary Shares
SAIH,retained_exact_CIK_coverage_changed,,1847075,candidate,explicit_common_or_ADS_or_registered_voting_share,SAIHEAT Limited - Class A Ordinary Shares
SAIQ,retained_exact_CIK_coverage_changed,,2101411,candidate,explicit_common_or_ADS_or_registered_voting_share,WISeSat.Space Holdings Corp. - Ordinary Shares
SAM,retained_exact_CIK_coverage_changed,,949870,candidate,explicit_common_or_ADS_or_registered_voting_share,"Boston Beer Company, Inc. (The) Common Stock"
SAN,retained_exact_CIK_coverage_changed,,891478,candidate,explicit_common_or_ADS_or_registered_voting_share,"Banco Santander, S.A. Sponsored ADR (Spain)"
SANG,retained_exact_CIK_coverage_changed,,1753368,candidate,explicit_common_or_ADS_or_registered_voting_share,Sangoma Technologies Corporation - Common Shares
SAP,added_to_registered_watch_pool,,1000184,candidate,explicit_common_or_ADS_or_registered_voting_share,SAP  SE ADS
SAR,added_to_registered_watch_pool,,1377936,review,SEC_listed_ticker_security_description_requires_review,Saratoga Investment Corp New
SB,retained_exact_CIK_coverage_changed,,1434754,candidate,explicit_common_or_ADS_or_registered_voting_share,"Safe Bulkers, Inc Common Stock ($0.001 par value)"
SBH,retained_exact_CIK_coverage_changed,,1368458,candidate,explicit_common_or_ADS_or_registered_voting_share,"Sally Beauty Holdings, Inc. (Name to be changed from Sally Holdings, Inc.) Common Stock"
SBI,removed_explicit_non_equity,,,excluded,investment_fund_or_note,Western Asset Intermediate Muni Fund Inc Common Stock
SBR,retained_exact_CIK_coverage_changed,,710752,candidate,explicit_common_or_ADS_or_registered_voting_share,Sabine Royalty Trust Common Stock
SBS,added_to_registered_watch_pool,,1170858,candidate,explicit_common_or_ADS_or_registered_voting_share,Companhia de saneamento Basico Do Estado De Sao Paulo - Sabesp American Depositary Shares (Each repstg 250 Common Shares)
SBSW,added_to_registered_watch_pool,,1786909,candidate,explicit_common_or_ADS_or_registered_voting_share,D/B/A Sibanye-Stillwater Limited ADS
SCAG,added_to_registered_watch_pool,,2000366,candidate,explicit_common_or_ADS_or_registered_voting_share,Scage Future - American Depositary Shares
SCCO,retained_exact_CIK_coverage_changed,,1001838,candidate,explicit_common_or_ADS_or_registered_voting_share,Southern Copper Corporation Common Stock
SCD,removed_explicit_non_equity,,,excluded,investment_fund_or_note,LMP Capital and Income Fund Inc. Common Stock
SCHW,retained_exact_CIK_coverage_changed,,316709,candidate,explicit_common_or_ADS_or_registered_voting_share,Charles Schwab Corporation (The) Common Stock
SCM,retained_exact_CIK_coverage_changed,,1551901,candidate,explicit_common_or_ADS_or_registered_voting_share,Stellus Capital Investment Corporation Common Stock
SCNI,added_to_registered_watch_pool,,1611747,candidate,explicit_common_or_ADS_or_registered_voting_share,Scinai Immunotherapeutics Ltd. - American Depositary Shares
SCZM,retained_exact_CIK_coverage_changed,,1548536,candidate,explicit_common_or_ADS_or_registered_voting_share,Santacruz Silver Mining Ltd. - Common Shares
SE,added_to_registered_watch_pool,,1703399,candidate,explicit_common_or_ADS_or_registered_voting_share,"Sea Limited American Depositary Shares, each representing one Class A Ordinary Share"
SEED,retained_exact_CIK_coverage_changed,,1321851,candidate,explicit_common_or_ADS_or_registered_voting_share,Origin Agritech Limited - Ordinary Shares
SEGG,retained_exact_CIK_coverage_changed,,1673481,candidate,explicit_common_or_ADS_or_registered_voting_share,Sports Entertainment Gaming Global Corporation  - Common Stock
SENEA,retained_exact_CIK_coverage_changed,,88948,candidate,explicit_common_or_ADS_or_registered_voting_share,Seneca Foods Corp. - Class A Common Stock
SENEB,retained_exact_CIK_coverage_changed,,88948,candidate,explicit_common_or_ADS_or_registered_voting_share,Seneca Foods Corp. - Class B Common Stock
SF,retained_exact_CIK_coverage_changed,,720672,candidate,explicit_common_or_ADS_or_registered_voting_share,Stifel Financial Corporation Common Stock
SFL,added_to_registered_watch_pool,,1289877,review,SEC_listed_ticker_security_description_requires_review,SFL Corporation Ltd
SFNC,retained_exact_CIK_coverage_changed,,90498,candidate,explicit_common_or_ADS_or_registered_voting_share,Simmons First National Corporation - Common Stock
SFWL,retained_exact_CIK_coverage_changed,,1863218,candidate,explicit_common_or_ADS_or_registered_voting_share,Shengfeng Development Limited - Class A Ordinary Shares
SGHC,retained_exact_CIK_coverage_changed,,1878057,candidate,explicit_common_or_ADS_or_registered_voting_share,Super Group (SGHC) Limited Ordinary Shares
SGLD,retained_exact_CIK_coverage_changed,,1467093,candidate,explicit_common_or_ADS_or_registered_voting_share,Scorpio Gold Corporation - Common Stock
SGML,retained_exact_CIK_coverage_changed,,1848309,candidate,explicit_common_or_ADS_or_registered_voting_share,Sigma Lithium Corporation - common shares
SHEL,added_to_registered_watch_pool,,1306965,candidate,explicit_common_or_ADS_or_registered_voting_share,Shell PLC American Depositary Shares (each representing two (2) Ordinary Shares) 
SHEN,retained_exact_CIK_coverage_changed,,354963,candidate,explicit_common_or_ADS_or_registered_voting_share,Shenandoah Telecommunications Co - Common Stock
SHG,added_to_registered_watch_pool,,1263043,candidate,explicit_common_or_ADS_or_registered_voting_share,Shinhan Financial Group Co Ltd American Depositary Shares
SHIP,retained_exact_CIK_coverage_changed,,1448397,candidate,explicit_common_or_ADS_or_registered_voting_share,Seanergy Maritime Holdings Corp. - Common Stock
SHMD,retained_exact_CIK_coverage_changed,,1987240,candidate,explicit_common_or_ADS_or_registered_voting_share,SCHMID Group N.V. - Class A Ordinary Shares
SHO,retained_exact_CIK_coverage_changed,,1295810,candidate,explicit_common_or_ADS_or_registered_voting_share,"Sunstone Hotel Investors, Inc. Sunstone Hotel Investors, Inc. Common Shares"
SHOP,added_to_registered_watch_pool,,1594805,candidate,explicit_common_or_ADS_or_registered_voting_share,Shopify Inc. - Class A Subordinate Voting Shares
SHW,retained_exact_CIK_coverage_changed,,89800,candidate,explicit_common_or_ADS_or_registered_voting_share,Sherwin-Williams Company (The) Common Stock
SID,retained_exact_CIK_coverage_changed,,1049659,candidate,explicit_common_or_ADS_or_registered_voting_share,Companhia Siderurgica Nacional S.A. Common Stock
SIFY,retained_exact_CIK_coverage_changed,,1094324,candidate,explicit_common_or_ADS_or_registered_voting_share,Sify Technologies Limited - American Depository Shares
SII,retained_exact_CIK_coverage_changed,,1512920,candidate,explicit_common_or_ADS_or_registered_voting_share,Sprott Inc. Common Shares
SILC,retained_exact_CIK_coverage_changed,,916793,candidate,explicit_common_or_ADS_or_registered_voting_share,Silicom Ltd - Ordinary Shares
SIM,added_to_registered_watch_pool,,887153,candidate,explicit_common_or_ADS_or_registered_voting_share,"Grupo Simec, S.A.B. de C.V. American Depositary Shares"
SIMO,added_to_registered_watch_pool,,1329394,candidate,explicit_common_or_ADS_or_registered_voting_share,"Silicon Motion Technology Corporation - American Depositary Shares, each representing four ordinary shares"
SJ,retained_exact_CIK_coverage_changed,,1753673,candidate,explicit_common_or_ADS_or_registered_voting_share,Scienjoy Holding Corporation - Class A Ordinary Shares
SJT,retained_exact_CIK_coverage_changed,,319655,candidate,explicit_common_or_ADS_or_registered_voting_share,San Juan Basin Royalty Trust Common Stock
SKE,retained_exact_CIK_coverage_changed,,1713748,candidate,explicit_common_or_ADS_or_registered_voting_share,Skeena Resources Limited Common Shares
SKHY,added_to_registered_watch_pool,,2120882,candidate,explicit_common_or_ADS_or_registered_voting_share,SK hynix Inc. - American Depositary Shares
SKK,retained_exact_CIK_coverage_changed,,1991261,candidate,explicit_common_or_ADS_or_registered_voting_share,SKK Holdings Limited - Class A Ordinary Shares
SKM,retained_exact_CIK_coverage_changed,,1015650,candidate,explicit_common_or_ADS_or_registered_voting_share,"SK Telecom Co., Ltd. Common Stock"
SLB,retained_exact_CIK_coverage_changed,,87347,candidate,explicit_common_or_ADS_or_registered_voting_share,SLB Limited Common Shares
SLBT,retained_exact_CIK_coverage_changed,,2070534,candidate,explicit_common_or_ADS_or_registered_voting_share,SL Science Holding Limited - Ordinary Shares
SLF,retained_exact_CIK_coverage_changed,,1097362,candidate,explicit_common_or_ADS_or_registered_voting_share,Sun Life Financial Inc. Common Stock
SLG,retained_exact_CIK_coverage_changed,1492869,1040971,candidate,explicit_common_or_ADS_or_registered_voting_share,SL Green Realty Corp Common Stock
SLGB,retained_exact_CIK_coverage_changed,,1987189,candidate,explicit_common_or_ADS_or_registered_voting_share,Smart Logistics Global Limited - Class A Ordinary Shares
SLGL,retained_exact_CIK_coverage_changed,,1684693,candidate,explicit_common_or_ADS_or_registered_voting_share,Sol-Gel Technologies Ltd. - Ordinary Shares
SLI,retained_exact_CIK_coverage_changed,,1537137,candidate,explicit_common_or_ADS_or_registered_voting_share,Standard Lithium Ltd. Common Shares
SLM,retained_exact_CIK_coverage_changed,,1032033,candidate,explicit_common_or_ADS_or_registered_voting_share,SLM Corporation - Common Stock
SLMT,retained_exact_CIK_coverage_changed,,1939965,candidate,explicit_common_or_ADS_or_registered_voting_share,Brera Holdings PLC - Class B Ordinary Shares
SLSR,retained_exact_CIK_coverage_changed,,2019103,candidate,explicit_common_or_ADS_or_registered_voting_share,Solaris Resources Inc. Common Shares
SM,retained_exact_CIK_coverage_changed,,893538,candidate,explicit_common_or_ADS_or_registered_voting_share,SM Energy Company Common Stock
SMFG,added_to_registered_watch_pool,,1022837,candidate,explicit_common_or_ADS_or_registered_voting_share,Sumitomo Mitsui Financial Group Inc Unsponsored American Depositary Shares (Japan)
SMG,retained_exact_CIK_coverage_changed,,825542,candidate,explicit_common_or_ADS_or_registered_voting_share,Scotts Miracle-Gro Company (The) Common Stock
SMHI,retained_exact_CIK_coverage_changed,,1690334,candidate,explicit_common_or_ADS_or_registered_voting_share,SEACOR Marine Holdings Inc. Common Stock 
SMJF,retained_exact_CIK_coverage_changed,,2070954,candidate,explicit_common_or_ADS_or_registered_voting_share,SMJ International Holdings Inc. Class A Ordinary Shares
SMTC,retained_exact_CIK_coverage_changed,,88941,candidate,explicit_common_or_ADS_or_registered_voting_share,Semtech Corporation - Common Stock
SMWB,retained_exact_CIK_coverage_changed,,1842731,candidate,explicit_common_or_ADS_or_registered_voting_share,Similarweb Ltd. Ordinary Shares
SMX,retained_exact_CIK_coverage_changed,,1940674,candidate,explicit_common_or_ADS_or_registered_voting_share,SMX (Security Matters) Public Limited Company - Ordinary Shares
SMXT,retained_exact_CIK_coverage_changed,,1519472,candidate,explicit_common_or_ADS_or_registered_voting_share,Solarmax Technology Inc. - Common Stock
SNA,retained_exact_CIK_coverage_changed,,91440,candidate,explicit_common_or_ADS_or_registered_voting_share,Snap-On Incorporated Common Stock
SNDL,retained_exact_CIK_coverage_changed,,1766600,candidate,explicit_common_or_ADS_or_registered_voting_share,SNDL Inc. - Common Shares
SNN,retained_exact_CIK_coverage_changed,,845982,candidate,explicit_common_or_ADS_or_registered_voting_share,"Smith & Nephew SNATS, Inc. Common Stock"
SNSC,retained_exact_CIK_coverage_changed,,2101240,candidate,explicit_common_or_ADS_or_registered_voting_share,SunScout Holding Limited Class A Ordinary Shares
SNT,retained_exact_CIK_coverage_changed,,1993727,candidate,explicit_common_or_ADS_or_registered_voting_share,Senstar Technologies Corporation - Common Shares
SNTG,retained_exact_CIK_coverage_changed,,1810467,candidate,explicit_common_or_ADS_or_registered_voting_share,Sentage Holdings Inc. - Class A Ordinary Shares
SNY,added_to_registered_watch_pool,,1121404,candidate,explicit_common_or_ADS_or_registered_voting_share,Sanofi - American Depositary Shares
SO,retained_exact_CIK_coverage_changed,,92122,candidate,explicit_common_or_ADS_or_registered_voting_share,Southern Company (The) Common Stock
SOBO,retained_exact_CIK_coverage_changed,,2019061,candidate,explicit_common_or_ADS_or_registered_voting_share,South Bow Corporation Common Shares
SOGP,added_to_registered_watch_pool,,1783407,candidate,explicit_common_or_ADS_or_registered_voting_share,Sound Group Inc. - American Depositary Shares
SOHU,added_to_registered_watch_pool,,1734107,candidate,explicit_common_or_ADS_or_registered_voting_share,Sohu.com Limited  - American Depositary Shares
SONY,added_to_registered_watch_pool,,313838,candidate,explicit_common_or_ADS_or_registered_voting_share,Sony Group Corporation American Depositary Shares 
SOPH,retained_exact_CIK_coverage_changed,,1840706,candidate,explicit_common_or_ADS_or_registered_voting_share,SOPHiA GENETICS SA - Ordinary Shares
SOR,added_to_registered_watch_pool,,91847,review,SEC_listed_ticker_security_description_requires_review,"Source Capital, Inc. Cmn Shs of BI"
SORA,retained_exact_CIK_coverage_changed,,2033515,candidate,explicit_common_or_ADS_or_registered_voting_share,AsiaStrategy - Ordinary Shares
SOS,retained_exact_CIK_coverage_changed,,1346610,candidate,explicit_common_or_ADS_or_registered_voting_share,SOS Limited Class A Ordinary Shares
SOTK,retained_exact_CIK_coverage_changed,,806172,candidate,explicit_common_or_ADS_or_registered_voting_share,Sono-Tek Corporation - Common Stock
SPCB,retained_exact_CIK_coverage_changed,,1291855,candidate,explicit_common_or_ADS_or_registered_voting_share,"SuperCom, Ltd. - Ordinary Shares"
SPE,removed_explicit_non_equity,,,excluded,investment_fund_or_note,"Special Opportunities Fund, Inc Common Stock"
SPHL,retained_exact_CIK_coverage_changed,,2002236,candidate,explicit_common_or_ADS_or_registered_voting_share,Springview Holdings Ltd - Ordinary shares
SPMC,retained_exact_CIK_coverage_changed,,1930147,candidate,explicit_common_or_ADS_or_registered_voting_share,"Sound Point Meridian Capital, Inc. Common Stock"
SPOT,retained_exact_CIK_coverage_changed,,1639920,candidate,explicit_common_or_ADS_or_registered_voting_share,Spotify Technology S.A. Ordinary Shares
SPPL,retained_exact_CIK_coverage_changed,,1948697,candidate,explicit_common_or_ADS_or_registered_voting_share,SIMPPLE LTD. - Ordinary Shares
SPRC,retained_exact_CIK_coverage_changed,,1611746,candidate,explicit_common_or_ADS_or_registered_voting_share,SciSparc Ltd. - Ordinary Shares
SQM,retained_exact_CIK_coverage_changed,,909037,candidate,explicit_common_or_ADS_or_registered_voting_share,Sociedad Quimica y Minera S.A. Common Stock
SQNS,added_to_registered_watch_pool,,1383395,candidate,explicit_common_or_ADS_or_registered_voting_share,Sequans Communications S.A. American Depositary Shares (each representing one hundred (100) Ordinary Shares)
SR,retained_exact_CIK_coverage_changed,3146,1126956,candidate,explicit_common_or_ADS_or_registered_voting_share,Spire Inc. Common Stock
SRAD,retained_exact_CIK_coverage_changed,,1836470,candidate,explicit_common_or_ADS_or_registered_voting_share,Sportradar Group AG - Class A Ordinary Shares
SRCE,retained_exact_CIK_coverage_changed,,34782,candidate,explicit_common_or_ADS_or_registered_voting_share,1st Source Corporation - Common Stock
SRE,retained_exact_CIK_coverage_changed,,1032208,candidate,explicit_common_or_ADS_or_registered_voting_share,DBA Sempra Common Stock
SRL,added_to_registered_watch_pool,,16859,review,SEC_listed_ticker_security_description_requires_review,Scully Royalty Ltd.
SRZN,retained_exact_CIK_coverage_changed,,1824893,candidate,explicit_common_or_ADS_or_registered_voting_share,"Surrozen, Inc. - Common Stock"
SSB,retained_exact_CIK_coverage_changed,,764038,candidate,explicit_common_or_ADS_or_registered_voting_share,SouthState Bank Corporation Common Stock
SSD,retained_exact_CIK_coverage_changed,,920371,candidate,explicit_common_or_ADS_or_registered_voting_share,"Simpson Manufacturing Company, Inc. Common Stock"
SSL,added_to_registered_watch_pool,,314590,candidate,explicit_common_or_ADS_or_registered_voting_share,Sasol Ltd. American Depositary Shares
SSP,retained_exact_CIK_coverage_changed,,832428,candidate,explicit_common_or_ADS_or_registered_voting_share,E.W. Scripps Company (The) - Class A Common Stock
SSYS,retained_exact_CIK_coverage_changed,,1517396,candidate,explicit_common_or_ADS_or_registered_voting_share,"Stratasys, Ltd. - Common Stock"
STAA,retained_exact_CIK_coverage_changed,,718937,candidate,explicit_common_or_ADS_or_registered_voting_share,STAAR Surgical Company - Common Stock
STAK,retained_exact_CIK_coverage_changed,,2002453,candidate,explicit_common_or_ADS_or_registered_voting_share,STAK Inc. - Class A Ordinary Shares
STC,retained_exact_CIK_coverage_changed,,94344,candidate,explicit_common_or_ADS_or_registered_voting_share,Stewart Information Services Corporation Common Stock
STE,retained_exact_CIK_coverage_changed,,1757898,candidate,explicit_common_or_ADS_or_registered_voting_share,STERIS plc (Ireland) Ordinary Shares
STEW,removed_explicit_non_equity,,,excluded,investment_fund_or_note,"SRH Total Return Fund, Inc. Common Stock"
STFS,retained_exact_CIK_coverage_changed,,2003061,candidate,explicit_common_or_ADS_or_registered_voting_share,Star Fashion Culture Holdings Limited - Class A Ordinary Shares
STG,added_to_registered_watch_pool,,1723935,candidate,explicit_common_or_ADS_or_registered_voting_share,"Sunlands Technology Group American Depositary Shares, representing Class A ordinary shares"
STHO,added_to_registered_watch_pool,,1953366,review,SEC_listed_ticker_security_description_requires_review,Star Holdings - Shares of Beneficial Interest
STKE,retained_exact_CIK_coverage_changed,,1846839,candidate,explicit_common_or_ADS_or_registered_voting_share,Sol Strategies Inc. - Common Shares
STKH,added_to_registered_watch_pool,,1828098,candidate,explicit_common_or_ADS_or_registered_voting_share,Steakholder Foods Ltd. - American Depositary Shares
STKS,retained_exact_CIK_coverage_changed,,1399520,candidate,explicit_common_or_ADS_or_registered_voting_share,"The ONE Group Hospitality, Inc. - Common Stock"
STLA,retained_exact_CIK_coverage_changed,,1605484,candidate,explicit_common_or_ADS_or_registered_voting_share,Stellantis N.V. Common Shares
STM,retained_exact_CIK_coverage_changed,,932787,candidate,explicit_common_or_ADS_or_registered_voting_share,STMicroelectronics N.V. Common Stock
STN,retained_exact_CIK_coverage_changed,,1131383,candidate,explicit_common_or_ADS_or_registered_voting_share,Stantec Inc Common Stock
STNE,retained_exact_CIK_coverage_changed,,1745431,candidate,explicit_common_or_ADS_or_registered_voting_share,StoneCo Ltd. - Class A Common Share
STNG,retained_exact_CIK_coverage_changed,,1483934,candidate,explicit_common_or_ADS_or_registered_voting_share,Scorpio Tankers Inc. Common Shares
STRT,retained_exact_CIK_coverage_changed,,933034,candidate,explicit_common_or_ADS_or_registered_voting_share,STRATTEC SECURITY CORPORATION - Common Stock
STVN,retained_exact_CIK_coverage_changed,,1849853,candidate,explicit_common_or_ADS_or_registered_voting_share,Stevanato Group S.p.A. Ordinary Shares
STWD,added_to_registered_watch_pool,,1465128,review,SEC_listed_ticker_security_description_requires_review,"STARWOOD PROPERTY TRUST, INC. Starwood Property Trust Inc."
SU,retained_exact_CIK_coverage_changed,,311337,candidate,explicit_common_or_ADS_or_registered_voting_share,Suncor Energy  Inc. Common Stock
SUGP,retained_exact_CIK_coverage_changed,,1969863,candidate,explicit_common_or_ADS_or_registered_voting_share,SU Group Holdings Limited - Class A Ordinary Shares
SUPV,added_to_registered_watch_pool,,1517399,candidate,explicit_common_or_ADS_or_registered_voting_share,Grupo Supervielle S.A. American Depositary Shares each Representing five Class B shares
SUPX,retained_exact_CIK_coverage_changed,,1897087,candidate,explicit_common_or_ADS_or_registered_voting_share,SuperX AI Technology Limited - Ordinary Shares
SUZ,added_to_registered_watch_pool,,909327,candidate,explicit_common_or_ADS_or_registered_voting_share,Suzano S.A. American Depositary Shares (each representing One Ordinary Share)
SVA,retained_exact_CIK_coverage_changed,,1084201,candidate,explicit_common_or_ADS_or_registered_voting_share,"Sinovac Biotech, Ltd. - Ordinary Shares (Antigua/Barbudo)"
SVC,added_to_registered_watch_pool,,945394,candidate,explicit_common_or_ADS_or_registered_voting_share,Service Properties Trust - Common Shares of Beneficial Interest
SVIA,retained_exact_CIK_coverage_changed,,2076163,candidate,explicit_common_or_ADS_or_registered_voting_share,"Silvia, Inc. - Common Stock"
SVM,retained_exact_CIK_coverage_changed,,1340677,candidate,explicit_common_or_ADS_or_registered_voting_share,Silvercorp Metals Inc. Common Shares
SVRE,added_to_registered_watch_pool,,1894693,candidate,explicit_common_or_ADS_or_registered_voting_share,SaverOne 2014 Ltd. - American Depositary Shares
SVRN,retained_exact_CIK_coverage_changed,,1869467,candidate,explicit_common_or_ADS_or_registered_voting_share,"SVRN, Inc. - Common Stock"
SWVL,retained_exact_CIK_coverage_changed,,1875609,candidate,explicit_common_or_ADS_or_registered_voting_share,Swvl Holdings Corp - Ordinary Shares
SWX,retained_exact_CIK_coverage_changed,,1692115,candidate,explicit_common_or_ADS_or_registered_voting_share,"Southwest Gas Holdings, Inc. Common Stock (DE)"
SWZ,removed_explicit_non_equity,,,excluded,investment_fund_or_note,Total Return Securities Fund Common Stock
SXI,retained_exact_CIK_coverage_changed,,310354,candidate,explicit_common_or_ADS_or_registered_voting_share,Standex International Corporation Common Stock
SXT,retained_exact_CIK_coverage_changed,,310142,candidate,explicit_common_or_ADS_or_registered_voting_share,Sensient Technologies Corporation Common Stock
SXTC,retained_exact_CIK_coverage_changed,,1723980,candidate,explicit_common_or_ADS_or_registered_voting_share,"China SXT Pharmaceuticals, Inc. - Class A Ordinary Shares"
SY,retained_exact_CIK_coverage_changed,,1758530,candidate,explicit_common_or_ADS_or_registered_voting_share,So-Young International Inc. - American Depository Shares
SYK,retained_exact_CIK_coverage_changed,,310764,candidate,explicit_common_or_ADS_or_registered_voting_share,Stryker Corporation Common Stock
SYNX,retained_exact_CIK_coverage_changed,,1976443,candidate,explicit_common_or_ADS_or_registered_voting_share,Silynxcom Ltd. Ordinary Shares
T,added_to_registered_watch_pool,,732717,review,SEC_listed_ticker_security_description_requires_review,AT&T Inc.
TAC,retained_exact_CIK_coverage_changed,,1144800,candidate,explicit_common_or_ADS_or_registered_voting_share,TransAlta Corporation Ordinary Shares
TACT,retained_exact_CIK_coverage_changed,,1017303,candidate,explicit_common_or_ADS_or_registered_voting_share,TransAct Technologies Incorporated - Common Stock
TAK,added_to_registered_watch_pool,,1395064,candidate,explicit_common_or_ADS_or_registered_voting_share,Takeda Pharmaceutical Company Limited American Depositary Shares (each representing 1/2 of a share of Common Stock)
TAL,added_to_registered_watch_pool,,1499620,candidate,explicit_common_or_ADS_or_registered_voting_share,TAL Education Group American Depositary Shares
TANH,retained_exact_CIK_coverage_changed,,1588084,candidate,explicit_common_or_ADS_or_registered_voting_share,Tantech Holdings Ltd. - Class A Common Shares
TAOP,retained_exact_CIK_coverage_changed,,1552670,candidate,explicit_common_or_ADS_or_registered_voting_share,Taoping Inc. - Ordinary Shares
TATT,retained_exact_CIK_coverage_changed,,808439,candidate,explicit_common_or_ADS_or_registered_voting_share,TAT Technologies Ltd. - Ordinary Shares
TBBB,retained_exact_CIK_coverage_changed,,1978954,candidate,explicit_common_or_ADS_or_registered_voting_share,BBB Foods Inc. Class A Common Shares
TC,added_to_registered_watch_pool,,1743340,candidate,explicit_common_or_ADS_or_registered_voting_share,Token Cat Limited - American Depositary Shares
TCBI,retained_exact_CIK_coverage_changed,,1077428,candidate,explicit_common_or_ADS_or_registered_voting_share,"Texas Capital Bancshares, Inc. - Common Stock"
TCOM,added_to_registered_watch_pool,,1269238,candidate,explicit_common_or_ADS_or_registered_voting_share,Trip.com Group Limited - American Depositary Shares
TCX,retained_exact_CIK_coverage_changed,,909494,candidate,explicit_common_or_ADS_or_registered_voting_share,Tucows Inc. - Common Stock
TD,retained_exact_CIK_coverage_changed,,947263,candidate,explicit_common_or_ADS_or_registered_voting_share,Toronto Dominion Bank (The) Common Stock
TDF,removed_explicit_non_equity,,,excluded,investment_fund_or_note,"Templeton Dragon Fund, Inc. Common Stock"
TDIC,retained_exact_CIK_coverage_changed,,2041338,candidate,explicit_common_or_ADS_or_registered_voting_share,Dreamland Limited - Class A Ordinary Shares
TDTH,retained_exact_CIK_coverage_changed,,1983550,candidate,explicit_common_or_ADS_or_registered_voting_share,Trident Digital Tech Holdings Ltd - Class B Ordinary Shares
TDY,retained_exact_CIK_coverage_changed,,1094285,candidate,explicit_common_or_ADS_or_registered_voting_share,Teledyne Technologies Incorporated Common Stock
TECK,retained_exact_CIK_coverage_changed,,886986,candidate,explicit_common_or_ADS_or_registered_voting_share,Teck Resources Ltd Ordinary Shares
TEI,removed_explicit_non_equity,,,excluded,investment_fund_or_note,"Templeton Emerging Markets Income Fund, Inc. Common Stock"
TEN,retained_exact_CIK_coverage_changed,,1166663,candidate,explicit_common_or_ADS_or_registered_voting_share,Tsakos Energy Navigation Ltd Common Shares
TEO,added_to_registered_watch_pool,,932470,review,SEC_listed_ticker_security_description_requires_review,Telecom Argentina SA
TFII,retained_exact_CIK_coverage_changed,,1588823,candidate,explicit_common_or_ADS_or_registered_voting_share,TFI International Inc. Common Shares
TFPM,retained_exact_CIK_coverage_changed,,1829726,candidate,explicit_common_or_ADS_or_registered_voting_share,Triple Flag Precious Metals Corp. Common Shares
TGB,retained_exact_CIK_coverage_changed,,878518,candidate,explicit_common_or_ADS_or_registered_voting_share,Trekor Metals Limited Common Shares
TGE,retained_exact_CIK_coverage_changed,,2053456,candidate,explicit_common_or_ADS_or_registered_voting_share,The Generation Essentials Group Class A Ordinary Shares
TGHL,retained_exact_CIK_coverage_changed,,2024114,candidate,explicit_common_or_ADS_or_registered_voting_share,The GrowHub Limited - Class A Ordinary Shares
TGL,retained_exact_CIK_coverage_changed,,1905956,candidate,explicit_common_or_ADS_or_registered_voting_share,Treasure Global Inc. - Common Stock
TGS,retained_exact_CIK_coverage_changed,,931427,candidate,explicit_common_or_ADS_or_registered_voting_share,Transportadora de Gas del Sur SA TGS Common Stock
THC,retained_exact_CIK_coverage_changed,,70318,candidate,explicit_common_or_ADS_or_registered_voting_share,Tenet Healthcare Corporation Common Stock
THCH,retained_exact_CIK_coverage_changed,,1877333,candidate,explicit_common_or_ADS_or_registered_voting_share,TH International Limited - Ordinary shares
THG,added_to_registered_watch_pool,,944695,review,SEC_listed_ticker_security_description_requires_review,Hanover Insurance Group Inc
THH,retained_exact_CIK_coverage_changed,,2044241,candidate,explicit_common_or_ADS_or_registered_voting_share,TryHard Holdings Limited - Ordinary Shares
THM,retained_exact_CIK_coverage_changed,,1134115,candidate,explicit_common_or_ADS_or_registered_voting_share,"International Tower Hill Mines, Ltd. Ordinary Shares (Canada)"
THRM,retained_exact_CIK_coverage_changed,,903129,candidate,explicit_common_or_ADS_or_registered_voting_share,Gentherm Inc - Common Stock
TIGO,retained_exact_CIK_coverage_changed,,912958,candidate,explicit_common_or_ADS_or_registered_voting_share,Millicom International Cellular S.A. - Common Stock
TIGR,added_to_registered_watch_pool,,1756699,candidate,explicit_common_or_ADS_or_registered_voting_share,UP Fintech Holding Limited - American Depositary Shares representing fifteen Class A Ordinary Shares
TII,retained_exact_CIK_coverage_changed,,1791703,candidate,explicit_common_or_ADS_or_registered_voting_share,Titan Mining Corporation Common Shares
TIMB,added_to_registered_watch_pool,,1826168,candidate,explicit_common_or_ADS_or_registered_voting_share,TIM S.A. American Depositary Shares (Each representing 5 Common Shares) 
TJGC,retained_exact_CIK_coverage_changed,,1969928,candidate,explicit_common_or_ADS_or_registered_voting_share,TJGC Group Limited - Class A Ordinary Shares
TJX,retained_exact_CIK_coverage_changed,,109198,candidate,explicit_common_or_ADS_or_registered_voting_share,"TJX Companies, Inc. (The) Common Stock"
TK,retained_exact_CIK_coverage_changed,,911971,candidate,explicit_common_or_ADS_or_registered_voting_share,Teekay Corporation Ltd. Common Stock
TKC,retained_exact_CIK_coverage_changed,,1071321,candidate,explicit_common_or_ADS_or_registered_voting_share,Turkcell Iletisim Hizmetleri AS Common Stock
TKLF,added_to_registered_watch_pool,,1836242,candidate,explicit_common_or_ADS_or_registered_voting_share,"Tokyo Lifestyle Co., Ltd. - American Depositary Shares"
TKR,retained_exact_CIK_coverage_changed,,98362,candidate,explicit_common_or_ADS_or_registered_voting_share,Timken Company (The) Common Stock
TLIH,retained_exact_CIK_coverage_changed,,1982012,candidate,explicit_common_or_ADS_or_registered_voting_share,Ten-League International Holdings Limited - Ordinary Shares
TLK,added_to_registered_watch_pool,,1001807,review,SEC_listed_ticker_security_description_requires_review,"PT Telekomunikasi Indonesia, Tbk"
TLSA,retained_exact_CIK_coverage_changed,,1723069,candidate,explicit_common_or_ADS_or_registered_voting_share,Tiziana Life Sciences Ltd - Common Shares
TLX,added_to_registered_watch_pool,,2007191,candidate,explicit_common_or_ADS_or_registered_voting_share,Telix Pharmaceuticals Limited - American Depositary Shares
TM,retained_exact_CIK_coverage_changed,,1094517,candidate,explicit_common_or_ADS_or_registered_voting_share,Toyota Motor Corporation Common Stock
TMC,retained_exact_CIK_coverage_changed,,1798562,candidate,explicit_common_or_ADS_or_registered_voting_share,TMC the metals company Inc. - Common Stock
TMCR,retained_exact_CIK_coverage_changed,,2087398,candidate,explicit_common_or_ADS_or_registered_voting_share,The Metals Royalty Company Inc. - Common Stock
TMDE,retained_exact_CIK_coverage_changed,,2009714,candidate,explicit_common_or_ADS_or_registered_voting_share,TMD Energy Limited Ordinary Shares
TME,added_to_registered_watch_pool,,1744676,candidate,explicit_common_or_ADS_or_registered_voting_share,"Tencent Music Entertainment Group American Depositary Shares, each representing two Class A Ordinary Shares"
TMP,retained_exact_CIK_coverage_changed,,1005817,candidate,explicit_common_or_ADS_or_registered_voting_share,Tompkins Financial Corporation Common Stock
TNC,retained_exact_CIK_coverage_changed,,97134,candidate,explicit_common_or_ADS_or_registered_voting_share,Tennant Company Common Stock
TNK,added_to_registered_watch_pool,,1419945,review,SEC_listed_ticker_security_description_requires_review,Teekay Tankers Ltd.
TNL,added_to_registered_watch_pool,,1361658,candidate,explicit_common_or_ADS_or_registered_voting_share,Travel   Leisure Co. Common  Stock
TNMG,retained_exact_CIK_coverage_changed,,2013186,candidate,explicit_common_or_ADS_or_registered_voting_share,TNL Mediagene - Ordinary Shares
TOPS,retained_exact_CIK_coverage_changed,,1296484,candidate,explicit_common_or_ADS_or_registered_voting_share,"TOP Ships, Inc. Common Stock"
TORO,retained_exact_CIK_coverage_changed,,1941131,candidate,explicit_common_or_ADS_or_registered_voting_share,Toro Corp. - Common Shares
TOUR,added_to_registered_watch_pool,,1597095,candidate,explicit_common_or_ADS_or_registered_voting_share,Tuniu Corporation - American Depositary Shares
TOYO,retained_exact_CIK_coverage_changed,,1985273,candidate,explicit_common_or_ADS_or_registered_voting_share,"TOYO Co., Ltd - Ordinary Shares"
TP,retained_exact_CIK_coverage_changed,,2104296,candidate,explicit_common_or_ADS_or_registered_voting_share,Ticketplus Ltd. Ordinary Shares
TPCS,retained_exact_CIK_coverage_changed,,1328792,candidate,explicit_common_or_ADS_or_registered_voting_share,TechPrecision Corporation - Common stock
TRBG,retained_exact_CIK_coverage_changed,,2088375,candidate,explicit_common_or_ADS_or_registered_voting_share,TurboGen Ltd. - Ordinary Shares
TREO,retained_exact_CIK_coverage_changed,,2041208,candidate,explicit_common_or_ADS_or_registered_voting_share,Tactical Resources Corp. - Common Shares
TRGP,retained_exact_CIK_coverage_changed,,1389170,candidate,explicit_common_or_ADS_or_registered_voting_share,"Targa Resources, Inc. Common Stock"
TRI,retained_exact_CIK_coverage_changed,,1075124,candidate,explicit_common_or_ADS_or_registered_voting_share,Thomson Reuters Corp - Common Shares
TRIB,added_to_registered_watch_pool,,888721,candidate,explicit_common_or_ADS_or_registered_voting_share,Trinity Biotech plc - American Depositary Shares
TRLV,added_to_registered_watch_pool,,1754195,candidate,explicit_common_or_ADS_or_registered_voting_share,Trulieve Cannabis Corp. Subordinate Voting Shares
TRMD,retained_exact_CIK_coverage_changed,,1655891,candidate,explicit_common_or_ADS_or_registered_voting_share,TORM plc - Class A Common Stock
TROO,retained_exact_CIK_coverage_changed,,1412095,candidate,explicit_common_or_ADS_or_registered_voting_share,"TROOPS, Inc.  - Ordinary Shares"
TROW,retained_exact_CIK_coverage_changed,,1113169,candidate,explicit_common_or_ADS_or_registered_voting_share,"T. Rowe Price Group, Inc. - Common Stock"
TROX,retained_exact_CIK_coverage_changed,,1530804,candidate,explicit_common_or_ADS_or_registered_voting_share,Tronox Holdings plc Ordinary Shares (UK)
TRP,retained_exact_CIK_coverage_changed,,1232384,candidate,explicit_common_or_ADS_or_registered_voting_share,TC Energy Corporation Common Stock
TRSG,retained_exact_CIK_coverage_changed,,1943444,candidate,explicit_common_or_ADS_or_registered_voting_share,Tungray Technologies Inc - Class A Ordinary Shares
TRV,retained_exact_CIK_coverage_changed,,86312,candidate,explicit_common_or_ADS_or_registered_voting_share,"The Travelers Companies, Inc. Common Stock"
TRVG,added_to_registered_watch_pool,,1683825,candidate,explicit_common_or_ADS_or_registered_voting_share,trivago N.V. - American Depositary Shares
TRX,retained_exact_CIK_coverage_changed,,1173643,candidate,explicit_common_or_ADS_or_registered_voting_share,TRX Gold Corporation Common Stock
TS,added_to_registered_watch_pool,,1190723,candidate,explicit_common_or_ADS_or_registered_voting_share,Tenaris S.A. American Depositary Shares
TSAT,retained_exact_CIK_coverage_changed,,1845840,candidate,explicit_common_or_ADS_or_registered_voting_share,Telesat Corporation - Class A Common Shares and Class B Variable Voting Shares
TSCO,retained_exact_CIK_coverage_changed,,916365,candidate,explicit_common_or_ADS_or_registered_voting_share,Tractor Supply Company - Common Stock
TSEM,retained_exact_CIK_coverage_changed,,928876,candidate,explicit_common_or_ADS_or_registered_voting_share,Tower Semiconductor Ltd. - Ordinary Shares
TSI,removed_explicit_non_equity,,,excluded,investment_fund_or_note,"TCW Strategic Income Fund, Inc. Common Stock"
TSM,added_to_registered_watch_pool,,1046179,review,SEC_listed_ticker_security_description_requires_review,Taiwan Semiconductor Manufacturing Company Ltd.
TT,added_to_registered_watch_pool,,1466258,review,SEC_listed_ticker_security_description_requires_review,Trane Technologies plc
TTAM,retained_exact_CIK_coverage_changed,,2035304,candidate,explicit_common_or_ADS_or_registered_voting_share,Titan America SA Common Shares
TTC,retained_exact_CIK_coverage_changed,,737758,candidate,explicit_common_or_ADS_or_registered_voting_share,Toro Company (The) Common Stock
TTD,retained_exact_CIK_coverage_changed,,1671933,candidate,explicit_common_or_ADS_or_registered_voting_share,"The Trade Desk, Inc. - Class A Common Stock"
TTE,retained_exact_CIK_coverage_changed,,879764,candidate,explicit_common_or_ADS_or_registered_voting_share,TotalEnergies SE Ordinary Shares
TU,retained_exact_CIK_coverage_changed,,868675,candidate,explicit_common_or_ADS_or_registered_voting_share,Telus Corporation Ordinary Shares
TURB,added_to_registered_watch_pool,,1963439,candidate,explicit_common_or_ADS_or_registered_voting_share,"Turbo Energy, S.A. - American Depositary Shares"
TUYA,added_to_registered_watch_pool,,1829118,candidate,explicit_common_or_ADS_or_registered_voting_share,"Tuya Inc. American Depositary Shares, each representing one Class A Ordinary Share"
TV,retained_exact_CIK_coverage_changed,,912892,candidate,explicit_common_or_ADS_or_registered_voting_share,Grupo Televisa S.A.B. Common Stock
TVE,added_to_registered_watch_pool,,1376986,review,SEC_listed_ticker_security_description_requires_review,Tennessee Valley Authority
TWG,retained_exact_CIK_coverage_changed,,1978057,candidate,explicit_common_or_ADS_or_registered_voting_share,Top Wealth Group Holding Limited - Class A Ordinary Shares
TWI,retained_exact_CIK_coverage_changed,,899751,candidate,explicit_common_or_ADS_or_registered_voting_share,"Titan International, Inc. (DE) Common Stock"
TWIN,retained_exact_CIK_coverage_changed,,100378,candidate,explicit_common_or_ADS_or_registered_voting_share,"Twin Disc, Incorporated - Common Stock"
TWLV,retained_exact_CIK_coverage_changed,,2052243,candidate,explicit_common_or_ADS_or_registered_voting_share,Twelve Seas Investment Company III - Class A Ordinary Shares
TWN,removed_explicit_non_equity,,,excluded,investment_fund_or_note,"Taiwan Fund, Inc. (The) Common Stock"
TX,added_to_registered_watch_pool,,1342874,candidate,explicit_common_or_ADS_or_registered_voting_share,"Ternium S.A. Ternium S.A. American Depositary Shares (each representing ten shares, USD1.00 par value)"
TXNM,retained_exact_CIK_coverage_changed,22767,1108426,candidate,explicit_common_or_ADS_or_registered_voting_share,"TXNM Energy, Inc. Common Stock"
TY,retained_exact_CIK_coverage_changed,,99614,candidate,explicit_common_or_ADS_or_registered_voting_share,Tri Continental Corporation Common Stock
TYG,retained_exact_CIK_coverage_changed,,1268533,candidate,explicit_common_or_ADS_or_registered_voting_share,Tortoise Energy Infrastructure Corporation Common Stock
UBCP,retained_exact_CIK_coverage_changed,,731653,candidate,explicit_common_or_ADS_or_registered_voting_share,"United Bancorp, Inc. - Common Stock"
UBS,retained_exact_CIK_coverage_changed,,1610520,candidate,explicit_common_or_ADS_or_registered_voting_share,UBS Group AG Registered Ordinary Shares
UBSI,retained_exact_CIK_coverage_changed,,729986,candidate,explicit_common_or_ADS_or_registered_voting_share,"United Bankshares, Inc. - Common Stock"
UCAR,retained_exact_CIK_coverage_changed,,1939780,candidate,explicit_common_or_ADS_or_registered_voting_share,U Power Limited - Class A Ordinary Shares
UCL,added_to_registered_watch_pool,,1775898,candidate,explicit_common_or_ADS_or_registered_voting_share,uCloudlink Group Inc. - American Depositary Shares
UE,added_to_registered_watch_pool,,1611547,candidate,explicit_common_or_ADS_or_registered_voting_share,Urban Edge Properties Common Shares of Beneficial Interest
UFG,retained_exact_CIK_coverage_changed,,2021688,candidate,explicit_common_or_ADS_or_registered_voting_share,Uni-Fuels Holdings Limited - Class A Ordinary Shares
UFI,retained_exact_CIK_coverage_changed,,100726,candidate,explicit_common_or_ADS_or_registered_voting_share,"Unifi, Inc. New Common Stock"
UGP,added_to_registered_watch_pool,,1094972,candidate,explicit_common_or_ADS_or_registered_voting_share,Ultrapar Participacoes S.A. (New) American Depositary Shares (Each representing one Common Share)
UHAL.B,retained_exact_CIK_coverage_changed,,4457,candidate,explicit_common_or_ADS_or_registered_voting_share,U-Haul Holding Company Series N Non-Voting Common Stock 
UIS,retained_exact_CIK_coverage_changed,,746838,candidate,explicit_common_or_ADS_or_registered_voting_share,Unisys Corporation New Common Stock
UK,retained_exact_CIK_coverage_changed,,1821424,candidate,explicit_common_or_ADS_or_registered_voting_share,Ucommune International Ltd  - Class A Ordinary Shares
UL,added_to_registered_watch_pool,,217410,candidate,explicit_common_or_ADS_or_registered_voting_share,Unilever PLC American Depositary Shares (each representing One Ordinary Share)
UMBF,retained_exact_CIK_coverage_changed,,101382,candidate,explicit_common_or_ADS_or_registered_voting_share,UMB Financial Corporation - Common Stock
UMC,retained_exact_CIK_coverage_changed,,1033767,candidate,explicit_common_or_ADS_or_registered_voting_share,United Microelectronics Corporation (NEW) Common Stock
UNH,retained_exact_CIK_coverage_changed,,731766,candidate,explicit_common_or_ADS_or_registered_voting_share,UnitedHealth Group Incorporated Common Stock (DE)
UNP,retained_exact_CIK_coverage_changed,,100885,candidate,explicit_common_or_ADS_or_registered_voting_share,Union Pacific Corporation Common Stock
UPC,retained_exact_CIK_coverage_changed,,1809616,candidate,explicit_common_or_ADS_or_registered_voting_share,Universe Pharmaceuticals Inc - Class A Ordinary Shares
URG,retained_exact_CIK_coverage_changed,,1375205,candidate,explicit_common_or_ADS_or_registered_voting_share,Ur Energy Inc Common Shares (Canada)
URI,retained_exact_CIK_coverage_changed,1047166,1067701,candidate,explicit_common_or_ADS_or_registered_voting_share,"United Rentals, Inc. Common Stock"
USA,removed_explicit_non_equity,,,excluded,investment_fund_or_note,Liberty All-Star Equity Fund Common Stock
USAS,retained_exact_CIK_coverage_changed,,1286973,candidate,explicit_common_or_ADS_or_registered_voting_share,"Americas Gold and Silver Corporation Common Shares, no par value"
USB,retained_exact_CIK_coverage_changed,,36104,candidate,explicit_common_or_ADS_or_registered_voting_share,U.S. Bancorp Common Stock
USEA,retained_exact_CIK_coverage_changed,,1912847,candidate,explicit_common_or_ADS_or_registered_voting_share,United Maritime Corporation - Common Stock
USPH,retained_exact_CIK_coverage_changed,,885978,candidate,explicit_common_or_ADS_or_registered_voting_share,"U.S. Physical Therapy, Inc. Common Stock"
UTF,removed_explicit_non_equity,,,excluded,investment_fund_or_note,"Cohen & Steers Infrastructure Fund, Inc Common Stock"
UTSI,retained_exact_CIK_coverage_changed,,1030471,candidate,explicit_common_or_ADS_or_registered_voting_share,UTStarcom Holdings Corp - Ordinary Shares
UTZ,retained_exact_CIK_coverage_changed,,1739566,candidate,explicit_common_or_ADS_or_registered_voting_share,Utz Brands Inc Class A Common Stock 
UUUU,retained_exact_CIK_coverage_changed,,1385849,candidate,explicit_common_or_ADS_or_registered_voting_share,Energy Fuels Inc Ordinary Shares (Canada)
UXIN,added_to_registered_watch_pool,,1729173,candidate,explicit_common_or_ADS_or_registered_voting_share,Uxin Limited - American Depositary Shares
UZX,retained_exact_CIK_coverage_changed,,1969401,candidate,explicit_common_or_ADS_or_registered_voting_share,Linkage Global Inc - Class A Ordinary Shares
V,added_to_registered_watch_pool,,1403161,review,SEC_listed_ticker_security_description_requires_review,Visa Inc.
VABK,retained_exact_CIK_coverage_changed,,1572334,candidate,explicit_common_or_ADS_or_registered_voting_share,Virginia National Bankshares Corporation - Common Stock
VAC,retained_exact_CIK_coverage_changed,,1524358,candidate,explicit_common_or_ADS_or_registered_voting_share,Marriott Vacations Worldwide Corporation Common Stock
VAI,retained_exact_CIK_coverage_changed,,1711012,candidate,explicit_common_or_ADS_or_registered_voting_share,Valor Energy Incorporated - Common Stock
VALE,added_to_registered_watch_pool,,917851,candidate,explicit_common_or_ADS_or_registered_voting_share,VALE S.A.  American Depositary Shares Each Representing one common share
VALN,added_to_registered_watch_pool,,1836564,candidate,explicit_common_or_ADS_or_registered_voting_share,Valneva SE - American Depositary Shares
VBNK,retained_exact_CIK_coverage_changed,,1690639,candidate,explicit_common_or_ADS_or_registered_voting_share,VersaBank - Common Shares
VC,retained_exact_CIK_coverage_changed,,1111335,candidate,explicit_common_or_ADS_or_registered_voting_share,Visteon Corporation - Common Stock
VCIG,retained_exact_CIK_coverage_changed,,1930510,candidate,explicit_common_or_ADS_or_registered_voting_share,VCI Global Limited - Ordinary Share
VCRE,added_to_registered_watch_pool,,2124403,candidate,explicit_common_or_ADS_or_registered_voting_share,Vicore Pharma Holding AB - American Depositary Shares
VCV,retained_exact_CIK_coverage_changed,,895531,candidate,explicit_common_or_ADS_or_registered_voting_share,Invesco California Value Municipal Income Trust Common Stock
VEON,added_to_registered_watch_pool,,1468091,candidate,explicit_common_or_ADS_or_registered_voting_share,VEON Ltd. - American Depositary Shares
VET,added_to_registered_watch_pool,,1293135,review,SEC_listed_ticker_security_description_requires_review,Vermilion Energy Inc. Common (Canada)
VFS,retained_exact_CIK_coverage_changed,,1913510,candidate,explicit_common_or_ADS_or_registered_voting_share,VinFast Auto Ltd. - Ordinary Shares
VGM,retained_exact_CIK_coverage_changed,,880892,candidate,explicit_common_or_ADS_or_registered_voting_share,Invesco Trust for Investment Grade Municipals Common Stock (DE)
VHC,retained_exact_CIK_coverage_changed,,1082324,candidate,explicit_common_or_ADS_or_registered_voting_share,VirnetX Holding Corp - Common Stock
VIK,retained_exact_CIK_coverage_changed,,1745201,candidate,explicit_common_or_ADS_or_registered_voting_share,Viking Holdings Ltd Ordinary Shares
VINP,retained_exact_CIK_coverage_changed,,1826286,candidate,explicit_common_or_ADS_or_registered_voting_share,Vinci Compass Investments Ltd. - Class A Common Shares
VIOT,added_to_registered_watch_pool,,1742770,candidate,explicit_common_or_ADS_or_registered_voting_share,"Viomi Technology Co., Ltd - American Depositary Shares"
VIPS,added_to_registered_watch_pool,,1529192,candidate,explicit_common_or_ADS_or_registered_voting_share,"Vipshop Holdings Limited American Depositary Shares, each representing two ordinary shares"
VIRC,retained_exact_CIK_coverage_changed,,751365,candidate,explicit_common_or_ADS_or_registered_voting_share,Virco Manufacturing Corporation - Common Stock
VIST,added_to_registered_watch_pool,,1762506,candidate,explicit_common_or_ADS_or_registered_voting_share,"Vista Energy S.A.B. de C.V. American Depositary Shares, each representing one series A share, with no par value"
VIV,added_to_registered_watch_pool,,1066119,candidate,explicit_common_or_ADS_or_registered_voting_share,Telefonica Brasil S.A. American Depositary Shares (Each representing One Common Share)
VIVO,retained_exact_CIK_coverage_changed,,1681348,candidate,explicit_common_or_ADS_or_registered_voting_share,VivoPower PLC - Class A Ordinary Shares
VKI,added_to_registered_watch_pool,,908993,candidate,explicit_common_or_ADS_or_registered_voting_share,Invesco Advantage Municipal Income Trust II Common Shares of Beneficial Interest (DE)
VKQ,retained_exact_CIK_coverage_changed,,877463,candidate,explicit_common_or_ADS_or_registered_voting_share,Invesco Municipal Trust Common Stock
VLGEA,retained_exact_CIK_coverage_changed,,103595,candidate,explicit_common_or_ADS_or_registered_voting_share,"Village Super Market, Inc. - Class A Common Stock"
VLN,retained_exact_CIK_coverage_changed,,1863006,candidate,explicit_common_or_ADS_or_registered_voting_share,Valens Semiconductor Ltd. Ordinary Shares
VLO,retained_exact_CIK_coverage_changed,,1035002,candidate,explicit_common_or_ADS_or_registered_voting_share,Valero Energy Corporation Common Stock
VLT,added_to_registered_watch_pool,,846671,review,SEC_listed_ticker_security_description_requires_review,Invesco High Income Trust II
VLTO,retained_exact_CIK_coverage_changed,,1967680,candidate,explicit_common_or_ADS_or_registered_voting_share,Veralto Corp Common Stock 
VMAR,retained_exact_CIK_coverage_changed,,1813783,candidate,explicit_common_or_ADS_or_registered_voting_share,Vision Marine Technologies Inc. - Common Shares
VMC,retained_exact_CIK_coverage_changed,,1396009,candidate,explicit_common_or_ADS_or_registered_voting_share,Vulcan Materials Company (Holding Company) Common Stock
VMET,retained_exact_CIK_coverage_changed,,2080073,candidate,explicit_common_or_ADS_or_registered_voting_share,Versamet Royalties Corporation - Common Stock
VMO,retained_exact_CIK_coverage_changed,,884152,candidate,explicit_common_or_ADS_or_registered_voting_share,Invesco Municipal Opportunity Trust Common Stock
VMRK,added_to_registered_watch_pool,,906107,candidate,explicit_common_or_ADS_or_registered_voting_share,Vivmark Residential Common Shares of Beneficial Interest
VNET,added_to_registered_watch_pool,,1508475,candidate,explicit_common_or_ADS_or_registered_voting_share,"VNET Group, Inc. - American Depositary Shares"
VNT,retained_exact_CIK_coverage_changed,,1786842,candidate,explicit_common_or_ADS_or_registered_voting_share,Vontier Corporation Common Stock 
VNTG,retained_exact_CIK_coverage_changed,,2027160,candidate,explicit_common_or_ADS_or_registered_voting_share,Vantage Corp Class A Ordinary Shares
VOD,added_to_registered_watch_pool,,839923,candidate,explicit_common_or_ADS_or_registered_voting_share,Vodafone Group Plc - American Depositary Shares each representing ten Ordinary Shares
VOXR,retained_exact_CIK_coverage_changed,,1907909,candidate,explicit_common_or_ADS_or_registered_voting_share,Vox Royalty Corp. - common stock
VOYG,retained_exact_CIK_coverage_changed,,1788060,candidate,explicit_common_or_ADS_or_registered_voting_share,"Voyager Technologies, Inc. Class A Common Stock"
VPV,retained_exact_CIK_coverage_changed,,895528,candidate,explicit_common_or_ADS_or_registered_voting_share,Invesco Pennsylvania Value Municipal Income Trust Common Stock (DE)
VRAX,retained_exact_CIK_coverage_changed,,1885827,candidate,explicit_common_or_ADS_or_registered_voting_share,Virax Biolabs Group Limited - Ordinary Shares
VRDN,retained_exact_CIK_coverage_changed,,1590750,candidate,explicit_common_or_ADS_or_registered_voting_share,"Viridian Therapeutics, Inc.  - Common Stock"
VRSN,retained_exact_CIK_coverage_changed,,1014473,candidate,explicit_common_or_ADS_or_registered_voting_share,"VeriSign, Inc. - Common Stock"
VRT,retained_exact_CIK_coverage_changed,,1674101,candidate,explicit_common_or_ADS_or_registered_voting_share,"Vertiv Holdings, LLC Class A Common Stock"
VRTX,retained_exact_CIK_coverage_changed,,875320,candidate,explicit_common_or_ADS_or_registered_voting_share,Vertex Pharmaceuticals Incorporated - Common Stock
VRXA,retained_exact_CIK_coverage_changed,,2079109,candidate,explicit_common_or_ADS_or_registered_voting_share,Veraxa Biotech AG - Ordinary Shares
VSA,added_to_registered_watch_pool,,1592560,candidate,explicit_common_or_ADS_or_registered_voting_share,VisionSys AI Inc. - American Depositary Shares
VSME,retained_exact_CIK_coverage_changed,,1951294,candidate,explicit_common_or_ADS_or_registered_voting_share,VS Media Holdings Limited - Class A Ordinary Shares
VSTS,retained_exact_CIK_coverage_changed,,1967649,candidate,explicit_common_or_ADS_or_registered_voting_share,Vestis Corporation Common Stock
VSXY,retained_exact_CIK_coverage_changed,,1856437,candidate,explicit_common_or_ADS_or_registered_voting_share,Victorias Secret & Co. Common Stock 
VTEX,retained_exact_CIK_coverage_changed,,1793663,candidate,explicit_common_or_ADS_or_registered_voting_share,VTEX Class A Common Shares
VTMX,added_to_registered_watch_pool,,1969373,candidate,explicit_common_or_ADS_or_registered_voting_share,"Corporacion Inmobiliaria Vesta, S.A.B de C.V. American Depositary Shares, each representing ten (10) Common Shares"
VTN,retained_exact_CIK_coverage_changed,,883265,candidate,explicit_common_or_ADS_or_registered_voting_share,Invesco Trust for Investment Grade New York Municipals Common Stock
VUZI,retained_exact_CIK_coverage_changed,,1463972,candidate,explicit_common_or_ADS_or_registered_voting_share,Vuzix Corporation  - Common Stock
VVR,retained_exact_CIK_coverage_changed,,1059386,candidate,explicit_common_or_ADS_or_registered_voting_share,Invesco Senior Income Trust Common Stock (DE)
VYLR,retained_exact_CIK_coverage_changed,,2128626,candidate,explicit_common_or_ADS_or_registered_voting_share,Vylor Inc. Common Stock
VZLA,retained_exact_CIK_coverage_changed,,1796073,candidate,explicit_common_or_ADS_or_registered_voting_share,Vizsla Silver Corp. Common Shares
WAFDP,added_to_registered_watch_pool,,936528,review,depositary_underlying_security_not_confirmed,"WaFd, Inc. - Depositary Shares"
WAFU,retained_exact_CIK_coverage_changed,,1716770,candidate,explicit_common_or_ADS_or_registered_voting_share,Wah Fu Education Group Limited - Ordinary Shares
WAL,retained_exact_CIK_coverage_changed,,1212545,candidate,explicit_common_or_ADS_or_registered_voting_share,Western Alliance Bancorporation Common Stock (DE)
WALD,retained_exact_CIK_coverage_changed,,1840199,candidate,explicit_common_or_ADS_or_registered_voting_share,Waldencast plc - Class A Ordinary Share
WATR,retained_exact_CIK_coverage_changed,,2092314,candidate,explicit_common_or_ADS_or_registered_voting_share,Air Water Ventures Limited - Ordinary Shares
WAVE,added_to_registered_watch_pool,,1846715,candidate,explicit_common_or_ADS_or_registered_voting_share,Eco Wave Power Global AB (publ) - American Depositary Shares
WB,added_to_registered_watch_pool,,1595761,candidate,explicit_common_or_ADS_or_registered_voting_share,Weibo Corporation - American Depositary Shares
WBI,added_to_registered_watch_pool,,2064947,candidate,explicit_common_or_ADS_or_registered_voting_share,WaterBridge Infrastructure LLC Class A Shares Representing Limited Liability Company Interests
WBUY,retained_exact_CIK_coverage_changed,,1946703,candidate,explicit_common_or_ADS_or_registered_voting_share,WEBUY GLOBAL LTD. - Class A Ordinary Shares
WBX,retained_exact_CIK_coverage_changed,,1866501,candidate,explicit_common_or_ADS_or_registered_voting_share,Wallbox N.V. Class A Ordinary Shares
WCCB,retained_exact_CIK_coverage_changed,,2105965,candidate,explicit_common_or_ADS_or_registered_voting_share,West Coast Community Bancorp - Common Stock
WCT,retained_exact_CIK_coverage_changed,,1990251,candidate,explicit_common_or_ADS_or_registered_voting_share,Wellchange Holdings Company Limited - Class A Ordinary shares
WDS,added_to_registered_watch_pool,,844551,candidate,explicit_common_or_ADS_or_registered_voting_share,"Woodside Energy Group Limited American Depositary Shares, each representing one Ordinary Share"
WEN,retained_exact_CIK_coverage_changed,,30697,candidate,explicit_common_or_ADS_or_registered_voting_share,Wendy's Company (The) - Common Stock
WETO,retained_exact_CIK_coverage_changed,,1941158,candidate,explicit_common_or_ADS_or_registered_voting_share,Wetour Robotics Limited - Ordinary Shares
WF,added_to_registered_watch_pool,,1264136,candidate,explicit_common_or_ADS_or_registered_voting_share,Woori Financial Group Inc. American Depositary Shares (each representing three (3) shares of Common Stock)
WFC,retained_exact_CIK_coverage_changed,,72971,candidate,explicit_common_or_ADS_or_registered_voting_share,Wells Fargo & Company Common Stock
WFF,retained_exact_CIK_coverage_changed,,1980210,candidate,explicit_common_or_ADS_or_registered_voting_share,WF Holding Limited - Ordinary Shares
WFG,retained_exact_CIK_coverage_changed,,1402388,candidate,explicit_common_or_ADS_or_registered_voting_share,West Fraser Timber Co. Ltd Common stock
WH,retained_exact_CIK_coverage_changed,,1722684,candidate,explicit_common_or_ADS_or_registered_voting_share,"Wyndham Hotels & Resorts, Inc. Common Stock "
WHR,retained_exact_CIK_coverage_changed,,106640,candidate,explicit_common_or_ADS_or_registered_voting_share,Whirlpool Corporation Common Stock
WIMI,retained_exact_CIK_coverage_changed,,1770088,candidate,explicit_common_or_ADS_or_registered_voting_share,WiMi Hologram Cloud Inc. - Class B Ordinary Shares
WIT,retained_exact_CIK_coverage_changed,,1123799,candidate,explicit_common_or_ADS_or_registered_voting_share,Wipro Limited Common Stock
WIX,retained_exact_CIK_coverage_changed,,1576789,candidate,explicit_common_or_ADS_or_registered_voting_share,Wix.com Ltd. - Ordinary Shares
WKEY,added_to_registered_watch_pool,,1738699,candidate,explicit_common_or_ADS_or_registered_voting_share,WISeKey International Holding Ltd - American Depositary Shares
WLDS,retained_exact_CIK_coverage_changed,,1887673,candidate,explicit_common_or_ADS_or_registered_voting_share,Wearable Devices Ltd. - Ordinary Share
WLFC,retained_exact_CIK_coverage_changed,,1018164,candidate,explicit_common_or_ADS_or_registered_voting_share,Willis Lease Finance Corporation - Common Stock
WMB,retained_exact_CIK_coverage_changed,,107263,candidate,explicit_common_or_ADS_or_registered_voting_share,"Williams Companies, Inc. (The) Common Stock"
WNW,retained_exact_CIK_coverage_changed,,1787803,candidate,explicit_common_or_ADS_or_registered_voting_share,Meiwu Technology Company Limited - Ordinary Shares
WOK,retained_exact_CIK_coverage_changed,,1929783,candidate,explicit_common_or_ADS_or_registered_voting_share,WORK Medical Technology Group LTD - Class A Ordinary Shares
WOLF,retained_exact_CIK_coverage_changed,,895419,candidate,explicit_common_or_ADS_or_registered_voting_share,"Wolfspeed, Inc. Common Stock New"
WPC,added_to_registered_watch_pool,,1025378,review,SEC_listed_ticker_security_description_requires_review,W. P. Carey Inc. REIT
WPM,retained_exact_CIK_coverage_changed,,1323404,candidate,explicit_common_or_ADS_or_registered_voting_share,Wheaton Precious Metals Corp Common Shares (Canada)
WPP,added_to_registered_watch_pool,,806968,candidate,explicit_common_or_ADS_or_registered_voting_share,WPP plc American Depositary Shares
WPRT,retained_exact_CIK_coverage_changed,,1370416,candidate,explicit_common_or_ADS_or_registered_voting_share,Westport Fuel Systems Inc - Common Shares
WRB,retained_exact_CIK_coverage_changed,,11544,candidate,explicit_common_or_ADS_or_registered_voting_share,W.R. Berkley Corporation Common Stock
WRD,added_to_registered_watch_pool,,1867729,candidate,explicit_common_or_ADS_or_registered_voting_share,WeRide Inc. - American Depositary Shares
WRLD,retained_exact_CIK_coverage_changed,,108385,candidate,explicit_common_or_ADS_or_registered_voting_share,World Acceptance Corporation - Common Stock
WRN,retained_exact_CIK_coverage_changed,,1364125,candidate,explicit_common_or_ADS_or_registered_voting_share,Western Copper and Gold Corporation Common Stock
WSE,retained_exact_CIK_coverage_changed,,2099039,candidate,explicit_common_or_ADS_or_registered_voting_share,Wise Group plc - Class A Ordinary Shares
WSHP,retained_exact_CIK_coverage_changed,,2048271,candidate,explicit_common_or_ADS_or_registered_voting_share,WeShop Holdings Limited - Class A Ordinary Shares
WSM,retained_exact_CIK_coverage_changed,,719955,candidate,explicit_common_or_ADS_or_registered_voting_share,"Williams-Sonoma, Inc. Common Stock (DE)"
WTBA,retained_exact_CIK_coverage_changed,,1166928,candidate,explicit_common_or_ADS_or_registered_voting_share,West Bancorporation - Common Stock
WTF,retained_exact_CIK_coverage_changed,,1987363,candidate,explicit_common_or_ADS_or_registered_voting_share,Waton Financial Limited - Ordinary Shares
WTFC,retained_exact_CIK_coverage_changed,,1015328,candidate,explicit_common_or_ADS_or_registered_voting_share,Wintrust Financial Corporation - Common Stock
WTW,retained_exact_CIK_coverage_changed,,1140536,candidate,explicit_common_or_ADS_or_registered_voting_share,Willis Towers Watson Public Limited Company - Ordinary Shares
WU,retained_exact_CIK_coverage_changed,,1365135,candidate,explicit_common_or_ADS_or_registered_voting_share,Western Union Company (The) Common Stock
WVE,retained_exact_CIK_coverage_changed,,1631574,candidate,explicit_common_or_ADS_or_registered_voting_share,"Wave Life Sciences, Inc. - Common Stock"
WXM,retained_exact_CIK_coverage_changed,,1979610,candidate,explicit_common_or_ADS_or_registered_voting_share,WF International Limited - Ordinary Shares
WYHG,added_to_registered_watch_pool,,1999860,candidate,explicit_common_or_ADS_or_registered_voting_share,Wing Yip Food Holdings Group Limited - American Depositary Shares
XCH,added_to_registered_watch_pool,,1979887,candidate,explicit_common_or_ADS_or_registered_voting_share,XCHG Limited - ADS
XFLT,added_to_registered_watch_pool,,1703079,candidate,explicit_common_or_ADS_or_registered_voting_share,XAI Floating Rate & Alternative Income Trust Common Shares of Beneficial Interest
XHG,added_to_registered_watch_pool,,1769256,candidate,explicit_common_or_ADS_or_registered_voting_share,XChange TEC.INC - American Depositary Shares
XIII,retained_exact_CIK_coverage_changed,,2114229,candidate,explicit_common_or_ADS_or_registered_voting_share,Churchill Capital Corp XIII - Class A Ordinary Shares
XNDU,added_to_registered_watch_pool,,2097163,candidate,explicit_common_or_ADS_or_registered_voting_share,Xanadu Quantum Technologies Limited - Class B Subordinate Voting Shares
XNET,added_to_registered_watch_pool,,1510593,candidate,explicit_common_or_ADS_or_registered_voting_share,Xunlei Limited - American Depositary Shares
XOM,retained_exact_CIK_coverage_changed,,2115436,candidate,explicit_common_or_ADS_or_registered_voting_share,ExxonMobil Holdings Corporation Common Stock
XP,retained_exact_CIK_coverage_changed,,1787425,candidate,explicit_common_or_ADS_or_registered_voting_share,XP Inc. - Class A Common Stock
XPER,retained_exact_CIK_coverage_changed,,1788999,candidate,explicit_common_or_ADS_or_registered_voting_share,Xperi Inc. Common Stock 
XPEV,added_to_registered_watch_pool,,1810997,candidate,explicit_common_or_ADS_or_registered_voting_share,"XPeng Inc. American depositary shares, each representing two Class A ordinary shares"
XPON,retained_exact_CIK_coverage_changed,,1894954,candidate,explicit_common_or_ADS_or_registered_voting_share,"Expion Energy, Inc. - Common Stock"
XRTX,retained_exact_CIK_coverage_changed,,1729214,candidate,explicit_common_or_ADS_or_registered_voting_share,XORTX Therapeutics Inc. - Common Shares
XTIA,retained_exact_CIK_coverage_changed,,1529113,candidate,explicit_common_or_ADS_or_registered_voting_share,"XTI Aerospace, Inc. Common Stock  - Common Stock"
XTLB,added_to_registered_watch_pool,,1023549,candidate,explicit_common_or_ADS_or_registered_voting_share,XTL Biopharmaceuticals Ltd. - American Depositary Shares
XTND,retained_exact_CIK_coverage_changed,,2111860,candidate,explicit_common_or_ADS_or_registered_voting_share,"Xtend AI Robotics, Inc. Common Stock"
XYF,added_to_registered_watch_pool,,1725033,candidate,explicit_common_or_ADS_or_registered_voting_share,"X Financial American Depositary Shares, each representing six Class A Ordinary Shares"
XYL,retained_exact_CIK_coverage_changed,,1524472,candidate,explicit_common_or_ADS_or_registered_voting_share,Xylem Inc. Common Stock New
XYZ,retained_exact_CIK_coverage_changed,,1512673,candidate,explicit_common_or_ADS_or_registered_voting_share,"Block, Inc. Class A Common Stock,"
YAAS,retained_exact_CIK_coverage_changed,,1964946,candidate,explicit_common_or_ADS_or_registered_voting_share,Youxin Technology Ltd - Class A Ordinary shares
YALA,added_to_registered_watch_pool,,1794350,candidate,explicit_common_or_ADS_or_registered_voting_share,"Yalla Group Limited American Depositary Shares, each representing one Class A Ordinary Share"
YB,added_to_registered_watch_pool,,1995520,candidate,explicit_common_or_ADS_or_registered_voting_share,Yuanbao Inc. - American Depositary Shares
YDDL,retained_exact_CIK_coverage_changed,,2034723,candidate,explicit_common_or_ADS_or_registered_voting_share,One and One Green Technologies. INC - Class A Ordinary Shares
YDES,retained_exact_CIK_coverage_changed,,2011674,candidate,explicit_common_or_ADS_or_registered_voting_share,YD Bio Limited - Ordinary Shares
YDKG,retained_exact_CIK_coverage_changed,,1413745,candidate,explicit_common_or_ADS_or_registered_voting_share,Yueda Digital Holding - Class A Ordinary Share
YFOR,retained_exact_CIK_coverage_changed,,1985337,candidate,explicit_common_or_ADS_or_registered_voting_share,YYForce Inc. - Class A Ordinary Shares
YI,added_to_registered_watch_pool,,1738906,candidate,explicit_common_or_ADS_or_registered_voting_share,"111, Inc. - American Depositary Shares"
YIBO,retained_exact_CIK_coverage_changed,,1868395,candidate,explicit_common_or_ADS_or_registered_voting_share,Planet Image International Limited - Class A Ordinary Shares
YJ,retained_exact_CIK_coverage_changed,,1759614,candidate,explicit_common_or_ADS_or_registered_voting_share,Yunji Inc. - American Depository Shares
YMAT,retained_exact_CIK_coverage_changed,,1875016,candidate,explicit_common_or_ADS_or_registered_voting_share,"J-Star Holding Co., Ltd. - Class A Ordinary Shares"
YMM,added_to_registered_watch_pool,,1838413,candidate,explicit_common_or_ADS_or_registered_voting_share,Full Truck Alliance Co. Ltd. American Depositary Shares (each representing 20 Class A Ordinary Shares)
YMT,added_to_registered_watch_pool,,1991605,candidate,explicit_common_or_ADS_or_registered_voting_share,Yimutian Inc. - American Depositary Shares; each representing 25 Class A ordinary shares
YORW,retained_exact_CIK_coverage_changed,,108985,candidate,explicit_common_or_ADS_or_registered_voting_share,The York Water Company - Common Stock
YOUL,added_to_registered_watch_pool,,2028177,candidate,explicit_common_or_ADS_or_registered_voting_share,Youlife Group Inc. - American Depositary Shares
YPF,added_to_registered_watch_pool,,904851,candidate,explicit_common_or_ADS_or_registered_voting_share,YPF Sociedad Anonima American Depositary Shares
YQ,added_to_registered_watch_pool,,1821468,candidate,explicit_common_or_ADS_or_registered_voting_share,17 Education & Technology Group Inc. - American Depositary Shares
YRD,added_to_registered_watch_pool,,1631761,candidate,explicit_common_or_ADS_or_registered_voting_share,"Yiren Digital Ltd. American Depositary Shares, each representing two ordinary shares"
YSG,added_to_registered_watch_pool,,1819580,candidate,explicit_common_or_ADS_or_registered_voting_share,"Yatsen Holding Limited American Depositary Shares, each representing twenty (20) Class A Ordinary Shares"
YSXT,retained_exact_CIK_coverage_changed,,1993463,candidate,explicit_common_or_ADS_or_registered_voting_share,"YSX Tech. Co., Ltd  - Class A Ordinary Shares"
YTRA,retained_exact_CIK_coverage_changed,,1516899,candidate,explicit_common_or_ADS_or_registered_voting_share,"Yatra Online, Inc. - Ordinary Shares"
YUM,added_to_registered_watch_pool,,1041061,review,SEC_listed_ticker_security_description_requires_review,"Yum! Brands, Inc."
YXT,retained_exact_CIK_coverage_changed,,1872090,candidate,explicit_common_or_ADS_or_registered_voting_share,YXT.COM GROUP HOLDING LIMITED - American Depository Shares
Z,added_to_registered_watch_pool,,1617640,candidate,explicit_common_or_ADS_or_registered_voting_share,"Zillow Group, Inc. - Class C Capital Stock"
ZBAO,retained_exact_CIK_coverage_changed,,1966750,candidate,explicit_common_or_ADS_or_registered_voting_share,Zhibao Technology Inc. - Class A Ordinary Shares
ZCMD,retained_exact_CIK_coverage_changed,,1785566,candidate,explicit_common_or_ADS_or_registered_voting_share,Zhongchao Inc. - Class A Ordinary Shares
ZDAI,retained_exact_CIK_coverage_changed,,1966678,candidate,explicit_common_or_ADS_or_registered_voting_share,"DirectBooking Technology Co., Ltd. - Class A Ordinary Shares"
ZDGE,retained_exact_CIK_coverage_changed,,1667313,candidate,explicit_common_or_ADS_or_registered_voting_share,"Zedge, Inc. Class B Common Stock "
ZENA,retained_exact_CIK_coverage_changed,,1997403,candidate,explicit_common_or_ADS_or_registered_voting_share,"ZenaTech, Inc. - Common Stock"
ZEO,retained_exact_CIK_coverage_changed,,1865506,candidate,explicit_common_or_ADS_or_registered_voting_share,Zeo Energy Corporation - Class A Common Stock
ZEPP,added_to_registered_watch_pool,,1720446,candidate,explicit_common_or_ADS_or_registered_voting_share,"Zepp Health Corporation American depositary shares, each representing sixteen Class A ordinary shares"
ZGN,retained_exact_CIK_coverage_changed,,1877787,candidate,explicit_common_or_ADS_or_registered_voting_share,Ermenegildo Zegna N.V. Ordinary Shares
ZH,added_to_registered_watch_pool,,1835724,candidate,explicit_common_or_ADS_or_registered_voting_share,"Zhihu Inc. American Depositary Shares, each representing three (3) Class A Ordinary Shares"
ZIM,retained_exact_CIK_coverage_changed,,1654126,candidate,explicit_common_or_ADS_or_registered_voting_share,ZIM Integrated Shipping Services Ltd. Ordinary Shares
ZION,retained_exact_CIK_coverage_changed,,109380,candidate,explicit_common_or_ADS_or_registered_voting_share,Zions Bancorporation N.A. - Common Stock
ZJK,retained_exact_CIK_coverage_changed,,1941506,candidate,explicit_common_or_ADS_or_registered_voting_share,"ZJK Industrial Co., Ltd. - Class A Ordinary Shares"
ZJYL,retained_exact_CIK_coverage_changed,,1837821,candidate,explicit_common_or_ADS_or_registered_voting_share,JIN MEDICAL INTERNATIONAL LTD. - Class A Ordinary Shares
ZKH,added_to_registered_watch_pool,,1862044,candidate,explicit_common_or_ADS_or_registered_voting_share,"ZKH Group Limited American Depositary Shares, each representing thirty-five (35) Class A Ordinary Shares"
ZKIN,retained_exact_CIK_coverage_changed,,1687451,candidate,explicit_common_or_ADS_or_registered_voting_share,"ZK International Group Co., Ltd - Ordinary Share"
ZLAB,added_to_registered_watch_pool,,1704292,candidate,explicit_common_or_ADS_or_registered_voting_share,Zai Lab Limited - American Depositary Shares
ZNB,retained_exact_CIK_coverage_changed,,1747661,candidate,explicit_common_or_ADS_or_registered_voting_share,Zeta Network Group - Class A Ordinary Shares
ZOOZ,retained_exact_CIK_coverage_changed,,1992818,candidate,explicit_common_or_ADS_or_registered_voting_share,ZOOZ Strategy Ltd. - Ordinary Shares
ZTG,retained_exact_CIK_coverage_changed,,2011458,candidate,explicit_common_or_ADS_or_registered_voting_share,Zenta Group Company Limited - Class A Ordinary Shares
ZTO,added_to_registered_watch_pool,,1677250,candidate,explicit_common_or_ADS_or_registered_voting_share,"ZTO Express (Cayman) Inc. American Depositary Shares, each representing one Class A ordinary share."
ZYBT,retained_exact_CIK_coverage_changed,,1975641,candidate,explicit_common_or_ADS_or_registered_voting_share,Zhengye Biotechnology Holding Limited - Class A Ordinary Shares
