tree
version=v4
num_class=1
num_tree_per_iteration=1
label_index=0
max_feature_idx=29
objective=binary sigmoid:1
feature_names=pm_gap pm_intra_gain pm_gain pm_surge_retention pm_peak_to_open_mins pm_final_velocity_10m pm_volume pm_turnover pm_vwap_dev pm_rvol intra_return_from_open intra_high_from_open intra_low_from_open intra_range_pct intra_range_retention intra_vwap_dev intra_upbar_ratio intra_curr_bar_ret intra_curr_bar_range intra_breakout_pm_high intra_dist_to_pm_high intra_volume intra_turnover intra_rvol intra_vol_acceleration qqq_gap qqq_intra_ret alpha_vs_qqq qqq_vwap_dev atr_20d_pct
feature_infos=[-0.061484272200206469:0.10594795539033457] [0:0.34499999999999997] none [0:1] [0:325] [-0.049238373759256451:0.34499999999999997] [0:31845058] [0:8569697149.3370008] [-0.092066306955677898:0.048037611719781194] [0:31845058] [-0.32773109243697479:0.12968227041401126] [0:0.15613681170051799] [-0.32773109243697479:0] [0:0.32773109243697479] [0:1] [-0.29580322444711499:0.059219852322568933] [0:1] [-0.033810849344829863:0.036572848576521967] [0:0.044946248176759726] [0:1] [-0.25650557620817843:0.12780793969154156] [282:53123459] [80091.25:15741010620.985998] [0.00564:46488614] [0:4.1986296363968574] [-0.0011859246672332071:0.0012176347095871301] [-0.017206226752996292:0.010118860986802758] [-0.32946905134569821:0.12669706307148429] [-0.0077252916996987794:0.0066496112647262198] [0.0093137254901960592:0.71615304500823007]
tree_sizes=1724 1745 1734 1742 1728 1745 1730 1728 1744 1743 1754 1751 1733 1753 1749 1750 1731 1742 1755 1742 1756 1749 1646 1740 1747 1644 1644 1759 1746 1734 1622 1753 1743 1737 1529 1752 1546 1745 1653 1742 1760 1757 1649 1756 1743 1760 1758 1754 1537 1760 1768 1640 1542 1769 1757 1748 1637 1764 1640 1433 1650 1762 1642 1637 1739 1769 1429 1529 1643 1641 1764 1426 1756 1437 1748 1760 1431 1643 1759 1331 1209 1747 1762 1214 1630 1647 1541 1748 1314 1430 1411 1328 1754 1411 1741 1540 1317 1323 1765 1760 1333 1420 1321 1631 1766 1768 1317 1673 1532 1654 1434 1541 1665 1634 1439 1651 1644 1772 1322 1431 1635 1657 1320 1748 1758 1327 1424 1424 1662 1338 1757 1660 1327 1774 1531 1665 1427 1665 1639 1644 1317 1754 1777 1426 1653 1532 1729 1317 1665 1640 1759 1753 1310 1557 1766 1638 1743 1753 1120 1656 1121 1643 1227 1557 1528 1663 1542 1220 1314 1753 1104 1648 895 791 1223 1635 1641 1770 1521 1104

Tree=0
num_leaves=15
num_cat=0
split_feature=29 6 25 28 29 28 18 29 25 9 9 13 29 3
split_gain=352.353 112.855 62.406 61.8381 51.4378 42.9083 38.0059 36.6647 30.7911 24.3388 18.881 18.7846 14.1518 13.0402
threshold=0.032632015489152948 45812.000000000007 -0.0003944043076717358 -0.0025233119728767955 0.054853966217673765 -0.00041000503492609106 0.0087270802717619739 0.020007434860058581 -0.0003944043076717358 29.947422862453532 2.7396264942551327 0.013670379557386486 0.029854219814552756 0.68668738338675928
decision_type=2 2 2 2 2 2 2 2 2 2 2 2 2 2
left_child=6 4 3 -3 13 -4 8 9 10 -8 -1 -10 -9 -2
right_child=1 2 5 -5 -6 -7 7 12 11 -11 -12 -13 -14 -15
leaf_value=-0.56583895620802915 -0.58526774945157301 -0.63088364852230427 -0.5524949924193111 -0.52834631135455068 -0.55685162452704695 -0.56892275356250122 -0.57938064460003202 -0.61125710536067679 -0.62712869044426367 -0.5157993679680517 -0.61470234676306856 -0.6072216879985286 -0.57823626142177198 -0.60195470253294714
leaf_weight=21.848695427179337 137.86717414855957 5.6864559054374686 219.31303039193153 76.580981433391571 51.998632848262787 411.75435158610344 12.457409411668779 29.789288133382797 61.231779903173447 9.589748263359068 10.555378794670103 140.66483461856842 19.215771734714508 60.706393837928772
leaf_count=71 488 24 669 206 162 1357 43 117 255 24 42 544 66 230
internal_value=-0.57499 -0.566094 -0.56001 -0.535434 -0.583414 -0.563214 -0.603074 -0.583854 -0.608902 -0.551725 -0.581756 -0.613259 -0.598309 -0.590369
internal_weight=1269.26 963.907 713.335 82.2674 250.572 631.067 305.353 71.0522 234.301 22.0472 32.4041 201.897 49.0051 198.574
internal_count=4298 3136 2256 230 880 2026 1162 250 912 67 113 799 183 718
is_linear=0
shrinkage=1


Tree=1
num_leaves=15
num_cat=0
split_feature=29 6 25 29 18 28 15 25 29 11 29 6 28 11
split_gain=328.029 103.449 57.2145 48.6989 38.2997 36.5042 36.2895 30.0678 29.5425 19.5897 18.3439 17.72 15.7883 13.1511
threshold=0.033489878279165462 45812.000000000007 -0.0003944043076717358 0.054853966217673765 0.0088407882970627395 -0.00041000503492609106 -0.020296386315737467 -0.0003944043076717358 0.020007434860058581 0.010156564900650452 0.029854219814552756 297016.50000000006 0.00012716100629838384 0.025316895636897725
decision_type=2 2 2 2 2 2 2 2 2 2 2 2 2 2
left_child=4 3 6 -2 7 -4 -3 12 11 -9 -10 -6 -1 -5
right_child=1 2 5 13 8 -7 -8 9 10 -11 -12 -13 -14 -15
leaf_value=-0.0095271938589491009 0.0028395341896546447 -0.046504691335059294 0.03960832060925628 0.023915939216060736 0.016320912194653467 0.024467098452151757 0.06025144405951724 -0.024976620920368814 -0.017496778288002245 -0.0064215706792154978 0.018038808972002513 0.070953999378140939 0.030945552747800847 0.054924049062168419
leaf_weight=16.065200611948967 186.71965125203133 2.9735079407691947 220.13603675365448 32.854692757129669 12.048718959093096 410.60219237208366 79.077564299106598 130.38220509886742 28.31312994658947 84.330982059240341 24.290360108017921 9.6006313562393171 18.856545448303223 19.685734927654266
leaf_count=61 676 13 664 107 41 1341 212 531 112 319 82 24 60 55
internal_value=0.0182156 0.0270878 0.0328172 0.0100191 -0.00786366 0.0297516 0.0563826 -0.01349 0.0110518 -0.0176889 -0.00108775 0.0405485 0.0123267 0.035534
internal_weight=1275.94 952.049 712.789 239.26 323.888 630.738 82.0511 249.635 74.2528 214.713 52.6035 21.6494 34.9217 52.5404
internal_count=4298 3068 2230 838 1230 2005 225 971 259 850 194 65 121 162
is_linear=0
shrinkage=0.03


Tree=2
num_leaves=15
num_cat=0
split_feature=29 6 23 25 28 29 28 25 13 9 22 4 24 12
split_gain=306.302 95.8762 74.9311 51.9598 54.5843 44.1972 36.175 21.4592 20.3668 19.7949 16.5177 12.2681 9.7923 6.8787
threshold=0.032632015489152948 45812.000000000007 8.7482864723267753 -0.0003944043076717358 -0.0025233119728767955 0.054853966217673765 -0.00041000503492609106 -0.0003944043076717358 0.013670379557386486 2.7396264942551327 211933776.8565 147.50000000000003 0.84223995900429338 -0.0035919918809518684
decision_type=2 2 2 2 2 2 2 2 2 2 2 2 2 2
left_child=2 5 7 4 -3 11 -5 9 -9 -1 -4 -2 -7 -12
right_child=1 3 10 6 -6 12 -8 8 -10 -11 13 -13 -14 -15
leaf_value=0.022894240107013998 -0.0047948384462912358 -0.036688767073577468 0.0033042589606439689 0.038091265540076372 0.05980397669590759 0.04170987239120505 0.023149493718882856 -0.032127558219562778 -0.011910445252622146 -0.023904200185345423 0.039611207294560032 0.010160501005231049 0.012181192364472728 0.077408558557598955
leaf_weight=24.785582855343819 90.980144307017326 5.6534032076597205 9.7355755716562289 224.14008909463882 79.078107833862305 39.441716656088829 417.39473022520542 60.205447718501091 175.79265941679478 12.108515381813048 14.965755358338358 107.9270354360342 13.589976742863653 6.0994979143142691
leaf_count=81 340 24 35 669 206 116 1357 255 682 49 45 378 46 15
internal_value=0.0175834 0.0257543 -0.00873542 0.0312861 0.0533658 0.00980797 0.0283699 -0.0137418 -0.017068 0.00753515 0.0356203 0.00331993 0.0341428 0.0505555
internal_weight=1281.9 978.205 303.693 726.266 84.7315 251.939 641.535 272.892 235.998 36.8941 30.8008 198.907 53.0317 21.0653
internal_count=4298 3136 1162 2256 230 880 2026 1067 937 130 95 718 162 60
is_linear=0
shrinkage=0.03


Tree=3
num_leaves=15
num_cat=0
split_feature=29 6 23 25 28 29 28 25 13 27 22 11 3 28
split_gain=285.687 88.7377 70.2793 47.8176 50.4862 41.0935 33.3387 20.3336 19.5573 17.6389 15.1863 11.8686 11.8545 6.14693
threshold=0.032632015489152948 45812.000000000007 8.7482864723267753 -0.0003944043076717358 -0.0025233119728767955 0.054853966217673765 -0.00041000503492609106 -0.0003944043076717358 0.013670379557386486 0.0017988748604025337 211933776.8565 0.025316895636897725 0.68668738338675928 0.0018580126527569119
decision_type=2 2 2 2 2 2 2 2 2 2 2 2 2 2
left_child=2 5 7 4 -3 12 -5 9 -9 -1 13 -7 -2 -4
right_child=1 3 10 6 -6 11 -8 8 -10 -11 -12 -13 -14 -15
leaf_value=0.025390775332079639 0.0080572452229299863 -0.035994264105965706 -0.022522526082381224 0.036603979005562892 0.057251376443459574 0.021854616346095503 0.022317929602604872 -0.031491940976963118 -0.01159527409031887 -0.016441878984403153 0.048403494158657141 0.05102426504691774 -0.0078546364075647961 0.025271472703539289
leaf_weight=20.970226839184761 138.53024253249168 5.5905638188123694 4.4996384233236331 226.21712464094162 80.1092808842659 33.343895837664604 419.91898411512375 59.587390527129173 175.16342256963253 15.987872302532194 21.336946353316307 20.134527981281281 60.560550555586815 5.2449086755514145
leaf_count=68 488 24 18 669 206 107 1357 255 682 62 60 55 230 17
internal_value=0.0169825 0.0248209 -0.00850101 0.0301124 0.0511686 0.00948872 0.0273196 -0.0133894 -0.0166457 0.0072942 0.0342321 0.0328369 0.00321708 0.00320213
internal_weight=1287.2 984.405 302.79 731.836 85.6998 252.569 646.136 271.709 234.751 36.9581 31.0815 53.4784 199.091 9.74455
internal_count=4298 3136 1162 2256 230 880 2026 1067 937 130 95 162 718 35
is_linear=0
shrinkage=0.03


Tree=4
num_leaves=15
num_cat=0
split_feature=29 6 23 25 28 29 28 25 13 9 7 7 11 22
split_gain=266.68 82.274 65.9655 44.2418 46.8233 38.2591 30.8145 19.2691 18.7902 18.5986 15.0915 14.8212 10.918 9.7015
threshold=0.032632015489152948 45812.000000000007 8.7482864723267753 -0.0003944043076717358 -0.0025233119728767955 0.054853966217673765 -0.00041000503492609106 -0.0003944043076717358 0.013670379557386486 2.7396264942551327 23724493.515500005 748301.89000000013 0.025316895636897725 211933776.8565
decision_type=2 2 2 2 2 2 2 2 2 2 2 2 2 2
left_child=2 5 7 4 -3 11 -5 9 -9 -1 13 -2 -7 -4
right_child=1 3 10 6 -6 12 -8 8 -10 -11 -12 -13 -14 -15
leaf_value=0.021828455289608868 -0.023937164244554322 -0.03532644602807701 -0.016113006993410461 0.035210735902798274 0.054928053300795449 0.021086595974382737 0.021526148706670852 -0.030876510468453595 -0.011288063879998016 -0.023550426527567166 0.047879827075938172 0.0055919240348613541 0.048939853616451458 0.044855056108104384
leaf_weight=24.977001905441284 16.696754917502403 5.526336893439292 7.1488008201122302 228.08373525738716 80.978874087333679 33.518869400024414 422.26686285436153 58.961362719535828 174.54221257567406 12.050305515527723 20.679471909999847 182.56593732535839 20.358755946159363 3.4985103607177734
leaf_count=81 67 24 28 669 206 107 1357 255 682 49 57 651 55 10
internal_value=0.0164109 0.0239374 -0.0082737 0.0290064 0.0491622 0.00918216 0.0263255 -0.013046 -0.0162343 0.00706018 0.0329388 0.0031176 0.0316115 0.00391998
internal_weight=1291.85 989.996 301.858 736.856 86.5052 253.14 650.351 270.531 233.504 37.0273 31.3268 199.263 53.8776 10.6473
internal_count=4298 3136 1162 2256 230 880 2026 1067 937 130 95 718 162 38
is_linear=0
shrinkage=0.03


Tree=5
num_leaves=15
num_cat=0
split_feature=18 7 9 25 6 11 25 9 28 26 28 18 26 1
split_gain=186.476 77.9349 45.504 40.1431 38.4242 34.4215 29.6299 27.3456 21.5762 32.6197 22.4407 12.7256 11.9681 11.9261
threshold=0.0089776015478978538 6373977.9260000009 1.5443975760631263 -9.5779806604573002e-05 8869.5000000000018 0.0097144000362379031 -0.00034703461401847021 2.7776323253404085 -0.00041000503492609106 0.0020274897638310608 -0.0037651225293099432 0.0047442500191783882 -0.0020096095453059231 0.021815029459897016
decision_type=2 2 2 2 2 2 2 2 2 2 2 2 2 2
left_child=1 6 3 -3 12 -4 7 -1 10 -10 -6 -8 -2 -14
right_child=4 2 5 -5 8 -7 11 -9 9 -11 -12 -13 13 -15
leaf_value=0.027968770924378362 0.024866082210931399 0.044592883480724141 -0.013681285707764255 0.012097292146258194 0.0048222275705490864 0.0130362530067516 -0.029456051114285748 -0.038353883655972733 0.01331363024341259 0.029634858612760988 0.036136167900484004 -0.01193882417432853 -0.036944008955586929 0.0015314470230281805
leaf_weight=25.181841194629669 11.219635233283041 50.970717594027519 82.138472586870193 104.07292221486568 22.441884815692902 92.017873674631119 58.061857298016548 7.1933591812849036 187.80092100799084 266.7463736385107 250.54240508377552 104.50072653591633 10.75222611427307 22.263743624091148
leaf_count=80 36 144 319 353 78 312 246 31 620 820 728 406 45 80
internal_value=0.0158664 0.00205721 0.0109591 0.0227802 0.0252447 0.000435289 -0.0129758 0.0132327 0.0268953 0.0228916 0.0335619 -0.0181954 -0.00190223 -0.0109988
internal_weight=1295.9 524.138 329.2 155.044 771.767 174.156 194.938 32.3752 727.532 454.547 272.984 162.563 44.2356 33.016
internal_count=4298 1891 1128 497 2407 631 763 111 2246 1440 806 652 161 125
is_linear=0
shrinkage=0.03


Tree=6
num_leaves=15
num_cat=0
split_feature=29 6 23 25 29 13 15 25 13 27 7 7 11 22
split_gain=238.607 72.3857 60.3411 39.3639 35.5696 23.3104 22.8333 17.6895 17.4633 16.5654 13.6356 13.6069 10.4906 8.92918
threshold=0.032632015489152948 48004.500000000007 8.7482864723267753 -0.0003944043076717358 0.054853966217673765 0.02244961032598974 -0.019308060950897311 -0.0003944043076717358 0.013670379557386486 0.0017988748604025337 23724493.515500005 748301.89000000013 0.02018021639744914 211933776.8565
decision_type=2 2 2 2 2 2 2 2 2 2 2 2 2 2
left_child=2 4 7 6 11 -5 -3 9 -9 -1 13 -2 -6 -4
right_child=1 3 10 5 12 -7 -8 8 -10 -11 -12 -13 -14 -15
leaf_value=0.023932221557472152 -0.023196534066942564 -0.030656119862403696 -0.015859142022849663 0.011444885892368552 0.016830329487305448 0.027062604160114963 0.049247350332369468 -0.030020917110090761 -0.011017037342446648 -0.016530907701690151 0.045156009422793519 0.005198701005506799 0.043065929847275419 0.042391908384277255
leaf_weight=21.168476268649101 16.538661658763885 3.3481643497943869 7.1259010881185549 101.84077273309231 27.102084040641785 553.3766977339983 83.240028336644173 58.039913281798363 173.95286920666695 15.980061531066893 20.965714797377586 186.02445304393768 27.774531930685043 3.5473445802927017
leaf_count=68 67 14 28 335 87 1683 214 255 682 62 57 660 76 10
internal_value=0.0153393 0.0223907 -0.00808669 0.0271474 0.00868444 0.0246351 0.0461577 -0.0126938 -0.0157714 0.00652633 0.0311039 0.00288032 0.0301089 0.00350109
internal_weight=1300.03 999.245 300.78 741.806 257.44 655.217 86.5882 269.141 231.993 37.1485 31.639 202.563 54.8766 10.6732
internal_count=4298 3136 1162 2246 890 2018 228 1067 937 130 95 727 163 38
is_linear=0
shrinkage=0.03


Tree=7
num_leaves=15
num_cat=0
split_feature=29 6 23 25 26 29 28 25 13 9 9 11 6 9
split_gain=223.147 67.3652 56.7355 36.7404 41.577 33.2105 27.5311 16.7652 16.7992 16.5939 11.4437 9.72947 8.82979 10.4338
threshold=0.032632015489152948 48004.500000000007 8.7482864723267753 -0.0003944043076717358 -0.004277250711583077 0.054853966217673765 -0.00041000503492609106 -0.0003944043076717358 0.013670379557386486 2.7396264942551327 1.903193070004026 0.02018021639744914 528314.50000000012 16.214298080881157
decision_type=2 2 2 2 2 2 2 2 2 2 2 2 2 2
left_child=2 5 7 4 -3 10 -5 9 -9 -1 -2 -7 13 -4
right_child=1 3 12 6 -6 11 -8 8 -10 -11 -12 -13 -14 -15
leaf_value=0.020085878962216225 0.0065186362672505988 -0.035264611016915436 0.033016808445410162 0.032121728642010773 0.049893625292247834 0.016266209348626125 0.019266734601614231 -0.02944901951787339 -0.010724375125017843 -0.022842911032669579 -0.010840545579091363 0.04146354069732993 0.048438947896770175 -0.014493747167140714
leaf_weight=25.271789863705635 159.18860806524754 5.5082867443561545 11.931101575493818 230.91139437258244 81.586246639490128 27.199221402406693 427.60559584200382 57.401751652359962 173.34825475513935 11.929269745945929 43.52282626926899 27.979211434721947 13.482517927885054 6.3871913701295844
leaf_count=81 562 24 36 665 204 87 1353 255 682 49 165 76 35 24
internal_value=0.0148403 0.0216249 -0.00787297 0.0261962 0.0445078 0.00840834 0.0237744 -0.0123693 -0.0153823 0.0063199 0.00279156 0.029043 0.0300128 0.0164509
internal_weight=1303.25 1003.5 299.752 745.612 87.0945 257.89 658.517 267.951 230.75 37.2011 202.711 55.1784 31.8008 18.3183
internal_count=4298 3136 1162 2246 228 890 2018 1067 937 130 727 163 95 60
is_linear=0
shrinkage=0.03


Tree=8
num_leaves=15
num_cat=0
split_feature=29 6 25 26 29 7 29 29 26 26 25 9 7 22
split_gain=208.836 62.8375 35.9746 39.0815 30.2221 27.3056 31.7553 29.5287 26.8371 19.0811 15.3271 21.8626 12.8291 8.66415
threshold=0.032632015489152948 45812.000000000007 -0.0003944043076717358 -0.004277250711583077 0.054853966217673765 6373977.9260000009 0.020007434860058581 0.019982888506241938 -0.0056631139355676893 0.00052063061724316859 -9.5779806604573002e-05 2.8089585994030855 1138091.9525000004 100217359.64100002
decision_type=2 2 2 2 2 2 2 2 2 2 2 2 2 2
left_child=5 4 3 -3 12 10 7 -7 -4 -8 11 -1 -2 -6
right_child=1 2 8 -5 13 6 9 -9 -10 -11 -12 -13 -14 -15
leaf_value=0.010750095312159919 -0.016466618330067424 -0.034623842610463806 0.041955693424660059 0.048361625297241147 0.035641346508733733 -0.024899017743631947 0.0039336244899317516 0.04046615232376221 0.020961760052156275 -0.018748684871462331 -0.025000085352689161 -0.039619417665807677 0.0056416793781902371 0.009809064907607197
leaf_weight=29.248982965946198 27.364554837346077 5.4429126977920523 60.274534732103348 82.884962841868401 38.148720741271973 8.0589811801910383 73.1822270154953 27.258977845311165 603.49023760855198 61.369887009263039 89.026177242398262 10.553858682513235 172.7530875056982 16.845291197299957
leaf_count=103 108 24 163 206 108 34 271 76 1863 251 380 47 610 54
internal_value=0.0143642 0.0208974 0.0252616 0.0432479 0.00803148 -0.00766557 0.000233543 0.0255509 0.0228682 -0.00641189 -0.0180811 -0.00260555 0.00261854 0.0277286
internal_weight=1305.9 1007.2 752.093 88.3279 255.112 298.699 169.87 35.318 663.765 134.552 128.829 39.8028 200.118 54.994
internal_count=4298 3136 2256 230 880 1162 632 110 2026 522 530 150 718 162
is_linear=0
shrinkage=0.03


Tree=9
num_leaves=15
num_cat=0
split_feature=29 6 25 29 7 28 26 18 15 25 7 11 9 4
split_gain=195.549 58.6646 32.4313 29.0494 26.3424 24.8985 23.9953 20.7982 19.6431 18.3796 12.3395 9.02373 6.46212 11.8095
threshold=0.032632015489152948 48004.500000000007 -0.0003944043076717358 0.054853966217673765 1256380.5090000003 -0.00041000503492609106 0.0028567236471816358 0.010445458304224333 -0.019308060950897311 -0.0003944043076717358 748301.89000000013 0.02018021639744914 0.47371069596736548 177.50000000000003
decision_type=2 2 2 2 2 2 2 2 2 2 2 2 2 2
left_child=4 3 8 10 12 -4 7 -6 -3 -8 -2 -5 13 -1
right_child=1 2 5 11 6 -7 9 -9 -10 -11 -12 -13 -14 -15
leaf_value=0.023434531813952709 -0.022370544916110183 -0.030346301383481537 0.030078638042513248 0.01481711069171162 -0.0033849512453562173 0.017907817019240522 0.037338526520572582 0.02121571728398711 0.044395708045601778 -0.026614408934380076 0.0048037712084474668 0.038970736066386943 -0.031859642335528807 -0.044400005628571187
leaf_weight=5.602994352579115 16.357064142823219 3.2879455089569083 233.05823229253292 27.436005815863609 154.1385480761528 431.11650717258453 4.4131785929203025 38.694054484367371 84.376580312848091 48.405345231294632 186.64958930015564 28.259350478649139 42.503384858369827 3.9298221319913864
leaf_count=20 67 14 665 87 592 1353 13 125 214 208 660 76 186 18
internal_value=0.013907 0.0202022 0.0244422 0.00787978 -0.00746303 0.0221785 -0.00335568 0.00155145 0.0415924 -0.0212709 0.00261423 0.0270725 -0.0268529 -0.00452968
internal_weight=1308.23 1010.54 751.839 258.702 297.687 664.175 245.651 192.833 87.6645 52.8185 203.007 55.6954 52.0362 9.53282
internal_count=4298 3136 2246 890 1162 2018 938 717 228 221 727 163 224 38
is_linear=0
shrinkage=0.03


Tree=10
num_leaves=15
num_cat=0
split_feature=29 18 25 21 29 23 29 25 13 8 10 23 21 13
split_gain=184.824 42.1401 40.9247 34.7311 36.9578 28.3586 28.476 22.5748 19.1662 18.4675 17.0588 13.5303 8.31738 7.99043
threshold=0.042238464618594575 0.0051906651288169707 -0.00011775243431594598 385780.50000000006 0.054853966217673765 19.419412342220259 0.032398442985910422 -0.0003944043076717358 0.016720831010752214 -0.0035853039218189642 -0.028334291865331075 1.6271192320003867 88030.500000000015 0.01036144786005474
decision_type=2 2 2 2 2 2 2 2 2 2 2 2 2 2
left_child=1 2 9 4 11 6 -3 10 -9 -1 -5 -2 -6 -4
right_child=3 5 13 7 12 -7 -8 8 -10 -11 -12 -13 -14 -15
leaf_value=-0.024221857432652621 0.00014173924293312166 -0.0063472103718920474 -0.042849887643297023 -0.0099893400375851722 -0.0029821815017242407 0.040746909346292326 0.01038643347975024 -0.017665193823537959 0.024545862376291489 0.021981875284567597 0.045579835034551562 -0.048124379134010492 0.032502083702050398 -0.020499103175669196
leaf_weight=10.27839159965515 79.824409872293472 160.48199515044689 17.377994522452354 5.3647025376558295 6.7523830085992804 19.022458255290985 213.00544510781765 9.8548782020807248 549.1239005625248 32.103000074625015 67.907913088798523 5.5934316813945761 49.725237533450127 83.87819342315197
leaf_count=43 284 623 83 20 23 51 705 36 1640 107 170 24 140 349
internal_value=0.0134672 -7.17903e-05 -0.0139751 0.0228438 0.00943068 0.00501608 0.00319624 0.0258541 0.0238017 0.0107765 0.0415113 -0.00301888 0.0282596 -0.024335
internal_weight=1310.29 536.147 143.638 774.147 141.895 392.51 373.487 632.251 558.979 42.3814 73.2726 85.4178 56.4776 101.256
internal_count=4298 1961 582 2337 471 1379 1328 1866 1676 150 190 308 163 432
is_linear=0
shrinkage=0.03


Tree=11
num_leaves=15
num_cat=0
split_feature=29 28 21 29 29 29 25 25 26 10 0 23 21 21
split_gain=172.932 37.405 32.393 34.6099 31.8719 33.2793 27.9163 21.3179 18.5569 15.976 14.1342 12.9065 8.91117 5.12271
threshold=0.042238464618594575 0.0026201731368251948 385780.50000000006 0.054853966217673765 0.019982888506241938 0.020007434860058581 -0.0003944043076717358 -0.0003944043076717358 -0.005986589993506884 -0.028334291865331075 -0.0050582854501024076 1.6271192320003867 196889.00000000003 2068999.0000000002
decision_type=2 2 2 2 2 2 2 2 2 2 2 2 2 2
left_child=1 4 3 11 13 -6 -3 9 -9 -4 -5 -2 -8 -1
right_child=2 6 7 10 5 -7 12 8 -10 -11 -12 -13 -14 -15
leaf_value=-0.040545668192787584 0.00013748234671399104 0.052089061357377411 -0.0097104450270090511 -0.026493606153385564 0.032336222107069629 0.0024448929882277593 -0.044682883601982769 0.043944867454757355 0.021576894319565307 0.044114521964760303 0.031479347201768343 -0.047281069516823211 -0.018447456228434928 -0.0019866189561468248
leaf_weight=16.64357760548592 79.827216610312462 4.6700102984905234 5.3533927351236335 4.0784051269292823 36.595371022820473 399.11856964230537 14.441975980997084 35.64484566450119 525.48172155022621 68.056167364120483 52.60913859307766 5.5234563201665869 60.315489247441292 3.810945287346839
leaf_count=77 284 12 20 15 109 1439 66 93 1583 170 148 24 243 15
internal_value=0.0130432 -7.087e-05 0.0220878 0.00913747 0.00323732 0.00495545 -0.0190705 0.0249867 0.0229978 0.0401893 0.0273085 -0.0029312 -0.0235157 -0.0333616
internal_weight=1312.17 535.596 776.574 142.038 456.168 435.714 79.4275 634.536 561.127 73.4096 56.6875 85.3507 74.7575 20.4545
internal_count=4298 1961 2337 471 1640 1548 321 1866 1676 190 163 308 309 92
is_linear=0
shrinkage=0.03


Tree=12
num_leaves=15
num_cat=0
split_feature=29 6 23 29 28 28 11 7 28 7 7 24 1 6
split_gain=165.151 49.1755 44.7878 23.9538 19.9422 20.3287 15.7446 15.3576 14.341 11.5212 11.4398 8.63512 7.82615 6.77668
threshold=0.032632015489152948 48004.500000000007 8.7482864723267753 0.054853966217673765 -0.00041000503492609106 -0.0037651225293099432 0.036628772473829098 1362342.2310000001 0.0026493132660649148 23724493.515500005 748301.89000000013 0.84223995900429338 0.030240000052905197 20070.500000000004
decision_type=2 2 2 2 2 2 2 2 2 2 2 2 2 2
left_child=2 3 7 10 5 -3 -6 13 -9 12 -2 -5 -4 -1
right_child=1 4 9 11 6 -7 -8 8 -10 -11 -12 -13 -14 -15
leaf_value=-0.028704059165844627 -0.02185088309929345 0.00029069524540790379 0.019459518687731821 0.03126626884513959 0.015926775839274279 0.031113971477216413 0.029495834853950572 -0.0039621852080129263 -0.02512015722480003 0.03899762444389368 0.0044017636989916601 0.0042418605991767586 -0.034239602098933938 0.0072480782866508305
leaf_weight=49.774705663323402 16.234006360173225 20.862132966518402 7.123766675591467 42.019392743706703 391.58695410192013 250.33358359336853 95.78774157166481 173.81135357916355 34.565771669149399 21.433379232883453 187.24209488928318 14.250271067023276 3.7171807587146759 5.2127279788255683
leaf_count=220 67 71 23 117 1208 691 276 676 151 57 660 46 15 20
internal_value=0.0126336 0.0183643 -0.00710571 0.00709812 0.0222221 0.0287428 0.0185936 -0.0111933 -0.00747189 0.02625 0.00230724 0.0244223 0.00104698 -0.0252958
internal_weight=1313.96 1018.32 295.639 259.746 758.57 271.196 487.375 263.365 208.377 32.2743 203.476 56.2697 10.8409 54.9874
internal_count=4298 3136 1162 890 2246 762 1484 1067 827 95 727 163 38 240
is_linear=0
shrinkage=0.03


Tree=13
num_leaves=15
num_cat=0
split_feature=29 6 25 26 7 29 26 26 18 25 7 24 20 9
split_gain=154.87 46.012 28.4364 33.821 23.1721 22.4586 22.0474 20.5857 17.8089 16.3822 10.9202 8.07459 6.82943 7.39174
threshold=0.032632015489152948 48004.500000000007 -0.0003944043076717358 -0.004277250711583077 1256380.5090000003 0.054853966217673765 -0.0056631139355676893 0.0028567236471816358 0.010445458304224333 -0.0003944043076717358 1138091.9525000004 0.84223995900429338 -0.023473809081047549 0.47371069596736548
decision_type=2 2 2 2 2 2 2 2 2 2 2 2 2 2
left_child=4 5 3 -3 12 10 -4 8 -6 -9 -2 -7 -1 -14
right_child=1 2 6 -5 7 11 -8 9 -10 -11 -12 -13 13 -15
leaf_value=-0.0016201546247369219 -0.015521820650555893 -0.034919880757038099 0.036612226290976407 0.042308648532949814 -0.0031697651799927292 0.030228566147508587 0.017685416540262341 0.034967238932238062 0.019548909863276381 -0.025127014523531631 0.0049552676652577978 0.0041122347196433382 -0.005597937568318583 -0.036905158709385925
leaf_weight=8.9573357254266721 27.027165874838829 5.4398484379053107 60.907285928726196 82.558327049016953 153.51777747273445 42.155833467841148 611.66938519477844 4.4702163040637961 38.928187489509583 47.097989961504936 176.54798111319542 14.25835672020912 8.5353557467460615 33.141956135630608
leaf_count=36 108 24 162 204 592 117 1856 13 125 208 619 46 35 153
internal_value=0.0122419 0.0177733 0.0214976 0.0375346 -0.00691716 0.00687827 0.0193994 -0.00308479 0.00142579 -0.0199177 0.00223668 0.0236278 -0.0253858 -0.0304936
internal_weight=1315.21 1020.56 760.575 87.9982 294.649 259.989 672.577 244.014 192.446 51.5682 203.575 56.4142 50.6346 41.6773
internal_count=4298 3136 2246 228 1162 890 2018 938 717 221 727 163 224 188
is_linear=0
shrinkage=0.03


Tree=14
num_leaves=15
num_cat=0
split_feature=29 6 25 26 7 26 26 29 29 27 25 9 3 11
split_gain=145.332 43.1337 28.3152 32.0434 22.3871 25.7646 21.6558 20.6125 20.418 14.2478 13.8527 20.8359 10.8216 8.32156
threshold=0.032632015489152948 45812.000000000007 -0.0003944043076717358 -0.004277250711583077 6373977.9260000009 0.003136482395854874 -0.0056631139355676893 0.020007434860058581 0.054853966217673765 0.0028996887809031539 -9.5779806604573002e-05 2.8089585994030855 0.68668738338675928 0.025316895636897725
decision_type=2 2 2 2 2 2 2 2 2 2 2 2 2 2
left_child=4 8 3 -3 10 7 -4 -6 12 -7 11 -1 -2 -10
right_child=1 2 6 -5 5 9 -8 -9 13 -11 -12 -13 -14 -15
leaf_value=0.011406893595931125 0.0066982621390865539 -0.034291767468362162 0.035660842674460992 0.041285150028079039 0.026695078242777733 -0.03824633797348672 0.016993056218445674 -0.00054568619710994011 0.013572341925756241 0.0059384154097993358 -0.023088012268471965 -0.038356233127803604 -0.0084532953568085337 0.037405249476087081
leaf_weight=29.017751529812813 140.01958967745304 5.374299928545951 61.522773161530495 83.407473653554916 32.801284968852997 21.088114485144619 615.02720756828785 105.1091271340847 34.885186046361923 9.5393157750368101 85.926030695438385 10.246443822979925 60.867226645350456 21.197196632623672
leaf_count=103 488 24 163 206 98 98 1863 400 107 36 380 47 230 55
internal_value=0.0118664 0.0172103 0.020781 0.0367102 -0.00673239 0.000405734 0.0186906 0.00593339 0.00657557 -0.0244844 -0.0163421 -0.00157937 0.00210745 0.0225804
internal_weight=1316.03 1022.3 765.332 88.7818 293.728 168.538 676.55 137.91 256.969 30.6274 125.19 39.2642 200.887 56.0824
internal_count=4298 3136 2256 230 1162 632 2026 498 880 134 530 150 718 162
is_linear=0
shrinkage=0.03


Tree=15
num_leaves=15
num_cat=0
split_feature=29 7 28 6 29 29 27 14 28 9 10 10 24 23
split_gain=137.321 40.0291 32.4918 27.0603 21.8643 19.1537 12.5688 16.7799 12.0903 11.971 11.0829 11.8845 9.8854 9.66518
threshold=0.042238464618594575 1138091.9525000004 0.0026201731368251948 35672.500000000007 0.019982888506241938 0.054853966217673765 0.022124700974611538 0.87595208195001817 0.0037840916420093271 1.903193070004026 -0.0049495142727800836 -0.0071231423253928826 0.71431290432110295 0.51077644360787933
decision_type=2 2 2 2 2 2 2 2 2 2 2 2 2 2
left_child=1 10 4 5 -3 9 7 -5 -4 -2 11 -1 -8 -7
right_child=3 2 8 6 -6 13 12 -9 -10 -11 -12 -13 -14 -15
leaf_value=-0.015186495967643952 0.0029990336634646889 -0.03156224723807461 -0.023603616770236927 0.021394383238130154 0.0073041395223508521 -0.018919604627804475 0.038009791839360367 0.00058779088951498872 0.0055987445036805739 -0.029162870001311566 -0.030481499793217712 0.046332435340036428 0.021277713874337762 0.027154434002753931
leaf_weight=13.111943468451502 69.752330586314201 13.477582305669783 51.436308175325394 490.07410216331482 389.25892379879951 4.5567035824060431 69.765958577394485 37.557665511965752 16.969337821006775 12.244094759225844 45.621132463216782 3.6028002202510825 58.363807320594788 40.679152727127075
leaf_count=55 247 61 217 1433 1350 16 185 122 60 50 206 12 170 114
internal_value=0.0115058 -0.000232541 0.00275658 0.0195034 0.00600348 0.00684201 0.02196 0.0199133 -0.0163594 -0.00180353 -0.0228247 -0.00192632 0.0303882 0.0225133
internal_weight=1316.47 533.478 471.142 782.994 402.737 127.232 655.762 527.632 68.4056 81.9964 62.3359 16.7147 128.13 45.2359
internal_count=4298 1961 1688 2337 1411 427 1910 1555 277 297 273 67 355 130
is_linear=0
shrinkage=0.03


Tree=16
num_leaves=15
num_cat=0
split_feature=29 21 23 29 9 22 1 26 12 7 9 7 1 6
split_gain=129.969 38.8504 38.8135 32.2519 20.1129 16.7962 14.0104 17.5425 13.9511 13.001 21.2829 10.4528 7.52508 6.36183
threshold=0.032632015489152948 639720.00000000012 8.7482864723267753 0.054853966217673765 1.9674561842729414 187083872.43050006 0.032724382389899255 0.004048862564300852 -0.013793630712760118 1362342.2310000001 4.2149898405215245 23724493.515500005 0.030240000052905197 20070.500000000004
decision_type=2 2 2 2 2 2 2 2 2 2 2 2 2 2
left_child=2 3 9 4 -2 -5 7 -3 -8 13 -11 12 -4 -1
right_child=1 6 11 5 -6 -7 8 -9 -10 10 -12 -13 -14 -15
leaf_value=-0.026981047685059736 0.0079553497227327907 0.019003501829719674 0.018457800744311758 0.028613008155486581 -0.010540479545536505 0.001145519439440618 0.018735596634101452 -0.001253945190979953 0.030293823884007271 -0.00075163364789503865 -0.021896866207278973 0.036567556119299925 -0.034198398243698087 0.0081248219935053431
leaf_weight=48.027622640132904 201.23524588346481 217.27099676430225 7.1505224704742414 85.911113917827606 71.790919870138168 26.130258068442345 190.68487872183323 46.752660661935806 185.33963678777218 146.09998522698879 60.612842127680779 21.538487926125526 3.7099210172891617 5.1433813422918311
leaf_count=220 681 642 23 238 261 84 562 154 514 568 259 57 15 20
internal_value=0.0111519 0.0161834 -0.00649498 0.00865379 0.00309196 0.022207 0.0207133 0.0154164 0.0244326 -0.010355 -0.00695189 0.0244675 0.000470475 -0.0235852
internal_weight=1317.4 1025.12 292.283 385.068 273.026 112.041 640.048 264.024 376.025 259.884 206.713 32.3989 10.8604 53.171
internal_count=4298 3136 1162 1264 942 322 1872 796 1076 1067 827 95 38 240
is_linear=0
shrinkage=0.03


Tree=17
num_leaves=15
num_cat=0
split_feature=29 23 6 28 28 29 26 13 8 1 22 24 14 14
split_gain=122.001 36.6788 36.4349 17.7808 18.2893 17.3436 14.2671 14.1879 13.8753 10.5186 8.54797 7.43516 5.71109 4.92159
threshold=0.032632015489152948 19.419412342220259 48004.500000000007 -0.00041000503492609106 -0.0037651225293099432 0.054853966217673765 -0.0021217134071293145 0.010630669259834387 -0.0081809095735478933 0.021018056839237517 211933776.8565 0.84223995900429338 0.65687508831879438 0.36648829710905667
decision_type=2 2 2 2 2 2 2 2 2 2 2 2 2 2
left_child=1 7 5 4 -4 9 -5 12 -9 -2 -3 -7 -1 -12
right_child=2 10 3 6 -6 11 -8 8 -10 -11 13 -13 -14 -15
leaf_value=-0.039168782373852934 -0.012146762281687224 -0.0036615969241081824 -0.0018362187192584129 -0.016842871176045698 0.027351178335723456 0.026967593905333539 0.016374217907911711 -0.021820613834809897 -0.0033151292620702041 0.0052101280011466657 0.022724395626057457 0.001999233640128537 -0.012710866903349707 0.057516895951358865
leaf_weight=18.163591250777248 38.803590998053551 4.4007215201854732 20.92556232213974 11.92603252828121 252.1091566234827 42.435552418231964 480.80255906283855 44.784924328327179 196.30641475319862 165.22598634660244 6.0468561798334113 14.368084847927092 12.324955478310583 9.2665804624557477
leaf_count=89 148 15 71 42 691 117 1442 189 777 579 17 46 54 21
internal_value=0.0108125 -0.00632296 0.0156747 0.0189732 0.0251142 0.00599088 0.0155702 -0.00919112 -0.00675269 0.00190909 0.0331885 0.020652 -0.0284732 0.0437783
internal_weight=1317.89 291.294 1026.6 765.763 273.035 260.833 492.729 271.58 241.091 204.03 19.7142 56.8036 30.4885 15.3134
internal_count=4298 1162 3136 2246 762 890 1484 1109 966 727 53 163 143 38
is_linear=0
shrinkage=0.03


Tree=18
num_leaves=15
num_cat=0
split_feature=29 28 22 25 21 29 25 29 25 26 10 0 23 21
split_gain=115.442 30.2974 26.9916 24.5275 24.3762 25.3542 18.7275 16.9893 16.7999 15.8654 14.2336 12.9016 11.9417 8.42338
threshold=0.042238464618594575 0.0026201731368251948 172425082.12650004 -0.0003944043076717358 385780.50000000006 0.054853966217673765 -0.0003944043076717358 0.019982888506241938 0.00073185741853035505 -0.005986589993506884 -0.026880823940817204 -0.0050582854501024076 1.6271192320003867 196889.00000000003
decision_type=2 2 2 2 2 2 2 2 2 2 2 2 2 2
left_child=1 2 7 -3 5 12 10 -1 -4 -8 -6 -7 -2 -5
right_child=4 3 8 13 6 11 9 -9 -10 -11 -12 -13 -14 -15
leaf_value=-0.034649655553347591 -0.00083250849111743256 0.048722545397511523 0.0093004514625783744 -0.043156959800636253 -0.00695583237780958 -0.029164505538158414 0.037702044985698693 -0.0018855969551335422 0.058348230645649729 0.017147143879290123 0.038810134328799532 0.025959516114550722 -0.046763059095213888 -0.017056841261392317
leaf_weight=15.14347332715988 80.238155379891396 4.6990302205085746 193.2988245934248 13.732812061905859 6.7379748821258536 4.1161464154720298 36.078931406140327 239.71773484349251 6.4963096231222144 534.07105666399002 66.26450078189373 53.334844648838043 5.4399621933698645 58.686921507120132
leaf_count=74 284 12 646 66 24 15 93 903 17 1583 166 148 24 243
internal_value=0.0104863 -0.000309612 0.00263955 -0.0176965 0.0177878 0.00659065 0.0202797 -0.00383239 0.0108952 0.0184479 0.034586 0.0220101 -0.00374878 -0.0220062
internal_weight=1318.06 531.775 454.656 77.1188 786.282 143.129 643.152 254.861 199.795 570.15 73.0025 57.451 85.6781 72.4197
internal_count=4298 1961 1640 321 2337 471 1866 977 663 1676 190 163 308 309
is_linear=0
shrinkage=0.03


Tree=19
num_leaves=15
num_cat=0
split_feature=29 23 6 25 28 29 25 20 25 4 7 26 11 1
split_gain=109.449 34.4326 32.0599 25.1708 18.5928 15.1815 13.4403 16.5105 12.6771 10.075 9.40687 8.38645 8.06455 7.03722
threshold=0.032632015489152948 8.7482864723267753 48004.500000000007 -0.0003944043076717358 -0.00041000503492609106 0.054853966217673765 -0.0003944043076717358 -0.011920913400338995 0.00073185741853035505 147.50000000000003 23724493.515500005 -0.0031604021318338382 0.02018021639744914 0.030240000052905197
decision_type=2 2 2 2 2 2 2 2 2 2 2 2 2 2
left_child=1 6 5 11 -5 9 7 -1 -8 -2 13 -4 -7 -3
right_child=2 10 3 4 -6 12 8 -9 -10 -11 -12 -13 -14 -15
leaf_value=0.026444754212322692 -0.0054703159516337101 0.017536496357600968 0.012358877046939094 0.022673143284272973 0.012269322724866371 0.0079965376423193676 -0.01375048239144111 -0.01376007067871598 0.031419069070837517 0.007921654019537103 0.034492409176173681 0.037213480510181245 0.030587499843340946 -0.033506901189376451
leaf_weight=19.012639984488487 92.41140528023243 7.1775165945291501 14.694433495402334 237.63525746762753 442.41880188882351 28.219556644558907 214.971520870924 17.798533380031586 5.7414019405841819 111.63684116303921 21.567119359970093 72.504618942737579 28.671068876981735 3.6758111119270325
leaf_count=61 343 23 47 665 1353 87 917 69 20 384 57 181 76 15
internal_value=0.0101706 -0.00610838 0.0147612 0.0178505 0.0159048 0.00567744 -0.00977655 0.00700536 -0.0125755 0.00185657 0.0230288 0.0330251 0.0193817 0.00024909
internal_weight=1318.14 289.945 1028.19 767.253 680.054 260.939 257.524 36.8112 220.713 204.048 32.4204 87.1991 56.8906 10.8533
internal_count=4298 1162 3136 2246 2018 890 1067 130 937 727 95 228 163 38
is_linear=0
shrinkage=0.03


Tree=20
num_leaves=15
num_cat=0
split_feature=29 7 28 25 25 26 26 28 11 10 22 7 18 12
split_gain=102.96 34.1753 27.9973 24.207 21.7366 32.0745 21.9649 18.8007 18.0863 10.6353 11.473 9.89676 8.2344 6.56872
threshold=0.042238464618594575 1138091.9525000004 0.0026201731368251948 -0.0003944043076717358 -0.0003944043076717358 -0.004277250711583077 -0.005986589993506884 0.0018580126527569119 0.036190772914008913 -0.0049495142727800836 24781475.022000004 4294336.3890000004 0.021490945375364615 -0.00035999269720039627
decision_type=2 2 2 2 2 2 2 2 2 2 2 2 2 2
left_child=1 9 7 -4 5 -2 12 -3 -8 10 -1 -7 -6 -11
right_child=4 2 3 -5 6 11 8 -9 -10 13 -12 -13 -14 -15
leaf_value=0.02179772193381093 -0.046112098637183248 0.0028055133533525941 0.051865370120525903 -0.020334959051980243 0.040996055622954213 -0.0010077880306742213 0.011188646520956459 0.021684333424344712 0.024058698924069082 -0.034985057630074243 -0.028500333439585496 0.037709482081218791 0.0061935561418539819 -0.0061457112988144835
leaf_weight=9.0244540274143237 4.6496431231498709 347.53392449021339 4.4774497598409644 62.767483115196228 37.397251307964325 6.4251610040664664 531.84767316281796 54.986760154366493 120.54635779559612 35.351441606879234 7.4515506774187079 79.002364620566368 7.3155304789543143 8.896995082497595
leaf_count=33 21 1231 11 266 95 22 1636 180 342 168 34 199 22 38
internal_value=0.00986864 -0.000346655 0.00239101 -0.0155276 0.0167528 0.0306211 0.0149608 0.00538447 0.0135667 -0.0215253 -0.000950421 0.0347975 0.035302 -0.0291864
internal_weight=1317.67 530.49 469.766 67.2449 787.184 90.0772 697.107 402.521 652.394 60.7244 16.476 85.4275 44.7128 44.2484
internal_count=4298 1961 1688 277 2337 242 2095 1411 1978 273 67 221 117 206
is_linear=0
shrinkage=0.03


Tree=21
num_leaves=15
num_cat=0
split_feature=29 21 29 18 25 17 29 25 11 25 13 9 27 9
split_gain=98.5387 30.9676 25.4813 17.9507 18.2005 17.6965 15.7199 15.4921 15.0453 15.0268 14.8353 14.5071 13.347 11.8954
threshold=0.032632015489152948 639720.00000000012 0.051624236850219378 0.0087270802717619739 -0.0003944043076717358 -0.0040557529046106053 0.020007434860058581 -0.00087053193906951151 0.010156564900650452 -0.0003944043076717358 0.016720831010752214 2.6041260656393099 0.0025098143480273357 29.947422862453532
decision_type=2 2 2 2 2 2 2 2 2 2 2 2 2 2
left_child=3 2 9 4 12 -4 13 -3 -6 -2 -9 -8 -1 -5
right_child=1 7 5 6 8 -7 11 10 -10 -11 -12 -13 -14 -15
leaf_value=0.025178468398686801 0.021340311896818755 0.044965852362513208 0.03354072665955965 0.0081103711222554904 -0.020773121589798795 0.01040911919022228 0.016816034255134355 -0.006561583116253572 -0.0032811563457718356 -0.0014683787862314474 0.01804979539430672 -0.016673599638956735 -0.014606581268056123 0.051309718222009339
leaf_weight=20.542141795158386 29.592475324869156 18.553091749548912 42.316124439239502 12.824076518416407 111.62199440598488 100.36324276030064 20.021848112344742 22.881444156169891 73.328198477625847 213.90908206999302 601.43123371899128 27.812388092279434 12.035373985767363 10.380294933915136
leaf_count=65 91 44 114 43 506 306 71 77 293 753 1751 112 48 24
internal_value=0.00957254 0.013917 0.00720237 -0.0059201 -0.010196 0.0172695 0.00717319 0.0179506 -0.013838 0.00130354 0.0171478 -0.00265593 0.0104804 0.0274353
internal_weight=1317.61 1029.05 386.181 288.566 217.528 142.679 71.0386 642.866 184.95 243.502 624.313 47.8342 32.5775 23.2044
internal_count=4298 3136 1264 1162 912 420 250 1872 799 844 1828 183 113 67
is_linear=0
shrinkage=0.03


Tree=22
num_leaves=14
num_cat=0
split_feature=18 25 7 25 28 24 18 22 15 25 21 8 27
split_gain=81.9819 42.824 40.7827 24.7561 23.3223 17.9762 14.9502 15.7466 14.6325 13.3329 10.7067 7.38674 0.88125
threshold=0.0053919016726289579 -0.00011775243431594598 6551797.2115000011 -0.001013258929688022 0.0026201731368251948 0.90450641160021594 0.010907533247777349 106085628.78950001 -0.00053877604963565228 0.00073185741853035505 161330.00000000003 -0.0038774401694697163 0.0034697753890197101
decision_type=2 2 2 2 2 2 2 2 2 2 2 2 2
left_child=1 5 6 12 -5 8 7 -2 -1 11 -8 -3 -4
right_child=2 9 3 4 -6 -7 10 -9 -10 -11 -12 -13 -14
leaf_value=-0.0055729934550893308 -0.0026251849262914758 -0.034330325571088449 0.055223448369946568 0.016067482738435196 0.0024123038406821755 -0.045987817439886676 -0.0098205526995807316 -0.04181485337790488 0.030460355279227126 0.033062132845558888 0.01921488618623083 -0.017160334207546039 0.042007061023439263
leaf_weight=15.101616606116293 131.70846372842789 30.570882007479668 10.140289157629015 792.4174952507019 131.20796374976635 4.2314367592334738 15.047073498368261 9.9227352589368802 30.887919545173645 4.1491307616233817 47.546308994293213 85.953746229410172 8.2225267291069013
leaf_count=57 494 138 23 2382 432 19 53 43 100 14 150 373 20
internal_value=0.00928852 -0.0100952 0.0121785 0.0148134 0.0141277 0.0131838 2.52151e-05 -0.00537083 0.0186281 -0.0197833 0.0122349 -0.021665 0.0493054
internal_weight=1317.11 170.895 1146.21 941.988 923.625 50.221 204.225 141.631 45.9895 120.674 62.5934 116.525 18.3628
internal_count=4298 701 3597 2857 2814 176 740 537 157 525 203 511 43
is_linear=0
shrinkage=0.03


Tree=23
num_leaves=15
num_cat=0
split_feature=29 23 21 29 9 22 25 26 9 12 25 22 22 12
split_gain=89.5338 30.0158 28.0455 23.5646 18.8982 15.4901 14.9087 17.6666 12.1353 18.2211 11.4067 8.37305 6.92299 5.40799
threshold=0.032632015489152948 8.7482864723267753 639720.00000000012 0.054853966217673765 1.9674561842729414 187083872.43050006 -0.00034703461401847021 -0.0056631139355676893 4.2149898405215245 -0.0072206615670453419 0.00057737215842103577 211933776.8565 1288352202.3400004 -0.0035919918809518684
decision_type=2 2 2 2 2 2 2 2 2 2 2 2 2 2
left_child=1 8 3 4 -2 -5 12 -8 9 -1 -10 -3 -4 -13
right_child=2 11 6 5 -6 -7 7 -9 10 -11 -12 13 -14 -15
leaf_value=0.0042118948879484369 0.0067051742121603452 -0.001523729629909001 0.024185321708151221 0.02445805447394777 -0.01120411219449987 -0.0018547175177586713 0.031552581485583153 0.013414185491203654 -0.023949977135898852 -0.014263292985906799 0.031384301320571899 0.022134677835052137 0.045050637108784396 0.054569460575414001
leaf_weight=91.029423519968987 202.07422214746475 9.9307803809642774 69.911213666200638 86.221216365695 71.894693404436111 26.270719677209854 53.475756987929344 502.01673832535744 58.591531544923782 101.74145571887493 3.5563665330409995 15.918393447995184 17.995366886258125 6.5221506506204632
leaf_count=354 681 35 193 238 261 84 140 1495 261 440 12 45 44 15
internal_value=0.00900899 -0.00580001 0.0131401 0.00675231 0.00200543 0.0183131 0.016977 0.0151603 -0.00925555 -0.00553902 -0.0207835 0.0214118 0.0284567 0.0315616
internal_weight=1317.15 287.29 1029.86 386.461 273.969 112.492 643.399 555.492 254.919 192.771 62.1479 32.3713 87.9066 22.4405
internal_count=4298 1162 3136 1264 942 322 1872 1635 1067 794 273 95 237 60
is_linear=0
shrinkage=0.03


Tree=24
num_leaves=15
num_cat=0
split_feature=29 25 18 26 17 24 7 26 18 25 9 9 8 7
split_gain=84.2155 26.5217 36.0112 35.2898 25.5015 21.1941 17.582 15.195 14.0598 13.1065 10.9161 7.68813 11.4692 3.12929
threshold=0.032398442985910422 -0.0003944043076717358 0.011020923334883671 -0.004277250711583077 0.0070437704185825085 0.9837073033296303 1190689.3080000002 0.0028567236471816358 0.010445458304224333 -0.0003944043076717358 1.7383106018186194 0.52956160710472122 0.0030072291443794751 615098.89600000018
decision_type=2 2 2 2 2 2 2 2 2 2 2 2 2 2
left_child=6 3 5 -2 -4 -3 11 8 -8 -9 -5 12 -1 -13
right_child=1 2 4 10 -6 -7 7 9 -10 -11 -12 13 -14 -15
leaf_value=-0.020244618973487383 -0.038632718858062215 0.0065527575652304087 0.02073809230483015 0.0361237122028506 0.0059338105425155736 -0.017199060945730822 -0.0028496226761181541 0.031126755630551457 0.017446765035076122 -0.022370593154985231 0.015167055335725196 -0.041442412386997675 0.049499404591098826 -0.022739863881281901
leaf_weight=7.6424345076084119 7.1240189820528022 375.99980694055557 354.77526898682117 79.800757557153702 148.57718767225742 37.152271643280983 150.0048926025629 4.5414330661296836 38.627259999513626 44.584689661860466 31.083452045917511 13.401912733912466 2.9378173649311066 20.168837174773216
leaf_count=36 31 1209 1016 207 461 138 587 13 124 210 91 68 10 97
internal_value=0.00874329 0.0127043 0.0109807 0.0260908 0.0163682 0.0044169 -0.00579231 -0.00256379 0.00130658 -0.0174251 0.0302491 -0.0231782 -0.000878804 -0.0302062
internal_weight=1316.42 1034.51 916.505 118.008 503.352 413.152 281.909 237.758 188.632 49.1261 110.884 44.151 10.5803 33.5707
internal_count=4298 3153 2824 329 1477 1347 1145 934 711 223 298 211 46 165
is_linear=0
shrinkage=0.03


Tree=25
num_leaves=14
num_cat=0
split_feature=18 25 6 9 6 24 25 15 25 28 28 1 17
split_gain=70.6891 40.1751 34.559 22.9967 25.4812 16.8816 15.8465 13.7182 12.5226 10.9887 19.1451 9.32167 8.07788
threshold=0.0053919016726289579 -0.00011775243431594598 19474.500000000004 1.903193070004026 65202.000000000007 0.90450641160021594 -0.001013258929688022 -0.00053877604963565228 0.00073185741853035505 0.0026726163817474631 0.0023266846562677566 0.037774895919174753 -0.0032897064190119795
decision_type=2 2 2 2 2 2 2 2 2 2 2 2 2
left_child=1 5 9 6 -5 7 -4 -1 11 10 -2 -3 -11
right_child=2 8 3 4 -6 -7 -8 -9 -10 12 -12 -13 -14
leaf_value=-0.0053951873085382957 -0.00047737461885691328 -0.023960471825117426 0.047847485022830906 -0.011184155974222001 0.010730131369360055 -0.045098562574733346 0.015992570198862799 0.029540643815405228 0.031873793908628149 0.008635073752306514 0.053360683440043057 0.0034166001582118669 -0.029759786958879399
leaf_weight=15.021244257688521 137.70599901676178 102.27199585735798 14.381308764219282 57.296248450875282 286.72735919058323 4.142436519265174 618.86183625459671 30.975718155503273 4.1839392632246009 6.709780007600787 6.2127756476402274 12.569062635302542 18.609796136617661
leaf_count=57 501 459 34 216 897 19 1830 100 14 24 17 52 78
internal_value=0.00848542 -0.00961787 0.0111565 0.013324 0.00708036 0.0129077 0.016716 0.0181316 -0.0191068 -0.00135964 0.00184674 -0.0209641 -0.019585
internal_weight=1315.67 169.164 1146.51 977.267 344.024 50.1394 633.243 45.997 119.025 169.238 143.919 114.841 25.3196
internal_count=4298 701 3597 2977 1113 176 1864 157 525 620 518 511 102
is_linear=0
shrinkage=0.03


Tree=26
num_leaves=14
num_cat=0
split_feature=18 25 7 25 9 24 22 18 7 15 25 1 27
split_gain=66.5303 38.0394 34.1328 22.1813 18.9138 15.983 14.0144 15.7436 15.1768 12.7772 11.8255 8.95765 0.858414
threshold=0.0053919016726289579 -0.00011775243431594598 6551797.2115000011 -0.001013258929688022 1.903193070004026 0.90450641160021594 69880582.754000023 0.017346006022887623 1138091.9525000004 -0.00053877604963565228 0.00073185741853035505 0.035306292225770523 0.0034697753890197101
decision_type=2 2 2 2 2 2 2 2 2 2 2 2 2
left_child=1 5 6 12 -5 9 8 -8 -2 -1 11 -3 -4
right_child=2 10 3 4 -6 -7 7 -9 -10 -11 -12 -13 -14
leaf_value=-0.0052407139151466444 -0.013015136609610503 -0.024079642873288409 0.052157756564222474 0.015755842679695313 0.0067792162251291473 -0.044445491365783685 -0.019145274396583908 0.037442284744954493 0.0094611928707164696 0.028453279105094462 0.030612961198025465 -0.00073510698984378768 0.038965075440480675
leaf_weight=15.000406652688978 35.146957322955132 96.463307574391365 9.9189495444297808 598.19714759290218 326.57702051103115 4.0781768560409537 46.832652419805527 4.8866311013698569 117.18723276257515 31.191311314702034 4.2249282151460639 17.472935065627098 8.0343777984380704
leaf_count=57 145 438 23 1763 1051 19 183 14 398 100 14 73 20
internal_value=0.00823319 -0.00937287 0.010819 0.013227 0.0125858 0.0124851 -0.000305649 -0.0137987 0.00427539 0.0175114 -0.018672 -0.0204996 0.0462538
internal_weight=1315.21 168.431 1146.78 942.727 924.774 50.2699 204.053 51.7193 152.334 46.1917 118.161 113.936 17.9533
internal_count=4298 701 3597 2857 2814 176 740 197 543 157 525 511 43
is_linear=0
shrinkage=0.03


Tree=27
num_leaves=15
num_cat=0
split_feature=29 22 1 25 26 13 25 7 25 9 14 26 18 10
split_gain=73.0994 30.7353 16.3365 15.6761 15.3985 15.1594 19.2807 15.3747 14.5439 25.1898 14.3771 16.9363 12.9622 11.6553
threshold=0.045365543796253453 108995559.95000002 0.02055416291253704 -0.0003944043076717358 -0.0061453168514149486 0.030272544876238219 0.00073185741853035505 11699239.020500002 -0.00034703461401847021 2.7776323253404085 0.48184028718938249 0.0021331774783144675 0.0053919016726289579 -0.026880823940817204
decision_type=2 2 2 2 2 2 2 2 2 2 2 2 2 2
left_child=1 8 10 13 -5 6 -3 -7 9 -1 -2 -12 -10 -4
right_child=2 5 3 4 -6 7 -8 -9 12 -11 11 -13 -14 -15
leaf_value=0.020641296062891026 -0.038453273864254379 -0.00019040199723119336 -0.0092627488575238916 0.034064632649637827 0.012857908721260356 -0.016901812747028053 0.047179346949890066 0.017974331922163699 -0.01996647959184537 -0.028580594145626838 0.025373341774601467 -0.023963092879638898 -0.0049087434303011455 0.032111000286102261
leaf_weight=35.999248787760735 8.8167329281568509 207.72267919778824 6.7175709009170523 32.637338653206825 552.11901704967022 12.606941461563109 8.0323079824447614 116.51642388105392 79.689154997467995 12.643837809562681 15.81575943529606 10.366891413927076 145.20414017140865 69.820164486765862
leaf_count=115 34 736 24 84 1640 50 21 350 371 55 45 38 552 183
internal_value=0.0079888 0.000482611 0.0146554 0.0157126 0.0140415 0.00643889 0.00157312 0.0145692 -0.00702714 0.00784701 -0.00531885 0.00583882 -0.0102443 0.0284797
internal_weight=1314.71 618.415 696.293 661.294 584.756 344.878 215.755 129.123 273.536 48.6431 34.9994 26.1827 224.893 76.5377
internal_count=4298 2250 2048 1931 1724 1157 757 400 1093 170 117 83 923 207
is_linear=0
shrinkage=0.03


Tree=28
num_leaves=15
num_cat=0
split_feature=29 23 21 29 9 22 25 25 13 17 7 22 28 14
split_gain=69.8367 26.6732 23.5001 19.8702 16.3423 14.8032 13.7999 15.8289 12.2079 11.1045 9.17744 7.34933 6.47981 4.50217
threshold=0.032398442985910422 19.419412342220259 639720.00000000012 0.054853966217673765 1.9674561842729414 187083872.43050006 -0.00034703461401847021 -0.00027410915263091797 0.010630669259834387 0.0023456368529292371 1138091.9525000004 211933776.8565 -0.002091060316031955 0.36648829710905667
decision_type=2 2 2 2 2 2 2 2 2 2 2 2 2 2
left_child=1 8 3 4 -2 -5 12 -8 9 -1 -10 -3 -4 -13
right_child=2 11 6 5 -6 -7 7 -9 10 -11 -12 13 -14 -15
leaf_value=-0.036127087274160537 0.0055681910939886382 -0.0059054490277368962 0.0049600633537573704 0.022196796599020917 -0.010983252453434478 -0.0035255520515145499 -0.0088593447354576357 0.014293392221126196 -0.020335495049295427 0.010131170183091802 -0.0033496835360876669 0.018027634721779321 0.029160919343488582 0.051441906193318336
leaf_weight=22.668312460184101 204.27328006923199 4.3950093537569073 11.467686295509337 86.031402230262756 72.83075387775898 26.28934571146965 27.979911938309669 529.65590807795525 33.465073481202126 5.8825321793556204 198.06346248090267 6.0242170095443717 75.603193327784538 9.1280333846807462
leaf_count=119 688 15 38 238 265 84 92 1548 160 24 789 17 200 21
internal_value=0.00775453 -0.00554708 0.0113513 0.00553239 0.00121801 0.0161763 0.014866 0.0131317 -0.00808723 -0.0265962 -0.00580481 0.0282501 0.0259735 0.0381571
internal_weight=1313.76 279.627 1034.13 389.425 277.104 112.321 644.707 557.636 260.079 28.5508 231.529 19.5473 87.0709 15.1523
internal_count=4298 1145 3153 1275 953 322 1878 1640 1092 143 949 53 238 38
is_linear=0
shrinkage=0.03


Tree=29
num_leaves=15
num_cat=0
split_feature=29 23 25 26 26 7 9 7 25 9 1 7 1 12
split_gain=65.707 25.2902 22.8865 32.5821 28.6641 20.8723 12.6368 17.1992 10.7705 9.86782 8.90408 7.4044 6.87221 4.07792
threshold=0.032398442985910422 8.7482864723267753 -0.0003944043076717358 -0.004277250711583077 -0.005986589993506884 6551797.2115000011 4.2149898405215245 1362342.2310000001 0.00057737215842103577 1.7383106018186194 0.049964719352433754 23724493.515500005 0.030240000052905197 -0.0035919918809518684
decision_type=2 2 2 2 2 2 2 2 2 2 2 2 2 2
left_child=1 6 3 -2 10 -6 7 -1 -8 -5 -4 12 -3 -13
right_child=2 11 4 9 5 -7 8 -9 -10 -11 -12 13 -14 -15
leaf_value=-0.020883747056211165 -0.038647373732654262 0.016514715523470811 0.03645147169657012 0.033235674556076213 -0.0024725733910581824 0.010134671616891876 -0.023804728672443456 0.00036807245581723373 0.02968318493077203 0.013192551759317609 0.0078239834927059399 0.021640019815200213 -0.033939079744645662 0.050784726983626467
leaf_weight=45.294490665197372 7.1181385368108741 7.1577376425266248 44.060927748680115 78.53511255979538 141.42136664688587 719.40185835957527 56.674559772014618 140.85981951653957 3.6036306768655768 30.768223807215691 12.567383155226706 15.381272122263907 3.6782853454351425 6.0086928009986904
leaf_count=222 31 23 115 207 502 2170 258 558 12 91 37 43 15 14
internal_value=0.00752878 -0.00540036 0.0110136 0.0235436 0.00942354 0.00806348 -0.00866861 -0.00480285 -0.020607 0.0275937 0.0300982 0.019592 -0.000611813 0.0298271
internal_weight=1312.53 278.658 1033.87 116.421 917.452 860.823 246.433 186.154 60.2782 109.303 56.6283 32.226 10.836 21.39
internal_count=4298 1145 3153 329 2824 2672 1050 780 270 298 152 95 38 57
is_linear=0
shrinkage=0.03


Tree=30
num_leaves=14
num_cat=0
split_feature=29 7 6 9 23 29 25 9 25 9 12 6 3
split_gain=62.8811 26.5449 19.1424 19.1124 20.1196 17.0066 14.2761 23.7994 13.8305 14.1981 12.5086 9.008 4.36507
threshold=0.045365543796253453 6809860.0050000008 3257.0000000000005 1.4616736985484524 19.419412342220259 0.028908263013382379 -0.00034703461401847021 2.7776323253404085 -0.00040950722489395099 0.5215962505783337 -0.044080105907687579 58269.500000000007 0.39288308584426418
decision_type=2 2 2 2 2 2 2 2 2 2 2 2 2
left_child=1 6 12 5 -5 -3 7 -1 10 -10 -4 -8 -2
right_child=2 3 8 4 -6 -7 11 -9 9 -11 -12 -13 -14
leaf_value=0.02092137528203938 -0.0074306595418503416 -0.016631633729433361 -0.049122676801548658 -0.0023062386252060123 0.029420172901303668 0.017161128417727173 -0.010638252143009364 -0.037319183383541343 -0.001905230666788297 0.014017716063293094 0.028424652213648292 -0.0446942377353323 -0.050489482323635627
leaf_weight=29.32043294608593 3.8558353334665281 14.973125442862509 1.9226147532463063 246.34163227677345 19.406772658228874 127.84528616070747 162.71269418299198 8.0480786710977537 55.401818737387657 558.20211689174175 71.17328055202961 7.3038863241672507 4.7037370651960373
leaf_count=94 14 62 9 884 52 390 695 38 179 1634 192 35 20
internal_value=0.0073101 0.000330262 0.0134938 0.00476732 1.06417e-05 0.0136183 -0.00841114 0.00837807 0.0140495 0.01258 0.026385 -0.0121013 -0.0310928
internal_weight=1311.21 615.952 695.259 408.567 265.748 142.818 207.385 37.3685 686.7 613.604 73.0959 170.017 8.55957
internal_count=4298 2250 2048 1388 936 452 862 132 2014 1813 201 730 34
is_linear=0
shrinkage=0.03


Tree=31
num_leaves=15
num_cat=0
split_feature=18 7 9 17 17 18 28 17 26 7 24 1 26 17
split_gain=53.8812 33.4158 26.0651 21.3655 18.2051 14.3993 14.1527 20.2477 14.3005 13.5173 11.9693 11.6936 15.9284 11.3385
threshold=0.010907533247777349 6551797.2115000011 13.179700000000002 -0.0058104762850002484 0.0070437704185825085 0.019899927692573063 -0.0037651225293099432 -0.0045299637651408315 -0.0061453168514149486 67706619.351500019 0.5030078943012487 0.020412835843749318 -0.0015648198799579453 0.016998480592475173
decision_type=2 2 2 2 2 2 2 2 2 2 2 2 2 2
left_child=1 11 3 -3 6 10 7 -2 -8 -4 -6 12 -1 -7
right_child=4 2 9 -5 5 13 8 -9 -10 -11 -12 -13 -14 -15
leaf_value=0.0008842664099094448 -0.024724053332521645 0.03181622892078443 -0.04038124076811777 0.00603150231480498 -0.02649911756706225 0.031531388588749612 0.047935638353642847 0.044962870102542227 0.017101125099191729 -0.0018991737836037601 0.0031167204597646252 -0.0049304853633526241 -0.037899355193950726 0.0049198234409917763
leaf_weight=15.603852033615111 15.235056132078173 31.118794143199921 15.345813304185866 409.73549422621727 13.84941492974758 28.231465011835098 14.014817059040068 4.9787513613700858 397.00639207661152 17.679826393723488 108.51234556734562 184.78740522265434 24.486433878540993 29.432558119297028
leaf_count=64 57 86 68 1350 50 75 33 12 1154 62 341 742 114 90
internal_value=0.00709705 0.00140654 0.00592585 0.00785158 0.0136021 0.00558912 0.0169473 -0.00755985 0.0181525 -0.0197804 -0.000235324 -0.00811692 -0.0228041 0.0179485
internal_weight=1310.02 698.758 473.88 440.854 611.261 180.026 431.235 20.2138 411.021 33.0256 122.362 224.878 40.0903 57.664
internal_count=4298 2486 1566 1436 1812 556 1256 69 1187 130 391 920 178 165
is_linear=0
shrinkage=0.03


Tree=32
num_leaves=15
num_cat=0
split_feature=18 25 7 9 9 17 18 28 15 26 7 24 22 17
split_gain=50.7037 37.6216 27.6504 22.6337 20.3666 17.1368 13.5588 13.3084 19.5218 13.6334 12.3537 11.2779 11.0085 10.6907
threshold=0.010907533247777349 -0.0003944043076717358 6551797.2115000011 2.7032639516318073 13.179700000000002 0.0070437704185825085 0.019899927692573063 -0.0037651225293099432 -0.013025729699670708 -0.0061453168514149486 615098.89600000018 0.5030078943012487 74980444.346000016 0.016998480592475173
decision_type=2 2 2 2 2 2 2 2 2 2 2 2 2 2
left_child=1 3 12 10 -4 7 11 8 -2 -9 -1 -7 -3 -8
right_child=5 2 4 -5 -6 6 13 9 -10 -11 -12 -13 -14 -15
leaf_value=-0.029193830721584105 -0.031111064558383923 -0.0074928678259339101 0.0049441383742868418 -0.0085805100593633558 -0.020318892548295855 -0.025744098830781166 0.030620813754992093 0.04678282526322082 0.029323519066011793 0.01658838210040765 0.030110891349785548 0.0030230365882135506 -0.026693216365243935 0.0047725873315494554
leaf_weight=3.3164666742086402 12.236054822802545 161.34254282712936 382.42712411284447 20.319235444068909 31.05243769288063 13.828235834836958 28.199319884181023 13.930618569254873 7.9269103109836569 396.99939928948879 67.55060413479805 108.51879331469536 32.246563106775284 29.430378153920174
leaf_count=14 47 675 1267 77 124 50 75 33 22 1154 189 341 140 90
internal_value=0.00688755 0.0013648 -0.00133405 0.0193323 0.00304688 0.0131983 0.00542296 0.0164444 -0.00735169 0.017612 0.0273355 -0.00022836 -0.0106911 0.0174206
internal_weight=1309.32 698.255 607.069 91.1863 413.48 611.07 179.977 431.093 20.163 410.93 70.8671 122.347 193.589 57.6297
internal_count=4298 2486 2206 280 1391 1812 556 1256 69 1187 203 391 815 165
is_linear=0
shrinkage=0.03


Tree=33
num_leaves=15
num_cat=0
split_feature=29 23 21 29 22 20 27 29 8 8 29 22 7 22
split_gain=55.1158 22.4964 19.4286 17.0799 14.3194 12.2442 12.0156 13.8853 10.5531 11.9689 11.724 8.92039 6.67597 5.84375
threshold=0.032398442985910422 8.7482864723267753 639720.00000000012 0.054853966217673765 250982456.93450004 0.0042265443013105924 0.023385910040212347 0.10537295470779141 -0.0081809095735478933 -0.0064213054718756605 0.030931551791909529 2136951997.4805005 23724493.515500005 211933776.8565
decision_type=2 2 2 2 2 2 2 2 2 2 2 2 2 2
left_child=1 8 3 5 -5 -2 7 -4 10 -10 -1 -8 13 -3
right_child=2 12 6 4 -6 -7 11 -9 9 -11 -12 -13 -14 -15
leaf_value=-0.030025093218020264 0.0036143444165324663 -0.016619899689369434 0.010366386950522603 0.018507179668865011 -0.014093100459034325 -0.012551640788040407 0.018397646483462385 0.044875835443589425 0.021359181622241208 -0.0074320778466577071 0.0084196931741286739 0.042512368764697002 0.028187483293478817 0.029979991065087586
leaf_weight=33.614133715629578 225.33834303915501 7.1269231587648374 508.75304694473743 98.056497722864151 13.837410628795622 51.873456671833992 107.42126098275185 10.71450002491474 13.960840344429014 187.82960076630116 9.0641909539699537 15.841793417930601 21.247551426291466 3.668673500418663
leaf_count=157 762 28 1509 276 46 191 304 26 51 808 34 39 57 10
internal_value=0.00668579 -0.0052087 0.00987329 0.00458254 0.0144757 0.000589273 0.0130763 0.0110782 -0.00830667 -0.00544016 -0.02186 0.0214969 0.0184268 -0.000783833
internal_weight=1308.35 276.512 1031.84 389.106 111.894 277.212 642.731 519.468 244.469 201.79 42.6783 123.263 32.0431 10.7956
internal_count=4298 1145 3153 1275 322 953 1878 1535 1050 859 191 343 95 38
is_linear=0
shrinkage=0.03


Tree=34
num_leaves=13
num_cat=0
split_feature=29 28 25 29 28 21 6 25 28 6 17 3
split_gain=52.143 22.8438 22.7336 20.8129 21.0252 16.0922 15.3784 15.2191 13.7762 6.10051 4.15822 3.9784
threshold=0.047200015514282039 0.0026201731368251948 -0.0003944043076717358 0.019982888506241938 0.0018580126527569119 222068.50000000003 3257.0000000000005 -0.00066367208651680395 -0.00041000503492609106 252236.50000000003 0.0074895437629015254 0.39288308584426418
decision_type=2 2 2 2 2 2 2 2 2 2 2 2
left_child=1 3 -3 9 -5 -4 11 10 -9 -1 -8 -2
right_child=6 2 5 4 -6 -7 7 8 -10 -11 -12 -13
leaf_value=-0.03675155961103397 -0.0074573414600206207 0.038421293049718051 -0.040486645568380435 0.0017020703909234075 0.019322664535831192 -0.010101465995804436 0.039637828416125669 0.017972263256572384 0.008596018850157575 0.010124260476472228 0.012474478768682851 -0.050234839020089579
leaf_weight=14.91647180914879 3.8453699648380271 7.2520406991243354 20.08439938724041 475.54823270440102 69.904331803321838 71.643761202692986 23.79808841645718 223.03093220293522 383.58889748156071 3.0014608204364768 6.4458294361829749 3.9838107228279114
leaf_count=80 14 19 99 1672 233 288 60 631 1154 12 19 17
internal_value=0.00649155 0.000579926 -0.0127119 0.0029152 0.0039603 -0.0167545 0.0125651 0.0130788 0.0120433 -0.0288993 0.0338486 -0.0292243
internal_weight=1307.04 662.351 98.9802 563.37 545.453 91.7282 644.693 636.864 606.62 17.9179 30.2439 7.82918
internal_count=4298 2403 406 1997 1905 387 1895 1864 1785 92 79 31
is_linear=0
shrinkage=0.03


Tree=35
num_leaves=15
num_cat=0
split_feature=29 23 1 28 26 28 21 13 8 12 22 28 20 11
split_gain=50.1022 20.9988 19.1049 19.3444 50.3673 31.9201 13.0093 11.5308 11.7229 10.6627 6.49286 4.81972 4.59221 4.16169
threshold=0.032398442985910422 19.419412342220259 0.02055416291253704 0.0026201731368251948 0.0044939380222537269 0.0018580126527569119 2020183.5000000002 0.010630669259834387 -0.0081809095735478933 -0.0016749149418982931 211933776.8565 0.00029427945651734481 -0.004322004727076072 0.011940932506405292
decision_type=2 2 2 2 2 2 2 2 2 2 2 2 2 2
left_child=1 7 6 5 -5 -4 9 11 -9 -2 -3 -1 -8 -12
right_child=2 10 3 4 -6 -7 12 8 -10 -11 13 -13 -14 -15
leaf_value=-0.040067462046130514 -0.02235606396726806 -0.0070486234202653967 0.010116042088835334 -0.032590289188339096 0.0095009017092705563 0.028491115508728609 -0.0045138603753677488 -0.019464733097396002 -0.0019063272578863661 0.0043453344415014554 0.012995029128417887 -0.014743149456520012 0.031458062350094095 0.046258322703927934
leaf_weight=11.891103923320772 35.041522309184074 4.3545831590890911 706.89663502573967 32.279073655605316 123.40377102792263 96.726405397057533 4.7428111732006064 41.908332332968712 186.59130316972733 21.85437422990799 5.2111495286226264 15.686267778277395 9.7809124290943128 9.6610043197870237
leaf_count=66 131 15 2136 123 381 267 15 184 765 74 15 77 26 23
internal_value=0.00630149 -0.00506794 0.00933823 0.0104527 0.00077377 0.0123277 -0.00563075 -0.00733822 -0.00512665 -0.0120997 0.0251695 -0.0256628 0.0197112 0.034603
internal_weight=1306.03 275.304 1030.73 959.306 155.683 803.623 71.4196 256.077 228.5 56.8959 19.2267 27.5774 14.5237 14.8722
internal_count=4298 1145 3153 2907 504 2403 246 1092 949 205 53 143 41 38
is_linear=0
shrinkage=0.03


Tree=36
num_leaves=13
num_cat=0
split_feature=29 22 6 28 28 26 25 13 25 9 17 13
split_gain=47.3586 21.0697 16.1461 13.6921 24.691 18.1388 13.5542 15.5999 12.0853 21.1487 12.5056 4.07279
threshold=0.045365543796253453 108995559.95000002 3257.0000000000005 -0.00041000503492609106 -0.0029802503238477974 0.0018819184259492906 0.00073185741853035505 0.031315446106329629 -0.00034703461401847021 2.7776323253404085 -0.0079368710641470313 0.023382389995092099
decision_type=2 2 2 2 2 2 2 2 2 2 2 2
left_child=1 8 11 4 -4 -5 7 -3 9 -1 -10 -2
right_child=2 6 3 5 -6 -7 -8 -9 10 -11 -12 -13
leaf_value=0.018829026186774688 -0.0079557148451437805 -0.00097195790121371787 -0.0038623141711154954 0.0013461058535498903 0.021940420715538398 0.013786402984908595 0.038037283569514371 0.012563036556365766 0.019601380406550007 -0.026879438639565632 -0.011007266742198769 -0.049716890235998026
leaf_weight=36.196143552660942 4.0206432640552503 213.51816511154175 39.923303544521332 174.99268500506878 203.56168200075626 265.56592996418476 10.798539459705351 119.5487607717514 12.751270309090613 12.17456418275833 207.54594179987907 4.4039460420608521
leaf_count=115 15 757 129 545 561 779 29 371 42 55 881 19
internal_value=0.00611699 4.05423e-05 0.011492 0.0120004 0.0177096 0.00884504 0.00495866 0.0038862 -0.00625411 0.00732453 -0.00923557 -0.0297863
internal_weight=1305 612.533 692.468 684.044 243.485 440.559 343.865 333.067 268.668 48.3707 220.297 8.42459
internal_count=4298 2250 2048 2014 690 1324 1157 1128 1093 170 923 34
is_linear=0
shrinkage=0.03


Tree=37
num_leaves=15
num_cat=0
split_feature=29 25 26 26 23 21 9 12 25 9 27 7 6 12
split_gain=45.2841 19.9727 29.2923 25.8404 19.5136 18.6083 11.4933 15.2428 10.0327 8.88327 7.97225 6.11583 5.59498 3.87474
threshold=0.032398442985910422 -0.0003944043076717358 -0.004277250711583077 -0.005986589993506884 8.7482864723267753 530760.00000000012 4.2149898405215245 -0.0072206615670453419 0.00057737215842103577 1.6867922696970388 0.01083344508546802 23724493.515500005 86929.000000000015 -0.0035919918809518684
decision_type=2 2 2 2 2 2 2 2 2 2 2 2 2 2
left_child=4 2 -2 10 6 -5 7 -1 -8 -4 -3 12 -6 -13
right_child=1 3 9 5 11 -7 8 -9 -10 -11 -12 13 -14 -15
leaf_value=0.0050592513501424505 -0.038542199150979291 0.020018925413335435 0.030180964267259386 -0.00031927651002759694 0.013445095597262442 0.009115072866777792 -0.022538439086562483 -0.012263482471352507 0.029071354019900238 0.011242650950711319 0.045204413174317531 0.018592512369199433 -0.033130952568260132 0.047300885063945489
leaf_weight=86.39627668261528 7.0549748837947837 40.188101232051849 75.259516671299934 278.10788331925869 7.3734054565429705 581.75654976069927 55.059230506420135 97.094274148344994 3.6123974472284308 31.672158554196358 15.742545112967489 15.206158503890039 3.3876925855875015 5.8625485599040976
leaf_count=343 31 113 203 942 24 1730 258 437 12 95 39 43 14 14
internal_value=0.00593896 0.00882292 0.0206653 0.00734893 -0.00490022 0.0060637 -0.00780281 -0.0041071 -0.0193608 0.0245716 0.0271078 0.0171827 -0.00121747 0.0265809
internal_weight=1303.77 1029.78 113.987 915.795 273.992 859.864 242.162 183.491 58.6716 106.932 55.9306 31.8298 10.7611 21.0687
internal_count=4298 3153 329 2824 1145 2672 1050 780 270 298 152 95 38 57
is_linear=0
shrinkage=0.03


Tree=38
num_leaves=14
num_cat=0
split_feature=29 28 7 25 28 21 25 28 28 26 28 21 11
split_gain=43.0624 20.6554 22.2189 20.7444 16.6628 15.3488 13.5299 12.61 21.9854 19.9215 9.54718 5.77883 1.69376
threshold=0.047200015514282039 0.0026201731368251948 1138091.9525000004 -0.0003944043076717358 0.0018580126527569119 222068.50000000003 -0.00066367208651680395 -0.00041000503492609106 -0.0029802503238477974 0.0018819184259492906 0.00061555334630572403 342815.50000000006 0.029840445270368821
decision_type=2 2 2 2 2 2 2 2 2 2 2 2 2
left_child=1 2 10 -3 -4 -5 11 8 -8 -9 -1 -2 -13
right_child=6 3 4 5 -6 -7 7 9 -10 -11 -12 12 -14
leaf_value=-0.026368326292910395 0.00051137639842681239 0.036679733755666188 0.0024301321802441219 -0.039754387300961966 0.018794724686882567 -0.0097506013566720489 -0.005440674992768884 -0.001428835857449671 0.020098612899545433 0.012506096573468418 0.00055023335953561115 0.040571952194188604 0.021398261506396555
leaf_weight=31.821518227458 4.7334135025739696 7.2003808915615073 447.00685603916645 19.566145375370979 64.019066378474236 71.127017602324486 36.155651792883873 151.66031661629677 188.47102712094784 236.03230661153793 18.901617184281349 20.125986814498905 5.2224746495485297
leaf_count=157 15 19 1549 99 208 288 118 478 524 694 83 51 15
internal_value=0.00576841 0.000384395 0.0026005 -0.0123324 0.00448022 -0.0162236 0.0112969 0.0103319 0.0159878 0.00705493 -0.0163373 0.0309397 0.0366216
internal_weight=1302.04 659.643 561.749 97.8935 511.026 90.6932 642.401 612.319 224.627 387.693 50.7231 30.0819 25.3485
internal_count=4298 2403 1997 406 1757 387 1895 1814 642 1172 240 81 66
is_linear=0
shrinkage=0.03


Tree=39
num_leaves=15
num_cat=0
split_feature=29 25 26 26 18 23 8 28 29 4 1 22 11 6
split_gain=41.248 18.5754 27.4144 24.4305 18.4797 18.3944 10.666 11.4521 10.5779 8.92533 8.57764 5.92946 3.92417 0.809406
threshold=0.032398442985910422 -0.0003944043076717358 -0.004277250711583077 -0.005986589993506884 0.011020923334883671 19.419412342220259 -0.0081809095735478933 -0.0017208337492961205 0.030931551791909529 117.50000000000001 0.049964719352433754 211933776.8565 0.011940932506405292 313012.00000000006
decision_type=2 2 2 2 2 2 2 2 2 2 2 2 2 2
left_child=5 2 13 10 -5 6 8 -8 -1 -4 -3 -7 -13 -2
right_child=1 3 9 4 -6 11 7 -9 -10 -11 -12 12 -14 -15
leaf_value=-0.027663465290449041 -0.047010401368674973 0.03246915387618881 0.014482101491342204 0.00093060742923684731 0.0097563277479888345 -0.007142700003703051 -0.021980855430666246 -0.0013222648483485206 0.008725050041190726 0.031911275250835563 0.004134550673211051 0.011792808461284799 0.044267140457148302 -0.026439580054447777
leaf_weight=35.349285542964935 3.8547712713479987 43.363534703850746 50.455050975084305 396.17268167436123 463.12211026251316 4.3302440196275738 27.856454968452454 181.5323843061924 9.0254623442888242 55.563746005296707 12.355302378535269 5.1745558232069007 9.4924337565898878 3.1106899976730347
leaf_count=167 17 115 149 1298 1374 15 127 764 34 149 37 15 23 14
internal_value=0.00560079 0.0083526 0.0198288 0.00693554 0.00568728 -0.00477042 -0.00690201 -0.00407062 -0.0202623 0.0236166 0.0261861 0.0237032 0.0328101 -0.0378237
internal_weight=1300.76 1028 112.984 915.014 859.295 272.761 253.764 209.389 44.3747 106.019 55.7188 18.9972 14.667 6.96546
internal_count=4298 3153 329 2824 2672 1145 1092 891 201 298 152 53 38 31
is_linear=0
shrinkage=0.03


Tree=40
num_leaves=15
num_cat=0
split_feature=29 7 9 17 25 25 25 9 28 28 26 21 21 13
split_gain=38.8957 19.4842 16.4743 19.1997 14.9923 12.5902 12.4733 16.5171 11.7191 20.7424 18.8996 10.4996 5.5957 2.31321
threshold=0.047200015514282039 6809860.0050000008 1.4616736985484524 -0.0061223497836261171 -0.00014680805425697666 -0.00066367208651680395 -0.000152581626249253 2.1848790951061461 -0.00041000503492609106 -0.0029802503238477974 0.0018819184259492906 736629.00000000012 342815.50000000006 0.039505022802151728
decision_type=2 2 2 2 2 2 2 2 2 2 2 2 2 2
left_child=1 6 4 -4 -3 12 7 -1 9 -7 -10 -8 -2 -14
right_child=5 2 3 -5 -6 8 11 -9 10 -11 -12 -13 13 -15
leaf_value=0.014533794519332569 -0.00011334027729247493 0.026024097579564687 0.01694257168264927 -0.0039315194228597321 0.0057531406805611789 -0.0055935422417462133 -0.0088139218647548413 -0.021121301774331958 -0.0016477598533727955 0.019246326903471073 0.011928491938415211 -0.033661136197803074 0.040380301269849123 0.018342421899631638
leaf_weight=42.340175628662109 4.7253525406122234 46.145184829831123 47.638324841856956 236.71101306378841 113.85952991247177 36.070165142416954 138.19869093596935 16.154730334877968 151.55663570761681 187.6808178126812 235.97681598365307 17.212295591831207 19.357563287019733 5.5058939456939688
leaf_count=144 15 132 145 854 372 118 601 72 478 524 694 83 50 16
internal_value=0.0054396 0.000317679 0.00389873 -0.000434389 0.0115993 0.0107005 -0.00712137 0.00468681 0.00977536 0.015242 0.00661909 -0.0115658 0.0298126 0.0355001
internal_weight=1299.13 658.26 444.354 284.349 160.005 640.873 213.906 58.4949 611.284 223.751 387.533 155.411 29.5888 24.8635
internal_count=4298 2403 1503 999 504 1895 900 216 1814 642 1172 684 81 66
is_linear=0
shrinkage=0.03


Tree=41
num_leaves=15
num_cat=0
split_feature=29 25 28 28 26 13 29 29 8 25 9 5 0 12
split_gain=36.9952 17.1726 23.2754 36.9262 36.3034 13.6694 16.9294 20.9405 9.87162 6.87472 5.42669 3.62981 1.19916 0.331831
threshold=0.032632015489152948 -0.001013258929688022 0.0026201731368251948 0.0018580126527569119 0.0044939380222537269 0.010630669259834387 0.020007434860058581 0.019982888506241938 -0.0081809095735478933 -0.000152581626249253 1.5443975760631263 0.00059689203890117136 0.0022656669076704006 -0.0080914114863553568
decision_type=2 2 2 2 2 2 2 2 2 2 2 2 2 2
left_child=5 11 3 -3 -4 9 7 -7 -8 10 -1 -2 -11 -13
right_child=1 2 4 -5 -6 6 8 -9 -10 12 -12 13 -14 -15
leaf_value=0.017388627769319355 0.019224270342664974 0.0069281934438980364 -0.031267312844722742 0.025846728440364116 0.0042903200694354446 -0.021457081196815424 -0.019653997720531731 0.025112096384724746 -0.0028264597084753816 -0.038527766390711364 -0.030282564058799949 0.040434919059783893 -0.015858287363408753 0.0502084721616462
leaf_weight=5.0074173957109469 7.8862094134092358 743.89646996557713 33.069399267435074 106.09747239947319 118.23938907682896 11.460700407624243 38.860115334391594 35.949331447482109 162.90004998445511 15.551305115222933 3.7650974541902542 6.3971900492906579 2.4279580861330023 6.1150637865066502
leaf_count=18 23 2286 126 295 374 58 175 109 677 93 18 17 14 15
internal_value=0.00528257 0.00791497 0.00735984 0.00928963 -0.003481 -0.00446482 -0.00227691 0.0138547 -0.00606754 -0.0248434 -0.00307149 0.0351646 -0.0354664 0.0452115
internal_weight=1297.62 1021.7 1001.3 849.994 151.309 275.922 249.17 47.41 201.76 26.7518 8.77251 20.3985 17.9793 12.5123
internal_count=4298 3136 3081 2581 500 1162 1019 167 852 143 36 55 107 32
is_linear=0
shrinkage=0.03


Tree=42
num_leaves=14
num_cat=0
split_feature=18 25 29 6 9 6 8 25 8 15 25 1 26
split_gain=35.686 28.7487 17.7076 15.2703 15.0928 18.2045 14.5805 12.8592 12.0424 9.86821 9.47425 10.811 2.82147
threshold=0.0051906651288169707 -0.00011775243431594598 0.047200015514282039 3257.0000000000005 1.9277530606091309 323885.00000000006 -0.0078435674355065276 -0.00087053193906951151 -0.0035314147194739245 -0.00053877604963565228 0.00073185741853035505 0.037774895919174753 0.0020851107079083516
decision_type=2 2 2 2 2 2 2 2 2 2 2 2 2
left_child=1 6 4 -4 8 -6 12 -5 -2 -8 11 -3 -1
right_child=2 10 3 7 5 -7 9 -9 -10 -11 -12 -13 -14
leaf_value=-0.045675254663425785 0.015124726414935296 -0.023108198291829519 -0.034104460441814456 0.034912589549566483 -0.0087555392809161685 0.0083411296062069033 -0.0033289000020263301 0.0099880848654112873 0.0023800190164263474 0.029813377135289938 0.031406955865055 0.0080406857129969433 -0.0070547406661750026
leaf_weight=3.8478735238313666 112.95855428278446 85.910447314381599 6.9050085544586173 19.220619142055511 156.82039578258991 87.232828438282013 12.032233804464338 605.87136888504028 163.0288555175066 24.651515945792198 3.4093318581581107 11.353520408272741 3.0534846186637878
leaf_count=18 359 416 28 52 594 285 47 1790 557 79 11 48 14
internal_value=0.00512909 -0.00893724 0.00689048 0.0102644 0.00279027 -0.00264461 0.0114167 0.0107545 0.00759628 0.0189427 -0.0177492 -0.0194722 -0.0285877
internal_weight=1296.3 144.258 1152.04 631.997 520.041 244.053 43.5851 625.092 275.987 36.6837 100.673 97.264 6.90136
internal_count=4298 633 3665 1870 1795 879 158 1842 916 126 475 464 32
is_linear=0
shrinkage=0.03


Tree=43
num_leaves=15
num_cat=0
split_feature=18 25 29 6 9 6 25 26 15 25 25 1 25 18
split_gain=33.6457 27.2416 16.7057 14.4367 14.1875 17.1474 12.3595 11.776 10.1095 17.1542 9.3729 9.01917 10.2552 9.12052
threshold=0.0051906651288169707 -0.00011775243431594598 0.047200015514282039 3257.0000000000005 1.9277530606091309 323885.00000000006 -0.00087053193906951151 0.003519493025162058 -0.00053877604963565228 -0.00029287078936083151 -0.00030332740182318659 0.037774895919174753 0.00073185741853035505 0.0043110637543439237
decision_type=2 2 2 2 2 2 2 2 2 2 2 2 2 2
left_child=1 8 4 -4 7 -6 -5 -2 10 -10 -1 12 -3 -13
right_child=2 11 3 6 5 -7 -8 -9 9 -11 -12 13 -14 -15
leaf_value=0.0075455789789418111 0.010107142336616007 -0.022640983055712837 -0.033341008931894768 0.034270057210685899 -0.0085094871176800407 0.0080857809703039317 0.0096953128069678512 -0.0066120217880284585 0.0044297269387385723 0.052585013468969904 -0.044063687709174099 -0.027747576648148649 0.030218918372129512 0.02806655076289525
leaf_weight=9.4781109392642957 230.8753157556057 85.065691575407982 6.8520323634147635 18.996958166360855 156.51886220276356 87.28716254234314 605.44848282635212 45.364760130643845 19.234415799379349 10.182121485471727 4.7564598321914664 4.1400658935308439 3.436637505888938 7.2479169517755508
leaf_count=35 750 416 28 52 594 285 1790 166 70 30 23 22 11 26
internal_value=0.00498037 -0.00871533 0.00668785 0.0099677 0.00270635 -0.00256807 0.0104429 0.00736148 0.011055 0.021098 -0.00969958 -0.0173548 -0.0205884 0.0077755
internal_weight=1294.88 143.541 1151.34 631.297 520.046 243.806 624.445 276.24 43.6511 29.4165 14.2346 99.8903 88.5023 11.388
internal_count=4298 633 3665 1870 1795 879 1842 916 158 100 58 475 427 48
is_linear=0
shrinkage=0.03


Tree=44
num_leaves=15
num_cat=0
split_feature=29 1 25 26 26 23 12 6 9 12 25 26 22 26
split_gain=31.5927 16.7027 17.032 24.5793 20.7816 16.0319 11.4871 11.3551 10.65 14.5939 9.48154 9.40196 5.1666 4.84645
threshold=0.032398442985910422 0.02055416291253704 -0.0003944043076717358 -0.004277250711583077 -0.005986589993506884 8.7482864723267753 -0.0016749149418982931 1282964.5000000002 4.2149898405215245 -0.0034053720784909254 0.00057737215842103577 0.004048862564300852 211933776.8565 0.0026077997095729668
decision_type=2 2 2 2 2 2 2 2 2 2 2 2 2 2
left_child=5 6 3 -3 -4 8 7 -2 9 -1 -10 -8 13 -7
right_child=1 2 4 -5 -6 12 11 -9 10 -11 -12 -13 -14 -15
leaf_value=0.0020832785318134033 -0.021409022811101283 -0.037008501502959819 0.025565983089300755 0.023262437588996043 0.0056831652815518717 -0.025218726182812179 0.017595659969451595 0.025975039397510641 -0.021425809289187248 -0.016655588389420047 0.028749433656403863 -0.028677789913216425 0.023975756533530811 0.017165029201669211
leaf_weight=127.91372111439705 39.789453193545341 6.4844488501548758 50.300801739096642 100.03525982797146 796.06934787333012 4.4881792515516299 21.313600227236751 5.1395801603794089 53.562377959489822 52.863265708088875 3.6185419708490363 4.8513147234916678 21.69812199473381 5.2899798005819321
leaf_count=531 147 29 137 284 2457 18 66 14 258 249 12 19 60 17
internal_value=0.00483609 0.00724115 0.0082877 0.0195934 0.00686483 -0.00430432 -0.0067861 -0.0159886 -0.00696583 -0.00339639 -0.0182506 0.00901596 0.0158165 -0.00228913
internal_weight=1293.42 1023.98 952.89 106.52 846.37 269.434 71.0939 44.929 237.958 180.777 57.1809 26.1649 31.4763 9.77816
internal_count=4298 3153 2907 313 2594 1145 246 161 1050 780 270 85 95 35
is_linear=0
shrinkage=0.03


Tree=45
num_leaves=15
num_cat=0
split_feature=7 28 28 26 28 28 18 17 27 27 1 27 27 4
split_gain=32.1715 23.5484 41.3517 40.221 33.9369 21.9683 13.2004 8.3538 7.59323 11.5364 10.8217 9.01987 8.78624 5.86239
threshold=1138091.9525000004 0.0026201731368251948 0.0018580126527569119 0.0044939380222537269 0.00081739852376540344 0.0030701790440342169 0.003699276930086785 0.0070437704185825085 -0.0036843339392791988 -0.0097658004307836326 0.022815060772113902 0.008905214879901922 -0.020632393444996951 97.500000000000014
decision_type=2 2 2 2 2 2 2 2 2 2 2 2 2 2
left_child=8 2 4 7 -2 -5 -4 -3 9 12 -11 -10 -1 -13
right_child=1 3 6 5 -6 -7 -8 -9 11 10 -12 13 -14 -15
leaf_value=0.013897955461970715 0.0080700075112463444 -0.021300130632846134 -0.02891451653592144 -0.014157098191563378 -0.0069543969942511873 0.011171999688126549 0.024892463462999014 -0.051129043448271468 -0.036401017410998125 -0.012415291836930782 0.044450458525870734 -0.023206575946001888 -0.041639779254620896 0.0073083171234945071
leaf_weight=3.8486042618751526 732.30522403120995 32.418952599167824 4.2379519194364539 43.839299932122231 165.97395272552967 103.75244538486004 129.31696002185345 11.428780376911162 21.822434112429619 5.4891458451747877 6.6737170368432999 12.56244643032551 7.6790264546871203 10.321807280182837
leaf_count=16 2331 142 21 158 568 336 372 46 116 27 24 58 40 43
internal_value=0.00469728 0.00581681 0.00760969 -0.00384657 0.00529397 0.00364848 0.0231851 -0.0290749 -0.0153255 -0.00159409 0.0187867 -0.0226019 -0.023098 -0.00944301
internal_weight=1291.67 1223.27 1031.83 191.439 898.279 147.592 133.555 43.8477 68.3972 23.6905 12.1629 44.7067 11.5276 22.8843
internal_count=4298 3974 3292 682 2899 494 393 188 324 107 51 217 56 101
is_linear=0
shrinkage=0.03


Tree=46
num_leaves=15
num_cat=0
split_feature=7 28 28 26 28 1 18 17 20 8 28 8 8 7
split_gain=30.4035 22.1536 38.8984 38.0745 31.9303 21.3167 12.4347 7.88397 5.95563 16.871 15.0576 6.76359 9.54221 4.47632
threshold=1138091.9525000004 0.0026201731368251948 0.0018580126527569119 0.0044939380222537269 0.00081739852376540344 0.053083094780289761 0.003699276930086785 0.0070437704185825085 -0.020236208727153183 -0.0048051771703960548 0.00061555334630572403 -0.0062041193518746519 -0.0078435674355065276 454406.57350000012
decision_type=2 2 2 2 2 2 2 2 2 2 2 2 2 2
left_child=8 2 4 7 -2 -5 -4 -3 9 -1 -11 12 -10 -13
right_child=1 3 6 5 -6 -7 -8 -9 11 10 -12 13 -14 -15
leaf_value=-0.041521743847619419 0.0078271859865601413 -0.02079195853596635 -0.028423070922658805 -0.0026792536406089196 -0.0067485313468446185 0.024443252393813977 0.024132294837061054 -0.049846963962050239 -0.021582060215460407 -0.015084651554719747 0.053686343245219613 -0.03829056877634162 0.042400221734765993 -0.017842179672035514
leaf_weight=5.7952261716127422 732.37163658440113 32.218035236001015 4.1827319264411917 113.75641825795174 165.90694418549538 33.837130233645439 129.38755080103874 11.371890068054197 5.2920101135969162 5.4231089204549772 6.0756077617406845 15.04767122864723 3.4756397902965528 26.784977503120899
leaf_count=31 2331 142 21 396 568 98 372 46 26 24 21 77 11 134
internal_value=0.00455851 0.00564326 0.00738123 -0.00373685 0.00513513 0.00353882 0.0224865 -0.0283719 -0.0149819 0.000216466 0.0212521 -0.0201764 0.00378156 -0.0251977
internal_weight=1290.93 1223.03 1031.85 191.183 898.279 147.594 133.57 43.5899 67.8942 17.2939 11.4987 50.6003 8.76765 41.8326
internal_count=4298 3974 3292 682 2899 494 393 188 324 76 45 248 37 211
is_linear=0
shrinkage=0.03


Tree=47
num_leaves=15
num_cat=0
split_feature=13 9 25 14 25 25 28 28 9 12 11 3 8 28
split_gain=27.6503 28.6437 27.0929 22.7724 18.4014 13.3909 16.095 27.3801 15.3617 13.169 11.7224 10.96 15.317 12.0922
threshold=0.030039249192402185 1.4532530813411066 -0.000152581626249253 0.96966156896063382 -0.00022115147749914168 0.0001129974252780517 -0.00026868591021281138 -0.0026994832997675297 0.67468145765490883 -0.027675055078842898 0.010025716912110882 0.3103913630229444 -0.029766016044898733 0.0033385278814977862
decision_type=2 2 2 2 2 2 2 2 2 2 2 2 2 2
left_child=1 2 4 -4 -1 6 7 -2 -8 -3 -11 12 -7 -13
right_child=5 9 3 -5 -6 11 8 -9 -10 10 -12 13 -14 -15
leaf_value=0.014329607915646511 -0.011864993710312169 0.057555819450320088 0.0025977508848052918 -0.04981766712970543 0.051927961348210309 0.033544110840883663 -0.012125209611271717 0.027328157055922443 0.011018563471986527 -0.013012299326975622 -0.0010509389090102329 0.010665684394972574 -0.0076864513042254829 -0.019122455326198409
leaf_weight=74.703454807400703 18.894484832882881 2.8391883522272101 262.30869517475367 7.67826123535633 13.894345149397848 8.9042520523071271 29.605463579297066 106.25683858990669 201.42077319324017 156.14811551570892 139.72138491272926 163.59875251352787 90.817289039492607 13.258798509836195
leaf_count=233 67 7 913 35 35 23 102 291 607 641 500 496 300 48
internal_value=0.00442432 0.000115022 0.00583091 0.00110709 0.020226 0.00890072 0.0127465 0.021411 0.00805274 -0.00674662 -0.00736367 0.00394815 -0.00400493 0.0084325
internal_weight=1290.05 657.293 358.585 269.987 88.5978 632.757 356.178 125.151 231.026 298.709 295.87 276.579 99.7215 176.858
internal_count=4298 2364 1216 948 268 1934 1067 358 709 1148 1141 867 323 544
is_linear=0
shrinkage=0.03


Tree=48
num_leaves=13
num_cat=0
split_feature=29 7 9 17 29 24 28 28 28 21 22 21
split_gain=28.6366 15.703 13.4987 17.3017 13.0944 10.3273 11.4251 19.8093 18.7977 9.98235 8.8886 8.46179
threshold=0.047200015514282039 6809860.0050000008 1.4616736985484524 -0.0061223497836261171 0.028908263013382379 0.3227392987107936 -0.00041000503492609106 -0.0029802503238477974 0.0015592810100785413 40509.500000000007 34041634.512000009 1147862.5000000002
decision_type=2 2 2 2 2 2 2 2 2 2 2 2
left_child=1 9 4 -4 -3 -2 7 -7 -8 10 -1 -11
right_child=5 2 3 -5 -6 6 8 -9 -10 11 -12 -13
leaf_value=-0.0095822639910504472 0.037320475645944727 -0.016781494295873552 0.015658074932859093 -0.0041795180806062189 0.012819188281220957 -0.0067560615711756665 -0.0011743299542822875 0.01755568002801906 0.011867532045128663 -0.0070706427119556882 0.044083683509864829 -0.037207645577115589
leaf_weight=4.9379076063632947 11.248648375272749 14.826360672712324 47.578845098614693 235.03478308022022 144.88867901265621 35.845056161284447 201.68450216948986 190.29359827935696 196.24725154042244 191.15924709290266 6.3491661995649338 8.7697018533945066
leaf_count=23 29 62 145 854 442 118 632 539 577 815 18 44
internal_value=0.00429554 -0.000113432 0.00309997 -0.0008398 0.0100714 0.00883099 0.00831747 0.013702 0.0052575 -0.00684295 0.0206057 -0.00839257
internal_weight=1288.86 653.545 442.329 282.614 159.715 635.319 624.07 226.139 397.932 211.216 11.2871 199.929
internal_count=4298 2403 1503 999 504 1895 1866 657 1209 900 41 859
is_linear=0
shrinkage=0.03


Tree=49
num_leaves=15
num_cat=0
split_feature=7 25 28 28 26 27 27 27 27 0 20 3 12 12
split_gain=27.7361 21.8746 30.7554 37.6107 27.3221 7.08304 10.8839 8.76707 8.17963 7.09498 6.22665 6.00066 1.99639 1.09544
threshold=1138091.9525000004 -0.001013258929688022 0.0026201731368251948 0.0018580126527569119 0.0044939380222537269 -0.0036843339392791988 -0.0097658004307836326 0.008905214879901922 -0.020632393444996951 0.00025264549681211778 -0.020236208727153183 0.40511785246617066 -0.0022140411063568751 -0.0048919286191233995
decision_type=2 2 2 2 2 2 2 2 2 2 2 2 2 2
left_child=5 11 3 -3 -4 6 8 12 -1 -9 -8 -2 -7 -13
right_child=1 2 4 -5 -6 7 10 9 -10 -11 -12 13 -14 -15
leaf_value=0.012778476866443515 0.0039612969358073444 0.0044316875292266782 -0.027635680280245885 0.021517656256686592 -0.00018783519116012784 -0.040910883632238569 0.042139243367786648 -0.027419243868837189 -0.040878881917316721 0.0064155762672560108 -0.0010079344145788633 0.037253096945832634 -0.019557053682642125 0.052926065800103166
leaf_weight=3.8939888477325439 4.4724846929311779 888.08747002482414 43.173062011599541 133.36332806944847 133.77224265038967 15.897984959185125 5.4710834920406342 10.097248807549478 7.4466252624988574 12.461997322738169 6.6922249495983106 11.087667062878612 5.2388047128915778 6.2906480431556675
leaf_count=16 15 2875 188 393 457 88 19 49 40 52 32 31 28 15
internal_value=0.00417123 0.00520457 0.00466219 0.00666248 -0.00688486 -0.0145925 -0.00131248 -0.0217357 -0.0224547 -0.00872848 0.0183998 0.0349509 -0.0356183 0.0429264
internal_weight=1287.45 1220.25 1198.4 1021.45 176.945 67.2 23.5039 43.696 11.3406 22.5592 12.1633 21.8508 21.1368 17.3783
internal_count=4298 3974 3913 3268 645 324 107 217 56 101 51 61 116 46
is_linear=0
shrinkage=0.03


Tree=50
num_leaves=15
num_cat=0
split_feature=18 25 18 25 25 17 27 28 15 18 15 28 17 14
split_gain=27.0893 28.5309 20.0236 18.4602 17.5425 15.967 14.577 13.6104 12.8021 11.2728 10.7506 9.98562 9.92993 9.92206
threshold=0.010907533247777349 -0.000152581626249253 0.0052345045339888064 -0.00022115147749914168 -0.0003944043076717358 0.0070437704185825085 0.0017988748604025337 0.0026201731368251948 0.0044938111908229507 0.019899927692573063 0.0011809335342915898 -0.0037651225293099432 0.016998480592475173 0.1156020786500183
decision_type=2 2 2 2 2 2 2 2 2 2 2 2 2 2
left_child=1 3 13 4 -1 8 -5 -4 11 10 -7 -2 -11 -3
right_child=5 2 7 6 -6 9 -8 -9 -10 12 -12 -13 -14 -15
leaf_value=0.015793803456163144 -0.012132253367381104 -0.041882355043009314 0.0017525952540172497 0.0091204021856387957 -0.003842004570450063 -0.024138257697570421 0.059646162736416999 -0.013475683930284635 0.021102962875806382 0.025110655677182056 -5.228624400353471e-05 0.010245889278943527 -7.36969724164507e-05 -0.012197078266656993
leaf_weight=88.096100807189941 19.077792823314667 11.368387490510939 332.70632065832615 9.4129024296998995 76.512796953320503 19.988401725888252 11.318642184138296 62.790413722395897 102.29249337315559 27.497505143284798 100.70651118457317 302.52431926131248 28.899423569440842 93.294204853475094
leaf_count=280 67 61 1127 31 275 70 28 242 287 75 321 902 90 442
internal_value=0.0040488 -2.73126e-05 -0.003753 0.0100268 0.00666677 0.00869811 0.0367056 -0.000665098 0.0118587 0.00113274 -0.00404119 0.00891839 0.0122055 -0.0154215
internal_weight=1286.49 685.5 500.159 185.34 164.609 600.986 20.7315 395.497 423.895 177.092 120.695 321.602 56.3969 104.663
internal_count=4298 2486 1872 614 555 1812 59 1369 1256 556 391 969 165 503
is_linear=0
shrinkage=0.03


Tree=51
num_leaves=14
num_cat=0
split_feature=7 25 28 28 5 29 6 7 22 17 5 1 29
split_gain=25.8572 18.0692 16.6612 28.2702 19.2876 12.2715 11.6203 11.0797 8.2301 6.49184 0.866811 0.282168 0.132105
threshold=6551797.2115000011 -0.001013258929688022 0.0024722890846239909 0.0022910893757430175 0.0085680594826837275 0.055796232233848483 59399.000000000007 1138091.9525000004 83961401.998500004 -0.001199924114430544 -0.00033374769917378908 0.035806900413196237 0.029854219814552756
decision_type=2 2 2 2 2 2 2 2 2 2 2 2 2
left_child=5 10 3 -3 -4 6 7 -1 9 -7 -2 -12 -8
right_child=1 2 4 -5 -6 8 12 -9 -10 -11 11 -13 -14
leaf_value=-0.015976218131903256 0.027024200280329223 0.0062737414983481095 -0.0075430811260304848 0.035624579909064605 0.02218101156669253 0.038322171776723715 -0.040035078037019847 -0.0013805766956927993 -0.022387690484118403 0.0075976116049900717 0.046494128214471422 0.037072326948217715 -0.048167316024537811
leaf_weight=63.350843049585819 5.2148835808038738 799.09457258880138 135.90497881174088 30.668065518140793 22.967749521136284 10.849932372570043 3.9474356919527045 179.25521292537451 4.7132664918899527 14.408482193946837 5.7191867530345899 5.7238862961530685 3.3013697862625122
leaf_count=315 15 2501 478 82 67 27 22 685 16 43 15 17 15
internal_value=0.00393138 0.0061765 0.00565442 0.00735855 -0.00324596 -0.00413432 -0.00631021 -0.00519188 0.0140047 0.0207956 0.0371615 0.0417813 -0.0437388
internal_weight=1285.12 1005.29 988.635 829.763 158.873 279.827 249.855 242.606 29.9717 25.2584 16.658 11.4431 7.24881
internal_count=4298 3175 3128 2583 545 1123 1037 1000 86 70 47 32 37
is_linear=0
shrinkage=0.03


Tree=52
num_leaves=13
num_cat=0
split_feature=29 29 29 29 6 25 24 17 6 13 0 25
split_gain=25.1134 12.8854 15.3987 18.0774 10.5207 11.0063 9.71917 7.18815 4.01741 3.6881 3.44345 0.0255873
threshold=0.047200015514282039 0.019023997455488426 0.020007434860058581 0.027860468871460441 3257.0000000000005 -0.00087053193906951151 0.40425515384761329 0.0052826977078619759 106642.50000000001 0.027795656612978611 -0.0004031458541231433 -8.8883549980697129e-05
decision_type=2 2 2 2 2 2 2 2 2 2 2 2
left_child=1 10 7 -4 9 8 -7 -3 -6 -2 -1 -12
right_child=4 2 3 -5 5 6 -8 -9 -10 -11 11 -13
leaf_value=-0.0075438558688262604 -0.0069621051687847437 0.012122549368965346 -0.01246492953918704 0.0014532407230292623 0.010461037814959422 0.021942441424405754 0.0067981146034359046 0.044590393805513183 0.041225674824425261 -0.048791031054912094 -0.040880315896323675 -0.037494006818781574
leaf_weight=4.851867899298667 3.9590393006801596 34.207846455276012 101.19834820926189 493.83708965033293 5.5327119231224087 40.89391915500164 566.18476533889771 7.4786269068717948 12.342037349939345 3.6425565779209137 2.8313347101211539 6.908001020550727
leaf_count=25 15 122 459 1717 17 114 1698 20 35 16 15 45
internal_value=0.00381717 -0.00031776 0.000321012 -0.000913838 0.00807471 0.00850141 0.00781826 0.0179473 0.0317032 -0.0270058 -0.0281921 -0.0384784
internal_weight=1283.87 651.313 636.722 595.035 632.555 624.953 607.079 41.6865 17.8747 7.6016 14.5912 9.73934
internal_count=4298 2403 2318 2176 1895 1864 1812 142 52 31 85 60
is_linear=0
shrinkage=0.03


Tree=53
num_leaves=15
num_cat=0
split_feature=18 25 9 18 17 1 26 15 1 9 10 28 28 8
split_gain=24.0138 26.7121 20.9453 17.6651 15.0638 14.4042 12.8997 12.1139 10.5691 10.1505 10.0707 9.76671 9.40951 8.94095
threshold=0.010907533247777349 -9.5779806604573002e-05 2.1138262391917544 0.0053919016726289579 0.0070437704185825085 0.022107838659381204 -0.005986589993506884 0.0044938111908229507 0.025139709415993191 0.57677417932879682 0.010528256308454366 0.00054619265861026044 -0.0037651225293099432 0.0013437531873008275
decision_type=2 2 2 2 2 2 2 2 2 2 2 2 2 2
left_child=1 2 5 11 7 -1 -5 12 9 -6 -4 -3 -2 -9
right_child=4 3 10 6 8 -7 -8 13 -10 -11 -12 -13 -14 -15
leaf_value=-0.0026797374925541049 -0.012135926708803365 -0.024996374016856861 -0.011913861718322578 0.022643215709283647 -0.049412969513268533 0.0199728640733094 -0.0023988903888306607 0.012642744422263687 0.0041127114617836823 -0.0065614857329750701 0.013325418817871587 -0.0066396210287534025 0.0095955314603992509 0.030663042227899576
leaf_weight=32.399525552988052 19.065601855516434 47.969849206507206 51.043300077319145 19.576845780014992 6.2317691892385509 114.70697328448296 340.72711832821369 59.244777947664261 145.71715377271175 24.67060324549675 19.726918637752533 57.178635567426682 301.62607358396053 42.596845880150795
leaf_count=116 67 237 204 59 25 347 1186 174 448 83 65 272 902 113
internal_value=0.00370663 -0.000137342 0.00853212 -0.00419549 0.00809065 0.0149837 -0.00103825 0.0111661 0.000733139 -0.0152029 -0.00487851 -0.0150142 0.00830356 0.02018
internal_weight=1282.48 683.329 217.877 465.452 599.153 147.106 360.304 422.533 176.62 30.9024 70.7702 105.148 320.692 101.842
internal_count=4298 2486 732 1754 1812 463 1245 1256 556 108 269 509 969 287
is_linear=0
shrinkage=0.03


Tree=54
num_leaves=15
num_cat=0
split_feature=7 28 28 26 28 28 18 17 27 28 22 27 0 6
split_gain=23.1493 17.6508 33.7216 32.2188 29.5819 19.7175 10.8749 7.5766 6.93808 10.5011 9.86065 8.57829 6.8165 2.18211
threshold=1138091.9525000004 0.0026201731368251948 0.0018580126527569119 0.0044939380222537269 0.00081739852376540344 0.0030701790440342169 0.003699276930086785 0.0070437704185825085 -0.0036843339392791988 -0.00018041019032426765 24781475.022000004 0.008905214879901922 0.00025264549681211778 11083.000000000002
decision_type=2 2 2 2 2 2 2 2 2 2 2 2 2 2
left_child=8 2 4 7 -2 -5 -4 -3 9 -1 -11 13 -13 -10
right_child=1 3 6 5 -6 -7 -8 -9 11 10 -12 12 -14 -15
leaf_value=-0.034109980789271556 0.0065939595825612604 -0.019274526406517573 -0.027851805770304924 -0.014111609464422987 -0.0074622409066293516 0.009956929164006173 0.021719944763794817 -0.0479813612972197 -0.040515396584775959 0.030178793066489299 -0.016617394952002557 -0.026575220540329597 0.0068771816867894096 -0.017722741933469684
leaf_weight=6.1405038833618191 727.84924139082432 31.348770514130592 4.1099935919046393 43.618850708007812 165.36626434326172 102.89946767687798 128.815738260746 11.241924181580542 15.43744855374098 10.250917546451094 6.7021076381206504 9.8730433732271212 12.32667553424835 5.0062515661120406
leaf_count=31 2331 142 21 158 568 336 372 46 87 42 34 49 52 29
internal_value=0.00359953 0.0045375 0.00608962 -0.00388456 0.00399165 0.00279167 0.0201872 -0.0268518 -0.0137403 -0.000496404 0.0116787 -0.0209126 -0.00800035 -0.0349339
internal_weight=1280.99 1215.25 1026.14 189.109 893.216 146.518 132.926 42.5907 65.7369 23.0935 16.953 42.6434 22.1997 20.4437
internal_count=4298 3974 3292 682 2899 494 393 188 324 107 76 217 101 116
is_linear=0
shrinkage=0.03


Tree=55
num_leaves=15
num_cat=0
split_feature=29 28 13 28 1 14 26 20 14 9 21 29 3 20
split_gain=22.5091 13.2144 14.1046 14.5664 12.2373 12.7784 13.71 10.8301 13.1152 9.70193 9.59079 8.6413 8.49667 3.89385
threshold=0.045365543796253453 0.0026201731368251948 0.029860384733930601 0.00025938202804492218 0.02055416291253704 0.48184028718938249 0.0021331774783144675 0.024975568181818186 0.91060194965718932 2.368144186123089 222068.50000000003 0.044336164510155117 0.59522029082059247 -0.0013247586036168409
decision_type=2 2 2 2 2 2 2 2 2 2 2 2 2 2
left_child=1 2 3 -1 5 -2 -7 8 -6 -4 13 -12 -9 -3
right_child=4 10 9 -5 7 6 -8 12 -10 -11 11 -13 -14 -15
leaf_value=-0.0075678333658729807 -0.041857631730330198 -0.040675671054055 0.016477938004791387 0.004506606119567433 0.0084824270459560851 0.018009266454992106 -0.026807151884096624 -0.0023571975188355701 -0.0074523240211167635 0.0013417474400373823 -0.0088752445076809502 0.037894399986243443 0.030054318050275763 -0.013053240308214099
leaf_weight=199.94421046227217 8.6054821610450727 12.063407465815546 74.478969052433968 163.41204759478569 551.43347276747227 15.60909563302994 10.130478590726851 9.3541788905858976 50.766341015696526 78.054819107055664 62.121606543660164 3.7712833136320105 32.818324565887451 7.4169462323188773
leaf_count=783 34 68 229 597 1649 45 38 29 167 264 266 10 86 33
internal_value=0.0034939 -0.000732886 0.00107635 -0.0021376 0.00723833 -0.0102101 0.0003706 0.00816834 0.0071391 0.00873242 -0.0116657 -0.00619845 0.0228652 -0.0301587
internal_weight=1279.98 601.263 515.89 363.356 678.717 34.3451 25.7396 644.372 602.2 152.534 85.3732 65.8929 42.1725 19.4804
internal_count=4298 2250 1873 1380 2048 117 83 1931 1816 493 377 276 115 101
is_linear=0
shrinkage=0.03


Tree=56
num_leaves=14
num_cat=0
split_feature=7 25 28 28 5 29 6 7 22 17 5 1 29
split_gain=21.7547 17.0775 14.445 25.7478 17.4931 10.7674 11.0947 9.48838 7.88955 6.12173 0.86513 0.281506 0.117525
threshold=6551797.2115000011 -0.001013258929688022 0.0024722890846239909 0.0022910893757430175 0.0085680594826837275 0.055796232233848483 59399.000000000007 1138091.9525000004 83961401.998500004 -0.001199924114430544 -0.00033374769917378908 0.035806900413196237 0.029854219814552756
decision_type=2 2 2 2 2 2 2 2 2 2 2 2 2
left_child=5 10 3 -3 -4 6 7 -1 9 -7 -2 -12 -8
right_child=1 2 4 -5 -6 8 12 -9 -10 -11 11 -13 -14
leaf_value=-0.015109670275626439 0.025889430670448226 0.0055058305624167535 -0.0074570001179375643 0.033602252616883647 0.020898737025566404 0.036865251899368894 -0.039560603885973419 -0.0014903390094974619 -0.022621714995924882 0.0068822314784969295 0.045597243764144056 0.035997240603908846 -0.047322195123401939
leaf_weight=61.996782958507538 5.0956970453262356 796.26576319336891 135.29558369517326 30.478561416268349 22.893989264965057 10.717902660369878 3.8268867135047904 178.85888536274433 4.7049008607864371 14.313147246837614 5.5506984591484052 5.4465943574905396 3.2442749291658401
leaf_count=315 15 2501 478 82 67 27 22 685 16 43 15 17 15
internal_value=0.00339242 0.00545329 0.00495242 0.00654163 -0.00335322 -0.00403741 -0.00608337 -0.00499599 0.013021 0.0197205 0.0361079 0.0408427 -0.0431217
internal_weight=1278.69 1001.03 984.934 826.744 158.19 277.663 247.927 240.856 29.736 25.031 16.093 10.9973 7.07116
internal_count=4298 3175 3128 2583 545 1123 1037 1000 86 70 47 32 37
is_linear=0
shrinkage=0.03


Tree=57
num_leaves=15
num_cat=0
split_feature=18 25 9 27 21 7 7 28 27 5 28 26 26 29
split_gain=20.8071 24.9032 19.4861 16.4445 14.3448 14.1333 12.7394 10.575 10.1407 9.20642 8.44448 20.2063 10.6173 8.11904
threshold=0.010907533247777349 -9.5779806604573002e-05 2.1138262391917544 0.014191284761821348 161330.00000000003 1190689.3080000002 528294143.50000006 0.00081739852376540344 -0.0022032699262839136 -0.0035931143265720438 -0.00026868591021281138 0.0020274897638310608 -0.0033825309057520076 0.048144986981372005
decision_type=2 2 2 2 2 2 2 2 2 2 2 2 2 2
left_child=1 2 7 5 9 -3 -5 -1 -4 -2 12 -12 -6 -11
right_child=4 3 8 6 10 -7 -8 -9 -10 13 11 -13 -14 -15
leaf_value=0.021564986197265448 0.013818840580845261 -0.026028686858325017 -0.019869446611941826 0.003913327371309303 0.0053052357999125478 -0.0053304478344670522 0.050201397658972607 0.005359654409066804 0.0037598604242694272 -0.048458545904663079 -0.0037136467209850674 0.011130018345945606 0.018488205265433429 -0.006774259136102319
leaf_weight=81.119231328368187 6.8490496873855617 32.621157057583332 25.743405506014824 94.7054203748703 95.919058531522751 330.4872732758522 5.671703875064849 65.509006544947624 44.777294337749481 8.3401940613985079 134.3822125941515 213.93253464996815 128.83521598577499 8.4824126213788968
leaf_count=244 21 188 107 328 296 1224 14 219 162 36 428 638 365 28
internal_value=0.00329407 -0.000291053 0.00809256 -0.00421888 0.00738321 -0.00718995 0.00652879 0.0143249 -0.00486596 -0.0155025 0.00832854 0.00540323 0.0128621 -0.0274402
internal_weight=1277.38 680.634 217.149 463.486 596.741 363.108 100.377 146.628 70.5207 23.6717 573.069 348.315 224.754 16.8226
internal_count=4298 2486 732 1754 1812 1412 342 463 269 85 1727 1066 661 64
is_linear=0
shrinkage=0.03


Tree=58
num_leaves=14
num_cat=0
split_feature=18 25 24 25 28 28 26 8 1 24 25 3 15
split_gain=19.9079 21.763 13.4739 12.7475 16.1971 31.8631 28.2599 10.4204 8.59683 12.9286 9.48273 5.11113 0.774759
threshold=0.0051906651288169707 -0.00011775243431594598 0.90450641160021594 -0.001013258929688022 0.0026201731368251948 0.0018580126527569119 0.0044939380222537269 -0.0035853039218189642 0.037774895919174753 0.6044429584467127 0.00073185741853035505 0.40961388730107456 0.0043809266600702253
decision_type=2 2 2 2 2 2 2 2 2 2 2 2 2
left_child=1 2 7 11 5 -5 -6 -1 10 -10 -3 -2 -13
right_child=3 8 -4 4 6 -7 -8 -9 9 -11 -12 12 -14
leaf_value=-0.012413223983320608 0.0007907236837391043 -0.02090495480602178 -0.043824723225905471 0.0034740760369646813 -0.028479375688454395 0.019783237548201184 0.0019461757970314474 0.023888729973002235 -0.023668788428350272 0.04146050642164071 0.030036220365668016 0.029794453923084923 0.044266554506091113
leaf_weight=9.3201485574245435 4.260977670550349 80.690290831029415 3.8028840720653525 834.89177870750427 35.168501704931259 123.79864580929279 125.59187662601471 30.099243119359016 5.4022542387247068 5.5727555304765701 3.4285448491573325 5.6117241978645316 8.1853224337100965
leaf_count=40 15 416 19 2686 145 360 419 99 27 21 11 17 23
internal_value=0.00319902 -0.0075478 0.0101031 0.00450578 0.00410242 0.00558013 -0.00470982 0.0153057 -0.0155705 0.00940176 -0.0188287 0.0295106 0.0383803
internal_weight=1275.82 138.316 43.2223 1137.51 1119.45 958.69 160.76 39.4194 95.0938 10.975 84.1188 18.058 13.797
internal_count=4298 633 158 3665 3610 3046 564 139 475 48 427 55 40
is_linear=0
shrinkage=0.03


Tree=59
num_leaves=12
num_cat=0
split_feature=7 25 13 9 25 18 1 26 9 5 5
split_gain=19.4713 15.7742 13.3087 23.5481 11.7732 9.16158 8.95912 16.3822 10.284 0.858951 0.250543
threshold=6551797.2115000011 -0.001013258929688022 0.029582487771880599 1.2847857417063702 0.0001129974252780517 0.019296041168288095 0.020474667162901666 -0.0015648198799579453 2.1848790951061461 -0.00033374769917378908 0.0061870002061565179
decision_type=2 2 2 2 2 2 2 2 2 2 2
left_child=5 9 3 -3 -4 6 7 -1 -8 -2 -11
right_child=1 2 4 -5 -6 -7 8 -9 -10 10 -12
leaf_value=0.0042088758652912145 0.024741195973749724 0.0083629188744875783 0.011539526721462332 -0.0057898344501212751 0.0027484264955047397 0.028076889686065119 0.0015281005409637605 -0.031295631420223603 -0.013262142416462352 0.043854304057796077 0.034529725614805676
leaf_weight=19.964890353381634 4.9744282662868509 192.91521386802197 309.32152859866619 234.32844457030296 246.2525387108326 7.8137516081333152 162.96810112893581 28.241029664874077 57.148655153810978 6.0463277399539912 4.5411626547574997
leaf_count=82 15 596 919 850 763 22 621 136 262 17 15
internal_value=0.00310596 0.00505607 0.00458156 0.000600621 0.00764296 -0.00394474 -0.00487724 -0.0165911 -0.00231187 0.0350237 0.0398548
internal_weight=1274.52 998.38 982.818 427.244 555.574 276.136 268.323 48.2059 220.117 15.5619 10.5875
internal_count=4298 3175 3128 1446 1682 1123 1101 218 883 47 32
is_linear=0
shrinkage=0.03


Tree=60
num_leaves=14
num_cat=0
split_feature=29 1 10 29 23 8 28 12 0 28 24 29 0
split_gain=18.7035 13.2899 12.1715 15.3229 11.908 10.6818 10.7676 10.4892 11.2531 10.9607 9.34837 9.01953 4.71699
threshold=0.032398442985910422 0.02055416291253704 0.026705751040061003 0.10537295470779141 19.419412342220259 -0.0081809095735478933 -0.0017208337492961205 -0.0016749149418982931 -0.0022672881075183602 -0.0022482753680198387 0.50953451374177638 0.030931551791909529 -1.0000000180025095e-35
decision_type=2 2 2 2 2 2 2 2 2 2 2 2 2
left_child=4 7 3 -3 5 11 -7 9 -9 -2 -4 -1 -6
right_child=1 2 10 -5 12 6 -8 8 -10 -11 -12 -13 -14
leaf_value=-0.02656866897990369 0.015113515403368218 0.0039926886978537647 0.033116549735138591 0.037571403527752005 0.004121358746871139 -0.020724537419263174 -0.00026397619347234028 -0.033217809646632374 0.017138983155524822 -0.023630900850122285 0.010920787877690455 0.0071274134104829575 0.034634039542474536
leaf_weight=33.805138126015663 8.0287057012319547 806.21383698284626 20.585071995854378 12.419239714741705 9.1748580485582369 26.65910629928112 175.79369631409645 4.9417253732681301 20.823141306638718 36.206712990999222 100.24248486757278 9.0669033676385862 9.0650609731674177
leaf_count=167 25 2527 54 31 29 127 764 20 65 136 295 34 24
internal_value=0.00301629 0.00487437 0.00581398 0.0045021 -0.00410019 -0.00583894 -0.00295824 -0.00773598 0.0074805 -0.0165988 0.0147022 -0.0194424 0.0192859
internal_weight=1273.03 1009.46 939.461 818.633 263.565 245.325 202.453 70.0003 25.7649 44.2354 120.828 42.872 18.2399
internal_count=4298 3153 2907 2558 1145 1092 891 246 85 161 349 201 53
is_linear=0
shrinkage=0.03


Tree=61
num_leaves=15
num_cat=0
split_feature=18 25 17 17 27 13 15 22 28 18 24 17 28 8
split_gain=17.7675 22.8583 13.8841 13.1719 14.3658 12.5253 11.1107 9.91215 16.7537 9.90547 10.5508 9.40281 8.96554 8.1252
threshold=0.010907533247777349 -0.0003944043076717358 0.0070437704185825085 -0.0058104762850002484 0.014191284761821348 0.017047370306841756 0.0044938111908229507 55263101.834500007 0.00036984843682895586 0.019899927692573063 0.5030078943012487 0.016998480592475173 -0.0037651225293099432 0.0013437531873008275
decision_type=2 2 2 2 2 2 2 2 2 2 2 2 2 2
left_child=1 7 6 5 -5 -3 12 8 -1 10 -4 -11 -2 -8
right_child=2 3 9 4 -6 -7 13 -9 -10 11 -12 -13 -14 -15
leaf_value=-0.031217125652897252 -0.013021776226709188 -0.030267981291466652 -0.02999146958119283 -0.0062657747803926333 0.0055725232211772113 0.019861917015588631 0.011163864169111902 0.019806936814602039 0.022057621641102303 0.02277041494478604 -0.0020321692914721939 -0.0019089379056715541 0.0082031387721654934 0.028450834401071223
leaf_weight=10.313926555216314 19.051387876272202 5.1106021255254737 13.720832645893095 431.83737636357546 117.31964669376612 36.689955905079842 58.728152379393578 65.249066770076752 10.956051453948019 27.029630079865456 105.91639959812164 28.590864464640617 299.30339105427265 41.949332073330879
leaf_count=47 67 22 50 1671 400 113 174 200 33 75 341 90 902 113
internal_value=0.00292861 -0.000392496 0.0067146 -0.002501 -0.00373669 0.013733 0.00968009 0.0140094 -0.00377559 -0.000375734 -0.00523874 0.0100844 0.00693297 0.0183668
internal_weight=1271.77 677.477 594.29 590.958 549.157 41.8006 419.032 86.519 21.27 175.258 119.637 55.6205 318.355 100.677
internal_count=4298 2486 1812 2206 2071 135 1256 280 80 556 391 165 969 287
is_linear=0
shrinkage=0.03


Tree=62
num_leaves=14
num_cat=0
split_feature=7 25 28 28 21 5 20 28 12 8 20 4 29
split_gain=17.8767 17.2188 22.0607 30.2254 19.4571 5.76363 14.9267 11.892 5.9557 4.65165 3.13094 0.678722 0.094308
threshold=1138091.9525000004 -0.001013258929688022 0.0026201731368251948 0.0018580126527569119 403125.50000000006 -0.0059699290176007591 -0.020236208727153183 0.00061555334630572403 -0.0018992233492539162 -0.0045756520921627604 -0.0052457040792757478 27.500000000000004 0.033719577143282851
decision_type=2 2 2 2 2 2 2 2 2 2 2 2 2
left_child=5 10 3 -3 -4 8 7 -7 12 -8 -2 -12 -1
right_child=1 2 4 -5 -6 6 9 -9 -10 -11 11 -13 -14
leaf_value=-0.037685771714761958 0.01754274185547227 0.0028876073165572664 -0.023978998769589883 0.018288648361925702 -0.00086034192874823645 -0.011816656234285022 0.011928366734437517 0.050583629305384438 0.0048507211613819309 -0.020496335292925601 0.048244106761014691 0.033587043882184954 -0.043285377431619081
leaf_weight=5.9493171125650388 8.5780402719974536 880.42442637681961 43.737660929560661 131.86411128938198 130.58473436534405 4.9533502459526044 4.5151505544781676 6.1756293475627899 3.4770669788122168 33.720122747123241 6.192038565874098 5.2578519880771637 4.9668142944574356
leaf_count=39 28 2875 194 393 451 24 21 21 16 179 16 17 24
internal_value=0.00284388 0.00366192 0.00319633 0.0048938 -0.00666084 -0.0126378 -0.0077673 0.0228102 -0.0293422 -0.0166673 0.0312467 0.0415135 -0.0402336
internal_weight=1270.4 1206.64 1186.61 1012.29 174.322 63.7575 49.3643 11.129 14.3932 38.2353 20.0279 11.4499 10.9161
internal_count=4298 3974 3913 3268 645 324 245 45 79 200 61 33 63
is_linear=0
shrinkage=0.03


Tree=63
num_leaves=14
num_cat=0
split_feature=7 25 27 9 8 1 26 1 17 18 8 3 12
split_gain=16.967 18.3258 13.4127 13.8172 11.1586 8.75579 9.74111 14.9685 11.8321 5.78299 5.20197 3.11196 0.675513
threshold=1362342.2310000001 -0.001013258929688022 0.036259919891268644 1.4616736985484524 0.0064983494277565676 0.022727272727272704 -0.00031039869800427952 0.024089144039195088 0.0027812796899593121 0.012444410322372925 0.0095904051289946897 0.42328292767993064 -0.0048919286191233995
decision_type=2 2 2 2 2 2 2 2 2 2 2 2 2
left_child=5 11 3 -3 -4 9 7 -7 -8 10 -1 -2 -13
right_child=1 2 4 -5 -6 6 8 -9 -10 -11 -12 12 -14
leaf_value=-0.027703748819567865 0.01105837878955402 0.0055205505627174082 0.0074910259974566027 -0.0012146158739903589 0.033119676382176146 0.025928632986726759 0.022472764248792545 -0.040579837255747486 -0.027256137047083191 0.0099413634467786106 0.014976188339634315 0.034816232023912957 0.048246467305630432
leaf_weight=33.424015901982784 4.3839887827634838 589.39656196534634 45.809886798262596 512.51369471102953 22.949493363499641 4.4041647687554351 18.869431786239151 9.8727016746997815 5.5793740078806868 5.0185710340738288 2.7842733711004248 8.8038269728422165 5.4616468250751469
leaf_count=184 15 1855 139 1795 60 17 79 56 27 17 12 28 14
internal_value=0.00276079 0.0036601 0.00319008 0.00238793 0.016045 -0.0106168 -0.000373461 -0.0200631 0.0111243 -0.0202388 -0.0244218 0.0331646 0.0399581
internal_weight=1269.27 1189.32 1170.67 1101.91 68.7594 79.9525 38.7257 14.2769 24.4488 41.2269 36.2083 18.6495 14.2655
internal_count=4298 3906 3849 3650 199 392 179 73 106 213 196 57 42
is_linear=0
shrinkage=0.03


Tree=64
num_leaves=15
num_cat=0
split_feature=18 25 27 17 29 24 8 12 15 1 24 25 6 21
split_gain=16.5521 19.984 10.5442 12.6279 12.8655 10.172 9.76032 9.25547 8.43936 8.16582 12.113 8.94754 7.15334 3.77268
threshold=0.0051906651288169707 -0.00011775243431594598 0.036259919891268644 0.020960223430553353 0.10537295470779141 0.86658396295374718 0.0064983494277565676 -0.0072206615670453419 0.0086346989261596053 0.037774895919174753 0.6044429584467127 0.00073185741853035505 550179.50000000012 3066732.5000000005
decision_type=2 2 2 2 2 2 2 2 2 2 2 2 2 2
left_child=1 5 3 4 -2 7 8 -1 -4 11 -11 -3 -5 -8
right_child=2 9 6 12 -6 -7 13 -9 -10 10 -12 -13 -14 -15
leaf_value=0.030559205593737 0.0030464214545489554 -0.02025216953074109 -0.031935437216958101 -0.053555470756706788 0.032077061077662783 -0.032554490798337041 0.020963519843886457 0.0010144692232914325 0.011400026996729746 -0.023089169724638637 0.040125218587021366 0.029148598537575638 0.00095177099352164072 0.045555024169820185
leaf_weight=17.891383066773415 1038.7049190253019 79.150906153023243 4.4716641753911963 5.5056945532560331 13.923241466283796 4.5688638538122168 13.680862978100778 20.451143987476826 42.339327111840248 5.3064798116683942 5.614713080227375 3.4432785958051673 3.5732858628034592 9.5228098779916746
leaf_count=55 3391 416 16 22 36 22 39 81 127 27 21 11 11 23
internal_value=0.00268019 -0.00719129 0.00387018 0.00312656 0.00343041 0.00975863 0.0151465 0.0148006 0.00726037 -0.0149691 0.00941009 -0.0181927 -0.0321026 0.0310559
internal_weight=1268.15 136.427 1131.72 1061.71 1052.63 42.9114 70.0147 38.3425 46.811 93.5154 10.9212 82.5942 9.07898 23.2037
internal_count=4298 633 3665 3460 3427 158 205 136 143 475 48 427 33 62
is_linear=0
shrinkage=0.03


Tree=65
num_leaves=15
num_cat=0
split_feature=29 8 28 1 25 26 28 12 0 28 25 1 25 18
split_gain=16.1236 12.6036 12.1778 11.7889 11.6223 21.9617 20.1874 10.4256 10.5244 10.4284 10.3627 6.85933 6.75923 8.76171
threshold=0.032632015489152948 -0.0081809095735478933 -0.0017208337492961205 0.02055416291253704 -9.5779806604573002e-05 -0.005986589993506884 0.00081739852376540344 -0.0016749149418982931 -0.0022672881075183602 -0.0022482753680198387 0.00073185741853035505 0.027627717773031305 0.00016799464110221602 0.005980864206371189
decision_type=2 2 2 2 2 2 2 2 2 2 2 2 2 2
left_child=1 12 11 7 6 -6 -5 9 -9 -2 -4 -3 13 -1
right_child=3 2 10 4 5 -7 -8 8 -10 -11 -12 -13 -14 -15
leaf_value=-0.0313671620544319 0.014547977792125464 -0.007400116067672621 0.00050479598434127239 0.017585931326660566 0.022326305978833824 0.001431804606997927 0.0015368489665170645 -0.032553104272278553 0.017059037345207827 -0.023298955251999633 0.046012788791784942 -0.038573052515461337 -0.035785682402799363 0.0014683394370167292
leaf_weight=11.598998606204988 8.0102353096008283 15.496362939476969 189.99834451824427 155.12920948863029 48.980253458023071 598.23640488088131 129.35721372067928 4.7354556769132641 20.540200114250183 36.001723632216454 4.6127494126558295 10.766761496663092 13.907519377768038 19.796847596764565
leaf_count=63 25 75 809 460 137 1887 408 19 64 136 14 52 71 78
internal_value=0.00260163 -0.0039608 -0.00100431 0.00434667 0.0052345 0.00301306 0.0102883 -0.00759194 0.00776408 -0.0164108 0.00158344 -0.0201797 -0.018375 -0.0106625
internal_weight=1267.17 266.178 220.874 1000.99 931.703 647.217 284.486 69.2876 25.2757 44.012 194.611 26.2631 45.3034 31.3958
internal_count=4298 1162 950 3136 2892 2024 868 244 83 161 823 127 212 141
is_linear=0
shrinkage=0.03


Tree=66
num_leaves=12
num_cat=0
split_feature=29 29 29 9 24 28 28 26 17 3 9
split_gain=15.5351 10.837 13.7606 14.9216 10.0588 9.68619 17.6141 17.0689 6.24473 3.82236 0.866158
threshold=0.047200015514282039 0.019023997455488426 0.020007434860058581 7.871884736073949 0.30379302332162389 -0.00041000503492609106 -0.0029802503238477974 -0.0011945841251751897 0.0052826977078619759 0.94451588600524838 1.2205827187250875
decision_type=2 2 2 2 2 2 2 2 2 2 2
left_child=1 9 8 -4 -2 6 -6 -7 -3 10 -1
right_child=4 2 3 -5 5 7 -8 -9 -10 -11 -12
leaf_value=-0.018224310498957057 0.03690188842862889 0.011177136040870004 0.00022781154937375942 -0.01588799168556166 -0.0088977949079825126 -0.015898014763790495 0.014186856945936415 0.0047225891448778503 0.041766419447239106 0.0084333029169592379 -0.038395684553686367
leaf_weight=2.4303227663040152 9.2801074385642988 33.767880104482174 530.7269412279129 57.289101749658585 35.455505698919296 40.244338169693947 184.79455855488777 353.22548785805702 7.3059960156679145 2.2757272273302069 9.0510271489620191
leaf_count=16 24 122 1944 232 118 135 540 1078 20 12 57
internal_value=0.00252607 -0.000745666 -0.000169657 -0.00134232 0.00590203 0.00543328 0.0104707 0.0026135 0.0166182 -0.0270857 -0.0341259
internal_weight=1265.85 642.847 629.09 588.016 623 613.72 220.25 393.47 41.0739 13.7571 11.4813
internal_count=4298 2403 2318 2176 1895 1871 658 1213 142 85 73
is_linear=0
shrinkage=0.03


Tree=67
num_leaves=13
num_cat=0
split_feature=7 25 28 28 21 22 7 18 6 29 27 6
split_gain=15.6811 13.8508 11.7219 23.0765 15.315 9.47183 12.6441 10.9702 10.2642 6.16452 5.7398 0.849292
threshold=6551797.2115000011 -0.001013258929688022 0.0024722890846239909 0.0022910893757430175 403125.50000000006 69880582.754000023 1138091.9525000004 0.019497224620291877 58269.500000000007 0.024189394635007092 -0.0036843339392791988 220919.50000000003
decision_type=2 2 2 2 2 2 2 2 2 2 2 2
left_child=5 11 3 -3 -4 6 10 9 -8 -7 -1 -2
right_child=1 2 4 -5 -6 7 8 -9 -10 -11 -12 -13
leaf_value=-0.0001459525755090628 0.02521810164317588 0.0042307725998310302 -0.02519042281826829 0.03105193941472504 0.00035498176514921849 -0.041592014246498596 0.0049634945011492911 0.038628570229315713 -0.042391139457441454 -0.013460681366036452 -0.019447911043890268 0.039730916285047872
leaf_weight=21.557461813092232 6.6294681280851355 789.60552243888378 25.147748723626137 29.966367989778519 131.94339719414711 8.1907370835542661 148.59602155536413 3.3150809854269019 4.2369237393140784 48.661681443452835 38.859598100185394 8.0185658633708936
leaf_count=104 21 2501 103 82 442 43 542 9 24 191 210 26
internal_value=0.00245247 0.00420683 0.00377255 0.00521145 -0.00373442 -0.00390819 -0.00094226 -0.0144203 0.0036507 -0.0175136 -0.0125608 0.0331626
internal_weight=1264.73 991.311 976.663 819.572 157.091 273.418 213.25 60.1675 152.833 56.8524 60.4171 14.648
internal_count=4298 3175 3128 2583 545 1123 880 243 566 234 314 47
is_linear=0
shrinkage=0.03


Tree=68
num_leaves=14
num_cat=0
split_feature=7 25 13 9 25 22 7 18 6 27 29 5 5
split_gain=14.7732 13.3151 10.5678 20.7814 10.5335 8.96884 11.9575 10.4452 9.81671 5.48558 5.37414 0.898893 0.220455
threshold=6551797.2115000011 -0.001013258929688022 0.029582487771880599 1.2847857417063702 0.0001129974252780517 69880582.754000023 1138091.9525000004 0.014877391050216829 58269.500000000007 -0.0036843339392791988 0.024189394635007092 -0.00033374769917378908 0.0061870002061565179
decision_type=2 2 2 2 2 2 2 2 2 2 2 2 2
left_child=5 11 3 -3 -4 6 9 10 -8 -1 -7 -2 -13
right_child=1 2 4 -5 -6 7 8 -9 -10 -11 -12 12 -14
leaf_value=-0.00014158273448015301 0.02190058331483109 0.0074151403991320501 0.010111202155556982 -0.0059099113289180997 0.0017620208314840537 -0.041136717493221647 0.0048099490067388317 0.021015856850654338 -0.041941659655905079 -0.019042985735830457 -0.014504599409312556 0.041779955261001603 0.032643844164630106
leaf_weight=21.556097276508808 4.6746408343315133 192.10794104635715 306.26495786011219 233.2107337936759 244.62061369419098 8.0353012308478338 148.73719952255487 6.7766631245613089 4.155098393559455 38.500814586877823 45.061680808663368 5.6062527596950495 4.126833975315094
leaf_count=104 15 596 919 850 763 43 542 20 24 210 180 17 15
internal_value=0.00238121 0.00408365 0.0036611 0.000108748 0.00640375 -0.00380029 -0.000916067 -0.0140584 0.0035394 -0.0122587 -0.0185349 0.0327131 0.0379062
internal_weight=1263.43 990.612 976.204 425.319 550.886 272.823 212.949 59.8736 152.892 60.0569 53.097 14.4077 9.73309
internal_count=4298 3175 3128 1446 1682 1123 880 243 566 314 223 47 32
is_linear=0
shrinkage=0.03


Tree=69
num_leaves=14
num_cat=0
split_feature=18 25 28 28 21 13 18 24 6 3 12 15 25
split_gain=14.1737 13.6863 16.1419 33.8379 19.9286 6.88537 7.29103 9.87396 7.0494 5.70147 0.897282 0.784492 0.0383126
threshold=0.003699276930086785 -0.001013258929688022 0.0026201731368251948 0.0018580126527569119 385780.50000000006 0.01036144786005474 0.0028717018462938592 0.70577707648179244 34121.000000000007 0.40511785246617066 -0.0053085736282940726 0.0022292791145224716 -8.1711755986950643e-05
decision_type=2 2 2 2 2 2 2 2 2 2 2 2 2
left_child=5 9 3 -3 -4 11 8 -8 -7 -2 -11 12 -1
right_child=1 2 4 -5 -6 6 7 -9 -10 10 -12 -13 -14
leaf_value=-0.040636630564478644 -0.003305229118133191 0.0018329679516902314 -0.023404493943389643 0.018008603106484059 -3.741366151947541e-05 -0.0083585624712540739 -0.031183041355512722 0.012902338685061991 0.043880772280220297 0.031255116980616192 0.046538599401095997 -0.017732776853974272 -0.036648411450216613
leaf_weight=3.3169721812009803 3.9792433977127102 893.4445886015892 43.955162413418293 133.82605503499508 129.99443523585796 5.2853329703211802 14.330297693610193 6.7149650678038588 4.1506170481443405 8.8478127419948578 5.6744853556156132 2.0874128043651572 6.2574135661125174
leaf_count=18 15 2968 200 402 443 30 73 30 14 30 15 13 47
internal_value=0.00231256 0.00290356 0.00250917 0.00394022 -0.00594202 -0.0147925 -0.007292 -0.0171166 0.0146201 0.0285095 0.037227 -0.034397 -0.0380301
internal_weight=1261.86 1219.72 1201.22 1027.27 173.95 42.143 30.4812 21.0453 9.43595 18.5015 14.5223 11.6618 9.57439
internal_count=4298 4073 4013 3370 643 225 147 103 44 60 45 78 65
is_linear=0
shrinkage=0.03


Tree=70
num_leaves=15
num_cat=0
split_feature=18 25 9 13 24 21 25 12 5 28 26 28 7 15
split_gain=13.7486 19.76 17.3068 14.0755 13.4995 12.6553 12.0227 8.94192 8.66295 7.99677 18.348 9.94874 6.44124 1.43609
threshold=0.010907533247777349 -9.5779806604573002e-05 3.4658097936476104 0.01036144786005474 0.82672387914591972 161330.00000000003 -3.0305715736434386e-05 -0.001580814396625592 -0.0035931143265720438 -0.00026868591021281138 0.0020274897638310608 -0.0037651225293099432 2885964.2120000003 0.0024486255748145101
decision_type=2 2 2 2 2 2 2 2 2 2 2 2 2 2
left_child=1 2 4 13 -1 8 -5 -4 -2 11 -11 -7 -10 -3
right_child=5 3 7 6 -6 9 -8 -9 12 10 -12 -13 -14 -15
leaf_value=0.014251162233228563 0.012394343268518739 -0.037865050137657431 -0.019244971782694967 -0.016094972987058614 -0.0081833204933485088 -0.0097390824551797338 -0.0013743498495291102 0.020108814721605504 -0.0044614824045383578 -0.0050784736304534039 0.0091325569192513209 0.01289503791169061 -0.042704605574562148 -0.010517137074175098
leaf_weight=149.84327751398087 6.8507796227932003 11.914369359612463 29.300094172358513 57.350926525890827 28.774990580976009 19.132771864533424 386.09313439577818 6.3166227042675009 6.5246932953596142 133.47156399488449 211.07869198918343 202.03798671066761 10.098681688308714 2.0213141590356818
leaf_count=477 21 84 126 226 108 66 1431 21 23 428 638 595 41 13
internal_value=0.00224488 -0.000689352 0.00682945 -0.00421113 0.010637 0.00558957 -0.00327818 -0.0122656 -0.0159946 0.00648519 0.0036275 0.010937 -0.0276941 -0.0338983
internal_weight=1260.81 671.615 214.235 457.38 178.618 589.195 443.444 35.6167 23.4742 565.721 344.55 221.171 16.6234 13.9357
internal_count=4298 2486 732 1754 585 1812 1657 147 85 1727 1066 661 64 97
is_linear=0
shrinkage=0.03


Tree=71
num_leaves=12
num_cat=0
split_feature=7 25 28 28 5 26 22 7 23 5 5
split_gain=13.3441 12.3172 10.5281 21.1512 15.3812 8.96126 9.24183 11.0227 6.12646 0.883812 0.194404
threshold=6551797.2115000011 -0.001013258929688022 0.0024722890846239909 0.0022910893757430175 0.0085680594826837275 -0.012359921126963077 69880582.754000023 1138091.9525000004 1.899376626242163 -0.00033374769917378908 0.0061870002061565179
decision_type=2 2 2 2 2 2 2 2 2 2 2
left_child=5 9 3 -3 -4 -1 7 -7 -8 -2 -11
right_child=1 2 4 -5 -6 6 8 -9 -10 10 -12
leaf_value=0.042279170588947777 0.021007955700636426 0.0038269363142668 -0.0075949113573112719 0.029620838337416723 0.019141728695621734 -0.012432433276390814 -0.024674783653348031 0.0028863487142054812 -0.0052477443955812721 0.040805652141506478 0.032048423670340456
leaf_weight=3.7607507258653632 4.5707435756921777 787.58432008326054 133.90828615427017 29.690232664346695 22.638999938964844 58.75721962749958 29.044848762452602 150.70230714976788 29.395755462348461 5.3982739746570552 3.9514908790588379
leaf_count=11 15 2501 478 82 67 311 123 561 117 17 15
internal_value=0.00217984 0.00379932 0.00339879 0.00476399 -0.00372841 -0.00370849 -0.00435406 -0.00141085 -0.0149029 0.0318193 0.0371046
internal_weight=1259.4 987.742 973.822 817.275 156.547 271.661 267.9 209.46 58.4406 13.9205 9.34976
internal_count=4298 3175 3128 2583 545 1123 1112 872 240 47 32
is_linear=0
shrinkage=0.03


Tree=72
num_leaves=15
num_cat=0
split_feature=18 8 1 14 26 26 15 26 9 13 21 23 26 26
split_gain=12.9794 12.9843 14.8629 11.2022 10.8213 23.7865 11.7992 15.8297 11.6522 11.6308 10.3226 9.80802 3.36158 8.74731
threshold=0.0051906651288169707 -0.0038774401694697163 0.028578670986920834 0.56252897511460942 -0.0056631139355676893 -0.0052103091899908362 -0.013025729699670708 -0.0070524697395676593 8.3675961221176252 0.01870893301232705 530760.00000000012 2.4197824260561132 -0.0004208731781367033 -0.0020823947247946132
decision_type=2 2 2 2 2 2 2 2 2 2 2 2 2 2
left_child=1 12 11 -4 6 8 7 -2 -6 -8 -7 -3 13 -1
right_child=4 2 3 -5 5 10 9 -9 -10 -11 -12 -13 -14 -15
leaf_value=-0.042639972287963922 -0.035493079885269813 -0.012911388008603255 -0.0032899703737268183 0.031208311179972022 -0.044269177285960831 -0.0014283150477921735 -0.014256505955536467 0.011152410895421098 0.0081215650202506977 0.025676156590713813 0.0050310508991091756 0.030367238489151644 -0.030262726257063725 0.0082440333488541725
leaf_weight=4.8606586754322043 8.9813138991594297 61.032834142446518 16.116828329861164 17.857674427330494 14.449957147240641 331.17830975353718 7.4856790304183951 24.165710940957069 5.1940125524997702 53.33653835952282 679.55790208280087 5.1071365550160399 20.814825847744942 8.1200052723288518
leaf_count=28 36 301 72 65 60 1165 30 72 17 153 2132 22 110 35
internal_value=0.00211639 -0.00671253 -0.00128498 0.014843 0.00316792 0.00227912 0.0129137 -0.00148636 -0.0304167 0.0207615 0.00291457 -0.00956954 -0.0227909 -0.0108097
internal_weight=1258.26 133.91 100.114 33.9745 1124.35 1030.38 93.9692 33.147 19.644 60.8222 1010.74 66.14 33.7955 12.9807
internal_count=4298 633 460 137 3665 3374 291 108 77 183 3297 323 173 63
is_linear=0
shrinkage=0.03


Tree=73
num_leaves=12
num_cat=0
split_feature=25 28 28 28 26 1 18 13 3 12 0
split_gain=12.4776 16.0812 26.9341 20.8664 20.5395 20.456 12.1317 7.96743 6.31428 1.12477 1.12012
threshold=-0.001013258929688022 0.0026201731368251948 0.0018580126527569119 0.00081739852376540344 0.0044939380222537269 0.053083094780289761 0.003699276930086785 0.026192437127759535 0.40511785246617066 -0.0048919286191233995 4.4883000088424606e-05
decision_type=2 2 2 2 2 2 2 2 2 2 2
left_child=8 2 3 -2 7 -6 -4 -3 -1 10 -10
right_child=1 4 6 -5 5 -7 -8 -9 9 -11 -12
leaf_value=-0.0063562851872796446 0.0034093109686200006 -0.012779249272672658 -0.029087447494987834 -0.0081847426392908998 -0.0071290770086036553 0.020582510293469618 0.017197607726693261 -0.038588128754503848 0.017501023067169434 0.046109151168539073 0.038618848527237647
leaf_weight=4.1605308353900936 746.80578854680061 23.549876965582371 5.2992428466677657 171.85747141391039 106.71214631199837 30.920549027621746 133.29841428995132 19.829942002892494 4.1472539752721786 5.5840907841920826 4.9688761532306671
leaf_count=16 2503 121 31 605 401 91 402 81 15 15 17
internal_value=0.00205449 0.00168563 0.00310023 0.00124037 -0.00657682 -0.000903394 0.0154279 -0.0245771 0.0262718 0.0355063 0.0290116
internal_weight=1257.13 1238.27 1057.26 918.663 181.013 137.633 138.598 43.3798 18.8608 14.7002 9.11613
internal_count=4298 4235 3541 3108 694 492 433 202 63 47 32
is_linear=0
shrinkage=0.03


Tree=74
num_leaves=15
num_cat=0
split_feature=29 8 8 23 27 17 25 29 6 0 29 0 26 6
split_gain=12.4039 10.6117 10.4285 11.1095 10.1526 13.9045 10.122 9.57718 8.74358 8.28829 7.36763 5.48261 4.74038 4.16681
threshold=0.032398442985910422 -0.0081809095735478933 -0.0064213054718756605 2.4197824260561132 0.036259919891268644 0.020960223430553353 -0.0003944043076717358 0.061710444205701737 240154.50000000003 0.0023661344911066183 0.030931551791909529 0.0019174588283020634 0.003519493025162058 484459.00000000006
decision_type=2 2 2 2 2 2 2 2 2 2 2 2 2 2
left_child=1 10 9 -4 5 6 -2 12 -9 -3 -1 -12 -6 -7
right_child=4 2 3 -5 7 13 -8 8 -10 -11 11 -13 -14 -15
leaf_value=-0.023674832641330877 0.012130550603898994 0.0061898066256520544 -0.0078424898320417092 0.0072585924211824695 0.035334878348748176 -0.052795685444184517 0.0019865187315054431 -0.018031333569147545 0.014593591967848742 0.052428133964155473 -0.014122534339012298 0.033010359429338471 0.0083272685305423571 -0.0098623601473751942
leaf_weight=34.513439670205116 99.151012554764748 9.6561610922217351 135.13720752298832 64.902595549821854 20.959613114595417 5.0650292932987195 826.38164481520653 10.745250776410101 23.699485465884209 5.462905913591384 5.0021890103816968 3.9951926171779633 8.1130636334419233 3.4003297537565231
leaf_count=173 319 38 639 244 55 20 2619 36 68 17 21 13 25 11
internal_value=0.00199438 -0.00385972 -0.00112722 -0.00294297 0.00351243 0.00272317 0.00307323 0.0151183 0.00441604 0.0228969 -0.0173718 0.00680633 0.0277981 -0.0355504
internal_weight=1256.19 258.67 215.159 200.04 997.515 933.998 925.533 63.5174 34.4447 15.1191 43.5108 8.99738 29.0727 8.46536
internal_count=4298 1145 938 883 3153 2969 2938 184 104 55 207 34 80 31
is_linear=0
shrinkage=0.03


Tree=75
num_leaves=15
num_cat=0
split_feature=1 9 21 17 25 26 26 13 14 14 9 8 13 18
split_gain=12.0949 15.0708 21.1582 19.2569 15.3162 22.8512 20.4067 12.9517 11.3517 19.4839 14.4794 10.1541 7.18634 6.48555
threshold=0.02055416291253704 1.7749908674607224 530760.00000000012 -0.0020793790179241757 -9.5779806604573002e-05 -0.005986589993506884 -0.004277250711583077 0.014344707081276033 0.56609447971873894 0.59493542773920949 0.66644603048544282 -0.0011731183432600256 0.035523631126419174 0.011706889793626265
decision_type=2 2 2 2 2 2 2 2 2 2 2 2 2 2
left_child=8 4 3 -3 6 -6 -2 -4 11 -10 -11 13 -13 -1
right_child=1 2 7 -5 5 -7 -8 -9 9 10 -12 12 -14 -15
leaf_value=0.0028345057460533933 -0.047034535780267582 0.0040770593398627639 -0.022268445526244244 -0.019386694590470297 0.025566209884860681 0.00080538364195596767 0.013708905430007925 0.0043953046169699691 0.05129240909682338 -0.027641149417435763 0.0040970388141061903 -0.047002528959216971 0.0015900539509268632 -0.039269696419698158
leaf_weight=15.286689773201944 5.0991946160793296 48.299172781407833 17.374657332897186 90.399740017950535 36.222223892807961 453.75530102849007 208.65543004870415 290.94777064025402 5.9595750868320456 18.569940276443958 42.647436447441578 14.241093821823599 3.3914156407117835 4.1964716613292685
leaf_count=59 23 172 89 398 103 1510 641 946 16 86 158 70 11 16
internal_value=0.00193622 0.00282282 -0.0014848 -0.0112159 0.00555909 0.00263586 0.0122598 0.00289274 -0.00784642 -0.000489533 -0.00553056 -0.0211619 -0.0376563 -0.0062343
internal_weight=1255.05 1150.75 447.021 138.699 703.732 489.978 213.755 308.322 104.293 67.177 61.2174 37.1157 17.6325 19.4832
internal_count=4298 3882 1605 570 2277 1613 664 1035 416 260 244 156 81 75
is_linear=0
shrinkage=0.03


Tree=76
num_leaves=12
num_cat=0
split_feature=25 28 28 28 26 29 18 17 3 12 13
split_gain=11.69 14.7629 25.6925 19.688 19.2678 17.4966 11.2778 7.76145 5.24836 1.14132 0.783602
threshold=-0.001013258929688022 0.0026201731368251948 0.0018580126527569119 0.00081739852376540344 0.0044939380222537269 0.042897078898590145 0.003699276930086785 0.0070437704185825085 0.40961388730107456 -0.0048919286191233995 0.02535916376686204
decision_type=2 2 2 2 2 2 2 2 2 2 2
left_child=8 2 3 -2 7 -6 -4 -3 -1 10 -10
right_child=1 4 6 -5 5 -7 -8 -9 9 -11 -12
leaf_value=-0.0025777873117261642 0.0031736728070088324 -0.016470729878216232 -0.028499319885865248 -0.0080998290456339578 -0.016366878400534558 0.0065050362845466845 0.016633629791244189 -0.045704393145446345 0.018695040302007148 0.045340476535700266 0.03690407207618969
leaf_weight=4.5097938328981426 745.03858901560307 31.996258482336998 5.176862768828868 171.51670150458813 44.57307268679142 92.716025158762932 132.97182543575764 10.97816354036331 4.2670862525701523 5.465659782290456 4.2409276217222214
leaf_count=17 2503 156 31 605 210 282 402 46 15 15 16
internal_value=0.00188028 0.00152584 0.00288187 0.00106404 -0.00640814 -0.000920692 0.0149424 -0.0239387 0.0255618 0.0346435 0.0277716
internal_weight=1253.45 1234.97 1054.7 916.555 180.264 137.289 138.149 42.9744 18.4835 13.9737 8.50801
internal_count=4298 4235 3541 3108 694 492 433 202 63 46 31
is_linear=0
shrinkage=0.03


Tree=77
num_leaves=14
num_cat=0
split_feature=17 9 10 1 5 26 29 26 28 13 26 21 4
split_gain=11.6006 12.1567 24.2339 13.3886 13.1939 13.0374 11.0239 10.8506 10.5374 16.8296 11.4916 11.3256 1.02842
threshold=-0.0059923998569293103 1.4532530813411066 0.010263245542119324 0.020474667162901666 0.013222319563386906 -0.0031604021318338382 0.092644156711319259 -0.0056631139355676893 -0.0037651225293099432 0.042374892929175824 -0.0059666938453235771 161330.00000000003 192.50000000000003
decision_type=2 2 2 2 2 2 2 2 2 2 2 2 2
left_child=8 3 6 5 -4 -2 -3 -5 9 -1 -10 -12 -11
right_child=1 2 4 7 -6 -7 -8 -9 10 12 11 -13 -14
leaf_value=0.013177394022841959 0.015675877559325101 -0.0092100361931892038 0.0081983912854511291 0.02100281058601388 -0.026224212205065725 -0.017099129838797356 0.023860141695361246 0.0038766454625970477 0.041707064289294049 -0.061185286649859109 -0.024024308343796444 0.009783300630744049 -0.038084420548763501
leaf_weight=8.1009889394044858 14.136163733899592 291.687285117805 158.16543753445148 35.894359305500984 10.69933897256851 48.058194853365421 9.3632539808750135 459.7062496393919 9.6574016660451871 3.717889890074729 9.3561589270830137 190.4968389570713 3.2511216998100281
leaf_count=25 52 1148 514 107 40 202 26 1512 25 16 37 580 14
internal_value=0.00182551 0.00047574 -0.00307911 0.00347053 0.00601736 -0.00964969 -0.00818149 0.00511702 0.00800224 -0.0162274 0.00974507 0.00820059 -0.0504085
internal_weight=1252.29 1027.71 469.915 557.795 168.865 62.1944 301.051 495.601 224.58 15.07 209.51 199.853 6.96901
internal_count=4298 3601 1728 1873 554 254 1174 1619 697 55 642 617 30
is_linear=0
shrinkage=0.03


Tree=78
num_leaves=15
num_cat=0
split_feature=7 28 26 28 28 28 11 28 1 28 22 0 27 13
split_gain=11.3716 10.2836 20.9298 20.6059 22.9122 15.8643 11.2058 9.27324 16.853 9.04405 8.15569 5.08039 9.45825 3.07928
threshold=1362342.2310000001 0.0026201731368251948 0.0044939380222537269 0.0018580126527569119 0.00081739852376540344 0.0030701790440342169 0.00035544192632683318 0.00036984843682895586 0.020959283697062462 0.0027443406472120999 138577727.48350003 0.00025264549681211778 0.012051453485776163 0.029409197074167562
decision_type=2 2 2 2 2 2 2 2 2 2 2 2 2 2
left_child=7 3 10 4 -2 -4 -5 11 13 -10 -3 -1 -13 -9
right_child=1 2 5 6 -6 -7 -8 8 9 -11 -12 12 -14 -15
leaf_value=-0.031724060461864767 0.0043742077687716581 -0.0093336221779456944 -0.013964081764559705 -0.033637335076058747 -0.0081570527170729528 0.0079876721625355817 0.01660428367571774 -0.037942384141418123 0.022633815589555097 -0.015848015756606378 -0.036712037018506331 -0.025658476025379164 0.021356003608425864 -0.0065598399737841007
leaf_weight=18.278680808842182 706.21548331528902 18.950579136610031 42.567529790103436 4.1294320300221434 161.31123728305101 97.484655201435089 123.07829694449902 9.0071228221058828 21.639280833303932 7.3681912124156943 20.262680739164352 10.777940437197687 5.9923018515110007 4.092492163181304
leaf_count=105 2298 93 157 17 557 330 367 59 85 40 87 62 23 18
internal_value=0.00177236 0.00250556 -0.00410845 0.0036975 0.0020441 0.00131565 0.0149733 -0.00938407 0.000104744 0.012859 -0.0234809 -0.0207837 -0.00885938 -0.0281381
internal_weight=1251.16 1174 179.265 994.734 867.527 140.052 127.208 77.156 42.1071 29.0075 39.2133 35.0489 16.7702 13.0996
internal_count=4298 3906 667 3239 2855 487 384 392 202 125 180 190 85 77
is_linear=0
shrinkage=0.03


Tree=79
num_leaves=11
num_cat=0
split_feature=25 28 28 28 26 1 18 13 5 12
split_gain=11.1895 13.1449 23.0098 17.386 17.2392 18.7217 10.4928 7.38009 4.26614 0.779923
threshold=-0.001013258929688022 0.0026201731368251948 0.0018580126527569119 0.00081739852376540344 0.0044939380222537269 0.053083094780289761 0.003699276930086785 0.026192437127759535 0.00059689203890117136 -0.0048919286191233995
decision_type=2 2 2 2 2 2 2 2 2 2
left_child=8 2 3 -2 7 -6 -4 -3 -1 -10
right_child=1 4 6 -5 5 -7 -8 -9 9 -11
leaf_value=0.0059585592339691179 0.0029183071825926218 -0.011303182580331722 -0.028118424259127143 -0.0076846595385563219 -0.0069329653243447222 0.019651105971468807 0.015717220060702003 -0.036430156585946283 0.02930748275032509 0.045055648962411564
leaf_weight=6.658862084150317 743.73049230128527 22.870409920811653 5.1037957146763793 171.22731939703226 106.09695609658957 30.75297649204731 132.51108704507351 19.481532037258148 6.5452532470226297 4.9866480827331516
leaf_count=24 2503 121 31 605 401 91 402 81 25 14
internal_value=0.00172047 0.00137553 0.00265426 0.000934043 -0.00613532 -0.000958981 0.0140915 -0.0228614 0.0250775 0.0361173
internal_weight=1249.97 1231.77 1052.57 914.958 179.202 136.85 137.615 42.3519 18.1908 11.5319
internal_count=4298 4235 3541 3108 694 492 433 202 63 39
is_linear=0
shrinkage=0.03


Tree=80
num_leaves=10
num_cat=0
split_feature=7 25 27 14 25 6 26 3 6
split_gain=11.0025 10.5892 8.27663 15.6201 13.6349 8.12026 8.59589 6.84941 0.95677
threshold=6551797.2115000011 -0.001013258929688022 0.033446154400188832 0.91373415856174522 0.00027196287688886013 62691.500000000007 -0.012359921126963077 0.71012864354339589 220919.50000000003
decision_type=2 2 2 2 2 2 2 2 2
left_child=5 8 3 -3 -4 6 -1 -8 -2
right_child=1 2 4 -5 -6 -7 7 -9 -10
leaf_value=0.043217983233676045 0.021321733268855867 0.0030765832198209526 0.017485033435027369 -0.01245768008935628 -0.020463475192008748 -0.041409860500950836 -0.00027001030946056991 -0.010688139285651389 0.037687894989062179
leaf_weight=3.5753243863582602 5.9841480404138547 830.43663091957569 64.041722282767296 62.651878789067268 9.8291323632001859 5.043754316866397 176.79366354644299 83.677590571343899 6.946781262755394
leaf_count=10 21 2685 184 224 35 28 716 369 26
internal_value=0.00167017 0.0031457 0.00278506 0.00198682 0.0124357 -0.00370298 -0.00298271 -0.00361688 0.030114
internal_weight=1248.98 979.89 966.959 893.089 73.8709 269.09 264.047 260.471 12.9309
internal_count=4298 3175 3128 2909 219 1123 1095 1085 47
is_linear=0
shrinkage=0.03


Tree=81
num_leaves=15
num_cat=0
split_feature=1 9 11 24 29 28 7 5 14 14 6 5 17 23
split_gain=10.8409 13.1489 14.2904 22.3275 12.1667 11.0486 13.8872 11.6856 10.6539 18.0972 13.405 11.7113 9.0304 4.95395
threshold=0.02055416291253704 1.7749908674607224 0.021168903429034564 1.046442220527251 0.092644156711319259 0.0026201731368251948 503883.21800000005 0.0085680594826837275 0.56609447971873894 0.59493542773920949 34121.000000000007 -0.0038191781517612085 -0.00083138384056658432 1.0107809579911506
decision_type=2 2 2 2 2 2 2 2 2 2 2 2 2 2
left_child=8 5 4 -4 -3 6 -2 -7 11 -10 -11 12 -1 -13
right_child=1 2 3 -5 -6 7 -8 -9 9 10 -12 13 -14 -15
leaf_value=-0.017543147819630966 -0.029270759556422481 -0.0061534260424810101 0.0097458418160516983 -0.039457279967246406 0.029982833180307603 -0.0084228921654823981 0.0071344446104568641 0.021239960202384108 0.049248063159101095 -0.019606303571178974 0.0085932837583980719 -0.046998244293653603 0.034772613167824859 -0.019856545193381821
leaf_weight=7.5664020329713821 9.5832115113735181 299.974963337183 127.04788860678673 8.8805742561817151 8.6266624778509122 85.155193246901035 591.43839205801487 13.904469937086104 5.9821190237998954 30.205998860299587 30.480554640293121 11.568931333720686 4.8877531588077527 12.692264363169668
leaf_count=30 53 1151 395 36 23 314 1867 43 16 144 100 54 15 57
internal_value=0.0016214 0.00246172 -0.00157343 0.00653127 -0.00514327 0.00502392 0.00655397 -0.00425928 -0.00768218 -0.000535366 -0.00544272 -0.0206595 0.00298868 -0.032799
internal_weight=1248 1144.61 444.53 135.928 308.602 700.081 601.022 99.0597 103.384 66.6687 60.6866 36.7154 12.4542 24.2612
internal_count=4298 3882 1605 431 1174 2277 1920 357 416 260 244 156 45 111
is_linear=0
shrinkage=0.03


Tree=82
num_leaves=15
num_cat=0
split_feature=17 9 10 1 28 3 21 29 17 14 29 28 8 18
split_gain=10.7191 11.0637 22.2807 11.6249 10.1595 17.1379 9.76509 9.68975 9.58968 9.44507 9.30758 8.00359 4.89643 1.00513
threshold=-0.0059923998569293103 1.4532530813411066 0.010263245542119324 0.020474667162901666 -0.0037651225293099432 0.26203346203346228 161330.00000000003 0.092644156711319259 -0.0017353126958031997 0.61046780132968659 0.084203140990917594 -0.00031358388307610728 0.00054270979263201151 0.019497224620291877
decision_type=2 2 2 2 2 2 2 2 2 2 2 2 2 2
left_child=4 3 7 8 5 -1 12 -3 -2 -4 -5 -8 -6 -7
right_child=1 2 9 10 6 13 11 -9 -10 -11 -12 -13 -14 -15
leaf_value=0.016027199326992723 -0.028705661731902591 -0.0089917755071345466 0.026833517642930859 0.0058769410641059576 -0.0046319741499478463 -0.038170271438334159 0.017508678651549085 0.022223027412291509 -0.0019830422852805387 0.003233187369179187 -0.0093883153014911042 0.0053718760031760578 -0.049065808454544502 -0.060123120287409973
leaf_weight=7.4515450894832593 16.522287033498287 290.39086349308491 16.97671040892601 454.65230011194944 6.5430411398410779 4.1812061816453934 87.092576950788498 9.2348529547452909 45.014848083257675 151.10332232713699 39.033982306718826 111.51503224670887 3.3875962346792221 3.4062435477972031
leaf_count=22 74 1148 48 1492 24 18 259 26 180 506 127 344 15 15
internal_value=0.00157446 0.00027386 -0.0031255 0.00313739 0.00752507 -0.0162886 0.00924242 -0.00802969 -0.00915788 0.00561691 0.00466997 0.0106941 -0.0197895 -0.0480256
internal_weight=1246.51 1022.93 467.706 555.223 223.577 15.039 208.538 299.626 61.5371 168.08 493.686 198.608 9.93064 7.58745
internal_count=4298 3601 1728 1873 697 55 642 1174 254 554 1619 603 39 33
is_linear=0
shrinkage=0.03


Tree=83
num_leaves=10
num_cat=0
split_feature=25 13 28 28 21 17 3 25 4
split_gain=10.3431 11.8163 11.2141 21.8339 16.0608 8.78664 5.11593 2.33751 1.08035
threshold=-0.001013258929688022 0.01036144786005474 0.0026201731368251948 0.0018580126527569119 385780.50000000006 0.0025179062440809793 0.40961388730107456 -0.00024191820897113229 32.500000000000007
decision_type=2 2 2 2 2 2 2 2 2
left_child=6 5 3 -3 -4 7 -1 -2 -8
right_child=1 2 4 -5 -6 -7 8 -9 -10
leaf_value=-0.0037510997272788382 -0.012890462665570653 0.0010975299850593204 -0.021079030002488515 0.014081678826494597 -0.00015482225350046464 0.017813124374202381 0.042741306008252246 -0.037425836236817493 0.025605011074612154
leaf_weight=4.4011839479208019 4.8846953585743966 897.12919277697802 44.128853783011436 133.96473790705204 131.08953871577978 4.2332328855991355 6.1790001392364484 12.281041055917738 7.1338965147733688
leaf_count=17 23 3017 210 417 458 19 19 91 27
internal_value=0.00152851 0.00120012 0.00159211 0.00278449 -0.0054246 -0.0208976 0.0242887 -0.030444 0.0335586
internal_weight=1245.43 1227.71 1206.31 1031.09 175.218 21.399 17.7141 17.1657 13.3129
internal_count=4298 4235 4102 3434 668 133 63 114 46
is_linear=0
shrinkage=0.03


Tree=84
num_leaves=14
num_cat=0
split_feature=29 29 29 26 9 28 28 0 28 7 8 7 7
split_gain=10.2169 12.6362 18.3119 10.9996 10.8918 6.54027 6.45546 5.68996 4.16301 3.89834 3.18229 0.0645242 0.00888168
threshold=0.019982888506241938 0.020007434860058581 0.027860468871460441 -0.0056631139355676893 1.2205827187250875 0.00061555334630572403 0.0011097904226121536 0.00020283717647741776 0.002866508132802073 3659937.4885000004 0.00035156695609849729 5121944.7264999999 1514139.5465000002
decision_type=2 2 2 2 2 2 2 2 2 2 2 2 2
left_child=5 7 4 -4 -3 11 -7 9 -8 -2 -9 12 -1
right_child=1 2 3 -5 -6 6 8 10 -10 -11 -12 -13 -14
leaf_value=-0.035234530098164546 0.037483101704084469 -0.03291531727182067 0.012494286186817768 0.001502944391636403 -0.0065488115953719079 0.036643703506177364 -0.036726548294708408 0.019593279378499417 0.01546317072576647 0.0045259311877731481 0.049657517742955758 -0.041619270477983035 -0.037553506814808367
leaf_weight=2.8631527572870272 3.933073133230212 17.151725076138973 89.211603805422783 1005.8842628449202 79.26346068829298 2.6696413159370405 4.0958175361156464 5.9460156783461553 2.0711483731865883 18.073539599776268 6.7839525789022446 3.3983353078365326 3.0913158655166626
leaf_count=25 14 96 278 3334 363 11 30 20 13 58 18 18 20
internal_value=0.00148373 0.00181479 0.00129482 0.00239835 -0.0112393 -0.0208353 -0.00232818 0.0196507 -0.0191989 0.0104161 0.0356149 -0.0383209 -0.0364384
internal_weight=1244.44 1226.25 1191.51 1095.1 96.4152 18.1894 8.83661 34.7366 6.16697 22.0066 12.73 9.3528 5.95447
internal_count=4298 4181 4071 3612 459 117 54 110 43 72 38 63 45
is_linear=0
shrinkage=0.03


Tree=85
num_leaves=14
num_cat=0
split_feature=17 9 7 3 3 28 28 28 3 26 21 5 18
split_gain=9.99023 10.4444 13.4668 12.4982 10.8485 20.4188 14.4127 9.82134 16.1978 10.7374 9.82772 5.59024 0.93855
threshold=-0.0059923998569293103 9.6968314735704411 43105859.035500012 0.7870274991286218 0.62305835298209533 0.0018083551394848425 0.00081739852376540344 -0.0037651225293099432 0.26203346203346228 -0.0059666938453235771 161330.00000000003 -0.00033374769917378908 0.019497224620291877
decision_type=2 2 2 2 2 2 2 2 2 2 2 2 2
left_child=7 4 11 -4 6 -6 -2 8 -1 -9 -11 -3 -10
right_child=1 2 3 -5 5 -7 -8 9 12 10 -12 -13 -14
leaf_value=0.015156695075585924 0.0072411048041901207 -0.015626127322869443 -0.012730566374676075 0.022435170389192592 -0.0081168367085034682 0.0071655229169233234 -0.0022794202545253855 0.040150161472344945 -0.037643368450444872 -0.02283541957688958 0.0088713732678568653 -0.044850371447347902 -0.058900208123181141
leaf_weight=7.4429017603397352 359.37288049608469 12.380279250442983 27.518159352242947 13.587256506085394 242.14271209388971 116.56204760819674 237.80868969857693 9.4367267191410047 4.1580558866262436 9.2269983366131765 189.2918756455183 11.23876106739044 3.3963488787412643
leaf_count=22 1200 54 103 42 874 425 850 25 18 37 580 53 15
internal_value=0.00143996 0.000183202 -0.0114796 -0.00110665 0.000972904 -0.00315079 0.00344986 0.00719301 -0.0162535 0.00888393 0.00739767 -0.029532 -0.0472001
internal_weight=1243.56 1020.61 64.7245 41.1054 955.886 358.705 597.182 222.953 14.9973 207.956 198.519 23.619 7.5544
internal_count=4298 3601 252 145 3349 1299 2050 697 55 642 617 107 33
is_linear=0
shrinkage=0.03


Tree=86
num_leaves=13
num_cat=0
split_feature=25 26 26 19 23 22 18 17 10 1 18 9
split_gain=10.1041 19.7218 17.8647 15.5678 23.5562 12.2629 11.8738 14.244 12.9055 9.26612 6.65586 2.75073
threshold=-0.0003944043076717358 -0.005986589993506884 -0.004277250711583077 1.0000000180025095e-35 1.1804368229343953 43403114.6985 0.010907533247777349 0.0070437704185825085 -0.0031313467172714477 0.064639206935628149 0.0093922826995806643 1.7211513407664951
decision_type=2 2 2 2 2 2 2 2 2 2 2 2
left_child=2 9 11 5 -5 -4 8 -8 -3 10 -2 -1
right_child=1 6 3 4 -6 -7 7 -9 -10 -11 -12 -13
leaf_value=-0.046154667955671323 0.0022054896847920353 -0.010062480993735291 -0.0061398674000081952 0.023857096613844355 -0.032255700159658202 0.022272305380480251 0.0062218022444125894 -0.0049435434520603023 -0.00031603317154026405 -0.015343559685048752 0.027976443637780943 -0.010651046664080085
leaf_weight=5.335081994533537 11.74610513448715 180.98171476274729 16.397344425320625 11.860465362668039 15.575584784150122 82.252765044569969 346.89285627007484 146.15923641622066 376.91413930803537 6.7838314175605765 38.856863737106323 3.1082672327756882
leaf_count=25 44 711 62 40 64 253 1055 476 1424 23 108 13
internal_value=0.0013975 0.000455103 0.00916149 0.0119905 -0.00799842 0.0175497 -0.000480032 0.00291197 -0.00347779 0.0175806 0.0219944 -0.0330846
internal_weight=1242.86 1108.33 134.53 126.086 27.4361 98.6501 1050.95 493.052 557.896 57.3868 50.603 8.44335
internal_count=4298 3841 457 419 104 315 3666 1531 2135 175 152 38
is_linear=0
shrinkage=0.03


Tree=87
num_leaves=15
num_cat=0
split_feature=1 9 21 29 6 14 14 9 5 28 26 5 5 8
split_gain=9.84218 11.1793 17.9882 11.53 11.5166 10.0064 16.7349 13.2413 11.2002 9.86488 14.8588 10.782 7.53598 6.8258
threshold=0.02055416291253704 1.7749908674607224 530760.00000000012 0.055500181094657791 1121074.0000000002 0.56609447971873894 0.59493542773920949 0.66644603048544282 -0.0038191781517612085 0.0026201731368251948 0.0020274897638310608 0.0085680594826837275 -0.0072200714958896321 -0.0027426195592643557
decision_type=2 2 2 2 2 2 2 2 2 2 2 2 2 2
left_child=5 9 3 -3 -4 8 -7 -8 12 10 -2 -11 -1 -10
right_child=1 2 4 -5 -6 6 7 -9 13 11 -12 -13 -14 -15
leaf_value=-0.019612840040105817 0.0030964339947891434 -0.013646630050423306 0.0065853081598411774 0.014458252229709362 -0.005780530452575529 0.04721365398513494 -0.026796764021152848 0.0038653616262758184 -0.0042242067624565331 -0.008263325995052374 0.01374005813051178 0.020345968628188268 0.027159535705067493 -0.041366629489473429
leaf_weight=6.4331867396831512 436.21415853500366 121.94028539955616 203.9489716514945 14.723624706268309 101.52411002665758 5.9916877001523963 18.127510942518711 42.146188080310822 5.9150524660944965 84.82333505153656 161.84031245857477 13.782001972198485 5.9842432737350446 18.016034312546253
leaf_count=26 1424 527 684 43 351 16 86 158 25 314 496 43 19 86
internal_value=0.00135736 0.00215921 -0.00157189 -0.0106187 0.00247552 -0.00754139 -0.000603013 -0.00535637 -0.0201904 0.00452716 0.00597672 -0.00426462 0.00292784 -0.0321861
internal_weight=1241.41 1138.8 442.137 136.664 305.473 102.614 66.2654 60.2737 36.3485 696.66 598.054 98.6053 12.4174 23.9311
internal_count=4298 3882 1605 570 1035 416 260 244 156 2277 1920 357 45 111
is_linear=0
shrinkage=0.03


Tree=88
num_leaves=11
num_cat=0
split_feature=25 13 1 9 28 17 21 12 9 29
split_gain=9.69616 10.8421 10.0029 12.1027 10.1298 8.19495 3.9602 2.43258 0.805238 0.0751145
threshold=-0.001013258929688022 0.01036144786005474 0.02055416291253704 0.29969352518855713 -0.00026868591021281138 0.0025179062440809793 259153.50000000003 -0.0050634447660600265 1.6412033361338876 0.056201749382250719
decision_type=2 2 2 2 2 2 2 2 2 2
left_child=6 5 4 -4 -3 7 -1 -2 9 -8
right_child=1 2 3 -5 -6 -7 8 -9 -10 -11
leaf_value=0.0027508390543128612 -0.013716393659925831 0.0033972024985045399 0.033927778308776045 0.0018832251459902707 -0.01601624508170877 0.016709095049639251 0.041091212812353686 -0.038030847099753101 0.021631593232192357 0.035251356604084363
leaf_weight=5.5652189999818829 5.5591530203819319 42.084990687668324 10.711628183722494 1092.2519584223628 56.889955036342144 4.2614490762352935 4.7853225469589216 11.092513732612133 3.5935840904712668 3.3840889930725098
leaf_count=19 34 158 33 3669 242 19 15 80 14 15
internal_value=0.00131776 0.00100199 0.0013746 0.00219443 -0.00776148 -0.0204132 0.0236015 -0.0299135 0.0334663 0.0386721
internal_weight=1240.18 1222.85 1201.94 1102.96 98.9749 20.9131 17.3282 16.6517 11.763 8.16941
internal_count=4298 4235 4102 3702 400 133 63 114 44 30
is_linear=0
shrinkage=0.03


Tree=89
num_leaves=12
num_cat=0
split_feature=29 25 28 19 18 17 1 3 9 21 9
split_gain=9.43115 9.13699 17.0796 14.7304 11.6718 13.8435 11.4746 4.0229 2.6925 0.780719 0.0276403
threshold=0.019023997455488426 -0.0003944043076717358 -0.0025233119728767955 1.0000000180025095e-35 0.010907533247777349 0.0070437704185825085 0.053581676575442737 0.94451588600524838 1.7211513407664951 2146533.0000000005 5.7427371663739555
decision_type=2 2 2 2 2 2 2 2 2 2 2
left_child=7 2 8 -4 6 -6 -3 9 -2 10 -1
right_child=1 4 3 -5 5 -7 -8 -9 -10 -11 -12
leaf_value=-0.035987558332736487 -0.045579418729436265 -0.0012019357535132621 0.017269134213166903 -0.0078059721072116783 0.0069691487550665142 -0.003736366342098224 -0.018293017642092915 0.012693253640196156 -0.010306368439787127 -0.016365437673506358 -0.040135694019493552
leaf_weight=6.185730613768099 5.2609346210956556 530.14739858359098 96.692621424794197 26.964904233813286 373.90993629395962 153.27352145314217 37.880196765065193 2.1212604343891135 3.092545360326767 2.0851870253682128 1.8866393342614172
leaf_count=49 25 1987 309 103 1135 497 144 12 13 13 11
internal_value=0.00127884 0.00154059 0.00899658 0.0118012 0.000641887 0.00385662 -0.00234169 -0.0248827 -0.032521 -0.0327299 -0.036957
internal_weight=1239.5 1227.22 132.011 123.658 1095.21 527.183 568.028 12.2788 8.35348 10.1576 8.07237
internal_count=4298 4213 450 412 3763 1632 2131 85 38 73 60
is_linear=0
shrinkage=0.03


Tree=90
num_leaves=12
num_cat=0
split_feature=27 17 29 9 8 15 12 1 6 9 3
split_gain=9.26473 10.5818 10.278 9.3343 9.09924 9.66944 7.97767 6.17696 6.06766 4.33824 2.19094
threshold=0.036259919891268644 0.020960223430553353 0.10537295470779141 1.4616736985484524 0.0064983494277565676 0.0080726413753308014 -0.013793630712760118 0.040061187885377846 550179.50000000012 1.0046509883724175 0.87284903908268696
decision_type=2 2 2 2 2 2 2 2 2 2 2
left_child=1 2 3 -1 5 -2 -7 -4 -3 -6 -11
right_child=4 8 7 -5 9 6 -8 -9 -10 10 -12
leaf_value=0.0030016896768194504 -0.040954962558826191 -0.05167600661243358 0.0040540536775229624 -0.0024377650683981718 0.0021323475309251252 -0.027628751252557576 0.013231354944038558 0.044186235324891729 -0.0010255074553400631 0.047037072312148424 0.02555964211670882
leaf_weight=630.65213970094919 3.8786498606204978 5.4502403736114484 6.1929291039705259 516.44409611076117 4.6970014125108746 4.8587002903223029 37.432909667491913 7.7979663610458374 3.4926998466253281 7.3793311715126064 10.160638138651846
leaf_count=2125 15 22 19 1894 15 17 114 19 11 18 29
internal_value=0.00124149 0.000614081 0.000864467 0.000552746 0.0119727 0.00437941 0.00853711 0.0264221 -0.0318943 0.0277385 0.0345955
internal_weight=1238.44 1170.03 1161.09 1147.1 68.4072 46.1703 42.2916 13.9909 8.94294 22.237 17.54
internal_count=4298 4090 4057 4019 208 146 131 38 33 62 47
is_linear=0
shrinkage=0.03


Tree=91
num_leaves=11
num_cat=0
split_feature=25 28 28 28 26 1 18 22 5 14
split_gain=9.10444 10.2148 20.7488 15.9382 15.6889 16.7787 9.19094 7.39299 4.23106 0.668983
threshold=-0.001013258929688022 0.0026201731368251948 0.0018580126527569119 0.00081739852376540344 0.0044939380222537269 0.053083094780289761 0.003699276930086785 138577727.48350003 0.00059689203890117136 0.72841484443161997
decision_type=2 2 2 2 2 2 2 2 2 2
left_child=8 2 3 -2 7 -6 -4 -3 -1 -10
right_child=1 4 6 -5 5 -7 -8 -9 9 -11
leaf_value=0.0036358211774935949 0.002302047813475682 -0.0097763756531743361 -0.027324669072449896 -0.0078861721128407093 -0.0065005146283076782 0.01877139140405272 0.014455218034102288 -0.035116832687169329 0.025975789664744325 0.041129601436875766
leaf_weight=6.3690156787633923 737.37108137458563 21.66921029239893 4.9161745607852927 170.06567239016294 105.19743917882442 30.499141499400139 131.33802437782288 19.856918945908546 4.6410990357398969 6.0263224244117737
leaf_count=24 2503 115 31 605 401 91 402 87 18 21
internal_value=0.00120487 0.000900964 0.00203172 0.00039264 -0.0057582 -0.000820405 0.0129478 -0.0218936 0.0229844 0.0345366
internal_weight=1237.95 1220.91 1043.69 907.437 177.223 135.697 136.254 41.5261 17.0364 10.6674
internal_count=4298 4235 3541 3108 694 492 433 202 63 39
is_linear=0
shrinkage=0.03


Tree=92
num_leaves=15
num_cat=0
split_feature=7 25 26 26 26 20 15 27 5 28 27 14 7 6
split_gain=8.86756 10.1835 19.3935 19.0439 16.5246 14.0428 10.4686 6.40511 10.305 12.0069 8.1774 6.79065 2.65912 2.20755
threshold=1138091.9525000004 -0.0003944043076717358 -0.0056631139355676893 -0.0052103091899908362 -0.004277250711583077 0.00062168727915197541 -0.014698844488621476 -0.0036843339392791988 -0.0059699290176007591 -0.00018041019032426765 0.008905214879901922 0.59917992620776694 156439279.46550003 11083.000000000002
decision_type=2 2 2 2 2 2 2 2 2 2 2 2 2 2
left_child=7 4 6 -4 12 -6 -3 8 -1 -10 13 -12 -2 -9
right_child=1 2 3 -5 5 -7 -8 10 9 -11 11 -13 -14 -15
leaf_value=-0.039348571687539829 -0.045506943742061885 -0.0016200653606387823 -0.030050693311154279 0.00017296987733037052 0.018013788921258551 -0.0077504763068017004 0.021414896916108442 -0.038705081738284415 -0.02940850689577991 0.028018726705745543 0.030168906810789032 -0.013239029768982172 -0.0099642508810764401 -0.014007832300850502
leaf_weight=4.1616544201970127 4.927663788199423 25.31375677883625 19.141453325748444 949.16386566311121 92.579981043934822 23.969120308756828 59.47712941467762 13.172220245003702 4.408989340066916 12.759039863944048 4.0417664051055935 16.422758586704731 3.0776303857564926 4.3273920193314543
leaf_count=25 23 81 75 3220 294 89 179 87 25 57 16 85 13 29
internal_value=0.00116968 0.00173964 0.000780223 -0.000424491 0.0098514 0.0127152 0.014538 -0.0101505 0.00300403 0.0132706 -0.0175412 -0.00466591 -0.0318426 -0.0325978
internal_weight=1236.94 1177.65 1053.1 968.305 124.554 116.549 84.7909 59.2938 21.3297 17.168 37.9641 20.4645 8.00529 17.4996
internal_count=4298 3974 3555 3295 419 383 260 324 107 82 217 101 36 116
is_linear=0
shrinkage=0.03


Tree=93
num_leaves=12
num_cat=0
split_feature=27 17 25 13 25 25 23 6 9 6 5
split_gain=8.80672 9.88601 8.84794 9.67781 7.66483 14.8715 11.4649 13.6124 6.6084 4.78709 4.11729
threshold=0.036259919891268644 0.020960223430553353 -0.001013258929688022 0.01036144786005474 0.00027196287688886013 0.00046462623231768142 1.449132096321283 227469.00000000003 5.1382680081698036 484459.00000000006 0.00059689203890117136
decision_type=2 2 2 2 2 2 2 2 2 2 2
left_child=1 2 10 -4 6 -6 7 -2 -8 -3 -1
right_child=4 9 3 -5 5 -7 8 -9 -10 -11 -12
leaf_value=0.003283706012554431 -0.031665486053651784 -0.049570397387103095 -0.019995618025873484 0.00082134979134751798 -0.050072545948589828 0.01934840642439464 0.034810886803862191 0.017026601961045072 0.0049530480789664088 -0.005030048807207141 0.033956273004718172
leaf_weight=6.3206683844327953 8.1035793125629443 5.1894768029451352 20.466212838888168 1121.6801001876593 4.9285400658845884 6.362623929977417 25.398436889052391 14.260457351803778 9.0481972545385343 3.734632134437561 10.451559111475943
leaf_count=24 30 21 133 3861 21 19 68 41 29 12 39
internal_value=0.0011353 0.000523768 0.00076598 0.000448329 0.0116221 -0.0109535 0.016109 -0.000616912 0.026968 -0.0309308 0.0223972
internal_weight=1235.94 1167.84 1158.92 1142.15 68.1018 11.2912 56.8107 22.364 34.4466 8.92411 16.7722
internal_count=4298 4090 4057 3994 208 40 168 71 97 33 63
is_linear=0
shrinkage=0.03


Tree=94
num_leaves=15
num_cat=0
split_feature=1 9 21 17 24 14 14 9 8 3 9 9 24 23
split_gain=8.68515 9.97879 16.5679 17.2747 11.7493 9.62032 15.6296 12.3936 9.02749 8.84949 21.9935 10.494 6.9678 4.00964
threshold=0.02055416291253704 1.7749908674607224 530760.00000000012 -0.0020793790179241757 0.30379302332162389 0.56609447971873894 0.59493542773920949 0.66644603048544282 -0.0011731183432600256 0.065416910041994153 0.53978210209998168 0.29969352518855713 0.80275592746697533 1.6136445377484325
decision_type=2 2 2 2 2 2 2 2 2 2 2 2 2 2
left_child=5 9 3 -3 -4 8 -7 -8 12 10 -2 -11 -1 -10
right_child=1 2 4 -5 -6 6 7 -9 13 11 -12 -13 -14 -15
leaf_value=0.0042354896789722563 -0.038297545226143453 0.0041120962242655558 0.041974604686335168 -0.018290071734844152 0.0013359103919701534 0.045695359759486499 -0.026018145663922215 0.003819402028210218 -0.044136788712106835 0.036214768868861838 0.0016462437314519027 0.0049705495470617461 -0.038575090458900264 -0.010072776536164389
leaf_weight=14.747617647051813 14.520619638264177 47.844322562217712 6.5434917062520972 87.886492885649204 297.96583478152752 5.999087616801261 17.870395384728909 41.916456967592239 12.704429704695942 9.8379545435309392 85.198389016091824 583.66181890666485 4.455356813967227 4.1180442571640006
leaf_count=54 60 172 20 398 1015 16 86 158 62 31 284 1902 21 19
internal_value=0.00110196 0.00185588 -0.00167634 -0.0103934 0.00220918 -0.00729136 -0.000467095 -0.00509909 -0.0197531 0.00409907 -0.00417019 0.00548846 -0.00569716 -0.0357981
internal_weight=1235.27 1133.46 440.24 135.731 304.509 101.811 65.7859 59.7869 36.0254 693.219 99.719 593.5 19.203 16.8225
internal_count=4298 3882 1605 570 1035 416 260 244 156 2277 344 1933 75 81
is_linear=0
shrinkage=0.03


Tree=95
num_leaves=13
num_cat=0
split_feature=17 25 9 27 11 7 6 26 26 26 22 11
split_gain=8.45683 10.9431 16.7915 14.7509 15.2665 12.5881 11.9164 7.74854 11.4803 8.44679 7.28451 2.82717
threshold=-0.0059923998569293103 -0.0003944043076717358 4.7995054795066379 0.0016620430630798295 0.013186544727222941 2043883.5705000004 379470.00000000006 -0.0065386384775231428 -0.005986589993506884 0.0023612084470874058 459597198.25050008 0.011562207629745263
decision_type=2 2 2 2 2 2 2 2 2 2 2 2
left_child=7 2 6 4 -3 -5 -2 10 -9 -10 -1 -4
right_child=1 3 11 5 -6 -7 -8 8 9 -11 -12 -13
leaf_value=0.0011594540178159103 0.0057742314321581265 -0.0029646219471182161 -0.016279980302810353 -0.01320476769759721 -0.019263194697814692 0.0038501739909455302 0.028604636615290148 0.040650636361388881 0.0020780629727578056 0.01545006875391622 -0.053785587267329897 -0.051905260518318501
leaf_weight=5.4350904226303083 75.346263244748116 354.22957683354616 4.280345141887663 42.693672031164169 60.566620178520679 444.1510806158185 28.30599382519722 9.0278767645359022 142.21029002964497 60.645257696509361 3.6167123764753342 3.771169513463974
leaf_count=20 259 1330 18 217 220 1451 88 24 454 182 17 18
internal_value=0.00106946 -9.00409e-05 0.00876713 -0.00118735 -0.00534446 0.00235455 0.0120089 0.00638766 0.00754889 0.00607573 -0.0207942 -0.0329662
internal_weight=1234.28 1013.34 111.704 901.641 414.796 486.845 103.652 220.935 211.883 202.856 9.0518 8.05151
internal_count=4298 3601 383 3218 1550 1668 347 697 660 636 37 36
is_linear=0
shrinkage=0.03


Tree=96
num_leaves=11
num_cat=0
split_feature=29 29 29 9 26 17 22 12 21 22
split_gain=8.60055 8.60789 15.9327 10.5659 9.65734 5.09614 5.19923 3.23652 0.807533 0.0377171
threshold=0.019023997455488426 0.020007434860058581 0.027860468871460441 1.2205827187250875 -0.0056631139355676893 0.0052826977078619759 164179948.44800004 -0.0085668344754681203 2146533.0000000005 79830965.914000019
decision_type=2 2 2 2 2 2 2 2 2 2
left_child=7 5 3 -3 -4 6 -2 -1 9 -9
right_child=1 2 4 -5 -6 -7 -8 8 -10 -11
leaf_value=0.0065317409059625492 -0.002947705318453145 -0.032616265037201039 0.011401209205136832 -0.0063368090962948277 0.0010150851542375732 0.03823434606556473 0.020935702434212909 -0.035436760697229668 -0.015353672495667344 -0.04017426757554575
leaf_weight=2.4360453262925139 15.082183822989462 16.702027313411236 87.646178893744946 78.421679735183716 998.50249192863703 6.9908735007047644 17.986009582877159 5.3746763877570611 2.0105432197451591 2.1047304421663284
leaf_count=14 69 96 278 363 3334 20 53 46 13 12
internal_value=0.00103834 0.00128591 0.000822111 -0.010951 0.00185319 0.0149625 0.0100426 -0.0243145 -0.0322327 -0.0367699
internal_weight=1233.26 1221.33 1181.27 95.1237 1086.15 40.0591 33.0682 11.926 9.48995 7.47941
internal_count=4298 4213 4071 459 3612 142 122 85 71 58
is_linear=0
shrinkage=0.03


Tree=97
num_leaves=11
num_cat=0
split_feature=29 29 29 26 25 17 0 3 7 13
split_gain=8.21175 8.1283 15.0515 9.10486 8.9055 4.85339 5.68329 3.93632 0.781877 0.0163544
threshold=0.019023997455488426 0.020007434860058581 0.027860468871460441 -0.0056631139355676893 -0.00034703461401847021 0.0052826977078619759 0.00020283717647741776 0.94451588600524838 48390692.443500012 0.012900267168294958
decision_type=2 2 2 2 2 2 2 2 2 2
left_child=7 5 4 -4 -3 6 -2 8 9 -1
right_child=1 2 3 -5 -6 -7 -8 -9 -10 -11
leaf_value=-0.034810971515928976 -0.0002742013054479038 0.0061752540808445236 0.011076513128987733 0.00098467603817034327 -0.015698647225361607 0.037362936265090449 0.025206765406213374 0.013262066147320386 -0.01443307828936447 -0.037556645079677195
leaf_weight=3.8578604161739332 19.999790921807289 21.746279045939445 87.511044412851334 998.45916867256165 72.928682222962379 6.9400748163461676 12.997686810791491 2.1000778973102561 1.8338044285774229 3.9530733004212379
leaf_count=36 74 82 278 3334 377 20 48 12 11 26
internal_value=0.00100781 0.00124804 0.00079777 0.00179791 -0.0106743 0.0145589 0.00976274 -0.0239575 -0.0320618 -0.0362005
internal_weight=1232.33 1220.58 1180.65 1085.97 94.675 39.9376 32.9975 11.7448 9.64474 7.81093
internal_count=4298 4213 4071 3612 459 142 122 85 73 62
is_linear=0
shrinkage=0.03


Tree=98
num_leaves=15
num_cat=0
split_feature=25 9 26 28 26 28 25 29 22 22 6 5 27 18
split_gain=8.15215 19.8694 18.3915 17.8443 40.5926 24.8391 13.8022 12.8108 10.9894 10.9705 6.8049 5.96508 5.85214 5.29775
threshold=-9.5779806604573002e-05 4.7036814134785638 -0.005986589993506884 0.00081739852376540344 0.0020851107079083516 0.00061555334630572403 -8.0925566625928959e-05 0.096938677093608802 267892598.00250003 790253028.64450014 1482731.0000000002 -0.00044844207603076785 -0.010608399269195056 0.0065063442098224032
decision_type=2 2 2 2 2 2 2 2 2 2 2 2 2 2
left_child=1 3 10 5 -5 -1 9 -8 12 -4 13 -10 -3 -2
right_child=2 8 6 4 -6 -7 7 -9 11 -11 -12 -13 -14 -15
leaf_value=0.0082109487670985731 -0.015318259907691034 -0.0013275174247955178 -0.026404399058329465 -0.033561225763859795 0.0069869797959563719 0.037023551079400592 -0.0015525785519883639 0.021049259794890151 -0.01357534633281832 0.012781515978454757 -0.011805904817833847 0.022053511685383709 -0.03699869615722045 0.022632735108984624
leaf_weight=152.12467759847641 3.5687446296215048 5.3999427407979992 32.919162064790726 27.496761053800583 115.79003210365772 32.720685258507729 742.7472366578877 23.277296110987663 9.0316230058670062 7.99078045785427 6.9581757336854926 7.9534775018692008 17.729811429977417 45.740339681506157
leaf_count=512 18 23 131 107 381 87 2656 65 33 24 24 25 79 133
internal_value=0.000978118 0.00471523 -0.000616154 0.00715176 -0.000794228 0.0133113 -0.00177249 -0.000865773 -0.0152152 -0.0187504 0.0159669 0.00310829 -0.0286708 0.019886
internal_weight=1231.45 368.247 863.202 328.132 143.287 184.845 806.934 766.025 40.1149 40.9099 56.2673 16.9851 23.1298 49.3091
internal_count=4298 1247 3051 1087 488 599 2876 2721 160 155 175 58 102 151
is_linear=0
shrinkage=0.03


Tree=99
num_leaves=15
num_cat=0
split_feature=1 14 28 9 10 3 9 10 17 14 28 26 1 29
split_gain=8.11006 9.18541 10.9944 17.0644 9.16684 9.14732 8.93918 11.4752 12.0224 9.64042 8.44701 13.9407 10.3377 0.585162
threshold=0.02055416291253704 0.19973262032084776 -0.00026868591021281138 0.71399472600192337 -0.02250588316722036 0.94451588600524838 1.7749908674607224 0.010263245542119324 -0.0063486580025227052 0.82443395523500074 0.0026201731368251948 0.0020274897638310608 0.047153923805857263 0.038119250825124074
decision_type=2 2 2 2 2 2 2 2 2 2 2 2 2 2
left_child=1 4 5 -4 -1 -3 10 8 -8 -9 11 -2 -12 -6
right_child=6 2 3 -5 13 -7 7 9 -10 -11 12 -13 -14 -15
leaf_value=0.011140075881403668 0.0023505040603492926 0.014994749504266587 -0.039780903370110719 -0.0019182879441064691 -0.040450547174535452 -0.027744597760942694 0.0065705794055201773 0.013680611219102962 -0.007940199304873401 -0.0025565359727736689 -0.0089925447171753711 0.012703920174245029 0.016168471283216114 -0.056049332714715579
leaf_weight=3.2353007718920699 432.53515210002661 31.107451558113098 14.94012041389942 37.86424795538187 4.4484997764229757 5.2705335989594451 65.279001742601395 67.251392751932144 241.46931019425392 64.445653192698956 79.844930082559586 160.47219322621822 18.011663645505905 4.2153708636760712
leaf_count=12 1424 110 76 148 27 25 206 209 966 224 304 496 53 18
internal_value=0.000949686 -0.0071914 -0.00388806 -0.0126309 -0.0319494 0.00880257 0.00167837 -0.00167207 -0.00485217 0.005735 0.00380468 0.00515222 -0.00436136 -0.0480401
internal_weight=1230.39 101.082 89.1824 52.8044 11.8992 36.378 1129.31 438.445 306.748 131.697 690.864 593.007 97.8566 8.66387
internal_count=4298 416 359 224 57 135 3882 1605 1172 433 2277 1920 357 45
is_linear=0
shrinkage=0.03


Tree=100
num_leaves=11
num_cat=0
split_feature=25 28 28 26 1 28 28 20 5 12
split_gain=8.11843 8.72793 19.6752 14.6416 15.1449 14.5058 8.97664 7.2798 3.98241 0.744311
threshold=-0.001013258929688022 0.0026201731368251948 0.0018580126527569119 0.0044939380222537269 0.053083094780289761 0.00081739852376540344 0.0019262941420179437 0.0053499130882810504 0.00059689203890117136 -0.0048919286191233995
decision_type=2 2 2 2 2 2 2 2 2 2
left_child=8 2 5 7 -5 -2 -4 -3 -1 -10
right_child=1 3 6 4 -6 -7 -8 -9 9 -11
leaf_value=0.0031162042036899226 0.0019139089190675779 -0.015197035253018326 0.03945731314799697 -0.0061811124920343073 0.017907773572185409 -0.0078343055105036131 0.010154043525165484 -0.04767298340090699 0.026195260413141665 0.042534052050387315
leaf_weight=6.3038064241409328 732.67504720762372 33.331055834889412 10.174470782279966 104.6015385389328 30.292059361934662 169.08873316645622 124.98770444840193 7.6350975707173339 5.6355029940605172 4.5235122740268681
leaf_count=24 2503 166 27 401 91 605 406 36 25 14
internal_value=0.000921886 0.000637835 0.00168591 -0.00554198 -0.000771649 8.6032e-05 0.0123599 -0.0212498 0.0218475 0.0334704
internal_weight=1229.25 1212.79 1036.93 175.86 134.894 901.764 135.162 40.9662 16.4628 10.159
internal_count=4298 4235 3541 694 492 3108 433 202 63 39
is_linear=0
shrinkage=0.03


Tree=101
num_leaves=12
num_cat=0
split_feature=27 8 15 29 4 20 29 29 6 23 24
split_gain=7.96714 8.18721 8.81475 7.96813 11.038 7.63504 7.30859 8.45435 7.48173 3.7857 1.57124
threshold=0.036259919891268644 0.0064983494277565676 0.0080726413753308014 0.10537295470779141 67.500000000000014 0.016087101943073938 0.083589255151850853 0.051459694206313897 126948.50000000001 1.4345964920249628 0.65683630426441486
decision_type=2 2 2 2 2 2 2 2 2 2 2
left_child=3 2 -2 6 -5 -4 7 -1 -8 -3 -11
right_child=1 9 5 4 -6 -7 8 -9 -10 10 -12
leaf_value=-0.0013423990150520347 -0.039453654041169704 0.00092541831145479361 0.024404682742851725 -0.015694255828760509 0.039729462758811625 -0.0021362442562041224 0.012112126609731707 0.0042137416583853202 -0.015312578042642647 0.041561264385448084 0.023515866911991392
leaf_weight=709.00689283758402 3.8935815319418898 4.3065109103918102 15.539304330945013 4.7422618716955176 10.168514207005499 26.205540269613266 10.990447521209715 377.82186689972878 48.28983898460865 8.5031666606664675 8.8752970993518812
leaf_count=2674 15 14 44 16 26 87 32 1179 163 22 26
internal_value=0.000894901 0.0109283 0.00371692 0.000313098 0.0221024 0.00774348 2.96214e-05 0.000589121 -0.0102281 0.0261055 0.0323454
internal_weight=1228.34 67.3234 45.6384 1161.02 14.9108 41.7448 1146.11 1086.83 59.2803 21.685 17.3785
internal_count=4298 208 146 4090 42 131 4048 3853 195 62 48
is_linear=0
shrinkage=0.03


Tree=102
num_leaves=11
num_cat=0
split_feature=25 13 1 9 26 25 9 5 15 12
split_gain=7.73316 8.88462 8.1989 10.8497 9.13024 6.28516 5.79323 3.87979 1.55617 0.725759
threshold=-0.001013258929688022 0.01036144786005474 0.02055416291253704 0.29969352518855713 -0.0016236436060490334 -0.000152581626249253 1.4309681155656011 0.00059689203890117136 0.0024486255748145101 -0.0048919286191233995
decision_type=2 2 2 2 2 2 2 2 2 2
left_child=7 5 4 -4 -3 6 -2 -1 -7 -9
right_child=1 2 3 -5 -6 8 -8 9 -10 -11
leaf_value=0.002942015315507323 0.026635749236388163 0.0058628451551114577 0.031686307339194364 0.001369804944437839 -0.013760692458949633 -0.036788858276961198 -0.026487115326785729 0.025797298396658386 -0.0066222897052146236 0.042068339581468092
leaf_weight=6.2866145223379162 4.0597937926650074 31.544571451842785 10.729528322815893 1083.3478521257639 65.955286346375942 10.593146275728939 3.3905853033065796 5.5561979711055764 1.8006366118788708 4.4377656728029224
leaf_count=24 14 119 33 3669 281 87 19 25 13 14
internal_value=0.000868712 0.000592692 0.000924241 0.00166712 -0.0074118 -0.0193158 0.00246012 0.0214071 -0.0324061 0.0330224
internal_weight=1227.7 1211.42 1191.58 1094.08 97.4999 19.8442 7.45038 16.2806 12.3938 9.99396
internal_count=4298 4235 4102 3702 400 133 33 63 100 39
is_linear=0
shrinkage=0.03


Tree=103
num_leaves=14
num_cat=0
split_feature=27 8 25 14 22 13 5 4 28 22 23 25 13
split_gain=7.55768 7.79296 7.78895 8.65171 13.3887 8.55219 7.33394 6.41338 4.77159 3.77505 3.6316 3.14402 0.313332
threshold=0.036259919891268644 0.0064983494277565676 -0.001013258929688022 0.91373415856174522 2136951997.4805005 0.01036144786005474 -0.0041027269873221833 252.50000000000003 0.0022436202765050007 90209430.851500019 1.4345964920249628 0.00010794396705370389 0.031162401346307891
decision_type=2 2 2 2 2 2 2 2 2 2 2 2 2
left_child=2 6 9 5 -5 -4 8 -8 -2 -1 -3 -12 -11
right_child=1 10 3 4 -6 -7 7 -9 -10 12 11 -13 -14
leaf_value=0.0038470187627186263 0.023718569853282169 0.00087750774886214517 -0.019738969651828035 -0.011885209736677392 0.029891652515602923 0.0011333357130095339 -0.022801428210857521 0.0085415297140644247 -0.0094666671548295899 0.037179563869532126 0.040534045543890493 0.013085949456893224 0.02555494986858755
leaf_weight=6.729069963097575 16.923482500016693 4.304394960403445 17.976048458367586 88.608493804931641 7.487551435828208 1029.8297561779618 12.453227877616884 11.123976051807402 5.0671458989381781 6.2444234192371351 11.655829906463625 5.5413876473903647 3.134305402636528
leaf_count=23 48 14 122 342 23 3540 46 35 17 25 31 17 15
internal_value=0.000842972 0.0106344 0.000276849 -1.48624e-05 -0.00863007 0.000775253 0.00360992 -0.00801349 0.0160719 0.0209929 0.0255213 0.0316896 0.0332947
internal_weight=1227.08 67.0694 1160.01 1143.9 96.096 1047.81 45.5678 23.5772 21.9906 16.1078 21.5016 17.1972 9.37873
internal_count=4298 208 4090 4027 365 3662 146 81 65 63 62 48 40
is_linear=0
shrinkage=0.03


Tree=104
num_leaves=15
num_cat=0
split_feature=25 9 26 25 25 25 25 1 29 22 1 18 22 20
split_gain=7.4591 18.5375 17.1783 14.3603 24.0141 13.8788 12.9812 13.7381 11.7059 10.3105 8.63427 5.84141 5.70434 5.50252
threshold=-9.5779806604573002e-05 4.7036814134785638 -0.005986589993506884 -0.00022115147749914168 -0.00022945147468294975 -0.000152581626249253 -8.0925566625928959e-05 0.030118015663325125 0.096938677093608802 267892598.00250003 0.064639206935628149 0.0093922826995806643 1097200968.2605002 0.0074239518882796779
decision_type=2 2 2 2 2 2 2 2 2 2 2 2 2 2
left_child=1 3 10 4 -1 -5 7 -4 -8 13 11 -2 -11 -3
right_child=2 9 6 5 -6 -7 8 -9 -10 12 -12 -13 -14 -15
leaf_value=0.0047226617830553614 0.0011550420139436433 -0.020818106487583393 -0.036297382970689643 0.030341527734257714 -0.044989366456525307 0.0068911354347547015 -0.0016006994326369841 -0.0014230549782854106 0.020123790462906216 0.013126594210003655 -0.016588324924687002 0.025480412036782415 -0.026664058820747599 -0.058024432308632905
leaf_weight=223.84924359619617 11.638168662786482 18.508858211338524 19.736589871346951 39.067701950669289 9.1011060625314695 54.262156240642071 740.53127197176218 20.965297520160675 23.016493797302246 12.559614047408106 6.6949621289968482 37.552715212106705 4.3710179328918448 4.4345422387123099
leaf_count=764 44 83 86 108 38 177 2656 69 65 41 23 108 17 19
internal_value=0.000818347 0.00440442 -0.000708222 0.00676416 0.00278047 0.0167074 -0.00182581 -0.0183338 -0.000945833 -0.0149048 0.015375 0.0197252 0.00285376 -0.0280094
internal_weight=1226.29 366.154 860.135 326.28 232.95 93.3299 804.25 40.7019 763.548 39.874 55.8858 49.1909 16.9306 22.9434
internal_count=4298 1247 3051 1087 802 285 2876 155 2721 160 175 152 58 102
is_linear=0
shrinkage=0.03


Tree=105
num_leaves=15
num_cat=0
split_feature=15 14 25 29 9 28 20 8 17 8 13 6 25 18
split_gain=7.40069 13.6994 20.1099 12.919 14.7469 12.4263 10.653 9.63617 9.00647 15.797 10.6272 9.74346 9.4036 9.19878
threshold=0.005199683019286523 0.87595208195001817 5.5846167852156789e-05 0.043807468164590038 0.69012851494237837 1.0000000180025095e-35 0.024975568181818186 -0.0075889757090909929 0.0030462363496112739 0.0078477168784697095 0.01036144786005474 12133.000000000002 0.00027196287688886013 0.013812144615100315
decision_type=2 2 2 2 2 2 2 2 2 2 2 2 2 2
left_child=8 3 6 7 -5 -4 -3 -2 10 11 -1 -10 -12 -11
right_child=1 2 5 4 -6 -7 -8 -9 9 13 12 -13 -14 -15
leaf_value=-0.022540510599005911 -0.025812485389567465 0.0015730334960092785 0.004543375926453804 -0.0072376099026306637 0.018204780213464743 -0.021268631061590781 0.024786527329181601 0.0039965363072062355 -0.023921054461203593 -0.016644330043377616 -0.00075346608479643284 0.00040424862820094478 0.007377668931584625 -0.053910377124278104
leaf_weight=17.152606684714556 12.755235642194746 71.952462770044804 24.413242600858212 24.488284155726433 126.00036220252514 53.726218111813068 23.637248665094376 41.563712939620018 16.911915428936481 22.954082585871223 488.47871249169111 119.79136108607054 173.46393966674805 8.0527364760637266
leaf_count=121 52 248 84 80 364 214 69 146 74 88 1737 400 589 32
internal_value=0.000794484 0.0042816 -0.00191502 0.00953792 0.0140647 -0.0132041 0.00731322 -0.00300325 -0.000764317 -0.00699008 0.000773204 -0.0026051 0.00137732 -0.0263226
internal_weight=1225.34 378.537 173.729 204.808 150.489 78.1395 95.5897 54.3189 846.805 167.71 679.095 136.703 661.943 31.0068
internal_count=4298 1257 615 642 444 298 317 198 3041 594 2447 474 2326 120
is_linear=0
shrinkage=0.03


Tree=106
num_leaves=11
num_cat=0
split_feature=29 29 29 9 27 17 0 3 6 13
split_gain=7.16315 8.02959 13.1173 10.2738 6.53725 4.62771 5.42717 4.02142 0.942385 0.021142
threshold=0.019023997455488426 0.020007434860058581 0.027860468871460441 1.2205827187250875 0.036259919891268644 0.0052826977078619759 0.00020283717647741776 0.94451588600524838 424486.00000000006 0.014762087620041883
decision_type=2 2 2 2 2 2 2 2 2 2
left_child=7 5 3 -3 -4 6 -2 8 9 -1
right_child=1 2 4 -5 -6 -7 -8 -9 -10 -11
leaf_value=-0.03455096617867022 -0.00025179038053560997 -0.032004177692488978 0.00089816610175415235 -0.005693861507746552 0.010910092334560346 0.03661827868756732 0.024686790214425561 0.014988656289581433 -0.011279368544235696 -0.037737593063152684
leaf_weight=3.8609975762665254 19.946733824908733 16.149086236953735 1017.5813010707498 77.269735708832741 62.288012959063053 6.8823420703411093 12.954133011400698 2.0434119850397101 1.6865813061594961 3.640718437731266
leaf_count=38 74 96 3421 363 191 20 48 12 11 24
internal_value=0.000771319 0.000992124 0.000542683 -0.0102421 0.00147566 0.014247 0.00956733 -0.0230765 -0.0315419 -0.0360975
internal_weight=1224.3 1213.07 1173.29 93.4188 1079.87 39.7832 32.9009 11.2317 9.1883 7.50172
internal_count=4298 4213 4071 459 3612 142 122 85 73 62
is_linear=0
shrinkage=0.03


Tree=107
num_leaves=14
num_cat=0
split_feature=25 25 14 28 26 14 28 24 26 25 26 28 3
split_gain=7.13258 26.0317 16.5336 20.0799 35.2348 15.5064 14.5134 14.0111 11.4992 10.0351 9.17492 6.91413 6.40076
threshold=4.7611398767522307e-05 1.6928064650709673e-05 0.87595208195001817 0.00025938202804492218 -0.00072638316237764089 0.23615040564243617 0.00043334196535239439 0.99026613221976512 -0.0039314344374986529 -2.7195643526946862e-05 0.0063194348688338656 0.00014258158887178531 0.080988856374452883
decision_type=2 2 2 2 2 2 2 2 2 2 2 2 2
left_child=1 5 3 4 -2 9 -5 -7 -4 -1 -10 12 -3
right_child=2 11 8 6 -6 7 -8 -9 10 -11 -12 -13 -14
leaf_value=-0.0053166083176423573 0.00023884921429422613 -0.0011934543343318225 0.018525374380940606 0.04151423465876574 -0.026406575588060401 0.0056377253667641257 0.0049617578737180239 -0.011716991490847447 -0.020855503927800296 -0.033122696775487369 0.019905058876345621 -6.5580838187119747e-05 0.034182013224204548
leaf_weight=106.24150565266609 215.56879860907793 5.3141006156802169 8.7272830605506879 10.178483717143534 56.338368393480778 396.8696570135653 247.4762754663825 46.805392846465111 68.363872345536947 13.124135114252566 5.3597511500120154 8.7084449529647809 34.415521509945393
leaf_count=378 741 19 27 29 221 1346 880 177 281 56 17 29 97
internal_value=0.000748517 0.00304009 -0.00154106 0.000404588 -0.005282 0.00122455 0.00640574 0.00380689 -0.0140375 -0.00837386 -0.0178922 0.0241438 0.0294503
internal_weight=1223.49 611.479 612.013 529.562 271.907 563.041 257.655 443.675 82.4509 119.366 73.7236 48.4381 39.7296
internal_count=4298 2102 2196 1871 962 1957 909 1523 325 434 298 145 116
is_linear=0
shrinkage=0.03


Tree=108
num_leaves=13
num_cat=0
split_feature=1 14 14 6 25 9 18 25 4 29 25 13
split_gain=7.06144 9.00246 13.6024 13.7229 8.45267 8.3977 9.42275 8.34966 7.76195 6.75534 5.21714 4.0988
threshold=0.02055416291253704 0.56609447971873894 0.6044465265864658 9507.0000000000018 0.00021089200597581385 0.29969352518855713 0.003699276930086785 0.00010794396705370389 287.50000000000006 0.04110264654322817 -2.7195643526946862e-05 0.011772499784980708
decision_type=2 2 2 2 2 2 2 2 2 2 2 2
left_child=1 4 -3 -4 10 9 11 -8 -6 -2 -1 -7
right_child=5 2 3 -5 8 6 7 -9 -10 -11 -12 -13
leaf_value=-0.017719015114452716 0.051561912004525624 0.039512045089842351 -0.029490730886368739 0.0037255787746138086 -0.018411092190400432 -0.029259888617965399 0.0040032687402020298 -0.001295989083471239 0.027762395090696758 0.0050922977474696391 -0.047463369388292917 -0.0067067019137356017
leaf_weight=12.031727835536001 5.3591849505901319 6.9151662960648528 15.189276844263075 42.55763341486454 8.6030103340744954 11.6218846924603 593.1551780924201 487.55192230641842 5.2923269458115092 5.9317465126514435 9.4958153888583201 19.2900305762887
leaf_count=51 18 20 86 154 37 90 1976 1684 19 19 49 95
internal_value=0.000726324 -0.00690929 -0.000249895 -0.00501137 -0.0190656 0.00140689 0.00114542 0.00161255 -0.000824963 0.0271489 -0.0308393 -0.015186
internal_weight=1222.99 100.085 64.6621 57.7469 35.4229 1122.91 1111.62 1080.71 13.8953 11.2909 21.5275 30.9119
internal_count=4298 416 260 240 156 3882 3845 3660 56 37 100 185
is_linear=0
shrinkage=0.03


Tree=109
num_leaves=14
num_cat=0
split_feature=17 25 9 27 11 19 9 28 13 26 21 11 1
split_gain=7.03906 8.96152 14.5621 12.8681 14.3142 11.8946 10.8364 8.86265 14.4973 9.09789 8.59532 2.6706 0.833092
threshold=-0.0059923998569293103 -0.0003944043076717358 4.7995054795066379 0.0016620430630798295 0.013186544727222941 1.0000000180025095e-35 0.5215962505783337 -0.0037651225293099432 0.042374892929175824 -0.0059666938453235771 161330.00000000003 0.011562207629745263 0.047886533486732365
decision_type=2 2 2 2 2 2 2 2 2 2 2 2 2
left_child=7 2 5 4 -3 -2 -5 8 -1 -9 -11 -4 -10
right_child=1 3 11 6 -6 -7 -8 9 12 10 -12 -13 -14
leaf_value=0.010547884101707695 0.016411804352786157 -0.0029308434763087483 -0.015055476020694215 -0.013594648331216154 -0.018749185114781634 -0.0078700223542950958 0.0032729595916683968 0.036885492258518456 -0.03862080334157008 -0.022638098850453946 0.0072339528202958808 -0.049873874897314034 -0.059701495183141592
leaf_weight=7.9393569231033307 78.266455389559269 351.03109834715724 4.237834431231021 37.140716470777988 60.335197128355503 23.640612795948982 444.77527455240488 8.8842247575521451 3.3441116362810135 9.0919250398874265 186.41338297724724 3.7254916578531265 3.4052257984876633
leaf_count=25 254 1330 18 150 220 93 1518 25 15 37 580 18 15
internal_value=0.000704673 -0.00035927 0.00772578 -0.0013537 -0.00525092 0.0107789 0.00197299 0.00557643 -0.0169318 0.00719401 0.00584476 -0.0313446 -0.0492566
internal_weight=1222.23 1003.15 109.87 893.282 411.366 101.907 481.916 219.078 14.6887 204.39 195.505 7.96333 6.74934
internal_count=4298 3601 383 3218 1550 347 1668 697 55 642 617 36 30
is_linear=0
shrinkage=0.03


Tree=110
num_leaves=12
num_cat=0
split_feature=25 28 28 28 21 5 28 7 21 23 12
split_gain=6.94947 7.76133 18.7486 13.5877 13.5026 14.4583 8.55283 7.69458 4.10626 0.728005 0.0356277
threshold=-0.001013258929688022 0.0026201731368251948 0.0018580126527569119 0.00081739852376540344 385780.50000000006 0.0074392064093784325 0.0019262941420179437 13868671.008500002 259153.50000000003 1.1711535085308085 -0.0048919286191233995
decision_type=2 2 2 2 2 2 2 2 2 2 2
left_child=8 2 3 -2 7 -6 -4 -3 -1 10 -10
right_child=1 4 6 -5 5 -7 -8 -9 9 -11 -12
leaf_value=-0.000842613012531478 0.0016242656717615812 -0.012348651187429702 0.03843194278178113 -0.0078350281534420516 -0.0053338104423420254 0.020450931882909588 0.0097134298093795157 -0.040965846956508699 0.034909680560131121 0.019484877364726007 0.039171337153716831
leaf_weight=5.3705381900072089 728.82559037581086 32.025962706655264 10.092074260115622 168.21292488276958 106.94571648538113 23.956213422119617 124.11094649136066 11.489988125860689 4.1723039895296088 3.1771735697984695 3.0606382936239234
leaf_count=19 2503 165 27 605 402 71 406 56 20 13 11
internal_value=0.000684031 0.000425144 0.00141505 -0.000149544 -0.00542763 -0.000614974 0.0118731 -0.0199048 0.0204633 0.031455 0.036713
internal_weight=1221.44 1205.66 1031.24 897.039 174.418 130.902 134.203 43.516 15.7807 10.4101 7.23294
internal_count=4298 4235 3541 3108 694 473 433 221 63 44 31
is_linear=0
shrinkage=0.03


Tree=111
num_leaves=13
num_cat=0
split_feature=15 14 25 29 22 1 20 8 29 21 25 22
split_gain=6.73257 12.4139 17.721 12.0844 12.0723 11.7174 9.94862 9.07888 8.3231 9.08246 14.9302 9.846
threshold=0.005199683019286523 0.87595208195001817 5.5846167852156789e-05 0.043807468164590038 2306404414.1260004 0.038924982494747427 0.024975568181818186 -0.0075889757090909929 0.10537295470779141 2665804.5000000005 4.7611398767522307e-05 1228111786.4035003
decision_type=2 2 2 2 2 2 2 2 2 2 2 2
left_child=8 3 6 7 -4 -5 -3 -2 9 11 -11 -1
right_child=1 2 4 5 -6 -7 -8 -9 -10 10 -12 -13
leaf_value=-0.00010581979389062143 -0.025331536996209863 0.0012251905335744953 -0.015888150499146377 0.0059952963814840247 0.029470956738415242 0.022920185025439216 0.02376584132964785 0.0036695305385219435 0.025791194135241755 0.001042663559465592 -0.01613824837667123 0.022914388937000228
leaf_weight=633.91264267265797 12.687204562127588 71.685500703752041 71.885462813079357 83.975499778985977 5.6995263546705237 65.553221166133881 23.367119684815407 41.471296355128288 10.44417445361614 96.419584989547729 86.233722396194935 17.174882367253304
leaf_count=2327 52 248 281 257 17 187 69 146 29 322 313 50
internal_value=0.000664039 0.00400121 -0.00191725 0.00901747 -0.012556 0.0134151 0.00676644 -0.00312428 -0.000823621 -0.00115702 -0.00706874 0.000501425
internal_weight=1220.51 376.325 172.638 203.687 77.585 149.529 95.0526 54.1585 844.185 833.741 182.653 651.088
internal_count=4298 1257 615 642 298 444 317 198 3041 3012 635 2377
is_linear=0
shrinkage=0.03


Tree=112
num_leaves=14
num_cat=0
split_feature=17 3 28 18 25 26 5 8 28 3 26 21 18
split_gain=6.67971 8.71551 17.4048 15.6514 11.1169 14.4865 14.3016 8.75339 8.37691 14.2566 8.72071 8.10077 0.893037
threshold=-0.0059923998569293103 0.62305835298209533 0.0018580126527569119 0.0099960255356918003 -0.00034703461401847021 -0.0016236436060490334 0.0020217891808388486 -0.00015112036379219423 -0.0037651225293099432 0.26203346203346228 -0.0059666938453235771 161330.00000000003 0.02092105706110085
decision_type=2 2 2 2 2 2 2 2 2 2 2 2 2
left_child=8 4 7 -4 6 -6 -2 -3 9 -1 -10 -12 -11
right_child=1 2 3 -5 5 -7 -8 -9 10 12 11 -13 -14
leaf_value=0.01295928075811037 0.0038081186885668308 0.010786185270533665 -0.0042138974902083031 0.017441972186310505 0.0081569330093942908 -0.0027714254134824233 0.031564577168065031 -0.0099938635379598281 0.036228687177699337 -0.03704204711986523 -0.022061708962363469 0.0070035993591773676 -0.058220418327045012
leaf_weight=7.3556267619132978 54.268031291663647 19.761427447199821 67.885609328746796 53.871757879853249 151.25973939150572 392.30577768012881 24.138367354869843 237.63085695356131 8.7743553370237333 4.1321733891963959 9.0499420017003995 186.05743380635977 3.1640924513339996
leaf_count=22 191 67 292 167 502 1427 75 880 25 19 37 580 14
internal_value=0.000644736 -0.000392547 -0.00397767 0.00536778 0.00179292 0.000269644 0.0123533 -0.00839846 0.00539662 -0.0165136 0.00697119 0.00565542 -0.0462262
internal_weight=1219.66 1001.12 379.15 121.757 621.972 543.566 78.4064 257.392 218.534 14.6519 203.882 195.107 7.29627
internal_count=4298 3601 1406 459 2195 1929 266 947 697 55 642 617 33
is_linear=0
shrinkage=0.03


Tree=113
num_leaves=14
num_cat=0
split_feature=29 29 9 18 25 28 24 21 22 18 6 22 13
split_gain=6.6383 10.9266 12.4069 12.2843 10.7164 6.63798 6.84845 5.11253 9.04834 7.05509 4.23642 0.0512081 0.010659
threshold=0.019982888506241938 0.020007434860058581 7.871884736073949 0.019497224620291877 -9.5779806604573002e-05 0.00061555334630572403 0.62158334030941054 665995.50000000012 193772788.27900001 0.0066770280704591635 42581.000000000007 177046537.04150003 0.010630669259834387
decision_type=2 2 2 2 2 2 2 2 2 2 2 2 2
left_child=5 7 4 -4 -3 11 -7 9 -9 -2 -8 12 -1
right_child=1 2 3 -5 -6 6 10 8 -10 -11 -12 -13 -14
leaf_value=-0.034248624727816306 0.057966193036397905 0.0056538384729944643 -0.017232343244805066 0.014114940036785871 -0.00077927428195205734 -0.036007609724278695 -0.0022640783181746551 -0.023715653336334002 0.020354075229544601 0.012989108928424401 0.052499467356710232 -0.040800964793736336 -0.036851827390087938
leaf_weight=2.5645978637039679 5.5709849670529348 336.77490209788084 60.863287299871445 13.802567824721335 756.6612364128232 2.8860815763473493 2.9069007337093353 5.708423092961314 15.79532331228256 7.1894544959068298 2.2595413476228714 2.5439542457461357 3.1596860960125923
leaf_count=27 17 1130 252 42 2647 23 20 22 47 24 11 14 22
internal_value=0.000626014 0.000883976 0.000394169 -0.0114376 0.0012021 -0.0183783 0.00100867 0.017582 0.00865525 0.0326253 0.0216867 -0.0372594 -0.0356855
internal_weight=1218.69 1202.37 1168.1 74.6659 1093.44 16.3208 8.05252 34.2642 21.5037 12.7604 5.16644 8.26824 5.72428
internal_count=4298 4181 4071 294 3777 117 54 110 69 41 31 63 49
is_linear=0
shrinkage=0.03


Tree=114
num_leaves=12
num_cat=0
split_feature=25 28 28 28 21 5 17 28 21 23 12
split_gain=6.43424 7.39691 17.4903 12.9115 12.5622 13.2083 9.01109 8.2013 4.03058 0.737004 0.0321296
threshold=-0.001013258929688022 0.0026201731368251948 0.0018580126527569119 0.00081739852376540344 385780.50000000006 0.0074392064093784325 -0.003418971338759192 0.0019262941420179437 259153.50000000003 1.1711535085308085 -0.0048919286191233995
decision_type=2 2 2 2 2 2 2 2 2 2 2
left_child=8 2 3 -2 6 -6 -3 -4 -1 10 -10
right_child=1 4 7 -5 5 -7 -8 -9 9 -11 -12
leaf_value=-0.0011896741685492084 0.0015454803575737839 0.0080533632737891797 0.037559115569298147 -0.0076852599147513578 -0.0052390248183415387 0.019475663504471493 -0.026263582427048002 0.0093332742895606818 0.034675076768267935 0.018865127311043169 0.038792999858284896
leaf_weight=5.3551629930734626 727.51907423138618 8.6045977771282178 10.014829933643339 167.84102259576321 106.67911930382252 23.804252564907074 34.490596231073141 123.69175703078508 4.0173045247793189 3.1103739142417908 2.9629856795072547
leaf_count=19 2503 34 27 605 402 71 187 406 20 13 11
internal_value=0.000607319 0.000360223 0.0013265 -0.000184881 -0.00536841 -0.000730292 -0.0194117 0.0114474 0.0198468 0.0310109 0.036423
internal_weight=1218.09 1202.65 1029.07 895.36 173.579 130.483 43.0952 133.707 15.4458 10.0907 6.98029
internal_count=4298 4235 3541 3108 694 473 221 433 63 44 31
is_linear=0
shrinkage=0.03


Tree=115
num_leaves=14
num_cat=0
split_feature=15 26 22 14 17 8 13 6 25 18 25 4 22
split_gain=6.38485 12.325 11.4119 12.0817 8.42418 14.5863 9.49132 9.16547 9.08326 8.34237 6.30519 6.12767 3.1102
threshold=0.005199683019286523 -0.0056631139355676893 2136951997.4805005 0.87353243952521442 0.0030462363496112739 0.0078477168784697095 0.01036144786005474 12133.000000000002 0.00027196287688886013 0.013812144615100315 -0.00024191820897113229 322.50000000000006 189200845.98200002
decision_type=2 2 2 2 2 2 2 2 2 2 2 2 2
left_child=4 12 3 -3 6 7 10 -6 -8 -7 -1 -4 -2
right_child=1 2 11 -5 5 9 8 -9 -10 -11 -12 -13 -14
leaf_value=0.0022920401788852659 0.010768658369579206 0.0066712362589431756 0.030068556377339153 -0.0047687943022926898 -0.023470494742052539 -0.016234084718501629 -0.00090487203219862618 0.00024601459066165605 0.0071035491285426069 -0.051725112256262355 -0.036052139868883407 -0.0017117020676772508 0.040939048332045175
leaf_weight=6.1383079439401653 4.5166894495487204 174.92306686937809 19.930036902427677 158.24732628464699 16.721338056027889 22.802506469190124 486.17764481902122 119.28095562756062 172.75806432962418 8.0702675729989988 10.396811518818138 7.5209611952304831 9.6353410482406598
leaf_count=28 16 560 56 574 74 88 1737 400 589 32 93 25 26
internal_value=0.000589573 0.00384712 0.00276938 0.00123752 -0.000859763 -0.00689574 0.000631424 -0.00266991 0.00119476 -0.0255116 -0.0218177 0.0213615 0.03131
internal_weight=1217.12 374.773 360.621 333.17 842.346 166.875 675.471 136.002 658.936 30.8728 16.5351 27.451 14.152
internal_count=4298 1257 1215 1134 3041 594 2447 474 2326 120 121 81 42
is_linear=0
shrinkage=0.03


Tree=116
num_leaves=14
num_cat=0
split_feature=1 5 20 9 24 10 25 24 11 3 4 0 11
split_gain=6.6611 8.76029 12.4849 7.99353 8.32326 16.3608 10.5624 7.9751 6.30345 6.25191 11.3544 6.39402 2.60218
threshold=0.02055416291253704 -0.003496535517876462 -0.0075093131719243264 0.29969352518855713 1.3622191759801467 0.00074502140186214849 4.7611398767522307e-05 0.72898005663465426 0.0077616377837570411 0.33015151515151547 157.50000000000003 -1.0000000180025095e-35 0.0086451966177356499
decision_type=2 2 2 2 2 2 2 2 2 2 2 2 2
left_child=1 9 12 8 6 -6 -5 -4 -2 10 -1 -11 -3
right_child=3 2 7 4 5 -7 -8 -9 -10 11 -12 -13 -14
leaf_value=-0.029939207686730411 0.048782851664074395 -0.027940844831580609 -0.016905464109380288 0.0043672807638061367 -0.043562839416705378 0.0025074929984961612 -0.0015770635801193307 0.0058347280156288732 0.003997824640484632 0.052319756885456599 0.015340265618352405 0.0053259860839197821 -0.056763096285398579
leaf_weight=8.5138144344091469 5.6398505941033346 5.8993399478495103 32.454792402684689 540.64158122241497 11.075223684310915 18.569352827966213 535.49025742337108 24.251908969134092 5.6742258444428444 4.4530611634254456 12.023083947598932 6.2814371436834318 5.3995219320058823
leaf_count=39 17 33 144 1834 50 67 1894 95 20 13 43 25 24
internal_value=0.000572221 -0.00687479 -0.0129179 0.00123404 0.000977346 -0.0147044 0.00140934 -0.0071801 0.0263223 0.00626702 -0.00343088 0.0248207 -0.0417145
internal_weight=1216.37 99.277 68.0056 1117.09 1105.78 29.6446 1076.13 56.7067 11.3141 31.2714 20.5369 10.7345 11.2989
internal_count=4298 416 296 3882 3845 117 3728 239 37 120 82 38 57
is_linear=0
shrinkage=0.03


Tree=117
num_leaves=15
num_cat=0
split_feature=1 17 5 1 9 25 28 9 10 17 5 27 15 27
split_gain=6.28163 8.72989 11.7753 9.50826 7.53672 11.1543 17.6962 11.4488 9.51135 10.2871 9.9666 7.41172 11.3799 5.21718
threshold=0.02055416291253704 -0.0018372266436798323 -0.003496535517876462 0.020280319235881208 1.7749908674607224 -9.5779806604573002e-05 0.00081739852376540344 0.29969352518855713 0.010263245542119324 -0.0063486580025227052 0.013648350801802019 0.00090899698204972943 0.00024765298153062095 0.017578531612507147
decision_type=2 2 2 2 2 2 2 2 2 2 2 2 2 2
left_child=1 11 13 -4 5 6 -2 -7 9 -6 -10 -1 -13 -3
right_child=4 2 3 -5 8 7 -8 -9 10 -11 -12 12 -14 -15
leaf_value=-0.042206469913578931 0.016841640262893282 0.029094354386288771 -0.0040759659536362298 -0.047972897323771906 0.0057933328488981089 0.035281652233256341 -0.00092902036115732499 3.2047994509859372e-05 0.0072167697249517875 -0.007678473724185942 -0.024910234249892294 0.010943702700570126 -0.029749322252827476 -0.0023507249330592729
leaf_weight=9.0897194221615774 114.60840015858412 13.746061749756338 39.117381151765585 5.0096869617700568 64.865784242749214 8.4415350556373578 90.066815465688705 470.17950054630637 120.4804654493928 238.88144322484732 9.3661942183971387 11.714105859398844 13.10368015617132 7.2549713402986518
leaf_count=46 362 49 168 26 206 27 302 1586 397 966 36 41 59 27
internal_value=0.000555101 -0.00668615 -0.000259365 -0.00905953 0.00119719 0.0031603 0.00902171 0.000653752 -0.00189645 -0.00480154 0.00489936 -0.0190304 -0.010542 0.0182314
internal_weight=1215.93 99.0356 65.1281 44.1271 1116.89 683.296 204.675 478.621 433.594 303.747 129.847 33.9075 24.8178 21.001
internal_count=4298 416 270 194 3882 2277 664 1613 1605 1172 433 146 100 76
is_linear=0
shrinkage=0.03


Tree=118
num_leaves=11
num_cat=0
split_feature=29 29 29 9 26 17 22 12 7 22
split_gain=6.20417 7.27441 11.5376 9.83727 7.46778 4.21412 4.76185 3.21637 0.820145 0.0228032
threshold=0.019023997455488426 0.020007434860058581 0.027860468871460441 1.2205827187250875 -0.0056631139355676893 0.0052826977078619759 164179948.44800004 -0.0085668344754681203 80704358.597500011 79830965.914000019
decision_type=2 2 2 2 2 2 2 2 2 2
left_child=7 5 3 -3 -4 6 -2 -1 9 -9
right_child=1 2 4 -5 -6 -7 -8 8 -10 -11
leaf_value=0.0089554033154077943 -0.0034757838778280976 -0.03148242568405666 0.009657428783911912 -0.0054289217088514538 0.00044677583023159084 0.035013038392927853 0.019484237897009975 -0.03451327850290814 -0.012152956690068561 -0.038344262974171095
leaf_weight=2.324838161468505 15.010697700083254 15.726321525871752 86.141154780983925 76.449612379074097 986.49254865944386 6.7368636131286612 17.734634131193161 4.6687519736587983 1.6704787239432333 1.9962610974907873
leaf_count=14 69 96 278 363 3334 20 53 47 11 13
internal_value=0.000538779 0.000740478 0.000311211 -0.00987396 0.00118647 0.0134048 0.0089592 -0.022247 -0.0309496 -0.0356607
internal_weight=1214.95 1204.29 1164.81 92.1759 1072.63 39.4822 32.7453 10.6603 8.33549 6.66501
internal_count=4298 4213 4071 459 3612 142 122 85 71 60
is_linear=0
shrinkage=0.03


Tree=119
num_leaves=12
num_cat=0
split_feature=25 28 28 26 1 28 24 22 21 9 29
split_gain=6.19707 6.7886 16.6666 12.1246 13.0359 11.8733 7.98443 7.3799 3.83686 0.863409 0.035721
threshold=-0.001013258929688022 0.0026201731368251948 0.0018580126527569119 0.0044939380222537269 0.021769610507625169 0.00081739852376540344 0.64642184461170105 138577727.48350003 259153.50000000003 1.6564846130652537 0.056201749382250719
decision_type=2 2 2 2 2 2 2 2 2 2 2
left_child=8 2 5 7 -5 -2 -4 -3 -1 10 -10
right_child=1 3 6 4 -6 -7 -8 -9 9 -11 -12
leaf_value=-0.00090060661413379718 0.0013929742502335784 -0.0072719561871309076 0.0028756870478698136 -0.028025481695155136 0.0023656419617048259 -0.0074704932240157338 0.017662709638408543 -0.033170510208425222 0.03832022487476993 0.017088517063042021 0.033943246628778442
leaf_weight=5.3425313681364051 725.592713650316 20.502352397888899 59.029624104499817 14.222325034439562 118.86894799768925 167.40264388918877 74.142957098782063 19.153277069330215 4.008017882704733 2.9476590901613235 2.8867246061563492
leaf_count=19 2503 115 202 73 419 605 231 87 15 13 16
internal_value=0.000522855 0.000281643 0.00120786 -0.00522037 -0.000881997 -0.000268589 0.0111083 -0.0197807 0.0195676 0.0306779 0.0364877
internal_weight=1214.1 1198.91 1026.17 172.747 133.091 892.995 133.173 39.6556 15.1849 9.8424 6.89474
internal_count=4298 4235 3541 694 492 3108 433 202 63 44 31
is_linear=0
shrinkage=0.03


Tree=120
num_leaves=14
num_cat=0
split_feature=6 24 24 29 21 25 28 25 24 6 3 29 22
split_gain=6.14281 10.4214 7.59294 7.53237 6.70191 6.48454 6.65691 5.3003 4.82847 3.97926 3.66798 1.90259 0.0222835
threshold=5045.5000000000009 0.90902525603573425 0.76882179125892558 0.019023997455488426 40509.500000000007 -0.001013258929688022 0.0026201731368251948 0.00041867637370380899 0.82268595098351349 854507.00000000012 0.43886531314139815 0.0287467040719732 155902873.95300004
decision_type=2 2 2 2 2 2 2 2 2 2 2 2 2
left_child=1 2 4 9 -1 10 -7 11 -4 12 -5 -3 -2
right_child=3 7 8 5 -6 6 -8 -9 -10 -11 -12 -13 -14
leaf_value=0.013868132531540903 -0.034845395849705703 -0.013560296041153266 0.043226995688424974 -8.1144216943504903e-05 -0.016447453660313083 0.0019007952104514055 -0.00463685742681102 0.0055238369129757018 0.0004945503210998988 0.012875317145220458 0.032561997848348158 -0.044310167853953676 -0.038611690672558228
leaf_weight=9.0282883346080762 5.5113860294222814 2.2024050913751116 4.8440148383378965 4.6676903218030921 24.036146998405457 968.15646025538445 163.90668933838606 3.0123961940407744 4.6779961884021759 1.897597976028919 9.2125684618949872 10.188107393682001 1.9016570895910261
leaf_count=34 53 15 16 21 121 3251 637 13 24 11 38 52 12
internal_value=0.000507509 -0.00902035 -0.00137185 0.000985771 -0.00816974 0.00120412 0.000954236 -0.0301672 0.0222333 -0.0258887 0.0215847 -0.0388444 -0.0358116
internal_weight=1213.24 57.9894 42.5864 1155.25 33.0644 1145.94 1132.06 15.4029 9.52201 9.31064 13.8803 12.3905 7.41304
internal_count=4298 275 195 4023 155 3947 3888 80 40 76 59 67 65
is_linear=0
shrinkage=0.03


Tree=121
num_leaves=14
num_cat=0
split_feature=17 3 28 18 8 28 28 3 26 26 22 26 18
split_gain=5.99778 8.27233 15.91 14.4787 10.5812 8.32349 8.19872 13.4928 8.44338 8.16014 7.41001 7.03533 0.81775
threshold=-0.0059923998569293103 0.62305835298209533 0.0018580126527569119 0.010047684772070806 0.0035758825230124717 0.00096935395247876009 -0.0037651225293099432 0.26203346203346228 -0.0061453168514149486 -0.0056631139355676893 4673053352.8335009 0.0023612084470874058 0.02092105706110085
decision_type=2 2 2 2 2 2 2 2 2 2 2 2 2
left_child=6 4 9 -4 10 -6 7 -1 -8 -3 -2 -10 -9
right_child=1 2 3 -5 5 -7 8 12 11 -11 -12 -13 -14
leaf_value=0.012048121140146315 0.00090021612867823713 0.0079462492279976597 -0.0041582842179841645 0.016832406048746213 0.024450007277439973 -0.0017395397498386484 0.042469859442341627 -0.036798339315208803 0.0017849171004380585 -0.009998602899778412 -0.029024312061468951 0.014114588006608407 -0.057073240650809237
leaf_weight=7.3317698538303357 563.26373887062073 25.306503139436245 67.769576087594032 52.474262267351151 30.915838986635208 16.887730814516544 5.7301061004400244 4.1294621080160141 137.21234785765409 230.87037000060081 7.5472266077995291 59.804508671164513 3.1607779860496521
leaf_count=22 2007 88 294 165 95 63 16 19 444 859 30 182 14
internal_value=0.000492461 -0.000493756 -0.00400038 0.00500203 0.00163999 0.0151979 0.005007 -0.0166885 0.00657167 -0.00822592 0.000504556 0.00552759 -0.0455888
internal_weight=1212.4 995.035 376.421 120.244 618.615 47.8036 217.369 14.622 202.747 256.177 570.811 197.017 7.29024
internal_count=4298 3601 1406 459 2195 158 697 55 642 947 2037 626 33
is_linear=0
shrinkage=0.03


Tree=122
num_leaves=11
num_cat=0
split_feature=15 26 22 14 29 21 25 22 4 3
split_gain=5.98144 11.5467 10.859 11.4811 7.99537 8.77828 13.5531 9.05023 5.76491 3.61395
threshold=0.005199683019286523 -0.0056631139355676893 2136951997.4805005 0.91060194965718932 0.10537295470779141 2665804.5000000005 4.7611398767522307e-05 1228111786.4035003 107.50000000000001 0.36964488264549333
decision_type=2 2 2 2 2 2 2 2 2 2
left_child=4 9 3 -3 5 7 -7 -1 -4 -2
right_child=1 2 8 -5 -6 6 -8 -9 -10 -11
leaf_value=-0.00020113506244387959 0.007491914863791943 0.0051586357147802861 0.037321852380682828 -0.0065767151863392959 0.025266587793938436 0.00067403141251917427 -0.015742121840357826 0.022001955902773089 0.0092653409644039876 0.040594935231612235
leaf_weight=629.86471091210842 4.2848133891820899 217.18179258704185 11.204426720738413 114.63094361871481 10.358067929744719 95.785463348031044 85.811946004629135 16.967567607760429 16.008746013045311 9.6594885438680631
leaf_count=2327 15 711 30 423 29 322 313 50 51 27
internal_value=0.000478013 0.00363887 0.0025986 0.00110444 -0.000927475 -0.00125499 -0.00708325 0.000381292 0.020817 0.030423
internal_weight=1211.76 372.97 359.026 331.813 838.788 828.43 181.597 646.832 27.2132 13.9443
internal_count=4298 1257 1215 1134 3041 3012 635 2377 81 42
is_linear=0
shrinkage=0.03


Tree=123
num_leaves=15
num_cat=0
split_feature=1 14 14 6 26 22 27 0 9 24 28 1 0 18
split_gain=5.8094 9.66124 12.812 10.8368 7.29615 7.02742 8.52056 7.66262 6.63817 13.8273 8.81687 5.04704 4.67147 4.64316
threshold=0.020474667162901666 0.56609447971873894 0.59493542773920949 34121.000000000007 -0.0016236436060490334 21941153.726500001 -0.0034101803124361222 -0.00056862491212696629 1.7749908674607224 1.240929743808874 -0.0029802503238477974 0.020187550231778834 0.0016260415947384093 0.006545496994619429
decision_type=2 2 2 2 2 2 2 2 2 2 2 2 2 2
left_child=1 4 -3 -4 11 6 7 -2 10 -10 -7 -1 -8 -6
right_child=5 2 3 -5 13 8 12 -9 9 -11 -12 -13 -14 -15
leaf_value=-0.017834101753669302 0.029057714779003291 0.041971218514679547 -0.017481178689437743 0.0089163963586810814 -0.014081130458395045 -0.010704597116828994 -0.035576890924748944 -0.017366101368939645 -0.00054737968299480109 -0.033062172414988857 0.0041787491985431687 0.020172940932497059 0.00021618753963933233 -0.044417307342879839
leaf_weight=8.0503328815102559 6.2957826554775238 5.9757396429777137 27.905271824449301 28.080986589193344 7.6553062610328224 37.990519359707832 13.237678617239 6.507368706166746 409.04094597697258 12.119933940470217 627.72142711281776 5.1600330248475066 4.363410208374261 11.161202698945997
leaf_count=34 26 16 142 95 43 133 88 40 1482 53 2057 17 20 52
internal_value=0.00046404 -0.0066992 0.00021583 -0.00424097 -0.0200776 0.00106663 -0.0131586 0.0054622 0.00146457 -0.00148307 0.00332939 -0.00298837 -0.0267036 -0.0320753
internal_weight=1211.27 93.9889 61.962 55.9863 32.0269 1117.28 30.4042 12.8032 1086.87 421.161 665.712 13.2104 17.6011 18.8165
internal_count=4298 399 253 237 146 3899 174 66 3725 1535 2190 51 108 95
is_linear=0
shrinkage=0.03


Tree=124
num_leaves=15
num_cat=0
split_feature=17 14 17 27 7 25 22 7 23 24 22 29 12 29
split_gain=5.73893 8.0274 12.1692 12.0932 8.41761 8.18616 7.5783 19.7266 16.6407 8.44428 6.46028 9.3572 6.11354 6.04132
threshold=-0.0059923998569293103 0.21514844804318192 0.0035562314539109839 -0.019882524442815696 615098.89600000018 4.7611398767522307e-05 340025491.87950009 204372414.70550001 1.6625192952589789 0.78379949765659029 97538585.308000013 0.029275493146346577 -1.0000000180025095e-35 0.051459694206313897
decision_type=2 2 2 2 2 2 2 2 2 2 2 2 2 2
left_child=6 2 3 -2 12 -6 10 8 -8 -9 13 -12 -3 -1
right_child=1 4 -4 -5 5 -7 7 9 -10 -11 11 -13 -14 -15
leaf_value=-0.0064085966815159608 0.0074027729027525586 -0.028077137776441278 -0.042774272144033947 -0.011546084257524673 0.0039598116399604706 -0.0019950143674597192 -0.036581767257601983 0.015483036440011564 0.0060610938813002203 -0.014690276721108168 -0.025367805631295679 0.016988275692468469 0.010285960532477618 0.017551623962809786
leaf_weight=32.961741730570793 46.469285510480404 15.132712781429293 8.1239861994981748 87.181263823062181 425.03819768875837 406.45998768880963 20.737798437476158 42.429426968097687 13.661993280053137 10.392081618309019 4.992889627814292 78.454275414347649 4.9652834534645072 13.289383769035338
leaf_count=121 154 97 32 360 1457 1475 79 125 43 38 20 231 26 40
internal_value=0.000450206 -0.000515146 -0.00712468 -0.00495771 0.000585215 0.00104892 0.00487098 -0.00196678 -0.019646 0.00954675 0.00946933 0.014454 -0.0185994 0.000475918
internal_weight=1210.29 993.371 141.775 133.651 851.596 831.498 216.92 87.2213 34.3998 52.8215 129.698 83.4472 20.098 46.2511
internal_count=4298 3601 546 514 3055 2932 697 285 122 163 412 251 123 161
is_linear=0
shrinkage=0.03


Tree=125
num_leaves=11
num_cat=0
split_feature=25 28 28 21 21 29 17 9 5 12
split_gain=5.63742 6.3132 15.6642 11.5689 12.5994 9.07775 8.49085 7.75351 3.91703 0.660705
threshold=-0.001013258929688022 0.0026201731368251948 0.0022910893757430175 385780.50000000006 2403325.0000000005 0.0251979781652386 -0.003418971338759192 1.9674561842729414 0.00059689203890117136 -0.0048919286191233995
decision_type=2 2 2 2 2 2 2 2 2 2
left_child=8 2 7 6 -5 -4 -3 -2 -1 -10
right_child=1 3 5 4 -6 -7 -8 -9 9 -11
leaf_value=-0.00016907762218579053 0.002083943883971024 0.0079066476835111827 -0.02797016936310584 0.0058188149718796222 -0.014154357714676108 0.019834508803835665 -0.025524848575710961 -0.0036423266916876308 0.024005268522758628 0.040440743552328753
leaf_weight=5.8612305074930182 650.7001688927412 8.5782510638236982 3.8388298153877249 87.546566978096962 42.09128225594759 52.024851940572262 33.688632424920797 316.23869106173515 4.8777963370084754 4.0118742287158957
leaf_count=24 2199 34 22 313 160 158 187 1162 25 14
internal_value=0.000437062 0.000209476 0.00110353 -0.00510998 -0.000666146 0.0165495 -0.0187398 0.000211159 0.0188697 0.0314225
internal_weight=1209.46 1194.71 1022.8 171.905 129.638 55.8637 42.2669 966.939 14.7509 8.88967
internal_count=4298 4235 3541 694 473 180 221 3361 63 39
is_linear=0
shrinkage=0.03


Tree=126
num_leaves=12
num_cat=0
split_feature=27 17 29 20 9 8 15 12 9 6 28
split_gain=5.58465 9.50325 8.22353 8.00901 7.1862 6.75705 7.00637 6.29936 4.10816 3.70654 1.73784
threshold=0.036259919891268644 0.020960223430553353 0.10537295470779141 -0.0068392118460909581 9.6968314735704411 0.0064983494277565676 0.0086346989261596053 -0.013793630712760118 1.0046509883724175 386330.00000000006 0.0016421998420975185
decision_type=2 2 2 2 2 2 2 2 2 2 2
left_child=1 2 4 -4 -1 6 -2 -8 -7 -3 -10
right_child=5 9 3 -5 -6 8 7 -9 10 -11 -12
leaf_value=0.0005044491285572134 -0.032882310235083256 -0.048626135501541358 0.041995664013744431 -0.005487331180101437 -0.0096147048658302616 -0.0021318354678156364 -0.026882049975176854 0.010661981074520533 0.021786558432259837 -0.0093712409873827496 0.04174586072874794
leaf_weight=1053.983751937747 4.5465558171272269 4.8700386583805066 8.2079196423292142 5.2367546260356894 67.187955815345049 4.4998424202203777 4.5352438241243354 35.551032185554504 9.2010485678911227 3.8972188383340836 6.848295345902442
leaf_count=3752 17 20 21 17 267 15 16 113 28 13 19
internal_value=0.00042422 -6.26936e-05 0.000177725 0.0235008 -0.000101957 0.00896537 0.00241138 0.00641436 0.0232006 -0.0311766 0.0303032
internal_weight=1208.57 1143.38 1134.62 13.4447 1121.17 65.182 44.6328 40.0863 20.5492 8.76726 16.0493
internal_count=4298 4090 4057 38 4019 208 146 129 62 33 47
is_linear=0
shrinkage=0.03


Tree=127
num_leaves=12
num_cat=0
split_feature=1 14 14 6 3 13 9 18 24 29 3
split_gain=5.43865 9.13096 11.4457 12.2436 7.94926 7.50028 7.01858 7.71798 7.28754 5.95459 3.95771
threshold=0.020474667162901666 0.56609447971873894 0.6044465265864658 9507.0000000000018 0.0022173058013745793 0.035523631126419174 0.29969352518855713 0.003699276930086785 1.3622191759801467 0.04110264654322817 0.95777842312051031
decision_type=2 2 2 2 2 2 2 2 2 2 2
left_child=1 4 -3 -4 -1 -6 9 10 -9 -2 -8
right_child=6 2 3 -5 5 -7 7 8 -10 -11 -12
leaf_value=0.01263483655931987 0.047146661761236726 0.036631399300677596 -0.028209625392192524 0.0040546633978227106 -0.035090803229908901 0.0038309054193046577 -0.0095443061499694195 0.0015822363515207421 -0.013747477559013338 0.0035127000513802695 -0.039442439960761563
leaf_weight=5.6564746648073223 5.4341791793704015 6.8904891684651366 14.340594157576559 40.424350783228874 20.408867307007316 5.7005148380994788 25.193352282047275 1044.8632650598884 28.675662808120251 5.83952496945858 4.7333801388740531
leaf_count=22 18 20 85 148 105 19 154 3564 112 19 32
internal_value=0.000411771 -0.00654117 0.000190942 -0.00439397 -0.0196077 -0.0265929 0.000994465 0.000753855 0.00117276 0.0245453 -0.0142732
internal_weight=1208.16 93.4213 61.6554 54.7649 31.7659 26.1094 1114.74 1103.47 1073.54 11.2737 29.9267
internal_count=4298 399 253 233 146 124 3899 3862 3676 37 186
is_linear=0
shrinkage=0.03


Tree=128
num_leaves=14
num_cat=0
split_feature=15 26 9 0 25 17 4 24 25 25 25 0 3
split_gain=5.43039 11.0713 10.1732 9.59977 7.83483 7.78467 10.4762 9.70851 9.19902 22.2797 13.4716 8.70362 3.48396
threshold=0.005199683019286523 -0.0056631139355676893 0.81051298587370224 4.4883000088424606e-05 0.00024343261796038506 0.0030462363496112739 217.50000000000003 0.90902525603573425 0.00027196287688886013 0.00032396344519692124 4.7611398767522307e-05 0.0011692110081016939 0.36964488264549333
decision_type=2 2 2 2 2 2 2 2 2 2 2 2 2
left_child=5 12 3 -3 -4 8 11 -8 10 -10 -1 -7 -2
right_child=1 2 4 -5 -6 6 7 -9 9 -11 -12 -13 -14
leaf_value=0.001797831602468011 0.0072880413917621447 -0.017915797770085291 0.0077835779749115793 0.0029758563819667059 -0.0043483810031009242 -0.020389444280457251 -0.0042267983791208427 0.021981577757923629 0.03667303166444616 0.0026219060295684291 -0.0088059969651552179 0.0022299118723953801 0.03990686441737145
leaf_weight=338.4401133172214 4.269653618335723 38.160098500549793 216.77538600564003 41.131665147840977 61.500004813075066 59.453058317303658 70.070253722369671 15.542453482747076 19.477648589760065 154.23811096325517 158.24762359261513 20.620362251996994 9.513111546635626
leaf_count=1209 15 142 711 143 219 232 241 48 59 550 629 73 27
internal_value=0.000399379 0.00341821 0.00240122 -0.0070785 0.00510237 -0.000941437 -0.00676435 0.000531169 0.000497659 0.00643984 -0.00158061 -0.0145645 0.0298021
internal_weight=1207.44 371.35 357.567 79.2918 278.275 836.09 165.686 85.6127 670.403 173.716 496.688 80.0734 13.7828
internal_count=4298 1257 1215 285 930 3041 594 289 2447 609 1838 305 42
is_linear=0
shrinkage=0.03


Tree=129
num_leaves=11
num_cat=0
split_feature=25 28 28 28 26 29 28 13 5 14
split_gain=5.37598 5.94749 15.0669 11.3754 10.9597 11.5074 7.86206 7.4663 3.8304 0.655678
threshold=-0.001013258929688022 0.0026201731368251948 0.0018580126527569119 0.00081739852376540344 0.0044939380222537269 0.042720607977344137 0.0019262941420179437 0.026192437127759535 0.00059689203890117136 0.7952727159763594
decision_type=2 2 2 2 2 2 2 2 2 2
left_child=8 2 3 -2 7 -6 -4 -3 -1 -10
right_child=1 4 6 -5 5 -7 -8 -9 9 -11
leaf_value=-0.0002753363821286782 0.0012593244230265021 -0.0065373455725396927 0.036240459495907484 -0.0074367535833772822 -0.014247532870442168 0.0049695723425267858 0.0084092489191077858 -0.032835549593752837 0.022706837950060735 0.039158156008253758
leaf_weight=5.8557332307100287 722.43137560784817 20.521259088069201 9.8734734654426557 166.60302782431245 40.341950833797455 91.99675141274929 122.15903531014919 18.453190214931965 4.2783812582492811 4.4463612288236618
leaf_count=24 2503 121 27 605 205 287 406 81 21 18
internal_value=0.000387633 0.000166231 0.00103409 -0.000370301 -0.00500641 -0.000888544 0.0104905 -0.0189887 0.0184937 0.0310909
internal_weight=1206.96 1192.38 1021.07 889.034 171.313 132.339 132.033 38.9744 14.5805 8.72474
internal_count=4298 4235 3541 3108 694 492 433 202 63 39
is_linear=0
shrinkage=0.03


Tree=130
num_leaves=15
num_cat=0
split_feature=17 9 7 24 3 28 8 28 3 28 1 12 8 18
split_gain=5.31971 7.95365 11.4417 15.5496 9.25911 16.3471 13.0975 7.44051 12.8721 7.39705 13.0396 7.30954 4.19813 0.748464
threshold=-0.0059923998569293103 9.6968314735704411 43105859.035500012 0.60091001690229817 0.62305835298209533 0.0018083551394848425 0.0035758825230124717 -0.0037651225293099432 0.26203346203346228 -0.00031358388307610728 0.02188180174878784 -0.013793630712760118 -0.0014600970212348251 0.02092105706110085
decision_type=2 2 2 2 2 2 2 2 2 2 2 2 2 2
left_child=7 4 12 -4 6 -6 -2 8 -1 11 -11 -9 -3 -10
right_child=1 2 3 -5 5 -7 -8 9 13 10 -12 -13 -14 -15
leaf_value=0.011872114912716175 0.0011540698718027014 -0.01359044792007935 -0.018257464898415267 0.019538945055492727 -0.00819774011239904 0.0057817786496158329 0.018045772227233754 0.019182665556627124 -0.036094988444549288 -0.031043009376602145 0.0042946212657581266 0.0011732748162503722 -0.039690094661872614 -0.055609132619545198
leaf_weight=7.3310558944940549 536.43561666086316 10.003875762224199 21.77206201851368 17.809635005891323 236.09658106416464 110.52699118852615 44.759908378124237 56.103048205375671 4.0489924401044846 10.337174043059347 103.43269550800323 31.768441900610924 12.448927745223044 3.1413595974445343
leaf_count=22 1904 47 86 59 874 425 146 168 19 42 323 109 60 14
internal_value=0.000376283 -0.000554811 -0.0109548 -0.00125111 0.00014054 -0.00374013 0.00245496 0.00463995 -0.0161005 0.00613359 0.00108383 0.0126717 -0.0280614 -0.0446204
internal_weight=1206.02 989.854 62.0345 39.5817 927.819 346.624 581.196 216.163 14.5214 201.641 113.77 87.8715 22.4528 7.19035
internal_count=4298 3601 252 145 3349 1299 2050 697 55 642 365 277 107 33
is_linear=0
shrinkage=0.03


Tree=131
num_leaves=14
num_cat=0
split_feature=14 17 10 17 1 25 25 14 28 15 22 10 8
split_gain=5.30963 14.8271 12.2311 10.5118 9.74532 9.09601 15.0053 14.4633 15.624 11.3767 10.8707 7.42576 5.33942
threshold=0.23615040564243617 0.0035562314539109839 -0.032719430663280535 0.0018030274140733067 0.030367255103808572 4.7611398767522307e-05 1.6928064650709673e-05 0.87595208195001817 0.00025938202804492218 -0.0024981425971892452 2306404414.1260004 0.014769944432810234 -0.0019336942748528019
decision_type=2 2 2 2 2 2 2 2 2 2 2 2 2
left_child=1 2 4 -4 -1 6 9 8 -7 -2 -9 -8 -3
right_child=5 12 3 -5 -6 7 11 10 -10 -11 -12 -13 -14
leaf_value=0.025774559247761585 0.01410280601224112 -0.022353645751334531 -0.006953508659917707 0.025134435446269195 0.0010200445100047066 -0.0056721289327172925 0.010828291256188085 -0.016144098541513451 0.0065615069004113036 0.00081406164724821025 0.026788974609894409 0.039326715981424946 -0.066067647271201568
leaf_weight=22.076531246304512 68.831589058041573 7.5625636875629425 193.21974753215909 9.6470277830958349 40.700493738055229 174.73488982766867 18.02301537245512 74.805001195520163 203.23834220319986 367.83213679492474 5.7132085040211669 15.142707854509352 3.7675672918558103
leaf_count=64 217 28 731 31 133 627 60 307 721 1306 18 39 16
internal_value=0.000365165 -0.00328016 -0.00184666 -0.00542761 0.00972536 0.00145278 0.00438633 -0.00155331 0.000905966 0.00290878 -0.0130978 0.02384 -0.0368897
internal_weight=1205.29 276.974 265.644 202.867 62.777 928.321 469.829 458.491 377.973 436.664 80.5182 33.1657 11.3301
internal_count=4298 1003 959 762 197 3295 1622 1673 1348 1523 325 99 44
is_linear=0
shrinkage=0.03


Tree=132
num_leaves=11
num_cat=0
split_feature=15 26 22 14 29 21 25 22 0 22
split_gain=5.24261 10.7461 9.8684 10.4247 7.20217 8.30673 12.6328 8.31228 6.71496 2.95951
threshold=0.005199683019286523 -0.0056631139355676893 2136951997.4805005 0.91060194965718932 0.10537295470779141 2665804.5000000005 -0.00066367208651680395 1228111786.4035003 0.00076296446972252995 189200845.98200002
decision_type=2 2 2 2 2 2 2 2 2 2
left_child=4 9 3 -3 5 7 -7 -1 -4 -2
right_child=1 2 8 -5 -6 6 -8 -9 -10 -11
leaf_value=-0.00023431193045201317 0.0092869494909692107 0.0047709142188626132 0.028992659093731946 -0.0064526450771464523 0.024114284282796491 0.033399685399881265 -0.0085091401710545647 0.02115988609642715 -0.0046670580000680575 0.039094938842370475
leaf_weight=626.68250607326627 4.4377357736229888 215.92985282838345 19.540584072470669 113.69948423653841 10.181136474013327 6.7231967747211447 174.2222463414073 16.782163441181183 7.3369801789522162 9.238560274243353
leaf_count=2327 16 711 57 423 29 23 612 50 24 26
internal_value=0.000354471 0.00332594 0.00232481 0.000899557 -0.000963524 -0.00127322 -0.00695198 0.000323669 0.0198043 0.0294227
internal_weight=1204.77 370.183 356.507 329.629 834.591 824.41 180.945 643.465 26.8776 13.6763
internal_count=4298 1257 1215 1134 3041 3012 635 2377 81 42
is_linear=0
shrinkage=0.03


Tree=133
num_leaves=15
num_cat=0
split_feature=25 9 28 28 14 25 25 25 28 9 14 3 17 22
split_gain=5.18807 15.5724 14.9645 22.2035 13.2751 10.9873 13.1225 15.3269 13.0736 16.5549 13.0163 12.1045 10.9865 6.24412
threshold=-9.5779806604573002e-05 4.7036814134785638 0.00081739852376540344 0.00061555334630572403 0.96697346951046403 -3.0305715736434386e-05 4.7611398767522307e-05 1.6928064650709673e-05 -0.00026868591021281138 0.85839774249542222 0.87595208195001817 0.67410498478687431 -0.0046251732188213662 267892598.00250003
decision_type=2 2 2 2 2 2 2 2 2 2 2 2 2 2
left_child=1 2 3 -1 -4 8 7 -7 11 -10 -8 -2 -3 -14
right_child=5 12 4 -5 -6 6 10 -9 9 -11 -12 -13 13 -15
leaf_value=0.0064045816358745894 0.020146823440250317 0.01678227623328683 -0.0048117687229957667 0.034086570914064133 0.026814480532447688 0.0012810220014046986 0.00023731362100407735 0.022543662951535908 -0.036260086210272727 -0.0068867847808825947 -0.01273823286700781 -0.020389100959579267 -0.03327299927259568 -0.0056484166034915231
leaf_weight=148.37006971985102 20.494634427130226 8.0253302901983243 126.30311376601458 31.638463065028191 13.192670203745363 84.703869886696339 522.50093274191022 47.689872913062572 25.157595276832581 55.070844925940037 80.26825163513422 9.8002338334918004 19.049415625631813 12.005088075995443
leaf_count=512 64 26 446 87 42 298 1871 145 105 206 325 37 90 44
internal_value=0.000344183 0.00336811 0.00555457 0.01127 -0.00182075 -0.000938009 0.00038785 0.00894009 -0.00975716 -0.0160975 -0.00149059 0.00703366 -0.0145077 -0.0225939
internal_weight=1204.27 358.584 319.504 180.009 139.496 845.686 735.163 132.394 110.523 80.2284 602.769 30.2949 39.0798 31.0545
internal_count=4298 1247 1087 599 488 3051 2639 443 412 311 2196 101 160 134
is_linear=0
shrinkage=0.03


Tree=134
num_leaves=13
num_cat=0
split_feature=27 17 29 20 8 5 11 25 22 21 7 6
split_gain=5.16697 8.80194 7.70887 7.53514 6.34434 6.70833 5.80522 5.7191 4.53416 3.70866 7.39041 3.4924
threshold=0.036259919891268644 0.020960223430553353 0.10537295470779141 -0.0068392118460909581 0.0064983494277565676 -0.0041027269873221833 0.061728194052383327 -0.0003944043076717358 671109257.95400012 3066732.5000000005 47218135.88350001 386330.00000000006
decision_type=2 2 2 2 2 2 2 2 2 2 2 2
left_child=1 2 7 -4 5 8 -7 -1 -2 10 -6 -3
right_child=4 11 3 -5 9 6 -8 -9 -10 -11 -12 -13
leaf_value=0.0059596930767799707 0.0018985935361269825 -0.047206971346495083 0.041059756936654805 -0.0051795200154924476 0.031651216688261243 0.00025206618375818923 -0.033583863958660767 -0.00092379028740680231 0.029679117939811019 0.038328314516275046 -0.015861905187627357 -0.0090103252989857038
leaf_weight=121.9460795968771 11.824188657104971 4.8277174532413465 8.0412832498550397 5.2379166632890692 7.1499681025743502 16.614819861948494 6.2917121797800055 994.89743902161717 9.5648763775825483 8.0442185103893262 5.0114593356847763 3.8904455900192261
leaf_count=442 39 20 21 17 21 58 23 3577 26 23 18 13
internal_value=0.000334171 -0.000133669 9.79786e-05 0.0228209 0.0085944 0.00223983 -0.00904161 -0.000172195 0.0143216 0.0225252 0.0120721 -0.0301619
internal_weight=1203.34 1138.84 1130.12 13.2792 64.5012 44.2956 22.9065 1116.84 21.3891 20.2056 12.1614 8.71816
internal_count=4298 4090 4057 38 208 146 81 4019 65 62 39 33
is_linear=0
shrinkage=0.03


Tree=135
num_leaves=14
num_cat=0
split_feature=15 26 24 25 6 17 8 18 25 25 25 18 3
split_gain=5.08129 10.2738 8.38341 11.1371 9.8535 7.11672 12.7629 8.96288 8.84343 20.9276 12.4117 7.63987 3.39026
threshold=0.005199683019286523 -0.0056631139355676893 0.64642184461170105 0.0001129974252780517 356817.00000000006 0.0030462363496112739 0.0078477168784697095 0.019296041168288095 0.00027196287688886013 0.00032396344519692124 0.00025121373136027418 0.013812144615100315 0.36964488264549333
decision_type=2 2 2 2 2 2 2 2 2 2 2 2 2
left_child=5 12 3 -3 -4 8 7 -7 10 -10 -1 -8 -2
right_child=1 2 4 -5 -6 6 11 -9 9 -11 -12 -13 -14
leaf_value=-0.00092425264135362242 0.0065960944552064691 0.014166279674038294 -0.0071270891121985504 -0.0020469609021743422 0.0066036372893765313 -0.0051833163110830633 -0.015075869285080137 0.020387480560247039 0.035638953388225245 0.0025414266606483896 -0.033314684029053646 -0.049118087424830981 0.038985879998412104
leaf_weight=484.22670436650515 4.2258357629179946 92.093112289905548 121.75022084265947 65.07452854514122 76.651804842054844 120.96298462897539 22.517354503273967 13.737872421741484 19.354761991649866 153.99165591597557 10.886675141751764 8.0559724420309049 9.3294006884098035
leaf_count=1790 15 297 446 228 244 434 88 40 59 550 48 32 27
internal_value=0.000324471 0.00325488 0.00227766 0.00745326 -0.00182228 -0.000972928 -0.00654713 -0.0025754 0.000405272 0.00623689 -0.00163646 -0.0240459 0.0288884
internal_weight=1202.86 369.125 355.57 157.168 198.402 833.734 165.274 134.701 668.46 173.346 495.113 30.5733 13.5552
internal_count=4298 1257 1215 525 690 3041 594 474 2447 609 1838 120 42
is_linear=0
shrinkage=0.03


Tree=136
num_leaves=12
num_cat=0
split_feature=29 29 29 6 26 3 7 21 5 25 18
split_gain=5.09522 7.35101 9.84101 7.40032 6.551 5.23701 3.85973 8.44422 2.38149 1.06622 0.0219467
threshold=0.019023997455488426 0.020007434860058581 0.027860468871460441 9863.5000000000018 -0.0056631139355676893 0.97808428927393232 44618180.77700001 487410.00000000006 0.00073447859475624414 -0.00034703461401847021 0.0069632795789519118
decision_type=2 2 2 2 2 2 2 2 2 2 2
left_child=5 6 3 -3 -4 9 7 -2 -8 -1 -11
right_child=1 2 4 -5 -6 -7 8 -9 -10 10 -12
leaf_value=-0.0050882448498837628 0.023708240201597747 -0.032732945806756966 0.008868191838682031 -0.0062747432159624139 0.00017613747663726995 0.028092526452876947 0.041295100020488681 -0.010020499587583368 0.014875242546774206 -0.034098700661243826 -0.037866324089096959
leaf_weight=1.2526942640542973 13.392668381333353 10.800618778914211 84.806664191186428 79.880137458443642 977.73432223498821 1.6352041587233532 5.7427359968423826 13.329055182635782 6.599327027797699 5.2140466868877402 1.8980027288198469
leaf_count=7 52 76 278 383 3334 10 16 53 21 56 12
internal_value=0.000314984 0.000493842 6.02954e-05 -0.00942607 0.000869893 -0.0210101 0.0132928 0.00688402 0.0271683 -0.030609 -0.0351042
internal_weight=1202.29 1192.29 1153.22 90.6808 1062.54 9.99995 39.0638 26.7217 12.3421 8.36474 7.11205
internal_count=4298 4213 4071 459 3612 85 142 105 37 75 68
is_linear=0
shrinkage=0.03


Tree=137
num_leaves=14
num_cat=0
split_feature=14 17 10 1 28 25 25 14 26 28 3 10 25
split_gain=5.13012 13.6739 11.3438 10.2449 9.60322 8.05861 13.4374 12.9131 15.1057 10.2786 9.6762 7.14745 5.07416
threshold=0.23615040564243617 0.0035562314539109839 -0.032719430663280535 0.097050402609990122 -0.0037651225293099432 4.7611398767522307e-05 1.6928064650709673e-05 0.87595208195001817 0.0025533234176104516 1.0000000180025095e-35 0.99277010550612288 0.014769944432810234 -3.0305715736434386e-05
decision_type=2 2 2 2 2 2 2 2 2 2 2 2 2
left_child=1 2 4 -4 -1 6 10 8 -7 -9 -2 -8 -3
right_child=5 12 3 -5 -6 7 11 9 -10 -11 -12 -13 -14
leaf_value=-0.026009120816322645 0.0039050984665038317 -0.011597993677879788 -0.0066159383191965815 0.030623357335856628 0.013193096986501137 -0.003048973192070246 0.0099283133100857152 0.0038260107093172988 0.010070774575012723 -0.019538507775279858 -0.014535700595610084 0.038038422841585075 -0.052381284571649894
leaf_weight=6.2488438934087744 407.82817696034908 4.6735818535089493 195.5904256105423 6.8828491419553748 56.234183564782143 264.78638435155153 17.999708607792854 24.386399030685425 112.55717752873898 55.539873257279396 27.324502862989902 14.862982764840124 6.6557265222072584
leaf_count=25 1414 16 743 19 172 941 60 87 407 238 109 39 28
internal_value=0.000305555 -0.00328176 -0.00190168 -0.00535003 0.00927254 0.00137671 0.00414409 -0.00145571 0.000864494 -0.0124097 0.00274715 0.0226418 -0.0355573
internal_weight=1201.57 276.286 264.956 202.473 62.483 925.285 468.015 457.27 377.344 79.9263 435.153 32.8627 11.3293
internal_count=4298 1003 959 762 197 3295 1622 1673 1348 325 1523 99 44
is_linear=0
shrinkage=0.03


Tree=138
num_leaves=14
num_cat=0
split_feature=29 29 9 18 1 26 24 0 4 11 8 7 23
split_gain=4.90109 9.60963 10.2759 11.1064 6.41028 5.26888 6.79387 4.92454 4.27098 2.92375 2.58457 0.0413547 0.00527447
threshold=0.019982888506241938 0.020007434860058581 7.871884736073949 0.019497224620291877 0.029925370936393105 0.00024180058887363426 0.62158334030941054 0.00020283717647741776 107.50000000000001 0.025671171171171171 0.00035156695609849729 5121944.7264999999 1.5210068496246461
decision_type=2 2 2 2 2 2 2 2 2 2 2 2 2
left_child=5 7 4 -4 -3 11 -7 9 -8 -2 -9 12 -1
right_child=1 2 3 -5 -6 6 8 10 -10 -11 -12 -13 -14
leaf_value=-0.033029017157966571 0.014578648334626222 -0.0016104915215509905 -0.016401396342815542 0.013637304721438915 0.0030176985219122023 -0.035964492008358884 0.048969500677908395 0.016653591468496595 -0.0052985335162926469 -0.009971382372452443 0.044400187737414373 -0.039422012791256955 -0.03530510193418495
leaf_weight=1.3487261980772007 15.580053597688677 519.60302712395787 59.649773087352514 13.604288876056669 559.20050319284201 3.098834175616501 2.4505555555224419 5.623291999101637 2.7926153242588043 6.0657179802656165 6.5300273597240448 2.5418684855103493 2.8580629378557205
leaf_count=18 49 1915 252 42 1862 26 12 20 21 23 18 16 24
internal_value=0.000296603 0.000512797 5.02306e-05 -0.0108228 0.000788542 -0.0166924 -0.000748295 0.0162796 0.0200653 0.00769908 0.0315619 -0.0364009 -0.0345754
internal_weight=1200.95 1185.86 1152.06 73.2541 1078.8 15.0907 8.34201 33.7991 5.24317 21.6458 12.1533 6.74866 4.20679
internal_count=4298 4181 4071 294 3777 117 59 110 33 72 38 58 42
is_linear=0
shrinkage=0.03


Tree=139
num_leaves=14
num_cat=0
split_feature=6 24 7 10 12 29 14 17 29 6 29 29 18
split_gain=4.92596 9.78991 6.97553 9.73514 7.46823 6.17228 5.29544 12.0859 7.19604 3.89665 2.74352 4.53211 0.0135818
threshold=5045.5000000000009 0.90902525603573425 2682334.5510000004 -0.0048100048100048597 -0.0087818400293727897 0.019023997455488426 0.23615040564243617 0.0037131597128321849 0.020007434860058581 854507.00000000012 0.043638816046524677 0.036590279387962693 0.0069632795789519118
decision_type=2 2 2 2 2 2 2 2 2 2 2 2 2
left_child=1 2 3 -1 -4 9 7 -7 -8 12 11 -3 -2
right_child=5 10 4 -5 -6 6 8 -9 -10 -11 -12 -13 -14
leaf_value=0.029425561916792454 -0.034348514401680116 -0.033066188521088384 -0.050835330850079179 -0.005719590484227207 0.0019612364424321715 -0.0015004792275660035 0.017346869914950314 -0.033898142141051114 0.0015434886393852702 0.014172383213337584 -0.047757676387722402 0.011556531636360178 -0.037377369439368091
leaf_weight=10.550654217600817 4.9202034138143045 7.1483394391834718 4.6175650730729103 21.647165641188625 5.0466254502534849 250.17781522870064 26.750761635601521 10.811066210269926 847.24316247552633 1.8315149694681165 4.8543093949556342 2.8712893277406693 1.8272643089294431
leaf_count=38 53 44 21 118 18 881 93 41 2932 11 23 13 12
internal_value=0.000287711 -0.00834054 -0.000912326 0.00579685 -0.023265 0.000715788 0.000907406 -0.0028425 0.00202719 -0.024635 -0.0292469 -0.0202788 -0.0351688
internal_weight=1200.3 56.7359 41.862 32.1978 9.66419 1143.56 1134.98 260.989 873.994 8.57898 14.8739 10.0196 6.74747
internal_count=4298 275 195 156 39 4023 3947 922 3025 76 80 57 65
is_linear=0
shrinkage=0.03


Tree=140
num_leaves=11
num_cat=0
split_feature=25 13 25 1 26 9 9 20 15 4
split_gain=4.98217 5.60768 5.79175 5.13621 8.7992 8.19716 5.03238 3.81302 1.91836 0.771871
threshold=-0.001013258929688022 0.01036144786005474 -0.000152581626249253 0.020474667162901666 -0.0016236436060490334 0.29969352518855713 1.4309681155656011 -0.0052457040792757478 0.0027024451951031081 32.500000000000007
decision_type=2 2 2 2 2 2 2 2 2 2
left_child=7 2 6 4 -3 -5 -2 -1 -4 -9
right_child=1 3 8 5 -6 -7 -8 9 -10 -11
leaf_value=0.00062399630800396145 0.026749534074231758 0.0068045062619337855 -0.03581504517733234 0.026954548471306173 -0.01320199101704353 0.00063020576443093706 -0.024465960372691577 0.039654811426172706 0.001748285761189292 0.020618557617759097
leaf_weight=6.3745395541191101 3.9517235457897213 29.553048759698868 9.1472776122391206 10.753311119973658 59.86239168792963 1067.8660244420171 3.0666322484612465 4.6479438692331296 1.4125749766826619 3.262674517929554
leaf_count=29 14 114 89 33 269 3686 19 17 11 17
internal_value=0.000278955 6.67631e-05 -0.0167515 0.000319868 -0.00658956 0.000892647 0.0043712 0.0178901 -0.0307903 0.0318035
internal_weight=1199.9 1185.61 17.5782 1168.03 89.4154 1078.62 7.01836 14.2852 10.5599 7.91062
internal_count=4298 4235 133 4102 383 3719 33 63 100 34
is_linear=0
shrinkage=0.03


Tree=141
num_leaves=15
num_cat=0
split_feature=17 9 23 24 3 28 8 28 13 28 28 27 7 13
split_gain=4.75421 7.11731 10.8079 11.1191 8.41053 15.5034 12.1763 6.91127 12.3032 6.88857 9.79447 6.60329 6.4098 0.576164
threshold=-0.0059923998569293103 9.6968314735704411 8.7482864723267753 0.81292085535706937 0.62305835298209533 0.0018083551394848425 0.0035758825230124717 -0.0037651225293099432 0.042374892929175824 -0.00031358388307610728 0.00072664506162631543 -0.025286035558135325 37829857.997000009 0.057820711905765813
decision_type=2 2 2 2 2 2 2 2 2 2 2 2 2 2
left_child=7 4 3 -3 6 -6 -2 8 -1 11 -11 -9 -4 -10
right_child=1 2 12 -5 5 -7 -8 9 13 10 -12 -13 -14 -15
leaf_value=0.0096879874643928179 0.0009981369161188333 -0.031407435450136093 -0.020082001254177563 0.0036644209261321634 -0.0080134153083814205 0.0056379329424957811 0.017323625994292151 0.024318192765868843 -0.054629408231887618 -0.011535510362185036 0.0071480318010371507 0.0065165128210518579 0.01520137583506808 -0.03689929814607356
leaf_weight=7.8335681408643705 533.99369383603334 25.983590453863144 6.3802870661020306 11.844255231320856 234.979049064219 109.8842049613595 44.547457754611969 27.328279465436935 3.354515478014946 37.997613981366158 75.286883547902107 59.76776547729969 16.929635733366013 3.2454859614372253
leaf_count=25 1904 127 25 47 874 425 146 80 15 130 235 197 53 15
internal_value=0.00027062 -0.000611648 -0.0105246 -0.0204261 4.46797e-05 -0.00366367 0.00225519 0.00431426 -0.0157355 0.00575846 0.000881243 0.0121022 0.00554377 -0.0459108
internal_weight=1199.36 984.542 61.1378 37.8278 923.404 344.863 578.541 214.814 14.4336 200.381 113.284 87.096 23.3099 6.6
internal_count=4298 3601 252 174 3349 1299 2050 697 55 642 365 277 78 30
is_linear=0
shrinkage=0.03


Tree=142
num_leaves=15
num_cat=0
split_feature=25 28 26 28 24 17 26 25 28 7 15 1 18 10
split_gain=4.87931 14.1747 28.8619 21.5837 19.5608 16.419 13.7643 12.897 12.8686 11.0403 7.26515 7.19267 4.96618 4.07856
threshold=-9.5779806604573002e-05 0.00081739852376540344 0.0020851107079083516 0.00061555334630572403 0.5897729249517818 -0.0030043945221529009 -0.005986589993506884 -2.7195643526946862e-05 -0.0012622752872313403 6809860.0050000008 0.0057237531600265274 0.064639206935628149 0.0093922826995806643 -0.00094137444416709669
decision_type=2 2 2 2 2 2 2 2 2 2 2 2 2 2
left_child=1 3 10 4 -1 -4 11 9 -9 -8 -3 12 -2 -5
right_child=6 2 5 13 -6 -7 7 8 -10 -11 -12 -13 -14 -15
leaf_value=0.014316598995789034 0.00064669422226513009 -0.041864365342885443 0.02036057538530063 0.018103130828268033 -0.0061824197645786371 -0.0038750655582291673 -0.032500040424278613 -0.0083663421110597054 0.0015884152205316129 -0.0071703743833234166 -0.011825986511963982 -0.015638205551621182 0.0233179610680843 0.039875663399581977
leaf_weight=84.796690009534359 11.494649220257996 18.170888945460323 34.600191526114941 13.034448891878126 82.80699260532856 92.192969739437103 19.397197805345058 148.9313360825181 542.93155680969357 76.821775160729885 12.053595319390295 6.5998074412345877 35.714206159114838 19.075809106230736
leaf_count=281 44 77 103 39 310 344 103 546 1962 265 41 23 108 52
internal_value=0.000262628 0.00320309 -0.00354121 0.00850555 0.00418877 0.00273852 -0.000983327 -0.00198566 -0.000554459 -0.0122767 -0.029885 0.0136968 0.0177978 0.0310376
internal_weight=1198.62 356.732 157.018 199.714 167.604 126.793 841.891 788.082 691.863 96.219 30.2245 53.8087 47.2089 32.1103
internal_count=4298 1247 565 682 591 447 3051 2876 2508 368 118 175 152 91
is_linear=0
shrinkage=0.03


Tree=143
num_leaves=12
num_cat=0
split_feature=25 28 28 21 21 10 17 26 21 9 29
split_gain=4.73127 5.46812 14.0025 10.3903 12.2216 10.0359 7.9849 7.5284 3.81352 0.880339 0.0228866
threshold=-0.001013258929688022 0.0026201731368251948 0.0022910893757430175 385780.50000000006 1693144.5000000002 -0.020771357025760769 -0.003418971338759192 0.0029710166311500653 259153.50000000003 1.6564846130652537 0.056201749382250719
decision_type=2 2 2 2 2 2 2 2 2 2 2
left_child=8 2 7 6 -5 -4 -3 -2 -1 10 -10
right_child=1 3 5 4 -6 -7 -8 -9 9 -11 -12
leaf_value=-0.003014608119667357 -0.0009317081377550675 0.0078389303631634395 -0.066945969809132824 0.0072745802441704132 -0.011418619525236947 0.017576576087910405 -0.024733354686858378 0.0073240911521190218 0.037099278762877913 0.015180630167583045 0.03340033845329294
leaf_weight=5.1682746559381476 845.8857064396143 8.5349557772278768 1.2947369962930668 73.56379771232605 55.021295696496964 53.80530096590519 32.821094620972872 112.64773216098547 3.6706207990646345 2.7424706667661667 2.5522189363837242
leaf_count=19 2987 34 6 265 208 174 187 374 15 13 16
internal_value=0.000255021 4.89761e-05 0.000883908 -0.00493107 -0.000724201 0.0155905 -0.0180112 3.8521e-05 0.0175097 0.0293414 0.0355822
internal_weight=1197.71 1183.57 1013.63 169.941 128.585 55.1 41.3561 958.533 14.1336 8.96531 6.22284
internal_count=4298 4235 3541 694 473 180 221 3361 63 44 31
is_linear=0
shrinkage=0.03


Tree=144
num_leaves=14
num_cat=0
split_feature=14 24 17 10 15 25 25 14 24 23 14 8 15
split_gain=4.6535 12.7651 12.1168 13.0786 7.63511 9.09908 17.1586 9.03399 11.4302 9.66557 8.06065 4.89351 4.59409
threshold=0.23615040564243617 1.3622191759801467 0.0035562314539109839 -0.032719430663280535 -0.0020728150694144256 -0.00032854652578780775 -0.00019756117001413972 0.57522167060507112 1.0164942018723144 0.5378398606040059 0.38210080038820232 -0.0019336942748528019 -0.0073032812149113882
decision_type=2 2 2 2 2 2 2 2 2 2 2 2 2
left_child=1 2 3 -1 5 10 -7 8 -6 -9 -2 -4 -3
right_child=4 12 11 -5 7 6 -8 9 -10 -11 -12 -13 -14
leaf_value=0.01164311421823341 0.032416101249314863 -0.054794116503440085 -0.0183694520494199 -0.0044300729683756914 -0.0039094492808007799 -0.0322389181504018 0.0067742948974312328 -0.021342712667838801 -0.03419570311754537 0.0024481978933486191 -0.001307750793408938 -0.06074636068798582 -0.008308564079072378
leaf_weight=59.317146331071854 20.643486969172958 5.7007436230778694 7.0345703661441803 196.47238346934319 165.10165868699551 10.98159336298704 133.36208552122116 15.807038396596907 12.032520920038221 554.70176815614104 9.2312160730361921 3.7651072442531568 2.8800679817795736
leaf_count=186 63 25 25 736 619 43 438 62 56 1982 32 16 15
internal_value=0.000247497 -0.00317616 -0.00201692 -0.000702729 0.00126944 0.00692527 0.00380619 -4.85024e-05 -0.00596676 0.00178903 0.0219955 -0.0331434 -0.0391917
internal_weight=1197.03 275.17 266.589 255.79 921.861 174.218 144.344 747.643 177.134 570.509 29.8747 10.7997 8.58081
internal_count=4298 1003 963 922 3295 576 481 2719 675 2044 95 41 40
is_linear=0
shrinkage=0.03


Tree=145
num_leaves=13
num_cat=0
split_feature=7 10 26 13 29 29 29 0 7 0 8 22
split_gain=4.59545 6.9614 6.45906 6.44059 5.34737 6.00639 6.46469 4.65209 3.46554 3.01777 2.10673 0.0154585
threshold=615098.89600000018 -0.0049495142727800836 -0.0020823947247946132 0.026994394627205986 0.019023997455488426 0.020007434860058581 0.027320112613435341 0.00020283717647741776 64827109.579000004 0.00025264549681211778 -0.0058864395016694823 155902873.95300004
decision_type=2 2 2 2 2 2 2 2 2 2 2 2
left_child=1 3 9 -1 8 7 -7 -6 11 -3 -4 -2
right_child=4 2 10 -5 5 6 -8 -9 -10 -11 -12 -13
leaf_value=-0.013098659910288288 -0.034112775080689696 -0.017342897648937778 -0.0089836751547577292 0.040161056229330951 0.0044799739417065113 -0.0081700792656186454 0.00091901792977155093 0.026697183302969434 0.011385164802556341 0.027842998177346749 -0.037518729125815921 -0.037708305337651134
leaf_weight=4.4336632266640681 4.7064358703792077 2.4892292320728346 2.9150712862610861 3.7905514985322952 22.956290364265442 75.499899063259363 1048.5058452785015 13.453151188790796 1.908359535038471 2.8569317311048508 11.574221085757008 1.3952033221721647
leaf_count=29 52 15 16 13 82 374 3552 46 12 15 83 9
internal_value=0.000240222 -0.0117573 -0.021379 0.0114488 0.000528341 0.000696958 0.0003085 0.0126891 -0.0238993 0.00680397 -0.0317778 -0.0349349
internal_weight=1196.48 28.0597 19.8355 8.22421 1168.43 1160.42 1124.01 36.4094 8.01 5.34616 14.4893 6.10164
internal_count=4298 171 129 42 4127 4054 3926 128 73 30 99 61
is_linear=0
shrinkage=0.03


Tree=146
num_leaves=15
num_cat=0
split_feature=27 23 11 6 9 21 9 28 24 23 20 23 14 3
split_gain=4.51183 5.64573 16.1842 10.5979 5.63746 4.97958 4.9243 9.87685 9.42756 5.21656 12.9885 6.42669 3.59797 1.67335
threshold=0.036259919891268644 1.449132096321283 0.061728194052383327 227469.00000000003 5.1382680081698036 3066732.5000000005 9.6968314735704411 -0.0015217341965409498 0.80870757199680154 4.6127664585378314 -0.041419996809536168 4.198256417917217 0.77530380482440642 0.16048534798534816
decision_type=2 2 2 2 2 2 2 2 2 2 2 2 2 2
left_child=6 2 3 -2 12 -6 9 13 -9 11 -11 -1 -3 -8
right_child=1 4 -4 -5 5 -7 7 8 -10 10 -12 -13 -14 -15
leaf_value=0.00013149578365329425 -0.016621486597362092 0.043625351381337267 -0.052323095363400872 0.027143128530107686 -0.025623233527222407 0.016196894582407972 -0.020911409598301296 -0.010035992444163469 0.018363120844370664 -0.02675667732949593 0.024917793140774983 -0.03485606973453375 0.016807341965107466 -0.049188290838765934
leaf_weight=1031.8527548722923 8.6168267577886635 5.6204512417316463 4.8442592769861212 11.798418030142782 4.9134257286787015 5.3556352853775024 2.952068626880644 48.049892961978912 13.469519585371016 5.5975022017955807 20.089247025549412 4.7467461526393881 22.634276494383812 5.2034420892596245
leaf_count=3705 32 15 19 34 19 17 14 192 48 21 62 22 72 26
internal_value=0.000232903 0.0079961 -0.00302639 0.00867105 0.0152234 -0.00381273 -0.000204535 -0.00793063 -0.00381808 0.000302217 0.0136572 -2.87176e-05 0.022142 -0.0389528
internal_weight=1195.74 63.7833 25.2595 20.4152 38.5238 10.2691 1131.96 69.6749 61.5194 1062.29 25.6867 1036.6 28.2547 8.15551
internal_count=4298 208 85 66 123 36 4090 280 240 3810 83 3727 87 40
is_linear=0
shrinkage=0.03


Tree=147
num_leaves=11
num_cat=0
split_feature=25 13 14 29 28 28 21 3 23 0
split_gain=4.55771 5.21223 5.75028 5.19027 4.85007 12.8472 9.71917 4.45606 1.18327 1.1625
threshold=-0.001013258929688022 0.01036144786005474 0.62337612233445727 0.02824725598203796 0.0026201731368251948 0.0018580126527569119 385780.50000000006 0.42866071428571695 1.816295871397605 1.6025591822392139e-05
decision_type=2 2 2 2 2 2 2 2 2 2
left_child=7 2 8 -4 5 -3 -6 -1 -2 -9
right_child=1 4 3 -5 6 -7 -8 9 -10 -11
leaf_value=-0.0086639365331743629 -0.037011723348060722 -0.00024745474875483589 -0.013231545997874728 0.040688562220332389 -0.017316302342448395 0.0099316577168954076 -0.00039301898250974795 0.016451671747468703 -0.0098033893478371974 0.037351299836185327
leaf_weight=4.175963580608367 7.745960012078287 868.89892107248306 5.3395973704755297 2.2982206717133522 40.205034747719765 128.0349607989192 127.0821795091033 4.2037908434867841 1.7666268050670622 5.5678052306175232
leaf_count=19 68 3017 42 9 210 417 458 19 14 25
internal_value=0.000226075 2.47914e-05 -0.0163932 0.00299302 0.000266649 0.00105984 -0.00446028 0.017275 -0.0319587 0.0283602
internal_weight=1195.32 1181.37 17.1504 7.63782 1164.22 996.934 167.287 13.9476 9.51259 9.7716
internal_count=4298 4235 133 51 4102 3434 668 63 82 44
is_linear=0
shrinkage=0.03


Tree=148
num_leaves=14
num_cat=0
split_feature=25 9 28 26 28 26 25 25 18 17 1 22 5
split_gain=4.52345 13.6845 13.7235 31.334 19.6861 13.0999 12.077 11.9796 10.1207 10.0305 6.80173 5.82429 4.97202
threshold=-9.5779806604573002e-05 4.7036814134785638 0.00081739852376540344 0.0020851107079083516 0.00061555334630572403 -0.005986589993506884 -2.7195643526946862e-05 4.7611398767522307e-05 0.012547197217098401 -0.0046251732188213662 0.064639206935628149 267892598.00250003 0.0096856734196999871
decision_type=2 2 2 2 2 2 2 2 2 2 2 2 2
left_child=1 2 4 -4 -1 10 8 -8 -7 -3 12 -11 -2
right_child=5 9 3 -5 -6 6 7 -9 -10 11 -12 -13 -14
leaf_value=0.0060425098324785745 0.013929582539597703 0.016163918053946184 -0.031035254517975168 0.0050428821845550365 0.032346682637161915 -0.019075308952846003 0.0081034383917322917 -0.0023738159810090362 0.0013844868835155475 -0.032031969556039173 -0.015089523059563051 -0.0052169215310194075 0.044854433739706608
leaf_weight=147.29104200750589 41.56570341438055 7.9805741608142844 26.902259595692158 111.30126637965441 30.995121166110039 62.393195286393166 118.60024577379227 571.51073729991913 33.412176102399826 18.726118177175525 6.6137747019529334 11.937079563736914 5.2726176083087912
leaf_count=512 137 26 107 381 87 262 401 2107 106 90 23 44 15
internal_value=0.00021937 0.00305757 0.00511536 -0.00197997 0.0106155 -0.000981462 -0.00195886 -0.000573229 -0.0119399 -0.0137955 0.0133895 -0.021593 0.0174108
internal_weight=1194.5 355.133 316.49 138.204 178.286 839.368 785.916 690.111 95.8054 38.6438 53.4521 30.6632 46.8383
internal_count=4298 1247 1087 488 599 3051 2876 2508 368 160 175 134 152
is_linear=0
shrinkage=0.03


Tree=149
num_leaves=14
num_cat=0
split_feature=14 24 7 17 25 25 24 14 24 27 9 21 14
split_gain=4.35861 12.0445 12.058 10.6855 7.34748 12.5755 12.502 12.3713 12.1316 6.18972 5.52641 5.14276 1.61431
threshold=0.23615040564243617 1.3622191759801467 1174892871.6980002 0.0035562314539109839 4.7611398767522307e-05 1.6928064650709673e-05 1.4549137456941881 0.87595208195001817 0.99026613221976512 0.016647000548424096 0.96912618895992553 434938.00000000006 0.13140681207370233
decision_type=2 2 2 2 2 2 2 2 2 2 2 2 2
left_child=1 2 3 -1 5 8 7 -6 -2 -7 -8 -3 -4
right_child=4 11 12 -5 6 9 10 -9 -10 -11 -12 -13 -14
leaf_value=0.00045192876679999339 0.0042272330449855287 -0.016973565454196666 -0.024994705592705099 -0.030748130082141809 -6.7857077970411375e-05 0.010339632304969256 0.045522456547442802 -0.013408338321292641 -0.012177607755172204 0.036708909185531817 0.0053378311100879764 -0.063726763261418462 -0.050858103062554338
leaf_weight=246.86384584382176 386.00415521115065 4.6719708517193776 4.8709173053503019 10.291146159172056 366.998290438205 18.383214876055717 7.0810801759362203 75.41927170753479 45.336003918200731 14.200062140822409 5.4512995183467865 3.8726617470383644 3.9199405908584595
leaf_count=889 1346 22 19 39 1322 61 19 309 177 38 23 18 16
internal_value=0.000213026 -0.00310418 -0.00197776 -0.000796674 0.00120396 0.00386053 -0.00150501 -0.00234202 0.002503 0.0218316 0.0280431 -0.0381634 -0.0365275
internal_weight=1193.36 274.49 265.946 257.155 918.873 463.923 454.95 442.418 431.34 32.5833 12.5324 8.54463 8.79086
internal_count=4298 1003 963 928 3295 1622 1673 1631 1523 99 42 40 35
is_linear=0
shrinkage=0.03


Tree=150
num_leaves=15
num_cat=0
split_feature=6 24 24 21 9 6 22 27 25 26 28 25 18 9
split_gain=4.44149 9.19728 6.81893 5.94586 5.0589 11.2114 9.77083 9.60042 8.47187 16.6033 16.1732 4.98582 4.45857 1.64217
threshold=5045.5000000000009 0.90902525603573425 0.76882179125892558 40509.500000000007 2.6041260656393099 31986.500000000004 1799918863.7160003 0.0090832536167192255 -9.5779806604573002e-05 -0.005986589993506884 0.00081739852376540344 0.00041867637370380899 0.0074400766858730488 0.34909495943323537
decision_type=2 2 2 2 2 2 2 2 2 2 2 2 2 2
left_child=1 2 3 -1 8 7 -7 -6 10 -10 -2 13 -4 -3
right_child=4 11 12 -5 5 6 -8 -9 9 -11 -12 -13 -14 -15
leaf_value=0.013440087563175376 0.013268038603135985 -0.011062323657713114 0.039119593497118625 -0.015409033418951517 -0.025325820546074872 0.0016667992520764221 -0.019600544043157198 0.0047144198905539466 0.018561410402951652 -0.001514878955351713 -0.0019188242422091889 0.0065070393700882197 -0.0028757485651708307 -0.042261288172663128
leaf_weight=8.8909737691283208 138.61150432378054 1.7969951331615437 5.4747072011232358 23.226559348404408 32.316671788692474 217.08900445699692 21.354819908738136 13.605822660028933 39.710518769919872 558.39357591792941 115.86380875110626 2.9085557535290709 3.8933632969856262 9.7930544242262823
leaf_count=34 452 10 25 121 168 791 84 53 127 1947 401 13 15 57
internal_value=0.000206792 -0.00804247 -0.000854064 -0.00742284 0.000612993 -0.00285204 -0.000237885 -0.0164256 0.00176871 -0.000181934 0.00635339 -0.028611 0.0216664 -0.037424
internal_weight=1192.93 55.9842 41.4856 32.1175 1136.95 284.366 238.444 45.9225 852.579 598.104 254.475 14.4986 9.36807 11.59
internal_count=4298 275 195 155 4023 1096 875 221 2927 2074 853 80 40 67
is_linear=0
shrinkage=0.03


Tree=151
num_leaves=15
num_cat=0
split_feature=17 22 7 23 24 3 16 7 16 9 23 11 29 22
split_gain=4.30858 7.33708 18.3487 14.8925 7.66881 6.61148 10.9119 15.7946 10.722 8.95991 13.107 9.3221 5.88182 6.26231
threshold=-0.0059923998569293103 340025491.87950009 204372414.70550001 1.6625192952589789 0.78379949765659029 0.62305835298209533 0.62500000000000011 15788255.416500002 1.0000000180025095e-35 2.4151086879943793 0.79030164725649199 0.0077616377837570411 0.027464563912349551 97538585.308000013
decision_type=2 2 2 2 2 2 2 2 2 2 2 2 2 2
left_child=1 12 3 -3 -4 9 8 -8 -7 10 -2 -11 -1 -14
right_child=5 2 4 -5 -6 6 7 -9 -10 11 -12 -13 13 -15
leaf_value=-0.017211146618870458 -0.0046007801200985505 -0.035786510628348575 0.014230426121649497 0.0048320167739779804 -0.014753774582758372 0.014203792507872529 -0.011088826810738202 0.0096279438069080351 -0.009960684297211685 -0.016527016101701729 0.00648181080516842 -3.8254049826876549e-05 0.000959864730953336 0.015292280442621603
leaf_weight=7.4659533202648154 135.05899692326784 20.672690458595753 41.662676930427551 13.383097425103186 10.233853250741957 17.980945371091366 50.384640019387007 96.668069258332253 204.20691212266684 45.464840929955244 332.45731702446938 96.056277804076672 42.412473663687706 77.705867901444435
leaf_count=33 486 79 125 43 38 63 215 322 806 210 1145 354 145 234
internal_value=0.000200625 0.00406144 -0.00271367 -0.0198244 0.00851482 -0.000642107 -0.00380953 0.00252976 -0.00800513 0.00127821 0.0032802 -0.00533541 0.00862577 0.0102317
internal_weight=1191.81 213.537 85.9523 34.0558 51.8965 978.278 369.241 147.053 222.188 609.037 467.516 141.521 127.584 120.118
internal_count=4298 697 285 122 163 3601 1406 537 869 2195 1631 564 412 379
is_linear=0
shrinkage=0.03


Tree=152
num_leaves=11
num_cat=0
split_feature=25 13 14 9 1 26 9 3 4 6
split_gain=4.33718 5.02444 5.48114 7.26675 4.63869 8.16345 7.77729 4.30375 1.13639 0.933356
threshold=-0.001013258929688022 0.01036144786005474 0.62337612233445727 1.4909020215462641 0.020474667162901666 -0.0016236436060490334 0.29969352518855713 0.42866071428571695 32.500000000000007 15977.500000000002
decision_type=2 2 2 2 2 2 2 2 2 2
left_child=7 2 9 -4 5 -3 -6 -1 -9 -2
right_child=1 4 3 -5 6 -7 -8 8 -10 -11
leaf_value=-0.0084896887460809544 -0.015413391915400646 0.0065514948397659483 0.024661608837755679 -0.036469402547778626 0.02623643456930325 -0.012782084554704391 0.00052463797541799344 0.038567331713121156 0.017871722269408991 -0.037263102710052967
leaf_weight=4.1631151437759391 2.3588026240468043 29.430594690144062 4.8605114296078673 2.7347772866487503 10.694519877433775 59.181393295526505 1061.0470261462033 4.7029600813984853 4.8509016633033752 6.925825510174036
leaf_count=19 24 114 25 26 33 269 3686 19 25 58
internal_value=0.00019483 -5.93007e-07 -0.0162502 0.00265063 0.000235794 -0.00636085 0.000781207 0.0169666 0.0280593 -0.0317121
internal_weight=1190.95 1177.23 16.8799 7.59529 1160.35 88.612 1071.74 13.717 9.55386 9.28463
internal_count=4298 4235 133 51 4102 383 3719 63 44 82
is_linear=0
shrinkage=0.03


Tree=153
num_leaves=13
num_cat=0
split_feature=15 26 9 0 21 20 25 10 18 21 17 3
split_gain=4.14337 9.45068 8.85728 9.13087 7.02801 11.304 11.3928 7.97103 7.93182 6.82431 6.58687 3.43105
threshold=0.005199683019286523 -0.0056631139355676893 0.81051298587370224 4.4883000088424606e-05 2665804.5000000005 0.0038883184459297701 -8.2480241557484176e-05 0.017316588287811265 0.027542593530263639 1235986.0000000002 0.0030462363496112739 0.36964488264549333
decision_type=2 2 2 2 2 2 2 2 2 2 2 2
left_child=4 11 3 -3 8 6 -6 -7 10 -4 -1 -2
right_child=1 2 9 -5 5 7 -8 -9 -10 -11 -12 -13
leaf_value=0.0023355981990755251 0.0052293950397224002 -0.017618029318389652 -0.00012470979646547731 0.0029009170953679369 0.0068179705779274494 -0.057482953218960672 -0.0096576176297221081 -0.012155097696749051 -0.033810984969458238 0.0093563611763834102 -0.0052781592497633863 0.03822495821147253
leaf_weight=509.59194195643067 4.1412061974406233 37.674838848412037 141.21972519904375 40.500947318971157 57.435444198548794 6.1841662228107444 110.34380372241139 8.0194357931613904 6.0127260088920584 132.37082120776176 127.93884196132421 9.0015688091516477
leaf_count=1910 15 142 506 143 194 28 392 28 22 424 467 27
internal_value=0.000188981 0.00285104 0.00191784 -0.00698767 -0.000987736 -0.00619304 -0.00401757 -0.0318906 0.000484232 0.0044625 0.000807679 0.0278283
internal_weight=1190.44 364.909 351.766 78.1758 825.526 181.983 167.779 14.2036 643.544 273.591 637.531 13.1428
internal_count=4298 1257 1215 285 3041 642 586 56 2399 930 2377 42
is_linear=0
shrinkage=0.03


Tree=154
num_leaves=15
num_cat=0
split_feature=14 25 25 25 1 15 25 25 14 23 14 23 3 20
split_gain=4.20975 11.4381 15.0931 11.0798 9.49464 7.1435 8.19839 15.8993 7.97986 8.99871 7.67357 7.03679 5.24334 4.25827
threshold=0.23615040564243617 0.00028056688072617883 0.00036884631460968323 0.00025121373136027418 0.02055416291253704 -0.0020728150694144256 -0.00032854652578780775 -0.00019756117001413972 0.57522167060507112 0.5378398606040059 0.38210080038820232 0.75704110034811456 0.3103913630229444 -0.023473809081047549
decision_type=2 2 2 2 2 2 2 2 2 2 2 2 2 2
left_child=1 3 13 4 -1 6 10 -8 11 -10 -2 -7 -4 -3
right_child=5 2 12 -5 -6 8 7 -9 9 -11 -12 -13 -14 -15
leaf_value=-0.037079044494698246 0.031389211863019552 0.01748974776860316 -0.013548777041486083 -0.046548002679822599 -0.0043446106429162329 0.0059651641900303424 -0.031073285426983017 0.0065542978217906969 -0.020751110563993168 0.0022502694298875293 -0.0016737271997874061 -0.0087866175354336593 0.0048497437833866681 0.044444110953589133
leaf_weight=8.3558108881115896 20.245043709874157 18.65549444407225 22.91387614607811 6.2212017923593512 174.81923674792051 36.798225626349449 10.938610099256037 132.89013332128525 15.745041027665136 551.34048777446151 9.1834697872400266 139.154417142272 35.598993942141533 7.3544447496533385
leaf_count=44 63 59 84 28 641 126 43 438 62 1982 32 549 123 24
internal_value=0.000183461 -0.00307974 0.00609697 -0.00717507 -0.00583784 0.00115897 0.0066445 0.00369261 -0.000120117 0.00161164 0.0210716 -0.00570147 -0.00235519 0.0251112
internal_weight=1190.21 273.919 84.5228 189.396 183.175 916.295 173.257 143.829 743.038 567.086 29.4285 175.953 58.5129 26.0099
internal_count=4298 1003 290 713 685 3295 576 481 2719 2044 95 675 207 83
is_linear=0
shrinkage=0.03


Tree=155
num_leaves=14
num_cat=0
split_feature=6 24 24 21 25 25 28 28 5 24 3 20 4
split_gain=4.15681 8.78296 6.33648 5.52949 4.81809 4.73539 5.08917 13.7886 9.87814 4.2009 3.34745 1.40525 0.504998
threshold=5045.5000000000009 0.90902525603573425 0.76882179125892558 40509.500000000007 0.00041867637370380899 -0.001013258929688022 0.0026201731368251948 0.0018580126527569119 0.0049878251348085389 0.82268595098351349 0.43886531314139815 0.014151454977892526 42.500000000000007
decision_type=2 2 2 2 2 2 2 2 2 2 2 2 2
left_child=1 2 3 -1 11 10 7 -7 -8 -4 -2 -3 -12
right_child=5 4 9 -5 -6 6 8 -9 -10 -11 12 -13 -14
leaf_value=0.012890645090367287 -0.0019318547055992342 -0.042170131394439835 0.0404001587606935 -0.014958063029805567 0.0063174018764457053 -0.00018367735958353592 -0.0089670296997053454 0.01056709338248093 0.0078713885232383971 0.00032389932475868511 0.03767795643053206 -0.015698841464695419 0.022639897137687406
leaf_weight=8.8938752710819262 4.4577016532421103 9.1188177652657014 4.8125960081815702 23.03913938254118 2.9122309386730185 836.30858455598354 119.56201331689954 123.18589212745428 42.501890011131763 4.6079374551773071 4.1936842873692495 2.2502653002738944 3.8593168780207634
leaf_count=34 21 54 16 121 13 2912 499 400 153 24 18 13 20
internal_value=0.000178019 -0.00782821 -0.000823411 -0.00720174 -0.0281116 0.000570786 0.000366043 0.00119657 -0.00455109 0.0207974 0.0189256 -0.0369307 0.0304711
internal_weight=1189.7 55.6349 41.3535 31.933 14.2813 1134.07 1121.56 959.494 162.064 9.42053 12.5107 11.3691 8.053
internal_count=4298 275 195 155 80 4023 3964 3312 652 40 59 67 38
is_linear=0
shrinkage=0.03


Tree=156
num_leaves=15
num_cat=0
split_feature=18 25 25 1 8 24 27 16 9 6 9 14 23 14
split_gain=4.08683 9.83709 7.85006 8.77731 6.02249 6.01928 7.14876 12.4123 6.28256 9.44078 7.21825 6.01352 4.8103 3.46999
threshold=0.0047442500191783882 -0.00011775243431594598 0.00073185741853035505 0.037774895919174753 -0.0035853039218189642 0.36480338360810377 0.008905214879901922 0.37500000000000006 1.7749908674607224 65202.000000000007 0.53978210209998168 0.56252897511460942 1.164298206649143 0.59493542773920949
decision_type=2 2 2 2 2 2 2 2 2 2 2 2 2 2
left_child=1 4 3 -3 12 6 7 -2 10 -10 -7 -6 -1 -8
right_child=5 2 -4 -5 11 8 13 -9 9 -11 -12 -13 -14 -15
leaf_value=0.007816780067887415 0.025375676022577877 -0.019149493610817088 0.039666484686886105 0.016962371332915515 -0.0003052740997939168 -0.0062250954087591419 0.04639077342898517 -0.013251403250136988 -0.010801695505745923 -4.9493852751946681e-05 0.0031289576356923429 0.030470680132056081 -0.041470978816142097 0.017490962850294976
leaf_weight=3.7046167775988605 12.496286615729334 52.276426021009684 2.4658975899219504 6.8515969328582278 11.009871892631056 85.030624613165855 5.287704303860667 18.677491389214993 99.951525017619133 277.65557699650526 585.40462943911552 11.879590317606924 3.43410374969244 12.768568277359007
leaf_count=18 42 327 8 37 45 311 13 75 421 951 1948 43 19 40
internal_value=0.000172728 -0.00591422 -0.0127778 -0.0149649 0.00816435 0.000680987 0.010933 0.00223261 0.000199414 -0.00289557 0.00194259 0.0156674 -0.0158932 0.0259542
internal_weight=1188.89 91.6221 61.5939 59.128 30.0282 1097.27 49.2301 31.1738 1048.04 377.607 670.435 22.8895 7.13872 18.0563
internal_count=4298 497 372 364 125 3801 170 117 3631 1372 2259 88 37 53
is_linear=0
shrinkage=0.03


Tree=157
num_leaves=15
num_cat=0
split_feature=17 22 7 29 28 3 28 18 8 9 14 7 0 11
split_gain=4.08767 6.83453 17.2685 11.7 7.28767 6.44896 12.5977 10.5775 8.64464 10.9381 8.59854 7.56142 5.5166 15.1213
threshold=-0.0059923998569293103 340025491.87950009 204372414.70550001 0.054479865200922115 0.0022436202765050007 0.62305835298209533 0.0018083551394848425 0.0099960255356918003 0.0035758825230124717 2.4151086879943793 0.92087045939510481 15788255.416500002 -0.0020096988020045932 0.014519057644505078
decision_type=2 2 2 2 2 2 2 2 2 2 2 2 2 2
left_child=1 12 3 -3 -4 8 11 -8 9 -2 -10 -7 13 -1
right_child=5 2 4 -5 -6 6 7 -9 10 -11 -12 -13 -14 -15
leaf_value=-0.035864695391847209 0.0024446894204880601 0.0016513986326067303 0.011959662738983452 -0.033989272389097686 -0.026481079908017152 -0.014681731006218083 -0.0036717296660827279 0.014381585713321956 0.018108570173548385 -0.007648896306282944 -0.023359470462391427 -0.0037526825638572055 0.011050307935776604 0.016837841542326978
leaf_weight=8.6875647976994532 436.41687717288733 14.189745813608168 46.863957680761814 19.936811365187168 4.9029945433139792 88.183994445949793 66.494302280247211 52.090321660041809 41.720619462430477 124.10325570963323 5.0444156229495993 160.98512958735228 107.09081774204969 11.237558737397192
leaf_count=35 1531 46 145 76 18 387 299 170 138 506 20 550 343 34
internal_value=0.000167474 0.00393342 -0.00260281 -0.01917 0.00831883 -0.000654857 -0.00379011 0.0042585 0.00124376 0.000209896 0.0136355 -0.00762061 0.00835349 -0.00614102
internal_weight=1187.95 212.909 85.8935 34.1266 51.767 975.039 367.754 118.585 607.285 560.52 46.765 249.169 127.016 19.9251
internal_count=4298 697 285 122 163 3601 1406 469 2195 2037 158 937 412 69
is_linear=0
shrinkage=0.03


Tree=158
num_leaves=9
num_cat=0
split_feature=29 20 29 25 20 9 13 12
split_gain=3.91948 8.942 5.4746 7.20241 10.503 6.33592 12.1755 12.0153
threshold=0.10537295470779141 -0.0068392118460909581 0.083589255151850853 0.00066001127197761367 -0.050503255378940064 1.4532530813411066 0.029409197074167562 -0.0077303024405865764
decision_type=2 2 2 2 2 2 2 2
left_child=2 -2 5 4 -4 7 -7 -1
right_child=1 -3 3 -5 -6 6 -8 -9
leaf_value=0.0059836500497755388 0.035420515806641351 -0.0099065817446682518 0.02688159827593788 -0.044477931600001887 -0.010310215025367398 -0.006509681261821631 0.0027203399154305152 -0.0028175881919229773
leaf_weight=362.29192225635052 8.6921618133783323 7.1302893459796897 7.8058251440525046 4.6236513704061499 54.878387428820133 261.14525846391916 253.46674443781376 227.1141580119729
leaf_count=1195 24 24 22 18 184 1105 854 872
internal_value=0.000162638 0.0149941 -3.77078e-05 -0.00834413 -0.00567886 0.000468704 -0.00196353 0.00259229
internal_weight=1187.15 15.8225 1171.33 67.3079 62.6842 1104.02 514.612 589.406
internal_count=4298 48 4250 224 206 4026 1959 2067
is_linear=0
shrinkage=0.03


Tree=159
num_leaves=14
num_cat=0
split_feature=14 25 25 25 9 15 25 25 14 14 7 3 20
split_gain=4.10117 10.7501 14.2122 10.5401 9.20676 6.57064 7.86561 14.8805 7.54225 7.26945 6.6693 4.90637 3.9826
threshold=0.23615040564243617 0.00028056688072617883 0.00036884631460968323 0.00025121373136027418 0.65239545784920383 -0.0020728150694144256 -0.00032854652578780775 -0.00019756117001413972 0.29331893499504208 0.38210080038820232 615098.89600000018 0.3103913630229444 -0.023473809081047549
decision_type=2 2 2 2 2 2 2 2 2 2 2 2 2
left_child=1 3 12 4 -1 6 9 -8 -7 -2 -10 -4 -3
right_child=5 2 11 -5 -6 8 7 -9 10 -11 -12 -13 -14
leaf_value=0.010062935187773438 0.030734799084528006 0.016925988990783555 -0.013191102283366132 -0.045627836787932301 -0.0086150253910248983 -0.038422540981259329 -0.030175641604339672 0.0062786206473596871 -0.018267051331685838 -0.0015439943880331873 0.00057634729665069083 0.0046200099561687791 0.043011927580995084
leaf_weight=28.065961550921202 19.99907705932856 18.527558736503128 22.893962793052197 6.1646385602653018 154.50397557765245 4.5947889387607566 10.907129138708113 132.52964876592159 17.31162728741765 9.1531693935394269 718.94507517665625 35.508291933685541 7.3598056286573401
leaf_count=100 63 59 84 28 585 22 43 438 113 32 2584 123 24
internal_value=0.000157944 -0.00306823 0.00583949 -0.00704645 -0.00574372 0.00112224 0.00639385 0.00350659 -0.000105843 0.0206 0.000133282 -0.00236203 0.0243422
internal_weight=1186.46 273.024 84.2896 188.735 182.57 913.441 172.589 143.437 740.851 29.1522 736.257 58.4023 25.8874
internal_count=4298 1003 290 713 685 3295 576 481 2719 95 2697 207 83
is_linear=0
shrinkage=0.03


Tree=160
num_leaves=9
num_cat=0
split_feature=21 17 3 28 3 28 3 28
split_gain=4.05751 4.13217 6.45776 11.7654 8.42324 6.29042 12.0623 7.04969
threshold=29062663.000000004 -0.0059923998569293103 0.62305835298209533 0.0018083551394848425 0.31356507691427843 -0.0037651225293099432 0.26203346203346228 -0.00031358388307610728
decision_type=2 2 2 2 2 2 2 2
left_child=1 5 4 -4 -3 6 -1 -7
right_child=-2 2 3 -5 -6 7 -8 -9
leaf_value=0.011884351018967031 -0.029953947266529925 -0.0017597417773031678 -0.0074131694661627133 0.0040961668661056438 0.0053851614065735512 0.011946377633973751 -0.043165321071174143 0.00047625289261007123
leaf_weight=7.3029166460037214 4.0150275975465766 343.00037957727909 248.64376600086689 117.81328658387065 261.88162196800113 85.375486060976982 7.0314517766237259 110.82813061028719
leaf_count=22 16 1265 937 467 923 275 33 360
internal_value=0.000153258 0.000255537 -0.000570319 -0.003713 0.00133362 0.00406571 -0.0151192 0.00546733
internal_weight=1185.89 1181.88 971.339 366.457 604.882 210.538 14.3344 196.204
internal_count=4298 4282 3592 1404 2188 690 55 635
is_linear=0
shrinkage=0.03


Tree=161
num_leaves=14
num_cat=0
split_feature=14 24 7 20 15 17 21 1 14 24 28 6 3
split_gain=3.91869 11.0591 11.1472 10.0614 6.19368 7.53092 10.9539 8.12155 7.37568 10.5892 8.9164 4.99256 2.26254
threshold=0.23615040564243617 1.3622191759801467 1174892871.6980002 -0.020236208727153183 -0.0020728150694144256 -0.003418971338759192 441139.00000000006 0.051860965249700637 0.57522167060507112 1.0164942018723144 0.0024722890846239909 32839.000000000007 0.61512243720832738
decision_type=2 2 2 2 2 2 2 2 2 2 2 2 2
left_child=1 2 3 -1 5 7 -7 -2 9 -6 -10 -3 -4
right_child=4 11 12 -5 8 6 -8 -9 10 -11 -12 -13 -14
leaf_value=0.0021726067095732392 0.018443369373665662 -0.012297793939184311 -0.051284243534742473 -0.012763042018787748 -0.003503514524686955 -0.016987558363766041 0.0064004829873182392 -0.0071897706786412845 0.00363905101829808 -0.033017164909093004 -0.0052817117779259022 -0.058586121674472184 -0.020771133970569292
leaf_weight=204.87385987117887 58.664926163852215 3.953076206147669 4.1422921121120435 50.623397663235664 163.45193349942565 23.597790695726871 76.287235930562019 13.727533489465712 433.96429958194494 11.726005911827086 131.36333538964391 4.4667286910116673 4.6335365921258926
leaf_count=707 182 18 17 221 619 97 250 47 1516 56 528 22 18
internal_value=0.000148706 -0.00300697 -0.0019286 -0.000786694 0.00109146 0.0062149 0.000875069 0.0135826 -0.0001005 -0.00547909 0.00156616 -0.0368539 -0.0351737
internal_weight=1185.48 272.693 264.273 255.497 912.783 172.277 99.885 72.3925 740.506 175.178 565.328 8.4198 8.77583
internal_count=4298 1003 963 928 3295 576 347 229 2719 675 2044 40 35
is_linear=0
shrinkage=0.03


Tree=162
num_leaves=10
num_cat=0
split_feature=25 3 13 17 25 17 12 18 0
split_gain=3.91636 4.84343 4.62074 7.07795 4.67339 4.3022 11.5065 6.16329 1.08946
threshold=-0.001013258929688022 0.40961388730107456 0.01036144786005474 0.0041156186119388769 -0.00024191820897113229 0.0071658434963870104 -0.0087818400293727897 0.013593057813398859 1.6025591822392139e-05
decision_type=2 2 2 2 2 2 2 2 2
left_child=1 -1 3 4 -2 7 -7 -4 -3
right_child=2 8 5 -5 -6 6 -8 -9 -10
leaf_value=-0.012481247208293174 -2.4458119397033935e-05 0.01613975128714034 -0.00033924200218452834 0.042166442694854908 -0.035196903204297948 -0.010051672306942946 0.0056104297422001521 0.0053126143836907556 0.036559215888157429
leaf_weight=3.7715352848172179 5.318012524396182 4.1671989262104017 750.04296288266778 1.6981921494007099 9.4265074785798788 110.89888601005077 68.166536152362823 225.96411029994488 5.3974295929074287
leaf_count=17 27 20 2775 6 100 384 226 717 26
internal_value=0.000144272 0.0163098 -3.97509e-05 -0.0158312 -0.022511 0.000185043 -0.00408943 0.00096927 0.0276627
internal_weight=1184.85 13.3362 1171.52 16.4427 14.7445 1155.07 179.065 976.007 9.56463
internal_count=4298 63 4235 133 127 4102 610 3492 46
is_linear=0
shrinkage=0.03


Tree=163
num_leaves=13
num_cat=0
split_feature=26 26 25 29 15 18 14 25 19 25 9 14
split_gain=3.86498 14.1435 13.9002 11.2492 8.14131 11.2222 9.2341 6.8793 14.3657 6.09046 4.96029 2.67741
threshold=-0.0056631139355676893 -0.0052103091899908362 -8.2793588663909222e-05 0.026202228363938863 -0.014698844488621476 0.0063778415694296263 0.13140681207370233 -0.0003944043076717358 1.0000000180025095e-35 -0.00038043631396730772 4.1103184793275593 0.061650440424904661
decision_type=2 2 2 2 2 2 2 2 2 2 2 2
left_child=2 3 11 -2 6 -6 -4 8 -3 -9 -5 -1
right_child=1 7 4 10 5 -7 -8 9 -10 -11 -12 -13
leaf_value=-0.0097970229789094577 0.0075765211070774868 0.012592032008667375 0.0065460204099295188 -0.051468644301109145 -0.018619295339931813 0.020636839274705689 -0.035188090711987509 -0.027254582943912271 -0.013340801893951124 -0.00050595445148559454 -0.0090205692806359598 -0.045752308453284464
leaf_weight=3.0225787758827201 6.2807602584362057 90.086581390351057 16.993690431118015 10.122344657778738 7.5058969371020785 51.679085463285446 6.6342734545469275 7.7232455760240546 24.441077873110771 951.6120179258287 3.2805897891521445 4.8625390082597733
leaf_count=14 25 315 56 46 39 158 25 32 104 3448 12 24
internal_value=0.000140006 -0.000353571 0.00609106 -0.0255536 0.00971505 0.0156583 -0.00517211 0.000108341 0.00705777 -0.000721298 -0.0410788 -0.0319697
internal_weight=1184.24 1093.55 90.6981 19.6837 82.8129 59.185 23.628 1073.86 114.528 959.335 13.4029 7.88512
internal_count=4298 3982 316 83 278 197 81 3899 419 3480 58 38
is_linear=0
shrinkage=0.03


Tree=164
num_leaves=13
num_cat=0
split_feature=1 14 14 17 3 25 9 22 9 21 27 13
split_gain=3.82489 8.37746 10.954 10.0995 7.32124 6.30776 6.05484 7.51753 6.58803 5.60765 4.77869 2.0501
threshold=0.020474667162901666 0.56609447971873894 0.59493542773920949 -0.0017353126958031997 0.47003446747481209 0.00021089200597581385 0.29969352518855713 21941153.726500001 0.40830953169482126 398332.50000000006 -0.0060734160173197653 0.035371798076826173
decision_type=2 2 2 2 2 2 2 2 2 2 2 2
left_child=1 4 -3 -4 5 -1 9 10 -9 -2 -8 -6
right_child=6 2 3 -5 11 -7 7 8 -10 -11 -12 -13
leaf_value=-0.020519053755567274 0.040735151804125604 0.039417325879761593 -0.028488215921157686 0.0032228477941772041 -0.041375420598857446 0.016669185393302061 0.0045749431758997207 -0.016553805276962069 0.0011181306003150433 -0.0023327584044362396 -0.02361461512673059 -0.013428285006320713
leaf_weight=10.164929471910005 6.4644837602972967 5.93403635919094 11.482463799417017 42.4759182035923 10.46253080293536 6.8855539821088305 7.6208944171667126 19.340155363082886 1036.3142073750496 4.6985586434602737 18.674442283809185 3.0513049066066733
leaf_count=46 22 16 55 182 63 26 42 70 3627 15 123 11
internal_value=0.0001359 -0.00579262 0.000729347 -0.00352534 -0.0185728 -0.0055012 0.000626493 0.000399701 0.000794371 0.0226077 -0.0154447 -0.0350652
internal_weight=1183.57 90.4567 59.8924 53.9584 30.5643 17.0505 1093.11 1081.95 1055.65 11.163 26.2953 13.5138
internal_count=4298 399 253 237 146 72 3899 3862 3697 37 165 74
is_linear=0
shrinkage=0.03


Tree=165
num_leaves=14
num_cat=0
split_feature=14 7 25 25 25 25 26 14 25 22 15 10 3
split_gain=3.79817 9.82936 9.0544 12.4021 10.4709 6.47682 12.2462 13.2476 12.1355 10.6114 9.05273 6.40871 2.10539
threshold=0.23615040564243617 1174892871.6980002 0.00028056688072617883 0.00036884631460968323 0.00025121373136027418 4.7611398767522307e-05 0.0063194348688338656 0.87595208195001817 1.6928064650709673e-05 697287379.75250018 -0.0024981425971892452 0.014769944432810234 0.57257515697898886
decision_type=2 2 2 2 2 2 2 2 2 2 2 2 2
left_child=1 2 4 -4 -1 8 7 -7 10 -8 -2 -10 -3
right_child=5 12 3 -5 -6 6 9 -9 11 -11 -12 -13 -14
leaf_value=-0.0043314595270429702 0.012382572556339245 -0.050216110331420538 0.023570675135020452 -0.0015751921861729638 -0.044366070389429871 -0.00029374931415549567 0.029226124815954005 -0.014301350055825867 0.0093049700315154076 -0.015878189432890009 0.00035051345612072148 0.036211018722561043 -0.020708700918602375
leaf_weight=175.39112954586744 66.690581023693085 4.0170106887817365 25.774248391389847 56.019341178238392 6.083660449832677 352.26949294283986 19.782107487320904 73.431258222088218 17.846405252814293 6.1550087034702292 360.46955950185657 14.392913237214087 4.7492218390107155
leaf_count=658 217 16 83 199 28 1278 62 308 60 25 1306 39 19
internal_value=0.000131666 -0.00297904 -0.00193845 0.00634861 -0.00567356 0.00106052 -0.00149062 -0.00270999 0.00356856 0.0185226 0.00222902 0.0213169 -0.0342301
internal_weight=1183.07 272.035 263.268 81.7936 181.475 911.037 451.638 425.701 459.399 25.9371 427.16 32.2393 8.76623
internal_count=4298 1003 968 282 686 3295 1673 1586 1622 87 1523 99 35
is_linear=0
shrinkage=0.03


Tree=166
num_leaves=13
num_cat=0
split_feature=15 22 14 24 1 21 25 12 18 22 4 1
split_gain=3.84233 8.53624 10.1651 9.26155 8.07637 6.67556 10.7592 10.4972 7.35859 7.04272 5.7184 8.39023
threshold=0.005199683019286523 2136951997.4805005 0.91060194965718932 0.65484631122645343 0.038924982494747427 2665804.5000000005 -0.00066367208651680395 -0.0013623567316536037 0.027542593530263639 1228111786.4035003 322.50000000000006 0.032131300249803492
decision_type=2 2 2 2 2 2 2 2 2 2 2 2
left_child=5 2 3 -2 -4 8 -7 -8 9 -1 11 -3
right_child=1 10 4 -5 -6 6 7 -9 -10 -11 -12 -13
leaf_value=0.00024037390421005467 0.011144414070233664 -0.0016078078651529935 -0.0008848535675526402 -0.0011444967176382462 -0.018597104027428091 0.032234036750026368 -0.0054744281309081948 -0.034300822687953564 -0.03261420815685602 0.020607432099219541 -0.0036932108506725508 0.040749213599808556
leaf_weight=616.99372539296746 113.42395513504744 6.136367514729506 82.991574294865131 107.51404324173927 32.142658650875092 6.3589048013091078 162.34200798347592 12.22550407797098 6.0078081339597693 15.668130844831465 7.2886150479316703 13.399355277419088
leaf_count=2329 370 21 313 367 124 23 567 52 22 48 25 37
internal_value=0.000127844 0.00269781 0.00139791 0.00516432 -0.00582968 -0.00101007 -0.00609696 -0.00749323 0.000430973 0.000744772 0.0189838 0.0274444
internal_weight=1182.49 362.897 336.072 220.938 115.134 819.596 180.926 174.568 638.67 632.662 26.8243 19.5357
internal_count=4298 1257 1174 737 437 3041 642 619 2399 2377 83 58
is_linear=0
shrinkage=0.03


Tree=167
num_leaves=10
num_cat=0
split_feature=29 4 29 25 20 9 13 25 20
split_gain=3.73065 8.7131 5.16114 6.65561 9.96614 5.77666 11.2068 8.48729 2.56002
threshold=0.10537295470779141 62.500000000000007 0.083589255151850853 0.00066001127197761367 -0.050503255378940064 1.4532530813411066 0.029409197074167562 -0.000152581626249253 -0.014650744028012433
decision_type=2 2 2 2 2 2 2 2 2
left_child=2 -2 5 4 -4 7 -7 -1 -3
right_child=1 8 3 -5 -6 6 -8 -9 -10
leaf_value=0.0088205498668874321 -0.018827836229469291 0.042883802688325527 0.02636581243845549 -0.042768426716895097 -0.010059393306217648 -0.0062764128752354877 0.0025963557486944591 0.00040965005786199607 0.01360473512474665
leaf_weight=142.66583536565304 4.8357280492782584 5.9220154285430899 7.7110857814550391 4.6503593921661368 54.827152885496616 260.01471419632435 252.56165758520365 444.0606532767415 4.9209733307361594
leaf_count=490 17 16 22 18 184 1105 854 1577 15
internal_value=0.000124207 0.0146607 -7.11764e-05 -0.00814286 -0.00556809 0.000422159 -0.00190454 0.00245481 0.0295958
internal_weight=1182.17 15.6787 1166.49 67.1886 62.5382 1099.3 512.576 586.726 10.843
internal_count=4298 48 4250 224 206 4026 1959 2067 31
is_linear=0
shrinkage=0.03


Tree=168
num_leaves=11
num_cat=0
split_feature=27 8 6 7 29 4 29 25 8 25
split_gain=3.79272 5.91533 5.84158 10.7042 5.61488 8.81736 6.89631 6.87729 4.32742 3.2136
threshold=0.036259919891268644 -0.015610704301682184 306097.50000000006 55951032.5295 0.10537295470779141 67.500000000000014 0.083589255151850853 0.00066001127197761367 0.0073779523237365611 0.00011771404345774827
decision_type=2 2 2 2 2 2 2 2 2 2
left_child=4 -2 3 -3 6 -6 8 -8 -1 -4
right_child=1 2 9 -5 5 -7 7 -9 -10 -11
leaf_value=0.0010257622444472692 -0.01984603013536736 0.0094004138861899962 0.026251242469850472 -0.038852628325533302 -0.015200126378736956 0.035582737233912552 -0.0076370029719884432 -0.046754945941220316 -0.0037292423093718543 0.0029590998838709181
leaf_weight=829.50165826268494 6.4773121625185004 23.411578230559829 20.576019659638408 5.0258350968360892 4.610610142350196 9.251863166689871 53.668625921010971 4.3746025413274756 217.39892299100757 7.1953429877758017
leaf_count=3055 23 80 62 19 16 26 178 17 798 24
internal_value=0.000120662 0.00730147 0.0104299 0.000872499 -0.000281674 0.0186925 -0.000519722 -0.0105852 3.83401e-05 0.0202164
internal_weight=1181.49 62.6861 56.2088 28.4374 1118.81 13.8625 1104.94 58.0432 1046.9 27.7714
internal_count=4298 208 185 99 4090 42 4048 195 3853 86
is_linear=0
shrinkage=0.03


Tree=169
num_leaves=15
num_cat=0
split_feature=26 26 28 3 5 29 23 20 26 28 4 22 26 9
split_gain=3.76098 13.03 12.9354 12.6011 10.8674 10.5343 8.4455 11.5733 8.28629 5.44825 10.4853 5.44112 4.86273 4.77768
threshold=-0.0056631139355676893 -0.0052103091899908362 -0.0037651225293099432 0.24056818509234459 0.0044455347816922111 0.026202228363938863 1.5141820410924669 -0.0075093131719243264 -0.012359921126963077 -0.0027696511046732589 227.50000000000003 87746672.062000006 -0.0016056796570023788 4.1103184793275593
decision_type=2 2 2 2 2 2 2 2 2 2 2 2 2 2
left_child=2 5 3 8 -5 -2 11 -8 -1 10 -3 -4 -11 -7
right_child=1 9 6 4 -6 13 7 -9 -10 12 -12 -13 -14 -15
leaf_value=0.04387783825442184 0.0074161945727607721 -0.041845057313558177 0.0014474119076648259 -0.05089330848808564 -0.0039856528135300794 -0.050022743456850233 -0.020892217634562331 0.03451715897278311 -0.0049059499504423079 0.0043954979852493872 0.0061810116861415482 0.027158285855816713 -0.00068262744154467365 -0.0082886031108202786
leaf_weight=4.8049781247973433 6.2740716636180904 7.9390686005353954 9.5602613463997823 8.4114841967821139 9.4266468137502653 10.023203015327452 11.229457549750807 4.8612933605909339 9.0091430395841616 212.51496658101678 8.4418155178427678 32.904725149273872 842.64452708885074 3.2755152285099021
leaf_count=14 25 35 36 40 36 46 43 16 29 736 27 102 3101 12
internal_value=0.000117237 -0.000369478 0.00600432 -0.00944723 -0.0261047 -0.0246264 0.0143566 -0.00415209 0.0120626 7.35997e-05 -0.017095 0.0213699 0.000340135 -0.0397435
internal_weight=1181.32 1091.11 90.208 31.6523 17.8381 19.5728 58.5557 16.0908 13.8141 1071.54 16.3809 42.465 1055.16 13.2987
internal_count=4298 3982 316 119 76 83 197 59 43 3899 62 138 3837 58
is_linear=0
shrinkage=0.03


Tree=170
num_leaves=9
num_cat=0
split_feature=21 6 24 7 29 21 6 12
split_gain=3.69215 3.75547 8.19691 6.49553 4.90274 4.31979 3.77925 2.69268
threshold=29062663.000000004 5045.5000000000009 0.90902525603573425 2682334.5510000004 0.019023997455488426 77898.500000000015 854507.00000000012 -0.0011421805609487807
decision_type=2 2 2 2 2 2 2 2
left_child=1 2 3 -1 6 -6 -3 -4
right_child=-2 4 7 -5 5 -7 -8 -9
leaf_value=0.0058882129980858356 -0.028669576387912329 -0.034584073397905028 -0.033678450937049721 -0.022416840210189165 0.013515061140225756 0.00047700528272236989 0.016124601680817176 0.0004255223477506647
leaf_weight=31.351766351610422 3.9972874075174323 5.9608924388885489 11.309474214911459 9.5101163238286954 23.360433254390955 1090.9198803976178 1.700015567243099 2.5541919097304335
leaf_count=156 16 65 67 39 85 3846 11 13
internal_value=0.000113811 0.000211592 -0.00746232 -0.000699451 0.000585906 0.000750343 -0.0233314 -0.0273953
internal_weight=1180.66 1176.67 54.7255 40.8619 1121.94 1114.28 7.66091 13.8637
internal_count=4298 4282 275 195 4007 3931 76 80
is_linear=0
shrinkage=0.03


Tree=171
num_leaves=14
num_cat=0
split_feature=9 28 7 5 7 26 26 28 3 29 29 25 7
split_gain=3.64956 10.1111 8.156 7.42091 5.56975 4.37287 15.701 13.9726 11.8157 8.19375 7.98597 7.15113 2.54627
threshold=12.46760726685441 -0.0015217341965409498 33330072.872500006 -0.0025301866464516672 7521182.2500000009 -0.0056631139355676893 -0.0052103091899908362 -0.0037651225293099432 0.24056818509234459 0.027464563912349551 0.033154001089440666 -0.0003944043076717358 22529906.051500004
decision_type=2 2 2 2 2 2 2 2 2 2 2 2 2
left_child=5 12 4 -4 -3 7 10 8 -1 -9 -7 -8 -2
right_child=1 2 3 -5 -6 6 11 9 -10 -11 -12 -13 -14
leaf_value=0.011735100722296849 -0.015307606818377959 0.0075496522884198605 -0.010638636305201021 0.016298034957385379 -0.030149260392036095 -0.0038386949451851499 0.0075880925997603961 -0.026571379189176094 -0.025383077395435712 0.019044797163635344 -0.047729827251768442 -0.00046592236484165696 -0.051052972246458779
leaf_weight=13.763274163007738 2.7493028491735449 4.9277922771871117 15.48039363324642 22.705693401396275 12.408996745944021 6.2577555514872065 111.46991083398461 3.8025195971131316 17.573630042374134 52.116963684558868 9.2397211045026761 902.74219140224159 5.1590864509344101
leaf_count=43 12 22 60 76 59 30 408 22 75 165 38 3261 27
internal_value=0.000110252 -0.00688971 -0.00236931 0.00537808 -0.0194338 0.000507772 -3.86475e-05 0.00695605 -0.00908065 0.0159429 -0.0300069 0.000419277 -0.0386263
internal_weight=1180.4 63.4313 55.5229 38.1861 17.3368 1116.97 1029.71 87.2564 31.3369 55.9195 15.4975 1014.21 7.90839
internal_count=4298 256 217 136 81 4042 3737 305 118 187 68 3669 39
is_linear=0
shrinkage=0.03


Tree=172
num_leaves=7
num_cat=0
split_feature=1 1 0 22 26 3
split_gain=3.63119 4.64838 8.75899 4.28863 4.1024 2.88894
threshold=0.17857326603683971 0.12663377598747735 8.9017545505650002e-05 10978654.450500002 0.0020274897638310608 0.049171312625629383
decision_type=2 2 2 2 2 2
left_child=1 3 -3 5 -5 -1
right_child=-2 2 -4 4 -6 -7
leaf_value=0.0096011179374289272 0.024045289465210853 0.0088500523218069584 -0.051785634028983653 -0.0011081649915221895 0.0025624552024680878 -0.031804474250021406
leaf_weight=2.0159240514039976 5.6755715459585181 4.2127220779657346 4.366330549120903 711.34752779081464 445.74715803191066 6.1225358285009861
leaf_count=14 16 14 18 2544 1639 53
internal_value=0.000106986 -8.76e-06 -0.0220106 0.000153229 0.000305867 -0.0215482
internal_weight=1179.49 1173.81 8.57905 1165.23 1157.09 8.13846
internal_count=4298 4282 32 4250 4183 67
is_linear=0
shrinkage=0.03


Tree=173
num_leaves=6
num_cat=0
split_feature=17 1 14 7 9
split_gain=3.61821 4.36368 4.36528 11.3581 5.83671
threshold=0.024906946478528796 0.17857326603683971 0.23615040564243617 1174892871.6980002 0.53978210209998168
decision_type=2 2 2 2 2
left_child=1 2 3 -1 -4
right_child=-2 -3 4 -5 -6
leaf_value=-0.0021760071104594473 -0.027265239583614435 0.02708818083028447 -0.0068688201452933124 -0.037858812107159072 0.0018142547594678525
leaf_weight=260.30589505285025 4.3313236832618704 5.4090198874473563 76.099892221391201 8.2838997170329076 824.96266017854214
leaf_count=963 16 15 295 34 2975
internal_value=0.000103745 0.000204628 8.03058e-05 -0.00327654 0.00108092
internal_weight=1179.39 1175.06 1169.65 268.59 901.063
internal_count=4298 4282 4267 997 3270
is_linear=0
shrinkage=0.03


Tree=174
num_leaves=10
num_cat=0
split_feature=25 13 17 25 29 29 29 22 15
split_gain=3.5298 4.27354 6.64533 4.48944 4.10629 9.0104 5.73515 3.78071 0.369511
threshold=-0.001013258929688022 0.01036144786005474 0.0041156186119388769 -0.00024191820897113229 0.020007434860058581 0.021290138249447751 0.019982888506241938 90209430.851500019 0.007011055214636336
decision_type=2 2 2 2 2 2 2 2 2
left_child=7 2 3 -2 6 -6 -3 -1 -9
right_child=1 4 -4 -5 5 -7 -8 8 -10
leaf_value=-0.0019189048400035974 -0.00014864224463827271 -0.012448928952810544 0.040541553979106963 -0.035000078068666896 -0.033384061331037614 1.4344518248972594e-05 0.015059057985192604 0.035082734500005403 0.020167577889218018
leaf_weight=5.9746543169021589 5.2696984335780135 8.5934528559446317 1.7031558156013478 9.0213498622179014 7.3183197081089011 1101.3485336378217 33.078625664114952 4.8912481442093849 2.1528976783156395
leaf_count=23 27 60 6 100 43 3890 109 26 14
internal_value=0.000100654 -7.27459e-05 -0.0154733 -0.0221489 0.000141382 -0.000206119 0.00938647 0.0156353 0.0305242
internal_weight=1179.35 1166.33 15.9942 14.291 1150.34 1108.67 41.6721 13.0188 7.04415
internal_count=4298 4235 133 127 4102 3933 169 63 40
is_linear=0
shrinkage=0.03


Tree=175
num_leaves=14
num_cat=0
split_feature=9 28 5 24 22 24 9 22 16 29 20 29 5
split_gain=3.59595 9.54908 7.13153 5.99474 5.8617 4.05401 8.17023 8.03755 6.49017 4.30305 6.85388 4.7769 2.45204
threshold=12.46760726685441 -0.0015217341965409498 -0.0070715154012836847 0.80870757199680154 282838847.97200006 0.34734240612621686 1.0046509883724175 250982456.93450004 0.37500000000000006 0.10537295470779141 -0.012395229073814478 0.083589255151850853 -0.003496535517876462
decision_type=2 2 2 2 2 2 2 2 2 2 2 2 2
left_child=5 12 4 -4 -3 6 7 -1 -8 11 -11 -7 -2
right_child=1 2 3 -5 -6 9 8 -9 -10 10 -12 -13 -14
leaf_value=0.0057492875132480799 -0.013780362115939342 -0.04471284778566046 -0.0033692088226567538 0.022095808033643232 -0.0043224805453119675 0.0004653211567617442 0.039847644745060279 -0.047543600717522845 0.0090632287867590724 0.04253398189554667 -0.0064914739557879221 -0.0078694199621211266 -0.049662988837458663
leaf_weight=7.7322439029812795 2.5441800057888031 5.6848035156726819 30.618409130722284 11.424424871802328 7.5003120452165604 997.76658392325044 8.6404552310705203 3.7980738803744316 21.501942783594131 5.4465178847312927 4.8534976541995984 65.980231009423733 5.2523785606026641
leaf_count=32 12 32 119 40 26 3634 30 16 79 15 16 220 27
internal_value=9.75877e-05 -0.00687415 -0.00248663 0.00355048 -0.0217369 0.000491406 0.00967203 -0.0118053 0.0178877 0.0001352 0.0194326 -5.16516e-05 -0.0379537
internal_weight=1178.74 63.0245 55.2279 42.0428 13.1851 1115.72 41.6727 11.5303 30.1424 1074.05 10.3 1063.75 7.79656
internal_count=4298 256 217 159 58 4042 157 48 109 3885 31 3854 39
is_linear=0
shrinkage=0.03


Tree=176
num_leaves=14
num_cat=0
split_feature=1 17 5 14 14 15 14 9 22 29 29 27 6
split_gain=3.59141 7.85572 10.2603 10.0608 7.17685 10.4505 6.39915 5.70795 6.68431 6.18555 5.17885 4.5563 1.14422
threshold=0.02055416291253704 -0.0018372266436798323 -0.003496535517876462 0.48184028718938249 0.23367186677672588 0.00024765298153062095 0.76197221098071322 0.29969352518855713 21941153.726500001 0.10537295470779141 0.04110264654322817 -0.0060734160173197653 43504.500000000007
decision_type=2 2 2 2 2 2 2 2 2 2 2 2 2
left_child=1 4 6 -4 12 -6 -3 10 11 -10 -2 -9 -1
right_child=7 2 3 -5 5 -7 -8 8 9 -11 -12 -13 -14
leaf_value=-0.031399797116135136 0.042793662154405852 0.034752766475983785 -0.039032683051953461 -0.00085938761255797481 0.011164851668561434 -0.028304350131447227 0.0011875581730053525 0.0048000814230318599 0.00046841289905359359 0.020973039123205077 0.0019264496625470079 -0.02292420494942814 -0.054253351958828175
leaf_weight=4.0939110182225695 5.4635208919644338 10.306646741926672 7.6087945736944667 33.891101907938719 11.547970350831749 12.652906913310288 10.142454594373701 7.5613714307546642 1034.2915042974055 13.412587031722067 5.7048133909702301 18.11910293251276 3.8036353513598442
leaf_count=26 18 34 45 149 43 60 42 42 3641 40 19 122 17
internal_value=9.46076e-05 -0.00552909 0.000712069 -0.00785827 -0.0175743 -0.00947077 0.0181049 0.000582269 0.000360269 0.000730911 0.0219186 -0.0147611 -0.0424066
internal_weight=1178.6 94.0474 61.949 41.4999 32.0984 24.2009 20.4491 1084.55 1073.38 1047.7 11.1683 25.6805 7.89755
internal_count=4298 416 270 194 146 103 76 3882 3845 3681 37 164 43
is_linear=0
shrinkage=0.03


Tree=177
num_leaves=15
num_cat=0
split_feature=17 26 28 4 26 26 12 9 7 24 3 28 8 5
split_gain=3.56361 6.31708 13.4409 10.8593 9.91584 7.03756 7.43362 5.64625 8.93916 13.3169 6.63409 12.8931 10.8368 5.25524
threshold=-0.0059923998569293103 0.0023612084470874058 -0.00031358388307610728 312.50000000000006 -0.0022494309990797779 0.0039599380343417574 -0.0022140411063568751 9.6968314735704411 43105859.035500012 0.60091001690229817 0.62305835298209533 0.0016421998420975185 0.0035758825230124717 -0.00033374769917378908
decision_type=2 2 2 2 2 2 2 2 2 2 2 2 2 2
left_child=1 2 4 -4 -1 -3 -7 10 13 -10 12 -12 -2 -9
right_child=7 5 3 -5 -6 6 -8 8 9 -11 11 -13 -14 -15
leaf_value=-0.00044598400181034632 0.00068836609389524264 0.022758385764978468 -0.0024191755648313618 -0.030915213319575047 0.019308238613423047 0.0082675740642843987 -0.033188338007087932 -0.011184073212483398 -0.017030045924713522 0.01865825953185328 -0.0076275665448499279 0.0047274241476698252 0.016217665650954362 -0.041164537939586049
leaf_weight=58.791070751845837 525.7879045996815 28.300177216529846 39.055187672376633 17.397239193320274 37.428733438253403 25.273781232535843 4.6016525924205771 11.167759176343681 20.908011343330145 17.11148714646697 223.22137572616339 115.2748139090836 43.812766015529633 9.9507216662168485
leaf_count=209 1904 83 128 65 113 81 18 54 86 59 847 452 146 53
internal_value=9.16073e-05 0.00362555 0.000420131 -0.0112009 0.00723825 0.0120377 0.0018822 -0.000678759 -0.00966066 -0.000967762 -9.3831e-05 -0.00342008 0.00188285 -0.0253104
internal_weight=1178.08 210.848 152.672 56.4524 96.2198 58.1756 29.8754 967.235 59.138 38.0195 908.097 338.496 569.601 21.1185
internal_count=4298 697 515 193 322 182 99 3601 252 145 3349 1299 2050 107
is_linear=0
shrinkage=0.03


Tree=178
num_leaves=13
num_cat=0
split_feature=27 17 29 20 29 6 6 29 15 9 6 20
split_gain=3.5473 7.7902 5.98664 6.31827 5.70324 6.34551 7.91315 6.20526 4.88334 4.81252 3.10354 2.87141
threshold=0.036259919891268644 0.020960223430553353 0.10537295470779141 -0.0068392118460909581 0.061710444205701737 240154.50000000003 111742.50000000001 0.036590279387962693 0.017813940964861382 12.46760726685441 386330.00000000006 0.034896497420175678
decision_type=2 2 2 2 2 2 2 2 2 2 2 2
left_child=1 2 9 -4 7 6 -6 -2 -7 -1 -3 -9
right_child=4 10 3 -5 5 8 -8 11 -10 -11 -12 -13
leaf_value=0.00013137138836560094 -0.011403802900325648 -0.045021192725654205 0.038277852647557613 -0.0049132945917437932 0.0050694339572178995 0.02412112354687802 -0.047853649843883093 0.014160566489767904 -0.0048935375239108963 -0.0091579799883138528 -0.0087076771070209204 0.034825900038890377
leaf_weight=1041.2664469927549 5.9040896296501186 4.7400270104408246 7.4030017107725143 5.1819835156202299 5.08124887943268 9.0417396575212496 5.0897135883569717 14.460017621517183 12.3534779548645 52.735138520598412 3.8294594436883926 10.406266331672667
leaf_count=3797 27 20 21 17 16 27 20 45 41 222 13 32
internal_value=8.89103e-05 -0.000300399 -7.97446e-05 0.0204935 0.00705337 -0.00190576 -0.0214141 0.0162442 0.00736822 -0.000316412 -0.0287937 0.0228088
internal_weight=1177.49 1115.16 1106.59 12.585 62.3366 31.5662 10.171 30.7704 21.3952 1094 8.56949 24.8663
internal_count=4298 4090 4057 38 208 104 36 104 68 4019 33 77
is_linear=0
shrinkage=0.03


Tree=179
num_leaves=9
num_cat=0
split_feature=21 6 24 7 25 21 25 22
split_gain=3.52489 3.51889 7.75477 6.14557 5.48397 3.9991 12.5448 5.67172
threshold=29062663.000000004 5045.5000000000009 0.90902525603573425 2682334.5510000004 0.00043110765201424605 77898.500000000015 -0.000152581626249253 19927116.255500004
decision_type=2 2 2 2 2 2 2 2
left_child=1 2 3 -1 -4 6 -3 -7
right_child=-2 5 4 -5 -6 7 -8 -9
leaf_value=0.0056869941585503594 -0.028104292683355462 0.044299769892885796 -0.035964194551541658 -0.021909177702473095 0.012976609407140093 -0.018940351450833955 -0.002453690347963318 0.00052389673104519133
leaf_weight=31.280485473573208 3.9783713668584815 7.6631369143724468 11.088458776473997 9.4591115191578847 2.5309429913759223 13.643497101962565 15.844687290489672 1081.6017985232174
leaf_count=156 16 22 69 39 11 101 65 3819
internal_value=8.64242e-05 0.000182027 -0.00727191 -0.000720415 -0.0268693 0.000544206 0.0127871 0.00028143
internal_weight=1177.09 1173.11 54.359 40.7396 13.6194 1118.75 23.5078 1095.25
internal_count=4298 4282 275 195 80 4007 87 3920
is_linear=0
shrinkage=0.03


end of trees

feature_importances:
qqq_gap=250
qqq_vwap_dev=220
atr_20d_pct=194
qqq_intra_ret=140
pm_rvol=139
pm_turnover=102
intra_curr_bar_ret=90
pm_volume=87
intra_curr_bar_range=85
intra_turnover=84
pm_intra_gain=81
intra_range_retention=78
intra_volume=74
intra_vol_acceleration=65
pm_surge_retention=64
intra_range_pct=60
pm_vwap_dev=56
alpha_vs_qqq=55
intra_rvol=49
pm_final_velocity_10m=48
intra_vwap_dev=46
intra_low_from_open=44
intra_dist_to_pm_high=34
pm_gap=30
intra_high_from_open=30
intra_return_from_open=27
pm_peak_to_open_mins=24
intra_upbar_ratio=4
intra_breakout_pm_high=4

parameters:
[boosting: gbdt]
[objective: binary]
[metric: binary_logloss]
[tree_learner: serial]
[device_type: cpu]
[data_sample_strategy: bagging]
[data: ]
[valid: ]
[num_iterations: 180]
[learning_rate: 0.03]
[num_leaves: 15]
[num_threads: 15]
[seed: 42]
[deterministic: 0]
[force_col_wise: 0]
[force_row_wise: 0]
[histogram_pool_size: -1]
[max_depth: 4]
[min_data_in_leaf: 15]
[min_sum_hessian_in_leaf: 0.001]
[bagging_fraction: 0.8]
[pos_bagging_fraction: 1]
[neg_bagging_fraction: 1]
[bagging_freq: 0]
[bagging_seed: 400]
[bagging_by_query: 0]
[feature_fraction: 0.8]
[feature_fraction_bynode: 1]
[feature_fraction_seed: 30056]
[extra_trees: 0]
[extra_seed: 12879]
[early_stopping_round: 0]
[early_stopping_min_delta: 0]
[first_metric_only: 0]
[max_delta_step: 0]
[lambda_l1: 0]
[lambda_l2: 0]
[linear_lambda: 0]
[min_gain_to_split: 0]
[drop_rate: 0.1]
[max_drop: 50]
[skip_drop: 0.5]
[xgboost_dart_mode: 0]
[uniform_drop: 0]
[drop_seed: 17869]
[top_rate: 0.2]
[other_rate: 0.1]
[min_data_per_group: 100]
[max_cat_threshold: 32]
[cat_l2: 10]
[cat_smooth: 10]
[max_cat_to_onehot: 4]
[top_k: 20]
[monotone_constraints: ]
[monotone_constraints_method: basic]
[monotone_penalty: 0]
[feature_contri: ]
[forcedsplits_filename: ]
[refit_decay_rate: 0.9]
[cegb_tradeoff: 1]
[cegb_penalty_split: 0]
[cegb_penalty_feature_lazy: ]
[cegb_penalty_feature_coupled: ]
[path_smooth: 0]
[interaction_constraints: ]
[verbosity: -1]
[saved_feature_importance_type: 0]
[use_quantized_grad: 0]
[num_grad_quant_bins: 4]
[quant_train_renew_leaf: 0]
[stochastic_rounding: 1]
[linear_tree: 0]
[max_bin: 255]
[max_bin_by_feature: ]
[min_data_in_bin: 3]
[bin_construct_sample_cnt: 200000]
[data_random_seed: 175]
[is_enable_sparse: 1]
[enable_bundle: 1]
[use_missing: 1]
[zero_as_missing: 0]
[feature_pre_filter: 1]
[pre_partition: 0]
[two_round: 0]
[header: 0]
[label_column: ]
[weight_column: ]
[group_column: ]
[ignore_column: ]
[categorical_feature: ]
[forcedbins_filename: ]
[precise_float_parser: 0]
[parser_config_file: ]
[objective_seed: 16083]
[num_class: 1]
[is_unbalance: 0]
[scale_pos_weight: 1.81099]
[sigmoid: 1]
[boost_from_average: 1]
[reg_sqrt: 0]
[alpha: 0.9]
[fair_c: 1]
[poisson_max_delta_step: 0.7]
[tweedie_variance_power: 1.5]
[lambdarank_truncation_level: 30]
[lambdarank_norm: 1]
[label_gain: ]
[lambdarank_position_bias_regularization: 0]
[eval_at: ]
[multi_error_top_k: 1]
[auc_mu_weights: ]
[num_machines: 1]
[local_listen_port: 12400]
[time_out: 120]
[machine_list_filename: ]
[machines: ]
[gpu_platform_id: -1]
[gpu_device_id: -1]
[gpu_device_id_list: ]
[gpu_use_dp: 0]
[num_gpu: 1]

end of parameters

pandas_categorical:[]
