tree
version=v4
num_class=1
num_tree_per_iteration=1
label_index=0
max_feature_idx=29
objective=binary sigmoid:1
feature_names=pm_gap pm_intra_gain pm_gain pm_surge_retention pm_peak_to_open_mins pm_final_velocity_10m pm_volume pm_turnover pm_vwap_dev pm_rvol intra_return_from_open intra_high_from_open intra_low_from_open intra_range_pct intra_range_retention intra_vwap_dev intra_upbar_ratio intra_curr_bar_ret intra_curr_bar_range intra_breakout_pm_high intra_dist_to_pm_high intra_volume intra_turnover intra_rvol intra_vol_acceleration qqq_gap qqq_intra_ret alpha_vs_qqq qqq_vwap_dev atr_20d_pct
feature_infos=[-0.061484272200206469:0.10594795539033457] [0:0.34499999999999997] none [0:1] [0:325] [-0.049238373759256451:0.34499999999999997] [0:31845058] [0:8569697149.3370008] [-0.092066306955677898:0.048037611719781194] [0:31845058] [-0.32773109243697479:0.075118183864655658] [0:0.086564269511160377] [-0.32773109243697479:0] [0:0.32773109243697479] [0:1] [-0.22630560928433269:0.041185173988041682] [0:1] [-0.32773109243697479:0.075118183864655658] [0:0.32773109243697479] [0:1] [-0.25650557620817843:0.073500933674527952] [1:25176454] [258.5:6024610782.29] [2.0000000000000002e-05:18909303] none [-0.0011859246672332071:0.0012176347095871301] [-0.0051978093950753451:0.0077313562435293651] [-0.32716524535041369:0.074682158478288754] [-0.0032025193641372698:0.0051391827104186718] [0.0093137254901960592:0.71615304500823007]
tree_sizes=1685 1727 1726 1727 1733 1745 1726 1727 1747 1742 1746 1742 1743 1741 1750 1756 1740 1741 1746 1748 1748 1633 1748 1740 1740 1748 1741 1748 1740 1737 1742 1741 1729 1738 1741 1750 1728 1632 1737 1428 1731 1639 1753 1647 1529 1429 1744 1530 1643 1635 1538 1750 1737 1749 1742 1756 1639 1746 1648 1746 1541 1641 1530 1775 1238 1651 1745 1750 1738 1760 1651 1531 1769 1644 1757 1743 1216 1642 1627 1775 1635 1549 1778 1437 1540 1430 1749 1626 1434 1758 1318 1441 1517 1629 1320 1658 1757 1642 1538 1431 1751 1322 1738 1756 1643 1327 1528 1318 1759 1549 1523 1553 1447 1648 1636 1759 1436 1550 1761 1649 1445 1736 1649 1759 1429 1756 1434 1743 1746 1313 1533 1745 1741 1545 1434 1327 1325 1531 1329 1435 1322 1542 1667 1427 1330 1425 1630 1427 1767 1454 1641 1111 1421 1440 1527 1646 1201 1741 1563 1523 1761 1752 1439 1329 1007 1330 1528 1750 1752 1765 1230 1213 1431 1335 1661 1442 1228 1006 1424 1755

Tree=0
num_leaves=15
num_cat=0
split_feature=29 13 29 11 23 9 6 23 5 13 9 20 0 0
split_gain=2293.53 522.61 158.703 129.428 94.0221 109.737 85.6235 81.3406 79.9964 78.5574 64.7078 45.4985 33.6373 55.8673
threshold=0.055796232233848483 0.026964954047562325 0.039784523806720533 0.017886959142303118 3.6298128417194371 1.8715838398535507 81106.000000000015 4.1093888942048835 -0.0058126849670714102 0.041477932781601466 1.0211035650572791 -0.037593326307812029 0.0010915415069170866 0.00065171808971020955
decision_type=2 2 2 2 2 2 2 2 2 2 2 2 2 2
left_child=1 2 7 8 5 -3 -6 -1 9 -2 -4 -10 13 -5
right_child=3 4 10 12 6 -7 -8 -9 11 -11 -12 -13 -14 -15
leaf_value=-2.0436738385290494 -1.9539733648707245 -1.924222017081676 -2.0186753260216421 -1.8603056976484034 -1.983421625895033 -2.0165527797241256 -1.8667944065458792 -1.972651898085003 -1.85372425924335 -1.8347399373805942 -1.9737604654948608 -1.8971613000817289 -1.8299240616310186 -1.9683002275894548
leaf_weight=148.46044441312551 33.503496184945107 31.761724352836609 47.64258585870266 66.392250247299671 7.2744593843817702 18.23737695813179 25.614294052124023 16.085776410996914 28.278180688619614 5.8400590717792502 73.256879821419716 93.338487103581429 31.146981738507748 4.6105728596448889
leaf_count=1361 227 190 405 284 55 154 114 117 116 21 535 491 108 33
internal_value=-1.94998 -1.9983 -2.01756 -1.88233 -1.93199 -1.9579 -1.89259 -2.03673 -1.89909 -1.93627 -1.99146 -1.88706 -1.85592 -1.86732
internal_weight=631.444 368.334 285.446 263.11 82.8879 49.9991 32.8888 164.546 160.96 39.3436 120.899 121.617 102.15 71.0028
internal_count=4211 2931 2418 1280 513 344 169 1478 855 248 940 607 425 317
is_linear=0
shrinkage=1


Tree=1
num_leaves=15
num_cat=0
split_feature=13 13 1 22 13 15 23 13 23 0 25 13 22 28
split_gain=1030.99 213.949 199.581 130.642 79.3697 112.359 79.1168 76.546 95.9032 73.6865 68.3537 62.4783 52.354 27.6399
threshold=0.020045434630323974 0.027798527201872043 0.028670231226548597 32617574.850500003 0.044168050149416029 -0.014111960305139276 0.74105787280723179 0.016079623641893578 1.2690865784482488 0.0052059315155620943 0.00023942909229000692 0.013396919041180847 21003094.947500005 0.0018238324621521202
decision_type=2 2 2 2 2 2 2 2 2 2 2 2 2 2
left_child=2 3 11 6 5 -3 -2 10 -9 -5 -4 -1 -13 -6
right_child=1 4 7 9 13 -7 -8 8 -10 -11 -12 12 -14 -15
leaf_value=-0.016022037448161195 0.088864797492205674 0.039416757204482657 0.014725569590098304 0.094797640601289174 0.16682657115915514 0.12217230719895814 -0.017329903513184777 0.11267981071748168 0.03500843024502126 -0.034217728327684375 0.081860279131909949 -0.018814883299715496 0.037722772958789209 0.10451152490065628
leaf_weight=66.917893834412098 9.7468860894441622 16.239301346242428 46.139525681734085 141.71746802330017 42.440973334014416 162.73373194783926 17.927223734557629 35.720938213169575 23.866176262497902 4.0995107963681212 19.383432164788246 19.709657847881317 58.469088286161423 7.5449379831552497
leaf_count=619 58 112 382 801 139 752 163 187 181 38 120 181 441 37
internal_value=0.0745246 0.104958 0.0291974 0.0798294 0.123998 0.114663 0.0200721 0.0569635 0.0815704 0.0911705 0.0345858 0.00525595 0.0234691 0.157421
internal_weight=672.657 402.45 270.207 173.491 228.959 178.973 27.6741 125.11 59.5871 145.817 65.523 145.097 78.1787 49.9859
internal_count=4211 2100 2111 1060 1040 864 221 870 368 839 502 1241 622 176
is_linear=0
shrinkage=0.03


Tree=2
num_leaves=15
num_cat=0
split_feature=18 7 1 18 9 11 7 18 26 7 20 26 18 8
split_gain=829.783 277.421 174.933 113.884 95.9147 90.1348 85.2759 79.1834 64.9944 57.5979 49.723 42.056 35.8515 31.4249
threshold=0.020045434630323974 19372770.020500001 0.028670231226548597 0.027210696928721852 1.5405240298375353 0.029623739413285988 11174275.045500001 0.016499459081599315 -0.0047244607365594495 4294336.3890000004 -0.0050642929815435736 -0.00043050608785812641 0.029213659147869712 0.014579938560517822
decision_type=2 2 2 2 2 2 2 2 2 2 2 2 2 2
left_child=2 3 6 10 9 8 13 -8 -3 -4 -2 -6 -5 -1
right_child=1 5 4 12 11 -7 7 -9 -10 -11 -12 -13 -14 -15
leaf_value=-0.021296349870814406 0.042987038716037061 0.17827685779886923 0.010864519666893538 0.11754177115632138 0.00055570853588894024 0.13846772950797434 0.0047982615035710415 0.070391631359179793 0.096867503644404537 0.08883809888447701 -0.018922329446800383 0.049882841976104139 0.065309543099393116 0.087763627431585722
leaf_weight=71.125181898474693 29.072811588644981 9.14714217931032 9.9862808585166913 16.72761232405901 30.204867795109749 68.181890733540058 46.314410954713821 25.785480938851833 251.48474889993668 58.313861787319183 19.511906065046787 32.075406216084957 40.369392983615398 2.4601063132286063
leaf_count=669 202 24 81 71 253 217 394 163 1193 314 171 222 222 15
internal_value=0.0683211 0.0941682 0.0276701 0.0518845 0.0528853 0.107758 0.00506923 0.0282568 0.0997246 0.0774374 0.0181239 0.02596 0.0806119 -0.0176503
internal_weight=710.761 434.496 276.266 105.682 130.58 328.814 145.685 72.0999 260.632 68.3001 48.5847 62.2803 57.097 73.5853
internal_count=4211 2100 2111 666 870 1434 1241 557 1217 395 373 475 293 684
is_linear=0
shrinkage=0.03


Tree=3
num_leaves=15
num_cat=0
split_feature=29 18 29 1 6 29 23 26 0 23 27 18 27 26
split_gain=1333.59 311.461 125.343 90.4506 89.6024 64.2327 61.3818 52.4436 42.538 40.5875 39.2993 37.7505 35.9614 21.9918
threshold=0.055796232233848483 0.022846985034839812 0.039784523806720533 0.029950563164186567 255665.50000000003 0.06816460167034287 4.6946850034314753 -0.0005628228091725014 0.0056076907026150558 2.9479089049214409 0.0043231133470473396 0.044168050149416029 -0.012289324673045355 -0.0014017304807643852
decision_type=2 2 2 2 2 2 2 2 2 2 2 2 2 2
left_child=1 2 6 -4 9 8 -1 -6 12 -3 11 -7 -2 -12
right_child=5 4 3 -5 7 10 -8 -9 -10 -11 13 -13 -14 -15
leaf_value=-0.01672371355988176 0.059193213396729692 0.025139279404402862 0.0042181806133917074 0.059346188233136414 0.050146445241718046 0.096735825169947984 0.054627582999485141 0.10633422093540003 -0.00093823680415450086 0.069137226531184759 0.15230350651621188 0.15039375903186963 0.10118620305631189 0.1217977072755624
leaf_weight=138.82248613983393 22.17776258289814 54.921438679099083 54.527624674141407 52.649603448808193 22.812529504299164 86.256730161607265 11.77134135365486 43.379309646785259 4.3978104665875426 28.746743902564049 29.514871440827847 13.670624777674673 106.44547572731972 76.123434089124203
leaf_count=1275 114 368 444 321 127 363 75 172 32 149 72 29 430 240
internal_value=0.0630476 0.0264965 0.00650179 0.0312992 0.060889 0.107052 -0.0111465 0.0869695 0.0908086 0.0402561 0.117563 0.104077 0.0939456 0.130321
internal_weight=746.218 407.631 257.771 107.177 149.86 338.587 150.594 66.1918 133.021 83.6682 205.566 99.9274 128.623 105.638
internal_count=4211 2931 2115 765 816 1280 1350 299 576 517 704 392 544 312
is_linear=0
shrinkage=0.03


Tree=4
num_leaves=15
num_cat=0
split_feature=29 13 29 6 25 23 29 8 11 14 28 14 25 11
split_gain=1096.47 274.09 115.596 73.9296 68.9145 56.6261 49.0473 47.9125 42.9432 38.4377 38.1447 32.7109 42.7515 31.5733
threshold=0.055796232233848483 0.022846985034839812 0.039784523806720533 255665.50000000003 -0.00011775243431594598 4.6946850034314753 0.06816460167034287 0.00027659922928203318 0.0060607940414471343 0.47863624365948515 0.00065354307830297112 0.75734549678684548 -0.00044161127236986788 0.0048716545702338051
decision_type=2 2 2 2 2 2 2 2 2 2 2 2 2 2
left_child=1 2 5 9 -4 -1 8 -5 13 -3 -10 12 -8 -2
right_child=6 3 4 7 -6 -7 11 -9 10 -11 -12 -13 -14 -15
leaf_value=-0.016434368434778839 0.062694719124322479 0.059724702463977132 0.0645584417320616 0.054451371477685563 0.013449958972367164 0.050887211359332017 0.00074899610116595716 0.10400481600781232 0.10376314473740018 0.019490783479346085 0.064926622553910046 0.119908904780595 0.099186959966819921 -0.035520544248801494
leaf_weight=137.05561880022287 30.496013998985291 39.457899175584316 34.767999835312366 34.867314144968987 74.89215287566185 12.249799057841299 4.0930519700050345 35.379494875669479 75.052494242787361 46.620140701532364 32.668744742870331 85.329737201333046 132.84930717945099 3.2607913911342612
leaf_count=1275 149 211 208 172 557 75 26 127 255 306 147 227 451 25
internal_value=0.0585116 0.0252023 0.00626647 0.0565712 0.029654 -0.010911 0.0965406 0.0794087 0.0827328 0.0379339 0.0919851 0.105329 0.0962448 0.0532075
internal_weight=779.041 415.29 258.966 156.325 109.66 149.305 363.75 70.2468 141.478 86.078 107.721 222.272 136.942 33.7568
internal_count=4211 2931 2115 816 765 1350 1280 299 576 517 402 704 477 174
is_linear=0
shrinkage=0.03


Tree=5
num_leaves=15
num_cat=0
split_feature=13 7 13 20 13 13 5 26 27 11 25 5 15 1
split_gain=514.278 235.467 115.092 70.6945 65.763 58.0081 58.596 57.2546 50.9991 41.2907 37.5843 30.1441 24.0366 0.000520358
threshold=0.016499459081599315 15336891.136000002 0.02678269963727721 -0.035332769084530126 0.029213659147869712 0.0089425667657424199 -0.0038061635523010643 -0.0015995529932104626 0.012026441522374557 0.0060607940414471343 -0.00042814584735868057 0.0059562900066295194 -0.0033108449154676057 0.028038835615555164
decision_type=2 2 2 2 2 2 2 2 2 2 2 2 2 2
left_child=3 2 8 9 7 13 -7 -3 -2 12 -6 -4 -1 -5
right_child=1 4 11 5 10 6 -8 -9 -10 -11 -12 -13 -14 -15
leaf_value=0.041753436994995743 0.02508179198335353 0.089405252451782394 0.049714887106803649 -0.033743397528215334 0.034008630997048706 -0.018635191124848308 0.024872607883006752 0.058218768830455368 -0.027690025397596976 -0.034517843592002419 0.091937510301071779 0.094664929259014208 0.1344977446815907 -0.034016361909891997
leaf_weight=3.9126698598265639 60.001992136240005 74.044450685381889 38.472998738288879 19.662892661988739 10.575812295079229 38.475769199430943 100.97158887982368 186.24434462934732 22.723443321883678 2.4655565842986098 214.98773182928562 20.62556117773056 7.0406718179583541 9.2385813891887647
leaf_count=25 411 283 190 200 50 345 747 893 207 22 655 74 20 89
internal_value=0.0545693 0.0674375 0.0334284 0.0101332 0.077365 0.00485104 0.0128681 0.0670904 0.0105862 0.0764009 0.0892214 0.0654026 0.101368 -0.0338307
internal_weight=809.444 627.676 141.824 181.768 485.852 168.349 139.447 260.289 82.7254 13.4189 225.564 59.0986 10.9533 28.9015
internal_count=4211 2763 882 1448 1881 1381 1092 1176 618 67 705 264 45 289
is_linear=0
shrinkage=0.03


Tree=6
num_leaves=15
num_cat=0
split_feature=29 13 29 1 1 23 9 25 29 11 1 14 14 7
split_gain=832.33 215.105 95.5975 76.1135 68.9076 44.9993 100.38 36.6898 33.9459 33.69 30.4381 27.4731 24.321 29.2277
threshold=0.055796232233848483 0.026964954047562325 0.039784523806720533 0.029313276649015643 0.088206360688439914 2.9479089049214409 1.7976916183478739 0.00036884631460968323 0.06816460167034287 0.0060607940414471343 0.061183514217833954 0.36178175285249825 0.63723452909195755 25339366.720000003
decision_type=2 2 2 2 2 2 2 2 2 2 2 2 2 2
left_child=1 2 4 -4 -1 6 -3 -7 9 10 -2 -11 13 -10
right_child=8 5 3 -5 -6 7 -8 -9 12 11 -12 -13 -14 -15
leaf_value=-0.0089260746495744454 0.054952740102564866 0.064145023507611559 0.0027778667677048675 0.046599408864748657 0.11906830781999544 0.082226099184191395 -0.019748826969823781 -0.0051312143220576915 0.035946407761102299 0.098719164739318577 -0.036519816096997844 0.068362445209693368 0.098571577279837688 0.084494650744163929
leaf_weight=166.29448832571507 32.844522006809711 41.749289900064468 64.094618409872055 80.442906506359577 3.8737220317125312 54.092924416065216 18.534452587366104 4.7032544761896125 12.354103624820707 40.86727486550808 3.6364851593971244 78.121307283639908 120.91073858737946 115.53136582672596
leaf_count=1465 149 176 493 447 13 183 127 27 58 118 25 284 298 348
internal_value=0.0510834 0.0222211 0.00922614 0.0271669 -0.0060124 0.0565645 0.0383516 0.0752382 0.0820531 0.071056 0.0458346 0.0787886 0.0889251 0.0798048
internal_weight=838.051 433.786 314.706 144.538 170.168 119.08 60.2837 58.7962 404.266 155.47 36.481 118.989 248.796 127.885
internal_count=4211 2931 2418 940 1478 513 303 210 1280 576 174 402 704 406
is_linear=0
shrinkage=0.03


Tree=7
num_leaves=15
num_cat=0
split_feature=29 13 29 1 6 26 26 25 29 28 11 27 3 4
split_gain=714.148 193.521 94.3509 65.402 53.6035 37.7651 34.999 32.869 28.234 32.043 27.6119 20.6298 30.0118 18.9545
threshold=0.055796232233848483 0.022846985034839812 0.039784523806720533 0.029950563164186567 303446.50000000006 -0.0005628228091725014 -0.003854717461905167 0.00028820673011691647 0.06816460167034287 0.0023134103852397226 0.0060607940414471343 0.002672944346738895 0.66782318478678471 287.50000000000006
decision_type=2 2 2 2 2 2 2 2 2 2 2 2 2 2
left_child=1 2 7 -4 6 -6 -3 -1 9 10 -2 12 -10 -11
right_child=8 4 3 -5 5 -7 -8 -9 11 13 -12 -13 -14 -15
leaf_value=-0.019052888937316818 0.046304048449414395 0.097176780907775331 0.0022635097786659376 0.047175649150397625 0.034493648181332118 0.079316889997445156 0.02621269502446618 0.013314177106493413 0.059536487539129386 0.0497515822497362 0.076306153778709557 0.08950652982818029 0.090119220764370817 -0.036891226168971336
leaf_weight=110.5362856015563 36.135761886835098 6.7142605930566779 56.997084103524685 59.795477986335754 25.22399914264679 51.36909818649292 91.426435545086861 37.925595194101334 67.689127713441849 5.1675418019294721 116.98737332969904 143.82788914442062 50.368147924542427 4.0561040490865707
leaf_count=1037 164 21 444 321 120 165 510 313 236 21 364 334 134 27
internal_value=0.0480115 0.0212331 0.00508499 0.0252576 0.0457468 0.0645555 0.0310677 -0.0107845 0.0757845 0.0659548 0.0692259 0.081878 0.0725844 0.0116504
internal_weight=864.22 439.988 265.254 116.793 174.734 76.5931 98.1407 148.462 424.232 162.347 153.123 261.885 118.057 9.22365
internal_count=4211 2931 2115 765 816 285 531 1350 1280 576 528 704 370 48
is_linear=0
shrinkage=0.03


Tree=8
num_leaves=15
num_cat=0
split_feature=29 18 7 23 25 29 25 27 15 28 25 26 28 23
split_gain=619.325 175.886 99.5642 77.8689 59.7403 50.4937 47.767 24.0853 38.7555 39.6122 38.1754 21.6139 21.0108 23.6026
threshold=0.055796232233848483 0.016499459081599315 10580843.485500002 3.6298128417194371 -1.6886585215245015e-05 0.039784523806720533 -0.00012485683062609648 0.0018719806647374147 -0.0014943702489693209 0.0013049278511320602 -0.00045651181314955007 -0.0022604117209313853 0.0027402081983991665 1.5812190168428475
decision_type=2 2 2 2 2 2 2 2 2 2 2 2 2 2
left_child=1 5 4 -4 -3 11 -7 8 10 -10 -2 -1 -9 -14
right_child=7 2 3 -5 -6 6 -8 12 9 -11 -12 -13 13 -15
leaf_value=0.013468416329057278 -0.0094190613636145008 0.032709313586951075 0.033150639478540758 0.073362483335654621 -0.018055975355528327 0.062227877147797407 -0.0010174633254191167 0.079153947644321362 0.0035811969157158426 0.06328976941911589 0.072069079615354747 -0.024760618209348079 0.017598063111626854 0.093506312911989131
leaf_weight=15.846421256661413 5.3530279770493499 39.6744090244174 151.4786062464118 60.711791105568409 44.001200884580612 15.409326851367949 35.526723518967628 225.7370842397213 18.154182329773903 22.263422720134258 154.81544257700443 83.167386867105961 10.650243647396566 5.6382715404033652
leaf_count=138 30 250 817 198 349 85 272 563 93 78 459 822 46 11
internal_value=0.0452703 0.0203127 0.0337275 0.044656 0.00601415 -0.00615611 0.0181157 0.0704086 0.0627214 0.0364708 0.0693456 -0.0186423 0.0767796 0.0438737
internal_weight=888.428 445.816 295.866 212.19 83.6756 149.95 50.9361 442.612 200.586 40.4176 160.168 99.0138 242.026 16.2885
internal_count=4211 2931 1614 1015 599 1317 357 1280 660 171 489 960 620 57
is_linear=0
shrinkage=0.03


Tree=9
num_leaves=15
num_cat=0
split_feature=29 13 7 13 29 26 26 29 0 29 13 10 1 5
split_gain=541.989 161.714 77.0415 76.7085 53.4558 35.9184 49.3851 23.0548 26.2919 23.6525 18.2107 26.5655 23.8216 6.94111
threshold=0.055796232233848483 0.026964954047562325 15336891.136000002 0.016499459081599315 0.040425277043622872 0.0039143598191948709 -0.0006137127579385087 0.06816460167034287 0.0056076907026150558 0.062045832519046933 0.018114129060505409 -0.00098472596585802148 0.021614735363893269 0.010367373917610738
decision_type=2 2 2 2 2 2 2 2 2 2 2 2 2 2
left_child=1 2 4 -4 -1 6 -3 8 9 -2 12 -12 -9 -7
right_child=7 5 3 -5 -6 13 -8 10 -10 -11 11 -13 -14 -15
leaf_value=-0.022201351336186871 0.067980858450034987 0.025618838887418251 -0.0039715931827272698 0.037575566583420809 0.014143416706222224 -0.036941024820444514 0.065547142173345188 -0.03719937536476535 -0.0085091593701577626 0.044923574830491857 0.055389931931609106 0.075654994167389827 0.096811305135677303 0.025308031241649223
leaf_weight=90.277691692113876 105.49143716692924 42.9025963768363 64.268239848315716 105.89325234293938 61.051441229879856 4.9616736173629752 79.613412119448185 1.2398898899555195 5.3182936385273925 64.536677777767181 91.828660041093826 159.06694877147675 32.120451599359512 2.3880931437015533
leaf_count=881 315 204 548 562 427 33 265 8 32 229 278 347 71 11
internal_value=0.0427979 0.0194472 0.00803426 0.0218836 -0.00753861 0.0477008 0.0515651 0.0657295 0.0571746 0.0592291 0.0710068 0.0682379 0.0918306 -0.016715
internal_weight=910.959 451.356 321.491 170.161 151.329 129.866 122.516 459.602 175.346 170.028 284.256 250.896 33.3603 7.34977
internal_count=4211 2931 2418 1110 1308 513 469 1280 576 544 704 625 79 44
is_linear=0
shrinkage=0.03


Tree=10
num_leaves=15
num_cat=0
split_feature=29 13 7 23 25 29 1 13 12 26 26 26 0 23
split_gain=477.958 145.719 81.0765 64.7518 54.5564 46.5551 42.9434 21.2573 40.78 29.5667 23.7929 21.0701 6.5227 31.8502
threshold=0.055796232233848483 0.016499459081599315 10580843.485500002 3.6298128417194371 -1.6886585215245015e-05 0.039784523806720533 0.032088638236363119 0.044168050149416029 -0.019170579394334902 0.002604553764449988 -0.0015995529932104626 -0.0022604117209313853 -0.0018202509592353934 0.85913710946488331
decision_type=2 2 2 2 2 2 2 2 2 2 2 2 2 2
left_child=1 5 4 -4 -3 11 -7 8 9 -2 -10 -1 -9 -14
right_child=7 2 3 -5 -6 6 -8 12 10 -11 -12 -13 13 -15
leaf_value=0.013524677419866368 0.045626847110014385 0.030259208088970039 0.029529529406364673 0.065089145600045306 -0.017936591934862627 -0.0053522699159271611 0.050333588301662353 0.093274094883441475 0.076974935966660371 -0.018126986798967591 0.058892041849765542 -0.024332324934594692 -0.040957220293321099 0.077457485987906458
leaf_weight=15.829193994402884 72.49746510386467 40.955921590328217 158.68477223813534 64.951067917048931 43.685164019465446 30.846866801381111 20.914234630763531 17.771257653832436 89.618450507521629 7.1967487782239905 243.1990712210536 80.635201387107372 2.1467192620038977 42.84666995704174
leaf_count=138 243 250 817 198 349 249 108 24 198 37 689 822 11 78
internal_value=0.0405628 0.0186392 0.0303922 0.0398572 0.00538427 -0.00580446 0.0171478 0.0616204 0.0591456 0.0398696 0.0637613 -0.0181202 0.0778857 0.0718077
internal_weight=931.779 456.502 308.277 223.636 84.6411 148.225 51.7611 475.276 412.512 79.6942 332.818 96.4644 62.7646 44.9934
internal_count=4211 2931 1614 1015 599 1317 357 1280 1167 280 887 960 113 89
is_linear=0
shrinkage=0.03


Tree=11
num_leaves=15
num_cat=0
split_feature=29 13 1 29 21 26 26 29 9 25 12 25 25 1
split_gain=424.514 135.401 69.3125 48.3567 32.6595 31.3163 41.2308 20.0898 23.6031 34.4295 25.7944 16.7052 26.1113 16.6459
threshold=0.055796232233848483 0.026964954047562325 0.02900569778724563 0.039784523806720533 6384544.0000000009 0.0039143598191948709 -0.0006137127579385087 0.06816460167034287 0.57247292833439356 7.8618534774328456e-05 -0.012064685064522481 -0.00044161127236986788 -0.001013258929688022 0.02839572546627207
decision_type=2 2 2 2 2 2 2 2 2 2 2 2 2 2
left_child=1 2 4 -4 -1 6 -3 8 9 -2 -10 12 -9 -13
right_child=7 5 3 -5 -6 -7 -8 11 10 -11 -12 13 -14 -15
leaf_value=-0.0083234746591485699 -0.022601931824172368 0.023038303513793858 0.0023809231183161976 0.035732719163801621 0.079622366621806717 -0.017000990364101964 0.058755585273998795 0.069817005272173147 0.038755326486322947 0.064974092625875293 0.062764658156060138 0.050746743240673624 -0.015622906046779137 0.068067227458108365
leaf_weight=161.48284777998924 9.1964653879404086 44.389389157295227 68.424809865653515 91.372991152107716 3.8919282630085936 7.4047492742538443 84.380936026573181 6.7996722906827927 65.343375205993652 7.2059046924114218 104.96335498988628 64.10515521466732 6.1136332750320417 225.96432550251484
leaf_count=1409 49 204 535 456 18 44 265 16 231 21 275 181 29 478
internal_value=0.0385285 0.0178788 0.00736134 0.0214516 -0.00625376 0.0429933 0.0464432 0.0579831 0.0502425 0.015872 0.0535527 0.0627531 0.0293666 0.0642394
internal_weight=951.04 461.348 325.173 159.798 165.375 136.175 128.77 489.692 186.709 16.4024 170.307 302.983 12.9133 290.069
internal_count=4211 2931 2418 991 1427 513 469 1280 576 70 506 704 45 659
is_linear=0
shrinkage=0.03


Tree=12
num_leaves=15
num_cat=0
split_feature=29 13 7 23 12 29 25 11 5 9 28 25 7 0
split_gain=379.47 125.961 69.5615 54.7221 51.8845 42.6324 40.8075 18.895 32.1848 31.7894 22.5457 19.1609 19.5471 14.0514
threshold=0.055796232233848483 0.016499459081599315 10580843.485500002 3.6298128417194371 -0.022738133871467014 0.039784523806720533 -0.00012485683062609648 0.017786321299538808 -0.0058126849670714102 1.0936648352104295 -0.0017007730727628026 -0.00044161127236986788 115175234.28250003 -0.00020049121604074613
decision_type=2 2 2 2 2 2 2 2 2 2 2 2 2 2
left_child=1 5 4 -4 -3 13 -7 8 9 -2 -10 12 -9 -1
right_child=7 2 3 -5 -6 6 -8 11 10 -11 -12 -13 -14 -15
leaf_value=-0.033601564962313431 0.010638264414970178 0.062268794336466871 0.026904813195055905 0.058839611193902706 -0.0047729184965105333 0.054887674347356773 -0.0019512279404441304 0.0477079938712879 0.032403013391948045 0.050984093057673249 0.059334036379783725 0.063888645516341436 -0.040671725132388245 -0.0093471209267912379
leaf_weight=32.943564459681511 32.884497910737991 12.095970720052717 164.16576708853245 68.41877070069313 73.638511538505554 16.552733868360519 36.295356400310993 8.3970152139663679 32.742097347974777 37.756872802972794 192.23525458574295 195.84386268258095 3.077799215912818 61.869274310767651
leaf_count=347 138 49 817 198 550 85 272 22 105 110 498 391 16 613
internal_value=0.0366659 0.0171612 0.0277844 0.036299 0.00468576 -0.00573973 0.0158515 0.0547374 0.0498678 0.0322026 0.0554146 0.061681 0.0240026 -0.0177745
internal_weight=968.917 465.98 318.319 232.585 85.7345 147.661 52.8481 502.937 295.619 70.6414 224.977 207.319 11.4748 94.8128
internal_count=4211 2931 1614 1015 599 1317 357 1280 851 248 603 429 38 960
is_linear=0
shrinkage=0.03


Tree=13
num_leaves=15
num_cat=0
split_feature=18 7 18 18 5 0 1 10 15 3 20 22 1 9
split_gain=202.895 90.7887 62.1878 45.5579 40.7777 47.8789 38.4719 35.3632 38.3012 35.3376 24.4548 23.3115 14.4221 0.00156238
threshold=0.016499459081599315 15336891.136000002 0.02678269963727721 0.0089425667657424199 -0.0038061635523010643 0.00073757007854427753 0.020590282914587966 -0.00098472596585802148 -0.0063394587970015499 0.90647598594445933 -0.032223461522981466 29384471.783500005 0.05847944880852176 7.1256430529628316
decision_type=2 2 2 2 2 2 2 2 2 2 2 2 2 2
left_child=3 2 6 12 10 -6 -2 8 -3 -9 -5 -4 13 -1
right_child=1 7 11 4 5 -7 -8 9 -10 -11 -12 -13 -14 -15
leaf_value=-0.033429287059378553 -0.034386811332006981 0.046179037789992314 0.060229490134182807 0.03487040670341876 0.0086138586515301131 0.048890261546766005 0.014799684374611601 0.05552901468118622 0.021226440979470348 0.023832723792125102 -0.022056188355964328 0.026394178359599701 0.064392083796722885 -0.03436553159941403
leaf_weight=24.560799241065986 17.790987700223923 171.18929197639227 34.532373853027821 8.3690043389797193 77.603577814996243 40.388363987207413 73.18428211659193 342.84509658068419 81.826556675136089 34.876851513981819 36.035022705793381 39.049677833914757 1.4283951073884953 1.7162694111466397
leaf_count=270 169 520 104 47 555 225 449 890 342 129 329 160 5 17
internal_value=0.0349557 0.0416112 0.0217668 0.00711224 0.0131783 0.0224004 0.00518085 0.0467885 0.0381092 0.0526023 -0.011327 0.0422732 -0.028444 -0.0334904
internal_weight=985.397 795.295 164.557 190.101 162.396 117.992 90.9753 630.738 253.016 377.722 44.404 73.5821 27.7055 26.2771
internal_count=4211 2763 882 1448 1156 780 618 1881 862 1019 376 264 292 287
is_linear=0
shrinkage=0.03


Tree=14
num_leaves=15
num_cat=0
split_feature=13 7 13 13 27 26 28 26 25 20 13 13 25 23
split_gain=183.676 81.8187 43.2312 42.598 42.8352 38.7033 112.678 48.8941 33.0971 31.9544 28.0882 24.8993 14.8695 0.00127116
threshold=0.016499459081599315 19372770.020500001 0.0089425667657424199 0.027210696928721852 0.012026441522374557 -0.0022053760132260312 -0.00051994877845308607 -0.0005628228091725014 -0.00044161127236986788 -0.016258695476431086 0.029213659147869712 0.029213659147869712 0.00073185741853035505 3.3334250377089787
decision_type=2 2 2 2 2 2 2 2 2 2 2 2 2 2
left_child=2 3 12 4 -2 6 -4 -7 9 -3 -10 -5 13 -1
right_child=1 8 5 11 -6 7 -8 -9 10 -11 -12 -13 -14 -15
leaf_value=-0.033329042112582793 0.020683638595052317 -0.038699851493995518 0.01261753932398069 0.063994243594482247 -0.023450176858012435 -0.023490453225582821 0.14419693414856852 0.017032388126294241 0.040123394909126309 0.032257826790726488 0.053254621216392385 0.028118756607462107 0.068383872687794472 -0.03425029756546355
leaf_weight=24.27219074964524 83.544763118028641 7.6482009142637279 27.448712915182114 24.615165337920189 25.937261842191219 38.009531274437904 7.4464253932237616 90.848615638911724 302.27349386364222 22.560309432446957 284.68391418457031 59.49481999874115 1.3606815040111531 1.4272359684109677
leaf_count=274 477 45 181 71 224 323 19 633 1014 76 634 222 4 14
internal_value=0.0333461 0.0395786 0.00686425 0.0225625 0.0102279 0.012669 0.0406958 0.00507929 0.0449162 0.0142927 0.0464923 0.0386179 -0.0282631 -0.0333802
internal_weight=1001.57 810.758 190.813 193.592 109.482 163.753 34.8951 128.858 617.166 30.2085 586.957 84.11 27.0601 25.6994
internal_count=4211 2763 1448 994 701 1156 200 956 1769 121 1648 293 292 288
is_linear=0
shrinkage=0.03


Tree=15
num_leaves=15
num_cat=0
split_feature=13 7 13 20 13 26 25 26 25 20 17 23 13 23
split_gain=166.935 74.3041 52.8296 42.396 41.0364 35.0119 46.839 46.0726 32.4206 34.6408 28.1757 21.5062 14.4668 0.00121028
threshold=0.016499459081599315 15336891.136000002 0.023633621456859384 -0.042542372871677718 0.0089425667657424199 -0.0022053760132260312 0.00028820673011691647 -0.0005628228091725014 -0.00044161127236986788 -0.013008364683082517 -0.00098472596585802148 0.74828575540230657 1.0000000180025095e-35 3.3334250377089787
decision_type=2 2 2 2 2 2 2 2 2 2 2 2 2 2
left_child=4 2 3 -2 12 6 -6 -7 9 -3 -10 -4 -1 -14
right_child=1 8 11 -5 5 7 -8 -9 10 -11 -12 -13 13 -15
leaf_value=0.067397042065233143 0.086034284323354665 -0.026688421763565898 0.061509230028852349 -0.0061162210867024506 -0.010238290448365606 -0.023174170017050098 0.062620863612264113 0.016327431239007317 0.036039869411933649 0.0367044483958609 0.049047816991511811 0.026965491668015585 -0.033200116822988568 -0.034110766000102634
leaf_weight=1.3547655716538454 4.8224795013666144 12.241857290267943 20.530101470649242 65.841850988566875 11.888495981693266 37.381995253264904 23.916730478405952 91.911370947957039 250.75627038627863 21.18097136169672 372.47594437748194 77.273414216935635 23.678056254982952 1.3906347304582585
leaf_count=3 15 68 55 485 93 323 107 633 802 67 944 327 275 14
internal_value=0.0318537 0.0377105 0.0199368 0.00017258 0.0066212 0.0121767 0.0384293 0.00490652 0.0422704 0.0134854 0.0438141 0.0342166 -0.0280903 -0.0332506
internal_weight=1016.64 825.123 168.468 70.6643 191.522 165.099 35.8052 129.293 656.655 33.4228 623.232 97.8035 26.4235 25.0687
internal_count=4211 2763 882 500 1448 1156 200 956 1881 135 1746 382 292 289
is_linear=0
shrinkage=0.03


Tree=16
num_leaves=15
num_cat=0
split_feature=29 18 23 29 25 6 4 18 12 25 8 23 15 25
split_gain=294.602 89.7584 53.9255 37.391 37.6687 34.9971 31.3746 16.0411 32.2411 23.0277 15.0198 11.9858 5.35965 6.28331
threshold=0.055796232233848483 0.016499459081599315 3.6298128417194371 0.039784523806720533 -0.00012485683062609648 985995.50000000012 317.50000000000006 0.044168050149416029 -0.019170579394334902 0.00015650665048258617 -0.0065927456730362375 0.9620981696957106 0.021328323463575015 0.00026836073736892627
decision_type=2 2 2 2 2 2 2 2 2 2 2 2 2 2
left_child=1 3 5 11 -5 -3 -4 8 9 -2 -10 -1 13 -9
right_child=7 2 6 4 -6 -7 -8 12 10 -11 -12 -13 -14 -15
leaf_value=-0.033399281336637582 0.041092435753356284 0.0089664740841386963 0.029805175673828163 0.050310278832412909 -0.0031871445349994205 0.035419795193091179 0.067977925589349689 0.068022078497986915 0.037801969235665499 0.010609126564392869 0.051217141144954667 -0.010201628655890112 0.042002008050130935 0.043483748839169632
leaf_weight=29.187642000615597 50.500733286142349 195.68572227656841 59.214357696473598 17.347080536186695 37.351146824657917 58.456419870257378 28.804685927927494 45.837988615036011 103.22170220315456 39.9444620013237 275.82951559126377 63.999904073774815 13.511290594935415 11.811698257923124
leaf_count=324 138 1122 204 85 272 223 65 61 268 142 619 636 27 25
internal_value=0.0304659 0.0136192 0.0220601 -0.00591035 0.0137791 0.0150511 0.0422974 0.0457356 0.0437238 0.0276297 0.047564 -0.0174675 0.0590087 0.0629945
internal_weight=1030.7 490.047 342.161 147.886 54.6982 254.142 88.019 540.657 469.496 90.4452 379.051 93.1875 71.161 57.6497
internal_count=4211 2931 1614 1317 357 1345 269 1280 1167 280 887 960 113 86
is_linear=0
shrinkage=0.03


Tree=17
num_leaves=15
num_cat=0
split_feature=29 23 21 5 15 27 28 29 12 28 20 28 27 27
split_gain=268.905 111.172 47.7796 42.7717 49.0768 40.6178 36.4604 34.9426 35.6108 35.711 33.2574 32.3838 11.595 28.8698
threshold=0.048901317183759556 3.5215826982943761 3331174.5000000005 0.0033389074693422455 -0.0094116124656951367 -0.0013810169219679242 -0.00079693146320544662 0.066909370595782836 -0.012064685064522481 0.0018238324621521202 -0.071051155479662884 0.0002547272732912663 0.021208518160204901 0.019111999344166287
decision_type=2 2 2 2 2 2 2 2 2 2 2 2 2 2
left_child=1 2 10 4 -3 -4 -5 8 9 -2 -1 -10 13 -9
right_child=7 3 5 6 -6 -7 -8 12 11 -11 -12 -13 -14 -15
leaf_value=0.088112704139342593 0.024751292898559853 0.060832738351196319 -0.03716556608300936 0.00079256529916915772 -0.000835567436498986 0.063320077445997464 0.074057694645621619 0.045948492765843924 0.052330767814690218 -0.039419321289933237 -0.0043441827906625929 0.027140423559715864 0.05824429895665275 -0.021043030767961976
leaf_weight=3.5478020608425131 102.83366011083126 17.477207601070404 4.557060785591605 7.4680469930171958 34.622398115694523 17.613001480698586 33.69667012989521 282.58405154943466 105.09139924496412 8.446037754416464 268.2117530554533 81.58946555107832 69.269272357225418 5.9106622487306586
leaf_count=9 368 38 32 36 170 60 77 629 286 48 2029 306 101 22
internal_value=0.0291966 0.00937259 0.000317547 0.0379102 0.0198515 0.0426652 0.060766 0.0409024 0.0333139 0.0198808 -0.00313716 0.0413212 0.0472224 0.044576
internal_weight=1042.92 387.194 293.93 93.2643 52.0996 22.1701 41.1647 655.725 297.961 111.28 271.76 186.681 357.764 288.495
internal_count=4211 2451 2130 321 208 92 113 1760 1008 416 2038 592 752 651
is_linear=0
shrinkage=0.03


Tree=18
num_leaves=15
num_cat=0
split_feature=29 13 23 29 25 26 5 26 1 4 11 11 5 11
split_gain=247.507 79.5415 44.6747 34.4718 33.3333 31.4977 29.6265 19.1528 14.8381 42.3808 39.6395 15.4651 15.3286 32.7812
threshold=0.055796232233848483 0.016499459081599315 3.6298128417194371 0.039784523806720533 -0.00012485683062609648 0.0041261152405111289 0.0035166895071290132 -0.0022604117209313853 0.027121047765276369 247.50000000000003 0.0086738560235662034 0.025929663200737123 -0.0051250102415047053 0.0099995958481720118
decision_type=2 2 2 2 2 2 2 2 2 2 2 2 2 2
left_child=1 3 5 7 -5 -3 -4 -1 9 11 -11 -2 13 -10
right_child=8 2 6 4 -6 -7 -8 -9 12 10 -12 -13 -14 -15
leaf_value=0.012539637385210325 0.051611808740811525 0.016179020025842372 0.02383005594906629 0.046167584923946778 -0.0033810366436144781 -0.036966913800244916 0.058458156976995128 -0.023489106491416376 0.012213291232298407 -0.030967367763070044 0.029442096734703896 0.011912204607403064 0.047754133206782491 0.045564330242742937
leaf_weight=16.104357473552227 63.351543873548508 247.51123750954866 52.639539323747158 18.121698163449764 37.518938235938549 10.460642978549002 38.499975606799126 75.699710838496685 38.260116264224052 14.892997428774832 28.452849969267845 10.261776119470595 316.08460557460785 86.475563570857048
leaf_count=138 146 1273 180 85 272 72 89 822 133 73 77 29 650 172
internal_value=0.028005 0.0125997 0.0204027 -0.00587606 0.0127565 0.014024 0.038458 -0.0171689 0.0417195 0.0322202 0.00868629 0.0460776 0.0442399 0.0353346
internal_weight=1054.34 496.556 349.111 147.445 55.6406 257.972 91.1395 91.8041 557.779 116.959 43.3458 73.6133 440.82 124.736
internal_count=4211 2931 1614 1317 357 1345 269 960 1280 325 150 175 955 305
is_linear=0
shrinkage=0.03


Tree=19
num_leaves=15
num_cat=0
split_feature=29 23 1 29 5 15 28 29 12 28 28 20 20 13
split_gain=227.987 95.5559 47.0735 46.6165 34.9697 44.0325 31.6723 30.422 31.1443 33.0594 28.1103 11.7688 16.802 2.73269
threshold=0.048901317183759556 3.5215826982943761 0.088206360688439914 0.035844391288429082 0.0033389074693422455 -0.0094116124656951367 -0.00079693146320544662 0.066909370595782836 -0.012064685064522481 0.0018238324621521202 0.0002547272732912663 -0.063495370458000591 -0.0193970959456677 0.045698930728468513
decision_type=2 2 2 2 2 2 2 2 2 2 2 2 2 2
left_child=1 2 3 -1 5 -3 -6 8 9 -2 -10 13 -13 -9
right_child=7 4 -4 -5 6 -7 -8 11 10 -11 -12 12 -14 -15
leaf_value=-0.015333616062379223 0.022584239865077342 0.056279749928239357 0.082181608349876992 0.0090040554992512015 -0.00070101889795442217 -0.0013873564503165186 0.066594247925295308 0.052099715041883349 0.047863258569116128 -0.039332968104075765 0.024743542496393409 0.033413197787811558 0.047065063937863631 0.072287770727177694
leaf_weight=125.39777307212353 105.30377338826656 18.08981916308403 6.1667652651667586 162.77460138499737 7.650720350444316 34.921726793050766 35.504778653383255 10.807209700345995 108.97236180305481 8.3784437552094442 83.673195898532867 131.45508536696434 211.97121566534042 13.664563819766043
leaf_count=1166 368 38 15 949 36 170 77 21 286 48 306 319 398 14
internal_value=0.026892 0.00865112 0.000168598 -0.00158645 0.0346136 0.0182911 0.054664 0.0374569 0.0304732 0.0180209 0.0378215 0.0432718 0.0418395 0.0633723
internal_weight=1064.73 390.506 294.339 288.172 96.167 53.0115 43.1555 674.226 306.328 113.682 192.646 367.898 343.426 24.4718
internal_count=4211 2451 2130 2115 321 208 113 1760 1008 416 592 752 717 35
is_linear=0
shrinkage=0.03


Tree=20
num_leaves=15
num_cat=0
split_feature=29 18 7 26 29 25 26 0 18 15 25 25 0 18
split_gain=210.281 70.7984 44.6389 53.7711 38.7888 25.1429 30.4431 19.1652 14.5097 26.209 34.3593 20.378 4.79064 8.18043
threshold=0.055796232233848483 0.026964954047562325 15336891.136000002 -0.0016319924737573657 0.040425277043622872 0.00036061617792229307 0.0036883004320817547 -0.0011985426000473752 0.044168050149416029 -0.014111960305139276 0.00024343261796038506 -1.6287082752274791e-05 -0.0018202509592353934 0.046445256234752812
decision_type=2 2 2 2 2 2 2 2 2 2 2 2 2 2
left_child=1 2 4 -4 -1 6 -3 -7 9 10 -2 -11 -10 -14
right_child=8 5 3 -5 -6 7 -8 -9 12 11 -12 -13 13 -15
leaf_value=-0.021450980642287079 0.037024398090841071 0.036703579560253816 0.04041278367786174 0.0042402898063871562 0.0090581607181066254 0.040523207194545774 -0.013876630807938925 -0.027268905830694645 0.062697890963750516 0.029968398410277968 -0.043240968254129097 0.04271036087814601 0.065127987437583412 0.038694269658369723
leaf_weight=85.552383400499821 11.128194361925127 129.01076066493988 50.038922160863876 141.78362458944321 66.780651941895485 5.4944718778133419 11.679029762744902 11.842654749751089 21.170654833316803 183.17025512456894 8.4404864907264692 294.71215091645718 14.436827152967451 39.002110823988914
leaf_count=881 28 377 237 873 427 17 58 61 24 469 40 630 17 72
internal_value=0.0258473 0.0116809 0.004048 0.0136763 -0.0080762 0.0283041 0.0325048 -0.00578427 0.0382833 0.036433 0.00240384 0.0378264 0.0506202 0.0458355
internal_weight=1074.24 502.182 344.156 191.823 152.333 158.027 140.69 17.3371 572.061 497.451 19.5687 477.882 74.6096 53.4389
internal_count=4211 2931 2418 1110 1308 513 435 78 1280 1167 68 1099 113 89
is_linear=0
shrinkage=0.03


Tree=21
num_leaves=14
num_cat=0
split_feature=29 13 7 25 29 3 3 23 28 8 11 13 13
split_gain=193.922 66.7553 40.4553 46.0134 32.2533 32.1876 21.9258 18.1603 13.7335 22.8242 22.5821 15.8188 14.0896
threshold=0.055796232233848483 0.016499459081599315 10580843.485500002 -1.6886585215245015e-05 0.029517511085874606 0.95575574600701085 0.0083387639024833562 4.6946850034314753 0.0027402081983991665 0.0093566456402726251 0.011052376935813768 0.011482080533001522 0.044168050149416029
decision_type=2 2 2 2 2 2 2 2 2 2 2 2 2
left_child=1 4 3 -3 7 -4 -6 -1 11 10 -10 -2 -13
right_child=8 2 5 -5 6 -7 -8 -9 9 -11 -12 12 -14
leaf_value=-0.033190092511051296 -0.039574615669537475 0.022605708165496018 0.02670550525284119 -0.01990783923173111 0.048585856379574549 -0.01863688901435202 -0.00069483502395275871 0.029353067069798958 -0.041845070706458008 0.054050685689690896 0.020580297161367545 0.036407167910665027 0.050772137162558351
leaf_weight=40.779592417180538 2.3579237908124915 45.210166357457638 251.49935499578714 46.456805817782879 8.9107970297336561 14.926654472947119 92.184290826320648 4.6553644388914099 7.0689615160226849 11.929154321551321 19.889606952667236 466.41418725252151 70.776560768485069
leaf_count=477 13 250 934 349 56 81 753 31 36 21 51 1057 102
internal_value=0.0248617 0.0112707 0.0182505 0.00105985 -0.00578682 0.0241652 0.0036489 -0.0267818 0.0367185 0.0195 0.00421138 0.0379595 0.0382998
internal_weight=1083.06 504.623 358.093 91.667 146.53 266.426 101.095 45.435 578.436 38.8877 26.9586 539.549 537.191
internal_count=4211 2931 1614 599 1317 1015 809 508 1280 108 87 1172 1159
is_linear=0
shrinkage=0.03


Tree=22
num_leaves=15
num_cat=0
split_feature=29 23 1 29 5 15 1 4 13 27 15 25 3 15
split_gain=180.472 82.2062 40.6792 42.8862 28.6255 39.0853 27.7392 45.3776 46.3978 26.0636 32.4339 17.2434 15.7105 12.6864
threshold=0.048901317183759556 3.6298128417194371 0.088206360688439914 0.039521672245995926 0.0035166895071290132 -0.0094116124656951367 0.027200336730570377 257.50000000000006 0.023077843870278593 0.0018719806647374147 -0.0013686983146348911 -0.00031346814503075294 0.75331283664617132 -0.0070041836838479598
decision_type=2 2 2 2 2 2 2 2 2 2 2 2 2 2
left_child=1 2 3 -1 5 -3 7 11 -9 10 -8 -2 -6 -11
right_child=6 4 -4 -5 12 -7 9 8 -10 13 -12 -13 -14 -15
leaf_value=-0.012229347570741176 -0.0062688819334488543 0.052351896246111862 0.073914382094285011 0.010866877844541944 0.06845209267667704 -0.0016455574907023797 0.034507865858583085 -0.033097000759754774 0.022125902879362457 -0.048383219731055312 0.0069085913428353725 0.038002437274049942 0.032151918090160589 0.042794646437917874
leaf_weight=158.99223016947508 8.658223092555998 18.497948095202446 6.543755777180194 132.78751584142447 21.185745932161808 34.688815586268902 195.41571575403214 22.228479869663715 35.660461254417896 1.3798797577619542 47.670192271471024 92.63058552891016 21.743035510182381 293.13823636621237
leaf_count=1421 39 36 15 707 38 165 489 130 103 6 170 246 69 577
internal_value=0.0239299 0.0077145 -5.93579e-05 -0.00171837 0.031843 0.0171343 0.0331093 0.0221088 0.000921141 0.0363664 0.0290955 0.0342181 0.0500664 0.0423675
internal_weight=1091.22 394.439 298.324 291.78 96.1155 53.1868 696.782 159.178 57.8889 537.604 243.086 101.289 42.9288 294.518
internal_count=4211 2451 2143 2128 308 201 1760 518 233 1242 659 285 107 583
is_linear=0
shrinkage=0.03


Tree=23
num_leaves=15
num_cat=0
split_feature=29 13 1 29 7 25 14 0 13 12 23 0 0 23
split_gain=167.645 58.9687 44.2566 26.7072 23.7443 22.0083 23.3447 17.66 12.625 24.1787 19.9834 15.5436 4.34875 23.9226
threshold=0.055796232233848483 0.026964954047562325 0.02900569778724563 0.039784523806720533 410471128.06150001 0.00036061617792229307 0.92480977981407519 -0.0011985426000473752 0.044168050149416029 -0.019170579394334902 1.5812190168428475 0.0052059315155620943 -0.0018202509592353934 0.85913710946488331
decision_type=2 2 2 2 2 2 2 2 2 2 2 2 2 2
left_child=1 2 4 -4 -1 6 -3 -7 9 10 -2 -11 -10 -14
right_child=8 5 3 -5 -6 7 -8 -9 12 11 -12 -13 13 -15
leaf_value=-0.01078879079311627 0.024574200300514201 0.023540110145774638 -0.00027933811623821666 0.023445836322309475 0.031097246440448572 0.037121694376097802 0.054806254593627389 -0.027294668254871295 0.056707858482030221 0.036248779019601232 -0.013256180240300123 -0.0058501144408609979 -0.048419520249791369 0.045234911916199209
leaf_weight=155.97550388425589 83.575081035494804 118.76252746582031 71.351229771971703 106.35187324136496 13.212242685258387 5.6658764034509685 26.241097867488861 11.823705121874807 21.660043522715569 406.28692632913589 14.791090860962866 8.0495938509702665 2.5759258866310111 52.149949491024017
leaf_count=1352 222 372 535 456 75 17 63 61 24 855 58 32 11 78
internal_value=0.0230536 0.0104501 0.00346407 0.0139197 -0.00751782 0.0253639 0.0291983 -0.00642652 0.0339518 0.0322566 0.0188857 0.0354309 0.0453299 0.0408266
internal_weight=1098.47 509.384 346.891 177.703 169.188 162.493 145.004 17.4896 589.089 512.703 98.3662 414.337 76.3859 54.7259
internal_count=4211 2931 2418 991 1427 513 435 78 1280 1167 280 887 113 89
is_linear=0
shrinkage=0.03


Tree=24
num_leaves=15
num_cat=0
split_feature=29 13 1 29 12 10 26 23 29 28 29 13 13 5
split_gain=155.609 56.1072 33.0716 30.2475 27.1923 22.9189 20.764 17.2074 12.4778 16.9588 12.2609 11.917 17.0652 11.0793
threshold=0.055796232233848483 0.016499459081599315 0.020491893496840486 0.029517511085874606 -0.0037113232083194185 0.022913242562229107 -0.0022604117209313853 4.6946850034314753 0.06816460167034287 0.0023134103852397226 0.062045832519046933 0.018114129060505409 0.024681361866700297 0.0083135896196057848
decision_type=2 2 2 2 2 2 2 2 2 2 2 2 2 2
left_child=1 3 5 7 -4 -3 -5 -1 9 10 -2 -10 -13 -11
right_child=8 2 4 6 -6 -7 -8 -9 11 13 -12 12 -14 -15
leaf_value=-0.033036174631367612 0.03467877458054882 -0.024867714635388508 0.014532330753586332 0.030303624263935139 0.034664662112260103 0.026549625604105249 -0.0034884006170565456 0.027141356075367658 0.05067000637665163 -0.02547188242826471 0.019924442091796845 0.021161378445647749 0.037790295312473847 0.036792109402002192
leaf_weight=39.135726451873779 134.5637518465519 27.15510218590498 247.96962936222553 20.503183007240295 79.816474087536335 10.947679594159125 81.091512568295002 4.8011291548609725 44.418635696172714 8.6874517947435361 81.325614720582962 71.433114901185036 249.68316356837749 3.653850406408309
leaf_count=477 309 220 1058 134 297 39 675 31 79 39 219 175 450 9
internal_value=0.0222221 0.0100927 0.0163595 -0.005663 0.0194346 -0.0100945 0.00333129 -0.0264604 0.0326694 0.0271656 0.0291208 0.0361058 0.0340912 -0.00703758
internal_weight=1105.19 511.42 365.889 145.532 327.786 38.1028 101.595 43.9369 593.766 228.231 215.889 365.535 321.116 12.3413
internal_count=4211 2931 1614 1317 1355 259 809 508 1280 576 528 704 625 48
is_linear=0
shrinkage=0.03


Tree=25
num_leaves=15
num_cat=0
split_feature=13 7 13 13 5 0 27 25 21 25 4 22 25 9
split_gain=78.8593 40.5502 35.4269 30.9387 31.8864 35.6701 29.0101 27.2702 21.7868 19.1893 17.8965 16.8947 12.163 0.00291082
threshold=0.016499459081599315 15336891.136000002 0.02678269963727721 0.0089425667657424199 -0.0038061635523010643 -0.00020049121604074613 0.012026441522374557 -0.00044161127236986788 90560.500000000015 0.00026180484919510603 242.50000000000003 30974368.564000003 0.001090042596103652 6.8221728089422662
decision_type=2 2 2 2 2 2 2 2 2 2 2 2 2 2
left_child=3 2 6 12 9 -6 -2 10 -9 -5 -3 -4 13 -1
right_child=1 7 11 4 5 -7 -8 8 -10 -11 -12 -13 -14 -15
leaf_value=-0.032886920893330958 0.0093037246078449595 0.019510957851842189 0.040059492045088289 -0.025853353741937517 -0.0037955605344563025 0.028973803457271491 -0.029056189962678572 0.064810541719362694 0.02882366567297432 0.016520082909563878 -0.02321642037209299 0.013361519066916657 0.060702041833606168 -0.034208277637525979
leaf_weight=21.003325812518604 75.207617238163948 23.360396966338158 42.521135821938515 31.612019725143909 48.635704711079597 77.589055687189102 23.222058221697807 15.485924556851385 679.26619677245617 13.825266197323797 14.176863476634024 42.808682128787041 1.3200581893324841 1.6158743351697911
leaf_count=272 411 73 112 287 338 442 207 42 1704 89 62 152 2 18
internal_value=0.021426 0.0251183 0.0125182 0.00413437 0.00858995 0.0163474 0.000253647 0.0282801 0.0296258 -0.0129603 0.00337392 0.0266655 -0.0278154 -0.0329813
internal_weight=1111.65 916.049 183.759 195.601 171.662 126.225 98.4297 732.289 694.752 45.4373 37.5373 85.3298 23.9393 22.6192
internal_count=4211 2763 882 1448 1156 780 618 1881 1746 376 135 264 292 290
is_linear=0
shrinkage=0.03


Tree=26
num_leaves=15
num_cat=0
split_feature=29 23 29 15 1 25 23 21 13 15 25 25 15 25
split_gain=140.875 50.1616 55.5486 38.6559 37.282 23.8873 21.7891 20.3867 12.121 23.0264 30.4363 17.6405 4.34458 5.53995
threshold=0.055796232233848483 2.9479089049214409 0.039521672245995926 -0.0032455231751145164 0.088206360688439914 0.00036061617792229307 6.3977715853357688 110948.00000000001 0.044168050149416029 -0.014111960305139276 0.00024343261796038506 -1.6287082752274791e-05 0.021328323463575015 0.00026836073736892627
decision_type=2 2 2 2 2 2 2 2 2 2 2 2 2 2
left_child=1 2 4 -4 -1 7 -7 -3 9 10 -2 -11 13 -10
right_child=8 5 3 -5 -6 6 -8 -9 12 11 -12 -13 -14 -15
leaf_value=-0.012617103077983622 0.029138651955843285 0.069170519802360664 -0.0074126260583824806 0.020092977436761136 0.08704333231221513 -0.039449787913744733 0.035740073792015263 0.025999343670810894 0.04960114619946393 0.023036447751904447 -0.04463448887614619 0.03458964525223631 0.026850764361286673 0.027577165910617332
leaf_weight=148.40312341600657 11.849907070398332 10.894192196428774 62.330932818353176 175.35086442530155 3.4569805264472953 9.0231640636920911 5.6347790807485572 102.19205950945616 49.739126890897751 192.77507157623768 8.7493135631084424 310.57652619481087 14.544796288013456 12.956794902682303
leaf_count=1360 28 31 326 810 5 55 17 327 61 469 40 630 27 25
internal_value=0.0206522 0.0091742 0.00382443 0.0128798 -0.0103484 0.0254877 -0.0105454 0.0301582 0.0305282 0.0288927 -0.00219575 0.030165 0.0416227 0.0450497
internal_weight=1118.48 517.286 389.542 237.682 151.86 127.744 14.6579 113.086 601.192 523.951 20.5992 503.352 77.2407 62.6959
internal_count=4211 2931 2501 1136 1365 430 72 358 1280 1167 68 1099 113 86
is_linear=0
shrinkage=0.03


Tree=27
num_leaves=15
num_cat=0
split_feature=13 7 26 26 26 8 25 25 14 14 11 26 23 9
split_gain=70.0896 56.9294 50.0058 49.1796 43.1236 34.3461 26.4429 28.2316 36.8893 23.8496 23.1428 22.8902 20.6446 20.2887
threshold=0.02549866444754367 5431310.0975000011 -0.0015995529932104626 -0.0029235678665586406 -0.0005628228091725014 0.0054756975740291418 0.00024343261796038506 -0.00044161127236986788 0.75981752639805988 0.08944328733836733 0.0013735146992624847 -0.00043050608785812641 1.8876240289598785 0.52461916758039662
decision_type=2 2 2 2 2 2 2 2 2 2 2 2 2 2
left_child=1 5 3 -3 -4 -1 7 8 -2 10 -8 -11 -7 -9
right_child=6 2 4 -5 -6 12 9 13 -10 11 -12 -13 -14 -15
leaf_value=-0.01854141504180699 -0.042209790498904366 0.007201639137807578 -0.0086626241208394971 0.045387388793358144 0.016728872250138714 0.0024444685216125431 0.021696802902078018 -0.00020957576458458999 0.03067899669324662 0.032608902562206062 -0.044321998837558212 0.0057628480003771238 0.057026825100830403 0.034765379613596395
leaf_weight=73.605830699205399 10.538100853562357 46.014120772480965 78.601798579096794 89.194374345242977 257.10101315379143 19.011461235582832 8.6540865153074282 15.549448780715464 15.354455336928366 67.346651338040829 10.671996206045149 49.663844607770443 9.2811482250690442 373.11239755898714
leaf_count=696 53 183 441 278 1115 144 22 50 37 149 51 152 42 798
internal_value=0.0199361 0.0125884 0.0169879 0.032392 0.0107837 -0.00774309 0.0275761 0.0313454 0.00101374 0.016115 -0.0147592 0.0212144 0.0203497 0.0333661
internal_weight=1123.7 572.81 470.911 135.208 335.703 101.898 550.891 414.554 25.8926 136.337 19.3261 117.01 28.2926 388.662
internal_count=4211 2899 2017 461 1556 882 1312 938 90 374 73 301 186 848
is_linear=0
shrinkage=0.03


Tree=28
num_leaves=15
num_cat=0
split_feature=13 1 11 26 13 15 22 13 7 25 8 25 1 9
split_gain=66.3807 36.2921 30.0771 30.5399 28.4653 26.05 27.9756 20.8388 30.8813 18.9758 18.3218 10.9497 0.0363144 0.00287669
threshold=0.016499459081599315 0.020290432471909748 0.017886959142303118 -0.0041414891423022836 0.0089425667657424199 0.0059825771631837159 379627232.49700004 0.027210696928721852 639064081.71500015 -0.00044161127236986788 -0.0026719377460474513 0.001090042596103652 0.040177787894554305 6.8221728089422662
decision_type=2 2 2 2 2 2 2 2 2 2 2 2 2 2
left_child=4 7 3 -3 11 6 -6 8 -2 -4 -9 13 -7 -1
right_child=1 2 9 -5 5 12 -8 10 -10 -11 -12 -13 -14 -15
leaf_value=-0.032789034997464321 -0.0306226636826596 0.047604708378343602 0.0014346801036372485 0.017687879272370689 0.015311337089970956 -0.03535152406567426 -0.022722769223731142 0.046023042400848278 0.083426623513094683 0.032533966975274255 -0.0047579765115209095 0.05554147873409454 -0.040031055613452098 -0.034114846484756135
leaf_weight=20.283783167600639 24.021683625876907 32.724817089736462 18.656559333205223 498.78837218135595 142.60566736757755 9.7287402972578985 19.824647061526775 11.332674637436869 2.34536488354206 329.91587037593126 14.674936205148695 1.3373700976371754 1.7629661560058583 1.5882211178541172
leaf_count=272 202 62 63 1640 909 87 147 25 4 713 54 2 13 18
internal_value=0.0192334 0.0225773 0.0240211 0.0195298 0.00341663 0.00758106 0.0106693 -0.00168404 -0.0204779 0.0308694 0.0173696 -0.02779 -0.0360694 -0.0328853
internal_weight=1129.59 932.46 880.086 531.513 197.131 173.922 162.43 52.3747 26.367 348.572 26.0076 23.2094 11.4917 21.872
internal_count=4211 2763 2478 1702 1448 1156 1056 285 206 776 79 292 100 290
is_linear=0
shrinkage=0.03


Tree=29
num_leaves=15
num_cat=0
split_feature=29 23 21 27 5 15 11 5 13 10 13 25 7 8
split_gain=125.822 60.953 33.9412 32.2916 25.1972 33.8882 22.1972 27.69 25.4816 24.4784 19.7309 15.4229 15.2133 14.3587
threshold=0.048901317183759556 3.6298128417194371 3331174.5000000005 -0.0013810169219679242 0.0035166895071290132 -0.0094116124656951367 0.017886959142303118 -0.0058126849670714102 0.022632191604721488 0.011268690902123915 0.0091700531348282207 -0.00044161127236986788 115175234.28250003 0.0055693771127274362
decision_type=2 2 2 2 2 2 2 2 2 2 2 2 2 2
left_child=1 2 10 -4 5 -3 7 8 -2 -9 -1 12 -8 -6
right_child=6 4 3 -5 13 -7 11 9 -10 -11 -12 -13 -14 -15
leaf_value=-0.032665051891991453 -0.010109795711875957 0.043711112909036363 -0.03813267602078052 0.049091139633205279 0.060132797973765771 -0.0052181065942435417 0.0219745634856062 0.027702869748326007 0.020011305361979734 -0.013639251680852607 -0.0022359568675776676 0.034203184023888604 -0.04557472931219729 0.026302429159532351
leaf_weight=20.709080051630735 40.781945243477821 19.573989003896713 4.7312108203768757 19.833828903734684 20.982445493340492 36.486301004886627 10.478281602263449 323.9554912596941 66.485811106860638 13.423749215900896 259.46231396496296 269.4481021463871 4.204897239804267 24.447105892002583
leaf_count=287 175 36 32 61 39 165 25 814 175 52 1763 500 19 68
internal_value=0.0185645 0.00518579 -0.00152052 0.0322919 0.0253224 0.011866 0.0260219 0.0218366 0.00855962 0.0260579 -0.00448515 0.0325716 0.00263013 0.0419276
internal_weight=1135 406.226 304.736 24.565 101.49 56.0603 728.778 444.647 107.268 337.379 280.171 284.131 14.6832 45.4296
internal_count=4211 2451 2143 93 308 201 1760 1216 350 866 2050 544 44 107
is_linear=0
shrinkage=0.03


Tree=30
num_leaves=15
num_cat=0
split_feature=29 13 29 25 9 5 25 9 28 1 13 1 13 14
split_gain=118.601 39.7884 30.3003 30.2707 27.2329 24.5307 20.2334 19.7082 11.4928 37.5675 12.8963 12.5289 11.7185 4.53628
threshold=0.055796232233848483 0.017917731750514674 0.039784523806720533 0.00035709747270263323 0.70738586614555066 0.017142211448220084 0.00034777579305308954 14.174006788717579 0.0027402081983991665 0.032837561211822415 0.011482080533001522 0.072059796721939115 0.013953932195284751 0.92742455180385719
decision_type=2 2 2 2 2 2 2 2 2 2 2 2 2 2
left_child=1 2 6 -4 5 -3 -1 -6 10 13 -2 -11 -12 -10
right_child=8 4 3 -5 7 -7 -8 -9 9 11 12 -13 -14 -15
leaf_value=-0.022079899198855019 -0.04056278917804973 -0.021950626206547929 0.017357955294548838 -0.036647419716650496 0.012581517047333519 0.075622573044301991 0.0095153345924454766 0.032109763635374912 -0.046047243848644163 0.012559118529111213 0.050962744800706207 0.052120896999819401 0.02751355001832324 -0.0046577778456642557
leaf_weight=78.052335932850838 2.4557413756847373 27.613018684089187 68.709029838442802 10.810642324388025 259.01249698549509 2.5315513461828223 23.805504657328129 56.692063763737679 8.2575848549604398 16.676578000187877 19.875836431980133 12.684350058436392 548.22227983176708 3.350075587630271
leaf_count=871 13 178 373 77 1080 5 208 139 38 43 36 16 1123 11
internal_value=0.0179457 0.00751869 -0.00386158 0.010016 0.013487 -0.0137564 -0.0146957 0.0160883 0.0269354 0.0115874 0.0280374 0.0296504 0.028334 -0.0341019
internal_weight=1138.75 527.227 181.378 79.5197 345.849 30.1446 101.858 315.705 611.522 40.9686 570.554 29.3609 568.098 11.6077
internal_count=4211 2931 1529 450 1402 183 1079 1219 1280 108 1172 59 1159 49
is_linear=0
shrinkage=0.03


Tree=31
num_leaves=15
num_cat=0
split_feature=7 18 18 1 10 27 18 12 28 22 11 9 14 18
split_gain=58.2592 36.4691 29.8224 36.2857 21.8885 28.3235 20.9321 20.5663 19.6906 18.0841 12.083 18.2288 11.9758 0.0342635
threshold=19372770.020500001 0.011140150067507841 0.027210696928721852 0.020590282914587966 -0.00070626645430384367 -0.0026493508801225629 0.029213659147869712 -0.014943075416533105 -0.0022528163596820697 13018731.088000001 0.0015956562426924913 1.1204703817184762 0.92480977981407519 0.024155828716862161
decision_type=2 2 2 2 2 2 2 2 2 2 2 2 2 2
left_child=2 10 3 13 5 -3 12 -6 -5 -8 11 -2 -4 -1
right_child=1 4 6 8 7 -7 9 -9 -10 -11 -12 -13 -14 -15
leaf_value=-0.034093996592667944 0.07552130199868598 0.019163968264596824 0.028650629837483708 -0.037369963446310828 0.044414267555253184 -0.01415290106759615 0.05105171770884348 0.024505365440890176 0.0067168089280594968 0.0054186708719289505 -0.03391840193477829 -0.033648932327147829 0.070252667602730662 -0.037013691762124441
leaf_weight=19.380721107125286 2.6375265046954182 309.52911837399006 20.284776449203495 9.5857668817043287 52.600161924958229 24.805029094219208 8.9568313360214216 416.22765246033669 186.72223569825292 61.358915969729424 13.921666890382765 2.879270076751709 8.9864520579576475 4.4475678205490103
leaf_count=211 10 894 57 76 87 116 15 1077 1222 207 157 33 14 35
internal_value=0.0173503 0.0215741 0.00648314 0.000320577 0.0225568 0.0166921 0.0201054 0.026739 0.00456404 0.0112314 -0.0190291 0.0185443 0.0414227 -0.034639
internal_weight=1142.32 822.6 319.723 220.136 803.162 334.334 99.587 468.828 196.308 70.3157 19.4385 5.5168 29.2712 23.8283
internal_count=4211 2374 1837 1544 2174 1010 293 1164 1298 222 200 43 71 246
is_linear=0
shrinkage=0.03


Tree=32
num_leaves=15
num_cat=0
split_feature=29 23 29 9 1 5 4 26 29 4 1 0 14 1
split_gain=108.137 38.0115 43.7626 37.2267 31.3847 30.2612 27.9237 13.9148 11.1793 16.5314 27.3679 20.7579 11.4016 25.0226
threshold=0.055796232233848483 2.9479089049214409 0.039521672245995926 0.61138102660274229 0.088206360688439914 0.0033389074693422455 192.50000000000003 -0.00043050608785812641 0.06816460167034287 32.500000000000007 0.050338832542855753 0.0056076907026150558 0.75259055515587081 0.021041090911657977
decision_type=2 2 2 2 2 2 2 2 2 2 2 2 2 2
left_child=1 2 4 -4 -1 6 -3 -7 9 10 -2 -11 -10 -14
right_child=8 5 3 -5 -6 7 -8 -9 12 11 -12 -13 13 -15
leaf_value=-0.012675715001087242 0.040510356064338379 -0.013876508928439606 -0.024933101734831035 0.013867748895372178 0.075925263587955941 0.014829762457593735 0.023531123803777733 0.046485052497243814 0.024398165331995514 0.017239634762721324 -0.016154447282588025 -0.04181368002953393 -0.050759416485361024 0.036915365282218893
leaf_weight=147.35257706046104 57.567116662859917 30.756523929536343 24.72880420088768 222.40040595084429 3.6882511377334586 18.00849599391222 43.164351910352707 40.839649066329002 231.17137590050697 166.82448492944241 8.8504581004381162 5.5349269956350318 2.9911526441574088 142.6518315076828
leaf_count=1360 104 146 171 965 5 67 131 86 474 414 30 28 13 217
internal_value=0.0167656 0.00684498 0.00220976 0.00998517 -0.0105122 0.0207459 0.0079668 0.036798 0.025322 0.0202434 0.0329595 0.0153433 0.0285402 0.0351147
internal_weight=1146.53 530.939 398.17 247.129 151.041 132.769 73.9209 58.8481 615.591 238.777 66.4176 172.359 376.814 145.643
internal_count=4211 2931 2501 1136 1365 430 277 153 1280 576 134 442 704 230
is_linear=0
shrinkage=0.03


Tree=33
num_leaves=15
num_cat=0
split_feature=29 9 8 13 26 21 13 12 26 26 5 5 4 29
split_gain=101.25 35.7246 36.4532 35.3489 23.7057 19.3555 11.2176 22.0196 18.2797 14.6626 4.01379 14.436 3.82883 0.0050925
threshold=0.055796232233848483 0.82365129773834111 0.01809920171405505 0.0091700531348282207 -0.0021628146381917901 240138.50000000003 0.044168050149416029 -0.019170579394334902 0.002604553764449988 -0.0015995529932104626 -0.0013295455540169078 0.0013003499332514027 67.500000000000014 0.041108219057376834
decision_type=2 2 2 2 2 2 2 2 2 2 2 2 2 2
left_child=1 2 5 13 -5 -1 7 8 -2 -9 12 -12 -8 -3
right_child=6 3 -4 4 -6 -7 10 9 -10 -11 11 -13 -14 -15
leaf_value=-0.028800712242351211 0.014474722702162364 -0.032436952614924165 0.081740955701931434 0.026099552946073398 0.0082135686573726833 0.0012336406266319762 0.053021827515262847 0.035025551498613763 -0.030054025073668722 0.022594575607381442 -0.05733416695090373 0.031911086477992762 0.034535540299721446 -0.034410328246629401
leaf_weight=44.670610636472702 95.805088236927986 15.64338042214513 3.6050349920988074 82.3913414478302 349.98778478056192 34.016810812056065 15.661318704485891 116.74276195466518 9.0839092433452588 318.04992067813873 1.7188885062932957 31.993213444948196 28.312001883983612 1.2726909443736065
leaf_count=398 243 231 7 344 1738 201 15 198 37 689 7 49 42 12
internal_value=0.0162264 0.00662902 -0.011543 0.00995739 0.0116218 -0.0158168 0.0244903 0.022956 0.0106183 0.0259323 0.0351488 0.0273607 0.0411195 -0.0325854
internal_weight=1148.95 531.588 82.2925 449.295 432.379 78.6874 617.367 539.682 104.889 434.793 77.6854 33.7121 43.9733 16.9161
internal_count=4211 2931 606 2325 2082 599 1280 1167 280 887 113 56 57 243
is_linear=0
shrinkage=0.03


Tree=34
num_leaves=15
num_cat=0
split_feature=29 23 21 20 20 5 12 28 1 28 11 23 1 12
split_gain=96.0526 49.411 29.5663 29.9651 23.8657 21.4378 30.2563 22.6961 21.2549 34.4933 24.7656 19.7318 18.3685 13.5913
threshold=0.048901317183759556 3.6298128417194371 3331174.5000000005 -0.0028687044230899816 -0.089691157673397942 0.0035166895071290132 -0.01828132558350486 -0.00079693146320544662 0.039567373288310122 0.0023134103852397226 0.017999154013463862 0.53112902911189919 0.044122192926629729 -0.0018992233492539162
decision_type=2 2 2 2 2 2 2 2 2 2 2 2 2 2
left_child=1 2 4 -4 -1 6 -3 -7 9 10 -2 -10 -13 -11
right_child=8 5 3 -5 -6 7 -8 -9 11 13 -12 12 -14 -15
leaf_value=0.096246525038943612 0.013970279619512279 0.031711320858520346 -0.010490811227098395 0.055944756363216191 -0.0055901713870984545 -0.0080888761867404096 -0.011973987477648853 0.046649196076286648 -0.026524834512978001 -0.029319677291824379 0.030142417552678109 0.041803998888356265 0.024864046680981043 0.034087855031427597
leaf_weight=2.0866576433181754 246.15609560906887 28.160261109471321 10.278916187584402 15.066275425255297 278.44677327945828 8.2828100472688657 28.925159476697445 38.531342208385468 5.9544554799795142 18.550710096955303 130.35291649401188 73.722779765725136 263.57545460760593 3.6393095254898062
leaf_count=2 724 64 57 36 2048 33 137 74 21 82 256 123 545 9
internal_value=0.0157 0.00404224 -0.00202919 0.0290014 -0.00483269 0.0219164 0.00957599 0.0369644 0.0221385 0.0174271 0.0195693 0.0276109 0.0285666 -0.0189204
internal_weight=1151.73 409.778 305.879 25.3452 280.533 103.9 57.0854 46.8142 741.952 398.699 376.509 343.253 337.298 22.19
internal_count=4211 2451 2143 93 2050 308 201 107 1760 1071 980 689 668 91
is_linear=0
shrinkage=0.03


Tree=35
num_leaves=15
num_cat=0
split_feature=29 13 23 26 5 29 4 1 28 13 13 1 29 23
split_gain=90.1479 33.0432 27.9168 31.1865 26.0297 10.7114 14.9769 23.9106 22.2296 10.7589 14.3534 13.2125 0.00486114 0.00101217
threshold=0.055796232233848483 0.0089425667657424199 2.9479089049214409 0.0041261152405111289 0.0033389074693422455 0.06816460167034287 32.500000000000007 0.046496941131471826 0.00065354307830297112 0.018114129060505409 0.024681361866700297 0.021614735363893269 0.039784523806720533 3.3334250377089787
decision_type=2 2 2 2 2 2 2 2 2 2 2 2 2 2
left_child=1 12 3 -3 -4 6 7 -2 -8 11 -11 -7 13 -1
right_child=5 2 4 -5 -6 9 8 -9 -10 10 -12 -13 -14 -15
leaf_value=-0.032228605872625556 0.037911742971303605 0.0052873216927788987 0.0074882417724760394 -0.037119194326386169 0.034157938768510573 -0.043523198510331686 0.020407856282551737 -0.010634509141406723 -0.0029896727629631728 0.012659835142202853 0.027594114054021637 0.042616534508871345 -0.033837269947631698 -0.033176036673521925
leaf_weight=16.103355791419752 56.444351106882095 364.92723913490772 73.572980508208275 16.305248074233532 59.631632745265961 1.6613632738590229 121.98060780763626 10.893288686871527 52.178152471780777 74.784677639603615 256.84192502498627 45.298038184642792 2.0399219766259185 1.0831059589982022
leaf_count=254 100 2108 265 121 149 8 276 34 166 175 450 71 21 13
internal_value=0.0152007 0.00616143 0.00760458 0.0034736 0.0194274 0.0229803 0.0180434 0.0300584 0.0133979 0.0261294 0.0242263 0.039569 -0.0324527 -0.0322883
internal_weight=1153.75 533.663 514.437 381.232 133.205 620.082 241.496 67.3376 174.159 378.586 331.627 46.9594 19.2264 17.1865
internal_count=4211 2931 2643 2229 414 1280 576 134 442 704 625 79 288 267
is_linear=0
shrinkage=0.03


Tree=36
num_leaves=15
num_cat=0
split_feature=29 23 21 27 20 1 28 11 4 0 23 1 29 10
split_gain=85.4917 44.0389 27.4761 27.7018 21.817 19.6969 31.7328 23.2139 19.6681 19.6887 18.4895 16.9062 12.8776 10.7761
threshold=0.048901317183759556 3.6298128417194371 3331174.5000000005 -0.0013810169219679242 -0.089691157673397942 0.039567373288310122 0.0023134103852397226 0.017999154013463862 317.50000000000006 0.0019101590339942506 0.53112902911189919 0.043536918321753819 0.0251979781652386 0.028374454714514299
decision_type=2 2 2 2 2 2 2 2 2 2 2 2 2 2
left_child=1 2 4 -4 -1 6 7 -2 9 -3 -7 -12 -10 -8
right_child=5 8 3 -5 -6 10 13 -9 12 -11 11 -13 -14 -15
leaf_value=0.090487931752380943 0.012888495906940085 0.017688104633588015 -0.038233088806483212 0.042427796579281377 -0.0055013085098501056 -0.026414849825782075 -0.028251334249672907 0.028506960046431315 0.0066329292128274138 -0.028193889580731171 0.040856074408702168 0.023718321423997182 0.048853862799692518 0.027450018155038336
leaf_weight=2.1475259065628043 247.9310013204813 59.495649993419647 4.6894553676247623 20.957146152853966 277.63562794029713 5.9464783817529669 18.288619540631775 130.84858395159245 8.5714945867657644 9.8044854104518873 63.831968531012535 274.97906857728958 26.923521488904953 3.7703018188476554
leaf_count=2 724 182 32 61 2048 21 83 256 33 48 104 564 45 8
internal_value=0.014717 0.00371735 -0.00204028 0.027679 -0.00476453 0.020769 0.0162469 0.0182839 0.0204982 0.0111968 0.0260267 0.0269471 0.0386582 -0.0187309
internal_weight=1155.82 410.225 305.43 25.6466 279.783 745.596 400.839 378.78 104.795 69.3001 344.758 338.811 35.495 22.0589
internal_count=4211 2451 2143 93 2050 1760 1071 980 308 230 689 668 78 91
is_linear=0
shrinkage=0.03


Tree=37
num_leaves=14
num_cat=0
split_feature=29 9 18 6 8 18 18 12 18 0 15 25 29
split_gain=80.3822 32.3111 31.7855 27.3501 22.1791 20.878 10.5363 20.3143 17.3496 11.911 4.28971 5.23961 0.00430136
threshold=0.055796232233848483 0.70738586614555066 0.0091700531348282207 804575.50000000012 0.01809920171405505 0.0095088633025501908 0.044168050149416029 -0.019170579394334902 0.025961111965889599 0.0052059315155620943 0.021328323463575015 0.00026836073736892627 0.041108219057376834
decision_type=2 2 2 2 2 2 2 2 2 2 2 2 2
left_child=1 3 12 4 -1 -4 7 8 -2 -9 11 -8 -3
right_child=6 2 5 -5 -6 -7 10 9 -10 -11 -12 -13 -14
leaf_value=-0.02680541080147807 -0.02038819554068828 -0.032267394456593546 0.078083561308745469 0.054203722615788368 0.060996528342226485 0.0091245085560191057 0.039831882765255427 0.023669533744836619 0.013464708213355764 -0.012072321155471877 0.017273026166788507 0.018531390382205568 -0.034127705068099173
leaf_weight=48.594131603837013 16.048657804727554 15.501306835561993 3.9857116192579261 4.6036775335669509 2.7350060492753974 458.68805569410324 49.54862068593502 429.95231777429581 90.22541207075119 8.5584675818681699 14.530314490199087 13.152406036853789 1.2056054547429074
leaf_count=412 58 244 27 12 5 2219 61 855 222 32 27 25 12
internal_value=0.0142556 0.00573303 0.00825063 -0.0158444 -0.022127 0.00971856 0.0215902 0.0201201 0.00835251 0.022972 0.0319602 0.0353638 -0.0324016
internal_weight=1157.33 535.313 479.381 55.9328 51.3291 462.674 622.016 544.785 106.274 438.511 77.2313 62.701 16.7069
internal_count=4211 2931 2502 429 417 2246 1280 1167 280 887 113 86 256
is_linear=0
shrinkage=0.03


Tree=38
num_leaves=15
num_cat=0
split_feature=29 23 14 21 1 9 26 4 9 25 25 25 6 9
split_gain=76.1915 40.7174 29.2488 28.0565 25.8058 19.742 31.8731 18.2498 22.9104 18.172 32.4701 31.7188 17.8986 13.9898
threshold=0.048901317183759556 3.6298128417194371 0.15806609853129513 3331174.5000000005 0.088206360688439914 0.52461916758039662 -0.0014017304807643852 317.50000000000006 6.5287697454186997 -0.00045651181314955007 -0.0011302574365555185 -9.7709296755255009e-05 225782.00000000003 9.5636843315751854
decision_type=2 2 2 2 2 2 2 2 2 2 2 2 2 2
left_child=1 2 4 -4 -1 6 -2 8 -3 10 -7 -11 -8 -9
right_child=5 7 3 -5 -6 9 12 13 -10 11 -12 -13 -14 -15
leaf_value=-0.029496084235890459 0.032331029011002987 -0.022708408268718776 -0.0013336664387988491 0.03306487422670485 0.071781841003482519 0.043034342266469398 -0.037248091075978304 0.055153986548605635 0.019449504162250844 0.033104439487545038 -0.018497237402683941 0.018112596731292712 0.0045036988169882015 0.017638264573986675
leaf_weight=43.449865180999041 21.054783865809441 14.707243844866751 236.04192024469376 23.461160693317652 2.3887605667114249 11.111243933439253 16.442796878516674 18.386267505586147 54.940039440989494 172.62644653022289 25.277469053864479 480.69206322729588 21.097683049738407 17.423504494130611
leaf_count=358 43 78 1707 76 2 20 82 32 152 331 95 1129 60 46
internal_value=0.0138055 0.00342451 -0.00212612 0.00177624 -0.0242182 0.0195044 0.00278653 0.0194958 0.0105471 0.0209247 0.000291347 0.0220739 -0.0137837 0.0369004
internal_weight=1159.1 410.799 305.342 259.503 45.8386 748.302 58.5953 105.457 69.6473 689.707 36.3887 653.319 37.5405 35.8098
internal_count=4211 2451 2143 1783 360 1760 185 308 230 1575 115 1460 142 78
is_linear=0
shrinkage=0.03


Tree=39
num_leaves=12
num_cat=0
split_feature=29 9 13 25 8 7 26 25 25 11 29
split_gain=71.9432 30.1698 28.1808 22.7659 22.0145 13.539 10.6557 41.8033 11.8911 3.41085 0.0022896
threshold=0.055796232233848483 0.61138102660274229 0.0089425667657424199 0.00036061617792229307 0.01809920171405505 363891336.68100005 -0.0051314063883770829 0.00073185741853035505 -1.6287082752274791e-05 0.00472920804814159 0.040977409637736439
decision_type=2 2 2 2 2 2 2 2 2 2 2
left_child=1 4 10 -4 5 -1 -2 8 -8 -9 -3
right_child=6 2 3 -5 -6 -7 7 9 -10 -11 -12
leaf_value=-0.031173702206311361 0.046075082611269205 -0.032139849347859163 0.011224828619495295 -0.0072745318367313273 0.063190988743866403 0.059783512167102003 0.015703504005385657 -0.01647099725311248 0.024302875977343163 -0.05108228139590093 -0.033617603065801846
leaf_weight=32.98808890208602 14.11798846721649 14.735362455248831 414.09622130542994 69.989952102303505 2.6135222464799872 1.5416651070117939 245.30545200407505 4.0691491812467557 352.94529503583908 6.9210372194647789 1.0081846043467511
leaf_count=298 17 243 1965 404 4 6 540 14 679 30 11
internal_value=0.0133756 0.00532706 0.00726553 0.00855016 -0.0207586 -0.0271127 0.0203088 0.0197117 0.0207768 -0.0382674 -0.0322345
internal_weight=1160.33 536.973 499.83 484.086 37.1433 34.5298 623.359 609.241 598.251 10.9902 15.7435
internal_count=4211 2931 2623 2369 308 304 1280 1263 1219 44 254
is_linear=0
shrinkage=0.03


Tree=40
num_leaves=15
num_cat=0
split_feature=29 23 14 14 1 11 1 8 0 4 9 1 9 22
split_gain=67.8026 37.5673 28.1188 25.6911 23.9116 18.2582 19.0527 37.4791 21.7889 16.8698 21.4141 13.141 12.8748 11.8735
threshold=0.048901317183759556 3.6298128417194371 0.15806609853129513 0.25727652206794172 0.088206360688439914 0.017786321299538808 0.039567373288310122 -0.0055965551317241216 0.0035215737870168372 317.50000000000006 6.5287697454186997 0.014665934904381331 9.5636843315751854 46774313.647500008
decision_type=2 2 2 2 2 2 2 2 2 2 2 2 2 2
left_child=1 2 4 -4 -1 6 7 -2 -8 10 -3 -7 -11 -13
right_child=5 9 3 -5 -6 11 8 -9 -10 12 -12 13 -14 -15
leaf_value=-0.029244699215289837 -0.0089686550220648628 -0.022392028658933024 0.027680271229759492 -0.0018031792410085179 0.067925499459650221 -0.043460889822211711 0.024834172207105397 0.016325419266271932 -0.0095379516193451891 0.052560934436385917 0.018468339457281369 0.038815677749880886 0.016725478460172673 0.022164533060374993
leaf_weight=42.679580315947533 72.876465328037739 14.587267920374869 30.079795353114605 229.87336863577366 2.4077925682067862 2.5589484721422187 179.32594472169876 190.64127417653799 18.291448935866356 18.6145329028368 55.321926608681679 45.871169060468674 17.511661432683468 241.21414723992348
leaf_count=358 267 78 183 1600 2 16 370 512 61 32 152 82 46 452
internal_value=0.0129562 0.00316211 -0.00218491 0.00160842 -0.0240555 0.0183188 0.014611 0.00933028 0.0216527 0.0185443 0.00994241 0.0242218 0.0351902 0.0248251
internal_weight=1161.86 411.076 305.041 259.953 45.0874 750.779 461.135 263.518 197.617 106.035 69.9092 289.644 36.1262 287.085
internal_count=4211 2451 2143 1783 360 1760 1210 779 431 308 230 550 78 534
is_linear=0
shrinkage=0.03


Tree=41
num_leaves=14
num_cat=0
split_feature=29 13 1 20 10 13 15 23 26 15 15 29 23
split_gain=64.2822 27.9285 22.9769 23.245 19.9188 10.2893 19.4135 19.5364 14.1646 4.12128 4.51579 0.00407863 0.000867393
threshold=0.055796232233848483 0.0089425667657424199 0.020491893496840486 0.013227089916505818 0.022913242562229107 0.044168050149416029 -0.014111960305139276 1.0871081928592827 -0.0041414891423022836 0.021328323463575015 0.011692748341075006 0.039784523806720533 3.3334250377089787
decision_type=2 2 2 2 2 2 2 2 2 2 2 2 2
left_child=1 11 4 -4 -3 6 7 -2 -8 10 -7 12 -1
right_child=5 2 3 -5 -6 9 8 -9 -10 -11 -12 -13 -14
leaf_value=-0.032008999853779738 0.010804799075372384 -0.026646387939444315 0.0064302674283155999 0.033945893972944022 0.019189202921951955 0.027096966769055281 0.039984688710889241 -0.048544561390507592 0.017677486224801787 0.01496398728232382 0.044309726981946018 -0.033539219199928756 -0.03292094032042904
leaf_weight=14.679304499179127 14.2514665722847 32.324763480573893 447.4131903424859 29.450939238071442 11.593358285725115 41.607847884297371 27.00557953119278 7.6827511489391318 498.84231766313314 14.412210479378698 20.464300990104675 1.8995623737573613 1.0028244592249382
leaf_count=254 35 290 2239 75 39 65 37 33 1062 27 21 21 13
internal_value=0.012558 0.00496181 0.00621729 0.00812962 -0.0145469 0.0191088 0.0176696 -0.0099831 0.0188231 0.0294162 0.0327718 -0.0322263 -0.0320673
internal_weight=1162.63 538.364 520.782 476.864 43.9181 624.266 547.782 21.9342 525.848 76.4844 62.0721 17.5817 15.6821
internal_count=4211 2931 2643 2314 329 1280 1167 68 1099 113 86 288 267
is_linear=0
shrinkage=0.03


Tree=42
num_leaves=15
num_cat=0
split_feature=29 13 26 26 23 29 29 13 22 14 1 12 29 23
split_gain=60.5407 26.8052 22.5369 23.3719 14.9391 10.2966 13.3244 22.9566 16.0817 10.8161 22.8425 13.6756 0.0037041 0.000788204
threshold=0.055796232233848483 0.0089425667657424199 0.0041261152405111289 -0.0006137127579385087 3.7284081537675098 0.06816460167034287 0.062045832519046933 0.018324307627312231 230669489.41050002 0.75734549678684548 0.021041090911657977 -0.040508274311241294 0.039784523806720533 3.3334250377089787
decision_type=2 2 2 2 2 2 2 2 2 2 2 2 2 2
left_child=1 12 3 -3 -4 6 8 -8 -2 11 -11 -7 13 -1
right_child=5 2 4 -5 -6 9 7 -9 -10 10 -12 -13 -14 -15
leaf_value=-0.03194589696921056 0.025173309653363153 -0.00034739363525779395 -0.037143829790096797 0.012785619096896189 0.026626811659495975 0.0399859528330576 -0.034355455158966652 0.010461985257008798 0.003500940455809811 -0.053436756644239497 0.02989314187393113 0.015340778610457854 -0.033423884511940644 -0.032827136822550756
leaf_weight=14.273179695010185 110.86405732482672 209.77304258570075 16.731826469302181 291.32914002984762 4.1203563362359992 22.389261662960052 11.801658883690832 80.105615749955177 42.677100911736488 3.0245166271924964 140.15239264070988 213.48180995881557 1.849686712026595 0.97592536360025484
leaf_count=254 227 1150 126 1356 11 27 48 192 109 13 214 450 21 13
internal_value=0.0121709 0.00480537 0.00601619 0.00728783 -0.0245429 0.0185286 0.0137415 0.00470705 0.0191494 0.0216284 0.0281329 0.0176801 -0.0321561 -0.0320023
internal_weight=1163.55 539.053 521.954 501.102 20.8522 624.496 245.448 91.9073 153.541 379.048 143.177 235.871 17.0988 15.2491
internal_count=4211 2931 2643 2506 137 1280 576 240 336 704 227 477 288 267
is_linear=0
shrinkage=0.03


Tree=43
num_leaves=14
num_cat=0
split_feature=29 23 1 1 25 13 25 25 27 28 25 1 21
split_gain=57.6636 35.4532 32.7284 29.6907 23.532 27.8071 20.297 31.137 20.6336 18.8835 13.4874 10.5956 5.21389
threshold=0.039521672245995926 3.6298128417194371 0.088206360688439914 0.027200336730570377 -0.0011302574365555185 0.013621295404161555 -0.00045651181314955007 -0.00040950722489395099 0.0055490545944208835 -0.00029460343481942905 -0.00012485683062609648 0.033529024391366354 254686.00000000003
decision_type=2 2 2 2 2 2 2 2 2 2 2 2 2
left_child=1 2 9 4 -2 -6 8 -8 -5 -1 12 -12 -3
right_child=3 10 -4 6 5 -7 7 -9 -10 -11 11 -13 -14
leaf_value=-7.0654032464354696e-05 0.068134276442798472 0.008211772373298707 0.064350025011096421 -0.027371672398856454 -0.037176242727656066 0.0070544685276104253 0.048529046930732005 0.01806865330708976 0.016971288335501093 -0.021257023661765927 0.030956844470257483 0.0083162457443340648 -0.044003858529117236
leaf_weight=67.118201363831758 5.3313147351145735 2.7736085206270209 5.2212845534086219 17.156625121831894 13.622443813830612 209.92860724031925 31.739465668797493 623.85334101319313 21.009462311863899 86.86550035700202 33.808469653129578 41.365043945610523 4.5354297161102295
leaf_count=568 11 11 8 77 108 729 50 1503 50 853 92 126 25
internal_value=0.0117971 -0.00124727 -0.00951763 0.0152141 0.0058447 0.0043592 0.0183052 0.0195433 -0.002962 -0.0120223 0.0147159 0.0184986 -0.0241893
internal_weight=1164.33 241.688 159.205 922.641 228.882 223.551 693.759 655.593 38.1661 153.984 82.4826 75.1735 7.30904
internal_count=4211 1683 1429 2528 848 837 1680 1553 127 1421 254 218 36
is_linear=0
shrinkage=0.03


Tree=44
num_leaves=13
num_cat=0
split_feature=13 1 0 0 20 7 21 21 28 28 15 28
split_gain=34.4119 37.7452 25.2997 27.0418 26.9247 23.0142 28.7413 17.0864 16.662 12.9644 24.5853 13.8989
threshold=0.027798527201872043 0.028265886939571185 0.0048817478521484183 0.011323622166957431 -0.063495370458000591 11174275.045500001 26188.000000000004 88251.000000000015 -0.0027348552634087367 -0.0016139858592091702 -0.010761633544001689 0.001907837627554554
decision_type=2 2 2 2 2 2 2 2 2 2 2 2
left_child=1 5 4 -4 -3 7 -7 -1 -2 10 -10 -11
right_child=8 2 3 -5 -6 6 -8 -9 9 11 -12 -13
leaf_value=-0.028444675380687762 0.04571557783230408 0.050861328681248971 -0.041250392176579047 0.057927216433340457 0.012434982091420264 0.088752030167988105 0.0030721839800496305 -0.0028111687354438796 -0.03094662424187428 0.020815303002445492 0.016303108331966076 0.0064095607232654769
leaf_weight=40.319557767361403 18.320394933223724 17.112142190337181 13.823628187179567 3.0137135088443747 400.53138230741024 3.6045531928539267 156.96972595527768 55.781254757195711 14.466561809182165 336.02819746732712 31.47355155646801 73.452900484204292
leaf_count=405 24 24 83 9 1429 15 749 457 56 705 69 186
internal_value=0.0114362 0.00716735 0.0125559 -0.0234986 0.0140094 -0.00195397 0.00499552 -0.0135658 0.0176642 0.0165358 0.00142415 0.0182312
internal_weight=1164.9 691.156 434.481 16.8373 417.644 256.675 160.574 96.1008 473.742 455.421 45.9401 409.481
internal_count=4211 3171 1545 92 1453 1626 764 862 1040 1016 125 891
is_linear=0
shrinkage=0.03


Tree=45
num_leaves=12
num_cat=0
split_feature=29 9 13 25 8 7 26 25 25 23 29
split_gain=54.0985 27.0217 23.5306 20.4055 19.0425 12.53 9.85128 38.7545 11.3038 3.04319 0.00145725
threshold=0.055796232233848483 0.61138102660274229 0.0089425667657424199 0.00036061617792229307 0.01809920171405505 363891336.68100005 -0.0051314063883770829 0.00073185741853035505 -1.6287082752274791e-05 1.0425304621016915 0.041108219057376834
decision_type=2 2 2 2 2 2 2 2 2 2 2
left_child=1 4 10 -4 5 -1 -2 8 -8 -9 -3
right_child=6 2 3 -5 -6 -7 7 9 -10 -11 -12
leaf_value=-0.031056030119273565 0.041959719785989169 -0.031934054446231618 0.0095495947127055263 -0.0078901212524110764 0.056280153174403692 0.054508723173148831 0.012612270734083046 -0.050089002783462955 0.020989988631961227 -0.0161674049814759 -0.033227098805771481
leaf_weight=32.070577662438154 14.026260510087011 13.454439889639612 420.70002241805196 70.501612327992916 2.6703646332025519 1.6180002987384785 245.72426256537437 7.4942703172564489 353.43847742676735 3.4880557954311371 0.8329840153455742
leaf_count=298 17 244 1965 404 4 6 540 33 679 11 10
internal_value=0.0110813 0.00414584 0.00594259 0.00704649 -0.020834 -0.0269465 0.017102 0.0165306 0.0175542 -0.0393153 -0.0320094
internal_weight=1166.02 541.848 505.489 491.202 36.3589 33.6886 624.171 610.145 599.163 10.9823 14.2874
internal_count=4211 2931 2623 2369 308 304 1280 1263 1219 44 254
is_linear=0
shrinkage=0.03


Tree=46
num_leaves=15
num_cat=0
split_feature=29 23 14 21 1 5 15 11 5 1 10 26 1 21
split_gain=51.2985 31.1543 26.0412 25.4494 20.6689 20.1931 25.9347 16.7208 23.4585 21.3795 18.8719 15.6854 11.7057 12.2508
threshold=0.048901317183759556 3.5215826982943761 0.15806609853129513 3331174.5000000005 0.088206360688439914 0.0033389074693422455 -0.0094116124656951367 0.017786321299538808 -0.0058126849670714102 0.039567373288310122 0.011268690902123915 -0.00043050608785812641 0.014665934904381331 83586.500000000015
decision_type=2 2 2 2 2 2 2 2 2 2 2 2 2 2
left_child=1 2 4 -4 -1 6 -3 8 9 -2 -10 -7 -9 -14
right_child=7 5 3 -5 -6 11 -8 12 10 -11 -12 -13 13 -15
leaf_value=-0.029019716130573827 -0.012575289443441299 0.031067588176020483 -0.00210067986504581 0.030403002271447384 0.061164353651243293 0.003994757544488913 -0.010249461796005405 -0.043730686074570382 0.017086210410748259 0.013504571672228714 -0.019298543283986887 0.0407499412451333 0.050433607025980015 0.020304545753812728
leaf_weight=41.594923079013824 58.614405415952206 20.997016608715057 234.75358042493463 23.885643530637026 2.4202640056610099 14.815521039068697 39.199045076966286 2.4863800033926955 338.56025803089142 54.681184068322182 13.335140600800512 35.460367783904076 12.711645409464834 272.97256769239902
leaf_count=356 219 38 1697 75 2 52 170 16 811 131 49 61 20 514
internal_value=0.0107437 0.00224814 -0.00272914 0.000901074 -0.0240608 0.0158841 0.00416236 0.0154025 0.0118848 1.19409e-05 0.0157074 0.0299188 0.0210811 0.0216452
internal_weight=1166.49 413.126 302.654 258.639 44.0152 110.472 60.1961 753.362 465.191 113.296 351.895 50.2759 288.171 285.684
internal_count=4211 2451 2130 1772 358 321 208 1760 1210 350 860 113 550 534
is_linear=0
shrinkage=0.03


Tree=47
num_leaves=13
num_cat=0
split_feature=13 1 11 7 1 7 11 28 28 6 28 13
split_gain=30.1866 33.6783 24.2758 25.1119 21.6573 23.9216 16.7153 15.6754 12.1168 22.2931 13.2174 0.361558
threshold=0.027798527201872043 0.028265886939571185 0.0019527737844846876 150219996.507 0.027689120062460802 11174275.045500001 0.0025982583510862287 -0.0027348552634087367 -0.0016139858592091702 791268.50000000012 0.001907837627554554 0.020533172802708079
decision_type=2 2 2 2 2 2 2 2 2 2 2 2
left_child=1 4 3 -3 5 -1 -4 -2 9 -9 -10 -6
right_child=7 2 6 -5 11 -7 -8 8 10 -11 -12 -13
leaf_value=-0.012433191072698527 0.043498675533646017 0.0055368738824374134 0.040127445090145361 -0.043972149866300707 -0.037800369362052923 0.0069661533749475818 0.012385312180842626 0.011095773524535446 0.01932769016507549 -0.040936022686038902 0.0052742796686815474 -0.0486083801252232
leaf_weight=91.374009024351835 18.285235568881035 29.545335285365582 20.628208175301552 13.403414577245711 7.2295948751270753 152.99968145415187 372.88311347737908 36.536717742681503 335.88320419192314 9.2966744154691678 73.39289365708828 4.5318514183163643
leaf_count=830 24 139 66 75 62 712 1265 90 705 35 186 22
internal_value=0.0104251 0.00643439 0.0115022 -0.00991387 -0.00220125 -0.000287475 0.0138396 0.0162637 0.0151695 0.000541838 0.0168076 -0.0419648
internal_weight=1165.99 692.595 436.46 42.9487 256.135 244.374 393.511 473.395 455.109 45.8334 409.276 11.7614
internal_count=4211 3171 1545 214 1626 1542 1331 1040 1016 125 891 84
is_linear=0
shrinkage=0.03


Tree=48
num_leaves=14
num_cat=0
split_feature=29 23 1 1 25 13 26 25 25 25 27 26 13
split_gain=48.6497 29.5487 28.321 24.299 21.6151 25.4843 21.3992 20.7181 18.6033 28.7265 18.8046 12.064 0.189845
threshold=0.039521672245995926 3.6298128417194371 0.088206360688439914 0.027200336730570377 -0.0011302574365555185 0.013621295404161555 -0.0021628146381917901 -0.000152581626249253 -0.00045651181314955007 -0.00040950722489395099 0.0055490545944208835 -0.0036233406196938558 0.022192582832635501
decision_type=2 2 2 2 2 2 2 2 2 2 2 2 2
left_child=1 2 6 4 -2 -6 -1 12 10 -10 -5 -9 -3
right_child=3 7 -4 8 5 -7 -8 11 9 -11 -12 -13 -14
leaf_value=0.011539527054201524 0.063590055421362549 -0.035407861541092302 0.058464315046557788 -0.027635444638855935 -0.03708146822736165 0.00585610969125355 -0.017281083600679634 0.049842479295079768 0.044911385753825937 0.015786444491330966 0.014633797437884366 0.01236205907566121 -0.047228185401040804
leaf_weight=28.515174612402916 5.4866692051291457 1.81493829935789 5.3285795152187339 17.15979865193367 13.221593204885719 210.59822221845388 124.07594417780638 8.7022127062082273 32.038782253861427 625.90044802427292 21.144100517034531 69.112745992839336 3.7486706674098969
leaf_count=221 11 15 8 77 108 729 1200 14 50 1503 50 208 17
internal_value=0.0101041 -0.00189298 -0.00952119 0.0132319 0.00476178 0.00331968 -0.0118953 0.0125549 0.0160215 0.0172047 -0.00430244 0.0165536 -0.0433722
internal_weight=1166.85 241.298 157.92 925.55 229.306 223.82 152.591 83.3786 696.243 657.939 38.3039 77.815 5.56361
internal_count=4211 1683 1429 2528 848 837 1421 254 1680 1553 127 222 32
is_linear=0
shrinkage=0.03


Tree=49
num_leaves=14
num_cat=0
split_feature=29 13 9 5 29 1 20 23 21 13 12 29 23
split_gain=47.041 25.3069 22.9501 22.9661 18.0554 9.04523 12.2087 19.5523 16.1021 5.69206 2.98539 0.00657618 0.000853162
threshold=0.066909370595782836 0.0089425667657424199 0.58867983840098514 0.021799075614962426 0.039521672245995926 0.084177392538162379 -0.0193970959456677 1.8269043954401456 771348.00000000012 0.027938060196537443 -0.033725348647589325 0.045507772239297049 3.427267675596132
decision_type=2 2 2 2 2 2 2 2 2 2 2 2 2
left_child=1 11 3 -3 -4 6 8 -8 -2 -7 -11 12 -1
right_child=5 2 4 -5 -6 9 7 -9 -10 10 -12 -13 -14
leaf_value=-0.031837268018775622 0.017239921591647146 -0.018130266402376253 0.00049409067907298185 0.058703692963460175 0.010925562216929273 0.051536774995038656 0.02449862052782583 -0.0044973451851264062 -0.0036868769464247757 0.041126055526848178 0.016317133199527187 -0.034542077239046613 -0.032827298262276212
leaf_weight=14.130688171833748 98.94836588203907 49.592342805117369 216.02259723097086 3.767213635146617 483.73611621558666 10.669424310326578 194.98966184258461 23.446490481495857 49.719676405191422 6.4668194651603725 13.434290915727614 0.89317030459642488 0.82936752960085947
leaf_count=269 196 316 1313 5 1536 11 329 58 127 7 24 9 11
internal_value=0.0098016 0.0054695 0.00625911 -0.0127057 0.00770526 0.0181785 0.0168728 0.0213863 0.0102413 0.0338572 0.0243787 -0.0320415 -0.0318922
internal_weight=1166.65 768.971 753.118 53.3596 699.759 397.675 367.104 218.436 148.668 30.5705 19.9011 15.8532 14.9601
internal_count=4211 3459 3170 321 2849 752 710 387 323 42 31 289 280
is_linear=0
shrinkage=0.03


Tree=50
num_leaves=13
num_cat=0
split_feature=29 13 28 26 23 20 20 6 15 13 29 23
split_gain=44.4297 24.2888 22.121 35.2878 26.9265 8.97355 13.4501 14.1128 11.4065 2.60091 0.00598738 0.000775099
threshold=0.066909370595782836 0.0089425667657424199 0.0019420125677869662 -0.0005628228091725014 1.8178547461858956 -0.063495370458000591 -0.0193970959456677 2852362.0000000005 -0.012960504530875914 0.045698930728468513 0.045507772239297049 3.427267675596132
decision_type=2 2 2 2 2 2 2 2 2 2 2 2
left_child=1 10 3 -3 -4 9 7 -7 -8 -2 11 -1
right_child=5 2 4 -5 -6 6 8 -9 -10 -11 -12 -13
leaf_value=-0.031779999103553835 0.024541424966473872 0.00069513733610885003 -0.019619560615504062 0.014623418646802793 0.012908718336703885 0.011180529358417636 -0.06186677440022291 -0.038491747580657001 0.021601675834952164 0.043588697248670767 -0.03439457405693306 -0.03273663293331857
leaf_weight=13.737401675432915 12.076203972101213 310.42127105593681 60.408808387815952 346.38238863274455 36.889864716678858 140.3313984721899 1.4832526147365559 5.3439065665006629 224.08739648759365 13.854132279753683 0.87043412774801332 0.80705139786005098
leaf_count=269 21 1390 360 1287 133 301 6 18 392 14 9 11
internal_value=0.00950686 0.00530093 0.00606295 0.00804058 -0.00728677 0.0176557 0.016464 0.00935837 0.0210528 0.0347181 -0.0319777 -0.0318331
internal_weight=1166.69 769.517 754.102 656.804 97.2987 397.176 371.246 145.675 225.571 25.9303 15.4149 14.5445
internal_count=4211 3459 3170 2677 493 752 717 319 398 35 289 280
is_linear=0
shrinkage=0.03


Tree=51
num_leaves=15
num_cat=0
split_feature=29 9 8 13 13 21 15 14 27 12 15 13 11 29
split_gain=42.0386 24.1071 22.8765 20.8897 21.6414 16.1424 9.57707 20.1794 28.6503 20.7604 13.3553 16.0567 6.62129 0.00304483
threshold=0.055796232233848483 0.82365129773834111 0.01809920171405505 0.0091700531348282207 0.0095088633025501908 240138.50000000003 0.0051935463926996587 0.382400960384155 0.006310512980554856 -0.014803378734812698 0.0061515650750133448 0.029213659147869712 0.014402088829168115 0.041108219057376834
decision_type=2 2 2 2 2 2 2 2 2 2 2 2 2 2
left_child=1 2 5 13 -5 -1 7 9 -9 -2 12 -12 -8 -3
right_child=6 3 -4 4 -6 -7 10 8 -10 -11 11 -13 -14 -15
leaf_value=-0.028309636414794715 0.0091840864866954731 -0.03182143849034224 0.057828955079101414 0.076063507163977764 0.0062056172439922093 -0.00054766181740028479 0.047266244841981039 -0.0090666068744566508 0.017579383446212082 0.026697225986931736 0.004530435954043119 0.022663083213925884 0.020002497712114955 -0.033540437379180194
leaf_weight=41.645936649292707 137.34432247281075 11.848179321736096 4.0037806481122962 4.0270216688513747 447.87179607525468 34.436875876039267 20.903864592313766 80.832634046673775 65.944910779595375 109.47633016109467 67.102754011750221 127.39347784221172 13.004521608352659 1.0061241127550591
leaf_count=398 312 231 7 25 2057 201 25 239 122 191 162 207 22 12
internal_value=0.00922005 0.00313588 -0.0120658 0.00575544 0.00682814 -0.0157439 0.0145494 0.0117137 0.00290503 0.016952 0.0194361 0.0164072 0.0368101 -0.031956
internal_weight=1166.84 544.84 80.0866 464.753 451.899 76.0828 622.003 393.598 146.778 246.821 228.405 194.496 33.9084 12.8543
internal_count=4211 2931 606 2325 2082 599 1280 864 361 503 416 369 47 243
is_linear=0
shrinkage=0.03


Tree=52
num_leaves=15
num_cat=0
split_feature=13 1 0 0 20 1 7 25 14 28 9 9 26 9
split_gain=25.4718 28.1425 22.479 24.5734 23.8691 21.0091 20.9573 16.236 18.6172 19.5145 16.9418 13.051 12.6651 7.90993
threshold=0.027798527201872043 0.028265886939571185 0.0048817478521484183 0.011323622166957431 -0.063495370458000591 0.027689120062460802 11174275.045500001 0.00024343261796038506 0.10809402601428601 -0.00029460343481942905 0.49769521881073137 0.38614794349572729 0.004252203386569813 14.708179193646879
decision_type=2 2 2 2 2 2 2 2 2 2 2 2 2 2
left_child=1 5 4 -4 -3 6 -1 10 13 -10 11 -2 -12 -9
right_child=7 2 3 -5 -6 -7 -8 8 9 -11 12 -13 -14 -15
leaf_value=-0.01225402555404082 0.011819665932699924 0.045751070366784746 -0.041423761839639708 0.051196906534115585 0.0097788264119260618 -0.042123001838821547 0.0059759389592598695 -0.032456359743507981 0.02005655576838844 -0.0075888686031410045 0.019715770395115264 -0.053153119203410044 -0.015001519384330872 0.014288887971962698
leaf_weight=89.968927383422852 5.8998075574636442 17.310848191380501 13.727688498795034 3.1741639375686637 405.06865706667304 11.573071870952843 153.73906535282731 15.043614640831949 62.816418960690498 36.236714363098145 332.6933766156435 5.2659115940332413 9.7338617295026761 4.1585043817758551
leaf_count=830 14 24 83 9 1429 84 712 58 127 104 675 23 30 9
internal_value=0.00894613 0.00529211 0.00989557 -0.0240296 0.0112531 -0.00262941 -0.000753961 0.0143249 0.00470207 0.009943 0.0175431 -0.0188224 0.0187289 -0.022333
internal_weight=1166.41 694.562 439.281 16.9019 422.38 255.281 243.708 471.848 118.255 99.0531 353.593 11.1657 342.427 19.2021
internal_count=4211 3171 1545 92 1453 1626 1542 1040 298 231 742 37 705 67
is_linear=0
shrinkage=0.03


Tree=53
num_leaves=15
num_cat=0
split_feature=29 13 28 26 23 27 27 7 25 8 15 5 29 23
split_gain=40.0047 22.0539 20.2088 33.0196 25.0779 8.63149 21.5054 14.0398 12.926 7.55792 5.76206 3.4789 0.0055076 0.000623721
threshold=0.066909370595782836 0.0089425667657424199 0.0019420125677869662 -0.0005628228091725014 1.8178547461858956 0.021208518160204901 0.01801849217426324 88661318.728 -1.6287082752274791e-05 -0.0053138238129258634 0.011009281680318979 -0.0073444385236728906 0.045507772239297049 3.427267675596132
decision_type=2 2 2 2 2 2 2 2 2 2 2 2 2 2
left_child=1 12 3 -3 -4 6 8 -8 -2 11 -11 -7 13 -1
right_child=5 2 4 -5 -6 9 7 -9 -10 10 -12 -13 -14 -15
leaf_value=-0.031672041698443572 0.0072392085543373057 0.00018238634448902857 -0.019381486759357032 0.013629202952500587 0.011994143265055419 0.019289460086214606 0.0012648330327759824 -0.068629522528102074 0.020116852492560403 -0.0049600030773254795 0.02327815574145593 0.042955115845733825 -0.034225552293153758 -0.032555486132711912
leaf_weight=12.965193834155793 105.38204209506512 311.17213432118297 59.924437686800957 348.33071162179112 37.134972240775824 7.3741915971040752 6.2924115359783155 4.3918403834104538 209.83584631979465 8.258931562304495 30.597746297717094 23.111649796366692 0.83851975202560503 0.76148354262113649
leaf_count=269 236 1390 360 1287 133 12 14 18 383 19 47 23 9 11
internal_value=0.00867738 0.00469971 0.00540365 0.00728461 -0.00737716 0.0164378 0.0143929 -0.0274658 0.0158117 0.026049 0.0172762 0.0372307 -0.0318652 -0.0317211
internal_weight=1166.37 771.127 756.562 659.503 97.0594 395.245 325.902 10.6843 315.218 69.3425 38.8567 30.4858 14.5652 13.7267
internal_count=4211 3459 3170 2677 493 752 651 32 619 101 66 35 289 280
is_linear=0
shrinkage=0.03


Tree=54
num_leaves=15
num_cat=0
split_feature=29 28 28 21 8 11 10 27 11 14 12 14 27 1
split_gain=38.5287 29.593 35.8198 34.1424 27.665 20.7228 25.7841 26.0488 21.7725 18.814 17.6507 13.0939 12.1115 7.76944
threshold=0.039521672245995926 -0.00029460343481942905 -0.00033540457453247479 4115041.5000000005 0.0058427507982062084 0.020859093666448 0.011689242864917074 0.006310512980554856 0.023440911844460715 0.77687355562891869 -0.010537201892571077 0.92742455180385719 0.023391951849991811 0.026195512273136389
decision_type=2 2 2 2 2 2 2 2 2 2 2 2 2 2
left_child=1 2 4 10 -1 6 7 -2 13 -8 -3 -5 -10 -7
right_child=5 3 -4 11 -6 8 9 -9 12 -11 -12 -13 -14 -15
leaf_value=0.011145864531234407 0.00731805025923918 -0.001822248687921995 0.060523674689656373 0.0010544237196100485 -0.026143281482934398 0.012770253543271918 0.026794450655370252 0.024478310360946363 0.006843908380144652 -0.021601787537666287 -0.026866474273425377 0.062901167711323425 0.020969007816772245 0.041244583952168443
leaf_weight=84.027304377406836 511.73862481117249 39.432121347635984 10.802949897944925 5.6842037029564363 22.75567676499486 10.84380955994129 8.8450227081775648 94.280327249318361 108.13805104792118 39.577202022075653 70.806076284497976 6.7269859537482262 110.4193337932229 42.136313527822495
leaf_count=515 1564 222 30 24 169 31 20 228 253 171 712 11 197 64
internal_value=0.00841793 -0.00228756 0.00846601 -0.0125972 0.00319947 0.0111953 0.00830451 0.00998773 0.0181627 -0.0127615 -0.0179082 0.034576 0.0139802 0.0354165
internal_weight=1166.21 240.235 117.586 122.649 106.783 925.979 654.441 606.019 271.538 48.4222 110.238 12.4112 218.557 52.9801
internal_count=4211 1683 714 969 684 2528 1983 1792 545 191 934 35 450 95
is_linear=0
shrinkage=0.03


Tree=55
num_leaves=15
num_cat=0
split_feature=29 9 29 12 25 11 25 14 8 28 13 15 13 25
split_gain=36.9427 20.9185 20.9208 38.7904 27.5704 14.0128 14.2779 8.37252 11.8894 17.2611 16.5686 10.042 22.4954 4.94024
threshold=0.066909370595782836 0.58867983840098514 0.039521672245995926 -0.012163588751325323 -0.00012485683062609648 0.00045964457533210725 0.00046462623231768142 0.75734549678684548 0.0060547210387549609 0.0024771367290961901 0.035001331912626533 0.0064979663349765413 0.024681361866700297 0.00010794396705370389
decision_type=2 2 2 2 2 2 2 2 2 2 2 2 2 2
left_child=1 5 4 -4 -3 -1 -7 8 9 -2 -10 13 -13 -9
right_child=7 2 3 -5 -6 6 -8 11 10 -11 -12 12 -14 -15
leaf_value=0.032393551701679922 0.0098375291747279849 -0.021827602544573017 -0.0022535715393047495 0.015445135450805529 0.0036369097936573974 -0.026346992339532711 0.015047701241003285 0.022534195356301061 0.027917261349247015 -0.036177609053239287 -0.0061254598509067181 -0.013658243533110112 0.023128345611074089 0.046482121263907702
leaf_weight=5.3850765004754058 159.51481702923775 48.596477244049311 171.9396919682622 316.79938631504774 180.0125041231513 39.966529775410891 9.2313700877130014 13.456095322966577 68.595156654715538 7.6905775219202033 15.837985590100287 17.841867089271545 92.651958882808685 18.291249498724937
leaf_count=22 337 421 574 973 1140 287 42 23 110 29 38 50 146 19
internal_value=0.00816723 0.0043525 0.00571477 0.00921868 -0.0017762 -0.0135508 -0.0185798 0.0156434 0.0123549 0.00772107 0.0215315 0.021461 0.0171883 0.0363318
internal_weight=1165.81 771.931 717.348 488.739 228.609 54.583 49.1979 393.88 251.639 167.205 84.4331 142.241 110.494 31.7473
internal_count=4211 3459 3108 1547 1561 351 329 752 514 366 148 238 196 42
is_linear=0
shrinkage=0.03


Tree=56
num_leaves=14
num_cat=0
split_feature=29 13 9 26 5 1 28 6 29 5 28 29 23
split_gain=34.9313 20.5262 19.169 20.3255 20.0641 8.62235 24.4488 14.558 12.8411 7.61639 6.30296 0.00491284 0.000606365
threshold=0.066909370595782836 0.0089425667657424199 0.58867983840098514 -0.0005628228091725014 0.021799075614962426 0.06510194088319092 0.0027402081983991665 1037289.5000000001 0.076373763725712432 -0.014412371134020665 0.0023134103852397226 0.045507772239297049 3.427267675596132
decision_type=2 2 2 2 2 2 2 2 2 2 2 2 2
left_child=1 11 4 -4 -3 6 7 -2 -8 -7 -11 12 -1
right_child=5 2 3 -5 -6 9 8 -9 -10 10 -12 -13 -14
leaf_value=-0.031601682326524015 0.017537617444047728 -0.017800850879533408 0.0001064052605140735 0.010448771378193453 0.053863308254094001 -0.012056140562525717 0.011532974906825741 -0.0021388152397512519 -0.043008622948986656 0.021594674387868378 0.042301633003688485 -0.034050824000215148 -0.032483344554065888
leaf_weight=12.427802972495551 266.56761866807938 48.628928072750568 291.02403966337442 414.73635115474463 3.7901205345988265 4.748029336333274 6.2411458790302303 38.762581348419189 10.290676996111868 48.239280238747597 18.229289352893829 0.81561457365751344 0.74409087747335512
leaf_count=269 495 316 1273 1576 5 12 14 92 39 80 20 9 11
internal_value=0.00792565 0.00421966 0.00488402 0.00618404 -0.0126192 0.0152057 0.0131157 0.0150396 -0.0224179 0.0246515 0.0272736 -0.0317914 -0.0316515
internal_weight=1165.25 772.167 758.179 705.76 52.419 393.079 321.862 305.33 16.5318 71.2166 66.4686 13.9875 13.1719
internal_count=4211 3459 3170 2849 321 752 640 587 53 112 100 289 280
is_linear=0
shrinkage=0.03


Tree=57
num_leaves=15
num_cat=0
split_feature=29 9 25 3 22 29 21 13 12 25 7 6 0 13
split_gain=33.5567 21.2177 21.0648 19.4125 26.1801 19.3807 18.3775 9.13344 17.1381 15.3035 12.1883 7.70751 4.39235 7.63794
threshold=0.055796232233848483 0.82365129773834111 -1.6886585215245015e-05 0.86105765291541936 1101221544.2765005 0.050999606639091984 113063.50000000001 0.044168050149416029 -0.019170579394334902 0.00015650665048258617 63149697.168500006 90871.500000000015 -0.0018202509592353934 0.046445256234752812
decision_type=2 2 2 2 2 2 2 2 2 2 2 2 2 2
left_child=1 2 5 6 -5 -1 -3 8 9 -2 -10 -4 -9 -14
right_child=7 3 11 4 -6 -7 -8 12 10 -11 -12 -13 13 -15
leaf_value=0.01254571106509497 0.010458394499401715 0.020582458736613161 -0.035192280197794905 -0.014046645716671241 0.042401972313604291 -0.040859866253820327 0.0042526809223226913 0.034520861152478891 0.019002424584073523 -0.012218896362979185 0.0089671396159081828 -0.0022064264054769871 0.036652440875901589 0.010949598229567007
leaf_weight=33.570411097258329 60.993079483509064 77.668176610022783 29.945898927748203 74.704710699617863 8.2067962624132615 7.4778613820672026 307.95564162731171 19.853871762752533 210.61229757964611 47.749554619193077 225.60028958320618 8.0996788628399354 14.3037923425436 38.178204774856567
leaf_count=207 138 486 305 449 20 44 1370 24 411 142 476 50 17 72
internal_value=0.00768981 0.00228395 -0.0120884 0.00471015 -0.00845921 0.00281669 0.00754165 0.0124856 0.0111561 0.000500658 0.0138124 -0.0281698 0.0225017 0.0179548
internal_weight=1164.92 547.629 79.0939 468.535 82.9115 41.0483 385.624 617.291 544.955 108.743 436.213 38.0456 72.3359 52.482
internal_count=4211 2931 606 2325 469 251 1856 1280 1167 280 887 355 113 89
is_linear=0
shrinkage=0.03


Tree=58
num_leaves=14
num_cat=0
split_feature=29 23 14 14 3 5 1 25 25 25 25 22 6
split_gain=32.167 24.7934 25.3411 22.7845 19.4694 25.7624 17.3313 15.6595 32.7155 48.3189 24.6479 18.9803 14.4587
threshold=0.048901317183759556 3.6298128417194371 0.15806609853129513 0.25727652206794172 0.95575574600701085 0.0035166895071290132 0.088206360688439914 -0.00044161127236986788 -9.7709296755255009e-05 -1.6287082752274791e-05 -0.0011302574365555185 50615080.140000008 361466.00000000006
decision_type=2 2 2 2 2 2 2 2 2 2 2 2 2
left_child=1 2 6 -4 5 -3 -1 10 11 -10 -2 -9 -12
right_child=7 4 3 -5 -6 -7 -8 8 9 -11 12 -13 -14
leaf_value=-0.029240362280516369 0.032438173254063916 0.0029456368889217125 0.023965192966873779 -0.0033130605671982654 -0.044414796402011597 0.033227767311414892 0.054795754342832098 0.042029076589534815 -0.01223025743918487 0.012498678394069124 -0.039322522701407313 0.018243303127873756 -0.00043913760514606193
leaf_weight=41.337695006281137 11.425501510500906 59.003384351730347 31.267931450158358 232.2725811265409 5.0484427139163008 44.244722053408623 2.3334000110626212 38.302321538329124 84.931592091917992 437.06930136680603 15.976551488041876 142.61504895985126 18.658387452363968
leaf_count=358 20 197 183 1600 26 85 2 74 268 997 69 280 52
internal_value=0.00746122 0.000766941 -0.00358404 -7.66149e-05 0.0131097 0.0159224 -0.0247502 0.011175 0.0122854 0.00847518 -0.00577089 0.023279 -0.0183754
internal_weight=1164.49 415.508 307.212 263.541 108.297 103.248 43.6711 748.979 702.918 522.001 46.0604 180.917 34.6349
internal_count=4211 2451 2143 1783 308 282 360 1760 1619 1265 141 354 121
is_linear=0
shrinkage=0.03


Tree=59
num_leaves=15
num_cat=0
split_feature=29 28 26 21 26 1 7 20 12 1 1 14 3 23
split_gain=31.0043 28.6391 45.0938 31.6168 28.1425 19.1138 18.6784 16.7822 16.6527 16.457 19.7866 12.1117 8.6681 8.19123
threshold=0.039521672245995926 -0.00029460343481942905 -0.00026317368035117932 4115041.5000000005 -0.0020251266687218742 0.027200336730570377 410471128.06150001 -0.037143783027653594 -0.010537201892571077 0.027689120062460802 0.028265886939571185 0.92742455180385719 0.013345206292668287 3.3334250377089787
decision_type=2 2 2 2 2 2 2 2 2 2 2 2 2 2
left_child=1 2 4 8 -1 6 7 -2 -3 12 -11 -5 -7 -4
right_child=5 3 13 11 -6 9 -8 -9 -10 10 -12 -13 -14 -15
leaf_value=0.013291624491992999 -0.035533691080273259 -0.0022410197417315767 0.074447364131376426 0.00012523248717099346 -0.019754518830382362 0.094924249754230139 0.030891193578301369 0.0017274298567054192 -0.026654487255370198 -0.022963066990952651 0.012189070771862685 0.059329293334447725 0.032045667073786727 0.034656669502716925
leaf_weight=53.763185806572437 11.503518544137476 39.430451050400734 6.5170763134956387 5.6905747577548009 40.790300026535988 2.2187914401292828 18.818713590502739 200.30042873322964 69.411660823971033 14.733564406633375 659.34522032737732 6.8575248792767525 17.823054097592831 16.306346144527197
leaf_count=308 49 222 28 24 346 4 40 759 712 61 1581 11 34 32
internal_value=0.00724274 -0.00239489 0.0081712 -0.0126117 -0.000964456 0.00973116 0.00224859 -0.0002963 -0.0178102 0.0122173 0.0114207 0.0324802 0.0390068 0.0460186
internal_weight=1163.51 238.767 117.377 121.39 94.5535 924.743 230.623 211.804 108.842 694.121 674.079 12.5481 20.0418 22.8234
internal_count=4211 1683 714 969 654 2528 848 808 934 1680 1642 35 38 60
is_linear=0
shrinkage=0.03


Tree=60
num_leaves=13
num_cat=0
split_feature=29 13 28 26 23 20 20 6 23 13 29 23
split_gain=30.4139 18.9736 19.0472 30.0545 27.9045 8.73625 11.9393 13.2856 11.4995 2.91865 0.0048205 0.000592876
threshold=0.066909370595782836 0.0089425667657424199 0.001880343526688436 -0.0005628228091725014 1.8178547461858956 -0.063495370458000591 -0.0193970959456677 2852362.0000000005 1.8269043954401456 0.045698930728468513 0.045507772239297049 3.427267675596132
decision_type=2 2 2 2 2 2 2 2 2 2 2 2
left_child=1 10 3 -3 -4 9 7 -7 -8 -2 11 -1
right_child=5 2 4 -5 -6 6 8 -9 -10 -11 -12 -13
leaf_value=-0.031540644208799311 0.020124486639936916 -0.00061535389359749875 -0.019735336602238963 0.012269869718138334 0.011895599767068618 0.0077412975979350915 0.019694956543539314 -0.040723627894293471 -0.0007703741504566866 0.040552709145520956 -0.033998184270131286 -0.032422530050252751
leaf_weight=11.930518828332419 11.913714349269869 311.60246215760708 65.336732428520918 341.43102285265923 40.760380532592535 139.10559393465519 192.2303636521101 5.2839519381523123 28.355768755078316 13.345582664012907 0.79603406786918718 0.72795403003692705
leaf_count=269 21 1390 392 1248 140 301 333 18 65 14 9 11
internal_value=0.00702842 0.00358023 0.00420612 0.00612154 -0.00758337 0.0138551 0.0126743 0.00596772 0.0170642 0.0309176 -0.0317338 -0.0315914
internal_weight=1162.82 772.585 759.131 653.033 106.097 390.235 364.976 144.39 220.586 25.2593 13.4545 12.6585
internal_count=4211 3459 3170 2638 532 752 717 319 398 35 289 280
is_linear=0
shrinkage=0.03


Tree=61
num_leaves=14
num_cat=0
split_feature=25 25 25 1 26 11 6 20 3 3 20 20 18
split_gain=20.5486 39.9585 24.6292 23.4599 22.4625 16.4186 13.6205 15.5358 10.6513 18.7179 8.85314 7.80929 6.68349
threshold=-0.00045651181314955007 -0.0011302574365555185 -0.00040950722489395099 0.02085146974501418 0.00043762844695351079 0.017886959142303118 361466.00000000006 -0.016258695476431086 0.57257515697898886 0.99980000000000036 0.0011936947281244417 -0.038431249577286351 0.019449533986406749
decision_type=2 2 2 2 2 2 2 2 2 2 2 2 2
left_child=1 10 8 4 -4 -5 11 -8 12 -10 -1 -3 -2
right_child=2 6 3 5 -6 -7 7 -9 9 -11 -12 -13 -14
leaf_value=0.0095587602165100663 0.016524620943373168 0.0099748031448153984 0.0048250753037076084 0.0054751037523954839 -0.029091682972039488 0.013822438543865076 -0.044069277793215275 0.011823872191531835 -0.019113695086106254 0.052598326848040451 0.055542648967774992 -0.041655478623321952 0.049561416447275013
leaf_weight=7.3327421285212022 7.4947402775287655 2.9437694922089568 41.154001325368881 673.9203675724566 30.671974986791611 309.45169341564178 6.3381924927234676 15.231010917574165 8.4530419670045358 5.3484672605991355 7.751482367515564 25.268540982156996 20.824598878622055
leaf_count=28 45 12 223 2652 229 682 32 45 34 9 10 181 29
internal_value=0.00682105 -0.00958611 0.00779092 0.00689296 -0.00965846 0.00810188 -0.0225473 -0.00460054 0.0302866 0.0086767 0.033189 -0.0362682 0.0408182
internal_weight=1162.18 64.8657 1097.32 1055.2 71.826 983.372 49.7815 21.5692 42.1208 13.8015 15.0842 28.2123 28.3193
internal_count=4211 308 3903 3786 452 3334 270 77 117 43 38 193 74
is_linear=0
shrinkage=0.03


Tree=62
num_leaves=13
num_cat=0
split_feature=29 13 9 5 13 20 20 22 23 13 29 23
split_gain=28.4589 18.107 17.0321 18.2682 14.885 8.41015 11.1969 13.2754 10.9316 2.86216 0.00448945 0.000554673
threshold=0.066909370595782836 0.0089425667657424199 0.58867983840098514 0.021799075614962426 0.0095088633025501908 -0.063495370458000591 -0.0193970959456677 56883503.049000002 1.8269043954401456 0.045698930728468513 0.045507772239297049 3.427267675596132
decision_type=2 2 2 2 2 2 2 2 2 2 2 2
left_child=1 10 3 -3 -4 9 7 -7 -8 -2 11 -1
right_child=5 2 4 -5 -6 6 8 -9 -10 -11 -12 -13
leaf_value=-0.031495221710379523 0.019375380981862145 -0.017703183967360054 0.048785358443568856 0.050836013173404908 0.0046728140265158745 0.023008180852535049 0.01892321740041699 0.00082942392837082415 -0.001059154989988509 0.039684508142853132 -0.033893385169306033 -0.032358233360117721
leaf_weight=11.607431771233673 11.878179371356966 48.04898415133357 6.9526605270802966 3.7749104127287856 701.36947135254741 30.921273738145828 191.18361531198025 113.25016467273235 28.284934788942337 13.169645160436628 0.77901986986398775 0.71134037524461824
leaf_count=269 21 316 45 5 2804 55 333 264 65 14 9 11
internal_value=0.00661729 0.00328853 0.00389115 -0.0127107 0.00510581 0.0132394 0.0120813 0.00558623 0.0163479 0.0300535 -0.0316847 -0.0315451
internal_weight=1161.93 773.244 760.146 51.8239 708.322 388.688 363.64 144.171 219.469 25.0478 13.0978 12.3188
internal_count=4211 3459 3170 321 2849 752 717 319 398 35 289 280
is_linear=0
shrinkage=0.03


Tree=63
num_leaves=15
num_cat=0
split_feature=29 28 26 25 21 25 25 25 25 13 25 12 12 14
split_gain=27.1752 27.3026 40.8604 38.1164 29.5474 17.6132 42.0975 32.5942 37.6523 27.1425 23.4553 18.7816 15.751 11.1907
threshold=0.039521672245995926 -0.00029460343481942905 -0.00026317368035117932 0.00020685594365150631 4115041.5000000005 -9.7709296755255009e-05 -2.7195643526946862e-05 -0.00045651181314955007 -0.0011302574365555185 0.025343500144057191 0.00015154168691805284 -0.012064685064522481 -0.010537201892571077 0.92742455180385719
decision_type=2 2 2 2 2 2 2 2 2 2 2 2 2 2
left_child=1 2 3 -1 12 7 9 8 -2 -7 -8 -9 -3 -6
right_child=5 4 -4 -5 13 6 10 11 -10 -11 -12 -13 -14 -15
leaf_value=-0.02145558758365115 0.034692896367512278 -0.0026925445792529471 0.043382352318677118 0.016741805264607737 -0.00046382751019943954 -0.0326017123637284 0.016533198504763209 0.0074430175389868817 -0.022224094613468179 0.0011606712304533904 0.0039446233018808115 0.025714827539020987 -0.026481834773626537 0.056244465756316524
leaf_weight=44.096381351351738 14.474539712071417 39.584863528609276 23.151739586144686 50.367430340498686 5.6965001337230188 37.577774837613106 224.22367849200964 74.832713842391968 37.71977299451828 49.871351882815361 328.16913373395801 156.5468665137887 68.214195197448134 6.9565117508172989
leaf_count=372 28 222 60 282 24 182 562 191 152 129 949 335 712 11
internal_value=0.00642107 -0.00261645 0.00766484 -0.00108901 -0.0126556 0.00875105 0.00599277 0.0149747 -0.00643986 -0.0133474 0.0090545 0.0198054 -0.0177462 0.0307139
internal_weight=1161.48 238.068 117.616 94.4638 120.452 923.416 639.842 283.574 52.1943 87.4491 552.393 231.38 107.799 12.653
internal_count=4211 1683 714 654 969 2528 1822 706 180 311 1511 526 934 35
is_linear=0
shrinkage=0.03


Tree=64
num_leaves=10
num_cat=0
split_feature=13 20 26 28 26 28 25 26 26
split_gain=18.396 23.6967 20.6814 60.4344 52.9946 15.1007 13.8773 20.2803 19.5709
threshold=0.027798527201872043 -0.063495370458000591 -0.0015995529932104626 -0.00033540457453247479 -0.0005628228091725014 -0.0027348552634087367 0.00020161101850983283 -0.0010974062894259994 -0.0002006608231910985
decision_type=2 2 2 2 2 2 2 2 2
left_child=1 -1 3 -3 -4 -2 7 -7 -8
right_child=5 2 4 -5 -6 6 8 -9 -10
leaf_value=0.036832917101610553 0.037905164494354833 0.0057019402715505381 -0.019166861682694866 0.068518162377242744 0.0043380246343020954 -0.0028082056572671494 0.0093557620881218728 0.016813578226539911 -0.015649322612762133
leaf_weight=18.300586998462677 17.862418413162231 164.86542037129402 111.17705403268337 15.041882030665873 386.26384241692722 58.133006900548935 90.750416040420532 256.92865267395973 40.851653024554253
leaf_count=29 24 675 687 30 1750 159 212 519 126
internal_value=0.00623434 0.00314737 0.00223726 0.0109539 -0.000915271 0.0108572 0.00977554 0.0131931 0.00159373
internal_weight=1160.17 695.649 677.348 179.907 497.441 464.526 446.664 315.062 131.602
internal_count=4211 3171 3142 705 2437 1040 1016 678 338
is_linear=0
shrinkage=0.03


Tree=65
num_leaves=14
num_cat=0
split_feature=29 13 26 12 15 1 7 20 3 13 12 29 26
split_gain=26.2044 16.9175 15.877 18.0747 13.9917 8.36343 9.87615 15.3236 8.81049 5.24103 2.89008 0.00440792 0.000577879
threshold=0.066909370595782836 0.0089425667657424199 0.0041261152405111289 -0.0037113232083194185 -0.0016663668531524828 0.084177392538162379 63149697.168500006 -0.019158392183468851 0.0022173058013745793 0.027938060196537443 -0.033725348647589325 0.045507772239297049 -0.0022604117209313853
decision_type=2 2 2 2 2 2 2 2 2 2 2 2 2
left_child=1 11 3 -3 -4 6 8 -8 -2 -7 -11 12 -1
right_child=5 2 4 -5 -6 9 7 -9 -10 10 -12 -13 -14
leaf_value=-0.031977801830475584 -0.027263384717652803 0.0013990157545798036 0.013116830990405344 0.011938510532725806 -0.030668786127718801 0.044877855439655334 -0.0028033168069421578 0.014088772572759171 0.017789158855248042 0.035523049812961546 0.010283906766685476 -0.033835993509357613 -0.031397703016693854
leaf_weight=1.8281835801899422 4.0062619745731345 526.83658443018794 9.3904772102832812 202.82343419268727 21.855041973292828 10.458367213606836 86.418332532048225 109.66676108539104 157.11449800431728 6.0086902081966427 12.742300152778624 0.76579338312149126 9.9961074534803593
leaf_count=33 13 2154 36 850 130 11 209 201 287 7 24 9 247
internal_value=0.00604831 0.00286122 0.00343192 0.00432868 -0.0175095 0.012428 0.0111659 0.00664412 0.0166689 0.0278622 0.0183717 -0.0316302 -0.0314874
internal_weight=1159.91 773.496 760.906 729.66 31.2455 386.415 357.206 196.085 161.121 29.2094 18.751 12.5901 11.8243
internal_count=4211 3459 3170 3004 166 752 710 410 300 42 31 289 280
is_linear=0
shrinkage=0.03


Tree=66
num_leaves=15
num_cat=0
split_feature=29 9 25 29 9 9 11 25 25 3 7 25 29 27
split_gain=24.8707 19.1206 19.5747 18.0703 17.9534 32.1893 22.989 8.4478 67.6057 20.8046 17.0605 16.8984 21.2855 14.5978
threshold=0.055796232233848483 0.82365129773834111 -1.6886585215245015e-05 0.050999606639091984 1.7223685482157378 3.8696697075930735 0.020859093666448 -1.6287082752274791e-05 -8.2793588663909222e-05 0.1533000197902257 4062991.9025000003 0.00015154168691805284 0.084203140990917594 -0.0090087122739559988
decision_type=2 2 2 2 2 2 2 2 2 2 2 2 2 2
left_child=1 2 3 -1 6 -6 -3 8 10 -10 -2 12 -9 -13
right_child=7 4 -4 -5 5 -7 -8 11 9 -11 -12 13 -14 -15
leaf_value=0.011037526325594909 -0.049132201541249358 0.0051069013699003921 -0.028158212033835364 -0.040826547239573241 -0.013031592000170924 0.0073996514283917779 0.030383151547898599 0.013359186138736172 0.001160248737208248 -0.042022043664329226 0.014568353965282865 -0.0040038458910339079 0.038584543245133725 0.012702794747614049
leaf_weight=33.937199037522078 3.8604160696268073 144.54318928904831 37.425646618008614 7.3567204140126696 119.94026421569288 164.70199557952583 41.735070168972015 99.875689089298248 15.131544798612593 29.849285244941711 191.06812109053135 66.653682127594948 43.096637651324272 160.21409193426371
leaf_count=207 17 825 355 44 768 628 104 198 41 109 373 174 51 317
internal_value=0.00586934 0.00124141 -0.0124443 0.00179768 0.00352912 -0.0012095 0.01077 0.010041 0.00565674 -0.0274955 0.0133068 0.0128851 0.020963 0.00779439
internal_weight=1159.39 549.64 78.7196 41.2939 470.921 284.642 186.278 609.749 239.909 44.9808 194.929 369.84 142.972 226.868
internal_count=4211 2931 606 251 2325 1396 929 1280 540 150 390 740 249 491
is_linear=0
shrinkage=0.03


Tree=67
num_leaves=15
num_cat=0
split_feature=29 12 23 26 0 4 1 4 13 25 13 4 27 27
split_gain=23.9081 22.7473 27.5649 20.9731 20.0356 23.0868 16.6933 18.7432 20.8409 16.0597 15.8224 19.4795 16.866 15.5496
threshold=0.039521672245995926 -0.010346589444787706 12.076396440677968 0.00043762844695351079 0.0011959812610913792 107.50000000000001 0.027200336730570377 262.50000000000006 0.030793158970599765 -0.0011302574365555185 0.013396919041180847 122.50000000000001 0.0043231133470473396 -0.026599797819012918
decision_type=2 2 2 2 2 2 2 2 2 2 2 2 2 2
left_child=1 4 3 -3 5 -1 7 9 -9 -2 11 -8 -12 -6
right_child=6 2 -4 -5 13 -7 10 8 -10 -11 12 -13 -14 -15
leaf_value=-0.0091957720462032301 0.057529567214190364 -0.0053101233800046449 0.028098096992607909 -0.030602286126494665 0.026555516750877209 0.02809510708803346 -0.0064549854361939983 -0.019587959751691444 0.014893649242303332 0.0053161938136292494 0.0045170849601464938 0.04361849413859669 0.014150390658656198 -0.025770216000707811
leaf_weight=21.483473587781191 5.5054155439138404 74.915268803015351 14.764618836343287 48.682700727134943 6.7219303026795414 49.069273456931114 9.6429620683193189 60.640577342361212 21.322581678628922 143.28131324797869 338.51113503426313 25.434314593672752 316.50748355686665 21.331862803548574
leaf_count=121 9 677 28 525 14 171 37 299 47 493 913 61 669 147
internal_value=0.00570057 -0.00279752 -0.0106442 -0.0152722 0.00821271 0.0167399 0.00788746 0.000902194 -0.0106176 0.0072482 0.0102231 0.029853 0.00917193 -0.0132325
internal_weight=1157.81 236.969 138.363 123.598 98.6065 70.5527 920.846 230.75 81.9632 148.787 690.096 35.0773 655.019 28.0538
internal_count=4211 1683 1230 1202 453 292 2528 848 346 502 1680 98 1582 161
is_linear=0
shrinkage=0.03


Tree=68
num_leaves=15
num_cat=0
split_feature=29 28 26 25 25 21 17 23 1 28 23 1 13 12
split_gain=23.1745 16.3066 24.8261 59.4999 31.3028 24.4012 28.372 18.313 8.03614 10.8657 15.2423 13.2975 5.03529 2.90262
threshold=0.066909370595782836 0.0019420125677869662 -0.0005628228091725014 0.00028820673011691647 0.00026180484919510603 76022.500000000015 0.0016456974057033303 1.8178547461858956 0.084177392538162379 0.0027402081983991665 2.7195263153980505 0.063996533469822633 0.027938060196537443 -0.033725348647589325
decision_type=2 2 2 2 2 2 2 2 2 2 2 2 2 2
left_child=1 2 3 -1 -4 6 -3 -7 9 10 -2 -11 -10 -14
right_child=8 5 4 -5 -6 7 -8 -9 12 11 -12 -13 13 -15
leaf_value=-0.01104678206215403 0.01279291284229855 0.061233415132144718 0.013440790335431723 0.016556589589338807 -0.01102493492311072 -0.027211363512635662 -0.020515767975939306 0.0015884815701251703 0.04351955079484008 -0.023838874296718687 -0.02439593573760096 0.031118311199812523 0.034737364330521305 0.0092693348582492292
leaf_weight=212.24717651866376 323.348349198699 8.7581215631216747 301.61854480020702 105.07275168225169 55.768788885325193 48.566931080073118 6.7778757587075225 33.63129036873579 10.364788979291918 16.185092419385914 10.232922941446303 5.2470067441463462 5.9186968058347729 12.605038613080977
leaf_count=1130 619 40 1127 390 282 310 54 126 11 52 32 7 7 24
internal_value=0.00553565 0.00254159 0.00420055 -0.0019066 0.00962302 -0.00891104 0.0255688 -0.0154279 0.0115599 0.0103218 0.0116521 -0.0103843 0.0267757 0.0174069
internal_weight=1156.34 772.441 674.707 317.32 357.387 97.7342 15.536 82.1982 383.902 355.013 333.581 21.4321 28.8885 18.5237
internal_count=4211 3459 2929 1520 1409 530 94 436 752 710 651 59 42 31
is_linear=0
shrinkage=0.03


Tree=69
num_leaves=15
num_cat=0
split_feature=29 7 21 5 6 13 9 28 25 25 25 20 22 25
split_gain=22.3198 19.6774 27.118 24.5753 41.1586 24.2566 21.7522 20.6569 13.4688 28.7168 51.5732 19.5278 18.7328 14.1539
threshold=0.048901317183759556 11174275.045500001 55857.500000000007 0.0059562900066295194 7425.0000000000009 0.011271586127734521 1.2767387726268578 -0.00086933197661885175 -0.00044161127236986788 -9.5779806604573002e-05 -1.6287082752274791e-05 -0.016258695476431086 92677361.511000022 -0.0011302574365555185
decision_type=2 2 2 2 2 2 2 2 2 2 2 2 2 2
left_child=1 3 6 5 -5 -1 -3 -4 11 12 -11 -2 -10 -13
right_child=8 2 7 4 -6 -7 -8 -9 9 10 -12 13 -14 -15
leaf_value=0.010023323455252959 -0.044202487270013011 0.086720241993633956 -0.013492653915740175 0.046608503223876975 -0.013706127604045701 -0.027516658820851185 0.017111310205123433 0.0063909177015744178 0.031345070344183552 -0.017793725987741326 0.0096802985022783408 0.032276086139555293 0.012028411694346959 -0.0091646659415463953
leaf_weight=20.082575641572475 10.060355730354784 5.9222700968384769 61.183057852089405 16.157487982884049 27.535886067897081 67.757403895258904 12.714347645640371 203.19381019100547 73.237905099987984 71.687343660742044 432.3960592597723 10.551582977175707 117.95618408918381 24.973642572760586
leaf_count=264 49 17 339 79 198 602 64 888 141 239 997 16 242 76
internal_value=0.00537326 -0.000200904 0.00425497 -0.00978837 0.00859778 -0.018934 0.0392314 0.00178939 0.00849227 0.00952801 0.00577313 -0.00730503 0.0194278 0.00314393
internal_weight=1155.41 414.547 283.013 131.533 43.6934 87.84 18.6366 264.377 740.863 695.277 504.083 45.5856 191.194 35.5252
internal_count=4211 2451 1308 1143 277 866 81 1227 1760 1619 1236 141 383 92
is_linear=0
shrinkage=0.03


Tree=70
num_leaves=14
num_cat=0
split_feature=29 28 28 8 6 25 25 18 20 22 3 1 18
split_gain=21.3765 16.8444 47.0161 38.6042 34.1385 25.6148 20.7472 18.5625 7.90679 10.2271 20.3113 16.451 3.17618
threshold=0.066909370595782836 0.0002547272732912663 1.4170998511437606e-05 -0.0048542308445893518 113643.50000000001 -0.00045651181314955007 -8.2480241557484176e-05 0.029213659147869712 -0.063495370458000591 89604459.879000023 0.0022173058013745793 0.02839572546627207 0.045698930728468513
decision_type=2 2 2 2 2 2 2 2 2 2 2 2 2
left_child=1 2 5 -4 6 -1 -3 -6 12 10 -10 -11 -2
right_child=8 4 3 -5 7 -7 -8 -9 9 11 -12 -13 -14
leaf_value=-0.02312405133848728 0.016236501723808514 0.00048433772939365322 -0.041812252332161161 0.045093950459942266 -0.0021920132150861659 0.0050560127448952691 -0.023684411177407313 0.017077360564814334 -0.060147200779661819 -0.015084659817220134 0.017939253809508261 0.0090778015710531821 0.03791889247990677
leaf_weight=31.49052013643086 11.649961218237879 51.952924160286784 5.1973109655082217 40.039654629305005 114.64675927907228 371.55837843380868 83.093695176765323 74.055918797850609 3.0651910901069632 29.295561343431473 136.71588496863842 188.78941108286381 12.718540415167807
leaf_count=205 21 262 36 101 498 1598 608 151 13 82 248 374 14
internal_value=0.00521601 0.00234337 0.00610916 0.0351092 -0.00287102 0.00285428 -0.0143866 0.00537021 0.0110182 0.00989224 0.0162269 0.00583204 0.0275531
internal_weight=1154.27 772.035 448.286 45.237 323.749 403.049 135.047 188.703 382.235 357.866 139.781 218.085 24.3685
internal_count=4211 3459 1940 137 1519 1803 870 649 752 717 261 456 35
is_linear=0
shrinkage=0.03


Tree=71
num_leaves=13
num_cat=0
split_feature=29 28 28 8 6 3 26 21 1 5 23 11
split_gain=20.1915 15.8402 43.996 36.1498 32.3407 23.4023 17.5496 17.1288 7.56122 10.8112 12.3655 3.00252
threshold=0.066909370595782836 0.0002547272732912663 1.4170998511437606e-05 -0.0048542308445893518 113643.50000000001 0.45839488711447424 -0.0005628228091725014 109033.00000000001 0.084177392538162379 0.017919901516689225 2.7195263153980505 0.016028467725448321
decision_type=2 2 2 2 2 2 2 2 2 2 2 2
left_child=1 2 5 -4 7 -1 -6 -3 9 10 -2 -10
right_child=8 4 3 -5 6 -7 -8 -9 11 -11 -12 -13
leaf_value=0.010707289893400241 0.011322893778248582 -0.0019888373746770236 -0.041413304606519249 0.043419658004742276 -0.033335376260430059 -0.0038112111463666125 0.007385010679384788 -0.023587054287684046 0.035155153695021681 -0.026705535290163812 -0.020420434523278384 0.015680844555285223
leaf_weight=182.70143175125122 334.15420325100422 59.123066622763872 5.0915578305721274 40.331495651975274 10.06233838200569 220.53245174326003 178.52480921335518 74.928704842925072 14.483208701014521 7.2650263607501975 11.422130554914473 14.025431752204893
leaf_count=763 654 399 36 101 52 1040 597 471 18 22 34 24
internal_value=0.00506619 0.00227423 0.00592003 0.0339106 -0.00279556 0.00276698 0.00521232 -0.0140612 0.010713 0.0095123 0.0102737 0.0255744
internal_weight=1152.65 771.296 448.657 45.4231 322.639 403.234 188.587 134.052 381.35 352.841 345.576 28.5086
internal_count=4211 3459 1940 137 1519 1803 649 870 752 710 688 42
is_linear=0
shrinkage=0.03


Tree=72
num_leaves=15
num_cat=0
split_feature=29 28 26 25 21 25 25 25 25 13 25 12 12 14
split_gain=19.58 24.4757 35.3479 33.3907 26.86 15.7652 35.2247 27.962 31.3739 24.8249 20.81 17.1832 14.3929 10.4075
threshold=0.039521672245995926 -0.00029460343481942905 -0.00026317368035117932 0.00020685594365150631 4115041.5000000005 -9.7709296755255009e-05 -2.7195643526946862e-05 -0.00045651181314955007 -0.0011302574365555185 0.025343500144057191 0.00015154168691805284 -0.012064685064522481 -0.010537201892571077 0.92742455180385719
decision_type=2 2 2 2 2 2 2 2 2 2 2 2 2 2
left_child=1 2 3 -1 12 7 9 8 -2 -7 -8 -9 -3 -6
right_child=5 4 -4 -5 13 6 10 11 -10 -11 -12 -13 -14 -15
leaf_value=-0.020880665340707025 0.030262420082808935 -0.0031230543013798006 0.039864538328863129 0.01502869509276464 -0.0015225377887654143 -0.032092871492030842 0.014159536319215781 0.0054748603318190321 -0.021778507051771426 0.00037025059384101307 0.0022611685119862841 0.022990250949730475 -0.026076541884748186 0.053136833762234062
leaf_weight=42.816317349672318 14.503768280148504 39.339539557695389 23.412462990731001 51.142255663871765 5.661420099437235 37.007290069013834 222.58712838962674 74.703876279294491 37.08415050059557 49.636174701154232 326.12678976356983 155.00177800655365 65.560052903369069 7.0259138494729996
leaf_count=372 28 222 60 282 24 182 562 191 152 129 949 335 712 11
internal_value=0.0049182 -0.00280828 0.00688326 -0.00133497 -0.012482 0.00689867 0.00428084 0.0128115 -0.00714738 -0.0134954 0.00708777 0.017294 -0.0174685 0.0287464
internal_weight=1151.61 234.958 117.371 93.9586 117.587 916.651 635.357 281.294 51.5879 86.6435 548.714 229.706 104.9 12.6873
internal_count=4211 1683 714 654 969 2528 1822 706 180 311 1511 526 934 35
is_linear=0
shrinkage=0.03


Tree=73
num_leaves=14
num_cat=0
split_feature=29 13 9 5 12 14 1 5 8 20 13 29 26
split_gain=18.7169 15.41 14.5039 16.3476 14.3996 7.55862 19.2303 12.0999 11.4526 15.9075 15.7067 0.004999 0.000659204
threshold=0.066909370595782836 0.0089425667657424199 0.58867983840098514 0.021799075614962426 -0.012163588751325323 0.75259055515587081 0.02085146974501418 0.013324518233839724 0.0060547210387549609 -0.059544519739414707 0.031069922106495649 0.045507772239297049 -0.0022604117209313853
decision_type=2 2 2 2 2 2 2 2 2 2 2 2 2
left_child=1 11 3 -3 -4 8 -7 -8 9 -2 -10 12 -1
right_child=5 2 4 -5 -6 6 7 -9 10 -11 -12 -13 -14
leaf_value=-0.031958885611317066 0.025197562640934281 -0.017610080808606914 -0.0020355715096176796 0.047954558252899022 0.0069110737402066471 -0.057896113720361186 0.020285879257419967 -0.012915087718247344 0.024636574101085336 -0.0014797938737984352 -0.0041524295958477887 -0.033956246614014342 -0.03133318717155173
leaf_weight=1.8038572333753098 23.557469815015793 47.158687077462673 250.95783200487494 3.6904435232281676 456.30023337900639 3.1068617999553672 122.41513043642044 10.746492370963095 58.034622639417648 137.73340784013271 24.154720231890678 0.75402793288230974 9.4771579131483996
leaf_count=33 36 316 907 5 1942 14 200 27 92 327 56 9 247
internal_value=0.00477686 0.0020892 0.00262389 -0.0128516 0.00373652 0.0102275 0.015885 0.0176065 0.00706114 0.00241659 0.0161757 -0.0315913 -0.0314332
internal_weight=1149.89 770.142 758.107 50.8491 707.258 379.749 136.268 133.162 243.48 161.291 82.1893 12.035 11.281
internal_count=4211 3459 3170 321 2849 752 241 227 511 363 148 289 280
is_linear=0
shrinkage=0.03


Tree=74
num_leaves=15
num_cat=0
split_feature=29 23 14 14 5 3 1 25 25 25 4 20 22 25
split_gain=18.0208 17.9874 23.2955 20.9315 16.0583 23.5029 15.3895 11.9408 46.6812 25.3511 21.676 18.2184 17.3009 16.579
threshold=0.048901317183759556 3.6298128417194371 0.15806609853129513 0.25727652206794172 0.0035166895071290132 0.5334146008020425 0.088206360688439914 -9.5779806604573002e-05 -1.6287082752274791e-05 -0.00044161127236986788 322.50000000000006 -0.016258695476431086 92677361.511000022 0.00015154168691805284
decision_type=2 2 2 2 2 2 2 2 2 2 2 2 2 2
left_child=1 2 6 -4 5 -3 -1 9 10 11 -9 -2 -11 -10
right_child=7 4 3 -5 -6 -7 -8 8 13 12 -12 -13 -14 -15
leaf_value=-0.029035618294239025 -0.043402388466739612 0.011421394408748772 0.022025415081422518 -0.0039302503490022548 0.023005125736690366 -0.030532902324655522 0.05257203360633627 -0.028446039962736574 0.016028924977302728 0.029284776988294292 0.0077570856708790419 0.0028518916545821876 0.010672661309980366 0.0039139410262670309
leaf_weight=40.020416369661689 9.7912261411547643 43.191446185112 31.820246184244752 230.65827387012541 48.275891788303852 16.650100123137236 2.1937184333801261 49.993626352399588 164.89786387234926 73.04013529419899 21.194501854479313 35.273243591189384 116.8719047755003 265.09285935387015
leaf_count=358 49 124 183 1600 107 77 2 184 336 141 55 92 242 661
internal_value=0.00463726 -0.000379972 -0.00411031 -0.000783647 0.0101327 -0.000251821 -0.0247948 0.00745075 0.00483456 0.0130308 -0.0176675 -0.00719785 0.0178309 0.00855994
internal_weight=1148.97 412.81 304.693 262.479 108.117 59.8415 42.2141 736.155 501.179 234.977 71.1881 45.0645 189.912 429.991
internal_count=4211 2451 2143 1783 308 201 360 1760 1236 524 239 141 383 997
is_linear=0
shrinkage=0.03


Tree=75
num_leaves=15
num_cat=0
split_feature=29 28 26 25 7 1 7 4 1 1 0 29 8 9
split_gain=17.4686 23.2936 32.8932 31.7139 19.2153 14.4621 17.3604 19.2982 14.443 18.4306 14.1189 13.9499 7.70803 6.86396
threshold=0.039521672245995926 -0.00029460343481942905 -0.00026317368035117932 0.00020685594365150631 728179891.90150011 0.027200336730570377 410471128.06150001 67.500000000000014 0.027689120062460802 0.028265886939571185 0.0011959812610913792 0.028472999980978037 0.0040911706060005682 0.76384866956784669
decision_type=2 2 2 2 2 2 2 2 2 2 2 2 2 2
left_child=1 2 3 -1 10 6 7 -2 13 -10 -3 -6 -8 -7
right_child=5 4 -4 -5 11 8 12 -9 9 -11 -12 -13 -14 -15
leaf_value=-0.020612895214119822 0.0092413743845108504 -0.0099362883892025397 0.038364425573030138 0.014484071066612588 0.049671792552086834 0.059483163239415007 0.0067432277567914213 -0.0095345568917159385 -0.025592161650447264 0.0085551331229408046 -0.035110656037542154 -0.016361763898540008 0.04529547494778513 0.021705161480258753
leaf_weight=42.20769364386797 78.203221198171377 77.047748824581504 23.485567081719637 51.3763173148036 7.2760930620133859 6.3409898206591633 8.6653306931257266 133.14865244179964 14.544164165854452 649.35520230606198 27.104029234498739 4.7648106180131435 10.11696671694517 13.638486243784426
leaf_count=372 259 666 60 282 20 8 23 549 61 1581 257 26 17 30
internal_value=0.0045042 -0.00282355 0.00662107 -0.00134515 -0.0123394 0.00637429 -0.000130893 -0.00258719 0.00856338 0.00780706 -0.0164876 0.0235411 0.0275092 0.033695
internal_weight=1147.28 233.262 117.07 93.584 116.193 914.013 230.134 211.352 683.879 663.899 104.152 12.0409 18.7823 19.9795
internal_count=4211 1683 714 654 969 2528 848 808 1680 1642 923 46 40 38
is_linear=0
shrinkage=0.03


Tree=76
num_leaves=10
num_cat=0
split_feature=26 25 22 18 26 18 8 1 23
split_gain=16.3157 35.0449 27.2535 17.4114 14.7403 7.74749 6.68137 0.833496 0.00905662
threshold=-0.0047244607365594495 0.00073185741853035505 11154577.894500002 0.0089425667657424199 -0.0029235678665586406 0.0215372994338414 -0.002300813483507714 0.036333398658653482 6.8301563461129442
decision_type=2 2 2 2 2 2 2 2 2
left_child=5 3 -3 8 -5 6 -1 -4 -2
right_child=1 2 7 4 -6 -7 -8 -9 -10
leaf_value=0.029640909326803546 -0.031565483908511438 0.060079631572547885 -0.040589959591623426 -0.0081293322707653628 0.0058657203622629163 0.037221847806318743 -0.021795381883659752 -0.053283097047877197 -0.035325106482824345
leaf_weight=4.5152024142444152 11.159920372068878 2.4240578934550312 9.4299680553376692 72.593088764697313 1011.7130675651133 19.72540120780468 4.5765661410987377 9.1967365369200689 0.60808118432760316
leaf_count=12 281 8 66 267 3475 29 24 42 7
internal_value=0.00437342 0.00379849 -0.034543 0.00453486 0.00492877 0.0266613 0.00374918 -0.0468571 -0.0317598
internal_weight=1145.94 1117.12 21.0508 1096.07 1084.31 28.8172 9.09177 18.6267 11.768
internal_count=4211 4146 116 4030 3742 65 36 108 288
is_linear=0
shrinkage=0.03


Tree=77
num_leaves=14
num_cat=0
split_feature=29 13 13 1 13 13 13 20 15 1 11 29 23
split_gain=17.0033 14.0882 10.7618 25.1276 12.595 10.0361 11.4121 18.0412 10.5157 10.1154 4.96288 0.00450737 0.000504714
threshold=0.06816460167034287 0.0089425667657424199 0.0095088633025501908 0.026451643894368809 0.017990004019901439 0.017917731750514674 0.024681361866700297 -0.01694764612957363 0.0056638513386986717 0.021614735363893269 0.0015357612440868808 0.045507772239297049 5.798729517115758
decision_type=2 2 2 2 2 2 2 2 2 2 2 2 2
left_child=1 11 3 -3 -4 9 7 -7 -8 -2 -11 12 -1
right_child=5 2 4 -5 -6 6 8 -9 -10 10 -12 -13 -14
leaf_value=-0.031294975910089326 -0.048157460220761214 -0.034037402747608692 -0.0044490929876361768 0.077826647778255015 0.0042262397577291786 -0.021898039158180178 0.0055261745526068839 0.0086155482881125293 0.018317379893081534 0.050731935550112413 0.021713980272194774 -0.033791549439210526 -0.032255649826058511
leaf_weight=10.038779873400921 1.7245305627584446 2.8344735242426387 205.26004334911704 4.9866339229047298 565.75169641152024 27.20285065472126 134.05928525328636 48.586566120386124 101.74499782919884 6.2136882394552222 36.251456916332245 0.72238186746835786 0.51756903156638223
leaf_count=272 8 34 1321 17 1846 81 282 98 168 6 61 9 8
internal_value=0.00424203 0.00178978 0.00227186 0.0372856 0.00191668 0.0096879 0.00779043 -0.0023366 0.0110453 0.0230675 0.02596 -0.031499 -0.0313421
internal_weight=1145.89 790.112 778.833 7.82111 771.012 355.783 311.594 75.7894 235.804 44.1897 42.4651 11.2787 10.5563
internal_count=4211 3507 3218 51 3167 704 629 179 450 75 67 289 280
is_linear=0
shrinkage=0.03


Tree=78
num_leaves=14
num_cat=0
split_feature=29 9 5 26 26 29 13 13 9 1 0 13 11
split_gain=16.0767 16.8598 16.1187 15.7977 36.2766 11.1588 9.53393 11.3475 16.8275 9.49145 8.92896 8.54593 6.48636
threshold=0.06816460167034287 0.58867983840098514 0.021799075614962426 -0.0047244607365594495 -0.0029235678665586406 0.059750584344226115 0.018114129060505409 0.024681361866700297 0.78601958083783607 0.021614735363893269 -0.0026787020435089601 0.024027841255682691 0.0015357612440868808
decision_type=2 2 2 2 2 2 2 2 2 2 2 2 2
left_child=1 2 5 11 -5 -1 9 8 -8 -2 -9 -3 -11
right_child=6 3 -4 4 -6 -7 7 10 -10 12 -12 -13 -14
leaf_value=-0.028917819280103334 -0.047371319438782242 0.003788618590974238 0.04611530521988659 -0.025072816733230949 0.0038586515713209266 0.0014329392859375508 0.013825772803770399 0.026481965935052466 -0.015126105604851007 0.05044315765709962 0.0085758282386989865 0.044702439538087384 0.019691965014654582
leaf_weight=33.490200996398926 1.7009121328592289 7.325200933963063 3.6700954362750045 41.396097797900438 675.47773499786854 16.1646618694067 31.585738748311996 28.524973079562187 42.217470690608025 7.4160807579755774 206.53195278346539 12.326706558465956 36.839078783988953
leaf_count=306 8 30 5 223 2880 46 60 41 115 7 409 17 64
internal_value=0.00411901 0.00173609 -0.0145533 0.00291545 0.002188 -0.0190374 0.00942359 0.00752668 -0.0027355 0.0221723 0.0107488 0.0294519 0.0248451
internal_weight=1144.67 789.851 53.325 736.526 716.874 49.6549 354.816 308.86 73.8032 45.9561 235.057 19.6519 44.2552
internal_count=4211 3507 357 3150 3103 352 704 625 175 79 450 47 71
is_linear=0
shrinkage=0.03


Tree=79
num_leaves=15
num_cat=0
split_feature=29 28 28 8 21 25 25 25 25 13 28 25 0 14
split_gain=15.4828 22.2316 24.2899 24.1319 24.0182 13.9252 31.1928 24.5746 29.3308 22.9167 19.4364 13.629 12.0296 9.27579
threshold=0.039521672245995926 -0.00029460343481942905 -0.00033540457453247479 0.0058427507982062084 4115041.5000000005 -9.7709296755255009e-05 -2.7195643526946862e-05 -0.00045651181314955007 -0.0011302574365555185 0.025343500144057191 0.0002547272732912663 -0.00040950722489395099 0.0011959812610913792 0.92742455180385719
decision_type=2 2 2 2 2 2 2 2 2 2 2 2 2 2
left_child=1 2 3 -1 12 7 9 8 -2 -7 -8 -9 -3 -6
right_child=5 4 -4 -5 13 6 10 11 -10 -11 -12 -13 -14 -15
leaf_value=0.0091723166889839999 0.028756163807547922 -0.011050838457943902 0.048017111482209746 -0.026194800819980619 -0.0022030003763321157 -0.031578333995871642 0.010463010001785152 0.032061042820658602 -0.021671738255286108 -0.00021214187504307045 -0.0011436754944963404 0.012295342650425173 -0.034567545501701095 0.049278219042266209
leaf_weight=83.537734635174274 14.462088607251642 76.231257034465671 11.345938280224798 21.919314822182059 5.6427639760076982 36.409369070082903 333.02414844930172 37.580002620816231 36.782495863735676 49.417414136230946 212.83882797509432 190.81055416166782 26.34134085662663 7.1299804300069809
leaf_count=515 28 676 30 169 24 182 852 68 152 129 659 458 258 11
internal_value=0.00399945 -0.00291706 0.00630859 0.00182124 -0.0122593 0.00576134 0.003294 0.011335 -0.00744013 -0.0135183 0.00593742 0.0155476 -0.0170901 0.0265348
internal_weight=1143.47 232.148 116.803 105.457 115.345 911.325 631.69 279.635 51.2446 85.8268 545.863 228.391 102.573 12.7727
internal_count=4211 1683 714 684 969 2528 1822 706 180 311 1511 526 934 35
is_linear=0
shrinkage=0.03


Tree=80
num_leaves=14
num_cat=0
split_feature=29 9 5 26 26 29 13 13 10 13 11 6 11
split_gain=14.897 15.864 15.2901 14.6996 34.3055 10.8136 9.14208 10.2078 15.9955 8.0659 7.08555 7.07624 3.88019
threshold=0.06816460167034287 0.58867983840098514 0.021799075614962426 -0.0047244607365594495 -0.0029235678665586406 0.059750584344226115 0.017917731750514674 0.044168050149416029 -0.0028647325344492839 0.024027841255682691 0.044184521854233542 63106.000000000007 0.0015357612440868808
decision_type=2 2 2 2 2 2 2 2 2 2 2 2 2
left_child=1 2 5 9 -5 -1 11 8 -8 -3 -9 -2 -13
right_child=6 3 -4 4 -6 -7 7 10 -10 -11 -12 12 -14
leaf_value=-0.028609875326399557 -0.020279475523470144 0.0034292947199278667 0.044791944824080214 -0.024609082131450449 0.0036451285085897281 0.0013692102728786472 -0.0051589069270003311 0.028011929194731316 0.010354200008501572 0.043180636410560386 0.0036479624975550356 0.049670840368235103 0.021752357826128429
leaf_weight=32.865896172821522 3.3177213966846457 7.3315922431647804 3.6651357263326636 41.02537976577878 675.33614630810916 16.149682566523552 92.739983558654785 32.124895125627518 168.51672053337097 12.303317025303839 16.140343233942986 5.1316082924604407 35.303160160779953
leaf_count=306 12 30 5 223 2880 46 231 44 321 17 33 5 58
internal_value=0.00388388 0.00159062 -0.0143128 0.00272895 0.00202704 -0.0187323 0.00900352 0.00718908 0.00484741 0.0283377 0.0198644 0.0218396 0.0252955
internal_weight=1141.95 788.677 52.6807 735.996 716.362 49.0156 353.274 309.522 261.257 19.6349 48.2652 43.7525 40.4348
internal_count=4211 3507 357 3150 3103 352 704 629 552 47 77 75 63
is_linear=0
shrinkage=0.03


Tree=81
num_leaves=13
num_cat=0
split_feature=26 28 26 26 26 26 26 29 28 3 5 10
split_gain=14.5398 50.5249 40.62 35.4418 34.9535 32.7243 31.1463 27.2439 27.2207 18.8439 12.1273 2.66918
threshold=-0.0015995529932104626 -0.00033540457453247479 -0.0005628228091725014 -0.00053518717078032186 -0.002298732745018009 -0.003854717461905167 -0.0022053760132260312 0.089209678189597644 0.0002547272732912663 0.60577006432373315 -0.0097521566964395845 -0.0065644741702855927
decision_type=2 2 2 2 2 2 2 2 2 2 2 2
left_child=1 4 7 11 5 -1 -6 9 -5 -2 -3 -4
right_child=2 10 3 8 6 -7 -8 -9 -10 -11 -12 -13
leaf_value=0.017264363082201188 -0.0057236456946467822 0.090781293081148254 0.058174570831105117 0.013227188326739917 0.042189185718752506 -0.010607180461869137 0.0074217616855162876 0.026142209696869718 -7.545581026229468e-05 -0.026100334102345864 0.039707547439415701 0.035474025534072244
leaf_weight=55.623033959418535 96.980004101991653 6.4922780990600613 8.5956957042217272 200.84783274307847 37.374344160780311 119.07776827737689 61.104763779789209 16.459375947713852 445.55879979580641 70.566789969801903 11.769481927156447 10.185858797281979
leaf_count=147 449 6 12 648 72 483 217 25 1695 410 27 20
internal_value=0.00377161 0.0095533 0.00178735 0.00523824 0.00632373 -0.00173315 0.0206165 -0.0106877 0.00405787 -0.0143058 0.0578649 0.0458633
internal_weight=1140.64 291.442 849.194 665.188 273.18 174.701 98.4791 184.006 646.407 167.547 18.2618 18.7816
internal_count=4211 952 3259 2375 919 630 289 884 2343 859 33 32
is_linear=0
shrinkage=0.03


Tree=82
num_leaves=15
num_cat=0
split_feature=29 28 26 25 22 25 25 25 25 25 28 0 25 12
split_gain=14.2254 20.972 29.1657 28.9276 22.5419 13.8174 36.1664 22.0574 27.467 18.7655 17.1695 13.4988 13.3162 10.1516
threshold=0.039521672245995926 -0.00029460343481942905 -0.00026317368035117932 0.00020685594365150631 1286988252.187 -9.5779806604573002e-05 -2.7195643526946862e-05 -0.00045651181314955007 -0.0011302574365555185 0.00015154168691805284 -0.00050537214223094027 0.0011959812610913792 -0.00040950722489395099 -0.011801890130832623
decision_type=2 2 2 2 2 2 2 2 2 2 2 2 2 2
left_child=1 2 3 -1 11 7 10 8 -2 -8 -7 -3 -9 -6
right_child=5 4 -4 -5 13 6 9 12 -10 -11 -12 -13 -14 -15
leaf_value=-0.020241472126684833 0.027769225595559967 -0.010025222737656041 0.035760568354130919 0.013378359255697306 0.060913773229976098 -0.044566579947082088 0.012174837254429671 0.030925005495022594 -0.021102308316388742 0.00083431251797922476 -0.0093452056789889906 -0.034803861475245078 0.011479300806404346 0.0022333916048541962
leaf_weight=41.493269510567188 14.452688746154307 77.234435122460127 23.589114725589752 51.775178151205182 4.9429830089211464 16.068265255540609 220.91673410311341 37.515790164470673 36.460639297962189 323.80214141868055 55.412115417420864 26.602600054815412 204.23612129688263 5.7281358968466503
leaf_count=372 28 675 60 282 6 77 562 68 152 949 198 261 494 27
internal_value=0.00365935 -0.00298201 0.0059589 -0.00157843 -0.0121064 0.00535001 0.00280077 0.0107174 -0.00722922 0.00543359 -0.0172627 -0.0163734 0.0144969 0.0294148
internal_weight=1140.23 231.366 116.858 93.2684 114.508 908.864 616.199 292.665 50.9133 544.719 71.4804 103.837 241.752 10.6711
internal_count=4211 1683 714 654 969 2528 1786 742 180 1511 275 936 562 33
is_linear=0
shrinkage=0.03


Tree=83
num_leaves=12
num_cat=0
split_feature=29 26 23 14 26 25 25 12 12 1 29
split_gain=13.8948 14.3769 17.8425 22.624 13.4052 46.6199 33.8155 8.73022 15.2204 16.6967 7.95583
threshold=0.06816460167034287 0.0041261152405111289 2.8690803883068661 0.067168002359997106 -0.0005628228091725014 0.00028820673011691647 0.00026180484919510603 -0.040508274311241294 -0.026923710808134497 0.052259448074643118 0.070232667829303569
decision_type=2 2 2 2 2 2 2 2 2 2 2
left_child=1 4 3 -3 5 -1 -6 -2 9 -9 -10
right_child=7 2 -4 -5 6 -7 -8 8 10 -11 -12
leaf_value=-0.010615654860729309 0.028014268307354418 0.049251107581520279 0.021710423098011317 -0.041872428330235661 0.0097192432091484891 0.013398801687717213 -0.011592683977333486 -0.0030610897114505325 0.022401157767655257 -0.064332814018108558 0.007472428534704199
leaf_weight=213.83685979433358 19.518642753362656 2.7751084119081559 7.5270271301269522 21.072561752051115 348.96470567025244 110.2762647755444 82.929543608799577 21.420871153473858 36.488060817122459 4.9225282669067374 268.86188606917858
leaf_count=1144 27 4 20 157 1342 399 441 53 58 20 546
internal_value=0.00355399 0.00134062 -0.0185585 -0.0312686 0.00216644 -0.00244498 0.00562706 0.00851615 0.00736878 -0.0145103 0.00925635
internal_weight=1138.59 787.382 31.3747 23.8477 756.007 324.113 431.894 351.212 331.693 26.3434 305.35
internal_count=4211 3507 181 161 3326 1543 1783 704 677 73 604
is_linear=0
shrinkage=0.03


Tree=84
num_leaves=13
num_cat=0
split_feature=26 28 26 26 26 26 26 9 29 11 5 20
split_gain=13.8378 46.103 35.952 33.0009 32.6592 30.174 28.5572 25.1658 25.0591 25.0781 10.5977 4.31423
threshold=-0.0015995529932104626 -0.00033540457453247479 -0.0005628228091725014 -0.00053518717078032186 -0.002298732745018009 -0.003854717461905167 -0.0022053760132260312 0.47658529108369801 0.089209678189597644 0.016455455474219945 -0.0097521566964395845 -0.027470306590464986
decision_type=2 2 2 2 2 2 2 2 2 2 2 2
left_child=1 4 8 11 5 -1 -6 -5 9 -2 -3 -4
right_child=2 10 3 7 6 -7 -8 -9 -10 -11 -12 -13
leaf_value=0.016404942678773987 -0.022643870417788831 0.085133251618480621 0.060383163838422418 -0.024227261509976859 0.040415265715396206 -0.010370809717448928 0.0071353570203370256 0.0048707885293286539 0.02523104791932471 0.0015774005821062077 0.037858653537677783 0.031332157741646494
leaf_weight=55.646574944257736 105.18008817359805 6.6759656667709377 8.1788658350706118 27.961802525445819 37.449475288391113 118.62846270948648 61.011902900412679 617.27132709696889 16.269671246409416 60.659419137984514 11.83085101470351 10.516139604151247
leaf_count=147 668 6 9 164 72 483 217 2179 25 191 27 23
internal_value=0.00345099 0.00909111 0.00150941 0.00474828 0.00598188 -0.00182123 0.0197933 0.0036098 -0.0102988 -0.0137844 0.054912 0.0440417
internal_weight=1137.28 291.243 846.037 663.928 272.736 174.275 98.4614 645.233 182.109 165.84 18.5068 18.695
internal_count=4211 952 3259 2375 919 630 289 2343 884 859 33 32
is_linear=0
shrinkage=0.03


Tree=85
num_leaves=12
num_cat=0
split_feature=29 13 15 5 28 21 21 28 13 13 13
split_gain=13.3633 12.6743 16.3616 13.1718 10.9008 12.3845 10.7691 6.87509 0.195945 0.015793 0.00396432
threshold=0.019982888506241938 0.044168050149416029 -0.01489452366404642 -0.0053772768799186009 0.001131557645677824 1115081.5000000002 1041760.0000000001 -0.00084330558071196769 0.025580067200370246 0.016935213431124405 0.0093471598998964723
decision_type=2 2 2 2 2 2 2 2 2 2 2
left_child=8 2 6 -4 7 -6 -2 -3 9 10 -1
right_child=1 4 3 -5 5 -7 -8 -9 -10 -11 -12
leaf_value=-0.03119467343103232 -0.034223944192720429 0.007742360587050575 -0.0023977183504132107 0.0053732342383002391 -0.030383712817048804 0.018212946428207338 0.0031699124447787997 0.026576736784662023 -0.044766063825960219 -0.035249840505523627 -0.033066483799060631
leaf_weight=2.195893293246626 17.634156279265884 28.126168131828308 267.28660173155367 739.25790904834867 9.4507056027650851 9.4278786778449994 11.42038072645664 45.922331675887108 1.6552388072013853 2.1256787143647671 1.8989484868943689
leaf_count=65 75 61 1075 2740 31 16 28 68 8 20 24
internal_value=0.0033496 0.00362137 0.00266901 0.00330967 0.0142347 -0.00611476 -0.0195257 0.0194228 -0.0355928 -0.0331518 -0.0320627
internal_weight=1136.4 1128.53 1035.6 1006.54 92.9271 18.8786 29.0545 74.0485 7.87576 6.22052 4.09484
internal_count=4211 4094 3918 3815 176 47 103 129 117 109 89
is_linear=0
shrinkage=0.03


Tree=86
num_leaves=15
num_cat=0
split_feature=26 26 26 9 29 11 26 26 26 29 23 9 5 9
split_gain=13.1194 33.8368 31.1199 23.7475 23.6462 23.7116 22.3729 41.6559 32.7714 28.1891 20.6108 12.7963 9.56817 3.29025
threshold=-0.0015995529932104626 -0.0005628228091725014 -0.00053518717078032186 0.47658529108369801 0.089209678189597644 0.016455455474219945 -0.0029235678665586406 -0.003854717461905167 -0.0028420335086016854 0.068603458458295713 1.8269043954401456 1.0467926755803674 -0.0097521566964395845 1.1304088295986838
decision_type=2 2 2 2 2 2 2 2 2 2 2 2 2 2
left_child=6 4 13 -4 5 -2 7 11 12 -9 -10 -1 -8 -3
right_child=1 2 3 -5 -6 -7 8 9 10 -11 -12 -13 -14 -15
leaf_value=-0.0037982957958565939 -0.022195644707241505 0.0572731242391675 -0.023743184945263267 0.0046116667932746868 0.024532168621080805 0.0013915959560932478 0.081152496109283073 -0.041981595987481024 0.016591174168171324 0.0026618094080749651 -0.0086138735733968623 0.026379336602136545 0.036505038781283576 0.031789613995382271
leaf_weight=19.454085353761911 104.3406999707222 7.9988326393067863 27.779339749366045 617.33906218968332 16.130565673112869 60.655475720763206 6.7973542213439968 27.966781137511134 127.75652083195746 23.363772749900818 37.849019270390272 36.136778637766838 11.852777279913424 10.606007382273672
leaf_count=71 668 13 164 2179 25 191 6 192 388 52 140 76 27 19
internal_value=0.00325016 0.0013575 0.00449385 0.00339068 -0.0101354 -0.0135246 0.0087417 -0.00217476 0.0150764 -0.0216616 0.0108306 0.0158186 0.0527776 0.0427458
internal_weight=1136.03 844.85 663.723 645.118 181.127 164.996 291.177 106.921 184.256 51.3306 165.606 55.5909 18.6501 18.6048
internal_count=4211 3259 2375 2343 884 859 952 391 561 244 528 147 33 32
is_linear=0
shrinkage=0.03


Tree=87
num_leaves=14
num_cat=0
split_feature=1 6 6 13 6 1 9 4 29 10 10 29 12
split_gain=13.1151 14.7333 18.7034 14.4489 14.3685 11.5414 11.8136 19.5844 12.8345 8.09021 7.23305 9.01031 4.49832
threshold=0.02085146974501418 48889.500000000007 63106.000000000007 0.042087934402288037 2694984.5000000005 0.021097959488155918 0.46414888676421967 132.50000000000003 0.06816460167034287 0.026112751593443295 -0.0014663776700386316 0.061080263456014396 -0.0078574436793165479
decision_type=2 2 2 2 2 2 2 2 2 2 2 2 2
left_child=1 3 -3 9 -4 10 7 -7 -8 -1 11 -2 -12
right_child=5 2 4 -5 -6 6 8 -9 -10 -11 12 -13 -14
leaf_value=-0.036520597981389138 -0.036746098574598478 0.040523759952400783 -0.015245733485423421 0.040038452560812593 0.042471309381347903 0.012281534210700018 0.0018897704868105238 -0.034711058871657527 0.0091869228632063902 0.0074089588840155918 0.062178727621309798 0.037398672274358384 0.025529611137618195
leaf_weight=25.741778271272782 2.9573641419410732 9.2382763139903528 29.419284909963608 2.8989799469709387 4.4720009565353385 14.158210523426531 691.58562688529491 18.296028897166252 316.06874233484268 4.421013042330741 5.1089379042387009 2.9430667161941528 7.3511882685124856
leaf_count=285 31 26 147 5 9 55 2883 100 621 12 6 4 27
internal_value=0.00315573 -0.00886579 0.00268454 -0.0239334 -0.00762989 0.00402107 0.00360486 -0.0142105 0.00417865 -0.0300818 0.0275991 0.000236456 0.0405566
internal_weight=1134.66 76.1913 43.1296 33.0618 33.8913 1058.47 1040.11 32.4542 1007.65 30.1628 18.3606 5.90043 12.4601
internal_count=4211 484 182 302 156 3727 3659 155 3504 297 68 35 33
is_linear=0
shrinkage=0.03


Tree=88
num_leaves=12
num_cat=0
split_feature=29 20 8 11 25 25 6 6 13 13 13
split_gain=12.6732 11.8728 16.0155 27.0707 14.1712 12.3248 17.7328 11.8213 0.179503 0.0142265 0.00353078
threshold=0.019982888506241938 -0.061214144265299232 -0.010751905618475471 0.019040983671194025 -0.00045651181314955007 0.00035709747270263323 732864.50000000012 849221.00000000012 0.025580067200370246 0.016935213431124405 0.0093471598998964723
decision_type=2 2 2 2 2 2 2 2 2 2 2
left_child=8 5 3 -3 -4 7 -7 -2 9 10 -1
right_child=1 2 4 -5 -6 6 -8 -9 -10 -11 -12
leaf_value=-0.031143270984613374 0.031410795471132943 -0.014519927323901203 -0.010653899065841467 0.01038212629194688 0.0051489016833027625 -0.044358414553727389 0.020575888006812905 -0.0005082553113162255 -0.044248838867226317 -0.035053939400526007 -0.03294042859720224
leaf_weight=2.1155343204736705 37.488231629133224 112.30218130722642 54.414928419515491 60.430796176195145 831.32026872597635 6.7737667858600608 8.5786392390727979 14.474637061357496 1.6325685679912565 2.059409499168396 1.8392735272645948
leaf_count=65 60 494 274 137 3053 26 15 35 8 20 24
internal_value=0.00306393 0.00332538 0.00254843 -0.00580792 0.00417806 0.0155421 -0.00807433 0.0225195 -0.0354268 -0.033032 -0.0319791
internal_weight=1133.43 1125.78 1058.47 172.733 885.735 67.3153 15.3524 51.9629 7.64679 6.01422 3.95481
internal_count=4211 4094 3958 631 3327 136 41 95 117 109 89
is_linear=0
shrinkage=0.03


Tree=89
num_leaves=15
num_cat=0
split_feature=1 26 13 26 28 26 26 8 29 20 5 28 29 29
split_gain=12.3858 14.636 18.3366 11.8384 42.6877 37.9574 29.7221 23.5877 23.0103 11.2887 8.44343 9.74012 3.99166 0.24441
threshold=0.02085146974501418 0.00043762844695351079 0.018982233735210602 -0.0015995529932104626 -0.00033540457453247479 -0.0005628228091725014 -0.002298732745018009 -0.0065927456730362375 0.066283175637756167 0.010291044597382842 0.004257327977240901 0.0015990189946568651 0.079349624110493261 0.058479962665846673
decision_type=2 2 2 2 2 2 2 2 2 2 2 2 2 2
left_child=1 2 13 4 6 8 -2 -7 -5 -4 12 -12 -3 -1
right_child=3 10 9 5 -6 7 -8 -9 -10 -11 11 -13 -14 -15
leaf_value=-0.033703351844943844 -0.0017092932588324236 -0.039955363360291117 0.026374785773815707 -0.018782641331680078 0.053576627611205366 -0.0035060041798358498 0.019569732551679774 0.0092557132480937717 0.0046205011914063551 -0.009051560583758507 -0.044665858291147324 0.013114572357092284 0.0073131593407339572 -0.0472227004665128
leaf_weight=7.3370014578104001 162.6131140422076 18.478408582508568 20.964730180799961 109.84704066626728 18.198691554367542 187.2392598092556 92.785731824114919 429.01828949525952 57.65739931166172 13.187595319002865 3.7698646299540988 8.6513231135904771 1.76111640036106 1.4396665170788763
leaf_count=102 560 176 62 672 28 678 258 1406 125 70 26 37 4 7
internal_value=0.00297313 -0.0087585 0.00275584 0.00381182 0.00918452 0.0019363 0.00602132 0.00537828 -0.0107269 0.0126952 -0.0238929 -0.00442195 -0.0358424 -0.035921
internal_weight=1132.95 75.5897 42.929 1057.36 273.598 783.762 255.399 616.258 167.504 34.1523 32.6607 12.4212 20.2395 8.77667
internal_count=4211 484 241 3727 846 2881 818 2084 797 132 243 63 180 109
is_linear=0
shrinkage=0.03


Tree=90
num_leaves=11
num_cat=0
split_feature=26 25 22 13 29 13 29 29 29 29
split_gain=12.4202 30.7449 25.5156 14.489 12.4489 6.72517 15.8146 1.26693 0.122856 0.0212008
threshold=-0.0047244607365594495 0.00073185741853035505 11154577.894500002 0.0089425667657424199 0.067511903309854585 0.0215372994338414 0.068603458458295713 0.059072083041905359 0.045507772239297049 0.053741616351066411
decision_type=2 2 2 2 2 2 2 2 2 2
left_child=5 3 -3 9 -5 6 8 -4 -1 -2
right_child=1 2 7 4 -6 -7 -8 -9 -10 -11
leaf_value=-0.035325660184094401 -0.031319932306100251 0.057652985349650611 -0.038417466355055142 0.0012251444067445699 0.0081837471539252492 0.032450614950275847 0.039260733123130338 -0.054325372969818909 -0.045461781159269007 -0.037110959102989421
leaf_weight=2.1316324733197707 10.109765170142051 2.4075824581086662 9.0594502836465853 734.48450630158186 337.79804985225201 19.358387991786003 4.6716485619544983 8.9641123563051206 2.1736034154891968 0.60289295017719347
leaf_count=20 283 8 69 3065 677 29 5 39 11 5
internal_value=0.00288626 0.00238265 -0.0340762 0.00307046 0.00341729 0.022498 0.00103545 -0.0463293 -0.0404431 -0.0316458
internal_weight=1131.76 1103.43 20.4311 1083 1072.28 28.3353 8.97688 18.0236 4.30524 10.7127
internal_count=4211 4146 116 4030 3742 65 36 108 31 288
is_linear=0
shrinkage=0.03


Tree=91
num_leaves=12
num_cat=0
split_feature=29 28 26 26 26 25 12 21 18 18 18
split_gain=11.9922 11.9377 36.1914 29.2222 34.9891 23.7598 10.009 8.75134 0.163801 0.0125962 0.0033356
threshold=0.019982888506241938 0.0002547272732912663 0.0017544099373373028 -0.0005628228091725014 -0.00053518717078032186 -0.00045651181314955007 -0.027478214766172415 117919.50000000001 0.025580067200370246 0.016935213431124405 0.0093471598998964723
decision_type=2 2 2 2 2 2 2 2 2 2 2
left_child=8 2 5 6 -5 -2 -3 -4 9 10 -1
right_child=1 3 7 4 -6 -7 -8 -9 -10 -11 -12
leaf_value=-0.031072570498067633 -0.018607220256818827 0.030273016389384445 0.069850836665586877 0.041450099299425773 -0.000779427529801744 0.0058621947423890515 -0.045616227425474012 0.029948361564303763 -0.043759864769499245 -0.034864558187051732 -0.032855794081511167
leaf_weight=1.9894073028117412 38.029660252854228 1.7325555235147501 7.4674284718930748 18.395948145538568 440.2311984449625 586.53514539822936 16.090159140527248 14.654322013258932 1.6081602424383161 1.994741655886173 1.7966911718249319
leaf_count=65 224 3 18 31 1652 2014 120 32 8 20 24
internal_value=0.00280253 0.00305315 0.00570792 -0.000550188 0.000914437 0.00437226 -0.038239 0.0434179 -0.0352912 -0.0329353 -0.0319188
internal_weight=1130.53 1123.14 646.687 476.45 458.627 624.565 17.8227 22.1218 7.389 5.78084 3.7861
internal_count=4211 4094 2288 1806 1683 2238 123 50 117 109 89
is_linear=0
shrinkage=0.03


Tree=92
num_leaves=13
num_cat=0
split_feature=18 26 25 9 9 26 21 26 9 18 29 1
split_gain=11.7765 12.0031 25.801 24.7553 16.7554 6.48153 13.1461 7.1985 10.5866 6.44061 15.1232 5.98292
threshold=0.044168050149416029 -0.0047244607365594495 0.00073185741853035505 7.8494386990617562 1.7976916183478739 0.0013705070248715072 459939.50000000006 0.00070918751264916694 8.7965956899323619 0.0215372994338414 0.068603458458295713 0.068403070729103829
decision_type=2 2 2 2 2 2 2 2 2 2 2 2
left_child=1 9 4 -4 -3 7 -7 8 -2 10 -1 -8
right_child=5 2 3 -5 -6 6 11 -9 -10 -11 -12 -13
leaf_value=-0.04012239732605348 0.003163320858998129 0.0047765864634746963 -0.045523107160128244 0.058679906415517867 -0.0034316035246025911 -0.034928965276961953 0.026285910810988241 0.039702213560093895 0.031125341696035615 0.032267645347721245 0.038482059325288746 -0.0065216074281155469
leaf_weight=4.2246874496340769 32.791942819952965 652.0691707469523 17.054236136376861 2.3325043991208068 340.80008971318603 6.9093063622713116 12.22795268148184 11.578213065862654 19.392666816711426 17.589869916439056 4.6030406057834625 8.4666679650545102
leaf_count=31 72 2357 107 5 1504 24 19 13 28 26 5 20
internal_value=0.00271918 0.00181086 0.00128987 -0.032986 0.00195914 0.0130451 0.000901019 0.0183024 0.0135545 0.0217739 0.00086431 0.0128636
internal_weight=1130.04 1038.67 1012.26 19.3867 992.869 91.3667 27.6039 63.7628 52.1846 26.4176 8.82773 20.6946
internal_count=4211 4035 3973 112 3861 176 63 113 100 62 36 39
is_linear=0
shrinkage=0.03


Tree=93
num_leaves=14
num_cat=0
split_feature=1 6 6 13 6 25 25 1 25 12 1 10 3
split_gain=11.5999 13.8052 17.0482 13.3739 13.0574 12.5881 17.0214 17.4052 13.7274 13.2575 12.0726 7.85325 7.00998
threshold=0.02085146974501418 48889.500000000007 63106.000000000007 0.042087934402288037 2694984.5000000005 -0.00045651181314955007 -0.001013258929688022 0.039852848558479335 -0.00040950722489395099 -0.0016400321582265467 0.021097959488155918 0.026112751593443295 0.57257515697898886
decision_type=2 2 2 2 2 2 2 2 2 2 2 2 2
left_child=1 3 -3 11 -4 6 9 -8 12 -2 -10 -1 -7
right_child=5 2 4 -5 -6 8 7 -9 10 -11 -12 -13 -14
leaf_value=-0.03629874707320143 -0.0039982839764484638 0.038331289975804254 -0.01492516834201915 0.038124682402751207 0.040105343278830703 0.030435998042673204 -0.04076820344769741 0.00010193838011141234 0.027920273615819224 0.052218607602707752 0.003038339517012914 0.0072158245993806588 0.0038383102954406495
leaf_weight=24.777130443602804 11.704972835257651 9.2914355061948282 29.095514552667737 2.8703223317861548 4.4777550473809233 26.433744644746184 20.229472193866968 17.482514826580882 17.883257981389761 5.5730758383870116 941.48887020535767 4.3947701901197425 13.45870393887162
leaf_count=285 43 26 147 5 9 71 158 71 62 9 3272 12 41
internal_value=0.00263965 -0.00876765 0.00236743 -0.0236637 -0.0075856 0.00345016 -0.0105241 -0.0218216 0.00421917 0.0141346 0.00350215 -0.0297432 0.0214626
internal_weight=1129.16 74.9069 42.8647 32.0422 33.5733 1054.25 54.99 37.712 999.265 17.278 959.372 29.1719 39.8924
internal_count=4211 484 182 302 156 3727 281 229 3446 52 3334 297 112
is_linear=0
shrinkage=0.03


Tree=94
num_leaves=11
num_cat=0
split_feature=29 26 25 22 29 13 29 13 13 13
split_gain=11.4039 11.1425 28.312 23.4568 11.6948 5.62359 14.3038 0.148783 0.0111603 0.0030205
threshold=0.019982888506241938 -0.0047244607365594495 0.00073185741853035505 11154577.894500002 0.067511903309854585 0.0215372994338414 0.068603458458295713 0.025580067200370246 0.016935213431124405 0.0096204987252675195
decision_type=2 2 2 2 2 2 2 2 2 2
left_child=7 5 4 -4 -3 6 -2 8 9 -1
right_child=1 2 3 -5 -6 -7 -8 -9 -10 -11
leaf_value=-0.031062041656136661 -0.040083498757734842 0.00087035259307329134 0.054627779802898527 -0.045193962024119752 0.0076211423492069802 0.030642719987680617 0.037785311182447642 -0.043236636045603911 -0.034676867839338682 -0.032787506048801034
leaf_weight=1.9858276415616267 3.9901923723518866 737.37510445900261 2.4103591777384308 17.506612785160542 336.28022754192352 19.126506701111794 4.537255123257637 1.5846054702997205 1.9211348555982111 1.6902621090412138
leaf_count=66 29 3236 8 108 679 29 5 8 20 23
internal_value=0.00256153 0.0028029 0.00232732 -0.0331135 0.00298477 0.0216095 0.00134867 -0.0351213 -0.0328238 -0.0318554
internal_weight=1128.41 1121.23 1093.57 19.917 1073.66 27.654 8.52745 7.18183 5.59722 3.67609
internal_count=4211 4094 4031 116 3915 63 34 117 109 89
is_linear=0
shrinkage=0.03


Tree=95
num_leaves=14
num_cat=0
split_feature=20 29 25 25 25 25 0 25 6 6 25 18 18
split_gain=11.352 17.1991 28.0272 18.4831 34.9712 17.8785 12.6676 11.8047 17.0296 11.2615 10.0859 4.92478 0.423022
threshold=-0.061214144265299232 0.036387390792766511 -0.00022115147749914168 -9.5779806604573002e-05 -6.0534707342586007e-05 -0.00044161127236986788 -0.00045006896354319708 0.00035709747270263323 732864.50000000012 849221.00000000012 6.7416489917713297e-05 0.028260872218583231 0.026652836578667811
decision_type=2 2 2 2 2 2 2 2 2 2 2 2 2
left_child=7 2 12 5 -5 -3 -4 9 -9 11 -11 -1 -2
right_child=1 3 6 4 -6 -7 -8 8 -10 10 -12 -13 -14
leaf_value=0.051219840586699532 -0.033845191094120305 -0.0054192150520938741 -0.014818908561586779 -0.025603586940249431 0.0024207570760702872 0.013249426725484926 0.0040942904766128616 -0.044583267305978655 0.019450441709435079 -0.02810797554357752 0.022259477750727931 0.024424340589474146 -0.043667097865140767
leaf_weight=7.8183963596820822 21.042448634281758 57.426538739353418 46.500888116657734 43.221434149891138 550.64474233798683 235.51137695834041 101.30968342162669 6.6841257512569419 8.4803304672241193 6.6987190842628461 7.680920884013176 29.335214897990227 4.8575526848435393
leaf_count=10 282 208 370 186 1688 583 733 26 15 22 13 50 25
internal_value=0.00248712 0.00173212 -0.00689999 0.00342301 0.000381152 0.00958969 -0.00185576 0.014492 -0.00877407 0.0213384 -0.00120407 0.030063 -0.0356873
internal_weight=1127.21 1060.51 173.711 886.804 593.866 292.938 147.811 66.6977 15.1645 51.5333 14.3796 37.1536 25.9
internal_count=4211 4075 1410 2665 1874 791 1103 136 41 95 35 60 307
is_linear=0
shrinkage=0.03


Tree=96
num_leaves=15
num_cat=0
split_feature=28 28 6 8 9 25 25 25 28 0 8 29 1 10
split_gain=11.2453 33.1499 25.0165 24.4658 25.7213 22.8235 19.2842 26.7987 16.8564 14.3803 13.9816 13.9194 12.6756 12.135
threshold=0.0002547272732912663 1.4170998511437606e-05 127395.00000000001 -0.0048542308445893518 0.93640340835953462 -0.00058869237925120469 -0.00045651181314955007 -0.00029287078936083151 0.00043423032416645076 -0.00041911039834149081 0.01885310299035883 0.031150781041288548 0.033353245104872233 0.024398201371177809
decision_type=2 2 2 2 2 2 2 2 2 2 2 2 2 2
left_child=1 6 5 13 -5 -2 12 -8 9 -4 -10 -7 -1 -3
right_child=2 3 8 4 -6 11 7 -9 10 -11 -12 -13 -14 -15
leaf_value=-0.039889284743227192 0.036139313914404878 -0.034605075364622526 0.0082974254405542257 0.0044409299615611429 0.050937964795875132 -0.036326908305565113 0.023920409129894137 0.0020035685151804906 0.003840870325517652 -0.054906206710724666 0.031182340571168889 -0.0096109237909330278 -0.004135476639985777 0.027841088587637786
leaf_weight=14.557268820703028 9.0009540319442731 7.7377741597592813 5.5015891790390015 15.958293644711373 32.54161724448204 20.063253121450543 55.890358421951532 494.14365261606872 277.1530882306397 7.8809086829423887 17.921209342777729 140.21240274980664 23.061758432537317 4.3895360678434372
leaf_count=127 22 44 15 49 64 253 157 1806 804 41 28 689 106 6
internal_value=0.00241471 0.00498833 -0.00107768 0.026109 0.0356387 -0.0103447 0.00280935 0.00423059 0.00400793 -0.028923 0.00550144 -0.0129552 -0.017971 -0.0120024
internal_weight=1126.01 648.28 477.733 60.6272 48.4999 169.277 587.653 550.034 308.457 13.3825 295.074 160.276 37.619 12.1273
internal_count=4211 2359 1852 163 113 964 2196 1963 888 56 832 942 233 50
is_linear=0
shrinkage=0.03


Tree=97
num_leaves=14
num_cat=0
split_feature=26 28 26 26 26 26 26 28 6 7 5 7 9
split_gain=10.7365 38.2811 28.747 28.6977 27.5173 26.3575 25.0298 22.1846 21.4554 26.2701 8.33388 3.81412 3.23374
threshold=-0.0015995529932104626 -0.00033540457453247479 -0.0005628228091725014 -0.002298732745018009 -0.00053518717078032186 -0.0022053760132260312 -0.003854717461905167 0.0002547272732912663 40242.500000000007 45685654.002000004 -0.0097521566964395845 285896.03500000009 1.1304088295986838
decision_type=2 2 2 2 2 2 2 2 2 2 2 2 2
left_child=1 3 8 6 12 -5 -1 -6 11 -10 -3 -2 -4
right_child=2 10 4 5 7 -7 -8 -9 9 -11 -12 -13 -14
leaf_value=0.01385201824639363 0.011862831844072609 0.074771705807444161 0.054289992412431196 0.037298756988057589 0.010769597770747447 0.0052577272694885168 -0.010768631665045532 -0.0012843517129019779 0.010804022487266269 -0.015210576965665787 0.033399869027627496 -0.037567805920900685 0.028813675427090034
leaf_weight=54.442439276725054 1.487432843074205 6.9679171442985561 7.8841992020607021 37.169430987909436 199.65522611699998 61.072380410507321 117.08075656183064 440.80427894927561 55.085263254120946 95.507856329903007 11.808162759989498 25.318957962095737 10.397707507014273
leaf_count=147 12 6 13 72 648 217 483 1695 223 376 27 273 19
internal_value=0.00234446 0.00733416 0.000622584 0.00445133 0.00350925 0.0173803 -0.0029539 0.00247332 -0.0100965 -0.00569473 0.0487532 -0.034825 0.0398005
internal_weight=1124.68 288.541 836.141 269.765 658.741 98.2418 171.523 640.46 177.4 150.593 18.7761 26.8064 18.2819
internal_count=4211 952 3259 919 2375 289 630 2343 884 599 33 285 32
is_linear=0
shrinkage=0.03


Tree=98
num_leaves=13
num_cat=0
split_feature=13 15 26 28 25 6 28 23 28 28 0 28
split_gain=10.7874 14.8383 13.5978 34.5397 27.0579 10.049 9.67386 12.3727 6.56218 8.31101 5.75795 4.21259
threshold=0.044168050149416029 -0.01489452366404642 -0.0015995529932104626 -0.00033540457453247479 0.00015154168691805284 605578.00000000012 0.001131557645677824 2.4924960874529218 -0.00084330558071196769 -0.0017007730727628026 -0.0013663730912851035 4.2086670741656015e-06
decision_type=2 2 2 2 2 2 2 2 2 2 2 2
left_child=1 5 3 -3 -4 10 8 -8 9 -2 -1 -10
right_child=6 2 4 -5 -6 -7 7 -9 11 -11 -12 -13
leaf_value=-0.013926282184126821 0.024022679387270224 0.0048909810751251144 0.0035831789126297606 0.047123835188194158 -0.0090156207983517114 0.0020932974085311894 -0.03409366286254651 0.0151307998812336 0.034996012154198064 -0.0090637375870711995 -0.04895069561630723 0.016277308073767989
leaf_weight=7.2865376546978977 12.380510911345484 232.4893185198307 539.28825389407575 18.840931262820959 214.41675103083253 11.334639847278593 8.374009236693384 10.185190454125403 19.140493229031563 15.248241156339644 10.052397012710573 24.892051607370377
leaf_count=26 21 826 2057 33 1016 28 27 20 24 40 49 44
internal_value=0.00227527 0.00140698 0.00201408 0.00805696 -9.73618e-07 -0.0198726 0.0122238 -0.00707954 0.017223 0.00576237 -0.034232 0.0244141
internal_weight=1123.93 1033.71 1005.04 251.33 753.705 28.6736 90.2205 18.5592 71.6613 27.6288 17.3389 44.0325
internal_count=4211 4035 3932 859 3073 103 176 47 129 61 75 68
is_linear=0
shrinkage=0.03


Tree=99
num_leaves=12
num_cat=0
split_feature=29 20 11 5 10 25 6 6 13 13 13
split_gain=10.644 10.1936 13.3234 19.7258 17.6328 10.9961 15.6149 10.9867 0.126469 0.00975838 0.00263967
threshold=0.019982888506241938 -0.061214144265299232 0.017045468512444501 -0.0058126849670714102 0.01023333063385065 0.00035709747270263323 732864.50000000012 849221.00000000012 0.025580067200370246 0.016935213431124405 0.0096204987252675195
decision_type=2 2 2 2 2 2 2 2 2 2 2
left_child=8 5 3 -3 -4 7 -7 -2 9 10 -1
right_child=1 2 4 -5 -6 6 -8 -9 -10 -11 -12
leaf_value=-0.031024801946320894 0.029135858405068799 -0.010111970702971648 0.017526400223447845 0.0020255027353326648 0.0025107601514241721 -0.0429252238934009 0.018568728687101254 -0.0018513066185297633 -0.042426724177110485 -0.034481072628415051 -0.032671213206557345
leaf_weight=1.9001590088009828 36.884563401341438 157.36959862522781 93.485312342643738 514.49412288703024 284.83101746626198 6.6732647716999045 8.3872216641902906 14.286421403288839 1.5541101098060606 1.8361931368708608 1.6267387047410009
leaf_count=66 60 774 198 2156 830 26 15 35 8 20 23
internal_value=0.00220821 0.00243808 0.00171818 -0.000817439 0.00622126 0.013853 -0.00867909 0.0204846 -0.0348912 -0.0327075 -0.0317842
internal_weight=1123.33 1116.41 1050.18 671.864 378.316 66.2315 15.0605 51.171 6.9172 5.36309 3.5269
internal_count=4211 4094 3958 2930 1028 136 41 95 117 109 89
is_linear=0
shrinkage=0.03


Tree=100
num_leaves=15
num_cat=0
split_feature=1 26 13 25 6 25 25 1 12 25 1 1 29 29
split_gain=10.4361 13.6454 16.7133 14.5458 13.0114 10.7544 15.3753 16.5804 12.3671 11.7681 11.3877 6.72801 6.60608 0.214023
threshold=0.02085146974501418 0.00043762844695351079 0.018982233735210602 -0.00087053193906951151 52815.500000000007 -0.00045651181314955007 -0.001013258929688022 0.039852848558479335 -0.0016400321582265467 -0.00040950722489395099 0.021097959488155918 0.027200336730570377 0.076373763725712432 0.058479962665846673
decision_type=2 2 2 2 2 2 2 2 2 2 2 2 2 2
left_child=1 2 13 -3 -4 6 8 -8 -2 11 -11 -7 -5 -1
right_child=5 3 4 12 -6 9 7 -9 -10 10 -12 -13 -14 -15
leaf_value=-0.033590482031653511 -0.0044032158654053778 0.038609516153789276 -0.01295258427699535 -0.035520960416299589 0.025708366524336813 -0.0074620853036140638 -0.040301469839068925 9.6314744885622286e-05 0.049836967815885466 0.026637204355316867 0.0025004611502347919 0.02525734334999109 0.0093399819357459484 -0.04646945499108715
leaf_weight=6.9016924742609245 11.643138675019147 3.0529921241104629 12.267687138170002 25.275109635666016 21.681351505219936 6.8321775514632455 19.262562322430313 17.406243108212948 5.604312151670455 17.928819155320525 937.05677458643913 32.858092322945595 3.3452735394239417 1.3962158337235449
leaf_count=102 43 6 81 230 51 37 158 71 9 62 3272 75 7 7
internal_value=0.00214348 -0.00875125 0.0024092 -0.0236374 0.011738 0.0029115 -0.0101379 -0.0211251 0.0132214 0.00361884 0.0029536 0.0196251 -0.0302774 -0.0357575
internal_weight=1122.51 73.9203 42.2469 31.6734 33.949 1048.59 53.9163 36.6688 17.2475 994.676 954.986 39.6903 28.6204 8.29791
internal_count=4211 484 241 243 132 3727 281 229 52 3446 3334 112 237 109
is_linear=0
shrinkage=0.03


Tree=101
num_leaves=11
num_cat=0
split_feature=29 26 25 9 13 13 29 13 13 13
split_gain=10.2022 10.0325 26.0039 22.1522 10.9796 5.19482 13.6668 0.114594 0.00884501 0.00242988
threshold=0.019982888506241938 -0.0047244607365594495 0.00073185741853035505 8.7965956899323619 0.0089425667657424199 0.0215372994338414 0.068603458458295713 0.025580067200370246 0.016935213431124405 0.0096204987252675195
decision_type=2 2 2 2 2 2 2 2 2 2
left_child=7 5 4 -4 -3 6 -2 8 9 -1
right_child=1 2 3 -5 -6 -7 -8 -9 -10 -11
leaf_value=-0.030987559186098974 -0.039967353092731424 -0.031721721666875043 -0.044509993191060089 0.051282054671922823 0.0027515415493861296 0.029006749741543925 0.036778294186086559 -0.041967005898641455 -0.0343376296844667 -0.03259058228074601
leaf_weight=1.836581890471279 3.9483077265322226 8.380773361772297 17.138759905472401 2.4881294816732398 1059.5601092502475 18.875456273555756 4.4331363439559937 1.5279835164546964 1.7801264524459837 1.5859183073043821
leaf_count=66 29 224 111 5 3691 29 5 8 20 23
internal_value=0.00208035 0.00230267 0.00185213 -0.0323663 0.00248101 0.0202795 0.000625165 -0.0347439 -0.0326225 -0.0317304
internal_weight=1121.56 1114.82 1087.57 19.6269 1067.94 27.2569 8.38144 6.73061 5.20263 3.4225
internal_count=4211 4094 4031 116 3915 63 34 117 109 89
is_linear=0
shrinkage=0.03


Tree=102
num_leaves=15
num_cat=0
split_feature=11 10 11 14 11 23 20 18 21 21 21 11 9 10
split_gain=9.99351 24.3687 16.2155 16.7884 15.4705 25.999 14.0839 16.1607 13.6163 12.9492 23.9025 12.5495 9.18655 1.85036
threshold=0.020859093666448 0.011083709493048146 0.01845385601160689 0.83101415861673755 0.023440911844460715 2.0852932134124327 -0.017102614531915226 0.027938060196537443 481164.50000000006 424942.50000000006 167797.00000000003 0.031790755129282276 0.77573022443930684 0.010631869445238267
decision_type=2 2 2 2 2 2 2 2 2 2 2 2 2 2
left_child=1 2 3 -1 5 12 -3 -8 -4 10 -6 -11 -2 -7
right_child=4 6 8 -5 9 13 7 -9 -10 11 -12 -13 -14 -15
leaf_value=-0.00077034681486924574 0.00737978978306068 -0.055657979836474442 0.041271405902489018 0.012793596841527101 0.012262236480702005 -0.014801345242098918 -0.017678687551163825 0.025617049535710187 0.0023456824436973596 -0.00076381317882864093 -0.020609431817097318 0.016412950823044826 0.035953452562424708 -0.045379761803934597
leaf_weight=627.11515093874186 13.92103376239538 7.3180878162384024 16.947086431086063 94.50148318707943 35.141040828078985 3.0949979424476615 57.105201123282313 8.9791672080755216 15.471094608306883 71.339622847735882 45.929134268313646 82.610468521714211 37.152358006685972 4.1950952410697937
leaf_count=2670 44 35 29 363 95 10 339 17 36 178 156 149 67 23
internal_value=0.00201891 0.000332113 0.00193842 0.00100596 0.00677622 0.0206003 -0.0161689 -0.0117959 0.0226947 0.00334323 -0.00636073 0.00845333 0.0281652 -0.0323977
internal_weight=1120.82 827.437 754.035 721.617 293.384 58.3635 73.4025 66.0844 32.4182 235.02 81.0702 153.95 51.0734 7.29009
internal_count=4211 3489 3098 3033 722 144 391 356 65 578 251 327 111 33
is_linear=0
shrinkage=0.03


Tree=103
num_leaves=15
num_cat=0
split_feature=1 26 11 22 25 25 25 1 12 25 29 28 5 15
split_gain=9.78571 12.9627 14.3946 15.2 13.7167 10.0638 14.6019 16.0526 11.6731 11.1173 27.3274 14.156 8.67729 7.77861
threshold=0.02085146974501418 0.00043762844695351079 0.012859945514736171 29384471.783500005 -0.00087053193906951151 -0.00045651181314955007 -0.001013258929688022 0.039852848558479335 -0.0016400321582265467 -9.7709296755255009e-05 0.036387390792766511 0.0002547272732912663 0.0087445667060506525 -0.01610896340269392
decision_type=2 2 2 2 2 2 2 2 2 2 2 2 2 2
left_child=1 2 13 -4 -3 6 8 -8 -2 10 -7 -11 -6 -1
right_child=5 4 3 -5 12 9 7 -9 -10 11 -12 -13 -14 -15
leaf_value=0.044861202934804216 -0.0044388854094342418 0.037071818282746964 -0.02475135898642512 0.023436375700792853 -0.036942819148028529 -0.01974241052239005 -0.039971173607268984 -4.1336857707607709e-06 0.048202051246213261 0.004886094121896431 0.012287798736049155 -0.0035834560298246272 0.0095182439399456274 -0.039643204454694242
leaf_weight=1.1076520681381214 11.610874388366939 3.0529829692095545 7.7563066296279422 24.501642432063818 23.815900286659602 26.854145169258118 18.845849678851664 17.390506589785218 5.6293963119387618 449.69804864004254 223.434855081141 293.54165386781096 4.2658462803810826 8.5308209322392923
leaf_count=1 43 6 73 72 218 240 158 71 9 1531 542 1133 19 95
internal_value=0.00195966 -0.00865783 0.00223771 0.0118498 -0.0233194 0.00270025 -0.00997732 -0.0207902 0.0127497 0.00338262 0.0088512 0.00154106 -0.029885 -0.029932
internal_weight=1120.04 73.0312 41.8964 32.2579 31.1347 1047.01 53.4766 36.2364 17.2403 993.529 250.289 743.24 28.0817 9.63847
internal_count=4211 484 241 145 243 3727 281 229 52 3446 782 2664 237 96
is_linear=0
shrinkage=0.03


Tree=104
num_leaves=14
num_cat=0
split_feature=20 29 25 29 25 11 25 6 6 25 5 4 13
split_gain=9.95253 14.1756 26.3642 16.2662 17.4053 11.6586 10.4106 14.815 10.3888 9.33509 5.03378 4.19442 0.364079
threshold=-0.061214144265299232 0.036387390792766511 -0.00022115147749914168 0.036791467298070479 -9.5779806604573002e-05 0.038204230468781304 0.00035709747270263323 732864.50000000012 849221.00000000012 6.7416489917713297e-05 -0.016276930666763358 302.50000000000006 0.026652836578667811
decision_type=2 2 2 2 2 2 2 2 2 2 2 2 2
left_child=6 2 12 11 -5 -4 8 -8 10 -10 -1 -3 -2
right_child=1 3 5 4 -6 -7 7 -9 9 -11 -12 -13 -14
leaf_value=0.0062854303049723935 -0.033709407091124501 0.024254103475829267 -0.0035719245880983476 0.0083575498469846809 -0.00064336583072769748 0.040692364409085136 -0.042263598325569578 0.017845886397464768 -0.027916392432881309 0.020723786839545785 0.033785401688914307 0.067267120547338036 -0.042979896449657336
leaf_weight=7.5421780049800828 19.81053640507162 4.2622183859348279 140.87342303898185 288.90563869476318 584.607291566208 5.5668910294771186 6.627286732196807 8.3269820660352689 6.6771428138017637 7.5853387117385864 29.12077081203461 3.9141751993447542 4.7213644161820403
leaf_count=17 282 20 1093 784 1849 10 26 15 22 13 43 12 25
internal_value=0.00190273 0.00119479 -0.00671094 0.00272783 0.0023336 -0.00188923 0.0132145 -0.00879285 0.019677 -0.00204767 0.0281282 0.0448451 -0.0354936
internal_weight=1118.54 1052.66 170.972 881.689 873.513 146.44 65.8797 14.9543 50.9254 14.2625 36.6629 8.17639 24.5319
internal_count=4211 4075 1410 2665 2633 1103 136 41 95 35 60 32 307
is_linear=0
shrinkage=0.03


Tree=105
num_leaves=11
num_cat=0
split_feature=29 26 25 4 13 13 29 13 13 13
split_gain=9.63124 9.53093 24.5587 17.1437 10.2935 4.82438 13.0599 0.103058 0.007943 0.00216861
threshold=0.019982888506241938 -0.0047244607365594495 0.00066001127197761367 127.50000000000001 0.0089425667657424199 0.0215372994338414 0.068603458458295713 0.025580067200370246 0.016935213431124405 0.0096204987252675195
decision_type=2 2 2 2 2 2 2 2 2 2
left_child=7 5 4 -4 -3 6 -2 8 9 -1
right_child=1 2 3 -5 -6 -7 -8 -9 -10 -11
leaf_value=-0.030941303650794932 -0.039695649854701968 -0.031677780630281802 0.0011084480047573336 -0.044559298967562729 0.0026445141643131149 0.028098039355888334 0.036103158661626472 -0.041493834190859731 -0.034184997850384445 -0.032487967342349239
leaf_weight=1.750791929662227 3.8558976128697413 7.9237563656643024 12.921460129320623 17.307921789586544 1046.0074322372675 18.720478549599648 4.3578644394874573 1.5004007667303083 1.7082384452223776 1.5279233157634733
leaf_count=66 29 221 47 108 3655 29 5 8 20 23
internal_value=0.00184692 0.00205972 0.00162178 -0.0250388 0.00238647 0.0196879 0.000519897 -0.0346003 -0.0325263 -0.0316621
internal_weight=1117.58 1111.09 1084.16 30.2294 1053.93 26.9342 8.21376 6.48735 4.98695 3.27872
internal_count=4211 4094 4031 155 3876 63 34 117 109 89
is_linear=0
shrinkage=0.03


Tree=106
num_leaves=13
num_cat=0
split_feature=20 13 1 10 25 6 6 9 25 13 23 9
split_gain=9.33811 11.4468 11.1423 11.4949 9.92374 12.875 12.5412 8.7382 7.83177 6.24751 0.00903924 0.000792805
threshold=-0.061214144265299232 0.0089425667657424199 0.12663377598747735 0.00065271889598126026 0.00025121373136027418 849221.00000000012 670272.50000000012 8.2852895275722087 6.7416489917713297e-05 0.03124989630655613 6.8301563461129442 0.56280643826665233
decision_type=2 2 2 2 2 2 2 2 2 2 2 2
left_child=4 10 3 -3 5 9 7 -6 -7 -1 11 -2
right_child=1 2 -4 -5 6 8 -8 -9 -10 -11 -12 -13
leaf_value=0.050583785144987521 -0.032087249125619395 -0.0019640012331965289 -0.041556562465941166 0.0044082518271290685 -0.054294010349586752 -0.027112771481989002 0.016774416172535347 0.0038692860112787865 0.020400543288783563 0.021971861366810869 -0.035388081379178996 -0.031190318841577382
leaf_weight=10.003943905234339 0.99615348409861049 451.51690107025206 5.4043723344802848 584.7160533182323 5.4910941272974032 6.6881815642118436 11.614675194025038 4.03143510222435 5.8561209142208099 21.913590475916862 0.5113381929695614 8.0894275121390802
leaf_count=11 25 1773 19 1992 24 22 21 10 10 38 7 259
internal_value=0.00179238 0.00110712 0.0014076 0.00163168 0.0127738 0.020819 -0.00414934 -0.0296701 -0.00493189 0.0309397 -0.0315071 -0.0312887
internal_weight=1116.83 1051.23 1041.64 1036.23 65.599 44.4618 21.1372 9.52253 12.5443 31.9175 9.59692 9.08558
internal_count=4211 4075 3784 3765 136 81 55 34 32 49 291 284
is_linear=0
shrinkage=0.03


Tree=107
num_leaves=11
num_cat=0
split_feature=29 26 23 14 12 3 26 23 5 8
split_gain=9.38309 11.8 18.0065 20.4799 12.5001 25.4257 25.0375 7.38463 11.311 11.2485
threshold=0.066909370595782836 0.0041261152405111289 2.8690803883068661 0.067168002359997106 -0.0037113232083194185 0.61750533907901717 -0.002298732745018009 7.1912257229726722 0.017919901516689225 0.019558953009001106
decision_type=2 2 2 2 2 2 2 2 2 2
left_child=1 4 3 -3 5 -1 -6 8 9 -2
right_child=7 2 -4 -5 6 -7 -8 -9 -10 -11
leaf_value=0.0031302800049106418 0.0058340337899884052 0.044988253590058931 0.022882798363716695 -0.041923249503101459 -0.03294537983931202 -0.010657452424277788 0.0096359293742059766 -0.02680576637277822 -0.030410866713476935 0.030532776810731181
leaf_weight=332.44164565578103 328.60255723446608 2.7741375863552156 7.2033583819866172 20.267689101397991 13.288202455267308 188.69883640669286 191.94157228153199 6.1711130887269965 7.3968248367309561 17.478110328316689
leaf_count=1360 685 4 19 156 120 905 895 20 23 24
internal_value=0.00173942 -0.000156901 -0.018517 -0.0314595 0.000607593 -0.0018621 0.00687888 0.00572884 0.00629684 0.00708139
internal_weight=1116.26 756.615 30.2452 23.0418 726.37 521.14 205.23 359.649 353.477 346.081
internal_count=4211 3459 179 160 3280 2265 1015 752 732 709
is_linear=0
shrinkage=0.03


Tree=108
num_leaves=15
num_cat=0
split_feature=28 28 8 6 3 27 29 23 11 5 17 23 28 17
split_gain=9.37111 30.6674 22.5293 22.1296 15.9635 23.0327 15.9618 15.8746 15.656 16.8511 16.8475 13.0712 12.8939 11.3694
threshold=0.0002547272732912663 1.4170998511437606e-05 -0.0048542308445893518 127395.00000000001 0.10510097359717031 0.0085158692900109065 0.031150781041288548 1.6833980703311464 0.020647302753414736 0.0086355229488061982 0.015852804943589593 1.1386822309029438 0.00043423032416645076 0.024398201371177809
decision_type=2 2 2 2 2 2 2 2 2 2 2 2 2 2
left_child=1 8 13 6 5 -5 -2 -8 10 -10 -1 -4 -6 -3
right_child=3 2 11 4 12 -7 7 -9 9 -11 -12 -13 -14 -15
leaf_value=1.1574130214036751e-05 -0.036061238656338937 -0.034366104642441678 0.016380849308469815 -0.0016035361332377522 -0.028649940486105415 -0.052220642365774429 -0.012868142501872754 0.0093834921554591562 0.015249085329628148 -0.015809974716037119 -0.045887085209470338 0.047731927730887774 0.0074836138343720255 0.026752441732970266
leaf_weight=441.86497843358666 19.158070495352149 7.6584739889949542 21.866189194843173 36.491025146096945 9.2160301711410266 10.395777650177477 108.65520274266601 39.288651967421174 114.59769894555211 18.221284411847591 7.3166352845728388 26.443029601126909 249.71281030029058 4.2646224647760391
leaf_count=1823 257 44 65 121 41 44 565 142 259 54 60 48 682 6
internal_value=0.00168857 0.00404848 0.0244264 -0.00151625 0.00328082 -0.0128264 -0.0102955 -0.0069589 0.00193953 0.0109881 -0.000736061 0.0335415 0.00619752 -0.0125054
internal_weight=1115.15 642.233 60.2323 472.918 305.816 46.8868 167.102 147.944 582.001 132.819 449.182 48.3092 258.929 11.9231
internal_count=4211 2359 163 1852 888 165 964 707 2196 313 1883 113 723 50
is_linear=0
shrinkage=0.03


Tree=109
num_leaves=13
num_cat=0
split_feature=26 28 26 26 26 26 26 29 8 20 5 20
split_gain=9.59884 33.908 27.2123 26.9063 25.8893 24.1144 22.3899 20.6539 19.1708 18.0036 7.53353 3.80707
threshold=-0.0015995529932104626 -0.00033540457453247479 -0.0005628228091725014 -0.002298732745018009 -0.00053518717078032186 -0.0022053760132260312 -0.003854717461905167 0.089209678189597644 -0.0010688803135945947 -0.057723958297100718 -0.0097521566964395845 -0.028048066865341715
decision_type=2 2 2 2 2 2 2 2 2 2 2 2
left_child=1 3 7 6 11 -5 -1 9 -6 -2 -3 -4
right_child=2 10 4 5 8 -7 -8 -9 -10 -11 -12 -13
leaf_value=0.012474278971450729 0.019224078071580383 0.069851736589872704 0.05582598867859611 0.035278628905008075 -0.0037971962685664721 0.0045570071482201073 -0.011007208624626331 0.022467816195797498 0.0066592743635762036 -0.016793101091844422 0.030613796216113792 0.027446681124774757
leaf_weight=53.386732969433069 13.659193277359007 7.04950022697449 6.8748354166746166 36.958666197955608 294.05572632327676 60.861387208104134 115.85679448768497 15.587663680315016 340.55988879688084 145.99090249743313 11.734045613557099 11.161076620221136
leaf_count=147 30 6 8 72 1163 217 483 25 1180 829 27 24
internal_value=0.00163964 0.00637943 3.12796e-06 0.0036392 0.00282145 0.0161643 -0.00360013 -0.0104934 0.00181416 -0.0137116 0.0453399 0.0382642
internal_weight=1113.74 285.847 827.889 267.064 652.652 97.8201 169.244 175.238 634.616 159.65 18.7835 18.0359
internal_count=4211 952 3259 919 2375 289 630 884 2343 859 33 32
is_linear=0
shrinkage=0.03


Tree=110
num_leaves=13
num_cat=0
split_feature=1 6 6 18 6 1 9 4 25 28 9 10
split_gain=9.12758 11.6779 15.8101 11.979 11.3625 9.53473 10.0585 17.1117 9.0327 13.3728 8.51441 7.30717
threshold=0.02085146974501418 48889.500000000007 63106.000000000007 0.042087934402288037 2694984.5000000005 0.021097959488155918 0.46414888676421967 132.50000000000003 -2.2102345680785784e-05 -0.00057665843059867116 1.7223685482157378 0.026112751593443295
decision_type=2 2 2 2 2 2 2 2 2 2 2 2
left_child=1 3 -3 11 -4 8 7 -7 -2 -10 -8 -1
right_child=5 2 4 -5 -6 6 10 -9 9 -11 -12 -13
leaf_value=-0.036022018800607035 0.042223922419888912 0.035945244319479507 -0.015371937594777165 0.035609619475848661 0.036327834941318152 0.010093746425956876 0.0047288515048433191 -0.03427236044702562 0.034332204841385904 -0.043724381325304103 -0.00094614189374571053 0.0064314731152407588
leaf_weight=22.737327946349986 10.360561249777676 9.311448045074938 28.242651037871838 2.8345907479524604 4.4254493769258252 13.998366396874191 593.51373020559549 17.738725543022156 4.4649840220808983 3.5426663327962142 397.16143280826509 4.3464493602514258
leaf_count=285 27 26 147 5 9 55 1922 100 10 31 1582 12
internal_value=0.00159187 -0.0087461 0.00146083 -0.0230678 -0.00836832 0.00230603 0.00192116 -0.0147037 0.0237288 -0.000200826 0.00245375 -0.029209
internal_weight=1112.68 71.8979 41.9795 29.9184 32.6681 1040.78 1022.41 31.7371 18.3682 8.00765 990.675 27.0838
internal_count=4211 484 182 302 156 3727 3659 155 68 41 3504 297
is_linear=0
shrinkage=0.03


Tree=111
num_leaves=13
num_cat=0
split_feature=26 28 26 26 26 26 26 29 11 28 15 20
split_gain=8.95512 31.8969 25.7503 25.3139 24.3391 22.689 21.0891 19.5643 20.3914 18.8558 4.07228 3.59303
threshold=-0.0015995529932104626 -0.00033540457453247479 -0.0005628228091725014 -0.002298732745018009 -0.00053518717078032186 -0.0022053760132260312 -0.003854717461905167 0.089209678189597644 0.016455455474219945 0.0002547272732912663 1.0000000180025095e-35 -0.028048066865341715
decision_type=2 2 2 2 2 2 2 2 2 2 2 2
left_child=1 3 7 6 11 -5 -1 8 -2 -6 -3 -4
right_child=2 10 4 5 9 -7 -8 -9 -10 -11 -12 -13
leaf_value=0.012054233441145378 -0.02172969145926703 0.059902105306652249 0.054235983942397023 0.034205698534506272 0.0094068972853082744 0.0043731920008840217 -0.010759600768313591 0.021931200247042003 0.00047321265052506229 -0.0017580901533267902 0.03170965044694065 0.026605513299442357
leaf_weight=53.262085072696209 99.382218717597425 8.1296196095645445 6.8513072282075909 36.828557195141912 197.88789493776858 60.862211126834154 115.64997017011046 15.467453494668005 59.526126395910978 436.2530934875831 10.65460095182061 11.095069441944359
leaf_count=147 668 14 8 72 648 217 483 25 191 1695 19 24
internal_value=0.0015448 0.00612652 -3.73161e-05 0.00346431 0.00270104 0.0156198 -0.00356584 -0.0102776 -0.0134126 0.00172602 0.0439111 0.0371539
internal_weight=1111.85 285.387 826.463 266.603 652.087 97.6908 168.912 174.376 158.908 634.141 18.7842 17.9464
internal_count=4211 952 3259 919 2375 289 630 884 859 2343 33 32
is_linear=0
shrinkage=0.03


Tree=112
num_leaves=12
num_cat=0
split_feature=29 28 26 26 26 11 12 21 13 13 13
split_gain=8.9164 8.53357 30.2788 25.206 27.3314 17.1918 8.97639 7.22867 0.0887921 0.00688239 0.00193623
threshold=0.019982888506241938 0.0002547272732912663 0.0017544099373373028 -0.0005628228091725014 -0.00053518717078032186 0.020647302753414736 -0.027478214766172415 116254.00000000001 0.025580067200370246 0.016935213431124405 0.0096204987252675195
decision_type=2 2 2 2 2 2 2 2 2 2 2
left_child=8 2 5 6 -5 -2 -3 -4 9 10 -1
right_child=1 3 7 4 -6 -7 -8 -9 -10 -11 -12
leaf_value=-0.030875476342058075 -6.3222707360808083e-05 0.027643325301959544 0.064198750108416761 0.036396974799002162 -0.0015194613774479257 0.011785523147300364 -0.044659126012919242 0.027036039868572122 -0.040864401092549442 -0.034003881661213126 -0.032379038764688256
leaf_weight=1.6219005724415176 469.66231314931065 1.7201991081237817 6.7650016583502319 17.812496531754732 433.82100083585829 144.00053898617625 15.207410655915735 15.512866191565989 1.4705777764320371 1.6204392556101082 1.4689758941531179
leaf_count=66 1910 3 17 31 1652 328 120 33 8 20 23
internal_value=0.00149984 0.00170094 0.00396443 -0.00137111 -2.40311e-05 0.00271717 -0.0373117 0.038321 -0.034429 -0.0324203 -0.0315901
internal_weight=1110.68 1104.5 635.941 468.561 451.633 613.663 16.9276 22.2779 6.18189 4.71132 3.09088
internal_count=4211 4094 2288 1806 1683 2238 123 50 117 109 89
is_linear=0
shrinkage=0.03


Tree=113
num_leaves=14
num_cat=0
split_feature=13 15 26 25 25 25 28 23 13 28 5 28 29
split_gain=8.75016 13.555 11.3412 19.4725 9.47538 14.1825 8.76805 11.3555 6.90263 6.32404 12.6774 4.14685 0.0919563
threshold=0.044168050149416029 -0.01489452366404642 -0.0047244607365594495 0.00073185741853035505 0.00035709747270263323 6.7416489917713297e-05 0.001131557645677824 2.4924960874529218 0.0215372994338414 -0.00084330558071196769 -0.00065470998518800275 4.2086670741656015e-06 0.066909370595782836
decision_type=2 2 2 2 2 2 2 2 2 2 2 2 2
left_child=1 4 8 -4 5 -1 9 -8 -3 10 -2 -11 -6
right_child=6 2 3 -5 12 -7 7 -9 -10 11 -12 -13 -14
leaf_value=-0.04678502530359694 0.01927804536913159 -0.00080173230507246728 0.0013326953792354955 -0.030420596275885219 -0.045624693241631938 0.0070268504094737859 -0.03375572063752387 0.013678728496202249 0.033168692986890493 0.033352762305688607 -0.023562364287098306 0.01442500685245339 -0.052288675381853202
leaf_weight=6.3439138457179132 17.548487856984142 8.1528940498828906 952.00226452946663 17.70474106259644 3.9426127895712844 14.444711193442343 8.3430202752351779 9.9701851755380613 15.847578153014181 18.40411964058876 9.6274021714925748 24.005602344870567 3.5341628938913345
leaf_count=32 32 36 3765 109 20 36 27 20 22 24 29 44 15
internal_value=0.00145566 0.000674451 0.00125716 0.000752949 -0.0198114 -0.00939453 0.0105385 -0.00793117 0.021629 0.0153992 0.00410129 0.0226389 -0.0487747
internal_weight=1109.87 1021.97 993.707 969.707 28.2654 20.7886 87.8988 18.3132 24.0005 69.5856 27.1759 42.4097 7.47678
internal_count=4211 4035 3932 3874 103 68 176 47 58 129 61 68 35
is_linear=0
shrinkage=0.03


Tree=114
num_leaves=14
num_cat=0
split_feature=1 26 13 25 6 1 9 4 21 25 28 5 29
split_gain=8.68367 11.9266 14.2296 13.125 11.0418 8.97359 9.29649 16.2131 11.2981 8.50568 12.6114 8.369 0.162007
threshold=0.02085146974501418 0.00043762844695351079 0.018982233735210602 -0.00087053193906951151 52815.500000000007 0.021097959488155918 0.46414888676421967 132.50000000000003 113063.50000000001 -2.2102345680785784e-05 -0.00057665843059867116 0.0087445667060506525 0.058479962665846673
decision_type=2 2 2 2 2 2 2 2 2 2 2 2 2
left_child=1 2 12 -3 -4 9 7 -7 -8 -2 -11 -5 -1
right_child=5 3 4 11 -6 6 8 -9 -10 10 -12 -13 -14
leaf_value=-0.03339350717350608 0.040778206952921295 0.036059816610650948 -0.012917900014271629 -0.036749251714551061 0.023077948629717703 0.0097522224245616754 0.01038672235575889 -0.033532602352634354 0.00098192553892035997 0.032918357937459758 -0.043335108384218307 0.0092524254032585601 -0.044921908972476797
leaf_weight=6.1927083730697623 10.389199038036169 3.0443371739238527 11.928887132555245 22.9832854596898 21.480910636484623 14.016783511266114 132.81257028691471 17.526541642844677 855.24210675619543 4.4569168426096448 3.4732211884111148 4.2115631606429806 1.3332814574241636
leaf_count=102 27 6 81 218 51 55 725 100 2779 10 31 19 7
internal_value=0.00141304 -0.00872391 0.0018309 -0.0230123 0.0102257 0.00210817 0.00173427 -0.0142983 0.0022461 0.0229187 -0.000478937 -0.0296251 -0.0354358
internal_weight=1109.09 71.175 40.9358 30.2392 33.4098 1037.92 1019.6 31.5433 988.055 18.3193 7.93014 27.1948 7.52599
internal_count=4211 484 241 243 132 3727 3659 155 3504 68 41 237 109
is_linear=0
shrinkage=0.03


Tree=115
num_leaves=15
num_cat=0
split_feature=29 26 14 12 3 26 25 25 25 1 6 3 12 29
split_gain=8.74865 10.8448 13.5649 11.3985 23.4425 23.4102 7.26305 18.9863 15.7511 23.6551 13.1048 8.21262 7.151 6.80961
threshold=0.066909370595782836 0.0041261152405111289 0.50616802946891293 -0.0037113232083194185 0.61750533907901717 -0.002298732745018009 7.3664339592101962e-05 0.00011912634834278071 -8.2793588663909222e-05 0.039852848558479335 1215218.5000000002 0.69446859878671208 -0.011801890130832623 0.055984192898215462
decision_type=2 2 2 2 2 2 2 2 2 2 2 2 2 2
left_child=1 3 13 4 -1 -5 8 -8 10 -10 -2 -9 -4 -3
right_child=6 2 12 5 -6 -7 7 11 9 -11 -12 -13 -14 -15
leaf_value=0.0027026141776266355 0.011953114022173139 -0.016324714080953436 0.014809319829642432 -0.032839977067098201 -0.010573960651668263 0.0089073904155141537 0.03009187064306118 -0.00026716479122379261 -0.032505912884936511 0.005168691665934767 -0.018517440356941819 0.013947575634704262 -0.041721615344273918 0.029708788686174714
leaf_weight=330.98726751562208 90.550713993608952 5.6816226374357957 2.309058994054797 12.904403671622275 187.49968119896948 191.30664857383817 32.584674894809723 99.931280866265297 26.898833036422729 33.905790656805038 14.776065394282339 57.702447608113289 15.754676078446208 5.8906356245279312
leaf_count=1360 175 39 8 120 905 895 44 230 88 70 40 105 123 9
internal_value=0.00137062 -0.000463468 -0.0182502 0.000265919 -0.00209857 0.00626931 0.0052428 0.0092454 0.000659873 -0.0114979 0.00767847 0.0049362 -0.0344954 0.00710776
internal_weight=1108.68 752.334 29.636 722.698 518.487 204.211 356.35 190.218 166.131 60.8046 105.327 157.634 18.0637 11.5723
internal_count=4211 3459 179 3280 2265 1015 752 379 373 158 215 335 131 48
is_linear=0
shrinkage=0.03


Tree=116
num_leaves=12
num_cat=0
split_feature=29 20 8 11 0 25 6 6 13 13 13
split_gain=8.48915 8.12858 14.174 23.075 13.1096 9.33202 12.5344 11.3483 0.0782465 0.00608143 0.00176994
threshold=0.019982888506241938 -0.061214144265299232 -0.010751905618475471 0.019040983671194025 0.0056076907026150558 0.00025121373136027418 849221.00000000012 670272.50000000012 0.025580067200370246 0.016935213431124405 0.0096204987252675195
decision_type=2 2 2 2 2 2 2 2 2 2 2
left_child=8 5 3 -3 -4 6 -2 -7 9 10 -1
right_child=1 2 4 -5 -6 7 -8 -9 -10 -11 -12
leaf_value=-0.030844565956172292 0.02976113326142291 -0.015177615130823168 0.0029936324154689296 0.0081016628285209401 -0.021611581619593586 -0.028946664455720264 -0.0058669071420422297 0.015476754159803267 -0.040356617150706944 -0.033846703111286118 -0.03230332996103074
leaf_weight=1.5718856891617172 31.466649726033211 110.05794792436063 847.88184391986579 58.793451108038425 19.946959883905947 9.4695771932601946 12.385089278221129 11.413226276636122 1.4370521903038023 1.5635745152831075 1.4291665107011793
leaf_count=66 49 494 3219 137 108 34 32 21 8 20 23
internal_value=0.00133089 0.00152478 0.000880762 -0.00707185 0.00242808 0.0118383 0.0196987 -0.00466762 -0.0342516 -0.0323297 -0.0315393
internal_weight=1107.42 1101.41 1036.68 168.851 867.829 64.7345 43.8517 20.8828 6.00168 4.56463 3.00105
internal_count=4211 4094 3958 631 3327 136 81 55 117 109 89
is_linear=0
shrinkage=0.03


Tree=117
num_leaves=13
num_cat=0
split_feature=26 28 26 26 26 26 26 29 11 8 5 20
split_gain=8.49535 30.2922 24.4551 23.3854 21.7677 21.4356 19.4544 17.9896 18.7342 17.7953 6.71834 3.41821
threshold=-0.0015995529932104626 -0.00033540457453247479 -0.0005628228091725014 -0.002298732745018009 -0.00053518717078032186 -0.0022053760132260312 -0.003854717461905167 0.089209678189597644 0.016455455474219945 -0.0010688803135945947 -0.0097521566964395845 -0.028048066865341715
decision_type=2 2 2 2 2 2 2 2 2 2 2 2
left_child=1 3 7 6 11 -5 -1 8 -2 -6 -3 -4
right_child=2 10 4 5 9 -7 -8 -9 -10 -11 -12 -13
leaf_value=0.011430689385246487 -0.021329349479508316 0.065557707636557327 0.051962082595265698 0.03297771635493197 -0.0039279916102341432 0.0039253096040773551 -0.0105621695040648 0.020902502279067221 9.316552083738355e-06 0.0061666796384369695 0.028577392275396116 0.024843329732889975
leaf_weight=52.849839277565479 98.228772219270468 7.1103744506835964 6.7758236825466183 36.624248281121254 292.50856291595846 60.803191658109426 114.89531064964831 15.186574935913084 59.433756474405527 339.68123841378838 11.691609047353266 10.932308223098515
leaf_count=147 668 6 8 72 1163 217 483 25 191 1180 27 24
internal_value=0.00129168 0.00576558 -0.000252507 0.00315652 0.00241486 0.0148465 -0.00363309 -0.0102816 -0.0132854 0.00149597 0.0425623 0.03522
internal_weight=1106.72 283.975 822.747 265.173 649.898 97.4274 167.745 172.849 157.663 632.19 18.802 17.7081
internal_count=4211 952 3259 919 2375 289 630 884 859 2343 33 32
is_linear=0
shrinkage=0.03


Tree=118
num_leaves=15
num_cat=0
split_feature=1 26 13 25 8 25 25 1 22 25 0 20 21 7
split_gain=8.22762 11.4452 13.4315 12.5237 9.40196 8.85854 13.4134 15.2214 11.0085 10.7029 14.0132 12.339 5.84964 0.0792881
threshold=0.02085146974501418 0.00043762844695351079 0.018982233735210602 -0.00087053193906951151 0.0050868041399497552 -0.00045651181314955007 -0.001013258929688022 0.039852848558479335 70875829.183500022 -9.7709296755255009e-05 -0.0014482924528704734 0.014843520621371712 174681.50000000003 19372770.020500001
decision_type=2 2 2 2 2 2 2 2 2 2 2 2 2 2
left_child=1 2 13 -3 -4 6 8 -8 -2 10 -7 -11 -5 -1
right_child=5 3 4 12 -6 9 7 -9 -10 11 -12 -13 -14 -15
leaf_value=-0.032891519007400061 0.029431541942503053 0.03489412098795449 0.016379506071218287 -0.013950903955773581 -0.028751378310754219 0.019784688936182078 -0.039926990812994598 -0.00050465827465107863 -0.020922828400978109 -0.00018343015687966746 0.0036532852453332871 0.016863104233269713 -0.042108321736562059 -0.039425369580489929
leaf_weight=4.6660441448912016 11.093287747353317 3.0433456897735622 28.404430747032166 12.159906118176879 4.8661782294511786 66.162843788042665 18.0400958256796 17.237362803891301 6.0322854984551659 694.88510982878506 181.19841535575688 40.440538216382265 14.628727803006766 2.6045542303472757
leaf_count=84 29 6 105 116 27 175 158 71 23 2581 607 83 121 25
internal_value=0.00125423 -0.00867171 0.00170647 -0.0227755 0.00977864 0.00192907 -0.0100892 -0.0206643 0.0116948 0.00256996 0.00796803 0.000754074 -0.0293271 -0.0352321
internal_weight=1105.46 70.3732 40.5412 29.832 33.2706 1035.09 52.403 35.2775 17.1256 982.687 247.361 735.326 26.7886 7.2706
internal_count=4211 484 241 243 132 3727 281 229 52 3446 782 2664 237 109
is_linear=0
shrinkage=0.03


Tree=119
num_leaves=14
num_cat=0
split_feature=29 26 23 25 26 26 23 22 3 1 26 1 3
split_gain=8.23146 10.3643 17.0346 10.8004 20.5482 19.2841 10.768 7.25826 16.8366 16.2356 22.6641 14.1746 9.59185
threshold=0.066909370595782836 0.0041261152405111289 2.8690803883068661 1.0000000180025095e-35 -0.00025099743681443573 -0.0020251266687218742 0.72055801413202814 89604459.879000023 0.0022173058013745793 0.02839572546627207 0.0003844564372752738 0.030154652468582448 0.79436563451244668
decision_type=2 2 2 2 2 2 2 2 2 2 2 2 2
left_child=1 3 6 4 -1 -5 -3 8 -2 10 -9 -11 -10
right_child=7 2 -4 5 -6 -7 -8 9 12 11 -12 -13 -14
leaf_value=-0.0063311285016339246 -0.059710931151779563 0.008951587183753492 0.02223191781731805 0.0068240673771235308 0.0098435789205028948 -0.0073959540851896892 -0.042027675074308872 -0.053465126995501717 0.0073961870901040078 0.035881395920876052 0.0016959131093954643 0.0026640058829319759 0.026152426174279167
leaf_weight=107.32740277145058 2.9983789920806876 4.7490050625056091 7.1356304138898841 123.18374747037888 207.06295678857714 283.05341518297791 17.361140010878444 10.900910526514055 95.783570237457752 12.345509082078932 17.410908028483391 182.09864185750484 32.990701161324978
leaf_count=579 13 26 19 473 760 1468 134 43 200 15 40 391 50
internal_value=0.00121729 -0.000563558 -0.0180709 0.000146957 0.00432182 -0.003084 -0.0310779 0.00498402 0.010565 0.00168254 -0.0195428 0.00477302 0.0122014
internal_weight=1104.4 749.873 29.2458 720.628 314.39 406.237 22.1101 354.529 131.773 222.756 28.3118 194.444 128.774
internal_count=4211 3459 179 3280 1339 1941 160 752 263 489 83 406 250
is_linear=0
shrinkage=0.03


Tree=120
num_leaves=12
num_cat=0
split_feature=29 26 26 26 6 26 26 26 13 13 13
split_gain=8.12279 7.8697 22.565 20.7107 19.0778 17.4088 28.606 21.0146 0.0740131 0.00545407 0.00157871
threshold=0.019982888506241938 -0.0015995529932104626 -0.0005628228091725014 -0.00053518717078032186 40242.500000000007 -0.0029235678665586406 -0.003854717461905167 -0.0028420335086016854 0.025580067200370246 0.016935213431124405 0.0096204987252675195
decision_type=2 2 2 2 2 2 2 2 2 2 2
left_child=8 5 4 -4 -3 6 -2 -7 9 10 -1
right_child=1 2 3 -5 -6 7 -8 -9 -10 -11 -12
leaf_value=-0.030811759493144266 0.01104401808708667 -0.034641603015402714 0.034596048128711823 0.0015425420573270839 -0.0057717431125029256 0.041353047317338125 -0.020901812183584608 0.007788879917912361 -0.040128617287344556 -0.033707961800877109 -0.032215857252558516
leaf_weight=1.50501160044223 52.591901525855064 23.972613605670631 17.537811327725649 627.3936422271654 146.4592152480036 18.729054715484381 48.484398629516363 162.02967591769993 1.4185076206922529 1.5123518202453849 1.3829291649162767
leaf_count=66 144 267 31 2281 589 32 235 515 8 20 23
internal_value=0.00118209 0.00136957 -0.000124184 0.00244138 -0.00983252 0.00569109 -0.0042798 0.0112666 -0.0341695 -0.0322484 -0.0314841
internal_weight=1103.02 1097.2 815.363 644.931 170.432 281.835 101.076 180.759 5.8188 4.40029 2.88794
internal_count=4211 4094 3168 2312 856 926 379 547 117 109 89
is_linear=0
shrinkage=0.03


Tree=121
num_leaves=15
num_cat=0
split_feature=20 8 11 26 29 0 21 3 25 6 6 9 25 13
split_gain=7.93668 12.9148 22.259 23.6863 13.1606 12.2644 16.4528 13.0834 9.24949 12.0219 10.4502 8.00058 7.04478 6.09549
threshold=-0.061214144265299232 -0.010751905618475471 0.019040983671194025 -0.0028420335086016854 0.051891435955728343 0.0056076907026150558 11417.000000000002 0.90292577875093349 0.00025121373136027418 849221.00000000012 670272.50000000012 8.2852895275722087 6.7416489917713297e-05 0.03124989630655613
decision_type=2 2 2 2 2 2 2 2 2 2 2 2 2 2
left_child=8 2 3 -2 -4 7 -7 -3 9 13 11 -10 -11 -1
right_child=1 5 4 -5 -6 6 -8 -9 10 12 -12 -13 -14 -15
leaf_value=0.048636679745881768 0.01727267075274222 0.0042234194824231743 -0.016769920995253956 -0.021080463882292774 0.016064517871303492 0.051882224977947061 -0.031516327867029244 -0.0056544506258085865 -0.052227382894828638 -0.02682740558953392 0.014380623447352232 0.0036310561105568581 0.018645926999512799 0.020123432000715816
leaf_weight=9.8634137511253375 17.185791151598096 704.04965523909777 14.656639143824576 92.469680583104491 43.873807519674301 2.4253085879609015 17.42298118583858 145.64472729433328 5.4146726578474063 6.6457501351833326 11.260264858603476 4.0218557268381119 5.692564845085144 21.361520439386368
leaf_count=11 43 2673 58 458 79 4 108 652 24 22 21 10 10 38
internal_value=0.0011474 0.000513853 -0.00709595 -0.0150696 0.00784243 0.00198573 -0.0213257 0.00253027 0.0113785 0.0192237 -0.00513418 -0.0284205 -0.00584724 0.0291303
internal_weight=1101.99 1037.73 168.186 109.655 58.5304 869.543 19.8483 849.694 64.26 43.5632 20.6968 9.43653 12.3383 31.2249
internal_count=4211 4075 638 501 137 3437 112 3325 136 81 55 34 32 49
is_linear=0
shrinkage=0.03


Tree=122
num_leaves=14
num_cat=0
split_feature=28 26 26 26 5 27 14 23 12 23 3 29 22
split_gain=7.89244 28.2448 22.9905 23.6657 20.6681 15.8183 26.4483 14.6258 8.49583 6.17434 7.0565 1.62623 1.6008
threshold=0.0002547272732912663 0.0017544099373373028 -0.0005628228091725014 -0.00053518717078032186 -0.015361273003535016 0.0012002735082273603 0.45298809523809563 1.6555166377402661 -0.027478214766172415 1.1386822309029438 0.30918824429148811 0.057048793532669069 116321148.68250002
decision_type=2 2 2 2 2 2 2 2 2 2 2 2 2
left_child=1 5 8 12 -5 6 -1 -7 -2 10 -3 -10 -4
right_child=2 9 3 4 -6 7 -8 -9 11 -11 -12 -13 -14
leaf_value=0.00027037214210085377 0.026689209063089744 0.04357353687729177 0.023598948954415985 -0.033106230480991788 -0.00057404797299561458 0.011551895075062912 -0.028962972079688142 -0.0028274822158806732 -0.037081508922978991 0.056746085206082666 0.00061747402388746364 -0.058337160953636863 0.041874116475042918
leaf_weight=284.14463871251792 1.7070790529251123 7.6222679167985934 7.8145006224513081 18.353356530889869 414.8896202435717 203.79705906286836 30.88090712018311 92.583187328651547 9.9473886135965568 8.4081095047295076 6.2753864489495754 4.8039405494928351 9.6293820440769178
leaf_count=1076 3 13 21 89 1606 677 197 358 102 14 24 20 11
internal_value=0.00111397 0.0032949 -0.00184459 -0.000572773 -0.0019522 0.00208517 -0.00259528 0.00706007 -0.0366713 0.0364539 0.024177 -0.0440037 0.0336872
internal_weight=1100.86 633.712 467.145 450.687 433.243 611.406 315.026 296.38 16.4584 22.3058 13.8977 14.7513 17.4439
internal_count=4211 2359 1852 1727 1695 2308 1273 1035 125 51 37 122 32
is_linear=0
shrinkage=0.03


Tree=123
num_leaves=15
num_cat=0
split_feature=1 26 18 25 8 25 25 20 12 25 8 5 1 29
split_gain=7.79456 10.9169 12.752 11.8076 8.93303 8.27953 12.5216 14.868 10.4462 10.1252 10.9003 7.9858 6.20492 0.124018
threshold=0.02085146974501418 0.00043762844695351079 0.018982233735210602 -0.00087053193906951151 0.0050868041399497552 -0.00045651181314955007 -0.001013258929688022 -0.082918202991033682 -0.0016400321582265467 -0.00040950722489395099 0.032202730837934922 0.0087445667060506525 0.027200336730570377 0.058479962665846673
decision_type=2 2 2 2 2 2 2 2 2 2 2 2 2 2
left_child=1 2 13 -3 -4 6 8 -8 -2 12 -11 -5 -7 -1
right_child=5 3 4 11 -6 9 7 -9 -10 10 -12 -13 -14 -15
leaf_value=-0.033220977744490156 -0.0053909655226651882 0.033479329334117514 0.015692730415910603 -0.036136574950441529 -0.028627539829821531 -0.0088185179266242301 0.086633361917575008 -0.023915207954248004 0.044468758725651966 0.0014363004666018504 0.036567482648300551 0.0090800587286118065 0.022848481342926715 -0.043512776289599625
leaf_weight=5.7673069089651099 11.467527981847526 3.0382728148251799 28.409738626331091 22.196596516296271 4.7818701788783065 6.7361846417188636 1.1318614482879628 33.560377896763384 5.6426993310451499 931.54630726017058 8.017100125551222 4.1768069285899392 32.135024979710579 1.2893518880009649
leaf_count=102 43 6 105 218 27 37 1 228 9 3322 12 19 75 7
internal_value=0.00108129 -0.00863092 0.00152142 -0.0225238 0.00930757 0.00173798 -0.00995018 -0.0203085 0.011052 0.0023568 0.00173607 -0.0289755 0.0173608 -0.0351014
internal_weight=1099.9 69.6599 40.2483 29.4117 33.1916 1030.24 51.8025 34.6922 17.1102 978.435 939.563 26.3734 38.8712 7.05666
internal_count=4211 484 241 243 132 3727 281 229 52 3446 3334 237 112 109
is_linear=0
shrinkage=0.03


Tree=124
num_leaves=12
num_cat=0
split_feature=29 29 29 9 1 1 26 5 13 13 13
split_gain=7.75103 7.91732 17.1223 19.4926 10.1423 16.6408 9.72038 4.82178 0.0674863 0.00458343 0.00143691
threshold=0.019982888506241938 0.020007434860058581 0.027860468871460441 14.174006788717579 0.033834115052216368 0.05480704043283826 -0.0021628146381917901 0.0059562900066295194 0.025580067200370246 0.016935213431124405 0.0096204987252675195
decision_type=2 2 2 2 2 2 2 2 2 2 2
left_child=8 4 3 -3 7 -6 -4 -2 9 10 -1
right_child=1 2 6 -5 5 -7 -8 -9 -10 -11 -12
leaf_value=-0.030785750890879995 0.016383803907305067 -0.029508540844996451 0.0073833153449476318 0.0093706663413365542 -0.048207578024836946 0.029881289857059772 0.0001142423979010332 0.044486557654477732 -0.03975743943071694 -0.033517979282084637 -0.032145927953288821
leaf_weight=1.4553496288135641 17.98404247965664 33.716305774636567 208.96145183220506 17.697899658232927 5.1279464587569219 4.7137207835912704 797.21610511559993 7.9123155660927287 1.3926606327295301 1.4479506276547907 1.3450294509530065
leaf_count=66 64 402 631 57 24 7 2897 12 8 20 23
internal_value=0.00104932 0.00123029 0.000760999 -0.0161255 0.0151179 -0.0108065 0.00162387 0.0249703 -0.0340263 -0.0321476 -0.031439
internal_weight=1098.97 1093.33 1057.59 51.4142 35.738 9.84167 1006.18 25.8964 5.64099 4.24833 2.80038
internal_count=4211 4094 3987 459 107 31 3528 76 117 109 89
is_linear=0
shrinkage=0.03


Tree=125
num_leaves=15
num_cat=0
split_feature=13 15 5 20 13 12 6 28 21 0 28 5 25 28
split_gain=7.64149 12.6648 10.4889 16.6629 13.6375 9.18125 10.8491 8.1965 10.5002 14.9033 5.78646 11.9014 5.14591 4.09477
threshold=0.044168050149416029 -0.01489452366404642 -0.0053772768799186009 -0.02677392369909706 0.016935213431124405 -0.031485529103883934 605578.00000000012 0.001131557645677824 1115081.5000000002 0.0017756158528017957 -0.00084330558071196769 -0.00065470998518800275 0.00012090267976626087 4.2086670741656015e-06
decision_type=2 2 2 2 2 2 2 2 2 2 2 2 2 2
left_child=1 5 4 -4 -3 6 -1 10 9 -9 11 -2 -7 -12
right_child=7 2 3 -5 -6 12 -8 8 -10 -11 13 -13 -14 -15
leaf_value=-0.030331132210251029 0.018414489353412052 -0.019933986807758451 0.011118657271990001 0.00024524713228678535 -0.0012937615245594955 -0.015273362531304565 0.025593829667589683 -0.065033204386863483 0.014979890376961449 0.011389728847445603 0.032224871388762656 -0.023272887641023421 -0.050390508028853274 0.013157750217746777
leaf_weight=5.8776028156280535 17.247804298996929 42.162618626840413 163.98502194788307 559.9990817476064 217.79867536760867 6.6020065099000922 6.6588363945484161 5.103016063570978 8.8926365524530393 4.1758474558591843 17.872250780463219 9.5909500122070295 8.7101931869983655 23.420575186610222
leaf_count=23 32 394 451 2387 700 26 12 23 16 8 24 29 42 44
internal_value=0.0010183 0.000287398 0.000852062 0.00270811 -0.00431698 -0.0196633 -0.000626113 0.00958715 -0.00831483 -0.0306399 0.0143618 0.00351732 -0.0352494 0.0214103
internal_weight=1098.1 1011.79 983.945 723.984 259.961 27.8486 12.5364 86.3031 18.1715 9.27886 68.1316 26.8388 15.3122 41.2928
internal_count=4211 4035 3932 2838 1094 103 35 176 47 31 129 61 68 68
is_linear=0
shrinkage=0.03


Tree=126
num_leaves=12
num_cat=0
split_feature=29 29 29 9 26 26 5 5 13 13 13
split_gain=7.46379 7.41373 16.2586 18.6664 9.17619 6.90028 9.33641 7.9379 0.0609237 0.00418019 0.00130411
threshold=0.019982888506241938 0.020007434860058581 0.027860468871460441 14.174006788717579 -0.0021628146381917901 -0.0006137127579385087 0.0022540665732208027 0.0059562900066295194 0.025580067200370246 0.016935213431124405 0.0096204987252675195
decision_type=2 2 2 2 2 2 2 2 2 2 2
left_child=8 5 3 -3 -4 6 -2 -7 9 10 -1
right_child=1 2 4 -5 -6 7 -8 -9 -10 -11 -12
leaf_value=-0.030762178875246463 0.014750040469101106 -0.029180509941392929 0.0071459686815269442 0.0089943077394387602 7.9361608969262943e-05 0.008907689041367026 -0.04523201412723412 0.043026336555901462 -0.039394920663164988 -0.033407506521788734 -0.032077412174848899
leaf_weight=1.4118917621672147 6.7338913874700648 33.033582082018256 208.7176708932966 17.707219414412975 796.48258123546839 14.787143593654038 3.575624518096447 10.491343207657335 1.3640027344226835 1.4094914160668848 1.3062200546264646
leaf_count=66 25 402 631 57 2897 50 19 13 8 20 23
internal_value=0.000988667 0.00116419 0.000710293 -0.0158585 0.00154666 0.0146318 -0.00605339 0.023068 -0.0338982 -0.0320817 -0.0313942
internal_weight=1097.02 1091.53 1055.94 50.7408 1005.2 35.588 10.3095 25.2785 5.49161 4.1276 2.71811
internal_count=4211 4094 3987 459 3528 107 44 63 117 109 89
is_linear=0
shrinkage=0.03


Tree=127
num_leaves=15
num_cat=0
split_feature=29 5 11 14 3 11 9 1 1 28 4 13 29 12
split_gain=7.32293 10.6939 16.5897 14.7008 11.5632 25.89 16.456 7.0712 15.3935 13.2373 13.1357 8.11876 7.64738 3.36022
threshold=0.066909370595782836 -0.018346212681275689 0.038204230468781304 0.076743817023758612 0.57257515697898886 0.010443676946307084 0.49769521881073137 0.06510194088319092 0.059265409148093369 0.0027402081983991665 122.50000000000001 0.027564679218483351 0.076373763725712432 -0.015998481634891554
decision_type=2 2 2 2 2 2 2 2 2 2 2 2 2 2
left_child=1 2 3 -1 6 -6 -3 8 9 -2 -10 13 -13 -9
right_child=7 4 -4 -5 5 -7 -8 11 10 -11 -12 12 -14 -15
leaf_value=0.026288920686694306 0.0054981397817166263 -0.029130976382508545 0.035418418993396324 -0.041467198754294367 -0.014205833499502588 0.0030471234390994852 0.0044999052337584807 0.041859350944284418 -0.0024650347644263717 -0.02373052508326259 -0.067839910432213407 -0.019082154963072147 0.012707442583617471 0.018545319639149627
leaf_weight=3.4375243149697843 264.54165294021368 13.555071823298929 4.0957230329513541 17.831847205758095 136.29191550891846 183.90579499676824 385.44919248484075 9.1816944032907504 6.1319772303104383 14.721154406666754 5.0394420474767685 8.9085433781146985 28.919902384281158 14.120447188615797
leaf_count=8 556 130 6 99 879 636 1701 10 14 49 21 24 54 24
internal_value=0.000959482 -0.000725453 -0.01987 -0.0305166 -5.0256e-05 -0.00429658 0.00335739 0.00452795 0.00257599 0.00395737 -0.0319557 0.0138018 0.00522104 0.0277317
internal_weight=1096.13 744.567 25.3651 21.2694 719.202 320.198 399.004 351.565 290.434 279.263 11.1714 61.1306 37.8284 23.3021
internal_count=4211 3459 113 107 3346 1515 1831 752 640 605 35 112 78 34
is_linear=0
shrinkage=0.03


Tree=128
num_leaves=15
num_cat=0
split_feature=1 11 10 6 27 1 28 29 8 27 7 7 11 3
split_gain=7.31319 8.93207 15.8903 21.6802 18.5162 15.4412 18.0558 10.2863 8.50017 12.8211 8.4814 13.5919 9.89157 8.37631
threshold=0.020290432471909748 0.017786321299538808 0.011467645572317501 18937.000000000004 0.0066105842170810164 0.052711551432267814 0.0031473572368060925 0.084203140990917594 -0.0023917840431919089 0.016290483316666653 37152618.469500013 60743114.183000006 0.038204230468781304 0.30444605851574807
decision_type=2 2 2 2 2 2 2 2 2 2 2 2 2 2
left_child=8 2 4 -4 -2 6 -3 -7 9 -1 12 -12 -10 -11
right_child=1 5 3 -5 -6 7 -8 -9 10 13 11 -13 -14 -15
leaf_value=-0.035238453333750065 -0.0014546868517585881 0.011136937348201748 0.028650395819722344 -0.038489957458268539 0.012960596788573104 -0.010494280939953698 -0.038309623346663588 0.013578211789492667 -0.039946895341815489 0.0028644675593701417 0.032789339388963827 -0.027304297494878494 0.039268461883321393 0.051003225806892295
leaf_weight=5.0623713470995453 602.52939828671515 226.56110909581184 5.5455928891897228 19.722870200872421 92.507545979693532 69.241836540400982 6.8472822457551947 20.767225176095963 16.534584866836674 8.902128864079712 5.8543351329863063 8.0386544913053495 1.5518462508916844 5.1266088783740988
leaf_count=67 2633 528 27 104 313 191 29 38 176 42 11 41 3 8
internal_value=0.000931607 0.00147398 -0.000385653 -0.0237549 0.000463949 0.00561571 0.00968637 -0.00494019 -0.0101529 0.00568764 -0.0196094 -0.00198158 -0.0331501 0.0204561
internal_weight=1094.79 1043.72 720.305 25.2685 695.037 323.417 233.408 90.0091 51.0705 19.0911 31.9794 13.893 18.0864 14.0287
internal_count=4211 3863 3077 131 2946 786 557 229 348 117 231 52 179 50
is_linear=0
shrinkage=0.03


Tree=129
num_leaves=11
num_cat=0
split_feature=20 8 29 9 0 21 3 23 29 22
split_gain=7.23582 11.8272 12.8162 12.5458 11.4578 15.4732 11.9188 8.73919 8.20931 6.14581
threshold=-0.061214144265299232 -0.010751905618475471 0.096938677093608802 1.055085576612995 0.0056076907026150558 11417.000000000002 0.90292577875093349 7.1912257229726722 0.038673723213981111 402042640.7445001
decision_type=2 2 2 2 2 2 2 2 2 2
left_child=7 2 3 -2 6 -6 -3 8 -1 -10
right_child=1 4 -4 -5 5 -7 -8 -9 9 -11
leaf_value=0.036882122692706826 -0.02233156599486829 0.0038534910259194698 0.023506212231027907 -0.0037030096437482879 0.049917764569865179 -0.03105003071885698 -0.0056147988696156788 -0.017655083980040329 0.0012873684676681051 0.025799966684283835
leaf_weight=12.135912969708441 46.498591747134924 699.94378223270178 11.517134204506872 108.36804805509746 2.4251998839899924 17.115908317267895 144.32798358611763 8.4586024731397611 29.508099481463432 13.379224166274069
leaf_count=18 202 2673 19 417 4 108 652 25 71 22
internal_value=0.00090424 0.000298502 -0.00702563 -0.00929622 0.00170924 -0.0210013 0.00223489 0.0107343 0.0150985 0.00893437
internal_weight=1093.68 1030.2 166.384 154.867 863.813 19.5411 844.272 63.4818 55.0232 42.8873
internal_count=4211 4075 638 619 3437 112 3325 136 111 93
is_linear=0
shrinkage=0.03


Tree=130
num_leaves=13
num_cat=0
split_feature=29 29 29 9 1 1 26 7 18 18 6 20
split_gain=7.151 7.0192 15.1601 17.9508 9.47608 15.3034 8.49224 4.6333 0.0543306 0.00374284 0.00216492 3.98848e-05
threshold=0.019982888506241938 0.020007434860058581 0.027860468871460441 14.174006788717579 0.033834115052216368 0.05480704043283826 -0.0021628146381917901 23955390.239500001 0.025580067200370246 0.0096204987252675195 93115.500000000015 -0.01694764612957363
decision_type=2 2 2 2 2 2 2 2 2 2 2 2
left_child=8 4 3 -3 7 -6 -4 -2 9 11 -11 -1
right_child=1 2 6 -5 5 -7 -8 -9 -10 10 -12 -13
leaf_value=-0.030935887031186257 0.0081662642750668923 -0.028835269988299345 0.0068056381072797538 0.0087490376439667387 -0.047265743341346374 0.028548112913291141 -3.2444820413703419e-06 0.03410925524895813 -0.038998293337650029 -0.03206125718642247 -0.033881027276137385 -0.030605478324730484
leaf_weight=0.5515805771574378 10.365503747947516 32.277560598216951 208.0257783383131 17.713601252064109 5.0420619845390302 4.5664969980716705 794.4765212778002 15.401791952550409 1.3373360335826872 1.7467573191970589 0.88721802085638035 0.81414178106933766
leaf_count=22 50 402 631 57 24 7 2897 26 8 33 10 44
internal_value=0.000877471 0.00104742 0.000605624 -0.0155178 0.0141916 -0.011235 0.00140964 0.0236731 -0.0337637 -0.0320134 -0.0326742 -0.0307389
internal_weight=1093.21 1087.87 1052.49 49.9912 35.3759 9.60856 1002.5 25.7673 5.33703 3.9997 2.63398 1.36572
internal_count=4211 4094 3987 459 107 31 3528 76 117 109 43 66
is_linear=0
shrinkage=0.03


Tree=131
num_leaves=15
num_cat=0
split_feature=1 26 13 25 20 21 22 13 1 1 7 15 5 7
split_gain=7.04679 10.0349 11.7868 10.9663 8.69248 8.1881 18.4045 21.0733 13.4473 16.2703 10.9611 9.3141 7.56918 0.0649941
threshold=0.02085146974501418 0.00043762844695351079 0.018982233735210602 -0.00087053193906951151 0.010291044597382842 113063.50000000001 117944088.94550002 0.017990004019901439 0.02147707353659473 0.022693636528842646 32618315.075500008 -0.0018998872602263043 0.0087445667060506525 19372770.020500001
decision_type=2 2 2 2 2 2 2 2 2 2 2 2 2 2
left_child=1 2 13 -3 -4 6 7 -2 10 -10 -7 -8 -5 -1
right_child=5 3 4 12 -6 8 11 -9 9 -11 -12 -13 -14 -15
leaf_value=-0.032703104843131714 -0.008339655273232929 0.032175581750716942 0.020661186458886829 -0.035622286813176848 -0.011206411569978215 0.037322023889952094 0.012363690624173453 0.015762391326905996 -0.019928434181185856 0.00061307012993260131 -0.0017680585546173619 0.07691729771584406 0.0087471441198986016 -0.038837647470599986
leaf_weight=4.2689614882692686 57.054070663638413 3.0019564907997873 20.503898134455085 21.385453668423001 12.339583374559878 15.80586380325258 3.3400954492390156 76.325857985764742 36.238045983016491 819.49454075843096 10.91389070637524 5.0575729832053167 4.1283935103565446 2.4443804947659373
leaf_count=84 519 6 62 218 70 54 14 251 208 2618 44 19 19 25
internal_value=0.000851541 -0.00849515 0.00128448 -0.0220614 0.00868825 0.00147274 0.00816474 0.0054526 0.000397586 -0.000256809 0.0213554 0.0512417 -0.0284429 -0.0349367
internal_weight=1092.3 68.0726 39.5568 28.5158 32.8435 1024.23 141.778 133.38 882.452 855.733 26.7198 8.39767 25.5138 6.71334
internal_count=4211 484 241 243 132 3727 803 770 2924 2826 98 33 237 109
is_linear=0
shrinkage=0.03


Tree=132
num_leaves=15
num_cat=0
split_feature=13 15 6 26 25 20 23 28 21 0 28 28 28 21
split_gain=6.91904 11.9893 9.71338 9.79984 8.64835 13.0662 8.03963 7.49174 9.69164 13.8218 5.65736 8.21204 3.90003 0.11215
threshold=0.044168050149416029 -0.01489452366404642 7700470.5000000009 -0.0047244607365594495 0.00035709747270263323 -0.053625818838552851 4.8433916107007748 0.001131557645677824 1115081.5000000002 0.0017756158528017957 -0.00084330558071196769 -0.0017007730727628026 4.2086670741656015e-06 692817.00000000012
decision_type=2 2 2 2 2 2 2 2 2 2 2 2 2 2
left_child=1 4 3 -3 5 -1 -4 10 9 -9 11 -2 -12 -6
right_child=7 2 6 -5 13 -7 -8 8 -10 -11 12 -13 -14 -15
leaf_value=0.026413788464204457 0.021444156276148423 0.020336074820293801 -0.050571625430655236 0.00050729120837369915 -0.043708023108507126 -0.025452086815466155 0.006566670681146765 -0.062753045163651835 0.014406744396849518 0.011029767143009871 0.031372061266055719 -0.012074908388193613 0.012600197615274462 -0.051155122414975981
leaf_weight=6.3445478007197424 11.879740670323374 22.97674910351634 6.0037716310471279 946.29374814126641 3.661235809326171 14.056822292506695 3.5131454169750214 5.0863156989216822 8.7872756868600828 4.149039626121521 17.4812181442976 14.740684270858763 23.154116973280907 3.6189713478088379
leaf_count=12 21 57 33 3834 19 56 8 23 16 8 24 40 44 16
internal_value=0.00082575 0.000130562 0.000681203 0.000977336 -0.0193394 -0.00932251 -0.0294792 0.00903047 -0.00814658 -0.0296057 0.0136334 0.00288345 0.0206758 -0.04741
internal_weight=1091.75 1006.47 978.787 969.27 27.6816 20.4014 9.51692 85.2784 18.0226 9.23536 67.2558 26.6204 40.6353 7.28021
internal_count=4211 4035 3932 3891 103 68 41 176 47 31 129 61 68 35
is_linear=0
shrinkage=0.03


Tree=133
num_leaves=13
num_cat=0
split_feature=29 27 17 27 14 21 21 9 13 13 6 23
split_gain=6.86515 6.84696 17.5875 34.7722 20.5953 7.16717 14.2084 7.88611 0.0489116 0.00339023 0.0016807 3.00438e-05
threshold=0.019982888506241938 0.023153668108069788 0.01023333063385065 0.0064448451692954217 0.97877366407089339 424942.50000000006 171143.50000000003 8.7965956899323619 0.025580067200370246 0.0096204987252675195 85227.500000000015 1.3231541952193269
decision_type=2 2 2 2 2 2 2 2 2 2 2 2
left_child=8 2 3 -2 -4 6 -3 -7 9 11 -11 -1
right_child=1 5 4 -5 -6 7 -8 -9 -10 10 -12 -13
leaf_value=-0.030540990248296936 -0.00031941904826817894 0.017748674643035142 -0.005386926760864828 0.018273816293946907 -0.046959675306265034 0.0082383919400155214 -0.019374384184746105 0.031945978208755062 -0.038660054507383954 -0.032017654062016045 -0.033625664645875408 -0.030832084970454199
leaf_weight=0.54502719733864002 663.11066327337176 16.698595225811005 191.17936665378511 104.83579425141215 11.362319307401775 61.875014632940292 20.883408389985561 15.865916982293127 1.3073628544807432 1.6567293629050257 0.9043196216225623 0.76980754919350147
leaf_count=33 2735 42 699 303 90 133 70 22 8 32 11 33
internal_value=0.000801564 0.000965985 0.000144772 0.00221883 -0.0077191 0.00787682 -0.00287971 0.0130768 -0.0336423 -0.0319497 -0.0325855 -0.0307114
internal_weight=1090.99 1085.81 970.488 767.946 202.542 115.323 37.582 77.7409 5.18325 3.87588 2.56105 1.31483
internal_count=4211 4094 3827 3038 789 267 112 155 117 109 43 66
is_linear=0
shrinkage=0.03


Tree=134
num_leaves=12
num_cat=0
split_feature=29 5 14 15 8 26 23 14 14 27 3
split_gain=6.66623 11.7192 11.0259 11.9595 11.556 10.0652 15.0545 18.0642 10.0777 12.3937 11.0285
threshold=0.06816460167034287 0.017919901516689225 0.75734549678684548 0.0062536540755040301 0.0060547210387549609 0.0041261152405111289 2.8690803883068661 0.067168002359997106 0.025451795277910135 -0.0088308937602920214 0.57257515697898886
decision_type=2 2 2 2 2 2 2 2 2 2 2
left_child=5 2 4 -4 -2 8 7 -7 9 -1 -10
right_child=1 -3 3 -5 -6 6 -8 -9 10 -11 -12
leaf_value=-0.037451621652820392 -0.0039606447843524078 -0.034356914435698618 0.031023882569177187 0.0075402193124507787 0.011119715179059983 0.041765645891689296 0.019170127625078796 -0.041003320208219084 0.0038267117547772893 0.0085125811988529237 -0.0037153407147994654
leaf_weight=13.829550087451937 138.31797309219837 6.8937075287103644 24.877041101455688 90.592887215316296 68.322681561112404 2.712497264146811 7.2961986027657977 18.969402879476547 401.2226395579055 8.5398128787055594 308.78766781371087
leaf_count=93 336 22 33 184 129 4 20 157 1746 55 1432
internal_value=0.000777856 0.00434622 0.00517454 0.0125996 0.00102545 -0.000764137 -0.0181051 -0.0306486 -7.80077e-05 -0.0199042 0.000546629
internal_weight=1090.36 329.004 322.111 115.47 206.641 761.358 28.9781 21.6819 732.38 22.3694 710.01
internal_count=4211 704 682 217 465 3507 181 161 3326 148 3178
is_linear=0
shrinkage=0.03


Tree=135
num_leaves=11
num_cat=0
split_feature=25 26 22 13 13 4 13 4 29 29
split_gain=6.68953 17.4294 17.1715 9.8395 8.41977 17.9174 7.26986 7.17761 0.0131273 0.00106326
threshold=0.00066001127197761367 -0.003854717461905167 11154577.894500002 0.0089425667657424199 0.0095088633025501908 282.50000000000006 0.044168050149416029 127.50000000000001 0.053741616351066411 0.039784523806720533
decision_type=2 2 2 2 2 2 2 2 2 2
left_child=3 -2 -3 8 5 -5 -6 -4 9 -1
right_child=1 2 7 4 6 -7 -8 -9 -10 -11
leaf_value=-0.030992795368027903 0.016994828530355555 0.052478207149196737 -0.011544174316668696 -0.033827087536565367 0.00050640371879748388 0.06396477093703834 0.0097372954082961365 -0.043495819409466438 -0.036074182220163842 -0.032050259253590785
leaf_weight=6.7381947953253967 13.706919271498917 2.4183422233909395 10.381356645375492 2.4805564004927865 947.02529955096543 5.2656949292868376 83.561101585626602 16.204176668077707 0.51495208591222752 0.98024716973304737
leaf_count=259 29 9 43 32 3524 16 170 105 5 19
internal_value=0.000755102 -0.0108825 -0.0240571 0.00123004 0.00148907 0.0326492 0.00125485 -0.0310191 -0.0314365 -0.0311271
internal_weight=1089.28 42.7108 29.0039 1046.57 1038.33 7.74625 1030.59 26.5855 8.23339 7.71844
internal_count=4211 186 157 4025 3742 48 3694 148 283 278
is_linear=0
shrinkage=0.03


Tree=136
num_leaves=11
num_cat=0
split_feature=13 13 4 1 22 0 0 23 1 4
split_gain=6.48677 7.45757 15.5307 6.11455 8.9326 7.35065 4.56911 0.00835604 0.00344106 0.000555184
threshold=0.0089425667657424199 0.0095088633025501908 282.50000000000006 0.020290432471909748 66907921.389500014 -0.0030046230756985031 -0.012054143170931985 7.9606175547218934 0.024793954308493592 217.50000000000003
decision_type=2 2 2 2 2 2 2 2 2 2
left_child=6 2 8 4 -3 -5 -1 9 -2 -8
right_child=1 3 -4 5 -6 -7 7 -9 -10 -11
leaf_value=0.0394330732366047 -0.032556406442246374 -0.022391294579672625 0.057367539903973259 0.0084676458784939453 0.0031295117139978116 0.0003347827260534778 -0.030936928569314456 -0.035560911635970451 -0.034821219475841443 -0.031442141845612739
leaf_weight=0.90996193885803123 1.1884849928319448 24.589018566533923 5.5723880026489496 112.37633162736893 24.784975798800588 909.54370112717152 4.1829645708203298 0.41108607314527024 1.2272089831531046 3.6797478068619967
leaf_count=1 20 238 19 361 93 3176 166 6 12 119
internal_value=0.000732639 0.000946273 0.0298255 0.000730936 -0.00958025 0.00122912 -0.0243738 -0.0313914 -0.033707 -0.0311734
internal_weight=1088.47 1079.28 7.98808 1071.29 49.374 1021.92 9.18376 8.2738 2.41569 7.86271
internal_count=4211 3919 51 3868 331 3537 292 291 32 285
is_linear=0
shrinkage=0.03


Tree=137
num_leaves=13
num_cat=0
split_feature=29 29 29 9 1 1 9 22 13 13 6 23
split_gain=6.52836 6.74475 14.1899 16.9376 9.08769 14.455 7.93018 4.39655 0.0443567 0.00308404 0.00154661 2.53591e-05
threshold=0.019982888506241938 0.020007434860058581 0.027860468871460441 14.174006788717579 0.033834115052216368 0.05480704043283826 29.947422862453532 176711346.91400003 0.025580067200370246 0.0096204987252675195 85227.500000000015 1.3231541952193269
decision_type=2 2 2 2 2 2 2 2 2 2 2 2
left_child=8 4 3 -3 7 -6 -4 -2 9 11 -11 -1
right_child=1 2 6 -5 5 -7 -8 -9 -10 10 -12 -13
leaf_value=-0.030492427884664698 0.029592254592454837 -0.028518734066962936 0.0015095091623681177 0.0081801380153390772 -0.04653893880659124 0.02773897420010164 -0.022589357861858769 -0.00065232931644883599 -0.03838165484649983 -0.031950105534994777 -0.033513038908471168 -0.030771731481168092
leaf_weight=0.49690154660493069 20.108432744629685 31.437984259799123 986.3967364942655 17.685940872877836 4.9736597910523397 4.483645960688591 12.444496184587477 5.5113327205181113 1.2789909318089483 1.6082569845020773 0.88251372426748265 0.7114567942917347
leaf_count=33 62 402 3478 57 24 7 50 14 8 32 11 33
internal_value=0.000710677 0.000868226 0.000435094 -0.0153061 0.0138085 -0.0113243 0.00120926 0.023086 -0.0335657 -0.0319005 -0.0325039 -0.0306569
internal_weight=1088.02 1083.04 1047.97 49.1239 35.0771 9.45731 998.841 25.6198 4.97812 3.69913 2.49077 1.20836
internal_count=4211 4094 3987 459 107 31 3528 76 117 109 43 66
is_linear=0
shrinkage=0.03


Tree=138
num_leaves=11
num_cat=0
split_feature=29 23 23 13 21 5 13 15 29 26
split_gain=6.47316 17.5992 9.95682 8.45613 8.22538 7.76269 7.71099 3.9227 0.00183072 0.000324883
threshold=0.096938677093608802 0.53112902911189919 0.74105787280723179 0.0089425667657424199 408498.00000000006 -0.02817455228034282 0.052539833660318683 -0.0011403306337122734 0.045507772239297049 -0.0028014326028683212
decision_type=2 2 2 2 2 2 2 2 2 2
left_child=3 -2 -3 8 -4 7 -7 -5 9 -1
right_child=1 2 4 5 -6 6 -8 -9 -10 -11
leaf_value=-0.031524095045432188 -0.060823033586219148 0.037827141339252947 0.02537925355954649 -0.0094199693193037781 -0.0052697144325879871 0.00014702334377976453 0.014294090614545582 -0.052891463853069351 -0.032777696056363839 -0.03092143168856212
leaf_weight=0.92482406832277764 2.8624856919050208 13.217304110527037 13.135070160031317 3.9459837004542351 19.700708568096161 987.28002318926156 35.937477171421051 3.5478849858045569 0.56209133937954892 6.2157196262851349
leaf_count=25 12 15 22 12 47 3726 69 19 9 255
internal_value=0.000689446 0.0113544 0.0158407 0.00018706 0.00699058 0.000421091 0.000643897 -0.030001 -0.0311292 -0.0309995
internal_weight=1087.33 48.9156 46.0531 1038.41 32.8358 1030.71 1023.22 7.49387 7.70264 7.14054
internal_count=4211 96 84 4115 69 3826 3795 31 289 280
is_linear=0
shrinkage=0.03


Tree=139
num_leaves=12
num_cat=0
split_feature=20 8 11 26 10 0 21 3 26 18 0
split_gain=6.3909 11.2517 19.7298 21.1318 11.7628 10.784 14.5805 10.8967 7.22418 4.50783 5.60636
threshold=-0.061214144265299232 -0.010751905618475471 0.019040983671194025 -0.0028420335086016854 0.0066640676933322129 0.0056076907026150558 11417.000000000002 0.90292577875093349 0.0018737075794811858 0.022192582832635501 -0.0005086853689966461
decision_type=2 2 2 2 2 2 2 2 2 2 2
left_child=8 2 3 -2 -4 7 -7 -3 9 -1 -11
right_child=1 5 4 -5 -6 6 -8 -9 -10 10 -12
leaf_value=0.038552993871466539 0.016084885552089163 0.0035398153528440053 0.031271015894426213 -0.020379805244464033 -0.00049705452975616605 0.048707381950483152 -0.030576389307544749 -0.0055456389606174019 -0.014991801531685089 0.025024981347342046 0.0034788365904341429
leaf_weight=6.0326140969991675 16.976427098736167 696.00899522844702 13.79305677115917 90.834416928701103 43.802286945283413 2.3831992363557246 16.830342131666839 143.26153258699924 8.9498099535703641 16.733796402812001 31.010984241962436
leaf_count=8 43 2673 22 458 115 4 108 652 26 28 74
internal_value=0.000669241 9.97781e-05 -0.00706487 -0.0146379 0.00711083 0.00148021 -0.0207422 0.00198895 0.00996452 0.0141178 0.0110304
internal_weight=1086.62 1023.89 165.406 107.811 57.5953 858.484 19.2135 839.271 62.7272 53.7774 47.7448
internal_count=4211 4075 638 501 137 3437 112 3325 136 110 102
is_linear=0
shrinkage=0.03


Tree=140
num_leaves=11
num_cat=0
split_feature=25 26 22 13 25 25 12 4 29 29
split_gain=6.3324 16.4919 16.0878 8.8434 7.85277 28.6398 23.1118 6.97404 0.011898 0.00122008
threshold=0.00066001127197761367 -0.003854717461905167 11154577.894500002 0.0089425667657424199 0.00046462623231768142 0.00036061617792229307 -0.015998481634891554 127.50000000000001 0.054853966217673765 0.045507772239297049
decision_type=2 2 2 2 2 2 2 2 2 2
left_child=3 -2 -3 8 5 -5 -6 -4 9 -1
right_child=1 2 7 4 6 -7 -8 -9 -10 -11
leaf_value=-0.030959925464017195 0.016458132173431259 0.050590807815576205 -0.01132894168470539 0.00177408869431452 -0.014606748305064567 -0.021394424902470028 0.018955263467125807 -0.042979552398536007 -0.036380544865185813 -0.032626351871394149
leaf_weight=6.683501004241406 13.60142435133457 2.4052784740924862 10.356872383505106 892.89330567047 25.506533175706863 50.748492155224085 66.902973704040051 15.861080005764961 0.39931216277182091 0.42028516903519619
leaf_count=272 29 9 43 3210 90 235 207 105 4 7
internal_value=0.000649559 -0.0107401 -0.0236643 0.00111041 0.00134543 0.0005281 0.0096916 -0.0304766 -0.0313418 -0.0310585
internal_weight=1085.78 42.2247 28.6232 1043.55 1036.05 943.642 92.4095 26.218 7.5031 7.10379
internal_count=4211 186 157 4025 3742 3445 297 148 283 279
is_linear=0
shrinkage=0.03


Tree=141
num_leaves=13
num_cat=0
split_feature=29 29 29 9 1 25 1 8 18 18 22 23
split_gain=6.20941 6.32698 13.2605 16.1478 8.58393 11.6079 7.81636 4.66717 0.0396042 0.0028262 0.00144324 2.02413e-05
threshold=0.019982888506241938 0.020007434860058581 0.027860468871460441 14.174006788717579 0.033834115052216368 -1.0000000180025095e-35 0.013973293600280658 0.0050868041399497552 0.025580067200370246 0.0096204987252675195 71854703.694000021 1.3231541952193269
decision_type=2 2 2 2 2 2 2 2 2 2 2 2
left_child=8 4 3 -3 7 -6 -4 -2 9 11 -11 -1
right_child=1 2 6 -5 5 -7 -8 -9 -10 10 -12 -13
leaf_value=-0.030450909629069923 0.030229262038007434 -0.028110596540868102 -0.026300907414168767 0.0078806812188752153 0.021895689957875639 -0.045075644833007335 0.0013631480369749134 0.0016737614096058308 -0.038070097243914081 -0.031887314832640248 -0.0334172072278799 -0.030711265219062853
leaf_weight=0.45550999604165487 18.523421628400687 30.735939281992614 9.2784687969833595 17.668487720191479 4.6948944330215454 4.6227209419012052 987.65951625816524 7.1357095018029204 1.250389866530895 1.5581048410385849 0.86197165772318829 0.65547598246484995
leaf_count=33 52 402 102 57 8 23 3426 24 8 32 11 33
internal_value=0.00063013 0.000781109 0.000361153 -0.0149731 0.0133322 -0.0113306 0.00110568 0.0222881 -0.0334819 -0.0318572 -0.0324322 -0.0306045
internal_weight=1085.1 1080.32 1045.34 48.4044 34.9767 9.31762 996.938 25.6591 4.78145 3.53106 2.42008 1.11099
internal_count=4211 4094 3987 459 107 31 3528 76 117 109 43 66
is_linear=0
shrinkage=0.03


Tree=142
num_leaves=14
num_cat=0
split_feature=1 25 25 12 25 1 25 25 4 26 18 11 29
split_gain=6.19127 15.1982 25.8081 18.2542 16.9811 15.0818 15.7206 16.8418 14.5751 13.8954 11.4112 4.65823 0.730438
threshold=0.028265886939571185 0.00035709747270263323 0.00041867637370380899 -0.014029554700874919 0.00034777579305308954 0.027783685755498489 0.00033704638541754561 0.00036061617792229307 267.50000000000006 -0.0005628228091725014 0.045698930728468513 0.022141293152975059 0.056556520758638942
decision_type=2 2 2 2 2 2 2 2 2 2 2 2 2
left_child=5 4 10 -4 9 6 8 -8 -1 -2 -3 12 -7
right_child=1 2 3 -5 -6 11 7 -9 -10 -11 -12 -13 -14
leaf_value=0.0003179330595800733 -0.0023872002171224905 -0.046003377161771088 -0.017501986555184614 0.0081701612754220016 0.037520822453568144 -0.036708937485173183 0.038095094692998793 0.003233170850172004 -0.014382314815155447 0.0071328047842385608 0.0055247557022647508 -0.0036721193097369849 -0.052888438530486394
leaf_weight=178.06535746436566 224.3391575301066 18.780274393036965 38.391017697751522 71.081000968813896 13.484823279082773 5.8857163246721012 16.156576912850142 54.684158571064472 92.09828540077433 358.48697848804295 4.871276229619979 3.5324185341596595 4.3801975399255753
leaf_count=904 829 97 137 200 18 56 45 314 581 991 10 10 19
internal_value=0.000611344 0.00219241 -0.00697261 -0.000832869 0.00423845 -0.00263914 -0.00139495 0.0111841 -0.00469335 0.0034684 -0.0353906 -0.0333875 -0.0436123
internal_weight=1084.24 729.435 133.124 109.472 596.311 354.803 341.004 70.8407 270.164 582.826 23.6516 13.7983 10.2659
internal_count=4211 2282 444 337 1838 1929 1844 359 1485 1820 107 85 75
is_linear=0
shrinkage=0.03


Tree=143
num_leaves=12
num_cat=0
split_feature=29 23 9 21 18 23 14 21 18 29 26
split_gain=6.11332 16.5432 11.2459 8.38667 7.81272 7.64861 7.37036 8.77888 7.82227 0.001436 0.000300914
threshold=0.096938677093608802 0.53112902911189919 2.941011538461539 678903.50000000012 0.0089425667657424199 6.0837504414124268 1.0000000180025095e-35 27869.000000000004 0.0095088633025501908 0.045507772239297049 -0.0028014326028683212
decision_type=2 2 2 2 2 2 2 2 2 2 2
left_child=4 -2 3 -3 9 -4 7 -6 -8 10 -1
right_child=1 2 5 -5 6 -7 8 -9 -10 -11 -12
leaf_value=-0.03145861985891122 -0.059133306021939509 0.035966572382507077 0.010712855219212893 0.0055962911135460586 0.022562189762098561 -0.039004107281626912 0.030634546949458455 -0.042329223407668128 0.00034260646309413278 -0.032567789975599302 -0.030861584541422724
leaf_weight=0.87456262763589609 2.8488082140684119 20.720571875572205 6.5470058694481832 13.5249827504158 2.5294341668486577 4.8465397357940674 7.7309494242072097 7.2667959854006767 1010.0129003878683 0.52623913995921601 5.7886697151698163
leaf_count=25 12 25 13 28 12 18 46 56 3712 9 255
internal_value=0.000593256 0.0110044 0.0153824 0.0239721 0.000105384 -0.0104355 0.000323435 -0.0255739 0.000572709 -0.0310591 -0.0309399
internal_weight=1083.22 48.4879 45.6391 34.2456 1034.73 11.3935 1027.54 9.79623 1017.74 7.18947 6.66323
internal_count=4211 96 84 53 4115 31 3826 68 3758 289 280
is_linear=0
shrinkage=0.03


Tree=144
num_leaves=11
num_cat=0
split_feature=28 13 15 8 11 8 29 25 28 14
split_gain=5.97907 7.42155 10.6827 9.08803 8.0998 7.21065 4.66108 7.61476 7.41264 2.13424
threshold=0.0042286852584063018 0.044168050149416029 -0.01489452366404642 -0.010751905618475471 0.002804469170926254 -1.0000000180025095e-35 0.04982961792641686 -8.2793588663909222e-05 0.00043423032416645076 0.81512552821277384
decision_type=2 2 2 2 2 2 2 2 2 2
left_child=1 2 4 -4 -1 9 8 -8 -3 -2
right_child=5 6 3 -5 -6 -7 7 -9 -10 -11
leaf_value=-0.0007612750775599339 0.010545999766467046 0.010296556850384593 -0.0056048685596735443 0.0019752625626449213 -0.033752689743056882 -0.056195872918967382 0.024753776343916675 0.003846817387566192 -0.028859602598201691 -0.021019156780351898
leaf_weight=12.426579467952253 3.9736778438091278 12.305501163005831 173.7148204757832 788.42187537625432 14.527262162417172 3.5972978733479959 28.830768808722496 34.37062095105648 6.7315604835748664 3.7444596420973539
leaf_count=36 17 27 651 3235 65 19 46 73 24 18
internal_value=0.000575689 0.000804813 8.48226e-05 0.000606662 -0.0185426 -0.0211174 0.00946421 0.013384 -0.00354918 -0.00476786
internal_weight=1082.64 1071.33 989.091 962.137 26.9538 11.3154 82.2385 63.2014 19.0371 7.71814
internal_count=4211 4157 3987 3886 101 54 170 119 51 35
is_linear=0
shrinkage=0.03


Tree=145
num_leaves=12
num_cat=0
split_feature=20 1 8 11 14 25 6 6 9 25 5
split_gain=6.0895 10.2379 10.8214 18.3254 10.3387 8.31917 11.3231 9.48537 6.84512 6.60724 3.96107
threshold=-0.061214144265299232 0.12663377598747735 -0.010751905618475471 0.019040983671194025 0.15806609853129513 0.00025121373136027418 849221.00000000012 670272.50000000012 9.1223139558808786 6.7416489917713297e-05 -0.015361273003535016
decision_type=2 2 2 2 2 2 2 2 2 2 2
left_child=5 2 3 -2 -4 6 10 8 -7 -8 -1
right_child=1 -3 4 -5 -6 7 9 -9 -10 -11 -12
leaf_value=0.0070780578495616975 -0.014146697341098788 -0.041378237899814173 -0.0056872632832604226 0.0071393138040013147 0.0030748683476584503 -0.050151507201279179 -0.027837692890669643 0.012708052263033273 0.0027466177871640339 0.016734611616606197 0.032889655636536202
leaf_weight=6.9414353966712943 106.73762051574886 5.3527341634035102 146.30306527670473 55.238421328365803 706.24711339175701 5.4528055042028445 6.5280594825744611 10.821139216423033 3.6925095468759537 5.5276590287685394 23.351985126733783
leaf_count=15 501 19 614 132 2809 25 22 21 9 10 34
internal_value=0.000558665 2.39808e-06 0.000220726 -0.00688756 0.00157123 0.00966273 0.0171892 -0.00630101 -0.0287934 -0.00740088 0.0269752
internal_weight=1082.19 1019.88 1014.53 161.976 852.55 62.3156 42.3491 19.9665 9.14532 12.0557 30.2934
internal_count=4211 4075 4056 633 3423 136 81 55 34 32 49
is_linear=0
shrinkage=0.03


Tree=146
num_leaves=14
num_cat=0
split_feature=1 6 6 13 6 21 23 15 23 1 1 7 10
split_gain=6.03923 9.80095 14.4743 10.0405 9.5477 7.96358 19.8746 28.0563 21.3648 12.7008 15.0741 10.1329 6.72585
threshold=0.02085146974501418 48889.500000000007 63106.000000000007 0.042087934402288037 732864.50000000012 113063.50000000001 1.2230169628876553 0.003806945612293468 0.96705814039355276 0.02147707353659473 0.022693636528842646 32618315.075500008 0.026112751593443295
decision_type=2 2 2 2 2 2 2 2 2 2 2 2 2
left_child=1 3 -3 12 -4 6 8 -8 -2 11 -11 -7 -1
right_child=5 2 4 -5 -6 9 7 -9 -10 10 -12 -13 -14
leaf_value=-0.035718468887073217 0.0058671832553389988 0.034221396081763653 -0.022963708743073685 0.032035644717228001 0.01097049036672742 0.035749929436378856 0.031150476369442872 -0.027824861338497538 -0.032651630647652204 -0.019681373845321929 0.00024743858470653433 -0.0018938958675547733 0.0062030894052993828
leaf_weight=19.872094307560481 70.073611137457192 9.2028101012110692 17.734851680696014 2.7525934278964987 12.882799884304402 15.818954689428212 46.129364983178675 8.6159260123968107 15.900421303696929 35.659760821610689 811.9014903800562 10.849435601383446 4.1666013896465293
leaf_count=285 381 26 107 5 49 54 210 59 153 208 2618 44 12
internal_value=0.000542224 -0.00820828 0.00123067 -0.0222376 -0.00868543 0.00111653 0.00774005 0.0218688 -0.00125666 5.03775e-05 -0.000591034 0.0204354 -0.0284523
internal_weight=1081.56 66.6118 39.8205 26.7913 30.6177 1014.95 140.719 54.7453 85.974 874.23 847.561 26.6684 24.0387
internal_count=4211 484 182 302 156 3727 803 269 534 2924 2826 98 297
is_linear=0
shrinkage=0.03


Tree=147
num_leaves=12
num_cat=0
split_feature=3 22 22 26 26 25 25 25 23 23 8
split_gain=6.04573 16.2822 15.0368 13.124 19.1112 11.2199 24.1416 20.5315 11.4258 10.9196 9.96797
threshold=0.90292577875093349 52657280.276000008 1101221544.2765005 0.00043762844695351079 -0.00026317368035117932 -0.0011302574365555185 -0.00044161127236986788 -0.00040950722489395099 0.50600908375629516 1.3086758093130759 0.011019875344389996
decision_type=2 2 2 2 2 2 2 2 2 2 2
left_child=5 3 9 4 -2 -1 8 -8 -7 -3 -5
right_child=1 2 -4 10 -6 6 7 -9 -10 -11 -12
leaf_value=0.028959996068835866 0.00244948732663503 -0.0074017745423311139 0.021154425438087956 -0.03949062832553029 0.048435831810052843 0.031998832508351706 0.027349077924486639 0.0011663848168455889 -0.028666560908806513 -0.02960966599475591 0.0044310044221989933
leaf_weight=13.121533703058956 23.318870511837304 44.592493102885783 10.308293930254875 7.4006668739020851 12.489740032702683 3.061033107340335 27.828767418861389 858.25748783210292 32.045597758609802 36.024468665011227 12.513878615573047
leaf_count=29 162 150 26 84 26 7 76 3220 214 167 50
internal_value=0.000525507 -0.00513751 -0.0129631 0.0076317 0.0184891 0.00141436 0.001022 0.00198869 -0.023377 -0.0173256 -0.0118912
internal_weight=1080.96 146.648 90.9253 55.7232 35.8086 934.314 921.193 886.086 35.1066 80.617 19.9145
internal_count=4211 665 343 322 188 3546 3517 3296 221 317 134
is_linear=0
shrinkage=0.03


Tree=148
num_leaves=15
num_cat=0
split_feature=29 25 25 20 25 26 13 22 5 4 25 5 8 0
split_gain=5.92709 12.29 28.1331 21.3279 33.2501 16.2159 10.2522 7.88609 13.0286 36.0394 12.7322 10.9685 9.32171 6.06144
threshold=0.055796232233848483 0.00036061617792229307 0.00034777579305308954 -0.016496951577524722 0.00046462623231768142 -0.0005628228091725014 0.020434386061577513 89604459.879000023 -0.0055084027916507189 62.500000000000007 0.00041867637370380899 0.019477075874674458 0.023134055455425805 -0.0055722317257900786
decision_type=2 2 2 2 2 2 2 2 2 2 2 2 2 2
left_child=1 2 5 13 -5 -1 -4 8 9 -2 -10 12 -9 -3
right_child=7 3 6 4 -6 -7 -8 11 10 -11 -12 -13 -14 -15
leaf_value=-0.0092840148361244008 0.028960507583556741 0.010935664875052877 0.047984577863692576 -0.03948600394725682 0.017639898901708237 0.0028602590445608129 0.0021311766376617383 -0.00042401952724142471 0.0067187620521364467 -0.027733539594753505 0.026916190284243503 -0.040003929470076298 0.02668694802628244 -0.035709148840695759
leaf_weight=155.40515094762668 15.708819821476935 2.7443363852798965 14.546716015785934 13.067433654330669 30.745572466403246 272.42506516259164 6.2843929268419734 321.02554884552956 137.86134253442287 28.21902360022068 35.278264157474041 6.1156848669052115 11.835073485970495 29.032830798067153
leaf_count=1036 25 13 31 110 167 1344 19 755 305 101 55 22 17 211
internal_value=0.00050975 -0.00177877 0.000106614 -0.0129694 0.000601832 -0.00155103 0.0341514 0.00266743 0.00713205 -0.00745946 0.0108341 -0.000191549 0.000539928 -0.0316808
internal_weight=1080.3 524.251 448.661 75.5902 43.813 427.83 20.8311 556.044 217.067 43.9278 173.14 338.976 332.861 31.7772
internal_count=4211 2931 2430 501 277 2380 50 1280 486 126 360 794 772 224
is_linear=0
shrinkage=0.03


Tree=149
num_leaves=12
num_cat=0
split_feature=29 25 26 22 28 26 26 13 13 9 20
split_gain=5.85493 5.94448 15.7931 14.6426 7.42281 24.773 21.8697 0.0352554 0.00239515 0.00120743 2.31535e-05
threshold=0.019982888506241938 0.00066001127197761367 -0.003854717461905167 11154577.894500002 0.0002547272732912663 0.0017544099373373028 -0.0005628228091725014 0.025580067200370246 0.0096204987252675195 8.2852895275722087 -0.01694764612957363
decision_type=2 2 2 2 2 2 2 2 2 2 2
left_child=7 4 -3 -4 5 -2 -6 8 10 -10 -1
right_child=1 2 3 -5 6 -7 -8 -9 9 -11 -12
leaf_value=-0.030743950312913805 0.0020904502042968891 0.016197734249493941 0.047524516599207235 -0.029953261495286824 -0.036495623395052176 0.034451269559095513 -0.0005493843862995674 -0.037727515351658795 -0.031791955029136891 -0.033219665028993282 -0.030457411622842028
leaf_weight=0.43115547625347972 561.51316452585161 13.477050114423035 2.4009413253515985 25.638782139867544 15.787874643690882 22.129373371601105 433.22907658945769 1.2146106734871862 1.4884387161582711 0.83062791824340809 0.61699599307030373
leaf_count=22 2094 29 9 146 123 50 1643 8 32 11 44
internal_value=0.000494692 0.000639037 -0.0104913 -0.0233191 0.00108652 0.00331744 -0.00181329 -0.0333459 -0.0317654 -0.0323033 -0.0305753
internal_weight=1078.76 1074.18 41.5168 28.0397 1032.66 583.643 449.017 4.58183 3.36722 2.31907 1.04815
internal_count=4211 4094 184 155 3910 2144 1766 117 109 43 66
is_linear=0
shrinkage=0.03


Tree=150
num_leaves=14
num_cat=0
split_feature=1 1 25 7 7 25 25 27 25 13 6 11 29
split_gain=5.8777 14.2335 14.7301 20.1354 17.6579 13.7634 23.986 18.6829 15.5742 10.6329 10.5356 4.41598 0.632505
threshold=0.028265886939571185 0.027783685755498489 0.00033704638541754561 410471128.06150001 290202335.12050003 0.00035709747270263323 0.00041867637370380899 -0.023013543342297778 0.00034777579305308954 0.045698930728468513 3439.0000000000005 0.022141293152975059 0.056556520758638942
decision_type=2 2 2 2 2 2 2 2 2 2 2 2 2
left_child=1 2 3 -1 -4 8 9 -8 10 -7 -2 12 -3
right_child=5 11 4 -5 -6 6 7 -9 -10 -11 -12 -13 -14
leaf_value=-0.0071922694304070384 0.037993079911834628 -0.036451103853406643 0.01455805208058571 0.022347268563473834 -0.047636850724660819 -0.044837372977992895 -0.052705871116286995 0.00216152184795024 0.036012062224968444 0.005177666224070003 0.0027638782920731816 -0.003882462506495724 -0.051668991874336004
leaf_weight=245.94769311044365 7.7434001173824063 5.7093433588743192 66.231297791004181 22.68346659373492 4.3800867442041627 18.38102989830077 5.9071662425994864 102.55303345993161 13.34613139182329 4.8310067951679221 572.59816735144705 3.5047373324632636 4.3165182322263718
leaf_count=1410 28 56 325 75 34 97 28 309 18 10 1792 10 19
internal_value=0.000479886 -0.00269639 -0.00149292 -0.00469792 0.0107 0.00202464 -0.00675021 -0.000826771 0.00397079 -0.034428 0.00323394 -0.0328699 -0.043003
internal_weight=1078.13 352.773 339.243 268.631 70.6114 725.36 131.672 108.46 593.688 23.212 580.342 13.5306 10.0259
internal_count=4211 1929 1844 1485 359 2282 444 337 1838 107 1820 85 75
is_linear=0
shrinkage=0.03


Tree=151
num_leaves=9
num_cat=0
split_feature=20 1 8 11 0 23 26 29
split_gain=5.89687 9.47593 10.0886 17.3041 9.89882 8.27624 8.01695 8.58356
threshold=-0.061214144265299232 0.12663377598747735 -0.010751905618475471 0.019040983671194025 0.0056076907026150558 7.1912257229726722 0.0018737075794811858 0.038673723213981111
decision_type=2 2 2 2 2 2 2 2
left_child=5 2 3 -2 -4 6 7 -1
right_child=1 -3 4 -5 -6 -7 -8 -9
leaf_value=0.04135708863449318 -0.013854736818430538 -0.039905042695615726 0.0019185622164853591 0.0068844149710731439 -0.020201675960954089 -0.018354318295811824 -0.018050244100783944 0.011014640136153511
leaf_weight=10.921101883053778 105.83636883506551 5.3493140786886206 830.75905899517238 55.037712328135967 18.615312991663814 8.3253590911626798 6.2754564583301535 36.217662699520588
leaf_count=14 501 19 3312 132 111 25 19 78
internal_value=0.000465421 -8.18186e-05 0.000129047 -0.00675953 0.00143376 0.00946734 0.0138037 0.0180444
internal_weight=1077.34 1015.6 1010.25 160.874 849.374 61.7396 53.4142 47.1388
internal_count=4211 4075 4056 633 3423 136 111 92
is_linear=0
shrinkage=0.03


Tree=152
num_leaves=12
num_cat=0
split_feature=3 22 22 29 5 29 25 25 25 23 9
split_gain=5.85589 15.0365 14.0209 11.7492 11.1038 14.6547 10.5084 22.9669 19.2202 10.7781 5.76328
threshold=0.90292577875093349 52657280.276000008 1101221544.2765005 0.055796232233848483 0.016488136029025626 0.020007434860058581 -0.0011302574365555185 -0.00044161127236986788 -0.00040950722489395099 0.50600908375629516 5.6182382556487402
decision_type=2 2 2 2 2 2 2 2 2 2 2
left_child=6 4 3 -3 5 -2 -1 9 -9 -8 -6
right_child=1 2 -4 -5 10 -7 7 8 -10 -11 -12
leaf_value=0.028058628179997446 0.041524770859981013 -0.029855559252471922 0.020285281323524692 -0.0067290548432157567 0.015984401729199099 -0.010045838935029128 0.030850829018977271 0.026472758029329566 0.0010917532756715299 -0.028185574513305944 0.053931184670915303
leaf_weight=13.050541678443549 5.87215925566852 35.287472271360457 10.297999228350816 44.963319361209869 12.69008473865688 31.899832453578711 3.0515688732266417 27.722762804478407 855.33706201473251 31.646710653789341 5.0299233756959429
leaf_count=29 30 205 26 112 49 235 7 76 3220 214 8
internal_value=0.000451651 -0.00513348 -0.0126693 -0.0168981 0.00716306 -0.0020285 0.00132794 0.000947829 0.00188856 -0.0229936 0.0267558
internal_weight=1076.85 146.041 90.5488 80.2508 55.492 37.772 930.809 917.758 883.06 34.6983 17.72
internal_count=4211 665 343 317 322 265 3546 3517 3296 221 57
is_linear=0
shrinkage=0.03


Tree=153
num_leaves=12
num_cat=0
split_feature=29 23 9 21 18 5 14 28 15 29 26
split_gain=5.79176 15.4391 10.5967 7.94459 7.47017 7.32823 7.16319 5.78492 3.62137 0.00133127 0.00030803
threshold=0.096938677093608802 0.53112902911189919 2.941011538461539 678903.50000000012 0.0089425667657424199 -0.02817455228034282 1.0000000180025095e-35 -0.00054611318246264317 -0.0011403306337122734 0.045507772239297049 -0.0028014326028683212
decision_type=2 2 2 2 2 2 2 2 2 2 2
left_child=4 -2 3 -3 9 8 -7 -4 -6 10 -1
right_child=1 2 7 -5 5 6 -8 -9 -10 -11 -12
leaf_value=-0.031451815130444788 -0.057395912005318149 0.035165126099675474 0.010661426469002621 0.0054574669417832766 -0.0098515341848944334 -0.025568528159908215 0.00063564123452501155 -0.032367232778084128 -0.052020927273752363 -0.032513682517820587 -0.03083897223338606
leaf_weight=0.85044948942959298 2.8247156143188468 20.296267464756966 5.7715214714407921 13.484287127852438 3.9025752767920494 9.4773438666015846 1004.397855585441 5.4840493053197843 3.4558400437235823 0.50896635837852944 5.5893431119620791
leaf_count=25 12 25 12 28 12 68 3727 19 19 9 255
internal_value=0.000438123 0.0106394 0.0149067 0.0233066 -3.67382e-05 0.000174194 0.000390694 -0.0103034 -0.0296562 -0.0310366 -0.0309199
internal_weight=1076.04 47.8608 45.0361 33.7806 1028.18 1021.23 1013.88 11.2556 7.35842 6.94876 6.43979
internal_count=4211 96 84 53 4115 3826 3795 31 31 289 280
is_linear=0
shrinkage=0.03


Tree=154
num_leaves=13
num_cat=0
split_feature=1 6 6 6 18 1 21 9 6 25 28 10
split_gain=5.74902 9.58388 13.5732 9.07235 9.01654 7.34494 7.90683 23.2828 10.2363 7.64687 11.0969 6.33831
threshold=0.02085146974501418 48889.500000000007 63106.000000000007 2694984.5000000005 0.042087934402288037 0.021097959488155918 113063.50000000001 0.84658836127225623 53751.500000000007 -2.2102345680785784e-05 -0.00057665843059867116 0.026112751593443295
decision_type=2 2 2 2 2 2 2 2 2 2 2 2
left_child=1 4 -3 -4 11 9 7 -7 -8 -2 -11 -1
right_child=5 2 3 -5 -6 6 8 -9 -10 10 -12 -13
leaf_value=-0.035518247558986665 0.036993384321018764 0.033025998460725271 -0.015107810381243704 0.032423807956128835 0.02971170687851241 -0.016011187805360694 -0.010323638441744045 0.013976227606300875 0.00066107395739442966 0.029407174714122641 -0.042995986543601455 0.0054802898058564295
leaf_weight=19.25153977423907 10.241229577921333 9.2099337633699161 26.189856571145359 4.192636912688612 2.6896439120173445 29.886985349468887 84.73599409032613 105.76613223552704 771.44322619307786 4.3182073868811139 3.4093236811459047 4.1200477033853522
leaf_count=285 27 26 147 9 5 212 515 563 2369 10 31 12
internal_value=0.000425205 -0.00817701 0.00112236 -0.00854868 -0.0223047 0.00098449 0.000640111 0.00736942 -0.000426082 0.0199934 -0.00253651 -0.0282908
internal_weight=1075.45 65.6537 39.5924 30.3825 26.0612 1009.8 991.832 135.653 856.179 17.9688 7.72753 23.3716
internal_count=4211 484 182 156 302 3727 3659 775 2884 68 41 297
is_linear=0
shrinkage=0.03


Tree=155
num_leaves=14
num_cat=0
split_feature=27 17 27 14 5 15 29 27 12 29 0 28 29
split_gain=5.70969 15.8403 30.8334 19.9251 18.3728 13.488 11.7166 8.59243 13.2647 18.4566 9.7723 2.54718 1.72909
threshold=0.023391951849991811 0.01023333063385065 0.0064448451692954217 0.97877366407089339 0.015057754245445813 0.011009281680318979 0.041346194108791839 0.024403119689571377 -0.0011073104402298231 0.061710444205701737 -0.0014208724597418209 -3.3194461124098481e-05 0.056201749382250719
decision_type=2 2 2 2 2 2 2 2 2 2 2 2 2
left_child=1 2 5 4 -3 -1 -4 11 10 -10 -9 -2 -5
right_child=7 3 6 12 -6 -7 -8 8 9 -11 -12 -13 -14
leaf_value=-0.0012424043225428766 0.044244344063684334 -0.0039482031104286523 -0.0028311711278268376 -0.03821108242142103 -0.062008623517640679 0.035564328263781225 0.021979043519872947 0.027815994579572168 0.0020265145888109359 -0.05442288668831477 0.0029019672614612698 0.018803559027301707 -0.063190294214971021
leaf_weight=648.11657720850781 5.307384718209506 188.2342914454639 21.615036947652698 7.6702703330665809 5.0364491268992415 9.0862077102065069 82.579282786697149 20.01792648434639 16.658166676759723 7.5870956629514685 48.497962288558483 10.64798246324062 3.6957319527864456
leaf_count=2815 13 698 137 79 24 13 173 33 50 28 113 19 16
internal_value=0.000412255 -0.000321287 0.00167027 -0.00773133 -0.0054612 -0.00073353 0.0168322 0.00693037 0.00343252 -0.0156383 0.010181 0.0272662 -0.0463332
internal_weight=1074.75 966.034 761.397 204.637 193.271 657.203 104.194 108.717 92.7612 24.2453 68.5159 15.9554 11.366
internal_count=4211 3955 3138 817 722 2828 310 256 224 78 146 32 95
is_linear=0
shrinkage=0.03


Tree=156
num_leaves=10
num_cat=0
split_feature=26 23 10 6 29 1 9 26 29
split_gain=5.60877 9.11588 7.04726 8.9902 6.7094 4.97072 4.57962 3.02644 1.19343
threshold=0.0060785257563307033 1.8178547461858956 0.035390755731237511 9757977.0000000019 0.096938677093608802 0.024682189423833691 0.76384866956784669 0.0017544099373373028 0.058479962665846673
decision_type=2 2 2 2 2 2 2 2 2
left_child=2 5 3 4 -1 -2 -4 -8 -7
right_child=1 -3 6 -5 -6 8 7 -9 -10
leaf_value=-9.6133635215862165e-05 -0.0011392727703778136 0.022976920371032224 -0.02752611492997625 -0.035200545618627239 0.01177496258541094 -0.038891271912516158 0.025363655776185108 0.0052000322456792559 -0.06621704388989505
leaf_weight=980.60963827837259 2.4102557767182571 3.1203132867813101 2.1464091837406185 6.4158813478425136 44.807281203567982 2.8974010441452265 18.102837339043621 10.635263144969938 2.8566904813051224
leaf_count=3980 11 8 7 29 89 23 29 23 12
internal_value=0.000400345 -0.0206383 0.000623748 0.000201091 0.000422593 -0.0373075 0.0147445 0.0179016 -0.0524575
internal_weight=1074 11.2847 1062.72 1031.83 1025.42 8.16435 30.8845 28.7381 5.75409
internal_count=4211 54 4157 4098 4069 46 59 52 35
is_linear=0
shrinkage=0.03


Tree=157
num_leaves=15
num_cat=0
split_feature=20 8 3 20 9 0 21 14 25 6 6 25 1 18
split_gain=5.64243 8.95382 13.3466 23.7871 12.568 11.2908 12.1989 9.31327 7.61196 10.6433 8.99942 6.28471 6.2733 5.38519
threshold=-0.061214144265299232 -0.011235314867749148 0.28727320224185365 -0.0067007326959388292 1.055085576612995 0.0056076907026150558 11417.000000000002 0.15806609853129513 0.00025121373136027418 849221.00000000012 670272.50000000012 6.7416489917713297e-05 0.069322317903564315 0.03124989630655613
decision_type=2 2 2 2 2 2 2 2 2 2 2 2 2 2
left_child=8 2 4 -4 -2 7 -7 -3 9 13 12 -11 -10 -1
right_child=1 5 3 -5 -6 6 -8 -9 10 11 -12 -13 -14 -15
leaf_value=0.044612802522046635 -0.017067077488052314 -0.0053636794590235159 -0.056326343831162536 0.021962372055983323 0.0025393253512829717 0.040824744817591498 -0.030710608956089448 0.0029962462107679133 -0.0030068854617179841 -0.027432582274922387 0.012411071910701779 0.016201831897726202 -0.053168144007306406 0.01729491949772374
leaf_weight=9.551900118589403 43.371374931652099 144.88109725294635 11.422035511583092 5.0315510071814051 91.504447269719094 2.4576791580766466 16.889247242361307 696.49685043422505 4.4455947950482386 6.4865476936101896 10.6972029954195 5.4810262769460678 4.5307728201150894 20.290615111589432
leaf_count=11 179 609 63 10 335 5 111 2763 14 22 21 10 20 38
internal_value=0.000388566 -0.000147506 -0.00687718 -0.0323854 -0.00376541 0.00103568 -0.0216233 0.00155671 0.00921261 0.0164535 -0.00617562 -0.00744847 -0.0283255 0.0260387
internal_weight=1073.54 1012.05 151.329 16.4536 134.876 860.725 19.3469 841.378 61.4837 41.8101 19.6736 11.9676 8.97637 29.8425
internal_count=4211 4075 587 73 514 3488 116 3372 136 81 55 32 34 49
is_linear=0
shrinkage=0.03


Tree=158
num_leaves=13
num_cat=0
split_feature=29 5 13 26 13 26 26 26 13 13 9 23
split_gain=5.56478 5.70892 13.5913 16.7452 12.6364 8.85902 31.2656 14.3642 0.0309785 0.00217623 0.00110502 1.6621e-05
threshold=0.019982888506241938 -0.0053772768799186009 0.016935213431124405 -0.0028420335086016854 0.01742989714356449 -0.0029235678665586406 -0.003854717461905167 -0.0015995529932104626 0.025580067200370246 0.0096204987252675195 8.2852895275722087 1.3231541952193269
decision_type=2 2 2 2 2 2 2 2 2 2 2 2
left_child=8 2 3 -2 -4 6 -3 -7 9 11 -11 -1
right_child=1 5 4 -5 -6 7 -8 -9 -10 10 -12 -13
leaf_value=-0.030394645832851886 0.018614460450023042 0.009542721634639241 0.03728168040066171 -0.029297632099374377 -0.0016786918103830857 0.011914821617656692 -0.030781718759786397 0.0008472301297995713 -0.037391223915350956 -0.031733422730534068 -0.033121492285910457 -0.030645342079338951
leaf_weight=0.39598324801772777 8.2885051537305099 39.096460504457355 7.728741016238927 31.574356540571898 244.9994324427098 129.18366144411266 31.047414992004633 576.64513530489057 1.1813335120677946 1.4351456575095656 0.8060818463563918 0.59664067625999451
leaf_count=33 40 109 21 341 766 389 171 2257 8 32 11 33
internal_value=0.000376994 0.000515869 -0.00305514 -0.0193355 -0.000487235 0.00186237 -0.00830587 0.00287287 -0.0332335 -0.0317147 -0.0322327 -0.0305453
internal_weight=1072.98 1068.56 292.591 39.8629 252.728 775.973 70.1439 705.829 4.41518 3.23385 2.24123 0.992624
internal_count=4211 4094 1168 381 787 2926 280 2646 117 109 43 66
is_linear=0
shrinkage=0.03


Tree=159
num_leaves=13
num_cat=0
split_feature=1 6 6 17 6 1 21 9 9 25 26 5
split_gain=5.48064 9.24614 12.6368 8.80038 8.63058 6.94036 7.44116 21.544 10.0591 7.22117 9.47568 5.41186
threshold=0.02085146974501418 48889.500000000007 63106.000000000007 0.023711568718541017 732864.50000000012 0.021097959488155918 113063.50000000001 0.84658836127225623 1.8118625267817976 -2.2102345680785784e-05 -0.001496231112040171 0.019477075874674458
decision_type=2 2 2 2 2 2 2 2 2 2 2 2
left_child=1 3 -3 11 -4 9 7 -7 -8 -2 -11 -1
right_child=5 2 4 -5 -6 6 8 -9 -10 10 -12 -13
leaf_value=-0.035840595272462562 0.035915859906676603 0.031804676006131079 -0.02207548316786774 0.0090861077451874078 0.010381346610630435 -0.015527597348640759 0.0019997950150357552 0.013423119190542763 -0.0047697085972034621 0.025271373439526821 -0.042817504833806794 0.035634759797348738
leaf_weight=18.316697936970748 10.230313462205233 9.1990169659256917 17.441633237525824 6.1490541882812968 12.773390514776109 29.59277583565563 543.43745083454996 105.99351249821484 310.38878136873245 4.4795613586902627 3.1212074905633909 1.0057540796697129
leaf_count=278 27 26 107 21 49 212 1683 563 1201 11 30 3
internal_value=0.000365557 -0.00808541 0.00101853 -0.0221726 -0.00835437 0.00090996 0.000575653 0.0071044 -0.000461101 0.01946 -0.00268889 -0.0321202
internal_weight=1072.13 64.8855 39.414 25.4715 30.215 1007.24 989.413 135.586 853.826 17.8311 7.60077 19.3225
internal_count=4211 484 182 302 156 3727 3659 775 2884 68 41 281
is_linear=0
shrinkage=0.03


Tree=160
num_leaves=15
num_cat=0
split_feature=1 1 28 28 9 9 5 9 8 3 15 12 29 29
split_gain=5.44645 13.5318 12.294 11.2927 10.531 22.8163 23.9331 15.1798 22.3932 14.8101 12.7982 3.40983 3.32378 0.422886
threshold=0.028265886939571185 0.027783685755498489 0.0030417249576288911 -0.0016588293944611975 1.8118625267817976 1.9896430455646776 0.0030583720395738942 1.0860325759310501 -0.0072663647398159914 0.30444605851574807 0.011406822254917201 -0.0018641149570130132 0.079851050041585561 0.056556520758638942
decision_type=2 2 2 2 2 2 2 2 2 2 2 2 2 2
left_child=1 2 3 -1 7 10 -7 8 -2 -9 -6 -4 13 -3
right_child=4 12 11 -5 5 6 -8 9 -10 -11 -12 -13 -14 -15
leaf_value=-0.016988975411242252 -0.017546422412799457 -0.036625235028628189 -0.043204215058511956 0.001371848245801678 -0.049283078158416052 -0.0077671579062338209 0.010237727615842976 0.020989486726554523 0.0047199403975025775 0.0043188544763388109 0.0073050070317721419 -0.0028323121392347362 -0.0071355132469270765 -0.049578874008959585
leaf_weight=33.611295856535435 53.021391253918409 6.2854511337354761 7.9440561700612307 292.56098610814661 13.85425454657525 161.36222834326327 112.95805188640952 78.745111442171037 174.21863400749862 122.68897788506001 4.8584191203117362 2.4677451830357295 3.4662213027477256 3.5488766133785248
leaf_count=241 195 60 59 1527 83 653 342 195 448 355 11 17 9 16
internal_value=0.000354344 -0.00271737 -0.00154457 -0.000520192 0.00184352 -0.00253958 -0.000353208 0.00483972 -0.000475419 0.0108358 -0.034591 -0.0336355 -0.0323963 -0.0412998
internal_weight=1071.59 349.885 336.584 326.172 721.707 293.033 274.32 428.674 227.24 201.434 18.7127 10.4118 13.3005 9.83433
internal_count=4211 1929 1844 1768 2282 1089 995 1193 643 550 94 76 85 76
is_linear=0
shrinkage=0.03


Tree=161
num_leaves=15
num_cat=0
split_feature=3 7 5 6 14 26 3 7 12 26 20 7 27 5
split_gain=5.4976 13.207 15.253 11.8725 16.3483 11.3468 10.408 9.26553 13.0138 11.6103 11.5316 18.7635 18.0482 6.42742
threshold=0.90292577875093349 6551797.2115000011 0.0059562900066295194 120073.50000000001 0.86591484282204967 0.00043762844695351079 0.99636851349614608 5281002.2800000003 -0.022738133871467014 -0.00033306753365444858 -0.0075176220674977859 62150956.363500006 0.0031068450065111978 0.0033389074693422455
decision_type=2 2 2 2 2 2 2 2 2 2 2 2 2 2
left_child=7 2 -2 4 -3 -4 -5 8 13 -10 11 -9 -12 -1
right_child=1 3 5 6 -6 -7 -8 10 9 -11 12 -13 -14 -15
leaf_value=-0.00046250731250605572 -0.028694262811375236 -0.037691802446014319 0.032853383721117797 -0.010572133130696047 0.012629016786739448 -0.0062515146476659388 0.014684078754486636 0.0056806868875959185 -0.027560016542948419 -0.0035873199049888302 0.030064180257177456 -0.0052010832578928924 0.0046620745412538876 0.043728651442134309
leaf_weight=5.9994190409779531 7.2625761758536092 24.415453538298607 19.947817664593462 55.869610858149827 7.6253284513950339 10.038972941227255 19.921245764009655 264.04842260759324 28.708341226913035 49.591103794984519 28.222435313276947 310.0930265262723 232.98298837244511 5.8510678932070732
leaf_count=22 99 138 77 202 26 67 56 948 329 419 110 1033 676 9
internal_value=0.000343656 -0.00508611 0.0103143 -0.010406 -0.025716 0.0197619 -0.00393366 0.00119483 -0.00794251 -0.0123769 0.00218092 -0.000196543 0.00740669 0.0213565
internal_weight=1070.58 145.081 37.2494 107.832 32.0408 29.9868 75.7909 925.497 90.1499 78.2994 835.347 574.141 261.205 11.8505
internal_count=4211 665 243 422 164 144 258 3546 779 748 2767 1981 786 31
is_linear=0
shrinkage=0.03


Tree=162
num_leaves=12
num_cat=0
split_feature=20 8 11 12 17 0 21 14 23 26 29
split_gain=5.5315 8.06784 15.9465 17.6154 11.0451 9.48514 12.0802 8.94266 7.49742 7.33126 8.10004
threshold=-0.061214144265299232 -0.010751905618475471 0.019040983671194025 -0.0070943061374037029 0.0066640676933322129 0.0056076907026150558 11417.000000000002 0.15806609853129513 7.1912257229726722 0.0018737075794811858 0.038673723213981111
decision_type=2 2 2 2 2 2 2 2 2 2 2
left_child=8 2 3 -2 -4 7 -7 -3 9 10 -1
right_child=1 5 4 -5 -6 6 -8 -9 -10 -11 -12
leaf_value=0.040209671368609562 -0.0080639395281292495 -0.0054027452701760677 0.029934827248131943 -0.042279205086547471 -0.00099716283823320226 0.044894766699153266 -0.029417493921451449 0.0028639232147572632 -0.017432671205153086 -0.017176330816703958 0.010508050345195504
leaf_weight=10.740622490644453 88.722177481278777 142.15522198518738 13.685890570282934 15.981784338131545 43.134894639253616 2.2424923321232226 16.129919281229377 686.67422730382532 8.2886426299810392 6.2783252596855155 35.83175690472126
leaf_count=14 359 600 22 142 115 4 108 2725 25 19 78
internal_value=0.000333051 -0.000198019 -0.00634253 -0.0132865 0.00645314 0.000973473 -0.0203471 0.00144608 0.00909508 0.0132555 0.0173579
internal_weight=1069.87 1008.73 161.525 104.704 56.8208 847.202 18.3724 828.829 61.1393 52.8507 46.5724
internal_count=4211 4075 638 501 137 3437 112 3325 136 111 92
is_linear=0
shrinkage=0.03


Tree=163
num_leaves=11
num_cat=0
split_feature=29 29 25 1 5 8 5 29 25 15
split_gain=5.4333 15.7749 18.2525 13.592 12.1008 11.3748 11.3083 12.2979 10.8932 9.26761
threshold=0.065168678452884835 0.062045832519046933 -0.000152581626249253 0.060064493433395878 0.018464004845011449 0.019558953009001106 -0.01775348429121602 0.059750584344226115 1.6511671285612653e-05 -0.0098122284282985729
decision_type=2 2 2 2 2 2 2 2 2 2
left_child=1 6 -3 -4 5 8 9 -8 -2 -1
right_child=4 2 3 -5 -6 -7 7 -9 -10 -11
leaf_value=0.015388771780818896 -0.0038199451293431507 0.0072587100604386938 -0.05333346126726126 -0.00086818222170733208 -0.034675668204168869 0.026381804533230156 -0.00066530330737560653 0.014734201494992105 0.0070492131121331096 -0.029363653457723043
leaf_weight=5.2717195600271252 137.12018540501595 12.8074993789196 15.196551315486433 6.2808527201414099 7.4260076731443396 19.366843834519386 584.86190402926877 50.72007779031992 210.20327025651932 19.83121985476464
leaf_count=11 335 29 68 15 25 29 3038 105 443 113
internal_value=0.000323129 -0.00124603 -0.0210872 -0.0379905 0.00323805 0.00400586 -0.000216416 0.000563593 0.00275817 -0.0199655
internal_weight=1069.09 694.97 34.2849 21.4774 374.116 366.69 660.685 635.582 347.323 25.1029
internal_count=4211 3379 112 83 832 807 3267 3143 778 124
is_linear=0
shrinkage=0.03


Tree=164
num_leaves=8
num_cat=0
split_feature=29 29 23 21 13 29 29
split_gain=5.35497 9.42606 16.4167 8.19084 7.08707 6.67921 0.00121139
threshold=0.28967089155813569 0.096938677093608802 0.53112902911189919 816229.00000000012 0.0089425667657424199 0.095663524082066784 0.045507772239297049
decision_type=2 2 2 2 2 2 2
left_child=1 4 -3 -4 6 -6 -1
right_child=-2 2 3 -5 5 -7 -8
leaf_value=-0.030893068600120685 -0.033080481130615527 -0.05593761245443897 0.028628757717568183 -0.00033881204572649222 0.0002340423396345994 -0.036778128689848491 -0.032452282143677486
leaf_weight=6.1628074944019309 4.3043262064456931 2.8027189373970023 26.910830952227116 13.043036371469496 1010.0253617763519 4.407267525792121 0.48364454135298718
leaf_count=280 16 12 39 29 3810 16 9
internal_value=0.000313678 0.000448792 0.0142487 0.0191722 -0.000129065 7.32406e-05 -0.0310065
internal_weight=1068.14 1063.84 42.7566 39.9539 1021.08 1014.43 6.64645
internal_count=4211 4195 80 68 4115 3826 289
is_linear=0
shrinkage=0.03


Tree=165
num_leaves=11
num_cat=0
split_feature=26 25 9 26 26 26 13 29 15 29
split_gain=5.29042 16.4558 19.4254 8.91471 24.7301 18.7417 5.04821 6.01044 3.94769 0.524948
threshold=-0.0047244607365594495 0.00073185741853035505 13.179700000000002 -0.0029235678665586406 -0.0028420335086016854 -0.0034332805868389753 0.020321344049257579 0.066909370595782836 -0.0004626283332721992 0.063626261282812693
decision_type=2 2 2 2 2 2 2 2 2 2
left_child=6 3 9 5 -5 -2 7 -1 -8 -3
right_child=1 2 -4 4 -6 -7 8 -9 -10 -11
leaf_value=-0.038157546150631931 -0.00021134765072099022 -0.036266167834667962 0.054920942967088202 0.035860333371583564 0.0005365797718528462 -0.035464816857904535 0.0089142251359525162 0.020845993492674901 0.036706415449406421 -0.047569527221039958
leaf_weight=3.1827999483794001 48.437460470944643 8.1466666003689188 2.1569948196411124 18.18239102140069 940.38852145755664 18.855425978079438 9.8478983193635976 3.0358379781246185 8.6314348652958834 6.771343119442462
leaf_count=27 174 80 3 33 3711 112 22 5 11 33
internal_value=0.000304446 -2.05334e-05 -0.0292295 0.000465636 0.00120661 -0.0100893 0.0140276 -0.00935298 0.0218956 -0.0413968
internal_weight=1067.64 1042.94 17.075 1025.86 958.571 67.2929 24.698 6.21864 18.4793 14.918
internal_count=4211 4146 116 4030 3744 286 65 32 33 113
is_linear=0
shrinkage=0.03


Tree=166
num_leaves=13
num_cat=0
split_feature=29 29 9 5 9 1 1 8 13 13 9 20
split_gain=5.24519 5.7275 11.7644 19.232 13.7988 8.31436 12.3341 4.28432 0.0270407 0.00189952 0.001009 1.57716e-05
threshold=0.019982888506241938 0.020007434860058581 29.947422862453532 0.014268144375716493 14.174006788717579 0.033834115052216368 0.05480704043283826 0.0050868041399497552 0.025580067200370246 0.0096204987252675195 8.2852895275722087 -0.01694764612957363
decision_type=2 2 2 2 2 2 2 2 2 2 2 2
left_child=8 5 4 -4 -3 7 -7 -2 9 11 -11 -1
right_child=1 2 3 -5 -6 6 -8 -9 -10 10 -12 -13
leaf_value=-0.030657599556396971 0.028810452579793654 -0.00023414541015151142 -0.043604143954296584 0.026524392797893519 0.018455030707917066 -0.045208221361810401 0.025298245121088175 0.0013259512324852213 -0.037045275531975744 -0.031646249494214802 -0.033001418765581665 -0.030405734325485399
leaf_weight=0.38051119260489952 18.433221306651834 973.60526809096336 12.76788021437824 4.8587896451354018 36.902848953381181 4.7953962534666044 4.178989976644516 7.0592620633542529 1.1477721929550169 1.3647438539192083 0.77542953193187703 0.5431688250973814
leaf_count=22 52 3815 66 9 97 24 7 24 8 32 11 44
internal_value=0.000295367 0.0004278 2.45318e-05 -0.0242732 0.000448367 0.0124572 -0.0123764 0.0211996 -0.0331178 -0.0316465 -0.0321373 -0.0305095
internal_weight=1066.81 1062.6 1028.13 17.6267 1010.51 34.4669 8.97439 25.4925 4.21163 3.06385 2.14017 0.92368
internal_count=4211 4094 3987 75 3912 107 31 76 117 109 43 66
is_linear=0
shrinkage=0.03


Tree=167
num_leaves=15
num_cat=0
split_feature=20 8 12 29 8 0 14 25 28 29 13 13 0 22
split_gain=5.22326 7.55294 13.3896 22.4306 21.2021 10.2513 8.17252 7.16194 9.49499 8.61552 7.50416 11.2388 6.75431 3.78151
threshold=-0.061214144265299232 -0.011235314867749148 -0.012163588751325323 0.039925196089006722 -0.017093413424629066 0.0056076907026150558 0.15806609853129513 0.00025121373136027418 0.00050055314741280141 0.071420965149774238 0.026964954047562325 0.045698930728468513 0.013374884586526711 69963090.571500018
decision_type=2 2 2 2 2 2 2 2 2 2 2 2 2 2
left_child=7 2 4 -4 -2 6 -3 8 13 -10 -9 -12 -7 -1
right_child=1 5 3 -5 -6 12 -8 10 9 -11 11 -13 -14 -15
leaf_value=0.04650102921084863 0.000202051994988188 -0.0051551423932768544 -0.037734963843432973 0.0059195514820304307 -0.037202591909583346 -0.029335342955845344 0.0027004646293553834 0.02017389902821479 -0.02030587887172482 0.026101566312075102 -0.049553959885278408 0.0064629772572081827 0.017956998438962063 0.020244539542687394
leaf_weight=6.6257274299860027 27.58122280985117 143.93989002518356 12.142968851607291 82.998198710381985 26.979846173897386 15.50958654843271 693.17351737897843 6.4831741452217129 9.5598993897438032 5.7755154073238364 5.978755481541155 6.9946473389863968 3.2954600295051923 19.36534558236599
leaf_count=7 83 609 130 228 146 98 2763 12 30 9 28 15 18 35
internal_value=0.000286484 -0.000229701 -0.00644646 0.000347879 -0.0182941 0.000857625 0.00134971 0.00882647 0.0158923 -0.00282824 -0.00618166 -0.0193523 -0.0210477 0.0269379
internal_weight=1066.4 1005.62 149.702 95.1412 54.5611 855.918 837.113 60.7831 41.3265 15.3354 19.4566 12.9734 18.805 25.9911
internal_count=4211 4075 587 358 229 3488 3372 136 81 39 55 43 116 42
is_linear=0
shrinkage=0.03


Tree=168
num_leaves=15
num_cat=0
split_feature=3 22 22 26 26 29 29 8 26 28 22 3 14 28
split_gain=5.29251 13.2984 13.0305 11.5001 17.294 16.6374 11.3333 8.58781 19.408 22.611 14.9531 12.4373 23.9898 13.4099
threshold=0.90292577875093349 52657280.276000008 1101221544.2765005 0.00043762844695351079 -0.00026317368035117932 0.060679437328502075 0.055796232233848483 0.0047769874484586096 0.00070918751264916694 0.0002547272732912663 11154577.894500002 0.67231317337816199 0.88691785117548938 0.001013306475457548
decision_type=2 2 2 2 2 2 2 2 2 2 2 2 2 2
left_child=7 3 6 4 -2 -5 -3 11 9 -9 -10 13 -13 -1
right_child=1 2 -4 5 -6 -7 -8 8 10 -11 -12 12 -14 -15
leaf_value=0.0034877600020026861 0.0012726687559060086 -0.02922263274957097 0.019624248428637459 -0.037077855448621556 0.045177792357415765 0.018884976290780932 -0.0063527138892965759 0.0010202346419461667 0.064154264640875772 -0.055060821127491992 0.012864284624210591 -0.023288212795351513 0.019739287844289029 -0.0061777074293508745
leaf_weight=459.51306010503322 22.879804254509509 34.490070257335901 10.267715650610624 10.673266691155733 12.477775337174533 8.6607037633657438 44.875407993793488 103.75689788348973 5.3876906409859648 6.9007258154451838 101.35183515679091 49.078535532578826 15.29695572145283 179.71183366701007
leaf_count=1768 162 205 26 119 26 15 112 362 15 40 268 256 55 782
internal_value=0.00027785 -0.00506374 -0.0121771 0.00659429 0.0167669 -0.0120092 -0.0162914 0.0011149 0.00632648 -0.00247704 0.0154532 -0.000495361 -0.013064 0.000770408
internal_weight=1065.32 144.325 89.6332 54.6916 35.3576 19.334 79.3655 920.998 217.397 110.658 106.74 703.6 64.3755 639.225
internal_count=4211 665 343 322 188 134 317 3546 685 402 283 2861 311 2550
is_linear=0
shrinkage=0.03


Tree=169
num_leaves=15
num_cat=0
split_feature=1 26 11 1 25 5 25 25 1 22 25 25 0 15
split_gain=5.2812 8.52547 10.346 11.8969 9.76724 7.58194 6.81768 9.33278 14.784 9.97553 9.07687 11.9371 11.2465 5.24756
threshold=0.02085146974501418 0.00043762844695351079 0.012859945514736171 0.020358212147134326 -0.00087053193906951151 0.0087445667060506525 -0.00045651181314955007 -0.001013258929688022 0.039852848558479335 70875829.183500022 -9.7709296755255009e-05 -2.7195643526946862e-05 -0.0014482924528704734 -0.01610896340269392
decision_type=2 2 2 2 2 2 2 2 2 2 2 2 2 2
left_child=1 2 13 -4 -3 -6 7 9 -9 -2 12 -12 -8 -1
right_child=6 4 3 -5 5 -7 10 8 -10 -11 11 -13 -14 -15
leaf_value=0.038901147408218248 0.025274108445407423 0.030598298078472006 -0.00014209518375960368 0.047931630620350246 -0.035194778808506043 0.010340785578749177 0.017148731550768424 -0.039515764441741423 0.00063348238768947416 -0.023414157402835457 -0.0097744842826936532 0.0012652719328102803 0.0024933035979448144 -0.038868238612274467
leaf_weight=0.88229203224182118 10.845455726608636 2.9230662658810642 24.004296990111474 5.7410660758614531 19.589487144723538 3.9554494535550466 64.244035987183452 16.366807406768203 16.652895592153072 5.8195137772709122 103.13937100209296 606.541870131623 176.86829428002238 6.7935032313689581
leaf_count=1 29 6 137 8 218 19 175 158 71 23 418 2246 607 95
internal_value=0.000269252 -0.00809317 0.00112339 0.00913647 -0.0211238 -0.027545 0.000803265 -0.0100302 -0.0192672 0.00827186 0.00136938 -0.000339158 0.00639822 -0.0299291
internal_weight=1064.37 63.8892 37.4212 29.7454 26.468 23.5449 1000.48 49.6847 33.0197 16.665 950.794 709.681 241.112 7.6758
internal_count=4211 484 241 145 243 237 3727 281 229 52 3446 2664 782 96
is_linear=0
shrinkage=0.03


Tree=170
num_leaves=10
num_cat=0
split_feature=13 20 28 10 8 27 25 7 14
split_gain=5.15994 11.5797 11.2954 10.7897 22.2796 20.3101 9.45253 16.8046 11.9327
threshold=0.027798527201872043 -0.063495370458000591 -0.0027348552634087367 -0.008603674025061717 0.011858336428916516 -0.0074577762570888226 0.00020161101850983283 639064081.71500015 0.94104052940570559
decision_type=2 2 2 2 2 2 2 2 2
left_child=1 -1 -2 4 -3 -5 8 -8 -4
right_child=2 3 6 5 -6 -7 7 -9 -10
leaf_value=0.023684233556001136 0.027585086225683175 -0.017143116102169051 0.0023728756445292446 0.021687308120000467 0.015145575733801037 -0.0018182961161081054 -0.002287287823924461 -0.048739047902594694 0.020120981902599835
leaf_weight=16.131765201687813 15.99986048042774 91.258664870634675 241.23104042559862 35.532620063982904 24.368943300098181 479.99905248731375 111.55152089893818 7.4790983349084845 39.705585137009621
leaf_count=29 24 458 601 122 71 2491 308 30 77
internal_value=0.000261017 -0.00141433 0.00286804 -0.00205582 -0.0103382 -0.000198191 0.00187928 -0.00520601 0.00488127
internal_weight=1063.26 647.291 415.967 631.159 115.628 515.532 399.967 119.031 280.937
internal_count=4211 3171 1040 3142 529 2613 1016 338 678
is_linear=0
shrinkage=0.03


Tree=171
num_leaves=10
num_cat=0
split_feature=28 20 10 6 10 1 28 27 29
split_gain=5.21183 11.192 6.30241 7.88192 6.84086 4.83323 4.09269 7.38287 0.787784
threshold=0.0042286852584063018 -0.030320830997618783 0.035390755731237511 9757977.0000000019 0.01023333063385065 0.024682189423833691 1.0000000180025095e-35 0.039373008661068944 0.054661403642227449
decision_type=2 2 2 2 2 2 2 2 2
left_child=2 -2 3 4 -1 -3 -4 -8 -7
right_child=1 5 6 -5 -6 8 7 -9 -10
leaf_value=0.0017617380012257535 0.034044612084803971 -0.00025662281883442645 0.029514237055057263 -0.033347029567658282 -0.0038116769606718207 -0.038790663114495777 0.020369541411416128 -0.017086160178923365 -0.060378660635231382
leaf_weight=744.47019553557038 2.6213231086730948 2.3518732003867608 10.133134022355081 6.3131429441273204 270.11761793959886 2.73343485314399 12.459390357136728 7.6406973898410788 3.4308030307292938
leaf_count=3091 7 11 16 29 978 21 22 21 15
internal_value=0.000253427 -0.0201609 0.00046973 6.99733e-05 0.000277906 -0.0368458 0.0139685 0.00613141 -0.0508058
internal_weight=1062.27 11.1374 1051.13 1020.9 1014.59 8.51611 30.2332 20.1001 6.16424
internal_count=4211 54 4157 4098 4069 47 59 43 36
is_linear=0
shrinkage=0.03


Tree=172
num_leaves=12
num_cat=0
split_feature=3 22 22 29 28 29 22 25 25 25 23
split_gain=5.08761 12.6293 12.0989 12.5033 10.9522 13.9203 10.403 9.18379 21.0277 17.1951 9.68592
threshold=0.90292577875093349 50615080.140000008 1101221544.2765005 0.055796232233848483 0.00047176002017392931 0.060679437328502075 20070991.096000005 -0.0011302574365555185 -0.00044161127236986788 -0.00040950722489395099 0.50600908375629516
decision_type=2 2 2 2 2 2 2 2 2 2 2
left_child=7 4 3 -3 6 -6 -2 -1 10 -10 -9
right_child=1 2 -4 -5 5 -7 -8 8 9 -11 -12
leaf_value=0.026179929528235897 -0.011211637736428578 -0.029028262441158813 0.019032588760934614 -0.0053018413356796393 -0.036763622901209096 0.018882822503916985 0.025965351068963714 0.028810390887947051 0.02499790727008078 0.00084894001777839232 -0.027550200120090042
leaf_weight=12.921111579984425 9.1535881049931032 35.22007852466777 10.242750583216546 46.224662214517593 9.5818116189911979 7.0028283894062033 26.058908798731863 3.0131961405277243 27.397759307175875 844.55824271542951 30.752588579896837
leaf_count=29 89 215 26 114 115 12 94 7 76 3220 214
internal_value=0.0002459 -0.00500774 -0.0116974 -0.0155621 0.00683383 -0.013267 0.0163011 0.00106648 0.000708206 0.00160773 -0.0225207
internal_weight=1062.13 143.485 91.6875 81.4447 51.7971 16.5846 35.2125 918.643 905.722 871.956 33.7658
internal_count=4211 665 355 329 310 127 183 3546 3517 3296 221
is_linear=0
shrinkage=0.03


Tree=173
num_leaves=11
num_cat=0
split_feature=13 13 4 25 26 25 0 29 1 29
split_gain=5.0144 6.10799 13.2166 5.4174 14.3752 5.67876 3.45499 0.00716509 0.00291877 0.000689345
threshold=0.0089425667657424199 0.0095088633025501908 282.50000000000006 0.00066001127197761367 -0.003854717461905167 0.00046462623231768142 -0.012054143170931985 0.053741616351066411 0.025084182816628973 0.0401939916786501
decision_type=2 2 2 2 2 2 2 2 2 2
left_child=6 2 8 5 -5 -3 -1 9 -2 -8
right_child=1 3 -4 4 -6 -7 7 -9 -10 -11
leaf_value=0.036742698322062624 -0.032684806563256889 -6.6867656014901535e-05 0.051087194232326306 0.014935584569256886 -0.023714311228415285 0.0078624783990039315 -0.030829462560529979 -0.034947943192897804 -0.034811034254487082 -0.03179587365592812
leaf_weight=0.7491745352745055 1.2359987432137116 917.58142312336713 5.7002984900027514 13.019358377903698 25.871047952212393 89.188015235587955 5.4816089905798426 0.43056309409439553 1.0965843014419077 0.7558879330754279
leaf_count=1 21 3403 19 29 145 291 268 5 11 18
internal_value=0.000238346 0.000411373 0.0264713 0.000211178 -0.0107755 0.00063558 -0.0243419 -0.0312049 -0.0336844 -0.0309466
internal_weight=1061.11 1053.69 8.03288 1045.66 38.8904 1006.77 7.41723 6.66806 2.33258 6.2375
internal_count=4211 3919 51 3868 174 3694 292 291 32 286
is_linear=0
shrinkage=0.03


Tree=174
num_leaves=14
num_cat=0
split_feature=26 28 26 26 26 6 7 26 25 26 5 14 22
split_gain=4.94366 20.6365 21.0095 19.8433 18.019 16.7086 22.2634 16.411 13.123 12.4689 5.97392 2.52941 1.32365
threshold=-0.0015995529932104626 -0.00033540457453247479 -0.002298732745018009 -0.0005628228091725014 -0.00053518717078032186 40242.500000000007 45685654.002000004 -0.0022053760132260312 -1.6886585215245015e-05 -0.003854717461905167 -0.0097521566964395845 1.0000000180025095e-35 116321148.68250002
decision_type=2 2 2 2 2 2 2 2 2 2 2 2 2
left_child=1 2 9 5 12 11 -7 -4 -6 -1 -3 -2 -5
right_child=3 10 7 4 8 6 -8 -9 -10 -11 -12 -13 -14
leaf_value=0.0073350249179641187 0.014307062640024239 0.056535830223189081 0.028947941786453376 0.022865837288111219 0.0049472557693256945 0.0091083606608999817 -0.015568814273483623 0.0030815270856624096 -0.0038615579652599322 -0.010794064238426979 0.021057060440888262 -0.036961685432082794 0.039801918120267857
leaf_weight=49.631269577890635 0.90379586583003657 6.9505503177642849 35.206239071674645 7.5826506093144443 309.56647040043026 51.922359914518893 89.828738689422607 59.186931613367051 299.44022905733436 109.42310319840908 11.080969978123901 20.75284198531881 9.1831807345151883
leaf_count=147 11 6 72 21 1092 223 376 217 1251 483 27 274 11
internal_value=0.000231093 0.00372312 0.00151692 -0.000970169 0.00146074 -0.0102794 -0.00652975 0.012729 0.000616083 -0.00513707 0.0347329 -0.0348221 0.0321423
internal_weight=1060.66 271.479 253.448 789.18 625.773 163.408 141.751 94.3932 609.007 159.054 18.0315 21.6566 16.7658
internal_count=4211 952 919 3259 2375 884 599 289 2343 630 33 285 32
is_linear=0
shrinkage=0.03


Tree=175
num_leaves=12
num_cat=0
split_feature=26 23 13 15 5 11 5 25 5 1 29
split_gain=4.99163 8.06137 6.03049 8.86672 8.53677 7.56075 5.82553 13.7953 6.1989 4.64239 1.07032
threshold=0.0060785257563307033 1.8178547461858956 0.044168050149416029 -0.01489452366404642 -0.0053772768799186009 0.002804469170926254 -0.00084920391439717927 0.00023942909229000692 -0.016276930666763358 0.024682189423833691 0.062817346781737435
decision_type=2 2 2 2 2 2 2 2 2 2 2
left_child=2 9 3 5 -5 -1 8 -8 -4 -2 -11
right_child=1 -3 6 4 -6 -7 7 -9 -10 10 -12
leaf_value=-0.00017445432832680522 -0.00041458160160419015 0.021271579626028235 -0.0099560771632093564 -0.0045271811785572253 0.0019635171845580517 -0.032505083141840661 0.0083152790882090131 -0.039984626457659982 0.020259748179277327 -0.039203095724995439 -0.065653520431884035
leaf_weight=12.187238201498987 2.3529802476987225 3.0940983965992928 7.2769354730844489 247.19618881680071 695.41580928163603 13.974800597876309 27.697089225053787 6.5879990905523291 38.127444744110107 3.1913416339084506 2.4216387718915939
leaf_count=36 11 8 19 1082 2804 65 59 24 68 25 10
internal_value=0.000224266 -0.0198244 0.000435756 -0.000216789 0.000261358 -0.0174443 0.00836865 -0.000965716 0.0154171 -0.0357867 -0.0506147
internal_weight=1059.52 11.0601 1048.46 968.774 942.612 26.162 79.6895 34.2851 45.4044 7.96596 5.61298
internal_count=4211 54 4157 3987 3886 101 170 83 87 46 35
is_linear=0
shrinkage=0.03


Tree=176
num_leaves=10
num_cat=0
split_feature=18 20 28 5 29 5 21 18 25
split_gain=4.98772 10.9011 10.7501 10.3849 15.7188 14.9787 9.38303 11.1659 10.8552
threshold=0.027798527201872043 -0.063495370458000591 -0.0027348552634087367 0.0015402887874663986 0.085232815619349214 0.0020926339339904097 76022.500000000015 0.031725000910542228 0.00020161101850983283
decision_type=2 2 2 2 2 2 2 2 2
left_child=1 -1 -2 4 -3 -5 7 -4 -8
right_child=2 3 6 5 -6 -7 8 -9 -10
leaf_value=0.023042318419604014 0.027016076658551616 -0.0077008241806350653 0.038396862135790723 0.02392802895125401 0.015151673696724533 -3.7931466058563541e-05 0.0040161082647351392 -0.0078646407653555333 -0.007170570000013636
leaf_weight=15.973013505339621 15.849908486008642 304.81507144169882 12.987063579261305 25.717950110789388 29.731408417224884 268.60823470307514 267.74764824658632 7.3549271374940863 110.2013243958354
leaf_count=29 24 1802 24 92 58 1190 648 24 320
internal_value=0.000217678 -0.00143228 0.00278678 -0.00205392 -0.0056699 0.00205619 0.00182258 0.0216704 0.000754327
internal_weight=1058.99 644.846 414.141 628.873 334.546 294.326 398.291 20.342 377.949
internal_count=4211 3171 1040 3142 1860 1282 1016 48 968
is_linear=0
shrinkage=0.03


Tree=177
num_leaves=8
num_cat=0
split_feature=29 29 23 22 13 17 29
split_gain=4.96864 8.44056 15.2469 7.98352 6.54045 6.68158 0.0011165
threshold=0.28967089155813569 0.096938677093608802 0.53112902911189919 155065302.24750003 0.0089425667657424199 0.01023333063385065 0.045507772239297049
decision_type=2 2 2 2 2 2 2
left_child=1 4 -3 -4 6 -6 -1
right_child=-2 2 3 -5 5 -7 -8
leaf_value=-0.030848447743111865 -0.032071832295070477 -0.054524180429579461 0.026146923110008314 -0.0051934649511864725 0.0015494009087890603 -0.0038375575004145259 -0.032389922192963563
leaf_weight=5.7273703305982044 4.2733546793460837 2.7667319625616065 29.396587528288364 9.7386613041162473 713.56794469710439 292.02635312452912 0.4566048365086316
leaf_count=280 16 12 45 23 2783 1043 9
internal_value=0.000211361 0.00034229 0.0135363 0.018348 -0.000204131 -1.49813e-05 -0.0309623
internal_weight=1057.95 1053.68 41.902 39.1352 1011.78 1005.59 6.18398
internal_count=4211 4195 80 68 4115 3826 289
is_linear=0
shrinkage=0.03


Tree=178
num_leaves=12
num_cat=0
split_feature=29 29 9 9 13 1 1 7 13 9 13
split_gain=4.8783 5.57658 11.0752 14.8501 8.66073 7.79843 11.5902 5.20197 0.0220782 0.00166307 0.000729252
threshold=0.019982888506241938 0.020007434860058581 26.453373212584204 14.174006788717579 0.034137966831972358 0.033834115052216368 0.05480704043283826 23955390.239500001 0.025580067200370246 8.7965956899323619 0.0096204987252675195
decision_type=2 2 2 2 2 2 2 2 2 2 2
left_child=8 5 3 -3 -4 7 -7 -2 9 10 -1
right_child=1 2 4 -5 -6 6 -8 -9 -10 -11 -12
leaf_value=-0.030457719608278061 0.0042158066898524051 -0.00030507757583928788 -0.044885314093472094 0.019989235248815684 -0.0052714948796632301 -0.044350638868619924 0.024775889680122027 0.031858806705811579 -0.036574314724031838 -0.032897582762997965 -0.031593749700450334
leaf_weight=0.79421551851555738 10.298187297768893 965.50472372304648 8.5858218688517827 33.579307463020086 11.785046532750128 4.6851123943924886 4.0873984396457672 15.126222321763633 1.103001572191715 0.66387418843805779 1.4139494327828286
leaf_count=64 50 3815 58 84 30 24 7 26 8 11 34
internal_value=0.000205106 0.00033025 -6.94796e-05 0.000377016 -0.0219677 0.0122467 -0.0121423 0.020662 -0.0329665 -0.031581 -0.0311852
internal_weight=1057.63 1053.65 1019.45 999.084 20.3709 34.1969 8.77251 25.4244 3.97504 2.87204 2.20816
internal_count=4211 4094 3987 3899 88 107 31 76 117 109 98
is_linear=0
shrinkage=0.03


Tree=179
num_leaves=15
num_cat=0
split_feature=28 28 8 9 6 25 10 9 9 28 9 28 9 20
split_gain=4.7879 23.6399 17.4351 19.9629 16.3257 13.7624 13.423 12.1551 18.8932 16.1153 12.1336 23.6504 11.9441 11.5869
threshold=0.0002547272732912663 1.4170998511437606e-05 -0.0055093500699358589 0.93640340835953462 127395.00000000001 -0.00058869237925120469 0.024398201371177809 1.2893558538668459 1.0860325759310501 1.0000000180025095e-35 1.3550493046018555 0.00068853174954937888 1.6236822974134133 -0.012316837309649727
decision_type=2 2 2 2 2 2 2 2 2 2 2 2 2 2
left_child=1 7 6 -4 5 -2 -3 8 -1 -9 11 -6 -12 -7
right_child=4 2 3 -5 10 13 -8 9 -10 -11 12 -13 -14 -15
leaf_value=0.00042303041295323239 0.02678301458900156 -0.04955451919823213 0.00022635023292862842 0.040762509822447411 -0.037765246239226211 -0.0036418811927287436 0.023922927281033339 -0.0033138540435800486 0.019732065305270399 -0.049411630297638259 0.024445175721267767 0.00014908617797177419 0.0035456558807957627 -0.020458592483904595
leaf_weight=220.16427752748132 8.6548067629337293 5.2034948011860234 16.43712417781353 32.658955300226808 17.220622193999588 72.960050302557647 3.9257449805736542 264.6475645462051 57.522033127490431 7.0059872660785905 29.82768808491528 105.65545581839979 140.70856870245188 74.555876228027046
leaf_count=812 22 37 54 66 74 426 6 1161 179 44 68 313 433 516
internal_value=0.000198897 0.00193563 0.0201122 0.0271912 -0.00214812 -0.00998406 -0.0179578 9.07279e-06 0.00442285 -0.00450272 0.00202261 -0.00516447 0.00720109 -0.0121412
internal_weight=1057.15 607.565 58.2253 49.0961 449.583 156.171 9.12924 549.34 277.686 271.654 293.412 122.876 170.536 147.516
internal_count=4211 2359 163 120 1852 964 43 2196 991 1205 888 387 501 942
is_linear=0
shrinkage=0.03


end of trees

feature_importances:
atr_20d_pct=256
qqq_gap=232
intra_range_pct=209
qqq_intra_ret=205
pm_intra_gain=149
qqq_vwap_dev=118
intra_rvol=107
pm_rvol=94
pm_final_velocity_10m=83
pm_volume=75
intra_dist_to_pm_high=70
intra_high_from_open=63
pm_vwap_dev=56
intra_volume=55
pm_turnover=52
intra_low_from_open=52
intra_range_retention=51
intra_curr_bar_range=51
pm_gap=50
intra_vwap_dev=48
intra_turnover=45
pm_surge_retention=39
alpha_vs_qqq=38
pm_peak_to_open_mins=31
intra_return_from_open=29
intra_curr_bar_ret=9

parameters:
[boosting: gbdt]
[objective: binary]
[metric: binary_logloss]
[tree_learner: serial]
[device_type: cpu]
[data_sample_strategy: bagging]
[data: ]
[valid: ]
[num_iterations: 180]
[learning_rate: 0.03]
[num_leaves: 15]
[num_threads: 15]
[seed: 42]
[deterministic: 0]
[force_col_wise: 0]
[force_row_wise: 0]
[histogram_pool_size: -1]
[max_depth: 4]
[min_data_in_leaf: 15]
[min_sum_hessian_in_leaf: 0.001]
[bagging_fraction: 0.8]
[pos_bagging_fraction: 1]
[neg_bagging_fraction: 1]
[bagging_freq: 0]
[bagging_seed: 400]
[bagging_by_query: 0]
[feature_fraction: 0.8]
[feature_fraction_bynode: 1]
[feature_fraction_seed: 30056]
[extra_trees: 0]
[extra_seed: 12879]
[early_stopping_round: 0]
[early_stopping_min_delta: 0]
[first_metric_only: 0]
[max_delta_step: 0]
[lambda_l1: 0]
[lambda_l2: 0]
[linear_lambda: 0]
[min_gain_to_split: 0]
[drop_rate: 0.1]
[max_drop: 50]
[skip_drop: 0.5]
[xgboost_dart_mode: 0]
[uniform_drop: 0]
[drop_seed: 17869]
[top_rate: 0.2]
[other_rate: 0.1]
[min_data_per_group: 100]
[max_cat_threshold: 32]
[cat_l2: 10]
[cat_smooth: 10]
[max_cat_to_onehot: 4]
[top_k: 20]
[monotone_constraints: ]
[monotone_constraints_method: basic]
[monotone_penalty: 0]
[feature_contri: ]
[forcedsplits_filename: ]
[refit_decay_rate: 0.9]
[cegb_tradeoff: 1]
[cegb_penalty_split: 0]
[cegb_penalty_feature_lazy: ]
[cegb_penalty_feature_coupled: ]
[path_smooth: 0]
[interaction_constraints: ]
[verbosity: -1]
[saved_feature_importance_type: 0]
[use_quantized_grad: 0]
[num_grad_quant_bins: 4]
[quant_train_renew_leaf: 0]
[stochastic_rounding: 1]
[linear_tree: 0]
[max_bin: 255]
[max_bin_by_feature: ]
[min_data_in_bin: 3]
[bin_construct_sample_cnt: 200000]
[data_random_seed: 175]
[is_enable_sparse: 1]
[enable_bundle: 1]
[use_missing: 1]
[zero_as_missing: 0]
[feature_pre_filter: 1]
[pre_partition: 0]
[two_round: 0]
[header: 0]
[label_column: ]
[weight_column: ]
[group_column: ]
[ignore_column: ]
[categorical_feature: ]
[forcedbins_filename: ]
[precise_float_parser: 0]
[parser_config_file: ]
[objective_seed: 16083]
[num_class: 1]
[is_unbalance: 0]
[scale_pos_weight: 5]
[sigmoid: 1]
[boost_from_average: 1]
[reg_sqrt: 0]
[alpha: 0.9]
[fair_c: 1]
[poisson_max_delta_step: 0.7]
[tweedie_variance_power: 1.5]
[lambdarank_truncation_level: 30]
[lambdarank_norm: 1]
[label_gain: ]
[lambdarank_position_bias_regularization: 0]
[eval_at: ]
[multi_error_top_k: 1]
[auc_mu_weights: ]
[num_machines: 1]
[local_listen_port: 12400]
[time_out: 120]
[machine_list_filename: ]
[machines: ]
[gpu_platform_id: -1]
[gpu_device_id: -1]
[gpu_device_id_list: ]
[gpu_use_dp: 0]
[num_gpu: 1]

end of parameters

pandas_categorical:[]
