tree
version=v4
num_class=1
num_tree_per_iteration=1
label_index=0
max_feature_idx=29
objective=binary sigmoid:1
feature_names=pm_gap pm_intra_gain pm_gain pm_surge_retention pm_peak_to_open_mins pm_final_velocity_10m pm_volume pm_turnover pm_vwap_dev pm_rvol intra_return_from_open intra_high_from_open intra_low_from_open intra_range_pct intra_range_retention intra_vwap_dev intra_upbar_ratio intra_curr_bar_ret intra_curr_bar_range intra_breakout_pm_high intra_dist_to_pm_high intra_volume intra_turnover intra_rvol intra_vol_acceleration qqq_gap qqq_intra_ret alpha_vs_qqq qqq_vwap_dev atr_20d_pct
feature_infos=[-0.061484272200206469:0.10594795539033457] [0:0.34499999999999997] none [0:1] [0:325] [-0.049238373759256451:0.34499999999999997] [0:31845058] [0:8569697149.3370008] [-0.092066306955677898:0.048037611719781194] [0:31845058] [-0.32773109243697479:0.12968227041401126] [0:0.15613681170051799] [-0.32773109243697479:0] [0:0.32773109243697479] [0:1] [-0.29580322444711499:0.059219852322568933] [0:1] [-0.033810849344829863:0.036572848576521967] [0:0.044946248176759726] [0:1] [-0.25650557620817843:0.12780793969154156] [282:53123459] [80091.25:15741010620.985998] [0.00564:46488614] [0:4.1986296363968574] [-0.0011859246672332071:0.0012176347095871301] [-0.017206226752996292:0.010118860986802758] [-0.32946905134569821:0.12669706307148429] [-0.0077252916996987794:0.0066496112647262198] [0.0093137254901960592:0.71615304500823007]
tree_sizes=1724 1752 1754 1638 1750 1745 1637 1756 1753 1753 1644 1758 1737 1750 1756 1740 1740 1634 1752 1638 1651 1743 1757 1547 1650 1742 1743 1758 1754 1644 1757 1740 1752 1761 1758 1755 1650 1760 1753 1753 1760 1754 1747 1644 1764 1531 1650 1638 1760 1761 1667 1763 1636 1548 1652 1530 1662 1751 1426 1333 1760 1655 1765 1426 1755 1426 1437 1535 1767 1645 1452 1425 1739 1432 1741 1659 1108 1436 1431 1428 1428 1111 1540 1332 1315 1528 1326 1216 1216 1215 1435 1423 1205 1224 1749 1215 1756 1533 1329 1749 1112 1543 1220 1669 1311 1643 1108 1764 1634 1756 1441 1760 1110 1643 1228 1762 1757 1430 1644 1334 1630 1427 1111 1428 1314 1225 1536 1114 1109 1544 1431 1425 1422 1429 1434 1542 1767 1118 1420 1762 1326 1423 1767 1212 1542 1534 1322 1332 1418 1114 1323 1323 1107 1437 1330 1753 1332 1335 1216 1423 1539 1228 1780 1318 1111 1538 1217 1553 1744 1435 1633 1541 1314 1321 1112 1433 1314 1650 1210 1558

Tree=0
num_leaves=15
num_cat=0
split_feature=29 29 22 25 22 29 29 10 28 14 17 13 20 29
split_gain=445.974 84.3793 41.722 31.9886 27.6702 23.8395 30.5565 22.8936 21.6192 16.659 15.6699 14.1698 11.9517 10.4397
threshold=0.036590279387962693 0.047200015514282039 56074116.500000007 -0.00034703461401847021 214904749.10400006 0.032398442985910422 0.020007434860058581 -0.015878301720012453 -0.0032118460749505869 0.8499009586215801 -0.0067043433937803145 0.01631584540759291 -0.049593640852050418 0.020007434860058581
decision_type=2 2 2 2 2 2 2 2 2 2 2 2 2 2
left_child=2 4 11 12 10 6 -4 -6 -5 -7 -2 -1 -3 -13
right_child=1 3 5 8 7 9 -8 -9 -10 -11 -12 13 -14 -15
leaf_value=-0.66372842157110601 -0.59810930867742917 -0.61667736667596462 -0.61439882758451347 -0.62648110155946068 -0.63681962846438145 -0.6117689136374278 -0.64364163135927543 -0.59845353714500771 -0.59588208731940928 -0.65762535238906961 -0.62684186932923736 -0.61270144746641331 -0.57397776907622045 -0.64826269286745541
leaf_weight=60.746293902397156 19.646017670631409 6.384157955646514 40.4642014503479 21.671248555183411 16.219930708408356 60.843088924884796 156.69374173879623 102.17524695396423 505.91952466964722 8.0764596462249738 130.93373966217041 8.5700034499168378 77.733133792877197 55.842767357826233
leaf_count=254 62 22 138 78 61 205 606 323 1579 33 472 29 216 220
internal_value=-0.612397 -0.600557 -0.63905 -0.5944 -0.614561 -0.632331 -0.63764 -0.60371 -0.597139 -0.617143 -0.623093 -0.653334 -0.577218 -0.643531
internal_weight=1271.92 880.683 391.237 611.708 268.975 266.077 197.158 118.395 527.591 68.9195 150.58 125.159 84.1173 64.4128
internal_count=4298 2813 1485 1895 918 982 744 384 1657 238 534 503 238 249
is_linear=0
shrinkage=1


Tree=1
num_leaves=15
num_cat=0
split_feature=29 29 22 25 22 26 26 10 17 28 13 13 20 29
split_gain=413.807 77.3018 39.5911 28.9671 25.5887 24.8528 35.284 21.1581 21.0159 14.606 13.6008 13.5166 10.9699 9.84269
threshold=0.036590279387962693 0.047200015514282039 56074116.500000007 -0.00034703461401847021 214904749.10400006 0.003136482395854874 0.0025533234176104516 -0.015878301720012453 0.0026928874790004297 -0.0019621318720245699 0.01631584540759291 0.032451936124014751 -0.061780065954145931 0.020007434860058581
decision_type=2 2 2 2 2 2 2 2 2 2 2 2 2 2
left_child=2 4 10 12 9 6 -4 -6 -5 -2 -1 -7 -3 -12
right_child=1 3 5 8 7 11 -8 -9 -10 -11 13 -13 -14 -15
leaf_value=-0.030426419407114484 0.027786879906629799 0.0013702731747067122 -2.1590782630519085e-07 0.038959860450440753 -0.0040310709527416819 -0.027070300861570463 0.035542717123314284 0.032846853104820814 0.026803009764152667 0.0045624582846818902 0.019250657863674907 0.0089281227217999845 0.055146671591390826 -0.015199983208425123
leaf_weight=60.158228874206543 30.553056240081787 3.562413126230239 185.62764424085617 319.85995900630951 16.199268758296967 39.031702548265457 29.074152588844299 103.22383150458336 213.34509867429733 120.46312800049782 8.621779650449751 12.36003467440605 81.93328095972538 55.573722273111343
leaf_count=254 99 13 686 970 61 161 91 323 687 435 29 44 225 220
internal_value=0.0195415 0.0308467 -0.00620329 0.036695 0.0174674 0.000327277 0.00481288 0.0278445 0.0340957 0.00926114 -0.0201775 -0.0184125 0.0529059 -0.0105731
internal_weight=1279.59 889.14 390.447 618.701 270.439 266.094 214.702 119.423 533.205 151.016 124.354 51.3917 85.4957 64.1955
internal_count=4298 2813 1485 1895 918 982 777 384 1657 534 503 205 238 249
is_linear=0
shrinkage=0.03


Tree=2
num_leaves=15
num_cat=0
split_feature=29 29 23 29 25 22 22 28 14 13 17 20 28 0
split_gain=384.441 71.0196 48.6196 34.5983 26.3954 23.7031 22.5931 20.3479 19.3661 19.1767 14.2678 10.0662 8.62998 7.03891
threshold=0.036590279387962693 0.047200015514282039 19.419412342220259 0.032632015489152948 -0.00034703461401847021 214904749.10400006 290391082.59200007 0.0038532421834644756 0.21956918167313136 0.015667042351008516 -0.0067043433937803145 -0.049593640852050418 0.0021682424689025621 -0.00046831323123524996
decision_type=2 2 2 2 2 2 2 2 2 2 2 2 2 2
left_child=2 5 3 9 11 10 -5 -6 -7 -1 -2 -3 13 -4
right_child=1 4 12 6 7 8 -8 -9 -10 -11 -12 -13 -14 -15
leaf_value=-0.023730817983815735 0.03261135967121833 0.014565272276018969 -0.0042601726098953985 -0.00040475266277782202 0.033977074857725657 0.0021872530480070581 0.035220880165609592 0.0050016117219560544 0.032678174244868387 -0.0075209408473264332 0.0053728879571266295 0.053486578679295849 0.073023368298352639 0.044267421501183617
leaf_weight=104.41291236877441 19.930627554655075 6.4619782716035834 4.0275426059961328 69.548507615923882 515.58106994628906 23.231153503060341 20.816350013017654 22.775897800922394 97.136006072163582 177.08011816442013 131.50156500935555 80.251750588417053 5.6570342481136313 8.1010178923606873
leaf_count=431 62 22 15 258 1577 84 65 80 300 678 472 216 14 24
internal_value=0.0188493 0.0296586 -0.00603127 -0.00834887 0.0352254 0.0168564 0.00780193 0.0327512 0.0267934 -0.0135336 0.00895786 0.0505861 0.0424247 0.0281528
internal_weight=1286.51 896.87 389.643 371.858 625.071 271.799 90.3649 538.357 120.367 281.493 151.432 86.7137 17.7856 12.1286
internal_count=4298 2813 1485 1432 1895 918 323 1657 384 1109 534 238 53 39
is_linear=0
shrinkage=0.03


Tree=3
num_leaves=14
num_cat=0
split_feature=29 29 23 29 25 22 22 28 10 22 28 27 25
split_gain=357.57 65.4209 45.3848 32.7013 24.1893 21.985 20.9886 19.7699 18.7925 18.6425 13.3407 10.1913 8.04907
threshold=0.036590279387962693 0.047200015514282039 19.419412342220259 0.032632015489152948 -0.00034703461401847021 214904749.10400006 290391082.59200007 -0.0032118460749505869 -0.015878301720012453 39021685.460500009 -0.0019621318720245699 -0.026659499587233258 0.00023942909229000692
decision_type=2 2 2 2 2 2 2 2 2 2 2 2 2
left_child=2 5 3 9 11 10 -5 -6 -7 -1 -2 -3 -4
right_child=1 4 12 6 7 8 -8 -9 -10 -11 -12 -13 -14
leaf_value=-0.026290461755656729 0.02625371443901928 0.01251046149898891 0.016011797202696694 -0.00039265963261775371 0.0037387295045209828 -0.0042397292533813569 0.033809947730444503 0.032668862732449205 0.030442651559718096 -0.0086177962280660613 0.0041695343167267983 0.05136780966526068 0.056995287806480818
leaf_weight=72.448647573590279 30.912313491106033 6.5658198893070212 7.1697390824556377 69.539839148521423 22.163663268089294 16.234605923295021 21.031111016869545 520.91258351504803 105.00706262886524 207.8199213296175 120.91134276986122 81.216641426086426 10.8240410387516
leaf_count=305 99 22 24 258 78 61 65 1579 323 804 435 216 29
internal_value=0.0181921 0.0285401 -0.00586417 -0.00812185 0.03385 0.0162729 0.00754939 0.0314882 0.0257986 -0.0131861 0.00866602 0.0484614 0.0406651
internal_weight=1292.76 903.924 388.833 370.84 630.859 273.065 90.571 543.076 121.242 280.269 151.824 87.7825 17.9938
internal_count=4298 2813 1485 1432 1895 918 323 1657 384 1109 534 238 53
is_linear=0
shrinkage=0.03


Tree=4
num_leaves=15
num_cat=0
split_feature=29 29 23 29 7 28 28 22 25 13 25 17 28 0
split_gain=332.922 60.405 42.4075 30.9082 24.1065 22.4759 28.6207 20.4222 18.5844 18.172 17.9975 13.0272 7.4667 6.49425
threshold=0.036590279387962693 0.047200015514282039 19.419412342220259 0.032632015489152948 2388579.3845000006 -0.0032118460749505869 -0.0019621318720245699 214904749.10400006 -0.00022945147468294975 0.015667042351008516 0.00030295460938608334 -0.0067043433937803145 0.0021682424689025621 -0.00046831323123524996
decision_type=2 2 2 2 2 2 2 2 2 2 2 2 2 2
left_child=2 7 3 9 -5 10 -7 11 -9 -1 -3 -2 13 -4
right_child=1 5 12 4 -6 6 -8 8 -10 -11 -12 -13 -14 -15
leaf_value=-0.022852707492925489 0.030832954611464323 0.028379627949799723 -0.0052390848305082184 -0.026985926170847954 0.014277455647071668 0.049916163000873981 0.031137593933661625 0.046561611075761483 0.01854325788489514 -0.0069897061653137046 -0.020380688836107212 0.0049531101094980002 0.066970847663666511 0.041058294638636972
leaf_weight=103.04469493031502 20.181310415267944 14.841889798641207 4.0671470165252694 15.332509040832518 75.426878273487091 84.883966088294983 523.78615202009678 27.50554633140564 94.53286024928093 176.01087979972363 12.593292474746702 132.01569993793964 5.8412562906742087 8.2745256423950195
leaf_count=431 62 46 15 64 259 229 1571 77 307 678 49 472 14 24
internal_value=0.0175675 0.0274852 -0.00570196 -0.00790117 0.00730659 0.0325592 0.0337564 0.0157156 0.0248582 -0.0128473 0.00599768 0.00838478 0.0390269 0.0258012
internal_weight=1298.34 910.341 387.998 369.815 90.7594 636.105 608.67 274.235 122.038 279.056 27.4352 152.197 18.1829 12.3417
internal_count=4298 2813 1485 1432 323 1895 1800 918 384 1109 95 534 53 39
is_linear=0
shrinkage=0.03


Tree=5
num_leaves=15
num_cat=0
split_feature=18 18 7 5 17 25 25 9 25 25 20 28 15 4
split_gain=197.855 67.9272 43.406 29.4689 28.7794 27.8769 24.9854 27.4213 19.9505 18.9235 16.1711 11.8099 10.1645 7.80401
threshold=0.0057884942021269896 0.010445458304224333 2388579.3845000006 -0.024009992412637991 0.0071658434963870104 -0.001013258929688022 -9.5779806604573002e-05 1.760162796231419 -0.00019756117001413972 -0.00034703461401847021 -0.0036606269680067569 0.002319594087240156 0.0074920385652347318 147.50000000000003
decision_type=2 2 2 2 2 2 2 2 2 2 2 2 2 2
left_child=6 2 9 -3 -5 -4 7 8 -1 -2 -9 12 -8 -13
right_child=1 3 5 4 -6 -7 11 10 -10 -11 -12 13 -14 -15
leaf_value=0.010373781605556102 0.027716970280590857 -0.024098203694066636 0.067200655322057878 0.033167712287592514 0.018802882312800452 0.015632831182073838 -0.013491631452698945 -0.032677181527320825 0.061145262542034978 -0.017604548367503341 0.016584810260646402 -0.038763175708380414 0.018978950645573985 -0.011906950879680992
leaf_weight=26.225733712315559 9.8912244439125043 9.4667345881462079 9.6765834093093854 457.6508274525404 172.96245631575584 377.46097528934479 100.17039458453655 17.954640209674839 9.4847165048122388 51.268422707915306 9.00536100566387 27.592372223734856 9.4994149059057218 15.049269035458563
leaf_count=94 32 37 23 1358 553 1255 396 77 26 203 31 122 32 59
internal_value=0.016972 0.0221669 0.0132114 0.0284391 0.0292278 0.0169218 -0.00932768 0.00661637 0.0238587 -0.0102748 -0.0162224 -0.0158881 -0.0106791 -0.029285
internal_weight=1303.36 1088.38 448.297 640.08 630.613 387.138 214.982 62.6705 35.7105 61.1596 26.96 152.311 109.67 42.6416
internal_count=4298 3461 1513 1948 1911 1278 837 228 120 235 108 609 428 181
is_linear=0
shrinkage=0.03


Tree=6
num_leaves=14
num_cat=0
split_feature=29 29 23 29 7 25 13 25 1 21 25 4 25
split_gain=297.531 53.9538 38.6109 29.0998 31.1115 21.5257 19.0606 18.6995 18.4761 21.1995 15.8317 9.72112 7.13365
threshold=0.036590279387962693 0.047200015514282039 19.419412342220259 0.028908263013382379 1573517.6110000003 -0.00034703461401847021 0.016166351240562721 0.00091992996561157724 0.028278161743014851 3319587.5000000005 -0.00066367208651680395 322.50000000000006 0.00023942909229000692
decision_type=2 2 2 2 2 2 2 2 2 2 2 2 2
left_child=2 8 3 6 -5 11 -1 -7 10 -10 -2 -3 -4
right_child=1 5 12 4 -6 7 -8 -9 9 -11 -12 -13 -14
leaf_value=-0.027320949908294666 0.056962869408182751 0.037544852518458079 0.013665395136827912 -0.028562724315582041 0.0056299621240832268 0.027190033288355241 -0.0077211913924090667 0.057455065376103905 0.015724614210470923 0.04302273550027353 0.0043358080810773688 0.059012179743871782 0.051828176761113488
leaf_weight=79.781581148505211 5.3625747561454764 62.546556428074837 7.2978819161653545 28.176213994622231 159.65278297662735 535.48471137881279 101.42652830481529 19.026255175471306 111.38144719600677 33.24606092274189 126.56427527964115 27.258364498615265 11.133725464344023
leaf_count=344 14 172 24 121 576 1609 391 48 368 93 443 66 29
internal_value=0.0163978 0.0256777 -0.00565729 -0.00777372 0.00050072 0.0304352 -0.0163505 0.0282285 0.0145939 0.0219997 0.006475 0.0440608 0.0367179
internal_weight=1308.34 920.87 387.469 369.037 187.829 644.316 181.208 554.511 276.554 144.628 131.927 89.8049 18.4316
internal_count=4298 2813 1485 1432 697 1895 735 1657 918 461 457 238 53
is_linear=0
shrinkage=0.03


Tree=7
num_leaves=15
num_cat=0
split_feature=29 29 25 23 29 21 28 5 23 28 20 13 28 17
split_gain=277.698 50.6622 36.8792 36.1643 27.6077 23.5044 21.0439 20.8375 20.497 19.5646 19.5491 18.283 6.68601 6.09699
threshold=0.036590279387962693 0.055212660069268012 -0.00024191820897113229 19.419412342220259 0.028908263013382379 100913.50000000001 0.0038532421834644756 -0.0055845662628890265 0.92031534833985107 -0.0032118460749505869 -0.020411911149324381 0.016166351240562721 0.0021682424689025621 -0.0027230874980567147
decision_type=2 2 2 2 2 2 2 2 2 2 2 2 2 2
left_child=3 2 7 4 11 -4 9 -2 -8 -3 -6 -1 13 -5
right_child=1 6 5 12 10 -7 8 -9 -10 -11 -12 -13 -14 -15
leaf_value=-0.026767506673087763 0.0074866704570355821 0.0043592731612751351 -0.014447298389596927 0.042144760616670218 0.013604680509386942 0.015445214542342251 -0.040940852326143959 0.040360726067932173 0.026875546586196453 0.034553613679386988 -0.0066551112241220152 -0.0075082582427645301 0.061435633150755939 0.00023209839437429657
leaf_weight=79.000125527381897 21.916072517633438 20.24833707511425 25.445535734295845 6.8120475262403497 66.192599847912788 339.97904002666473 6.8693595677614239 83.350882709026337 9.6399773210287076 418.3774194419384 121.6274531185627 101.17771458625793 5.9890199452638617 5.7691544741392145
leaf_count=344 73 69 96 19 230 1100 28 232 29 1186 467 391 14 20
internal_value=0.0158545 0.0247716 0.0178707 -0.00550188 -0.00756314 0.0133637 0.0319082 0.0335165 -0.00134214 0.0331597 0.000484959 -0.0159526 0.0353453 0.0229256
internal_weight=1312.39 925.827 470.692 386.568 367.998 365.425 455.135 105.267 16.5093 438.626 187.82 180.178 18.5702 12.5812
internal_count=4298 2813 1501 1485 1432 1196 1312 305 57 1255 697 735 53 39
is_linear=0
shrinkage=0.03


Tree=8
num_leaves=15
num_cat=0
split_feature=29 29 7 26 26 28 28 25 22 10 13 28 22 29
split_gain=259.354 47.6027 32.4252 30.0177 31.0489 20.3873 36.2663 23.3768 17.1663 17.1911 12.3914 12.0986 5.82815 8.13732
threshold=0.036590279387962693 0.047200015514282039 1256380.5090000003 0.003136482395854874 0.0026077997095729668 -0.0027696511046732589 -0.0019621318720245699 0.00030295460938608334 214904749.10400006 -0.015878301720012453 0.032451936124014751 -0.0019621318720245699 58158477.242500007 0.020007434860058581
decision_type=2 2 2 2 2 2 2 2 2 2 2 2 2 2
left_child=2 8 12 4 -4 7 -7 -3 11 -10 -5 -2 13 -1
right_child=1 5 3 10 -6 6 -8 -9 9 -11 -12 -13 -14 -15
leaf_value=-0.0068086788138732356 0.023413603111445667 0.030931125274675696 -0.0005828576842916909 -0.02579755422758789 0.032864249109209008 0.049422737703690447 0.027011348829775527 -0.0142383100107644 -0.0065845831369847592 0.026193765964554375 0.0071747289549380089 0.0025801766691469861 0.0029324176412329319 -0.034641531410417453
leaf_weight=12.134067520499228 31.538328945636749 20.256766259670258 230.17392686009407 53.999617129564285 28.01948906481266 73.940843373537064 536.47774550318718 21.004291445016861 16.618754237890244 107.87452599406242 12.663728699088095 122.65118713676929 5.8796450346708289 42.800125181674957
leaf_count=49 99 59 861 230 86 188 1571 77 61 323 45 435 22 192
internal_value=0.0153343 0.0239089 -0.00535057 -0.00158691 0.00304687 0.0283465 0.0297261 0.00793724 0.0135319 0.0218181 -0.019534 0.0068415 -0.0254553 -0.0284937
internal_weight=1316.03 930.362 385.671 324.857 258.193 651.68 610.419 41.2611 278.683 124.493 66.6633 154.19 60.8138 54.9342
internal_count=4298 2813 1485 1222 947 1895 1759 136 918 384 275 534 263 241
is_linear=0
shrinkage=0.03


Tree=9
num_leaves=15
num_cat=0
split_feature=29 29 25 21 7 26 26 28 15 18 6 15 22 29
split_gain=242.434 44.9696 34.1101 31.0436 30.8892 28.4323 28.9456 19.4405 18.1484 16.9125 12.5498 12.3207 5.59086 7.86412
threshold=0.036590279387962693 0.055212660069268012 -0.00014680805425697666 100913.50000000001 1256380.5090000003 0.003136482395854874 0.0026077997095729668 0.0038532421834644756 -0.014423459808769534 0.0076269968502078291 561352.00000000012 0.0016670691502761253 58158477.242500007 0.020007434860058581
decision_type=2 2 2 2 2 2 2 2 2 2 2 2 2 2
left_child=4 2 9 -4 12 6 -6 8 -3 -2 -9 -7 13 -1
right_child=1 7 3 -5 5 11 -8 10 -10 -11 -12 -13 -14 -15
leaf_value=-0.0066210948418292358 0.046719513549347731 0.013098613920027641 -0.021574392662381207 0.014031889577818936 -0.00056547706457747335 -0.033150488666431589 0.031609423224878856 0.019821570523567079 0.03302695739161577 0.02286199439351624 -0.033145453720628854 -0.007176401564019174 0.0028416519838286814 -0.034048691596788479
leaf_weight=12.103969097137449 36.851238712668419 45.873138785362244 23.688002705574036 316.27845788002014 230.13189005851746 30.346579536795616 28.254157692193985 9.7244864106178301 397.59904301166534 97.488013908267021 6.8702711462974539 35.856403708457947 5.8853368908166876 42.247378900647163
leaf_count=49 99 144 92 1017 861 134 86 30 1111 293 27 141 22 192
internal_value=0.0148367 0.0230901 0.0166082 0.0115509 -0.00520299 -0.00154152 0.0029528 0.0297726 0.0309656 0.0294065 -0.00210691 -0.0190826 -0.0249331 -0.0279406
internal_weight=1319.2 934.373 474.306 339.966 384.826 324.589 258.386 460.067 443.472 134.339 16.5948 66.203 60.2367 54.3513
internal_count=4298 2813 1501 1109 1485 1222 947 1312 1255 392 57 275 263 241
is_linear=0
shrinkage=0.03


Tree=10
num_leaves=14
num_cat=0
split_feature=29 29 23 29 25 25 22 26 1 21 28 25 25
split_gain=226.715 42.3971 31.9342 26.5656 19.0035 18.2838 18.2354 18.2278 16.486 18.8498 18.7946 10.2454 6.17162
threshold=0.036590279387962693 0.047200015514282039 19.419412342220259 0.032632015489152948 -9.5779806604573002e-05 0.00091992996561157724 290391082.59200007 0.003136482395854874 0.028278161743014851 3319587.5000000005 -0.0026086883198255697 -0.001013258929688022 0.00023942909229000692
decision_type=2 2 2 2 2 2 2 2 2 2 2 2 2
left_child=2 8 3 7 11 -6 -5 -1 10 -10 -2 -3 -4
right_child=1 4 12 6 5 -7 -8 -9 9 -11 -12 -13 -14
leaf_value=-0.0076252045580370168 0.032833737884075329 0.056926955700254855 0.011777145440265589 -0.00042050949892272237 0.021726615559819119 0.051391745687396941 0.03125279869157014 -0.02643567373461693 0.013586114016119649 0.039076314021868265 0.00037174519391121617 0.032051954786353198 0.046992954924929026
leaf_weight=215.26323795318604 18.660279914736748 16.163264468312263 7.3915345668792751 69.45797872543335 430.90632784366608 19.547110244631767 21.399838641285896 59.090618446469307 113.07651236653328 33.948706328868866 114.83250072598457 190.96320968866348 11.365991815924643
leaf_count=849 55 37 24 258 1282 48 65 260 368 93 402 528 29
internal_value=0.0143586 0.0223066 -0.00505967 -0.00702039 0.0264722 0.0230139 0.00703954 -0.0116766 0.0125419 0.0194719 0.00490944 0.0339931 0.0331159
internal_weight=1322.07 938.098 383.969 365.212 657.58 450.453 90.8578 274.354 280.518 147.025 133.493 207.126 18.7575
internal_count=4298 2813 1485 1432 1895 1330 323 1109 918 461 457 565 53
is_linear=0
shrinkage=0.03


Tree=11
num_leaves=15
num_cat=0
split_feature=29 29 25 23 29 4 5 12 28 23 13 28 0 13
split_gain=212.148 40.1026 31.4147 29.9662 25.5111 24.1622 18.9766 18.0979 17.8927 19.0138 16.9998 16.7199 5.76179 3.73098
threshold=0.036590279387962693 0.055212660069268012 -0.00024191820897113229 19.419412342220259 0.028908263013382379 52.500000000000007 -0.0055845662628890265 -0.0030929592305480968 0.0038532421834644756 0.92031534833985107 0.016166351240562721 -0.0032118460749505869 -0.00046831323123524996 0.037963730754532583
decision_type=2 2 2 2 2 2 2 2 2 2 2 2 2 2
left_child=3 2 6 4 10 -4 -2 -6 11 -10 -1 -3 -5 -14
right_child=1 8 5 12 7 -7 -8 -9 9 -11 -12 -13 13 -15
leaf_value=-0.025562263492888135 0.0050817656273371148 0.0025154747976242134 -0.0017797824685727448 0.0071889902475251195 0.0054542091670082985 0.015800922957357601 0.036212157534646426 -0.018283343844946995 -0.040951912826844634 0.024161419297943163 -0.0068315808282665997 0.030249436396839198 0.025266372495910717 0.057560673201927016
leaf_weight=77.147985339164734 22.234683692455292 20.503538936376572 94.461676433682442 5.8340324014425304 151.00652696192265 275.71366068720818 84.978861764073372 35.750303387641907 6.8684601783752468 9.7880384027957898 100.31298086047173 426.8249763250351 5.8410186469554883 7.1743272393941879
leaf_count=344 73 69 326 19 551 870 232 146 28 29 391 1186 17 17
internal_value=0.0139015 0.0215607 0.0154563 -0.00492056 -0.0068294 0.0113147 0.0297561 0.0009102 0.0278414 -0.00268866 -0.0149744 0.0289782 0.0319629 0.0430677
internal_weight=1324.44 941.374 477.389 383.067 364.218 370.175 107.214 186.757 463.985 16.6565 177.461 447.329 18.8494 13.0153
internal_count=4298 2813 1501 1485 1432 1196 305 697 1312 57 735 1255 53 34
is_linear=0
shrinkage=0.03


Tree=12
num_leaves=15
num_cat=0
split_feature=29 29 7 23 29 28 28 22 21 20 1 23 18 8
split_gain=198.619 37.8354 28.6711 23.0749 25.3947 17.4921 33.0456 18.4965 15.3748 12.8961 12.697 11.1225 7.50637 5.54026
threshold=0.036590279387962693 0.047200015514282039 1256380.5090000003 19.419412342220259 0.028908263013382379 -0.0027696511046732589 -0.0019621318720245699 421727029.97900003 137085.00000000003 -0.059204752111761662 0.031969128422192343 2.9804004693602688 0.0025433154428583628 0.0059734567486824609
decision_type=2 2 2 2 2 2 2 2 2 2 2 2 2 2
left_child=2 8 11 4 -4 7 -7 -3 10 -10 -2 12 -1 -5
right_child=1 5 3 13 -6 6 -8 -9 9 -11 -12 -13 -14 -15
leaf_value=0.0029723993198794083 -0.02012486492116702 0.02181666727266016 -0.01269720288497044 0.04269790616245047 0.0047022079327524984 0.044670148412462717 0.023459706895566687 -0.019195854980787994 -0.017836697985982499 0.015731413262691389 0.018133014423915739 0.016408681546213704 -0.032225553689963909 0.0086064095522335841
leaf_weight=6.1614928990602484 22.847095564007759 25.61133836209774 139.33543929457664 12.361255854368212 164.77063928544521 75.229889020323753 545.23077149689198 16.129873931407928 10.768961563706396 236.64138813316822 11.860182821750639 5.557534545660018 47.424757108092308 6.5707422196865073
leaf_count=25 89 77 571 32 598 188 1571 59 40 751 38 20 218 21
internal_value=0.0134622 0.0208473 -0.0047852 -0.00126931 -0.00326986 0.0247668 0.0260314 0.00596838 0.0116472 0.0142703 -0.00705137 -0.0239887 -0.0281784 0.0308657
internal_weight=1326.5 944.32 382.182 323.038 304.106 662.202 620.461 41.7412 282.118 247.41 34.7073 59.1438 53.5863 18.932
internal_count=4298 2813 1485 1222 1169 1895 1759 136 918 791 127 263 243 53
is_linear=0
shrinkage=0.03


Tree=13
num_leaves=15
num_cat=0
split_feature=29 29 22 26 26 25 17 1 4 22 28 7 25 25
split_gain=186.683 50.5974 27.2159 22.0935 33.7093 18.6984 20.8705 17.1985 16.4851 16.4138 13.2388 11.0759 8.98814 4.37471
threshold=0.032632015489152948 0.046161477429879576 226788365.76150003 0.003136482395854874 0.0026077997095729668 -0.00034703461401847021 0.0016155126770076732 0.016635613698373696 152.50000000000003 39021685.460500009 0.0021682424689025621 557233593.10700011 -0.00044161127236986788 -0.00034703461401847021
decision_type=2 2 2 2 2 2 2 2 2 2 2 2 2 2
left_child=3 2 8 4 9 12 -7 -4 -2 -1 -6 13 -3 -5
right_child=1 5 7 11 10 6 -8 -9 -10 -11 -12 -13 -14 -15
leaf_value=-0.024160340582808124 -0.006376772173706787 0.028556802389039335 -0.049979738759632034 -0.0045107506266115031 0.010370346740281443 0.026653008748224603 0.015342898524227424 0.021344633694299134 0.010650181938101157 -0.0036776408909072792 0.053658170262956217 0.015001707360469638 0.047486125795130375 -0.032062068655957197
leaf_weight=45.12382672727108 96.341967508196831 56.634188428521156 3.1112102270126334 5.8321422636508933 15.775305151939392 336.60314518213272 260.46316839754581 138.13293859362602 109.15818113088608 160.28212207555771 10.652106434106827 5.701829105615615 37.540165856480598 46.882039740681648
leaf_count=202 355 153 13 24 55 953 784 419 369 617 27 21 90 216
internal_value=0.0130401 0.0189875 0.00963564 -0.0082288 -0.00407404 0.0236787 0.0217191 0.0197736 0.00266766 -0.00817731 0.0278184 -0.0247176 0.0361025 -0.0290139
internal_weight=1328.23 1037.98 346.744 290.249 231.833 691.241 597.066 141.244 205.5 205.406 26.4274 58.416 94.1744 52.7142
internal_count=4298 3136 1156 1162 901 1980 1737 432 724 819 82 261 243 240
is_linear=0
shrinkage=0.03


Tree=14
num_leaves=15
num_cat=0
split_feature=29 29 15 6 8 28 28 1 29 27 1 26 26 25
split_gain=175.055 47.4639 24.5349 23.1255 19.8426 16.9397 18.2028 16.5637 14.8026 16.5643 14.6772 14.6412 13.9053 9.93552
threshold=0.032632015489152948 0.047200015514282039 0.007354431491196264 306097.50000000006 0.020220809923638183 0.0038532421834644756 -0.0027696511046732589 0.018567187549842077 0.020007434860058581 0.017965197876737286 0.020474667162901666 0.003136482395854874 0.0054778814484823272 0.00023942909229000692
decision_type=2 2 2 2 2 2 2 2 2 2 2 2 2 2
left_child=2 3 4 10 11 6 -3 -5 13 -10 -2 -1 -7 -4
right_child=1 5 8 7 -6 12 -8 -9 9 -11 -12 -13 -14 -15
leaf_value=-0.0092702906125486737 -0.014713792499767965 0.0049994784182226422 0.0033312166403384373 -0.049116363549012033 0.043875676941837388 -0.050297338031273078 0.025437319666879833 0.024331418307995328 0.023114595437900617 -0.022126831854203353 0.0077416478004715813 -0.027603982297848287 0.009137337707765928 0.053567917022579535
leaf_weight=189.33683460950851 29.321107909083366 41.963118806481361 5.4465530663728705 2.8447925746440879 5.6378115415573111 4.3266404867172268 600.05912256240845 96.580337718129158 14.130693301558496 15.031373068690298 245.81562693417072 49.439854651689529 19.55503037571907 10.138759255409239
leaf_count=760 112 136 19 12 17 18 1679 286 49 63 831 228 62 26
internal_value=0.0126346 0.0183731 -0.00801384 0.00982963 -0.0117529 0.0231786 0.0241015 0.0222299 0.0124093 -0.000204766 0.00534859 -0.0130664 -0.00163044 0.0360118
internal_weight=1329.63 1040.47 289.162 374.562 244.415 665.904 642.022 99.4251 44.7474 29.1621 275.137 238.777 23.8817 15.5853
internal_count=4298 3136 1162 1241 1005 1895 1815 298 157 112 943 988 80 45
is_linear=0
shrinkage=0.03


Tree=15
num_leaves=15
num_cat=0
split_feature=29 29 23 22 3 26 22 27 4 6 20 10 8 9
split_gain=164.213 44.5631 31.8482 24.5224 19.6049 16.2222 17.3177 16.0442 15.3971 15.0361 15.6064 9.80528 7.12522 6.31937
threshold=0.032632015489152948 0.046161477429879576 5.5999527103497408 226788365.76150003 0.2311593868834316 0.003136482395854874 27027822.533500005 -0.014173563093048328 152.50000000000003 3257.0000000000005 -0.064684535586516476 0.003133800131995088 0.0059734567486824609 3.0848836145993803
decision_type=2 2 2 2 2 2 2 2 2 2 2 2 2 2
left_child=2 3 5 8 -4 6 -1 -5 -2 11 -11 -3 -6 -7
right_child=1 9 4 7 12 13 -8 -9 -10 10 -12 -13 -14 -15
leaf_value=-0.028139162114800699 -0.0063456039242480071 0.010743373480243016 -0.026185578088067374 -0.0057803315599597848 0.035344817131326825 -0.018375967275318719 -0.0038680503678331086 0.022774624455472261 0.010095240697548127 0.0036022689830782755 0.023756843905579483 -0.052114933412997312 0.0069046871909897185 -0.039483710050418633
leaf_weight=31.726481333374977 96.305650129914284 5.2357951551675779 8.0927644670009595 20.734758883714676 23.134797930717468 32.973993122577667 159.32204878330231 121.36351196467876 109.62100070714951 36.5237947255373 648.97825820744038 3.8949324786663055 12.061808362603186 20.828958809375763
leaf_count=147 355 16 33 73 68 148 624 359 369 116 1832 16 41 101
internal_value=0.0122437 0.0177836 -0.00780275 0.00902144 0.0159176 -0.0119965 -0.00789863 0.0186079 0.00240636 0.0221736 0.022683 -0.0160704 0.0255984 -0.0265475
internal_weight=1330.8 1042.66 288.141 348.025 43.2894 244.851 191.049 142.098 205.927 694.633 685.502 9.13073 35.1966 53.803
internal_count=4298 3136 1162 1156 142 1020 771 432 724 1980 1948 32 109 249
is_linear=0
shrinkage=0.03


Tree=16
num_leaves=15
num_cat=0
split_feature=29 29 23 7 17 4 3 28 23 26 22 15 17 9
split_gain=154.086 42.0025 30.0432 25.3394 27.3283 18.6179 18.3966 15.6491 17.4358 15.5803 16.5801 15.4375 6.77771 6.17241
threshold=0.032632015489152948 0.055212660069268012 5.5999527103497408 1362342.2310000001 0.0071658434963870104 307.50000000000006 0.2311593868834316 0.0038532421834644756 0.92031534833985107 0.003136482395854874 27027822.533500005 -0.014423459808769534 -0.0032897064190119795 3.0848836145993803
decision_type=2 2 2 2 2 2 2 2 2 2 2 2 2 2
left_child=2 3 9 5 -5 -2 -4 11 -9 10 -1 -3 -8 -11
right_child=1 7 6 4 -6 -7 12 8 -10 13 -12 -13 -14 -15
leaf_value=-0.027626499270328505 -0.029813307727230912 0.0085989505283906812 -0.025595631811542344 0.015868778792610876 -0.0049643162727941326 0.015316895467522898 0.046670566135055096 -0.041232621898710207 0.020881153445864421 -0.017965422430060919 -0.0037571140943257171 0.026802173168644017 0.016851328298517598 -0.038966966196122416
leaf_weight=31.35148511826992 21.970095112919807 46.753711253404617 8.0318433046340925 475.19042351841927 64.342519134283066 13.151734322309492 9.3095276802778226 6.88576711714268 9.9369280338287336 32.719584450125694 159.10885383188725 406.37904798984528 26.073669359087944 20.477344289422035
leaf_count=147 90 144 33 1471 220 43 25 28 29 148 624 1111 84 101
internal_value=0.0118675 0.0172171 -0.0075988 0.011777 0.0133843 -0.0129138 0.0153927 0.0238692 -0.00454289 -0.0116955 -0.00768623 0.024924 0.0246969 -0.0260496
internal_weight=1331.68 1044.61 287.072 574.655 539.533 35.1218 43.415 469.955 16.8227 243.657 190.46 453.133 35.3832 53.1969
internal_count=4298 3136 1162 1824 1691 133 142 1312 57 1020 771 1255 109 249
is_linear=0
shrinkage=0.03


Tree=17
num_leaves=14
num_cat=0
split_feature=29 29 23 18 1 3 26 26 13 29 27 22 13
split_gain=145.762 30.2665 28.3444 25.9411 17.7792 17.2706 14.9662 14.9341 14.8374 14.5797 8.43853 5.23329 2.109
threshold=0.042238464618594575 0.032632015489152948 5.5999527103497408 0.0047442500191783882 0.016635613698373696 0.2311593868834316 0.003136482395854874 0.010102345364990703 0.020088987805266377 0.056201749382250719 0.019214340810344555 54284724.273000009 0.018491275443627182
decision_type=2 2 2 2 2 2 2 2 2 2 2 2 2
left_child=1 2 6 12 11 -4 -1 9 -6 -5 -9 -3 -2
right_child=3 4 5 7 8 -7 -8 10 -10 -11 -12 -13 -14
leaf_value=-0.0074793444197266187 -0.019623813534029352 -0.0035340369615663586 -0.025022083910097609 0.01586566432836526 -0.0021079108104968894 0.023838195769198732 -0.02556387838725321 0.0085148932752404892 0.014219304568628967 0.024063543705637933 -0.0504311572304698 -0.047067600259369263 -0.050918561046381254
leaf_weight=189.8789885789156 3.9135477542877188 3.9623822420835477 7.970406085252761 349.14470043778419 74.578947946429253 35.554719239473343 52.592251867055893 4.7036387473344785 152.57162737846375 442.95827037096024 4.0831659287214279 6.6666064709424973 3.8395488709211349
leaf_count=771 15 15 33 1047 266 109 249 15 489 1227 17 29 16
internal_value=0.0115042 -0.000824849 -0.00740047 0.0194899 0.00708418 0.0148908 -0.0114019 0.0200186 0.00885869 0.0204501 -0.0188769 -0.0308387 -0.0351218
internal_weight=1332.42 523.776 285.996 808.643 237.78 43.5251 242.471 800.89 227.151 792.103 8.7868 10.629 7.7531
internal_count=4298 1961 1162 2337 799 142 1020 2306 755 2274 32 44 31
is_linear=0
shrinkage=0.03


Tree=18
num_leaves=15
num_cat=0
split_feature=29 29 23 11 26 14 25 1 25 25 26 26 1 6
split_gain=136.736 28.5218 27.0031 21.5674 21.8178 21.3332 26.989 16.8304 15.5305 15.2792 15.2067 7.97905 4.59336 2.53932
threshold=0.042238464618594575 0.032632015489152948 15.673500000000002 0.036190772914008913 0.0090028308243935724 0.87595208195001817 -0.000152581626249253 0.016004833213697962 -0.00034703461401847021 0.00091992996561157724 0.003136482395854874 -0.00069289595436857257 0.033756585044232408 10639.000000000002
decision_type=2 2 2 2 2 2 2 2 2 2 2 2 2 2
left_child=1 2 10 5 11 9 -7 13 -9 -2 -1 -5 -4 -3
right_child=3 7 12 4 -6 6 -8 8 -10 -11 -12 -13 -14 -15
leaf_value=-0.0061921280082368529 0.017579064191149275 -0.014405705840031214 0.035257253915353448 0.017072087860844055 -0.021437249307618682 0.029543142447153097 -0.011177901084199852 0.026051313962840224 0.0049749364447147643 0.044658275992835471 -0.02397856299333655 0.035759237873338283 0.0071209843288842379 -0.046875821559681591
leaf_weight=208.19346860051155 578.90660239756107 3.6860144585371 13.764561340212824 25.343399122357368 7.1805778145790091 20.865833088755608 49.161109000444412 37.652506947517395 191.49111321568489 19.38083316385746 54.608692541718483 109.04301810264587 8.414253965020178 5.2623101323843002
leaf_count=839 1685 15 37 73 26 56 168 113 648 47 259 282 27 23
internal_value=0.0111538 -0.000802186 -0.00720532 0.0188757 0.0295127 0.0166225 0.000955693 0.00686197 0.00843817 0.0184563 -0.00988804 0.0322351 0.0245828 -0.0335007
internal_weight=1332.95 523.073 284.981 809.881 141.567 668.314 70.0269 238.092 229.144 598.287 262.802 134.386 22.1788 8.94832
internal_count=4298 1961 1162 2337 381 1956 224 799 761 1732 1098 355 64 38
is_linear=0
shrinkage=0.03


Tree=19
num_leaves=14
num_cat=0
split_feature=29 22 18 29 23 11 26 14 1 20 9 23 12
split_gain=128.309 27.6723 24.1798 20.9167 26.9397 18.8226 20.5941 18.5976 12.9324 8.09054 17.157 9.23005 2.114
threshold=0.042238464618594575 31528986.260000005 0.0047442500191783882 0.028908263013382379 19.419412342220259 0.036190772914008913 0.0090028308243935724 0.92940282216661585 0.016635613698373696 -0.026713878621093892 1.1039010125401809 2.1839101857223544 -0.0060838782505275163
decision_type=2 2 2 2 2 2 2 2 2 2 2 2 2
left_child=1 9 12 4 -3 7 -7 -4 -5 10 -1 -11 -2
right_child=2 3 5 8 -6 6 -8 -9 -10 11 -12 -13 -14
leaf_value=0.047225495764046395 -0.048808844482093168 -0.011679228219841891 0.017919363006319546 -0.019871148394789793 0.026349482933588755 0.031362595943057819 -0.020860028694972287 -0.0035509402370137661 0.0081074560539133641 -0.024972482929490732 -0.031520688590575205 0.028008757518257509 -0.017251431543262054
leaf_weight=4.8605316430330259 4.2344379127025604 135.65322390198708 623.14070825278759 15.699822813272474 19.129564374685287 134.38782414793968 7.1582349836826316 38.55626292526722 280.83083274960518 57.982033923268318 5.1061035990715027 3.1185602396726599 3.481067329645156
leaf_count=15 18 568 1800 65 53 354 26 126 956 269 24 11 13
internal_value=0.0108154 -0.00077996 0.0182846 0.00196001 -0.00697927 0.0187923 0.0287216 0.0166683 0.00662613 -0.0181802 0.00688227 -0.0222683 -0.0345708
internal_weight=1333.34 522.381 810.959 451.313 154.783 803.243 141.546 661.697 296.531 71.0672 9.96664 61.1006 7.71551
internal_count=4298 1961 2337 1642 621 2306 380 1926 1021 319 39 280 31
is_linear=0
shrinkage=0.03


Tree=20
num_leaves=14
num_cat=0
split_feature=29 25 29 17 7 26 26 20 4 28 13 23 18
split_gain=120.584 26.9874 30.3082 26.2175 23.1386 19.9339 21.8826 13.7986 12.802 12.5639 10.9602 10.2555 7.73345
threshold=0.036590279387962693 -0.00034703461401847021 0.055212660069268012 0.0071658434963870104 1256380.5090000003 0.003136482395854874 0.0026077997095729668 -0.050503255378940064 322.50000000000006 0.0038532421834644756 0.032451936124014751 2.9804004693602688 0.0025433154428583628
decision_type=2 2 2 2 2 2 2 2 2 2 2 2 2
left_child=4 7 3 -3 11 6 -6 -2 -9 -4 -7 12 -1
right_child=1 2 9 -5 5 10 -8 8 -10 -11 -12 -13 -14
leaf_value=0.0064660953848900147 -0.0084023667364333688 0.01123960242791326 0.020956391850624929 -0.011580137984173719 -0.00020256386944205899 -0.022255207143407205 0.027655533358227482 0.024868127023119153 0.045836654150601605 -0.0054964117385036719 0.0093430363991812877 0.017196522684865306 -0.030132320052535317
leaf_weight=5.8771675378084174 8.4387590140104276 361.89114575088024 395.47588269412518 51.797446265816689 228.12671293318272 50.032215505838394 28.553106784820557 86.166538193821907 37.657476872205734 16.847763851284981 12.310379549860953 5.5114267170429221 44.851008892059326
leaf_count=25 28 1122 1101 181 861 230 86 234 90 57 45 20 218
internal_value=0.0104887 0.016134 0.0141194 0.00838237 -0.00392714 -0.000799379 0.00289638 0.0287155 0.0312451 0.0198755 -0.0160157 -0.0216695 -0.0258922
internal_weight=1333.54 958.275 826.012 413.689 375.262 319.022 256.68 132.263 123.824 412.324 62.3426 56.2396 50.7282
internal_count=4298 2813 2461 1303 1485 1222 947 352 324 1158 275 263 243
is_linear=0
shrinkage=0.03


Tree=21
num_leaves=15
num_cat=0
split_feature=29 29 15 4 8 24 25 17 13 29 27 24 25 4
split_gain=114.252 32.8713 21.0858 19.1406 17.65 17.5984 15.4908 16.8501 14.3655 11.4911 15.7241 11.3946 8.91476 8.15886
threshold=0.032632015489152948 0.047200015514282039 0.007354431491196264 152.50000000000003 0.020220809923638183 0.76614932202223585 -0.00034703461401847021 0.0016155126770076732 0.020355934927230101 0.020007434860058581 0.017965197876737286 0.80870757199680154 0.00023942909229000692 322.50000000000006
decision_type=2 2 2 2 2 2 2 2 2 2 2 2 2 2
left_child=2 3 4 5 11 -2 13 -8 -5 12 -11 -1 -4 -3
right_child=1 6 9 8 -6 -7 7 -9 -10 10 -12 -13 -14 -15
leaf_value=-0.01537418708597992 0.0067499105268865999 0.024224997773046462 0.0018891579960418614 0.00044823153219769921 0.041860596290148315 -0.013824525021092056 0.021406121612895901 0.01109628107107016 0.01862379191682554 0.023632738703977481 -0.020772465894572129 6.8026422459221186e-05 0.049421115963421774 0.043595585779834863
leaf_weight=175.33579738438129 121.0028530806303 64.464591220021248 5.4444180428981772 52.836735934019089 5.697152152657508 54.165154501795769 325.64467500150204 253.92347000539303 150.94243147969246 14.047638058662416 14.673856183886526 56.981289178133011 10.212732598185537 28.100355967879295
leaf_count=754 399 172 19 181 17 200 906 751 461 49 63 234 26 66
internal_value=0.010174 0.0147257 -0.00676753 0.00766005 -0.0103073 0.000387918 0.0187092 0.0168891 0.0139112 0.0122172 0.00094605 -0.0115866 0.032893 0.0301054
internal_weight=1333.47 1051.08 282.393 378.947 238.014 175.168 672.133 579.568 203.779 44.3786 28.7215 232.317 15.6572 92.5649
internal_count=4298 3136 1162 1241 1005 599 1895 1657 642 157 112 988 45 238
is_linear=0
shrinkage=0.03


Tree=22
num_leaves=15
num_cat=0
split_feature=18 18 22 17 24 5 25 12 28 4 3 3 0 18
split_gain=80.2776 33.7754 28.9002 24.0573 23.394 20.4964 19.0795 14.8953 13.5013 15.2528 6.10265 9.06567 8.39799 5.89654
threshold=0.0051906651288169707 0.010445458304224333 26424609.962500002 0.0071658434963870104 1.2135673512101139 -0.024009992412637991 -9.5779806604573002e-05 -0.0031583907291814766 3.9030469217899443e-05 67.500000000000014 0.60477743271221474 0.036088016055045517 0.00094068492022003939 0.0047442500191783882
decision_type=2 2 2 2 2 2 2 2 2 2 2 2 2 2
left_child=6 2 -2 5 -4 -3 8 -5 13 -10 11 -8 -12 -1
right_child=1 3 4 7 -6 -7 10 -9 9 -11 12 -13 -14 -15
leaf_value=0.016110365087977287 -0.023678640951239661 -0.034150603101799286 0.0094744927351197421 0.0032429356122213181 -0.030841574138465104 0.02113334468899827 -0.034618838816062994 0.024059820200739213 0.019164088361822446 -0.022307639273444334 -0.032844040569972206 -0.0053084125128204972 -0.0028433345099413061 0.059100890231025743
leaf_weight=7.4796227514743787 26.704860389232635 6.1126587241888037 474.27357217669487 144.61500287055969 13.317346990108488 478.98472690582275 11.940040618181227 39.354438468813896 14.014350190758703 18.541370242834091 35.955711930990219 46.421448260545731 10.956530317664145 4.6605950444936752
leaf_count=28 113 24 1549 454 55 1358 55 112 51 83 168 191 45 12
internal_value=0.00986935 0.0124899 0.00670906 0.0169335 0.00837336 0.0204367 -0.0108086 0.00769605 0.00561355 -0.00445519 -0.0177809 -0.011305 -0.0258373 0.0326143
internal_weight=1333.33 1183.36 514.296 669.067 487.591 485.097 149.97 183.969 44.6959 32.5557 105.274 58.3615 46.9122 12.1402
internal_count=4298 3665 1717 1948 1604 1382 633 566 174 134 459 246 213 40
is_linear=0
shrinkage=0.03


Tree=23
num_leaves=13
num_cat=0
split_feature=29 22 18 18 17 18 14 21 26 28 25 17
split_gain=103.882 23.8994 20.8877 18.0957 15.7785 18.4716 12.5434 11.9789 11.8127 6.97107 2.26618 2.24554
threshold=0.042424645478509319 39021685.460500009 0.0047442500191783882 0.0033064095293937976 0.0071658434963870104 0.010742421786264838 0.2668754066363021 34876.500000000007 -0.0063877592869360312 0.0022559108669032287 0.00028820673011691647 0.00070092546217351986
decision_type=2 2 2 2 2 2 2 2 2 2 2 2
left_child=1 7 11 10 5 -4 -5 -1 -6 -9 -3 -2
right_child=2 3 4 6 8 -7 -8 9 -10 -11 -12 -13
leaf_value=0.024664414339291535 -0.049112647546663578 -0.042654186871630639 0.012563410956455292 -0.0056846015521508451 0.049292915099557758 0.023024915820873394 0.0062733005942702648 -0.012392388749558624 0.0068656482050916739 -0.031701816584064596 -0.015651894942734536 -0.016056771841646191
leaf_weight=6.5681237280368796 3.9742601066827765 8.2036920189857465 249.91008016467094 105.57693573832512 6.1371655464172354 387.32509289681911 313.02904008328915 65.840145483613014 156.88108330965042 22.603743940591812 4.2446005791425696 3.4595872461795807
leaf_count=24 17 40 739 391 14 1061 1105 287 476 112 19 13
internal_value=0.00956956 -0.000804638 0.0163265 0.00219741 0.0167915 0.0189221 0.00325739 -0.0144245 0.00846291 -0.0173273 -0.033447 -0.033729
internal_weight=1333.75 526.066 807.687 431.054 800.253 637.235 418.606 95.012 163.018 88.4439 12.4483 7.43385
internal_count=4298 1978 2320 1555 2290 1800 1496 423 490 399 59 30
is_linear=0
shrinkage=0.03


Tree=24
num_leaves=14
num_cat=0
split_feature=29 29 25 15 22 8 18 25 15 24 29 11 25
split_gain=99.1449 29.0291 26.3297 19.2491 17.7765 16.0814 14.6579 12.7521 11.782 10.9844 10.6322 13.8643 8.30628
threshold=0.032632015489152948 0.056201749382250719 -0.00014680805425697666 0.007354431491196264 203843702.65550002 0.020220809923638183 0.0068469135158898894 -0.001013258929688022 -0.014423459808769534 0.80870757199680154 0.020007434860058581 0.032568981134927358 0.00023942909229000692
decision_type=2 2 2 2 2 2 2 2 2 2 2 2 2
left_child=3 2 6 5 -4 9 -2 -3 -9 -1 12 -12 -5
right_child=1 7 4 10 -6 -7 -8 8 -10 -11 11 -13 -14
leaf_value=-0.014938227393914991 0.035982308478559877 0.050180858874289525 -0.00037434045698063418 0.0014592313297466272 0.011896943778996177 0.039446650227089243 0.014567492628818077 0.00413155828617428 0.020135700152229066 0.00026322439740838056 0.012461979687826842 -0.036192758833331104 0.047280391594764007
leaf_weight=173.88962721824646 36.362158358097076 11.700297176837919 233.67946185171604 5.4505439251661292 194.82437871396542 5.7843129634857169 137.70973265171051 46.285352095961571 392.2097734361887 56.740068674087524 21.824000939726833 6.9493864327669135 10.268258064985273
leaf_count=754 101 26 791 19 588 17 408 141 1081 234 81 31 26
internal_value=0.0092826 0.0135078 0.00920186 -0.00655237 0.00520495 -0.00995921 0.0190409 0.0192711 0.0184464 -0.0111983 0.0115502 0.000710823 0.0313918
internal_weight=1333.68 1052.77 602.576 280.906 428.504 236.414 174.072 450.195 438.495 230.63 44.4922 28.7734 15.7188
internal_count=4298 3136 1888 1162 1379 1005 509 1248 1222 988 157 112 45
is_linear=0
shrinkage=0.03


Tree=25
num_leaves=15
num_cat=0
split_feature=18 6 25 13 25 9 22 17 0 1 3 3 0 23
split_gain=69.1271 29.021 18.5623 18.4555 17.7432 19.5533 17.1216 16.2966 13.9979 8.20838 5.95043 8.7155 8.09809 4.6618
threshold=0.0051906651288169707 37444.000000000007 -0.001013258929688022 0.029860384733930601 -9.5779806604573002e-05 2.6652127184603511 17660293.689500004 0.0014588242563000303 0.00038393996136061229 0.022451223719900049 0.60477743271221474 0.036088016055045517 0.00094068492022003939 0.69242474272508414
decision_type=2 2 2 2 2 2 2 2 2 2 2 2 2 2
left_child=4 6 -3 -4 5 8 13 -8 -1 -7 11 -6 -12 -2
right_child=1 2 3 -5 10 9 7 -9 -10 -11 12 -13 -14 -15
leaf_value=0.031500088857023878 -0.0089497096592664454 0.045121414979593162 0.0080250586287416575 0.016915454450370303 -0.033793373379567046 0.008909628713922044 0.01081540382316456 -0.0041620330129416207 -0.010929163114575374 -0.043258356776871551 -0.032104716959451357 -0.0047952713235295905 -0.0025062107407848914 -0.045392107101420921
leaf_weight=21.835057690739632 5.3458435088396055 16.985789433121681 343.73118925094604 540.75047667324543 11.696848377585409 4.0079879462718955 159.38624638319016 110.85964544117451 10.298628255724905 8.4112484902143461 35.242284283041954 46.06322355568409 10.889950066804884 7.7237356454133987
leaf_count=74 20 40 1095 1557 55 15 523 393 44 41 168 191 45 37
internal_value=0.0090068 0.0114248 0.014057 0.0134604 -0.010292 0.0055463 0.00304955 0.00467139 0.0179018 -0.0264225 -0.017084 -0.0106676 -0.0251177 -0.0304861
internal_weight=1333.23 1184.78 901.467 884.482 148.445 44.5529 283.315 270.246 32.1337 12.4192 103.892 57.7601 46.1322 13.0696
internal_count=4298 3665 2692 2652 633 174 973 916 118 56 459 246 213 57
is_linear=0
shrinkage=0.03


Tree=26
num_leaves=15
num_cat=0
split_feature=18 7 18 25 5 25 9 0 11 1 24 24 13 13
split_gain=65.0433 30.3204 23.0401 25.0027 22.8656 16.8337 18.4457 13.0091 9.35834 7.91803 6.88404 4.55196 1.10795 0.892304
threshold=0.0051906651288169707 454406.57350000012 0.010445458304224333 -0.001013258929688022 -0.024009992412637991 -9.5779806604573002e-05 2.6652127184603511 0.00038393996136061229 0.0021170730627459262 0.022451223719900049 0.5897729249517818 0.60091001690229817 0.008212824100885854 0.017047370306841756
decision_type=2 2 2 2 2 2 2 2 2 2 2 2 2 2
left_child=5 11 3 -3 -4 6 7 -1 12 -8 -10 -2 -7 -13
right_child=1 2 4 -5 -6 8 9 -9 10 -11 -12 13 -14 -15
leaf_value=0.030250758837576001 -0.0028385360292082569 0.049492099393161522 -0.030423014283922311 0.0057283270681378834 0.015956611599556494 -0.022450994815477375 0.0086193278321744903 -0.010646221600680034 -0.02153462152415616 -0.042719319519769858 -0.0047236737561364168 -0.027582882964555931 -0.04233115822305146 -0.045561408352322391
leaf_weight=22.05132557451725 3.9909497350454322 12.037361323833464 9.7080915123224241 490.39933024346828 657.74453884363174 3.1774816364049903 4.0185238867998114 10.255820885300635 42.68306203186512 8.2640873044729215 45.074357748031616 3.6031199544668189 12.249572128057478 8.003152206540106
leaf_count=74 16 28 37 1630 1900 16 15 44 190 41 191 17 62 37
internal_value=0.00873582 0.0110753 0.0116293 0.00677682 0.015282 -0.010032 0.00537084 0.0172681 -0.0166881 -0.0259228 -0.0129001 -0.0304764 -0.0382365 -0.03998
internal_weight=1333.26 1185.49 1169.89 502.437 667.453 147.774 44.5898 32.3071 103.184 12.2826 87.7574 15.5972 15.4271 11.6063
internal_count=4298 3665 3595 1658 1937 633 174 118 459 56 381 70 78 54
is_linear=0
shrinkage=0.03


Tree=27
num_leaves=15
num_cat=0
split_feature=29 29 25 14 15 8 9 15 1 26 26 29 11 25
split_gain=87.1564 25.6876 23.7821 17.9834 17.5466 14.8355 13.9801 11.8585 18.1427 13.3268 10.307 9.89822 13.3089 7.83909
threshold=0.032632015489152948 0.056201749382250719 -0.00014680805425697666 0.87595208195001817 0.007354431491196264 0.020220809923638183 0.96178560156647552 -0.014423459808769534 0.064639206935628149 -0.0061453168514149486 0.003136482395854874 0.020007434860058581 0.032568981134927358 0.00023942909229000692
decision_type=2 2 2 2 2 2 2 2 2 2 2 2 2 2
left_child=4 2 6 -4 5 10 -2 8 -3 -9 -1 13 -13 -6
right_child=1 7 3 -5 11 -7 -8 9 -10 -11 -12 12 -14 -15
leaf_value=-0.0077599478779669627 0.030050899594737935 0.01132440374066696 0.0070989371192779517 -0.010413637256256098 0.00090051132441734585 0.037501513939897008 0.01187383502573278 0.047906877903560949 -0.041369338858671695 0.018463784355618226 -0.023808805936193347 0.011823034944242481 -0.035923013595434101 0.04537560880093066
leaf_weight=184.37719209492207 56.123720750212669 39.885639980435371 367.54089516401291 61.621068879961967 5.4585478901863089 5.8460097759962073 118.45105135440826 14.346342191100119 6.8976348042488089 388.69890680909157 44.758194252848625 21.947296991944317 6.9080147445201865 10.291514813899992
leaf_count=760 152 116 1162 217 19 17 357 33 26 1073 228 81 31 26
internal_value=0.00847392 0.0124254 0.00838194 0.0045844 -0.00641638 -0.00969082 0.0177175 0.0178523 0.00355534 0.0195118 -0.0108949 0.0108334 0.000392543 0.0299617
internal_weight=1333.15 1053.57 603.737 429.162 279.587 234.981 174.575 449.829 46.7833 403.045 229.135 44.6054 28.8553 15.7501
internal_count=4298 3136 1888 1379 1162 1005 509 1248 142 1106 988 157 112 45
is_linear=0
shrinkage=0.03


Tree=28
num_leaves=15
num_cat=0
split_feature=29 22 29 29 25 14 17 25 4 7 10 20 9 7
split_gain=82.8043 26.4304 17.6574 21.7418 14.8207 17.3497 16.8585 16.2196 13.932 11.7571 10.8876 9.33516 7.64616 10.8866
threshold=0.045799634958067506 29812774.705500003 0.028908263013382379 0.020007434860058581 -9.5779806604573002e-05 0.95047972289489124 -0.0030043945221529009 0.00091992996561157724 172.50000000000003 36891643.447500013 -0.011139999383329166 -0.064684535586516476 2.3117344724740732 454406.57350000012
decision_type=2 2 2 2 2 2 2 2 2 2 2 2 2 2
left_child=1 12 3 -3 6 7 11 -6 -4 -7 -8 -2 13 -1
right_child=4 2 8 -5 5 9 10 -9 -10 -11 -12 -13 -14 -15
leaf_value=-0.030961794897036678 -0.0093495082562359572 0.010619012403459655 -0.00025350364038379816 -0.013768063233754419 0.012391006343434256 -0.041455637305324686 -0.0044790080741766982 0.039523193460982813 0.010961354286811569 0.0026425282922334266 0.018802483715335088 0.034537042711065641 -0.03312319982799504 -0.00052571183604684872
leaf_weight=16.099537014961243 4.6125383228063574 47.570807456970215 187.84848062694073 106.69724737107754 445.60658173263073 8.2812796682119387 21.490023493766785 20.753037616610527 212.43631389737129 15.866410061717032 113.86507342755795 80.359435349702835 19.986662954092026 30.833653911948204
leaf_count=80 15 162 653 467 1288 32 67 50 688 49 313 200 101 133
internal_value=0.00822462 0.000225927 0.00237508 -0.00624795 0.0152178 0.0123145 0.0216812 0.0135984 0.00569837 -0.0124806 0.0151061 0.0321547 -0.0175838 -0.0109662
internal_weight=1332.31 621.473 554.553 154.268 710.834 490.507 220.327 466.36 400.285 24.1477 135.355 84.972 66.9199 46.9332
internal_count=4298 2284 1970 629 2014 1419 595 1338 1341 81 380 215 314 213
is_linear=0
shrinkage=0.03


Tree=29
num_leaves=14
num_cat=0
split_feature=29 29 23 1 24 28 25 28 28 23 26 1 5
split_gain=77.9347 22.4129 19.5403 17.2123 17.9221 17.5402 14.3761 13.3465 27.7752 26.908 12.4004 4.4103 1.93082
threshold=0.045799634958067506 0.032632015489152948 15.673500000000002 0.028408434727338363 1.1522349073013409 -0.0019621318720245699 -0.001013258929688022 0.0024722890846239909 0.0016421998420975185 1.1183778504530804 0.003136482395854874 0.033756585044232408 0.0014348214761570365
decision_type=2 2 2 2 2 2 2 2 2 2 2 2 2
left_child=1 2 10 5 -5 -3 12 8 -8 -9 -1 -4 -2
right_child=6 3 11 4 -6 -7 7 9 -10 -11 -12 -13 -14
leaf_value=-0.0051511170495885895 0.027959844062254754 0.018540081875653914 0.031341951185136802 0.013874600079335478 -0.040315629982083226 -0.0059808822987234486 0.013260727688586159 -0.0087841761047705788 0.031950802455184446 0.019988956107077582 -0.021654247369170852 0.003799993666797989 0.049241221149859772
leaf_weight=204.36208547651768 5.8269256204366711 32.346281483769417 13.770183488726618 165.6081794500351 5.6811597347259513 139.40292777121067 492.40318447351456 61.617190137505531 83.729618594050407 55.688732102513313 51.255051106214523 8.4397221356630308 11.235094889998434
leaf_count=839 15 100 37 506 23 493 1404 201 215 154 259 27 25
internal_value=0.00798325 0.000218615 -0.00611505 0.00534826 0.0120773 -0.00136274 0.0147683 0.0140989 0.015977 0.00487532 -0.00846024 0.0208761 0.0419733
internal_weight=1331.37 620.866 277.827 343.039 171.289 171.749 710.501 693.439 576.133 117.306 255.617 22.2099 17.062
internal_count=4298 2284 1162 1122 529 593 2014 1974 1619 355 1098 64 40
is_linear=0
shrinkage=0.03


Tree=30
num_leaves=15
num_cat=0
split_feature=29 22 29 29 17 20 25 15 0 18 17 4 8 20
split_gain=73.3397 24.6064 16.0235 19.8888 14.1837 16.9466 14.6518 13.7084 12.8295 11.724 14.5085 10.5417 7.49776 13.9188
threshold=0.045799634958067506 29812774.705500003 0.028908263013382379 0.020007434860058581 0.0071658434963870104 -0.063656370991405684 -0.001013258929688022 -0.0056099762450663865 -0.0014333310181208812 0.019296041168288095 0.020960223430553353 212.50000000000003 -0.0066879755823359291 -0.024912869760203762
decision_type=2 2 2 2 2 2 2 2 2 2 2 2 2 2
left_child=1 12 3 -3 5 8 -7 -4 -2 11 -11 -6 -1 -14
right_child=4 2 7 -5 9 6 -8 -9 -10 10 -12 -13 13 -15
leaf_value=-0.041691499234318793 0.029857512901084238 0.01012785709823414 -0.0053617286939248859 -0.013223475686110202 -0.0098454964572224843 0.04883869167541835 0.017074978242054874 0.0082859550284922652 -0.013015455824250958 0.025458162348469062 -0.011166340268451435 0.010260614181736509 0.025626748896189728 -0.01867145643110129
leaf_weight=9.5343889296054822 8.1034800261259061 47.615007117390633 83.742194935679436 105.6954643279314 49.542656525969505 13.412705168128012 511.35155548155308 316.9027244001627 27.943770408630371 42.607454717159271 12.617443099617956 44.594397395849228 7.3332187235355368 49.301455304026604
leaf_count=49 21 162 290 467 161 30 1426 1051 92 113 41 130 28 237
internal_value=0.0077498 0.000211746 0.00227711 -0.00597104 0.014332 0.01652 0.0178868 0.00543334 -0.00337754 0.00611676 0.0170904 -0.000320874 -0.0170791 -0.0129356
internal_weight=1330.3 620.124 553.955 153.31 710.173 560.812 524.764 400.645 36.0473 149.362 55.2249 94.1371 66.1691 56.6347
internal_count=4298 2284 1970 629 2014 1569 1456 1341 113 445 154 291 314 265
is_linear=0
shrinkage=0.03


Tree=31
num_leaves=15
num_cat=0
split_feature=18 7 5 11 28 21 5 7 12 10 24 1 11 24
split_gain=51.7247 26.4269 20.4087 22.1133 10.1816 9.69553 18.0053 9.39429 5.22806 8.56066 4.3825 2.03676 1.31288 0.738136
threshold=0.0051906651288169707 454406.57350000012 -0.02817455228034282 0.039432122005690663 0.002319594087240156 392321.50000000006 0.0011297840257368673 2283345.1335 -0.006423325706847653 -0.0031313467172714477 0.60091001690229817 0.097050402609990122 0.0050321084415550924 0.83424206658266487
decision_type=2 2 2 2 2 2 2 2 2 2 2 2 2 2
left_child=4 10 11 -4 5 7 -7 -1 9 -6 -2 -3 -10 -12
right_child=1 2 3 -5 8 6 -8 -9 12 -11 13 -13 -14 -15
leaf_value=-0.0093560306053741826 -0.0024800408555630685 -0.051378521136870872 0.0089614351757947072 0.022069054633547438 -0.033751150521549061 -0.031473329935099652 0.0044261485120039726 0.0140372415988636 -0.01825006360748286 0.0079790216342925831 -0.027524538214517679 -0.020655293795918978 -0.041135264724971247 -0.044229624588344285
leaf_weight=29.529098480939865 3.955283746123313 4.4475221931934348 1030.2812980115414 130.51084108650684 8.8871522396802884 27.108309179544449 23.451295793056488 32.403749480843544 2.7571518868207923 8.8105667531490344 3.4125474095344526 3.4472190141677856 12.414624109864233 7.8721085041761398
leaf_count=135 16 19 3204 359 48 125 91 116 15 37 16 13 66 38
internal_value=0.00752279 0.00959639 0.0101082 0.0104352 -0.00936596 -0.00507417 -0.0148219 0.00288351 -0.0240542 -0.0129764 -0.0296536 -0.0379633 -0.0369764 -0.0391779
internal_weight=1329.29 1183.93 1168.69 1160.79 145.362 112.492 50.5596 61.9328 32.8695 17.6977 15.2399 7.89474 15.1718 11.2847
internal_count=4298 3665 3595 3563 633 467 216 251 166 85 70 32 81 54
is_linear=0
shrinkage=0.03


Tree=32
num_leaves=15
num_cat=0
split_feature=13 7 9 25 5 22 6 11 25 25 20 8 12 17
split_gain=48.7069 20.5596 23.9282 19.9848 20.9929 18.626 17.0418 14.9081 12.7678 14.728 12.3737 9.8864 10.0292 0.862713
threshold=0.024192824024262771 2463207.4495000006 1.4532530813411066 -0.00034703461401847021 -0.02817455228034282 41964733.728500001 3020.5000000000005 0.00088662613648597709 -0.00045651181314955007 -0.001013258929688022 -0.05356795308561673 0.0068733960473735707 -0.0026130939939860462 -0.0017353126958031997
decision_type=2 2 2 2 2 2 2 2 2 2 2 2 2 2
left_child=1 11 5 8 -5 -3 -6 -4 9 -2 -10 12 -1 -13
right_child=3 2 7 4 6 -7 -8 -9 10 -11 -12 13 -14 -15
leaf_value=-0.0038499626316288358 0.040337695626420693 0.04542760363654276 -0.041094491412274982 -0.042439246454571401 -0.024242834824241648 0.007544078386964902 0.010759882703069065 -0.0031580587180677138 -0.034087690326638789 0.0043223955310190167 0.035704323982296164 -0.026172323846973655 -0.029556898154275348 -0.044206230648294188
leaf_weight=60.935485869646072 13.411179050803183 12.526303544640539 9.8581764101982099 6.8904043883085242 12.734921351075171 172.98474337160587 736.83698363602161 171.6949482858181 2.3828137367963782 42.933924481272697 56.438511431217194 3.3300219774246207 17.604755759239197 8.4343003779649717
leaf_count=260 32 33 46 29 54 560 2214 641 9 133 143 16 86 42
internal_value=0.00729822 -0.000630199 0.00252466 0.0114585 0.00968604 0.0101021 0.0101652 -0.00521797 0.0231007 0.0128947 0.0328771 -0.0134539 -0.00961216 -0.0391015
internal_weight=1329 457.369 367.064 871.629 756.462 185.511 749.572 181.553 115.166 56.3451 58.8213 90.3046 78.5402 11.7643
internal_count=4298 1684 1280 2614 2297 593 2268 687 317 165 152 404 346 58
is_linear=0
shrinkage=0.03


Tree=33
num_leaves=15
num_cat=0
split_feature=29 22 22 22 17 28 26 28 29 15 23 29 8 28
split_gain=65.2598 22.7635 16.9207 14.2344 13.55 20.0569 14.4264 14.1148 12.4169 16.9678 15.8622 10.7607 13.0734 11.5374
threshold=0.045799634958067506 214904749.10400006 201800395.99800006 26424609.962500002 0.0071658434963870104 -0.0032118460749505869 -0.0065386384775231428 -0.0019621318720245699 0.032398442985910422 -0.01017488935336512 19.419412342220259 0.055212660069268012 0.010407031608731422 -0.0018516555987119372
decision_type=2 2 2 2 2 2 2 2 2 2 2 2 2 2
left_child=1 2 3 -1 5 6 -2 -7 10 -10 -3 12 -6 -13
right_child=4 8 -4 -5 11 7 -8 -9 9 -11 -12 13 -14 -15
leaf_value=-0.018003129786345655 0.010462862225138548 -0.0065781244655949865 -0.048194621044634393 -0.0012715169615437076 -0.017518033932420907 0.028670720491983666 -0.03070290247604281 0.014787514048335405 -0.018212222416706812 0.016053693549532559 0.028211055812559744 0.033859366732128471 0.036410305502590092 0.0058843004420654705
leaf_weight=53.416053920984268 17.058392658829693 78.737757548689842 7.8429886251687995 319.37137708067894 28.370127499103546 77.171212255954742 13.908961340785025 451.5781604796648 14.429859817028044 131.80214682221413 13.873940318822859 15.278776869177817 4.7186207175254813 100.82408890128136
leaf_count=262 50 325 34 1189 97 199 51 1269 51 386 37 38 12 298
internal_value=0.00708227 -3.09439e-05 -0.00458642 -0.00366896 0.0132981 0.0154394 -0.00802671 0.0168138 0.00722884 0.0126724 -0.00136644 0.00526455 -0.00982758 0.00956573
internal_weight=1328.38 619.474 380.63 372.787 708.908 559.717 30.9674 528.749 238.844 146.232 92.6117 149.192 33.0887 116.103
internal_count=4298 2284 1485 1451 2014 1569 101 1468 799 437 362 445 109 336
is_linear=0
shrinkage=0.03


Tree=34
num_leaves=15
num_cat=0
split_feature=29 22 22 22 25 17 25 25 29 23 25 10 20 21
split_gain=61.4568 21.4376 16.164 13.5423 13.2727 15.7597 15.6803 24.207 11.6584 14.9371 11.8741 10.1908 8.44981 6.35849
threshold=0.045799634958067506 214904749.10400006 201800395.99800006 26424609.962500002 -9.5779806604573002e-05 -0.0030043945221529009 0.00091992996561157724 0.00073185741853035505 0.032398442985910422 19.419412342220259 -0.00014680805425697666 -0.011139999383329166 -0.064684535586516476 2490182.0000000005
decision_type=2 2 2 2 2 2 2 2 2 2 2 2 2 2
left_child=1 2 3 -1 5 12 7 -6 9 -3 -10 -7 -2 -8
right_child=4 8 -4 -5 6 11 13 -9 10 -11 -12 -13 -14 -15
leaf_value=-0.017613042078165522 -0.010225970261561471 -0.0063967381632018434 -0.04735555663577156 -0.0012338082275068496 0.010069434774281513 -0.0062925342308303338 0.045212073486449476 -0.035949721508821156 0.025374070951022305 0.027373630989231075 0.0067044136225383509 0.016280459519461343 0.031531933745758134 0.0068859612641471021
leaf_weight=52.967984467744827 4.6143462508916846 78.544321417808533 7.7439889013767234 319.26001115143299 458.35205109417439 21.409311696887016 15.616789415478708 10.523618966341017 43.720128029584885 13.869481384754179 102.63573014736176 113.03442651033401 79.515687599778175 5.1908439844846717
leaf_count=262 15 325 34 1189 1329 67 36 39 119 37 318 313 200 15
internal_value=0.00687688 -3.04703e-05 -0.00445705 -0.00356457 0.0129112 0.0190582 0.0101675 0.00903656 0.00701388 -0.00132847 0.0122815 0.0126859 0.0292416 0.0356509
internal_weight=1327 618.742 379.972 372.228 708.257 218.574 489.683 468.876 238.77 92.4138 146.356 134.444 84.13 20.8076
internal_count=4298 2284 1485 1451 2014 595 1419 1368 799 362 437 380 215 51
is_linear=0
shrinkage=0.03


Tree=35
num_leaves=15
num_cat=0
split_feature=29 29 1 23 3 11 9 7 28 28 12 27 8 8
split_gain=58.3161 19.5625 16.5281 16.2023 14.1582 13.0677 13.0491 14.7672 12.7537 18.3505 12.0221 10.6308 7.86627 6.90478
threshold=0.032632015489152948 0.056201749382250719 0.016635613698373696 5.5999527103497408 0.2311593868834316 0.027757935662508379 1.4532530813411066 1362342.2310000001 -0.0032118460749505869 -0.0019621318720245699 -0.0029065693624446731 -0.02165271925683834 0.001077495945037109 0.0059734567486824609
decision_type=2 2 2 2 2 2 2 2 2 2 2 2 2 2
left_child=3 2 12 6 -5 -4 7 -1 11 -10 -8 -3 -2 -6
right_child=1 8 5 4 13 -7 10 -9 9 -11 -12 -13 -14 -15
leaf_value=-0.016015972511603263 -0.0025156533758387053 -0.031613456657840024 0.0054425245614606859 -0.025397706338943414 0.028692940346185483 0.017677275992318966 -0.010279944078173573 0.010168795020639316 0.031683493446348528 0.013336443721910611 -0.033003845513912229 0.011442984939585333 -0.035838465128881732 0.00096261378206736125
leaf_weight=30.466892510652542 14.60607869923115 9.5275612622499484 484.90171548724174 7.8335377275943747 23.437864869832993 93.761371299624443 121.69626024365425 53.286815166473389 56.582134798169136 369.23469841480255 25.311752036213875 11.260923907160757 11.314681977033613 12.334086671471594
leaf_count=154 50 35 1526 33 68 266 536 206 142 1038 124 33 46 41
internal_value=0.00667784 0.00989256 0.00637511 -0.00563876 0.0111321 0.00742493 -0.00880783 0.000643623 0.0146542 0.0157744 -0.0141925 -0.00829019 -0.0170614 0.0191316
internal_weight=1325.56 1051.19 604.584 274.367 43.6055 578.663 230.762 83.7537 446.605 425.817 147.008 20.7885 25.9208 35.772
internal_count=4298 3136 1888 1162 142 1792 1020 360 1248 1180 660 68 96 109
is_linear=0
shrinkage=0.03


Tree=36
num_leaves=14
num_cat=0
split_feature=29 18 13 29 11 17 18 22 12 29 5 5 17
split_gain=54.9915 16.6449 16.158 15.0226 14.1179 14.03 14.9542 12.1766 10.1437 9.90652 8.29111 6.01662 2.17608
threshold=0.042424645478509319 0.0047442500191783882 0.015667042351008516 0.030261607250436359 0.011825322768202208 0.0071658434963870104 0.010742421786264838 1490960634.0125005 -0.00062611234087473909 0.020007434860058581 0.0049878251348085389 0.0094218780096826261 0.00070092546217351986
decision_type=2 2 2 2 2 2 2 2 2 2 2 2 2
left_child=2 12 3 11 -5 6 -3 9 -7 -4 -9 -1 -2
right_child=1 5 7 4 -6 8 -8 10 -10 -11 -12 -13 -14
leaf_value=-0.022324170161662382 -0.0489275598585346 0.0081134904689614921 0.014412196014211941 0.0066093653467533577 -0.04636885317233725 0.0019074022621227095 0.017543086018763747 0.009679354882982048 0.031357069779367738 -0.0015512700446500228 0.042047759639340113 0.0062230407177583128 -0.016189865446053872
leaf_weight=64.88031804561615 3.8970241248607627 249.64065888524055 39.289045408368111 48.065335288643837 4.9978094696998587 151.37461361289024 384.48656007647514 26.023872971534729 11.313091844320295 319.53997647762299 9.8058149963617307 7.4027123153209677 3.4407494217157364
leaf_count=329 17 739 128 175 23 461 1061 88 29 1173 26 36 13
internal_value=0.00648412 0.0114004 -0.00111852 -0.0105021 0.00161955 0.0118146 0.0138309 0.00186175 0.00395529 0.000196608 0.0185379 -0.0194006 -0.0335766
internal_weight=1324.16 804.153 520.005 125.346 53.0631 796.815 634.127 394.659 162.688 358.829 35.8297 72.283 7.33777
internal_count=4298 2320 1978 563 198 2290 1800 1415 490 1301 114 365 30
is_linear=0
shrinkage=0.03


Tree=37
num_leaves=15
num_cat=0
split_feature=29 25 29 17 25 25 23 3 9 14 28 25 21 8
split_gain=52.4812 22.6208 20.9477 19.5649 15.5176 23.0296 14.6129 13.2183 12.4445 13.1731 11.1067 10.2612 6.75138 6.54163
threshold=0.032632015489152948 -0.00034703461401847021 0.055212660069268012 0.0071658434963870104 -0.00045651181314955007 -0.001013258929688022 5.5999527103497408 0.2311593868834316 1.6412033361338876 0.6677311972277995 0.0038532421834644756 0.00035709747270263323 161330.00000000003 0.0059734567486824609
decision_type=2 2 2 2 2 2 2 2 2 2 2 2 2 2
left_child=6 4 3 -3 5 -2 8 -8 11 -10 -4 -1 -6 -9
right_child=1 2 10 -5 12 -7 7 13 9 -11 -12 -13 -14 -15
leaf_value=0.0039868841138251633 0.036696191728569805 0.0055612952221282177 0.013606575891863584 -0.013112789017879621 0.00069036992835883699 0.00028394153347709113 -0.024960581168129665 0.02746594679321351 -0.021353996475511082 -0.0015819830345226763 -0.011071728445418219 -0.022956967876295111 0.033225339829510821 0.0005005789185661434
leaf_weight=81.141064703464508 22.008137032389641 435.99655474722385 392.86425971984863 57.108095183968544 6.2991285920143119 53.964342013001442 7.7802111059427252 23.504713863134384 86.232904121279716 46.777997136116028 17.128966018557549 15.086163431406019 64.704212307929993 12.35173726081848
leaf_count=343 55 1373 1101 198 21 167 33 68 402 202 57 73 164 41
internal_value=0.00629516 0.00934111 0.00756479 0.00339859 0.0202558 0.010832 -0.00542625 0.0104858 -0.00845519 -0.0144005 0.0125755 -0.000237277 0.030339 0.018177
internal_weight=1322.95 1050.07 903.098 493.105 146.976 75.9725 272.875 43.6367 229.238 133.011 409.993 96.2272 71.0033 35.8565
internal_count=4298 3136 2729 1571 407 222 1162 142 1020 604 1158 416 185 109
is_linear=0
shrinkage=0.03


Tree=38
num_leaves=15
num_cat=0
split_feature=29 22 22 28 28 25 28 22 22 15 1 26 5 29
split_gain=49.4858 18.812 15.5928 12.4362 28.9503 20.826 19.9018 15.4995 12.1887 11.0394 16.5822 7.49866 5.68058 4.96219
threshold=0.045799634958067506 214904749.10400006 201800395.99800006 -0.0027696511046732589 -0.0019621318720245699 0.00051039110794297911 -0.0017208337492961205 427242888.05900007 26424609.962500002 0.0055971608955455573 0.025583082072621399 -0.0005056213726506749 0.001515151515151534 0.065756621496700932
decision_type=2 2 2 2 2 2 2 2 2 2 2 2 2 2
left_child=1 2 8 5 12 7 -6 -2 -1 10 -3 -11 -5 -7
right_child=3 9 -4 4 6 13 -8 -9 -10 11 -12 -13 -14 -15
leaf_value=-0.016858489741460831 0.020615315128670535 -0.01134162604651618 -0.046669136603348316 0.021505210612872833 -0.0288026991031438 -0.057161456268224685 0.011103086790137644 -0.020941472770913874 -0.0011860524351448125 -0.0033050806176747514 0.0087820253852905067 0.02178432489773123 0.037804029711020863 -0.014172553213561149
leaf_weight=51.951012626290321 25.009770587086678 53.768285840749741 7.6452759504318228 37.426609262824059 11.474248439073561 6.4405572563409788 569.5899945050478 11.930796504020689 318.26389244198799 13.382199853658674 117.14130321145058 53.918322831392288 39.616552114486694 3.8678771704435349
leaf_count=262 69 208 34 100 40 26 1629 41 1189 45 387 159 96 13
internal_value=0.00611323 -9.87364e-05 -0.00426108 0.0115389 0.0126062 -0.00332776 0.0103151 0.00719361 -0.00338531 0.00650377 0.00245111 0.0167955 0.0298863 -0.0410314
internal_weight=1321.43 616.07 377.86 705.356 658.107 47.249 581.064 36.9406 370.215 238.21 170.91 67.3005 77.0432 10.3084
internal_count=4298 2284 1485 2014 1865 149 1669 110 1451 799 595 204 196 39
is_linear=0
shrinkage=0.03


Tree=39
num_leaves=15
num_cat=0
split_feature=29 25 29 4 25 25 23 28 26 26 7 20 0 18
split_gain=47.3965 21.3213 19.0519 17.9408 14.6752 21.6811 13.5967 10.4767 10.2167 15.7196 7.53421 6.03502 4.72998 4.19693
threshold=0.032632015489152948 -0.00034703461401847021 0.055212660069268012 152.50000000000003 -0.00045651181314955007 -0.001013258929688022 19.419412342220259 0.0038532421834644756 0.003136482395854874 0.0025533234176104516 557233593.10700011 -0.052738353419127353 -0.00046831323123524996 0.010907533247777349
decision_type=2 2 2 2 2 2 2 2 2 2 2 2 2 2
left_child=6 4 3 -3 5 -2 8 -4 9 -1 -10 -6 -8 -14
right_child=1 2 7 -5 11 -7 12 -9 10 -11 -12 -13 13 -15
leaf_value=-0.0071738585934672449 0.035538264214595383 -0.0032178818160623645 0.012896751787391575 0.0082899642742341913 -0.017392844502767787 6.7111807314742335e-05 -0.0029330859212304272 -0.011072649910646427 -0.023146609143057835 0.018512619879534665 0.016273616201615021 0.030932032604934687 0.009118037516397736 0.04367622882798352
leaf_weight=178.82192967832088 21.772767946124077 220.84709490835667 391.91428123414516 272.20714692771435 2.407906547188758 53.904128432273865 5.9380892664194134 17.128996312618256 44.652275756001472 24.363890886306763 4.8361816555261603 68.240117028355598 5.3972938209772092 7.6395690888166428
leaf_count=763 55 735 1101 836 8 167 19 57 240 86 20 177 16 18
internal_value=0.0059359 0.00882945 0.00710642 0.00313541 0.019452 0.0102724 -0.0052317 0.011893 -0.00707096 -0.00409381 -0.0192943 0.029285 0.0192603 0.0293691
internal_weight=1320.07 1048.42 902.098 493.054 146.325 75.6769 271.649 409.043 252.674 203.186 49.4885 70.648 18.975 13.0369
internal_count=4298 3136 2729 1571 407 222 1162 1158 1109 849 260 185 53 34
is_linear=0
shrinkage=0.03


Tree=40
num_leaves=15
num_cat=0
split_feature=29 25 17 25 18 25 25 15 8 24 10 29 21 17
split_gain=44.6296 20.1626 19.6023 25.7261 16.5255 13.8667 20.5835 13.2884 13.212 10.7028 7.54592 8.4786 6.34859 5.90568
threshold=0.032632015489152948 -0.00034703461401847021 0.0015684733840712532 0.00091992996561157724 0.0053919016726289579 -0.00045651181314955007 -0.001013258929688022 0.007354431491196264 0.020220809923638183 0.80870757199680154 0.018381607609931374 0.020007434860058581 161330.00000000003 0.0014588242563000303
decision_type=2 2 2 2 2 2 2 2 2 2 2 2 2 2
left_child=7 5 4 -4 -3 6 -2 8 9 -1 13 -12 -7 -9
right_child=1 2 3 -5 -6 12 -8 10 -10 -11 11 -13 -14 -15
leaf_value=-0.012980529005008446 0.034710486578053278 -0.0092410788234220369 -7.110563384327438e-05 0.036040904911659739 0.012096653998438796 -0.00019779328094338413 6.5098656255426756e-05 0.049134132604543052 0.036539427536945356 0.0023390311078974038 0.019041541419189782 -0.015864849645053719 0.031315729906959786 0.012905146468731216
leaf_weight=166.34600006043911 21.625479847192764 35.013416543602943 360.70907099545002 18.67381489276886 487.29343548417091 6.3204781860113135 53.903982594609261 5.956324070692065 5.833686798810958 54.488011077046394 11.112226963043215 14.350027516484259 64.12750831246376 12.6492812782526
leaf_count=754 55 129 1135 46 1419 21 167 18 17 234 33 62 164 44
internal_value=0.00576508 0.00857097 0.00689642 0.00170638 0.0106663 0.0189145 0.00998471 -0.00509286 -0.00802342 -0.00920062 0.0099808 -0.000631016 0.0284884 0.0245033
internal_weight=1318.4 1047.67 901.69 379.383 522.307 145.977 75.5295 270.736 226.668 220.834 44.0679 25.4623 70.448 18.6056
internal_count=4298 3136 2729 1181 1548 407 222 1162 1005 988 157 95 185 62
is_linear=0
shrinkage=0.03


Tree=41
num_leaves=15
num_cat=0
split_feature=29 22 22 20 9 22 12 22 25 26 15 29 1 26
split_gain=42.7119 17.2034 14.8958 11.8224 14.6372 15.7476 13.935 11.2796 11.1802 15.6222 10.1794 12.7454 10.2027 8.83727
threshold=0.045799634958067506 214904749.10400006 201800395.99800006 -0.064684535586516476 0.9077884275877629 490697539.21600002 -0.055850901033484175 26424609.962500002 -9.5779806604573002e-05 -0.0061453168514149486 -0.0057368951589227071 0.038321468692098189 0.025662462839400272 0.0020274897638310608
decision_type=2 2 2 2 2 2 2 2 2 2 2 2 2 2
left_child=1 2 7 4 6 -6 -2 -1 13 -10 12 -12 -3 -5
right_child=3 10 -4 8 5 -7 -8 -9 9 -11 11 -13 -14 -15
leaf_value=-0.016375873110286186 0.045317667736678974 -0.031873004924115537 -0.04595618206714451 0.011081685268407885 0.0070856231746848674 -0.040978874904471822 -0.021896229530881186 -0.0012113579922472708 0.030470277975433811 0.0075006923614002047 0.0030080969281455119 0.01892729407052508 0.001249571385566278 0.023406084238869616
leaf_weight=51.270560801029205 7.733604371547699 10.804961577057837 7.5248592048883429 103.74940298497677 11.254914253950121 13.485823541879652 4.3306180089712125 317.61800636351109 28.418038830161095 428.06213994324207 115.33879928290844 74.502157762646675 37.134443983435631 105.72343796491623
leaf_count=262 18 42 34 295 33 50 15 1189 73 1250 426 208 123 280
internal_value=0.00559826 -0.000180844 -0.00417138 0.0106491 -0.00590249 -0.0191136 0.0211903 -0.00331902 0.0115638 0.00893066 0.00613629 0.00925551 -0.00621586 0.017302
internal_weight=1316.95 614.194 376.413 702.758 36.805 24.7407 12.0642 368.889 665.953 456.48 237.78 189.841 47.9394 209.473
internal_count=4298 2284 1485 2014 116 83 33 1451 1898 1323 799 634 165 575
is_linear=0
shrinkage=0.03


Tree=42
num_leaves=15
num_cat=0
split_feature=29 22 17 28 25 25 29 29 29 4 22 9 6 11
split_gain=40.3104 16.038 12.5249 16.0256 13.0071 11.4569 11.381 11.0414 14.8031 12.6125 9.1295 7.78415 8.57678 3.34006
threshold=0.046161477429879576 29812774.705500003 0.0071658434963870104 -0.0032118460749505869 0.00030295460938608334 -0.001013258929688022 0.047706500797615556 0.028908263013382379 0.020007434860058581 152.50000000000003 34041634.512000009 2.3117344724740732 24093.000000000004 0.0094403154421351648
decision_type=2 2 2 2 2 2 2 2 2 2 2 2 2 2
left_child=1 11 3 4 -2 -5 -4 8 -3 -9 -8 12 -1 -13
right_child=2 7 6 5 -6 -7 10 9 -10 -11 -12 13 -14 -15
leaf_value=-0.011532705067499628 0.0090529573682041793 0.00844415408030047 -0.042516521314721382 0.042813874596450599 -0.030396498776796007 0.013084625836632741 -0.037321901934636005 -0.0016767658704724942 -0.011838761258111525 0.0088583165267388051 0.0055872856237614444 -0.039171782228618543 0.037993513523381366 -0.010960345220919045
leaf_weight=40.5266994535923 16.774963289499286 47.263554811477661 4.8565892577171317 11.944015890359877 13.637374714016913 502.16543598473072 4.6129149794578543 188.1747250109911 102.86702056229115 224.04505522549152 136.95923154056072 12.987685680389406 3.4119451791048041 5.3258219212293616
leaf_count=201 49 162 19 29 50 1412 17 653 467 722 404 76 12 25
internal_value=0.0054361 -8.71829e-05 0.010429 0.0125236 -0.0086368 0.0137753 0.00264007 0.00151226 -0.00545337 0.00404914 0.00418915 -0.0145356 -0.00768687 -0.0309675
internal_weight=1315.55 624.603 690.951 544.522 30.4123 514.109 146.429 562.35 150.131 412.22 141.572 62.2522 43.9386 18.3135
internal_count=4298 2318 1980 1540 99 1441 440 2004 629 1375 421 314 213 101
is_linear=0
shrinkage=0.03


Tree=43
num_leaves=14
num_cat=0
split_feature=29 7 13 11 29 6 20 9 25 5 7 10 15
split_gain=37.9943 16.2394 19.0602 14.1066 11.3114 11.2006 11.7761 14.2034 11.3565 10.9362 10.2642 7.57226 6.68858
threshold=0.046161477429879576 100224125.64300002 0.014611448449437061 0.00088662613648597709 0.020007434860058581 3257.0000000000005 -0.063656370991405684 0.9077884275877629 -0.00034703461401847021 0.015063736778219098 20039121.697000008 0.003133800131995088 -0.002760847754629332
decision_type=2 2 2 2 2 2 2 2 2 2 2 2 2
left_child=1 2 10 12 -4 11 7 -7 -8 -5 -1 -2 -3
right_child=5 3 4 9 -6 6 8 -9 -10 -11 -12 -13 -14
leaf_value=-0.011800888132310654 0.00079628656983153038 -0.050336714167038908 0.015775025303961729 0.0093715637506583561 -0.0018479389004272546 0.02161268530497519 0.021834849043415705 -0.016808284732702294 0.010013581643136293 0.057829987768013021 -0.041691346967407526 -0.054444921767798693 -0.0032335619499962351
leaf_weight=62.37520956993103 5.2061523199081403 4.943606048822403 36.083828255534172 139.81372487545013 357.95362985134125 12.47548834979534 84.223607331514359 28.311322540044785 555.84307944774628 4.3210489749908438 12.394131302833555 3.9109428524971008 6.013542562723158
leaf_count=304 16 21 119 469 1314 34 226 94 1594 10 58 16 23
internal_value=0.00527965 -8.52616e-05 -0.00286912 0.0083297 -0.000234123 0.0101308 0.0105731 -0.00505644 0.0115691 0.0108243 -0.0167557 -0.0229004 -0.0244854
internal_weight=1313.87 623.899 468.807 155.092 394.037 689.971 680.853 40.7868 640.067 144.135 74.7693 9.1171 10.9571
internal_count=4298 2318 1795 523 1433 1980 1948 128 1820 479 362 32 44
is_linear=0
shrinkage=0.03


Tree=44
num_leaves=15
num_cat=0
split_feature=29 25 17 25 11 29 25 15 8 24 11 13 29 28
split_gain=36.7057 18.2648 18.4293 23.9805 14.0698 12.3799 12.1722 12.0387 12.1119 10.3773 9.93916 7.83561 7.66139 6.85689
threshold=0.032632015489152948 -0.00034703461401847021 0.0015684733840712532 0.00091992996561157724 0.031199541655662352 0.053282096047153039 -0.00044161127236986788 0.007354431491196264 0.020220809923638183 0.80870757199680154 0.032568981134927358 0.035371798076826173 0.02039151230675099 0.00081739852376540344
decision_type=2 2 2 2 2 2 2 2 2 2 2 2 2 2
left_child=7 4 5 -4 6 -3 -2 8 9 -1 11 -9 -12 -6
right_child=1 2 3 -5 13 -7 -8 10 -10 -11 12 -13 -14 -15
leaf_value=-0.01246422564186337 0.0047862518638413397 0.0053256270421043646 -0.00066473159336311461 0.034391539692176384 0.042635470637668052 0.014585792204359521 0.025004102872245155 0.012394612913138344 0.034949570534967479 0.0026806788116146159 0.012072079111045906 0.054728788138355987 -0.034821097158672293 0.0086804154262943647
leaf_weight=164.59832964837551 69.137200117111206 272.42908461391926 360.18235750496387 18.461993783712387 24.721111074090008 248.41512885689735 43.765978738665581 26.807799562811855 5.8701077550649634 54.103001490235329 5.8809274286031705 4.6118244379758826 6.7172838896512985 6.8317435085773459
leaf_count=754 210 857 1135 46 59 691 118 96 17 234 18 12 31 20
internal_value=0.00512642 0.00767113 0.0060809 0.00104455 0.0175731 0.00974224 0.0126235 -0.00476429 -0.00757621 -0.00871763 0.00958165 0.0186085 -0.0129311 0.0352836
internal_weight=1312.53 1043.94 899.489 378.644 144.456 520.844 112.903 268.589 224.571 218.701 44.0178 31.4196 12.5982 31.5529
internal_count=4298 3136 2729 1181 407 1548 328 1162 1005 988 157 108 49 79
is_linear=0
shrinkage=0.03


Tree=45
num_leaves=13
num_cat=0
split_feature=7 18 5 11 26 6 11 4 14 3 22 17
split_gain=28.4123 19.0742 16.5333 17.2782 14.3492 14.2573 7.76987 7.53964 10.1167 9.90414 5.62907 1.78664
threshold=1362342.2310000001 0.0051906651288169707 -0.02817455228034282 0.039432122005690663 0.003136482395854874 17356.000000000004 0.00011756138177880373 307.50000000000006 0.36648829710905667 0.31356507691427843 1940085425.0530002 -1.0000000180025095e-35
decision_type=2 2 2 2 2 2 2 2 2 2 2 2
left_child=6 4 11 -4 5 -2 -1 9 -9 -8 -6 -3
right_child=1 2 3 -5 10 -7 7 8 -10 -11 -12 -13
leaf_value=0.01813198078951183 0.023247971011145396 -0.02234523407185026 0.0062533150023228743 0.018059129078276261 -0.029756248837727865 -0.0069130096928746694 -0.040945117796371326 0.019168290052130575 -0.018544400370598398 -0.01251517978237671 0.015316969740247544 -0.051749948505662821
leaf_weight=7.2276226282119742 18.647133901715279 3.6611316800117493 987.96990522742271 125.77387574315071 24.011438757181171 57.915304005146027 15.549672454595564 11.959373593330385 13.776227355003355 37.927689909934998 2.7826816588640204 3.7795960158109656
leaf_count=29 65 15 3080 350 128 241 79 46 64 174 11 16
internal_value=0.00497855 0.00615196 0.00728877 0.00758653 -0.00617986 0.000432836 -0.0116442 -0.0143611 -0.00101925 -0.0207818 -0.0250752 -0.0372817
internal_weight=1310.98 1224.54 1121.18 1113.74 103.357 76.5624 86.4406 79.213 25.7356 53.4774 26.7941 7.44073
internal_count=4298 3906 3461 3430 445 306 392 363 110 253 139 31
is_linear=0
shrinkage=0.03


Tree=46
num_leaves=14
num_cat=0
split_feature=29 25 17 25 18 11 18 23 26 26 28 8 4
split_gain=33.475 17.2746 17.4366 22.7782 14.0499 13.2658 12.2819 11.3526 9.37003 8.2379 6.60703 4.78301 2.23003
threshold=0.032632015489152948 -0.00034703461401847021 0.0015684733840712532 0.00091992996561157724 0.0053919016726289579 0.031199541655662352 0.0077965224737663935 19.419412342220259 -0.0063877592869360312 0.003136482395854874 0.00081739852376540344 0.0059734567486824609 197.50000000000003
decision_type=2 2 2 2 2 2 2 2 2 2 2 2 2
left_child=7 5 4 -4 -3 6 -2 8 -1 -10 -7 12 -9
right_child=1 2 3 -5 -6 10 -8 11 9 -11 -12 -13 -14
leaf_value=0.038142890842143388 0.027740951910472 -0.0091140856645328342 -0.00084478817032518393 0.033435076646292521 0.010601553372127821 0.04148515217479623 0.0058373072841318898 0.043170576201350126 -0.0043785392836253904 -0.018251731343538531 0.008059376251528378 -0.0026207028602629554 0.01736355296464091
leaf_weight=4.1911114156246176 32.295053318142891 34.867777034640312 360.06293649971485 18.333767905831337 485.34200523793697 24.441804483532909 80.391975656151772 5.492662727832796 196.61957757174969 47.90788109600544 6.8035980463027945 6.6546870023012152 6.6767069846391678
leaf_count=15 88 129 1135 46 1419 59 240 13 834 260 20 21 19
internal_value=0.00483218 0.00726148 0.00571597 0.000816112 0.00928009 0.0169105 0.0121147 -0.00463416 -0.00633426 -0.00709658 0.0342068 0.0178289 0.0290116
internal_weight=1310.08 1042.54 898.606 378.397 520.21 143.932 112.687 267.543 248.719 244.527 31.2454 18.8241 12.1694
internal_count=4298 3136 2729 1181 1548 407 328 1162 1109 1094 79 53 32
is_linear=0
shrinkage=0.03


Tree=47
num_leaves=14
num_cat=0
split_feature=13 5 1 10 28 4 12 20 6 9 0 24 3
split_gain=26.6419 15.5148 15.4664 16.3989 12.9575 12.3148 11.8852 14.9698 9.11721 17.222 10.8412 9.00369 1.68472
threshold=0.024192824024262771 -0.02817455228034282 0.021526183774878308 -0.012059265818568936 -0.0019621318720245699 1.0000000180025095e-35 -0.0025600610583555229 -0.004322004727076072 11083.000000000002 1.7211513407664951 0.0033582835033597771 0.48862143947061215 0.24798765908214584
decision_type=2 2 2 2 2 2 2 2 2 2 2 2 2
left_child=4 12 5 -4 8 -3 7 -6 10 -10 -1 -8 -2
right_child=1 2 3 -5 6 -7 11 -9 9 -11 -12 -13 -14
leaf_value=-0.028659288288863594 -0.049950646250992756 -0.022615809695259545 0.0029993219229952437 0.012606564765538154 -0.0044367069488588963 0.0026716623780201317 0.0040427324166821717 0.010950407014597119 0.029396607353057182 -0.0084136524465796055 0.03478333424276394 -0.021267811413404683 -0.020756510058273593
leaf_weight=9.0124803334474546 3.7897220551967612 22.08453243970871 231.08430284261703 519.1287064999342 245.99031747877598 80.55018238723278 16.981652706861496 74.028785079717636 33.68794521689415 15.98714943230152 3.3160822242498389 49.579080000519753 3.3530145138502121
leaf_count=40 17 84 717 1516 935 267 65 259 96 65 11 213 13
internal_value=0.00469267 0.00778424 0.008153 0.00964729 -0.00123427 -0.0027696 -0.00327624 -0.000877265 0.011497 0.017228 -0.0115948 -0.0148103 -0.036246
internal_weight=1308.57 859.99 852.848 750.213 448.583 102.635 386.58 320.019 62.0037 49.6751 12.3286 66.5607 7.14274
internal_count=4298 2614 2584 2233 1684 351 1472 1194 212 161 51 278 30
is_linear=0
shrinkage=0.03


Tree=48
num_leaves=15
num_cat=0
split_feature=29 7 13 11 17 28 5 28 28 18 17 5 7 17
split_gain=31.1878 14.8216 16.5898 13.1697 11.2974 15.1916 13.3834 11.0304 10.6507 10.5732 13.4454 10.0715 10.0593 8.74229
threshold=0.046161477429879576 100224125.64300002 0.014611448449437061 0.00088662613648597709 0.0071658434963870104 -0.0032118460749505869 0.0048058592444613522 -0.0019621318720245699 -0.0019621318720245699 0.019296041168288095 0.020960223430553353 0.015063736778219098 20039121.697000008 0.0029752108994023588
decision_type=2 2 2 2 2 2 2 2 2 2 2 2 2 2
left_child=1 2 12 13 5 6 -2 -4 -7 -6 -11 -5 -1 -3
right_child=4 3 7 11 9 8 -8 -9 -10 10 -12 -13 -14 -15
leaf_value=-0.01112737072051348 -0.024381484722827446 -0.041775908769589594 0.011002306585303958 0.0087449538417738309 -0.0046769400447789706 0.022772638631477656 0.017302277778966726 -0.0027207236269163534 0.010415766626995029 0.020207846047662167 -0.015241728292935979 0.055296514068490739 -0.041028523709411749 0.016834997576664051
leaf_weight=61.37820166349411 19.62463836371899 7.5946494638919813 62.707801222801208 139.59529908001423 91.396186143159866 73.321202531456947 10.718547791242598 330.79943723976612 436.54187746345997 41.781121179461479 12.513235688209532 4.3120250999927512 12.126486241817473 3.2793997526168823
leaf_count=304 69 33 208 469 286 196 30 1225 1245 113 41 10 58 11
internal_value=0.00455481 -0.000311138 -0.00297764 0.00773433 0.00896599 0.0109655 -0.00965695 -0.000533874 0.0121928 0.00155212 0.0120378 0.0101398 -0.0160603 -0.0241
internal_weight=1307.69 621.793 467.012 154.781 685.897 540.206 30.3432 393.507 509.863 145.691 54.2944 143.907 73.5047 10.874
internal_count=4298 2318 1795 523 1980 1540 99 1433 1441 440 154 479 362 44
is_linear=0
shrinkage=0.03


Tree=49
num_leaves=15
num_cat=0
split_feature=29 7 14 28 28 25 28 22 29 22 26 25 9 29
split_gain=29.4137 13.9194 19.628 10.8161 25.0871 19.0536 18.5999 14.3852 9.32775 10.0884 8.08436 8.03061 7.12812 4.73539
threshold=0.045799634958067506 100224125.64300002 0.093884018442756609 -0.0027696511046732589 -0.0019621318720245699 0.00051039110794297911 -0.0017208337492961205 427242888.05900007 0.044923170444150486 26424609.962500002 1.0000000180025095e-35 0.00027196287688886013 1.7749908674607224 0.065756621496700932
decision_type=2 2 2 2 2 2 2 2 2 2 2 2 2 2
left_child=1 8 -3 5 12 7 -6 -2 9 -1 -4 -10 -5 -7
right_child=3 2 10 4 6 13 -8 -9 11 -11 -12 -13 -14 -15
leaf_value=-0.015032693712528168 0.017820821364368633 -0.031242832130929616 0.018350933973859087 0.031107711962251164 -0.030368456501845123 -0.057175040163267368 0.0082891977837140588 -0.022291779033696307 -0.041201755742803922 -0.00065106702277147998 0.0039454743700594718 0.011320482747908797 0.0091342907893484995 -0.015107795983250167
leaf_weight=49.389015622437 24.863805338740349 10.943198561668394 64.002051278948784 57.30089445412159 11.429137781262396 6.4138510972261411 562.84706568717957 11.896108672022818 10.035378888249396 394.88284903764725 77.539828881621361 3.5457342416048041 17.297850877046585 3.8562607914209366
leaf_count=261 69 44 202 146 40 26 1629 41 40 1456 270 11 50 13
internal_value=0.00442303 -0.000383965 0.00746652 0.00863897 0.00964588 -0.00525332 0.00751984 0.00483973 -0.00299852 -0.00224985 0.0104593 -0.0274893 0.0260125 -0.0413795
internal_weight=1306.24 610.338 152.485 695.905 648.875 47.03 574.276 36.7599 457.853 444.272 141.542 13.5811 74.5987 10.2701
internal_count=4298 2284 516 2014 1865 149 1669 110 1768 1717 472 51 196 39
is_linear=0
shrinkage=0.03


Tree=50
num_leaves=14
num_cat=0
split_feature=29 25 17 25 25 25 18 15 15 8 8 14 20
split_gain=28.3054 16.279 16.5039 21.7322 12.864 19.2327 12.3949 10.7672 12.0262 10.8735 9.2226 8.90118 5.87573
threshold=0.032632015489152948 -0.00034703461401847021 0.0015684733840712532 0.00046462623231768142 -0.00045651181314955007 -0.001013258929688022 0.0053919016726289579 0.0082719934166576772 0.0087644321736306801 0.020220809923638183 0.0078477168784697095 0.89372381376879417 -0.052738353419127353
decision_type=2 2 2 2 2 2 2 2 2 2 2 2 2
left_child=7 4 6 -4 5 -2 -3 9 -9 10 -1 -10 -6
right_child=1 2 3 -5 12 -7 -8 8 11 -11 -12 -13 -14
leaf_value=-0.0053709877374795807 0.031775203541593626 -0.0088123126617614764 -0.0030848767871417076 0.015745682149125858 -0.021122411549188216 -0.0022797930461176067 0.0097491010613120974 0.054187606517695101 0.024214276090834232 0.033323108092889429 -0.022499943423197423 -0.0084211161644500952 0.026932952527053539
leaf_weight=190.00344032049179 20.731059893965721 34.702019870281219 310.46944890916348 67.076715350151062 2.3716791421174994 53.293527767062187 483.69212235510349 4.9341666847467414 12.068066999316214 5.904986083507537 33.239131763577461 19.965495735406876 66.428782001137733
leaf_count=856 55 129 990 191 8 167 1419 14 38 17 158 79 177
internal_value=0.00429486 0.00653124 0.00503177 0.000260653 0.0159374 0.00725753 0.00850657 -0.00443475 0.0105892 -0.00685852 -0.00792136 0.00387368 0.0252764
internal_weight=1304.88 1038.77 895.94 377.546 142.825 74.0246 518.394 266.115 36.9677 229.148 223.243 32.0336 68.8005
internal_count=4298 3136 2729 1181 407 222 1548 1162 131 1031 1014 117 185
is_linear=0
shrinkage=0.03


Tree=51
num_leaves=15
num_cat=0
split_feature=29 7 14 17 28 5 25 11 18 17 10 22 28 9
split_gain=26.7799 13.0522 13.4332 10.4458 13.7973 12.5811 10.6958 10.069 9.96635 12.7376 8.67576 8.59861 8.40855 8.11672
threshold=0.046161477429879576 100224125.64300002 0.093884018442756609 0.0071658434963870104 -0.0032118460749505869 0.0048058592444613522 -0.001013258929688022 0.00088662613648597709 0.019296041168288095 0.018887003070973431 -0.018165477926908577 26424609.962500002 -0.0022482753680198387 2.3117344724740732
decision_type=2 2 2 2 2 2 2 2 2 2 2 2 2 2
left_child=1 11 -3 4 5 -2 -6 -4 10 -10 -5 13 -13 -1
right_child=3 2 7 8 6 -7 -8 -9 9 -11 -12 12 -14 -15
leaf_value=-0.0073221692519349589 -0.023769332368454986 -0.023551017195195829 -0.020211159565524103 -0.035815444319837034 0.040335784961113764 0.016674177418478993 0.010717336130214698 0.011856942696718279 0.021303488879770415 -0.0099368351901851157 -0.0021454043404387116 0.0093496754591990798 -0.0031337586932257298 -0.034829064143671304
leaf_weight=35.853609755635262 19.580566391348842 11.807508394122122 9.4344035387039167 7.5046949684619895 11.221352055668829 10.708325758576391 496.14521697163582 133.61619518697262 36.826301112771034 17.247566267848015 83.750503078103065 56.125947862863541 360.3327713906765 13.212649427354334
leaf_count=183 69 46 38 27 29 30 1412 439 99 55 259 188 1345 79
internal_value=0.00417086 -0.000341122 0.0072035 0.00826928 0.0101982 -0.00947095 0.0113724 0.009742 0.00113315 0.011339 -0.00491438 -0.00285086 -0.00145137 -0.0147293
internal_weight=1303.37 620.383 154.858 682.985 537.655 30.2889 507.367 143.051 145.329 54.0739 91.2552 465.525 416.459 49.0663
internal_count=4298 2318 523 1980 1540 99 1441 477 440 154 286 1795 1533 262
is_linear=0
shrinkage=0.03


Tree=52
num_leaves=14
num_cat=0
split_feature=29 11 14 25 1 26 23 9 17 13 8 8 4
split_gain=25.5868 15.527 17.1683 14.8386 14.6559 12.8777 10.5836 10.4698 10.7371 9.90018 8.51887 4.57611 2.10629
threshold=0.032632015489152948 0.0389259934317965 0.87595208195001817 -0.00013553651067079432 0.020474667162901666 0.0090028308243935724 19.419412342220259 1.4532530813411066 -0.0015978590491103986 0.014456576987534307 -0.018693763596894473 0.0059734567486824609 197.50000000000003
decision_type=2 2 2 2 2 2 2 2 2 2 2 2 2
left_child=6 2 4 -4 -2 10 7 8 -1 -9 -3 12 -8
right_child=1 5 3 -5 -6 -7 11 9 -10 -11 -12 -13 -14
leaf_value=-0.012833532296543635 -0.0093957729780776537 -0.0069000897741124919 0.0100530946555152 -0.013773558612372477 0.0073883134995475332 -0.024943882933487573 0.042251081801201421 -0.023447835333704869 0.010270456264957534 -0.0061693592192712992 0.021049989484008422 -0.0025947593287579539 0.017107353699967937
leaf_weight=26.776945620775223 49.9228705316782 10.816432848572729 34.233663469552994 75.193458616733551 754.11689502000809 6.4942068308591834 5.4573203921318072 39.251560263335705 55.88705675303936 124.54070877283812 105.9270636588335 6.6119476705789557 6.655064657330513
leaf_count=125 171 34 103 260 2258 23 13 217 240 527 287 21 19
internal_value=0.00405037 0.00617746 0.00482892 -0.00631952 0.00634619 0.0161731 -0.00426534 -0.00591731 0.00278649 -0.01031 0.0184604 0.0174784 0.028436
internal_weight=1301.89 1036.7 913.467 109.427 804.04 123.238 265.181 246.456 82.664 163.792 116.743 18.7243 12.1124
internal_count=4298 3136 2792 363 2429 344 1162 1109 365 744 321 53 32
is_linear=0
shrinkage=0.03


Tree=53
num_leaves=13
num_cat=0
split_feature=29 11 26 15 25 0 18 11 10 1 26 0
split_gain=24.3016 14.6496 16.4414 15.7677 14.3183 10.8702 10.1727 11.099 8.93633 8.85627 7.40641 1.00761
threshold=0.040392027961091766 0.036190772914008913 0.0090028308243935724 0.015089401190431895 -0.001013258929688022 -0.0064305224965839824 0.017346006022887623 0.0097144000362379031 0.024195202628421838 0.031067663267514301 -0.00069289595436857257 -0.0094425011141527748
decision_type=2 2 2 2 2 2 2 2 2 2 2 2
left_child=5 3 10 4 -2 11 7 -7 -5 -8 -3 -1
right_child=1 2 -4 8 -6 6 9 -9 -10 -11 -12 -13
leaf_value=-0.021929610953402658 0.034250622808311697 0.0035686169355224665 -0.028219602220482816 -0.0047537108096802746 0.005410796180286971 -0.0067482875732661962 0.051741413425298977 0.0028409536308982323 -0.041218613262349567 0.0047145000729671652 0.021677040824943327 -0.043558957905610117
leaf_weight=3.0700123012065887 15.865900129079817 25.082952737808228 7.2286243289709082 17.400243684649471 660.12467736005783 212.18574092537165 5.9391600191593161 222.58972327411175 9.2714196890592557 9.1671126782894117 107.22553183138371 5.2588961869478208
leaf_count=16 42 75 26 55 1969 903 14 816 35 32 288 27
internal_value=0.00393322 0.00695821 0.015837 0.00519502 0.00608768 -0.00162676 -0.00099805 -0.00183893 -0.0174294 0.0232035 0.0182441 -0.0355864
internal_weight=1300.41 842.199 139.537 702.662 675.991 458.211 449.882 434.775 26.6717 15.1063 132.308 8.32891
internal_count=4298 2490 389 2101 2011 1808 1765 1719 90 46 363 43
is_linear=0
shrinkage=0.03


Tree=54
num_leaves=14
num_cat=0
split_feature=29 7 13 14 29 6 7 17 15 18 11 3 10
split_gain=23.1621 12.0876 14.2957 12.6708 10.6343 10.2939 9.90927 9.65184 12.4253 9.63437 9.38199 6.84338 6.81361
threshold=0.046161477429879576 100224125.64300002 0.014611448449437061 0.093884018442756609 0.020007434860058581 3257.0000000000005 20039121.697000008 0.0071658434963870104 -0.014423459808769534 0.019296041168288095 0.00088662613648597709 0.60860313201073291 0.003133800131995088
decision_type=2 2 2 2 2 2 2 2 2 2 2 2 2
left_child=1 2 6 11 -4 12 -1 8 -7 -9 -5 -3 -2
right_child=5 3 4 10 -6 7 -8 9 -10 -11 -12 -13 -14
leaf_value=-0.010159267812648377 -0.0014816908241517953 -0.048394141709496838 0.015016242885126355 -0.019679131878507727 -0.0021148825178474739 -0.0023800575392311603 -0.040210357573646875 -0.0047679997293471514 0.011669453484041607 0.011301984694266734 0.011379325235895984 -0.002354096960722031 -0.054071758149094151
leaf_weight=60.031776040792465 5.1418840289115888 5.2842727303504926 35.896589741110802 9.3673235923051816 356.44563187658787 64.559814617037773 11.820079393684862 90.644794330000877 462.6042835265398 53.331326633691788 133.56460338830948 6.4550559669733047 3.8981720507144928
leaf_count=304 16 24 119 38 1314 199 58 284 1313 152 439 22 16
internal_value=0.00381932 -0.00038032 -0.0028005 0.00688305 -0.000547503 0.00764038 -0.0151029 0.00806871 0.00994886 0.00118461 0.00934385 -0.0230783 -0.0241591
internal_weight=1299.05 618.865 464.194 154.671 392.342 680.18 71.8519 671.14 527.164 143.976 142.932 11.7393 9.04006
internal_count=4298 2318 1795 523 1433 1980 362 1948 1512 436 477 46 32
is_linear=0
shrinkage=0.03


Tree=55
num_leaves=13
num_cat=0
split_feature=29 7 11 28 14 26 26 24 7 12 6 22
split_gain=22.4234 14.6024 13.1104 17.4509 14.6894 10.0763 18.7357 18.1951 8.03771 7.80474 5.61647 0.701708
threshold=0.032632015489152948 285896.03500000009 0.0389259934317965 0.0038532421834644756 0.87595208195001817 0.003136482395854874 0.0025533234176104516 0.68397100305816105 557233593.10700011 -0.0078085126886956804 12977.000000000002 14402282.627500001
decision_type=2 2 2 2 2 2 2 2 2 2 2 2
left_child=5 11 4 -4 -3 6 9 -8 10 -1 -7 -2
right_child=1 2 3 -5 -6 8 7 -9 -10 -11 -12 -13
leaf_value=0.0009884209585324117 -0.046849205779661396 0.0061510188458740638 0.018533812562611416 -0.023589971763517542 -0.0056571153243311009 -0.0029558265942926168 -0.00075254591272310789 0.044748681645969367 0.017936200442823624 -0.011343142660762865 -0.027805575842021448 -0.02757376393213341
leaf_weight=94.607500374317169 3.6937976330518714 797.26722244918346 112.492785140872 9.607211232185362 107.61456516385078 11.191639952361582 17.462835446000103 14.458060771226881 5.347851797938346 90.261696353554726 30.478299625217915 3.1487064957618713
leaf_count=380 17 2406 309 34 356 63 66 41 21 414 177 14
internal_value=0.00370868 0.00570081 0.00599183 0.0152194 0.00474672 -0.00409817 -0.00136769 0.0198565 -0.0166879 -0.00503242 -0.0211315 -0.0379793
internal_weight=1297.63 1033.82 1026.98 122.1 904.882 263.808 216.79 31.9209 47.0178 184.869 41.6699 6.8425
internal_count=4298 3136 3105 343 2762 1162 901 107 261 794 240 31
is_linear=0
shrinkage=0.03


Tree=56
num_leaves=14
num_cat=0
split_feature=29 25 25 25 10 25 25 23 9 7 13 0 25
split_gain=21.1212 14.9453 15.2853 18.7527 16.9488 12.5801 17.6421 9.25549 9.99184 14.4439 9.04555 5.97035 4.58619
threshold=0.032632015489152948 -0.00034703461401847021 0.00040646633177548379 0.00035709747270263323 -0.012369884531685122 -0.00045651181314955007 -0.001013258929688022 19.419412342220259 1.4532530813411066 1256380.5090000003 0.014456576987534307 7.5045837299272434e-05 0.00023942909229000692
decision_type=2 2 2 2 2 2 2 2 2 2 2 2 2
left_child=7 5 3 -3 -4 6 -2 8 9 -1 -10 -7 -9
right_child=1 2 4 -5 -6 11 -8 12 10 -11 -12 -13 -14
leaf_value=-0.015424676561514665 0.029926221370529724 0.0032594770864055145 -0.0021743942922389536 -0.019925603358148854 0.018531606711693412 0.032099029646696614 -0.0031009350474433847 -0.0015589886798618357 -0.022624769603186642 0.011558888853657788 -0.0059275117000401603 0.014252491494463174 0.028769895211737159
leaf_weight=26.185133308172226 20.067625984549522 690.92386181652546 51.093690797686577 32.891658067703247 117.16696438193321 36.735966309905052 53.001851782202721 7.5701147764921215 38.199839383363724 56.113407030701637 123.94467601180077 31.198368564248085 11.018753096461294
leaf_count=144 55 2124 161 114 330 95 167 24 217 221 527 90 29
internal_value=0.00360144 0.00553384 0.00409927 0.0022059 0.0122441 0.0146098 0.00596956 -0.00398822 -0.00554008 0.00297346 -0.00986124 0.0239031 0.0164188
internal_weight=1296.11 1033.08 892.076 723.816 168.261 141.004 73.0695 263.032 244.443 82.2985 162.145 67.9343 18.5889
internal_count=4298 3136 2729 2238 491 407 222 1162 1109 365 744 185 53
is_linear=0
shrinkage=0.03


Tree=57
num_leaves=15
num_cat=0
split_feature=29 7 9 14 28 15 5 15 23 6 28 26 23 9
split_gain=20.5823 16.6652 13.6407 21.3381 19.0095 10.6127 13.3108 10.5748 16.262 14.1949 13.9126 18.1773 9.73664 5.73338
threshold=0.055212660069268012 1362342.2310000001 1.760162796231419 0.40395779874364129 -0.0019621318720245699 0.00015381465934449914 0.011504187089997281 -0.014423459808769534 1.0561276678484737 297016.50000000006 -0.0019621318720245699 -0.0033825309057520076 2.2160317424745775 0.94448102477205498
decision_type=2 2 2 2 2 2 2 2 2 2 2 2 2 2
left_child=1 5 4 -4 -3 12 -7 8 13 -10 -9 -12 -1 -2
right_child=7 2 3 -5 -6 6 -8 10 9 -11 11 -13 -14 -15
leaf_value=-0.0083384134255980562 0.0029611471987349902 0.019424739001082613 -0.01150047878524837 0.003554748811772394 0.0027323425516040064 -0.029457696604196577 0.022666815089392278 0.024594444668920492 0.0042972107677990388 -0.041465202156990753 -0.033182115732014808 0.0091709557891941473 0.030581897136960561 0.035725704532487634
leaf_weight=30.486657433211803 13.926297694444658 75.576913475990295 136.79756689816713 222.59279539436102 327.35244454443455 35.803789533674717 5.0284722670912734 52.53726814687252 10.828252643346788 13.971825212240217 9.3671631664037687 345.86674836277962 7.1397245973348609 7.3401295095682135
leaf_count=149 42 221 523 784 1082 183 20 141 32 52 33 994 24 18
internal_value=0.00349743 0.000718314 0.00207331 -0.00217584 0.00586331 -0.0124471 -0.0230386 0.00864601 -0.00497854 -0.0214843 0.0101852 0.00805415 -0.000953162 0.0142699
internal_weight=1294.62 840.778 762.32 359.39 402.929 78.4586 40.8323 453.838 46.0665 24.8001 407.771 355.234 37.6264 21.2664
internal_count=4298 2986 2610 1307 1303 376 203 1312 144 84 1168 1027 173 60
is_linear=0
shrinkage=0.03


Tree=58
num_leaves=12
num_cat=0
split_feature=7 25 28 28 23 11 5 27 26 17 23
split_gain=19.3098 15.4782 18.2346 31.697 29.8627 7.42553 7.32741 9.53132 8.47986 6.14678 1.75269
threshold=1362342.2310000001 -0.001013258929688022 0.0024722890846239909 0.0018580126527569119 1.1183778504530804 0.00011756138177880373 0.011019456758073441 0.0085376440830809627 0.0025533234176104516 0.0066684212490868413 0.954241666488295
decision_type=2 2 2 2 2 2 2 2 2 2 2
left_child=5 9 3 -3 -4 -1 8 -8 -7 10 -2
right_child=1 2 4 -5 -6 6 7 -9 -10 -11 -12
leaf_value=0.018762355328137532 0.048042972651827213 0.0036444655014346546 -0.016849688272801117 0.020502680713593083 0.0066624508473638938 -0.024464813353397147 -0.011416485538104395 0.046128079692034148 -0.0011269135587292207 0.0010721218346683775 0.027078890370213247
leaf_weight=7.1146888583898535 9.2964525222778338 881.44695099443197 92.322016306221485 113.27759774029255 102.69767199456692 44.719691649079323 7.3008460775017721 4.0152206122875214 20.406226299703121 4.8269213885068885 5.8463716655969611
leaf_count=29 24 2833 340 331 345 221 37 12 93 15 18
internal_value=0.00339599 0.00435941 0.00391977 0.00556425 -0.00446816 -0.0105521 -0.0132805 0.00900175 -0.0171522 0.0305521 0.0399491
internal_weight=1293.27 1209.71 1189.74 994.725 195.02 83.5567 76.442 11.3161 65.1259 19.9697 15.1428
internal_count=4298 3906 3849 3164 685 392 363 49 314 57 42
is_linear=0
shrinkage=0.03


Tree=59
num_leaves=11
num_cat=0
split_feature=18 25 5 7 23 17 12 20 27 20
split_gain=18.2741 21.1344 17.1484 14.7448 15.146 11.986 13.1246 10.4269 9.64847 1.27687
threshold=0.010177213426824485 -0.001013258929688022 -0.02817455228034282 2463207.4495000006 0.58803550984247466 0.0071658434963870104 -0.0031583907291814766 -0.060511887935446193 0.014649023908278474 -0.0034407597171967801
decision_type=2 2 2 2 2 2 2 2 2 2
left_child=1 9 -2 8 -5 7 -7 -4 -3 -1
right_child=2 3 5 4 -6 6 -8 -9 -10 -11
leaf_value=0.027574491028596514 -0.043685431252520335 -0.015586509687001876 -0.0035030599312139599 0.020599022480998763 -0.00037960113513595551 -0.0036071520695244086 0.016145488234753803 0.011109557817016445 0.0055686153780191297 0.046865480063342589
leaf_weight=5.5961849391460419 6.0192247033119193 88.704890236258507 48.872483238577843 33.20245885848999 461.33617802709341 142.49217134714127 38.442056000232697 436.18494360148907 24.835469350218773 6.8900025337934476
leaf_count=17 26 428 156 95 1625 452 112 1270 98 19
internal_value=0.0032958 -0.000416186 0.00672361 -0.00120952 0.00102887 0.00717921 0.000589578 0.00963725 -0.0109591 0.0382195
internal_weight=1292.58 620.565 672.011 608.079 494.539 665.992 180.934 485.057 113.54 12.4862
internal_count=4298 2282 2016 2246 1720 1990 564 1426 526 36
is_linear=0
shrinkage=0.03


Tree=60
num_leaves=15
num_cat=0
split_feature=29 5 18 17 29 15 23 6 28 26 1 9 17 29
split_gain=18.7458 12.8753 11.6625 14.2406 11.3705 9.93145 15.2102 13.3159 13.2001 17.0862 7.06116 6.71045 6.25828 0.205312
threshold=0.055212660069268012 -0.020768339107969862 0.010047684772070806 0.0071658434963870104 0.027320112613435341 -0.014423459808769534 1.0561276678484737 297016.50000000006 -0.0019621318720245699 -0.0033825309057520076 0.034472582753601426 4.7995054795066379 -0.00083138384056658432 0.034545623563042784
decision_type=2 2 2 2 2 2 2 2 2 2 2 2 2 2
left_child=1 11 4 -4 -3 6 10 -8 12 -10 -2 -1 -7 -13
right_child=5 2 3 -5 -6 8 7 -9 9 -11 -12 13 -14 -15
leaf_value=-0.0046366399060603705 0.031415474357278532 -0.010138392173388728 0.0093982322252952923 -0.0059949983026145615 0.00062379869731237284 0.010975461959899676 0.0039681010308845032 -0.040359439048525986 -0.032373475560454279 0.0086377842587643753 -0.0032502473794210436 -0.041949721689855161 0.03222071358099618 -0.05208948595292795
leaf_weight=5.7578541934490186 10.283742815256121 112.25378007441759 228.15963545441628 70.896828681230545 414.96932318806648 20.779119148850441 10.814702332019808 13.987674623727797 9.3921298533678037 344.48052434623241 10.886718794703482 3.0920361876487732 31.239739030599594 4.2917951196432114
leaf_count=23 26 537 688 239 1465 61 32 52 33 994 34 16 80 18
internal_value=0.00320012 0.000548105 0.00101667 0.00574898 -0.00166763 0.00812674 -0.00508859 -0.0210311 0.00962356 0.0075493 0.0135889 -0.0289129 0.0237342 -0.0478434
internal_weight=1291.29 839.421 826.28 299.056 527.223 451.864 45.9728 24.8024 405.892 353.873 21.1705 13.1417 52.0189 7.38383
internal_count=4298 2986 2929 927 2002 1312 144 84 1168 1027 60 57 141 34
is_linear=0
shrinkage=0.03


Tree=61
num_leaves=14
num_cat=0
split_feature=29 5 22 11 26 28 28 28 17 10 4 18 26
split_gain=17.6996 12.284 12.3213 13.2172 10.7537 9.26991 13.9616 13.8399 9.52654 8.62018 6.75758 6.31293 0.844349
threshold=0.056201749382250719 -0.020768339107969862 214904749.10400006 0.031199541655662352 -0.012359921126963077 -0.0032118460749505869 -0.0019621318720245699 -0.0013592539691529659 -0.0010911441364438452 -0.029400754291665023 17.500000000000004 0.0080980955932754301 0.0020274897638310608
decision_type=2 2 2 2 2 2 2 2 2 2 2 2 2
left_child=1 11 4 -4 -3 8 10 -8 9 -2 -7 -1 -13
right_child=5 2 3 -5 -6 6 7 -9 -10 -11 -12 12 -14
leaf_value=0.00043678275177119432 -0.042806209377825782 0.041043483297507427 0.0028325770600147238 0.018707260491672102 -0.002411023934323442 -0.011391921557763971 -0.016285467168286077 0.0084549401265277095 0.033247623808911379 -0.00015825415123206011 0.026899390584695676 -0.051010176461794031 -0.03166521870043592
leaf_weight=4.5094393342733374 8.277088731527332 5.1792690008878699 293.00668308138847 56.268048197031021 492.95544647425413 4.5435255616903296 21.666519373655319 334.89416295289993 3.53974924981594 8.8006746023893356 47.642046093940735 5.1961136460304242 3.3332349210977554
leaf_count=19 32 14 967 158 1854 15 71 967 9 27 127 23 15
internal_value=0.00310776 0.000625256 0.00106989 0.00538998 -0.00195921 0.00808272 0.00907273 0.00695158 -0.0115443 -0.0208285 0.0235656 -0.028272 -0.0434502
internal_weight=1289.81 860.448 847.409 349.275 498.135 429.364 408.746 356.561 20.6175 17.0778 52.1856 13.0388 8.52935
internal_count=4298 3050 2993 1125 1868 1248 1180 1038 68 59 142 57 38
is_linear=0
shrinkage=0.03


Tree=62
num_leaves=15
num_cat=0
split_feature=29 1 28 17 28 25 4 15 13 21 18 0 12 7
split_gain=16.9493 16.5871 15.3638 13.6574 17.3981 16.4401 13.4634 13.3611 12.4467 10.7393 10.3907 12.6723 10.523 8.80296
threshold=0.029854219814552756 0.020783221828057665 -0.0022482753680198387 0.0015684733840712532 -0.0027696511046732589 -0.00034703461401847021 82.500000000000014 0.0021095599537255534 0.016421881120735858 424208.00000000006 0.0079891577149889086 -5.3562456279635528e-05 -0.01190273189033182 3215212.7385000004
decision_type=2 2 2 2 2 2 2 2 2 2 2 2 2 2
left_child=6 2 13 4 -3 -5 8 -4 -1 -10 12 -12 -8 -2
right_child=1 3 7 5 -6 -7 10 -9 9 -11 11 -13 -14 -15
leaf_value=-0.013052607027759702 -0.016085105500748886 -0.0077417989942024116 -0.027517170940990907 0.016036414695834663 0.010210253827649597 -0.00092990843013060877 -0.038463291228914689 -0.0021347340085590902 0.033098478588756593 0.0037809030435320364 0.022449539460205351 -0.013967067362986689 -0.01203876950729939 0.032844976303440354
leaf_weight=25.598857492208481 4.6423277705907848 53.510998204350471 33.629212096333504 59.880143076181412 527.96013703197241 362.99351962655783 17.547133162617683 41.944173373281956 15.855316773056982 38.674100458621979 15.051522284746168 20.064014583826065 59.741961970925331 11.52321285009384
leaf_count=141 18 176 131 176 1591 1155 92 147 57 143 51 82 307 31
internal_value=0.00301745 0.00445945 -0.00775149 0.00557483 0.00855818 0.00147257 -0.00519183 -0.0134296 0.00420423 0.0123055 -0.0118899 0.00164213 -0.018038 0.0187935
internal_weight=1288.62 1096.08 91.7389 1004.34 581.471 422.874 192.533 75.5734 80.1283 54.5294 112.405 35.1155 77.2891 16.1655
internal_count=4298 3425 327 3098 1767 1331 873 278 341 200 532 133 399 49
is_linear=0
shrinkage=0.03


Tree=63
num_leaves=12
num_cat=0
split_feature=7 25 11 25 26 11 4 15 3 17 23
split_gain=16.3369 13.9104 13.8844 16.557 11.8433 7.33827 7.56179 10.0515 9.68528 5.92748 1.76761
threshold=1362342.2310000001 -0.001013258929688022 0.043799497920693715 0.00091992996561157724 -0.00063354322124212464 0.00011756138177880373 307.50000000000006 0.00048552778949744743 0.31356507691427843 0.0066684212490868413 0.954241666488295
decision_type=2 2 2 2 2 2 2 2 2 2 2
left_child=5 9 3 -3 -4 -1 8 -8 -7 10 -2
right_child=1 2 4 -5 -6 6 7 -9 -10 -11 -12
leaf_value=0.019242847007072468 0.046717074399455175 0.0019471691257404169 -0.0085255785736514326 0.027932423753557041 0.020032665666221708 -0.040013455330648602 0.018145258861214021 -0.020438073182520094 -0.011040289313848204 -7.6279287452039879e-05 0.025376860908443072
leaf_weight=7.0675433203577986 8.9695072174072283 1074.7605478689075 15.96073643863201 22.531019538640976 72.141694247722626 14.549300156533716 13.619150757789614 10.972731351852415 36.270488046109676 4.772733360528945 5.7215987443923941
leaf_count=29 24 3538 52 60 199 79 55 55 174 15 18
internal_value=0.00292955 0.00381378 0.00340073 0.00248073 0.014859 -0.00998728 -0.0127267 0.000929637 -0.0193351 0.0289697 0.0384059
internal_weight=1287.34 1204.86 1185.39 1097.29 88.1024 82.4792 75.4117 24.5919 50.8198 19.4638 14.6911
internal_count=4298 3906 3849 3598 251 392 363 110 253 57 42
is_linear=0
shrinkage=0.03


Tree=64
num_leaves=15
num_cat=0
split_feature=29 7 28 28 29 29 29 4 17 29 10 18 23 10
split_gain=16.0743 12.3023 10.4263 13.9038 9.65415 16.5096 22.2379 9.65071 8.50772 6.65555 10.7941 9.46208 5.34618 7.27994
threshold=0.049252453319895681 3659937.4885000004 -0.0032118460749505869 -0.00041000503492609106 0.019547370574449802 0.020007434860058581 0.027089196092937178 262.50000000000006 -0.0010911441364438452 0.055212660069268012 0.0025743443650964883 0.0098653028950856387 0.95923422277200088 0.015658672132184168
decision_type=2 2 2 2 2 2 2 2 2 2 2 2 2 2
left_child=4 9 8 -4 12 7 -7 -6 -3 10 -2 -11 -1 -14
right_child=1 2 3 -5 5 6 -8 -9 -10 11 -12 -13 13 -15
leaf_value=0.012433618718741886 -0.0043592948882280628 -0.019026234554341302 0.0154926929643754 0.005105335768167101 0.026412747297554121 -0.015912633753289097 0.0012531511647608843 -0.010534149458665982 0.031323023201599118 -0.034159627073025715 -0.051567512367510678 0.015183825678771461 -0.039377808298176983 0.013367583512561971
leaf_weight=3.3948502242565182 10.892309576272966 20.631721824407581 172.1476916372776 355.42486102879047 31.988145917654037 77.248206533491611 562.58204832673073 7.9426304847002021 3.5384568870067588 4.719518497586253 7.2675042003393164 13.509092375636099 12.228578776121138 2.9167909622192374
leaf_count=19 34 71 483 1047 95 391 1952 30 9 17 29 38 72 11
internal_value=0.00284369 0.00649777 0.00761204 0.00849475 -0.000233896 0.000348658 -0.000819314 0.0190636 -0.0116552 -0.0103975 -0.0232519 0.00240845 -0.0215927 -0.0292198
internal_weight=1286.43 588.131 551.743 527.573 698.301 679.761 639.83 39.9308 24.1702 36.3884 18.1598 18.2286 18.5402 15.1454
internal_count=4298 1728 1610 1530 2570 2468 2343 125 80 118 63 55 102 83
is_linear=0
shrinkage=0.03


Tree=65
num_leaves=12
num_cat=0
split_feature=7 28 28 28 28 9 1 5 22 28 29
split_gain=15.221 13.8414 31.7764 31.6327 22.5893 19.9201 16.921 11.1335 5.58708 3.69667 0.245144
threshold=454406.57350000012 0.0024722890846239909 0.002866508132802073 0.0018580126527569119 0.0032060574555284422 1.760162796231419 0.030240000052905197 0.017919901516689225 27027822.533500005 0.0013470420720085813 0.037070029345995424
decision_type=2 2 2 2 2 2 2 2 2 2 2
left_child=8 3 7 5 -4 -2 -5 -3 9 10 -1
right_child=1 2 4 6 -6 -7 -8 -9 -10 -11 -12
leaf_value=-0.037735190091898879 0.0060993714971905432 -0.022537830826256863 0.024436930012865846 0.0083872146119576794 -0.0025975316835129248 -0.0030374629103429836 0.031017153958894445 0.031705143588066004 0.0021201178863948199 -0.010742085567171785 -0.047204367181183281
leaf_weight=7.0900806337595039 587.37032921612263 69.133316621184349 37.6369868516922 62.366979375481606 106.61405114084482 338.52589452266693 56.838979870080948 3.581990234553813 6.4287918806076041 5.4501542001962653 3.7684036195278168
leaf_count=45 1845 283 114 207 369 1199 150 11 29 29 17
internal_value=0.00276174 0.00320002 -0.00369527 0.00463151 0.00445611 0.00275876 0.0191775 -0.0198658 -0.0215656 -0.0309024 -0.0410214
internal_weight=1284.81 1262.07 216.966 1045.1 144.251 925.896 119.206 72.7153 22.7374 16.3086 10.8585
internal_count=4298 4178 777 3401 483 3044 357 294 120 91 62
is_linear=0
shrinkage=0.03


Tree=66
num_leaves=12
num_cat=0
split_feature=29 21 10 6 26 5 1 9 12 29 12
split_gain=14.8391 10.2093 9.39502 11.4021 10.363 9.23153 10.7963 12.1887 8.94604 8.73829 3.30974
threshold=0.049252453319895681 82986.500000000015 -0.012369884531685122 632478.00000000012 -0.0065386384775231428 -0.022039637128436356 0.076865993306735117 29.947422862453532 -0.01090541241096212 0.019547370574449802 -0.0091524091780739395
decision_type=2 2 2 2 2 2 2 2 2 2 2
left_child=5 8 3 -3 -4 10 9 -8 -2 -7 -1
right_child=1 2 4 -5 -6 6 7 -9 -10 -11 -12
leaf_value=-0.046215349112064152 -0.0036773467696148351 0.0061317907344836456 0.039892332174755393 -0.011379627723650677 0.0083648468043803232 -0.021132494703531839 0.02786906839333228 -0.021570542850374016 -0.058595986668975655 -9.6516231388006963e-05 -0.0069126255461813826
leaf_weight=5.2381190210580826 8.662670746445654 101.83374215662479 9.6014299094676954 49.844315007328987 412.78263334929943 18.278034143149853 22.908205300569538 5.5814564526081076 3.8586101382970801 642.3028444647789 3.0519178435206396
leaf_count=25 27 299 24 161 1201 102 66 22 16 2341 14
internal_value=0.00268061 0.00619715 0.00678167 0.000377203 0.00908151 -0.000277326 0.00010127 0.0181833 -0.0206013 -0.000678574 -0.0317463
internal_weight=1283.94 586.583 574.062 151.678 422.384 697.361 689.071 28.4897 12.5213 660.581 8.29004
internal_count=4298 1728 1685 460 1225 2570 2531 88 43 2443 39
is_linear=0
shrinkage=0.03


Tree=67
num_leaves=13
num_cat=0
split_feature=7 25 28 28 25 24 10 3 27 21 29 25
split_gain=14.2316 13.7968 17.0701 30.7805 25.0962 7.11376 8.68292 7.05245 3.05899 2.14771 0.144992 0.00637476
threshold=454406.57350000012 -0.001013258929688022 0.0024722890846239909 0.0018580126527569119 0.00054953301612046255 0.83424206658266487 -0.001502007639324898 0.29816470852353377 0.020175586881251855 349390.00000000006 0.039480697125769522 -3.0305715736434386e-05
decision_type=2 2 2 2 2 2 2 2 2 2 2 2
left_child=5 7 3 -3 -4 6 -1 -2 -8 -9 11 -7
right_child=1 2 4 -5 -6 10 8 9 -10 -11 -12 -13
leaf_value=0.024297318559630601 -0.0087391425939826305 0.0023202129119353132 -0.0092404393538937004 0.018540367049770183 0.022820505102965384 -0.039273395111569603 -0.040044760714004979 0.050562746635924895 -0.000854464526545961 0.027990964527003309 -0.046056281464504543 -0.037362069318157221
leaf_weight=5.0245223864912987 3.9269977658987072 916.73009569942951 179.13241904228926 118.95866645872593 25.045649170875549 2.6058415919542313 5.0777859687805194 5.8667494654655483 2.7705633193254471 10.73780010640621 3.0301596522331238 3.9527591094374639
leaf_count=22 14 3020 664 357 75 15 30 16 13 32 14 26
internal_value=0.0026024 0.00302422 0.00262031 0.00418325 -0.00530766 -0.0210673 -0.00649611 0.0274155 -0.0262101 0.0359661 -0.040629 -0.0381215
internal_weight=1282.86 1260.4 1239.87 1035.69 204.178 22.4616 12.8729 20.5315 7.84835 16.6045 9.58876 6.5586
internal_count=4298 4178 4116 3377 739 120 65 62 43 48 55 41
is_linear=0
shrinkage=0.03


Tree=68
num_leaves=15
num_cat=0
split_feature=29 25 17 25 17 25 25 4 25 25 21 18 12 25
split_gain=14.1508 13.9434 16.1967 18.8646 13.8817 13.8796 13.1988 12.2538 11.185 17.5928 11.3642 9.5468 10.4192 8.85902
threshold=0.029854219814552756 -0.00034703461401847021 0.0015684733840712532 0.00091992996561157724 0.0010468318478590052 -0.00045651181314955007 -0.001013258929688022 82.500000000000014 0.00023942909229000692 0.00041867637370380899 156568.50000000003 0.0079891577149889086 -0.01190273189033182 0.00038464346425174398
decision_type=2 2 2 2 2 2 2 2 2 2 2 2 2 2
left_child=7 5 4 -4 -3 6 -2 8 10 -10 -1 12 -9 -13
right_child=1 2 3 -5 -6 -7 -8 11 9 -11 -12 13 -14 -15
leaf_value=0.027044422118137654 0.024947887368973382 0.0046444321581929427 -0.0035782018455571083 0.028284663057827956 0.025196965459928153 0.021666462364650838 -0.0037768739625392428 -0.038012257870435287 0.030213253590500519 -0.02434949710647881 -0.011490906003676632 0.0066031250830314069 -0.011434780725227791 -0.043192531648057107
leaf_weight=8.2931111603975278 19.204451024532318 517.09121558070183 375.51308574527502 17.502689436078072 31.371410667896271 73.34792648255825 57.507506683468819 17.142373457551003 23.983611524105076 6.8338897526264182 40.636997044086456 31.414078503847122 58.851140208542347 3.5821341872215262
leaf_count=38 57 1612 1221 47 90 211 187 92 80 36 187 116 307 17
internal_value=0.00252539 0.00384279 0.00248912 -0.00215921 0.00582001 0.0123358 0.00341422 -0.00501377 0.00395683 0.0181138 -0.00495959 -0.0114593 -0.01743 0.00150615
internal_weight=1282.28 1091.54 941.478 393.016 548.463 150.06 76.712 190.737 79.7476 30.8175 48.9301 110.99 75.9935 34.9962
internal_count=4298 3425 2970 1268 1702 455 244 873 341 116 225 532 399 133
is_linear=0
shrinkage=0.03


Tree=69
num_leaves=14
num_cat=0
split_feature=29 7 15 5 5 29 28 23 15 23 28 6 18
split_gain=13.811 11.2693 13.1353 13.8404 10.3308 10.0997 8.85001 12.0567 9.08068 14.4187 9.88893 8.81913 4.08447
threshold=0.056201749382250719 1256380.5090000003 0.00036245996849298192 0.011504187089997281 -0.020768339107969862 0.019547370574449802 0.0038532421834644756 0.92031534833985107 -0.014423459808769534 1.0561276678484737 -0.0019621318720245699 11803.500000000002 0.010631801465882272
decision_type=2 2 2 2 2 2 2 2 2 2 2 2 2
left_child=1 2 11 -4 12 -6 8 -8 9 -2 -10 -1 -3
right_child=6 4 3 -5 5 -7 7 -9 10 -11 -12 -13 -14
leaf_value=0.0091238827931546598 0.013466535314593903 -0.0028977576513452481 -0.031492144414636374 0.022650305966566798 -0.025979941133644661 0.0021039828488953263 -0.046165319383132189 0.0069627015612322395 0.021876399213306544 -0.020572773709025768 0.007356455034295147 -0.030783381105930867 -0.042359982532935631
leaf_weight=28.017964407801628 20.680934950709343 3.6406508833169919 30.766296915709972 4.9302007108926764 11.701229088008402 764.51091673225164 6.5825252681970587 9.2417074739932996 48.749420866370201 24.429580792784691 314.9138276129961 6.0621819570660582 6.713559627532959
leaf_count=125 59 15 167 19 64 2593 26 27 136 83 917 37 30
internal_value=0.002452 0.000258514 -0.0112962 -0.0240143 0.00128353 0.00168062 0.00687589 -0.0151374 0.00772806 -0.00496744 0.00930287 0.00202517 -0.0284846
internal_weight=1280.94 856.343 69.7766 35.6965 786.566 776.212 424.598 15.8242 408.774 45.1105 363.663 34.0801 10.3542
internal_count=4298 3050 348 186 2702 2657 1248 53 1195 142 1053 162 45
is_linear=0
shrinkage=0.03


Tree=70
num_leaves=12
num_cat=0
split_feature=13 5 1 10 18 0 28 18 28 13 18
split_gain=13.4366 12.1289 11.7715 12.746 11.9271 11.1404 9.73529 13.9128 11.9382 1.62556 0.174051
threshold=0.024192824024262771 -0.02817455228034282 0.021526183774878308 -0.012059265818568936 0.0079891577149889086 -0.0064305224965839824 -0.0019621318720245699 0.0084808829127013246 -0.0017208337492961205 0.048094323156916821 0.0061810293474339221
decision_type=2 2 2 2 2 2 2 2 2 2 2
left_child=5 9 4 -4 -3 10 7 -7 -8 -2 -1
right_child=1 2 3 -5 -6 6 8 -9 -10 -11 -12
leaf_value=-0.037309034552548026 -0.020344510775881026 -0.021997381018782538 0.00034261980700636148 0.0088948171275060849 0.0014676570134314411 -0.0008389708277057043 -0.042147901956118582 0.029386357177607094 -0.0023964607833346463 -0.049704305740005728 -0.048160311517485399
leaf_weight=2.1783720776438704 3.3257771879434577 26.436158165335655 227.22056056559086 506.36326585710049 74.256744429469109 38.574444308876991 6.9281434193253508 21.260265320539474 366.17056255042553 3.4660390764474869 3.4171921759843826
leaf_count=15 14 113 717 1516 238 150 32 59 1412 16 16
internal_value=0.00238076 0.00460055 0.0049256 0.00624586 -0.00469291 -0.00187665 -0.00133305 0.00990059 -0.00313461 -0.0353276 -0.0439359
internal_weight=1279.6 841.069 834.277 733.584 100.693 438.529 432.933 59.8347 373.099 6.79182 5.59556
internal_count=4298 2614 2584 2233 351 1684 1653 209 1444 30 31
is_linear=0
shrinkage=0.03


Tree=71
num_leaves=12
num_cat=0
split_feature=7 25 28 28 23 17 10 28 11 23 12
split_gain=12.816 12.4591 15.7541 29.119 26.8833 8.04061 5.74113 6.12181 1.8199 1.32192 0.0810367
threshold=454406.57350000012 -0.001013258929688022 0.0024722890846239909 0.0018580126527569119 1.1183778504530804 0.0069164418587797103 -0.001502007639324898 0.0013470420720085813 0.026769689281719702 0.95923422277200088 -0.0063575269402806047
decision_type=2 2 2 2 2 2 2 2 2 2 2
left_child=6 5 3 -3 -4 9 7 -1 10 -2 -8
right_child=1 2 4 -5 -6 -7 8 -9 -10 -11 -12
leaf_value=-0.019512040844838378 0.043389419527175108 0.0020162249466073884 -0.016840738877461587 0.017814146289284565 0.0050020832769919685 -0.0088100194873644653 -0.043712159150987903 0.035168385440534411 -0.015887620799967306 0.025419961049069482 -0.037618189432910412
leaf_weight=5.2448617517948168 9.5181265473365801 914.2540947496891 95.995340146124363 118.63282330334187 107.50173185765743 4.5772403478622428 2.7558604776859275 2.8407945036888123 4.3034870475530616 6.0116160511970511 6.8341955691575995
leaf_count=28 27 3020 366 357 373 15 14 12 21 20 45
internal_value=0.00231128 0.00270854 0.00232758 0.0038307 -0.0053018 0.026134 -0.0203992 -0.000300755 -0.032096 0.0364334 -0.0393694
internal_weight=1278.47 1256.49 1236.38 1032.89 203.497 20.107 21.9792 8.08566 13.8935 15.5297 9.59006
internal_count=4298 4178 4116 3377 739 62 120 40 80 47 59
is_linear=0
shrinkage=0.03


Tree=72
num_leaves=15
num_cat=0
split_feature=29 5 7 15 29 14 23 6 14 15 21 9 9 29
split_gain=12.577 10.2913 9.69592 13.1844 9.55621 7.38876 13.3049 10.4058 8.02552 7.84587 8.27806 7.47691 6.17486 0.136308
threshold=0.056201749382250719 -0.020768339107969862 1256380.5090000003 0.00036245996849298192 0.019547370574449802 0.32971337091372221 1.0561276678484737 313012.00000000006 0.28058627724685931 0.02593628807432875 2490182.0000000005 1.5443975760631263 4.7995054795066379 0.034545623563042784
decision_type=2 2 2 2 2 2 2 2 2 2 2 2 2 2
left_child=1 12 3 -3 -4 6 8 -8 -2 11 -11 -7 -1 -14
right_child=5 2 4 -5 -6 9 7 -9 -10 10 -12 -13 13 -15
leaf_value=-0.0033025634895288416 0.013591950910818594 0.0028879233315324696 -0.025579722928924253 -0.023810666870000843 0.0019057604657080505 0.006764288925066678 0.0037717113272029419 -0.022232099934590091 -0.013301679830608886 -0.042792724692649109 0.012153905683209711 0.017294549159626676 -0.040467289724944643 -0.048965927831016179
leaf_weight=5.6295439302921277 59.010949537158012 33.365016341209412 11.556859478354452 33.221732273697853 764.24591971933842 198.50490371882915 25.200663432478905 30.7487413585186 12.020917072892187 5.2900774925947172 4.6252263188362122 87.407289937138557 2.8803219497203827 4.139577329158783
leaf_count=23 168 159 64 177 2593 585 75 105 39 20 13 243 16 18
internal_value=0.00224298 0.000150079 0.000553393 -0.0104326 0.00149632 0.00647543 0.000422236 -0.0105195 0.00904067 0.00907371 -0.0171616 0.00998353 -0.0267086 -0.0454789
internal_weight=1277.85 855.039 842.39 66.5867 775.803 422.809 126.981 55.9494 71.0319 295.827 9.9153 285.912 12.6494 7.0199
internal_count=4298 3050 2993 336 2657 1248 387 180 207 861 33 828 57 34
is_linear=0
shrinkage=0.03


Tree=73
num_leaves=12
num_cat=0
split_feature=11 25 14 29 28 26 28 0 17 9 0
split_gain=12.4535 12.5545 15.4617 14.327 12.3089 12.0995 14.1658 9.63449 7.44031 5.3652 0.805059
threshold=0.043799497920693715 -0.001013258929688022 0.87595208195001817 0.028908263013382379 0.0038532421834644756 -0.00063354322124212464 -0.0022482753680198387 -0.0034197387348990763 0.0069164418587797103 1.3844678412417697 3.0706781426749107e-05
decision_type=2 2 2 2 2 2 2 2 2 2 2
left_child=1 8 3 -3 5 6 -2 -4 10 -7 -1
right_child=4 2 7 -5 -6 9 -8 -9 -10 -11 -12
leaf_value=0.027627030184620861 0.032224872264326875 -0.0067170556227293676 -0.036834752199689548 0.0036903259597877969 -0.029371976724000624 0.011383142590220434 -0.027062802709282636 -0.0060398519151763329 -0.0086925692967622231 0.028782191068657925 0.041332706902162349
leaf_weight=7.3212903887033489 5.4596424847841289 137.62305223196745 9.7868821918964368 881.94259910285473 5.7522324919700614 26.851019635796547 10.80578877031803 139.09300680458546 4.5770909935235968 39.291214689612389 8.1520012319087964
leaf_count=24 14 655 42 2785 21 78 39 497 15 104 24
internal_value=0.00217768 0.00137069 0.000966785 0.00228552 0.0130568 0.0160184 -0.00716235 -0.00806421 0.0249084 0.0217189 0.0348478
internal_weight=1276.66 1188.5 1168.45 1019.57 88.1599 82.4077 16.2654 148.88 20.0504 66.1422 15.4733
internal_count=4298 4042 3979 3440 256 235 53 539 63 182 48
is_linear=0
shrinkage=0.03


Tree=74
num_leaves=15
num_cat=0
split_feature=11 26 9 26 25 6 26 23 18 6 24 26 25 9
split_gain=11.7825 12.2161 11.8056 21.967 21.8085 10.7277 8.57235 8.32219 8.23712 8.20832 6.82042 8.79106 6.47767 6.0488
threshold=0.043799497920693715 0.0071148393823792467 1.760162796231419 0.0066789553716971551 -9.5779806604573002e-05 71858.500000000015 -0.00063354322124212464 2.8328874224080898 0.014492447905877091 26567.500000000004 0.66541315023202119 0.0063194348688338656 0.00012090267976626087 1.0046509883724175
decision_type=2 2 2 2 2 2 2 2 2 2 2 2 2 2
left_child=1 2 4 -4 -1 9 7 12 -7 -3 13 -12 -2 -8
right_child=6 5 3 -5 -6 8 10 -9 -10 -11 11 -13 -14 -15
leaf_value=0.012395310995189075 0.027109471946687679 -0.016699296849432391 -0.0031527242614657709 0.040299309457107642 0.00089379054176159868 -0.040719362276825599 0.0019694596329598007 -0.046433653466433127 0.0049032540200385916 0.025076565719688734 0.015601183097932788 -0.020818343773981004 -0.016054068573717734 0.03297808092826255
leaf_weight=208.78138787299395 6.0339780598878878 9.4949533343315142 417.94695557653904 10.740208521485327 512.81175583600998 15.638466045260431 7.1079060584306708 3.7085222154855719 4.6121264398097983 7.638187237083911 29.112896993756294 7.5022311806678763 6.4999791532754898 27.826515048742294
leaf_count=645 16 40 1522 29 1706 63 22 15 14 23 83 26 22 72
internal_value=0.00211447 0.00133052 0.00187903 -0.00206409 0.00422157 -0.0155467 0.0127199 -0.00695543 -0.0303287 0.00192495 0.0171863 0.00813903 0.00472531 0.0266689
internal_weight=1275.46 1187.66 1150.28 428.687 721.593 37.3837 87.792 16.2425 20.2506 17.1331 71.5495 36.6151 12.534 34.9344
internal_count=4298 4042 3902 1551 2351 140 256 53 77 63 203 109 38 94
is_linear=0
shrinkage=0.03


Tree=75
num_leaves=14
num_cat=0
split_feature=13 0 25 14 14 17 25 20 29 29 6 4 18
split_gain=11.9322 10.5317 10.3817 9.78658 15.2223 10.7497 9.40651 10.4224 9.02142 10.1043 9.74404 8.74174 0.153599
threshold=0.024192824024262771 -0.0064305224965839824 -0.00034703461401847021 0.32971337091372221 0.8803014872758913 0.0025790710363492067 -0.00045651181314955007 -0.05356795308561673 0.019547370574449802 0.020007434860058581 11083.000000000002 322.50000000000006 0.0061810293474339221
decision_type=2 2 2 2 2 2 2 2 2 2 2 2 2
left_child=1 12 6 5 -5 -4 11 -8 10 -10 -3 -2 -1
right_child=2 8 3 4 -6 -7 7 -9 9 -11 -12 -13 -14
leaf_value=-0.037010284833146168 -0.0041928170132856223 0.025622203829670176 0.00048581244324952131 0.0081177571595779912 -0.0042045917034589288 -0.017674692903150983 -0.040984452703302102 0.024608740568920678 0.024760481032100809 -0.0015131229349523401 -0.038064580151625484 0.022911045848365785 -0.047335544639411843
leaf_weight=2.1145619601011267 36.198925316333771 2.6954117566347113 195.20108719170094 385.05351731926203 117.83954012393951 34.522726163268089 2.2774064242839804 51.070189788937569 13.617069751024244 404.59302972257137 10.928404510021208 15.209580793976782 3.3523713201284409
leaf_count=15 121 15 621 1163 393 120 9 143 46 1522 70 44 16
internal_value=0.00205243 -0.0019641 0.00414998 0.00288685 0.00523034 -0.00224333 0.0129837 0.0218086 -0.00144027 -0.000657645 -0.0254644 0.00382606 -0.0433418
internal_weight=1274.67 437.301 837.373 732.617 502.893 229.724 104.756 53.3476 431.834 418.21 13.6238 51.4085 5.46693
internal_count=4298 1684 2614 2297 1556 741 317 152 1653 1568 85 165 31
is_linear=0
shrinkage=0.03


Tree=76
num_leaves=9
num_cat=0
split_feature=7 20 25 25 14 3 29 13
split_gain=11.6924 12.314 11.8026 13.0774 5.13344 4.32674 0.087451 0.00314098
threshold=285896.03500000009 -0.1175629140158571 0.00091992996561157724 0.00060394083698791785 0.31166969907006237 0.99980000000000036 0.035439473506937956 0.015088105546326797
decision_type=2 2 2 2 2 2 2 2
left_child=5 -2 3 -3 -4 6 7 -1
right_child=1 2 4 -5 -6 -7 -8 -9
leaf_value=-0.035807483739216536 -0.053430154860688951 0.0026300545979542193 -0.00035645932974239533 -0.013991607518131796 0.031962464654450011 -0.0011409267859539263 -0.042923285720693281 -0.037372854539163732
leaf_weight=1.982021264731882 3.5613587945699683 1190.5437123179436 5.9541136473417309 44.181309536099434 17.203016459941864 3.9092568531632415 3.5936451107263565 2.7602934241294861
leaf_count=15 16 3989 19 158 47 18 18 18
internal_value=0.00199235 0.00227555 0.00243326 0.00203529 0.0236527 -0.0271814 -0.0393935 -0.0367186
internal_weight=1273.69 1261.44 1257.88 1234.73 23.1571 12.2452 8.33596 4.74231
internal_count=4298 4229 4213 4147 66 69 51 33
is_linear=0
shrinkage=0.03


Tree=77
num_leaves=12
num_cat=0
split_feature=13 5 1 4 10 0 28 28 4 1 7
split_gain=11.2083 10.9848 10.7667 11.3151 11.2268 10.0926 9.04779 11.35 6.23316 1.59448 0.119497
threshold=0.024192824024262771 -0.02817455228034282 0.021526183774878308 1.0000000180025095e-35 -0.012059265818568936 -0.0064305224965839824 -0.0019621318720245699 -0.0017208337492961205 177.50000000000003 0.097050402609990122 1514139.5465000002
decision_type=2 2 2 2 2 2 2 2 2 2 2
left_child=5 9 3 -3 -4 10 8 -8 -7 -2 -1
right_child=1 2 4 -5 -6 6 7 -9 -10 -11 -12
leaf_value=-0.037851386261679179 -0.048114230358327133 -0.024166541844114348 -1.3788800373846152e-06 0.00034328634746816263 0.0080404304635748932 -0.0077215100649586305 -0.041455193560306865 -0.0024724017748194919 0.014906977780072743 -0.018677099518943602 -0.04686300266675418
leaf_weight=2.383243963122367 3.5592502206563941 21.620587274432182 226.66573162376881 78.505109950900078 502.8558955937624 14.47458556294441 6.8479226231575003 365.25141808390617 45.065152935683727 3.0969935208559036 2.9805488511919975
leaf_count=16 17 84 717 267 1516 58 32 1412 151 13 15
internal_value=0.0019331 0.00396773 0.0042757 -0.00494923 0.0055418 -0.00196062 -0.0014524 -0.00318982 0.00940581 -0.0344178 -0.042859
internal_weight=1273.31 836.304 829.647 100.126 729.522 437.003 431.639 372.099 59.5397 6.65624 5.36379
internal_count=4298 2614 2584 351 2233 1684 1653 1444 209 30 31
is_linear=0
shrinkage=0.03


Tree=78
num_leaves=12
num_cat=0
split_feature=7 28 28 28 17 28 23 1 3 29 13
split_gain=11.0299 10.9694 28.197 26.9244 20.1246 15.4916 14.9079 14.5783 4.25639 0.0775534 0.003476
threshold=285896.03500000009 0.0024722890846239909 0.0018580126527569119 0.002866508132802073 0.013525161547330087 0.00087895046993391977 1.816295871397605 0.030240000052905197 0.99980000000000036 0.034888554443023849 0.015561668004253303
decision_type=2 2 2 2 2 2 2 2 2 2 2
left_child=8 2 5 6 -5 -2 -3 -4 9 10 -1
right_child=1 3 7 4 -6 -7 -8 -9 -10 -11 -12
leaf_value=-0.035392719587378108 0.003368608984777934 -0.025181061930349816 0.007321168266865294 0.006426182197913903 -0.040529045229450542 -0.0071237732033784642 0.010128633045148416 0.028315550884664167 -0.00088808213571604506 -0.042238783050081739 -0.037087939565796132
leaf_weight=1.9070610329508761 773.11928971111774 59.855568453669548 63.707756772637367 134.43284096568823 8.7495492547750455 151.45597114413977 13.120366290211676 55.875588491559029 3.8899414762854567 3.7032523304224014 2.5365175306797028
leaf_count=15 2557 254 213 452 34 523 46 150 18 19 17
internal_value=0.00187641 0.00214938 0.00342282 -0.00400196 0.00355686 0.00164984 -0.0188327 0.0171308 -0.0267053 -0.0390325 -0.0363604
internal_weight=1272.35 1260.32 1044.16 216.158 143.182 924.575 72.9759 119.583 12.0368 8.14683 4.44358
internal_count=4298 4229 3443 786 486 3080 300 363 69 51 32
is_linear=0
shrinkage=0.03


Tree=79
num_leaves=12
num_cat=0
split_feature=25 28 28 26 25 25 9 17 7 5 8
split_gain=11.0285 13.2637 27.7766 22.0231 25.8713 15.0773 14.0201 7.06544 6.29164 0.981705 0.753788
threshold=-0.001013258929688022 0.0024722890846239909 0.0018580126527569119 0.003136482395854874 0.00054953301612046255 0.00011912634834278071 1.760162796231419 0.0069164418587797103 9398529.3755000029 0.0012938073962132776 0.0047037426173997645
decision_type=2 2 2 2 2 2 2 2 2 2 2
left_child=7 2 6 8 -5 -4 -2 9 -3 -1 -11
right_child=1 3 5 4 -6 -7 -8 -9 -10 10 -12
leaf_value=0.024078175132162177 0.0038688879229006995 0.0011975419894646184 0.0085517866517867656 -0.012112114257238833 0.020566402141045659 0.030743766492594866 -0.003800528704257536 -0.0086148163918063989 0.049624269581775141 0.029759325573280652 0.046943176993897544
leaf_weight=5.6921920180320766 588.4031964763999 3.4638322144746763 78.198509737849236 168.76798205822706 25.038851097226143 42.543688595294952 337.60313583910465 4.5734374672174445 7.9707671254873276 3.9159230440855008 5.5588594526052475
leaf_count=18 1900 15 252 648 76 117 1208 15 19 13 17
internal_value=0.00182094 0.00147014 0.00283744 -0.00550321 -0.00789022 0.0163712 0.00107277 0.0240696 0.0349546 0.0339252 0.0398411
internal_weight=1271.73 1251.99 1046.75 205.241 193.807 120.742 926.006 19.7404 11.4346 15.167 9.47478
internal_count=4298 4235 3477 758 724 369 3108 63 34 48 30
is_linear=0
shrinkage=0.03


Tree=80
num_leaves=12
num_cat=0
split_feature=11 25 14 29 28 26 28 21 17 9 5
split_gain=10.8296 11.227 14.0685 12.7498 11.0586 10.9332 12.9497 9.06104 6.75868 4.95342 0.955955
threshold=0.043799497920693715 -0.001013258929688022 0.87595208195001817 0.028908263013382379 0.0038532421834644756 -0.00063354322124212464 -0.0022482753680198387 164732.50000000003 0.0069164418587797103 1.3844678412417697 0.0012938073962132776
decision_type=2 2 2 2 2 2 2 2 2 2 2
left_child=1 8 3 -3 5 6 -2 -4 10 -7 -1
right_child=4 2 7 -5 -6 9 -8 -9 -10 -11 -12
leaf_value=0.023545122818154591 0.030838308867822472 -0.0066181076273590222 -0.027895974144120692 0.003224050484067945 -0.028327957378558678 0.010328199361428449 -0.026233076489149122 -0.0052304010549303302 -0.0083400522785670901 0.027167341337594991 0.039178117340121901
leaf_weight=5.6471190154552486 5.3568012863397625 136.90365836769342 18.077488943934441 879.21108017861843 5.7211867272853842 26.541979983448982 10.776874795556067 130.23320110887289 4.5822497606277457 38.566935896873474 9.3479951471090299
leaf_count=18 14 655 82 2785 21 78 39 457 15 104 30
internal_value=0.00176748 0.00101697 0.000638183 0.00189799 0.0119855 0.0148244 -0.00728389 -0.00799309 0.0235467 0.0203028 0.0332908
internal_weight=1270.97 1184 1164.43 1016.11 86.9638 81.2426 16.1337 148.311 19.5774 65.1089 14.9951
internal_count=4298 4042 3979 3440 256 235 53 539 63 182 48
is_linear=0
shrinkage=0.03


Tree=81
num_leaves=9
num_cat=0
split_feature=7 20 13 5 28 3 29 13
split_gain=10.413 11.5077 10.4826 9.22186 8.674 4.16358 0.0696654 0.00323973
threshold=285896.03500000009 -0.1175629140158571 0.024192824024262771 -0.02817455228034282 -0.0019621318720245699 0.99980000000000036 0.034888554443023849 0.015561668004253303
decision_type=2 2 2 2 2 2 2 2
left_child=5 -2 4 -4 -3 6 7 -1
right_child=1 2 3 -5 -6 -7 -8 -9
leaf_value=-0.035172616667888248 -0.052232200956686015 0.0089855122594545266 -0.032901624320816322 0.0043816451420540942 -0.0033773794221223711 -0.00080142037911686177 -0.041755023117495044 -0.036831732706714061
leaf_weight=1.8502951711416225 3.5141616612672797 59.257450982928276 6.014649622142314 819.09195832908154 369.96887671947479 3.8814717531204224 3.6369960159063339 2.4776259586215019
leaf_count=15 16 207 27 2545 1434 18 19 17
internal_value=0.00171628 0.00197994 0.00213182 0.00410987 -0.0016706 -0.0262788 -0.0386944 -0.0361224
internal_weight=1269.69 1257.85 1254.33 825.107 429.226 11.8464 7.96492 4.32792
internal_count=4298 4229 4213 2572 1641 69 51 32
is_linear=0
shrinkage=0.03


Tree=82
num_leaves=13
num_cat=0
split_feature=11 28 14 29 1 0 3 28 15 17 9 28
split_gain=10.1354 10.4606 9.69175 12.0092 11.6967 10.6177 9.61944 8.8532 9.72284 8.31223 4.94735 3.76168
threshold=0.043799497920693715 0.0038532421834644756 0.87595208195001817 0.028908263013382379 0.020783221828057665 -0.0034197387348990763 0.31356507691427843 0.0015592810100785413 0.022519875541676216 -0.00027439708489201145 1.3962550077751319 0.0023266846562677566
decision_type=2 2 2 2 2 2 2 2 2 2 2 2
left_child=2 7 3 6 -5 11 -1 8 -2 -7 -9 -4
right_child=1 -3 5 4 -6 9 -8 10 -10 -11 -12 -13
leaf_value=-0.018497005448918618 0.011326731347053051 -0.027655971630825258 -0.050999067683010137 -0.008438549490287453 0.0042862908127319866 0.030619634493050756 -0.0011070844700087439 0.011989241878930223 -0.030650935677029596 -0.0054671038387394191 0.036960388928854768 -0.013143830947564061
leaf_weight=40.669244043529034 45.138130635023117 5.7117071747779837 6.0007926821708661 70.624077901244164 818.35066478699446 5.9901382327079764 96.695638671517372 11.679312273859979 5.5797754228115073 140.18518916517496 18.375062823295593 3.8965891301631927
leaf_count=216 134 21 29 255 2564 17 443 34 20 504 47 14
internal_value=0.00166572 0.0115797 0.000940596 0.00199974 0.00327537 -0.00602438 -0.00625567 0.0143542 0.00670852 -0.0039883 0.0272564 -0.0360955
internal_weight=1268.9 86.484 1182.41 1026.34 888.975 156.073 137.365 80.7723 50.7179 146.175 30.0544 9.89738
internal_count=4298 256 4042 3478 2819 564 659 235 154 521 81 43
is_linear=0
shrinkage=0.03


Tree=83
num_leaves=11
num_cat=0
split_feature=25 28 28 23 25 26 25 28 17 23
split_gain=10.0392 12.3467 26.2493 25.2944 20.2532 18.5009 14.3539 13.4402 6.46135 1.76316
threshold=-0.001013258929688022 0.0024722890846239909 0.0018580126527569119 1.1183778504530804 0.00056576806837775378 0.003136482395854874 0.00011912634834278071 0.00087895046993391977 0.0069164418587797103 0.95923422277200088
decision_type=2 2 2 2 2 2 2 2 2 2
left_child=8 2 7 5 -5 -3 -4 -2 9 -1
right_child=1 3 6 4 -6 -7 -8 -9 -10 -11
leaf_value=0.041177016785210761 0.0025010202755194806 0.034191585547738289 0.0081541677440084802 -0.00037173512708900148 0.038969602275336877 -0.019978198796046853 0.029859330914503119 -0.0072327021640688997 -0.0080508912771072444 0.020044192753938577
leaf_weight=8.8530597537755984 770.62193457782269 6.0530804619193068 77.955581098794937 94.226523898541927 13.459319040179251 90.704814843833447 42.300406888127327 153.02123598754406 4.5896579772233954 5.9353840798139563
leaf_count=27 2574 18 252 345 35 360 117 534 15 21
internal_value=0.00161723 0.00128461 0.00260495 -0.00545714 0.00454542 -0.0165894 0.015789 0.000888421 0.0230447 0.0326953
internal_weight=1267.72 1248.34 1043.9 204.444 107.686 96.7579 120.256 923.643 19.3781 14.7884
internal_count=4298 4235 3477 758 380 378 369 3108 63 48
is_linear=0
shrinkage=0.03


Tree=84
num_leaves=11
num_cat=0
split_feature=7 25 25 20 11 14 22 28 8 29
split_gain=9.80985 11.2766 14.4808 12.6823 10.0757 5.92401 5.64798 3.4996 1.81741 0.15016
threshold=454406.57350000012 0.00091992996561157724 0.00073185741853035505 -0.022760804029886821 0.043799497920693715 0.31166969907006237 27027822.533500005 0.0013470420720085813 -0.0070324925851986599 0.043638816046524677
decision_type=2 2 2 2 2 2 2 2 2 2
left_child=6 2 4 -4 -2 -3 7 9 -7 -1
right_child=1 5 3 -5 -6 8 -8 -9 -10 -11
leaf_value=-0.037007910489219344 0.0011898076829603337 -0.0027076445855446279 -0.0058668384160180361 -0.055216944161610819 0.011880681550481258 0.045053343460686221 0.0056365064600379352 -0.0085387367110882056 0.024512597016833875 -0.045485293922278146
leaf_weight=7.2657514885067958 1117.7776866331697 5.9785083979368236 13.07896848022938 7.3039761632680884 85.401472106575966 6.1527914404869124 6.0565437078475943 5.0887574777007094 10.479702249169346 2.537163108587265
leaf_count=50 3786 19 43 32 253 15 29 29 30 12
internal_value=0.00156956 0.0019118 0.00152386 -0.0235508 0.00194864 0.0229048 -0.0187896 -0.0287238 0.0321112 -0.039202
internal_weight=1267.12 1246.17 1223.56 20.3829 1203.18 22.611 20.9482 14.8917 16.6325 9.80291
internal_count=4298 4178 4114 75 4039 64 120 91 45 62
is_linear=0
shrinkage=0.03


Tree=85
num_leaves=13
num_cat=0
split_feature=7 20 18 28 4 3 14 26 0 0 18 21
split_gain=9.41304 11.0819 11.014 9.62732 6.81419 13.2673 10.9858 10.1264 8.32454 6.36184 5.16386 1.70245
threshold=1362342.2310000001 -0.1175629140158571 0.0033064095293937976 0.0024722890846239909 307.50000000000006 0.31356507691427843 0.36648829710905667 0.0025533234176104516 0.0034849654500793826 -0.0016156573848755517 0.005517876553682151 605153.50000000012
decision_type=2 2 2 2 2 2 2 2 2 2 2 2
left_child=4 -2 9 -4 5 11 7 -6 -7 -3 -8 -1
right_child=1 2 3 -5 6 8 10 -9 -10 -11 -12 -13
leaf_value=-0.044275647534840347 -0.051333877083152471 0.014808746137635729 0.0038986530186601765 -0.0033438146826996725 0.0042310352616144872 -0.010469858045612714 -0.037234368905201848 0.059008444929113876 0.034628551366570712 -0.034358771242313332 0.0010775012781783773 -0.015818102810421838
leaf_weight=11.786779470741747 3.4712112396955481 3.005677066743373 970.68216770142317 199.06208247691393 8.9805494993925112 34.521239966154099 5.7045969814062101 4.5896544009447089 4.1236936002969733 11.172085508704184 7.1159144788980484 2.2537807300686827
leaf_count=68 16 14 3111 698 38 175 39 15 15 67 29 13
internal_value=0.00152323 0.00219067 0.0023476 0.00266616 -0.00849898 -0.0147318 0.00394403 0.0227576 -0.00565753 -0.0239353 -0.0159697 -0.0397077
internal_weight=1266.47 1187.39 1183.92 1169.74 79.0762 52.6855 26.3907 13.5702 38.6449 14.1778 12.8205 14.0406
internal_count=4298 3906 3890 3809 392 271 121 53 190 81 68 81
is_linear=0
shrinkage=0.03


Tree=86
num_leaves=11
num_cat=0
split_feature=25 18 10 9 7 5 14 17 11 23
split_gain=9.68233 11.1669 13.4893 12.5387 12.0633 11.3157 9.35124 6.17339 3.6567 1.74286
threshold=-0.001013258929688022 0.010177213426824485 -0.0039420249397575597 0.78572205335386325 16610887.939500002 -0.024009992412637991 0.8803014872758913 0.0069164418587797103 0.030175784044641617 0.95923422277200088
decision_type=2 2 2 2 2 2 2 2 2 2
left_child=7 2 3 -2 -4 8 -7 9 -3 -1
right_child=1 5 4 -5 -6 6 -8 -9 -10 -11
leaf_value=0.040734786598909035 0.0062768189398280305 -0.048265968858251032 -0.0037778468453505141 -0.012458691932689935 0.0065335185604623496 0.0058588677519240753 -0.0043807385199598889 -0.0076781339521568848 -0.0099054678669426126 0.019606869071438774
leaf_weight=8.6829327642917651 41.008868329226971 4.5992597565054876 208.69104525446892 148.80123795568943 199.94449818879366 544.93077759444714 94.134551495313644 4.5989956408739081 4.3533864319324493 5.9026736170053473
leaf_count=27 141 22 854 584 667 1642 309 15 16 21
internal_value=0.00147812 0.00115259 -0.00180221 -0.00841085 0.00126748 0.00388136 0.00435057 0.0226285 -0.0296125 0.0321845
internal_weight=1265.65 1246.46 598.446 189.81 408.636 648.018 639.065 19.1846 8.95265 14.5856
internal_count=4298 4235 2246 725 1521 1989 1951 63 38 48
is_linear=0
shrinkage=0.03


Tree=87
num_leaves=10
num_cat=0
split_feature=7 26 15 20 11 18 3 29 13
split_gain=9.20141 8.80685 11.1659 10.4875 10.3784 9.73113 4.01952 0.0536619 0.00287524
threshold=285896.03500000009 0.0071148393823792467 -0.00030287472552757347 -0.1175629140158571 0.036190772914008913 0.0095612030097179303 0.99980000000000036 0.034888554443023849 0.015561668004253303
decision_type=2 2 2 2 2 2 2 2 2
left_child=6 3 -3 -2 -5 -4 7 8 -1
right_child=1 2 5 4 -6 -7 -8 -9 -10
leaf_value=-0.034771106880729721 -0.050297973256287133 0.020085945805699643 -0.037755042361388859 0.001284629012270791 0.0098614631900900852 -0.0060002669000042714 -0.000328188800659988 -0.040758901440341187 -0.036378197546533701
leaf_weight=1.7405468448996524 3.419976904988288 8.2505089640617353 14.38060539960861 1060.8758743777871 144.23973387479782 21.930667787790298 3.8320699259638786 3.4855646640062332 2.3610225915908813
leaf_count=15 16 27 63 3617 433 73 18 19 17
internal_value=0.00143508 0.00167937 -0.0114181 0.00216231 0.00231119 -0.0185763 -0.0253727 -0.038022 -0.0356962
internal_weight=1264.52 1253.1 44.5618 1208.54 1205.12 36.3113 11.4192 7.58713 4.10157
internal_count=4298 4229 163 4066 4050 136 69 51 32
is_linear=0
shrinkage=0.03


Tree=88
num_leaves=10
num_cat=0
split_feature=25 25 25 26 9 12 6 17 23
split_gain=9.22107 11.0661 13.5575 12.0351 10.3698 9.40197 6.3212 5.93546 1.72195
threshold=-0.001013258929688022 -0.00074090273753692323 -0.00034703461401847021 -0.0061453168514149486 1.760162796231419 -0.0012831081643809351 35068.500000000007 0.0069164418587797103 0.95923422277200088
decision_type=2 2 2 2 2 2 2 2 2
left_child=7 5 4 -4 -3 6 -2 8 -1
right_child=1 2 3 -5 -6 -7 -8 -9 -10
leaf_value=0.040244491418372247 -0.035478271960144872 0.017205561908945139 0.015482115490761355 -0.00027203560053555852 -0.00040828457289349466 -0.06039038492802614 0.001055931517468396 -0.0075026068469426126 0.019123102553750812
leaf_weight=8.5177478492259997 6.2480310946703019 81.094493262469769 45.540665648877621 1046.704296939075 47.820768497884274 4.1214452907443038 13.411071524024008 4.6050549745559684 5.8665177524089804
leaf_count=27 32 248 138 3580 173 20 44 15 21
internal_value=0.00139256 0.00107609 0.0014708 0.000384827 0.0106718 -0.0191923 -0.0105553 0.0221403 0.0316303
internal_weight=1263.93 1244.94 1221.16 1092.24 128.915 23.7805 19.6591 18.9893 14.3843
internal_count=4298 4235 4139 3718 421 96 76 63 48
is_linear=0
shrinkage=0.03


Tree=89
num_leaves=10
num_cat=0
split_feature=25 13 5 23 25 25 17 14 23
split_gain=8.77266 10.843 12.6478 10.0509 9.78817 9.52361 5.69098 5.39108 1.70774
threshold=-0.001013258929688022 0.015561668004253303 0.019477075874674458 0.87496229742246034 0.00091992996561157724 0.00073185741853035505 0.0069164418587797103 0.31166969907006237 0.95923422277200088
decision_type=2 2 2 2 2 2 2 2 2
left_child=6 2 3 -2 5 -3 8 -6 -1
right_child=1 4 -4 -5 7 -7 -8 -9 -10
leaf_value=0.039785392613693994 0.0026619275797014025 0.0019200192595696865 0.054165559039859736 -0.015583724875880396 -0.0028451371115170957 -0.020051793506572265 -0.0072659621500082254 0.030198590875663761 0.018640504416108532
leaf_weight=8.3599483370780963 42.440213359892368 1082.8461774662137 2.9217786863446227 75.532592065632343 6.0500772893428829 18.050629734992981 4.6122737675905219 16.735623762011528 5.8382823020219794
leaf_count=27 182 3521 12 388 20 64 15 48 21
internal_value=0.00135144 0.00104411 -0.00749286 -0.00901993 0.00196258 0.00155976 0.0216857 0.0214248 0.0310907
internal_weight=1263.39 1244.58 120.895 117.973 1123.68 1100.9 18.8105 22.7857 14.1982
internal_count=4298 4235 582 570 3653 3585 63 68 48
is_linear=0
shrinkage=0.03


Tree=90
num_leaves=12
num_cat=0
split_feature=7 28 26 26 28 28 17 23 3 29 18
split_gain=8.80431 8.41777 24.5296 27.5561 23.4038 18.4914 18.0157 13.7212 3.90793 0.0496285 0.00162598
threshold=285896.03500000009 0.0024722890846239909 0.0026077997095729668 0.0039599380343417574 0.002866508132802073 0.00081739852376540344 0.013525161547330087 1.816295871397605 0.99980000000000036 0.034888554443023849 0.005517876553682151
decision_type=2 2 2 2 2 2 2 2 2 2 2
left_child=8 2 5 -4 7 -2 -6 -3 9 10 -1
right_child=1 4 3 -5 6 -7 -8 -9 -10 -11 -12
leaf_value=-0.034893297052658097 0.0026267740506273176 -0.023914111941765275 0.023199057299987638 -0.0017542471959902015 0.0059439660968940503 -0.0090258970068045636 -0.038607679714076276 0.010078346059958207 -0.00051672070758747323 -0.040424040534821466 -0.036102235434169475
leaf_weight=1.9728337600827197 723.65486922860146 59.149768099188805 99.742178581655025 66.307497695088387 133.13272105157375 147.5540210083127 8.7029486745595914 13.044203408062456 3.8437438160181046 3.4282048791646957 2.0331491753458977
leaf_count=17 2412 254 293 220 452 518 34 46 18 19 15
internal_value=0.00131174 0.00154957 0.0026673 0.0132346 -0.00386729 0.000653196 0.0032103 -0.0177723 -0.0250762 -0.0377744 -0.0355069
internal_weight=1262.57 1251.29 1037.26 166.05 214.03 871.209 141.836 72.194 11.2779 7.43419 4.00598
internal_count=4298 4229 3443 513 786 2930 486 300 69 51 32
is_linear=0
shrinkage=0.03


Tree=91
num_leaves=12
num_cat=0
split_feature=11 25 25 23 26 28 26 28 14 29 22
split_gain=8.66034 9.8743 9.51651 16.5534 9.63053 9.43933 10.3097 12.0781 5.86116 4.47943 3.14195
threshold=0.043799497920693715 0.00091992996561157724 0.00073185741853035505 1.1984723329616536 0.0071148393823792467 0.0038532421834644756 -0.00063354322124212464 -0.0022482753680198387 0.31166969907006237 0.060679437328502075 95944968.96950002
decision_type=2 2 2 2 2 2 2 2 2 2 2
left_child=1 2 4 -4 -1 6 7 -2 -3 -8 -10
right_child=5 8 3 -5 -6 -7 9 -9 10 -11 -12
leaf_value=0.0010928807573898495 0.029020406585851571 -0.004579150622540256 -0.039730659799548734 0.016398375205006727 -0.014462422005049777 -0.026863426399512707 0.027396999300625998 -0.026615061461573403 0.0071445642556182045 0.01140253852571819 0.037055664125259825
leaf_weight=1095.9821871742606 5.2202944308519355 6.2851008027792004 13.40827162563801 7.3052635937929145 37.031154945492744 5.6807222515344611 28.525321617722511 10.730781003832815 4.2427907735109356 35.211709976196289 12.39211682975292
leaf_count=3756 14 21 53 24 140 21 78 39 15 104 33
internal_value=0.00127283 0.000603429 0.000216076 -0.019935 0.000584475 0.0104992 0.0131626 -0.00840729 0.0201017 0.0185608 0.0294267
internal_weight=1262.02 1176.65 1153.73 20.7135 1133.01 85.3688 79.6881 15.9511 22.92 63.737 16.6349
internal_count=4298 4042 3973 77 3896 256 235 53 69 182 48
is_linear=0
shrinkage=0.03


Tree=92
num_leaves=10
num_cat=0
split_feature=7 25 25 23 11 14 3 3 13
split_gain=8.39517 8.61385 10.4893 14.4422 8.82708 5.24198 3.81647 1.58735 0.0187681
threshold=285896.03500000009 0.00091992996561157724 0.00073185741853035505 1.1984723329616536 0.043799497920693715 0.31166969907006237 0.99980000000000036 0.17380508308115863 0.019577990950875136
decision_type=2 2 2 2 2 2 2 2 2
left_child=6 2 4 -4 -2 -3 8 -7 -1
right_child=1 5 3 -5 -6 7 -8 -9 -10
leaf_value=-0.035704186079364583 0.00079125594335709571 -0.003728947585171997 -0.038693074960699167 0.013170815491905711 0.010855769045893398 0.039312844758091735 -0.00055056343707855511 0.020466392333109398 -0.038794779096703091
leaf_weight=3.0366091653704625 1122.5825436264277 6.1509423404932049 13.355578273534777 7.5717618092894545 84.319406479597092 7.1890256106853512 3.8457560464739799 9.1303848475217801 4.2342218309640884
leaf_count=24 3831 20 53 25 253 19 18 28 27
internal_value=0.00123536 0.00146614 0.00112928 -0.0199281 0.00149441 0.0198729 -0.0247201 0.0287686 -0.037504
internal_weight=1261.42 1250.3 1227.83 20.9273 1206.9 22.4704 11.1166 16.3194 7.27083
internal_count=4298 4229 4162 78 4084 67 69 47 51
is_linear=0
shrinkage=0.03


Tree=93
num_leaves=10
num_cat=0
split_feature=25 25 25 26 9 12 0 17 23
split_gain=8.38354 10.3514 12.5659 10.7507 9.7358 8.88435 6.15463 5.40232 1.68839
threshold=-0.001013258929688022 -0.00074090273753692323 -0.00034703461401847021 -0.0061453168514149486 1.760162796231419 -0.0012831081643809351 -0.00010230599059252387 0.0069164418587797103 0.95923422277200088
decision_type=2 2 2 2 2 2 2 2 2
left_child=7 5 4 -4 -3 6 -2 8 -1
right_child=1 2 3 -5 -6 -7 -8 -9 -10
leaf_value=0.039267907162229096 -0.036346678381726699 0.016509777249064383 0.014569183655665884 -0.00038385728307459738 -0.00057893753277751933 -0.059018765939069309 0.00052893521567903682 -0.0069365918617683492 0.018101482992475285
leaf_weight=8.1797236949205416 5.7804761230945649 80.694781564176083 45.142640061676502 1044.9923508241773 47.766313970088959 4.0813417285680762 13.794214822351931 4.6177779585123053 5.7943353801965705
leaf_count=27 27 248 138 3580 173 20 49 15 21
internal_value=0.00119883 0.000899561 0.00128112 0.00023535 0.0101556 -0.0187555 -0.0103606 0.0211951 0.0304913
internal_weight=1260.84 1242.25 1218.6 1090.13 128.461 23.656 19.5747 18.5918 13.9741
internal_count=4298 4235 4139 3718 421 96 76 63 48
is_linear=0
shrinkage=0.03


Tree=94
num_leaves=15
num_cat=0
split_feature=29 23 23 26 4 28 28 28 27 3 27 24 11 4
split_gain=8.40331 7.6923 10.492 11.4351 10.1907 7.62575 11.48 14.7792 7.68892 6.95678 6.81856 8.74986 4.49033 3.17752
threshold=0.056201749382250719 0.51077644360787933 0.75303610597831028 -0.0037763520316500482 152.50000000000003 -0.0032118460749505869 -0.0019621318720245699 -0.0013592539691529659 -0.02165271925683834 0.81484308119720283 -0.0025087515246735399 0.64642184461170105 0.015995437694842702 177.50000000000003
decision_type=2 2 2 2 2 2 2 2 2 2 2 2 2 2
left_child=1 10 3 -3 -4 8 9 -8 13 -7 -1 -12 -10 -2
right_child=5 2 4 -5 -6 6 7 -9 12 -11 11 -13 -14 -15
leaf_value=0.03809139373277081 -0.018013935553316172 0.013866873605659226 -0.0033715982789267454 -0.014302626009473825 0.0037434645051308856 0.023116790090687699 -0.020783241318071615 0.0052529181901730723 0.022610110929974381 -0.014538969197289833 0.027054049235685836 -0.024163937651157662 -0.015775888735620767 -0.053314284924926271
leaf_weight=8.5303134769201296 5.3265381902456301 15.275855198502539 354.64939005672932 85.902865961194038 370.37730070203543 43.420191183686256 20.886726766824722 323.99346396327019 5.5939546972513181 4.9154586195945731 6.4030494838953 5.6514703333377838 5.3808951079845428 4.0322417169809341
leaf_count=25 18 48 1323 332 1280 125 71 967 15 17 18 24 18 17
internal_value=0.00116342 -0.000548484 -0.000999811 -0.0100496 0.000263106 0.00466873 0.00559511 0.00367611 -0.0132459 0.0192874 0.0175662 0.00304173 0.00378971 -0.0332231
internal_weight=1260.34 846.79 826.205 101.179 725.027 413.549 393.216 344.88 20.3336 48.3356 20.5848 12.0545 10.9748 9.35878
internal_count=4298 3050 2983 380 2603 1248 1180 1038 68 142 67 42 33 35
is_linear=0
shrinkage=0.03


Tree=95
num_leaves=10
num_cat=0
split_feature=7 25 25 25 12 17 3 23 13
split_gain=7.98045 8.18038 9.85891 11.9738 8.5006 5.42913 3.67845 1.39982 0.0165141
threshold=285896.03500000009 -0.001013258929688022 -0.00074090273753692323 -0.00034703461401847021 -0.0012831081643809351 0.0069164418587797103 0.99980000000000036 0.95923422277200088 0.019577990950875136
decision_type=2 2 2 2 2 2 2 2 2
left_child=6 5 4 -4 -3 7 8 -2 -1
right_child=1 2 3 -5 -6 -7 -8 -9 -10
leaf_value=-0.035498220848386268 0.038912477377179587 -0.010100452550960976 0.010124983707393023 0.00040478834156867954 -0.058447074749142479 -0.006787637728440662 -0.0007888672489432877 0.019337546249704126 -0.038435141853604089
leaf_weight=2.9568055495619756 8.0031144171953219 19.525054924190048 127.53510762751102 1079.343942053616 3.9323020726442328 4.6164789050817481 3.8526170775294304 5.5804641842842093 4.129756361246109
leaf_count=24 27 76 416 3656 19 15 18 20 27
internal_value=0.00112938 0.00135291 0.00105756 0.00143196 -0.0182051 0.0213185 -0.0243828 0.0308706 -0.0372097
internal_weight=1259.48 1248.54 1230.34 1206.88 23.4574 18.2001 10.9392 13.5836 7.08656
internal_count=4298 4229 4167 4072 95 62 69 47 51
is_linear=0
shrinkage=0.03


Tree=96
num_leaves=15
num_cat=0
split_feature=29 7 28 28 23 25 12 26 29 5 27 7 18 5
split_gain=7.94471 10.0516 9.12228 11.0893 7.74916 17.7132 20.1309 13.3762 10.7078 8.8398 8.04578 6.44133 7.2849 6.13997
threshold=0.049252453319895681 3659937.4885000004 -0.0032118460749505869 -0.00041000503492609106 1.0812723231129771 -0.00011775243431594598 -0.0020672827413044073 -0.0061453168514149486 0.019547370574449802 -0.022039637128436356 0.019546678485838433 3088560.2230000007 0.010494715465197797 0.0048058592444613522
decision_type=2 2 2 2 2 2 2 2 2 2 2 2 2 2
left_child=4 11 13 -4 5 6 -1 -7 10 -10 -6 12 -2 -3
right_child=1 2 3 -5 8 7 -8 -9 9 -11 -12 -13 -14 -15
leaf_value=0.01344338800828673 -0.020801965295448914 -0.024677228621163901 0.011991647302246463 0.0025365954661554753 -0.03795309747511541 0.030373493926475245 -0.038148509218748995 -0.011993642723743061 -0.034005985847192138 0.0026126470817594721 0.021375490921881766 -0.045373988638834829 0.0083585843477197615 0.0071550528449105272
leaf_weight=60.598890274763107 16.165916204452518 15.392522826790811 164.81173245608807 346.04061037302017 10.099546268582342 6.9810238778591147 7.6681189909577361 170.7700686827302 6.0172554403543463 424.17063389718533 2.583471179008483 4.4829847812652579 14.741192460060118 8.4457412213087064
leaf_count=199 57 55 483 1047 66 19 37 697 31 1511 10 17 44 25
internal_value=0.00109593 0.00371568 0.00474052 0.00558699 -0.001072 -0.00534103 0.00764831 -0.0103297 0.00129947 0.00210044 -0.0258681 -0.0117682 -0.0068938 -0.0133993
internal_weight=1258.97 570.081 534.691 510.852 688.889 246.018 68.267 177.751 442.871 430.188 12.683 35.3901 30.9071 23.8383
internal_count=4298 1728 1610 1530 2570 952 236 716 1618 1542 76 118 101 80
is_linear=0
shrinkage=0.03


Tree=97
num_leaves=13
num_cat=0
split_feature=26 17 17 26 23 11 15 29 12 15 7 15
split_gain=7.63635 13.8013 10.5746 9.57106 15.4845 8.55341 10.2449 9.45328 7.28501 4.66282 4.65771 1.70205
threshold=0.0071148393823792467 -0.0031734221139960894 0.0012348095284539058 0.0066789553716971551 1.1388473024781118 0.036190772914008913 0.018317650921012795 0.03987412388262656 -0.016095953363152754 -0.00030287472552757347 14324500.994500002 0.0045876178006995358
decision_type=2 2 2 2 2 2 2 2 2 2 2 2
left_child=3 9 11 5 -5 6 -1 -7 -4 -2 -6 -3
right_child=1 2 8 4 10 7 -8 -9 -10 -11 -12 -13
leaf_value=0.00055383654542331474 0.039816815416796485 -0.03349863278727986 0.018481826779642149 -0.02984323242407079 0.017501402945480658 -0.0095761321514086107 -0.030175618797696483 0.011527222826973089 -0.01919757271090353 -0.00095275020952217872 0.053997426108721727 -0.058564192215912809
leaf_weight=1045.2042234241962 5.1081762090325356 4.6579128429293615 6.1708311438560477 3.742854684591296 5.2577227056026441 22.774176478385925 9.8563252389430982 118.54038459062576 18.35337729007006 4.9921695813536626 7.8402870893478394 5.1161346435546875
leaf_count=3615 14 21 19 16 15 84 36 349 71 16 19 23
internal_value=0.00106405 -0.0111561 -0.0202328 0.00151125 0.0239699 0.00119511 0.000266763 0.00812622 -0.00971661 0.0196662 0.0393474 -0.046619
internal_weight=1257.61 44.3986 34.2983 1213.22 16.8409 1196.38 1055.06 141.315 24.5242 10.1003 13.098 9.77405
internal_count=4298 164 134 4134 50 4084 3651 433 90 30 34 44
is_linear=0
shrinkage=0.03


Tree=98
num_leaves=11
num_cat=0
split_feature=25 28 28 23 25 26 25 26 5 14
split_gain=7.54562 9.60671 25.1632 22.0636 17.7847 17.1676 13.4357 12.7613 5.00217 1.16351
threshold=-0.001013258929688022 0.0024722890846239909 0.0018580126527569119 1.1183778504530804 0.00056576806837775378 0.003136482395854874 0.00011912634834278071 0.0022447999146675648 0.0012938073962132776 0.86626338369592315
decision_type=2 2 2 2 2 2 2 2 2 2
left_child=8 2 7 5 -5 -3 -4 -2 -1 -10
right_child=1 3 6 4 -6 -7 -8 -9 9 -11
leaf_value=0.00088840666849480823 -0.0013189332559020806 0.033338092025308144 0.0074802511219695536 -0.00045903888849664268 0.036648364929873993 -0.018967339201338324 0.028569647275053144 0.0083075143013552292 0.025207668715744831 0.045279791410273183
leaf_weight=7.2304141670465496 769.09921874850988 6.0266870632767668 77.564571216702461 93.55573520809412 13.273555055260656 89.770370282232761 41.860731080174446 147.7477318122983 6.6410538554191572 4.2704745084047318
leaf_count=26 2626 18 252 345 35 360 117 482 24 13
internal_value=0.00103266 0.00075139 0.00191955 -0.00522281 0.00415156 -0.0156768 0.0148725 0.000232346 0.0202401 0.0330633
internal_weight=1257.04 1238.9 1036.27 202.626 106.829 95.7971 119.425 916.847 18.1419 10.9115
internal_count=4298 4235 3477 758 380 378 369 3108 63 37
is_linear=0
shrinkage=0.03


Tree=99
num_leaves=15
num_cat=0
split_feature=29 1 28 17 28 4 20 29 29 1 9 1 22 22
split_gain=7.60388 12.4654 15.519 12.5516 13.0448 12.8573 12.3006 11.7394 17.0069 9.92037 12.7133 11.4957 9.4261 8.04381
threshold=0.028908263013382379 0.020783221828057665 -0.0022482753680198387 0.0071658434963870104 -0.0027696511046732589 212.50000000000003 -0.0139948814891977 0.020007434860058581 0.019982888506241938 0.023580523670081392 1.0546044927900466 0.032930577028624432 53293959.300000004 47764311.982500009
decision_type=2 2 2 2 2 2 2 2 2 2 2 2 2 2
left_child=7 2 13 4 -3 -5 -4 8 -1 10 -9 -11 -10 -2
right_child=1 3 6 5 -6 -7 -8 9 12 11 -12 -13 -14 -15
leaf_value=-0.016225059238927905 -0.018556316165654035 -0.0092233270312753139 -0.043514431050761249 -0.01250117799475371 0.0054572269086002245 0.0039136674535324503 -0.0094189529340445669 -0.025117012480421523 0.050218760982755233 -0.030781826865571019 0.011858625999749368 -0.0063164384803254424 0.011053265076694527 0.029561824504644355
leaf_weight=19.686525203287601 4.1727638691663769 58.631261564791203 11.203873001039026 88.029318034648895 768.39519650489092 83.854873210191727 63.47818473726511 11.791346698999403 6.8106018006801596 31.908446215093136 28.833225749433041 37.716614909470081 29.425370022654533 12.472481757402418
leaf_count=117 16 195 47 298 2422 258 239 68 20 182 133 178 90 35
internal_value=0.00100227 0.00191343 -0.00869565 0.00288338 0.00441646 -0.00449308 -0.014534 -0.00497571 0.00622024 -0.0106547 0.00112639 -0.0175287 0.0184145 0.0174992
internal_weight=1256.41 1090.24 91.3273 998.911 827.026 171.884 74.6821 166.172 55.9225 110.25 40.6246 69.6251 36.236 16.6452
internal_count=4298 3510 337 3173 2617 556 286 788 227 561 201 360 110 51
is_linear=0
shrinkage=0.03


Tree=100
num_leaves=9
num_cat=0
split_feature=7 20 25 25 10 21 29 15
split_gain=7.39991 9.65268 8.70649 9.72372 3.60697 3.47229 0.0486124 0.00251906
threshold=285896.03500000009 -0.1175629140158571 0.00091992996561157724 0.00060394083698791785 -0.0026178484595952753 2490182.0000000005 0.039480697125769522 0.0032218984560802933
decision_type=2 2 2 2 2 2 2 2
left_child=4 -2 3 -3 -1 -4 7 -6
right_child=1 2 5 -5 6 -7 -8 -9
leaf_value=-0.0015608019241297331 -0.049611084521984025 0.0015035787623184362 0.026107609663965362 -0.012902523827100238 -0.034765516080187957 -0.0035385670492462944 -0.040777475197067412 -0.036246890997127745
leaf_weight=4.049685962498188 3.3576505035161963 1175.564929060638 17.447450384497646 43.736735515296459 2.1324765011668187 4.4657631963491431 2.5068750083446503 2.0040042251348495
leaf_count=21 16 3989 51 158 19 15 14 15
internal_value=0.000972744 0.00118625 0.00132366 0.000986827 -0.0238772 0.0200659 -0.037481 -0.0354832
internal_weight=1255.27 1244.57 1241.21 1219.3 10.693 21.9132 6.64336 4.13648
internal_count=4298 4229 4213 4147 69 66 48 34
is_linear=0
shrinkage=0.03


Tree=101
num_leaves=13
num_cat=0
split_feature=29 24 7 8 23 26 1 14 10 14 11 21
split_gain=7.32962 9.97198 9.79876 9.54263 7.00719 14.057 11.7613 11.3082 13.1319 10.2564 7.33766 6.67078
threshold=0.049252453319895681 0.30379302332162389 3659937.4885000004 -0.016248597857321342 1.0812723231129771 0.003136482395854874 0.04564687307554692 0.35086612750672391 -0.018878305601581578 0.12248633303450203 0.015732631015586706 180615.00000000003
decision_type=2 2 2 2 2 2 2 2 2 2 2 2
left_child=4 -2 11 -4 5 6 -1 9 -9 -6 -7 -3
right_child=1 2 3 -5 7 10 -8 8 -10 -11 -12 -13
leaf_value=0.0003399832642102467 0.038878841056053631 0.00083418614068875221 -0.0080473052448284711 0.0053915174156153383 0.0038957894704311539 -0.010878768493796539 -0.038483158376634921 0.049522555246972133 0.0035537719045301273 -0.012474543341743477 -0.033796138593932962 -0.025414824626485137
leaf_weight=179.09925825148821 7.0673893988132468 17.302880644798279 52.869188040494919 473.0247665643692 57.976748406887054 40.289081640541553 7.3095254302024832 5.7016127109527579 293.55124939233065 84.862523466348648 18.278509177267551 17.55296117067337
leaf_count=657 17 56 170 1424 206 190 28 14 1065 333 77 61
internal_value=0.000943785 0.00346585 0.00301952 0.00404049 -0.00114053 -0.00521047 -0.00118236 0.00111474 0.00442961 -0.00583002 -0.0180311 -0.0123845
internal_weight=1254.89 567.817 560.75 525.894 687.069 244.976 186.409 442.092 299.253 142.839 58.5676 34.8558
internal_count=4298 1728 1711 1594 2570 952 685 1618 1079 539 267 117
is_linear=0
shrinkage=0.03


Tree=102
num_leaves=10
num_cat=0
split_feature=25 25 25 11 26 12 22 5 1
split_gain=7.25324 9.15612 11.0394 13.1745 9.9174 8.02485 5.96068 4.77321 1.99972
threshold=-0.001013258929688022 -0.00074090273753692323 -0.00034703461401847021 0.031199541655662352 -0.0065386384775231428 -0.0012831081643809351 408673746.24450004 0.0012938073962132776 0.036712771026383657
decision_type=2 2 2 2 2 2 2 2 2
left_child=7 5 3 -3 -4 6 -2 -1 -9
right_child=1 2 4 -5 -6 -7 -8 8 -10
leaf_value=0.00098418118349450387 -0.020144321097928592 0.0045384401030940848 0.018795983191351315 0.02866726193797596 -0.00042007806382818763 -0.056741874398091384 0.017157893747542886 0.042490474640180201 0.015700283919306831
leaf_weight=7.2198814451694515 14.164834678173071 102.28316351026297 24.735859483480453 25.429353356361389 1060.2908888310194 3.9803451672196379 5.2971871495246878 6.7445661425590497 3.9917176067829132
leaf_count=26 60 348 74 73 3644 20 16 22 15
internal_value=0.00091599 0.000641023 0.000999989 0.00934283 1.79994e-05 -0.0179293 -0.00999138 0.0198459 0.03253
internal_weight=1254.14 1236.18 1212.74 127.713 1085.03 23.4424 19.462 17.9562 10.7363
internal_count=4298 4235 4139 421 3718 96 76 63 37
is_linear=0
shrinkage=0.03


Tree=103
num_leaves=14
num_cat=0
split_feature=29 29 4 11 25 25 25 28 23 26 13 1 28
split_gain=7.0606 15.9499 11.2608 10.8731 8.62244 20.1786 21.3315 15.5002 14.4196 13.1197 5.725 5.27614 5.04537
threshold=0.027089196092937178 0.023720033875496056 262.50000000000006 0.0098836584628815422 -9.5779806604573002e-05 -3.0305715736434386e-05 -1.5075993626628593e-05 -0.0013592539691529659 5.1929103617753887 0.0020274897638310608 0.010000829194720827 0.020412835843749318 0.00029427945651734481
decision_type=2 2 2 2 2 2 2 2 2 2 2 2 2
left_child=1 2 3 -1 8 7 -7 -6 9 -2 -3 -12 -4
right_child=4 10 12 -5 5 6 -8 -9 -10 -11 11 -13 -14
leaf_value=-0.0044174059842123558 0.00067942370764850952 0.019016569433397332 -0.00033760322452787032 0.019884338393172572 0.0075332572461648878 0.021469055877181564 0.00031066739340755608 -0.019907334948547135 -0.037628271421084505 0.012546650300650549 0.0044698050075495967 -0.028614654720134976 -0.029086031076068837
leaf_weight=33.374239757657051 170.89185430109501 2.9603383019566527 9.5293370708823222 32.908991783857346 24.910417497158051 45.973580919206142 638.17867228388786 72.292023174464703 6.7989491820335379 164.59872972220182 4.9905370771884909 33.188850708305836 12.975273407995699
leaf_count=169 565 17 48 112 77 133 2111 263 26 505 24 180 68
internal_value=0.000889034 -0.00573208 0.00142283 0.00764818 0.00165464 -8.47429e-05 0.00173247 -0.012875 0.00562517 0.00650173 -0.0211738 -0.0242901 -0.0169128
internal_weight=1253.57 129.928 88.7878 66.2832 1123.64 781.355 684.152 97.2024 342.29 335.491 41.1397 38.1794 22.5046
internal_count=4298 618 397 281 3680 2584 2244 340 1096 1070 221 204 116
is_linear=0
shrinkage=0.03


Tree=104
num_leaves=11
num_cat=0
split_feature=11 25 14 23 14 21 5 5 20 1
split_gain=6.90672 7.01175 8.89355 8.54866 7.64553 6.06319 4.61122 3.18598 2.02454 1.93425
threshold=0.059299974320924508 -0.001013258929688022 0.92241527064806828 13.276317437844929 0.67307784319633368 1554703.5000000002 0.0012938073962132776 0.0017433708234134368 0.029643157487817932 0.036712771026383657
decision_type=2 2 2 2 2 2 2 2 2 2
left_child=1 6 4 -4 -3 -2 -1 8 -7 -8
right_child=5 2 3 -5 -6 7 9 -9 -10 -11
leaf_value=0.00072847637119557204 -0.0056563329758317557 -0.00062414731057706355 -0.0097404386090042764 0.032514299544034377 0.0047716727137483653 0.020164542231282997 0.041742809740439854 0.0090651960941869648 0.045209367348265327 0.015215612590847298
leaf_weight=7.2083149254322079 8.213178217411043 756.48723072558641 103.11688277870417 4.497058540582656 343.72366371750832 5.025051876902582 6.6292235702276212 6.9351797848939887 6.8851005136966705 3.9466081559658051
leaf_count=26 27 2608 382 12 1153 15 22 21 17 15
internal_value=0.00086282 0.00053183 0.000256488 -0.00797466 0.00106159 0.0158549 0.0192319 0.02523 0.0346426 0.0318436
internal_weight=1252.67 1225.61 1207.82 107.614 1100.21 27.0585 17.7841 18.8453 11.9102 10.5758
internal_count=4298 4218 4155 394 3761 80 63 53 32 37
is_linear=0
shrinkage=0.03


Tree=105
num_leaves=14
num_cat=0
split_feature=26 17 18 6 9 27 26 22 18 21 18 9 15
split_gain=6.82113 12.8595 12.6341 8.64808 11.1561 14.136 10.8524 10.3628 9.52951 7.95135 6.04253 5.53017 4.33568
threshold=0.0071148393823792467 -0.0031734221139960894 0.0095612030097179303 61582.000000000007 1.760162796231419 0.039243903191170187 0.0066789553716971551 100217359.64100002 0.003765010130365475 1208495.5000000002 0.0099960255356918003 4.7995054795066379 -0.00030287472552757347
decision_type=2 2 2 2 2 2 2 2 2 2 2 2 2
left_child=3 12 11 4 5 -1 8 -6 -5 -4 -8 -3 -2
right_child=1 2 9 6 7 -7 10 -9 -10 -11 -12 -13 -14
leaf_value=0.00012850386788029644 0.038599802047095726 -0.051606130129613993 0.010170220506987774 -0.021469299915202467 -0.0038665412776802493 0.043682173831402299 0.053434805910823148 -0.021917346761945622 0.0031467968897295516 -0.028386329432733452 0.01107578667135038 -0.0043018214414670053 -0.0008052527493752924
leaf_weight=281.00678015500307 5.0662903636693954 10.846766844391821 12.564490035176279 14.423645071685312 96.310068756341934 6.8708520829677573 5.7900419831275922 40.728221692144871 756.69559237360954 7.803526133298873 6.3602506518363953 2.7979798763990393 4.9864279851317388
leaf_count=1020 14 52 40 78 409 18 15 162 2413 29 19 13 16
internal_value=0.000837337 -0.0107563 -0.0195669 0.00126019 -0.00218584 0.00116801 0.00312962 -0.0092313 0.00268636 -0.00460181 0.0312613 -0.0419059 0.0190538
internal_weight=1252.25 44.0655 34.0128 1208.19 424.916 287.878 783.27 137.038 771.119 20.368 12.1503 13.6447 10.0527
internal_count=4298 164 134 4134 1609 1038 2525 571 2491 69 34 65 30
is_linear=0
shrinkage=0.03


Tree=106
num_leaves=9
num_cat=0
split_feature=7 20 25 25 14 3 29 13
split_gain=6.93334 9.091 8.08276 9.0981 3.90695 3.60296 0.0323751 0.00185799
threshold=285896.03500000009 -0.1175629140158571 0.00091992996561157724 0.00060394083698791785 0.31166969907006237 0.99980000000000036 0.034888554443023849 0.015561668004253303
decision_type=2 2 2 2 2 2 2 2
left_child=5 -2 3 -3 -4 6 7 -1
right_child=1 2 4 -5 -6 -7 -8 -9
leaf_value=-0.033925883044220645 -0.048709921380500829 0.0013276630788595649 -0.0015990041650433098 -0.012622645729138616 0.027060537860897949 -0.00014969220858567845 -0.038910522552338719 -0.035315055689453811
leaf_weight=1.4927724674344047 3.2998501881957045 1172.2758662626147 5.8694687932729748 43.641517303884029 15.817982017993925 3.808198906481266 3.1435356661677361 2.0654405355453491
leaf_count=15 16 3989 19 158 47 18 19 17
internal_value=0.000812654 0.00101816 0.00115075 0.000826961 0.0193041 -0.0234513 -0.0366921 -0.0347323
internal_weight=1251.41 1240.9 1237.6 1215.92 21.6875 10.5099 6.70175 3.55821
internal_count=4298 4229 4213 4147 66 69 51 32
is_linear=0
shrinkage=0.03


Tree=107
num_leaves=15
num_cat=0
split_feature=28 28 28 17 28 26 28 1 13 23 28 1 24 23
split_gain=6.72151 22.5873 20.3232 16.2618 13.1286 50.3232 18.1408 13.0536 13.9148 12.7044 12.2196 9.84647 8.36982 2.69826
threshold=0.0024722890846239909 0.0018580126527569119 0.002866508132802073 0.013525161547330087 0.00087895046993391977 0.0024583214125438071 0.00072664506162631543 0.030240000052905197 0.030171167331120411 3.9382621945701772 0.0032060574555284422 0.052265666700584253 0.52182137181274968 1.0232999495896524
decision_type=2 2 2 2 2 2 2 2 2 2 2 2 2 2
left_child=1 4 9 10 6 -6 -1 8 -3 11 -4 -2 -9 -5
right_child=2 7 3 13 5 -7 -8 12 -10 -11 -12 -13 -14 -15
leaf_value=0.00048070803212615253 -0.027008562571565056 0.01675134614003209 0.019935289942163141 -0.053428633072844324 -0.026708334765574947 0.0079938267351843586 0.018072834948834868 0.0032177566872919569 -0.01155207419637048 0.034171371944064451 -0.00047401269551780958 -0.00098186531223161616 0.031281490905648447 -0.019786261549382206
leaf_weight=711.00119558721781 49.881860174238682 37.46836668998003 36.423023588955402 4.5103035122156125 69.302900031208992 82.239543586969376 56.982908606529236 12.377779200673102 26.825450733304024 4.1051769927144042 95.966165125370026 17.733131662011147 42.083814144134521 4.092464804649353
leaf_count=2428 234 126 115 19 269 265 170 39 92 12 344 58 112 15
internal_value=0.000788485 0.00178381 -0.00406986 0.00254384 0.000193654 -0.00787605 0.00178601 0.0140964 0.00494225 -0.0170715 0.00514101 -0.0201826 0.0249033 -0.0374245
internal_weight=1250.99 1038.28 212.712 140.992 919.527 151.542 767.984 118.755 64.2938 71.7202 132.389 67.615 54.4616 8.60277
internal_count=4298 3501 797 493 3132 534 2598 369 218 304 459 292 151 34
is_linear=0
shrinkage=0.03


Tree=108
num_leaves=14
num_cat=0
split_feature=7 18 20 25 4 3 14 29 10 29 13 29 29
split_gain=6.64475 8.98777 8.90485 7.9638 6.68014 12.7379 10.1202 10.2248 7.83808 7.05303 2.43745 1.87584 0.00979612
threshold=1362342.2310000001 0.0032034926942757437 -0.1175629140158571 0.00091992996561157724 307.50000000000006 0.31356507691427843 0.36648829710905667 0.037890331662503128 -0.0035345001950982126 0.02039151230675099 0.013449256178076095 0.048917848975908333 0.022531139509917451
decision_type=2 2 2 2 2 2 2 2 2 2 2 2 2
left_child=4 10 -3 -4 5 11 8 -8 -6 -7 12 -1 -2
right_child=1 2 3 -5 6 9 7 -9 -10 -11 -12 -13 -14
leaf_value=-0.033999216006620259 -0.03599978882018276 -0.047963368543906745 0.0013951530925109686 0.020282629037320761 0.0055686446333042053 0.022302661366407399 -0.037378953124730871 0.018445989131864817 0.053341666738325334 -0.011260701935771533 -0.009503975443248186 -0.063422019381243019 -0.038350206777106675
leaf_weight=10.996351540088652 3.7504134103655797 3.2547235712409011 1137.8304027915001 20.45277938246727 8.6300366744399053 6.8895213156938544 7.3603665232658368 4.9311494454741478 4.8156890422105816 30.943318203091621 5.2230187058448792 2.3705658018589011 2.7780320569872856
leaf_count=71 28 16 3758 61 36 32 52 16 17 158 26 10 17
internal_value=0.000765265 0.00132532 0.00158942 0.00172867 -0.00777559 -0.0140431 0.00469249 -0.0149829 0.0226789 -0.00514867 -0.0247792 -0.0392172 -0.037
internal_weight=1250.23 1173.29 1161.54 1158.28 76.937 51.1998 25.7372 12.2915 13.4457 37.8328 11.7515 13.3669 6.52845
internal_count=4298 3906 3835 3819 392 271 121 68 53 190 71 81 45
is_linear=0
shrinkage=0.03


Tree=109
num_leaves=15
num_cat=0
split_feature=25 25 25 4 26 15 17 25 17 3 17 17 5 9
split_gain=6.67936 12.5456 10.3477 11.3539 8.84986 21.3412 10.3326 17.5568 10.7243 8.73971 8.73102 4.95246 3.57102 2.52335
threshold=-0.00034703461401847021 -0.00045651181314955007 -0.001013258929688022 322.50000000000006 -0.0065386384775231428 -0.015379113309993586 0.0015684733840712532 -0.00031346814503075294 0.0010468318478590052 0.93395045758820439 0.011135172683148608 0.0069164418587797103 -0.0029332539470353146 1.0925095253505084
decision_type=2 2 2 2 2 2 2 2 2 2 2 2 2 2
left_child=1 2 11 -4 5 -2 8 -8 -6 10 -3 -1 -7 -11
right_child=4 9 3 -5 6 12 7 -9 -10 13 -12 -13 -14 -15
leaf_value=0.028206630908427323 -0.034089149167696328 0.0066454748236273254 -0.013841118608171806 0.014517631507569149 0.00091518538376142921 0.013453573804604272 -0.040062600006866574 -0.0030939141919999074 0.017214621061924049 0.050194263484639894 0.042221689427141197 -0.0081878262391425743 0.041640050246939578 0.024599617944888585
leaf_weight=13.094481736421587 5.5339023321867016 60.699128247797489 51.98979078233242 16.81581162661314 588.22378183156252 5.8649888783693376 11.890421926975248 418.16040600091219 38.721661642193794 6.4127093032002431 6.915903076529502 4.5289104878902426 13.038553968071932 7.5463104248046875
leaf_count=48 20 208 197 55 2035 19 50 1430 129 17 18 15 35 22
internal_value=0.000742475 0.00630757 -0.00165687 -0.00691035 -0.000122075 0.0177263 -0.000534724 -0.00411606 0.00192188 0.014746 0.0102843 0.0188539 0.032895 0.0363577
internal_weight=1249.44 168.003 86.429 68.8056 1081.43 24.4374 1057 430.051 626.945 81.5741 67.615 17.6234 18.9035 13.959
internal_count=4298 580 315 252 3718 74 3644 1480 2164 265 226 63 54 39
is_linear=0
shrinkage=0.03


Tree=110
num_leaves=12
num_cat=0
split_feature=7 28 26 11 15 25 26 10 7 29 15
split_gain=6.54303 6.54935 16.9015 10.2998 9.63812 7.22493 4.67425 3.5227 0.104189 0.0434534 0.00202137
threshold=285896.03500000009 0.0038532421834644756 0.0054778814484823272 0.057347804205136028 0.0033079461336680545 0.00041867637370380899 0.0027571472574932339 -0.0026178484595952753 14970689.891500002 0.039480697125769522 0.0032218984560802933
decision_type=2 2 2 2 2 2 2 2 2 2 2
left_child=7 3 8 5 -4 -2 -5 -1 -3 10 -9
right_child=1 2 4 6 -6 -7 -8 9 -10 -11 -12
leaf_value=-0.0010450052071712783 -6.3940344185282693e-05 -0.046830133121247314 -0.031587816165599018 0.0081961731881840041 0.0065971268176185597 0.0067281410246459433 0.032393613394947555 -0.034426119637640661 -0.053871458555601881 -0.040208790484997071 -0.035794480340539774
leaf_weight=3.9947004988789558 1002.8875279203057 3.3246745839714995 7.6134802401065818 16.148364380002025 27.213199347257614 164.0015392228961 12.943849623203276 2.0121925249695765 4.3867041766643524 2.4165507182478905 1.8787814229726789
leaf_count=21 3452 16 34 50 90 534 35 19 18 14 15
internal_value=0.00072077 0.00091882 -0.0106488 0.00133025 -0.00175051 0.000890659 0.0189622 -0.0230885 -0.0508357 -0.0370492 -0.0350868
internal_weight=1248.82 1238.52 42.5381 1195.98 34.8267 1166.89 29.0922 10.3022 7.71138 6.30752 3.89097
internal_count=4298 4229 158 4071 124 3986 85 69 34 48 34
is_linear=0
shrinkage=0.03


Tree=111
num_leaves=15
num_cat=0
split_feature=25 25 25 4 26 15 26 28 28 18 3 18 29 3
split_gain=6.34826 11.8277 9.806 10.6739 8.46524 19.3233 12.8564 16.8696 11.3165 9.64287 8.37155 7.99026 7.33692 4.23333
threshold=-0.00034703461401847021 -0.00045651181314955007 -0.001013258929688022 322.50000000000006 -0.0061453168514149486 -0.013025729699670708 -0.0052103091899908362 -0.0010393417412360995 -0.0025749740866414482 0.0093922826995806643 0.93395045758820439 0.021274805688536912 0.029854219814552756 0.50390648843313246
decision_type=2 2 2 2 2 2 2 2 2 2 2 2 2 2
left_child=1 2 13 -4 5 11 7 -6 -8 -7 12 -2 -3 -1
right_child=4 10 3 -5 6 9 8 -9 -10 -11 -12 -13 -14 -15
leaf_value=0.00052268100166112674 -0.0011978895921627569 -0.013476679192556074 -0.013428455367634651 0.014087258838660259 -0.022111610473898077 -0.0015528962922986009 0.011894461187609008 0.018108468909542364 -0.00075283002446296455 0.036069429441638066 0.035606497028215486 -0.050571671994278249 0.014156929559522628 0.03061527780349689
leaf_weight=7.0584123432636288 8.9930602759122831 10.185157321393488 51.95113418251276 16.788684152066708 47.866344526410103 8.4418199211359042 68.472136490046978 11.674799516797064 908.55884170532227 22.402560576796532 13.829889521002768 4.3899118155241004 57.271076872944832 10.415980100631712
leaf_count=27 29 51 197 55 186 32 218 37 3139 60 39 17 175 36
internal_value=0.000699379 0.00613381 -0.00160692 -0.00670815 -0.000142839 0.0127107 -0.00069126 -0.0142253 0.000133516 0.0257725 0.0143438 -0.0173936 0.00998456 0.01846
internal_weight=1248.3 167.5 86.2142 68.7398 1080.8 44.2274 1036.57 59.5411 977.031 30.8444 81.2861 13.383 67.4562 17.4744
internal_count=4298 580 315 252 3718 138 3580 223 3357 92 265 46 226 63
is_linear=0
shrinkage=0.03


Tree=112
num_leaves=9
num_cat=0
split_feature=5 11 17 18 20 21 17 5
split_gain=6.42154 7.46718 7.43191 9.12875 8.05226 5.75905 3.95222 3.85961
threshold=-0.02817455228034282 0.059299974320924508 0.020960223430553353 0.018954520817407131 -0.011690024121211357 1554703.5000000002 -0.00043538313477767265 0.0017433708234134368
decision_type=2 2 2 2 2 2 2 2
left_child=6 2 3 -2 -4 -3 -1 -7
right_child=1 5 4 -5 -6 7 -8 -9
leaf_value=-0.003533960850540455 -8.6320922754449741e-05 -0.0046609117295376571 0.0036141107626244617 0.0090794999798066416 -0.047185522155719861 0.036939063461729434 -0.047662879533135714 0.0083770746618198055
leaf_weight=3.3942687511444092 1095.4240654408932 7.8638010919094112 5.220338299870491 107.38010536134243 6.0778338313102704 11.213416740298273 3.9547777324914923 6.8647758811712256
leaf_count=15 3826 26 16 321 24 30 19 21
internal_value=0.000679062 0.000844767 0.000504472 0.000731956 -0.0237135 0.0167708 -0.0272813 0.0260933
internal_weight=1247.39 1240.04 1214.1 1202.8 11.2982 25.942 7.34905 18.0782
internal_count=4298 4264 4187 4147 40 77 34 51
is_linear=0
shrinkage=0.03


Tree=113
num_leaves=14
num_cat=0
split_feature=26 17 18 6 26 26 9 27 22 26 6 9 6
split_gain=6.23543 12.0185 11.9632 7.72399 10.3414 17.5453 10.1848 13.1384 9.86128 8.96917 7.70117 5.3724 2.74063
threshold=0.0071148393823792467 -0.0031734221139960894 0.0095612030097179303 61582.000000000007 -0.004277250711583077 -0.0056631139355676893 1.760162796231419 0.039243903191170187 100217359.64100002 0.0066789553716971551 688758.50000000012 4.7995054795066379 108758.50000000001
decision_type=2 2 2 2 2 2 2 2 2 2 2 2 2
left_child=3 12 11 6 5 -5 7 -1 -8 -6 -4 -3 -2
right_child=1 2 10 4 9 -7 8 -9 -10 -11 -12 -13 -14
leaf_value=8.7446703563342171e-06 0.033769914564570978 -0.050722218112326453 0.0047384231135683633 0.0010324394671413085 0.0036051695261048525 -0.02972066523934128 -0.0037056731146048274 0.042189688157099017 -0.021357431852359894 0.029733286360213551 -0.041555968420857868 -0.003926902001945347 0.0023650435488908471
leaf_weight=279.94872541725636 5.1072110906243307 10.640258885920046 16.21546766161919 64.710979670286179 680.86042829602957 22.502556011080742 95.92403032630682 6.8075090348720542 40.514347903430462 12.033366248011587 4.0396965742111197 2.7862277477979651 4.9007112681865692
leaf_count=1020 15 52 53 213 2192 86 409 18 162 34 16 13 15
internal_value=0.000658963 -0.0104743 -0.0190512 0.00106319 0.00283349 -0.00690238 -0.00220015 0.00101011 -0.00894723 0.00405893 -0.00449455 -0.0410114 0.0183915
internal_weight=1246.99 43.6896 33.6817 1203.3 780.107 87.2135 423.195 286.756 136.438 692.894 20.2552 13.4265 10.0079
internal_count=4298 164 134 4134 2525 299 1609 1038 571 2226 69 65 30
is_linear=0
shrinkage=0.03


Tree=114
num_leaves=10
num_cat=0
split_feature=7 5 11 28 15 17 10 29 15
split_gain=6.21144 6.16473 6.8366 6.82108 5.58267 3.81323 3.44834 0.0388389 0.00183193
threshold=285896.03500000009 -0.02817455228034282 0.059299974320924508 -0.0019621318720245699 0.02356879867407272 -0.00043538313477767265 -0.0026178484595952753 0.039480697125769522 0.0032218984560802933
decision_type=2 2 2 2 2 2 2 2 2
left_child=6 5 3 -3 -4 -2 -1 8 -8
right_child=1 2 4 -5 -6 -7 7 -9 -10
leaf_value=-0.0010184951356141815 -0.0034200855391773783 0.0058896657212986142 0.025371617848731088 -0.00030988401203378935 -0.0052016469854246497 -0.046945782028752457 -0.034287671383684035 -0.039821598153776665 -0.035607248705761561
leaf_weight=3.9943975731730461 3.3881636410951614 189.60947185754776 18.098474860191349 1013.4546984881163 7.6462108492851248 3.8929220438003531 1.9619732126593574 2.3676743730902672 1.8300240337848661
leaf_count=21 15 622 52 3496 25 19 19 14 15
internal_value=0.000639495 0.000831455 0.000994538 0.000667199 0.0162913 -0.0266916 -0.0227285 -0.0368069 -0.0349245
internal_weight=1246.24 1236.09 1228.81 1203.06 25.7447 7.28109 10.1541 6.15967 3.792
internal_count=4298 4229 4195 4118 77 34 69 48 34
is_linear=0
shrinkage=0.03


Tree=115
num_leaves=15
num_cat=0
split_feature=28 28 28 17 25 23 28 26 28 23 27 29 27 17
split_gain=6.05434 21.5827 19.005 15.0424 12.5271 12.1381 12.0467 46.9339 17.5359 11.6907 9.45827 9.36553 8.20644 8.04172
threshold=0.0024722890846239909 0.0018580126527569119 0.002866508132802073 0.013525161547330087 0.00011912634834278071 1.816295871397605 0.00087895046993391977 0.0024583214125438071 0.00072664506162631543 1.0750664532583663 -0.014173563093048328 0.053282096047153039 0.022124700974611538 -0.0065808711391254588
decision_type=2 2 2 2 2 2 2 2 2 2 2 2 2 2
left_child=1 6 5 9 11 13 8 -8 -1 -4 -6 -3 -7 -2
right_child=2 4 3 -5 10 12 7 -9 -10 -11 -12 -13 -14 -15
leaf_value=0.00025030730324458256 -0.070421271650343856 -0.0016028647513137754 -0.0056474744460988631 -0.036204266155112193 -0.014764120311311111 -0.0061005379200090677 -0.025951899057946978 0.0076141604773639045 0.017571917924861312 0.012487745406077862 0.03190379464778316 0.020004705737238476 0.04578262672873358 -0.019880518841829776
leaf_weight=708.19411423802376 2.9865298420190802 48.258440800011158 54.934979811310768 8.5265996754169446 4.371656045317649 9.0805556178092939 69.074889130890369 81.9946493729949 56.821240246295929 76.600089348852634 36.89748041331768 28.844255074858665 3.9317555874586096 55.260859623551369
leaf_count=2428 13 172 207 34 15 37 269 265 170 252 102 80 10 244
internal_value=0.000620507 0.00156576 -0.0040067 0.0024105 0.0136206 -0.0166198 8.0999e-06 -0.00773355 0.00153686 0.00491366 0.0269602 0.00648057 0.0095763 -0.0224719
internal_weight=1245.78 1034.46 211.321 140.062 118.372 71.2597 916.085 151.07 765.015 131.535 41.2691 77.1027 13.0123 58.2474
internal_count=4298 3501 797 493 369 304 3132 534 2598 459 117 252 47 257
is_linear=0
shrinkage=0.03


Tree=116
num_leaves=15
num_cat=0
split_feature=25 9 25 10 24 26 15 5 26 28 28 8 21 15
split_gain=6.00966 11.8639 11.1465 11.5466 9.71579 7.79767 18.309 12.3155 11.8374 15.8292 10.534 7.69649 5.64271 4.7516
threshold=-0.00034703461401847021 4.7036814134785638 -0.00045651181314955007 -0.0051333416539839577 0.75535074586887985 -0.0061453168514149486 -0.013025729699670708 0.0048058592444613522 -0.0052103091899908362 -0.0010393417412360995 -0.0025749740866414482 0.011247009179317402 631213.50000000012 -1.0000000180025095e-35
decision_type=2 2 2 2 2 2 2 2 2 2 2 2 2 2
left_child=1 2 3 -1 13 6 7 -2 9 -7 -10 -4 -8 -3
right_child=5 4 11 -5 -6 8 12 -9 10 -11 -12 -13 -14 -15
leaf_value=-0.016802598990164303 -0.03963698115216191 -0.011417611640924136 0.012057930428421721 0.0082369061181619234 0.019681733177208619 -0.021427676064895759 0.008347772044936707 0.019727349747923249 0.011401870461809349 0.017539748972504172 -0.0008080182514531339 0.03638227066097148 0.034963139626048592 -0.050160161972094282
leaf_weight=23.724976733326912 8.2964208424091321 5.0905330181121817 57.462328754365444 54.995759062469006 4.3081622123718253 47.64240338653326 11.481660544872286 5.0655113011598578 68.391153961420059 11.682706460356711 906.4973870664835 14.702678203582762 19.086906269192696 6.4705365151166907
leaf_count=85 32 21 191 198 14 186 39 14 218 37 3139 41 53 30
internal_value=0.00060237 0.0059024 0.00849747 0.000690461 -0.0187717 -0.000217378 0.0121617 -0.017132 -0.000743206 -0.0137539 4.85395e-05 0.0170137 0.0249663 -0.0331012
internal_weight=1244.9 166.755 150.886 78.7207 15.8692 1078.14 43.9305 13.3619 1034.21 59.3251 974.889 72.165 30.5686 11.5611
internal_count=4298 580 515 283 65 3718 138 46 3580 223 3357 232 92 51
is_linear=0
shrinkage=0.03


Tree=117
num_leaves=12
num_cat=0
split_feature=18 6 25 7 20 9 27 15 17 6 1
split_gain=5.99717 12.8207 9.67932 10.8202 8.35901 7.68856 7.20351 7.10484 6.83712 11.8716 7.40267
threshold=0.0039874675351494332 8044.5000000000009 -6.0534707342586007e-05 1771685.2290000003 -0.1175629140158571 0.82217232997311929 0.0048033087983435597 0.0018901395751196608 0.0015684733840712532 16602.000000000004 0.020783221828057665
decision_type=2 2 2 2 2 2 2 2 2 2 2
left_child=1 2 -1 -4 -2 6 -3 -7 10 -10 -6
right_child=4 5 3 -5 8 7 -8 -9 9 -11 -12
leaf_value=0.047163654874004791 -0.047519360742637871 0.037236484469905275 -0.036760888639544589 0.041857308719743296 -0.0066648457436754849 -0.033809613588717105 -0.023933057892947005 -0.005417224718602856 -0.012669430501051413 0.00040130322222794339 0.0040680793002520694
leaf_weight=5.5136784985661507 3.1838975325226775 4.0604056492447844 4.1034026592969877 2.5575570538640022 63.695911020040512 21.288157179951668 3.0224039554595947 12.643157273530958 73.416835002601147 422.08831812441349 628.60950815677643
leaf_count=21 16 16 30 9 245 135 14 68 297 1385 2062
internal_value=0.000584742 -0.00927118 0.0177626 -0.00657447 0.0010249 -0.0172959 0.011134 -0.0232303 0.00115502 -0.00153533 0.00308059
internal_weight=1244.18 53.1888 12.1746 6.66096 1190.99 41.0141 7.08281 33.9313 1187.81 495.505 692.305
internal_count=4298 293 60 39 4005 233 30 203 3989 1682 2307
is_linear=0
shrinkage=0.03


Tree=118
num_leaves=14
num_cat=0
split_feature=28 26 15 27 11 15 9 26 26 24 24 5 7
split_gain=5.8735 16.0959 9.23909 11.835 9.0973 7.92259 8.78641 6.70677 9.80617 5.51506 4.87855 4.53295 0.110876
threshold=0.0038532421834644756 0.0054778814484823272 0.0033079461336680545 0.022459712049320148 0.039432122005690663 0.018317650921012795 1.760162796231419 0.0022447999146675648 0.0017324050256847707 0.67335812239557835 0.66342029110276235 0.0044455347816922111 14970689.891500002
decision_type=2 2 2 2 2 2 2 2 2 2 2 2 2
left_child=4 12 11 -4 5 6 -1 8 -6 -7 -9 -3 -2
right_child=1 2 3 -5 7 9 -8 10 -10 -11 -12 -13 -14
leaf_value=0.0024911306692132641 -0.045350529493715694 -0.050963855378290818 0.019919985639361332 -0.022786187189169596 0.0078763855867923747 -0.0013543196654593847 -0.0030883710364458701 0.026505750539654319 -0.025235379679460282 -0.0443228484564515 0.0078516112988047705 -0.0039652880237707536 -0.052556291181127576
leaf_weight=675.54792085289955 3.448708549141883 4.3439254462718955 18.621970623731617 8.5087471008300763 47.156531020998955 4.8212860226631147 407.08960562944412 25.426771730184555 9.7065712511539441 6.0769254863262177 25.047238752245903 3.2130822539329529 4.3409118056297302
leaf_count=2258 18 22 58 32 146 15 1510 73 35 24 77 12 18
internal_value=0.000567217 -0.0103961 -0.00164486 0.00652646 0.000955013 0.000136949 0.000393146 0.00928934 0.00222418 -0.0253139 0.0172488 -0.030981 -0.0493661
internal_weight=1243.35 42.4773 34.6877 27.1307 1200.87 1093.54 1082.64 107.337 56.8631 10.8982 50.474 7.55701 7.78962
internal_count=4298 160 124 90 4138 3807 3768 331 181 39 150 34 36
is_linear=0
shrinkage=0.03


Tree=119
num_leaves=11
num_cat=0
split_feature=25 25 25 11 12 17 0 17 3 7
split_gain=5.87913 7.93193 8.91055 11.7313 7.85441 7.52789 5.79622 4.68464 1.00759 2.99478
threshold=-0.001013258929688022 -0.00074090273753692323 -0.00034703461401847021 0.031199541655662352 -0.0012831081643809351 0.0015684733840712532 -0.00010230599059252387 0.0069164418587797103 0.82349457782733237 40669663.915500008
decision_type=2 2 2 2 2 2 2 2 2 2
left_child=7 4 3 -3 6 -4 -2 8 9 -1
right_child=1 2 5 -5 -6 -7 -8 -9 -10 -11
leaf_value=0.0037424722728585155 -0.034808742409950161 0.0036982579235096602 0.0018347424038393009 0.026860075639342292 -0.055966513499977812 -0.0032723984166406115 0.0013556338902177662 -0.0083489380777673934 0.040451010283292767 0.038268232806448338
leaf_weight=4.3110539764165896 5.6402402445674005 101.31534586846828 638.74453255534172 24.425453513860703 3.8906374946236602 437.78160740435123 13.621362119913099 4.5084891468286505 3.6872274279594413 4.7551368325948715
leaf_count=18 27 348 2208 73 20 1510 49 15 13 17
internal_value=0.000550505 0.000305598 0.000640536 0.0081975 -0.0170873 -0.000242135 -0.00923413 0.0179364 0.0272285 0.0218509
internal_weight=1242.68 1225.42 1202.27 125.741 23.1522 1076.53 19.2616 17.2619 12.7534 9.06619
internal_count=4298 4235 4139 421 96 3718 76 63 48 35
is_linear=0
shrinkage=0.03


Tree=120
num_leaves=14
num_cat=0
split_feature=26 6 6 9 26 23 9 14 25 29 15 7 24
split_gain=5.89313 9.02704 8.22195 9.83249 7.13373 13.5388 9.85997 20.0201 15.8219 6.87298 6.48777 4.26772 2.06118
threshold=0.0071148393823792467 71858.500000000015 26567.500000000004 1.7964895682543693 0.0066789553716971551 1.1388473024781118 1.760162796231419 0.40395779874364129 -9.5779806604573002e-05 0.053483946234652198 0.0010164152148843845 14324500.994500002 0.70737599348219382
decision_type=2 2 2 2 2 2 2 2 2 2 2 2 2
left_child=4 2 3 -2 6 -6 8 -8 -1 12 -11 -7 -3
right_child=1 9 -4 -5 5 11 7 -9 -10 10 -12 -13 -14
leaf_value=0.0095818463076585286 -0.04533856968268999 -0.052103013687896958 0.027724958142870144 0.017453051874406007 -0.029920411770979247 0.014323527539219366 -0.010815540046969092 0.0022653124597066436 -5.0336693313289857e-05 0.016656826765718717 -0.023226721884505828 0.049737720123591157 -0.02278849738470267
leaf_weight=216.90562491118908 4.4354632794857043 6.1801621392369288 8.4017197489738447 4.5434815660119057 3.6983336955308941 5.1675924211740476 174.00257197022438 266.70409519225359 524.87328428775072 5.5316372811794308 10.91125041246414 7.5181586444377899 3.3174988329410553
leaf_count=692 24 29 25 16 16 15 667 952 1773 16 40 19 14
internal_value=0.000534305 -0.0103358 0.00639431 -0.0135651 0.000927099 0.020587 0.000654699 -0.00289935 0.00276624 -0.0215454 -0.00980929 0.0353116 -0.0418636
internal_weight=1242.19 43.3212 17.3807 8.97894 1198.87 16.3841 1182.49 440.707 741.779 25.9405 16.4429 12.6858 9.49766
internal_count=4298 164 65 40 4134 50 4084 1619 2465 99 56 34 43
is_linear=0
shrinkage=0.03


Tree=121
num_leaves=12
num_cat=0
split_feature=7 20 7 20 29 22 24 28 3 29 18
split_gain=5.83399 6.1723 11.4742 11.0116 10.1345 8.2752 16.041 9.233 3.58898 0.0265623 0.000946185
threshold=285896.03500000009 -0.061780065954145931 69309790.845000014 -0.068729256369249883 0.06816460167034287 817819683.19600022 0.48182131682505352 -0.0019621318720245699 0.99980000000000036 0.034888554443023849 0.005517876553682151
decision_type=2 2 2 2 2 2 2 2 2 2 2
left_child=8 2 3 -2 -4 7 -7 -3 9 10 -1
right_child=1 5 4 -5 -6 6 -8 -9 -10 -11 -12
leaf_value=-0.033810717442817682 0.017290994076987962 0.0070060755610499943 -0.032907732975449015 -0.021194626426403653 0.0014955560045836194 0.023461475653023259 0.0025783332000866343 -0.0012593971792244395 0.0010611562806109736 -0.038246858763950599 -0.034828620158116087
leaf_weight=1.5993916317820533 20.778684899210933 143.264853104949 21.39214900881052 9.8690584897994977 12.045624598860739 40.668504700064659 177.97962874174118 805.53817658871412 3.705015555024147 2.9712045267224312 1.6906429827213285
leaf_count=17 64 472 82 36 38 124 579 2834 18 19 15
internal_value=0.000518533 0.000703533 -0.00836131 0.00489802 -0.0205143 0.00120113 0.00646259 -1.13492e-05 -0.0223421 -0.0361907 -0.0343338
internal_weight=1241.5 1231.54 64.0855 30.6477 33.4378 1167.45 218.648 948.803 9.96625 6.26124 3.29003
internal_count=4298 4229 220 100 120 4009 703 3306 69 51 32
is_linear=0
shrinkage=0.03


Tree=122
num_leaves=9
num_cat=0
split_feature=5 11 28 28 26 21 5 13
split_gain=5.62677 6.42877 5.71152 21.6826 17.7421 5.62571 3.76152 3.32019
threshold=-0.02817455228034282 0.059299974320924508 0.0024722890846239909 0.0018580126527569119 0.003136482395854874 1554703.5000000002 0.0017433708234134368 0.042137170992814298
decision_type=2 2 2 2 2 2 2 2
left_child=7 2 3 -2 -4 -3 -7 -1
right_child=1 5 4 -5 -6 6 -8 -9
leaf_value=-0.0047330746299398272 -0.00032264534300922799 -0.0057503193108352727 0.03227581781038439 0.013455361760744858 -0.0064124919510606072 0.035941461416374471 0.0074215606000740579 -0.045611854593594577
leaf_weight=3.436184585094451 889.94887230545282 7.7067959159612682 11.298654489219187 116.22157482802868 191.17398621886969 10.835522145032884 6.7578517794609061 3.728421725332737
leaf_count=15 3053 26 34 363 737 30 21 19
internal_value=0.000503095 0.000657015 0.000343722 0.00126884 -0.00425355 0.0156237 0.0249866 -0.0260062
internal_weight=1241.11 1233.94 1208.64 1006.17 202.473 25.3002 17.5934 7.16461
internal_count=4298 4264 4187 3416 771 77 51 34
is_linear=0
shrinkage=0.03


Tree=123
num_leaves=12
num_cat=0
split_feature=18 21 10 26 20 21 14 17 9 0 24
split_gain=5.64404 12.5481 8.64274 9.92594 7.72514 6.67679 11.3764 7.72602 5.61641 5.81028 5.43867
threshold=0.0039874675351494332 127844.50000000001 -0.0012278053541081738 0.0026077997095729668 -0.1175629140158571 7153898.5000000009 0.076095678913276135 0.0071658434963870104 0.82217232997311929 0.00027751675649613299 0.60883929871298692
decision_type=2 2 2 2 2 2 2 2 2 2 2
left_child=1 2 -1 -4 -2 7 -7 -6 9 -3 -10
right_child=4 8 3 -5 5 6 -8 -9 10 -11 -12
leaf_value=0.043227602650951755 -0.046387057872014206 -0.017480215905987539 -0.039139372678249906 0.028430073902368298 0.0014886905851154075 -0.033845037626344804 0.01169989562025235 -0.0054245463604235909 -0.033654625374244525 0.033932312559107086 -0.0079170242370433346
leaf_weight=5.8448667675256729 3.0992777794599524 4.6256600990891439 3.8710606098175031 3.9564742892980576 924.05373636260629 5.2487291023135176 82.823018372058868 172.67863466590643 18.85919296741486 3.4567615687847137 12.149566002190111
leaf_count=24 16 25 25 21 3142 20 253 574 115 13 70
internal_value=0.000488221 -0.00911268 0.015625 -0.00498599 0.000914668 0.0010384 0.0089856 0.000400213 -0.0177649 0.00450835 -0.0235704
internal_weight=1240.67 52.7636 13.6724 7.82753 1187.9 1184.8 88.0717 1096.73 39.0912 8.08242 31.0088
internal_count=4298 293 70 46 4005 3989 273 3716 223 38 185
is_linear=0
shrinkage=0.03


Tree=124
num_leaves=11
num_cat=0
split_feature=7 25 25 23 29 21 29 3 29 13
split_gain=5.62981 5.98821 8.08745 13.7611 6.04444 4.60592 4.93913 3.45343 0.0238691 0.0010471
threshold=285896.03500000009 0.00091992996561157724 0.00073185741853035505 1.1984723329616536 0.049252453319895681 2490182.0000000005 0.044689966168097985 0.99980000000000036 0.034888554443023849 0.015561668004253303
decision_type=2 2 2 2 2 2 2 2 2 2
left_child=7 2 4 -4 -2 6 -3 8 9 -1
right_child=1 5 3 -5 -6 -7 -8 -9 -10 -11
leaf_value=-0.03356747622881312 -0.001237435061525363 -0.0049433591324089836 -0.036760334894832609 0.01414512002157761 0.0030622112737792957 -0.010537857495219729 0.033021227670294105 0.00070511992845811815 -0.037951486415668451 -0.034663265530072415
leaf_weight=1.3597288876771911 652.82334570586681 4.0839250534772935 13.134597823023798 7.5131714418530455 535.75324448943138 4.4784955084323874 12.598257735371588 3.7085544466972351 2.9053025767207146 1.8562715947628019
leaf_count=15 2440 15 53 25 1644 16 36 18 19 17
internal_value=0.000473467 0.000654131 0.000377271 -0.0182372 0.000700639 0.0164753 0.0237272 -0.02214 -0.0359805 -0.0342
internal_weight=1240.21 1230.39 1209.22 20.6478 1188.58 21.1607 16.6822 9.82986 6.1213 3.216
internal_count=4298 4229 4162 78 4084 67 51 69 51 32
is_linear=0
shrinkage=0.03


Tree=125
num_leaves=10
num_cat=0
split_feature=25 25 25 11 12 26 6 17 23
split_gain=5.5664 7.45471 8.27797 11.2091 7.54074 7.18459 5.55302 4.44347 1.80152
threshold=-0.001013258929688022 -0.00074090273753692323 -0.00034703461401847021 0.031199541655662352 -0.0012831081643809351 -0.0061453168514149486 35068.500000000007 0.0069164418587797103 0.95923422277200088
decision_type=2 2 2 2 2 2 2 2 2
left_child=7 4 3 -3 6 -4 -2 8 -1
right_child=1 2 5 -5 -6 -7 -8 -9 -10
leaf_value=0.036628683495290172 -0.033361178252979407 0.0034657506212375198 0.011627604333651594 0.026239010917765211 -0.055086959503151796 -0.0008085478804074909 0.001684627266124771 -0.0080254645521046081 0.013662522476016929
leaf_weight=7.1025357097387332 5.8563650101423326 101.08526890724897 43.577188491821289 24.086897969245911 3.8356546610593787 1030.541044767946 13.333455830812452 4.5151107758283606 5.4196584969758987
leaf_count=27 32 348 138 73 20 3580 44 15 21
internal_value=0.000459569 0.000222202 0.000546831 0.00784801 -0.0166862 -0.000304011 -0.00901068 0.0174891 0.0266888
internal_weight=1239.35 1222.32 1199.29 125.172 23.0255 1074.12 19.1898 17.0373 12.5222
internal_count=4298 4235 4139 421 96 3718 76 63 48
is_linear=0
shrinkage=0.03


Tree=126
num_leaves=13
num_cat=0
split_feature=26 17 18 21 26 23 9 14 25 9 7 15
split_gain=5.42694 10.8399 11.1829 7.59578 6.9668 12.8141 9.06114 18.8398 14.7891 5.01643 4.12305 3.74188
threshold=0.0071148393823792467 -0.0031734221139960894 0.0095612030097179303 939336.50000000012 0.0066789553716971551 1.1388473024781118 1.760162796231419 0.40395779874364129 -9.5779806604573002e-05 4.7995054795066379 14324500.994500002 -0.00030287472552757347
decision_type=2 2 2 2 2 2 2 2 2 2 2 2
left_child=4 11 9 -4 6 -6 8 -8 -1 -3 -7 -2
right_child=1 2 3 -5 5 10 7 -9 -10 -11 -12 -13
leaf_value=0.0091872025163299443 0.03594911504123572 -0.049401959310966213 0.013557671036097394 -0.023416189369190061 -0.028934496362217177 0.014127009846533136 -0.010547357821973649 0.0021583432123428578 -0.00014238626312384253 -0.0039910386507067824 0.049039830943387278 -0.00089962127706374627
leaf_weight=215.96137151867151 4.9526422098278999 10.33770504593849 10.440093979239466 9.5978518277406675 3.6779064536094692 5.1608162820339185 173.53176041692495 266.08113898336887 523.83614388108253 2.7776071950793257 7.4232433587312698 4.9681896939873678
leaf_count=692 14 52 33 36 16 15 667 952 1773 13 19 16
internal_value=0.000446091 -0.0100157 -0.0182483 -0.00415221 0.000822976 0.0203249 0.000554079 -0.00285708 0.0025811 -0.0397847 0.0347218 0.0174959
internal_weight=1238.75 43.0741 33.1533 20.0379 1195.67 16.262 1179.41 439.613 739.798 13.1153 12.5841 9.92083
internal_count=4298 164 134 69 4134 50 4084 1619 2465 65 34 30
is_linear=0
shrinkage=0.03


Tree=127
num_leaves=9
num_cat=0
split_feature=5 18 28 20 28 1 23 13
split_gain=5.32389 6.3178 11.6473 9.13257 8.30279 7.79016 5.0294 3.15726
threshold=-0.02817455228034282 0.018954520817407131 0.0033385278814977862 -0.098680284977584465 -0.0063447451211564041 0.01098354767585717 1.6785557148905046 0.042137170992814298
decision_type=2 2 2 2 2 2 2 2
left_child=7 4 3 -3 -2 -6 -4 -1
right_child=1 2 6 -5 5 -7 -8 -9
leaf_value=-0.0048546036824456797 0.027938926310350956 -0.038559215884524545 -0.041309535593090869 0.010755447324427991 -0.019522117908590216 -6.7488186563673772e-05 0.0023180925415192573 -0.044970244572958465
leaf_weight=3.4265601187944403 9.3821041285991651 3.4791550189256659 6.1098366528749448 118.27833449840546 18.850385945290327 1071.0007382109761 3.893652006983757 3.6430074423551559
leaf_count=15 26 15 24 352 90 3744 13 19
internal_value=0.000432933 0.000582018 0.00678968 0.00934631 -0.000162071 -0.000403981 -0.0243284 -0.0255265
internal_weight=1238.06 1230.99 131.761 121.757 1099.23 1089.85 10.0035 7.06957
internal_count=4298 4264 404 367 3860 3834 37 34
is_linear=0
shrinkage=0.03


Tree=128
num_leaves=9
num_cat=0
split_feature=7 20 25 25 0 3 29 13
split_gain=5.30993 7.03039 6.2457 7.61551 3.52573 3.41663 0.0217188 0.000903569
threshold=285896.03500000009 -0.1175629140158571 0.00091992996561157724 0.00073185741853035505 0.0013684103791148504 0.99980000000000036 0.034888554443023849 0.015561668004253303
decision_type=2 2 2 2 2 2 2 2
left_child=5 -2 3 -3 -4 6 7 -1
right_child=1 2 4 -5 -6 -7 -8 -9
leaf_value=-0.033463460082693831 -0.045223274638899656 0.00074054337323027305 0.0064981106469331074 -0.01766690545336105 0.03157822897459972 0.00093719826406495445 -0.03768238912300096 -0.034495356248146425
leaf_weight=1.3273169025778755 3.0067103132605544 1183.5760619044304 11.995764285326006 20.579787567257881 8.705752104520796 3.6929085776209831 2.8374783545732498 1.7986003234982488
leaf_count=15 16 4069 41 78 25 18 19 17
internal_value=0.000420094 0.000594363 0.000706834 0.000425948 0.0170452 -0.0217394 -0.0357821 -0.0340572
internal_weight=1237.52 1227.86 1224.86 1204.16 20.7015 9.6563 5.9634 3.12592
internal_count=4298 4229 4213 4147 66 69 51 32
is_linear=0
shrinkage=0.03


Tree=129
num_leaves=13
num_cat=0
split_feature=13 11 5 23 24 28 25 21 20 25 8 29
split_gain=5.24925 13.5632 12.0739 11.0189 6.60844 13.3943 12.173 7.05499 12.4485 7.72283 5.00017 0.573465
threshold=0.015561668004253303 0.011240403842392282 0.020266201574629363 0.87496229742246034 0.3227392987107936 0.0014890712462896992 0.00015650665048258617 7153898.5000000009 -0.064684535586516476 0.00091992996561157724 0.0060799857627438754 0.032632015489152948
decision_type=2 2 2 2 2 2 2 2 2 2 2 2
left_child=1 2 3 -1 5 6 -2 9 -9 -6 11 -3
right_child=4 10 -4 -5 7 -7 -8 8 -10 -11 -12 -13
leaf_value=0.0088182834704601254 0.043941922658521586 -0.038652079284260725 0.059964818926305813 -0.011133503882559726 -0.00037407394538819296 -0.02091011558694714 -0.0098903568452637473 -0.042102599505730864 0.011513366865843082 0.018720154442246076 -0.0030795323366940852 -0.053696586204934067
leaf_weight=39.582655236124992 13.621664635837083 4.3187728598713857 2.7465436980128279 67.217877641320229 984.58541695401073 6.5098290890455237 5.2328507453203192 4.0925099179148665 81.735913455486298 19.440441384911537 3.2102200537919989 4.8311449810862541
leaf_count=169 37 28 11 355 3287 28 20 18 249 63 12 21
internal_value=0.000407559 -0.005503 -0.00214176 -0.00373893 0.00105366 0.0161915 0.0290014 0.000701351 0.00895683 -4.36213e-06 -0.0352934 -0.0465956
internal_weight=1237.13 121.907 109.547 106.801 1115.22 25.3643 18.8545 1089.85 85.8284 1004.03 12.3601 9.14992
internal_count=4298 596 535 524 3702 85 57 3617 267 3350 61 49
is_linear=0
shrinkage=0.03


Tree=130
num_leaves=12
num_cat=0
split_feature=25 25 25 11 0 1 17 17 11 22 10
split_gain=5.25217 7.08941 7.56353 10.7049 7.43947 8.08863 7.2641 4.58351 3.45071 1.17415 0.327731
threshold=-0.001013258929688022 -0.00074090273753692323 -0.00034703461401847021 0.031199541655662352 -0.00010230599059252387 0.061448911814584513 0.0015684733840712532 0.0089180531050639267 0.011940932506405292 90209430.851500019 0.0065140747540183295
decision_type=2 2 2 2 2 2 2 2 2 2 2
left_child=7 4 3 -3 8 -6 -4 9 -2 -1 -11
right_child=1 2 6 -5 5 -7 -8 -9 -10 10 -12
leaf_value=0.013730352681021754 -0.019795545275115296 0.003209295977508192 0.0017130423175558223 0.025587571224932781 -0.01912894327169774 0.027869420822576541 -0.0033139182215780436 -0.011951394230406549 -0.060241192367965025 0.037636372905040787 0.02554296730786644
leaf_weight=4.809390768408778 3.6852285489439991 100.93509110808372 636.11038512736559 23.769040390849113 10.449699215590952 4.814030408859252 436.0576608851552 3.79848788678646 3.9157014712691307 4.6538245975971204 3.5592585355043411
leaf_count=18 19 348 2208 73 45 14 1510 13 18 17 15
internal_value=0.000395361 0.000165759 0.000481879 0.00747467 -0.0163818 -0.00430612 -0.000331455 0.0170445 -0.0406316 0.0255022 0.0323955
internal_weight=1236.56 1219.74 1196.87 124.704 22.8647 15.2637 1072.17 16.821 7.60093 13.0225 8.21308
internal_count=4298 4235 4139 421 96 59 3718 63 37 50 32
is_linear=0
shrinkage=0.03


Tree=131
num_leaves=12
num_cat=0
split_feature=18 21 25 20 1 18 9 25 15 3 3
split_gain=5.13243 11.9289 9.63837 6.67778 6.24546 7.15482 5.8523 5.83908 5.08688 10.1476 1.48033
threshold=0.0039874675351494332 332048.00000000006 0.00030295460938608334 -0.1175629140158571 0.010081625177008639 0.0049932570478253436 3.175324864882195 0.00027196287688886013 0.0018901395751196608 0.52511946736348702 0.97808428927393232
decision_type=2 2 2 2 2 2 2 2 2 2 2
left_child=1 2 6 -2 5 -5 -1 -6 10 -10 -3
right_child=3 8 -4 4 7 -7 -8 -9 9 -11 -12
leaf_value=0.018970110036794878 -0.044376423022923189 -0.038851904037187336 -0.037324919331130579 0.023802384605326302 -9.1853368789532552e-05 -0.031023193411216156 -0.023075773004429475 0.0048066573716794491 -0.039859818793982711 0.020082042364688413 -0.012168274510556279
leaf_weight=19.485269181430347 2.9387826025485984 12.683786399662496 4.1121025159955016 2.699194408953189 875.77883983403444 10.382797162979839 3.5171350911259642 292.03752683848143 4.699446499347685 5.5362693294882774 2.1949650943279257
leaf_count=89 16 83 29 14 2970 51 24 954 28 26 14
internal_value=0.000383769 -0.00881971 0.00497863 0.000789811 0.000902212 -0.0197111 0.0125412 0.00113312 -0.0237169 -0.00743861 -0.0349154
internal_weight=1236.07 52.229 27.1145 1183.84 1180.9 13.082 23.0024 1167.82 25.1145 10.2357 14.8788
internal_count=4298 293 142 4005 3989 65 113 3924 151 54 97
is_linear=0
shrinkage=0.03


Tree=132
num_leaves=12
num_cat=0
split_feature=29 29 29 17 25 4 22 22 27 6 18
split_gain=5.07388 9.74053 16.4405 8.37654 7.35896 6.95729 9.58525 6.58228 5.07329 8.16077 0.0512759
threshold=0.019547370574449802 0.020007434860058581 0.027089196092937178 0.0071658434963870104 0.00041867637370380899 237.50000000000003 58896524.145000011 177046537.04150003 0.019546678485838433 11083.000000000002 0.0068469135158898894
decision_type=2 2 2 2 2 2 2 2 2 2 2
left_child=8 5 4 -4 -3 6 -2 -7 9 -1 -11
right_child=1 2 3 -5 -6 7 -8 -9 -10 10 -12
leaf_value=0.019603504820857036 0.054614022673271596 -0.010294828617283962 0.0021591475637336762 -0.0048896570896747888 -0.040183678809323983 -0.036600153382527395 0.013306487484715265 0.017677042942558282 0.02211382415445446 -0.03593136848938485 -0.041368239782376789
leaf_weight=2.9677581116557112 6.3580947965383556 63.846820309758186 927.18229032307863 181.42096053063869 8.3877693861722928 4.0334480106830579 24.682917848229408 4.0101056694984436 2.5492777824401847 8.1967898532748205 1.9285085797309864
leaf_count=18 18 343 3079 601 48 19 75 13 10 64 10
internal_value=0.00037205 0.000589742 0.000102041 0.00100562 -0.0137655 0.0153244 0.0217675 -0.00954031 -0.0166055 -0.0241443 -0.0369669
internal_weight=1235.56 1219.92 1180.84 1108.6 72.2346 39.0846 31.041 8.04355 15.6423 13.0931 10.1253
internal_count=4298 4196 4071 3680 391 125 93 32 102 92 74
is_linear=0
shrinkage=0.03


Tree=133
num_leaves=12
num_cat=0
split_feature=7 20 9 22 22 24 28 12 3 29 18
split_gain=5.09451 5.36861 10.5018 16.4168 7.34747 15.2636 8.29921 7.16402 3.28939 0.0194682 0.00078532
threshold=285896.03500000009 -0.061780065954145931 0.9077884275877629 415964139.1455 817819683.19600022 0.48182131682505352 -0.0019621318720245699 -0.055850901033484175 0.99980000000000036 0.034888554443023849 0.005517876553682151
decision_type=2 2 2 2 2 2 2 2 2 2 2
left_child=8 2 7 -4 6 -6 -3 -2 9 10 -1
right_child=1 4 3 -5 5 -7 -8 -9 -10 -11 -12
leaf_value=-0.033438282048924989 0.034846858546148871 0.0065267702218141429 0.0020836840500456279 -0.032486154531172359 0.022637897930859043 0.002175809919663776 -0.001333461060837058 -0.0080702192111158401 0.00060472086890421095 -0.037412388220077392 -0.034402769108136028
leaf_weight=1.4742601774632915 7.5373369604349136 142.34846505522728 25.848745599389076 23.698112718760967 40.279418036341667 176.91483967006207 802.17031693458557 6.5361764281988126 3.6975561156868935 2.7679554298520088 1.5677970871329305
leaf_count=17 19 472 87 92 124 579 2834 22 18 19 15
internal_value=0.000360806 0.000530543 -0.00795493 -0.014451 0.000995243 0.00597057 -0.000148845 0.0149148 -0.0215148 -0.0355919 -0.0339354
internal_weight=1234.84 1225.33 63.6204 49.5469 1161.71 217.194 944.519 14.0735 9.50757 5.81001 3.04206
internal_count=4298 4229 220 179 4009 703 3306 41 69 51 32
is_linear=0
shrinkage=0.03


Tree=134
num_leaves=12
num_cat=0
split_feature=25 25 25 11 24 0 1 17 11 5 20
split_gain=5.01005 6.60425 7.20473 10.2217 7.07382 7.04677 7.59161 4.33804 3.26481 1.54327 1.00763
threshold=-0.001013258929688022 -0.00074090273753692323 -0.00034703461401847021 0.031199541655662352 1.6778209948722871 -0.00010230599059252387 0.061448911814584513 0.0089180531050639267 0.011940932506405292 0.0012938073962132776 -0.0032360361272941607
decision_type=2 2 2 2 2 2 2 2 2 2 2
left_child=7 5 3 -3 -4 8 -7 9 -2 -1 -11
right_child=1 2 4 -5 -6 6 -8 -9 -10 10 -12
leaf_value=0.01203114397328729 -0.019204345309895985 0.0031134998401374241 -9.8702874343814097e-05 0.025083183715119074 -0.022930084645788568 -0.018548848978115519 0.027061220136586264 -0.011390484561901709 -0.058704617142687987 0.022085108847467685 0.043641047719087417
leaf_weight=4.9941229075193423 3.6473506987094906 100.77297826856375 1058.4077445194125 23.505554333329201 12.355846948921679 10.38385087251663 4.8038364350795737 3.8123931288719168 3.8935580924153328 3.7258376330137262 4.0986290276050559
leaf_count=19 19 348 3665 73 53 45 14 13 18 16 15
internal_value=0.000350089 0.000126737 0.000431418 0.00726876 -0.000362161 -0.015893 -0.00412247 0.0167046 -0.0395993 0.0250604 0.0333766
internal_weight=1234.4 1217.77 1195.04 124.279 1070.76 22.7286 15.1877 16.631 7.54091 12.8186 7.82447
internal_count=4298 4235 4139 421 3718 96 59 63 37 50 31
is_linear=0
shrinkage=0.03


Tree=135
num_leaves=13
num_cat=0
split_feature=26 17 18 21 26 23 18 17 20 20 7 15
split_gain=5.05714 10.1486 10.7266 7.34688 6.6247 12.0133 6.9582 9.72121 8.98711 4.58128 4.00323 3.54182
threshold=0.0071148393823792467 -0.0031734221139960894 0.0095612030097179303 939336.50000000012 0.0066789553716971551 1.1388473024781118 0.018954520817407131 0.0071658434963870104 -0.098680284977584465 -0.021103769949858377 14324500.994500002 -0.00030287472552757347
decision_type=2 2 2 2 2 2 2 2 2 2 2 2
left_child=4 11 9 -4 6 -6 7 -1 -8 -3 -7 -2
right_child=1 2 3 -5 5 10 8 -9 -10 -11 -12 -13
leaf_value=0.0006676096437899725 0.034958649750190016 -0.0040788046303791778 0.013384816123869762 -0.023050363484336475 -0.028148805755463021 0.013539564222400312 -0.036317710092112862 -0.0084545912628650865 0.0085022127870770011 -0.048222050274724197 0.048072840872334578 -0.00097753586135343679
leaf_weight=928.49537218734622 4.9050182104110718 2.6663280203938475 10.424421995878221 9.5383183956146222 3.637753181159499 5.1454562693834287 4.1617571935057631 118.56470137834549 123.82594166696072 10.250314712524412 7.3180027306079865 4.9687560275197011
leaf_count=3285 14 13 33 36 16 15 21 403 375 52 19 16
internal_value=0.000339806 -0.00979773 -0.0178075 -0.00402413 0.000703666 0.0198163 0.000441774 -0.00036535 0.00704481 -0.0391097 0.033816 0.0168746
internal_weight=1233.9 42.7532 32.8794 19.9627 1191.15 16.1012 1175.05 1047.06 127.988 12.9166 12.4635 9.87377
internal_count=4298 164 134 69 4134 50 4084 3688 396 65 34 30
is_linear=0
shrinkage=0.03


Tree=136
num_leaves=15
num_cat=0
split_feature=18 10 6 25 26 5 6 10 21 14 12 29 13 13
split_gain=4.98443 13.755 10.7175 14.6932 12.0874 10.0664 10.7789 14.7051 13.5818 9.73093 15.1708 9.64796 8.69911 7.54388
threshold=0.010177213426824485 -0.0039420249397575597 61582.000000000007 -9.5779806604573002e-05 0.0071148393823792467 -0.0025301866464516672 632478.00000000012 -0.013461597182354951 1407961.0000000002 0.95047972289489124 -0.0031583907291814766 0.026842835822145025 0.031879739282662863 0.031037644181614015
decision_type=2 2 2 2 2 2 2 2 2 2 2 2 2 2
left_child=1 11 3 -3 -4 6 8 -8 -2 13 -11 -1 -13 -7
right_child=5 2 4 -5 -6 9 7 -9 -10 10 -12 12 -14 -15
leaf_value=-0.024516493336493812 -0.0029772033898745414 0.0078205878380972343 0.007696155880059655 -0.0096211368484161591 -0.025060934445395696 0.013080281937661488 -0.031611731929745111 -0.0031682641809726575 0.016381333827619655 -0.027454172841804923 0.02070087593170486 -0.0021980246277330862 -0.020345864340342548 0.0036345886040976827
leaf_weight=28.251446098089218 137.09947816282511 65.979875691235065 203.91777639836073 127.40866620838642 10.668748341500757 111.07313668727875 23.418956063687801 54.260045900940895 42.800768047571182 18.41314966976643 8.6558739766478521 130.72549211978912 29.05581396818161 241.66360089182854
leaf_count=159 448 254 690 562 45 331 88 175 124 69 27 468 104 754
internal_value=0.000329731 -0.00164248 0.00145156 -0.00367041 0.00606755 0.00217391 -0.00240417 -0.0117435 0.00162846 0.0052787 -0.0120556 -0.00835562 -0.00549816 0.00660894
internal_weight=1233.39 596.008 407.975 193.389 214.587 637.385 257.579 77.679 179.9 379.806 27.069 188.033 159.781 352.737
internal_count=4298 2282 1551 816 735 2016 835 263 572 1181 96 731 572 1085
is_linear=0
shrinkage=0.03


Tree=137
num_leaves=9
num_cat=0
split_feature=5 18 28 6 17 13 17 17
split_gain=4.89891 5.6823 10.7826 7.79316 7.75833 6.59969 5.78648 3.55635
threshold=-0.02817455228034282 0.018954520817407131 0.0033385278814977862 9757977.0000000019 0.0071658434963870104 0.042374892929175824 0.01791491310296443 -0.00043538313477767265
decision_type=2 2 2 2 2 2 2 2
left_child=7 3 5 4 -2 -3 -4 -1
right_child=1 2 6 -5 -6 -7 -8 -9
leaf_value=-0.0018586680378058751 0.00084741321080223167 0.018865112895530171 -0.0045142073948639524 -0.037153427655558575 -0.0070525585054362037 0.0039374120119570104 -0.051013136788288074 -0.045031299118790911
leaf_weight=3.2193093746900558 963.06059652194381 39.715904355049133 5.8525922298431379 5.1243934929370871 126.58807895332575 81.054190404713154 4.0931859314441681 3.6804642975330344
leaf_count=15 3411 111 19 21 428 256 18 19
internal_value=0.000320025 0.00046195 0.00637384 -0.00024393 -7.03525e-05 0.00884647 -0.0236508 -0.0248877
internal_weight=1232.39 1225.49 130.716 1094.77 1089.65 120.77 9.94578 6.89977
internal_count=4298 4264 404 3860 3839 367 37 34
is_linear=0
shrinkage=0.03


Tree=138
num_leaves=12
num_cat=0
split_feature=7 20 9 22 23 22 24 22 10 29 22
split_gain=4.76315 4.90605 9.74803 15.2468 7.28509 6.90959 14.448 8.17694 3.33827 0.0310703 0.00454997
threshold=285896.03500000009 -0.061780065954145931 0.9077884275877629 415964139.1455 0.96150980623091697 817819683.19600022 0.48182131682505352 459597198.25050008 -0.0026178484595952753 0.043463716482731556 21941153.726500001
decision_type=2 2 2 2 2 2 2 2 2 2 2
left_child=8 2 4 -4 -2 7 -7 -3 -1 10 -10
right_child=1 5 3 -5 -6 6 -8 -9 9 -11 -12
leaf_value=0.00041816398310836743 -0.01824446288275975 0.00078585484951736488 0.0020244564427206761 -0.031345083947577339 0.02876241001035339 0.022003432975388395 0.002056305748928343 -0.0081718327032433563 -0.033786131150452668 -0.039551613246360036 -0.035899819232154184
leaf_weight=3.8373265787959099 4.2677103877067557 839.74153476208448 25.794992528855801 23.595512375235558 9.7376320511102659 40.1051329895854 176.52914995700121 102.96043386310339 2.3852772787213312 1.6148399189114568 1.4885882660746572
leaf_count=21 15 2956 87 92 26 124 579 350 26 10 12
internal_value=0.000310478 0.000473384 -0.00765297 -0.0139173 0.0144385 0.000917756 0.00574908 -0.00019249 -0.021048 -0.0360557 -0.0345983
internal_weight=1232.06 1222.73 63.3958 49.3905 14.0053 1159.34 216.634 942.702 9.32603 5.48871 3.87387
internal_count=4298 4229 220 179 41 4009 703 3306 69 48 38
is_linear=0
shrinkage=0.03


Tree=139
num_leaves=15
num_cat=0
split_feature=13 24 1 7 24 3 27 1 3 10 7 14 18 17
split_gain=4.79894 7.72867 12.3299 11.7059 11.0728 9.34311 8.75187 7.36831 11.6182 8.75061 17.6749 10.1311 8.58702 7.10654
threshold=0.024192824024262771 0.62158334030941054 0.02252870141187701 1362342.2310000001 0.60091001690229817 1.0000000180025095e-35 -0.014173563093048328 0.021526183774878308 0.61512243720832738 -0.012059265818568936 1017834818.6865002 0.8803014872758913 0.0082153523981878893 0.00070092546217351986
decision_type=2 2 2 2 2 2 2 2 2 2 2 2 2 2
left_child=1 4 3 -3 5 -1 -4 8 12 10 -9 -11 -2 -10
right_child=7 2 6 -5 -6 -7 -8 9 13 11 -12 -13 -14 -15
leaf_value=-0.035374309772389874 -0.016220981215089764 -0.010641588201006703 -0.037552002780603624 0.019812046773955372 -0.03434410860343183 -0.003315333584742796 -0.0014723979947021699 -0.00015161623405084954 -0.032415657993784652 0.0072470606497334906 -0.037082130065584321 -0.0032927659474759037 0.0092126769288496304 -0.0063269403976430752
leaf_weight=8.5762675032019597 16.53843679279089 14.811467118561266 6.2948133274912825 48.745325587689877 12.15440747886896 177.75878788530827 156.15640357881784 211.67875710874796 18.475389525294304 381.56091522425413 12.343632727861403 104.57498199492693 43.036271199584007 19.124316938221455
leaf_count=41 72 85 29 162 55 712 600 684 76 1178 47 354 134 69
internal_value=0.000301202 -0.0022811 0.00151242 0.012715 -0.00660056 -0.00479088 -0.00287044 0.00165898 -0.00608885 0.00271916 -0.00218649 0.00497979 0.00215208 -0.0191462
internal_weight=1231.83 424.497 226.008 63.5568 198.489 186.335 162.451 807.333 97.1744 710.158 224.022 486.136 59.5747 37.5997
internal_count=4298 1684 876 247 808 753 629 2614 351 2263 731 1532 206 145
is_linear=0
shrinkage=0.03


Tree=140
num_leaves=11
num_cat=0
split_feature=25 25 25 11 0 1 24 5 24 1
split_gain=4.76024 6.3204 6.71719 9.68466 6.69495 7.15719 6.60928 4.14367 3.14016 2.00859
threshold=-0.001013258929688022 -0.00074090273753692323 -0.00034703461401847021 0.031199541655662352 -0.00010230599059252387 0.061448911814584513 1.6778209948722871 0.0012938073962132776 0.5292701744786068 0.038710630671852403
decision_type=2 2 2 2 2 2 2 2 2 2
left_child=7 4 3 -3 8 -6 -4 -1 -2 -9
right_child=1 2 6 -5 5 -7 -8 9 -10 -11
leaf_value=-0.0015993980246090729 -0.013607644682856919 0.0029614762052691313 -0.00013918339333966883 0.024471923736714894 -0.018189703229969236 0.026159451061764601 -0.022303324634328426 0.038639297385201894 -0.053786821335726334 0.0095761395975821079
leaf_weight=6.8058217018842724 2.7889823317527798 100.61642312258482 1055.7783849537373 23.176975056529045 10.347165018320082 4.791645109653472 12.249110743403433 6.4354456514120084 4.7020644545555115 3.2065429091453552
leaf_count=26 13 348 3665 73 45 14 53 24 24 13
internal_value=0.000292284 7.51698e-05 0.000373391 0.00698873 -0.0156309 -0.00415258 -0.000393382 0.0163233 -0.0388278 0.028974
internal_weight=1230.9 1214.45 1191.82 123.793 22.6299 15.1388 1068.03 16.4478 7.49105 9.64199
internal_count=4298 4235 4139 421 96 59 3718 63 37 37
is_linear=0
shrinkage=0.03


Tree=141
num_leaves=12
num_cat=0
split_feature=29 29 29 10 17 4 21 7 23 27 18
split_gain=4.66606 9.55959 15.0916 7.71635 7.18725 6.41318 8.52782 7.41899 5.21561 7.70849 0.0415725
threshold=0.019547370574449802 0.020007434860058581 0.027089196092937178 -0.0029806125773867193 0.0071658434963870104 237.50000000000003 139662.00000000003 25634888.763500001 0.95923422277200088 0.019546678485838433 0.0068469135158898894
decision_type=2 2 2 2 2 2 2 2 2 2 2
left_child=8 5 3 -3 -4 6 -2 -7 -1 10 -10
right_child=1 2 4 -5 -6 7 -8 -9 9 -11 -12
leaf_value=0.019447729678611594 0.059486428071667173 -0.027367721008648808 0.0019416160403531565 -0.0064164544928981479 -0.0045977914027151307 -0.035146788594157798 0.014792605188289116 0.023092939431524101 -0.035803970930030668 0.02169031971601015 -0.040621189866720607
leaf_weight=2.985414892435073 4.4918106123805073 23.6642628274858 923.73203032836318 47.73426914960146 180.88073103874922 4.3740075305104247 26.569746352732182 3.5795831978321075 7.7915214374661428 2.5552417337894431 2.033047616481781
leaf_count=19 11 141 3079 250 601 21 82 11 62 10 11
internal_value=0.000283697 0.000491452 6.76809e-06 -0.0133605 0.000870786 0.015101 0.0212558 -0.00893549 -0.0161448 -0.024728 -0.0368008
internal_weight=1230.39 1215.03 1176.01 71.3985 1104.61 39.0151 31.0616 7.95359 15.3652 12.3798 9.82457
internal_count=4298 4196 4071 391 3680 125 93 32 102 83 73
is_linear=0
shrinkage=0.03


Tree=142
num_leaves=15
num_cat=0
split_feature=5 25 11 26 7 13 11 18 10 5 9 17 18 11
split_gain=4.64229 11.8467 9.70201 9.10191 6.42789 7.65154 6.85909 6.38386 10.2189 11.8784 11.5847 7.53999 10.744 6.69637
threshold=-0.012940590502705138 0.00028820673011691647 0.01999916632531416 -0.0011945841251751897 29393469.737000007 0.020088987805266377 0.012623330249283988 0.010177213426824485 -0.0039420249397575597 -0.012498492159227974 0.73025443382359201 0.0071658434963870104 0.010562610383373803 0.013186544727222941
decision_type=2 2 2 2 2 2 2 2 2 2 2 2 2 2
left_child=1 4 3 -3 5 -1 -6 8 10 -10 -2 13 -13 -9
right_child=7 2 -4 -5 6 -7 -8 11 9 -11 -12 12 -14 -15
leaf_value=-0.030481952635233643 0.0083928002105112479 -0.032487209265714828 0.033976589986238231 0.014045429414337215 -0.036438596342128593 0.0041097710644859165 -0.010591825372758306 0.0094717620372803003 0.053516178850527986 0.00074447868446940663 -0.011303849539333126 0.040412141137391125 -0.0039716869921033104 0.0018197292319687695
leaf_weight=7.1844834685325614 33.270525887608528 5.9973381161689803 10.399178832769392 10.247421380132437 14.793908558785914 28.924796536564827 24.616210803389549 181.85382686555386 3.8787137344479552 373.4198618941009 139.79815599322319 5.0712914615869513 153.02763193100691 237.15106591582298
leaf_count=42 115 24 29 33 59 102 85 543 11 1426 559 13 505 752
internal_value=0.000275075 -0.00584849 0.0113505 -0.00313377 -0.0119164 -0.00277277 -0.0202943 0.000829949 -0.00148164 0.00128698 -0.00751739 0.00303445 -0.002548 0.00514082
internal_weight=1229.63 102.163 26.6439 16.2448 75.5194 36.1093 39.4101 1127.47 550.367 377.299 173.069 577.104 158.099 419.005
internal_count=4298 374 86 57 288 144 144 3924 2111 1437 674 1813 518 1295
is_linear=0
shrinkage=0.03


Tree=143
num_leaves=10
num_cat=0
split_feature=11 17 20 18 15 26 21 20 18
split_gain=4.65336 6.29481 7.57768 6.67077 9.23224 7.86543 5.41918 3.00351 1.9776
threshold=0.059299974320924508 0.020960223430553353 -0.011690024121211357 0.018954520817407131 -0.014423459808769534 -0.012359921126963077 1554703.5000000002 0.029643157487817932 0.019683475628793634
decision_type=2 2 2 2 2 2 2 2 2
left_child=1 3 -3 5 -5 -1 -2 -8 -9
right_child=6 2 -4 4 -6 -7 7 8 -10
leaf_value=0.026968483046217389 -0.0077437262827954089 0.0042373460512600903 -0.045473064966739085 -0.0065672578857756481 0.012913141067051159 -0.00073447858401799314 0.0055423419362562931 0.017889726154787983 0.043091020151984856
leaf_weight=9.3036132305860502 7.8383094668388393 5.1337775886058807 5.9683107137680036 30.657943218946457 76.607186168432236 1075.9833664186299 6.2255182862281826 5.1890749931335431 6.0930895358324051
leaf_count=26 27 16 24 102 230 3820 21 16 16
internal_value=0.00026694 -9.34994e-07 -0.0224862 0.000208392 0.00734536 -0.000496995 0.012988 0.0222698 0.0315
internal_weight=1229 1203.65 11.1021 1192.55 107.265 1085.29 25.346 17.5077 11.2822
internal_count=4298 4218 40 4178 332 3846 80 53 32
is_linear=0
shrinkage=0.03


Tree=144
num_leaves=13
num_cat=0
split_feature=0 29 24 7 28 26 15 11 15 26 0 7
split_gain=4.6695 6.11336 6.18551 12.0489 5.25389 15.0926 8.48517 7.69304 8.58206 5.5327 1.58127 0.0817737
threshold=-0.0064305224965839824 0.040818907722739294 0.65189618072416822 10559030.763500003 0.0038532421834644756 0.0054778814484823272 0.0033079461336680545 0.039432122005690663 0.019672758731783622 -0.0036471890017083152 -0.0094425011141527748 14970689.891500002
decision_type=2 2 2 2 2 2 2 2 2 2 2 2
left_child=1 10 -3 -4 7 11 -7 8 -2 -9 -1 -6
right_child=4 2 3 -5 5 6 -8 9 -10 -11 -12 -13
leaf_value=-0.016184963876914482 0.00036774579366709255 0.018763195769122994 0.0094304876887590771 -0.061233420479505273 -0.044668422291947452 -0.029726498057599544 0.006665838578467702 -0.018509344600453281 -0.030623414929426208 0.010515441030516836 -0.045349152883295683 -0.050937711714460501
leaf_weight=2.5351064875721931 1053.350236043334 6.9410562962293616 5.4189848750829679 3.6240281164646149 3.3389021418988696 7.3992468044161788 26.124579697847366 6.2972559928894034 8.1037673056125623 96.299239903688431 4.9213335700333145 4.2635120451450348
leaf_count=16 3691 20 17 15 18 34 88 23 30 300 28 18
internal_value=0.000259122 -0.0130023 -0.00253825 -0.0188884 0.000517055 -0.0100211 -0.00136653 0.000889369 0.000131141 0.00873393 -0.0354337 -0.0481843
internal_weight=1228.62 23.4405 15.9841 9.04301 1205.18 41.1262 33.5238 1164.05 1061.45 102.596 7.45644 7.60241
internal_count=4298 96 52 32 4202 158 122 4044 3721 323 44 36
is_linear=0
shrinkage=0.03


Tree=145
num_leaves=13
num_cat=0
split_feature=26 17 18 21 26 23 18 17 20 20 7 14
split_gain=4.56505 9.48065 10.1174 7.124 6.17215 11.1632 5.90739 8.21463 7.98227 4.57419 3.91368 3.38874
threshold=0.0071148393823792467 -0.0031734221139960894 0.0095612030097179303 1476517.0000000002 0.0066789553716971551 1.1388473024781118 0.018954520817407131 0.0071658434963870104 -0.098680284977584465 -0.021333758354558321 14324500.994500002 0.53695226395226292
decision_type=2 2 2 2 2 2 2 2 2 2 2 2
left_child=4 11 9 -4 6 -6 7 -1 -8 -3 -7 -2
right_child=1 2 3 -5 5 10 8 -9 -10 -11 -12 -13
leaf_value=0.0005542545861981161 0.034630281926206992 -0.0020505380031551417 0.0086933972283386191 -0.029559369853568357 -0.027269495867167766 0.012702926813447991 -0.034998585012123044 -0.007838463542201227 0.0078289541513476592 -0.047171681107478401 0.047031272823076488 -0.00064880917817849504
leaf_weight=924.72974543273449 4.74754750728607 2.5256876945495597 13.346433013677599 6.5233077406883231 3.6050763204693785 5.1161309331655485 4.0459105446934691 118.3991337865591 122.66228495538235 10.14092994481325 7.1889268010854721 5.0644844025373459
leaf_count=3285 13 12 44 25 16 15 21 403 375 53 19 17
internal_value=0.000251406 -0.00942703 -0.017222 -0.00386512 0.000597067 0.0191567 0.00034465 -0.000398351 0.00646143 -0.0381747 0.0327584 0.016421
internal_weight=1228.1 42.3484 32.5364 19.8697 1185.75 15.9101 1169.84 1043.13 126.708 12.6666 12.3051 9.81203
internal_count=4298 164 134 69 4134 50 4084 3688 396 65 34 30
is_linear=0
shrinkage=0.03


Tree=146
num_leaves=11
num_cat=0
split_feature=24 28 26 1 24 9 14 26 18 20
split_gain=4.54867 11.8087 9.33368 6.6851 6.66714 5.35495 17.5606 11.7205 5.24816 4.69849
threshold=0.3227392987107936 0.0014890712462896992 -0.0021217134071293145 0.038710630671852403 0.33767774457546423 1.760162796231419 0.40395779874364129 0.003519493025162058 0.0047442500191783882 -0.020674964339539675
decision_type=2 2 2 2 2 2 2 2 2 2
left_child=1 2 -1 -3 9 7 -7 -6 -4 -2
right_child=4 3 8 -5 5 6 -8 -9 -10 -11
leaf_value=-0.0033171292453043019 -0.002168799725587632 -0.049348887946874885 0.00043239146238760278 0.0093744496269931935 0.003550758004509554 -0.010107088027471903 0.0022128674047040948 -0.0058834867100462625 0.04752003639220944 -0.048071870330653924
leaf_weight=7.5593340694904372 3.684070035815239 3.6904168650507918 2.6488510444760331 3.3092678189277649 601.91758961975574 167.98660743236542 273.91224586963654 147.57180016860366 10.881290048360823 4.4081711396574956
leaf_count=28 14 21 14 11 1994 650 987 530 29 20
internal_value=0.000243944 0.0121774 0.0233837 -0.021586 -3.55121e-05 0.000148821 -0.00247053 0.00169319 0.0383015 -0.0271741
internal_weight=1227.57 28.0892 21.0895 6.99968 1199.48 1191.39 441.899 749.489 13.5301 8.09224
internal_count=4298 103 71 32 4195 4161 1637 2524 43 34
is_linear=0
shrinkage=0.03


Tree=147
num_leaves=11
num_cat=0
split_feature=25 25 0 1 25 11 0 5 11 1
split_gain=4.63723 5.89943 6.3976 6.74063 6.35799 9.14281 6.20507 3.95447 3.02605 1.9461
threshold=-0.001013258929688022 -0.00074090273753692323 -0.00010230599059252387 0.061448911814584513 -0.00034703461401847021 0.031199541655662352 -0.0068229262039919301 0.0012938073962132776 0.011940932506405292 0.038710630671852403
decision_type=2 2 2 2 2 2 2 2 2 2
left_child=7 2 8 -4 5 -3 -6 -1 -2 -9
right_child=1 4 3 -5 6 -7 -8 9 -10 -11
leaf_value=-0.0013265714873854501 -0.018070718082422738 0.0028626833155967805 -0.017665377505851933 0.025471218914037547 -0.018884349738737732 0.023886264044060551 -0.00015199024816056898 0.038257203106127201 -0.056482031006368144 0.0095360293883682088
leaf_weight=6.8169950842857387 3.5468106344342258 100.41122686862946 10.282888188958166 4.7738233953714362 16.160085882991552 22.854317381978035 1048.9724119752645 6.3195414841175062 3.8490161225199699 3.1975986361503601
leaf_count=26 19 348 45 14 69 73 3649 24 18 13
internal_value=0.000236648 2.24585e-05 -0.0152121 -0.00398865 0.000310286 0.00676061 -0.000436196 0.0161145 -0.0380611 0.0286074
internal_weight=1227.18 1210.85 22.4525 15.0567 1188.4 123.266 1065.13 16.3341 7.39583 9.51714
internal_count=4298 4235 96 59 4139 421 3718 63 37 37
is_linear=0
shrinkage=0.03


Tree=148
num_leaves=12
num_cat=0
split_feature=21 14 23 14 22 0 9 26 14 22 21
split_gain=4.5522 9.18643 9.56537 8.76781 7.92752 6.37728 5.76899 15.0903 14.1205 4.75574 10.9131
threshold=7153898.5000000009 0.076095678913276135 0.91517965310176119 0.62337612233445727 1940085425.0530002 -0.0064305224965839824 1.760162796231419 0.003519493025162058 0.40395779874364129 313083714.54250008 492956.00000000006
decision_type=2 2 2 2 2 2 2 2 2 2 2
left_child=5 -2 3 -3 -4 9 7 -7 -8 10 -1
right_child=1 2 4 -5 -6 6 8 -9 -10 -11 -12
leaf_value=-0.028641019259541406 -0.032062467758410644 0.005507051670197328 0.024327613571880666 -0.045369492985011722 0.0042761815766093258 0.00380552427433717 -0.010046666565227048 -0.0072206517104301763 0.0015223234517167084 -0.047985497670976818 0.01976190407294276
leaf_weight=10.975015852600341 5.1721384376287451 7.611675560474394 32.514893002808094 5.0853361785411835 39.066942796111107 572.62115062773228 152.27083433419466 138.78430208936334 252.24394873529673 3.5957282930612555 6.7833427153527728
leaf_count=56 20 23 94 20 131 1900 598 504 917 14 21
internal_value=0.000229718 0.00674598 0.00912763 -0.0148697 0.0133842 -0.000282811 2.79529e-05 0.00165449 -0.00283257 -0.0165227 -0.0101521
internal_weight=1226.73 89.451 84.2788 12.697 71.5818 1137.27 1115.92 711.405 404.515 21.3541 17.7584
internal_count=4298 288 268 43 225 4010 3919 2404 1515 91 77
is_linear=0
shrinkage=0.03


Tree=149
num_leaves=9
num_cat=0
split_feature=5 11 17 20 18 21 5 17
split_gain=4.55378 5.17337 6.00333 7.1799 6.86442 4.95191 3.79724 3.33179
threshold=-0.02817455228034282 0.059299974320924508 0.020960223430553353 -0.011690024121211357 0.019497224620291877 1554703.5000000002 0.0017433708234134368 -0.00043538313477767265
decision_type=2 2 2 2 2 2 2 2
left_child=7 2 4 -4 -2 -3 -7 -1
right_child=1 5 3 -5 -6 6 -8 -9
leaf_value=-0.0019190013908063914 -0.00037123987332982256 -0.0061214357103675406 0.0041399659302209643 -0.044339432033656326 0.0082324773988347553 0.034491242956985496 0.0052548919141902697 -0.044177702586954255
leaf_weight=3.1615269556641579 1093.6753087602556 7.5628817975521114 5.1148359775543213 5.9453505128622037 90.354186147451401 10.268204972147943 6.5477405190467826 3.5811631381511679
leaf_count=15 3870 26 16 24 277 30 21 19
internal_value=0.000222951 0.000358894 7.98138e-05 -0.0219199 0.000285316 0.0140399 0.0231073 -0.0243634
internal_weight=1226.21 1219.47 1195.09 11.0602 1184.03 24.3788 16.8159 6.74269
internal_count=4298 4264 4187 40 4147 77 51 34
is_linear=0
shrinkage=0.03


Tree=150
num_leaves=11
num_cat=0
split_feature=25 13 22 22 24 28 25 3 20 18
split_gain=4.43577 5.59535 11.4829 10.0789 6.84279 10.4778 8.65467 3.94645 1.2388 0.110675
threshold=-0.001013258929688022 0.015561668004253303 1423126612.2535002 1044363057.8635001 0.3227392987107936 0.0014890712462896992 -0.00058869237925120469 0.50390648843313246 0.00062168727915197541 0.0048168016029009296
decision_type=2 2 2 2 2 2 2 2 2 2
left_child=7 2 3 -2 5 -3 -6 -1 -9 -4
right_child=1 4 9 -5 6 -7 -8 8 -10 -11
leaf_value=-0.0020961465248119874 -0.0059605881914698636 0.02737756992464524 -0.037620925534865401 0.034911226987812689 -0.014298250827975516 -0.017820315446246585 0.00080857067193069781 0.036816614060103045 0.014866632160946495 -0.045282897714789071
leaf_weight=6.5894553959369686 102.79516230896115 18.723220229148868 2.6527356803417197 5.7329495996236792 35.296387553215027 6.1266041919589034 1033.5619902387261 5.7798433601856214 3.8591208308935165 4.708018034696579
leaf_count=27 520 57 17 22 132 27 3437 21 15 23
internal_value=0.000216374 7.3439e-06 -0.00626088 -0.00380155 0.000671522 0.0162342 0.000309705 0.0157966 0.0280286 -0.0425216
internal_weight=1225.83 1209.6 115.889 108.528 1093.71 24.8498 1068.86 16.2284 9.63896 7.36075
internal_count=4298 4235 582 542 3653 84 3569 63 36 40
is_linear=0
shrinkage=0.03


Tree=151
num_leaves=11
num_cat=0
split_feature=7 25 25 23 25 14 3 3 29 18
split_gain=4.38983 5.03572 6.99499 13.329 5.17182 4.45936 3.31213 2.06254 0.0163957 0.000767294
threshold=285896.03500000009 0.00091992996561157724 0.00073185741853035505 1.1984723329616536 0.00046462623231768142 0.31166969907006237 0.99980000000000036 0.17380508308115863 0.034888554443023849 0.005517876553682151
decision_type=2 2 2 2 2 2 2 2 2 2
left_child=6 2 4 -4 -2 -3 8 -7 9 -1
right_child=1 5 3 -5 -6 7 -8 -9 -10 -11
leaf_value=-0.033157997233779157 -0.00021651842889383705 -0.0067979474469298294 -0.035623784136388573 0.01466916679496675 0.0066871129986654154 0.036425985735441611 0.0017549513908810428 0.013764910634024807 -0.036955652619395499 -0.034144567169414115
leaf_weight=1.3618040643632396 1067.7760816290975 5.9490489363670376 12.999887436628343 7.4667873606085768 107.49509726464748 6.6024498194456083 3.6098418384790421 7.9883442223072052 2.6387866139411926 1.4811850972473619
leaf_count=17 3731 20 53 25 353 19 18 28 19 15
internal_value=0.000209872 0.000365117 0.000112119 -0.0172756 0.000414916 0.0150935 -0.0205587 0.0240192 -0.0352527 -0.033672
internal_weight=1225.37 1216.28 1195.74 20.4667 1175.27 20.5398 9.09162 14.5908 5.48178 2.84299
internal_count=4298 4229 4162 78 4084 67 69 47 51 32
is_linear=0
shrinkage=0.03


Tree=152
num_leaves=9
num_cat=0
split_feature=5 11 21 1 28 29 5 13
split_gain=4.32761 4.89085 4.71808 4.70265 11.593 7.40328 3.67469 2.863
threshold=-0.02817455228034282 0.059299974320924508 1554703.5000000002 0.020783221828057665 -0.002381889437939906 0.028908263013382379 0.0017433708234134368 0.042137170992814298
decision_type=2 2 2 2 2 2 2 2
left_child=7 3 -3 4 -2 -5 -4 -1
right_child=1 2 6 5 -6 -7 -8 -9
leaf_value=-0.0040903227955985328 0.01728338719557003 -0.0059457981005014869 0.033946099034918707 -0.0060412874497840895 -0.0096516781854423667 0.0015980708722805128 0.005081627739753603 -0.04337731914201013
leaf_weight=3.3140752092003813 16.851761423051357 7.5751208662986782 10.110653281211855 129.77718092128634 98.107405036687851 949.37036081403494 6.5352866351604453 3.3639897704124451
leaf_count=15 55 26 30 646 407 3079 21 19
internal_value=0.000203595 0.000335609 0.0136818 6.48973e-05 -0.00570329 0.000679369 0.0226138 -0.0238806
internal_weight=1225.01 1218.33 24.2211 1194.11 114.959 1079.15 16.6459 6.67806
internal_count=4298 4264 77 4187 462 3725 51 34
is_linear=0
shrinkage=0.03


Tree=153
num_leaves=12
num_cat=0
split_feature=21 20 23 26 10 0 9 26 25 5 18
split_gain=4.29733 8.91698 8.82303 8.65697 8.35841 6.02444 5.38336 14.237 9.06871 4.65006 5.05949
threshold=7153898.5000000009 -0.063656370991405684 0.91517965310176119 0.0022353213509003224 0.0011005586143575433 -0.0064305224965839824 1.760162796231419 0.003519493025162058 -2.7195643526946862e-05 0.014654552758537489 0.012180438443377248
decision_type=2 2 2 2 2 2 2 2 2 2 2
left_child=5 -2 4 -4 -3 9 7 -7 -8 10 -1
right_child=1 2 3 -5 -6 6 8 -9 -10 -11 -12
leaf_value=-0.011614957795182264 -0.032811355380578569 0.0079961039737247094 0.0047838722379752972 0.026349917079128773 -0.039867393589689736 0.003665519272680464 -0.0083897645904854445 -0.0070523030183476179 0.00082961456776531285 0.014143454649154345 -0.046264526887821941
leaf_weight=11.931327089667326 4.8971197493374339 7.2663324326276761 43.813853323459625 27.121989361941814 5.9909694641828537 571.58910220861435 157.38424546271563 138.59009052813053 246.30111042410135 3.7602154016494742 5.5602470636367789
leaf_count=56 21 22 140 82 23 1900 605 504 910 13 22
internal_value=0.000197603 0.00654212 0.00883112 0.0130295 -0.0136334 -0.00030035 1.53499e-06 0.00157396 -0.00276473 -0.016123 -0.0226294
internal_weight=1224.21 89.0903 84.1931 70.9358 13.2573 1135.12 1113.86 710.179 403.685 21.2518 17.4916
internal_count=4298 288 267 222 45 4010 3919 2404 1515 91 78
is_linear=0
shrinkage=0.03


Tree=154
num_leaves=11
num_cat=0
split_feature=25 25 12 25 11 17 22 20 14 6
split_gain=4.28719 5.20716 6.49469 6.1762 8.65434 6.15635 5.25338 3.93614 5.79099 2.11952
threshold=-0.001013258929688022 -0.00074090273753692323 -0.0012831081643809351 -0.00034703461401847021 0.031199541655662352 0.0015684733840712532 408673746.24450004 -0.0034407597171967801 0.38210080038820232 114113.50000000001
decision_type=2 2 2 2 2 2 2 2 2 2
left_child=7 2 6 4 -3 -5 -2 8 -1 -9
right_child=1 3 -4 5 -6 -7 -8 9 -10 -11
leaf_value=0.028593523798757983 -0.017095198245705334 0.0028449262335206831 -0.05106211114927444 0.0014126329580325138 0.023401380005989614 -0.0032351025992072326 0.018488502757182588 0.043885555752670426 -0.023589342168218334 0.013697629660381997
leaf_weight=3.5043289810419109 13.467524155974393 100.15303905308247 3.6358971446752539 630.09178966656327 22.589770779013634 432.60054301097989 5.166526034474372 4.4732031971216184 4.2174956053495407 3.9342135936021805
leaf_count=15 60 348 20 2208 73 1510 16 14 18 16
internal_value=0.000191764 -1.34339e-05 -0.0143855 0.000256565 0.00662817 -0.000479366 -0.00722917 0.0155563 9.23573e-05 0.0297592
internal_weight=1223.83 1207.71 22.2699 1185.44 122.743 1062.69 18.6341 16.1292 7.72182 8.40742
internal_count=4298 4235 96 4139 421 3718 76 63 33 30
is_linear=0
shrinkage=0.03


Tree=155
num_leaves=15
num_cat=0
split_feature=5 25 12 21 26 6 12 28 22 22 28 3 0 6
split_gain=4.13844 10.7823 10.8598 9.90668 8.47779 6.03606 7.77197 7.50596 5.62246 11.2931 10.0851 9.49872 9.01618 8.82218
threshold=-0.012940590502705138 0.00028820673011691647 -0.015768997218659837 362376.50000000006 0.002226016295865703 141817.00000000003 -0.016095953363152754 0.0015592810100785413 56074116.500000007 72577227.688500017 -0.00018041019032426765 0.010670959313175616 0.0083426489933385809 61582.000000000007
decision_type=2 2 2 2 2 2 2 2 2 2 2 2 2 2
left_child=1 5 4 -4 -3 6 -1 -7 11 10 -10 -2 -13 -11
right_child=8 2 3 -5 -6 7 -8 -9 9 13 -12 12 -14 -15
leaf_value=0.012275944511197023 -0.024081935331143039 -0.033930105357126122 -0.018648527566264454 0.041659674271514291 0.016529793459889475 -0.031040052084462692 -0.014451285912340307 -0.0018192301628138861 -0.0020430524465743592 -0.0051316054997351482 0.022622830859680788 -0.0033424980073017397 0.030796640148325824 0.0022783845693529095
leaf_weight=16.517680428922176 19.258188895881176 6.3592206612229365 3.1362948007881633 11.225958377122877 5.6671147644519806 22.22282287478447 24.047518011182547 12.285313967615364 23.333011820912361 182.43733435124159 41.369614541530609 150.86280276253819 7.29928084462881 697.32333032786846
leaf_count=55 97 26 14 29 17 87 105 41 81 643 133 661 23 2286
internal_value=0.000186175 -0.00561595 0.0108793 0.0284901 -0.0101521 -0.0114141 -0.00356827 -0.0206371 0.000710913 0.0016314 0.0137278 -0.00418915 -0.00176696 0.000741763
internal_weight=1223.35 101.462 26.3886 14.3623 12.0263 75.0733 40.5652 34.5081 1121.88 944.463 64.7026 177.42 158.162 879.761
internal_count=4298 374 86 43 43 288 160 128 3924 3143 214 781 684 2929
is_linear=0
shrinkage=0.03


Tree=156
num_leaves=11
num_cat=0
split_feature=7 25 25 23 25 14 3 8 29 28
split_gain=4.15302 4.76286 6.68841 9.04996 8.74367 4.23711 3.17131 2.71621 0.0140158 0.000368298
threshold=285896.03500000009 0.00091992996561157724 0.00060394083698791785 1.1053947043145704 0.00046462623231768142 0.31166969907006237 0.99980000000000036 -0.0070324925851986599 0.034888554443023849 3.9030469217899443e-05
decision_type=2 2 2 2 2 2 2 2 2 2
left_child=6 2 4 -4 -2 -3 8 -7 9 -1
right_child=1 5 3 -5 -6 7 -8 -9 -10 -11
leaf_value=-0.033831768105521569 -0.00021918129521127083 -0.0065849636404582499 -0.028340015938038532 -0.00023713707233085596 0.0097905431572699875 0.040745837974007583 0.001435655636841052 0.013671574003006259 -0.036624157749168502 -0.033127753563372463
leaf_weight=1.5835169553756698 1065.8478983417153 5.9505008608102825 17.259949535131454 25.623360052704811 84.78802265226841 5.2365636527538308 3.6129776239395142 9.1838334649801219 2.5510484129190445 1.1577170714735983
leaf_count=17 3731 20 68 90 273 15 18 32 19 15
internal_value=0.000180616 0.000330364 8.48611e-05 -0.0115482 0.000518415 0.0147142 -0.0202317 0.0235032 -0.0350238 -0.0335344
internal_weight=1222.8 1213.89 1193.52 42.8833 1150.64 20.3709 8.90526 14.4204 5.29228 2.74123
internal_count=4298 4229 4162 158 4004 67 69 47 51 32
is_linear=0
shrinkage=0.03


Tree=157
num_leaves=11
num_cat=0
split_feature=25 28 28 26 26 1 28 22 5 1
split_gain=4.09158 4.93243 20.4546 16.9475 15.5172 11.4213 10.1437 7.00655 3.76987 1.85847
threshold=-0.001013258929688022 0.0024722890846239909 0.0018580126527569119 0.003136482395854874 0.0044727673458257343 0.030240000052905197 0.00087895046993391977 98904409.158000007 0.0012938073962132776 0.038710630671852403
decision_type=2 2 2 2 2 2 2 2 2 2
left_child=8 2 6 7 -5 -4 -2 -3 -1 -10
right_child=1 3 5 4 -6 -7 -8 -9 9 -11
leaf_value=-0.0018606164740855137 0.00070652109602007795 -0.0042522065799904139 0.0040746886120605307 -0.022793501019837462 -0.0018927477116034187 0.022945193031225209 -0.0078693364818855794 0.047241668291548411 0.037242256802405102 0.0088414568405524169
leaf_weight=6.7186105251312247 745.78021197021008 3.4291045963764173 63.551978021860123 41.18173760548234 142.90757896751165 52.889726415276527 148.91845748201013 7.7593318074941635 6.1404582560062391 3.1310215890407562
leaf_count=26 2574 15 218 199 525 151 534 19 24 13
internal_value=0.000175248 -2.45702e-05 0.000818422 -0.00438955 -0.00656835 0.012646 -0.000720891 0.0314595 0.0152511 0.0276512
internal_weight=1222.41 1206.42 1011.14 195.278 184.089 116.442 894.699 11.1884 15.9901 9.27148
internal_count=4298 4235 3477 758 724 369 3108 34 63 37
is_linear=0
shrinkage=0.03


Tree=158
num_leaves=10
num_cat=0
split_feature=24 28 25 1 24 25 25 3 28
split_gain=4.1088 10.3677 12.6679 6.5488 6.37225 4.98253 6.16518 4.73854 3.36535
threshold=0.3227392987107936 0.0014890712462896992 0.00015650665048258617 0.038710630671852403 0.33279914437941033 -0.001013258929688022 -0.00058869237925120469 0.50390648843313246 -0.00016051919762416405
decision_type=2 2 2 2 2 2 2 2 2
left_child=1 2 8 -3 -2 7 -7 -6 -1
right_child=4 3 -4 -5 5 6 -8 -9 -10
leaf_value=0.016995624745043035 -0.038920335472023941 -0.048422564801719921 -0.014368066928294483 0.010099803785726407 -0.0025285756800931861 -0.011542232099432365 0.00022155843198862121 0.031147623129206881 0.047085033064335424
leaf_weight=5.0592505484819457 3.7926746606826773 3.5920293405652037 6.1158453151583663 3.3037010133266449 6.4958325773477545 41.566289752721786 1132.9929182417691 8.9301429241895658 9.8754062131047249
leaf_count=17 17 21 26 11 27 165 3952 34 28
internal_value=0.000170169 0.011541 0.0219993 -0.0203849 -9.60214e-05 2.77179e-05 -0.000194748 0.0169667 0.036892
internal_weight=1221.72 27.9462 21.0505 6.89573 1193.78 1189.99 1174.56 15.426 14.9347
internal_count=4298 103 71 32 4195 4178 4117 61 45
is_linear=0
shrinkage=0.03


Tree=159
num_leaves=12
num_cat=0
split_feature=29 29 29 25 4 4 21 7 23 27 13
split_gain=4.02298 9.37536 13.3254 7.32174 6.87454 5.77585 7.64479 7.02506 5.07269 7.43423 0.0263892
threshold=0.019547370574449802 0.020007434860058581 0.027089196092937178 0.00041867637370380899 152.50000000000003 237.50000000000003 139662.00000000003 25634888.763500001 0.95923422277200088 0.019546678485838433 0.01687447268815077
decision_type=2 2 2 2 2 2 2 2 2 2 2
left_child=8 5 3 -3 -4 6 -2 -7 -1 10 -10
right_child=1 2 4 -5 -6 7 -8 -9 9 -11 -12
leaf_value=0.019811119519184395 0.056722459345782274 -0.0093054660398792718 -0.0019266408754371001 -0.03968148986709652 0.0028434554706546827 -0.034110855826939089 0.014515690148874006 0.023088524602115558 -0.035301239198373309 0.021242127439564499 -0.038696913259158909
leaf_weight=2.9634782448410979 4.5223644897341755 62.130278117954731 496.64053552597761 8.0690916776657087 600.92417203262448 4.2672840878367415 26.461150720715523 3.5318875014781952 6.3305123783647996 2.5632438585162154 3.0531675592064857
leaf_count=19 11 343 1710 48 1970 21 82 11 54 10 19
internal_value=0.00016509 0.000356485 -0.000125446 -0.012797 0.000685019 0.0148676 0.0206762 -0.00820788 -0.0153225 -0.0240375 -0.0364061
internal_weight=1221.46 1206.55 1167.76 70.1994 1097.56 38.7827 30.9835 7.79917 14.9104 11.9469 9.38368
internal_count=4298 4196 4071 391 3680 125 93 32 102 83 73
is_linear=0
shrinkage=0.03


Tree=160
num_leaves=13
num_cat=0
split_feature=21 23 20 0 26 0 24 29 24 10 5 18
split_gain=3.99993 7.60635 8.66631 8.36092 8.21665 5.61533 5.55654 13.3376 10.144 5.44026 4.40554 5.65475
threshold=7153898.5000000009 0.91517965310176119 -0.063656370991405684 0.0011348885603488148 0.0022353213509003224 -0.0064305224965839824 0.62158334030941054 0.027089196092937178 0.65189618072416822 0.0067285875542956427 0.0099999999999999551 0.012180438443377248
decision_type=2 2 2 2 2 2 2 2 2 2 2 2
left_child=5 3 -3 9 -4 10 7 -7 -8 -2 11 -1
right_child=1 2 4 -5 -6 6 8 -9 -10 -11 -12 -13
leaf_value=-0.011491647742546119 -0.008007592892999512 -0.029798631537588056 0.0045770644772358147 0.018377592384299073 0.025635734922470794 -0.01671499355429917 0.012658889336881736 -0.00070335851889337614 0.00049625454093850147 -0.05497593788929938 0.0041070712701259523 -0.051257883723442407
leaf_weight=9.385200250893833 4.442963629961012 4.6204723045229903 43.719380900263786 4.5959991216659537 26.957407727837563 52.399732291698456 69.533025398850441 439.84822921454906 548.9734292589128 4.4349731504917145 6.8706975132226935 4.8978275954723349
leaf_count=45 15 20 140 13 82 286 228 1481 1924 18 26 20
internal_value=0.000159984 0.00629218 0.0100069 -0.0144673 0.0126092 -0.000320941 -2.93411e-05 -0.0024078 0.00186359 -0.0314706 -0.0156325 -0.025128
internal_weight=1220.68 88.7712 75.2973 13.4739 70.6768 1131.91 1110.75 492.248 618.506 8.87794 21.1537 14.283
internal_count=4298 288 242 46 222 4010 3919 1767 2152 33 91 65
is_linear=0
shrinkage=0.03


Tree=161
num_leaves=10
num_cat=0
split_feature=24 28 26 1 24 18 26 26 28
split_gain=3.97101 9.80906 8.36165 6.30054 6.03341 4.75756 4.65971 44.9495 19.6499
threshold=0.3227392987107936 0.0014890712462896992 -0.0021217134071293145 0.038710630671852403 0.33279914437941033 0.0047442500191783882 0.0020274897638310608 0.0017324050256847707 0.0024722890846239909
decision_type=2 2 2 2 2 2 2 2 2
left_child=1 2 -1 -3 -2 -4 7 -6 -8
right_child=4 3 5 -5 6 -7 8 -9 -10
leaf_value=-0.0037629673727624367 -0.038068506475506921 -0.047768849791709263 -0.00034165756151792188 0.0099032962627145019 -0.00013792923202940333 0.044552234139725463 0.0075212417842475156 -0.042832713467469592 -0.005048832333529909
leaf_weight=7.5367736071348235 3.7560205757617942 3.524499535560607 2.6451583877205858 3.3021700233221054 702.98711669072509 10.792720943689345 272.94339838624001 22.916530773043633 189.72423858568072
leaf_count=28 17 21 14 11 2441 29 902 93 742
internal_value=0.000155212 0.0113634 0.0215296 -0.0198719 -0.000106127 0.0357152 1.38383e-05 -0.00148579 0.00236668
internal_weight=1220.13 27.8013 20.9747 6.82667 1192.33 13.4379 1188.57 725.904 462.668
internal_count=4298 103 71 32 4195 43 4178 2534 1644
is_linear=0
shrinkage=0.03


Tree=162
num_leaves=15
num_cat=0
split_feature=25 23 25 25 23 25 25 18 15 18 12 17 15 12
split_gain=3.96993 16.3446 14.8355 19.5973 14.2554 12.8089 14.7754 11.0657 10.9246 10.5044 11.8497 9.67934 7.8187 3.16341
threshold=-9.5779806604573002e-05 3.1689405475838899 -3.0305715736434386e-05 -1.5075993626628593e-05 1.899376626242163 -0.0001718181935138487 -0.00024191820897113229 0.0058896526303683101 -0.0080551616472402613 0.0095612030097179303 -0.010518664989626855 0.002927044943639484 0.013626512844482306 -0.004495273691305166
decision_type=2 2 2 2 2 2 2 2 2 2 2 2 2 2
left_child=1 5 9 8 -5 6 -1 -7 -4 11 -11 -2 13 -3
right_child=2 12 3 4 -6 7 -8 -9 -10 10 -12 -13 -14 -15
leaf_value=0.0042468176782554674 -0.015995915697563073 -0.026366756633654252 -0.0083170976891038875 -0.0029907237428161066 0.0072313943328748305 0.041734672811749057 -0.016010397981106289 0.010333501122316026 0.026913264842338792 0.0053701158696495182 -0.020934559298597256 -0.052796086658021595 0.0049587738341824823 -0.057919779512401529
leaf_weight=225.31360250338912 36.554084829986095 11.172405265271664 10.090821668505667 543.56557397544384 158.61128870770335 12.089801870286463 37.849347814917564 61.374331809580326 36.849809542298317 44.623652294278145 23.545500069856644 7.8063556104898444 6.4923002272844306 3.8434263467788705
leaf_count=794 155 48 35 1951 544 39 138 190 109 137 83 37 21 17
internal_value=0.000150575 0.00280526 -0.000952818 0.000572872 -0.0006817 0.00442525 0.00133333 0.0155011 0.0193398 -0.0111094 -0.00371547 -0.0224718 -0.0225495 -0.034443
internal_weight=1219.78 358.135 861.647 749.117 702.177 336.627 263.163 73.4641 46.9406 112.53 68.1692 44.3604 21.5081 15.0158
internal_count=4298 1247 3051 2639 2495 1161 932 229 144 412 220 192 86 65
is_linear=0
shrinkage=0.03


Tree=163
num_leaves=11
num_cat=0
split_feature=7 25 25 29 9 21 29 15 8 29
split_gain=3.95093 4.51269 6.27328 8.99691 4.58192 4.26666 4.74021 3.11092 0.857496 0.0523955
threshold=285896.03500000009 0.00091992996561157724 0.00073185741853035505 0.039760934358698534 1.760162796231419 2490182.0000000005 0.044689966168097985 -0.0063378018352602651 -0.0053865599075476377 0.043638816046524677
decision_type=2 2 2 2 2 2 2 2 2 2
left_child=7 2 4 -4 -2 6 -3 -1 -9 -10
right_child=1 5 3 -5 -6 -7 -8 8 9 -11
leaf_value=0.013177275686220147 0.0018216880356263768 -0.0064648826449644316 0.012196231787267956 -0.030371027561987049 -0.0020379766276725974 -0.012016890818258656 0.031143543898930672 -0.013218434679810346 -0.03447817468523693 -0.041264158814065588
leaf_weight=1.9711689949035642 720.70848353207111 4.0488819032907513 6.6350614652037647 13.686923563480375 449.44055188819766 4.3390291035175315 11.826753854751585 2.0053741782903671 3.2454445362091047 1.4960799440741537
leaf_count=10 2405 15 26 52 1679 16 36 16 34 9
internal_value=0.000146005 0.000290912 5.22428e-05 -0.016473 0.000339236 0.0143465 0.021552 -0.0199774 -0.0296639 -0.0366193
internal_weight=1219.4 1210.69 1190.47 20.322 1170.15 20.2147 15.8756 8.71807 6.7469 4.74152
internal_count=4298 4229 4162 78 4084 67 51 69 59 43
is_linear=0
shrinkage=0.03


Tree=164
num_leaves=9
num_cat=0
split_feature=5 11 17 18 14 21 5 17
split_gain=3.90448 4.63025 5.64504 6.23778 4.82121 4.54586 3.53947 3.26517
threshold=-0.02817455228034282 0.059299974320924508 0.020960223430553353 0.019497224620291877 0.84684633610914217 1554703.5000000002 0.0017433708234134368 -0.00043538313477767265
decision_type=2 2 2 2 2 2 2 2
left_child=7 2 3 -2 -4 -3 -7 -1
right_child=1 5 4 -5 -6 6 -8 -9
leaf_value=-0.00052484003301524695 -0.00042442132069538222 -0.0059472191055790777 -0.002864258144765684 0.0078059454602305419 -0.042711961515278223 0.033435030148071497 0.0049673546844593549 -0.04298149418113386
leaf_weight=3.0835491567850113 1087.7161329761147 7.5547996610403088 5.8733093440532667 89.712619371712208 5.1104619055986404 9.9313992112875003 6.5056462436914435 3.4590413868427268
leaf_count=15 3870 26 19 277 21 30 21 19
internal_value=0.000141672 0.000266399 2.97992e-06 0.000202681 -0.0214044 0.0133146 0.0221678 -0.0229715
internal_weight=1218.95 1212.4 1188.41 1177.43 10.9838 23.9918 16.437 6.54259
internal_count=4298 4264 4187 4147 40 77 51 34
is_linear=0
shrinkage=0.03


Tree=165
num_leaves=13
num_cat=0
split_feature=10 7 21 28 28 21 23 18 26 3 9 23
split_gain=3.84216 12.7939 11.5552 11.1279 18.6537 10.5112 9.92839 9.24452 8.90536 8.60993 6.06413 1.32083
threshold=-0.013461597182354951 1017834818.6865002 16463724.000000002 -0.0019621318720245699 -0.0017208337492961205 82986.500000000015 2.1632017392009035 0.010218941572410203 -0.00059140524730908123 0.98495841393003991 1.5738171159032992 1.8376072668926671
decision_type=2 2 2 2 2 2 2 2 2 2 2 2
left_child=1 2 7 5 6 -2 -5 -1 -6 -7 -3 -12
right_child=3 10 -4 4 8 9 -8 -9 -10 -11 11 -13
leaf_value=-0.011733502764383352 -0.030425093867090344 -0.0069412410876793403 0.043195648955978688 -0.042609539309100761 -0.0051255515783433687 0.013767707726332609 0.014087721898175252 0.001314021487641361 0.0021642908379904012 -0.029037983995587754 -0.063266151639320645 -0.037334216552303678
leaf_weight=70.311433143913746 5.5321164503693572 4.586287245154379 5.0532333292067042 13.702525023370983 196.80764447152615 101.84686797112226 3.4870867431163779 160.29021114110947 645.4390848390758 4.4122259467840186 3.7968708127737045 3.3077887743711472
leaf_count=269 23 15 13 60 724 341 11 507 2286 19 16 14
internal_value=0.000137504 -0.00320053 -0.00168083 0.000987614 -0.000170534 0.0098913 -0.0311079 -0.00266422 0.000460875 0.0119903 -0.0338332 -0.0511928
internal_weight=1218.57 247.346 235.655 971.228 859.436 111.791 17.1896 230.602 842.247 106.259 11.6909 7.10466
internal_count=4298 834 789 3464 3081 383 71 776 3010 360 45 30
is_linear=0
shrinkage=0.03


Tree=166
num_leaves=10
num_cat=0
split_feature=24 28 25 1 24 25 25 3 28
split_gain=3.7923 9.28723 11.5575 6.03521 5.59391 4.67769 5.7438 4.67443 2.92613
threshold=0.3227392987107936 0.0014890712462896992 0.00015650665048258617 0.038710630671852403 0.33279914437941033 -0.001013258929688022 -0.00074090273753692323 0.50390648843313246 -0.00016051919762416405
decision_type=2 2 2 2 2 2 2 2 2
left_child=1 2 8 -3 -2 7 -7 -6 -1
right_child=4 3 -4 -5 5 6 -8 -9 -10
leaf_value=0.016637833536719937 -0.036906898279121317 -0.047052396648648916 -0.013860281891753284 0.0096012912019256044 -0.0028695917904206164 -0.01579963098223109 6.1492822448927783e-05 0.030753999239346415 0.044781557066444516
leaf_weight=5.026444330811505 3.7090401351451865 3.4704001098871222 6.0769368559122077 3.3029565513134003 6.4573520869016638 20.921870447695255 1150.5523245111108 8.7820935845375043 9.8215292915701866
leaf_count=17 17 21 26 11 27 92 4025 34 28
internal_value=0.000133406 0.0111071 0.0209905 -0.0194258 -0.000121925 -6.95415e-06 -0.000221778 0.0165068 0.0352541
internal_weight=1218.12 27.6983 20.9249 6.77336 1190.42 1186.71 1171.47 15.2394 14.848
internal_count=4298 103 71 32 4195 4178 4117 61 45
is_linear=0
shrinkage=0.03


Tree=167
num_leaves=13
num_cat=0
split_feature=21 23 20 0 22 17 17 17 29 29 28 29
split_gain=3.78529 7.1591 9.64691 7.74082 7.20371 5.4235 9.99876 10.4442 7.81882 9.27672 7.81322 4.40684
threshold=7153898.5000000009 0.91517965310176119 -0.064684535586516476 0.0011348885603488148 1940085425.0530002 0.0071658434963870104 0.0051569240392426137 0.0027812796899593121 0.020762018163169974 0.055212660069268012 0.00021791112927056441 0.06441122839155812
decision_type=2 2 2 2 2 2 2 2 2 2 2 2
left_child=5 3 -3 11 -4 6 7 -1 -7 -10 -8 -2
right_child=1 2 4 -5 -6 8 10 -9 9 -11 -12 -13
leaf_value=0.00089957178588759615 -0.050420816177590276 -0.036386315140740727 0.022837499673670453 0.017718161497808173 0.0036419529066173714 0.035021048666428245 -0.0016296872445808752 -0.0084118223396095187 -0.01481401359396943 -0.00038896562801723008 0.016469404784474364 -0.0081427395175385879
leaf_weight=739.35803417861462 4.6704785823822004 3.8738415241241446 31.831053212285042 4.5650366544723502 39.343200765550137 4.2258866280317298 33.711881563067436 127.04376912117004 67.999120317399502 97.878165528178215 59.097004532814026 4.2272400856018066
leaf_count=2653 19 18 92 13 132 12 116 479 251 313 186 14
internal_value=0.000129427 0.00610373 0.00971741 -0.0140407 0.0122267 -0.000338814 0.000536679 -0.000465793 -0.00527572 -0.00630232 0.00989509 -0.0303348
internal_weight=1217.82 88.5109 75.0481 13.4628 71.1743 1129.31 959.211 866.402 170.103 165.877 92.8089 8.89772
internal_count=4298 288 242 46 224 4010 3434 3132 576 564 302 33
is_linear=0
shrinkage=0.03


Tree=168
num_leaves=15
num_cat=0
split_feature=5 25 12 21 26 7 29 10 0 0 18 7 8 23
split_gain=3.73923 10.0684 10.2222 9.19417 7.93406 5.95714 9.97018 6.19618 5.08754 9.051 7.63259 6.96552 6.79193 6.21271
threshold=-0.012940590502705138 0.00028820673011691647 -0.015768997218659837 362376.50000000006 0.002226016295865703 29393469.737000007 0.045799634958067506 0.023152241221780338 0.0056595840634072097 0.0044578470435335414 0.010683865974504278 290774677.07400006 0.0055159671826493983 1.9730917885112895
decision_type=2 2 2 2 2 2 2 2 2 2 2 2 2 2
left_child=1 5 4 -4 -3 6 -1 -7 9 11 -11 -2 13 -10
right_child=8 2 3 -5 -6 7 -8 -9 12 10 -12 -13 -14 -15
leaf_value=-0.015015437581221605 -0.00041390196615101704 -0.032971056771728881 -0.017696961347492851 0.040656421424746056 0.016088444958735144 -0.025194075881537832 0.017447339326614162 0.0042887294323818012 0.0085712862519749765 0.00016002612471173461 -0.035994885075248048 0.0064182018441141303 -0.019911961010754025 0.037393269307662992
leaf_weight=21.451749611645937 894.79370823130012 6.297539487481119 3.1138374730944625 11.066866725683211 5.6095079779624939 31.01565957441926 14.119021981954573 8.0885753184556943 28.205428969115019 9.8042451962828654 11.32564342021942 158.02166439592838 5.6316762119531623 8.8406889885663968
leaf_count=103 3181 26 14 29 17 118 41 26 99 37 44 517 21 25
internal_value=0.000125613 -0.00540918 0.0106351 0.027843 -0.00985872 -0.0110143 -0.00213006 -0.0190957 0.000625066 0.000221391 -0.019219 0.000611558 0.0107832 0.0154494
internal_weight=1217.39 100.763 26.0878 14.1807 11.907 74.675 35.5708 39.1042 1116.62 1073.95 21.1299 1052.82 42.6778 37.0461
internal_count=4298 374 86 43 43 288 144 144 3924 3779 81 3698 145 124
is_linear=0
shrinkage=0.03


Tree=169
num_leaves=12
num_cat=0
split_feature=7 28 28 9 28 23 6 7 10 13 29
split_gain=3.71084 3.84379 26.537 13.0834 17.6749 10.4954 10.2408 6.35835 3.19787 0.0258278 0.000850139
threshold=285896.03500000009 -0.0019621318720245699 -0.0017208337492961205 1.8282392887074319 -0.0027696511046732589 1.9578604678277831 1482731.0000000002 279352486.36650008 -0.0026178484595952753 0.028654961610398669 0.030398741501427209
decision_type=2 2 2 2 2 2 2 2 2 2 2
left_child=8 3 6 4 -2 -5 -3 -4 -1 10 -10
right_child=1 2 7 5 -6 -7 -8 -9 9 -11 -12
leaf_value=0.0016416349554733724 -0.0032692650846737428 -0.040994575532068894 -0.0007657472918835591 -0.019521429299322542 0.018660959668904492 0.0075354294182017447 0.014131332451092828 0.0058135329656083586 -0.033164556535579238 -0.038103073836392269 -0.034182692282887554
leaf_weight=3.663945347070694 58.274430811405182 19.356879405677322 840.60715289786458 31.343496590852737 76.492055177688599 21.930937506258488 3.596472740173339 156.87005151435733 1.5514099299907669 1.9395825527608392 1.4079814143478868
leaf_count=21 193 82 2986 124 241 76 11 516 20 14 14
internal_value=0.00012193 0.000261373 -0.000464929 0.00420275 0.0091781 -0.00838321 -0.0323571 0.000268955 -0.0195575 -0.0354124 -0.033649
internal_weight=1217.03 1208.47 1020.43 188.041 134.766 53.2744 22.9534 997.477 8.56292 4.89897 2.95939
internal_count=4298 4229 3595 634 434 200 93 3502 69 48 34
is_linear=0
shrinkage=0.03


Tree=170
num_leaves=14
num_cat=0
split_feature=28 26 15 27 11 26 27 14 4 24 6 1 6
split_gain=3.69237 14.3607 8.24816 10.8198 6.25089 5.00267 4.85378 4.47391 6.54545 5.48996 3.94278 2.27979 0.0754389
threshold=0.0038532421834644756 0.0054778814484823272 0.0033079461336680545 0.022459712049320148 0.057347804205136028 0.0027571472574932339 -0.014173563093048328 0.92940282216661585 32.500000000000007 0.62158334030941054 346904.00000000006 0.036203657933761735 79707.000000000015
decision_type=2 2 2 2 2 2 2 2 2 2 2 2 2
left_child=4 12 6 -4 7 10 -3 9 -9 -1 -6 -7 -2
right_child=1 2 3 -5 5 11 -8 8 -10 -11 -12 -13 -14
leaf_value=-0.0016588870044182333 -0.043653072598643455 0.0017988121759712093 0.020087576706123506 -0.021273982991807071 -0.017908124383236131 0.042345622691943349 -0.048453588960297 0.0059471549839616392 -0.011400515556302381 0.0026779146624293128 0.014633468182179922 0.015940105563887072 -0.049734799669311977
leaf_weight=492.92788537964225 3.6191962324082843 2.8411466032266617 18.367976441979412 8.248039096593855 5.17543996870518 6.0074319243431074 4.4225560538470736 27.950693838298321 65.323074042797089 562.48587086424232 9.5054346024990064 5.7682732790708542 3.724821537733078
leaf_count=1756 20 10 58 32 19 16 24 98 254 1945 31 19 16
internal_value=0.000118317 -0.00870665 -0.00046277 0.00727004 0.000427895 0.0148451 -0.0287977 9.5838e-05 -0.00620206 0.000652424 0.0031616 0.029411 -0.0467377
internal_weight=1216.37 41.2237 33.8797 26.616 1175.14 26.4566 7.2637 1148.69 93.2738 1055.41 14.6809 11.7757 7.34402
internal_count=4298 160 124 90 4138 85 34 4053 352 3701 50 35 36
is_linear=0
shrinkage=0.03


Tree=171
num_leaves=13
num_cat=0
split_feature=26 17 18 21 20 26 23 9 14 25 18 15
split_gain=3.69459 8.63499 9.85251 6.72303 6.04281 5.77926 10.2075 6.12533 14.287 12.3301 3.82394 3.17595
threshold=0.0071148393823792467 -0.0031734221139960894 0.0095612030097179303 939336.50000000012 -0.021715535543997497 0.0066789553716971551 1.1388473024781118 1.760162796231419 0.355417608245719 -9.5779806604573002e-05 0.011915453003017523 -0.00030287472552757347
decision_type=2 2 2 2 2 2 2 2 2 2 2 2
left_child=5 11 4 -4 -3 7 -7 9 -9 -1 -8 -2
right_child=1 2 3 -5 -6 6 10 8 -10 -11 -12 -13
leaf_value=0.007964733976971115 0.033638484441648381 0.010219244117249596 0.013682338310433823 -0.021397088338649822 -0.046540622516903232 -0.026085575159301815 0.045468301320293607 -0.010081439490837145 0.0013638976825473821 -0.00063777090213554765 0.01097310671616065 -0.00068515507299033601
leaf_weight=211.33802182972431 4.7553989514708519 2.0193769708275786 10.326158478856089 9.3867087662219983 10.290263339877127 3.5605453476309767 7.2570631653070432 151.22263296693563 279.73124849051237 516.27224168181419 4.8087483942508698 4.9534955620765668
leaf_count=692 14 10 33 36 55 16 19 596 1023 1773 15 16
internal_value=0.000114773 -0.00865704 -0.0161712 -0.00302149 -0.0372293 0.000426528 0.0185491 0.000182097 -0.0026523 0.00186087 0.0317205 0.0161265
internal_weight=1215.92 41.7314 32.0225 19.7129 12.3096 1174.19 15.6264 1158.56 430.954 727.61 12.0658 9.70889
internal_count=4298 164 134 69 65 4134 50 4084 1619 2465 34 30
is_linear=0
shrinkage=0.03


Tree=172
num_leaves=11
num_cat=0
split_feature=24 28 26 1 24 8 18 21 24 9
split_gain=3.67337 8.84338 7.45634 5.74346 5.33872 6.14212 4.16957 3.98181 7.33438 5.93115
threshold=0.3227392987107936 0.0014890712462896992 -0.0021217134071293145 0.038710630671852403 0.33767774457546423 0.0022708326370029838 0.0051906651288169707 7153898.5000000009 0.47925821423042347 1.760162796231419
decision_type=2 2 2 2 2 2 2 2 2 2
left_child=1 2 -1 -3 5 -2 -4 9 -9 -6
right_child=4 3 6 -5 7 -7 -8 8 -10 -11
leaf_value=-0.0033326672996110531 -0.0018322537745925 -0.046386859714901786 0.006651289114635286 0.0091499228625148074 0.0011767301391808977 -0.05542195770313002 0.044298226539063408 0.024029241714363474 0.001958153961752215 -0.0034384626297095438
leaf_weight=7.5142273828387305 4.4950563609600058 3.4027142897248259 3.6409535408020028 3.3024804443120956 702.58858366310596 3.3664066195487976 9.7060697972774488 16.751923486590385 70.907602854073048 389.57158112153411
leaf_count=28 17 21 17 11 2398 17 26 51 235 1477
internal_value=0.00011135 0.0109377 0.020571 -0.0190336 -0.000139932 -0.0247802 0.0340285 2.42527e-05 0.00617599 -0.000469501
internal_weight=1215.25 27.5664 20.8613 6.70519 1187.68 7.86146 13.347 1179.82 87.6595 1092.16
internal_count=4298 103 71 32 4195 34 43 4161 286 3875
is_linear=0
shrinkage=0.03


Tree=173
num_leaves=11
num_cat=0
split_feature=29 29 29 25 1 22 7 23 27 18
split_gain=3.61667 8.99703 11.9034 7.19083 6.27229 5.86832 7.46395 4.89559 7.18915 0.0295159
threshold=0.019547370574449802 0.020007434860058581 0.027089196092937178 0.00015650665048258617 0.020783221828057665 53293959.300000004 11416592.533000002 0.95923422277200088 0.019546678485838433 0.0068469135158898894
decision_type=2 2 2 2 2 2 2 2 2 2
left_child=7 5 3 -3 -4 -2 -7 -1 9 -9
right_child=1 2 4 -5 -6 6 -8 8 -10 -11
leaf_value=0.019665795649196762 0.038553118497671277 -0.0046533869079545976 -0.0067445780007004364 -0.024561701956381538 0.0012849392998350567 -0.017884212751916699 0.016910968967941677 -0.035222775627833602 0.020749073497340866 -0.039432141759257661
leaf_weight=2.9647341333329669 7.4043312445282927 42.782849498093128 95.990301311016083 26.407597277313471 996.57487946748734 7.224204450845721 23.919712722301483 7.1488752290606481 2.5704288557171813 1.897062301635742
leaf_count=19 25 230 372 161 3308 27 73 62 10 11
internal_value=0.00010801 0.000288418 -0.0001847 -0.0122517 0.000579484 0.0145471 0.00883981 -0.0147431 -0.023525 -0.0361055
internal_weight=1214.88 1200.3 1161.76 69.1904 1092.57 38.5482 31.1439 14.5811 11.6164 9.04594
internal_count=4298 4196 4071 391 3680 125 100 102 83 73
is_linear=0
shrinkage=0.03


Tree=174
num_leaves=9
num_cat=0
split_feature=5 11 17 20 18 15 4 17
split_gain=3.63258 4.08683 5.29786 6.59842 5.90295 4.53347 3.58859 3.1302
threshold=-0.02817455228034282 0.059299974320924508 0.020960223430553353 -0.011690024121211357 0.019497224620291877 0.02356879867407272 187.50000000000003 -0.00043538313477767265
decision_type=2 2 2 2 2 2 2 2
left_child=7 2 4 -4 -2 6 -3 -1
right_child=1 5 3 -5 -6 -7 -8 -9
leaf_value=-0.00038306995635378798 -0.00043947293479522169 0.0064242235477727349 0.0044147671831003925 -0.042358142973204761 0.0075831154014392903 -0.0070735054736664705 0.034624347548794725 -0.042325992162396298
leaf_weight=3.0507782474160194 1083.8131753653288 7.6576496511697831 5.0322749763727188 5.8937512636184675 89.348264843225479 7.2938754707574835 8.6476306617259961 3.3707149922847739
leaf_count=15 3870 27 16 24 277 25 25 19
internal_value=0.000104589 0.000224246 -2.21271e-05 -0.0208156 0.000171529 0.012586 0.0213804 -0.0223994
internal_weight=1214.11 1207.69 1184.09 10.926 1173.16 23.5992 16.3053 6.42149
internal_count=4298 4264 4187 40 4147 77 52 34
is_linear=0
shrinkage=0.03


Tree=175
num_leaves=12
num_cat=0
split_feature=25 25 25 15 25 18 1 18 12 16 24
split_gain=3.58967 5.7557 7.88008 22.8228 16.8166 7.84177 13.512 8.58693 4.80998 5.79097 1.48524
threshold=0.00091992996561157724 0.00060394083698791785 0.00046462623231768142 -0.014034956835325249 0.00043110765201424605 0.010494715465197797 0.042666500792914265 0.016574649988519024 -0.0078085126886956804 0.37500000000000006 0.66936254896957514
decision_type=2 2 2 2 2 2 2 2 2 2 2
left_child=1 2 4 -4 -1 6 -3 -7 9 -2 -11
right_child=8 5 3 -5 -6 7 -8 -9 -10 10 -12
leaf_value=-9.8016251707027947e-05 -0.0062661849510471882 -0.015466907078948659 -0.047171407877340865 0.013428093503256256 -0.046017866743415126 -0.038995677300141633 0.032054498183687295 0.0054708855044633877 -0.018363781836641221 0.02073014981568572 0.042378673347383822
leaf_weight=1058.6604410372674 5.3845839127898278 16.217172160744671 6.0226737111806861 78.47033454850316 7.2266223542392245 12.96448637545109 8.0619472637772542 5.595436915755271 3.7107191532850257 5.7442557215690595 5.6651880294084549
leaf_count=3753 19 69 23 255 36 50 23 18 16 20 16
internal_value=0.000101517 -0.000112356 0.000289721 0.00910855 -0.000409349 -0.0109096 0.000312704 -0.0255899 0.0125473 0.0193772 0.0314794
internal_weight=1213.72 1193.22 1150.38 84.493 1065.89 42.839 24.2791 18.5599 20.5047 16.794 11.4094
internal_count=4298 4227 4067 278 3789 160 92 68 71 55 36
is_linear=0
shrinkage=0.03


Tree=176
num_leaves=11
num_cat=0
split_feature=7 1 22 9 21 9 10 27 13 29
split_gain=3.54704 4.2062 6.9692 5.21539 8.26353 4.37291 3.11311 2.44493 0.0233357 0.000787806
threshold=285896.03500000009 0.010081625177008639 33273233.498500001 0.29969352518855713 492956.00000000006 0.36876117336910136 -0.0026178484595952753 0.022930827379639158 0.028654961610398669 0.030398741501427209
decision_type=2 2 2 2 2 2 2 2 2 2
left_child=6 2 -2 4 -3 -5 -1 -4 9 -8
right_child=1 3 7 5 -6 -7 8 -9 -10 -11
leaf_value=0.0015229523679461052 0.018448229265360019 0.037854342976272777 -0.044747505783530872 -0.017568095954348932 -0.01205555994662918 0.00039105490621123171 -0.033072048482921473 -0.011012462761438307 -0.037833562476211231 -0.034065774059979854
leaf_weight=3.6611891388893127 3.4186652898788443 8.0918876826763135 5.2891013845801336 12.331128358840941 4.7313098907470694 1167.9873708710074 1.5026841759681686 3.0476082414388657 1.8959225341677663 1.3750107921659944
leaf_count=21 14 23 28 44 16 4091 20 13 14 14
internal_value=9.85126e-05 0.000234227 -0.0176232 0.000410167 0.0194393 0.00020343 -0.0192881 -0.0324152 -0.0352494 -0.0335469
internal_weight=1213.33 1204.9 11.7554 1193.14 12.8232 1180.32 8.43481 8.33671 4.77362 2.87769
internal_count=4298 4229 55 4174 39 4135 69 41 48 34
is_linear=0
shrinkage=0.03


Tree=177
num_leaves=14
num_cat=0
split_feature=28 28 15 5 24 21 26 23 4 13 13 23 5
split_gain=3.52396 25.1777 19.9539 13.4638 12.4802 11.9054 8.68891 6.64186 16.6134 6.47505 6.22225 5.29108 5.26141
threshold=-0.0019621318720245699 -0.0017208337492961205 -0.013477730096783474 0.0048058592444613522 0.75220111737379136 82986.500000000015 -0.012359921126963077 0.74794841105755105 322.50000000000006 0.04708368558493068 0.024192824024262771 1.3358889471093944 0.0085680594826837275
decision_type=2 2 2 2 2 2 2 2 2 2 2 2 2
left_child=2 9 3 4 -1 -4 -7 8 -3 11 -9 -2 -5
right_child=1 7 5 12 -6 6 -8 10 -10 -11 -12 -13 -14
leaf_value=-0.053481723804518967 -0.055017606109105714 0.00087318218459112181 -0.029543475667443347 0.030984793574178642 -0.011653961540909235 0.040925855609482857 0.0090976482755559095 -0.0024634134858586292 -0.019708958926304102 0.0053762198769880636 0.0030383481534102929 -0.023696557432108613 -0.0068244115276731966
leaf_weight=9.8201617449522036 9.1481896452605778 117.03433325514197 6.8499252200126639 6.0824511349201185 18.541657984256744 8.2002366036176664 131.64716304838657 277.00066645815969 50.536316860467196 3.6034900695085517 557.06429913640022 10.341512277722357 7.2735855132341385
leaf_count=42 43 406 28 17 63 21 448 1144 191 12 1818 41 24
internal_value=9.54701e-05 -0.00059785 0.00386621 -0.0144412 -0.0261366 0.00907249 0.010964 0.000116172 -0.00533402 -0.0315676 0.00121116 -0.0383982 0.0103942
internal_weight=1213.14 1024.73 188.415 41.7179 28.3618 146.697 139.847 1001.64 167.571 23.0932 834.065 19.4897 13.356
internal_count=4298 3655 643 146 105 497 469 3559 597 96 2962 84 41
is_linear=0
shrinkage=0.03


Tree=178
num_leaves=10
num_cat=0
split_feature=24 28 25 1 24 25 25 3 9
split_gain=3.53653 8.3912 10.3983 5.50621 5.1234 4.24521 5.54193 4.58339 2.92621
threshold=0.3227392987107936 0.0014890712462896992 0.00015650665048258617 0.038710630671852403 0.33279914437941033 -0.001013258929688022 -0.00058869237925120469 0.50390648843313246 2.2387634641110501
decision_type=2 2 2 2 2 2 2 2 2
left_child=1 2 8 -3 -2 7 -7 -6 -1
right_child=4 3 -4 -5 5 6 -8 -9 -10
leaf_value=0.023165577078559867 -0.035672029492171638 -0.045840028427546843 -0.013091382351020352 0.0088234168334513346 -0.0033747092699135122 -0.011047396032570257 0.00014801995056729791 0.030186301418097035 0.05065262586483172
leaf_weight=9.1107750684022957 3.643855355679988 3.3317741155624381 6.0239592865109435 3.3021360784769058 6.3988213390111914 41.25351981818676 1125.1704069562256 8.5638385117053968 5.6457356810569754
leaf_count=28 17 21 26 11 27 165 3952 34 17
internal_value=9.26308e-05 0.0107452 0.020123 -0.0186304 -0.000153805 -4.4253e-05 -0.000247934 0.0158338 0.0336819
internal_weight=1212.44 27.4144 20.7805 6.63391 1185.03 1181.39 1166.42 14.9627 14.7565
internal_count=4298 103 71 32 4195 4178 4117 61 45
is_linear=0
shrinkage=0.03


Tree=179
num_leaves=13
num_cat=0
split_feature=25 25 13 11 3 3 24 20 25 25 25 9
split_gain=3.48102 9.66495 9.87483 8.77561 7.77001 6.21023 6.04041 7.79394 5.11103 24.1014 12.1436 2.53575
threshold=-0.00034703461401847021 -0.00045651181314955007 0.012485622735836565 0.0051073006837069187 0.93395045758820439 0.2694992515145766 1.6778209948722871 -0.0060379023139694307 -0.00022115147749914168 -0.00022945147468294975 -0.00014680805425697666 1.0925095253505084
decision_type=2 2 2 2 2 2 2 2 2 2 2 2
left_child=1 2 -1 -4 5 -3 8 -8 9 -2 -10 -6
right_child=6 4 3 -5 11 -7 7 -9 10 -11 -12 -13
leaf_value=0.03406943363503339 -0.0018768002203692763 0.019139929229370686 -0.028873919848006222 -0.0013743877028961928 0.047605148861948325 0.00011548362695604415 -0.050119852722793241 -0.0011318989351205776 0.013997731377612576 -0.052481504992503765 -0.00047737323671367114 0.020831139645944723
leaf_weight=5.9892885461449614 83.740567959845066 25.412526369094849 12.531887575983999 62.688674606382847 5.8942522928118688 39.36332044750452 5.0377766788005829 6.9628049619495851 55.397472567856312 9.4235998913645727 892.80922124534845 6.9227874428033829
leaf_count=25 288 86 52 238 17 140 26 27 171 41 3165 22
internal_value=8.98612e-05 0.00423037 -0.00300397 -0.00595586 0.0118019 0.00757906 -0.000534348 -0.0216968 -0.000290476 -0.00699549 0.000368312 0.0331439
internal_weight=1212.17 158.803 81.2099 75.2206 77.5929 64.7758 1053.37 12.0006 1041.37 93.1642 948.207 12.817
internal_count=4298 580 315 290 265 226 3718 53 3665 329 3336 39
is_linear=0
shrinkage=0.03


end of trees

feature_importances:
qqq_gap=242
atr_20d_pct=206
qqq_vwap_dev=172
qqq_intra_ret=126
intra_curr_bar_ret=110
intra_curr_bar_range=97
intra_rvol=95
pm_turnover=92
intra_turnover=81
pm_final_velocity_10m=72
intra_high_from_open=71
pm_rvol=65
pm_intra_gain=64
intra_vwap_dev=63
intra_range_pct=61
intra_dist_to_pm_high=60
intra_range_retention=53
intra_volume=53
intra_vol_acceleration=53
pm_surge_retention=50
intra_return_from_open=44
pm_gap=41
pm_peak_to_open_mins=41
pm_volume=40
intra_low_from_open=33
pm_vwap_dev=28
alpha_vs_qqq=26
intra_upbar_ratio=1

parameters:
[boosting: gbdt]
[objective: binary]
[metric: binary_logloss]
[tree_learner: serial]
[device_type: cpu]
[data_sample_strategy: bagging]
[data: ]
[valid: ]
[num_iterations: 180]
[learning_rate: 0.03]
[num_leaves: 15]
[num_threads: 15]
[seed: 42]
[deterministic: 0]
[force_col_wise: 0]
[force_row_wise: 0]
[histogram_pool_size: -1]
[max_depth: 4]
[min_data_in_leaf: 15]
[min_sum_hessian_in_leaf: 0.001]
[bagging_fraction: 0.8]
[pos_bagging_fraction: 1]
[neg_bagging_fraction: 1]
[bagging_freq: 0]
[bagging_seed: 400]
[bagging_by_query: 0]
[feature_fraction: 0.8]
[feature_fraction_bynode: 1]
[feature_fraction_seed: 30056]
[extra_trees: 0]
[extra_seed: 12879]
[early_stopping_round: 0]
[early_stopping_min_delta: 0]
[first_metric_only: 0]
[max_delta_step: 0]
[lambda_l1: 0]
[lambda_l2: 0]
[linear_lambda: 0]
[min_gain_to_split: 0]
[drop_rate: 0.1]
[max_drop: 50]
[skip_drop: 0.5]
[xgboost_dart_mode: 0]
[uniform_drop: 0]
[drop_seed: 17869]
[top_rate: 0.2]
[other_rate: 0.1]
[min_data_per_group: 100]
[max_cat_threshold: 32]
[cat_l2: 10]
[cat_smooth: 10]
[max_cat_to_onehot: 4]
[top_k: 20]
[monotone_constraints: ]
[monotone_constraints_method: basic]
[monotone_penalty: 0]
[feature_contri: ]
[forcedsplits_filename: ]
[refit_decay_rate: 0.9]
[cegb_tradeoff: 1]
[cegb_penalty_split: 0]
[cegb_penalty_feature_lazy: ]
[cegb_penalty_feature_coupled: ]
[path_smooth: 0]
[interaction_constraints: ]
[verbosity: -1]
[saved_feature_importance_type: 0]
[use_quantized_grad: 0]
[num_grad_quant_bins: 4]
[quant_train_renew_leaf: 0]
[stochastic_rounding: 1]
[linear_tree: 0]
[max_bin: 255]
[max_bin_by_feature: ]
[min_data_in_bin: 3]
[bin_construct_sample_cnt: 200000]
[data_random_seed: 175]
[is_enable_sparse: 1]
[enable_bundle: 1]
[use_missing: 1]
[zero_as_missing: 0]
[feature_pre_filter: 1]
[pre_partition: 0]
[two_round: 0]
[header: 0]
[label_column: ]
[weight_column: ]
[group_column: ]
[ignore_column: ]
[categorical_feature: ]
[forcedbins_filename: ]
[precise_float_parser: 0]
[parser_config_file: ]
[objective_seed: 16083]
[num_class: 1]
[is_unbalance: 0]
[scale_pos_weight: 1.88263]
[sigmoid: 1]
[boost_from_average: 1]
[reg_sqrt: 0]
[alpha: 0.9]
[fair_c: 1]
[poisson_max_delta_step: 0.7]
[tweedie_variance_power: 1.5]
[lambdarank_truncation_level: 30]
[lambdarank_norm: 1]
[label_gain: ]
[lambdarank_position_bias_regularization: 0]
[eval_at: ]
[multi_error_top_k: 1]
[auc_mu_weights: ]
[num_machines: 1]
[local_listen_port: 12400]
[time_out: 120]
[machine_list_filename: ]
[machines: ]
[gpu_platform_id: -1]
[gpu_device_id: -1]
[gpu_device_id_list: ]
[gpu_use_dp: 0]
[num_gpu: 1]

end of parameters

pandas_categorical:[]
