tree
version=v4
num_class=1
num_tree_per_iteration=1
label_index=0
max_feature_idx=29
objective=binary sigmoid:1
feature_names=pm_gap pm_intra_gain pm_gain pm_surge_retention pm_peak_to_open_mins pm_final_velocity_10m pm_volume pm_turnover pm_vwap_dev pm_rvol intra_return_from_open intra_high_from_open intra_low_from_open intra_range_pct intra_range_retention intra_vwap_dev intra_upbar_ratio intra_curr_bar_ret intra_curr_bar_range intra_breakout_pm_high intra_dist_to_pm_high intra_volume intra_turnover intra_rvol intra_vol_acceleration qqq_gap qqq_intra_ret alpha_vs_qqq qqq_vwap_dev atr_20d_pct
feature_infos=[-0.061484272200206469:0.10594795539033457] [0:0.34499999999999997] none [0:1] [0:325] [-0.049238373759256451:0.34499999999999997] [0:31845058] [0:8569697149.3370008] [-0.092066306955677898:0.048037611719781194] [0:31845058] [-0.32773109243697479:0.10068574609681424] [0:0.10157139603734909] [-0.32773109243697479:0] [0:0.32773109243697479] [0:1] [-0.22630560928433269:0.069764841970213848] [0:1] [-0.042458226811113234:0.071316809904986483] [0:0.073811197532823891] [0:1] [-0.25650557620817843:0.067743274085344682] [1:37000722] [258.5:9238932728.0319996] [2.0000000000000002e-05:27549254] [0:3.3997139017729419] [-0.0011859246672332071:0.0012176347095871301] [-0.0068234763658226154:0.0065791670841264084] [-0.3268957943568131:0.1010004787314412] [-0.003488907578351031:0.0052383947601459483] [0.0093137254901960592:0.71615304500823007]
tree_sizes=1699 1734 1723 1716 1734 1729 1732 1741 1735 1744 1741 1753 1728 1747 1738 1743 1747 1738 1731 1739 1546 1739 1431 1528 1423 1741 1416 1754 1726 1755 1430 1739 1429 1745 1334 1737 1739 1534 1437 1742 1322 1753 1735 1430 1327 1726 1649 1638 1751 1436 1742 1542 1655 1739 1644 1755 1319 1635 1746 1654 1761 1742 1538 1422 1751 1740 1542 1322 1759 1756 1641 1756 1638 1320 1759 1234 1636 1325 1646 1348 1553 1447 1741 1753 1571 1523 1529 1781 1106 1321 1641 1576 1530 1739 1317 1738 1239 1635 1235 1528 1329 1437 1538 1536 1215 1239 1439 1418 1756 1446 1651 1434 1318 1416 1428 1218 1314 1238 1549 1726 1536 1308 1549 1664 1240 1311 1430 1112 1651 1548 1314 1228 1441 1427 1119 1363 1666 1209 1436 1754 1098 1444 1445 1440 1114 1662 1726 1761 1216 1752 1099 1748 1352 1439 1098 1112 1101 1333 1772 1227 1213 1433 1656 1214 1544 1754 1110 1664 1440 1102 1330 1655 1649 1628 1113 1327 1214 1444 1332 1648

Tree=0
num_leaves=15
num_cat=0
split_feature=29 13 22 28 28 29 28 13 29 17 4 28 3 18
split_gain=2211.47 564.508 248.966 172.276 123.865 110.229 137.584 107.053 90.3306 67.7403 49.5878 121.192 49.0484 24.1511
threshold=0.055796232233848483 0.023409904329594455 106553027.28500001 -0.0025031009171439999 -0.0024264220956916791 0.067511903309854585 0.0020151440187790846 0.05688836410104204 0.047937107699349883 -0.0013322710705943408 222.50000000000003 -0.0025031009171439999 0.52135588103138841 0.0071020312023637603
decision_type=2 2 2 2 2 2 2 2 2 2 2 2 2 2
left_child=1 8 7 -4 10 6 -6 -3 13 -10 11 -2 -7 -1
right_child=4 2 3 -5 5 12 -8 -9 9 -11 -12 -13 -14 -15
leaf_value=-2.2520977219052241 -2.2050405675331057 -2.2076291769535881 -1.9589001163742206 -2.1260070785393066 -2.0864882520362698 -2.0733770854650939 -2.2208617546202518 -1.997515268920937 -2.1240498464219861 -2.2237836249109058 -1.9471868533764873 -1.9425560284628882 -2.0343861408978205 -2.2270849588736294
leaf_weight=56.24594683945179 2.7244130373001108 48.600013226270676 5.9761316776275626 78.304903134703636 66.528407901525497 57.036904454231262 7.6459333747625342 2.2849915325641623 12.128032132983209 12.391685128211973 10.546114712953566 3.7790244370698947 59.146127194166183 90.87235763669014
leaf_count=628 27 485 20 611 449 365 79 10 94 129 32 11 317 954
internal_value=-2.1405 -2.19165 -2.14579 -2.11416 -2.06483 -2.07177 -2.10034 -2.19819 -2.22776 -2.17445 -1.98736 -2.05252 -2.05353 -2.23665
internal_weight=514.211 306.804 135.166 84.281 207.407 190.357 74.1743 50.885 171.638 24.5197 17.0496 6.50344 116.183 147.118
internal_count=4211 2931 1126 631 1280 1210 528 495 1805 223 70 38 682 1582
is_linear=0
shrinkage=1


Tree=1
num_leaves=15
num_cat=0
split_feature=29 13 22 28 26 26 11 11 29 15 26 26 14 18
split_gain=1647.03 482.334 195.049 108.422 106.86 129.245 90.2007 80.2066 97.4614 78.3115 77.799 111.394 54.9439 44.8077
threshold=0.055796232233848483 0.023409904329594455 106553027.28500001 -0.0025031009171439999 -0.00071578990935078845 -0.0018928406198037023 0.002471285721558861 0.017902212835708028 0.065756621496700932 -0.00071972283516660211 0.00013397034479202343 0.0011875875246495375 0.9408718683368883 0.01282543209808878
decision_type=2 2 2 2 2 2 2 2 2 2 2 2 2 2
left_child=1 4 6 -4 5 -1 -3 8 9 -2 12 -12 -9 -10
right_child=7 2 3 -5 -6 -7 -8 10 13 -11 11 -13 -14 -15
leaf_value=-0.0057343987479152522 0.11202790778622641 0.1216557479066117 0.21016028186924887 0.090165608373106401 -0.021122841189419699 0.076161080633670983 0.010643907198358418 0.19031690393753778 0.087262117001433673 0.023246026816115602 -0.0037286196603747461 0.14478293935935335 0.076086829350832635 0.14907108283446446
leaf_weight=43.63526351749897 27.784660205245018 7.7363505065441123 7.3652564883232108 84.851918920874596 99.132575713098049 28.784378066658974 44.35562264919281 50.851358860731125 12.389193743467329 13.184854112565516 4.9880104213953009 51.241484723985195 4.0948340147733679 71.332296222448349
leaf_count=465 175 52 20 611 1099 241 443 200 84 117 46 272 29 357
internal_value=0.0779071 0.0331157 0.0735359 0.0997494 -0.000885645 0.0268163 0.0271306 0.13789 0.121371 0.083456 0.156417 0.131609 0.181804 0.139925
internal_weight=551.728 315.861 144.309 92.2172 171.552 72.4196 52.092 235.867 124.691 40.9695 111.176 56.2295 54.9462 83.7215
internal_count=4211 2931 1126 631 1805 706 495 1280 733 292 547 318 229 441
is_linear=0
shrinkage=0.03


Tree=2
num_leaves=15
num_cat=0
split_feature=29 13 23 29 28 28 6 12 6 28 28 29 20 28
split_gain=1286.49 362.507 150.805 118.976 116.507 98.7333 74.4188 63.2793 57.1625 46.3542 45.9535 77.4877 38.3944 33.845
threshold=0.05048000497443051 0.023409904329594455 16.699700000000004 0.065756621496700932 -0.0025031009171439999 0.0010954218286130118 527963.00000000012 -0.0040847744159847417 48889.500000000007 -0.0010179383676517395 -0.0025031009171439999 0.041346194108791839 -0.013886808344079725 -0.0024264220956916791
decision_type=2 2 2 2 2 2 2 2 2 2 2 2 2 2
left_child=1 10 4 5 -3 7 -7 -2 9 -5 11 -1 -4 -10
right_child=3 2 12 8 -6 6 -8 -9 13 -11 -12 -13 -14 -15
leaf_value=-0.0093963657987689627 0.089806207916272487 0.1605121552522816 0.099909421226904924 0.13175560513190665 0.044647047729815668 -0.0037404927337032971 0.091827080949570858 0.14126723746519745 0.17405463897815712 -0.034355048013015213 -0.010559585543733221 0.16157379824067042 0.22757313709030236 0.12796526160627017
leaf_weight=6.2832749187946302 71.463317558169365 8.4492390751838666 3.3627982288599014 2.7071366533637047 103.34797702729702 15.036391600966455 14.314852826297281 30.762837275862694 15.790216125547884 3.4246023520827285 145.69257766753435 3.8462543338537216 5.7377564758062345 156.08411828428507
leaf_count=67 454 29 21 12 840 144 93 141 43 31 1583 22 17 714
internal_value=0.0709849 0.0239812 0.0629633 0.112999 0.0534037 0.0913673 0.0428686 0.105292 0.128988 0.0389821 -0.0062638 0.0555222 0.180399 0.1322
internal_weight=586.303 276.72 120.898 309.583 111.797 131.577 29.3512 102.226 178.006 6.13174 155.822 10.1295 9.10055 171.874
internal_count=4211 2579 907 1632 869 832 237 595 800 43 1672 89 38 757
is_linear=0
shrinkage=0.03


Tree=3
num_leaves=15
num_cat=0
split_feature=29 13 22 29 5 28 11 23 1 4 28 18 3 4
split_gain=1044.94 277.968 148.643 119.224 109.219 104.77 95.1432 77.48 44.8866 51.3124 36.0552 28.3748 36.8482 23.488
threshold=0.048462085248197902 0.023409904329594455 106553027.28500001 0.060376356237092997 0.0059562900066295194 -0.0023512763093058182 0.034302527704588914 9.7354692933328426 0.039852848558479335 322.50000000000006 -0.00098924068290357956 0.0071020312023637603 0.45288568257491563 322.50000000000006
decision_type=2 2 2 2 2 2 2 2 2 2 2 2 2 2
left_child=1 11 4 5 -3 13 -7 -4 9 -5 -10 -1 -13 -2
right_child=3 2 7 8 -6 6 -8 -9 10 -11 -12 12 -14 -15
leaf_value=-0.02487249088394439 0.10754743580969679 -0.027855087579457226 0.064884189742111548 0.10653329346426012 0.077188939351631361 0.052764777433684143 0.13399164547893472 0.14250212055902389 0.14259890013806842 0.054080478167538547 0.10937387648337207 0.021049611543767992 -0.016794293280711491 0.19065556790229776
leaf_weight=54.58789536356926 5.2664056569337827 26.094770051538944 59.013083882629871 98.575073555111885 13.525899440050123 91.517686434090137 15.123036123812197 14.398790493607519 51.442039854824543 20.229939520359039 68.589093677699566 46.974067606031895 45.669047296047211 7.3070424720644951
leaf_count=629 25 270 392 439 99 663 64 58 163 121 301 468 503 16
internal_value=0.0651933 0.01945 0.0548342 0.0984437 0.00800536 0.0739408 0.0642838 0.0801079 0.110674 0.0976017 0.123613 -0.00771529 0.0023942 0.155846
internal_weight=618.314 260.264 113.033 358.05 39.6207 119.214 106.641 73.4119 238.836 118.805 120.031 147.231 92.6431 12.5734
internal_count=4211 2419 819 1792 369 768 727 450 1024 560 464 1600 971 41
is_linear=0
shrinkage=0.03


Tree=4
num_leaves=15
num_cat=0
split_feature=29 13 22 29 9 11 13 28 8 6 25 28 18 3
split_gain=861.245 248.314 125.656 93.6385 104.527 91.231 83.8597 65.0617 44.8767 40.3281 54.7062 38.3126 27.3685 34.4871
threshold=0.048462085248197902 0.023409904329594455 106553027.28500001 0.056804537989756702 0.82365129773834111 0.00054524454858260573 0.023508435826024028 0.0018371682049028064 0.0085011505939205402 62234.000000000007 0.00041867637370380899 -0.0024264220956916791 0.0071020312023637603 0.45288568257491563
decision_type=2 2 2 2 2 2 2 2 2 2 2 2 2 2
left_child=1 12 5 4 8 -3 -6 -4 -2 10 -5 -11 -1 -14
right_child=3 2 7 9 6 -7 -8 -9 -10 11 -12 -13 13 -15
leaf_value=-0.024627368691701478 -0.02411406074023956 0.13695849883581324 0.081856878786189427 0.039346446235364964 0.024242412101766395 -0.0082405586317188702 0.099692123305276006 -0.013304198290000921 0.0765936026160179 0.13606986979711011 0.12605478250292351 0.097180675582350912 0.02007040501408059 -0.016516425071867066
leaf_weight=53.493899762630463 15.074171587824823 4.3742899969220153 70.76998607814312 22.166210874915127 18.01658895611763 35.510576084256172 50.197475090622902 7.1164263263344756 5.4121330454945555 25.208976052701473 9.2947605401277524 238.54380584508181 47.775310151278973 45.053653575479984
leaf_count=629 141 19 390 137 147 350 254 60 34 58 33 988 468 503
internal_value=0.0602617 0.0185621 0.050987 0.0889468 0.0619174 0.00768385 0.0797645 0.0731621 0.00249119 0.0970681 0.0649634 0.100898 -0.00753587 0.00231334
internal_weight=648.008 264.094 117.771 383.914 88.7004 39.8849 68.2141 77.8864 20.4863 295.214 31.461 263.753 146.323 92.829
internal_count=4211 2419 819 1792 576 369 401 450 175 1216 170 1046 1600 971
is_linear=0
shrinkage=0.03


Tree=5
num_leaves=15
num_cat=0
split_feature=18 28 18 7 28 6 25 1 14 13 26 1 26 21
split_gain=614.579 185.16 112.236 77.4769 97.4406 75.649 70.9038 58.4975 56.644 46.4974 40.3739 84.6698 45.089 40.3555
threshold=0.014274814690013753 -0.0025031009171439999 0.0082362558840006501 19372770.020500001 0.0012166340360096658 42985.000000000007 -0.0011302574365555185 0.031152166431873029 0.90452667870094861 0.017277393971230199 0.0052269899254361214 0.072059796721939115 -0.0034707841110313991 1310395.0000000002
decision_type=2 2 2 2 2 2 2 2 2 2 2 2 2 2
left_child=1 7 6 4 8 -4 -3 9 -2 -1 12 -12 -5 -6
right_child=3 2 5 10 13 -7 -8 -9 -10 -11 11 -13 -14 -15
leaf_value=-0.033329661296499155 0.084988920229002674 0.15038274472957708 0.0033126006805422772 0.057668742909965674 -0.024329196516191257 0.043701541704099317 -0.013370343120801691 0.13411074698322262 -0.034565705559939854 0.089152529602727085 -0.0071823568391360063 0.1320310577758419 0.096364180941310218 0.12212455416921651
leaf_weight=4.177234053611758 43.756903402507305 2.4443792626261702 60.650483444333076 30.438626945018768 15.275812797248365 133.83906906843185 90.01816999912262 16.720865190029144 3.8831992521882048 8.3966474235057813 10.628099434077741 6.2407970130443564 247.19946908205748 1.9044524058699597
leaf_count=47 232 14 567 148 144 908 973 48 35 38 76 16 958 7
internal_value=0.0560049 0.0255045 0.0181699 0.0828485 0.0531555 0.0311065 -0.0090413 0.0973487 0.0752439 0.0484621 0.0893839 0.0443209 0.0921218 -0.00809463
internal_weight=675.574 316.247 286.952 359.327 64.8204 194.49 92.4625 29.2947 47.6401 12.5739 294.507 16.8689 277.638 17.1803
internal_count=4211 2595 2462 1616 418 1475 987 133 267 85 1198 92 1106 151
is_linear=0
shrinkage=0.03


Tree=6
num_leaves=15
num_cat=0
split_feature=29 13 22 11 29 11 14 15 3 8 7 6 0 29
split_gain=642.197 203.515 95.9974 73.5274 67.2634 66.7046 83.9338 68.5025 50.2059 24.9508 35.9138 25.0046 24.9278 38.7477
threshold=0.048462085248197902 0.023409904329594455 106553027.28500001 0.00054524454858260573 0.067511903309854585 0.01763794311598529 0.92674780706317084 -0.00071972283516660211 0.95575574600701085 -0.015039897823304619 251087039.58450004 62234.000000000007 -0.00045006896354319708 0.028047799383313053
decision_type=2 2 2 2 2 2 2 2 2 2 2 2 2 2
left_child=1 12 3 -3 5 7 -7 -2 -4 10 -6 -11 -1 -14
right_child=4 2 8 -5 9 6 -8 -9 -10 11 -12 -13 13 -15
leaf_value=-0.026398919055384502 0.064137754545983014 0.11395137588411208 0.067578494642117334 -0.0086204266262545591 0.027336127115443854 0.092821563497984136 0.0049930089980890135 0.0154816982062124 -0.035239386845511901 0.046411358411680682 0.10246344462041995 0.093168823788194452 -0.028084037562724921 0.012416466847447955
leaf_weight=44.527711912989616 79.771636143326759 5.0196558237075797 81.546607673168182 35.950222194194794 14.064827710390093 81.37237673252821 11.132577538490294 38.664318479597569 4.5106771588325492 10.909955076873301 9.6599967926740629 182.14991855621338 30.132819399237633 72.203214317560196
leaf_count=514 411 19 414 350 71 308 76 277 36 55 26 568 356 730
internal_value=0.052256 0.0163887 0.0441948 0.00639715 0.0752234 0.063163 0.0822518 0.0482536 0.0621893 0.0869587 0.0579256 0.0905265 -0.0076617 0.000491104
internal_weight=701.617 273.891 127.027 40.9699 427.726 210.941 92.505 118.436 86.0573 216.785 23.7248 193.06 146.864 102.336
internal_count=4211 2419 819 369 1792 1072 384 688 450 720 97 623 1600 1086
is_linear=0
shrinkage=0.03


Tree=7
num_leaves=15
num_cat=0
split_feature=29 13 23 5 28 29 26 9 26 28 23 28 8 24
split_gain=550.712 184.392 81.7945 68.3928 62.5797 81.9866 63.0565 55.2663 48.7387 59.7661 47.2849 40.8635 25.2787 16.1666
threshold=0.048462085248197902 0.023409904329594455 2.4302474547990389 0.0035166895071290132 -0.0024264220956916791 0.055796232233848483 -0.0032537090443233228 1.6403978227405225 -0.0012492456805929017 0.00079436090949694881 0.90388789137727199 -0.0020172834128160733 0.0021454127303726337 0.50630007041966107
decision_type=2 2 2 2 2 2 2 2 2 2 2 2 2 2
left_child=1 8 7 -4 6 10 12 -3 9 -1 -6 -7 -2 -10
right_child=4 2 3 -5 5 11 -8 -9 13 -11 -12 -13 -14 -15
leaf_value=0.0044931700321132109 0.074320886631935604 0.039388233250793422 0.038981621905695651 0.10187840100238243 0.0029484112762469101 0.028649413802421277 0.11933789139359263 -0.01683925684131778 -0.033050425769385328 0.1114203844765666 0.053800458558369617 0.074876152288618561 -0.036824470561309504 -0.0074105570986011393
leaf_weight=51.609334498643875 4.0289412960410109 42.433966174721718 36.243370093405247 27.264250740408897 24.032277449965477 18.222855143249035 36.970454908907413 25.002811700105667 48.366619624197483 5.1764580160379401 52.208198919892311 309.77617667615414 3.3923761993646622 40.804321274161339
leaf_count=534 14 286 216 111 192 86 57 206 580 36 296 1124 23 450
internal_value=0.0489732 0.0157044 0.0415507 0.0659836 0.0695072 0.0657942 0.103318 0.0185414 -0.0074835 0.0142404 0.037771 0.0723079 0.023515 -0.0213177
internal_weight=725.532 276.901 130.944 63.5076 448.631 404.24 44.3918 67.4368 145.957 56.7858 76.2405 327.999 7.42132 89.1709
internal_count=4211 2419 819 327 1792 1698 94 492 1600 570 488 1210 37 1030
is_linear=0
shrinkage=0.03


Tree=8
num_leaves=15
num_cat=0
split_feature=29 13 22 5 28 29 26 9 26 26 1 28 7 24
split_gain=477.38 167.431 80.4338 85.03 52.8833 69.7859 52.1305 49.5184 46.3942 51.7038 44.6781 34.4212 23.1952 16.0134
threshold=0.048462085248197902 0.023409904329594455 106553027.28500001 0.0059562900066295194 -0.0024264220956916791 0.055796232233848483 -0.0032537090443233228 0.84658836127225623 -0.0012492456805929017 -0.0018928406198037023 0.022565431778092022 -0.0020172834128160733 68597477.607500017 0.50630007041966107
decision_type=2 2 2 2 2 2 2 2 2 2 2 2 2 2
left_child=1 8 3 -3 6 10 12 -4 9 -1 -6 -7 -2 -10
right_child=4 2 7 -5 5 11 -8 -9 13 -11 -12 -13 -14 -15
leaf_value=-0.0061249245911102921 0.069080690536700989 -0.028072492890823114 -0.035453914895535052 0.059770962056776664 -0.020896636336004061 0.027301633080136556 0.10864314489851526 0.060147156621840323 -0.032951349655208274 0.054624033002092842 0.044743007222538433 0.069326902892779735 -0.037045874364666741 -0.007232246439733081
leaf_weight=38.752951070666313 4.2194971293210974 26.445934496819973 5.1647332683205596 15.867883473634718 10.831231407821177 18.543727912008762 39.352135024964809 87.292267449200153 47.076165683567524 18.6906578540802 67.45241329818964 324.2999610081315 3.3055134415626526 40.559801191091537
leaf_count=419 15 270 40 99 90 86 57 410 580 151 398 1124 22 450
internal_value=0.0460482 0.0150521 0.039128 0.00486922 0.0645828 0.0612182 0.0948089 0.0548068 -0.00731296 0.0136412 0.0356612 0.0670538 0.0224624 -0.021048
internal_weight=747.855 279.85 134.771 42.3138 468.004 421.127 46.8771 92.457 145.08 57.4436 78.2836 342.844 7.52501 87.636
internal_count=4211 2419 819 369 1792 1698 94 450 1600 570 488 1210 37 1030
is_linear=0
shrinkage=0.03


Tree=9
num_leaves=15
num_cat=0
split_feature=29 13 28 9 29 26 25 26 18 8 28 18 17 8
split_gain=417.574 167.379 71.0422 58.9466 48.5564 62.8172 59.3873 34.5605 35.3954 19.0922 31.4557 19.8049 12.0674 11.2804
threshold=0.047937107699349883 0.023409904329594455 0.0018371682049028064 13.179700000000002 0.067511903309854585 0.0050732807347314999 0.00060394083698791785 -0.00071578990935078845 0.0079409739090559959 -0.015039897823304619 -0.00063579437725076206 0.0082362558840006501 0.019188203892645195 0.010590708739662471
decision_type=2 2 2 2 2 2 2 2 2 2 2 2 2 2
left_child=1 7 3 -3 5 6 -2 8 -1 10 -6 -11 -4 -7
right_child=4 2 12 -5 9 13 -8 -9 -10 11 -12 -13 -14 -15
leaf_value=-0.01692591213345623 0.056914311420687709 0.033258416401114016 -0.034496399488288761 0.081452021627606064 0.084816071378159025 -0.035429782875279467 -0.020174999805899638 -0.021731574710040419 0.028861502807307086 -0.036759647672405762 0.018600121198649889 0.073049683679003011 0.048760157973775121 0.046786834026743891
leaf_weight=27.713785849511623 221.98847000300884 91.570270299911499 12.963812872767447 30.432477615773678 10.871736720204355 8.6887686401605588 9.3736650347709638 80.245054639875889 33.63779754191637 1.4882078617811192 15.899716109037398 220.01714208722115 1.7822275981307019 1.8158051371574391
leaf_count=313 960 565 118 112 25 69 65 967 302 10 72 613 10 10
internal_value=0.0434352 0.0140899 0.0377624 0.0452799 0.0601 0.0505333 0.053791 -0.00877207 0.00817838 0.0694197 0.04549 0.0723119 -0.0244339 -0.0212179
internal_weight=768.489 278.345 136.749 122.003 490.144 241.867 231.362 141.597 61.3516 248.277 26.7715 221.505 14.746 10.5046
internal_count=4211 2387 805 677 1824 1104 1025 1582 615 720 97 623 128 79
is_linear=0
shrinkage=0.03


Tree=10
num_leaves=15
num_cat=0
split_feature=29 13 22 5 28 29 1 14 26 18 28 3 3 24
split_gain=367.226 152.974 65.9676 77.6638 44.691 57.6557 44.6937 42.4778 33.1198 32.7802 29.689 24.6851 29.185 12.8448
threshold=0.047937107699349883 0.023409904329594455 106553027.28500001 0.0059562900066295194 -0.0024264220956916791 0.056804537989756702 0.021310486499541609 0.081989942528735843 -0.00071578990935078845 0.0079409739090559959 -0.0020172834128160733 0.52135588103138841 0.70949640040393713 0.50630007041966107
decision_type=2 2 2 2 2 2 2 2 2 2 2 2 2 2
left_child=1 8 3 -3 11 6 -6 -4 9 -1 -7 -2 -13 -10
right_child=4 2 7 -5 5 10 -8 -9 13 -11 -12 12 -14 -15
leaf_value=-0.016648560231077643 0.093939009025991477 -0.02797436433588971 -0.017684408245818718 0.055174411340395101 -0.034996377753034567 0.021132933806618563 0.039202627558696163 0.055126755728898053 -0.032778270027740891 0.027358870564851347 0.061029436571011793 0.089645282137548632 -0.0090239274646534574 -0.0085010843757086126
leaf_weight=27.335983172059059 39.857309013605118 25.885691724717617 7.8404434472322455 16.588986210525036 7.9234566465020171 17.666433557868004 93.789642587304115 89.854050755500793 42.093929395079613 34.408564448356628 337.14891643822193 5.688163146376608 5.1323187351226807 36.728770360350609
leaf_count=313 59 264 49 96 67 77 514 396 545 302 1071 8 28 422
internal_value=0.0410649 0.0135363 0.035713 0.00450037 0.0563018 0.0533348 0.0334225 0.0492833 -0.00857757 0.00787559 0.059043 0.0830297 0.042845 -0.0214659
internal_weight=787.943 280.736 140.169 42.4747 507.206 456.528 101.713 97.6945 140.567 61.7445 354.815 50.6778 10.8205 78.8227
internal_count=4211 2387 805 360 1824 1729 581 445 1582 615 1148 95 36 967
is_linear=0
shrinkage=0.03


Tree=11
num_leaves=15
num_cat=0
split_feature=29 13 28 9 1 13 21 26 28 25 28 11 26 24
split_gain=325.237 140.171 62.7353 47.897 41.8958 49.0686 42.6725 31.7434 31.6397 27.8922 22.0085 37.5674 27.3571 12.7464
threshold=0.047937107699349883 0.023409904329594455 0.0018371682049028064 13.179700000000002 0.039567373288310122 0.027353841529609253 119753.50000000001 -0.00071578990935078845 0.00079436090949694881 -0.00044161127236986788 -0.00098924068290357956 0.0071377907606334544 -0.0041229775521886393 0.50630007041966107
decision_type=2 2 2 2 2 2 2 2 2 2 2 2 2 2
left_child=1 7 3 -3 5 6 -2 8 -1 -7 12 -12 -6 -9
right_child=4 2 -4 -5 10 9 -8 13 -10 -11 11 -13 -14 -15
leaf_value=0.00098142681945531727 -0.03554583607501232 0.02986140571765291 -0.024595787404797335 0.071852914197844814 0.024331323315359744 0.0064472948709109164 0.034506394920455874 -0.032688752547889957 0.076984837459043276 0.057555655232860749 0.017766624210125762 0.061086134012630536 0.077700856013279876 -0.0083045342200191302
leaf_weight=56.719613552093506 8.5229956060647947 95.68839643150568 14.819996349513529 32.836387380957603 9.5329153314232808 10.188554033637045 95.716154798865318 40.960041806101799 5.3987859413027754 169.36292293667793 21.346979841589928 115.50536231696606 92.726339429616928 36.474033363163471
leaf_count=580 67 565 128 112 41 53 448 545 35 548 97 360 210 422
internal_value=0.0389265 0.0130144 0.0338503 0.0405897 0.0529454 0.0451507 0.0287787 -0.00838782 0.00758698 0.0546555 0.0621965 0.0543289 0.0727256 -0.021203
internal_weight=805.799 282.897 143.345 128.525 522.902 283.791 104.239 139.552 62.1184 179.551 239.112 136.852 102.259 77.4341
internal_count=4211 2387 805 677 1824 1116 515 1582 615 601 708 457 251 967
is_linear=0
shrinkage=0.03


Tree=12
num_leaves=15
num_cat=0
split_feature=29 18 23 20 28 28 29 24 24 5 5 4 29 15
split_gain=289.488 132.264 67.6502 40.8169 45.767 38.6724 48.7507 40.7621 37.9646 27.5971 23.9193 20.436 22.3052 20.3693
threshold=0.047937107699349883 0.014078999654436325 2.4956304928611797 0.021919459668335462 -0.0025031009171439999 -0.0024264220956916791 0.055796232233848483 0.41110434911375565 1.1888737914015974 -0.0053772768799186009 0.0035166895071290132 222.50000000000003 0.066909370595782836 0.010411730283305115
decision_type=2 2 2 2 2 2 2 2 2 2 2 2 2 2
left_child=1 3 8 4 -1 11 7 -7 -3 -8 -4 12 -2 -5
right_child=5 2 10 13 -6 6 9 -9 -10 -11 -12 -13 -14 -15
leaf_value=0.045826019203246804 -0.0075398980143509941 0.0039290488900545111 0.044263369657074454 0.11280864635759065 -0.0093843231029306848 0.060328275904073414 0.038435570455556053 0.015370628994738596 0.11561415648674056 0.056571222860918924 0.083777111419312253 0.08660310190209107 0.06860145749355484 0.011641591337455655
leaf_weight=14.706928834319113 4.8528704717755344 38.200357995927334 29.52005723118782 4.0165230557322493 166.46534990519285 24.90554566681385 102.10835348814726 66.921685717999935 2.9508404582738867 289.9648141041398 25.871415667235851 36.826463505625725 12.087053418159483 3.2329063564538956
leaf_count=97 26 282 141 13 1741 122 358 397 9 852 79 46 23 25
internal_value=0.0369657 0.0125204 0.0410734 -0.00210947 -0.00490254 0.0499218 0.0472399 0.0275641 0.0119377 0.0518481 0.0627189 0.074059 0.0467888 0.0676929
internal_weight=822.631 284.964 96.5427 188.422 181.172 537.667 483.9 91.8272 41.1512 392.073 55.3915 53.7664 16.9399 7.24943
internal_count=4211 2387 511 1876 1838 1824 1729 519 291 1210 220 95 49 38
is_linear=0
shrinkage=0.03


Tree=13
num_leaves=15
num_cat=0
split_feature=29 18 28 26 28 27 1 13 5 3 24 10 28 20
split_gain=259.218 120.511 49.2574 37.7072 53.9974 42.6098 35.8392 41.988 39.8724 32.9198 24.2138 20.0094 25.6474 15.3432
threshold=0.047937107699349883 0.014078999654436325 0.0018371682049028064 -0.00071578990935078845 0.00052346696200022069 0.025036068715058063 0.039567373288310122 0.027353841529609253 -0.0065781565025940427 0.0022173058013745793 0.32473913242689206 -0.036236611071384407 -0.0010465884165619887 -0.078606234148896406
decision_type=2 2 2 2 2 2 2 2 2 2 2 2 2 2
left_child=1 3 9 4 -1 -5 7 8 -2 -3 -9 13 -13 -8
right_child=6 2 -4 5 -6 -7 11 10 -10 -11 -12 12 -14 -15
leaf_value=0.0044569503881402356 -0.010691662290745982 -0.035274104161961091 -0.020989620419460429 -0.01929463652889709 0.082191885773626558 0.062417021341491991 0.042076172227385758 0.09385868709716115 0.034473111530168452 0.050462341995795287 0.046151248018393452 0.069196483492794447 0.049287611688106782 -0.039907196005205342
leaf_weight=77.05516441911459 22.062529295682907 4.2344809323549262 11.004756294190882 95.84890466183424 8.9795570597052556 6.1097171753644934 5.3932632952928543 10.114489331841467 86.818291299045086 83.710280157625675 179.47054979205132 95.966414652764797 148.12296567112207 3.3187423497438413
leaf_count=688 128 36 98 1106 51 31 16 22 387 377 579 209 465 18
internal_value=0.0351727 0.0120488 0.0388467 -0.00205615 0.0125702 -0.0143982 0.047209 0.0401692 0.0253214 0.0463342 0.0486965 0.0555205 0.057115 0.0108455
internal_weight=838.21 286.943 98.9495 187.993 86.0347 101.959 551.267 298.466 108.881 87.9448 189.585 252.801 244.089 8.71201
internal_count=4211 2387 511 1876 739 1137 1824 1116 515 413 601 708 674 34
is_linear=0
shrinkage=0.03


Tree=14
num_leaves=15
num_cat=0
split_feature=29 22 20 28 3 25 29 26 25 6 28 8 17 3
split_gain=232.966 95.7092 61.9812 44.3523 40.7678 39.1748 35.1904 49.5362 47.3854 15.2106 24.506 16.1257 13.5203 9.85319
threshold=0.047937107699349883 106553027.28500001 -0.085318031346515652 0.0018371682049028064 0.95575574600701085 -0.0011302574365555185 0.067511903309854585 0.0050732807347314999 0.00060394083698791785 48889.500000000007 -0.0010465884165619887 -0.015039897823304619 0.020212271390853024 0.88060953321258373
decision_type=2 2 2 2 2 2 2 2 2 2 2 2 2 2
left_child=1 2 -1 4 -3 -4 7 8 -2 10 -8 -11 -5 -9
right_child=6 3 5 12 -6 -7 9 13 -10 11 -12 -13 -14 -15
leaf_value=0.1400169913806889 0.042319872250098589 0.036610059584060731 0.12683247056244881 -0.034022365248842203 -0.035517284530839049 -0.011665132851612553 0.063053134066913291 -0.036322325004686372 -0.022970680156057178 0.032708255462036012 -0.038015343868483785 0.055865585023984816 0.059641579038716669 0.036194026972071421
leaf_weight=2.5360873118042937 255.94192164391279 132.94665593653917 1.8644034713506688 12.300875306129454 7.4478755816817275 130.19810380786657 4.3514555394649506 9.5631275922059995 10.411258891224859 30.390884280204773 4.2856608033180219 247.18517516553402 1.5632931664586056 2.0473805367946616
leaf_count=5 960 772 11 129 64 1399 11 69 65 96 26 587 7 10
internal_value=0.0335084 0.011598 -0.00688875 0.0277287 0.0327837 -0.00970988 0.0447265 0.0371236 0.0397678 0.0521102 0.0129038 0.0533302 -0.023461 -0.0235349
internal_weight=853.034 288.857 134.599 154.259 140.395 132.063 564.177 277.964 266.353 286.213 8.63712 277.576 13.8642 11.6105
internal_count=4211 2387 1415 972 836 1410 1824 1104 1025 720 37 683 136 79
is_linear=0
shrinkage=0.03


Tree=15
num_leaves=15
num_cat=0
split_feature=29 18 23 26 26 27 14 1 24 26 26 28 3 24
split_gain=210.543 105.6 50.9984 50.8728 61.8509 51.3478 40.2657 34.2392 31.5004 31.3786 31.2866 17.3939 23.1244 22.2794
threshold=0.05048000497443051 0.014078999654436325 2.4956304928611797 -0.00071578990935078845 -0.0018928406198037023 0.025036068715058063 0.12627594334911468 0.039567373288310122 0.93412381326838767 0.0052269899254361214 -0.0032537090443233228 -0.00098924068290357956 0.69071974645487877 0.53315573227398405
decision_type=2 2 2 2 2 2 2 2 2 2 2 2 2 2
left_child=1 3 8 4 -1 -5 -4 9 -3 10 -2 12 -9 -13
right_child=7 2 6 5 -6 -7 -8 11 -10 -11 -12 13 -14 -15
leaf_value=-0.0035686438208489641 0.0051522376345034598 0.0064261541475732114 -0.015135767333949472 -0.019130967962860627 0.045246276940548967 0.06140563655634293 0.062348908748437133 0.070440545815254121 0.076507885071458143 -0.012238296862522698 0.04148764890212582 0.055887846413263137 0.041494514832318967 0.032385284649449564
leaf_weight=58.125008314847946 23.327277287840843 49.12062756717205 6.7597533389925948 104.18775207549334 39.058145523071289 7.6478796973824492 56.372134171426296 72.090429902076721 6.5409490540623656 11.490690059959887 248.79242871701717 75.971796616911888 37.896433621644974 69.517462462186813
leaf_count=532 102 326 42 1180 253 34 190 124 22 64 806 202 108 226
internal_value=0.0319691 0.0130097 0.0355955 0.000173279 0.0160502 -0.0136235 0.0540524 0.043498 0.0146617 0.0363223 0.0383728 0.051464 0.0604671 0.0446579
internal_weight=866.899 327.812 118.793 209.019 97.1832 111.836 63.1319 539.087 55.6616 283.61 272.12 255.476 109.987 145.489
internal_count=4211 2579 580 1999 785 1214 232 1632 348 972 908 660 232 428
is_linear=0
shrinkage=0.03


Tree=16
num_leaves=15
num_cat=0
split_feature=29 22 28 11 28 12 11 5 19 23 28 26 29 26
split_gain=192.605 83.121 49.5019 62.7072 41.5507 36.3952 21.7697 49.1357 39.3223 26.8464 55.5248 37.7347 24.8813 10.3458
threshold=0.055796232233848483 106553027.28500001 -0.0025031009171439999 0.017262504658877308 0.0016973771370070196 -0.054793986786171534 0.017902212835708028 -0.0053772768799186009 1.0000000180025095e-35 1.3624593659539959 -0.00082197595734019905 -0.0029684523683998752 0.074632139272357553 -0.0032537090443233228
decision_type=2 2 2 2 2 2 2 2 2 2 2 2 2 2
left_child=1 4 13 -4 5 -1 7 12 -9 10 -8 -11 -2 -3
right_child=6 2 3 -5 -6 -7 9 8 -10 11 -12 -13 -14 -15
leaf_value=0.10987939456480725 0.027636703406506594 0.044411250318276148 0.0081063551900957664 0.041289374323686213 -0.033407770118537072 0.0043491305654334437 0.065848435772339689 0.048637273445958112 -0.011367902959706478 -0.013341978821297626 0.027000555928223785 0.068272956938897289 -0.012735935735734368 0.08987812499753714
leaf_weight=2.9999516606330863 41.739237457513809 7.0849019587039974 112.2745788320899 94.304858051240444 27.868319682776928 150.32480184733868 54.10829746723175 172.31691316515207 10.423416718840597 5.4339660704135886 85.335735335946083 82.593099758028984 20.479360461235046 12.365454643964766
leaf_count=4 147 26 811 393 327 1347 89 451 49 24 276 158 86 23
internal_value=0.0305473 0.0154273 0.0275626 0.0232546 0.000289176 0.00641394 0.0435804 0.0373746 0.0452146 0.0502632 0.0420747 0.0632348 0.014348 0.0733166
internal_weight=879.653 407.223 226.03 206.579 181.193 153.325 472.43 244.959 182.74 227.471 139.444 88.0271 62.2186 19.4504
internal_count=4211 2931 1253 1204 1678 1351 1280 733 500 547 365 182 233 49
is_linear=0
shrinkage=0.03


Tree=17
num_leaves=15
num_cat=0
split_feature=18 29 28 28 26 1 28 20 22 20 9 21 15 8
split_gain=180.114 99.9729 42.7412 39.6948 34.6706 47.5681 31.9855 35.7647 27.8421 27.3826 25.2968 33.5246 25.9137 5.73552
threshold=0.014274814690013753 0.047937107699349883 -0.0023512763093058182 -0.0019400998807267025 0.0052269899254361214 0.072059796721939115 -0.0025031009171439999 0.021919459668335462 26526722.466500003 0.0351122193770829 13.179700000000002 8731770.0000000019 -0.016930749343011028 -0.002300813483507714
decision_type=2 2 2 2 2 2 2 2 2 2 2 2 2 2
left_child=1 6 13 -4 10 9 8 -8 -1 -6 11 -2 -12 -3
right_child=4 2 3 -5 5 -7 7 -9 -10 -11 12 -13 -14 -15
leaf_value=-0.033947957580253894 0.041795427403136465 0.075783729819014892 -0.038338118178386199 0.027058075815776 -0.02966057941026148 0.063971675028452149 -0.0082084215474608063 0.056756029244684855 0.060784731826740893 0.074288091958891689 -0.038886465819607231 -0.012230506321699156 0.070020326299930616 0.047761641082519242
leaf_weight=3.6170245558023444 434.23165259510279 15.846842579543592 8.8657876998186094 144.5863282084465 17.898627609014518 9.7856720909476262 169.43048486858606 7.9863584339618674 12.244092896580694 2.6138273999094954 2.0667996779084197 10.589253850281237 40.461172692477703 11.233964800834654
leaf_count=37 1319 21 55 595 119 19 1765 37 61 6 12 49 92 24
internal_value=0.0292276 0.0133592 0.0294119 0.0232798 0.0406868 0.00954839 -0.00163505 -0.00528407 0.0391816 -0.0164148 0.0426227 0.0405093 0.0647276 0.0641593
internal_weight=891.458 373.811 180.533 153.452 517.647 30.2981 193.278 177.417 15.8611 20.5125 487.349 444.821 42.528 27.0808
internal_count=4211 2595 695 650 1616 144 1900 1802 98 125 1472 1368 104 45
is_linear=0
shrinkage=0.03


Tree=18
num_leaves=15
num_cat=0
split_feature=29 23 1 22 14 24 28 29 11 26 5 25 9 22
split_gain=165.076 77.9334 57.7152 49.0889 39.5864 34.3957 31.3348 36.1614 41.8678 31.2552 17.9276 13.7688 5.11478 0.0166322
threshold=0.047937107699349883 3.3122308322374336 0.088206360688439914 106553027.28500001 0.099519993512766011 0.33475806370701217 -0.0024264220956916791 0.067511903309854585 0.01763794311598529 -0.0032537090443233228 -0.0026039392864320768 -0.0011302574365555185 0.76384866956784669 107608693.487
decision_type=2 2 2 2 2 2 2 2 2 2 2 2 2 2
left_child=1 2 3 -1 13 -6 9 8 -8 10 -2 -9 -11 -3
right_child=6 4 -4 -5 5 -7 7 11 -10 12 -12 -13 -14 -15
leaf_value=-0.015084152449579297 0.044620726219682667 -0.033912982040567308 0.096488835862602665 0.01341523985834136 -0.03558873915555337 0.048961003563481313 0.016139717139637674 0.083438038505619261 0.040091017937814603 0.039047695353398255 -0.039161462254399607 0.041172908413478523 0.070314980338901947 -0.037504873585219485
leaf_weight=114.60950818657875 5.1388780623674393 1.5561643093824375 5.5406027212738982 103.53112228959799 4.6516264006495467 62.694245338439941 147.55682020634413 7.117902234196662 118.38250971585512 5.260623760521411 4.1587762832641584 273.02143268287182 44.868854373693466 4.5601961389183998
leaf_count=1288 13 16 14 755 43 240 673 10 374 12 24 672 46 31
internal_value=0.0279891 0.00967525 0.000870497 -0.00155813 0.0364844 0.0431211 0.0369764 0.034725 0.0268016 0.057664 0.00714553 0.0422468 0.0670338 -0.036591
internal_weight=902.649 297.143 223.681 218.141 73.4622 67.3459 605.506 546.079 265.939 59.4271 9.29765 280.139 50.1295 6.11636
internal_count=4211 2387 2057 2043 330 283 1824 1729 1047 95 37 682 58 47
is_linear=0
shrinkage=0.03


Tree=19
num_leaves=15
num_cat=0
split_feature=18 29 7 28 23 26 1 22 11 20 20 14 0 11
split_gain=152.764 84.4642 40.6407 31.6429 31.3316 30.7405 42.9017 30.2803 28.4524 37.8382 24.9276 14.7497 8.26717 0.00780975
threshold=0.014274814690013753 0.047937107699349883 3659937.4885000004 0.0016973771370070196 2.4956304928611797 0.0052269899254361214 0.072059796721939115 200017696.21000001 0.017902212835708028 0.0020763629330872798 0.0351122193770829 0.92674780706317084 0.0068456959130041789 0.028876436834970577
decision_type=2 2 2 2 2 2 2 2 2 2 2 2 2 2
left_child=1 3 12 7 -4 8 10 -1 9 -2 -7 -10 -3 -5
right_child=5 2 4 13 -6 6 -8 -9 11 -11 -12 -13 -14 -15
leaf_value=-0.0054244393731090234 0.033810498192376276 -0.036824111264420353 0.032833818613489218 -0.032888808503880589 -0.038915113391519117 -0.02972632560769559 0.058521979374776378 0.022205386686727557 0.049485666432456013 -0.038895957364967815 0.067266470158910116 0.029938897412324948 0.026953715739282933 -0.03544969209674758
leaf_weight=116.12978269904852 248.63089878112078 10.293023385107515 167.42146614938974 24.050852522253994 5.6629179865121833 17.871259979903705 10.164453379809855 51.542295835912228 206.29522753506899 6.6134557351469985 2.7519829124212256 41.780052483081818 2.2245198935270301 1.1217542439699162
leaf_count=1201 795 74 578 318 34 119 19 372 500 41 6 136 9 9
internal_value=0.0268464 0.0122645 0.0267111 -0.00163962 0.0304864 0.0371785 0.00807833 0.00306895 0.0389586 0.0319267 -0.0167835 0.0461937 -0.02549 -0.0330029
internal_weight=912.554 378.447 185.602 192.845 173.084 534.107 30.7877 167.672 503.32 255.244 20.6232 248.075 12.5175 25.1726
internal_count=4211 2595 695 1900 612 1616 144 1573 1472 836 125 636 83 327
is_linear=0
shrinkage=0.03


Tree=20
num_leaves=13
num_cat=0
split_feature=29 13 26 26 25 26 11 25 25 6 25 11
split_gain=142.271 84.7558 61.1486 65.8734 43.3726 41.0098 20.9837 18.3787 21.2945 28.9219 22.8127 12.3322
threshold=0.055796232233848483 0.023409904329594455 -0.00071578990935078845 -0.0018928406198037023 0.00036061617792229307 0.0050732807347314999 0.017262504658877308 -0.0011302574365555185 -0.00044161127236986788 340760.00000000006 -0.00040950722489395099 0.0068027271492350589
decision_type=2 2 2 2 2 2 2 2 2 2 2 2
left_child=1 2 3 -1 5 -3 -6 -2 9 -9 -10 -4
right_child=7 4 11 -5 6 -7 -8 8 10 -11 -12 -13
leaf_value=-0.0087227074667575854 0.076930705729897519 0.031953574972901196 -0.033001955635654355 0.043754737346969795 -0.036907560946834825 -0.034831368497442276 0.01283704583768106 -0.040940951368302218 0.067327371338066697 0.032037204704870578 0.035637412682987667 -0.010618152750561625
leaf_weight=47.308894403278828 9.949492394924162 203.88864745944738 38.288797982037067 39.505258969962597 13.456774674355986 8.6251598149538022 17.63134902715683 7.5095061883330372 21.421831697225571 13.997629448771475 448.10095698386431 52.562339305877686
leaf_count=465 15 862 500 241 95 78 91 40 22 40 1163 599
internal_value=0.0257591 0.0129096 -0.00284715 0.0151574 0.0244014 0.029243 -0.00869536 0.0365641 0.0357462 0.0065559 0.0370833 -0.0200517
internal_weight=922.247 421.267 177.665 86.8142 243.602 212.514 31.0881 500.979 491.03 21.5071 469.523 90.8511
internal_count=4211 2931 1805 706 1126 940 186 1280 1265 80 1185 1099
is_linear=0
shrinkage=0.03


Tree=21
num_leaves=15
num_cat=0
split_feature=18 29 7 28 3 28 26 25 11 29 15 15 0 13
split_gain=131.816 72.765 36.7032 29.8581 29.897 29.6439 26.3929 30.7346 25.0119 35.0804 24.1563 14.5478 7.74969 0.0178939
threshold=0.014274814690013753 0.047937107699349883 3659937.4885000004 0.0016973771370070196 0.2320779985283295 -0.0023512763093058182 0.0052269899254361214 0.00056576806837775378 0.017902212835708028 0.065756621496700932 0.0242527400653418 0.0008032032568926114 0.0068456959130041789 0.023409904329594455
decision_type=2 2 2 2 2 2 2 2 2 2 2 2 2 2
left_child=1 3 12 4 -1 -4 8 10 9 -2 -8 -10 -3 -5
right_child=6 2 5 13 -6 -7 7 -9 11 -11 -12 -13 -14 -15
leaf_value=-0.017869894612876559 0.017922722288083899 -0.036716961892400819 0.05722932678522611 -0.032437227753156772 0.010473313993362527 0.022774579119351344 -0.029908988514223793 0.053190822892200451 0.05185232713964523 0.039898217772857056 0.044432972750006614 0.037004791893577117 0.024431625003436319 -0.03435151830281067
leaf_weight=46.095154453068972 126.67370150983334 10.129401177167891 26.398672431707382 18.45629503950477 122.52610136196017 151.16641045361757 16.545596309006218 9.201740041375162 93.868666291236877 135.10927748680115 5.1607050970196715 161.70772126317024 2.2863521277904502 5.7682403028011313
leaf_count=468 536 74 40 272 1105 572 109 21 193 300 14 443 9 55
internal_value=0.0247411 0.0112327 0.0244102 -0.00174896 0.00272527 0.027897 0.0341733 0.0072438 0.0357821 0.0292645 -0.0122341 0.042458 -0.0254565 -0.0328931
internal_weight=931.094 382.827 189.981 192.846 168.621 177.565 548.267 30.908 517.359 261.783 21.7063 255.576 12.4158 24.2245
internal_count=4211 2595 695 1900 1573 612 1616 144 1472 836 123 636 83 327
is_linear=0
shrinkage=0.03


Tree=22
num_leaves=12
num_cat=0
split_feature=18 7 28 25 14 28 28 27 6 26 10
split_gain=124.239 51.5354 50.869 43.986 37.1862 37.0641 42.9474 16.4315 16.8864 15.5999 10.4759
threshold=0.0082362558840006501 19372770.020500001 0.0017423674789256796 -0.0011302574365555185 0.91696052907323222 -0.0024264220956916791 -0.0020172834128160733 -0.020903550038736184 19474.500000000004 -0.0032537090443233228 0.03691241483276423
decision_type=2 2 2 2 2 2 2 2 2 2 2
left_child=3 2 4 -1 -2 9 -7 -5 -9 -3 -4
right_child=1 5 10 7 -6 6 -8 8 -10 -11 -12
leaf_value=0.099510046125296125 0.024280566321865999 0.025624250859153826 -0.029633336857628929 0.054656752737313456 -0.025827039584322416 -0.0043487326795315709 0.031353314424566611 -0.03301853490654641 -0.0054159926815653178 0.062848101777298673 0.047498051422461378
leaf_weight=3.2970703318715087 160.07499986886978 13.065354168415068 24.585593651980165 3.2189974114298812 14.540388658642767 32.093700043857098 550.08714196458459 29.424865193665028 61.929391786456108 45.141489200294018 1.6939885169267643
leaf_count=14 834 42 222 13 117 142 1756 382 633 51 5
internal_value=0.0237868 0.0275085 0.0142516 -0.00820416 0.0201081 0.0316673 0.0293852 -0.0119594 -0.0143067 0.0544927 -0.0246614
internal_weight=939.153 841.283 200.895 97.8703 174.615 640.388 582.181 94.5733 91.3543 58.2068 26.2796
internal_count=4211 3169 1178 1042 951 1991 1898 1028 1015 93 227
is_linear=0
shrinkage=0.03


Tree=23
num_leaves=13
num_cat=0
split_feature=29 28 18 23 9 29 9 23 25 28 23 28
split_gain=116.458 65.1316 65.4268 40.9018 28.3789 25.3779 19.9312 19.0889 16.2204 18.7057 34.2613 30.4591
threshold=0.055796232233848483 -0.0025031009171439999 0.014078999654436325 2.4956304928611797 1.7046795433484931 0.032610895418817239 0.84658836127225623 4.2871087524404832 -0.0011302574365555185 -0.00098924068290357956 1.374189202313375 -0.0011928249963595835
decision_type=2 2 2 2 2 2 2 2 2 2 2 2
left_child=1 5 4 -4 -3 7 -7 -1 -2 11 -11 -10
right_child=8 2 3 -5 -6 6 -8 -9 9 10 -12 -13
leaf_value=-0.034582847146576445 0.069519612864068811 0.0061770454088617534 0.0084981783479861558 0.038493561185913745 -0.015338932176513671 -0.00099230070865067503 0.071608946436256038 0.064244048415163069 0.032094272518525577 0.020732422730140747 0.041778588098318865 0.059917118107396271
leaf_weight=4.9309848397970191 10.416831761598585 134.10236752778292 90.031018637120724 74.996382996439934 93.735966451466084 3.9258787035942104 25.561484634876251 2.7345137596130371 135.99761022627354 221.33819118142128 101.55569130182266 47.879962161183357
leaf_count=49 15 1139 480 242 940 23 53 5 312 652 226 75
internal_value=0.0228711 0.0113349 0.00774444 0.0221295 -0.00267494 0.0493013 0.061943 0.000671677 0.032463 0.0317013 0.0273518 0.0393391
internal_weight=947.207 430.019 392.866 165.027 227.838 37.1529 29.4874 7.6655 517.188 506.771 322.894 183.878
internal_count=4211 2931 2801 722 2079 130 76 54 1280 1265 878 387
is_linear=0
shrinkage=0.03


Tree=24
num_leaves=12
num_cat=0
split_feature=18 29 26 13 25 1 29 15 29 3 3
split_gain=108.473 55.0093 45.5621 47.6108 39.2153 31.0784 24.5682 18.9736 17.1373 13.6418 11.5685
threshold=0.0082362558840006501 0.060376356237092997 0.0050732807347314999 0.037891964783457584 -0.0011302574365555185 0.096722496915325723 0.030293764836672763 -0.013952615868972359 0.067511903309854585 0.0022173058013745793 0.99980000000000036
decision_type=2 2 2 2 2 2 2 2 2 2 2
left_child=4 2 3 -2 -1 6 -6 8 -3 -9 -4
right_child=1 7 10 -5 5 -7 -8 9 -10 -11 -12
leaf_value=0.090335155455809141 0.014046555318241899 -0.026793625092575608 -0.034968108210049406 0.038086649311540134 -0.032858230763724496 0.10219734329819212 -0.001288589736650623 0.0034100419408294373 0.023141982485351629 0.035782020566853735 0.046526081624179726
leaf_weight=3.5149710923433295 306.34768560156226 7.98297394812107 17.336939141154293 97.818491123616695 37.86058409512043 2.1062998846173278 53.587671484798193 12.082325324416159 27.468280881643295 386.3297410607338 1.7235667705535878
leaf_count=14 1710 33 166 283 517 4 507 39 67 864 7
internal_value=0.0220183 0.0254224 0.0177273 0.0198649 -0.00803857 -0.0117346 -0.0143588 0.0329289 0.0118974 0.0348003 -0.0275989
internal_weight=954.16 857.09 423.227 404.166 97.0695 93.5546 91.4483 433.863 35.4513 398.412 19.0605
internal_count=4211 3169 2166 1993 1042 1028 1024 1003 100 903 173
is_linear=0
shrinkage=0.03


Tree=25
num_leaves=15
num_cat=0
split_feature=18 28 25 6 4 26 1 15 15 13 25 9 0 14
split_gain=101.926 61.5434 46.5018 40.107 27.1277 22.271 30.2442 36.865 19.7895 29.3488 27.5732 17.6468 8.85069 5.7728
threshold=0.014274814690013753 -0.0025031009171439999 -0.0011302574365555185 65810.000000000015 92.500000000000014 0.0050732807347314999 0.072059796721939115 0.0242527400653418 -0.013952615868972359 0.051526420234585459 -9.5779806604573002e-05 0.88138679908280149 0.00046457402625657177 0.84995842290998758
decision_type=2 2 2 2 2 2 2 2 2 2 2 2 2 2
left_child=1 4 12 -4 13 8 7 -7 10 -10 -2 -6 -3 -1
right_child=5 2 3 -5 11 6 -8 -9 9 -11 -12 -13 -14 -15
leaf_value=-0.037551648764903543 0.044399221097926524 0.038663390897080048 -0.0098083612844474879 0.01145311391933738 -0.0045180823968537258 -0.031372057660201354 0.048659487124949323 0.053114878251524944 0.029711806995196894 0.050541758283218954 0.00013628908916505514 0.060944754909010489 0.092251082441388549 0.022665679582923263
leaf_weight=3.8170774504542342 18.634570837020874 5.5066483765840513 130.11404648050666 206.70221734791994 4.1903911232948294 19.472946211695675 10.803077422082422 6.1054708063602439 404.42506585270166 71.665021039545536 39.547619745135307 32.069084271788597 5.589533768594265 2.2938293293118477
leaf_count=28 46 19 1238 1193 25 128 19 13 1143 125 142 70 12 10
internal_value=0.0212022 0.00938778 0.00523041 0.00323968 0.0435248 0.0292823 0.00657084 -0.0112053 0.0308289 0.0328473 0.0143128 0.0533794 0.0656574 -0.0149481
internal_weight=960.937 390.283 347.912 336.816 42.3704 570.654 36.3815 25.5784 534.272 476.09 58.1822 36.2595 11.0962 6.11091
internal_count=4211 2595 2462 2431 133 1616 160 141 1456 1268 188 95 31 38
is_linear=0
shrinkage=0.03


Tree=26
num_leaves=12
num_cat=0
split_feature=18 7 14 25 23 1 18 9 24 6 17
split_gain=96.4416 40.6917 36.509 32.8912 29.109 28.2058 23.7705 30.5685 23.267 16.5028 12.167
threshold=0.0082362558840006501 19372770.020500001 0.91696052907323222 -0.0011302574365555185 0.56135948276626124 0.096722496915325723 0.017130281898837803 1.9612577280026933 0.6232053440622094 19474.500000000004 0.0040468896096657681
decision_type=2 2 2 2 2 2 2 2 2 2 2
left_child=3 2 4 -1 -2 9 7 -3 -8 -5 -4
right_child=1 6 10 5 -6 -7 8 -9 -10 -11 -12
leaf_value=0.077815347005089672 -0.027435907627709893 0.026597895152622304 0.043554188559537438 -0.032978286632961512 0.019136756666878054 0.094195056038332323 0.038758932297619675 0.0048361111958407296 0.023147761848960315 -0.0054456509371482728 -0.036363157417289863
leaf_weight=3.858588144183158 12.973824985325335 229.10484270006418 1.9109574630856538 28.671322524547577 174.99485943093896 2.2148812860250464 213.10720094293356 77.828077167272568 143.97226665169001 61.880019139498472 16.679983824491501
leaf_count=14 83 746 14 386 940 4 473 389 383 638 141
internal_value=0.0204286 0.0235846 0.0119558 -0.00800643 0.0159223 -0.0115762 0.0272021 0.0210798 0.0324646 -0.0141633 -0.0281485
internal_weight=967.197 870.572 206.56 96.6248 187.969 92.7662 664.012 306.933 357.079 90.5513 18.5909
internal_count=4211 3169 1178 1042 1023 1028 1991 1135 856 1024 155
is_linear=0
shrinkage=0.03


Tree=27
num_leaves=15
num_cat=0
split_feature=29 13 26 26 9 8 25 11 10 20 13 26 26 26
split_gain=92.0205 57.1188 54.1626 56.1019 48.1499 47.7962 30.5342 14.5331 28.5324 18.3925 17.9627 15.432 40.5276 15.3619
threshold=0.055796232233848483 0.023409904329594455 -0.00071578990935078845 -0.0018928406198037023 0.82365129773834111 0.01809920171405505 0.00036061617792229307 0.017902212835708028 0.0077323486058206124 -0.0044815067694064679 0.029052396467575677 0.00013397034479202343 0.0011875875246495375 -0.00075080435597759245
decision_type=2 2 2 2 2 2 2 2 2 2 2 2 2 2
left_child=1 2 3 -1 5 -3 -6 8 9 -2 -10 13 -13 -9
right_child=7 4 -4 -5 6 -7 -8 11 10 -11 -12 12 -14 -15
leaf_value=-0.0092188376037882769 0.02772086583762412 -0.030987302549917689 -0.019981941568742948 0.038366313573205316 0.027182877257317488 0.086524993562193023 -0.0064751962380990655 0.034367530303509371 -0.03161916646514077 -0.014423105885814283 0.02373897776052036 -0.030122984760938953 0.030913646685664656 0.057940473314019116
leaf_weight=47.769227311015129 245.27877239882946 26.551913462579254 89.723939307034016 41.820113845169544 202.79685623198748 3.5291211009025565 27.55356676876545 95.388314232230186 13.201423317193987 9.6880252510309202 8.7864581942558271 10.685002088546751 116.97294169664383 33.660243794322014
leaf_count=465 610 194 1099 241 779 7 146 182 61 37 25 46 272 47
internal_value=0.019685 0.00952375 -0.00350644 0.0129938 0.0184954 -0.0172007 0.0231568 0.0280581 0.0232918 0.0261195 -0.0094978 0.0332004 0.0258049 0.0405162
internal_weight=973.406 439.745 179.313 89.5893 260.431 30.081 230.35 533.661 276.955 254.967 21.9879 256.707 127.658 129.049
internal_count=4211 2931 1805 706 1126 201 925 1280 733 647 86 547 318 229
is_linear=0
shrinkage=0.03


Tree=28
num_leaves=15
num_cat=0
split_feature=29 13 28 3 28 21 25 10 15 6 3 18 3 9
split_gain=86.3583 53.52 33.8412 30.6005 26.0581 25.8006 24.7741 17.5 33.2182 17.3712 16.2378 11.1812 9.92866 6.55897
threshold=0.047937107699349883 0.023409904329594455 0.0018371682049028064 0.026631205673761423 -0.0024264220956916791 66843.500000000015 -0.0011302574365555185 1.0000000180025095e-35 0.0023632592213680896 527963.00000000012 0.55502075985450106 0.028225156132579757 0.80531595574509829 2.3356722905746827
decision_type=2 2 2 2 2 2 2 2 2 2 2 2 2 2
left_child=1 7 3 -3 10 13 -7 9 -9 -1 -2 -4 -12 -6
right_child=4 2 11 -5 5 6 -8 8 -10 -11 12 -13 -14 -15
leaf_value=-0.027366457238139429 0.050910779534228269 -0.025231392962297247 -0.035057907747112552 0.024733947079110839 -0.037919461455038703 0.064476041547569821 0.02306218955579353 0.025929559044049439 -0.015320450652193989 0.011060475784550756 0.037410127274566378 0.04507779756012855 -0.017605956850682093 0.018846401357349243
leaf_weight=51.302844900637865 50.715450555086136 11.919444277882574 13.486215453594921 148.07878574728966 7.6849672049283964 13.298025317490099 580.42245984077454 30.367311708629131 41.692357890307903 13.340968798846005 6.376324310898779 1.7730500623583783 5.4977092295885086 2.4052651226520538
leaf_count=634 61 83 121 594 51 18 1651 323 496 129 11 7 23 9
internal_value=0.018993 0.00596613 0.0169405 0.0210117 0.0250913 0.0231813 0.0239898 -0.00810334 0.00206309 -0.019436 0.0435171 -0.0257465 0.0119375 -0.0243879
internal_weight=978.361 311.961 175.257 159.998 666.4 603.811 593.72 136.703 72.0597 64.6438 62.5895 15.2593 11.874 10.0902
internal_count=4211 2387 805 677 1824 1729 1669 1582 819 763 95 128 34 60
is_linear=0
shrinkage=0.03


Tree=29
num_leaves=15
num_cat=0
split_feature=29 28 13 29 26 29 13 26 15 28 23 5 1 25
split_gain=80.9652 53.9602 47.8828 34.7262 34.1123 20.6581 17.8332 14.3882 14.0958 22.1258 31.0177 21.8161 20.046 16.5084
threshold=0.055796232233848483 -0.0025031009171439999 0.023409904329594455 0.020007434860058581 -0.00071578990935078845 0.032610895418817239 0.036076232905307502 -0.0032537090443233228 -0.013952615868972359 -0.00098924068290357956 1.3528546766428355 0.0046107007425838413 0.027292978866523741 0.00021773358020248402
decision_type=2 2 2 2 2 2 2 2 2 2 2 2 2 2
left_child=1 5 4 -4 -3 6 -1 -7 11 12 -11 13 -10 -2
right_child=8 2 3 -5 -6 7 -8 -9 9 10 -12 -13 -14 -15
leaf_value=-0.034930971275709093 0.035742118160863874 0.0080303233498815324 0.045093759109936862 0.0098579448845327964 -0.019677653930715987 0.017241449405753183 0.060286726308107316 0.065125062582899393 0.0093370555657381286 0.016763902385389863 0.036358972704549894 -0.030589534309492763 0.040593175439262136 -0.0082744426754972292
leaf_weight=4.9942872747778884 22.757946945726871 73.282617993652821 28.523050501942635 214.31286656111479 88.021029215306044 7.4324858784675625 2.742270439863205 23.519850343465805 21.200661167502403 224.59488782286644 107.5044351965189 9.4388221204280836 143.22821241617203 11.565849408507345
leaf_count=50 46 612 78 1012 1099 30 4 46 63 625 220 38 249 39
internal_value=0.0183304 0.00882075 0.00558058 0.0139967 -0.00708951 0.0426672 -0.00118047 0.0536269 0.0261246 0.0275631 0.0231071 0.00980259 0.0365632 0.0209102
internal_weight=983.119 442.828 404.14 242.836 161.304 38.6889 7.73656 30.9523 540.291 496.528 332.099 43.7626 164.429 34.3238
internal_count=4211 2931 2801 1090 1711 130 54 76 1280 1157 845 123 312 85
is_linear=0
shrinkage=0.03


Tree=30
num_leaves=12
num_cat=0
split_feature=18 29 25 14 25 20 29 14 8 9 25
split_gain=77.2988 40.9982 35.9995 32.938 29.4825 22.6489 23.7109 22.1061 13.6129 19.3175 12.3838
threshold=0.0082362558840006501 0.066283175637756167 0.00060394083698791785 0.92674780706317084 -0.0011302574365555185 -0.061043866477367294 0.030293764836672763 0.96224234703932621 -0.015039897823304619 1.1053094793483866 7.8618534774328456e-05
decision_type=2 2 2 2 2 2 2 2 2 2 2
left_child=4 2 3 -2 -1 -6 -7 -4 9 -3 -10
right_child=1 8 7 -5 5 6 -8 -9 10 -11 -12
leaf_value=0.071430996016921683 0.019007483199443096 -0.021113046378359975 -0.038329029993064388 -0.0083946479323275727 0.078520908029175052 -0.032765060433232865 -0.0011966260532060031 0.04501459283937935 0.024026842929834556 0.025131010427039593 0.035766371416640991
leaf_weight=4.0328378528356543 464.69181698188186 11.536098167300223 16.792906373739246 43.144967347383499 2.4505038708448401 35.891890548169613 53.082896914333105 3.4532312452793112 153.27982440590858 27.533644303679466 171.19410741329193
leaf_count=14 2011 43 118 257 4 518 506 10 346 61 323
internal_value=0.0177061 0.020453 0.0151155 0.0166794 -0.0079515 -0.0114531 -0.0139311 -0.0241137 0.0282063 0.0114766 0.0302207
internal_weight=987.085 891.627 528.083 507.837 95.4581 91.4253 88.9748 20.2461 363.544 39.0697 324.474
internal_count=4211 3169 2396 2268 1042 1028 1024 128 773 104 669
is_linear=0
shrinkage=0.03


Tree=31
num_leaves=15
num_cat=0
split_feature=18 28 26 26 4 9 5 26 1 11 20 11 20 12
split_gain=73.2338 50.2529 35.8717 55.5192 23.4558 23.1055 20.0766 19.1869 30.4263 19.7735 32.5242 23.0516 19.5037 5.65801
threshold=0.014274814690013753 -0.0025031009171439999 -0.0024080699903713879 -0.0012492456805929017 92.500000000000014 0.82365129773834111 0.013893059640723312 0.0052269899254361214 0.072059796721939115 0.020135414953550583 0.0020763629330872798 0.024321147835468428 0.0351122193770829 -0.0024160421994719838
decision_type=2 2 2 2 2 2 2 2 2 2 2 2 2 2
left_child=1 4 6 -4 13 -6 -3 9 12 10 -2 -11 -9 -1
right_child=7 2 3 -5 5 -7 -8 8 -10 11 -12 -13 -14 -15
leaf_value=-0.037985020220475507 0.021995936520653459 -0.022011574398042733 0.034566222816248306 0.0014551746747605656 -0.040267168998731777 0.053162284295556639 0.036829245254185426 -0.031297958865405484 0.041507445773802318 0.048384983971356432 -0.02910036167060636 0.026459484790763866 0.050252542230495377 0.021862025480754624
leaf_weight=3.9525717832148075 304.71616227924824 58.896093860268593 56.629863932728767 233.50043597817421 2.5590964853763571 34.476789325475693 5.7262562960386267 18.327844407409433 11.179113283753393 55.950163424015045 11.639961965382097 188.73188080638647 3.0834584161639205 2.2204306572675696
leaf_count=30 856 476 273 1687 19 76 26 119 19 110 60 446 6 8
internal_value=0.0170938 0.00713633 0.0034158 0.00791804 0.0376826 0.0467065 -0.0167976 0.0237691 0.00139133 0.025069 0.0201159 0.0314731 -0.0195538 -0.016458
internal_weight=991.59 397.962 354.753 290.13 43.2089 37.0359 64.6224 593.629 32.5904 561.038 316.356 244.682 21.4113 6.173
internal_count=4211 2595 2462 1960 133 95 502 1616 144 1472 916 556 125 38
is_linear=0
shrinkage=0.03


Tree=32
num_leaves=12
num_cat=0
split_feature=18 28 18 3 17 25 20 11 26 6 20
split_gain=69.4943 36.9732 39.334 32.6856 27.2461 27.0582 21.0223 20.9559 16.1266 16.042 6.28361
threshold=0.0082362558840006501 -0.0024264220956916791 0.014274814690013753 0.7012628838016709 0.0072355552474002794 -0.0011302574365555185 -0.061043866477367294 0.017902212835708028 -0.0028387799636695565 19474.500000000004 -0.034540011711252309
decision_type=2 2 2 2 2 2 2 2 2 2 2
left_child=5 3 4 10 -3 -1 -7 -4 -5 -8 -2
right_child=1 2 7 8 -6 6 9 -9 -10 -11 -12
leaf_value=0.066674997431471913 0.054067901826935362 0.010844324771606918 0.015613110422021738 -0.040273545758106252 -0.02149887980919804 0.074118278313812083 -0.032901441819104905 0.02730050195234766 0.030625074279540983 -0.0052229364706364006 0.035913386040969303
leaf_weight=4.1857388615608206 39.280103504657745 239.84070463851094 264.08409234508872 6.3714281395077705 25.980473335832357 2.518830031156539 27.277551222592592 289.36955256387591 5.2804109603166562 60.968157865107059 30.467756897211075
leaf_count=14 44 1285 829 37 182 4 387 714 11 637 67
internal_value=0.0165107 0.0190841 0.0171682 0.0383675 0.00768321 -0.00790022 -0.0113394 0.0217238 -0.00814352 -0.0137786 0.0461375
internal_weight=995.625 900.675 819.275 81.3997 265.821 94.9503 90.7645 553.454 11.6518 88.2457 69.7479
internal_count=4211 3169 3010 159 1467 1042 1028 1543 48 1024 111
is_linear=0
shrinkage=0.03


Tree=33
num_leaves=15
num_cat=0
split_feature=29 28 13 26 29 29 13 15 28 23 5 28 14 26
split_gain=67.739 46.1123 39.0775 32.123 31.2174 17.6527 15.78 13.1729 20.0437 27.6821 19.9807 19.6059 12.1597 12.0742
threshold=0.055796232233848483 -0.0025031009171439999 0.023409904329594455 -0.00071578990935078845 0.020007434860058581 0.032610895418817239 0.036076232905307502 -0.013952615868972359 -0.00098924068290357956 1.3528546766428355 0.0046107007425838413 -0.00114016331652936 0.090803382663846771 -0.0032537090443233228
decision_type=2 2 2 2 2 2 2 2 2 2 2 2 2 2
left_child=1 5 3 -3 -4 6 -1 10 11 -10 12 -9 -2 -7
right_child=7 2 4 -5 -6 13 -8 8 9 -11 -12 -13 -14 -15
leaf_value=-0.035036937235249518 0.027773576192847333 0.0073460632034230769 0.04081088004695093 -0.019535006099851964 0.0079061583880268172 0.015041248066860644 0.054154821198349606 0.027090115300854797 0.014272125332198037 0.03260612846788407 -0.031206262773792064 0.051085122727282946 -0.013797889268377951 0.05846203254224755
leaf_weight=4.889880593866109 26.569218307733536 74.093678586184978 29.419404871761799 86.975556429475546 219.98582784831524 7.5602091774344471 2.8118377476930618 125.86905655264854 228.66856012493372 109.66395157575607 9.5019269436597806 40.510541304945946 8.314071059226988 24.256250508129597
leaf_count=50 57 612 78 1099 1012 30 4 257 625 220 38 55 28 46
internal_value=0.0159576 0.00732864 0.00434888 -0.00716941 0.0117875 0.0382794 -0.00247372 0.0230292 0.0244072 0.0202147 0.00736024 0.0329325 0.0178654 0.0481444
internal_weight=999.09 449.993 410.474 161.069 249.405 39.5182 7.70172 549.097 504.712 338.333 44.3852 166.38 34.8833 31.8165
internal_count=4211 2931 2801 1711 1090 130 54 1280 1157 845 123 312 85 76
is_linear=0
shrinkage=0.03


Tree=34
num_leaves=11
num_cat=0
split_feature=29 28 13 17 18 28 25 25 18 13
split_gain=63.6475 42.1025 37.4671 34.1446 27.8622 22.3621 20.3261 32.5599 10.4628 0.0747589
threshold=0.047937107699349883 0.0018371682049028064 0.037891964783457584 -0.0097520339459575851 0.0069775410628121369 -0.0033811667480159375 -0.0011302574365555185 -0.00044161127236986788 0.028225156132579757 0.023409904329594455
decision_type=2 2 2 2 2 2 2 2 2 2
left_child=1 2 4 -4 -1 -2 -7 -8 9 -3
right_child=5 8 3 -5 -6 6 7 -9 -10 -11
leaf_value=-0.0209778030264046 0.051338225839793909 -0.032105707620472886 -0.024975102999918609 0.040085855696379354 0.0071900278348337463 0.05528818631174031 -0.011135952200823692 0.020358116466648393 0.039721555748895847 -0.035167996667281445
leaf_weight=37.782822769135237 20.635994181036949 15.199555385857826 8.5875893831253034 46.952691242098808 193.2787120193243 14.079893872141836 31.025216102600098 618.78664837032557 1.8676819801330555 13.589862063527105
leaf_count=515 18 256 41 116 1331 20 124 1662 7 121
internal_value=0.0154351 0.00432772 0.00790205 0.0300262 0.00258407 0.0205831 0.0196271 0.0188544 -0.0290873 -0.0335512
internal_weight=1001.79 317.259 286.602 55.5403 231.062 684.528 663.892 649.812 30.6571 28.7894
internal_count=4211 2387 2003 157 1846 1824 1806 1786 384 377
is_linear=0
shrinkage=0.03


Tree=35
num_leaves=15
num_cat=0
split_feature=29 28 11 5 29 29 9 13 5 11 26 28 3 29
split_gain=60.1827 42.3941 35.9178 35.1401 26.076 15.767 14.7246 14.7158 12.5751 42.2069 31.3315 24.583 19.7875 19.2663
threshold=0.055796232233848483 -0.0025031009171439999 0.016213968261790921 0.025981849326998516 0.020007434860058581 0.032610895418817239 0.84658836127225623 0.036076232905307502 -0.0053772768799186009 0.01763794311598529 0.0052269899254361214 -0.00058009564634078675 0.27307147578132557 0.092644156711319259
decision_type=2 2 2 2 2 2 2 2 2 2 2 2 2 2
left_child=1 5 3 -3 -4 7 -7 -1 9 -2 12 -11 -10 -12
right_child=8 2 4 -5 -6 6 -8 -9 10 11 13 -13 -14 -15
leaf_value=-0.034893460141387188 -0.0024028914023357488 -0.0055675986124757845 0.045439227797439821 0.063366034984846165 0.0099931574428737523 -0.0066129763599989781 0.053476763066619006 0.051521249608846874 0.039086772840303319 0.049072821742496914 -0.032733656813911036 0.01474682518890358 0.022567122055591419 0.036032902512751472
leaf_weight=4.7375146746635428 71.946081481873989 232.08807656168938 21.303066298365593 6.8520353175699702 151.62420682609081 4.2257289737462989 27.915979027748108 2.8348743319511414 83.162420719861984 33.111468404531479 13.390807762742044 43.374373272061348 303.10059480369091 5.0494883358478537
leaf_count=50 231 1957 63 15 766 23 53 4 148 40 62 108 682 9
internal_value=0.0149264 0.00680026 0.00394596 -0.0035908 0.0143598 0.0364017 0.0455767 -0.0025424 0.0215606 0.0140915 0.0243 0.0296069 0.0261238 -0.0139034
internal_weight=1004.72 451.581 411.867 238.94 172.927 39.7141 32.1417 7.57239 553.135 148.432 404.703 76.4858 386.263 18.4403
internal_count=4211 2931 2801 1972 829 130 76 54 1280 379 901 148 830 71
is_linear=0
shrinkage=0.03


Tree=36
num_leaves=15
num_cat=0
split_feature=18 28 26 26 3 5 21 14 26 1 15 29 28 29
split_gain=56.5467 40.087 33.7668 48.9721 19.3688 18.3817 16.9607 16.9356 15.8548 22.7854 15.8517 9.72931 6.85662 0.0509379
threshold=0.014274814690013753 -0.0025031009171439999 -0.0024080699903713879 -0.0012492456805929017 0.51609978360105968 0.013893059640723312 66843.500000000015 0.73837529970636384 0.0050732807347314999 0.072059796721939115 -0.013952615868972359 0.041346194108791839 -0.0017471585387221855 0.055796232233848483
decision_type=2 2 2 2 2 2 2 2 2 2 2 2 2 2
left_child=1 4 5 -4 11 -3 12 -6 10 -10 -8 -1 -2 -14
right_child=6 2 3 -5 7 -7 8 -9 9 -11 -12 -13 13 -15
leaf_value=0.013902755219706076 0.025409565152023118 -0.02226245169653699 0.031309597932005127 0.00061911370685266746 -0.038580955064234 0.033282469637263397 0.0076511604448250385 0.04790658171448281 -0.013778668636647062 0.03727267193455723 0.023848733940128167 0.05174299865276577 -0.035703207721198178 -0.041463222203483911
leaf_weight=7.9373893328011027 2.0633120685815811 58.835687138140202 58.451416954398155 234.61300331354141 5.5548421517014486 5.8998543918132773 61.024615429341793 3.2182026468217373 25.740360636264086 11.332542106509207 499.21799670904875 26.639257974922657 4.3049050346016866 2.034937359392643
leaf_count=49 6 476 273 1687 39 26 184 11 132 19 1228 34 36 11
internal_value=0.014446 0.0057098 0.00240883 0.0067403 0.0329555 -0.0172002 0.0202317 -0.00685486 0.0208271 0.00182684 0.0220844 0.0430564 -0.0220924 -0.037552
internal_weight=1006.87 401.15 357.8 293.064 43.3497 64.7355 605.719 8.77304 597.316 37.0729 560.243 34.5766 8.40315 6.33984
internal_count=4211 2595 2462 1960 133 502 1616 50 1563 151 1412 83 53 47
is_linear=0
shrinkage=0.03


Tree=37
num_leaves=13
num_cat=0
split_feature=29 28 25 20 21 4 25 28 8 26 23 17
split_gain=55.0299 43.2385 32.0254 29.2448 17.7027 24.6847 14.2908 14.5365 27.4614 25.3067 11.3827 9.99396
threshold=0.056804537989756702 0.0016973771370070196 0.00057737215842103577 -0.055761583836757202 1107125.0000000002 7.5000000000000009 -0.0011302574365555185 -0.00098924068290357956 -0.015039897823304619 -0.0034707841110313991 9.7354692933328426 0.014341376277617999
decision_type=2 2 2 2 2 2 2 2 2 2 2 2
left_child=1 2 3 -1 10 -6 -2 9 -9 -8 -3 -4
right_child=6 4 11 -5 5 -7 7 8 -10 -11 -12 -13
leaf_value=0.037750931279362174 0.054449249326705945 -0.034626870714881186 -0.03610183748220943 0.0091368237707924044 0.05468390049110864 -0.017318600036243127 0.0090100559452675703 -0.010448570588938199 0.01890670762673664 0.033482579497814996 0.044774910822413055 0.036447432526707312
leaf_weight=35.247085429728031 10.985448628664015 34.123142249882221 16.654132243245844 365.41498630866408 6.1008405610919025 14.399471484124659 53.018855705857277 31.672106295824051 303.67942743748426 134.51456494629383 1.7061459943652142 1.9042907059192646
leaf_count=90 13 398 150 2212 18 116 143 106 730 224 5 6
internal_value=0.0139753 0.00655359 0.00986952 0.0116541 -0.0181245 0.00410916 0.0205863 0.0198748 0.0161343 0.0265638 -0.0308459 -0.0286575
internal_weight=1009.42 475.55 419.22 400.662 56.3296 20.5003 533.87 522.885 335.352 187.533 35.8293 18.5584
internal_count=4211 2995 2458 2302 537 134 1216 1203 836 367 403 156
is_linear=0
shrinkage=0.03


Tree=38
num_leaves=12
num_cat=0
split_feature=18 29 28 25 21 25 1 29 8 28 15
split_gain=52.8011 31.2737 43.1343 35.5368 31.6072 24.4854 18.8055 22.229 12.1608 19.4465 10.7732
threshold=0.0082362558840006501 0.066283175637756167 0.0018538360304533933 0.00060394083698791785 1107125.0000000002 -0.0011302574365555185 0.096722496915325723 0.030293764836672763 -0.015039897823304619 -0.00063579437725076206 -0.024195810589443648
decision_type=2 2 2 2 2 2 2 2 2 2 2
left_child=5 2 3 -2 -4 -1 7 -7 9 -3 -10
right_child=1 8 4 -5 -6 6 -8 -9 10 -11 -12
leaf_value=0.061743655340440649 0.015510651260274545 0.031938812224239561 -0.036398820948885885 -0.024983983143174116 0.011179079639790928 -0.032693363377341793 0.068963106571154842 -0.0015600241742692947 -0.047998490249841298 -0.010718774333468501 0.024712007104951632
leaf_weight=4.3314286917448035 475.12212114408612 16.290625348687172 28.156991723924875 20.339024841785431 22.695862289518118 33.740784421563148 2.5528254434466353 53.158495962619781 1.8442202210426319 23.482460215687752 329.97149597108364
leaf_count=14 1907 27 260 128 101 517 4 507 8 77 661
internal_value=0.0135239 0.0157146 0.0111477 0.0138483 -0.0151646 -0.00791759 -0.0112907 -0.0136483 0.0224289 0.00675331 0.0243079
internal_weight=1011.69 917.903 546.314 495.461 50.8529 93.7835 89.4521 86.8993 371.589 39.7731 331.816
internal_count=4211 3169 2396 2035 361 1042 1028 1024 773 104 669
is_linear=0
shrinkage=0.03


Tree=39
num_leaves=15
num_cat=0
split_feature=7 28 28 28 3 1 3 26 3 26 8 22 3 12
split_gain=49.8455 34.8808 27.9328 40.7483 30.6709 23.3047 28.818 24.179 22.5825 15.5133 22.9958 9.40728 4.96557 2.95637
threshold=19372770.020500001 0.0017423674789256796 -0.0024264220956916791 -0.0020172834128160733 0.0022173058013745793 0.047229721603836143 0.45839488711447424 0.0023535399509682863 0.83223922743498135 -0.0032537090443233228 0.0013512168899281185 152627080.11350003 0.0039797082787930487 -0.0054413076927134008
decision_type=2 2 2 2 2 2 2 2 2 2 2 2 2 2
left_child=1 5 9 8 -5 7 -7 -1 -4 10 -2 12 -3 -11
right_child=2 11 3 4 -6 6 -8 -9 -10 13 -12 -13 -14 -15
leaf_value=-0.002112596270472682 0.036204642951559139 7.7987353055123044e-05 -0.031823498748445478 -0.025068696303488101 0.018188786038789838 0.051144246460159797 -0.0067494231879787472 0.026061905648078771 0.015978732087436255 0.050184504222133795 -0.04261378606707876 0.039274404279102962 -0.035704754152325595 0.034004559924697308
leaf_weight=174.1522291302681 9.9843443185091001 4.0170816630125072 24.656519681215286 15.107773605734108 626.15894242376089 20.659864604473114 12.372446507215498 32.535160083323717 13.913512006402014 31.675924926996228 4.9997078329324713 1.8153502643108357 26.616688780486584 14.965434305369856
leaf_count=1216 20 34 126 73 2018 54 64 160 48 36 27 7 302 26
internal_value=0.0130909 0.00211049 0.0171215 0.0153684 0.0171697 0.00606183 0.0294598 0.00232242 -0.0145796 0.0364615 0.00990541 -0.0270803 -0.0310125 0.044993
internal_weight=1013.63 272.169 741.462 679.837 641.267 239.72 33.0323 206.687 38.57 61.6254 14.9841 32.4491 30.6338 46.6414
internal_count=4211 1837 2374 2265 2091 1494 118 1376 174 109 47 343 336 62
is_linear=0
shrinkage=0.03


Tree=40
num_leaves=11
num_cat=0
split_feature=29 28 22 23 3 28 25 25 18 13
split_gain=48.5873 35.1677 30.9121 27.5874 27.3881 20.4192 17.5585 29.2627 9.83993 0.0667123
threshold=0.047937107699349883 0.0018371682049028064 106553027.28500001 4.080202781564064 0.95575574600701085 -0.0033811667480159375 -0.0011302574365555185 -0.00044161127236986788 0.028225156132579757 0.023409904329594455
decision_type=2 2 2 2 2 2 2 2 2 2
left_child=1 2 3 -1 -4 -2 -7 -8 9 -3
right_child=5 8 4 -5 -6 6 7 -9 -10 -11
leaf_value=-0.010844029555002067 0.047255287281916393 -0.031926901151660601 0.017034414736477696 0.033247167099651989 -0.037978199345805229 0.049032146200023614 -0.012709195744530727 0.016950135358462508 0.037155760358058509 -0.034923848819576442
leaf_weight=105.90477419644594 19.677632212638855 13.929663799703127 163.39798840880394 14.523146461695431 8.5720708109438402 14.393687695264815 31.434640929102898 629.1351954638958 1.9075646176934231 12.852910112589596
leaf_count=1094 18 256 772 73 64 20 124 1662 7 121
internal_value=0.0126703 0.00301951 0.00612951 -0.0055268 0.0142922 0.0171312 0.016253 0.0155387 -0.0286763 -0.0333651
internal_weight=1015.73 321.088 292.398 120.428 171.97 694.641 674.964 660.57 28.6901 26.7826
internal_count=4211 2387 2003 1167 836 1824 1806 1786 384 377
is_linear=0
shrinkage=0.03


Tree=41
num_leaves=15
num_cat=0
split_feature=29 28 13 9 26 29 9 15 5 28 28 1 25 22
split_gain=45.7482 36.043 28.7368 29.4574 28.8046 13.6796 12.4133 11.1355 17.8995 17.0632 24.8617 17.398 14.4044 4.8307
threshold=0.055796232233848483 -0.0025031009171439999 0.023409904329594455 0.82365129773834111 -0.00071578990935078845 0.029909089773297773 0.84658836127225623 -0.013952615868972359 0.0046107007425838413 -0.00098924068290357956 -7.2723359071551831e-05 0.027292978866523741 0.00021773358020248402 591173718.41400015
decision_type=2 2 2 2 2 2 2 2 2 2 2 2 2 2
left_child=1 5 4 -4 -3 -1 -7 8 12 11 -11 -9 -2 -10
right_child=7 2 3 -5 -6 6 -8 9 13 10 -12 -13 -14 -15
leaf_value=-0.013467893176819946 0.027248767268097163 0.0061579705827025438 -0.018838529507561323 0.012572544655663315 -0.01929637768458738 -0.0083486408375727395 0.045872245579893743 0.002344541489413278 -0.04826405034888296 -0.00047066992386239111 0.019522315345261873 0.030901083427569552 -0.013181610496713958 -0.0038891181638946093
leaf_weight=5.0990833118557921 23.468833312392235 75.530272208154202 30.484489124268293 226.63750854879618 85.081942655146122 4.3393209353089324 30.581759914755821 22.119545295834541 6.2200075685977918 70.176832914352417 276.67245045304298 145.53995397686958 11.978987336158751 3.4229034632444382
leaf_count=40 46 612 194 896 1099 24 66 63 27 201 644 249 39 11
internal_value=0.012269 0.00523517 0.00262958 0.00884843 -0.00732609 0.0324325 0.0391347 0.0180228 0.00372759 0.0192756 0.0154772 0.0271336 0.013586 -0.0325125
internal_weight=1017.35 457.754 417.734 257.122 160.612 40.0202 34.9211 559.6 45.0907 514.509 346.849 167.659 35.4478 9.64291
internal_count=4211 2931 2801 1090 1711 130 90 1280 123 1157 845 312 85 38
is_linear=0
shrinkage=0.03


Tree=42
num_leaves=15
num_cat=0
split_feature=18 28 26 26 4 24 21 24 17 9 0 20 3 29
split_gain=45.3041 33.4066 31.1993 42.7861 18.5033 16.9899 23.1081 18.2597 15.1573 13.0199 6.61912 7.93013 4.8131 0.0549736
threshold=0.014274814690013753 -0.0025031009171439999 -0.0024080699903713879 -0.0012492456805929017 92.500000000000014 1.111153322755196 72366.500000000015 0.61151578641033466 -0.006228993266688721 0.88138679908280149 -0.0079798905647920654 -0.048863413780714272 0.70685161429547694 0.056201749382250719
decision_type=2 2 2 2 2 2 2 2 2 2 2 2 2 2
left_child=1 4 8 -4 12 6 13 -8 -3 -6 -7 -12 -1 -2
right_child=5 2 3 -5 9 10 7 -9 -10 -11 11 -13 -14 -15
leaf_value=0.015087746809023639 -0.035877895470616671 0.014118365857177829 0.02775859389838882 -0.00051901088350377348 -0.010984926392053725 0.11623426050154309 0.020771600452175184 0.009792186948513389 -0.024310904934131423 0.043786360675594702 -0.045671930732415024 0.038996606812011836 -0.039443533443595802 -0.041360800211941044
leaf_weight=2.340347494930028 4.5269796624779692 11.15255620330572 60.489964924752712 236.19814546406269 4.4424691125750533 0.95742064714432018 353.30025625228882 221.97906376793981 53.785956755280495 32.353275764733553 1.0306309610605264 29.278705023229122 3.8582208193838596 2.5859016999602318
leaf_count=11 38 63 273 1687 25 1 878 627 439 70 5 53 27 14
internal_value=0.0118889 0.00409608 0.0011238 0.00524634 0.029096 0.0170272 0.0158706 0.016535 -0.0177111 0.0371736 0.0385708 0.0361176 -0.0188546 -0.0378712
internal_weight=1018.28 404.621 361.627 296.688 42.9943 613.659 582.392 575.279 64.9385 36.7957 31.2668 30.3093 6.19857 7.11288
internal_count=4211 2595 2462 1960 133 1616 1557 1505 502 95 59 58 38 52
is_linear=0
shrinkage=0.03


Tree=43
num_leaves=12
num_cat=0
split_feature=18 29 26 25 25 1 29 20 9 10 1
split_gain=43.0858 26.6038 36.1332 30.6557 21.9861 17.5302 21.1524 10.6142 8.46975 17.2059 14.3879
threshold=0.0082362558840006501 0.066283175637756167 0.0050732807347314999 0.00060394083698791785 -0.0011302574365555185 0.096722496915325723 0.030293764836672763 0.029683517167626402 0.70281775787981482 -0.02282915239912094 0.038587924146969148
decision_type=2 2 2 2 2 2 2 2 2 2 2
left_child=4 2 3 -2 -1 6 -6 -4 9 -3 -10
right_child=1 8 7 -5 5 -7 -8 -9 10 -11 -12
leaf_value=0.056877822765611312 0.012240046169132233 -0.0089866644156541223 -0.035909925026608058 -0.025295292493701885 -0.032645053278401039 0.065298316468006323 -0.0019505844114921589 0.042155519192110538 0.0080131651491964669 0.031896734441496662 0.02217576033502525
leaf_weight=4.481057994067668 512.19417890906334 10.408556446433066 19.092104647308592 20.361190848052502 32.503515567630529 2.6140406280755988 53.406798828393221 1.7077296599745739 101.5234182626009 84.293391764163971 177.31072369217873
leaf_count=14 2082 31 181 128 517 4 507 5 249 150 343
internal_value=0.0115126 0.0134658 0.00928993 0.010805 -0.00795317 -0.0112349 -0.0135636 -0.0295005 0.0196518 0.0274033 0.0170192
internal_weight=1019.9 926.891 553.355 532.555 93.0054 88.5244 85.9103 20.7998 373.536 94.7019 278.834
internal_count=4211 3169 2396 2210 1042 1028 1024 186 773 181 592
is_linear=0
shrinkage=0.03


Tree=44
num_leaves=11
num_cat=0
split_feature=29 28 13 17 1 28 25 25 1 13
split_gain=40.2441 32.1613 27.4942 29.475 20.9636 19.4944 16.4209 26.5386 8.83944 0.0679024
threshold=0.047937107699349883 0.0018371682049028064 0.037891964783457584 -0.0097520339459575851 0.088206360688439914 -0.0033811667480159375 -0.0011302574365555185 -0.00044161127236986788 0.096722496915325723 0.023409904329594455
decision_type=2 2 2 2 2 2 2 2 2 2
left_child=1 2 4 -4 -1 -2 -7 -8 9 -3
right_child=5 8 3 -5 -6 6 7 -9 -10 -11
leaf_value=-0.0011343468113775435 0.04520963692127155 -0.031817401563416926 -0.026626876583981683 0.032880168250176679 0.043161565545391176 0.045955206247880333 -0.013199440275756079 0.015006799630434959 0.031200068242403654 -0.03490555997868381
leaf_weight=226.36368276178837 18.947874516248703 13.097359690815216 8.8395440652966482 49.11743138730526 10.042292110621927 14.488361708819864 31.513416796922684 634.06792869418859 2.0643844678997985 12.546809211373327
leaf_count=1822 18 255 41 116 24 20 124 1662 8 121
internal_value=0.0111526 0.00237841 0.00528696 0.0238042 0.0007473 0.0151953 0.0143591 0.0136713 -0.0285207 -0.0333283
internal_weight=1021.09 322.072 294.363 57.957 236.406 699.018 680.07 665.581 27.7086 25.6442
internal_count=4211 2387 2003 157 1846 1824 1806 1786 384 376
is_linear=0
shrinkage=0.03


Tree=45
num_leaves=15
num_cat=0
split_feature=18 28 26 26 4 5 24 21 24 1 7 13 8 28
split_gain=39.6549 30.8162 29.135 39.8143 17.3785 16.3931 15.9696 21.4485 16.9862 12.024 5.51601 17.0404 5.51599 0.033025
threshold=0.014274814690013753 -0.0025031009171439999 -0.0024080699903713879 -0.0017427818718629034 92.500000000000014 0.013893059640723312 1.111153322755196 72366.500000000015 0.61151578641033466 0.031152166431873029 3322303.6610000008 0.042047030127661193 0.0022855088046125761 0.0012652845293654551
decision_type=2 2 2 2 2 2 2 2 2 2 2 2 2 2
left_child=1 4 5 -4 12 -3 7 13 -9 -6 -8 -12 -1 -2
right_child=6 2 3 -5 9 -7 10 8 -10 -11 11 -13 -14 -15
leaf_value=0.0203998886680288 -0.039248899012012096 -0.022502851536027449 0.03490033719942124 0.00065970191720756864 0.015020603090382868 0.029319475190134798 0.060248764147388764 0.01918139759684941 0.0086186388780775305 0.049979345900523241 -0.010103493746724774 0.045362581067502392 -0.039507580630242144 -0.034900545063693965
leaf_weight=2.1019861921668044 4.601396143436431 58.326668255031109 34.572984948754311 263.5180215574801 15.115398071706293 6.0650135204195967 6.8341260924935368 355.3064900226891 223.02744973823428 21.378828339278698 6.9302368387579945 17.76042178273201 4.045482974499464 2.387588981539011
leaf_count=9 28 476 143 1817 64 26 11 878 627 31 23 25 29 24
internal_value=0.0108078 0.00351584 0.000677988 0.00463098 0.0276395 -0.0176217 0.0155969 0.0144767 0.015108 0.0354999 0.0363963 0.0297942 -0.0190236 -0.0377634
internal_weight=1021.97 405.124 362.483 298.091 42.6417 64.3917 616.848 585.323 578.334 36.4942 31.5248 24.6907 6.14747 6.98899
internal_count=4211 2595 2462 1960 133 502 1616 1557 1505 95 59 48 38 52
is_linear=0
shrinkage=0.03


Tree=46
num_leaves=14
num_cat=0
split_feature=7 28 14 14 13 28 28 26 13 21 1 29 18
split_gain=38.7949 30.5064 27.2003 32.392 24.5284 23.9785 36.3315 15.6268 10.2175 9.12176 4.90357 0.0173783 0.00704984
threshold=19372770.020500001 0.0017423674789256796 0.91696052907323222 0.85995206972567717 0.011499801329464794 -0.0024264220956916791 -0.0020172834128160733 -0.0032537090443233228 0.014099952944346397 1310395.0000000002 0.020966295047469857 0.039075495612090221 0.0085934049864737263
decision_type=2 2 2 2 2 2 2 2 2 2 2 2 2
left_child=1 2 3 -1 11 7 -7 -6 -4 10 -3 12 -2
right_child=4 9 8 -5 5 6 -8 -9 -10 -11 -12 -13 -14
leaf_value=0.0031313351208262404 -0.0326137429578119 -0.00092247811381121914 0.027690672495014598 0.038163580740273706 0.0065459666672002025 -0.015590110549490742 0.014701765357424099 0.041856897532670995 -0.037537313336820866 0.039060772290633317 -0.036041496707598111 -0.036956993102207042 -0.034810679063053761
leaf_weight=195.31863527745008 6.8782120905816537 4.1675947010517183 2.4708338640630272 27.04336005076766 15.12359596788883 37.726136408746243 642.79735703393817 44.378535054624081 17.254000801593065 1.7691185511648644 25.303534463047981 1.1539813801646222 1.625190384685993
leaf_count=1215 101 48 30 105 47 161 1983 56 144 7 288 11 15
internal_value=0.0104719 0.000796522 0.00439689 0.00739191 0.0139994 0.0146193 0.0130225 0.032882 -0.0293665 -0.0271035 -0.0310752 -0.0335024 -0.0330336
internal_weight=1023.01 273.327 242.087 222.362 749.683 740.026 680.523 59.5021 19.7248 31.2402 29.4711 9.65738 8.5034
internal_count=4211 1837 1494 1320 2374 2247 2144 103 174 343 336 127 116
is_linear=0
shrinkage=0.03


Tree=47
num_leaves=14
num_cat=0
split_feature=13 28 3 28 17 22 0 8 4 14 8 28 1
split_gain=32.0179 22.2795 34.7157 24.3961 32.9356 22.3898 21.2895 30.7934 26.3911 16.1301 10.7732 8.14154 5.51737
threshold=0.015343908400756046 -0.0024264220956916791 0.70685161429547694 -0.0020172834128160733 0.005833497362955427 120483537.05350001 0.00086233355796268491 0.0066300732686415008 1.0000000180025095e-35 0.99567453822773377 -0.0099140339049864443 -0.0027620540541272291 0.031152166431873029
decision_type=2 2 2 2 2 2 2 2 2 2 2 2 2
left_child=6 2 12 4 -3 -5 9 8 -8 10 -1 -4 -2
right_child=1 3 11 5 -6 -7 7 -9 -10 -11 -12 -13 -14
leaf_value=0.01267042680253627 0.022465896548061814 -0.022084673531279995 -0.041084589138138401 0.0044596216281164308 0.033264704464703379 0.015018735369037445 0.090163305302131347 0.077430003999443581 -0.014636506677930775 0.083408963511382564 -0.030429486250955592 0.011148697464318943 0.041022765500523237
leaf_weight=6.042011644691228 21.021808862686157 41.670288681983948 7.1173349767923355 269.61820677667856 12.601815573871134 548.22382074967027 2.4220870882272783 5.2199695855379096 20.187175825238228 1.2811996638774861 38.345992103219032 4.3132649138569814 45.916808046400547
leaf_count=49 55 224 42 1369 31 1570 22 26 228 11 515 12 57
internal_value=0.0101469 0.011622 0.026944 0.0102452 -0.00923272 0.0115377 -0.00892991 0.0117537 -0.0034095 -0.0215338 -0.0245628 -0.0213747 0.0351951
internal_weight=1023.98 950.483 78.3692 872.114 54.2721 817.842 73.4984 27.8292 22.6093 45.6692 44.388 11.4306 66.9386
internal_count=4211 3360 166 3194 255 2939 851 276 250 575 564 54 112
is_linear=0
shrinkage=0.03


Tree=48
num_leaves=15
num_cat=0
split_feature=29 28 28 26 28 21 8 5 11 26 28 13 3 29
split_gain=35.8103 31.8479 26.4956 39.7465 39.5648 14.7025 20.099 11.5048 34.9142 26.4252 19.5756 18.6192 16.4273 16.2774
threshold=0.056804537989756702 0.0016973771370070196 0.00034527875204353663 -0.000242579169378048 -0.0025031009171439999 1107125.0000000002 0.0034122866383208945 -0.0053772768799186009 0.01763794311598529 0.0052269899254361214 -0.00058009564634078675 0.04127421164649378 0.27307147578132557 0.092644156711319259
decision_type=2 2 2 2 2 2 2 2 2 2 2 2 2 2
left_child=1 2 4 -4 -1 -3 -7 8 11 12 -10 -2 -9 -11
right_child=7 5 3 -5 -6 6 -8 9 10 13 -12 -13 -14 -15
leaf_value=0.028252776369742494 -0.017491245721762791 -0.030502369349244354 0.047922892311342988 0.009158932750373815 -0.003556831851117975 -0.02552659185094578 0.033693850877599685 0.031332772726131192 0.041027612527462433 -0.034735723671290845 0.009501941245184985 0.016196340999921226 0.016189235151337984 0.028171273115370168
leaf_weight=41.289275094866753 48.807892426848412 32.626419968903065 29.566320069134235 122.18781330808997 238.27896821498871 11.180122412741186 9.5755669288337213 82.446486219763756 29.852977961301804 13.333264768123628 43.640525907278061 21.170912072062492 295.6719564050436 5.124852091073989
leaf_count=132 169 403 95 735 1496 94 40 144 37 59 105 48 645 9
internal_value=0.00983354 0.00391392 0.00661925 0.0167113 0.00114111 -0.0179449 0.00179456 0.0151465 0.00786665 0.0177802 0.0223076 -0.00729963 0.0194912 -0.0172697
internal_weight=1024.75 484.704 431.322 151.754 279.568 53.3821 20.7557 540.049 143.472 396.577 73.4935 69.9788 378.118 18.4581
internal_count=4211 2995 2458 830 1628 537 134 1216 359 857 142 217 789 68
is_linear=0
shrinkage=0.03


Tree=49
num_leaves=12
num_cat=0
split_feature=18 28 3 28 17 29 25 20 29 26 20
split_gain=34.9252 22.3963 30.1415 25.2003 33.7581 22.0125 19.054 15.0138 20.0577 7.94559 5.12882
threshold=0.0082362558840006501 -0.0024264220956916791 0.70685161429547694 -0.0020172834128160733 0.005833497362955427 0.020007434860058581 -0.0011302574365555185 -0.061043866477367294 0.030293764836672763 -0.0028387799636695565 -0.034540011711252309
decision_type=2 2 2 2 2 2 2 2 2 2 2
left_child=6 2 10 4 -3 -5 -1 -8 -9 -4 -2
right_child=1 3 9 5 -6 -7 7 8 -10 -11 -12
leaf_value=0.050887094638454054 0.041511615031235446 -0.024501648749725508 -0.041122788355980593 0.035538794937060796 0.031893439449962591 0.010159325741462463 0.057783560821832024 -0.032582850105508696 -0.0023298778030600509 0.012057803462354848 0.024912441453035655
leaf_weight=4.6822194829583159 37.092167049646378 38.548664219677448 6.4718143492937088 32.034880723804235 12.700270481407641 771.14981136843562 2.7480833530426017 31.212053779512644 53.586219936609268 4.1497908085584623 30.551450632512569
leaf_count=14 44 202 37 94 31 2683 4 518 506 10 68
internal_value=0.00953569 0.0112771 0.0266372 0.00987016 -0.0105261 0.0111716 -0.00807525 -0.0112287 -0.0134652 -0.0203455 0.0340145
internal_weight=1024.93 932.699 78.2652 854.434 51.2489 803.185 92.2286 87.5464 84.7983 10.6216 67.6436
internal_count=4211 3169 159 3010 233 2777 1042 1028 1024 47 112
is_linear=0
shrinkage=0.03


Tree=50
num_leaves=15
num_cat=0
split_feature=18 28 28 28 29 9 9 14 25 6 4 9 15 8
split_gain=33.8233 25.2094 24.5467 44.6333 36.5773 15.5052 20.817 17.1721 16.7009 15.5516 15.1206 12.2289 8.84017 4.86308
threshold=0.014274814690013753 -0.0025031009171439999 0.00036922789529572701 -0.00045580564857229536 0.028047799383313053 13.179700000000002 9.5636843315751854 0.22696891644111225 -1.6287082752274791e-05 5045.5000000000009 92.500000000000014 0.88138679908280149 0.0043722928418237971 0.0022855088046125761
decision_type=2 2 2 2 2 2 2 2 2 2 2 2 2 2
left_child=1 10 3 -3 -4 6 9 8 -7 -2 13 -12 -9 -1
right_child=5 2 4 -5 -6 7 -8 12 -10 -11 11 -13 -14 -15
leaf_value=0.017165583021785159 -0.039729872844668578 0.0023542911717789224 -0.033441057742668936 -0.028572890755470592 0.013099407403704839 0.029001044621329058 -0.045035945511366943 0.049490463181016832 -0.048018764601205924 0.013249001037501299 -0.014074357601717441 0.038524359606751164 0.022258298055426975 -0.039204496424962702
leaf_weight=2.1232644990086547 5.0318988412618628 135.69417394697666 16.901873372495174 60.821401797235012 150.77994363941252 5.5913661196827888 5.6629224121570578 23.993140108883381 4.633680656552313 554.96666916459799 4.5538809150457373 31.464958291500807 19.405756372958422 3.9209803231060505
leaf_count=9 35 813 266 519 864 13 29 32 22 1440 25 70 45 29
internal_value=0.00924304 0.00251645 -2.32519e-05 -0.00721765 0.00840825 0.0136558 0.0121942 0.0290733 -0.00590199 0.012773 0.0245061 0.0318743 0.0373136 -0.0194024
internal_weight=1025.55 406.26 364.197 196.516 167.682 619.285 565.661 53.6239 10.225 559.999 42.0631 36.0188 43.3989 6.04424
internal_count=4211 2595 2462 1332 1130 1616 1504 112 35 1475 133 95 77 38
is_linear=0
shrinkage=0.03


Tree=51
num_leaves=13
num_cat=0
split_feature=29 28 25 25 11 21 21 25 28 5 26 29
split_gain=32.6648 29.975 24.0717 44.9062 19.627 18.7361 17.5963 12.1677 12.3467 23.0288 20.9335 0.163613
threshold=0.056804537989756702 0.0017948943495153769 0.00036884631460968323 0.00034777579305308954 0.017262504658877308 1107125.0000000002 2233166.5000000005 -0.0011302574365555185 -0.00098924068290357956 -0.0053772768799186009 -0.0034707841110313991 0.048901317183759556
decision_type=2 2 2 2 2 2 2 2 2 2 2 2
left_child=1 2 3 -1 -4 11 -7 -2 10 -10 -9 -3
right_child=7 5 4 -5 -6 6 -8 8 9 -11 -12 -13
leaf_value=0.0062736097716527385 0.045180278365456086 -0.032944340124419019 -0.024708578864983684 0.05425073821126692 0.010722015849817076 0.031731456624936899 -0.024844320946094081 0.0038569197250818929 -0.0035520168039376476 0.014466804039483841 0.026064022094898723 -0.037781276126225415
leaf_weight=358.12592712417245 11.061582788825033 19.447553697973493 38.445326410233974 18.463446870446205 22.195162046700716 9.88639994710684 9.9044374376535398 53.806765973567963 84.753011599183083 258.64204505085945 131.73928339779377 9.3054545447230321
leaf_count=1998 13 315 338 52 97 46 82 143 248 588 224 67
internal_value=0.00896244 0.00331806 0.00580117 0.00862584 -0.0117405 -0.0190471 0.00341779 0.01404 0.0133888 0.0100196 0.0196242 -0.0345097
internal_weight=1025.78 485.774 437.23 376.589 60.6405 48.5438 19.7908 540.003 528.941 343.395 185.546 28.753
internal_count=4211 2995 2485 2050 435 510 128 1216 1203 836 367 382
is_linear=0
shrinkage=0.03


Tree=52
num_leaves=14
num_cat=0
split_feature=29 26 11 25 14 8 8 25 25 15 26 3 29
split_gain=30.9955 33.0947 32.1659 33.2124 28.1912 11.1415 16.5227 10.7571 22.8513 16.3919 9.55637 8.14407 0.185723
threshold=0.066283175637756167 0.0050732807347314999 0.017262504658877308 0.00036061617792229307 0.92674780706317084 -0.015039897823304619 -0.017093413424629066 7.8618534774328456e-05 -8.2793588663909222e-05 -0.011581356463387702 -0.0017427818718629034 0.99980000000000036 0.057048793532669069
decision_type=2 2 2 2 2 2 2 2 2 2 2 2 2
left_child=1 2 3 -1 -4 6 10 8 -7 -9 -2 12 -3
right_child=5 11 4 -5 -6 7 -8 9 -10 -11 -12 -13 -14
leaf_value=0.0041731136857140385 0.02768126221246486 -0.033919833455445719 0.018521839955429113 -0.021010205129912973 -0.0094218672234502813 0.019857283068007478 -0.048862557468559824 -0.0040082586561783189 -0.0041332269726557912 0.025605299729336607 -0.0045418282779063138 0.026631116121022182 -0.040017256538758289
leaf_weight=318.58648674376309 13.63556259870529 14.960677038878208 214.86357890069485 55.315562168136239 38.282102610915899 104.87784232199192 5.2780622392892829 18.834018707275391 54.200167462229729 157.51114605367184 21.10248239338398 2.0652867071330538 6.4274190068244925
leaf_count=1893 22 191 687 424 185 207 23 50 147 276 59 11 36
internal_value=0.00869107 0.00472961 0.00603827 0.00044746 0.014296 0.0155549 0.000592414 0.0173399 0.0116834 0.0224425 0.00810655 -0.0302588 -0.0357522
internal_weight=1025.94 650.501 627.048 373.902 253.146 375.439 40.0161 335.423 159.078 176.345 34.738 23.4534 21.3881
internal_count=4211 3427 3189 2317 872 784 104 680 354 326 81 238 227
is_linear=0
shrinkage=0.03


Tree=53
num_leaves=15
num_cat=0
split_feature=18 28 26 26 5 9 9 14 26 11 29 9 6 18
split_gain=30.31 23.4255 25.8816 35.7078 14.9884 14.8504 19.5118 15.8426 19.7108 14.5504 12.3932 13.8481 8.42415 4.59734
threshold=0.014274814690013753 -0.0025031009171439999 -0.0024080699903713879 -0.0017427818718629034 0.013893059640723312 13.179700000000002 9.5636843315751854 0.22696891644111225 0.0014478290954663196 0.0068961898330471205 0.032610895418817239 0.82365129773834111 656184.00000000012 0.010200760712182453
decision_type=2 2 2 2 2 2 2 2 2 2 2 2 2 2
left_child=1 10 4 -4 -3 6 9 8 -7 -2 13 -12 -9 -1
right_child=5 2 3 -5 -6 7 -8 12 -10 -11 11 -13 -14 -15
leaf_value=-0.035002815287505512 0.0023069737408043223 -0.02250751485617777 0.031560925397453657 -0.00048017310506086482 0.026765209805564787 -0.047944390176663694 -0.044664509297566511 0.021056815036839299 0.035504615434351974 0.014209030514858995 -0.018183095056001922 0.037070563336806778 0.047581620635943039 0.023506720078275242
leaf_weight=4.0409317426383486 116.77239149436355 57.548289123922586 35.490669097751379 265.31644401140511 6.1500595249235621 5.0664585977792722 5.5767062604427329 19.691904205828905 5.1236477196216583 443.69730780273676 4.6939834877848616 31.330406628549099 23.80096173286438 1.7244057059288023
leaf_count=44 348 476 143 1817 26 23 29 47 12 1127 23 60 30 6
internal_value=0.00842884 0.00206066 -0.000378433 0.00330019 -0.0177502 0.0126038 0.0111737 0.0276837 -0.00598572 0.0117293 0.0233353 0.029871 0.0355722 -0.0175027
internal_weight=1026.02 406.295 364.505 300.807 63.6983 619.729 566.046 53.683 10.1901 560.47 41.7897 36.0244 43.4929 5.76534
internal_count=4211 2595 2462 1960 502 1616 1504 112 35 1475 133 83 77 50
is_linear=0
shrinkage=0.03


Tree=54
num_leaves=14
num_cat=0
split_feature=7 28 14 14 13 28 28 26 13 22 3 18 29
split_gain=30.4037 26.1647 24.698 27.3751 20.5183 20.0665 30.9517 14.1569 10.5233 7.84066 5.15522 0.0146475 0.00643321
threshold=19372770.020500001 0.0017423674789256796 0.91696052907323222 0.85995206972567717 0.011499801329464794 -0.0024264220956916791 -0.0020172834128160733 -0.0032537090443233228 0.013975109480378596 152627080.11350003 0.0039797082787930487 0.0085934049864737263 0.037440950988187942
decision_type=2 2 2 2 2 2 2 2 2 2 2 2 2
left_child=1 2 3 -1 11 7 -7 -6 -4 10 -3 12 -2
right_child=4 9 8 -5 5 6 -8 -9 -10 -11 -12 -13 -14
leaf_value=0.0017259887374147637 -0.0324138642669368 0.0014391559778873864 0.029378052095576767 0.033458800958628361 0.0039736379465439035 -0.016101632989952191 0.01194973816779803 0.037873055788481061 -0.037670300830977832 0.032950984899952233 -0.036017149696836677 -0.035691814352752142 -0.035070736744744563
leaf_weight=196.64711237698793 6.2374307438731176 3.8327063508331838 2.4011258482933071 27.943874500691891 15.060469977557657 37.4454913623631 648.46579250693321 42.027463674545288 17.186269331723452 1.8463716320693482 24.112329898402095 1.9556203037500379 0.94440612941980351
leaf_count=1215 99 34 29 105 47 161 1983 56 145 7 302 18 10
internal_value=0.00817451 -0.000381772 0.00285655 0.00567422 0.0112912 0.0118407 0.0104183 0.02893 -0.0294512 -0.0269239 -0.03088 -0.03339 -0.0327632
internal_weight=1026.11 273.97 244.178 224.591 752.137 742.999 685.911 57.0879 19.5874 29.7914 27.945 9.13746 7.18184
internal_count=4211 1837 1494 1320 2374 2247 2144 103 174 343 336 127 109
is_linear=0
shrinkage=0.03


Tree=55
num_leaves=15
num_cat=0
split_feature=7 28 14 14 13 28 28 26 13 21 9 29 29 26
split_gain=28.5579 25.0796 23.5565 25.3845 19.5657 19.2478 29.1043 13.6121 10.1437 8.06118 11.7237 0.413755 0.0131584 0.00438038
threshold=19372770.020500001 0.0017423674789256796 0.91696052907323222 0.85995206972567717 0.011499801329464794 -0.0024264220956916791 -0.0020172834128160733 -0.0032537090443233228 0.013975109480378596 504079.50000000006 1.1152057280614158 0.057048793532669069 0.039075495612090221 -0.00075080435597759245
decision_type=2 2 2 2 2 2 2 2 2 2 2 2 2 2
left_child=1 2 3 -1 12 7 -7 -6 -4 11 -11 -3 13 -2
right_child=4 9 8 -5 5 6 -8 -9 -10 10 -12 -13 -14 -15
leaf_value=0.0016728740496440536 -0.033641875108494257 -0.032964630353551586 0.027813184311124148 0.032073355530929354 0.0038522609179403844 -0.015694247268175438 0.011566848423545726 0.037132718085069912 -0.037426309046651333 0.040716193683636596 -0.036080229086692207 -0.041971103407276986 -0.036370429728581954 -0.0322126398787893
leaf_weight=196.80164659395814 3.4964213594794273 15.53311163373292 2.4592171087861088 28.271275699138641 15.068813808262346 37.267693817615509 649.8126146607101 41.586139179766178 16.785422626882792 3.4595654029399148 3.7050822749733925 6.5165980234742156 1.0909689031541345 4.3077271059155446
leaf_count=1215 41 256 29 105 47 161 1983 56 145 16 37 34 11 75
internal_value=0.00792796 -0.00037367 0.00276755 0.00549146 0.0109451 0.011474 0.0100882 0.0282809 -0.0290895 -0.0266435 0.00100216 -0.0356264 -0.0332844 -0.032853
internal_weight=1026.16 273.532 244.318 225.073 752.63 743.735 687.08 56.655 19.2446 29.2144 7.16465 22.0497 8.89512 7.80415
internal_count=4211 1837 1494 1320 2374 2247 2144 103 174 343 53 290 127 116
is_linear=0
shrinkage=0.03


Tree=56
num_leaves=11
num_cat=0
split_feature=18 25 28 18 13 14 17 1 20 8
split_gain=28.1166 23.0246 23.1326 24.5047 17.5139 8.40128 27.4875 5.13405 2.63738 1.39024
threshold=0.0068898026039931502 -0.0011302574365555185 -0.0033811667480159375 0.014274814690013753 0.033237711470505908 0.13022393074367047 -0.0014332951732528422 0.046496941131471826 -0.0063324980503343554 1.0000000180025095e-35
decision_type=2 2 2 2 2 2 2 2 2 2
left_child=4 8 9 -4 5 6 -1 -7 -2 -3
right_child=1 2 3 -5 -6 7 -8 -9 -10 -11
leaf_value=-0.033140942371216453 0.028327213969472197 0.03197322879825909 0.00090047625602109993 0.011027515761823703 0.058602286850919533 -0.028417226679537545 0.097209255448316698 0.012705803159441387 0.052212409507289122 0.047203603411847025
leaf_weight=4.2073993850499392 6.8240817040205028 12.401103362441065 332.96486552804708 607.20527170225978 2.7314898818731299 34.386241568252444 2.2264354899525634 2.968174420297145 10.659955561161039 9.5462031327187997
leaf_count=64 16 22 1891 1602 5 545 11 26 14 15
internal_value=0.00768956 0.00877173 0.00815172 0.00744099 -0.0150986 -0.0196961 0.0119669 -0.0251496 0.0428899 0.0385978
internal_weight=1026.12 979.601 962.117 940.17 46.5197 43.7883 6.43383 37.3544 17.484 21.9473
internal_count=4211 3560 3530 3493 651 646 75 571 30 37
is_linear=0
shrinkage=0.03


Tree=57
num_leaves=14
num_cat=0
split_feature=29 28 25 14 13 21 21 8 13 28 15 6 29
split_gain=27.235 35.3453 24.5134 28.2608 20.8523 20.4557 12.9805 10.7302 14.43 22.0819 8.9335 8.98339 0.463916
threshold=0.067511903309854585 0.0020151440187790846 0.00060394083698791785 0.96224234703932621 0.0099551874070447095 1107125.0000000002 2233166.5000000005 -0.015039897823304619 0.05688836410104204 -0.00063579437725076206 -0.024195810589443648 62234.000000000007 0.050686854471700231
decision_type=2 2 2 2 2 2 2 2 2 2 2 2 2
left_child=1 2 4 -4 -1 12 -7 8 9 -2 -9 -12 -3
right_child=7 5 3 -5 -6 6 -8 10 -10 -11 11 -13 -14
leaf_value=-0.03264202242540399 0.019294646243329668 -0.033123953832052577 -0.039082241837893661 0.03952818724126779 0.0079549659246491156 0.026311955530994916 -0.018434953538186517 -0.049376259484998887 0.035789707773057094 -0.033047308848242321 -0.0038997879154844548 0.017797629376584693 -0.040764565370896094
leaf_weight=11.611492935568092 12.771444186568262 16.586328804492954 20.103223152458671 5.1755535043776026 588.96051414497197 10.354437716305258 13.366258863359688 1.8631775528192509 7.6510499715805045 16.791260212659836 18.254770398139954 290.02527962625027 12.573689371347426
leaf_count=185 23 278 160 14 2649 42 87 8 11 63 55 560 76
internal_value=0.00745845 0.00396197 0.00595196 -0.0229876 0.00717006 -0.0195899 0.00109774 0.0142905 -0.000931285 -0.010435 0.016117 0.0165128 -0.0364186
internal_weight=1026.09 678.731 625.851 25.2788 600.572 52.8807 23.7207 347.357 37.2138 29.5627 310.143 308.28 29.16
internal_count=4211 3491 3008 174 2834 483 129 720 97 86 623 615 354
is_linear=0
shrinkage=0.03


Tree=58
num_leaves=15
num_cat=0
split_feature=18 28 3 28 17 28 28 28 18 24 1 7 1 26
split_gain=25.9374 18.2802 27.5112 21.38 30.0949 18.3853 17.0313 35.4696 21.29 15.3457 22.8961 16.0396 11.7982 6.65462
threshold=0.0082362558840006501 -0.0024264220956916791 0.70685161429547694 -0.0020172834128160733 0.005833497362955427 -0.0010465884165619887 0.00079436090949694881 0.0008823743806248821 0.0069775410628121369 0.21811853178883642 0.046496941131471826 617036067.58799994 0.02137088628802564 -0.0028387799636695565
decision_type=2 2 2 2 2 2 2 2 2 2 2 2 2 2
left_child=6 2 12 4 -3 -5 9 -8 -9 10 -1 -11 -2 -4
right_child=1 3 13 5 -6 -7 7 8 -10 11 -12 -13 -14 -15
leaf_value=-0.032702879292298974 -0.042672895122523244 -0.024646515462008533 -0.041092193863708874 0.017148978409415289 0.028310915215117957 0.0062566354209455284 0.083034846491442715 -0.032641221621440744 0.020251033097035086 -0.028420098161566258 0.077295677805985133 0.033760988144071802 0.032459743414131263 0.0078203379665202372
leaf_weight=3.2800017036497584 1.9391185045242298 38.350326031446457 6.43663489818573 179.15062397345901 12.908724740147589 629.62027459405363 4.9704032391309729 12.660732366144659 14.920964984223245 47.084103628993034 3.5423295125365257 4.0550878867506972 62.810543388128281 4.0966741591691953
leaf_count=54 13 202 37 514 31 2263 22 243 123 569 6 25 99 10
internal_value=0.00723548 0.00871945 0.0228951 0.00747859 -0.0113101 0.0086694 -0.008099 0.00926576 -0.00402792 -0.0178513 0.0244112 -0.0234894 0.0302097 -0.0220689
internal_weight=1025.83 935.313 75.283 860.03 51.2591 808.771 90.5136 32.5521 27.5817 57.9615 6.82233 51.1392 64.7497 10.5333
internal_count=4211 3169 159 3010 233 2777 1042 388 366 654 60 594 112 47
is_linear=0
shrinkage=0.03


Tree=59
num_leaves=14
num_cat=0
split_feature=7 14 14 5 27 13 26 25 13 13 18 18 9
split_gain=24.9078 23.6189 24.1903 21.226 17.7989 17.2973 16.1094 21.9934 15.8106 15.4175 0.205886 0.0139627 0.0031902
threshold=19372770.020500001 0.91696052907323222 0.85995206972567717 -0.0058846382000616376 0.0095648759856418134 0.011499801329464794 -0.0038807575054337217 0.00020685594365150631 0.011010548180112023 0.012174712525766808 0.014491479951348534 0.0085934049864737263 0.89510901167976342
decision_type=2 2 2 2 2 2 2 2 2 2 2 2 2
left_child=1 2 3 -1 -4 11 7 -7 -3 -8 -10 12 -2
right_child=5 8 4 -5 -6 6 9 -9 10 -11 -12 -13 -14
leaf_value=-0.019393741851038798 -0.033909624393923206 0.061351283092621403 -0.036320334302965426 0.0032653588603637389 0.033984327458573653 -0.031037237174116938 0.059816007677874053 0.0095708625834459871 -0.034328159285602483 0.011097140172885118 -0.040304170098566579 -0.035397032814883891 -0.032148213774854259
leaf_weight=47.624829178676009 1.1184434853494147 1.5831472985446478 3.6518450584262601 170.09132570959628 28.800890129059553 19.463439125567675 5.8961745128035536 31.318110480904579 11.817239493131639 687.54233368486166 9.2498922012746316 1.8664114400744436 5.362184576690197
leaf_count=382 14 18 41 1101 95 96 27 90 140 2034 60 18 95
internal_value=0.00702008 -0.000745611 0.00191042 -0.00169126 0.0260731 0.00983529 0.010317 -0.00599332 -0.0300811 0.0115114 -0.036952 -0.0331107 -0.0324522
internal_weight=1025.39 272.819 250.169 217.716 32.4527 752.567 744.22 50.7815 22.6503 693.439 21.0671 8.34704 6.48063
internal_count=4211 1837 1619 1483 136 2374 2247 186 218 2061 200 127 109
is_linear=0
shrinkage=0.03


Tree=60
num_leaves=15
num_cat=0
split_feature=29 28 29 28 29 1 23 5 11 26 28 29 13 26
split_gain=25.0929 22.2918 21.2699 30.6775 27.1272 11.1503 16.8936 9.57271 31.8018 24.5874 20.0378 18.2456 15.2143 14.479
threshold=0.055796232233848483 -0.0025031009171439999 0.020007434860058581 0.00034527875204353663 0.019982888506241938 0.031152166431873029 0.92540665375638942 -0.0053772768799186009 0.01763794311598529 0.0052269899254361214 -0.00058009564634078675 0.074632139272357553 0.034955919249306293 -0.0044991700468298744
decision_type=2 2 2 2 2 2 2 2 2 2 2 2 2 2
left_child=1 5 4 -4 -3 6 -1 8 11 13 -10 -2 -11 -9
right_child=7 2 3 -5 -6 -7 -8 9 10 12 -12 -13 -14 -15
leaf_value=-0.037869584419418199 0.00086285021622173308 -0.033997795956853316 -0.010871229389590165 0.0060639837687261992 0.031082385180542862 0.03800824603702211 0.024774186797035722 -0.021259286776470647 0.036723215775071323 0.0057423703750521336 0.0053248497807773017 -0.031070378058315046 -0.048153584621556493 0.015985950226160357
leaf_weight=5.5119282416999367 49.927747033536434 6.9289972726255646 195.44867122545838 189.7084102332592 34.294153010472655 21.207955345511436 13.041726645082234 9.6307390034198743 31.119156047701836 9.8815572783350962 44.381181254982948 23.769861951470375 9.0139251202344877 381.77777904272079
leaf_count=45 146 112 1323 1259 107 43 42 36 40 29 108 85 42 794
internal_value=0.00680658 0.00166566 -0.000337739 -0.00252982 0.0201434 0.023149 0.00616395 0.0110897 0.00458224 0.0134559 0.0182664 -0.00943665 -0.0199682 0.0150695
internal_weight=1025.64 466.142 426.38 385.157 41.2232 39.7616 18.5537 559.502 149.198 410.304 75.5003 73.6976 18.8955 391.409
internal_count=4211 2931 2801 2582 219 130 87 1280 379 901 148 231 71 830
is_linear=0
shrinkage=0.03


Tree=61
num_leaves=15
num_cat=0
split_feature=29 28 25 14 21 13 21 8 13 28 6 25 15 29
split_gain=24.3505 33.02 22.8515 26.6511 19.5852 18.7628 11.9913 9.93915 13.7097 20.2776 7.97652 17.7186 8.57788 0.436901
threshold=0.067511903309854585 0.0020151440187790846 0.00060394083698791785 0.96224234703932621 1107125.0000000002 0.0099551874070447095 2233166.5000000005 -0.015039897823304619 0.05688836410104204 -0.00063579437725076206 62234.000000000007 0.00033086313526315808 -0.024195810589443648 0.050686854471700231
decision_type=2 2 2 2 2 2 2 2 2 2 2 2 2 2
left_child=1 2 5 -4 13 -1 -6 8 9 -2 11 -9 -12 -3
right_child=7 4 3 -5 6 -7 -8 10 -10 -11 12 -13 -14 -15
leaf_value=-0.032509288717951418 0.017797919956580043 -0.033082289238289264 -0.038962295545599143 0.0371046002608795 0.024499754438339374 0.0071091042948043214 -0.018376141159072854 -0.033043982301199058 0.034239816794648582 -0.032616524883743093 -0.048672560846595291 0.026135870559185453 0.016464471916283564 -0.04056999581384587
leaf_weight=10.9580160677433 12.59424725174904 16.175381388515238 19.667718246579174 5.2524638026952735 10.493176441639664 590.52778874523938 13.326246019452809 9.4079575985670107 7.614049717783927 16.703738495707512 1.8310964107513417 8.8238540291786176 288.82022988796234 12.382067307829855
leaf_count=185 23 278 160 14 42 2649 87 38 11 63 8 17 560 76
internal_value=0.00660871 0.00330771 0.00522102 -0.0229296 -0.0195747 0.00638733 0.000511988 0.0130885 -0.00162448 -0.010945 0.0148467 -0.00440205 0.0160541 -0.0363288
internal_weight=1024.58 678.783 626.406 24.9202 52.3769 601.486 23.8194 345.795 36.912 29.298 308.883 18.2318 290.651 28.5574
internal_count=4211 3491 3008 174 483 2834 129 720 97 86 623 55 568 354
is_linear=0
shrinkage=0.03


Tree=62
num_leaves=13
num_cat=0
split_feature=29 5 9 9 0 1 13 9 25 28 11 8
split_gain=23.2204 21.7479 19.3453 31.7765 16.1114 13.9641 14.9105 33.6071 17.7131 11.4486 22.2667 13.5706
threshold=0.05048000497443051 0.025981849326998516 0.84658836127225623 0.96602810621836011 -0.0019133019076098404 0.039852848558479335 0.027353841529609253 0.84658836127225623 -0.00044161127236986788 -0.00098924068290357956 0.0071377907606334544 -0.020962129572046167
decision_type=2 2 2 2 2 2 2 2 2 2 2 2
left_child=1 2 4 -4 -1 6 7 -2 -8 11 -11 -7
right_child=5 -3 3 -5 -6 9 8 -9 -10 10 -12 -13
leaf_value=0.013781186321346157 0.010967476090386378 0.046341504859764168 0.034964600946627483 -0.00064091924812972542 -0.025738951354369748 0.045147031248719036 -0.026225084072656678 -0.020819438326988033 0.01215966810212263 -0.015690755118326186 0.014150994216107758 0.017396102612678304
leaf_weight=11.854611855000256 69.597897805273533 9.0561422295868379 24.51304698549211 282.94924071803689 42.81609251908958 18.756074592471123 11.382323086261747 52.527356550097466 218.93921312689781 26.399444349110126 152.48597896844149 102.68923908472061
leaf_count=94 208 21 119 1914 431 22 46 212 512 87 336 209
internal_value=0.00641326 0.00042228 -0.000726058 0.0021978 -0.0171695 0.00981992 0.00576952 -0.00270441 0.0102627 0.0145732 0.00974703 0.021682
internal_weight=1023.97 371.189 362.133 307.462 54.6707 652.778 352.447 122.125 230.322 300.331 178.885 121.445
internal_count=4211 2579 2558 2033 525 1632 978 420 558 654 423 231
is_linear=0
shrinkage=0.03


Tree=63
num_leaves=12
num_cat=0
split_feature=18 25 25 25 18 5 8 24 10 24 9
split_gain=22.2487 21.4383 21.4334 35.2188 20.4479 16.5196 13.4134 18.5072 3.93687 3.46591 2.56706
threshold=0.0068898026039931502 -0.0011302574365555185 -0.00044161127236986788 -0.00040950722489395099 0.013627689858490001 -0.012899762069467262 0.0093566456402726251 0.29506148141523464 -0.0058446468206119961 0.6634792002167591 1.2220469142057546
decision_type=2 2 2 2 2 2 2 2 2 2 2
left_child=5 10 4 -4 -3 8 9 -8 -1 -7 -2
right_child=1 2 3 -5 -6 6 7 -9 -10 -11 -12
leaf_value=0.092618898186741183 0.026469672879673996 -0.038704089657185616 0.037160696077549925 0.0064037770694838955 0.0023236137073156882 -0.032896990252308154 0.059227854123960699 -0.032947367512264382 0.025358766133664057 -0.0075201277211691814 0.049797689463597541
leaf_weight=1.1719175949692728 7.268711723387244 17.686936525627971 34.832305107265711 880.4030595831573 28.630278553813696 27.043972147628665 4.1105880327522746 3.7479487508535385 2.3613021355122319 5.9006214775145045 10.20710042119026
leaf_count=7 17 144 66 3221 99 451 16 60 26 91 13
internal_value=0.0062239 0.00716522 0.00656674 0.00757433 -0.0133434 -0.0145623 -0.019951 0.015267 0.047668 -0.0283518 0.0400949
internal_weight=1023.36 979.028 961.553 915.235 46.3172 44.3364 40.8031 7.85854 3.53322 32.9446 17.4758
internal_count=4211 3560 3530 3287 243 651 618 76 33 542 30
is_linear=0
shrinkage=0.03


Tree=64
num_leaves=15
num_cat=0
split_feature=29 28 25 17 12 21 21 8 13 28 25 29 8 29
split_gain=21.8926 30.956 21.5737 20.8958 19.1763 18.9268 11.3417 9.56765 13.0564 18.5689 7.8479 21.602 12.2744 0.401506
threshold=0.067511903309854585 0.0020151440187790846 0.00060394083698791785 0.013344533665345803 -0.0034454683668456196 1107125.0000000002 2233166.5000000005 -0.015039897823304619 0.05688836410104204 -0.00063579437725076206 7.8618534774328456e-05 0.076373763725712432 0.0085739050792153632 0.050686854471700231
decision_type=2 2 2 2 2 2 2 2 2 2 2 2 2 2
left_child=1 2 4 -4 -1 13 -7 8 9 -2 11 -9 -12 -3
right_child=7 5 3 -5 -6 6 -8 10 -10 -11 12 -13 -14 -15
leaf_value=0.0026241039935567764 0.016270817233599608 -0.033013484989480202 -0.038686405584812962 0.025384792690280624 0.014690074732786077 0.023414003338726907 -0.018249111868158474 0.020800803997257568 0.032763312840294004 -0.032171863785803376 0.013329378308113609 -0.0021965869944667155 0.031786849592392773 -0.040273407625117802
leaf_weight=440.07651105895638 12.453396379947664 15.729240439832212 18.480506964027885 6.0910889729857436 162.25041733495891 10.569973833858969 13.254761811345814 71.129675284028053 7.5851416140794745 16.633396133780479 115.67979617416859 76.077873453497887 45.056364297866821 12.15336913615465
leaf_count=2056 23 278 158 16 778 42 87 131 11 63 232 194 66 76
internal_value=0.00603722 0.00291011 0.0047503 -0.0228037 0.00587435 -0.0194003 0.000234956 0.012195 -0.0022902 -0.0114313 0.01392 0.00891559 0.0185032 -0.0361779
internal_weight=1023.22 678.606 626.899 24.5716 602.327 51.7073 23.8247 344.616 36.6719 29.0868 307.944 147.208 160.736 27.8826
internal_count=4211 3491 3008 174 2834 483 129 720 97 86 623 325 298 354
is_linear=0
shrinkage=0.03


Tree=65
num_leaves=15
num_cat=0
split_feature=18 3 25 25 0 1 9 21 21 25 14 26 13 12
split_gain=21.1155 19.9677 20.39 24.3716 18.5634 14.6052 13.9854 23.8866 16.0252 11.9393 11.007 22.1866 11.4423 10.2689
threshold=0.014274814690013753 0.95386865272306365 -0.0011302574365555185 -0.00044161127236986788 -0.0037750722105443428 0.023947878890107105 13.179700000000002 8731770.0000000019 66843.500000000015 0.00036061617792229307 0.23529411764706068 0.0014478290954663196 0.025744324689285288 -0.043363367899502937
decision_type=2 2 2 2 2 2 2 2 2 2 2 2 2 2
left_child=1 2 -1 -4 5 -3 7 8 -2 -9 11 -8 -12 -6
right_child=6 4 3 -5 13 -7 10 9 -10 -11 12 -13 -14 -15
leaf_value=0.04089955839419776 -0.03775278692432224 -0.038361569363319005 -0.031145603192627231 0.0032271448591576256 0.050954245333369043 0.036657256506090946 -0.048837057970208646 -0.050048968493660827 0.0094867821526794689 0.01069298114605562 -0.04386082059810531 0.035133661941932279 0.034313300115332769 -0.038538053132964968
leaf_weight=12.119183607399462 6.5407006591558448 3.4386101923882944 19.649758299812675 336.34590006060898 1.2106051445007313 7.2817823719233274 5.0853426456451398 9.4198928177356702 544.13192963972688 4.2157361954450598 1.7583430781960476 6.3907062038779259 40.463303007185459 24.669957766309384
leaf_count=26 51 28 177 2096 1 33 23 42 1401 10 10 13 66 234
internal_value=0.0058582 0.000531424 0.00263261 0.00132989 -0.0206013 0.0125947 0.00934657 0.00795444 0.00892569 -0.0312693 0.0239765 -0.002076 0.0310577 -0.0343519
internal_weight=1022.72 404.716 368.115 355.996 36.601 10.7204 618.006 564.308 550.673 13.6356 53.6977 11.476 42.2216 25.8806
internal_count=4211 2595 2299 2273 296 61 1616 1504 1452 52 112 36 76 235
is_linear=0
shrinkage=0.03


Tree=66
num_leaves=13
num_cat=0
split_feature=29 5 23 28 1 26 15 24 13 25 28 18
split_gain=20.6032 19.8078 22.5245 18.1927 12.686 15.4231 21.7764 15.0609 11.193 17.1005 12.3341 0.116831
threshold=0.05048000497443051 0.025981849326998516 0.66253273737179097 -0.0025031009171439999 0.039852848558479335 -0.0032537090443233228 0.0078764554743142104 0.32473913242689206 0.03149189606282695 0.00021089200597581385 0.00034527875204353663 0.014126140978941297
decision_type=2 2 2 2 2 2 2 2 2 2 2 2
left_child=1 2 11 -4 5 6 -2 -7 9 -6 -10 -1
right_child=4 -3 3 -5 8 7 -8 -9 10 -11 -12 -13
leaf_value=-0.033592790174370793 -0.030716260791302852 0.043753670078575398 0.022406957769978572 -0.0015692554705644532 0.009910549662956453 0.034770269715618071 0.030855293613695635 0.0054020295119155222 0.014971115694036216 0.031796257312886017 -0.0015341805556604278 -0.04017877645690883
leaf_weight=14.114774977788331 21.771647192537788 9.1018591895699483 31.32670234143734 313.71167027577758 69.008178576827049 16.564021058380604 6.7795513346791259 306.91747462004423 102.09313024580479 60.127924874424934 67.8136917501688 2.926807176321744
leaf_count=188 88 21 108 2244 172 42 14 834 203 105 174 18
internal_value=0.00568413 4.34609e-05 -0.00105531 0.000607591 0.00889991 0.00504031 -0.0160959 0.00690584 0.0134434 0.0201009 0.00838348 -0.0347239
internal_weight=1022.26 371.182 362.08 345.038 651.076 352.033 28.5512 323.481 299.043 129.136 169.907 17.0416
internal_count=4211 2579 2558 2352 1632 978 102 876 654 277 377 206
is_linear=0
shrinkage=0.03


Tree=67
num_leaves=11
num_cat=0
split_feature=18 25 28 25 13 24 7 4 27 21
split_gain=20.1959 19.2243 19.7302 17.8796 14.3137 12.2864 17.1751 3.05416 2.61459 1.33088
threshold=0.0068898026039931502 -0.0011302574365555185 -0.0033811667480159375 -0.00044161127236986788 0.033237711470505908 0.29506148141523464 112429550.96800001 1.0000000180025095e-35 -0.00086272620843433237 598760.00000000012
decision_type=2 2 2 2 2 2 2 2 2 2
left_child=4 8 9 -4 5 6 -1 -7 -2 -3
right_child=1 2 3 -5 -6 7 -8 -9 -10 -11
leaf_value=-0.012227577561386788 0.025508406792226757 0.025111730847721753 -0.013105098630740769 0.0061374778936009464 0.052221221848765036 -0.010142031310698546 0.080473860704634692 -0.033007789112318872 0.04875362886648052 0.040829217934590149
leaf_weight=7.3102659676223976 8.3633739650249499 7.8038541525602367 45.677589472383261 894.47013747133315 2.7155586034059516 6.6979005094617632 2.3857817612588406 24.443288799375296 9.0861648991703969 12.803491920232771
leaf_count=124 18 21 243 3250 5 110 5 407 12 16
internal_value=0.00551588 0.00640584 0.00583906 0.00520257 -0.0144729 -0.0189078 0.0105823 -0.0280898 0.0376124 0.0348771
internal_weight=1021.76 978.205 960.755 940.148 43.5528 40.8372 9.69605 31.1412 17.4495 20.6073
internal_count=4211 3560 3530 3493 651 646 129 517 30 37
is_linear=0
shrinkage=0.03


Tree=68
num_leaves=15
num_cat=0
split_feature=7 14 14 5 12 13 26 25 22 13 6 13 29 18
split_gain=19.7418 21.8819 21.2863 19.4767 16.6847 15.5012 14.6753 19.6646 14.9225 14.898 14.8843 13.9091 0.407341 0.0161963
threshold=19372770.020500001 0.91696052907323222 0.85995206972567717 -0.0058846382000616376 -0.011486582905516808 0.011010548180112023 -0.0038807575054337217 0.00020685594365150631 133854016.03600001 0.011499801329464794 83036.000000000015 0.012174712525766808 0.055796232233848483 0.0085934049864737263
decision_type=2 2 2 2 2 2 2 2 2 2 2 2 2 2
left_child=1 2 3 -1 -4 -3 7 10 -9 13 -2 -11 -7 -8
right_child=6 5 4 -5 -6 12 9 8 -10 11 -12 -13 -14 -15
leaf_value=-0.019542489642477717 0.018234923046033726 0.059681825604809918 -0.044349963536440114 0.0022925231978692608 0.030309336593214904 -0.034353995424058599 -0.032262176942516534 0.047852783672514533 -0.0034552825485573402 0.054511754724058038 -0.044980141412317411 0.0090467199580038394 -0.043625634900946002 -0.035620843990333155
leaf_weight=46.941146403551102 4.2868711948394802 1.6067906878888631 2.962655007839202 169.61965660564601 29.705282399430871 14.644517837092282 5.8640229497104874 6.4244325421750572 24.777902334928513 6.1099620983004561 15.374615158885716 685.59136395156384 6.0168878808617583 1.657405227422714
leaf_count=382 15 18 19 1101 117 170 107 9 81 27 85 2034 30 16
internal_value=0.0053509 -0.00158097 0.000964832 -0.00244038 0.0235385 -0.0300739 0.00785993 -0.00769838 0.00710884 0.00899169 -0.0311971 0.00944832 -0.037054 -0.0330023
internal_weight=1021.58 271.497 249.229 216.561 32.6679 22.2682 750.087 50.8638 31.2023 699.223 19.6615 691.701 20.6614 7.52143
internal_count=4211 1837 1619 1483 136 218 2374 190 90 2184 100 2061 200 123
is_linear=0
shrinkage=0.03


Tree=69
num_leaves=15
num_cat=0
split_feature=18 9 14 12 1 18 29 23 29 8 24 25 29 15
split_gain=19.5541 20.3993 24.192 20.1506 17.3452 30.8621 16.5029 13.6916 17.4938 14.2444 13.5316 12.0347 16.1198 13.0407
threshold=0.017130281898837803 1.7223685482157378 0.95375705375705488 -0.013656854763534955 0.033529024391366354 0.0083805571025132464 0.060376356237092997 2.2991587525253752 0.045507772239297049 -0.016392489657756734 0.66921020745020576 0.00035709747270263323 0.083589255151850853 -0.016930749343011028
decision_type=2 2 2 2 2 2 2 2 2 2 2 2 2 2
left_child=1 2 3 -1 5 -3 -6 8 9 -2 -10 13 -13 -9
right_child=7 4 -4 -5 6 -7 -8 11 10 -11 -12 12 -14 -15
leaf_value=-0.0036653560485842948 0.028826773216186981 -0.027836098108496073 -0.032289126513966079 0.011437427109239688 -0.022890917819020216 0.012558963426002802 0.0062656218370602769 -0.013623715323508706 0.013347321453961268 -0.034161155571446486 0.00040624209573609734 -0.032916845880717249 0.030924052955949924 0.026442822554794562
leaf_weight=113.63167147710919 4.1021494120359447 22.56213341653347 14.727079771459101 264.77151465788484 70.756605248898268 69.322190782055259 23.200252786278725 7.9842990711331359 199.16950963437557 15.220234885811804 114.53936712443829 8.4985356554388982 6.1251292824745169 86.702585205435753
leaf_count=456 12 338 114 1293 505 361 56 29 445 90 300 37 9 166
internal_value=0.00519068 0.00156231 0.00543403 0.00690217 -0.00662795 0.00263998 -0.0156915 0.00993977 0.00691593 -0.0207888 0.00862236 0.0191524 -0.00617705 0.0230643
internal_weight=1021.31 578.971 393.13 378.403 185.841 91.8843 93.9569 442.342 333.031 19.3224 313.709 109.311 14.6237 94.6869
internal_count=4211 3123 1863 1749 1260 699 561 1088 847 102 745 241 46 195
is_linear=0
shrinkage=0.03


Tree=70
num_leaves=14
num_cat=0
split_feature=18 25 25 1 28 24 21 24 28 7 13 18 28
split_gain=18.4491 17.7687 16.9577 26.9937 19.2754 14.389 14.834 14.0276 10.4574 5.00355 15.9874 0.298731 0.037995
threshold=0.014274814690013753 0.00057737215842103577 0.00033086313526315808 0.02122120537731324 -0.0025031009171439999 1.111153322755196 72366.500000000015 0.61151578641033466 0.0017423674789256796 3322303.6610000008 0.042047030127661193 0.011590393569198271 0.0012652845293654551
decision_type=2 2 2 2 2 2 2 2 2 2 2 2 2
left_child=1 2 4 -4 -1 6 12 -8 11 -7 -11 -3 -2
right_child=5 8 3 -5 -6 9 7 -9 -10 10 -12 -13 -14
leaf_value=0.018188538297141919 -0.039138392810977432 -0.034707955972403476 -0.036749113154625042 0.022864163669306041 -0.0040984159118039164 0.050279659938518621 0.011461670074327867 0.0018742120645588384 0.012405120818068735 -0.017250752538958785 0.036724187783276775 -0.042927418455488697 -0.034220117878332824
leaf_weight=39.915897805243731 4.508077733218669 8.3250472024083155 7.7832877002656451 56.185210445895791 279.3674033600837 7.0617130473256138 354.3684035949409 224.27033407613635 4.6703149601817122 6.8583325892686871 17.647905871272087 7.6240586638450614 2.0594668127596378
leaf_count=133 28 103 81 282 1931 11 878 627 17 23 25 48 24
internal_value=0.00503728 5.28788e-05 0.00151244 0.0156108 -0.00131216 0.00830113 0.00723688 0.00774574 -0.027076 0.0280301 0.0216187 -0.0386371 -0.0375961
internal_weight=1020.65 403.871 383.252 63.9685 319.283 616.774 585.206 578.639 20.6194 31.568 24.5062 15.9491 6.56754
internal_count=4211 2595 2427 363 2064 1616 1557 1505 168 59 48 151 52
is_linear=0
shrinkage=0.03


Tree=71
num_leaves=15
num_cat=0
split_feature=7 14 14 5 28 28 3 17 12 13 26 8 10 13
split_gain=17.8928 20.4699 19.6878 18.3064 16.1635 24.9304 23.965 20.5392 15.6187 14.7032 11.2489 16.419 2.43793 0.176589
threshold=19372770.020500001 0.91696052907323222 0.85995206972567717 -0.0058846382000616376 -0.0024264220956916791 -0.0020172834128160733 0.0022173058013745793 0.005833497362955427 -0.011486582905516808 0.011010548180112023 -0.0032537090443233228 0.0013512168899281185 -0.0078088864104712344 0.036759246901016555
decision_type=2 2 2 2 2 2 2 2 2 2 2 2 2 2
left_child=1 2 3 -1 10 7 -7 -6 -4 -3 11 -2 -12 -11
right_child=4 9 8 -5 5 6 -8 -9 -10 13 12 -13 -14 -15
leaf_value=-0.019274693951631786 0.023304792573547232 0.05575164563705489 -0.044023148709341986 0.0019862325297355125 -0.030317792142406961 -0.02948139172720203 0.0083019047389688468 0.021095420113202572 0.028765801601169615 -0.035210833386677048 0.040816535521586234 -0.043439832858700254 0.025472665380424045 -0.041739187185855231
leaf_weight=46.41504199244082 9.9361089244484884 1.6730132121592785 2.9105225428938857 169.74569912627339 28.428467478603125 15.472269535064695 642.53497905284166 9.274737671017645 29.999397244304419 15.045349607244136 15.671239018440245 4.979438289999961 22.99351467192173 4.9578745290637007
leaf_count=382 20 18 19 1101 155 73 2018 19 117 171 17 27 45 29
internal_value=0.00488846 -0.00172146 0.000712027 -0.00257901 0.00727687 0.00605408 0.00741347 -0.0176705 0.0223284 -0.0296834 0.0231541 0.00102262 0.0316917 -0.0368289
internal_weight=1020.04 270.747 249.071 216.161 749.291 695.71 658.007 37.7032 32.9099 21.6762 53.5803 14.9155 38.6648 20.0032
internal_count=4211 1837 1619 1483 2374 2265 2091 174 136 218 109 47 62 200
is_linear=0
shrinkage=0.03


Tree=72
num_leaves=14
num_cat=0
split_feature=29 26 11 14 26 8 13 5 9 23 20 1 29
split_gain=18.1024 29.3159 20.4029 23.6751 23.1387 9.20522 12.2544 17.2501 8.61207 14.3802 8.28477 7.51767 0.213481
threshold=0.067511903309854585 0.0050732807347314999 0.017262504658877308 0.92674780706317084 -0.00068091664385985166 -0.015039897823304619 0.05688836410104204 -0.013480995380465531 0.64295945931068632 0.74993924262041356 0.0351122193770829 0.026374961179693835 0.057957695336936739
decision_type=2 2 2 2 2 2 2 2 2 2 2 2 2
left_child=1 2 4 -4 -1 6 7 -2 11 -10 12 -7 -3
right_child=5 10 3 -5 -6 8 -8 -9 9 -11 -12 -13 -14
leaf_value=0.0055087469144042096 0.01390017376402892 -0.034154615027133656 0.01321331852465079 -0.012186737583344303 -0.0091591828256144953 0.0067165247787021017 0.030256144105390997 -0.032954566800382265 -0.0082006871689069959 0.01247899476438845 0.033783114359783213 0.028165716549235383 -0.040706246351932152
leaf_weight=208.95226733013988 12.419233024120333 15.368468318134552 226.29796959459782 38.67037670314312 180.32477633468807 21.404834255576134 7.5041781514883033 16.423666745424271 35.62219575047493 201.18109089136124 1.6443132236599911 46.99339197576046 6.3155669271945944
leaf_count=1032 26 203 706 190 1321 49 11 60 94 407 4 73 35
internal_value=0.00474536 0.00190663 0.00308496 0.00950635 -0.00128588 0.0103769 -0.00389461 -0.0127798 0.0120765 0.00936816 -0.0311397 0.0214533 -0.0360628
internal_weight=1019.12 677.574 654.245 264.968 389.277 341.549 36.3471 28.8429 305.202 236.803 23.3283 68.3982 21.684
internal_count=4211 3491 3249 896 2353 720 97 86 623 501 242 122 238
is_linear=0
shrinkage=0.03


Tree=73
num_leaves=11
num_cat=0
split_feature=18 25 28 25 13 24 14 21 12 27
split_gain=17.4768 17.9443 18.5383 16.5599 13.0655 11.757 16.3899 3.61255 2.88768 2.42577
threshold=0.0068898026039931502 -0.0011302574365555185 -0.0033811667480159375 -0.00044161127236986788 0.033237711470505908 0.29506148141523464 0.13532580195587754 382229.50000000006 -0.0014746576151075683 -0.00086272620843433237
decision_type=2 2 2 2 2 2 2 2 2 2
left_child=4 9 7 -4 5 6 -1 -3 -7 -2
right_child=1 2 3 -5 -6 8 -8 -9 -10 -11
leaf_value=0.07346414821684269 0.024050639259000792 0.014906400617682747 -0.013381220834672343 0.0051719615612824538 0.048924941105790626 -0.032821339072038221 -0.014063716591449064 0.042265572756324851 -0.0105187092760079 0.046542237905727611
leaf_weight=2.6689820997416955 8.3182571008801478 6.3916403539478805 45.504161646589637 892.89852408133447 2.7559896185994139 23.375886848196387 6.9112418498843908 13.555815577507017 6.7289695646613863 8.9690556824207288
leaf_count=17 18 19 243 3250 5 410 112 18 107 12
internal_value=0.00460727 0.00542707 0.00488063 0.0042723 -0.0142384 -0.0186249 0.0103209 0.033499 -0.0278363 0.0357198
internal_weight=1018.08 975.637 958.35 938.403 42.4411 39.6851 9.58022 19.9475 30.1049 17.2873
internal_count=4211 3560 3530 3493 651 646 129 37 517 30
is_linear=0
shrinkage=0.03


Tree=74
num_leaves=15
num_cat=0
split_feature=18 9 26 11 5 3 20 23 29 8 24 20 25 4
split_gain=17.0744 18.6713 25.6355 26.9257 16.253 24.4463 15.7353 12.7327 16.2165 13.4849 12.3928 12.2406 11.3482 15.4439
threshold=0.017130281898837803 1.8267244313970135 0.0031440836809964183 0.018602173018321507 -0.0066951309122040047 0.61750533907901717 -0.0089118051898469993 2.2991587525253752 0.045507772239297049 -0.016392489657756734 0.66921020745020576 -0.054419916896834168 0.00035709747270263323 117.50000000000001
decision_type=2 2 2 2 2 2 2 2 2 2 2 2 2 2
left_child=1 2 3 -1 11 -6 -4 8 9 -2 -10 -3 -9 -14
right_child=7 4 6 -5 5 -7 -8 12 10 -11 -12 -13 13 -15
leaf_value=0.0015240996712813902 0.026977846080550042 0.0053147742100176651 -0.042564361917951626 0.019016620919106251 0.0094803509038266631 -0.01593212894176875 -0.0039704643973925598 0.021606629160325953 0.012171789565407818 -0.034055952244657794 -0.00023425931237141723 -0.035038994697996963 0.015550383348524929 -0.049579526946571098
leaf_weight=245.81300426647067 4.1621639057993916 8.9976080395281297 14.790956180542706 116.83982564881444 72.650779269635677 64.153767684474587 26.618657782673836 94.480721183121204 198.22963349893689 14.997287362813948 114.22569625079632 27.265691105276346 9.5105652213096601 4.9990474060177794
leaf_count=1296 12 34 124 350 423 493 163 195 445 90 300 240 22 24
internal_value=0.00447016 0.00107496 0.00460643 0.00715986 -0.00716998 -0.0024367 -0.0177557 0.00891738 0.00599367 -0.0207971 0.00763645 -0.0250265 0.0178131 -0.00688905
internal_weight=1017.74 577.13 404.062 362.653 173.068 136.805 41.4096 440.605 331.615 19.1595 312.455 36.2633 108.99 14.5096
internal_count=4211 3123 1933 1646 1190 916 287 1088 847 102 745 274 241 46
is_linear=0
shrinkage=0.03


Tree=75
num_leaves=10
num_cat=0
split_feature=13 25 25 25 18 11 29 18 26
split_gain=16.8411 16.0947 17.8122 29.1795 19.0421 5.69113 0.0061312 0.00186108 0.00138821
threshold=0.0099551874070447095 -0.0011302574365555185 -0.00044161127236986788 -0.00040950722489395099 0.013627689858490001 0.0084431659317981533 0.034660979825836297 0.0080186028160093726 -0.00071578990935078845
decision_type=2 2 2 2 2 2 2 2 2
left_child=6 5 4 -4 -3 -2 7 8 -1
right_child=1 2 3 -5 -6 -7 -8 -9 -10
leaf_value=-0.03224090791560328 0.010200419376128124 -0.037640181508444774 0.032317759644542296 0.0041134114909862117 0.0015192219003374444 0.045899042568399259 -0.034087733463508761 -0.03333786645807444 -0.031490556904372427
leaf_weight=4.4958244748413536 6.2320992127060917 18.35555474832654 34.260523352771997 906.83266269974411 28.57275515049696 11.319011628627775 1.4539806842803944 0.85268422588706094 4.3818473741412154
leaf_count=77 18 179 78 3600 99 15 21 11 113
internal_value=0.00433936 0.00474655 0.0042407 0.00514019 -0.0137976 0.0332231 -0.0322707 -0.0319991 -0.0318705
internal_weight=1016.76 1005.57 988.021 941.093 46.9283 17.5511 11.1843 9.73036 8.87767
internal_count=4211 3989 3956 3678 278 33 222 201 190
is_linear=0
shrinkage=0.03


Tree=76
num_leaves=14
num_cat=0
split_feature=29 26 11 26 14 8 9 17 16 5 7 20 29
split_gain=16.4933 27.5271 18.5691 18.7697 18.1282 8.77823 11.9143 10.5884 9.17316 8.44384 9.78101 7.9196 0.193302
threshold=0.067511903309854585 0.0050732807347314999 0.0084431659317981533 -0.00071578990935078845 0.9408718683368883 -0.015039897823304619 1.1053094793483866 0.0041355291411704865 0.75000000000000011 0.018464004845011449 7181472.1815000009 0.0351122193770829 0.057957695336936739
decision_type=2 2 2 2 2 2 2 2 2 2 2 2 2
left_child=1 2 3 -1 -4 6 8 -8 -2 10 -7 12 -3
right_child=5 11 4 -5 -6 9 7 -9 -10 -11 -12 -13 -14
leaf_value=0.003216657072938126 -0.051329817833543658 -0.034052627191247097 0.008253056612580658 -0.014339531873044719 -0.012837903440716589 -0.025439980795448326 0.020661475185202002 -0.02087929877630296 0.0050788439266271426 -0.021806662532512053 0.012810171290920163 0.032262489374272244 -0.040359930743711463
leaf_weight=126.44120783731341 6.9480827450752241 14.897174362093216 390.04003979824483 96.740502016618848 40.485031962394714 6.1437823921442023 16.885262608528141 8.2062112092971784 4.1409302204847336 6.7936997860670081 290.93248988687992 1.6542486697435368 6.1903248578310004
leaf_count=661 30 203 1566 799 223 24 31 26 10 20 579 4 35
internal_value=0.00420994 0.00150052 0.00262929 -0.00439326 0.00626974 0.00959967 -0.00436916 0.00707549 -0.0302653 0.0112629 0.0120191 -0.0309457 -0.0359042
internal_weight=1016.5 676.449 653.707 223.182 430.525 340.05 36.1805 25.0915 11.089 303.87 297.076 22.7417 21.0875
internal_count=4211 3491 3249 1460 1789 720 97 57 40 623 603 242 238
is_linear=0
shrinkage=0.03


Tree=77
num_leaves=11
num_cat=0
split_feature=13 28 29 26 9 24 1 29 27 28
split_gain=15.9914 14.7522 14.7976 25.9805 8.00345 2.20271 5.89646 0.00549177 0.00184018 0.00122854
threshold=0.0099551874070447095 -0.0033811667480159375 0.067511903309854585 0.0050732807347314999 0.64295945931068632 0.69768594151192265 0.0491147627087615 0.034660979825836297 0.0074878641882912831 0.00098273826471175136
decision_type=2 2 2 2 2 2 2 2 2 2
left_child=7 5 3 -3 -4 6 -2 8 9 -1
right_child=1 2 4 -5 -6 -7 -8 -9 -10 -11
leaf_value=-0.031992946281760075 -0.00076689395708003192 0.0024373433573800455 0.01808602358885204 -0.030715161492599119 0.0066915050215177688 0.04419261882981599 0.039613279222661842 -0.033945402963861976 -0.033459284702536687 -0.031092579185062783
leaf_weight=7.0591409467160666 5.52752758190036 626.46190024539828 70.09442549943924 22.022296972572803 266.06971041858196 6.5801705792546263 7.9148353487253189 1.4045095238834608 0.6621158532798298 1.6905845943838356
leaf_count=137 25 2994 131 234 584 9 12 21 10 54
internal_value=0.00408717 0.00447779 0.0039594 0.0013115 0.0090674 0.0299707 0.0230089 -0.0321955 -0.0319344 -0.031819
internal_weight=1015.49 1004.67 984.648 648.484 336.164 20.0225 13.4424 10.8164 9.41184 8.74973
internal_count=4211 3989 3943 3228 715 46 37 222 201 191
is_linear=0
shrinkage=0.03


Tree=78
num_leaves=14
num_cat=0
split_feature=18 26 26 28 12 13 26 24 24 17 7 29 23
split_gain=15.5008 15.326 40.9216 27.1923 24.2109 19.2778 13.8924 12.5774 23.6834 40.0949 13.1025 8.94973 6.1406
threshold=0.017130281898837803 -0.0024080699903713879 -0.0012492456805929017 -0.0031090121984301382 -0.0013026645994204864 0.030492396528629808 -0.0027316209887718415 1.0677522965249406 0.66921020745020576 -0.014242256664214902 11744668.209500002 0.035844391288429082 1.3920597489174307
decision_type=2 2 2 2 2 2 2 2 2 2 2 2 2
left_child=1 3 4 11 -3 -4 -5 8 10 -10 -2 -1 -9
right_child=7 2 5 6 -6 -7 -8 12 9 -11 -12 -13 -14
leaf_value=-0.017079610482874819 -0.011652060614278863 0.023806131604362818 -0.0068230883819292536 -0.01095575718112321 -0.021227946967897249 0.0084076134421994294 -0.042287074465418968 0.013256077927213719 -0.050549147526475151 0.002202245097685462 0.013375536771514334 0.028843764409726899 0.041749525606884247
leaf_weight=4.7585031986236599 20.248263591900468 100.19769000262022 231.40304364077747 82.197311919182539 12.034570544958113 110.51212434843183 15.072365853935478 13.201049104332926 14.719421252608297 108.96693432703614 268.02340459823608 19.350887604057789 14.054108954966066
leaf_count=39 92 322 1698 516 62 329 117 29 68 290 590 40 19
internal_value=0.0039673 0.000728184 0.0032591 -0.00874138 0.0189772 -0.0019003 -0.0158107 0.0082117 0.0069059 -0.00407549 0.0116176 0.0197798 0.0279487
internal_weight=1014.74 575.526 454.147 121.379 112.232 341.915 97.2697 439.213 411.958 123.686 288.272 24.1094 27.2552
internal_count=4211 3123 2411 712 384 2027 633 1088 1040 358 682 79 48
is_linear=0
shrinkage=0.03


Tree=79
num_leaves=11
num_cat=0
split_feature=13 25 25 25 18 11 29 26 26 25
split_gain=15.1882 15.3624 16.4115 25.9686 18.239 5.22845 0.00487299 0.0016294 0.00235542 0.000659248
threshold=0.0099551874070447095 -0.0011302574365555185 -0.00044161127236986788 -0.00040950722489395099 0.013627689858490001 0.0084431659317981533 0.034660979825836297 -0.00071578990935078845 -0.0018750841150723247 -0.00034703461401847021
decision_type=2 2 2 2 2 2 2 2 2 2
left_child=6 5 4 -4 -3 -2 7 8 -1 -9
right_child=1 2 3 -5 -6 -7 -8 9 -10 -11
leaf_value=-0.031653331903001868 0.010090656649592376 -0.037466852861965112 0.030484999762405769 0.0036333603439143939 0.0012020378200176215 0.044400136812390516 -0.03379218117508144 -0.032268616701514909 -0.03302691428547825 -0.031303132499605847
leaf_weight=2.5092046484351158 6.2154701724648502 17.853899898007512 33.618817809969187 905.47673297673464 28.504890374839306 11.202175065875052 1.3594249840825785 0.76507167518138786 2.0346579551696768 3.7876644432544708
leaf_count=53 18 179 78 3600 99 15 21 16 27 105
internal_value=0.00385306 0.00422808 0.00373445 0.00459463 -0.0136903 0.0321568 -0.0321169 -0.0318665 -0.0322684 -0.0314654
internal_weight=1013.33 1002.87 985.454 939.096 46.3588 17.4176 10.456 9.0966 4.54386 4.55274
internal_count=4211 3989 3956 3678 278 33 222 201 80 121
is_linear=0
shrinkage=0.03


Tree=80
num_leaves=13
num_cat=0
split_feature=7 18 20 20 11 5 17 27 15 15 26 20
split_gain=14.8947 21.4713 21.4186 17.9971 15.6481 27.2558 21.4452 20.6587 17.4629 30.916 15.4476 14.8063
threshold=7676368.0275000008 0.02534099121855329 -0.038432004054645565 -0.041532971913665465 0.0086307067071364468 -0.0070538279005869786 -0.01611250191650896 -0.019015582894770837 0.0030555550186408867 0.0065311799511185821 -0.0038807575054337217 -0.0059773207971087362
decision_type=2 2 2 2 2 2 2 2 2 2 2 2
left_child=1 2 3 -1 5 7 -7 -2 10 -10 -6 -4
right_child=4 -3 11 -5 8 6 -8 -9 9 -11 -12 -13
leaf_value=-0.0048174849451766266 -0.0030414315720153694 0.045267787752239053 -0.022751689953329077 0.05016133751851843 -0.018930937588015447 -0.046560785930317081 0.0057127239866503112 -0.041722399097406535 -0.016460541323711629 0.0076385416788922085 0.014539748825184341 -0.0021466424868540287
leaf_weight=11.7425240483135 27.127838604152203 7.3339201956987372 60.528471434488893 9.8567005693912488 12.973797619342802 7.3194577395915976 201.84901119954884 22.930297749117017 59.816334217786789 240.69207198917866 285.61651237122715 65.190483717247844
leaf_count=58 86 14 658 23 54 34 852 170 290 688 812 472
internal_value=0.00373847 -0.00483162 -0.00732571 0.0202718 0.00528262 -0.000875321 0.00388351 -0.0207602 0.00794713 0.00284161 0.0130854 -0.0120671
internal_weight=1012.98 154.652 147.318 21.5992 858.325 259.227 209.168 50.0581 599.099 300.508 298.59 125.719
internal_count=4211 1225 1211 81 2986 1142 886 256 1844 978 866 1130
is_linear=0
shrinkage=0.03


Tree=81
num_leaves=12
num_cat=0
split_feature=13 28 3 28 17 15 1 28 29 27 28
split_gain=14.3858 13.4537 19.2432 16.4682 23.4006 14.9785 12.0446 10.12 0.00427564 0.00145742 0.000991554
threshold=0.0099551874070447095 -0.0024264220956916791 0.70685161429547694 -0.0020172834128160733 0.005833497362955427 0.0023632592213680896 0.031152166431873029 -0.0027620540541272291 0.034660979825836297 0.0074878641882912831 0.00098273826471175136
decision_type=2 2 2 2 2 2 2 2 2 2 2
left_child=8 2 6 4 -3 -5 -2 -4 9 10 -1
right_child=1 3 7 5 -6 -7 -8 -9 -10 -11 -12
leaf_value=-0.03184861228346942 0.0053303250609937711 -0.023393274660003637 -0.040367077335756549 0.0074939496399516019 0.022522707870613327 -0.00043971756596079516 0.032681041741528492 0.012954241300074193 -0.03363033111289021 -0.033198257087677603 -0.031009659051703019
leaf_weight=6.5798224527388776 22.501290518790483 43.130571845918894 7.3418540470302105 487.32621951773763 13.000470612198113 382.10036205500364 40.705888338387012 5.6832793019711954 1.3109599649906147 0.61780688911676485 1.5705273542553184
leaf_count=137 82 266 46 1935 32 1551 62 15 21 10 54
internal_value=0.00362939 0.00398819 0.0161021 0.00299044 -0.0127587 0.00400722 0.0229444 -0.0171013 -0.0320324 -0.0317934 -0.031687
internal_weight=1011.87 1001.79 76.2323 925.558 56.131 869.427 63.2072 13.0251 10.0791 8.76816 8.15035
internal_count=4211 3989 205 3784 298 3486 144 61 222 201 191
is_linear=0
shrinkage=0.03


Tree=82
num_leaves=15
num_cat=0
split_feature=18 9 14 11 1 18 29 9 21 15 0 9 10 18
split_gain=14.0155 16.5137 21.4786 19.9376 17.2208 27.3758 14.3874 11.9708 21.7686 15.1683 9.35499 9.00273 6.35218 3.41825
threshold=0.017130281898837803 1.7223685482157378 0.95375705375705488 0.015723559970386745 0.033529024391366354 0.0083805571025132464 0.060376356237092997 13.179700000000002 8731770.0000000019 -0.016930749343011028 -0.0041872542217817497 26.453373212584204 0.040021747931196359 0.026610444077388554
decision_type=2 2 2 2 2 2 2 2 2 2 2 2 2 2
left_child=1 2 3 -1 5 -3 -6 8 10 -9 -2 -11 -4 -10
right_child=7 4 12 -5 6 -7 -8 9 13 11 -12 -13 -14 -15
leaf_value=-0.00043049617391596788 0.024423474064370641 -0.027511989577926364 -0.040161933447971303 0.01362816652523968 -0.02294041691913816 0.011395914575960396 0.0045121146875037182 -0.044827090012592635 -0.051805621222989352 0.040045404053405391 0.0057967413106835381 0.011148230712555541 0.019066159567495893 -0.01433054814958098
leaf_weight=223.26451638899744 26.020871199667454 21.258023364469409 12.306591503322123 153.00606619566679 69.325182195752859 69.439066030085087 22.842886701226234 2.7933758795261374 6.2387167960405332 22.367850966751575 359.98444746434689 17.136817656457424 1.8784642368555058 3.3759951442480087
leaf_count=1232 54 338 110 517 505 361 56 14 27 30 914 38 4 11
internal_value=0.00352247 0.000435757 0.00392013 0.0052863 -0.00700411 0.00227649 -0.0161366 0.00756359 0.00594175 0.0227329 0.00705238 0.02751 -0.0323186 -0.0386471
internal_weight=1011.24 573.321 390.456 376.271 182.865 90.6971 92.1681 437.918 395.62 42.298 386.005 39.5047 14.1851 9.61471
internal_count=4211 3123 1863 1749 1260 699 561 1088 1006 82 968 68 114 38
is_linear=0
shrinkage=0.03


Tree=83
num_leaves=15
num_cat=0
split_feature=7 28 3 13 26 25 28 25 18 21 9 15 6 18
split_gain=13.8224 18.3759 14.548 21.4231 13.2307 22.1894 18.2786 12.7276 11.4143 7.38317 9.89985 2.08409 0.149724 0.103433
threshold=19372770.020500001 0.0017423674789256796 0.0022173058013745793 0.04127421164649378 -0.0038807575054337217 0.00020685594365150631 -0.0024264220956916791 0.00060394083698791785 0.0082362558840006501 504079.50000000006 1.1152057280614158 -0.013207521363213933 31528.000000000004 0.012516051786896977
decision_type=2 2 2 2 2 2 2 2 2 2 2 2 2 2
left_child=1 7 3 11 5 -4 -6 8 -1 12 -11 -2 -3 -9
right_child=2 9 4 -5 6 -7 -8 13 -10 10 -12 -13 -14 -15
leaf_value=-0.012889139131753501 -0.0099764435287674046 -0.03324267554225073 -0.036341071081761427 0.027836499292698321 0.028695669482333208 0.0064416678773949231 0.0061562344968423624 -0.033507408863571495 0.0045267921232588432 0.036587979563215425 -0.035760066633180994 -0.044827734502846439 -0.038527214781294554 -0.040279457335420356
leaf_weight=41.109079465270042 1.7714985609054572 10.779121376574045 17.166995745152235 5.9247301965951911 34.103652477264404 29.938189961016178 641.29623123630881 4.3534945566207153 192.29753585904837 3.4290440101176491 3.380215011537075 12.038905780762434 8.7357881758362037 3.8030025810003281
leaf_count=521 6 195 95 10 59 85 2051 60 889 16 37 68 95 24
internal_value=0.00341979 -0.00242167 0.00552807 -0.0198847 0.00622222 -0.00915006 0.00729434 0.0001721 0.00145939 -0.0262233 0.000673359 -0.0403573 -0.0356083 -0.0366649
internal_weight=1010.13 267.887 742.24 19.7351 722.505 47.1052 675.4 241.563 233.407 26.3242 6.80926 13.8104 19.5149 8.1565
internal_count=4211 1837 2374 84 2290 180 2110 1494 1410 343 53 74 290 84
is_linear=0
shrinkage=0.03


Tree=84
num_leaves=13
num_cat=0
split_feature=13 25 25 25 18 11 18 8 26 26 25 21
split_gain=13.4667 14.5423 15.1507 23.8066 17.4542 4.92924 0.00405225 0.00533812 0.00103698 0.00110179 0.000275842 0.000104567
threshold=0.0099551874070447095 -0.0011302574365555185 -0.00044161127236986788 -0.00040950722489395099 0.013627689858490001 0.0084431659317981533 0.0063184892385490391 0.0024801098247340878 -0.00071578990935078845 -0.0018750841150723247 -0.00034703461401847021 244246.50000000003
decision_type=2 2 2 2 2 2 2 2 2 2 2 2
left_child=6 5 4 -4 -3 -2 8 11 9 -1 -10 -8
right_child=1 2 3 -5 -6 -7 7 -9 10 -11 -12 -13
leaf_value=-0.031393528933637685 0.009532282241192961 -0.037385728755174437 0.029079100934925921 0.0030938401708667383 0.00076703505134193136 0.042955942206796924 -0.031646409080653227 -0.034385897988166672 -0.031803716096754552 -0.032520145852065072 -0.031044718129802921 -0.032091809655798893
leaf_weight=1.682856008410454 6.1942321509122875 17.342366183176637 32.886582512408495 903.15568131580949 28.570326514542103 11.064812652766703 1.0475665237754586 1.2221410833299158 0.50728260912001166 1.4582017771899698 2.8637528307735902 0.86702474206686009
leaf_count=41 18 179 78 3600 99 15 23 15 13 22 93 15
internal_value=0.00332071 0.00366131 0.0031815 0.0040068 -0.0136442 0.0309603 -0.0319511 -0.0328369 -0.0315244 -0.0319165 -0.0311589 -0.0318481
internal_weight=1008.86 999.214 981.955 936.042 45.9127 17.259 9.64883 3.13673 6.51209 3.14106 3.37104 1.91459
internal_count=4211 3989 3956 3678 278 33 222 53 169 63 106 38
is_linear=0
shrinkage=0.03


Tree=85
num_leaves=13
num_cat=0
split_feature=13 18 15 28 18 6 9 12 0 28 5 7
split_gain=13.3506 15.0176 16.6225 16.9141 14.0166 11.7064 14.4511 11.5385 11.9829 8.112 7.59814 3.53506
threshold=0.05688836410104204 0.028625168448141922 0.019481990899712573 0.00036922789529572701 0.022751766686858976 454392.50000000006 1.5295070664745281 -0.035847611866120545 0.00051865908368010786 -0.00058009564634078675 -0.0056273379624646519 146748138.83800003
decision_type=2 2 2 2 2 2 2 2 2 2 2 2
left_child=1 2 3 -1 11 10 -7 8 -6 -9 -3 -2
right_child=4 5 -4 -5 7 6 -8 9 -10 -11 -12 -13
leaf_value=-0.0020427977038404515 0.022067418215928579 -0.0023024201199869452 -0.05190032209255991 0.0064137754799506452 0.0051082623400919448 -0.02911691667251784 0.018856377278444796 0.039084498988741466 -0.053357181697703905 0.0064839452646350687 0.033397282249376971 0.044869059782606004
leaf_weight=497.17829102277756 11.638010315597059 6.5016219913959494 5.2626833766698828 372.23247454687953 8.1257313340902311 9.2432183325290698 14.542383104562758 9.3988437354564649 5.1576466411352149 25.52552792429924 30.70917060226202 12.904859289526938
leaf_count=2189 22 18 24 1730 19 31 27 11 22 56 48 14
internal_value=0.00322224 0.00225973 0.00125606 0.00157783 0.0156015 0.0166521 0.000213686 0.00620577 -0.0175926 0.0152574 0.0271597 0.0340567
internal_weight=1008.42 935.67 874.673 869.411 72.7506 60.9964 23.7856 48.2077 13.2834 34.9244 37.2108 24.5429
internal_count=4211 4067 3943 3919 144 124 58 108 41 67 66 36
is_linear=0
shrinkage=0.03


Tree=86
num_leaves=13
num_cat=0
split_feature=7 18 24 14 13 11 11 4 28 22 23 13
split_gain=12.9379 19.4411 16.7189 28.2837 21.7981 19.7516 16.3006 15.7513 14.0278 13.4284 17.0198 0.221054
threshold=7676368.0275000008 0.02534099121855329 0.38763962445809347 0.5834195997239543 0.015925612052920507 0.031568888022670494 0.0233700786219719 52.500000000000007 -0.0025031009171439999 72467801.804500014 1.9921926796937919 0.034578861132312962
decision_type=2 2 2 2 2 2 2 2 2 2 2 2
left_child=1 9 3 4 -2 6 -4 -7 -5 10 -1 -11
right_child=2 -3 5 8 -6 7 -8 -9 -10 11 -12 -13
leaf_value=-0.010419613039350118 -0.033636714654259145 0.042713095085378537 0.0023009956368540501 0.042411757786517477 0.028647734116953268 0.0267824826284053 -0.012655770953023095 0.0059169533920375413 -0.013798832375798837 -0.035858248548966083 0.015248091027039152 -0.044551772508182867
leaf_weight=105.0948820291087 5.4076522868126622 7.3451061099767676 509.86885415762663 4.5558870434761038 78.011400513350964 47.868239693343639 75.260046117007732 101.82509234175086 32.498829782009125 6.0922255124896747 29.854630503803492 4.6352033689618111
leaf_count=935 80 14 1906 6 213 82 259 247 193 61 190 25
internal_value=0.00312593 -0.00490813 0.00456332 0.0149222 0.0246101 0.00286499 0.000377237 0.0125892 -0.00688773 -0.00730922 -0.00474119 -0.0396146
internal_weight=1008.32 153.022 855.296 120.474 83.4191 734.822 585.129 149.693 37.0547 145.677 134.95 10.7274
internal_count=4211 1225 2986 492 293 2494 2165 329 199 1211 1125 86
is_linear=0
shrinkage=0.03


Tree=87
num_leaves=15
num_cat=0
split_feature=13 28 3 28 1 15 1 11 18 8 26 26 28 21
split_gain=12.7613 12.2134 21.2566 14.5273 19.7252 14.0356 10.4817 0.0878464 0.00368359 0.00482037 0.000909959 0.000981754 0.00015012 0.000102855
threshold=0.0099551874070447095 -0.0024264220956916791 0.83571366283294679 -0.0020172834128160733 0.052711551432267814 0.0023632592213680896 0.031152166431873029 0.013801473880995159 0.0063184892385490391 0.0024801098247340878 -0.00071578990935078845 -0.0018750841150723247 0.0018538360304533933 249654.50000000003
decision_type=2 2 2 2 2 2 2 2 2 2 2 2 2 2
left_child=8 2 6 4 -3 -5 -2 -4 10 13 11 -1 -12 -10
right_child=1 3 7 5 -6 -7 -8 -9 9 -11 12 -13 -14 -15
leaf_value=-0.031338848346771045 0.0039466770313255862 -0.026436717811428527 -0.037453837142139061 0.0067410035605199982 0.01047603859590685 -0.00094551989803927177 0.028334034421315473 -0.04496115815981102 -0.03159082927247784 -0.034231269436729703 -0.031230880236529836 -0.032421697586973108 -0.030747237582307105 -0.032042634982287377
leaf_weight=1.6225629542022946 24.707824863493443 34.451013462617993 2.899843353778123 487.17686986923218 20.953393127769232 381.01412664912641 44.301568724215031 2.7172998040914536 1.0645736884325745 1.1874887309968469 2.5119622237980352 1.4069602489471433 0.75007903948426236 0.79002172872424115
leaf_count=41 91 230 22 1935 68 1551 77 15 24 15 73 22 33 14
internal_value=0.00303402 0.00336049 0.0150345 0.00241723 -0.0124767 0.0033677 0.0196025 -0.0410855 -0.0318818 -0.0327389 -0.0314674 -0.0318417 -0.0311197 -0.0317833
internal_weight=1007.56 998.222 74.6265 923.595 55.4044 868.191 69.0094 5.61714 9.33365 3.04208 6.29156 3.02952 3.26204 1.8546
internal_count=4211 3989 205 3784 298 3486 168 37 222 53 169 63 106 38
is_linear=0
shrinkage=0.03


Tree=88
num_leaves=9
num_cat=0
split_feature=25 18 29 12 1 1 29 23
split_gain=12.6085 15.5628 16.5752 19.5353 17.0132 11.722 16.1449 4.81135
threshold=-0.0011302574365555185 0.0082362558840006501 0.020007434860058581 -0.0032481784766078266 0.014665934904381331 0.096722496915325723 0.030293764836672763 1.0007949362997393
decision_type=2 2 2 2 2 2 2 2
left_child=7 5 3 -3 -4 6 -2 -1
right_child=1 2 4 -5 -6 -7 -8 -9
leaf_value=0.0073994445347051376 -0.032321225322532766 0.0022707012490563745 -0.037378093108378585 0.048061344143544515 0.0032469606104384846 0.052548699538461585 -0.0028593522653982124 0.039927306666392992
leaf_weight=6.4413629621267345 24.752938290126622 17.440341360867023 9.3780231010168773 16.149641111493111 867.26465731486678 2.5857997536659232 51.712942484766245 11.223698332905768
leaf_count=19 517 61 80 38 2966 4 507 19
internal_value=0.00294452 0.00249593 0.00360481 0.0242863 0.00281237 -0.0102721 -0.0123965 0.0280664
internal_weight=1006.95 989.284 910.233 33.59 876.643 79.0517 76.4659 17.6651
internal_count=4211 4173 3145 99 3046 1028 1024 38
is_linear=0
shrinkage=0.03


Tree=89
num_leaves=11
num_cat=0
split_feature=21 28 25 18 9 21 21 13 12 29
split_gain=12.5215 14.313 12.2788 11.6299 15.8596 14.1602 6.92509 5.85269 3.78315 1.61954
threshold=60543.500000000007 -0.0033811667480159375 0.00056708593709624321 0.017130281898837803 1.9612577280026933 174996.50000000003 20878.500000000004 0.031246761233271036 -0.0014746576151075683 0.048901317183759556
decision_type=2 2 2 2 2 2 2 2 2 2
left_child=2 9 6 4 -3 -5 7 -1 -8 -2
right_child=1 3 -4 5 -6 -7 8 -9 -10 -11
leaf_value=-0.017091661569999944 0.018727020122417292 0.0031927815728253388 0.039887984519039639 0.027138883789879054 -0.0084608146424430802 0.0051961090821163597 -0.036035433634585341 0.038269103426827267 -0.0043738013280073505 0.037416161331412651
leaf_weight=4.5814278777688768 6.7725591287016895 383.01071277074516 3.2497994005680075 28.344208367168903 144.85244613420218 399.95693341270089 17.791497982107106 2.750495120882988 4.1978751197457305 10.872346192598341
leaf_count=42 28 1797 21 65 1011 988 201 5 37 16
internal_value=0.00285725 0.00346924 -0.0154401 0.00297517 -5.11525e-06 0.00664824 -0.0215724 0.00367636 -0.0299911 0.0302428
internal_weight=1006.38 973.809 32.5711 956.164 527.863 428.301 29.3213 7.33192 21.9894 17.6449
internal_count=4211 3905 306 3861 2808 1053 285 47 238 44
is_linear=0
shrinkage=0.03


Tree=90
num_leaves=14
num_cat=0
split_feature=29 26 0 28 12 8 9 17 5 1 16 3 29
split_gain=12.1936 24.271 14.541 24.5781 14.3541 8.27863 10.7727 9.57559 8.36826 8.94486 8.35251 6.27719 0.187624
threshold=0.067511903309854585 0.0050732807347314999 -0.0055722317257900786 -0.00060572283738763021 -0.0034454683668456196 -0.015039897823304619 1.1053094793483866 0.0041355291411704865 0.018464004845011449 0.06510194088319092 0.75000000000000011 0.99980000000000036 0.057957695336936739
decision_type=2 2 2 2 2 2 2 2 2 2 2 2 2
left_child=1 2 3 -1 -4 6 10 -8 9 -7 -2 12 -3
right_child=5 11 4 -5 -6 8 7 -9 -10 -11 -12 -13 -14
leaf_value=-0.039027728240879633 -0.050986715921164452 -0.033852037562504315 -0.0021520033781032987 0.034423796753046798 0.0083500682131266296 0.0075853661646587195 0.017978899017198204 -0.021720456655811085 -0.024106395768341313 0.022062096505975549 0.0031319530214736725 0.0203426642353217 -0.040140208460575755
leaf_weight=4.9260765872895744 6.9170894175767881 13.516724930144852 462.78494126815349 24.450845999643207 156.82098208740354 246.9646023362875 16.470254674553875 8.1858931928873044 6.6862508505582801 45.487857669591904 4.0808880776166916 1.9681542981415976 6.242953121662139
leaf_count=40 30 195 2322 81 806 529 31 26 20 74 10 11 36
internal_value=0.00277371 0.000439629 0.00148384 0.0221071 0.000506049 0.00744971 -0.00621479 0.00479863 0.00907837 0.00983707 -0.0309055 -0.0307497 -0.0358387
internal_weight=1005.5 670.711 648.983 29.3769 619.606 334.793 35.6541 24.6561 299.139 292.452 10.998 21.7278 19.7597
internal_count=4211 3491 3249 121 3128 720 97 57 623 603 40 242 231
is_linear=0
shrinkage=0.03


Tree=91
num_leaves=13
num_cat=0
split_feature=13 25 26 28 26 23 18 8 26 26 25 21
split_gain=11.9131 13.0205 14.0617 40.1893 37.6904 5.10594 0.00359756 0.00466935 0.000734754 0.000843498 0.00026492 0.000100777
threshold=0.0099551874070447095 -0.0011302574365555185 0.00013397034479202343 0.00036922789529572701 0.00068568743233268271 1.0007949362997393 0.0063184892385490391 0.0024801098247340878 -0.00071578990935078845 -0.0018750841150723247 -0.00034703461401847021 249654.50000000003
decision_type=2 2 2 2 2 2 2 2 2 2 2 2
left_child=6 5 3 -3 -4 -2 8 11 9 -1 -10 -8
right_child=1 2 4 -5 -6 -7 7 -9 10 -11 -12 -13
leaf_value=-0.031264046877815935 0.0076800526398901831 0.0024051224418682659 -0.031262723250178995 0.025565420190675391 0.001147176005973344 0.041649686082677176 -0.031523569451443634 -0.034165344049014966 -0.031735311519541398 -0.032294097083803396 -0.030961391691118161 -0.031978687134514516
leaf_weight=1.5351549442857506 6.3449525833129909 464.26887243613601 35.127080254256725 78.889937181025743 400.3594715334475 10.694743171334265 1.0203753076493742 1.1563826315104959 0.46898540481925044 1.3400801606476305 2.6327868225052935 0.76705877110362042
leaf_count=41 18 1768 212 200 1776 15 24 15 13 22 93 14
internal_value=0.00269248 0.00300171 0.00254903 0.00576899 -0.00146706 0.0290007 -0.0318215 -0.0326799 -0.0313987 -0.0317441 -0.0310784 -0.0317189
internal_weight=1004.61 995.685 978.645 543.159 435.487 17.0397 8.92082 2.94382 5.97701 2.87524 3.10177 1.78743
internal_count=4211 3989 3956 1968 1988 33 222 53 169 63 106 38
is_linear=0
shrinkage=0.03


Tree=92
num_leaves=13
num_cat=0
split_feature=13 24 14 11 5 9 10 1 11 23 17 9
split_gain=11.9753 15.5823 14.1745 17.7264 27.4522 17.4807 17.3269 20.9929 20.3391 11.2605 11.4746 8.48442
threshold=0.05688836410104204 0.48571933754160923 0.92674780706317084 0.0084431659317981533 -0.0070538279005869786 1.8118625267817976 0.0077323486058206124 0.091303510283774814 0.0073066730002980711 2.1498392739189738 -0.011258525915423274 0.81738196618598502
decision_type=2 2 2 2 2 2 2 2 2 2 2 2
left_child=2 -2 3 4 -1 -5 8 -8 -4 11 -11 -3
right_child=1 9 6 5 -6 -7 7 -9 -10 10 -12 -13
leaf_value=-0.022309166317813309 0.035230701313720386 0.011414634006271714 -0.010991267928584035 0.0095400993457790181 0.0012416438046994585 -0.0018838759469011544 -0.022144065081130801 0.035803620324975693 0.066205566469176094 -0.03230636076368907 0.027369353597754865 -0.024106560145754279
leaf_weight=54.732200869359076 22.30576092004776 10.415240049362184 7.2404577974230033 384.14491619542241 239.35114900302142 175.68118583038449 59.597314024344087 6.2131375372409812 5.3349867593497038 3.3516368344426182 21.515630081295967 14.445631563663481
leaf_count=365 29 22 59 1260 1264 753 338 10 18 13 35 45
internal_value=0.00261211 0.0143972 0.00170153 0.00282229 -0.00314143 0.0059551 -0.0105076 -0.0166732 0.0217586 0.0050523 0.0193262 -0.00922527
internal_weight=1004.33 72.0339 932.295 853.909 294.083 559.826 78.3859 65.8105 12.5754 49.7281 24.8673 24.8609
internal_count=4211 144 4067 3642 1629 2013 425 348 77 115 48 67
is_linear=0
shrinkage=0.03


Tree=93
num_leaves=15
num_cat=0
split_feature=7 28 14 14 3 13 10 14 13 13 21 9 14 6
split_gain=11.7217 17.2337 15.6866 15.789 13.4036 19.7743 12.5211 18.8463 12.3227 12.139 7.0443 9.07631 3.39188 0.151432
threshold=19372770.020500001 0.0017423674789256796 0.91696052907323222 0.85995206972567717 0.0022173058013745793 0.04127421164649378 -0.040538264233585683 0.036199945669235491 0.05688836410104204 0.013254176717412252 504079.50000000006 1.1152057280614158 0.028928798145011991 31528.000000000004
decision_type=2 2 2 2 2 2 2 2 2 2 2 2 2 2
left_child=1 2 3 -1 5 12 7 -6 -8 -4 13 -12 -2 -3
right_child=4 10 9 -5 6 -7 8 -9 -10 -11 11 -13 -14 -15
leaf_value=-0.0013297419789588608 0.010873843917256369 -0.03316957261263679 0.04236739370320837 0.022384434698658646 0.014046078311090003 0.026041144460834772 0.0045648515965951994 -0.051152006980851837 0.019142539840014374 -0.036944237452651289 0.034021538058734688 -0.035623699014500618 -0.044437805949126295 -0.038560304356782427
leaf_weight=193.60076898150146 1.0846054106950784 10.368202491663402 1.9594206064939523 29.061716098338366 7.4124319851398495 5.8351350575685492 645.79035761579871 8.642848387360571 56.776142463088036 15.286811409518121 3.4581332057714453 3.2828412875533104 12.46940306201577 8.5634785937145335
leaf_count=1215 3 195 23 105 17 10 2135 38 100 151 16 37 71 95
internal_value=0.00253525 -0.00286943 -0.000369528 0.00176541 0.00448019 -0.0201332 0.00514428 -0.0210512 0.00574291 -0.0279333 -0.0262308 0.000104445 -0.0400117 -0.035608
internal_weight=1003.59 265.581 239.909 222.662 738.011 19.3891 718.622 16.0553 702.567 17.2462 25.6727 6.74097 13.554 18.9317
internal_count=4211 1837 1494 1320 2374 84 2290 55 2235 174 343 53 74 290
is_linear=0
shrinkage=0.03


Tree=94
num_leaves=11
num_cat=0
split_feature=21 28 0 11 11 0 9 20 29 21
split_gain=11.4231 13.8265 13.6469 11.9475 21.0858 18.7568 8.96855 5.68942 2.00065 1.01604
threshold=60543.500000000007 -0.0033811667480159375 0.0054194680328440359 0.0084431659317981533 0.0093551834356098568 -0.0061474779850077691 4.733285070942455 0.025238176072110406 0.048462085248197902 27573.500000000004
decision_type=2 2 2 2 2 2 2 2 2 2
left_child=2 8 6 5 -5 -3 7 -1 -2 -4
right_child=1 3 9 4 -6 -7 -8 -9 -10 -11
leaf_value=-0.036043256497770994 0.015663665091650913 0.048874172590693515 0.031491933318743504 0.025378714564821141 0.0034041563975243305 -0.0035847785404441918 0.030988854489050619 0.016983022067599961 0.037112767787690557 0.0083344195554796094
leaf_weight=20.592926266603182 5.9998105876147774 6.2677937429398289 4.0676273833960286 41.972498515620828 617.19675085507333 287.93706867191941 2.2870303597301236 1.9977423809468735 11.256647586822508 2.9359441306442022
leaf_count=241 27 22 10 150 2158 1531 27 8 17 20
internal_value=0.00246108 0.00304146 -0.0152086 0.00255973 0.00480338 -0.00246718 -0.0256228 -0.031354 0.0296552 0.0217841
internal_weight=1002.51 970.631 31.8813 953.374 659.169 294.205 24.8777 22.5907 17.2565 7.00357
internal_count=4211 3905 306 3861 2308 1553 276 249 44 30
is_linear=0
shrinkage=0.03


Tree=95
num_leaves=15
num_cat=0
split_feature=25 3 0 3 26 10 22 26 26 4 27 9 18 9
split_gain=11.3749 15.9901 15.6465 11.7006 11.6974 15.9103 12.7774 11.9685 18.9406 10.9397 10.8662 7.17152 6.6582 6.50277
threshold=0.00060394083698791785 0.38340948310273487 -0.00041911039834149081 0.57257515697898886 0.0050732807347314999 0.02613023712047121 91522001.124000013 0.0044893472464987106 0.0041366473057328533 142.50000000000003 0.023069622961364486 0.30316717839508833 0.0087891512050736371 0.65775466520650305
decision_type=2 2 2 2 2 2 2 2 2 2 2 2 2 2
left_child=4 11 13 -4 7 6 -6 8 -1 -9 -7 -2 -13 -3
right_child=1 2 3 -5 5 10 -8 9 -10 -11 -12 12 -14 -15
leaf_value=0.003653459960714144 0.027249549451340276 0.014494174489421202 0.039083237509408834 -0.0079301291504723249 -0.0041359834276686533 0.045875686021948463 -0.04427682962910974 0.039136218749003061 -0.050000502636828488 -0.0031385718258569871 -0.0037401351228325786 0.0021572562720019923 -0.046765866273708392 -0.051727710129551255
leaf_weight=876.20005317870528 1.6328610703349138 1.7833710201084638 10.198251347988846 8.9418514054268581 13.334807439707221 5.2949533313512829 15.355299094691871 16.007684908807281 5.9618065096437922 8.400070767849682 15.907554887235163 3.0163099318742779 14.730079006403683 5.3029348067939281
leaf_count=3572 4 7 22 45 137 8 113 32 35 33 55 25 90 33
internal_value=0.00238797 -0.0122496 0.00302026 0.0171196 0.00308592 -0.0110562 -0.0256199 0.00386422 0.00329086 0.0245871 0.00865054 -0.0329148 -0.0384505 -0.035062
internal_weight=1002.07 45.6057 26.2264 19.1401 956.462 49.8926 28.6901 906.57 882.162 24.4078 21.2025 19.3793 17.7464 7.08631
internal_count=4211 226 107 67 3985 313 250 3672 3607 65 63 119 115 40
is_linear=0
shrinkage=0.03


Tree=96
num_leaves=10
num_cat=0
split_feature=13 25 25 25 18 23 25 28 26
split_gain=11.264 12.2231 13.6414 21.4515 16.4453 4.77069 0.00436044 0.00229057 0.000837149
threshold=0.0099551874070447095 -0.0011302574365555185 -0.00044161127236986788 -0.00040950722489395099 0.013627689858490001 1.0007949362997393 -0.001013258929688022 -0.0025031009171439999 -0.00071578990935078845
decision_type=2 2 2 2 2 2 2 2 2
left_child=6 5 4 -4 -3 -2 -1 -8 -9
right_child=1 2 3 -5 -6 -7 7 8 -10
leaf_value=-0.034280320699207355 0.0072869360315407682 -0.037361824032564897 0.027220829699424021 0.0021043466687520698 -9.6577395865527408e-06 0.040235608886328995 -0.032998508539359928 -0.031778681489412208 -0.031123110214187486
leaf_weight=0.57870454341173072 6.3175859898328808 16.869058983400464 31.682728234678507 899.09170086495578 28.584356570616364 10.575803354382513 0.9143025316297998 3.06675343774259 4.0926225753501058
leaf_count=6 18 179 78 3600 99 15 14 68 134
internal_value=0.00231651 0.00261343 0.00217561 0.00295929 -0.0138721 0.0279139 -0.0317648 -0.0315845 -0.0314039
internal_weight=1001.77 993.121 976.228 930.774 45.4534 16.8934 8.65238 8.07368 7.15938
internal_count=4211 3989 3956 3678 278 33 222 216 202
is_linear=0
shrinkage=0.03


Tree=97
num_leaves=14
num_cat=0
split_feature=29 26 25 14 5 8 8 5 5 6 5 20 29
split_gain=10.9053 22.2243 15.8083 23.238 13.6174 7.57434 10.4861 20.5464 7.83682 8.02483 6.8711 6.81831 0.147022
threshold=0.067511903309854585 0.0050732807347314999 0.00060394083698791785 0.96224234703932621 0.017919901516689225 -0.015039897823304619 -0.021791803845795446 -0.013480995380465531 0.018464004845011449 62234.000000000007 -0.0082008813798114116 0.0351122193770829 0.057957695336936739
decision_type=2 2 2 2 2 2 2 2 2 2 2 2 2
left_child=1 2 4 -4 -1 6 10 -8 9 -7 -2 12 -3
right_child=5 11 3 -5 -6 8 7 -9 -10 -11 -12 -13 -14
leaf_value=0.00091419954756279218 -0.0094326864995360991 -0.033695411242296108 -0.038997766397145237 0.032328852716621753 0.021169946558866892 -0.011515091961233802 0.01849825423283993 -0.049225586881186618 -0.023931450437968724 0.010201911202594826 0.027441891306688632 0.028574422902617275 -0.03940399403484534
leaf_weight=592.87785744015127 8.90949195623398 13.410074240528052 18.376393578946594 5.2955553196370593 31.455061122775078 16.21963720023632 6.5262390077114132 10.548275768756865 6.6573140025138846 274.1558149009943 9.2902225852012617 1.6248097419738758 5.8237274140119544
leaf_count=2983 24 203 160 14 92 52 13 45 20 551 15 4 35
internal_value=0.00224814 4.12094e-05 0.00102232 -0.0230416 0.00193472 0.00669021 -0.00645288 -0.0233401 0.00825102 0.00898885 0.0093903 -0.0304387 -0.0354239
internal_weight=1001.17 668.863 648.005 23.6719 624.333 332.307 35.2742 17.0745 297.033 290.375 18.1997 20.8586 19.2338
internal_count=4211 3491 3249 174 3075 720 97 58 623 603 39 242 238
is_linear=0
shrinkage=0.03


Tree=98
num_leaves=10
num_cat=0
split_feature=13 25 25 25 18 23 25 28 26
split_gain=10.836 11.6048 12.8975 20.2539 15.9831 4.53144 0.00397375 0.00209286 0.000772904
threshold=0.0099551874070447095 -0.0011302574365555185 -0.00044161127236986788 -0.00040950722489395099 0.013627689858490001 1.0007949362997393 -0.001013258929688022 -0.0025031009171439999 -0.00071578990935078845
decision_type=2 2 2 2 2 2 2 2 2
left_child=6 5 4 -4 -3 -2 -1 -8 -9
right_child=1 2 3 -5 -6 -7 7 8 -10
leaf_value=-0.034145486830198059 0.0071544390248435806 -0.037165055084712115 0.026453016820996551 0.0019750589423015164 -5.5766955556690592e-05 0.03932562598805775 -0.03290847329560885 -0.031728508327844483 -0.031089834172113948
leaf_weight=0.56423750519752491 6.3222037926316288 16.476100756786764 31.489518154412508 898.2249626852572 28.539736453443766 10.459550417959688 0.89041246101260174 2.9865140430629253 3.9752395367249829
leaf_count=6 18 179 78 3600 99 15 14 68 134
internal_value=0.00218291 0.00247064 0.00204478 0.00280413 -0.013638 0.0272057 -0.0317137 -0.031539 -0.0313638
internal_weight=999.928 991.512 974.73 929.714 45.0158 16.7818 8.4164 7.85217 6.96175
internal_count=4211 3989 3956 3678 278 33 222 216 202
is_linear=0
shrinkage=0.03


Tree=99
num_leaves=13
num_cat=0
split_feature=13 14 10 1 11 11 5 9 23 10 15 13
split_gain=10.4994 13.0609 16.1256 19.6743 18.2176 15.3101 25.4024 16.0273 12.6607 13.9276 12.0923 4.83079
threshold=0.05688836410104204 0.92674780706317084 0.0077323486058206124 0.091303510283774814 0.0073066730002980711 0.0084431659317981533 -0.0070538279005869786 1.8118625267817976 1.3528546766428355 0.040021747931196359 -0.013952615868972359 0.060455234838985544
decision_type=2 2 2 2 2 2 2 2 2 2 2 2
left_child=1 5 4 -4 -3 6 -1 -7 9 -2 -10 -12
right_child=8 2 3 -5 -6 7 -8 -9 10 -11 11 -13
leaf_value=-0.021814798833920488 0.011058617790589453 -0.011131501849585862 -0.021899041582429796 0.034223681429754287 0.061608680292090802 0.0086921279155529382 0.00098628420836640814 -0.0022609981942973965 -0.011036107658267541 -0.043556259834807515 0.039837663216383906 0.019345906891179519
leaf_weight=53.928344798274338 11.91152196377516 7.1165829431265575 58.803950699046254 6.2158834636211386 5.4886258393526077 383.02090403623879 238.2648942694068 175.2451488096267 8.9782550670206529 6.4931688681244841 16.760116174817085 27.087905064225197
leaf_count=365 25 59 338 10 18 1260 1264 753 28 25 19 47
internal_value=0.0021185 0.0012666 -0.0105132 -0.0165337 0.0205414 0.00234179 -0.00322197 0.00525383 0.0132182 -0.00820949 0.0206836 0.0271785
internal_weight=999.315 928.084 77.625 65.0198 12.6052 850.459 292.193 558.266 71.231 18.4047 52.8263 43.848
internal_count=4211 4067 425 348 77 3642 1629 2013 144 50 94 66
is_linear=0
shrinkage=0.03


Tree=100
num_leaves=11
num_cat=0
split_feature=21 28 25 26 26 26 21 20 12 29
split_gain=10.6724 12.183 12.1624 10.916 31.7542 30.2801 5.98912 5.41353 3.65271 2.25954
threshold=60543.500000000007 -0.0033811667480159375 0.00056708593709624321 -0.0024080699903713879 -0.0027316209887718415 -0.0017427818718629034 20878.500000000004 -0.037750192234280958 -0.0014746576151075683 0.048462085248197902
decision_type=2 2 2 2 2 2 2 2 2 2
left_child=2 9 6 4 -3 -5 7 -1 -8 -2
right_child=1 3 -4 5 -6 -7 8 -9 -10 -11
leaf_value=0.040679371681947511 0.013483228897353179 0.00038008273508102004 0.040054915831150915 0.021141229046624532 -0.036647054018791834 0.0017141235090299531 -0.03578991321517732 -0.015508846110876462 -0.0043115665979824667 0.036501773249412311
leaf_weight=2.2543824911117554 6.0377494543790844 166.56024252809584 3.2196501754224292 80.795006781816483 23.827060431241989 679.38743221946061 16.833263843320317 4.892169480212039 4.1320666093379215 10.534504711627958
leaf_count=3 27 701 21 216 145 2799 201 44 37 17
internal_value=0.00205637 0.00261462 -0.0151757 0.00217004 -0.00425388 0.00377891 -0.0215013 0.00221575 -0.0295858 0.0281155
internal_weight=998.474 967.142 31.3315 950.57 190.387 760.182 28.1119 7.14655 20.9653 16.5723
internal_count=4211 3905 306 3861 846 3015 285 47 238 44
is_linear=0
shrinkage=0.03


Tree=101
num_leaves=12
num_cat=0
split_feature=13 29 29 14 13 1 1 7 29 27 28
split_gain=10.3375 11.4992 25.0689 16.3902 13.858 9.43684 8.66394 4.55591 0.00256265 0.00102409 0.000507521
threshold=0.0099551874070447095 0.020007434860058581 0.028047799383313053 0.16192646596216018 0.012174712525766808 0.066610996853234669 0.033697905984725073 3914479.9000000008 0.034660979825836297 0.0074878641882912831 0.00098273826471175136
decision_type=2 2 2 2 2 2 2 2 2 2 2
left_child=8 3 5 7 -4 -3 -5 -2 9 10 -1
right_child=1 2 4 6 -6 -7 -8 -9 -10 -11 -12
leaf_value=-0.031475086413753607 0.012534201696092246 -0.031890454220868378 0.029299358850940517 0.035399343748338814 0.0021086395583257934 0.00083316802623471147 -0.0014524659852918839 -0.045100364239117154 -0.033015112735591691 -0.032729770789495925 -0.030797735161249333
leaf_weight=5.3139420133084041 1.76775837317109 26.834673520177603 17.193078959360719 24.721839178353548 896.30797517672181 11.259110637009142 7.4786220956593743 4.0911547318100929 1.0867576524615286 0.52136632241308678 1.225080427713692
leaf_count=137 12 361 139 89 3293 40 30 25 21 10 54
internal_value=0.00199572 0.00227278 0.00162606 0.0184427 0.0026204 -0.0222186 0.0268404 -0.0277108 -0.031659 -0.0314502 -0.0313482
internal_weight=997.801 989.654 951.595 38.0594 913.501 38.0938 32.2005 5.85891 8.14715 7.06039 6.53902
internal_count=4211 3989 3833 156 3432 401 119 37 222 201 191
is_linear=0
shrinkage=0.03


Tree=102
num_leaves=13
num_cat=0
split_feature=21 0 15 15 0 24 1 26 26 25 15 21
split_gain=10.162 12.658 10.6536 32.1524 21.6047 20.3807 14.5345 13.9778 13.9189 9.2843 5.59141 0.852837
threshold=60543.500000000007 0.0054194680328440359 0.0023632592213680896 0.0061101030466534359 -0.0055722317257900786 0.38763962445809347 0.014665934904381331 0.00013397034479202343 -0.001279158499740231 0.00056708593709624321 0.013647962529566508 27573.500000000004
decision_type=2 2 2 2 2 2 2 2 2 2 2 2
left_child=1 9 4 7 8 -6 -5 -4 -2 10 -1 -3
right_child=2 11 3 6 5 -7 -8 -9 -10 -11 -12 -13
leaf_value=-0.035691400199927358 -0.0027392456013212866 0.02988894472383842 -0.0054456265134045128 -0.037478874745585061 0.016896413083116044 0.0012830530950357871 0.0046188299909341972 -0.028213648135434425 0.047136589066220855 0.035221605389544983 0.018232953715407188 0.0085146101809492319
leaf_weight=20.034562192857276 7.089584335684779 3.9762931242585173 51.013886515051126 7.5715474579483262 90.208068573847413 453.58115570154041 293.54048712924123 46.286844149231911 17.383023507893085 2.0844442322850218 1.8942101970314968 2.909276470541954
leaf_count=250 26 10 252 74 446 1800 917 349 41 19 7 20
internal_value=0.00193564 -0.0150002 0.00247698 -0.0012843 0.00511405 0.00387312 0.00356027 -0.0162766 0.0326878 -0.0252822 -0.0310334 0.0208579
internal_weight=997.573 30.8988 966.675 398.413 568.262 543.789 301.112 97.3007 24.4726 24.0132 21.9288 6.88557
internal_count=4211 306 3905 1592 2313 2246 991 601 67 276 257 30
is_linear=0
shrinkage=0.03


Tree=103
num_leaves=13
num_cat=0
split_feature=7 28 14 13 14 7 28 3 3 26 6 29
split_gain=10.1608 15.878 14.0385 14.8739 14.3997 12.7319 12.2377 18.5624 9.7122 5.45589 6.14659 0.284214
threshold=19372770.020500001 0.0017423674789256796 0.91696052907323222 0.011010548180112023 0.85995206972567717 20021655.325000007 -0.0024264220956916791 0.0022173058013745793 0.70685161429547694 0.0052735529267415272 70233.500000000015 0.057664302279728498
decision_type=2 2 2 2 2 2 2 2 2 2 2 2
left_child=1 2 4 -4 -1 -2 8 -8 -7 11 -11 -3
right_child=5 9 3 -5 -6 6 7 -9 -10 10 -12 -13
leaf_value=-0.0017795072710099511 0.044324159144677404 -0.033314822393986289 0.060852497510497532 -0.036495446379118085 0.020858651260213395 0.024598404894633996 -0.030035333279632641 0.0030374980018830194 -0.0098198536116772418 -0.033750574781690967 0.019182031164086358 -0.042121618444369638
leaf_weight=192.59264356829226 6.8753740843385449 12.388153605163103 1.558560043573382 15.081603683531283 29.110285200178623 38.516807779669762 15.633114527910946 663.68621392548084 9.1272734589874727 3.6989716356620184 4.234714163467288 4.4945590347051612
leaf_count=1215 17 225 16 158 105 74 78 2170 35 71 23 24
internal_value=0.00187788 -0.00317954 -0.000801728 -0.0273776 0.00119295 0.0036915 0.00330721 0.0022764 0.0180048 -0.0260166 -0.00549707 -0.0356594
internal_weight=996.998 263.159 238.343 16.6402 221.703 733.839 726.963 679.319 47.6441 24.8164 7.93369 16.8827
internal_count=4211 1837 1494 174 1320 2374 2357 2248 109 343 94 249
is_linear=0
shrinkage=0.03


Tree=104
num_leaves=10
num_cat=0
split_feature=25 18 29 12 1 18 6 13 11
split_gain=10.0421 12.5037 15.1963 17.1034 15.1548 11.5599 15.444 6.41078 5.0501
threshold=-0.0011302574365555185 0.0082362558840006501 0.020007434860058581 -0.0032481784766078266 0.014665934904381331 0.0074404540058792884 19474.500000000004 0.012849781032887685 0.0084431659317981533
decision_type=2 2 2 2 2 2 2 2 2
left_child=8 5 3 -3 -4 6 -2 -7 -1
right_child=1 2 4 -5 -6 7 -8 -9 -10
leaf_value=0.0040858023299592781 -0.027724374857494741 0.0014070283401685607 -0.037235191119407068 0.044176377936477752 0.002053326766313215 0.0097460813137999862 0.007094986750292482 -0.03593831461576602 0.037572330605436313
leaf_weight=6.6093816608190563 16.13535678666085 17.321148386225104 8.9279373437166196 16.366347599774599 859.0438198428601 3.2637229282408979 39.605145324021578 18.073531921952963 10.480414703488348
leaf_count=23 318 61 80 38 2966 39 474 197 15
internal_value=0.00182316 0.00142507 0.00241648 0.0221856 0.00164921 -0.0101724 -0.00298427 -0.0289505 0.0246216
internal_weight=995.827 978.737 901.659 33.6875 867.972 77.0778 55.7405 21.3373 17.0898
internal_count=4211 4173 3145 99 3046 1028 792 236 38
is_linear=0
shrinkage=0.03


Tree=105
num_leaves=10
num_cat=0
split_feature=13 25 25 25 18 11 25 28 26
split_gain=9.84622 10.4535 12.0765 18.1043 15.3281 3.82136 0.0035966 0.00167701 0.000670219
threshold=0.0099551874070447095 -0.0011302574365555185 -0.00044161127236986788 -0.00040950722489395099 0.013627689858490001 0.0084431659317981533 -0.0011302574365555185 -0.0025031009171439999 -0.00071578990935078845
decision_type=2 2 2 2 2 2 2 2 2
left_child=6 5 4 -4 -3 -2 -1 -8 -9
right_child=1 2 3 -5 -6 -7 7 8 -10
leaf_value=-0.03413623050181374 0.0069275690275606878 -0.037060996734457709 0.024992865032715361 0.0015898462598438272 -0.0004238946396073531 0.03679316859115879 -0.032710312884501762 -0.031633556964888579 -0.031022373188338496
leaf_weight=0.4774160012602805 6.1336910873651531 16.05894039850682 30.771892618387938 895.44122133776546 28.54797793366015 10.382772088050841 0.84201946109533299 2.8582610078155994 3.7117746686562887
leaf_count=5 18 179 78 3600 99 15 14 69 134
internal_value=0.00176898 0.00203572 0.00163308 0.00236737 -0.0136136 0.025702 -0.0316124 -0.0314498 -0.0312883
internal_weight=995.226 987.336 970.82 926.213 44.6069 16.5165 7.88947 7.41206 6.57004
internal_count=4211 3989 3956 3678 278 33 222 217 203
is_linear=0
shrinkage=0.03


Tree=106
num_leaves=12
num_cat=0
split_feature=25 28 25 25 17 25 20 29 14 12 29
split_gain=9.80838 22.7324 11.5186 25.7639 20.7027 16.0925 14.3931 9.93626 9.75283 4.92739 0.604189
threshold=0.00060394083698791785 0.0017423674789256796 0.00046462623231768142 0.00051039110794297911 -0.0013322710705943408 0.00043110765201424605 -0.036554662519861135 0.077486233048236611 0.98351235318022845 -0.0054413076927134008 0.054661403642227449
decision_type=2 2 2 2 2 2 2 2 2 2 2
left_child=2 7 5 9 -5 6 -1 8 -2 -4 -7
right_child=1 -3 3 4 -6 10 -8 -9 -10 -11 -12
leaf_value=0.008612131234622504 -0.042638027339897709 0.023016741767524961 0.026162022019697584 -0.021700534926055556 0.016105615588660877 -0.037197760505011737 -0.0004660213287376403 -0.0011406225138681956 0.028744103854987806 0.054136965896902312 -0.056710583424566939
leaf_weight=206.48454865626991 20.147043749690059 12.147637650370596 11.184103056788446 20.378536988049746 36.18016963545233 2.5052630826830855 658.29418415296823 10.560267224907873 1.883701268583535 11.486257806420324 3.321758821606636
leaf_count=585 164 29 25 99 136 21 3092 26 7 13 14
internal_value=0.00171682 -0.0120104 0.00236339 0.0133147 0.00248377 0.00136678 0.00170158 -0.0250661 -0.0365346 0.0403359 -0.0483213
internal_weight=994.573 44.7386 949.835 79.2291 56.5587 870.606 864.779 32.591 22.0307 22.6704 5.82702
internal_count=4211 226 3985 273 235 3712 3677 197 171 38 35
is_linear=0
shrinkage=0.03


Tree=107
num_leaves=12
num_cat=0
split_feature=13 24 18 15 28 6 23 17 24 24 12
split_gain=9.76307 14.3803 12.9407 14.9372 16.0584 10.5868 10.2193 10.3747 8.95763 8.21367 7.78543
threshold=0.05688836410104204 0.48571933754160923 0.028625168448141922 0.019481990899712573 0.00036922789529572701 454392.50000000006 2.1498392739189738 -0.011258525915423274 0.71038605726512849 1.0677522965249406 -0.0062957438270553933
decision_type=2 2 2 2 2 2 2 2 2 2 2
left_child=2 -2 3 4 -1 9 10 -8 -7 -4 -3
right_child=1 6 5 -5 -6 8 7 -9 -10 -11 -12
leaf_value=-0.0033465362224749254 0.032778240555359842 -0.0014053617128766153 0.016519163423435363 -0.05103307811689952 0.0049436722828397773 0.01223659602354289 -0.032404993443371069 0.024870274852034399 -0.026608724628368666 0.050035879142949102 -0.042511044759490003
leaf_weight=489.69652733765543 21.646280243992805 19.321213245391849 27.828485764563084 5.1496817469596854 368.55514842644334 15.226190611720087 3.2889379821717766 21.149462461471558 8.2307228595018369 8.6184220165014249 5.2801448106765738
leaf_count=2189 29 48 58 24 1730 31 13 35 27 8 19
internal_value=0.001666 0.0124116 0.000843346 -9.2165e-05 0.000213491 0.014327 0.00342166 0.0171621 -0.00139372 0.0244447 -0.0102278
internal_weight=993.991 70.686 923.305 863.401 858.252 59.9038 49.0398 24.4384 23.4569 36.4469 24.6014
internal_count=4211 144 4067 3943 3919 124 115 48 58 66 67
is_linear=0
shrinkage=0.03


Tree=108
num_leaves=15
num_cat=0
split_feature=29 28 28 28 28 21 3 9 8 25 9 10 7 29
split_gain=9.4795 21.3268 18.3445 32.4446 31.3588 16.5277 11.926 7.96518 11.8987 11.354 11.0785 14.7128 10.157 0.407436
threshold=0.067511903309854585 0.0020151440187790846 0.00036922789529572701 -0.00045580564857229536 0.0008823743806248821 1107125.0000000002 0.026631205673761423 0.64295945931068632 -0.014723851984574685 0.00024343261796038506 1.2530318560171982 0.035459597406434125 110476230.1885 0.050686854471700231
decision_type=2 2 2 2 2 2 2 2 2 2 2 2 2 2
left_child=1 2 3 -1 -4 13 -7 8 -2 -10 11 -9 -12 -3
right_child=7 5 4 -5 -6 6 -8 10 9 -11 12 -13 -14 -15
leaf_value=0.0024631545119024856 -0.04934710982833472 -0.033056713221706058 0.022834334327172343 -0.016921637573056196 -0.00040379434749887572 0.056681684391059042 -0.0093975155527976292 -0.00071856200174410677 0.0064555128041489385 0.031595830803369966 -0.0016194744010560797 -0.046774623924954802 0.015269893979342064 -0.040742973915878306
leaf_weight=279.7009007409215 2.4999232143163672 13.445946838706734 80.723839610815048 107.60174329020083 148.23943650908768 2.7945581153035191 20.420371240004897 115.20964923501015 37.366765841841698 28.49829438328743 50.121586963534355 6.6002299785614005 88.864053905010223 11.528658255934713
leaf_count=1264 11 278 293 674 777 6 123 277 80 40 125 24 163 76
internal_value=0.00161675 -0.000445666 0.00105728 -0.00292239 0.0077891 -0.0196659 -0.00144306 0.00578001 0.0148948 0.0173331 0.00339065 -0.0032141 0.00917918 -0.0366048
internal_weight=993.616 664.455 616.266 387.303 228.963 48.1895 23.2149 329.161 68.365 65.8651 260.796 121.81 138.986 24.9746
internal_count=4211 3491 3008 1938 1070 483 129 720 131 120 589 301 288 354
is_linear=0
shrinkage=0.03


Tree=109
num_leaves=12
num_cat=0
split_feature=13 29 29 29 12 13 9 22 25 28 26
split_gain=9.41071 10.2 23.1396 13.8557 13.5227 12.6198 10.7969 0.0721708 0.0033118 0.00151175 0.000621392
threshold=0.0099551874070447095 0.020007434860058581 0.028047799383313053 0.019982888506241938 -0.0032481784766078266 0.012174712525766808 13.179700000000002 143954839.75500003 -0.0011302574365555185 -0.0025031009171439999 -0.00071578990935078845
decision_type=2 2 2 2 2 2 2 2 2 2 2
left_child=8 3 6 7 -5 -4 -3 -2 -1 -10 -11
right_child=1 2 5 4 -6 -7 -8 -9 9 10 -12
leaf_value=-0.034017923609794595 -0.033456439660180234 -0.034519616527273068 0.027365855313374533 0.0050684921841607751 0.042861046103759105 0.0016681964959435736 -0.0011890883924397732 -0.042392912364922833 -0.032623481619636185 -0.031590847572065602 -0.030993222766284668
leaf_weight=0.46656348556280125 2.8234791420400138 23.213733838871121 17.53740063495934 17.749920878559351 16.388568732887506 891.90503490902483 14.035556731745599 1.1424308605492113 0.81826140172779549 2.7753169275820255 3.5931111099198452
leaf_count=5 48 343 139 61 40 3293 58 7 14 69 134
internal_value=0.00156953 0.00182706 0.00121452 0.0170453 0.0232112 0.00216374 -0.0219607 -0.0360307 -0.0315686 -0.0314096 -0.0312537
internal_weight=992.449 984.796 946.692 38.1044 34.1385 909.442 37.2493 3.96591 7.65325 7.18669 6.36843
internal_count=4211 3989 3833 156 101 3432 401 55 222 217 203
is_linear=0
shrinkage=0.03


Tree=110
num_leaves=14
num_cat=0
split_feature=28 3 28 14 8 15 15 10 24 26 29 5 11
split_gain=9.39003 18.6114 12.5605 17.2065 13.6941 12.1893 30.2633 24.0137 11.4852 7.07094 14.9671 12.4782 0.0830096
threshold=-0.0024264220956916791 0.83571366283294679 -0.0020172834128160733 0.86826431791989722 -0.010751905618475471 0.0023632592213680896 0.0061101030466534359 0.0051079015101698497 0.47558018573916766 -0.0032537090443233228 0.039521672245995926 -0.0088118313506895755 0.013801473880995159
decision_type=2 2 2 2 2 2 2 2 2 2 2 2 2
left_child=1 9 3 8 -5 7 -7 -4 -2 11 -11 -1 -3
right_child=2 12 5 4 -6 6 -8 -9 -10 10 -12 -13 -14
leaf_value=0.030739291007164656 -0.0036780285851087911 -0.037451285542483156 0.0014845327133098409 0.071097687221772218 -0.0088989619073332298 -0.017693480806129099 0.0022848009149707858 0.018402197319243047 -0.03327733473513609 -0.019837543296180295 0.028315469005719351 -0.022778828815086367 -0.044816731517800662
leaf_weight=6.6364038661122349 21.542249944061041 2.854952920228242 394.44628545735031 3.6030005048960447 4.1374595053493968 89.496277326717973 287.32531238161027 93.391905571334064 26.083713117986917 6.7026052158325902 43.595303438603878 9.5825752932578308 2.660404346883297
leaf_count=11 121 22 1819 5 30 595 989 266 166 54 76 42 15
internal_value=0.0015224 0.0119533 0.000705721 -0.0131467 0.0283376 0.00159272 -0.0024601 0.00472326 -0.0198889 0.0163444 0.0218987 -0.000880542 -0.0410041
internal_weight=992.058 72.0322 920.026 55.3664 7.74046 864.66 376.822 487.838 47.626 66.5169 50.2979 16.219 5.51536
internal_count=4211 220 3991 322 35 3669 1584 2085 287 183 130 53 37
is_linear=0
shrinkage=0.03


Tree=111
num_leaves=12
num_cat=0
split_feature=25 28 25 25 25 26 25 13 18 26 4
split_gain=9.36069 21.4298 10.5348 24.3109 19.326 17.0128 15.6241 11.1586 10.1176 8.79945 6.70078
threshold=0.00060394083698791785 0.0017423674789256796 0.00046462623231768142 0.00051039110794297911 0.00054953301612046255 0.0052269899254361214 0.00043110765201424605 0.083969694493429767 0.025011388122709786 -0.0025552101342636037 302.50000000000006
decision_type=2 2 2 2 2 2 2 2 2 2 2
left_child=2 8 5 10 -5 6 -1 -7 9 -2 -4
right_child=1 -3 3 4 -6 7 -8 -9 -10 -11 -12
leaf_value=0.0023205015237920956 -0.0070210748630641275 0.021969150587772164 0.02170602921984683 -0.048989958484861464 0.0081316204542653814 -0.025506494542323489 -0.047465334262651107 0.038839310955825788 0.011899663733619621 -0.044251929436842211 0.05451867405550808
leaf_weight=829.65704238135368 8.3273500911891443 12.123947121202944 10.630915373563768 5.9612189866602412 50.399319613352418 29.589863438159227 5.7122377268970004 2.6421529501676551 5.5732192397117606 18.201038740575317 11.839076422154902
leaf_count=3438 39 29 23 36 199 236 35 3 13 145 15
internal_value=0.00147855 -0.0120117 0.00210894 0.0126093 0.00208991 0.00115488 0.00198007 -0.0202319 -0.0248454 -0.032565 0.0389945
internal_weight=990.657 44.2256 946.432 78.8305 56.3605 867.601 835.369 32.232 32.1016 26.5284 22.47
internal_count=4211 226 3985 273 235 3712 3473 239 197 184 38
is_linear=0
shrinkage=0.03


Tree=112
num_leaves=11
num_cat=0
split_feature=21 0 28 0 27 11 25 20 29 21
split_gain=9.20052 11.7731 10.6722 10.3702 17.7134 11.2313 9.11022 4.88433 2.48745 0.807234
threshold=60543.500000000007 0.0054194680328440359 -0.0033811667480159375 -0.0055722317257900786 0.019673420678271335 0.0084431659317981533 0.00056708593709624321 0.025238176072110406 0.048462085248197902 27573.500000000004
decision_type=2 2 2 2 2 2 2 2 2 2
left_child=1 6 8 4 -4 -5 7 -1 -2 -3
right_child=2 9 3 5 -6 -7 -8 -9 -10 -11
leaf_value=-0.035566997402912609 0.011275737513439828 0.028785156123189826 0.027548812343171025 -0.004014280750264337 -0.030933375558301793 0.003176624848320314 0.03451617364920772 0.015132162504861137 0.035872200127389335 0.0078672017121434023
leaf_weight=19.194339431356649 5.9823876451700917 3.8773497063666573 28.160074131563306 284.14723164495081 5.5857781134545794 626.45046151801944 2.0970970503985873 1.8774785920977581 9.700976222753523 2.9038590360432863
leaf_count=250 27 10 85 1528 29 2219 19 7 17 20
internal_value=0.00143474 -0.0149394 0.00194556 0.00153794 0.0178686 0.00093274 -0.0251152 -0.0310498 0.0264899 0.0198276
internal_weight=989.977 29.9501 960.027 944.344 33.7459 910.598 23.1689 21.0718 15.6834 6.78121
internal_count=4211 306 3905 3861 114 3747 276 257 44 30
is_linear=0
shrinkage=0.03


Tree=113
num_leaves=12
num_cat=0
split_feature=13 24 18 28 26 28 22 21 6 9 24
split_gain=9.09278 13.504 11.9223 13.5537 43.3552 37.6975 11.2689 14.2075 10.0306 12.724 7.88935
threshold=0.05688836410104204 0.48571933754160923 0.028625168448141922 0.00036922789529572701 -0.00010816180121889553 -0.00045580564857229536 638334868.37150013 759914.00000000012 454392.50000000006 1.5295070664745281 1.0677522965249406
decision_type=2 2 2 2 2 2 2 2 2 2 2
left_child=2 -2 3 5 -5 -1 7 -3 10 -10 -4
right_child=1 6 8 4 -6 -7 -8 -9 9 -11 -12
leaf_value=0.0014971579980942074 0.0317300947048893 -0.01829260393185483 0.015698178460342622 0.02667707845786034 -0.00061700788667862975 -0.017257800523241357 -0.027050812102623441 0.021383355103190404 -0.029303068088795393 0.016077533798950334 0.048708849360134407
leaf_weight=355.86072463355958 21.311377555131912 11.391314428299664 27.592730641365051 63.090262783691287 308.47173632029444 132.3192258104682 9.077745780348776 28.309460267424583 9.157783657312395 14.156652987003325 8.5303104817867261
leaf_count=1446 29 36 58 164 1583 750 29 50 31 27 8
internal_value=0.00139245 0.0118081 0.000598235 -0.000300119 0.00401746 -0.0035863 0.00310411 0.00999916 0.0135926 -0.00174772 0.0234935
internal_weight=989.269 70.0899 919.179 859.742 371.562 488.18 48.7785 39.7008 59.4375 23.3144 36.123
internal_count=4211 144 4067 3943 1747 2196 115 86 124 58 66
is_linear=0
shrinkage=0.03


Tree=114
num_leaves=12
num_cat=0
split_feature=25 28 25 25 17 25 21 18 28 4 29
split_gain=9.09881 19.6825 9.68601 23.2346 18.722 14.1589 13.5791 9.51797 8.59896 6.31918 0.554788
threshold=0.00060394083698791785 0.0017423674789256796 0.00046462623231768142 0.00051039110794297911 -0.0013322710705943408 0.00043110765201424605 60543.500000000007 0.025011388122709786 -0.0010179383676517395 302.50000000000006 0.066909370595782836
decision_type=2 2 2 2 2 2 2 2 2 2 2
left_child=2 7 5 9 -5 6 -1 8 -2 -4 -7
right_child=1 -3 3 4 -6 10 -8 -9 -10 -11 -12
leaf_value=-0.020372541739590626 -0.0068460848927167075 0.020494774424453324 0.021104447265609547 -0.021338112610819276 0.014732297677444319 -0.038903235318131293 0.0020188094046579758 0.011173519294738931 -0.043781823626951002 0.053041613741860068 -0.058236870785433284
leaf_weight=25.108297393657267 8.32151214964688 12.128516517579554 10.590825475752355 20.21462737955153 36.040327173657715 3.3539126925170413 835.24737755488604 5.5680048465728751 17.822008339688185 11.775268614292143 2.2199842035770416
leaf_count=273 39 29 23 99 136 26 3404 13 145 15 9
internal_value=0.00135186 -0.0120088 0.00197197 0.0120541 0.00177077 0.00105658 0.00136535 -0.0244402 -0.0320251 0.0379187 -0.0466035
internal_weight=988.391 43.84 944.551 78.621 56.255 865.93 860.356 31.7115 26.1435 22.3661 5.5739
internal_count=4211 226 3985 273 235 3712 3677 197 184 38 35
is_linear=0
shrinkage=0.03


Tree=115
num_leaves=10
num_cat=0
split_feature=25 25 25 18 13 26 29 23 29
split_gain=9.10235 10.721 15.8635 15.1024 27.6688 13.4742 10.837 3.62706 0.342249
threshold=-0.0011302574365555185 -0.00044161127236986788 -0.00040950722489395099 0.013627689858490001 0.023953989402946147 -0.0019119632594274891 0.042799167699073416 1.0007949362997393 0.056201749382250719
decision_type=2 2 2 2 2 2 2 2 2
left_child=7 3 6 8 -5 -4 -3 -1 -2
right_child=1 2 5 4 -6 -7 -8 -9 -10
leaf_value=0.005342982617061 -0.033778694483719736 -0.011531557653013872 -0.0058526399940057984 0.043118006910419032 -0.020451274155752635 0.002904607504721666 0.032194321852667324 0.034084248277712698 -0.043280527231677225
leaf_weight=6.3582101240754154 11.171321073547007 6.4773372709751156 205.06739463284612 9.0192806329578179 19.453249026089907 690.83962618745863 24.011712484061718 10.440855734050272 4.9117177724838248
leaf_count=19 175 44 903 17 82 2883 44 19 25
internal_value=0.0013118 0.000932997 0.00162434 -0.0134413 -0.000314349 0.000900129 0.0229048 0.0232061 -0.0366805
internal_weight=987.751 970.952 926.396 44.5556 28.4725 895.907 30.489 16.7991 16.083
internal_count=4211 4173 3874 299 99 3786 88 38 200
is_linear=0
shrinkage=0.03


Tree=116
num_leaves=11
num_cat=0
split_feature=0 21 0 14 1 15 6 9 5 29
split_gain=8.87348 13.7085 10.7049 14.9034 14.6019 10.5008 19.6389 6.37145 1.98202 0.202124
threshold=0.011323622166957431 60543.500000000007 0.0032677535252121463 0.92674780706317084 0.035782317324808639 0.0043722928418237971 9507.0000000000018 1.3893688110620299 -0.0020130018596150891 0.053953235988733618
decision_type=2 2 2 2 2 2 2 2 2 2
left_child=1 5 3 -3 -4 9 -7 8 -2 -1
right_child=7 2 4 -5 -6 6 -8 -9 -10 -11
leaf_value=-0.033806858046671349 0.02365873669679033 0.0037911520894323928 -0.025133429586300632 -0.010116811689361661 0.00045162296507775647 -0.021779535721801517 0.076950712006740335 0.046612781085424486 -0.014048376165978477 -0.041757329577433652
leaf_weight=12.120917438995095 2.1913850530982018 785.19356041867286 30.649207128211856 76.06003107689321 58.196177074685693 6.8262187261134368 2.4691440314054489 6.6265757475048304 2.9348171520978195 3.7739428617060176
leaf_count=181 11 3113 209 369 183 75 12 15 19 24
internal_value=0.00127323 0.000960984 0.00154012 0.0025629 -0.00837451 -0.0208823 0.00444636 0.027185 0.00207093 -0.0356946
internal_weight=987.042 975.289 950.099 861.254 88.8454 25.1902 9.29536 11.7528 5.1262 15.8949
internal_count=4211 4166 3874 3482 392 292 87 45 30 205
is_linear=0
shrinkage=0.03


Tree=117
num_leaves=10
num_cat=0
split_feature=13 25 15 13 25 0 25 28 15
split_gain=8.79409 9.54139 10.4685 15.0253 14.047 4.40204 0.00317327 0.00118748 0.00056026
threshold=0.0099551874070447095 -0.0011302574365555185 -0.013952615868972359 0.051526420234585459 -9.5779806604573002e-05 0.00046457402625657177 -0.001013258929688022 -0.0025031009171439999 -0.0036357880932057379
decision_type=2 2 2 2 2 2 2 2 2
left_child=6 5 4 -4 -3 -2 -1 -8 -9
right_child=1 2 3 -5 -6 -7 7 8 -10
leaf_value=-0.03377219954788821 0.0064804631459013584 0.009496748064454592 0.00071621832984743183 0.014245729417855622 -0.020136896462961729 0.037982927898617944 -0.032442996668642476 -0.032123566461719787 -0.031106653942691895
leaf_weight=0.51924304664134968 7.06506419181824 21.356047414243221 816.19687684997916 81.227721258997917 44.176411986351013 9.1785562857985479 0.77696453034877766 0.53508624061942089 5.4945852314122012
leaf_count=6 19 58 3578 159 161 14 14 12 190
internal_value=0.00123517 0.00148016 0.00109554 0.0019408 -0.0104797 0.0242811 -0.0315116 -0.0313391 -0.0311969
internal_weight=986.527 979.201 962.957 897.425 65.5325 16.2436 7.32588 6.80664 6.02967
internal_count=4211 3989 3956 3737 219 33 222 216 202
is_linear=0
shrinkage=0.03


Tree=118
num_leaves=13
num_cat=0
split_feature=28 5 28 17 24 15 15 27 20 7 26 15
split_gain=8.79496 13.8429 11.4794 20.3471 12.8066 11.8256 28.1136 19.9186 8.59366 10.1073 3.52293 2.30801
threshold=-0.0024264220956916791 0.0076346609201384487 -0.0020172834128160733 0.0079972525550030833 0.5880263570107912 0.0023632592213680896 0.0061101030466534359 0.0039109031529524661 -0.034540011711252309 2885964.2120000003 -0.0028387799636695565 -0.0096357363365938108
decision_type=2 2 2 2 2 2 2 2 2 2 2 2
left_child=1 8 3 4 -2 7 -7 -4 10 -10 -1 -3
right_child=2 11 5 -5 -6 6 -8 -9 9 -11 -12 -13
leaf_value=0.019362119006388394 -0.0095126376593107128 -0.0090718150043934253 0.0013339217700233654 0.029631662242190427 -0.042911256972099875 -0.017495802642229309 0.0018320310207754996 0.016587093482133414 -0.039007949094711572 0.011470739990896327 0.041217070452619201 -0.047058778349100008
leaf_weight=16.58333204686642 30.706972790881991 2.3772204965353012 389.8005144642666 8.5462017208337766 15.573209531605242 88.736908401362598 286.13723895512521 96.034767301753163 4.0053772348910561 32.838086310774088 11.068907082080839 3.6492858026176682
leaf_count=34 196 9 1796 18 108 595 989 289 38 101 12 26
internal_value=0.00119862 0.0114071 0.000412281 -0.0128977 -0.0207512 0.00126011 -0.00274308 0.00434901 0.0154701 0.00598303 0.0281104 -0.0320744
internal_weight=986.058 70.5222 915.536 54.8264 46.2802 860.709 374.874 485.835 64.4957 36.8435 27.6522 6.02651
internal_count=4211 220 3991 322 304 3669 1584 2085 185 139 46 35
is_linear=0
shrinkage=0.03


Tree=119
num_leaves=15
num_cat=0
split_feature=26 10 22 29 26 26 27 11 14 4 17 7 29 29
split_gain=8.65645 13.8726 12.6471 12.2735 11.7724 17.2289 10.2802 10.9323 10.1409 10.126 8.56847 1.8928 1.41539 0.650225
threshold=0.0050732807347314999 0.02613023712047121 91522001.124000013 0.067511903309854585 0.0044893472464987106 0.0041366473057328533 0.023069622961364486 0.062164738364797904 0.9999910071942445 142.50000000000003 0.011760376160217108 51636093.086500011 0.070608665880641047 0.056201749382250719
decision_type=2 2 2 2 2 2 2 2 2 2 2 2 2 2
left_child=4 2 3 -2 5 8 -3 -8 -1 11 -11 -6 -4 -7
right_child=1 6 12 -5 9 13 7 -9 -10 10 -12 -13 -14 -15
leaf_value=0.0018289070023846429 -0.033089133672354644 0.043808726877757151 -0.036240131093153723 0.025960717334377 0.024876577381071609 -0.038461676353319776 -0.02384159241167402 0.028652575830457903 -0.03985697011142969 -0.028590883628775352 0.033944934101490951 0.04580377699101016 -0.055083631019464466 -0.058653570868840689
leaf_weight=901.5085624717176 6.2770692012272793 5.1952983364462879 8.5222725104540569 6.3956640809774399 6.9411568157374886 2.5098319612443438 9.9233570452779514 5.5773001909255973 5.2829516381025305 5.080682745203374 3.2227158397436142 8.8483526706695539 6.1956662237644187 3.3526628315448761
leaf_count=3746 124 8 87 13 22 21 47 8 52 26 7 10 26 14
internal_value=0.0011638 -0.0112501 -0.0252566 -0.00328791 0.00180105 0.00125462 0.00728716 -0.00495364 0.00158605 0.0225001 -0.00431948 0.0366041 -0.0441725 -0.0500091
internal_weight=984.834 48.0866 27.3907 12.6727 936.747 912.654 20.696 15.5007 906.792 24.0929 8.3034 15.7895 14.7179 5.86249
internal_count=4211 313 250 137 3898 3833 63 55 3798 65 33 32 113 35
is_linear=0
shrinkage=0.03


Tree=120
num_leaves=13
num_cat=0
split_feature=7 28 14 14 7 3 20 10 20 21 9 29
split_gain=8.48621 14.2151 12.2294 12.5405 11.695 11.2031 15.1274 9.93226 9.18616 6.62933 8.09877 0.301176
threshold=19372770.020500001 0.0017423674789256796 0.91696052907323222 0.85995206972567717 20021655.325000007 0.0022173058013745793 -0.069558239619377168 -0.040538264233585683 -0.013886808344079725 504079.50000000006 1.1152057280614158 0.057664302279728498
decision_type=2 2 2 2 2 2 2 2 2 2 2 2
left_child=1 2 3 -1 -2 6 -6 -7 -4 11 -11 -3
right_child=4 9 8 -5 5 7 -8 -9 -10 10 -12 -13
leaf_value=-0.0022641342030477189 0.041855369242228366 -0.032706508525017643 0.029170851128521726 0.018936718101164551 0.024073479082235894 -0.020487811966870124 -0.036919892385305908 0.0035724152927606801 -0.036073084164997639 0.031800980309294451 -0.035419945991091079 -0.041259094284430045
leaf_weight=189.6589459516108 6.8321982286870471 11.874875116162007 2.2661803141236314 28.941985245794058 5.0032413303852108 15.797785356640814 13.627959646284578 684.79677543230355 13.585828915238377 3.4333675894886246 3.0424983249977231 5.3866298682987681
leaf_count=1215 17 259 19 105 9 55 75 2218 155 16 37 31
internal_value=0.00112923 -0.00354211 -0.00130228 0.000542783 0.00279039 0.00241929 -0.0205407 0.00302988 -0.0267459 -0.0256648 0.000219172 -0.0353754
internal_weight=984.248 258.19 234.453 218.601 726.058 719.226 18.6312 700.595 15.852 23.7374 6.47587 17.2615
internal_count=4211 1837 1494 1320 2374 2357 84 2273 174 343 53 290
is_linear=0
shrinkage=0.03


Tree=121
num_leaves=11
num_cat=0
split_feature=0 21 28 15 7 0 7 4 29 29
split_gain=8.51361 12.7884 10.3801 10.1568 11.3466 10.1373 6.55575 7.70933 2.1864 0.186529
threshold=0.011323622166957431 60543.500000000007 -0.0033811667480159375 0.0043722928418237971 12577818.180000002 0.0031083472595746105 2463207.4495000006 22.500000000000004 0.048462085248197902 0.053953235988733618
decision_type=2 2 2 2 2 2 2 2 2 2
left_child=1 3 8 9 -5 -4 7 -2 -3 -1
right_child=6 2 5 4 -6 -7 -8 -9 -10 -11
leaf_value=-0.03366783360735319 0.042202903368189847 0.011810888487691103 0.0019946003085259669 -0.019988301600600004 0.050025646192433909 -0.0083954056162415646 0.04477027061320446 -0.035683501929896042 0.035393545975333937 -0.041421917724119815
leaf_weight=11.684848001226785 2.054212808609007 5.7970172259956589 838.15627353545278 5.9895483143627626 3.1942243538796902 93.992554154247046 7.0500795468688011 2.5806265855208039 9.0806128680706006 3.6687045171856871
leaf_count=181 2 26 3414 67 20 417 14 29 17 24
internal_value=0.00109585 0.000789704 0.00134373 -0.020593 0.00436337 0.000946932 0.0265506 -0.00116337 0.0262046 -0.0355207
internal_weight=983.249 971.564 947.026 24.5373 9.18377 932.149 11.6849 4.63484 14.8776 15.3536
internal_count=4211 4166 3874 292 87 3831 45 31 43 205
is_linear=0
shrinkage=0.03


Tree=122
num_leaves=13
num_cat=0
split_feature=13 29 29 14 13 9 1 22 25 26 26 28
split_gain=8.35311 9.61919 21.2058 14.8825 12.109 10.2309 8.19826 3.58138 0.00304171 0.00108849 0.000873764 0.000103989
threshold=0.0099551874070447095 0.020007434860058581 0.028047799383313053 0.16192646596216018 0.012174712525766808 13.179700000000002 0.033697905984725073 63604918.536000006 -0.0011302574365555185 -0.00071578990935078845 -0.0018750841150723247 0.0018538360304533933
decision_type=2 2 2 2 2 2 2 2 2 2 2 2
left_child=8 3 5 7 -4 -3 -5 -2 -1 10 -10 -11
right_child=1 2 4 6 -6 -7 -8 -9 9 11 -12 -13
leaf_value=-0.033847379076747001 0.0048479538777648542 -0.034407870227283123 0.026199062502872145 0.032283847953301352 0.0011133056034166623 -0.0016744881747405868 -0.0038213822264456195 -0.04534389824291099 -0.031221900171028581 -0.030991295512282215 -0.03219932104420601 -0.030555760469635436
leaf_weight=0.44943454116582859 1.9294317495077837 22.291789117269218 17.66407735645771 24.828768779523671 883.775489769876 13.984724868088959 7.3314001858234397 3.7980538234114647 1.7493749056011441 2.6992902271449561 1.5546582732349632 0.60373239871114481
leaf_count=5 15 343 139 89 3293 58 30 22 54 97 29 37
internal_value=0.0010634 0.00129863 0.000699854 0.0161184 0.00160487 -0.021789 0.0240531 -0.0284356 -0.0314593 -0.0312968 -0.0316818 -0.0309117
internal_weight=982.66 975.604 937.716 37.8877 901.44 36.2765 32.1602 5.72749 7.05649 6.60706 3.30403 3.30302
internal_count=4211 3989 3833 156 3432 401 119 37 222 217 83 134
is_linear=0
shrinkage=0.03


Tree=123
num_leaves=14
num_cat=0
split_feature=18 26 26 12 26 26 28 24 24 17 18 23 1
split_gain=8.32813 13.2324 29.4759 21.2097 16.8382 16.4546 10.8143 10.2034 20.3066 35.8887 10.4079 4.91008 0.470094
threshold=0.017130281898837803 -0.0024080699903713879 -0.0012492456805929017 -0.0013026645994204864 -0.0027316209887718415 -0.0010254228995116789 -0.0031090121984301382 1.0677522965249406 0.66921020745020576 1.0000000180025095e-35 0.017833958498275949 1.3920597489174307 0.050338832542855753
decision_type=2 2 2 2 2 2 2 2 2 2 2 2 2
left_child=1 4 3 -3 6 -4 -1 8 10 -10 -2 -9 -6
right_child=7 2 5 -5 12 -7 -8 11 9 -11 -12 -13 -14
leaf_value=0.013234925492306393 0.022230863330533472 0.018824030656178728 -0.044788552641258757 -0.024043171313621367 -0.039469425800225146 -0.0024326805836248203 -0.011271909879740149 0.0088912767300983533 -0.032174601417580016 0.0034729762882158024 0.005184106393861381 0.034958903254027257 -0.055182308017953388
leaf_weight=20.379176059737802 37.207798168063164 99.370116136968136 8.4701781123876554 11.60056886449456 11.643013985827563 324.50296395691112 79.132649600505829 12.561969235539438 36.381502937525511 84.346673261374235 241.1715467851609 13.483477748930452 2.0093619730323544
leaf_count=79 78 322 62 62 106 1965 516 29 140 218 604 19 11
internal_value=0.00103132 -0.00138183 0.000952491 0.0143428 -0.0105394 -0.00351013 -0.00625312 0.00419344 0.00300619 -0.00726944 0.00746255 0.0223862 -0.0417821
internal_weight=982.261 557.108 443.944 110.971 113.164 332.973 99.5118 425.153 399.108 120.728 278.379 26.0454 13.6524
internal_count=4211 3123 2411 384 712 2027 595 1088 1040 358 682 48 117
is_linear=0
shrinkage=0.03


Tree=124
num_leaves=10
num_cat=0
split_feature=25 26 26 28 14 12 17 13 0
split_gain=8.27316 10.3161 32.5124 31.6711 21.0874 18.3737 11.1802 10.9613 4.75968
threshold=-0.0011302574365555185 0.00013397034479202343 0.00068568743233268271 0.00036922789529572701 0.48597547978755146 -0.0034454683668456196 -0.0055496800954794581 0.032611696787639331 0.0014873282092215132
decision_type=2 2 2 2 2 2 2 2 2
left_child=8 3 6 5 -4 -2 -3 -5 -1
right_child=1 2 4 7 -6 -7 -8 -9 -10
leaf_value=0.0094779152768785044 -0.0029574764615544176 -0.0088053130461217682 0.0083345732095161523 0.029103406125709365 -0.0058911164849290319 0.011263422454235828 -0.044336768943110519 0.0056993215642103558 0.042665615314715119
leaf_weight=10.270913183689119 348.72888367716223 12.769021764397619 152.69037165725604 51.554128065705299 243.08075326960534 106.81365217175335 21.207063151523471 27.680532708764076 6.2595296353101721
leaf_count=28 1415 52 673 144 1203 449 174 63 10
internal_value=0.00100118 0.000640518 -0.00282049 0.00342178 -0.000402778 0.000376979 -0.0309832 0.0209272 0.022045
internal_weight=981.055 964.524 429.747 534.777 395.771 455.543 33.9761 79.2347 16.5304
internal_count=4211 4173 2102 2071 1876 1864 226 207 38
is_linear=0
shrinkage=0.03


Tree=125
num_leaves=11
num_cat=0
split_feature=13 24 18 15 28 6 12 21 26 1
split_gain=8.23828 12.7736 10.7387 13.7775 13.1552 9.70962 24.0713 16.5748 9.23846 12.8397
threshold=0.05688836410104204 0.48571933754160923 0.028625168448141922 0.019481990899712573 0.00036922789529572701 955830.50000000012 -0.0040847744159847417 856928.00000000012 -0.0024796208344621978 0.026826988520081176
decision_type=2 2 2 2 2 2 2 2 2 2
left_child=2 -2 3 4 -1 7 -7 -3 -4 -10
right_child=1 5 8 -5 -6 6 -8 -9 9 -11
leaf_value=-0.0036057541697318272 0.030569664119458669 -0.01609464589684196 0.032337563763380026 -0.050069457054584633 0.0039388334027708706 -0.058977362845181167 0.027135770179120472 0.02573152009981456 0.030710599499760363 -0.0051850754878688399
leaf_weight=481.53395347297192 20.862541005015373 13.590208068490027 15.680043861269949 5.045243836939334 366.1762281130068 6.6420703232288361 5.2154751569032651 22.887209884822369 12.739280715584753 30.297857195138931
leaf_count=2189 29 42 24 24 1730 28 8 37 18 82
internal_value=0.00097111 0.0109505 0.00021349 -0.000640979 -0.0003468 0.00248241 -0.021101 0.0101486 0.012623 0.00544028
internal_weight=980.67 69.1975 911.473 852.755 847.71 48.335 11.8575 36.4774 58.7172 43.0371
internal_count=4211 144 4067 3943 3919 115 36 79 124 100
is_linear=0
shrinkage=0.03


Tree=126
num_leaves=12
num_cat=0
split_feature=25 28 29 25 25 17 26 25 13 14 4
split_gain=8.17078 17.6219 9.43179 9.07778 21.3851 17.1134 15.4111 13.8706 9.97354 8.51072 5.88952
threshold=0.00060394083698791785 0.0017423674789256796 0.077486233048236611 0.00046462623231768142 0.00051039110794297911 -0.0037971379832508314 0.0052269899254361214 0.00043110765201424605 0.083969694493429767 0.98351235318022845 302.50000000000006
decision_type=2 2 2 2 2 2 2 2 2 2 2
left_child=3 2 9 6 10 -6 7 -1 -8 -2 -5
right_child=1 -3 -4 4 5 -7 8 -9 -10 -11 -12
leaf_value=0.0017400890558720886 -0.041669813382020575 0.018907306721009966 -0.0005845416812925604 0.019938674767177925 -0.02394883827908887 0.012309589280179938 -0.025066974349460026 -0.046045599725904204 0.03655412164714588 0.026063461587275193 0.050886897726392571
leaf_weight=822.20639040414244 18.703450035303838 12.070191271603106 10.423213481903074 10.510512672364714 16.746889237314463 38.994754729792476 28.77752153668553 5.5034894831478587 2.5754825621843329 1.8332118280231942 11.688607409596441
leaf_count=3438 164 29 26 23 79 156 236 35 3 7 15
internal_value=0.000942739 -0.0118398 -0.023827 0.00152975 0.011333 0.00141619 0.000640326 0.00142236 -0.0200051 -0.0356236 0.036234
internal_weight=980.034 43.0301 30.9599 937.004 77.9408 55.7416 859.063 827.71 31.353 20.5367 22.1991
internal_count=4211 226 197 3985 273 235 3712 3473 239 171 38
is_linear=0
shrinkage=0.03


Tree=127
num_leaves=9
num_cat=0
split_feature=5 29 23 14 24 24 1 18
split_gain=8.05975 9.38496 18.4685 16.5971 10.0412 15.0584 9.83691 0.163885
threshold=0.030043283900149768 0.05048000497443051 0.66253273737179097 0.078264178792972539 0.32777597305538236 0.26400494840382643 0.039567373288310122 0.014126140978941297
decision_type=2 2 2 2 2 2 2 2
left_child=1 2 7 -4 5 -3 -6 -1
right_child=-2 4 3 -5 6 -7 -8 -9
leaf_value=-0.033776373088224836 0.032673748361886995 -0.024414734506526221 -0.022807309457784777 0.00035030248172717999 -0.0015246874013906131 0.030116898966621123 0.0062497065869427529 -0.041635875680349661
leaf_weight=12.522900474257765 7.1392634324729434 5.6116388998925713 30.640247185714543 306.30691163474694 319.00947973132133 24.261101886630058 270.83172468841076 2.9502974972128859
leaf_count=189 16 27 235 2124 917 53 632 18
internal_value=0.00091478 0.000681545 -0.00322722 -0.00175553 0.00290439 0.0198731 0.00204501 -0.035275
internal_weight=979.274 972.134 352.42 336.947 619.714 29.8727 589.841 15.4732
internal_count=4211 4195 2566 2359 1629 80 1549 207
is_linear=0
shrinkage=0.03


Tree=128
num_leaves=14
num_cat=0
split_feature=28 3 28 17 15 15 0 3 0 26 29 20 29
split_gain=8.09253 17.0152 10.4525 19.0896 11.3165 25.9136 20.4293 10.0417 7.15123 6.28164 9.70771 8.67239 0.0523951
threshold=-0.0024264220956916791 0.83571366283294679 -0.0020172834128160733 0.005833497362955427 0.0023632592213680896 0.0061101030466534359 -0.0055722317257900786 0.10108444583643449 -1.0000000180025095e-35 -0.0032537090443233228 0.039784523806720533 -0.054419916896834168 0.052849149749540157
decision_type=2 2 2 2 2 2 2 2 2 2 2 2 2
left_child=1 9 3 7 6 -6 -4 -2 -5 11 -11 -1 -3
right_child=2 12 4 8 5 -7 -8 -9 -10 10 -12 -13 -14
leaf_value=0.030864200875314572 0.005537084152615339 -0.037631263294290576 0.031032203928071409 0.037859073441657516 -0.017235130054706987 0.0014122328178577373 0.002565872369363403 -0.030388940288787695 -0.0076746158184659383 -0.010653884179585077 0.026356088634612133 -0.01645040104510858 -0.043567557179315243
leaf_weight=5.1419641077518454 8.9399903137236816 2.6700707469135514 23.869382809847593 7.6052234210073948 87.79436425305903 284.14853551518172 459.19017841294408 32.304197054356337 5.2452183160930854 7.5759982485324135 40.355671644210815 10.829371007159351 2.6825284510850906
leaf_count=7 50 23 69 15 595 989 2016 239 18 55 75 46 14
internal_value=0.000887892 0.0107733 0.000134818 -0.0126541 0.00094395 -0.00298934 0.00397248 -0.0226017 0.0192734 0.0150769 0.0205064 -0.00121749 -0.0406063
internal_weight=978.353 69.2556 909.097 54.0946 855.002 371.943 483.06 41.2442 12.8504 63.903 47.9317 15.9713 5.3526
internal_count=4211 220 3991 322 3669 1584 2085 289 33 183 130 53 37
is_linear=0
shrinkage=0.03


Tree=129
num_leaves=13
num_cat=0
split_feature=13 29 29 14 13 9 14 7 25 26 18 18
split_gain=7.92775 9.02352 19.9018 13.8926 11.2083 9.80648 7.5217 3.0597 0.0029552 0.000978833 0.00101469 0.00021191
threshold=0.0099551874070447095 0.020007434860058581 0.028047799383313053 0.16192646596216018 0.012174712525766808 13.179700000000002 0.71113199665831239 11744668.209500002 -0.001013258929688022 -0.00071578990935078845 0.0065560520576978046 0.0083805571025132464
decision_type=2 2 2 2 2 2 2 2 2 2 2 2
left_child=8 3 5 7 -4 -3 -5 -2 -1 10 -10 -11
right_child=1 2 4 6 -6 -7 -8 -9 9 11 -12 -13
leaf_value=-0.033646093877841995 0.0013267093359531927 -0.034269503659734621 0.024904095561936776 0.034593165593288767 0.00089898098044787086 -0.0019442111048058664 0.0047930796627524593 -0.044825149831700037 -0.031334843766122646 -0.030779550464335347 -0.032635916123725246 -0.03149691747673921
leaf_weight=0.49851799756288517 2.0252257585525504 21.477418169379234 17.861117266118526 19.709096811711788 879.2445503147319 13.921111272647975 12.430891610682009 3.5749766137450933 2.4261137535795574 2.7510679373517628 0.6937407087534665 0.42830272950232018
leaf_count=6 16 343 139 60 3293 58 59 21 70 124 12 10
internal_value=0.000862164 0.00108836 0.000506328 0.0154695 0.00137692 -0.021557 0.0230673 -0.0281351 -0.0314226 -0.0312466 -0.0316242 -0.0308762
internal_weight=977.042 970.244 932.504 37.7402 897.106 35.3985 32.14 5.6002 6.79774 6.29923 3.11985 3.17937
internal_count=4211 3989 3833 156 3432 401 119 37 222 216 82 134
is_linear=0
shrinkage=0.03


Tree=130
num_leaves=11
num_cat=0
split_feature=0 21 28 0 15 11 3 7 4 14
split_gain=7.8892 12.0635 9.82911 10.1833 9.7451 11.6667 9.17932 6.02696 7.04865 0.221838
threshold=0.011323622166957431 60543.500000000007 -0.0031090121984301382 0.0031083472595746105 0.0043722928418237971 0.0068961898330471205 0.52135588103138841 2463207.4495000006 22.500000000000004 1.0000000180025095e-35
decision_type=2 2 2 2 2 2 2 2 2 2
left_child=1 4 6 -4 9 -6 -3 8 -2 -1
right_child=7 2 3 -5 5 -7 -8 -9 -10 -11
leaf_value=-0.05442003659516504 0.040860840672405939 0.029185223772947438 0.0016286139709813204 -0.0088928414831324007 0.091679384348090073 -0.0091626219347572049 -0.014964525939567448 0.042820698659505815 -0.035326590346486192 -0.034725992093250876
leaf_weight=0.53392752911895769 1.9506609439849834 19.595506113022569 824.02195812668651 92.037073383107781 1.1864049173891524 7.9616464897990227 5.4080691896378985 7.0401550531387329 2.4854168258607388 14.34275888185948
leaf_count=7 2 50 3382 415 8 79 27 14 29 198
internal_value=0.000836175 0.000542136 0.00107805 0.000571516 -0.0204499 0.00391551 0.019636 0.0255632 -0.00182496 -0.0354328
internal_weight=976.564 965.087 941.063 916.059 24.0247 9.14805 25.0036 11.4762 4.43608 14.8767
internal_count=4211 4166 3874 3797 292 87 77 45 31 205
is_linear=0
shrinkage=0.03


Tree=131
num_leaves=10
num_cat=0
split_feature=25 25 1 18 25 25 13 0 18
split_gain=7.73879 9.32106 15.0759 14.0354 13.7661 10.8043 8.48625 4.52814 0.265642
threshold=-0.0011302574365555185 -0.00044161127236986788 0.030388045300406886 0.013627689858490001 -0.00040950722489395099 -0.00031346814503075294 0.020896353874994424 0.0014873282092215132 0.011847676171133784
decision_type=2 2 2 2 2 2 2 2 2
left_child=7 2 8 -4 6 -6 -3 -1 -2
right_child=1 4 3 -5 5 -7 -8 -9 -10
leaf_value=0.0089299005865466474 -0.035347613379494713 -0.0075263016091912504 -0.036335452347984826 0.010280631589782162 -0.014451468878771682 0.0011770197072580272 0.030459880426511845 0.041420135769714567 -0.043975435897844015
leaf_weight=10.186599165201189 5.7796261468902212 6.9515336528420475 7.7993061682209399 22.824075821787119 41.77955886349082 845.00578075367957 22.186056450009346 6.2166728153824797 7.2286516707390547
leaf_count=28 93 46 95 67 224 3562 42 10 44
internal_value=0.00081132 0.000462041 -0.0130851 -0.00159177 0.00110738 0.000440707 0.0213973 0.0212434 -0.0401421
internal_weight=975.958 959.555 43.6317 30.6234 915.923 886.785 29.1376 16.4033 13.0083
internal_count=4211 4173 299 162 3874 3786 88 38 137
is_linear=0
shrinkage=0.03


Tree=132
num_leaves=12
num_cat=0
split_feature=25 28 29 15 25 25 25 26 25 5 4
split_gain=7.73236 16.8803 9.03739 8.64603 8.52809 20.2435 16.6838 14.3434 13.2479 9.70288 5.59006
threshold=0.00060394083698791785 0.0017423674789256796 0.077486233048236611 0.017011481933676072 0.00046462623231768142 0.00051039110794297911 0.00054953301612046255 0.0052269899254361214 0.00043110765201424605 -0.0053772768799186009 302.50000000000006
decision_type=2 2 2 2 2 2 2 2 2 2 2
left_child=4 2 3 -2 7 10 -7 8 -1 -9 -6
right_child=1 -3 -4 -5 5 6 -8 9 -10 -11 -12
leaf_value=0.0015557499616204217 -0.041272863388027305 0.018368180822514058 -0.00087552815425798495 0.029600898437836077 0.019299372967615632 -0.047416040298992143 0.0067836558871909947 0.0040192319558520449 -0.04553958039438525 -0.031529130869357096 0.049554312718509817
leaf_weight=818.65476129576564 18.433023640885956 12.037559926509855 10.400899857282637 1.6912669613957394 10.454171776771547 5.6946799587458363 49.908478577621281 10.418583748862149 5.4112057071179143 20.522572297602892 11.589281387627123
leaf_count=3438 167 29 26 4 23 36 199 72 35 167 15
internal_value=0.00078741 -0.0117173 -0.0235814 -0.0353166 0.00135808 0.0108775 0.00123271 0.000493579 0.0012465 -0.0195592 0.0352058
internal_weight=975.216 42.5628 30.5252 20.1243 932.654 77.6466 55.6032 855.007 824.066 30.9412 22.0435
internal_count=4211 226 197 171 3985 273 235 3712 3473 239 38
is_linear=0
shrinkage=0.03


Tree=133
num_leaves=12
num_cat=0
split_feature=13 24 14 10 7 11 11 5 11 22 21
split_gain=7.62011 12.1065 10.3831 15.1661 18.5356 15.0269 10.9284 22.3525 15.2713 10.3207 12.4463
threshold=0.05688836410104204 0.48571933754160923 0.92674780706317084 0.0077323486058206124 961237203.9180001 0.0073066730002980711 0.0084431659317981533 -0.0070538279005869786 0.0093551834356098568 638334868.37150013 759914.00000000012
decision_type=2 2 2 2 2 2 2 2 2 2 2
left_child=2 -2 6 5 -5 -4 7 -1 -8 10 -3
right_child=1 9 3 4 -6 -7 8 -9 -10 -11 -12
leaf_value=-0.021487642467843501 0.029691863118709548 -0.017760661694815594 -0.010782767926940814 -0.023381106349034939 0.022925415615887467 0.055618966317860973 0.021692457471201347 0.00022430111669507859 0.0020984184075809689 -0.02684048501778518 0.019644886020443553
leaf_weight=52.314196961931884 20.52824792265892 11.25790625438094 6.6760316872969252 53.519807792268693 9.1029572933912259 5.674338580109179 38.509836290962994 231.59960338100791 508.55776941496879 8.9767497181892377 27.714902147650719
leaf_count=365 29 36 59 326 22 18 140 1264 1873 29 50
internal_value=0.000763953 0.0104134 3.45832e-05 -0.0106578 -0.0166499 0.0197253 0.000999275 -0.00377636 0.00347771 0.00215993 0.00883971
internal_weight=974.432 68.4778 905.955 74.9731 62.6228 12.3504 830.981 283.914 547.068 47.9496 38.9728
internal_count=4211 144 4067 425 348 77 3642 1629 2013 115 86
is_linear=0
shrinkage=0.03


Tree=134
num_leaves=9
num_cat=0
split_feature=5 7 24 15 20 20 12 11
split_gain=7.58995 8.7144 14.9035 25.2461 14.7061 18.0141 14.6673 14.1951
threshold=0.030043283900149768 7676368.0275000008 0.38763962445809347 -0.00036831377735263002 -0.038432004054645565 -0.041532971913665465 -0.0088278146859772037 0.031568888022670494
decision_type=2 2 2 2 2 2 2 2
left_child=1 4 3 -3 5 -1 -6 -4
right_child=-2 2 7 -5 6 -7 -8 -9
leaf_value=-0.012399095976300765 0.031702702891212964 0.023317325502320498 -0.0020511927802522442 -0.0052975790397195984 -0.024606660468086402 0.043558968431378506 -0.0026668156420961895 0.0085475764291908351
leaf_weight=9.8780422229319829 7.0741678960621348 68.387350528500974 568.48021247982979 46.697573731653392 42.39632972329855 10.880822163075207 77.652444845531136 142.17158839292824
leaf_count=59 16 239 2158 251 402 24 734 328
internal_value=0.000741377 0.00051477 0.00169108 0.0117064 -0.00638345 0.0169315 -0.0104151 6.91759e-05
internal_weight=973.619 966.544 825.737 115.085 140.808 20.7589 120.049 710.652
internal_count=4211 4195 2976 490 1219 83 1136 2486
is_linear=0
shrinkage=0.03


Tree=135
num_leaves=11
num_cat=0
split_feature=13 25 26 26 26 23 25 26 18 18
split_gain=7.55081 8.10139 9.54601 30.2896 15.3059 3.79513 0.00295192 0.000889132 0.00090532 0.000184655
threshold=0.0099551874070447095 -0.0011302574365555185 0.00013397034479202343 0.00068568743233268271 -0.0018928406198037023 1.0007949362997393 -0.001013258929688022 -0.00071578990935078845 0.0065560520576978046 0.0083805571025132464
decision_type=2 2 2 2 2 2 2 2 2 2
left_child=6 5 4 -4 -3 -2 -1 8 -8 -9
right_child=1 2 3 -5 -6 -7 7 9 -10 -11
leaf_value=-0.033621725955826361 0.0038592865541968845 -0.0022605993595393717 -0.030438388267598156 -0.00044443043054729974 0.0080055631628364408 0.033905653908565599 -0.031289414067815567 -0.030750331898628743 -0.032539011346814896 -0.031434226240465969
leaf_weight=0.49073253199458111 6.2062867060303679 242.11560233868659 32.845003686845303 391.33741712197661 284.03748591989279 9.6914521306753141 2.3313644193112855 2.6445857682265337 0.6722651571035384 0.41047505103051651
leaf_count=6 18 1037 212 1776 931 15 70 124 12 10
internal_value=0.000719465 0.000937071 0.000581776 -0.0027669 0.00328147 0.0221759 -0.0313838 -0.0312026 -0.0315691 -0.0308422
internal_weight=972.783 966.233 950.336 424.182 526.153 15.8977 6.54942 6.05869 3.00363 3.05506
internal_count=4211 3989 3956 1988 1968 33 222 216 82 134
is_linear=0
shrinkage=0.03


Tree=136
num_leaves=14
num_cat=0
split_feature=28 3 28 26 28 25 26 26 20 1 12 4 11
split_gain=7.38222 16.0304 9.78833 32.7128 23.0999 34.7242 18.7359 18.0445 12.3526 9.65776 7.42993 3.82987 0.0703437
threshold=-0.0024264220956916791 0.83571366283294679 0.00034527875204353663 -0.00010816180121889553 -0.00045580564857229536 4.7611398767522307e-05 0.0014478290954663196 -0.00075080435597759245 -0.039858202414329073 0.031152166431873029 -0.025597740529307546 232.50000000000003 0.013801473880995159
decision_type=2 2 2 2 2 2 2 2 2 2 2 2 2
left_child=1 9 4 8 7 -6 -5 -2 -4 10 -1 -11 -3
right_child=2 12 3 6 5 -7 -8 -9 -10 11 -12 -13 -14
leaf_value=0.030290448581831646 -0.0021659867631347754 -0.036884109763916532 -0.008422182950579735 -0.015584974419087343 -0.0016994796228253961 -0.032269590341821835 0.0026309872942541414 0.015396733880410541 0.026856453863764469 0.012003404661805816 -0.0098486422653341656 0.031219317533790786 -0.043853060765918335
leaf_weight=5.3752857744693783 260.3420949568972 2.6767687816172829 10.453943908214567 61.102218484506011 89.919981856830418 53.24156363401562 301.91121037304401 65.997809745371342 61.380387634038925 15.452407684177158 18.214030915871263 23.578639287501574 2.541022602468729
leaf_count=8 1110 22 30 357 443 315 1381 204 151 36 95 44 15
internal_value=0.000698096 0.010243 -1.78967e-05 0.00322518 -0.0030216 -0.0130685 -0.000435113 0.00138583 0.0217224 0.0144526 -0.000702168 0.0236117 -0.0402779
internal_weight=972.187 67.8382 904.349 434.848 469.501 143.162 363.013 326.34 71.8343 62.6204 23.5893 39.031 5.21779
internal_count=4211 220 3991 1919 2072 758 1738 1314 181 183 103 80 37
is_linear=0
shrinkage=0.03


Tree=137
num_leaves=10
num_cat=0
split_feature=0 21 28 3 28 20 7 4 29
split_gain=7.49022 11.4534 8.29918 12.1377 11.4249 5.6686 5.36083 6.63687 0.119204
threshold=0.011323622166957431 40145.500000000007 -0.0024264220956916791 0.70685161429547694 -0.0020172834128160733 0.025238176072110406 2463207.4495000006 22.500000000000004 0.056804537989756702
decision_type=2 2 2 2 2 2 2 2 2
left_child=1 5 3 -3 -4 8 7 -2 -1
right_child=6 2 4 -5 -6 -7 -8 -9 -10
leaf_value=-0.033767015064365996 0.040289060769453384 0.017305677597079384 -0.013736122458770591 -0.016596396456629602 0.00085894497920961644 0.028974929692681374 0.041127411473008031 -0.035010226988737937 -0.04182190279152171
leaf_weight=9.1237073186784965 1.8970376253128032 52.618180261924863 51.24455269984901 11.599635310471056 831.70627443445846 1.3923836611211289 7.0083889551460743 2.3690961841493845 2.0195503048598757
leaf_count=141 2 144 309 55 3499 5 14 29 13
internal_value=0.000677766 0.000392175 0.000769208 0.011182 1.18789e-05 -0.0280957 0.0249877 -0.00152661 -0.0352268
internal_weight=970.979 959.704 947.169 64.2178 882.951 12.5356 11.2745 4.26613 11.1433
internal_count=4211 4166 4007 199 3808 159 45 31 154
is_linear=0
shrinkage=0.03


Tree=138
num_leaves=12
num_cat=0
split_feature=29 29 29 12 1 26 27 18 18 27 5
split_gain=7.32757 14.445 20.5787 11.8678 11.5041 10.7444 9.87974 9.80825 0.0758464 0.00532219 0.000471742
threshold=0.019982888506241938 0.020007434860058581 0.028047799383313053 -0.0032481784766078266 0.014665934904381331 -0.001328130914981638 0.017281792914102621 0.015995220652393605 0.0094120051075838092 0.01784802813820097 0.00576749826749822
decision_type=2 2 2 2 2 2 2 2 2 2 2
left_child=8 3 7 5 -4 -2 -5 -3 9 10 -1
right_child=1 2 4 6 -6 -7 -8 -9 -10 -11 -12
leaf_value=-0.031130024117500019 -0.028126250702171736 -0.031609336147654009 -0.028651930364769072 0.065094869705045938 0.0014415067614333521 0.020772384190402737 0.018239969595535491 0.002967003031086774 -0.039257079872526954 -0.034713270409291251 -0.032111188311360124
leaf_weight=2.2611509994603693 6.4016811139881638 26.311815025284886 11.582816557027398 7.0713031794875887 882.7866486646235 10.981824750080703 9.4801283963024598 10.264089092612265 1.975747952237725 0.48879157751798619 0.54788881540298451
leaf_count=83 34 441 113 16 3398 30 27 35 15 7 12
internal_value=0.000657835 0.000850586 0.00014977 0.0200762 0.00105177 0.00276489 0.0382579 -0.0219064 -0.0346089 -0.0318241 -0.0313214
internal_weight=970.154 964.88 930.945 33.9349 894.369 17.3835 16.5514 36.5759 5.27358 3.29783 2.80904
internal_count=4211 4094 3987 107 3511 64 43 476 117 102 95
is_linear=0
shrinkage=0.03


Tree=139
num_leaves=15
num_cat=0
split_feature=15 15 24 16 0 21 17 14 24 0 0 21 14 10
split_gain=7.29847 23.6648 15.2896 23.4501 19.2034 17.5862 13.8858 12.5065 17.4353 14.3509 11.7146 9.8323 9.80005 4.78244
threshold=0.0023632592213680896 0.0065311799511185821 0.38763962445809347 0.75000000000000011 -0.0061474779850077691 105578.50000000001 0.017021010275940402 0.92674780706317084 0.92023472819097074 0.00037429820950456421 0.00023891463710620995 954555.50000000012 0.2155167351732232 -0.040538264233585683
decision_type=2 2 2 2 2 2 2 2 2 2 2 2 2 2
left_child=2 6 5 4 -4 13 11 9 -9 -3 -5 -2 -7 -1
right_child=1 7 3 10 -6 12 -8 8 -10 -11 -12 -13 -14 -15
leaf_value=0.039022837390291477 -0.025510067055462479 0.012140678575034208 0.031690118143455535 0.0068125438905102826 -0.0020897309833300157 0.030038500200524794 0.032310617823843368 -0.01386823541192192 0.022371292493375185 -0.0043476843090971828 0.050771571933813854 -0.0071711641517348997 0.0096750140078548461 -0.034380139908769952
leaf_weight=0.88878488540649403 54.604296502657235 128.99466138891876 15.694300997070966 9.9961642920970935 433.76971985958517 34.614396151155233 5.4792511016130439 69.846343219280243 14.41404211334884 75.205454807728529 12.012513434514402 50.781694154255092 55.172458775341511 7.8945041904225928
leaf_count=1 491 351 40 52 1826 142 8 350 36 255 38 229 265 127
internal_value=0.000638103 -0.00247206 0.00281683 0.00057031 -0.000910213 0.0135622 -0.0142523 0.00205549 -0.0076689 0.00606813 0.0308057 -0.0166732 0.0175255 -0.0269525
internal_weight=969.369 399.326 570.043 471.473 449.464 98.5701 110.865 288.461 84.2604 204.2 22.0087 105.386 89.7869 8.78329
internal_count=4211 1720 2491 1956 1866 535 728 992 386 606 90 720 407 128
is_linear=0
shrinkage=0.03


Tree=140
num_leaves=9
num_cat=0
split_feature=0 21 21 21 20 9 3 13
split_gain=7.15928 10.6951 9.05484 11.1864 5.6236 5.37881 1.49683 0.0661309
threshold=0.011323622166957431 40145.500000000007 42499.000000000007 60543.500000000007 0.025238176072110406 1.3893688110620299 0.0039797082787930487 0.032611696787639331
decision_type=2 2 2 2 2 2 2 2
left_child=1 4 -3 -4 7 6 -2 -1
right_child=5 2 3 -5 -6 -7 -8 -9
leaf_value=-0.03423172721890809 0.017786448029326715 0.052542791325792586 -0.035300027503512243 0.00083207718069211998 0.029026533775116787 0.042634201466402268 -0.015862126956845621 -0.042036708851993586
leaf_weight=9.6419848119840008 2.3108564922586066 3.0224469508975735 7.7758230096660546 934.41419697273523 1.3940640501677979 6.350402133539319 2.4526630667969584 1.0871832035481919
leaf_count=145 15 17 116 3874 5 15 15 9
internal_value=0.000618999 0.000341079 0.000700187 0.000533882 -0.0276575 0.0245585 0.000461314 -0.0350226
internal_weight=968.45 957.336 945.212 942.19 12.1232 11.1139 4.76352 10.7292
internal_count=4211 4166 4007 3990 159 45 30 154
is_linear=0
shrinkage=0.03


Tree=141
num_leaves=12
num_cat=0
split_feature=13 29 29 14 13 9 14 7 29 28 28
split_gain=7.08468 7.92746 17.7894 13.1248 10.1819 9.52032 6.7537 2.57608 0.00209666 0.000655881 0.000272492
threshold=0.0099551874070447095 0.020007434860058581 0.028047799383313053 0.16192646596216018 0.012174712525766808 13.179700000000002 0.71113199665831239 11744668.209500002 0.041758441010482365 -0.0025031009171439999 0.00097050968537911548
decision_type=2 2 2 2 2 2 2 2 2 2 2
left_child=8 3 5 7 -4 -3 -5 -2 9 -1 -11
right_child=1 2 4 6 -6 -7 -8 -9 -10 10 -12
leaf_value=-0.032062092711420027 -0.00080755909272283962 -0.034118224489938988 0.023351802178857271 0.032631650246812909 0.0006102884868433334 -0.0017687878397730575 0.0043055922375914747 -0.044069191808608826 -0.033397620308042282 -0.031174608289058527 -0.030623032451154733
leaf_weight=0.67431571520864952 1.9148136237636197 20.251743794418871 18.0860615093261 19.592891702428464 872.44907080475241 13.744498962536452 12.350954717025159 3.5087786503136158 0.41187507286667813 4.1260846247896543 1.0018150643445549
leaf_count=14 16 343 139 60 3293 58 59 21 9 141 58
internal_value=0.000600334 0.000806607 0.000259075 0.0143534 0.00107215 -0.0210395 0.0216795 -0.0287956 -0.0313293 -0.0311825 -0.0310668
internal_weight=968.113 961.899 924.531 37.3674 890.535 33.9962 31.9438 5.42359 6.21409 5.80222 5.1279
internal_count=4211 3989 3833 156 3432 401 119 37 222 213 199
is_linear=0
shrinkage=0.03


Tree=142
num_leaves=12
num_cat=0
split_feature=25 28 18 26 25 25 25 26 25 5 17
split_gain=7.10555 15.3716 8.58966 8.06231 8.02926 18.7582 15.6866 13.4927 12.2476 9.25111 2.78479
threshold=0.00060394083698791785 0.0017423674789256796 0.025011388122709786 -0.0025552101342636037 0.00046462623231768142 0.00051039110794297911 0.00054953301612046255 0.0052269899254361214 0.00043110765201424605 -0.0053772768799186009 -0.0020273613608639694
decision_type=2 2 2 2 2 2 2 2 2 2 2
left_child=4 2 3 -2 7 10 -7 8 -1 -9 -6
right_child=1 -3 -4 -5 5 6 -8 9 -10 -11 -12
leaf_value=0.0013127047764731183 -0.0061070568869338064 0.017226842941279037 0.010868129151463174 -0.0427753624896502 0.04683604413985791 -0.046691737549652765 0.0064485642512270474 0.0037632858930591339 -0.044736577170050772 -0.031105203470705049 0.025036263439723809
leaf_weight=812.99732325738296 8.0622479766607302 11.962725006043909 5.4950314015150061 16.321999018080536 8.9246589243412036 5.5598257053643456 49.60446713399142 10.360388595145197 5.2315792050212613 20.200201256200671 12.892477761954067
leaf_count=3438 39 29 13 145 10 36 199 72 35 167 28
internal_value=0.000582133 -0.0115103 -0.0230158 -0.0306516 0.00112868 0.0104058 0.00109273 0.00028728 0.00101828 -0.0192844 0.0339538
internal_weight=967.613 41.842 29.8793 24.3842 925.771 76.9814 55.1643 848.789 818.229 30.5606 21.8171
internal_count=4211 226 197 184 3985 273 235 3712 3473 239 38
is_linear=0
shrinkage=0.03


Tree=143
num_leaves=12
num_cat=0
split_feature=29 29 29 12 1 26 17 27 18 13 13
split_gain=7.00354 13.1116 18.6422 11.0222 10.911 9.97306 9.68161 8.98717 0.0692992 0.00605093 0.000349026
threshold=0.019982888506241938 0.020007434860058581 0.028047799383313053 -0.0032481784766078266 0.014665934904381331 -0.001328130914981638 0.0079972525550030833 0.017281792914102621 0.0094120051075838092 0.025271333281844215 0.010296149650416758
decision_type=2 2 2 2 2 2 2 2 2 2 2
left_child=8 3 6 5 -4 -2 -3 -5 9 10 -1
right_child=1 2 4 7 -6 -7 -8 -9 -10 -11 -12
leaf_value=-0.030894375686553753 -0.027672827292715987 -0.029173171928286223 -0.028339116703126745 0.062063727566339835 0.0013037277324874936 0.019697264186657532 0.010008384863417158 0.017462103239875171 -0.038984933754121751 -0.034885324359704983 -0.031580112955096377
leaf_weight=1.3969431156292555 6.3288315329700735 28.22034823615104 11.319000447168944 7.1018807124346521 881.26505158375949 10.870565757155417 7.1047308146953574 9.5114747956395131 1.9381237141788004 0.47839347273111332 1.2801967076957224
leaf_count=64 34 446 113 16 3398 30 30 27 15 5 33
internal_value=0.00056474 0.000750562 8.18927e-05 0.0191006 0.000927822 0.00226658 -0.0212928 0.0365284 -0.03452 -0.0317776 -0.0312223
internal_weight=966.816 961.722 927.909 33.8128 892.584 17.1994 35.3251 16.6134 5.09366 3.15553 2.67714
internal_count=4211 4094 3987 107 3511 64 476 43 117 102 97
is_linear=0
shrinkage=0.03


Tree=144
num_leaves=9
num_cat=0
split_feature=5 29 23 14 24 24 26 13
split_gain=7.16082 7.93616 17.301 16.0905 9.10529 13.7347 9.71354 0.121942
threshold=0.030043283900149768 0.05048000497443051 0.66253273737179097 0.078264178792972539 0.32777597305538236 0.26400494840382643 -0.0049032215289538305 0.025961710751650973
decision_type=2 2 2 2 2 2 2 2
left_child=1 2 7 -4 5 -3 -6 -1
right_child=-2 4 3 -5 6 -7 -8 -9
leaf_value=-0.033812787271967439 0.030818124574380087 -0.024116547341914592 -0.023045788096634195 0.00017372385677259732 -0.032712137073117868 0.028545711327180884 0.0019939037615067812 -0.04063682451958199
leaf_weight=11.723745409399269 6.9826450794935218 5.4830044321715858 29.487042937427759 301.49461877625436 7.3503704816102973 23.824161872267723 576.78371550887823 2.9497115649282923
leaf_count=188 16 27 235 2124 32 53 1517 19
internal_value=0.00054777 0.000327388 -0.00330808 -0.00189489 0.00237586 0.0186933 0.00155719 -0.0351846
internal_weight=966.079 959.096 345.655 330.982 613.441 29.3072 584.134 14.6735
internal_count=4211 4195 2566 2359 1629 80 1549 207
is_linear=0
shrinkage=0.03


Tree=145
num_leaves=14
num_cat=0
split_feature=28 3 28 26 13 28 26 24 20 1 8 4 11
split_gain=7.03558 14.8303 9.39064 30.4459 21.8949 24.0679 17.4645 16.7228 11.5734 9.07036 9.61181 3.75864 0.0618376
threshold=-0.0024264220956916791 0.83571366283294679 0.00034527875204353663 -0.00010816180121889553 0.048211647110830647 -0.00045580564857229536 0.0014478290954663196 0.48571933754160923 -0.039858202414329073 0.031152166431873029 -0.0029464588959202493 232.50000000000003 0.013801473880995159
decision_type=2 2 2 2 2 2 2 2 2 2 2 2 2
left_child=1 9 4 8 5 -2 -5 -6 -4 10 -1 -11 -3
right_child=2 12 3 6 7 -7 -8 -9 -10 11 -12 -13 -14
leaf_value=-0.03282437063923152 -0.00098511132954005095 -0.036463355676342277 -0.0083259762083818939 -0.015248852116896156 0.030890337348906022 -0.017103415016196218 0.0024289425493656705 5.2938492424966397e-05 0.025855850299810895 0.011399243984592147 0.010829139431928793 0.030617976262071567 -0.043137711932111154
leaf_weight=6.1860892623662975 282.83134193811566 2.5427198316901913 10.434019796550272 60.398924246430397 27.346439093351364 118.22940520569682 300.72562321042642 37.571920186281204 61.228139225393534 15.206243777647613 17.054690059274435 23.027736254036427 2.4560952596366405
leaf_count=39 1229 22 30 357 40 707 1381 96 151 36 64 44 15
internal_value=0.00053149 0.00994935 -0.000165064 0.00301687 -0.00312035 -0.00573665 -0.00052771 0.013043 0.020879 0.0139901 -0.000790286 0.0229744 -0.0397427
internal_weight=965.239 66.4736 898.766 432.787 465.979 401.061 361.125 64.9184 71.6622 61.4748 23.2408 38.234 4.99882
internal_count=4211 220 3991 1919 2072 1936 1738 136 181 183 103 80 37
is_linear=0
shrinkage=0.03


Tree=146
num_leaves=15
num_cat=0
split_feature=26 10 22 26 26 21 27 23 4 3 7 7 1 18
split_gain=6.75954 12.348 12.3869 10.8856 16.1017 10.3997 9.90373 17.7848 9.17971 9.08292 5.91626 2.15913 0.626911 0.335051
threshold=0.0050732807347314999 0.02613023712047121 91522001.124000013 0.0044893472464987106 0.0041366473057328533 504079.50000000006 0.023069622961364486 1.4495646108282474 142.50000000000003 0.95386865272306365 164634990.178 58789638.199000008 0.051203649539391792 0.01398377680344925
decision_type=2 2 2 2 2 2 2 2 2 2 2 2 2 2
left_child=3 2 5 4 9 -2 -3 -8 11 -1 -10 -5 -4 -6
right_child=1 6 12 8 13 -7 7 -9 10 -11 -12 -13 -14 -15
leaf_value=0.0017716111137341837 -0.033825194066254984 0.043019030546663853 -0.038068339861365708 0.024202607656527791 -0.042499093660676432 0.022755119769424043 -0.044289799923271055 0.02200529879169693 -0.026318320216101528 -0.0093436061273720374 0.025400166178900355 0.046601985878246252 -0.050916754272401415 -0.057019821473645788
leaf_weight=816.1045807749033 5.1676846183836478 5.1108081787824657 8.2658610660582763 8.3015741799026745 2.9193532913923255 6.7329488387331367 6.1961754932999602 8.8345354273915273 4.7429819926619512 72.00326604116708 3.4304505996406078 7.2602135464549056 5.8273447155952445 2.8035254776477814
leaf_count=3406 105 8 84 24 22 32 35 20 24 392 9 8 29 13
internal_value=0.000516307 -0.0106887 -0.0243506 0.00107969 0.000547222 -0.00181409 0.00694293 -0.00532382 0.0211318 0.000870446 -0.00461169 0.0346528 -0.043381 -0.0496125
internal_weight=963.701 46.1354 25.9938 917.566 893.831 11.9006 20.1415 15.0307 23.7352 888.108 8.17343 15.5618 14.0932 5.72288
internal_count=4211 313 250 3898 3833 137 63 55 65 3798 33 32 113 35
is_linear=0
shrinkage=0.03


Tree=147
num_leaves=15
num_cat=0
split_feature=15 15 5 13 5 4 15 29 14 23 0 7 13 28
split_gain=7.05888 22.0259 13.8229 18.3536 13.6282 23.7027 14.4362 11.7352 11.4363 16.0473 13.8453 10.6366 10.5311 10.3538
threshold=0.0023632592213680896 0.0065311799511185821 -0.0061474123193280055 0.025744324689285288 -0.0057355395506934331 262.50000000000006 0.0011748320735823819 0.094622273438668955 0.92674780706317084 1.3085173956286138 0.00037429820950456421 21721862.055500001 0.010087149897824303 0.0018538360304533933
decision_type=2 2 2 2 2 2 2 2 2 2 2 2 2 2
left_child=2 7 3 12 5 -4 -6 13 10 -10 -3 -5 -1 -2
right_child=1 8 4 11 6 -7 -8 -9 9 -11 -12 -13 -14 -15
leaf_value=0.050159109911333842 -0.013066675917741596 0.011613575413980667 0.073927744157101183 -0.024745903481309665 0.0027088848647718105 -0.019401672994261123 0.022357931758988203 0.023742867634047361 -0.021827959545986701 0.0045573123202429901 -0.0046261854134963592 0.0055232086831220996 -0.025451727296510112 -0.042485811593132215
leaf_weight=1.7298188284039486 90.305255793966353 128.46791242994368 6.5596698448061925 11.98301508463919 384.2601656941697 3.9082446284592152 36.882204867899418 6.9372933730483046 38.320540593005717 45.232853906229138 74.73415538482368 81.578482866287231 39.856815286912024 12.224161550868301
leaf_count=36 575 351 16 65 1653 19 164 13 211 175 255 213 325 140
internal_value=0.000500856 -0.00257106 0.00264844 -0.00572419 0.00527013 0.0390828 0.00442968 -0.0140192 0.00179916 -0.00754391 0.00564088 0.00164645 -0.0223067 -0.0165742
internal_weight=962.981 396.222 566.758 135.148 431.61 10.4679 421.142 109.467 286.755 83.5534 203.202 93.5615 41.5866 102.529
internal_count=4211 1720 2491 639 1852 35 1817 728 992 386 606 278 361 715
is_linear=0
shrinkage=0.03


Tree=148
num_leaves=10
num_cat=0
split_feature=25 1 13 0 5 1 10 28 0
split_gain=6.99026 8.20051 15.1679 13.2071 11.4577 10.5926 23.4416 9.44966 4.27126
threshold=-0.0011302574365555185 0.02085146974501418 0.033102187458184412 -0.0019133019076098404 -0.00019751625840321011 0.021097959488155918 0.011156723565469141 -0.0024264220956916791 0.0014873282092215132
decision_type=2 2 2 2 2 2 2 2 2
left_child=8 2 3 -2 -4 6 -3 -7 -1
right_child=1 5 4 -5 -6 7 -8 -9 -10
leaf_value=0.0079832791870412638 0.012839956180757396 -0.012739164478994336 0.03142537342630148 -0.02889750419231138 -0.011450735591741899 0.011597555159832304 0.058672600353072327 -0.0004268206526641423 0.03983610367203539
leaf_weight=9.9570492878556269 8.5196574823930842 7.8993744924664524 11.155570745468141 34.270400643348694 11.282434077933429 63.485285643488169 8.6861543804407102 800.64242215268314 6.1160636171698561
leaf_count=28 68 58 24 338 48 200 10 3427 10
internal_value=0.000485565 0.000152219 -0.0101116 -0.0205874 0.00986611 0.000912387 0.0246605 0.00045658 0.0201038
internal_weight=962.014 945.941 65.2281 42.7901 22.438 880.713 16.5855 864.128 16.0731
internal_count=4211 4173 478 406 72 3695 68 3627 38
is_linear=0
shrinkage=0.03


Tree=149
num_leaves=15
num_cat=0
split_feature=15 25 27 5 24 21 18 13 29 26 7 27 29 1
split_gain=6.85943 15.3742 12.7627 10.8207 10.7267 10.6122 10.4606 18.5969 9.29024 14.3299 9.42954 8.83254 3.10377 2.8338
threshold=-0.013952615868972359 -9.5779806604573002e-05 -0.028748287603722143 0.0026833382751124679 0.67257633875927525 1159425.5000000002 0.017603414519454522 0.043473841102729734 0.060376356237092997 -0.00071578990935078845 1322158603.3199999 -0.024230270073549904 0.047712802650315335 0.052711551432267814
decision_type=2 2 2 2 2 2 2 2 2 2 2 2 2 2
left_child=1 4 6 5 11 -3 7 -2 9 -4 -10 -1 -5 -8
right_child=2 3 8 12 -6 -7 13 -9 10 -11 -12 -13 -14 -15
leaf_value=0.036486117226832676 0.025078102398024434 0.0042946194470931875 0.0032074425301165817 -0.017282396686744722 -0.027167608805008917 -0.032034626192584327 0.021321034749075592 -0.056218201373074768 0.0029674685336350888 -0.0071420421073584992 0.026064243168743284 -0.0090834840056287711 -0.05195062823395713 0.043550216298952657
leaf_weight=12.092520544305447 7.1612343043088931 18.521771252155308 226.71335442457348 3.1068807542324057 5.1411922425031653 11.877088099718092 10.296232614666225 3.9179866909980774 363.85909957438707 256.78118911525235 16.635883763432503 5.6011767983436593 9.2255764976143819 10.349400855600832
leaf_count=21 17 58 1167 13 20 47 18 17 863 1866 28 19 43 14
internal_value=0.000471139 -0.00889553 0.00115678 -0.019515 0.0109769 -0.00989952 0.0198448 -0.00367102 0.000470573 -0.00228911 0.0039773 0.0220604 -0.0432168 0.0324642
internal_weight=961.281 65.5662 895.714 42.7313 22.8349 30.3989 31.7249 11.0792 863.99 483.495 380.495 17.6937 12.3325 20.6456
internal_count=4211 221 3990 161 60 105 66 34 3924 3033 891 40 56 32
is_linear=0
shrinkage=0.03


Tree=150
num_leaves=9
num_cat=0
split_feature=0 21 21 21 20 9 24 13
split_gain=6.86045 9.95184 8.41396 10.5378 5.48402 5.12476 8.75409 0.0631909
threshold=0.011323622166957431 40145.500000000007 42499.000000000007 60543.500000000007 0.025238176072110406 1.3893688110620299 0.33475806370701217 0.032611696787639331
decision_type=2 2 2 2 2 2 2 2
left_child=1 4 -3 -4 7 6 -2 -1
right_child=5 2 3 -5 -6 -7 -8 -9
leaf_value=-0.034101751060059859 0.040034364432942164 0.050182405746826579 -0.035156243161476836 0.00065087339124311381 0.029037643781547891 0.041815660110155708 -0.04241034555632292 -0.041899201874349673
leaf_weight=9.2348716016858798 2.4004962425678951 3.0612913081422439 7.4564348380081347 927.16954839229584 1.368489235639571 6.2649798039346933 2.2414285875856876 1.0408101379871357
leaf_count=145 7 17 116 3874 5 15 23 9
internal_value=0.000457358 0.000185558 0.000527844 0.000365205 -0.0273782 0.0241147 0.000224601 -0.0348915
internal_weight=960.238 949.331 937.687 934.626 11.6442 10.9069 4.64192 10.2757
internal_count=4211 4166 4007 3990 159 45 30 154
is_linear=0
shrinkage=0.03


Tree=151
num_leaves=15
num_cat=0
split_feature=25 3 0 29 25 10 18 11 26 25 13 9 18 3
split_gain=6.8308 12.2258 12.5423 10.4777 7.56241 18.1724 13.5386 13.407 12.333 11.5192 8.58796 6.7947 6.21171 4.16332
threshold=0.00060394083698791785 0.38340948310273487 -0.00041911039834149081 0.07689239556517953 0.00046462623231768142 -0.018563545455927082 0.012047160523035975 0.001536396184849332 0.0052269899254361214 0.00043110765201424605 0.083969694493429767 0.30316717839508833 0.0085373542286624731 0.85813667721304521
decision_type=2 2 2 2 2 2 2 2 2 2 2 2 2 2
left_child=4 11 13 -4 8 7 -7 -6 9 -1 -10 -2 -13 -3
right_child=1 2 3 -5 5 6 -8 -9 10 -11 -12 12 -14 -15
leaf_value=0.001140095728688688 0.029652054076484864 -0.050991679594306644 -0.0052768783018415279 0.041201163421331337 0.012179888272734748 -0.014949177636982445 0.022221290333909571 -0.053521849094333475 -0.023661795117571462 -0.044175382811048873 0.034462926101798227 0.0084900620741915362 -0.044828539818370976 -0.00091996940267436269
leaf_weight=807.53013237239793 1.5159119889140154 4.2298192419111755 9.8506537713110465 7.8392349779605857 4.9475400075316411 10.531658070161937 54.230530640110373 6.4255694672465324 27.307086837012324 5.0803650785237542 2.4969533681869498 2.3104485329240552 13.210238074883817 2.3110652938485146
leaf_count=3438 4 28 59 8 12 107 123 31 236 35 3 22 93 12
internal_value=0.000443522 -0.0114967 0.00219527 0.0153198 0.000979955 0.0100346 0.0161766 -0.0249402 0.000161621 0.000856788 -0.0187922 -0.0309704 -0.0368914 -0.0333
internal_weight=959.817 41.2674 24.2308 17.6899 918.55 76.1353 64.7622 11.3731 842.415 812.61 29.804 17.0366 15.5207 6.54088
internal_count=4211 226 107 67 3985 273 230 43 3712 3473 239 119 115 40
is_linear=0
shrinkage=0.03


Tree=152
num_leaves=11
num_cat=0
split_feature=13 25 15 21 15 20 25 26 26 29
split_gain=6.67052 7.2381 8.03843 12.9143 11.6044 1.68623 0.00269196 0.000752454 0.000692104 7.15405e-05
threshold=0.0099551874070447095 -0.0011302574365555185 -0.013952615868972359 1478838.0000000002 0.0023632592213680896 -0.00026265655126370276 -0.001013258929688022 -0.00071578990935078845 -0.0018750841150723247 0.027320112613435341
decision_type=2 2 2 2 2 2 2 2 2 2
left_child=6 5 3 -3 -4 -2 -1 8 -8 -9
right_child=1 2 4 -5 -6 -7 7 9 -10 -11
leaf_value=-0.033490857248038665 0.012218566754466252 -0.0018916127559574706 0.0041204807148367854 -0.032565851893714817 -0.0028392426556630738 0.032144166939913288 -0.031003132090339582 -0.030609088022633381 -0.031956652467458435 -0.03091708539657954
leaf_weight=0.46439694613218296 8.7322856634855253 46.59971516020596 487.05430393712595 16.808370411396027 386.88972462527454 6.798176407814025 1.423350499942899 1.4050868656486266 1.3208744525909422 1.3129748264327643
leaf_count=6 21 153 2068 66 1669 12 54 82 28 52
internal_value=0.000430347 0.000627689 0.000291136 -0.0100228 0.00103945 0.0209406 -0.0312981 -0.0311117 -0.0314621 -0.0307579
internal_weight=958.809 952.883 937.352 63.4081 873.944 15.5305 5.92668 5.46229 2.74422 2.71806
internal_count=4211 3989 3956 219 3737 33 222 216 82 134
is_linear=0
shrinkage=0.03


Tree=153
num_leaves=12
num_cat=0
split_feature=29 29 29 12 1 18 26 27 18 13 13
split_gain=6.59883 12.2391 17.4757 10.4017 10.2006 9.39182 9.22022 8.15932 0.0617688 0.00581594 0.000292237
threshold=0.019982888506241938 0.020007434860058581 0.028047799383313053 -0.0032481784766078266 0.014665934904381331 0.015995220652393605 -0.001328130914981638 0.017281792914102621 0.0094120051075838092 0.025271333281844215 0.010296149650416758
decision_type=2 2 2 2 2 2 2 2 2 2 2
left_child=8 3 5 6 -4 -3 -2 -5 9 10 -1
right_child=1 2 4 7 -6 -7 -8 -9 -10 -11 -12
leaf_value=-0.030852238601845938 -0.027159696527781232 -0.031158559659672409 -0.028119184801727065 0.059424727992460548 0.001119473005646411 0.0032429760960362686 0.018724064127079807 0.016997061894995981 -0.038668323110445817 -0.034820548687607408 -0.031498917473398051
leaf_weight=1.3051285278052089 6.2373319156467941 24.271989224012941 10.872197634540496 7.151725701987746 874.87287106923759 10.120263904333113 10.7085731215775 9.4960709773004037 1.8862910550087688 0.46348790824413288 1.2138865552842615
leaf_count=64 34 441 113 16 3398 35 30 27 15 5 33
internal_value=0.000417418 0.000595259 -5.41019e-05 0.0183814 0.000760579 -0.0210356 0.00183549 0.0352236 -0.0344194 -0.0317321 -0.0311639
internal_weight=958.6 953.731 920.137 33.5937 885.745 34.3923 16.9459 16.6478 4.86879 2.9825 2.51902
internal_count=4211 4094 3987 107 3511 476 64 43 117 102 97
is_linear=0
shrinkage=0.03


Tree=154
num_leaves=9
num_cat=0
split_feature=0 21 21 21 20 7 12 13
split_gain=6.50451 9.581 7.72838 10.1511 5.30535 4.55778 5.66126 0.0597839
threshold=0.011323622166957431 40145.500000000007 42499.000000000007 60543.500000000007 0.025238176072110406 2463207.4495000006 -0.038864688746756318 0.032611696787639331
decision_type=2 2 2 2 2 2 2 2
left_child=1 4 -3 -4 7 6 -2 -1
right_child=5 2 3 -5 -6 -7 -8 -9
leaf_value=-0.034020517028558635 0.038469279407437405 0.047581648125568518 -0.035056219403106999 0.00059249733978744188 0.028423322819465555 0.038162876392449939 -0.034588560286122463 -0.04170280770786132
leaf_weight=8.9858280015178007 1.7031388282775881 3.1238012555986634 7.2452765414491287 925.30817510699853 1.3565886914730061 6.9145405068993568 2.1719954442232829 1.0146283740177739
leaf_count=145 2 17 116 3874 5 14 29 9
internal_value=0.000404772 0.000140892 0.000473332 0.000315532 -0.027248 0.0235661 -0.00247931 -0.0347999
internal_weight=957.824 947.034 935.677 932.553 11.357 10.7897 3.87513 10.0005
internal_count=4211 4166 4007 3990 159 45 31 154
is_linear=0
shrinkage=0.03


Tree=155
num_leaves=9
num_cat=0
split_feature=24 25 28 3 22 28 18 14
split_gain=6.60087 8.33655 16.0827 7.57795 16.6853 9.88187 5.55504 5.00791
threshold=1.4680523491322208 0.00060394083698791785 0.0017423674789256796 0.95386865272306365 1285255105.4190004 -0.00058009564634078675 0.028625168448141922 0.24917812233589134
decision_type=2 2 2 2 2 2 2 2
left_child=1 3 7 5 -5 -1 -2 -3
right_child=6 2 -4 4 -6 -7 -8 -9
leaf_value=0.0057593507371587081 0.0038561206501345705 -0.044262830462041519 0.015974361659570124 -0.013170952063579574 0.033479802936161651 -0.00098643739567485741 0.049286927047239901 -0.017011877259398844
leaf_weight=313.20959047507495 5.2130166646093112 8.9772076308727282 11.80537625402212 67.443770074285567 7.6865922771394244 519.78321938496083 4.5248336791992188 18.736562516540289
leaf_count=1179 28 70 29 389 17 2370 4 125
internal_value=0.000392526 0.00014001 -0.0133484 0.000726991 -0.00839811 0.00155001 0.0249662 -0.0258392
internal_weight=957.38 947.642 39.5191 908.123 75.1304 832.993 9.73785 27.7138
internal_count=4211 4179 224 3955 406 3549 32 195
is_linear=0
shrinkage=0.03


Tree=156
num_leaves=9
num_cat=0
split_feature=5 22 1 12 22 22 22 4
split_gain=6.52704 7.16228 16.0137 20.2223 18.7365 12.8457 18.6559 18.3551
threshold=0.030043283900149768 106553027.28500001 0.047229721603836143 -0.012216078873819794 81978056.831000015 112145222.55150001 115409997.98700002 242.50000000000003
decision_type=2 2 2 2 2 2 2 2
left_child=1 2 4 -4 -1 7 -7 -3
right_child=-2 5 3 -5 -6 6 -8 -9
leaf_value=-0.0029967957671955168 0.029581649919792275 -0.0045038310519228183 -0.015432366938976443 0.026896019358852823 -0.024952993982587671 -0.049418042812087649 0.0016404340444521569 0.049639645553820846
leaf_weight=205.03455268708058 6.839935950934886 10.657006038352849 15.321806730702518 30.140722218900919 42.174868918955326 6.5072613283991805 628.26261494588107 11.958625018596647
leaf_count=1590 16 41 78 101 244 34 2080 27
internal_value=0.0003808 0.000170568 -0.00373327 0.0126305 -0.00674261 0.00190858 0.00111701 0.024126
internal_weight=956.897 950.057 292.672 45.4625 247.209 657.386 634.77 22.6156
internal_count=4211 4195 2013 179 1834 2182 2114 68
is_linear=0
shrinkage=0.03


Tree=157
num_leaves=11
num_cat=0
split_feature=29 29 29 14 28 9 1 18 27 18
split_gain=6.3476 11.4625 16.7388 12.0341 10.0419 9.30234 6.66877 0.0564468 0.00487463 0.000345135
threshold=0.019982888506241938 0.020007434860058581 0.028047799383313053 0.16192646596216018 0.00036922789529572701 13.179700000000002 0.033834115052216368 0.0094120051075838092 0.018197274028206034 0.0056855932388746207
decision_type=2 2 2 2 2 2 2 2 2 2
left_child=7 3 5 -2 -4 -3 -5 8 9 -1
right_child=1 2 4 6 -6 -7 -8 -9 -10 -11
leaf_value=-0.03089448113098384 -0.028515350366215279 -0.03367907159190086 -0.0022093972302952886 0.032186158158423323 0.00421142108442256 -0.0015797544818403546 -0.0030660088077531268 -0.038404773403136805 -0.034819812371659847 -0.031607460380458974
leaf_weight=1.4300546096637843 4.3896810729056588 20.25116038415581 482.95947188604623 22.968526702374223 401.42957638762891 13.570086670108138 6.1156110092997542 1.8443255983293054 0.38645438849925984 1.0669533200561998
leaf_count=68 24 413 1928 63 1583 63 20 15 6 28
internal_value=0.000369313 0.000541573 -8.70585e-05 0.0177854 0.000705051 -0.0207999 0.0247736 -0.034306 -0.0316844 -0.0311991
internal_weight=956.412 951.684 918.21 33.4738 884.389 33.8212 29.0841 4.72779 2.88346 2.49701
internal_count=4211 4094 3987 107 3511 476 83 117 102 96
is_linear=0
shrinkage=0.03


Tree=158
num_leaves=15
num_cat=0
split_feature=15 15 24 16 5 18 6 17 25 15 26 26 20 13
split_gain=6.38179 20.7015 14.662 21.2774 37.5058 15.9584 14.6501 14.6085 13.9335 12.4251 9.47811 30.5787 15.6713 7.35012
threshold=0.0023632592213680896 0.0061101030466534359 0.38763962445809347 0.75000000000000011 -0.00027571941313952873 0.0072684316299900615 19474.500000000004 0.017021010275940402 -0.00044161127236986788 0.0053026557377018795 0.00013397034479202343 0.0010635099149466135 0.00058989023518268076 0.026298147815205616
decision_type=2 2 2 2 2 2 2 2 2 2 2 2 2 2
left_child=2 7 6 5 -5 -4 13 9 -8 -2 12 -12 -3 -1
right_child=1 10 3 4 -6 -7 8 -9 -10 -11 11 -13 -14 -15
leaf_value=-0.034198833646437651 -0.012959372004116159 0.01936275386859658 -0.033205729402281392 0.050299998589776018 -0.043532615163627809 -0.00021415425435613946 -0.041969315344920474 0.034251913190428168 0.020247373952000342 -0.044459107007625731 -0.04756050632820711 0.00033367500084412622 -0.0018301954637451497 0.010773273518558519
leaf_weight=8.0396618265658599 76.615395950619131 56.113559003919363 13.612964461790396 16.942359738051895 4.9551118928939095 430.3229390848428 3.3763331975787869 5.1731401681900016 79.978279133327305 13.213904293254016 12.985780226066707 157.66725605912507 71.308372333645821 5.5140507817268363
leaf_count=153 541 134 291 45 45 1575 44 7 315 115 76 593 254 23
internal_value=0.000358061 -0.00257499 0.00240681 0.000198156 0.0290669 -0.00122582 0.0130237 -0.0147699 0.0177272 -0.017593 0.00131176 -0.00331082 0.00750267 -0.0159029
internal_weight=955.819 393.077 562.742 465.833 21.8975 443.936 96.9083 95.0024 83.3546 89.8293 298.075 170.653 127.422 13.5537
internal_count=4211 1720 2491 1956 90 1866 535 663 359 656 1057 669 388 176
is_linear=0
shrinkage=0.03


Tree=159
num_leaves=10
num_cat=0
split_feature=25 25 1 25 3 26 29 11 29
split_gain=6.35346 7.59184 14.4514 12.0531 11.9053 10.0203 8.82455 3.83257 0.288585
threshold=-0.0011302574365555185 -0.00044161127236986788 0.030388045300406886 -0.00040950722489395099 0.98318109493782624 -0.0019119632594274891 0.042799167699073416 0.0084431659317981533 0.057351777996037516
decision_type=2 2 2 2 2 2 2 2 2
left_child=7 2 8 6 -4 -5 -3 -1 -2
right_child=1 3 4 5 -6 -7 -8 -9 -10
leaf_value=0.001178979344668863 -0.036151447482234138 -0.012263691903939361 -0.0091766432431316866 -0.0059554433208235088 0.043453663894065075 0.0017380638008161898 0.028861550252853009 0.031316456764100095 -0.045593485447210848
leaf_weight=6.347015392035245 7.5309464228339476 5.9787622708827284 25.42160282749683 197.08691145200282 4.5624593291431657 671.38523814175278 21.885029442608356 9.4549811631441099 4.751301221549511
leaf_count=23 114 44 148 903 14 2883 44 15 23
internal_value=0.000346972 2.93758e-05 -0.0123955 0.000615266 -0.00116827 -7.86387e-06 0.0200373 0.0192115 -0.039804
internal_weight=954.404 938.602 42.2663 896.336 29.9841 868.472 27.8638 15.802 12.2822
internal_count=4211 4173 299 3874 162 3786 88 38 137
is_linear=0
shrinkage=0.03


Tree=160
num_leaves=10
num_cat=0
split_feature=24 24 17 24 8 21 18 18 9
split_gain=6.18886 7.66708 18.976 14.4667 16.9943 12.3527 10.8697 5.31067 1.4096
threshold=1.4680523491322208 0.64420360082600603 -0.018824467843852572 0.59533794614996227 -0.0064413488548857234 66843.500000000015 0.025011388122709786 0.028625168448141922 1.6869637700554105
decision_type=2 2 2 2 2 2 2 2 2
left_child=1 3 8 5 -5 -1 -4 -2 -3
right_child=7 2 6 4 -6 -7 -8 -9 -10
leaf_value=-0.026113480364801333 0.0036249226857906613 -0.051024329489938514 -0.005745227136016477 -0.0095593115243716737 0.020085225057269913 0.00080172733729466856 0.0086347882315994124 0.04822334252191763 -0.028496357642284552
leaf_weight=15.784346473868935 5.2045310717076045 6.9623469710350019 209.36211565556005 23.099032746627927 70.596234075957909 553.22039163438603 61.119645789265633 4.464139461517334 3.8999467939138412
leaf_count=236 28 31 970 101 219 2471 133 4 18
internal_value=0.000336746 9.21747e-05 -0.00405717 0.00185375 0.0127769 5.50921e-05 -0.00249583 0.0242165 -0.042936
internal_weight=953.713 944.044 281.344 662.7 93.6953 569.005 270.482 9.66867 10.8623
internal_count=4211 4179 1152 3027 320 2707 1103 32 49
is_linear=0
shrinkage=0.03


Tree=161
num_leaves=12
num_cat=0
split_feature=13 18 11 0 18 15 28 26 1 24 6
split_gain=6.38637 11.2408 8.53631 9.49459 8.50916 12.2896 11.481 8.76448 11.1411 7.19981 4.69357
threshold=0.05688836410104204 0.022751766686858976 0.030037968868591027 0.00051865908368010786 0.028625168448141922 0.019481990899712573 0.00036922789529572701 -0.0024796208344621978 0.026826988520081176 0.88542449234859244 498725.00000000006
decision_type=2 2 2 2 2 2 2 2 2 2 2
left_child=4 10 3 -3 5 6 -1 -6 -9 -4 -2
right_child=1 2 9 -5 7 -7 -8 8 -10 -11 -12
leaf_value=-0.0039400523035707097 0.010702635954153734 0.0010304732042224016 -0.00093082290850804471 -0.052706836840263456 0.030664716002685072 -0.048627275402024508 0.00320120513004032 0.027772280213572115 -0.0061067373843371672 0.029378924093497311 0.038752217686762347
leaf_weight=466.26532761659473 9.3285921514034289 7.3387910425662977 22.189178809523582 4.9585320502519608 14.875074081122873 4.8714225888252249 358.32583707943559 12.382849082350729 29.661982834339142 10.340366534888743 12.64908394962549
leaf_count=2189 21 18 53 22 24 24 1730 18 82 15 15
internal_value=0.000326643 0.00927136 0.000654709 -0.0206375 -0.000347499 -0.00111749 -0.000836821 0.0108732 0.00387115 0.00870392 0.0268464
internal_weight=953.187 66.8045 44.8269 12.2973 886.382 829.463 824.591 56.9199 42.0448 32.5295 21.9777
internal_count=4211 144 108 40 4067 3943 3919 124 100 68 36
is_linear=0
shrinkage=0.03


Tree=162
num_leaves=14
num_cat=0
split_feature=15 15 0 16 1 17 26 14 6 1 1 12 25
split_gain=6.28406 19.2765 13.4914 14.1145 13.6638 12.0626 11.746 10.4036 15.0174 13.5044 10.3214 9.56237 5.96106
threshold=0.0023632592213680896 0.0065311799511185821 -0.0055722317257900786 0.75000000000000011 0.029950563164186567 0.017021010275940402 -0.001352321172372178 0.92674780706317084 239275.00000000003 0.056321197561582735 0.047229721603836143 -0.0033752357008171494 -9.7102269467849909e-05
decision_type=2 2 2 2 2 2 2 2 2 2 2 2 2
left_child=2 5 6 10 -5 11 -1 9 -9 -3 -4 -2 -8
right_child=1 7 3 4 -6 -7 12 8 -10 -11 -12 -13 -14
leaf_value=-0.015182603803105666 -0.022828988276970049 0.0087340189749397935 -0.0024384216708802572 0.044615690539048583 -0.0017962384031071749 0.030448961934827656 0.0096940036082143535 -0.026954921807168099 0.00092652976503200199 -0.01169679726358496 0.0068986089412140204 -0.0038197702681915598 0.045616881474023707
leaf_weight=5.4296374265104559 63.912312793079764 166.43728219624609 361.75589602254331 13.006413497962059 10.175072128884493 5.3549516201019278 5.9787671985104742 24.896199899725616 57.637860348448157 35.290966033935547 151.04006906598806 37.96348999813199 13.647142220754171
leaf_count=28 454 502 1867 61 46 8 21 214 172 104 434 266 34
internal_value=0.000317177 -0.00259981 0.00235268 0.00134682 0.0242441 -0.0134384 0.0238695 0.00148878 -0.00748384 0.00515979 0.000311728 -0.0157453 0.0346735
internal_weight=952.526 391.493 561.033 535.977 23.1815 107.231 25.0555 284.262 82.5341 201.728 512.796 101.876 19.6259
internal_count=4211 1720 2491 2408 107 728 83 992 386 606 2301 720 55
is_linear=0
shrinkage=0.03


Tree=163
num_leaves=10
num_cat=0
split_feature=0 21 0 27 13 15 9 24 29
split_gain=6.20341 8.75674 7.53229 12.2837 11.2709 4.71227 4.61049 8.16382 0.0872841
threshold=0.011323622166957431 40145.500000000007 0.0032677535252121463 0.0043966751093152011 0.010820335770274152 0.013647962529566508 1.3893688110620299 0.33475806370701217 0.056804537989756702
decision_type=2 2 2 2 2 2 2 2 2
left_child=1 5 4 -4 -3 8 7 -2 -1
right_child=6 2 3 -5 -6 -7 -8 -9 -10
leaf_value=-0.033170283367340729 0.038640791714299544 -0.032139401563636538 -0.018028674938800268 0.0045728891030323571 0.0015942811509308619 0.024246834441680121 0.040190021066661995 -0.042568941817402367 -0.040715262835411832
leaf_weight=7.6910932334139925 2.3443654216825944 9.0104004123713803 48.799444640986621 38.888407858088613 833.60869675129652 1.4129608087241639 6.0796362087130547 2.1229624021798372 1.6816710196435449
leaf_count=142 7 270 263 148 3326 5 15 23 12
internal_value=0.000307566 5.11482e-05 0.000362741 -0.00800518 0.00123356 -0.0268249 0.0231874 4.83226e-05 -0.034524
internal_weight=951.64 941.093 930.307 87.6879 842.619 10.7857 10.547 4.46733 9.37276
internal_count=4211 4166 4007 411 3596 159 45 30 154
is_linear=0
shrinkage=0.03


Tree=164
num_leaves=13
num_cat=0
split_feature=28 3 28 17 24 1 8 5 13 28 24 11
split_gain=6.21037 13.7565 8.92696 17.0158 11.6774 8.36167 8.65152 8.25405 28.5668 13.6563 3.32409 0.0578923
threshold=-0.0024264220956916791 0.83571366283294679 -0.0020172834128160733 0.0079972525550030833 0.5880263570107912 0.031152166431873029 -0.0029464588959202493 -0.0061474123193280055 0.025744324689285288 0.0020151440187790846 0.36455426039100236 0.013801473880995159
decision_type=2 2 2 2 2 2 2 2 2 2 2 2
left_child=1 5 3 4 -2 6 -1 8 -4 -9 -7 -3
right_child=2 11 7 -5 -6 10 -8 9 -10 -11 -12 -13
leaf_value=-0.032202789065998924 -0.0090375315190296453 -0.03618834504969793 -0.024125623567709545 0.026543300804732384 -0.042013816405071527 0.041652282706093002 0.0099156379854431174 0.0035740100620132889 0.0017836279392149665 -0.010801456078573534 0.01787389518502161 -0.04276009013600738
leaf_weight=5.9564402196556356 29.210045676678419 2.4333746656775466 51.681612930027768 8.4578018710017187 14.44357670843601 6.3894864805042735 16.6823550760746 568.24375118222088 147.91426262818277 66.426905217114836 30.781191010028124 2.39268958568573
leaf_count=39 196 22 472 18 108 12 64 2323 441 433 68 15
internal_value=0.000298212 0.00927581 -0.000356444 -0.0124026 -0.0199483 0.0132073 -0.00116604 0.000396006 -0.00492509 0.00206942 0.0219613 -0.0394465
internal_weight=951.013 64.6355 886.378 52.1114 43.6536 59.8095 22.6388 834.267 199.596 634.671 37.1707 4.82606
internal_count=4211 220 3991 322 304 183 103 3669 913 2756 80 37
is_linear=0
shrinkage=0.03


Tree=165
num_leaves=15
num_cat=0
split_feature=15 15 15 0 16 5 9 26 0 12 28 7 4 13
split_gain=6.11406 18.1927 12.9592 12.6552 13.1631 33.3999 12.154 10.9542 9.23112 10.7463 8.63857 8.61638 3.65342 2.98722
threshold=0.0023632592213680896 0.0061101030466534359 0.0053814487208104856 -0.0055722317257900786 0.75000000000000011 -0.00027571941313952873 1.0115855954204711 -0.001279158499740231 -0.0049789691170709386 -0.032099263553455319 0.0004405962797568702 1190689.3080000002 282.50000000000006 0.039400375753278892
decision_type=2 2 2 2 2 2 2 2 2 2 2 2 2 2
left_child=3 2 6 7 10 -6 -2 13 11 -10 -5 -3 -9 -1
right_child=1 8 -4 4 5 -7 -8 12 9 -11 -12 -13 -14 -15
leaf_value=-0.026150326269948961 -0.026986443842689185 0.024229350916523507 -0.043395885459826991 -0.0024746445585042266 0.042923449369333996 -0.042785737018771745 -0.0020379065606641539 0.025445470106507152 -0.039858708365855165 0.0027626569461423468 0.0057618437109145651 -0.046234973193703781 0.053638726161313564 0.012857088158338385
leaf_weight=3.8631895557045963 25.615833895280957 2.0473568392917496 11.888781490735708 337.84087575785816 17.959875530563298 5.2993853483349076 55.979672747198492 11.381644139532002 5.4263571351766577 282.57033033017069 173.43902446003631 6.585575770586729 6.4986015632748595 3.2562220096588135
leaf_count=24 180 12 102 1493 54 53 381 40 20 984 808 41 11 8
internal_value=0.00028924 -0.00259362 -0.0141338 0.00229919 0.00132348 0.0233955 -0.00987017 0.0231615 0.00104332 0.0019596 0.00031938 -0.0295239 0.0356924 -0.00830941
internal_weight=949.653 390.114 93.4843 559.539 534.539 23.2593 81.5955 24.9997 296.63 287.997 511.28 8.63293 17.8802 7.11941
internal_count=4211 1720 663 2491 2408 107 561 83 1057 1004 2301 53 51 32
is_linear=0
shrinkage=0.03


Tree=166
num_leaves=9
num_cat=0
split_feature=5 3 0 18 25 25 1 29
split_gain=6.07441 7.08216 18.8091 16.2483 9.67524 11.2503 7.16483 3.09903
threshold=0.030043283900149768 0.95386865272306365 -0.0035513452487452948 0.014274814690013753 -0.0011302574365555185 -0.00044161127236986788 0.023054764327723187 0.056804537989756702
decision_type=2 2 2 2 2 2 2 2
left_child=1 4 6 -4 7 -6 -3 -1
right_child=-2 2 3 -5 5 -7 -8 -9
leaf_value=0.010665651751473248 0.028616686030114476 -0.01699065978056968 -0.039460912980342433 -0.0053051509017477579 -0.016522504924515756 0.0011300934732337469 0.023441138890478785 0.038379278960528146
leaf_weight=6.9723563082516176 6.7600841429084531 5.1050390284508493 20.448810152709484 32.389415759593248 33.836085518356413 818.59109066752717 17.353107139002532 7.5787864774465561
leaf_count=23 16 35 230 103 252 3489 54 9
internal_value=0.000280275 7.69837e-05 -0.00874837 -0.0185237 0.000843459 0.000429395 0.0142504 0.0251
internal_weight=949.035 942.275 75.2964 52.8382 866.978 852.427 22.4581 14.5511
internal_count=4211 4195 422 333 3773 3741 89 32
is_linear=0
shrinkage=0.03


Tree=167
num_leaves=14
num_cat=0
split_feature=25 20 29 14 28 13 20 28 28 28 24 29 18
split_gain=6.04332 13.8967 13.8186 19.0984 7.53647 18.2459 16.49 12.0417 24.007 16.0901 9.95892 0.544766 0.0550889
threshold=0.00060394083698791785 -0.040645246085129684 0.072086805711717494 0.96224234703932621 0.0014938358783057363 0.027353841529609253 -0.062716346911066173 0.00036922789529572701 -0.00058009564634078675 0.0008823743806248821 0.52672757618327348 0.06816460167034287 0.017938121474928421
decision_type=2 2 2 2 2 2 2 2 2 2 2 2 2
left_child=4 11 3 -3 7 10 -7 8 -1 -9 -6 12 -2
right_child=1 2 -4 -5 5 6 -8 9 -10 -11 -12 -13 -14
leaf_value=0.0041389678328110722 -0.035061688392396935 -0.040243656556137139 0.019310870932290333 0.028974655924186219 -0.033833894724666469 -0.052468527584081742 0.0037284849574598564 0.016562168848847258 -0.0097156421898020491 0.00064054474845286972 -0.0072228909431287401 -0.053592389157270957 -0.042235766626601348
leaf_weight=336.2903651590459 2.2909296564757811 12.409088209271433 14.611277878284453 5.0465335799381128 24.329569943714887 4.8978356197476378 115.94701375346631 103.43545667082071 169.19448071718216 127.5898970849812 26.381615528604016 4.2025980353355408 1.6623361036181448
leaf_count=1326 24 133 27 14 308 25 361 338 841 552 234 18 10
internal_value=0.000271798 -0.0111074 -0.0022144 -0.0202322 0.000775839 -0.00488698 0.00145082 0.00209489 -0.000498409 0.00776903 -0.01999 -0.0460725 -0.0380784
internal_weight=948.289 40.2228 32.0669 17.4556 908.066 171.556 120.845 736.51 505.485 231.025 50.7112 8.15586 3.95327
internal_count=4211 226 174 147 3985 928 386 3057 2167 890 542 52 34
is_linear=0
shrinkage=0.03


Tree=168
num_leaves=12
num_cat=0
split_feature=13 24 3 7 8 26 1 15 28 26 28
split_gain=5.93925 10.9971 8.63309 14.6465 8.16661 21.9312 36.6389 12.86 11.0068 24.7853 18.2609
threshold=0.05688836410104204 0.48571933754160923 0.15801713586291696 373976915.13700002 -0.01225311603255236 -0.0017427818718629034 0.045126757181970546 -0.0078158327997207254 0.00034527875204353663 -0.00010816180121889553 -0.00045580564857229536
decision_type=2 2 2 2 2 2 2 2 2 2 2
left_child=4 -2 -3 -4 5 6 -1 -7 10 -10 -6
right_child=1 2 3 -5 8 7 -8 -9 9 -11 -12
leaf_value=-0.028455702039096031 0.02779633526149048 0.023881159773834839 0.0013508535289992341 -0.055123423688773127 0.0012844128432739077 0.0055773653360322696 0.028918263008861453 -0.02253910069979078 0.022790668109112882 0.0011462067602971537 -0.013032786651566418
leaf_weight=15.093636494129894 19.57901169359684 11.273267224431036 30.675599213689566 4.7766830101609221 307.66416042204946 18.809333384037018 29.785700112581253 66.059483816847205 57.474065667018294 277.57368212845176 108.43483934924006
leaf_count=94 29 18 76 21 1288 64 61 337 145 1429 649
internal_value=0.000263302 0.00892208 0.00101336 -0.00625824 -0.000388441 -0.00733856 0.00962248 -0.0163077 0.000812077 0.0048591 -0.00244663
internal_weight=947.199 66.3046 46.7255 35.4523 880.895 129.748 44.8793 84.8688 751.147 335.048 416.099
internal_count=4211 144 115 97 4067 556 155 401 3511 1574 1937
is_linear=0
shrinkage=0.03


Tree=169
num_leaves=9
num_cat=0
split_feature=0 21 21 21 20 9 20 29
split_gain=5.95405 8.29224 7.28122 9.24817 4.87313 4.32252 1.81372 0.0771899
threshold=0.011323622166957431 40145.500000000007 42499.000000000007 60543.500000000007 0.025238176072110406 1.3893688110620299 -0.0064500884489690552 0.056804537989756702
decision_type=2 2 2 2 2 2 2 2
left_child=1 4 -3 -4 7 6 -2 -1
right_child=5 2 3 -5 -6 -7 -8 -9
leaf_value=-0.033073462130069772 -0.018394985877897636 0.046107907737104901 -0.034871737466101546 0.00040735455519503981 0.027423896667618991 0.039270072898187895 0.020330058929700967 -0.040085487693990479
leaf_weight=7.3454905594699067 2.2817386081442237 3.1130202123895279 6.7367190464865407 915.27647650334984 1.312051836401223 6.0375088378787041 2.0814587534405273 1.7494171932339666
leaf_count=141 16 17 116 3874 5 15 14 13
internal_value=0.000255628 4.67148e-06 0.000304235 0.000149587 -0.026625 0.0228289 7.87564e-05 -0.0344222
internal_weight=945.934 935.533 925.126 922.013 10.407 10.4007 4.3632 9.09491
internal_count=4211 4166 4007 3990 159 45 30 154
is_linear=0
shrinkage=0.03


Tree=170
num_leaves=11
num_cat=0
split_feature=29 29 29 14 1 17 1 18 27 18
split_gain=5.93218 10.8115 15.3924 11.5574 9.56435 9.24261 6.47383 0.0502478 0.00442049 0.000275093
threshold=0.019982888506241938 0.020007434860058581 0.028047799383313053 0.16192646596216018 0.014665934904381331 0.0079972525550030833 0.033834115052216368 0.0094120051075838092 0.018197274028206034 0.0056855932388746207
decision_type=2 2 2 2 2 2 2 2 2 2
left_child=7 3 5 -2 -4 -3 -5 8 9 -1
right_child=1 2 4 6 -6 -7 -8 -9 -10 -11
leaf_value=-0.030849656281587839 -0.028523434466562601 -0.028736753174398808 -0.028037435415547672 0.031357591943560359 0.00089525296108716908 0.010222754892285512 -0.0036329993378567444 -0.038117452522705382 -0.034650046760765316 -0.031511042843140491
leaf_weight=1.3074439556803552 4.3224577526561907 25.69028575764969 10.406749027781187 22.866218749433759 864.84669849881902 6.9665017612278453 6.0095285996794692 1.7909197267144916 0.37450863234698761 0.9980519339442252
leaf_count=68 24 446 113 63 3398 30 20 15 6 28
internal_value=0.000247805 0.000411584 -0.000203281 0.017227 0.000551244 -0.0204257 0.0240755 -0.0342269 -0.031627 -0.031136
internal_weight=945.579 941.108 907.91 33.1982 875.253 32.6568 28.8757 4.47092 2.68 2.3055
internal_count=4211 4094 3987 107 3511 476 83 117 102 96
is_linear=0
shrinkage=0.03


Tree=171
num_leaves=14
num_cat=0
split_feature=25 20 29 14 28 13 20 12 12 28 5 29 18
split_gain=5.8736 13.1286 13.0889 18.1767 7.0343 17.3238 15.59 11.9384 18.2001 12.8508 10.5307 0.466257 0.0518436
threshold=0.00060394083698791785 -0.040645246085129684 0.072086805711717494 0.96224234703932621 0.0014938358783057363 0.027353841529609253 -0.062716346911066173 -0.0045133795263164822 -0.006534824188686829 -0.0020431945716369612 0.016488136029025626 0.06816460167034287 0.017938121474928421
decision_type=2 2 2 2 2 2 2 2 2 2 2 2 2
left_child=4 11 3 -3 7 10 -7 8 -1 -9 -6 12 -2
right_child=1 2 -4 -5 5 6 -8 9 -10 -11 -12 -13 -14
leaf_value=0.0012061759677151496 -0.034848395429941822 -0.040028171099217677 0.018627633480332039 0.02773556330825808 -0.023309110975680194 -0.051440356701753134 0.0036037473050580028 -0.013738315799830331 -0.019629556036318763 0.010521779474364031 0.03142672026632768 -0.052313802343298917 -0.04188833838030457
leaf_weight=481.59265139978379 2.2202491518110024 12.113270804286008 14.485198229551314 5.0468760738149276 46.625648203073069 4.8237649872899047 115.82704560738057 21.916603214107454 40.938333204016089 190.10774429282174 3.3936804183758786 4.1622492074966431 1.6345570050179956
leaf_count=1819 24 133 27 14 526 25 361 159 273 806 16 18 10
internal_value=0.000240167 -0.0110597 -0.0023722 -0.0200986 0.000735268 -0.00475112 0.00140302 0.00201 -0.000426225 0.00801405 -0.0195954 -0.0453513 -0.0378335
internal_weight=944.888 39.6624 31.6453 17.1601 905.225 170.67 120.651 734.555 522.531 212.024 50.0193 8.01706 3.85481
internal_count=4211 226 174 147 3985 928 386 3057 2092 965 542 52 34
is_linear=0
shrinkage=0.03


Tree=172
num_leaves=14
num_cat=0
split_feature=28 3 28 1 21 23 15 15 0 1 8 4 22
split_gain=5.88019 13.0006 8.41094 16.1662 13.0019 10.6088 8.66734 17.2627 15.2265 7.85713 8.04758 3.90682 0.0367296
threshold=-0.0024264220956916791 0.83571366283294679 -0.0020172834128160733 0.052711551432267814 362647.00000000006 2.7481507130639691 0.0023632592213680896 0.0061101030466534359 -0.0055722317257900786 0.031152166431873029 -0.0029464588959202493 232.50000000000003 123937269.74650002
decision_type=2 2 2 2 2 2 2 2 2 2 2 2 2
left_child=1 9 3 4 -2 -5 8 -8 -4 10 -1 -11 -3
right_child=2 12 6 5 -6 -7 7 -9 -10 11 -12 -13 -14
leaf_value=-0.031379514818955991 -0.0037278754161559433 -0.035835438423381563 0.026671823716070037 -0.0087682651200766733 -0.042669213771313497 0.035753562818073778 -0.015232000068695982 0.00040932826309110514 0.0017757232506315831 0.0094592607453208508 0.0095329819773894015 0.029420583397135637 -0.041262043720509518
leaf_weight=5.856799308210614 13.713125081732871 1.867566231638192 23.261759293731302 12.215124659240248 17.646850720979273 7.9530235212296239 82.440450532827526 276.47634791489691 446.35641490016133 14.767357138916848 16.567128822207451 21.927558552473783 2.8138986341655254
leaf_count=39 118 19 69 52 135 17 595 989 2016 36 64 44 18
internal_value=0.000232607 0.00902704 -0.000404947 -0.0121653 -0.0256409 0.00878829 0.00032645 -0.00318337 0.00300891 0.0128379 -0.00115276 0.0213874 -0.0390972
internal_weight=943.863 63.8003 880.063 51.5281 31.36 20.1681 828.535 358.917 469.618 59.1188 22.4239 36.6949 4.68146
internal_count=4211 220 3991 322 253 69 3669 1584 2085 183 103 80 37
is_linear=0
shrinkage=0.03


Tree=173
num_leaves=14
num_cat=0
split_feature=26 29 26 26 4 14 17 29 1 3 7 29 29
split_gain=5.70479 11.1675 9.81694 14.9226 8.47139 8.27454 7.85942 7.25203 25.7854 5.23486 2.06946 0.467784 0.101282
threshold=0.0050732807347314999 0.067511903309854585 0.0044893472464987106 0.0041366473057328533 142.50000000000003 0.9999910071942445 0.011760376160217108 0.07804409138160702 0.072059796721939115 0.99980000000000036 58789638.199000008 0.057048793532669069 0.057957695336936739
decision_type=2 2 2 2 2 2 2 2 2 2 2 2 2
left_child=2 9 3 5 10 -1 -6 -3 -9 12 -4 -5 -2
right_child=1 7 4 11 6 -7 -8 8 -10 -11 -12 -13 -14
leaf_value=0.00075999760017953475 -0.033170765825575141 0.019509201135485387 0.022866650886881112 -0.03923011604623855 -0.028756399205357022 -0.03937594696157895 0.032037037461589722 -0.048002144158040223 0.029266272931544979 0.020074313196019204 0.045046088526302111 -0.056732766351218315 -0.038303383044349805
leaf_weight=864.90736642898992 10.004825381096451 11.666975855827333 8.1849769260734337 2.509635752066969 4.8872218001633865 4.6477967705577603 3.1458652019500732 8.2865059524774534 7.3211423903703681 1.7326474329456694 7.044947236776351 3.0378390103578568 5.2895914800465116
leaf_count=3746 195 23 24 22 26 52 7 38 10 11 8 13 36
internal_value=0.000225619 -0.0102838 0.000743877 0.000232565 0.0199783 0.00054547 -0.00494887 0.0016171 -0.0117575 -0.0293471 0.0331263 -0.0488147 -0.0349459
internal_weight=942.667 44.3017 898.366 875.103 23.263 869.555 8.03309 27.2746 15.6076 17.0271 15.2299 5.54747 15.2944
internal_count=4211 313 3898 3833 65 3798 33 71 48 242 32 35 231
is_linear=0
shrinkage=0.03


Tree=174
num_leaves=9
num_cat=0
split_feature=5 22 15 20 22 26 22 29
split_gain=5.71537 6.13573 12.7198 15.8078 11.6452 20.2545 17.4842 0.211286
threshold=0.030043283900149768 106553027.28500001 -0.01549516585635697 -0.037264267967103921 112145222.55150001 -0.0027316209887718415 115409997.98700002 0.057351777996037516
decision_type=2 2 2 2 2 2 2 2
left_child=1 2 7 -4 5 -3 -6 -1
right_child=-2 4 3 -5 6 -7 -8 -9
leaf_value=-0.038206955888449523 0.027763189491517053 0.06494174383393142 0.014820144643613005 -0.0055807747078691532 -0.048682726494666158 0.0035178785475112875 0.0013805608321327994 -0.049150498882440073
leaf_weight=2.6491404902189961 6.7313528768718234 7.0594532713294056 39.877186227589846 239.40772204427049 6.3425942510366431 15.309851646423338 620.52224680408835 3.9632263705134392
leaf_count=21 16 11 156 1817 34 57 2080 19
internal_value=0.000218699 2.04253e-05 -0.00364154 -0.00266787 0.00163301 0.0229024 0.000874022 -0.0447661
internal_weight=941.863 935.131 285.897 279.285 649.234 22.3693 626.865 6.61237
internal_count=4211 4195 2013 1973 2182 68 2114 40
is_linear=0
shrinkage=0.03


Tree=175
num_leaves=11
num_cat=0
split_feature=25 1 13 24 15 1 5 3 17 22
split_gain=5.7145 7.02349 12.9141 10.5466 21.9739 13.754 10.4328 8.85337 3.69036 6.99104
threshold=-0.0011302574365555185 0.02085146974501418 0.033102187458184412 0.38763962445809347 -0.00093117095500958968 0.021097959488155918 -0.00019751625840321011 0.62108543630282742 -0.0044781180290335365 40907667.309500001
decision_type=2 2 2 2 2 2 2 2 2 2
left_child=8 2 7 4 -3 -5 -4 -2 -1 -10
right_child=1 3 6 5 -6 -7 -8 -9 9 -11
leaf_value=0.03714820312438067 -0.0095683871481833261 0.019607277147986643 0.029255342358128975 0.027311045421423041 -0.0053695279571441875 -0.0013733601446886347 -0.012189504436531972 -0.038964363680063369 0.030995024778737397 -0.02016782387401576
leaf_weight=5.8251986950635901 26.467290393076837 71.562942493706942 11.067044980823995 15.36587182804942 56.912408404052258 719.48504381231032 10.801738299429415 14.151028325315563 5.1057359278202039 4.5418915301561356
leaf_count=8 246 330 24 54 387 2924 48 160 12 18
internal_value=0.000212075 -9.01101e-05 -0.00980255 0.000612871 0.00854297 -0.000773564 0.00878432 -0.0198097 0.0182932 0.00690868
internal_weight=941.286 925.813 62.4871 863.326 128.475 734.851 21.8688 40.6183 15.4728 9.64763
internal_count=4211 4173 478 3695 717 2978 72 406 38 30
is_linear=0
shrinkage=0.03


Tree=176
num_leaves=10
num_cat=0
split_feature=0 21 0 17 14 20 9 20 29
split_gain=5.68975 7.87166 7.01616 15.568 11.0915 4.70383 4.04081 1.76152 0.0728019
threshold=0.011323622166957431 40145.500000000007 0.0032677535252121463 0.01069619687080918 0.92674780706317084 0.025238176072110406 1.3893688110620299 -0.0064500884489690552 0.056804537989756702
decision_type=2 2 2 2 2 2 2 2 2
left_child=1 5 4 -4 -3 8 7 -2 -1
right_child=6 2 3 -5 -6 -7 -8 -9 -10
leaf_value=-0.032978060073043561 -0.018072116188324622 0.0021605200800618347 -0.014493146375303273 0.016696788232814612 -0.01010215167932094 0.026938258962567886 0.038386169326913459 0.020327186231169601 -0.039895956309498534
leaf_weight=7.0667378334328514 2.2514157434925437 761.42441665148363 68.059878279455006 18.268796160817146 72.724190413951874 1.2948835380375374 5.9691204838454723 2.058012178167699 1.6980935111641882
leaf_count=141 16 3211 368 43 385 5 15 14 13
internal_value=0.000205561 -3.96353e-05 0.000248817 -0.00789276 0.00109141 -0.0264334 0.0224037 0.000265871 -0.0343183
internal_weight=940.816 930.537 920.477 86.3287 834.149 10.0597 10.2785 4.30943 8.76483
internal_count=4211 4166 4007 411 3596 159 45 30 154
is_linear=0
shrinkage=0.03


Tree=177
num_leaves=12
num_cat=0
split_feature=13 29 29 14 13 9 14 9 29 28 28
split_gain=5.65149 5.90577 13.414 10.989 9.32715 8.65776 5.4423 1.91123 0.00238575 0.000350428 0.00019488
threshold=0.0099551874070447095 0.020007434860058581 0.028047799383313053 0.16192646596216018 0.012174712525766808 13.179700000000002 0.71113199665831239 3.2950723682163523 0.042021768706078634 -0.0025031009171439999 0.00097050968537911548
decision_type=2 2 2 2 2 2 2 2 2 2 2
left_child=8 3 5 7 -4 -3 -5 -2 9 -1 -11
right_child=1 2 4 6 -6 -7 -8 -9 -10 10 -12
leaf_value=-0.031719183138442963 -0.0022841377019834491 -0.033747255983955886 0.022038847839731455 0.028861843522558325 0.00012956974510856397 -0.0014787738592240104 0.0030944000308618701 -0.041981316530792095 -0.033612933097138496 -0.03102599386070921 -0.030507633006993464
leaf_weight=0.57026316504925478 1.6157237030565728 17.169182557612661 17.854773989878595 19.074704688973728 850.86914201825857 13.264761020429431 12.029327023774384 3.3644316866993904 0.34250931069254864 3.4128667558543375 0.80711608170531679
leaf_count=14 12 343 139 60 3293 58 59 25 8 141 59
internal_value=0.00019931 0.000371602 -0.000105969 0.0122719 0.000579868 -0.0196829 0.0188964 -0.0291023 -0.0311941 -0.0310212 -0.0309269
internal_weight=940.375 935.242 899.158 36.0842 868.724 30.4339 31.104 4.98016 5.13276 4.79025 4.21998
internal_count=4211 3989 3833 156 3432 401 119 37 222 214 200
is_linear=0
shrinkage=0.03


Tree=178
num_leaves=11
num_cat=0
split_feature=29 29 29 14 1 17 1 13 13 24
split_gain=5.60519 9.61263 14.0531 10.4149 8.94229 8.78499 6.16749 0.036929 0.00103423 0.000115521
threshold=0.019982888506241938 0.020007434860058581 0.028047799383313053 0.16192646596216018 0.014665934904381331 0.0079972525550030833 0.033834115052216368 0.02040581734394941 0.01444020896586355 0.39802851797951477
decision_type=2 2 2 2 2 2 2 2 2 2
left_child=7 3 5 -2 -4 -3 -5 8 9 -1
right_child=1 2 4 6 -6 -7 -8 -9 -10 -11
leaf_value=-0.031170709232728768 -0.027713830108734988 -0.028340304915361984 -0.027720026487366843 0.029831105386304724 0.00080725135595889966 0.0099797993756078514 -0.0044191261214118075 -0.036865640298959751 -0.032388978031013656 -0.030659897449130682
leaf_weight=0.75917508965358071 4.2269118893891564 24.546736063435677 10.004301742650567 22.787502007558945 861.15183539595455 6.8972171172499648 5.9718060195446006 2.1141504924744368 0.57219322118908156 0.83860822953283787
leaf_count=30 24 446 113 63 3398 30 20 24 13 50
internal_value=0.000193018 0.000349791 -0.000231534 0.0162566 0.000479646 -0.0199348 0.0227191 -0.0340438 -0.0312945 -0.0309026
internal_weight=939.87 935.586 902.6 32.9862 871.156 31.444 28.7593 4.28413 2.16998 1.59778
internal_count=4211 4094 3987 107 3511 476 83 117 93 80
is_linear=0
shrinkage=0.03


Tree=179
num_leaves=14
num_cat=0
split_feature=25 20 12 5 25 10 23 11 25 20 15 6 18
split_gain=5.53712 12.6534 8.58874 8.85454 6.61339 17.6158 12.3856 11.957 10.1815 9.90703 5.00673 0.247054 0.15169
threshold=0.00060394083698791785 -0.040645246085129684 -0.006534824188686829 -0.0044519488412742801 0.00046462623231768142 -0.018563545455927082 2.5865647008273847 0.001536396184849332 0.00043110765201424605 -0.036554662519861135 -0.0035650195525849782 231032.00000000003 0.01619745912575905
decision_type=2 2 2 2 2 2 2 2 2 2 2 2 2
left_child=4 11 3 -3 8 7 -7 -6 9 -1 -4 -2 -10
right_child=1 2 10 -5 5 6 -8 -9 12 -11 -12 -13 -14
leaf_value=0.0060360865383910535 -0.037042566696336286 -0.040897122411470088 0.022344416401242261 0.01356271404403637 0.010072978859116592 0.019249453000957338 -0.029595736897173864 -0.052749146925884942 -0.039313444972228703 -0.0016951502229944702 -0.041979107541884456 -0.048398215232819883 -0.050252965320376312
leaf_weight=195.9627814469859 2.5397566799074403 3.0870850048959282 1.3263565599918363 20.728790311142802 4.8001468107104284 58.309232857078314 5.0791093846783033 6.3125247694551945 3.0085429912433019 624.74708554311655 6.087679052725437 5.3703042566776276 1.8375367820262907
leaf_count=585 25 27 3 81 12 200 30 31 26 3092 63 27 9
internal_value=0.000187008 -0.0108591 -0.00227452 0.00650347 0.000667361 0.00922769 0.0153356 -0.025613 -0.000105153 0.000150855 -0.0304718 -0.0447522 -0.0434615
internal_weight=939.197 39.14 31.2299 23.8159 900.057 74.501 63.3883 11.1127 825.556 820.71 7.41404 7.91006 4.84608
internal_count=4211 226 174 108 3985 273 230 43 3712 3677 66 52 35
is_linear=0
shrinkage=0.03


end of trees

feature_importances:
qqq_vwap_dev=223
atr_20d_pct=203
qqq_intra_ret=174
qqq_gap=171
intra_range_pct=139
intra_curr_bar_range=122
pm_intra_gain=85
intra_range_retention=81
intra_volume=73
pm_rvol=72
intra_vwap_dev=72
intra_vol_acceleration=65
pm_surge_retention=64
pm_final_velocity_10m=62
intra_high_from_open=61
intra_dist_to_pm_high=57
pm_gap=51
pm_turnover=49
pm_vwap_dev=44
intra_curr_bar_ret=42
intra_rvol=40
intra_turnover=37
intra_low_from_open=35
pm_peak_to_open_mins=31
pm_volume=31
alpha_vs_qqq=24
intra_return_from_open=23
intra_upbar_ratio=6
intra_breakout_pm_high=1

parameters:
[boosting: gbdt]
[objective: binary]
[metric: binary_logloss]
[tree_learner: serial]
[device_type: cpu]
[data_sample_strategy: bagging]
[data: ]
[valid: ]
[num_iterations: 180]
[learning_rate: 0.03]
[num_leaves: 15]
[num_threads: 15]
[seed: 42]
[deterministic: 0]
[force_col_wise: 0]
[force_row_wise: 0]
[histogram_pool_size: -1]
[max_depth: 4]
[min_data_in_leaf: 15]
[min_sum_hessian_in_leaf: 0.001]
[bagging_fraction: 0.8]
[pos_bagging_fraction: 1]
[neg_bagging_fraction: 1]
[bagging_freq: 0]
[bagging_seed: 400]
[bagging_by_query: 0]
[feature_fraction: 0.8]
[feature_fraction_bynode: 1]
[feature_fraction_seed: 30056]
[extra_trees: 0]
[extra_seed: 12879]
[early_stopping_round: 0]
[early_stopping_min_delta: 0]
[first_metric_only: 0]
[max_delta_step: 0]
[lambda_l1: 0]
[lambda_l2: 0]
[linear_lambda: 0]
[min_gain_to_split: 0]
[drop_rate: 0.1]
[max_drop: 50]
[skip_drop: 0.5]
[xgboost_dart_mode: 0]
[uniform_drop: 0]
[drop_seed: 17869]
[top_rate: 0.2]
[other_rate: 0.1]
[min_data_per_group: 100]
[max_cat_threshold: 32]
[cat_l2: 10]
[cat_smooth: 10]
[max_cat_to_onehot: 4]
[top_k: 20]
[monotone_constraints: ]
[monotone_constraints_method: basic]
[monotone_penalty: 0]
[feature_contri: ]
[forcedsplits_filename: ]
[refit_decay_rate: 0.9]
[cegb_tradeoff: 1]
[cegb_penalty_split: 0]
[cegb_penalty_feature_lazy: ]
[cegb_penalty_feature_coupled: ]
[path_smooth: 0]
[interaction_constraints: ]
[verbosity: -1]
[saved_feature_importance_type: 0]
[use_quantized_grad: 0]
[num_grad_quant_bins: 4]
[quant_train_renew_leaf: 0]
[stochastic_rounding: 1]
[linear_tree: 0]
[max_bin: 255]
[max_bin_by_feature: ]
[min_data_in_bin: 3]
[bin_construct_sample_cnt: 200000]
[data_random_seed: 175]
[is_enable_sparse: 1]
[enable_bundle: 1]
[use_missing: 1]
[zero_as_missing: 0]
[feature_pre_filter: 1]
[pre_partition: 0]
[two_round: 0]
[header: 0]
[label_column: ]
[weight_column: ]
[group_column: ]
[ignore_column: ]
[categorical_feature: ]
[forcedbins_filename: ]
[precise_float_parser: 0]
[parser_config_file: ]
[objective_seed: 16083]
[num_class: 1]
[is_unbalance: 0]
[scale_pos_weight: 5]
[sigmoid: 1]
[boost_from_average: 1]
[reg_sqrt: 0]
[alpha: 0.9]
[fair_c: 1]
[poisson_max_delta_step: 0.7]
[tweedie_variance_power: 1.5]
[lambdarank_truncation_level: 30]
[lambdarank_norm: 1]
[label_gain: ]
[lambdarank_position_bias_regularization: 0]
[eval_at: ]
[multi_error_top_k: 1]
[auc_mu_weights: ]
[num_machines: 1]
[local_listen_port: 12400]
[time_out: 120]
[machine_list_filename: ]
[machines: ]
[gpu_platform_id: -1]
[gpu_device_id: -1]
[gpu_device_id_list: ]
[gpu_use_dp: 0]
[num_gpu: 1]

end of parameters

pandas_categorical:[]
