tree
version=v4
num_class=1
num_tree_per_iteration=1
label_index=0
max_feature_idx=29
objective=binary sigmoid:1
feature_names=pm_gap pm_intra_gain pm_gain pm_surge_retention pm_peak_to_open_mins pm_final_velocity_10m pm_volume pm_turnover pm_vwap_dev pm_rvol intra_return_from_open intra_high_from_open intra_low_from_open intra_range_pct intra_range_retention intra_vwap_dev intra_upbar_ratio intra_curr_bar_ret intra_curr_bar_range intra_breakout_pm_high intra_dist_to_pm_high intra_volume intra_turnover intra_rvol intra_vol_acceleration qqq_gap qqq_intra_ret alpha_vs_qqq qqq_vwap_dev atr_20d_pct
feature_infos=[-0.061484272200206469:0.10594795539033457] [0:0.34499999999999997] none [0:1] [0:325] [-0.049238373759256451:0.34499999999999997] [0:31845058] [0:8569697149.3370008] [-0.092066306955677898:0.048037611719781194] [0:31845058] [-0.32773109243697479:0.12968227041401126] [0:0.15613681170051799] [-0.32773109243697479:0] [0:0.32773109243697479] [0:1] [-0.29580322444711499:0.059219852322568933] [0:1] [-0.033810849344829863:0.036572848576521967] [0:0.044946248176759726] [0:1] [-0.25650557620817843:0.12780793969154156] [282:53123459] [80091.25:15741010620.985998] [0.00564:46488614] [0:4.1986296363968574] [-0.0011859246672332071:0.0012176347095871301] [-0.017206226752996292:0.010118860986802758] [-0.32946905134569821:0.12669706307148429] [-0.0077252916996987794:0.0066496112647262198] [0.0093137254901960592:0.71615304500823007]
tree_sizes=1688 1719 1723 1721 1729 1727 1725 1734 1737 1732 1754 1750 1742 1751 1639 1736 1737 1736 1532 1752 1749 1744 1637 1743 1747 1744 1741 1739 1737 1732 1645 1749 1746 1527 1763 1738 1747 1529 1747 1623 1744 1538 1745 1540 1641 1645 1755 1749 1633 1525 1746 1428 1743 1545 1746 1428 1425 1752 1746 1734 1440 1654 1640 1755 1651 1648 1533 1725 1761 1428 1428 1635 1736 1534 1640 1436 1425 1647 1416 1540 1543 1756 1411 1531 1749 1628 1543 1638 1528 1642 1633 1644 1543 1212 1735 1638 1424 1761 1210 1518 1528 1650 1325 1637 1744 1644 1641 1753 1423 1441 1423 1644 1662 1640 1222 1548 1528 1440 1458 1538 1638 1214 1739 1422 1652 1450 1538 1543 1648 1221 1429 1776 1449 1216 1543 1237 1647 1744 1535 1656 1430 1536 1556 1231 1218 1645 1431 1757 1205 1236 1551 1523 1648 1558 1651 1422 1736 1214 1340 1238 1754 1538 1661 1216 1757 1237 1743 1531 1329 1757 1101 1754 1454 1762 1566 1649 1529 1644 1202 1757

Tree=0
num_leaves=15
num_cat=0
split_feature=29 18 6 25 27 29 6 15 18 25 13 9 9 15
split_gain=1817.11 377.264 144.128 129.279 123.909 96.086 90.5101 75.7202 72.2125 63.6541 60.6588 50.6399 48.6992 46.9631
threshold=0.055796232233848483 0.010445458304224333 346904.00000000006 0.0001338148338069674 0.035254510431784951 0.065168678452884835 38534.000000000007 0.0089052342727954908 0.017213147056264196 0.00011771404345774827 0.030272544876238219 1.2119725896792801 1.7026736154038826 0.022519875541676216
decision_type=2 2 2 2 2 2 2 2 2 2 2 2 2 2
left_child=1 10 8 -4 5 7 -7 -2 -3 13 -1 -12 -11 -6
right_child=4 2 3 -5 9 6 -8 -9 -10 12 11 -13 -14 -15
leaf_value=-2.4252317128499397 -2.2882487721384299 -2.3860414273470578 -2.2445600876272791 -2.3711320769183364 -2.1389110206591337 -2.4085202489837276 -2.2451071350531935 -2.395618005985936 -2.2986092664462894 -2.3915304419327561 -2.3327195713717011 -2.4096864132546818 -2.1811182161476483 -2.274332562940816
leaf_weight=135.9203851595521 35.657427720725536 43.72369572520256 20.806448310613636 11.157080978155134 13.267880082130437 3.1661986559629431 83.451950289309025 7.0862541347742072 10.553995519876478 2.1861847862601276 12.664794623851774 19.60027739405632 1.8092563748359678 2.7892702445387831
leaf_count=1731 332 514 171 127 74 39 687 85 101 26 132 242 12 25
internal_value=-2.34153 -2.39029 -2.33928 -2.28874 -2.25849 -2.26924 -2.25108 -2.30605 -2.36904 -2.1891 -2.41645 -2.37948 -2.29625 -2.16243
internal_weight=403.841 254.427 86.2412 31.9635 149.414 129.362 86.6181 42.7437 54.2777 20.0526 168.185 32.2651 3.99544 16.0572
internal_count=4298 3018 913 298 1280 1143 726 417 615 137 2105 374 38 99
is_linear=0
shrinkage=1


Tree=1
num_leaves=15
num_cat=0
split_feature=29 18 6 18 28 13 21 11 29 1 18 18 8 8
split_gain=1377.43 326.558 109.583 92.0925 93.1686 91.9145 76.3989 69.8767 68.6069 58.392 57.8169 40.7749 33.61 8.38884
threshold=0.055796232233848483 0.010445458304224333 346904.00000000006 0.011706889793626265 0.0038532421834644756 0.051769406137732087 717378.50000000012 0.049518477196641174 0.096938677093608802 0.091736991519467223 0.017213147056264196 0.0077506030545865974 -0.0064213054718756605 0.0041242683985532273
decision_type=2 2 2 2 2 2 2 2 2 2 2 2 2 2
left_child=1 9 10 6 7 -4 12 -5 -8 11 -3 -1 -2 -6
right_child=3 2 5 4 13 -7 8 -9 -10 -11 -12 -13 -14 -15
leaf_value=-0.015393724703239166 0.10828364690897134 0.026241342910735491 0.080675999492412706 0.13968068390886917 -0.033071951817786029 0.19128267063692278 0.10338663269953652 0.20104928069851985 0.24484287224390483 0.12938974872477418 0.10137892158932404 0.016437205658669053 -0.0038805000460530093 0.06154349137350628
leaf_weight=111.14248470962048 3.3946977108716956 44.744901061058044 26.37959098815918 102.07830375432968 2.5183178409934039 9.0924798250198346 29.008284002542496 19.964652456343174 3.4531150832772246 2.9611514657735816 11.607931107282637 53.72770069539547 8.2419391795992833 1.2680337801575658
leaf_count=1434 28 514 241 755 30 57 241 104 16 27 101 644 94 12
internal_value=0.0656937 0.0222362 0.0677202 0.132098 0.145173 0.109028 0.0947921 0.14972 0.118434 -0.00264921 0.0417187 -0.0050207 0.0288406 -0.00138562
internal_weight=429.584 259.656 91.8249 169.927 125.829 35.4721 44.098 122.043 32.4614 167.831 56.3528 164.87 11.6366 3.78635
internal_count=4298 3018 913 1280 901 298 379 859 257 2105 615 2078 122 42
is_linear=0
shrinkage=0.03


Tree=2
num_leaves=15
num_cat=0
split_feature=29 18 23 18 12 13 21 28 17 13 22 15 28 18
split_gain=1097.05 209.939 142.734 139.434 94.6564 85.656 69.8623 69.1823 63.4281 54.364 84.8467 35.6579 22.3293 11.2246
threshold=0.04982961792641686 0.012240697939943956 10.577449488908224 0.010683865974504278 -0.0055745627939609256 0.026640592595870146 147783.50000000003 0.0038532421834644756 -0.0017353126958031997 0.025118938955114242 1202486580.365 0.0098682175168275359 -0.002381889437939906 0.010218941572410203
decision_type=2 2 2 2 2 2 2 2 2 2 2 2 2 2
left_child=1 9 8 4 5 -2 -5 -8 -3 12 -11 -4 -1 -6
right_child=3 2 11 6 13 -7 7 -9 -10 10 -12 -13 -14 -15
leaf_value=0.022190380891736212 0.0209320351043084 0.0024320797787697975 0.12404727786841953 -0.033218624871682687 -0.033018921626831191 0.1150748291328446 0.12377850745989345 0.012911239396043474 0.079477505412966193 0.0064753168031402939 0.10834707671032076 0.25432599077268958 -0.019427727942073196 0.063360460435997593
leaf_weight=13.128340065479277 13.31892069429159 16.866520218551159 3.8106949776411048 2.6993534266948691 8.7880673706531507 25.071409612894058 173.84348122775555 5.2176322788000098 22.37354988604784 55.004718907177448 8.4945068135857564 3.7530348896980286 99.831355154514313 1.2411334365606297
leaf_count=158 140 183 27 31 107 191 1144 56 199 654 76 14 1307 11
internal_value=0.0602566 0.0128762 0.0693622 0.106213 0.0609743 0.0824135 0.118264 0.120548 0.0463611 -0.00210613 0.020103 0.18869 -0.0145908 -0.0210918
internal_weight=453.443 223.263 46.8038 230.18 48.4195 38.3903 181.76 179.061 39.2401 176.459 63.4992 7.56373 112.96 10.0292
internal_count=4298 2618 423 1680 449 331 1231 1200 382 2195 730 41 1465 118
is_linear=0
shrinkage=0.03


Tree=3
num_leaves=15
num_cat=0
split_feature=29 18 29 23 18 17 1 0 13 13 5 28 28 20
split_gain=894.079 184.506 109.759 104.638 98.5604 64.3042 64.1832 59.2657 58.4552 50.9641 71.4865 48.6907 42.8189 25.8762
threshold=0.04982961792641686 0.012240697939943956 0.067511903309854585 10.577449488908224 0.010631801465882272 0.0079712676787845049 0.0847174947935595 0.0023661344911066183 0.025243503465877486 0.025118938955114242 0.016488136029025626 0.0038532421834644756 -0.00041000503492609106 -0.039914744701780712
decision_type=2 2 2 2 2 2 2 2 2 2 2 2 2 2
left_child=1 9 4 6 7 -6 -3 -2 12 -1 -11 -10 -4 -5
right_child=2 3 8 13 5 -7 -8 -9 11 10 -12 -13 -14 -15
leaf_value=-0.014331611474992052 0.0087662202409912321 0.028212588446340909 0.13054094676074207 0.086095211223555304 0.10453852339307658 0.04372391489938933 0.13745074333295626 0.10244670950216014 0.12307842578211731 0.01203736380261098 0.15914306908212952 0.0042943538339371154 -0.011816546474533677 0.19472577656013115
leaf_weight=111.59117485582829 25.753217548131943 35.133180536329746 2.9195133373141289 3.0012233853340149 70.216452687978745 20.135623030364513 5.6143394112586966 7.9552754238247863 114.45031046867371 61.454038664698601 3.1242345571517935 3.1924191862344733 5.4539836049079877 5.7632259428501111
leaf_count=1465 275 346 17 21 455 167 36 63 618 706 24 33 52 20
internal_value=0.0556153 0.0123236 0.0946838 0.0634904 0.0746529 0.0909855 0.0432638 0.030875 0.114404 -0.00205675 0.0191542 0.119855 0.037818 0.157527
internal_weight=475.758 225.681 250.077 49.512 124.061 90.3521 40.7475 33.7085 126.016 176.169 64.5783 117.643 8.3735 8.76445
internal_count=4298 2618 1680 423 960 622 382 338 720 2195 730 651 69 41
is_linear=0
shrinkage=0.03


Tree=4
num_leaves=15
num_cat=0
split_feature=29 18 29 18 24 17 13 23 13 22 25 13 28 28
split_gain=741.574 163.451 84.208 83.9039 74.4381 58.8021 57.8612 76.2479 47.805 70.2108 47.4299 38.5373 21.4804 13.3102
threshold=0.04982961792641686 0.012240697939943956 0.021736336090757796 0.0086000542865369688 0.52693150106647046 -0.0017353126958031997 0.058572283069526117 1.0923562898493153 0.025118938955114242 1202486580.365 -9.7102269467849909e-05 0.026640592595870146 -0.002381889437939906 0.0019904337467272506
decision_type=2 2 2 2 2 2 2 2 2 2 2 2 2 2
left_child=1 8 13 4 11 -4 7 -5 12 -10 -8 -2 -1 -3
right_child=3 2 5 6 -6 -7 10 -9 9 -11 -12 -13 -14 -15
leaf_value=0.021809916795892871 0.0012223392220577283 0.10507885747025 0.00034234795371664538 0.096813668261708508 -0.033262174441624458 0.070890801811632612 0.15576715943679831 0.058170895590913034 0.0055622069858704062 0.09405993116534006 0.09511830428834428 0.12374815765350072 -0.018959370120746905 0.18385539183900357
leaf_weight=13.214973486959932 3.4869615286588687 3.4482395052909842 17.812826812267303 129.03724610805511 9.7163656055927259 26.380637690424919 19.499181926250458 71.374140597879887 56.200253449380398 9.4207864329218847 28.665847525000572 6.8464357778429985 97.039522856473923 4.3851540461182594
leaf_count=158 38 21 185 768 112 205 67 497 654 76 157 41 1307 12
internal_value=0.0516157 0.0118118 0.0585239 0.0853854 0.0263499 0.0424552 0.0901471 0.0830515 -0.00200639 0.0182673 0.119671 0.0824023 -0.0140728 0.149178
internal_weight=496.529 227.902 52.0269 268.626 20.0498 44.1935 248.576 200.411 175.876 65.621 48.165 10.3334 110.254 7.83339
internal_count=4298 2618 423 1680 191 390 1489 1265 2195 730 224 79 1465 33
is_linear=0
shrinkage=0.03


Tree=5
num_leaves=15
num_cat=0
split_feature=18 7 28 26 13 7 18 26 5 13 25 9 26 9
split_gain=604.25 150.475 141.931 134.921 60.146 67.4127 54.7294 67.0528 46.4869 37.572 32.4314 27.8878 18.0558 20.7205
threshold=0.0087954308463790102 19427422.817500006 -0.0026086883198255697 -0.0029791467965074665 0.025118938955114242 319209424.67300004 0.018710582895805232 -0.0015854050869603899 0.019477075874674458 0.031723627250677781 7.8618534774328456e-05 1.5081056894915685 -0.0020096095453059231 1.7211513407664951
decision_type=2 2 2 2 2 2 2 2 2 2 2 2 2 2
left_child=4 2 3 -2 12 8 7 -3 -6 -4 -8 -7 13 -1
right_child=1 6 9 -5 5 11 10 -9 -10 -11 -12 -13 -14 -15
leaf_value=0.030503228136230725 0.026662652999907544 0.042730635724438387 -0.0074569186524278443 0.20016708983152401 0.0012971504397800682 0.16641736671196408 0.07857142621706735 0.081570676584444737 0.15165142365775081 0.036087791244208633 0.11820552666954259 0.052413049739539176 -0.023330067487350847 -0.03262698785914861
leaf_weight=13.297560729086401 7.9418014436960247 54.435005217790604 32.621030241250992 8.1969766020774824 38.330671340227127 3.5888250842690459 32.676619701087475 150.89457391947508 1.9446168541908253 39.340300925076008 43.075038634240627 4.1808480024337769 78.228816084563732 7.219598487019538
leaf_count=158 71 397 362 34 428 17 168 934 12 319 190 35 1075 98
internal_value=0.0481203 0.0685916 0.034381 0.114787 -0.00336547 0.0241648 0.0793143 0.0712738 0.00855672 0.0163484 0.101109 0.105072 -0.0167604 0.0082889
internal_weight=515.972 369.181 88.1001 16.1388 146.791 48.045 281.081 205.33 40.2753 71.9613 75.7517 7.76967 98.746 20.5172
internal_count=4298 2475 786 105 1823 492 1689 1331 440 681 358 52 1331 256
is_linear=0
shrinkage=0.03


Tree=6
num_leaves=15
num_cat=0
split_feature=29 7 23 29 13 15 15 29 22 3 12 25 24 29
split_gain=551.737 120.986 93.9428 67.6122 58.9683 52.7335 48.6154 47.8909 39.9536 57.0354 39.1263 38.9158 19.4223 15.629
threshold=0.049647616767333862 23221191.387500003 2.0729721362109372 0.067511903309854585 0.056670702283110733 0.012632836379402676 0.0086346989261596053 0.034726399062405634 771254004.07150018 0.83209471516816225 -0.063083645978154759 -8.2793588663909222e-05 0.59589446720347572 0.040818907722739294
decision_type=2 2 2 2 2 2 2 2 2 2 2 2 2 2
left_child=1 10 7 4 5 -2 -4 -3 9 -5 -1 -6 -10 -12
right_child=3 2 6 8 11 -7 -8 -9 12 -11 13 -13 -14 -15
leaf_value=0.15616058178433986 0.055090170295243587 -0.022584988200206105 0.044788151882627955 0.08468301198862839 0.14271851591165646 -0.013071450796276392 0.1132672320426315 0.029915904990236296 0.13393793382217459 0.021502420720568311 -0.018829718767572824 0.065663848117226253 0.092365783995521172 0.0049901978347959399
leaf_weight=1.2583116888999928 112.54729098826647 23.810523591935635 25.983944520354271 98.851426906883717 10.752780847251417 11.234996937215326 14.557898111641405 45.555191420018673 18.370422810316086 14.78236400336027 86.371828325092793 13.067765757441519 22.505249112844467 34.771308571100235
leaf_count=5 777 317 229 468 32 97 72 456 57 96 1124 70 99 399
internal_value=0.0450125 0.0102511 0.0330985 0.0717422 0.0572217 0.0489035 0.0693778 0.0118944 0.0856136 0.076464 -0.0102641 0.100447 0.111049 -0.0119928
internal_weight=534.421 232.309 109.908 302.112 147.603 123.782 40.5418 69.3657 154.509 113.634 122.401 23.8205 40.8757 121.143
internal_count=4298 2602 1074 1696 976 874 301 773 720 564 1528 102 156 1523
is_linear=0
shrinkage=0.03


Tree=7
num_leaves=15
num_cat=0
split_feature=29 13 6 29 1 13 15 25 13 28 25 28 29 6
split_gain=474.467 101.27 77.77 55.4044 52.676 48.3685 46.374 41.5577 34.1803 31.9249 29.7984 29.3394 24.426 28.5401
threshold=0.049647616767333862 0.025005237399800571 454207.50000000006 0.067511903309854585 0.0847174947935595 0.056670702283110733 0.012632836379402676 0.00035709747270263323 0.025243503465877486 0.0038532421834644756 -8.2793588663909222e-05 -0.00041000503492609106 0.029054165261523244 28311.500000000004
decision_type=2 2 2 2 2 2 2 2 2 2 2 2 2 2
left_child=1 12 4 5 -3 6 -2 -4 11 -10 -7 -5 -1 -14
right_child=3 2 7 8 -6 10 -8 -9 9 -11 -12 -13 13 -15
leaf_value=-0.029431693396229794 0.051283202783685866 0.0037492586963519402 0.071053707952774978 0.090261858434922265 0.092068235586098807 0.12589202821881421 -0.012805301702949934 -0.033685046196096372 0.084002751112964735 -0.0032323840027278709 0.060831026180391462 -0.015385178474598464 -0.02403944936146259 0.014321254302638378
leaf_weight=39.682241521775723 117.20040046423674 71.321884609758854 38.566523030400276 3.8118696734309196 6.6439930200576773 11.806454822421076 11.126122027635573 3.7400373741984358 149.7907051295042 3.8732611164450637 13.67301084846258 6.2363272011280042 28.162972867488861 45.909669928252697
leaf_count=567 777 764 246 17 41 32 97 39 618 33 70 52 386 559
internal_value=0.0422638 0.00985339 0.0290459 0.066152 0.0112755 0.053223 0.0457266 0.0617945 0.0782986 0.0818039 0.0909784 0.0246929 -0.0104387 -0.000263772
internal_weight=551.545 234.027 120.272 317.518 77.9659 153.806 128.327 42.3066 163.712 153.664 25.4795 10.0482 113.755 74.0726
internal_count=4298 2602 1090 1696 805 976 874 285 720 651 102 69 1512 945
is_linear=0
shrinkage=0.03


Tree=8
num_leaves=15
num_cat=0
split_feature=18 29 7 28 29 24 13 5 26 26 25 25 5 26
split_gain=425.215 143.628 72.0333 71.305 48.686 48.2814 53.7078 40.2144 53.4719 36.985 33.8072 22.9453 21.7807 12.47
threshold=0.0083426979687795857 0.056556520758638942 23221191.387500003 -0.002381889437939906 0.02039151230675099 0.52693150106647046 0.025118938955114242 -0.0046473624821298945 -0.00035742289718150344 0.001675606646683624 -0.00013553651067079432 0.00034777579305308954 0.019477075874674458 -0.0028821655157772758
decision_type=2 2 2 2 2 2 2 2 2 2 2 2 2 2
left_child=5 2 3 -2 -4 6 11 8 -3 -9 -8 -1 13 -7
right_child=1 7 4 -5 -6 12 10 9 -10 -11 -12 -13 -14 -15
leaf_value=-0.022567861468780918 0.072038544508175567 0.013455063333532833 0.11359021117400002 -0.0043315823978566309 0.042804718114808522 0.0024675735536912832 0.10225934490848372 0.0868408482466827 0.067703290401310401 0.05871114863889066 0.023112662541370264 0.040811903256754302 0.068925207025632526 -0.029035344140157071
leaf_weight=24.20917916297913 13.596491277217863 24.13250844925642 9.6046530529856664 57.686825521290302 97.70197881013155 13.613247603178023 7.8953736647963551 113.09386699646711 50.727762512862682 66.981023021042347 12.622516289353369 6.5268269553780547 2.3515601605176917 66.796075582504272
leaf_count=340 104 141 37 609 712 166 48 457 228 323 117 77 23 916
internal_value=0.039805 0.0542426 0.0336116 0.0102352 0.0491405 -0.0068995 0.015982 0.0686953 0.0502154 0.0763777 0.0535687 -0.00910909 -0.02107 -0.0237019
internal_weight=567.54 433.525 178.59 71.2833 107.307 134.015 51.2539 254.935 74.8603 180.075 20.5179 30.736 82.7609 80.4093
internal_count=4298 2611 1462 713 749 1687 582 1149 369 780 165 417 1105 1082
is_linear=0
shrinkage=0.03


Tree=9
num_leaves=15
num_cat=0
split_feature=18 29 7 28 7 29 25 21 6 7 28 12 12 17
split_gain=376.849 122.66 63.3803 63.0962 46.0911 43.8886 34.2381 33.0739 32.709 27.0141 25.2001 12.327 21.5393 8.46635
threshold=0.0083426979687795857 0.056556520758638942 23221191.387500003 -0.002381889437939906 26796198.537000004 0.04110264654322817 -0.00014680805425697666 196889.00000000003 3849276.0000000005 6809860.0050000008 0.0038532421834644756 -0.023062968660422001 -0.024733695693829341 0.0023456368529292371
decision_type=2 2 2 2 2 2 2 2 2 2 2 2 2 2
left_child=5 2 3 -2 -4 11 9 -3 -8 -7 -9 12 -1 -13
right_child=1 7 4 -5 -6 6 8 10 -10 -11 -12 13 -14 -15
leaf_value=-0.0093422975902968837 0.066070712211262358 -0.011595182006185268 0.12069967086331546 -0.0042163540667274207 0.040994971752381024 0.12807772770137066 -0.0097006551891883619 0.066615335104096757 0.1018139068800369 0.031946359410617992 0.0048734262781219189 -0.026814857527649082 0.11755005969817639 -0.0052338260749166766
leaf_weight=4.9665567278862 14.367324292659758 5.1499499827623358 6.9663041755557051 57.488495618104935 104.17990012466908 3.7052402645349494 25.577598884701732 255.26291767507792 2.6087090149521819 9.0734479278326017 6.0915461331605902 63.62473239004612 1.5891625359654415 22.023513726890087
leaf_count=54 104 41 39 609 710 24 296 1060 11 81 48 908 12 301
internal_value=0.0375748 0.0507066 0.031795 0.0098373 0.0459906 -0.00675114 0.0190872 0.0636927 0.00062028 0.0598201 0.0651763 -0.0182308 0.0214175 -0.0212655
internal_weight=582.675 449.506 183.002 71.8558 111.146 133.169 40.965 266.504 28.1863 12.7787 261.354 92.204 6.55572 85.6482
internal_count=4298 2611 1462 713 749 1687 412 1149 307 105 1108 1275 66 1209
is_linear=0
shrinkage=0.03


Tree=10
num_leaves=15
num_cat=0
split_feature=18 29 25 22 24 13 12 5 26 8 25 5 9 26
split_gain=335.769 106.088 50.3164 45.8283 45.3434 45.4124 34.3451 31.8045 44.7631 31.8329 21.771 19.8744 17.2761 12.3559
threshold=0.0083426979687795857 0.056556520758638942 0.00051039110794297911 211933776.8565 0.52693150106647046 0.025118938955114242 -0.0055050463905861567 -0.0046473624821298945 -0.00035742289718150344 -0.0048051771703960548 0.00034777579305308954 0.019477075874674458 8.3675961221176252 -0.0028821655157772758
decision_type=2 2 2 2 2 2 2 2 2 2 2 2 2 2
left_child=4 2 3 -2 5 10 -7 8 -3 -9 -1 13 -4 -6
right_child=1 7 12 -5 11 6 -8 9 -10 -11 -12 -13 -14 -15
leaf_value=-0.022152951742709506 0.017404702841844043 0.010490245417219719 -0.033825006887884583 0.048739430520849239 0.0027289640849047368 0.071513461298570696 -0.013233686471377577 0.085528735894971467 0.058647337797271382 0.058447112737813389 0.039333284796583656 0.062597649941589076 0.045751174192149573 -0.028813761739170322
leaf_weight=23.436183817684654 74.877356976270676 25.382500022649765 13.711845375597479 95.691530682146549 13.517968147993086 15.771898590028288 5.9190352857112876 53.728543005883694 55.042755872011185 143.11537073552608 6.6543942689895621 2.4988772049546233 2.9910074174404135 64.535196714103222
leaf_count=340 692 141 143 605 166 102 63 182 228 598 77 23 22 916
internal_value=0.0355528 0.0475622 0.0301178 0.0349839 -0.00660495 0.0152976 0.0483876 0.0593445 0.0434488 0.065839 -0.00855555 -0.0206846 -0.0195752 -0.0233509
internal_weight=596.874 464.541 187.272 170.569 132.334 51.7815 21.6909 277.269 80.4253 196.844 30.0906 80.552 16.7029 78.0532
internal_count=4298 2611 1462 1297 1687 582 165 1149 369 780 417 1105 165 1082
is_linear=0
shrinkage=0.03


Tree=11
num_leaves=15
num_cat=0
split_feature=29 13 23 1 13 25 17 1 28 20 20 29 5 9
split_gain=288.685 74.7079 55.1412 68.8559 34.6087 53.9549 44.2948 30.6069 29.7413 27.0091 24.1697 22.9896 27.7206 10.3166
threshold=0.049647616767333862 0.025005237399800571 10.577449488908224 0.0847174947935595 0.029409197074167562 7.8618534774328456e-05 0.00046761190888321759 0.019610507608397314 0.0038532421834644756 -0.0071212216761665044 -0.051138139838973036 0.029054165261523244 0.0041594802033024852 0.43946995472789402
decision_type=2 2 2 2 2 2 2 2 2 2 2 2 2 2
left_child=1 11 3 -3 5 9 -7 -6 -9 -2 -4 13 -13 -1
right_child=4 2 10 -5 7 6 -8 8 -10 -11 -12 12 -14 -15
leaf_value=0.048234576171653006 -0.014367932670199949 0.0078510425167912356 0.00040852291581813181 0.083664671288677564 -0.01459638290770494 0.083666013031305858 0.018217451565970624 0.057981091750451852 -0.0026213098949689827 0.038065352097574279 0.090609822268369847 0.010230116599337194 -0.032660726679905695 -0.032311154539849028
leaf_weight=1.4908081367611874 22.334807559847832 100.8373766541481 3.3028506115078953 12.07257294654846 5.5698979198932639 22.928802847862244 15.665031567215918 280.32324858009815 7.4828003495931616 14.635634541511534 14.031983658671377 55.857047084718943 17.910281982272863 35.784096788614988
leaf_count=20 165 959 22 58 40 96 108 1139 59 89 51 698 247 547
internal_value=0.0337073 0.00819213 0.0236056 0.0159572 0.0503943 0.0322897 0.0571008 0.0550575 0.0564055 0.00638904 0.0734235 -0.00988683 -0.000183533 -0.0290897
internal_weight=610.227 241.287 130.245 112.91 368.94 75.5643 38.5938 293.376 287.806 36.9704 17.3348 111.042 73.7673 37.2749
internal_count=4298 2602 1090 1017 1696 458 204 1238 1198 254 73 1512 945 567
is_linear=0
shrinkage=0.03


Tree=12
num_leaves=15
num_cat=0
split_feature=18 29 7 28 24 23 18 17 5 11 3 20 5 13
split_gain=275.326 81.6161 48.2336 54.4712 42.5064 38.768 38.6825 37.2349 26.0189 56.8716 26.5304 22.9325 19.5464 53.6956
threshold=0.0083426979687795857 0.056556520758638942 23221191.387500003 -0.002381889437939906 0.52693150106647046 2.576056686417187 0.0055732439425403395 0.0023456368529292371 -0.0046473624821298945 0.017651931256287588 0.29816470852353377 -0.030300275745029869 0.013648350801802019 0.030526429072794292
decision_type=2 2 2 2 2 2 2 2 2 2 2 2 2 2
left_child=4 2 3 -2 6 -4 11 -8 9 -3 -10 -1 -6 -14
right_child=1 8 5 -5 12 -7 7 -9 10 -11 -12 -13 13 -15
leaf_value=0.077297045124191804 0.058259480127940022 0.0083516044777825673 0.027094145459714451 -0.0049687120948516258 -0.024395818230302679 0.063336562527953957 0.012615335492196617 0.082550694470201511 0.07591619815362155 0.058360394475378621 0.051625135999236529 -0.026338444383053189 -0.032603884723663712 0.17107064067435579
leaf_weight=2.1300389356911209 15.498674266040323 34.22866690158844 81.061633236706257 58.733479000627995 73.814769547432661 39.510554097592831 20.436665359884504 10.307424187660216 54.555556140840054 50.903821967542171 156.69050660729408 19.643166985362768 3.4776460081338874 1.7517602220177648
leaf_count=14 104 184 565 609 1049 184 198 84 168 185 612 286 49 7
internal_value=0.0320177 0.0423413 0.0272575 0.00823248 -0.00652551 0.0389705 0.0143948 0.0360622 0.0522556 0.0382537 0.0578984 -0.0161999 -0.0204251 0.0356235
internal_weight=622.744 491.183 194.804 74.2322 131.561 120.572 52.5173 30.7441 296.379 85.1325 211.246 21.7732 79.0442 5.22941
internal_count=4298 2611 1462 713 1687 749 582 282 1149 369 780 300 1105 56
is_linear=0
shrinkage=0.03


Tree=13
num_leaves=15
num_cat=0
split_feature=18 29 25 24 25 13 12 21 5 25 5 13 25 26
split_gain=248.497 72.1696 43.5696 40.4327 39.8357 36.4826 28.1374 26.3396 22.9842 19.8935 18.4936 44.4289 16.1964 14.2314
threshold=0.0083426979687795857 0.056556520758638942 0.00051039110794297911 0.52693150106647046 0.00046462623231768142 0.025118938955114242 -0.0055050463905861567 196889.00000000003 -0.0046473624821298945 0.00034777579305308954 0.013648350801802019 0.030526429072794292 0.00091992996561157724 -0.0028821655157772758
decision_type=2 2 2 2 2 2 2 2 2 2 2 2 2 2
left_child=3 2 4 5 -2 9 -7 -3 -9 -1 13 -12 -4 -5
right_child=1 7 12 10 -6 6 -8 8 -10 -11 11 -13 -14 -15
leaf_value=-0.021796135520345636 0.028529061867927683 -0.014673253778221844 -0.03397067976689333 0.0043362675256193124 0.1453263605981818 0.061325509960876413 -0.013826804481233905 0.037285525896281937 0.055666401902970536 0.03625034798889102 -0.032521021349728563 0.14633138474867266 0.041445695953885045 -0.030380749072638501
leaf_weight=22.7822764441371 178.76195839047432 5.7044654414057723 13.838069319725038 12.944105040282009 2.667363576591014 17.303529135882858 6.051953822374343 85.801960073411465 213.76567145437002 6.9301443323492995 3.3833352625370017 1.9824807941913603 3.1454535052180281 59.360998727381229
leaf_count=340 1285 41 142 161 12 102 63 359 749 77 49 7 23 888
internal_value=0.030465 0.0400307 0.025945 -0.00638762 0.0302462 0.013796 0.0418518 0.0491857 0.0504018 -0.00825734 -0.0201779 0.0335587 -0.0200031 -0.0241657
internal_weight=634.424 503.685 198.413 130.739 181.429 53.0679 23.3555 305.272 299.568 29.7124 77.6709 5.36582 16.9835 72.3051
internal_count=4298 2611 1462 1687 1297 582 165 1149 1108 417 1105 56 165 1049
is_linear=0
shrinkage=0.03


Tree=14
num_leaves=14
num_cat=0
split_feature=29 22 17 12 6 25 25 26 17 29 3 12 29
split_gain=211.783 67.1797 50.3831 37.375 35.4264 30.5954 58.0207 41.5821 28.8289 27.0577 26.4619 19.5346 0.00646501
threshold=0.046161477429879576 181947099.46000004 0.0023456368529292371 -0.063083645978154759 10160.500000000002 -0.000505418529753091 -0.00040950722489395099 0.0062793929161158593 0.0025790710363492067 0.020007434860058581 1.0000000180025095e-35 -0.023062968660422001 0.056556520758638942
decision_type=2 2 2 2 2 2 2 2 2 2 2 2 2
left_child=1 3 9 -1 10 7 -7 -6 -4 -3 -2 -5 -12
right_child=4 2 8 11 5 6 -8 -9 -10 -11 12 -13 -14
leaf_value=0.14872459997116308 0.059651436190878107 0.05699774835707503 0.14097883986186788 0.020264023278443628 -0.020412299446970889 0.090302125291823035 0.041537087501124961 0.079148440201987427 0.040557939398008107 -0.0029170343475155079 -0.0336855095693947 -0.018677696968863185 -0.0352996855767123
leaf_weight=1.2873004674911488 3.7827601060271254 7.7535618171095839 2.7536141499876967 13.219184108078478 14.316519260406496 23.31740403175354 376.86975780874491 5.1277482584118834 39.204351413995028 54.231059178709984 5.7495860792696458 94.277532447129488 3.6512226089835167
leaf_count=2 23 48 22 119 94 72 1681 18 273 559 62 1295 30
internal_value=0.029025 0.00451486 0.0217619 -0.0119646 0.0410716 0.0425929 0.0443784 0.00584338 0.0471484 0.00457761 -0.0073514 -0.0138889 -0.0343124
internal_weight=645.542 212.727 103.943 108.784 432.815 419.631 400.187 19.4443 41.958 61.9846 13.1836 107.497 9.40081
internal_count=4298 2318 902 1416 1980 1865 1753 112 295 607 115 1414 92
is_linear=0
shrinkage=0.03


Tree=15
num_leaves=15
num_cat=0
split_feature=18 29 7 28 24 5 18 20 5 15 28 9 5 29
split_gain=210.377 59.1109 47.6248 47.9977 37.4636 34.4329 32.897 26.9066 26.0047 20.9962 24.2194 17.8068 17.5596 25.7338
threshold=0.0083426979687795857 0.057664302279728498 23221191.387500003 -0.002381889437939906 0.52693150106647046 -0.0016944970544432213 0.0055732439425403395 -0.036962408893969463 -0.010714353342049914 -0.0083264424032711264 -0.002381889437939906 0.78572205335386325 0.013648350801802019 0.04110264654322817
decision_type=2 2 2 2 2 2 2 2 2 2 2 2 2 2
left_child=4 2 3 -2 6 -4 7 -1 -8 11 -11 -3 -6 -14
right_child=1 9 5 -5 12 -7 8 -9 -10 10 -12 -13 13 -15
leaf_value=0.094721846641070778 0.050489079512699285 0.049678348572399979 0.01726687122015625 -0.0066778559816401024 -0.023962532913363806 0.04757299087814882 0.098554765411339396 -0.026305573808928936 0.020945969505502062 0.077550137120078994 0.045508238218729451 0.017182947699273095 -0.032574441634588953 0.097473471921646501
leaf_weight=1.804939948022368 16.802267275750637 24.290075615048409 58.508498094975948 61.968257151544094 70.879744749516249 79.70587108284235 4.5113355554640284 19.669673301279545 28.020140860229731 23.490685775876045 220.69909864664078 40.452550023794174 2.767160963267087 2.7111359722912312
leaf_count=6 105 82 371 623 1049 415 30 294 252 59 785 171 41 15
internal_value=0.0276779 0.0361345 0.0241336 0.00551622 -0.00643785 0.0347439 0.012685 -0.0161332 0.0317084 0.0445635 0.0485906 0.0293745 -0.019963 0.0317845
internal_weight=656.281 525.917 216.985 78.7705 130.364 138.214 54.0061 21.4746 32.5315 308.932 244.19 64.7426 76.358 5.4783
internal_count=4298 2611 1514 728 1687 786 582 300 282 1097 844 253 1105 56
is_linear=0
shrinkage=0.03


Tree=16
num_leaves=15
num_cat=0
split_feature=29 7 23 29 28 28 28 1 14 5 7 12 1 7
split_gain=175.537 64.9773 44.15 32.0607 31.5056 52.2559 26.0978 28.3177 28.5394 27.4034 26.0031 24.6859 15.9747 0.00196733
threshold=0.049647616767333862 23221191.387500003 2.0729721362109372 0.031074206968149436 -0.002381889437939906 -0.0026507875905381274 0.0038532421834644756 0.040376718902235084 0.044386602241116624 -0.0059699290176007591 26796198.537000004 -0.046740176196534755 0.029721947347421823 74216804.279500023
decision_type=2 2 2 2 2 2 2 2 2 2 2 2 2 2
left_child=1 4 3 -3 5 -1 7 9 -9 -2 -4 -6 -8 -14
right_child=6 2 10 -5 11 -7 12 8 -10 -11 -12 -13 13 -15
leaf_value=-0.012181734180882198 0.01176251595040359 -0.032569423264509442 0.10698473391028536 0.016153999362379951 0.059515986711657191 0.094481394979937558 0.049641400019611717 -0.0079423856865978373 0.050906263419334602 0.037679111118910695 0.035341169064872259 -0.019046266518737792 -0.034691699040377319 -0.035747624079400721
leaf_weight=11.186043214052917 45.995970569550991 15.125891264528034 5.0367637164890757 61.874437022954226 3.7386999875307074 6.5569043159484854 2.8117518275976163 7.7506664544343939 172.15785802900791 182.05677776038647 48.113296840339899 96.80126803740859 2.5223051309585571 4.2871535643935204
leaf_count=118 244 224 22 549 19 52 16 39 578 765 279 1339 22 32
internal_value=0.026441 0.00647323 0.0210996 0.0065828 -0.00962058 0.0272356 0.0383204 0.0394722 0.048371 0.032452 0.0421305 -0.0161248 -0.0105163 -0.0353565
internal_weight=666.016 248.433 130.15 77.0003 118.283 17.7429 417.582 407.961 179.909 228.053 53.1501 100.54 9.62121 6.80946
internal_count=4298 2602 1074 773 1528 170 1696 1626 617 1009 301 1358 70 54
is_linear=0
shrinkage=0.03


Tree=17
num_leaves=15
num_cat=0
split_feature=18 29 24 23 0 18 12 20 15 14 14 28 5 13
split_gain=178.675 48.6348 35.0027 34.2957 34.5193 29.2446 32.6837 26.0736 21.9267 17.8545 24.952 22.5012 16.8246 34.7496
threshold=0.0083426979687795857 0.057664302279728498 0.52693150106647046 3.6701891083716411 0.011323622166957431 0.0055732439425403395 -0.0057736327840912172 -0.041419996809536168 0.0043809266600702253 0.11926069827669457 0.065712338689001323 -0.002381889437939906 0.013648350801802019 0.030526429072794292
decision_type=2 2 2 2 2 2 2 2 2 2 2 2 2 2
left_child=2 3 5 4 -2 7 -7 -1 -5 10 -3 -11 -4 -14
right_child=1 9 12 8 -6 6 -8 -9 -10 11 -12 -13 13 -15
leaf_value=0.093362264242467463 0.014762884299396577 0.036811621754629591 -0.023734535566237728 0.022570883617954667 0.13819238436525316 0.046949607507221033 -0.020059465097065736 -0.026100799968096951 0.064871556533733901 0.064806681112026809 -0.017618806653420301 0.039550548953739897 -0.032522967606404565 0.11969314278094689
leaf_weight=1.7979869022965456 176.89464308321476 24.997842386364937 69.340382244437933 20.238149091601372 2.063012681901454 24.741329092532396 8.9102245643734914 19.234020348638296 24.235564582049847 36.364869184792042 10.878515928983687 250.05503190308809 3.260873779654502 2.3031826317310333
leaf_count=4 1293 87 1049 122 6 181 101 296 93 94 54 862 49 7
internal_value=0.0252818 0.0328014 -0.00638514 0.0220451 0.0161858 0.0118628 0.029207 -0.0158881 0.0456223 0.0402581 0.0203071 0.0427572 -0.019707 0.0304853
internal_weight=675.316 545.728 129.588 223.431 178.958 54.6836 33.6516 21.032 44.4737 322.296 35.8764 286.42 74.9044 5.56406
internal_count=4298 2611 1687 1514 1299 582 282 300 215 1097 141 956 1105 56
is_linear=0
shrinkage=0.03


Tree=18
num_leaves=13
num_cat=0
split_feature=29 23 6 25 25 26 5 22 3 10 25 29
split_gain=147.983 59.2704 28.5739 25.5701 46.0442 35.2287 24.7327 26.4279 22.3037 22.1362 30.7349 0.0101597
threshold=0.046161477429879576 2.0729721362109372 10160.500000000002 -0.000505418529753091 -0.0003944043076717358 0.0062793929161158593 0.030043283900149768 214904749.10400006 1.0000000180025095e-35 0.039386120991514804 -0.00019756117001413972 0.057351777996037516
decision_type=2 2 2 2 2 2 2 2 2 2 2 2
left_child=1 6 8 5 -5 -4 7 -1 -2 10 -3 -10
right_child=2 9 3 4 -6 -7 -8 -9 11 -11 -12 -13
leaf_value=-0.019867110475108869 0.0483427429013756 -0.034109525699848708 -0.021825428094604454 0.073333707483752314 0.03391336912680272 0.065884623407184442 0.10861854120445638 0.0072279559076536331 -0.033776764525054258 0.069834408619570798 0.026652646154400387 -0.035829066550885851
leaf_weight=84.404240217059851 4.2265061661601058 8.5704675167798978 14.960766434669496 28.543965719640255 405.57034277915955 5.6883747577667227 1.6151532158255566 52.581997994333506 6.1359276734292489 8.6964913830161077 59.549275062978268 3.3594862222671509
leaf_count=1197 23 98 94 83 1670 18 4 544 66 27 448 26
internal_value=0.024204 0.00362437 0.0336669 0.0349539 0.0365053 0.00233672 -0.00809063 -0.0094667 -0.00898549 0.024762 0.0190079 -0.0345029
internal_weight=683.903 215.418 468.485 454.763 434.114 20.6491 138.601 136.986 13.7219 76.8162 68.1197 9.49541
internal_count=4298 2318 1980 1865 1753 112 1745 1741 115 573 546 92
is_linear=0
shrinkage=0.03


Tree=19
num_leaves=15
num_cat=0
split_feature=18 7 28 26 24 29 18 12 5 18 3 20 29 5
split_gain=153.643 41.4123 62.2986 59.5596 32.7289 29.9805 26.5509 29.077 25.2178 29.4632 24.0362 22.4407 15.7385 24.3777
threshold=0.0083426979687795857 19427422.817500006 -0.0026086883198255697 -0.0059666938453235771 0.52693150106647046 0.04848946412847846 0.0055732439425403395 -0.0057736327840912172 -0.0030826505232734746 0.010794746005883106 0.96523712336860235 -0.041419996809536168 0.039760934358698534 0.013648350801802019
decision_type=2 2 2 2 2 2 2 2 2 2 2 2 2 2
left_child=4 2 3 -2 6 -4 11 -8 9 -3 -10 -1 -6 -14
right_child=1 8 5 -5 12 -7 7 -9 10 -11 -12 -13 13 -15
leaf_value=0.081125480416331913 -0.018873795294997948 -0.0063785366779405672 -0.017649758924225174 0.083886858224081137 -0.029605059404759337 0.016970224638060683 0.043237744840466837 -0.019886505300480913 0.041767729158324947 0.029959168681550581 0.006247895638073756 -0.025880969443635295 -0.011445620672982134 0.077718300328758053
leaf_weight=1.9470513090491319 6.9922020137310055 23.562718704342842 38.071631338447332 18.525250054895878 48.006883662194014 55.087104387581348 25.770694259554148 8.8135878518223745 266.92460273206234 135.94742174446583 18.323142811655998 18.744565714150667 22.385876599699262 3.1477042548358432
leaf_count=4 52 154 428 60 803 306 181 101 981 543 87 296 286 16
internal_value=0.023185 0.0299429 0.0141978 0.0557287 -0.00637349 0.00282191 0.0110685 0.0271509 0.0341442 0.0245914 0.0394861 -0.0158118 -0.0194836 -0.000453756
internal_weight=692.25 563.434 118.676 25.5175 128.816 93.1587 55.2759 34.5843 444.758 159.51 285.248 20.6916 73.5405 25.5336
internal_count=4298 2611 846 112 1687 734 582 282 1765 697 1068 300 1105 302
is_linear=0
shrinkage=0.03


Tree=20
num_leaves=15
num_cat=0
split_feature=18 29 25 29 25 13 25 6 10 10 3 5 25 5
split_gain=140.952 38.9731 40.2837 29.2077 29.0402 28.2322 22.716 19.1483 17.6541 30.7501 19.9027 16.1104 12.9049 9.37622
threshold=0.0083426979687795857 0.057664302279728498 0.00051039110794297911 0.039760934358698534 -0.00014680805425697666 0.012900267168294958 -0.00019756117001413972 3849276.0000000005 0.026705751040061003 0.020286536043123225 0.33515916517733779 0.025981849326998516 0.00091992996561157724 -0.010922873766378247
decision_type=2 2 2 2 2 2 2 2 2 2 2 2 2 2
left_child=3 2 5 11 6 -2 -5 -6 9 -3 -10 13 -4 -1
right_child=1 8 12 4 7 -7 -8 -9 10 -11 -12 -13 -14 -15
leaf_value=0.010303628603684167 0.13100968027774079 0.034421999259573122 -0.034608647537167997 0.027418115821229577 -0.012585659830138814 0.021793163404009375 0.11719045511428604 0.061112359794422172 0.064530251987360926 -0.0025865759807271651 0.034505272207057874 0.057952474031763457 0.027392580404202442 -0.023514821699969629
leaf_weight=8.2676999382674676 2.1518237218260756 235.70964094251394 15.43988721817732 13.152639061212541 28.625779632478952 211.4798221886158 3.1430306732654563 3.5684808716177931 34.592769056558609 22.100749596953392 46.684563703835011 2.4705645442008963 3.7563782855868331 68.596984520554543
leaf_count=109 9 784 148 99 335 1333 18 13 75 97 141 12 24 1101
internal_value=0.0222381 0.0286036 0.0191526 -0.00624232 0.0121006 0.0228933 0.044733 -0.00441681 0.0350929 0.0312494 0.0472843 -0.0174536 -0.0224761 -0.0198773
internal_weight=699.741 571.916 232.828 127.825 48.4899 213.632 16.2957 32.1943 339.088 257.81 81.2773 79.3352 19.1963 76.8647
internal_count=4298 2611 1514 1687 465 1342 117 348 1097 881 216 1222 172 1210
is_linear=0
shrinkage=0.03


Tree=21
num_leaves=15
num_cat=0
split_feature=18 7 28 26 24 29 17 24 29 3 18 25 29 28
split_gain=129.513 36.2304 55.606 51.3875 30.8061 27.306 24.634 43.5713 27.109 22.0779 28.2824 19.1177 15.1225 20.3504
threshold=0.0083426979687795857 19427422.817500006 -0.0026086883198255697 -0.0029791467965074665 0.52693150106647046 0.04848946412847846 0.0023456368529292371 0.46627261549885179 0.054853966217673765 0.0022173058013745793 0.018710582895805232 -0.000505418529753091 0.039760934358698534 -0.002381889437939906
decision_type=2 2 2 2 2 2 2 2 2 2 2 2 2 2
left_child=4 2 3 -2 6 -4 8 -8 -1 10 -3 -11 -6 -14
right_child=1 9 5 -5 12 -7 7 -9 -10 11 -12 -13 13 -15
leaf_value=-0.01444051615935524 0.0040252629320287345 -0.038463880814395245 -0.017654265478914147 0.08804440762525384 -0.02939590634889102 0.01521197686277064 -0.015877228776710033 0.086039998610543039 0.046435035386626203 0.0016910745432089276 0.048974345799209111 0.033637436708025832 0.064821796766415252 -0.011562258654841411
leaf_weight=31.606719389557838 11.696191363036634 8.8654474094510061 38.072387896478176 14.894689612090586 45.979409329593182 56.534331791102886 6.5525222010910502 8.9071916602551919 8.3159091398119909 17.551948375999928 5.3315288648009291 427.11993823200464 3.6642788313329246 21.904077455401421
leaf_count=416 74 56 428 38 803 306 74 60 32 87 16 1606 33 269
internal_value=0.0213411 0.0273475 0.0127588 0.051088 -0.00610786 0.00198568 0.0106906 0.0428429 -0.0017601 0.0312007 -0.00562735 0.0323765 -0.0191109 -0.000615428
internal_weight=706.997 580.066 121.198 26.5909 126.93 94.6067 55.3823 15.4597 39.9226 458.869 14.197 444.672 71.5478 25.5684
internal_count=4298 2611 846 112 1687 734 582 134 448 1765 72 1693 1105 302
is_linear=0
shrinkage=0.03


Tree=22
num_leaves=14
num_cat=0
split_feature=18 7 28 26 24 17 0 5 18 24 5 25 26
split_gain=119.24 32.8725 50.6055 46.8827 29.3592 24.3652 27.4749 22.6798 21.9586 19.786 14.8763 16.3648 14.5566
threshold=0.0083426979687795857 19427422.817500006 -0.0026086883198255697 -0.0059666938453235771 0.52693150106647046 0.0064669082179452829 -0.00046831323123524996 -0.02817455228034282 0.018710582895805232 0.99713765147273448 0.013648350801802019 1.6511671285612653e-05 -0.0028821655157772758
decision_type=2 2 2 2 2 2 2 2 2 2 2 2 2
left_child=4 2 3 -2 5 6 -1 -3 -9 -4 12 -12 -6
right_child=1 7 9 -5 10 -7 -8 8 -10 -11 11 -13 -14
leaf_value=-0.026015025934161159 -0.018828052936497051 -0.03913173360211003 0.0082105956563684 0.071378715221891237 0.0064595697885384881 0.13336732012305189 0.02085477332623643 0.026502411711328278 0.041313502568665991 -0.028022962010338815 0.070163479607175533 -0.032617239213591227 -0.029857345381070318
leaf_weight=15.933485001325606 6.9658243507146862 4.2559808716177931 78.173811800777912 20.286630280315876 12.25806327536702 1.4110775664448727 38.345101349055767 338.85702036321163 122.7145943120122 16.411138787865639 3.3531109094619742 2.386520016938448 52.371254105120897
leaf_count=206 52 26 583 60 161 4 372 1395 344 151 19 37 888
internal_value=0.0204966 0.0261758 0.012302 0.0483215 -0.00597897 0.0102956 0.00709614 0.0298045 0.0304401 0.00192382 -0.0188586 0.0274276 -0.0229692
internal_weight=713.724 587.665 121.837 27.2525 126.059 55.6897 54.2786 465.828 461.572 94.585 70.3689 5.73963 64.6293
internal_count=4298 2611 846 112 1687 582 578 1765 1739 734 1105 56 1049
is_linear=0
shrinkage=0.03


Tree=23
num_leaves=15
num_cat=0
split_feature=18 29 26 28 24 29 17 22 3 29 5 24 6 9
split_gain=109.928 33.2914 38.0611 46.027 28.0068 23.1089 24.8816 16.6003 30.3906 14.9629 20.2901 12.9897 10.0558 8.83004
threshold=0.0083426979687795857 0.067511903309854585 0.0066789553716971551 0.0019904337467272506 0.52693150106647046 0.028047799383313053 0.0023456368529292371 771254004.07150018 0.83209471516816225 0.039760934358698534 0.013648350801802019 1.0000000180025095e-35 3430067.5000000005 0.34909495943323537
decision_type=2 2 2 2 2 2 2 2 2 2 2 2 2 2
left_child=4 2 3 -2 5 11 -7 8 -3 13 -11 -1 -9 -6
right_child=1 7 -4 -5 9 6 -8 12 -10 10 -12 -13 -14 -15
leaf_value=0.084397231988835031 0.015052449407606631 0.033814095447121981 -0.036229679335164668 0.041025292260607936 0.037054402691705235 0.0053038490887272549 0.054775698999478976 0.051275739561438584 -0.003841914963039848 -0.010822035695793934 0.067960377395848606 -0.032647022225289125 0.011875339363907628 -0.031913566698382786
leaf_weight=0.91643494367599387 267.1966394521296 153.12284360080957 10.775550354272125 79.730224013328552 1.7395722456276406 29.469026036560535 13.269653551280497 55.469061672687531 22.069283157587051 21.80958873778582 3.4009672552347174 12.402005061507223 6.5145725011825553 42.226894278079271
leaf_count=1 1462 448 91 372 28 295 94 127 89 286 16 192 22 775
internal_value=0.0196977 0.0250758 0.0192968 0.0210215 -0.00584853 0.00991149 0.020664 0.0337914 0.0290705 -0.0186196 -0.000194091 -0.0245933 0.0471347 -0.0291848
internal_weight=720.112 594.878 357.702 346.927 125.234 56.0571 42.7387 237.176 175.192 69.177 25.2106 13.3184 61.9836 43.9665
internal_count=4298 2611 1925 1834 1687 582 389 686 537 1105 302 193 149 803
is_linear=0
shrinkage=0.03


Tree=24
num_leaves=15
num_cat=0
split_feature=18 29 7 4 20 12 26 26 1 15 15 15 25 20
split_gain=102.11 35.7226 26.5489 25.6745 34.1342 24.8283 21.7924 37.0506 19.5558 17.5287 26.6089 18.7522 16.5326 13.2857
threshold=0.010445458304224333 0.067511903309854585 6959640.0200000014 322.50000000000006 0.019164468714995792 -0.0090737478070238176 0.003519493025162058 0.0034235348152143763 0.028678135654210107 -0.0083264424032711264 -0.00081008093209777789 -0.0092602818698735174 -0.0003944043076717358 -0.014650744028012433
decision_type=2 2 2 2 2 2 2 2 2 2 2 2 2 2
left_child=1 6 3 4 -2 13 7 -1 -5 11 -11 -4 -8 -3
right_child=2 5 9 8 -6 -7 12 -9 -10 10 -12 -13 -14 -15
leaf_value=0.00024648591419946988 -0.035617749014849792 0.026653994860316763 0.020493328467571497 -0.0093784020911720986 0.04882549188780394 -0.019421336869580762 0.04430943740203297 0.098914814938206433 0.073338468331352075 0.043990628018697131 0.026181437073838017 -0.039654490089508367 -0.029971592838576158 0.074555816987300835
leaf_weight=159.7283422909677 18.499395828694109 10.657013483345512 103.2274722084403 4.3164576888084394 5.6161995381116858 5.9452990069985381 2.9443214386701575 3.5002305023372164 6.3662321791052818 108.15372773259878 250.13108336925507 4.8858423531055442 32.059613410383463 10.197278223931789
leaf_count=1813 161 40 401 32 31 34 22 14 26 356 912 29 407 20
internal_value=0.018939 0.00215095 0.0264766 0.00119877 -0.015952 0.0346592 -0.00224394 0.0023623 0.0399158 0.0283626 0.0315574 0.0177751 -0.0237235 0.0500769
internal_weight=726.229 225.032 501.196 34.7983 24.1156 26.7996 198.233 163.229 10.6827 466.398 358.285 108.113 35.0039 20.8543
internal_count=4298 2350 1948 250 192 94 2256 1827 58 1698 1268 430 429 60
is_linear=0
shrinkage=0.03


Tree=25
num_leaves=15
num_cat=0
split_feature=18 18 28 28 10 26 6 23 25 28 25 5 22 6
split_gain=95.9994 31.8405 33.1559 39.1164 24.1692 29.2373 24.2397 22.7954 33.9918 25.1389 17.8621 12.4369 7.90999 0.0512229
threshold=0.0077506030545865974 0.015318006188455262 -0.0031803378342627965 -0.002381889437939906 -0.019218619983167422 -0.0028821655157772758 52983.500000000007 2.7845280276332027 0.00024343261796038506 0.0038532421834644756 -0.00011775243431594598 0.019477075874674458 1068570904.9180001 313012.00000000006
decision_type=2 2 2 2 2 2 2 2 2 2 2 2 2 2
left_child=4 2 13 -4 10 6 -6 9 -9 -3 -1 -7 -12 -2
right_child=1 7 3 -5 5 11 -8 8 -10 -11 12 -13 -14 -15
leaf_value=0.075284527343896152 -0.035040377192492811 0.028512107777971425 0.047117254029068932 0.015101277959053376 -0.016679190571169095 -0.02305587860467307 0.05570557275467744 0.063941297024102825 -0.0074686154383558495 -0.03701122515939817 -0.033278321528007089 0.036879092670608106 0.054391142406948999 -0.03943467192478408
leaf_weight=5.1253934428095818 6.1272747963666898 210.85759392380714 38.456132352352142 321.30123342201114 7.5930823646485832 75.327569298446178 9.2187628559768182 33.77124097943306 7.2952393069863311 5.4049135893583289 3.0943410955369455 3.2504385709762564 1.3219347000122068 3.9114721864461899
leaf_count=16 55 669 148 1745 109 1219 82 84 37 36 40 26 8 24
internal_value=0.0182181 0.022662 0.017023 0.0185236 -0.00834058 -0.0128942 0.0230129 0.0307655 0.0512557 0.0268745 0.0371832 -0.0205766 -0.00703601 -0.0367526
internal_weight=732.057 627.125 369.796 359.757 104.932 95.3899 16.8118 257.329 41.0665 216.263 9.54167 78.578 4.41628 10.0387
internal_count=4298 2798 1972 1893 1500 1436 191 826 121 705 64 1245 48 79
is_linear=0
shrinkage=0.03


Tree=26
num_leaves=15
num_cat=0
split_feature=18 7 11 4 10 26 26 13 10 11 24 5 15 5
split_gain=88.8839 31.1118 26.893 29.1182 22.6488 27.7724 23.4615 20.4902 32.8275 22.8773 16.5068 11.7957 9.2506 8.72473
threshold=0.0077506030545865974 19427422.817500006 0.00035544192632683318 227.50000000000003 -0.019218619983167422 -0.0028821655157772758 -0.0029791467965074665 0.058572283069526117 -0.03596614464711239 0.0045124979815621656 0.50026350734644376 0.019477075874674458 -0.011515531679515191 0.0096856734196999871
decision_type=2 2 2 2 2 2 2 2 2 2 2 2 2 2
left_child=4 2 12 -4 10 6 -6 8 -3 -9 -1 -7 -2 -12
right_child=1 7 3 -5 5 11 -8 9 -10 -11 13 -13 -14 -15
leaf_value=0.071356179168391182 0.098353713232059464 -0.029064478703712104 -0.0090652105011947148 0.019769995098240394 0.0070081335933843266 -0.02281216061215716 0.10467844320324646 -0.0059228428473226315 0.023647967757248242 0.042435976474147284 -0.032968138133187067 0.034924331504726222 0.034634517460549706 0.062071228746375419
leaf_weight=5.2704540565609914 3.463891327381134 10.930250361561773 62.526193827390671 63.554996121674776 14.467055451124908 73.870524141937494 2.613309994339942 9.7906014770269376 390.92298869416118 87.400402776896954 3.2192637212574482 3.3281697407364836 5.0256307050585729 1.1909380592405794
leaf_count=14 7 61 513 390 167 1219 24 39 1548 210 43 26 30 7
internal_value=0.0175333 0.0217517 0.00895006 0.00547004 -0.00817719 -0.0126642 0.0219518 0.0252037 0.0222142 0.0375645 0.0355213 -0.020323 0.0606332 -0.00730355
internal_weight=737.575 633.615 134.571 126.081 103.96 94.2791 17.0804 499.044 401.853 97.191 9.68066 77.1987 8.48952 4.4102
internal_count=4298 2798 940 903 1500 1436 191 1858 1609 249 64 1245 37 50
is_linear=0
shrinkage=0.03


Tree=27
num_leaves=15
num_cat=0
split_feature=18 29 21 25 25 14 26 26 21 9 20 21 25 7
split_gain=82.5956 31.6122 25.1514 23.3865 29.1531 23.3004 20.4073 31.558 21.1273 17.3872 16.4823 14.0225 13.8557 0.045155
threshold=0.010445458304224333 0.067511903309854585 2576929.5000000005 -0.000505418529753091 -0.00040950722489395099 0.10712369276016404 0.003519493025162058 0.0034235348152143763 6551314.0000000009 0.89083089210460376 -0.0029682534273883792 1983196.5000000002 -0.00044161127236986788 38741887.918000005
decision_type=2 2 2 2 2 2 2 2 2 2 2 2 2 2
left_child=1 6 9 10 12 -6 7 -1 -8 -3 13 -12 -5 -2
right_child=3 2 -4 4 5 -7 8 -9 -10 -11 11 -13 -14 -15
leaf_value=-6.8098827796036834e-05 -0.035871563613482538 0.036761432257592763 0.068073364610388334 0.026738231532819772 0.0038048441715113086 0.025305559297166269 -0.033463129779781865 0.087696236418374943 0.032650314594024309 -0.024461711441024169 -0.017098384047665022 0.053247647209353613 0.070470454838950022 -0.040135793556405105
leaf_weight=160.26014063507318 3.956863500177862 9.2476175427436882 10.614832587540148 10.292317464947702 50.874185606837273 418.74233206361532 29.006052076816559 3.7741987556219092 5.1176898889243594 7.6107214279472819 5.2213521450757963 4.9852571934461594 17.79114543646574 5.1357763707637787
leaf_count=1813 32 33 19 36 232 1540 395 14 34 42 30 12 38 28
internal_value=0.016886 0.00174135 0.0318992 0.0234955 0.0247519 0.0229764 -0.00243982 0.00195123 -0.0235478 0.00912216 -0.00890661 0.017261 0.054443 -0.0382801
internal_weight=742.63 225.631 27.4732 516.999 497.7 469.617 198.158 164.034 34.1237 16.8583 19.2992 10.2066 28.0835 9.09264
internal_count=4298 2350 94 1948 1846 1772 2256 1827 429 75 102 42 74 60
is_linear=0
shrinkage=0.03


Tree=28
num_leaves=15
num_cat=0
split_feature=18 29 25 25 9 12 28 6 5 11 3 1 9 13
split_gain=77.971 30.3074 30.9592 25.047 22.0095 22.137 29.4838 23.9955 15.381 37.6054 15.3832 12.2212 11.4521 6.1014
threshold=0.0077506030545865974 0.056556520758638942 0.00051039110794297911 0.00046462623231768142 1.4532530813411066 -0.010649779501139255 -0.0014417710905435016 484459.00000000006 -0.0046473624821298945 0.013746461347555619 0.29816470852353377 0.11404616595390836 8.3675961221176252 0.01582758671983964
decision_type=2 2 2 2 2 2 2 2 2 2 2 2 2 2
left_child=4 2 3 -2 5 7 -7 -1 9 -3 -10 13 -4 -6
right_child=1 8 12 -5 11 6 -8 -9 10 -11 -12 -13 -14 -15
leaf_value=0.0034268161004965495 0.013964939960984992 -0.0087497951681940276 -0.03456726979676325 0.092990813549945761 -0.010191035539605847 0.046895957315087208 -0.027411585575851039 0.064675362479956866 0.041144178467795549 0.028420474236812081 0.025018644850926367 0.084350811981840537 0.021829639309959372 -0.032755527043344175
leaf_weight=15.571089658886196 232.36518302187324 36.932254768908024 16.31445720046759 3.6665669083595267 16.594649210572243 6.0272211506962803 23.713326044380665 9.1335597857832891 71.681432880461216 72.749500446021557 206.98610462248325 0.94056829065084357 4.0437292978167525 30.806328944861889
leaf_count=191 1426 162 159 12 311 74 406 40 170 215 630 2 24 476
internal_value=0.0162674 0.020136 0.0121309 0.0151925 -0.00799859 0.00508232 -0.0123524 0.026071 0.025421 0.0159044 0.0291666 -0.0227311 -0.0233652 -0.0248559
internal_weight=747.526 644.739 256.39 236.032 102.787 54.4452 29.7405 24.7046 388.349 109.682 278.668 48.3415 20.3582 47.401
internal_count=4298 2798 1621 1438 1500 711 480 231 1177 377 800 789 183 787
is_linear=0
shrinkage=0.03


Tree=29
num_leaves=15
num_cat=0
split_feature=29 7 23 28 28 29 13 23 26 14 9 28 7 12
split_gain=70.5249 36.7582 24.6745 22.4396 36.2935 22.1635 19.2833 23.1241 27.254 25.1765 18.7017 27.5189 17.83 16.875
threshold=0.049647616767333862 23221191.387500003 2.0729721362109372 -0.002381889437939906 -0.0026507875905381274 0.031074206968149436 0.058572283069526117 1.0923562898493153 0.001675606646683624 0.1156020786500183 1.3844678412417697 0.0022436202765050007 26796198.537000004 -0.046740176196534755
decision_type=2 2 2 2 2 2 2 2 2 2 2 2 2 2
left_child=1 3 5 4 -1 -3 7 8 -2 -9 11 -8 -4 -5
right_child=6 2 12 13 -6 -7 10 9 -10 -11 -12 -13 -14 -15
leaf_value=-0.014121387241401762 0.031994448405530646 -0.032617148830434421 0.075249160108544613 0.041958442089577642 0.06836922567430638 0.0092615805459901369 0.029251462300438975 -0.030930185743399563 0.011674636154484436 0.013679918077066037 0.046789681671924037 -0.043562159605850893 0.021999381438626554 -0.018363031058625832
leaf_weight=11.80512646213174 168.25382057577372 13.600082244724033 6.2948987148702136 4.3742159307003012 8.0896946564316732 69.46958177536726 34.723083406686783 12.507882311940191 91.828943554311991 126.94069774076343 51.373419120907784 5.3975708410143843 56.043223273009062 91.149405464529991
leaf_count=118 526 224 22 19 52 549 88 68 375 502 110 27 279 1339
internal_value=0.0156837 0.00307692 0.0131107 -0.00956401 0.0194212 0.00240524 0.0223802 0.0195352 0.02482 0.0096786 0.0348035 0.0194556 0.0273765 -0.0156008
internal_weight=751.852 260.826 145.408 115.418 19.8948 83.0697 491.025 399.531 260.083 139.449 91.4941 40.1207 62.3381 95.5236
internal_count=4298 2602 1074 1528 170 773 1696 1471 901 570 225 115 301 1358
is_linear=0
shrinkage=0.03


Tree=30
num_leaves=14
num_cat=0
split_feature=18 29 25 25 9 8 3 5 12 8 25 25 13
split_gain=68.4244 26.3463 28.8198 22.0565 20.9909 20.854 28.0615 14.1283 21.112 15.2518 10.8544 9.37216 6.25054
threshold=0.0077506030545865974 0.056556520758638942 0.00051039110794297911 0.00046462623231768142 1.4532530813411066 0.018350951300548524 0.63636363636363547 -0.0046473624821298945 -0.020437581186339555 -0.0048051771703960548 0.00091992996561157724 -0.0011302574365555185 0.01582758671983964
decision_type=2 2 2 2 2 2 2 2 2 2 2 2 2
left_child=4 2 3 -2 5 6 -1 8 -3 -9 -4 -6 -13
right_child=1 7 10 -5 11 -7 -8 9 -10 -11 -12 12 -14
leaf_value=0.015346028237541985 0.012987764671875436 -0.0023727659294290422 -0.034573528692098038 0.085161195332553549 0.062417115775623533 0.085300960763996181 -0.032586955440941534 0.03843752094232445 0.024626709597523687 0.022842187446312397 0.01972674338404716 -0.0094892289682466241 -0.032682558224150483
leaf_weight=35.764017075300217 235.62480566650629 41.699962936341763 15.899117548018696 3.8735194876790038 1.1426739953458298 2.7566568255424491 15.869879294186829 77.772479511797428 69.518995687365532 205.74362044036388 4.1853647679090491 16.092250164598227 29.866708222776651
leaf_count=443 1426 164 156 12 6 4 264 184 213 616 27 307 476
internal_value=0.0151287 0.0186837 0.0112603 0.0141551 -0.00779046 0.00490582 0.000613639 0.0235654 0.0145036 0.0271202 -0.023258 -0.0224515 -0.0245616
internal_weight=755.81 654.318 259.583 239.498 101.492 54.3906 51.6339 394.735 111.219 283.516 20.0845 47.1016 45.959
internal_count=4298 2798 1621 1438 1500 711 707 1177 377 800 183 789 783
is_linear=0
shrinkage=0.03


Tree=31
num_leaves=15
num_cat=0
split_feature=18 6 7 0 18 28 9 5 27 14 14 0 12 28
split_gain=64.1998 33.6373 27.1989 21.1834 22.9739 19.0009 29.109 20.7825 18.3413 27.7917 11.5039 9.07289 6.10663 0.0125179
threshold=0.010445458304224333 9507.0000000000018 51636093.086500011 -0.00097421999903119535 0.0052800812263273699 -0.002381889437939906 1.4616736985484524 0.016488136029025626 0.035254510431784951 0.63834913370382573 0.97164950097109293 -0.0050582854501024076 -1.0000000180025095e-35 -0.00050512571548151544
decision_type=2 2 2 2 2 2 2 2 2 2 2 2 2 2
left_child=2 12 5 11 -5 6 -1 -7 9 -3 -10 -4 13 -2
right_child=1 8 3 4 -6 7 -8 -9 10 -11 -12 -13 -14 -15
leaf_value=0.044641985627290784 -0.036355588327930295 0.024192688964118879 0.055707853072942751 -0.03206475667959615 0.024960536658693543 -0.015802853013618449 -0.033513924130466992 0.033625642282660108 0.038720047501918479 0.007994416039450631 -0.0041635547637121914 -0.026806863058802304 0.024684712164948688 -0.034265203752080982
leaf_weight=13.431833006441595 3.9176205694675437 307.16082590445876 1.3175212815403927 6.9815724603831759 71.223186850547791 105.27322422713041 6.3007922023534766 8.2561082392930967 68.779413588345051 138.22690440714359 6.1318949535489073 13.364719595760105 1.7842697501182545 7.5411961562931529
leaf_count=97 30 1085 9 129 437 1408 79 59 156 569 25 132 8 75
internal_value=0.014596 0.0202738 0.00120052 0.0136622 0.0198697 -0.00748556 0.0196862 -0.0122083 0.0214755 0.0191655 0.0352098 -0.0194023 -0.0269411 -0.0349799
internal_weight=759.691 533.542 226.149 92.887 78.2048 133.262 19.7326 113.529 520.299 445.388 74.9113 14.6822 13.2431 11.4588
internal_count=4298 1948 2350 707 566 1643 176 1467 1835 1654 181 141 113 105
is_linear=0
shrinkage=0.03


Tree=32
num_leaves=15
num_cat=0
split_feature=18 25 28 28 9 12 24 28 15 6 12 25 13 6
split_gain=60.2758 24.2139 28.6257 22.7042 19.8629 19.4196 32.4891 26.206 16.8526 23.1714 16.7343 8.68619 6.30207 0.0690285
threshold=0.0077506030545865974 -0.000505418529753091 0.0036053705345560493 0.002866508132802073 1.4532530813411066 -0.010649779501139255 0.52423666487682163 -0.0014417710905435016 0.00068248002138673804 399314.50000000006 -0.0292849904457619 -0.0011302574365555185 0.01582758671983964 96103.000000000015
decision_type=2 2 2 2 2 2 2 2 2 2 2 2 2 2
left_child=4 8 3 -3 5 6 -1 -7 13 -10 -4 -6 -13 -2
right_child=1 2 10 -5 11 7 -8 -9 9 -11 -12 12 -14 -15
leaf_value=0.054841531466905638 -0.035200465782568802 0.018210444483837369 0.038417522054876523 0.040487931676676643 0.058324871006074717 0.041344302474081669 -0.013504138884311576 -0.027176506648228023 -0.024717403682001621 0.046225212682851513 -0.025728980202820471 -0.0090288621569472403 -0.032604488886245925 -0.039933130497177144
leaf_weight=13.831403460353615 4.741964954882862 566.73467476293445 4.511132217943671 44.398992974311113 1.1761981211602677 6.4499811083078411 11.434932578355072 22.712279506027699 8.6226641945540923 7.9769712984561911 19.403999362140894 15.787129357457159 28.858706619590521 6.6824349761009216
leaf_count=77 44 2330 16 154 6 74 154 406 60 21 134 307 476 39
internal_value=0.0140867 0.0173646 0.0185689 0.0198289 -0.00759412 0.00465832 0.0239099 -0.0120214 -0.00992586 0.00937414 -0.013629 -0.0221479 -0.024268 -0.0379687
internal_weight=763.323 663.073 635.049 611.134 100.251 54.4286 25.2663 29.1623 28.024 16.5996 23.9151 45.822 44.6458 11.4244
internal_count=4298 2798 2634 2484 1500 711 231 480 164 81 150 789 783 83
is_linear=0
shrinkage=0.03


Tree=33
num_leaves=13
num_cat=0
split_feature=29 23 17 23 29 13 5 14 22 17 5 23
split_gain=56.2396 36.4074 22.5869 29.3301 22.002 19.9542 22.4412 16.2218 15.3848 23.1174 18.6045 14.6883
threshold=0.046161477429879576 2.0729721362109372 -0.0016538858932746868 13.276317437844929 0.046369815542019445 0.058572283069526117 -0.0058570235148213126 0.88651210401813596 214904749.10400006 0.0023456368529292371 0.019477075874674458 1.276943849420872
decision_type=2 2 2 2 2 2 2 2 2 2 2 2
left_child=1 8 3 -3 -2 6 -6 -4 10 -10 -1 -7
right_child=4 2 7 -5 5 11 -8 -9 9 -11 -12 -13
leaf_value=-0.020365116682761832 0.081651115196498841 -0.02059818012601717 0.037433634119229231 0.044769604715084052 0.0033408130813979472 0.013721249066142657 0.019254898087828983 -0.0020510832499530578 -0.012679669510157776 0.026433086672469706 0.045336992030476732 0.038768152537348485
leaf_weight=76.925942156463861 4.9638062343001357 23.70380200818181 40.716122407466173 8.3552857823669893 104.20081223919988 31.254225797951221 339.84941741079092 12.16152700781822 33.132351633161306 23.069886192679405 4.0848031267523757 64.680854119360447
leaf_count=1177 17 211 248 31 471 91 1258 83 369 175 24 143
internal_value=0.0135926 0.000870151 0.0163064 -0.00356193 0.018779 0.018201 0.0155205 0.0283524 -0.00868513 0.00337533 -0.0170522 0.0306082
internal_weight=767.099 222.15 84.9367 32.0591 544.949 539.985 444.05 52.8776 137.213 56.2022 81.0107 95.9351
internal_count=4298 2318 573 242 1980 1963 1729 331 1745 544 1201 234
is_linear=0
shrinkage=0.03


Tree=34
num_leaves=15
num_cat=0
split_feature=18 6 13 12 22 26 28 25 25 29 20 13 12 29
split_gain=54.0001 30.6282 24.5972 30.8362 41.553 22.6748 19.0716 18.8671 24.5565 18.34 14.6111 14.241 5.75499 0.0217761
threshold=0.010445458304224333 9507.0000000000018 0.025118938955114242 -0.0055745627939609256 1738783756.6940002 -0.0052103091899908362 -0.00048407171362675549 -0.000505418529753091 -0.00040950722489395099 0.043638816046524677 -0.0029682534273883792 0.018260102739166902 -1.0000000180025095e-35 0.057048793532669069
decision_type=2 2 2 2 2 2 2 2 2 2 2 2 2 2
left_child=2 12 6 5 -5 -4 9 10 -9 -1 -3 -8 13 -2
right_child=1 7 3 4 -6 -7 11 8 -10 -11 -12 -13 -14 -15
leaf_value=-0.0078894112211437221 -0.034149935318958838 -0.038722662998172237 -0.035587188789704523 -0.030243661462824947 0.069433857177021663 0.023069672442191377 -0.0062722027706718511 0.047094407136439947 0.018843387236502359 0.036333504124998577 0.013962382678739388 -0.033640806819306313 0.022461239288739464 -0.037122095891442525
leaf_weight=24.105159152299166 8.2957677245140058 8.6554600745439547 6.3836136162281027 26.222778346389536 4.3948465771973124 83.706692762672901 36.510527372360229 29.378297090530396 482.19414990022779 12.987487219274042 10.46610603481531 32.203658849000931 1.8250026628375042 3.0285420268774024
leaf_count=351 85 56 58 278 16 468 634 71 1668 84 40 461 8 20
internal_value=0.0131254 0.0182515 0.000818209 0.0100738 -0.015936 0.0189134 -0.00974089 0.0193722 0.0204658 0.00759464 -0.00988573 -0.0190988 -0.0269774 -0.0349448
internal_weight=770.358 543.843 226.515 120.708 30.6176 90.0903 105.807 530.694 511.572 37.0926 19.1216 68.7142 13.1493 11.3243
internal_count=4298 1948 2350 820 294 526 1530 1835 1739 435 96 1095 113 105
is_linear=0
shrinkage=0.03


Tree=35
num_leaves=15
num_cat=0
split_feature=18 29 26 28 9 13 3 12 24 28 1 5 13 29
split_gain=50.6803 22.5362 31.0704 39.4238 18.8311 17.6797 17.6873 17.3257 29.1585 24.5024 9.78978 9.30734 6.2507 0.115741
threshold=0.0077506030545865974 0.067511903309854585 0.0066789553716971551 0.0019904337467272506 1.4532530813411066 0.025243503465877486 0.83209471516816225 -0.010649779501139255 0.52423666487682163 -0.0014417710905435016 0.11404616595390836 0.0042560086913285894 0.01582758671983964 0.058479962665846673
decision_type=2 2 2 2 2 2 2 2 2 2 2 2 2 2
left_child=4 2 3 -2 7 11 -7 8 -1 -9 12 -3 -6 -4
right_child=1 5 13 -5 10 6 -8 9 -10 -11 -12 -13 -14 -15
leaf_value=0.050909867192763643 0.007484965702678514 -0.029047398458044969 -0.03477763584387248 0.029773725884383016 -0.0088691296021002255 0.0277058892045495 0.0051747463573805844 0.038762658757109741 -0.013544097529682655 -0.026946458599067222 0.070004525479179486 0.021107075893426731 -0.032548454392037546 -0.041185492221129889
leaf_weight=14.279614236205818 307.759441845119 8.8145084381103498 8.072386331856249 93.005218755453825 15.693513952195643 211.08389807492495 36.828185588121414 6.6642253473401096 11.328384540975092 21.862818609923124 1.0202674940228451 5.3519465774297705 27.81633073464036 3.6995580643415442
leaf_count=77 1595 42 80 405 311 524 115 74 154 406 2 16 476 21
internal_value=0.0126797 0.0156168 0.0112465 0.0126575 -0.00740287 0.0224962 0.0243588 0.00448394 0.0223969 -0.0115961 -0.0218536 -0.0100995 -0.0240076 -0.0367914
internal_weight=773.28 674.615 412.537 400.765 98.6652 262.079 247.912 54.135 25.608 28.527 44.5301 14.1665 43.5098 11.7719
internal_count=4298 2798 2101 2000 1500 697 639 711 231 480 789 58 787 101
is_linear=0
shrinkage=0.03


Tree=36
num_leaves=15
num_cat=0
split_feature=18 6 0 13 23 29 23 25 29 0 6 29 12 29
split_gain=47.5178 28.3382 23.8136 31.3744 25.8477 21.6136 17.8733 28.1472 23.7158 12.3718 19.0773 14.3982 5.51731 0.0204119
threshold=0.010445458304224333 9507.0000000000018 -0.00082656215106006201 0.030272544876238219 1.2832264427481446 0.028047799383313053 3.7761796577815554 0.00024343261796038506 0.04848946412847846 -0.0064305224965839824 3257.0000000000005 0.04110264654322817 -1.0000000180025095e-35 0.057048793532669069
decision_type=2 2 2 2 2 2 2 2 2 2 2 2 2 2
left_child=2 12 9 5 -5 -4 8 -8 -3 11 -11 -1 13 -2
right_child=1 6 3 4 -6 -7 7 -9 -10 10 -12 -13 -14 -15
leaf_value=-0.032353895392364163 -0.034047572975670945 -0.0001931021861739955 -0.032053920980950265 0.039062146361275196 0.00059268502407228 0.0027712878107192447 0.044131332306947886 -0.0091598297663616247 0.018892366234721316 0.05910801629039962 -0.025021739744007166 0.063478871652623073 0.021079801860842996 -0.036949282673726831
leaf_weight=2.352276310324668 8.121233791112898 68.330099016427994 19.782707314938307 37.181414838880301 27.232318185269833 84.758361361920834 46.385840304195881 11.043769687414168 411.36385018378496 2.5532298386096945 48.61576421931386 3.526045136153698 1.8539217114448536 2.9832987859845153
leaf_count=40 85 431 394 160 185 943 117 54 1233 29 583 16 8 20
internal_value=0.0122515 0.0170096 0.000670312 0.00632893 0.0227983 -0.00381882 0.0180673 0.0338834 0.0161737 -0.0160886 -0.0208238 0.0251303 -0.0268287 -0.0348271
internal_weight=776.084 550.082 226.002 168.955 64.4137 104.541 537.124 57.4296 479.694 57.0473 51.169 5.87832 12.9585 11.1045
internal_count=4298 1948 2350 1682 345 1337 1835 171 1664 668 612 56 113 105
is_linear=0
shrinkage=0.03


Tree=37
num_leaves=13
num_cat=0
split_feature=29 25 25 5 21 5 11 8 9 29 29 17
split_gain=44.2612 30.1961 33.8883 24.8326 15.2176 12.9348 29.0196 15.6172 9.39115 15.8844 0.050402 0.00233214
threshold=0.056556520758638942 0.00051039110794297911 0.00046462623231768142 0.016488136029025626 139662.00000000003 -0.0046473624821298945 0.017651931256287588 -0.00432401012096923 8.3675961221176252 0.044689966168097985 0.04993785496395766 -1.0000000180025095e-35
decision_type=2 2 2 2 2 2 2 2 2 2 2 2
left_child=1 2 3 -1 11 6 -6 -7 10 -10 -3 -2
right_child=4 8 -4 -5 5 7 -8 -9 9 -11 -12 -13
leaf_value=0.0033880690917597453 -0.037171491393503842 -0.033204776013666649 0.085869240384200782 0.038612574778156258 -0.0075051749352963246 0.033019299612535025 0.022895930559425858 0.0179421445385919 -0.034705183614112151 0.075795044410318535 -0.03653561659430847 -0.035801976318927412
leaf_weight=306.74116506800056 2.097641721367836 17.576990038156517 4.786018267273902 19.13623271137476 47.427166596055031 87.51083067804575 69.919404089450836 210.70523933693767 2.7582219056785098 2.0343663543462753 5.3280614092946044 2.3988807573914519
leaf_count=2645 14 237 20 89 197 199 191 612 31 5 39 19
internal_value=0.011845 0.00410005 0.00662042 0.00545653 0.0184524 0.0190464 0.0106089 0.0223665 -0.025989 0.0122001 -0.0339796 -0.0364409
internal_weight=778.42 358.361 330.663 325.877 420.059 415.563 117.347 298.216 27.6976 4.79259 22.9051 4.49652
internal_count=4298 3066 2754 2734 1232 1199 388 811 312 36 276 33
is_linear=0
shrinkage=0.03


Tree=38
num_leaves=15
num_cat=0
split_feature=18 25 28 1 21 1 26 28 29 27 15 7 5 17
split_gain=43.2661 20.1999 25.599 22.6894 18.9476 17.1177 16.8029 20.7993 23.7202 19.8009 12.4884 9.51832 9.37094 6.59425
threshold=0.0077506030545865974 -0.000505418529753091 0.0036053705345560493 0.020412835843749318 1983196.5000000002 0.072997805725852474 -0.0028821655157772758 -0.0026507875905381274 0.044923170444150486 -0.018568335282521723 0.0019744832366666277 319209424.67300004 0.019477075874674458 0.014176017295531558
decision_type=2 2 2 2 2 2 2 2 2 2 2 2 2 2
left_child=6 4 3 -3 13 -4 7 -1 -9 11 -6 -8 -11 -2
right_child=1 2 5 -5 10 -7 9 8 -10 12 -12 -13 -14 -15
leaf_value=-0.033116297099870406 -0.037964111070601381 -0.011518366128421565 -0.026369164146207012 0.017511460662538787 -0.017414390993665842 0.040355558362192463 0.0052752388288478391 0.005694818867131142 0.083498877566771518 -0.021535134329872623 0.046097323929860608 0.071857316685367711 0.028726865942703846 0.020333389759929134
leaf_weight=5.4783062674105194 14.770910240709787 25.240959964692593 20.236715234816078 605.77010376751423 4.8506612405180913 4.174021139740943 5.1529161073267442 9.3009142167866212 5.6804315522313109 65.154586041346192 6.5474721193313599 3.0917950496077538 3.5187595747411242 1.9803833588957775
leaf_count=76 115 171 139 2313 23 11 52 121 19 1200 16 7 25 10
internal_value=0.0114502 0.0141154 0.0151841 0.0163502 -0.0107692 -0.0149598 -0.00725858 0.0169043 0.0351955 -0.0136857 0.0190689 0.0302437 -0.0189598 -0.031072
internal_weight=780.949 683.571 655.422 631.011 28.1494 24.4107 97.3777 20.4597 14.9813 76.9181 11.3981 8.24471 68.6733 16.7513
internal_count=4298 2798 2634 2484 164 150 1500 216 140 1284 39 59 1225 125
is_linear=0
shrinkage=0.03


Tree=39
num_leaves=14
num_cat=0
split_feature=18 6 0 18 23 5 23 7 23 0 1 23 29
split_gain=40.7619 25.5631 22.3657 25.9762 23.2492 17.4116 20.0423 11.786 28.2236 16.7682 7.67518 5.469 0.0197278
threshold=0.010445458304224333 9507.0000000000018 -0.00082656215106006201 0.0052800812263273699 1.1098471094950899 -0.02817455228034282 3.7761796577815554 570090.26300000015 2.2885726310090067 -0.0064305224965839824 0.17857326603683971 0.57317112976360851 0.05048000497443051
decision_type=2 2 2 2 2 2 2 2 2 2 2 2 2
left_child=2 11 7 10 -5 -3 -7 8 -1 -9 -4 -2 -13
right_child=1 5 3 4 -6 6 -8 9 -10 -11 -12 12 -14
leaf_value=-0.032132146232923334 0.021281129282011785 -0.042599072101342311 -0.02660347438219304 0.021588430135726519 -0.0024755334305068665 0.014919858108474758 0.033778380899182156 0.031781060753249733 0.14887588519415029 -0.024930116451133424 0.058323080606938492 -0.033602046475359894 -0.036180727107084289
leaf_weight=1.9584821239113801 1.8342604264616955 4.4632872417569152 23.091700606048111 78.775579962879419 66.753392163664103 483.37112503871322 56.665310338139534 5.1998274661600581 1.2832782976329324 48.07978605106473 0.99917328357696433 6.1560747437179071 4.7152358219027519
leaf_count=37 8 24 481 564 636 1649 162 42 5 584 1 70 35
internal_value=0.0110697 0.0154294 0.000327612 0.00577377 0.0105504 0.016411 0.0168987 -0.0160162 0.0395214 -0.0193954 -0.0230811 -0.0266357 -0.0347205
internal_weight=783.347 557.205 226.141 169.62 145.529 544.5 540.036 56.5214 3.24176 53.2796 24.0909 12.7056 10.8713
internal_count=4298 1948 2350 1682 1200 1835 1811 668 42 626 482 113 105
is_linear=0
shrinkage=0.03


Tree=40
num_leaves=15
num_cat=0
split_feature=13 7 28 26 17 18 15 14 15 3 9 13 28 23
split_gain=39.2813 25.8103 32.5137 47.145 23.1709 23.7577 17.8729 20.011 30.5696 23.1325 17.4473 23.6308 16.3651 15.754
threshold=0.029270207500690561 54726437.464000002 -0.0026086883198255697 -0.0029791467965074665 0.00676692483915516 0.0055732439425403395 -0.0083264424032711264 0.6044465265864658 0.0041211792283477018 0.83209471516816225 0.83798288050669578 0.049875093395756215 0.00054619265861026044 1.2556080722724834
decision_type=2 2 2 2 2 2 2 2 2 2 2 2 2 2
left_child=1 2 3 -1 5 -3 10 9 -9 -8 13 -12 -4 -2
right_child=6 4 12 -5 -6 -7 7 8 -10 -11 11 -13 -14 -15
leaf_value=-0.034086076816306751 0.014507224586911206 -0.031706351336272476 -0.027427288026649455 0.057743136855895723 -0.024106821045016394 0.021518023156304068 0.030699216046078202 -0.02153253922730633 0.016121714672516402 -0.0047064470256081891 -0.01740679198054574 0.013508995686658637 -0.0041963185367260491 0.070225595934827176
leaf_weight=7.8191664963960674 37.510961450636387 8.2754590548574907 51.033546920865774 14.114655144512652 14.33261603116989 85.852577287703753 141.07130968943238 21.169507399201393 232.74679615348577 18.824215233325958 44.749603625386953 44.259247571229935 58.663118593394756 5.2002013325691214
leaf_count=90 122 173 686 57 74 452 442 115 860 87 237 145 747 11
internal_value=0.0107037 0.000591851 -0.00833683 0.025007 0.0114279 0.0168387 0.0151539 0.0182175 0.0129824 0.026531 0.00552929 -0.00203406 -0.0150039 0.0212911
internal_weight=785.623 240.091 131.63 21.9338 108.461 94.128 545.532 413.812 253.916 159.896 131.72 89.0089 109.697 42.7112
internal_count=4298 2279 1580 147 699 625 2019 1504 975 529 515 382 1433 133
is_linear=0
shrinkage=0.03


Tree=41
num_leaves=13
num_cat=0
split_feature=29 25 25 13 21 5 26 26 25 9 29 21
split_gain=36.8459 28.1929 29.4468 21.7839 13.6252 11.9391 22.1435 14.5135 8.97236 14.0343 0.0398891 0.0024749
threshold=0.056556520758638942 0.00051039110794297911 0.00046462623231768142 0.051055094198777219 139662.00000000003 -0.0046473624821298945 -0.00035742289718150344 0.0071148393823792467 0.00091992996561157724 7.5407113650674509 0.04993785496395766 74791.500000000015
decision_type=2 2 2 2 2 2 2 2 2 2 2 2
left_child=1 2 3 -1 11 6 -6 -7 10 -10 -3 -2
right_child=4 8 -4 -5 5 7 -8 -9 9 -11 -12 -13
leaf_value=0.001544030487505209 -0.03555542727689693 -0.033331191323035088 0.077429009690389017 0.024133190089916483 -0.010151339744993777 0.021156951417339691 0.017644769343030529 -0.018579352430425196 -0.034769405004555574 0.068404809559294844 -0.036471206345126107 -0.036980428942483559
leaf_weight=284.53889492154121 2.2465169355273238 17.908948451280601 5.0728251636028281 44.419911537319422 37.777236633002758 294.26761858537793 81.316669806838036 8.5118716135621053 2.6630474776029578 2.140134185552597 4.5703097209334365 2.1435186192393303
leaf_count=2587 18 245 20 147 143 777 245 34 28 5 34 15
internal_value=0.0103535 0.00330545 0.0057004 0.00459429 0.0163276 0.0168747 0.00882769 0.0200399 -0.026017 0.0112015 -0.0339696 -0.0362512
internal_weight=787.578 361.314 334.032 328.959 426.263 421.873 119.094 302.779 27.2824 4.80318 22.4793 4.39004
internal_count=4298 3066 2754 2734 1232 1199 388 811 312 33 279 33
is_linear=0
shrinkage=0.03


Tree=42
num_leaves=15
num_cat=0
split_feature=18 28 28 6 29 25 9 18 14 29 29 11 0 29
split_gain=35.2688 23.3797 46.5129 30.1266 29.949 29.6418 21.1481 19.0167 18.8995 17.5628 18.3975 13.0847 8.37629 0.160437
threshold=0.01181989521822456 -0.002381889437939906 -0.0026507875905381274 214796.00000000003 0.096938677093608802 0.00033704638541754561 1.9512348746972854 0.011490102068435469 0.025203085067539092 0.021736336090757796 0.031956872456244088 0.0027956407699305866 -0.00063723792889472527 0.061080263456014396
decision_type=2 2 2 2 2 2 2 2 2 2 2 2 2 2
left_child=1 2 7 5 -5 -3 -4 -1 11 12 -11 -2 -10 -13
right_child=8 3 6 4 -6 -7 -8 -9 9 10 -12 13 -14 -15
leaf_value=-0.017998604384250112 0.027834875306378071 -0.017142243236842145 0.067942333461866872 0.0053723895053138532 0.060817449083114261 0.017980682126095909 -0.0099782698572706292 0.05777694771191675 0.075587710706933001 -0.026559854023558479 0.015989379494269641 -0.037588393832527905 0.029625184154941961 -0.045915957920943523
leaf_weight=20.153705183416609 3.3526668697595587 115.71683931350708 17.717744141817096 119.559276657179 9.4618686288595182 26.595722401514649 3.8086702972650519 3.4980642497539511 6.0178555250167838 9.3412081152200681 436.98010939732194 3.7402086183428747 8.7675282508134824 4.6968620866537094
leaf_count=195 11 1404 66 763 12 279 30 9 11 60 1389 26 22 21
internal_value=0.0100178 0.00226683 0.0222486 -0.00106021 0.0094385 -0.0105784 0.0541558 -0.0067915 0.0152055 0.0161645 0.0150989 -0.0223015 0.0483326 -0.0422243
internal_weight=789.408 316.512 45.1782 271.334 129.021 142.313 21.5264 23.6518 472.896 461.107 446.321 11.7897 14.7854 8.43707
internal_count=4298 2758 300 2458 775 1683 96 204 1540 1482 1449 58 33 47
is_linear=0
shrinkage=0.03


Tree=43
num_leaves=13
num_cat=0
split_feature=13 7 15 4 18 18 5 25 25 25 0 29
split_gain=34.2671 22.8584 20.1975 20.0629 28.8845 19.9129 17.1371 16.977 27.9246 20.5438 11.3042 7.48089
threshold=0.029270207500690561 54726437.464000002 0.0063887063853520125 322.50000000000006 0.011362560029305064 0.0055732439425403395 -0.02817455228034282 0.00014573410487927154 0.00010794396705370389 0.00020685594365150631 -0.0073775322283609127 0.062045832519046933
decision_type=2 2 2 2 2 2 2 2 2 2 2 2
left_child=1 3 5 10 -5 -3 -2 8 -8 -9 -1 -4
right_child=6 2 11 4 -6 -7 7 9 -10 -11 -12 -13
leaf_value=0.039430040323014774 -0.041789176920363498 -0.031662085210236425 -0.037858375652068545 -0.010320519116761415 0.038195984608370287 0.01924522135312616 0.015137821157974305 -0.01544225495949169 0.040985671495886888 0.011416113446603062 -0.019406982022094392 0.0097277402759501624
leaf_weight=3.0518156737089148 4.9440291598439208 7.5040357261896125 9.7288448549807054 30.609576910734177 17.278044864535332 88.159110859036446 301.71728084608912 30.138618737459183 42.974571518599987 171.36594955995679 79.407960418611765 4.2818784043192855
leaf_count=26 28 161 76 431 64 448 1075 146 110 660 1059 14
internal_value=0.00969295 0.000232031 0.010325 -0.00826016 0.00718443 0.0152519 0.0138132 0.0143165 0.0183604 0.00739896 -0.0172294 -0.0233154
internal_weight=791.162 240.021 109.674 130.347 47.8876 95.6631 551.14 546.196 344.692 201.505 82.4598 14.0107
internal_count=4298 2279 699 1580 495 609 2019 1991 1185 806 1085 90
is_linear=0
shrinkage=0.03


Tree=44
num_leaves=14
num_cat=0
split_feature=29 22 1 25 25 28 13 23 11 8 25 6 1
split_gain=31.9635 20.7325 27.7401 20.6687 17.5028 15.1312 16.4335 17.3697 17.2807 13.2836 11.4248 0.0202874 0.00866211
threshold=0.049647616767333862 214904749.10400006 0.0847174947935595 0.00051039110794297911 0.00046462623231768142 0.0038532421834644756 0.058572283069526117 1.099681505680701 0.0045124979815621656 -0.0066879755823359291 0.00054953301612046255 190589.00000000003 0.04642427651113893
decision_type=2 2 2 2 2 2 2 2 2 2 2 2 2
left_child=1 2 9 4 -3 6 7 -2 -8 -1 11 -7 -5
right_child=5 3 -4 12 -6 10 8 -9 -10 -11 -12 -13 -14
leaf_value=-0.029295403583866644 0.016314342768920732 0.010511481484812154 0.046681738346618304 -0.03344454699689433 0.086811994933581119 -0.035871127021739113 -0.011689511867892277 0.0034809813397757676 0.030126913194378588 -0.005813651345211549 0.025187001435570754 -0.039035311680031964 -0.035322363267643916
leaf_weight=28.337596885859966 275.75833777710795 124.71444811858237 7.9048868492245665 5.6674117632210237 2.7657956816256037 2.617399759590624 9.9381194561719877 144.7399918101728 84.680712044239044 92.312599465250969 3.6580677404999724 6.0137275755405426 3.6249379552900791
leaf_count=387 874 829 26 74 6 21 34 544 174 1249 14 35 31
internal_value=0.00938118 0.000888078 -0.00776181 0.00901827 0.0121669 0.0136539 0.0144388 0.011897 0.0257348 -0.0113289 -0.0192446 -0.0380758 -0.0341771
internal_weight=792.734 265.328 128.555 136.773 127.48 527.406 515.117 420.498 94.6188 120.65 12.2892 8.63113 9.29235
internal_count=4298 2602 1662 940 835 1696 1626 1418 208 1636 70 56 105
is_linear=0
shrinkage=0.03


Tree=45
num_leaves=14
num_cat=0
split_feature=13 7 28 26 17 18 24 5 18 28 28 26 6
split_gain=30.8077 20.6318 29.3815 40.616 20.8145 20.335 16.7526 16.7002 18.5983 15.9304 9.65287 7.70592 0.226285
threshold=0.029270207500690561 54726437.464000002 -0.0026086883198255697 -0.0029791467965074665 0.00676692483915516 0.0055732439425403395 1.3622191759801467 -0.02817455228034282 0.018710582895805232 0.00054619265861026044 -0.00050512571548151544 -0.00072638316237764089 137135.50000000003
decision_type=2 2 2 2 2 2 2 2 2 2 2 2 2
left_child=1 2 3 -1 5 -3 7 -2 -9 -4 -8 -6 -12
right_child=6 4 9 -5 11 -7 10 8 -10 -11 12 -13 -14
leaf_value=-0.033854734839285493 -0.041550651436081193 -0.031619093745593504 -0.027131359941418118 0.052515696479040946 0.0064122119613024076 0.018726935509583337 0.006940654771053505 0.010867599070219433 0.023388867420750324 -0.003891867719895744 -0.037494977432668837 -0.040068886956857973 -0.04797003088922485
leaf_weight=7.3757263757288483 4.8606821596622458 7.8626883011311284 49.080485705286264 14.599488303065298 4.8737225681543359 88.378046788275242 6.6334395557641983 388.48978988826275 147.2208210080862 57.822673952206969 3.629706207662819 9.4039836376905406 3.7982560992240906
leaf_count=90 28 173 686 57 19 452 25 1553 367 747 29 55 17
internal_value=0.00908314 8.86545e-05 -0.00806698 0.0235265 0.00959915 0.0146138 0.0129654 0.0138063 0.0143086 -0.0145614 -0.0193621 -0.0242025 -0.0428514
internal_weight=794.03 239.397 128.878 21.9752 110.518 96.2407 554.633 540.571 535.711 106.903 14.0614 14.2777 7.42796
internal_count=4298 2279 1580 147 699 625 2019 1948 1920 1433 71 74 46
is_linear=0
shrinkage=0.03


Tree=46
num_leaves=15
num_cat=0
split_feature=18 29 26 28 22 22 6 29 14 25 25 29 29 26
split_gain=29.123 21.1621 28.5531 33.5685 15.2461 19.2551 8.45864 14.4786 6.5694 5.80044 14.9462 0.179374 0.00607733 0.000291796
threshold=0.0051906651288169707 0.067511903309854585 0.0066789553716971551 0.0019904337467272506 790253028.64450014 191582551.20150003 3257.0000000000005 0.020007434860058581 0.89723867431769466 0.00046462623231768142 0.00056708593709624321 0.058479962665846673 0.04982961792641686 -0.00063354322124212464
decision_type=2 2 2 2 2 2 2 2 2 2 2 2 2 2
left_child=6 2 3 -2 5 -3 7 -1 -6 12 -11 -4 -8 -9
right_child=1 4 11 -5 8 -7 9 13 -10 10 -12 -13 -14 -15
leaf_value=0.084057132109949778 0.0030332095168466681 0.024695837662509219 -0.034217531230541498 0.021947806129121339 0.031588266806369301 0.0055830191044689672 -0.031563055630636987 -0.032172331849870846 0.00053703866189580216 0.12857236301237795 -0.031578033558518064 -0.041829924548055356 -0.033674428357191581 -0.031463712056880588
leaf_weight=1.7674124985933333 365.64275026880205 73.932721078395844 9.9449421092867833 109.80644870921969 63.653998129069805 132.38396989554167 21.527684235945351 0.89081852510571513 6.7858399003744116 0.74928258359432165 1.7479657437652347 3.8699490651488295 1.3011001534759987 1.2666039206087587
leaf_count=11 2229 189 118 578 129 380 507 16 20 14 40 22 15 30
internal_value=0.00879461 0.00991645 0.00616622 0.00740159 0.0165463 0.012432 -0.0205841 0.0203962 0.0285969 -0.0269349 0.016474 -0.03635 -0.0316834 -0.0317563
internal_weight=795.271 766.021 489.264 475.449 276.757 206.317 29.2509 3.92483 70.4398 25.326 2.49725 13.8149 22.8288 2.15742
internal_count=4298 3665 2947 2807 718 569 633 57 149 576 54 140 522 46
is_linear=0
shrinkage=0.03


Tree=47
num_leaves=15
num_cat=0
split_feature=13 13 25 14 24 25 25 24 28 21 25 25 6 6
split_gain=27.7981 19.1321 18.856 17.8782 15.7531 16.2127 27.7089 20.6224 9.21772 8.23088 7.8577 9.10648 0.204002 0.153363
threshold=0.029270207500690561 0.027919038469204915 -0.00044161127236986788 0.83758561643835561 1.3622191759801467 0.00014573410487927154 0.00010794396705370389 0.91515007898569378 -0.00050512571548151544 6551314.0000000009 0.00028820673011691647 0.00040646633177548379 137135.50000000003 126948.50000000001
decision_type=2 2 2 2 2 2 2 2 2 2 2 2 2 2
left_child=1 2 9 -4 5 6 -2 -7 -6 -1 13 -12 -10 -3
right_child=4 10 3 -5 8 7 -8 -9 12 -11 11 -13 -14 -15
leaf_value=-0.035240809634478308 0.013790238748187493 -0.036018838673726773 0.0084686396037283382 -0.017870253736488165 0.006273556996189927 0.0095153214386236133 0.039949257194721623 -0.021812218094900766 -0.037339077472577337 0.03905286577060714 0.041675148567429918 -0.037082091527958785 -0.04735375324721678 -0.042284659417362036
leaf_weight=14.842482671141626 301.63430851697922 5.9805773273110416 176.03853436373174 26.713434347882867 6.6687696427106857 179.69236953184009 41.451511863619089 21.136114001274109 3.5711779333651048 1.4755213372409333 2.6919292509555808 2.5951723456382751 3.7560683041810989 8.5300461873412114
leaf_count=194 1057 57 1631 310 25 679 103 109 29 8 9 23 17 47
internal_value=0.00851284 -5.0899e-05 0.00250145 0.00499838 0.0121794 0.012988 0.0169508 0.00621827 -0.0192463 -0.028523 -0.0282937 0.00301718 -0.0424728 -0.0397022
internal_weight=796.778 238.868 219.07 202.752 557.91 543.914 343.086 200.828 13.996 16.318 19.7977 5.2871 7.32725 14.5106
internal_count=4298 2279 2143 1941 2019 1948 1160 788 71 202 136 32 46 104
is_linear=0
shrinkage=0.03


Tree=48
num_leaves=14
num_cat=0
split_feature=18 28 10 10 9 16 26 11 20 8 1 13 21
split_gain=27.329 16.5754 18.8043 27.7986 16.4166 15.7657 13.6959 23.6961 22.1892 13.2014 7.99635 6.92599 4.72402
threshold=0.0077506030545865974 0.0038532421834644756 0.026705751040061003 0.02288753870487294 1.4532530813411066 0.62500000000000011 -0.0040938596966724524 0.01662525164574984 -0.013689518836686372 0.011247009179317402 0.11404616595390836 0.01582758671983964 7433929.5000000009
decision_type=2 2 2 2 2 2 2 2 2 2 2 2 2
left_child=4 2 3 -2 6 -4 7 -1 -8 12 11 -6 -3
right_child=1 9 5 -5 10 -7 8 -9 -10 -11 -12 -13 -14
leaf_value=0.006275505549142215 0.010058492572031475 -0.037352825275442605 0.043320173245015491 -0.021686812724853139 -0.0064926070912550843 0.016323705164399509 0.018890642698564206 0.12210730625106375 -0.023093040057501263 0.040730142352113162 0.059841371925668782 -0.032530631367133432 0.0083865956684303598
leaf_weight=5.194683149456977 527.13891941308975 12.360667522996666 23.656974568963051 26.053012553602457 14.249628711491821 109.9742605574429 22.67674233019352 2.2903228774666786 22.642540358006954 2.8451683148741713 1.0690146535634983 25.914577528834343 2.4320908263325682
leaf_count=48 2176 93 51 130 311 329 254 15 394 9 2 476 10
internal_value=0.00823796 0.0102657 0.0110032 0.00856342 -0.00695261 0.0211029 0.00412386 0.0417187 -0.00208536 -0.0184503 -0.0211374 -0.0232927 -0.0298328
internal_weight=798.499 704.461 686.823 553.192 94.0375 133.631 52.8043 7.48501 45.3193 17.6379 41.2332 40.1642 14.7928
internal_count=4298 2798 2686 2306 1500 380 711 63 648 112 789 787 103
is_linear=0
shrinkage=0.03


Tree=49
num_leaves=13
num_cat=0
split_feature=18 7 28 26 29 3 18 7 9 25 28 29
split_gain=26.3834 19.8396 33.6495 27.5948 17.2468 15.9688 20.5232 18.2268 13.5261 5.593 16.5885 0.00588593
threshold=0.0051906651288169707 19427422.817500006 -0.002381889437939906 -0.0059666938453235771 0.04848946412847846 0.0022173058013745793 0.018710582895805232 24897890.123 0.36876117336910136 0.00046462623231768142 0.0022910893757430175 0.04982961792641686
decision_type=2 2 2 2 2 2 2 2 2 2 2 2
left_child=8 2 3 -2 -4 6 -3 -7 -1 11 -11 -10
right_child=1 5 4 -5 -6 7 -8 -9 9 10 -12 -13
leaf_value=0.044392232693577935 -0.023214577223284828 -0.041848576112449763 -0.018519231885169331 0.037419483841074852 0.0029424583817905777 0.034394507147002693 0.025959971926535836 0.011187681577348393 -0.031517723938532333 -0.031530827484313136 0.13958518653889537 -0.033608558423797258
leaf_weight=2.6328012384474304 8.6107824034988862 10.879693597555162 62.636335683986545 31.346872121095657 72.945161424577236 32.257819660007954 6.368682734668254 546.31962289661169 21.977210685610778 1.877299023792147 0.70000459440052498 1.2824772410094727
leaf_count=29 70 66 857 117 371 143 16 2025 534 44 11 15
internal_value=0.00797532 0.00902209 0.000158081 0.024353 -0.00697248 0.0116336 -0.0168114 0.0124815 -0.0203858 -0.0269867 0.0149449 -0.031633
internal_weight=799.835 771.365 175.539 39.9577 135.581 595.826 17.2484 578.577 28.4698 25.837 2.5773 23.2597
internal_count=4298 3665 1415 187 1228 2250 82 2168 633 604 55 549
is_linear=0
shrinkage=0.03


Tree=50
num_leaves=15
num_cat=0
split_feature=18 28 28 7 29 25 14 18 29 1 12 11 28 29
split_gain=25.4551 20.0072 39.212 29.4091 19.8964 19.3191 16.9462 16.544 15.9504 16.7932 14.102 12.1968 4.34053 0.179126
threshold=0.01181989521822456 -0.002381889437939906 -0.0026507875905381274 48390692.443500012 0.096938677093608802 0.00033704638541754561 0.025203085067539092 0.011490102068435469 0.021736336090757796 0.020412835843749318 -0.01190273189033182 0.0027956407699305866 0.0019904337467272506 0.061080263456014396
decision_type=2 2 2 2 2 2 2 2 2 2 2 2 2 2
left_child=1 2 7 5 -5 -3 11 -1 12 -10 -4 -2 -8 -13
right_child=6 3 10 4 -6 -7 8 -9 9 -11 -12 13 -14 -15
leaf_value=-0.018284716372369881 0.024155424197144469 -0.017154918646366153 0.022743623913028935 0.0048913107734912861 0.051528104701690614 0.012087796742390357 0.025232295193935671 0.051161921694375757 -0.022909412456460589 0.012905256940847092 0.070052392154457035 -0.037710650157318816 0.057491078201665193 -0.046495549118433989
leaf_weight=20.112953767180446 3.4696300849318495 111.3699834421277 10.840374890714886 126.73044393211603 8.8050692528486234 24.873823152855039 6.7458639666438094 3.6471317932009688 12.104650486260651 443.34924684092402 11.89117946103215 3.7367511093616468 8.4640533775091154 4.7371335476636887
leaf_count=195 11 1375 50 797 12 274 20 9 67 1382 46 26 13 21
internal_value=0.00772376 0.00113772 0.0193237 -0.00197324 0.00792107 -0.0118161 0.0120671 -0.00762478 0.0129626 0.0119534 0.0474915 -0.0232227 0.0431837 -0.0426216
internal_weight=800.878 318.271 46.4916 271.779 135.536 136.244 482.607 23.7601 470.664 455.454 22.7316 11.9435 15.2099 8.47388
internal_count=4298 2758 300 2458 809 1649 1540 204 1482 1449 96 58 33 47
is_linear=0
shrinkage=0.03


Tree=51
num_leaves=12
num_cat=0
split_feature=18 21 28 28 9 14 0 25 25 18 26
split_gain=24.3903 19.047 17.3277 18.917 13.0281 11.7303 8.0309 5.41255 15.674 0.0263394 0.00544567
threshold=0.0051906651288169707 82986.500000000015 0.0038532421834644756 0.002866508132802073 0.36876117336910136 0.64191184573002757 0.013374884586526711 0.00046462623231768142 0.00056576806837775378 0.010794746005883106 -0.0020096095453059231
decision_type=2 2 2 2 2 2 2 2 2 2 2
left_child=4 6 3 -3 -1 -4 9 10 -9 -2 -6
right_child=1 2 5 -5 7 -7 -8 8 -10 -11 -12
leaf_value=0.042834747558673412 -0.032606592797999691 0.0083273199833469314 0.012266801921781957 0.025103938836129318 -0.032468875825430961 -0.037168658938839159 0.044530120870330696 0.13186223642930242 -0.031517173802786708 -0.035450664888324102 -0.031340667364807458
leaf_weight=2.6735621914267567 7.9663404375314695 674.81388003192842 6.7499505318701294 66.446732213720679 4.9316983614116969 11.999433673918245 1.3048792928457249 0.73171241953968946 1.9027270469814537 4.6362676620483398 17.563008580356836
leaf_count=29 124 3091 37 272 86 96 4 10 45 41 463
internal_value=0.00748232 0.0084741 0.00911075 0.00983118 -0.0201248 -0.0193714 -0.0263173 -0.0268233 0.0138613 -0.0336529 -0.031588
internal_weight=801.72 773.917 760.01 741.261 27.8027 18.7494 13.9075 25.1291 2.63444 12.6026 22.4947
internal_count=4298 3665 3496 3363 633 133 169 604 55 165 549
is_linear=0
shrinkage=0.03


Tree=52
num_leaves=15
num_cat=0
split_feature=29 26 5 4 25 22 3 13 5 24 29 29 29 29
split_gain=23.6729 25.9472 24.6719 28.2987 17.5676 13.8983 24.1614 24.0672 22.5401 8.51152 8.47891 3.00637 0.208192 0.0193411
threshold=0.067511903309854585 0.0066789553716971551 0.016488136029025626 217.50000000000003 1.6928064650709673e-05 790253028.64450014 0.83209471516816225 0.039698041129807252 -0.0044698996394917428 0.5292701744786068 0.086065186956929871 0.077486233048236611 0.058479962665846673 0.043807468164590038
decision_type=2 2 2 2 2 2 2 2 2 2 2 2 2 2
left_child=1 2 3 -1 -4 6 8 -8 -2 11 -11 -7 13 -3
right_child=5 12 4 -5 -6 9 7 -9 -10 10 -12 -13 -14 -15
leaf_value=-0.0045967677976733214 -0.00054826100403150644 -0.032623137686657935 0.0445369882201486 0.010026069557128854 -0.0034594328374065639 0.054065079211258367 0.0092438253474898483 -0.048371306204268397 0.021794312131777318 0.0091284914333444669 0.034233932403720295 0.031080197157542757 -0.042066009637234059 -0.035175696702914115
leaf_weight=232.76579064317048 61.238239780068398 5.280534911900757 22.55490442737937 243.93272311985493 9.865377087146042 9.7899026721715945 14.646388858556749 11.768142417073248 120.80487809330225 30.383689224720001 20.127819135785103 10.740216076374052 3.8306016772985449 5.4073768779635429
leaf_count=1797 197 91 57 1490 69 13 46 51 277 79 37 20 22 52
internal_value=0.00724341 0.00348046 0.00460819 0.00288593 0.0299318 0.0142932 0.0103879 -0.0164247 0.0142784 0.0257527 0.0191325 0.0420407 -0.0360653 -0.0339146
internal_weight=803.137 523.637 509.119 476.699 32.4203 279.499 208.458 26.4145 182.043 71.0416 50.5115 20.5301 14.5185 10.6879
internal_count=4298 3578 3413 3287 126 720 571 97 474 149 116 33 165 143
is_linear=0
shrinkage=0.03


Tree=53
num_leaves=13
num_cat=0
split_feature=18 29 25 20 28 26 0 9 25 25 25 26
split_gain=22.8719 17.6793 20.4017 20.2806 19.7755 13.4207 12.8237 12.2211 10.7976 5.29534 13.2647 0.00516263
threshold=0.0051906651288169707 0.085232815619349214 0.00060394083698791785 -0.031792798992944328 -0.002381889437939906 -0.005986589993506884 0.00094068492022003939 0.36876117336910136 0.00046462623231768142 0.00046462623231768142 0.00056576806837775378 -0.0020096095453059231
decision_type=2 2 2 2 2 2 2 2 2 2 2 2
left_child=7 2 4 6 -2 -4 -3 -1 -5 11 -11 -9
right_child=1 3 5 8 -6 -7 -8 9 -10 10 -12 -13
leaf_value=0.040323159899953318 0.019284929845393151 0.011534995306545625 0.016758540838978112 0.021581307202583302 0.0050414712497967957 -0.029760297315293387 -0.03405644810337749 -0.032411611311670398 0.049243674499561053 0.11339962594428266 -0.031464318939532193 -0.031299454476696256
leaf_weight=2.7217779830098179 104.6478038392961 16.707535795867447 7.4515566639602211 58.485504768788815 542.59428049437702 22.242184542119503 8.3162824958562833 4.8173958249390187 16.222093060612679 0.82275022938847486 1.8436386175453661 17.057404950261116
leaf_count=29 403 44 26 135 2836 162 33 86 26 10 45 463
internal_value=0.00701813 0.00796618 0.00622887 0.0197583 0.00734439 -0.0180865 -0.00361662 -0.01999 0.0275879 -0.0266791 0.0132354 -0.0315444
internal_weight=803.93 776.667 676.936 99.7314 647.242 29.6937 25.0238 27.263 74.7076 24.5412 2.66639 21.8748
internal_count=4298 3665 3427 238 3239 188 77 633 161 604 55 549
is_linear=0
shrinkage=0.03


Tree=54
num_leaves=15
num_cat=0
split_feature=18 28 9 28 7 0 14 29 29 11 0 0 29 18
split_gain=22.3459 17.7487 36.1863 32.8159 26.7557 17.6472 15.6637 15.0788 15.4646 12.8463 12.0086 6.90194 0.168429 0.0558543
threshold=0.01181989521822456 -0.002381889437939906 1.9674561842729414 -0.0031803378342627965 48390692.443500012 0.00052695696955630067 0.025203085067539092 0.021736336090757796 0.031956872456244088 0.0024934444347340318 -0.0073775322283609127 -0.00063723792889472527 0.061080263456014396 0.0098079221580459168
decision_type=2 2 2 2 2 2 2 2 2 2 2 2 2 2
left_child=1 2 3 -1 10 -6 9 11 -9 -2 -3 -8 -11 -4
right_child=6 4 13 -5 5 -7 7 8 -10 12 -12 -13 -14 -15
leaf_value=-0.035119427969082559 0.02730655659792822 0.034566855658094725 -0.033339467101351689 0.042539624334183027 0.014974091568541271 -0.007635376257536154 0.064595973263367662 -0.027251928647851961 0.011521417043367928 -0.037576025541400708 -0.013498918093711525 0.023830499972619951 -0.046057198633231398 -0.038283582678247254
leaf_weight=5.7789018973708144 3.285497084259986 4.8520181048661462 6.43062626570463 32.09519051015377 88.646228978410363 47.835563084110618 6.4456966221332541 9.4527779631316644 449.19814629107714 3.6865808069705945 130.46662346459925 8.8978229239582998 4.9197202920913696 3.0232957229018211
leaf_count=61 10 40 88 130 503 306 11 60 1389 26 1609 22 22 21
internal_value=0.00679707 0.000629666 0.0175843 0.0306903 -0.0023226 0.00704969 0.0108478 0.011701 0.0107223 -0.0231588 -0.0117755 0.0409558 -0.0424242 -0.0349206
internal_weight=805.015 319.128 47.328 37.8741 271.8 136.482 485.886 473.994 458.651 11.8918 135.319 15.3435 8.6063 9.45392
internal_count=4298 2758 300 191 2458 809 1540 1482 1449 58 1649 33 48 109
is_linear=0
shrinkage=0.03


Tree=55
num_leaves=12
num_cat=0
split_feature=13 13 29 5 5 24 13 29 1 29 29
split_gain=21.6516 18.2844 19.9026 19.7966 14.5001 14.6937 14.1044 13.7374 11.4165 9.77616 0.294051
threshold=0.029270207500690561 0.027919038469204915 0.028047799383313053 -0.0061261070396113459 -0.02817455228034282 1.3622191759801467 0.058572283069526117 0.077486233048236611 0.01212445159897179 0.07804409138160702 0.056556520758638942
decision_type=2 2 2 2 2 2 2 2 2 2 2
left_child=1 2 8 -4 -2 6 -6 -7 -1 10 -3
right_child=4 9 3 -5 5 7 -8 -9 -10 -11 -12
leaf_value=0.06623625499272516 -0.041823528024701316 -0.035993677020603021 -0.013675468057640281 0.0097398396991288088 0.0085736157669342155 -0.041638567017115401 0.02052913291858317 0.02083075510697768 -0.027893946488239878 0.015286561717813507 -0.044662917545649848
leaf_weight=1.2177358064800525 4.8570800721645346 10.756942465901377 41.237128026783466 153.30981393903494 435.38977720960975 9.1846122890710813 111.56690302491188 4.8365618139505377 24.299932915717363 3.6990647315978995 5.2349771335721007
leaf_count=20 28 100 393 1215 1659 60 261 11 515 10 26
internal_value=0.00658657 -0.000969037 0.00150916 0.00477662 0.00978803 0.0102349 0.0110123 -0.02009 -0.0234019 -0.0286652 -0.0388316
internal_weight=805.591 239.756 220.065 194.547 565.835 560.978 546.957 14.0212 25.5177 19.691 15.9919
internal_count=4298 2279 2143 1608 2019 1991 1920 71 535 136 126
is_linear=0
shrinkage=0.03


Tree=56
num_leaves=12
num_cat=0
split_feature=18 21 25 25 21 9 0 25 17 18 29
split_gain=20.6123 17.4898 16.408 22.9136 18.7694 11.5358 7.32796 5.27957 12.3076 0.0263165 0.00499591
threshold=0.0051906651288169707 82986.500000000015 -0.000505418529753091 -0.00040950722489395099 5683583.5000000009 0.36876117336910136 0.013374884586526711 0.00046462623231768142 -0.00086161848429197466 0.010794746005883106 0.039604076862834826
decision_type=2 2 2 2 2 2 2 2 2 2 2
left_child=5 6 4 -4 -3 -1 9 10 -9 -2 -7
right_child=1 2 3 -5 -6 7 -8 8 -10 -11 -12
leaf_value=0.038164590419343843 -0.03254149277535856 -0.023453307986469111 0.031046849956261884 0.0075255836349634696 0.0368151745098017 -0.031281513064870758 0.04047004762189596 0.1062361828647075 -0.031605551236674793 -0.035411748609314148 -0.032490961330168731
leaf_weight=2.7776168100535896 7.7617427837103588 26.833448808640242 39.389259919524193 694.36280941590667 5.6256261691451064 17.26609428785742 1.3317953646183003 0.86597373150289092 1.7839521076530207 4.5662982165813446 3.739604862406849
leaf_count=29 124 196 125 3159 16 483 4 14 41 41 66
internal_value=0.00638196 0.00726504 0.0078649 0.00878825 -0.0130079 -0.0196719 -0.0263826 -0.026463 0.01344 -0.0336046 -0.0314968
internal_weight=806.304 779.871 766.211 733.752 32.4591 26.4332 13.6598 23.6556 2.64993 12.328 21.0057
internal_count=4298 3665 3496 3284 212 633 169 604 55 165 549
is_linear=0
shrinkage=0.03


Tree=57
num_leaves=15
num_cat=0
split_feature=29 25 25 4 25 26 28 10 10 25 15 3 9 5
split_gain=20.2423 22.0168 39.9474 31.6121 26.5137 22.332 82.8952 11.063 27.2575 19.6418 13.0239 12.1011 22.0617 9.22514
threshold=0.055796232233848483 0.0001338148338069674 0.00010794396705370389 62.500000000000007 -1.6886585215245015e-05 0.0026746292339597691 0.0022910893757430175 0.026705751040061003 0.020286536043123225 7.8618534774328456e-05 0.0022292791145224716 0.33515916517733779 1.1263971802854569 0.030043283900149768
decision_type=2 2 2 2 2 2 2 2 2 2 2 2 2 2
left_child=1 2 4 -4 -1 6 -3 8 9 -2 -10 -9 -13 -7
right_child=7 5 3 -5 -6 13 -8 11 10 -11 -12 12 -14 -15
leaf_value=0.0072371225503075204 0.0022621820198238255 -0.011477633019561881 -0.035625494718200118 0.053742469973241176 -0.021013602497295544 -0.035113032673927513 0.074228167092280778 0.031212146539088367 0.016314625072423556 0.017211449889429947 -0.030770588320441657 -0.02085441781286923 0.02099154663194458 0.049678974501544612
leaf_weight=156.17445689998567 145.22696521133184 94.132744371891022 4.1944965794682529 23.635891642421484 36.977983364835382 28.499660288915042 11.385096378624437 42.914007812738419 6.9036642163991955 173.72484495863318 22.578606113791466 15.217060744762419 44.493042856454849 1.2035651877522457
leaf_count=1226 466 836 52 95 392 368 46 83 17 462 97 56 99 3
internal_value=0.00618179 0.000836008 0.00667035 0.0402732 0.00182868 -0.00869867 -0.0022302 0.0104034 0.00785359 0.0104047 -0.019745 0.0190606 0.0103271 -0.0316773
internal_weight=807.262 356.204 220.983 27.8304 193.152 135.221 105.518 451.058 348.434 318.952 29.4823 102.624 59.7101 29.7032
internal_count=4298 3018 1765 147 1618 1253 882 1280 1042 928 114 238 155 371
is_linear=0
shrinkage=0.03


Tree=58
num_leaves=15
num_cat=0
split_feature=18 28 28 9 7 12 7 5 25 7 25 15 18 6
split_gain=19.5541 23.1459 29.0721 26.4422 22.1158 14.5182 13.5609 13.4748 9.25767 11.8023 5.27401 4.36356 0.182231 0.134078
threshold=0.015001333729108579 -0.0031803378342627965 -0.002381889437939906 1.7211513407664951 19427422.817500006 -0.0023761100182327602 7521182.2500000009 -0.0086809144044830405 -1.6287082752274791e-05 42371306.351500012 0.00051039110794297911 0.0082719934166576772 0.010794746005883106 313012.00000000006
decision_type=2 2 2 2 2 2 2 2 2 2 2 2 2 2
left_child=1 12 3 -3 -4 6 10 -8 11 -10 -2 -7 -1 -14
right_child=5 2 4 -5 -6 8 7 -9 9 -11 -12 -13 13 -15
leaf_value=-0.033691185541776039 -0.038217089831938472 0.03348824667772575 -0.010113824792678579 -0.018357496776257105 0.0049937968459705133 0.053855833468870941 -0.0046398637738358801 0.013710506050637516 0.036327240948847435 -0.0084999543708839543 0.015744511515323276 0.027410108371281987 -0.036545999526280501 -0.045258738714143203
leaf_weight=6.6486691888421756 7.2807457372546178 46.019835758954287 121.75405215658247 10.962507707998155 307.34740365482867 11.866496711969377 43.391539312899113 211.83372312784195 10.473395034670832 10.672351121902464 2.1003467291593552 10.659348130226133 3.2605683207511902 3.1018361821770668
leaf_count=85 51 161 1492 90 1553 17 153 570 22 33 10 21 25 15
internal_value=0.00599303 0.00232373 0.00338071 0.0235139 0.000707132 0.0119335 0.00928865 0.0105907 0.0279589 0.0137028 -0.0261355 0.0413416 -0.0371643 -0.0407937
internal_weight=807.373 499.095 486.084 56.9823 429.101 308.278 264.606 255.225 43.6716 21.1457 9.38109 22.5258 13.0111 6.3624
internal_count=4298 3421 3296 251 3045 877 784 723 93 55 61 38 125 40
is_linear=0
shrinkage=0.03


Tree=59
num_leaves=15
num_cat=0
split_feature=13 1 4 17 4 0 21 1 5 24 0 24 24 26
split_gain=19.1178 16.168 14.436 27.1556 28.0154 23.4102 17.9847 13.9752 13.9345 13.5417 13.2195 12.9534 17.3602 4.98635
threshold=0.023655504838080491 0.020412835843749318 222.50000000000003 -0.0059923998569293103 22.500000000000004 0.00052695696955630067 191368.50000000003 0.04642427651113893 -0.02817455228034282 1.3622191759801467 0.0027464174460637494 0.80635331757675266 0.92856228678651009 -0.0047857930258894815
decision_type=2 2 2 2 2 2 2 2 2 2 2 2 2 2
left_child=2 11 3 4 -1 6 -4 -7 -3 -10 -5 13 -13 -2
right_child=1 8 5 10 -6 7 -8 -9 9 -11 -12 12 -14 -15
leaf_value=0.07870228755925146 0.0052667127663446377 -0.041258610035091195 -0.033137806694565883 -0.02922312318686586 -0.037226170022318712 -0.0294718312065337 0.024230397139424729 0.028384634176490117 0.0098936992472539315 -0.020050998657150338 0.015092855332254806 0.042017904283299261 -0.025213684163073749 -0.038481789940221688
leaf_weight=5.0767462328076345 2.8170287124812647 4.9550637155771247 5.6010541487485161 45.416680466383696 2.9758390113711357 20.421574804931883 40.338905826210976 4.6047204360365859 626.64685374498367 13.893112834542988 6.9905977752059689 6.8426420241594297 6.9852597750723362 13.986379811540246
leaf_count=21 23 30 102 755 26 284 304 23 2353 74 84 28 57 134
internal_value=0.00581086 0.00784595 -0.00465869 -0.0154307 0.0358608 0.00451853 0.017236 -0.0188265 0.00885653 0.00924421 -0.0233118 -0.0134501 0.0080554 -0.0311475
internal_weight=807.552 676.126 131.426 60.4599 8.05259 70.9663 45.94 25.0263 645.495 640.54 52.4073 30.6313 13.8279 16.8034
internal_count=4298 2699 1599 886 47 713 406 307 2457 2427 839 242 85 157
is_linear=0
shrinkage=0.03


Tree=60
num_leaves=12
num_cat=0
split_feature=29 26 28 26 4 5 13 8 28 29 18
split_gain=18.2437 23.9231 30.0342 41.2635 28.1841 12.7194 12.0173 10.8671 9.92671 0.213245 0.0188845
threshold=0.067511903309854585 0.0066789553716971551 0.0019904337467272506 0.0022969341994043334 227.50000000000003 0.017919901516689225 0.025243503465877486 -0.012585812069999917 -0.00041000503492609106 0.058479962665846673 0.0079332698009067122
decision_type=2 2 2 2 2 2 2 2 2 2 2
left_child=1 2 4 -4 -1 6 8 -8 -2 10 -3
right_child=5 9 3 -5 -6 -7 7 -9 -10 -11 -12
leaf_value=-0.0087468533280361423 0.016398437473751967 -0.031924699020611159 0.049523010911041075 0.0071346538592177693 0.0073217506244406963 -0.031256486643909454 8.3640846585607802e-05 0.01698832921314862 -0.030829818966942615 -0.042164716799479578 -0.034709716422497712
leaf_weight=193.82069534063339 6.6771987751126316 3.1438757553696615 26.596038576215506 92.742378814145923 199.21521655656397 6.0427904725074759 40.596803292632103 218.05928401648998 10.009946908801792 3.8099091462790957 7.2316261753439903
leaf_count=1461 17 67 100 653 1199 23 117 511 52 22 76
internal_value=0.00563149 0.00233604 0.00340002 0.0165814 -0.000602278 0.0117983 0.0127432 0.0143351 -0.0119319 -0.0360947 -0.0338658
internal_weight=807.946 526.56 512.374 119.338 393.036 281.386 275.343 258.656 16.6871 14.1854 10.3755
internal_count=4298 3578 3413 753 2660 720 697 628 69 165 143
is_linear=0
shrinkage=0.03


Tree=61
num_leaves=14
num_cat=0
split_feature=18 21 28 28 8 6 29 25 25 16 18 29 26
split_gain=17.7897 15.7525 15.2496 17.3124 11.3254 7.44443 11.0691 5.28891 14.5926 4.52697 0.0242778 0.00527102 0.00022043
threshold=0.0051906651288169707 82986.500000000015 0.0038532421834644756 0.002866508132802073 0.011247009179317402 3257.0000000000005 0.020007434860058581 0.00046462623231768142 0.00054953301612046255 1.0000000180025095e-35 0.010794746005883106 0.039604076862834826 -0.00063354322124212464
decision_type=2 2 2 2 2 2 2 2 2 2 2 2 2
left_child=5 9 3 -3 -4 6 -1 11 -9 -2 -11 -7 -8
right_child=1 2 4 -5 -6 7 12 8 -10 10 -12 -13 -14
leaf_value=0.071482819094110389 0.017098134987950129 0.0060519066085622719 -0.030195409705565324 0.021979813109476627 0.033136643163710781 -0.031219671542354735 -0.031910832998253709 0.12525915643813654 -0.031367876725922429 -0.032403932487789409 -0.035290155797755324 -0.032499007698680506 -0.031253867570494913
leaf_weight=1.8697366081178217 1.8557788245379914 683.61398511938751 15.682420482859017 67.478615405037999 3.032691776752471 15.513755572959786 0.79410902969539154 0.75491006672382299 1.8407427631318567 7.1242727823555452 4.1513781808316708 3.5644088052213183 1.0913613326847551
leaf_count=11 12 3091 123 272 10 458 16 6 48 119 38 64 30
internal_value=0.00545854 0.00626059 0.00681637 0.00748288 -0.0199328 -0.0192359 0.0197603 -0.0259924 0.014185 -0.0263206 -0.0334666 -0.0314587 -0.0315306
internal_weight=808.368 782.939 769.808 751.093 18.7151 25.429 3.75521 21.6738 2.59565 13.1314 11.2757 19.0782 1.88547
internal_count=4298 3665 3496 3363 133 633 57 576 54 169 157 522 46
is_linear=0
shrinkage=0.03


Tree=62
num_leaves=14
num_cat=0
split_feature=18 28 28 9 7 21 14 9 22 29 29 18 21
split_gain=17.3024 21.8911 26.8136 24.1756 19.5964 17.3361 13.6746 12.0402 2.55369 0.295552 0.055479 0.0393574 0.00888305
threshold=0.015001333729108579 -0.0031803378342627965 -0.002381889437939906 1.7211513407664951 19427422.817500006 232320.50000000003 0.025203085067539092 0.53978210209998168 732051277.21950018 0.066283175637756167 0.058742940475934376 0.012444410322372925 147783.50000000003
decision_type=2 2 2 2 2 2 2 2 2 2 2 2 2
left_child=1 9 3 -3 -4 10 8 -8 -7 11 12 -1 -2
right_child=5 2 4 -5 -6 6 7 -9 -10 -11 -12 -13 -14
leaf_value=-0.033967056943113139 -0.034868433288047576 0.031478953281896857 -0.0099831449416301517 -0.018215186301199116 0.0042791094590795675 -0.042707744538617573 -0.012927836850531095 0.014309636835696303 -0.0064564403177980153 -0.047135033846563777 -0.042209473103899886 -0.038378865993988653 -0.037752975773973962
leaf_weight=8.2359401881694776 1.820677433162927 46.639917567372322 120.52236024662852 10.862727820873259 309.00505996495485 4.4763305634260169 15.409374654293059 280.27603759616613 2.8703219667077065 2.1536180004477492 2.3883154988288879 2.336030699312686 2.0345454439520836
leaf_count=99 16 161 1492 90 1553 24 52 747 11 10 13 16 14
internal_value=0.00528916 0.00183783 0.00285277 0.0220913 0.000277222 0.0108661 0.0118856 0.0128902 -0.0285444 -0.0370054 -0.0386165 -0.0349419 -0.0363907
internal_weight=809.031 499.756 487.03 57.5026 429.527 309.276 303.032 295.685 7.34665 12.7256 6.24354 10.572 3.85522
internal_count=4298 3421 3296 251 3045 877 834 799 35 125 43 115 30
is_linear=0
shrinkage=0.03


Tree=63
num_leaves=15
num_cat=0
split_feature=13 15 27 1 25 15 9 26 21 24 24 26 18 21
split_gain=16.7485 15.4494 27.8992 14.7609 14.278 14.2776 25.8183 16.0847 13.868 12.295 15.9491 4.85065 0.127186 0.0710752
threshold=0.023655504838080491 0.0063887063853520125 0.014916339981804009 0.020412835843749318 1.6928064650709673e-05 -0.0083264424032711264 0.95370088244408968 0.0090028308243935724 185459.50000000003 0.80635331757675266 0.92856228678651009 -0.0047857930258894815 0.0097050625546503799 908787.00000000012
decision_type=2 2 2 2 2 2 2 2 2 2 2 2 2 2
left_child=1 2 8 9 -4 6 -5 -7 -1 11 -11 -2 -3 -14
right_child=3 12 4 5 -6 7 -8 -9 -10 10 -12 -13 13 -15
leaf_value=-0.027725194775096065 0.0048495814317539264 -0.032845319793946247 0.12694713673845892 0.015377937387998317 0.01741381050997412 0.011173020673115458 -0.010098948106409237 -0.02837409864408762 0.00047355536278171359 0.039418143411603233 -0.024989082162802458 -0.038359193909376199 -0.035568150990792781 -0.041540895609873986
leaf_weight=18.807998836040497 2.8217287641018673 5.1403134036809188 2.2058357745409003 58.826682193204761 2.0820152163505554 488.60111974366009 91.456304807215929 9.4347769599407894 94.87385992705822 6.960870582610367 6.8806196078658104 13.648159645497799 3.1212371475994587 4.2141283750534058
leaf_count=361 23 93 14 182 20 1802 406 67 1059 28 57 134 30 22
internal_value=0.00512919 -0.00471582 -0.00135837 0.00702159 0.073762 0.00797828 -0.000126291 0.0104238 -0.00419176 -0.0134406 0.00740124 -0.0309564 -0.0364638 -0.0389995
internal_weight=809.076 130.445 117.97 678.63 4.28785 648.319 150.283 498.036 113.682 30.3114 13.8415 16.4699 12.4757 7.33537
internal_count=4298 1599 1454 2699 34 2457 588 1869 1420 242 85 157 145 52
is_linear=0
shrinkage=0.03


Tree=64
num_leaves=14
num_cat=0
split_feature=18 25 25 21 28 25 18 6 4 17 25 29 7
split_gain=16.2434 15.4293 20.1291 17.6268 17.2443 10.3224 8.0807 7.20034 10.2272 5.27824 16.1623 0.00461399 0.000472953
threshold=0.0051906651288169707 -0.000505418529753091 -0.00040950722489395099 5683583.5000000009 -0.0032118460749505869 -0.00044161127236986788 0.013730880963289551 3257.0000000000005 12.500000000000002 -0.0023143834585378944 0.00040646633177548379 0.039604076862834826 153988.30000000002
decision_type=2 2 2 2 2 2 2 2 2 2 2 2 2
left_child=7 3 5 6 -4 -3 -2 8 -1 10 -9 -11 -10
right_child=1 2 4 -5 -6 -7 -8 9 12 11 -12 -13 -14
leaf_value=0.068063942440535555 -0.037761015008529422 0.0070795333744314362 -0.019995112932358318 0.033726288605618174 0.0063006002328604002 0.038632431364206757 -0.0049208865749744007 -0.031666974418067637 -0.032146154056649258 -0.031176848356754067 0.13754872229429746 -0.032407848098200152 -0.031171500052260936
leaf_weight=1.9034401662647753 16.198844859376553 14.625596832484005 23.202230602502823 5.7248902879655352 687.69003624469042 25.778150934726 11.552772156894205 1.8582688290625875 0.82825349271297433 15.079181358218191 0.69911945983767498 3.3489302769303313 0.97621332854032516
leaf_count=13 162 61 125 16 3179 72 50 50 15 457 7 62 29
internal_value=0.00497124 0.00572508 0.00661303 -0.0142027 0.00544236 0.0272107 -0.0240899 -0.0189863 0.0195529 -0.0257957 0.0145919 -0.0314006 -0.0316189
internal_weight=809.466 784.773 751.296 33.4765 710.892 40.4037 27.7516 24.6934 3.70791 20.9855 2.55739 18.4281 1.80447
internal_count=4298 3665 3437 228 3304 133 212 633 57 576 57 519 44
is_linear=0
shrinkage=0.03


Tree=65
num_leaves=14
num_cat=0
split_feature=29 20 25 4 5 0 26 0 20 25 28 21 12
split_gain=16.0802 18.4347 17.5687 18.4947 21.7363 21.4524 12.2139 11.7159 13.3807 10.083 18.3472 7.96354 2.83504
threshold=0.085232815619349214 -0.031792798992944328 0.00060394083698791785 217.50000000000003 0.016488136029025626 0.00052695696955630067 -0.005986589993506884 0.00094068492022003939 -0.054879301608972857 0.00046462623231768142 0.0023266846562677566 403125.50000000006 -0.032085754954712643
decision_type=2 2 2 2 2 2 2 2 2 2 2 2 2
left_child=2 7 3 4 -1 -5 -4 8 -2 10 -3 -8 -9
right_child=1 9 6 5 -6 -7 11 12 -10 -11 -12 -13 -14
leaf_value=-0.0029793286570281266 0.037694033053124784 0.025301207396587755 0.013992841467806919 0.015500915685271628 0.026222704696145713 0.00036536648176982195 -0.00052909325098444981 -0.049746167915037158 -0.015993782740508028 0.044298923152274954 -0.019085934723909577 -0.040662033391036599 -0.014303464160646715
leaf_weight=308.97236121818423 7.620790138840678 48.887856144458055 7.5487889833748367 199.0631999745965 24.780281163752079 146.16156703419983 6.0548928733915117 4.9263363778591156 9.2482352778315562 16.376068264245987 10.115138739347456 16.786866979673505 3.4562014788389188
leaf_count=2015 13 102 26 954 97 781 51 21 31 26 35 134 12
internal_value=0.0048177 0.0160403 0.00322566 0.0042245 -0.000811152 0.00909281 -0.0190902 -0.00614449 0.00826035 0.0234721 0.0176917 -0.0300236 -0.0351328
internal_weight=809.999 100.631 709.368 678.977 333.753 345.225 30.3905 25.2516 16.869 75.3791 59.003 22.8418 8.38254
internal_count=4298 240 4058 3847 2112 1735 211 77 44 163 137 185 33
is_linear=0
shrinkage=0.03


Tree=66
num_leaves=13
num_cat=0
split_feature=18 28 28 9 26 21 23 25 4 29 6 18
split_gain=15.6241 20.3212 24.1501 22.1615 20.2551 16.1573 13.924 19.0839 15.6691 0.243006 0.0571213 0.0290936
threshold=0.015001333729108579 -0.0031803378342627965 -0.002381889437939906 1.7211513407664951 -0.0015854050869603899 232320.50000000003 2.7845280276332027 0.00024343261796038506 157.50000000000003 0.064762315950482194 13948.500000000002 0.012444410322372925
decision_type=2 2 2 2 2 2 2 2 2 2 2 2
left_child=1 9 3 -3 -4 10 8 -8 -7 11 -2 -1
right_child=5 2 4 -5 -6 6 7 -9 -10 -11 -12 -13
leaf_value=-0.033821251188312959 -0.035649620189244127 0.029359361613456737 -0.013841090989108637 -0.018242942266712466 0.0029839288337410513 -0.00098102328093483608 0.034482261547932887 -0.012355073988224996 0.014213634219005039 -0.045473250880178624 -0.041467750912104584 -0.037812485055394494
leaf_weight=7.9565316233783943 3.2899497263133517 47.308011010289192 78.8531090375036 10.814185673370956 351.2649260032922 102.40827916562557 40.347922541201115 9.7143506780266744 151.35692189633846 2.2919090986251822 2.8208833411335945 2.0716943554580212
leaf_count=99 27 161 624 90 2421 322 87 39 386 11 16 15
internal_value=0.00466947 0.0013919 0.00235209 0.0205025 -0.000100585 0.00996286 0.0109343 0.0253937 0.00808175 -0.03666 -0.0383354 -0.0346458
internal_weight=810.499 500.56 488.24 58.1222 430.118 309.938 303.827 50.0623 253.765 12.3201 6.11083 10.0282
internal_count=4298 3421 3296 251 3045 877 834 126 708 125 43 114
is_linear=0
shrinkage=0.03


Tree=67
num_leaves=15
num_cat=0
split_feature=29 26 28 26 4 22 3 13 8 24 7 29 29 7
split_gain=15.3967 22.2544 27.326 36.8769 24.3213 12.2384 21.5393 22.1068 18.949 8.32557 10.8056 2.75027 0.21138 0.017639
threshold=0.067511903309854585 0.0066789553716971551 0.0019904337467272506 0.0022969341994043334 227.50000000000003 790253028.64450014 0.83209471516816225 0.039698041129807252 -0.012585812069999917 0.5292701744786068 290774677.07400006 0.077486233048236611 0.058479962665846673 29393469.737000007
decision_type=2 2 2 2 2 2 2 2 2 2 2 2 2 2
left_child=1 2 4 -4 -1 6 8 -8 -2 11 -11 -7 13 -3
right_child=5 12 3 -5 -6 9 7 -9 -10 10 -12 -13 -14 -15
leaf_value=-0.0089238045326912388 -0.010831663106449684 -0.032655211863017598 0.0456435531672068 0.0060340606923270177 0.0059832032900431417 0.048505259726036018 0.0057477019891642219 -0.0491680019224063 0.014622009895847868 0.034532297712056924 0.0048992549705301272 0.02652374117295352 -0.042124796844669646 -0.035178531170131457
leaf_weight=192.7703879326582 31.838764384388924 5.6133662424981576 27.347791137173772 93.408022630959749 201.43005039356649 9.8342389166355151 14.874416243284942 11.856150984764097 151.93168030306697 16.313997894525528 34.485989317297935 10.692626252770422 3.740146502852439 4.4857120979577303
leaf_count=1461 104 96 100 653 1199 13 46 51 370 28 88 20 22 47
internal_value=0.0045278 0.00150942 0.00251833 0.0150045 -0.00130656 0.0101912 0.00655213 -0.0186098 0.0102121 0.0209309 0.0144157 0.0370549 -0.0360323 -0.033776
internal_weight=810.623 528.795 514.956 120.756 394.2 281.828 210.501 26.7306 183.77 71.3269 50.8 20.5269 13.8392 10.0991
internal_count=4298 3578 3413 753 2660 720 571 97 474 149 116 33 165 143
is_linear=0
shrinkage=0.03


Tree=68
num_leaves=15
num_cat=0
split_feature=13 13 26 26 25 25 20 13 24 22 5 18 29 29
split_gain=15.1274 17.6413 16.8578 21.3708 12.8654 22.1437 22.8648 20.0993 19.5694 20.2671 15.0213 11.5338 8.78238 0.326052
threshold=0.029270207500690561 0.027919038469204915 -0.00063354322124212464 -0.0015854050869603899 0.00014573410487927154 0.00010794396705370389 -0.032551724690732073 0.051055094198777219 0.91515007898569378 653270245.54550016 -0.016844706780676708 0.010562610383373803 0.07804409138160702 0.056556520758638942
decision_type=2 2 2 2 2 2 2 2 2 2 2 2 2 2
left_child=1 2 3 -1 5 7 -7 -2 9 -6 -10 -4 13 -3
right_child=4 12 11 -5 8 6 -8 -9 10 -11 -12 -13 -14 -15
leaf_value=0.00070574356062105663 0.0021392492512697782 -0.036029042116674556 -0.01469581124205782 0.032229188947720436 0.010808297513399318 0.05137579702860106 0.0086458554697177153 0.018041588052446985 0.049152310855825054 -0.011253139876813973 -0.030360451422994744 0.0033590579326196997 0.011923532589245864 -0.045177026868634465
leaf_weight=63.213761169463396 205.46277846768498 10.520799914374949 70.255042757838964 27.896638846024871 132.92551700025797 22.693148158490658 22.391188867390156 109.7371643409133 2.3504540473222759 52.192176762968302 23.695346038788557 58.243819043040276 3.7633879184722892 5.2594990357756606
leaf_count=570 833 100 1121 181 488 37 73 260 5 191 132 271 10 26
internal_value=0.00439111 -0.00194395 0.00048672 0.0103578 0.00704236 0.0104885 0.0301539 0.00767566 0.00116261 0.00458828 -0.023185 -0.0065122 -0.029257 -0.039078
internal_weight=810.601 239.153 219.609 91.1104 571.448 360.284 45.0843 315.2 211.163 185.118 26.0458 128.499 19.5437 15.7803
internal_count=4298 2279 2143 751 2019 1203 110 1093 816 679 137 1392 136 126
is_linear=0
shrinkage=0.03


Tree=69
num_leaves=12
num_cat=0
split_feature=25 28 28 28 28 21 1 25 18 18 29
split_gain=14.7488 18.3586 18.0071 26.7809 22.3629 16.3382 13.0328 10.6078 7.80999 10.7756 0.367524
threshold=-0.000505418529753091 0.0036053705345560493 0.002866508132802073 0.002319594087240156 0.002946829837542372 5683583.5000000009 0.072997805725852474 0.00054953301612046255 0.013730880963289551 0.016189903232938264 0.055500181094657791
decision_type=2 2 2 2 2 2 2 2 2 2 2
left_child=5 2 3 -2 -4 8 7 -3 10 -10 -1
right_child=1 6 4 -5 -6 -7 -8 -9 9 -11 -12
leaf_value=-0.033002817529889962 0.0063813396234098851 -0.037927727624847613 0.060695824172609658 -0.015905427066604423 0.01288904458909584 0.030423740776259013 0.028021599263247592 0.014491733764647439 0.016698159172087845 -0.043564349915784159 -0.041806605172881345
leaf_weight=9.1433440968394333 641.77475140988827 18.629332620650537 11.066335543990133 52.495231157168746 43.1191211566329 5.9322062321007243 4.4376129955053321 4.2709691282361737 7.3510742262005788 4.1941251344978809 8.0031038075685483
leaf_count=162 3186 179 34 381 205 20 12 24 26 24 45
internal_value=0.00425919 0.00511417 0.00599617 0.00469619 0.0226527 -0.0148979 -0.0190331 -0.0281514 -0.0242685 -0.00519393 -0.037112
internal_weight=810.417 775.793 748.455 694.27 54.1855 34.6239 27.3379 22.9003 28.6916 11.5452 17.1464
internal_count=4298 4021 3806 3567 239 277 215 203 257 50 207
is_linear=0
shrinkage=0.03


Tree=70
num_leaves=12
num_cat=0
split_feature=18 21 28 28 9 14 0 25 25 18 26
split_gain=14.6104 13.613 13.1543 15.3699 10.3708 10.2779 6.34475 5.06338 14.8659 0.0207539 0.00517539
threshold=0.0051906651288169707 82986.500000000015 0.0038532421834644756 0.002866508132802073 0.36876117336910136 0.64191184573002757 0.013374884586526711 0.00046462623231768142 0.00051039110794297911 0.010794746005883106 -0.0020096095453059231
decision_type=2 2 2 2 2 2 2 2 2 2 2
left_child=4 6 3 -3 -1 -4 9 10 -9 -2 -6
right_child=1 2 5 -5 7 -7 -8 8 -10 -11 -12
leaf_value=0.03617164525322953 -0.032368003810179347 0.0045981900819390149 0.009294669843719093 0.019535116011391549 -0.032292983135141354 -0.037175893081031211 0.036079453318718431 0.127551063660817 -0.031306327277265483 -0.035024614381215222 -0.031109540414226079
leaf_weight=2.7312824539840248 7.0560208298265916 687.74021272361279 6.8419480994343784 68.143175698816776 4.32260720990599 11.454695802181957 1.3228257596492756 0.73543273657560293 1.8995803799480198 4.2351016812026501 14.421475294977423
leaf_count=29 124 3091 37 272 86 96 4 3 52 41 463
internal_value=0.00412774 0.00483266 0.00533636 0.00594476 -0.0188759 -0.0197984 -0.0260819 -0.0259084 0.0130308 -0.0333645 -0.0313825
internal_weight=810.904 786.794 774.18 755.883 24.1104 18.2966 12.6139 21.3791 2.63501 11.2911 18.7441
internal_count=4298 3665 3496 3363 633 133 169 604 55 165 549
is_linear=0
shrinkage=0.03


Tree=71
num_leaves=14
num_cat=0
split_feature=25 25 26 28 1 21 15 26 5 13 14 21 13
split_gain=14.0284 17.7649 17.9365 35.817 16.9737 15.7878 14.748 11.3413 11.0901 8.19254 7.2944 4.8607 0.27785
threshold=-0.000505418529753091 -0.00040950722489395099 -0.0033825309057520076 -0.002381889437939906 0.0847174947935595 1983196.5000000002 -0.0015579575355220614 0.000574957170762595 -0.010922873766378247 0.041952533913007947 0.97164950097109293 570906.00000000012 0.048501911982383773
decision_type=2 2 2 2 2 2 2 2 2 2 2 2 2
left_child=5 7 4 -4 -3 10 -7 8 -2 -8 12 -9 -1
right_child=1 2 3 -5 -6 6 9 11 -10 -11 -12 -13 -14
leaf_value=-0.03620378175976658 -0.040841701243192349 -0.011270818790891408 0.033283194829069489 0.0037907706060502241 0.036765268007414163 -0.040877787984577606 0.0068343013803523001 0.014739869882726315 0.033405651947581286 0.061208316187033193 0.029955222353347005 -0.046135817277161657 -0.047143862962433544
leaf_weight=15.721758577972656 1.9096410460770119 94.934973379597068 39.527768079191446 593.72854551114142 7.1166685968637458 3.9160031806677589 6.6534471344202721 2.099330957978963 34.901978991925716 3.9891296029090881 1.5595863964408625 2.6970111951231956 2.4095766469836226
leaf_count=191 14 517 120 3209 18 26 34 12 113 4 11 18 11
internal_value=0.00400152 0.00482986 0.00375074 0.00563168 -0.00792098 -0.0147887 0.00889936 0.0239004 0.029554 0.0272152 -0.0323025 -0.0194909 -0.0376577
internal_weight=811.165 776.916 735.308 633.256 102.052 34.2495 14.5586 41.608 36.8116 10.6426 19.6909 4.79634 18.1313
internal_count=4298 4021 3864 3329 535 277 64 157 127 38 213 30 202
is_linear=0
shrinkage=0.03


Tree=72
num_leaves=15
num_cat=0
split_feature=29 5 13 26 20 9 8 8 13 3 24 8 6 18
split_gain=14.6082 17.1391 17.9193 20.3912 17.1314 14.1782 10.9748 17.3884 9.88961 10.6531 7.73596 3.71696 2.84385 0.173607
threshold=0.085232815619349214 -0.020768339107969862 0.058572283069526117 0.0066789553716971551 -0.031792798992944328 1.2039972601750257 -0.007450287690601993 -0.0027426195592643557 0.034874631393595167 0.81261760215855428 0.57476641497013126 -0.0050698427494401512 386330.00000000006 0.014877391050216829
decision_type=2 2 2 2 2 2 2 2 2 2 2 2 2 2
left_child=1 11 3 -3 6 -4 12 -8 10 -10 -6 13 -2 -1
right_child=4 2 5 -5 8 -7 7 -9 9 -11 -12 -13 -14 -15
leaf_value=-0.036704206223444467 -0.016235883461226282 0.0020573028987073217 -0.0041276660177259304 -0.031429597972749898 0.013255996386814262 0.02272803446807712 0.036657865536427518 -0.024385458168703987 0.020539317974612885 -0.01531915486880963 0.048435634332090971 0.002372925860823551 -0.051331126740406477 -0.044696947087479968
leaf_weight=4.5453719198703748 3.8953554034233111 592.31429589167237 24.226303711533546 16.830806517973542 8.3633901625871676 65.601636931300163 8.6785408258438128 8.1379048377275449 40.625432685017586 9.1327939257025701 17.185673043131828 2.1698796581476918 4.4541914612054825 5.2948517873883247
leaf_count=44 15 3585 71 176 23 146 15 28 83 30 27 10 19 26
internal_value=0.00387922 0.00236607 0.00297663 0.00113205 0.0145868 0.0154851 -0.00684229 0.00711745 0.0217479 0.0139577 0.0369197 -0.0331678 -0.034958 -0.041005
internal_weight=811.456 710.983 698.973 609.145 100.473 89.8279 25.166 16.8164 75.3073 49.7582 25.5491 12.0101 8.34955 9.84022
internal_count=4298 4058 3978 3761 240 217 77 43 163 113 50 80 34 70
is_linear=0
shrinkage=0.03


Tree=73
num_leaves=13
num_cat=0
split_feature=21 0 21 18 29 14 10 22 28 29 18 1
split_gain=13.7969 13.7434 12.9971 13.9029 15.7878 13.0953 3.6675 3.25981 1.20576 0.0386915 0.00978539 0.00639069
threshold=100913.50000000001 0.0054610425655233436 111086.00000000001 0.01181989521822456 0.028047799383313053 0.025203085067539092 -0.020771357025760769 32467749.403500002 -0.0026994832997675297 0.053282096047153039 0.008414330571498119 0.033444207512363572
decision_type=2 2 2 2 2 2 2 2 2 2 2 2
left_child=1 9 6 4 -4 -5 -2 -3 -8 10 -1 -11
right_child=2 7 3 5 -6 -7 8 -9 -10 11 -12 -13
leaf_value=-0.031606179007996497 0.086191264250375502 -0.0010802371360740307 -0.02031254699608049 -0.02402227502956749 0.0014509383831654717 0.0079788439843404366 0.057435283028452605 0.050157100725562544 0.019859317661791259 -0.034730338519917754 -0.033313991478202534 -0.037138888489057005
leaf_weight=6.7167477142065817 1.8135751485824583 2.1072346456348887 33.842192670330405 11.794095888733862 264.17140498571098 475.71188498288393 1.1932861208915713 2.3794309254735708 2.1593859083950511 2.3269291110336772 5.4856129065155983 1.7275534383952615
leaf_count=168 2 21 584 57 1871 1446 4 9 28 22 73 13
internal_value=0.00376247 -0.0203892 0.00439608 0.00408416 -0.00102051 0.00720465 0.0518239 0.0260927 0.0332334 -0.0332176 -0.0323739 -0.0357566
internal_weight=811.429 20.7435 790.686 785.52 298.014 487.506 5.16625 4.48667 3.35267 16.2568 12.2024 4.05448
internal_count=4298 306 3992 3958 2455 1503 34 30 32 276 241 35
is_linear=0
shrinkage=0.03


Tree=74
num_leaves=14
num_cat=0
split_feature=29 5 8 26 20 5 0 20 25 25 8 27 22
split_gain=13.5464 16.3192 16.0767 18.5526 16.0615 13.765 11.0089 12.0164 9.31421 10.5119 3.60302 2.43909 0.182808
threshold=0.085232815619349214 -0.020768339107969862 -0.02365409438518894 0.0017324050256847707 -0.031792798992944328 -0.0061261070396113459 0.00094068492022003939 -0.054879301608972857 0.00046462623231768142 0.00014719146284028416 -0.0050698427494401512 -0.02165271925683834 551025324.42900002
decision_type=2 2 2 2 2 2 2 2 2 2 2 2 2
left_child=1 10 3 -3 6 -4 7 -2 9 -6 12 -8 -1
right_child=4 2 5 -5 8 -7 11 -9 -10 -11 -12 -13 -14
leaf_value=-0.036370046037690701 0.03500273876895544 0.038564620333824046 -0.0063124522366195127 -0.023192246034424966 0.022514820104901339 0.0041279820664110308 -0.048664017338080338 -0.016004969621886821 0.040875451188965975 -0.006990858460629158 0.0021375275227975229 -0.015724877655448732 -0.044637694356486839
leaf_weight=4.6571442335844022 7.6221598386764553 20.998697116971019 144.8506728913635 5.5311989560723296 44.565709441900253 527.69361974671483 4.8775817602872849 9.1422940865159052 16.40962390601635 14.371443420648573 2.1708430107682934 3.4573542922735196 4.9817400574684143
leaf_count=46 13 48 906 29 95 2995 21 31 26 42 10 12 24
internal_value=0.00364929 0.00219214 0.00278293 0.025689 0.0139619 0.00187935 -0.00682307 0.0071863 0.0208857 0.0153201 -0.0327792 -0.0350008 -0.0406431
internal_weight=811.33 710.884 699.074 26.5299 100.446 672.544 25.0994 16.7645 75.3468 58.9372 11.8097 8.33494 9.63888
internal_count=4298 4058 3978 77 240 3901 77 44 163 137 80 33 70
is_linear=0
shrinkage=0.03


Tree=75
num_leaves=12
num_cat=0
split_feature=18 1 25 25 21 18 17 9 25 25 26
split_gain=13.2252 12.9812 15.6441 16.7315 11.7498 10.6465 10.0363 9.9639 4.97225 13.018 0.0049268
threshold=0.0051906651288169707 0.02055416291253704 -0.000505418529753091 -0.00040950722489395099 1983196.5000000002 0.016107158589417542 -0.0096659721503119019 0.36876117336910136 0.00046462623231768142 0.00051039110794297911 -0.0020096095453059231
decision_type=2 2 2 2 2 2 2 2 2 2 2
left_child=7 5 4 -4 -3 6 -2 -1 10 -10 -9
right_child=1 2 3 -5 -6 -7 -8 8 9 -11 -12
leaf_value=0.03493013159226821 0.032272960574287371 -0.031974539642517043 0.024732327541447004 0.0048405586585755144 0.0057216793129542575 0.021500242700997155 -0.025877956896068921 -0.032245893376371113 0.11390181816827599 -0.031257574522425086 -0.031073981375607546
leaf_weight=2.7590452879667309 2.9517244733870056 17.551345698535446 40.314433090388775 679.49627421610057 12.919721262529491 6.6403832584619513 28.103358818218112 4.2035195082426151 0.79825828224420492 1.8323715869337318 13.921100888401266
leaf_count=29 13 165 129 3009 52 22 275 86 3 52 463
internal_value=0.00353867 0.00420026 0.00506335 0.00595464 -0.0159914 -0.0129784 -0.0203508 -0.0186316 -0.0257517 0.0127907 -0.0313458
internal_weight=811.492 787.977 750.282 719.811 30.4711 37.6955 31.0551 23.5143 20.7553 2.63063 18.1246
internal_count=4298 3665 3355 3138 217 310 288 633 604 55 549
is_linear=0
shrinkage=0.03


Tree=76
num_leaves=12
num_cat=0
split_feature=21 28 28 26 25 8 21 28 28 8 29
split_gain=12.9476 12.552 14.2632 23.3407 23.3211 9.52639 6.89706 5.81856 8.93597 5.28599 0.0353879
threshold=100913.50000000001 0.0038532421834644756 0.002866508132802073 0.0044727673458257343 -0.000505418529753091 0.011247009179317402 12012465.500000002 -0.0026086883198255697 -0.0026507875905381274 0.03261404963043802 0.057048793532669069
decision_type=2 2 2 2 2 2 2 2 2 2 2
left_child=7 2 4 -4 -2 6 -3 8 -1 10 -9
right_child=1 5 3 -5 -6 -7 -8 9 -10 -11 -12
leaf_value=-0.034994566588455338 -0.025591518184502175 -0.037018899295673389 0.057206951369057145 0.0099576784376038327 0.0043780358104020473 0.02741571441970287 0.025620779669280822 -0.032168934006089812 0.050434160449453501 0.043634092456977316 -0.035886548378695919
leaf_weight=2.0836014337837696 24.201550643891096 13.798709992319347 11.227059930562971 58.122506804764271 678.88020964339375 3.1430942043662062 1.7868643961846817 12.151308836415405 2.3391079232096699 0.85932129621505815 2.8437701873481283
leaf_count=24 222 131 31 279 3310 11 8 251 7 1 23
internal_value=0.00343167 0.00403834 0.00462674 0.0176069 0.00334642 -0.020229 -0.0298373 -0.0202394 0.0101875 -0.0287272 -0.032874
internal_weight=811.437 791.16 772.431 69.3496 703.082 18.7287 15.5856 20.2771 4.42271 15.8544 14.9951
internal_count=4298 3992 3842 310 3532 150 139 306 31 275 274
is_linear=0
shrinkage=0.03


Tree=77
num_leaves=14
num_cat=0
split_feature=13 15 27 29 24 29 5 13 11 29 29 29 17
split_gain=12.6875 14.7295 23.3371 17.3055 13.2813 11.9701 11.7353 12.5316 10.1032 0.318222 0.160142 0.0806284 0.0274453
threshold=0.023655504838080491 0.0063887063853520125 0.014916339981804009 0.029054165261523244 1.3622191759801467 0.077486233048236611 -0.02817455228034282 0.058572283069526117 0.019003859190690437 0.062393998188577569 0.04982961792641686 0.056556520758638942 0.010618952706366426
decision_type=2 2 2 2 2 2 2 2 2 2 2 2 2
left_child=1 2 3 -1 6 9 11 -8 -4 -6 12 -2 -3
right_child=4 10 8 -5 5 -7 7 -9 -10 -11 -12 -13 -14
leaf_value=-0.0317672466125999 -0.037219458367848131 -0.032951418055710155 0.10446826110987657 0.00038572960853363588 -0.036938317621478915 0.016116689594146534 0.0040796543751642697 0.015116910026587117 0.015191747678765771 -0.047863838172772198 -0.040939468222469959 -0.04500601094163114 -0.037406351037844843
leaf_weight=17.903435314074159 2.345233939588069 5.9191666431725007 2.527603428810834 95.042665215209126 6.6361730657517892 4.8677927553653708 550.41002484411001 111.30380915850401 2.0793915372341871 3.7580600678920746 4.7267606258392334 2.4442132860422134 1.5759680122137067
leaf_count=489 18 106 15 931 62 11 2318 261 19 17 27 12 12
internal_value=0.00332733 -0.00527024 -0.00201133 -0.00471094 0.00496389 -0.0227068 0.00559751 0.00593618 0.0641728 -0.0408885 -0.0366152 -0.0411932 -0.0338881
internal_weight=811.54 129.775 117.553 112.946 681.765 15.262 666.503 661.714 4.60699 10.3942 12.2219 4.78945 7.49513
internal_count=4298 1599 1454 1420 2699 90 2609 2579 34 79 145 30 118
is_linear=0
shrinkage=0.03


Tree=78
num_leaves=12
num_cat=0
split_feature=29 5 13 11 7 10 27 0 11 18 22
split_gain=12.4649 15.294 15.4381 15.8142 14.9504 13.435 12.6655 7.90119 10.3878 3.56914 0.193387
threshold=0.085232815619349214 -0.020768339107969862 0.051055094198777219 0.022004674630793284 368592080.21150005 -0.028334291865331075 -0.043753114509421959 0.0027007686025404434 0.023312449171704681 0.025325614952528917 551025324.42900002
decision_type=2 2 2 2 2 2 2 2 2 2 2
left_child=1 9 3 -3 -4 6 -2 8 -7 10 -1
right_child=5 2 4 -5 -6 7 -8 -9 -10 -11 -12
leaf_value=-0.036506066852897978 0.016185045145303684 0.0034612183202081537 0.015612948350803811 -0.0075551968794820758 -0.010958204038727713 0.023498277358784351 -0.050500291444051354 0.038195507075176625 0.0013726165772554174 0.0020676707146166521 -0.045159658412676003
leaf_weight=5.0754328966140729 4.81270931661129 391.9743156246841 117.40324532240629 167.34377118572593 22.75092439353466 40.800573952496052 5.4843732416629773 13.292442247271536 35.902097899466753 2.1907272189855567 4.2877047657966614
leaf_count=52 11 2726 305 876 71 89 24 22 94 7 21
internal_value=0.00322731 0.00183075 0.00239623 0.00016519 0.0112997 0.0131283 -0.0193325 0.0168424 0.013142 -0.0324035 -0.0404688
internal_weight=811.318 711.026 699.472 559.318 140.154 100.292 10.2971 89.9951 76.7027 11.5539 9.36314
internal_count=4298 4058 3978 3602 376 240 35 205 183 80 73
is_linear=0
shrinkage=0.03


Tree=79
num_leaves=13
num_cat=0
split_feature=21 0 21 5 26 5 10 7 17 29 18 1
split_gain=12.1944 12.6348 12.1732 12.3035 19.4476 16.0858 3.20619 2.88663 0.826927 0.0317665 0.00795396 0.00485295
threshold=100913.50000000001 0.0054610425655233436 111086.00000000001 -0.0061261070396113459 0.00044938392001228459 -0.005705877845652586 -0.020771357025760769 2185460.5685000005 -0.0005622396309253639 0.053282096047153039 0.008414330571498119 0.031409085435679586
decision_type=2 2 2 2 2 2 2 2 2 2 2 2
left_child=1 9 6 4 -4 -5 -2 -3 -8 10 -1 -11
right_child=2 7 3 5 -6 -7 8 -9 -10 11 -12 -13
leaf_value=-0.031530914573952781 0.080780262603123765 -0.0020046101134162573 -0.013048324744416069 0.038809863408114459 0.0059805175170536094 0.0048174310974316899 0.049797692583739214 0.046560101861249752 0.019648575490588568 -0.034412706224477264 -0.033118289534267896 -0.036546279948204363
leaf_weight=6.2986434269696492 1.8653580546379087 2.0241169892251483 93.001521559432149 12.805840406566857 100.65030204877257 579.86843730509281 1.3742301128804686 2.4166619125753641 2.0256524439901105 2.0906924977898593 5.1752397641539574 1.7732788845896719
leaf_count=168 2 20 528 65 501 2864 12 10 20 21 73 14
internal_value=0.00312992 -0.0201373 0.00371128 0.00340685 -0.00315811 0.0055519 0.0491751 0.0244242 0.0318348 -0.0330392 -0.0322469 -0.0353919
internal_weight=811.37 19.7786 791.591 786.326 193.652 592.674 5.26524 4.44078 3.39988 15.3379 11.4739 3.86397
internal_count=4298 306 3992 3958 1029 2929 34 30 32 276 241 35
is_linear=0
shrinkage=0.03


Tree=80
num_leaves=13
num_cat=0
split_feature=18 28 28 26 25 14 20 9 25 17 18 26
split_gain=12.0475 11.7864 13.2812 23.4888 21.5828 9.46677 9.56636 9.17209 4.88395 11.9525 0.0517801 0.00456687
threshold=0.0051906651288169707 0.0038532421834644756 0.002866508132802073 0.0044727673458257343 -0.000505418529753091 0.64191184573002757 -0.025226561371656093 0.36876117336910136 0.00046462623231768142 -0.0013898067453736644 0.009450886864571021 -0.0020096095453059231
decision_type=2 2 2 2 2 2 2 2 2 2 2 2
left_child=7 2 4 -4 -2 6 -3 -1 11 -10 -7 -9
right_child=1 5 3 -5 -6 10 -8 8 9 -11 -12 -13
leaf_value=0.032502790904241637 -0.025275149859274822 -0.038769590707391458 0.056744813121449439 0.0091277937254971991 0.0039615557033672692 -0.032713139530164824 0.034361662517694964 -0.032183507446840919 0.10583668320794673 -0.031449838761129723 -0.037899467369012056 -0.031034589601454964
leaf_weight=2.7899690978229073 23.51298444531858 2.5427515953779221 11.095397748053072 58.382145348936319 677.62929010763764 2.1308487690985194 4.3878110684454468 4.0612332951277574 0.84083736874163184 1.7768753040581931 9.2688978612422925 13.346532810479399
leaf_count=29 194 18 23 262 3046 35 21 86 7 48 66 463
internal_value=0.00303383 0.00365533 0.00422086 0.0167321 0.0029811 -0.0201198 0.00753056 -0.0184576 -0.0255574 0.0126481 -0.03693 -0.0313026
internal_weight=811.766 788.95 770.62 69.4775 701.142 18.3303 6.93056 22.8154 20.0255 2.61771 11.3997 17.4078
internal_count=4298 3665 3525 285 3240 140 39 633 604 55 101 549
is_linear=0
shrinkage=0.03


Tree=81
num_leaves=15
num_cat=0
split_feature=13 15 11 5 15 11 13 11 20 13 22 1 7 28
split_gain=11.8133 18.1365 15.3131 16.3531 12.9605 23.8326 26.3702 25.6313 16.8792 20.273 18.9241 12.3423 7.30682 9.20757
threshold=0.029270207500690561 0.008856759570418456 0.0090294624249944774 -0.010714353342049914 -0.0083264424032711264 0.023312449171704681 0.051055094198777219 0.017651931256287588 -0.039914744701780712 0.030674863582162763 172425082.12650004 0.078969594643568702 3322303.6610000008 0.0022436202765050007
decision_type=2 2 2 2 2 2 2 2 2 2 2 2 2 2
left_child=1 2 11 -4 8 7 -7 -6 9 -2 -10 -1 13 -3
right_child=4 12 3 -5 5 6 -8 -9 10 -11 -12 -13 -14 -15
leaf_value=-0.011677691172628849 0.068836089844798554 -0.032355555802920481 -0.028218785478213555 0.0098982299525120845 0.008360693711114588 -0.0067521927277787623 0.013392389338712908 0.032006818812661597 0.012329437872379398 0.00115780070834061 -0.032367803147580712 0.043331511304572315 -0.038458086345806018 0.08929380565289953
leaf_weight=90.252774443477392 4.1600546240806571 1.3336370326578646 11.106354515999554 115.21594586595893 133.12560091540217 141.98360553756356 99.447621174156666 59.78392767906189 12.174138657748697 93.840373102575541 28.441317044198513 3.8264929093420497 16.072179915383458 0.96528124250471581
leaf_count=1073 7 26 112 912 448 664 245 147 53 334 121 11 138 7
internal_value=0.00294188 -0.00266434 -0.000277268 0.00654695 0.00527821 0.00782716 0.00154554 0.0156888 -0.00270873 0.0040307 -0.0189702 -0.0094403 -0.0313025 0.0187232
internal_weight=811.729 238.773 220.402 126.322 572.957 434.341 241.431 192.91 138.616 98.0004 40.6155 94.0793 18.3711 2.29892
internal_count=4298 2279 2108 1024 2019 1504 909 595 515 341 174 1084 171 33
is_linear=0
shrinkage=0.03


Tree=82
num_leaves=12
num_cat=0
split_feature=28 27 20 11 22 8 6 3 8 21 6
split_gain=11.5226 12.9366 15.1996 18.335 17.1439 12.0325 13.4503 11.7333 8.73851 6.43662 0.0805713
threshold=0.0038532421834644756 0.035254510431784951 0.00062168727915197541 0.017651931256287588 1673107548.2580001 -0.01076853396074587 944148.50000000012 0.36381818181818232 0.011247009179317402 12012465.500000002 181248.00000000003
decision_type=2 2 2 2 2 2 2 2 2 2 2
left_child=1 2 3 -1 -4 6 -3 -7 9 10 -2
right_child=8 5 4 -5 -6 7 -8 -9 -10 -11 -12
leaf_value=0.00047487645776457792 -0.034045740389360458 -0.052238273250489853 -0.011369836583508083 0.011853754716500086 0.018493231376398418 0.037615386383586115 0.016046265546495533 0.011081546363120863 0.025077390127153706 0.023436347063980345 -0.0386590541532226
leaf_weight=384.85927360504866 6.1597297340631503 4.7958009168505651 115.74357347749174 190.54303719289601 20.342317568138242 21.623312551528215 5.660229966044426 48.960038743913174 3.1644652448594561 1.8194997906684864 7.6247489005327225
leaf_count=2411 87 24 800 654 68 39 12 130 11 8 54
internal_value=0.00285391 0.0034041 0.00211053 0.00424296 -0.00690586 0.014761 -0.0152734 0.0192102 -0.0203788 -0.0295973 -0.0365975
internal_weight=811.296 792.528 711.488 575.402 136.086 81.0394 10.456 70.5834 18.7684 15.604 13.7845
internal_count=4298 4138 3933 3065 868 205 36 169 160 149 141
is_linear=0
shrinkage=0.03


Tree=83
num_leaves=13
num_cat=0
split_feature=21 0 21 3 8 18 22 11 23 18 25 18
split_gain=11.3291 12.0976 11.3299 12.3316 18.3816 11.3518 2.80822 2.7179 1.53851 0.0263926 0.0149105 0.00498849
threshold=100913.50000000001 0.0054610425655233436 111086.00000000001 0.0022173058013745793 -0.02365409438518894 0.01181989521822456 32467749.403500002 0.00011756138177880373 0.85863990573275961 0.010177213426824485 0.00036061617792229307 0.008414330571498119
decision_type=2 2 2 2 2 2 2 2 2 2 2 2
left_child=1 9 7 4 -4 -5 -3 -2 -9 11 -11 -1
right_child=2 6 3 5 -6 -7 -8 8 -10 10 -12 -13
leaf_value=-0.031535054775852563 0.075284320592019102 -0.0025224101480153887 0.024458349271374281 -0.00093235717096338373 -0.027867911272829778 0.0066677266307567972 0.045347510740711951 0.058745711790018161 0.016353593165626429 -0.033482097861774564 -0.036827994034111501 -0.032992314164005603
leaf_weight=6.4363317657262105 1.9285306334495533 2.0312491189688435 8.0065945070236904 283.58346077799797 24.625343170017004 470.06333106383681 2.4133091401308775 1.1677942816168072 2.2647624332457781 3.4084814377129069 1.8489274829626081 3.1482864543795586
leaf_count=174 3 21 27 2305 198 1428 9 6 25 43 14 45
internal_value=0.00276907 -0.0199486 0.00332254 0.00302618 -0.0150291 0.00380795 0.02347 0.0467868 0.0307759 -0.0329507 -0.0346588 -0.0320137
internal_weight=810.926 19.2866 791.64 786.279 32.6319 753.647 4.44456 5.36109 3.43256 14.842 5.25741 9.58462
internal_count=4298 306 3992 3958 225 3733 30 34 31 276 57 219
is_linear=0
shrinkage=0.03


Tree=84
num_leaves=15
num_cat=0
split_feature=29 25 20 4 0 5 26 17 0 20 13 0 25 12
split_gain=11.0902 14.8981 14.4367 14.1372 19.5034 18.9154 11.4857 10.3609 10.2743 11.1549 8.8855 10.9831 6.36591 2.32922
threshold=0.085232815619349214 0.00060394083698791785 -0.031792798992944328 217.50000000000003 0.00052695696955630067 0.016488136029025626 -0.005986589993506884 -0.01633442944460688 0.00094068492022003939 -0.054879301608972857 0.034874631393595167 0.0027007686025404434 -7.7968472038088423e-05 -0.032085754954712643
decision_type=2 2 2 2 2 2 2 2 2 2 2 2 2 2
left_child=1 3 8 5 -5 -1 -3 -8 9 -2 12 -12 -4 -10
right_child=2 6 10 4 -6 -7 7 -9 13 -11 11 -13 -14 -15
leaf_value=-0.0041731929310829851 0.03264249618017636 0.012680251683187945 0.0088911291373607385 0.012558742335654283 -0.001825817032034683 0.023062927823415007 0.054208105343562733 -0.034944523573444165 -0.048467646077413128 -0.016584648318345302 0.0051102277372061765 0.044136993813931019 0.042235871514882277 -0.01620596596166567
leaf_weight=307.64339463971555 7.6079206764698055 7.5714660398662117 7.1431687623262432 201.69185211136937 146.41360088437796 24.799144003540277 1.2416448593139708 21.283728906884786 4.8331488966941833 9.0959773808717745 41.734406262636185 7.6850280016660681 18.49347585439682 3.4530718177556974
leaf_count=2015 13 26 21 954 781 97 3 182 21 31 101 12 29 12
internal_value=0.00268618 0.00136963 0.0120379 0.0022831 0.00650858 -0.00214147 -0.0192856 -0.0300302 -0.007712 0.00583624 0.0186136 0.0111791 0.032945 -0.0350234
internal_weight=810.691 710.645 100.046 680.548 348.105 332.443 30.0968 22.5254 24.9901 16.7039 75.0561 49.4194 25.6366 8.28622
internal_count=4298 4058 240 3847 1735 2112 211 185 77 44 163 113 50 33
is_linear=0
shrinkage=0.03


Tree=85
num_leaves=14
num_cat=0
split_feature=1 9 18 9 3 26 28 14 28 12 27 22 18
split_gain=10.9761 22.8144 13.4643 17.1693 19.4681 15.6743 26.0001 15.9848 12.1842 11.6458 15.3846 11.1657 0.0997194
threshold=0.078969594643568702 29.947422862453532 0.018710582895805232 0.65959455375805998 0.24056818509234459 -0.004277250711583077 -0.002381889437939906 0.2838450342250618 0.0030701790440342169 -0.016095953363152754 0.021169956407980427 415964139.1455 0.014877391050216829
decision_type=2 2 2 2 2 2 2 2 2 2 2 2 2
left_child=2 9 5 4 -4 7 -7 -1 -5 11 -11 -2 -3
right_child=1 12 3 8 -6 6 -8 -9 -10 10 -12 -13 -14
leaf_value=-0.033074840868651673 0.048246372717402938 -0.03967605511186121 0.013248670852697745 0.016261716659359691 -0.052844238779724342 0.020003311550990732 -0.001160485560260214 -0.00057453326036612407 -0.022907689337934897 -0.030395371739599813 0.018576319487636165 0.01570329023166531 -0.047603200117416929
leaf_weight=25.524136183783412 16.247942682355642 2.7926244810223571 8.1702075675129908 114.22062900662422 7.8792386502027503 58.516727307811379 487.30641574412584 29.202958086505532 7.6244906336069098 8.292185954749586 19.007736675441265 22.809422969818115 2.9231503903865814
leaf_count=184 35 17 20 274 34 216 3152 176 34 43 45 54 14
internal_value=0.00260556 0.0137803 0.0015149 0.00996875 -0.0191987 -0.000426223 0.00110845 -0.0157323 0.0138107 0.018734 0.00370147 0.0292413 -0.0437301
internal_weight=810.518 72.0731 738.445 137.895 16.0494 600.55 545.823 54.7271 121.845 66.3573 27.2999 39.0574 5.71577
internal_count=4298 208 4090 362 54 3728 3368 360 308 177 88 89 31
is_linear=0
shrinkage=0.03


Tree=86
num_leaves=13
num_cat=0
split_feature=18 1 25 25 24 12 14 9 25 25 17 26
split_gain=10.9015 11.2102 12.5851 15.6001 10.2071 9.92804 9.88302 8.70533 8.68563 4.85531 12.7096 0.00443376
threshold=0.0051906651288169707 0.02055416291253704 -0.000505418529753091 -0.00040950722489395099 0.80635331757675266 -0.00016204276018889731 0.89143137020666585 0.36876117336910136 -0.0011302574365555185 0.00046462623231768142 -0.0023143834585378944 -0.0020096095453059231
decision_type=2 2 2 2 2 2 2 2 2 2 2 2
left_child=7 4 8 -4 6 -6 -2 -1 -3 11 -11 -9
right_child=1 2 3 -5 5 -7 -8 9 -10 10 -12 -13
leaf_value=0.031435730794822543 -0.038113749109831646 0.013457097642917398 0.022807679144187739 0.0036188836506172955 -0.011890327300760577 0.037436247680533961 0.011680847210972359 -0.032142716321395523 -0.024489504228077545 0.11320246204069927 -0.031330861503892068 -0.030993018485259385
leaf_weight=2.776150397956374 16.073204126209024 7.16763757914305 40.392883175984025 680.83250044845045 10.954977836459877 5.5241748690605155 4.6179604288190594 3.9488540310412725 22.376748900860548 0.78961563855409655 1.7862803898751725 12.818947907537218
leaf_count=29 164 30 129 3009 82 26 38 86 187 3 52 463
internal_value=0.00252812 0.00311123 0.00390743 0.00469357 -0.0129706 0.00464503 -0.0270003 -0.0182431 -0.0152834 -0.0253728 0.0129744 -0.0312638
internal_weight=810.06 787.94 750.77 721.225 37.1703 16.4792 20.6912 22.1198 29.5444 19.3437 2.5759 16.7678
internal_count=4298 3665 3355 3138 310 108 202 633 217 604 55 549
is_linear=0
shrinkage=0.03


Tree=87
num_leaves=14
num_cat=0
split_feature=28 10 10 13 16 6 5 14 20 21 18 6 18
split_gain=10.8708 11.8455 23.6712 18.243 13.5186 15.9004 12.2209 8.44979 7.81032 5.74128 0.0560034 0.032089 0.00164824
threshold=0.0038532421834644756 0.026705751040061003 0.02288753870487294 0.051769406137732087 0.62500000000000011 154698.00000000003 -0.0061261070396113459 0.64191184573002757 -0.025226561371656093 782227.00000000012 0.009450886864571021 181248.00000000003 0.0081596573038254291
decision_type=2 2 2 2 2 2 2 2 2 2 2 2 2
left_child=1 2 6 -4 9 -6 -1 8 -2 -3 12 -12 -9
right_child=7 4 3 -5 5 -7 -8 10 -10 -11 11 -13 -14
leaf_value=-0.0048665201796291553 -0.038283149641359482 0.055732602331009337 -0.038137633296433555 0.02153429931815334 -0.011152761281428362 0.013770552717357474 0.0048901592538885394 -0.031771967250027525 0.027653875442595257 0.022577192111076512 -0.035306964698750228 -0.03898500756530085 -0.033474745272738637
leaf_weight=152.83917314186692 2.4553507342934608 6.4446889199316528 22.131726277992133 5.824534833431243 32.193470980972052 81.005509931594133 473.48627302236855 1.5708751361817115 4.7340172044932869 17.367881316691637 3.504715144634245 5.4617920964956284 0.75873278081417073
leaf_count=913 18 14 151 12 168 199 2640 37 29 41 34 32 10
internal_value=0.00245213 0.0029834 0.00130373 -0.0257053 0.0110045 0.00668243 0.00250928 -0.0202895 0.00513472 0.0315504 -0.0364707 -0.0375474 -0.0323265
internal_weight=809.779 791.293 654.282 27.9563 137.012 113.199 626.325 18.4855 7.18937 23.8126 11.2961 8.96651 2.32961
internal_count=4298 4138 3716 163 422 367 3553 160 47 55 113 66 47
is_linear=0
shrinkage=0.03


Tree=88
num_leaves=13
num_cat=0
split_feature=21 0 21 29 23 6 7 10 23 29 18 1
split_gain=10.7571 11.3294 10.4952 10.7178 19.1928 9.83921 3.27959 2.71158 1.37083 0.0271659 0.00699408 0.00478563
threshold=100913.50000000001 0.0054610425655233436 111086.00000000001 0.056556520758638942 0.66653126033861887 22228.000000000004 2463207.4495000006 -0.020771357025760769 0.85863990573275961 0.053282096047153039 0.008414330571498119 0.031409085435679586
decision_type=2 2 2 2 2 2 2 2 2 2 2 2
left_child=1 9 7 4 -4 -5 -3 -2 -9 10 -1 -11
right_child=2 6 3 5 -6 -7 -8 8 -10 11 -12 -13
leaf_value=-0.031434150919881429 0.072937450730388487 -0.0053990969323116766 -0.030625756027556249 0.033074408036146544 0.00039538372408020678 0.0050188954805821901 0.046364365626506497 0.054725474218817564 0.015218218143116736 -0.034112631359936606 -0.032971527224693382 -0.036279890178553889
leaf_weight=5.8506175149232167 1.9337335228919981 2.0816141534596673 18.981483878567815 11.556796841323374 330.34590286295861 424.28227592259645 2.3397758454084396 1.2002791818231338 2.315000182017684 1.9754796326160424 4.8885875698179007 1.7113640233874319
leaf_count=168 2 21 200 37 2555 1166 9 6 26 21 73 14
internal_value=0.00237884 -0.0200201 0.00291281 0.00262486 -0.00129022 0.00576282 0.0219938 0.0444039 0.0287078 -0.0328968 -0.032134 -0.0351186
internal_weight=809.463 18.8474 790.615 785.166 349.327 435.839 4.42139 5.44901 3.51528 14.426 10.7392 3.68684
internal_count=4298 306 3992 3958 2755 1203 30 34 32 276 241 35
is_linear=0
shrinkage=0.03


Tree=89
num_leaves=14
num_cat=0
split_feature=28 28 28 15 28 28 6 5 14 15 18 6 18
split_gain=10.3329 11.651 21.4192 24.3724 23.3555 20.2826 25.3915 10.2318 8.20529 7.4015 0.0509653 0.0289779 0.00153685
threshold=0.0038532421834644756 0.002866508132802073 0.0024722890846239909 0.017813940964861382 0.0019262941420179437 0.002946829837542372 892581.00000000012 -0.002818655709457676 0.64191184573002757 -0.0022241207559305916 0.009450886864571021 181248.00000000003 0.0081596573038254291
decision_type=2 2 2 2 2 2 2 2 2 2 2 2 2
left_child=1 2 4 -4 -1 7 -7 -3 9 -2 12 -12 -10
right_child=8 5 3 -5 -6 6 -8 -9 10 -11 11 -13 -14
leaf_value=0.00089390466898801055 -0.037440906989527338 0.074614982469955474 -0.029749436182490475 0.035140111756575908 0.018106123391898491 -0.0097689581154422125 0.029831728698111099 0.017632907043881863 -0.031713732511575596 0.026831091662628658 -0.03514700095737535 -0.038683795804055343 -0.033378909028965065
leaf_weight=599.58038820885122 2.4459184762090445 6.7385591417551041 33.658599447458982 6.1633789688348761 80.473691161721945 33.771163629367948 25.632612330839038 4.897153636440633 1.5224322210997336 4.7329772301018265 3.4127285070717317 5.3586781173944473 0.74192659184336651
leaf_count=3159 23 16 293 11 342 237 62 18 37 24 34 32 10
internal_value=0.00230781 0.00282229 0.00167847 -0.0197063 0.0029307 0.0144132 0.00731866 0.0506328 -0.0200319 0.00493301 -0.0362719 -0.0373077 -0.0322593
internal_weight=809.13 790.916 719.876 39.822 680.054 71.0395 59.4038 11.6357 18.2147 7.1789 11.0358 8.77141 2.26436
internal_count=4298 4138 3805 304 3501 333 299 34 160 47 113 66 47
is_linear=0
shrinkage=0.03


Tree=90
num_leaves=14
num_cat=0
split_feature=3 9 0 1 8 7 8 1 12 0 6 5 28
split_gain=10.1905 14.1516 15.5294 14.0056 12.4399 19.5674 19.0033 16.4957 15.78 14.0965 12.3325 8.52199 3.53267
threshold=0.96523712336860235 0.47371069596736548 -0.0068229262039919301 0.097050402609990122 -0.0069547827645786379 231416861.86400002 -0.0053865599075476377 0.021815029459897016 -0.0084835647451975537 -0.00010230599059252387 27191.000000000004 0.01125389843031799 -0.0012622752872313403
decision_type=2 2 2 2 2 2 2 2 2 2 2 2 2
left_child=4 11 -3 -4 5 8 10 -8 -1 -7 -6 12 -2
right_child=1 2 3 -5 6 9 7 -9 -10 -11 -12 -13 -14
leaf_value=-0.0029974260049747442 0.022030113509948639 0.035127024165022377 -0.030421672701337693 0.047768237826729704 -0.018870253410483071 0.029829602093722339 -0.012768512525371959 0.0056512542450919724 -0.024586938221862299 0.0011328714876555348 0.028399989584863616 0.044436086529072993 -0.037548780194957498
leaf_weight=118.95203589275479 1.4952037483453753 4.2594865076243869 32.9405711684376 2.1994494050741187 5.5872654728591433 22.842982277274132 48.702278440818191 430.91244916059077 40.961654728278518 47.32027237303555 44.763060046359897 5.8171515539288521 2.2339189052581769
leaf_count=598 6 20 319 3 73 53 448 2074 344 176 146 13 25
internal_value=0.00223816 -0.01103 -0.0189703 -0.0255277 0.00309261 -0.00273242 0.00562146 0.00378083 -0.00852755 0.0104756 0.0231545 0.0217415 -0.0136604
internal_weight=808.988 48.9458 39.3995 35.14 760.042 230.077 529.965 479.615 159.914 70.1633 50.3503 9.54627 3.72912
internal_count=4298 386 342 322 3912 1171 2741 2522 942 229 219 44 31
is_linear=0
shrinkage=0.03


Tree=91
num_leaves=14
num_cat=0
split_feature=21 0 28 28 28 26 14 20 8 18 29 18 1
split_gain=10.0728 10.8761 9.85187 11.2528 19.4434 18.5352 8.02434 7.45658 1.52217 0.0440482 0.024006 0.0062528 0.00456229
threshold=100913.50000000001 0.0054610425655233436 0.0038532421834644756 0.002866508132802073 0.002319594087240156 0.0044727673458257343 0.64191184573002757 -0.025226561371656093 0.0020161643902345309 0.009450886864571021 0.053282096047153039 0.008414330571498119 0.033444207512363572
decision_type=2 2 2 2 2 2 2 2 2 2 2 2 2
left_child=1 10 3 4 -2 -5 7 -4 -3 -8 11 -1 -12
right_child=2 8 6 5 -6 -7 9 -9 -10 -11 12 -13 -14
leaf_value=-0.03138471797469209 0.0034253493594818048 0.0037386527714447278 -0.037928338040455152 0.049174490235854219 -0.015995066787184705 0.0077496767384828309 -0.032233881807161434 0.027267165904555038 0.039055146586713378 -0.037139146444369449 -0.033973370557238883 -0.03286432048307477 -0.0361376743317064
leaf_weight=5.6481609446927923 652.69712662231177 2.2034363485872737 2.3867014572024345 11.670248966664074 49.948390696197748 58.206612732261419 2.0469219749793401 4.664716104045513 2.1901107765734196 8.4449420664459449 2.0247867479920383 4.717598021030426 1.5457773357629774
leaf_count=168 3186 24 18 31 346 279 43 26 6 63 22 73 13
internal_value=0.00217173 -0.0198137 0.0026818 0.00318664 0.00204483 0.0146681 -0.0195487 0.00520037 0.0213433 -0.0361821 -0.0327889 -0.0320581 -0.0349103
internal_weight=808.396 18.3299 790.066 772.522 702.646 69.8769 17.5433 7.05142 4.39355 10.4919 13.9363 10.3658 3.57056
internal_count=4298 306 3992 3842 3532 310 150 44 30 106 276 241 35
is_linear=0
shrinkage=0.03


Tree=92
num_leaves=13
num_cat=0
split_feature=18 1 25 25 24 14 12 6 9 25 17 26
split_gain=9.97699 10.0118 11.9609 14.5706 9.71424 9.63293 9.17678 8.7955 8.24671 4.65965 11.0779 0.00393008
threshold=0.0051906651288169707 0.02055416291253704 -0.000505418529753091 -0.00040950722489395099 0.80635331757675266 0.89143137020666585 -0.00016204276018889731 399314.50000000006 0.36876117336910136 0.00046462623231768142 -0.0023143834585378944 -0.0020096095453059231
decision_type=2 2 2 2 2 2 2 2 2 2 2 2
left_child=8 4 7 -4 5 -2 -6 -3 -1 11 -11 -10
right_child=1 2 3 -5 6 -7 -8 -9 9 10 -12 -13
leaf_value=0.030387248624143836 -0.037888825313786886 -0.030658344654332047 0.021662606239831534 0.0031273618435534016 -0.011627919265377644 0.011526666010174345 0.035794526874098204 0.0023051806321786957 -0.032059135861214123 0.10076278466542696 -0.031295467442769155 -0.030956744034974806
leaf_weight=2.754355043172839 15.564956357702615 15.724906170740725 40.438199013471603 680.54464955441654 10.804839333519341 4.5995342042297116 5.5635638069361439 13.573478944599627 3.8126927576959213 0.85183424875140223 1.7384401839226473 12.300428261980411
leaf_count=29 164 163 129 3009 82 38 26 54 86 3 52 463
internal_value=0.00210622 0.00265664 0.00340338 0.00416696 -0.0126793 -0.0266171 0.00449081 -0.0153869 -0.0180768 -0.0252139 0.012133 -0.0312176
internal_weight=808.272 786.814 750.281 720.983 36.5329 20.1645 16.3684 29.2984 21.4578 18.7034 2.59027 16.1131
internal_count=4298 3665 3355 3138 310 202 108 217 633 604 55 549
is_linear=0
shrinkage=0.03


Tree=93
num_leaves=10
num_cat=0
split_feature=5 13 10 21 26 25 23 20 13
split_gain=9.73955 11.3467 14.9604 19.2833 14.543 14.1021 14.5385 9.36399 0.0823662
threshold=-0.02817455228034282 0.058572283069526117 -0.03596614464711239 456725.00000000006 0.0071148393823792467 -9.7102269467849909e-05 1.276943849420872 0.031484198322503008 0.061415299453758697
decision_type=2 2 2 2 2 2 2 2 2
left_child=8 2 3 -2 -4 7 -7 -3 -1
right_child=1 5 4 -5 -6 6 -8 -9 -10
leaf_value=-0.036794017665730865 0.027923501843696481 0.032064822496749204 0.0022672039305923638 -0.043828069019898851 -0.026829329653726045 -0.019338088062793177 0.011252207405606431 -0.0023131539855384569 -0.044649931155278988
leaf_weight=2.6289160083979359 4.4804212227463749 33.500194482505322 656.27957687433809 13.614048548042772 15.833110478706656 19.265438489615917 50.995122812688351 9.0592319667339307 2.2116609737277031
leaf_count=23 15 55 3753 74 147 67 130 23 11
internal_value=0.0020431 0.00229884 0.000857075 -0.0260615 0.00158177 0.0111192 0.00286435 0.0247471 -0.0403834
internal_weight=807.868 803.027 690.207 18.0945 672.113 112.82 70.2606 42.5594 4.84058
internal_count=4298 4264 3989 89 3900 275 197 78 34
is_linear=0
shrinkage=0.03


Tree=94
num_leaves=15
num_cat=0
split_feature=29 20 4 0 1 9 21 4 26 0 20 9 7 12
split_gain=9.86928 12.9479 10.341 19.4984 17.6101 14.6982 13.2665 23.49 15.9257 9.69918 10.2377 8.25098 9.2467 8.09064
threshold=0.085232815619349214 -0.031792798992944328 217.50000000000003 0.00052695696955630067 0.045320943498392961 0.5215962505783337 1049111.0000000002 67.500000000000014 -0.0022494309990797779 0.00094068492022003939 -0.054879301608972857 0.89083089210460376 41485279.498500012 -0.01266390131302488
decision_type=2 2 2 2 2 2 2 2 2 2 2 2 2 2
left_child=2 9 6 5 -5 -4 7 -1 -8 10 -2 13 -13 -3
right_child=1 11 3 4 -6 -7 8 -9 -10 -11 -12 12 -14 -15
leaf_value=-0.0014039650750593488 0.030954963658780352 0.011321757139703723 -0.017455775835272809 -0.011286256238463336 0.0099739678533304881 0.012440233499258846 -0.015453377203806996 -0.027264184450819465 0.0060758912956537132 -0.034585322142737372 -0.016338964989773781 -0.022925936437128064 0.014550453419486062 0.039844477540259923
leaf_weight=95.078316657803953 7.5837435424327877 15.956930413842199 16.015070552006364 100.34909835830331 53.897996891289949 195.18589888233691 38.205052396282554 47.359081809408963 162.23980448860675 8.2175123542547208 9.0176633223891276 7.33512233570218 30.829880833625793 20.384054109454155
leaf_count=810 13 36 90 667 178 924 181 501 707 33 31 30 66 31
internal_value=0.00198199 0.010838 0.000740156 0.00425126 -0.00385737 0.0101733 -0.00300202 -0.0100022 0.00197238 -0.00792904 0.00526553 0.0170896 0.00734768 0.0273205
internal_weight=807.655 99.3249 708.33 365.448 154.247 211.201 342.882 142.437 200.445 24.8189 16.6014 74.506 38.165 36.341
internal_count=4298 240 4058 1859 845 1014 2199 1311 888 77 44 163 96 67
is_linear=0
shrinkage=0.03


Tree=95
num_leaves=14
num_cat=0
split_feature=3 9 0 8 8 7 8 11 21 12 5 5 26
split_gain=9.52374 13.1654 14.6068 12.9854 11.7701 17.9587 17.8151 18.1603 16.0416 15.065 11.7507 7.81195 3.70627
threshold=0.96523712336860235 0.47371069596736548 -0.0068229262039919301 0.028855330035895108 -0.0069547827645786379 231416861.86400002 -0.0053865599075476377 0.0090294624249944774 4951407.5000000009 -0.0084835647451975537 -0.011116142608060273 0.01125389843031799 -0.0030816553518551817
decision_type=2 2 2 2 2 2 2 2 2 2 2 2 2
left_child=4 11 -3 -4 5 9 10 -8 -7 -1 -6 12 -2
right_child=1 2 3 -5 6 8 7 -9 -10 -11 -12 -13 -14
leaf_value=-0.0031232393053672409 0.024178843031446132 0.033508022190593484 -0.031989191250633923 0.024806474476052776 0.056159020784075447 0.020044819173748941 -0.0059698245749041376 0.0070535786251266653 -0.010198191245690156 -0.024333370606442799 0.015999033992428541 0.042328748570338803 -0.037656882930982447
leaf_weight=118.67176716029644 1.4286534003913405 4.2843046840280286 30.408259461633861 4.1130441054701796 7.7511242739856234 46.189566431567073 133.64072165638208 345.47907469235361 23.979642177000642 40.398612244985998 42.569970024749637 5.8128561675548553 2.2404281795024854
leaf_count=598 6 20 313 9 29 123 955 1567 106 344 190 13 25
internal_value=0.00192343 -0.010995 -0.0187382 -0.0252223 0.00274564 -0.00293301 0.00520441 0.00342097 0.00970957 -0.00850991 0.022185 0.0206948 -0.0135795
internal_weight=806.968 48.2875 38.8056 34.5213 758.68 229.24 529.441 479.12 70.1692 159.07 50.3211 9.48194 3.66908
internal_count=4298 386 342 322 3912 1171 2741 2522 229 942 219 44 31
is_linear=0
shrinkage=0.03


Tree=96
num_leaves=12
num_cat=0
split_feature=21 21 5 26 5 28 1 10 28 1 29
split_gain=9.33833 10.0571 10.219 17.4832 14.7888 5.22513 3.88622 2.42442 0.868421 0.548748 0.0240304
threshold=100913.50000000001 111086.00000000001 -0.0061261070396113459 0.00044938392001228459 -0.005705877845652586 -0.0026086883198255697 0.17857326603683971 -0.020771357025760769 -0.0026994832997675297 0.024808382268487656 0.057048793532669069
decision_type=2 2 2 2 2 2 2 2 2 2 2
left_child=5 7 3 -3 -4 9 10 -2 -9 -1 -7
right_child=1 2 4 -5 -6 6 -8 8 -10 -11 -12
leaf_value=0.021902171276126758 0.069555976410810419 -0.013388486981227618 0.035630239553759754 0.0047407944626306356 0.0033060133386044873 -0.031869117351410972 0.039194475309510188 0.047663237373088016 0.016750588620424649 7.5631706576779631e-06 -0.035121175097842239
leaf_weight=1.8417124636471296 1.9592737555503843 91.961587619036436 13.025457063689826 99.860600521788001 578.33411697950214 10.275799363851542 0.71822172403335649 1.28319488465786 2.2556171249598256 2.3382577262818813 2.5530487485229978
leaf_count=15 2 528 65 501 2864 251 1 4 28 16 23
internal_value=0.00186612 0.00235012 0.00206628 -0.00395057 0.004018 -0.0196672 -0.0287144 0.0427828 0.0279597 0.00965442 -0.0325163
internal_weight=806.407 788.68 783.182 191.822 591.36 17.727 13.5471 5.49809 3.53881 4.17997 12.8288
internal_count=4298 3992 3958 1029 2929 306 275 34 32 31 274
is_linear=0
shrinkage=0.03


Tree=97
num_leaves=15
num_cat=0
split_feature=25 25 25 26 13 17 8 29 11 6 12 11 26 17
split_gain=9.21291 34.9959 31.7235 21.9809 21.8282 18.2945 17.8396 18.5739 14.6064 13.1552 12.9531 11.455 11.1107 10.7336
threshold=0.00014573410487927154 0.00020685594365150631 0.00010794396705370389 -0.0005056213726506749 0.051055094198777219 -0.010652008216103527 0.01489122891553024 0.057664302279728498 0.0045124979815621656 1222618.0000000002 -0.026454380924657957 0.022004674630793284 0.0066789553716971551 0.0092264286074382942
decision_type=2 2 2 2 2 2 2 2 2 2 2 2 2 2
left_child=2 10 4 11 5 -1 7 -3 -6 -5 13 -4 -8 -2
right_child=1 6 3 9 8 -7 12 -9 -10 -11 -12 -13 -14 -15
leaf_value=-0.030626508861237151 -0.027330599887755647 -0.0053100388327180868 0.046730559005656779 -0.017119659369531439 -0.027354264305385876 -0.00058639156138219433 -0.044573012942955036 0.01109772364951955 0.016184730817290285 0.035069140312154613 -0.035528116572520793 0.010568660800196507 0.022688883725570298 0.029435735862240412
leaf_weight=19.402896754443645 6.0812539756298047 111.74048047419637 30.14994140714407 14.003250619396569 7.4480361789464942 305.91648503951728 11.088741425424812 139.75417296215892 100.61859764531255 6.3038049787282935 34.584761918522418 10.675250582396982 2.7605065144598475 5.9124197661876678
leaf_count=89 34 940 102 82 28 1969 75 363 232 14 321 27 8 14
internal_value=0.00180954 -0.00222786 0.00435617 0.0245874 0.0015024 -0.00237806 0.00198226 0.00380766 0.013184 -0.000918984 -0.0262117 0.0372747 -0.031166 0.00065302
internal_weight=806.441 311.922 494.518 61.1322 433.386 325.319 265.344 251.495 108.067 20.3071 46.5784 40.8252 13.8492 11.9937
internal_count=4298 1755 2543 225 2318 2058 1386 1303 260 96 369 129 83 48
is_linear=0
shrinkage=0.03


Tree=98
num_leaves=10
num_cat=0
split_feature=5 13 10 21 11 25 23 20 13
split_gain=9.23487 9.92028 13.962 18.263 16.4324 12.7448 13.7808 8.92059 0.0769692
threshold=-0.02817455228034282 0.058572283069526117 -0.03596614464711239 456725.00000000006 0.023312449171704681 -9.7102269467849909e-05 1.276943849420872 0.031484198322503008 0.061415299453758697
decision_type=2 2 2 2 2 2 2 2 2
left_child=8 2 3 -2 -4 7 -7 -3 -1
right_child=1 5 4 -5 -6 6 -8 -9 -10
leaf_value=-0.036479324977494648 0.026739798317241104 0.030498307339022715 0.0044944677901088996 -0.043266896313036138 -0.0056638707373673266 -0.019232797173921755 0.010605326349838936 -0.0031283025991863996 -0.044152638420094453
leaf_weight=2.5493295043706885 4.486566103994849 33.161468982696533 463.11383497342467 13.283189866691826 207.54435114376247 19.191881611943245 50.817321315407753 9.0345756709575635 2.184764601290226
leaf_count=23 15 55 2947 74 953 67 130 23 11
internal_value=0.00175654 0.00200356 0.000655397 -0.0255914 0.00135083 0.0102752 0.00242569 0.0232985 -0.0400205
internal_weight=805.367 800.633 688.428 17.7698 670.658 112.205 70.0092 42.196 4.73409
internal_count=4298 4264 3989 89 3900 275 197 78 34
is_linear=0
shrinkage=0.03


Tree=99
num_leaves=13
num_cat=0
split_feature=1 9 8 28 26 6 4 23 22 22 29 7
split_gain=9.26165 20.6476 13.693 18.8892 37.7864 17.0284 14.6471 11.2276 9.47869 14.5975 6.44482 0.10213
threshold=0.078969594643568702 29.947422862453532 -0.012585812069999917 0.0017265530174675216 0.0022969341994043334 5211387.0000000009 217.50000000000003 1.5983730311060131 3036952820.0145001 408673746.24450004 0.024701386186411024 114569338.8765
decision_type=2 2 2 2 2 2 2 2 2 2 2 2
left_child=2 8 3 7 -5 6 -4 -1 9 -2 -7 -3
right_child=1 11 5 4 -6 10 -8 -9 -10 -11 -12 -13
leaf_value=-0.028961547633421906 0.030697688886861346 -0.039238552262754647 -0.0015323051379768082 0.045525250877222687 -0.02042218921488961 0.028163650426542151 0.0076155537301106696 -0.0016237914846457737 0.045968620563071647 -0.00020229516720620335 -0.044326955087169807 -0.047364045217138981
leaf_weight=40.620789676904678 23.090678794309497 2.7048425711691371 326.01793962623924 13.999999132007362 17.712932737544179 1.2536987587809552 304.80344367213547 20.266624890267849 8.6579978317022306 34.049076937139034 9.2317340821027738 2.8686978667974472
leaf_count=233 64 17 2059 33 112 7 1477 112 13 100 57 14
internal_value=0.00170373 0.0120207 0.000700428 -0.0100835 0.00869098 0.00225755 0.0028878 -0.0198621 0.016717 0.0122847 -0.0356596 -0.0434207
internal_weight=805.278 71.3713 733.907 92.6003 31.7129 641.307 630.821 60.8874 65.7978 57.1398 10.4854 5.57354
internal_count=4298 208 4090 490 145 3600 3536 345 177 164 64 31
is_linear=0
shrinkage=0.03


Tree=100
num_leaves=13
num_cat=0
split_feature=25 21 25 26 28 1 26 29 27 27 29 7
split_gain=9.10197 13.7414 13.4339 13.989 28.3108 15.1871 10.2618 16.8002 6.38889 13.4865 5.08064 4.49826
threshold=-0.000505418529753091 5683583.5000000009 -0.00040950722489395099 -0.0033825309057520076 -0.002381889437939906 0.0847174947935595 0.000574957170762595 0.046709763452476245 0.019214340810344555 0.024734181449421359 0.050793687712928352 557233593.10700011
decision_type=2 2 2 2 2 2 2 2 2 2 2 2
left_child=1 8 6 5 -5 -4 7 -2 11 -10 -8 -1
right_child=2 -3 3 4 -6 -7 10 -9 9 -11 -12 -13
leaf_value=-0.037203799157434131 -0.019111774115615085 0.027562600575523746 -0.012250653518857386 0.027486736934138913 0.00136690267062777 0.032892985434738932 0.011664434917334855 0.033817147952154993 0.037309355455046503 -0.043572676788843273 -0.049609455449920875 0.014168373354735543
leaf_weight=17.101652389392264 6.5752868708223096 5.8548667337745419 93.605391677469015 39.86811095662415 590.55943740997463 7.2245918512344351 2.2280931640416375 30.124598689377308 4.0439854487776747 3.4283584803342819 2.6861939430236816 1.6851797811686982
leaf_count=213 70 20 517 120 3209 18 17 57 16 22 13 6
internal_value=0.00165256 -0.013997 0.00230282 0.00135929 0.00301872 -0.00901606 0.0188828 0.0243342 -0.0232633 0.000200169 -0.0218284 -0.0325957
internal_weight=804.986 32.114 772.872 731.258 630.428 100.83 41.6142 36.6999 26.2592 7.47234 4.91429 18.7868
internal_count=4298 277 4021 3864 3329 535 157 127 257 38 30 219
is_linear=0
shrinkage=0.03


Tree=101
num_leaves=14
num_cat=0
split_feature=21 24 0 14 24 14 28 29 7 29 29 28 1
split_gain=9.0436 9.9046 9.83613 9.51007 14.5205 10.4916 9.09676 6.98954 2.90262 0.405117 0.0203965 0.00624757 0.00474484
threshold=100913.50000000001 1.3622191759801467 0.0054610425655233436 0.10712369276016404 0.58798077880970168 0.6044465265864658 -0.0006816705465809116 0.077486233048236611 2463207.4495000006 0.062393998188577569 0.053282096047153039 -0.002381889437939906 0.033444207512363572
decision_type=2 2 2 2 2 2 2 2 2 2 2 2 2
left_child=2 3 10 4 -2 -5 7 -3 -4 -8 11 -1 -12
right_child=1 6 8 5 -6 -7 9 -9 -10 -11 12 -13 -14
leaf_value=-0.033499048615742287 -0.030779056354615506 -0.021508027252384546 -0.0074744478697668275 0.0073824451462440417 -0.00044335954095006756 -4.7292776066875802e-05 -0.036177787906579238 0.033048428030165555 0.042410684045797932 -0.049215421818122759 -0.033690211946364623 -0.031599885690538849 -0.035951103416561755
leaf_weight=1.9509827475994823 18.030691372230649 4.948367567732932 1.9134830869734276 350.72395670879632 66.857999740168452 333.91073206439614 5.4072998240590078 3.6891418844461441 2.3256290704011917 3.5553353130817413 1.9004589915275567 7.7579674683511275 1.4907262735068796
leaf_count=29 133 31 21 1696 324 1721 65 6 9 16 22 212 13
internal_value=0.00160342 0.00207552 -0.0198277 0.00258446 -0.00688678 0.00375881 -0.0201766 0.00179342 0.0198931 -0.0413496 -0.0326811 -0.0319815 -0.0346841
internal_weight=804.463 787.124 17.3392 769.523 84.8887 684.635 17.6001 8.63751 4.23911 8.96264 13.1001 9.70895 3.39119
internal_count=4298 3992 306 3874 457 3417 118 37 30 81 276 241 35
is_linear=0
shrinkage=0.03


Tree=102
num_leaves=11
num_cat=0
split_feature=18 5 1 8 9 9 25 25 29 26
split_gain=9.11971 8.96803 9.50323 11.9277 11.8963 7.76712 4.48779 8.3468 0.0666502 0.00420695
threshold=0.0051906651288169707 -0.02817455228034282 0.078969594643568702 -0.012585812069999917 26.453373212584204 0.36876117336910136 0.00046462623231768142 0.00051039110794297911 0.056556520758638942 -0.0020096095453059231
decision_type=2 2 2 2 2 2 2 2 2 2
left_child=5 8 3 -3 -4 -1 9 -8 -2 -7
right_child=1 2 4 -5 -6 6 7 -9 -10 -11
leaf_value=0.029472648309779716 -0.036064628316225859 -0.0089679439321846358 0.017018693685935404 0.0027678987532627946 -0.026366014750494153 -0.032081326965088787 0.079664572208074172 -0.031082277445733799 -0.04329061032461682 -0.03092449113913073
leaf_weight=2.6955438163131502 2.2776738144457331 89.114243699237704 61.837437245994806 621.69000731036067 6.2645651064813128 3.7199156079441353 0.99454144388437216 1.5944197755306957 2.3179410770535469 11.815935395658013
leaf_count=29 20 445 159 2999 30 86 3 52 12 463
internal_value=0.00155499 0.00207573 0.00232226 0.00129656 0.0130278 -0.0180413 -0.0251076 0.0114608 -0.0397093 -0.0312015
internal_weight=804.322 783.502 778.906 710.804 68.102 20.8204 18.1248 2.58896 4.59561 15.5359
internal_count=4298 3665 3633 3444 189 633 604 55 32 549
is_linear=0
shrinkage=0.03


Tree=103
num_leaves=14
num_cat=0
split_feature=28 28 28 28 16 26 6 5 14 20 18 6 18
split_gain=8.96094 10.0457 18.3266 29.0882 27.8694 16.935 22.8174 8.98331 7.45915 6.6745 0.0411397 0.0235728 0.00136076
threshold=0.0038532421834644756 0.002866508132802073 0.002319594087240156 0.0019262941420179437 0.87500000000000011 0.0044727673458257343 892581.00000000012 -0.002818655709457676 0.64191184573002757 -0.025226561371656093 0.009450886864571021 181248.00000000003 0.0081596573038254291
decision_type=2 2 2 2 2 2 2 2 2 2 2 2 2
left_child=1 2 3 -1 -4 7 -7 -3 9 -2 12 -12 -10
right_child=8 5 4 -5 -6 6 -8 -9 10 -11 11 -13 -14
leaf_value=0.00011815761252253893 -0.037825013657678784 0.06731251168287565 -0.027303618580104275 0.020768661755178577 0.028885583190747393 -0.010181108269449714 0.02751612237517503 0.014337400456712241 -0.031570011233411729 0.024230434262522638 -0.034795395858905065 -0.038076877958353558 -0.033188652913456254
leaf_weight=596.42113481089473 2.3142628278583288 6.975547194480896 41.060582200065255 68.433952530846 9.8503038920462114 33.316173751838505 25.519906833767891 4.907966570928691 1.3934961846098297 4.7856766842305687 3.2018019966781122 5.1220554858446121 0.7033754065632819
leaf_count=3159 18 16 346 265 35 237 62 18 37 29 34 32 10
internal_value=0.00150838 0.0019811 0.000915359 0.00224373 -0.0164321 0.0127676 0.00616991 0.0454335 -0.0197113 0.00400313 -0.0358686 -0.0368146 -0.032113
internal_weight=804.006 786.486 715.766 664.855 50.9109 70.7196 58.8361 11.8835 17.5207 7.09994 10.4207 8.32386 2.09687
internal_count=4298 4138 3805 3424 381 333 299 34 160 47 113 66 47
is_linear=0
shrinkage=0.03


Tree=104
num_leaves=15
num_cat=0
split_feature=29 25 5 20 20 26 0 20 13 0 21 24 6 12
split_gain=8.79262 13.0294 12.402 14.6692 11.857 10.7958 9.06719 9.54434 8.42076 10.46 7.7959 6.66292 3.38864 2.32362
threshold=0.085232815619349214 0.00060394083698791785 -0.020768339107969862 -0.038910831047729535 -0.031792798992944328 -0.005986589993506884 0.00094068492022003939 -0.054879301608972857 0.034874631393595167 0.0027007686025404434 403125.50000000006 0.57476641497013126 2556274.0000000005 -0.032085754954712643
decision_type=2 2 2 2 2 2 2 2 2 2 2 2 2 2
left_child=1 2 12 -4 6 -3 7 -2 11 -10 -7 -6 -1 -8
right_child=4 5 3 -5 8 10 13 -9 9 -11 -12 -13 -14 -15
leaf_value=-0.041060399067041252 0.029479424971565013 0.011685054077355933 0.0096452249133906209 -0.00083352365384192295 0.0077697811686403689 -0.00030832845541973292 -0.047642741672281559 -0.016385994556900558 0.0025561962874379269 0.041015135910108365 -0.040617593282552607 0.040537882156077128 4.6476983560611435e-05 -0.015125902197234685
leaf_weight=7.8821823233738524 7.5356136262416866 7.5817111730575588 157.54195447266102 507.73342607170343 8.2874438390135783 5.8978029917925623 4.7457405775785446 8.9132091626524943 40.95877131819725 7.5357372574508181 16.122440448030829 17.124990016222 2.3408428579568863 3.3911332339048368
leaf_count=66 13 26 542 3230 23 51 21 31 101 12 134 27 9 12
internal_value=0.00146316 0.000290317 0.00114402 0.00164792 0.00985942 -0.0191906 -0.0081877 0.00462609 0.0158629 0.00853247 -0.0298213 0.0298516 -0.0316478 -0.034091
internal_weight=803.593 705.1 675.498 665.275 98.4926 29.602 24.5857 16.4488 73.9069 48.4945 22.0202 25.4124 10.223 8.13687
internal_count=4298 4058 3847 3772 240 211 77 44 163 113 185 50 75 33
is_linear=0
shrinkage=0.03


Tree=105
num_leaves=14
num_cat=0
split_feature=25 21 25 26 28 11 15 26 29 13 14 29 29
split_gain=8.72603 12.8914 12.7856 13.2345 26.509 14.5201 12.6128 9.70113 15.7321 6.91908 6.85823 4.87896 0.261365
threshold=-0.000505418529753091 1983196.5000000002 -0.00040950722489395099 -0.0033825309057520076 -0.002381889437939906 0.00021281607973998613 -0.0015579575355220614 0.000574957170762595 0.046709763452476245 0.041952533913007947 0.97164950097109293 0.050793687712928352 0.057351777996037516
decision_type=2 2 2 2 2 2 2 2 2 2 2 2 2
left_child=1 10 7 5 -5 -4 -3 8 -2 -8 12 -9 -1
right_child=2 6 3 4 -6 -7 9 11 -10 -11 -12 -13 -14
leaf_value=-0.033490523117095321 -0.018816168665197679 -0.040266791578825803 0.021327510961986727 0.026413486144555569 0.0011456477917762737 -0.013273999717892478 0.005147061942099196 0.011231263170467345 0.032722236250416703 0.055448820545744591 0.030230369765829337 -0.048882576424481634 -0.04119201630518271
leaf_weight=8.7619047099724501 6.4798604827374211 3.716451896354557 12.46122540719807 39.896467005833983 589.60607302002609 87.960157060995698 6.5500914175063336 2.2392952144145957 30.052536353468895 3.9423267841339111 1.4941116888076056 2.6568084172904491 7.2453066259622565
leaf_count=160 70 26 37 120 3209 498 34 17 57 4 11 13 42
internal_value=0.00141975 -0.0140037 0.00205381 0.00113364 0.00274707 -0.00898032 0.00722517 0.0182661 0.0235807 0.024047 -0.0312389 -0.0213887 -0.0369764
internal_weight=803.063 31.7102 771.352 729.924 629.503 100.421 14.2089 41.4285 36.5324 10.4924 17.5013 4.8961 16.0072
internal_count=4298 277 4021 3864 3329 535 64 157 127 38 213 30 202
is_linear=0
shrinkage=0.03


Tree=106
num_leaves=14
num_cat=0
split_feature=3 9 0 14 9 23 14 15 14 15 5 20 25
split_gain=8.67929 11.9873 13.8467 10.2063 22.2619 18.7609 14.4706 18.6727 11.1285 7.59928 7.16824 6.97815 3.18291
threshold=0.96523712336860235 0.47371069596736548 -0.0068229262039919301 0.10712369276016404 0.97456130556196296 0.80376732340672474 0.6044465265864658 0.0054045408219414596 0.54736024844720632 0.00075029145094365366 0.01125389843031799 -0.039914744701780712 -2.7195643526946862e-05
decision_type=2 2 2 2 2 2 2 2 2 2 2 2 2
left_child=3 10 -3 4 5 -1 8 -8 -5 -4 12 -6 -2
right_child=1 2 9 6 11 -7 7 -9 -10 -11 -12 -13 -14
leaf_value=-0.023011890453426484 0.020322489199472774 0.032285184169445924 -0.04024959432894936 0.0056195990397257612 -0.013808297335228726 0.023383584877757053 -0.014380032038493036 0.0027352423986882657 0.021865745935180255 -0.01168598327693041 0.03992135840901067 -0.039025102917921259 -0.037190863824812473
leaf_weight=11.24667509831488 1.4515380915254357 4.2718784529715768 15.753439990803598 302.06710359361023 30.271685453131795 25.928001139312983 74.167385595850646 253.305141126737 43.398965936154127 17.916741989552975 5.7923908904194832 14.659223821014164 2.1469456516206247
leaf_count=69 7 20 164 1497 147 91 645 1106 198 158 13 159 24
internal_value=0.00137783 -0.0110839 -0.0185948 0.00215904 -0.00782646 0.00934729 0.00337738 -0.0011411 0.00766051 -0.0250502 0.0192626 -0.0220356 -0.0139914
internal_weight=802.377 47.3329 37.9421 755.044 82.1056 37.1747 672.939 327.473 345.466 33.6702 9.39087 44.9309 3.59848
internal_count=4298 386 342 3912 466 160 3446 1751 1695 322 44 306 31
is_linear=0
shrinkage=0.03


Tree=107
num_leaves=15
num_cat=0
split_feature=28 27 27 11 25 28 14 15 15 27 29 18 6 18
split_gain=8.57661 9.58609 13.3142 13.1304 9.31548 9.03726 7.15215 6.5028 6.42465 4.23095 0.362914 0.0376354 0.0212719 0.00122211
threshold=0.0038532421834644756 0.035254510431784951 0.033446154400188832 0.053652020667575719 0.00011912634834278071 0.0021682424689025621 0.64191184573002757 0.02356879867407272 0.0038993114673052495 -0.024414363437556316 0.060679437328502075 0.009450886864571021 181248.00000000003 0.0081596573038254291
decision_type=2 2 2 2 2 2 2 2 2 2 2 2 2 2
left_child=1 2 3 -1 7 -6 8 -3 9 -2 -4 13 -13 -8
right_child=6 4 10 -5 5 -7 11 -9 -10 -11 -12 12 -14 -15
leaf_value=0.00051938299254808841 0.024579062496955097 0.020837284597237316 -0.038904332272928048 0.032929205797327187 -0.025853410730570729 0.018670150029368181 -0.031521357709496753 -0.007971061250865415 0.044413251908297209 -0.035963164849249322 -0.054438428062381319 -0.03465968280633485 -0.037813364811978459 -0.033077398057367598
leaf_weight=688.47347791772336 1.5339099019765852 54.061337284743786 2.9614317640662184 11.437272451817988 10.200153715908529 6.8640030398964873 1.3526536803692573 8.1097534745931608 2.3271238803863525 3.2190517894923714 2.4930010139942169 3.1226311083883029 5.0186127796769142 0.68396732583641995
leaf_count=3881 4 117 22 19 48 16 37 24 5 38 11 34 32 10
internal_value=0.00133639 0.00179654 0.00068514 0.00104899 0.0116904 -0.00794395 -0.0195835 0.0170795 0.00357198 -0.0164245 -0.0460043 -0.0356913 -0.0366037 -0.0320439
internal_weight=801.858 784.6 705.365 699.911 79.2352 17.0642 17.258 62.1711 7.08009 4.75296 5.45443 10.1779 8.14124 2.03662
internal_count=4298 4138 3933 3900 205 64 160 141 47 42 33 113 66 47
is_linear=0
shrinkage=0.03


Tree=108
num_leaves=12
num_cat=0
split_feature=21 21 3 8 24 13 3 28 24 29 18
split_gain=8.49404 9.37864 9.86389 15.7854 8.4882 5.87 4.67485 7.61595 3.47627 0.0200971 0.00211843
threshold=100913.50000000001 111086.00000000001 0.0022173058013745793 -0.02365409438518894 1.3622191759801467 0.033170902217710414 1.0000000180025095e-35 -0.0026086883198255697 1.0000000180025095e-35 0.046369815542019445 0.010445458304224333
decision_type=2 2 2 2 2 2 2 2 2 2 2
left_child=6 5 3 -3 -4 -2 7 -1 -8 -10 -9
right_child=1 2 4 -5 -6 -7 8 10 9 -11 -12
leaf_value=0.048132548557161085 0.0053980814738038467 0.021508897430736199 0.0026467468232263488 -0.027293413218600324 -0.019121877125043554 0.067794381903870229 0.037931578551861973 -0.031604992564074293 -0.031728604392109151 -0.034250194989914294 -0.033620344457111651
leaf_weight=2.0941552072763443 2.3982188552618018 7.9841126948595074 730.9237921629101 23.588486690074205 16.484734568744898 3.1252698674798012 0.66151392459869285 1.4568305239081412 7.1938812341541034 4.705175157636404 0.6925678364932536
leaf_count=4 28 27 3623 198 110 6 1 37 196 59 9
internal_value=0.00129694 0.00174899 0.00147278 -0.0149522 0.00216662 0.0407028 -0.0198072 0.00741585 -0.0290045 -0.0327257 -0.0322544
internal_weight=801.309 784.505 778.981 31.5726 747.409 5.52349 16.8041 4.24355 12.5606 11.8991 2.1494
internal_count=4298 3992 3958 225 3733 34 306 50 256 255 46
is_linear=0
shrinkage=0.03


Tree=109
num_leaves=12
num_cat=0
split_feature=18 1 25 25 21 18 8 9 25 17 26
split_gain=8.42189 8.50477 10.3172 11.9835 9.21193 9.05755 8.95917 7.36358 4.36662 8.87575 0.00391335
threshold=0.0051906651288169707 0.02055416291253704 -0.000505418529753091 0.00014573410487927154 1983196.5000000002 0.016107158589417542 -0.0035314147194739245 0.36876117336910136 0.00046462623231768142 -0.0023143834585378944 -0.0020096095453059231
decision_type=2 2 2 2 2 2 2 2 2 2 2
left_child=7 5 4 -4 -3 6 -2 -1 10 -10 -9
right_child=1 2 3 -5 -6 -7 -8 8 9 -11 -12
leaf_value=0.028538965738988335 0.0030324685812576019 -0.030726955119469074 0.0063246492324503687 -0.001584356883678157 0.0037391480295680727 0.019163054771314535 -0.031843121792815662 -0.032030951307616053 0.084536084871986383 -0.03124694320118784 -0.030894644131327996
leaf_weight=2.6687679346650865 10.169020242989065 15.639429073780777 428.14851071871817 288.66639154404402 12.603838495910166 6.619103714823722 19.044815707951784 3.5909244995564249 0.94068177416920695 1.6256575016304839 11.347321436740456
leaf_count=29 84 165 1758 1380 52 22 204 86 3 52 463
internal_value=0.00125788 0.00175229 0.00243889 0.00313964 -0.0153461 -0.0125239 -0.0197033 -0.0178802 -0.0249573 0.0111929 -0.0311678
internal_weight=801.064 780.891 745.058 716.815 28.2433 35.8329 29.2138 20.1734 17.5046 2.56634 14.9382
internal_count=4298 3665 3355 3138 217 310 288 633 604 55 549
is_linear=0
shrinkage=0.03


Tree=110
num_leaves=12
num_cat=0
split_feature=29 5 8 26 25 10 10 0 5 6 22
split_gain=8.17458 12.1187 11.9042 14.0538 10.5855 10.5111 12.745 6.97868 9.36322 3.71427 0.209453
threshold=0.085232815619349214 -0.020768339107969862 -0.02365409438518894 0.0017324050256847707 0.00060394083698791785 -0.028334291865331075 -0.050179828331589814 0.0028240643821877101 0.012892700535546623 2852362.0000000005 551025324.42900002
decision_type=2 2 2 2 2 2 2 2 2 2 2
left_child=1 9 3 -3 -4 6 -2 8 -7 10 -1
right_child=5 2 4 -5 -6 7 -8 -9 -10 -11 -12
leaf_value=-0.035933692518201325 0.01951470804866972 0.031252897353484591 0.00058971183027800762 -0.023000532777154348 -0.018149611763285885 0.012677299276046817 -0.048911795704621473 0.034446146338162599 -0.024029653021224891 0.0036337502730475462 -0.045329049104489996
leaf_weight=4.4469743408262712 4.2666352242231369 21.206847023218874 636.85662444960326 5.3891872223466626 28.336962163448334 69.58076711371541 5.7532238475978357 11.497803360223768 6.8718610703945151 2.1535386592149726 4.1084742769598961
leaf_count=52 9 48 3696 29 205 163 26 19 23 8 20
internal_value=0.00122023 8.80774e-05 0.000578324 0.0202595 -0.000208575 0.00933839 -0.0197746 0.0126551 0.00937793 -0.0315813 -0.0404455
internal_weight=800.469 702.499 691.79 26.596 665.194 97.9703 10.0199 87.9504 76.4526 10.709 8.55545
internal_count=4298 4058 3978 77 3901 240 35 205 186 80 72
is_linear=0
shrinkage=0.03


Tree=111
num_leaves=14
num_cat=0
split_feature=28 28 28 28 16 26 6 14 15 1 18 6 18
split_gain=8.13931 9.43152 17.0908 26.7532 26.1638 15.6673 21.1335 6.95553 6.20841 3.73579 0.034308 0.0191571 0.0011276
threshold=0.0038532421834644756 0.002866508132802073 0.002319594087240156 0.0019262941420179437 0.87500000000000011 0.0044727673458257343 892581.00000000012 0.64191184573002757 -0.0022241207559305916 0.039774742581857765 0.009450886864571021 181248.00000000003 0.0081596573038254291
decision_type=2 2 2 2 2 2 2 2 2 2 2 2 2
left_child=1 2 3 -1 -4 9 -7 8 -2 -3 12 -12 -9
right_child=7 5 4 -5 -6 6 -8 10 -10 -11 11 -13 -14
leaf_value=-0.00017449960457399015 -0.037007486630603596 0.026928184322160674 -0.026923639279387328 0.019615258523744621 0.027537711052501156 -0.010128278590567294 0.026236528810124938 -0.031470401908573878 0.023216576359049182 0.060453014519976533 -0.034532852920860925 -0.037560731709648451 -0.032986491583824919
leaf_weight=593.62224361021072 2.2895185500383377 6.1001481078565103 40.508681732229888 68.583595037460327 9.8741914145648462 33.044163689017296 25.46891650557518 1.3039865763857941 4.7095258142799166 5.8703404068946838 3.0433275531977415 4.9222731217741966 0.66753956861793984
leaf_count=3159 23 28 346 265 35 237 62 37 24 6 34 32 10
internal_value=0.00118402 0.00162903 0.000593568 0.00187509 -0.0162501 0.0120976 0.00570019 -0.019392 0.00351616 0.0433688 -0.0355269 -0.0364039 -0.0319837
internal_weight=800.008 783.072 712.589 662.206 50.3829 70.4836 58.5131 16.9362 6.99904 11.9705 9.93713 7.9656 1.97153
internal_count=4298 4138 3805 3424 381 333 299 160 47 34 113 66 47
is_linear=0
shrinkage=0.03


Tree=112
num_leaves=14
num_cat=0
split_feature=3 5 17 13 8 12 26 18 8 11 6 29 18
split_gain=8.09854 10.7782 13.3063 11.5176 10.0518 16.3377 19.5642 17.5801 15.8889 16.3873 10.5011 0.278159 0.0384221
threshold=0.96523712336860235 0.0073050167974399319 -0.0073139831104160388 0.030526429072794292 -0.0069547827645786379 -0.0084835647451975537 -0.0015648198799579453 0.023529672879930422 -0.0053865599075476377 0.0090294624249944774 27191.000000000004 0.056201749382250719 0.0096453092851050085
decision_type=2 2 2 2 2 2 2 2 2 2 2 2 2
left_child=4 11 -3 -4 5 6 -1 -7 10 -10 -6 12 -2
right_child=1 2 3 -5 8 7 -8 -9 9 -11 -12 -13 -14
leaf_value=-0.015250450789598684 -0.032134832756002291 -0.04827812783415561 -0.025920392264893177 0.015697210792493192 -0.019074130053103554 -0.025635330811272464 0.0074402190465420494 0.018407906317739451 -0.006492475286703177 0.0059293276399792032 0.025003217731706977 -0.044325543886442255 -0.036399295711289442
leaf_weight=47.240524854511023 5.0784635227173549 4.9937993325293055 8.1748735038563627 22.339257132261992 5.4572963919490567 44.90793099347502 123.87609423138201 9.9667581021785718 132.33483216911554 344.16961075458676 44.792093394324183 3.0756592825055113 3.0395809393376112
leaf_count=249 117 27 120 79 73 387 515 20 955 1567 146 16 27
internal_value=0.00114872 -0.0109737 -0.0028817 0.00454767 0.00190082 -0.00339189 0.00117596 -0.0176359 0.00417153 0.00247954 0.0202162 -0.0366424 -0.0337315
internal_weight=799.447 46.7016 35.5079 30.5141 752.745 225.991 171.117 54.8747 526.754 476.504 50.2494 11.1937 8.11804
internal_count=4298 386 226 199 3912 1171 764 407 2741 2522 219 160 144
is_linear=0
shrinkage=0.03


Tree=113
num_leaves=14
num_cat=0
split_feature=21 0 24 28 21 5 29 13 20 29 29 25 18
split_gain=7.92279 8.82742 8.82674 8.68719 8.58114 9.69862 6.36129 5.24615 1.59187 0.334422 0.0164916 0.00893099 0.0018708
threshold=100913.50000000001 0.0054610425655233436 1.3622191759801467 -0.0006816705465809116 111086.00000000001 -0.0061261070396113459 0.077486233048236611 0.033170902217710414 -0.042572370344546022 0.062393998188577569 0.046369815542019445 0.00036061617792229307 0.0065902426170627113
decision_type=2 2 2 2 2 2 2 2 2 2 2 2 2
left_child=1 10 4 6 7 -6 -4 -2 -3 -5 12 -12 -1
right_child=2 8 3 9 5 -7 -8 -9 -10 -11 11 -13 -14
leaf_value=-0.03108201031880042 0.00548892366102727 0.042539863049334312 -0.020793985282470208 -0.036101185640766947 -0.0042138043661500502 0.003675698776699275 0.031660604362980765 0.064315694984497448 0.0039148587452523696 -0.048141879779142437 -0.032948869248463027 -0.035734971657689359 -0.032043518045183184
leaf_weight=3.0017245141789335 2.3868532329797736 1.5399467349052427 4.8311418388038891 5.1637455606833083 185.54499861225486 574.24575833324343 3.6549072116613388 3.1849637627601624 2.5513133518397799 3.471857912838459 2.8591305557638407 1.6234675180166958 4.6309328125789762
leaf_count=118 28 2 31 65 1003 2837 6 6 28 16 45 15 98
internal_value=0.00111449 -0.0196473 0.0015445 -0.0197587 0.00202107 0.00174904 0.001798 0.0391155 0.0184533 -0.040942 -0.0325136 -0.0339579 -0.0316654
internal_weight=798.691 16.2065 782.484 17.1217 765.363 759.791 8.48605 5.57182 4.09126 8.6356 12.1153 4.4826 7.63266
internal_count=4298 306 3992 118 3874 3840 37 34 30 81 276 60 216
is_linear=0
shrinkage=0.03


Tree=114
num_leaves=10
num_cat=0
split_feature=5 13 11 11 10 25 23 29 29
split_gain=7.85527 8.55346 13.0049 30.2381 16.5141 10.7798 12.7507 7.40233 0.057505
threshold=-0.02817455228034282 0.058572283069526117 0.023312449171704681 0.017651931256287588 0.026705751040061003 -9.7102269467849909e-05 1.276943849420872 0.073566847045656428 0.056556520758638942
decision_type=2 2 2 2 2 2 2 2 2
left_child=8 2 3 -2 -4 7 -7 -3 -1
right_child=1 5 4 -5 -6 6 -8 -9 -10
leaf_value=-0.035557574879025132 -0.0013160623014368048 0.029108251086967359 -0.013150610960258331 0.016720109988645995 0.0042134602971684977 -0.019186344669532545 0.0097101453407824612 0.00082817751276699503 -0.042441825389516366
leaf_weight=2.1607250478118649 369.58993904944509 29.708762764930725 124.09424760751426 108.13469625264406 81.77899266872555 18.916925020515919 50.249760203063488 11.575870618224142 2.2079048529267311
leaf_count=22 2568 51 629 468 324 67 130 27 12
internal_value=0.00108099 0.00130171 5.01435e-05 0.00276649 -0.00625308 0.00904781 0.00180702 0.0211788 -0.0390369
internal_weight=798.418 794.049 683.598 477.725 205.873 110.451 69.1667 41.2846 4.36863
internal_count=4298 4264 3989 3036 953 275 197 78 34
is_linear=0
shrinkage=0.03


Tree=115
num_leaves=13
num_cat=0
split_feature=26 13 25 25 25 26 26 28 12 22 21 29
split_gain=7.8539 13.9784 9.50598 31.1272 24.4521 19.9618 18.2083 17.9512 12.1764 8.21081 11.7436 0.546608
threshold=0.0071148393823792467 0.071525448488844165 0.00014573410487927154 0.00020685594365150631 0.00010794396705370389 -0.0005056213726506749 0.0027571472574932339 0.0021682424689025621 -0.026454380924657957 106085628.78950001 830317.50000000012 0.062393998188577569
decision_type=2 2 2 2 2 2 2 2 2 2 2 2
left_child=2 9 4 8 6 -6 -1 -5 -4 10 -2 -11
right_child=1 -3 3 7 5 -7 -8 -9 -10 11 -12 -13
leaf_value=-0.0024815651611748333 -0.03553448517292692 0.031949334688762869 0.0004464847445325023 -0.0030996938325958314 0.033980606834408303 -0.0024986846226248975 0.011470732781319342 0.015089481111711912 -0.035000232000456405 -0.035354210049691422 0.054121743364857013 -0.048569208009498002
leaf_weight=289.17090739775449 3.183229028247303 4.2239778190851203 11.850009832531212 197.90524956956506 40.894618443213403 20.153888558037579 118.7530788788572 64.829094109125435 33.039747417904437 4.7575054056942445 2.2402030928060412 6.9062969088554382
leaf_count=1602 60 8 48 1086 129 96 552 300 321 55 7 34
internal_value=0.00104898 -0.0169183 0.00154203 -0.00255609 0.00423021 0.0219377 0.00158017 0.00138844 -0.025643 -0.0289984 0.00149892 -0.043179
internal_weight=797.908 21.3112 776.597 307.624 468.972 61.0485 407.924 262.734 44.8898 17.0872 5.42343 11.6638
internal_count=4298 164 4134 1755 2379 225 2154 1386 369 156 67 89
is_linear=0
shrinkage=0.03


Tree=116
num_leaves=13
num_cat=0
split_feature=25 25 21 14 9 14 26 29 11 13 29 29
split_gain=7.81205 11.9475 11.8445 11.3807 18.5339 12.1477 9.17447 14.7434 5.0605 5.63294 4.64809 3.59749
threshold=-0.000505418529753091 -0.00040950722489395099 5683583.5000000009 0.10712369276016404 0.75380476500941496 0.58625732830820765 0.000574957170762595 0.040603387015693944 0.029840445270368821 0.037452297648247 0.050793687712928352 0.086966527147504621
decision_type=2 2 2 2 2 2 2 2 2 2 2 2
left_child=2 6 8 4 -3 -5 7 -2 11 -10 -8 -1
right_child=1 3 -4 5 -6 -7 10 -9 9 -11 -12 -13
leaf_value=-0.036447259384272131 -0.034223126115505792 0.011694762809863061 0.024790446770403242 0.0061600973528127337 -0.020424571679172603 -0.0020407896057981442 0.010345790377768851 0.029037623306235327 0.029053338958594931 -0.023212727943684539 -0.048409580584365647 0.0088430153201960651
leaf_weight=15.469841112382719 3.6929774880409232 23.570314396172762 5.8108909577131262 320.36455830279738 51.489809378050268 330.02331879641861 2.2521951608359805 32.45323633030057 3.0570860188454381 4.7229150198400021 2.6231228485703468 1.7578097134828556
leaf_count=215 56 110 20 1587 345 1822 17 71 13 23 13 6
internal_value=0.00101746 0.00161292 -0.0137919 0.000722258 -0.0103385 0.00199876 0.017364 0.0225744 -0.0227571 -0.00267522 -0.021267 -0.0318261
internal_weight=797.288 766.47 30.8185 725.448 75.0601 650.388 41.0215 36.1462 25.0077 7.78 4.87532 17.2277
internal_count=4298 4021 277 3864 455 3409 157 127 257 36 30 221
is_linear=0
shrinkage=0.03


Tree=117
num_leaves=12
num_cat=0
split_feature=18 1 25 25 18 8 9 25 25 17 28
split_gain=7.77874 7.88526 9.36436 11.2328 8.46843 8.76222 6.98632 6.87879 4.17381 7.83744 0.0032708
threshold=0.0051906651288169707 0.02055416291253704 -0.000505418529753091 -0.00040950722489395099 0.016107158589417542 -0.0035314147194739245 0.36876117336910136 -0.0011302574365555185 0.00046462623231768142 -0.0023143834585378944 -0.002381889437939906
decision_type=2 2 2 2 2 2 2 2 2 2 2
left_child=6 4 7 -4 5 -2 -1 -3 10 -10 -8
right_child=1 2 3 -5 -6 -7 8 -9 9 -11 -12
leaf_value=0.027672047230627661 0.0030268067870187444 0.010994997305399573 0.018271700085024406 0.0018650798887384569 0.018135878280020199 -0.031643461768690914 -0.032150274370720884 -0.023671599234883482 0.076706368443160769 -0.031208431736648605 -0.030932999751163232
leaf_weight=2.6379853710532215 10.12803638726473 6.8584089223295477 39.771513240411878 674.5405489038676 6.6492532715201369 18.625565202906728 2.383780345320706 20.698576320894063 0.98717558383941684 1.5673923464491952 11.924470801837739
leaf_count=29 84 30 129 3009 22 204 50 187 3 52 499
internal_value=0.000986956 0.00145647 0.00211655 0.00277857 -0.0123756 -0.0194314 -0.0177271 -0.0150437 -0.0248293 0.0104937 -0.0311358
internal_weight=796.773 777.272 741.869 714.312 35.4029 28.7536 19.5008 27.557 16.8628 2.55457 14.3083
internal_count=4298 3665 3355 3138 310 288 633 217 604 55 549
is_linear=0
shrinkage=0.03


Tree=118
num_leaves=12
num_cat=0
split_feature=21 18 14 9 14 20 18 28 28 9 28
split_gain=7.62668 7.89081 7.7592 20.7322 9.44551 4.98335 0.0147215 0.00703484 0.00277721 0.000315161 0.000297122
threshold=82986.500000000015 0.0040418477036879086 0.10712369276016404 0.97456130556196296 0.6044465265864658 -0.043916479121740799 0.010794746005883106 -0.00091191129574720684 -0.0019621318720245699 0.48312057518539447 -0.0019621318720245699
decision_type=2 2 2 2 2 2 2 2 2 2 2
left_child=5 9 3 -3 -4 -1 8 -8 -7 -2 -11
right_child=1 2 4 -5 -6 6 7 -9 -10 10 -12
leaf_value=0.018227599505215377 -0.031577428069001712 0.0088476700483645469 0.0060880071051858777 -0.020685682213798243 -0.00092463253646470989 -0.032839772803457193 -0.035810605575229908 -0.032804176558325571 -0.031316009523698812 -0.031391345633156043 -0.030795563981114001
leaf_weight=2.1444214396178713 0.64722664002329011 40.108289459720254 352.87584474962205 45.844698587432504 338.86441014427692 1.3455920517444599 1.3111558929085734 1.5039615985006092 5.3831263203173867 0.87996188737452019 5.2363587012514472
leaf_count=11 17 163 1634 296 1691 22 11 24 170 24 235
internal_value=0.000957408 0.00131582 0.00159642 -0.00690452 0.00265271 -0.0230974 -0.0323828 -0.0342044 -0.0316207 -0.0309479 -0.0308813
internal_weight=796.145 784.457 777.693 85.953 691.74 11.6883 9.54384 2.81512 6.72872 6.76355 6.11632
internal_count=4298 4060 3784 459 3325 238 227 35 192 276 259
is_linear=0
shrinkage=0.03


Tree=119
num_leaves=13
num_cat=0
split_feature=3 9 0 1 14 9 17 14 1 14 20 0
split_gain=7.62463 10.7254 12.9168 11.6749 8.36923 19.3451 15.5886 12.5533 17.1397 10.1451 7.10205 5.56808
threshold=0.96523712336860235 0.47371069596736548 -0.0068229262039919301 0.097050402609990122 0.10712369276016404 0.97456130556196296 -0.0069161715244508573 0.6044465265864658 0.038924982494747427 0.54736024844720632 -0.039914744701780712 0.00072410820876764109
decision_type=2 2 2 2 2 2 2 2 2 2 2 2
left_child=4 11 -3 -4 5 6 -1 9 -9 -6 -7 -2
right_child=1 2 3 -5 7 10 -8 8 -10 -11 -12 -13
leaf_value=0.020635290020278228 -0.0026240953588068175 0.030958137129501889 -0.029334632491397183 0.043153269312231936 0.0047837685886584656 -0.012731209686724896 -0.022722546483581726 -0.0076528196832194957 0.006232017917617798 0.020283143170551632 -0.038714976902932165 0.044473184059476145
leaf_weight=26.609470799565315 5.1311756148934347 4.2629659324884406 30.445200844667852 2.1402698904275885 301.73651887383312 29.640534909442067 10.371958298608659 180.12550709862262 143.9639101549983 43.485275764018297 13.910113406367598 4.0363933593034744
leaf_count=77 29 20 319 3 1497 147 83 1219 532 198 159 15
internal_value=0.000928533 -0.0109249 -0.0181491 -0.0245735 0.00165595 -0.00748115 0.00847498 0.00275533 -0.00148503 0.00673612 -0.0210304 0.0181124
internal_weight=795.859 46.016 36.8484 32.5855 749.843 80.5321 36.9814 669.311 324.089 345.222 43.5506 9.16757
internal_count=4298 386 342 322 3912 466 160 3446 1751 1695 306 44
is_linear=0
shrinkage=0.03


Tree=120
num_leaves=14
num_cat=0
split_feature=28 28 28 15 28 26 6 5 14 20 29 23 23
split_gain=7.55526 8.60939 15.8366 20.4511 17.1659 14.2496 19.5277 8.02798 6.51476 5.89164 0.025746 0.0117056 0.00466825
threshold=0.0038532421834644756 0.002866508132802073 0.0024722890846239909 0.017813940964861382 0.0019262941420179437 0.0044727673458257343 892581.00000000012 -0.002818655709457676 0.64191184573002757 -0.025226561371656093 0.058742940475934376 1.7374086800060387 1.0407256810175005
decision_type=2 2 2 2 2 2 2 2 2 2 2 2 2
left_child=1 2 4 -4 -1 7 -7 -3 9 -2 11 -10 -12
right_child=8 5 3 -5 -6 6 -8 -9 10 -11 12 -13 -14
leaf_value=-0.00037738838778369165 -0.037624876553022456 0.061500732759085693 -0.028331769420120657 0.03169146756792298 0.014373842165083459 -0.010110259039461505 0.024990662028884138 0.011555450461496149 -0.032302930036050753 0.021767818666887009 -0.035944075211627145 -0.035469713989000957 -0.037768173025805478
leaf_weight=590.3510845573619 2.2019452843815088 7.1019167043268681 31.526479669846594 6.0967888236045829 80.705304343253374 32.685616252943873 25.310363015159965 4.891213605180381 2.598317136988042 4.736857506446543 3.002297718077898 1.7635012138634918 2.1792431473731995
leaf_count=3159 18 16 293 11 342 237 62 18 57 29 25 17 14
internal_value=0.000900688 0.00132614 0.000334804 -0.0186051 0.00139668 0.011364 0.00520834 0.0411313 -0.019199 0.00292026 -0.0352816 -0.0335833 -0.0367113
internal_weight=795.151 778.669 708.68 37.6233 671.056 69.9891 57.996 11.9931 16.4822 6.9388 9.54336 4.36182 5.18154
internal_count=4298 4138 3805 304 3501 333 299 34 160 47 113 74 39
is_linear=0
shrinkage=0.03


Tree=121
num_leaves=10
num_cat=0
split_feature=5 1 23 18 23 28 29 5 29
split_gain=7.51504 8.96651 10.9168 10.8097 15.3086 13.0347 7.81193 5.60039 0.0534359
threshold=-0.02817455228034282 0.078969594643568702 5.5999527103497408 0.018710582895805232 6.3527416718800076 -0.0031803378342627965 0.031210994378518816 0.0020217891808388486 0.056556520758638942
decision_type=2 2 2 2 2 2 2 2 2
left_child=8 3 6 5 -5 -2 -3 -4 -1
right_child=1 2 7 4 -6 -7 -8 -9 -10
leaf_value=-0.035382081367183606 -0.026231420470836243 0.050890662379123881 -0.0016649802837771215 0.0045264224591259929 0.039206953785610767 -0.00083048100198061434 0.01321922771485127 -0.047926678172983975 -0.042090508092102012
leaf_weight=2.1027316488325587 18.781318520195782 5.4850763119757167 7.8680620044469816 121.14009770005941 12.651678182184694 569.82666253577918 51.190886527299881 3.3612722009420395 2.1730119585990906
leaf_count=22 151 17 26 333 23 3565 131 18 12
internal_value=0.000873744 0.00108834 0.0115109 0.00010863 0.0078059 -0.00164097 0.0168651 -0.0155125 -0.0387914
internal_weight=794.581 790.305 67.9053 722.4 133.792 588.608 56.676 11.2293 4.27574
internal_count=4298 4264 192 4072 356 3716 148 44 34
is_linear=0
shrinkage=0.03


Tree=122
num_leaves=15
num_cat=0
split_feature=29 5 8 27 20 3 8 8 13 3 24 6 25 22
split_gain=7.33836 10.9853 10.8406 13.4047 10.499 9.8981 8.1249 13.6472 7.92607 8.21557 6.25646 3.90572 2.54233 0.180108
threshold=0.085232815619349214 -0.020768339107969862 -0.02365409438518894 -0.010608399269195056 -0.031792798992944328 0.057916778196033684 -0.007450287690601993 -0.0027426195592643557 0.034874631393595167 0.81261760215855428 0.57476641497013126 4243205.0000000009 0.00021773358020248402 551025324.42900002
decision_type=2 2 2 2 2 2 2 2 2 2 2 2 2 2
left_child=1 11 3 -3 6 -4 12 -8 10 -10 -6 13 -2 -1
right_child=4 2 5 -5 8 -7 7 -9 9 -11 -12 -13 -14 -15
leaf_value=-0.035728011619742928 -0.015715717932468114 0.040881846098554234 -0.012234673081786305 -0.0018264134233366249 0.0063776305371963556 0.00062974364804055806 0.030478466071011037 -0.024530582703752437 0.013082169763120344 -0.018727644671947166 0.038280917742677882 0.0070986041489699342 -0.049599359301397895 -0.044556385435644982
leaf_weight=4.349148868583141 3.8370292782783535 12.943476935848595 59.122849815525115 13.526056705042718 8.2082690149545687 601.1414281418547 8.3209845572710073 7.924622014164922 38.687859058380127 9.0089151747524721 16.969125725328922 1.9617871046066273 4.1467507928609848 3.9857707023620605
leaf_count=53 16 26 451 51 23 3450 15 28 83 30 27 7 18 20
internal_value=0.000847715 -0.000228665 0.0002325 0.0190577 0.0085742 -0.000522191 -0.00853355 0.003645 0.0142622 0.00707397 0.0278799 -0.0309858 -0.0333148 -0.0399498
internal_weight=794.134 697.031 686.734 26.4695 97.1036 660.264 24.2294 16.2456 72.8742 47.6968 25.1774 10.2967 7.98378 8.33492
internal_count=4298 4058 3978 77 240 3901 77 43 163 113 50 80 34 73
is_linear=0
shrinkage=0.03


Tree=123
num_leaves=12
num_cat=0
split_feature=28 28 28 16 28 26 6 5 8 21 6
split_gain=7.27599 8.08092 15.2797 23.9653 22.241 13.4515 18.2755 7.44131 6.38624 5.34062 0.0468423
threshold=0.0038532421834644756 0.002866508132802073 0.002319594087240156 0.87500000000000011 0.0019262941420179437 0.0044727673458257343 892581.00000000012 -0.002818655709457676 0.011247009179317402 12012465.500000002 181248.00000000003
decision_type=2 2 2 2 2 2 2 2 2 2 2
left_child=1 2 4 -4 -1 7 -7 -3 9 10 -2
right_child=8 5 3 -5 -6 6 -8 -9 -10 -11 -12
leaf_value=-0.00040202583410435587 -0.033292787865616784 0.059315286400220428 -0.026295300855948535 0.026125852497385693 0.017623996189802031 -0.0098998511914601059 0.02410629441042321 0.011313039162464903 0.020595777052185862 0.020519642090007346 -0.037161042186058903
leaf_weight=589.47228167485446 4.9785272888839263 7.1520222760736942 39.394301388412714 9.8019095622003061 68.791322368197143 32.544836889952421 25.264604276046157 4.8962742108851653 2.9823521859943858 1.7690182141959656 6.4904439244419336
leaf_count=3159 87 16 346 35 265 237 62 18 11 8 54
internal_value=0.000822694 0.00123766 0.000276472 -0.0158509 0.00148177 0.0109718 0.00496194 0.0398078 -0.0190635 -0.0279983 -0.0354819
internal_weight=793.538 777.318 707.46 49.1962 658.264 69.8577 57.8094 12.0483 16.2203 13.238 11.469
internal_count=4298 4138 3805 381 3424 333 299 34 160 149 141
is_linear=0
shrinkage=0.03


Tree=124
num_leaves=14
num_cat=0
split_feature=3 17 13 22 8 12 26 18 8 1 7 1 29
split_gain=7.31536 9.68243 14.3674 9.10581 9.06077 15.1034 17.5336 15.9108 14.5886 12.4771 8.60902 6.34213 0.293161
threshold=0.96523712336860235 -0.0073139831104160388 0.030526429072794292 138577727.48350003 -0.0069547827645786379 -0.0084835647451975537 -0.0015648198799579453 0.023529672879930422 -0.0053865599075476377 0.021815029459897016 118053879.26800002 0.11404616595390836 0.065418623164105863
decision_type=2 2 2 2 2 2 2 2 2 2 2 2 2
left_child=4 12 11 -4 5 6 -1 -7 10 -10 -6 -3 -2
right_child=1 2 3 -5 8 7 -8 -9 9 -11 -12 -13 -14
leaf_value=-0.014842609505157426 -0.039749189414381776 -0.035220352064366432 0.027299916947585826 -0.0086745313346073757 0.025378377302564231 -0.025136976669734447 0.0067611548191677121 0.01712671573316318 -0.012616789914352963 0.0036557009243168388 -0.0054080485361588044 0.046464365186858501 -0.053074097547646727
leaf_weight=46.586865447461605 2.9021415598690501 13.116749953478571 11.747349139302971 13.737991150468586 39.82758629322052 43.886291709728539 123.28698757663369 9.8085310310125333 47.088251960463822 426.67130068317056 10.286085393279789 0.91513723134994585 3.0453282296657562
leaf_count=249 21 240 49 62 178 387 515 20 448 2074 41 1 13
internal_value=0.000798093 -0.0108856 -0.00551466 0.00790772 0.00150878 -0.00354741 0.000836455 -0.0174166 0.00366656 0.00203833 0.0190593 -0.029893 -0.046572
internal_weight=792.907 45.4647 39.5172 25.4853 747.442 223.569 169.874 53.6948 523.873 473.76 50.1137 14.0319 5.94747
internal_count=4298 386 352 111 3912 1171 764 407 2741 2522 219 241 34
is_linear=0
shrinkage=0.03


Tree=125
num_leaves=12
num_cat=0
split_feature=21 18 29 29 1 20 18 25 28 9 28
split_gain=7.1761 7.44276 7.27387 13.9146 11.5367 4.65584 0.0130896 0.0073965 0.0024037 0.000281063 0.000271979
threshold=82986.500000000015 0.0040418477036879086 0.020007434860058581 0.028047799383313053 0.035591166833398261 -0.043916479121740799 0.010794746005883106 0.00035709747270263323 -0.0019621318720245699 0.48312057518539447 -0.0019621318720245699
decision_type=2 2 2 2 2 2 2 2 2 2 2
left_child=5 9 4 -4 -3 -1 8 -8 -7 -2 -11
right_child=1 2 3 -5 -6 6 7 -9 -10 10 -12
leaf_value=0.017331245019609823 -0.031522279086748879 0.02892691669251048 -0.021768222145341378 0.0015860740834694597 -0.017218545298769282 -0.03271697644970064 -0.032662075051509115 -0.035826955464518008 -0.031268372467891853 -0.031349024236748388 -0.030766982266157799
leaf_weight=2.0911555998027316 0.62077296711504359 19.041434258222584 23.711262159049511 725.15135517250746 6.5544744860380879 1.2895450461655844 1.5176967773586514 1.1823235787451265 5.1402101209387174 0.8443416142836212 5.0093314885161817
leaf_count=11 17 107 343 3295 39 22 25 10 170 24 235
internal_value=0.000774067 0.00111634 0.00138412 0.000846606 0.0171102 -0.0230466 -0.032295 -0.034048 -0.0315589 -0.0309153 -0.0308509
internal_weight=792.154 780.933 774.459 748.863 25.5959 11.2209 9.12978 2.70002 6.42976 6.47445 5.85367
internal_count=4298 4060 3784 3638 146 238 227 35 192 276 259
is_linear=0
shrinkage=0.03


Tree=126
num_leaves=13
num_cat=0
split_feature=26 13 5 5 9 16 5 13 25 7 21 29
split_gain=7.01182 13.0384 8.8299 14.0614 21.598 16.4065 14.0504 20.2753 10.5377 7.27087 9.68477 0.416246
threshold=0.0071148393823792467 0.071525448488844165 -0.0061261070396113459 -0.0080771373201303891 11.3762042886671 1.0000000180025095e-35 -0.005705877845652586 0.017958806923608798 0.00014573410487927154 21071722.856000002 830317.50000000012 0.062393998188577569
decision_type=2 2 2 2 2 2 2 2 2 2 2 2
left_child=2 9 3 5 -5 -1 7 -4 -8 10 -2 -11
right_child=1 -3 6 4 -6 -7 8 -9 -10 11 -12 -13
leaf_value=-0.041714297469435342 -0.035023138066650625 0.031095581136394931 0.11295610449890942 -0.029880963631834179 0.037980180518496928 0.0019971204710606929 0.0055852088652198232 0.016035665064275392 -0.0027810108316306164 -0.035673088872775947 0.043274011638784256 -0.047800556483567569
leaf_weight=8.1710419412702304 3.3093376457691255 4.1418872177600852 2.3881777385249725 32.229128957726061 4.8570970250293604 142.54016131255776 348.99373453576118 10.411292206495999 221.49145930074155 4.1703738905489427 2.4927936876192689 6.5440308079123497
leaf_count=54 66 8 12 235 11 765 1740 52 1265 48 9 33
internal_value=0.000750734 -0.0164976 0.00121284 -0.00444491 -0.0209933 -0.000372762 0.00303444 0.0341195 0.00233702 -0.0284326 -0.00138401 -0.0430802
internal_weight=791.741 20.6584 771.082 187.797 37.0862 150.711 583.285 12.7995 570.485 16.5165 5.80213 10.7144
internal_count=4298 164 4134 1065 246 819 3069 64 3005 156 75 81
is_linear=0
shrinkage=0.03


Tree=127
num_leaves=13
num_cat=0
split_feature=25 25 25 3 28 0 11 25 24 18 15 29
split_gain=7.0567 10.6971 10.3946 10.366 10.6088 10.292 8.41136 8.22334 13.4411 10.6958 4.14077 0.184892
threshold=-0.000505418529753091 -0.00040950722489395099 -0.0011302574365555185 0.96128724216959471 0.0011097904226121536 0.00047094940264959516 0.03347328528615285 -0.00044161127236986788 0.79708439659599206 0.019497224620291877 0.0079243849921618054 0.057351777996037516
decision_type=2 2 2 2 2 2 2 2 2 2 2 2
left_child=2 7 10 5 -5 -3 11 9 -9 -2 -1 -4
right_child=1 3 6 4 -6 -7 -8 8 -10 -11 -12 -13
leaf_value=0.033272841755508917 -0.017429673801110171 0.0044190929949773396 -0.033432809677312048 -0.029247679027210111 0.00249563192480819 -0.0030496808779400058 0.0041499980102917529 0.037819019581927883 -0.014634980028799122 0.03960816288856104 -0.010842702390859897 -0.040060520013041764
leaf_weight=4.8218334233388331 10.667063493281601 397.18034701887518 8.7189476750791091 20.766750438138843 17.427368448115885 285.35192763339728 6.604653760790824 20.281987345777456 5.6134741501882663 4.0947197526693335 3.1762421056628227 6.6986515894532195
leaf_count=23 62 1991 171 204 138 1531 25 53 36 6 16 42
internal_value=0.000727525 0.00129003 -0.013539 0.000445464 -0.0147637 0.00129656 -0.0241774 0.0162616 0.0264483 -0.00160815 0.0157534 -0.0363124
internal_weight=791.404 761.384 30.0203 720.726 38.1941 682.532 22.0223 40.6572 25.8955 14.7618 7.99808 15.4176
internal_count=4298 4021 277 3864 342 3522 238 157 89 68 39 213
is_linear=0
shrinkage=0.03


Tree=128
num_leaves=14
num_cat=0
split_feature=29 25 4 0 21 26 17 20 0 27 20 0 23
split_gain=6.86394 10.4009 10.5955 15.3327 12.004 10.4865 11.6443 9.66283 8.46939 8.52909 7.84847 9.41936 2.08558
threshold=0.085232815619349214 0.00060394083698791785 217.50000000000003 0.00052695696955630067 1049111.0000000002 -0.005986589993506884 -0.017245509895986534 -0.031792798992944328 0.00094068492022003939 -0.012171121025330764 -0.024912869760203762 0.0027007686025404434 1.1711535085308085
decision_type=2 2 2 2 2 2 2 2 2 2 2 2 2
left_child=1 2 4 -4 -1 -3 -7 8 9 -2 -9 -12 -10
right_child=7 5 3 -5 -6 6 -8 10 12 -11 11 -13 -14
leaf_value=-0.010458506712965505 0.018702121874173645 0.012293468858143766 0.0094230688019441202 -0.0034618437992741929 0.0013156724907504385 0.066952918095686542 -0.034130414981575409 0.03685615560168163 -0.046723943456408658 -0.02869130710154378 0.0048218391671169701 0.039222163914845398 -0.015494514772251167
leaf_weight=131.38607759866863 11.171520859003071 7.5423140563070801 201.12467037234455 141.66442148387432 191.54313418921083 1.0812051594257415 19.959375063888725 11.12056355178356 4.6140046119689933 4.9237314909696588 53.080067876726389 8.2813864387571794 3.3018977344036102
leaf_count=1266 24 26 954 781 846 2 183 17 21 20 133 13 12
internal_value=0.000705774 -0.000336185 0.00042465 0.00409812 -0.00347474 -0.0180566 -0.0289361 0.00820302 -0.00829127 0.0042039 0.0136671 0.00946453 -0.0336975
internal_weight=790.794 694.301 665.718 342.789 322.929 28.5829 21.0406 96.4932 24.0112 16.0953 72.482 61.3615 7.9159
internal_count=4298 4058 3847 1735 2112 211 185 240 77 44 163 146 33
is_linear=0
shrinkage=0.03


Tree=129
num_leaves=10
num_cat=0
split_feature=5 13 11 11 14 9 0 11 29
split_gain=6.89787 7.73953 12.0897 27.6417 12.9396 10.7414 17.4157 11.3322 0.0475402
threshold=-0.02817455228034282 0.058572283069526117 0.023312449171704681 0.017651931256287588 0.80359616089845798 1.8607973327954015 -0.0014333310181208812 0.020357093579328221 0.056556520758638942
decision_type=2 2 2 2 2 2 2 2 2
left_child=8 2 3 -2 -4 6 -3 -7 -1
right_child=1 5 4 -5 -6 7 -8 -9 -10
leaf_value=-0.034991909896542231 -0.0016093515107561383 0.022004456895989882 -0.013398393544568636 0.01569261257140412 0.0017798992436309177 -0.0090224123402983525 -0.012822395225626549 0.025375127540752464 -0.041491565957398648
leaf_weight=1.9649929776787747 365.86385948723182 19.826041392982006 109.98887578956783 107.52657228801399 93.538425715640187 10.906943842768667 37.11380048841238 41.107893399894238 2.0900561884045601
leaf_count=22 2568 41 516 468 437 37 117 80 12
internal_value=0.00068486 0.000886236 -0.000308185 0.00232064 -0.00642265 0.00830698 -0.000695937 0.0181623 -0.038342
internal_weight=789.927 785.872 676.918 473.39 203.527 108.955 56.9398 52.0148 4.05505
internal_count=4298 4264 3989 3036 953 275 158 117 34
is_linear=0
shrinkage=0.03


Tree=130
num_leaves=12
num_cat=0
split_feature=28 28 25 28 24 13 14 8 21 29 29
split_gain=6.89556 7.32215 15.0126 15.3415 12.8969 17.0335 12.6612 6.05986 5.04123 0.124122 0.0451841
threshold=0.0038532421834644756 0.002866508132802073 -0.00074090273753692323 0.002319594087240156 0.67795160315294611 0.042583182504133205 0.8112798753505478 0.011247009179317402 12012465.500000002 0.072086805711717494 0.058742940475934376
decision_type=2 2 2 2 2 2 2 2 2 2 2
left_child=1 2 9 -4 6 -6 -3 8 10 -1 -2
right_child=7 4 3 -5 5 -7 -8 -9 -10 -11 -12
leaf_value=-0.035181463389558174 -0.033358139090066533 0.0041467031587570594 0.0018857196250294012 -0.015580692508036904 0.008058945820425047 -0.05216722022934956 0.034646183443845624 0.019768482704857874 0.01910234687401131 -0.042834363651128228 -0.03718516279343359
leaf_weight=6.8560128789395076 5.4244482847861928 25.71494392119348 645.94910231791437 48.668743699789047 14.287110337056221 6.0019576102495185 23.394422659650445 2.9624476619064799 1.7770414054393757 2.6425807327032089 5.6880220994353294
leaf_count=106 98 136 3304 381 95 28 74 11 8 14 43
internal_value=0.000664622 0.00106602 0.000149675 0.000661927 0.0103632 -0.00975729 0.0186759 -0.018922 -0.0278144 -0.0373106 -0.035317
internal_weight=789.367 773.515 704.116 694.618 69.3984 20.2891 49.1094 15.852 12.8895 9.49859 11.1125
internal_count=4298 4138 3805 3685 333 123 210 160 149 120 141
is_linear=0
shrinkage=0.03


Tree=131
num_leaves=15
num_cat=0
split_feature=28 28 28 6 17 20 28 13 0 11 8 14 18 13
split_gain=6.73326 22.3317 15.78 14.9906 13.9542 18.1113 12.9073 12.7893 20.7257 12.5973 11.9174 11.6922 11.5665 10.6954
threshold=-0.002381889437939906 -0.0026507875905381274 -0.0011492101538240235 287679.00000000006 0.00018488858827433094 -0.032551724690732073 -0.0026086883198255697 0.023655504838080491 -0.00079482832601033659 0.017776385877986585 0.00089536174066217895 0.6044465265864658 0.0099501518403551162 0.063616962587797324
decision_type=2 2 2 2 2 2 2 2 2 2 2 2 2 2
left_child=1 3 4 12 10 -6 -3 8 -4 -8 -2 -9 -1 -5
right_child=2 6 7 13 5 -7 9 11 -10 -11 -12 -13 -14 -15
leaf_value=-0.022633072460581022 -0.045255402433033207 0.039692901887510207 -0.035790407966745132 -0.031252512471656328 -0.043431915274253219 0.0088972162195798954 -0.011036095980884984 0.0074476420077435176 -0.0016112165127610348 0.031859716819295079 -0.0071208455345314614 -0.0016602582932846793 0.015632232385094983 0.0061670588211035016
leaf_weight=8.8524810504168254 17.738726623356346 22.525512367486954 20.644203178584576 20.947146104648713 7.4934763237833968 28.947578859515488 13.636940902099015 251.40088050067425 70.47860900638625 11.2401379160583 12.624470043927429 256.05740827973932 36.107234552502632 10.232686221599577
leaf_count=117 123 52 356 115 46 137 67 951 957 24 90 1116 121 26
internal_value=0.000644511 0.00707649 -0.000549714 -0.00298751 -0.0143789 -0.00186337 0.0232416 0.000993686 -0.00935464 0.00834539 -0.0293997 0.0028519 0.00809787 -0.0189721
internal_weight=788.927 123.542 665.385 76.1395 66.8043 36.4411 47.4026 598.581 91.1228 24.8771 30.3632 507.458 44.9597 31.1798
internal_count=4298 522 3776 379 396 183 143 3380 1313 91 213 2067 238 141
is_linear=0
shrinkage=0.03


Tree=132
num_leaves=12
num_cat=0
split_feature=21 18 18 18 0 22 28 29 28 9 9
split_gain=6.75809 7.02964 7.90091 8.53418 4.51618 3.93983 0.0100802 0.00323999 0.000250908 0.000176701 8.46285e-05
threshold=82986.500000000015 0.0040418477036879086 0.0041705551585344731 0.0051906651288169707 0.013374884586526711 21941153.726500001 -0.0026994832997675297 0.042897078898590145 -0.0016303851007375234 0.51320257533982661 1.9512348746972854
decision_type=2 2 2 2 2 2 2 2 2 2 2
left_child=4 8 5 -4 6 -3 -1 -8 10 -10 -2
right_child=1 2 3 -5 -6 -7 7 -9 9 -11 -12
leaf_value=-0.034761733555840398 -0.031485033613630468 0.10799831990395072 -0.031340650234410718 0.0013423744810275666 0.017362756513103015 0.028264851331461571 -0.031239569832732191 -0.032483405829730277 -0.031306809831578485 -0.030729718473551271 -0.030944421665502504
leaf_weight=1.1991493180394162 0.70911986194550969 0.82063786126673166 7.2590998578816643 761.03419592790306 2.0368825048208228 1.7410722058266399 4.1657439805567256 3.4421860091388226 0.53367003239691158 4.5386496912688017 0.41203466523438692
leaf_count=16 18 4 258 3496 13 26 143 66 17 225 16
internal_value=0.000624961 0.000953185 0.00120895 0.00103357 -0.0228946 0.0538073 -0.0322053 -0.0318023 -0.0308802 -0.0307904 -0.0312864
internal_weight=787.892 777.048 770.855 768.293 10.844 2.56171 8.80708 7.60793 6.19347 5.07232 1.12115
internal_count=4298 4060 3784 3754 238 30 225 209 276 242 34
is_linear=0
shrinkage=0.03


Tree=133
num_leaves=10
num_cat=0
split_feature=5 13 10 21 11 24 10 5 29
split_gain=6.59265 7.15111 12.0268 16.2333 14.2178 10.1528 15.9016 9.16606 0.0434435
threshold=-0.02817455228034282 0.058572283069526117 -0.03596614464711239 456725.00000000006 0.023312449171704681 0.58508972539404513 -0.0031313467172714477 0.017919901516689225 0.056556520758638942
decision_type=2 2 2 2 2 2 2 2 2
left_child=8 2 3 -2 -4 6 -3 -7 -1
right_child=1 5 4 -5 -6 7 -8 -9 -10
leaf_value=-0.034810852875381659 0.024609385150262984 -0.014996288900609915 0.0032384614628222725 -0.042534526670309533 -0.0063101658926566053 -0.0027340729685048073 0.03045663576408697 0.032782821733888329 -0.041109917347051973
leaf_weight=1.9038487160578363 4.3613325431942966 8.9700299203395826 455.2353489799425 12.612031284719704 202.89276932086796 61.825785916298628 30.417991444468498 7.3132197856903067 2.0426572859287262
leaf_count=22 15 29 2947 74 953 183 52 11 12
internal_value=0.000605954 0.00080074 -0.000348306 -0.0252818 0.000294738 0.00794847 0.0201054 0.00102275 -0.0380712
internal_weight=787.575 783.629 675.101 16.9734 658.128 108.527 39.388 69.139 3.94651
internal_count=4298 4264 3989 89 3900 275 81 194 34
is_linear=0
shrinkage=0.03


Tree=134
num_leaves=13
num_cat=0
split_feature=26 13 5 5 16 29 5 15 25 22 21 29
split_gain=6.69074 11.7761 7.98335 13.1526 15.3569 13.1786 12.7119 19.1393 9.53893 7.74601 10.3103 0.400255
threshold=0.0071148393823792467 0.071525448488844165 -0.0061261070396113459 -0.0080771373201303891 1.0000000180025095e-35 0.022162167277968024 -0.005705877845652586 0.0012727227033413138 0.00014573410487927154 106085628.78950001 830317.50000000012 0.062393998188577569
decision_type=2 2 2 2 2 2 2 2 2 2 2 2
left_child=2 9 3 4 -1 -5 7 -4 -8 10 -2 -11
right_child=1 -3 6 5 -6 -7 8 -9 -10 11 -12 -13
leaf_value=-0.04111510412684348 -0.035117425225794682 0.029512124588348215 0.056663178979330028 0.046202006036600407 0.0018358059974373886 -0.025404143056094376 0.0051921920548609829 -0.021788885289227782 -0.0027878215530318857 -0.035058242379604476 0.050500137558269639 -0.046714827699427974
leaf_weight=7.9101475458592168 2.8770285909995499 4.0173776149749747 8.9349568467587215 2.4821927985176435 141.75122486520559 33.974684090353549 347.626598758623 4.0752159645780912 220.2167970687151 4.4261584421619755 2.2604389088228345 6.6109886988997459
leaf_count=54 60 8 30 13 765 233 1740 34 1265 55 7 34
internal_value=0.000587894 -0.0164582 0.00103667 -0.00437042 -0.000434306 -0.0205288 0.00276921 0.0320894 0.00209744 -0.0278761 0.00255352 -0.0420403
internal_weight=787.164 20.192 766.972 186.118 149.661 36.4569 580.854 13.0102 567.843 16.1746 5.13747 11.0371
internal_count=4298 164 4134 1065 819 246 3069 64 3005 156 67 89
is_linear=0
shrinkage=0.03


Tree=135
num_leaves=10
num_cat=0
split_feature=13 13 26 13 5 1 18 26 18
split_gain=6.51343 7.98031 6.38579 11.2412 7.27337 2.15502 0.00243574 0.000460813 0.000378036
threshold=0.01154659291559414 0.012025371686827347 0.0071148393823792467 0.071525448488844165 -0.0061261070396113459 0.023091970855176707 0.0066190276616974152 -0.0022494309990797779 0.0051906651288169707
decision_type=2 2 2 2 2 2 2 2 2
left_child=6 5 4 -4 -3 -2 7 -1 -9
right_child=1 2 3 -5 -6 -7 -8 8 -10
leaf_value=-0.031550912805216338 0.088790265093479065 -0.004108398471812537 -0.027507853048678817 0.028853498950411824 0.0027357582005854276 0.032153143647463536 -0.032832167844947524 -0.030680355282616797 -0.031363578661813558
leaf_weight=1.0669989427551625 0.9722277913242573 184.73071792535484 15.841977342497559 3.9862829893827429 573.86504236143082 1.5991454161703584 0.74913415126502503 2.9701087316498156 0.96590668149292458
leaf_count=29 13 1016 151 8 2867 21 13 155 25
internal_value=0.000569828 0.000804089 0.000629796 -0.0161769 0.00106909 0.0535675 -0.0312368 -0.0309979 -0.030848
internal_weight=786.748 780.995 778.424 19.8283 758.596 2.57137 5.75215 5.00301 3.93602
internal_count=4298 4076 4042 159 3883 34 222 209 180
is_linear=0
shrinkage=0.03


Tree=136
num_leaves=14
num_cat=0
split_feature=25 21 15 25 28 1 28 26 29 14 13 29 13
split_gain=6.51037 10.6538 10.7126 9.92969 9.78857 22.1746 17.3769 8.3253 12.9186 6.52703 4.76683 4.58196 0.19862
threshold=-0.000505418529753091 1983196.5000000002 -0.0015579575355220614 -0.00040950722489395099 -0.0032118460749505869 0.057176533759413374 -0.0025749740866414482 0.000574957170762595 0.046709763452476245 0.97164950097109293 0.039505022802151728 0.05048000497443051 0.048501911982383773
decision_type=2 2 2 2 2 2 2 2 2 2 2 2 2
left_child=1 9 -3 7 5 -5 -6 8 -2 12 -4 -9 -1
right_child=3 2 10 4 6 -7 -8 11 -10 -11 -12 -13 -14
leaf_value=-0.034842741115299107 -0.018652307381801007 -0.039461841088381876 0.0051819345751954954 -0.041874213559512069 0.014440571704184935 0.021365214767836281 -0.00076608131984523163 0.010945342176147165 0.028901869711210885 0.030357730691673714 0.047213358273984575 -0.047680062439365095 -0.044572990515696569
leaf_weight=11.986589147709312 6.2326599648222318 3.4780811332166204 6.2601356841623748 14.108705511316659 75.927901973947883 7.7212714031338683 618.95067364256829 2.1796423410996786 29.364454492926598 1.4538866747170676 3.967476949095726 2.6691153049468994 2.2410761415958396
leaf_count=191 70 26 33 116 293 20 3435 16 57 11 5 14 11
internal_value=0.000552526 -0.0133015 0.00601984 0.00109024 0.000274102 -0.0195064 0.000895517 0.0155523 0.0205757 -0.0301884 0.0214867 -0.0213264 -0.0363754
internal_weight=786.542 29.3872 13.7057 757.154 716.709 21.83 694.879 40.4459 35.5971 15.6816 10.2276 4.84876 14.2277
internal_count=4298 277 64 4021 3864 136 3728 157 127 213 38 30 202
is_linear=0
shrinkage=0.03


Tree=137
num_leaves=15
num_cat=0
split_feature=29 5 8 27 6 20 0 20 13 0 25 6 23 7
split_gain=6.47179 9.75928 10.004 12.6857 9.12284 8.80212 7.93545 7.92465 7.46641 9.18273 5.57813 3.60456 2.00121 0.137118
threshold=0.085232815619349214 -0.020768339107969862 -0.02365409438518894 -0.010608399269195056 5211387.0000000009 -0.031792798992944328 0.00094068492022003939 -0.054879301608972857 0.034874631393595167 0.0027007686025404434 -7.7968472038088423e-05 4243205.0000000009 1.1711535085308085 97726342.7095
decision_type=2 2 2 2 2 2 2 2 2 2 2 2 2 2
left_child=1 11 3 -3 -4 6 7 -2 10 -10 -7 13 -8 -1
right_child=5 2 4 -5 -6 8 12 -9 9 -11 -12 -13 -14 -15
leaf_value=-0.035459311371205164 0.027041315199950202 0.039360407644845205 -0.00025402189594104141 -0.0023423692690984549 -0.024702548156975843 0.0035794785690812926 -0.045798684503573078 -0.015407584074104367 0.00040095033248092486 0.037238339646121721 0.035213921403645022 0.0063611011140271428 -0.014922045842065395 -0.043402056687032432
leaf_weight=4.0294280042871815 7.3283841013908395 12.878775347024204 640.05763777345419 13.390838960185645 14.037479489110408 6.9654086865484741 4.5135926753282538 8.6066764965653419 39.776853546500206 7.1913465969264498 17.930494472384453 1.9401795491576193 3.2491161674261093 3.8016907796263695
leaf_count=52 13 26 3825 51 76 21 21 31 101 12 29 7 12 21
internal_value=0.000535952 -0.000477214 -4.96831e-05 0.0181026 -0.00077871 0.00785291 -0.0080024 0.00411426 0.0130813 0.00604116 0.0263632 -0.0302458 -0.0328751 -0.0393152
internal_weight=785.698 690.136 680.365 26.2696 654.095 95.5619 23.6978 15.9351 71.8641 46.9682 24.8959 9.7713 7.76271 7.83112
internal_count=4298 4058 3978 77 3901 240 77 44 163 113 50 80 33 73
is_linear=0
shrinkage=0.03


Tree=138
num_leaves=13
num_cat=0
split_feature=21 0 24 8 0 22 24 26 20 18 24 26
split_gain=6.45313 6.87372 11.0227 10.3692 9.09271 11.8734 8.24031 5.77734 4.39514 0.0120464 0.00544281 0.00173875
threshold=82986.500000000015 -0.0056082322425423589 0.65189618072416822 0.011247009179317402 -0.003918072129840188 2224965195.7975006 1.5209696125712198 0.0033716858908463495 -0.043916479121740799 0.010794746005883106 0.58642828753922083 -0.0021217134071293145
decision_type=2 2 2 2 2 2 2 2 2 2 2 2
left_child=8 2 7 -4 5 -3 -6 -2 -1 11 -11 -10
right_child=1 4 3 -5 6 -7 -8 -9 9 10 -12 -13
leaf_value=0.01696237246424059 0.019165351649975858 -0.034384847359561536 -0.041080850030951015 0.021455800663640726 0.0011580201270384746 0.027616404268027757 -0.028538401859479177 0.057852288709063948 -0.03239189703578918 -0.03578824395068702 -0.032896417094037282 -0.031187202030171682
leaf_weight=2.0244547277688971 11.484935429878538 13.347331245429816 4.7480522338300926 4.7972871977835894 723.19030291121453 3.5110636204481116 8.5085865976288897 4.9807167612016192 1.4106201585382212 0.91398685611784491 1.6311308592557905 4.5765332393348208
leaf_count=11 55 120 43 16 3731 9 78 8 28 10 25 164
internal_value=0.000520106 0.000837626 0.0159984 -0.00965124 0.000310817 -0.021472 0.000812694 0.0308678 -0.022777 -0.032206 -0.0339349 -0.031471
internal_weight=785.125 774.568 26.011 9.54534 748.557 16.8584 731.699 16.4657 10.5567 8.53227 2.54512 5.98715
internal_count=4298 4060 122 59 3938 129 3809 63 238 227 35 192
is_linear=0
shrinkage=0.03


Tree=139
num_leaves=14
num_cat=0
split_feature=3 17 13 7 8 26 28 3 17 14 12 1 29
split_gain=6.39865 9.25944 13.3254 8.92149 7.33619 14.5193 20.5747 13.9786 13.5208 11.3522 9.86937 5.88813 0.266483
threshold=0.96523712336860235 -0.0073139831104160388 0.030526429072794292 1190689.3080000002 -0.0069547827645786379 0.003519493025162058 0.0017265530174675216 0.35567982160897954 0.0023953884918715448 0.021685988048867563 -0.037991790124242635 0.11404616595390836 0.065418623164105863
decision_type=2 2 2 2 2 2 2 2 2 2 2 2 2
left_child=4 12 11 -4 5 6 -1 8 -6 -9 -7 -3 -2
right_child=1 2 3 -5 7 10 -8 9 -10 -11 -12 -13 -14
leaf_value=-0.0053600417845418571 -0.039296689352711522 -0.035072889557671072 0.047587639605613775 -0.00042505290819659354 0.0032427579127181725 0.020212076229421859 0.018794494043748451 -0.040410384181965416 0.024455998828647178 0.0011753724214422453 -0.026933583743402875 0.044934702011846121 -0.052188914377302068
leaf_weight=143.81017110403627 2.7805467359721652 12.301609997637566 4.174936035647991 21.019512254744768 61.131210193969309 4.5825142040848723 40.725896590389311 5.995471926406025 48.492352969013155 404.57356572989374 31.234114408493042 0.88759344816207963 2.9996324479579926
leaf_count=777 21 240 15 96 405 12 147 47 199 2090 235 1 13
internal_value=0.000504308 -0.0105888 -0.00525818 0.00753106 0.00116587 -0.00342193 -2.92946e-05 0.00310925 0.0126265 0.000568102 -0.0209016 -0.0296886 -0.0459871
internal_weight=784.709 44.1638 38.3837 25.1944 740.545 220.353 184.536 520.193 109.624 410.569 35.8166 13.1892 5.78018
internal_count=4298 386 352 111 3912 1171 924 2741 604 2137 247 241 34
is_linear=0
shrinkage=0.03


Tree=140
num_leaves=12
num_cat=0
split_feature=28 28 25 28 7 3 8 21 13 18 22
split_gain=6.28895 7.14363 13.9379 14.0421 12.5699 17.1116 5.68616 4.88235 4.40305 0.101107 0.0371658
threshold=0.0038532421834644756 0.002866508132802073 -0.00074090273753692323 0.002319594087240156 249246543.14850006 0.15065999785864012 0.011247009179317402 12012465.500000002 0.045207461368287932 0.011126520414186587 2057020816.1470003
decision_type=2 2 2 2 2 2 2 2 2 2 2
left_child=1 2 9 -4 5 -3 7 10 -6 -1 -2
right_child=6 4 3 -5 8 -7 -8 -9 -10 -11 -12
leaf_value=-0.033387070608121905 -0.034365299907659297 0.033117548300402887 0.0016167114689057121 -0.015190021401607126 0.040773049750568509 -0.0080325954271041142 0.019082189105865201 0.018633850631561772 0.010699350210724804 -0.039777578931441793 -0.039296865003735533
leaf_weight=3.945370768196879 8.9965383131057006 12.037869614548979 642.83445213921368 48.088196923956275 12.823851708322765 37.199376934207976 2.9247078262269488 1.7749415133148421 6.6554527580738059 5.1194194201380014 1.6235670428723086
leaf_count=86 129 56 3304 381 33 228 11 8 16 34 12
internal_value=0.000488891 0.000868199 -3.79227e-05 0.000446963 0.0100985 0.00202808 -0.0185438 -0.0274219 0.0304978 -0.0369962 -0.0351192
internal_weight=784.024 768.704 699.987 690.923 68.7166 49.2372 15.3198 12.395 19.4793 9.06479 10.6201
internal_count=4298 4138 3805 3685 333 284 160 149 49 120 141
is_linear=0
shrinkage=0.03


Tree=141
num_leaves=13
num_cat=0
split_feature=29 5 8 14 5 29 11 23 27 13 3 28
split_gain=6.23795 13.4287 14.0949 14.2931 12.1629 10.8291 10.728 11.9127 8.7548 8.07783 9.48006 8.53732
threshold=0.067511903309854585 0.016488136029025626 0.0018897242844042189 0.58309229838001342 0.017919901516689225 0.062393998188577569 0.018106039376505605 0.87008450880786847 0.024734181449421359 0.025243503465877486 0.83209471516816225 -0.00041000503492609106
decision_type=2 2 2 2 2 2 2 2 2 2 2 2
left_child=1 2 3 -1 9 -4 7 -3 -8 11 -11 -2
right_child=4 6 5 -5 -6 -7 8 -9 -10 10 -12 -13
leaf_value=0.0065179316343563472 0.011578568641167119 0.026415910700385369 -0.0068747939083700846 -0.0067278027866859861 -0.03861508982502021 -0.030868965924969977 0.05001944373685923 -0.027173212781738596 0.004983450261367252 0.0088114044934022671 -0.0082211452713849796 -0.032879051033972019
leaf_weight=182.51596228405833 6.4174564555287388 7.2726320456713456 158.06811668351293 122.54765932401642 5.8503861725330344 18.959075279533863 10.79657155275345 7.6714392499998212 6.0682876035571089 213.41931534931064 34.110509514808655 9.8610521219670755
leaf_count=1144 17 27 1262 964 23 79 23 61 18 524 104 52
internal_value=0.000474015 -0.00146497 -0.00271066 0.00119696 0.00416922 -0.0094445 0.0174145 -0.00109371 0.0338147 0.00511803 0.00646426 -0.0153526
internal_weight=783.558 513.9 482.091 305.064 269.659 177.027 31.8089 14.9441 16.8649 263.808 247.53 16.2785
internal_count=4298 3578 3449 2108 720 1341 129 88 41 697 628 69
is_linear=0
shrinkage=0.03


Tree=142
num_leaves=13
num_cat=0
split_feature=21 18 18 18 20 22 18 28 28 28 9 9
split_gain=6.22146 6.62002 6.96803 8.07926 4.1367 2.95008 0.0110684 0.00642911 0.00178107 0.000236112 0.000153738 8.11324e-05
threshold=82986.500000000015 0.0040418477036879086 0.0041705551585344731 0.0051906651288169707 -0.043916479121740799 21941153.726500001 0.011020923334883671 -0.00058628362459037101 -0.0019621318720245699 -0.0016303851007375234 0.48312057518539447 1.9512348746972854
decision_type=2 2 2 2 2 2 2 2 2 2 2 2
left_child=4 9 5 -4 -1 -3 8 -8 -6 11 -11 -2
right_child=1 2 3 -5 6 -7 7 -9 -10 10 -12 -13
leaf_value=0.01605942201425745 -0.031445883975169453 0.09368515947489732 -0.031301898386207207 0.00113883995555695 -0.032477457101901232 0.026919029071910017 -0.035516965061556431 -0.032314650836020115 -0.031202137292037264 -0.03130069521695919 -0.030705373819320751 -0.030905683444496471
leaf_weight=1.9889127165079106 0.6857721861451862 0.89882482774555628 6.9729268969967952 756.97585029806942 1.2438984047621477 1.7656055642291901 1.140034716576338 1.1171668153256176 4.7456337572075418 0.42835667356848617 4.4070628546178341 0.39397522155195475
leaf_count=11 18 4 258 3496 23 26 10 22 172 14 228 16
internal_value=0.000459846 0.000767705 0.00101165 0.000842738 -0.0227756 0.0494421 -0.0321417 -0.033932 -0.031467 -0.0308477 -0.0307581 -0.0312488
internal_weight=782.764 772.528 766.613 763.949 10.2356 2.66443 8.24673 2.2572 5.98953 5.91517 4.83542 1.07975
internal_count=4298 4060 3784 3754 238 30 227 32 195 276 242 34
is_linear=0
shrinkage=0.03


Tree=143
num_leaves=10
num_cat=0
split_feature=13 13 29 29 13 1 18 26 18
split_gain=6.08767 7.22603 7.06737 12.177 10.0711 1.76166 0.00235819 0.000406489 0.000359805
threshold=0.01154659291559414 0.012025371686827347 0.020007434860058581 0.028047799383313053 0.042137170992814298 0.023091970855176707 0.0066190276616974152 -0.0022494309990797779 0.0051906651288169707
decision_type=2 2 2 2 2 2 2 2 2
left_child=6 5 4 -4 -3 -2 7 -1 -9
right_child=1 2 3 -5 -6 -7 -8 8 -10
leaf_value=-0.03148536913952503 0.080552656620263299 -0.0049460133450210985 -0.021408730071064017 0.00064488513870060275 0.032349543929914258 0.030504281536349164 -0.03278535339327919 -0.030635051784396586 -0.031317605498771675
leaf_weight=1.0127968918532131 1.0375902540981763 11.739112040027978 23.256328936200589 724.69187790714204 14.646901067346333 1.6231830380856989 0.7302735112607478 2.7612027670256789 0.92892232351005066
leaf_count=29 13 124 379 3503 36 21 13 155 25
internal_value=0.000445787 0.000667067 0.000497477 -4.0839e-05 0.0157568 0.0500211 -0.0311993 -0.030953 -0.0308069
internal_weight=782.428 776.995 774.334 747.948 26.386 2.66077 5.4332 4.70292 3.69013
internal_count=4298 4076 4042 3882 160 34 222 209 180
is_linear=0
shrinkage=0.03


Tree=144
num_leaves=10
num_cat=0
split_feature=5 1 23 12 8 8 4 25 29
split_gain=6.11077 7.64761 10.1003 9.20939 9.0205 16.3274 11.6109 3.73783 0.0380527
threshold=-0.02817455228034282 0.078969594643568702 5.5999527103497408 -0.015768997218659837 -0.012585812069999917 -0.021791803845795446 217.50000000000003 0.00018017978814888877 0.056556520758638942
decision_type=2 2 2 2 2 2 2 2 2
left_child=8 4 3 -3 5 -2 -6 -4 -1
right_child=1 2 7 -5 6 -7 -8 -9 -10
leaf_value=-0.034518223067526707 0.011918274587947668 0.025179073712887291 -0.0037473687927279766 0.0001673214767395533 -0.0030153261317253 -0.017299719135035495 0.0051677056310291411 -0.041061784257210902 -0.04055316890928852
leaf_weight=1.7983394851908081 23.647341478615999 34.200838778167963 7.3372350111603719 21.627227804623544 320.77026735059917 63.262009060941637 303.90770535264164 3.6022482290863991 1.9708879217505453
leaf_count=22 89 76 23 72 2091 386 1506 21 12
internal_value=0.000432223 0.000616754 0.0103247 0.0154898 -0.000294132 -0.00934974 0.000965743 -0.0160346 -0.0376738
internal_weight=782.124 778.355 66.7675 55.8281 711.587 86.9094 624.678 10.9395 3.76923
internal_count=4298 4264 192 148 4072 475 3597 44 34
is_linear=0
shrinkage=0.03


Tree=145
num_leaves=14
num_cat=0
split_feature=28 10 10 13 16 3 24 14 21 20 18 21 18
split_gain=6.05692 6.82264 20.4584 14.7395 10.9151 12.0786 8.57546 5.64878 5.44977 5.13135 0.0202405 0.0115741 0.000785208
threshold=0.0038532421834644756 0.026705751040061003 0.02288753870487294 0.051769406137732087 0.62500000000000011 0.36381818181818232 0.50026350734644376 0.64191184573002757 782227.00000000012 -0.025226561371656093 0.009450886864571021 1432811.0000000002 0.0082765946092788704
decision_type=2 2 2 2 2 2 2 2 2 2 2 2 2
left_child=1 2 6 -4 8 -6 -1 9 -3 -2 12 -12 -9
right_child=7 4 3 -5 5 -7 -8 10 -10 -11 11 -13 -14
leaf_value=-0.0065490620948531067 -0.037005277930853384 0.049772407946608428 -0.037944682827536005 0.01676591884802639 0.016080277593173615 -0.0045833295622762392 0.0023916792638198838 -0.031192888162144744 0.016824794835480834 0.020252075949921726 -0.034092985045930169 -0.036560838127013995 -0.032659570940199119
leaf_weight=120.32319831009954 2.0463426038622856 6.309167172759774 20.846674331463877 5.628384441137313 40.557415559887886 68.390419246628881 488.67238179780543 1.1104726251214723 15.917536459863184 4.5206176061183205 3.2398309092968702 3.6230796724557877 0.46653009578585614
leaf_count=843 18 14 151 12 117 250 2710 39 41 29 40 26 8
internal_value=0.000419203 0.000788681 -0.000497131 -0.0263136 0.00701775 0.003109 0.000625199 -0.018456 0.0261771 0.00241001 -0.0346916 -0.0353958 -0.0316268
internal_weight=781.652 766.645 635.471 26.4751 131.175 108.948 608.996 15.0069 22.2267 6.56696 8.43991 6.86291 1.577
internal_count=4298 4138 3716 163 422 367 3553 160 55 47 113 66 47
is_linear=0
shrinkage=0.03


Tree=146
num_leaves=12
num_cat=0
split_feature=21 0 24 3 24 0 24 26 0 28 10
split_gain=6.01818 6.52608 10.255 9.92973 10.5232 10.4049 9.02543 5.50645 4.00729 0.00795169 0.00273128
threshold=82986.500000000015 -0.0056082322425423589 0.65189618072416822 0.96523712336860235 0.63417722887086747 -0.0035091637120188896 1.139372662370449 0.0033716858908463495 0.013374884586526711 -0.0026994832997675297 -0.019538633470266711
decision_type=2 2 2 2 2 2 2 2 2 2 2
left_child=8 2 7 5 -5 -3 -4 -2 9 -1 -11
right_child=1 3 6 4 -6 -7 -8 -9 -10 10 -12
leaf_value=-0.034393303955624614 0.018407554273158527 -0.018990424151041265 -0.026786419176276714 -0.038622591461250709 -0.0036744593268238494 0.0016176453727083015 0.040364985243378809 0.056240233722564981 0.016137108941777053 -0.033404606194284932 -0.03146320206155348
leaf_weight=1.11851456016302 11.459170173853641 22.780267999507487 6.9764356864616257 11.714642103761433 22.937103403732181 687.77538957679644 2.4283832404762506 4.9615821056067935 1.9249666072428215 0.72883726656436731 6.2020433642901489
leaf_count=16 55 153 50 144 160 3481 9 8 13 9 200
internal_value=0.000406492 0.000706017 0.015532 0.000192213 -0.0154893 0.000956955 -0.00944751 0.0298388 -0.0227472 -0.0320461 -0.0316674
internal_weight=781.007 771.033 25.8256 745.207 34.6517 710.556 9.40482 16.4208 9.97436 8.0494 6.93088
internal_count=4298 4060 122 3938 304 3634 59 63 238 225 209
is_linear=0
shrinkage=0.03


Tree=147
num_leaves=15
num_cat=0
split_feature=15 14 3 15 25 3 26 15 0 0 21 16 1 21
split_gain=5.9019 11.1284 17.1732 15.0703 13.7365 12.2096 11.7117 10.0161 17.5201 16.0248 13.6392 12.4114 9.21444 9.09092
threshold=-0.0084544340659580709 0.6044465265864658 0.94451588600524838 0.0049649596983252905 0.00033704638541754561 0.93136075666993823 0.0022447999146675648 -0.013025729699670708 0.0024688798900786933 0.0025672037659678951 6281702.0000000009 0.37500000000000006 0.032477454922841945 259153.50000000003
decision_type=2 2 2 2 2 2 2 2 2 2 2 2 2 2
left_child=7 2 5 6 -5 -2 -3 8 10 12 -1 -11 -9 -10
right_child=1 3 -4 4 -6 -7 -8 9 13 11 -12 -13 -14 -15
leaf_value=0.0095632228588423979 0.0067280968372327816 -0.0059390970181326117 -0.02527777721289301 -0.002362131309039975 0.014195656437259977 0.049544977308404105 -0.032578966925707602 -0.041045430304812829 0.02206788438299042 -0.011714029704759843 -0.035563835341758276 0.048030163292752275 -0.012850467650463958 -0.046262642159076835
leaf_weight=75.789421804249287 269.56750676315278 44.867857184726745 15.003351624589412 214.19265347020701 57.118592367507517 6.1302531324326983 22.201906805858016 16.440148322843015 2.1548084914684287 6.9831959549337608 6.5486305505037299 5.6708081644028425 28.545300545170903 9.3822717592120153
leaf_count=249 1492 394 182 1021 246 26 274 141 10 39 31 11 132 50
internal_value=0.000394055 0.00167425 0.00597916 -0.00202406 0.00112375 0.00768015 -0.0147576 -0.00492127 0.00112277 -0.014765 0.00597411 0.0150599 -0.0231545 -0.0335004
internal_weight=780.597 629.082 290.701 338.381 271.311 275.698 67.0698 151.515 93.8751 57.6395 82.3381 12.654 44.9854 11.5371
internal_count=4298 3635 1700 1935 1267 1518 668 663 340 323 280 50 273 60
is_linear=0
shrinkage=0.03


Tree=148
num_leaves=10
num_cat=0
split_feature=5 1 6 9 8 9 22 25 18
split_gain=5.85882 7.06904 10.9017 11.4109 10.0641 9.68187 8.08462 3.74307 0.0397452
threshold=-0.02817455228034282 0.078969594643568702 5211387.0000000009 20.164150000000003 -0.012585812069999917 26.453373212584204 3036952820.0145001 0.00020685594365150631 0.022560333877699148
decision_type=2 2 2 2 2 2 2 2 2
left_child=8 2 4 -4 -2 6 -3 -7 -1
right_child=1 5 3 -5 -6 7 -8 -9 -10
leaf_value=-0.034681421126183803 -0.009561891854513031 0.0091434380778538799 -0.042581407507463906 0.02790109929997505 0.0015165748162764843 -0.046580697205957262 0.040938940794277456 0.0010422704064118812 -0.040976064295307084
leaf_weight=2.0723675480112429 83.897708762437105 52.148086117580533 9.9821043191477639 2.6072505265474311 613.20404624706134 3.4735579490661612 8.349726587533949 2.5951162651181221 1.5996347367763517
leaf_count=25 464 149 68 7 3533 19 13 11 9
internal_value=0.000381533 0.000560365 -0.000316416 -0.0279845 0.000183257 0.00990808 0.0135318 -0.0262159 -0.0374236
internal_weight=779.93 776.258 709.691 12.5894 697.102 66.5665 60.4978 6.06867 3.672
internal_count=4298 4264 4072 75 3997 192 162 30 34
is_linear=0
shrinkage=0.03


Tree=149
num_leaves=10
num_cat=0
split_feature=13 13 29 29 13 1 18 26 18
split_gain=5.84628 6.53193 6.59823 11.4187 9.27768 1.46397 0.00224577 0.000383983 0.000320305
threshold=0.01154659291559414 0.012025371686827347 0.020007434860058581 0.028047799383313053 0.042137170992814298 0.023091970855176707 0.0066190276616974152 -0.0022494309990797779 0.0051906651288169707
decision_type=2 2 2 2 2 2 2 2 2
left_child=6 5 4 -4 -3 -2 7 -1 -9
right_child=1 2 3 -5 -6 -7 -8 8 -10
leaf_value=-0.031448257360080722 0.073548755540646563 -0.0047956631498251726 -0.021015193489705163 0.00055748425107457803 0.031056299335033288 0.028859816180958231 -0.032734666774432167 -0.030613655482454153 -0.031269408889353027
leaf_weight=0.98579751420766104 1.100360109470784 11.659539007581772 22.778930037282407 722.43222515936941 14.669076696038244 1.6475874315947292 0.7137237675487994 2.6574824135750528 0.89655381906777609
leaf_count=29 13 124 379 3503 36 21 13 155 25
internal_value=0.000369983 0.000583985 0.000419542 -0.00010193 0.0151794 0.0467546 -0.0311703 -0.0309244 -0.0307791
internal_weight=779.541 774.288 771.54 745.211 26.3286 2.74795 5.25356 4.53983 3.55404
internal_count=4298 4076 4042 3882 160 34 222 209 180
is_linear=0
shrinkage=0.03


Tree=150
num_leaves=13
num_cat=0
split_feature=21 0 26 3 24 0 26 20 13 18 28 28
split_gain=5.81193 6.22485 9.61168 9.21247 10.1602 9.8432 7.19155 3.79994 2.34605 0.00952576 0.00622085 0.00149452
threshold=82986.500000000015 -0.0056082322425423589 -0.0013956195580908757 0.96523712336860235 0.63417722887086747 -0.0035091637120188896 -0.00093077277186112749 -0.043916479121740799 0.032701251009006928 0.011020923334883671 -0.00091191129574720684 -0.0022482753680198387
decision_type=2 2 2 2 2 2 2 2 2 2 2 2
left_child=7 2 8 5 -5 -3 -4 -1 -2 11 -11 -9
right_child=1 3 6 4 -6 -7 -8 9 -10 10 -12 -13
leaf_value=0.015140946490434808 -0.00063149407328303504 -0.018596225289410684 0.067999168322435119 -0.038301819058465275 -0.0035433256545662714 0.0015205247364916004 0.01702172617188373 -0.032433260593986622 -0.04183577985928108 -0.035440311987575183 -0.032207623919982852 -0.031167082455650804
leaf_weight=1.9138618260622022 2.3693482782691744 22.611370134167373 2.8933793827891412 11.326374143362044 22.813634172547609 687.01094600046054 17.892710838466879 1.025950953364372 2.6175742782652378 1.0222106948494913 1.1257952768355606 4.6039011036045832
leaf_count=11 21 153 5 144 160 3481 81 20 15 9 23 175
internal_value=0.000358699 0.000649459 0.015144 0.00014719 -0.0150749 0.000879526 0.0241177 -0.0227281 -0.0222591 -0.0320463 -0.033746 -0.0313978
internal_weight=779.227 769.535 25.773 743.762 34.14 709.622 20.7861 9.69172 4.98692 7.77786 2.14801 5.62985
internal_count=4298 4060 122 3938 304 3634 86 238 36 227 32 195
is_linear=0
shrinkage=0.03


Tree=151
num_leaves=13
num_cat=0
split_feature=24 26 21 21 3 11 12 0 9 21 7 29
split_gain=5.87322 10.2809 8.21089 8.26052 10.1307 6.77357 5.7691 3.85501 2.9184 0.44387 0.0692777 0.0106552
threshold=1.3622191759801467 -0.0005056213726506749 100913.50000000001 120019.50000000001 0.0022173058013745793 0.021555254091844327 -0.012468948519504945 0.013374884586526711 0.78572205335386325 1860413.5000000002 40669663.915500008 0.053282096047153039
decision_type=2 2 2 2 2 2 2 2 2 2 2 2
left_child=2 6 7 5 -5 -4 8 11 -2 10 -3 -1
right_child=1 9 3 4 -6 -7 -8 -9 -10 -11 -12 -13
leaf_value=-0.031600181161078565 0.0088585936076971145 -0.034428178176509665 0.0037774941495737732 -0.016917059204055594 0.0014773495570481888 0.054461462462357647 0.025919992939355176 0.014361760041984162 -0.039441795604691875 -0.05145748846578943 -0.041808715570222414 -0.03382675230437418
leaf_weight=6.8607723782770318 1.8882747478783128 4.3657835582271201 4.7791725797578675 28.00770040974021 711.58011457044631 4.7137345261871815 5.2291967887431401 1.9195321667939413 2.7884529996663332 2.4917115345597267 1.5513455886393783 2.6938441414386034
leaf_count=230 8 70 52 212 3594 16 23 15 22 11 10 35
internal_value=0.000347633 -0.0164401 0.000751895 0.00113768 0.000780765 0.0289448 0.00426882 -0.0244339 -0.01994 -0.0408359 -0.0363632 -0.0322279
internal_weight=778.87 18.3148 760.555 749.081 739.588 9.49291 9.90592 11.4741 4.67673 8.40884 5.91713 9.55462
internal_count=4298 144 4154 3874 3806 68 53 280 30 91 80 265
is_linear=0
shrinkage=0.03


Tree=152
num_leaves=14
num_cat=0
split_feature=25 21 15 25 29 26 26 4 16 14 13 13 11
split_gain=5.74597 10.1466 10.101 9.1535 12.4446 9.4097 21.7022 13.1913 7.19811 6.15395 4.32039 0.170794 0.0187758
threshold=-0.000505418529753091 1983196.5000000002 -0.0015579575355220614 -0.00040950722489395099 0.040603387015693944 -0.0033825309057520076 -0.0028821655157772758 302.50000000000006 0.37500000000000006 0.97164950097109293 0.039505022802151728 0.048501911982383773 0.010156564900650452
decision_type=2 2 2 2 2 2 2 2 2 2 2 2 2
left_child=1 9 -3 4 12 7 -7 -5 -6 11 -4 -1 -2
right_child=3 2 10 5 8 6 -8 -9 -10 -11 -12 -13 -14
leaf_value=-0.034636803400137924 -0.031915188439026229 -0.039112620870205506 0.0054542480404365977 -0.016547993680772827 0.0042307254812405026 0.022267778216612719 -0.00010302025870849832 0.0068575801941011278 0.031619431005567897 0.029287802718926823 0.045776693222357015 -0.043780372638854051 -0.036063178228593638
leaf_weight=11.366607869043948 1.6042984090745438 3.3503281576558956 6.2012824509292805 64.118604180403054 14.536779705435036 41.889936447143555 571.37723443983123 32.736138604581356 21.275759968906641 1.4314534403383721 3.8927315324544907 2.1933641806244841 2.5324469320476055
leaf_count=191 42 26 33 381 42 142 3187 154 48 11 5 11 25
internal_value=0.000336878 -0.0129001 0.00602332 0.000838704 0.0148113 5.26513e-05 0.00142504 -0.00863709 0.020502 -0.0298708 0.0210045 -0.0361158 -0.0344545
internal_weight=778.507 28.4358 13.4443 750.071 39.9493 710.122 613.267 96.8547 35.8125 14.9914 10.094 13.56 4.13675
internal_count=4298 277 64 4021 157 3864 3329 535 90 213 38 202 67
is_linear=0
shrinkage=0.03


Tree=153
num_leaves=13
num_cat=0
split_feature=26 13 25 25 25 26 26 8 12 8 8 29
split_gain=5.66675 10.4576 7.13794 26.3645 19.8852 17.2415 15.8178 15.3127 11.0981 6.99246 8.84489 0.465178
threshold=0.0071148393823792467 0.071525448488844165 0.00014573410487927154 0.00020685594365150631 0.00010794396705370389 -0.0005056213726506749 0.0027571472574932339 0.01489122891553024 -0.026454380924657957 -0.0062991080941386885 -0.0090985129343764473 0.066681145430003683
decision_type=2 2 2 2 2 2 2 2 2 2 2 2
left_child=2 9 4 8 6 -6 -1 -5 -4 10 -2 -11
right_child=1 -3 3 7 5 -7 -8 -9 -10 11 -12 -13
leaf_value=-0.0031889056361168655 -0.036989003137726108 0.02822329988554604 0.00018370134742568255 0.0024162694929942882 0.030436592602840668 -0.0037581795888745103 0.0099271625998890913 -0.03118843534543379 -0.034292751344898745 -0.034922174330461901 0.042585571640064254 -0.047676223289030074
leaf_weight=281.86938501009718 2.5585091328248382 3.8829559832811347 11.577795494347809 244.33301992109045 40.294015628285706 19.787973440252244 117.14445664361119 12.845387754030524 30.647387573495507 5.372224778868258 2.4715839717537174 4.9408100694417953
leaf_count=1602 37 8 48 1303 129 96 552 83 321 82 12 25
internal_value=0.000326634 -0.0157579 0.000734336 -0.0028694 0.00308455 0.0191746 0.000661775 0.000737803 -0.0248396 -0.0268884 0.00211072 -0.0410324
internal_weight=777.726 19.2261 758.499 299.404 459.096 60.082 399.014 257.178 42.2252 15.3431 5.03009 10.313
internal_count=4298 164 4134 1755 2379 225 2154 1386 369 156 49 107
is_linear=0
shrinkage=0.03


Tree=154
num_leaves=14
num_cat=0
split_feature=14 14 5 21 3 14 15 3 25 17 14 0 15
split_gain=5.67216 11.0506 15.7977 10.5941 7.64696 7.62357 16.9404 14.7928 10.9728 10.0682 6.90763 5.34386 4.06785
threshold=0.10712369276016404 0.065712338689001323 0.010223022749681246 5818328.5000000009 0.057916778196033684 0.60725641417128651 0.0025346212745531592 0.96128724216959471 0.00033704638541754561 0.01160826310150425 0.11926069827669457 -0.00036960211226959473 -0.0066194288287548374
decision_type=2 2 2 2 2 2 2 2 2 2 2 2 2
left_child=1 3 12 4 -1 7 11 9 -8 -2 -9 -7 -3
right_child=5 2 -4 -5 -6 6 8 10 -10 -11 -12 -13 -14
leaf_value=-0.036905493336412375 0.0065341722687171444 -0.04170107961823024 0.019583331954158997 -0.04366600341784159 0.0067434921512780294 -0.011120165441310458 -0.0031550980672538122 0.04191637918703095 0.010734055820232534 -0.020689214430330102 -0.031100316070208418 -0.041521024031211252 0.0026378998045057211
leaf_weight=3.886668622493743 330.56766549916938 17.105276482179768 5.8110266504809251 4.6133395284414283 51.169816020876169 9.3341031903401035 248.46563057694584 1.2742685768753279 64.477185690775514 12.696360126137732 13.733932865317909 11.760451192501931 2.0897539327852419
leaf_count=44 1663 132 23 27 252 97 1344 4 310 45 158 167 32
internal_value=0.0003164 -0.00701285 -0.0237541 2.97856e-06 0.00366213 0.00121283 -0.00204748 0.00425261 -0.000293446 0.00552726 -0.0249008 -0.028069 -0.0368739
internal_weight=776.985 84.6759 25.0061 59.6698 55.0565 692.31 334.037 358.272 312.943 343.264 15.0082 21.0946 19.195
internal_count=4298 510 187 323 296 3788 1918 1870 1654 1708 162 264 164
is_linear=0
shrinkage=0.03


Tree=155
num_leaves=12
num_cat=0
split_feature=24 28 21 21 3 1 1 0 21 18 18
split_gain=5.63242 10.1135 7.94201 7.59824 9.51352 7.28646 7.19525 3.60898 0.306041 0.0639075 0.00886627
threshold=1.3622191759801467 -0.0006816705465809116 100913.50000000001 120019.50000000001 0.0022173058013745793 0.021815029459897016 0.026323700592028664 0.013374884586526711 1860413.5000000002 0.013593057813398859 0.010177213426824485
decision_type=2 2 2 2 2 2 2 2 2 2 2
left_child=2 6 7 5 -5 -4 -2 10 9 -3 -1
right_child=1 8 3 4 -6 -7 -8 -9 -10 -11 -12
leaf_value=-0.031459546425147498 0.030325070922369135 -0.032559859485668363 -0.034770328602351339 -0.016505247589444931 0.001404181230724018 0.038663545302424808 -0.022283342815203361 0.013244695309978129 -0.048491468928233319 -0.038740788580694567 -0.033377989774213128
leaf_weight=5.768689464312045 4.9193843267858046 2.6571946172043663 1.4303376488387574 27.737312394659966 709.97796999895945 8.1187760662287456 4.4620935544371605 1.8972178380936373 2.513843260705471 3.4736026572063565 3.4737065182998776
leaf_count=212 21 63 22 212 3594 46 22 15 12 26 53
internal_value=0.00030622 -0.0162674 0.00070015 0.00107498 0.000730806 0.0276641 0.00530304 -0.0244441 -0.0396764 -0.0360619 -0.0321806
internal_weight=776.43 18.0261 758.404 747.264 737.715 9.54911 9.38148 11.1396 8.64464 6.1308 9.2424
internal_count=4298 144 4154 3874 3806 68 43 280 101 89 265
is_linear=0
shrinkage=0.03


Tree=156
num_leaves=15
num_cat=0
split_feature=29 25 5 5 14 9 12 4 9 23 9 3 29 11
split_gain=5.68706 9.39133 9.25006 11.4773 9.10046 8.55191 12.1347 10.4552 15.9274 9.27757 8.16763 7.54891 7.22481 3.99527
threshold=0.085232815619349214 0.00060394083698791785 0.016488136029025626 0.011504187089997281 0.79084297520660918 0.89083089210460376 -0.01266390131302488 307.50000000000006 1.9277530606091309 0.78006439716154918 8.3675961221176252 0.78095011633280331 0.066909370595782836 0.024097157189870013
decision_type=2 2 2 2 2 2 2 2 2 2 2 2 2 2
left_child=1 2 3 -1 -4 6 9 11 -9 -2 12 -7 -3 -8
right_child=5 10 4 -5 -6 7 13 8 -10 -11 -12 -13 -14 -15
leaf_value=0.00018289323056539013 -0.014387559525447895 -0.037343459647788978 0.0046199832820807618 -0.018151761002499222 0.037491287435618165 0.017499687318319732 0.049234354022970828 -0.057978650158677134 0.0085744593104068994 0.019948582724291737 0.026898135660251669 -0.012267706228564639 -0.0044288454511399993 0.02193707205323495
leaf_weight=586.5379815325141 13.523531258106233 14.365220063366001 23.790521137416363 32.427091239951551 11.124496733769773 21.509986761957407 8.8487619906663912 6.5047262609004957 6.4408787488937378 14.869440004229544 3.2651982847601166 11.914248533546923 10.309247195720671 10.613579839468001
leaf_count=3507 42 163 108 205 27 50 10 29 17 31 15 40 33 21
internal_value=0.00029672 -0.000657987 6.98118e-05 -0.000777645 0.0150933 0.00720505 0.0161016 -0.00197651 -0.0248662 0.00359433 -0.0176909 0.00688894 -0.0235914 0.0343481
internal_weight=776.045 681.82 653.88 618.965 34.915 94.2252 47.8553 46.3698 12.9456 28.393 27.9397 33.4242 24.6745 19.4623
internal_count=4298 4058 3847 3712 135 240 104 136 46 73 211 90 196 31
is_linear=0
shrinkage=0.03


Tree=157
num_leaves=10
num_cat=0
split_feature=5 1 9 18 9 12 22 25 18
split_gain=5.60588 6.63165 8.98886 8.70568 15.1026 12.0687 7.53415 3.61231 0.0370362
threshold=-0.02817455228034282 0.078969594643568702 26.453373212584204 0.018710582895805232 0.65959455375805998 -0.058949147800650872 3036952820.0145001 0.00020685594365150631 0.022560333877699148
decision_type=2 2 2 2 2 2 2 2 2
left_child=8 3 6 5 -5 -2 -3 -4 -1
right_child=1 2 7 4 -6 -7 -8 -9 -10
leaf_value=-0.034503831125535921 -0.048582718348165743 0.0087878025704910216 -0.045847377867278716 -0.021299825968663665 0.010315142572373379 -0.0015752932283704061 0.039592434297081369 0.0011717220760238309 -0.040659525117299367
leaf_weight=2.0080545600503679 4.958319440484046 51.92578091006726 3.3990421071648589 15.414325028657911 115.47635792940855 569.68480690475553 8.2859618216752988 2.5918940156698227 1.5654112994670866
leaf_count=25 23 149 19 54 302 3693 13 11 9
internal_value=0.000287838 0.000461424 0.00954002 -0.000390451 0.00659201 -0.0019809 0.0130269 -0.0255052 -0.0372004
internal_weight=775.31 771.736 66.2027 705.534 130.891 574.643 60.2117 5.99094 3.57347
internal_count=4298 4264 192 4072 356 3716 162 30 34
is_linear=0
shrinkage=0.03


Tree=158
num_leaves=11
num_cat=0
split_feature=28 28 25 28 17 24 8 5 29 29
split_gain=5.57354 6.74108 12.7374 12.5249 11.8386 10.5062 5.13576 3.26578 0.082285 0.0353983
threshold=0.0038532421834644756 0.002866508132802073 -0.00074090273753692323 0.002319594087240156 -0.009383883561873892 0.67795160315294611 0.011247009179317402 -0.0094789604264492369 0.072086805711717494 0.058742940475934376
decision_type=2 2 2 2 2 2 2 2 2 2
left_child=1 2 8 -4 -3 -6 7 -2 -1 -9
right_child=6 4 3 -5 5 -7 -8 9 -10 -11
leaf_value=-0.034726216422042842 0.0035626587692203751 -0.053141304305354159 0.0013056792052065303 -0.014744827894410768 0.019809076081478826 -0.0068064104866547119 0.018195353265554139 -0.033153848149747714 -0.041238495351515074 -0.036880194287004953
leaf_weight=6.1397373797371966 2.4948216699995092 2.5979858823120585 636.84854399878532 46.984445173759013 46.461319111287594 18.728832263499498 2.8228961043059817 4.3243775959126634 2.4402477703988552 4.8874222915619612
leaf_count=106 28 14 3304 381 203 116 11 84 14 37
internal_value=0.000279262 0.000631043 -0.000252883 0.000202889 0.00965979 0.0121626 -0.0181263 -0.0268848 -0.0365784 -0.0351309
internal_weight=774.731 760.201 692.413 683.833 67.7881 65.1902 14.5295 11.7066 8.57999 9.2118
internal_count=4298 4138 3805 3685 333 319 160 149 120 121
is_linear=0
shrinkage=0.03


Tree=159
num_leaves=10
num_cat=0
split_feature=13 13 29 29 1 1 28 17 17
split_gain=5.53827 5.89742 6.11821 10.6108 8.66321 1.19079 0.00181895 0.000163363 0.000184873
threshold=0.01154659291559414 0.012025371686827347 0.020007434860058581 0.028047799383313053 0.035306292225770523 0.023091970855176707 -0.0025233119728767955 -0.0025869579912701727 0.0041156186119388769
decision_type=2 2 2 2 2 2 2 2 2
left_child=6 5 4 -4 -3 -2 -1 -8 -9
right_child=1 2 3 -5 -6 -7 7 8 -10
leaf_value=-0.032250518714301533 0.066943208983035143 0.024643905261841043 -0.020589685422737914 0.00044408020786056434 -0.014988256969832039 0.027421771715109147 -0.031277562582579937 -0.030680422539290726 -0.031373406354064652
leaf_weight=1.0578447403386233 1.1652947738766664 19.525367678143088 22.254323055967689 717.94474486727268 6.6561179002746931 1.6686637611128388 0.66893202904611859 2.8972263596951957 0.39353439211845387
leaf_count=24 13 121 379 3503 39 21 21 165 12
internal_value=0.000270625 0.000475549 0.000315813 -0.000188307 0.0145682 0.0436726 -0.0311454 -0.0308502 -0.0307633
internal_weight=774.232 769.215 766.381 740.199 26.1815 2.83396 5.01754 3.95969 3.29076
internal_count=4298 4076 4042 3882 160 34 222 198 177
is_linear=0
shrinkage=0.03


Tree=160
num_leaves=15
num_cat=0
split_feature=28 26 28 26 24 18 28 18 5 29 29 0 5 29
split_gain=5.41672 19.646 14.0174 16.3458 11.0426 10.5045 9.44039 9.41338 8.9667 8.77923 6.4074 6.22204 3.18233 1.34707
threshold=-0.002381889437939906 -0.0059666938453235771 -0.0011492101538240235 -0.0056631139355676893 1.4549137456941881 0.01181989521822456 -0.0032118460749505869 0.011302087799179676 0.0010539151896254279 0.038321468692098189 0.083589255151850853 -0.0020096988020045932 -0.0045672175120047885 0.07689239556517953
decision_type=2 2 2 2 2 2 2 2 2 2 2 2 2 2
left_child=1 8 3 13 5 -4 12 -5 11 -8 -10 -1 -3 -2
right_child=2 6 4 7 -6 -7 9 -9 10 -11 -12 -13 -14 -15
leaf_value=0.010830408897450216 0.010453455718926755 0.0014173390763965732 -0.0039765260218258642 -0.005821042559217544 -0.038009427079398209 0.0042981121522957496 -0.010507023718838063 -0.031096510027524452 -0.0070090614193123622 0.020706420116711172 0.0334223213960528 -0.032686254328625104 -0.045543946853012357 0.031978042794214685
leaf_weight=3.5796905988827374 5.8229878395795804 2.347108993679285 225.79951896471903 22.64883085899055 6.5766812479123464 355.40732302051038 9.2065049037337285 31.995561540126801 13.04517710581422 68.0862354375422 4.8351935446262351 17.001949277706444 2.9074337594211093 4.7524221539497375
leaf_count=17 22 13 2165 217 82 1133 97 149 78 172 8 117 20 8
internal_value=0.000262229 0.00609216 -0.000818127 -0.0140133 0.000645998 0.00108341 0.0143433 -0.0206204 -0.0116164 0.0169885 0.00392436 -0.0251176 -0.0245672 0.0201263
internal_weight=774.013 121.009 653.003 65.2198 587.784 581.207 82.5473 54.6444 38.462 77.2927 17.8804 20.5816 5.25454 10.5754
internal_count=4298 522 3776 396 3380 3298 302 366 220 269 86 134 33 30
is_linear=0
shrinkage=0.03


Tree=161
num_leaves=13
num_cat=0
split_feature=26 13 22 21 28 26 28 28 17 3 1 29
split_gain=5.38809 9.6855 7.51044 9.2857 7.24313 18.6068 18.1649 14.0984 16.571 14.6362 11.3039 0.295622
threshold=0.0071148393823792467 0.071525448488844165 106085628.78950001 830317.50000000012 0.0019262941420179437 0.0022969341994043334 0.0021397439001137925 0.0013470420720085813 -0.0037733597047025693 0.065416910041994153 0.039514528148559304 0.062817346781737435
decision_type=2 2 2 2 2 2 2 2 2 2 2 2
left_child=4 2 3 -2 7 10 -7 9 -9 -1 -6 -4
right_child=1 -3 11 -5 5 6 -8 8 -10 -11 -12 -13
leaf_value=-0.014008165899336851 -0.034804997114141076 0.027308019374312809 -0.034755261772651119 0.049098228104842302 0.0088312658696376653 0.031473259386849327 -0.0041873036926728911 0.0043972545919755577 -0.031872729191788192 0.0021344891055174991 0.037500349066873322 -0.045141047771636161
leaf_weight=56.60360696259886 2.5231419089250293 3.7780732735991469 4.1505637364462 2.2419853890314698 28.237099576741457 14.500071459449826 113.36801330186427 19.405700426548719 27.266030539758503 472.6618862207979 22.03834118694067 6.0796517580747604
leaf_count=407 60 8 56 7 123 44 772 78 232 2442 36 33
internal_value=0.000254222 -0.0156213 -0.0264373 0.00467135 0.000649454 0.00593607 -0.000143443 -0.000985753 -0.016792 0.000408073 0.0213984 -0.0409274
internal_weight=772.854 18.7734 14.9953 4.76513 754.081 178.144 127.868 575.937 46.6717 529.265 50.2754 10.2302
internal_count=4298 164 156 67 4134 975 816 3159 310 2849 159 89
is_linear=0
shrinkage=0.03


Tree=162
num_leaves=14
num_cat=0
split_feature=15 17 17 1 14 3 15 12 23 18 18 18 28
split_gain=5.35495 11.8233 13.4433 11.5162 10.0605 15.0537 13.2275 13.7756 13.1112 12.2388 9.28545 8.96201 2.33414
threshold=-0.0084544340659580709 0.0033724386290313805 -0.00027439708489201145 0.034930192940631509 0.6044465265864658 0.94451588600524838 0.0049649596983252905 -0.012539491422814665 1.2398863218093283 0.011769082678860449 0.017706158086286474 0.011490102068435469 -0.0021628636128503812
decision_type=2 2 2 2 2 2 2 2 2 2 2 2 2
left_child=1 2 3 -1 5 9 7 -6 -8 -2 -7 -4 -3
right_child=4 12 11 -5 6 10 8 -9 -10 -11 -12 -13 -14
leaf_value=0.002978903912839467 4.3268284107454969e-05 -0.018104967302172207 -0.0098617534807692656 -0.015215143918214737 -0.037775084530079134 -0.037341154077397853 -0.0059941364142823807 -0.0061469596388394948 0.0072679581351218431 0.012798737983953104 0.021013278815778677 0.039004987253337793 -0.05106577021832448
leaf_weight=63.025942729786038 121.73767682677135 3.0002866573631763 4.9496613126248112 62.221643306314945 16.598440144676715 11.122734537348149 129.54882348375395 48.926581774838269 139.15643243584782 152.51687226071954 3.1489107459783545 10.635437674820421 5.4389474689960462
leaf_count=299 1094 12 39 267 134 174 656 534 611 424 8 20 26
internal_value=0.00024638 -0.00485694 -0.00279012 -0.0060597 0.00146962 0.00557358 -0.00207314 -0.0141588 0.000874005 0.00713677 -0.0244658 0.0234854 -0.0393477
internal_weight=772.028 149.272 140.833 125.248 622.756 288.526 334.23 65.525 268.705 274.255 14.2716 15.5851 8.43923
internal_count=4298 663 625 566 3635 1700 1935 668 1267 1518 182 59 38
is_linear=0
shrinkage=0.03


Tree=163
num_leaves=10
num_cat=0
split_feature=5 13 11 11 9 9 0 27 18
split_gain=5.36256 5.97262 11.0205 23.7538 12.1569 9.06479 15.3959 12.2754 0.0349932
threshold=-0.02817455228034282 0.058572283069526117 0.023312449171704681 0.017651931256287588 2.0250036060493106 1.8607973327954015 -0.0014333310181208812 -0.038821119741943834 0.022560333877699148
decision_type=2 2 2 2 2 2 2 2 2
left_child=8 2 3 -2 -4 6 -3 -7 -1
right_child=1 5 4 -5 -6 7 -8 -9 -10
leaf_value=-0.034315011355007821 -0.0018146305691296128 0.020406939931325117 -0.0023941361964240995 0.014360135047569842 -0.01977177632409156 -0.016290529520904484 -0.012831319319195395 0.022995469340459547 -0.040385464166271146
leaf_weight=1.9327119989320629 357.23838965594769 19.16979967802763 151.19434983190149 105.9495126446709 47.649823086336255 8.6428282782435399 36.276966620236635 41.670133925974369 1.53215766698122
leaf_count=25 2568 41 666 468 287 32 117 85 9
internal_value=0.000238621 0.000406667 -0.000650887 0.00188518 -0.00655841 0.00702672 -0.00133974 0.0162469 -0.0369994
internal_weight=771.257 767.792 662.032 463.188 198.844 105.76 55.4468 50.313 3.46487
internal_count=4298 4264 3989 3036 953 275 158 117 34
is_linear=0
shrinkage=0.03


Tree=164
num_leaves=15
num_cat=0
split_feature=25 25 25 26 1 13 17 8 24 6 24 11 26 0
split_gain=5.28769 24.2286 19.5836 15.8757 15.5 14.2822 16.7779 14.1513 12.2893 10.8042 10.4715 10.1123 8.40325 6.68428
threshold=0.00014573410487927154 0.00020685594365150631 0.00010794396705370389 -0.0005056213726506749 0.058005818266422149 0.051055094198777219 -0.010652008216103527 0.01489122891553024 0.50026350734644376 2418355.5000000005 0.29043301360327217 0.022004674630793284 0.0066789553716971551 -0.00072970303330930372
decision_type=2 2 2 2 2 2 2 2 2 2 2 2 2 2
left_child=2 10 5 11 -5 6 -1 8 -3 -7 -2 -4 -9 -12
right_child=1 7 3 4 -6 9 -8 12 -10 -11 13 -13 -14 -15
leaf_value=-0.030953214619430621 0.064828005840719932 -0.013561099984904979 0.037681552673652002 -0.020222958365279584 0.039816901109511742 0.01240216916828614 -0.0015447617454097361 -0.042775791838771587 0.0050436685505919664 -0.025227187185361561 -0.006817280662198881 0.0027013127028982851 0.018340159477889077 -0.034364441157394537
leaf_weight=18.560471046715975 1.153590082656591 37.861580051481724 30.232431267388165 14.232726605609061 5.315006621181964 94.166166082024574 294.38556931167841 10.059536633081732 204.77927415817976 7.4074388965964308 10.899841138627378 9.8648446239531022 2.5350520238280287 29.072638106998056
leaf_count=89 9 263 102 87 9 234 1969 75 1040 26 90 27 8 270
internal_value=0.000231506 -0.002912 0.00219625 0.018269 -0.00389819 -0.000116438 -0.00328894 0.000531206 0.00214059 0.00965798 -0.0242811 0.0290756 -0.0304743 -0.0268528
internal_weight=770.526 296.362 474.165 59.645 19.5477 414.52 312.946 255.235 242.641 101.574 41.1261 40.0973 12.5946 39.9725
internal_count=4298 1755 2543 225 96 2318 2058 1386 1303 260 369 129 83 360
is_linear=0
shrinkage=0.03


Tree=165
num_leaves=10
num_cat=0
split_feature=13 13 29 29 8 10 18 28 18
split_gain=5.27337 5.44723 5.67925 9.85236 8.59004 1.33901 0.00178754 0.000376318 0.000301839
threshold=0.01154659291559414 0.012025371686827347 0.020007434860058581 0.028047799383313053 0.0047037426173997645 0.0011005586143575433 0.0066190276616974152 -0.0026086883198255697 0.0054402452624227491
decision_type=2 2 2 2 2 2 2 2 2
left_child=6 5 4 -4 -3 -2 7 -1 -9
right_child=1 2 3 -5 -6 -7 -8 8 -10
leaf_value=-0.031533212726575485 0.024663094247696356 0.02538400218711543 -0.020136328084686267 0.00038182729533142972 -0.012007567850268719 0.066188702730644727 -0.032553634195421906 -0.030608719441440613 -0.031301773577556861
leaf_weight=0.65548462606966484 1.7295417031273239 18.178395839408044 21.702537047676742 713.9805391007103 7.946857100352644 1.1727463174611328 0.66095340624451626 2.7787823886610563 0.7100910935550927
leaf_count=18 19 101 379 3503 59 15 13 171 20
internal_value=0.000224084 0.000420949 0.000264667 -0.000223455 0.0140101 0.0414426 -0.0311048 -0.0308737 -0.0307498
internal_weight=769.516 764.711 761.808 735.683 26.1253 2.90229 4.80531 4.14436 3.48887
internal_count=4298 4076 4042 3882 160 34 222 209 191
is_linear=0
shrinkage=0.03


Tree=166
num_leaves=15
num_cat=0
split_feature=5 5 1 5 8 8 21 5 15 3 29 23 8 10
split_gain=5.1974 12.8517 23.8268 12.5948 13.6556 13.1152 10.6077 10.606 18.1226 8.66219 7.66883 12.3194 8.39344 3.33077
threshold=-0.0061261070396113459 -0.0093406011304693008 0.076865993306735117 -0.0098420024706973031 -0.015610704301682184 -0.012585812069999917 17515773.500000004 -0.005705877845652586 0.0012727227033413138 0.3518568834173717 0.056556520758638942 0.66653126033861887 -0.00432401012096923 0.0086793333106582934
decision_type=2 2 2 2 2 2 2 2 2 2 2 2 2 2
left_child=1 3 6 5 -5 -1 -3 8 9 -2 11 -9 -12 -10
right_child=7 2 -4 4 -6 -7 -8 10 13 -11 12 -13 -14 -15
leaf_value=-0.01188501204692159 0.021381303060551617 -0.026103912500650729 0.02489215113676653 0.078338457104074041 0.0086160000484501471 0.0088869429820723211 0.034702568572334017 -0.028140977955649682 0.013125848915081008 0.07998048607009603 0.011573336570723649 -0.001159707739195538 0.0009056310792751348 -0.042591221172835224
leaf_weight=54.566123857162893 4.3542847791686636 51.622574174311012 11.256624720990656 3.7726819738745689 7.6641562329605204 54.861243914347142 2.7179927229881278 16.273275958839804 1.4844479449093331 4.743657554499805 94.941371995955706 237.61814265372232 220.66025295481086 2.7628624550998211
leaf_count=310 18 394 25 5 46 319 6 196 10 13 231 2046 652 27
internal_value=0.000217087 -0.00414251 -0.0148334 0.0016598 0.0316154 -0.00147102 -0.0230625 0.00161181 0.0280483 0.0519349 0.000992307 -0.00288908 0.00411476 -0.0231179
internal_weight=769.3 186.461 65.5972 120.864 11.4368 109.427 54.3406 582.838 13.3453 9.09794 569.493 253.891 315.602 4.24731
internal_count=4298 1105 425 680 51 629 400 3193 68 31 3125 2242 883 37
is_linear=0
shrinkage=0.03


Tree=167
num_leaves=13
num_cat=0
split_feature=0 24 8 0 22 3 22 0 29 4 25 29
split_gain=5.21919 9.56387 8.82683 7.96898 10.987 8.07133 10.3628 7.3052 5.50084 11.0662 4.58025 0.172106
threshold=-0.0056082322425423589 0.65189618072416822 0.011247009179317402 -0.003918072129840188 2224965195.7975006 0.96523712336860235 149396182.36050001 0.00052695696955630067 0.053483946234652198 177.50000000000003 0.00057098146377538347 0.059326430527083328
decision_type=2 2 2 2 2 2 2 2 2 2 2 2
left_child=1 8 11 4 10 7 -7 -5 9 -1 -2 -3
right_child=3 2 -4 5 -6 6 -8 -9 -10 -11 -12 -13
leaf_value=-0.038167195824317511 -0.041265107203933581 -0.035155967101106106 0.017593773514889981 0.0035335633725795995 0.027486585178503671 0.0030026339253466576 -0.03147887856744698 -0.0026894796171387605 0.041770525859009304 0.03896762972389034 0.0070160880647670036 -0.046835594977530308
leaf_weight=2.8792250212282005 10.900905056856574 2.6932151140645129 4.9031538581475616 398.97626642789692 3.3505717888474456 15.308914525900038 16.087100831791759 295.52610819041729 9.6752555370330793 3.9987837309017777 2.1108005419373503 1.9631722718477247
leaf_count=39 125 42 19 2051 9 183 130 1646 16 19 10 9
internal_value=0.000209983 0.0133922 -0.0104988 -0.000253768 -0.0209581 0.000212922 -0.0146655 0.000885521 0.0271893 0.00667798 -0.0334328 -0.0400802
internal_weight=768.373 26.1128 9.55954 742.261 16.3623 725.898 31.396 694.502 16.5533 6.87801 13.0117 4.65639
internal_count=4298 144 70 4154 144 4010 313 3697 74 58 135 51
is_linear=0
shrinkage=0.03


Tree=168
num_leaves=11
num_cat=0
split_feature=26 1 13 24 26 12 8 18 28 24
split_gain=5.2284 8.81828 7.56392 8.41682 6.93553 17.0231 11.875 6.26905 11.2792 9.54915
threshold=0.0071148393823792467 0.072997805725852474 0.087819181955412842 1.0725396703292163 0.0063813985684504837 -0.0026970342322100967 -0.0020635676176415959 0.018710582895805232 -0.0031803378342627965 0.91515007898569378
decision_type=2 2 2 2 2 2 2 2 2 2
left_child=4 2 3 -2 7 6 -6 8 -1 -9
right_child=1 -3 -4 -5 5 -7 -8 9 -10 -11
leaf_value=-0.025056350735561721 -0.039893711573269736 0.030931031008124991 0.039992026416788735 0.036391253706086389 -0.043590260967816527 0.055957344309476402 0.014818044310976239 0.0099137481395940811 -0.00060142200020299463 -0.0077794992080572689
leaf_weight=17.504415621981025 12.326456217560915 3.0487197339534751 1.4590969085693366 1.4553982000797994 4.1885666251182618 6.9685140419751397 12.428362303413449 111.89414669573307 560.25678848894313 36.378589861094952
leaf_count=152 143 7 2 12 31 19 59 285 3469 119
internal_value=0.000203314 -0.0156445 -0.0249612 -0.0318378 0.000589977 0.0166002 9.5283e-05 6.98805e-05 -0.00134233 0.00557272
internal_weight=767.909 18.2897 15.241 13.7819 749.619 23.5854 16.6169 726.034 577.761 148.273
internal_count=4298 164 157 155 4134 109 90 4025 3621 404
is_linear=0
shrinkage=0.03


Tree=169
num_leaves=15
num_cat=0
split_feature=28 26 28 26 11 24 14 4 28 29 29 5 5 29
split_gain=5.15256 17.5621 13.0344 15.2568 10.5369 10.4342 9.6743 9.19844 8.82641 8.52563 8.02205 2.97595 1.2555 0.134019
threshold=-0.002381889437939906 -0.0059666938453235771 -0.0011492101538240235 -0.0056631139355676893 0.035042782865903975 1.4549137456941881 0.60725641417128651 67.500000000000014 -0.0032118460749505869 0.083589255151850853 0.038321468692098189 -0.0045672175120047885 0.0053548831362316106 0.058742940475934376
decision_type=2 2 2 2 2 2 2 2 2 2 2 2 2 2
left_child=1 4 3 12 9 6 -4 -5 11 -1 -10 -3 -2 -7
right_child=2 8 5 7 -6 13 -8 -9 10 -11 -12 -13 -14 -15
leaf_value=-0.023250617741030356 0.0092997966422701771 0.00094214052242394921 0.0047528667632068481 -0.0018178373849877737 0.037152940545491037 -0.034043342092591591 -0.0030230284269551063 -0.028521194674619832 -0.010198644593215856 0.015627156828279972 0.01979763887074034 -0.04490655311463719 0.030005616911342882 -0.042906611781584711
leaf_weight=27.971882719080895 5.4471987485885602 2.3126221541315317 296.45709792850539 16.93140749912709 3.6921403631567946 3.7810491300187996 280.01040518586524 36.938138396479189 9.1004931647330505 6.2021187506616107 67.836184483021498 2.8373801531270137 5.1061225160956383 2.5851772427558899
leaf_count=196 18 13 1662 121 8 68 1636 245 97 16 172 20 12 14
internal_value=0.000197013 0.00590797 -0.00086137 -0.0136664 -0.0109932 0.000554019 0.000975843 -0.0201282 0.0137044 -0.0161948 0.0162495 -0.0243181 0.0193181 -0.0376425
internal_weight=767.209 119.953 647.257 64.4229 37.8661 582.834 576.468 53.8695 82.0867 34.174 76.9367 5.15 10.5533 6.36623
internal_count=4298 522 3776 396 220 3380 3298 366 302 212 269 33 30 82
is_linear=0
shrinkage=0.03


Tree=170
num_leaves=9
num_cat=0
split_feature=5 1 6 23 23 12 8 18
split_gain=5.09726 5.99236 10.2186 9.91061 8.61563 9.44916 8.41238 0.0301071
threshold=-0.02817455228034282 0.078969594643568702 5211387.0000000009 5.5999527103497408 7.6672228027796638 -0.016095953363152754 -0.012585812069999917 0.022560333877699148
decision_type=2 2 2 2 2 2 2 2
left_child=7 2 6 -4 5 -3 -2 -1
right_child=1 4 3 -5 -6 -7 -8 -9
leaf_value=-0.03417075731902168 -0.0090107792131047578 0.021642475749720141 -0.042045393161005362 0.023296645078957789 -0.028449647910810408 -0.0027168895626810846 0.0012454820083243785 -0.039890937209773138
leaf_weight=1.8622001186013215 81.71700988477096 36.945985071361065 9.5097103733569366 2.6772258356213561 5.090067707002162 23.414875633083284 603.75546803488396 1.4912939965724943
leaf_count=25 464 87 67 8 23 82 3533 9
internal_value=0.00019077 0.00035295 -0.000461309 -0.0276911 0.00903236 0.0121931 2.28056e-05 -0.0367145
internal_weight=766.464 763.11 697.659 12.1869 65.4509 60.3609 685.472 3.35349
internal_count=4298 4264 4072 75 192 169 3997 34
is_linear=0
shrinkage=0.03


Tree=171
num_leaves=15
num_cat=0
split_feature=15 9 13 29 14 1 26 0 3 3 21 0 0 18
split_gain=5.09903 17.9831 20.9214 10.095 8.90661 13.9809 14.6602 14.4513 13.0322 11.0518 8.85178 13.2924 9.42253 8.7495
threshold=-0.0084544340659580709 0.95370088244408968 0.049875093395756215 0.10537295470779141 0.58625732830820765 0.038924982494747427 0.0022320092930660316 0.0024688798900786933 0.94451588600524838 0.93136075666993823 450637.50000000006 0.0010267877601163706 -1.0000000180025095e-35 0.017706158086286474
decision_type=2 2 2 2 2 2 2 2 2 2 2 2 2 2
left_child=1 10 3 -3 8 7 -7 -6 9 -2 12 -12 -1 -10
right_child=4 2 -4 -5 5 6 -8 -9 13 -11 11 -13 -14 -15
leaf_value=-0.015975462798470123 0.005918587330807204 -0.031276008660441272 0.0016142197560169108 0.029934010335563883 -0.0043622530794907412 0.012491188136228699 -0.0067377852667104407 -0.031103998628836348 -0.037198675726350383 0.046400351225521608 0.010322995243489638 -0.027467098453449888 0.043657293949641331 0.020060123747018047
leaf_weight=3.1278043817728767 255.17476346017793 42.424322470091283 42.2754185795784 2.5719774365425101 172.88144811824895 91.914128825068474 58.328557164408267 20.325627056416124 10.113761849701403 6.2174639469012609 36.684418486431241 10.856052529066799 10.038083322346207 3.1498526483774176
leaf_count=20 1435 306 136 5 1211 294 289 209 163 26 114 50 32 8
internal_value=0.000184874 -0.00481731 -0.0135397 -0.0277773 0.00138243 -0.00183797 0.00502594 -0.00717552 0.00540944 0.00688148 0.00772203 0.00169348 0.0294904 -0.0236008
internal_weight=766.084 147.978 87.2717 44.9963 618.106 343.45 150.243 193.207 274.656 261.392 60.7064 47.5405 13.1659 13.2636
internal_count=4298 663 447 311 3635 2003 583 1420 1632 1461 216 164 52 171
is_linear=0
shrinkage=0.03


Tree=172
num_leaves=12
num_cat=0
split_feature=13 15 9 13 14 1 14 8 18 28 18
split_gain=5.0407 5.20659 17.0277 20.0823 8.92672 12.8288 12.6049 8.52563 0.00165157 0.000324954 0.000265273
threshold=0.01154659291559414 -0.0084544340659580709 0.95370088244408968 0.049875093395756215 0.58625732830820765 0.038924982494747427 0.54736024844720632 -0.0086291386050591379 0.0066190276616974152 -0.0026086883198255697 0.0051906651288169707
decision_type=2 2 2 2 2 2 2 2 2 2 2
left_child=8 2 7 -4 6 -6 -3 -2 9 -1 -11
right_child=1 4 3 -5 5 -7 -8 -9 -10 10 -12
leaf_value=-0.03146646400511429 -0.018838306885028803 0.0032553324726428659 -0.027326681403734576 0.001565580838612642 -0.006798405080966941 0.0049213545415421577 0.02313297172839696 0.012292012798867403 -0.032480369350929683 -0.030570191240081934 -0.031192118482610623
leaf_weight=0.62505637621507082 9.3616964071989042 239.2414275445044 44.376690333709121 42.281064540147781 191.20248109521344 150.01242008339614 32.626796416938305 51.333914455026388 0.6400600466877221 2.5383935375139113 0.81555743236094702
leaf_count=18 51 1367 311 136 1333 573 140 165 13 166 25
internal_value=0.000178584 0.000368371 -0.00469507 -0.0132299 0.00158536 -0.00164591 0.00564084 0.00749047 -0.031066 -0.0308385 -0.0307214
internal_weight=765.056 760.436 147.353 86.6578 613.083 341.215 271.868 60.6956 4.61907 3.97901 3.35395
internal_count=4298 4076 663 447 3413 1906 1507 216 222 209 191
is_linear=0
shrinkage=0.03


Tree=173
num_leaves=15
num_cat=0
split_feature=25 25 25 11 27 8 29 13 17 12 6 23 17 26
split_gain=5.04686 22.5076 18.0619 14.5406 21.9584 13.563 13.4447 13.0047 15.687 10.6022 10.1541 10.0787 9.17609 7.86341
threshold=0.00014573410487927154 0.00020685594365150631 0.00010794396705370389 0.022004674630793284 0.030684061458599688 0.01489122891553024 0.057664302279728498 0.051055094198777219 -0.010652008216103527 -0.026454380924657957 2418355.5000000005 0.69661261974666833 0.0092264286074382942 0.0066789553716971551
decision_type=2 2 2 2 2 2 2 2 2 2 2 2 2 2
left_child=2 9 7 11 -5 6 -3 8 -1 12 -9 -4 -2 -7
right_child=1 5 3 4 -6 13 -8 10 -10 -11 -12 -13 -14 -15
leaf_value=-0.03018208846518497 -0.027395137946977614 -0.0059917629159933171 -0.020428658499966945 -0.038777099262489817 0.030409433748195103 -0.042457654697221188 0.0082714238122015837 0.01189257616398447 -0.001489136169137206 -0.033395813098439413 -0.024749367425084663 0.031331800231276942 0.026590759272042862 0.017037533808934174
leaf_weight=18.217644011601806 5.4231798574328405 106.61683699442074 3.7076447093859306 8.7866713628172892 7.7878175377845755 9.7984729199670237 134.52751163765788 93.53048112988472 292.26912892027758 28.910698159132153 7.3407942429184905 38.994469455443323 5.9342382699251175 2.5118996910750857
leaf_count=89 34 940 26 48 14 75 363 234 1969 321 26 137 14 8
internal_value=0.000172835 -0.00291289 0.00209863 0.0175807 -0.00626858 0.000397261 0.00196526 -0.000132334 -0.00317268 -0.0237476 0.009226 0.0268377 0.000812433 -0.0303178
internal_weight=764.357 293.723 470.635 59.2766 16.5745 253.455 241.144 411.358 310.487 40.2681 100.871 42.7021 11.3574 12.3104
internal_count=4298 1755 2543 225 62 1386 1303 2318 2058 369 260 163 48 83
is_linear=0
shrinkage=0.03


Tree=174
num_leaves=13
num_cat=0
split_feature=21 18 18 18 20 22 18 25 28 28 9 29
split_gain=4.98621 5.62945 6.23821 7.15049 3.36095 1.11573 0.00836491 0.00669546 0.00147999 0.000198216 0.00012132 7.36194e-05
threshold=82986.500000000015 0.0040418477036879086 0.0041705551585344731 0.0051906651288169707 -0.043916479121740799 23690061.041500006 0.011020923334883671 0.00036884631460968323 -0.0022482753680198387 -0.0016303851007375234 0.48312057518539447 0.030398741501427209
decision_type=2 2 2 2 2 2 2 2 2 2 2 2
left_child=4 9 5 -4 -1 -3 8 -8 -6 11 -11 -2
right_child=1 2 3 -5 6 -7 7 -9 -10 10 -12 -13
leaf_value=0.014456789816867287 -0.03090722384134003 0.06968015623275621 -0.031298180652960104 0.00074815124856426169 -0.032355724887456902 0.03042922595743823 -0.031944382522723025 -0.035459045610506439 -0.031038996966353656 -0.03119018204718612 -0.030630702364191242 -0.031431152586710469
leaf_weight=1.7644079476594923 0.5040062591433524 1.0770541550591581 6.3199666305445126 739.98935375735164 0.95234845206141416 1.650720292702317 1.0280017713084815 0.92833726108074177 3.9745414960198091 0.38388993684202333 3.8186557907611132 0.46321013756096363
leaf_count=11 22 5 258 3496 20 25 24 8 175 14 228 12
internal_value=0.000167257 0.000426967 0.000642291 0.000476773 -0.0224835 0.0459273 -0.0319525 -0.0336122 -0.0312935 -0.0307709 -0.0306818 -0.0311581
internal_weight=762.854 754.207 749.037 746.309 8.64764 2.72777 6.88323 1.95634 4.92689 5.16976 4.20255 0.967216
internal_count=4298 4060 3784 3754 238 30 227 32 195 276 242 34
is_linear=0
shrinkage=0.03


Tree=175
num_leaves=14
num_cat=0
split_feature=25 21 15 25 29 28 1 28 24 17 9 13 18
split_gain=4.96986 9.40832 9.25804 8.90117 13.3153 7.76325 19.2103 12.9166 6.74135 5.3726 3.93264 0.152611 0.0317933
threshold=-0.000505418529753091 1983196.5000000002 -0.0015579575355220614 -0.0003944043076717358 0.040603387015693944 -0.0032118460749505869 0.057176533759413374 -0.0025749740866414482 0.72693265383621353 0.015242928304476246 1.2611040721232882 0.048501911982383773 0.0083426979687795857
decision_type=2 2 2 2 2 2 2 2 2 2 2 2 2
left_child=1 9 -3 4 12 6 -5 -7 -6 11 -4 -1 -2
right_child=3 2 10 5 8 7 -8 -9 -10 -11 -12 -13 -14
leaf_value=-0.034236955285975611 -0.031802953478973703 -0.038799589812987513 0.039963751710883962 -0.040714273810836366 0.029590517634357771 0.012168857257084695 0.019615028382368657 -0.0011126292586217327 0.0041419324700259904 0.023732098563492312 0.0022147629322996211 -0.042914760255295621 -0.036817144366100833
leaf_weight=10.453045904636385 2.0782798039726904 3.1642384352162489 4.7211336921900475 12.863029549364002 23.497223421931267 74.0786540992558 7.5317679122090331 597.04076848039404 15.580097430385647 1.5319193452596653 5.2412077561020851 2.2094581127166739 2.5157325118780136
leaf_count=194 58 26 13 116 51 293 20 3412 52 7 25 12 19
internal_value=0.000161929 -0.0124019 0.0059049 0.000628826 0.0137644 -0.000200727 -0.0184348 0.000353391 0.0194442 -0.0293315 0.0201039 -0.0357511 -0.0345488
internal_weight=762.507 27.321 13.1266 735.186 43.6713 691.514 20.3948 671.119 39.0773 14.1944 9.96234 12.6625 4.59401
internal_count=4298 277 64 4021 180 3841 136 3705 103 213 38 206 77
is_linear=0
shrinkage=0.03


Tree=176
num_leaves=13
num_cat=0
split_feature=0 29 0 22 13 5 29 21 7 25 21 9
split_gain=4.99504 8.59807 7.40826 10.619 6.18867 7.75218 5.97229 8.75103 7.61113 4.49832 0.0134094 0.00199585
threshold=-0.0056082322425423589 0.04110264654322817 -0.003918072129840188 2224965195.7975006 0.027919038469204915 0.0096856734196999871 0.096938677093608802 21546526.500000004 41485279.498500012 0.00057098146377538347 782227.00000000012 3.8119255580263833
decision_type=2 2 2 2 2 2 2 2 2 2 2 2
left_child=1 10 3 9 -3 -6 7 -4 -8 -2 11 -1
right_child=2 4 6 -5 5 -7 8 -9 -10 -11 -12 -13
leaf_value=-0.031394272090288187 -0.04104768881494069 0.050731902164211043 -0.00013289408232175533 0.027304999366351775 -0.0076880831998712897 0.031604458497698829 -0.0093883428422578581 -0.032916971365338041 0.020488133302740148 0.0069808820296978725 -0.03625171263890304 -0.033341195300639052
leaf_weight=1.2371639553457532 10.535135716199873 4.5755232786759761 675.22911578719504 3.3112347275018683 9.1698276279494184 8.9100514128804189 10.801544517278669 7.4082367550581685 26.505913875997066 2.1058893389999858 1.1084585934877393 0.76809713430702675
leaf_count=43 125 18 3875 9 41 20 37 44 54 10 9 13
internal_value=0.000156657 0.0131394 -0.000297965 -0.0205193 0.0195637 0.0116759 0.000150091 -0.000488679 0.0118381 -0.0330465 -0.0336038 -0.03214
internal_weight=761.666 25.7691 735.897 15.9523 22.6554 18.0799 719.945 682.637 37.3075 12.641 3.11372 2.00526
internal_count=4298 144 4154 144 79 61 4010 3919 91 135 65 56
is_linear=0
shrinkage=0.03


Tree=177
num_leaves=14
num_cat=0
split_feature=26 9 3 28 26 9 28 28 17 3 13 3 29
split_gain=4.9596 8.40652 8.06407 7.10984 17.1029 20.7324 16.4698 13.054 15.6131 13.1789 4.81723 3.28642 0.27406
threshold=0.0071148393823792467 2.1848790951061461 0.0040245521977152728 0.0019262941420179437 0.0022969341994043334 0.71399472600192337 0.0021397439001137925 0.0013470420720085813 -0.0037733597047025693 0.057916778196033684 0.071525448488844165 0.24798765908214584 0.058479962665846673
decision_type=2 2 2 2 2 2 2 2 2 2 2 2 2
left_child=3 2 -2 7 5 -5 -6 9 -9 -1 11 -3 -4
right_child=1 10 12 4 6 -7 -8 8 -10 -11 -12 -13 -14
leaf_value=-0.014525637089397135 0.034108511364974017 0.02333418545595408 -0.033269436099797753 -0.033707665959549757 0.029983062013697086 0.02759029145285883 -0.0040063271785315182 0.0040972597049894772 -0.031426928589961392 0.0017796611110541824 0.040157187671266727 -0.036888644545312065 -0.043895877888423251
leaf_weight=49.260317985434085 1.5001672306098068 1.3800717168487602 3.2204592758789641 5.5953073799610129 14.503414386883376 44.148028901778162 111.23743211245164 19.221752276644111 26.466220993548632 472.8995165862143 2.9658025503158569 1.9936734884977338 6.7889770492911339
leaf_count=372 13 11 67 32 44 127 772 78 232 2477 4 27 42
internal_value=0.000151735 -0.0154755 -0.0307554 0.000526983 0.00580483 0.0206953 -8.58653e-05 -0.00110405 -0.0164813 0.000241427 0.0122654 -0.0122538 -0.0404769
internal_weight=761.181 17.8492 11.5096 743.332 175.484 49.7433 125.741 567.848 45.688 522.16 6.33955 3.37375 10.0094
internal_count=4298 164 122 4134 975 159 816 3159 310 2849 42 38 109
is_linear=0
shrinkage=0.03


Tree=178
num_leaves=10
num_cat=0
split_feature=5 1 6 9 1 13 23 7 29
split_gain=4.91213 5.52117 9.10785 10.0812 8.32749 12.1753 9.92088 7.6586 0.0272426
threshold=-0.02817455228034282 0.078969594643568702 5211387.0000000009 20.164150000000003 0.10294508425263667 0.059326958581804846 4.198256417917217 2338644000.3320003 0.056556520758638942
decision_type=2 2 2 2 2 2 2 2 2
left_child=8 2 7 -4 6 -6 -3 -2 -1
right_child=1 4 3 -5 5 -7 -8 -9 -10
leaf_value=-0.03354885505787622 0.00019998196841940568 0.022365009051924328 -0.041242550375236241 0.025828686526185429 -0.030914520585836911 0.013844782987099106 -0.018339003112096439 -0.044771416208927002 -0.039055654835109956
leaf_weight=1.4734236788935953 676.87714982777834 36.589228437282145 9.2346259579062444 2.5804752036929122 9.9449161328375357 12.154286444187163 6.319978203624486 3.4253983441740266 1.7916928976774213
leaf_count=22 3978 89 68 7 47 27 29 19 12
internal_value=0.000146811 0.000305156 -0.000479985 -0.0265939 0.00866422 -0.00629746 0.0163698 -2.6454e-05 -0.0365706
internal_weight=760.391 757.126 692.118 11.8151 65.0084 22.0992 42.9092 680.303 3.26512
internal_count=4298 4264 4072 75 192 74 118 3997 34
is_linear=0
shrinkage=0.03


Tree=179
num_leaves=15
num_cat=0
split_feature=25 25 25 11 27 8 13 24 12 12 6 7 18 25
split_gain=4.75849 21.1522 16.7019 13.6458 20.7586 13.0412 12.1232 11.4375 10.3352 10.2974 9.53214 9.4416 6.65182 5.96522
threshold=0.00014573410487927154 0.00020685594365150631 0.00010794396705370389 0.022004674630793284 0.030684061458599688 0.01489122891553024 0.051055094198777219 0.50026350734644376 -0.026454380924657957 -0.0026970342322100967 2418355.5000000005 49179231.991500013 0.0088909693495448465 0.00015650665048258617
decision_type=2 2 2 2 2 2 2 2 2 2 2 2 2 2
left_child=2 8 6 11 -5 7 9 -3 13 -1 -8 -4 -7 -2
right_child=1 5 3 4 -6 12 10 -9 -10 -11 -12 -13 -14 -15
leaf_value=-0.0056623895834703635 0.028102411531397045 -0.013412562925420653 0.010109671995441095 -0.038150254437225299 0.029604329580340902 0.0068516457307599438 0.011513585586922824 0.0046762018714476472 -0.032935317522977035 0.0085292721783641889 -0.024063368102317149 0.0385175508448296 -0.043451012366653038 -0.016529178919145227
leaf_weight=252.6754147047177 4.4390569813549501 37.239113233052194 18.972609406337142 8.6757611669600028 7.6655134409666053 3.2254193010739973 93.069475919008255 202.71133224945515 28.29648674139753 56.261444841977209 7.3102860525250426 23.66127903573215 8.8785993829369527 6.8604724630713463
leaf_count=1641 14 263 109 48 14 29 234 1040 321 417 26 54 54 34
internal_value=0.000142203 -0.0028659 0.00201564 0.0169416 -0.00636732 0.000336286 -0.000134918 0.00186892 -0.0232499 -0.0030779 0.00892265 0.0258757 -0.0300466 0.00100449
internal_weight=759.942 291.65 468.292 58.9752 16.3413 252.054 409.317 239.95 39.596 308.937 100.38 42.6339 12.104 11.2995
internal_count=4298 1755 2543 225 62 1386 2318 1303 369 2058 260 163 83 48
is_linear=0
shrinkage=0.03


end of trees

feature_importances:
atr_20d_pct=213
qqq_gap=190
qqq_vwap_dev=190
intra_curr_bar_range=175
qqq_intra_ret=128
intra_range_pct=127
pm_final_velocity_10m=115
intra_volume=94
pm_rvol=81
pm_gap=77
pm_intra_gain=74
pm_vwap_dev=67
intra_vol_acceleration=64
pm_volume=63
intra_range_retention=62
pm_turnover=56
pm_surge_retention=54
intra_dist_to_pm_high=51
intra_curr_bar_ret=50
intra_low_from_open=49
intra_vwap_dev=49
intra_rvol=47
intra_high_from_open=45
intra_turnover=42
intra_return_from_open=29
pm_peak_to_open_mins=22
alpha_vs_qqq=21
intra_upbar_ratio=11

parameters:
[boosting: gbdt]
[objective: binary]
[metric: binary_logloss]
[tree_learner: serial]
[device_type: cpu]
[data_sample_strategy: bagging]
[data: ]
[valid: ]
[num_iterations: 180]
[learning_rate: 0.03]
[num_leaves: 15]
[num_threads: 15]
[seed: 42]
[deterministic: 0]
[force_col_wise: 0]
[force_row_wise: 0]
[histogram_pool_size: -1]
[max_depth: 4]
[min_data_in_leaf: 15]
[min_sum_hessian_in_leaf: 0.001]
[bagging_fraction: 0.8]
[pos_bagging_fraction: 1]
[neg_bagging_fraction: 1]
[bagging_freq: 0]
[bagging_seed: 400]
[bagging_by_query: 0]
[feature_fraction: 0.8]
[feature_fraction_bynode: 1]
[feature_fraction_seed: 30056]
[extra_trees: 0]
[extra_seed: 12879]
[early_stopping_round: 0]
[early_stopping_min_delta: 0]
[first_metric_only: 0]
[max_delta_step: 0]
[lambda_l1: 0]
[lambda_l2: 0]
[linear_lambda: 0]
[min_gain_to_split: 0]
[drop_rate: 0.1]
[max_drop: 50]
[skip_drop: 0.5]
[xgboost_dart_mode: 0]
[uniform_drop: 0]
[drop_seed: 17869]
[top_rate: 0.2]
[other_rate: 0.1]
[min_data_per_group: 100]
[max_cat_threshold: 32]
[cat_l2: 10]
[cat_smooth: 10]
[max_cat_to_onehot: 4]
[top_k: 20]
[monotone_constraints: ]
[monotone_constraints_method: basic]
[monotone_penalty: 0]
[feature_contri: ]
[forcedsplits_filename: ]
[refit_decay_rate: 0.9]
[cegb_tradeoff: 1]
[cegb_penalty_split: 0]
[cegb_penalty_feature_lazy: ]
[cegb_penalty_feature_coupled: ]
[path_smooth: 0]
[interaction_constraints: ]
[verbosity: -1]
[saved_feature_importance_type: 0]
[use_quantized_grad: 0]
[num_grad_quant_bins: 4]
[quant_train_renew_leaf: 0]
[stochastic_rounding: 1]
[linear_tree: 0]
[max_bin: 255]
[max_bin_by_feature: ]
[min_data_in_bin: 3]
[bin_construct_sample_cnt: 200000]
[data_random_seed: 175]
[is_enable_sparse: 1]
[enable_bundle: 1]
[use_missing: 1]
[zero_as_missing: 0]
[feature_pre_filter: 1]
[pre_partition: 0]
[two_round: 0]
[header: 0]
[label_column: ]
[weight_column: ]
[group_column: ]
[ignore_column: ]
[categorical_feature: ]
[forcedbins_filename: ]
[precise_float_parser: 0]
[parser_config_file: ]
[objective_seed: 16083]
[num_class: 1]
[is_unbalance: 0]
[scale_pos_weight: 4]
[sigmoid: 1]
[boost_from_average: 1]
[reg_sqrt: 0]
[alpha: 0.9]
[fair_c: 1]
[poisson_max_delta_step: 0.7]
[tweedie_variance_power: 1.5]
[lambdarank_truncation_level: 30]
[lambdarank_norm: 1]
[label_gain: ]
[lambdarank_position_bias_regularization: 0]
[eval_at: ]
[multi_error_top_k: 1]
[auc_mu_weights: ]
[num_machines: 1]
[local_listen_port: 12400]
[time_out: 120]
[machine_list_filename: ]
[machines: ]
[gpu_platform_id: -1]
[gpu_device_id: -1]
[gpu_device_id_list: ]
[gpu_use_dp: 0]
[num_gpu: 1]

end of parameters

pandas_categorical:[]
