tree
version=v4
num_class=1
num_tree_per_iteration=1
label_index=0
max_feature_idx=29
objective=binary sigmoid:1
feature_names=pm_gap pm_intra_gain pm_gain pm_surge_retention pm_peak_to_open_mins pm_final_velocity_10m pm_volume pm_turnover pm_vwap_dev pm_rvol intra_return_from_open intra_high_from_open intra_low_from_open intra_range_pct intra_range_retention intra_vwap_dev intra_upbar_ratio intra_curr_bar_ret intra_curr_bar_range intra_breakout_pm_high intra_dist_to_pm_high intra_volume intra_turnover intra_rvol intra_vol_acceleration qqq_gap qqq_intra_ret alpha_vs_qqq qqq_vwap_dev atr_20d_pct
feature_infos=[-0.061484272200206469:0.10594795539033457] [0:0.34499999999999997] none [0:1] [0:325] [-0.049238373759256451:0.34499999999999997] [0:31845058] [0:8569697149.3370008] [-0.092066306955677898:0.048037611719781194] [0:31845058] [-0.32773109243697479:0.13660842611993279] [0:0.15613681170051799] [-0.32773109243697479:0] [0.0037037037037037563:0.32773109243697479] [0:1] [-0.29818276936857818:0.060021047023337042] [0:1] [-0.036344372435935565:0.033774652336962571] [0:0.037427625899280503] [0:1] [-0.25650557620817843:0.13489867902344557] [317:67812914] [90336.910000000003:23009201961.681999] [0.0063400000000000001:62015799] [0.050597976080956758:9.953747745382417] [-0.0011859246672332071:0.0012176347095871301] [-0.027744868439178932:0.010619044988814977] [-0.32767720223825475:0.1321603212154546] [-0.013431696972549123:0.0051177863374413874] [0.0093137254901960592:0.71615304500823007]
tree_sizes=1695 1740 1748 1752 1738 1731 1738 1748 1746 1633 1740 1735 1738 1537 1749 1535 1733 1751 1743 1640 1749 1748 1758 1643 1735 1755 1741 1755 1738 1739 1736 1753 1750 1638 1744 1537 1740 1759 1759 1425 1735 1431 1751 1539 1630 1761 1759 1753 1755 1420 1767 1741 1528 1764 1742 1752 1751 1425 1749 1431 1642 1762 1545 1763 1544 1429 1754 1758 1541 1759 1759 1324 1538 1542 1534 1549 1555 1526 1544 1546 1731 1531 1544 1644 1549 1724 1546 1641 1753 1552 1537 1541 1771 1557 1528 1540 1549 1645 1526 1739 1664 1647 1543 1553 1752 1558 1518 1542 1527 1560 1748 1551 1434 1654 1520 1527 1436 1525 1744 1542 1321 1443 1759 1317 1529 1436 1320 1560 1332 1314 1439 1755 1330 1547 1550 1438 1317 1443 1764 1760 1325 1740 1324 1004 1315 1545 1415 1644 1326 1011 1219 1307 1672 1444 1636 999 1442 1557 1216 1638 1336 1427 1321 1557 1736 1248 1336 1553 1539 1734 1745 1226 1332 1423 1555 1756 1120 1657 1538 1434

Tree=0
num_leaves=15
num_cat=0
split_feature=29 6 18 6 25 13 18 13 25 29 3 1 13 10
split_gain=889.079 145.217 142.298 95.2599 74.5862 65.2063 62.549 51.3116 48.4963 33.7211 28.7924 27.538 28.3526 22.4898
threshold=0.042238464618594575 35672.500000000007 0.0043662230327501514 484459.00000000006 -0.0003944043076717358 0.017079899856858007 0.0062416885890786266 0.030485315708751435 -0.00036666288137811835 0.056201749382250719 0.53894863563402973 0.028408434727338363 0.021420013813948768 -0.051494446185456073
decision_type=2 2 2 2 2 2 2 2 2 2 2 2 2 2
left_child=2 6 11 8 13 -5 10 -6 -4 -8 -2 -1 -13 -3
right_child=1 4 3 5 7 -7 9 -9 -10 -11 -12 12 -14 -15
leaf_value=-1.1939899225288324 -1.1496118931607666 -1.2080397073584319 -1.1236093348670639 -1.1894550896647249 -1.1201142660741599 -1.1089204277610634 -1.1377155372854806 -1.098322754490257 -1.1628042790627235 -1.0969910566639967 -1.2080397073584319 -1.1856942594275297 -1.137582912790674 -1.07054136368928
leaf_weight=89.322766840457916 19.826684445142746 1.0852605700492848 33.157958269119263 10.388787239789961 126.26174050569534 70.123381018638611 48.045411437749863 423.21380609273911 198.46902215480804 29.556575834751129 12.299619793891905 25.92093563079834 19.181989222764969 79.335847407579422
leaf_count=465 83 6 119 53 443 228 188 1273 891 88 68 130 75 188
internal_value=-1.12511 -1.10493 -1.15854 -1.14742 -1.09938 -1.11931 -1.13678 -1.10333 -1.15719 -1.1222 -1.17198 -1.18434 -1.16523 -1.0724
internal_weight=1186.19 739.625 446.565 312.139 629.897 80.5122 109.728 549.476 231.627 77.602 32.1263 134.426 45.1029 80.4211
internal_count=4298 2337 1961 1291 1910 281 427 1716 1010 276 151 670 205 194
is_linear=0
shrinkage=1


Tree=1
num_leaves=15
num_cat=0
split_feature=29 18 6 6 25 13 18 25 13 29 3 1 0 12
split_gain=786.484 132.773 125.361 85.791 62.2387 58.5919 56.574 44.1366 43.842 29.3362 27.4453 26.4304 30.9305 19.8656
threshold=0.042238464618594575 0.0043662230327501514 35672.500000000007 484459.00000000006 -0.0003944043076717358 0.017079899856858007 0.0062416885890786266 -0.00036666288137811835 0.030485315708751435 0.056201749382250719 0.53894863563402973 0.028408434727338363 0.0012045465955186493 -0.054082111936485551
decision_type=2 2 2 2 2 2 2 2 2 2 2 2 2 2
left_child=1 11 6 7 13 -5 10 -3 -6 -8 -2 -1 -13 -4
right_child=2 3 4 5 8 -7 9 -9 -10 -11 -12 12 -14 -15
leaf_value=-0.024850917389404769 0.018344835784890826 0.042728817402129506 -0.039196976748824809 -0.020341767505601356 0.045956512747782931 0.05621655113402127 0.029582671255149413 0.0057170495310776099 0.065823101274192108 0.067022998248365134 -0.038963473697794897 -0.012377650614795099 0.042494236906437319 0.090550602151207318
leaf_weight=88.133443593978882 20.025537118315697 33.941229790449142 1.0757517814636219 10.275319218635557 129.47432881593704 72.315989434719086 48.826496049761772 199.08574739098549 438.77433013916016 30.663692772388458 12.044565320014952 32.217957332730293 12.966437101364134 83.37797799706459
leaf_count=465 83 119 6 53 443 228 188 891 1273 88 68 158 47 188
internal_value=0.041332 0.00981611 0.0598447 0.0204196 0.0648679 0.0466918 0.0304558 0.0111079 0.0612965 0.0440254 -0.00317844 -0.0152866 0.00336878 0.0888979
internal_weight=1213.2 448.936 764.263 315.618 652.702 82.5913 111.56 233.027 568.249 79.4902 32.0701 133.318 45.1844 84.4537
internal_count=4298 1961 2337 1291 1910 281 427 1010 1716 276 151 670 205 194
is_linear=0
shrinkage=0.03


Tree=2
num_leaves=15
num_cat=0
split_feature=29 18 6 29 6 13 25 25 20 25 22 15 17 5
split_gain=700.214 123.994 109.973 89.2822 77.5872 52.8954 48.0192 40.2747 37.8996 34.9416 26.1425 26.5374 19.6326 17.1685
threshold=0.042238464618594575 0.0043662230327501514 61582.000000000007 0.055984192898215462 484459.00000000006 0.017079899856858007 -0.0003944043076717358 -0.00036666288137811835 0.0273680738070879 -0.00014680805425697666 53966005.488000005 0.0041801074871717463 0.0015170548543661435 -0.012498492159227974
decision_type=2 2 2 2 2 2 2 2 2 2 2 2 2 2
left_child=1 10 3 9 7 -6 13 -3 -8 -2 -1 -12 -5 -4
right_child=2 4 6 12 5 -7 8 -9 -10 -11 11 -13 -14 -15
leaf_value=-0.032845580974839327 0.046039673049036563 0.040554914729925104 0.0021103320993389116 0.047307946358642113 -0.019951549661074364 0.05301558990258351 0.056530736760053435 0.0055287364359890958 0.083871805144000416 0.0080901516528183205 -0.015432026853293307 0.021957173688389862 0.080267074735214786 0.086635179787995689
leaf_weight=47.246923714876175 30.255968689918518 34.676161706447601 2.2258780598640433 34.04498678445816 10.163704931735991 74.349371552467346 484.11576290428638 199.68150758743286 50.377859577536583 78.464636191725731 61.286596298217773 23.688325300812721 31.146190002560616 76.255555853247643
leaf_count=260 101 119 9 108 53 228 1432 891 116 335 311 99 75 161
internal_value=0.0392687 0.00946961 0.0563514 0.0352959 0.0195978 0.0442404 0.0623252 0.0107113 0.0591077 0.0186512 -0.0149559 -0.0050091 0.0630547 0.0842379
internal_weight=1237.98 451.093 786.887 173.912 318.871 84.5131 612.975 234.358 534.494 108.721 132.222 84.9749 65.1912 78.4814
internal_count=4298 1961 2337 619 1291 281 1718 1010 1548 436 670 410 183 170
is_linear=0
shrinkage=0.03


Tree=3
num_leaves=15
num_cat=0
split_feature=29 18 6 29 6 25 13 22 23 25 17 23 18 18
split_gain=627.327 154.083 96.8939 57.6975 50.8026 42.3607 40.6665 38.8672 36.5992 33.6191 26.5718 17.8175 9.44165 0.00287934
threshold=0.047200015514282039 0.0048862309674527499 51905.500000000007 0.033154001089440666 5045.5000000000009 -0.00038043631396730772 0.029271876780738913 37911880.055000007 0.77766936183737312 -0.0003944043076717358 0.00048022302419164559 0.81434704373000633 0.0015144563055645599 0.0072225410255093046
decision_type=2 2 2 2 2 2 2 2 2 2 2 2 2 2
left_child=1 7 5 -4 11 -3 8 12 -6 -8 -9 -2 -1 -13
right_child=4 2 3 -5 6 -7 9 10 -10 -11 -12 13 -14 -15
leaf_value=0.010070651408802195 0.035504474740804558 0.042233623342829527 0.01501522276735502 0.045961099408420358 0.059711178591733992 -0.0020061288968934981 0.080538075676422821 -0.012142793728100188 0.026486040680378953 0.05859697308643038 0.013478517873004718 -0.039504226002970343 -0.038798345492741165 -0.040798448017174943
leaf_weight=3.9453354179859152 5.0925095677375776 23.32769250869751 78.815563321113586 173.78961998224258 56.600095137953758 118.08829407393932 72.419959455728531 81.753023892641068 63.108795344829559 475.66900461912155 65.712233051657677 2.9114260375499725 36.256062030792236 3.3014579266309738
leaf_count=18 18 77 320 554 159 541 150 403 227 1308 283 16 207 17
internal_value=0.0373836 0.0145187 0.0251746 0.0363056 0.0569686 0.00529157 0.0580363 -0.00785408 0.0421954 0.0614961 -0.000725639 -0.00609453 -0.0340024 -0.040192
internal_weight=1260.79 581.688 394.021 252.605 679.103 141.416 667.798 187.667 119.709 548.089 147.465 11.3054 40.2014 6.21288
internal_count=4298 2403 1492 874 1895 618 1844 911 386 1458 686 51 225 33
is_linear=0
shrinkage=0.03


Tree=4
num_leaves=15
num_cat=0
split_feature=29 18 6 23 29 18 25 20 7 3 29 15 10 18
split_gain=566.255 109.388 89.2617 74.6015 86.2692 46.7826 41.7712 32.6601 30.5739 25.5051 21.3827 20.5205 16.6301 12.1881
threshold=0.042238464618594575 0.0043662230327501514 35672.500000000007 22.127069196267165 0.032813395807568632 0.0062416885890786266 -0.0003944043076717358 0.0273680738070879 6551797.2115000011 0.53894863563402973 0.047411372339146468 0.010431447975700035 -0.051494446185456073 0.0099517051743624532
decision_type=2 2 2 2 2 2 2 2 2 2 2 2 2 2
left_child=1 8 5 4 -3 9 12 -8 -1 -2 -7 -10 -4 -5
right_child=2 3 6 13 -6 10 7 -9 11 -11 -12 -13 -14 -15
leaf_value=-0.028553871570182448 0.015938898721398996 -0.0037651533102677614 -0.040434590270911071 0.049645363581844307 0.028461773853044686 0.0087421546155472835 0.049383413946929959 0.073086167564555604 -0.0036048913830887259 -0.038984329664530713 0.04579593167534951 0.071353457125028844 0.074488712817663921 0.094932312884205963
leaf_weight=67.010502219200134 20.660682708024979 133.48699313402176 1.1472539454698552 10.717580616474153 169.92217031121254 17.760884001851082 558.0580567419529 57.731965631246567 59.964820817112923 12.04631248116493 66.485117837786674 3.4775408059358588 92.766303554177284 10.676519423723219
leaf_count=371 83 606 6 34 629 74 1589 127 289 68 202 10 188 22
internal_value=0.0356494 0.00878159 0.0504461 0.0181011 0.0142833 0.0261619 0.0544479 0.0516056 -0.0144224 -0.00428987 0.0379842 0.000503889 0.0730848 0.0722454
internal_weight=1281.91 455.256 826.657 324.803 303.409 116.953 709.704 615.79 130.453 32.707 84.246 63.4424 93.9136 21.3941
internal_count=4298 1961 2337 1291 1235 427 1910 1716 670 151 276 299 194 56
is_linear=0
shrinkage=0.03


Tree=5
num_leaves=15
num_cat=0
split_feature=18 6 7 9 25 18 13 13 18 9 13 17 5 22
split_gain=435.325 109.562 89.2303 67.7865 52.268 46.8129 43.6275 43.5842 35.7311 32.9078 35.6642 30.7132 16.2979 10.1744
threshold=0.0062744528911810914 60481.000000000007 7676368.0275000008 1.4616736985484524 -0.00036666288137811835 0.0035137634868244658 0.030485315708751435 0.020501972664605593 0.0043662230327501514 4.7995054795066379 0.057179118391388346 -0.0019271691984063517 -0.014772258603472947 95981767.769500002
decision_type=2 2 2 2 2 2 2 2 2 2 2 2 2 2
left_child=2 9 8 5 12 -4 -6 -5 -1 10 -2 -10 -3 -11
right_child=1 4 3 7 6 -7 -8 -9 11 13 -12 -13 -14 -15
leaf_value=-0.024116515326235433 0.024188305453527778 -0.0048646837308941289 -0.02878759478909497 -0.019636217917560948 0.031598601118510865 0.043606522060133254 0.05133351482499085 0.018085610639397932 -0.029412815768803911 0.012439941493497902 0.067106898224687114 0.014330272276333362 0.071897292727245599 -0.040259449593571209
leaf_weight=79.986823916435242 163.91271197795868 2.550556242465972 8.7959997802972776 44.022187724709511 126.93315164744854 93.408348545432091 489.99683971703053 73.747836157679558 18.824151232838631 5.468816250562667 19.498326241970062 62.112278684973717 103.6979898661375 8.3030617833137494
leaf_count=437 588 10 46 224 425 296 1313 282 98 22 48 254 211 44
internal_value=0.0340525 0.0452152 0.00708 0.0194993 0.0506201 0.0373761 0.0472731 0.00398527 -0.00989657 0.0253927 0.028751 0.00415653 0.0700546 -0.0193325
internal_weight=1301.26 920.361 380.898 219.974 723.179 102.204 616.93 117.77 160.923 197.183 183.411 80.9364 106.249 13.7719
internal_count=4298 2661 1637 848 1959 342 1738 506 789 702 636 352 221 66
is_linear=0
shrinkage=0.03


Tree=6
num_leaves=15
num_cat=0
split_feature=29 7 6 23 29 29 25 22 25 29 22 21 12 15
split_gain=478.013 96.7359 71.7185 61.9879 96.6984 40.1253 32.4731 32.1742 31.7072 24.7036 20.1162 15.6302 15.0099 12.4692
threshold=0.042720607977344137 7676368.0275000008 35672.500000000007 22.127069196267165 0.032398442985910422 0.056201749382250719 -0.0003944043076717358 37911880.055000007 -0.00038043631396730772 0.053059864833891607 97301641.884000018 176444.50000000003 -0.054082111936485551 -0.0065222843842404135
decision_type=2 2 2 2 2 2 2 2 2 2 2 2 2 2
left_child=1 7 5 4 -3 10 12 13 -9 -8 -2 -7 -4 -1
right_child=2 3 6 -5 -6 11 9 8 -10 -11 -12 -13 -14 -15
leaf_value=0.010791167303173685 -0.0021375451747994286 -0.0058970451078580654 -0.040947397900591716 0.067109647377692497 0.02987593595625512 0.013429923544650826 0.037527331721076633 0.031980180780114817 -0.0081607387432926278 0.050795606326689079 0.028978568348880015 0.059017187628559051 0.06710349911738453 -0.03615733251132864
leaf_weight=5.8028945475816718 42.883039876818657 116.60309259593487 1.1712646931409825 22.143246859312057 163.1763522028923 8.7133671939372999 174.50088521838188 21.292588546872139 105.26733316481113 457.13269707560539 33.156850561499596 30.333044141530991 95.564059212803841 41.525298953056335
leaf_count=26 188 540 6 54 567 32 515 76 508 1170 117 74 184 241
internal_value=0.0325685 0.00852548 0.0461316 0.0187911 0.0149669 0.0241242 0.0496089 -0.00929875 -0.00140738 0.04713 0.0114305 0.0488442 0.0657952 -0.030401
internal_weight=1319.27 475.811 843.455 301.923 279.779 115.086 728.369 173.888 126.56 631.634 76.0399 39.0464 96.7353 47.3282
internal_count=4298 2012 2286 1161 1107 411 1875 851 584 1685 305 106 190 267
is_linear=0
shrinkage=0.03


Tree=7
num_leaves=15
num_cat=0
split_feature=29 13 6 29 6 28 25 15 9 17 1 15 26 26
split_gain=435.277 84.4462 71.5688 69.5208 71.8412 46.3672 32.3068 29.6729 39.4836 31.1785 28.708 25.7972 19.402 29.2153
threshold=0.042238464618594575 0.021750404239341398 519568.50000000006 0.055984192898215462 65202.000000000007 -0.0015598542803394236 -0.00014680805425697666 0.0013035516073923168 1.5443975760631263 -0.0066694853296539146 0.021962916778903715 0.018712306738400439 0.0064125877341282981 0.0054208257523233015
decision_type=2 2 2 2 2 2 2 2 2 2 2 2 2 2
left_child=1 7 10 4 6 -4 -2 9 -9 -1 -3 -6 13 -5
right_child=3 2 5 12 11 -7 -8 8 -10 -11 -12 -13 -14 -15
leaf_value=0.042666035301743371 0.038461188597415145 -0.011995796729404746 -0.00082920831417022337 0.050503917133604033 0.040290738166648285 0.056582208556835156 0.0044943718016995709 0.025493358635316786 -0.015730982819966204 -0.023074315606800372 0.015116398299682872 0.078383046400072473 0.032422252330353861 0.080708906486371162
leaf_weight=6.9613892138004294 35.867821395397186 45.318586513400078 16.315587908029556 441.09351287782192 216.01471641659737 56.517676591873169 84.745485812425613 42.852835521101952 40.83538706600666 96.463672831654549 156.63795626163483 17.280756190419197 47.812967792153358 30.834793090820312
leaf_count=23 109 219 64 1077 589 145 345 169 205 510 626 30 135 52
internal_value=0.031196 0.00764186 0.0182268 0.0436492 0.0333937 0.0437213 0.0145954 -0.00790289 0.00537808 -0.0186494 0.00903248 0.0431123 0.0506325 0.0524774
internal_weight=1335.55 461.903 274.79 873.65 353.909 72.8333 120.613 187.113 83.6882 103.425 201.957 233.295 519.741 471.928
internal_count=4298 1961 1054 2337 1073 209 454 907 374 533 845 619 1264 1129
is_linear=0
shrinkage=0.03


Tree=8
num_leaves=15
num_cat=0
split_feature=29 6 7 29 13 25 18 29 28 0 25 8 25 21
split_gain=399.207 104.095 67.0736 57.2043 40.1691 39.7817 38.8571 42.5136 23.7208 23.3051 23.2402 13.5088 9.67904 4.87246
threshold=0.036782634458875071 48004.500000000007 1305474.1010000003 0.054853966217673765 0.01773340159396054 -0.00036666288137811835 0.0041832303391233011 0.020007434860058581 0.0026141778443542723 0.0012045465955186493 -0.00014680805425697666 0.011879239026908012 6.7416489917713297e-05 827688.50000000012
decision_type=2 2 2 2 2 2 2 2 2 2 2 2 2 2
left_child=2 3 11 10 12 -6 9 -8 -5 -4 -2 13 -3 -1
right_child=1 4 6 8 5 -7 7 -9 -10 -11 -12 -13 -14 -15
leaf_value=-0.038442185763788661 0.029307610155385921 0.011460822836927556 -0.022177094482033855 0.030712585255531371 0.060616520949413201 0.0420702936986279 0.042558109566810325 0.0074556825817610438 0.070303742737468103 0.014826518933191901 0.0013595781604056494 0.036480460518277739 -0.041513925368923628 -0.011358555196099919
leaf_weight=39.765623763203621 36.672319456934929 8.9792185723781568 53.001341059803963 41.436804875731468 122.91352526843548 679.74447163939476 37.756753176450729 174.87841115891933 20.288695931434631 21.544914737343788 99.252005189657211 2.5541382133960715 4.7441637963056555 7.0360815972089759
leaf_count=234 123 33 288 122 241 1786 116 722 41 96 426 10 24 36
internal_value=0.0299145 0.0393107 0.00160248 0.019776 0.0440402 0.0449103 0.00715476 0.0136887 0.0437259 -0.0114825 0.00889994 -0.030704 -0.00685251 -0.0343705
internal_weight=1350.57 1014.03 336.537 197.65 816.381 802.658 287.181 212.635 61.7255 74.5463 135.924 49.3558 13.7234 46.8017
internal_count=4298 2796 1502 712 2084 2027 1222 838 163 384 549 280 57 270
is_linear=0
shrinkage=0.03


Tree=9
num_leaves=14
num_cat=0
split_feature=29 7 29 29 21 18 25 6 28 28 13 7 8
split_gain=370.142 111.332 55.2402 58.1638 38.9898 37.4793 45.5926 34.8575 29.9257 47.5912 27.2356 10.6142 9.14577
threshold=0.047200015514282039 7676368.0275000008 0.033022913717809556 0.021736336090757796 807479.50000000012 0.0043662230327501514 -0.00040950722489395099 5045.5000000000009 -0.003807249098405084 -0.0045235537033643672 0.029271876780738913 1450638.4150000003 0.013733229649764957
decision_type=2 2 2 2 2 2 2 2 2 2 2 2 2
left_child=1 5 3 -3 -4 12 -7 11 9 -9 -10 -2 -1
right_child=7 2 4 -5 -6 6 -8 8 10 -11 -12 -13 -14
leaf_value=-0.026804829782159523 -0.040782478109178781 0.034593653645628386 0.010768548260436286 -0.0070005462157724241 0.035919392262353009 0.04375034637923611 -0.0054339281852728537 0.042397904078552096 0.032651819238424591 -0.015228709733127576 0.048019008865400427 0.016643643926125218 0.027684443285926234
leaf_weight=69.034026801586151 5.1678916513919813 42.9323610663414 79.493634983897209 102.48581951856613 183.59143359959126 20.274257987737656 103.83442628383636 37.561078369617462 127.2324206829071 19.643297702074051 563.56004011631012 6.5913824141025543 2.8882917016744605
leaf_count=400 27 141 306 475 531 60 478 94 367 76 1307 24 12
internal_value=0.0287174 0.0111996 0.020118 0.00527947 0.0283198 -0.0073851 0.00260076 0.0426562 0.0434619 0.0226096 0.0451886 -0.00859363 -0.0246166
internal_weight=1364.29 604.534 408.503 145.418 263.085 196.031 124.109 759.756 747.997 57.2044 690.792 11.7593 71.9223
internal_count=4298 2403 1453 616 837 950 538 1895 1844 170 1674 51 412
is_linear=0
shrinkage=0.03


Tree=10
num_leaves=15
num_cat=0
split_feature=29 22 18 29 1 28 25 15 22 26 13 13 15 18
split_gain=339.232 101.003 61.2495 45.0305 33.5357 32.9412 46.9886 31.6421 23.0672 17.3354 16.7852 13.2604 10.846 3.59457
threshold=0.047200015514282039 37911880.055000007 0.0099517051743624532 0.032398442985910422 0.032724382389899255 -0.0039771608824960688 -4.1802471724378591e-05 0.020201466908765748 45397919.012000002 0.0070803557149258754 0.029271876780738913 0.032520583330870566 -0.0065222843842404135 0.0015144563055645599
decision_type=2 2 2 2 2 2 2 2 2 2 2 2 2 2
left_child=1 12 3 -3 8 6 -6 -4 11 -10 -7 -2 -1 -14
right_child=4 2 7 -5 5 10 -8 -9 9 -11 -12 -13 13 -15
leaf_value=0.0062971351557100565 0.017340494939408285 -0.0020274229542873411 0.028175715057169419 0.0173854558518435 0.063407167104640769 0.032816288563453741 -0.013826676631862132 0.075797723434539041 0.037453771371367274 0.01278212207343505 0.05061555579283792 -0.042478083604564822 -0.0025734996587941819 -0.037960997803067928
leaf_weight=6.3536902219057074 9.7320324480533582 181.39354005455971 97.40768900513649 264.13097724318504 11.488044977188112 54.870025873184204 18.516693472862244 14.415525853633879 278.0830534696579 28.234250426292419 364.04504136741161 5.0742260366678229 2.7603799402713767 40.290065258741379
leaf_count=29 35 833 306 948 22 153 70 26 716 89 785 25 15 246
internal_value=0.0275957 0.0108198 0.014464 0.00948158 0.0408142 0.0461093 0.0157442 0.0343148 0.033412 0.0351797 0.0482842 -0.00315982 -0.0302919 -0.035692
internal_weight=1376.8 606.752 557.348 445.525 770.043 448.92 30.0047 111.823 321.124 306.317 418.915 14.8063 49.4041 43.0504
internal_count=4298 2403 2113 1781 1895 1030 92 332 865 805 938 60 290 261
is_linear=0
shrinkage=0.03


Tree=11
num_leaves=15
num_cat=0
split_feature=29 23 29 21 1 29 21 14 20 26 21 26 0 8
split_gain=312.498 81.9457 81.2521 71.9106 33.1624 32.0079 47.9849 23.4279 21.5057 16.823 26.3148 24.458 8.05245 8.42787
threshold=0.036782634458875071 22.127069196267165 0.055984192898215462 817930.50000000012 0.021526183774878308 0.032398442985910422 1409636.5000000002 0.98056514228450931 -0.018312410315832185 0.0064125877341282981 888673.00000000012 0.0054208257523233015 -1.0000000180025095e-35 0.0059734567486824609
decision_type=2 2 2 2 2 2 2 2 2 2 2 2 2 2
left_child=1 5 3 4 -2 8 -7 -5 -1 11 -11 -4 13 -3
right_child=2 12 9 7 -6 6 -8 -9 -10 10 -12 -13 -14 -15
leaf_value=-0.02180903045431274 -0.017932771741887021 0.055150252710370183 0.04245118609677126 0.03278235323303974 0.016816421824658475 -0.0015462552002449427 0.046791504713954234 0.066698066996778646 -0.002135489594432926 0.056581643638292677 0.010624810224229722 0.069207786068888721 0.07108680049143043 0.0023037339433933861
leaf_weight=76.153227210044861 29.010457262396812 7.7562402784824389 467.18354284763336 285.63837872445583 167.0190252661705 64.619896471500397 25.887635007500648 19.587515994906425 145.64944125711918 16.860949575901031 33.479334130883217 32.913055270910263 12.515727385878561 4.1795222163200378
leaf_count=391 134 18 1077 776 587 285 72 35 697 34 101 52 24 15
internal_value=0.026537 0.00138564 0.0345908 0.0258526 0.0116739 -0.00275514 0.0122797 0.0349589 -0.00889016 0.0425481 0.0260176 0.0442121 0.0542744 0.0366451
internal_weight=1388.45 336.762 1051.69 501.255 196.029 312.31 90.5075 305.226 221.803 550.437 50.3403 500.097 24.4515 11.9358
internal_count=4298 1502 2796 1532 721 1445 357 811 1088 1264 135 1129 57 33
is_linear=0
shrinkage=0.03


Tree=12
num_leaves=15
num_cat=0
split_feature=29 7 29 23 18 21 6 28 28 1 21 23 24 29
split_gain=289.827 94.6026 43.6093 79.6375 34.4493 31.9408 29.8201 25.2793 42.1453 30.0238 24.5572 15.6569 10.0145 0.0211642
threshold=0.047200015514282039 7676368.0275000008 0.033022913717809556 7.7846158358419606 0.0043662230327501514 807479.50000000012 5045.5000000000009 -0.003807249098405084 -0.0045235537033643672 0.032724382389899255 52903.000000000007 0.81434704373000633 0.39940982077279036 0.055212660069268012
decision_type=2 2 2 2 2 2 2 2 2 2 2 2 2 2
left_child=1 4 3 -3 12 -4 11 8 -8 -9 -6 -2 -1 -13
right_child=6 2 5 -5 10 -7 7 9 -10 -11 -12 13 -14 -15
leaf_value=-0.0039660774293193875 0.027642600494010898 -0.007547781348631653 0.0094481360661570445 0.044388759413916498 0.05736629589635326 0.031965407308891081 0.037544170514248361 0.032462942210473147 -0.016150163698189508 0.044952571295014281 -0.00095824057427302211 -0.039665732062548982 -0.030415650257234118 -0.043111972269948944
leaf_weight=16.997919574379921 5.4948418885469419 110.92739397287369 80.835330292582512 34.941134870052338 6.8765268772840491 189.86417755484581 38.8996542096138 292.92828975617886 19.879961878061295 423.90018923580647 117.74894717335701 3.2848577052354813 53.225611329078674 3.1339346617460251
leaf_count=90 18 523 306 93 20 531 94 754 76 920 518 18 322 15
internal_value=0.0255426 0.0100454 0.018116 0.00489302 -0.00720895 0.0252414 0.0375743 0.0382978 0.0193841 0.0398487 0.00225996 -0.00952813 -0.0240134 -0.0413483
internal_weight=1398.94 611.417 416.568 145.869 194.849 270.7 787.522 775.608 58.7796 716.828 124.625 11.9136 70.2235 6.41879
internal_count=4298 2403 1453 616 950 837 1895 1844 170 1674 538 51 412 33
is_linear=0
shrinkage=0.03


Tree=13
num_leaves=13
num_cat=0
split_feature=29 22 18 29 6 26 28 28 1 8 18 10
split_gain=267.548 89.8929 50.8637 35.1514 27.5421 26.0692 23.1843 39.2068 27.5987 9.66109 8.85995 4.43957
threshold=0.047200015514282039 37911880.055000007 0.0099517051743624532 0.032398442985910422 5045.5000000000009 0.00090684094815452604 -0.003807249098405084 -0.0045235537033643672 0.032724382389899255 -0.0014600970212348251 0.0015144563055645599 -0.008895175804951359
decision_type=2 2 2 2 2 2 2 2 2 2 2 2
left_child=1 10 3 -3 9 -4 7 -6 -8 -2 -1 -12
right_child=4 2 5 -5 6 -7 8 -9 -10 -11 11 -13
leaf_value=0.015297398448321717 0.014162732289310772 -0.0017466045638112697 0.017497237196658796 0.015363877247375148 0.036040113964871993 0.046122695372051471 0.031197633417087835 -0.015750612973137641 0.043112672866745763 -0.040562476690773619 -0.011884849956510429 -0.037598526026075316
leaf_weight=3.6367773860692969 6.7726616859436035 180.24944488704205 61.31770795583725 269.80682027339935 39.301029458642006 53.716136142611504 295.62221023440361 19.774354964494705 428.65577884018421 5.0817698687314969 7.2186715453863135 37.105740681290627
leaf_count=18 24 833 202 948 94 130 754 76 920 27 38 234
internal_value=0.0246074 0.00971468 0.0130614 0.00851106 0.0360886 0.0308642 0.0367754 0.0187042 0.0382494 -0.00929693 -0.0297174 -0.0334108
internal_weight=1408.26 613.051 565.09 450.056 795.208 115.034 783.353 59.0754 724.278 11.8544 47.9612 44.3244
internal_count=4298 2403 2113 1781 1895 332 1844 170 1674 51 290 272
is_linear=0
shrinkage=0.03


Tree=14
num_leaves=15
num_cat=0
split_feature=29 6 7 29 25 29 29 25 28 25 5 8 21 22
split_gain=248.448 70.7435 56.7583 40.9874 34.4615 29.5332 65.8322 28.449 19.7611 19.3823 15.1409 14.1614 4.68459 0.0167495
threshold=0.036782634458875071 48004.500000000007 1305474.1010000003 0.054853966217673765 -0.00036666288137811835 0.019982888506241938 0.020007434860058581 -0.00027410915263091797 0.0026141778443542723 -0.00014680805425697666 -0.014772258603472947 0.012154086634593466 827688.50000000012 63002447.315500014
decision_type=2 2 2 2 2 2 2 2 2 2 2 2 2 2
left_child=2 3 11 9 10 13 -7 -6 -5 -2 -3 12 -1 -4
right_child=1 4 5 8 7 6 -8 -9 -10 -11 -12 -13 -14 -15
leaf_value=-0.037630422438014607 0.023967991112000878 -0.016973777210865598 -0.037229657158668154 0.02291581872254685 0.0078841523264900019 0.045785455247037435 0.0025031020009595771 0.033388056078688805 0.057764715074950269 -0.00097572019356139805 0.050163600518292467 0.041666771041751538 -0.010881238857335711 -0.03957538649508599
leaf_weight=37.157533675432205 38.582530304789543 3.0957745164632788 4.0332754254341117 44.164447590708733 41.710860192775726 36.404778406023979 240.98881074786186 699.51451309025288 21.909569248557091 102.57211814820766 128.92561499774456 2.3846597373485556 7.0029242932796469 8.5412585288286191
leaf_count=234 123 11 26 122 127 96 1053 1709 41 426 237 9 37 47
internal_value=0.023718 0.0307285 0.00120873 0.0149706 0.034468 0.00614498 0.00818342 0.0319529 0.0344714 0.00584227 0.0485893 -0.0295432 -0.0333886 -0.038823
internal_weight=1416.99 1080.48 336.513 207.229 873.247 289.968 277.394 741.225 66.074 141.155 132.021 46.5451 44.1605 12.5745
internal_count=4298 2796 1502 712 2084 1222 1149 1836 163 549 248 280 271 73
is_linear=0
shrinkage=0.03


Tree=15
num_leaves=13
num_cat=0
split_feature=29 22 18 28 6 1 28 4 15 15 18 9
split_gain=233.159 81.4033 45.8688 40.1199 24.8 22.1157 26.3699 15.5899 15.5148 10.5971 3.58033 1.89336
threshold=0.047200015514282039 37911880.055000007 0.0041459757625677022 -0.00061082415915621158 3257.0000000000005 0.032724382389899255 -0.0039771608824960688 152.50000000000003 1.0000000180025095e-35 -0.0065222843842404135 0.0015144563055645599 0.96912618895992553
decision_type=2 2 2 2 2 2 2 2 2 2 2 2
left_child=1 9 8 -4 11 7 -7 -6 -3 -1 -11 -2
right_child=4 2 3 -5 5 6 -8 -9 -10 10 -12 -13
leaf_value=0.0071997228792565326 -0.040836465087955291 -0.022923149436391614 0.004922390531531616 0.022680014520499097 0.020377376638962701 0.011417649593141257 0.040015948422951933 0.033566642920976858 0.0026191290451175677 -0.0013427868509414606 -0.037174246881800189 -0.0079453684331185666
leaf_weight=6.2496308982372275 3.4075675010681143 35.896621063351631 187.62405870854855 293.83513382077217 139.45121850073338 31.06895849108696 439.63837459683418 191.30957961082458 53.007585853338242 2.6891679167747489 37.625178664922714 2.9291067719459534
leaf_count=29 18 193 711 960 380 92 930 462 249 15 246 13
internal_value=0.0228777 0.00899038 0.0121041 0.0157599 0.0334835 0.0339509 0.0381283 0.0280059 -0.00769401 -0.0291492 -0.0347841 -0.0256327
internal_weight=1424.73 616.927 570.363 481.459 807.805 801.468 470.707 330.761 88.9042 46.564 40.3143 6.33667
internal_count=4298 2403 2113 1671 1895 1864 1022 842 442 290 261 31
is_linear=0
shrinkage=0.03


Tree=16
num_leaves=15
num_cat=0
split_feature=29 23 6 7 29 9 1 27 22 0 11 5 0 7
split_gain=217.582 63.3527 62.9177 40.691 37.1049 29.9344 21.0239 23.2929 18.9232 16.9864 12.0944 7.12669 6.88464 7.33892
threshold=0.036782634458875071 22.127069196267165 48004.500000000007 1305474.1010000003 0.056201749382250719 1.4200262155229615 0.033289851483390698 -0.0054741165485522178 102350810.14100002 -0.00041810030038473941 0.014773498026704074 0.0034957273424552167 -1.0000000180025095e-35 69309790.845000014
decision_type=2 2 2 2 2 2 2 2 2 2 2 2 2 2
left_child=1 3 4 11 8 -5 9 -8 -2 -4 -6 -1 13 -3
right_child=2 12 6 5 10 -7 7 -9 -10 -11 -12 -13 -14 -15
leaf_value=-0.037410069687851571 -0.0041314279246540946 0.046646492462674584 0.034953920463808068 0.016994559788734497 0.015134101615815401 -0.0049167295470974271 0.027803313693766908 0.040809110503645052 0.017127052868290176 0.021453855594635484 0.043964726592582493 -0.012125299684726882 0.061191508269793395 -0.0018094149862434813
leaf_weight=30.305040255188942 79.60369884967804 8.2889770120382327 133.36318273842335 80.500501155853271 19.888005182147026 185.24204953014851 199.69964204728603 326.66456399857998 71.56549084186554 226.08581751585007 38.341544777154922 14.9975748360157 13.28125838935375 4.258206993341445
leaf_count=195 335 19 317 320 57 845 480 685 240 602 80 85 24 14
internal_value=0.0220741 0.000989596 0.0285595 -0.00275934 0.0137703 0.00172078 0.0320555 0.0358748 0.00593262 0.0264627 0.0341178 -0.0290395 0.046137 0.0302017
internal_weight=1432.09 336.874 1095.21 311.045 209.399 265.743 885.813 526.364 151.169 359.449 58.2295 45.3026 25.8284 12.5472
internal_count=4298 1502 2796 1445 712 1165 2084 1165 575 919 137 280 57 33
is_linear=0
shrinkage=0.03


Tree=17
num_leaves=15
num_cat=0
split_feature=29 22 18 18 15 13 23 5 26 26 1 1 15 18
split_gain=204.471 73.9414 42.4956 29.508 24.9007 23.737 30.6126 20.2895 17.5252 30.2684 19.2942 16.6267 10.3868 3.56085
threshold=0.047200015514282039 37911880.055000007 0.0099517051743624532 0.0035610304849188492 0.019125215486745815 0.029271876780738913 0.78907338270854677 -0.005310811690379641 -0.0058266168226876114 -0.0083627276855242332 0.032724382389899255 0.021962916778903715 -0.0065222843842404135 0.0015144563055645599
decision_type=2 2 2 2 2 2 2 2 2 2 2 2 2 2
left_child=1 12 3 -3 -4 6 7 -2 9 -7 -10 -8 -1 -14
right_child=5 2 4 -5 -6 8 11 -9 10 -11 -12 -13 13 -15
leaf_value=0.0073627205187851283 0.0046358991449367108 -0.014279568215301925 0.021698080165359589 0.0098031856292121883 0.06133133328056542 0.037752663458600157 -0.04422451931535553 0.042223920233762743 0.028160123207120701 -0.0024624026710048834 0.03931462570084307 0.010717262489601784 -0.00084983408239861901 -0.036805906548579868
leaf_weight=6.2298795878887168 16.593159720301628 51.622202828526497 101.60082542896271 405.29479195177555 16.597786724567413 36.35395485162735 5.3379744589328757 58.457915037870407 220.63202191889286 31.387645900249481 379.81992574036121 69.509638473391533 2.6603250205516806 36.339879527688026
leaf_count=29 52 274 303 1507 29 79 25 128 535 101 766 209 15 246
internal_value=0.0213144 0.00832541 0.01123 0.00708233 0.0272635 0.0311637 0.0203746 0.0339135 0.0335841 0.0191193 0.035216 0.00679893 -0.0286074 -0.0343532
internal_weight=1438.44 620.346 575.116 456.917 118.199 818.092 149.899 75.0511 668.194 67.7416 600.452 74.8476 45.2301 39.0002
internal_count=4298 2403 2113 1781 332 1895 414 180 1481 180 1301 234 290 261
is_linear=0
shrinkage=0.03


Tree=18
num_leaves=15
num_cat=0
split_feature=29 23 6 29 25 29 25 6 25 25 5 4 26 12
split_gain=190.924 57.7711 56.3397 33.2909 32.23 31.8588 26.2119 20.3844 19.6473 17.4204 13.8849 12.1583 11.3982 5.66293
threshold=0.036782634458875071 7.7846158358419606 48004.500000000007 0.056201749382250719 -0.00036666288137811835 0.029275493146346577 -0.00027410915263091797 519568.50000000006 -0.00014680805425697666 -0.00031346814503075294 -0.014772258603472947 322.50000000000006 0.002752003092233184 -0.027030610780547748
decision_type=2 2 2 2 2 2 2 2 2 2 2 2 2 2
left_child=1 5 3 8 10 9 -6 -7 -2 -1 -4 13 -5 -3
right_child=2 11 4 12 6 7 -8 -9 -10 -11 -12 -13 -14 -15
leaf_value=0.0072787668311444752 0.02246177138338477 0.056383265510428708 -0.018875395797309982 0.019753878991774113 0.0046575031257833771 0.00035876686670881203 0.02885674398736101 0.028491718002107591 -0.0014909546494776649 -0.019658297883929973 0.044912520586941104 -0.002066268511481974 0.046234152071376107 0.031455050463782178
leaf_weight=26.867181196808815 42.913602516055107 13.876751050353048 3.1446492224931708 32.149500161409378 42.67662250995636 130.66513112187386 718.67296536266804 28.178712025284767 109.36630381643772 110.36915394663811 131.50446280837059 6.8880929201841345 26.846018314361572 20.054702326655388
leaf_count=124 131 27 11 85 127 585 1709 89 444 594 237 26 52 57
internal_value=0.0205903 0.00081518 0.0266071 0.0126713 0.0298931 -0.00379752 0.0275003 0.00534952 0.0052591 -0.0143847 0.0434228 0.0342729 0.0318038 0.0416498
internal_weight=1444.17 336.9 1107.27 211.275 895.999 296.08 761.35 158.844 152.28 137.236 134.649 40.8195 58.9955 33.9315
internal_count=4298 1502 2796 712 2084 1392 1836 674 575 718 248 110 137 84
is_linear=0
shrinkage=0.03


Tree=19
num_leaves=14
num_cat=0
split_feature=29 22 18 25 20 6 25 6 26 23 18 14 29
split_gain=180.337 68.2142 37.6187 31.6176 23.775 21.8061 20.4936 18.734 17.5877 14.0994 8.58845 4.41939 0.0409898
threshold=0.047200015514282039 37911880.055000007 0.0099517051743624532 -0.00036666288137811835 -0.061499652295406181 5045.5000000000009 -0.0003944043076717358 16602.000000000004 0.0064125877341282981 0.81434704373000633 0.0015144563055645599 0.1186996989945104 0.055212660069268012
decision_type=2 2 2 2 2 2 2 2 2 2 2 2 2
left_child=1 10 3 -3 -4 9 7 -7 -8 -2 -1 -12 -11
right_child=5 2 4 -5 -6 6 8 -9 -10 12 11 -13 -14
leaf_value=0.016424440763382838 0.023363009672144368 0.024721160786030243 -0.011383808409499714 0.0031432042470627046 0.030294349528457602 -0.044887818521018884 0.0293070322309157 0.043708606723012453 0.012646644188854099 -0.039169850510309794 -0.010510239832632592 -0.036645965503213397 -0.043981074659957126
leaf_weight=3.5684105753898612 5.6978666335344297 72.593603625893593 13.942243814468382 386.52136790752411 105.74651420116425 2.1928208172321311 644.05174334347248 105.17411142587662 62.567022532224655 3.1812156140804291 7.0433290377259246 33.603483572602272 3.1936240494251251
leaf_count=18 18 232 52 1549 280 10 1481 183 170 18 40 232 15
internal_value=0.0199027 0.00771641 0.0104601 0.00655503 0.0254394 0.0290938 0.0296874 0.0418991 0.0278319 -0.0109294 -0.0281996 -0.0321171 -0.0415801
internal_weight=1449.08 623.019 578.804 459.115 119.689 826.058 813.986 107.367 706.619 12.0727 44.2152 40.6468 6.37484
internal_count=4298 2403 2113 1781 332 1895 1844 193 1651 51 290 272 33
is_linear=0
shrinkage=0.03


Tree=20
num_leaves=15
num_cat=0
split_feature=29 18 22 14 29 22 17 6 26 26 26 25 26 26
split_gain=168.924 54.9852 39.6923 35.616 32.0316 42.7576 22.27 19.4484 22.9616 18.5131 14.481 20.9362 20.3615 12.996
threshold=0.042720607977344137 0.010077100715439937 37911880.055000007 0.50779986320609372 0.055984192898215462 97301641.884000018 0.006631454142132078 62691.500000000007 -0.0019311682187495339 0.00090684094815452604 0.0064125877341282981 -8.2480241557484176e-05 0.0054208257523233015 -0.0051474200736397928
decision_type=2 2 2 2 2 2 2 2 2 2 2 2 2 2
left_child=1 2 -1 -4 5 13 -7 8 -3 -9 12 -12 -6 -2
right_child=4 7 3 -5 10 6 -8 9 -10 -11 11 -13 -14 -15
leaf_value=-0.027355542789139754 -0.042572799108225867 0.037117249669568295 -0.0069172964414676991 0.011844859935018116 0.030881129663144491 0.021059857879799717 0.044252861565775389 0.020052099984385337 -0.025500788722798096 0.053581295956603762 0.03152555897103107 -0.0067425162469071332 0.054601210224073965 0.0018551517564712346
leaf_weight=41.405784472823143 6.6201440393924704 9.6673737168312091 162.16858422756195 207.66311512887478 497.56739629805088 269.78201662003994 43.231285944581032 30.351786777377129 11.587882637977598 28.964288577437401 31.815350010991096 21.603569626808167 34.851416170597076 56.489926263689995
leaf_count=278 33 29 713 797 1077 697 84 88 53 54 68 67 52 208
internal_value=0.0192414 0.00493928 0.000499212 0.00361779 0.0265534 0.0197213 0.0242631 0.0276015 0.00297932 0.0364245 0.0309398 0.0160493 0.0324338 -0.00280527
internal_weight=1453.77 491.809 411.237 369.832 961.961 376.123 313.013 80.5713 21.2553 59.3161 585.838 53.4189 532.419 63.1101
internal_count=4298 2012 1788 1510 2286 1022 781 224 82 142 1264 135 1129 241
is_linear=0
shrinkage=0.03


Tree=21
num_leaves=15
num_cat=0
split_feature=29 13 7 25 29 29 29 9 9 28 18 8 21 18
split_gain=158.795 47.2852 45.208 32.7373 35.9591 26.1671 50.2218 25.8831 17.9382 17.3176 16.3307 13.8892 4.51792 0.0275192
threshold=0.036782634458875071 0.02039646163294629 1305474.1010000003 -0.00036666288137811835 0.055984192898215462 0.019982888506241938 0.020007434860058581 1.1612234745146586 0.61893883795072668 -0.0012906062293244899 0.0082287100703102543 0.012154086634593466 827688.50000000012 0.0043662230327501514
decision_type=2 2 2 2 2 2 2 2 2 2 2 2 2 2
left_child=2 7 11 9 -5 13 -7 8 -2 -3 -9 12 -1 -4
right_child=1 3 5 4 -6 6 -8 10 -10 -11 -12 -13 -14 -15
leaf_value=-0.036740380242365971 -0.018601903368321532 0.020384176385072117 -0.037071406644386483 0.016602059341387049 0.028708956862515424 0.038611462361168518 0.0016040153000565804 -0.038827168329949736 0.024896825825631123 0.043940745302410371 0.019153214521751241 0.042689321407623076 -0.0099995998228378721 -0.03993614904121482
leaf_weight=33.869794756174088 11.553813964128492 36.841899558901787 6.3703266531229001 392.43384249508381 504.81543979048729 38.173799112439156 243.65852355957031 18.449968755245212 32.627019688487053 118.19448430836201 5.7298484891653052 2.3545739501714698 6.8336261063814154 5.7346975356340408
leaf_count=234 50 87 42 1136 1110 96 1053 87 97 213 16 9 37 31
internal_value=0.0186127 0.0240426 0.000556067 0.0256133 0.0234137 0.00476156 0.00661662 -0.000135001 0.0135214 0.0383429 -0.0250877 -0.0281529 -0.0322509 -0.0384286
internal_weight=1457.64 1120.65 336.995 1052.29 897.249 293.937 281.832 68.3607 44.1808 155.036 24.1798 43.058 40.7034 12.105
internal_count=4298 2796 1502 2546 2246 1222 1149 250 147 300 103 280 271 73
is_linear=0
shrinkage=0.03


Tree=22
num_leaves=15
num_cat=0
split_feature=18 6 18 25 28 22 26 17 21 12 10 18 5 17
split_gain=143.522 38.7526 37.8184 32.2838 31.2822 22.833 24.1035 18.1463 18.6613 17.9872 33.3802 16.0342 11.4067 10.343
threshold=0.0062744528911810914 61582.000000000007 0.0041459757625677022 -0.00036666288137811835 0.0044968650126410662 37911880.055000007 -0.005910532222752193 0.0031721471312441654 685803.50000000012 -0.0086779778174529924 -0.0019059386221627333 0.0073014433325382438 -0.014772258603472947 0.00048022302419164559
decision_type=2 2 2 2 2 2 2 2 2 2 2 2 2 2
left_child=2 7 9 12 -5 -4 -7 8 -2 10 -1 -9 -3 -11
right_child=1 3 5 4 -6 6 -8 11 -10 13 -12 -13 -14 -15
leaf_value=-0.01326151932894667 0.011487821560578615 -0.017694428105923945 -0.026487514637799331 0.025352391414520857 -0.011288761833855198 -0.021891535661139903 0.013658819826763762 -0.0099826326388368324 -0.015862259374725986 -0.031161547367176429 0.039047679247497587 0.02852967520637616 0.042341515325877314 -0.008581472298036779
leaf_weight=36.661668218672276 109.70156070590019 2.9177496284246436 15.464264094829558 698.94199629127979 21.618800312280655 18.517509818077087 234.93650759756565 11.196556478738783 28.230554461479187 39.101693071424961 15.673007428646086 74.254524737596512 119.58427752554417 34.248742274940014
leaf_count=195 357 10 90 1661 70 84 795 45 108 238 55 199 211 180
internal_value=0.0180104 0.0237299 0.00255294 0.0266736 0.0242531 0.00890222 0.0110615 0.0126201 0.00589008 -0.0110321 0.00240386 0.0234835 0.0409116 -0.0206185
internal_weight=1461.05 1066.45 394.603 843.063 720.561 268.918 253.454 223.383 137.932 125.685 52.3347 85.4511 122.502 73.3504
internal_count=4298 2661 1637 1952 1731 969 879 709 465 668 250 244 221 418
is_linear=0
shrinkage=0.03


Tree=23
num_leaves=14
num_cat=0
split_feature=29 22 25 28 6 6 28 28 1 23 15 18 29
split_gain=143.403 56.4656 33.0215 44.0485 34.864 19.1129 18.302 34.099 18.7377 13.0844 10.3632 3.66999 0.0512212
threshold=0.047200015514282039 37911880.055000007 -0.00036666288137811835 -0.0012906062293244899 42581.000000000007 5045.5000000000009 -0.003807249098405084 -0.0045235537033643672 0.032724382389899255 0.81434704373000633 -0.0065222843842404135 0.0015144563055645599 0.055212660069268012
decision_type=2 2 2 2 2 2 2 2 2 2 2 2 2
left_child=1 10 3 -3 -4 9 7 -7 -8 -2 -1 -12 -11
right_child=5 2 4 -5 -6 6 8 -9 -10 12 11 -13 -14
leaf_value=0.0092027481618682325 0.020665454848156947 -0.014135025663136458 -0.0057669099877749406 0.037185612793484514 0.011351137879409775 0.026233652636933721 0.021730103456620745 -0.020774344853364834 0.031297019373555078 -0.03891186795710222 0.0015158730214330637 -0.035962972816912894 -0.044310043116040511
leaf_weight=6.0365906804800025 5.8218653351068479 19.277705028653145 155.83638967573643 68.664253711700439 342.25947020947933 41.432761415839195 311.69014583528042 20.890402033925056 450.65110523998737 3.1181537061929703 2.5311507433652869 33.120552681386471 3.2110873162746429
leaf_count=29 18 81 707 179 1146 94 754 76 920 18 15 246 15
internal_value=0.0174267 0.00658798 0.00898777 0.0259356 0.00599551 0.0255573 0.0261076 0.0104768 0.0273855 -0.0117936 -0.0271473 -0.0333021 -0.0416506
internal_weight=1464.54 627.726 586.038 87.942 498.096 836.816 824.664 62.3232 762.341 12.1511 41.6883 35.6517 6.32924
internal_count=4298 2403 2113 260 1853 1895 1844 170 1674 51 290 261 33
is_linear=0
shrinkage=0.03


Tree=24
num_leaves=15
num_cat=0
split_feature=29 7 7 29 13 9 26 29 25 3 8 11 17 15
split_gain=135.647 41.828 40.4094 29.3803 26.2351 28.0672 25.7257 25.4552 22.4957 15.3857 13.2935 11.718 9.05904 3.466
threshold=0.036782634458875071 6551797.2115000011 1305474.1010000003 0.057048793532669069 0.020501972664605593 1.1612234745146586 0.0057106256065224872 0.019982888506241938 -0.00036666288137811835 0.66066539966588544 0.012154086634593466 0.030393539344742416 0.0010007193388427086 0.010019903698248388
decision_type=2 2 2 2 2 2 2 2 2 2 2 2 2 2
left_child=2 3 10 9 5 -3 7 -4 -6 -2 13 -8 -5 -1
right_child=1 4 6 12 8 -7 11 -9 -10 -11 -12 -13 -14 -15
leaf_value=-0.03395465849122202 0.0049751088328774196 0.021671419488861081 -0.038121300026271891 0.011419243623825103 0.036201544777807806 -0.02345433287486344 -0.040320311048060678 0.00820754804104591 0.023155713492946119 -0.021608450030897834 0.041185685803574582 0.026380759003099278 0.042927146875860182 0.0041631323775175146
leaf_weight=36.839259020984173 69.556217983365059 30.012055099010468 11.119339279830454 13.972351565957068 139.48673468828201 21.144516691565514 15.663726910948755 266.35232829302549 808.33807241916656 27.279210224747658 2.3874297440052024 2.7931556999683371 19.923156872391701 2.2797775715589514
leaf_count=259 260 81 69 39 259 85 85 1059 1911 124 9 9 37 12
internal_value=0.0168725 0.0218579 0.000181634 0.00590056 0.0239461 0.00301962 0.00406968 0.00635098 0.0250756 -0.00251366 -0.027539 -0.0302262 0.029939 -0.0317332
internal_weight=1467.15 1129.71 337.435 130.731 998.981 51.1566 295.929 277.472 947.825 96.8354 41.5065 18.4569 33.8955 39.119
internal_count=4298 2796 1502 460 2336 166 1222 1128 2170 384 280 94 76 271
is_linear=0
shrinkage=0.03


Tree=25
num_leaves=15
num_cat=0
split_feature=18 18 9 25 13 28 13 0 13 15 26 28 25 13
split_gain=122.505 33.8568 36.0082 33.6498 32.5058 31.0622 23.1841 17.6934 17.604 16.2632 14.1961 13.1124 37.548 17.0285
threshold=0.0062744528911810914 0.0035610304849188492 1.9512348746972854 -0.00036666288137811835 0.030485315708751435 -0.0035044407036431912 0.020501972664605593 0.0016718755678928148 0.068215171959300339 0.0093004460715310436 -0.00060459397766948015 -0.0012906062293244899 -0.00087053193906951151 0.018506492381351748
decision_type=2 2 2 2 2 2 2 2 2 2 2 2 2 2
left_child=1 7 5 11 9 -3 -4 -1 -6 -5 -9 12 -2 -13
right_child=3 2 6 4 8 -7 -8 10 -10 -11 -12 13 -14 -15
leaf_value=-0.024552075578835368 0.039015233706462558 -0.033873642475728057 -0.026625536747680159 0.011765701057069138 0.02069475742391708 0.016660120173962456 0.0021316647604659065 -0.024141684809425041 0.034347118316248273 -0.019419143910853379 0.030741639340340507 -0.047483084319629554 -0.028365212719542659 0.041018523793246352
leaf_weight=56.007076501846313 24.616517692804337 11.602710001170633 37.208153836429119 208.52804353833199 598.45696838200092 193.83305571228266 78.385370172560215 6.8821768909692791 99.076519936323166 16.221636533737183 11.05492080748081 1.9905948191881169 10.669263109564779 114.79743799567223
leaf_count=339 46 59 201 642 1461 656 291 42 199 60 49 9 38 206
internal_value=0.0163406 0.00205398 0.0062694 0.0215929 0.019437 0.013806 -0.00712493 -0.0162473 0.0226339 0.00951489 0.00968379 0.0346679 0.0186416 0.0395101
internal_weight=1469.33 394.973 321.029 1074.36 922.283 205.436 115.594 73.9442 697.533 224.75 17.9371 152.074 35.2858 116.788
internal_count=4298 1637 1207 2661 2362 715 492 430 1660 702 91 299 84 215
is_linear=0
shrinkage=0.03


Tree=26
num_leaves=15
num_cat=0
split_feature=18 6 7 9 18 25 25 15 13 9 11 13 26 5
split_gain=114.709 33.246 32.6513 38.1105 29.3225 26.8572 24.8705 24.954 22.7432 21.9599 20.4315 19.1312 10.7852 10.554
threshold=0.0062416885890786266 61582.000000000007 7676368.0275000008 1.4616736985484524 0.0035137634868244658 -0.00036666288137811835 -0.000152581626249253 0.0054568043709382072 0.01773340159396054 4.7995054795066379 0.010314542415072679 0.066736103395796387 0.0032474209974509699 -0.014772258603472947
decision_type=2 2 2 2 2 2 2 2 2 2 2 2 2 2
left_child=2 9 6 4 -4 13 7 -1 -7 11 -5 -2 -8 -3
right_child=1 5 3 10 -6 8 12 -9 -10 -11 -12 -13 -14 -15
leaf_value=-0.0058189310821241012 0.011037697789298253 -0.019556061722558117 -0.030947260394416469 -0.016120454533817229 0.025646047721371662 -0.023893058905588068 -0.01192679567181381 0.041844708149876661 0.022006711856475639 -0.024481122503942781 0.0083157919677977164 0.051556008241290724 -0.035014348420085557 0.037926349893810683
leaf_weight=30.697294361889362 202.04853847622871 2.9452957212924948 8.9359657317399961 56.250194504857063 105.75409908592701 9.8483734428882581 82.028747573494911 14.581527166068552 721.13908924162388 14.942401319742201 68.04740497469902 11.061945408582686 23.406270675361156 119.90466322004795
leaf_count=153 631 10 46 263 291 43 445 43 1696 67 238 19 141 212
internal_value=0.0158247 0.0208516 0.00186902 0.00876497 0.0212366 0.0235695 -0.00906593 0.0095306 0.0213883 0.0106758 -0.0027427 0.0131409 -0.0170522 0.0365482
internal_weight=1471.59 1081.89 389.702 238.988 114.69 853.837 150.714 45.2788 730.987 228.053 124.298 213.11 105.435 122.85
internal_count=4298 2678 1620 838 337 1961 782 196 1739 717 501 650 586 222
is_linear=0
shrinkage=0.03


Tree=27
num_leaves=15
num_cat=0
split_feature=29 22 15 25 13 22 25 26 25 25 15 13 10 18
split_gain=117.929 48.7073 28.6627 30.9236 17.8315 21.7582 15.9505 15.1516 29.4411 19.7259 9.93323 8.55519 7.60999 3.78646
threshold=0.047200015514282039 37911880.055000007 0.019125215486745815 -0.00036666288137811835 0.029271876780738913 1521978870.7770002 -9.5779806604573002e-05 -0.0058266168226876114 0.00035709747270263323 -0.0003944043076717358 -0.0065222843842404135 0.061028271231667326 -0.0027671710254414798 0.0015144563055645599
decision_type=2 2 2 2 2 2 2 2 2 2 2 2 2 2
left_child=1 10 3 -3 5 6 -2 8 -6 -9 -1 -4 -7 -12
right_child=4 2 11 -5 7 12 -8 9 -10 -11 13 -13 -14 -15
leaf_value=0.008916979460632482 0.023565040235481831 0.022764099795069281 0.021934715750318121 0.00336145244562894 0.019959317307437031 0.011767528209351145 0.0015700713683491174 0.039750557247997906 -0.033366575449086382 0.024128050534836298 0.0031537326587854574 0.058000074562378268 0.051625288504044096 -0.035608316168857221
leaf_weight=6.0466232597827902 44.601670816540718 87.381839364767075 11.793723195791246 480.16662177443504 59.075413763523102 5.8669125288724926 88.658312186598778 84.259851276874542 11.062916398048399 532.09054638445377 2.4440381824970236 11.884975731372831 16.258785456418991 31.507661305367947
leaf_count=29 104 257 30 1808 138 15 269 138 42 1163 15 18 26 246
internal_value=0.0153331 0.00553041 0.00769797 0.00634876 0.0226831 0.013506 0.00893171 0.0247603 0.0115482 0.0262638 -0.0265088 0.0400369 0.0410565 -0.032818
internal_weight=1473.1 631.225 591.227 567.548 841.874 155.386 133.26 686.489 70.1383 616.35 39.9983 23.6787 22.1257 33.9517
internal_count=4298 2403 2113 2065 1895 414 373 1481 180 1301 290 48 41 261
is_linear=0
shrinkage=0.03


Tree=28
num_leaves=15
num_cat=0
split_feature=29 18 22 14 29 22 14 1 6 1 28 25 14 13
split_gain=111.06 40.7839 28.6047 31.1359 23.4717 32.8905 19.8991 17.0962 15.4294 16.2613 11.2848 10.6894 25.5483 12.2765
threshold=0.042720607977344137 0.010077100715439937 37911880.055000007 0.50779986320609372 0.055984192898215462 97301641.884000018 0.98056514228450931 0.021815029459897016 62691.500000000007 0.023671428194741034 -0.00061082415915621158 -0.00040950722489395099 0.97622084963272115 0.02082396542247061
decision_type=2 2 2 2 2 2 2 2 2 2 2 2 2 2
left_child=1 2 -1 -4 5 7 -7 -2 9 -3 -10 13 -13 -6
right_child=4 8 3 -5 11 6 -8 -9 10 -11 -12 12 -14 -15
leaf_value=-0.025599246617916287 -0.035615999083527743 0.032303504039261556 -0.007897613138743393 0.0095166557996715206 -0.052640289357190964 0.01693453797698527 0.047749789108165998 0.0030860369514684148 0.013642656869856043 -0.02053348587814165 0.040211790186508709 0.023901482926342619 -0.026260802083364787 0.037505961628074028
leaf_weight=37.335215181112289 12.847677409648893 8.7913186848163622 163.68592567741871 212.19220051169395 1.3880090564489354 299.54389904439449 20.127432957291603 51.249084085226059 23.091883197426796 12.985697686672209 38.167569473385811 517.09159129858017 9.3023612350225431 66.506991565227509
leaf_count=278 61 26 713 797 6 748 33 180 66 56 76 1116 31 111
internal_value=0.0148603 0.00330085 -0.000554487 0.00193316 0.0207254 0.0149421 0.0188748 -0.00467147 0.0224861 0.000796655 0.0301965 0.02446 0.023015 0.0356631
internal_weight=1474.31 496.25 413.213 375.878 978.057 383.768 319.671 64.0968 83.0365 21.777 61.2595 594.289 526.394 67.895
internal_count=4298 2012 1788 1510 2286 1022 781 241 224 82 142 1264 1147 117
is_linear=0
shrinkage=0.03


Tree=29
num_leaves=15
num_cat=0
split_feature=29 23 13 6 29 7 9 25 13 1 25 28 0 7
split_gain=104.889 41.8393 34.288 29.0952 29.8519 27.9113 25.2993 22.6324 11.9572 11.8327 10.2775 7.34813 6.15828 5.75265
threshold=0.036782634458875071 22.127069196267165 0.017614429336263396 61582.000000000007 0.055984192898215462 1305474.1010000003 1.4200262155229615 -0.00036666288137811835 0.015168771289267365 0.025912851248329708 -0.00010520802191165431 0.0021816687704449976 -1.0000000180025095e-35 69309790.845000014
decision_type=2 2 2 2 2 2 2 2 2 2 2 2 2 2
left_child=1 5 8 4 -4 10 -7 -5 9 -2 -1 -10 13 -3
right_child=2 12 3 7 -6 6 -8 -9 11 -11 -12 -13 -14 -15
leaf_value=-0.0020275973208677758 0.031018104992812944 0.034784395196725215 0.003302211459581296 0.033953613307780274 0.025347968102079069 0.013783007067342588 -0.0060845422341227898 0.020200593637779828 -0.044171532577081868 -0.026092788843372051 -0.036249383724026113 0.0035741250310257662 0.0493082080583866 -0.0071387058270477623
leaf_weight=10.873355165123938 7.7587689906358737 8.7918448299169558 167.23328423500061 126.23999947309494 82.574988052248955 83.396297261118889 187.10368625074625 732.8801229596138 11.28465001285076 5.637341745197773 28.864493764936924 3.9048842936754218 13.957453683018683 4.4301801770925513
leaf_count=66 25 19 584 225 180 320 845 1686 56 26 214 14 24 14
internal_value=0.0144077 -0.000281388 0.0187649 0.0196011 0.0105895 -0.00340821 4.07079e-05 0.0222215 -0.0136759 0.00698474 -0.0268854 -0.0318972 0.0354094 0.0207376
internal_weight=1474.93 337.417 1137.51 1108.93 249.808 310.238 270.5 859.12 28.5856 13.3961 39.7378 15.1895 27.1795 13.222
internal_count=4298 1502 2796 2675 764 1445 1165 1911 121 51 280 70 57 33
is_linear=0
shrinkage=0.03


Tree=30
num_leaves=15
num_cat=0
split_feature=29 23 18 6 29 20 12 25 17 4 13 18 13 6
split_gain=99.57 54.762 51.8038 36.9248 29.8997 24.6064 29.5844 20.6018 19.7077 8.57929 6.13888 4.27786 7.56862 0.126678
threshold=0.032398442985910422 7.7846158358419606 0.0035137634868244658 61582.000000000007 0.055984192898215462 -0.018312410315832185 -0.010537201892571077 -0.00036666288137811835 -0.006521809895312999 322.50000000000006 0.038632278015086161 0.0028414311327594594 0.022514690145273027 34121.000000000007
decision_type=2 2 2 2 2 2 2 2 2 2 2 2 2 2
left_child=1 5 11 4 -4 8 -7 -5 -1 10 -3 12 -2 -13
right_child=2 9 3 7 -6 6 -8 -9 -10 -11 -12 13 -14 -15
leaf_value=0.019772123838255516 -0.0383371170253698 0.016405712138454074 0.0032223119486689306 0.032041329592010649 0.024410478071445672 0.020189739921569749 -0.011377043308245812 0.019335204667568582 -0.030881576158740494 -0.0035675091330090395 0.042603424214241889 -0.038271397599808833 0.027942495994647779 -0.044203995001993325
leaf_weight=7.8284714072942725 3.7830034866929081 12.388047218322752 216.97917362302542 134.72656662762165 82.82010455429554 36.883552968502045 96.9735491797328 778.36020848155022 59.103765442967415 6.7110265344381324 22.989495247602463 6.7351733148097974 2.6276240423321724 6.2409605234861374
leaf_count=28 24 39 791 250 180 155 515 1827 339 24 45 42 9 30
internal_value=0.0139727 -0.00358333 0.017433 0.0182106 0.00907558 -0.0101053 -0.002679 0.02121 -0.0249571 0.0275306 0.0334299 -0.0312196 -0.0111701 -0.0411247
internal_weight=1475.15 242.878 1232.27 1212.89 299.799 200.789 133.857 913.087 66.9322 42.0886 35.3775 19.3868 6.41063 12.9761
internal_count=4298 1145 3153 3048 971 1037 670 2077 367 108 84 105 33 72
is_linear=0
shrinkage=0.03


Tree=31
num_leaves=15
num_cat=0
split_feature=18 9 7 28 6 9 17 26 28 20 5 11 17 17
split_gain=88.0285 29.2737 28.3714 26.8347 25.8749 19.5976 19.5122 17.5234 19.2738 18.4932 16.3585 16.0648 9.0216 8.04439
threshold=0.0062416885890786266 1.9512348746972854 1138091.9525000004 -0.0035044407036431912 61582.000000000007 4.7995054795066379 0.0051117532686668112 0.0079402470410583712 -0.00061082415915621158 0.021342029420511079 0.0079492475939584046 0.0095719439885841532 0.0032168435615924774 -0.00025400853311199667
decision_type=2 2 2 2 2 2 2 2 2 2 2 2 2 2
left_child=1 2 13 -4 5 11 10 8 -6 -9 -3 -2 -7 -1
right_child=4 6 3 -5 7 12 -8 9 -10 -11 -12 -13 -14 -15
leaf_value=-0.036557674490411078 -0.0017117117878463622 -0.0071062968890107788 -0.032904212047738683 0.014127486928404195 0.015772487134274236 -0.043718819094935975 0.057985544772042701 -0.018208645379414325 0.025061838965467601 0.030343526803517717 -0.03663422157249429 0.016470443928615713 0.0040077415279417784 -0.0059893085715940764
leaf_weight=13.335328713059427 61.158450491726398 120.65057034790516 11.545316256582735 201.06141392886639 346.07900734245777 8.808733254671095 3.7629235237836829 20.711081460118297 479.58640338480473 10.712441787123678 19.633510768413544 153.51124136149883 5.9874483942985526 18.492359645664692
leaf_count=100 216 553 60 673 838 44 9 67 1035 21 108 434 23 117
internal_value=0.0135538 0.00129709 0.00761897 0.0115735 0.0179359 0.00898871 -0.00943055 0.0203314 0.0211682 -0.00165696 -0.0112389 0.0112904 -0.0244057 -0.018797
internal_weight=1475.04 388.481 244.434 212.607 1086.55 229.466 144.047 857.089 825.665 31.4235 140.284 214.67 14.7962 31.8277
internal_count=4298 1620 950 733 2678 717 670 1961 1873 88 661 650 67 217
is_linear=0
shrinkage=0.03


Tree=32
num_leaves=15
num_cat=0
split_feature=13 7 14 9 15 26 17 11 18 23 23 17 25 18
split_gain=83.2644 38.8281 27.0661 29.2692 23.1309 23.4454 22.4174 22.3684 19.392 17.736 14.303 13.9986 11.3422 9.22408
threshold=0.020708607999301871 6551797.2115000011 0.51409692419915121 1.4082590703105751 0.020201466908765748 0.0070803557149258754 -0.0066694853296539146 0.015478297330588931 0.0043662230327501514 2.1896645830188244 0.81796060770080226 0.0015170548543661435 0.00021773358020248402 0.0023849277702347152
decision_type=2 2 2 2 2 2 2 2 2 2 2 2 2 2
left_child=2 8 6 7 5 -3 -1 -4 13 -5 -8 -10 -6 -2
right_child=1 4 3 9 12 -7 10 -9 11 -11 -12 -13 -14 -15
leaf_value=0.029328855829146332 0.023351006914425116 0.018165477068006419 0.025248622490419922 -0.019609876192149257 0.039484463890586796 -0.00051733702871361632 -0.0026032669952467959 -0.042773677115299655 -0.0015511671360527504 0.022132973020006948 -0.028649444767938792 0.016836555803012677 0.0054586011507652523 -0.032375227709216303
leaf_weight=8.9476816058158857 3.1396070420742062 955.8207270950079 55.72890193015337 41.971981197595596 61.473505735397339 64.534353762865067 27.608495198190212 4.7193074673414221 84.261866390705109 11.718460649251936 60.679174117743969 66.804779201745987 10.293333217501639 17.998697891831398
leaf_count=26 15 2333 199 224 104 187 123 26 320 41 347 211 26 116
internal_value=0.0131404 0.0160541 -0.00428793 0.00562049 0.0181417 0.0169838 -0.0159188 0.019938 0.00281443 -0.0104991 -0.0205045 0.00658026 0.0346042 -0.0240984
internal_weight=1475.7 1264.33 211.374 114.139 1092.12 1020.36 97.2354 60.4482 172.205 53.6904 88.2877 151.067 71.7668 21.1383
internal_count=4298 3312 986 490 2650 2520 496 225 662 265 470 531 130 131
is_linear=0
shrinkage=0.03


Tree=33
num_leaves=14
num_cat=0
split_feature=29 22 29 29 6 28 28 28 23 20 21 29 17
split_gain=88.4392 39.1862 23.8155 24.5426 14.9548 15.5911 30.7861 18.4383 12.0036 9.97372 3.71634 0.0934723 0.0167718
threshold=0.047411372339146468 37911880.055000007 0.019982888506241938 0.020007434860058581 5045.5000000000009 -0.003807249098405084 -0.0045235537033643672 -0.0027791112397411327 0.81434704373000633 -0.034012103362601666 380287.00000000006 0.055212660069268012 0.0023363201653803099
decision_type=2 2 2 2 2 2 2 2 2 2 2 2 2
left_child=1 9 12 -4 8 6 -6 -7 -2 -1 -11 -10 -3
right_child=4 2 3 -5 5 7 -8 -9 11 10 -12 -13 -14
leaf_value=0.027812790088662036 0.016850158489404386 -0.037384726537615327 0.029550532413960551 0.0053451086143143063 0.020300556657795954 0.033949582187502138 -0.023979156789192105 0.019179929670369956 -0.038674327186262972 -0.035478071683801682 -0.01242995845460579 -0.045976819903754206 -0.039992231662589993
leaf_weight=2.9185470640659323 5.9610839039087278 7.561597675085066 40.466381162405014 551.40474276989698 41.803008750081062 85.733861014246941 21.34826585650444 674.99105353653431 3.0211825221776962 26.219308607280254 8.2861685603857023 3.301443338394165 3.1428421884775162
leaf_count=14 18 49 102 1962 93 160 76 1498 18 212 64 15 17
internal_value=0.0127413 0.00434799 0.00619797 0.00700004 0.0191655 0.0196554 0.00533182 0.0208445 -0.0136919 -0.0254391 -0.0299433 -0.0424874 -0.0381503
internal_weight=1476.16 640 602.576 591.871 836.16 823.876 63.1513 760.725 12.2837 37.424 34.5055 6.32263 10.7044
internal_count=4298 2420 2130 2064 1878 1827 169 1658 51 290 276 33 66
is_linear=0
shrinkage=0.03


Tree=34
num_leaves=15
num_cat=0
split_feature=29 23 18 6 29 20 12 25 17 25 13 11 18 13
split_gain=83.9208 46.7621 46.3374 31.1119 26.615 23.7447 27.5401 20.1597 18.2026 8.14632 7.44541 5.65412 4.14212 7.08585
threshold=0.032398442985910422 7.7846158358419606 0.0035137634868244658 61582.000000000007 0.055984192898215462 -0.018312410315832185 -0.010537201892571077 -0.00036666288137811835 -0.006521809895312999 4.3792572003873029e-05 0.038632278015086161 0.027352684948286545 0.0028414311327594594 0.022514690145273027
decision_type=2 2 2 2 2 2 2 2 2 2 2 2 2 2
left_child=1 5 12 4 -4 8 -7 -5 -1 11 -11 -3 13 -2
right_child=2 9 3 7 -6 6 -8 -9 -10 10 -12 -13 -14 -15
leaf_value=0.017753467816198069 -0.038058908616144166 0.020179122708083648 0.0023980622870488307 0.029777257609867762 0.022360703125178585 0.01927332485109897 -0.011123013581637005 0.017162959425499443 -0.03051600607002421 0.015628089470910898 0.047760234640239804 -0.018152789071453471 -0.040834581135147013 0.026264765976245417
leaf_weight=8.004048213362692 3.6812596246600178 10.485477969050406 218.45690397918224 133.5299618691206 82.92477260529995 37.231729626655579 95.990782633423805 780.62511357665062 57.849067069590092 10.916008219122888 16.007153421640396 5.17132245004177 12.685697667300699 2.6514750942587852
leaf_count=28 24 27 791 250 180 155 515 1827 339 34 29 18 72 9
internal_value=0.0123581 -0.00380928 0.0155227 0.0162497 0.00789076 -0.00991257 -0.00262814 0.0190055 -0.0246491 0.0247256 0.0347322 0.00751838 -0.0309426 -0.011127
internal_weight=1476.21 241.656 1234.56 1215.54 301.382 199.076 133.223 914.155 65.8531 42.58 26.9232 15.6568 19.0184 6.33273
internal_count=4298 1145 3153 3048 971 1037 670 2077 367 108 63 45 105 33
is_linear=0
shrinkage=0.03


Tree=35
num_leaves=13
num_cat=0
split_feature=29 22 15 21 26 18 28 28 28 20 0 23
split_gain=79.615 40.2902 31.8496 23.0583 22.8756 9.1695 9.12061 26.5984 13.3465 8.81317 5.67979 3.69824
threshold=0.051624236850219378 37911880.055000007 0.019125215486745815 113964.50000000001 0.0058195437962758221 0.010152858300568361 -0.003807249098405084 -0.0068659606995524697 -0.0027791112397411327 -0.033448264530513132 0.0023406268383379457 0.74715339577208784
decision_type=2 2 2 2 2 2 2 2 2 2 2 2
left_child=1 9 4 10 -3 -4 7 -5 -8 -1 -2 -11
right_child=3 2 5 6 -6 -7 8 -9 -10 11 -12 -13
leaf_value=0.024876003313294121 -0.047065719919859986 0.007081985010619826 0.0093863073143244397 0.035680154390715611 -0.013719529349930626 0.044527927608960953 0.032903289915928981 -0.0077400950869629731 0.019357277694465137 -0.015045897171216406 0.00085995621110223838 -0.035072016458811417
leaf_weight=3.0557576268911353 5.5241231769323331 646.22471664100885 9.1023564189672452 20.035005286335945 51.361704260110855 25.13758647441864 74.02842603623867 34.669234693050385 565.66653007268906 12.682463541626928 3.7271399945020676 24.014091670513153
leaf_count=15 26 2192 25 36 200 41 137 104 1221 83 12 206
internal_value=0.0119947 0.00533922 0.00693697 0.0192926 0.00555042 0.0351859 0.0199195 0.00816224 0.0209249 -0.0240747 -0.0277575 -0.0281509
internal_weight=1475.23 771.579 731.826 703.65 697.586 34.2399 694.399 54.7042 639.695 39.7523 9.25126 36.6966
internal_count=4298 2762 2458 1536 2392 66 1498 140 1358 304 38 289
is_linear=0
shrinkage=0.03


Tree=36
num_leaves=15
num_cat=0
split_feature=29 23 18 6 29 25 9 14 12 1 15 18 13 21
split_gain=76.376 43.272 43.1734 28.3999 24.2696 19.5314 19.2485 24.2991 12.8002 9.18933 6.7894 4.05317 6.7628 0.132498
threshold=0.032398442985910422 7.7846158358419606 0.0035137634868244658 61582.000000000007 0.055984192898215462 -0.00036666288137811835 1.4082590703105751 0.43292002610361385 -0.0028627277901137897 0.060705127636503917 0.0085296708679093707 0.0028414311327594594 0.022514690145273027 878150.50000000012
decision_type=2 2 2 2 2 2 2 2 2 2 2 2 2 2
left_child=1 6 11 4 -4 -5 7 -1 -8 10 -3 12 -2 -13
right_child=2 9 3 5 -6 -7 8 -9 -10 -11 -12 13 -14 -15
leaf_value=-0.02417100971413659 -0.03778665390717633 0.018985687340026803 0.0021337539989345193 0.028622639767175884 0.021192763945653326 0.016174650721937002 -0.012487425523970096 0.015007342988475413 -0.038633269085248161 -0.012038682195064118 0.045460688319666612 -0.038453018745270677 0.025237958524369879 -0.04518306608038735
leaf_weight=20.369458273053169 3.5932541489601162 23.091462604701519 218.92291006445885 132.72084829211235 82.902743831276894 781.00952890515327 110.30071891844273 47.405963622033596 19.891057044267654 5.6660068035125724 14.004995360970495 8.6487606689333898 2.6716059371829033 3.7849963307380667
leaf_count=123 24 62 791 250 180 1827 573 218 123 21 25 54 9 18
internal_value=0.0116365 -0.00382117 0.0146514 0.0153473 0.00736871 0.0179827 -0.00973263 0.00323255 -0.0164821 0.0235457 0.0289808 -0.0305873 -0.0109102 -0.0405017
internal_weight=1474.98 240.73 1234.25 1215.56 301.826 913.73 197.967 67.7754 130.192 42.7625 37.0965 18.6986 6.26486 12.4338
internal_count=4298 1145 3153 3048 971 2077 1037 341 696 108 87 105 33 72
is_linear=0
shrinkage=0.03


Tree=37
num_leaves=15
num_cat=0
split_feature=29 23 6 29 20 12 25 14 25 28 5 17 25 15
split_gain=71.7864 40.7582 34.1496 26.6622 22.6613 25.7723 20.0403 19.6736 18.7669 30.5738 11.6968 11.4059 7.58242 6.82469
threshold=0.032398442985910422 7.7846158358419606 61582.000000000007 0.055984192898215462 -0.018312410315832185 -0.010537201892571077 -0.00014680805425697666 0.11676647753294124 -0.00036666288137811835 0.0044968650126410662 -0.014772258603472947 0.0015170548543661435 4.3792572003873029e-05 0.010816969613488856
decision_type=2 2 2 2 2 2 2 2 2 2 2 2 2 2
left_child=1 4 3 6 7 -6 -2 -1 10 -10 -4 -5 -3 -14
right_child=2 12 8 11 5 -7 -8 -9 9 -11 -12 -13 13 -15
leaf_value=-0.0018342603732550455 0.013902671766317227 0.0061824634429537466 -0.028575069884588213 0.0095089198617910459 0.018673219446077673 -0.010707890543848504 -0.0054599272494682653 -0.036423298748574973 0.0164178150074018 -0.017532478847345181 0.028899251005389513 0.031709078555253345 0.023839810222819825 0.058856026809825754
leaf_weight=23.011947602033615 68.750606156885624 15.68556986749172 3.2664567679166785 43.407517910003662 37.475598983466625 94.940388828516006 160.22648034244776 41.470066241919994 762.81003049015999 24.644122943282127 130.77124372124672 40.042668431997299 20.542067080736164 6.6249981671571723
leaf_count=115 215 45 11 108 155 515 643 252 1777 79 245 75 53 10
internal_value=0.011297 -0.00372425 0.0142156 0.00564441 -0.0094948 -0.00239262 0.000353713 -0.0240794 0.0171216 0.0153553 0.0274986 0.0201614 0.0227901 0.0323789
internal_weight=1473.67 239.751 1233.92 312.427 196.898 132.416 228.977 64.482 921.492 787.454 134.038 83.4502 42.8526 27.1671
internal_count=4298 1145 3153 1041 1037 670 858 367 2112 1856 256 183 108 63
is_linear=0
shrinkage=0.03


Tree=38
num_leaves=15
num_cat=0
split_feature=29 22 25 28 6 1 28 25 7 17 26 25 15 18
split_gain=68.6483 33.0268 24.8446 37.792 21.2199 13.8473 19.0874 33.1866 13.0098 16.7145 12.5811 11.0844 9.87186 4.18694
threshold=0.047411372339146468 37911880.055000007 -0.00036666288137811835 -0.0012906062293244899 42581.000000000007 0.032724382389899255 -0.0039771608824960688 -4.1802471724378591e-05 2463207.4495000006 -0.00075039900227066153 0.0070803557149258754 -0.00040950722489395099 -0.0065222843842404135 0.0015144563055645599
decision_type=2 2 2 2 2 2 2 2 2 2 2 2 2 2
left_child=1 12 3 -3 -4 8 7 -7 9 -2 -10 -8 -1 -14
right_child=5 2 4 -5 -6 6 11 -9 10 -11 -12 -13 13 -15
leaf_value=0.011230706635075206 -0.044488426853907498 -0.01738874607932055 -0.0065451781651683708 0.029564800202386641 0.0067055276290206448 0.036056892543874605 0.033354630047710686 -0.025833085020007848 0.015581412079856246 0.008510314409622622 -0.0045223594915009208 0.019672414078291678 0.0082485787003572716 -0.034755261763636705
leaf_weight=5.79998655617237 8.038076154887678 19.599337011575699 156.83175311982632 72.486859709024429 354.92507489025593 12.649635419249533 61.767733320593834 20.329471990466118 294.93798814713955 16.047738812863827 30.956599846482277 388.24020291864872 2.2009543776512173 27.458982206881046
leaf_count=29 39 82 711 182 1155 22 104 70 681 49 88 825 15 246
internal_value=0.0109681 0.00357369 0.00522606 0.0195714 0.00264475 0.0166433 0.0199359 -0.00209425 0.0120993 -0.00917677 0.0136718 0.0215504 -0.0245644 -0.0315641
internal_weight=1472.27 639.303 603.843 92.0862 511.757 832.967 482.987 32.9791 349.98 24.0858 325.895 450.008 35.4599 29.6599
internal_count=4298 2420 2130 264 1866 1878 1021 92 857 88 769 929 290 261
is_linear=0
shrinkage=0.03


Tree=39
num_leaves=12
num_cat=0
split_feature=29 22 15 25 6 25 26 20 18 27 23
split_gain=65.2107 34.7153 28.5933 23.9275 16.4562 12.4403 12.6873 8.95025 8.59472 4.93697 3.73415
threshold=0.051624236850219378 37911880.055000007 0.019125215486745815 -0.00036666288137811835 5045.5000000000009 -0.001013258929688022 0.0064125877341282981 -0.034012103362601666 0.010152858300568361 0.0086677101423771209 0.74715339577208784
decision_type=2 2 2 2 2 2 2 2 2 2 2
left_child=1 7 3 -3 9 -6 -7 -1 -4 -2 -9
right_child=4 2 8 -5 5 6 -8 10 -10 -11 -12
leaf_value=0.026895503105846281 -0.043912551161482315 0.017660198232142099 0.0079693902503392994 0.002377802076789792 0.041985000905829933 0.018324137963120782 0.0030830650875030567 -0.014239332666355789 0.042021745264146003 0.0024424905323342521 -0.034735861719999817
leaf_weight=2.9476289078593245 4.8840701431035978 109.31333434581757 9.1046206653118116 589.16670832782984 18.602558806538582 619.81284539401531 53.390690580010414 12.335456542670725 24.955037787556648 3.5860529541969299 22.75949477404356
leaf_count=14 24 303 25 2089 28 1334 138 83 41 12 207
internal_value=0.010649 0.00462726 0.00607835 0.00476952 0.0172753 0.0177841 0.0171154 -0.0233144 0.0329191 -0.0242869 -0.0275316
internal_weight=1470.86 770.582 732.54 698.48 700.276 691.806 673.204 38.0426 34.0597 8.47012 35.095
internal_count=4298 2762 2458 2392 1536 1500 1472 304 66 36 290
is_linear=0
shrinkage=0.03


Tree=40
num_leaves=15
num_cat=0
split_feature=29 18 23 1 10 4 9 14 24 1 15 18 13 21
split_gain=62.722 39.4434 37.6471 22.8499 25.2635 18.7696 18.4195 23.0914 12.5139 8.51448 5.99023 3.92525 6.29206 0.141928
threshold=0.032398442985910422 0.0035137634868244658 7.7846158358419606 0.032724382389899255 -0.0043526131924336636 152.50000000000003 1.4082590703105751 0.43292002610361385 0.22092714337419747 0.060705127636503917 0.0085296708679093707 0.0028414311327594594 0.022514690145273027 878150.50000000012
decision_type=2 2 2 2 2 2 2 2 2 2 2 2 2 2
left_child=2 11 6 5 -5 -3 7 -1 -8 10 -4 12 -2 -13
right_child=1 3 9 4 -6 -7 8 -9 -10 -11 -12 13 -14 -15
leaf_value=-0.023705418933479321 -0.037605905306505143 0.0032274093798231999 0.017550938983965286 0.010308752326456144 0.0224882162582043 0.01416561464380384 0.039520849380792866 0.014756423516039249 -0.017587793094262442 -0.012491472669256501 0.042366725001093328 -0.038226736860863024 0.023335426682827211 -0.045228965909448436
leaf_weight=19.958907604217529 3.5033428370952633 251.01534062623978 23.246910646557808 255.08177594840527 384.05819936096668 322.70317593216896 3.5516961216926566 47.441603407263756 124.62775602936745 5.6936496794223777 14.04281249642372 8.4413750171661359 2.6999010965228081 3.7680768370628348
leaf_count=123 24 740 62 629 827 852 13 218 683 21 25 54 9 18
internal_value=0.0103366 0.0130645 -0.00374239 0.0137261 0.0176274 0.00937989 -0.00932931 0.00336695 -0.0160054 0.0216789 0.0268962 -0.0305146 -0.0110818 -0.0403878
internal_weight=1469.83 1231.27 238.563 1212.86 639.14 573.719 195.58 67.4005 128.179 42.9834 37.2897 18.4127 6.20324 12.2095
internal_count=4298 3153 1145 3048 1456 1592 1037 341 696 108 87 105 33 72
is_linear=0
shrinkage=0.03


Tree=41
num_leaves=12
num_cat=0
split_feature=29 22 15 25 21 25 26 20 21 0 26
split_gain=59.5224 32.3084 26.3512 22.3827 20.3663 11.8798 11.6429 8.61063 7.98638 5.30665 3.55112
threshold=0.051624236850219378 37911880.055000007 0.019125215486745815 -0.00036666288137811835 113964.50000000001 -0.001013258929688022 0.0064125877341282981 -0.034012103362601666 961390.50000000012 0.0023406268383379457 0.0079402470410583712
decision_type=2 2 2 2 2 2 2 2 2 2 2
left_child=1 7 3 -3 9 -6 -7 -1 -4 -2 -9
right_child=4 2 8 -5 5 6 -8 10 -10 -11 -12
leaf_value=0.025924417030714311 -0.047036193233366629 0.016872449547313883 0.0043197867121581189 0.0021027344712830193 0.040779782181202422 0.017474303468091302 0.0028399589719665125 -0.029517867288401584 0.039294315230084177 -0.00055759771352305331 0.013266498252994727
leaf_weight=2.9830434247851363 5.4200247749686223 109.4913437962532 7.5626257658004752 589.65621904283762 18.352633312344551 617.75864964723587 53.136579290032387 32.446408025920391 26.349195048213005 3.7339082509279251 1.8452669754624356
leaf_count=14 26 303 21 2089 28 1333 137 280 45 12 10
internal_value=0.0100335 0.00428306 0.00566846 0.00441577 0.0163763 0.0169666 0.0163152 -0.0229629 0.0314947 -0.0280775 -0.0272156
internal_weight=1468.74 770.334 733.059 699.148 698.402 689.248 670.895 37.2747 33.9118 9.15393 34.2917
internal_count=4298 2762 2458 2392 1536 1498 1470 304 66 38 290
is_linear=0
shrinkage=0.03


Tree=42
num_leaves=15
num_cat=0
split_feature=29 18 6 29 29 29 20 25 0 18 29 21 18 22
split_gain=57.0962 36.8909 21.7857 19.4688 19.4177 40.8495 19.3391 16.4603 10.1908 3.83811 5.97005 0.131753 0.058658 0.0127176
threshold=0.032398442985910422 0.0035137634868244658 61582.000000000007 0.055984192898215462 0.019982888506241938 0.020007434860058581 -0.018312410315832185 -0.00036666288137811835 0.0018281659927374902 0.0028414311327594594 0.044225725220021377 878150.50000000012 0.0043662230327501514 36885017.461000003
decision_type=2 2 2 2 2 2 2 2 2 2 2 2 2 2
left_child=4 9 3 -3 12 8 -7 -4 -6 10 -2 -11 13 -1
right_child=1 2 7 -5 5 6 -8 -9 -10 11 -12 -13 -14 -15
leaf_value=-0.033749761264134405 -0.037339835802383432 0.001336973793395591 0.0251920464291004 0.018424358998007435 0.018427986335966276 -0.021162323147195995 -0.00052213414902887621 0.013649296779554404 0.057909381136985981 -0.037960621428822422 0.022251971710907613 -0.044764454336899413 -0.038721417119629467 -0.035999027662186919
leaf_weight=4.3038427755236608 3.4073814675211933 219.88745876401663 129.67892463505268 82.536490708589554 35.389982923865318 62.769233152270317 117.02668084204197 779.80819039046764 7.0572658255696288 8.2462778985500318 2.7214902266860008 3.7156860828399649 6.1814535781741133 4.7695654034614563
leaf_count=45 24 791 250 180 94 345 573 1827 16 54 9 18 37 35
internal_value=0.00974067 0.0123409 0.0129757 0.0060004 -0.00372595 -0.00147855 -0.00772791 0.0152951 0.0249922 -0.0301831 -0.0108784 -0.0400741 -0.0364676 -0.0349321
internal_weight=1467.5 1230 1211.91 302.424 237.498 222.243 179.796 909.487 42.4472 18.0908 6.12887 11.962 15.2549 9.07341
internal_count=4298 3153 3048 971 1145 1028 918 2077 110 105 33 72 117 80
is_linear=0
shrinkage=0.03


Tree=43
num_leaves=13
num_cat=0
split_feature=29 18 1 10 18 4 29 29 18 16 21 18
split_gain=53.7242 34.9894 20.8414 23.9106 18.949 17.5241 17.1056 32.9431 3.74396 6.0012 0.117648 0.0526812
threshold=0.032398442985910422 0.0035137634868244658 0.032724382389899255 -0.0043526131924336636 0.018174041148055986 152.50000000000003 0.019982888506241938 0.020007434860058581 0.0028414311327594594 0.41666666666666669 878150.50000000012 0.0043662230327501514
decision_type=2 2 2 2 2 2 2 2 2 2 2 2
left_child=4 8 5 -4 6 -3 11 -8 9 -2 -10 -1
right_child=1 2 3 -5 -6 -7 7 -9 10 -11 -12 -13
leaf_value=-0.034764041075717053 0.022182831822420708 0.0025042344189202381 0.0092040360064742505 0.021070461334123766 0.04370751020627945 0.013070295607544417 0.022258741781087478 -0.0084711149455423494 -0.037673855981158716 -0.037761336555041131 -0.044162923910372229 -0.038396902637350551
leaf_weight=8.8471715748310071 2.7429568618536022 251.09145887196064 254.47545100748539 382.5849953815341 7.3732813298702231 322.99672580510378 38.208814434707165 176.10606157779694 8.0625535473227483 3.3253170102834702 3.654237136244773 6.0486935600638381
leaf_count=80 10 740 629 827 13 852 103 912 54 23 18 37
internal_value=0.00946093 0.0119812 0.0125946 0.0163304 -0.00363034 0.00844897 -0.00515311 -0.00299249 -0.0297919 -0.0106656 -0.0396977 -0.0362392
internal_weight=1465.52 1228.93 1211.15 637.06 236.584 574.088 229.211 214.315 17.7851 6.06827 11.7168 14.8959
internal_count=4298 3153 3048 1456 1145 1592 1132 1015 105 33 72 117
is_linear=0
shrinkage=0.03


Tree=44
num_leaves=14
num_cat=0
split_feature=29 22 15 26 21 6 22 13 23 11 21 9 29
split_gain=51.8826 29.3585 23.9414 21.4448 19.1163 11.4373 18.1688 17.4281 8.89645 13.2097 7.4458 5.01381 0.0303965
threshold=0.051624236850219378 37911880.055000007 0.019125215486745815 0.0058195437962758221 113964.50000000001 120073.50000000001 1161778232.7700002 0.057179118391388346 0.77390066440816641 0.0085882046683828303 961390.50000000012 1.0313031231924283 0.036590279387962693
decision_type=2 2 2 2 2 2 2 2 2 2 2 2 2
left_child=1 8 3 -3 11 7 -7 -6 9 -1 -4 -2 -10
right_child=4 2 10 -5 5 6 -8 -9 12 -11 -12 -13 -14
leaf_value=0.020327744685637184 -0.0033907645127722479 0.0054081895217693472 0.0035955086893141161 -0.014750400053298394 0.01735697501725484 0.0089420158811626769 0.021302460638816228 0.03945244884124393 -0.034088474058013643 -0.037731638727351351 0.037407376230951569 -0.048147755310299536 -0.036989060771769861
leaf_weight=8.3259236514568311 4.0874600782990438 647.77410064637661 7.556637465953826 51.252369053661823 168.99659697711468 315.30856685340405 162.02815794944763 39.66989378631115 17.850105188786987 6.1188299283385268 26.131421715021133 5.0181628167629242 3.9758217483758918
leaf_count=51 15 2192 21 200 376 730 328 64 179 46 45 23 28
internal_value=0.00918572 0.00381646 0.00512064 0.00393017 0.0151256 0.0156988 0.0131377 0.0215576 -0.0225298 -0.00426634 0.029823 -0.0280566 -0.0346168
internal_weight=1464.09 768.985 732.715 699.026 695.109 686.003 477.337 208.666 36.2707 14.4448 33.6881 9.10562 21.8259
internal_count=4298 2762 2458 2392 1536 1498 1058 440 304 97 66 38 207
is_linear=0
shrinkage=0.03


Tree=45
num_leaves=15
num_cat=0
split_feature=13 14 7 17 20 26 11 13 28 26 12 17 20 18
split_gain=48.3747 25.1006 23.8643 20.0786 19.7048 19.2843 14.8911 14.7659 13.9687 11.9035 13.8603 9.14185 2.54656 0.112695
threshold=0.020708607999301871 0.51409692419915121 1138091.9525000004 -0.0066694853296539146 0.03518014595241422 0.0070803557149258754 0.016090105579489981 0.016542317134370484 -0.00061082415915621158 -1.0000000180025095e-35 -0.00017010575009506149 -0.0019271691984063517 0.0065878619806408086 0.0062416885890786266
decision_type=2 2 2 2 2 2 2 2 2 2 2 2 2 2
left_child=1 3 9 -1 5 -4 7 -3 -6 10 -2 -5 -8 -11
right_child=2 6 4 11 8 -7 12 -9 -10 13 -12 -13 -14 -15
leaf_value=0.026471481333935253 -0.018561719161370189 -0.0027510824685455649 0.01189582235731022 -0.033278054998599781 -0.01586303107103685 -0.0037766638238940034 -0.042943011385025813 0.019886568196495428 0.033951196660249962 -0.037165269709754124 0.048102011538848084 -0.012923205999627282 -0.0075886202131762916 -0.043232936645256806
leaf_weight=9.0626221373677236 9.1245351508259755 53.636915147304535 1098.8858049511909 31.64242921769619 5.6249051988124839 75.515213757753372 6.1873466446995717 50.205644875764847 51.01674947142601 7.7790140658617002 4.0541157796978977 53.322591736912727 2.6058696061372757 4.2655001431703568
leaf_count=26 52 276 2837 177 17 225 34 167 90 55 14 293 13 22
internal_value=0.00891712 -0.00453305 0.0111298 -0.0159761 0.0117216 0.0108881 0.00501954 0.00819373 0.0290043 -0.0177565 0.00194588 -0.0205037 -0.0324657 -0.0393141
internal_weight=1462.93 206.663 1256.27 94.0276 1231.04 1174.4 112.636 103.843 56.6417 25.2232 13.1787 84.965 8.79322 12.0445
internal_count=4298 986 3312 496 3169 3062 490 443 107 143 66 470 47 77
is_linear=0
shrinkage=0.03


Tree=46
num_leaves=15
num_cat=0
split_feature=29 22 25 28 28 28 28 28 26 25 20 14 18 14
split_gain=48.0441 24.9114 20.6157 34.319 18.1701 12.6077 29.1525 16.4676 20.5142 13.2538 11.0546 9.96653 9.57872 4.90436
threshold=0.047411372339146468 37911880.055000007 -0.00036666288137811835 -0.0012906062293244899 0.0015549585113555982 -0.003807249098405084 -0.0045235537033643672 -0.0027791112397411327 -0.005734468091306036 0.00020685594365150631 -0.040658063293185276 0.024985706359927883 0.0015144563055645599 0.1186996989945104
decision_type=2 2 2 2 2 2 2 2 2 2 2 2 2 2
left_child=1 12 3 -3 -4 6 11 9 -9 -7 -8 -2 -1 -14
right_child=5 2 4 -5 -6 7 10 8 -10 -11 -12 -13 13 -15
leaf_value=0.028242259259019957 -0.0098226213336317699 -0.018355582522672585 0.004579222367009082 0.026338038589307736 -0.0088320266700534777 0.0089025018269052025 -0.0017782548242842799 -0.032665900131531776 0.01354409075972049 0.03458377516362194 -0.044809513458570954 0.023622472976628898 -0.0034436689711720148 -0.034383105460897213
leaf_weight=2.9624380841851226 10.699677869677542 19.618859216570854 394.80471380054951 72.99091312289238 118.12308154255152 25.842132061719894 9.1170806139707583 8.7601851969957334 664.45669955760241 60.262782469391823 13.083571285009382 32.00755301117897 5.7267000600695637 23.668853871524334
leaf_count=18 30 82 1395 182 471 61 26 29 1506 107 53 66 40 232
internal_value=0.0086539 0.00247233 0.00384279 0.0168699 0.00149072 0.013438 0.000747486 0.0145228 0.0129428 0.0268762 -0.027138 0.0152433 -0.023174 -0.0283556
internal_weight=1462.13 637.896 605.538 92.6098 512.928 824.23 64.9079 759.322 673.217 86.1049 22.2007 42.7072 32.358 29.3956
internal_count=4298 2420 2130 264 1866 1878 175 1703 1535 168 79 96 290 272
is_linear=0
shrinkage=0.03


Tree=47
num_leaves=15
num_cat=0
split_feature=13 9 25 25 21 5 23 25 28 25 25 6 22 9
split_gain=45.2827 34.8841 36.9426 26.7262 21.9568 14.9612 14.8907 14.3858 22.7068 29.1019 17.8525 19.2147 14.454 10.4257
threshold=0.030032103949050554 1.4532530813411066 -9.7102269467849909e-05 0.00016799464110221602 370808.50000000006 0.002274768973866794 0.87974642090220134 -0.00032854652578780775 -0.00077672645365433875 -0.000505418529753091 -0.00030332740182318659 4172.5000000000009 520303175.2100001 2.1707674559390031
decision_type=2 2 2 2 2 2 2 2 2 2 2 2 2 2
left_child=1 2 5 -4 -3 -1 -6 8 9 -2 12 -12 -9 -10
right_child=7 4 3 -5 6 -7 -8 10 13 -11 11 -13 -14 -15
leaf_value=0.011562518546002994 0.012901734145186142 -0.023572348275580895 -0.0096287798882819294 0.011601397818008353 -0.029409881529025975 0.035207530746208929 0.00064721076359974079 0.0044377883955927172 0.03260171973770791 -0.061607837633027525 -0.032282089830177337 0.011984056575885065 -0.06316663180518256 0.0097870738430711757
leaf_weight=47.126918323338032 23.993597738444809 55.441176123917103 103.93509317934513 109.68743518739939 16.281377099454403 49.256463870406151 166.89382231235504 6.2767272964119893 85.550159081816673 5.8724936768412581 8.9299508482217771 753.41923020035028 5.2079179286956787 22.839456900954247
leaf_count=149 55 319 412 371 76 111 636 18 155 25 49 1845 21 56
internal_value=0.00840219 0.00159156 0.00822844 0.00127215 -0.00703094 0.0236462 -0.00202439 0.0124988 0.0214124 -0.00174889 0.0109063 0.0114655 -0.0262186 0.0277943
internal_weight=1460.71 548.622 310.006 213.623 238.616 96.3834 183.175 912.09 138.256 29.8661 773.834 762.349 11.4846 108.39
internal_count=4298 2074 1043 783 1031 260 712 2224 291 80 1933 1894 39 211
is_linear=0
shrinkage=0.03


Tree=48
num_leaves=15
num_cat=0
split_feature=29 18 1 10 29 29 20 13 26 18 15 21 22 18
split_gain=44.6849 31.4119 18.7046 22.5704 17.5801 34.3668 18.5804 15.0921 9.0395 3.66305 6.34318 0.11636 0.0526508 0.019721
threshold=0.032398442985910422 0.0035137634868244658 0.032724382389899255 -0.0043526131924336636 0.019982888506241938 0.020007434860058581 -0.018312410315832185 0.059938014424478124 0.0025014020324514619 0.0028414311327594594 -0.001951359167859808 998155.50000000012 46410288.8605 0.0043662230327501514
decision_type=2 2 2 2 2 2 2 2 2 2 2 2 2 2
left_child=4 9 7 -4 12 8 -7 -3 -6 10 -2 -11 -1 -14
right_child=1 2 3 -5 5 6 -8 -9 -10 11 -12 -13 13 -15
leaf_value=-0.033683344466463913 0.024500542287485758 0.0056029475166738518 0.0076568857894055388 0.019219822388687482 0.030849983509578557 -0.0208110754008968 -0.00046184383675200832 0.022790125952725962 -0.00020600976766383715 -0.037511815699789557 -0.037847383725745885 -0.044128226724746485 -0.035717894638003338 -0.038590647569443914
leaf_weight=5.3288571313023558 2.6173464581370354 523.26792211830616 253.29318909347057 379.65760904550552 31.145522564649582 61.837950259447098 116.39543125778437 50.411378160119057 11.568283356726168 8.0427737981080991 3.3461526632308987 3.4050112515687934 3.5716383978724462 5.4057716280221939
leaf_count=58 10 1490 629 827 73 345 573 102 37 55 23 17 27 32
internal_value=0.00815788 0.0104593 0.0110366 0.0145926 -0.0038167 -0.00172989 -0.007522 0.00711325 0.022439 -0.0295482 -0.0104832 -0.0394798 -0.0360456 -0.0374477
internal_weight=1459.29 1224.04 1206.63 632.951 235.253 220.947 178.233 573.679 42.7138 17.4113 5.9635 11.4478 14.3063 8.97741
internal_count=4298 3153 3048 1456 1145 1028 918 1592 110 105 33 72 117 59
is_linear=0
shrinkage=0.03


Tree=49
num_leaves=12
num_cat=0
split_feature=29 7 15 26 21 25 26 21 17 15 7
split_gain=42.7094 26.0509 21.3909 20.4533 17.4698 11.7648 10.8221 10.383 7.53689 8.07436 5.12882
threshold=0.051624236850219378 1138091.9525000004 0.019125215486745815 0.0058195437962758221 113964.50000000001 -0.001013258929688022 0.0064125877341282981 922253.00000000012 -0.0057695722550943187 0.0098677674948466024 1695604.6985000002
decision_type=2 2 2 2 2 2 2 2 2 2 2
left_child=1 8 3 -3 10 -6 -7 -4 -1 -10 -2
right_child=4 2 7 -5 5 6 -8 -9 9 -11 -12
leaf_value=0.026743121054441259 -0.0023588793953352614 0.0046929007475076988 -0.0088457296541443655 -0.014959818306905664 0.038068429330211415 0.014381403453379611 0.00023917302273419625 0.035507714317483979 -0.028050908430789199 0.022583275105997086 -0.047851906540160166
leaf_weight=2.8440263122320166 3.9545724689960462 642.85056021809578 5.7403490841388694 51.477341204881668 17.650532215833664 609.6558445841074 52.92634916305542 27.539302214980125 34.60168195515871 3.0873084291815749 5.1153325065970421
leaf_count=11 14 2190 18 205 28 1333 137 48 276 14 24
internal_value=0.0079229 0.00305803 0.004362 0.00323585 0.0133442 0.0138957 0.0132517 0.0278573 -0.0203496 -0.0239032 -0.0280165
internal_weight=1457.44 768.141 727.608 694.328 689.303 680.233 662.582 33.2797 40.533 37.689 9.0699
internal_count=4298 2762 2461 2395 1536 1498 1470 66 301 290 38
is_linear=0
shrinkage=0.03


Tree=50
num_leaves=15
num_cat=0
split_feature=29 18 25 29 29 29 12 28 28 18 14 29 22 18
split_gain=40.8053 29.4068 18.205 16.9001 16.8743 31.9354 17.8743 14.4665 8.5294 3.59105 6.18978 0.107462 0.0483903 0.0177428
threshold=0.032398442985910422 0.0035137634868244658 -0.00036666288137811835 0.055984192898215462 0.019982888506241938 0.020007434860058581 -0.0022085617369649378 -0.0012906062293244899 0.00091595996808690973 0.0028414311327594594 0.44301307963469444 0.048144986981372005 46410288.8605 0.0043662230327501514
decision_type=2 2 2 2 2 2 2 2 2 2 2 2 2 2
left_child=4 9 7 -4 12 8 -7 -3 -6 10 -2 -11 -1 -14
right_child=1 2 3 -5 5 6 -8 -9 -10 11 -12 -13 13 -15
leaf_value=-0.033515703106752316 0.024288840298235619 0.0034713087946944983 0.0051952847583540494 0.012861069982534374 0.029663503044656415 -0.0035370653993386726 -0.031058393508748543 0.024367341251396113 -0.0005153421104818999 -0.037517680680765983 -0.037620240914567379 -0.044398144989876723 -0.035520170821496631 -0.038277674123182191
leaf_weight=5.1326223015785208 2.6064261496067074 38.676832191646099 527.30946197360754 508.36543020606041 31.222869992256165 152.82662695646286 24.667028583586216 130.18315451592207 11.545247584581373 8.5023453608155233 3.2858339473605156 2.6891203671693793 3.4824551269412023 5.2904004752635956
leaf_count=58 10 100 1561 1123 73 765 153 264 37 58 23 14 27 32
internal_value=0.00769396 0.00989297 0.0104473 0.00895807 -0.00377795 -0.00175449 -0.00736182 0.0195812 0.0215167 -0.0291908 -0.0102349 -0.0391709 -0.0358294 -0.0371831
internal_weight=1455.79 1221.62 1204.53 1035.67 234.167 220.262 177.494 168.86 42.7681 17.0837 5.89226 11.1915 13.9055 8.77286
internal_count=4298 3153 3048 2684 1145 1028 918 364 110 105 33 72 117 59
is_linear=0
shrinkage=0.03


Tree=51
num_leaves=15
num_cat=0
split_feature=29 18 23 6 9 14 28 25 12 25 1 15 18 14
split_gain=38.4132 27.9343 26.015 17.8747 16.9722 21.071 16.3778 15.2091 12.4401 6.73885 10.4894 5.3451 3.5106 5.92109
threshold=0.032398442985910422 0.0035137634868244658 7.7846158358419606 61582.000000000007 1.4082590703105751 0.43292002610361385 0.0040197749187943247 -0.00036666288137811835 -0.0028627277901137897 4.3792572003873029e-05 0.034791354655513244 0.010816969613488856 0.0028414311327594594 0.44301307963469444
decision_type=2 2 2 2 2 2 2 2 2 2 2 2 2 2
left_child=2 12 4 6 5 -1 -3 -5 -6 10 -4 -11 13 -2
right_child=1 3 9 7 8 -7 -8 -9 -10 11 -12 -13 -14 -15
leaf_value=-0.022796044095600446 0.023391292449398842 0.0012599394998494015 0.017534038272433911 0.021958421423922729 -0.011053959228064816 0.014553191448310052 0.022558978662096153 0.010697505160686729 -0.037877495617333758 0.018939594171620777 -0.036344459752135308 0.050046763897691561 -0.038837996878412898 -0.037349842010829894
leaf_weight=19.090828627347946 2.6249548196792629 266.9323924779892 11.050600305199621 125.43324588239193 105.6103942990303 47.219031505286694 36.995338544249535 774.17250800132751 18.249923527240753 20.867863640189174 4.608245685696601 6.5261136293411246 10.952370092272757 3.2114580869674683
leaf_count=123 10 878 27 250 573 218 93 1827 123 53 18 10 72 23
internal_value=0.00747445 0.00960649 -0.0036813 0.0101426 -0.00844865 0.00380022 0.00385255 0.0122676 -0.0150062 0.0173767 0.00167812 0.0263503 -0.0288237 -0.0100312
internal_weight=1453.55 1220.32 233.223 1203.53 190.17 66.3099 303.928 899.606 123.86 43.0528 15.6588 27.394 16.7888 5.83641
internal_count=4298 3153 1145 3048 1037 341 971 2077 696 108 45 63 105 33
is_linear=0
shrinkage=0.03


Tree=52
num_leaves=13
num_cat=0
split_feature=29 22 17 6 13 0 6 26 1 23 27 29
split_gain=37.0614 26.1047 20.6543 20.1564 13.2755 12.1746 12.921 17.3093 14.0573 10.6037 14.5791 0.133225
threshold=0.055984192898215462 37911880.055000007 0.0031721471312441654 62691.500000000007 0.013176452676708863 0.0079147976431952153 111742.50000000001 0.0064125877341282981 0.030588162002902288 0.77390066440816641 -0.001168429804895372 0.051624236850219378
decision_type=2 2 2 2 2 2 2 2 2 2 2 2
left_child=1 9 3 -3 -4 6 8 -8 -2 10 -1 -11
right_child=5 2 4 -5 -6 -7 7 -9 -10 11 -12 -13
leaf_value=0.020970313986767269 0.011499449537833377 -0.0053778938548749078 0.058353136512514829 0.0057970418204293158 0.011405313058377159 -0.022141227523349578 0.012796426908689085 -0.0096719565178021386 0.029867041767913861 -0.034216241309052951 -0.03740700006967556 -0.043413156352698171
leaf_weight=9.5307081267237646 70.705672010779381 227.45171678066254 5.5699085444211951 402.03049545735121 202.48989354074001 8.6558143943548185 383.41512390971184 33.559811964631081 79.853082954883575 19.987251535058025 6.4598979577422133 1.5257820487022389
leaf_count=51 161 940 12 1205 558 27 838 93 145 207 53 8
internal_value=0.00726147 0.00337119 0.00446767 0.00175919 0.0126621 0.0131695 0.0137081 0.0109881 0.0212412 -0.0211156 -0.002613 -0.0348685
internal_weight=1451.24 875.046 837.542 629.482 208.06 576.19 567.534 416.975 150.559 37.5036 15.9906 21.513
internal_count=4298 3034 2715 2145 570 1264 1237 931 306 319 104 215
is_linear=0
shrinkage=0.03


Tree=53
num_leaves=15
num_cat=0
split_feature=13 9 25 25 6 23 26 28 25 12 13 5 15 5
split_gain=35.2411 30.6766 33.3301 24.8305 15.5781 18.3869 14.6681 27.0472 20.9425 19.4335 14.39 13.713 11.4418 10.4662
threshold=0.030032103949050554 1.4532530813411066 -9.7102269467849909e-05 0.00016799464110221602 40476.500000000007 0.87974642090220134 -0.0058266168226876114 -0.0027791112397411327 -0.00036666288137811835 -0.010030902271360619 0.068215171959300339 0.002274768973866794 -0.0099738587316063106 -0.012498492159227974
decision_type=2 2 2 2 2 2 2 2 2 2 2 2 2 2
left_child=1 2 11 -4 12 -6 7 9 13 -2 -10 -1 -3 -8
right_child=6 4 3 -5 5 -7 8 -9 10 -11 -12 -13 -14 -15
leaf_value=0.010321082030509045 0.0095007807217782226 0.020541424447292844 -0.0099298567044265266 0.010564486837049282 -0.028995748255248855 0.0014875342573249823 -0.020024401097355097 -0.044409952505899512 0.0085512154574180731 -0.039524241635233735 0.022138359937289475 0.032985858476421867 -0.022975401956674201 0.026068067627629109
leaf_weight=46.998302817344666 85.869377687573433 5.9566964507102957 103.27840558439493 109.74114920571446 20.255174204707146 147.43291601538658 4.6262788176536551 10.983849391341208 608.99595013260841 7.950918421149253 79.286261931061745 49.151858985424042 62.420026488602161 106.53770054876804
leaf_count=149 220 21 412 371 94 534 15 42 1542 36 161 111 382 208
internal_value=0.00705198 0.00102789 0.00724589 0.000628201 -0.00711571 -0.00219457 0.0106843 0.000131482 0.0120678 0.00534609 0.0101164 0.0219073 -0.0191844 0.0241499
internal_weight=1449.48 545.235 309.17 213.02 236.065 167.688 904.25 104.804 799.446 93.8203 688.282 96.1502 68.3767 111.164
internal_count=4298 2074 1043 783 1031 628 2224 298 1926 256 1703 260 403 223
is_linear=0
shrinkage=0.03


Tree=54
num_leaves=15
num_cat=0
split_feature=29 7 15 10 28 4 18 26 26 7 1 29 5 22
split_gain=34.0519 25.5908 19.8469 17.6756 17.1911 17.2419 14.9548 11.6842 19.4039 19.3877 18.0047 10.5121 9.16421 2.3219
threshold=0.055984192898215462 6551797.2115000011 0.019125215486745815 0.016286674783506604 -0.0012906062293244899 267.50000000000006 0.012247267513364685 0.0064125877341282981 0.0054208257523233015 12771230.552000003 0.034635933835636921 0.096938677093608802 -0.011366647218429881 684582666.59550011
decision_type=2 2 2 2 2 2 2 2 2 2 2 2 2 2
left_child=1 4 3 -3 6 -6 -1 8 11 -9 -11 -2 -4 -10
right_child=7 2 12 -5 5 -7 -8 9 13 10 -12 -13 -14 -15
leaf_value=-0.023992317625362559 0.011056089877271649 0.0071411784713927874 -0.027393865662174617 -0.0060259593768080414 -0.0090299046327115464 0.011553709900695932 0.041003452624494001 0.032181495125404365 0.030659068138827319 -0.036589777381553529 0.0046800375253810804 0.026715677110487723 0.0331841133196513 0.047659923716476038
leaf_weight=53.408188808709383 446.70556429028511 520.34832348674536 2.4264692068099967 111.39920920133591 91.374542661011219 61.12697983160615 3.3881709724664679 12.216701030731199 20.98709100484848 15.309707239270208 25.131715640425682 42.228049010038376 30.479325488209724 11.029928505420683
leaf_count=308 997 1588 8 343 464 260 9 22 37 53 60 80 54 15
internal_value=0.00684942 0.00312174 0.00600249 0.00481935 -0.00602643 -0.000779402 -0.020115 0.0125289 0.0138902 -0.000938311 -0.0109433 0.0124086 0.0287171 0.0365159
internal_weight=1447.56 873.951 664.653 631.748 209.298 152.502 56.7964 573.609 520.951 52.6581 40.4414 488.934 32.9058 32.017
internal_count=4298 3034 1993 1931 1041 724 317 1264 1129 135 113 1077 62 52
is_linear=0
shrinkage=0.03


Tree=55
num_leaves=15
num_cat=0
split_feature=29 13 9 9 1 10 13 29 29 20 5 0 22 17
split_gain=32.9817 20.9384 24.3886 19.8727 16.7044 32.3455 21.3112 15.8448 27.527 18.1305 10.4386 9.68594 0.0447299 0.0105757
threshold=0.032398442985910422 0.020501972664605593 1.1612234745146586 0.5215962505783337 0.029596736836521004 -0.0043526131924336636 0.059938014424478124 0.019982888506241938 0.020007434860058581 -0.018312410315832185 0.010816812451845247 0.00097624110270165705 46410288.8605 0.0013750179778823726
decision_type=2 2 2 2 2 2 2 2 2 2 2 2 2 2
left_child=7 2 3 -2 6 -6 -3 12 11 -10 -4 -9 -1 -14
right_child=1 4 10 -5 5 -7 -8 8 9 -11 -12 -13 13 -15
leaf_value=-0.033244233212425318 -0.034673620348348033 0.0028724097973556058 -0.028982896843631843 0.014696261085098621 0.0046876452567009399 0.017880789263477366 0.026274702063623395 0.011693753473588227 -0.020309577661947898 -4.1703665548128799e-05 0.014065016379095203 0.044949650437460326 -0.036027774058491446 -0.038202172243230227
leaf_weight=4.7843308784067622 8.5649305246770364 376.77207472920418 34.208840291947126 51.223257523030043 277.31413443386555 421.38310296833515 38.610292717814445 32.352844536304474 60.673679385334253 115.03465689346194 5.9517119899392119 10.421107381582258 5.1812393665313703 3.2923570871353149
leaf_count=58 41 1074 155 164 700 923 74 87 345 573 22 23 39 20
internal_value=0.00665223 0.00863191 -0.00452179 0.0076238 0.00981198 0.0126444 0.00504768 -0.00371881 -0.00178643 -0.00704038 -0.0226033 0.019796 -0.0355633 -0.0368726
internal_weight=1445.77 1214.03 99.9487 59.7882 1114.08 698.697 415.382 231.74 218.482 175.708 40.1606 42.774 13.2579 8.4736
internal_count=4298 3153 382 205 2771 1623 1148 1145 1028 918 177 110 117 59
is_linear=0
shrinkage=0.03


Tree=56
num_leaves=15
num_cat=0
split_feature=29 18 23 20 14 20 25 20 4 4 1 5 18 14
split_gain=31.0559 25.3414 22.2216 19.6105 19.8074 19.4166 15.9384 15.5951 13.9367 6.71034 10.8721 5.99783 3.42748 5.67618
threshold=0.032398442985910422 0.0035137634868244658 7.7846158358419606 -0.018312410315832185 0.11676647753294124 -0.011621712505858339 -0.00036666288137811835 0.032813687511874141 317.50000000000006 232.50000000000003 0.026514994093541175 0.00073447859475624414 0.0028414311327594594 0.44301307963469444
decision_type=2 2 2 2 2 2 2 2 2 2 2 2 2 2
left_child=2 12 3 4 -1 -5 8 -8 -3 11 -11 -4 13 -2
right_child=1 6 9 5 -6 -7 7 -9 -10 10 -12 -13 -14 -15
leaf_value=0.00046744018784360391 0.022620326807424176 0.0113099797520354 0.038200446477186942 0.01683976169473379 -0.035388572487590607 -0.0089096428068570488 0.0066292280870574481 0.023093462850079138 0.02970998497087186 0.025979455432274343 -0.033488974583128592 0.011814013635384748 -0.038688858244225334 -0.037212126384737337
leaf_weight=21.869987074285746 2.6203826218843487 109.58120637387037 13.312673419713976 37.096327599138021 37.886254884302616 91.032483622431755 976.02374927699566 54.679041832685471 55.971537314355373 5.4381562992930395 5.6325847655534744 18.565149247646332 10.672321200370787 3.1333703622221947
leaf_count=115 10 257 26 169 252 501 2575 109 107 12 23 47 72 23
internal_value=0.00646249 0.0083823 -0.00362322 -0.00807351 -0.0222658 -0.00145458 0.00889048 0.00750266 0.0175308 0.0158452 -0.00427696 0.0228334 -0.0286268 -0.00996314
internal_weight=1443.52 1212.68 230.834 187.885 59.7562 128.129 1196.26 1030.7 165.553 42.9486 11.0707 31.8778 16.4261 5.75375
internal_count=4298 3153 1145 1037 367 670 3048 2684 364 108 35 73 105 33
is_linear=0
shrinkage=0.03


Tree=57
num_leaves=12
num_cat=0
split_feature=29 7 28 28 11 0 6 28 13 8 15
split_gain=30.2289 24.0908 20.3323 27.8106 21.104 11.4178 12.3137 16.0597 13.183 9.10135 6.95659
threshold=0.055984192898215462 1138091.9525000004 -0.00061082415915621158 -7.5089200648493384e-05 0.0069518941373711797 0.0079147976431952153 111742.50000000001 0.0049372650874768649 0.057179118391388346 0.012548219784249923 0.0098677674948466024
decision_type=2 2 2 2 2 2 2 2 2 2 2
left_child=1 9 4 -4 -3 6 8 -8 -2 10 -1
right_child=5 2 3 -5 -6 -7 7 -9 -10 -11 -12
leaf_value=-0.026464466937600128 0.014875422578422549 -0.014962426057191135 0.023978657902329822 0.0045960250538557672 0.0025977432475852145 -0.022578463406171232 0.010302203999059147 -0.03455405055027632 0.036539890783612645 0.0368191164634879 0.019482297530448198
leaf_weight=36.680424697697163 116.60475444793701 84.4781051017344 78.549532409757376 438.80445731058717 227.40115440636873 8.6380760818719846 405.04156024754047 7.3131793290376654 32.276344239711761 2.4501348808407775 3.2265888527035704
leaf_count=292 254 352 200 1430 736 27 906 25 52 9 15
internal_value=0.00627719 0.00276431 0.00389155 0.00753888 -0.00215874 0.01165 0.0121768 0.00950667 0.0195721 -0.0193038 -0.0227495
internal_weight=1441.46 871.59 829.233 517.354 311.879 569.874 561.236 412.355 148.881 42.3571 39.907
internal_count=4298 3034 2718 1630 1088 1264 1237 931 306 316 307
is_linear=0
shrinkage=0.03


Tree=58
num_leaves=15
num_cat=0
split_feature=7 25 11 9 1 28 26 18 22 15 26 9 9 4
split_gain=28.7689 22.7302 17.0671 18.1337 16.374 15.8501 15.2661 13.2834 15.5581 13.2532 11.0773 21.6464 9.26796 6.57466
threshold=6551797.2115000011 -0.000152581626249253 0.040462838295694865 1.5589255106524986 0.022967453986855211 -0.0012906062293244899 -0.0083627276855242332 0.0041220354414334146 67777688.61150001 0.0054568043709382072 0.0023251391300534601 0.93313064339898655 0.43946995472789402 282.50000000000006
decision_type=2 2 2 2 2 2 2 2 2 2 2 2 2 2
left_child=1 5 3 6 -5 13 -2 -3 -9 -7 11 -4 -12 -1
right_child=2 7 10 4 -6 9 -8 8 -10 -11 12 -13 -14 -15
leaf_value=-0.041874009823038696 0.027340861391958245 -0.026732094501700023 -0.021581100953845866 -0.016337802861081965 0.0036717747971933253 0.0046227974996940454 0.0085478668769521076 0.0040708026763672592 -0.015973084516412828 0.032800195680716272 -0.067395545062590309 0.01625843612320731 0.02518451608594274 0.011038808737518585
leaf_weight=6.5418350510299188 41.815375715494156 31.771410599350929 16.755136013031006 40.770780846476555 378.51830101013184 35.499934583902359 558.48781827092171 74.974046349525452 65.128314718604088 26.045227617025375 0.98418016731738944 72.39706052839756 87.047255352139473 3.1221163719892502
leaf_count=43 86 272 50 169 1136 152 1405 310 272 63 4 158 167 11
internal_value=0.00609558 -0.00331361 0.00800673 0.00651327 0.00172609 0.0109386 0.00985693 -0.00921846 -0.00524685 0.0165472 0.0166008 0.00914693 0.0241495 -0.0247796
internal_weight=1439.86 243.083 1196.78 1019.59 419.289 71.2091 600.303 171.874 140.102 61.5452 177.184 89.1522 88.0314 9.66395
internal_count=4298 1123 3175 2796 1305 269 1491 854 582 215 379 208 171 54
is_linear=0
shrinkage=0.03


Tree=59
num_leaves=12
num_cat=0
split_feature=13 1 25 26 13 26 25 24 21 9 7
split_gain=28.215 19.8634 17.9857 51.1686 19.5936 16.0909 14.4235 19.7445 10.2093 2.91542 0.121599
threshold=0.016542317134370484 0.010081625177008639 -0.0003944043076717358 -0.0051474200736397928 0.068215171959300339 -0.0083627276855242332 -2.2102345680785784e-05 1.0074800106154418 1072399.5000000002 1.9674561842729414 2778974.2170000006
decision_type=2 2 2 2 2 2 2 2 2 2 2
left_child=5 9 3 -3 -4 -1 7 -7 -8 10 -2
right_child=1 2 4 -5 -6 6 8 -9 -10 -11 -12
leaf_value=0.060054208013091769 -0.037527154788957497 -0.058337450675886436 0.0049290056284673513 0.020868328721517795 0.018753780975280507 -0.0071856360088979688 -0.012392680366877573 0.051335180357975484 -0.040064188550404785 -0.001422556154839184 -0.045477576189725449
leaf_weight=2.8895540386438361 7.0213803425431234 7.7222633957862845 1071.981895044446 148.53087129443884 100.95523397624493 36.398395288735628 33.125291652977467 6.0515037626028052 18.815968409180641 2.2476248964667311 2.2980547398328781
leaf_count=11 51 33 3078 342 210 199 220 17 114 12 11
internal_value=0.00592006 0.00705198 0.00739261 0.0169539 0.00611891 -0.00968042 -0.0118152 0.00115688 -0.0224168 -0.0320911 -0.0394876
internal_weight=1438.04 1340.76 1329.19 156.253 1172.94 97.2807 94.3912 42.4499 51.9413 11.5671 9.31944
internal_count=4298 3737 3663 375 3288 561 550 216 334 74 62
is_linear=0
shrinkage=0.03


Tree=60
num_leaves=14
num_cat=0
split_feature=29 29 21 13 9 21 6 12 28 0 18 6 6
split_gain=27.0544 19.7138 18.3978 26.0038 23.0275 15.3891 10.7804 15.287 14.4051 5.15176 0.0418835 0.00690092 0.00648914
threshold=0.051624236850219378 0.019982888506241938 1317643.0000000002 0.016542317134370484 1.760162796231419 113964.50000000001 120073.50000000001 -0.052403107102995429 0.0049372650874768649 0.0023406268383379457 0.0043662230327501514 31986.500000000004 133756.50000000003
decision_type=2 2 2 2 2 2 2 2 2 2 2 2 2
left_child=1 10 4 -4 -3 9 7 -7 -8 -2 12 -12 -1
right_child=5 2 3 -5 -6 6 8 -9 -10 -11 11 -13 -14
leaf_value=-0.033252078979474797 -0.047621777623233455 0.0041175982324895919 -0.019845529175321269 0.010748197605152955 -0.0099515245928255974 0.042183232011575776 0.0088723984828266485 0.013785157955156845 -0.029242540435834748 -0.0014953068759984251 -0.035940879518454948 -0.038140878875423535 -0.03527063471557907
leaf_weight=5.2132906243205053 5.339117117226122 263.62616463378072 27.409941107034683 284.89479175209999 173.68231612443924 18.801244392991066 453.18723663687706 184.2458026856184 9.1034329980611783 3.6820723563432693 2.0804432556033134 3.3487699329853058 1.9768508747220037
leaf_count=64 26 989 142 753 761 28 1028 412 30 12 16 21 16
internal_value=0.00574799 0.00187563 0.00250161 0.00806309 -0.00147012 0.0101249 0.0106526 0.0164147 0.00812184 -0.0287949 -0.0353089 -0.0372979 -0.0338071
internal_weight=1436.59 762.233 749.613 312.305 437.308 674.359 665.338 203.047 462.291 9.02119 12.6194 5.42921 7.19014
internal_count=4298 2762 2645 895 1750 1536 1498 440 1058 38 117 37 80
is_linear=0
shrinkage=0.03


Tree=61
num_leaves=15
num_cat=0
split_feature=13 26 28 23 27 4 14 26 28 25 28 5 23 6
split_gain=25.8828 18.5854 20.9776 18.3287 17.591 24.3843 17.3194 13.3906 24.2726 18.8302 15.8873 11.9581 10.0514 6.23596
threshold=0.030032103949050554 0.0064125877341282981 0.0038317722229786826 0.89931824429347385 -0.0092754778082549238 12.500000000000002 0.51409692419915121 -0.0058266168226876114 -0.0027791112397411327 -0.00036666288137811835 -0.0033697144630632559 -0.02817455228034282 2.4300241707063042 126948.50000000001
decision_type=2 2 2 2 2 2 2 2 2 2 2 2 2 2
left_child=1 4 -3 -4 6 -6 -1 8 10 12 -2 -11 -9 -10
right_child=7 2 3 -5 5 -7 -8 9 13 11 -12 -13 -14 -15
leaf_value=-0.012739600810500466 -0.0024865862936204854 -0.042652260110367282 0.021442796161275781 -0.030056045907852613 -0.010303328406247484 0.0082888282066225817 0.052991292467329032 0.024759053133938422 -0.01726001172592136 -0.031892053622437092 0.028955247432218601 0.0086067440184838979 -0.0059279268546410914 -0.06315107978765401
leaf_weight=85.846067935228348 75.144635424017906 18.45856162160635 14.514152631163599 10.884077042341231 78.661537736654282 329.13586392998695 3.7660231217741957 96.928932368755341 4.6218372173607332 6.6261523962020865 17.911136329174042 674.98319780826569 10.663159549236296 6.2941841781139374
leaf_count=347 220 92 39 57 347 1184 8 193 16 25 36 1678 30 26
internal_value=0.00558381 0.000407173 -0.0183143 -0.000626355 0.00205786 0.00470252 -0.00997721 0.00872088 -0.00139932 0.0100541 0.00356526 0.00821304 0.0217178 -0.0437208
internal_weight=1434.44 541.266 43.8568 25.3982 497.409 407.797 89.6121 893.173 103.972 789.201 93.0558 681.609 107.592 10.916
internal_count=4298 2074 188 96 1886 1531 355 2224 298 1926 256 1703 223 42
is_linear=0
shrinkage=0.03


Tree=62
num_leaves=13
num_cat=0
split_feature=7 18 25 28 29 12 15 17 14 12 17 1
split_gain=26.0469 19.7083 22.2929 25.8675 16.951 15.4767 25.9299 12.4228 9.70943 7.10738 12.0866 4.85326
threshold=1138091.9525000004 0.0041832303391233011 -0.0003944043076717358 -0.0012906062293244899 0.096938677093608802 -0.0086779778174529924 -9.7694473513630233e-05 0.0012272631976710132 0.015739027359771944 -0.00017010575009506149 0.0031721471312441654 0.022727272727272704
decision_type=2 2 2 2 2 2 2 2 2 2 2 2
left_child=8 5 3 -3 -4 6 -2 -7 -1 11 -11 -10
right_child=1 2 4 -5 -6 7 -8 -9 9 10 -12 -13
leaf_value=0.043383333473256624 -0.014978617161745143 -0.0029041061629621512 0.0049482268161945078 0.025378487104575707 0.023653499324441916 -0.0286230313402056 0.030418472318583585 0.0025245121354481618 -0.037159110103427685 -0.021403330172195183 0.057646225124151511 -0.014578793532512188
leaf_weight=2.2585860267281523 24.679617308080196 39.427247747778893 1095.5108095258474 111.1624458655715 45.40973898768425 34.228461500257254 20.924264147877693 17.373892661184072 17.858152341097593 5.1213687621057025 2.6372148990631104 16.465327315032482
leaf_count=9 135 112 3024 231 87 217 77 91 145 38 6 126
internal_value=0.00542147 0.00614418 0.00712466 0.0179736 0.00569271 -0.00688273 0.00585077 -0.018136 -0.0172131 -0.0204654 0.00546635 -0.0263271
internal_weight=1433.06 1388.72 1291.51 150.59 1140.92 97.2062 45.6039 51.6024 44.3406 42.0821 7.75858 34.3235
internal_count=4298 3974 3454 343 3111 520 212 308 324 315 44 271
is_linear=0
shrinkage=0.03


Tree=63
num_leaves=15
num_cat=0
split_feature=7 25 15 26 26 26 15 25 25 25 26 23 5 22
split_gain=24.9724 20.2668 15.8668 17.2819 17.9334 13.983 12.6741 12.4317 19.9126 11.2301 10.9553 10.289 5.95428 1.89067
threshold=6551797.2115000011 -0.000152581626249253 0.020201466908765748 0.0070803557149258754 0.0044806392461239014 -0.0045324585144977904 0.0054568043709382072 -3.0305715736434386e-05 -2.2102345680785784e-05 0.00021773358020248402 -0.0083627276855242332 1.5370399871844214 -0.024009992412637991 42947314.321500011
decision_type=2 2 2 2 2 2 2 2 2 2 2 2 2 2
left_child=1 5 3 4 -2 13 -7 10 -9 12 -3 -5 -4 -1
right_child=2 7 9 11 -6 6 -8 8 -10 -11 -12 -13 -14 -15
leaf_value=-0.0082005612444615919 0.0059607474932695786 0.021422654679640368 -0.079796659553167115 -0.01458670488687208 0.019685123315555098 0.0032247511170375542 0.0303527959868913 0.055573088886603429 -0.0075821035156428901 -0.0084356627441249214 -0.034361337865656233 0.011760900354394158 0.027577741850426649 -0.041231196232482989
leaf_weight=2.3362290970981112 959.173041254282 3.6320490762591389 0.46877510845661063 53.785401575267315 94.093674160540104 37.886079177260399 26.231222338974476 4.6451321244239798 137.33175279572606 9.6290487796068174 24.82400318607688 17.738720446825027 54.871662691235542 4.6918792724609375
leaf_count=16 2608 11 2 174 216 162 64 12 689 26 142 47 102 27
internal_value=0.00526484 -0.00352905 0.00705042 0.00621778 0.00718682 0.00991988 0.0143232 -0.00914317 -0.00551582 0.0214655 -0.0272412 -0.00805223 0.0266682 -0.0302514
internal_weight=1431.34 241.578 1189.76 1124.79 1053.27 71.1454 64.1173 170.433 141.977 64.9695 28.4561 71.5241 55.3404 7.02811
internal_count=4298 1123 3175 3045 2824 269 226 854 701 130 153 221 104 43
is_linear=0
shrinkage=0.03


Tree=64
num_leaves=13
num_cat=0
split_feature=29 7 28 28 24 0 6 25 1 25 8 4
split_gain=24.3012 19.7715 18.4339 25.5671 20.1511 10.5836 11.5368 14.9485 13.3203 8.42442 16.8257 5.74827
threshold=0.055984192898215462 1138091.9525000004 -0.00061082415915621158 -7.5089200648493384e-05 0.32037107956676392 0.0079147976431952153 111742.50000000001 -0.000505418529753091 0.030588162002902288 -0.00010520802191165431 0.0043499696808780358 322.50000000000006
decision_type=2 2 2 2 2 2 2 2 2 2 2 2
left_child=1 9 4 -4 -3 6 8 -8 -2 10 -1 -11
right_child=5 2 3 -5 -6 -7 7 -9 -10 11 -12 -13
leaf_value=-0.024471340235938811 0.0081649875727224392 -0.046391564897851567 0.022197356092608551 0.0036166808720579529 -0.0014605397454433046 -0.023047308714174188 0.028709224013152325 0.0062984768680723578 0.026284537374942237 -0.036341032921357076 0.051677292436196322 -0.0083735766577014772
leaf_weight=7.0583770088851434 69.341754883527756 9.2590822018682939 78.625274501740932 437.60786762461066 301.91497550904751 8.6019065678119642 28.830989375710487 377.874846175313 77.129218682646751 19.497864585369825 4.1451706849038601 10.009658392518761
leaf_count=56 161 49 200 1430 1039 27 53 878 145 169 16 75
internal_value=0.00511193 0.00196581 0.00297007 0.00644662 -0.00279748 0.00997364 0.0104871 0.00788715 0.0177064 -0.0184448 0.00370269 -0.0268538
internal_weight=1429.9 868.118 827.407 516.233 311.174 561.779 553.177 406.706 146.471 40.7111 11.2035 29.5075
internal_count=4298 3034 2718 1630 1088 1264 1237 931 306 316 72 244
is_linear=0
shrinkage=0.03


Tree=65
num_leaves=12
num_cat=0
split_feature=13 1 7 5 13 26 25 9 15 22 18
split_gain=23.2314 17.4999 15.6112 16.5321 14.8909 14.8893 13.587 13.4872 10.2444 3.76819 0.0927631
threshold=0.016542317134370484 0.010081625177008639 309266136.45150012 -0.012104145524826916 0.059938014424478124 -0.0083627276855242332 -2.2102345680785784e-05 1.7383106018186194 0.00082277623116449943 24920480.647500005 0.0062416885890786266
decision_type=2 2 2 2 2 2 2 2 2 2 2
left_child=5 9 4 -4 -3 -1 7 -7 -8 -2 -11
right_child=1 2 3 -5 -6 6 8 -9 -10 10 -12
leaf_value=0.05688209490593342 0.0086835692213722854 0.003538613895210348 -0.011498821390099395 0.016280919495334584 0.01415425560185329 0.014384372122408741 -0.034683220623697129 -0.020647154030540037 -0.0076965978959328031 -0.036994965564984154 -0.04340673096736742
leaf_weight=2.9647324383258811 1.7711555585265149 964.96022244542837 21.346517965197563 199.18547633290291 135.64104951918125 26.248619727790356 26.651226848363876 15.872179407626389 24.115318670868874 6.3968029953539354 2.9753563553094864
leaf_count=11 10 2859 62 443 299 112 195 104 139 49 15
internal_value=0.00496461 0.00599092 0.00630669 0.013592 0.00484691 -0.00930039 -0.0114128 0.00118361 -0.0218639 -0.0314467 -0.0390305
internal_weight=1428.13 1332.28 1321.13 220.532 1100.6 95.8521 92.8873 42.1208 50.7665 11.1433 9.37216
internal_count=4298 3737 3663 505 3158 561 550 216 334 74 64
is_linear=0
shrinkage=0.03


Tree=66
num_leaves=15
num_cat=0
split_feature=29 22 28 28 4 26 21 23 26 3 23 27 10 12
split_gain=22.3191 19.6002 19.0864 23.4884 20.2755 10.8034 21.3571 19.4667 18.1229 10.1581 10.0789 13.6957 5.88295 3.044
threshold=0.055984192898215462 37911880.055000007 -0.00061082415915621158 -7.5089200648493384e-05 217.50000000000003 0.0064125877341282981 888673.00000000012 1.3230195294729354 0.0054208257523233015 0.83209471516816225 0.77390066440816641 -0.001168429804895372 0.023146706267093892 -0.013449992700407759
decision_type=2 2 2 2 2 2 2 2 2 2 2 2 2 2
left_child=1 10 4 -4 -3 8 12 -8 9 -2 11 -1 -7 -10
right_child=5 2 3 -5 -6 6 7 -9 13 -11 -12 -13 -14 -15
leaf_value=0.020412310316659237 0.011492895586750726 -0.01097816147721783 0.021365570562134555 0.003569662633260307 0.0042391157766258807 0.0063367968585764526 -0.036234299420267041 0.0097599170710314376 0.013102761205582375 0.00027517278706078028 -0.034563196912237526 -0.037340023867831473 0.041338535013610837 0.037822297022543222
leaf_weight=9.4571087807416898 388.33390840888023 151.83239855617285 78.759980484843254 437.77113465964794 163.83338491618633 8.7754099220037478 20.153531908988953 14.059396192431448 5.4748818129301098 89.372090429067612 19.471049949526787 6.0661570914089671 8.5154360681772214 24.756566092371941
leaf_count=51 855 576 199 1410 530 21 69 32 12 222 215 53 13 40
internal_value=0.00482046 0.0018066 0.00273146 0.00628316 -0.00308026 0.00949225 -0.00359987 -0.0173335 0.0108198 0.00939422 -0.0201876 -0.00215605 0.0235745 0.0333456
internal_weight=1426.63 867.191 832.197 516.531 315.666 559.441 51.5038 34.2129 507.937 477.706 34.9943 15.5233 17.2908 30.2314
internal_count=4298 3034 2715 1609 1106 1264 135 101 1129 1077 319 104 34 52
is_linear=0
shrinkage=0.03


Tree=67
num_leaves=15
num_cat=0
split_feature=29 18 22 25 25 29 29 20 0 18 29 21 18 16
split_gain=21.577 21.2967 14.3388 16.3604 14.506 13.7169 22.0273 16.8915 9.0384 3.40355 5.9815 0.112031 0.0417392 0.011042
threshold=0.032398442985910422 0.0035137634868244658 1576889400.2210004 0.00030295460938608334 -0.001013258929688022 0.019982888506241938 0.020007434860058581 -0.018312410315832185 0.00097624110270165705 0.0028414311327594594 0.045590472446786538 1195318.0000000002 0.0043662230327501514 0.58333333333333337
decision_type=2 2 2 2 2 2 2 2 2 2 2 2 2 2
left_child=5 9 4 -4 -3 12 8 -8 -7 10 -2 -11 -1 -14
right_child=1 2 3 -5 -6 6 7 -9 -10 11 -12 -13 13 -15
leaf_value=-0.033525225238290164 -0.036252067360810866 0.027871239814271347 0.018738715093617127 -0.0034845126340078405 0.0047336981332117244 0.0094059867362710804 -0.019808048890062262 -5.2303714479728586e-05 0.041549876454498459 -0.036786964622029315 0.026719606082611667 -0.044294679010444191 -0.035539674739792727 -0.038303113750231051
leaf_weight=6.6300672665238363 3.1736947707831851 25.016895964741707 150.95384939014912 37.151676699519157 968.2660620957613 32.089850351214409 59.184676684439182 113.93781593441963 10.432456053793429 7.990757364779709 2.3723629042506218 2.3047512471675873 2.3077415376901627 2.9840767681598663
leaf_count=80 26 49 315 97 2587 87 345 573 23 60 7 12 19 18
internal_value=0.00468184 0.0062914 0.00675473 0.0143495 0.00531644 -0.00378605 -0.00205425 -0.00680612 0.0172922 -0.0282616 -0.00931552 -0.0384676 -0.0351111 -0.037098
internal_weight=1424.8 1197.23 1181.39 188.106 993.283 227.567 215.645 173.122 42.5223 15.8416 5.54606 10.2955 11.9219 5.29182
internal_count=4298 3153 3048 412 2636 1145 1028 918 110 105 33 72 117 37
is_linear=0
shrinkage=0.03


Tree=68
num_leaves=13
num_cat=0
split_feature=7 25 26 9 13 25 14 26 26 26 20 29
split_gain=21.0916 16.9689 47.169 17.7584 17.4796 18.736 12.1069 10.6908 7.51409 19.6715 2.78991 0.636483
threshold=1138091.9525000004 -0.0003944043076717358 -0.0051474200736397928 2.5180490716515842 0.068215171959300339 -0.00022115147749914168 0.024985706359927883 0.0083906851056860226 -1.0000000180025095e-35 -0.0006338619197620701 -0.029298646244547037 0.046990592787040306
decision_type=2 2 2 2 2 2 2 2 2 2 2 2
left_child=7 2 11 -4 5 -3 -6 8 9 -1 -10 -2
right_child=1 4 3 -5 6 -7 -8 -9 10 -11 -12 -13
leaf_value=-0.017873591581758108 -0.046536078936533713 -0.0081703439971120249 0.022788519775918281 -0.0035279413937598539 -0.015597196867028087 0.0042663570781125842 0.019624593068434445 0.052039608026493919 -0.0054572787666061443 0.071307464660284384 -0.036867950272933887 -0.063150054809348488
leaf_weight=17.428359705954794 3.9359368383884412 122.4138486944139 126.86013253033161 28.209240984171629 9.7540574818849546 996.43045730143785 88.24451707303524 1.9666551277041424 2.9758552610874203 2.5519998744130126 17.57519281283021 4.3900631368160248
leaf_count=131 18 397 284 99 28 2950 180 6 19 8 160 18
internal_value=0.00454774 0.00518869 0.0142662 0.0180012 0.00396977 0.00290565 0.0161189 -0.0162687 -0.0195831 -0.0064829 -0.0323196 -0.0552962
internal_weight=1422.74 1380.24 163.395 155.069 1216.84 1118.84 97.9986 42.4981 40.5314 19.9804 20.551 8.326
internal_count=4298 3974 419 383 3555 3347 208 324 318 139 179 36
is_linear=0
shrinkage=0.03


Tree=69
num_leaves=15
num_cat=0
split_feature=13 14 9 17 29 28 28 18 7 25 21 9 23 25
split_gain=20.4402 21.3502 19.4373 17.0175 14.6306 15.5468 21.3194 16.7304 14.7043 15.7832 12.3844 11.4105 10.8903 10.8092
threshold=0.020708607999301871 0.51409692419915121 1.4082590703105751 -0.0066694853296539146 0.032398442985910422 -0.0011363930737207284 0.0014789736626456354 0.0034595078508504571 290774677.07400006 0.00030295460938608334 375763.50000000006 0.61893883795072668 0.81796060770080226 -0.0003944043076717358
decision_type=2 2 2 2 2 2 2 2 2 2 2 2 2 2
left_child=1 3 11 -1 5 7 -7 -2 13 -10 -4 -3 -5 -6
right_child=4 2 10 12 8 6 -8 -9 9 -11 -12 -13 -14 -15
leaf_value=0.023344390177020901 0.038694147936759654 -0.010742558180982126 -0.03286218887466448 -0.0039629071431394325 0.014329743368804621 0.010798335995426565 -0.022054224899793327 -0.027905373474895044 0.018397883350823142 -0.0023002897368968483 7.7079412380378026e-05 0.022216906265794881 -0.027587197612073421 0.0041039342303175602
leaf_weight=9.1410758793354017 3.8073706701397887 11.741752572357653 14.521888829767702 26.084233224391937 105.62492792308331 71.74127234891057 23.634588442742825 31.323867723345757 164.37183210253716 41.535227924585342 35.108612161129713 48.505281243473291 53.748503614217043 780.46624301373959
leaf_count=26 19 60 104 123 242 250 121 162 342 106 161 165 347 2070
internal_value=0.00441551 -0.00450468 0.00434107 -0.0154287 0.00586646 -0.00362691 0.00265732 -0.0206876 0.00700103 0.0142227 -0.00956095 0.0157933 -0.0198683 0.00532288
internal_weight=1421.36 198.851 109.878 88.9738 1222.51 130.507 95.3759 35.1312 1092 205.907 49.6305 60.247 79.8327 886.091
internal_count=4298 986 490 496 3312 552 371 181 2760 448 265 225 470 2312
is_linear=0
shrinkage=0.03


Tree=70
num_leaves=15
num_cat=0
split_feature=7 25 15 26 25 20 28 25 25 23 25 0 26 4
split_gain=19.8833 17.8886 14.3438 15.7374 16.7875 13.1351 12.8729 12.0245 17.822 11.393 10.6737 11.4325 10.4105 6.3277
threshold=6551797.2115000011 -0.000152581626249253 0.020201466908765748 0.0070803557149258754 -0.001013258929688022 0.015534234180181924 -0.0012906062293244899 -3.0305715736434386e-05 -2.2102345680785784e-05 1.5370399871844214 0.00021773358020248402 -0.0036133424649094754 -0.0083627276855242332 282.50000000000006
decision_type=2 2 2 2 2 2 2 2 2 2 2 2 2 2
left_child=1 6 3 4 -2 -5 13 12 -9 -8 11 -4 -3 -1
right_child=2 7 10 5 -6 -7 9 8 -10 -11 -12 -13 -14 -15
leaf_value=-0.041454646454081909 0.041054301578681535 0.020584904017399607 -0.079029411163729177 -0.016054529244130863 0.0056147073355696927 0.013631390575201081 0.0054913158765107972 0.051892242305234461 -0.0073562832080203752 0.033582306551316408 -0.0094521563239078187 0.026801747294362584 -0.034000437485496082 0.011423342500087114
leaf_weight=6.1782831624150258 12.171240344643591 3.612612426280978 0.93491384387016196 53.138307727873325 1033.7819414660335 17.944563210010529 42.934056393802166 4.7288766689598551 135.34915390983224 18.63352058082819 9.5510318875312787 52.860082253813744 24.271526489406824 3.0384018793702126
leaf_count=43 20 11 4 179 2804 42 164 12 689 51 26 100 142 11
internal_value=0.00428932 -0.00360651 0.00588635 0.00509882 0.0060271 -0.00856045 0.00904313 -0.00893744 -0.00535612 0.0139931 0.0197736 0.0249625 -0.0269285 -0.0240227
internal_weight=1419.13 238.746 1180.38 1117.04 1045.95 71.0829 70.7843 167.962 140.078 61.5676 63.346 53.795 27.8841 9.21669
internal_count=4298 1123 3175 3045 2824 221 269 854 701 215 130 104 153 54
is_linear=0
shrinkage=0.03


Tree=71
num_leaves=11
num_cat=0
split_feature=13 1 10 28 1 26 21 17 22 23
split_gain=19.3425 15.5778 14.8151 22.3456 18.8242 13.9431 12.9412 12.7742 3.15244 0.0659207
threshold=0.016542317134370484 0.010081625177008639 -0.0065892210708611973 0.0015549585113555982 0.029596736836521004 -0.0083627276855242332 66850.500000000015 -0.0076766348609616421 30361213.034000006 0.90177739909118804
decision_type=2 2 2 2 2 2 2 2 2 2
left_child=5 8 3 -3 -4 -1 -7 -8 -2 -10
right_child=1 2 4 -5 -6 6 7 -9 9 -11
leaf_value=0.054467711555965498 0.0020612851112412141 0.0035954183405516736 0.0024090631595221411 -0.016196725087705074 0.01150771372006297 0.037115724835309338 0.047128456484646516 -0.015904978875295125 -0.042895313613017141 -0.037155531600839134
leaf_weight=3.0184475257992736 2.1079271771013728 408.69201228022575 347.63971138373017 58.714712768793106 497.52943908423185 4.7550260201096526 2.9975242614746085 83.440141092985868 2.554508224129675 6.1037598438560963
leaf_count=11 15 1147 1076 206 1234 19 6 525 14 45
internal_value=0.00416519 0.00510021 0.005395 0.00110917 0.00776521 -0.00896869 -0.0110684 -0.0137191 -0.0308391 -0.038849
internal_weight=1417.55 1323.34 1312.58 467.407 845.169 94.2111 91.1927 86.4377 10.7662 8.65827
internal_count=4298 3737 3663 1353 2310 561 550 531 74 59
is_linear=0
shrinkage=0.03


Tree=72
num_leaves=13
num_cat=0
split_feature=29 29 1 5 14 13 20 7 18 16 7 21
split_gain=19.342 16.3467 16.8485 14.3933 10.9154 15.2781 12.8067 0.0773224 0.0386145 0.0102753 0.00754351 0.000468233
threshold=0.019982888506241938 0.055984192898215462 0.010081625177008639 -0.014772258603472947 0.97622084963272115 0.048845372768453861 0.017806315379553846 2043883.5705000004 0.0043662230327501514 0.58333333333333337 5764194.3420000011 189272.50000000003
decision_type=2 2 2 2 2 2 2 2 2 2 2 2
left_child=8 2 7 -4 6 -6 -3 -2 10 -10 11 -1
right_child=1 4 3 -5 5 -7 -8 -9 9 -11 -12 -13
leaf_value=-0.032199952336332757 -0.036232005366487872 0.0071968758371802333 -0.013304000629213915 0.0031900972420291994 0.0061997828422035014 -0.061323590166271806 0.020687770061828026 -0.042033527578314668 -0.035304392683724893 -0.038015374888118493 -0.034715940110702469 -0.032851264112176023
leaf_weight=1.8659564144909366 6.3764230124652368 467.00549985468388 50.66282756626606 791.53925078362226 8.1200899034738523 4.7976664602756491 73.262998297810555 3.0597144700586796 2.2162055186927319 2.911168247461319 2.2598820254206657 2.1244019940495491
leaf_count=31 52 1079 197 2651 20 19 146 17 19 18 20 29
internal_value=0.00404388 0.0043594 0.00175125 0.00219789 0.00837469 -0.0188785 0.00902631 -0.0381132 -0.034914 -0.0368436 -0.033331 -0.0325467
internal_weight=1416.2 1404.82 851.638 842.202 553.186 12.9178 540.268 9.43614 11.3776 5.12737 6.25024 3.99036
internal_count=4298 4181 2917 2848 1264 39 1225 69 117 37 80 60
is_linear=0
shrinkage=0.03


Tree=73
num_leaves=13
num_cat=0
split_feature=29 29 1 28 14 13 20 7 18 16 7 22
split_gain=18.5816 15.4463 16.1898 15.7274 10.2856 17.9562 11.6299 0.0693725 0.0348177 0.00919528 0.00683149 0.000967891
threshold=0.019982888506241938 0.055984192898215462 0.010081625177008639 -0.00061082415915621158 0.97855008565966195 0.048845372768453861 0.017806315379553846 2043883.5705000004 0.0043662230327501514 0.58333333333333337 5764194.3420000011 36885017.461000003
decision_type=2 2 2 2 2 2 2 2 2 2 2 2
left_child=8 2 7 -4 6 -6 -3 -2 10 -10 11 -1
right_child=1 4 3 -5 5 -7 -8 -9 9 -11 -12 -13
leaf_value=-0.032139692394929691 -0.036021488447519616 0.0070101372580770082 -0.0031519610924193842 0.0053115040839616162 0.0070101377859708098 -0.07041675438288271 0.019881092693266544 -0.041574211050652427 -0.035125339257993278 -0.037720655409880892 -0.034557570651981506 -0.033153718886346335
leaf_weight=2.6328120604157434 6.223587438464163 466.94814789295197 316.55697064101696 525.89022970944643 7.9286066740751249 4.0843916088342667 73.069765210151672 3.0015925168991089 2.1615041568875313 2.8468687161803246 2.2029907926917076 1.2490959055721758
leaf_count=45 52 1081 1133 1715 19 17 147 17 19 18 20 15
internal_value=0.00392643 0.00423207 0.00169845 0.00213128 0.00814094 -0.0193148 0.0087517 -0.0378282 -0.034748 -0.0366006 -0.0332232 -0.032466
internal_weight=1414.8 1403.7 851.672 842.447 552.031 12.013 540.018 9.22518 11.0933 5.00837 6.0849 3.88191
internal_count=4298 4181 2917 2848 1264 36 1228 69 117 37 80 60
is_linear=0
shrinkage=0.03


Tree=74
num_leaves=13
num_cat=0
split_feature=29 7 25 26 29 25 9 9 18 16 7 22
split_gain=17.8557 15.0881 15.2913 44.6363 15.3678 6.34546 17.8051 7.28214 0.031412 0.00823482 0.00619007 0.000877603
threshold=0.019982888506241938 1138091.9525000004 -0.0003944043076717358 -0.0051474200736397928 0.096938677093608802 -0.00010520802191165431 0.75380476500941496 3.8119255580263833 0.0043662230327501514 0.58333333333333337 5764194.3420000011 36885017.461000003
decision_type=2 2 2 2 2 2 2 2 2 2 2 2
left_child=8 5 3 -3 -4 6 -2 -7 10 -10 11 -1
right_child=1 2 4 -5 -6 7 -8 -9 9 -11 -12 -13
leaf_value=-0.032072589465359055 0.042044549865945031 -0.054571501291796151 0.002809834754598848 0.017040827656471969 0.02077525645736137 -0.026755879685556674 -0.036599264850063915 0.025160851432720861 -0.034953079912275913 -0.037438842535340196 -0.034405158394124738 -0.033051419708280794
leaf_weight=2.560265593230723 5.5918466448783857 8.2598220109939557 1159.4000452458858 151.76719453930855 44.497454047203064 25.462269518524412 4.8279067166149616 2.6882952637970439 2.1078033410012722 2.7832114771008492 2.1472099721431732 1.2158747091889379
leaf_count=45 21 36 3397 376 88 210 42 11 19 18 20 15
internal_value=0.0038126 0.00410871 0.00463197 0.0133445 0.00347386 -0.0143949 0.00560559 -0.021798 -0.0345883 -0.0363676 -0.0331191 -0.0323878
internal_weight=1413.31 1402.49 1363.92 160.027 1203.9 38.5703 10.4198 28.1506 10.8144 4.89101 5.92335 3.77614
internal_count=4298 4181 3897 412 3485 284 63 221 117 37 80 60
is_linear=0
shrinkage=0.03


Tree=75
num_leaves=13
num_cat=0
split_feature=13 6 9 17 8 26 10 26 25 11 21 17
split_gain=17.3902 13.6942 19.2803 14.4067 13.1568 14.559 13.7758 12.9506 12.5492 12.7527 10.2496 9.70364
threshold=0.016542317134370484 61582.000000000007 5.4609530156335397 0.0031721471312441654 -0.020962129572046167 0.0064125877341282981 -0.0013191247408225744 -0.0083627276855242332 -2.2102345680785784e-05 0.010509889035965428 1072399.5000000002 0.0070495829857823399
decision_type=2 2 2 2 2 2 2 2 2 2 2 2
left_child=7 2 3 -2 6 -6 -3 -1 9 -9 -10 -4
right_child=1 4 11 -5 5 -7 -8 8 10 -11 -12 -13
leaf_value=0.051583110483089778 -0.0024457320537932203 -0.026582794707967594 -0.035794284064493399 0.011261780019343557 0.0084252376807983018 -0.0057786691792729647 0.0050166981706416414 0.0078969493103439141 -0.010849231569448605 -0.040577774562574061 -0.03944879881797015 0.024198177895624041
leaf_weight=3.090488649904727 248.03271097689867 21.538649633526802 18.61819010972977 95.605099491775036 832.09073012322187 70.445107452571392 29.317110374569893 35.774729523807764 31.28274542093277 5.6567784398794165 17.636024430394173 2.7901635617017737
leaf_count=11 952 71 100 277 2051 204 73 179 220 37 114 9
internal_value=0.00370176 0.00458812 -0.000352958 0.0013679 0.00648002 0.00731659 -0.00836645 -0.00880478 -0.0108704 0.00127854 -0.0211598 -0.0279754
internal_weight=1411.88 1318.44 365.046 343.638 953.392 902.536 50.8558 93.4408 90.3503 41.4315 48.9188 21.4084
internal_count=4298 3737 1338 1229 2399 2255 144 561 550 216 334 109
is_linear=0
shrinkage=0.03


Tree=76
num_leaves=13
num_cat=0
split_feature=29 13 9 25 21 5 11 28 18 16 7 22
split_gain=16.9499 14.3144 20.6681 24.4691 16.2367 11.323 25.3935 13.1237 0.028453 0.00735024 0.00537891 0.000652701
threshold=0.019982888506241938 0.030032103949050554 1.4532530813411066 -9.7102269467849909e-05 370808.50000000006 -0.014074296438337108 0.011512006111822315 -0.00061082415915621158 0.0043662230327501514 0.58333333333333337 5576682.8570000008 36885017.461000003
decision_type=2 2 2 2 2 2 2 2 2 2 2 2
left_child=8 2 3 -2 -4 6 -3 -7 10 -10 11 -1
right_child=1 5 4 -5 -6 7 -8 -9 9 -11 -12 -13
leaf_value=-0.032006113439801753 0.017739236853974331 -0.035767072322657849 -0.022105807013954929 -0.00066640291374300907 -0.0026350887648841754 0.0026620548626282246 0.0052830024153409667 0.010459574739446538 -0.034769071938403895 -0.037151667245612807 -0.034171178682706478 -0.032889022501799231
leaf_weight=2.4864465966820704 94.517000295221806 18.233754947781563 49.50842173397541 208.20817575603724 174.07391852140427 330.03402262926102 52.938535764813423 472.20265727117658 2.0425437428057194 2.713323138654232 2.1577613279223442 1.0812768936157224
leaf_count=45 254 69 290 760 665 873 135 1135 19 18 21 14
internal_value=0.00359467 0.00387928 -2.89088e-05 0.00508021 -0.00694654 0.00623432 -0.00523369 0.00725173 -0.0344134 -0.0361284 -0.0329888 -0.0322737
internal_weight=1410.2 1399.72 526.308 302.725 223.582 873.409 71.1723 802.237 10.4814 4.75587 5.72548 3.56772
internal_count=4298 4181 1969 1014 955 2212 204 2008 117 37 80 59
is_linear=0
shrinkage=0.03


Tree=77
num_leaves=13
num_cat=0
split_feature=7 20 26 26 23 26 21 15 26 26 20 22
split_gain=16.3824 14.5795 18.6554 26.6235 18.534 9.20667 9.2024 7.56158 7.3969 16.9618 2.78176 2.27491
threshold=1138091.9525000004 0.03518014595241422 0.0064125877341282981 0.0054208257523233015 1.5370399871844214 0.0083906851056860226 3667497.0000000005 0.016491415597467998 -1.0000000180025095e-35 -0.0006338619197620701 -0.029298646244547037 1052260829.5290002
decision_type=2 2 2 2 2 2 2 2 2 2 2 2
left_child=5 2 3 -2 -4 8 7 -3 9 -1 -10 -8
right_child=1 6 4 -5 -6 -7 11 -9 10 -11 -12 -13
leaf_value=-0.016654196227461122 0.0034605583296258824 -0.015313539389591487 -0.016577130765622058 0.02413926989064432 0.012870491845346253 0.047347507023839747 0.019996580104850788 0.018633605749103117 -0.0045895145448918611 0.064917967706585158 -0.036418198647857135 0.039219403676369925
leaf_weight=16.592030875384811 1156.6554155573249 8.8019824922084826 74.609513320028782 58.888058468699455 25.917996902018785 2.0079038254916659 8.317891478538515 17.944920793175697 2.9082134813070324 2.6623182892799369 16.449535567313433 16.59577588737011
leaf_count=131 3401 26 261 135 70 6 17 38 19 8 160 26
internal_value=0.00349125 0.00404886 0.00343519 0.00446236 -0.00898495 -0.015284 0.0196822 0.00746214 -0.0185409 -0.00537513 -0.0316364 0.0328015
internal_weight=1408.35 1367.73 1316.07 1215.54 100.528 40.62 51.6606 26.7469 38.6121 19.2543 19.3577 24.9137
internal_count=4298 3974 3867 3536 331 324 107 64 318 139 179 43
is_linear=0
shrinkage=0.03


Tree=78
num_leaves=13
num_cat=0
split_feature=29 29 1 28 6 28 1 7 18 22 7 22
split_gain=16.1627 13.5355 15.0977 14.1852 10.3725 14.5627 12.1791 0.0671503 0.0259442 0.00645885 0.00519112 0.00064234
threshold=0.019982888506241938 0.055984192898215462 0.010081625177008639 -0.00061082415915621158 111742.50000000001 0.0049372650874768649 0.030588162002902288 2043883.5705000004 0.0043662230327501514 189500939.02450004 5764194.3420000011 36885017.461000003
decision_type=2 2 2 2 2 2 2 2 2 2 2 2
left_child=8 2 7 -4 6 -6 -3 -2 10 -10 11 -1
right_child=1 4 3 -5 5 -7 -8 -9 9 -11 -12 -13
leaf_value=-0.031914761068860556 -0.035720330507684799 0.0052150492600641302 -0.0033182438561406725 0.0047279975007786419 0.0056526288590702297 -0.035769469668574874 0.022536519691833824 -0.041255656011780641 -0.034802058909729226 -0.037039780159315194 -0.034101124530544057 -0.03278441992701988
leaf_weight=2.3863453008234488 5.9636712446808797 70.59028422832489 315.87171332165599 524.84442654624581 393.35081358253956 7.7899888008832923 75.722963377833366 2.9472074545919895 2.2995338104665279 2.3444013893604279 2.0233875662088394 1.1246085129678247
leaf_count=45 52 169 1133 1715 919 27 149 17 21 16 20 15
internal_value=0.00338907 0.00366349 0.00129317 0.00170488 0.00734214 0.00484823 0.0141796 -0.0375511 -0.0342783 -0.0359317 -0.0328908 -0.0321933
internal_weight=1407.26 1397.08 849.627 840.716 547.454 401.141 146.313 8.91088 10.1783 4.64394 5.53434 3.51095
internal_count=4298 4181 2917 2848 1264 946 318 69 117 37 80 60
is_linear=0
shrinkage=0.03


Tree=79
num_leaves=13
num_cat=0
split_feature=29 25 26 28 28 28 9 29 18 16 7 21
split_gain=15.5463 13.7076 41.2227 17.4187 33.1131 32.5092 16.0585 0.589925 0.0234419 0.00607244 0.00470959 0.0002657
threshold=0.019982888506241938 -0.0003944043076717358 -0.0051474200736397928 0.0016514856706810902 0.0025768289297380454 0.0011654248246786563 2.5180490716515842 0.046990592787040306 0.0043662230327501514 0.58333333333333337 5764194.3420000011 189272.50000000003
decision_type=2 2 2 2 2 2 2 2 2 2 2 2
left_child=8 2 7 5 -5 -3 -4 -2 10 -10 11 -1
right_child=1 3 6 4 -6 -7 -8 -9 9 -11 -12 -13
leaf_value=-0.03184230075018455 -0.044966142200887349 0.0027327300468620677 0.019795777183419218 -0.019346263915718073 0.0024676051320834413 0.022067199374744658 -0.0052790502562966128 -0.061007509104131614 -0.034456002937990775 -0.036675558076498409 -0.033965925369452234 -0.032372654067532147
leaf_weight=1.5989020131528362 3.894846133887766 837.49794574454427 126.38628227263689 87.239581819623709 222.01101798564196 86.336568862199783 28.096492562443018 4.3875502496957779 1.9384351447224615 2.5937763452529907 1.9712851643562315 1.8154976963996885
leaf_count=31 19 2518 307 314 687 217 101 18 19 18 20 29
internal_value=0.00329084 0.00355677 0.0117395 0.00247666 -0.00368609 0.00453962 0.0152353 -0.053464 -0.0341363 -0.0357263 -0.0327984 -0.0321243
internal_weight=1405.77 1395.85 162.765 1233.09 309.251 923.835 154.483 8.2824 9.9179 4.53221 5.38568 3.4144
internal_count=4298 4181 445 3736 1001 2735 408 37 117 37 80 60
is_linear=0
shrinkage=0.03


Tree=80
num_leaves=15
num_cat=0
split_feature=13 7 5 25 27 10 11 21 7 9 21 8 3 8
split_gain=15.2996 13.3341 14.5419 14.8752 13.8457 19.2037 11.9487 11.2652 14.2345 15.9132 14.8508 11.1707 10.8204 11.8961
threshold=0.016542317134370484 309266136.45150012 -0.012104145524826916 0.00030295460938608334 -0.038562590401446946 -0.010010657713271488 0.025845960936754162 1115289.5000000002 7835130.2045 0.88360440286456032 52903.000000000007 0.014013208434734753 0.8428288630625872 0.0078477168784697095
decision_type=2 2 2 2 2 2 2 2 2 2 2 2 2 2
left_child=7 4 6 -4 11 -6 -3 8 10 -10 -1 -2 -9 -14
right_child=1 2 3 -5 5 -7 -8 12 9 -11 -12 -13 13 -15
leaf_value=0.048957044975108152 0.019102330601740661 -0.033052504830391106 0.017424964293009489 -0.0036756547390795311 -0.0052028405626713264 0.0042088051352051903 0.012504663751242869 -0.033088389866566356 0.05155498909511206 0.00044043410557023112 -0.019924275328533816 -0.027055170972140143 0.035397767580007136 -0.040450317851717855
leaf_weight=3.0963262915611258 63.898163713514805 11.69944901764393 157.62074995040894 37.156893894076347 261.8400844745338 765.69493099302053 9.3003190457820875 23.96302738413215 7.8019551485776928 18.431739896535873 31.228155616670847 5.0951585024595252 5.0156673155724993 2.9589544907212257
leaf_count=11 138 41 343 101 827 2249 21 145 18 89 261 17 20 17
internal_value=0.0031943 0.00402548 0.0108425 0.0133997 0.00268402 0.0018105 -0.0128763 -0.00859832 -0.000995137 0.015642 -0.0137107 0.0156936 -0.023015 0.00725461
internal_weight=1404.8 1312.31 215.777 194.778 1096.53 1027.54 20.9998 92.4958 60.5582 26.2337 34.3245 68.9933 31.9376 7.97462
internal_count=4298 3737 506 444 3231 3076 62 561 379 107 272 155 182 37
is_linear=0
shrinkage=0.03


Tree=81
num_leaves=13
num_cat=0
split_feature=7 20 9 18 1 28 14 9 12 0 18 1
split_gain=14.8094 13.6009 15.1502 28.0625 14.3568 8.90808 8.68452 7.73629 7.34345 10.8236 7.02087 4.85108
threshold=1138091.9525000004 0.03518014595241422 5.4609530156335397 0.006999541439397584 0.029596736836521004 0.00024596161941539387 0.0041887652970657666 0.46250909664852285 -0.00017010575009506149 0.00031908898948063423 0.015839407591934269 0.022727272727272704
decision_type=2 2 2 2 2 2 2 2 2 2 2 2
left_child=6 2 4 -4 -2 10 -1 -7 11 -10 -3 -8
right_child=1 5 3 -5 -6 7 8 -9 9 -11 -12 -13
leaf_value=0.045016675337185549 0.0003701102161381904 -0.023474222144901677 -0.024882771994176867 0.0032901578782972875 0.0070743400890647045 -0.057966639345412289 -0.036324388173534165 0.027740214064711988 -0.036625504174114774 0.039156035175468631 0.024092439703433267 -0.012488144975570124
leaf_weight=2.0637746788561335 508.22854144126177 6.920592397451399 47.983193848282099 94.465693771839142 661.85054146498442 0.9718216210603704 15.533746860921385 38.443537056446075 2.7984974049031726 4.3065726533532143 4.6821545958518982 15.206974461674688
leaf_count=7 1639 22 236 266 1726 4 145 72 25 19 9 128
internal_value=0.00310123 0.00362845 0.00303773 -0.00619975 0.00416233 0.0188256 -0.0149118 0.025627 -0.0181798 0.00930771 -0.00427924 -0.024533
internal_weight=1403.46 1363.55 1312.53 142.449 1170.08 51.0181 39.9096 39.4154 37.8458 7.10507 11.6027 30.7407
internal_count=4298 3974 3867 502 3365 107 324 76 317 44 31 273
is_linear=0
shrinkage=0.03


Tree=82
num_leaves=13
num_cat=0
split_feature=29 13 9 9 21 28 4 28 18 16 22 22
split_gain=14.5634 12.2085 18.9104 16.7968 15.3876 10.0027 28.1775 14.0435 0.0211348 0.00505183 0.00375941 0.000771994
threshold=0.019982888506241938 0.030032103949050554 1.4532530813411066 0.5215962505783337 370808.50000000006 -0.00061082415915621158 152.50000000000003 -0.00034585350505520585 0.0043662230327501514 0.58333333333333337 124996771.69250001 36885017.461000003
decision_type=2 2 2 2 2 2 2 2 2 2 2 2
left_child=8 2 3 -2 -4 6 -3 -7 10 -10 11 -1
right_child=1 5 4 -5 -6 7 -8 -9 9 -11 -12 -13
leaf_value=-0.031737892938085523 -0.014016326185806527 -0.009164288602864985 -0.021828437275071496 0.0072407934525576985 -0.0027916365912193921 0.02652243404255241 0.0082248776631073158 0.0067911016943332722 -0.034307324742332182 -0.036362852885662572 -0.033801031621820292 -0.032675332552741694
leaf_weight=2.190774958580731 38.316283494234085 135.71083325892687 48.988341506570578 263.68788523599505 173.75773431360722 34.833484873175621 219.53217685222626 477.30322275683284 1.8811651133000848 2.5143704041838646 1.701966658234596 1.2370648346841333
leaf_count=45 165 403 290 849 665 70 546 1193 19 18 18 17
internal_value=0.00301188 0.00326483 -0.00034712 0.00454383 -0.00697838 0.00545 0.00158182 0.00813315 -0.0339565 -0.0354831 -0.0326485 -0.0320762
internal_weight=1401.66 1392.13 524.75 302.004 222.746 867.38 355.243 512.137 9.52534 4.39554 5.12981 3.42784
internal_count=4298 4181 1969 1014 955 2212 949 1263 117 37 80 62
is_linear=0
shrinkage=0.03


Tree=83
num_leaves=14
num_cat=0
split_feature=7 25 15 25 26 5 25 25 21 15 26 8 23
split_gain=13.8562 14.9611 12.2079 12.359 14.9983 12.1966 11.615 16.0954 11.5093 14.8016 9.76903 5.00729 4.14166
threshold=6551797.2115000011 -0.000152581626249253 0.023874674876962401 -0.001013258929688022 0.0070803557149258754 0.00059689203890117136 -3.0305715736434386e-05 -2.2102345680785784e-05 75287.500000000015 0.0054568043709382072 -0.0083627276855242332 -0.0099702642681158745 2.0705683096161565
decision_type=2 2 2 2 2 2 2 2 2 2 2 2 2
left_child=1 8 3 5 -5 -2 10 -8 -1 -10 -3 -4 -13
right_child=2 6 11 4 -6 -7 7 -9 9 -11 -12 12 -14
leaf_value=0.038309624619360869 -0.010985612201666927 0.019486833009919984 0.00014285952056093226 0.0041262723429436945 -0.010937446272662623 0.038755073838193106 0.04887165132187736 -0.0070856819236823155 -0.0091725239504648944 0.021054877046736281 -0.03367169643297608 0.015722414877070618 0.038795835015733915
leaf_weight=9.6430643424391729 6.0343744307756451 3.5863445103168514 7.7245725989341727 1043.7239703908563 63.082290463149548 16.757200703024864 4.7934045717120162 132.67512237653136 36.137937627732754 24.439848456531763 23.49125399813056 13.80520434677601 14.206686943769453
leaf_count=25 17 11 20 2853 202 30 12 689 177 67 142 30 23
internal_value=0.00292462 -0.0037246 0.00426417 0.00371802 0.00326772 0.0255856 -0.00867195 -0.0051345 0.00786838 0.00302259 -0.026631 0.0215275 0.0274245
internal_weight=1400.1 234.767 1165.33 1129.6 1106.81 22.7916 164.546 137.469 70.2209 60.5778 27.0776 35.7365 28.0119
internal_count=4298 1123 3175 3102 3055 47 854 701 269 244 153 73 53
is_linear=0
shrinkage=0.03


Tree=84
num_leaves=13
num_cat=0
split_feature=29 25 26 28 28 28 22 29 18 22 7 22
split_gain=13.904 12.7266 38.8864 16.3516 30.7416 30.2328 15.2444 0.530378 0.0190705 0.00479692 0.00375951 0.000486252
threshold=0.019982888506241938 -0.0003944043076717358 -0.0051474200736397928 0.0016514856706810902 0.0025768289297380454 0.0011654248246786563 40924800.608500011 0.046990592787040306 0.0043662230327501514 189500939.02450004 5764194.3420000011 36885017.461000003
decision_type=2 2 2 2 2 2 2 2 2 2 2 2
left_child=8 2 7 5 -5 -3 -4 -2 10 -10 11 -1
right_child=1 3 6 4 -6 -7 -8 -9 9 -11 -12 -13
leaf_value=-0.031668008784699379 -0.044448234234962344 0.002303162781875191 -0.027884118277238312 -0.019057965172228433 0.0020032023801903683 0.021002093785437454 0.016554923013755756 -0.059742326782828266 -0.034269815707023393 -0.036278663079934242 -0.033636928093500815 -0.032466840945195356
leaf_weight=2.1094150915741907 3.8186085000634176 834.59932282939553 7.2958485372364512 86.891044646501541 221.06181077286601 85.821432158350945 145.46518806368113 4.3830657154321671 2.0995022244751453 2.1813432201743126 1.8400293663144109 1.0161555372178552
leaf_count=45 19 2518 49 314 687 217 359 18 21 16 20 15
internal_value=0.00283993 0.00308396 0.0110159 0.00204458 -0.00393935 0.00404668 0.0144325 -0.0526216 -0.0338261 -0.0352934 -0.0325611 -0.0319277
internal_weight=1398.58 1389.34 160.963 1228.37 307.953 920.421 152.761 8.20167 9.24645 4.28085 4.9656 3.12557
internal_count=4298 4181 445 3736 1001 2735 408 37 117 37 80 60
is_linear=0
shrinkage=0.03


Tree=85
num_leaves=15
num_cat=0
split_feature=13 7 5 27 27 27 11 7 21 22 21 4 3 22
split_gain=13.4182 12.0568 13.5952 12.9814 16.828 11.3087 11.2748 10.9634 10.9467 13.3006 13.277 12.2243 10.3694 11.0093
threshold=0.016542317134370484 309266136.45150012 -0.012104145524826916 -0.038562590401446946 -0.017287175298749246 0.037869279867309334 0.025845960936754162 82546579.166500017 1115289.5000000002 136413942.405 66850.500000000015 32.500000000000007 0.8428288630625872 1350682958.3215001
decision_type=2 2 2 2 2 2 2 2 2 2 2 2 2 2
left_child=8 3 6 7 -5 -4 -3 -2 9 10 -1 -11 -10 -14
right_child=1 2 5 4 -6 -7 -8 -9 12 11 -12 -13 13 -15
leaf_value=0.037125297307953317 0.022048684265705176 -0.032505069558544354 0.010098144724058478 -0.0078564229749204968 0.00300777671705081 0.034188804183613079 0.01183582636626721 -0.0051950624181140341 -0.032713096717480614 0.043341540651932957 -0.016846247961091989 -0.0041539118723968012 -0.022206140695262982 0.049432433352197526
leaf_weight=4.6340422444045535 50.588553994894028 11.687503144145014 173.75103954225779 150.42802511528134 872.91079237312078 19.505902364850044 9.2425926029682142 18.03271047770977 23.50508509203792 9.7223684936761874 35.740549866110086 9.7862058281898481 4.7671595215797407 3.2448077276349068
leaf_count=18 108 41 411 465 2611 33 21 47 145 26 292 43 25 12
internal_value=0.00275672 0.00353434 0.0100423 0.0022578 0.00141077 0.0125297 -0.0129244 0.0148894 -0.00835565 -0.000823647 -0.0106516 0.0195161 -0.0226666 0.00680713
internal_weight=1397.55 1306.15 214.187 1091.96 1023.34 193.257 20.9301 68.6213 91.4002 59.8832 40.3746 19.5086 31.5171 8.01197
internal_count=4298 3737 506 3231 3076 444 62 155 561 379 310 69 182 37
is_linear=0
shrinkage=0.03


Tree=86
num_leaves=13
num_cat=0
split_feature=29 25 26 28 28 28 9 29 18 22 7 22
split_gain=13.2056 12.1443 36.852 15.341 28.9017 28.417 15.0016 0.461383 0.0176507 0.00433885 0.00319381 0.000424996
threshold=0.019982888506241938 -0.0003944043076717358 -0.0051474200736397928 0.0016514856706810902 0.0025768289297380454 0.0011654248246786563 2.5180490716515842 0.046990592787040306 0.0043662230327501514 189500939.02450004 5764194.3420000011 36885017.461000003
decision_type=2 2 2 2 2 2 2 2 2 2 2 2
left_child=8 2 7 5 -5 -3 -4 -2 10 -10 11 -1
right_child=1 3 6 4 -6 -7 -8 -9 9 -11 -12 -13
leaf_value=-0.031591257464132848 -0.043868994281316118 0.0021460883368313827 0.01846864267046559 -0.018573253473666975 0.0018606826104145611 0.020291822211200929 -0.0058827732116616648 -0.058214570027163653 -0.034118428892704653 -0.03605388442346804 -0.033448455298678598 -0.032353723374690446
leaf_weight=2.0224272403866039 3.7469671666622144 833.97431819140911 124.18510543182492 86.771858613938093 220.85398178175092 85.650613810867071 27.879940524697304 4.3721932023763657 2.0385120660066605 2.1334006562829018 1.762955769896507 0.97519095987081517
leaf_count=45 19 2518 307 314 687 217 101 18 21 16 20 15
internal_value=0.00267611 0.0029102 0.0106791 0.00189618 -0.00390311 0.00383612 0.014004 -0.0515941 -0.0336836 -0.0351082 -0.0324352 -0.0318393
internal_weight=1396.37 1387.43 160.184 1227.25 307.626 919.625 152.065 8.11916 8.93249 4.17191 4.76057 2.99762
internal_count=4298 4181 445 3736 1001 2735 408 37 117 37 80 60
is_linear=0
shrinkage=0.03


Tree=87
num_leaves=14
num_cat=0
split_feature=29 1 15 10 6 28 21 13 1 18 7 7 29
split_gain=13.1801 14.1874 12.9276 17.1103 10.4246 13.4055 13.5558 11.3982 11.6249 10.0107 5.69599 0.0523175 0.00727928
threshold=0.055984192898215462 0.010081625177008639 0.019125215486745815 0.016286674783506604 111742.50000000001 0.0049372650874768649 562165.50000000012 0.057179118391388346 0.030588162002902288 0.0099517051743624532 6173583.7630000012 1573517.6110000003 0.03578843737668027
decision_type=2 2 2 2 2 2 2 2 2 2 2 2 2
left_child=1 11 3 -3 7 6 -6 8 -2 -4 -9 12 -1
right_child=4 2 9 -5 5 -7 -8 10 -10 -11 -12 -13 -14
leaf_value=-0.034099393906644244 -0.00083900122974322881 0.0019579448089500811 -0.0081438823268459564 -0.0093923543288970558 0.044189218303241767 -0.035229350970750854 0.0037375621429814082 -0.0046778004035380079 0.01830042762758971 0.028653436476656486 0.034516913844593246 -0.039468857864621523 -0.036583657406308617
leaf_weight=3.2834556028246862 56.523278325796127 666.44650029949844 9.0827405452728254 145.65687474608421 7.6048878580331793 7.785089597105979 380.35767547786236 3.820408612489703 57.734033450484276 24.882555961608887 26.372811898589134 4.224066499620676 1.5686971768736837
leaf_count=35 144 2394 27 491 11 27 908 10 120 47 44 27 13
internal_value=0.00259772 0.000280344 0.000680567 -7.78171e-05 0.00626617 0.00374835 0.0045305 0.0131642 0.00883212 0.0188134 0.0295575 -0.0370277 -0.0349026
internal_weight=1395.34 855.145 846.069 812.103 540.198 395.748 387.963 144.451 114.257 33.9653 30.1932 9.07622 4.85215
internal_count=4298 3034 2959 2885 1264 946 919 318 264 74 54 75 48
is_linear=0
shrinkage=0.03


Tree=88
num_leaves=15
num_cat=0
split_feature=13 15 9 23 17 22 26 13 22 29 1 26 23 26
split_gain=12.7668 17.5035 15.3891 15.479 15.0898 12.5317 13.6258 17.1275 11.4931 14.4208 13.8037 11.051 10.354 5.54108
threshold=0.020708607999301871 -0.0003385617783265932 1.4082590703105751 2.1896645830188244 -0.0066694853296539146 45397919.012000002 -0.001706976552236991 0.042829242825755419 63002447.315500014 0.032398442985910422 0.021815029459897016 0.00036435021859727992 0.81796060770080226 -0.0046364265488319937
decision_type=2 2 2 2 2 2 2 2 2 2 2 2 2 2
left_child=1 4 11 -4 -1 6 13 -8 10 -10 -7 -3 -6 -2
right_child=5 2 3 -5 12 8 7 -9 9 -11 -12 -13 -14 -15
leaf_value=0.020470767428434716 -0.007974138671763378 -0.0046070678963828163 -0.018851949095644496 0.019001935206621617 -0.0046955166249982132 -0.014757974401649554 -0.043134614374108614 0.019237166504597197 -0.0066505030430223707 0.0046820306610206516 0.024482057445945001 0.021489696044705329 -0.029089414555803286 0.033211848195795771
leaf_weight=9.1858726888895017 6.1692516393959522 22.271608453243971 39.012437641620636 12.949212610721586 24.209267016500235 9.8033896833658201 16.716265216469768 5.1934606768190852 112.44672921299934 997.97933759540319 45.584841184318066 42.419110208749771 44.344492733478546 5.6164342984557134
leaf_count=26 32 100 248 47 119 49 110 13 453 2517 121 146 300 17
internal_value=0.00252259 -0.00460936 0.00273948 -0.00941849 -0.0156367 0.0036784 -0.0143582 -0.0283501 0.0041997 0.00353445 0.0175368 0.0125051 -0.0204749 0.0116529
internal_weight=1393.9 194.392 116.652 51.9617 77.7396 1199.51 33.6954 21.9097 1165.81 1110.43 55.3882 64.6907 68.5538 11.7857
internal_count=4298 986 541 295 445 3312 172 123 3140 2970 170 246 419 49
is_linear=0
shrinkage=0.03


Tree=89
num_leaves=13
num_cat=0
split_feature=29 25 28 25 28 28 28 4 18 16 6 21
split_gain=12.4856 11.4961 21.1016 37.2792 14.3482 27.3023 27.2521 12.9033 0.0154893 0.00369141 0.00238936 0.000142359
threshold=0.019982888506241938 -0.0003944043076717358 -0.0012906062293244899 -0.001013258929688022 0.0016514856706810902 0.00083016527422017782 0.0025768289297380454 52.500000000000007 0.0043662230327501514 0.58333333333333337 35672.500000000007 189272.50000000003
decision_type=2 2 2 2 2 2 2 2 2 2 2 2
left_child=8 2 3 -2 5 -3 -6 -4 10 -10 11 -1
right_child=1 4 7 -5 6 -7 -8 -9 9 -11 -12 -13
leaf_value=-0.031521876985788302 0.035966342740147379 0.00097166408559174356 0.0056506015332215762 -0.025453184153792757 -0.018199336511808193 0.013887438656058267 0.0016749544369699808 0.025820773010653667 -0.033835311885630132 -0.035672132948394691 -0.033135355657319919 -0.031964648844357096
leaf_weight=1.2553090453147873 12.528707690536974 733.30002044886351 51.015185981988907 30.656985443085432 86.48043368011713 184.32531064003706 220.21749900653958 64.804652251303196 1.7076146304607389 2.3259479254484177 1.9703823812305925 1.363283324986696
leaf_count=29 24 2239 146 127 314 496 687 148 19 18 25 26
internal_value=0.00244978 0.0026741 0.010263 -0.00763461 0.00168852 0.00356608 -0.00392905 0.0169364 -0.0335383 -0.0348945 -0.0323462 -0.0317524
internal_weight=1391.95 1383.33 159.006 43.1857 1224.32 917.625 306.698 115.82 8.62254 4.03356 4.58897 2.61859
internal_count=4298 4181 445 151 3736 2735 1001 294 117 37 80 55
is_linear=0
shrinkage=0.03


Tree=90
num_leaves=13
num_cat=0
split_feature=7 9 18 6 1 4 10 5 26 12 26 12
split_gain=12.2857 11.3828 26.3434 17.7762 13.1876 26.1572 24.0851 10.9813 8.68707 7.16815 10.8451 7.28796
threshold=1138091.9525000004 5.4609530156335397 0.006999541439397584 79707.000000000015 0.029596736836521004 157.50000000000003 -0.0043526131924336636 0.015063736778219098 0.0083906851056860226 -0.00017010575009506149 0.00055206476524020671 -0.0343086813803547
decision_type=2 2 2 2 2 2 2 2 2 2 2 2
left_child=8 4 7 -4 5 -2 -6 -3 9 11 -11 -1
right_child=1 2 3 -5 6 -7 -8 -9 -10 10 -12 -13
leaf_value=0.020694363621247078 -0.0071628825762152497 -0.027356392312014633 -0.028289329358798705 0.0088041008348836644 -0.00033824964640951597 0.0063155131481010488 0.011173348942588581 0.02744490057030731 0.046753964778683023 0.040185886084523566 -0.036534421202991947 -0.028952190529954652
leaf_weight=2.9548329636454573 236.06772864237428 44.355611760169268 13.445465482771395 85.99701215326786 272.66244622319937 287.28950573503971 408.86175318434834 3.5546378046274176 1.9896190166473378 4.1938271261751643 2.7427896037697792 26.775025650858883
leaf_count=11 820 227 61 216 752 860 1028 10 6 18 26 263
internal_value=0.00237819 0.0028549 -0.00501579 0.00378875 0.00381746 0.000235891 0.00656782 -0.0232905 -0.0142978 -0.0176107 0.00985011 -0.0240178
internal_weight=1390.89 1352.23 147.353 99.4425 1204.88 523.357 681.524 47.9102 38.6561 36.6665 6.93662 29.7299
internal_count=4298 3974 514 277 3460 1680 1780 237 324 318 44 274
is_linear=0
shrinkage=0.03


Tree=91
num_leaves=13
num_cat=0
split_feature=29 13 25 26 28 26 26 26 18 22 22 22
split_gain=11.8622 10.9552 13.7752 26.9852 16.5594 10.2787 11.5845 3.52548 0.0138019 0.00341324 0.00260104 0.000518397
threshold=0.019982888506241938 0.068215171959300339 -0.0003944043076717358 -0.0051474200736397928 0.0016514856706810902 0.0028305690662040702 0.0021565961578695588 0.0057106256065224872 0.0043662230327501514 189500939.02450004 134695873.70250002 36885017.461000003
decision_type=2 2 2 2 2 2 2 2 2 2 2 2
left_child=8 2 3 -2 -4 6 -3 -7 10 -10 11 -1
right_child=1 5 4 -5 -6 7 -8 -9 9 -11 -12 -13
leaf_value=-0.031461782368860325 -0.049472973030222536 0.010065372850828551 0.0027544208468348115 0.01286049311729138 -0.0055959335572835492 0.037972461099425717 -0.031508795307538737 0.016090681190905731 -0.03379351356769518 -0.035569380312677361 -0.033353486270798989 -0.032260942670788738
leaf_weight=1.8679760396480545 6.528211146593093 66.060549855232239 841.15455768629909 147.02231023088098 286.54626726359129 14.57855896651745 6.6382885575294486 12.149008259177206 1.8953481279313567 2.0039446800947189 1.3526144102215765 1.1997121647000311
leaf_count=45 31 151 2564 401 961 25 22 26 21 16 16 19
internal_value=0.00230967 0.00252487 0.00178045 0.0102104 0.000632614 0.0121178 0.00626915 0.0280261 -0.0334052 -0.0347062 -0.0322575 -0.0317743
internal_weight=1389 1380.68 1281.25 153.551 1127.7 99.4264 72.6988 26.7276 8.3196 3.89929 4.4203 3.06769
internal_count=4298 4181 3957 432 3525 224 173 51 117 37 80 64
is_linear=0
shrinkage=0.03


Tree=92
num_leaves=15
num_cat=0
split_feature=13 9 25 25 25 24 0 24 5 11 20 23 25 25
split_gain=11.596 18.0337 19.852 22.0813 14.2641 12.3195 27.7803 27.6074 9.86904 22.8166 22.8445 14.3431 11.5425 38.859
threshold=0.030032103949050554 1.4532530813411066 -9.7102269467849909e-05 0.00016799464110221602 -0.00022115147749914168 0.47913732631822875 0.00014387966383373906 0.58997991942544969 -0.014074296438337108 0.011512006111822315 0.0010178705376514693 1.2234420490216737 0.00025121373136027418 0.00027196287688886013
decision_type=2 2 2 2 2 2 2 2 2 2 2 2 2 2
left_child=1 2 4 -4 -1 6 -3 -7 9 11 -11 -2 -10 -14
right_child=8 5 3 -5 -6 7 -8 -9 12 10 -12 -13 13 -15
leaf_value=0.0073423728824947264 -0.0037216284998459041 -0.0015650949064538399 -0.011721301726992081 0.0078146187444069707 0.032871062695045833 0.012346077316841739 -0.042236690055624991 -0.012964242392016304 0.0075220740991939934 0.010989454340329562 -0.050235703236945657 -0.057796836809072966 -0.054082532763535085 0.0024384982438503773
leaf_weight=65.602553073316813 7.5550052821636227 35.062307327985764 100.63537307456136 107.90393647179008 28.151151482015848 62.439787641167641 26.567157091572881 102.38318808749318 581.3209628071636 46.069431155920029 6.2260849475860587 10.620184898376463 11.595780394971369 195.81275720149279
leaf_count=197 21 164 412 371 63 220 157 490 1450 109 26 48 53 517
internal_value=0.00224212 -0.0012534 0.00354189 -0.00161288 0.0150078 -0.00765467 -0.0190978 -0.00337595 0.00439324 -0.00636327 0.00370024 -0.035319 0.00535431 -0.000721475
internal_weight=1387.95 528.745 302.293 208.539 93.7537 226.452 61.6295 164.823 859.2 70.4707 52.2955 18.1752 788.73 207.409
internal_count=4298 2074 1043 783 260 1031 321 710 2224 204 135 69 2020 570
is_linear=0
shrinkage=0.03


Tree=93
num_leaves=13
num_cat=0
split_feature=7 28 28 28 4 28 25 26 6 26 26 20
split_gain=11.4908 11.5659 43.1824 31.0425 25.9589 21.2203 8.82448 8.20733 7.81133 6.84569 14.5971 2.81265
threshold=1138091.9525000004 -0.00061082415915621158 -0.00069349392060976008 4.5998217945309541e-05 132.50000000000003 0.00019137072142894282 -2.2102345680785784e-05 0.0083906851056860226 323885.00000000006 -1.0000000180025095e-35 -0.0006338619197620701 -0.029298646244547037
decision_type=2 2 2 2 2 2 2 2 2 2 2 2
left_child=7 2 4 6 -2 -5 -3 9 -4 10 -1 -11
right_child=1 3 8 5 -6 -7 -8 -9 -10 11 -12 -13
leaf_value=-0.015727534775293345 -0.0082448119685654114 0.025681398295584763 -0.032320864885564835 -0.023435891594607759 0.0057883769735463343 0.0031502577782385891 0.011143165578888862 0.044967534773565736 -0.075278927738833573 -0.0031058723177012364 0.059311335179989398 -0.035869693715553527
leaf_weight=15.650964118540289 186.46348627656698 61.660007879137993 9.4683496467769128 28.223799869418144 326.1401133146137 633.4419257864356 96.200977735221386 2.0074636414647093 6.3742847442626944 2.8019225671887407 2.7418549470603457 14.888520581647754
leaf_count=131 630 133 38 107 925 1870 244 6 27 19 8 160
internal_value=0.00217749 0.00263666 -0.000823942 0.00486812 0.000683697 0.00201621 0.0168218 -0.0140718 -0.049605 -0.0173564 -0.00454134 -0.0306804
internal_weight=1386.06 1347.97 528.446 819.527 512.604 661.666 157.861 38.0907 15.8426 36.0833 18.3928 17.6904
internal_count=4298 3974 1620 2354 1555 1977 377 324 65 318 139 179
is_linear=0
shrinkage=0.03


Tree=94
num_leaves=13
num_cat=0
split_feature=29 1 17 9 21 14 1 6 3 1 7 29
split_gain=11.2616 13.0626 12.1873 16.939 13.1846 10.6855 12.1893 11.0307 13.9493 9.39702 0.0513699 0.00531645
threshold=0.055984192898215462 0.010081625177008639 0.0069439235713015159 5.4609530156335397 961390.50000000012 0.97622084963272115 0.049359724049828947 111742.50000000001 0.93136075666993823 0.030588162002902288 1573517.6110000003 0.03578843737668027
decision_type=2 2 2 2 2 2 2 2 2 2 2 2
left_child=1 10 3 -3 -4 7 -7 9 -9 -2 11 -1
right_child=5 2 4 -5 -6 6 -8 8 -10 -11 -12 -13
leaf_value=-0.033825883027278618 0.0053674984371699149 0.0010063277503136534 -0.0050990997741931672 -0.011939057269902041 0.021489916021038561 -0.046247369574235697 0.014827545132362837 0.004997861016942262 -0.019291561770096836 0.021077459759828485 -0.039167490891853965 -0.03601806702938995
leaf_weight=3.0780756305903179 66.373321726918221 662.73841600865126 26.044415637850761 105.44448374956846 47.207405686378479 7.4417128264904004 4.8627994507551193 362.93187145888805 22.604864344000816 70.842288315296173 4.0919314250349998 1.4717076942324636
leaf_count=35 159 2359 84 417 99 27 12 857 67 142 27 13
internal_value=0.0021135 -3.2577e-05 0.000344298 -0.000770618 0.0120363 0.00552311 -0.0221103 0.00617354 0.00357372 0.0134783 -0.0367285 -0.034535
internal_weight=1385.13 850.076 841.435 768.183 73.2518 535.057 12.3045 522.752 385.537 137.216 8.64171 4.54978
internal_count=4298 3034 2959 2776 183 1264 39 1225 924 301 75 48
is_linear=0
shrinkage=0.03


Tree=95
num_leaves=13
num_cat=0
split_feature=13 26 7 7 7 25 25 5 27 10 8 18
split_gain=10.8535 11.618 10.9862 11.7996 10.9672 13.1351 19.541 13.2754 12.0169 16.8013 10.4835 0.0401071
threshold=0.016542317134370484 -0.0083627276855242332 290774677.07400006 121325297.24750002 309266136.45150012 0.00030295460938608334 0.00036884631460968323 -0.012104145524826916 -0.038562590401446946 -0.010010657713271488 0.014013208434734753 0.0041832303391233011
decision_type=2 2 2 2 2 2 2 2 2 2 2 2
left_child=1 -1 3 -3 8 7 -7 -6 10 -10 -2 -4
right_child=4 2 11 -5 5 6 -8 -9 9 -11 -12 -13
leaf_value=0.048594879484993275 0.017100967802210796 -0.011610556266040555 -0.03616391997686897 0.019175165523359242 -0.014623763720357589 -0.051933644076528271 0.0030639768938903757 0.015362980939143785 -0.0058707125884609485 0.0029768116296184878 -0.027623753335886386 -0.039856926203118356
leaf_weight=3.1456698514521113 62.851189851760864 62.011718392372131 4.5622952207922918 13.67617644369602 14.541780412197111 6.9309715628623954 36.089829817414284 153.99965779483318 259.60049599036574 754.90161332115531 5.0995946973562232 6.3034852966666222
leaf_count=11 138 426 34 53 45 27 91 343 827 2249 17 37
internal_value=0.00205235 -0.00803921 -0.0100975 -0.00604783 0.00275188 0.00899908 -0.00579655 0.0127757 0.00153088 0.000712823 0.0137445 -0.0383063
internal_weight=1383.71 89.6993 86.5537 75.6879 1294.02 211.562 43.0208 168.541 1082.45 1014.5 67.9508 10.8658
internal_count=4298 561 550 479 3737 506 118 388 3231 3076 155 71
is_linear=0
shrinkage=0.03


Tree=96
num_leaves=13
num_cat=0
split_feature=29 28 28 28 4 28 22 6 18 22 7 22
split_gain=11.0195 10.6111 33.6086 28.728 26.4489 21.2368 11.8355 9.69325 0.0122385 0.00291912 0.00229711 0.000265882
threshold=0.019982888506241938 -0.00061082415915621158 -0.00069349392060976008 4.5998217945309541e-05 132.50000000000003 0.00019137072142894282 208672203.00400004 34121.000000000007 0.0043662230327501514 189500939.02450004 5764194.3420000011 36885017.461000003
decision_type=2 2 2 2 2 2 2 2 2 2 2 2
left_child=8 2 4 7 -2 -5 -4 -3 10 -10 11 -1
right_child=1 3 6 5 -6 -7 -8 -9 9 -11 -12 -13
leaf_value=-0.031377103643120935 -0.0085914645200355494 -0.0019514609036760265 -0.0083195207022043974 -0.023440088689137745 0.0053991311689585084 0.0027477916369418342 -0.061027400929785251 0.01889624168665209 -0.033630112653838709 -0.035305320420018708 -0.033036547481511976 -0.032022721426032907
leaf_weight=1.7655104119330638 192.09077551215887 23.572136308997869 5.8768758773803738 29.125767894089222 331.45884347707033 646.20245400816202 11.031337343156336 135.18755377829075 1.8208995312452319 1.9267960190773008 1.5771405547857282 0.85071961395442475
leaf_count=45 678 92 21 116 957 1973 45 299 21 16 20 15
internal_value=0.00199249 0.00219607 -0.00107845 0.00431784 0.00026597 0.00161835 -0.0427074 0.0158008 -0.0332456 -0.0344914 -0.0321322 -0.031587
internal_weight=1382.49 1374.55 540.458 834.088 523.55 675.328 16.9082 158.76 7.94107 3.7477 4.19337 2.61623
internal_count=4298 4181 1701 2480 1635 2089 66 391 117 37 80 60
is_linear=0
shrinkage=0.03


Tree=97
num_leaves=14
num_cat=0
split_feature=29 29 15 20 20 25 5 11 22 17 13 22 6
split_gain=10.6264 10.28 13.0715 12.9138 11.4333 10.7611 4.65091 4.38943 0.0105688 0.00371877 0.000900559 0.000792545 3.92056e-05
threshold=0.019982888506241938 0.096938677093608802 0.023874674876962401 -0.006217378339717714 0.023530193858902908 -0.0003944043076717358 0.0049878251348085389 0.010937792636751336 63002447.315500014 0.0010494741391454097 0.01467564607984231 37911880.055000007 15159.000000000002
decision_type=2 2 2 2 2 2 2 2 2 2 2 2 2
left_child=8 2 5 7 -5 -2 -4 -3 11 10 -10 12 -1
right_child=1 3 6 4 -6 -7 -8 -9 9 -11 -12 -13 -14
leaf_value=-0.031220844966563143 0.0087230087026668041 0.013921023526703753 0.025928500927296105 -0.031540894088283901 0.019458779419529101 0.00018289691666280127 -0.0011402180365103103 0.037636485320276435 -0.032572995869618121 -0.034817386949232296 -0.033738343539047547 -0.032437987153113232 -0.031489122169003604
leaf_weight=0.8950983546674246 150.2138685323298 11.776345267891886 26.464255303144455 7.7737538367509833 8.0561749488115293 1144.9406696669757 7.2854312658309928 17.4057707041502 1.1960052698850634 2.4552308842539787 1.1912867277860639 0.90874918550252903 1.0839471239596603
leaf_count=25 430 25 53 26 17 3583 19 28 17 22 13 14 26
internal_value=0.00193393 0.00213128 0.00165369 0.0162313 -0.00558612 0.00117339 0.0200853 0.0280662 -0.033141 -0.0339976 -0.0331545 -0.0317046 -0.0313678
internal_weight=1381.65 1373.92 1328.9 45.012 15.8299 1295.15 33.7497 29.1821 7.73032 4.84252 2.38729 2.88779 1.97905
internal_count=4298 4181 4085 96 43 4013 72 53 117 52 30 65 51
is_linear=0
shrinkage=0.03


Tree=98
num_leaves=13
num_cat=0
split_feature=20 26 26 26 3 23 21 20 29 25 18 29
split_gain=10.2744 13.3585 24.8725 17.6257 14.7825 10.7003 9.82652 8.56583 7.41647 3.88514 2.93513 0.545139
threshold=0.03518014595241422 0.0058195437962758221 0.0054208257523233015 0.0050774932122512216 0.013563188084995074 1.5370399871844214 3667497.0000000005 -0.015738200362254606 0.07106009482170024 -0.00013553651067079432 0.01437129413665585 0.045590472446786538
decision_type=2 2 2 2 2 2 2 2 2 2 2 2
left_child=1 2 3 -1 11 -6 8 -4 9 -2 -8 -3
right_child=6 4 7 -5 5 -7 10 -9 -10 -11 -12 -13
leaf_value=0.0017730642311079492 0.028790508844502689 -0.038503471374477308 0.036278201797581157 -0.034250636454992156 -0.01117965387046019 0.011168983262023143 0.038656564035339153 0.011484284674594848 -0.029510093871065998 0.0016020738463731201 0.016950821610816822 -0.054682701498512169
leaf_weight=1157.8556240573525 7.0769669115543428 3.0955164283514014 23.242887638509274 12.354404449462889 76.913136402145028 25.732042979449034 13.448526933789255 27.235756304115057 5.1444059610366812 14.264665096998213 9.615837022662161 4.7507946342229843
leaf_count=3625 13 22 50 49 272 73 22 75 17 39 21 20
internal_value=0.00187728 0.001378 0.00228215 0.00139275 -0.00861094 -0.00557709 0.0152907 0.0229006 0.00282378 0.0106179 0.0296072 -0.0482997
internal_weight=1380.73 1331.18 1220.69 1170.21 110.491 102.645 49.5504 50.4786 26.486 21.3416 23.0644 7.84631
internal_count=4298 4186 3799 3674 387 345 112 125 69 52 43 42
is_linear=0
shrinkage=0.03


Tree=99
num_leaves=15
num_cat=0
split_feature=7 17 3 5 23 9 16 15 29 0 20 5 8 29
split_gain=10.2781 13.275 16.9678 24.3284 17.0508 13.1796 9.8616 9.81447 11.2191 12.582 9.77841 5.70155 5.34082 2.5392
threshold=6551797.2115000011 0.0031721471312441654 0.56400842004381224 0.0029150523175793786 3.8740625669975022 0.5215962505783337 0.58333333333333337 0.023874674876962401 0.096938677093608802 -0.0029833565566028271 -0.006217378339717714 0.0049878251348085389 -0.0099702642681158745 0.043082768800115773
decision_type=2 2 2 2 2 2 2 2 2 2 2 2 2 2
left_child=1 2 3 -1 -4 13 -7 8 9 -2 -10 12 -9 -3
right_child=7 5 4 -5 -6 6 -8 11 10 -11 -12 -13 -14 -15
leaf_value=-0.0074509123505322548 0.011709598239306923 -0.012718104907919432 -0.02471931563929634 0.031331867110562912 0.02566021117439158 0.025472231819586161 0.0006539863190688659 -0.00038290022489267115 0.028422916547520469 0.00085450186839706012 -0.0043068941962114624 -0.00424662846435374 0.032507257430609435 -0.049844733864315087
leaf_weight=79.886075770482421 106.67126420140266 3.1297395601868621 62.219942966476083 17.800965562462807 6.6969352513551703 26.926604472100735 30.997337847948074 5.6568214893341091 26.78474922478199 969.75364011526108 11.849838197231291 7.4643796682357779 20.715275973081589 3.5255468189716339
leaf_count=426 271 15 389 63 21 83 110 15 48 2752 31 20 38 16
internal_value=0.00182198 -0.0039495 -0.00842523 -0.000383742 -0.0198237 0.00759715 0.012191 0.00298333 0.00250031 0.00193022 0.0183842 0.0189007 0.0254523 -0.0323854
internal_weight=1380.08 231.183 166.604 97.687 68.9169 64.5792 57.9239 1148.9 1115.06 1076.42 38.6346 33.8365 26.3721 6.65529
internal_count=4298 1123 899 489 410 224 193 3175 3102 3023 79 73 53 31
is_linear=0
shrinkage=0.03


Tree=100
num_leaves=14
num_cat=0
split_feature=29 28 28 28 4 28 4 6 22 17 22 1 28
split_gain=10.154 9.98292 31.3337 26.9646 24.7641 19.922 11.3438 9.10084 0.00973624 0.00342575 0.000684071 0.000525428 5.34836e-05
threshold=0.019982888506241938 -0.00061082415915621158 -0.00069349392060976008 4.5998217945309541e-05 132.50000000000003 0.00019137072142894282 27.500000000000004 34121.000000000007 63002447.315500014 0.0010494741391454097 37911880.055000007 0.027452455220523711 0.0009537828704096052
decision_type=2 2 2 2 2 2 2 2 2 2 2 2 2
left_child=8 2 4 7 -2 -5 -4 -3 10 11 12 -10 -1
right_child=1 3 6 5 -6 -7 -8 -9 9 -11 -12 -13 -14
leaf_value=-0.031176528430814282 -0.0084961224959692709 -0.0020257593101655437 -0.012865812264935779 -0.02289881836021003 0.005053476599993249 0.0025000012651650895 -0.062493568314795578 0.018187803772292541 -0.032608056633522904 -0.034668690497746221 -0.032331341436730901 -0.033510991651165112 -0.031496024896126767
leaf_weight=1.0665293354541057 191.718764629215 23.558672867715359 7.2204077914357212 29.046337697654963 330.97336143627763 644.54571168497205 9.7330463081598264 134.46524672210217 1.1815646328032019 2.3947246819734573 0.87296635657548893 1.1392822563648222 0.84528704732656468
leaf_count=31 678 92 23 116 957 1973 43 299 17 22 14 13 20
internal_value=0.00176888 0.00195929 -0.0012183 0.00402126 8.36057e-05 0.00140476 -0.0413573 0.0151743 -0.033042 -0.0338727 -0.0316355 -0.0330513 -0.0313178
internal_weight=1378.76 1371.26 539.646 831.616 522.692 673.592 16.9535 158.024 7.50035 4.71557 2.78478 2.32085 1.91182
internal_count=4298 4181 1701 2480 1635 2089 66 391 117 52 65 30 51
is_linear=0
shrinkage=0.03


Tree=101
num_leaves=14
num_cat=0
split_feature=29 1 28 28 7 6 28 3 13 0 0 7 7
split_gain=9.94278 12.2008 10.962 16.7207 16.1346 10.1413 12.1004 11.5461 10.7615 12.2077 5.91737 0.0457728 0.00814186
threshold=0.055984192898215462 0.010081625177008639 -0.00061082415915621158 0.0015549585113555982 1322158603.3199999 111742.50000000001 0.0049372650874768649 0.93136075666993823 0.057179118391388346 0.0041120688805032796 -0.0048658803655162244 2043883.5705000004 889829.93850000005
decision_type=2 2 2 2 2 2 2 2 2 2 2 2 2
left_child=1 11 4 -4 -3 8 7 -7 9 -2 -10 12 -1
right_child=5 2 3 -5 -6 6 -8 -9 10 -11 -12 -13 -14
leaf_value=-0.033897179198074404 0.010188012572727582 -0.0032870617101699888 0.0070392178910290894 -0.0039531677024858313 -0.047533791575787396 0.0045069977775026989 -0.034632800027203182 -0.017474896488942643 -0.017342791921539941 -0.030036170434134282 0.032039013474788242 -0.039413742966173795 -0.036336310849672628
leaf_weight=3.4296704959124309 105.23498445749283 308.61706407181919 317.4446579311043 204.94668558612466 7.5998127385973921 358.54325222969055 7.7682942599058142 22.877684205770493 2.3772443532943752 7.2588712126016608 26.855392053723335 2.9771095961332321 1.921858064830303
leaf_count=40 240 1149 998 779 33 852 27 67 7 24 47 20 15
internal_value=0.00171694 -0.000300785 5.80512e-05 0.00272664 -0.00435047 0.00493568 0.0024336 0.00318852 0.0118065 0.00759247 0.0280232 -0.0364319 -0.0347731
internal_weight=1377.85 846.937 838.608 522.391 316.217 530.916 389.189 381.421 141.726 112.494 29.2326 8.32864 5.35153
internal_count=4298 3034 2959 1777 1182 1264 946 919 318 264 54 75 55
is_linear=0
shrinkage=0.03


Tree=102
num_leaves=13
num_cat=0
split_feature=29 25 26 22 29 9 14 29 18 16 22 22
split_gain=9.73639 9.42819 32.0559 13.8407 12.0187 12.0497 9.54667 0.389143 0.00904774 0.00220352 0.00172249 0.000306444
threshold=0.019982888506241938 -0.0003944043076717358 -0.0051474200736397928 40924800.608500011 0.096938677093608802 0.5215962505783337 0.82115805211324167 0.046990592787040306 0.0043662230327501514 0.58333333333333337 134695873.70250002 36885017.461000003
decision_type=2 2 2 2 2 2 2 2 2 2 2 2
left_child=8 2 7 -4 5 -3 -6 -2 10 -10 11 -1
right_child=1 4 3 -5 6 -7 -8 -9 9 -11 -12 -13
leaf_value=-0.031243420110359542 -0.042716374217450372 -0.010839301215016351 -0.028831025720192319 0.014021840332578755 0.022810915146857617 0.0012132922138300983 -0.015457518933605722 -0.056098831289919139 -0.03315103738652115 -0.034687996851861518 -0.032877330577284258 -0.031906625680927614
leaf_weight=1.6067933440208433 3.5579621791839591 80.140135027468204 7.1272545196115962 140.55088411271572 35.889305293560028 1090.6520144157112 7.0134742856025687 4.3422975987195969 1.4385053887963297 2.0162069424986839 1.1901180520653722 1.0283536687493322
leaf_count=45 19 297 49 359 70 3348 21 18 19 18 16 19
internal_value=0.00166708 0.00185105 0.00880402 0.0119537 0.000959775 0.000388298 0.016555 -0.0500719 -0.0329351 -0.034048 -0.0319301 -0.0315022
internal_weight=1376.55 1369.27 155.578 147.678 1213.69 1170.79 42.9028 7.90026 7.27998 3.45471 3.82527 2.63515
internal_count=4298 4181 445 408 3736 3645 91 37 117 37 80 64
is_linear=0
shrinkage=0.03


Tree=103
num_leaves=13
num_cat=0
split_feature=13 25 26 28 28 28 20 26 26 1 26 13
split_gain=9.5492 11.277 23.861 14.8477 26.0334 25.3386 13.568 9.48758 10.8714 6.59162 3.41187 0.215348
threshold=0.068215171959300339 -0.0003944043076717358 -0.0051474200736397928 0.0016514856706810902 0.00083016527422017782 0.0025768289297380454 -0.0019522652633858211 0.0028305690662040702 0.0021565961578695588 0.026871300300617549 0.0057106256065224872 0.031624225251675402
decision_type=2 2 2 2 2 2 2 2 2 2 2 2
left_child=1 2 11 4 -3 -5 -4 8 9 -2 -9 -1
right_child=7 3 6 5 -6 -7 -8 10 -10 -11 -12 -13
leaf_value=-0.041591005997673007 0.027821381228863556 -0.00074273232474447444 0.016315539020477297 -0.020274151198043572 0.012433396785727375 -0.0004214823103065374 -0.0050457957104598885 0.036254525276621978 -0.031601187935727131 0.0039769019863158447 0.014354288378046079 -0.052775738659347843
leaf_weight=2.6442158371210089 13.070566296577452 671.55717140249908 109.78322151303291 80.509689657017589 168.90029532834888 205.68120195530355 35.386797841638327 14.043819323182108 6.6102066785097113 51.730638757348061 11.766391381621359 3.7414775788784027
leaf_count=15 25 2165 299 309 475 681 113 25 22 126 26 17
internal_value=0.00161839 0.000928994 0.0086119 -0.000104504 0.00190517 -0.00600633 0.0111085 0.0106821 0.00504791 0.00878639 0.0262706 -0.0481443
internal_weight=1375.43 1278.2 151.556 1126.65 840.457 286.191 145.17 97.2216 71.4114 64.8012 25.8102 6.38569
internal_count=4298 4074 444 3630 2640 990 412 224 173 151 51 32
is_linear=0
shrinkage=0.03


Tree=104
num_leaves=15
num_cat=0
split_feature=9 18 6 20 1 4 10 26 10 9 26 15 5 22
split_gain=9.55255 23.2786 18.2071 18.2625 12.9933 24.0403 21.1603 16.4246 13.1156 12.6911 11.667 9.88332 12.636 7.63486
threshold=5.4609530156335397 0.006999541439397584 79707.000000000015 -0.064267769040391637 0.029596736836521004 157.50000000000003 -0.0072808296554481115 -0.0073223439766216545 -0.015153304984223369 0.36876117336910136 -0.0061003589977277574 0.010816969613488856 0.015063736778219098 95981767.769500002
decision_type=2 2 2 2 2 2 2 2 2 2 2 2 2 2
left_child=4 11 13 -4 5 7 8 -1 -6 -7 -8 12 -2 -3
right_child=1 2 3 -5 6 9 10 -9 -10 -11 -12 -13 -14 -15
leaf_value=0.017803462877648519 -0.03256466752571964 -0.002078534272105075 -0.024037043210615783 0.013885758597004017 0.0021853503424894313 -0.025650451982244134 -0.024125248822368543 -0.010158030893892453 -0.013854996422284277 0.0059892930945055368 0.0098753558187687964 0.017146077441670685 0.026344652979203471 -0.047212271992360486
leaf_weight=20.603208728134632 38.955651193857193 5.6427058503031722 13.602535128593443 71.519254721701145 179.05305287241936 11.880091071128843 9.2801806703209859 229.61511024832726 61.682391606271267 288.21159017272294 427.4896066468209 4.9584830105304709 3.5780539475381365 8.3867750689387304
leaf_count=66 216 21 45 171 466 54 32 908 206 929 1114 14 12 44
internal_value=0.00157108 -0.00566578 0.00260659 0.00782566 0.00243541 -0.000988852 0.0052168 -0.00785566 -0.00192458 0.00473673 0.00915293 -0.0229363 -0.0276091 -0.0290593
internal_weight=1374.46 146.643 99.1513 85.1218 1227.82 550.31 677.505 250.218 240.735 300.092 436.77 47.4922 42.5337 14.0295
internal_count=4298 523 281 216 3775 1957 1818 974 672 983 1146 242 228 65
is_linear=0
shrinkage=0.03


Tree=105
num_leaves=13
num_cat=0
split_feature=29 28 28 28 4 28 21 25 18 22 22 22
split_gain=9.30142 8.89684 29.5831 25.2503 22.8699 18.8944 11.0236 8.795 0.00811547 0.00208564 0.00159668 0.000266434
threshold=0.019982888506241938 -0.00061082415915621158 -0.00069349392060976008 4.5998217945309541e-05 132.50000000000003 0.00019137072142894282 631876.50000000012 -2.2102345680785784e-05 0.0043662230327501514 220890067.97400001 134695873.70250002 36885017.461000003
decision_type=2 2 2 2 2 2 2 2 2 2 2 2
left_child=8 2 4 7 -2 -5 -4 -3 10 -10 11 -1
right_child=1 3 6 5 -6 -7 -8 -9 9 -11 -12 -13
leaf_value=-0.031207329398626606 -0.0082953464913852592 0.02341152383638671 -0.0014939903556721054 -0.022573094932496682 0.0047516120727626896 0.0021886409390380682 -0.05547288154710886 0.0088390147811907623 -0.033296391790917049 -0.034826194784484295 -0.032795496788771035 -0.031835594241447544
leaf_weight=1.5611859280616043 190.97974414750934 60.81492854654789 4.7279279455542591 28.985941428691149 329.60153437778354 642.18987852334976 12.169045485556124 96.294762276113033 2.0054099261760716 1.3366739973425863 1.1558725014328954 0.99447790905833233
leaf_count=45 678 136 15 116 957 1973 51 255 25 12 16 19
internal_value=0.00152556 0.00170302 -0.00130279 0.0036535 -3.47775e-05 0.00111926 -0.0403691 0.0144798 -0.0328359 -0.0339082 -0.0318703 -0.0314518
internal_weight=1372.82 1365.76 537.478 828.286 520.581 671.176 16.897 157.11 7.05362 3.34208 3.71154 2.55566
internal_count=4298 4181 1701 2480 1635 2089 66 391 117 37 80 64
is_linear=0
shrinkage=0.03


Tree=106
num_leaves=13
num_cat=0
split_feature=20 9 6 25 15 9 29 21 15 22 6 6
split_gain=9.12068 10.7267 14.882 12.5214 9.90474 25.5146 15.6829 9.25867 9.77922 7.11256 6.08425 2.30241
threshold=0.03518014595241422 5.4609530156335397 79707.000000000015 -9.7709296755255009e-05 0.013322758915132972 0.82217232997311929 0.096938677093608802 3667497.0000000005 0.015463546367275446 75411305.452500001 77151.000000000015 1147073.0000000002
decision_type=2 2 2 2 2 2 2 2 2 2 2 2
left_child=1 4 9 -4 6 -6 -1 8 -2 -3 -10 -9
right_child=7 2 3 -5 5 -7 -8 11 10 -11 -12 -13
leaf_value=0.002121185832545028 -0.030527848387588149 -0.0061135178518132395 -0.022477300352526413 0.0030319693779157124 -0.041374033335281418 -0.00010303484564698415 0.023903442197108542 0.019303574864784633 0.026536087838537611 -0.037410119186691043 -0.0071135430587738026 0.038589332894453432
leaf_weight=1062.4685775078833 6.2695548422634628 10.174752462655308 21.465799048542976 89.627499204128981 16.46093487739563 74.486128881573677 30.605308651924133 11.762309461832048 11.54954354465008 18.271641254425049 8.3196318596601468 10.58473417162895
leaf_count=3357 23 59 83 271 62 198 59 25 23 97 23 18
internal_value=0.0014806 0.00101245 -0.00685463 -0.00189701 0.00193961 -0.00757287 0.00273107 0.0142601 0.00213865 -0.0262159 0.0124463 0.0284383
internal_weight=1372.05 1323.56 139.54 111.093 1184.02 90.9471 1093.07 48.4858 26.1387 28.4464 19.8692 22.347
internal_count=4298 4186 510 354 3676 260 3416 112 69 156 46 43
is_linear=0
shrinkage=0.03


Tree=107
num_leaves=13
num_cat=0
split_feature=13 26 25 24 18 27 11 12 4 1 25 21
split_gain=9.0784 10.8717 10.491 16.0385 9.98495 8.79864 15.9154 15.0144 19.3662 14.774 10.9036 8.8071
threshold=0.016542317134370484 -0.0083627276855242332 -2.2102345680785784e-05 1.0074800106154418 0.0025661671161059003 -0.010836084080789952 0.0035130867077391294 -0.025349377017561039 12.500000000000002 0.030240000052905197 0.00057098146377538347 470379.00000000006
decision_type=2 2 2 2 2 2 2 2 2 2 2 2
left_child=1 -1 3 -3 -4 7 11 10 -9 -8 -2 -7
right_child=5 2 4 -5 -6 6 9 8 -10 -11 -12 -13
leaf_value=0.046480059618050351 0.0036392719768780163 -0.006739081703633105 0.018526378674953888 0.046099041910054879 -0.024906723160772762 -0.0054213415176107612 -0.0015215950656243737 0.011305265818868659 -0.019467889889303258 0.006298247539915031 -0.018662305325917637 0.031718695277208241
leaf_weight=3.1951813772320738 245.10328536480665 33.843639679253101 5.406868463382124 6.1025098673999301 40.048244008794427 7.3150216825306407 387.17176804319024 24.462441481649876 74.331084605306387 496.01469567045569 21.458029687404633 26.795984789729118
leaf_count=11 640 199 60 17 274 34 1273 75 283 1303 69 60
internal_value=0.00143713 -0.0078507 -0.00988341 0.00133291 -0.0197404 0.00207867 0.00364678 -0.0018584 -0.0118481 0.00287018 0.00184401 0.0237541
internal_weight=1371.25 88.5964 85.4013 39.9461 45.4551 1282.65 917.297 365.355 98.7935 883.186 266.561 34.111
internal_count=4298 561 550 216 334 3737 2670 1067 358 2576 709 94
is_linear=0
shrinkage=0.03


Tree=108
num_leaves=13
num_cat=0
split_feature=7 20 9 18 25 28 14 3 4 15 21 24
split_gain=8.97493 9.2903 10.4111 21.4829 9.86508 8.33936 7.88116 5.62266 5.57442 10.9016 4.58533 3.82369
threshold=1138091.9525000004 0.03518014595241422 5.4609530156335397 0.006999541439397584 -0.00036666288137811835 0.00024596161941539387 0.0041887652970657666 0.85507826551095956 97.500000000000014 0.0098677674948466024 4686339.5000000009 0.32037107956676392
decision_type=2 2 2 2 2 2 2 2 2 2 2 2
left_child=6 2 4 -4 -2 7 -1 -3 11 -10 -7 -8
right_child=1 5 3 -5 -6 10 8 -9 9 -11 -12 -13
leaf_value=0.044374651673858859 0.0092487666915490995 0.011288711857109411 -0.023361699361166003 0.0018235417424065283 0.0011481079478113732 0.013119855906539886 0.014810337948340583 -0.031941334918176606 -0.013245581443491455 0.064683617115011846 0.034886368010073526 -0.036096727129983623
leaf_weight=2.0203109811991444 156.69041729532182 6.0346706658601743 45.43778583034873 92.609013468027115 991.18266866356134 21.954201906919479 1.4800838977098454 4.9116576910018921 18.580304628238085 1.7694540731608857 14.439032003283499 12.915879571810363
leaf_count=7 426 14 236 266 2939 50 10 17 165 6 26 136
internal_value=0.00139505 0.00179826 0.00131777 -0.00646612 0.00225389 0.0148502 -0.0132269 -0.00810877 -0.0165762 -0.00646947 0.0217557 -0.0308628
internal_weight=1370.03 1333.26 1285.92 138.047 1147.87 47.3396 36.766 10.9463 34.7457 20.3498 36.3932 14.396
internal_count=4298 3974 3867 502 3365 107 324 31 317 171 76 146
is_linear=0
shrinkage=0.03


Tree=109
num_leaves=13
num_cat=0
split_feature=29 28 28 28 4 28 21 25 18 22 22 22
split_gain=8.83192 8.38959 27.6177 23.8658 21.4463 17.7216 10.7245 8.31774 0.00709083 0.00191157 0.00145623 0.00023671
threshold=0.019982888506241938 -0.00061082415915621158 -0.00069349392060976008 4.5998217945309541e-05 132.50000000000003 0.00019137072142894282 616790.50000000012 -2.2102345680785784e-05 0.0043662230327501514 220890067.97400001 134695873.70250002 36885017.461000003
decision_type=2 2 2 2 2 2 2 2 2 2 2 2
left_child=8 2 4 7 -2 -5 -4 -3 10 -10 11 -1
right_child=1 3 6 5 -6 -7 -8 -9 9 -11 -12 -13
leaf_value=-0.03116723530673849 -0.0081783611874313156 0.022688073953642158 0.00048001140460421973 -0.022043662599631947 0.0044707965950332327 0.0019926137583339961 -0.053563893289836864 0.0084821555384548102 -0.033148490131771957 -0.034639578569343188 -0.032705196425504103 -0.031769486225554297
leaf_weight=1.5063182078301904 190.51073433086276 60.45237035676837 4.507114194333556 28.850600741803646 328.8998885974288 640.16817736625671 12.386485077440737 96.003983851522207 1.9230785444378855 1.2947834730148313 1.1227363646030424 0.96277836151421059
leaf_count=45 678 136 14 116 957 1973 52 255 25 12 16 19
internal_value=0.00135448 0.0015249 -0.00139646 0.00342288 -0.000168693 0.000956079 -0.0391453 0.0139711 -0.0327257 -0.0337485 -0.0318094 -0.0314021
internal_weight=1368.59 1361.78 536.304 825.475 519.411 669.019 16.8936 156.456 6.80969 3.21786 3.59183 2.4691
internal_count=4298 4181 1701 2480 1635 2089 66 391 117 37 80 64
is_linear=0
shrinkage=0.03


Tree=110
num_leaves=15
num_cat=0
split_feature=29 21 5 15 10 12 7 8 6 25 26 6 28 0
split_gain=8.59163 10.885 22.2846 14.3427 12.2957 15.1848 12.5302 10.36 10.2106 12.9829 19.3581 9.90879 6.5601 5.71587
threshold=0.055984192898215462 817930.50000000012 -0.016295540404632658 0.019125215486745815 0.015625658520592025 -0.0188701554111111 38741887.918000005 -0.020962129572046167 111742.50000000001 -0.00087053193906951151 0.0064125877341282981 88360.000000000015 -0.0021949174748075377 0.00018741758747407142
decision_type=2 2 2 2 2 2 2 2 2 2 2 2 2 2
left_child=1 4 7 -4 5 -1 -6 -3 11 -10 -11 12 -2 -13
right_child=8 2 3 -5 6 -7 -8 -9 9 10 -12 13 -14 -15
leaf_value=-0.013110645287367006 0.017977776028948674 -0.0091663006402206218 0.0023789422068694758 0.025663651703453833 -0.011814422106895667 0.002368270532066093 -0.056234665894268974 -0.055289600342078325 0.031768029312004363 0.0027109388846115667 -0.023523684345801019 0.036574039248585474 0.0021826904183887158 0.00941868592051456
leaf_weight=77.986458383500576 34.359048902988434 9.3680549860000628 438.97260710224509 25.17386594414711 63.617320097982883 212.348867719993 6.2794447131454936 8.2363120950758439 12.586346894502638 345.56245100498199 27.314627274870872 18.903144001960758 76.034855246543884 11.056448668241499
leaf_count=312 72 29 1344 51 266 964 29 39 25 835 86 31 189 26
internal_value=0.00131458 -0.000564366 0.00238524 0.00364183 -0.00450898 -0.00178949 -0.0158051 -0.0307454 0.0043233 0.00180069 0.000789156 0.0112513 0.00709876 0.0265525
internal_weight=1367.8 841.983 481.751 464.146 360.232 290.335 69.8968 17.6044 525.817 385.463 372.877 140.353 110.394 29.9596
internal_count=4298 3034 1463 1395 1571 1276 295 68 1264 946 921 318 261 57
is_linear=0
shrinkage=0.03


Tree=111
num_leaves=13
num_cat=0
split_feature=29 28 28 28 4 28 4 6 18 22 7 22
split_gain=8.48618 8.15106 25.98 22.5872 20.2161 16.7725 10.2672 8.35669 0.00631077 0.00163799 0.00132986 0.000127092
threshold=0.019982888506241938 -0.00061082415915621158 -0.00069349392060976008 4.5998217945309541e-05 132.50000000000003 0.00019137072142894282 27.500000000000004 34121.000000000007 0.0043662230327501514 220890067.97400001 5764194.3420000011 36885017.461000003
decision_type=2 2 2 2 2 2 2 2 2 2 2 2
left_child=8 2 4 7 -2 -5 -4 -3 10 -10 11 -1
right_child=1 3 6 5 -6 -7 -8 -9 9 -11 -12 -13
leaf_value=-0.031134128954844551 -0.0080316129088848411 -0.0028470920980024675 -0.010889056248535417 -0.021489159999134727 0.004258984702314627 0.0019224606829670538 -0.058247233241646976 0.016524463873916328 -0.033044877910385163 -0.034446524927610758 -0.032499573199103474 -0.031625925725781497
leaf_weight=1.4660375267267225 190.21329180523753 23.617732595652342 7.171663939952853 28.780353367328644 328.38451766967773 639.45378122851253 9.6826374605298025 132.39101925492287 1.8692343812435868 1.2536092735826967 1.3249716013669965 0.6981258951127528
leaf_count=45 678 92 23 116 957 1973 43 299 25 12 20 15
internal_value=0.0012767 0.00144157 -0.00144031 0.00331372 -0.000249008 0.000914139 -0.0380959 0.0135919 -0.0326279 -0.0336075 -0.031751 -0.0312928
internal_weight=1366.31 1359.69 535.452 824.243 518.598 668.234 16.8543 156.009 6.61198 3.12284 3.48914 2.16416
internal_count=4298 4181 1701 2480 1635 2089 66 391 117 37 80 60
is_linear=0
shrinkage=0.03


Tree=112
num_leaves=12
num_cat=0
split_feature=13 22 25 26 28 0 26 1 7 29 18
split_gain=8.43293 10.6039 10.0446 22.6563 13.718 8.97118 10.4208 6.94077 2.97839 0.0724394 0.0102066
threshold=0.068215171959300339 21313646.734000005 -0.0003944043076717358 -0.0051474200736397928 0.0016514856706810902 0.0044578470435335414 0.0025329014896059133 0.026871300300617549 56976100.403000005 0.054661403642227449 0.0043911656819133468
decision_type=2 2 2 2 2 2 2 2 2 2 2
left_child=1 9 3 -3 -4 6 7 -2 -8 10 -1
right_child=5 2 4 -5 -6 -7 8 -9 -10 -11 -12
leaf_value=-0.032061561180784882 0.025417614401248033 -0.047536254418548828 0.0017722150254824052 0.010611250441969131 -0.0058818383313508343 -0.022432418708037645 0.042199989218835277 0.00071543066076787518 0.020929619184978352 -0.041293960631639336 -0.034463740722748923
leaf_weight=4.2247979231178752 12.894817531108854 6.2981676720082751 831.11013302206993 142.02401103079319 282.3327265791595 7.1776394546031943 9.1359958052635211 49.670225113630295 16.85627718269825 1.0915689468383787 2.5543480645865202
leaf_count=84 25 32 2578 394 954 23 15 125 36 6 26
internal_value=0.00123921 0.0005918 0.000808337 0.00814215 -0.000168603 0.00982519 0.0124397 0.00580661 0.0284059 -0.0341216 -0.0329667
internal_weight=1365.37 1269.64 1261.77 148.322 1113.44 95.735 88.5573 62.565 25.9923 7.87071 6.77915
internal_count=4298 4074 3958 426 3532 224 201 150 51 116 110
is_linear=0
shrinkage=0.03


Tree=113
num_leaves=14
num_cat=0
split_feature=29 20 20 28 25 25 8 28 28 25 9 13 21
split_gain=8.23068 11.6398 10.2935 9.49524 25.004 23.7251 20.3175 19.0048 16.2205 10.0837 4.79476 4.52375 1.89925
threshold=0.096938677093608802 -0.006217378339717714 0.030219434942353979 -0.00061082415915621158 0.00043110765201424605 0.00019121528406831187 0.0033600886550455597 4.5998217945309541e-05 0.00019137072142894282 -2.2102345680785784e-05 1.760162796231419 0.047265715130220896 1545771.5000000002
decision_type=2 2 2 2 2 2 2 2 2 2 2 2 2
left_child=3 11 10 4 5 -1 -6 9 -9 -5 -3 12 -2
right_child=1 2 -4 7 6 -7 -8 8 -10 -11 -12 -13 -14
leaf_value=-0.0054746814278533971 0.022494729260062036 -0.0071271318599786162 0.030550136302636827 0.021996657088182651 -0.010650306591665852 0.0085260455441386954 -0.051063580146121793 -0.02184294595605921 0.0015956496960384747 0.0061572904122669915 -0.048249885079853873 0.0096977828745337582 0.042584921346977285
leaf_weight=277.2790415585041 6.9605935513973298 6.624610170722006 4.6219490468502036 59.652497489005327 46.411507688462734 179.41414573602378 14.755583740770815 27.755667353048921 623.73830383643508 91.903156423941255 4.1505879163742065 10.255717456340788 10.815536767244337
leaf_count=934 14 18 9 135 163 546 69 117 1983 255 16 23 16
internal_value=0.00120298 0.0140536 -0.00690249 0.000780478 -0.00238692 2.55724e-05 -0.0203994 0.00282303 0.000597093 0.0123917 -0.0229675 0.0255643 0.0347182
internal_weight=1364.34 43.429 15.3971 1320.91 517.86 456.693 61.1671 803.05 651.494 151.556 10.7752 28.0318 17.7761
internal_count=4298 96 43 4202 1712 1480 232 2490 2100 390 34 53 30
is_linear=0
shrinkage=0.03


Tree=114
num_leaves=13
num_cat=0
split_feature=22 23 28 13 18 10 6 7 29 0 7 29
split_gain=8.24679 14.2932 13.8327 13.128 12.0352 11.9187 11.4199 16.639 10.4726 5.56498 2.48041 0.42059
threshold=1576889400.2210004 2.1527323905873597 0.0044968650126410662 0.036632793480525637 0.027347698298702407 -0.0074882775066289061 3212391.0000000005 368592080.21150005 0.06816460167034287 -0.00022487449982333814 20527396.419000003 0.026202228363938863
decision_type=2 2 2 2 2 2 2 2 2 2 2 2
left_child=4 2 8 11 6 -5 7 -1 -2 -8 -6 -3
right_child=1 3 -4 5 10 -7 9 -9 -10 -11 -12 -13
leaf_value=-0.00027825884979198247 0.0075150432851744898 -0.042208692968412641 -0.034720523367036675 -0.031319685468214731 0.047950717766691749 0.013939137232929054 0.036818939475751586 -0.03882486346156884 0.025281899029480543 0.0080822524267505826 0.019402112239408041 -0.05751818407162744
leaf_weight=1109.3173380624503 127.25133923813701 3.0708315894007709 5.9896327704191199 8.0597139149904304 3.4123249650001553 14.95144553482532 10.262820467352869 10.170934230089186 39.013267755508423 14.82784343883395 13.881541997194288 3.4066973626613617
leaf_count=3647 333 17 23 28 5 33 17 40 75 37 28 15
internal_value=0.00116762 0.00676646 0.0100704 -0.012533 0.000195461 -0.00191287 -0.000179851 -0.000628468 0.011684 0.0198364 0.0250352 -0.0502603
internal_weight=1363.62 201.743 172.254 29.4887 1161.87 23.0112 1144.58 1119.49 166.265 25.0907 17.2939 6.47753
internal_count=4298 524 431 93 3774 61 3741 3687 408 54 33 32
is_linear=0
shrinkage=0.03


Tree=115
num_leaves=13
num_cat=0
split_feature=29 26 26 23 20 25 7 20 18 22 7 22
split_gain=8.10678 7.87547 22.6955 14.536 13.9741 13.4519 9.61216 7.79898 0.00580344 0.00145434 0.0012203 0.00012848
threshold=0.019982888506241938 0.0058195437962758221 0.0054208257523233015 1.5370399871844214 -0.013085869910239254 -0.001013258929688022 24897890.123 -0.015738200362254606 0.0043662230327501514 220890067.97400001 5764194.3420000011 36885017.461000003
decision_type=2 2 2 2 2 2 2 2 2 2 2 2
left_child=8 2 5 4 -3 -2 -5 -4 10 -10 11 -1
right_child=1 3 7 6 -6 -7 -8 -9 9 -11 -12 -13
leaf_value=-0.031070170245794528 0.033100415883510398 -0.033394147157825481 0.034662249125960318 -0.01263474751081339 -0.0055559160785596841 0.00084057599131111933 0.022639276386694683 0.011100618353149537 -0.03295858360242826 -0.034295807104829296 -0.032411430808880606 -0.031574072789013405
leaf_weight=1.3891222011297939 11.749784238636492 21.413162626326084 22.73150771856308 10.23642421141267 67.027685966342688 1173.0681185685098 21.673797592520714 28.49019431322813 1.821499437093735 1.2237506099045274 1.2895049042999742 0.67748876661062229
leaf_count=45 24 96 49 40 219 3627 48 78 25 12 20 15
internal_value=0.00113347 0.00129242 0.00200573 -0.00603343 -0.0122961 0.0011605 0.0113238 0.021557 -0.0325477 -0.033496 -0.0316872 -0.0312354
internal_weight=1362.79 1356.39 1236.04 120.351 88.4408 1184.82 31.9102 51.2217 6.40137 3.04525 3.35612 2.06661
internal_count=4298 4181 3778 403 315 3651 88 127 117 37 80 60
is_linear=0
shrinkage=0.03


Tree=116
num_leaves=12
num_cat=0
split_feature=1 13 10 28 10 21 0 3 24 6 11
split_gain=8.01585 8.16286 10.7651 16.8161 14.8659 10.575 11.0476 10.3184 3.81548 0.0358632 0.00433389
threshold=0.010081625177008639 0.016542317134370484 -0.0065892210708611973 0.0015549585113555982 0.015074131594052038 1115289.5000000002 -0.0012374221737234379 0.8428288630625872 0.27752316943973426 9507.0000000000018 0.031018899140945407
decision_type=2 2 2 2 2 2 2 2 2 2 2
left_child=8 5 3 -3 -4 6 -2 -7 -1 10 -10
right_child=1 2 4 -5 -6 7 -8 -9 9 -11 -12
leaf_value=0.018832811643959255 -0.028591410092837131 0.00039053338462649752 0.007623806128990716 -0.016998733799286292 -0.00053540672297156824 -0.032451698522434229 0.0060418791561579624 0.007565871022081434 -0.033515014420179401 -0.038468411922983996 -0.035553377888898355
leaf_weight=1.3448593318462352 10.05113050341606 396.15467089042068 447.98628991283476 57.28780672699213 364.48613385111094 22.200901426374916 47.292492251843214 7.8492329753935328 2.6015358660370111 3.2733630798757076 1.4687744453549383
leaf_count=6 89 1147 1270 206 1040 145 288 37 33 24 13
internal_value=0.00110014 0.00128455 0.00189673 -0.00180642 0.00396347 -0.00758305 -2.86077e-05 -0.0219989 -0.0276231 -0.0361306 -0.0342506
internal_weight=1362 1353.31 1265.91 453.442 812.472 87.3938 57.3436 30.0501 8.68853 7.34367 4.07031
internal_count=4298 4222 3663 1353 2310 559 377 182 76 70 46
is_linear=0
shrinkage=0.03


Tree=117
num_leaves=13
num_cat=0
split_feature=22 5 1 22 27 18 6 7 25 11 0 1
split_gain=7.81268 13.7834 13.4503 20.119 12.4118 11.4337 10.8051 15.5368 8.16817 5.7658 5.31571 3.3929
threshold=1576889400.2210004 -0.012104145524826916 0.026003706192947024 2896513682.1530004 0.0050389634814657211 0.027347698298702407 3212391.0000000005 368592080.21150005 -0.000505418529753091 0.0090294624249944774 -0.00022487449982333814 0.031067663267514301
decision_type=2 2 2 2 2 2 2 2 2 2 2 2
left_child=5 4 3 -3 9 6 7 -1 -4 -2 -8 -7
right_child=1 2 8 -5 -6 11 10 -9 -10 -11 -12 -13
leaf_value=-0.0003392063575334964 -0.018681799939234071 0.0075197064049871212 0.041878133178479479 -0.038569132287909091 0.014270614943084582 0.042933374459630406 0.035999110893131188 -0.037558441005285971 0.011173783474979845 -0.066944469013181296 0.0078097187813054563 0.014808266841693913
leaf_weight=1108.2488609272987 4.3228520974516851 27.545034945011139 8.2631755769252759 12.344489157199858 5.3412711024284354 5.8712407052516964 10.154565975070001 10.186937063932417 138.43058089539409 4.5968331545591354 14.788252949714659 11.270993441343306
leaf_count=3647 15 77 17 56 12 9 17 40 328 19 37 24
internal_value=0.00106737 0.00653036 0.00870311 -0.00674327 -0.0218967 0.000121922 -0.000242687 -0.000678207 0.0129033 -0.0435544 0.019286 0.0244412
internal_weight=1361.37 200.844 186.583 39.8895 14.261 1160.52 1143.38 1118.44 146.694 8.91969 24.9428 17.1422
internal_count=4298 524 478 133 46 3774 3741 3687 345 34 54 33
is_linear=0
shrinkage=0.03


Tree=118
num_leaves=15
num_cat=0
split_feature=28 28 28 4 26 9 28 7 9 21 6 26 27 6
split_gain=7.80586 23.591 20.0209 19.3025 30.437 21.0173 15.106 18.8432 14.0767 10.7742 8.13274 15.4197 7.24122 2.30259
threshold=-0.00061082415915621158 -0.00069349392060976008 4.5998217945309541e-05 132.50000000000003 -0.0077663797412662943 4.7995054795066379 0.00019137072142894282 114569338.8765 1.903193070004026 583343.00000000012 34121.000000000007 4.746778557185967e-05 0.014257894638823019 323885.00000000006
decision_type=2 2 2 2 2 2 2 2 2 2 2 2 2 2
left_child=1 3 10 4 -1 -5 7 -4 -8 -3 11 -2 -12 -11
right_child=2 9 6 5 -6 -7 8 -9 -10 13 12 -13 -14 -15
leaf_value=0.01505350346887528 -0.027498803751917159 0.0055580495077837515 -0.041719848171445605 0.0060404266540357377 -0.014392160550401824 -0.021484763810998453 0.0046824433188727586 0.0072442188206440633 -0.0047925938159777927 -0.037127778851795579 0.01074509893037276 0.020724206146306833 0.025931030080951979 -0.062676326054351236
leaf_weight=39.95016266964376 12.006209464743735 4.0966040864586857 16.414556261152033 301.33894833736122 151.04420986026525 27.22188925370574 430.19055357202888 12.430262707173823 210.00692511722445 6.1188979707658273 90.133495964109898 11.865507896989582 41.167290389537811 6.5986874103546143
leaf_count=111 57 13 86 871 592 112 1260 34 767 28 218 40 82 27
internal_value=0.00103614 -0.00178067 0.00286922 -0.000648829 -0.00823303 0.00375991 0.000617449 -0.0206195 0.0015743 -0.0367543 0.0125779 -0.00352941 0.0155064 -0.050384
internal_weight=1360.58 536.369 824.215 519.555 190.994 328.561 669.042 28.8448 640.197 16.8142 155.173 23.8717 131.301 12.7176
internal_count=4298 1754 2544 1686 703 983 2147 120 2027 68 397 97 300 55
is_linear=0
shrinkage=0.03


Tree=119
num_leaves=13
num_cat=0
split_feature=29 20 26 26 3 21 15 18 18 22 22 22
split_gain=7.69606 7.48629 10.417 21.1243 13.7132 8.49563 8.93015 3.02304 0.00537799 0.00126512 0.000930938 0.000144451
threshold=0.019982888506241938 0.03518014595241422 0.0058195437962758221 0.0054208257523233015 0.013563188084995074 3667497.0000000005 0.015463546367275446 0.01437129413665585 0.0043662230327501514 220890067.97400001 129261331.89950003 36885017.461000003
decision_type=2 2 2 2 2 2 2 2 2 2 2 2
left_child=8 2 3 -2 -4 6 -3 -7 10 -10 11 -1
right_child=1 5 4 -5 -6 7 -8 -9 9 -11 -12 -13
leaf_value=-0.031043573433467288 0.00071769597377921586 -0.029950177699525789 -0.047184042303363594 0.020832588274451485 -0.0052538214258751447 0.036427802577028608 0.011303378383020909 0.013498019769753011 -0.032855483346651455 -0.034123927098900796 -0.032320408633909281 -0.031550128428528695
leaf_weight=1.3524879720062015 1148.7500501833856 6.232140094041827 7.5455467067658892 48.992316771298647 100.75627980753779 12.479315027594568 19.496796876192093 8.8405872434377653 1.7665890604257586 1.1806083545088766 1.0548030808567999 0.81013736873865116
leaf_count=45 3570 23 41 122 336 22 46 21 25 12 17 18
internal_value=0.00100598 0.00115835 0.000734818 0.00154047 -0.00817516 0.0129153 0.00131082 0.0269197 -0.0324378 -0.0333636 -0.0315897 -0.0312333
internal_weight=1359.26 1353.09 1306.04 1197.74 108.302 47.0488 25.7289 21.3199 6.16463 2.9472 3.21743 2.16263
internal_count=4298 4181 4069 3692 377 112 69 43 117 37 80 63
is_linear=0
shrinkage=0.03


Tree=120
num_leaves=11
num_cat=0
split_feature=29 14 15 9 6 25 0 25 5 0
split_gain=7.62904 13.844 9.85224 8.09413 14.345 11.9049 4.97604 5.95224 4.37646 4.14803
threshold=0.096938677093608802 0.86050868999935026 0.023874674876962401 5.4609530156335397 297016.50000000006 -0.00014680805425697666 -0.0043612345657756679 -8.2793588663909222e-05 0.0049878251348085389 0.0015066450263679727
decision_type=2 2 2 2 2 2 2 2 2 2
left_child=2 6 3 5 -5 -1 -2 -8 9 -4
right_child=1 -3 8 4 -6 -7 7 -9 -10 -11
leaf_value=0.0059346006277143405 -0.076253623620101865 -0.030798912691722989 0.030524749539886677 -0.018228953206094734 0.0019318923443216271 -0.00090463671793846378 -0.0068077944136973332 0.026422460962695987 -0.0039957724944731663 0.0026705889382364831
leaf_weight=314.89314606785774 0.47724491357803245 5.5462376773357382 18.004598304629333 56.869978515431285 71.947908472269773 840.36596680618823 5.747223854064937 31.119254589080814 6.876033589243888 6.5667248815298072
leaf_count=929 2 19 36 266 220 2715 16 59 19 17
internal_value=0.000976443 0.0134277 0.000570497 0.000164207 -0.00696863 0.000959559 0.0199961 0.0212421 0.0171604 0.0230807
internal_weight=1358.41 42.89 1315.52 1284.08 128.818 1155.26 37.3437 36.8665 31.4474 24.5713
internal_count=4298 96 4202 4130 486 3644 77 75 72 53
is_linear=0
shrinkage=0.03


Tree=121
num_leaves=12
num_cat=0
split_feature=1 28 25 25 4 28 28 8 24 22 22
split_gain=7.5798 7.52001 23.4945 22.8948 21.5924 18.5446 14.4886 7.96455 3.72864 0.043878 0.0108362
threshold=0.010081625177008639 -0.00061082415915621158 0.00043110765201424605 0.00019121528406831187 282.50000000000006 4.5998217945309541e-05 0.00019137072142894282 0.00089536174066217895 0.27752316943973426 110783877.69600001 63002447.315500014
decision_type=2 2 2 2 2 2 2 2 2 2 2
left_child=8 2 3 -2 -4 7 -7 -3 -1 10 -10
right_child=1 5 4 -5 -6 6 -8 -9 9 -11 -12
leaf_value=0.01839377924124902 -0.0047185619377280207 0.0056563268479109183 -0.041502948136933289 0.0088353890710584203 -0.0051457410696988115 -0.020113723579241068 0.0016955999921569036 0.019298413163722019 -0.033398068400235452 -0.039643274569921505 -0.036271722770292773
leaf_weight=1.352173887193201 283.20955111831427 79.035753067582846 23.689822299405932 185.71133084408939 38.747911103069782 28.652266308665276 634.7728385347873 75.127641353756189 3.2482373397797346 2.0453887321054935 1.8556988239288328
leaf_count=6 939 221 110 548 122 120 1989 173 42 14 14
internal_value=0.000947963 0.00112593 -0.00165255 0.000649342 -0.0189402 0.00293169 0.00075369 0.0123045 -0.0272903 -0.0359307 -0.0344429
internal_weight=1357.45 1348.95 531.359 468.921 62.4377 817.588 663.425 154.163 8.5015 7.14932 5.10394
internal_count=4298 4222 1719 1487 232 2503 2109 394 76 70 56
is_linear=0
shrinkage=0.03


Tree=122
num_leaves=15
num_cat=0
split_feature=13 14 11 1 10 11 22 28 11 22 1 29 24 29
split_gain=7.40956 18.4694 13.6036 13.1569 12.7626 16.4889 9.09142 12.8991 13.5213 12.0359 11.7493 10.6398 7.64108 3.08999
threshold=0.020708607999301871 0.51409692419915121 0.016090105579489981 0.024089144039195088 -0.00029329663997834725 0.0062110106783776113 45397919.012000002 -0.00022950780669066389 0.033262170579104404 63002447.315500014 0.021815029459897016 0.032398442985910422 0.44203314911912889 0.023929818322484159
decision_type=2 2 2 2 2 2 2 2 2 2 2 2 2 2
left_child=1 4 3 -3 5 -1 7 12 -9 10 -8 -11 -2 -4
right_child=6 2 13 -5 -6 -7 9 8 -10 11 -12 -13 -14 -15
leaf_value=-0.022131255891112835 0.044546788508186511 0.019822144000048381 -0.00039058108954600389 -0.0025356793972949937 -0.037460752718886041 0.0082416893060908644 -0.01441801057084746 -0.044704426754880934 0.017715851192283947 -0.007275052492687068 0.022305008984831256 0.0025640569240095467 -0.005558857711583578 -0.044630078337758436
leaf_weight=37.123289274051785 3.695685662329196 40.794143665581942 1.8610683120787133 56.493060279637575 18.049168819561601 28.387353148311377 9.4779793955385667 13.989851273596289 4.0209421440958968 110.13822235167027 45.402688272297382 970.71265920996666 10.583760639652608 6.0085910744965076
leaf_count=245 10 171 10 272 128 123 49 91 15 453 121 2517 56 37
internal_value=0.000919931 -0.00459563 0.00377045 0.00683933 -0.015124 -0.00896992 0.00181108 -0.0138858 -0.030769 0.00225736 0.0159629 0.00156146 0.00740906 -0.034168
internal_weight=1356.74 188.717 105.157 97.2872 83.5598 65.5106 1168.02 32.2902 18.0108 1135.73 54.8807 1080.85 14.2794 7.86966
internal_count=4298 986 490 443 496 368 3312 172 106 3140 170 2970 66 47
is_linear=0
shrinkage=0.03


Tree=123
num_leaves=11
num_cat=0
split_feature=1 20 26 26 14 6 15 24 22 22
split_gain=7.25366 7.41422 9.48114 19.5205 11.4487 7.92846 8.69586 3.89164 0.0401972 0.00980257
threshold=0.010081625177008639 0.03518014595241422 0.0058195437962758221 0.0054208257523233015 0.68608517452906925 1147073.0000000002 0.015017436309047795 0.26813583012189462 110783877.69600001 63002447.315500014
decision_type=2 2 2 2 2 2 2 2 2 2
left_child=7 2 3 -2 -4 6 -3 -1 9 -9
right_child=1 5 4 -5 -6 -7 -8 8 -10 -11
leaf_value=0.021986758525575224 0.00062250911792268164 -0.024982647765893859 0.0014973058150134996 0.019989371472433376 -0.01810691583304086 0.036862745129684911 0.013316176216984114 -0.033245028487622647 -0.039309703917746144 -0.035966664258102181
leaf_weight=1.2368370294570903 1144.7879893891513 6.5062158852815619 55.992080606520176 48.837908651679754 51.441719081252813 9.7868097573518735 29.655289649963379 3.1218295209109783 1.999126188457012 1.9257258176803587
leaf_count=5 3611 21 188 125 190 18 69 42 14 15
internal_value=0.00089276 0.00106487 0.000646601 0.00141492 -0.00788964 0.0129084 0.00642541 -0.0270946 -0.0357093 -0.0342834
internal_weight=1355.29 1347.01 1301.06 1193.63 107.434 45.9483 36.1615 8.28352 7.04668 5.04756
internal_count=4298 4222 4114 3736 378 108 90 76 71 57
is_linear=0
shrinkage=0.03


Tree=124
num_leaves=13
num_cat=0
split_feature=7 26 26 26 23 19 25 7 12 0 12 8
split_gain=7.33964 7.98405 7.57574 20.9728 15.1235 14.1133 12.6486 8.28056 6.70027 9.06107 7.00673 6.21365
threshold=1138091.9525000004 0.0083906851056860226 0.0058195437962758221 0.0054208257523233015 1.5370399871844214 1.0000000180025095e-35 -0.001013258929688022 24897890.123 -0.00017010575009506149 0.00031908898948063423 -0.0343086813803547 -0.0078435674355065276
decision_type=2 2 2 2 2 2 2 2 2 2 2 2
left_child=1 8 3 6 5 -4 -2 -6 10 -10 -1 -5
right_child=2 -3 4 11 7 -7 -8 -9 9 -11 -12 -13
leaf_value=0.021638065340625744 0.032406496221841032 0.046283665782119315 -0.026658265003901248 0.038188625322526454 -0.010912022384342268 -0.0019185558097605927 0.00080286557380070892 0.022165763959173836 -0.035571246737273979 0.038064470879723013 -0.027865499159530543 0.014456375225790312
leaf_weight=2.8797347098588935 11.512379325926302 1.9587702825665463 36.826464872807264 13.834050238132475 9.9802116528153437 47.548263885080814 1142.7122253105044 21.451500527560711 2.3619102090597144 4.1405862737447023 24.180005189031366 35.17618528008461
leaf_count=11 24 6 155 27 39 138 3454 48 25 19 263 89
internal_value=0.000866517 -0.0125904 0.0012289 0.00193424 -0.00609957 -0.0127165 0.00111808 0.0116629 -0.0160264 0.0113177 -0.0225973 0.0211552
internal_weight=1354.56 35.521 1319.04 1203.23 115.806 84.3747 1154.22 31.4317 33.5622 6.5025 27.0597 49.0102
internal_count=4298 324 3974 3594 380 293 3478 87 318 44 274 116
is_linear=0
shrinkage=0.03


Tree=125
num_leaves=12
num_cat=0
split_feature=29 29 29 25 0 7 25 18 16 7 21
split_gain=7.26158 7.43226 15.5791 12.5807 8.94579 8.94406 5.46878 0.00444708 0.00111713 0.0009125 3.50573e-05
threshold=0.019982888506241938 0.020007434860058581 0.026842835822145025 -0.00012485683062609648 0.00097624110270165705 309266136.45150012 0.00023942909229000692 0.0043662230327501514 0.58333333333333337 5764194.3420000011 189272.50000000003
decision_type=2 2 2 2 2 2 2 2 2 2 2
left_child=7 4 3 -3 6 -4 -2 9 -9 10 -1
right_child=1 2 5 -5 -6 -7 -8 8 -10 -11 -12
leaf_value=-0.031000571462861021 -0.010746627884336536 0.005294697763575407 0.00020718173718106678 -0.023464072251898914 0.037823559694751908 0.0071149300289627829 0.015335858301687393 -0.03247768825368811 -0.033689126663619402 -0.032197995292453971 -0.03125842723174882
leaf_weight=0.89924508705735151 11.63559125736356 20.342368457466364 1043.0153920706362 41.863950707018375 10.256722182035444 201.24492828547955 19.129671826958656 1.1651225406676533 1.6628112494945524 1.1814234182238577 1.0047364756464956
leaf_count=31 40 101 3201 273 23 496 47 19 18 20 29
internal_value=0.000841166 0.000986738 0.000591936 -0.0140595 0.0135603 0.00132443 0.00547132 -0.0323307 -0.03319 -0.031543 -0.0311366
internal_weight=1353.4 1347.49 1306.47 62.2063 41.022 1244.26 30.7653 5.91334 2.82793 3.0854 1.90398
internal_count=4298 4181 4071 374 110 3697 87 117 37 80 60
is_linear=0
shrinkage=0.03


Tree=126
num_leaves=11
num_cat=0
split_feature=29 14 15 25 5 28 25 12 5 13
split_gain=7.15093 13.0609 8.93648 7.51543 11.5049 8.946 4.3584 4.34919 7.98257 3.26881
threshold=0.096938677093608802 0.86050868999935026 0.023874674876962401 -0.001013258929688022 0.00059689203890117136 -0.00061082415915621158 -7.7968472038088423e-05 -0.0019463016918604369 0.0036061878130623183 0.04633779360557768
decision_type=2 2 2 2 2 2 2 2 2 2
left_child=2 6 3 4 -1 -5 -2 8 -4 -8
right_child=1 -3 7 5 -6 -7 9 -9 -10 -11
leaf_value=-0.015892226173538328 0.0016118529263451902 -0.029944029956520245 0.01948205540172122 -0.0034003251535905123 0.029963309570996455 0.0017761785273336557 0.033843551018656944 0.036133687785821711 -0.022430187813979083 0.012815337866778321
leaf_weight=6.9305534809827831 9.2975727468729001 5.5588742643594733 17.994324728846557 498.31048442423344 17.010570127516985 756.79691484570503 16.484333410859112 7.5685063749551764 5.2927769869565955 11.155575990676878
leaf_count=23 24 19 40 1676 38 2393 28 15 17 25
internal_value=0.000816362 0.0129277 0.00042344 3.85754e-05 0.0166889 -0.000279029 0.0193797 0.0163771 0.00995609 0.0253565
internal_weight=1352.4 42.4964 1309.9 1279.05 23.9411 1255.11 36.9375 30.8556 23.2871 27.6399
internal_count=4298 96 4202 4130 61 4069 77 72 57 53
is_linear=0
shrinkage=0.03


Tree=127
num_leaves=13
num_cat=0
split_feature=29 10 28 9 5 10 11 5 18 18 6 15
split_gain=7.00634 7.17939 17.4563 16.6299 16.8064 14.3898 11.0528 10.3802 0.00402534 0.000721213 0.000674996 3.33747e-05
threshold=0.019982888506241938 -0.010010657713271488 0.0015549585113555982 0.5215962505783337 0.0034957273424552167 -0.03103744851984069 0.00011116096980317779 -0.014772258603472947 0.0043662230327501514 0.0062744528911810914 35672.500000000007 0.0015191976498870657
decision_type=2 2 2 2 2 2 2 2 2 2 2 2
left_child=8 2 7 4 -3 -4 -5 -2 10 -10 11 -1
right_child=1 3 5 6 -6 -7 -8 -9 9 -11 -12 -13
leaf_value=-0.030990814799861599 -0.019703292835768028 -0.023861620196501412 0.012051479543684754 0.03475947365078106 0.0080858060539291451 -0.027043927049347972 0.0030715813470871402 0.0013240025623595341 -0.032645150725018141 -0.033621461477399334 -0.032003848800255127 -0.031265482646508552
leaf_weight=1.0298846587538713 22.593620099127293 41.189676884561777 10.728571653366087 10.020502071827648 23.148672014474869 40.305082682520151 871.97757654823363 325.98712339997292 1.5109446290880444 1.2396949455142019 1.3190777022391555 0.64907862246036518
leaf_count=36 78 182 26 30 71 161 2701 932 23 14 25 19
internal_value=0.00079254 0.000933695 -0.00243803 0.00235749 -0.0123671 -0.0188251 0.00343159 -3.89033e-05 -0.0322564 -0.0330852 -0.031496 -0.031097
internal_weight=1351.7 1345.95 399.614 946.336 64.3383 51.0337 881.998 348.581 5.74868 2.75064 2.99804 1.67896
internal_count=4298 4181 1197 2984 253 187 2731 1010 117 37 80 55
is_linear=0
shrinkage=0.03


Tree=128
num_leaves=11
num_cat=0
split_feature=18 28 20 28 28 28 4 20 29 9
split_gain=6.8408 7.26423 21.9785 20.8619 17.2174 15.0949 14.3737 8.88333 3.59937 5.52142
threshold=0.027347698298702407 -0.00061082415915621158 0.009326815933122316 -0.0022649867689275897 4.5998217945309541e-05 0.00019137072142894282 222.50000000000003 -0.041641068199580612 0.064762315950482194 1.5081056894915685
decision_type=2 2 2 2 2 2 2 2 2 2
left_child=1 2 3 -1 7 -6 -4 -3 -2 -10
right_child=8 4 6 -5 5 -7 -8 -9 9 -11
leaf_value=0.0048847641373135726 0.031950347726999936 -0.0037560010385220017 -0.032095698078009133 -0.0079446810404384498 -0.021494284645942871 0.0011180785520409522 0.005234280838148927 0.014848693582000484 0.021295155455413269 -0.018791156911460678
leaf_weight=280.24369879253209 8.9272494316101092 28.410926282405853 33.985572244971991 192.38091648183763 27.740032996982336 629.60511983186007 12.771725066006182 123.51532024145126 8.962435841560362 4.7216004133224478
leaf_count=860 16 79 147 677 119 2013 40 315 18 14
internal_value=0.000768884 0.000490425 -0.00227852 -0.000337436 0.0022675 0.000163835 -0.021899 0.0113695 0.0171313 0.0074636
internal_weight=1351.26 1328.65 519.382 472.625 809.271 657.345 46.7573 151.926 22.6113 13.684
internal_count=4298 4250 1724 1537 2526 2132 187 394 48 32
is_linear=0
shrinkage=0.03


Tree=129
num_leaves=11
num_cat=0
split_feature=22 5 25 29 18 6 7 14 0 7
split_gain=6.75881 12.8485 11.1621 17.2844 10.4491 9.82197 14.6008 8.09801 4.9616 2.31069
threshold=1576889400.2210004 -0.012104145524826916 -0.00066367208651680395 0.027089196092937178 0.027347698298702407 3212391.0000000005 368592080.21150005 0.3037618337709887 -0.00022487449982333814 20527396.419000003
decision_type=2 2 2 2 2 2 2 2 2 2
left_child=4 7 -3 -4 5 6 -1 -2 -7 -6
right_child=1 2 3 -5 9 8 -8 -9 -10 -11
leaf_value=-0.00056676163635861841 -0.04762445634567182 0.046872961372632041 -0.02818067918384199 0.0090869597717826555 0.045947267857971263 0.034654714605905072 -0.036695773845317782 -0.001810765959182851 0.0071720346696123299 0.017867502664682653
leaf_weight=1100.6534715900198 6.1381694823503476 6.4078664779663077 12.011078000068663 165.94538148492575 3.2748420834541347 9.9283917546272296 10.160101763904093 7.995534859597683 14.615258425474165 13.552864044904707
leaf_count=3647 24 13 65 400 5 17 40 22 37 28
internal_value=0.000746201 0.00585905 0.00797234 0.0065716 -0.000134638 -0.000482451 -0.000897217 -0.0217073 0.0182893 0.0233321
internal_weight=1350.68 198.498 184.364 177.956 1152.18 1135.36 1110.81 14.1337 24.5437 16.8277
internal_count=4298 524 478 465 3774 3741 3687 46 54 33
is_linear=0
shrinkage=0.03


Tree=130
num_leaves=12
num_cat=0
split_feature=1 10 28 1 4 15 9 28 24 22 22
split_gain=6.72529 6.91651 14.4005 13.7883 27.7806 13.0591 12.7014 12.4374 3.74839 0.0356971 0.00900504
threshold=0.010081625177008639 -0.0065892210708611973 0.0015549585113555982 0.029596736836521004 157.50000000000003 0.0061640395964317257 2.7396264942551327 -0.00061082415915621158 0.26813583012189462 110783877.69600001 63002447.315500014
decision_type=2 2 2 2 2 2 2 2 2 2 2
left_child=8 2 7 4 -3 -4 -5 -2 -1 10 -10
right_child=1 3 5 6 -6 -7 -8 -9 9 -11 -12
leaf_value=0.0212771431296064 -0.0042493689503294643 -0.010534610567214331 -0.020779459650367701 0.0086704438201296811 0.0055643489778648874 0.024252833864583396 -0.0023918415412486787 0.006522788961011103 -0.033077180703685795 -0.038928796960321997 -0.035736917955756557
leaf_weight=1.2392472140490989 247.30895368382335 176.91676432266831 52.982666566967964 361.96270762197673 212.1503166873008 6.5075689107179633 125.90530496090651 158.15208308398724 2.9781179241836071 1.9265605099499223 1.861896328628063
leaf_count=5 774 722 214 934 697 13 430 438 42 14 15
internal_value=0.000724388 0.000887946 -0.00206998 0.00245624 -0.00175618 -0.0158534 0.00581557 -4.76355e-05 -0.0266902 -0.0354751 -0.0341004
internal_weight=1349.89 1341.89 464.951 876.935 389.067 59.4902 487.868 405.461 8.00582 6.76657 4.84001
internal_count=4298 4222 1439 2783 1419 227 1364 1212 76 71 57
is_linear=0
shrinkage=0.03


Tree=131
num_leaves=15
num_cat=0
split_feature=13 14 17 11 9 17 22 28 11 22 1 14 5 12
split_gain=6.54441 17.4415 13.6715 12.8647 12.5937 9.61148 8.33277 12.3248 12.8663 11.4613 10.6401 8.79289 6.3508 2.48286
threshold=0.020708607999301871 0.51409692419915121 -0.0066694853296539146 0.016090105579489981 1.4082590703105751 -0.0019271691984063517 45397919.012000002 -0.00022950780669066389 0.033262170579104404 63002447.315500014 0.021815029459897016 0.018139167809450133 -0.0019737201942730707 -9.9977320238918711e-05
decision_type=2 2 2 2 2 2 2 2 2 2 2 2 2 2
left_child=1 2 -1 4 -3 -4 7 12 -9 10 -8 -11 -2 -5
right_child=6 3 5 13 -6 -7 9 8 -10 11 -12 -13 -14 -15
leaf_value=0.020068891612205104 0.031788595504374441 0.015810746874962384 -0.033276726704742382 -0.045290558730461561 -0.0060590342044292214 -0.010787792471451892 -0.013871771618877565 -0.044208313924833889 0.017230131578629009 -0.012929108522472274 0.021344275346838217 0.0018039042166013287 -0.009236698853561761 -0.0085260388134649461
leaf_weight=8.9962784722447378 5.6757131665945044 56.08893770724535 27.163212908431888 5.2719606943428516 41.034988604485989 46.185686144977808 9.3026399891823512 13.632126517593862 3.9585325084626666 37.78592561930418 45.432852648198605 1037.282325502485 8.4548960477113742 2.408548265695571
leaf_count=26 19 204 177 32 239 293 49 91 15 116 121 2854 47 15
internal_value=0.000703252 -0.00450297 -0.0148351 0.00361502 0.00657074 -0.0191161 0.0015421 -0.0136224 -0.0303824 0.00196787 0.0153591 0.00128608 0.00724156 -0.0337615
internal_weight=1348.67 187.15 82.3452 104.804 97.1239 73.3489 1161.53 31.7213 17.5907 1129.8 54.7355 1075.07 14.1306 7.68051
internal_count=4298 986 496 490 443 470 3312 172 106 3140 170 2970 66 47
is_linear=0
shrinkage=0.03


Tree=132
num_leaves=11
num_cat=0
split_feature=29 14 15 28 28 28 25 5 8 13
split_gain=6.70279 12.326 8.20004 7.28043 23.423 19.5916 4.16075 4.07029 4.58418 3.26682
threshold=0.096938677093608802 0.86050868999935026 0.023874674876962401 0.0016514856706810902 0.0025768289297380454 0.00083016527422017782 -7.7968472038088423e-05 0.0049878251348085389 -0.0039431167649258744 0.04633779360557768
decision_type=2 2 2 2 2 2 2 2 2 2
left_child=2 6 3 5 -5 -1 -2 8 -4 -8
right_child=1 -3 7 4 -6 -7 9 -9 -10 -11
leaf_value=-0.0009673176732298809 0.0014515026851179859 -0.029102234460823873 0.0062031462743726614 -0.017960742760770317 0.00087250680654341094 0.0095687159866885627 0.033260706433302929 -0.0048401455518157369 0.032925164177677976 0.012088041095310916
leaf_weight=769.11119419150054 9.2760647088289243 5.5706298649311057 10.048205316066747 80.756619706749916 225.09622726589441 200.18125685490668 16.247281312942508 6.7527186423540106 13.595300912857054 10.998581528663633
leaf_count=2496 24 19 26 310 750 574 28 19 27 25
internal_value=0.000682247 0.0124652 0.000302346 -6.47363e-05 -0.00410018 0.00120862 0.0188055 0.0157017 0.0215686 0.0247137
internal_weight=1347.63 42.0926 1305.54 1275.15 305.853 969.292 36.5219 30.3962 23.6435 27.2459
internal_count=4298 96 4202 4130 1060 3070 77 72 53 53
is_linear=0
shrinkage=0.03


Tree=133
num_leaves=13
num_cat=0
split_feature=29 29 29 25 22 22 4 21 18 16 22 22
split_gain=6.65788 6.82016 13.9888 11.9419 9.02718 6.64928 8.69895 8.48017 0.00363663 0.000900451 0.000704702 9.28675e-05
threshold=0.019982888506241938 0.020007434860058581 0.026842835822145025 -0.00012485683062609648 1576889400.2210004 170430564.92000005 57.500000000000007 1571391.5000000002 0.0043662230327501514 0.58333333333333337 129261331.89950003 36885017.461000003
decision_type=2 2 2 2 2 2 2 2 2 2 2 2
left_child=8 5 3 -3 -4 6 -2 -7 10 -10 11 -1
right_child=1 2 4 -5 -6 7 -8 -9 9 -11 -12 -13
leaf_value=-0.030940184187655317 0.048425823038714143 0.0052361910643026512 4.2775260831521735e-05 -0.022900132951813021 0.0072518646378436444 -0.022957317126065996 0.00043403450983538124 0.014628364249162761 -0.032306730937302533 -0.033429237364257201 -0.03209969187772669 -0.031370353159361319
leaf_weight=1.2097745528444641 8.5894216969609243 20.306669376790524 1055.7446248251945 40.961738813668489 183.49785938113928 7.5237348675727871 5.6253954581916323 19.163104578852654 1.0907142516225579 1.5674677751958368 0.9476297479122876 0.72078822553157795
leaf_count=45 19 101 3245 273 452 26 22 43 19 18 17 18
internal_value=0.000662279 0.000797781 0.000418422 -0.0135747 0.00111024 0.0128599 0.0294335 0.00403195 -0.0321686 -0.0329686 -0.0314297 -0.0311008
internal_weight=1346.95 1341.41 1300.51 61.2684 1239.24 40.9017 14.2148 26.6868 5.53637 2.65818 2.87819 1.93056
internal_count=4298 4181 4071 374 3697 110 41 69 117 37 80 63
is_linear=0
shrinkage=0.03


Tree=134
num_leaves=13
num_cat=0
split_feature=29 29 29 25 22 0 11 22 17 13 22 14
split_gain=6.43941 6.41683 13.2589 11.4345 8.51103 8.20317 4.80097 0.00311951 0.0010847 0.000392974 3.81244e-05 2.54982e-05
threshold=0.019982888506241938 0.020007434860058581 0.026842835822145025 -0.00012485683062609648 1576889400.2210004 0.00097624110270165705 0.024629417739014454 46410288.8605 0.0010494741391454097 0.016889301152986473 32630633.320500005 0.57475191789071156
decision_type=2 2 2 2 2 2 2 2 2 2 2 2
left_child=7 5 3 -3 -4 6 -2 10 9 -9 11 -1
right_child=1 2 4 -5 -6 -7 -8 8 -10 -11 -12 -13
leaf_value=-0.030776916338922752 0.012447178067893807 0.00506675624771207 4.1492126424767819e-05 -0.022501675003947317 0.0070465703311595254 0.035722489091208197 -0.013506469369305378 -0.031634496871433077 -0.033086970837991184 -0.032507170137732043 -0.031249646674449502 -0.031053813800783311
leaf_weight=0.56451367586851009 21.51587896049023 20.355406258255243 1055.74249872379 40.444372294470668 183.18340082466602 10.240080736577509 9.1395076438784582 0.94094373844563983 1.8825866114348171 0.91700909286737442 0.44177622441202391 0.63709077332168818
leaf_count=24 56 101 3245 273 452 23 31 20 25 14 13 21
internal_value=0.000642666 0.000774164 0.000406001 -0.0132719 0.00107724 0.012475 0.00470943 -0.0321008 -0.0325795 -0.0320652 -0.0310113 -0.0309237
internal_weight=1346.01 1340.62 1299.73 60.7998 1238.93 40.8955 30.6554 5.38392 3.74054 1.85795 1.64338 1.2016
internal_count=4298 4181 4071 374 3697 110 87 117 59 34 58 45
is_linear=0
shrinkage=0.03


Tree=135
num_leaves=12
num_cat=0
split_feature=1 10 27 7 5 1 1 25 24 7 18
split_gain=6.34359 6.52458 12.5959 16.1835 13.7362 12.5708 19.1574 8.36959 3.65035 0.0298315 0.0035592
threshold=0.010081625177008639 -0.010010657713271488 -0.038562590401446946 82546579.166500017 0.0039713123779133953 0.028408434727338363 0.027627717773031305 0.00091992996561157724 0.26813583012189462 2043883.5705000004 0.0046239762662592526
decision_type=2 2 2 2 2 2 2 2 2 2 2
left_child=8 2 3 -2 -4 6 -3 -7 -1 10 -10
right_child=1 5 4 -5 -6 7 -8 -9 9 -11 -12
leaf_value=0.020791016283166826 0.019056012732645802 -0.00030205938248432143 -0.009587551645492921 -0.0091877753154482843 0.0034643811790562797 0.0044819064834325821 -0.028580170007399226 0.027922658762245648 -0.032745788995643559 -0.037832913848615375 -0.034531775763470211
leaf_weight=1.2428452782332886 48.387275971472263 369.32625810801983 209.41613941267133 29.323750436306 111.05492495000362 532.79524476267397 22.898261580616236 14.070984095335005 1.9247484514489768 2.5339956991374493 2.0998383574187756
leaf_count=5 106 1363 692 80 324 1532 98 27 31 20 20
internal_value=0.000623663 0.000781022 -0.00243708 0.0083984 -0.00506458 0.00214553 -0.00195295 0.00508504 -0.0263499 -0.0352831 -0.0336776
internal_weight=1345.07 1337.27 398.182 77.711 320.471 939.091 392.225 546.866 7.80143 6.55858 4.02459
internal_count=4298 4222 1202 186 1016 3020 1461 1559 76 71 51
is_linear=0
shrinkage=0.03


Tree=136
num_leaves=11
num_cat=0
split_feature=29 14 15 25 5 28 12 5 25 13
split_gain=6.28407 11.6041 7.72 7.03007 10.8218 7.49709 4.45684 7.50238 3.99102 3.15862
threshold=0.096938677093608802 0.86050868999935026 0.023874674876962401 -0.001013258929688022 0.00059689203890117136 -0.00061082415915621158 -0.0019463016918604369 0.0036061878130623183 -7.7968472038088423e-05 0.04633779360557768
decision_type=2 2 2 2 2 2 2 2 2 2
left_child=2 8 3 4 -1 -5 7 -4 -2 -10
right_child=1 -3 6 5 -6 -7 -8 -9 9 -11
leaf_value=-0.01533233855110943 0.001279825778971407 -0.028149287019337985 0.018149735636241213 -0.0032864784007668921 0.02921431867062305 0.001463621729864557 0.035634032789280651 -0.022728338138315769 0.03260499320965219 0.011675209803026618
leaf_weight=6.9567831419408348 9.251720726490019 5.5944238305091849 17.506298810243614 496.19251689501107 16.666551992297173 752.62380097433925 7.313944846391677 5.253280669450759 16.007163956761364 10.914241746067999
leaf_count=23 24 19 40 1676 38 2393 15 17 28 25
internal_value=0.000605329 0.0120596 0.000238025 -0.000117044 0.0160959 -0.000423737 0.0152613 0.00871441 0.0182782 0.0241198
internal_weight=1344.28 41.7676 1302.51 1272.44 23.6233 1248.82 30.0735 22.7596 36.1731 26.9214
internal_count=4298 96 4202 4130 61 4069 72 57 77 53
is_linear=0
shrinkage=0.03


Tree=137
num_leaves=12
num_cat=0
split_feature=29 3 8 7 0 21 0 18 7 18 14
split_gain=6.20436 6.16669 12.5295 10.0905 8.5448 14.3079 9.7891 0.00302774 0.00057017 0.000557147 2.84755e-05
threshold=0.019982888506241938 0.99980000000000036 0.020928426893294761 10817060.726000002 -0.0024353227387348751 171614.50000000003 -0.0010999506830339947 0.0043662230327501514 5764194.3420000011 0.0062744528911810914 0.57475191789071156
decision_type=2 2 2 2 2 2 2 2 2 2 2
left_child=7 4 3 -3 5 -2 -6 8 10 -9 -1
right_child=1 2 -4 -5 6 -7 -8 9 -10 -11 -12
leaf_value=-0.030871078493547498 -0.030945064877864623 -0.0033964557477826375 0.025515380989241124 -0.032567281636780333 -0.007071085853400735 0.0097582581747178362 0.0012798604460544712 -0.032377337506136993 -0.031895342341275834 -0.033273957162705613 -0.031118298296298971
leaf_weight=0.80901613458990984 8.1969554610550386 25.285135749727488 7.8216778784990302 18.466753549873829 144.95005442947149 150.0865679550916 983.5607241448015 1.3706981409341099 1.0314377844333646 1.1445512063801286 0.87052206974476576
leaf_count=32 53 125 19 72 475 423 3014 23 20 14 28
internal_value=0.000587715 0.000715107 -0.00945676 -0.0157088 0.00112279 0.00765037 0.000207234 -0.0320357 -0.0313402 -0.0327853 -0.0309992
internal_weight=1343.59 1338.37 51.5736 43.7519 1286.79 158.284 1128.51 5.22623 2.71098 2.51525 1.67954
internal_count=4298 4181 216 197 3965 476 3489 117 80 37 60
is_linear=0
shrinkage=0.03


Tree=138
num_leaves=15
num_cat=0
split_feature=9 18 20 10 24 20 15 1 4 10 11 17 26 26
split_gain=6.55627 18.8914 15.6103 12.8387 12.5148 9.75448 12.0283 8.1141 19.7727 16.8643 17.0054 16.4698 15.8786 10.4948
threshold=5.4609530156335397 0.006999541439397584 -0.067327667214484813 0.016539615431101915 0.54964096045018962 0.023530193858902908 -0.018539340409634876 0.029596736836521004 157.50000000000003 -0.0043526131924336636 0.032269750835803974 -0.00075039900227066153 -0.0073223439766216545 -0.0070611942731100717
decision_type=2 2 2 2 2 2 2 2 2 2 2 2 2 2
left_child=7 5 4 -4 -3 6 -2 8 12 10 -9 -10 -1 -11
right_child=1 2 3 -5 -6 -7 -8 9 11 13 -12 -13 -14 -15
leaf_value=0.017677670557470868 0.057056712307620584 -0.00018423157676881173 0.015083702850181326 -0.010136476014768983 -0.057142672872804438 0.032739725417857073 -0.028346820513214983 -0.0012500529974885364 -0.0039095068220963564 -0.032099956944233093 -0.057170720464962313 0.010304774567948325 -0.010034134485225539 0.0080756653667210347
leaf_weight=20.289533745497465 1.5406033396720875 7.2467189282178861 55.811825420707464 26.932777293026447 6.6647353321313858 2.7862381637096396 40.54990859143436 262.60336848534644 135.48067338671535 5.9414964169263831 4.9871774315834037 160.0102960690856 224.69128527492285 387.6264328584075
leaf_count=66 2 21 147 83 30 5 235 745 469 21 19 514 908 1033
internal_value=0.00057019 -0.00553701 0.00193128 0.00687471 -0.027472 -0.0216223 -0.0252209 0.00128952 -0.00143708 0.00351842 -0.00229227 0.00378762 -0.00773902 0.00746915
internal_weight=1343.16 141.533 96.6561 82.7446 13.9115 44.8768 42.0905 1201.63 540.472 661.158 267.591 295.491 244.981 393.568
internal_count=4298 523 281 230 51 242 237 3775 1957 1818 764 983 974 1054
is_linear=0
shrinkage=0.03


Tree=139
num_leaves=15
num_cat=0
split_feature=28 28 28 8 26 28 4 3 17 26 17 24 12 29
split_gain=6.22297 26.1472 35.8892 16.7771 16.6213 15.4666 21.923 15.8177 12.8847 11.5571 10.5071 8.67076 7.93122 2.55435
threshold=0.0016514856706810902 0.0025768289297380454 0.0024234043462750174 -0.022636781585878559 0.0026136608123154422 -0.00061082415915621158 217.50000000000003 0.35567982160897954 -0.0074829324022094605 0.0064125877341282981 0.0068073091270358542 0.60843269848742321 -0.020851996006190216 0.055500181094657791
decision_type=2 2 2 2 2 2 2 2 2 2 2 2 2 2
left_child=3 2 10 8 11 6 -5 -7 -1 -6 -2 -3 -10 -4
right_child=1 4 13 5 9 7 -8 -9 12 -11 -12 -13 -14 -15
leaf_value=0.005067278834634082 -0.01334924189081545 -0.0044268328582008406 -0.048199618940588183 -0.0078267200198317705 0.0084378960585179477 -0.0018804670550500212 0.0045954905810061215 0.01003717277315553 -0.01996182907174333 -0.0057009582468450695 0.018051712556218198 -0.054312355407994943 -0.060335356584973812 -0.072776021823511089
leaf_weight=10.921611890196802 57.151018617674708 5.7588832490146142 9.2019524499773961 239.8816001303494 156.03546023182571 145.41754527017474 273.8111488558352 322.56856840103865 10.931912302970888 78.061476248316467 11.524398148059843 6.8846127837896347 7.3056714832782736 6.490999460220336
leaf_count=27 220 18 49 878 482 484 823 892 35 271 25 33 34 27
internal_value=0.000553473 -0.00301603 -0.0174332 0.00172269 0.00191364 0.0023888 -0.00120537 0.006334 -0.0207025 0.00372318 -0.00807986 -0.0315904 -0.0361348 -0.058365
internal_weight=1341.95 331.109 84.3684 1010.84 246.74 981.679 513.693 467.986 29.1592 234.097 68.6754 12.6435 18.2376 15.693
internal_count=4298 1125 321 3173 804 3077 1701 1376 96 753 245 51 69 76
is_linear=0
shrinkage=0.03


Tree=140
num_leaves=11
num_cat=0
split_feature=9 1 7 7 22 10 28 11 13 18
split_gain=6.39348 16.5579 16.8217 12.3291 8.98742 7.17664 14.0189 9.45429 0.0510478 0.00503795
threshold=0.36876117336910136 0.040061187885377846 8824624.4195000008 6809860.0050000008 21313646.734000005 -0.010010657713271488 0.0015549585113555982 0.00011116096980317779 0.024716183600913256 0.0053663998251927561
decision_type=2 2 2 2 2 2 2 2 2 2
left_child=1 2 3 -1 8 6 -6 -7 9 -2
right_child=4 -3 -4 -5 5 7 -8 -9 -10 -11
leaf_value=-0.021189803493647661 -0.031918580432793844 0.047850112961286516 -0.06665467737082667 0.040014774789981895 -0.00021392368235284692 0.030999330207979535 -0.017201153051056801 0.0021381695757565571 -0.038087323115597538 -0.034477251172548247
leaf_weight=13.965405312366793 3.5822575064375988 3.4147753715515128 5.9095585048198691 3.7595634609460822 341.61263885907829 10.331702373921869 50.140594206750393 905.30807421542704 2.1027167905122042 0.85856740735471238
leaf_count=83 80 5 25 7 992 30 184 2867 16 9
internal_value=0.000537221 -0.0139001 -0.0228219 -0.00820798 0.000834435 0.00100997 -0.00238812 0.00246383 -0.0342366 -0.0324133
internal_weight=1340.99 27.0493 23.6345 17.725 1313.94 1307.39 391.753 915.64 6.54354 4.44082
internal_count=4298 120 115 90 4178 4073 1176 2897 105 89
is_linear=0
shrinkage=0.03


Tree=141
num_leaves=15
num_cat=0
split_feature=9 18 6 20 15 15 17 13 7 24 28 28 23 5
split_gain=6.15362 18.1244 15.1303 14.9531 9.2506 11.7341 8.52531 7.76495 10.9139 11.3141 7.72638 19.654 15.8404 3.19777
threshold=5.4609530156335397 0.006999541439397584 79707.000000000015 -0.064267769040391637 0.010816969613488856 -0.018539340409634876 0.0032168435615924774 0.068215171959300339 38741887.918000005 0.51610715637979943 -0.0039771608824960688 -0.002952414743235566 1.3506113390696213 0.0021842700703966779
decision_type=2 2 2 2 2 2 2 2 2 2 2 2 2 2
left_child=7 4 6 -4 5 -2 -3 10 13 -10 12 -12 -1 -9
right_child=1 2 3 -5 -6 -7 -8 8 9 -11 11 -13 -14 -15
leaf_value=-0.018158363268606859 0.055418032956064678 -0.047235260996331102 -0.022179273576853478 0.012277475656091242 0.018260504895038752 -0.029300514928867295 0.0015002315608915121 0.017428032813554272 0.024123191722681014 -0.005200722970842204 0.014692875908581036 1.736089925623496e-05 0.0095277374769566787 0.041293249730874074
leaf_weight=52.362303925678134 1.5305536985397328 8.037802975624798 13.54226318001747 69.546441853046417 4.7541808858513823 38.080601593479514 5.4012318551540366 10.091190353035929 16.976998224854469 39.14977765083313 89.88236996345222 952.33390212245286 28.843995124101639 10.121293425559996
leaf_count=193 2 44 45 171 14 226 21 23 33 107 246 3057 100 16
internal_value=0.000521161 -0.00540988 0.00188477 0.00666152 -0.0212812 -0.026027 -0.0276482 0.00121767 0.0104762 0.00366906 0.00058853 0.001283 -0.00832442 0.0293784
internal_weight=1340.65 140.893 96.5277 83.0887 44.3653 39.6112 13.439 1199.76 76.3393 56.1268 1123.42 1042.22 81.2063 20.2125
internal_count=4298 523 281 216 242 228 65 3775 179 140 3596 3303 293 39
is_linear=0
shrinkage=0.03


Tree=142
num_leaves=11
num_cat=0
split_feature=9 1 7 7 22 10 28 10 13 18
split_gain=6.03673 15.6356 15.7611 11.6415 8.6462 6.8315 13.1611 9.07449 0.0466122 0.00448222
threshold=0.36876117336910136 0.040061187885377846 8824624.4195000008 6809860.0050000008 21313646.734000005 -0.010010657713271488 0.0015549585113555982 0.015625658520592025 0.024716183600913256 0.0053663998251927561
decision_type=2 2 2 2 2 2 2 2 2 2
left_child=1 2 3 -1 8 6 -6 -7 9 -2
right_child=4 -3 -4 -5 5 7 -8 -9 -10 -11
leaf_value=-0.020664794917289231 -0.031853352861727274 0.046912632893670522 -0.064537667323252598 0.038858606598398626 -0.00024599229091683901 0.0046921140780045272 -0.016718017899918586 -0.0014827239696031103 -0.03781923449041083 -0.034305121274643205
leaf_weight=13.872376662679025 3.4728964278474441 3.3671248257160178 5.9236675053834906 3.758315995335578 341.24532601051033 572.79162744618952 50.06001316383481 342.1423113849014 2.0546111408621073 0.83181922324001778
leaf_count=83 80 5 25 7 992 1896 184 1001 16 9
internal_value=0.000505871 -0.0135567 -0.0222008 -0.00797625 0.000794295 0.000964183 -0.00235327 0.00238301 -0.0341015 -0.0323271
internal_weight=1339.52 26.9215 23.5544 17.6307 1312.6 1306.24 391.305 914.934 6.35933 4.30472
internal_count=4298 120 115 90 4178 4073 1176 2897 105 89
is_linear=0
shrinkage=0.03


Tree=143
num_leaves=8
num_cat=0
split_feature=18 17 9 18 25 1 25
split_gain=5.98839 7.3621 7.4693 15.4329 10.3733 6.0475 10.9774
threshold=0.027347698298702407 0.016527267478083345 5.4609530156335397 0.006999541439397584 -0.00014680805425697666 0.031067663267514301 0.00021089200597581385
decision_type=2 2 2 2 2 2 2
left_child=1 2 4 -4 -1 -2 -7
right_child=5 -3 3 -5 -6 6 -8
leaf_value=0.0057639017716178209 0.04092529551233455 -0.030464993676574365 -0.020896206641249894 0.00071709886183984103 -0.00056356734606488948 0.023172484018744052 -0.030379626815247269
leaf_weight=320.85835519526154 6.2640379369258907 6.9948501586914054 43.91089647077024 92.092987582087517 853.37801717314869 10.814828693866728 5.0553583949804297
leaf_count=954 10 23 242 273 2758 22 16
internal_value=0.00049069 0.000230658 0.00039453 -0.00626108 0.0011654 0.0159655 0.00611376
internal_weight=1339.37 1317.24 1310.24 136.004 1174.24 22.1342 15.8702
internal_count=4298 4250 4227 515 3712 48 38
is_linear=0
shrinkage=0.03


Tree=144
num_leaves=11
num_cat=0
split_feature=29 14 15 25 5 25 12 5 7 25
split_gain=5.95429 10.6074 7.22342 6.49228 10.2594 7.3666 4.334 7.2415 3.8294 4.24229
threshold=0.096938677093608802 0.86050868999935026 0.023874674876962401 -0.001013258929688022 0.00059689203890117136 -0.00074090273753692323 -0.0019463016918604369 0.0036061878130623183 196803040.45500001 1.6511671285612653e-05
decision_type=2 2 2 2 2 2 2 2 2 2
left_child=2 8 3 4 -1 -5 7 -4 9 -2
right_child=1 -3 6 5 -6 -7 -8 -9 -10 -11
leaf_value=-0.015026885760095853 -0.0058709556094787537 -0.026822590518406787 0.017673181206149042 -0.017714009507266277 0.028476271419491817 -0.00020654805420680647 0.035162844638765019 -0.022608245930674661 0.03418578969995454 0.020034242596727366
leaf_weight=6.9589226618409183 8.3193948268890399 5.5655898898839942 17.278301581740386 22.019929217174649 16.322928003966808 1222.5366774033755 7.1198179721832267 5.2331576049327841 9.3615423142909986 17.997514426708221
leaf_count=23 23 19 40 95 38 3974 15 17 17 37
internal_value=0.000476238 0.011698 0.000119521 -0.000222685 0.0154732 -0.000516307 0.0147615 0.0083091 0.0177069 0.011845
internal_weight=1338.71 41.244 1297.47 1267.84 23.2819 1244.56 29.6313 22.5115 35.6785 26.3169
internal_count=4298 96 4202 4130 61 4069 72 57 77 60
is_linear=0
shrinkage=0.03


Tree=145
num_leaves=13
num_cat=0
split_feature=13 26 7 7 7 23 27 27 27 29 7 29
split_gain=5.84008 9.89157 10.2264 10.1265 7.22967 10.1672 22.0587 10.0481 12.8924 9.85157 9.68962 0.077166
threshold=0.016542317134370484 -0.0083627276855242332 290774677.07400006 172853209.29500002 309266136.45150012 1.160688001205509 -0.026413747376819518 -0.038562590401446946 -0.017287175298749246 0.065418623164105863 82546579.166500017 0.034409199458337744
decision_type=2 2 2 2 2 2 2 2 2 2 2 2
left_child=1 -1 3 -3 7 9 -7 10 -9 -6 -2 -4
right_child=4 2 11 -5 5 6 -8 8 -10 -11 -12 -13
leaf_value=0.044446779864495654 0.018287286114302154 -0.0091700716424055612 -0.036200665145395945 0.027044501423756615 0.0051410707595292184 -0.036337816107017785 0.0049390431268077802 -0.0090204784142269828 0.00065097305603328273 0.023789542051474304 -0.0078047252466269179 -0.042251425821437184
leaf_weight=3.2174498084932557 48.159728243947029 64.049787526018918 7.3428363129496557 7.7949208058416835 64.152364149689674 13.582477524876593 81.993081260472536 145.54387285560369 839.92245814856142 42.310332238674164 17.451247736811638 2.5576510727405548
leaf_count=11 108 450 58 29 158 47 217 465 2611 84 47 13
internal_value=0.000462424 -0.0071491 -0.00917988 -0.00524091 0.000978493 0.00617589 -0.000926913 -2.05503e-05 -0.000777407 0.0125523 0.0113473 -0.0377638
internal_weight=1338.08 84.9626 81.7452 71.8447 1253.12 202.038 95.5756 1051.08 985.466 106.463 65.611 9.90049
internal_count=4298 561 550 479 3737 506 264 3231 3076 242 155 71
is_linear=0
shrinkage=0.03


Tree=146
num_leaves=12
num_cat=0
split_feature=1 20 26 26 3 28 1 21 24 7 7
split_gain=5.83865 5.93883 7.77353 16.0515 12.542 7.75838 6.465 4.46669 4.02061 0.0282387 0.00301897
threshold=0.010081625177008639 0.03518014595241422 0.0058195437962758221 0.0054208257523233015 0.013563188084995074 0.00024596161941539387 0.04200429697257678 4686339.5000000009 0.22092714337419747 2043883.5705000004 889829.93850000005
decision_type=2 2 2 2 2 2 2 2 2 2 2
left_child=8 2 3 -2 -4 6 -3 -7 -1 10 -10
right_child=1 5 4 -5 -6 7 -8 -9 9 -11 -12
leaf_value=0.026550354469518735 0.00020883802472917805 -0.03476766953081846 -0.046154393645466814 0.018011674963209209 -0.0047968863343634139 0.0098107616009653221 0.01300995288945078 0.032229231077121605 -0.03283824956408779 -0.037556367018064744 -0.03455903431583357
leaf_weight=1.1211702376604069 1131.9461182001978 5.2416721731424314 7.0710939057171336 47.492943955585361 98.916526537388563 21.140365049242973 4.9618169069290161 12.866971775889395 2.5404247939586644 2.4457978270947933 1.43641772121191
leaf_count=3 3611 19 40 125 338 51 12 26 39 20 14
internal_value=0.000448872 0.00059819 0.000226359 0.000925712 -0.0075561 0.0114092 -0.0115341 0.018293 -0.0258692 -0.0350198 -0.0334598
internal_weight=1337.18 1329.64 1285.43 1179.44 105.988 44.2108 10.2035 34.0073 7.54381 6.42264 3.97684
internal_count=4298 4222 4114 3736 378 108 31 77 76 73 53
is_linear=0
shrinkage=0.03


Tree=147
num_leaves=14
num_cat=0
split_feature=29 29 29 25 1 14 0 22 22 23 7 22 13
split_gain=5.786 5.68878 11.6839 10.7074 8.40841 10.071 9.55496 7.46003 0.00251714 0.000798494 0.000503697 5.17607e-05 1.72655e-05
threshold=0.019982888506241938 0.020007434860058581 0.026842835822145025 -0.00012485683062609648 0.021815029459897016 0.89263515840220375 0.00097624110270165705 1576889400.2210004 46410288.8605 2.1641368530372098 5764194.3420000011 36885017.461000003 0.007608241380867283
decision_type=2 2 2 2 2 2 2 2 2 2 2 2 2
left_child=8 4 3 -3 5 -2 -6 -4 11 -10 -11 12 -1
right_child=1 2 7 -5 6 -7 -8 -9 9 10 -12 -13 -14
leaf_value=-0.030936683933943488 -0.049839373632778926 0.0049769793110939625 -0.00013353301707540364 -0.021859717546217242 0.00842601822279356 0.018503122966161939 0.044931124765584016 0.0064551611597367317 -0.031829202763191101 -0.03233147516051546 -0.033267647426375377 -0.031224069763788678 -0.03070026931285286
leaf_weight=0.50991561077535041 3.9703995063900939 20.25172022357583 1049.8856183122844 39.435160322114825 23.892099346965551 3.795842356979847 8.8408748209476453 181.38240151852369 1.3874742109328511 1.1354740131646397 0.95001615956425656 0.35359586030244816 0.6113258209079504
leaf_count=19 21 101 3245 273 64 11 14 452 28 19 12 10 29
internal_value=0.000435681 0.000556014 0.00020869 -0.012754 0.0116273 -0.0164362 0.0182857 0.000837071 -0.0319459 -0.0323869 -0.0327579 -0.0309076 -0.0308078
internal_weight=1336.4 1331.45 1290.95 59.6869 40.4992 7.76624 32.733 1231.27 4.9478 3.47296 2.08549 1.47484 1.12124
internal_count=4298 4181 4071 374 110 32 78 3697 117 59 31 58 48
is_linear=0
shrinkage=0.03


Tree=148
num_leaves=11
num_cat=0
split_feature=9 1 21 28 22 20 25 18 29 18
split_gain=5.66869 14.5757 14.0345 10.2137 8.23146 6.54436 7.06651 0.735592 0.0613641 0.00825796
threshold=0.36876117336910136 0.040061187885377846 754924.50000000012 0.0040197749187943247 21313646.734000005 -0.12172288252120701 0.00091992996561157724 0.0082287100703102543 0.055796232233848483 0.0053663998251927561
decision_type=2 2 2 2 2 2 2 2 2 2
left_child=1 2 3 -1 8 -6 -7 -4 9 -2
right_child=4 -3 7 -5 5 6 -8 -9 -10 -11
leaf_value=-0.019588592010465956 -0.031906847745669639 0.045774964483074145 -0.045669952927948412 0.036116226804251993 -0.03710307715751654 0.00067346644199983024 0.016750212513512185 -0.065271960123473721 -0.041199527556027911 -0.034453745443862767
leaf_weight=12.433455501683065 3.5290201073512426 3.2977546453475943 2.9922804385423651 3.8889734633266917 4.0729737877845755 1273.4430186497048 25.09142966195941 4.0617497265338898 0.9038775861263274 1.6965805906802414
leaf_count=74 83 5 15 9 16 3996 61 17 5 17
internal_value=0.000422773 -0.0132682 -0.0215976 -0.00631639 0.000701818 0.000865025 0.000984116 -0.0569569 -0.0339821 -0.0327337
internal_weight=1335.41 26.6742 23.3765 16.3224 1308.74 1302.61 1298.53 7.05403 6.12948 5.2256
internal_count=4298 120 115 83 4178 4073 4057 32 105 100
is_linear=0
shrinkage=0.03


Tree=149
num_leaves=8
num_cat=0
split_feature=18 17 9 25 25 1 25
split_gain=5.63744 6.91738 6.94781 15.0135 9.74927 4.12473 6.39623
threshold=0.027347698298702407 0.016527267478083345 5.4609530156335397 -9.7709296755255009e-05 -0.00014680805425697666 0.038924982494747427 0.00021089200597581385
decision_type=2 2 2 2 2 2 2
left_child=1 2 4 -4 -1 -2 -7
right_child=5 -3 3 -5 -6 6 -8
leaf_value=0.005527401694612276 0.031042446146290727 -0.02955782475056978 -0.025930918413064018 -0.0010749719566481813 -0.00061663412285989697 0.020489699838534242 -0.02354230729165474
leaf_weight=319.76408309582621 9.0339974164962786 7.0124948024749747 27.444366618990898 107.69019188731909 851.12419078499079 8.2267977893352491 4.6458768546581259
leaf_count=954 17 23 124 391 2758 17 14
internal_value=0.000410178 0.000158363 0.00031792 -0.00612295 0.00106127 0.0155034 0.00459811
internal_weight=1334.94 1313.04 1306.02 135.135 1170.89 21.9067 12.8727
internal_count=4298 4250 4227 515 3712 48 31
is_linear=0
shrinkage=0.03


Tree=150
num_leaves=10
num_cat=0
split_feature=25 15 6 25 6 25 26 25 3
split_gain=5.52024 9.03926 10.8423 8.03051 26.1534 8.13001 29.5115 9.05498 4.14523
threshold=-0.001013258929688022 -0.0010127234060178711 162138.50000000003 -0.00074090273753692323 346904.00000000006 -0.0003944043076717358 -0.0022522061500441625 -0.00022115147749914168 0.95777842312051031
decision_type=2 2 2 2 2 2 2 2 2
left_child=1 -1 -3 4 8 6 -5 -7 -2
right_child=3 2 -4 5 -6 7 -8 -9 -10
leaf_value=0.034817838635249884 -0.052422446173657294 -0.028591359203663853 0.026401383289518087 -0.04844694175221765 0.024177471505907884 -0.0076124582566909314 0.013118659059509898 0.0006801992971027539 -0.014466533755568884
leaf_weight=10.908261954784395 10.427825184538962 6.7395744137465936 6.1903725415468216 7.5674310494214287 8.3596321344375593 133.5402989257127 94.691569464281201 1052.6618984285742 3.4451452009379855
leaf_count=22 59 27 14 38 20 452 260 3389 17
internal_value=0.00039806 0.0147051 -0.0022629 0.000137851 -0.0177387 0.000446313 0.00856265 -0.000253372 -0.0429967
internal_weight=1334.53 23.8382 12.9299 1310.69 22.2326 1288.46 102.259 1186.2 13.873
internal_count=4298 63 41 4235 96 4139 298 3841 76
is_linear=0
shrinkage=0.03


Tree=151
num_leaves=11
num_cat=0
split_feature=29 14 15 29 4 29 12 5 7 18
split_gain=5.66418 9.89741 6.65214 5.99378 11.4798 8.93066 4.1961 6.92691 3.61324 7.503
threshold=0.096938677093608802 0.86050868999935026 0.023874674876962401 0.078525683074137889 197.50000000000003 0.06816460167034287 -0.0019463016918604369 0.0036061878130623183 196803040.45500001 0.015333717095875313
decision_type=2 2 2 2 2 2 2 2 2 2
left_child=2 8 3 5 -5 -1 7 -4 9 -2
right_child=1 -3 6 4 -6 -7 -8 -9 -10 -11
leaf_value=-0.00060223287813333446 0.020834884901208505 -0.025859926564446127 0.017137188903503905 -0.019695933035647178 0.00077366199206517104 0.00776190330431105 0.034676113774780908 -0.022390113544091039 0.033506308443064382 -0.01631663743137628
leaf_weight=1030.7682351376861 19.633449867367748 5.5473661422729483 17.032664537429817 40.384972855448723 63.31867715716362 129.30255864560604 6.8864690959453574 5.2108443826436988 9.121027931571005 6.5161796808242789
leaf_count=3551 41 19 40 120 158 301 15 17 17 19
internal_value=0.000386401 0.0113895 3.9025e-05 -0.000287679 -0.00719775 0.000330041 0.0142127 0.00787738 0.0172481 0.0115772
internal_weight=1333.72 40.818 1292.9 1263.77 103.704 1160.07 29.13 22.2435 35.2707 26.1496
internal_count=4298 96 4202 4130 278 3852 72 57 77 60
is_linear=0
shrinkage=0.03


Tree=152
num_leaves=14
num_cat=0
split_feature=29 28 28 28 26 8 28 11 22 16 13 22 13
split_gain=5.53127 5.43277 23.9215 33.8403 15.5902 15.4321 14.446 10.5693 0.00225048 0.000646909 0.000307538 5.17311e-05 1.41208e-05
threshold=0.019982888506241938 0.0016514856706810902 0.0025768289297380454 0.0024234043462750174 0.0026136608123154422 -0.022636781585878559 -0.00061082415915621158 0.014888094195641429 46410288.8605 0.58333333333333337 0.015168771289267365 36885017.461000003 0.007608241380867283
decision_type=2 2 2 2 2 2 2 2 2 2 2 2 2
left_child=8 5 3 -3 -4 7 -7 -2 11 10 -10 12 -1
right_child=1 2 4 -5 -6 6 -8 -9 9 -11 -12 -13 -14
leaf_value=-0.030882838935439631 -0.043871916317724288 -0.0075877549128069632 -0.030672799742515817 -0.056643426704760566 0.0036548952171587342 -0.0012624581940903891 0.0060590402240921068 -0.0062271886392160575 -0.031389658389364944 -0.032667310930041063 -0.032251104647015756 -0.031186335828535403 -0.030663101574264159
leaf_weight=0.48180956114083417 10.587385986000301 68.027899539098144 12.55399529635906 15.548788752406834 231.07787217758596 508.41319427825511 463.80707157589495 18.340149730443954 0.72976753860712074 1.8712586518377063 0.76288563385605812 0.34350191615521897 0.58010688424110413
leaf_count=19 43 239 51 75 729 1648 1343 53 18 28 13 10 29
internal_value=0.00037524 0.00049103 -0.00286489 -0.0167142 0.00188604 0.00158786 0.00223033 -0.020005 -0.0318745 -0.0322957 -0.0318299 -0.0308663 -0.0307628
internal_weight=1333.13 1328.36 327.209 83.5767 243.632 1001.15 972.22 28.9275 4.76933 3.36391 1.49265 1.40542 1.06192
internal_count=4298 4181 1094 314 780 3087 2991 96 117 59 31 58 48
is_linear=0
shrinkage=0.03


Tree=153
num_leaves=12
num_cat=0
split_feature=1 13 0 4 10 10 13 26 9 18 25
split_gain=5.46738 5.483 9.88129 12.3485 6.84837 15.0872 12.2942 4.2233 3.17886 0.0163667 0.00803322
threshold=0.010081625177008639 0.016542317134370484 -0.0012374221737234379 92.500000000000014 -0.0065892210708611973 0.015074131594052038 0.021420013813948768 -0.0049082657645199519 2.0250036060493106 0.0063556725141518727 -9.7102269467849909e-05
decision_type=2 2 2 2 2 2 2 2 2 2 2
left_child=8 2 7 -4 6 -6 -3 -2 9 10 -1
right_child=1 4 3 -5 5 -7 -8 -9 -10 -11 -12
leaf_value=-0.036354953623471249 0.018740590500987305 -0.022549649062068997 0.01179319884714803 -0.013441293419931067 0.0063886625199764428 -0.0019289383142707722 -0.00075963509467266114 -0.036940074190506877 0.01472532115824071 -0.037526331539124422 -0.033323202035515948
leaf_weight=1.0750923771411174 1.3714613430202014 24.665699683129787 30.764416516758502 40.335424647666514 440.19481329247355 354.19697513431311 422.06377176009119 11.558033878915008 1.4240106306970117 1.885530427098274 2.9311141297221179
leaf_count=10 8 133 165 278 1270 1040 1220 108 11 14 41
internal_value=0.000364036 0.00050682 -0.00690952 -0.0025225 0.00100894 0.00268008 -0.00196275 -0.0310339 -0.0254994 -0.0352215 -0.0341368
internal_weight=1332.47 1325.15 84.0293 71.0998 1241.12 794.392 446.729 12.9295 7.31575 5.89174 4.00621
internal_count=4298 4222 559 443 3663 2310 1353 116 76 65 51
is_linear=0
shrinkage=0.03


Tree=154
num_leaves=14
num_cat=0
split_feature=26 26 26 25 3 25 23 22 6 5 17 7 22
split_gain=5.30139 15.9164 16.9493 26.4915 13.0735 10.612 10.4905 14.5987 9.26158 15.0404 8.84178 8.18312 0.232304
threshold=0.0058195437962758221 0.0044806392461239014 0.0035745144243393341 0.00056576806837775378 0.013563188084995074 0.00032396344519692124 1.5370399871844214 779062960.43700016 17842.500000000004 -0.0030102963064023874 0.0013750179778823726 24897890.123 95981767.769500002
decision_type=2 2 2 2 2 2 2 2 2 2 2 2 2
left_child=1 2 5 -4 12 -1 7 -6 9 -3 -10 -8 -2
right_child=4 8 3 -5 6 -7 11 -9 10 -11 -12 -13 -14
leaf_value=0.0023775639561495784 -0.038106058550661938 0.023607857490190683 -0.031281221640528843 0.012195752983380744 -0.0025833317761279162 -0.0048856614149965522 -0.01068302579852248 -0.034929147935461924 0.02511062837469372 -0.045247325608018564 0.0047798107858113706 0.022621392544656109 -0.049368890242538273
leaf_weight=836.99333336949348 2.606826687231659 5.4891664236783981 36.308781046420336 19.327603910118341 64.374139682389796 231.00948208477348 9.8222162984311598 15.601495459675787 46.366934277117252 5.949955662712453 32.920745052397251 20.493495129048824 4.4818294122815132
leaf_count=2629 20 15 183 50 224 777 40 61 102 40 89 46 22
internal_value=0.000353028 0.000941502 -3.44392e-05 -0.0161777 -0.00573509 0.000806525 -0.00319686 -0.00889329 0.0130284 -0.0122065 0.0166691 0.0118308 -0.045227
internal_weight=1331.75 1214.37 1123.64 55.6364 117.38 1068 110.291 79.9756 90.7268 11.4391 79.2877 30.3157 7.08866
internal_count=4298 3885 3639 233 413 3406 371 285 246 55 191 86 42
is_linear=0
shrinkage=0.03


Tree=155
num_leaves=8
num_cat=0
split_feature=18 17 22 23 21 1 25
split_gain=5.41148 6.42025 6.55896 15.1295 8.47625 3.95606 5.93614
threshold=0.027347698298702407 0.016527267478083345 1701275512.6040003 2.1527323905873597 18795999.500000004 0.038924982494747427 0.00021089200597581385
decision_type=2 2 2 2 2 2 2
left_child=1 2 4 -4 -1 -2 -7
right_child=5 -3 3 -5 -6 6 -8
leaf_value=-0.00087957777794703046 0.030525378567791098 -0.028459620143346454 0.009142027479406659 -0.016678544913566233 0.022633620140153819 0.019984117247873939 -0.0224280323504349
leaf_weight=1113.1053145481274 8.9228500276803988 7.0479692667722693 151.28070538118482 23.611447475850582 13.971411436796187 8.1401971131563169 4.6762725114822379
leaf_count=3727 17 23 390 81 29 17 14
internal_value=0.000342628 9.60921e-05 0.000250673 0.0056561 -0.000588105 0.0151876 0.00450944
internal_weight=1330.76 1309.02 1301.97 174.892 1127.08 21.7393 12.8165
internal_count=4298 4250 4227 471 3756 48 31
is_linear=0
shrinkage=0.03


Tree=156
num_leaves=12
num_cat=0
split_feature=29 14 25 25 25 9 9 12 24 20 11
split_gain=5.3083 9.2312 6.25507 22.4105 31.2965 12.8554 9.50519 20.1968 10.0866 3.71961 4.89192
threshold=0.096938677093608802 0.86050868999935026 -0.00014680805425697666 -0.00022115147749914168 -0.00022945147468294975 3.4658097936476104 0.5215962505783337 -0.011518015480832427 0.27752316943973426 -0.006217378339717714 0.010937792636751336
decision_type=2 2 2 2 2 2 2 2 2 2 2
left_child=2 9 3 4 -1 -5 7 -4 -8 10 -2
right_child=1 -3 6 5 -6 -7 8 -9 -10 -11 -12
leaf_value=0.0014416745662774507 0.0073333934021127195 -0.02490849776546154 0.0018792470211339489 0.023660318785792844 -0.058152181374923104 -0.017584890566804925 -0.031458728739612175 -0.032206723793957802 -0.00011776177227106897 0.00081668655806137224 0.034018630720772408
leaf_weight=267.43293360807002 10.695548310875894 5.5505820065736762 37.347847118973732 59.773375395685434 8.1735285110771638 7.6743576899170867 9.3408210072666389 26.922904282808304 873.12391199544072 9.5808597356080991 14.653244599699972
leaf_count=854 25 19 107 137 40 33 56 152 2823 26 26
internal_value=0.000332601 0.0110297 -3.12963e-06 0.00346752 -0.000325672 0.0189673 -0.00126074 -0.0123993 -0.000449503 0.0167406 0.0227592
internal_weight=1330.27 40.4802 1289.79 343.054 275.606 67.4477 946.735 64.2708 882.465 34.9297 25.3488
internal_count=4298 96 4202 1064 894 170 3138 259 2879 77 51
is_linear=0
shrinkage=0.03


Tree=157
num_leaves=13
num_cat=0
split_feature=29 18 18 0 17 15 29 22 18 18 22 22
split_gain=5.28926 5.58063 16.659 14.7115 10.5539 9.61907 6.24786 0.027691 0.00207985 0.000473706 0.000470786 5.99057e-05
threshold=0.019982888506241938 0.0025661671161059003 0.0031806233591589743 -0.00020476107710262436 0.00048022302419164559 -0.0046773404814360641 0.021736336090757796 70238377.577000007 0.0043662230327501514 0.0062744528911810914 129261331.89950003 36885017.461000003
decision_type=2 2 2 2 2 2 2 2 2 2 2 2
left_child=8 3 5 7 -5 -3 -4 -2 10 -10 11 -1
right_child=1 2 6 4 -6 -7 -8 -9 9 -11 -12 -13
leaf_value=-0.03073194448655174 -0.032887300769309735 0.028293902705434904 0.01126822222684983 0.012471187346143985 0.072441861400438609 -0.036461119089617876 0.00022336208043560848 -0.038287990403246271 -0.032054877492223126 -0.032927643194038021 -0.031776147121944057 -0.031115798292366152
leaf_weight=0.95020689442753725 1.7394909597933286 2.3698740713298347 47.868740806356072 6.8488167114555818 4.2987473532557487 16.025677477940917 1243.9744467902929 1.6793326959013937 1.1982505284249785 1.0502907969057558 0.80048988945782173 0.59506833460181952
leaf_count=45 26 15 151 40 16 141 3781 11 23 14 17 18
internal_value=0.000322823 0.000434258 0.000228959 0.0189008 0.0355972 -0.0281188 0.000632625 -0.0355401 -0.0318106 -0.0324625 -0.0311857 -0.0308798
internal_weight=1329.4 1324.81 1310.24 14.5664 11.1476 18.3956 1291.84 3.41882 4.59431 2.24854 2.34577 1.54528
internal_count=4298 4181 4088 93 56 156 3932 37 117 37 80 63
is_linear=0
shrinkage=0.03


Tree=158
num_leaves=10
num_cat=0
split_feature=25 5 25 6 25 26 27 3 17
split_gain=5.20084 10.9515 7.51641 24.6762 7.30419 27.8446 8.34786 3.97732 2.08089
threshold=-0.001013258929688022 0.00059689203890117136 -0.00074090273753692323 346904.00000000006 -0.0003944043076717358 -0.0022522061500441625 -0.038562590401446946 0.95777842312051031 -0.003247053545771534
decision_type=2 2 2 2 2 2 2 2 2
left_child=1 -1 3 7 5 -4 -6 -2 -3
right_child=2 8 4 -5 6 -7 -8 -9 -10
leaf_value=-0.0166186489526477 -0.0513150624400419 0.037379406863400806 -0.047728475630625281 0.023577938914308851 0.0094152853860556395 0.012507684188518204 -0.00095795272404835467 -0.014009723243248754 0.01581562700791906
leaf_weight=7.1664599217474487 10.297677283175291 9.1272851377725637 7.4542346037924281 8.2802882641553861 74.519418396055698 94.024544550105929 1107.5229411944747 3.4284732565283766 7.2083759568631622
leaf_count=24 59 18 38 20 178 260 3663 17 21
internal_value=0.000312839 0.0143 6.10414e-05 -0.0173234 0.000359104 0.00808297 -0.000303993 -0.0419971 0.027864
internal_weight=1329.03 23.5021 1305.53 22.0064 1283.52 101.479 1182.04 13.7262 16.3357
internal_count=4298 63 4235 96 4139 298 3841 76 39
is_linear=0
shrinkage=0.03


Tree=159
num_leaves=14
num_cat=0
split_feature=3 15 1 7 21 21 9 29 29 14 28 15 1
split_gain=5.21836 10.1786 15.9233 9.61784 9.05004 10.2232 6.49859 7.93267 13.5349 7.20301 14.3644 11.5677 5.90236
threshold=0.99980000000000036 -0.00025798966795029748 0.041163393730378757 1573517.6110000003 530178.50000000012 380287.00000000006 0.36876117336910136 0.073566847045656428 0.051624236850219378 0.024985706359927883 -0.0042594076681982994 -0.019013399057939067 0.025437829212381795
decision_type=2 2 2 2 2 2 2 2 2 2 2 2 2
left_child=6 4 3 -3 5 -2 7 8 -1 10 -8 -11 -6
right_child=1 2 -4 -5 12 -7 9 -9 -10 11 -12 -13 -14
leaf_value=-0.0324522675707236 0.0019565180844812085 -0.00088316130913066696 0.022941998152368782 -0.047254725878690382 0.004549553213103504 0.055646155351066678 -0.03516791318066384 -0.052671275276282445 0.018311065465361341 0.013582535731761455 -0.00041383588186118551 0.00073925564246783032 -0.039793173054327668
leaf_weight=9.3769538495689684 9.3664156477898377 5.5341338748112383 5.4978032857179633 14.766341194510458 5.7936716824769956 4.84195827320218 14.588333250954745 4.1484113335609427 9.5328431949019414 66.840458199381828 40.191404480487108 1132.5900161927566 5.0620935186743736
leaf_count=61 50 37 12 73 21 8 55 16 23 149 126 3647 20
internal_value=0.000303706 -0.00911975 -0.0223479 -0.0346133 0.00449582 0.020253 0.00067896 -0.015103 -0.00686136 0.000969106 -0.00966916 0.00145497 -0.0161277
internal_weight=1328.13 50.8624 25.7983 20.3005 25.0641 14.2084 1277.27 23.0582 18.9098 1254.21 54.7797 1199.43 10.8558
internal_count=4298 221 122 110 99 58 4077 100 84 3977 181 3796 41
is_linear=0
shrinkage=0.03


Tree=160
num_leaves=11
num_cat=0
split_feature=22 12 9 17 28 10 28 10 29 18
split_gain=5.17165 5.76712 5.56555 7.83832 10.4469 6.17568 11.4645 8.34911 0.0518615 0.0062543
threshold=21313646.734000005 -0.057577196971351101 0.36876117336910136 0.0032168435615924774 0.0014789736626456354 -0.010010657713271488 0.0015549585113555982 0.015625658520592025 0.055796232233848483 0.004984448286627253
decision_type=2 2 2 2 2 2 2 2 2 2
left_child=1 -1 3 4 -2 6 -4 -7 9 -3
right_child=2 8 5 -5 -6 7 -8 -9 -10 -11
leaf_value=0.052163666195551142 -0.021014760093079201 -0.032003975817062172 -0.00048814783165629654 -0.049027853032918331 0.02495591397201646 0.0042828828611114911 -0.015919126695598383 -0.0016668644027224933 -0.040558599750597175 -0.034079899885053173
leaf_weight=0.78631013631820668 13.248885084874933 3.7695408733561626 339.01782208867371 4.597923517227172 6.6984468586742869 567.95795868337154 49.682688837870955 338.94625925272703 0.87570530176162709 1.9987377282232044
leaf_count=1 62 91 992 25 19 1896 184 1001 5 22
internal_value=0.000294659 -0.0246636 0.000435134 -0.0137168 -0.0055775 0.000703242 -0.0024605 0.00205923 -0.033756 -0.0327233
internal_weight=1327.58 7.43029 1320.15 24.5453 19.9473 1295.6 388.701 906.904 6.64398 5.76828
internal_count=4298 119 4179 106 81 4073 1176 2897 118 113
is_linear=0
shrinkage=0.03


Tree=161
num_leaves=12
num_cat=0
split_feature=20 15 1 15 13 15 24 14 6 15 14
split_gain=5.23272 9.32596 14.5542 14.6745 9.51296 8.44795 15.1144 10.9492 7.22162 7.75227 5.98819
threshold=0.03518014595241422 0.013322758915132972 0.028047816840576795 0.014560142970660545 0.032971401608480118 0.0066984846462585053 0.93133609333474776 0.80533098777414158 1147073.0000000002 0.015017436309047795 0.97622084963272115
decision_type=2 2 2 2 2 2 2 2 2 2 2
left_child=1 5 4 -4 -3 7 -7 -1 9 -2 -11
right_child=8 2 3 -5 -6 6 -8 -9 -10 10 -12
leaf_value=0.00019911340399693487 -0.024797928742930544 0.0063976930282941919 -0.033754153855627245 0.003666650952864278 -0.036538766530976055 0.0088438665301403072 -0.018619599133506297 -0.015397389668470833 0.034860301659160424 0.019141575808068988 -0.012637248635835319
leaf_weight=931.88424295466393 6.6376973502337924 5.9075748324394253 11.070409066975115 63.707121562212706 21.715170234441757 186.99634888488799 19.960441427305341 42.352074224501848 8.7495953738689405 21.364752069115642 7.1133777648210517
leaf_count=3061 24 17 39 166 82 517 79 225 18 49 21
internal_value=0.000285732 -6.24626e-05 -0.00874735 -0.0018733 -0.0273561 0.00069045 0.00619509 -0.000478899 0.0104746 0.0043986 0.0112037
internal_weight=1327.46 1283.59 102.4 74.7775 27.6227 1181.19 206.957 974.236 43.8654 35.1158 28.4781
internal_count=4298 4186 304 205 99 3882 596 3286 112 94 70
is_linear=0
shrinkage=0.03


Tree=162
num_leaves=11
num_cat=0
split_feature=29 14 15 25 15 29 12 20 20 11
split_gain=5.15117 8.51805 6.24093 5.56975 8.30444 6.6281 4.00609 5.95303 3.58587 4.72251
threshold=0.096938677093608802 0.86050868999935026 0.023874674876962401 -0.001013258929688022 -0.0010127234060178711 0.078525683074137889 -0.0019463016918604369 0.010165164066030489 -0.006217378339717714 0.010937792636751336
decision_type=2 2 2 2 2 2 2 2 2 2
left_child=2 8 3 4 -1 -5 7 -4 9 -2
right_child=1 -3 6 5 -6 -7 -8 -9 -10 -11
leaf_value=0.0338507926369159 0.0071936232138426004 -0.02376554066113817 0.027297245709925096 1.9041303127383034e-05 -0.0026539293805241146 -0.0079890798596924297 0.034179258813827058 -0.0047517092450956094 0.00071613412094135827 0.033515305977478822
leaf_weight=10.533691272139551 10.672967255115511 5.5164132267236701 8.4957878440618568 1134.1000473666936 11.995583713054655 101.32974906265736 6.6574970036745063 13.512467101216314 9.5404954850673658 14.427000135183333
leaf_count=22 25 19 17 3796 39 273 15 40 26 26
internal_value=0.00027743 0.0108583 -5.28093e-05 -0.000368214 0.0144141 -0.000637783 0.0137883 0.00762006 0.016372 0.0223228
internal_weight=1326.78 40.1569 1286.62 1257.96 22.5293 1235.43 28.6658 22.0083 34.6405 25.1
internal_count=4298 96 4202 4130 61 4069 72 57 77 51
is_linear=0
shrinkage=0.03


Tree=163
num_leaves=13
num_cat=0
split_feature=29 18 18 0 18 15 29 22 18 22 16 22
split_gain=5.06085 5.13891 15.8813 13.5656 9.83204 9.25958 5.77533 0.0248391 0.00186725 0.000438529 0.00041218 5.81095e-05
threshold=0.019982888506241938 0.0025661671161059003 0.0031806233591589743 -0.00020476107710262436 0.0022935168436996846 -0.0046773404814360641 0.021736336090757796 70238377.577000007 0.0043662230327501514 129261331.89950003 0.58333333333333337 36885017.461000003
decision_type=2 2 2 2 2 2 2 2 2 2 2 2
left_child=8 3 5 7 -5 -3 -4 -2 9 11 -10 -1
right_child=1 2 6 4 -6 -7 -8 -9 10 -11 -12 -13
leaf_value=-0.030688008249366027 -0.032757163166976223 0.02722984965597737 0.010805528797917307 0.0067004353405596831 0.062613977870725895 -0.036228813329673107 0.00017541327346525979 -0.037950491613971619 -0.031877470325241596 -0.031720407304439396 -0.032717245017198013 -0.031074440505518795
leaf_weight=0.89553648792207174 1.6730534657835971 2.3858335707336691 47.768246857449412 5.8710350729525054 5.4652067348361015 15.604770688340066 1241.5630049612373 1.6427017599344251 0.88618473336100612 0.77648892439901818 1.2942836731672285 0.57514767441898584
leaf_count=45 26 15 151 36 20 141 3781 11 19 17 18 18
internal_value=0.000269438 0.000376681 0.000178664 0.0180447 0.0336564 -0.0278132 0.000569247 -0.0353301 -0.0317505 -0.0311436 -0.0323759 -0.0308391
internal_weight=1326.4 1321.97 1307.32 14.652 11.3362 17.9906 1289.33 3.31576 4.42764 2.24717 2.18047 1.47068
internal_count=4298 4181 4088 93 56 156 3932 37 117 80 37 63
is_linear=0
shrinkage=0.03


Tree=164
num_leaves=15
num_cat=0
split_feature=9 18 6 3 26 26 17 23 14 6 22 1 3 5
split_gain=5.0772 15.9257 13.9738 9.53222 9.23832 13.515 8.20333 7.52595 20.3127 14.4869 13.0791 11.977 10.6169 7.43074
threshold=5.4609530156335397 0.006999541439397584 79707.000000000015 0.886509999531638 0.0013701157453519543 0.0022158723715979454 0.0032168435615924774 1.9546118462964526 0.024985706359927883 2556274.0000000005 1701275512.6040003 0.027226479429136374 0.56400842004381224 0.013648350801802019
decision_type=2 2 2 2 2 2 2 2 2 2 2 2 2 2
left_child=7 4 6 -4 13 -6 -3 10 -9 -10 12 -12 -1 -2
right_child=1 2 3 -5 5 -7 -8 8 9 -11 11 -13 -14 -15
leaf_value=0.0012284772889401294 -0.042849234611634958 -0.046641636962424043 0.0020531587029516299 0.031118060137921458 0.022294627138981071 -0.025041682112544612 0.0015649349634607617 -0.041921106287969516 0.0116664229067945 -0.028837957317544169 -0.0073503425068228044 0.01281577832777457 -0.0055092069268633855 0.01083717107866999
leaf_weight=533.52774007432163 16.954920837655667 7.8125936202704889 70.314013004302979 11.86979019641876 8.6025557555258292 14.711688645184038 5.3544197268784046 7.2812264487147322 141.38596034888178 8.4205136001110059 34.444212652742863 115.01217683404684 347.62658650800586 2.6881917715072623
leaf_count=1693 112 44 192 24 24 96 21 33 423 30 115 272 1209 10
internal_value=0.000261088 -0.0051788 0.00165408 0.006251 -0.0203455 -0.0075754 -0.0270382 0.000894566 0.00701138 0.0093897 -3.77701e-05 0.00816823 -0.00142962 -0.0355022
internal_weight=1326.01 138.308 95.3508 82.1838 42.9574 23.3142 13.167 1187.7 157.088 149.806 1030.61 149.456 881.154 19.6431
internal_count=4298 523 281 216 242 120 65 3775 486 453 3289 387 2902 122
is_linear=0
shrinkage=0.03


Tree=165
num_leaves=10
num_cat=0
split_feature=18 28 28 28 26 28 28 25 25
split_gain=5.00309 5.50008 20.6803 26.8261 20.5446 14.217 14.7282 8.22214 3.3455
threshold=0.027347698298702407 -0.00061082415915621158 -0.0022649867689275897 -0.0015598542803394236 -0.00085358616756893945 4.5998217945309541e-05 0.00019137072142894282 -2.2102345680785784e-05 0.00021773358020248402
decision_type=2 2 2 2 2 2 2 2 2
left_child=1 2 4 -4 -1 7 -7 -3 -2
right_child=8 5 3 -5 -6 6 -8 -9 -10
leaf_value=-0.0010601792947817386 0.023980980747941409 0.018797115015483333 -0.030023245704036791 -0.0040222822416966621 0.019208353453079287 -0.021899101651567165 0.00060436380012546557 0.0043262238390351102 -0.0003895908836167447
leaf_weight=239.97182631026953 13.21032837033272 57.709853738546371 45.214889239519835 169.93045529350638 55.399302676320076 27.335508528165519 616.74933184497058 91.154183864593506 8.2266041934490186
leaf_count=806 27 136 184 593 141 119 2013 258 21
internal_value=0.000253265 1.68476e-05 -0.00241185 -0.00948664 0.00274135 0.00158049 -0.000350702 0.00993613 0.0146286
internal_weight=1324.9 1303.47 510.516 215.145 295.371 792.949 644.085 148.864 21.4369
internal_count=4298 4250 1724 777 947 2526 2132 394 48
is_linear=0
shrinkage=0.03


Tree=166
num_leaves=11
num_cat=0
split_feature=29 14 15 25 25 21 12 5 25 13
split_gain=4.90279 7.99521 5.76009 5.37353 20.9911 10.1729 3.90372 6.60894 3.33574 4.37325
threshold=0.096938677093608802 0.86050868999935026 0.023874674876962401 -0.00014680805425697666 -0.00022115147749914168 106546.50000000001 -0.0019463016918604369 0.0036061878130623183 -7.7968472038088423e-05 0.048281816652209951
decision_type=2 2 2 2 2 2 2 2 2 2
left_child=2 8 3 4 -1 -5 7 -4 -2 -10
right_child=1 -3 6 5 -6 -7 -8 -9 9 -11
leaf_value=-0.00085434167817146733 0.00032342470990449977 -0.022930654164453588 0.01642545247912457 -0.019603635975170074 0.018141763631830257 -0.00099957307546562997 0.033751659738855376 -0.022397948738145764 0.030907808829200727 0.0049252879052474356
leaf_weight=263.79526169598103 9.0179222375154477 5.5121692195534697 16.674074485898025 27.254099191166461 65.317064574919641 899.69182734098285 6.4799949228763571 5.1698205769062033 16.224242269992832 9.1004789471626264
leaf_count=866 24 19 40 156 166 2942 15 17 30 23
internal_value=0.000245879 0.0106084 -7.56747e-05 -0.000377364 0.00291571 -0.00154657 0.0133031 0.00723707 0.0159916 0.0215709
internal_weight=1324.24 39.8548 1284.38 1256.06 329.112 926.946 28.3239 21.8439 34.3426 25.3247
internal_count=4298 96 4202 4130 1032 3098 72 57 77 53
is_linear=0
shrinkage=0.03


Tree=167
num_leaves=13
num_cat=0
split_feature=29 18 18 0 20 3 25 22 18 22 18 22
split_gain=4.84795 4.91617 15.0693 12.7434 11.6444 8.88167 5.65472 0.022675 0.00163153 0.000398089 0.00038793 5.02028e-05
threshold=0.019982888506241938 0.0025661671161059003 0.0031806233591589743 -0.00020476107710262436 -0.031182496093262194 0.55200378254323323 -0.0003944043076717358 70238377.577000007 0.0043662230327501514 129261331.89950003 0.0062744528911810914 36885017.461000003
decision_type=2 2 2 2 2 2 2 2 2 2 2 2
left_child=8 3 4 7 -3 -5 -4 -2 9 11 -10 -1
right_child=1 2 6 5 -6 -7 -8 -9 10 -11 -12 -13
leaf_value=-0.030664970842886788 -0.032622883146751609 0.042951456394709632 0.0062976020289904656 0.058670806041498824 -0.035931748862716148 0.0058545480850187084 -0.00016055098958896868 -0.03765811302500529 -0.031891262358572543 -0.031661393669784953 -0.032708663005170939 -0.031030677810730482
leaf_weight=0.86617166921496325 1.6165477670729171 1.886942103505137 136.49884425476193 5.7648592405021155 15.673393901437519 5.6975743696093559 1150.4875046145171 1.6031805574893949 1.109384920448065 0.75167237222194661 0.98784796521067608 0.55385607667267323
leaf_count=45 26 8 396 24 148 32 3536 11 23 17 14 18
internal_value=0.000238774 0.000342059 0.000147774 0.0176048 -0.0274554 0.0324177 0.000524406 -0.03513 -0.0316795 -0.0311031 -0.0322763 -0.0308076
internal_weight=1323.5 1319.23 1304.55 14.6822 17.5603 11.4624 1286.99 3.21973 4.26893 2.1717 2.09723 1.42003
internal_count=4298 4181 4088 93 156 56 3932 37 117 80 37 63
is_linear=0
shrinkage=0.03


Tree=168
num_leaves=13
num_cat=0
split_feature=3 8 15 16 25 0 21 5 0 3 0 18
split_gain=4.83411 10.7718 10.3695 12.5485 10.5266 7.85969 12.5811 14.2862 9.20046 18.2115 14.916 4.05984
threshold=0.99980000000000036 0.020928426893294761 -0.0024074840060486348 0.75000000000000011 0.00011771404345774827 -0.0024353227387348751 171614.50000000003 0.00472178205345938 -0.0010999506830339947 0.79175880596477 -0.00044956497990926263 0.0036799619455577842
decision_type=2 2 2 2 2 2 2 2 2 2 2 2
left_child=5 2 4 -4 -2 6 11 -8 9 -7 -10 -1
right_child=1 -3 3 -5 -6 8 7 -9 10 -11 -12 -13
leaf_value=0.0039139417563184816 0.016595428996593903 0.023834315551778718 -0.042529087515867134 0.0023878929454364214 -0.035704031401035626 -0.0010505172002962836 0.00075237558677934257 0.019572473340436557 0.010229274903200322 -0.0254426345764499 -0.00069968398322020685 -0.043859683659822839
leaf_weight=2.2444949448108664 13.073680752888324 7.6779147759079924 16.449403040111065 8.48534027580172 4.7120259795337907 106.0531068071723 84.228704534471035 63.79487949423492 129.66558854375035 37.21468978561461 843.71046124491841 5.5835360214114189
leaf_count=18 39 19 106 29 28 342 267 163 367 145 2740 35
internal_value=0.000231386 -0.0088811 -0.0147609 -0.0272438 0.00273956 0.000592294 0.00690328 0.00886342 -0.00028854 -0.00738652 0.000756187 -0.0301618
internal_weight=1322.89 50.3984 42.7205 24.9347 17.7857 1272.5 155.852 148.024 1116.64 143.268 973.376 7.82803
internal_count=4298 221 202 135 67 4077 483 430 3594 487 3107 53
is_linear=0
shrinkage=0.03


Tree=169
num_leaves=15
num_cat=0
split_feature=9 6 11 22 24 14 17 23 14 7 22 4 22 29
split_gain=4.819 13.4667 10.7457 14.2559 12.9911 10.1196 10.9645 6.99725 19.0802 15.5027 12.293 11.3427 9.62615 5.25732
threshold=5.4609530156335397 247236.00000000003 0.01127192825365517 884316729.7125001 0.48415870711995757 0.052545526647719422 0.0097333938500162795 1.9546118462964526 0.024985706359927883 220238587.31450003 1701275512.6040003 137.50000000000003 1892759591.7500002 0.037625579013088571
decision_type=2 2 2 2 2 2 2 2 2 2 2 2 2 2
left_child=7 5 3 -3 -4 -2 -7 10 13 -10 11 -1 -12 -9
right_child=1 2 4 -5 -6 6 -8 8 9 -11 12 -13 -14 -15
leaf_value=-0.0054862138208026162 0.023072412455817832 -7.5724391579104261e-05 -0.012345363972992733 -0.052647038641049838 0.019403720670028109 -0.023693648279057313 0.033790966347793099 -0.0090882456081225801 0.013008279336515072 -0.014530276054437415 0.027907334800253692 0.0014380582896959227 0.0050038115990065713 -0.061477068374836831
leaf_weight=361.48075577523559 5.366406710818409 17.5763023942709 16.423259072005749 6.3086325898766509 39.488667197525501 49.004254668951035 3.1800424307584754 2.8418343625962725 127.96087163500488 21.487314730882645 18.922938905656338 518.05918312072754 129.81200916692615 4.3826846331357956
leaf_count=1289 14 68 55 31 94 254 7 15 381 72 41 1613 346 18
internal_value=0.000224422 -0.00509512 0.0028825 -0.0139612 0.0100779 -0.0161565 -0.0201906 0.000841011 0.00674701 0.00904885 -5.88537e-05 -0.00140774 0.00791773 -0.0408694
internal_weight=1322.3 137.348 79.7969 23.8849 55.9119 57.5507 52.1843 1184.95 156.673 149.448 1028.27 879.54 148.735 7.22452
internal_count=4298 523 248 99 149 275 261 3775 486 453 3289 2902 387 33
is_linear=0
shrinkage=0.03


Tree=170
num_leaves=15
num_cat=0
split_feature=27 7 24 27 1 4 14 11 21 1 29 0 26 8
split_gain=4.75536 13.6582 29.0288 10.2719 11.9094 10.8889 9.41308 8.8544 13.5557 11.1744 7.43022 12.8248 5.45023 2.21903
threshold=-0.038562590401446946 82546579.166500017 1.0168643531089101 -0.011180238412335614 0.02063838347014427 7.5000000000000009 0.052545526647719422 0.0035130867077391294 470379.00000000006 0.030240000052905197 0.04993785496395766 0.00030924650742259488 4.746778557185967e-05 -0.0069547827645786379
decision_type=2 2 2 2 2 2 2 2 2 2 2 2 2 2
left_child=1 10 6 4 13 -6 -3 8 -5 -9 11 -1 -12 -2
right_child=3 2 -4 7 5 -7 -8 9 -10 -11 12 -13 -14 -15
leaf_value=0.022216397148794285 -0.01451985464410846 -0.061507487278737796 0.030614620868138757 -0.013035492772591599 0.0072828702315032292 -0.0073834295335519383 -0.016186859744223184 -0.0030253796854675312 0.022522768236818584 0.0036220621272883822 0.017070035511274947 -0.037133987518043324 0.043379648692146437 -0.050336312159797544
leaf_weight=8.281953886151312 2.0987427160143852 6.2422027736902299 10.681019768118857 12.961735420860348 58.029738217592239 212.02248673699796 12.158418878912924 422.25951021723449 37.754323625005782 493.68000619765371 23.763297110795975 5.4219600819051257 10.097676575183867 6.0293215289711934
leaf_count=19 9 25 19 101 167 689 36 1570 128 1410 50 24 15 36
internal_value=0.00021778 0.00747035 -0.00872555 -0.000228772 -0.00530878 -0.00423189 -0.0315614 0.00123313 0.013435 0.000557509 0.0173727 -0.00126561 0.0249158 -0.0410882
internal_weight=1321.48 76.6465 29.0816 1244.84 278.18 270.052 18.4006 966.656 50.7161 915.94 47.5649 13.7039 33.861 8.12806
internal_count=4298 188 80 4110 901 856 61 3209 229 2980 108 43 65 45
is_linear=0
shrinkage=0.03


Tree=171
num_leaves=10
num_cat=0
split_feature=25 5 25 7 12 25 26 25 17
split_gain=4.73559 10.4813 6.89371 20.372 10.6532 6.62472 26.3703 7.53199 2.25083
threshold=-0.001013258929688022 0.00059689203890117136 -0.00074090273753692323 213190011.86450002 -0.029004754159376499 -0.0003944043076717358 -0.0022522061500441625 -0.00022115147749914168 -0.0021580265736592728
decision_type=2 2 2 2 2 2 2 2 2
left_child=1 -1 3 4 -2 6 -4 -7 -3
right_child=2 8 5 -5 -6 7 -8 -9 -10
leaf_value=-0.016481999767420173 0.017357460846233567 0.036724623936754949 -0.047092962503644281 0.040709118123631281 -0.042772522780176292 -0.0071216194257111981 0.011965896223869182 0.00048051273662393399 0.013742447112558688
leaf_weight=7.1369365938007858 3.2679146677255675 9.351478710770607 7.3406293252483001 4.4211399108171454 14.064973648637533 132.15265023708344 93.140762824565172 1043.3338355496526 6.5019830949604485
leaf_count=24 7 19 38 10 79 452 260 3389 20
internal_value=0.000211458 0.013708 -2.76453e-05 -0.0167735 -0.0314357 0.000257855 0.00765137 -0.000374148 0.0272989
internal_weight=1320.71 22.9904 1297.72 21.754 17.3329 1275.97 100.481 1175.49 15.8535
internal_count=4298 63 4235 96 86 4139 298 3841 39
is_linear=0
shrinkage=0.03


Tree=172
num_leaves=11
num_cat=0
split_feature=18 28 28 4 28 28 21 6 1 5
split_gain=4.69403 5.17086 20.1806 14.9294 13.2392 13.8635 11.0207 6.89805 3.71639 3.71322
threshold=0.027347698298702407 -0.00061082415915621158 -0.00069349392060976008 217.50000000000003 4.5998217945309541e-05 0.00019137072142894282 537054.50000000012 34121.000000000007 0.038924982494747427 0.0010539151896254279
decision_type=2 2 2 2 2 2 2 2 2 2
left_child=1 2 3 -1 7 -6 -4 -3 -2 -10
right_child=8 4 6 -5 5 -7 -8 -9 9 -11
leaf_value=-0.0071102448473721099 0.029383865386863044 -0.0052655956249817518 0.01103285615404432 0.0033975215471893421 -0.021330679234429096 0.00055752019109568055 -0.048452714752666291 0.012404652126851034 0.016683805028805419 -0.016824636496569529
leaf_weight=219.96497575286776 8.6187290847301501 23.664515428245068 3.6007981970906284 272.38673573918641 27.195165645331144 614.86652211006731 12.651778107509015 124.4299749545753 7.7479589879512769 4.8329000622034073
leaf_count=823 17 97 11 834 119 2013 56 297 17 14
internal_value=0.000205284 -2.3283e-05 -0.0023827 -0.00129697 0.00149542 -0.000369576 -0.0352735 0.00958106 0.0142081 0.00381164
internal_weight=1319.96 1298.76 508.604 492.352 790.156 642.062 16.2526 148.094 21.1996 12.5809
internal_count=4298 4250 1724 1657 2526 2132 67 394 48 31
is_linear=0
shrinkage=0.03


Tree=173
num_leaves=12
num_cat=0
split_feature=29 14 10 9 8 28 13 11 25 7 18
split_gain=4.66138 7.46578 5.37032 12.8361 13.5022 11.7861 11.4087 9.3932 8.68526 3.4257 7.00949
threshold=0.096938677093608802 0.86050868999935026 -0.010010657713271488 0.5215962505783337 0.003123198638888026 0.0015549585113555982 0.061028271231667326 0.00011116096980317779 -8.1711755986950643e-05 196803040.45500001 0.015333717095875313
decision_type=2 2 2 2 2 2 2 2 2 2 2
left_child=2 9 5 4 -4 8 -7 -5 -1 10 -2
right_child=1 -3 3 7 -6 6 -8 -9 -10 -11 -12
leaf_value=0.0065732899820647719 0.019261906838981813 -0.022081899497916949 -0.022422127512229613 0.030768170806498837 0.0080388879873691844 -0.022989868389056509 0.018722664170873187 0.0017480235850000291 -0.0041695896018436327 0.032042180543477607 -0.01696537141037702
leaf_weight=94.88325759768486 18.969519510865215 5.4958322942256919 39.628382742404938 10.1610020538792 19.561306647956371 41.105003299191594 6.8905422985553733 830.74918166548014 236.67877005785704 8.5428238511085492 6.438250169157981
leaf_count=256 41 19 186 32 65 171 15 2741 736 17 19
internal_value=0.000199294 0.0103567 -0.000113815 0.00114821 -0.0123552 -0.00310664 -0.0170014 0.00209868 -0.00109529 0.0156078 0.010082
internal_weight=1319.1 39.4464 1279.66 900.1 59.1897 379.558 47.9955 840.91 331.562 33.9506 25.4078
internal_count=4298 96 4202 3024 251 1178 186 2773 992 77 60
is_linear=0
shrinkage=0.03


Tree=174
num_leaves=13
num_cat=0
split_feature=29 18 18 25 20 23 29 22 18 25 22 18
split_gain=4.64702 4.63252 14.2786 12.0953 11.2197 9.57007 5.19297 0.00145887 0.00067455 0.000342583 3.52289e-05 1.965e-05
threshold=0.019982888506241938 0.0025661671161059003 0.0031806233591589743 -0.00040950722489395099 -0.031182496093262194 1.1713679075381669 0.021736336090757796 46410288.8605 0.0062744528911810914 -9.5779806604573002e-05 36885017.461000003 0.0015144563055645599
decision_type=2 2 2 2 2 2 2 2 2 2 2 2
left_child=7 3 4 -2 -3 -5 -4 10 9 -9 11 -1
right_child=1 2 6 5 -6 -7 -8 8 -10 -11 -12 -13
leaf_value=-0.030834434925034175 -0.039097137122905391 0.041675230088575203 0.010202188389346783 0.0040146727272342255 -0.035724512391666359 0.057760430750373029 9.2190002741575437e-05 -0.032247509267704706 -0.032655399974860853 -0.031407376250377886 -0.031015346890947482 -0.030536530165989416
leaf_weight=0.30128151550888904 2.7999272458255282 1.8958993852138544 47.483111537992954 6.123686518520115 15.193472323939202 5.8114229254424572 1235.1278923619539 0.63868374377489123 0.91306903958320607 1.3821669965982439 0.2957191988825798 0.58855846896767616
leaf_count=12 20 8 151 48 148 25 3781 11 13 35 10 36
internal_value=0.000193439 0.000293142 0.000103509 0.0170197 -0.0271378 0.0301845 0.000466469 -0.0316198 -0.0319787 -0.0316729 -0.0307317 -0.0306374
internal_weight=1318.55 1314.44 1299.7 14.735 17.0894 11.9351 1282.61 4.11948 2.93392 2.02085 1.18556 0.88984
internal_count=4298 4181 4088 93 156 73 3932 117 59 46 58 48
is_linear=0
shrinkage=0.03


Tree=175
num_leaves=15
num_cat=0
split_feature=9 18 6 20 15 15 17 25 25 25 21 22 24 21
split_gain=4.62382 14.6605 12.7562 12.4543 9.42952 9.9027 7.88671 6.73884 16.7876 29.3151 11.045 15.841 10.7264 10.3378
threshold=5.4609530156335397 0.006999541439397584 79707.000000000015 -0.064267769040391637 -0.018539340409634876 0.010816969613488856 0.0032168435615924774 -0.00010520802191165431 -0.00022115147749914168 -0.00022945147468294975 415923.00000000006 51975379.835500009 0.75311954547038162 259180.00000000003
decision_type=2 2 2 2 2 2 2 2 2 2 2 2 2 2
left_child=7 4 6 -4 -2 -6 -3 8 9 -1 12 -12 -9 -10
right_child=1 2 3 -5 5 -7 -8 10 13 -11 11 -13 -14 -15
leaf_value=0.0022255694248886357 0.054107133057304746 -0.045801406979344976 -0.020494391137823718 0.011095464902046555 -0.027836506729825853 0.018854937324566102 0.0018294162031009314 -0.0026125531358409922 0.040367493872101819 -0.056686706967688988 0.031405257360158291 0.00025587464734169106 -0.020008642385375256 0.011335456825529484
leaf_weight=246.71156032942235 1.4988296031951893 7.598708759993313 13.446317091584204 68.214620612561703 35.898581663146615 4.6134799048304549 5.3185356184840202 100.99796737078577 12.913865298032759 7.8435723017901173 15.020304756239055 675.47971823997796 46.627449873834848 76.016884837299585
leaf_count=779 2 44 45 171 226 14 21 457 34 39 91 1934 246 195
internal_value=0.00018735 -0.00503854 0.00151195 0.00589387 -0.0197855 -0.0225193 -0.0261899 0.00079144 0.00433041 0.000410314 -0.000658923 0.000933461 -0.0081071 0.0155513
internal_weight=1318.2 136.589 94.5782 81.6609 42.0109 40.5121 12.9172 1181.61 343.486 254.555 838.125 690.5 147.625 88.9308
internal_count=4298 523 281 216 242 240 65 3775 1047 818 2728 2025 703 229
is_linear=0
shrinkage=0.03


Tree=176
num_leaves=9
num_cat=0
split_feature=22 20 27 7 27 15 29 13
split_gain=4.5396 5.69201 5.69307 10.599 9.01042 5.49537 0.0390699 0.00515517
threshold=21313646.734000005 -0.12172288252120701 -0.038562590401446946 82546579.166500017 -0.011180238412335614 -0.031166025798229798 0.055212660069268012 0.016542317134370484
decision_type=2 2 2 2 2 2 2 2
left_child=5 -2 3 -3 -4 -1 7 -7
right_child=1 2 4 -5 -6 6 -8 -9
leaf_value=0.051030304605726599 -0.035344825597648268 0.017421235916206541 -0.0048459556130580209 -0.0060567773771973022 0.0013115352001884556 -0.031476890531276613 -0.039042637773091242 -0.033369807099851101
leaf_weight=0.77961057424545277 4.0173926576971999 45.685406111180782 275.43256731703877 27.857953205704689 957.15685568703339 2.4531220942735663 0.96728492528200138 2.7424263413995504
leaf_count=1 16 102 885 75 3101 74 6 38
internal_value=0.000181514 0.000309723 0.000419389 0.00852785 -6.44084e-05 -0.0240135 -0.0335067 -0.0324761
internal_weight=1317.09 1310.15 1306.13 73.5434 1232.59 6.94244 6.16283 5.19555
internal_count=4298 4179 4163 177 3986 119 118 112
is_linear=0
shrinkage=0.03


Tree=177
num_leaves=14
num_cat=0
split_feature=26 26 26 9 3 24 12 24 5 28 26 14 29
split_gain=4.55401 15.0506 15.2693 32.0409 12.2942 9.80157 15.1416 14.5738 9.38768 8.81574 18.0391 9.32174 0.262571
threshold=0.0058195437962758221 0.0044806392461239014 0.0035745144243393341 1.6564846130652537 0.013563188084995074 0.82344874811653668 -0.019520470696202396 0.92521524381738451 -0.016844706780676708 0.0044968650126410662 0.0054208257523233015 0.91191152814394305 0.045590472446786538
decision_type=2 2 2 2 2 2 2 2 2 2 2 2 2
left_child=1 2 8 -4 12 6 -6 -7 -1 11 -11 -3 -2
right_child=4 9 3 -5 5 7 -8 -9 -10 10 -12 -13 -14
leaf_value=-0.014413733000938832 -0.036575835370492339 0.024255860637072173 -0.051645970010480761 -0.00099691766118733638 -0.041863362132288924 0.037641153428311327 -0.0031921473638350244 -0.0080239116196931196 0.0011037153594467288 -0.027541155133373216 0.018636689927256013 -0.011079559239486007 -0.048869455495826664
leaf_weight=36.337309919297695 2.4195238854736081 50.118345998227596 15.841802766546605 38.705582780763507 10.40614280104637 11.809763658791782 73.302729990333319 13.457526117563246 1020.6772178024985 12.858375981450083 18.66595814935863 7.7595194503664962 4.4201061874628067
leaf_count=141 22 114 81 152 46 24 253 48 3265 50 56 26 20
internal_value=0.000176093 0.000723967 -0.000228481 -0.0157066 -0.00550514 -0.00305643 -0.0079995 0.0133196 0.000570267 0.012566 -0.000198667 0.0195185 -0.0445206
internal_weight=1316.78 1200.96 1111.56 54.5474 115.816 108.976 83.7089 25.2673 1057.01 89.4022 31.5243 57.8779 6.83963
internal_count=4298 3885 3639 233 413 371 299 72 3406 246 106 140 42
is_linear=0
shrinkage=0.03


Tree=178
num_leaves=13
num_cat=0
split_feature=20 15 9 1 25 15 24 15 28 1 0 6
split_gain=4.49636 9.31877 19.5821 17.5812 11.9804 7.49979 13.9572 10.3198 7.40828 5.57682 4.23161 4.6534
threshold=0.03518014595241422 0.013322758915132972 0.82217232997311929 0.034472582753601426 0.00011771404345774827 0.0066984846462585053 0.93133609333474776 0.0062741732236261212 0.00024596161941539387 0.04200429697257678 0.0021381474448544896 252236.50000000003
decision_type=2 2 2 2 2 2 2 2 2 2 2 2
left_child=1 5 3 -3 -4 7 -7 -1 9 -2 11 -10
right_child=8 2 4 -5 -6 6 -8 -9 10 -11 -12 -13
leaf_value=-6.9396407236142063e-05 -0.034679118734855477 -0.059079063287643681 0.0057416947315491722 0.010249083958124031 -0.017357974475040838 0.0083643658466357618 -0.018138463813170778 -0.022722359603037888 0.0059990478188690129 0.010613786423864726 -0.0064815863132506278 0.031488730041501947
leaf_weight=947.86247396655381 5.1482918858528119 11.489974588155748 52.507481962442398 4.6141141951084128 32.848664425313473 185.59810548648238 19.790679425001144 18.451782792806625 10.564458936452867 4.6623110920190811 5.9016559645533553 16.53431861102581
leaf_count=3219 19 51 137 11 105 517 79 67 28 12 18 35
internal_value=0.000170882 -0.000150679 -0.00887275 -0.0392153 -0.00314804 0.000604583 0.00581063 -0.000501955 0.00973384 -0.0131545 0.0165382 0.0215516
internal_weight=1315.97 1273.16 101.46 16.1041 85.3561 1171.7 205.389 966.314 42.811 9.8106 33.0004 27.0988
internal_count=4298 4186 304 62 242 3882 596 3286 112 31 81 63
is_linear=0
shrinkage=0.03


Tree=179
num_leaves=12
num_cat=0
split_feature=1 13 21 20 3 10 10 13 24 7 7
split_gain=4.46838 4.54564 9.80905 10.4307 9.9297 5.64441 13.5628 10.8884 4.12769 0.0225064 0.00219037
threshold=0.010081625177008639 0.016542317134370484 1115289.5000000002 -0.024255510964990169 0.8428288630625872 -0.0065892210708611973 0.015074131594052038 0.021420013813948768 0.22092714337419747 2043883.5705000004 889829.93850000005
decision_type=2 2 2 2 2 2 2 2 2 2 2
left_child=8 2 3 -2 -4 7 -7 -3 -1 10 -10
right_child=1 5 4 -5 -6 6 -8 -9 9 -11 -12
leaf_value=0.029104021480444796 -0.03723725620206008 -0.021618447900050772 -0.031909901849492717 0.0054553698050875121 0.0083114853130190243 0.0058095213276734359 -0.0021270388880717528 -0.00083449175289757288 -0.032360929835210182 -0.03682015914576417 -0.033922850525254671
leaf_weight=1.0972688198089589 5.7646669475361696 23.987320516258478 20.339891659095887 48.344217109493911 7.5838479883968821 435.31156915798783 349.27497805375606 418.04955500736833 2.151023141574115 2.2218119688332081 1.2942635081708429
leaf_count=3 57 133 145 320 37 1270 1040 1220 39 20 14
internal_value=0.00016594 0.000291648 -0.00654539 0.000906971 -0.0209861 0.000748887 0.0022764 -0.00196234 -0.024154 -0.0344659 -0.0329477
internal_weight=1315.42 1308.66 82.0326 54.1089 27.9237 1226.62 784.587 442.037 6.76437 5.6671 3.44529
internal_count=4298 4222 559 377 182 3663 2310 1353 76 73 53
is_linear=0
shrinkage=0.03


end of trees

feature_importances:
atr_20d_pct=216
qqq_gap=197
qqq_vwap_dev=172
intra_curr_bar_range=158
intra_turnover=138
qqq_intra_ret=132
pm_turnover=109
intra_range_pct=99
pm_volume=92
pm_intra_gain=86
intra_vwap_dev=83
pm_rvol=81
intra_volume=72
intra_dist_to_pm_high=63
pm_final_velocity_10m=56
intra_rvol=55
intra_range_retention=54
intra_curr_bar_ret=52
pm_gap=45
pm_peak_to_open_mins=40
intra_return_from_open=40
intra_low_from_open=35
intra_high_from_open=34
pm_surge_retention=28
intra_vol_acceleration=27
pm_vwap_dev=26
alpha_vs_qqq=22
intra_upbar_ratio=16
intra_breakout_pm_high=1

parameters:
[boosting: gbdt]
[objective: binary]
[metric: binary_logloss]
[tree_learner: serial]
[device_type: cpu]
[data_sample_strategy: bagging]
[data: ]
[valid: ]
[num_iterations: 180]
[learning_rate: 0.03]
[num_leaves: 15]
[num_threads: 15]
[seed: 42]
[deterministic: 0]
[force_col_wise: 0]
[force_row_wise: 0]
[histogram_pool_size: -1]
[max_depth: 4]
[min_data_in_leaf: 15]
[min_sum_hessian_in_leaf: 0.001]
[bagging_fraction: 0.8]
[pos_bagging_fraction: 1]
[neg_bagging_fraction: 1]
[bagging_freq: 0]
[bagging_seed: 400]
[bagging_by_query: 0]
[feature_fraction: 0.8]
[feature_fraction_bynode: 1]
[feature_fraction_seed: 30056]
[extra_trees: 0]
[extra_seed: 12879]
[early_stopping_round: 0]
[early_stopping_min_delta: 0]
[first_metric_only: 0]
[max_delta_step: 0]
[lambda_l1: 0]
[lambda_l2: 0]
[linear_lambda: 0]
[min_gain_to_split: 0]
[drop_rate: 0.1]
[max_drop: 50]
[skip_drop: 0.5]
[xgboost_dart_mode: 0]
[uniform_drop: 0]
[drop_seed: 17869]
[top_rate: 0.2]
[other_rate: 0.1]
[min_data_per_group: 100]
[max_cat_threshold: 32]
[cat_l2: 10]
[cat_smooth: 10]
[max_cat_to_onehot: 4]
[top_k: 20]
[monotone_constraints: ]
[monotone_constraints_method: basic]
[monotone_penalty: 0]
[feature_contri: ]
[forcedsplits_filename: ]
[refit_decay_rate: 0.9]
[cegb_tradeoff: 1]
[cegb_penalty_split: 0]
[cegb_penalty_feature_lazy: ]
[cegb_penalty_feature_coupled: ]
[path_smooth: 0]
[interaction_constraints: ]
[verbosity: -1]
[saved_feature_importance_type: 0]
[use_quantized_grad: 0]
[num_grad_quant_bins: 4]
[quant_train_renew_leaf: 0]
[stochastic_rounding: 1]
[linear_tree: 0]
[max_bin: 255]
[max_bin_by_feature: ]
[min_data_in_bin: 3]
[bin_construct_sample_cnt: 200000]
[data_random_seed: 175]
[is_enable_sparse: 1]
[enable_bundle: 1]
[use_missing: 1]
[zero_as_missing: 0]
[feature_pre_filter: 1]
[pre_partition: 0]
[two_round: 0]
[header: 0]
[label_column: ]
[weight_column: ]
[group_column: ]
[ignore_column: ]
[categorical_feature: ]
[forcedbins_filename: ]
[precise_float_parser: 0]
[parser_config_file: ]
[objective_seed: 16083]
[num_class: 1]
[is_unbalance: 0]
[scale_pos_weight: 3.21786]
[sigmoid: 1]
[boost_from_average: 1]
[reg_sqrt: 0]
[alpha: 0.9]
[fair_c: 1]
[poisson_max_delta_step: 0.7]
[tweedie_variance_power: 1.5]
[lambdarank_truncation_level: 30]
[lambdarank_norm: 1]
[label_gain: ]
[lambdarank_position_bias_regularization: 0]
[eval_at: ]
[multi_error_top_k: 1]
[auc_mu_weights: ]
[num_machines: 1]
[local_listen_port: 12400]
[time_out: 120]
[machine_list_filename: ]
[machines: ]
[gpu_platform_id: -1]
[gpu_device_id: -1]
[gpu_device_id_list: ]
[gpu_use_dp: 0]
[num_gpu: 1]

end of parameters

pandas_categorical:[]
