tree
version=v4
num_class=1
num_tree_per_iteration=1
label_index=0
max_feature_idx=29
objective=binary sigmoid:1
feature_names=pm_gap pm_intra_gain pm_gain pm_surge_retention pm_peak_to_open_mins pm_final_velocity_10m pm_volume pm_turnover pm_vwap_dev pm_rvol intra_return_from_open intra_high_from_open intra_low_from_open intra_range_pct intra_range_retention intra_vwap_dev intra_upbar_ratio intra_curr_bar_ret intra_curr_bar_range intra_breakout_pm_high intra_dist_to_pm_high intra_volume intra_turnover intra_rvol intra_vol_acceleration qqq_gap qqq_intra_ret alpha_vs_qqq qqq_vwap_dev atr_20d_pct
feature_infos=[-0.061484272200206469:0.10594795539033457] [0:0.34499999999999997] none [0:1] [0:325] [-0.049238373759256451:0.34499999999999997] [0:31845058] [0:8569697149.3370008] [-0.092066306955677898:0.048037611719781194] [0:31845058] [-0.32773109243697479:0.12332080143047076] [0:0.13704094264362013] [-0.32773109243697479:0] [0:0.32773109243697479] [0:1] [-0.29580322444711499:0.079033915975994698] [0:1] [-0.04198272624859184:0.05201754484367814] [0:0.057897565845043394] [0:1] [-0.25650557620817843:0.10253129538695614] [282:44952032] [80091.25:12007596533.335999] [0.00564:36763989] [0.0041928721174004195:281] [-0.0011859246672332071:0.0012176347095871301] [-0.012880562060889961:0.0082650136639339407] [-0.32803422480477545:0.11752283072021932] [-0.0076221097574201598:0.0055512024093555051] [0.0093137254901960592:0.71615304500823007]
tree_sizes=1701 1718 1716 1715 1716 1716 1720 1724 1725 1748 1739 1737 1526 1748 1732 1742 1744 1736 1726 1622 1749 1756 1754 1739 1731 1750 1741 1735 1733 1744 1636 1754 1753 1743 1740 1738 1750 1738 1732 1632 1754 1754 1744 1541 1644 1743 1643 1748 1634 1628 1642 1753 1644 1748 1534 1628 1216 1535 1533 1537 1737 1216 1754 1204 1729 1750 1641 1766 1632 1644 1534 1420 1312 1742 1204 1112 1645 1642 1097 1112 1428 1643 1442 1112 1104 1650 1526 1218 1108 1622 1641 1443 1443 1425 1652 1109 1638 1218 1449 1443 1120 1629 1339 1212 1429 1454 1007 1740 1754 1099 1012 994 1214 1120 1541 1423 887 1335 1113 1426 1205 1542 1102 885 1452 1426 1540 1636 1112 1535 1643 1227 1218 1759 1118 1111 1543 1117 1427 1538 1120 1532 1752 1535 1435 1116 1527 1125 1652 1515 1550 1115 1553 1772 1653 1639 1109 1650 1549 1440 1428 1555 1116 1535 1323 1746 1771 1436 1117 1641 1540 1757 1121 1520 1420 1638 1538 1114 1545 1131

Tree=0
num_leaves=15
num_cat=0
split_feature=29 13 6 13 28 29 20 5 5 27 8 28 28 5
split_gain=2143.72 403.829 250.509 140.363 162.623 110.913 116.963 104.447 102.015 75.3393 70.8309 64.8489 65.7925 19.6469
threshold=0.055796232233848483 0.024968515158859877 353341.50000000006 0.028941459526136897 -0.00052483402055793801 0.035844391288429082 -0.051046880377599656 0.030043283900149768 0.017142211448220084 0.0011680593915402368 0.0062934351056459347 -0.0039626689549747901 0.0037748781952354378 -0.00036332077165239263
decision_type=2 2 2 2 2 2 2 2 2 2 2 2 2 2
left_child=1 5 7 4 10 13 -7 -3 -4 -6 -2 -5 -13 -1
right_child=3 2 8 11 9 6 -8 -9 -10 -11 -12 12 -14 -15
leaf_value=-2.3354040010533716 -2.1951338826863829 -2.2926561427551975 -2.2097939923378327 -2.3021101890894564 -2.3134857575205929 -2.0781962172154818 -2.3057624871679461 -2.0781962172154818 -2.0156670477586056 -2.2101258908836021 -2.0706739111565113 -2.141399144747429 -2.2497047923096991 -2.3640438391256926
leaf_weight=41.899677351117134 8.8804709911346453 77.744487702846527 42.787723928689957 2.4219466596841803 11.867538645863535 2.0990203917026511 64.343049615621567 2.0990203917026511 2.5834096968173972 13.64363272488117 7.6694975793361655 132.72267483174801 5.2475510686635962 44.402355700731277
leaf_count=487 70 815 354 26 131 10 697 10 8 113 35 856 49 550
internal_value=-2.24252 -2.29497 -2.25503 -2.16262 -2.2107 -2.32771 -2.29857 -2.28702 -2.19874 -2.25821 -2.13746 -2.14822 -2.14552 -2.35014
internal_weight=460.412 277.959 125.215 182.453 42.0611 152.744 66.4421 79.8435 45.3711 25.5112 16.55 140.392 137.97 86.302
internal_count=4211 2931 1187 1280 349 1744 707 825 362 244 105 931 905 1037
is_linear=0
shrinkage=1


Tree=1
num_leaves=15
num_cat=0
split_feature=29 13 6 11 6 29 28 26 0 10 0 25 26 29
split_gain=1573.99 344.208 190.116 104.873 138.592 102.801 108.457 101.562 73.71 65.5004 60.0209 54.2868 63.277 39.3856
threshold=0.055796232233848483 0.024968515158859877 353341.50000000006 0.01878720860291011 50650.500000000007 0.035844391288429082 -0.0018264108480510871 -0.0023458360501756102 0.0026341573657716819 0.043998811576641657 0.0092043947362982926 -0.00044161127236986788 0.00029103162108341129 0.063256232536542389
decision_type=2 2 2 2 2 2 2 2 2 2 2 2 2 2
left_child=1 5 9 4 10 -1 -7 -4 -6 -3 -2 13 -13 -5
right_child=3 2 7 11 8 6 -8 -9 -10 -11 -12 12 -14 -15
leaf_value=-0.01873792635634787 -0.033335012683006551 0.036273105903139945 0.0093294214774913269 -0.033469223801657899 0.14122388670948019 0.10461583150187467 0.011356572896818039 0.13215961627273409 0.062883948999697306 0.18519188082867019 0.18301479576782015 0.1928229448172826 0.14514678833395653 0.12704748262533655
leaf_weight=84.964594706892967 6.8991882503032667 80.056186862289906 7.0387637019157401 1.9500078037381161 81.587493568658829 14.160429820418356 54.106661304831505 43.5031808167696 12.460271194577215 2.7494960203766814 1.3858977183699606 49.042379185557365 51.223018944263458 4.6716227605938911
leaf_count=1037 77 808 71 21 508 116 591 291 104 17 7 227 306 30
internal_value=0.0796307 0.0339589 0.0692033 0.14219 0.120482 0.0032879 0.0307011 0.115054 0.130845 0.0412178 0.00285516 0.162972 0.168466 0.0797768
internal_weight=495.799 286.579 133.348 209.22 102.333 153.232 68.2671 50.5419 94.0478 82.8057 8.28509 106.887 100.265 6.62163
internal_count=4211 2931 1187 1280 696 1744 707 362 612 825 84 584 533 51
is_linear=0
shrinkage=0.03


Tree=2
num_leaves=15
num_cat=0
split_feature=29 13 23 29 5 13 28 22 29 8 6 4 28 15
split_gain=1220.69 257.388 188.57 150.387 100.416 70.7428 91.0631 73.0655 66.4224 56.7089 63.3638 61.7113 54.847 42.4642
threshold=0.05048000497443051 0.025114007127553881 10.028302606136071 0.067511903309854585 0.025981849326998516 0.045693010938461696 -0.0018171053169694681 775571538.87600005 0.032610895418817239 -0.011235314867749148 262784.00000000006 27.500000000000004 -0.0017883153197450392 -0.0014327633181788755
decision_type=2 2 2 2 2 2 2 2 2 2 2 2 2 2
left_child=1 8 4 5 -3 6 -2 -7 -1 10 -5 -11 -10 -4
right_child=3 2 13 9 -6 7 -8 -9 12 11 -12 -13 -14 -15
leaf_value=-0.023861935617558356 0.13062996311093486 0.037788911104241603 0.091105824457638609 -0.0024687653365830053 0.1914977693253706 0.15505996370518577 0.065433737861081323 0.027748714010799085 0.061196588894745128 0.10299288170314606 0.11947968598956175 0.15679627583813138 0.0022002692793898822 0.2016441936438827
leaf_weight=67.065326347947121 25.537206172943115 92.789611801505089 4.8160106316208848 4.7707820832729366 3.9896080046892157 24.594456531107429 78.710962019860744 4.8586420416831961 19.058728359639645 24.08532626926899 19.543682962656021 94.323130674660206 55.428472027182579 8.9227903187274897
leaf_count=841 145 859 36 43 14 114 614 39 170 144 108 425 623 36
internal_value=0.0723272 0.024582 0.0588901 0.115866 0.0441254 0.0930037 0.0814046 0.134058 -0.00220428 0.137283 0.095552 0.145852 0.0172954 0.162896
internal_weight=528.495 252.071 110.518 276.424 96.7792 133.701 104.248 29.4531 141.553 142.723 24.3145 118.408 74.4872 13.7388
internal_count=4211 2579 945 1632 873 912 759 153 1634 720 151 569 793 72
is_linear=0
shrinkage=0.03


Tree=3
num_leaves=15
num_cat=0
split_feature=29 13 23 1 13 1 28 3 18 29 29 28 4 17
split_gain=973.364 228.041 141.286 113.505 103.095 85.618 77.3269 64.1189 58.4 51.3911 50.5689 46.9004 46.6479 15.998
threshold=0.05048000497443051 0.024080642124724456 10.028302606136071 0.039290696838285781 0.029124560864657287 0.084177392538162379 0.0037748781952354378 0.48502700824198125 0.01276936952385308 0.055796232233848483 0.032610895418817239 -0.0017883153197450392 27.500000000000004 -0.0038297546855677249
decision_type=2 2 2 2 2 2 2 2 2 2 2 2 2 2
left_child=1 10 5 4 7 -3 12 -2 -4 -6 13 -12 -5 -1
right_child=3 2 8 6 9 -7 -8 -9 -10 -11 11 -13 -14 -15
leaf_value=0.01096261993994309 0.0091544070905772434 0.0322188031894282 0.016549339226753883 0.09053716513004903 0.045575731404845173 0.12746651741885465 -0.000459901144686583 0.079408134168878527 0.16422318352008802 0.10846940142805919 0.054244336446803626 -0.0010717237153867987 0.1349128360240151 -0.029907334420984324
leaf_weight=10.295269675552843 20.94732466340065 98.194335125386715 2.9669863060116759 26.408270798623562 13.247942246496676 9.2979949712753278 4.468006804585456 26.462293416261673 12.842687904834746 99.605316877365112 18.814652375876904 51.704248942434788 110.64795552194118 52.968217186629772
leaf_count=122 188 895 25 150 109 54 39 181 50 488 161 585 477 687
internal_value=0.0662382 0.0233424 0.0527733 0.10278 0.0854908 0.0404576 0.122359 0.0483674 0.136509 0.101086 -0.003783 0.0136868 0.126362 -0.0232563
internal_weight=558.872 257.084 123.302 301.787 160.263 107.492 141.524 47.4096 15.8097 112.853 133.782 70.5189 137.056 63.2635
internal_count=4211 2579 1024 1632 966 949 666 369 75 597 1555 746 627 809
is_linear=0
shrinkage=0.03


Tree=4
num_leaves=15
num_cat=0
split_feature=29 13 7 29 23 11 23 6 13 29 7 8 28 18
split_gain=793.503 202.472 125.587 92.936 78.6663 58.7027 62.5214 59.7812 58.663 48.1229 46.1861 52.0775 41.8002 25.034
threshold=0.05048000497443051 0.024080642124724456 23313462.920500007 0.067511903309854585 10.028302606136071 0.018960398966719187 1.0038100455542629 100224.50000000001 0.05550382904001832 0.032610895418817239 427751130.82950008 -0.012614392796588112 -0.0017883153197450392 0.013646557549385097
decision_type=2 2 2 2 2 2 2 2 2 2 2 2 2 2
left_child=1 9 8 5 -4 7 -7 -2 -3 -1 11 -5 -11 -12
right_child=3 2 4 10 -6 6 -8 -9 -10 12 13 -13 -14 -15
leaf_value=-0.023008966751900558 0.021692267181426386 0.0069903030624827644 0.059213756851159809 0.053959704100559877 0.13658113509698697 0.05206227614260521 0.11411599767458834 0.075933746198540944 0.1321744077183219 0.050379512302151257 0.075222447372851317 0.10778099296731554 -0.0010404992123405152 0.15599750498278886
leaf_weight=62.051467351615429 26.92217917740345 51.957904793322086 58.034193962812424 18.566574789583683 14.855946965515612 20.766093298792839 49.316085882484913 57.014672912657261 3.6026624515652648 19.637047968804836 4.0713070705533054 125.88721587508917 51.658874541521072 22.744384281337261
leaf_count=809 223 512 441 111 54 135 217 337 17 161 20 525 585 64
internal_value=0.0610801 0.0222028 0.0490838 0.0923692 0.0749822 0.0754597 0.0957288 0.0585362 0.0151075 -0.00369101 0.107576 0.100863 0.0131221 0.143734
internal_weight=587.087 261.798 128.451 325.289 72.8901 154.019 70.0822 83.9369 55.5606 133.347 171.269 144.454 71.2959 26.8157
internal_count=4211 2579 1024 1632 495 912 352 560 529 1555 720 636 746 84
is_linear=0
shrinkage=0.03


Tree=5
num_leaves=15
num_cat=0
split_feature=13 7 1 9 9 28 28 28 13 9 8 4 9 6
split_gain=564.058 192.292 114.838 89.0768 85.3924 82.8832 69.0062 91.3346 65.8209 77.8502 57.9445 41.6587 31.2283 14.0837
threshold=0.024080642124724456 19372770.020500001 0.046496941131471826 2.2627332734872594 1.4507313666831483 -0.0018933259784514149 -0.003454123923011883 -0.0018264108480510871 0.03020669123253111 1.0115855954204711 0.0079864418213252322 152.50000000000003 1.5731324076452793 3608571.0000000005
decision_type=2 2 2 2 2 2 2 2 2 2 2 2 2 2
left_child=2 8 4 11 5 -1 12 -8 10 -10 -2 -4 -3 -5
right_child=1 6 3 13 -6 -7 7 -9 9 -11 -12 -13 -14 -15
leaf_value=0.077562727473692278 -0.020890625117911968 0.055402002043570965 0.03787821232376435 -0.033146603311134934 -0.023609767599474307 0.0070736979660286714 0.12249764978092359 0.081352293852690161 0.087223417850300911 0.023195282267421739 0.069898368913860365 0.15023740454135767 -0.034358551329019972 0.073468005085812374
leaf_weight=18.817121021449566 23.60552491992712 9.9305808767676336 4.1348563805222538 5.5602467805147162 64.400131344795227 74.260611079633236 59.784781083464622 258.50340257585049 34.426604904234409 33.93979275226593 8.6435348913073522 10.54032241553068 5.377229429781436 1.3948774784803388
leaf_count=133 243 56 29 67 796 779 210 1275 192 271 60 40 50 10
internal_value=0.0566467 0.0751243 0.0118514 0.0766678 0.00294856 0.0213242 0.0860884 0.0890807 0.0387722 0.0554373 0.00344304 0.118579 0.0238715 -0.0117646
internal_weight=613.32 434.211 179.108 21.6303 157.478 93.0777 333.596 318.288 100.615 68.3664 32.2491 14.6752 15.3078 6.95512
internal_count=4211 2357 1854 146 1708 912 1591 1485 766 463 303 69 106 77
is_linear=0
shrinkage=0.03


Tree=6
num_leaves=15
num_cat=0
split_feature=29 13 7 1 12 7 13 8 11 6 29 7 12 21
split_gain=576.54 158.177 90.421 69.2813 60.4292 59.6339 46.9389 57.2337 45.0737 53.0343 44.5912 40.5134 36.3634 26.8222
threshold=0.05048000497443051 0.024080642124724456 23313462.920500007 0.025524671159718178 -0.029923797508736777 26735786.6325 0.030496992610494478 -0.0042554932595045584 0.018960398966719187 50650.500000000007 0.032610895418817239 32618315.075500008 -0.0031819455622314717 154958.50000000003
decision_type=2 2 2 2 2 2 2 2 2 2 2 2 2 2
left_child=1 10 4 6 -3 -4 11 -8 9 -5 -1 -2 -12 -10
right_child=3 2 5 8 -6 -7 7 -9 13 -11 12 -13 -14 -15
leaf_value=-0.022685986848618913 -0.034154925503805576 0.077370694553567806 0.15816805206427006 0.0074939262655048973 -0.0014972512478947553 0.055477758116126701 0.10284745106955777 0.034332436557427119 0.16068269646440336 0.076567377571352443 -0.00013053843425876681 0.051654032707341244 0.048792457483140497 0.09232965525841777
leaf_weight=60.509716115891933 9.4735241234302539 10.753120422363279 5.452811010181903 10.796733058989046 46.786609753966331 76.392121724784374 20.544706948101521 23.552105233073235 5.3520688563585272 136.26493738591671 54.306671984493732 10.375212602317331 18.274835698306561 149.26257340610027
leaf_count=809 91 71 22 90 458 473 76 134 14 626 577 61 169 540
internal_value=0.0527567 0.019724 0.0420595 0.077374 0.0132417 0.0623194 0.0490093 0.0662536 0.0833864 0.0714963 -0.00366769 0.0106986 0.0121875 0.0946957
internal_weight=638.098 272.476 139.385 365.622 57.5397 81.8449 63.9455 44.0968 301.676 147.062 133.091 19.8487 72.5815 154.615
internal_count=4211 2579 1024 1632 529 495 362 210 1270 716 1555 152 746 554
is_linear=0
shrinkage=0.03


Tree=7
num_leaves=15
num_cat=0
split_feature=29 13 9 5 29 1 28 28 6 29 1 27 17 21
split_gain=491.195 142.432 84.1303 84.7808 59.6744 55.501 54.3795 51.1328 50.9848 42.4654 39.2406 41.9262 36.2453 34.2105
threshold=0.05048000497443051 0.024080642124724456 13.179700000000002 0.0030583720395738942 0.067511903309854585 0.026195512273136389 0.0016409681340091469 0.0031399869666215788 1855692.0000000002 0.032610895418817239 0.062913565374907401 -0.03095939517809276 0.0053271587614001177 2631893.0000000005
decision_type=2 2 2 2 2 2 2 2 2 2 2 2 2 2
left_child=1 9 3 -3 5 8 -4 -7 -2 -1 12 -12 -6 -11
right_child=4 2 6 -5 10 7 -8 -9 -10 13 11 -13 -14 -15
leaf_value=-0.022436397774567057 0.013713135895302332 0.006049551897439256 0.095884498243322042 0.059320813092655765 0.083508824982144056 0.070569622990981448 -0.03470812169510281 -0.035106833997422086 0.11728589597122197 0.0040166039251443861 -0.036624570322398818 0.11250440827986825 0.050405027129809911 0.066377450881522401
leaf_weight=59.364764861762524 33.8090575709939 67.301390804350376 28.462966352701191 44.776482753455639 119.72416766732931 136.5270993411541 3.1915036290884009 4.249090611934661 4.8971014842391005 64.272288016974926 1.7645787224173535 44.104886181652546 39.617414847016335 9.029605418443678
leaf_count=809 239 581 117 298 422 622 28 35 16 667 12 110 176 79
internal_value=0.0493472 0.0188398 0.0395298 0.0273321 0.0712666 0.0586324 0.0827177 0.06738 0.0268172 -0.00357598 0.0823168 0.106767 0.0752782 0.0116984
internal_weight=661.092 276.399 143.732 112.078 384.693 179.482 31.6545 140.776 38.7062 132.667 205.211 45.8695 159.342 73.3019
internal_count=4211 2579 1024 879 1632 912 145 657 255 1555 720 122 598 746
is_linear=0
shrinkage=0.03


Tree=8
num_leaves=15
num_cat=0
split_feature=29 13 6 5 6 29 1 26 6 29 5 1 10 28
split_gain=422.873 128.714 76.417 55.0518 53.7189 49.844 47.1954 45.9443 43.0991 41.079 40.6927 31.5837 38.2535 30.6298
threshold=0.05048000497443051 0.024080642124724456 670272.50000000012 0.012883366867521945 824546.00000000012 0.067511903309854585 0.026195512273136389 0.00029103162108341129 1855692.0000000002 0.029086429421443741 -0.0014544656577407397 0.062913565374907401 -0.027969248432432911 0.0015791567433555713
decision_type=2 2 2 2 2 2 2 2 2 2 2 2 2 2
left_child=1 9 3 -3 -4 6 8 -8 -2 -1 -11 13 -13 -7
right_child=5 2 4 -5 -6 11 7 -9 -10 10 -12 12 -14 -15
leaf_value=-0.028753803172328736 0.013170888647778305 0.013852574353798473 0.1309569211592797 0.079973565038888125 0.052277871624248816 0.075864719087136379 0.075966837949591623 0.041649378699889418 0.10520200820173069 0.028563168055035875 -0.011396733552537336 -0.036352983659939053 0.10231857534670524 0.04316230624283468
leaf_weight=40.273277349770069 34.139788910746574 87.38087809830904 9.8601580634713155 13.021556839346884 37.561926946043968 135.12645824253559 89.305371679365635 57.858548402786255 5.2892828881740561 43.673142686486244 48.302246987819672 1.8611932322382916 47.038446009159088 31.852887682616711
leaf_count=568 239 724 26 70 204 454 355 302 16 437 550 13 109 144
internal_value=0.0463225 0.0180156 0.0372519 0.022428 0.0686371 0.0660208 0.054665 0.0624747 0.0255166 -0.00348627 0.00757763 0.0758361 0.0970405 0.0696264
internal_weight=682.545 280.073 147.825 100.402 47.4221 402.472 186.593 147.164 39.4291 132.249 91.9754 215.879 48.8996 166.979
internal_count=4211 2579 1024 794 230 1632 912 657 255 1555 987 720 122 598
is_linear=0
shrinkage=0.03


Tree=9
num_leaves=15
num_cat=0
split_feature=29 13 28 9 28 26 25 13 26 29 3 25 26 9
split_gain=367.533 116.686 72.1379 67.4472 44.1676 74.6423 86.1754 58.2218 56.1069 39.4843 39.6235 33.4326 28.7133 17.6796
threshold=0.05048000497443051 0.024080642124724456 -0.0022248216183756147 13.179700000000002 -0.0018264108480510871 -0.0034182799356169418 0.00091992996561157724 0.050623172119753403 -0.0018303982481660899 0.029086429421443741 0.45288568257491563 0.00016799464110221602 -0.0014071478760883866 0.38614794349572729
decision_type=2 2 2 2 2 2 2 2 2 2 2 2 2 2
left_child=1 9 -3 -4 5 6 -2 8 -6 13 -11 -9 -7 -1
right_child=4 2 3 -5 7 12 -8 11 -10 10 -12 -13 -14 -15
leaf_value=0.077609893676886449 0.026994391497197644 -0.025039966569980632 0.030532920184667252 0.080335985497485954 -0.0026443943424129292 0.12015417613778906 0.12265137441074354 0.092375162216832382 0.053016811976547507 0.026289910378052471 -0.012992234533674346 0.044997419860498197 0.077174230851972558 -0.032403676889328728
leaf_weight=1.3618795797228802 34.982273742556572 16.010497234761715 103.65359097719193 32.03774605691433 17.550466887652874 32.232859931886196 11.186445415019987 51.698144607245922 228.5226571187377 47.804757758975029 44.737851142883301 18.097434714436531 24.716146647930145 37.939688786864281
leaf_count=15 168 145 753 126 104 61 19 129 1006 473 514 71 74 553
internal_value=0.0436213 0.0172444 0.0351857 0.0422918 0.0614717 0.0785192 0.0501716 0.0559064 0.0490469 -0.0033991 0.00729975 0.0800905 0.101501 -0.0285915
internal_weight=702.532 283.546 151.702 135.691 418.986 103.118 46.1687 315.869 246.073 131.844 92.5426 69.7956 56.949 39.3016
internal_count=4211 2579 1024 879 1632 322 187 1310 1110 1555 987 200 135 568
is_linear=0
shrinkage=0.03


Tree=10
num_leaves=15
num_cat=0
split_feature=29 22 12 28 28 26 8 28 29 28 12 8 5 1
split_gain=325.368 120.89 75.2622 63.736 92.6323 51.0825 46.1326 29.7434 29.074 36.433 26.4306 23.0084 11.914 8.92109
threshold=0.055796232233848483 146216042.36300001 -0.029923797508736777 -0.0022248216183756147 -0.0018264108480510871 -0.0011952163866504517 -0.0039219721973837154 0.0037748781952354378 0.079851050041585561 -0.003454123923011883 -0.012268474502234656 -0.011725645205936847 0.0026833382751124679 0.031152166431873029
decision_type=2 2 2 2 2 2 2 2 2 2 2 2 2 2
left_child=1 2 6 12 -5 -4 -1 8 9 -2 13 -10 -3 -9
right_child=7 3 5 4 -6 -7 -8 10 11 -11 -12 -13 -14 -15
leaf_value=-0.0049908949861314725 -0.0032896768852759125 -0.03446282336985098 0.021061389207931415 0.10858747273890625 0.035732479921137282 -0.015202111170673533 0.10718234538570777 0.084752265923715681 0.038045207785236471 0.058584398460024639 -0.036357422738479243 0.079297948444272626 0.018989636381171897 0.014737316658298033
leaf_weight=5.0705276578664789 8.8917103111743909 11.556842364370825 51.934308595955372 17.668830826878548 141.44114402681589 106.96574477851391 9.4480738341808284 3.7012514770030975 13.777926698327063 232.99600049853325 5.2395738437771779 104.14251793175936 5.557647392153739 2.9379713609814644
leaf_count=41 51 108 480 76 969 1177 38 13 55 835 37 272 42 17
internal_value=0.0411803 0.0204065 0.00262408 0.0379057 0.0438229 -0.00334988 0.0680066 0.0607222 0.0622642 0.0563099 0.0140157 0.0744779 -0.017105 0.0537694
internal_weight=721.33 349.643 173.419 176.224 159.11 158.9 14.5186 371.687 359.808 241.888 11.8788 117.92 17.1145 6.63922
internal_count=4211 2931 1736 1195 1045 1657 79 1280 1213 886 67 327 150 30
is_linear=0
shrinkage=0.03


Tree=11
num_leaves=15
num_cat=0
split_feature=29 13 28 9 28 23 21 25 26 29 26 11 1 9
split_gain=287.403 98.7908 61.2474 56.9743 39.7852 62.1932 51.2111 64.4983 39.8691 37.7617 35.945 32.0479 29.5602 16.3914
threshold=0.050244662236799832 0.024080642124724456 -0.0022248216183756147 13.179700000000002 -0.0018264108480510871 1.3038156112287547 525602.50000000012 0.00028820673011691647 -0.0018303982481660899 0.029086429421443741 0.00021473185870623111 0.032712756217913128 0.021985687607468943 0.38614794349572729
decision_type=2 2 2 2 2 2 2 2 2 2 2 2 2 2
left_child=1 9 -3 -4 5 12 7 -6 -8 13 -11 -7 -2 -1
right_child=4 2 3 -5 6 11 8 -9 -10 10 -12 -13 -14 -15
leaf_value=0.070252588752889686 0.00042393570020251615 -0.024681872982644903 0.027119910139340935 0.071542878552861136 0.007770343484334542 0.00086441992914918051 0.011879641996715776 0.06873219859112481 0.058071049359769894 0.02163808472829562 -0.01650213240617043 0.081756698107904993 0.084065972127936178 -0.032347650269166917
leaf_weight=1.4563303738832463 3.9779718294739714 15.600616686046122 106.41454386711121 34.378494687378407 50.605733163654804 15.53792465478182 18.044380627572536 22.593306019902229 247.30742178857327 57.116967752575874 36.419093564152718 6.1535059064626685 86.345296159386635 37.150701761245728
leaf_count=15 23 144 743 126 301 83 88 85 849 550 432 13 206 553
internal_value=0.038959 0.0155818 0.0317176 0.037967 0.0539295 0.0694276 0.0488018 0.0265866 0.05493 -0.00351526 0.00678785 0.0238122 0.0803823 -0.0284774
internal_weight=739.102 288.537 156.394 140.793 450.566 112.015 338.551 73.199 265.352 132.143 93.5361 21.6914 90.3233 38.607
internal_count=4211 2563 1013 869 1648 325 1323 386 937 1550 982 96 229 568
is_linear=0
shrinkage=0.03


Tree=12
num_leaves=13
num_cat=0
split_feature=29 7 18 13 29 28 11 5 11 1 15 24
split_gain=256.77 105.883 64.1455 51.8368 51.265 48.8659 27.1986 26.7562 37.9838 24.3868 16.565 7.82089
threshold=0.055796232233848483 22948574.736500006 0.006161198435665041 0.05550382904001832 0.03790010775767387 -0.0022248216183756147 0.057844428286959022 -0.0045436421104723731 0.0177271567403047 0.025150119878487556 -0.0038197609395958609 0.70963566788515353
decision_type=2 2 2 2 2 2 2 2 2 2 2 2
left_child=1 3 10 4 -1 -4 7 8 -2 -9 -3 -8
right_child=6 2 5 -5 -6 -7 11 9 -10 -11 -12 -13
leaf_value=-0.018515069967488182 0.020265169990303967 0.032758853484209573 -0.013507912009596718 0.087997706195845321 0.015009553375721175 0.044766408275894731 0.095579824612435374 0.034847776052244109 0.055905164690728898 0.060528788698294082 -0.033039051844402742 0.062235266250911768
leaf_weight=82.057026788592339 51.403602063655853 4.4845406301319626 14.124878220260142 6.0048036873340598 82.151446424424648 155.79626800119877 16.520627453923229 39.141260549426079 56.489032588899136 222.20741117745638 14.835224989801644 10.263658016920088
leaf_count=986 237 40 120 21 685 890 26 167 167 656 189 27
internal_value=0.0369488 0.0185909 0.0340329 0.00142277 -0.00174312 0.0399223 0.0536113 0.0514939 0.0389251 0.0566826 -0.0177659 0.0828023
internal_weight=755.48 359.454 189.241 170.213 164.208 169.921 396.026 369.241 107.893 261.349 19.3198 26.7843
internal_count=4211 2931 1239 1692 1671 1010 1280 1227 404 823 229 53
is_linear=0
shrinkage=0.03


Tree=13
num_leaves=15
num_cat=0
split_feature=29 18 7 26 28 28 29 28 12 25 5 4 22 13
split_gain=228.98 97.379 71.5757 61.6575 46.5734 24.4664 23.077 29.9685 22.9288 20.4612 18.8928 10.9406 6.71032 0.00293722
threshold=0.055796232233848483 0.0054552021285926983 22948574.736500006 -0.0017165078126566257 -0.0022248216183756147 0.0037748781952354378 0.079851050041585561 -0.003454123923011883 -0.012268474502234656 -3.0305715736434386e-05 0.030043283900149768 207.50000000000003 1039711118.8490001 0.032126146773786064
decision_type=2 2 2 2 2 2 2 2 2 2 2 2 2 2
left_child=1 10 3 -3 -4 6 7 -2 11 -8 12 -7 -1 -10
right_child=5 2 4 -5 -6 8 9 -9 13 -11 -12 -13 -14 -15
leaf_value=-0.03275125300153741 -0.0058276816399951328 0.038258147091397639 -0.014721274413861535 -0.0053590478299463734 0.040399896383662488 0.079458379647472543 0.044093479776764026 0.048736018216778296 -0.035896115084913326 0.070055679008706559 0.097273576023109307 0.0058904256743564989 0.011356876272075685 -0.037338100296680353
leaf_weight=36.660597793757915 9.3929450362920743 41.155123211443424 15.043983697891234 100.14678084477782 166.26176456362009 3.825823187828064 39.085896536707878 255.13433301448822 2.0135130733251554 90.763535641133785 1.0952597931027401 3.4688476696610451 3.3913499414920798 3.4490561038255692
leaf_count=501 51 308 130 996 952 11 120 835 15 207 3 19 41 22
internal_value=0.0351056 0.0178079 0.0233513 0.00734475 0.0358262 0.0505603 0.0518829 0.0467985 0.00967045 0.0622408 -0.0256549 0.0444745 -0.0290165 -0.0368066
internal_weight=770.889 363.755 322.608 141.302 181.306 407.134 394.377 264.527 12.7572 129.849 41.1472 7.29467 40.0519 5.46257
internal_count=4211 2931 2386 1304 1082 1280 1213 886 67 327 545 30 542 37
is_linear=0
shrinkage=0.03


Tree=14
num_leaves=15
num_cat=0
split_feature=29 7 7 28 28 26 25 21 25 25 11 28 6 26
split_gain=206.519 80.7528 40.2275 42.2947 39.9477 61.0833 61.2299 39.7206 49.9949 38.2665 36.5991 32.5588 25.8759 20.3485
threshold=0.049647616767333862 23313462.920500007 26735786.6325 -0.0022248216183756147 -0.0018264108480510871 -0.0034182799356169418 0.00091992996561157724 525602.50000000012 0.00028820673011691647 -0.0011302574365555185 0.042096278050817275 -0.001342157361875939 125013.00000000001 -0.0014071478760883866
decision_type=2 2 2 2 2 2 2 2 2 2 2 2 2 2
left_child=1 9 12 -4 5 6 -2 8 -6 -1 -11 -9 -3 -7
right_child=4 2 3 -5 7 13 -8 11 -10 10 -12 -13 -14 -15
leaf_value=0.13539743226768541 0.017170204461910209 0.120648702393914 -0.033946269407453447 0.029323515621369256 0.0058084748107178818 0.092233259680639126 0.091013339673352123 0.0097427173481391648 0.05680084726357839 -0.0071262141648794752 0.089535105467218531 0.048271195779075841 0.014955778646646651 0.059553056885597477
leaf_weight=1.7788122184574593 40.01840902119875 6.699290528893469 10.268122464418409 128.6237858235836 55.659557893872261 40.401015967130661 13.520624890923498 21.302294962108135 25.111574336886406 136.39952203631401 3.6189318671822539 269.1642082259059 3.0265174545347691 29.792955338954926
leaf_count=13 177 25 107 849 317 65 19 91 89 1476 19 863 26 75
internal_value=0.0334076 0.0133241 0.0287763 0.0246461 0.0451912 0.0599538 0.0358184 0.0402709 0.0216619 -0.00287131 -0.0046279 0.0454456 0.0877587 0.0783626
internal_weight=785.386 290.415 148.618 138.892 494.971 123.733 53.539 371.238 80.7711 141.797 140.018 290.467 9.72581 70.194
internal_count=4211 2515 1007 956 1696 336 196 1360 406 1508 1495 954 51 140
is_linear=0
shrinkage=0.03


Tree=15
num_leaves=15
num_cat=0
split_feature=29 18 23 28 28 28 0 5 7 1 1 0 22 29
split_gain=188.007 87.7032 66.3944 59.1198 29.4434 21.2877 20.8433 20.5618 27.2203 22.7629 18.969 18.4189 6.41369 0.00739332
threshold=0.055796232233848483 0.0054552021285926983 0.81860038399207613 -0.0022248216183756147 -0.0019466306043687306 0.0037748781952354378 0.00016681959506456689 -0.0045436421104723731 244864457.92550004 0.025150119878487556 0.096722496915325723 -0.00039218089772119247 1039711118.8490001 0.06816460167034287
decision_type=2 2 2 2 2 2 2 2 2 2 2 2 2 2
left_child=1 10 4 -4 -3 7 11 8 -2 -9 12 -7 -1 -8
right_child=5 2 3 -5 -6 6 13 9 -10 -11 -12 -13 -14 -15
leaf_value=-0.032672233333459727 0.025980605736926655 0.033071558729086514 -0.016612474645147528 0.031310961950716969 -0.022691197110446808 -0.0021876593412692756 -0.035472005803416862 0.030192097757170716 0.056365207879130595 0.05425882428597853 0.09920438402069881 0.0912473873048468 0.0098822322198080185 -0.037788348763951631
leaf_weight=35.796022780239582 79.461734518408775 10.898841328918932 25.465965617448092 256.68664797767997 39.077377073466778 4.2352366223931313 1.9050958752632139 41.119805440306664 39.839622095227242 252.95340442657471 1.0688847489655007 3.4420323222875577 3.4991672039031974 3.5531278699636459
leaf_count=502 295 67 237 1704 378 23 15 161 99 658 2 7 41 22
internal_value=0.0318376 0.0162657 0.0213405 0.0269856 -0.0105304 0.0454373 0.00783882 0.046632 0.0361273 0.0508936 -0.0254909 0.0397031 -0.0288828 -0.0369799
internal_weight=799.003 372.493 332.129 282.153 49.9762 426.51 13.1355 413.375 119.301 294.073 40.3641 7.67727 39.2952 5.45822
internal_count=4211 2931 2386 1941 445 1280 67 1213 394 819 545 30 543 37
is_linear=0
shrinkage=0.03


Tree=16
num_leaves=15
num_cat=0
split_feature=29 23 1 29 28 26 7 11 12 12 28 14 26 11
split_gain=171.127 72.3083 66.5752 52.6385 34.7339 52.1483 52.4264 34.5099 38.5083 36.8531 28.7383 25.7985 16.9611 15.9782
threshold=0.049647616767333862 5.2189015473173859 0.084177392538162379 0.039521672245995926 -0.0018264108480510871 -0.0034182799356169418 35039860.407000005 0.0089944705272431164 -0.0079852972704461175 -0.028559005286844758 0.0016409681340091469 0.76584459650214842 -0.0014071478760883866 0.013770914215418461
decision_type=2 2 2 2 2 2 2 2 2 2 2 2 2 2
left_child=1 2 3 -1 5 6 -2 9 -9 -6 11 -3 -7 -4
right_child=4 10 13 -5 7 12 -8 8 -10 -11 -12 -13 -14 -15
leaf_value=-0.0094159085050611706 -0.03732486680420067 0.068174366548219581 0.1225058012686482 0.018748416760845755 0.037061655662057505 0.083008247045734868 0.044496481847099985 0.050427464981028056 0.02832185382945213 -0.0009590657385471072 -0.036316214850996224 0.010821667522731285 0.053915669018897161 0.046495199110603833
leaf_weight=136.28776087239385 8.2854929044842702 30.862537242472172 4.6593607589602453 106.31151339411736 52.383689150214195 42.813496321439743 47.184365302324295 172.98478824645281 120.20996019989252 40.826719984412193 3.3578627929091445 9.1519687660038453 31.163849093019962 5.3433509692549706
leaf_count=1503 56 110 9 793 176 65 140 508 449 227 25 52 75 23
internal_value=0.0303817 0.0121979 0.00605355 0.00292622 0.0408148 0.0542644 0.0322749 0.0363091 0.0413642 0.0204084 0.0479828 0.0550569 0.0707526 0.0819017
internal_weight=811.827 295.974 252.602 242.599 515.852 129.447 55.4699 386.405 293.195 93.2104 43.3724 40.0145 73.9773 10.0027
internal_count=4211 2515 2328 2296 1696 336 196 1360 957 403 187 162 140 32
is_linear=0
shrinkage=0.03


Tree=17
num_leaves=15
num_cat=0
split_feature=13 28 28 29 29 5 9 22 29 26 3 24 1 20
split_gain=165.136 65.7798 66.9898 64.93 48.3984 51.0715 44.9872 28.849 24.118 22.0383 19.4978 17.5139 17.5087 16.7989
threshold=0.024080642124724456 -0.0017883153197450392 -0.0022248216183756147 0.038182236426067252 0.067511903309854585 0.016488136029025626 0.65775466520650305 88336049.141000018 0.033129425485153081 -0.0062541819824769229 0.91987980089201316 0.45120043347434163 0.062913565374907401 -0.027017205230793356
decision_type=2 2 2 2 2 2 2 2 2 2 2 2 2 2
left_child=1 2 9 -4 5 6 -2 13 -9 -1 -7 -6 -13 -3
right_child=4 7 3 -5 11 10 -8 8 -10 -11 -12 12 -14 -15
leaf_value=0.033031246847691188 -0.0065404747546653407 0.017442843063061642 0.0019907573366903797 0.085863347103757287 0.064401689028840109 0.04021343051961912 0.029871920319925603 -0.024343730411317707 0.0146935930479464 -0.034596832800477977 0.086926055381366246 0.038497507944429736 0.058789804584214844 -0.027406424458678788
leaf_weight=6.5110117867589024 34.008266314864159 8.7747849188745004 12.711540453135965 23.974676512181759 41.82835741341114 14.796318195760248 299.21476811170578 18.233107838779688 65.100145503878593 12.986922875046728 17.616768874228001 165.56888622045517 49.771643474698067 52.415308587253094
leaf_count=49 212 88 142 71 80 49 1414 251 447 137 38 465 99 669
internal_value=0.02904 0.00537522 0.0329205 0.056802 0.0366663 0.0296526 0.0261557 -0.00533316 0.00615232 -0.0120136 0.0656021 0.0466381 0.0431877 -0.0209749
internal_weight=823.513 200.707 56.1842 36.6862 622.805 365.636 333.223 144.523 83.3333 19.4979 32.4131 257.169 215.341 61.1901
internal_count=4211 1854 399 213 2357 1713 1626 1455 698 186 87 644 564 757
is_linear=0
shrinkage=0.03


Tree=18
num_leaves=15
num_cat=0
split_feature=29 22 20 24 25 25 23 11 26 9 28 9 4 1
split_gain=145.689 70.7857 52.1089 42.871 42.2709 39.1647 37.149 21.9013 27.4782 32.3062 24.0588 12.9393 21.592 0.0147147
threshold=0.055796232233848483 146216042.36300001 -0.024290708084469443 0.365071229566512 0.00036061617792229307 -0.0011302574365555185 10.028302606136071 0.055122390588827994 0.00029103162108341129 1.7046795433484931 0.00054098715103160502 1.6869637700554105 317.50000000000006 0.0491147627087615
decision_type=2 2 2 2 2 2 2 2 2 2 2 2 2 2
left_child=1 2 4 13 -1 -4 -5 8 10 -10 -2 12 -9 -3
right_child=7 3 5 6 -6 -7 -8 11 9 -11 -12 -13 -14 -15
leaf_value=0.036773490404253685 0.0472251104602361 -0.034278260049176397 0.12593438159797077 0.024476581193225662 -0.034347794287684683 -0.012107483148140401 0.064215845102857966 0.0014630135669710899 0.018676184111151971 0.046672271278491634 0.018578721221552713 0.078359201479908797 0.072353576295519695 -0.036908494116062264
leaf_weight=45.572440516203642 218.19283179938793 7.1517735384404642 1.8777214735746373 169.53722882643342 9.0077789165079576 124.2247720696032 24.192547552287579 6.7907955497503272 111.17875675112009 55.672537885606289 30.016100503504276 19.539058983325958 8.9807141870260221 2.6139418035745621
leaf_count=318 547 74 12 1040 88 1318 63 25 418 145 106 26 13 18
internal_value=0.0277849 0.0142134 0.000547262 0.0263476 0.0250358 -0.010052 0.0294391 0.0393618 0.0374322 0.0280175 0.0437609 0.0620434 0.04183 -0.0349823
internal_weight=834.549 384.178 180.683 203.495 54.5802 126.102 193.73 450.371 415.06 166.851 248.209 35.3106 15.7715 9.76572
internal_count=4211 2931 1736 1195 406 1330 1103 1280 1216 563 653 64 38 92
is_linear=0
shrinkage=0.03


Tree=19
num_leaves=14
num_cat=0
split_feature=29 18 18 28 23 11 26 6 25 1 26 14 5
split_gain=133.567 68.21 50.891 41.4253 27.103 25.61 30.5844 39.4087 37.4988 15.8035 11.602 8.47765 6.84319
threshold=0.05048000497443051 0.020282528046485167 0.0054552021285926983 0.0024512705616603968 2.7277317986430307 0.057844428286959022 0.00029103162108341129 90871.500000000015 -0.000505418529753091 0.17857326603683971 0.00044800228091871366 0.85940761018341527 0.0010657178836048203
decision_type=2 2 2 2 2 2 2 2 2 2 2 2 2
left_child=1 2 9 -4 12 6 8 -8 -2 -1 -6 -7 -3
right_child=5 4 3 -5 10 11 7 -9 -10 -11 -12 -13 -14
leaf_value=-0.028592526502735631 -0.039186954700024743 -0.035942442807994961 0.015600523816566965 -0.02780766648041065 0.048729760635978767 0.073611553711505087 -0.0024762880993128658 0.031449842084899648 0.041703947692311692 0.084581953961003861 0.093017649719679338 0.04193144703660185 0.035651343402476235
leaf_weight=37.409500297158957 5.2511480599641791 2.8737066760659244 226.73575913533568 21.67807586863637 10.141354434192182 20.118186309933662 37.826283544301987 166.25720947235823 289.97474560886621 1.1444185972213734 11.20622309297323 12.220020323991774 2.0650110691785812
leaf_count=539 31 22 1750 202 34 27 209 527 809 1 21 29 10
internal_value=0.0266116 0.0110723 0.00683542 0.0118125 0.0573262 0.0357676 0.0340919 0.0251617 0.0402652 -0.0252331 0.0719783 0.0616402 -0.00600715
internal_weight=844.902 313.254 286.968 248.414 26.2863 531.648 499.309 204.083 295.226 38.5539 21.3476 32.3382 4.93872
internal_count=4211 2579 2492 1952 87 1632 1576 736 840 540 55 56 32
is_linear=0
shrinkage=0.03


Tree=20
num_leaves=15
num_cat=0
split_feature=13 28 28 29 28 28 25 13 7 17 29 29 20 0
split_gain=132.989 58.7924 58.4172 53.7646 43.153 38.7373 61.0255 40.03 28.7825 23.5469 22.6719 20.8754 14.2177 13.4935
threshold=0.024080642124724456 -0.0017883153197450392 -0.0022248216183756147 0.031150781041288548 -0.003454123923011883 -0.0018264108480510871 -0.000505418529753091 0.05550382904001832 16421615.932500001 -0.010176426384190009 0.079851050041585561 0.033129425485153081 -0.027017205230793356 -0.0021268758987311284
decision_type=2 2 2 2 2 2 2 2 2 2 2 2 2 2
left_child=1 2 9 -4 10 6 -6 -7 12 -1 13 -10 -3 -2
right_child=4 8 3 -5 5 7 -8 -9 11 -11 -12 -13 -14 -15
leaf_value=0.069561058104147422 0.019944320754930224 0.011893617192810917 -0.032394561521097355 0.066400358189357744 -0.024032442668435548 0.026239191718570285 0.055197852819378057 0.048757967703289863 -0.023802715301214347 -0.025577283743005993 0.040258248841736607 0.013401929624781284 -0.027356902935047202 -0.036453150726842
leaf_weight=2.7200378105044392 5.1743190735578599 9.8588040322065336 5.8467591181397429 32.59851910918951 9.4942761436104757 417.2393214777112 111.49809822440147 85.625763557851315 17.082238104194403 16.816955894231796 7.283074587583541 66.076069518923759 52.726794224232435 14.567208774387835
leaf_count=8 29 99 87 126 56 1687 258 194 235 178 20 429 692 113
internal_value=0.0255118 0.00435872 0.0299096 0.0513756 0.0321327 0.0337405 0.0489806 0.0300736 -0.00580636 -0.0123316 -0.00498133 0.00575941 -0.021174 -0.0216712
internal_weight=854.608 203.726 57.9823 38.4453 650.882 623.857 120.992 502.865 145.744 19.537 27.0246 83.1583 62.5856 19.7415
internal_count=4211 1854 399 213 2357 2195 314 1881 1455 186 162 664 791 142
is_linear=0
shrinkage=0.03


Tree=21
num_leaves=15
num_cat=0
split_feature=13 28 29 7 28 28 28 21 25 25 29 12 21 25
split_gain=121.625 55.3222 56.8781 42.2543 31.9408 30.6848 35.2353 29.5957 29.5541 72.7001 25.6405 22.6495 16.3199 2.28498
threshold=0.024080642124724456 -0.00047294535907999431 0.040633278144121258 19372770.020500001 -0.0022248216183756147 -0.0027035276991488775 0.0016957018894879301 223199.00000000003 0.00034777579305308954 0.00036061617792229307 0.086065186956929871 -0.0067846591061026989 773054.50000000012 0.00033704638541754561
decision_type=2 2 2 2 2 2 2 2 2 2 2 2 2 2
left_child=1 2 11 5 -4 -2 -7 13 12 -10 -9 -1 -3 -5
right_child=3 8 4 7 -6 6 -8 10 9 -11 -12 -13 -14 -15
leaf_value=-0.033223724386795328 -0.035645051929284841 -0.027693756268225584 -0.0066728385144800249 0.069752163172620923 0.054070102831359497 0.026936115099553487 -0.015304561610603205 0.030512583011715375 0.12693749724439571 -0.0048222098730022322 0.048310348324307591 0.015512333783488352 -0.0024161552390471086 0.097132449478822241
leaf_weight=16.064171019941568 9.6764589548110944 53.140262931585312 9.5908913388848287 5.5204422399401647 41.516782984137535 104.98192310333252 21.394970282912254 424.86578686535358 4.6564367786049869 19.772810649126768 87.928455650806427 18.42649906873703 40.51196726411581 5.4525619372725487
leaf_count=200 83 661 59 18 159 526 157 1383 30 196 178 210 339 12
internal_value=0.0244828 0.00421807 0.0225816 0.0307383 0.0426711 0.0158427 0.019785 0.0346075 -0.0090938 0.0202924 0.0335644 -0.00718669 -0.0167592 0.0833576
internal_weight=863.5 203.68 85.5983 659.821 51.1077 136.053 126.377 523.767 118.081 24.4292 512.794 34.4907 93.6522 10.973
internal_count=4211 1854 628 2357 218 766 683 1591 1226 226 1561 410 1000 30
is_linear=0
shrinkage=0.03


Tree=22
num_leaves=15
num_cat=0
split_feature=7 18 18 28 28 28 28 28 8 8 8 25 21 7
split_gain=105.252 45.1915 38.901 31.6324 28.5125 53.7747 27.8152 26.6545 23.0854 21.3272 20.0433 16.3526 29.2085 0.0125424
threshold=19372770.020500001 0.006161198435665041 0.0091545121553294664 -0.00052483402055793801 -0.0027035276991488775 -0.0018171053169694681 0.0037748781952354378 -0.003454123923011883 -0.0055965551317241216 -0.0088385874926287401 0.0074929043769987099 -0.00011775243431594598 2810997.5000000005 10580843.485500002
decision_type=2 2 2 2 2 2 2 2 2 2 2 2 2 2
left_child=2 11 3 8 13 -6 7 -3 -1 -5 -8 12 -2 -4
right_child=1 6 4 9 5 -7 10 -9 -10 -11 -12 -13 -14 -15
leaf_value=-0.033817192033010313 -0.033584640659602226 0.00041613172135547506 -0.034861905160249139 0.013511845370105524 0.056468160531565732 0.0096122140805200706 -0.026220037125655144 0.03360463649324464 0.023544798327888222 -0.030594328248585746 0.043107272118163537 -0.033344198359584167 0.0803424687212798 -0.037202592799642907
leaf_weight=7.8015333376824847 4.2573511525988597 22.631072878837585 5.1625348404049856 12.415260683745144 28.920994784682989 92.705638527870178 12.591385439038278 578.44662515819073 33.125291347503662 48.068308144807816 5.3470433801412574 13.390847351402043 3.8631328493356705 3.4286997318267822
leaf_count=87 52 122 46 112 88 589 79 1909 282 608 17 171 24 25
internal_value=0.0235039 0.029771 0.00617337 -0.0077582 0.0170229 0.0207539 0.0312565 0.0323551 0.0126104 -0.0215408 -0.00555512 -0.0129753 0.0206136 -0.0357961
internal_weight=872.156 640.527 231.628 101.41 130.218 121.627 619.016 601.078 40.9268 60.4836 17.9384 21.5113 8.12048 8.59123
internal_count=4211 2374 1837 1089 748 677 2127 2031 369 720 96 247 76 71
is_linear=0
shrinkage=0.03


Tree=23
num_leaves=15
num_cat=0
split_feature=29 18 23 28 28 5 5 23 12 1 3 25 1 22
split_gain=104.957 59.6271 50.7178 44.2184 22.4835 16.9883 20.8945 23.0697 19.3558 18.5833 29.4061 18.7214 14.3848 6.36541
threshold=0.055796232233848483 0.0054552021285926983 0.81860038399207613 -0.0022248216183756147 -0.0019466306043687306 -0.0045436421104723731 -0.0080435525391528723 0.81159841316129622 -0.012689164246820752 0.025150119878487556 0.26083478260869725 -3.0305715736434386e-05 0.17857326603683971 1039711118.8490001
decision_type=2 2 2 2 2 2 2 2 2 2 2 2 2 2
left_child=1 12 4 -4 -3 6 8 -8 -2 10 -7 -11 13 -1
right_child=5 2 3 -5 -6 9 7 -9 -10 11 -12 -13 -14 -15
leaf_value=-0.032456524809487214 0.017160454186651811 0.02292420700664927 -0.017650338729579856 0.022973609418896087 -0.02332400024434653 0.055374091980043394 0.031706382512846638 -0.012868686413246743 0.043922106255649788 0.028458290031511946 0.003281399061974864 0.044267279747657401 0.077943421410132441 0.010387995403033843
leaf_weight=32.503086756914854 47.174663618206978 12.395714268088339 26.34123395755887 285.28484055772424 39.953851789236069 13.701811976730822 18.002359062433243 24.907109625637531 50.214498341083527 105.88616272807121 33.838219612836838 185.56963770091534 1.183753728866576 3.4523816779255858
leaf_count=503 155 67 237 1704 378 31 53 104 111 281 139 406 1 41
internal_value=0.0225777 0.011255 0.0149498 0.0195397 -0.012373 0.0320536 0.0232742 0.00583246 0.0309589 0.0356871 0.0182954 0.0385239 -0.024955 -0.0283427
internal_weight=880.409 401.115 363.976 311.626 52.3496 479.294 140.299 42.9095 97.3892 338.996 47.54 291.456 37.1392 35.9555
internal_count=4211 2931 2386 1941 445 1280 423 157 266 857 170 687 545 544
is_linear=0
shrinkage=0.03


Tree=24
num_leaves=15
num_cat=0
split_feature=13 29 1 7 9 4 5 29 7 5 29 17 3 26
split_gain=101.004 45.8932 37.2102 33.6294 32.7777 31.5411 31.2592 32.8205 31.8538 27.0734 20.0956 15.1137 36.2656 16.7099
threshold=0.024080642124724456 0.032610895418817239 0.046496941131471826 19372770.020500001 1.4507313666831483 152.50000000000003 0.0065899605164311077 0.050244662236799832 1190689.3080000002 -0.02817455228034282 0.096938677093608802 -0.0038297546855677249 0.18138528138528848 -0.0062541819824769229
decision_type=2 2 2 2 2 2 2 2 2 2 2 2 2 2
left_child=1 11 4 6 -3 -4 7 -2 -8 -5 -11 12 -1 -13
right_child=3 2 5 9 -6 -7 8 -9 -10 10 -12 13 -14 -15
leaf_value=0.085400384231133455 -0.014249386749306434 0.01376783814705684 -0.0050900481059879526 -0.041721599406977367 -0.021015895231118707 0.063391860421316906 0.088965891588804469 0.020749490090452606 0.022907953321514161 0.029675622606976829 0.052382258322476338 0.071877950579327485 -0.032496870678454332 -0.032186096091729149
leaf_weight=3.7910589985549432 44.358270764350891 91.831169843673706 8.7114192284643668 4.6129219308495513 33.195690732449293 19.83467847853899 8.160491004586218 52.840160354971886 33.704610534012318 500.34576082229614 37.722914233803749 1.4372315108776081 6.169623602181673 41.147083535790443
leaf_count=33 383 626 51 25 317 51 23 202 158 1500 66 17 89 670
internal_value=0.0217105 0.0033083 0.0115886 0.0272742 0.00453246 0.0424932 0.0141118 0.00477712 0.0357842 0.0306471 0.0312675 -0.0208925 0.0123751 -0.0286739
internal_weight=887.863 206.118 153.573 681.745 125.027 28.5461 139.064 97.1984 41.8651 542.682 538.069 52.545 9.96068 42.5843
internal_count=4211 1854 1045 2357 943 102 766 585 181 1591 1566 809 122 687
is_linear=0
shrinkage=0.03


Tree=25
num_leaves=15
num_cat=0
split_feature=13 28 28 18 28 28 25 13 25 6 17 10 23 18
split_gain=93.0484 48.5189 45.5397 35.2192 33.3772 33.9337 52.9503 34.815 23.9441 22.3669 21.7339 14.1359 25.936 8.19869
threshold=0.024080642124724456 -0.0017883153197450392 -0.0022248216183756147 0.0054552021285926983 -0.003454123923011883 -0.0018264108480510871 -0.000505418529753091 0.05550382904001832 -0.0011302574365555185 79414.000000000015 -0.010423410900467523 -0.039558367163569176 1.3126862727709534 0.01972102640757353
decision_type=2 2 2 2 2 2 2 2 2 2 2 2 2 2
left_child=1 2 10 -4 11 6 -6 -7 -3 -10 -1 12 -2 -13
right_child=4 8 3 -5 5 7 -8 -9 9 -11 -12 13 -14 -15
leaf_value=0.065365020507196239 0.064568347089363959 0.061433531671987056 -0.032697979259383413 0.05376638953850197 -0.025495899015213375 0.020742327079012513 0.047001149980299944 0.041167006148210714 -0.021509756814665531 0.0024899383825123934 -0.025365501132574863 -0.036762282767398374 -0.037519019966180997 0.0054631420191955625
leaf_weight=2.7770504429936436 5.5973102226853388 4.5677038393914691 4.8007937148213378 36.284813351929188 9.8230710253119451 443.22573459893465 117.82500757277012 90.435546390712261 63.765967905521393 77.33567276969552 16.459297098219395 11.643492639064791 3.733869805932045 6.4205129742622367
leaf_count=7 12 24 70 143 56 1687 258 194 818 613 179 95 26 29
internal_value=0.0208918 0.00320174 0.0258273 0.0436632 0.0261829 0.0275271 0.0414222 0.0242035 -0.00616752 -0.00835589 -0.0122672 -0.0062656 0.0237181 -0.021754
internal_weight=894.696 205.991 60.322 41.0856 688.705 661.309 127.648 533.661 145.669 141.102 19.2363 27.3952 9.33118 18.064
internal_count=4211 1854 399 213 2357 2195 314 1881 1455 1431 186 162 38 124
is_linear=0
shrinkage=0.03


Tree=26
num_leaves=15
num_cat=0
split_feature=13 9 26 26 1 4 25 7 5 7 5 12 11 5
split_gain=85.8233 39.3377 40.5783 60.0428 32.9184 35.1789 30.6959 30.3434 28.2363 27.1077 25.0867 19.7907 18.5025 7.20256
threshold=0.024080642124724456 1.4507313666831483 0.00021473185870623111 0.00019846363579740045 0.046496941131471826 152.50000000000003 -0.00087053193906951151 19372770.020500001 0.0065899605164311077 1190689.3080000002 -0.02817455228034282 -0.013234091892471949 0.049594074004252843 -0.0014544656577407397
decision_type=2 2 2 2 2 2 2 2 2 2 2 2 2 2
left_child=1 2 3 -1 13 -6 -4 8 11 -10 -9 -2 -12 -3
right_child=7 4 6 -5 5 -7 -8 10 9 -11 12 -13 -14 -15
leaf_value=0.021428441868413761 -0.012292788167101743 -0.012771565839632265 0.069703611871580695 0.15529138984034066 -0.035397314417571109 0.055276768705519903 -0.015373144561433528 -0.041626535124959001 0.080447392469869469 0.02108128669774233 0.026933103584161892 0.015075997444437507 0.044254401412304696 -0.033292825264872712
leaf_weight=75.195754945278168 40.222256265580654 28.897591736167669 4.1747780442237845 3.1416554078459731 5.9265636615455177 10.995067801326512 44.513732086867094 4.5757880583405486 8.659592039883135 34.507273972034454 486.35861495137215 58.166069377213717 62.652304530143738 32.938195150345564
leaf_count=503 254 342 17 10 60 47 421 25 23 158 1453 331 113 454
internal_value=0.0201194 0.0031013 0.0134294 0.0267969 -0.0135566 0.0235194 -0.00807827 0.0251573 0.0127623 0.0329906 0.0283268 0.00388733 0.0289098 -0.0237027
internal_weight=900.925 205.783 127.026 78.3374 78.7574 16.9216 48.6885 695.142 141.555 43.1669 553.587 98.3883 549.011 61.8358
internal_count=4211 1854 951 513 903 107 438 2357 766 181 1591 585 1566 796
is_linear=0
shrinkage=0.03


Tree=27
num_leaves=15
num_cat=0
split_feature=29 18 25 25 12 8 7 8 21 29 15 4 1 22
split_gain=83.4982 49.9794 37.0239 86.269 22.7592 17.9255 38.4438 26.4652 17.6646 14.3806 24.3521 14.8012 11.736 6.37318
threshold=0.055796232233848483 0.0054552021285926983 0.00036061617792229307 0.00034777579305308954 -0.0032530583640277095 -0.014136318696003259 251087039.58450004 -0.021791803845795446 1183632.0000000002 0.079851050041585561 -0.0094527776444538244 27.500000000000004 0.17857326603683971 1039711118.8490001
decision_type=2 2 2 2 2 2 2 2 2 2 2 2 2 2
left_child=1 12 3 -3 -4 6 7 -2 -8 10 -7 -11 13 -1
right_child=5 2 4 -5 -6 9 8 -9 -10 11 -12 -13 -14 -15
leaf_value=-0.032361117371476636 0.021388545888201521 0.013287244577984064 -0.021289361961131577 0.09351769004222231 0.025561776734497027 0.0065419131041546397 0.080222466341144605 -0.034415239254766632 0.023549963644449771 0.014836777022682105 0.029714698737554935 0.041397943769821435 0.065927319880076926 0.010857868105604851
leaf_weight=30.669782500714064 13.428697302937509 310.43106346577406 41.010378982871771 12.549608811736105 12.080534279346464 48.964112043380737 7.0065907239913967 17.770532250404358 16.863735854625702 22.265478223562241 245.2450954914093 124.24868924915791 1.2398959398269642 3.4124531336128703
leaf_count=503 37 1935 333 42 76 159 6 84 42 64 653 235 1 41
internal_value=0.0193752 0.00938368 0.0125883 0.0164046 -0.0106287 0.0276659 0.0115285 -0.0103963 0.0401849 0.0296823 0.0258581 0.0373615 -0.0247356 -0.0280339
internal_weight=907.187 411.394 376.072 322.981 53.0909 495.793 55.0696 31.1992 23.8703 440.723 294.209 146.514 35.3221 34.0822
internal_count=4211 2931 2386 1977 409 1280 169 121 48 1111 812 299 545 544
is_linear=0
shrinkage=0.03


Tree=28
num_leaves=15
num_cat=0
split_feature=29 18 23 28 28 11 6 5 3 25 23 21 1 22
split_gain=77.6279 47.2936 43.7649 37.1781 19.7594 16.1009 26.8998 27.6659 16.8769 16.2017 22.3819 13.2958 11.1723 6.26045
threshold=0.055796232233848483 0.0054552021285926983 0.81860038399207613 -0.0022248216183756147 -0.0019466306043687306 0.01878720860291011 50650.500000000007 -0.0029011299895199964 0.078734311350875844 0.00033086313526315808 1.3038156112287547 960823.50000000012 0.17857326603683971 1039711118.8490001
decision_type=2 2 2 2 2 2 2 2 2 2 2 2 2 2
left_child=1 12 4 -4 -3 6 8 -8 -2 10 -7 -11 13 -1
right_child=5 2 3 -5 -6 9 7 -9 -10 11 -12 -13 -14 -15
leaf_value=-0.032287580428497352 0.034278199623099921 0.018942238626284347 -0.017875001061270362 0.019249800961286957 -0.023532892244693994 0.018596376527371151 0.0088717018328633261 0.031173076549138423 -0.037923422831046084 0.058492252358585163 0.038785280230149426 0.030711350805117769 0.063635113016326877 0.01043792866091064
leaf_weight=29.830117665231228 4.0008205994963637 13.063917521387337 26.42097195610404 299.22972500696778 40.154929660260677 110.85556256771088 75.989016771316528 146.74172350764275 10.72276335954666 32.252586662769318 89.178447902202606 29.858648017048836 1.2459210157394398 3.4427777118980876
leaf_count=503 15 67 237 1704 378 297 253 359 69 47 177 63 1 41
internal_value=0.0186698 0.00905302 0.0121159 0.0162378 -0.0131063 0.0266271 0.0209684 0.0235645 -0.0183042 0.0317528 0.0275969 0.0451372 -0.0245641 -0.0278667
internal_weight=912.988 413.388 378.87 325.651 53.2188 499.6 237.454 222.731 14.7236 262.145 200.034 62.1112 34.5188 33.2729
internal_count=4211 2931 2386 1941 445 1280 696 612 84 584 474 110 545 544
is_linear=0
shrinkage=0.03


Tree=29
num_leaves=15
num_cat=0
split_feature=29 7 26 28 11 14 17 28 11 23 28 24 12 24
split_gain=72.2335 41.0159 37.8098 42.5531 40.6937 35.107 32.2489 31.1319 14.9273 25.7196 31.7294 24.8499 15.0523 21.0263
threshold=0.055796232233848483 22948574.736500006 -0.0017165078126566257 -0.0022248216183756147 0.042096278050817275 0.86702004890585382 0.019354836184276521 -0.0022248216183756147 0.01878720860291011 1.178467995823443 -0.0018264108480510871 0.85571553039312331 -0.009365645071531108 0.8115639261235944
decision_type=2 2 2 2 2 2 2 2 2 2 2 2 2 2
left_child=1 2 3 -1 -4 7 -7 -3 9 10 -2 -11 -10 -14
right_child=8 5 4 -5 -6 6 -8 -9 12 11 -12 -13 13 -15
leaf_value=-0.01801679882901035 0.04504712041575587 -0.017279486070495349 -0.014689222144463688 0.038172746709874805 0.066871933316053317 -0.020325086931109532 0.05523291091306809 0.025864668589059243 0.038996040637615172 -0.0090721253996277357 0.017600877865769964 0.036347242000870861 0.029188182882044254 -0.001718713285905317
leaf_weight=18.405377123504877 53.814154110848904 16.43687604367733 120.80233062803745 35.577235866338015 5.7684737369418135 33.388359151780605 5.9970416128635398 178.70187725499272 110.68400457501411 42.218711234629154 128.25856713205576 14.587249174714087 130.08513181656599 23.369378596544266
leaf_count=194 97 139 1267 209 22 210 13 877 213 162 401 36 293 78
internal_value=0.0180049 0.00874147 -0.00200643 0.0190149 -0.0109721 0.017016 -0.0088202 0.0222306 0.0256489 0.0202146 0.025713 0.00259115 0.0305636 0.0244814
internal_weight=918.095 415.078 180.553 53.9826 126.571 234.524 39.3854 195.139 503.017 238.879 182.073 56.806 264.139 153.455
internal_count=4211 2931 1692 403 1289 1239 223 1016 1280 696 498 198 584 371
is_linear=0
shrinkage=0.03


Tree=30
num_leaves=14
num_cat=0
split_feature=13 29 24 4 25 0 29 5 9 24 13 29 18
split_gain=69.2093 38.1855 27.2564 24.5419 48.6695 33.4284 22.4411 33.5031 18.8738 18.377 16.8543 0.158969 0.00412804
threshold=0.024080642124724456 0.029086429421443741 0.32349086015853462 187.50000000000003 0.00010794396705370389 0.00039193203900680804 0.067511903309854585 0.016488136029025626 0.32343447000219772 0.45120043347434163 0.027370609907179131 0.058479962665846673 0.0054552021285926983
decision_type=2 2 2 2 2 2 2 2 2 2 2 2 2
left_child=1 8 10 5 -5 -3 7 -4 -1 -8 -2 -12 -10
right_child=2 3 6 4 -6 -7 9 -9 12 -11 11 -13 -14
leaf_value=0.086260373324248074 0.034172120822887529 -0.022306234670569722 0.01541247874150369 -0.0059647715540008927 0.036366460556191998 0.017842246271838339 0.04681519218385808 0.045148024569360533 -0.031688665902595406 0.025829958059641795 -0.036158437682983768 -0.044326368582324922 -0.032376327175087774
leaf_weight=1.2617751546204079 3.9432293251156798 43.514040619134903 372.55765825510025 43.97966380789876 55.031184229999781 32.683864329010248 44.334738865494728 37.537614554166794 14.57482396066189 245.6626129001379 7.6516082808375341 2.9796256124973297 17.044682294130325
leaf_count=14 16 405 1548 353 285 243 70 86 296 564 59 14 258
internal_value=0.0173723 0.00214628 0.0218057 0.00771354 0.0175633 -0.00508519 0.022651 0.0181343 -0.027519 0.0290382 -0.0187998 -0.0384477 -0.0320594
internal_weight=922.757 208.09 714.667 175.209 99.0108 76.1979 700.093 410.095 32.8813 289.997 14.5745 10.6312 31.6195
internal_count=4211 1854 2357 1286 638 648 2268 1634 568 634 89 73 554
is_linear=0
shrinkage=0.03


Tree=31
num_leaves=15
num_cat=0
split_feature=7 28 26 5 18 4 18 28 28 28 24 1 21 27
split_gain=64.4575 30.1928 38.136 35.7757 36.2843 31.3687 28.2866 24.7694 48.3344 30.7077 19.7407 16.3495 14.1647 22.1097
threshold=19372770.020500001 -0.0005053724896898294 -0.0039045853138614515 0.0069776524326202651 0.011719481457281094 227.50000000000003 0.006161198435665041 -0.0018264108480510871 -0.0022248216183756147 -3.2133040316655266e-05 0.68443058632100617 0.010081625177008639 2810997.5000000005 -0.0036529516817352379
decision_type=2 2 2 2 2 2 2 2 2 2 2 2 2 2
left_child=1 2 11 10 -5 -4 12 8 -8 -9 -3 -1 -2 -14
right_child=6 3 5 4 -6 -7 7 9 -10 -11 -12 -13 13 -15
leaf_value=0.082576918878457126 -0.033520261096827195 -0.0061726606342118384 0.0034054657504029666 -0.015929992744176818 0.045867075973378378 0.040821112095263047 0.015598088583267321 0.0080252008275324225 0.04973537030819062 0.024091744735653918 -0.03493147976153433 -0.027676677690421474 0.062996946806682372 -0.033276588991375609
leaf_weight=1.2910186126828218 12.332724109292032 69.987036541104317 35.339902486652136 14.655272323638199 20.530396830290556 46.969579663127661 72.145545039325953 151.24898488074541 77.349843733012676 366.49465330317616 30.994745891541243 19.405765250325203 4.4587437324225903 4.1406127177178842
leaf_count=10 166 644 235 155 67 209 259 566 134 1168 328 189 26 55
internal_value=0.0167641 0.00334791 0.0156031 -0.00592276 0.0201278 0.0247566 0.0214269 0.0225042 0.0332609 0.0193982 -0.0149997 -0.0207993 -0.0129129 0.016641
internal_weight=927.345 239.174 103.006 136.167 35.1857 82.3095 688.171 667.239 149.495 517.744 100.982 20.6968 20.9321 8.59936
internal_count=4211 1837 643 1194 222 444 2374 2127 393 1734 972 199 247 81
is_linear=0
shrinkage=0.03


Tree=32
num_leaves=15
num_cat=0
split_feature=13 28 23 18 28 28 25 13 25 25 7 11 23 6
split_gain=62.059 39.6251 36.1347 30.9615 27.0792 29.346 46.0078 28.532 24.2091 45.6079 21.7579 17.0752 28.4474 11.7544
threshold=0.024080642124724456 -0.00047294535907999431 1.2056269990177604 0.0054552021285926983 -0.003454123923011883 -0.0018264108480510871 -0.000505418529753091 0.05550382904001832 0.00034777579305308954 0.00036061617792229307 3322303.6610000008 0.0055957236320195456 1.1943556350327784 79414.000000000015
decision_type=2 2 2 2 2 2 2 2 2 2 2 2 2 2
left_child=1 2 3 -1 11 6 -6 -7 13 -10 -4 12 -2 -3
right_child=4 8 10 -5 5 7 -8 -9 9 -11 -12 -13 -14 -15
leaf_value=-0.032474816007488277 0.054680161143846745 -0.029143048422942585 0.027460825626673013 0.034636177291051659 -0.027378912535204112 0.015473147226525865 0.039257396306385535 0.03354088231881034 0.088323044216839758 -0.0060249902625247312 -0.034984315995948673 -0.02959269904053308 -0.037141064582295782 -0.0075084140847873661
leaf_weight=6.8903202265501013 7.4846189245581645 40.007289573550224 7.3017002902925041 60.609065614640713 10.091968409717081 467.45478849858046 122.71342597901821 94.577990487217903 6.0127353593707111 19.783072866499424 16.083428412675858 15.513750970363615 5.1098657324910164 51.95108150318265
leaf_count=108 17 570 78 264 56 1687 258 194 30 196 178 106 39 430
internal_value=0.0161831 0.00176963 0.0166513 0.0277855 0.0203427 0.0215105 0.0341937 0.0185136 -0.00971629 0.0159666 -0.0154866 -0.00852488 0.0174262 -0.0169208
internal_weight=931.585 208.639 90.8845 67.4994 722.946 694.838 132.805 562.033 117.754 25.7958 23.3851 28.1082 12.5945 91.9584
internal_count=4211 1854 628 372 2357 2195 314 1881 1226 226 256 162 56 1000
is_linear=0
shrinkage=0.03


Tree=33
num_leaves=15
num_cat=0
split_feature=29 23 28 26 26 7 13 26 13 27 16 10 26 22
split_gain=59.1215 48.5068 35.308 62.0525 38.3394 36.0938 30.6482 30.2036 27.178 25.9926 26.2435 25.6021 25.4026 26.3092
threshold=0.039521672245995926 2.403287785506679 -0.0018264108480510871 -0.0034182799356169418 -0.0017821200875236017 26110194.248000003 0.024080642124724456 -0.0014071478760883866 0.057207795718889128 0.018096420807555216 1.0000000180025095e-35 0.045965742671569963 0.00030634364830145868 85887874.42900002
decision_type=2 2 2 2 2 2 2 2 2 2 2 2 2 2
left_child=1 12 3 5 8 -2 -6 -5 -4 10 -3 -11 13 -1
right_child=2 9 4 7 6 -7 -8 -9 -10 11 -12 -13 -14 -15
leaf_value=-0.020430293163699341 -0.036852977994959762 -0.020250539551287739 -0.021705164865945117 0.058173132014396479 0.0013351565558220818 0.019135217499909932 0.021114752927739844 0.025812269627946759 0.046324405748705083 -0.036979883449073908 0.036969105938961855 0.045351461809084122 -0.0302182855533914 0.016306740926113176
leaf_weight=32.859283834695816 12.436167784035204 8.430673271417616 36.141522131860256 65.486649364233017 84.039303071796894 62.160470925271511 437.74661651998758 43.002679608762264 6.1905237883329383 12.010884221643211 49.986263561993837 4.7410861849784842 42.317538160830736 37.64347318187356
leaf_count=430 96 61 175 99 560 186 1296 106 10 90 241 9 540 312
internal_value=0.0156331 0.000594875 0.0194166 0.0308637 0.0157014 0.0098013 0.017929 0.045346 -0.0117567 0.0192643 0.0287112 -0.0136787 -0.011844 -0.000815322
internal_weight=935.193 187.989 747.204 183.086 564.118 74.5966 521.786 108.489 42.332 75.1689 58.4169 16.752 112.82 70.5028
internal_count=4211 1683 2528 487 2041 282 1856 205 185 401 302 99 1282 742
is_linear=0
shrinkage=0.03


Tree=34
num_leaves=15
num_cat=0
split_feature=29 18 23 28 28 8 26 12 8 25 26 12 22 3
split_gain=56.42 37.7466 37.9815 34.2955 16.3225 15.2721 25.3358 20.8968 14.9457 13.1147 17.9204 10.3816 6.06152 3.1768
threshold=0.055796232233848483 0.0054552021285926983 0.81860038399207613 0.0024512705616603968 -0.0019466306043687306 -0.014136318696003259 0.00037043413897530506 -0.025715619969728262 -0.018022197014671018 0.00091992996561157724 -0.0025518637372914793 -0.038864688746756318 1039711118.8490001 0.54368405298211731
decision_type=2 2 2 2 2 2 2 2 2 2 2 2 2 2
left_child=1 11 4 -4 -3 6 8 -8 -2 10 -7 -1 -13 -11
right_child=5 2 3 -5 -6 9 7 -9 -10 13 -12 12 -14 -15
leaf_value=0.060701026986766285 0.031648790745362969 0.014206935360877011 0.016055275930665615 -0.020017385748294259 -0.023598508715001878 0.0080016719203583244 0.021178655161380098 -0.045067866096881751 -0.012370204619460163 0.03560270097563667 0.025021852467091234 -0.03215668981064157 0.0098546339849911353 0.058380841529027012
leaf_weight=1.2498332262039173 29.061864450573921 13.849469237029551 311.82342131063342 25.673424262553453 39.85998697951436 65.535701438784599 6.653339400887492 12.041335701942442 9.1204428225755674 11.943185955286028 370.03697111457586 27.738334961235527 3.4785711430013171 10.231204032897947
leaf_count=1 60 67 1750 191 378 193 18 56 35 22 887 503 41 9
internal_value=0.0151102 0.00700255 0.0095822 0.0133112 -0.01385 0.021785 0.00712384 -0.0214911 0.0211342 0.0236068 0.022461 -0.0240809 -0.0274753 0.0461125
internal_weight=938.297 423.673 391.206 337.497 53.7095 514.624 56.877 18.6947 38.1823 457.747 435.573 32.4667 31.2169 22.1744
internal_count=4211 2931 2386 1941 445 1280 169 74 95 1111 1080 545 544 31
is_linear=0
shrinkage=0.03


Tree=35
num_leaves=15
num_cat=0
split_feature=7 29 24 26 28 18 28 18 8 21 29 1 29 29
split_gain=53.2174 38.3924 29.7853 29.7836 50.1237 23.384 22.2255 22.1118 16.2331 13.3156 19.409 12.7444 0.0676712 0.0230409
threshold=19372770.020500001 0.03790010775767387 1.540012847887622 -0.0039045853138614515 -0.0017883153197450392 0.006161198435665041 0.0037748781952354378 0.0067142538912232565 0.0074929043769987099 2810997.5000000005 0.034660979825836297 0.015384757914162486 0.055796232233848483 0.047029796263580691
decision_type=2 2 2 2 2 2 2 2 2 2 2 2 2 2
left_child=1 2 11 12 -5 9 7 -7 -8 13 -11 -1 -3 -2
right_child=5 3 -4 4 -6 6 8 -9 -10 10 -12 -13 -14 -15
leaf_value=0.012874287956361032 -0.033015545285985513 -0.034346239509009897 0.06269125468789985 0.041658907246763376 0.0033707398205418239 0.060764034946384285 -0.029479652103329673 0.01991886322971638 0.029566782765936842 -0.032607420936012037 0.057299198959832189 -0.024252601440811518 -0.039058781350888035 -0.037283102938411153
leaf_weight=9.5704225860536081 10.558663606643679 6.6136801838874799 4.2053817622363558 42.88708370923996 108.93251268193126 12.151973966509102 13.811909709125759 648.56446582451463 6.0154414996504775 4.044019762426613 4.6411692276597023 63.748662367463112 4.6851999461650848 1.2762618139386166
leaf_count=93 157 63 21 123 666 57 79 1974 17 62 19 843 28 9
internal_value=0.0146012 0.00242866 -0.0149529 0.0106895 0.0141867 0.0187795 0.0197309 0.0206701 -0.0115655 -0.0127735 0.0154367 -0.0194064 -0.0363003 -0.0334758
internal_weight=941.707 240.643 77.5245 163.118 151.82 701.064 680.544 660.716 19.8274 20.5201 8.68519 73.3191 11.2989 11.8349
internal_count=4211 1837 957 880 789 2374 2127 2031 96 247 81 936 91 166
is_linear=0
shrinkage=0.03


Tree=36
num_leaves=15
num_cat=0
split_feature=29 18 23 28 28 8 26 12 8 27 0 25 1 22
split_gain=51.0182 34.3539 35.2777 31.3793 15.3229 14.1379 23.5766 19.8534 13.8665 13.5047 26.4177 15.3248 9.46429 5.94394
threshold=0.055796232233848483 0.0054552021285926983 0.81860038399207613 0.0024512705616603968 -0.001228833018714364 -0.014136318696003259 0.00037043413897530506 -0.025715619969728262 -0.018022197014671018 -0.034395363067272922 -0.0014208724597418209 0.00091992996561157724 0.17857326603683971 1039711118.8490001
decision_type=2 2 2 2 2 2 2 2 2 2 2 2 2 2
left_child=1 12 4 -4 -3 6 8 -8 -2 10 -7 -11 13 -1
right_child=5 2 3 -5 -6 9 7 -9 -10 11 -12 -13 -14 -15
leaf_value=-0.03205808795088267 0.02981068819753557 0.0075793839811608733 0.014936078914783778 -0.019748351174730408 -0.025892617796041049 0.042739266420309702 0.019859140712049007 -0.044643729027038496 -0.012518548115780456 0.022057084131842982 -0.025621926118130058 0.048131393613683099 0.057137151563430383 0.0095844790407720992
leaf_weight=26.523365303874023 29.335919544100761 19.227015987038612 316.42603945359588 25.356778793036938 34.209218107163906 7.9937349334359196 6.7198409289121654 11.899116471409796 9.133660674095152 418.14233690500259 13.994650185108183 21.321117579936981 1.2468619346618641 3.4909304417669764
leaf_count=503 60 104 1750 191 341 14 18 56 35 1015 55 27 1 41
internal_value=0.0141103 0.00642418 0.00881884 0.0123629 -0.013849 0.0204318 0.00634826 -0.0213637 0.0197606 0.0221741 -0.000769658 0.0233221 -0.0238503 -0.0272147
internal_weight=945.021 426.48 395.219 341.783 53.4362 518.54 57.0885 18.619 38.4696 461.452 21.9884 439.463 31.2612 30.0143
internal_count=4211 2931 2386 1941 445 1280 169 74 95 1111 69 1042 545 544
is_linear=0
shrinkage=0.03


Tree=37
num_leaves=15
num_cat=0
split_feature=29 20 25 14 14 28 24 8 7 8 21 27 7 25
split_gain=47.7506 33.6865 37.3529 31.2981 28.6758 22.6361 22.446 13.1399 32.456 22.3 15.0779 12.5802 21.3591 14.4472
threshold=0.055796232233848483 -0.035064169993138085 0.00046462623231768142 0.47740223261769676 0.84213054931767317 -0.0022248216183756147 0.55343598404527949 -0.014136318696003259 251087039.58450004 -0.021791803845795446 1183632.0000000002 -0.034395363067272922 66977680.954500012 0.00091992996561157724
decision_type=2 2 2 2 2 2 2 2 2 2 2 2 2 2
left_child=1 2 5 6 -5 -1 -3 8 9 -2 -10 12 -9 -13
right_child=7 3 -4 4 -6 -7 -8 11 10 -11 -12 13 -14 -15
leaf_value=-0.018971171850269235 0.014590036239633085 -0.00047490785071460526 -0.036566182387347879 0.016469777104718676 -0.0058892655994219108 0.031189420405848815 -0.02876268838804975 0.026761429155624076 0.067938029273563988 -0.03574385903384264 0.016755938576399166 0.021296749597548816 -0.032591695346490264 0.046584518348448387
leaf_weight=8.9283750280737859 14.082981675863264 61.340566046535969 9.2636236250400525 134.17909501492977 83.905986856669188 86.945947244763374 42.90263793617487 11.771803662180902 7.3602265119552639 18.107490830123425 17.48937152326107 420.04886247962713 10.172070771455763 21.367449790239334
leaf_count=72 37 515 70 938 601 306 429 28 6 84 42 1015 41 27
internal_value=0.0136435 0.00621407 0.0209599 0.00140425 0.00786737 0.0265182 -0.0121171 0.0197462 0.00615935 -0.0137233 0.0319156 0.0214187 -0.000751679 0.0225208
internal_weight=947.866 427.466 105.138 322.328 218.085 95.8743 104.243 520.4 57.0401 32.1905 24.8496 463.36 21.9439 441.416
internal_count=4211 2931 448 2483 1539 378 944 1280 169 121 48 1111 69 1042
is_linear=0
shrinkage=0.03


Tree=38
num_leaves=15
num_cat=0
split_feature=7 29 26 28 24 18 28 7 17 8 25 21 29 29
split_gain=46.3062 34.5557 27.8752 44.9122 26.8206 20.2689 19.9206 19.8473 16.7118 15.1472 14.0118 19.504 0.0728743 0.020849
threshold=19372770.020500001 0.03790010775767387 -0.0039045853138614515 -0.0017883153197450392 1.540012847887622 0.006161198435665041 0.0037748781952354378 26735786.6325 0.012443348773060773 0.0074929043769987099 -0.00011775243431594598 2810997.5000000005 0.055796232233848483 0.036791467298070479
decision_type=2 2 2 2 2 2 2 2 2 2 2 2 2 2
left_child=1 4 12 -4 8 10 7 -7 -1 -8 11 -2 -3 -12
right_child=5 2 3 -5 -6 6 9 -9 -10 -11 13 -13 -14 -15
leaf_value=-0.02247056310895185 -0.033493153397710008 -0.034196856727234409 0.038564329313999203 0.0026518497347402569 0.0576057025881253 0.036484061677912127 -0.029317622137269267 0.017292978730506822 0.044007583184873043 0.027481233051841514 -0.03254901473250358 0.059493994818649788 -0.039113579499068032 -0.035352272774444304
leaf_weight=68.594373933970928 3.6947624236345309 6.4434060081839544 43.855020761489868 109.83630321547389 4.3411479778587809 52.64130287244916 13.65983082726598 616.5758005939424 3.5810431502759448 6.1183908507227889 8.6519600227475149 4.5059046559035778 4.6863681674003601 3.2980282418429843
leaf_count=922 52 63 123 666 21 165 79 1866 14 17 142 24 28 29
internal_value=0.0131954 0.00184463 0.00957926 0.0128993 -0.0148162 0.0170582 0.0179256 0.0188026 -0.0191722 -0.0117469 -0.0125991 0.0175992 -0.0362671 -0.0333227
internal_weight=950.484 241.338 164.821 153.691 76.5166 709.146 688.995 669.217 72.1754 19.7782 20.1507 8.20067 11.1298 11.95
internal_count=4211 1837 880 789 957 2374 2127 2031 936 96 247 76 91 171
is_linear=0
shrinkage=0.03


Tree=39
num_leaves=14
num_cat=0
split_feature=29 23 18 28 5 28 11 26 8 28 7 16 6
split_gain=43.1927 31.478 32.0061 28.4028 24.6236 16.8834 13.0488 15.2916 31.9278 18.8145 6.10509 4.15884 7.58459
threshold=0.055796232233848483 0.81860038399207613 0.0054552021285926983 0.0024512705616603968 0.030043283900149768 -0.001228833018714364 0.057844428286959022 0.00029103162108341129 -0.013947443578383078 0.00054098715103160502 306802281.18650001 0.83333333333333337 461319.50000000006
decision_type=2 2 2 2 2 2 2 2 2 2 2 2 2
left_child=1 4 10 -4 5 -1 7 9 -9 -2 -3 -8 -13
right_child=6 2 3 -5 -6 -7 11 8 -10 -11 -12 12 -14
leaf_value=0.0032982664548559695 0.024570470764272729 -0.032038298017963505 0.013660891370107097 -0.019505024700259339 0.086184786687728096 -0.030193889918660385 0.046259942123713267 -0.027660675666928439 0.014633730741542691 0.001316331067789135 0.011891769437272005 -0.002266758303807498 0.040258817953717718
leaf_weight=21.330765131860971 253.3379347845912 19.296896256506447 321.36998758837581 25.050622016191483 2.1167896203696719 37.118364851921797 18.1104596555233 17.619889311492443 181.87827586382627 35.730145424604416 3.3399439528584471 5.7834050059318569 10.867414921522139
leaf_count=137 548 383 1750 191 3 424 21 75 497 107 43 16 16
internal_value=0.0127637 0.00571456 0.0090042 0.0112626 -0.0143308 -0.0179711 0.0185506 0.017287 0.0108982 0.0216962 -0.0255567 0.0363102 0.0254882
internal_weight=952.951 429.623 369.057 346.421 60.5659 58.4491 523.328 488.566 199.498 289.068 22.6368 34.7613 16.6508
internal_count=4211 2931 2367 1941 564 561 1280 1227 572 655 426 53 32
is_linear=0
shrinkage=0.03


Tree=40
num_leaves=15
num_cat=0
split_feature=13 28 23 14 25 25 28 28 25 9 18 29 21 14
split_gain=42.8048 32.2537 30.7111 24.6839 22.5582 38.6239 22.4789 22.5599 40.021 23.9587 21.4522 14.2482 11.4021 8.04069
threshold=0.024080642124724456 -0.00047294535907999431 1.2056269990177604 0.77472379230800648 0.00034777579305308954 0.00036061617792229307 -0.003454123923011883 -0.0018264108480510871 -0.000505418529753091 13.179700000000002 0.0066185061545097216 0.079851050041585561 773054.50000000012 0.92623668260362246
decision_type=2 2 2 2 2 2 2 2 2 2 2 2 2 2
left_child=1 2 3 -1 12 -6 11 8 -8 -9 -4 13 -3 -2
right_child=6 4 10 -5 5 -7 7 9 -10 -11 -12 -13 -14 -15
leaf_value=0.028766347715896399 -0.03012030950020745 -0.027225013639559981 0.025176713354138736 -0.038301901273029931 0.077919396783587822 -0.0064946118897026067 -0.029147744939215722 0.012132772790506932 0.032426178746024437 0.032245836782411268 -0.03596721703991785 0.022647623520561683 -0.0059548054082181655 0.033659169623179136
leaf_weight=64.165976483374834 18.308303039520986 47.835417658090591 7.6580433845520046 5.3506441488862029 6.4926248900592354 19.620119851082563 10.277567781507967 521.03246397525072 125.61781458556652 59.377200603485107 15.858642496168612 8.346077159047125 43.135676577687263 1.9704579412937153
leaf_count=320 132 661 108 52 30 196 56 1735 258 146 148 20 339 10
internal_value=0.0123517 0.000393047 0.0135789 0.0236042 -0.0100843 0.0144939 0.0157248 0.0167666 0.0277694 0.0141904 -0.0160561 -0.0103445 -0.0171393 -0.0239229
internal_weight=955.047 210.117 93.0333 69.5166 117.084 26.1127 744.93 716.305 135.895 580.41 23.5167 28.6248 90.9711 20.2788
internal_count=4211 1854 628 372 1226 226 2357 2195 314 1881 256 162 1000 142
is_linear=0
shrinkage=0.03


Tree=41
num_leaves=15
num_cat=0
split_feature=29 22 28 26 25 26 25 26 25 12 13 24 9 29
split_gain=40.8113 34.6401 28.1972 52.123 43.2142 35.2119 27.5984 26.5356 26.2959 25.8473 24.7155 23.6993 6.68933 6.57141
threshold=0.039521672245995926 85887874.42900002 -0.0018264108480510871 -0.0034182799356169418 0.00091992996561157724 -0.0017821200875236017 -0.00019756117001413972 -0.0014071478760883866 -0.00087053193906951151 -0.035650348919625104 0.057207795718889128 0.52831661919868644 0.32343447000219772 0.037655923409185381
decision_type=2 2 2 2 2 2 2 2 2 2 2 2 2 2
left_child=1 9 3 4 -2 10 13 -5 -7 -1 -4 -8 -11 -3
right_child=2 6 5 7 -6 8 11 -9 -10 12 -12 -13 -14 -15
leaf_value=0.051387309992183557 -0.0067944749483971239 -0.035183168874719124 -0.023567164185769717 0.050004025792162385 0.046285987535118721 0.055830182478350733 0.028229697370941803 0.020080744620104476 0.012811023192798122 0.022944181190783959 0.040584651260447323 -4.6246084736051039e-05 -0.02558357811350306 0.014549968145069522
leaf_weight=4.4616422280669203 57.564233370125294 14.108322460204365 37.105148315429688 67.504875279963017 18.158149383962154 13.107729583978651 54.599570140242577 44.093774117529392 524.46613285690546 2.6748273745179167 6.3265532404184333 52.165677893906832 57.78755103982985 2.8791393712162963
leaf_count=11 256 153 175 99 26 28 312 106 1828 32 10 338 822 15
internal_value=0.011954 -0.000547688 0.015024 0.0251456 0.00593417 0.0117607 0.0087629 0.038181 0.01386 -0.0182948 -0.0142224 0.014414 -0.0234367 -0.0267541
internal_weight=957.003 188.677 768.327 187.321 75.7224 581.006 123.753 111.599 537.574 64.924 43.4317 106.765 60.4624 16.9875
internal_count=4211 1683 2528 487 282 2041 818 205 1856 865 185 650 854 168
is_linear=0
shrinkage=0.03


Tree=42
num_leaves=15
num_cat=0
split_feature=29 18 28 28 1 8 17 9 10 14 15 22 3 29
split_gain=39.2644 31.9022 25.7599 32.5835 15.7086 18.8075 33.8919 14.8048 11.2406 10.8805 7.63023 13.9587 7.24187 0.0104331
threshold=0.064762315950482194 0.0054552021285926983 -0.003454123923011883 -0.0018264108480510871 0.062913565374907401 0.0096757096890529495 -0.00037401667767215913 2.941011538461539 -0.027969248432432911 0.96289837688964519 -0.0038197609395958609 1002050120.0215002 0.66439547931584964 0.036387390792766511
decision_type=2 2 2 2 2 2 2 2 2 2 2 2 2 2
left_child=1 10 9 -4 5 7 -7 -2 -6 -3 11 -1 -10 -12
right_child=4 2 3 -5 8 6 -8 -9 12 -11 13 -13 -14 -15
leaf_value=-0.014776418701160665 0.020404104089205906 -0.035454208856102544 0.024723712386398717 0.0058853611027458478 -0.014722675698581288 0.024188116274983969 -0.030227542317682828 -0.017871063581157878 0.024190894248663098 0.04502788885935647 -0.03174172020108372 0.10196845609699966 0.042958693548693049 -0.033489126587888406
leaf_weight=5.6308745797723558 247.17121367901564 15.65797283500433 102.10607646405697 433.29029234498739 4.5492350906133643 20.740587145090103 20.466309189796448 9.4426212310790998 35.914295509457588 1.6733515635132796 19.077326742932204 1.102163780480623 38.170564636588097 3.6661315485835066
leaf_count=80 563 143 374 2294 16 42 74 34 68 6 411 8 51 47
internal_value=0.0115732 0.00669108 0.00831281 0.00947805 0.0191236 0.0159747 -0.00283861 0.0189957 0.0310499 -0.0276836 -0.0237186 0.00433412 0.0338606 -0.0320234
internal_weight=958.659 582.204 552.728 535.396 376.455 297.821 41.2069 256.614 78.6341 17.3313 29.4765 6.73304 74.0849 22.7435
internal_count=4211 3363 2817 2668 848 713 116 597 135 149 546 88 119 458
is_linear=0
shrinkage=0.03


Tree=43
num_leaves=13
num_cat=0
split_feature=13 1 29 15 1 25 25 26 12 5 25 29
split_gain=38.5538 35.7519 24.055 28.4796 27.1709 22.9233 28.9228 22.398 34.5197 21.147 9.75691 0.102587
threshold=0.029551941919454015 0.02286185263234166 0.032610895418817239 0.0086944184898963637 0.088206360688439914 -0.0011302574365555185 -0.00066367208651680395 -0.00045277323989318139 -0.0028997016143868476 -0.02817455228034282 -0.00087053193906951151 0.056556520758638942
decision_type=2 2 2 2 2 2 2 2 2 2 2 2
left_child=1 7 4 -4 -3 -2 11 8 -1 -8 -9 -7
right_child=5 2 3 -5 -6 6 9 10 -10 -11 -12 -13
leaf_value=-0.025986011235105404 0.067840573994302211 -0.019593539456754756 0.014513116243909181 -0.025099629059392652 0.059456596945249747 -0.037632841578202798 -0.043939693051611342 0.034040730851317806 0.03807010253817824 0.016509678020338047 -0.035136567681697164 -0.045076271101067128
leaf_weight=16.742994531989101 7.5419170260429373 41.063532335683703 229.87104748189449 17.584011275321245 4.3254949152469626 2.4492066726088515 5.2557270973920813 1.9343132190406311 13.822475288063286 578.9266469180584 35.726793318986893 5.214034840464592
leaf_count=180 9 590 1075 104 10 17 28 9 91 1650 424 24
internal_value=0.0112035 0.00345932 0.00801584 0.0116983 -0.0120602 0.0158685 0.0152063 -0.0160983 0.00298178 0.0159658 -0.0315836 -0.0426973
internal_weight=960.458 361.071 292.844 247.455 45.389 599.388 591.846 68.2266 30.5655 584.182 37.6611 7.66324
internal_count=4211 2483 1779 1179 600 1728 1719 704 271 1678 433 41
is_linear=0
shrinkage=0.03


Tree=44
num_leaves=14
num_cat=0
split_feature=13 24 1 23 13 26 12 29 25 25 25 29 29
split_gain=36.0145 41.7421 33.8574 23.7385 27.217 21.7756 32.2279 21.0425 20.2635 28.0299 9.41077 0.318295 0.0464928
threshold=0.029551941919454015 0.33408333436853149 0.02286185263234166 1.2538586895092145 0.025114007127553881 -0.00045277323989318139 -0.0028997016143868476 0.030293764836672763 -0.0011302574365555185 -0.00066367208651680395 -0.00087053193906951151 0.07106009482170024 0.050686854471700231
decision_type=2 2 2 2 2 2 2 2 2 2 2 2 2
left_child=2 11 5 7 -5 6 -1 -4 -3 -10 -7 12 -2
right_child=1 8 3 4 -6 10 -8 -9 9 -11 -12 -13 -14
leaf_value=-0.025699546157137383 -0.036442209072160607 0.065023203942710661 -0.032036135339375153 -0.020156837599987005 0.01205146270876763 0.032544871316025889 0.036079683096685043 0.015720059463550404 -0.042290352466180493 0.016563928555694541 -0.034982199486079432 -0.050035665444006283 -0.040856286107799795
leaf_weight=16.426544424146417 5.6466876789927465 7.63120312988758 8.6827526055276376 48.950524521991611 45.61813310906291 1.9620869755744923 14.142414841800926 190.29190092161298 7.3764601722359648 574.6287839114666 34.821589384227991 2.591921627521514 3.4656441509723663
leaf_count=180 44 9 175 539 181 9 91 884 40 1605 424 11 19
internal_value=0.010845 0.0153412 0.00335314 0.00775462 -0.00462016 -0.0158298 0.00288198 0.0136361 0.0164548 0.015818 -0.0313802 -0.0407595 -0.038121
internal_weight=962.237 601.341 360.896 293.543 94.5687 67.3526 30.569 198.975 589.636 582.005 36.7837 11.7043 9.11233
internal_count=4211 1728 2483 1779 720 704 271 1059 1654 1645 433 74 63
is_linear=0
shrinkage=0.03


Tree=45
num_leaves=15
num_cat=0
split_feature=7 13 22 22 13 28 1 28 24 17 11 13 24 11
split_gain=36.0028 26.2983 18.4073 23.342 17.7805 24.5848 36.7379 31.6033 17.445 17.3688 15.8412 15.6217 12.26 0.047847
threshold=19372770.020500001 0.03020669123253111 94188384.923500016 85887874.42900002 0.050623172119753403 -0.0018264108480510871 0.023650485693168594 0.00035645574497404013 0.33408333436853149 0.013019499329607057 0.0045152196261442059 0.059935948763474106 0.34614894861639128 0.020858392255827005
decision_type=2 2 2 2 2 2 2 2 2 2 2 2 2 2
left_child=1 2 3 -1 5 6 -2 -7 -3 -10 11 -6 -12 -4
right_child=4 8 13 -5 10 7 -8 -9 9 -11 12 -13 -14 -15
leaf_value=-0.0079000810543007043 -0.039154589638125993 -0.037573517864332877 -0.034369912521390579 0.041727338076181293 0.017236678294160309 -0.0013432003237666451 0.027132684168517801 0.014899769143294314 0.016960495781181934 -0.041633283068750998 -0.048801686684288775 -0.047726544899020736 0.027359339273807643 -0.037841949721754933
leaf_weight=103.53188570775092 8.0250635817646963 6.1905094608664504 15.091798646375539 9.2956316471099836 8.9312096238136274 185.28265538811684 120.71713969111443 257.81524459086359 99.049249656498432 4.7724923938512793 1.9298663288354863 5.313448652625083 132.95294927805662 4.679826781153678
leaf_count=1114 65 44 170 54 25 784 309 906 392 27 9 24 252 36
internal_value=0.0105027 0.000506179 -0.00849045 -0.00381138 0.0138666 0.0114607 0.0230007 0.00810772 0.0113499 0.014267 0.0230922 -0.00699548 0.0262696 -0.0351917
internal_weight=963.579 242.611 132.599 112.828 720.968 571.84 128.742 443.098 110.012 103.822 149.127 14.2447 134.883 19.7716
internal_count=4211 1837 1374 1168 2374 2064 374 1690 463 419 310 49 261 206
is_linear=0
shrinkage=0.03


Tree=46
num_leaves=14
num_cat=0
split_feature=7 29 26 28 12 28 11 28 17 6 1 12 29
split_gain=33.7085 25.9508 24.6741 35.4378 20.9804 17.1799 18.4361 17.7145 15.9079 14.3356 10.5751 6.1043 0.0750851
threshold=19372770.020500001 0.03790010775767387 -0.0039045853138614515 -0.0017883153197450392 -0.045241628085279782 0.0037748781952354378 0.049594074004252843 -0.0018264108480510871 -0.0059525596540753933 100224.50000000001 0.015384757914162486 -0.012362866643690814 0.06816460167034287
decision_type=2 2 2 2 2 2 2 2 2 2 2 2 2
left_child=1 4 12 -4 -1 6 7 -2 -7 -8 -6 -10 -3
right_child=5 2 3 -5 10 8 9 -9 11 -11 -12 -13 -14
leaf_value=0.048516324582251281 0.021528554449581482 -0.035229688509628217 0.032292438307469751 0.00092938492337728111 0.0097866660635737013 0.05119879108084547 -0.052198875980137623 0.0098394878575298467 -0.0044774152166991033 0.031896121315194252 -0.023352210722424965 -0.040120283525292878 -0.041721679110631259
leaf_weight=4.4809454083442679 153.80851303972304 9.0999103523790819 45.632897965610027 112.02031390741467 10.163183230906723 2.9175380244851139 1.8788733035325993 483.4245213214308 7.7171234935522124 62.913305148482323 58.856452740728855 9.8367123901843989 1.9463389962911595
leaf_count=11 436 81 123 666 98 5 8 1727 33 101 848 64 10
internal_value=0.0101742 0.000488647 0.00697048 0.0100075 -0.0143885 0.0134211 0.0142111 0.0126609 -0.0136693 0.0294575 -0.0184725 -0.0244508 -0.0363736
internal_weight=964.697 242.2 168.699 157.653 73.5006 722.497 702.025 637.233 20.4714 64.7922 69.0196 17.5538 11.0462
internal_count=4211 1837 880 789 957 2374 2272 2163 102 109 946 97 91
is_linear=0
shrinkage=0.03


Tree=47
num_leaves=15
num_cat=0
split_feature=13 28 23 14 25 5 28 24 9 28 11 23 13 0
split_gain=30.994 27.1659 24.9199 21.4721 20.9424 36.9166 19.3601 18.3974 18.0687 17.5383 15.0813 23.5721 14.6741 11.5938
threshold=0.024080642124724456 -0.00047294535907999431 1.2056269990177604 0.77472379230800648 0.00034777579305308954 -0.0017606982764420147 -0.003454123923011883 0.32349086015853462 0.48539730612640286 -0.0018264108480510871 0.0055957236320195456 1.1943556350327784 0.027370609907179131 0.00039193203900680804
decision_type=2 2 2 2 2 2 2 2 2 2 2 2 2 2
left_child=1 2 3 -1 13 -6 10 12 -4 -9 11 -2 -8 -3
right_child=6 4 8 -5 5 -7 7 9 -10 -11 -12 -13 -14 -15
leaf_value=0.025010453221164738 0.045087042698146645 -0.02652801180067314 0.10403140055687923 -0.038511471871805487 0.046991435521300716 -0.02415450815797112 0.027780607464937494 0.024156343441559675 -0.021561642104978164 0.012066487213064083 -0.031276029063260269 -0.037549831730283555 -0.039463250282655044 -0.0047135506678067955
leaf_weight=65.900384522974491 7.8584659993648547 50.380220020189881 1.0821800120174909 5.1646136902272692 13.906994987279178 12.431397205218671 4.100922927260398 132.67290405929089 21.777199981734157 580.48508018627763 15.694748066365717 5.1377168595790863 10.148674860596655 38.824932539835572
leaf_count=320 17 593 6 52 78 148 16 295 250 1817 106 39 67 407
internal_value=0.00985881 -0.000352917 0.0116299 0.020394 -0.0100936 0.0134114 0.0126878 0.0136412 -0.015616 0.0143156 -0.0114836 0.0124186 -0.020111 -0.0170337
internal_weight=965.566 209.468 93.9244 71.065 115.544 26.3384 756.099 727.408 22.8594 713.158 28.6909 12.9962 14.2496 89.2052
internal_count=4211 1854 628 372 1226 226 2357 2195 256 2112 162 56 83 1000
is_linear=0
shrinkage=0.03


Tree=48
num_leaves=14
num_cat=0
split_feature=29 18 26 5 7 22 8 18 15 22 13 11 29
split_gain=31.7081 27.3514 24.5691 22.6126 14.4414 16.0029 15.9027 10.0163 7.39624 13.2621 7.28552 0.115751 0.0111462
threshold=0.067511903309854585 0.0054552021285926983 0.0073313460244207812 0.016488136029025626 427751130.82950008 976639972.20200002 -0.013947443578383078 0.013646557549385097 -0.0038197609395958609 1039711118.8490001 0.035210888422686451 0.024068952931298331 0.034660979825836297
decision_type=2 2 2 2 2 2 2 2 2 2 2 2 2
left_child=1 8 3 -3 5 6 -2 -6 9 -1 -9 -4 -10
right_child=4 2 11 -5 7 -7 -8 10 12 -11 -12 -13 -14
leaf_value=-0.014962106548263666 -0.0051943854577162461 0.0062280067911970934 -0.034946141547597606 0.029482583813281914 0.00030008540370471984 -0.034306968694593737 0.018018386945550149 0.016537750513690448 -0.03159684520797424 0.097961360793082403 0.04440716042036149 -0.041259922594422432 -0.033244738344607082
leaf_weight=5.4595917556434896 29.845397904515266 558.08083307370543 6.7851534709334356 40.354963261634111 7.7923585623502722 5.9413764327764502 241.43614587187767 11.386771455407141 16.583877347409729 1.1297032013535497 32.643973648548126 4.2502961531281471 4.75285655632615
leaf_count=81 95 2739 70 112 20 22 519 23 392 7 41 24 66
internal_value=0.00955224 0.00564796 0.00697821 0.00779616 0.0171153 0.0143979 0.0154646 0.0316514 -0.0233841 0.00439808 0.0371999 -0.0373779 -0.0319639
internal_weight=966.443 637.397 609.471 598.436 329.046 277.223 271.282 51.8231 27.926 6.58929 44.0307 11.0354 21.3367
internal_count=4211 3491 2945 2851 720 636 614 84 546 88 64 94 458
is_linear=0
shrinkage=0.03


Tree=49
num_leaves=14
num_cat=0
split_feature=7 29 26 28 24 3 20 7 7 23 17 29 29
split_gain=30.1032 23.3706 23.2706 32.0168 22.2608 16.1346 19.5647 17.6798 25.5936 24.4823 14.8173 0.227674 0.0730943
threshold=19372770.020500001 0.03790010775767387 -0.0039045853138614515 -0.0017883153197450392 1.540012847887622 0.0022173058013745793 -0.051046880377599656 26735786.6325 31734475.906000007 0.69783904481063608 0.012443348773060773 0.065418623164105863 0.06816460167034287
decision_type=2 2 2 2 2 2 2 2 2 2 2 2 2
left_child=1 4 12 -4 10 6 -2 9 -9 -7 -1 -8 -3
right_child=5 2 3 -5 -6 7 11 8 -10 -11 -12 -13 -14
leaf_value=-0.021807213874084672 0.018191116710328976 -0.035151991724693854 0.03011232973175209 0.00045770489785187159 0.050814774885158349 -0.042366112476937313 -0.038763569695152475 -0.019292681382921693 0.01280366695209628 0.034791480552335267 0.039896784189410804 -0.047728199064241063 -0.041585405896095919
leaf_weight=64.209279770031571 8.7837642356753367 8.9308295696973783 46.212327554821968 112.62141716852784 4.450770402327179 3.9864526689052573 6.0178615935146791 23.185882475227118 627.3897434733808 51.717286717146635 3.7046444304287425 4.4242148548364639 1.9335549473762501
leaf_count=922 23 81 123 666 21 25 41 116 1980 169 14 20 10
internal_value=0.00925399 9.29796e-05 0.00618017 0.00908565 -0.0141817 0.0123105 -0.0148054 0.0130487 0.0116598 0.0292697 -0.0184413 -0.0425618 -0.036297
internal_weight=967.568 242.063 169.698 158.834 72.3647 725.505 19.2258 706.279 650.576 55.7037 67.9139 10.4421 10.8644
internal_count=4211 1837 880 789 957 2374 84 2290 2096 194 936 61 91
is_linear=0
shrinkage=0.03


Tree=50
num_leaves=14
num_cat=0
split_feature=29 18 5 9 20 7 22 8 18 15 15 13 29
split_gain=29.4128 25.4692 22.1153 27.0341 13.7234 13.5752 15.0923 14.8502 9.45361 7.16625 11.8766 6.84675 0.0106352
threshold=0.067511903309854585 0.0054552021285926983 0.016488136029025626 0.60247707228344505 -0.00077322624045184486 427751130.82950008 976639972.20200002 -0.013947443578383078 0.013646557549385097 -0.0038197609395958609 -0.0041072195477778522 0.035210888422686451 0.036791467298070479
decision_type=2 2 2 2 2 2 2 2 2 2 2 2 2
left_child=1 9 3 -3 -4 6 7 -2 -7 10 -1 -10 -11
right_child=5 2 4 -5 -6 8 -8 -9 11 12 -12 -13 -14
leaf_value=-0.015066096644704844 -0.0053121252016226769 -0.016324765479643847 0.0099530608255512121 0.0069542276077391588 0.044773133591931406 -9.3110531059433131e-05 -0.033728004557982416 0.017117168631390369 0.015707733071885166 -0.031610044874798911 0.088946387598953416 0.042735808591670643 -0.033486619650168095
leaf_weight=5.3794095125049353 29.847166523337364 49.122481781989336 19.852006871253252 522.07298354059458 20.924009874463081 7.7984016537666312 5.9298350214958182 241.74721357226372 11.377784639596937 17.383580362424258 1.2103052586317087 32.615861594676971 3.2217783220112315
leaf_count=77 95 324 72 2508 41 20 22 519 23 415 11 41 43
internal_value=0.00896627 0.00521358 0.00647599 0.00495225 0.0278208 0.0162498 0.0136185 0.0146523 0.0303494 -0.0231945 0.00403744 0.0357457 -0.0319035
internal_weight=968.483 639.167 611.971 571.195 40.776 329.316 277.524 271.594 51.792 27.1951 6.58971 43.9936 20.6054
internal_count=4211 3491 2945 2832 113 720 636 614 84 546 88 64 458
is_linear=0
shrinkage=0.03


Tree=51
num_leaves=15
num_cat=0
split_feature=29 18 26 28 1 10 17 3 23 10 10 23 11 29
split_gain=27.6963 24.2645 23.1022 21.0708 13.3305 19.7366 16.3307 19.5194 12.6416 7.07141 13.7215 5.80398 0.107786 0.0109754
threshold=0.067511903309854585 0.0054552021285926983 0.0073313460244207812 -0.003454123923011883 0.062913565374907401 -0.027969248432432911 0.0053271587614001177 0.78095011633280331 1.6980302235808944 -0.0071472345178396138 -0.0075845214296965764 0.62008971080498887 0.024068952931298331 0.036791467298070479
decision_type=2 2 2 2 2 2 2 2 2 2 2 2 2 2
left_child=1 9 3 -3 6 -6 8 -8 -2 10 -1 -7 -4 -11
right_child=4 2 12 -5 5 11 7 -9 -10 13 -12 -13 -14 -15
leaf_value=-0.015316299516889861 0.019057752922326462 -0.023179903752181302 -0.034824637197001872 0.0080896379339165103 -0.048927448504457717 -0.053527583540985552 0.0095275882240916047 -0.02767141500579107 -0.01075149095666621 -0.031551978961316812 0.10085393278251192 0.031263488323868487 -0.040975021751903061 -0.033399344733362327
leaf_weight=5.5475448966026306 178.96966230869293 20.062764260917902 6.6207875497639161 582.35179605334997 2.9450976252555838 0.73432792723178764 46.966864094138145 17.398286923766136 13.790558502078055 16.498382925987247 1.0958232916891599 68.630188912153244 4.18584094196558 3.5102105587720862
leaf_count=85 378 158 70 2693 13 3 116 60 44 407 7 106 24 47
internal_value=0.00868907 0.00505043 0.00626834 0.00704824 0.0157565 0.0271363 0.0125563 -0.000527526 0.0169251 -0.0229719 0.00384598 0.0303658 -0.0372069 -0.0318761
internal_weight=969.308 639.873 613.221 602.415 329.435 72.3096 257.125 64.3652 192.76 26.652 6.64337 69.3645 10.8066 20.0086
internal_count=4211 3491 2945 2851 720 122 598 176 422 546 92 109 94 454
is_linear=0
shrinkage=0.03


Tree=52
num_leaves=14
num_cat=0
split_feature=13 24 1 25 14 15 12 17 27 0 29 29 24
split_gain=26.1315 29.2683 24.862 22.9169 21.5327 33.269 21.7543 18.5916 18.1262 22.6456 21.6111 0.210284 0.0215278
threshold=0.03120713158228863 0.33408333436853149 0.028571428571428591 -0.0011302574365555185 0.81476245179732898 0.0035457771759636009 -0.017547519020715458 0.01352572911944622 -0.034395363067272922 -0.0014482924528704734 0.020007434860058581 0.057351777996037516 0.29151886193263948
decision_type=2 2 2 2 2 2 2 2 2 2 2 2 2
left_child=2 11 3 -1 5 -4 -6 -5 9 -3 -10 12 -2
right_child=1 8 4 7 6 -7 -8 -9 10 -11 -12 -13 -14
leaf_value=0.050262022405888104 -0.035286310642437486 0.029008751613178209 0.0065231024050917607 -0.010050081973389658 0.0342942589968269 0.036298030124402483 -0.022491371921823263 0.049637097806943919 0.044155451482551913 -0.018901251582163159 0.013809659639271079 -0.046950439207999309 -0.039032907187797269
leaf_weight=6.2484892532229415 2.3782691210508329 12.474718272686003 161.58319013379514 158.3894215375185 7.5187874734401694 42.698729164898396 31.547848630696535 4.8402779027819625 22.087515249848366 30.806421771645546 482.87580011039972 3.3400894105434418 3.2893144115805626
leaf_count=21 20 27 825 1431 22 123 224 13 47 124 1297 16 21
internal_value=0.00842075 0.0126587 0.00270015 -0.00612178 0.00884411 0.0127466 -0.0115624 -0.00828017 0.01354 -0.00509238 0.015137 -0.0409796 -0.0374607
internal_weight=970.079 557.252 412.827 169.478 243.349 204.282 39.0666 163.23 548.244 43.2811 504.963 9.00767 5.66758
internal_count=4211 1552 2659 1465 1194 948 246 1444 1495 151 1344 57 41
is_linear=0
shrinkage=0.03


Tree=53
num_leaves=15
num_cat=0
split_feature=29 5 23 28 28 1 8 17 10 8 25 11 23 12
split_gain=25.7176 23.6517 26.1325 24.5703 13.6801 12.5852 19.7612 31.2097 18.3057 15.6529 11.6133 16.4384 5.47509 5.06928
threshold=0.067511903309854585 0.017142211448220084 0.67593153682294582 0.0024512705616603968 -0.0017883153197450392 0.062913565374907401 0.0096757096890529495 -0.00075599220575767688 -0.027969248432432911 -0.011235314867749148 1.6928064650709673e-05 0.012746724141019404 0.62008971080498887 -0.019013441833211294
decision_type=2 2 2 2 2 2 2 2 2 2 2 2 2 2
left_child=1 2 4 -4 -1 6 9 -8 -7 -2 13 -12 -10 -3
right_child=5 10 3 -5 -6 8 7 -9 12 -11 11 -13 -14 -15
leaf_value=0.0084708536498956776 -0.0027697327912693912 0.050054904228685353 0.0068259434102459328 -0.017677086012758976 -0.027002346729849958 -0.047793483340039002 0.020142584105821811 -0.037247636516212358 -0.052559624770228942 0.018651056935521732 -0.041960905713953514 0.027865232942857684 0.030024218930515791 0.023449773974544015
leaf_weight=13.330625556409357 36.755171582102776 15.041362807154657 511.64921719022095 39.687994765117764 36.779498538002372 2.899307206273078 16.57595981657505 17.56546713411808 0.73021969199180503 186.42209449410439 4.555677192285656 9.0864580906927568 68.428550869226456 11.278626350685952
leaf_count=55 112 20 2730 285 305 13 32 65 3 389 40 21 106 35
internal_value=0.00816087 0.0046618 0.00317685 0.00506209 -0.0175655 0.0149748 0.0118716 -0.00938419 0.0260563 0.0151233 0.0270109 0.00454738 0.0291522 0.0386541
internal_weight=970.786 641.409 601.447 551.337 50.1101 329.377 257.319 34.1414 72.0581 223.177 39.9621 13.6421 69.1588 26.32
internal_count=4211 3491 3375 3015 360 720 598 97 122 501 116 61 109 55
is_linear=0
shrinkage=0.03


Tree=54
num_leaves=13
num_cat=0
split_feature=7 29 26 28 24 28 5 11 17 17 15 29
split_gain=25.257 20.7915 21.7674 29.2946 20.7797 15.1792 17.5508 16.6778 13.9355 13.076 7.12121 0.0793967
threshold=19372770.020500001 0.03790010775767387 -0.0039045853138614515 -0.0017883153197450392 1.540012847887622 0.0037748781952354378 -0.02817455228034282 0.049594074004252843 -0.0059525596540753933 0.012443348773060773 -0.00099678332672004078 0.06816460167034287
decision_type=2 2 2 2 2 2 2 2 2 2 2 2
left_child=1 4 11 -4 9 6 -2 -8 -7 -1 -10 -3
right_child=5 2 3 -5 -6 8 7 -9 10 -11 -12 -13
leaf_value=-0.021593005149622722 -0.045161580475001385 -0.035048586672871432 0.027969925297410072 -0.00026994268869475298 0.048113107625637259 0.045328791911514579 0.010370584563233008 0.026459017023478672 0.028491276861079128 0.035200288423495464 -0.031855277061650603 -0.041749610942175129
leaf_weight=62.939325843006372 4.897297464311122 8.7335406057536584 46.673218183219433 113.34857494011521 4.5273025017231694 2.9664895199239281 640.05438788980246 63.767737165093422 1.9855630546808303 3.8730873465538016 15.485970437526698 1.9459019899368275
leaf_count=922 25 81 123 666 21 5 2141 106 5 14 92 10
internal_value=0.00791202 -0.000484971 0.0051992 0.00796672 -0.014086 0.0106994 0.0114344 0.0118282 -0.0147897 -0.0183007 -0.0249972 -0.0362696
internal_weight=971.198 242.041 170.701 160.022 71.3397 729.157 708.719 703.822 20.438 66.8124 17.4715 10.6794
internal_count=4211 1837 880 789 957 2374 2272 2247 102 936 97 91
is_linear=0
shrinkage=0.03


Tree=55
num_leaves=14
num_cat=0
split_feature=29 5 9 3 8 7 22 8 13 5 11 11 12
split_gain=23.7408 22.1349 24.8745 26.9607 23.0836 12.4937 14.1405 13.6703 10.9602 12.9404 7.65139 6.97514 9.12499
threshold=0.067511903309854585 0.017142211448220084 0.60247707228344505 0.61018313645868683 0.010590708739662471 427751130.82950008 976639972.20200002 -0.013947443578383078 0.032417927786314991 0.025981849326998516 0.0079718966586493148 0.0045152196261442059 -0.014528723493430014
decision_type=2 2 2 2 2 2 2 2 2 2 2 2 2
left_child=1 2 4 -4 -1 6 7 -2 9 -3 -10 -7 -13
right_child=5 8 3 -5 -6 11 -8 -9 10 -11 -12 12 -14
leaf_value=-0.025918848864698613 -0.0064043849091515144 -0.040187512959455628 0.0097526053915675155 -0.0040475760536165962 0.028684169586453628 -0.0037871001239654276 -0.034317707453666475 0.015075201870719505 0.00043588771916292462 0.036191320476303704 0.040320467423602437 0.044671656011654869 0.017881237763700725
leaf_weight=43.0599649772048 29.972911074757576 4.3746062461286765 351.0311203468591 200.00319131091237 8.313350494951008 5.6026441752910605 5.8799650371074668 241.75080870091915 5.1666304320096996 3.6722322590649128 26.696237981319427 23.585267499089241 22.224598929286003
leaf_count=348 95 45 1808 1190 29 15 22 519 15 14 42 28 41
internal_value=0.00767251 0.00431577 0.00288233 0.0047437 -0.0170829 0.0142257 0.0117098 0.0127059 0.0259525 -0.00533149 0.0338531 0.0278099 0.0316743
internal_weight=971.334 642.317 602.408 551.034 51.3733 329.016 277.604 271.724 39.9097 8.04684 31.8629 51.4125 45.8099
internal_count=4211 3491 3375 2998 377 720 636 614 116 59 57 84 69
is_linear=0
shrinkage=0.03


Tree=56
num_leaves=10
num_cat=0
split_feature=18 25 25 25 18 20 7 7 13
split_gain=22.9852 19.7819 41.4187 32.8866 18.0738 13.2835 5.38934 11.5301 0.0131398
threshold=0.0054552021285926983 -0.0011302574365555185 -0.000505418529753091 -0.00036666288137811835 0.022574143238925416 -0.059857677364198385 306802281.18650001 357913552.14650005 0.024378012200288717
decision_type=2 2 2 2 2 2 2 2 2
left_child=5 -2 4 -4 -3 -1 8 -8 -7
right_child=1 2 3 -5 -6 6 7 -9 -10
leaf_value=0.048446961173978571 0.043683635986538905 -0.035132417016954347 0.02771219757800665 0.0070992771010467484 0.041501853292979084 -0.031535683502164395 0.079200149031094166 -0.032544940998093935 -0.033477235352448106
leaf_weight=2.3512642383575466 13.948940113186834 26.621295880526308 76.086330775171518 824.7481607850641 3.0914297848939887 17.491599520668395 1.3003899827599519 2.3024543076753616 3.8227570280432692
leaf_count=2 29 181 202 3246 5 450 11 36 49
internal_value=0.00743842 0.00822238 0.00769081 0.00884029 -0.0271591 -0.0197156 -0.0261477 0.00778769 -0.0318839
internal_weight=971.765 944.496 930.547 900.834 29.7127 27.2685 24.9172 3.60284 21.3144
internal_count=4211 3663 3634 3448 186 548 546 47 499
is_linear=0
shrinkage=0.03


Tree=57
num_leaves=13
num_cat=0
split_feature=7 13 9 9 15 7 26 12 21 28 8 7
split_gain=22.6667 19.5812 20.7262 21.2163 19.6439 14.4895 18.7896 20.5622 16.3503 11.2526 22.3611 12.6806
threshold=19372770.020500001 0.03020669123253111 1.0115855954204711 0.84658836127225623 -0.0062917552840351847 20021655.325000007 0.0073313460244207812 -0.021043816256819944 217994.50000000003 -0.0011529540432433742 -0.0048542308445893518 1639038.1230000004
decision_type=2 2 2 2 2 2 2 2 2 2 2 2
left_child=1 9 3 -3 -4 -2 8 -8 -7 10 -1 -11
right_child=5 2 4 -5 -6 6 7 -9 -10 11 -12 -13
leaf_value=-0.036532228817729072 0.052518975856203784 0.0075530207673519334 -0.039351828903570064 0.045376868375103206 0.0045949897087706202 0.033960100021203324 0.047216338661351803 -0.044144474880234451 0.0092234801824888669 0.0059586859899978728 0.012340700649355095 -0.022519792378893216
leaf_weight=10.624037180095909 7.0897431429475537 38.445488650351763 11.775750823318957 20.444568984210491 41.118092834949493 24.922743687406182 2.7868990302085868 10.844755765050648 685.49958468414843 18.382873253896832 40.715871481224895 60.002200704067945
leaf_count=109 17 144 77 48 194 116 4 63 2174 263 290 712
internal_value=0.00720765 -0.000760745 0.00844156 0.0206841 -0.00518889 0.00983975 0.00942184 -0.0254664 0.0100913 -0.00869036 0.00222717 -0.015841
internal_weight=972.653 241.509 111.784 58.8901 52.8938 731.144 724.054 13.6317 710.422 129.725 51.3399 78.3851
internal_count=4211 1837 463 192 271 2374 2357 67 2290 1374 399 975
is_linear=0
shrinkage=0.03


Tree=58
num_leaves=13
num_cat=0
split_feature=18 28 28 25 11 11 23 20 17 7 6 27
split_gain=21.5365 19.2967 34.3236 40.2812 22.6351 13.5667 17.8698 12.6618 9.95315 5.22808 10.4415 0.00650763
threshold=0.0054552021285926983 -0.003454123923011883 -0.0018264108480510871 -0.000505418529753091 0.049594074004252843 0.0055957236320195456 1.1998669517118612 -0.059857677364198385 0.0086613108076382134 306802281.18650001 1085925.5000000002 -0.016663881216616102
decision_type=2 2 2 2 2 2 2 2 2 2 2 2
left_child=7 5 3 -3 -4 6 -2 -1 -7 11 -11 -9
right_child=1 2 4 -5 -6 8 -8 9 -10 10 -12 -13
leaf_value=0.047398698012803699 0.033192120418205552 -0.032151484445026461 0.004039762814687574 0.024014154950868557 0.023006921791360144 -0.039982948968825982 -0.037450974990324147 -0.033989251185227443 0.033058479603028282 0.072381222774390713 -0.032455410356504705 -0.03169608563851186
leaf_weight=2.316913008689883 8.7307776138186473 12.328524347394703 671.18773278966546 169.41355503350496 61.844285681843758 16.137243792414669 5.1082986593246451 1.181199386715895 1.8740449771285046 1.3747313469648355 2.2617252431809902 19.509609138593078
leaf_count=2 23 81 2853 422 113 123 41 15 7 10 37 484
internal_value=0.00698558 0.00773427 0.0085335 0.0202041 0.00563998 -0.0152205 0.00711624 -0.0196143 -0.0323831 -0.0259966 0.00717718 -0.031827
internal_weight=973.269 946.624 914.774 181.742 733.032 31.8504 13.8391 26.6442 18.0113 24.3273 3.63646 20.6908
internal_count=4211 3663 3469 503 2966 194 64 548 130 546 47 499
is_linear=0
shrinkage=0.03


Tree=59
num_leaves=13
num_cat=0
split_feature=7 13 9 9 5 17 13 27 23 17 20 5
split_gain=20.8397 18.2847 19.1509 19.4535 16.3999 16.317 15.1277 21.652 17.5688 13.6595 17.0194 11.9828
threshold=19372770.020500001 0.03020669123253111 1.0115855954204711 0.84658836127225623 -0.02817455228034282 -0.0059525596540753933 0.050623172119753403 -0.034395363067272922 1.1400782488931627 -0.0042931865326415889 -0.039515270529581002 -0.013201048472127828
decision_type=2 2 2 2 2 2 2 2 2 2 2 2
left_child=1 9 3 -3 -2 -4 7 -6 -8 11 -11 -1
right_child=4 2 5 -5 6 -7 8 -9 -10 10 -12 -13
leaf_value=0.04184076861510657 -0.0447283349625004 0.0070901980153011482 -0.03972621272676248 0.043149413155919761 -0.045196354614523981 0.0028934866748711909 0.00058099198817226547 0.0081303778408794419 0.024381689259369552 0.032801176834999279 -0.0079015650615771281 -0.035416493072970727
leaf_weight=1.9690254777669931 5.023008704185485 38.518532171845436 9.9679110050201398 20.701818726956844 6.9353388771414748 42.791931420564651 37.530361548066139 573.97000811994076 108.92578407377005 10.246763397008179 94.639831272885203 21.937976505607367
leaf_count=16 26 144 66 48 34 205 92 2015 207 38 1096 224
internal_value=0.00677587 -0.000880792 0.00798539 0.0196955 0.00929303 -0.00515865 0.00966609 0.00749372 0.0182826 -0.00858954 -0.00392516 -0.0290534
internal_weight=973.158 240.774 111.98 59.2204 732.385 52.7598 727.361 580.905 146.456 128.794 104.887 23.907
internal_count=4211 1837 463 192 2374 271 2348 2049 299 1374 1134 240
is_linear=0
shrinkage=0.03


Tree=60
num_leaves=15
num_cat=0
split_feature=29 5 23 28 4 1 8 17 10 8 13 5 23 24
split_gain=20.9673 20.155 23.6518 22.1237 14.4072 11.763 18.9578 28.8756 16.8212 13.953 9.69451 12.2957 7.45578 5.15774
threshold=0.067511903309854585 0.017142211448220084 0.67593153682294582 0.0024512705616603968 287.50000000000006 0.062913565374907401 0.0096757096890529495 -0.00075599220575767688 -0.027969248432432911 0.0067450361501969229 0.032417927786314991 0.025981849326998516 0.91408873377645949 0.34614894861639128
decision_type=2 2 2 2 2 2 2 2 2 2 2 2 2 2
left_child=1 2 4 -4 -1 6 9 -8 -7 -2 11 -3 -12 -10
right_child=5 10 3 -5 -6 8 7 -9 13 -11 12 -13 -14 -15
leaf_value=-0.038049771274964769 0.010028001181779834 -0.040258507916446737 0.0054970328876976365 -0.017808300816795991 -0.004874305846316913 -0.047639297400617515 0.017404945814402068 -0.037870037063852752 -0.053241450343325725 0.032263140024659985 0.055165729074384516 0.034439929408878765 0.022604663557916488 0.027394310831779345
leaf_weight=19.289608420804143 193.85235968232155 4.2574887666851273 516.24465172737837 39.462063042446971 30.266463298350573 2.8668510466814032 16.500044077634811 17.555940508842468 0.72154973447322746 29.229682758450508 8.7229248583316821 3.712670149281621 23.062044739723206 67.471366450190544
leaf_count=185 453 45 2730 285 175 13 32 65 3 48 9 14 48 106
internal_value=0.00657123 0.00343021 0.00207111 0.00384207 -0.0177878 0.0127444 0.00975869 -0.0110894 0.0235484 0.0129414 0.0241222 -0.00546238 0.0315406 0.0265411
internal_weight=973.216 645.018 605.263 555.707 49.5561 328.198 257.138 34.056 71.0598 223.082 39.7551 7.97016 31.785 68.1929
internal_count=4211 3491 3375 3015 360 720 598 97 122 501 116 59 57 109
is_linear=0
shrinkage=0.03


Tree=61
num_leaves=10
num_cat=0
split_feature=18 25 25 25 18 20 22 21 13
split_gain=20.1666 18.4674 37.4094 29.4042 17.0627 11.6408 5.01713 8.7423 0.00775087
threshold=0.0054552021285926983 -0.0011302574365555185 -0.000505418529753091 -0.00036666288137811835 0.022574143238925416 -0.059857677364198385 1039711118.8490001 3994816.0000000005 0.026144747669503421
decision_type=2 2 2 2 2 2 2 2 2
left_child=5 -2 4 -4 -3 -1 8 -8 -7
right_child=1 2 3 -5 -6 6 7 -9 -10
leaf_value=0.045615281364007124 0.041192020810622509 -0.034776473342962765 0.025458989323409228 0.0060101972395772202 0.039539611587529541 -0.03148084901413245 0.061523203855233355 -0.033021260026750959 -0.033294516643458158
leaf_weight=2.244541764259341 14.079164043068884 26.076350379735235 76.424739170819521 827.42448738962412 3.1123858690261832 17.73693383671344 1.5177778899669641 2.0955199413001537 2.4086836129426947
leaf_count=2 29 181 202 3246 5 474 10 31 31
internal_value=0.00637418 0.00708978 0.00657519 0.00765468 -0.0268522 -0.0196898 -0.0258593 0.00669246 -0.0316977
internal_weight=973.121 947.117 933.038 903.849 29.1887 26.0035 23.7589 3.6133 20.1456
internal_count=4211 3663 3634 3448 186 548 546 41 505
is_linear=0
shrinkage=0.03


Tree=62
num_leaves=15
num_cat=0
split_feature=29 25 25 20 12 22 25 0 15 11 16 25 18 13
split_gain=19.7906 24.2943 53.548 30.2886 16.3503 26.5708 11.3636 10.7449 17.6149 22.0691 15.4574 9.80669 20.1401 18.461
threshold=0.055796232233848483 0.00036061617792229307 0.00034777579305308954 -0.035064169993138085 -0.0032530583640277095 180459582.164 0.00091992996561157724 0.0026341573657716819 -0.00037171698355098075 0.013770914215418461 0.83333333333333337 1.6207927081612504e-05 0.0092872342877336513 0.04826465577686366
decision_type=2 2 2 2 2 2 2 2 2 2 2 2 2 2
left_child=1 2 3 -1 6 -6 -3 11 9 -9 -10 13 -13 -2
right_child=7 4 -4 -5 5 -7 -8 8 10 -11 -12 12 -14 -15
leaf_value=0.016722682362662316 0.00015492541575088948 -0.029866566432672128 0.057468167537244506 -0.0030758519194276461 -0.035476506248440225 0.045476482340225985 0.017552800694487086 -0.011109030823532465 -0.035797666088115222 0.034432357837153628 0.010055328645737896 -0.020717059189406025 0.01729867497143182 0.019962546631609301
leaf_weight=93.271973460912704 130.68112140148878 41.649404900148511 16.338886074721813 273.35964821092784 6.3095929138362399 8.6539507173001748 5.1058742851018897 18.759046919643879 18.063799969851971 19.564570084214211 10.44138313829899 13.189555197954176 255.58891319483519 62.650286138057709
leaf_count=340 376 369 50 2040 75 32 25 66 74 30 24 50 542 118
internal_value=0.00617888 0.00151413 0.00432908 0.00196094 -0.0159529 0.0113415 -0.0246882 0.0101006 -0.00114308 0.0121403 -0.0190018 0.0117267 0.0154332 0.00657371
internal_weight=973.628 444.689 382.971 366.632 61.7188 14.9635 46.7553 528.939 66.8288 38.3236 28.5052 462.11 268.778 193.331
internal_count=4211 2931 2430 2380 501 107 394 1280 194 96 98 1086 592 494
is_linear=0
shrinkage=0.03


Tree=63
num_leaves=10
num_cat=0
split_feature=18 25 25 25 17 1 7 7 13
split_gain=18.7706 17.4049 35.198 27.6941 17.045 9.97766 5.00973 11.6174 0.010503
threshold=0.0054552021285926983 -0.0011302574365555185 -0.000505418529753091 -0.00036666288137811835 0.010622346141415344 0.068403070729103829 306802281.18650001 326444310.3075 0.024378012200288717
decision_type=2 2 2 2 2 2 2 2 2
left_child=5 -2 4 -4 -3 6 8 -8 -1
right_child=1 2 3 -5 -6 -7 7 -9 -10
leaf_value=-0.031391882262885994 0.039684744511547423 -0.035656876800555654 0.024467067220328161 0.0056169938597244408 0.031958919029814507 0.038473479220629977 0.080246267143855493 -0.032343567240278474 -0.033202417733672725
leaf_weight=15.721384041011342 14.162105135619639 24.837822459638122 76.636264748871326 828.2883048132062 3.8794750273227683 2.4167727939784518 1.2615830488502973 2.3823900669813156 3.531386110931634
leaf_count=446 29 174 202 3246 12 6 7 40 49
internal_value=0.00599548 0.0066764 0.00617571 0.00721337 -0.0265225 -0.0194999 -0.025619 0.00663626 -0.031724
internal_weight=973.117 947.804 933.642 904.925 28.7173 25.3135 22.8967 3.64397 19.2528
internal_count=4211 3663 3634 3448 186 548 542 47 495
is_linear=0
shrinkage=0.03


Tree=64
num_leaves=15
num_cat=0
split_feature=29 23 18 11 1 5 23 8 7 8 7 4 18 13
split_gain=18.5152 18.6727 23.3918 21.4048 19.5924 18.2175 19.0184 15.1008 11.3718 12.6329 25.8836 15.8039 8.59173 6.73271
threshold=0.067511903309854585 4.9702140185525705 0.01276936952385308 0.00011116096980317779 0.043536918321753819 0.018464004845011449 0.67593153682294582 0.012285569550480572 427751130.82950008 -0.012614392796588112 233312731.96150008 27.500000000000004 0.013646557549385097 0.034318753762137368
decision_type=2 2 2 2 2 2 2 2 2 2 2 2 2 2
left_child=1 5 3 -3 -4 6 -1 -7 9 10 -2 -11 -10 -14
right_child=8 2 4 -5 -6 7 -8 -9 12 11 -12 -13 13 -15
leaf_value=-0.017817615575189429 -0.022738829725943467 0.068415722775874224 0.048222915252265804 -0.024398454085395344 0.010280949645340192 -0.020004112159602613 0.001710093485078606 0.036904520053192905 -0.0043398924426172308 -0.0043592775381986852 0.034932738093206891 0.015383059527112834 0.0074709896935630099 0.036230648594238545
leaf_weight=49.280465828254819 26.30373315513134 2.6086607351899174 23.702015660703182 15.665861390531061 25.348158366978168 5.2433645389974144 503.39967381954193 21.018151972442865 7.7684569507837287 44.845728740096092 9.5456999242305738 195.93202827870846 9.3740219324827176 33.531170830130577
leaf_count=361 96 5 43 98 71 36 2834 43 20 123 15 402 20 44
internal_value=0.0058121 0.00286787 0.0178216 -0.0111494 0.0286153 0.00112892 -3.11209e-05 0.0255422 0.0116256 0.00923221 -0.00738251 0.011706 0.0246908 0.0299472
internal_weight=973.567 646.266 67.3247 18.2745 49.0502 578.942 552.68 26.2615 327.301 276.627 35.8494 240.778 50.6736 42.9052
internal_count=4211 3491 217 103 114 3274 3195 79 720 636 111 525 84 64
is_linear=0
shrinkage=0.03


Tree=65
num_leaves=15
num_cat=0
split_feature=29 25 25 20 12 22 25 5 11 5 7 25 25 1
split_gain=17.9588 22.6845 48.7022 27.4196 15.7025 24.6784 10.7774 10.1229 17.9209 21.0876 14.9861 12.5459 26.003 15.4551
threshold=0.055796232233848483 0.00036061617792229307 0.00034777579305308954 -0.035064169993138085 -0.0032530583640277095 180459582.164 0.00091992996561157724 -0.0045436421104723731 0.0177271567403047 -0.009421155123870097 251087039.58450004 -3.0305715736434386e-05 -8.2793588663909222e-05 0.025150119878487556
decision_type=2 2 2 2 2 2 2 2 2 2 2 2 2 2
left_child=1 2 3 -1 6 -6 -3 8 10 -10 -2 12 -9 -13
right_child=7 4 -4 -5 5 -7 -8 11 9 -11 -12 13 -14 -15
leaf_value=0.015591490764208836 -0.017650468915743019 -0.029601468200037982 0.053893619117412805 -0.0031899524415241807 -0.03533497524189199 0.042923400101373618 0.016381956285988 0.010083760070174013 0.024742555489750014 -0.0055688519512518278 0.012395850056573714 -0.0036242932611751108 -0.027660004480033081 0.019316021372471411
leaf_weight=94.039830632507801 48.160817325115204 40.944129744544625 16.772983247414231 273.20917892828584 6.1401436757296315 8.8590499069541675 5.1660626716911784 121.09415919333696 49.827078521251678 35.284084990620613 21.658707201480865 30.396298289299011 19.006024658679962 202.62000906467438
leaf_count=340 186 369 50 2040 75 32 25 285 90 96 51 93 73 406
internal_value=0.00563964 0.00120094 0.00390252 0.00161933 -0.0157763 0.0108872 -0.0244496 0.00938136 0.00293534 0.0121765 -0.0083298 0.012058 0.00496343 0.0163235
internal_weight=973.179 445.131 384.022 367.249 61.1094 14.9992 46.1102 528.047 154.931 85.1112 69.8195 373.116 140.1 233.016
internal_count=4211 2931 2430 2380 501 107 394 1280 423 186 237 857 358 499
is_linear=0
shrinkage=0.03


Tree=66
num_leaves=14
num_cat=0
split_feature=28 28 25 4 13 9 10 10 29 17 17 5 1
split_gain=17.5324 28.9909 35.869 26.1037 25.1547 19.3937 16.6508 11.0483 9.95424 8.31708 7.95086 7.26225 4.47848
threshold=-0.003454123923011883 -0.0018264108480510871 -0.000505418529753091 57.500000000000007 0.024080642124724456 13.179700000000002 0.011030266009287162 -0.039558367163569176 0.079851050041585561 0.0093432332135233304 -0.021417771307078507 0.015057754245445813 0.056321197561582735
decision_type=2 2 2 2 2 2 2 2 2 2 2 2 2
left_child=7 2 10 -4 6 -6 -3 8 12 11 -2 -9 -1
right_child=1 4 3 -5 5 -7 -8 9 -10 -11 -12 -13 -14
leaf_value=-0.038575032000364558 0.03383818878232437 -0.0038660476328849784 -0.0012908016841680409 0.026727289881737261 0.0045699595313330255 0.022358613700404421 -0.036419750901524613 -0.039100298430003635 0.043705734757448857 0.033864456145123019 -0.040089842510872817 0.022733278013876864 0.014962430765042469
leaf_weight=3.361471585929392 1.4802118837833393 138.67004625685513 38.549219757318497 133.80589240603149 538.83635758981109 61.449526529759169 15.74670330621302 18.634566437453039 4.4004665315151215 1.7978934682905663 11.339288037270306 1.8821475654840458 2.4176158830523491
leaf_count=23 2 1334 148 348 1735 146 179 162 6 6 107 6 9
internal_value=0.00547392 0.00622294 0.0168598 0.0204607 0.00361307 0.00639093 -0.00718572 -0.0161911 0.00970869 -0.0280061 -0.0315537 -0.0334279 -0.0161782
internal_weight=972.371 939.877 185.175 172.355 754.703 600.286 154.417 32.4942 10.1796 22.3146 12.8195 20.5167 5.77909
internal_count=4211 3999 605 496 3394 1881 1513 212 38 174 109 168 32
is_linear=0
shrinkage=0.03


Tree=67
num_leaves=15
num_cat=0
split_feature=29 18 25 25 28 26 25 26 26 13 26 3 25 20
split_gain=17.3053 34.6469 26.9764 19.9689 18.7358 39.8173 34.4753 29.8928 22.0336 19.0586 18.3585 17.1855 16.5077 15.1993
threshold=0.039521672245995926 0.01276936952385308 -9.5779806604573002e-05 -3.0305715736434386e-05 -0.0018264108480510871 -0.0034182799356169418 0.00091992996561157724 -0.0017821200875236017 -0.0014071478760883866 0.057207795718889128 0.00081115538716664134 0.55502075985450106 -0.00087053193906951151 -0.055266534543872016
decision_type=2 2 2 2 2 2 2 2 2 2 2 2 2 2
left_child=1 10 -3 -4 5 6 -2 9 -7 -6 11 -1 -9 -12
right_child=4 2 3 -5 7 8 -8 12 -10 -11 13 -13 -14 -15
leaf_value=0.0089896825196346467 -0.012372849915787609 -0.03868943273193208 0.05428363541506085 0.012150928902582512 -0.02695341876989113 0.037807128479023087 0.035876646764437012 0.038678221034390239 0.010470810434610272 0.029263983698073766 0.030753789597291553 -0.017510532154212752 0.0057487218926156802 -0.031516650239917864
leaf_weight=48.820176443085074 57.921033024787903 6.652996387332677 15.05098122358322 30.927960056811571 38.19831757992506 67.117604523897171 17.311508648097515 14.058376856148241 43.889762945473194 6.3262525349855414 3.8498788252472869 40.127149136736989 539.29078660532832 42.166108516976237
leaf_count=468 256 47 23 123 175 99 26 28 106 10 11 443 1828 568
internal_value=0.00531247 -0.00287257 0.0177729 0.0259429 0.0072707 0.0155795 -0.00127032 0.0046825 0.026999 -0.0189658 -0.0109238 -0.00296546 0.00658533 -0.0263069
internal_weight=971.709 187.595 52.6319 45.9789 784.114 186.24 75.2325 597.874 111.007 44.5246 134.963 88.9473 553.349 46.016
internal_count=4211 1683 193 146 2528 487 282 2041 205 185 1490 911 1856 579
is_linear=0
shrinkage=0.03


Tree=68
num_leaves=14
num_cat=0
split_feature=11 9 26 20 26 21 25 5 21 7 7 12 8
split_gain=16.6757 24.8165 18.2021 36.6615 30.4346 28.7317 29.4088 26.9063 10.9421 7.92352 11.7259 6.47323 7.59729
threshold=0.049594074004252843 1.6869637700554105 0.00029103162108341129 0.017035045044449144 0.00016494435494794166 525602.50000000012 -0.00087053193906951151 0.0091666276650429548 111608.50000000001 160928564.31500003 121592980.927 -0.0019222503996484612 0.0047769874484586096
decision_type=2 2 2 2 2 2 2 2 2 2 2 2 2
left_child=2 9 3 4 -1 6 -4 -7 -5 10 -2 12 -3
right_child=1 11 5 8 -6 7 -8 -9 -10 -11 -12 -13 -14
leaf_value=0.0071170397732487484 -0.007651346394920943 0.0081320562389643278 0.047966458226242494 0.03341465371808211 0.035595932817872551 -0.00051899900651867603 -0.019040475140529083 0.024045462194221462 -0.039864899734947251 -0.037644889884212475 0.039146682554459938 0.05039038327775576 0.041367287526524292
leaf_weight=481.88623860478401 17.639643147587783 11.917297534644606 6.2913860380649558 2.0434187985956695 36.317833356559277 214.57068125344813 93.552077883854508 49.363703778013587 17.885958014056087 4.6424075663089743 6.6298274695873252 14.945217587053774 12.880878284573553
leaf_count=2047 46 27 21 10 107 863 824 112 99 16 8 16 15
internal_value=0.00515822 0.0194109 0.00407328 0.00757736 0.00911296 -0.00111026 -0.0148182 0.0040753 -0.0323513 -0.00173611 0.00513273 0.0347946 0.0253954
internal_weight=970.567 68.6553 901.911 538.133 518.204 363.778 99.8435 263.934 19.9294 28.9119 24.2695 39.7434 24.7982
internal_count=4211 128 4083 2263 2154 1820 845 975 109 70 54 58 42
is_linear=0
shrinkage=0.03


Tree=69
num_leaves=14
num_cat=0
split_feature=28 29 28 18 12 8 12 25 25 12 0 29 13
split_gain=16.5109 18.0072 24.3922 20.032 12.4323 12.9823 22.0372 12.3086 13.7131 12.8308 8.98271 0.265989 0.0498741
threshold=0.0037748781952354378 0.079851050041585561 -0.003454123923011883 0.016063965404103545 -0.012362866643690814 0.0074929043769987099 -0.012953010125521009 -3.0305715736434386e-05 0.0001338148338069674 -0.011743588174045786 -0.0021268758987311284 0.06816460167034287 0.02635045435216982
decision_type=2 2 2 2 2 2 2 2 2 2 2 2 2
left_child=1 2 10 -4 5 6 -2 9 -9 -3 -1 12 -6
right_child=4 7 3 -5 11 -7 -8 8 -10 -11 -12 -13 -14
leaf_value=0.0051354532803264434 -0.040967586271630989 -0.014448195114164607 0.0015387978308536144 0.012209407004089172 -0.032893473536713999 0.044683526842037878 0.057632597744598626 0.03416399389797966 0.012401162785040344 0.016292172092853528 -0.037250680339931133 -0.043986618641810478 -0.037730893564768185
leaf_weight=6.065458161756399 8.2414447553455812 22.499017894268036 530.16128621809185 225.76795649528503 3.8161694072186929 4.3531604483723632 2.7111802808940437 40.65219558775425 72.586940228939056 26.748331069946289 17.433893153443933 5.4624495357275009 3.8567749336361885
leaf_count=38 56 66 2951 562 59 7 4 58 149 54 154 26 27
internal_value=0.0050039 0.0056839 0.00378999 0.00472571 -0.0175164 0.000858161 -0.0165604 0.0147687 0.0202139 0.00224821 -0.0263103 -0.038927 -0.035325
internal_weight=970.356 941.915 779.429 755.929 28.4412 15.3058 10.9526 162.486 113.239 49.2473 23.4994 13.1354 7.67294
internal_count=4211 4032 3705 3513 179 67 60 327 207 120 192 112 86
is_linear=0
shrinkage=0.03


Tree=70
num_leaves=13
num_cat=0
split_feature=18 28 28 28 12 23 10 20 7 7 13 13
split_gain=16.2409 16.2087 16.1491 24.4433 12.019 12.0684 10.3802 10.3558 4.97813 10.8274 0.159742 0.00889166
threshold=0.0054552021285926983 0.0037748781952354378 -0.003454123923011883 -0.0018264108480510871 -0.012362866643690814 0.9737170513449539 -0.039558367163569176 -0.059857677364198385 306802281.18650001 326444310.3075 0.02635045435216982 0.024378012200288717
decision_type=2 2 2 2 2 2 2 2 2 2 2 2
left_child=7 2 6 -4 5 -3 -2 -1 11 -10 -6 -9
right_child=1 4 3 -5 10 -7 -8 8 9 -11 -12 -13
leaf_value=0.043637503345705979 0.0099231286640160642 0.028244067177029219 0.016782259503892658 0.0043932088997422399 -0.034129794968555283 -0.025360819634853694 -0.027226802954408342 -0.031358147679839209 0.076001610080984966 -0.032284012222838124 -0.041210035322327469 -0.033059637436602174
leaf_weight=2.1431765556335476 10.022810705006124 7.415590241551401 179.76521541923285 707.07666614092886 4.4084162991493931 7.7097889296710491 20.851595364511013 15.223401907831436 1.3018008433282369 2.2981227934360504 8.2069529592990857 3.3774406947195521
leaf_count=2 38 23 503 2797 57 42 156 450 7 40 47 49
internal_value=0.00485607 0.00547903 0.00616197 0.0069045 -0.0171137 0.000920298 -0.0151668 -0.0193381 -0.0254175 0.00687413 -0.0387359 -0.0316671
internal_weight=969.801 945.457 917.716 886.842 27.7407 15.1254 30.8744 24.3439 22.2008 3.59992 12.6154 18.6008
internal_count=4211 3663 3494 3300 169 65 194 548 546 47 104 499
is_linear=0
shrinkage=0.03


Tree=71
num_leaves=12
num_cat=0
split_feature=11 26 28 21 5 28 23 17 14 1 9
split_gain=15.5121 17.6364 34.7867 27.727 30.8563 27.2342 19.5487 16.1267 8.12374 7.07214 2.01994
threshold=0.057844428286959022 0.00029103162108341129 0.0022459830045158708 822663.00000000012 0.0091666276650429548 0.00084790030970919173 5.6032420249219648 0.00065300349869942332 0.85940761018341527 0.044871422769159168 2.1864094462638097
decision_type=2 2 2 2 2 2 2 2 2 2 2
left_child=1 2 5 6 -5 -1 -3 -4 10 -10 -2
right_child=8 3 7 4 -6 -7 -8 -9 9 -11 -12
leaf_value=0.0081925801739000503 0.025548423373515032 -0.014326637118191227 0.081788112475735114 0.00022707416239142877 0.028452748179452203 -0.016059199884757867 0.030484896449453069 0.018390918598304305 0.022425363663091172 -0.019280431463630968 0.043626625805603336
leaf_weight=490.73304041102529 10.506111398339273 134.51126822642982 7.981233671307562 194.33865244872868 42.476414829492569 45.542066743597388 9.3719850163906795 6.5952426381409168 9.8589974641799909 5.8192160725593558 11.821455292403696
leaf_count=2020 17 1010 11 736 87 231 30 22 17 17 13
internal_value=0.00471083 0.00394437 0.00737597 -0.00102099 0.00528978 0.00613305 -0.0114078 0.0531035 0.0234975 0.0069456 0.03512
internal_weight=969.556 931.55 550.852 380.698 236.815 536.275 143.883 14.5765 38.0058 15.6782 22.3276
internal_count=4211 4147 2284 1863 823 2251 1040 33 64 34 30
is_linear=0
shrinkage=0.03


Tree=72
num_leaves=11
num_cat=0
split_feature=18 5 11 26 20 9 7 7 29 13
split_gain=15.3496 15.5285 14.5692 16.5522 9.98913 9.04693 4.85191 9.88194 0.158954 0.00819335
threshold=0.0054552021285926983 -0.02817455228034282 0.057844428286959022 0.00029103162108341129 -0.059857677364198385 1.6869637700554105 306802281.18650001 326444310.3075 0.049028949129522902 0.023812133890718904
decision_type=2 2 2 2 2 2 2 2 2 2
left_child=4 8 3 -3 -1 -4 9 -8 -2 -6
right_child=1 2 5 -5 6 -7 7 -9 -10 -11
leaf_value=0.043078920530431566 -0.038509098005435588 0.0080853683937257489 0.0059809684965220055 -0.00018036760214507308 -0.031311952088422329 0.036070205621269814 0.070284224889142405 -0.032220399989338296 -0.048486079317865319 -0.032934686965797197
leaf_weight=2.1104449033737209 2.680727206170558 534.07450264319777 15.145964503288267 368.46867887862027 14.621084056794649 22.139013141393661 1.3605226837098592 2.2401311546564102 3.0982004851102829 3.4637255705893031
leaf_count=2 19 1950 32 1618 446 29 7 40 15 53
internal_value=0.00456971 0.00516856 0.00547002 0.00471083 -0.0192273 0.0238473 -0.025291 0.00651142 -0.043858 -0.0316227
internal_weight=969.403 945.607 939.828 902.543 23.7959 37.285 21.6855 3.60065 5.77893 18.0848
internal_count=4211 3663 3629 3568 548 61 546 47 34 499
is_linear=0
shrinkage=0.03


Tree=73
num_leaves=15
num_cat=0
split_feature=29 26 18 28 24 1 28 10 12 14 10 9 11 13
split_gain=15.0392 17.1142 15.0109 14.9897 10.4098 11.4469 21.3737 16.1111 10.2967 10.5403 5.91806 5.4086 0.114638 0.0217734
threshold=0.067511903309854585 0.0073313460244207812 0.0054552021285926983 -0.003454123923011883 0.45120043347434163 0.062913565374907401 0.00084790030970919173 -0.025960590107088313 -0.014662712375084935 0.56062566948774462 -0.0071472345178396138 0.88862335191788222 0.024068952931298331 0.023901564946764337
decision_type=2 2 2 2 2 2 2 2 2 2 2 2 2 2
left_child=1 2 10 -4 8 6 -6 -7 9 -2 -1 -10 13 -3
right_child=4 12 3 -5 5 7 -8 -9 11 -11 -12 -13 -14 -15
leaf_value=0.0033683595331573039 0.017805300197858778 -0.032373265665132128 -0.0228805772099961 0.00411467146204182 0.010538474203436038 -0.04939067578662993 -0.0099030527369554054 0.023116474288109649 0.046013637411152435 -0.031749768008681428 -0.031549405814374723 0.021073543639607423 -0.04084570380291791 -0.035992015453253833
leaf_weight=6.0188964717090156 15.707115069031717 2.7665734644979221 19.107313469052315 594.48831384442747 148.35004909336567 2.907995104789733 66.749282032251358 53.49908909201622 14.792885288596155 5.1228351742029181 15.931157557293771 16.616365179419518 4.0740636363625526 3.259371280670166
leaf_count=92 31 47 158 2693 325 13 198 88 17 18 450 30 24 27
internal_value=0.00443228 0.00178629 0.00240202 0.00327404 0.00970918 0.00734953 0.00419509 0.0193785 0.0219732 0.00561792 -0.0219746 0.0328196 -0.0369586 -0.0343306
internal_weight=969.391 645.646 635.546 613.596 323.746 271.506 215.099 56.4071 52.2392 20.83 21.9501 31.4093 10.1 6.02594
internal_count=4211 3491 3393 2851 720 624 523 101 96 49 542 47 98 74
is_linear=0
shrinkage=0.03


Tree=74
num_leaves=10
num_cat=0
split_feature=7 11 22 29 24 5 7 26 18
split_gain=14.4397 15.305 24.2231 20.3681 16.8368 14.3341 13.6698 15.8143 8.16063
threshold=19372770.020500001 0.042096278050817275 94188384.923500016 0.03790010775767387 0.68443058632100617 -0.02817455228034282 20021655.325000007 0.0073313460244207812 0.02573624016757357
decision_type=2 2 2 2 2 2 2 2 2
left_child=1 2 3 -1 -3 -2 -7 -8 -4
right_child=5 4 8 -5 -6 6 7 -9 -10
leaf_value=-0.014937224464409348 -0.044735704533918008 0.054336279372424849 -0.02671786471110061 0.0075150736901005051 -0.015645652834262655 0.048173275685077843 0.0069405598324203373 -0.026322716084564254 0.01945096837332818
leaf_weight=50.883699944242835 4.9009732380509368 8.5606743246316892 43.469548888504505 127.43599193543196 4.8453170657157889 7.0973767843097439 704.73082595877349 13.102799091488121 3.7422571927309027
leaf_count=801 26 18 342 648 19 17 2264 67 9
internal_value=0.00430168 -0.00209949 -0.00395064 0.00110829 0.0290428 0.00639734 0.00674303 0.0063334 -0.0230583
internal_weight=968.769 238.937 225.531 178.32 13.406 729.832 724.931 717.834 47.2118
internal_count=4211 1837 1800 1449 37 2374 2348 2331 351
is_linear=0
shrinkage=0.03


Tree=75
num_leaves=9
num_cat=0
split_feature=25 25 25 29 29 17 0 17
split_gain=14.0866 31.8778 21.2364 26.1252 19.8333 16.1055 12.4605 7.31259
threshold=-0.0011302574365555185 -0.000505418529753091 -0.00036666288137811835 0.040633278144121258 0.080347792412034588 0.010622346141415344 0.00046457402625657177 -0.021417771307078507
decision_type=2 2 2 2 2 2 2 2
left_child=6 5 3 -3 -4 7 -1 -2
right_child=1 2 4 -5 -6 -7 -8 -9
leaf_value=-0.0029024979167428465 0.030007588135455968 -0.023611008763950406 0.0011820189308629607 0.026582433806947133 0.013183591141499492 0.029563358281097338 0.054356575442389934 -0.039429856287551308
leaf_weight=5.4093953110277644 1.446239098906523 10.829120568931101 694.95565694011748 67.538333304226398 150.82007019221783 3.9454912617802611 9.3031172491610032 24.293593529611826
leaf_count=22 2 105 3385 139 311 12 16 219
internal_value=0.00417285 0.00372352 0.00470647 0.0196465 0.00332216 -0.026877 0.033304 -0.0355284
internal_weight=968.541 953.829 924.143 78.3675 845.776 29.6853 14.7125 25.7398
internal_count=4211 4173 3940 244 3696 233 38 221
is_linear=0
shrinkage=0.03


Tree=76
num_leaves=14
num_cat=0
split_feature=28 28 25 4 13 28 29 11 23 14 20 29 29
split_gain=13.9548 22.6896 31.0886 23.8304 20.4405 18.7468 14.5693 11.7111 15.9307 9.81919 6.85202 0.563798 0.0777117
threshold=-0.003454123923011883 -0.0018264108480510871 -0.000505418529753091 57.500000000000007 0.024080642124724456 -3.2133040316655266e-05 0.029086429421443741 0.0055109359894014573 1.1943556350327784 0.9449653265038821 0.014201076706802868 0.061080263456014396 0.067243942175642085
decision_type=2 2 2 2 2 2 2 2 2 2 2 2 2
left_child=7 2 10 -4 6 -6 -3 8 -1 11 -2 -9 -10
right_child=1 4 3 -5 5 -7 -8 9 12 -11 -12 -13 -14
leaf_value=0.02957307128316251 -0.040562643512183146 -0.03189386758121187 -0.0033279852711650681 0.023505645139831183 -0.003263171237351311 0.0083467793475908401 -0.0038843038435816025 -0.034320833097052895 -0.034417395756396019 0.033111495159136708 0.0253487433812008 -0.045733812900269913 -0.042127467976317945
leaf_weight=8.7321314420551079 10.702911473810671 19.09036978892982 38.404056305065751 132.73684506677091 177.97726171463728 421.89318802580237 134.23901468515396 8.2256557382643205 3.2371722273528567 1.8645139038562781 1.6365722380578507 7.4001173526048669 1.8483330458402631
leaf_count=27 104 452 148 348 594 1287 1061 96 34 10 5 35 10
internal_value=0.00404957 0.00470811 0.0141683 0.0174842 0.0024036 0.00490219 -0.00737165 -0.0156527 0.00499038 -0.0319612 -0.0318209 -0.0397258 -0.0372196
internal_weight=967.988 936.68 183.48 171.141 753.2 599.87 153.329 31.3079 13.8176 17.4903 12.3395 15.6258 5.08551
internal_count=4211 3999 605 496 3394 1881 1513 212 71 141 109 131 44
is_linear=0
shrinkage=0.03


Tree=77
num_leaves=14
num_cat=0
split_feature=28 11 28 24 21 12 12 23 17 22 9 29 13
split_gain=13.7451 15.3298 20.6524 16.1409 14.9214 15.5071 11.4657 11.5583 9.20145 7.85315 3.91676 0.215136 0.0407682
threshold=0.0037748781952354378 0.0083115335605094855 -0.003454123923011883 0.33408333436853149 6827882.0000000009 -0.028559005286844758 -0.012362866643690814 0.9737170513449539 0.0090055173982737397 832728651.02100015 4.3902622835680374 0.06816460167034287 0.02635045435216982
decision_type=2 2 2 2 2 2 2 2 2 2 2 2 2
left_child=1 4 8 -4 5 -1 7 -2 -3 -6 -9 12 -8
right_child=6 2 3 -5 9 -7 11 10 -10 -11 -12 -13 -14
leaf_value=0.0082544481372844661 0.027262859313130956 -0.039556200359833135 -0.021523622699523095 0.008488326519103695 0.01491274527835601 -0.0065485134235631582 -0.032622401647732564 -0.04074901932036433 0.033470654893608009 -0.045910072053459178 0.0044852668406343997 -0.042928332285831046 -0.037160636658026214
leaf_weight=114.75919045880437 7.4254966583102959 11.655266784131525 16.545310532674193 639.47126458212733 2.3756220638751975 143.12284684181213 3.4904979765415174 5.0353631637990475 1.7915587946772564 9.7586276829242689 2.618783051148057 5.2793620377779007 3.6386470645666122
leaf_count=338 23 101 128 2249 7 1146 59 33 6 57 11 26 27
internal_value=0.00393144 0.00454325 0.00697701 0.0077314 -0.00149087 3.89011e-05 -0.0169788 0.000596838 -0.0298266 -0.0340023 -0.0252726 -0.038338 -0.0349387
internal_weight=966.968 939.48 669.463 656.017 270.016 257.882 27.4881 15.0796 13.4468 12.1342 7.65415 12.4085 7.12915
internal_count=4211 4032 2484 2377 1548 1484 179 67 107 64 44 112 86
is_linear=0
shrinkage=0.03


Tree=78
num_leaves=9
num_cat=0
split_feature=5 11 26 3 21 24 24 29
split_gain=13.7025 14.0311 14.8482 32.41 25.0122 6.52742 5.50775 0.167574
threshold=-0.02817455228034282 0.057844428286959022 0.00029103162108341129 0.55502075985450106 822663.00000000012 0.70963566788515353 0.62012377644805283 0.051624236850219378
decision_type=2 2 2 2 2 2 2 2
left_child=7 2 3 -2 -4 6 -3 -1
right_child=1 5 4 -5 -6 -7 -8 -9
leaf_value=-0.037769879430812101 0.012674818414743556 0.017006811897408571 -0.011203252479078742 -0.0021324818504455073 0.0047670865053911051 0.0055254108420358314 0.046119578825220026 -0.048160045558522518
leaf_weight=2.7626193687319747 319.90325496718287 11.498333081603052 141.21547062695026 227.74814674630761 235.364905227907 13.348645329475401 11.902953654527662 2.8262100368738174
leaf_count=21 1235 20 1030 1035 816 29 12 13
internal_value=0.0038143 0.0040867 0.00336385 0.006517 -0.0012217 0.0222658 0.0318149 -0.0430241
internal_weight=966.571 960.982 924.232 547.651 376.58 36.7499 23.4013 5.58883
internal_count=4211 4177 4116 2270 1846 61 32 34
is_linear=0
shrinkage=0.03


Tree=79
num_leaves=9
num_cat=0
split_feature=25 25 25 29 29 17 0 17
split_gain=13.6741 29.4029 19.2324 24.4229 18.1172 15.2771 11.6491 6.82165
threshold=-0.0011302574365555185 -0.000505418529753091 -0.00036666288137811835 0.040633278144121258 0.080347792412034588 0.010622346141415344 0.00046457402625657177 -0.021417771307078507
decision_type=2 2 2 2 2 2 2 2
left_child=6 5 3 -3 -4 7 -1 -2
right_child=1 2 4 -5 -6 -7 -8 -9
leaf_value=-0.0027036771796925124 0.028499681333202114 -0.023525032886860271 0.00083094631736648243 0.025135308441144016 0.012326523329753824 0.02797983923222264 0.052693257669314555 -0.039094383316826548
leaf_weight=5.3917872346937648 1.4251333773136199 10.766604233533142 694.60868931841105 67.36764607205987 150.04034629464149 3.9911602437496176 9.3246996998786909 23.527714082971215
leaf_count=22 2 105 3385 139 311 12 16 219
internal_value=0.0037001 0.00325636 0.00419024 0.0184301 0.00287298 -0.0265172 0.0323971 -0.0352339
internal_weight=966.444 951.727 922.783 78.1343 844.649 28.944 14.7165 24.9528
internal_count=4211 4173 3940 244 3696 233 38 221
is_linear=0
shrinkage=0.03


Tree=80
num_leaves=12
num_cat=0
split_feature=13 13 20 5 13 8 29 15 18 6 7
split_gain=13.1233 15.7901 24.8488 13.0132 13.3678 9.3737 0.147144 0.0164046 0.00405623 0.00108663 0.000470447
threshold=0.011129598652702183 0.011956746797369846 -0.0049092110140467066 -0.02817455228034282 0.050623172119753403 0.008366731221908081 0.051624236850219378 -0.0045068321552408806 0.0054552021285926983 50650.500000000007 86358499.503500015
decision_type=2 2 2 2 2 2 2 2 2 2 2
left_child=7 2 5 6 -5 -2 -3 -1 10 -10 -9
right_child=1 3 -4 4 -6 -7 -8 8 9 -11 -12
leaf_value=-0.03649254986438915 -0.032760967335121113 -0.037647202857946982 0.11663941550419535 0.0022659276991196073 0.011793936527129937 0.064834513276439562 -0.047535774986968302 -0.030879577350725083 -0.03176085662907522 -0.032839430011687154 -0.031492854856246366
leaf_weight=0.67307944968342681 2.5944646988064055 2.6318942084908477 2.8679027846083036 784.84950335323811 159.44859609752893 1.3448178172111509 2.7899471968412399 3.3661620467901212 1.3931653592735531 2.1198342926800251 1.6913925800472496
leaf_count=7 53 20 11 3514 357 4 13 133 29 29 41
internal_value=0.00359122 0.003935 0.049463 0.00360868 0.00387477 0.000556811 -0.0427356 -0.0319828 -0.0316286 -0.0324117 -0.0310847
internal_weight=965.771 956.527 6.80719 949.72 944.298 3.93928 5.42184 9.24363 8.57055 3.513 5.05755
internal_count=4211 3972 68 3904 3871 57 33 239 232 58 174
is_linear=0
shrinkage=0.03


Tree=81
num_leaves=14
num_cat=0
split_feature=28 11 28 24 0 5 12 23 14 11 3 29 13
split_gain=12.8096 14.1825 19.5866 14.9017 14.2642 15.7294 11.0753 10.9809 8.96579 4.5107 4.03723 0.199651 0.0372439
threshold=0.0037748781952354378 0.0083115335605094855 -0.003454123923011883 0.33408333436853149 0.0078593093767303501 -0.015361273003535016 -0.012362866643690814 0.9737170513449539 0.9449653265038821 1.0000000180025095e-35 0.4629354874162 0.06816460167034287 0.02635045435216982
decision_type=2 2 2 2 2 2 2 2 2 2 2 2 2
left_child=1 4 8 -4 5 -1 7 -2 -3 -6 -9 12 -8
right_child=6 2 3 -5 9 -7 11 10 -10 -11 -12 -13 -14
leaf_value=-0.042603390633133037 0.026227503100842729 -0.0397154801931415 -0.021146740880358093 0.0078631867366127858 0.046119250832425622 -0.0018312925571938837 -0.032542092859816657 -0.040453423398806164 0.030954702286713317 0.0088454983269007116 0.0061515457922662522 -0.042564965522653195 -0.036940295579164964
leaf_weight=8.8177362885326129 7.4585872143507022 11.380559440702196 16.343466414138675 639.57876087911427 6.880007063969968 248.76031235232949 3.3849071860313398 5.0679344497621059 1.8830246143043048 5.0791736450046301 2.4971510600298643 5.2106537669897079 3.5502066425979137
leaf_count=67 23 97 128 2249 19 1435 59 34 10 27 10 26 27
internal_value=0.00348249 0.00407024 0.00641051 0.00714035 -0.00173998 -0.00322705 -0.0168249 0.000397117 -0.0296825 0.0302887 -0.0250696 -0.0381276 -0.0347936
internal_weight=965.892 938.723 669.186 655.922 269.537 257.578 27.1694 15.0237 13.2636 11.9592 7.56509 12.1458 6.93511
internal_count=4211 4032 2484 2377 1548 1502 179 67 107 46 44 112 86
is_linear=0
shrinkage=0.03


Tree=82
num_leaves=12
num_cat=0
split_feature=13 13 27 29 29 0 15 18 6 6 29
split_gain=12.5332 14.5558 21.5312 12.411 18.1749 9.57797 0.0148983 0.00365869 0.00169615 0.000978533 0.000426646
threshold=0.011129598652702183 0.011956746797369846 0.0018384462084566522 0.055796232233848483 0.020007434860058581 0.0026341573657716819 -0.0045068321552408806 0.0054552021285926983 95665.000000000015 50650.500000000007 0.034660979825836297
decision_type=2 2 2 2 2 2 2 2 2 2 2
left_child=6 2 8 4 -3 -5 -1 10 -2 -9 -8
right_child=1 3 -4 5 -6 -7 7 9 -10 -11 -12
leaf_value=-0.036271275647407987 -0.031455212577088935 0.020673400264920504 0.08226513482205218 0.0080571421999536593 -0.0021875560222738787 -0.00420990199052944 -0.030962358905619564 -0.031703744789629972 -0.03315244827447289 -0.032742776589019966 -0.03193425524598513
leaf_weight=0.65611987933516402 1.1608835943043225 33.986677850596607 4.8005873281508684 454.42259648814797 395.73125682398677 65.547193787992001 4.4574408344924432 1.3521320689469578 0.97503015398979176 2.0564129203557968 0.44730186089873303
leaf_count=7 32 154 22 1085 2471 194 165 29 14 29 9
internal_value=0.00337836 0.00370931 0.0470094 0.00339305 -0.000379468 0.00651076 -0.0319191 -0.0315756 -0.03223 -0.0323306 -0.031051
internal_weight=965.594 956.624 6.9365 949.688 429.718 519.97 8.96941 8.31329 2.13591 3.40854 4.90474
internal_count=4211 3972 68 3904 2625 1279 239 232 46 58 174
is_linear=0
shrinkage=0.03


Tree=83
num_leaves=9
num_cat=0
split_feature=25 25 25 18 17 23 0 17
split_gain=12.4089 27.9496 17.9959 15.4644 14.5948 14.0249 11.2207 6.43657
threshold=-0.0011302574365555185 -0.000505418529753091 -0.00036666288137811835 0.0059677992547255256 0.010622346141415344 1.1669647232245526 0.0014873282092215132 -0.021417771307078507
decision_type=2 2 2 2 2 2 2 2
left_child=6 4 5 -4 7 -3 -1 -2
right_child=1 2 3 -5 -6 -7 -8 -9
leaf_value=0.0078519864001341741 0.027168845349071356 0.02674523988687701 -0.018702241635853652 0.0032635382576448064 0.026450856313672083 -0.0001002844854898176 0.060590958385039105 -0.038924412753845887
leaf_weight=8.4462033826857787 1.4070335775613845 51.200915567576885 29.905441689305007 814.10712067782879 4.0359758883714667 26.620978027582169 6.3683461993932715 23.060355366207659
leaf_count=28 2 140 579 3117 12 104 10 219
internal_value=0.00327807 0.00285336 0.00375803 0.00248524 -0.0264049 0.017562 0.0305229 -0.0351236
internal_weight=965.152 950.338 921.834 844.013 28.5034 77.8219 14.8145 24.4674
internal_count=4211 4173 3940 3696 233 244 38 221
is_linear=0
shrinkage=0.03


Tree=84
num_leaves=9
num_cat=0
split_feature=5 11 26 28 25 9 4 29
split_gain=12.3739 12.6951 13.8579 31.7513 25.1985 8.74101 12.8709 0.137846
threshold=-0.02817455228034282 0.057844428286959022 0.00029103162108341129 0.0022459830045158708 0.0001029895402562736 1.6869637700554105 317.50000000000006 0.051624236850219378
decision_type=2 2 2 2 2 2 2 2
left_child=7 2 3 -2 -4 6 -3 -1
right_child=1 5 4 -5 -6 -7 -8 -9
leaf_value=-0.037286646311217538 0.0045922415537174143 -0.026764799819764373 0.0032466687961869478 0.049127321900157575 -0.013918495318694248 0.03311583471034632 0.02928337405860738 -0.046895203584104636
leaf_weight=2.6282088942825785 532.48771939985454 6.9106554836034757 267.98136167787015 14.808534525334833 107.9856222756207 21.407736554741859 7.9061181247234344 2.7495564818382263
leaf_count=21 2237 21 1234 33 612 29 11 13
internal_value=0.00318015 0.00343449 0.00275097 0.00579725 -0.00168353 0.0208558 0.00314208 -0.0421993
internal_weight=964.866 959.488 923.263 547.296 375.967 36.2245 14.8168 5.37777
internal_count=4211 4177 4116 2270 1846 61 32 34
is_linear=0
shrinkage=0.03


Tree=85
num_leaves=14
num_cat=0
split_feature=28 28 4 28 17 28 9 26 11 14 14 14 6
split_gain=12.0552 20.3828 24.4423 17.7253 30.2582 24.019 16.4544 16.3776 10.5197 10.0197 9.66941 9.10861 0.238782
threshold=-0.003454123923011883 -0.0018264108480510871 7.5000000000000009 1.0000000180025095e-35 -0.0038297546855677249 0.00071623312543846629 0.56280643826665233 -0.0023458360501756102 0.0055109359894014573 0.041839667616117938 0.066409888588146018 0.95417251376217471 269272.00000000006
decision_type=2 2 2 2 2 2 2 2 2 2 2 2 2
left_child=8 2 6 4 -3 -5 -2 -4 9 -1 -11 12 -10
right_child=1 3 7 5 -6 -7 -8 -9 11 10 -12 -13 -14
leaf_value=-0.038364014957327143 0.032569917707150696 -0.020240674804945086 0.0057714049852024881 0.013736054362720984 0.0023064817414854681 7.9753528393901269e-06 -0.024345546165222141 0.025672221675485021 -0.034992038941558626 0.045826350659699713 -0.013202545877362684 0.031800536735859891 -0.042585800928109652
leaf_weight=3.6843373645097044 5.7267191447317627 80.224599067121744 63.489893360063434 173.84427430201322 161.21210601553321 337.17232174519449 22.663543852046132 89.941416507586837 6.9294628780335197 5.5852036625146848 4.5177548360079527 1.8312003724277026 8.0632762759923917
leaf_count=28 10 371 241 679 775 1569 132 222 84 10 33 9 48
internal_value=0.00308448 0.00369146 0.0127058 0.00151326 -0.00518549 0.00467817 -0.0128649 0.0174373 -0.0154409 0.00398611 0.0194303 -0.0313615 -0.0390761
internal_weight=964.886 934.275 181.822 752.453 241.437 511.017 28.3903 153.431 30.6112 13.7873 10.103 16.8239 14.9927
internal_count=4211 3999 605 3394 1146 2248 142 463 212 71 43 141 132
is_linear=0
shrinkage=0.03


Tree=86
num_leaves=13
num_cat=0
split_feature=7 11 22 29 24 7 7 9 23 14 11 13
split_gain=11.8944 13.3274 22.6411 17.0196 14.7574 13.1226 19.8923 22.7447 17.9162 14.3285 12.1714 10.4866
threshold=19372770.020500001 0.042096278050817275 94188384.923500016 0.03790010775767387 0.68443058632100617 26735786.6325 31734475.906000007 0.64295945931068632 0.69783904481063608 0.15146095117329728 0.0089944705272431164 0.035210888422686451
decision_type=2 2 2 2 2 2 2 2 2 2 2 2
left_child=1 2 3 -1 -3 8 7 -7 -2 -10 -8 -4
right_child=5 4 11 -5 -6 6 10 -9 9 -11 -12 -13
leaf_value=-0.014612853593883385 -0.043219573079944104 0.049462409432036156 -0.036897471362616549 0.0060769381863317743 -0.015859499465587287 0.020098275016394652 -0.0018351679239131027 -0.042795277389165394 -0.022791589714674914 0.028151681870016182 0.0073080138349932971 -0.0084084860695527973
leaf_weight=49.629820093512535 3.944406257942318 8.6936428323388082 24.168772855773568 128.25569985993207 4.8487152606248847 7.5375117510557201 183.11989416740835 16.510728124529123 5.5294318646192542 49.027597427368164 460.69565358199179 22.411296728998423
leaf_count=801 25 18 246 648 19 16 750 103 33 146 1301 105
internal_value=0.00299303 -0.00282735 -0.00457105 0.000304514 0.0260745 0.0049002 0.00370678 -0.0230824 0.0185245 0.0229885 0.00470743 -0.0231904
internal_weight=964.373 238.008 224.466 177.886 13.5424 726.365 667.864 24.0482 58.5014 54.557 643.816 46.5801
internal_count=4211 1837 1800 1449 37 2374 2170 119 204 179 2051 351
is_linear=0
shrinkage=0.03


Tree=87
num_leaves=10
num_cat=0
split_feature=5 18 23 26 26 21 8 11 29
split_gain=11.7692 12.2217 24.8515 22.459 52.4777 17.4028 15.5846 8.63171 0.124014
threshold=-0.02817455228034282 0.016063965404103545 2.5267304441916445 -0.0025518637372914793 -0.0019429719646798279 3709259.0000000005 0.016520716216013594 0.0037934125137419907 0.051624236850219378
decision_type=2 2 2 2 2 2 2 2 2
left_child=8 3 5 6 -5 -3 -2 -4 -1
right_child=1 2 7 4 -6 -7 -8 -9 -10
leaf_value=-0.037073482971183666 -0.017746874407194337 0.0062444293875426327 -0.0077491187957042344 0.03113473712704707 -7.5698653393002958e-05 -0.018610823001882538 0.020351439112903762 0.026841065576446665 -0.046283676833501361
leaf_weight=2.5561493225395671 79.509138114750385 225.5307042747736 7.2127347737550727 53.841569790616632 487.46574496291578 28.56368837505579 11.000262577086685 65.051140323281288 2.7114720940589905
leaf_count=21 535 578 26 149 2638 95 27 129 13
internal_value=0.00290508 0.00315093 0.00786518 0.000715833 0.00302867 0.00345036 -0.0131165 0.0233886 -0.0418144
internal_weight=963.443 958.175 326.358 631.817 541.307 254.094 90.5094 72.2639 5.26762
internal_count=4211 4177 828 3349 2787 673 562 155 34
is_linear=0
shrinkage=0.03


Tree=88
num_leaves=9
num_cat=0
split_feature=25 25 18 21 20 17 0 17
split_gain=11.7441 26.7367 16.5581 20.186 18.5626 13.9504 10.3003 5.66809
threshold=-0.0011302574365555185 -0.000505418529753091 0.0060828819237358804 85629.500000000015 -0.026845689323135292 0.010622346141415344 0.0014873282092215132 -0.021417771307078507
decision_type=2 2 2 2 2 2 2 2
left_child=6 5 4 -4 -3 7 -1 -2
right_child=1 2 3 -5 -6 -7 -8 -9
leaf_value=0.0074902076409505145 0.024310608424282062 0.019167842947552326 -0.022630744181324856 0.0048997115650860961 -0.028140098287793441 0.024810748147174839 0.057909281692667375 -0.038799096577293919
leaf_weight=8.4369082078337652 1.3578932285308898 10.076718244701622 24.660085801035166 856.39990051463246 28.797707688994706 4.0784197002649298 6.4229086115956298 22.565004820004106
leaf_count=28 2 78 201 3059 602 12 10 219
internal_value=0.00281955 0.00240471 0.00328373 0.00412916 -0.0158773 -0.0264738 0.029283 -0.0352169
internal_weight=962.796 947.936 919.934 881.06 38.8744 28.0013 14.8598 23.9229
internal_count=4211 4173 3940 3260 680 233 38 221
is_linear=0
shrinkage=0.03


Tree=89
num_leaves=14
num_cat=0
split_feature=28 29 5 9 1 12 8 12 8 3 9 29 13
split_gain=11.7628 12.7465 14.1851 15.1671 14.4299 10.687 11.5872 19.3316 9.9997 14.351 8.88339 0.191835 0.0340658
threshold=0.0037748781952354378 0.086966527147504621 -0.020768339107969862 14.708179193646879 0.17857326603683971 -0.012362866643690814 0.0074929043769987099 -0.012953010125521009 -0.011725645205936847 0.060558800733473209 0.55394579130058297 0.06816460167034287 0.02635045435216982
decision_type=2 2 2 2 2 2 2 2 2 2 2 2 2
left_child=1 2 4 -4 -1 6 7 -2 9 -3 -10 12 -7
right_child=5 8 3 -5 -6 11 -8 -9 10 -11 -12 -13 -14
leaf_value=-0.043360324102541536 -0.040614622696322739 0.018958678570229648 0.0015249982243417445 0.01782922513967209 0.033570327501748626 -0.032497158046720508 0.041432111764074742 0.0519635893192004 0.033774913313650928 -0.051217814791130419 0.011458277471144562 -0.04237281118521255 -0.036762558309684799
leaf_weight=11.044311540201305 7.8912303736433378 5.5854049474000913 769.66479775588959 55.02139382250607 2.7384443432092658 3.2731258803978545 4.3283831179141989 2.7330559566617039 21.324904099106789 4.9442771375179291 64.939004316926003 5.1714042723178864 3.4734734445810318
leaf_count=72 56 11 3585 177 5 59 7 4 29 21 132 26 27
internal_value=0.00273604 0.00329829 0.00210833 0.00261278 -0.0280753 -0.0168337 5.71206e-05 -0.0167992 0.0136062 -0.0139931 0.0169751 -0.0380255 -0.0346932
internal_weight=962.133 935.263 838.469 824.686 13.7828 26.8707 14.9527 10.6243 96.7936 10.5297 86.2639 11.918 6.7466
internal_count=4211 4032 3839 3762 77 179 67 60 193 32 161 112 86
is_linear=0
shrinkage=0.03


Tree=90
num_leaves=14
num_cat=0
split_feature=28 29 28 18 4 1 8 12 8 12 0 29 1
split_gain=11.2028 12.1784 18.0436 14.5925 12.332 20.2396 12.5709 10.3403 10.9561 18.4168 8.38597 0.171237 0.0242111
threshold=0.0037748781952354378 0.079851050041585561 -0.003454123923011883 0.016063965404103545 17.500000000000004 0.056916823014383992 -0.011725645205936847 -0.012362866643690814 0.0074929043769987099 -0.012953010125521009 -0.0021268758987311284 0.06816460167034287 0.036646973371135455
decision_type=2 2 2 2 2 2 2 2 2 2 2 2 2
left_child=1 2 10 -4 5 -3 -6 8 9 -2 -1 12 -9
right_child=7 4 3 -5 6 -7 -8 11 -10 -11 -12 -13 -14
leaf_value=0.0056587199818936701 -0.040244872111386429 -0.041067658674944364 -0.00028259853498095684 0.0088428223308694258 -0.0083193348050630469 0.018892565743528354 0.017666197128621986 -0.033347648613635351 0.040202932577973485 0.050282910838648699 -0.036570486487408078 -0.041874077595359091 -0.037319130276124789
leaf_weight=5.7665616981685188 7.7272999417036763 10.126812741160395 530.80734370928258 224.38038109987974 19.513771966099739 10.139683514833449 118.51307958364487 4.6015976164489967 4.3269138634204856 2.7395650446414974 15.906306963413952 5.0774292200803757 1.9742011129856107
leaf_count=38 56 38 2951 562 55 18 216 71 7 4 154 26 15
internal_value=0.00265503 0.00319957 0.0016542 0.00242873 0.0107839 -0.0110685 0.0139925 -0.0165999 4.89215e-05 -0.0165504 -0.0253344 -0.0377355 -0.03454
internal_weight=961.601 935.154 776.861 755.188 158.293 20.2665 138.027 26.447 14.7938 10.4669 21.6729 11.6532 6.5758
internal_count=4211 4032 3705 3513 327 56 271 179 67 60 192 112 86
is_linear=0
shrinkage=0.03


Tree=91
num_leaves=12
num_cat=0
split_feature=13 13 20 5 11 1 29 15 18 26 29
split_gain=11.269 13.0637 18.1425 10.7681 11.1021 9.15685 0.0988484 0.01363 0.00365758 0.000926741 0.000429063
threshold=0.011129598652702183 0.011956746797369846 -0.0049092110140467066 -0.02817455228034282 0.057844428286959022 0.0491147627087615 0.051624236850219378 -0.0048951662534141857 0.0054552021285926983 -0.0011952163866504517 0.034660979825836297
decision_type=2 2 2 2 2 2 2 2 2 2 2
left_child=7 2 5 6 -5 -2 -3 -1 10 -10 -9
right_child=1 3 -4 4 -6 -7 -8 8 9 -11 -12
leaf_value=-0.036498833409831358 -0.032753803632021121 -0.036819572540300605 0.095960987249228941 0.0021682767790389165 0.01926694283187879 0.065588209152069629 -0.045254889418071972 -0.030902222857878098 -0.033106272904024084 -0.031991619202215937 -0.031893826703016666
leaf_weight=0.53398379869759072 2.5915329130366449 2.3744941763579837 3.2269942527636877 904.26921575050801 35.518404245376587 1.2696076929569242 2.6407885998487473 4.1486673187464458 0.92713341116905246 2.4328586179763079 0.43378695286810387
leaf_count=6 55 20 11 3810 61 2 13 165 12 47 9
internal_value=0.00257829 0.00288495 0.0434606 0.00258054 0.00281451 -0.000417303 -0.0412612 -0.0318593 -0.0315474 -0.0322992 -0.0309961
internal_weight=960.367 951.891 7.08813 944.803 939.788 3.86114 5.01528 8.47643 7.94245 3.35999 4.58245
internal_count=4211 3972 68 3904 3871 57 33 239 233 59 174
is_linear=0
shrinkage=0.03


Tree=92
num_leaves=12
num_cat=0
split_feature=13 13 27 24 9 26 15 18 18 6 7
split_gain=10.8672 12.1419 16.8093 13.2103 22.5767 11.0361 0.0124233 0.00333029 0.00142672 0.000916422 0.000351873
threshold=0.011129598652702183 0.011956746797369846 0.0018384462084566522 0.32349086015853462 0.32343447000219772 -0.0025518637372914793 -0.0048951662534141857 0.0054552021285926983 0.0067142538912232565 50650.500000000007 86358499.503500015
decision_type=2 2 2 2 2 2 2 2 2 2 2
left_child=6 2 8 4 -3 -5 -1 10 -2 -9 -8
right_child=1 3 -4 5 -6 -7 7 9 -10 -11 -12
leaf_value=-0.036285306970896491 -0.031283510540924646 0.12323678201560385 0.070370401073840058 -0.0046443838096459486 -0.026203928781935067 0.0044595968763004017 -0.030775102097604291 -0.031589480213129968 -0.03288629081130718 -0.032622935229750023 -0.031338740917369518
leaf_weight=0.52120547927916039 0.98506845720112224 0.94919236376881855 5.1551625095307827 141.57720878906548 21.944801582954824 780.46033995505422 2.9441482638940197 1.2516398224979641 1.0147376917302606 2.0162320304661989 1.5071382112801073
leaf_count=6 31 6 22 647 204 3047 133 29 15 30 41
internal_value=0.00250066 0.00279756 0.0417309 0.00250276 -0.0200081 0.0030617 -0.0318025 -0.0314999 -0.0320968 -0.0322271 -0.0309659
internal_weight=960.327 952.087 7.15497 944.932 22.894 922.038 8.24036 7.71916 1.99981 3.26787 4.45129
internal_count=4211 3972 68 3904 210 3694 239 233 46 59 174
is_linear=0
shrinkage=0.03


Tree=93
num_leaves=12
num_cat=0
split_feature=26 26 26 25 24 7 9 12 22 22 13
split_gain=10.7257 10.8329 46.4517 26.3854 19.2428 18.1176 14.6184 9.03928 8.61625 10.3906 0.552478
threshold=0.0073313460244207812 -0.0025518637372914793 -0.002030437320367558 0.00091992996561157724 0.35294993450254825 557233593.10700011 0.82365129773834111 -0.021043816256819944 80641922.401500002 73570680.742000014 0.050962414108494933
decision_type=2 2 2 2 2 2 2 2 2 2 2
left_child=1 3 6 5 -4 -1 -3 -2 9 -9 -10
right_child=7 2 4 -5 -6 -7 -8 8 10 -11 -12
leaf_value=-0.0056994462553894912 0.026516236029396362 -0.016931555153669241 -0.021669275834230662 0.03093123706710639 0.0032344568897549205 -0.046259717792731039 0.035035482521387766 -0.034635383725444717 -0.040159413409222904 0.047444723644309635 -0.056644300929855076
leaf_weight=122.06576442532241 3.2382926717400577 5.3716867454349986 29.07753699272871 16.779981300234795 704.06135791819543 10.787477448582647 52.347286816686392 3.1086299801245358 8.762773107737301 2.5078637339174747 2.3126120120286933
leaf_count=649 9 22 262 29 2941 60 119 44 62 4 10
internal_value=0.00242477 0.00288628 0.00428677 -0.00451576 0.00224673 -0.00899288 0.0301991 -0.0193536 -0.0282525 0.00201484 -0.0436016
internal_weight=960.421 940.491 790.858 149.633 733.139 132.853 57.719 19.9302 16.6919 5.61649 11.0754
internal_count=4211 4082 3344 738 3203 709 141 129 120 48 72
is_linear=0
shrinkage=0.03


Tree=94
num_leaves=14
num_cat=0
split_feature=28 11 28 21 11 14 12 8 12 17 8 29 1
split_gain=10.4659 11.498 16.3713 13.5352 14.5231 13.4254 9.74765 10.3388 17.2313 8.61448 7.37264 0.144162 0.0219836
threshold=0.0037748781952354378 0.0083115335605094855 -0.003454123923011883 6827882.0000000009 0.00054524454858260573 0.85061203164651844 -0.012362866643690814 0.0074929043769987099 -0.012953010125521009 0.0096055792588862956 -0.016392489657756734 0.06816460167034287 0.036646973371135455
decision_type=2 2 2 2 2 2 2 2 2 2 2 2 2
left_child=1 3 9 4 -1 -4 7 8 -2 -3 -5 12 -8
right_child=6 2 5 10 -6 -7 11 -9 -10 -11 -12 -13 -14
leaf_value=0.014388346885900032 -0.039905295331175282 -0.038842055449367321 0.0080308010864909175 0.012093413630420437 -0.0042624257143444389 -0.0020848072086894439 -0.033230440391967875 0.038734566215534921 0.047921273920151324 0.033501418054984564 -0.045906592269472343 -0.041221207518826637 -0.037075195225575917
leaf_weight=45.768528374843299 7.5736196441575876 10.836046777665613 498.96032693143934 2.4984184503555289 209.91421464178711 154.69101068284363 4.4369369409978372 4.3110144585371009 2.7371412813663509 1.7159957922995079 9.3697455152869207 4.944425106048584 1.9166297279298303
leaf_count=209 56 102 1759 8 1275 618 71 7 4 5 56 26 15
internal_value=0.00235353 0.00287551 0.00498518 -0.0023776 -0.000923841 0.00563687 -0.0164504 -0.000278691 -0.0165905 -0.0289519 -0.0336968 -0.0373797 -0.0343903
internal_weight=959.674 933.754 666.203 267.551 255.683 653.651 25.9198 14.6218 10.3108 12.552 11.8682 11.298 6.35357
internal_count=4211 4032 2484 1548 1484 2377 179 67 60 107 64 112 86
is_linear=0
shrinkage=0.03


Tree=95
num_leaves=9
num_cat=0
split_feature=25 25 25 25 15 23 0 17
split_gain=10.5773 25.2636 15.3948 13.626 13.5946 13.4536 9.3313 5.27253
threshold=-0.0011302574365555185 -0.000505418529753091 -0.00036666288137811835 -0.00031346814503075294 0.011386315025349633 1.1669647232245526 0.00046457402625657177 -0.021417771307078507
decision_type=2 2 2 2 2 2 2 2
left_child=6 4 5 -4 7 -3 -1 -2
right_child=1 2 3 -5 -6 -7 -8 -9
leaf_value=-0.0042522246668077216 0.02277206246835313 0.024614749162588781 -0.021147943482518115 0.002203183311948268 0.023770072522429825 -0.0017723020657394997 0.045185776925158426 -0.038753463694742231
leaf_weight=5.3736370708793393 1.3289705365896285 50.690063193440437 23.127331935800612 816.4002181738615 4.1298626959323874 26.471265209838748 9.529625313356517 22.096476669423282
leaf_count=22 2 140 134 3562 13 104 16 218
internal_value=0.00228355 0.00188776 0.00273854 0.00155991 -0.0264154 0.0155623 0.02736 -0.035263
internal_weight=959.147 944.244 916.689 839.528 27.5553 77.1613 14.9033 23.4254
internal_count=4211 4173 3940 3696 233 244 38 220
is_linear=0
shrinkage=0.03


Tree=96
num_leaves=14
num_cat=0
split_feature=7 21 26 7 21 10 22 11 15 13 13 29 29
split_gain=10.3681 13.5194 27.7645 15.3049 14.9794 12.8112 12.2407 21.8275 16.4995 14.9203 9.88213 6.7567 0.285437
threshold=19372770.020500001 217994.50000000003 -0.00022083762732367967 20021655.325000007 517854.50000000006 -0.0035686825583473316 94188384.923500016 0.044419815295083327 0.013466553683588777 0.03020669123253111 0.035210888422686451 0.059326430527083328 0.057048793532669069
decision_type=2 2 2 2 2 2 2 2 2 2 2 2 2
left_child=6 2 5 -3 -5 -2 8 10 9 -1 -8 -4 -10
right_child=1 3 11 4 -6 -7 7 -9 12 -11 -12 -13 -14
leaf_value=-0.0047654949874337263 -0.004782340923891331 0.048300100049463619 -0.035492983461004372 -0.010946550032526717 0.0041868502564209997 0.057641303416344367 -0.036806045695502561 0.036080259833998325 -0.037031664789827799 0.013080278029008673 -0.00901992541246361 0.032821754891945637 -0.049035823765183902
leaf_weight=105.47850971389562 3.6959110908210304 6.706251047551631 6.3974137306213361 64.996705330908298 624.09393668919802 14.838834108784797 23.538521858863533 6.3597381487488738 5.809589780867098 70.244575690478086 22.560626734048128 1.6362864524126051 2.5719993337988853
leaf_count=1154 18 13 69 284 1952 35 246 16 48 255 106 3 12
internal_value=0.0022152 0.00400034 0.0250032 0.00319836 0.00275943 0.0451937 -0.00323588 -0.0160201 0.000406847 0.00236828 -0.0232077 -0.0215788 -0.0407153
internal_weight=958.929 722.365 26.5684 695.797 689.091 18.5347 236.564 52.4589 184.105 175.723 46.0991 8.0337 8.38159
internal_count=4211 2374 125 2249 2236 53 1837 368 1469 1409 352 72 60
is_linear=0
shrinkage=0.03


Tree=97
num_leaves=10
num_cat=0
split_feature=5 13 27 15 23 17 10 29 29
split_gain=10.2724 10.7761 21.0774 23.1183 14.5992 24.1976 13.8716 0.272754 0.0939052
threshold=-0.02817455228034282 0.050623172119753403 -0.034395363067272922 0.0083629597585998475 1.2885883815547667 0.0048685666667163119 -0.043374968964851622 0.064762315950482194 0.056556520758638942
decision_type=2 2 2 2 2 2 2 2 2
left_child=8 2 7 -4 5 -3 -6 -2 -1
right_child=1 4 3 -5 6 -7 -8 -9 -10
leaf_value=-0.036782173848419392 -0.040325154304300684 0.0077360740620710678 0.0038857468913513823 -0.0094894482872610875 -0.011071629318729941 -0.041724880525432072 0.020135112391883359 -0.050913973262562411 -0.04501616231966029
leaf_weight=2.5675071738660327 4.8668529130518419 37.796342417597771 645.95908798929304 141.84424458071589 14.88988260924816 11.644677534699438 92.196761094033718 3.9796110689640045 2.4229074418544769
leaf_count=22 31 84 3166 606 54 43 176 17 12
internal_value=0.00214961 0.00237437 0.000960441 0.00147754 0.00957057 -0.0039133 0.015796 -0.0450886 -0.0407799
internal_weight=958.168 953.177 796.65 787.803 156.528 49.441 107.087 8.84646 4.99041
internal_count=4211 4177 3820 3772 357 127 230 48 34
is_linear=0
shrinkage=0.03


Tree=98
num_leaves=12
num_cat=0
split_feature=13 13 27 24 9 26 29 18 18 26 29
split_gain=10.2628 10.7562 14.8118 11.7653 20.1478 9.78004 0.0118349 0.00308937 0.00136637 0.000896909 0.000362597
threshold=0.011129598652702183 0.011956746797369846 0.0018384462084566522 0.32349086015853462 0.32343447000219772 -0.0025518637372914793 0.044106002525787801 0.0054552021285926983 0.0067142538912232565 -0.0011952163866504517 0.034660979825836297
decision_type=2 2 2 2 2 2 2 2 2 2 2
left_child=6 2 8 4 -3 -5 7 10 -2 -9 -1
right_child=1 3 -4 5 -6 -7 -8 9 -10 -11 -12
leaf_value=-0.030861359453467487 -0.031250966158744384 0.11020064416710888 0.064571578108849406 -0.0046724835059862866 -0.025642983101493818 0.0039258161004618649 -0.036310906336849413 -0.032941585363978655 -0.032839483177302231 -0.031842558943898897 -0.03180477559118905
leaf_weight=3.9815048808231941 0.95920585468411335 1.0300097707659031 5.3310884870588779 140.51450465992093 21.364200929179788 779.67952801845968 0.48211177997291077 0.96690405346453223 0.99064352735877037 2.1640623174607754 0.40384761244058598
leaf_count=167 31 6 22 647 204 3047 5 13 15 45 9
internal_value=0.00208561 0.00237056 0.038694 0.00208998 -0.0193949 0.00261285 -0.0317544 -0.0314622 -0.032058 -0.032182 -0.0309482
internal_weight=957.868 949.869 7.28094 942.588 22.3942 920.194 7.99843 7.51632 1.94985 3.13097 4.38535
internal_count=4211 3972 68 3904 210 3694 239 234 46 58 176
is_linear=0
shrinkage=0.03


Tree=99
num_leaves=12
num_cat=0
split_feature=29 28 26 9 23 8 0 29 15 28 26
split_gain=9.93126 17.6004 25.8995 19.2175 19.063 17.25 10.9431 11.1815 10.4757 9.33828 4.11088
threshold=0.05048000497443051 -0.0022248216183756147 -0.0019429719646798279 0.32343447000219772 11.803730107771022 -0.0082861062037443041 -0.0064262254828531358 0.050999606639091984 0.00059906032917704185 -0.0018264108480510871 -0.007111784775618228
decision_type=2 2 2 2 2 2 2 2 2 2 2
left_child=1 3 5 -1 -4 -3 -2 8 -8 -9 -5
right_child=6 2 4 10 -6 -7 7 9 -10 -11 -12
leaf_value=0.094738814205761857 0.030388494966151782 -0.023072526285555544 -0.0065813725758687835 -0.00066274294925263441 0.020044297600873225 0.024951741753979757 0.00041843508202378017 0.010058611693609434 0.050506126250005834 0.00096965750592911963 -0.035388001724541866
leaf_weight=1.1499035544693494 14.194266889244316 7.8028324302285901 242.75461929198354 3.5585173573344973 26.880756448954344 49.026551220566034 6.5834315977990618 132.08596429228783 8.7566529251635057 442.7965243011713 22.268715474754572
leaf_count=7 28 50 1948 28 66 208 29 310 19 1246 272
internal_value=0.00202251 -0.00197217 -4.77415e-05 -0.0252608 -0.00392698 0.0183579 0.00435846 0.00373246 0.0290102 0.00305795 -0.0306035
internal_weight=957.859 353.442 326.465 26.9771 269.635 56.8294 604.417 590.223 15.3401 574.882 25.8272
internal_count=4211 2579 2272 307 2014 258 1632 1604 48 1556 300
is_linear=0
shrinkage=0.03


Tree=100
num_leaves=9
num_cat=0
split_feature=25 25 28 28 28 15 17 17
split_gain=9.92039 23.8949 14.7028 32.9355 24.0597 13.3197 4.83846 2.28691
threshold=-0.0011302574365555185 -0.000505418529753091 -0.0018264108480510871 -0.0022248216183756147 1.0000000180025095e-35 0.011386315025349633 -0.021417771307078507 0.0022792208829604571
decision_type=2 2 2 2 2 2 2 2
left_child=7 5 3 -3 -4 6 -2 -1
right_child=1 2 4 -5 -6 -7 -8 -9
leaf_value=0.036878720571632669 0.021113807395768503 -0.0039019137452920311 -0.0077891520985332013 0.020783864185234625 0.0040865775473382191 0.023302500106379513 -0.038611824934662996 0.013230266009250997
leaf_weight=8.2031928207725269 1.2941100299358428 88.468472672626376 222.36744080483913 108.05192799307406 496.02431107126176 4.132927030324935 21.536072126589715 6.6750684827566138
leaf_count=24 2 434 1085 274 2147 13 218 14
internal_value=0.00196336 0.00157942 0.00239971 0.00967096 0.000410623 -0.026255 -0.0352263 0.0262689
internal_weight=956.754 941.875 914.912 196.52 718.392 26.9631 22.8302 14.8783
internal_count=4211 4173 3940 708 3232 233 220 38
is_linear=0
shrinkage=0.03


Tree=101
num_leaves=14
num_cat=0
split_feature=28 29 1 27 21 12 8 12 8 3 7 29 13
split_gain=9.81539 11.2136 11.5521 21.4164 15.3275 9.30887 9.73477 18.2327 8.81662 12.4557 10.2404 0.133148 0.0260823
threshold=0.0037748781952354378 0.086966527147504621 0.021845564354057476 0.011035138001945418 15844496.000000002 -0.012362866643690814 0.0074929043769987099 -0.012689164246820752 -0.011725645205936847 0.068179826541399008 15996181.4345 0.06816460167034287 0.02635045435216982
decision_type=2 2 2 2 2 2 2 2 2 2 2 2 2
left_child=1 2 3 -1 -4 6 7 -2 9 -3 -10 12 -7
right_child=5 8 4 -5 -6 11 -8 -9 10 -11 -12 -13 -14
leaf_value=-0.025121345570107055 -0.039738925786970726 0.015446144102563258 0.0030591513952502748 0.004417824433829271 -0.031522423211746101 -0.032239116832014726 0.037286269382094041 0.053216640841166334 -0.020877704575529617 -0.050479284217838823 0.018344915748644795 -0.040905229213593915 -0.036141711616946355
leaf_weight=40.242831281386316 7.6324471412226549 5.8030763417482358 734.2030312679708 48.970271276310086 11.71933578699827 2.9609659509733302 4.2894259914755812 2.5281116552650955 6.486026555299758 4.6430027782917023 78.469593286514282 4.8683882281184196 3.2145691849291325
leaf_count=403 57 12 3116 268 52 59 7 3 23 20 138 26 27
internal_value=0.00190554 0.00240868 0.0012956 -0.0089069 0.00251583 -0.0164593 -0.000611139 -0.0166101 0.0121525 -0.0138559 0.0153504 -0.0371953 -0.0342705
internal_weight=956.031 930.537 835.135 89.2131 745.922 25.4939 14.45 10.1606 95.4017 10.4461 84.9556 11.0439 6.17554
internal_count=4211 4032 3839 671 3168 179 67 60 193 32 161 112 86
is_linear=0
shrinkage=0.03


Tree=102
num_leaves=11
num_cat=0
split_feature=13 25 25 25 15 0 15 18 6 29
split_gain=9.73663 9.97106 22.6023 13.9327 12.777 5.84974 0.0117662 0.00255646 0.000691585 0.000358479
threshold=0.011129598652702183 -0.0011302574365555185 -0.000505418529753091 -0.00036666288137811835 0.011386315025349633 0.0010513748930201649 -0.0048951662534141857 0.0054552021285926983 50650.500000000007 0.034660979825836297
decision_type=2 2 2 2 2 2 2 2 2 2
left_child=6 5 4 -4 -3 -2 -1 9 -9 -8
right_child=1 2 3 -5 -6 -7 7 8 -10 -11
leaf_value=-0.036140586102691469 0.0090414548296947617 -0.035033611523082618 0.014817043840754978 0.0014036346987019647 0.022335855219559584 0.047158448871760551 -0.030827345156481785 -0.03148652647567142 -0.032417633514760145 -0.031769875878325568
leaf_weight=0.50418804585933674 7.7990551106631738 21.823897728696469 76.076869573444128 830.77497499715537 4.1598588228225699 6.768328882753849 3.7710827458649865 1.1620006486773493 1.8786872010678051 0.40187707729637612
leaf_count=6 22 201 231 3495 13 10 165 29 30 9
internal_value=0.00184966 0.00212305 0.00173844 0.0025289 -0.0258491 0.0267515 -0.0317099 -0.0314002 -0.0320618 -0.0309181
internal_weight=955.121 947.403 932.836 906.852 25.9838 14.5674 7.71784 7.21365 3.04069 4.17296
internal_count=4211 3972 3940 3726 214 32 239 233 59 174
is_linear=0
shrinkage=0.03


Tree=103
num_leaves=10
num_cat=0
split_feature=5 1 3 4 20 23 4 1 6
split_gain=9.73205 10.1285 16.1754 14.6804 22.9495 14.5355 14.4748 14.4064 0.0884667
threshold=-0.02817455228034282 0.047229721603836143 0.0022173058013745793 37.500000000000007 0.025254088765158639 5.6032420249219648 122.50000000000001 0.022067393513348344 519396.00000000006
decision_type=2 2 2 2 2 2 2 2 2
left_child=8 2 7 4 -3 -4 -5 -2 -1
right_child=1 3 5 6 -6 -7 -8 -9 -10
leaf_value=-0.036302081020866774 0.0066210911278418985 -0.017199279112044399 -2.1678043851958751e-05 0.024039510567797295 0.032661867904274944 0.019194877707703069 0.0059837645608872211 -0.035262678331326194 -0.044382431808003962
leaf_weight=2.3723058775067321 11.372576719149945 42.007875704206526 609.54527804255486 52.714558515697718 10.355996936559675 37.611819408833981 165.15342462994158 21.111497681587934 2.5093143805861473
leaf_count=21 84 168 3047 117 17 115 469 160 13
internal_value=0.00179451 0.00201164 5.82534e-05 0.00692447 -0.00733825 0.00109516 0.0103525 -0.0205993 -0.0404556
internal_weight=954.755 949.873 679.641 270.232 52.3639 647.157 217.868 32.4841 4.88162
internal_count=4211 4177 3406 771 185 3162 586 244 34
is_linear=0
shrinkage=0.03


Tree=104
num_leaves=12
num_cat=0
split_feature=26 29 23 15 25 12 18 23 22 22 13
split_gain=9.6167 10.2645 14.0225 11.9251 36.5568 17.7608 9.15632 9.05077 7.11816 9.69548 0.37247
threshold=0.0073313460244207812 0.079851050041585561 4.2191369951926214 -0.0094527776444538244 0.00030295460938608334 -0.029323692758669858 0.031382126607750631 0.70534004918553983 80641922.401500002 73570680.742000014 0.050962414108494933
decision_type=2 2 2 2 2 2 2 2 2 2 2
left_child=1 3 7 4 -1 -5 8 -3 9 -2 -10
right_child=6 2 -4 5 -6 -7 -8 -9 10 -11 -12
leaf_value=0.0008794173855099811 -0.034524523224055741 -0.0037942155484367661 -0.035878747209702397 0.01769809010209715 -0.03861155212218758 0.00077679233612864954 0.031418938208790353 0.014605311161986833 -0.039466299398719637 0.044519707263534665 -0.053730633084969101
leaf_weight=95.803518747910857 3.2629489107057514 30.026543073356152 5.982848994433879 61.622612021863461 27.054302286356688 593.49379454739392 2.745719000697135 121.10829864442348 8.6896468410268408 2.4416804909706116 2.0329605415463439
leaf_count=340 47 78 24 151 137 3120 4 232 64 4 10
internal_value=0.00174128 0.00217252 0.00916663 0.000760008 -0.00781682 0.00236847 -0.0192908 0.0109498 -0.0277666 -0.000692219 -0.0421708
internal_weight=954.265 935.092 157.118 777.974 122.858 655.116 19.173 151.135 16.4272 5.70463 10.7226
internal_count=4211 4082 334 3748 477 3271 129 310 125 51 74
is_linear=0
shrinkage=0.03


Tree=105
num_leaves=12
num_cat=0
split_feature=13 13 8 29 25 25 15 29 18 6 29
split_gain=9.34184 9.71256 13.9451 9.42284 15.3637 9.8695 0.0107461 0.00824457 0.00231937 0.000647002 0.00032791
threshold=0.011129598652702183 0.011956746797369846 5.9023944180926268e-05 0.055796232233848483 0.00036061617792229307 -3.0305715736434386e-05 -0.0048951662534141857 0.038182236426067252 0.0054552021285926983 50650.500000000007 0.034660979825836297
decision_type=2 2 2 2 2 2 2 2 2 2 2
left_child=6 2 7 4 -3 -5 -1 -2 10 -10 -8
right_child=1 3 -4 5 -6 -7 8 -9 9 -11 -12
leaf_value=-0.035942212310854586 -0.031655962216798825 0.0006673398331358681 0.060979252576993881 -0.0011224579006982884 -0.015862613336023346 0.0075663865715956151 -0.030802502762670585 -0.035711486929396158 -0.031430155475251027 -0.032344128623544882 -0.031716563309085156
leaf_weight=0.49225597642362107 1.1892704358324397 369.43917362764478 5.4125343561172485 183.85327232629061 58.637120872735977 326.77117010951042 3.662384867668151 0.72688770294189442 1.1263597998768093 1.8290066514164207 0.39092434942722309
leaf_count=6 32 2169 28 501 456 778 165 8 29 30 9
internal_value=0.00169003 0.00195444 0.0363566 0.00168585 -0.0015969 0.00443792 -0.0316576 -0.0331944 -0.0313567 -0.0319958 -0.0308907
internal_weight=953.53 946.029 7.32869 938.701 428.076 510.624 7.50093 1.91616 7.00868 2.95537 4.05331
internal_count=4211 3972 68 3904 2625 1279 239 40 233 59 174
is_linear=0
shrinkage=0.03


Tree=106
num_leaves=8
num_cat=0
split_feature=5 28 11 3 28 24 11
split_gain=9.49848 11.3406 10.6985 15.3708 14.8243 8.52822 6.56311
threshold=0.030043283900149768 0.0037748781952354378 0.0083115335605094855 0.61018313645868683 -0.003454123923011883 0.43673389473516727 0.0012211172188795634
decision_type=2 2 2 2 2 2 2
left_child=1 2 3 -1 -4 -3 -7
right_child=-2 5 4 -5 -6 6 -8
leaf_value=0.0020878732251500779 0.03374993530613319 0.022026618639749047 -0.028817356672302345 -0.013130803651226283 0.0045445641088924611 0.034645926702128092 -0.032093092182518518
leaf_weight=170.76136889494956 8.2197728808969241 3.7734919935464886 12.213614430278538 91.859851471148431 646.40284341946244 1.4305354747921253 18.174031191505492
leaf_count=916 16 21 107 625 2371 3 152
internal_value=0.00164018 0.00136077 0.00188441 -0.00323533 0.00392589 -0.0192737 -0.0272232
internal_weight=952.836 944.616 921.238 262.621 658.616 23.3781 19.6046
internal_count=4211 4195 4019 1541 2478 176 155
is_linear=0
shrinkage=0.03


Tree=107
num_leaves=15
num_cat=0
split_feature=11 15 3 17 26 17 3 23 14 14 29 4 26 3
split_gain=9.07152 14.9446 21.7263 21.5591 18.286 17.0827 13.7758 11.6186 12.5662 23.271 9.26039 5.89662 8.04602 4.21402
threshold=0.049594074004252843 0.0083629597585998475 0.11587658532684195 -0.00051759086348656237 0.0057504863631623951 -0.0042931865326415889 0.085536331560187195 1.8465966609097364 0.82531578094482339 0.95871274353908753 0.092644156711319259 237.50000000000003 0.00025187762396624349 0.4893113670049028
decision_type=2 2 2 2 2 2 2 2 2 2 2 2 2 2
left_child=1 4 6 -4 5 -1 -3 8 13 -10 -6 12 -9 -2
right_child=7 2 3 -5 10 -7 -8 11 9 -11 -12 -13 -14 -15
leaf_value=-0.0028369086297591736 -0.00031834405150130802 0.0028683517670494096 0.019001478894500004 -0.017366237994775886 -0.033634904065541919 0.0069622876025996969 0.046316865453284395 -0.015450133274905659 -0.059313610049462791 0.01951824913184411 0.024737062475706915 0.041522785017940995 0.026343182001949298 0.029499126081022314
leaf_weight=247.78926205076277 7.7119506895542207 25.943097541108727 16.789295166730881 116.2388306427747 17.396512717939917 452.48375148326159 8.79381614923477 5.6413974612951305 7.2043056637048704 6.3325815349817276 2.8462309017777434 12.056830346584318 15.638188615441321 9.5460419803857786
leaf_count=977 18 99 41 516 156 2270 19 17 31 11 5 14 24 13
internal_value=0.00159134 0.000804644 -0.00725952 -0.0127763 0.00268231 0.00349487 0.0138676 0.0124879 -0.000797783 -0.0224359 -0.0254275 0.0247607 0.0152634 0.0161748
internal_weight=952.412 888.281 167.765 133.028 720.516 700.273 34.7369 64.1313 30.7949 13.5369 20.2427 33.3364 21.2796 17.258
internal_count=4211 4083 675 557 3408 3247 118 128 73 42 161 55 41 31
is_linear=0
shrinkage=0.03


Tree=108
num_leaves=15
num_cat=0
split_feature=18 27 20 9 28 28 3 10 15 15 20 29 6 13
split_gain=8.99259 10.2662 19.656 23.5135 13.8558 22.4383 13.3472 10.644 8.37188 9.17783 7.53244 0.0066756 0.00424478 0.00188614
threshold=0.0054552021285926983 -0.034395363067272922 -0.073105184238973858 2.941011538461539 -0.0033445322657022891 -0.0018264108480510871 0.87171327876307358 -0.039558367163569176 -0.0038197609395958609 -0.0038925308320948457 -0.059857677364198385 0.036791467298070479 426438.50000000006 0.021989640848746012
decision_type=2 2 2 2 2 2 2 2 2 2 2 2 2 2
left_child=8 2 3 -2 7 -6 -4 -3 9 10 -1 13 -13 -10
right_child=1 4 6 -5 5 -7 -8 -9 11 -11 -12 12 -14 -15
leaf_value=0.040857726855913053 0.027477663066729396 0.034848332073484728 -0.047887791189333326 -0.04698356302444235 0.013449188534213256 0.0010058600453470359 0.0032063400719541646 -0.025649531982980228 -0.030965093501825507 0.085371383291157149 -0.032199240732916676 -0.031902934867388634 -0.034462835250541966 -0.031933625519400141
leaf_weight=1.9483819603919976 15.164930433034899 2.9495820850133923 15.117261905223133 5.1005398929119101 160.13061097636819 703.04933760873973 6.6148131489753714 23.23883393406868 9.0809987699612957 1.1776623316109205 3.648804298602045 1.5292845182120793 0.94212189316749562 2.2599901463836423
leaf_count=2 29 6 77 27 455 2871 18 180 364 5 83 32 11 51
internal_value=0.00154408 0.00197758 -0.0125166 0.0087368 0.00266202 0.00331425 -0.0323357 -0.0188357 -0.0180677 0.00924838 -0.00676809 -0.031466 -0.0328788 -0.0311581
internal_weight=951.953 931.366 41.9975 20.2655 889.368 863.18 21.7321 26.1884 20.5872 6.77485 5.59719 13.8124 2.47141 11.341
internal_count=4211 3663 151 56 3512 3326 95 186 548 90 85 458 43 415
is_linear=0
shrinkage=0.03


Tree=109
num_leaves=9
num_cat=0
split_feature=5 7 21 26 7 8 8 29
split_gain=9.18878 9.35437 13.5934 23.9572 13.5779 11.5154 13.8387 0.0801155
threshold=-0.02817455228034282 19372770.020500001 217994.50000000003 -0.00022083762732367967 20021655.325000007 -0.02365409438518894 -0.013947443578383078 0.056556520758638942
decision_type=2 2 2 2 2 2 2 2
left_child=7 5 3 -3 -4 -2 -7 -1
right_child=1 2 4 -5 -6 6 -8 -9
leaf_value=-0.036275385130897085 0.042124891867311498 0.04290441802038459 0.045031714436463997 -0.020702930228257352 0.0021888937645146052 -0.037805361625073655 -0.0028398971672675861 -0.044064588698812614
leaf_weight=2.4207269400358191 4.87467161938548 18.59947191178799 6.72347617894411 7.4693874744698396 679.72610659338534 10.686390271410344 218.11355443298817 2.3345468267798424
leaf_count=22 13 52 13 70 2213 102 1714 12
internal_value=0.00149873 0.00170779 0.00341602 0.0246793 0.00260852 -0.00350093 -0.004473 -0.0400994
internal_weight=950.948 946.193 712.518 26.0689 686.45 233.675 228.8 4.75527
internal_count=4211 4177 2348 122 2226 1829 1816 34
is_linear=0
shrinkage=0.03


Tree=110
num_leaves=8
num_cat=0
split_feature=5 29 23 27 0 21 28
split_gain=8.84769 10.6829 20.5769 18.9932 10.2762 10.5731 0.0718088
threshold=0.030043283900149768 0.05048000497443051 0.69170557334701899 -0.034395363067272922 -0.0064262254828531358 85629.500000000015 -0.0018430061892891986
decision_type=2 2 2 2 2 2 2
left_child=1 2 6 -4 -3 -6 -1
right_child=-2 4 3 -5 5 -7 -8
leaf_value=-0.038466745424601635 0.032599084688795098 0.028902425064324059 -0.042873718318500752 -7.7038801339914079e-05 -0.029117678609739957 0.0035033512274901262 -0.033831416355757746
leaf_weight=3.8722166325897005 8.1387431006878597 14.113385047763584 9.6159448362886888 317.14029082935303 9.08358236402273 575.12796776741743 13.475027203559874
leaf_count=32 16 28 56 2274 53 1548 204
internal_value=0.00145395 0.00118498 -0.00302681 -0.00133648 0.00360723 0.00299614 -0.0348661
internal_weight=950.567 942.428 344.103 326.756 598.325 584.212 17.3472
internal_count=4211 4195 2566 2330 1629 1601 236
is_linear=0
shrinkage=0.03


Tree=111
num_leaves=8
num_cat=0
split_feature=29 29 28 26 6 14 29
split_gain=8.84294 14.5221 10.3118 12.9979 7.82003 5.361 0.0718181
threshold=0.28967089155813569 0.096938677093608802 -0.0039626689549747901 -0.007111784775618228 67263.000000000015 0.3313810320622485 0.059750584344226115
decision_type=2 2 2 2 2 2 2
left_child=1 2 6 -4 -3 -6 -1
right_child=-2 4 3 -5 5 -7 -8
leaf_value=-0.033111287703031074 -0.047772440875964446 -0.024752372313613991 0.028468287961660708 0.00056829809324269304 0.037486607011499487 0.014336579879614005 -0.039318226862711018
leaf_weight=3.2912385407835236 3.2786756455898276 3.4575891196727744 15.288970075547693 881.11094465386122 13.702390506863592 26.25039230287075 3.4222249686717987
leaf_count=49 16 12 28 4017 17 51 21
internal_value=0.00141107 0.00158143 0.000766738 0.00104416 0.0185304 0.0222762 -0.0362753
internal_weight=949.802 946.524 903.113 896.4 43.4104 39.9528 6.71346
internal_count=4211 4195 4115 4045 80 68 70
is_linear=0
shrinkage=0.03


Tree=112
num_leaves=10
num_cat=0
split_feature=5 13 27 20 23 21 10 29 6
split_gain=8.78365 9.10604 18.4833 15.6252 13.7968 22.9573 11.626 0.23168 0.0752423
threshold=-0.02817455228034282 0.050623172119753403 -0.034395363067272922 -0.033253853419735191 1.2885883815547667 1269586.0000000002 -0.043374968964851622 0.064762315950482194 519396.00000000006
decision_type=2 2 2 2 2 2 2 2 2
left_child=8 2 7 -4 5 -3 -6 -2 -1
right_child=1 4 3 -5 6 -7 -8 -9 -10
leaf_value=-0.035780843690146669 -0.039370788042152535 0.010634175591783753 0.0080264814185260283 -0.0017216181788221683 -0.010408821091159006 -0.032194709213432017 0.01836770074065296 -0.049364424547443872 -0.043420022366949369
leaf_weight=2.2268009074032298 4.5043794140219671 30.925016224384308 198.18839460797608 584.25541386660188 14.683847784996031 17.717027693986893 90.585348032414913 3.8914619386196136 2.4231280274689198
leaf_count=21 31 66 634 3138 54 61 176 17 13
internal_value=0.00136932 0.00157176 0.000272432 0.000747518 0.00824807 -0.00496551 0.0143537 -0.0440028 -0.0397617
internal_weight=949.401 944.751 790.84 782.444 153.911 48.642 105.269 8.39584 4.64993
internal_count=4211 4177 3820 3772 357 127 230 48 34
is_linear=0
shrinkage=0.03


Tree=113
num_leaves=9
num_cat=0
split_feature=25 25 28 28 28 17 0 17
split_gain=8.70434 21.424 13.3231 29.0625 22.3531 12.6797 8.10843 4.53239
threshold=-0.0011302574365555185 -0.000505418529753091 -0.0018264108480510871 -0.0022248216183756147 1.0000000180025095e-35 0.010622346141415344 0.0014873282092215132 -0.021417771307078507
decision_type=2 2 2 2 2 2 2 2
left_child=6 5 3 -3 -4 7 -1 -2
right_child=1 2 4 -5 -6 -7 -8 -9
leaf_value=0.0045371637658822043 0.020100414678760413 -0.0041587512936159263 -0.008081959711660501 0.019200264827165539 0.00339886755355066 0.022570933537743209 0.049247104322834967 -0.038241380224431375
leaf_weight=8.3290998525917512 1.2719962149858535 86.985723732970655 221.07943517807871 106.78280605003238 492.94559056125581 4.1046486943960181 6.4993249326944342 20.719666564837098
leaf_count=28 2 434 1085 274 2147 12 10 219
internal_value=0.00132909 0.000967001 0.00173741 0.00871404 -0.000155875 -0.0258326 0.0241336 -0.0348669
internal_weight=948.718 933.89 907.794 193.769 714.025 26.0963 14.8284 21.9917
internal_count=4211 4173 3940 708 3232 233 38 221
is_linear=0
shrinkage=0.03


Tree=114
num_leaves=13
num_cat=0
split_feature=13 29 29 18 22 13 12 6 15 18 6 29
split_gain=8.64263 9.25503 19.8122 16.7275 16.658 13.0765 9.91646 5.43718 0.00966745 0.00217513 0.000607968 0.000277507
threshold=0.011129598652702183 0.020007434860058581 0.028047799383313053 0.01276936952385308 18020163.031000003 0.011956746797369846 -0.016120559164678524 37933.000000000007 -0.0048951662534141857 0.0054552021285926983 50650.500000000007 0.034660979825836297
decision_type=2 2 2 2 2 2 2 2 2 2 2 2
left_child=8 3 6 4 -2 -4 -3 -5 -1 11 -11 -10
right_child=1 2 5 7 -6 -7 -8 -9 9 10 -12 -13
leaf_value=-0.035726127573553645 0.064526801751331131 -0.0017923216123205486 0.044713591294213359 0.064869254383927114 -0.027012399193322604 0.0015070694382476968 -0.035541466098998338 0.025789498569055009 -0.030755244748861779 -0.031372471630256693 -0.032275602711984569 -0.03162337145117293
leaf_weight=0.47796052880585183 2.1711153890937558 13.089903738349674 6.3504075091332188 3.9167217612266567 10.170315013267098 867.88038638047874 19.520785089582205 17.611869741231203 3.4344365932047363 1.0774851348251107 1.7775488533079622 0.36679069884121407
leaf_count=6 11 74 37 6 103 3384 321 36 165 29 30 9
internal_value=0.0012901 0.00153957 0.000964498 0.0169367 -0.0109087 0.00182092 -0.0219946 0.0328993 -0.0316049 -0.031309 -0.0319348 -0.030839
internal_weight=947.846 940.712 906.841 33.87 12.3414 874.231 32.6107 21.5286 7.13422 6.65626 2.85503 3.80123
internal_count=4211 3972 3816 156 114 3421 395 42 239 233 59 174
is_linear=0
shrinkage=0.03


Tree=115
num_leaves=12
num_cat=0
split_feature=26 29 28 26 23 17 27 18 22 22 13
split_gain=8.52104 8.95294 13.3055 12.941 12.7042 8.75485 8.73637 8.705 6.64179 8.82376 0.334306
threshold=0.0073313460244207812 0.079851050041585561 -0.003454123923011883 -0.0062541819824769229 4.2191369951926214 0.0098120684426730841 0.040926482367557644 0.031382126607750631 80641922.401500002 73570680.742000014 0.050962414108494933
decision_type=2 2 2 2 2 2 2 2 2 2 2
left_child=1 2 6 -4 5 -3 -1 8 9 -2 -10
right_child=7 4 3 -5 -6 -7 -8 -9 10 -11 -12
leaf_value=-0.029613260787145199 -0.03431557094875444 0.013049038890903262 0.029409114025341025 0.00042773705883217917 -0.035034748407791652 -0.0069643158979513691 0.045752772031462052 0.030757786893166501 -0.038961325456983997 0.042795282485815336 -0.052664398147462183
leaf_weight=18.334388588555161 3.0548830330371883 126.1250327154994 14.131589248776434 739.60530776996166 5.8782617822289458 23.307477474212646 1.4973239302635182 2.7078615427017203 8.3429990466684085 2.3730312921106815 1.9832159876823414
leaf_count=187 47 249 33 3523 24 61 5 4 64 4 10
internal_value=0.00125148 0.0016526 0.000332898 0.0009711 0.00822574 0.00992749 -0.023923 -0.0189301 -0.0274706 -0.000603457 -0.0415931
internal_weight=947.341 928.879 773.569 753.737 155.311 149.433 19.8317 18.462 15.7541 5.42791 10.3262
internal_count=4211 4082 3748 3556 334 310 192 129 125 51 74
is_linear=0
shrinkage=0.03


Tree=116
num_leaves=7
num_cat=0
split_feature=5 8 6 23 21 29
split_gain=8.39443 8.76596 13.3252 13.5825 12.4408 0.0684381
threshold=-0.02817455228034282 -0.035004050026384161 5211387.0000000009 2.7629641700234449 14364830.000000002 0.056556520758638942
decision_type=2 2 2 2 2 2
left_child=5 -2 4 -4 -3 -1
right_child=1 2 3 -5 -6 -7
leaf_value=-0.035783321320181007 0.027323564614922434 0.0012939082457675321 -0.041436693846599384 0.00917590118081325 0.038551833715066028 -0.043143656847350983
leaf_weight=2.2856096029281607 11.604978222399948 901.59043469000608 12.972419906407596 7.549090512096881 8.1387286558747274 2.2623476535081863
leaf_count=22 23 4050 69 19 16 12
internal_value=0.00121488 0.00141122 0.00108796 -0.0228182 0.00162723 -0.0394447
internal_weight=946.404 941.856 930.251 20.5215 909.729 4.54796
internal_count=4211 4177 4154 88 4066 34
is_linear=0
shrinkage=0.03


Tree=117
num_leaves=11
num_cat=0
split_feature=13 25 25 25 17 0 15 18 6 7
split_gain=8.29612 8.63066 20.2204 12.7208 12.2283 4.96332 0.0084028 0.00195674 0.000539296 0.00022155
threshold=0.011129598652702183 -0.0011302574365555185 -0.000505418529753091 -0.00036666288137811835 0.010622346141415344 0.0010513748930201649 -0.0048951662534141857 0.0054552021285926983 50650.500000000007 81436279.870500013
decision_type=2 2 2 2 2 2 2 2 2 2
left_child=6 5 4 -4 -3 -2 -1 9 -9 -8
right_child=1 2 3 -5 -6 -7 7 8 -10 -11
leaf_value=-0.035444289998469124 0.0080120850241614631 -0.034713468893157483 0.013604627482556446 0.00072334580315808878 0.021782955193193936 0.043207042858253816 -0.03064077831268042 -0.031329476461094234 -0.032192816702812946 -0.03112807862431646
leaf_weight=0.4639320671558379 7.7497843652963621 21.050096028484408 75.299516994506121 824.53226596862078 4.1234270855784407 6.7448231801390648 2.3941174289211626 1.0463389903306963 1.7243023179471491 1.2932902723550794
leaf_count=6 22 202 231 3495 12 10 132 29 30 42
internal_value=0.00117824 0.00141933 0.00105939 0.00180127 -0.0254593 0.0243895 -0.0315445 -0.0312643 -0.0318668 -0.0308117
internal_weight=946.422 939.5 925.005 899.832 25.1735 14.4946 6.92198 6.45805 2.77064 3.68741
internal_count=4211 3972 3940 3726 214 32 239 233 59 174
is_linear=0
shrinkage=0.03


Tree=118
num_leaves=9
num_cat=0
split_feature=5 28 18 17 23 12 15 29
split_gain=8.21812 10.0339 9.95448 9.48768 8.12942 10.9677 5.68559 0.101928
threshold=0.030043283900149768 0.0037748781952354378 0.0054552021285926983 -0.0042931865326415889 0.9737170513449539 -0.012268474502234656 -0.0038197609395958609 0.06816460167034287
decision_type=2 2 2 2 2 2 2 2
left_child=1 2 6 -4 5 -3 -1 -6
right_child=-2 4 3 -5 7 -7 -8 -9
leaf_value=0.0045385062056211307 0.03137108937325906 0.021948465463278711 -0.0028510661964396963 0.0038607368767922972 -0.035346932665960666 -0.037067180593522715 -0.031431909530414533 -0.041395991828584944
leaf_weight=5.7116490351036218 8.0259660016745311 7.10572300106287 272.15971021912992 624.47840073145926 6.9685697760432941 4.7145834257826227 12.85761314537376 3.9157773852348328
leaf_count=88 16 23 1045 2439 85 47 447 21
internal_value=0.00114316 0.000884489 0.00137322 0.00182348 -0.018816 -0.0015902 -0.0203679 -0.0375232
internal_weight=945.938 937.912 915.207 896.638 22.7047 11.8203 18.5693 10.8843
internal_count=4211 4195 4019 3484 176 70 535 106
is_linear=0
shrinkage=0.03


Tree=119
num_leaves=12
num_cat=0
split_feature=11 26 28 28 25 17 26 17 9 4 1
split_gain=8.15126 11.4851 29.8387 24.3894 23.3281 26.571 21.0673 14.3242 7.55287 11.5832 4.53538
threshold=0.057844428286959022 0.00029103162108341129 0.0022459830045158708 0.0013624099864239724 0.0001029895402562736 0.0045939794269343852 0.0036287131553723573 0.00065300349869942332 1.6869637700554105 317.50000000000006 0.044871422769159168
decision_type=2 2 2 2 2 2 2 2 2 2 2
left_child=1 2 3 -1 5 -3 -6 -4 9 -2 -10
right_child=8 4 7 -5 6 -7 -8 -9 10 -11 -12
leaf_value=0.0036309871381892604 -0.029908382732183655 -0.0061755904847331329 0.071620800684446859 -0.026577047949288182 -0.026074280639388419 0.013375168595800823 0.0011050958870720737 0.012648869240303352 0.044695313248046299 0.024565839559229509 0.015667859359611118
leaf_weight=498.71543326973915 6.7139588892459852 163.77323832875118 8.2472933754324895 25.27364101074636 64.688731609843671 101.23859724029899 42.549250239506364 6.7336272634565821 8.0419642478227633 7.3688200861215591 12.18369224667549
leaf_count=2120 21 906 11 131 424 336 197 22 8 11 24
internal_value=0.00110893 0.000568443 0.0033675 0.00217396 -0.00348423 0.0012931 -0.0152902 0.0451141 0.0154641 -0.00140472 0.0272095
internal_weight=945.528 911.22 538.97 523.989 372.25 265.012 107.238 14.9809 34.3084 14.0828 20.2257
internal_count=4211 4147 2284 2251 1863 1242 621 33 64 32 32
is_linear=0
shrinkage=0.03


Tree=120
num_leaves=10
num_cat=0
split_feature=5 29 23 9 6 28 21 25 29
split_gain=8.04685 8.28037 12.3525 10.7244 22.4756 17.8651 8.48355 7.16171 0.0630165
threshold=-0.02817455228034282 0.096938677093608802 1.503078339390967 14.708179193646879 6607564.5000000009 0.0016734165777591533 680410.50000000012 0.00036061617792229307 0.056556520758638942
decision_type=2 2 2 2 2 2 2 2 2
left_child=8 3 6 4 -2 -5 -3 -4 -1
right_child=1 2 7 5 -6 -7 -8 -9 -10
leaf_value=-0.035604666707789057 0.00027175960272249696 -0.013572836056838577 -0.041230233997625793 0.018231801350100142 -0.048088879073700373 -0.041465810095753682 0.027704197153876724 0.010664584289524196 -0.04274489230375271
leaf_weight=2.2267700992524615 828.08061261894181 5.2396557405591002 5.0330793708562833 52.821349278092384 8.7403790932148677 4.9329783711582413 30.962027788162231 4.5634138286113739 2.2229588702321053
leaf_count=22 3837 16 22 158 53 35 46 10 12
internal_value=0.00107609 0.00126653 0.0137083 0.000629575 -0.000233355 0.0131328 0.02173 -0.0165527 -0.0391717
internal_weight=944.823 940.373 45.7982 894.575 836.821 57.7543 36.2017 9.59649 4.44973
internal_count=4211 4177 94 4083 3890 193 62 32 34
is_linear=0
shrinkage=0.03


Tree=121
num_leaves=13
num_cat=0
split_feature=26 11 28 15 21 11 17 18 22 22 29 11
split_gain=7.90196 8.81494 12.7719 12.7021 12.1041 12.7912 9.31889 8.18783 7.11879 6.31203 8.39648 0.256357
threshold=0.0073313460244207812 0.0083115335605094855 -0.003454123923011883 0.0079178004422064008 6827882.0000000009 0.00054524454858260573 0.01352572911944622 0.031382126607750631 832728651.02100015 80641922.401500002 0.067511903309854585 0.038368048623689456
decision_type=2 2 2 2 2 2 2 2 2 2 2 2
left_child=1 4 6 -4 5 -1 -3 9 -6 10 -2 -11
right_child=7 2 3 -5 8 -7 -8 -9 -10 11 -12 -13
leaf_value=0.012616415797330319 -0.034172041730253025 -0.038356126849990839 0.0066470022425847352 -0.0024425540115006793 0.013659171633710439 -0.0049492999969509913 0.040996164499191905 0.029677320875578971 -0.044827050533619815 -0.037900253513281384 0.041873531089427679 -0.048289194288858625
leaf_weight=45.418108727782965 2.9622083031572428 10.090891823172567 448.55673885904253 200.08948179520667 2.3442746996879569 208.98606875818223 1.5344948768615712 2.6862394511699668 9.3173426203429681 6.9355176771059615 2.3382374942302704 3.0901420265436172
leaf_count=211 48 104 1712 695 7 1289 3 4 61 59 3 15
internal_value=0.00104416 0.00142682 0.00328454 0.00384312 -0.00318331 -0.00181334 -0.027882 -0.0186357 -0.0330699 -0.0271036 -0.000625314 -0.0411024
internal_weight=944.35 926.337 660.272 648.646 266.066 254.404 11.6254 18.0123 11.6616 15.3261 5.30045 10.0257
internal_count=4211 4082 2514 2407 1568 1500 107 129 68 125 51 74
is_linear=0
shrinkage=0.03


Tree=122
num_leaves=9
num_cat=0
split_feature=5 29 9 9 8 29 21 11
split_gain=7.81449 9.54922 17.1007 25.611 24.1467 9.84687 10.134 8.31805
threshold=0.030043283900149768 0.05048000497443051 0.81099314491562291 0.96602810621836011 0.016520716216013594 0.050999606639091984 761706.00000000012 0.01878720860291011
decision_type=2 2 2 2 2 2 2 2
left_child=1 2 4 -4 -1 6 -3 -7
right_child=-2 5 3 -5 -6 7 -8 -9
leaf_value=-0.025862914642053009 0.030582147074517771 -0.0016626679199311554 0.024667304795970173 -0.0036965589874554403 0.070776777277967384 -0.0011279288253772707 0.04763988012050633 0.0060673676621982872
leaf_weight=42.220759797841311 7.9758751876652232 6.5083207562565795 32.121864337939769 265.14709505997598 2.4626868888735762 292.35020280629396 8.86030665040016 286.1149193868041
leaf_count=474 16 32 167 1922 3 896 16 685
internal_value=0.00101296 0.000760937 -0.00323268 -0.000631657 -0.0205367 0.00306062 0.0267612 0.00243094
internal_weight=943.762 935.786 341.952 297.269 44.6834 593.834 15.3686 578.465
internal_count=4211 4195 2566 2089 477 1629 48 1581
is_linear=0
shrinkage=0.03


Tree=123
num_leaves=7
num_cat=0
split_feature=5 8 6 17 6 18
split_gain=7.72836 8.14185 11.8723 17.2927 11.9339 0.0590966
threshold=-0.02817455228034282 -0.035004050026384161 5211387.0000000009 0.0098120684426730841 4737086.5000000009 0.021059697326482132
decision_type=2 2 2 2 2 2
left_child=5 -2 4 -4 -3 -1
right_child=1 2 3 -5 -6 -7
leaf_value=-0.035730684554971616 0.026189199154463192 0.0010434310965371214 -0.04188870329164613 0.016863226050793656 0.038596892182140623 -0.04275552747434657
leaf_weight=2.3853613436222068 11.560231775045393 899.11108592525125 13.282012462615969 6.8259745091199866 7.6810423601418725 1.9661587104201315
leaf_count=23 23 4050 73 15 16 11
internal_value=0.000983043 0.001168 0.000855935 -0.0219444 0.00136153 -0.0389047
internal_weight=942.812 938.46 926.9 20.108 906.792 4.35152
internal_count=4211 4177 4154 88 4066 34
is_linear=0
shrinkage=0.03


Tree=124
num_leaves=12
num_cat=0
split_feature=13 13 8 24 26 24 18 15 18 26 29
split_gain=7.71111 8.41916 11.7905 10.1637 16.0354 8.61929 0.00875247 0.00751146 0.00173687 0.00040499 0.000205164
threshold=0.011129598652702183 0.011956746797369846 5.9023944180926268e-05 0.32349086015853462 -0.0062541819824769229 0.45120043347434163 0.0078187962466805348 -0.0048951662534141857 0.0054552021285926983 -0.0011952163866504517 0.034660979825836297
decision_type=2 2 2 2 2 2 2 2 2 2 2
left_child=7 2 6 4 -3 -5 -2 -1 10 -10 -9
right_child=1 3 -4 5 -6 -7 -8 8 9 -11 -12
leaf_value=-0.035220318036071577 -0.031612348268816329 0.086756215657496194 0.054864401882362746 0.0080012857996719384 -0.025462167718083708 0.00011638825158743423 -0.035935231954249851 -0.030684107334720101 -0.032378948032685671 -0.031551232260940337 -0.031470356262557314
leaf_weight=0.45003975462168444 1.1519785886630405 1.2131385449320102 5.5456383181735873 149.37742123380303 20.715917573310435 757.53298506699502 0.66478249616920937 3.1136295944452281 0.73567009717226062 1.9218189362436531 0.3303867820650338
leaf_count=6 32 8 28 651 202 3043 8 165 12 47 9
internal_value=0.000953445 0.00118042 0.0331349 0.00092713 -0.0192541 0.00141511 -0.0331942 -0.03148 -0.0312042 -0.0317804 -0.0307595
internal_weight=942.753 936.202 7.3624 928.839 21.9291 906.91 1.81676 6.55155 6.10151 2.65749 3.44402
internal_count=4211 3972 68 3904 210 3694 40 239 233 59 174
is_linear=0
shrinkage=0.03


Tree=125
num_leaves=12
num_cat=0
split_feature=11 26 28 28 25 17 26 5 9 4 1
split_gain=7.7195 10.7262 28.0262 22.846 21.9484 24.9538 19.91 10.0064 7.21795 10.8759 4.37802
threshold=0.057844428286959022 0.00029103162108341129 0.0022459830045158708 0.0013624099864239724 0.0001029895402562736 0.0045939794269343852 0.0036287131553723573 -0.0030643316393259971 1.6869637700554105 317.50000000000006 0.044871422769159168
decision_type=2 2 2 2 2 2 2 2 2 2 2
left_child=1 2 3 -1 5 -3 -6 -4 9 -2 -10
right_child=8 4 7 -5 6 -7 -8 -9 10 -11 -12
leaf_value=0.0033501668214021996 -0.0290666378641481 -0.0061572878199636621 0.067496818492059851 -0.026024224843656511 -0.025595896463455732 0.012805453085703461 0.00090898806845466826 0.018554060233983264 0.043851746482562126 0.023873735153670743 0.01514431691019851
leaf_weight=497.83127662632614 6.7208017781376821 163.08032388566062 7.6604405753314495 25.027478082105517 63.993683156557381 101.22228041198105 42.41232440713793 7.3831762559711915 7.9299503117799786 7.270793154835701 12.040844656527041
leaf_count=2120 21 906 13 131 424 336 197 20 8 11 24
internal_value=0.000924601 0.000399711 0.00310566 0.00194411 -0.00352665 0.00110504 -0.0150313 0.0434765 0.0149672 -0.00155594 0.0265434
internal_weight=942.573 908.611 537.902 522.859 370.709 264.303 106.406 15.0436 33.9624 13.9916 19.9708
internal_count=4211 4147 2284 2251 1863 1242 621 33 64 32 32
is_linear=0
shrinkage=0.03


Tree=126
num_leaves=13
num_cat=0
split_feature=28 29 17 17 9 18 23 12 8 12 29 13
split_gain=7.68769 8.75873 12.0957 11.5142 18.8727 15.3954 8.96104 7.90974 8.3493 15.7972 0.0869378 0.0197733
threshold=0.0037748781952354378 0.086966527147504621 0.011767953106504662 -0.0042931865326415889 0.60247707228344505 0.013734187077553512 0.45389734567503637 -0.012362866643690814 0.0074929043769987099 -0.012689164246820752 0.06816460167034287 0.02635045435216982
decision_type=2 2 2 2 2 2 2 2 2 2 2 2
left_child=1 3 6 5 -5 -1 -3 8 9 -2 11 -9
right_child=7 2 -4 4 -6 -7 -8 10 -10 -11 -12 -13
leaf_value=-0.015165484117359336 -0.039145358460721737 -0.052066640114706277 -0.026977913468903342 -0.015952380073144312 0.0041527708647901476 0.00065551532909079928 0.014689454745783301 -0.03190025347617842 0.034550779959880887 0.04913220902365175 -0.039484338180605615 -0.035530100639348534
leaf_weight=88.197429223917425 7.1319638397544614 1.8498149812221516 7.3045771867036811 45.544291399419308 543.13059812784195 148.66312347911298 83.559380233287811 2.523279794957487 4.1094649508595458 2.4515300430357483 4.4937875419855118 2.9063856229186058
leaf_count=528 57 8 23 304 2554 453 162 59 7 3 26 27
internal_value=0.000897131 0.00133179 0.0100747 0.000349896 0.00259729 -0.00523559 0.0132436 -0.0160033 -0.00122318 -0.0165633 -0.0363978 -0.0338432
internal_weight=941.866 918.249 92.7138 825.535 588.675 236.861 85.4092 23.6164 13.693 9.58349 9.92345 5.42967
internal_count=4211 4032 193 3839 2858 981 170 179 67 60 112 86
is_linear=0
shrinkage=0.03


Tree=127
num_leaves=14
num_cat=0
split_feature=14 11 14 23 14 25 23 12 23 20 8 11 9
split_gain=7.57297 15.5222 14.6177 13.7374 16.2907 11.8544 11.5399 26.2075 16.1278 10.6943 10.2251 9.96604 8.52832
threshold=0.85061203164651844 0.051170826001569698 0.90733069085770091 0.70534004918553983 0.88154997229551835 -2.2102345680785784e-05 1.3038156112287547 -0.0094483615498734703 3.6767804089501666 0.020063879161760029 0.01809920171405505 0.0083115335605094855 1.8599139113718641
decision_type=2 2 2 2 2 2 2 2 2 2 2 2 2
left_child=1 9 3 5 -5 -2 7 -4 -8 11 -11 -1 -3
right_child=2 12 6 4 -6 -7 8 -9 -10 10 -12 -13 -14
leaf_value=-0.0030605775842340957 0.043414606071101008 0.0030039102573921365 0.0094544830761468315 -0.01109397301081429 -0.047797818449214699 -0.02203955219655699 0.015706952176559593 -0.032900247330333324 -0.022148411865282082 -0.04574868150969745 0.017069600631782787 0.0043606777319657227 0.035410250431269608
leaf_weight=250.49739749450237 5.6993710622191429 11.842247948050501 29.647009775042534 31.906315863132477 16.517387953586876 4.4227494336664659 58.52823210414499 23.626059757079929 12.248658087104557 8.0672030225396139 3.2803259789943686 465.49641926959157 19.091985195875168
leaf_count=1467 12 26 104 145 107 24 216 177 58 46 7 1796 26
internal_value=0.000870758 0.00219151 -0.004614 -0.0169697 -0.0236137 0.0148151 0.0012173 -0.00932941 0.0091557 0.00130632 -0.0275893 0.00176428 0.0230045
internal_weight=940.871 758.276 182.596 58.5458 48.4237 10.1221 124.05 53.2731 70.7769 727.341 11.3475 715.994 30.9342
internal_count=4211 3368 843 288 252 36 555 281 274 3316 53 3263 52
is_linear=0
shrinkage=0.03


Tree=128
num_leaves=9
num_cat=0
split_feature=25 25 18 18 20 15 0 13
split_gain=7.54845 19.3329 12.1051 18.2139 15.3974 11.6148 7.13739 4.3109
threshold=-0.0011302574365555185 -0.000505418529753091 0.0060828819237358804 0.0068133527462578922 -0.026845689323135292 0.011386315025349633 0.0014873282092215132 0.062866371628261017
decision_type=2 2 2 2 2 2 2 2
left_child=6 5 4 -4 -3 7 -1 -2
right_child=1 2 3 -5 -6 -7 -8 -9
leaf_value=0.0037561008557556279 -0.038226020510504083 0.016190772444302306 0.023735561620198353 0.0010710841312338564 -0.027834423699829206 0.02021901314584084 0.045896350364714664 0.015334312758369056
leaf_weight=8.2774006444960815 19.54029051493854 9.8362007252871972 33.186472656205297 830.95620832778513 26.177523563615978 4.1841677278280249 6.4252331703901282 1.4530263990163792
leaf_count=28 217 78 202 3058 602 13 10 3
internal_value=0.000844927 0.000506062 0.00123128 0.00194149 -0.0158101 -0.0254222 0.0221719 -0.0345189
internal_weight=940.037 925.334 900.156 864.143 36.0137 25.1775 14.7026 20.9933
internal_count=4211 4173 3940 3260 680 233 38 220
is_linear=0
shrinkage=0.03


Tree=129
num_leaves=13
num_cat=0
split_feature=26 26 26 18 21 9 28 9 18 22 22 13
split_gain=7.4788 8.13596 36.2673 23.4099 23.4263 20.4519 17.5903 13.4394 7.59926 5.81121 7.7385 0.264883
threshold=0.0073313460244207812 -0.0025518637372914793 -0.002030437320367558 0.014746126229098922 700399.50000000012 0.74374985062140686 -0.0020087363686183695 0.84658836127225623 0.031382126607750631 80641922.401500002 73570680.742000014 0.050962414108494933
decision_type=2 2 2 2 2 2 2 2 2 2 2 2
left_child=1 3 7 5 -5 -1 -4 -3 9 10 -2 -11
right_child=8 2 6 4 -6 -7 -8 -9 -10 11 -12 -13
leaf_value=0.0052456918523253963 -0.034120911517791043 -0.011616616409822055 -0.042421935180445937 0.025705264426046797 -0.0088367950990328129 -0.028415800768010473 0.0011113196156215602 0.031522548005835468 0.028141649726643757 -0.038202095762376979 0.040251679464110228 -0.050646897573490071
leaf_weight=24.304835725575686 2.8364688260480788 7.5111600793898097 8.4525834470987302 32.452151011675596 38.794699858874083 48.984280902892351 713.31751842144877 48.254487097263336 2.6499884873628607 7.7707035643979889 2.2642757259309292 1.9195259399712084
leaf_count=107 47 28 40 82 134 415 3163 113 4 64 4 10
internal_value=0.000819356 0.00118748 0.00240246 -0.00534858 0.00689673 -0.0172527 0.000601506 0.0257121 -0.0186424 -0.0270244 -0.00110611 -0.0406673
internal_weight=939.513 922.072 777.536 144.536 71.2469 73.2891 721.77 55.7656 17.441 14.791 5.10074 9.69023
internal_count=4211 4082 3344 738 216 522 3203 141 129 125 51 74
is_linear=0
shrinkage=0.03


Tree=130
num_leaves=14
num_cat=0
split_feature=7 21 25 10 7 21 12 22 14 15 13 13 29
split_gain=7.28002 12.3241 15.2599 13.1126 12.0653 13.658 11.3428 11.1062 30.3675 14.6434 12.2775 11.2711 0.212805
threshold=19372770.020500001 217994.50000000003 0.00010794396705370389 -0.0035686825583473316 20021655.325000007 517854.50000000006 -0.018778430558083089 94188384.923500016 0.99999734183944788 0.013466553683588777 0.03020669123253111 0.035210888422686451 0.057048793532669069
decision_type=2 2 2 2 2 2 2 2 2 2 2 2 2
left_child=7 2 6 -4 -3 -6 -2 9 11 10 -1 -9 -11
right_child=1 4 3 -5 5 -7 -8 8 -10 12 -12 -13 -14
leaf_value=-0.005085053453540862 0.037778733709200728 0.041764799337174634 -0.0091278105748986722 0.051996417626544396 -0.012094312811452066 0.0025098342237582236 -0.036678586984169363 -0.036862556947316355 0.092171546227952345 -0.03688452349836973 0.011256603501238001 -0.0078711792722411349 -0.047466375865684488
leaf_weight=102.63562886742875 2.7901455610990542 6.6420305743813506 4.0936608612537411 13.829785156995056 63.633430566638708 611.29380888305604 5.4153233375400305 22.305579374544322 2.2246577329933634 5.4176532812416545 69.325349759310484 26.298235803842545 2.4995469078421593
leaf_count=1154 6 13 23 35 284 1952 61 244 4 48 255 120 12
internal_value=0.000795351 0.00230404 0.0225235 0.0380358 0.00152889 0.00113293 -0.0113605 -0.00383257 -0.0162151 -0.000333624 0.00150302 -0.0211761 -0.0402253
internal_weight=938.405 707.698 26.1289 17.9234 681.569 674.927 8.20547 230.707 50.8285 179.878 171.961 48.6038 7.9172
internal_count=4211 2374 125 58 2249 2236 67 1837 368 1469 1409 364 60
is_linear=0
shrinkage=0.03


Tree=131
num_leaves=10
num_cat=0
split_feature=5 20 14 0 3 25 17 8 18
split_gain=7.43319 7.91288 22.0493 18.6073 17.5503 16.9145 14.5555 14.0594 0.056084
threshold=-0.02817455228034282 -0.034444332968886972 0.39777287770839703 -0.00024178136630580984 0.21880896226415239 0.00026836073736892627 0.0015721010689151314 -0.035004050026384161 0.021059697326482132
decision_type=2 2 2 2 2 2 2 2 2
left_child=8 3 4 5 -3 -2 -4 -5 -1
right_child=1 2 6 7 -6 -7 -8 -9 -10
leaf_value=-0.035562230100334935 0.022718480840904248 0.011010933429321093 0.0079078777715205668 0.035643913524556342 -0.015525044048351784 -0.0062464869844954182 -0.002154200284779841 -0.0032614333071413165 -0.042463438128465356
leaf_weight=2.319743148982524 74.547892792150378 27.323062780313194 226.99109783582389 8.8700578734278661 125.29556911066175 23.982117859646678 300.91399865970016 145.28526986390352 1.9513097777962682
leaf_count=23 185 171 1060 15 790 85 1363 508 11
internal_value=0.000771434 0.000952153 -0.000731169 0.00548562 -0.0107744 0.0156684 0.00217234 -0.00102283 -0.0387152
internal_weight=937.48 933.209 680.524 252.685 152.619 98.53 527.905 154.155 4.27105
internal_count=4211 4177 3384 793 961 270 2423 523 34
is_linear=0
shrinkage=0.03


Tree=132
num_leaves=10
num_cat=0
split_feature=29 1 29 18 28 26 25 29 29
split_gain=7.24281 9.28206 13.6432 19.8394 9.24589 11.7232 20.5051 0.0631406 0.0128754
threshold=0.096938677093608802 0.067398377314006372 0.10124654118754482 0.023942897722371879 -0.0039626689549747901 -0.007111784775618228 0.00060394083698791785 0.067511903309854585 0.055796232233848483
decision_type=2 2 2 2 2 2 2 2 2
left_child=4 2 -2 -4 7 -6 -7 8 -1
right_child=1 -3 3 -5 5 6 -8 -9 -10
leaf_value=-0.032479644596889151 0.024479745635212564 0.035029536557662548 -0.034604881418421669 0.034992081315706337 0.026810237924308526 0.00089745663256067748 -0.022646773773670508 -0.04001584047164343 -0.03597371845707506
leaf_weight=2.6189852934330693 15.870358891785143 12.025601819157599 12.371383987367155 5.250906988978385 14.884614482522009 835.62313074525446 34.673070995137095 2.2304793745279312 1.4886746853590009
leaf_count=45 26 15 48 7 28 3825 192 13 12
internal_value=0.000748396 0.012421 0.0043034 -0.0138671 0.000152426 0.000410947 -4.05582e-05 -0.0359524 -0.0337459
internal_weight=937.037 45.5183 33.4926 17.6223 891.519 885.181 870.296 6.33814 4.10766
internal_count=4211 96 81 55 4115 4045 4017 70 57
is_linear=0
shrinkage=0.03


Tree=133
num_leaves=15
num_cat=0
split_feature=28 28 25 9 4 9 28 28 17 4 21 13 14 9
split_gain=7.27951 24.7179 22.9249 19.4014 15.6798 16.4402 15.3589 44.9448 27.6645 17.6802 17.2699 16.8908 14.7688 11.5286
threshold=-0.0018264108480510871 -0.0022248216183756147 0.00091992996561157724 1.6403978227405225 52.500000000000007 0.56280643826665233 0.00035645574497404013 0.00071623312543846629 -0.0038297546855677249 282.50000000000006 510116.00000000006 0.035210888422686451 0.56663143058492149 0.61138102660274229
decision_type=2 2 2 2 2 2 2 2 2 2 2 2 2 2
left_child=1 2 3 -1 5 -3 8 12 11 -10 -9 -2 -8 -6
right_child=6 4 -4 -5 13 -7 7 10 9 -11 -12 -13 -14 -15
leaf_value=-0.0038477550663115912 -0.03173153261549113 0.034489571776812972 0.02699668225843917 -0.038985871849906636 -0.018744869348733269 -0.022382193016787497 0.032662355978975571 -0.014089191262714067 -0.0064771224954659574 0.010842257090264653 0.0019617181369210473 -0.0067274990760495491 0.0076418348334925364 0.024038193607610042
leaf_weight=54.802428523078561 47.506954274140298 6.3045587986707714 15.706225402653216 19.06117439083755 6.0919640818610779 16.671651386655867 51.107594843022525 79.707833898253739 137.00286570750177 86.565537766553462 248.16059450060129 49.806959815323353 36.321833727881312 81.570186587050557
leaf_count=260 302 8 29 217 25 81 154 685 694 388 884 151 136 197
internal_value=0.000726442 0.00579863 -0.0059168 -0.0129155 0.0152831 -0.00677686 -0.000652967 0.00315596 -0.00558262 0.00022893 -0.00194041 -0.018934 0.0222678 0.021065
internal_weight=936.388 200.208 89.5698 73.8636 110.638 22.9762 736.18 415.298 320.882 223.568 327.868 97.3139 87.4294 87.6622
internal_count=4211 817 506 477 311 89 3394 1859 1535 1082 1569 453 290 222
is_linear=0
shrinkage=0.03


Tree=134
num_leaves=9
num_cat=0
split_feature=25 25 17 25 29 25 0 13
split_gain=7.31021 18.1009 11.3069 10.609 21.8145 12.6371 7.4034 4.26029
threshold=-0.0011302574365555185 -0.000505418529753091 0.010622346141415344 -0.00036666288137811835 0.037655923409185381 -0.00031346814503075294 0.00046457402625657177 0.062866371628261017
decision_type=2 2 2 2 2 2 2 2
left_child=6 2 7 4 -3 -5 -1 -2
right_child=1 3 -4 5 -6 -7 -8 -9
leaf_value=-0.0065434571073779398 -0.038008747026578346 -0.036882964115441619 0.020153667305240871 -0.022515560981050887 0.017282524675596909 0.00069542281834977522 0.037786351283411491 0.015260101235469115
leaf_weight=5.3190213795751324 18.957047156058259 7.4312522169202557 4.1416136324405661 21.683737264014781 67.248558070510626 798.84354689810425 9.3523652870208007 1.4549565613269795
leaf_count=22 218 91 12 134 153 3562 16 3
internal_value=0.000705429 0.000370301 -0.0250416 0.0010673 0.0118926 8.20357e-05 0.0217149 -0.0342118
internal_weight=934.432 919.761 24.5536 895.207 74.6798 820.527 14.6714 20.412
internal_count=4211 4173 233 3940 244 3696 38 221
is_linear=0
shrinkage=0.03


Tree=135
num_leaves=9
num_cat=0
split_feature=5 14 11 26 14 17 23 3
split_gain=7.26141 8.49386 14.5531 15.398 11.9883 21.7751 12.4567 5.17961
threshold=0.030043283900149768 0.85061203164651844 0.051170826001569698 0.00029103162108341129 0.90733069085770091 0.0053271587614001177 1.3038156112287547 0.48220830614695925
decision_type=2 2 2 2 2 2 2 2
left_child=1 2 3 -1 5 -3 -6 -4
right_child=-2 4 7 -5 6 -7 -8 -9
leaf_value=0.0042700359290608284 0.029409432457130031 -0.0019044149007408518 0.0040223157218176979 -0.0049009068348045493 -0.01122917093887415 -0.039572576591825073 0.0082506547153398425 0.03060712069082069
leaf_weight=459.80315499473363 7.8537196367979041 35.293984096497297 9.6652900092303771 256.79135767836124 51.485786220990121 22.692259004339576 69.326530259102583 20.769748523831367
leaf_count=1941 16 167 22 1362 280 121 272 30
internal_value=0.00068445 0.000440779 0.00184657 0.000983632 -0.0054327 -0.0166454 -5.09338e-05 0.0221646
internal_weight=933.682 925.828 747.03 716.595 178.799 57.9862 120.812 30.435
internal_count=4211 4195 3355 3303 840 288 552 52
is_linear=0
shrinkage=0.03


Tree=136
num_leaves=13
num_cat=0
split_feature=29 29 18 26 1 14 12 27 26 11 11 13
split_gain=7.1563 18.8359 17.2211 13.8864 11.1528 13.767 9.60924 13.7622 9.54373 6.57222 4.94911 0.357325
threshold=0.020007434860058581 0.028047799383313053 0.01276936952385308 -0.0062541819824769229 0.020358212147134326 0.99299212153774008 -0.016120559164678524 -0.0037816440791555174 0.00029103162108341129 0.0015396387495945996 0.0089944705272431164 0.024526880889696321
decision_type=2 2 2 2 2 2 2 2 2 2 2 2
left_child=2 6 3 -1 5 -3 7 -2 -6 -5 -4 -8
right_child=1 4 10 9 8 -7 11 -9 -10 -11 -12 -13
leaf_value=0.082437000423295603 -0.024417885447649199 -0.019196804412401246 0.0026324400547996785 0.01127675163247111 0.0044789938239105532 0.046714611388582364 -0.031859189052375121 0.040935573695705441 -0.0020709524959818663 -0.03717247304541571 0.038072220579086179 -0.040064642485724028
leaf_weight=1.2478993656113733 8.3793813660740835 38.030251673422754 4.4845360219478634 3.5931391678750506 481.62108054384589 3.0833062566816798 12.363240338861944 4.4347475823014966 342.64890356548131 8.4362998800352198 16.952735856175423 7.783433409407734
leaf_count=9 64 269 14 28 1760 9 344 10 1473 145 28 58
internal_value=0.000664246 0.000147775 0.0140295 -0.0128193 0.000995564 -0.0142538 -0.0221108 -0.00180019 0.00175618 -0.0227009 0.0306585 -0.0350293
internal_weight=933.059 898.344 34.7146 13.2773 865.384 41.1136 32.9608 12.8141 824.27 12.0294 21.4373 20.1467
internal_count=4211 3987 224 182 3511 278 476 74 3233 173 42 402
is_linear=0
shrinkage=0.03


Tree=137
num_leaves=9
num_cat=0
split_feature=25 25 18 14 18 17 0 17
split_gain=7.14634 17.2087 11.1196 14.0946 12.6643 10.9358 6.96918 4.06738
threshold=-0.0011302574365555185 -0.000505418529753091 0.0059677992547255256 0.21696995164312827 0.0068133527462578922 0.010622346141415344 0.00046457402625657177 -0.021417771307078507
decision_type=2 2 2 2 2 2 2 2
left_child=6 5 3 -3 -4 7 -1 -2
right_child=1 2 4 -5 -6 -7 -8 -9
leaf_value=-0.0060021542711053968 0.018781081001446064 0.0096994989577821027 0.018449162080901634 -0.032853954015226172 0.00082620071543594424 0.019524279814860827 0.037069997607882876 -0.037468244634938759
leaf_weight=5.304840959608554 1.2334646433591903 11.172332512214782 38.408470083028078 18.78208543593064 825.01432938594371 4.1565861776471129 9.3219968583434802 18.656256002373993
leaf_count=22 2 132 249 501 3058 12 16 219
internal_value=0.000644344 0.000312653 0.000986741 -0.0169825 0.00161014 -0.0247313 0.0214487 -0.0339799
internal_weight=932.05 917.424 893.377 29.9544 863.423 24.0463 14.6268 19.8897
internal_count=4211 4173 3940 633 3307 233 38 221
is_linear=0
shrinkage=0.03


Tree=138
num_leaves=12
num_cat=0
split_feature=0 15 0 15 20 20 29 21 7 26 18
split_gain=7.07194 14.6353 12.6903 12.1648 14.5704 11.4035 16.7638 9.27309 18.5437 9.02625 0.80442
threshold=-0.0055722317257900786 0.0082568357449894995 -0.0038763704109930548 0.0041270802721424674 -0.04425116010698129 -0.0065399951087993504 0.058479962665846673 15844496.000000002 2684301860.1690006 0.0073313460244207812 0.015310224769452178
decision_type=2 2 2 2 2 2 2 2 2 2 2
left_child=1 3 5 4 -1 10 -7 9 -9 -4 -2
right_child=2 -3 7 -5 -6 6 -8 8 -10 -11 -12
leaf_value=0.038674299309303412 -0.039398157389579025 -0.042594554060728929 0.0014932812533923407 0.047829379721522909 -0.013892146710640804 -0.040184134302142571 0.027497509926190773 -0.046251417754900277 0.034845047454332201 -0.022180010401419821 -0.057563928521243257
leaf_weight=7.9679528102278736 7.4439822407439369 3.6434420552104703 846.50667880149558 10.122231427580116 11.734879903495314 5.9939324147999269 7.3108824342489243 9.4640915971249324 3.4674018919467917 14.748013825155793 3.110691100358963
leaf_count=17 69 26 3744 20 81 49 12 55 5 119 14
internal_value=0.000624751 0.014165 0.000120131 0.0210988 0.00736606 -0.0214662 -0.00299365 0.000709295 -0.0245065 0.0010879 -0.044752
internal_weight=931.514 33.4685 898.046 29.8251 19.7028 23.8595 13.3048 874.186 12.9315 861.255 10.5547
internal_count=4211 144 4067 118 98 144 61 3923 60 3863 83
is_linear=0
shrinkage=0.03


Tree=139
num_leaves=13
num_cat=0
split_feature=27 0 12 12 4 28 28 11 11 8 14 11
split_gain=7.03135 16.7459 15.3727 12.159 16.8846 14.1983 16.1175 8.24243 7.57956 6.80455 5.59383 5.22581
threshold=-0.034395363067272922 -0.0014482924528704734 -0.058454592248887056 -0.036263271964739274 7.5000000000000009 -0.0033445322657022891 -0.0018264108480510871 0.00033207162347151034 0.035673092462678434 0.020031352308290836 0.048178788239495195 1.0000000180025095e-35
decision_type=2 2 2 2 2 2 2 2 2 2 2 2
left_child=1 -1 10 4 9 8 -7 -6 -5 -2 -3 -4
right_child=3 2 11 5 7 6 -8 -9 -10 -11 -12 -13
leaf_value=0.019031061022046727 -0.051291329422652084 0.020689237459060688 -0.0062389439703156788 -0.03271806740426033 0.041871872801742961 0.0098353835626072347 -0.0011426694304323061 0.013843815779070444 0.013521018474530109 0.0029204959448773504 -0.021366049452662697 -0.047838521095482318
leaf_weight=11.721982505172489 4.3693745285272581 6.9783002212643606 3.3147581815719667 17.123369995504621 12.388075791299341 147.18935512099415 660.36970030190423 39.721495669335127 3.9211953207850447 3.9836048185825348 4.8075144588947296 15.091426771134136
leaf_count=27 20 17 14 177 19 527 3199 92 14 10 17 78
internal_value=0.000605914 -0.0114017 -0.0232172 0.001172 0.0141597 0.000224298 0.00085824 0.020507 -0.0241024 -0.0254373 0.0035346 -0.0403469
internal_weight=930.98 41.914 30.192 889.066 60.4626 828.604 807.559 52.1096 21.0446 8.35298 11.7858 18.4062
internal_count=4211 153 126 4058 141 3917 3726 111 191 30 34 92
is_linear=0
shrinkage=0.03


Tree=140
num_leaves=9
num_cat=0
split_feature=5 13 13 8 24 18 15 18
split_gain=7.04137 6.94302 7.47489 9.95279 8.76775 0.051993 0.00695791 0.00141993
threshold=-0.02817455228034282 0.011129598652702183 0.011956746797369846 5.9023944180926268e-05 0.32349086015853462 0.021059697326482132 -0.0048951662534141857 0.0054552021285926983
decision_type=2 2 2 2 2 2 2 2
left_child=5 6 3 -3 -4 -1 -2 -8
right_child=1 2 4 -5 -6 -7 7 -9
leaf_value=-0.035300359109973818 -0.035069993378171203 -0.033183837416263934 -0.018382445455196211 0.050855534434633934 0.0011852145267319031 -0.042037328001047723 -0.030705576402370448 -0.031670968915785726
leaf_weight=2.2396049387753001 0.43554872553795565 1.6475380174815644 21.096408508718014 5.5099201686680317 891.67348170559853 1.9104918427765367 3.1008178791962555 2.4582743067294359
leaf_count=23 6 39 208 28 3663 11 174 59
internal_value=0.00058796 0.000762717 0.000972424 0.0315109 0.000732957 -0.0384017 -0.0314186 -0.0311325
internal_weight=930.072 925.922 919.927 7.15746 912.77 4.1501 5.99464 5.55909
internal_count=4211 4177 3938 67 3871 34 239 233
is_linear=0
shrinkage=0.03


Tree=141
num_leaves=13
num_cat=0
split_feature=29 29 18 9 24 24 9 11 13 8 11 13
split_gain=6.86906 17.6742 15.9954 12.8083 8.94515 12.7669 8.22431 15.4219 6.53697 5.52814 4.67249 0.133432
threshold=0.020007434860058581 0.028047799383313053 0.01276936952385308 0.32343447000219772 0.32349086015853462 0.40590496349821042 13.179700000000002 0.013602615070135963 0.027370609907179131 -0.0057986376716161817 0.0089944705272431164 0.024968515158859877
decision_type=2 2 2 2 2 2 2 2 2 2 2 2
left_child=2 6 3 -1 8 -6 11 -8 -3 -5 -4 -2
right_child=1 4 10 9 5 -7 7 -9 -10 -11 -12 -13
leaf_value=0.049604064476002199 -0.03186334694149958 -0.0044408898230145098 0.0024347001734798842 0.014160471535334925 0.013727615523841928 0.0002428983193695291 0.025167900415454161 -0.042940921264322085 -0.039597217821156466 -0.038231487691478092 0.036922602234919437 -0.036925987984589223
leaf_weight=2.4319170443341127 12.037368763238193 11.35011810436845 4.4715194702148464 2.3216637950390551 68.799735429696739 774.91160806920379 7.3289663186296803 5.0563752427697182 8.1982742361724359 8.265800622291863 16.890871055424213 7.6714148446917525
leaf_count=15 344 109 14 25 289 3052 32 31 61 142 28 69
internal_value=0.000570257 6.4948e-05 0.0137293 -0.0124818 0.000877659 0.0013425 -0.0217951 -0.00263785 -0.0191849 -0.0267428 0.0297037 -0.0338339
internal_weight=929.736 895.354 34.3818 13.0194 863.26 843.711 32.0941 12.3853 19.5484 10.5875 21.3624 19.7088
internal_count=4211 3987 224 182 3511 3341 476 63 170 167 42 413
is_linear=0
shrinkage=0.03


Tree=142
num_leaves=15
num_cat=0
split_feature=26 26 18 21 11 9 28 24 9 11 8 8 0 1
split_gain=6.75337 32.37 21.1147 21.4636 25.231 18.3351 16.3667 14.1984 12.4096 11.4821 9.78856 9.12258 6.74111 4.66391
threshold=-0.0025518637372914793 -0.002030437320367558 0.014746126229098922 700399.50000000012 0.01139306743079232 0.74374985062140686 -0.0020087363686183695 0.35294993450254825 0.84658836127225623 0.00054524454858260573 -0.0048542308445893518 -0.0063594031104274515 -0.0021268758987311284 0.025084182816628973
decision_type=2 2 2 2 2 2 2 2 2 2 2 2 2 2
left_child=2 8 5 12 -5 10 13 -8 -2 -7 -1 -10 -4 -3
right_child=1 6 3 4 -6 9 7 -9 11 -11 -12 -13 -14 -15
leaf_value=-0.026637814204428661 -0.012032549634131365 -0.011280252349347831 0.045437855957432112 0.015262901215261755 -0.033446765874327156 0.0064274284335429097 -0.020845172118914915 0.0012861310586595879 1.2098114380991239e-05 -0.034224198199614315 0.016125967182307924 0.035474687134885934 0.015345665280236988 -0.058229698150153275
leaf_weight=6.6551371281966594 7.465196229517459 2.9335658522322756 9.5585341267287749 19.249007236212492 19.035313498228788 7.418332600966095 27.103916323743761 697.22908323584124 7.8265044186264268 39.816456922329962 17.445075642317533 39.367649929597974 22.402368512004614 5.4274151548743248
leaf_count=41 28 15 15 60 74 35 265 3027 29 380 66 84 67 25
internal_value=0.000552998 0.00163769 -0.00547916 0.00619579 -0.00895599 -0.0169757 -2.37288e-05 0.000457997 0.0239085 -0.0278398 0.00431699 0.0295937 0.0243453 -0.0417568
internal_weight=928.934 787.353 141.58 70.2452 38.2843 71.335 732.694 724.333 54.6594 47.2348 24.1002 47.1942 31.9609 8.36098
internal_count=4211 3473 738 216 134 522 3332 3292 141 415 107 113 82 40
is_linear=0
shrinkage=0.03


Tree=143
num_leaves=13
num_cat=0
split_feature=29 23 1 9 28 28 25 28 15 21 24 21
split_gain=6.80284 10.8201 11.5229 8.67598 16.7654 11.6514 22.2673 16.4909 10.1006 7.69039 5.8005 0.0866584
threshold=0.096938677093608802 1.503078339390967 0.063996533469822633 14.708179193646879 0.0016734165777591533 -0.0017883153197450392 0.00060394083698791785 -0.0022248216183756147 -0.0049996943571368095 489175.50000000006 0.51703533949400193 1127125.5000000002
decision_type=2 2 2 2 2 2 2 2 2 2 2 2
left_child=3 9 -3 5 8 7 -7 -1 -5 -2 -11 -6
right_child=1 2 -4 4 11 6 -8 -9 -10 10 -12 -13
leaf_value=-0.0052730244261221066 -0.045064987948668318 -0.04828672690938042 0.019018935472547179 -0.0078809738205834444 -0.037381593369231254 -0.0019561335132617097 -0.037209684362541635 0.012006056797270983 0.023452423262389992 -0.0034218414373299449 0.028366817428210019 -0.045308610343792528
leaf_weight=81.31771391723305 1.5899265855550755 4.9342792704701406 4.2707023620605469 12.010921057313679 2.9680747082456937 599.63509585801512 16.570765965618193 127.89026289246976 40.416221391409636 6.3507345020771018 27.695419654250145 2.1332485191524029
leaf_count=473 8 24 8 47 26 2927 110 405 115 15 41 12
internal_value=0.000536673 0.0119358 -0.0170599 -4.22419e-05 0.0112222 -0.000827333 -0.00290416 0.0052898 0.016274 0.0194255 0.0224372 -0.0406965
internal_weight=927.783 44.8411 9.20498 882.942 57.5285 825.414 616.206 209.208 52.4271 35.6361 34.0462 5.10132
internal_count=4211 96 32 4115 200 3915 3037 878 162 64 56 38
is_linear=0
shrinkage=0.03


Tree=144
num_leaves=12
num_cat=0
split_feature=0 15 0 15 20 20 29 11 26 14 13
split_gain=6.80509 13.9111 11.8141 11.4687 13.4468 10.9066 15.9834 8.85913 8.97518 3.72425 0.537316
threshold=-0.0055722317257900786 0.0082568357449894995 -0.0038763704109930548 0.0041270802721424674 -0.04425116010698129 -0.0065399951087993504 0.058479962665846673 0.057844428286959022 0.00029103162108341129 0.85940761018341527 0.038573735230262259
decision_type=2 2 2 2 2 2 2 2 2 2 2
left_child=1 3 5 4 -1 10 -7 8 -4 -9 -2
right_child=2 -3 7 -5 -6 6 -8 9 -10 -11 -12
leaf_value=0.037259005279594921 -0.040322528092005004 -0.042188538167364148 0.0025674494196902815 0.046393748154429537 -0.013436434212649638 -0.039844749149503075 0.026829251625088878 0.025511756784971352 -0.003754092942546416 0.0042636188655261614 -0.056493789488586105
leaf_weight=7.9182392731308964 7.8791428934782761 3.5609490554779759 500.54679329413921 10.170866599306462 11.618377182632686 5.8326547676697356 7.2683819979429245 17.506441235542301 339.05228308821097 12.890606187283991 2.416299045085907
leaf_count=17 72 26 2142 20 81 49 12 28 1725 28 11
internal_value=0.000521028 0.0138434 2.49243e-05 0.0205598 0.00711055 -0.0210121 -0.00285439 0.000590664 1.46436e-05 0.016501 -0.0441179
internal_weight=926.661 33.2684 893.393 29.7075 19.5366 23.3965 13.101 869.996 839.599 30.397 10.2954
internal_count=4211 144 4067 118 98 144 61 3923 3867 56 83
is_linear=0
shrinkage=0.03


Tree=145
num_leaves=9
num_cat=0
split_feature=5 29 23 27 29 0 17 28
split_gain=6.77533 8.09067 18.7002 17.0919 9.0504 9.87281 9.39835 0.0665753
threshold=0.030043283900149768 0.05048000497443051 0.69170557334701899 -0.034395363067272922 0.050999606639091984 -0.0058826784104790046 -0.0020444709646705765 -0.0018430061892891986
decision_type=2 2 2 2 2 2 2 2
left_child=1 2 7 -4 6 -6 -3 -1
right_child=-2 4 3 -5 5 -7 -8 -9
leaf_value=-0.038319769360634519 0.028586172808383187 -0.01190744981799392 -0.042309689198469447 -0.00065027798400856072 0.02407641764745095 0.0010890494034063282 0.040143997870824691 -0.033765088142833417
leaf_weight=3.7543715890496996 7.6691606845706692 4.3787195831537238 9.1253416147083026 308.95437956787646 17.34434662759304 551.28268509358168 10.877441950142382 12.520314847119151
leaf_count=32 16 23 56 2274 37 1544 25 204
internal_value=0.000505567 0.000271036 -0.00345027 -0.00184544 0.002402 0.00179021 0.0252045 -0.0348158
internal_weight=925.907 918.238 334.354 318.08 583.883 568.627 15.2562 16.2747
internal_count=4211 4195 2566 2330 1629 1581 48 236
is_linear=0
shrinkage=0.03


Tree=146
num_leaves=13
num_cat=0
split_feature=3 0 21 27 0 12 20 27 4 12 7 10
split_gain=6.55817 17.2001 13.0408 7.52116 16.8433 15.4978 15.3873 23.7288 16.689 6.52335 5.98388 7.40832
threshold=0.0022173058013745793 0.0054194680328440359 175221.50000000003 -0.034395363067272922 -0.0014482924528704734 -0.061695758643784168 -0.034444332968886972 -0.012773466492754567 47.500000000000007 -0.025715619969728262 340440071.96900004 0.0074470293548406568
decision_type=2 2 2 2 2 2 2 2 2 2 2 2
left_child=1 10 -3 4 -2 -6 8 -8 -5 -4 11 -1
right_child=3 2 9 6 5 -7 7 -9 -10 -11 -12 -13
leaf_value=-0.04049614233617016 0.018230421589036528 0.044543355820049001 0.02913660395505686 -0.027759699887770037 0.010091831345250171 -0.039808063731694474 -0.020291398611768364 0.0010954142398125761 0.011178351587696518 -0.041014306459216866 0.010089050071877853 -0.0072867076210474243
leaf_weight=16.733987677842386 11.629807028919457 7.2960184421390277 1.805612727999687 10.47386799007654 7.9667316004633895 18.868493387475613 50.632075580768287 599.73048525024205 182.90084697678685 3.5163878705352545 4.1961765736341468 9.4651173232123238
leaf_count=149 27 27 4 52 21 95 257 2949 531 28 12 59
internal_value=0.000490387 -0.0109482 0.0184955 0.0010481 -0.0119252 -0.024994 0.00163953 -0.000569594 0.00906933 -0.017214 -0.0231712 -0.0284984
internal_weight=925.216 43.0133 12.618 882.202 38.465 26.8352 843.737 650.363 193.375 5.322 30.3953 26.1991
internal_count=4211 279 59 3932 143 116 3789 3206 583 32 220 208
is_linear=0
shrinkage=0.03


Tree=147
num_leaves=9
num_cat=0
split_feature=25 25 15 28 28 28 0 13
split_gain=6.81916 16.2199 10.8746 9.35534 21.4796 20.2729 6.56693 3.7634
threshold=-0.0011302574365555185 -0.000505418529753091 0.011386315025349633 -0.0018264108480510871 -0.0022248216183756147 1.0000000180025095e-35 0.00046457402625657177 0.062866371628261017
decision_type=2 2 2 2 2 2 2 2
left_child=6 2 7 4 -3 -5 -1 -2
right_child=1 3 -4 5 -6 -7 -8 -9
leaf_value=-0.0057924858024016278 -0.037692696392040308 -0.0045344869840253923 0.019516953519678901 -0.0084018923768038479 0.015941094784419574 0.0026342686792487145 0.036099346722977849 0.013335601737413128
leaf_weight=5.2949511539190999 17.87145129498095 83.502756094560027 4.1576590985059729 217.18647710606456 102.96955175418407 482.84538932703435 9.2532089669257385 1.4028770327568043
leaf_count=22 217 434 13 1085 274 2147 16 3
internal_value=0.000475472 0.000149683 -0.0244866 0.000800867 0.00677208 -0.000789725 0.0208524 -0.0339786
internal_weight=924.484 909.936 23.432 886.504 186.472 700.032 14.5482 19.2743
internal_count=4211 4173 233 3940 708 3232 38 220
is_linear=0
shrinkage=0.03


Tree=148
num_leaves=14
num_cat=0
split_feature=29 29 18 26 1 25 12 14 21 0 25 12 13
split_gain=6.58218 16.5562 14.8665 12.3408 10.1462 12.1341 9.17062 11.7425 8.97785 6.12215 4.79042 4.60685 0.290909
threshold=0.020007434860058581 0.028047799383313053 0.01276936952385308 -0.0062541819824769229 0.014665934904381331 -0.00058869237925120469 -0.016120559164678524 0.33604237957357164 49752.500000000007 0.00050615686528219508 -7.7968472038088423e-05 -0.010498325807309633 0.024526880889696321
decision_type=2 2 2 2 2 2 2 2 2 2 2 2 2
left_child=2 6 3 -1 5 -3 7 -2 -6 -5 -4 -12 -8
right_child=1 4 10 9 8 -7 12 -9 -10 -11 11 -13 -14
leaf_value=0.074803981280932075 -0.038345046345183792 0.062422937160612431 0.048789033870894928 -0.038642501178904762 -0.024281397886284733 -0.036239801368769281 -0.031747967917067445 0.021564740356996299 0.0015163560788088515 0.0070854253174160685 0.0013705369053356976 0.035730653255576103 -0.039401191301676804
leaf_weight=1.3166750874370325 4.7904759394004959 1.2481167316436756 7.1593594700098064 7.3207670468837005 12.320330520160494 11.091465786099432 11.409240144770594 7.6410853341221809 833.69068026635796 4.1168134016916156 6.9883264042437085 7.059464938938615 7.3494873940944663
leaf_count=9 47 1 9 123 122 112 344 27 3276 50 21 12 58
internal_value=0.000461448 -3.34286e-05 0.0134236 -0.0121709 0.000746753 -0.0262603 -0.0215039 -0.00152137 0.00114067 -0.0221833 0.0288165 0.0186376 -0.0347464
internal_weight=923.502 889.541 33.9614 12.7543 858.351 12.3396 31.1903 12.4316 846.011 11.4376 21.2072 14.0478 18.7587
internal_count=4211 3987 224 182 3511 113 476 74 3398 173 42 33 402
is_linear=0
shrinkage=0.03


Tree=149
num_leaves=13
num_cat=0
split_feature=29 23 1 9 21 1 5 15 14 14 18 18
split_gain=6.40405 10.2936 10.7799 8.19935 11.4365 11.0414 10.2919 9.45549 14.2764 13.486 7.43933 11.8202
threshold=0.096938677093608802 1.503078339390967 0.063996533469822633 14.708179193646879 15844496.000000002 0.020915450136694533 0.030043283900149768 -0.0049996943571368095 0.048178788239495195 0.64293699186992004 0.022120447245916636 0.014746126229098922
decision_type=2 2 2 2 2 2 2 2 2 2 2 2
left_child=3 10 -3 4 6 -6 -1 8 -5 -9 11 -2
right_child=1 2 -4 7 5 -7 -8 9 -10 -11 -12 -13
leaf_value=-0.00079053858809974352 0.02438856144846541 -0.047468674245985588 0.018222484111120776 0.03307467782312238 0.033734353959768967 -0.046928650602982507 0.036265421217690809 0.033297715550622428 -0.033183633405088127 -7.0904652071198223e-05 0.040437556336128722 -0.019500894246110761
leaf_weight=804.01271012425423 16.951138600707058 4.8482145369052869 4.1923280656337738 4.3674904964864245 1.8654409870505322 8.42501277849078 6.8026892775669685 23.185096542350948 8.8719129152595979 20.573128927499056 10.226522073149679 8.191383481025694
leaf_count=3849 28 24 8 11 6 48 12 61 44 84 11 25
internal_value=0.000447391 0.0115621 -0.017006 -0.000114728 -0.000878505 -0.0323062 -0.000479641 0.0108882 -0.011326 0.0176093 0.0188642 0.0100895
internal_weight=922.513 44.4096 9.04054 878.103 821.106 10.2905 810.815 56.9976 13.2394 43.7582 35.369 25.1425
internal_count=4211 96 32 4115 3915 54 3861 200 55 145 64 53
is_linear=0
shrinkage=0.03


Tree=150
num_leaves=13
num_cat=0
split_feature=28 28 28 26 28 13 4 14 24 3 18 13
split_gain=6.52073 7.74886 35.6966 35.7547 17.5423 18.3804 13.6519 13.5394 6.18931 9.28959 2.38584 0.114158
threshold=0.0037748781952354378 0.00035645574497404013 0.00071623312543846629 0.00019846363579740045 -0.00047294535907999431 0.038945555193231986 297.50000000000006 0.56663143058492149 0.43673389473516727 0.66782318478678471 0.020138113947917088 0.029900414479522935
decision_type=2 2 2 2 2 2 2 2 2 2 2 2
left_child=1 4 7 -4 6 -6 -1 -3 -2 11 -11 -10
right_child=8 2 3 -5 5 -7 -8 -9 9 10 -12 -13
leaf_value=-0.0030850012200827935 0.02092284715932767 0.031037798479491858 -0.028828137455583384 0.0029694123537427819 -0.017397921357353505 0.0036441739642674841 0.0088488605127011819 0.006968476252473212 -0.03299231274904859 -0.0090603095030380443 0.02801912483799146 -0.03922972283382048
leaf_weight=195.40905359806493 3.5271527082659331 50.496853854507208 36.167555656284094 265.15770709561184 103.01174424961209 58.623058721423149 154.47083418536931 36.049472134560347 3.7829882153309908 3.5584591366350642 2.7833524569869041 8.7468500435352308
leaf_count=908 21 154 207 1183 720 150 574 136 68 26 6 58
internal_value=0.000434304 0.000832497 0.0040303 -0.000847193 -0.00159234 -0.0097662 0.00218376 0.0210121 -0.0155545 -0.0223722 0.00721345 -0.0373465
internal_weight=921.785 899.386 387.872 301.325 511.515 161.635 349.88 86.5463 22.3988 18.8716 6.34181 12.5298
internal_count=4211 4032 1680 1390 2352 870 1482 290 179 158 32 126
is_linear=0
shrinkage=0.03


Tree=151
num_leaves=9
num_cat=0
split_feature=25 25 15 18 15 18 0 17
split_gain=6.36093 15.5686 10.4738 10.13 14.3443 11.8398 6.11264 3.64285
threshold=-0.0011302574365555185 -0.000505418529753091 0.011386315025349633 0.0059677992547255256 -0.0076936824602884648 0.0068133527462578922 0.00046457402625657177 -0.021417771307078507
decision_type=2 2 2 2 2 2 2 2
left_child=6 2 7 4 -3 -5 -1 -2
right_child=1 3 -4 5 -6 -7 -8 -9
leaf_value=-0.0055721332249689445 0.017055306050215244 0.028025302994012371 0.018756619372699439 0.01764466502637509 -0.026935127163079803 0.00056368312392255835 0.034930394924718333 -0.037195055299709408
leaf_weight=5.2798522487282744 1.18899497389794 5.2346805827692178 4.1725953146815291 38.23273504525423 23.285225026775151 816.47791912313551 9.1919606961309892 17.657226646784693
leaf_count=22 2 25 13 249 608 3058 16 218
internal_value=0.000421182 0.000106077 -0.0242506 0.000740862 -0.0168474 0.00132775 0.0201536 -0.0337724
internal_weight=920.721 906.249 23.0188 883.231 28.5199 854.711 14.4718 18.8462
internal_count=4211 4173 233 3940 633 3307 38 220
is_linear=0
shrinkage=0.03


Tree=152
num_leaves=13
num_cat=0
split_feature=13 29 29 1 13 25 24 13 29 29 3 22
split_gain=6.2475 6.90703 14.5923 10.2388 9.85874 9.46763 7.78078 7.25722 0.00780835 0.000828987 0.000558643 0.000186851
threshold=0.011129598652702183 0.020007434860058581 0.028047799383313053 0.035306292225770523 0.011956746797369846 -6.0534707342586007e-05 0.50457943327842414 0.041116121461960538 0.045507772239297049 0.028472999980978037 0.45288568257491563 278478656.48000008
decision_type=2 2 2 2 2 2 2 2 2 2 2 2
left_child=8 3 6 7 -4 -5 -3 -2 9 11 -11 -1
right_child=1 2 4 5 -6 -7 -8 -9 -10 10 -12 -13
leaf_value=-0.030527009569047144 0.00766229290510222 -0.0047584588739924853 0.038495912566808517 0.019409192236245956 0.00053468975023474063 -0.0455982879374464 -0.035869271479281227 0.040342122258071773 -0.035738600737061615 -0.031889178696145659 -0.031009048138996416 -0.031062026487712106
leaf_weight=1.6673042136244469 12.349321792833509 13.998215533327313 6.2022983441129318 3.8009168356657028 846.83169663976878 4.2944006128236634 14.974999435245989 12.116089172661303 0.34815962985157956 1.3779729716479781 1.2270026570186017 0.90712884021922935
leaf_count=118 100 167 37 9 3384 29 228 18 3 31 51 36
internal_value=0.000408287 0.000600471 9.95492e-05 0.0141695 0.000810701 -0.0150759 -0.0208383 0.0238464 -0.0313896 -0.0310973 -0.0314746 -0.0307155
internal_weight=920.096 914.568 882.007 32.5607 853.034 8.09532 28.9732 24.4654 5.52757 5.17941 2.60498 2.57443
internal_count=4211 3972 3816 156 3421 38 395 118 239 236 82 154
is_linear=0
shrinkage=0.03


Tree=153
num_leaves=15
num_cat=0
split_feature=29 23 3 10 5 15 12 5 15 11 11 25 25 21
split_gain=6.22617 17.0692 15.2406 15.5337 15.1831 13.8648 10.7452 9.1615 12.7039 16.917 13.2596 10.3181 19.0351 12.7965
threshold=0.055796232233848483 0.81860038399207613 0.73146524289931814 0.0011674188125420186 0.030043283900149768 0.0079178004422064008 -0.011867559854929979 -0.0045436421104723731 0.00036920617719683312 0.010762941234089269 0.0177271567403047 -3.0305715736434386e-05 -8.2480241557484176e-05 975986.00000000012
decision_type=2 2 2 2 2 2 2 2 2 2 2 2 2 2
left_child=1 4 5 -4 6 -3 -1 8 10 -10 -2 12 -9 -13
right_child=7 2 3 -5 -6 -7 -8 11 9 -11 -12 13 -14 -15
leaf_value=-0.038747802209299687 -0.0051575936524985494 0.0074224957609941569 -0.025116158545950982 -0.0011029465835618087 0.065896456686708085 -0.0097514320543020012 -0.010765709561965387 0.0026204476130704162 -0.048867514017354452 -0.0068017340561928961 0.020782013974681789 0.017233835353980209 -0.034308749106424154 0.0026869084336142166
leaf_weight=19.047453619539738 45.447768766433001 209.79472964769229 37.245446273125708 69.457395003177226 1.8900118935853232 52.994248254224658 35.129973673727363 115.54567095637321 10.040717016905544 60.137852989137173 29.086253225803375 99.519659206271172 14.094253502786158 120.1055324152112
leaf_count=174 148 1281 381 413 3 292 387 302 51 171 53 211 56 288
internal_value=0.000395923 -0.00226371 7.6755e-05 -0.00948494 -0.0176876 0.00395919 -0.0206035 0.00268718 -0.00365992 -0.0128202 0.00496511 0.005317 -0.00139444 0.00927862
internal_weight=919.537 425.559 369.492 106.703 56.0674 262.789 54.1774 493.978 144.713 70.1786 74.534 349.265 129.64 219.625
internal_count=4211 2931 2367 794 564 1573 561 1280 423 222 201 857 358 499
is_linear=0
shrinkage=0.03


Tree=154
num_leaves=14
num_cat=0
split_feature=27 20 23 3 12 25 11 25 15 12 3 26 6
split_gain=6.16563 18.7823 12.0394 11.4471 10.6509 21.0641 11.2279 14.7492 12.6291 8.855 7.24266 3.47036 0.300354
threshold=-0.034395363067272922 -0.073105184238973858 1.6609321450808017 0.87171327876307358 -0.036263271964739274 0.00030295460938608334 0.0083115335605094855 4.3792572003873029e-05 0.0079178004422064008 -0.044087773935822805 0.80148369585151913 0.00037043413897530506 213383.50000000003
decision_type=2 2 2 2 2 2 2 2 2 2 2 2 2
left_child=1 2 -1 12 5 10 7 -6 -8 -7 -2 -4 -3
right_child=4 3 11 -5 6 9 8 -9 -10 -11 -12 -13 -14
leaf_value=0.025241619789793394 0.027205858901110134 -0.039558736694812559 -0.044473852898330155 0.0020517643555295374 -0.017350708572464572 0.0023431338723937322 0.0047976766721886232 0.00017773249206696036 -0.0042907238875136049 -0.050682439055448801 -0.0030842711080787798 -0.00061588909065849254 -0.04913395133913688
leaf_weight=13.850040078163149 39.684419129043818 4.1883574407547739 3.5073645599186412 6.4006965160369864 69.965050271712244 5.7834150344133377 432.96781864296645 112.95404006447643 201.71619868651032 5.5586196631193143 8.6538504213094694 3.0234991610050201 9.9586060829460603
leaf_count=26 75 30 19 19 610 15 1787 753 767 26 25 12 47
internal_value=0.00038394 -0.0109974 0.00940828 -0.0312376 0.000914925 0.0131498 2.18486e-05 -0.00652675 0.00190919 -0.0236442 0.0217831 -0.0241696 -0.0462991
internal_weight=918.212 40.9286 20.3809 20.5477 877.283 59.6803 817.603 182.919 634.684 11.342 48.3383 6.53086 14.147
internal_count=4211 153 57 96 4058 141 3917 1363 2554 41 100 31 77
is_linear=0
shrinkage=0.03


Tree=155
num_leaves=14
num_cat=0
split_feature=3 0 21 25 25 25 25 3 3 12 6 17 12
split_gain=6.15973 16.3561 12.1821 9.69715 13.8897 6.81146 15.5607 9.97592 8.79748 6.11692 4.24667 3.75412 2.26129
threshold=0.0022173058013745793 0.0054194680328440359 175221.50000000003 0.00034777579305308954 0.00051039110794297911 0.00091992996561157724 0.00073185741853035505 0.27307147578132557 0.22222222222222371 -0.025715619969728262 1215218.5000000002 -0.011284093444056379 -0.013736568924494498
decision_type=2 2 2 2 2 2 2 2 2 2 2 2 2
left_child=1 3 -3 10 -5 6 7 -2 -7 -4 -1 -8 -10
right_child=5 2 9 4 -6 8 11 -9 12 -11 -12 -13 -14
leaf_value=-0.041134120612668322 0.0061241290932569671 0.042923114647119884 0.027562641594851583 0.026284730231227956 -0.044963895764259222 -0.014082644640821046 0.00037202118447513585 -0.0011312176666129126 0.036919756087273901 -0.040615675948351478 0.0011010200891269598 -0.044320946137896063 0.015546509408036046
leaf_weight=16.658178645186133 237.94516149675474 7.3106646090745908 1.810797646641731 6.6962463166564685 3.8948641661554575 6.2437155470252064 2.1069462671875945 602.2784368135035 9.8473007194697892 3.4235211722552776 2.4588741064071646 8.5785670513287169 8.135974727571007
leaf_count=159 1022 27 4 21 32 20 7 2781 15 28 8 65 22
internal_value=0.00037238 -0.0108151 0.0179082 -0.0229442 8.31605e-05 0.000912533 0.00046594 0.000923443 0.0165979 -0.0170296 -0.0357018 -0.0355085 0.0272501
internal_weight=917.389 42.2531 12.545 29.7082 10.5911 875.136 850.909 840.224 24.227 5.23432 19.1171 10.6855 17.9833
internal_count=4211 279 59 220 53 3932 3875 3803 57 32 167 72 37
is_linear=0
shrinkage=0.03


Tree=156
num_leaves=9
num_cat=0
split_feature=25 25 14 18 18 20 0 20
split_gain=6.1358 14.7769 10.2 9.47401 14.581 12.5595 5.84557 3.35929
threshold=-0.0011302574365555185 -0.000505418529753091 0.9449653265038821 0.0060828819237358804 0.0068133527462578922 -0.026845689323135292 0.00046457402625657177 0.015442836144946213
decision_type=2 2 2 2 2 2 2 2
left_child=6 2 7 5 -5 -3 -1 -2
right_child=1 3 -4 4 -6 -7 -8 -9
leaf_value=-0.0053685125366564135 -0.037784726552853934 0.014282376002580293 0.017600091664341101 0.020701038501876073 0.00047824192567478207 -0.026981119006343611 0.034357068394098376 0.0076376860721059144
leaf_weight=5.2590867020189753 16.593158308416612 9.2872365582734329 4.3000802826136342 33.405356001108885 813.91667585261166 23.278775628190488 9.1059637311846 1.6073215939104546
leaf_count=22 207 78 18 202 3058 602 16 8
internal_value=0.000360993 5.13317e-05 -0.0239554 0.000665234 0.00127552 -0.0152135 0.0198134 -0.0337734
internal_weight=916.754 902.389 22.5006 879.888 847.322 32.566 14.3651 18.2005
internal_count=4211 4173 233 3940 3260 680 38 215
is_linear=0
shrinkage=0.03


Tree=157
num_leaves=14
num_cat=0
split_feature=28 26 28 28 29 0 12 8 12 18 29 29 8
split_gain=6.10098 7.46456 19.0757 28.178 18.7096 15.1656 7.13088 7.53389 14.2778 7.00443 0.894572 0.0594578 0.016022
threshold=0.0037748781952354378 0.0036287131553723573 0.0024512705616603968 0.0022459830045158708 0.042232337336085557 0.0032677535252121463 -0.012362866643690814 0.0074929043769987099 -0.012689164246820752 0.016063965404103545 0.053282096047153039 0.06816460167034287 0.0092209668706029497
decision_type=2 2 2 2 2 2 2 2 2 2 2 2 2
left_child=1 2 3 -1 9 -6 7 8 -2 -3 -4 12 -8
right_child=6 4 10 -5 5 -7 11 -9 -10 -11 -12 -13 -14
leaf_value=-0.00054712552175532111 -0.038558210819618549 -0.035313757819888748 -0.037252360365196829 0.040785734194801804 0.01651628242076587 -0.034659731825195911 -0.032724977416319134 0.033738213299717615 0.046976518116237549 0.02358725577608807 -0.057606573075344385 -0.038422000814642067 -0.037233008868929017
leaf_weight=768.50773331895471 6.6783377043902865 10.730233178939669 6.1639333833008987 15.136773800477384 83.08472366631031 5.5603483989834777 3.9710547020658833 3.9151222333312026 2.38313149660826 2.187493421137332 2.8381415158510208 4.1613541543483734 0.86391974985599507
leaf_count=3529 57 141 69 33 215 26 80 7 3 7 12 26 6
internal_value=0.000349831 0.000733587 -0.000247554 0.000251255 0.00839089 0.0133062 -0.0152675 -0.00103758 -0.0160629 -0.0253394 -0.0436696 -0.0357931 -0.0335305
internal_weight=916.182 894.209 792.647 783.645 101.563 88.6451 21.9729 12.9766 9.06147 12.9177 9.00207 8.99633 4.83497
internal_count=4211 4032 3643 3562 389 241 179 67 60 148 81 112 86
is_linear=0
shrinkage=0.03


Tree=158
num_leaves=13
num_cat=0
split_feature=26 12 28 28 26 28 13 3 15 22 29 13
split_gain=5.9454 6.97974 6.74178 33.9819 33.1302 16.074 16.725 12.5942 11.6509 6.2436 6.66465 0.363688
threshold=0.0073313460244207812 -0.021043816256819944 0.00035645574497404013 0.00071623312543846629 0.00019846363579740045 -0.00047294535907999431 0.038945555193231986 0.058276255707762889 0.00065730072707231412 80641922.401500002 0.067511903309854585 0.050962414108494933
decision_type=2 2 2 2 2 2 2 2 2 2 2 2
left_child=2 -2 5 8 -5 7 -7 -1 -4 10 -3 -11
right_child=1 9 3 4 -6 6 -8 -9 -10 11 -12 -13
leaf_value=-0.014432177327262818 0.0255874586987964 -0.033992636798831015 0.030245707327431717 -0.028226100232577007 0.0025217190064296827 -0.01683573195431665 0.0033179668228869911 0.0039881741864662215 0.0080858882216430158 -0.037505872505445091 0.03963923309723124 -0.051601139300057448
leaf_weight=37.437598048243672 2.7846939899027374 2.2258369475603095 47.342994171194732 35.716792466118932 269.58264081645757 101.63874020706862 58.326464362442493 310.15757506992668 38.898271738551557 6.8700593374669534 2.1996712014079094 2.1672144159674644
leaf_count=207 9 45 150 207 1233 720 150 1275 140 62 3 10
internal_value=0.000339128 -0.0176467 0.000664146 0.00362188 -0.00107545 -0.0016175 -0.0094873 0.00200422 0.0202507 -0.0265894 0.00260562 -0.040886
internal_weight=915.349 16.2475 899.101 391.541 305.299 507.56 159.965 347.595 86.2413 13.4628 4.42551 9.03727
internal_count=4211 129 4082 1730 1440 2352 870 1482 290 120 48 72
is_linear=0
shrinkage=0.03


Tree=159
num_leaves=12
num_cat=0
split_feature=26 26 25 28 7 26 9 28 29 1 29
split_gain=6.00205 28.0312 17.7179 15.6701 14.2366 14.801 11.7059 11.5687 5.26367 4.35083 0.344297
threshold=-0.0025518637372914793 -0.002030437320367558 0.00091992996561157724 -0.0020087363686183695 557233593.10700011 -0.0028628894685724438 0.82365129773834111 -0.0018933259784514149 0.039521672245995926 0.025084182816628973 0.053282096047153039
decision_type=2 2 2 2 2 2 2 2 2 2 2
left_child=2 6 4 9 5 -1 -2 -5 -8 -3 -6
right_child=1 3 -4 7 10 -7 8 -9 -10 -11 -12
leaf_value=-0.0030089380585363282 -0.020699403683895608 -0.011515898550761249 0.025244345469266134 0.016993005276596314 -0.036719252920523394 -0.042764695733773554 0.0013497248459191228 -0.00059142893613605015 0.030754347804645945 -0.057180267305835725 -0.048487747872218635
leaf_weight=104.73342738673091 5.1421730108559123 2.8832479752600175 15.110099013894795 35.430419152602553 3.5301511473953706 9.1657344792038185 6.3018781822174779 678.50140514783561 41.95891135931015 5.3851871713995934 6.1093676760792732
leaf_count=583 22 15 29 95 30 66 53 3197 66 25 30
internal_value=0.000328819 0.00135654 -0.00542028 -0.000194331 -0.00917089 -0.00620818 0.0223299 0.000281237 0.0269147 -0.0412569 -0.0441779
internal_weight=914.252 775.603 138.649 722.2 123.539 113.899 53.403 713.932 48.2608 8.26844 9.63952
internal_count=4211 3473 738 3332 709 649 141 3292 119 40 60
is_linear=0
shrinkage=0.03


Tree=160
num_leaves=12
num_cat=0
split_feature=0 15 23 0 20 29 21 7 26 15 18
split_gain=5.94953 12.8284 14.0802 11.1244 10.1971 14.7652 8.0575 16.2142 7.67312 7.14032 0.649348
threshold=-0.0055722317257900786 0.0082568357449894995 0.81860038399207613 -0.0038763704109930548 -0.0065399951087993504 0.058479962665846673 15844496.000000002 2684301860.1690006 0.0073313460244207812 0.0027118827363440271 0.015310224769452178
decision_type=2 2 2 2 2 2 2 2 2 2 2
left_child=1 2 -1 4 10 -6 8 -8 -5 -4 -2
right_child=3 -3 9 6 5 -7 7 -9 -10 -11 -12
leaf_value=-0.042354329492234603 -0.038506754258728612 -0.04189382332160646 0.012933883670467269 0.0011209220701607521 -0.039475020683265798 0.025498701525320602 -0.044662818410905705 0.033043722737506553 -0.021347585170219403 0.044524470670740952 -0.055116269603729444
leaf_weight=2.9959435462951687 6.9163079517893511 3.4472133293747893 15.248898492194714 831.41655972367153 5.6241301791742426 7.1490991562604904 8.9701526015996915 3.3079048544168463 13.908205321058629 11.146334473043678 3.0537084341049194
leaf_count=26 69 26 71 3744 49 12 55 5 119 21 14
internal_value=0.00031929 0.012857 0.0192786 -0.000148389 -0.0208569 -0.00310962 0.000400791 -0.0237274 0.000751246 0.0262741 -0.0435941
internal_weight=913.184 32.8384 29.3912 880.346 22.7432 12.7732 857.603 12.2781 845.325 26.3952 9.97002
internal_count=4211 144 118 4067 144 61 3923 60 3863 92 83
is_linear=0
shrinkage=0.03


Tree=161
num_leaves=13
num_cat=0
split_feature=13 29 29 18 22 1 24 13 29 18 26 29
split_gain=5.81239 6.58224 13.4303 11.2897 12.2747 9.61715 7.64934 4.16259 0.0074737 0.00113243 0.000432012 0.000172024
threshold=0.011129598652702183 0.020007434860058581 0.028047799383313053 0.01276936952385308 18020163.031000003 0.014665934904381331 0.50457943327842414 0.039526151269185454 0.045507772239297049 0.0054552021285926983 -0.0011952163866504517 0.034660979825836297
decision_type=2 2 2 2 2 2 2 2 2 2 2 2
left_child=8 3 6 4 -2 -4 -3 -5 9 11 -11 -1
right_child=1 2 5 7 -6 -7 -8 -9 -10 10 -12 -13
leaf_value=-0.030539446879788022 0.054689735256754586 -0.0044338142025073567 -0.026069428009623807 0.0058372513767494388 -0.025218616439472704 0.001060621313685802 -0.035689072233024005 0.035450661867064984 -0.035618026887046232 -0.032168737346127158 -0.031258635589515464 -0.031312849655119657
leaf_weight=2.3830527160316701 2.1290117111057034 13.82452998775989 11.927427082322536 5.9985937997698811 9.2332711028866452 835.0652792006731 14.375282641500233 14.841711968183516 0.34320911392569531 0.68513276893645558 1.4909038636833427 0.29037082009017456
leaf_count=167 11 167 113 19 103 3308 228 23 3 13 46 10
internal_value=0.000309474 0.000490591 4.69535e-07 0.013811 -0.0102458 0.000678574 -0.0203667 0.0269269 -0.0313398 -0.031037 -0.0315452 -0.0306234
internal_weight=912.588 907.395 875.193 32.2026 11.3623 846.993 28.1998 20.8403 5.19267 4.84946 2.17604 2.67342
internal_count=4211 3972 3816 156 114 3421 395 42 239 236 59 177
is_linear=0
shrinkage=0.03


Tree=162
num_leaves=9
num_cat=0
split_feature=25 25 17 18 15 21 0 13
split_gain=5.83921 14.1208 10.0351 8.87925 13.2399 10.8544 5.55686 3.51076
threshold=-0.0011302574365555185 -0.000505418529753091 0.010622346141415344 0.0059677992547255256 -0.0038197609395958609 85629.500000000015 0.00046457402625657177 0.062866371628261017
decision_type=2 2 2 2 2 2 2 2
left_child=6 2 7 4 -3 -5 -1 -2
right_child=1 3 -4 5 -6 -7 -8 -9
leaf_value=-0.0052324981251684827 -0.037182627531444593 0.01089759343455959 0.018442851334433463 -0.018498074833682557 -0.032691224473015153 0.0017186299825535964 0.033587787900163008 0.012792783609523604
leaf_weight=5.2445052918046704 16.605775329284377 10.012054327875378 4.1378894522786132 24.615721934475005 16.787096634507179 823.98912649601698 9.0369613692164403 1.3694516420364369
leaf_count=22 218 111 12 212 522 3095 16 3
internal_value=0.000300047 -2.79357e-06 -0.0236788 0.000595274 -0.0164066 0.0011322 0.019332 -0.0333752
internal_weight=911.799 897.517 22.1131 875.404 26.7992 848.605 14.2815 17.9752
internal_count=4211 4173 233 3940 633 3307 38 221
is_linear=0
shrinkage=0.03


Tree=163
num_leaves=13
num_cat=0
split_feature=27 0 12 22 12 25 24 21 21 12 11 11
split_gain=5.89508 14.2891 12.9665 10.0989 9.65671 19.9022 10.4388 16.7596 9.45724 8.25706 7.17964 5.16984
threshold=-0.034395363067272922 -0.0014482924528704734 -0.058454592248887056 753758921.99950016 -0.036263271964739274 0.00030295460938608334 0.92544588152834339 13411388.000000002 10682938.500000002 -0.044087773935822805 0.00033207162347151034 1.0000000180025095e-35
decision_type=2 2 2 2 2 2 2 2 2 2 2 2
left_child=1 -1 3 -3 5 10 8 -8 -6 -7 -2 -4
right_child=4 2 11 -5 6 9 7 -9 -10 -11 -12 -13
leaf_value=0.017415926658421909 0.040696709930422112 -0.020608352113813122 -0.0037944266563847071 0.03661903901127634 0.0017249468948440244 0.0016964677209495081 -0.013170844347403458 0.056191650247584976 -0.017052704232582851 -0.049783693102291901 0.014108638092284988 -0.045995999278923068
leaf_weight=11.499400861561297 12.278105802834032 6.8244563117623311 3.1936347708106103 4.6775101572275162 706.09213974932209 5.7359365671873093 76.67740775924176 3.268788516521453 24.993752340786159 5.4858914688229543 35.769107010215521 14.358082611113785
leaf_count=27 18 26 14 8 3400 15 405 3 109 26 82 78
internal_value=0.000290796 -0.0108898 -0.0220931 0.00266434 0.000811774 0.0125015 -4.2498e-05 -0.0103348 0.00108299 -0.0234701 0.020903 -0.0383172
internal_weight=910.854 40.5531 29.0537 11.502 870.301 59.269 811.032 79.9462 731.086 11.2218 48.0472 17.5517
internal_count=4211 153 126 34 4058 141 3917 408 3509 41 100 92
is_linear=0
shrinkage=0.03


Tree=164
num_leaves=11
num_cat=0
split_feature=5 11 11 9 26 28 25 28 24 22
split_gain=5.80375 11.7918 5.96645 7.33701 7.29104 23.7569 20.7329 6.29334 2.53747 0.120213
threshold=-0.020768339107969862 0.03922346444720249 0.057844428286959022 1.6869637700554105 0.00029103162108341129 0.0022459830045158708 0.0001029895402562736 0.00046308776082131848 0.36851575028017175 161665932.57300001
decision_type=2 2 2 2 2 2 2 2 2 2
left_child=1 8 4 7 5 -2 -6 -4 -1 -10
right_child=2 -3 3 -5 6 -7 -8 -9 9 -11
leaf_value=-0.0043592045702567014 0.0012768414372434744 0.024771440369204794 0.013948925926946043 0.025607007817130722 0.0013695439696351382 0.039384046528883776 -0.014790573311220686 -0.027562344888133247 -0.036896158320017719 -0.044336379957266962
leaf_weight=1.998081637546419 496.06023577321321 4.1316565312445155 7.8208128213882464 18.465592548251152 252.61164442589507 15.174100209027527 99.633676695171744 5.6698885634541512 2.9476835262030345 5.8003037348389626
leaf_count=12 2207 10 14 29 1221 33 604 18 32 31
internal_value=0.000282003 -0.0183016 0.00059077 0.0133202 0.000119668 0.00240791 -0.0032014 -0.00349748 -0.0348623 -0.0418294
internal_weight=910.314 14.8777 895.436 31.9563 863.48 511.234 352.245 13.4907 10.7461 8.74799
internal_count=4211 85 4126 61 4065 2240 1825 32 75 63
is_linear=0
shrinkage=0.03


Tree=165
num_leaves=15
num_cat=0
split_feature=26 26 18 21 9 5 28 9 28 4 8 23 14 21
split_gain=5.81593 26.4897 18.462 19.3473 16.4867 16.0577 14.7728 11.204 10.9459 9.18967 8.38651 7.80641 6.43616 4.08401
threshold=-0.0025518637372914793 -0.002030437320367558 0.014746126229098922 700399.50000000012 0.74374985062140686 -0.0055084027916507189 -0.0020087363686183695 0.84658836127225623 -0.0018933259784514149 307.50000000000006 -0.0063594031104274515 1.1998669517118612 0.45577861144280224 608443.50000000012
decision_type=2 2 2 2 2 2 2 2 2 2 2 2 2 2
left_child=2 7 4 12 9 -5 13 -2 -8 -1 -9 -6 -4 -3
right_child=1 6 3 5 11 -7 8 10 -10 -11 -12 -13 -14 -15
leaf_value=0.014528735022883354 -0.012619568251714227 -0.015964794477322356 0.011212274110168279 -0.048359003762847276 -0.043231229633599322 0.00079489859645146411 0.016541784953969917 -0.0017137671216099788 -0.00060828811989906151 -0.029184837957827208 0.033035981142392513 -0.017419527085370839 0.038690904817160532 -0.0586828982136667
leaf_weight=17.833752395585183 7.3374782502651206 3.5453833863139135 17.939513446763161 7.4594228938221923 16.823471611365676 30.189998265355825 35.240170744247735 7.4793067853897801 675.7409197082743 5.7153261741623274 38.047655863687396 28.258273456245661 13.403022315353153 4.6638584611937404
leaf_count=69 28 17 61 41 147 93 95 29 3197 38 84 268 21 23
internal_value=0.00027358 0.00128634 -0.00540796 0.00555116 -0.0164248 -0.00894389 -0.000220248 0.0217827 0.000241765 0.00391952 0.0273272 -0.0270519 0.022963 -0.0402339
internal_weight=909.678 772.055 137.623 68.992 68.6308 37.6494 719.19 52.8644 710.981 23.5491 45.527 45.0817 31.3425 8.20924
internal_count=4211 3473 738 216 522 134 3332 141 3292 107 113 415 82 40
is_linear=0
shrinkage=0.03


Tree=166
num_leaves=15
num_cat=0
split_feature=17 17 14 1 25 15 28 28 23 11 0 3 14 29
split_gain=5.80006 17.3619 16.9858 16.8777 13.6711 18.6088 12.9068 27.3607 24.0966 11.5775 10.6847 9.40477 4.09849 0.474299
threshold=-0.0039125731123998576 -0.0029998734993182548 0.48193983673164859 0.02137088628802564 0.00057737215842103577 -0.011899957303497239 -0.0018933259784514149 -3.2133040316655266e-05 1.0269470404539127 0.0010945180510009776 -0.0049789691170709386 0.57788721376759911 0.037152585013610608 0.061080263456014396
decision_type=2 2 2 2 2 2 2 2 2 2 2 2 2 2
left_child=3 2 10 12 5 -3 8 -8 -5 -6 -2 -4 -1 -14
right_child=1 4 11 6 9 -7 7 -9 -10 -11 -12 -13 13 -15
leaf_value=0.0060246288383377141 0.087022385842159405 -0.042298830226504172 0.048740484988527864 0.02140323335712916 0.021790339346346811 0.0021756536979318166 -0.020403406155059142 0.0038413070851088232 -0.010029356714557864 -0.031065941463914844 -0.0057038244971385193 6.0047379066559266e-05 -0.035732641092861679 -0.04858150080717457
leaf_weight=2.1068050265312221 1.1927298419177557 8.5980355218052846 17.41698100883514 50.529609253630042 4.5762675516307381 556.31105101667345 72.039960692636669 100.10526494169608 38.808811413124204 20.159407123923302 17.948157376609743 4.4931860743090501 10.7386801186949 3.4056188911199561
leaf_count=14 4 43 49 114 14 2691 338 361 190 141 105 25 106 16
internal_value=0.000265479 0.00185621 0.0207206 -0.00334684 0.000542871 0.00149874 -0.00150318 -0.00630471 0.00774885 -0.0212872 7.42419e-05 0.0387574 -0.0330118 -0.0388263
internal_weight=908.431 630.696 41.0511 277.735 589.645 564.909 261.484 172.145 89.3384 24.7357 19.1409 21.9102 16.2511 14.1443
internal_count=4211 3072 183 1139 2889 2734 1003 699 304 155 109 74 136 122
is_linear=0
shrinkage=0.03


Tree=167
num_leaves=12
num_cat=0
split_feature=29 24 11 25 25 18 7 13 28 25 13
split_gain=5.65277 9.19577 10.551 7.90605 12.8416 9.44568 6.38381 5.23133 3.86769 3.46538 0.215729
threshold=0.092644156711319259 0.60557723321407952 0.015994797643638595 -0.0011302574365555185 -0.00074090273753692323 0.0059677992547255256 9398529.3755000029 0.029649673389906334 0.00040161681312017952 0.00010794396705370389 0.038335952001531261
decision_type=2 2 2 2 2 2 2 2 2 2 2
left_child=3 2 -2 7 10 -6 -3 -1 -8 -4 -5
right_child=1 6 9 4 5 -7 8 -9 -10 -11 -12
leaf_value=0.0040216774241172495 -0.039682851998043979 -0.044121718571203367 0.020650561539407704 -0.034879647462526739 -0.018197323138833515 0.00018996779572375686 0.0073413253518362981 0.041026651961258646 0.02583409108839084 -0.0095737411420664161 -0.046363331198535286
leaf_weight=7.0154233667999488 6.4304600805044201 1.5114744007587422 7.4852806478738767 6.6160752829164249 25.965623306576163 794.97344291396439 16.70056825876236 6.7428864389657974 26.064387232065201 6.2772957980632782 1.8936764467507599
leaf_count=28 26 8 14 104 654 3262 37 8 42 17 11
internal_value=0.000257104 0.00881912 -0.00795824 -0.000397527 -0.000771656 -0.000391607 0.0164707 0.0221577 0.0186123 0.00686485 -0.0374351
internal_weight=907.677 64.4695 20.193 843.207 829.449 820.939 44.2764 13.7583 42.765 13.7626 8.50975
internal_count=4211 144 57 4067 4031 3916 87 36 79 31 115
is_linear=0
shrinkage=0.03


Tree=168
num_leaves=9
num_cat=0
split_feature=5 28 26 21 28 23 0 13
split_gain=5.73927 6.86839 7.87461 36.6503 17.8981 7.17105 8.8991 0.0670073
threshold=0.030043283900149768 0.0037748781952354378 0.0036287131553723573 700399.50000000012 0.0024512705616603968 0.9737170513449539 0.00016681959506456689 0.047304127769805616
decision_type=2 2 2 2 2 2 2 2
left_child=1 2 4 -4 -1 6 -3 -7
right_child=-2 5 3 -5 -6 7 -8 -9
leaf_value=-0.00010532449519970649 0.026588557858439752 0.020284910133234486 -0.025330575820548734 0.018107855044864257 -0.04318289510844462 -0.034620799462251113 -0.037143582943456592 -0.039945585213952021
leaf_weight=770.48389509180561 7.3849518280476323 6.7403261894360202 22.552483966108412 77.741364814341068 8.7794505199417454 6.1160061720292997 3.796214216388762 3.2610641047358513
leaf_count=3551 16 30 183 204 81 86 40 20
internal_value=0.000249499 3.32471e-05 0.000427703 0.00834011 -0.000590651 -0.0173893 -0.000406024 -0.0364726
internal_weight=906.856 899.471 879.557 100.294 779.263 19.9136 10.5365 9.37707
internal_count=4211 4195 4019 387 3632 176 70 106
is_linear=0
shrinkage=0.03


Tree=169
num_leaves=14
num_cat=0
split_feature=0 29 0 20 29 29 26 11 21 9 13 21 12
split_gain=5.60653 12.1396 10.3466 9.69759 13.9397 8.71457 12.7894 7.75377 9.4114 7.90541 0.449183 0.0391437 0.00406906
threshold=-0.0055722317257900786 0.03790010775767387 -0.0038763704109930548 -0.0065399951087993504 0.058479962665846673 0.04352283465627689 0.002094270683171228 0.057844428286959022 15844496.000000002 1.6869637700554105 0.040216279971521142 625529.00000000012 -0.0027097863497569756
decision_type=2 2 2 2 2 2 2 2 2 2 2 2 2
left_child=1 11 3 10 -5 -3 -7 8 -4 -9 -2 12 -1
right_child=2 5 7 4 -6 6 -8 9 -10 -11 -12 -13 -14
leaf_value=-0.031546879717487146 -0.039786281229226568 0.051762727164509963 0.00014583795681914719 -0.039126119563755293 0.024696693622158254 -0.009437864597326092 0.036074138425057578 -0.0035884196675066145 -0.027644207857339665 0.028044002912323156 -0.056091069723754765 -0.039360646335364978 -0.03400888360349507
leaf_weight=0.89019558997824777 7.798151373863222 5.9489352479577091 810.48386223311536 5.4416327271610481 7.0966358929872513 12.41753392480314 10.058151520788668 11.850719228386881 11.118221048265694 17.776688620448112 1.8890439495444296 1.4081262573599813 1.8803510284051292
leaf_count=28 74 14 3808 49 12 48 21 28 59 28 9 9 24
internal_value=0.000241823 0.0124564 -0.00021411 -0.0204209 -0.00300253 0.0194753 0.0109293 0.000313487 -0.000230227 0.0153913 -0.0429658 -0.0352878 -0.0332178
internal_weight=906.058 32.6033 873.455 22.2255 12.5383 28.4246 22.4757 851.229 821.602 29.6274 9.6872 4.17867 2.77055
internal_count=4211 144 4067 144 61 83 69 3923 3867 56 83 61 52
is_linear=0
shrinkage=0.03


Tree=170
num_leaves=13
num_cat=0
split_feature=29 29 18 26 12 24 1 21 21 11 28 11
split_gain=5.62629 13.3581 11.8196 10.3522 9.01772 13.5246 8.93973 7.99744 7.92672 5.81908 3.61257 0.199009
threshold=0.020007434860058581 0.028047799383313053 0.01276936952385308 -0.0062541819824769229 -0.016120559164678524 0.50680974458523165 0.014665934904381331 49752.500000000007 35809.000000000007 0.0015396387495945996 0.00064331428206265684 0.018602125812019126
decision_type=2 2 2 2 2 2 2 2 2 2 2 2
left_child=2 4 3 -1 5 -2 8 -8 -3 -5 -4 -6
right_child=1 6 10 9 11 -7 7 -9 -10 -11 -12 -13
leaf_value=0.065282589195789553 0.027283425990022786 0.035210747694203209 0.012515555113575711 0.011852070982447224 -0.031771289477020598 -0.037614108144599118 -0.023791218457146379 0.0011754856702002158 -0.035866045340452346 -0.036146291394357398 0.037693455325439065 -0.038411227652996004
leaf_weight=1.4075435763224948 6.8016060339286941 1.6467384686693538 9.4294413961470145 3.2920388211496157 9.9748787879943865 5.0254920618608594 11.711811216548083 820.78963545802981 9.9127829000353795 7.3454396708402783 11.245483450591562 6.8537683100439599
leaf_count=9 26 7 26 28 332 48 122 3276 106 145 16 70
internal_value=0.000234467 -0.000223436 0.0124478 -0.0111751 -0.0203671 -0.000292404 0.000460439 0.000824249 -0.0257406 -0.021292 0.0262103 -0.0344755
internal_weight=905.437 872.717 32.7199 12.045 28.6557 11.8271 844.061 832.501 11.5595 10.6375 20.6749 16.8286
internal_count=4211 3987 224 182 476 74 3511 3398 113 173 42 402
is_linear=0
shrinkage=0.03


Tree=171
num_leaves=15
num_cat=0
split_feature=17 18 8 14 15 23 29 15 15 21 26 5 3 5
split_gain=5.55032 15.357 14.5523 16.9498 13.5 23.2453 20.0027 14.59 13.485 16.6634 12.4128 12.3961 18.1123 10.4432
threshold=-0.0042931865326415889 0.012911134733781551 -0.014723851984574685 0.023644095303471561 0.0082568357449894995 1.3038156112287547 0.063256232536542389 0.011386315025349633 -0.0098463181649243777 862792.50000000012 0.0057504863631623951 -0.0092769852369459175 0.065699807793116724 0.0047918048983343646
decision_type=2 2 2 2 2 2 2 2 2 2 2 2 2 2
left_child=1 11 3 -3 8 6 -6 -7 9 -2 -10 12 -1 -13
right_child=4 2 -4 -5 5 7 -8 -9 10 -11 -12 13 -14 -15
leaf_value=-0.039052555913973712 0.0097674637600982644 0.030160853824575964 0.0042374528046754279 -0.034776932800314783 -0.034537925155432692 -0.017558466098306379 -0.0047013064023676632 0.0093879184844495988 0.0067290151896536544 -0.037889080088741367 -0.028836240257893171 -0.030585610852075163 0.031990154461850127 -0.0049151972243671876
leaf_weight=4.716058734804391 12.179197440855207 4.5411899648606804 165.0527568180114 17.78553095087409 33.937634171918035 22.55336819589138 50.039014063775539 91.258383147418499 407.99554494116455 14.423233034089206 9.0274271592497808 37.74305577436462 10.248637435957788 22.927127154543996
leaf_count=43 46 9 479 82 235 129 140 257 2158 64 111 297 39 122
internal_value=0.000227045 -0.00344301 0.00116258 -0.0215688 0.00173197 -0.00478623 -0.0167592 0.00404812 0.00463808 -0.0160708 0.00595912 -0.014853 0.00960135 -0.0208848
internal_weight=904.428 263.014 187.379 22.3267 641.414 197.788 83.9766 113.812 443.625 26.6024 417.023 75.6349 14.9647 60.6702
internal_count=4211 1071 570 91 3140 761 375 386 2379 110 2269 501 82 419
is_linear=0
shrinkage=0.03


Tree=172
num_leaves=9
num_cat=0
split_feature=28 26 28 28 9 10 29 29
split_gain=5.4639 9.57752 8.9993 18.4311 16.2882 5.83471 0.0952922 0.00882694
threshold=-0.0039626689549747901 -0.007111784775618228 -0.0022248216183756147 -0.0021127053602471284 1.6403978227405225 -0.063700817675194504 0.067511903309854585 0.055796232233848483
decision_type=2 2 2 2 2 2 2 2
left_child=5 -2 4 -4 -3 -1 7 -7
right_child=1 2 3 -5 -6 6 -8 -9
leaf_value=0.030516708739729566 0.024352456336777083 -0.0024667848656003835 0.021330578711387577 -0.00011938472658154921 -0.038759189389524801 -0.032159999028923449 -0.040601081254112326 -0.035218822119087161
leaf_weight=1.4220476597547529 14.82425646483898 47.400571980979294 37.798212306573987 780.78743164381012 14.544869535602627 2.2686035223305221 2.8993477001786232 1.3569304049015043
leaf_count=2 29 217 84 3621 184 45 17 12
internal_value=0.000219537 0.000439352 3.67611e-05 0.000871068 -0.0109883 -0.0245464 -0.0365469 -0.0333048
internal_weight=903.302 895.355 880.531 818.586 61.9454 7.94693 6.52488 3.62553
internal_count=4211 4135 4106 3705 401 76 74 57
is_linear=0
shrinkage=0.03


Tree=173
num_leaves=13
num_cat=0
split_feature=9 28 9 14 23 3 6 1 22 13 23 29
split_gain=5.33542 17.5784 14.7599 9.29919 9.64911 9.39856 9.26409 9.07329 8.48655 0.396206 0.0764729 0.0506621
threshold=13.179700000000002 0.0016734165777591533 9.5636843315751854 0.87569930069929414 25.056220000000003 0.91987980089201316 5870800.0000000009 0.078038656677659121 1600890781.9580002 0.043098669987446499 5.2189015473173859 0.038673723213981111
decision_type=2 2 2 2 2 2 2 2 2 2 2 2
left_child=2 3 6 5 -5 -2 8 -8 -1 11 -3 -4
right_child=1 10 9 4 -6 -7 7 -9 -10 -11 -12 -13
leaf_value=-0.00063851596353223055 0.022107432364597765 -0.03625608830664348 -0.035583986893267264 -0.046231058072450266 0.018334653978691166 -0.025982811450714641 -0.04387199289511029 0.015523253777653793 0.010017432590973131 -0.054146906378697582 -0.043096761032560632 -0.041254423504317531
leaf_weight=744.62638083938509 46.613964473828673 2.5295754289254537 3.0553221758455029 4.4227276723831874 3.938067726790905 3.9689713343977919 8.1255709920078498 3.2368343472480765 73.944790870882571 1.8644138537347315 3.5139425992965698 2.6462436113506556
leaf_count=3611 135 25 37 28 8 23 56 7 233 11 21 16
internal_value=0.000212938 0.00849357 -0.000429612 0.0134896 -0.0158196 0.018334 -4.93505e-05 -0.0269519 0.000324078 -0.0421415 -0.0402335 -0.0382158
internal_weight=902.487 64.9872 837.5 58.9437 8.3608 50.5829 829.934 11.3624 818.571 7.56598 6.04352 5.70157
internal_count=4211 240 3971 194 36 158 3907 63 3844 64 46 53
is_linear=0
shrinkage=0.03


Tree=174
num_leaves=12
num_cat=0
split_feature=5 11 9 28 9 14 28 24 13 7 22
split_gain=5.40431 10.8244 5.57817 16.8653 13.7512 9.04633 7.4752 2.43389 0.381846 0.119929 0.0858213
threshold=-0.020768339107969862 0.03922346444720249 13.179700000000002 0.0016734165777591533 9.5636843315751854 0.87569930069929414 -0.0017883153197450392 0.36851575028017175 0.040625044406908846 21158635.350000001 169790844.43850002
decision_type=2 2 2 2 2 2 2 2 2 2 2
left_child=1 7 4 5 6 -4 -2 -1 -6 -9 -5
right_child=2 -3 3 10 8 -7 -8 9 -10 -11 -12
leaf_value=-0.0041952609185193918 0.0051658548277161648 0.023565404582326293 0.019100458102864409 -0.037297625489940374 -0.03812985866363016 -0.015166893851990932 -0.001449891732201245 -0.035522205325320723 -0.054259083337224873 -0.043462168652606326 -0.044922863984553078
leaf_weight=1.9725398421287526 205.09222607547417 4.0593161918222895 48.107944002375007 3.530985369347035 5.1357501912862054 8.1010812260210496 613.56378939119168 2.3889350546523911 1.7784537151455877 6.0429511331021786 2.1295864321291447
leaf_count=12 867 10 147 31 49 34 2976 28 10 35 12
internal_value=0.000206328 -0.017984 0.000502799 0.00919112 -0.000148318 0.0141617 0.000207505 -0.0341946 -0.0422786 -0.0412126 -0.0401663
internal_weight=901.904 14.4637 887.44 61.8696 825.57 56.209 818.656 10.4044 6.9142 8.43189 5.66057
internal_count=4211 85 4126 224 3902 181 3843 75 59 63 43
is_linear=0
shrinkage=0.03


Tree=175
num_leaves=14
num_cat=0
split_feature=11 28 24 24 22 1 9 9 5 1 15 24 29
split_gain=5.43611 9.87313 10.0068 26.0248 13.9378 9.2681 12.043 15.5657 11.1571 11.0943 8.89183 5.75629 0.270514
threshold=0.0083115335605094855 -0.003454123923011883 0.49370164937537259 0.51385070290471158 1425905800.1480002 0.02286185263234166 1.4281447886121994 14.174006788717579 -0.018346212681275689 0.04755565335735764 0.016107410770173646 0.69423161665498323 0.067511903309854585
decision_type=2 2 2 2 2 2 2 2 2 2 2 2 2
left_child=5 10 4 -4 -3 8 9 -8 -1 -7 12 -10 -2
right_child=1 2 3 -5 -6 6 7 -9 11 -11 -12 -13 -14
leaf_value=0.068161040822391245 -0.03385583223922891 0.0052712971767317459 -0.038954625528232097 0.0011139586732295777 0.032439214498887668 0.0079331076329145697 -0.015651766998638482 0.01533783971626212 -0.012677059212094752 -0.018368553350899743 0.043596719183217988 -0.04014402891377835 -0.044484579376012523
leaf_weight=1.2707572318613554 5.6602054666727764 157.8481852398254 15.082369781564919 445.87427069758996 19.045652709901333 112.3199136601761 74.856314034201205 18.118169915862381 18.987782947719101 16.561935368925333 1.3877530135214318 10.757343282457439 3.4801592081785202
leaf_count=3 86 713 96 1663 45 499 587 75 247 62 4 114 17
internal_value=0.000200007 0.00165506 0.00213067 -0.000197074 0.00819639 -0.00353083 -0.00138339 -0.00961274 -0.0188915 0.00455322 -0.0271599 -0.0226105 -0.0379027
internal_weight=901.251 648.379 637.85 460.957 176.894 252.872 221.856 92.9745 31.0159 128.882 10.5281 29.7451 9.14036
internal_count=4211 2624 2517 1759 758 1587 1223 662 364 561 107 361 103
is_linear=0
shrinkage=0.03


Tree=176
num_leaves=13
num_cat=0
split_feature=29 5 1 15 14 20 17 25 25 9 1 22
split_gain=5.48319 10.0433 10.0312 7.5199 22.5766 14.4313 6.46352 13.3516 6.11194 11.7227 5.57492 0.169958
threshold=0.092644156711319259 -0.020768339107969862 0.17857326603683971 -0.0084589679512485656 0.095926345297253496 -0.04580163473347882 0.0070870246293732843 0.0001129974252780517 -7.7968472038088423e-05 0.77915579476620367 0.037290520222739772 220856485.62100002
decision_type=2 2 2 2 2 2 2 2 2 2 2 2
left_child=1 2 11 4 -3 -5 8 -8 9 -2 -10 -1
right_child=6 3 -4 5 -6 -7 7 -9 10 -11 -12 -13
leaf_value=-0.036270325816548314 0.028562485396225735 0.0030485748479474471 0.029981512001779564 0.016029916420246693 -0.021085865255708752 -2.2817031819216399e-05 0.015709810846261395 -0.044053025705685388 0.002814898511044165 -0.028306852139640591 0.027909447382800451 -0.044398295981182827
leaf_weight=3.8814911069348437 5.7387805581092817 91.075925334356725 2.1929988972842684 54.844410037621856 56.540119248442352 622.27767336275429 7.968170113861559 5.8232069313526154 11.659353598952292 7.559323213994503 25.162452057003975 5.7384262755513191
leaf_count=45 9 351 5 145 233 3257 16 23 28 30 38 31
internal_value=0.000193533 -0.000453532 -0.0279194 -6.01315e-05 -0.00619543 0.0012774 0.00866313 -0.00952417 0.0136677 -0.00376496 0.0199634 -0.0411188
internal_weight=900.462 836.551 11.8129 824.738 147.616 677.122 63.9113 13.7914 50.1199 13.2981 36.8218 9.61992
internal_count=4211 4067 81 3986 584 3402 144 39 105 39 66 76
is_linear=0
shrinkage=0.03


Tree=177
num_leaves=9
num_cat=0
split_feature=5 28 26 21 28 23 0 13
split_gain=5.41732 6.37465 7.51219 34.0414 16.9901 6.88466 8.4633 0.062646
threshold=0.030043283900149768 0.0037748781952354378 0.0036287131553723573 700399.50000000012 0.0024512705616603968 0.9737170513449539 0.00016681959506456689 0.047304127769805616
decision_type=2 2 2 2 2 2 2 2
left_child=1 2 4 -4 -1 6 -3 -7
right_child=-2 5 3 -5 -6 7 -8 -9
leaf_value=-0.00017254449920430748 0.026011864800423994 0.019657155891673044 -0.02475190511350385 0.017493889524233735 -0.042762610805142605 -0.034388033114153761 -0.037002060203576936 -0.039624443200015159
leaf_weight=765.25766084669158 7.2520967274904242 6.7071973169222492 22.062745919916779 77.354234126396477 8.5237673404626531 5.8250199391040933 3.6714917048811913 3.178063940256834
leaf_count=3551 16 30 183 204 81 86 40 20
internal_value=0.000187795 -2.2022e-05 0.000355695 0.00811865 -0.000641705 -0.0170391 -0.000386208 -0.0362365
internal_weight=899.832 892.58 873.198 99.417 773.781 19.3818 10.3787 9.00308
internal_count=4211 4195 4019 387 3632 176 70 106
is_linear=0
shrinkage=0.03


Tree=178
num_leaves=13
num_cat=0
split_feature=13 13 0 24 0 24 4 29 29 29 3 7
split_gain=5.27684 6.51144 8.68764 6.93963 12.1005 7.73414 3.7163 0.00689558 0.00662417 0.000623497 0.00037021 0.000170021
threshold=0.011129598652702183 0.011956746797369846 0.00093814689981159551 0.32349086015853462 -0.0094425011141527748 0.45120043347434163 67.500000000000014 0.038182236426067252 0.045507772239297049 0.030123730432110255 0.45288568257491563 45685654.002000004
decision_type=2 2 2 2 2 2 2 2 2 2 2 2
left_child=8 2 7 4 -3 -5 -4 -2 9 11 -11 -1
right_child=1 3 6 5 -6 -7 -8 -9 -10 10 -12 -13
leaf_value=-0.03046311062350136 -0.031854219234939925 0.074994869647115533 0.076514578440190051 0.0069012320927403356 -0.023267448310792707 -0.00073142078311121193 0.025829516809770445 -0.035967494440701665 -0.035375706679562219 -0.031766896899227022 -0.030927126949100929 -0.030961788485245927
leaf_weight=1.4718274076003575 0.91851576138287672 1.2000273466110254 2.2865115171298385 143.08314719656482 18.765818834770471 724.3746092361398 3.0235959831625223 0.61068129912018776 0.33168008923530568 1.0519480882212517 0.8576772017404436 1.0573857063427565
leaf_count=123 30 1 5 651 209 3043 26 7 3 26 40 47
internal_value=0.000181935 0.000349804 0.0295098 0.000125071 -0.0173615 0.00052755 0.0476543 -0.0334968 -0.0312861 -0.0309805 -0.0313897 -0.0306716
internal_weight=899.033 894.263 6.8393 887.424 19.9658 867.458 5.31011 1.5292 4.77052 4.43884 1.90963 2.52921
internal_count=4211 3972 68 3904 210 3694 31 37 239 236 66 170
is_linear=0
shrinkage=0.03


Tree=179
num_leaves=9
num_cat=0
split_feature=5 20 27 25 8 25 25 24
split_gain=5.1182 5.44243 16.6547 14.5493 13.0659 14.8747 12.6781 11.6853
threshold=0.030043283900149768 -0.034444332968886972 -0.012773466492754567 -8.0925566625928959e-05 -0.0073704392621561513 0.00023051528958966649 0.00051039110794297911 0.49167340646581381
decision_type=2 2 2 2 2 2 2 2
left_child=1 4 3 -3 6 -6 -1 -4
right_child=-2 2 7 -5 5 -7 -8 -9
leaf_value=0.00020778933644808936 0.025355030065729377 -0.043087100953813365 0.0066184933318641547 -0.0076653265628566641 0.017510068202007331 -0.0048169979291108403 -0.030449248947346619 -0.0026960355669831608
leaf_weight=104.01159732230008 7.2076562698930493 14.74141722358763 168.92709178850055 35.734955701977015 86.157966960221529 39.016367232427001 13.744761545211075 429.17797721922398
leaf_count=380 16 97 1001 170 217 142 72 2116
internal_value=0.000176266 -2.72978e-05 -0.00146184 -0.0180101 0.00380267 0.0105508 -0.00337056 -6.52666e-05
internal_weight=898.72 891.512 648.581 50.4764 242.931 125.174 117.756 598.105
internal_count=4211 4195 3384 267 811 359 452 3117
is_linear=0
shrinkage=0.03


end of trees

feature_importances:
atr_20d_pct=219
qqq_vwap_dev=207
qqq_gap=153
intra_range_pct=131
qqq_intra_ret=114
intra_curr_bar_range=102
intra_high_from_open=87
pm_turnover=81
pm_final_velocity_10m=80
intra_rvol=75
pm_rvol=72
intra_low_from_open=71
pm_intra_gain=69
intra_curr_bar_ret=67
pm_vwap_dev=66
intra_volume=60
intra_vwap_dev=58
pm_gap=54
intra_vol_acceleration=53
intra_turnover=48
intra_range_retention=46
pm_volume=40
intra_dist_to_pm_high=40
pm_surge_retention=38
pm_peak_to_open_mins=29
alpha_vs_qqq=26
intra_return_from_open=23
intra_upbar_ratio=3

parameters:
[boosting: gbdt]
[objective: binary]
[metric: binary_logloss]
[tree_learner: serial]
[device_type: cpu]
[data_sample_strategy: bagging]
[data: ]
[valid: ]
[num_iterations: 180]
[learning_rate: 0.03]
[num_leaves: 15]
[num_threads: 15]
[seed: 42]
[deterministic: 0]
[force_col_wise: 0]
[force_row_wise: 0]
[histogram_pool_size: -1]
[max_depth: 4]
[min_data_in_leaf: 15]
[min_sum_hessian_in_leaf: 0.001]
[bagging_fraction: 0.8]
[pos_bagging_fraction: 1]
[neg_bagging_fraction: 1]
[bagging_freq: 0]
[bagging_seed: 400]
[bagging_by_query: 0]
[feature_fraction: 0.8]
[feature_fraction_bynode: 1]
[feature_fraction_seed: 30056]
[extra_trees: 0]
[extra_seed: 12879]
[early_stopping_round: 0]
[early_stopping_min_delta: 0]
[first_metric_only: 0]
[max_delta_step: 0]
[lambda_l1: 0]
[lambda_l2: 0]
[linear_lambda: 0]
[min_gain_to_split: 0]
[drop_rate: 0.1]
[max_drop: 50]
[skip_drop: 0.5]
[xgboost_dart_mode: 0]
[uniform_drop: 0]
[drop_seed: 17869]
[top_rate: 0.2]
[other_rate: 0.1]
[min_data_per_group: 100]
[max_cat_threshold: 32]
[cat_l2: 10]
[cat_smooth: 10]
[max_cat_to_onehot: 4]
[top_k: 20]
[monotone_constraints: ]
[monotone_constraints_method: basic]
[monotone_penalty: 0]
[feature_contri: ]
[forcedsplits_filename: ]
[refit_decay_rate: 0.9]
[cegb_tradeoff: 1]
[cegb_penalty_split: 0]
[cegb_penalty_feature_lazy: ]
[cegb_penalty_feature_coupled: ]
[path_smooth: 0]
[interaction_constraints: ]
[verbosity: -1]
[saved_feature_importance_type: 0]
[use_quantized_grad: 0]
[num_grad_quant_bins: 4]
[quant_train_renew_leaf: 0]
[stochastic_rounding: 1]
[linear_tree: 0]
[max_bin: 255]
[max_bin_by_feature: ]
[min_data_in_bin: 3]
[bin_construct_sample_cnt: 200000]
[data_random_seed: 175]
[is_enable_sparse: 1]
[enable_bundle: 1]
[use_missing: 1]
[zero_as_missing: 0]
[feature_pre_filter: 1]
[pre_partition: 0]
[two_round: 0]
[header: 0]
[label_column: ]
[weight_column: ]
[group_column: ]
[ignore_column: ]
[categorical_feature: ]
[forcedbins_filename: ]
[precise_float_parser: 0]
[parser_config_file: ]
[objective_seed: 16083]
[num_class: 1]
[is_unbalance: 0]
[scale_pos_weight: 5]
[sigmoid: 1]
[boost_from_average: 1]
[reg_sqrt: 0]
[alpha: 0.9]
[fair_c: 1]
[poisson_max_delta_step: 0.7]
[tweedie_variance_power: 1.5]
[lambdarank_truncation_level: 30]
[lambdarank_norm: 1]
[label_gain: ]
[lambdarank_position_bias_regularization: 0]
[eval_at: ]
[multi_error_top_k: 1]
[auc_mu_weights: ]
[num_machines: 1]
[local_listen_port: 12400]
[time_out: 120]
[machine_list_filename: ]
[machines: ]
[gpu_platform_id: -1]
[gpu_device_id: -1]
[gpu_device_id_list: ]
[gpu_use_dp: 0]
[num_gpu: 1]

end of parameters

pandas_categorical:[]
