tree
version=v4
num_class=1
num_tree_per_iteration=1
label_index=0
max_feature_idx=29
objective=binary sigmoid:1
feature_names=pm_gap pm_intra_gain pm_gain pm_surge_retention pm_peak_to_open_mins pm_final_velocity_10m pm_volume pm_turnover pm_vwap_dev pm_rvol intra_return_from_open intra_high_from_open intra_low_from_open intra_range_pct intra_range_retention intra_vwap_dev intra_upbar_ratio intra_curr_bar_ret intra_curr_bar_range intra_breakout_pm_high intra_dist_to_pm_high intra_volume intra_turnover intra_rvol intra_vol_acceleration qqq_gap qqq_intra_ret alpha_vs_qqq qqq_vwap_dev atr_20d_pct
feature_infos=[-0.061484272200206469:0.10594795539033457] [0:0.34499999999999997] none [0:1] [0:325] [-0.049238373759256451:0.34499999999999997] [0:31845058] [0:8569697149.3370008] [-0.092066306955677898:0.048037611719781194] [0:31845058] [-0.32773109243697479:0.12332080143047076] [0:0.13704094264362013] [-0.32773109243697479:0] [0:0.32773109243697479] [0:1] [-0.29580322444711499:0.079033915975994698] [0:1] [-0.04198272624859184:0.05201754484367814] [0:0.057897565845043394] [0:1] [-0.25650557620817843:0.10253129538695614] [282:44952032] [80091.25:12007596533.335999] [0.00564:36763989] [0.0041928721174004195:281] [-0.0011859246672332071:0.0012176347095871301] [-0.012880562060889961:0.0082650136639339407] [-0.32803422480477545:0.11752283072021932] [-0.0076221097574201598:0.0055512024093555051] [0.0093137254901960592:0.71615304500823007]
tree_sizes=1700 1737 1738 1733 1745 1739 1633 1632 1742 1643 1746 1738 1632 1639 1746 1625 1636 1630 1631 1638 1742 1743 1634 1744 1742 1743 1637 1735 1646 1640 1626 1630 1546 1641 1647 1750 1739 1738 1635 1751 1750 1760 1772 1642 1531 1765 1765 1753 1537 1749 1757 1744 1630 1754 1522 1423 1752 1729 1749 1757 1754 1563 1749 1542 1773 1524 1539 1543 1428 1640 1549 1536 1740 1748 1444 1438 1542 1430 1420 1644 1222 1635 1431 1762 1527 1316 1551 1432 1765 1449 1751 1221 1755 1760 1445 1756 1445 1541 1758 1222 1442 1226 1219 1433 1757 1768 1622 1454 1751 1327 1436 1748 1549 1745 1776 1650 1223 1758 1635 1436 1207 1424 1427 1325 1742 1125 1220 1425 1123 1653 1536 1755 1767 1437 1221 1545 1764 1449 1104 1231 1318 1402 1117 1331 1754 1228 1645 1765 1319 1434 1765 1113 1320 1747 1758 1240 1333 1327 1759 1422 1765 1766 1112 1118 1546 1558 1768 1663 1442 1127 1301 1118 997 1120 1763 1751 1014 1112 1661 1763

Tree=0
num_leaves=15
num_cat=0
split_feature=29 18 29 6 6 25 9 25 25 25 15 29 27 9
split_gain=801.045 116.934 111.302 96.3843 88.0157 46.2619 44.5663 38.8389 38.6485 37.2648 34.7601 32.7412 29.3944 28.4848
threshold=0.042238464618594575 0.0064600098487426691 0.054853966217673765 498077.50000000006 49248.000000000007 -0.00011775243431594598 2.1399372779763168 -0.00040950722489395099 -0.00014680805425697666 -0.00038043631396730772 -0.015623101679070774 0.020007434860058581 0.0087808394367371468 1.2847857417063702
decision_type=2 2 2 2 2 2 2 2 2 2 2 2 2 2
left_child=1 5 4 13 8 6 -1 10 -2 -6 -4 -5 -9 -3
right_child=2 3 7 11 9 -7 -8 12 -10 -11 -12 -13 -14 -15
leaf_value=-1.170318304173507 -1.1489334082421279 -1.1766874489949692 -1.2453723477075427 -1.1056651930337742 -1.1151299289318799 -1.2245533231909487 -1.2285812405095842 -1.1421341657674833 -1.193811620334938 -1.1506909214419294 -1.103131991289559 -1.1597873278473152 -1.1254691491728022 -1.1991998699945241
leaf_weight=34.725683718919754 23.907103538513184 80.269947618246078 1.595549851655959 12.197808921337126 31.556073278188705 105.92875218391418 17.90991285443306 229.1517653465271 62.213193535804749 166.22119995951653 50.036516755819321 57.391804039478302 163.02544528245926 136.77569219470024
leaf_count=135 81 324 9 29 82 546 94 740 276 570 116 209 463 624
internal_value=-1.16076 -1.19246 -1.14137 -1.18102 -1.15604 -1.21313 -1.19014 -1.13199 -1.18135 -1.14502 -1.10753 -1.1503 -1.13521 -1.19087
internal_weight=1172.91 445.2 727.707 286.635 283.898 158.564 52.6356 443.809 86.1203 197.777 51.6321 69.5896 392.177 217.046
internal_count=4298 1961 2337 1186 1009 775 229 1328 357 652 125 238 1203 948
is_linear=0
shrinkage=1


Tree=1
num_leaves=15
num_cat=0
split_feature=29 18 29 6 22 8 25 24 22 25 15 29 3 10
split_gain=704.762 108.095 94.9881 86.025 77.6636 48.1602 43.7215 34.6945 33.1514 30.003 30.3095 27.6262 26.8235 23.6788
threshold=0.042238464618594575 0.0064600098487426691 0.055984192898215462 498077.50000000006 54685242.659000002 0.0093162786280834037 -0.00011775243431594598 0.42558637378789693 159276825.18850002 -0.00040950722489395099 -0.015623101679070774 0.020007434860058581 0.65096100489330577 0.028165220412504324
decision_type=2 2 2 2 2 2 2 2 2 2 2 2 2 2
left_child=1 6 4 7 12 -6 8 -3 -1 10 -4 -5 -2 -11
right_child=2 3 9 11 5 -7 -8 -9 -10 13 -12 -13 -14 -15
leaf_value=-0.0016099685235964497 0.029848749907895919 -0.010763596212278688 -0.038635012138657603 0.092632823896313152 0.048259284392051197 0.079486334413261542 -0.017791523159755001 0.020480258745579225 0.048235026045652413 0.06357059101836611 0.095585139497026753 0.044086395497027142 -0.015439890828199564 0.082794985029199325
leaf_weight=34.742746189236641 39.157700732350349 38.901684045791626 1.5619408339261998 12.855224430561064 198.78478418290615 57.251606062054634 104.89027899503708 179.95798580348492 18.352312743663788 319.5978137999773 49.551719203591347 58.829839885234833 16.828368037939072 70.357046559453011
leaf_count=164 154 192 9 29 682 153 546 756 65 968 108 209 84 179
internal_value=0.0431797 0.0134092 0.0609106 0.0242692 0.048243 0.0552419 -0.00656307 0.0149268 0.015619 0.0698719 0.0914836 0.0527922 0.0162358 0.0670391
internal_weight=1201.62 448.53 753.091 290.545 312.022 256.036 157.985 218.86 53.0951 441.069 51.1137 71.6851 55.9861 389.955
internal_count=4298 1961 2337 1186 1073 835 775 948 229 1264 117 238 238 1147
is_linear=0
shrinkage=0.03


Tree=2
num_leaves=15
num_cat=0
split_feature=29 18 6 6 25 29 25 9 25 15 24 15 25 13
split_gain=624.388 100.046 85.6791 77.1829 59.5131 48.2384 41.3313 40.7366 38.9192 33.1077 32.2165 31.0711 30.7452 25.817
threshold=0.042238464618594575 0.0064600098487426691 45812.000000000007 498077.50000000006 -0.0003944043076717358 0.054853966217673765 -0.00011775243431594598 2.1399372779763168 0.00091992996561157724 -0.0023690853110946096 0.42558637378789693 -0.01644061906508051 -0.00014680805425697666 0.022882660068179992
decision_type=2 2 2 2 2 2 2 2 2 2 2 2 2 2
left_child=1 6 5 10 11 12 7 -1 -6 -7 -3 -4 -2 -5
right_child=2 3 4 13 8 9 -8 -9 -10 -11 -12 -13 -14 -15
leaf_value=0.033505903913192914 0.050676605916774059 -0.010502045129002104 -0.038999897821242954 0.022918794002485209 0.056786385760914992 0.020031434990838783 -0.017429737476706734 -0.022026553263134872 0.09767535131425184 0.07232382297829848 0.019648070142055822 0.088291565932322819 0.010875265448819929 0.061560036158855205
leaf_weight=35.71338777244091 24.346271529793739 38.677844986319542 1.763135939836501 22.339638561010361 530.16492475569248 14.974336966872213 103.87103843688965 17.821181192994118 21.812459647655487 40.015874803066254 181.92194633185863 81.585584685206413 61.82027094066143 51.285914987325668
leaf_count=135 79 192 10 87 1598 58 546 94 45 104 756 175 268 151
internal_value=0.0409591 0.012911 0.0572729 0.0232386 0.0619701 0.0361312 -0.00639351 0.0150196 0.0584022 0.0580841 0.0143618 0.0855989 0.0221211 0.0498354
internal_weight=1228.11 451.631 776.483 294.225 635.326 141.157 157.406 53.5346 551.977 54.9902 220.6 83.3487 86.1665 73.6256
internal_count=4298 1961 2337 1186 1828 509 775 229 1643 162 948 185 347 238
is_linear=0
shrinkage=0.03


Tree=3
num_leaves=15
num_cat=0
split_feature=29 22 29 29 23 22 25 17 14 25 23 10 18 14
split_gain=556.575 94.4495 75.235 64.5917 88.716 64.2701 40.7912 36.9052 38.5569 34.1324 31.6731 24.9341 22.6813 22.4763
threshold=0.042238464618594575 161260142.78300002 0.055212660069268012 0.034059807947633837 17.483502863380334 54685242.659000002 -0.000152581626249253 0.0069836750525301156 0.94367667895243623 0.00035709747270263323 2.5545379161218853 0.012077814688596979 0.007747468817792748 0.79068958825241775
decision_type=2 2 2 2 2 2 2 2 2 2 2 2 2 2
left_child=1 7 5 4 -3 -2 -7 9 -9 -1 -5 12 -4 -13
right_child=2 3 11 10 -6 6 -8 8 -10 -11 -12 13 -14 -15
leaf_value=0.0023976554616998019 0.013112497946523596 0.00035718950675562899 0.013817466247753984 0.056859917183958678 0.077234748812130175 0.066409315614397432 0.04069341489602131 0.059432384741991306 -0.016832570621166516 -0.02850388391624939 0.0060501850207075776 0.082507379313454809 0.057738830392143198 0.061155772069808857
leaf_weight=207.57419665157795 55.060550332069397 83.017907842993736 10.977371051907538 69.475866496562958 16.13544537127018 81.222269594669342 175.39336411654949 18.244192048907284 8.8652484565973264 38.069934606552124 13.128245696425436 76.958451747894287 293.62385992705822 104.79049840569496
leaf_count=961 231 379 42 218 39 211 583 58 44 205 57 166 825 279
internal_value=0.0389369 0.0124382 0.0540291 0.029191 0.0128676 0.0425225 0.0488328 0.00127449 0.0344924 -0.00239147 0.0487847 0.061403 0.056156 0.0701967
internal_weight=1252.54 454.511 798.026 181.757 99.1534 311.676 256.616 272.754 27.1094 245.644 82.6041 486.35 304.601 181.749
internal_count=4298 1961 2337 693 418 1025 794 1268 102 1166 275 1312 867 445
is_linear=0
shrinkage=0.03


Tree=4
num_leaves=15
num_cat=0
split_feature=29 7 6 18 25 29 23 25 25 9 20 15 15 25
split_gain=498.968 109.101 68.4557 57.1617 48.4548 39.0724 38.0996 36.3602 34.2817 33.4475 32.9687 27.6453 26.7303 26.2111
threshold=0.042238464618594575 7676368.0275000008 45812.000000000007 0.0065210383613726565 -0.0003944043076717358 0.054853966217673765 17.483502863380334 -0.000152581626249253 -0.00040950722489395099 1.1263971802854569 0.019752560299137602 -0.0023690853110946096 -0.01644061906508051 -0.00014680805425697666
decision_type=2 2 2 2 2 2 2 2 2 2 2 2 2 2
left_child=1 7 5 8 12 13 -5 9 -3 -1 -6 -7 -4 -2
right_child=2 3 4 6 10 11 -8 -9 -10 -11 -12 -13 -14 -15
leaf_value=0.049115802462042203 0.045658120955549886 0.042157632849103795 -0.039201555345761772 0.027407113498321565 0.049634941473994519 0.017333807851620083 0.071444850562736334 -0.015480698984888873 -0.0089617218879444252 -0.0027523785921607594 0.07341772838082973 0.064156315325968813 0.078125880027400049 0.0095968439062195394
leaf_weight=16.942650601267815 25.478937357664108 14.669306501746176 1.7833309173583973 189.11248514056206 524.07424330711365 15.478648066520689 19.504863351583481 123.61395162343979 60.507193133234978 32.95074138045311 58.293928936123848 42.536923617124557 87.270928502082825 62.981455773115158
leaf_count=57 79 51 10 718 1512 58 46 630 304 155 131 104 175 268
internal_value=0.0370813 0.0119846 0.0511133 0.0234421 0.0551671 0.0325313 0.0315245 -0.00675575 0.00101328 0.0148609 0.0520156 0.051664 0.0757764 0.0199834
internal_weight=1275.2 457.301 817.898 283.794 671.422 146.476 208.617 173.507 75.1765 49.8934 582.368 58.0156 89.0543 88.4604
internal_count=4298 1961 2337 1119 1828 509 764 842 355 212 1643 162 185 347
is_linear=0
shrinkage=0.03


Tree=5
num_leaves=15
num_cat=0
split_feature=18 6 9 13 9 7 7 25 25 28 26 14 25 18
split_gain=366.101 132.21 62.7677 54.1349 54.6107 48.1241 42.7764 37.4185 32.1679 49.6642 24.2785 17.8036 8.36584 22.5657
threshold=0.0069179129909137061 39607.500000000007 2.2632647069400069 0.025967274039121788 1.4532530813411066 1138091.9525000004 1362342.2310000001 -0.00034703461401847021 -0.00040950722489395099 -0.0018430061892891986 0.0043011085251349239 0.94036868946802155 -0.00010520802191165431 0.0036977515797245427
decision_type=2 2 2 2 2 2 2 2 2 2 2 2 2 2
left_child=6 2 5 4 -3 -2 12 -5 9 -8 -4 -10 13 -1
right_child=1 3 10 7 -6 -7 8 -9 11 -11 -12 -13 -14 -15
leaf_value=0.04535153366430162 -0.011838667752530578 0.047517101228561801 -0.01904881272622249 0.070519727032025567 0.018504930281324258 0.036168208544708494 -0.02825489914981932 0.049520896336111508 -0.0020154995828595146 0.055883454406465811 0.040458688612937339 0.042697261814988119 -0.035252010555368106 -0.039653717024425848
leaf_weight=4.707651346921919 21.56569804251194 144.99105283617973 38.677842855453491 89.241563066840172 97.766888022422791 146.17556634545326 8.5860927999019605 529.62269032001495 137.43583171069622 23.858859345316887 7.3417806923389426 8.5110334753990156 30.519693031907082 6.9746986329555511
leaf_count=16 103 420 191 190 366 500 44 1481 651 70 23 30 175 38
internal_value=0.0353783 0.0426 0.0214813 0.0478393 0.0358329 0.0299962 0.000172979 0.052549 0.00659847 0.0336174 -0.00955523 0.000591969 -0.0269881 -0.00539904
internal_weight=1295.98 1075.38 213.761 861.622 242.758 167.741 220.594 618.864 178.392 32.445 46.0196 145.947 42.202 11.6823
internal_count=4298 3274 817 2457 786 603 1024 1671 795 114 214 681 229 54
is_linear=0
shrinkage=0.03


Tree=6
num_leaves=14
num_cat=0
split_feature=29 6 23 29 7 25 27 29 25 15 14 25 0
split_gain=419.396 98.9031 85.5233 52.1359 47.941 45.2771 37.2551 32.592 31.0801 24.9899 16.9063 16.0298 9.30987
threshold=0.036782634458875071 48004.500000000007 17.483502863380334 0.054853966217673765 1305474.1010000003 -0.00036666288137811835 0.028796939953342007 0.032398442985910422 -0.00014680805425697666 -0.0023690853110946096 0.90283676834525428 -0.00010520802191165431 -1.0000000180025095e-35
decision_type=2 2 2 2 2 2 2 2 2 2 2 2 2
left_child=2 3 4 8 11 10 -7 -6 -2 -5 -3 -1 -4
right_child=1 5 12 9 7 6 -8 -9 -10 -11 -12 -13 -14
leaf_value=0.0012415258350739501 0.037602366546565923 0.068926446645172113 0.040363851666971012 0.015539216445715098 -0.0005076893655782817 0.042672382512737216 0.063213902888970358 0.022498855892095243 0.0057213116838798631 0.05937706701333087 0.025515099977149486 -0.035777495571477018 0.079746588598253357
leaf_weight=14.703233301639555 38.134825229644775 109.35958936810493 9.6492568850517291 15.818176835775374 187.6405264288187 567.22498670220375 92.408114552497864 78.645215705037117 98.877270549535751 44.989263102412224 8.7175373882055265 37.067274689674377 12.273965835571287
leaf_count=66 123 221 28 58 862 1628 208 308 426 105 27 214 24
internal_value=0.0337952 0.043795 0.00510187 0.024855 0.00115151 0.0486126 0.04555 0.0062871 0.0145948 0.0479733 0.0657214 -0.0252638 0.0624127
internal_weight=1315.51 975.53 339.979 197.82 318.056 777.71 659.633 266.286 137.012 60.8074 118.077 51.7705 21.9232
internal_count=4298 2796 1502 712 1450 2084 1836 1170 549 163 248 280 52
is_linear=0
shrinkage=0.03


Tree=7
num_leaves=14
num_cat=0
split_feature=29 6 29 23 9 25 9 6 11 9 25 8 17
split_gain=383.422 105.357 78.8001 77.7073 39.5688 37.9103 42.0135 31.6885 27.7819 28.6962 25.9903 15.6659 14.7976
threshold=0.047411372339146468 24093.000000000004 0.033022913717809556 17.483502863380334 1.760162796231419 -9.5779806604573002e-05 1.1486230480434816 5045.5000000000009 0.022018778195354107 1.0789245707370161 -0.0003944043076717358 -0.0014600970212348251 -0.000997078218984572
decision_type=2 2 2 2 2 2 2 2 2 2 2 2 2
left_child=1 5 3 -3 -4 6 -1 11 10 -10 -9 -2 -7
right_child=7 2 4 -5 -6 12 -8 8 9 -11 -12 -13 -14
leaf_value=0.043113524379435338 0.028068086992277599 -0.00077802666228121828 0.043138845004466325 0.05905323937371329 0.019483723185606951 -0.0016835051457529595 -0.0081350156418783515 0.06204266125386141 0.043696901156887437 0.063396435623736341 0.040358645682684137 -0.040523593217056751 -0.023266850152008519
leaf_weight=26.358865022659302 7.1700105369091034 149.83515302836895 150.93036825954914 22.465797871351242 110.04408963024616 48.263167530298233 31.724358782172203 57.28446264564991 112.20661973953247 163.56075614690781 378.12595395743847 5.1487525701522809 70.130780681967735
leaf_count=86 24 686 449 52 396 230 149 118 292 349 1068 27 372
internal_value=0.0323346 0.0148101 0.0227687 0.00702319 0.0331643 -0.00472938 0.0151222 0.047104 0.0479303 0.0553809 0.0432115 -0.000600505 -0.0144684
internal_weight=1333.25 609.753 433.275 172.301 260.974 176.477 58.0832 723.497 711.178 275.767 435.41 12.3188 118.394
internal_count=4298 2420 1583 738 845 837 235 1878 1827 641 1186 51 602
is_linear=0
shrinkage=0.03


Tree=8
num_leaves=15
num_cat=0
split_feature=29 6 7 29 18 25 29 25 26 25 9 15 25 9
split_gain=349.595 82.3082 58.1495 44.5329 41.9096 38.7062 38.0402 35.4676 30.7914 26.889 23.2637 21.7928 14.9775 18.4639
threshold=0.036782634458875071 48004.500000000007 1305474.1010000003 0.054853966217673765 0.0064600098487426691 -0.00036666288137811835 0.020007434860058581 0.00091992996561157724 -0.0034182799356169418 -0.00014680805425697666 1.5310958076696801 -0.0023690853110946096 -0.00010520802191165431 1.0925095253505084
decision_type=2 2 2 2 2 2 2 2 2 2 2 2 2 2
left_child=2 3 12 9 10 8 -6 -7 -3 -2 -4 -5 13 -1
right_child=1 5 4 11 6 7 -8 -9 -10 -11 -12 -13 -14 -15
leaf_value=0.028743566425089028 0.034285644829704698 0.016182343056104585 0.011934842112353263 0.013673309937257943 0.046205932591358669 0.040007477174490755 0.01185053629726756 0.075813696266709085 0.064834626113177418 0.0050097327723028166 -0.01663620295038809 0.054077318158830108 -0.035292054892334106 -0.039029568093163373
leaf_weight=8.6761571168899518 39.357544973492622 13.104254275560377 43.108641520142555 16.170552656054497 36.079531416296959 657.19207699596882 147.96140326559544 25.877977579832077 109.8411708176136 99.917884334921837 63.327934056520462 46.747335493564606 36.036635741591454 6.2054553329944602
leaf_count=31 123 41 190 58 102 1790 600 46 207 426 330 105 214 35
internal_value=0.030975 0.0398599 0.004736 0.0227457 0.00991977 0.0441531 0.0185856 0.041364 0.059649 0.0132827 -0.00506444 0.0436931 -0.0248363 0.000482976
internal_weight=1349.6 1008.21 341.396 202.193 290.478 806.015 184.041 683.07 122.945 139.275 106.437 62.9179 50.9182 14.8816
internal_count=4298 2796 1502 712 1222 2084 702 1836 248 549 520 163 280 66
is_linear=0
shrinkage=0.03


Tree=9
num_leaves=14
num_cat=0
split_feature=29 7 18 25 26 6 17 25 11 25 15 9 12
split_gain=323.659 101.462 51.5639 36.1602 40.5583 33.7722 31.8159 26.0809 25.1011 20.3528 19.7311 19.7149 2.1086
threshold=0.047411372339146468 7676368.0275000008 0.0065210383613726565 -0.00038043631396730772 -0.0034182799356169418 3257.0000000000005 -0.00048571870213678648 -0.00040950722489395099 0.028484165976661407 -0.0003944043076717358 -0.010585431937241497 1.3401314791286894 -0.0090987124463519
decision_type=2 2 2 2 2 2 2 2 2 2 2 2 2
left_child=1 3 7 4 -1 12 -4 -3 9 -7 -10 -5 -2
right_child=5 2 6 11 -6 8 -8 -9 10 -11 -12 -13 -14
leaf_value=-0.039297731239312593 -0.041102392315960815 0.034379922743573203 0.016430570229123687 -0.00045086040518381784 0.041150449499773478 0.05493946696158012 0.035277826919843901 -0.0070107286295042455 0.0060134289879272638 0.037908340553016631 0.05452385965513723 -0.021233198591645158 -0.0066621468819671884
leaf_weight=7.1365162134170523 3.5018124282360077 17.13899502158165 138.16935911774635 92.774145975708961 26.899012923240662 73.047545358538628 193.50378942489624 68.307823419570923 7.8524740487337104 466.12754718959332 193.413076415658 73.730579927563667 2.9458779096603385
leaf_count=40 18 56 487 434 88 147 594 331 26 1262 412 390 13
internal_value=0.0297085 0.0136419 0.0220727 -0.00389401 0.0242822 0.0429952 0.0274264 0.00129144 0.0435905 0.0402157 0.0526312 -0.00965357 -0.025367
internal_weight=1364.55 617.66 417.12 200.54 34.0355 746.888 331.673 85.4468 740.441 539.175 201.266 166.505 6.44769
internal_count=4298 2420 1468 952 128 1878 1081 387 1847 1409 438 824 31
is_linear=0
shrinkage=0.03


Tree=10
num_leaves=15
num_cat=0
split_feature=29 29 23 21 29 21 25 25 22 15 20 18 15 12
split_gain=297.815 71.6051 65.8779 65.5962 33.0739 39.0107 29.1186 25.8098 21.2971 15.6727 25.6548 21.3999 6.36094 9.80133
threshold=0.036782634458875071 0.054853966217673765 17.483502863380334 214114.00000000003 0.032398442985910422 851741.50000000012 -0.000152581626249253 -0.00011775243431594598 31978473.175500002 -0.016946202795470548 -0.064060280996164967 0.015435024285082284 0.0091452291286798389 -0.03064589789916981
decision_type=2 2 2 2 2 2 2 2 2 2 2 2 2 2
left_child=2 3 4 7 8 -6 -5 -2 -1 10 -3 -11 13 -4
right_child=1 9 12 6 5 -7 -8 -9 -10 11 -12 -13 -14 -15
leaf_value=-0.021774475613765023 0.029324686637773358 0.051055294526237992 0.067501941462883894 0.045128587449967943 0.0035712952255127204 0.047105430569971518 0.027488903717391426 -0.0079957086869642049 -0.0002422080419117381 0.039316012241479292 -0.002380482298940962 0.051389558036378492 0.078138177874047587 0.021842687101779806
leaf_weight=54.112471073865891 23.758728384971619 15.690222844481466 7.9431653618812605 122.21801409125328 64.337648138403893 26.016545623540878 270.91936919093132 55.957789480686188 175.16618701815605 279.81351037323475 16.685377538204193 250.32688178122044 6.466548651456832 9.0545550882816315
leaf_count=298 76 36 14 296 280 77 841 255 795 693 60 539 10 28
internal_value=0.0285191 0.0365462 0.00429567 0.0279412 0.000733942 0.0161065 0.0329727 0.00312727 -0.00532408 0.0437795 0.0235162 0.045017 0.0528139 0.0431796
internal_weight=1378.47 1035.37 343.097 472.854 319.633 90.3542 393.137 79.7165 229.279 562.516 32.3756 530.14 23.4643 16.9977
internal_count=4298 2796 1502 1468 1450 357 1137 331 1093 1328 96 1232 52 42
is_linear=0
shrinkage=0.03


Tree=11
num_leaves=15
num_cat=0
split_feature=29 13 29 21 21 9 25 25 8 23 23 5 1 17
split_gain=274.242 50.7263 40.653 33.6174 32.8932 32.0544 39.9669 29.3252 25.5589 25.2682 25.0351 19.9989 15.9757 18.0541
threshold=0.042238464618594575 0.021776450168503343 0.055984192898215462 3392583.5000000005 214114.00000000003 1.8282392887074319 -0.00010520802191165431 -0.00025970862266279604 0.0093162786280834037 1.9983405101196206 17.483502863380334 0.0052359640637036726 0.024523589899937557 0.01352572911944622
decision_type=2 2 2 2 2 2 2 2 2 2 2 2 2 2
left_child=1 5 4 10 7 6 -1 -2 -6 -7 -3 -5 13 -4
right_child=2 3 12 11 8 9 -8 -9 -10 -11 -12 -13 -14 -15
leaf_value=0.030776331783422428 0.046694324120864633 0.0097088386704439981 0.033377146570695113 0.027890279263823713 0.028574660654713802 -0.023457336572572991 -0.002650165502084132 -0.0045807230209577686 0.049300032475701971 0.0082215629564529758 0.052682381780300817 0.068360775421630104 0.044308966861751529 -0.0261469633550169
leaf_weight=48.678139850497246 13.25028048455715 163.25487087666988 73.141708418726921 35.138660177588463 248.01655411720276 70.121678873896599 95.060706719756126 41.414966553449631 68.300261542201042 33.480659857392311 13.186292871832846 15.990084961056708 467.1407168507576 4.8927644789218894
leaf_count=165 33 664 187 108 711 370 447 179 150 147 28 32 1058 19
internal_value=0.0274066 0.00890572 0.036997 0.0191274 0.0293362 -0.000498892 0.00866995 0.00784781 0.0330498 -0.0132198 0.0129205 0.0405471 0.04221 0.029645
internal_weight=1391.07 474.911 916.157 227.57 370.982 247.341 143.739 54.6652 316.317 103.602 176.441 51.1287 545.175 78.0345
internal_count=4298 1961 2337 832 1073 1129 612 212 861 517 692 140 1264 206
is_linear=0
shrinkage=0.03


Tree=12
num_leaves=14
num_cat=0
split_feature=29 6 23 7 15 1 28 29 18 23 20 8 0
split_gain=255.795 61.2667 57.0743 40.399 35.0331 25.4094 25.808 24.9264 24.8045 22.4493 16.3841 12.6149 7.34216
threshold=0.036782634458875071 48004.500000000007 17.483502863380334 1305474.1010000003 0.00044886880257061603 0.033289851483390698 0.0024991894477940325 0.032398442985910422 0.011933054220833269 2.1912514768320781 0.023252620190682204 0.012154086634593466 -1.0000000180025095e-35
decision_type=2 2 2 2 2 2 2 2 2 2 2 2 2
left_child=2 4 3 11 9 6 -3 -5 -6 -2 -7 -1 -4
right_child=1 5 12 7 8 10 -8 -9 -10 -11 -12 -13 -14
leaf_value=-0.027735301669438158 0.0099201502190578283 0.033232361422334079 0.029554738569954574 -0.00088549727551147286 0.018997838273558682 0.039935844659813036 0.00082070008970417155 0.018930238307073435 0.047331948271344827 -0.042380440703418641 0.059524488553097353 0.041969136129554913 0.062918352418758358
leaf_weight=47.307075038552284 84.459660649299622 323.94409987330437 10.520478174090387 188.54781730473042 71.263571560382843 459.25597488880157 23.7298843562603 81.970198407769203 45.600138679146767 8.0942581146955472 41.938078254461288 2.4581283479928961 13.623868227005003
leaf_count=271 315 839 28 862 245 1091 80 308 112 40 74 9 24
internal_value=0.0263582 0.0336667 0.00390203 0.000549034 0.0191341 0.037252 0.0310202 0.00511891 0.0300538 0.00534623 0.041575 -0.0242923 0.0483807
internal_weight=1402.71 1058.29 344.428 320.283 209.418 848.868 347.674 270.518 116.864 92.5539 501.194 49.7652 24.1443
internal_count=4298 2796 1502 1450 712 2084 919 1170 357 355 1165 280 52
is_linear=0
shrinkage=0.03


Tree=13
num_leaves=14
num_cat=0
split_feature=29 7 18 25 21 9 6 25 18 25 25 18 12
split_gain=237.392 80.0761 41.1545 32.7028 30.0014 28.3148 28.0073 22.8364 21.5094 23.8836 21.0357 18.0902 2.05393
threshold=0.047411372339146468 7676368.0275000008 0.0065210383613726565 -0.000152581626249253 35809.000000000007 1.760162796231419 3257.0000000000005 -0.00040950722489395099 0.0078300785740160663 -0.00032854652578780775 -0.001013258929688022 0.010139864562631036 -0.0090987124463519
decision_type=2 2 2 2 2 2 2 2 2 2 2 2 2
left_child=1 3 7 4 -1 -4 12 -3 9 -8 -10 -5 -2
right_child=6 2 5 11 -6 -7 8 -9 10 -11 -12 -13 -14
leaf_value=0.073112789567901459 -0.04130028350036169 0.030833670494621809 0.03324387808641515 -0.017596510566039884 0.0068857110760721678 0.015912886369380177 0.045824988080265638 -0.0073812493249088337 0.069140410952867534 0.0014330714852043623 0.037349968260225873 0.0083353470123672928 -0.0074067166636965238
leaf_weight=6.9728536754846564 3.5004911720752716 17.701580196619034 152.7315588593483 109.79210491478443 52.563257157802582 190.86735716462135 16.999609783291817 68.667280241847038 19.240651190280914 30.438408121466637 709.99482092261314 31.060886308550835 2.9781660288572303
leaf_count=16 18 56 433 588 217 648 35 331 26 107 1679 131 13
internal_value=0.0253673 0.0116637 0.0189633 -0.00399879 0.0146422 0.0236166 0.0363973 0.000451023 0.0369154 0.0173411 0.0381887 -0.011878 -0.0257198
internal_weight=1413.51 630.357 429.968 200.389 59.5361 343.599 783.152 86.3689 776.673 47.438 729.235 140.853 6.47866
internal_count=4298 2420 1468 952 233 1081 1878 387 1847 142 1705 719 31
is_linear=0
shrinkage=0.03


Tree=14
num_leaves=15
num_cat=0
split_feature=29 29 21 7 29 29 25 1 27 27 1 25 8 26
split_gain=220.348 53.6295 51.6911 47.404 27.607 63.1121 24.8834 23.2077 14.3902 15.9338 15.558 13.9112 17.3088 3.33568
threshold=0.036782634458875071 0.054853966217673765 214114.00000000003 1305474.1010000003 0.019547370574449802 0.020007434860058581 -0.000152581626249253 0.021526183774878308 0.0087808394367371468 0.0043487917621228582 0.023891428065781633 -0.00010520802191165431 0.0043499696808780358 -0.0059472178607470018
decision_type=2 2 2 2 2 2 2 2 2 2 2 2 2 2
left_child=3 2 7 11 -5 -6 -4 -2 9 -3 -10 12 -1 -13
right_child=1 8 6 4 5 -7 -8 -9 10 -11 -12 13 -14 -15
leaf_value=-0.02066687890098614 -0.033363091139464396 0.035367361406548725 0.039124221619651352 -0.038758282437851732 0.04472018263939441 0.0041718652671853731 0.023147272145494273 0.0092044849244906878 0.021320266185522851 0.013739351870944782 0.045288672149146822 -0.0044094044273474851 0.050174235423829726 -0.037332007064416875
leaf_weight=10.427815511822699 13.92051164805889 303.02521796524525 127.39144176244736 10.904014393687246 40.206220611929893 245.43613751232624 281.82120354473591 67.03997440636158 27.36109921336174 34.107664808630943 223.21220462024212 3.0419347733259192 4.4198044240474692 30.953158751130104
leaf_count=52 71 716 296 63 106 1053 841 260 72 97 443 17 14 197
internal_value=0.0244331 0.0311151 0.0237878 0.00358039 0.00809093 0.00987933 0.028121 0.00188533 0.0372263 0.0331793 0.0426715 -0.0238051 0.000420937 -0.034386
internal_weight=1423.27 1077.88 490.173 345.389 296.546 285.642 409.213 80.9605 587.706 337.133 250.573 48.8427 14.8476 33.9951
internal_count=4298 2796 1468 1502 1222 1159 1137 331 1328 813 515 280 66 214
is_linear=0
shrinkage=0.03


Tree=15
num_leaves=14
num_cat=0
split_feature=29 7 18 9 6 9 7 15 1 10 10 18 29
split_gain=204.345 70.4307 36.6533 25.7048 25.165 24.1087 30.3224 23.01 19.3822 22.1255 19.3179 17.9394 2.02569
threshold=0.047411372339146468 7676368.0275000008 0.0065210383613726565 1.760162796231419 3257.0000000000005 2.2387634641110501 1138091.9525000004 0.0068095339395742938 0.029142501145417807 -0.0027222710799924424 -0.0054674135672062993 0.0078300785740160663 0.053953235988733618
decision_type=2 2 2 2 2 2 2 2 2 2 2 2 2
left_child=1 5 10 -4 12 6 -1 -7 11 -10 -3 -6 -2
right_child=4 2 3 -5 8 7 -8 -9 9 -11 -12 -13 -14
leaf_value=-0.01828566907370226 -0.0085488166320330204 0.022141878977703918 0.031037410728304758 0.01465292264360892 0.0037844954041711567 -0.031320019283632122 0.011293024678595207 0.018665114363848091 0.02973170456799212 0.042230008552873399 -0.0089686140406352935 0.030020064784937305 -0.042236453836142093
leaf_weight=44.81044527888298 3.200070694088935 25.421330377459526 155.53331214189529 193.25393468141556 26.151719078421593 41.855350643396378 102.63865198194981 10.335209563374518 208.36512993276119 328.37843787670135 61.230433329939842 227.63335801661015 3.2259245961904526
leaf_count=248 15 97 433 648 87 239 422 43 512 683 290 565 16
internal_value=0.0235511 0.0108562 0.0176209 0.0219592 0.0336674 -0.00389848 0.00230393 -0.0214215 0.0341481 0.0373781 0.00015838 0.0273166 -0.0254604
internal_weight=1432.03 635.079 435.439 348.787 796.955 199.64 147.449 52.1906 790.529 536.744 86.6518 253.785 6.426
internal_count=4298 2420 1468 1081 1878 952 670 282 1847 1195 387 652 31
is_linear=0
shrinkage=0.03


Tree=16
num_leaves=14
num_cat=0
split_feature=29 23 6 7 9 15 28 28 26 9 11 24 0
split_gain=190.364 47.8555 47.6587 33.9568 32.6278 30.6109 23.3826 36.2341 36.0464 22.9014 16.2076 10.5581 6.51726
threshold=0.036782634458875071 17.483502863380334 48004.500000000007 1305474.1010000003 1.4200262155229615 0.00044886880257061603 -0.00047294535907999431 -0.0018933259784514149 -0.0016608859027477804 2.7396264942551327 0.018746114601751289 2.2104159123023162 -1.0000000180025095e-35
decision_type=2 2 2 2 2 2 2 2 2 2 2 2 2
left_child=1 3 5 11 -5 9 7 -4 -8 -2 -7 -1 -3
right_child=2 12 6 4 -6 10 8 -9 -10 -11 -12 -13 -14
leaf_value=-0.026600928278071076 0.0081962236831494093 0.025876459526515096 0.026647185498827081 0.019809906059146891 -0.0026315327242328575 0.014310213114550488 -0.016388647912449251 0.046465404683391373 0.029408097106181547 -0.042143389721327536 0.036383834586911253 0.034813432667694738 0.056867314463868709
leaf_weight=44.975576043128967 85.597800582647324 10.791265472769739 143.70471090078354 84.276124134659767 189.23180787265301 55.512167364358902 15.939617693424223 196.64698256552219 522.80943122506142 8.9876436442136747 64.981683745980263 2.6688463538885108 14.069807097315786
leaf_count=270 310 28 360 320 850 193 57 385 1282 45 164 10 24
internal_value=0.0227116 0.00331607 0.0288451 0.0002119 0.00428336 0.016187 0.031942 0.0380977 0.0280531 0.00341288 0.0262144 -0.0231607 0.0434153
internal_weight=1440.19 346.013 1094.18 321.152 273.508 215.079 879.101 340.352 538.749 94.5854 120.494 47.6444 24.8611
internal_count=4298 1502 2796 1450 1170 712 2084 745 1339 355 357 280 52
is_linear=0
shrinkage=0.03


Tree=17
num_leaves=14
num_cat=0
split_feature=29 6 29 23 4 9 6 28 9 1 27 18 9
split_gain=179.404 59.6764 41.724 45.6258 30.5263 28.5967 22.8023 21.0923 20.5451 17.7782 18.6248 16.2727 2.02188
threshold=0.047411372339146468 24093.000000000004 0.033022913717809556 17.483502863380334 317.50000000000006 1.760162796231419 3257.0000000000005 -0.00012526196790331763 2.2387634641110501 0.029142501145417807 -0.0014363554730530226 0.0078300785740160663 0.96912618895992553
decision_type=2 2 2 2 2 2 2 2 2 2 2 2 2
left_child=1 4 3 -3 8 -4 12 -6 -1 11 -11 -8 -2
right_child=6 2 5 -5 7 -7 9 -9 -10 10 -12 -13 -14
leaf_value=-0.0074829913419395631 -0.040856650446423719 -0.0019302649970644795 0.030766018485757187 0.041736201845006655 0.028039924739176245 0.011552261008616798 0.0029257729115767001 -0.0064809879195214101 -0.038539966994595269 0.028157591168078356 0.039445387233745445 0.027810385145720054 -0.0069951641704249059
leaf_weight=87.001925483345985 3.4254978150129309 152.32450151443481 167.17322719097137 25.081618338823318 33.608106300234795 119.58772827684879 26.349985226988792 30.283024698495865 24.588415861129761 222.4959574341774 321.87863032519817 230.85864250361919 2.9570110142230988
leaf_count=420 18 686 449 52 126 396 87 146 145 536 659 565 13
internal_value=0.0219142 0.0100445 0.0156787 0.00424329 -0.00485844 0.0227533 0.0313111 0.0116778 -0.0143263 0.0317608 0.0348319 0.0252611 -0.0251687
internal_weight=1447.61 639.649 464.167 177.406 175.481 286.761 807.966 63.8911 111.59 801.583 544.375 257.209 6.38251
internal_count=4298 2420 1583 738 837 845 1878 272 565 1847 1195 652 31
is_linear=0
shrinkage=0.03


Tree=18
num_leaves=14
num_cat=0
split_feature=29 6 29 23 4 25 9 6 25 25 15 26 12
split_gain=166.872 55.7976 38.6856 42.5559 28.8466 26.4613 26.3941 21.2848 20.5016 20.0127 23.4848 19.2264 2.0191
threshold=0.047411372339146468 24093.000000000004 0.033022913717809556 17.483502863380334 317.50000000000006 -0.00040950722489395099 1.760162796231419 3257.0000000000005 9.8026610845332608e-05 -0.0003944043076717358 -0.015987494089792584 -0.0069072720604882879 -0.0090987124463519
decision_type=2 2 2 2 2 2 2 2 2 2 2 2 2
left_child=1 4 3 -3 8 -6 -4 12 -1 10 -9 -11 -2
right_child=7 2 6 -5 5 -7 -8 9 -10 11 -12 -13 -14
leaf_value=-0.0014771619374945577 -0.04051344171722665 -0.0018741907133019713 0.029561659228508178 0.04015572165080835 0.052241330810923227 0.0022160630587249367 0.01116006586197555 -0.04531563474424672 -0.027306583164359483 0.048817288448369398 0.04497468689441779 0.027537239061061043 -0.0064745927521177391
leaf_weight=57.007244020700455 3.3794559091329575 152.17776753008366 168.7398377507925 25.283538460731506 11.617164328694342 52.626721441745758 120.06916791200638 2.658980965614318 53.717681288719177 40.56219670176506 103.95673775672913 659.38395085930824 2.9265813231468192
leaf_count=260 18 686 449 52 31 241 396 12 305 76 181 1578 13
internal_value=0.0211591 0.00971672 0.0151377 0.00411396 -0.00472961 0.0112621 0.0219114 0.0301855 -0.0140082 0.0306147 0.0427229 0.0287704 -0.0247163
internal_weight=1454.11 641.239 466.27 177.461 174.969 64.2439 288.809 812.868 110.725 806.562 106.616 699.946 6.30604
internal_count=4298 2420 1583 738 837 272 845 1878 565 1847 193 1654 31
is_linear=0
shrinkage=0.03


Tree=19
num_leaves=14
num_cat=0
split_feature=29 7 18 25 26 12 6 9 25 18 23 7 25
split_gain=155.415 55.584 30.9835 29.463 34.3257 20.5445 19.8873 19.1298 18.9091 21.2704 18.774 17.7135 2.04291
threshold=0.047411372339146468 7676368.0275000008 0.0065210383613726565 -0.00038043631396730772 -0.0034182799356169418 -0.0048919286191233995 3257.0000000000005 1.760162796231419 -0.0003944043076717358 0.0078300785740160663 0.72573251883476797 2885964.2120000003 0.00018017978814888877
decision_type=2 2 2 2 2 2 2 2 2 2 2 2 2
left_child=1 3 5 4 -1 -3 12 -4 11 -10 -5 -8 -2
right_child=6 2 7 10 -6 -7 8 -9 9 -11 -12 -13 -14
leaf_value=-0.03899250045849427 -0.040802220580267105 0.0099793548814441514 0.0269080785906405 0.011978401090846868 0.035830183635774414 -0.020485147044376928 -0.046364079742492348 0.01294040099376545 0.0049096119160026777 0.028936127313248683 -0.014034297566705796 0.042979572382395435 -0.006418882270768313
leaf_weight=6.8623386770486823 3.235187202692031 56.895706295967102 160.52239286899567 30.755298182368279 28.171808734536171 30.658171832561493 2.0359230935573569 195.99994315207005 34.891015574336052 669.07757398486137 132.75921648740768 104.98785357177258 2.9949982762336731
leaf_count=40 17 233 433 131 88 154 9 648 112 1542 693 184 14
internal_value=0.0204412 0.00940276 0.0153024 -0.00379233 0.0211742 -0.000688202 0.0291212 0.0192293 0.0295314 0.0277453 -0.00914159 0.04128 -0.0242733
internal_weight=1459.85 642.625 444.076 198.549 35.0341 87.5539 817.223 356.522 810.992 703.969 163.515 107.024 6.23019
internal_count=4298 2420 1468 952 128 387 1878 1081 1847 1654 824 193 31
is_linear=0
shrinkage=0.03


Tree=20
num_leaves=15
num_cat=0
split_feature=29 13 22 23 7 10 23 11 7 25 15 28 20 28
split_gain=145.041 53.4043 34.1253 30.7729 30.415 21.1798 20.229 19.1721 19.0766 17.6356 16.0988 14.6001 10.9182 10.4672
threshold=0.047411372339146468 0.026926972119606821 16060767.689500002 1.0775595532599156 11699239.020500002 0.023879330409696319 2.0142010544008513 0.028484165976661407 1450638.4150000003 -0.0003944043076717358 -0.010585431937241497 -0.0011529540432433742 -0.025965445208406348 0.0015253880048336453
decision_type=2 2 2 2 2 2 2 2 2 2 2 2 2 2
left_child=1 2 12 -4 5 -3 -6 8 13 -10 -9 -12 -1 -2
right_child=7 4 3 -5 6 -7 -8 10 9 -11 11 -13 -14 -15
leaf_value=0.019923818127203875 -0.04260933571156128 0.013063623819372268 0.014272541765940403 -0.0027105627096544157 0.036578127395957928 -0.027834043041780891 0.016032722898256229 -0.0046400610464566111 0.03931958033387524 0.024009665316004403 0.048942918441942901 0.031985782745197117 -0.037758722434811737 0.018336334446254487
leaf_weight=3.3885694593191173 5.6480890363454801 40.562671810388565 174.22987633943558 213.92263939976692 91.909178242087364 15.849398449063299 81.268079280853271 8.5735688954591733 78.046456262469292 511.55923736095428 66.496730774641037 146.09944874048233 22.990948781371117 4.6032809317111969
leaf_count=15 28 160 627 924 223 81 245 26 143 1252 108 307 145 14
internal_value=0.019754 0.00909738 0.00266869 0.00491264 0.0207046 0.00157311 0.0269366 0.0281145 0.0253308 0.0260362 0.0356643 0.0372897 -0.0303491 -0.0152423
internal_weight=1465.15 644.121 414.532 388.153 229.589 56.4121 173.177 821.027 599.857 589.606 221.17 212.596 26.3795 10.2514
internal_count=4298 2420 1711 1551 709 241 468 1878 1437 1395 441 415 160 42
is_linear=0
shrinkage=0.03


Tree=21
num_leaves=15
num_cat=0
split_feature=29 13 9 25 21 7 21 28 11 7 25 15 24 28
split_gain=135.576 49.7905 38.3019 39.2789 36.2733 28.2364 21.4531 18.2603 18.0008 17.8249 16.6422 15.0322 16.2847 10.0205
threshold=0.047411372339146468 0.026926972119606821 1.4309681155656011 -0.00010520802191165431 264672.50000000006 11699239.020500002 387403.50000000006 -0.0023251603224801747 0.028484165976661407 1450638.4150000003 -0.0003944043076717358 -0.010585431937241497 0.66710107860159484 0.0015253880048336453
decision_type=2 2 2 2 2 2 2 2 2 2 2 2 2 2
left_child=1 2 3 -1 -4 6 -3 -7 9 13 -11 -10 -13 -2
right_child=8 5 4 -5 -6 7 -8 -9 11 10 -12 12 -14 -15
leaf_value=0.031285385722578302 -0.042097788779392582 0.014415436079295975 -0.02459022767933575 0.0029400491494181165 0.0021280798632671567 -0.0023055098940793807 -0.025011781668605324 0.02927066358279809 -0.004504462079636418 0.038031053872753288 0.023181238463362612 0.042560203805969705 0.025518215265620547 0.017689887102300621
leaf_weight=64.140311151742935 5.5467525869607908 37.983362108469009 67.147436335682869 140.11065304279327 143.38217541575432 18.429845958948135 18.455478236079216 156.01881715655327 8.5668158829212171 78.266455382108688 513.90874448418617 131.59105789661407 81.854759991168976 4.6279699802398682
leaf_count=182 28 152 357 580 592 65 89 403 26 143 1252 234 181 14
internal_value=0.0190958 0.00880138 0.00258581 0.0118412 -0.0063936 0.0199674 0.00152275 0.0259348 0.0271588 0.0244674 0.0251439 0.0344608 0.0360247 -0.0149034
internal_weight=1470.03 645.668 414.781 204.251 210.53 230.888 56.4388 174.449 824.363 602.35 592.175 222.013 213.446 10.1747
internal_count=4298 2420 1711 762 949 709 241 468 1878 1437 1395 441 415 42
is_linear=0
shrinkage=0.03


Tree=22
num_leaves=14
num_cat=0
split_feature=18 18 25 7 23 7 7 27 17 26 28 24 12
split_gain=126.086 42.0087 39.956 43.7772 28.0293 24.9747 26.9397 20.0288 25.1194 16.5656 15.6409 11.2871 6.1378
threshold=0.0069179129909137061 0.012417488025315686 -0.000152581626249253 6959640.0200000014 2.8405659897830295 1362342.2310000001 1514139.5465000002 0.017621745378706189 -0.009742841665537294 -0.0069072720604882879 -0.00060154334293538805 1.7677909920730925 -0.0021652956739558571
decision_type=2 2 2 2 2 2 2 2 2 2 2 2 2
left_child=5 2 4 -4 -2 11 -7 8 -3 -9 -8 12 -1
right_child=1 7 3 -5 -6 6 10 9 -10 -11 -12 -13 -14
leaf_value=-0.037447585680511292 0.03121188848985007 0.012863386229672504 -0.0081905752185337868 0.016190126444122589 -0.031560423797216394 0.077339972457153489 0.012840767606468318 0.070504670252138135 0.02833820843775495 0.03317509914672654 -0.0057095727742120664 0.035283166854353662 -0.010297614178035737
leaf_weight=24.139842733740807 160.85425488650799 131.95827013254166 82.599279046058655 335.53356204926968 6.6673985421657553 4.2058481872081748 61.723371058702469 11.342145144939421 331.74457792937756 188.69530944526196 121.29810103774071 2.6422348767518988 10.867908030748366
leaf_count=157 382 360 365 958 29 10 238 14 771 395 547 10 62
internal_value=0.0184679 0.02219 0.0163338 0.0113739 0.0287135 -0.00221174 0.00227155 0.0273573 0.0239345 0.0352917 0.000546467 -0.0245064 -0.0290191
internal_weight=1474.27 1249.39 585.654 418.133 167.522 224.877 187.227 663.74 463.703 200.037 183.021 37.65 35.0078
internal_count=4298 3274 1734 1323 411 1024 795 1540 1131 409 785 229 219
is_linear=0
shrinkage=0.03


Tree=23
num_leaves=15
num_cat=0
split_feature=29 6 23 25 26 10 25 24 10 15 29 14 27 22
split_gain=122.686 48.3872 44.9133 33.5274 29.9543 26.9339 26.7087 24.7087 19.6684 34.9548 16.7234 5.93336 1.95723 0.0353308
threshold=0.032398442985910422 48004.500000000007 17.483502863380334 -0.00036666288137811835 -0.0034182799356169418 0.0087751967726640099 0.00091992996561157724 0.42277584432587884 0.023567492318252711 0.0075522435008963038 0.054853966217673765 0.41601592257454667 -0.00085604822484791696 155594611.17100003
decision_type=2 2 2 2 2 2 2 2 2 2 2 2 2 2
left_child=2 5 8 4 -3 7 -5 -2 9 -1 -7 -4 -13 -10
right_child=1 3 11 6 -6 10 -8 -9 13 -11 -12 12 -14 -15
leaf_value=-0.0072393715944988508 -0.021009810882898196 -0.0016313340822304442 0.016397699713511682 0.021483053276587567 0.042733786396373513 0.01328471718252713 0.050509002413039197 0.0085637118056381932 -0.03902516357882 0.032813491797198176 0.038337118950865175 0.064766609539250897 0.041047288678039841 -0.04213620460280347
leaf_weight=192.21891311556101 31.662970021367073 15.288649037480353 8.7187988162040728 784.02130734920502 131.54768830537796 66.376291647553444 29.608885854482651 129.0903058052063 8.1690890192985517 21.838111191987991 37.546073406934738 4.1478905081749007 12.770971029996868 5.4955154806375495
leaf_count=940 142 45 22 1929 229 230 48 460 47 79 70 5 25 27
internal_value=0.0178608 0.0217907 -0.00114262 0.0249205 0.0381145 0.0104334 0.0225393 0.00273873 -0.00538078 -0.00315318 0.0223359 0.036502 0.0468624 -0.0402763
internal_weight=1478.5 1225.14 253.359 960.467 146.836 264.676 813.63 160.753 227.722 214.057 103.922 25.6377 16.9189 13.6646
internal_count=4298 3153 1145 2251 274 902 1977 602 1093 1019 300 52 30 74
is_linear=0
shrinkage=0.03


Tree=24
num_leaves=15
num_cat=0
split_feature=29 13 9 25 22 7 1 10 1 26 11 9 17 26
split_gain=116.305 42.6755 35.495 34.7467 24.6081 24.1306 26.4994 19.2928 17.1783 22.7784 19.8663 30.1018 17.9102 17.4817
threshold=0.047411372339146468 0.026926972119606821 1.4309681155656011 -0.00010520802191165431 57048206.069000006 11699239.020500002 0.063413856226590709 0.023879330409696319 0.025912851248329708 0.0027634463182782142 0.020324680014330469 1.4200262155229615 0.00077632583105566603 0.0040401212226040132
decision_type=2 2 2 2 2 2 2 2 2 2 2 2 2 2
left_child=1 2 3 -1 -4 7 -7 -3 9 12 11 -10 -2 -11
right_child=8 5 4 -5 -6 6 -8 -9 10 13 -12 -13 -14 -15
leaf_value=0.028987113441535421 0.011279296718773459 0.011766276203388437 -0.021918473733473144 0.0024899140878618495 0.00024460216986175136 0.028522226278811538 -0.0032631587162035014 -0.027435433162341764 0.028862224668036191 -0.04952286990463884 0.033068755869705146 0.010960526560960721 0.031881139543271153 0.005002302151828052
leaf_weight=65.199990838766098 75.984978556632996 41.19410240650177 65.370775043964386 140.56851270794868 145.31724059581757 149.11624518036842 28.045890212059021 15.568908154964445 235.94647182524204 6.6109583526849738 278.64243532717228 131.73678050935268 75.926851809024811 26.528337270021439
leaf_count=182 206 160 363 580 586 370 98 81 517 28 543 344 165 75
internal_value=0.0172856 0.00778289 0.00202345 0.0108858 -0.006632 0.0180364 0.0234904 0.00101407 0.0247195 0.0166603 0.0270269 0.0224482 0.0215763 -0.00587492
internal_weight=1481.76 650.382 416.457 205.769 210.688 233.925 177.162 56.763 831.377 185.051 646.326 367.683 151.912 33.1393
internal_count=4298 2420 1711 762 949 709 468 241 1878 474 1404 861 371 103
is_linear=0
shrinkage=0.03


Tree=25
num_leaves=15
num_cat=0
split_feature=18 18 25 6 23 25 28 28 9 6 10 13 6 9
split_gain=107.638 35.8822 35.5781 29.9308 25.5331 21.1171 31.2929 31.9911 19.807 22.8991 20.7849 16.8198 22.2463 13.7897
threshold=0.0069179129909137061 0.012417488025315686 -0.000152581626249253 58269.500000000007 2.8405659897830295 -0.00011775243431594598 -0.0018430061892891986 -0.00060154334293538805 4.7036814134785638 101207.50000000001 0.019203252453615142 0.014623955202779119 40476.500000000007 0.76861528657784561
decision_type=2 2 2 2 2 2 2 2 2 2 2 2 2 2
left_child=5 2 4 -4 -2 6 -1 -8 10 -10 -3 13 -13 -7
right_child=1 8 3 -5 -6 11 7 -9 9 -11 -12 12 -14 -15
leaf_value=-0.033186015650945151 0.02873078871259015 0.023173494950032823 -0.0012347349751613121 0.015734824812798694 -0.031419783073797378 0.0036910320677477162 0.048881139530209471 0.0040741584388252709 -0.023329460070631022 0.018431307607325243 0.035553958282124695 -0.018243388622604093 0.011792877217519922 -0.030706060136103792
leaf_weight=12.576412752270697 162.42930409312248 418.03497737646103 140.21529373526573 281.04422932863235 6.6098210215568534 14.001985713839529 21.124100238084793 44.661584541201591 14.453376844525335 64.798073530197144 172.36515638232231 38.969826005399227 51.548650860786438 41.814376927912235
leaf_count=66 382 979 551 772 29 68 51 176 63 164 334 213 196 254
internal_value=0.016733 0.0201443 0.014752 0.0100865 0.0263788 -0.00239496 0.0101729 0.0184619 0.0248976 0.0108152 0.0267879 -0.00912502 -0.00113827 -0.0220773
internal_weight=1484.65 1259.95 590.299 421.26 169.039 224.697 78.3621 65.7857 669.652 79.2515 590.4 146.335 90.5185 55.8164
internal_count=4298 3274 1734 1323 411 1024 293 227 1540 227 1313 731 409 322
is_linear=0
shrinkage=0.03


Tree=26
num_leaves=14
num_cat=0
split_feature=18 13 17 26 9 7 7 25 23 17 1 24 12
split_gain=100.691 34.11 38.9722 26.838 23.4471 22.9433 24.5105 20.872 25.3354 16.6369 16.4358 10.6123 6.0868
threshold=0.0069179129909137061 0.02758045276898596 -0.00048571870213678648 -0.007111784775618228 1.2847857417063702 1362342.2310000001 1514139.5465000002 -0.00034703461401847021 2.7490914881621369 -0.0049817444216664715 0.028408434727338363 1.7677909920730925 -0.0021652956739558571
decision_type=2 2 2 2 2 2 2 2 2 2 2 2 2
left_child=5 2 3 -2 -4 11 -7 8 -3 -9 -8 12 -1
right_child=1 7 4 -5 -6 6 10 9 -10 -11 -12 -13 -14
leaf_value=-0.037149422134903423 0.055774942676504173 0.039361775596681456 0.02820816620840981 0.00079846243853939837 0.010419372807853752 0.072281302157879229 -0.0075886441909663316 0.013809110342601108 -0.011678065713411616 0.024251073545104963 0.010565716226429888 0.033384545514939079 -0.0098237478046696598
leaf_weight=23.320087738335133 8.338201552629469 105.34145137667656 154.21052341163158 192.31547752022743 117.49667969346046 4.3518245220184317 104.04394921660423 191.68613776564598 9.5461030304431898 484.23604620993137 78.930536270141602 2.6862604618072501 10.70399935543537
leaf_count=157 14 187 376 646 377 10 476 502 31 1141 309 10 62
internal_value=0.0162017 0.0194891 0.0131104 0.00308302 0.0205156 -0.00233373 0.00191623 0.0232992 0.0351208 0.0212898 0.000242685 -0.0240205 -0.0285527
internal_weight=1487.21 1263.17 472.361 200.654 271.707 224.037 187.326 790.81 114.888 675.922 182.974 36.7103 34.0241
internal_count=4298 3274 1413 660 753 1024 795 1861 218 1643 785 229 219
is_linear=0
shrinkage=0.03


Tree=27
num_leaves=15
num_cat=0
split_feature=29 21 9 1 18 29 20 1 10 4 7 29 4 24
split_gain=100.262 39.5968 30.9447 34.6356 29.6304 26.5358 18.7993 15.8582 16.2775 16.938 15.2941 23.0015 13.9374 13.4156
threshold=0.047411372339146468 223199.00000000003 2.3909887208501099 0.044995476550053724 0.012546815039486221 0.028908263013382379 -0.058672382422429788 0.029142501145417807 -0.0027222710799924424 317.50000000000006 2463207.4495000006 0.057048793532669069 152.50000000000003 0.68055408462021394
decision_type=2 2 2 2 2 2 2 2 2 2 2 2 2 2
left_child=1 2 3 -1 5 -3 -6 10 13 -10 11 -2 -12 -9
right_child=7 4 -4 -5 6 -7 -8 8 9 -11 12 -13 -14 -15
leaf_value=-0.0027128330598105163 -0.03088823615952719 -0.0059788697743010473 -0.029262999733072871 0.064899151458515339 -0.0076792730137363535 0.01182031859458775 0.027819948696380273 0.012922995709180891 0.033690357878547274 0.018923964399102402 0.010147806727859379 0.032449925612901998 0.024585252569623836 0.028007253301460158
leaf_weight=110.54021821171045 13.865043371915819 105.42270363867283 39.371242046356201 7.2672632634639731 15.261937141418455 264.55412133783102 111.60777695477009 130.44095721840858 246.80916205048561 97.543013036251068 101.22325405478477 8.2192054241895658 148.41242009401321 89.455634266138077
leaf_count=501 60 489 218 15 54 868 275 326 470 219 262 18 333 190
internal_value=0.0156851 0.00688684 -0.00623722 0.00145799 0.0110387 0.00674855 0.0235495 0.0225684 0.0254357 0.0295076 0.0166142 -0.00731536 0.0187311 0.0190594
internal_weight=1489.99 654.025 157.179 117.807 496.847 369.977 126.87 835.969 564.249 344.352 271.72 22.0842 249.636 219.897
internal_count=4298 2420 734 516 1686 1357 329 1878 1205 689 673 78 595 516
is_linear=0
shrinkage=0.03


Tree=28
num_leaves=14
num_cat=0
split_feature=29 21 9 1 18 29 17 6 25 15 18 16 25
split_gain=94.1653 37.1602 29.6572 31.9155 27.6624 24.8667 20.5713 15.5818 15.0523 21.1061 16.2801 6.28138 1.97003
threshold=0.047411372339146468 223199.00000000003 2.3909887208501099 0.044995476550053724 0.012546815039486221 0.028908263013382379 -0.0075339079168669056 3257.0000000000005 -0.0003944043076717358 -0.015987494089792584 0.0078300785740160663 1.0000000180025095e-35 0.00018017978814888877
decision_type=2 2 2 2 2 2 2 2 2 2 2 2 2
left_child=1 2 3 -1 5 -3 -6 12 9 -9 -10 -4 -2
right_child=7 4 11 -5 6 -7 -8 8 10 -11 -12 -13 -14
leaf_value=-0.0026349350631635444 -0.041312307349311621 -0.0058163195265517834 0.0042013326438059169 0.061644659039659246 0.0017255456188004646 0.011422489665450579 0.029648710254562911 -0.048555674917314294 0.00096751365296657938 0.034880964376696806 0.021690409956416596 -0.033253229070551747 -0.0077980563085193223
leaf_weight=110.3961515724659 3.2565041035413733 105.12253928184509 4.568239912390708 7.4189840406179419 31.559090569615364 265.53979094326496 95.901862740516663 2.8017360121011725 35.90058197081089 104.5055837482214 687.60308855772018 34.192693457007408 3.0635486543178558
leaf_count=501 17 489 22 15 100 868 229 12 112 181 1542 196 14
internal_value=0.0151948 0.006672 -0.00607609 0.00141284 0.0106791 0.00653344 0.022735 0.0218603 0.0222173 0.0327025 0.0206621 -0.028839 -0.0250668
internal_weight=1491.83 654.699 156.576 117.815 498.123 370.662 127.461 837.131 830.811 107.307 723.504 38.7609 6.32005
internal_count=4298 2420 734 516 1686 1357 329 1878 1847 193 1654 218 31
is_linear=0
shrinkage=0.03


Tree=29
num_leaves=14
num_cat=0
split_feature=29 23 6 25 26 25 15 23 4 4 9 11 0
split_gain=88.7961 37.8054 36.6794 30.328 27.1585 24.5916 21.1527 28.1289 20.1697 35.139 20.7075 15.7634 5.76335
threshold=0.032398442985910422 17.483502863380334 48004.500000000007 -0.00036666288137811835 -0.0034182799356169418 0.00091992996561157724 0.0031516430109535271 2.1912514768320781 27.500000000000004 12.500000000000002 4.5678097755076656 0.018746114601751289 -1.0000000180025095e-35
decision_type=2 2 2 2 2 2 2 2 2 2 2 2 2
left_child=1 8 6 4 -4 -5 7 -2 9 -1 -10 -8 -3
right_child=2 12 3 5 -6 -7 11 -9 10 -11 -12 -13 -14
leaf_value=-0.0021622086342649042 0.0045375152202487522 0.016789526669651181 -0.0044788524872827673 0.017495550046266146 0.037694489560467635 0.045219705068186643 0.0046650751981399822 -0.044206917230243337 -0.0050718790699996021 0.052683856368552995 -0.030224955393375132 0.027127683531973208 0.045377436675622961
leaf_weight=55.991977512836456 140.59768442809582 11.251721486449243 15.345030412077902 795.66052931547165 131.61099334061146 29.875904321670532 47.895435854792595 11.528428599238394 118.69448798894882 12.943750455975531 39.180479563772678 68.088877320289612 14.559170112013815
leaf_count=270 506 28 45 1929 229 48 170 56 577 42 204 170 24
internal_value=0.0147244 -0.00148761 0.0180256 0.0207341 0.0332908 0.0184989 0.00820131 0.000843562 -0.00540262 0.00813599 -0.0113142 0.0178518 0.0329151
internal_weight=1493.22 252.622 1240.6 972.492 146.956 825.536 268.11 152.126 226.811 68.9357 157.875 115.984 25.8109
internal_count=4298 1145 3153 2251 274 1977 902 562 1093 312 781 340 52
is_linear=0
shrinkage=0.03


Tree=30
num_leaves=14
num_cat=0
split_feature=29 7 9 13 25 20 6 3 25 15 20 8 9
split_gain=85.0009 33.8798 30.7481 28.8899 24.5538 17.4377 14.4017 14.1571 13.8825 19.67 16.2747 10.6829 1.96233
threshold=0.047411372339146468 1305474.1010000003 1.8118625267817976 0.026532906716118663 -0.00036666288137811835 -0.027122594524539228 3257.0000000000005 0.12396755920822379 -0.0003944043076717358 -0.015987494089792584 0.031322522610495972 0.012342859236434347 0.96912618895992553
decision_type=2 2 2 2 2 2 2 2 2 2 2 2 2
left_child=1 5 4 -4 -3 7 12 -1 9 -8 -10 -7 -2
right_child=6 2 3 -5 -6 11 8 -9 10 -11 -12 -13 -14
leaf_value=-0.017161294996236795 -0.040484248207216932 0.032520521235219056 -0.0076504121918680263 0.011282728493584485 0.010827522204054828 -0.02676177481661255 -0.047831560289054893 0.054876361888421939 0.018413317507480289 0.033148373693949705 0.038842237957833203 0.036337030255395461 -0.0068309079514220468
leaf_weight=4.6961025148630124 3.329653024673461 57.824158772826195 153.41202104091644 137.58566015958786 249.9266896545887 44.959621652960777 2.7715453654527655 5.1454276144504547 688.3890570551157 103.92360183596611 36.982131779193878 2.551924340426921 2.9330697655677795
leaf_count=27 18 137 691 425 836 280 12 15 1592 181 62 9 13
internal_value=0.0142703 0.00618279 0.00829269 0.0013013 0.0149035 -0.0158439 0.0205999 0.020502 0.020941 0.0310448 0.0194549 -0.0233726 -0.0247231
internal_weight=1494.43 656.102 598.749 290.998 307.751 57.3531 838.329 9.84153 832.066 106.695 725.371 47.5115 6.26272
internal_count=4298 2420 2089 1116 973 331 1878 42 1847 193 1654 289 31
is_linear=0
shrinkage=0.03


Tree=31
num_leaves=14
num_cat=0
split_feature=18 18 7 3 26 7 7 9 7 10 1 24 12
split_gain=79.2304 27.4224 34.4404 26.904 23.3685 20.2073 19.9821 17.0222 19.9459 18.5374 16.0317 9.67608 6.13025
threshold=0.0069179129909137061 0.012417488025315686 290774677.07400006 0.42866071428571695 -0.0014071478760883866 1362342.2310000001 1573517.6110000003 4.7036814134785638 17981109.6675 0.019203252453615142 0.028408434727338363 1.7677909920730925 -0.0021652956739558571
decision_type=2 2 2 2 2 2 2 2 2 2 2 2 2
left_child=5 2 4 -4 -2 11 -7 9 -9 -3 -8 12 -1
right_child=1 7 3 -5 -6 6 10 8 -10 -11 -12 -13 -14
leaf_value=-0.036748306041911184 0.018704125211955813 0.019225518598370961 0.0033247497815148165 0.040186029586857554 0.0047873797858005952 0.054460860001924544 -0.008347304277971453 -0.027420178285117492 0.014233550974130449 0.030884325722667201 0.0096153043747108403 0.030804837772029574 -0.0089253622676119682
leaf_weight=22.380914717912674 156.84529764950275 422.33358649909496 25.073091447353363 61.607030510902405 352.97284570336342 6.1521797925233832 102.52513444423676 12.212386399507521 67.714408293366432 173.02358967065811 79.310747340321541 2.7387924641370764 10.457194387912748
leaf_count=157 426 979 73 117 1118 17 470 55 172 334 308 10 62
internal_value=0.0138331 0.0167284 0.0120412 0.0295235 0.00906886 -0.0026372 0.00128647 0.0208686 0.00786908 0.0226138 -0.000512613 -0.0233699 -0.0278882
internal_weight=1495.35 1271.78 596.498 86.6801 509.818 223.565 187.988 675.284 79.9268 595.357 181.836 35.5769 32.8381
internal_count=4298 3274 1734 190 1544 1024 795 1540 227 1313 778 229 219
is_linear=0
shrinkage=0.03


Tree=32
num_leaves=13
num_cat=0
split_feature=18 25 26 18 7 28 17 7 7 17 24 12
split_gain=74.3171 29.0206 35.0244 30.5696 30.3129 29.3307 21.6258 19.3361 20.7137 14.9096 9.23404 6.05453
threshold=0.0069179129909137061 -0.00036666288137811835 -0.0041137842504835225 0.012417488025315686 290774677.07400006 0.00015830830171556328 -0.0092494450319630973 1362342.2310000001 1514139.5465000002 -0.0036991666926157419 1.7677909920730925 -0.0021652956739558571
decision_type=2 2 2 2 2 2 2 2 2 2 2 2
left_child=7 2 -2 4 -3 -4 -5 10 -9 -10 11 -1
right_child=1 3 5 6 -6 -7 -8 8 9 -11 -12 -13
leaf_value=-0.036511106997756219 -0.037609339733018991 0.0059716697542550089 0.037108659022694265 0.0083101636205346018 0.026860867149620372 0.0065673241968296275 0.022076627715785162 0.064209773614196011 -0.032626068992833213 0.0019366250183354646 0.029481379843322848 -0.0087049716686349882
leaf_weight=21.858423791825771 7.1005099117755881 432.76869811117649 129.45840293169022 131.98999188840389 73.078561559319496 36.217402338981628 462.79894535243511 4.5877345353364936 12.020576551556585 171.42697314918041 2.7753147184848777 10.401151061058043
leaf_count=157 28 1363 237 349 165 97 1035 10 62 723 10 62
internal_value=0.0134072 0.0162053 0.0276359 0.0144109 0.00898948 0.0304322 0.0190217 -0.00256607 0.00124648 -0.000328129 -0.0230284 -0.0275458
internal_weight=1496.48 1273.41 172.776 1100.64 505.847 165.676 594.789 223.07 188.035 183.448 35.0349 32.2596
internal_count=4298 3274 362 2912 1528 334 1384 1024 795 785 229 219
is_linear=0
shrinkage=0.03


Tree=33
num_leaves=14
num_cat=0
split_feature=29 21 12 20 17 10 14 7 6 26 28 4 13
split_gain=74.298 31.8253 24.7696 37.6281 22.8145 18.2936 32.4677 22.6697 13.2281 13.5342 42.914 19.13 1.96165
threshold=0.047411372339146468 223199.00000000003 -0.004496769718410387 -0.0014166649331837065 -0.0016905654744723022 0.0050071955116622663 0.95104885529631011 89976393.310500011 3257.0000000000005 -0.0069072720604882879 -0.0023251603224801747 77.500000000000014 0.023812133890718904
decision_type=2 2 2 2 2 2 2 2 2 2 2 2 2
left_child=1 5 4 -4 -3 7 -7 -1 12 11 -11 -10 -2
right_child=8 2 3 -5 -6 6 -8 -9 9 10 -12 -13 -14
leaf_value=-0.019659933441805277 -0.0078884481313682593 0.003280463037723811 -0.022281821581578636 0.010071808770066082 0.018962852403686579 0.016098617992427275 -0.041104264728843362 0.029354766439089481 0.0006225622231700842 -0.0098303645554505426 0.020094007216882696 0.047433509250865868 -0.041554480722019831
leaf_weight=84.468878477811813 3.1322050094604483 130.81537941843271 50.494229778647423 90.047792315483093 230.77171330153942 51.689121335744858 10.795201919972895 9.4417749345302564 10.450846701860426 45.782801136374474 744.71293659508228 31.658592894673347 3.0987107902765274
leaf_count=446 15 440 233 299 714 202 58 28 28 137 1634 48 16
internal_value=0.0129968 0.00545457 0.00913523 -0.00155227 0.0132893 -0.00636272 0.00621587 -0.014732 0.0189178 0.0192437 0.0183609 0.0358158 -0.024631
internal_weight=1497.36 658.524 502.129 140.542 361.587 156.395 62.4843 93.9107 838.836 832.605 790.496 42.1094 6.23092
internal_count=4298 2420 1686 532 1154 734 260 474 1878 1847 1771 76 31
is_linear=0
shrinkage=0.03


Tree=34
num_leaves=14
num_cat=0
split_feature=29 23 6 25 26 25 10 4 10 24 25 0 22
split_gain=70.271 33.6245 30.2012 27.1639 24.6525 22.6043 19.4399 21.0393 19.2259 21.6817 14.6955 5.39201 0.0489261
threshold=0.032398442985910422 17.483502863380334 48004.500000000007 -0.00036666288137811835 -0.0034182799356169418 0.00091992996561157724 0.023567492318252711 27.500000000000004 0.0087751967726640099 0.42277584432587884 -0.00014680805425697666 -1.0000000180025095e-35 155594611.17100003
decision_type=2 2 2 2 2 2 2 2 2 2 2 2 2
left_child=1 6 8 4 -4 -5 7 -1 9 -2 -10 -3 -8
right_child=2 11 3 5 -6 -7 12 -9 10 -11 -12 -13 -14
leaf_value=0.010973934518973541 -0.022077875085434684 0.015016938796648172 -0.0061296143951864073 0.014928923676457999 0.034149155799204883 0.041533099685878379 -0.038876167327990103 -0.0095386642413881357 0.031040314448382116 0.0055463470527221713 0.0079852074821608679 0.042644837771543306 -0.042541733074767642
leaf_weight=64.591493971645832 31.717779576778412 11.284195706248285 15.276979029178618 799.9829556196928 130.47651854157448 29.81432232260704 7.9939580112695676 148.38386508077383 39.648827016353607 131.96057334542274 66.811473920941353 14.562170863151549 5.5541566014289856
leaf_count=285 142 28 45 1929 229 48 47 734 89 460 211 24 27
internal_value=0.0126002 -0.00183526 0.0155248 0.0179829 0.0299274 0.0158848 -0.00553417 -0.00331757 0.0066479 0.000193293 0.0165716 0.0305828 -0.0403789
internal_weight=1498.06 252.37 1245.69 975.551 145.753 829.797 226.523 212.975 270.139 163.678 106.46 25.8464 13.5481
internal_count=4298 1145 3153 2251 274 1977 1093 1019 902 602 300 52 74
is_linear=0
shrinkage=0.03


Tree=35
num_leaves=15
num_cat=0
split_feature=29 21 9 1 12 20 15 1 26 26 26 3 26 7
split_gain=67.4296 29.0264 27.2076 27.3505 22.978 35.2203 18.4675 13.711 20.4248 17.6672 22.5087 20.2614 15.7536 11.9906
threshold=0.047411372339146468 223199.00000000003 2.3909887208501099 0.044995476550053724 -0.004496769718410387 -0.0014166649331837065 0.0070609749730379734 0.025912851248329708 0.0027634463182782142 0.0018794400294040575 -0.0004120417916926532 0.55510843466067328 0.0040401212226040132 2463207.4495000006
decision_type=2 2 2 2 2 2 2 2 2 2 2 2 2 2
left_child=1 2 3 -1 6 -6 -3 8 13 10 -9 -11 -10 -2
right_child=7 4 -4 -5 5 -7 -8 9 12 11 -12 -13 -14 -15
leaf_value=-0.002974324909898401 -0.0087419224916010507 0.0092650338532963891 -0.028396037841677015 0.055660302169721981 -0.021957423030019491 0.0094170733106813953 0.026545641301445561 0.022137276775324538 -0.05157090888474803 0.017180092867725334 0.0083825762199177933 0.035996989851395322 -0.00020415677480026666 0.018257738081264241
leaf_weight=110.2832715138793 16.590124383568764 294.64050754159689 37.865594513714314 7.6568693816661826 50.024550728499889 90.384140625596046 68.621626421809196 263.77767661213875 6.7111914902925482 97.008075371384621 180.24064120650291 109.78571175038815 26.958851143717766 137.46842406690121
leaf_count=501 58 982 218 15 233 299 172 555 28 215 439 195 75 313
internal_value=0.0122222 0.00504512 -0.00627106 0.000832332 0.00854567 -0.00176097 0.0125294 0.0178667 0.0107241 0.019927 0.0165538 0.0271699 -0.0104427 0.0153502
internal_weight=1498.02 659.477 155.806 117.94 503.671 140.409 363.262 838.541 187.729 650.812 444.018 206.794 33.67 154.059
internal_count=4298 2420 734 516 1686 532 1154 1878 474 1404 994 410 103 371
is_linear=0
shrinkage=0.03


Tree=36
num_leaves=15
num_cat=0
split_feature=29 25 26 15 12 21 9 1 23 29 25 25 21 17
split_gain=63.5255 28.2713 48.3996 31.7167 23.7149 22.6984 22.2914 13.1344 15.103 16.7821 13.9944 13.6956 9.848 7.57414
threshold=0.047411372339146468 -0.00036666288137811835 -0.0034182799356169418 0.0070609749730379734 -0.0027276211757269026 247401.00000000003 2.2903652347794861 0.029142501145417807 1.7420749076008906 0.067243942175642085 -0.001013258929688022 0.00091992996561157724 2839421.5000000005 0.0024180191600524175
decision_type=2 2 2 2 2 2 2 2 2 2 2 2 2 2
left_child=1 2 12 5 -5 -3 -4 8 9 -2 -9 -12 -1 -10
right_child=7 3 6 4 -6 -7 -8 10 13 -11 11 -13 -14 -15
leaf_value=-0.04131612536858837 0.003096746451502882 -0.013161803421493553 0.035599482920183591 0.023190604422069203 -0.004879652319128177 0.0024500510379330924 -0.0019494411171586089 0.046598520369099533 0.014782782376489926 0.019551551765698404 0.018213301585881202 0.04416517547855741 0.019220622356592505 0.0427549830563098
leaf_weight=12.482658222317694 149.57643117010593 114.88668980449438 69.823774561285973 93.680814102292061 38.105895482003689 309.92155980318785 17.871368110179901 17.194674521684647 15.735177889466284 88.960052654147148 528.4220302850008 18.958028256893158 2.9997387379407874 19.519369825720787
leaf_count=69 410 582 159 258 149 1126 68 23 39 192 1154 28 9 32
internal_value=0.0118541 0.0048904 0.019314 0.00221665 0.0150741 -0.00177208 0.0279474 0.0173343 0.0119422 0.00923342 0.0199492 0.0191121 -0.029587 0.0302701
internal_weight=1498.14 659.772 103.178 556.595 131.787 424.808 87.6951 838.366 273.791 238.536 564.575 547.38 15.4824 35.2545
internal_count=4298 2420 305 2115 407 1708 227 1878 673 602 1205 1182 78 71
is_linear=0
shrinkage=0.03


Tree=37
num_leaves=15
num_cat=0
split_feature=29 23 25 26 28 29 21 4 4 9 6 15 12 17
split_gain=60.7708 31.174 26.9344 36.2842 35.1922 31.857 28.4912 17.594 31.0629 20.506 12.6117 5.05693 14.8351 2.38887
threshold=0.032398442985910422 17.483502863380334 -0.00036666288137811835 -0.0041137842504835225 0.00015830830171556328 0.055984192898215462 516071.50000000006 27.500000000000004 12.500000000000002 4.5678097755076656 111742.50000000001 0.0043722430107223159 -0.03064589789916981 -0.0075339079168669056
decision_type=2 2 2 2 2 2 2 2 2 2 2 2 2 2
left_child=1 7 3 13 -5 6 -4 8 -1 -9 -7 12 -3 -2
right_child=2 11 5 4 -6 10 -8 9 -10 -11 -12 -13 -14 -15
leaf_value=-0.0027785721616866198 -0.053578245675355941 0.041931714325228256 -0.00045481775797762375 0.034544463996352075 0.0016363435186247362 0.025518789666635983 0.013376447888209115 -0.0048722275200164178 0.047923797836902884 -0.030060763438126907 0.014902125406688753 0.04409534706615742 -0.020493896383914939 -0.020241545018169483
leaf_weight=56.290883123874664 4.2690103352069855 8.7170859575271589 238.58220444619656 139.05475550889969 37.037035435438156 136.9205227792263 305.89301651716232 117.60918321460485 13.479014188051222 38.646822020411491 380.69547975063324 11.494120791554449 5.6448033303022411 3.537854775786399
leaf_count=270 18 14 860 253 98 279 784 577 42 204 848 19 19 13
internal_value=0.0115002 -0.00193955 0.0142171 0.0248171 0.027623 0.0123817 0.00731576 -0.00550917 0.00701674 -0.0111021 0.0177105 0.029265 0.0173959 -0.038471
internal_weight=1497.87 251.882 1245.99 183.899 176.092 1062.09 544.475 226.026 69.7699 156.256 517.616 25.856 14.3619 7.80687
internal_count=4298 1145 3153 382 351 2771 1644 1093 312 781 1127 52 33 31
is_linear=0
shrinkage=0.03


Tree=38
num_leaves=14
num_cat=0
split_feature=18 29 24 3 24 7 7 25 15 1 24 20 24
split_gain=58.4299 30.749 18.0662 24.6174 23.6725 17.1391 17.5752 14.9122 18.3027 14.4809 12.4833 11.4986 5.31304
threshold=0.0069179129909137061 0.050686854471700231 0.74477895145846518 0.12396755920822379 0.35535086870063198 1362342.2310000001 1573517.6110000003 -0.0003944043076717358 -0.015987494089792584 0.028408434727338363 2.2104159123023162 0.023252620190682204 0.33639148368709698
decision_type=2 2 2 2 2 2 2 2 2 2 2 2 2
left_child=5 2 4 -4 -2 10 -7 8 -3 -8 12 -9 -1
right_child=1 7 3 -5 -6 6 9 11 -10 -11 -12 -13 -14
leaf_value=-0.00095037691278639037 -0.012109308607606733 -0.047393398560299373 -0.029408472262249366 0.0046721498598646391 0.013403444871210339 0.049633046299972006 -0.0086525571431630491 0.014853483135724583 0.031637353941458821 0.0083946219113870992 0.047026478989290355 0.029203056953164244 -0.032963104996715675
leaf_weight=5.6709369271993664 35.71300096809864 2.7204683274030677 23.400363117456436 103.20361776649952 392.13365577161312 6.3387000113725653 102.347183175385 575.87040956318378 86.298384934663773 79.825475908815861 2.1723435819149008 55.064304694533348 26.32903727889061
leaf_count=37 136 12 101 332 1139 17 470 1307 147 308 6 100 186
internal_value=0.0111607 0.0136382 0.00832806 -0.00162701 0.0112739 -0.0030176 0.000525957 0.0177276 0.0292221 -0.00118273 -0.0225656 0.0161058 -0.0272899
internal_weight=1497.09 1274.4 554.451 126.604 427.847 222.684 188.511 719.954 89.0189 182.173 34.1723 630.935 32
internal_count=4298 3274 1708 433 1275 1024 795 1566 159 778 229 1407 223
is_linear=0
shrinkage=0.03


Tree=39
num_leaves=15
num_cat=0
split_feature=18 29 6 4 7 7 1 25 15 1 18 18 25 28
split_gain=54.9201 29.1531 17.55 22.8178 16.4142 16.2524 15.9926 14.3554 17.3654 13.6377 11.2469 7.59699 15.8578 4.95049
threshold=0.0069179129909137061 0.050686854471700231 24822.000000000004 222.50000000000003 1362342.2310000001 1573517.6110000003 0.088339636632424709 -0.0003944043076717358 -0.015987494089792584 0.028408434727338363 0.015435024285082284 0.0036977515797245427 -0.00010520802191165431 -0.0023251603224801747
decision_type=2 2 2 2 2 2 2 2 2 2 2 2 2 2
left_child=4 2 3 -2 11 -6 -4 8 -3 -7 -9 12 -1 -13
right_child=1 7 6 -5 5 9 -8 10 -10 -11 -12 13 -14 -15
leaf_value=0.037957371869331735 -0.015335772534918066 -0.046610885422062369 0.011991924292429597 0.011313392380008358 0.047317010467216536 -0.0084265994875855951 -0.016703924756191209 0.011738774411358243 0.030886663954710573 0.0081160720722280016 0.019754489954255296 0.011670845953783785 -0.035156933276782106 -0.036452011469494644
leaf_weight=4.9569290652871132 59.24653123319149 2.6837110221385947 421.34792555868626 56.486261337995529 6.4477657675743094 101.94504554569721 18.235769122838974 324.65559516847134 85.752259686589241 80.084180012345314 306.05201944708824 2.1201468259096172 5.7863379642367345 20.787586241960526
leaf_count=16 272 12 1163 207 17 470 66 767 147 308 640 14 47 152
internal_value=0.0108292 0.0132284 0.00806499 -0.00232899 -0.00293648 0.000509388 0.0108015 0.0172156 0.0285349 -0.00114861 0.0156284 -0.0222366 -0.00142209 -0.0319982
internal_weight=1496.59 1274.46 555.316 115.733 222.128 188.477 439.584 719.144 88.436 182.029 630.708 33.651 10.7433 22.9077
internal_count=4298 3274 1708 479 1024 795 1229 1566 159 778 1407 229 63 166
is_linear=0
shrinkage=0.03


Tree=40
num_leaves=15
num_cat=0
split_feature=29 23 25 26 28 29 21 10 15 25 14 17 12 7
split_gain=52.5999 28.6209 24.4682 33.4717 33.5357 27.5186 25.574 18.7943 29.4657 10.6195 4.87544 2.22715 1.11601 0.0571612
threshold=0.032398442985910422 17.483502863380334 -0.00036666288137811835 -0.0041137842504835225 0.00015830830171556328 0.055984192898215462 516071.50000000006 0.023567492318252711 0.0075522435008963038 -0.00030332740182318659 0.41601592257454667 -0.0075339079168669056 -0.019910479600419032 7835130.2045
decision_type=2 2 2 2 2 2 2 2 2 2 2 2 2 2
left_child=1 7 3 11 -5 6 -4 8 -1 -7 -3 -2 -12 -9
right_child=2 10 5 4 -6 9 -8 13 -10 -11 12 -13 -14 -15
leaf_value=-0.0071409474608952715 -0.05268788944570605 0.0098127355227717247 -0.00076566304012239367 0.032699299638998508 0.00047498329086727894 -0.0031353166582931439 0.01232592013325807 -0.037925292249009424 0.029115137241501828 0.017209562509777333 0.053027977087360269 -0.020362432372545532 0.033541484525092778 -0.041877957444284082
leaf_weight=189.34894289821386 4.1934657245874405 8.8233708739280718 238.82899791002274 137.69552607834339 36.84291535615921 24.226385608315468 306.81877326965332 6.052225284278391 22.580032460391521 492.53987646102905 3.2773419022560146 3.5354875475168219 13.711297810077665 7.2220159471035004
leaf_count=940 18 22 860 253 98 63 784 38 79 1064 4 13 26 36
internal_value=0.0105102 -0.00201747 0.0130367 0.0231918 0.0258971 0.0112945 0.00659576 -0.00544702 -0.00327803 0.0162558 0.0279044 -0.0379011 0.0373007 -0.0400758
internal_weight=1495.7 251.015 1244.68 182.267 174.538 1062.41 545.648 225.203 211.929 516.766 25.812 7.72895 16.9886 13.2742
internal_count=4298 1145 3153 382 351 2771 1644 1093 1019 1127 52 31 30 74
is_linear=0
shrinkage=0.03


Tree=41
num_leaves=15
num_cat=0
split_feature=29 29 29 25 26 28 29 21 22 12 21 5 25 20
split_gain=49.4579 25.0173 50.4513 23.2261 31.6186 31.7503 25.9746 24.0153 17.9347 16.8014 11.7955 10.5433 9.40974 5.96819
threshold=0.032398442985910422 0.020007434860058581 0.019982888506241938 -0.00036666288137811835 -0.0041137842504835225 0.00015830830171556328 0.055984192898215462 516071.50000000006 31978473.175500002 -0.0021652956739558571 445765.50000000006 -0.010714353342049914 0.00026180484919510603 -0.023422113635804116
decision_type=2 2 2 2 2 2 2 2 2 2 2 2 2 2
left_child=1 2 13 4 -2 -6 7 -5 12 -10 -4 -8 -3 -1
right_child=3 8 10 6 5 -7 11 -9 9 -11 -12 -13 -14 -15
leaf_value=0.0017532746078861676 -0.037044152582003394 -0.036877168598411426 0.05746008405748701 -0.00074286957318751563 0.031826897140423797 0.00046074259669147578 0.02607651568177519 0.011940814748873188 0.00094069412443550373 -0.026769820722060068 0.022592815405171877 0.013994804474755301 0.00050865311054259577 -0.037119557232294709
leaf_weight=4.8202815055847195 7.6714963763952246 24.487334012985229 12.208686389029024 238.77317625284195 137.23275351524353 36.842219680547714 76.273093670606613 307.20656308531761 133.44542188197374 23.10152991861105 30.665044665336609 440.13335204124451 8.0512573271989805 13.537748686969278
leaf_count=24 31 171 38 860 253 98 148 784 573 124 72 979 50 93
internal_value=0.0102033 -0.00196376 0.0147025 0.0126513 0.0225616 0.0251884 0.0109559 0.00639386 -0.0073608 -0.00314853 0.0325216 0.0157793 -0.0276265 -0.0269127
internal_weight=1494.45 250.317 61.2318 1244.13 181.746 174.075 1062.39 545.98 189.086 156.547 42.8737 516.406 32.5386 18.358
internal_count=4298 1145 227 3153 382 351 2771 1644 918 697 110 1127 221 117
is_linear=0
shrinkage=0.03


Tree=42
num_leaves=15
num_cat=0
split_feature=18 29 17 24 24 25 28 28 25 25 24 25 15 20
split_gain=47.2245 24.9352 17.8024 24.6139 17.9535 15.5561 25.6469 25.8729 15.0217 26.5898 13.4487 13.1334 15.8842 11.1319
threshold=0.0069179129909137061 0.050686854471700231 0.0070946288071076042 0.74477895145846518 0.48611200419683515 -0.00011775243431594598 -0.0018430061892891986 -0.00060154334293538805 0.00020685594365150631 0.00030295460938608334 0.67672351964829025 -0.0003944043076717358 -0.015987494089792584 0.023252620190682204
decision_type=2 2 2 2 2 2 2 2 2 2 2 2 2 2
left_child=5 2 3 -2 -4 6 -1 -8 10 -10 -7 12 -3 -13
right_child=1 11 4 -5 -6 8 7 -9 9 -11 -12 13 -14 -15
leaf_value=-0.032748333218824151 0.0081715315301264437 -0.045868180482444114 -0.0090363958409000848 -0.0095114302284065606 0.022981217912577845 -0.024950490253207374 0.04202499252098825 0.0020782694777704462 0.03098992740811558 -0.011021084959449744 0.0028937459055740134 0.013093023835857955 0.029045302671261302 0.027271580906533872
leaf_weight=11.881475783884524 350.88322481513023 2.6269265264272681 18.803642809391022 88.768728584051132 97.445799544453621 58.147854037582874 21.657406106591225 44.731965929269791 19.741180799901485 43.298197597265244 21.341661341488361 575.00258558988571 84.079962685704231 54.565708994865417
leaf_count=66 1069 12 65 329 245 321 51 176 80 221 109 1307 147 100
internal_value=0.00990654 0.0121294 0.00736181 0.00460122 0.0178023 -0.00290062 0.0078448 0.0151096 -0.00880155 0.00213493 -0.0174748 0.0158295 0.0267757 0.0143219
internal_weight=1492.98 1272.18 555.901 439.652 116.249 220.8 78.2708 66.3894 142.529 63.0394 79.4895 716.275 86.7069 629.568
internal_count=4298 3274 1708 1398 310 1024 293 227 731 301 430 1566 159 1407
is_linear=0
shrinkage=0.03


Tree=43
num_leaves=14
num_cat=0
split_feature=29 4 5 9 25 26 18 6 5 5 12 26 15
split_gain=44.8308 24.2448 29.8498 22.8227 22.2055 29.8636 22.2274 20.475 16.3531 22.8745 13.6812 12.6299 5.80069
threshold=0.032398442985910422 27.500000000000004 0.00059689203890117136 29.947422862453532 -0.00036666288137811835 -0.0041137842504835225 0.010424987335703286 45069.000000000007 0.0011297840257368673 0.0080897998116079336 -0.0014049869027751786 0.0004989944964185856 0.0088830076762398975
decision_type=2 2 2 2 2 2 2 2 2 2 2 2 2
left_child=1 2 10 4 5 -2 -6 -4 11 -10 -1 -3 -5
right_child=3 8 7 12 6 -7 -8 -9 9 -11 -12 -13 -14
leaf_value=0.027221476823368125 -0.036230506411576061 -0.0072980949095886238 -0.02427292169158583 -0.052273428547904788 0.0042289705587530433 0.024639393479487036 0.013605559375271766 0.01338637097734645 0.014071452595345625 -0.033467329788090999 0.08282931464065639 -0.028153453596217064 -0.0047537187412735171
leaf_weight=22.180398985743526 7.5740205943584433 68.856515437364578 21.343173965811729 5.9517220407724363 332.44822970032692 171.70162397623062 720.97141478955746 33.212693944573402 45.546243868768215 11.387063071131704 4.8532224670052519 42.120950430631638 3.7804209440946579
leaf_count=75 31 337 132 26 1052 346 1687 115 183 61 12 230 11
internal_value=0.00961575 -0.001989 0.0114268 0.0119462 0.0123075 0.0220678 0.0106464 -0.00134658 -0.00850788 0.00456336 0.0372045 -0.0152136 -0.0338145
internal_weight=1491.93 249.5 81.5895 1242.43 1232.7 179.276 1053.42 54.5559 167.911 56.9333 27.0336 110.977 9.73214
internal_count=4298 1145 334 3153 3116 377 2739 247 811 244 87 567 37
is_linear=0
shrinkage=0.03


Tree=44
num_leaves=13
num_cat=0
split_feature=29 23 9 1 4 11 10 27 15 15 10 22
split_gain=42.1811 24.9038 21.5466 21.907 24.1943 22.4634 18.2617 26.7619 5.55953 4.49596 8.85611 0.0450602
threshold=0.032398442985910422 17.483502863380334 29.947422862453532 0.029596736836521004 152.50000000000003 0.020324680014330469 0.023567492318252711 0.010087936427346806 0.0088830076762398975 0.0030325404014586517 -0.016742051046345179 141030009.67850003
decision_type=2 2 2 2 2 2 2 2 2 2 2 2
left_child=1 6 3 4 -2 -5 7 -1 -4 10 -3 -8
right_child=2 9 8 5 -6 -7 11 -9 -10 -11 -12 -13
leaf_value=-0.008387466737888814 -0.00039977713625374329 0.032643237255670011 -0.051230910156928725 0.010894693691345199 0.012962746664343524 0.021556188309149415 -0.037975594973766902 0.018341163647622921 -0.0046126434445789974 0.038901101812225024 -0.018147394063863526 -0.041512490984306254
leaf_weight=168.11615736037493 218.58062076568604 8.336786210536955 5.8915560096502286 438.81739071011543 275.84947656095028 299.08748508989811 6.6546780318021757 42.170487061142921 3.7791803926229477 12.504235997796057 4.909075707197192 6.3212258219718933
leaf_count=848 667 15 26 1100 735 614 42 171 11 21 16 32
internal_value=0.00933244 -0.00193668 0.0115918 0.0119418 0.00705536 0.015216 -0.00515867 -0.00302736 -0.0330132 0.0259992 0.0138196 -0.0396986
internal_weight=1491.02 249.013 1242.01 1232.33 494.43 737.905 223.263 210.287 9.67074 25.7501 13.2459 12.9759
internal_count=4298 1145 3153 3116 1402 1714 1093 1019 37 52 31 74
is_linear=0
shrinkage=0.03


Tree=45
num_leaves=15
num_cat=0
split_feature=18 1 27 20 5 17 28 28 24 26 17 8 5 6
split_gain=41.2985 19.0091 29.0419 18.1349 15.6481 14.7855 14.9742 29.8629 17.6862 11.7466 10.5711 8.67217 3.52502 0.0416682
threshold=0.0069179129909137061 0.02055416291253704 0.019283089161605725 0.031322522610495972 -1.0000000180025095e-35 -0.0036991666926157419 -0.00052483402055793801 -0.0018430061892891986 0.71417413621460024 -0.0069072720604882879 -0.0062152742627350132 -0.0045756520921627604 0.0085680594826837275 106642.50000000001
decision_type=2 2 2 2 2 2 2 2 2 2 2 2 2 2
left_child=5 2 10 9 -4 12 7 -7 -8 -3 -2 -5 13 -1
right_child=1 3 4 11 -6 6 8 -9 -10 -11 -12 -13 -14 -15
leaf_value=-0.038786143867695862 -0.048267621236111211 0.024588734743503714 0.037713253146947782 -0.071279913174593396 -0.0023385849913588777 -0.013834713520160809 -0.013206750463082756 0.02450965488329877 0.013187284432109619 0.010644923564942331 -0.012371180832504835 0.032983789443016526 -0.0012324647874712221 -0.042648824380877408
leaf_weight=7.5787973776459676 9.9538239091634733 57.212056130170822 16.197061508893967 0.73041005432605643 19.169853806495667 29.952207364141941 99.635814785957336 46.907382860779762 29.647914133965969 1096.0787295103073 28.592785224318504 42.141915872693062 2.5827304124832144 3.7606219202280045
leaf_count=47 46 125 35 3 61 159 499 153 134 2826 105 73 13 19
internal_value=0.0090576 0.0111365 -0.00362803 0.0120488 0.016004 -0.00294052 -0.000919682 0.00956684 -0.00715395 0.0113366 -0.0216407 0.0312075 -0.0328629 -0.0400672
internal_weight=1490.14 1270.08 73.9135 1196.16 35.3669 220.065 206.143 76.8596 129.284 1153.29 38.5466 42.8723 13.9221 11.3394
internal_count=4298 3274 247 3027 96 1024 945 312 633 2951 151 76 79 66
is_linear=0
shrinkage=0.03


Tree=46
num_leaves=15
num_cat=0
split_feature=18 26 28 17 28 26 20 25 26 13 23 17 28 7
split_gain=39.0988 27.1574 27.8919 26.0966 22.6907 19.8242 18.2534 15.7131 33.4212 15.0441 22.1999 15.0277 14.9762 13.0708
threshold=0.009194937565105062 -0.0004120417916926532 -0.0018430061892891986 -0.001633644196271819 -0.0003373983015923534 -0.00016708090330272695 -0.044564137199927543 -0.0003944043076717358 -0.0034182799356169418 0.024633489697000448 0.76675811661857785 -0.0049817444216664715 -0.0014108090618215063 213190011.86450002
decision_type=2 2 2 2 2 2 2 2 2 2 2 2 2 2
left_child=1 2 6 -3 -4 -5 -1 8 13 10 -9 -11 -10 -2
right_child=7 3 4 5 -6 -7 -8 9 12 11 -12 -13 -14 -15
leaf_value=0.038513790035309456 -0.053742079993226076 -0.018638305622293377 0.030101279354526278 -0.04227152468881052 0.0046899534399733028 0.0035801456239497303 -0.011052399219893084 0.017292801895096067 0.03980509070038464 0.006342868835534937 -0.0050272069820086309 0.015609942529305556 0.015649821790291046 0.010431713707505223
leaf_weight=7.5419521927833548 6.386052265763281 81.024681434035301 69.461960628628731 8.8808834999799711 58.059044867753983 191.09759300202131 58.970777742564678 62.342253714799881 51.860325872898102 228.6223102658987 112.43854780495167 506.17018106579781 41.654950961470604 5.1682075262069702
leaf_count=17 28 366 188 49 212 729 262 149 82 584 365 1163 91 13
internal_value=0.00878821 0.00168508 0.0103172 -0.00427545 0.0185318 0.00154391 -0.00543203 0.0121138 0.0230981 0.0108449 0.00293408 0.0127266 0.0290455 -0.0250372
internal_weight=1489.68 475.037 194.034 281.003 127.521 199.978 66.5127 1014.64 105.07 909.573 174.781 734.792 93.5153 11.5543
internal_count=4298 1823 679 1144 400 778 279 2475 214 2261 514 1747 173 41
is_linear=0
shrinkage=0.03


Tree=47
num_leaves=15
num_cat=0
split_feature=13 9 21 25 23 6 25 28 28 23 20 25 17 25
split_gain=35.981 34.2678 31.2795 27.1987 20.8125 15.3441 14.7567 17.0938 20.4436 14.7098 14.044 21.2504 11.1039 9.49874
threshold=0.026926972119606821 1.4309681155656011 264672.50000000006 -9.7102269467849909e-05 0.90697537390626726 12627.500000000002 -0.0003944043076717358 0.00015830830171556328 -0.0021896413223392391 1.3113063759125565 0.031322522610495972 -3.0305715736434386e-05 0.0068661367609076382 9.8026610845332608e-05
decision_type=2 2 2 2 2 2 2 2 2 2 2 2 2 2
left_child=1 3 12 9 -4 -5 7 8 -2 -1 11 -8 -3 -12
right_child=6 2 4 5 -6 -7 10 -9 -10 -11 13 -13 -14 -15
leaf_value=0.024490400805029774 -0.0046387797908623791 -0.02569047345344231 -0.030964823032486901 -0.012067480247232433 0.0041870509950718152 0.0071109055288483937 0.0023792542257704916 -0.017602550799057318 0.035295566304438732 -0.012413598175866253 0.035336751708542287 0.013663444266259189 0.010634124698585021 0.0050135446971359392
leaf_weight=106.48871812969446 13.958675086498259 65.398882456123829 16.506846345961094 45.824840500950813 185.65046866983175 207.81028833240271 216.704414896667 8.0037374645471555 66.512090742588043 10.697314754128454 34.325473040342331 489.41909088939428 8.5658694654703122 12.751058578491209
leaf_count=245 43 360 74 241 651 621 576 25 110 40 58 1190 30 34
internal_value=0.00853047 0.00321056 -0.00479078 0.00916854 0.00131678 0.0036459 0.0126196 0.0242097 0.0283684 0.0211216 0.0112581 0.0102004 -0.0214837 0.0271235
internal_weight=1488.62 646.943 276.122 370.821 202.157 253.635 841.675 88.4745 80.4708 117.186 753.2 706.124 73.9648 47.0765
internal_count=4298 2262 1115 1147 725 862 2036 178 153 285 1858 1766 390 92
is_linear=0
shrinkage=0.03


Tree=48
num_leaves=13
num_cat=0
split_feature=7 29 9 21 28 8 26 12 26 28 15 29
split_gain=37.1867 25.6163 25.0683 31.7407 18.6633 11.7774 11.9344 15.2366 11.762 35.8236 15.918 5.24401
threshold=1305474.1010000003 0.047411372339146468 1.8118625267817976 516071.50000000006 0.0024991894477940325 0.010577663649464025 -0.0010201015034284316 -0.00022859626909289753 -0.0069072720604882879 -0.0023251603224801747 -0.015623101679070774 0.052514332020324316
decision_type=2 2 2 2 2 2 2 2 2 2 2 2
left_child=5 2 4 -4 -2 6 7 -1 10 -10 -3 -8
right_child=1 8 3 -5 -6 -7 11 -9 9 -11 -12 -13
leaf_value=-0.015225876392639564 0.012338971960220987 -0.0042504677346052126 -0.015114882735460824 0.0055686930063600423 -0.019417605181088402 0.023380589488485742 -0.033890024962002802 0.040139794387854894 -0.01394414242662069 0.013551273818571805 0.038878737690307613 0.0053435141106652562
leaf_weight=19.65396057069302 295.01020275056362 10.201570361852644 102.64367783814669 191.07985281944275 17.652346611022949 6.8770328536629668 30.038441114127636 5.7918182238936415 45.300787299871445 728.07745681703091 31.430213823914528 3.4146814048290244
leaf_count=109 902 27 498 618 71 25 210 21 135 1622 50 10
internal_value=0.00828253 0.00930302 0.00463397 -0.00165932 0.0105461 -0.01377 -0.0181077 -0.00262387 0.0127769 0.0119407 0.0283102 -0.0298853
internal_weight=1487.17 1421.4 606.386 293.724 312.663 65.7759 58.8989 25.4458 815.01 773.378 41.6318 33.4531
internal_count=4298 3923 2089 1116 973 375 350 130 1834 1757 77 220
is_linear=0
shrinkage=0.03


Tree=49
num_leaves=15
num_cat=0
split_feature=18 25 26 28 29 7 24 22 27 18 24 12 9 28
split_gain=35.2091 23.399 26.6393 28.3221 26.5393 24.8031 21.1764 17.3512 17.2688 15.0427 13.7911 10.6737 10.168 6.85991
threshold=0.0054282836069560634 -0.00036666288137811835 -0.0034182799356169418 0.00015830830171556328 0.055984192898215462 1305474.1010000003 0.43418934075963006 54685242.659000002 -0.0065474973324802146 0.0048689349840767828 1.0760535292266689 -0.00022859626909289753 0.58564355555108394 -0.0012709275467550748
decision_type=2 2 2 2 2 2 2 2 2 2 2 2 2 2
left_child=6 2 8 -4 5 -3 7 11 -2 -9 13 -1 -6 -8
right_child=1 4 3 -5 12 -7 10 9 -10 -11 -12 -13 -14 -15
leaf_value=-0.028406744451321419 0.016290985441216314 -0.021265907723059432 0.030333065199679723 0.0014862595880015654 0.001342092285777518 0.0051839320894174548 -0.0094437044356548254 0.03617597182675359 -0.036614432582553043 -0.022371111790581284 0.023093414787279005 0.040436326699599429 0.014467505623188499 -0.031425605484677155
leaf_weight=12.347400069236754 10.509877905249597 33.55525191873312 125.22012095153332 40.551754958927631 60.209229439496994 650.07205260545015 19.136980503797531 19.233694016933445 11.77253597974777 4.9702933281660071 6.1641706004738799 2.4250010699033728 451.09609422087669 38.445974335074425
leaf_count=88 27 193 235 113 150 2006 98 68 52 25 27 9 974 233
internal_value=0.0080416 0.00930026 0.0191368 0.0232764 0.00775223 0.00388566 -0.00890395 0.0085158 -0.0116607 0.0241533 -0.0195548 -0.0171056 0.0129219 -0.0241202
internal_weight=1485.71 1382.99 188.054 165.772 1194.93 683.627 102.724 38.9764 22.2824 24.204 63.7471 14.7724 511.305 57.583
internal_count=4298 3750 427 348 3323 2199 548 190 79 93 358 97 1124 331
is_linear=0
shrinkage=0.03


Tree=50
num_leaves=15
num_cat=0
split_feature=18 29 17 7 17 7 7 1 25 25 22 25 5 29
split_gain=33.4238 18.6252 15.4496 14.9984 13.6331 13.7658 14.5935 12.5599 11.5198 20.1213 16.4436 7.48386 3.49999 0.0855195
threshold=0.0069179129909137061 0.050686854471700231 0.0070946288071076042 748301.89000000013 -0.0036991666926157419 1362342.2310000001 1514139.5465000002 0.066891882226802105 0.00012090267976626087 0.00040646633177548379 689337151.58000016 1.6207927081612504e-05 0.0085680594826837275 0.038602925537702316
decision_type=2 2 2 2 2 2 2 2 2 2 2 2 2 2
left_child=4 2 3 -2 12 11 -7 -4 10 -10 -3 -6 13 -1
right_child=1 8 7 -5 5 6 -8 -9 9 -11 -12 -13 -14 -15
leaf_value=-0.038056333875379739 -0.038239428321124501 0.012503903873655756 0.017869825362633474 0.0037571218561368719 -0.0047797242284524878 0.053637142419957477 0.00062905764415285544 -0.02229569761885546 0.00097912561905469679 0.017450263656127705 0.02583492831737956 -0.03503668413572867 -0.00053156713349251255 -0.044134702974215533
leaf_weight=8.1414907053112966 7.7910517975687972 322.96207037568092 109.16761282086372 433.4699340686202 14.540336087346079 4.8057900816202155 170.87365517765284 7.4874240309000006 154.98515354096889 117.24608547985554 112.20702183246613 14.893017567694185 2.5416569784283629 2.7995504289865485
leaf_count=52 48 719 281 1350 85 10 723 29 390 247 210 127 13 14
internal_value=0.00780951 0.00968091 0.00558246 0.00301562 -0.00302287 -0.00110204 0.00207912 0.0152918 0.0129133 0.00807301 0.0159413 -0.0200895 -0.0322446 -0.0396116
internal_weight=1483.91 1265.32 557.916 441.261 218.595 205.113 175.679 116.655 707.4 272.231 435.169 29.4334 13.4827 10.941
internal_count=4298 3274 1708 1398 1024 945 733 310 1566 637 929 212 79 66
is_linear=0
shrinkage=0.03


Tree=51
num_leaves=15
num_cat=0
split_feature=18 25 9 29 26 7 9 1 1 23 6 1 17 1
split_gain=31.8912 22.204 25.2198 23.9602 23.149 22.7832 15.2053 28.628 16.8638 16.4682 12.9887 9.64311 4.36038 4.31865
threshold=0.0054282836069560634 -0.00036666288137811835 7.5407113650674509 0.055984192898215462 -0.0041137842504835225 1305474.1010000003 2.1138262391917544 0.028408434727338363 0.031831157435165548 3.2828335974269804 111742.50000000001 0.024443343678968794 0.004817934915837878 0.058005818266422149
decision_type=2 2 2 2 2 2 2 2 2 2 2 2 2 2
left_child=6 2 4 5 -2 -3 7 11 -9 13 -5 -1 -4 -8
right_child=1 3 12 10 -6 -7 9 8 -10 -11 -12 -13 -14 -15
leaf_value=-0.0065803417800983678 -0.033748763110434496 -0.020735727899636649 -0.054811902106383592 0.020163978467153943 0.022833129393425047 0.0048344268583749459 -0.037231562085770567 0.056295339369031187 0.0037494712859591941 0.028116754056012692 0.0093177071853042907 -0.039163759893758067 -0.0097986617638345843 0.0065773833759938177
leaf_weight=36.235062763094902 6.7630446553230277 32.948410004377365 4.2643346786499015 135.24115717411041 172.28330062329769 650.96436225622892 26.189316108822826 10.007871612906458 12.195369020104406 4.4683711603283873 374.62138310074806 10.556029520928858 3.5484761148691177 2.1949156671762458
leaf_count=196 28 193 20 277 368 2006 179 27 48 19 847 68 11 11
internal_value=0.00758238 0.00877746 0.0183936 0.00727226 0.0206959 0.00360255 -0.00861809 -0.000619329 0.027434 -0.0254164 0.0121947 -0.0139311 -0.0343675 -0.0338439
internal_weight=1482.48 1380.63 186.859 1193.78 179.046 683.913 101.847 68.9943 22.2032 32.8526 509.863 46.7911 7.81281 28.3842
internal_count=4298 3750 427 3323 396 2199 548 339 75 209 1124 264 31 190
is_linear=0
shrinkage=0.03


Tree=52
num_leaves=14
num_cat=0
split_feature=29 4 5 8 17 5 9 1 4 11 12 6 14
split_gain=30.2077 22.0819 27.0896 25.5559 23.6795 20.0908 19.6718 18.3721 22.296 19.7696 11.5104 8.82823 5.53685
threshold=0.032398442985910422 27.500000000000004 0.00059689203890117136 0.020928426893294761 -0.0030324230080526625 0.0011297840257368673 29.947422862453532 0.029596736836521004 152.50000000000003 0.020324680014330469 -0.0014049869027751786 42581.000000000007 0.76447245691242116
decision_type=2 2 2 2 2 2 2 2 2 2 2 2 2
left_child=1 2 10 -4 11 -6 7 8 -2 -9 -1 -3 -8
right_child=6 4 3 -5 5 -7 12 9 -10 -11 -12 -13 -14
leaf_value=0.025602981590427485 -0.002029068089509142 -0.012579297248678982 -0.0095329086350070934 0.052869950414644561 -0.011440461163598181 0.013115634500155415 -0.051509975549382137 0.008587138834940956 0.010817331290886821 0.018649139415151304 0.075630131484312801 -0.042451161116396824 -0.004743872950272056
leaf_weight=22.331906624138359 217.79558820277452 15.417314797639845 47.286502793431282 6.7494789361953726 82.065340682864189 47.251478217542171 5.9042028039693815 436.63038495182991 275.2739385664463 294.12217934429646 5.081017665565013 21.076898202300072 3.7102945744991302
leaf_count=75 667 87 232 15 425 190 26 1100 735 614 12 109 11
internal_value=0.00736337 -0.002207 0.0105846 -0.00173835 -0.00849045 -0.00246783 0.00928188 0.00961769 0.0051429 0.012637 0.0348756 -0.0298315 -0.0334626
internal_weight=1480.7 247.26 81.4489 54.036 165.811 129.317 1233.44 1223.82 493.07 730.753 27.4129 36.4942 9.6145
internal_count=4298 1145 334 247 811 615 3153 3116 1402 1714 87 196 37
is_linear=0
shrinkage=0.03


Tree=53
num_leaves=15
num_cat=0
split_feature=18 25 26 28 17 25 24 10 25 18 8 24 24 1
split_gain=29.4143 21.0956 24.3248 27.176 22.023 22.1503 19.9376 16.1871 14.5744 21.9705 13.6645 13.4829 13.2164 9.97111
threshold=0.0054282836069560634 -0.00036666288137811835 -0.0034182799356169418 0.00015830830171556328 0.0056347400202683773 0.00091992996561157724 0.43418934075963006 -0.010695915598085033 -0.00011775243431594598 0.0039310386705591728 -0.00097305438457316194 1.280278126641696 1.0760535292266689 0.028678135654210107
decision_type=2 2 2 2 2 2 2 2 2 2 2 2 2 2
left_child=6 2 7 -4 5 -3 8 -2 9 -1 -10 -6 13 -8
right_child=1 4 3 -5 11 -7 12 -9 10 -11 -12 -13 -14 -15
leaf_value=0.058688676724335732 0.015225261129140133 0.0033528408808727876 0.028678780547550946 0.00031839772226089594 0.014216891758989476 0.028886324603137625 -0.0329667382294873 -0.036184252864479897 -0.036930013154493235 -0.020274361947508292 0.010399702719698405 -0.030709092675846643 0.022744549962575699 -0.0065921634046578999
leaf_weight=9.5548906400799734 10.470879241824152 828.54417405277491 123.32768543064594 40.361080199480057 326.13959205150604 31.749156564474106 36.1219776943326 11.639709912240503 8.300980173051359 4.7467299550771704 16.211703076958656 6.1250652670860282 6.159122332930564 20.067867539823055
leaf_count=23 27 2460 235 113 780 61 234 52 59 26 82 22 27 97
internal_value=0.00714773 0.0082937 0.0176964 0.0216859 0.00682876 0.00429516 -0.00846611 -0.0118383 0.00841361 0.0324807 -0.00562804 0.0133887 -0.0189743 -0.0235472
internal_weight=1479.52 1378.36 185.799 163.689 1192.56 860.293 101.163 22.1106 38.8143 14.3016 24.5127 332.265 62.349 56.1898
internal_count=4298 3750 427 348 3323 2521 548 79 190 49 141 802 358 331
is_linear=0
shrinkage=0.03


Tree=54
num_leaves=13
num_cat=0
split_feature=7 29 9 29 13 1 9 29 18 22 18 7
split_gain=29.1819 21.858 18.5479 24.9269 16.8243 10.5871 15.9568 8.47522 6.81436 1.62074 0.0217509 0.0101156
threshold=1305474.1010000003 0.019547370574449802 4.7036814134785638 0.020007434860058581 0.029953664380916959 0.028408434727338363 1.1612234745146586 0.057048793532669069 0.013592053716304018 26570134.3365 0.0068133527462578922 36891643.447500013
decision_type=2 2 2 2 2 2 2 2 2 2 2 2
left_child=5 10 4 -4 -3 7 -7 8 -1 -8 11 -2
right_child=1 2 3 -5 -6 6 9 -9 -10 -11 -12 -13
leaf_value=-0.026078615940420592 -0.035725092956685883 0.0059861367537423944 0.022689922476319669 -0.0067969006892606406 0.012984690042882489 0.037876519610491391 -0.037022904445512234 0.026755297348182883 0.019420936647984728 -0.0046862106257886237 -0.039712812211377742 -0.038199641123250638
leaf_weight=42.663206033408642 4.0219340920448285 632.25215839594603 31.829623952507973 136.25185526907444 604.93612612783909 7.9939064085483533 4.1401544734835625 3.3146884739398947 3.1835248768329611 2.1038332507014275 3.0706429779529572 2.358671560883522
leaf_count=293 31 1924 73 487 1376 22 31 7 11 11 17 15
internal_value=0.00693963 0.00783197 0.00813778 -0.00121297 0.00940815 -0.0129724 0.00980776 -0.0195699 -0.0229192 -0.0261275 -0.0376382 -0.0366398
internal_weight=1478.12 1414.72 1405.27 168.081 1237.19 63.3993 14.2379 49.1614 45.8467 6.24399 9.45125 6.38061
internal_count=4298 3923 3860 560 3300 375 64 311 304 42 63 46
is_linear=0
shrinkage=0.03


Tree=55
num_leaves=12
num_cat=0
split_feature=7 29 29 9 8 26 3 21 12 14 22
split_gain=27.5678 20.8889 17.6695 32.4677 10.4857 11.1993 11.5772 9.23141 5.01759 0.0188613 0.0065198
threshold=1305474.1010000003 0.019547370574449802 0.020007434860058581 4.7036814134785638 0.010577663649464025 -0.0017554003856987959 0.60860313201073291 445765.50000000006 -0.00022859626909289753 0.68717483004436986 27371731.201000005
decision_type=2 2 2 2 2 2 2 2 2 2 2
left_child=4 9 7 -4 5 6 -1 -3 -7 10 -2
right_child=1 2 3 -5 -6 8 -8 -9 -10 -11 -12
leaf_value=0.018197361481374952 -0.035095297885459092 0.051026904928353801 0.0088440918959203831 -0.0066020886073195348 0.022510177563525368 -0.031356890008465199 -0.037137111601625958 0.018830433643420918 -0.0044418822201411556 -0.039351132410270474 -0.037130867745594348
leaf_weight=12.519743576645853 2.1463828161358816 10.706925719976423 1226.1888547167182 136.06701090186834 6.7798597440123549 30.945597641170025 4.6731219291687003 31.876273281872272 7.8062377050518981 2.9299155622720718 4.162376269698143
leaf_count=56 18 30 3267 487 25 221 33 76 40 17 28
internal_value=0.00673717 0.00760044 0.00789613 0.00730127 -0.0127245 -0.0169945 0.00315713 0.0269258 -0.0259351 -0.0373621 -0.0364383
internal_weight=1476.8 1414.08 1404.84 1362.26 62.7246 55.9447 17.1929 42.5832 38.7518 9.23867 6.30876
internal_count=4298 3923 3860 3754 375 350 89 106 261 63 46
is_linear=0
shrinkage=0.03


Tree=56
num_leaves=15
num_cat=0
split_feature=18 25 9 7 25 17 27 28 22 21 28 25 29 9
split_gain=27.1628 24.2446 31.9015 27.3752 18.429 14.0342 23.9636 16.8371 12.4888 12.3309 11.2774 10.5267 8.20566 3.62265
threshold=0.012417488025315686 -0.00011775243431594598 4.3154363383271965 1305474.1010000003 -6.0534707342586007e-05 -0.009742841665537294 0.017146450624981189 -0.0020087363686183695 29674720.945000004 88400.000000000015 3.6573600361502019e-05 0.00091992996561157724 0.057048793532669069 1.1263971802854569
decision_type=2 2 2 2 2 2 2 2 2 2 2 2 2 2
left_child=1 2 8 12 -5 6 7 -2 -1 -7 -4 -11 -3 -8
right_child=5 3 10 4 -6 9 13 -9 -10 11 -12 -13 -14 -15
leaf_value=-0.0055250014803101136 -0.017017527087959356 -0.029966958203827561 -0.0017084400253605998 -0.014603023308765924 0.0031029982239244558 -0.025379046828219291 0.016974005118296179 0.0058084017451990244 0.0160568150113608 0.013298425463051135 -0.04464394423421237 0.039963149889244952 0.029792656755386473 0.042358909444064882
leaf_weight=27.234220206737518 43.200425118207932 33.105114497244358 10.555836111307146 59.790807150304317 459.44534480571747 7.2495785802602759 8.2255064994096774 89.005068078637123 211.82133912295103 486.02758823335171 11.508321829140185 13.70041801035404 2.2057354897260657 13.145749121904371
leaf_count=115 136 260 37 218 1520 28 17 223 543 1095 60 22 5 19
internal_value=0.00653715 0.00287505 0.0104125 -0.000674088 0.00106412 0.0110592 0.00311422 -0.00165036 0.0135981 0.0134659 -0.0241029 0.0140295 -0.026234 0.0325886
internal_weight=1476.22 815.667 261.12 554.547 519.236 660.554 153.577 132.205 239.056 506.978 22.0642 499.728 35.3108 21.3713
internal_count=4298 2758 755 2003 1738 1540 395 359 658 1145 97 1117 265 36
is_linear=0
shrinkage=0.03


Tree=57
num_leaves=15
num_cat=0
split_feature=29 7 9 21 28 25 9 6 9 25 6 21 7 8
split_gain=26.0575 21.3702 22.172 34.4502 16.3711 14.786 17.5773 10.5181 15.6976 15.9524 11.0987 11.0892 10.7764 9.79729
threshold=0.055212660069268012 1305474.1010000003 1.7749908674607224 496886.00000000006 0.0024991894477940325 -0.00024191820897113229 1.1263971802854569 125013.00000000001 0.40830953169482126 0.00091992996561157724 88360.000000000015 1991222.5000000002 38741887.918000005 -0.011975054149160618
decision_type=2 2 2 2 2 2 2 2 2 2 2 2 2 2
left_child=1 5 4 -4 -3 6 -1 10 11 -10 13 -9 -12 -2
right_child=7 2 3 -5 -6 -7 -8 8 9 -11 12 -13 -14 -15
leaf_value=0.030226325476689461 0.03427261338440888 0.010192340039476428 -0.014257672658825542 0.0053053090423431058 -0.012328941416068637 -0.024477517063657448 -0.037476105008207417 -0.0027641454541684827 0.0082859580795858513 0.03835547171459136 0.04045610729815554 -0.067854918801106431 0.011550913195399881 0.009476639032816812
leaf_weight=11.238997004926206 16.464647069573402 430.03862595558167 121.67547078430653 242.43345715105534 31.15361650288105 40.363963901996613 4.9808738604187957 5.8646011352539045 389.36516737937927 16.553772166371346 30.467191815376282 3.9369688779115677 18.753191143274307 111.19895312190056
leaf_count=31 28 1221 556 740 106 296 36 15 884 25 46 16 41 257
internal_value=0.00634833 0.00307911 0.00430193 -0.00123212 0.00867102 -0.0147562 0.00943595 0.0112134 0.00860635 0.00951222 0.0173406 -0.028909 0.0294431 0.0126746
internal_weight=1474.49 881.885 825.301 364.109 461.192 56.5838 16.2199 592.604 415.721 405.919 176.884 9.80157 49.2204 127.664
internal_count=4298 2986 2623 1296 1327 363 67 1312 940 909 372 31 87 285
is_linear=0
shrinkage=0.03


Tree=58
num_leaves=15
num_cat=0
split_feature=18 25 26 28 17 25 24 10 22 6 26 24 12 1
split_gain=25.0633 19.4862 22.8221 25.7908 19.8941 19.688 18.9144 15.0798 14.0904 13.675 12.9787 12.689 9.99975 9.52166
threshold=0.0054282836069560634 -0.00036666288137811835 -0.0034182799356169418 0.00015830830171556328 0.0056347400202683773 0.00091992996561157724 0.43418934075963006 -0.010695915598085033 54685242.659000002 944148.50000000012 0.0018794400294040575 1.0760535292266689 -0.00022859626909289753 0.028678135654210107
decision_type=2 2 2 2 2 2 2 2 2 2 2 2 2 2
left_child=6 2 7 -4 5 -3 8 -2 12 -10 -6 13 -1 -8
right_child=1 4 3 -5 10 -7 11 -9 9 -11 -12 -13 -14 -15
leaf_value=-0.027570904795788005 0.013742528533076835 0.0025253657062057895 0.027109020565192495 -0.00063486939275661102 0.0068133108072703629 0.026808680311988461 -0.032686553061601772 -0.035998936656182284 0.029903479038401976 -0.039111235610047777 0.018786435761548214 0.022216769996273155 0.039539426991499017 -0.0067563073206630408
leaf_weight=11.568601720035074 10.456163078546526 827.102892793715 121.46403916180134 40.115467399358749 185.7273528277874 31.181673340499401 35.095070712268353 11.538261741399763 21.762320838868622 2.9321160912513724 145.17045967280865 6.1339417472481719 2.4154970049858084 20.012901142239571
leaf_count=88 27 2460 235 113 478 61 234 52 76 17 324 27 9 97
internal_value=0.00616532 0.00722121 0.0163184 0.020221 0.00581688 0.00340758 -0.00834096 -0.0123518 0.00808306 0.021709 0.0120661 -0.0187139 -0.0159788 -0.0232698
internal_weight=1472.68 1372.76 183.574 161.58 1189.18 858.285 99.9204 21.9944 38.6785 24.6944 330.898 61.2419 13.9841 55.108
internal_count=4298 3750 427 348 3323 2521 548 79 190 93 802 358 97 331
is_linear=0
shrinkage=0.03


Tree=59
num_leaves=15
num_cat=0
split_feature=13 9 21 25 7 23 25 25 21 25 26 18 18 5
split_gain=24.3156 27.4549 26.5247 21.6132 20.8358 19.4715 14.5477 11.9278 13.6821 15.546 12.0736 18.4843 9.72899 8.68171
threshold=0.026926972119606821 1.4309681155656011 264672.50000000006 -9.7102269467849909e-05 1362342.2310000001 0.90697537390626726 -0.00044161127236986788 -0.0003944043076717358 14364830.000000002 -3.0305715736434386e-05 -0.0034182799356169418 0.011695788132243217 0.013195639798160425 -0.012498492159227974
decision_type=2 2 2 2 2 2 2 2 2 2 2 2 2 2
left_child=1 3 12 6 -5 -4 -1 10 9 -9 11 -2 -3 -12
right_child=7 2 5 4 -6 -7 -8 8 -10 -11 13 -13 -14 -15
leaf_value=0.001346234267913205 0.02809513501147964 -0.024639202349835451 -0.031617119357300084 -0.026475189356336724 0.0046286187676507547 0.0027302107841915063 0.024572226815019534 0.00089356411846574385 0.028676404936601018 0.010381292498035041 -0.032515147326031502 -0.041396116957157919 0.01464573288624979 0.027097680559588687
leaf_weight=34.553711466491222 7.1165959015488607 65.662951491773129 16.147209212183952 21.158278785645962 231.03956454992294 185.54011049866676 81.560510911047459 227.77123186737299 28.185965284705162 489.38540925085545 2.2724544107913962 6.6772890090942383 6.2101811319589606 67.755368903279305
leaf_count=93 16 369 74 166 696 651 192 602 53 1203 8 27 21 127
internal_value=0.00598685 0.00160308 -0.00559618 0.00695026 0.00201915 -1.96573e-05 0.0176605 0.00938042 0.00817376 0.00736796 0.02011 -0.00554391 -0.0212448 0.0251632
internal_weight=1471.04 641.873 273.56 368.312 252.198 201.687 116.114 829.164 745.343 717.157 83.8217 13.7939 71.8731 70.0278
internal_count=4298 2262 1115 1147 862 725 285 2036 1858 1805 178 43 390 135
is_linear=0
shrinkage=0.03


Tree=60
num_leaves=15
num_cat=0
split_feature=29 29 29 9 28 5 26 5 18 15 8 12 9 8
split_gain=23.5973 18.8915 23.967 29.4508 16.6339 10.1057 18.2755 16.6663 15.6892 12.5468 5.97672 2.67521 0.0254599 0.00656375
threshold=0.055212660069268012 0.019023997455488426 0.020007434860058581 4.7036814134785638 0.00084790030970919173 -0.010714353342049914 0.0015536595847194812 -0.0096521812406375248 0.016726466611607926 -0.013807891557462338 -0.0052823507860965254 -0.011162795647044857 5.7427371663739555 0.00035156695609849729
decision_type=2 2 2 2 2 2 2 2 2 2 2 2 2 2
left_child=1 12 4 -4 -3 6 8 10 -2 -9 -7 -8 13 -1
right_child=5 2 3 -5 -6 7 11 9 -10 -11 -12 -13 -14 -15
leaf_value=-0.03463478845393949 0.022116667346636851 0.030358909380812118 0.0042103897926269642 -0.012522860378736395 -0.022193583005021521 -0.050714223886220357 0.046227150729398259 -0.004400526763108658 -0.011644127040886977 0.011254897447440838 -0.0035509789378698029 0.027839426503515209 -0.039008481601355068 -0.036342672081825574
leaf_weight=3.4866497889161092 33.468452960252762 42.45938491076231 711.04707188904285 109.20099698007107 6.2139381617307654 5.46988645195961 18.040901452302936 51.391311168670654 19.669028550386429 445.19155007600784 4.3345152586698514 11.764862880110739 2.6395295634865752 4.8318777829408646
leaf_count=32 65 111 2317 442 31 20 25 135 54 981 11 21 16 37
internal_value=0.00581428 0.00270271 0.00319636 0.00198266 0.0236497 0.0104599 0.0201667 0.00886998 0.00961999 0.00963472 -0.0298634 0.0389692 -0.0364414 -0.0356268
internal_weight=1469.21 879.879 868.921 820.248 48.6733 589.331 82.9432 506.387 53.1375 496.583 9.8044 29.8058 10.9581 8.31853
internal_count=4298 2986 2901 2759 142 1312 165 1147 119 1116 31 46 85 69
is_linear=0
shrinkage=0.03


Tree=61
num_leaves=13
num_cat=0
split_feature=18 26 28 26 20 17 28 22 21 17 27 26
split_gain=23.1059 22.5631 22.6848 21.5885 20.6334 19.1271 16.4713 16.4029 13.2852 13.7151 22.3077 14.2553
threshold=0.012417488025315686 -0.00045277323989318139 -0.0018430061892891986 -0.00016708090330272695 -0.012307653105227212 -0.001633644196271819 -0.00052483402055793801 214519712.01000002 68414.500000000015 -0.009742841665537294 0.017146450624981189 -0.0069072720604882879
decision_type=2 2 2 2 2 2 2 2 2 2 2 2
left_child=1 2 4 7 -1 -5 -4 -3 -2 10 -10 -11
right_child=8 3 6 5 -6 -7 -8 -9 9 11 -12 -13
leaf_value=0.0072102169008909306 -0.034004270385535933 -0.047370692280804837 0.022450037402955727 -0.0091981220094928175 -0.019216651800249895 0.0039063650898344023 0.0056663255490341184 0.00044445861921115875 -0.0023240360623891262 0.036399575466278256 0.031097243017653885 0.011561779693255092
leaf_weight=73.696163415908813 6.1631221622228614 15.942236669361593 107.43611295521259 147.67215524613857 41.599871702492237 312.1016830354929 103.15223364531994 10.852592393755911 129.60108533501625 21.744237497448921 20.868447795510292 477.22427032887936
leaf_count=230 26 86 274 558 189 1055 331 35 352 37 36 1089
internal_value=0.00564429 0.00226339 0.00837228 -0.0018281 -0.00232484 -0.000302591 0.0142289 -0.0280043 0.00983406 0.0102501 0.00231112 0.0126442
internal_weight=1468.05 812.453 325.884 486.569 115.296 459.774 210.588 26.7948 655.601 649.438 150.47 498.969
internal_count=4298 2758 1024 1734 419 1613 605 121 1540 1514 388 1126
is_linear=0
shrinkage=0.03


Tree=62
num_leaves=15
num_cat=0
split_feature=18 25 9 28 17 7 25 18 25 25 4 29 17 9
split_gain=22.2409 18.1991 21.7163 19.8653 17.7896 22.3591 21.5038 14.83 17.4632 17.1059 16.3106 7.99209 4.01065 2.66044
threshold=0.0054282836069560634 -0.00036666288137811835 7.5407113650674509 -0.0023251603224801747 0.00042047040887554214 2388579.3845000006 0.00091992996561157724 0.0048689349840767828 -0.00011775243431594598 -0.00074090273753692323 87.500000000000014 0.046549577884010603 0.004817934915837878 0.77464945617327052
decision_type=2 2 2 2 2 2 2 2 2 2 2 2 2 2
left_child=7 2 3 -2 6 -6 -3 8 9 -1 -10 13 -4 -9
right_child=1 4 12 -5 5 -7 -8 11 10 -11 -12 -13 -14 -15
leaf_value=-0.038729432927548664 -0.033235202100569891 -0.0001226503876970413 -0.054077916287245495 0.01953893302246756 -0.013376708268204361 0.010039367593677871 0.027032994156474636 -0.010675760984275534 0.0050740035548192362 0.0245067729596091 -0.0322530646923056 0.01737726590807628 -0.01045654974182259 -0.038807336154749621
leaf_weight=4.4909459799528149 6.6762245148420325 530.17090728878975 4.1533098667860022 166.88329716026783 39.136518910527229 589.55291543900967 27.611325114965439 3.609051860868937 20.562053374946117 26.974565498530865 21.606726430356503 3.0684772580862036 3.4917884171009064 18.714399725198746
leaf_count=30 28 1581 20 368 187 1503 52 22 118 89 158 9 11 122
internal_value=0.00547994 0.006474 0.0153292 0.0175089 0.00512158 0.00858169 0.00122161 -0.0082492 -0.00143172 0.0154813 -0.0140519 -0.0280193 -0.0341545 -0.0342593
internal_weight=1466.7 1367.68 181.205 173.56 1186.47 628.689 557.782 99.0262 73.6343 31.4655 42.1688 25.3919 7.6451 22.3235
internal_count=4298 3750 427 396 3323 1690 1633 548 395 119 276 153 31 144
is_linear=0
shrinkage=0.03


Tree=63
num_leaves=13
num_cat=0
split_feature=22 18 7 3 26 15 27 26 3 25 25 18
split_gain=21.7434 16.9844 19.9527 23.012 20.1464 12.0892 25.1248 11.6983 10.2517 8.99223 3.15798 0.134338
threshold=16453981.502500003 0.012417488025315686 279352486.36650008 0.42647058823529249 0.0004989944964185856 -0.016946202795470548 -0.022370222211569184 -0.0069072720604882879 0.049171312625629383 0.00021089200597581385 -0.00031346814503075294 0.010253784786257467
decision_type=2 2 2 2 2 2 2 2 2 2 2 2
left_child=8 2 4 -4 -2 6 -3 -7 9 -1 -10 -12
right_child=1 5 3 -5 -6 7 -8 -9 10 -11 11 -13
leaf_value=-0.016634530252494339 0.0052537233266487567 0.0032641361081989151 -0.0059551525091521285 0.024012239026849569 -0.0052906954081493483 0.02869846847774029 -0.060143992425192375 0.0097109904556011584 -0.010429663263055163 0.051135856089388705 -0.035519545556733055 -0.043291228101356674
leaf_weight=4.3612923994660404 399.92596875876188 50.875913634896278 33.270153924822807 75.164701208472252 275.3616920337081 30.799411877989769 6.3231157213449469 563.46873462200165 5.5089184269309106 2.956692598760128 14.565408516675232 2.3206942826509467
leaf_count=28 1311 132 109 178 963 59 26 1316 28 9 127 12
internal_value=0.00532176 0.00584765 0.00287218 0.0148176 0.000954031 0.00942719 -0.00374537 0.0106951 -0.0200799 0.0107468 -0.0301531 -0.0365876
internal_weight=1464.9 1435.19 783.723 108.435 675.288 651.467 57.199 594.268 29.713 7.31798 22.395 16.8861
internal_count=4298 4094 2561 287 2274 1533 158 1375 204 37 167 139
is_linear=0
shrinkage=0.03


Tree=64
num_leaves=15
num_cat=0
split_feature=13 17 20 25 6 28 7 28 28 28 17 28 25 28
split_gain=20.9475 23.2152 22.556 21.267 26.816 23.5498 19.6889 12.86 11.4101 21.8729 21.1046 29.8676 11.8413 11.8155
threshold=0.026926972119606821 -0.0021813527037032529 -0.016222407884611944 -0.000152581626249253 45069.000000000007 -0.0021896413223392391 2463207.4495000006 -0.0018171053169694681 -0.0018933259784514149 -0.00052483402055793801 -0.0047201996005067802 -0.0021127053602471284 -2.7195643526946862e-05 -0.0023251603224801747
decision_type=2 2 2 2 2 2 2 2 2 2 2 2 2 2
left_child=1 2 6 5 -5 -3 -1 -4 10 -10 13 -12 -11 -2
right_child=8 3 7 4 -6 -7 -8 -9 9 12 11 -13 -14 -15
leaf_value=0.032155459980534346 -0.018239198268363139 -0.040091784026969397 -0.042833440979974324 -0.012152553972046259 0.006560399533537215 0.017631664032096577 -0.0041746200040024984 -0.013574387090881299 0.019858894399223889 0.0014555457197871771 0.020364351657121388 -0.041238567892066015 0.010643670702173773 0.0079757697831098363
leaf_weight=15.602294892072676 52.121025145053864 6.6930812895297995 17.455020621418953 101.63141789287329 214.13778080046177 128.20859061926603 96.230631805956364 59.963389031589031 154.51339832693338 208.12765907496214 58.092672787606716 8.0670021772384626 320.83836688101292 22.00727815926075
leaf_count=58 166 43 84 533 640 345 314 245 330 546 133 29 780 52
internal_value=0.00516627 0.00109433 -0.00772334 0.00479716 0.00053757 0.0147677 0.000893946 -0.0201712 0.00832945 0.00992905 0.000536235 0.012853 0.0070285 -0.0104565
internal_weight=1463.69 639.922 189.251 450.671 315.769 134.902 111.833 77.4184 823.767 683.479 140.288 66.1597 528.966 74.1283
internal_count=4298 2262 701 1561 1173 388 372 329 2036 1656 380 162 1326 218
is_linear=0
shrinkage=0.03


Tree=65
num_leaves=13
num_cat=0
split_feature=22 29 29 29 26 20 9 12 29 29 18 7
split_gain=20.4814 17.0404 17.3069 30.9119 13.6831 10.2143 12.6332 2.00335 6.0827 0.171173 0.0184824 0.0115973
threshold=16453981.502500003 0.019547370574449802 0.020007434860058581 0.028908263013382379 0.0023886210876346292 -0.020731379413798202 1.1108744322341277 -0.002804224645798666 0.04110264654322817 0.050686854471700231 0.0068133527462578922 36891643.447500013
decision_type=2 2 2 2 2 2 2 2 2 2 2 2
left_child=5 10 4 -4 -3 6 -1 9 -9 -7 11 -2
right_child=1 2 3 -5 -6 7 -8 8 -10 -11 -12 -13
leaf_value=0.040798474173412487 -0.034615755990834801 0.030440961553939976 -0.01067219277720729 0.006454786420508743 -0.02041774125526959 -0.035809902121308509 -0.037341837704760655 -0.035556634025636982 0.022607327346261273 -0.044580314247684216 -0.038692679533804474 -0.037464638216553839
leaf_weight=4.6719746440649059 3.0947833582758886 38.931768894195557 102.4485716894269 1277.593350276351 5.424313858151435 11.308652382344009 3.0961551629006863 5.4511223286390278 2.3013699948787689 2.4338448643684396 3.1814362183213234 2.2004072517156601
leaf_count=17 28 93 510 3405 24 97 25 47 6 12 19 15
internal_value=0.00501641 0.00552382 0.0057762 0.00518335 0.0242214 -0.0198293 0.00965397 -0.0304843 -0.0182903 -0.0373632 -0.0368854 -0.0357996
internal_weight=1462.14 1432.87 1424.4 1380.04 44.3561 29.2631 7.76813 21.495 7.75249 13.7425 8.47663 5.29519
internal_count=4298 4094 4032 3915 117 204 42 162 53 109 62 43
is_linear=0
shrinkage=0.03


Tree=66
num_leaves=13
num_cat=0
split_feature=29 13 9 23 28 4 3 23 25 3 15 28
split_gain=20.0881 17.1484 24.8003 23.2332 17.9075 17.209 21.154 17.6374 9.86908 11.2472 30.6815 11.8158
threshold=0.056556520758638942 0.02758045276898596 1.4309681155656011 1.9499042679355985 0.0024991894477940325 207.50000000000003 0.83209471516816225 0.95772892152749789 -0.001013258929688022 0.83209471516816225 0.00050776022554043594 -0.00028598577274068735
decision_type=2 2 2 2 2 2 2 2 2 2 2 2
left_child=1 2 4 -4 -1 6 -3 -7 -2 11 -11 -10
right_child=8 5 3 -5 -6 7 -8 -9 9 10 -12 -13
leaf_value=0.006498114499488626 0.033911249055601611 -0.0080455847829669358 -0.014685322246706024 0.0047794719541908092 -0.025195140625579857 -0.0074361859447803404 0.012194359043001647 0.017900530605402747 0.016695482424684636 -0.019446255962139714 0.01458764367501997 0.0066823548528346073
leaf_weight=275.92209528386593 14.395762771368025 106.41716125607491 166.26046380400658 82.611157320439816 17.035772755742073 29.5745470225811 82.507146000862122 150.87008523195982 179.53834171593189 42.88978610932827 53.671701222658157 259.16847336292267
leaf_count=911 25 338 762 312 79 88 212 364 373 128 112 594
internal_value=0.00486978 0.00213748 -0.00126054 -0.00822412 0.00465512 0.00712206 0.000793617 0.0137479 0.00939922 0.00873998 -0.000529218 0.0107802
internal_weight=1460.86 911.198 541.829 248.872 292.958 369.369 188.924 180.445 549.664 535.268 96.5615 438.707
internal_count=4298 3066 2064 1074 990 1002 550 452 1232 1207 240 967
is_linear=0
shrinkage=0.03


Tree=67
num_leaves=13
num_cat=0
split_feature=29 29 29 9 28 21 25 25 22 26 25 21
split_gain=19.2829 16.6228 20.9082 28.4217 14.2791 9.8728 20.012 14.0296 0.0271063 0.00964307 0.00528971 0.00148743
threshold=0.019023997455488426 0.056556520758638942 0.020007434860058581 4.7036814134785638 0.00084790030970919173 1328774.5000000002 0.00012090267976626087 0.00038464346425174398 43394163.881500013 -0.0004120417916926532 -8.8883549980697129e-05 111608.50000000001
decision_type=2 2 2 2 2 2 2 2 2 2 2 2
left_child=8 2 4 -4 -2 7 -7 -3 10 -10 -1 -12
right_child=1 5 3 -5 -6 6 -8 -9 9 -11 11 -13
leaf_value=-0.035748503536076497 0.027774768887749816 0.0095386246693908838 0.0035201994165350325 -0.01288242458577764 -0.021403694635165806 0.011417208610735117 -0.0057338524451204563 0.025754016448493931 -0.039015666049110949 -0.036440457431493316 -0.033041884613951134 -0.03434836754058463
leaf_weight=1.8765385597944257 42.589285425841808 227.7542619407177 742.57527240738273 109.03498606383801 6.0711284577846518 161.03728993237019 98.788388893008232 60.851295188069344 2.313686229288578 3.0127871558070183 1.4752925932407364 1.6744287461042402
leaf_count=15 111 513 2396 443 31 351 255 113 14 22 18 16
internal_value=0.00472959 0.00502113 0.00251296 0.00142011 0.021639 0.0091384 0.0048962 0.0129576 -0.0360679 -0.0375591 -0.0344876 -0.0337364
internal_weight=1459.05 1448.7 900.271 851.61 48.6604 548.431 259.826 288.606 10.3527 5.32647 5.02626 3.14972
internal_count=4298 4213 2981 2839 142 1232 606 626 85 36 49 34
is_linear=0
shrinkage=0.03


Tree=68
num_leaves=12
num_cat=0
split_feature=22 29 25 26 17 20 9 21 27 18 7
split_gain=19.0205 15.6484 15.4122 26.9851 18.0602 9.79867 11.6533 1.95472 1.94329 0.0154139 0.0089992
threshold=16453981.502500003 0.019547370574449802 -0.00036666288137811835 -0.0034182799356169418 0.0056347400202683773 -0.020731379413798202 1.1108744322341277 258930.50000000003 0.025531557366428991 0.0068133527462578922 36891643.447500013
decision_type=2 2 2 2 2 2 2 2 2 2 2
left_child=5 9 3 -3 -4 6 -1 8 -7 10 -2
right_child=1 2 4 -5 -6 7 -8 -9 -10 -11 -12
leaf_value=0.038447308809644733 -0.034369130907208431 -0.016039564928626546 0.0018850634298262965 0.017417872477588817 0.010140098798800153 -0.036742421938696201 -0.037140159413102017 -0.0044574996335952771 -0.0043673940903625726 -0.038129768968079375 -0.03693775029571604
leaf_weight=4.7506320178508785 2.9645453691482526 24.868539862334728 901.78083216398954 170.07237555831671 324.29769975692034 16.740108385682113 2.991627287119627 2.3464756160974494 1.8533741459250439 3.0609344765543938 2.095132127404213
leaf_count=17 28 101 2754 391 786 137 25 17 8 19 15
internal_value=0.00459155 0.00507701 0.00531431 0.0131497 0.00406852 -0.019597 0.00924013 -0.0302592 -0.0335153 -0.0364494 -0.0354328
internal_weight=1457.82 1429.14 1421.02 194.941 1226.08 28.6822 7.74226 20.94 18.5935 8.12061 5.05968
internal_count=4298 4094 4032 492 3540 204 42 162 145 62 43
is_linear=0
shrinkage=0.03


Tree=69
num_leaves=14
num_cat=0
split_feature=7 29 29 9 25 24 29 9 21 12 29 23 25
split_gain=18.3415 15.6227 14.0952 24.4319 9.04813 15.3639 9.80029 8.90001 7.61659 6.31157 0.0396774 0.0165027 0.00607026
threshold=1305474.1010000003 0.019547370574449802 0.020007434860058581 4.7036814134785638 -0.00024191820897113229 0.57330374217912128 0.057048793532669069 0.7982120797989859 445765.50000000006 -0.00022859626909289753 0.03167543470089116 3.1693084237452616 7.3664339592101962e-05
decision_type=2 2 2 2 2 2 2 2 2 2 2 2 2
left_child=4 11 8 -4 5 10 9 -7 -3 -6 -1 12 -2
right_child=1 2 3 -5 6 7 -8 -9 -10 -11 -12 -13 -14
leaf_value=-0.036272287543592553 -0.036438398036269269 0.043417787949410792 0.0061994666574589075 -0.0072808809656035416 -0.029890832481908085 0.048606992982876282 0.024681372021650338 -0.004676134588762257 0.014743023655789578 0.00045239002171288388 -0.041852951063715484 -0.038172311771434354 -0.034415673813993145
leaf_weight=2.6697626188397434 2.4013281241059286 11.340718887746332 1212.067905895412 134.42336718738079 30.973465874791145 6.5883801281452161 4.1469320654869071 4.934356264770031 31.475098021328449 7.7041947692632666 2.0097527429461479 2.7371290698647499 3.0078528597950935
leaf_count=22 18 30 3267 487 252 12 9 23 76 46 11 17 28
internal_value=0.00445774 0.00514964 0.00539253 0.00485369 -0.0119229 0.00717278 -0.0191475 0.0257897 0.0223382 -0.0238468 -0.0386691 -0.0362741 -0.0353136
internal_weight=1456.48 1397.45 1389.31 1346.49 59.0268 16.2023 42.8246 11.5227 42.8158 38.6777 4.67952 8.14631 5.40918
internal_count=4298 3923 3860 3754 375 68 307 35 106 298 33 63 46
is_linear=0
shrinkage=0.03


Tree=70
num_leaves=13
num_cat=0
split_feature=18 7 26 26 28 4 26 21 10 24 10 0
split_gain=17.7397 21.0523 19.7158 27.1224 19.3952 17.8823 19.5656 12.1262 10.9329 15.8417 12.1241 9.3469
threshold=0.012417488025315686 279352486.36650008 -0.0014071478760883866 -0.0025518637372914793 0.00026090571677240426 107.50000000000001 8.2148758988626844e-05 68414.500000000015 0.019203252453615142 0.81490961416336571 0.015758613379667583 0.00066223283038637545
decision_type=2 2 2 2 2 2 2 2 2 2 2 2
left_child=1 2 3 -1 -4 11 -7 -2 10 -10 -9 -3
right_child=7 5 4 -5 -6 6 -8 8 9 -11 -12 -13
leaf_value=-0.003958854635461694 -0.033970472874950815 0.036906538061525655 -0.012041042484212719 0.017211377371290113 0.00053762072419993455 0.019055603206039301 -0.013918803084268353 0.0070271873647388865 0.020013501500341008 -8.6129700865702905e-05 -0.016490799240240352 0.0045616867277401413
leaf_weight=105.75001388043165 6.1292954683303824 31.994648769497871 171.03542950376868 112.30815830826759 310.79950615018606 35.015827089548111 30.130700580775738 439.86579509079456 132.88894176483154 48.052773386240005 20.654702618718147 10.739943563938139
leaf_count=391 26 63 676 308 1096 86 107 1062 272 119 61 31
internal_value=0.00432693 0.00136133 -0.000540116 0.00694461 -0.00392739 0.0136972 0.00380472 0.00802609 0.00842737 0.0146756 0.00597239 0.0287777
internal_weight=1455.37 807.774 699.893 218.058 481.835 107.881 65.1465 647.592 641.462 180.942 460.52 42.7346
internal_count=4298 2758 2471 699 1772 287 193 1540 1514 391 1123 94
is_linear=0
shrinkage=0.03


Tree=71
num_leaves=13
num_cat=0
split_feature=22 25 26 28 17 25 10 26 3 25 1 21
split_gain=17.3184 14.5844 25.9451 22.709 17.5141 15.992 13.6206 13.5796 9.32464 7.60912 3.05711 2.40578
threshold=16453981.502500003 -0.00036666288137811835 -0.0034182799356169418 -0.0014108090618215063 0.0056347400202683773 0.00091992996561157724 -0.010695915598085033 0.0018794400294040575 0.049171312625629383 0.00021089200597581385 0.04642427651113893 258930.50000000003
decision_type=2 2 2 2 2 2 2 2 2 2 2 2
left_child=8 2 6 -4 5 -3 -2 -6 9 -1 11 -10
right_child=1 4 3 -5 7 -7 -8 -9 10 -11 -12 -13
leaf_value=-0.015804715801483932 0.0087215918588399322 0.00057489999547349739 0.029505968725968171 0.007224628368274138 0.0040115153540029617 0.022696587549245546 -0.035721426692541219 0.016389469009709161 -0.036707705332112699 0.046852944107507732 0.0097440163974644844 -0.0042317273108998903
leaf_weight=4.1855818629264858 11.102604880928995 877.13505574315786 70.630483999848366 98.690970167517662 181.80528892576694 30.431284658610821 14.072941601276396 142.12845217436552 16.797121617943056 2.9906912595033646 1.6564874574542034 2.3387686014175406
leaf_count=28 31 2745 138 255 471 63 73 318 142 9 8 17
internal_value=0.00420124 0.00465978 0.012294 0.016519 0.00345406 0.00131665 -0.0161217 0.00944244 -0.0191775 0.0103077 -0.029354 -0.0327385
internal_weight=1453.97 1426 194.497 169.321 1231.5 907.566 25.1755 323.934 27.9687 7.17627 20.7924 19.1359
internal_count=4298 4094 497 393 3597 2808 104 789 204 37 167 159
is_linear=0
shrinkage=0.03


Tree=72
num_leaves=15
num_cat=0
split_feature=18 24 26 4 26 21 26 18 21 9 15 24 11 1
split_gain=16.9241 17.7447 13.4014 21.4823 20.4532 25.2002 14.2518 12.8182 14.7781 13.9595 12.5123 11.6963 9.4229 9.00929
threshold=0.0054282836069560634 0.43418934075963006 -0.0069072720604882879 77.500000000000014 -0.005412600882611294 434066.00000000006 -0.0049981727721336664 0.0039310386705591728 399577.50000000006 1.4200262155229615 -0.0057875847881597954 1.0760535292266689 0.0068737164794578512 0.028678135654210107
decision_type=2 2 2 2 2 2 2 2 2 2 2 2 2 2
left_child=1 7 3 10 5 -4 -6 9 -9 -1 -2 13 -5 -3
right_child=2 11 4 12 6 -7 -8 8 -10 -11 -12 -13 -14 -15
leaf_value=0.049157118190716581 -0.025902498505097193 -0.032330544500026911 0.023684299879817277 0.0082515836350420379 0.032155250535488691 -0.035087765820636788 0.0045373204507684521 -0.037975138773808648 0.014678271638778289 -0.0030451493676990678 0.034061093323861397 0.021300817558103799 0.03860597427574633 -0.006693441354660162
leaf_weight=10.267368346452715 12.228842452168466 33.334899753332138 9.0401428788900358 13.071308866143225 17.046613529324532 23.991938099265099 1244.7060798332095 8.7591963894665259 10.606737084686754 8.3677137568593007 4.2101102471351615 6.0161472707986823 31.110810697078705 19.584378682076931
leaf_count=33 42 234 25 33 36 88 3459 65 44 48 9 27 58 97
internal_value=0.00407978 -0.00802983 0.00494584 0.0187322 0.00430037 -0.0190032 0.00491045 0.00795479 -0.00913682 0.0257167 -0.0105455 -0.0183366 0.0296256 -0.0228428
internal_weight=1452.34 96.9364 1355.41 60.6211 1294.78 33.0321 1261.75 38.001 19.3659 18.6351 16.439 58.9354 44.1821 52.9193
internal_count=4298 548 3750 142 3608 113 3495 190 109 81 51 358 91 331
is_linear=0
shrinkage=0.03


Tree=73
num_leaves=15
num_cat=0
split_feature=29 7 9 21 28 25 9 21 25 29 27 25 0 0
split_gain=16.7097 15.7615 14.8497 25.6469 15.6651 12.0244 13.9271 9.58537 18.6267 16.9286 14.8578 13.4313 14.1676 13.4748
threshold=0.056556520758638942 1305474.1010000003 1.7749908674607224 496886.00000000006 0.0024991894477940325 -0.00024191820897113229 1.1263971802854569 1328774.5000000002 0.00012090267976626087 0.10537295470779141 0.028796939953342007 0.00038464346425174398 0.0040138521505685776 -0.0048658803655162244
decision_type=2 2 2 2 2 2 2 2 2 2 2 2 2 2
left_child=1 5 4 -4 -3 6 -1 11 10 -10 -9 12 -2 -13
right_child=7 2 3 -5 -6 -7 -8 8 9 -11 -12 13 -14 -15
leaf_value=0.025562649996851313 0.010615499474506429 0.0073738652983678385 -0.01328274830119933 0.003497833718077398 -0.014007482481624348 -0.023476554085689799 -0.036823819688367954 0.0052653509968022434 -0.010072644854881926 0.03522756969349871 0.027071486531728126 -0.067418006079186313 -0.018746180819185505 0.02669321014373691
leaf_weight=11.252003669738768 209.80482026934624 451.62275761365891 122.6571928486228 247.12569876760244 33.099657744169235 37.853352095931768 4.5118486285209647 122.68485879898071 90.220531925559044 8.0901706516742689 36.484481185674667 1.4019261300563801 15.912074342370031 58.745209127664566
leaf_count=31 466 1276 561 752 112 298 36 286 242 13 65 6 47 107
internal_value=0.00395941 0.00146959 0.0024596 -0.00206829 0.00591382 -0.0143084 0.00770672 0.00812079 0.00392227 -0.00634481 0.0102637 0.0119024 0.00854563 0.0244996
internal_weight=1451.47 908.123 854.505 369.783 484.722 53.6172 15.7639 543.344 257.48 98.3107 159.169 285.864 225.717 60.1471
internal_count=4298 3066 2701 1313 1388 365 67 1232 606 255 351 626 513 113
is_linear=0
shrinkage=0.03


Tree=74
num_leaves=12
num_cat=0
split_feature=29 29 29 25 26 26 26 22 26 25 22
split_gain=16.5079 14.1967 30.1527 17.5056 13.2698 11.7683 8.74252 0.0214608 0.00813702 0.00485182 0.00135125
threshold=0.019023997455488426 0.020007434860058581 0.028908263013382379 -0.00034703461401847021 -0.0069072720604882879 0.0023886210876346292 0.00016494435494794166 43394163.881500013 -0.0004120417916926532 -9.5779806604573002e-05 16060767.689500002
decision_type=2 2 2 2 2 2 2 2 2 2 2
left_child=7 5 3 -3 -4 6 -2 9 -9 -1 -11
right_child=1 2 4 -5 -6 -7 -8 8 -10 10 -12
leaf_value=-0.035330932749311025 0.010131489251484591 0.011062385916990602 0.018833251624593143 -0.018227724467640923 0.0041595081340303095 -0.020955052381465809 0.037363069914528264 -0.038247338281165097 -0.035803506845385219 -0.032720271456978756 -0.034024237903238913
leaf_weight=1.6433244347572324 18.979949600994587 23.562435522675514 58.093297213315964 83.245134260505438 1226.3586533367634 5.578741341829299 24.061800293624401 2.1899358108639717 2.7864033207297325 1.6331790760159477 1.2725100219249723
leaf_count=14 62 94 134 467 3376 26 54 14 22 22 13
internal_value=0.00384607 0.00410648 0.00354961 -0.0117661 0.00482317 0.0200412 0.0253549 -0.0355175 -0.036879 -0.0340281 -0.0332913
internal_weight=1449.41 1439.88 1391.26 106.808 1284.45 48.6205 43.0417 9.52535 4.97634 4.54901 2.90569
internal_count=4298 4213 4071 561 3510 142 116 85 36 49 35
is_linear=0
shrinkage=0.03


Tree=75
num_leaves=12
num_cat=0
split_feature=29 29 29 9 26 25 3 22 26 25 22
split_gain=15.8565 13.7097 17.937 24.6184 11.0588 9.50517 10.6244 0.019359 0.00879585 0.00439358 0.00122592
threshold=0.019023997455488426 0.056556520758638942 0.020007434860058581 4.7036814134785638 0.0023886210876346292 -0.001013258929688022 0.83209471516816225 43394163.881500013 -0.0011748567554940525 -9.5779806604573002e-05 16060767.689500002
decision_type=2 2 2 2 2 2 2 2 2 2 2
left_child=7 2 4 -4 -2 -3 -7 9 -9 -1 -11
right_child=1 5 3 -5 -6 6 -8 8 -10 10 -12
leaf_value=-0.035150694924396694 0.024558865583394224 0.032456042704244167 0.002647168729670218 -0.012678480219827905 -0.020415861640283528 0.0091129236298547849 -0.001950986533422448 -0.038143747530116207 -0.035556196109693641 -0.032633138016659839 -0.033891848887327915
leaf_weight=1.6028103232383726 43.102662324905396 13.666662260890005 740.58665765449405 108.10308648645878 5.5546654164791098 432.63948208093643 95.325655370950699 2.0309255048632622 2.8297018781304359 1.5890792794525608 1.2396525293588636
leaf_count=14 116 25 2396 443 26 967 240 13 23 22 13
internal_value=0.00373337 0.00398562 0.00171062 0.000695042 0.0194246 0.00775471 0.0071153 -0.0353299 -0.0366374 -0.0338958 -0.0331848
internal_weight=1448.27 1438.98 897.347 848.69 48.6573 541.632 527.965 9.29217 4.86063 4.43154 2.82873
internal_count=4298 4213 2981 2839 142 1232 1207 85 36 49 35
is_linear=0
shrinkage=0.03


Tree=76
num_leaves=13
num_cat=0
split_feature=22 25 26 26 17 29 26 12 20 9 21 29
split_gain=15.3713 13.6734 24.2132 21.8742 16.2184 19.2051 13.3211 10.4595 9.21273 10.3165 1.96028 1.61051
threshold=16453981.502500003 -0.00036666288137811835 -0.0034182799356169418 -0.0012974814199818057 0.0056347400202683773 0.096938677093608802 0.0018794400294040575 -0.013821259159395515 -0.020731379413798202 1.1108744322341277 258930.50000000003 0.055796232233848483
decision_type=2 2 2 2 2 2 2 2 2 2 2 2
left_child=8 2 7 -4 5 -3 -6 -2 9 -1 11 -10
right_child=1 4 3 -5 6 -7 -8 -9 10 -11 -12 -13
leaf_value=0.036297111476581781 0.0047066367899054528 5.5544850464079532e-06 0.029331493958153605 0.0070425368761938452 0.0032758105162484178 0.024082579242249359 0.015566159254179151 -0.034198131109955537 -0.036100568683543839 -0.036743699228615929 -0.0033933952181511382 -0.005680431423603193
leaf_weight=4.7464376538991955 11.649861529469492 874.01275987178087 64.27968955039978 103.32630973309278 181.06475821137428 30.86939525604248 141.31477134674788 13.342397309839724 15.56167502701283 2.7480026558041573 2.2709370702505103 1.7416259348392475
leaf_count=17 34 2750 125 268 471 58 318 70 139 25 17 6
internal_value=0.00362471 0.00405165 0.0114832 0.0155907 0.00288539 0.000826925 0.00866327 -0.0160631 -0.0187698 0.00951508 -0.0295993 -0.0330387
internal_weight=1446.93 1419.86 192.598 167.606 1227.26 904.882 322.38 24.9923 27.0687 7.49444 19.5742 17.3033
internal_count=4298 4094 497 393 3597 2808 789 104 204 42 162 145
is_linear=0
shrinkage=0.03


Tree=77
num_leaves=12
num_cat=0
split_feature=29 11 9 1 29 4 4 5 22 26 26
split_gain=15.0446 13.4485 13.6309 17.2937 14.5658 8.98095 13.0864 5.87312 0.0182573 0.00800033 0.00153326
threshold=0.019023997455488426 0.039926229899028831 4.3154363383271965 0.029925370936393105 0.020007434860058581 37.500000000000007 227.50000000000003 1.0000000180025095e-35 43394163.881500013 -0.0011748567554940525 0.00044800228091871366
decision_type=2 2 2 2 2 2 2 2 2 2 2
left_child=8 2 3 -2 -4 7 -7 -3 10 -10 -1
right_child=1 5 4 -5 -6 6 -8 -9 9 -11 -12
leaf_value=-0.033100084151617068 0.0001753926133149535 0.044415761157289624 0.013921893088141367 0.0075329570752887438 -0.0095141861290312189 -0.0058050135835415236 0.017685720670425713 0.017698364271699754 -0.037875852086804489 -0.035379379146750982 -0.034243009497982688
leaf_weight=1.9567602202296237 550.23967148736119 11.049642398953436 29.119313277304173 602.16679244115949 132.33829705044627 35.583910226821899 53.334198147058487 22.449771001935005 1.9858594611287115 2.7623435333371162 2.2958078719675541
leaf_count=25 1821 17 72 1537 511 96 111 48 13 23 24
internal_value=0.00351998 0.00376228 0.00287618 0.00401994 -0.00528743 0.0132725 0.00828502 0.026511 -0.0351448 -0.0364235 -0.0337171
internal_weight=1445.28 1436.28 1313.86 1152.41 161.458 122.418 88.9181 33.4994 9.00077 4.7482 4.25257
internal_count=4298 4213 3941 3358 583 272 207 65 85 36 49
is_linear=0
shrinkage=0.03


Tree=78
num_leaves=12
num_cat=0
split_feature=7 29 17 13 22 8 4 1 24 23 22
split_gain=14.5633 13.0343 13.3965 25.2603 16.8151 8.24438 9.97599 18.5403 10.3325 0.0136388 0.00405668
threshold=1305474.1010000003 0.019547370574449802 -0.0021813527037032529 0.028044008169614651 1006869447.2045001 0.010577663649464025 322.50000000000006 0.023327097979854231 0.33233463626151782 3.1693084237452616 27371731.201000005
decision_type=2 2 2 2 2 2 2 2 2 2 2
left_child=5 9 3 -3 -4 6 8 -8 -1 10 -2
right_child=1 2 4 -5 -6 -7 7 -9 -10 -11 -12
leaf_value=0.011068703655148402 -0.033511980510702991 -0.008245615737570532 0.004705139686267997 0.0056744988064990672 0.016247317939077108 0.020617823355943612 -0.030114743129926447 0.029349493138365698 -0.03389955807504539 -0.037366399810227692 -0.035314305159272592
leaf_weight=5.59342132508755 1.7604281157255162 191.43945425003767 751.39574600756168 303.06286317110062 133.8290279507637 6.3952623829245558 8.8351654447615164 10.128948315978048 25.858660280704498 2.5630597993731499 3.1087358444929123
leaf_count=35 20 662 2136 755 307 25 70 42 203 17 26
internal_value=0.00341753 0.00402724 0.00424068 0.000285527 0.0064501 -0.0114698 -0.0155401 0.00164578 -0.0259024 -0.0355951 -0.0346627
internal_weight=1443.97 1387.16 1379.73 494.502 885.225 56.8115 50.4162 18.9641 31.4521 7.43222 4.86916
internal_count=4298 3923 3860 1417 2443 375 350 112 238 63 46
is_linear=0
shrinkage=0.03


Tree=79
num_leaves=14
num_cat=0
split_feature=18 25 18 5 25 26 28 15 29 5 12 9 7
split_gain=14.0484 15.6293 14.3781 14.0221 15.4275 13.2938 26.8203 19.5942 7.60819 7.19947 3.61583 2.60851 0.794205
threshold=0.0054282836069560634 -0.001013258929688022 0.0048689349840767828 -0.0043823960990783213 0.00033704638541754561 -0.0069072720604882879 -0.0018933259784514149 -0.0063511479349939162 0.046549577884010603 0.00059689203890117136 -0.013925984598861353 0.77464945617327052 55951032.5295
decision_type=2 2 2 2 2 2 2 2 2 2 2 2 2
left_child=2 9 3 10 -5 7 -7 -3 11 -2 -1 -4 -11
right_child=1 5 8 4 -6 6 -8 -9 -10 12 -12 -13 -14
leaf_value=0.014555762058780527 0.0014018744225942079 0.00042670452085272144 -0.010386358835230704 0.011965505855659956 -0.036116726721055641 -0.0086508815040340116 0.0046353795857487111 0.034691645440806537 0.016515180709029183 0.030525540610592927 -0.031661789821477986 -0.03861604833303494 0.04271985150881584
leaf_weight=1.7169461548328389 7.2244035303592709 30.260233268141747 3.5268340557813707 48.684611454606056 6.8509160913527003 156.058763705194 1104.7107506841421 29.823047265410423 3.0725009590387335 9.7662690728902835 13.520304873585699 17.885533329099417 9.4658277034759504
leaf_count=8 18 80 22 238 57 501 3056 62 9 18 92 122 15
internal_value=0.00331792 0.00410511 -0.00781605 -0.000960571 0.00603404 0.00364782 0.0029908 0.0174345 -0.0276316 0.0269358 -0.026454 -0.0339663 0.0365274
internal_weight=1442.57 1347.31 95.2576 70.7728 55.5355 1320.85 1260.77 60.0833 24.4849 26.4565 15.2373 21.4124 19.2321
internal_count=4298 3750 548 395 295 3699 3557 142 153 51 100 144 33
is_linear=0
shrinkage=0.03


Tree=80
num_leaves=10
num_cat=0
split_feature=29 26 17 13 7 21 18 6 25
split_gain=13.9603 12.7431 12.9736 25.6121 16.5747 5.74316 0.0129336 0.00769925 0.00431905
threshold=0.019023997455488426 0.0080900261186116051 -0.0021813527037032529 0.028044008169614651 309266136.45150012 1271751.5000000002 0.0068133527462578922 632478.00000000012 -0.000152581626249253
decision_type=2 2 2 2 2 2 2 2 2
left_child=6 2 3 -2 -4 -3 7 8 -1
right_child=1 5 4 -5 -6 -7 -8 -9 -10
leaf_value=-0.034848759337255682 -0.0085292138050501627 -0.011445414144643456 0.0040224308171933473 0.0052511705336340687 0.015006660910936338 -0.063802884360152259 -0.036721884221103701 -0.036009484885086283 -0.032907405306613506
leaf_weight=1.5271785780787466 200.58309183642268 4.140789955854415 769.95919599756598 307.42947319149971 147.28806890547276 3.46198371052742 2.4142960757017136 1.4943869858980177 3.1769577600061876
leaf_count=14 732 15 2333 776 342 15 17 12 42
internal_value=0.00322062 0.00344951 0.00365615 -0.00018986 0.00578624 -0.0352868 -0.0348591 -0.0341336 -0.0335377
internal_weight=1441.48 1432.86 1425.26 508.013 917.247 7.60277 8.61282 6.19852 4.70414
internal_count=4298 4213 4183 1508 2675 30 85 68 56
is_linear=0
shrinkage=0.03


Tree=81
num_leaves=14
num_cat=0
split_feature=22 11 9 1 13 3 23 28 28 20 0 4 29
split_gain=13.566 12.1652 13.0829 14.687 13.6702 9.05758 8.97602 22.5124 8.63769 6.86051 2.70248 5.98584 0.0764257
threshold=16453981.502500003 0.039926229899028831 4.3154363383271965 0.029925370936393105 0.017599134035728235 0.049171312625629383 1.4670627140052395 0.0023353869697185429 0.0014329707082877056 -0.018426614592737565 0.0016260415947384093 27.500000000000004 0.050686854471700231
decision_type=2 2 2 2 2 2 2 2 2 2 2 2 2
left_child=5 2 3 -2 -4 9 7 -3 -8 -1 12 -12 -7
right_child=1 6 4 -5 -6 10 8 -9 -10 -11 11 -13 -14
leaf_value=0.040653355092178343 0.00019534940092410659 0.010314813899118187 -0.030692524821955749 0.0070387671398937672 -0.002320721816019116 -0.034967404376290791 0.010395360820048001 -0.051501047362234501 0.03156575589912472 -0.019040402834415729 0.027815014221938453 -0.036613754940854365 -0.041747587341994227
leaf_weight=3.5084874927997589 534.83873226493597 44.488211430609226 17.106293551623821 597.63155656307936 143.49012816697359 12.203834068030121 40.315655127167702 6.0197583585977545 30.443050697445869 3.4236347414553192 2.1653232239186755 3.2392904236912727 1.7053084522485722
leaf_count=13 1728 100 101 1522 472 122 96 22 53 24 6 30 9
internal_value=0.00312589 0.00352247 0.00267042 0.00380678 -0.00534281 -0.0182451 0.0126079 0.00294733 0.0195037 0.0111718 -0.0288035 -0.0108008 -0.0357987
internal_weight=1440.58 1414.33 1293.07 1132.47 160.596 26.2459 121.267 50.508 70.7587 6.93212 19.3138 5.40461 13.9091
internal_count=4298 4094 3823 3250 573 204 271 122 149 37 167 36 131
is_linear=0
shrinkage=0.03


Tree=82
num_leaves=12
num_cat=0
split_feature=29 29 29 17 1 28 27 1 22 17 1
split_gain=13.2226 12.6138 25.82 16.1688 12.6646 11.731 6.72398 4.31996 0.013642 0.00579565 0.00105972
threshold=0.019023997455488426 0.020007434860058581 0.028908263013382379 -0.0030922317719546638 0.02055416291253704 0.00084790030970919173 0.0273626429235059 0.023019442445050133 43394163.881500013 0.00064530619597206486 0.024089144039195088
decision_type=2 2 2 2 2 2 2 2 2 2 2
left_child=8 5 3 -3 -4 6 -2 -7 10 -10 -1
right_child=1 2 4 -5 -6 7 -8 -9 9 -11 -12
leaf_value=-0.032791511523731921 0.028145845389524596 -0.035224522925474636 -0.0074114482110139625 -0.0057136534411873626 0.004695265368228803 0.0058006653558058726 -0.0087984924686661803 -0.045761205000452831 -0.034895817364106657 -0.037102442919762849 -0.033792296645101222
leaf_weight=1.6535795554518684 37.545379899442196 20.808651518076658 83.18432891741395 84.816755242645741 1193.5438597612083 2.7660219669342032 5.0274652466177931 3.1029018834233284 2.6101282648742199 1.8169476464390752 2.2451866194605827
leaf_count=23 93 122 298 439 3212 12 18 19 23 13 26
internal_value=0.0030351 0.00325446 0.00272716 -0.0115274 0.00390646 0.0183017 0.0237831 -0.0214601 -0.0346619 -0.0358015 -0.0333678
internal_weight=1439.12 1430.8 1382.35 105.625 1276.73 48.4418 42.5728 5.86892 8.32584 4.42708 3.89877
internal_count=4298 4213 4071 561 3510 142 111 31 85 36 49
is_linear=0
shrinkage=0.03


Tree=83
num_leaves=15
num_cat=0
split_feature=25 26 28 18 23 9 17 26 13 27 24 25 24 18
split_gain=12.9937 22.3055 20.1093 16.0125 15.6983 13.9745 13.5737 15.7264 15.1798 13.0673 13.054 15.3893 12.8319 11.3155
threshold=-0.00036666288137811835 -0.0034182799356169418 0.00015830830171556328 0.0060627294594495272 1.3113063759125565 2.368144186123089 -0.0033423477080162388 -0.0040400599413027696 0.057207795718889128 -0.0095890714396991723 0.46927377611690119 -0.00011775243431594598 0.62406960631024722 0.011809096764476971
decision_type=2 2 2 2 2 2 2 2 2 2 2 2 2 2
left_child=1 9 5 10 -4 -3 8 -8 -5 13 11 -2 -12 -1
right_child=3 2 4 6 -6 -7 7 -9 -10 -11 12 -13 -14 -15
leaf_value=0.032372340991107675 0.031611595319433534 0.024056699060961972 -0.020614219951205208 -0.004018981336147226 0.014818557604952577 -0.0060140899861878426 0.020012771126363706 0.0038722025914691813 0.016559236320329372 -0.034895302395253729 -0.033229859344797656 -0.0072584315696286889 -0.0038437732174189092 -0.030854947975602228
leaf_weight=6.7960955351591128 11.718587495386599 109.22115023434162 22.834173247218132 322.81132622808218 22.188914008438587 15.938412912189959 58.781448118388653 717.30956443399191 35.844435587525368 14.407329257577656 29.023566376417875 42.102676596492529 24.801972944289446 4.0749082565307617
leaf_count=14 39 228 73 973 62 51 138 1962 77 81 186 245 153 16
internal_value=0.00294638 0.0101364 0.0140422 0.0018152 -0.00315174 0.0202273 0.00286419 0.0050947 -0.00196237 -0.016159 -0.00924262 0.0012048 -0.0196892 0.0086721
internal_weight=1437.85 195.461 170.183 1242.39 45.0231 125.16 1134.75 776.091 358.656 25.2783 107.647 53.8213 53.8255 10.871
internal_count=4298 525 414 3773 135 279 3150 2100 1050 111 623 284 339 30
is_linear=0
shrinkage=0.03


Tree=84
num_leaves=13
num_cat=0
split_feature=7 20 25 26 26 8 4 29 9 25 12 21
split_gain=12.7594 12.6747 13.739 20.2531 15.5461 7.70496 9.48002 12.6222 6.95578 10.3524 6.77528 4.82474
threshold=1305474.1010000003 0.031322522610495972 -0.0003944043076717358 -0.0041137842504835225 -0.0069072720604882879 0.010577663649464025 322.50000000000006 0.037890331662503128 1.3611364290879997 0.00011912634834278071 -0.00022859626909289753 1041711.0000000001
decision_type=2 2 2 2 2 2 2 2 2 2 2 2
left_child=5 2 3 -2 -4 6 10 -8 9 -3 -1 -10
right_child=1 8 4 -5 -6 -7 7 -9 11 -11 -12 -13
leaf_value=-0.033131175175804911 -0.034769906891456592 0.018620654100912581 0.016729953060790389 0.013800554695259903 0.0010111550228363716 0.019909117127520189 -0.0200291105343334 0.029634607693016492 0.0018245611006862518 -0.032632460394127372 0.00061546387854752489 0.036176192422424321
leaf_weight=23.693583797663454 8.1515876203775388 13.990195259451868 59.639582954347134 148.20607602968812 1121.1463849321008 6.3422468714416018 10.580796062946321 8.1559148952364904 4.5046511590480831 4.7514873296022406 6.9176543392240992 20.095264777541161
leaf_count=199 36 28 141 368 3290 25 87 25 12 16 39 32
internal_value=0.00286125 0.0034292 0.00291167 0.0112684 0.00180509 -0.0112174 -0.0152178 0.00158904 0.0193958 0.0056267 -0.025505 0.0298858
internal_weight=1436.18 1380.49 1337.14 156.358 1180.79 55.6902 49.3479 18.7367 43.3416 18.7417 30.6112 24.5999
internal_count=4298 3923 3835 404 3431 375 350 112 88 44 238 44
is_linear=0
shrinkage=0.03


Tree=85
num_leaves=11
num_cat=0
split_feature=22 26 17 13 22 3 20 0 4 13
split_gain=12.3347 11.7986 11.726 23.1355 15.73 8.7208 6.30559 2.58776 5.58241 0.0440862
threshold=16453981.502500003 0.0080900261186116051 -0.0021813527037032529 0.028044008169614651 1006869447.2045001 0.049171312625629383 -0.018426614592737565 0.0016260415947384093 27.500000000000004 0.020404255192745406
decision_type=2 2 2 2 2 2 2 2 2 2
left_child=5 2 3 -2 -4 6 -1 9 -9 -7
right_child=1 -3 4 -5 -6 7 -8 8 -10 -11
leaf_value=0.038742458264965168 -0.0083697191306215321 -0.034394327622569325 0.003751237249713713 0.0048405164125445077 0.014934634075219784 -0.034660674221789409 -0.018615755477715552 0.026534130728405075 -0.036364854788764611 -0.038777061365215894
leaf_weight=3.5536428093910217 195.9451122507453 7.4922634661197653 767.89942691102624 305.10196655988693 132.76454077661037 10.325450032949449 3.3520463220775154 2.1422255262732497 3.1187100037932396 3.0283705592155448
leaf_count=13 704 29 2278 772 311 110 24 6 30 21
internal_value=0.00277817 0.0031525 0.00335319 -0.000325627 0.00539975 -0.017892 0.0109006 -0.0285734 -0.0107527 -0.0355942
internal_weight=1434.72 1409.2 1401.71 501.047 900.664 25.5204 6.90569 18.6148 5.26094 13.3538
internal_count=4298 4094 4065 1476 2589 204 37 167 36 131
is_linear=0
shrinkage=0.03


Tree=86
num_leaves=13
num_cat=0
split_feature=29 29 29 25 1 28 26 1 22 26 25 22
split_gain=12.4331 12.0149 23.8149 15.6583 11.5356 11.0331 7.69515 4.13413 0.0131254 0.00614213 0.00276837 0.000931106
threshold=0.019023997455488426 0.020007434860058581 0.028908263013382379 -0.00034703461401847021 0.02055416291253704 0.00084790030970919173 0.00016494435494794166 0.023019442445050133 43394163.881500013 -0.0011748567554940525 -9.5779806604573002e-05 16060767.689500002
decision_type=2 2 2 2 2 2 2 2 2 2 2 2
left_child=8 5 3 -3 -4 6 -2 -7 10 -10 -1 -12
right_child=1 2 4 -5 -6 7 -8 -9 9 -11 11 -13
leaf_value=-0.034301660793005999 0.008474264853682861 0.010173541251747157 -0.0073021637941968424 -0.017602904490295133 0.0042764442876673204 0.0054474718816329088 0.034202710791476264 -0.045374867515008598 -0.036979551567742491 -0.034690232656817067 -0.032054655102121472 -0.03325540139003743
leaf_weight=1.3633644171059134 18.647885710000992 23.565131604671478 82.832793965935707 81.220887914299965 1189.7327657192945 2.7394357770681372 23.835191383957863 3.0380512699484825 1.8301602900028227 2.4894651435315609 1.2762892283499225 1.0672315321862695
leaf_count=14 59 94 298 467 3212 12 52 19 13 23 22 13
internal_value=0.00269671 0.00290634 0.00239081 -0.0113563 0.00352278 0.0176195 0.0229092 -0.0212771 -0.0345364 -0.0356602 -0.0332268 -0.0326015
internal_weight=1433.64 1425.61 1377.35 104.786 1272.57 48.2606 42.4831 5.77749 8.02651 4.31963 3.70689 2.34352
internal_count=4298 4213 4071 561 3510 142 111 31 85 36 49 35
is_linear=0
shrinkage=0.03


Tree=87
num_leaves=12
num_cat=0
split_feature=29 29 29 26 18 28 26 1 18 6 13
split_gain=11.9674 11.317 22.5029 11.4662 10.5638 10.3919 7.25115 3.99105 0.0102801 0.00581234 0.00124127
threshold=0.019023997455488426 0.020007434860058581 0.028908263013382379 -0.0069072720604882879 0.0073820996601684325 0.00084790030970919173 0.00016494435494794166 0.023019442445050133 0.0068133527462578922 632478.00000000012 0.005010422367186634
decision_type=2 2 2 2 2 2 2 2 2 2 2
left_child=8 5 4 -4 -3 6 -2 -7 9 10 -1
right_child=1 2 3 -5 -6 7 -8 -9 -10 -11 -12
leaf_value=-0.033954095579013049 0.0082145930586817652 -0.0032852965675619129 0.016525509211986745 0.0027993600822971156 -0.022790471169188104 0.0052820201991070495 0.033186872259493495 -0.04487611350428506 -0.0360967473814095 -0.035386364474876572 -0.032812651476518261
leaf_weight=1.201733998954295 18.660054326057434 62.470696497708559 57.359025500714779 1214.7783408388495 41.651627741754055 2.7404712438583365 23.827922403812408 2.980532743036747 2.2518569678068161 1.3764398694038389 2.9927525781095028
leaf_count=14 59 360 134 3376 201 12 52 19 17 12 42
internal_value=0.00261803 0.00282124 0.00232078 0.00341825 -0.0110879 0.0171084 0.0222194 -0.0208494 -0.0343862 -0.0336948 -0.0331397
internal_weight=1432.29 1424.47 1376.26 1272.14 104.122 48.209 42.488 5.721 7.82278 5.57093 4.19449
internal_count=4298 4213 4071 3510 561 142 111 31 85 68 56
is_linear=0
shrinkage=0.03


Tree=88
num_leaves=15
num_cat=0
split_feature=25 26 26 18 29 25 15 27 7 15 1 20 12 22
split_gain=11.7259 20.4352 19.3274 20.7191 14.3887 17.2268 13.6099 12.4539 11.945 11.662 10.7588 10.9299 8.97134 7.42
threshold=-0.00036666288137811835 -0.0034182799356169418 -0.0012974814199818057 0.013675862739110149 0.044001722354574238 -0.00027410915263091797 0.0038491706810682316 -0.0095890714396991723 3556232.0350000006 -0.010078213907162068 0.0177479864787136 0.019752560299137602 -0.0019316395870786782 32776458.572500002
decision_type=2 2 2 2 2 2 2 2 2 2 2 2 2 2
left_child=1 7 13 -4 5 8 -7 9 -2 -1 12 -12 -6 -3
right_child=4 2 3 -5 10 6 -8 -9 -10 -11 11 -13 -14 -15
leaf_value=-0.022798645798345632 0.0083767825827567276 0.0020405184080165479 -0.005305181107911258 0.022346278281733193 -0.044270794227086185 -0.0053250390188575841 0.0057616234027857011 -0.034394989570440335 -0.035604885883204783 0.039600433103762475 0.0033922442964518769 0.016345544478020675 -0.00095202536900230604 0.030323783770820401
leaf_weight=5.3947419375181198 7.3755727447569397 9.8449794203042966 64.584510289132595 39.184762299060822 7.4394475445151356 268.98619838058949 158.30244652926922 14.183604031801222 22.546985805034637 5.3877396583557147 698.88524305075407 63.995620682835579 10.205106511712073 54.905437439680099
leaf_count=20 32 30 198 80 31 1187 540 81 101 10 1720 131 31 106
internal_value=0.00254121 0.00940922 0.0131618 0.00513641 0.00146759 -0.00275864 -0.00121764 -0.0159208 -0.0247639 0.00838063 0.0039432 0.00447885 -0.0192165 0.0260235
internal_weight=1431.22 193.486 168.52 103.769 1237.74 457.211 427.289 24.9661 29.9226 10.7825 780.525 762.881 17.6446 64.7504
internal_count=4298 525 414 278 3773 1860 1727 111 133 30 1913 1851 62 136
is_linear=0
shrinkage=0.03


Tree=89
num_leaves=12
num_cat=0
split_feature=29 25 28 28 25 6 25 27 18 6 25
split_gain=11.4405 10.9926 19.0611 18.8407 12.9779 18.2802 13.374 11.7896 0.00933202 0.00550636 0.00263319
threshold=0.019023997455488426 -0.00036666288137811835 -0.0021896413223392391 0.00015830830171556328 -0.00027410915263091797 73791.500000000015 -0.00024191820897113229 -0.0095890714396991723 0.0068133527462578922 632478.00000000012 -9.5779806604573002e-05
decision_type=2 2 2 2 2 2 2 2 2 2 2
left_child=8 2 7 -4 5 -3 -6 -2 9 10 -1
right_child=1 4 3 -5 6 -7 -8 -9 -10 -11 -12
leaf_value=-0.034074236804149304 0.0081553969375243972 0.0081617264933592764 0.019062064584670278 -0.0036678114960715992 0.023387913842653204 -0.021309106122969611 0.0019378630980576217 -0.033794782528237838 -0.035892723739868904 -0.035241526117214782 -0.032468375785500707
leaf_weight=1.404587537050247 10.748545005917551 30.665359202772379 122.38133826851845 44.847850516438484 26.784744739532471 49.551648758351803 1122.6668064072728 13.732843536883591 2.1963481307029724 1.3395437225699423 2.6581416353583327
leaf_count=15 30 97 277 134 57 160 3381 77 17 12 41
internal_value=0.00246897 0.00266523 0.00934694 0.0129663 0.00162352 -0.010043 0.0024377 -0.0153766 -0.0342439 -0.0335735 -0.0330236
internal_weight=1428.98 1421.38 191.711 167.229 1229.67 80.217 1149.45 24.4814 7.59862 5.40227 4.06273
internal_count=4298 4213 518 411 3695 257 3438 107 85 68 56
is_linear=0
shrinkage=0.03


Tree=90
num_leaves=15
num_cat=0
split_feature=29 7 9 5 23 6 9 29 24 8 15 0 26 12
split_gain=11.2959 11.4302 12.0208 15.2936 14.5748 9.32224 15.0864 13.1055 11.9274 11.0397 21.6847 13.5992 7.88617 9.69617
threshold=0.056556520758638942 1305474.1010000003 1.7749908674607224 0.00472178205345938 0.98074975158352873 125013.00000000001 0.40830953169482126 0.10124654118754482 0.7865784301115295 0.012342859236434347 0.0052146606560062427 0.0035546279283653367 -0.0010201015034284316 -0.00022859626909289753
decision_type=2 2 2 2 2 2 2 2 2 2 2 2 2 2
left_child=1 12 3 -3 -4 9 8 -8 -7 11 -11 -2 13 -1
right_child=5 2 4 -5 -6 6 7 -9 -10 10 -12 -13 -14 -15
leaf_value=-0.010204735491395563 0.017710097819103692 0.00090655824388635481 -0.02228438535626941 0.012748100229261055 -0.0010796015559393975 -0.0064075921817118402 0.0029960897815503548 0.02813745614658867 -0.074870880158016129 -0.056196723129014782 0.022369479675648979 -0.014854004980599168 -0.024098729447829849 0.039047375383410229
leaf_weight=17.666631218045953 124.31544581055641 344.49709182977676 31.972902785986662 137.27555185556412 333.1127383261919 5.7039306312799436 351.95032212138176 19.705091297626495 3.8266343027353287 5.9658458679914457 6.7266759276390076 12.723190136253832 28.122979573905468 4.5172858424484721
leaf_count=111 255 1032 153 356 1160 15 838 35 16 23 13 37 234 20
internal_value=0.00239643 0.000343928 0.00116924 0.00428067 -0.00293664 0.00586482 0.00337335 0.00432908 -0.0338964 0.0122076 -0.0145589 0.0146867 -0.0135493 -0.000175584
internal_weight=1428.08 897.165 846.858 481.773 365.086 530.917 381.186 371.655 9.53056 149.731 12.6925 137.039 50.3069 22.1839
internal_count=4298 3066 2701 1388 1313 1232 904 873 31 328 36 292 365 131
is_linear=0
shrinkage=0.03


Tree=91
num_leaves=10
num_cat=0
split_feature=22 26 17 13 22 3 25 25 29
split_gain=10.9934 11.0235 11.017 20.933 15.114 8.48833 6.50788 2.57265 0.124574
threshold=16453981.502500003 0.0080900261186116051 -0.0021813527037032529 0.028044008169614651 1006869447.2045001 0.049171312625629383 0.00021089200597581385 -0.00031346814503075294 0.050686854471700231
decision_type=2 2 2 2 2 2 2 2 2
left_child=5 2 3 -2 -4 6 -1 -7 -9
right_child=1 -3 4 -5 -6 7 -8 8 -10
leaf_value=-0.014813742470230909 -0.0083727144771069892 -0.033674968628318848 0.003242574845884087 0.0042265280320288911 0.014245819570065883 -0.0095528999413113831 0.044181285816245974 -0.033949062079872708 -0.04177188526598323
leaf_weight=3.8604541718959835 195.01052952930331 7.4678211882710448 764.43791292607784 303.21736342459917 131.70929526537657 4.7813072353601518 2.9834237657487392 10.887671988457436 2.2027366161346427
leaf_count=28 704 29 2278 772 311 28 9 127 12
internal_value=0.00232705 0.00267674 0.00287142 -0.00070492 0.00485975 -0.0175068 0.0109037 -0.0283864 -0.0352654
internal_weight=1426.56 1401.84 1394.38 498.228 896.147 24.7156 6.84388 17.8717 13.0904
internal_count=4298 4094 4065 1476 2589 204 37 167 139
is_linear=0
shrinkage=0.03


Tree=92
num_leaves=15
num_cat=0
split_feature=11 25 23 9 25 11 25 26 12 11 12 26 5 3
split_gain=10.634 17.571 19.5455 12.2961 22.6499 18.1042 14.2398 15.1869 11.9692 10.9905 9.44309 8.28852 11.7253 8.27936
threshold=0.039926229899028831 0.0001129974252780517 1.6163430453541558 4.3154363383271965 -8.0925566625928959e-05 0.011387457181284739 -0.00036666288137811835 -0.0041137842504835225 -0.004496769718410387 0.011498565376892408 -0.0019316395870786782 0.0056460493970617266 -0.012498492159227974 0.64146078600136014
decision_type=2 2 2 2 2 2 2 2 2 2 2 2 2 2
left_child=3 11 10 6 9 -6 7 -1 -8 -5 -3 12 -2 -4
right_child=1 2 13 4 5 -7 8 -9 -10 -11 -12 -13 -14 -15
leaf_value=-0.032481842486966492 -0.026607304104626934 -0.063418477956112038 0.023528922231336846 -0.010240366461227184 -0.012650120312145728 0.011094884357225398 0.0029709885961264042 0.012712512533897848 -0.0050127554917063204 -0.040105815751814614 -0.008294778304096577 -0.0085852436129184237 0.024764159750058534 -0.011315602868198315
leaf_weight=6.9913318641483775 4.2430522143840781 6.3635430186986923 14.035412386059763 23.221202857792377 51.612253569066525 65.66630744189024 764.56555041670799 156.20360696688294 216.96128169447184 21.227137364447117 4.9902400523424131 9.070677310228346 69.442700818181038 10.906014680862425
leaf_count=32 14 25 29 96 224 190 2181 402 807 94 13 24 135 32
internal_value=0.0022588 0.0108423 -0.0065609 0.00147662 -0.00626653 0.000645121 0.00257057 0.0107764 0.00120622 -0.0245032 -0.0391904 0.0184749 0.021806 0.00829263
internal_weight=1425.5 119.052 36.2952 1306.45 161.727 117.279 1144.72 163.195 981.527 44.4483 11.3538 82.7564 73.6858 24.9414
internal_count=4298 272 99 4026 604 414 3422 434 2988 190 38 173 149 61
is_linear=0
shrinkage=0.03


Tree=93
num_leaves=15
num_cat=0
split_feature=28 26 28 26 17 28 6 26 3 25 23 25 24 17
split_gain=10.4595 30.9986 27.91 24.3758 20.1283 22.0782 19.7104 19.258 14.6641 16.062 13.0307 12.6388 14.9322 8.85708
threshold=-0.0018933259784514149 -0.0014071478760883866 -0.00052483402055793801 -0.0017165078126566257 -0.0064307869715530402 -0.0022248216183756147 51905.500000000007 -0.0004120417916926532 0.95479492044956749 -7.7968472038088423e-05 2.1024714093731878 0.00012090267976626087 0.48998146137470577 0.0030719250946580475
decision_type=2 2 2 2 2 2 2 2 2 2 2 2 2 2
left_child=1 4 8 10 5 -1 -6 -5 9 -2 -4 -3 -13 -10
right_child=2 11 3 7 6 -7 -8 -9 13 -11 -12 12 -14 -15
leaf_value=-0.018189747477719852 0.022772034280825224 -0.059972577968390693 -0.031394104493641023 0.012104266745464472 -0.010359911832498434 0.033320030164795733 0.016084871941477119 -1.2375614048202846e-05 -0.027984685566279886 0.0073553903344180114 0.0067957023879268545 -0.051998682997779024 -0.0031365674539684256 0.020942817884908291
leaf_weight=61.045977994799614 102.8043285086751 9.167072728276251 31.063736945390701 140.24474520608783 35.880550485104322 8.5362570285797101 86.565097026526928 746.19313179329038 12.590301435440781 148.93997236713767 10.849609144032 8.321373678743841 17.39666809886694 4.5272192731499663
leaf_count=201 228 41 120 371 172 15 215 2322 51 420 32 40 57 13
internal_value=0.0021933 -0.00371223 0.0033126 0.000847565 0.00101385 -0.0118706 0.00833569 0.00190462 0.0118241 0.0136511 -0.0215084 -0.0297273 -0.0189465 -0.0150444
internal_weight=1424.13 226.913 1197.21 928.351 192.028 69.5822 122.446 886.438 268.862 251.744 41.9133 34.8851 25.718 17.1175
internal_count=4298 741 3557 2845 603 216 387 2693 712 648 152 138 97 64
is_linear=0
shrinkage=0.03


Tree=94
num_leaves=12
num_cat=0
split_feature=29 29 29 17 26 26 26 7 26 1 14
split_gain=10.7594 11.1181 20.1298 15.234 11.3165 8.86732 7.16026 0.00859163 0.00497866 0.00160791 0.000392393
threshold=0.019023997455488426 0.020007434860058581 0.028908263013382379 -0.0030922317719546638 -0.0069072720604882879 0.0023886210876346292 0.00016494435494794166 3779817.1470000003 -0.00016708090330272695 0.025583082072621399 0.71370548056594563
decision_type=2 2 2 2 2 2 2 2 2 2 2
left_child=7 5 3 -3 -4 6 -2 9 -9 10 -1
right_child=1 2 4 -5 -6 -7 -8 8 -10 -11 -12
leaf_value=-0.032055363350604923 0.0072409231835851235 -0.034536287088176562 0.015916704721102549 -0.0052953052016770797 0.002242140922037319 -0.02009253913228767 0.031971589641062725 -0.036328680642469295 -0.034137250614156373 -0.033729711923962187 -0.032930956327746147
leaf_weight=1.0149108730256551 18.876498110592365 19.852013699710369 57.039423950016499 83.401753533631563 1207.2489423565567 5.3008729144930831 23.848368864506483 1.6881759911775591 2.0858952179551125 1.6987385414540765 0.84345577284693707
leaf_count=18 62 122 134 439 3376 26 54 13 22 20 12
internal_value=0.00212942 0.00231716 0.00181892 -0.0109173 0.00285908 0.0165046 0.0210452 -0.0341205 -0.0351175 -0.0330626 -0.0324528
internal_weight=1422.9 1415.57 1367.54 103.254 1264.29 48.0257 42.7249 7.33118 3.77407 3.55711 1.85837
internal_count=4298 4213 4071 561 3510 142 116 85 35 50 30
is_linear=0
shrinkage=0.03


Tree=95
num_leaves=15
num_cat=0
split_feature=18 8 17 22 26 26 3 23 13 11 15 27 14 4
split_gain=10.4052 16.8599 15.086 18.3162 14.1257 21.3745 18.1206 15.301 21.6239 15.9457 13.2119 20.968 9.82257 5.8654
threshold=0.015435024285082284 -0.016248597857321342 0.011028762561942225 395445820.59550005 -0.00045277323989318139 -0.00069643243748761349 0.69190699510254239 0.95772892152749789 0.021639781104942652 0.014522877135482249 -0.016946202795470548 -0.022370222211569184 0.96912865895166933 322.50000000000006
decision_type=2 2 2 2 2 2 2 2 2 2 2 2 2 2
left_child=4 2 3 -2 5 6 -1 9 -9 -6 11 -3 -12 -7
right_child=1 10 -4 -5 7 13 -8 8 -10 -11 12 -13 -14 -15
leaf_value=0.0073193744789149806 -0.047533376297546837 0.00083182275534407588 0.020088656594620145 -0.0032914269127950683 -0.0025332618718761526 0.035660471547594608 -0.0068246921898139131 -0.0095458030803853774 0.005836494929121817 -0.019008084537988662 0.012043993712671513 -0.062511469222090499 -0.0096067725324222291 0.006388153806107218
leaf_weight=254.784144051373 13.627849526703356 36.284270912408829 10.932283863425253 22.046424731612206 144.60190099477768 24.13699621707201 119.87570862099528 117.52727539092302 274.01328912004828 83.352428801357746 286.78403197228909 5.4036873281002036 20.186598509550095 8.2719356790184957
leaf_count=763 55 95 23 57 504 49 423 552 763 277 638 22 55 22
internal_value=0.0020669 0.00620282 -0.0107437 -0.0201922 0.000474423 0.00481571 0.00279386 -0.00237823 0.00121925 -0.00855735 0.00846813 -0.00737888 0.0106202 0.0281891
internal_weight=1421.83 395.265 46.6066 35.6743 1026.56 407.069 374.66 619.495 391.541 227.954 348.659 41.688 306.971 32.4089
internal_count=4298 945 135 112 3353 1257 1186 2096 1315 781 810 117 693 71
is_linear=0
shrinkage=0.03


Tree=96
num_leaves=12
num_cat=0
split_feature=29 29 29 17 26 26 26 22 26 25 22
split_gain=10.3065 10.5576 18.7262 14.7265 10.6393 8.25096 6.7781 0.00996996 0.00500862 0.00161427 0.000685635
threshold=0.019023997455488426 0.020007434860058581 0.028908263013382379 -0.0030922317719546638 -0.0069072720604882879 0.0023886210876346292 0.00016494435494794166 43394163.881500013 -0.0011748567554940525 -9.5779806604573002e-05 16060767.689500002
decision_type=2 2 2 2 2 2 2 2 2 2 2
left_child=7 5 3 -3 -4 6 -2 9 -9 -1 -11
right_child=1 2 4 -5 -6 -7 -8 8 -10 10 -12
leaf_value=-0.03362422312622753 0.0069746397914421561 -0.034119613297650515 0.015386560605666408 -0.005125317410724607 0.0021058078674365075 -0.019421943328163598 0.031045489126881883 -0.036231723750813141 -0.034064088513061079 -0.031715937893369281 -0.032821188969069284
leaf_weight=1.1847442872822287 18.883378833532333 19.45633065700531 56.847857460379601 83.116523932665586 1206.0952343903482 5.2612169347703448 23.796241346746683 1.6874080374836924 2.2235979102551937 1.0846203379333013 0.94548522680997837
leaf_count=14 62 122 134 439 3376 26 54 13 23 22 13
internal_value=0.00200678 0.00218821 0.0017024 -0.010625 0.0027036 0.0160257 0.0203955 -0.0339819 -0.0349993 -0.0327442 -0.0322307
internal_weight=1420.58 1413.46 1365.52 102.573 1262.94 47.9408 42.6796 7.12586 3.91101 3.21485 2.03011
internal_count=4298 4213 4071 561 3510 142 116 85 36 49 35
is_linear=0
shrinkage=0.03


Tree=97
num_leaves=13
num_cat=0
split_feature=22 25 25 20 20 26 26 20 7 3 27 29
split_gain=10.1792 10.3527 19.6983 14.7479 12.2208 12.2134 11.9338 9.48366 8.89301 5.78022 1.94576 0.0893955
threshold=16060767.689500002 -0.0003944043076717358 -0.00044161127236986788 -0.011062504392306917 0.031322522610495972 -0.0041137842504835225 -0.0069072720604882879 -0.020731379413798202 146837567.63400003 0.049171312625629383 0.026137365102835316 0.050686854471700231
decision_type=2 2 2 2 2 2 2 2 2 2 2 2
left_child=7 2 5 -4 6 -2 -3 9 -6 -1 11 -9
right_child=1 4 3 -5 8 -7 -8 10 -10 -11 -12 -13
leaf_value=0.037782655870716789 -0.033380429253751967 0.013845926632287238 0.03283160450676207 -0.010472210860312456 0.0078791007062659173 0.0052081253409359011 9.3821724388226644e-05 -0.034379410951810623 0.037592978206541575 -0.017369228783910968 0.00011123311073474791 -0.041035631408305691
leaf_weight=3.5025869384408024 7.9564460031688204 59.778331063687801 40.525283515453339 8.5760537385940534 28.756351210176945 102.20600044727325 1136.6878231391311 11.243881996721028 13.238328039646147 3.3422761857509613 1.543808490037917 2.1657201796770087
leaf_count=12 37 149 77 25 70 293 3439 128 21 28 7 12
internal_value=0.00194785 0.0022651 0.00946488 0.0252681 0.00133922 0.00242108 0.00078091 -0.0183947 0.0172461 0.0108526 -0.0317826 -0.0354544
internal_weight=1419.52 1397.72 159.264 49.1013 1238.46 110.162 1196.47 21.7983 41.9947 6.84486 14.9534 13.4096
internal_count=4298 4111 432 102 3679 330 3588 187 91 40 147 140
is_linear=0
shrinkage=0.03


Tree=98
num_leaves=15
num_cat=0
split_feature=28 3 28 26 26 28 5 25 27 23 9 20 9 23
split_gain=10.6737 30.0762 26.1796 25.1438 21.8657 20.6649 18.0544 17.5753 19.2031 17.4472 17.1222 15.9873 11.4323 11.4084
threshold=-0.0018933259784514149 0.74038984419868503 -0.00047294535907999431 -0.0017165078126566257 -0.0069072720604882879 -0.0003373983015923534 -0.014772258603472947 -0.00022945147468294975 -0.0053264224096549757 2.1024714093731878 1.6564846130652537 -0.01285238137635538 0.38565878798763936 1.6163430453541558
decision_type=2 2 2 2 2 2 2 2 2 2 2 2 2 2
left_child=1 4 10 9 13 -5 -6 8 -3 -4 12 -12 -2 -1
right_child=2 7 3 5 6 -7 -8 -9 -10 -11 11 -13 -14 -15
leaf_value=0.028688173566107263 -0.018018617899912277 0.027026410836126186 -0.038135776813726527 -0.032483930889765991 -0.048576466576100388 0.002115816929743857 -0.0010510993674885303 -0.031516815356512677 -0.03038839771981032 0.010437341477555281 -0.012648358439190164 0.013264360259940211 0.017063220171776861 -0.0038897556596079633
leaf_weight=35.308314226567745 8.7324155345559102 11.809380903840067 24.510007947683334 15.824067555367945 7.7374786622822276 852.52992437779903 102.43153164535761 45.48431209847331 9.4287468753755075 9.1363291963934881 45.282612986862659 40.678218390792608 196.06977921724319 13.325497224926947
leaf_count=73 31 25 100 65 36 2592 333 182 49 27 164 113 465 43
internal_value=0.00189113 -0.00409403 0.00302279 0.000499357 0.00300733 0.0014853 -0.00438894 -0.0209956 0.00153689 -0.0249462 0.010851 -0.000385992 0.0155674 0.0197619
internal_weight=1418.29 225.525 1192.76 902 158.803 868.354 110.169 66.7224 21.2381 33.6463 290.763 85.9608 204.802 48.6338
internal_count=4298 741 3557 2784 485 2657 369 256 74 127 773 277 496 116
is_linear=0
shrinkage=0.03


Tree=99
num_leaves=10
num_cat=0
split_feature=26 28 3 28 26 26 26 3 6
split_gain=10.0788 10.7146 28.4058 23.3322 22.5189 20.653 15.8784 13.6655 5.0862
threshold=0.0080900261186116051 -0.0018933259784514149 0.74038984419868503 -0.00052483402055793801 -0.0017165078126566257 -0.0069072720604882879 -0.002128669621826645 0.95479492044956749 232623.50000000003
decision_type=2 2 2 2 2 2 2 2 2
left_child=1 2 5 7 -5 -1 -4 -3 -2
right_child=8 3 6 4 -6 -7 -8 -9 -10
leaf_value=0.01924547767930293 -0.010045173610616754 0.012748114882168206 -0.012641602979571459 -0.020643826573305709 0.0019173011432636199 -0.0042595292474515772 -0.04800386925224559 -0.015034310977037604 -0.059504919998463933
leaf_weight=48.44487826526165 4.0729037150740615 249.55502914637327 51.821793980896473 41.712578803300858 876.19111007079482 110.11796836555004 14.661139719188212 17.020866673439741 3.4616846889257431
leaf_count=116 15 648 187 152 2663 369 69 64 15
internal_value=0.00183603 0.00202101 -0.00397967 0.00316111 0.000892049 0.00292183 -0.0204399 0.0109742 -0.0327689
internal_weight=1417.06 1409.53 225.046 1184.48 917.904 158.563 66.4829 266.576 7.53459
internal_count=4298 4268 741 3527 2815 485 256 712 30
is_linear=0
shrinkage=0.03


Tree=100
num_leaves=12
num_cat=0
split_feature=29 29 29 17 1 26 27 22 26 25 22
split_gain=9.8165 10.0868 17.4676 14.3006 10.0407 7.81316 6.65373 0.0092813 0.00473851 0.00149575 0.000655026
threshold=0.019023997455488426 0.020007434860058581 0.028908263013382379 -0.0030922317719546638 0.02055416291253704 0.0023886210876346292 0.0273626429235059 43394163.881500013 -0.0011748567554940525 -9.5779806604573002e-05 16060767.689500002
decision_type=2 2 2 2 2 2 2 2 2 2 2
left_child=7 5 3 -3 -4 6 -2 9 -9 -1 -11
right_child=1 2 4 -5 -6 -7 -8 8 -10 10 -12
leaf_value=-0.033521485602997871 0.024020067133289635 -0.033849752008014725 -0.0076782809235065056 -0.0050646592963143888 0.0031561406632235321 -0.019067888334324361 -0.013125997824547158 -0.036077509783583567 -0.033946177579393173 -0.031633425674070716 -0.032734460902240706
leaf_weight=1.1352290734648707 37.711062029004097 19.119949340820312 82.369257315993309 82.80325498059392 1177.2132722735405 5.2419912852346888 4.9043315500020972 1.6526101008057597 2.173612866550684 1.0325367413461197 0.91921661049127568
leaf_count=14 98 122 298 439 3212 26 18 13 23 22 13
internal_value=0.00178193 0.00195685 0.00148102 -0.0104645 0.00244763 0.0154938 0.0197452 -0.0338794 -0.0348667 -0.0326556 -0.032152
internal_weight=1416.28 1409.36 1361.51 101.923 1259.58 47.8574 42.6154 6.91321 3.82622 3.08698 1.95175
internal_count=4298 4213 4071 561 3510 142 116 85 36 49 35
is_linear=0
shrinkage=0.03


Tree=101
num_leaves=10
num_cat=0
split_feature=26 28 3 28 26 26 8 26 21
split_gain=9.50863 10.0831 26.801 22.2691 23.0483 19.5373 15.3814 15.1966 4.95347
threshold=0.0080900261186116051 -0.0018933259784514149 0.74038984419868503 -0.00047294535907999431 -0.0017165078126566257 -0.0069072720604882879 -0.016248597857321342 -0.002128669621826645 1271751.5000000002
decision_type=2 2 2 2 2 2 2 2 2
left_child=1 2 5 6 -5 -1 -3 -4 -2
right_child=8 3 7 4 -6 -7 -8 -9 -10
leaf_value=0.018700223138792799 -0.0095418241715784172 -0.016192327876340298 -0.012318809096799863 -0.023756414345302065 0.001623277711828108 -0.0041917536225731427 0.012056046940994485 -0.047030811007277289 -0.058423821619255141
leaf_weight=48.274330489337444 4.0749443247914305 18.534848168492317 51.766891278326511 33.456688337028027 860.06994127482176 110.03468348458409 270.93583721294999 14.538746597245334 3.4414638578891754
leaf_count=116 15 57 187 127 2627 369 716 69 15
internal_value=0.00172966 0.00190936 -0.0039177 0.00301574 0.000672975 0.00278887 0.0102473 -0.0199301 -0.0319229
internal_weight=1415.13 1407.61 224.615 1183 893.527 158.309 289.471 66.3056 7.51641
internal_count=4298 4268 741 3527 2754 485 773 256 30
is_linear=0
shrinkage=0.03


Tree=102
num_leaves=10
num_cat=0
split_feature=22 26 11 25 9 14 24 24 25
split_gain=9.67071 9.03349 9.15581 17.4565 10.8891 6.17259 4.04626 16.5666 0.0542339
threshold=16453981.502500003 0.0080900261186116051 0.039926229899028831 0.0001129974252780517 4.3154363383271965 1.0000000180025095e-35 0.72416874239508577 0.77614977999097567 -0.00022945147468294975
decision_type=2 2 2 2 2 2 2 2 2
left_child=5 2 4 -4 -2 -1 8 -8 -7
right_child=1 -3 3 -5 -6 6 7 -9 -10
leaf_value=0.029256787648219804 0.0024858701221939002 -0.031027518856656885 0.018010422085309247 -0.0070978497789461609 -0.0059548125635194241 -0.038079712699721061 0.041901186943651442 -0.037152867717995128 -0.033544572479490699
leaf_weight=2.3130690902471569 1109.6948792822659 7.4122673571109763 80.397540554404259 36.115914806723595 157.01928485929966 3.450179252773526 3.7140067107975465 6.6710480786859989 7.6025732439011326
leaf_count=9 3225 29 170 99 571 28 12 56 99
internal_value=0.00167863 0.00200282 0.00217982 0.0102276 0.00143958 -0.017303 -0.0223266 -0.00888077 -0.0349602
internal_weight=1414.39 1390.64 1383.23 116.513 1266.71 23.7509 21.4378 10.3851 11.0528
internal_count=4298 4094 4065 269 3796 204 195 68 127
is_linear=0
shrinkage=0.03


Tree=103
num_leaves=12
num_cat=0
split_feature=29 29 29 25 23 26 5 22 26 25 22
split_gain=9.3397 9.67509 16.2956 13.4483 10.8995 7.37828 6.3382 0.00871548 0.00429845 0.00117113 0.00064793
threshold=0.019023997455488426 0.020007434860058581 0.026842835822145025 -0.0003944043076717358 11.957270107771024 0.0023886210876346292 0.00023490904711034711 43394163.881500013 -0.0011748567554940525 -9.5779806604573002e-05 16060767.689500002
decision_type=2 2 2 2 2 2 2 2 2 2 2
left_child=7 5 3 -3 -4 6 -2 9 -9 -1 -11
right_child=1 2 4 -5 -6 -7 -8 8 -10 10 -12
leaf_value=-0.033313458625564438 0.031411094566148108 0.013709056260809373 0.0022858979799368706 -0.020052986967082298 -0.033417823963383955 -0.018623944466719364 0.0082353219028534954 -0.0358753226449307 -0.033820191636743109 -0.031539059701271056 -0.0326562277123311
leaf_weight=1.0803369507193568 20.125934287905693 13.308341123163698 1285.219667147845 52.52917442470789 7.7416149079799643 5.2147280238568774 22.486360125243664 1.6127417832612994 2.1200271248817444 0.977433307096361 0.89511800557374954
leaf_count=14 52 52 3669 322 28 26 64 13 23 22 13
internal_value=0.00162943 0.00179756 0.00133077 -0.0132284 0.00207212 0.0150593 0.0191813 -0.0337447 -0.0347081 -0.0325269 -0.0320731
internal_weight=1413.31 1406.63 1358.8 65.8375 1292.96 47.827 42.6123 6.68566 3.73277 2.95289 1.87255
internal_count=4298 4213 4071 374 3697 142 116 85 36 49 35
is_linear=0
shrinkage=0.03


Tree=104
num_leaves=15
num_cat=0
split_feature=1 4 9 6 13 23 23 15 25 22 1 22 26 25
split_gain=9.3284 16.7508 16.5058 29.0798 16.2783 18.4623 16.1624 19.9438 15.511 15.1842 14.3919 14.0076 11.7211 9.05375
threshold=0.029925370936393105 242.50000000000003 3.2950723682163523 66481.500000000015 0.027286781670416795 1.0302092930769646 2.9742344853442657 -0.0031070285205042282 -0.00040950722489395099 689337151.58000016 0.024606820865281164 798631488.39400005 0.0011378115835813057 -0.00042814584735868057
decision_type=2 2 2 2 2 2 2 2 2 2 2 2 2 2
left_child=1 6 8 -4 10 -6 7 -1 13 -10 -3 -5 -8 -2
right_child=2 4 3 11 5 -7 12 -9 9 -11 -12 -13 -14 -15
leaf_value=-0.019854078425125599 0.013116291414432617 0.0050857973862097798 -0.032712304403960862 0.0058911932762931709 -0.00048009166090992247 0.022786776183370279 0.020841298833954795 -0.0029883229530168112 0.0011971093332179084 0.012683339256649342 -0.014062307846472322 -0.017144659666631937 -0.030823334756419112 0.037797472496226156
leaf_weight=86.741944717243314 63.140546061098576 92.186671379953623 27.613513831049204 110.81695791333914 55.270085401833057 69.028827890753746 29.966412723064423 231.53267043456435 396.964894015342 140.15094609558582 57.276086539030075 30.240272164344788 4.5524509251117697 16.971925020217896
leaf_count=346 163 349 159 320 146 154 80 827 1065 313 226 98 22 30
internal_value=0.00158129 -0.0011492 0.00375817 -0.00455868 0.00441924 0.0124411 -0.00547022 -0.00758488 0.00603093 0.00419424 -0.00225201 0.000952698 0.0140276 0.018345
internal_weight=1412.45 626.555 785.899 168.671 273.762 124.299 352.793 318.275 617.228 537.116 149.463 141.057 34.5189 80.1125
internal_count=4298 2150 2148 577 875 300 1275 1173 1571 1378 575 418 102 193
is_linear=0
shrinkage=0.03


Tree=105
num_leaves=15
num_cat=0
split_feature=17 11 26 26 28 25 26 28 27 18 21 29 8 22
split_gain=9.2996 12.0276 13.2672 29.5508 16.5529 11.7006 15.3231 28.2494 11.3474 8.42408 13.5604 11.1735 3.83411 3.70143
threshold=0.0056347400202683773 0.052772300263388978 0.0004989944964185856 0.0010222062270635504 -0.0018430061892891986 0.00021089200597581385 -0.00069643243748761349 0.00084790030970919173 -0.0017546133360779824 0.013787827574430934 289276.50000000006 0.07689239556517953 0.0048250338533621416 579753270.14100015
decision_type=2 2 2 2 2 2 2 2 2 2 2 2 2 2
left_child=1 2 4 -4 -1 9 8 -8 -7 10 -2 -11 13 -3
right_child=5 12 3 -5 -6 6 7 -9 -10 11 -12 -13 -14 -15
leaf_value=-0.0049994997257057803 -0.018506188452278843 0.026339950825189452 -0.035134114525018884 -0.002450539098412237 0.005455703114360555 0.0021639352860892331 0.0307317428289763 -0.0088711654014296225 -0.052609841060264964 0.017370299543538373 0.0084195497887378373 -0.0045527800856695957 0.036863527402055667 -0.0035357479209830438
leaf_weight=194.81396891362965 21.715085357427597 7.7566274553537387 26.700762581080198 368.62199921905994 453.63532587885857 5.5227950960397729 22.326134890317917 59.179876297712326 8.873032353818413 125.53825755417347 74.88578961789608 25.108040928840637 8.8672346621751768 7.1937582194805145
leaf_count=661 84 15 118 1219 1384 15 41 169 40 265 189 64 15 19
internal_value=0.00153571 0.000154786 -0.000326224 -0.00465804 0.00231464 0.00583197 -0.00306283 0.00197687 -0.0315965 0.00928208 0.00236686 0.0137164 0.0212343 0.0119645
internal_weight=1410.74 1067.59 1043.77 395.323 648.449 343.149 95.9018 81.506 14.3958 247.247 96.6009 150.646 23.8176 14.9504
internal_count=4298 3431 3382 1337 2045 867 265 210 55 602 273 329 49 34
is_linear=0
shrinkage=0.03


Tree=106
num_leaves=14
num_cat=0
split_feature=7 20 25 25 5 14 17 9 9 7 21 21 29
split_gain=9.01392 9.28382 9.36219 8.72333 7.96481 7.09413 10.252 8.64168 6.50249 10.8564 4.68959 1.27405 0.214427
threshold=1305474.1010000003 0.031322522610495972 -0.001013258929688022 0.00091992996561157724 0.00059689203890117136 0.87284255040576642 0.0080965245291825683 0.74351000760816732 1.3611364290879997 56976100.403000005 1041711.0000000001 56976.500000000007 0.046038022287230057
decision_type=2 2 2 2 2 2 2 2 2 2 2 2 2
left_child=5 2 4 -4 -2 6 7 -1 9 -3 -10 -7 -13
right_child=1 8 3 -5 -6 11 -8 -9 10 -11 -12 12 -14
leaf_value=0.005266118476072129 -0.0068912900309086632 0.018140391113689269 0.00080236644152190378 0.017658023183019393 0.03034440239562201 -0.011371068163980614 0.052069654273589623 -0.022766328550449761 -0.0013943118400753069 -0.03221447854112941 0.033112246398577065 -0.035352714239157992 -0.04651701541457251
leaf_weight=19.375090669840574 7.2596805691719082 12.40535742044449 1262.485417407006 28.251721829175949 17.962141036987305 1.9875321313738812 2.6338900178670874 20.232849951833487 4.3749904781579998 5.5897242575883856 18.676538228988647 6.3062117733061296 2.0521696209907532
leaf_count=110 20 26 3717 61 37 12 5 179 12 18 32 59 10
internal_value=0.001491 0.00196326 0.00152502 0.0011713 0.0196267 -0.0106955 -0.00524244 -0.00905364 0.0160133 0.0024989 0.0265632 -0.0329602 -0.0380938
internal_weight=1409.59 1357.01 1315.96 1290.74 25.2218 52.5877 42.2418 39.6079 41.0466 17.9951 23.0515 10.3459 8.35838
internal_count=4298 3923 3835 3778 57 375 294 289 88 44 44 81 69
is_linear=0
shrinkage=0.03


Tree=107
num_leaves=12
num_cat=0
split_feature=29 17 18 13 25 25 18 25 21 17 25
split_gain=8.85711 8.92568 19.4753 12.1591 11.9194 15.4855 13.9127 0.150199 0.00567012 0.00415351 0.000809481
threshold=0.019023997455488426 -0.0021813527037032529 0.005643909580388835 0.028044008169614651 -0.000152581626249253 -0.00022115147749914168 0.012920778745590162 -0.0003944043076717358 280963.50000000006 0.0008769330345361581 1.6207927081612504e-05
decision_type=2 2 2 2 2 2 2 2 2 2 2
left_child=8 2 7 -4 5 -3 -6 -2 10 -10 -1
right_child=1 4 3 -5 6 -7 -8 -9 9 -11 -12
leaf_value=-0.033061677739723662 -0.046087420499984343 0.0053997676829059642 -0.006714431282665463 0.0030626225589660445 -0.0021625551304125319 0.024733216839459865 0.0067425796153248634 -0.037494189522824552 -0.033493086349944468 -0.035435602492806403 -0.031931790669126978
leaf_weight=1.0005712751299136 2.2435872703790656 195.30888787657022 185.49825194850564 299.01905719190836 405.34169750660658 46.084087535738945 258.65268434584141 9.945136044174431 2.4820480234920979 1.6487361900508402 1.3281611613929269
leaf_count=15 11 555 653 771 1442 98 607 76 29 15 26
internal_value=0.00144743 0.0016089 -0.00162273 -0.000680539 0.0033818 0.0090907 0.00130636 -0.039076 -0.033601 -0.0342684 -0.0324173
internal_weight=1408.55 1402.09 496.706 484.517 905.387 241.393 663.994 12.1887 6.45952 4.13078 2.32873
internal_count=4298 4213 1511 1424 2702 653 2049 87 85 44 41
is_linear=0
shrinkage=0.03


Tree=108
num_leaves=15
num_cat=0
split_feature=9 25 6 1 4 17 10 14 4 10 7 20 11 18
split_gain=8.6957 25.1818 15.2879 11.5419 16.0176 19.5283 14.2758 19.8365 16.699 13.1948 11.1893 10.0437 8.98091 12.7192
threshold=4.7036814134785638 -8.0925566625928959e-05 75451.000000000015 0.029596736836521004 242.50000000000003 0.0015543080525689734 -0.0022338449806137916 0.5982289760041839 67.500000000000014 -0.0040211112260563871 417533489.28400004 0.016305580977202385 0.011498565376892408 0.010748782356143075
decision_type=2 2 2 2 2 2 2 2 2 2 2 2 2 2
left_child=3 12 11 4 5 -1 7 -5 -8 -6 -4 -3 13 -2
right_child=1 2 10 6 9 -7 8 -9 -10 -11 -12 -13 -14 -15
leaf_value=-0.012581508677269941 -0.034809384402129655 -0.030507437351679476 0.010348013896990062 0.0012763586968518492 0.013397176317607751 0.0024492834127404959 0.017212257801003727 -0.039664284573083734 0.004219061268056626 -0.00064486008064860685 -0.022076216804197437 0.02672458970662632 -0.036772420320851922 0.012001125521302078
leaf_weight=163.83167214691639 9.8139548711478728 17.39561111852527 89.934823382645845 259.2916474789381 97.053910057991743 148.13255942612886 132.86786685138941 11.107439883053301 269.77151693031192 158.71552121639252 10.720527850091456 3.2800317108631125 23.955717161297798 11.170257724821566
leaf_count=658 57 112 259 699 268 463 302 42 718 540 38 8 102 32
internal_value=0.0014054 -0.00503715 0.00206823 0.00226874 -0.000881632 -0.00544431 0.0049262 -0.000405399 0.00850672 0.00468351 0.0068946 -0.021428 -0.0242206 -0.00989134
internal_weight=1407.04 166.271 121.331 1240.77 567.734 311.964 673.038 270.399 402.639 255.769 100.655 20.6756 44.9399 20.9842
internal_count=4298 608 417 3690 1929 1121 1761 741 1020 808 297 120 191 89
is_linear=0
shrinkage=0.03


Tree=109
num_leaves=11
num_cat=0
split_feature=22 26 17 18 22 3 25 8 25 29
split_gain=8.58111 8.47871 8.72302 17.9092 13.9031 7.26305 5.55659 2.36405 5.57581 0.0771524
threshold=16453981.502500003 0.0080900261186116051 -0.0021813527037032529 0.005643909580388835 1006869447.2045001 0.049171312625629383 0.00021089200597581385 0.0066387132261614525 -0.00030332740182318659 0.050686854471700231
decision_type=2 2 2 2 2 2 2 2 2 2
left_child=5 2 3 -2 -4 6 -1 9 -9 -7
right_child=1 -3 4 -5 -6 7 -8 8 -10 -11
leaf_value=-0.014989540601909494 -0.039183432127508119 -0.03041143057790054 0.0020616885837704702 -0.00050128724921493721 0.012709966553651522 -0.034270361142676231 0.040181086619194763 0.030746313897541577 -0.03491606959819863 -0.041017454720665571
leaf_weight=3.6998642310500172 11.019463919103144 7.3765995502471915 755.39242432639003 479.74008064717054 129.23563904315233 9.3806747701019066 2.9553788416087627 1.8513288795948026 3.1345560140907756 1.8214888721704472
leaf_count=28 75 29 2278 1401 311 116 9 6 35 10
internal_value=0.00136449 0.00166577 0.00183781 -0.00136985 0.0036173 -0.0168726 0.00950996 -0.027719 -0.0105347 -0.0353674
internal_weight=1405.61 1382.76 1375.39 490.76 884.628 22.8433 6.65524 16.188 4.98588 11.2022
internal_count=4298 4094 4065 1476 2589 204 37 167 41 126
is_linear=0
shrinkage=0.03


Tree=110
num_leaves=12
num_cat=0
split_feature=29 29 29 25 23 22 18 22 26 25 22
split_gain=8.41353 8.8342 14.3412 12.5651 9.87132 7.50553 8.48057 0.00721344 0.0038306 0.000890044 0.000490809
threshold=0.019023997455488426 0.020007434860058581 0.026842835822145025 -0.0003944043076717358 11.957270107771024 22985301.840500005 0.010139864562631036 43394163.881500013 -0.0011748567554940525 -0.000152581626249253 16060767.689500002
decision_type=2 2 2 2 2 2 2 2 2 2 2
left_child=7 5 3 -3 -4 -2 -7 9 -9 -1 -11
right_child=1 2 4 -5 -6 6 -8 8 -10 10 -12
leaf_value=-0.033064225908690098 0.044656602596627376 0.01324410204818148 0.0019299010307008717 -0.019467209143947693 -0.032109348390803483 -0.0072313406531103394 0.020604859983606793 -0.035496344484149255 -0.033498786088279983 -0.031452805525354247 -0.032450012523546866
leaf_weight=0.92858966998755965 6.314726583659648 13.301750179380177 1278.5772499106824 51.432462960481644 7.7138307690620413 16.360605418682098 24.753830537199974 1.5327727347612383 1.9801864214241502 0.95019030757248291 0.83417514711618423
leaf_count=13 25 52 3669 322 28 63 54 13 23 23 13
internal_value=0.00132422 0.00147913 0.00103237 -0.0127456 0.00172577 0.0142051 0.00952804 -0.033473 -0.0343704 -0.032311 -0.031919
internal_weight=1404.68 1398.45 1351.03 64.7342 1286.29 47.4292 41.1144 6.22591 3.51296 2.71296 1.78437
internal_count=4298 4213 4071 374 3697 142 117 85 36 49 36
is_linear=0
shrinkage=0.03


Tree=111
num_leaves=15
num_cat=0
split_feature=25 25 7 8 11 25 25 12 29 7 27 1 20 29
split_gain=8.26595 29.7349 19.6947 18.3425 16.5255 13.8125 32.0828 19.2574 17.4425 14.3659 13.9582 11.3082 3.93493 1.5582
threshold=0.00060394083698791785 0.00091992996561157724 43105859.035500012 0.0033600886550455597 0.005767471365308717 0.00046462623231768142 0.00043110765201424605 -0.03406217908273014 0.057351777996037516 70625825.064000025 -0.024581040641985481 0.028152847912516883 -0.039769219164336692 0.047912676594346025
decision_type=2 2 2 2 2 2 2 2 2 2 2 2 2 2
left_child=5 3 11 4 -2 6 10 9 -9 -7 -1 -3 -4 -5
right_child=1 2 12 13 -6 7 -8 8 -10 -11 -12 -13 -14 -15
leaf_value=0.011144344138803284 -0.050562012849390589 -0.057776883125706308 0.011447294920291664 -0.043204725752370207 4.1168659149648129e-05 0.0027353564111719571 -0.06032340272584328 0.0049201511487990627 0.031162783378176753 -0.070205198704431135 0.00027232688355155818 0.014251512324019331 0.038534995244618064 -0.067011060108974937
leaf_weight=117.57789500430226 7.865237761288884 4.4487039521336582 7.3424671590328261 3.8099958486855012 22.207963261753321 5.9637927263975126 7.6469712965190402 50.705872578546405 41.411367952823639 4.1014557778835297 1106.0947633571923 3.5090184509754181 14.085636660456654 7.0590726286172867
leaf_count=281 39 23 16 22 70 16 36 175 70 17 3472 9 23 29
internal_value=0.00128506 -0.00873898 0.0142864 -0.0252652 -0.0131934 0.00181372 0.000934166 0.0124125 0.0167175 -0.026987 0.00131698 -0.0260154 0.0292532 -0.0586661
internal_weight=1403.83 70.3281 29.3858 40.9423 30.0732 1333.5 1231.32 102.182 92.1172 10.0652 1223.67 7.95772 21.4281 10.8691
internal_count=4298 231 71 160 109 4067 3789 278 245 33 3753 32 39 51
is_linear=0
shrinkage=0.03


Tree=112
num_leaves=13
num_cat=0
split_feature=22 20 25 25 20 26 3 5 17 3 27 29
split_gain=8.19882 8.66724 8.52566 18.0389 14.2541 10.8557 9.78149 24.7976 9.84922 4.86294 1.59989 0.0607106
threshold=16060767.689500002 -0.020731379413798202 -0.0003944043076717358 -0.00044161127236986788 -0.011062504392306917 -0.0041137842504835225 0.21716672655407937 -0.0033796522940037189 -0.0021813527037032529 0.049171312625629383 0.026137365102835316 0.050686854471700231
decision_type=2 2 2 2 2 2 2 2 2 2 2 2
left_child=1 9 3 5 -5 -2 7 -4 -8 -1 11 -3
right_child=2 10 6 4 -6 -7 8 -9 -10 -11 -12 -13
leaf_value=0.034668924029068023 -0.032676021062251377 -0.034023177168726403 0.0010224715817886592 0.031135120536693792 -0.011821125670677904 0.0040136972803484564 -0.0021969761665258402 -0.017985341442765135 0.0044982149478860253 -0.016977199414127144 -0.0016337231777828565 -0.039716856950872841
leaf_weight=3.5067677572369602 7.8246738873422137 10.126909598708151 246.5302573479712 39.193962335586548 8.4514579921960813 100.20207712054253 293.98406248539686 82.424074646085501 604.11221450567245 3.0837371461093426 1.450283758342265 2.0220001190900794
leaf_count=12 37 128 732 77 25 293 889 301 1757 28 7 12
internal_value=0.00124747 -0.017732 0.0015246 0.00813829 0.0235154 0.00135616 0.000685543 -0.0037402 0.0023066 0.0105034 -0.0314156 -0.0349708
internal_weight=1402.91 20.1897 1382.72 155.672 47.6454 108.027 1227.05 328.954 898.096 6.5905 13.5992 12.1489
internal_count=4298 187 4111 432 102 330 3679 1033 2646 40 147 140
is_linear=0
shrinkage=0.03


Tree=113
num_leaves=15
num_cat=0
split_feature=9 25 22 6 25 5 1 23 29 22 6 13 21 8
split_gain=8.06819 23.7172 14.8149 21.2748 10.7546 14.2345 15.5607 13.5634 14.3061 12.6089 8.72635 7.94047 7.1713 6.62138
threshold=4.7036814134785638 -8.0925566625928959e-05 798631488.39400005 94816.500000000015 -0.00034703461401847021 0.0023743729329675565 0.030848608837970519 3.7099557168530479 0.028908263013382379 143447781.42250004 2277359.5000000005 0.031034012141527536 6091681.5000000009 0.0059734567486824609
decision_type=2 2 2 2 2 2 2 2 2 2 2 2 2 2
left_child=4 10 3 -3 5 6 -1 8 -6 -9 11 -2 -4 -7
right_child=1 2 12 -5 7 13 -8 9 -10 -11 -12 -13 -14 -15
leaf_value=-0.01350281143049898 -0.018118334850923529 -0.016970380770119947 -0.051239370068251362 0.013898324523063181 -0.013990837696337933 0.026482233156948431 0.011345488766626069 0.044286850004702602 0.0012333672266769328 -0.00046267246150138899 0.0030271166405787665 -0.046694787241183512 -0.0093737378078515721 0.010251982798055531
leaf_weight=40.742873089388013 20.541780907660723 27.068540779873729 5.96571310609579 77.989506758749485 58.926738983020186 38.583019599318504 51.166326861828566 12.344806503504516 969.76498692110181 10.475771382451056 8.8169158399105054 15.246790319681166 9.6208315938711149 54.687781155109406
leaf_count=148 101 146 25 216 402 90 138 33 2710 30 25 65 30 139
internal_value=0.00121086 -0.00501507 0.00189563 0.0059449 0.00204278 0.00870929 0.000330366 0.000868756 0.000361276 0.0237446 -0.0237065 -0.0302926 -0.0253977 0.0169659
internal_weight=1401.94 165.25 120.645 105.058 1236.69 185.18 91.9092 1051.51 1028.69 22.8206 44.6055 35.7886 15.5865 93.2708
internal_count=4298 608 417 362 3690 515 286 3175 3112 63 191 166 55 229
is_linear=0
shrinkage=0.03


Tree=114
num_leaves=15
num_cat=0
split_feature=28 28 28 17 28 28 28 29 6 8 4 28 25 5
split_gain=7.87436 25.2004 21.1005 19.8076 20.3797 17.7685 41.4132 23.9833 17.5639 14.9423 13.9631 12.5292 11.9521 12.3284
threshold=-0.0018933259784514149 -0.0021127053602471284 -0.00047294535907999431 -0.0064307869715530402 -0.0022248216183756147 0.00035645574497404013 0.00054098715103160502 0.020007434860058581 51905.500000000007 -0.016248597857321342 217.50000000000003 -0.0013843282834838414 0.00012090267976626087 -0.00063880985325021295
decision_type=2 2 2 2 2 2 2 2 2 2 2 2 2 2
left_child=1 3 9 4 -1 7 -7 -4 -5 11 -11 -2 -3 -14
right_child=2 12 5 8 -6 6 -8 -9 -10 10 -12 -13 13 -15
leaf_value=-0.018642542538962747 0.0035217629946971687 -0.057486268861300316 0.019239092544864181 -0.010175352843382833 0.031623673540433647 0.022622170003905359 -0.00034456684290140366 -0.0099274758509713019 0.015055098814468525 0.0032356244908022212 0.0170770963345863 -0.047021562432246394 0.00090052400370994662 -0.041625470896366576
leaf_weight=60.185034550726414 10.895047120749952 8.9606420844793302 28.502446720376611 35.144445834681392 8.2548504024744016 81.024734824895859 552.45892107672989 231.13497489504516 84.628142926841974 116.09915670752525 150.7812026552856 7.4204242676496497 14.470777757465839 10.65140625834465
leaf_count=201 29 41 74 172 15 195 1703 812 215 343 373 28 44 53
internal_value=0.00117552 -0.00400336 0.00215254 0.00029501 -0.0125797 -0.000116031 0.00259296 -0.00672563 0.00765182 0.00925683 0.0110557 -0.0169556 -0.0277398 -0.0171298
internal_weight=1400.61 222.295 1178.32 188.212 68.4399 893.121 633.484 259.637 119.773 285.196 266.88 18.3155 34.0828 25.1222
internal_count=4298 741 3557 603 216 2784 1898 886 387 773 716 57 138 97
is_linear=0
shrinkage=0.03


Tree=115
num_leaves=14
num_cat=0
split_feature=26 28 28 26 28 4 26 28 25 15 6 15 29
split_gain=8.10401 21.9319 20.1407 25.9216 23.9995 16.5866 14.3912 23.8046 11.3527 10.2381 9.07283 6.2639 12.1037
threshold=-0.0069072720604882879 -0.0018933259784514149 -0.00028598577274068735 0.0004989944964185856 0.00020593485972779995 77.500000000000014 -0.0014071478760883866 -0.0022248216183756147 0.00012090267976626087 -0.0057875847881597954 346904.00000000006 0.003240000827807924 0.046990592787040306
decision_type=2 2 2 2 2 2 2 2 2 2 2 2 2
left_child=5 6 3 -3 -4 9 7 -2 -8 10 -1 12 -7
right_child=1 2 4 -5 -6 11 8 -9 -10 -11 -12 -13 -14
leaf_value=-0.010015289068113508 -0.01253285599875565 0.013005460934838276 -0.0110081091087097 -0.0074941506498073128 0.0020430803014260552 -0.016536924225529548 -0.05614484169043292 0.017226708232562296 -0.016692504069181071 0.026102704451214733 -0.065787702267888173 0.040521163617949045 0.026107831616873578
leaf_weight=8.2924802154302615 96.635944919660687 251.3095002733171 154.84908774867654 71.25626028329134 700.24197238124907 8.1531200036406535 8.9003880992531759 32.268655646592379 25.01108138076961 4.3215361908078185 3.8410405665636054 11.783008269965647 22.577864825725555
leaf_count=26 364 658 568 233 2098 34 41 85 97 12 16 23 43
internal_value=0.00114127 0.000662449 0.00208927 0.008477 -0.000320369 0.0120258 -0.00965783 -0.00508315 -0.0270471 -0.0135485 -0.0276708 0.0219244 0.0147939
internal_weight=1399.44 1340.47 1177.66 322.566 855.091 58.9691 162.816 128.905 33.9115 16.4551 12.1335 42.514 30.731
internal_count=4298 4144 3557 891 2666 154 587 449 138 54 42 100 77
is_linear=0
shrinkage=0.03


Tree=116
num_leaves=10
num_cat=0
split_feature=29 26 25 25 25 21 21 23 25
split_gain=8.0176 7.99008 8.02406 26.5796 12.3762 4.70475 0.00545628 0.00153996 0.00100361
threshold=0.019023997455488426 0.0080900261186116051 0.00060394083698791785 0.00091992996561157724 0.00046462623231768142 1271751.5000000002 939753.00000000012 2.5029953253556609 -0.000152581626249253
decision_type=2 2 2 2 2 2 2 2 2
left_child=6 2 4 -4 -2 -3 7 8 -1
right_child=1 5 3 -5 -6 -7 -8 -9 -10
leaf_value=-0.03303900079833013 0.0011066464450592191 -0.0078110767506554546 -0.024201148342463622 0.01348549394547449 0.012009355205154025 -0.055729197201854472 -0.034483697630219683 -0.033608255805869042 -0.031783575546674658
leaf_weight=0.90221130847930964 1213.9474774599075 4.023370996117591 40.487476535141468 28.840558513998985 101.5431362465024 3.4045092761516571 2.4967276677489281 1.0599978007376192 1.5710096564143887
leaf_count=13 3682 15 157 71 273 15 26 12 34
internal_value=0.00110804 0.00125754 0.00142399 -0.00852345 0.00194823 -0.029774 -0.0334102 -0.0326516 -0.0322415
internal_weight=1398.28 1392.25 1384.82 69.328 1315.49 7.42788 6.02995 3.53322 2.47322
internal_count=4298 4213 4183 228 3955 30 85 59 47
is_linear=0
shrinkage=0.03


Tree=117
num_leaves=15
num_cat=0
split_feature=9 25 6 22 1 4 17 23 10 9 4 20 28 15
split_gain=7.71676 22.1671 17.2772 17.8859 10.3259 15.0491 17.6539 13.7859 13.3218 16.1449 15.8231 7.53144 6.76985 12.5928
threshold=4.7036814134785638 -9.7102269467849909e-05 75451.000000000015 798631488.39400005 0.029596736836521004 242.50000000000003 0.0015543080525689734 0.77538421378587263 -0.0022338449806137916 1.5589255106524986 67.500000000000014 0.016305580977202385 -0.0005053724896898294 0.0066576661876064482
decision_type=2 2 2 2 2 2 2 2 2 2 2 2 2 2
left_child=4 12 11 -4 5 6 -1 -7 9 -6 -10 -3 13 -2
right_child=1 2 3 -5 8 7 -8 -9 10 -11 -12 -13 -14 -15
leaf_value=-0.012343398132678067 -0.037133204102406565 -0.030956871384026821 0.011001205457355187 -0.022836918027407862 0.0049237102860325071 -0.0059677388771812124 0.0019828093508068756 0.0090540211754401578 0.016402738423057568 -0.010284996042383818 0.0037022809372957207 0.015891488273892408 -0.034870798066482196 0.027671333248678744
leaf_weight=162.77264341153204 5.684333857148884 18.719813099130992 90.3554632589221 16.649025738239288 168.26948914676905 80.352243015542626 147.62397577986121 174.15781942382455 131.65622328966856 100.24242108315229 268.01314789801836 3.6985744386911383 24.42083851993084 5.1379965543746948
leaf_count=658 28 124 261 58 422 265 463 543 302 319 718 10 116 11
internal_value=0.00107512 -0.00502472 0.000719159 0.00573627 0.00188969 -0.00109602 -0.00552988 0.00431145 0.00441392 -0.000754092 0.00788597 -0.0232279 -0.0261179 -0.00636668
internal_weight=1397.75 164.666 129.423 107.004 1233.09 564.907 310.397 254.51 668.181 268.512 399.669 22.4184 35.2432 10.8223
internal_count=4298 608 453 319 3690 1929 1121 808 1761 741 1020 134 155 39
is_linear=0
shrinkage=0.03


Tree=118
num_leaves=14
num_cat=0
split_feature=26 28 21 4 26 21 11 29 11 11 17 4 27
split_gain=7.63985 20.7315 29.2837 15.6435 12.6082 9.94247 9.67307 9.41005 8.79924 7.13274 5.12369 4.03597 3.49063
threshold=-0.0069072720604882879 -0.0029874059722533115 234624.00000000003 77.500000000000014 -0.0049981727721336664 223199.00000000003 0.0065089507828886969 0.062045832519046933 0.0068737164794578512 0.0022973537291958832 -0.012172924654129726 142.50000000000003 0.0025308744736804215
decision_type=2 2 2 2 2 2 2 2 2 2 2 2 2
left_child=3 2 -2 6 12 -6 -1 -4 9 -5 -8 -10 -3
right_child=1 4 7 8 5 -7 10 -9 11 -11 -12 -13 -14
leaf_value=0.0088603446874460871 0.037603458326435996 0.039523834668102456 -0.03951887488936294 0.017953497495506655 -0.0050473563898577557 0.0021313483508630378 -0.06021606499635928 -0.0097015735937255217 0.045016598580460865 -0.028390994733350633 -0.01170861862727887 0.021927958216126569 0.011775943993337505
leaf_weight=8.5759171992540377 7.068636640906333 9.2695169001817721 25.828174125403166 7.9374374002218229 207.43676301836967 1065.6864101998508 4.132649004459382 15.091721579432486 10.733887687325479 4.79403006285429 3.7273916713893396 18.657878048717976 7.2884850278496733
leaf_count=24 23 16 118 18 894 3029 17 43 19 18 13 45 21
internal_value=0.00104385 0.000579537 -0.0187818 0.0116501 0.00129996 0.000961684 -0.0131729 -0.0285219 0.0213357 0.000502494 -0.0372128 0.0303599 0.0273098
internal_weight=1396.23 1337.67 47.9885 58.5592 1289.68 1273.12 16.436 40.9199 42.1232 12.7315 7.86004 29.3918 16.558
internal_count=4298 4144 184 154 3960 3923 54 161 100 36 30 64 37
is_linear=0
shrinkage=0.03


Tree=119
num_leaves=12
num_cat=0
split_feature=29 29 9 29 24 26 27 22 17 25 22
split_gain=7.67179 7.96096 13.5062 11.6041 9.76432 6.782 6.44258 0.00634668 0.00397042 0.000700555 0.000403728
threshold=0.019023997455488426 0.020007434860058581 29.947422862453532 0.032398442985910422 0.83392068048614776 0.0023886210876346292 0.0273626429235059 43394163.881500013 0.0008769330345361581 -0.000152581626249253 16060767.689500002
decision_type=2 2 2 2 2 2 2 2 2 2 2
left_child=7 5 3 -3 -4 6 -2 9 -9 -1 -11
right_child=1 2 4 -5 -6 -7 -8 8 -10 10 -12
leaf_value=-0.032848439870672201 0.021463738055624525 -0.0062923005145767768 -0.037230351299114256 0.0021394363297951506 0.021123831469988946 -0.019328750267287607 -0.015338447082156351 -0.033281272697059945 -0.035383191730833215 -0.031347597091786319 -0.032287176193048862
leaf_weight=0.85287731327116523 37.244799088686705 168.25485553778708 13.507451213896276 1157.3827950172126 3.1902410537004462 5.1216928623616687 4.8370979726314536 1.9612624198198321 1.376450292766094 0.87470204010605701 0.77738929912447929
leaf_count=13 98 880 62 3116 13 26 18 24 12 23 13
internal_value=0.00101309 0.00115734 0.000731516 0.00106925 -0.0260813 0.0132664 0.0172335 -0.0332915 -0.0341481 -0.0321502 -0.0317897
internal_weight=1395.38 1389.54 1342.34 1325.64 16.6977 47.2036 42.0819 5.84268 3.33771 2.50497 1.65209
internal_count=4298 4213 4071 3996 75 142 116 85 36 49 36
is_linear=0
shrinkage=0.03


Tree=120
num_leaves=10
num_cat=0
split_feature=26 11 25 23 11 28 9 21 21
split_gain=7.49149 7.7413 15.9723 18.2764 11.2392 14.2709 10.7145 9.91486 4.5042
threshold=0.0080900261186116051 0.039926229899028831 0.0001129974252780517 1.6163430453541558 0.037720881214832677 0.0015791567433555713 4.3154363383271965 409045.50000000006 1271751.5000000002
decision_type=2 2 2 2 2 2 2 2 2
left_child=1 4 7 -4 6 -6 -1 -3 -2
right_child=8 2 3 -5 5 -7 -8 -9 -10
leaf_value=0.001864474774648715 -0.0076588021860625154 0.045128139861558239 -0.039585695531928755 0.0066053524142899176 -0.040630440297017872 0.01295676406511471 -0.006590980370248997 0.01227980626488178 -0.054636803512399856
leaf_weight=1099.6496345810592 4.0215979665517798 9.4005432873964292 11.273764640092848 24.383560433983803 12.863695755600931 6.8568897992372504 153.73336747847497 68.761326566338539 3.3811670988798141
leaf_count=3339 15 15 38 61 49 15 595 156 15
internal_value=0.000983308 0.00114396 0.0086399 -0.00799886 0.000473803 -0.0219981 0.000827373 0.0162305 -0.0291157
internal_weight=1394.33 1386.92 113.819 35.6573 1273.1 19.7206 1253.38 78.1619 7.40277
internal_count=4298 4268 270 99 3998 64 3934 171 30
is_linear=0
shrinkage=0.03


Tree=121
num_leaves=12
num_cat=0
split_feature=7 25 26 28 15 5 8 4 1 24 18
split_gain=7.45212 8.35512 8.66775 22.7766 17.0057 7.25799 6.96381 7.78113 15.1575 10.0331 2.14237
threshold=1305474.1010000003 -0.001013258929688022 -0.0069072720604882879 -0.0029874059722533115 -0.003617856124290279 0.00059689203890117136 0.010577663649464025 322.50000000000006 0.023327097979854231 0.33233463626151782 0.0085540355667518657
decision_type=2 2 2 2 2 2 2 2 2 2 2
left_child=6 5 4 -4 -3 -2 7 9 -9 -1 -7
right_child=1 2 3 -5 -6 10 -8 8 -10 -11 -12
leaf_value=0.013069969387651188 -0.0065084839302511363 -0.00086374762555480045 -0.020046836060127776 0.0013318313865646029 0.032650251131013178 0.015887205302552516 0.020539574068655787 -0.029930847932158684 0.026290677582196616 -0.032984917657691369 0.037613629234845507
leaf_weight=5.2586621865630176 7.2279235124588039 34.115998104214668 46.56988999992609 1215.0259124655277 22.688897833228111 6.6205586940050152 5.8317415043711653 7.7543259374797371 9.732827600091694 22.355226211249828 10.664222955703734
leaf_count=35 20 93 172 3553 48 16 25 70 42 203 21
internal_value=0.000954292 0.00138149 0.00105883 0.00054267 0.0125223 0.0187356 -0.0103094 -0.0142982 0.00136037 -0.0242144 0.0292918
internal_weight=1393.85 1342.91 1318.4 1261.6 56.8049 24.5127 50.9328 45.101 17.4872 27.6139 17.2848
internal_count=4298 3923 3866 3725 141 57 375 350 112 238 37
is_linear=0
shrinkage=0.03


Tree=122
num_leaves=12
num_cat=0
split_feature=29 29 9 29 24 4 12 5 22 22 20
split_gain=7.37655 7.66082 12.6725 10.6862 9.347 6.46286 14.3532 8.20778 0.00585397 0.00138314 0.000733287
threshold=0.019023997455488426 0.020007434860058581 29.947422862453532 0.032398442985910422 0.83392068048614776 42.500000000000007 -0.012548269371885848 0.00023490904711034711 141030009.67850003 43394163.881500013 -0.021234308161384101
decision_type=2 2 2 2 2 2 2 2 2 2 2
left_child=8 5 3 -3 -4 7 -7 -2 9 10 -1
right_child=1 2 4 -5 -6 6 -8 -9 -10 -11 -12
leaf_value=-0.032751961811015119 0.045758311658884547 -0.0061055802152557726 -0.036477064280388889 0.0020006844485698245 0.020517620282114853 0.022438288915598334 -0.026677615921013264 0.010320849534456049 -0.034576462126988471 -0.033280966380447474 -0.03167999604290634
leaf_weight=0.93464018963277373 9.2521634772419947 167.58263344317675 13.356204934418203 1155.7631031237543 3.2125792950391761 12.239937923848631 9.51954063400626 16.149785827845335 1.8656390868127344 1.3874735869467256 1.4897419437766068
leaf_count=15 17 880 62 3116 13 30 48 47 19 17 34
internal_value=0.000926284 0.00106597 0.000647689 0.000974143 -0.0254262 0.0129497 0.000950602 0.0232283 -0.0331995 -0.0325256 -0.0320933
internal_weight=1392.75 1387.08 1339.91 1323.35 16.5688 47.1614 21.7595 25.4019 5.67749 3.81186 2.42438
internal_count=4298 4213 4071 3996 75 142 78 64 85 66 49
is_linear=0
shrinkage=0.03


Tree=123
num_leaves=11
num_cat=0
split_feature=22 20 23 17 18 22 23 11 10 18
split_gain=7.13967 8.16142 8.05676 6.98952 16.8082 12.4973 4.59386 4.90544 1.84075 0.0395757
threshold=16060767.689500002 -0.020731379413798202 0.41846375538014563 -0.0021813527037032529 0.005643909580388835 1006869447.2045001 0.46543394035386493 0.0046463483581995228 0.025771660546495954 0.010053910521772331
decision_type=2 2 2 2 2 2 2 2 2 2
left_child=1 6 -2 4 -4 -5 -1 -8 9 -3
right_child=2 8 3 5 -6 -7 7 -9 -10 -11
leaf_value=0.055218775926040485 -0.031871866982979113 -0.033967419691283571 -0.038663374474710958 0.0014305128515479453 -0.00073865581840079912 0.011558063500758924 -0.036160145414075862 0.023820981169763583 0.0033684556307391656 -0.03878113093511238
leaf_weight=1.5552911758422876 6.6158174425363532 9.8114848006516677 10.756601169705389 753.07808262482285 473.49497372657061 128.35036958009005 2.2820835579186678 2.65454226359725 1.2661304771900166 1.8226844370365132
leaf_count=2 24 130 78 2298 1397 314 27 11 5 12
internal_value=0.000899036 -0.0171768 0.00115447 0.00131446 -0.00158107 0.00290525 0.0102581 -0.00390685 -0.0309831 -0.0347216
internal_weight=1391.69 19.3922 1372.3 1365.68 484.252 881.428 6.49192 4.93663 12.9003 11.6342
internal_count=4298 187 4111 4087 1475 2612 40 38 147 142
is_linear=0
shrinkage=0.03


Tree=124
num_leaves=15
num_cat=0
split_feature=25 25 7 8 24 25 25 12 29 7 27 1 21 29
split_gain=7.28921 24.1563 18.6562 17.2297 14.0026 12.5615 30.4147 17.3971 16.292 13.4183 13.409 10.275 2.23412 1.20787
threshold=0.00060394083698791785 0.00091992996561157724 43105859.035500012 0.0033600886550455597 0.65914313420204274 0.00046462623231768142 0.00043110765201424605 -0.03406217908273014 0.057351777996037516 70625825.064000025 -0.024581040641985481 0.028152847912516883 837182.50000000012 0.047912676594346025
decision_type=2 2 2 2 2 2 2 2 2 2 2 2 2 2
left_child=5 3 11 4 -2 6 10 9 -9 -7 -1 -3 -4 -5
right_child=1 2 12 13 -6 7 -8 8 -10 -11 -12 -13 -14 -15
leaf_value=0.010582085342641111 0.0044436608791033365 -0.056985428671170332 0.039892436934455364 -0.042039277140821493 -0.037916563080160219 0.0029322248531953228 -0.05932929933860865 0.0042896940037309402 0.029798255882703958 -0.067518781101754896 -0.00012727932211086868 0.012034535896167318 0.019639265179781713 -0.063317256159450788
leaf_weight=116.39030314609408 18.350798059254888 4.4165483638644245 8.1214555352926272 3.6281128190457803 11.377671055495737 5.9419735074043256 7.5930694900453082 50.603369666263461 40.625140130519867 4.1203578114509583 1096.7273979540914 3.4635828882455826 12.365129217505453 7.0992848873138428
leaf_count=281 61 23 13 22 48 16 36 175 70 17 3472 9 26 29
internal_value=0.000872407 -0.00864625 0.0125792 -0.023529 -0.0117684 0.00136794 0.000525571 0.0115198 0.015649 -0.0259163 0.000900211 -0.0266488 0.0276682 -0.0561208
internal_weight=1390.82 68.8226 28.3667 40.4559 29.7285 1322 1220.71 101.291 91.2285 10.0623 1213.12 7.88013 20.4866 10.7274
internal_count=4298 231 71 160 109 4067 3789 278 245 33 3753 32 39 51
is_linear=0
shrinkage=0.03


Tree=125
num_leaves=9
num_cat=0
split_feature=13 7 9 25 25 26 20 29
split_gain=7.19953 10.0617 7.82235 22.486 9.37004 0.0108767 0.00711464 0.00613564
threshold=0.088362905822706964 285896.03500000009 4.7036814134785638 -9.7102269467849909e-05 -0.00034703461401847021 -0.00031584438476678546 0.0020626949130133957 0.034059807947633837
decision_type=2 2 2 2 2 2 2 2
left_child=1 5 4 -4 -3 6 -1 -7
right_child=-2 2 3 -5 -6 7 -8 -9
leaf_value=-0.037637746963575969 0.028364644676170427 0.0079927708300056143 -0.027031692783412175 0.00048509305684991239 0.00057936156257178833 -0.032634740918608802 -0.035111846822471447 -0.035383024722868257
leaf_weight=1.9769407436251638 8.5046360045671445 180.14242708310485 33.995171878486872 125.02132116258144 1035.2996433172375 1.5260212160646909 2.0384218543767929 1.403516888618469
leaf_count=14 16 506 154 444 3110 23 19 12
internal_value=0.000846918 0.000677505 0.000859502 -0.00539755 0.00167811 -0.0353414 -0.0363555 -0.0339514
internal_weight=1389.91 1381.4 1374.46 159.016 1215.44 6.9449 4.01536 2.92954
internal_count=4298 4282 4214 598 3616 68 33 35
is_linear=0
shrinkage=0.03


Tree=126
num_leaves=10
num_cat=0
split_feature=26 25 25 7 8 25 25 12 21
split_gain=7.06001 7.10533 22.833 17.7042 16.3552 11.5093 28.9324 16.4029 4.32484
threshold=0.0080900261186116051 0.00060394083698791785 0.00091992996561157724 43105859.035500012 0.0033600886550455597 0.00046462623231768142 0.00043110765201424605 -0.03406217908273014 1271751.5000000002
decision_type=2 2 2 2 2 2 2 2 2
left_child=1 5 4 -4 -3 6 -1 -7 -2
right_child=8 2 3 -5 -6 7 -8 -9 -10
leaf_value=0.0010252672841686006 -0.0074419488814460111 -0.011451417602441788 -0.025996207586988521 0.027150348416956033 -0.054764078076685208 -0.025103632618924784 -0.057890390844764258 0.015227597484903937 -0.053617499824081295
leaf_weight=1204.8870678637177 4.0063088759779921 29.670403204858303 7.8216171935200718 20.23576508462429 10.667317807674406 10.082490891218184 7.548805493861436 90.888629199936986 3.3536757677793503
leaf_count=3723 15 109 32 39 51 33 36 245 15
internal_value=0.000821882 0.000977968 -0.00844912 0.0123346 -0.0229055 0.00146888 0.00065845 0.0112003 -0.0284825
internal_weight=1389.16 1381.8 68.3951 28.0574 40.3377 1313.41 1212.44 100.971 7.35998
internal_count=4298 4268 231 71 160 4037 3759 278 30
is_linear=0
shrinkage=0.03


Tree=127
num_leaves=12
num_cat=0
split_feature=29 29 9 29 24 11 12 11 6 18 24
split_gain=7.03196 7.16795 11.8585 9.78924 8.93851 6.21681 9.24916 5.6644 0.004288 0.00123628 0.000426199
threshold=0.019023997455488426 0.020007434860058581 29.947422862453532 0.032398442985910422 0.83392068048614776 0.023513145643989288 -0.003301815327179445 0.037720881214832677 45069.000000000007 0.0068133527462578922 0.75410957062538919
decision_type=2 2 2 2 2 2 2 2 2 2 2
left_child=8 5 3 -3 -4 6 -2 -7 9 10 -1
right_child=1 2 4 -5 -6 7 -8 -9 -10 -11 -12
leaf_value=-0.031667561616813396 0.0083196669042321439 -0.0059490844188209166 -0.035745039248900039 0.00182555864314281 0.019913605119567412 -0.027872474651260304 0.041186790450548981 0.016138094766793006 -0.0340222430703448 -0.033303909450126484 -0.032576711978052127
leaf_weight=1.4731152560561893 25.242744628340002 166.85274468548596 13.203209321945907 1152.8568991236389 3.2326190397143355 5.7574387714266759 11.091901298612358 4.8483912199735641 2.4829166382551193 0.8526184819638728 0.67750100605189789
leaf_count=34 78 880 62 3116 13 25 27 12 29 10 12
internal_value=0.000797539 0.000931997 0.000527196 0.0008426 -0.024798 0.0124545 0.018353 -0.00775331 -0.0330998 -0.0323372 -0.031954
internal_weight=1388.57 1383.09 1336.15 1319.71 16.4358 46.9405 36.3346 10.6058 5.48615 3.00323 2.15062
internal_count=4298 4213 4071 3996 75 142 105 37 85 56 46
is_linear=0
shrinkage=0.03


Tree=128
num_leaves=9
num_cat=0
split_feature=13 7 9 25 25 26 20 29
split_gain=6.86207 9.6549 7.29439 21.177 8.87036 0.00975332 0.00627863 0.0057466
threshold=0.088362905822706964 285896.03500000009 4.7036814134785638 -9.7102269467849909e-05 -0.00036666288137811835 -0.00031584438476678546 0.0020626949130133957 0.034059807947633837
decision_type=2 2 2 2 2 2 2 2
left_child=1 5 4 -4 -3 6 -1 -7
right_child=-2 2 3 -5 -6 7 -8 -9
leaf_value=-0.037354092760962597 0.027807838811919873 0.0080319017779463975 -0.026345309284687344 0.00043714720575819893 0.00055718588243883335 -0.032523805168700071 -0.034950483781963054 -0.035222568959126288
leaf_weight=1.9280480816960337 8.3993414938449842 165.43214495107532 33.761059917509556 124.76180479116738 1048.505381943658 1.4715453572571271 1.9851522725075481 1.3723445646464822
leaf_count=14 16 459 154 444 3157 23 19 12
internal_value=0.000773995 0.00060936 0.00078548 -0.00526679 0.00157582 -0.0351631 -0.0361348 -0.0338261
internal_weight=1387.62 1379.22 1372.46 158.523 1213.94 6.75709 3.9132 2.84389
internal_count=4298 4282 4214 598 3616 68 33 35
is_linear=0
shrinkage=0.03


Tree=129
num_leaves=14
num_cat=0
split_feature=11 25 23 11 28 21 26 9 25 25 12 8 26
split_gain=6.95649 14.4212 17.0659 10.4495 13.3733 9.80942 12.1289 9.04711 14.8196 9.43946 8.57134 8.39922 7.32178
threshold=0.039926229899028831 0.0001129974252780517 1.6163430453541558 0.037720881214832677 0.0015791567433555713 409045.50000000006 0.0056460493970617266 4.3154363383271965 -8.0925566625928959e-05 -0.00036666288137811835 -0.0019316395870786782 -0.0075889757090909929 -0.00031584438476678546
decision_type=2 2 2 2 2 2 2 2 2 2 2 2 2
left_child=3 5 10 7 11 -2 -7 9 -9 -1 -3 -5 -4
right_child=1 2 12 4 -6 6 -8 8 -10 -11 -12 -13 -14
leaf_value=0.0083443942503701844 0.044085648538532654 -0.061269852696124456 -0.020720132324155479 -0.008401426866186933 0.012452306043952928 0.015499743145351404 -0.02581267810470626 -0.021597465508325215 -0.00064489537879958907 0.0002947496362303944 -0.0086726419167077722 -0.058397996280576174 0.016341759570899922
leaf_weight=152.12843268923461 9.2636290714144689 6.3926363289356232 6.5888361036777523 4.854031741619111 6.8019619137048712 61.355008184909821 7.1402735263109198 41.841751448810101 110.91825971193612 948.96531148254871 4.9458463042974454 8.0219006761908531 17.644349604845047
leaf_count=424 15 25 22 14 15 136 22 189 408 2941 13 35 39
internal_value=0.000751117 0.0078736 -0.00794878 0.000117293 -0.0215746 0.0151117 0.0111931 0.000457725 -0.00638391 0.0014069 -0.0383269 -0.03955 0.00626489
internal_weight=1386.86 113.331 35.5717 1273.53 19.6779 77.7589 68.4953 1253.85 152.76 1101.09 11.3385 12.8759 24.2332
internal_count=4298 272 99 4026 64 173 158 3962 597 3365 38 49 61
is_linear=0
shrinkage=0.03


Tree=130
num_leaves=13
num_cat=0
split_feature=17 24 22 15 29 28 28 24 9 29 25 24
split_gain=6.842 12.0198 12.085 15.8015 11.4762 12.2464 13.0633 10.2299 14.6305 8.28079 8.15275 2.76669
threshold=0.0056347400202683773 0.94046351087389291 864723854.04850018 0.017546351944453156 0.096938677093608802 -0.0039626689549747901 -0.0038474690141449925 0.92426597973862457 0.5215962505783337 0.061366506038033251 -7.7968472038088423e-05 0.51015897274299726
decision_type=2 2 2 2 2 2 2 2 2 2 2 2
left_child=4 7 3 -3 5 9 -7 8 -2 -1 -6 -12
right_child=1 2 -4 -5 10 6 -8 -9 -10 -11 11 -13
leaf_value=-0.015264525942039281 -0.02266740154749472 -0.0075729814649780607 0.022688153236398896 -0.057023128715370949 -0.0072329532002164869 0.025589725695746423 -0.0010420277476012375 0.042790631395963029 0.0073738386059559406 -0.066725007909819223 0.0030140623774238613 0.032003306683473155
leaf_weight=12.069342646747826 15.420397214591501 27.57422648370266 8.089668393135069 7.3702472895383826 8.5198260843753832 16.859921809285879 986.59917093813419 6.8740477859973899 271.05435013025999 3.6700364202260962 3.5307492613792446 18.425853103399277
leaf_count=47 52 82 16 29 24 37 3268 10 678 15 9 31
internal_value=0.000729211 0.00445255 -0.0103535 -0.0180027 -0.000463984 -0.00100642 -0.000594566 0.00662459 0.00575678 -0.0272638 0.0176762 0.0273417
internal_weight=1386.06 336.383 43.0341 34.9445 1049.67 1019.2 1003.46 293.349 286.475 15.7394 30.4764 21.9566
internal_count=4298 867 127 111 3431 3367 3305 740 730 62 64 40
is_linear=0
shrinkage=0.03


Tree=131
num_leaves=15
num_cat=0
split_feature=1 4 13 1 9 12 9 6 8 17 6 0 17 0
split_gain=6.56685 14.1961 13.3954 14.117 12.54 12.2357 17.9205 13.4845 12.4335 11.9052 11.0152 10.5281 10.0049 9.31559
threshold=0.029925370936393105 242.50000000000003 0.027286781670416795 0.024606820865281164 0.58564355555108394 -0.013821259159395515 5.6014767559982719 94816.500000000015 -0.007450287690601993 0.0015543080525689734 67682.000000000015 -0.003918072129840188 0.011500045334455816 -0.0023235554237202838
decision_type=2 2 2 2 2 2 2 2 2 2 2 2 2 2
left_child=1 9 3 -3 -4 8 13 -8 12 11 -11 -1 -2 -7
right_child=5 2 4 -5 -6 6 7 -9 -10 10 -12 -13 -14 -15
leaf_value=-0.042333084780167465 -0.013341406732700543 0.0048017190572087831 -0.0072801097168190962 -0.014276757800023559 0.01599042083044187 0.017964015947541684 -0.042929712808333485 -0.003357573161366183 0.0023240978235944862 0.0077658933147321356 -0.0077646642501835146 -0.0092456735562802626 0.013721438571410846 0.0058433499159922355
leaf_weight=9.1109453141689283 97.400046698749065 90.958972414955497 26.660938575863838 56.642551189288497 95.480462901294231 69.678416613489389 9.7692157253622991 37.49407159909606 225.32349432818592 84.733839236199856 79.819771885871887 172.95277331396937 14.070499613881109 315.35658985376358
leaf_count=53 302 349 76 226 224 169 60 125 598 297 233 692 30 864
internal_value=0.000707869 -0.00159928 0.00356178 -0.00251971 0.0109109 0.00255685 0.00589677 -0.011537 -0.00173017 -0.0056157 0.000232509 -0.0109015 -0.00992537 0.00803678
internal_weight=1385.45 616.36 269.743 147.602 122.141 769.092 432.298 47.2633 336.794 346.617 164.554 182.064 111.471 385.035
internal_count=4298 2150 875 575 300 2148 1218 185 930 1275 530 745 332 1033
is_linear=0
shrinkage=0.03


Tree=132
num_leaves=15
num_cat=0
split_feature=26 28 28 26 28 4 26 28 8 11 11 11 15 1
split_gain=6.72219 18.222 18.8544 24.4322 21.7303 14.2536 14.2526 20.308 11.1594 9.01454 8.31472 6.63501 4.53562 4.17377
threshold=-0.0069072720604882879 -0.0018933259784514149 -0.00028598577274068735 0.0004989944964185856 0.00020593485972779995 77.500000000000014 -0.0014071478760883866 -0.0022248216183756147 0.0070886995843659631 0.0065089507828886969 0.0068737164794578512 0.0022973537291958832 -0.014771260067913036 0.031067663267514301
decision_type=2 2 2 2 2 2 2 2 2 2 2 2 2 2
left_child=5 6 3 -3 -4 9 7 -2 -8 -1 11 -7 -11 -12
right_child=1 2 4 -5 -6 10 8 -9 -10 12 13 -13 -14 -15
leaf_value=0.008330412348048934 -0.011528955321825528 0.012212095278268107 -0.010989761913398351 -0.0078183216455538947 0.0014807512750858484 0.016905639413238666 -0.014979564126222792 0.016141629174955624 -0.052323962923153153 -0.057798287549438485 0.015572168153230367 -0.028048280025507334 -0.012017638909226965 0.0388023563793733
leaf_weight=8.5583821237087268 95.624348472803831 247.92747383564711 153.59707381762564 70.358777156099677 693.88212858885527 7.7527459710836393 23.191784325987101 31.812591813504696 10.445167759433387 4.1346125155687341 11.971347853541376 4.7748745828866959 3.6822425350546819 16.631503343582153
leaf_count=24 364 658 568 233 2098 18 87 85 51 17 35 18 13 29
internal_value=0.000687105 0.000251892 0.00155872 0.00778427 -0.000779404 0.0107288 -0.00920619 -0.00462144 -0.026576 -0.0129421 0.0201529 -0.000228447 -0.0362327 0.0290797
internal_weight=1384.35 1326.84 1165.77 318.286 847.479 57.5057 161.074 127.437 33.637 16.3752 41.1305 12.5276 7.81686 28.6029
internal_count=4298 4144 3557 891 2666 154 587 449 138 54 100 36 30 64
is_linear=0
shrinkage=0.03


Tree=133
num_leaves=12
num_cat=0
split_feature=29 29 9 29 24 11 12 11 22 22 25
split_gain=6.71755 6.97945 10.9318 8.84437 8.62016 5.95332 8.55719 5.26398 0.00523105 0.00119058 0.000801887
threshold=0.019023997455488426 0.020007434860058581 29.947422862453532 0.032398442985910422 0.83392068048614776 0.023513145643989288 -0.003301815327179445 0.037720881214832677 141030009.67850003 27371731.201000005 -9.5779806604573002e-05
decision_type=2 2 2 2 2 2 2 2 2 2 2
left_child=8 5 3 -3 -4 6 -2 -7 9 10 -1
right_child=1 2 4 -5 -6 7 -8 -9 -10 -11 -12
leaf_value=-0.032549372660638287 0.0082682047133143238 -0.0057761027092670947 -0.034943892744703303 0.0016337669541907059 0.019773153784118515 -0.027123735780924096 0.039874116419796275 0.015457779403445579 -0.034331609225814234 -0.032917408293749853 -0.031287118001414274
leaf_weight=0.77817607298493374 25.192638501524922 165.90917766094208 13.020649343729021 1148.8680275641382 3.2350917905569068 5.722009062767027 11.109532233327629 4.8086179494857788 1.7775044701993463 1.6725604385137556 1.0838513821363442
leaf_count=13 78 880 62 3116 13 25 27 12 19 23 30
internal_value=0.000667115 0.000796927 0.000396421 0.00069873 -0.0240545 0.0121797 0.0179405 -0.00767967 -0.0330041 -0.0323365 -0.0318146
internal_weight=1383.18 1377.87 1331.03 1314.78 16.2557 46.8328 36.3022 10.5306 5.31209 3.53459 1.86203
internal_count=4298 4213 4071 3996 75 142 105 37 85 66 43
is_linear=0
shrinkage=0.03


Tree=134
num_leaves=10
num_cat=0
split_feature=26 21 11 26 15 22 7 25 6
split_gain=6.6464 6.68282 10.8004 13.6631 9.74278 9.59817 19.5943 11.7506 4.09301
threshold=0.0080900261186116051 223199.00000000003 0.0070593236917145868 0.002517906088195404 -0.0083089030333619879 33399421.396500003 2582478.2095000003 4.7611398767522307e-05 232623.50000000003
decision_type=2 2 2 2 2 2 2 2 2
left_child=1 2 4 -4 -1 7 -7 -3 -2
right_child=8 5 3 -5 -6 6 -8 -9 -10
leaf_value=0.0082951859582915642 -0.0074406006230729278 -0.0044561490642822804 0.0048651065912982796 -0.018323666572939237 -0.019583130796558625 -0.024734847343035087 0.0018145459375944904 0.029884349521922957 -0.052536282896050571
leaf_weight=14.21211766451597 3.9957007989287368 14.639746766537426 121.78931436315179 28.155105942860246 54.725579531863332 25.604928191751242 1092.6710109189153 23.146964177489281 3.3135752826929092
leaf_count=50 15 75 455 124 318 136 3007 103 15
internal_value=0.000647389 0.000799065 -0.0040076 0.000510944 -0.0138358 0.00170913 0.00120665 0.0165798 -0.0278842
internal_weight=1382.25 1374.94 218.882 149.944 68.9377 1156.06 1118.28 37.7867 7.30928
internal_count=4298 4268 947 579 368 3321 3143 178 30
is_linear=0
shrinkage=0.03


Tree=135
num_leaves=13
num_cat=0
split_feature=7 26 25 8 15 26 4 18 10 26 18 25
split_gain=6.5126 6.77737 16.3158 22.4712 14.4527 12.6319 11.2067 4.55182 2.09797 0.00995705 0.00302242 0.00241168
threshold=285896.03500000009 -0.0069072720604882879 0.00060394083698791785 0.0033600886550455597 -0.0063511479349939162 -0.0066439644900535442 77.500000000000014 0.0098466117370876721 -0.012481082940049836 -0.00022083762732367967 0.0068642266658474225 4.3792572003873029e-05
decision_type=2 2 2 2 2 2 2 2 2 2 2 2
left_child=8 4 5 -4 6 -3 -2 -6 -1 11 -11 -10
right_child=1 2 3 -5 7 -7 -8 -9 9 10 -12 -13
leaf_value=0.0074380753833526991 -0.025921830011798888 -0.038777598261002695 -0.0057483952321809939 -0.053049484632642613 0.0055362303919231828 0.0012569618600008752 0.012006648286508407 0.033476530312480983 -0.036999455591015397 -0.03261957505829164 -0.034740337713780087 -0.03543454763981823
leaf_weight=1.2601795122027395 12.101720735430719 7.1334291473031035 42.478576008230448 11.482521519064901 7.0277982577681568 1256.7465999163687 16.667548447847366 20.71715897321701 1.6521841436624529 1.2252815738320344 1.1943219155073164 1.9119922481477258
leaf_count=8 42 33 140 56 28 3852 38 40 13 20 11 17
internal_value=0.000627998 0.000777534 0.00034127 -0.0158137 0.0109507 0.001031 -0.00394787 0.0263993 -0.0277426 -0.0351517 -0.0336664 -0.03616
internal_weight=1381.6 1374.36 1317.84 53.9611 56.5142 1263.88 28.7693 27.745 7.24396 5.98378 2.4196 3.56418
internal_count=4298 4229 4081 196 148 3885 80 68 69 61 31 30
is_linear=0
shrinkage=0.03


Tree=136
num_leaves=15
num_cat=0
split_feature=27 15 20 20 26 25 26 28 29 4 10 25 11 29
split_gain=6.50968 22.6855 16.6149 18.6304 13.2962 11.4487 11.2312 10.9869 10.0758 10.0505 6.97859 9.42955 8.74969 0.174145
threshold=-0.024581040641985481 -0.015987494089792584 -0.058672382422429788 -0.094706141194558155 -0.0069072720604882879 0.00023051528958966649 -0.00014994515379839041 -0.0010409698921938733 0.067511903309854585 317.50000000000006 -0.028645443335318262 -8.0925566625928959e-05 0.0093595653285938312 0.060679437328502075
decision_type=2 2 2 2 2 2 2 2 2 2 2 2 2 2
left_child=5 9 3 -3 -4 10 7 -7 -8 13 11 -1 -12 -2
right_child=1 2 4 -5 -6 6 8 -9 -10 -11 12 -13 -14 -15
leaf_value=-0.0072517286003133093 -0.053135050467692006 0.019378689001706462 0.018727340223144619 -0.036207106441892734 0.00032411545769334599 -0.011206828009594921 -0.057791523329036087 0.022030885181062127 0.0043190980121744302 -0.0025311066487658279 0.034431209175616373 0.01675591997911044 -0.0078472777830988372 -0.061880633971062013
leaf_weight=23.810671582818031 3.3829353004693967 7.2571756988763836 36.43696228787303 21.51498607173562 1166.3352511618286 21.850274354219433 6.032367989420889 15.161351233720781 3.8515138179063797 4.3681608736515036 21.617226142436269 38.58467435836792 5.5331466346979132 5.1973918378353119
leaf_count=70 15 17 95 81 3713 63 28 31 9 12 41 87 15 21
internal_value=0.000609376 -7.26342e-05 0.000342687 -0.0221868 0.000881626 0.00683006 -0.0051783 0.00240859 -0.0335885 -0.0395742 0.0131189 0.00759437 0.025815 -0.0584325
internal_weight=1380.93 1244.49 1231.54 28.7722 1202.77 136.441 46.8955 37.0116 9.88388 12.9485 89.5457 62.3953 27.1504 8.58033
internal_count=4298 3954 3906 98 3808 344 131 94 37 48 213 157 56 36
is_linear=0
shrinkage=0.03


Tree=137
num_leaves=12
num_cat=0
split_feature=29 29 29 25 7 26 17 7 26 1 25
split_gain=6.46932 6.41068 10.3169 11.398 8.59981 6.04757 5.80727 0.00392956 0.00354935 0.000598107 0.000112753
threshold=0.019023997455488426 0.020007434860058581 0.026842835822145025 -1.6886585215245015e-05 309266136.45150012 0.0023886210876346292 0.0017990672355273133 2463207.4495000006 -0.0004120417916926532 0.025583082072621399 8.9806067273436998e-05
decision_type=2 2 2 2 2 2 2 2 2 2 2
left_child=7 5 3 -3 -4 6 -2 9 -9 10 -1
right_child=1 2 4 -5 -6 -7 -8 8 -10 -11 -12
leaf_value=-0.031725147631718881 0.025791547940626807 0.0023235298412965623 -0.00016157568902217315 -0.023449757201089209 0.0065761194531460008 -0.019325803844268043 0.0033366537771890087 -0.034833334562049394 -0.032768857153805508 -0.032487204933586165 -0.03112793729755902
leaf_weight=0.62567361630499296 22.38888880982995 28.589221078902483 1063.4065565373749 33.583888188004494 203.04802867025137 5.0630229525268069 19.301918707787991 1.2541777715086939 1.8625805191695688 0.898212470114231 0.52181763760745525
leaf_count=14 59 143 3201 231 496 26 57 12 27 16 16
internal_value=0.000591323 0.000717141 0.000332931 -0.0115984 0.000918665 0.0116354 0.0153954 -0.032929 -0.0335996 -0.0319074 -0.0314536
internal_weight=1380.54 1375.38 1328.63 62.1731 1266.45 46.7538 41.6908 5.16246 3.11676 2.0457 1.14749
internal_count=4298 4213 4071 374 3697 142 116 85 39 46 30
is_linear=0
shrinkage=0.03


Tree=138
num_leaves=9
num_cat=0
split_feature=26 11 11 1 9 21 23 21
split_gain=6.2831 6.5103 9.9812 16.3341 8.32687 8.19493 13.3984 4.93658
threshold=0.0080900261186116051 0.039926229899028831 0.037720881214832677 0.033966742561262676 4.3154363383271965 409045.50000000006 1.5426582930339543 918460.50000000012
decision_type=2 2 2 2 2 2 2 2
left_child=1 2 4 -4 -1 -3 -7 -2
right_child=7 5 3 -5 -6 6 -8 -9
leaf_value=0.0013564229171146164 -0.0032483856462202005 0.029096527305537911 -0.058634322303285503 -0.0011464725320619632 -0.006159855884073466 -0.0086386006630034175 0.013922617224194182 -0.052711630414401675
leaf_weight=1090.0644026827067 3.7436674162745467 14.037114471197127 6.8176470845937756 12.798969745635985 151.03325112350285 40.427482515573502 57.222460672259331 3.5266042947769165
leaf_count=3339 14 28 30 34 595 111 131 16
internal_value=0.000573796 0.000721148 0.000106149 -0.0211261 0.000441742 0.00766321 0.00458218 -0.0272416
internal_weight=1379.67 1372.4 1260.71 19.6166 1241.1 111.687 97.6499 7.27027
internal_count=4298 4268 3998 64 3934 270 242 30
is_linear=0
shrinkage=0.03


Tree=139
num_leaves=10
num_cat=0
split_feature=7 17 26 28 15 10 26 29 1
split_gain=6.26585 6.09422 7.96456 16.3364 11.3254 2.0153 0.00902288 0.00418367 0.00176851
threshold=285896.03500000009 -0.025642493731459274 -0.0069072720604882879 -0.0018933259784514149 -0.003617856124290279 -0.012481082940049836 -0.00022083762732367967 0.034059807947633837 0.022173949878610547
decision_type=2 2 2 2 2 2 2 2 2
left_child=5 -2 4 -4 -3 -1 8 -8 -7
right_child=1 2 3 -5 -6 6 7 -9 -10
leaf_value=0.0069009262946097098 -0.032010075834009971 0.00070618205794417634 -0.0086528561657323606 0.0015999626161416177 0.028449438544096092 -0.035362556397289899 -0.032361123497126047 -0.034895138896998024 -0.036725335145301991
leaf_weight=1.2560856752097604 5.106467753648757 32.452929116785526 159.17354567535222 1153.0828595347703 22.371906559914351 1.9578678831458094 1.2452123872935765 1.1082849428057668 1.5242758840322492
leaf_count=8 17 89 578 3491 54 18 21 10 12
internal_value=0.000556808 0.000702172 0.000824362 0.00035632 0.0120271 -0.0275697 -0.0349893 -0.0335544 -0.0359591
internal_weight=1379.28 1372.19 1367.08 1312.26 54.8248 7.09173 5.83564 2.3535 3.48214
internal_count=4298 4229 4212 4069 143 69 61 31 30
is_linear=0
shrinkage=0.03


Tree=140
num_leaves=11
num_cat=0
split_feature=25 5 22 23 10 3 11 25 18 8
split_gain=6.21812 8.35618 6.83906 7.74928 8.1608 7.7317 6.11929 4.88853 2.41805 2.27891
threshold=-0.001013258929688022 0.00059689203890117136 16453981.502500003 0.43737241892358647 0.0061359209708814842 0.049171312625629383 0.039926229899028831 0.00021089200597581385 0.0082582983140805487 0.015921011403063842
decision_type=2 2 2 2 2 2 2 2 2 2
left_child=1 -1 5 4 -4 7 -5 -2 -3 -7
right_child=2 8 3 6 -6 9 -8 -9 -10 -11
leaf_value=-0.0099583508246976048 -0.014606035058029753 0.012100682724236962 -0.0053303781769698704 0.00010612669382235377 -0.0610854371360052 -0.034642717344023313 0.0074492923252174031 0.038426894726932288 0.035758806005773441 0.009030798016272967
leaf_weight=7.9582202062010792 3.3953414354473379 6.0475188121199634 6.5389894992113096 1212.8511186502874 3.6993506997823715 11.824602492153643 111.52733118832111 2.9008331000804901 10.889464825391768 1.1828755699098099
leaf_count=24 28 16 19 3730 16 156 270 9 23 7
internal_value=0.000540268 0.0153974 0.000267082 0.000523509 -0.025476 -0.0174618 0.000724503 0.0098278 0.0273114 -0.0306711
internal_weight=1378.82 24.8952 1353.92 1334.62 10.2383 19.3037 1324.38 6.29617 16.937 13.0075
internal_count=4298 63 4235 4035 35 200 4000 37 39 163
is_linear=0
shrinkage=0.03


Tree=141
num_leaves=12
num_cat=0
split_feature=21 7 24 21 18 6 13 9 9 18 4
split_gain=6.1938 12.5109 11.3299 7.96798 9.74272 9.23629 8.6054 8.0527 7.54039 6.11197 2.33943
threshold=14364830.000000002 849179486.50600004 0.69435332761333324 10682938.500000002 0.014326621927528567 3212391.0000000005 0.031034012141527536 1.7749908674607224 1.9277530606091309 0.018096933355774562 237.50000000000003
decision_type=2 2 2 2 2 2 2 2 2 2 2
left_child=3 10 9 5 8 7 -7 -1 -5 -3 -2
right_child=1 2 -4 4 -6 6 -8 -9 -10 -11 -12
leaf_value=0.0017215479818468364 0.017049363759933198 -0.051222337912200246 0.031384109058750859 -0.029529065337588239 -0.058174095362264054 -0.003506764904928255 0.027478912404635868 -0.0032917091881835285 0.022089149745044594 -0.0020386126554608579 0.037901292032989677
leaf_weight=862.70104624796659 8.7207839936018008 4.7892571017146093 4.2614704817533484 5.4577531069517118 4.5573047548532477 12.942277338355778 21.412573248147964 433.15068463049829 4.7757283449172974 4.3296986967325211 10.888409897685049
leaf_count=2526 19 22 10 19 18 40 40 1564 11 12 17
internal_value=0.000524362 0.0133669 -0.0089983 0.000209366 -0.0216883 0.00045285 0.0158059 4.58194e-05 -0.00544004 -0.0278698 0.0286278
internal_weight=1377.99 32.9896 13.3804 1345 14.7908 1330.21 34.3549 1295.85 10.2335 9.11896 19.6092
internal_count=4298 80 44 4218 48 4170 80 4090 30 34 36
is_linear=0
shrinkage=0.03


Tree=142
num_leaves=9
num_cat=0
split_feature=13 7 22 21 25 26 17 18
split_gain=6.0951 8.50694 6.57843 13.8519 11.0952 0.00720313 0.00446254 0.00317475
threshold=0.088362905822706964 285896.03500000009 3886029889.4930005 14364830.000000002 2.2703865082387905e-05 -0.00031584438476678546 0.00035282267585154604 0.0080397698647268322
decision_type=2 2 2 2 2 2 2 2
left_child=1 5 3 -3 -4 6 -1 -7
right_child=-2 2 4 -5 -6 7 -8 -9
leaf_value=-0.034500475578506488 0.026378635302428208 0.00033011851326854926 0.0044209005862325956 0.022041533810182128 -0.040835393933762031 -0.032521172814886708 -0.036604734249652861 -0.034638701379306823
leaf_weight=1.8543948307633402 8.1482424139976484 1316.4855669867247 10.423420667648317 26.989058136940002 9.1600764319300634 1.4414895176887506 1.7754821814596651 1.142106808722019
leaf_count=19 16 4093 27 58 36 24 14 11
internal_value=0.000508946 0.000355002 0.000514653 0.000766279 -0.0167475 -0.034668 -0.0355297 -0.0334572
internal_weight=1377.42 1369.27 1363.06 1343.47 19.5835 6.21347 3.62988 2.5836
internal_count=4298 4282 4214 4151 63 68 33 35
is_linear=0
shrinkage=0.03


Tree=143
num_leaves=11
num_cat=0
split_feature=29 29 9 24 1 26 26 21 18 25
split_gain=6.16749 6.19086 10.2954 8.28852 8.1841 5.76275 5.80162 0.00369931 0.00196342 0.000430502
threshold=0.019023997455488426 0.020007434860058581 29.947422862453532 0.83392068048614776 0.029925370936393105 0.0023886210876346292 0.00016494435494794166 1605988.0000000002 0.0068133527462578922 -0.00022115147749914168
decision_type=2 2 2 2 2 2 2 2 2 2
left_child=7 5 4 -4 -3 6 -2 8 9 -1
right_child=1 2 3 -5 -6 -7 -8 -9 -10 -11
leaf_value=-0.03238861797258831 0.0024944352760503893 -0.002137228241536959 -0.034452362511801359 0.019187335963420191 0.0026391169013559642 -0.019017609171408656 0.025034530643652714 -0.03400427979485967 -0.033355463187668251 -0.031504039031995668
leaf_weight=0.7187092769891027 18.497127801179886 578.22017505764961 12.836311601102354 3.2488727644085875 731.09193577244878 5.0167756415903559 23.127176027745008 1.6401254795491693 1.0274316146969793 1.5919181182980531
leaf_count=13 62 1975 62 13 2021 26 54 19 12 41
internal_value=0.000493809 0.000614746 0.000236717 -0.0236183 0.000529781 0.0113572 0.0150181 -0.0328376 -0.0322644 -0.0317792
internal_weight=1377.02 1372.04 1325.4 16.0852 1309.31 46.6411 41.6243 4.97818 3.33806 2.31063
internal_count=4298 4213 4071 75 3996 142 116 85 66 54
is_linear=0
shrinkage=0.03


Tree=144
num_leaves=15
num_cat=0
split_feature=27 15 20 20 26 25 26 23 29 4 24 29 26 29
split_gain=6.12503 21.2305 15.623 17.5058 12.1045 10.7749 10.5985 10.5009 9.61293 9.46285 9.17485 11.0295 6.63538 0.140559
threshold=-0.024581040641985481 -0.015987494089792584 -0.058672382422429788 -0.094706141194558155 -0.0069072720604882879 0.00023051528958966649 -0.00014994515379839041 1.0390025347431584 0.067511903309854585 317.50000000000006 0.49583329688627747 0.057957695336936739 -0.00037469813994883602 0.060679437328502075
decision_type=2 2 2 2 2 2 2 2 2 2 2 2 2 2
left_child=5 9 3 -3 -4 10 7 -7 -8 13 11 -1 -12 -2
right_child=1 2 4 -5 -6 6 8 -9 -10 -11 12 -13 -14 -15
leaf_value=-0.040051978854909812 -0.052029436217338722 0.018702924408595979 0.017850510967310076 -0.035309684303758741 0.00021091922377002367 -0.024163187264052078 -0.056623880111387762 0.011933726928942406 0.0041652874301012135 -0.0024996318769999843 0.0072954722915511182 0.016017805704466072 0.024982496180130175 -0.059913669009529956
leaf_weight=6.1005925275385362 3.3456342667341215 7.222764819860461 36.098616100847721 21.405795097351074 1162.8268460379913 9.9199457466602308 5.9809093587100488 26.980481252074242 3.8472578227519989 4.3582464903593054 36.474902287125587 6.5449235737323761 40.050888121128082 5.195279523730278
leaf_count=28 15 17 95 81 3713 32 28 62 9 12 91 14 80 21
internal_value=0.000479145 -0.00018327 0.00021905 -0.0216827 0.000742032 0.00652547 -0.00514369 0.00222979 -0.0328278 -0.0384702 0.0126405 -0.011032 0.0165522 -0.0568253
internal_weight=1376.35 1240.45 1227.55 28.6286 1198.93 135.9 46.7286 36.9004 9.82817 12.8992 89.1713 12.6455 76.5258 8.54091
internal_count=4298 3954 3906 98 3808 344 131 94 37 48 213 42 171 36
is_linear=0
shrinkage=0.03


Tree=145
num_leaves=10
num_cat=0
split_feature=29 26 17 18 22 21 22 22 26
split_gain=5.96104 5.96838 6.15753 16.2713 12.4134 5.4474 0.00442245 0.000942718 0.000366164
threshold=0.019023997455488426 0.0080900261186116051 -0.0021813527037032529 0.005643909580388835 1006869447.2045001 878123.50000000012 141030009.67850003 27371731.201000005 0.0021141972495172215
decision_type=2 2 2 2 2 2 2 2 2
left_child=6 2 3 -2 -4 -3 7 8 -1
right_child=1 5 4 -5 -6 -7 -8 -9 -10
leaf_value=-0.031265933676254118 -0.038126394840285689 0.00032779759560637499 0.00077064005996281277 -0.0011533123752638854 0.01097318298648543 -0.051812187592210054 -0.034011898371309926 -0.032638371762387576 -0.032190619228102089
leaf_weight=1.0489490795880549 10.960604965686796 3.4894931986927977 754.31046186387539 473.3308614641428 125.1332079321146 3.7322313413023949 1.6568420715630052 1.5293586477637289 0.60928626172244538
leaf_count=30 87 13 2371 1421 304 17 19 23 13
internal_value=0.000464977 0.000582362 0.000726406 -0.0019901 0.00222233 -0.0266185 -0.0327546 -0.0321012 -0.0316057
internal_weight=1375.8 1370.96 1363.74 484.291 879.444 7.22172 4.84444 3.18759 1.65824
internal_count=4298 4213 4183 1508 2675 30 85 66 43
is_linear=0
shrinkage=0.03


Tree=146
num_leaves=14
num_cat=0
split_feature=27 20 20 10 28 18 28 28 3 1 14 0 4
split_gain=5.81884 15.5968 16.5392 10.8191 10.8691 10.4231 9.9478 11.9201 11.2888 9.6967 6.77675 6.44998 5.07664
threshold=-0.024581040641985481 -0.058672382422429788 -0.094706141194558155 -0.0250803524199027 -0.00028598577274068735 0.016609090463752921 -0.0014108090618215063 0.0019514701500761241 0.87607339449541388 0.031831157435165548 0.1220825274016769 -0.0007466537894959337 222.50000000000003
decision_type=2 2 2 2 2 2 2 2 2 2 2 2 2
left_child=6 2 -2 10 -5 -4 8 11 9 -1 -3 -8 -9
right_child=1 3 5 4 -6 -7 7 12 -10 -11 -12 -13 -14
leaf_value=-0.018643150200116618 0.017140354479378648 -0.05416915671318686 -0.019787389655976262 0.0043300121632058527 -0.0015900410589859361 -0.06317722164777087 0.030281529195732498 -0.040495316754241027 -0.044791978883446347 0.01114232138926325 -0.0043699139971754728 0.010907165380674376 0.0052077311352128029
leaf_weight=15.16349448263645 7.3586811423301723 5.2707110419869405 14.389213006943466 441.51253638509661 758.84676321223378 7.621989242732524 21.273253414779902 4.9939179420471174 5.5449890941381446 28.003116086125374 4.610723540186882 56.64018527418375 3.8922636434435844
leaf_count=48 18 23 51 1372 2444 33 40 21 22 68 13 134 11
internal_value=0.00045111 -0.000194119 -0.0217955 0.000330099 0.000587455 -0.0348123 0.00635345 0.0124426 -0.00449681 0.000679331 -0.0309326 0.0161971 -0.0204768
internal_weight=1375.12 1239.61 29.3699 1210.24 1200.36 22.0112 135.511 86.7996 48.7116 43.1666 9.88143 77.9134 8.88618
internal_count=4298 3954 102 3852 3816 84 344 206 138 116 36 174 32
is_linear=0
shrinkage=0.03


Tree=147
num_leaves=15
num_cat=0
split_feature=25 8 11 25 25 29 27 0 14 11 11 25 7 29
split_gain=5.95144 20.2141 18.3264 11.8139 26.4406 12.6291 10.7759 9.8032 8.70799 6.52114 5.82429 3.6338 0.684563 0.627738
threshold=0.00060394083698791785 0.0037755105144049966 0.005767471365308717 0.00046462623231768142 0.00043110765201424605 0.065418623164105863 -0.024581040641985481 -0.00061263957129982787 0.28109079330422554 0.0029595372776843811 0.019636115078831635 0.00082441926047970894 26305015.208000004 0.047912676594346025
decision_type=2 2 2 2 2 2 2 2 2 2 2 2 2 2
left_child=3 2 9 4 6 8 -1 -4 -5 -2 -7 13 -6 -3
right_child=1 11 7 5 12 10 -8 -9 -10 -11 -12 -13 -14 -15
leaf_value=0.009167779316269933 -0.013010859287825161 -0.040937228633553806 -0.016209263344644377 -0.01980878384130293 -0.046095499975710663 0.014403721585844216 -0.00051007018174628832 0.017952750636216167 0.0083536579494950403 -0.055678281933950323 0.039637746907551466 -0.018558106163084783 -0.064356302666497125 -0.058592502787265639
leaf_weight=114.46290127187967 7.6239923462271673 2.5783090405166131 10.010307431221003 12.049774769693611 3.3425009138882151 18.038505613803864 1085.8535062531009 30.885592870414261 54.912571622058749 5.5858263932168484 15.142726495862005 3.9232559055089942 4.1312836110591888 6.1019972562789917
leaf_count=281 28 16 34 49 19 38 3472 82 168 29 23 17 17 25
internal_value=0.000437761 -0.00830275 -0.000332354 0.000883558 6.25611e-05 0.0107853 0.000412815 0.00959073 0.00328587 -0.031053 0.0259196 -0.0425188 -0.0561895 -0.0533484
internal_weight=1374.64 66.7093 54.1057 1307.93 1207.79 100.144 1200.32 40.8959 66.9623 13.2098 33.1812 12.6036 7.47378 8.68031
internal_count=4298 231 173 4067 3789 278 3753 116 217 57 61 58 36 41
is_linear=0
shrinkage=0.03


Tree=148
num_leaves=11
num_cat=0
split_feature=25 5 22 3 23 10 29 25 18 9
split_gain=5.88009 7.97112 6.34105 7.60756 7.23713 7.7312 6.82222 4.57941 2.40147 2.3892
threshold=-0.001013258929688022 0.00059689203890117136 16453981.502500003 0.049171312625629383 0.43737241892358647 0.0061359209708814842 0.098800714511710561 0.00021089200597581385 0.0082582983140805487 0.16772024296401242
decision_type=2 2 2 2 2 2 2 2 2 2
left_child=1 -1 3 7 5 -4 -6 -2 -3 -5
right_child=2 8 4 9 6 -7 -8 -9 -10 -11
leaf_value=-0.0097263727652915997 -0.014036297647544025 0.011673586498041016 -0.0051499069490719756 0.013629023691563083 0.00025120546467236857 -0.059485566038747717 0.013977591562382633 0.037563195517324531 0.035400508074292139 -0.034534569047423302
leaf_weight=7.9532798677682903 3.3320689890533712 6.0234495103359249 6.5363960266113263 1.0081904530525196 1286.9903519488871 3.6857187896966934 33.434457883238792 2.8910491913557053 10.587034985423086 11.503743742592631
leaf_count=24 28 16 19 6 3928 16 72 9 23 157
internal_value=0.000424878 0.014971 0.000160084 -0.0171715 0.000404107 -0.0247413 0.000598771 0.00993507 0.0267964 -0.0306536
internal_weight=1373.95 24.5638 1349.38 18.7351 1330.65 10.2221 1320.42 6.22312 16.6105 12.5119
internal_count=4298 63 4235 200 4035 35 4000 37 39 163
is_linear=0
shrinkage=0.03


Tree=149
num_leaves=12
num_cat=0
split_feature=29 29 9 24 1 4 20 5 22 22 25
split_gain=5.71102 5.77048 9.64055 7.8649 7.6824 5.62199 8.37663 7.59969 0.00406506 0.000889234 0.000431973
threshold=0.019023997455488426 0.020007434860058581 29.947422862453532 0.83392068048614776 0.029925370936393105 42.500000000000007 -0.011289075816254943 0.00023490904711034711 141030009.67850003 27371731.201000005 -9.5779806604573002e-05
decision_type=2 2 2 2 2 2 2 2 2 2 2
left_child=8 5 4 -4 -3 7 -7 -2 9 10 -1
right_child=1 2 3 -5 -6 6 -8 -9 -10 -11 -12
leaf_value=-0.032124000437273904 0.0422758204138814 -0.0021426112799276041 -0.033750400921171368 0.018396138260723473 0.0024902955180277461 0.012894476085709339 -0.026882215573309148 0.007951737482830205 -0.033888507979219371 -0.032555183633588641 -0.031116929336073539
leaf_weight=0.65326385200023629 9.1980449631810206 577.08838926628232 12.662019565701483 3.2766848281025878 729.13237350620329 14.331558529287578 7.1381855532526961 15.740266263484953 1.6134636513888834 1.4860627576708791 0.92772180866450027
leaf_count=13 17 1975 62 13 2021 45 33 47 19 23 30
internal_value=0.000412325 0.000525465 0.000160502 -0.0230301 0.000443477 0.0109232 -0.000330339 0.0206116 -0.0326696 -0.0320283 -0.0315331
internal_weight=1373.25 1368.57 1322.16 15.9387 1306.22 46.4081 21.4697 24.9383 4.68051 3.06705 1.58099
internal_count=4298 4213 4071 75 3996 142 78 64 85 66 43
is_linear=0
shrinkage=0.03


Tree=150
num_leaves=15
num_cat=0
split_feature=25 25 20 9 18 1 24 22 14 9 17 26 25 22
split_gain=5.6958 15.0537 15.7521 9.07489 10.4268 9.39435 7.89253 13.8198 11.4422 9.81228 9.57401 11.8917 9.34377 4.31812
threshold=-0.0003944043076717358 -0.00044161127236986788 -0.010919520218781386 2.9323126736728811 0.014067239843898993 0.051170747550696269 0.94046351087389291 58283424.490500003 0.050222894236031428 4.2149898405215245 0.0056347400202683773 0.0018794400294040575 -3.0305715736434386e-05 36828133.354500011
decision_type=2 2 2 2 2 2 2 2 2 2 2 2 2 2
left_child=1 3 13 5 -5 -1 10 8 -8 -9 12 -12 -2 -3
right_child=6 2 -4 4 -6 -7 7 9 -10 -11 11 -13 -14 -15
leaf_value=-0.00055267293191414235 -0.0057751823322430892 0.0075933875691346969 -0.018844141400137952 -0.035929738079344624 0.022128093357676203 0.028356853647363248 0.023431226130383547 0.00043506411853406129 -0.035430823645234852 -0.036268494923851348 -1.7882327628214867e-05 0.012681434765234305 0.0010741958063457434 0.032506704103715818
leaf_weight=78.94858817756176 262.13999072276056 7.7973641976714125 7.8810973837971678 11.52315156534314 3.6709177345037451 11.603268137201665 3.4437400456517961 86.891515590250492 21.707317730411887 7.0902604646980754 155.51741264760494 115.76126928627491 566.89288619160652 31.787053599953651
leaf_count=243 862 22 26 66 9 27 12 232 126 32 420 273 1884 64
internal_value=0.000400037 0.00585201 0.0198879 -0.000448187 -0.0219028 0.00315178 -0.00028495 -0.00761979 -0.0273713 -0.00233396 0.000509206 0.00540123 -0.00109158 0.0275993
internal_weight=1372.66 153.211 47.4655 105.746 15.1941 90.5519 1219.44 119.133 25.1511 93.9818 1100.31 271.279 829.033 39.5844
internal_count=4298 457 112 345 75 270 3841 402 138 264 3439 693 2746 86
is_linear=0
shrinkage=0.03


Tree=151
num_leaves=9
num_cat=0
split_feature=13 7 22 21 3 26 17 29
split_gain=5.66003 7.95497 6.26277 12.9628 10.7279 0.00636508 0.00418958 0.00360662
threshold=0.088362905822706964 285896.03500000009 3886029889.4930005 14364830.000000002 0.85156987901292325 -0.00031584438476678546 0.00035282267585154604 0.034059807947633837
decision_type=2 2 2 2 2 2 2 2
left_child=1 5 3 -3 -4 6 -1 -7
right_child=-2 2 4 -5 -6 7 -8 -9
leaf_value=-0.034234364507520848 0.025571618223735226 0.00021658115263929319 -0.029357704155983814 0.021312716386905121 0.021989746434367699 -0.032123226875968497 -0.036313843349031365 -0.034430717706617445
leaf_weight=1.7690726071596148 7.9855132251977912 1311.364903154783 14.610441230237486 26.748794123530388 4.8868781775236121 1.2356954868882888 1.7195273414254186 1.2032381035387514
leaf_count=19 16 4093 53 58 10 23 14 12
internal_value=0.000388409 0.000240925 0.000392335 0.000638291 -0.0164878 -0.0344374 -0.0352593 -0.0332616
internal_weight=1371.52 1363.54 1357.61 1338.11 19.4973 5.92753 3.4886 2.43893
internal_count=4298 4282 4214 4151 63 68 33 35
is_linear=0
shrinkage=0.03


Tree=152
num_leaves=11
num_cat=0
split_feature=25 5 11 25 24 11 1 21 8 11
split_gain=5.61012 7.58449 6.19798 14.0036 11.631 9.82265 14.3364 8.97815 7.32498 1.94999
threshold=-0.001013258929688022 0.00059689203890117136 0.039926229899028831 0.0001129974252780517 0.60875191845364707 0.037720881214832677 0.033966742561262676 409045.50000000006 -0.04073030058401033 0.011627813731530354
decision_type=2 2 2 2 2 2 2 2 2 2
left_child=1 -1 5 7 -5 8 -7 -4 -2 -3
right_child=2 9 3 4 -6 6 -8 -9 -10 -11
leaf_value=-0.0093356845838549335 -0.048556738402228052 0.013882271500493169 0.042410284907354892 0.0095541792076598315 -0.025059573181737925 -0.056719097244187583 -0.0024987666337456917 0.010394831124248442 -4.2767367665821107e-05 0.034990622567258302
leaf_weight=7.9595367982983616 2.8074896037578574 6.649230062961581 8.9381076246499997 16.515130952000618 18.551204979419708 6.8180239610374 12.318924278020857 66.803006902337074 1214.1138237407431 9.6627989858388883
leaf_count=24 14 18 15 41 58 30 33 157 3887 21
internal_value=0.000376871 0.0146717 0.000119266 0.00691629 -0.00875759 -0.000490059 -0.0218161 0.0141729 -0.000154691 0.0263863
internal_weight=1371.14 24.2716 1346.87 110.807 35.0663 1236.06 19.1369 75.7411 1216.92 16.312
internal_count=4298 63 4235 271 99 3964 63 172 3901 39
is_linear=0
shrinkage=0.03


Tree=153
num_leaves=15
num_cat=0
split_feature=3 5 4 25 13 3 4 1 9 0 17 17 4 3
split_gain=5.512 17.2778 13.1513 13.2631 12.6415 11.9419 9.27976 17.8753 18.0468 15.4189 15.2348 13.961 8.81112 7.87863
threshold=0.21716672655407937 -0.0035931143265720438 312.50000000000006 -0.0003944043076717358 0.012487467276195057 0.0603450455892885 217.50000000000003 0.028047816840576795 0.62706351242065095 0.0043888904338505548 0.012301029992010997 -0.00206072718348459 82.500000000000014 0.53397493751735625
decision_type=2 2 2 2 2 2 2 2 2 2 2 2 2 2
left_child=1 4 5 -4 -1 -3 7 11 -9 10 -8 -2 -6 -11
right_child=6 2 3 -5 12 -7 9 8 -10 13 -12 -13 -14 -15
leaf_value=-0.040858358185233021 -0.018493593988193984 -0.0010104203124807823 0.024059803022269618 -0.012636333756502674 -0.019514483683184109 -0.047928251830129824 0.0079335041802958625 0.026545226815150418 0.0014774877771887339 -0.043960682822649026 -0.021739470115788268 -0.0025311233626006176 0.0035508365871424192 0.0027987603257597789
leaf_weight=6.3005227055400601 69.28947173897177 7.0481054522097137 10.308399856090544 63.278257029131055 15.872103516012428 15.890122413635252 334.42353675141931 27.762950494885445 374.56127471476793 8.4007878229022008 16.332952871918678 171.0418455041945 244.82946611754596 5.2822150103747836
leaf_count=50 292 27 24 239 63 75 946 56 1096 38 49 620 704 19
internal_value=0.000365888 -0.00280064 -0.0136783 -0.00749575 0.00113177 -0.0335121 0.0015089 -0.000659694 0.00320732 0.00533301 0.00655178 -0.00713323 0.00214657 -0.0259096
internal_weight=1370.62 363.527 96.5249 73.5867 267.002 22.9382 1007.1 642.656 402.324 364.439 350.756 240.331 260.702 13.683
internal_count=4298 1182 365 263 817 102 3116 2064 1152 1052 995 912 767 57
is_linear=0
shrinkage=0.03


Tree=154
num_leaves=15
num_cat=0
split_feature=25 8 11 12 25 25 12 7 27 6 11 25 7 7
split_gain=5.49717 19.2133 17.2818 18.4931 11.1362 24.8529 14.7303 12.4908 9.97554 8.39505 6.27977 3.4873 0.570793 0.319697
threshold=0.00060394083698791785 0.0037755105144049966 0.005767471365308717 -0.0060283026746140887 0.00046462623231768142 0.00043110765201424605 -0.03406217908273014 70625825.064000025 -0.024581040641985481 12627.500000000002 0.0029595372776843811 0.00082441926047970894 26305015.208000004 15788255.416500002
decision_type=2 2 2 2 2 2 2 2 2 2 2 2 2 2
left_child=4 2 10 -4 5 8 7 -6 -1 -8 -2 13 -7 -3
right_child=1 11 3 -5 6 12 9 -9 -10 -11 -12 -13 -14 -15
leaf_value=0.0087670240949472185 -0.012597638986111692 -0.043192846474688351 0.019554276217037508 -0.030647190358574012 0.0041077131701244282 -0.045415230432352967 -0.016276954972156702 -0.064054536181199648 -0.00056338566495023801 0.017034328317378639 -0.054686779591362963 -0.01804027678234817 -0.062180286909631718 -0.055927961826932854
leaf_weight=113.9908545166254 7.6004009563475829 2.5007653273642045 32.473412230610847 8.2901702336966974 5.8322360813617689 3.2728810533881179 7.4241153653711072 4.1351470202207565 1082.2094425810501 82.180417023599148 5.4985041208565235 3.9033798426389685 4.1392935067415237 6.1053111553192139
leaf_count=281 28 15 79 37 16 19 36 17 3472 209 29 17 17 26
internal_value=0.00035512 -0.00806681 -0.000288122 0.0093447 0.000784054 -1.35939e-05 0.0104259 -0.0241706 0.000325748 0.0142743 -0.0302653 -0.0415598 -0.0547776 -0.0522274
internal_weight=1369.56 66.3719 53.8625 40.7636 1303.18 1203.61 99.5719 9.96738 1196.2 89.6045 13.0989 12.5095 7.41217 8.60608
internal_count=4298 231 173 116 4067 3789 278 33 3753 245 57 58 36 41
is_linear=0
shrinkage=0.03


Tree=155
num_leaves=10
num_cat=0
split_feature=26 21 28 26 17 28 26 28 25
split_gain=5.46936 5.92882 5.82226 20.8569 17.3313 16.4228 23.5593 20.9091 10.6032
threshold=0.0080900261186116051 837182.50000000012 -0.0018933259784514149 -0.0014071478760883866 -0.0064307869715530402 -0.00028598577274068735 0.0027634463182782142 0.00020593485972779995 0.00012090267976626087
decision_type=2 2 2 2 2 2 2 2 2
left_child=2 -2 3 4 -1 6 -4 -7 -5
right_child=1 -3 5 8 -6 7 -8 -9 -10
leaf_value=-0.012261906482644797 0.004189280737922082 -0.050657290037902272 0.0085141500749481708 -0.054435288110661041 0.006971003449262601 -0.010924307441645433 -0.043438435733609781 0.0013757680937719872 -0.015839922942475583
leaf_weight=66.415050640702248 3.2430660650134078 3.9153941944241524 305.83278523571789 8.6582311615347844 115.50325000658631 152.20474020764232 8.0629158820956928 680.48110456578434 24.63137234468013
leaf_count=216 12 18 855 41 387 568 36 2068 97
internal_value=0.000344562 -0.0258096 0.000482046 -0.00404573 -5.05809e-05 0.00133189 0.00717966 -0.000872535 -0.0258781
internal_weight=1368.95 7.15846 1361.79 215.208 181.918 1146.58 313.896 832.686 33.2896
internal_count=4298 30 4268 741 603 3527 891 2636 138
is_linear=0
shrinkage=0.03


Tree=156
num_leaves=11
num_cat=0
split_feature=7 20 1 18 25 25 24 20 25 29
split_gain=5.36579 5.36409 6.81514 7.21832 6.59663 15.2526 10.4243 1.60099 0.00527438 0.0052071
threshold=285896.03500000009 0.031322522610495972 0.022045836056813404 0.014616526349087852 -0.0003944043076717358 -0.00044161127236986788 0.94046351087389291 -0.029021662114441831 -7.7968472038088423e-05 0.038602925537702316
decision_type=2 2 2 2 2 2 2 2 2 2
left_child=7 4 -3 -4 5 -2 -6 -1 -9 -10
right_child=1 2 3 -5 6 -7 -8 8 9 -11
leaf_value=0.0051953791678295029 -0.00031565668145435918 -0.015633947863513017 0.037837483580850054 0.0074420077325741728 0.00026832529850365 0.02041463465241854 -0.0096335077648887699 -0.035523118519492927 -0.032396130276008094 -0.034747696195947593
leaf_weight=1.1284726113080976 103.80701075680554 6.9120109453797332 10.351522698998449 21.925588548183441 1067.6098703164607 46.141248293220997 105.10913155041635 1.8145077154040334 1.7736985143274062 1.6228770613670347
leaf_count=6 338 22 17 54 3331 108 359 17 31 15
internal_value=0.000334326 0.000462509 0.0114007 0.0171901 0.000138422 0.00606335 -0.000619162 -0.0272016 -0.0342173 -0.0335197
internal_weight=1368.2 1361.86 39.1891 32.2771 1322.67 149.948 1172.72 6.33956 5.21108 3.39658
internal_count=4298 4229 93 71 4136 446 3690 69 63 46
is_linear=0
shrinkage=0.03


Tree=157
num_leaves=11
num_cat=0
split_feature=29 29 9 29 0 26 5 22 22 25
split_gain=5.46703 5.58555 9.0123 6.999 6.56242 5.36675 5.69351 0.00424813 0.000819397 0.000323442
threshold=0.019023997455488426 0.020007434860058581 29.947422862453532 0.032398442985910422 0.0011692110081016939 0.0023886210876346292 0.00023490904711034711 141030009.67850003 27371731.201000005 -8.8883549980697129e-05
decision_type=2 2 2 2 2 2 2 2 2 2
left_child=7 5 3 -3 -4 6 -2 8 9 -1
right_child=1 2 4 -5 -6 -7 -8 -9 -10 -11
leaf_value=-0.031949707801616767 0.025892057277645136 -0.00545177701768577 -0.043907019947540961 0.0011820167843744418 -0.0049837931513472041 -0.018820115434356254 0.0035841729480611873 -0.033865816411697176 -0.032449553027282391 -0.031064552452263972
leaf_weight=0.65636612474918343 19.687431663274765 163.74716649949551 7.081708997488021 1137.2716417536139 8.6726301275193673 4.9542606510221949 21.587586533278227 1.5750185586512087 1.4341599103063343 0.85616703052073673
leaf_count=14 52 880 39 3116 36 26 64 19 23 29
internal_value=0.000324557 0.00043381 7.39701e-05 0.000347083 -0.0224801 0.0106833 0.0142246 -0.0326081 -0.0319358 -0.0314487
internal_weight=1367.52 1363 1316.77 1301.02 15.7543 46.2293 41.275 4.52171 2.94669 1.51253
internal_count=4298 4213 4071 3996 75 142 116 85 66 43
is_linear=0
shrinkage=0.03


Tree=158
num_leaves=15
num_cat=0
split_feature=26 28 28 26 28 26 28 15 7 8 7 18 24 22
split_gain=5.34187 14.8271 16.2276 22.3878 18.874 12.7482 17.1142 11.5199 19.339 10.6475 9.83001 5.87129 7.13242 3.17961
threshold=-0.0069072720604882879 -0.0018933259784514149 -0.00028598577274068735 0.0004989944964185856 0.00020593485972779995 -0.0014071478760883866 -0.0022248216183756147 -0.003617856124290279 41485279.498500012 0.0070886995843659631 190825770.82300001 0.011399823413753465 0.50214892474499317 72547291.815000013
decision_type=2 2 2 2 2 2 2 2 2 2 2 2 2 2
left_child=7 5 3 -3 -4 6 -2 8 13 -7 -10 12 -9 -1
right_child=1 2 4 -5 -6 9 -8 11 10 -11 -12 -13 -14 -15
leaf_value=-0.018724890475460179 -0.010666031949246502 0.011221859271071733 -0.010630646854952998 -0.0081026821152990949 0.0010539488636222378 -0.013890321857348321 0.014940813692695704 0.032276873404906863 0.027846586906128443 -0.050747363528841086 -0.0098826539222503142 0.037870953952948108 -0.023329666563397723 -0.056610014251336584
leaf_weight=3.3250392153859121 94.506727794185281 243.64732552133501 151.93772282265127 69.302473496645689 686.88945926353335 22.955469954758883 31.260093595832586 4.4090148806571978 14.198313221335413 10.183690414763985 11.053332105278967 14.06945265829563 3.9233008995652199 4.9798460602760315
leaf_count=15 364 658 568 233 2098 87 85 12 27 51 32 26 20 22
internal_value=0.000314894 -7.26527e-05 0.00111253 0.00694246 -0.0010625 -0.00866308 -0.0043013 0.0093922 -0.00172938 -0.0252165 0.0113315 0.0260517 0.00609433 -0.0414419
internal_weight=1366.64 1310.68 1151.78 312.95 838.827 158.906 125.767 55.9583 33.5565 33.1392 25.2516 22.4018 8.33232 8.30489
internal_count=4298 4144 3557 891 2666 587 449 154 96 138 59 58 32 37
is_linear=0
shrinkage=0.03


Tree=159
num_leaves=12
num_cat=0
split_feature=25 11 25 23 11 1 21 27 7 9 29
split_gain=5.25588 5.64424 13.0375 15.2308 9.32103 13.2149 8.67465 7.11205 5.23964 5.75226 1.41927
threshold=-0.001013258929688022 0.039926229899028831 0.0001129974252780517 1.6163430453541558 0.037720881214832677 0.033966742561262676 409045.50000000006 -0.024581040641985481 21569427.341500003 1.0313031231924283 0.056804537989756702
decision_type=2 2 2 2 2 2 2 2 2 2 2
left_child=8 4 6 -4 7 -6 -3 -2 9 -1 -10
right_child=1 2 3 -5 5 -7 -8 -9 10 -11 -12
leaf_value=0.015919421983852908 0.0063478329871762117 0.041634023455574369 -0.037160932725408914 0.0051311007358663665 -0.054840290538147957 -0.0027272168897251401 0.009911693825164181 -0.0010035515242630682 0.016802376115682006 -0.031302937520204695 0.035787483623569045
leaf_weight=5.8770868480205554 133.03872088342905 8.7891795858740789 11.323375165462492 23.713966384530067 6.8106177523732212 12.268087625503538 66.143748670816422 1079.3668572213501 7.4321191012859327 3.83749158680439 6.7739536762237549
leaf_count=15 339 15 38 61 30 33 157 3562 17 15 16
internal_value=0.000305781 5.72292e-05 0.0065692 -0.00853685 -0.000524283 -0.0213303 0.0136325 -0.000196875 0.0142444 -0.00273454 0.0258551
internal_weight=1365.38 1341.45 109.97 35.0373 1231.48 19.0787 74.9329 1212.41 23.9207 9.71458 14.2061
internal_count=4298 4235 271 99 3964 63 172 3901 63 30 33
is_linear=0
shrinkage=0.03


Tree=160
num_leaves=15
num_cat=0
split_feature=17 26 26 5 10 8 28 29 28 28 5 18 28 23
split_gain=5.25904 10.4083 16.1072 13.0632 11.664 11.5454 10.9574 10.3361 10.5728 10.8954 8.76055 5.47878 5.3477 3.04851
threshold=0.0056347400202683773 0.0018794400294040575 0.0027634463182782142 -0.01446511551616032 0.016766271852200667 -0.014324980933438879 0.00054098715103160502 0.096938677093608802 -0.0039626689549747901 -0.0038474690141449925 0.0052359640637036726 0.011450978631254693 -0.00055454351179528335 1.1054873694059568
decision_type=2 2 2 2 2 2 2 2 2 2 2 2 2 2
left_child=7 3 4 12 -3 -4 -5 8 10 -10 -1 -9 -2 -13
right_child=1 2 5 6 -6 -7 -8 11 9 -11 -12 13 -14 -15
leaf_value=-0.042848134041334675 -0.014612288370187097 0.036341921651041234 0.028451143231903529 0.006067241513712917 0.0046907494712677767 -0.0018538257169364127 -0.0093229045854399707 -0.0053093980056331909 0.023275410845799125 -0.0013006873134620307 0.0046108767476559466 0.011502497033409862 -0.059890909066163046 0.033968314813803718
leaf_weight=9.8741617035120708 5.1664337068796158 28.392898857593536 13.290730051696299 124.72602051496506 16.608279451727867 76.080688156187534 62.498594477772713 7.594493784010413 16.511098362505436 972.12127215228975 5.4231453984975806 9.6018527746200579 4.3027298077940923 12.529778331518171
leaf_count=48 16 51 27 325 42 206 180 22 37 3268 14 21 20 21
internal_value=0.000296963 0.00358762 0.0100233 -0.000808939 0.0246606 0.00265293 0.000929763 -0.000756991 -0.0012732 -0.000890243 -0.0260231 0.0166769 -0.0351866 0.0242215
internal_weight=1364.72 331.066 134.373 196.694 45.0012 89.3714 187.225 1033.66 1003.93 988.632 15.2973 29.7261 9.46916 22.1316
internal_count=4298 867 326 541 93 233 505 3431 3367 3305 62 64 36 42
is_linear=0
shrinkage=0.03


Tree=161
num_leaves=15
num_cat=0
split_feature=3 14 17 17 10 7 26 22 27 4 28 1 1 29
split_gain=5.21851 19.9968 18.4195 16.5953 25.5827 14.141 11.4851 10.5097 9.61073 8.31934 16.9892 15.3895 1.77228 0.0561357
threshold=0.21716672655407937 0.21248974086965519 -0.0064307869715530402 0.0036662987558462256 0.0087751967726640099 3556232.0350000006 -0.0028628894685724438 16060767.689500002 -0.0060134659148069064 217.50000000000003 -0.00028598577274068735 0.028047816840576795 0.042964632199843887 0.050686854471700231
decision_type=2 2 2 2 2 2 2 2 2 2 2 2 2 2
left_child=1 2 6 4 -3 -5 -1 12 -4 11 -11 -9 13 -2
right_child=7 3 8 5 -6 -7 -8 9 -10 10 -12 -13 -14 -15
leaf_value=-0.02658895592803966 -0.033263037865067291 -0.025510570874746528 0.013259953206635712 -0.027472564750504531 0.00040197777002031447 0.0049205525489586493 0.0043619196053863267 -0.0064524358666000672 0.042704414579809689 0.013083378115808642 -0.00013817188107831759 0.0032313075738084336 0.0057333127049193338 -0.039154798171942611
leaf_weight=14.90817381441593 6.5909970346838218 79.342007515951991 39.117249827831984 13.770895959809421 60.388987690210342 101.71261732280254 39.06415294110775 235.09817753732204 13.392560167238114 149.39235480129719 211.01693190634251 397.3104063346982 1.1112921591848124 1.8679013848304746
leaf_count=53 107 340 117 67 192 264 108 850 41 392 625 1122 8 12
internal_value=0.0002883 -0.00280071 0.00811982 -0.00735704 -0.0143117 0.00105782 -0.0041873 0.00140292 0.0207697 0.00170452 0.00534226 -0.000368628 -0.0298847 -0.0345641
internal_weight=1364.08 361.697 106.482 255.215 139.731 115.484 53.9723 1002.39 52.5098 992.818 360.409 632.409 9.57019 8.4589
internal_count=4298 1182 319 863 532 331 161 3116 158 2989 1017 1972 127 119
is_linear=0
shrinkage=0.03


Tree=162
num_leaves=9
num_cat=0
split_feature=13 8 28 21 26 6 8 1
split_gain=5.15382 5.29501 11.2926 12.4178 10.6883 6.28331 9.33509 8.71365
threshold=0.088362905822706964 -0.022636781585878559 7.3193745662977343e-05 1767879.0000000002 -0.0014071478760883866 3212391.0000000005 0.0058615426046223261 0.088339636632424709
decision_type=2 2 2 2 2 2 2 2
left_child=1 2 4 -4 -1 7 -7 -3
right_child=-2 5 3 -5 -6 6 -8 -9
leaf_value=-0.0098327174558878374 0.024574782796542224 0.00034442436267355457 0.013306527621599605 -0.03039991411774616 -0.063115379726184084 0.015869826636005904 -0.0095770335053592809 -0.017798830936482959
leaf_weight=7.9604608565568924 7.8133581429719916 1220.5936559820548 20.030978307127956 8.2643405050039274 5.8991942554712278 50.639073472470045 17.443998835980892 24.298134624958038
leaf_count=25 16 3896 51 29 26 121 52 82
internal_value=0.000279697 0.000139618 -0.0103261 0.000540991 -0.0325118 0.000475634 0.00934992 -9.7006e-06
internal_weight=1362.94 1355.13 42.155 28.2953 13.8597 1312.97 68.0831 1244.89
internal_count=4298 4282 131 80 51 4151 173 3978
is_linear=0
shrinkage=0.03


Tree=163
num_leaves=9
num_cat=0
split_feature=26 21 29 25 8 25 22 22
split_gain=5.1263 5.76589 5.29571 5.31744 18.1667 10.2587 0.0039414 0.000711517
threshold=0.0080900261186116051 837182.50000000012 0.019023997455488426 0.00060394083698791785 0.0037755105144049966 0.00046462623231768142 141030009.67850003 27371731.201000005
decision_type=2 2 2 2 2 2 2 2
left_child=2 -2 6 5 -5 -4 7 -1
right_child=1 -3 3 4 -6 -7 -8 -9
leaf_value=-0.03140921233580711 0.0043940685946004905 -0.049883208366026055 0.00016198082982131571 -0.00020458170551408027 -0.040561233303955606 0.010210975961335968 -0.033758895023884156 -0.032359464863114827
leaf_weight=1.4503541700541966 3.2360301315784445 3.8656291663646698 1186.6601228937507 53.177303608506918 12.375144511461256 99.062386294826865 1.5399416685104368 1.3877045400440691
leaf_count=43 12 18 3682 170 58 273 19 23
internal_value=0.000271401 -0.0251506 0.000404575 0.000511302 -0.0078232 0.000936236 -0.0325369 -0.0318739
internal_weight=1362.75 7.10166 1355.65 1351.27 65.5524 1285.72 4.378 2.83806
internal_count=4298 30 4268 4183 228 3955 85 66
is_linear=0
shrinkage=0.03


Tree=164
num_leaves=13
num_cat=0
split_feature=9 1 3 21 1 9 10 28 0 10 1 23
split_gain=5.05182 14.6143 12.2714 10.6805 7.67129 7.33749 20.1806 17.4834 17.3757 16.9352 15.8125 11.5005
threshold=0.52956160710472122 0.040887893419178985 0.076711056582232762 1109722.0000000002 0.021196421277342999 1.4309681155656011 0.011202339007950363 0.0024991894477940325 -0.0010999506830339947 0.014053092843763096 0.022395303029734599 0.95184369263350022
decision_type=2 2 2 2 2 2 2 2 2 2 2 2
left_child=1 2 4 -4 -1 7 10 8 -2 -8 -7 -9
right_child=5 -3 3 -5 -6 6 9 11 -10 -11 -12 -13
leaf_value=-6.5099882231475775e-05 -0.0048269008145894361 0.035196189127797782 0.0020912306025828789 -0.023337415438013657 -0.044412421931613988 -0.02535056858732344 0.024724145467274399 -0.031317057847480519 0.007169591809390744 0.0020807247738228616 -0.0037421402999904744 -0.00095644401007420469
leaf_weight=4.8813365362584618 142.01943944208324 7.1952679455280295 60.517711099237204 19.706669695675373 12.501056484878061 33.257827706634998 35.85278333351016 20.889349676668644 462.61693831346929 173.97783153876662 364.74294659495354 24.281157240271568
leaf_count=24 438 13 204 63 54 192 92 76 1263 489 1314 76
internal_value=0.000263226 -0.00606496 -0.0091066 -0.00415517 -0.0319588 0.000790569 -0.00157872 0.00300681 0.00435181 0.0059497 -0.00554779 -0.0149969
internal_weight=1362.44 104.802 97.6068 80.2244 17.3824 1257.64 607.831 649.807 604.636 209.831 398.001 45.1705
internal_count=4298 358 345 267 78 3940 2087 1853 1701 581 1506 152
is_linear=0
shrinkage=0.03


Tree=165
num_leaves=13
num_cat=0
split_feature=7 26 28 28 5 15 4 18 15 26 20 29
split_gain=5.11064 5.16171 14.1529 15.6562 12.4003 11.9642 9.49451 4.31354 1.49471 0.00453801 0.00283006 0.00248954
threshold=285896.03500000009 -0.0069072720604882879 -0.0018933259784514149 -0.00028598577274068735 -0.014772258603472947 -0.0063511479349939162 77.500000000000014 0.0098466117370876721 -0.0069113647320264739 -0.00022083762732367967 0.0020626949130133957 0.034059807947633837
decision_type=2 2 2 2 2 2 2 2 2 2 2 2
left_child=8 5 4 -4 -3 6 -2 -7 -1 10 -10 -11
right_child=1 2 3 -5 -6 7 -8 -9 9 11 -12 -13
leaf_value=0.0046112352425350493 -0.024623510570167501 -0.045886377627207584 0.006926206111205876 -0.00097695006085768811 -0.0065356281649701174 0.0037051798724156843 0.010653928402314996 0.031069738446827488 -0.035819834506940013 -0.031949378186752489 -0.033978452436940636 -0.034078677437937709
leaf_weight=1.0943525359034536 11.880272820591928 7.5704623553901902 309.27633413858712 833.75397532340139 150.20271211583167 7.0532532595098045 16.269088938832283 19.56667597591877 1.390760734677315 1.0234852284193028 1.6334825009107588 0.95557603240013111
leaf_count=7 42 37 868 2632 544 28 38 40 12 21 19 10
internal_value=0.000255457 0.000378723 -1.13355e-06 0.00116145 -0.0084238 0.00940054 -0.00423471 0.0238192 -0.0271478 -0.0340944 -0.0348253 -0.0329775
internal_weight=1361.67 1355.57 1300.8 1143.03 157.773 54.7693 28.1494 26.6199 6.09766 5.0033 3.02424 1.97906
internal_count=4298 4229 4081 3500 581 148 80 68 69 62 31 31
is_linear=0
shrinkage=0.03


Tree=166
num_leaves=15
num_cat=0
split_feature=25 8 11 12 25 25 12 29 10 27 11 25 29 29
split_gain=4.97915 17.044 16.1623 17.1205 10.1925 23.2742 13.795 14.2633 10.7987 9.14464 6.02561 3.17297 0.431774 0.414643
threshold=0.00060394083698791785 0.0037755105144049966 0.005767471365308717 -0.0060283026746140887 0.00046462623231768142 0.00043110765201424605 -0.03406217908273014 0.057351777996037516 -0.039728711491552125 -0.024581040641985481 0.0029595372776843811 0.00082441926047970894 0.052849149749540157 0.047912676594346025
decision_type=2 2 2 2 2 2 2 2 2 2 2 2 2 2
left_child=4 2 10 -4 5 9 8 -8 -6 -1 -2 13 -7 -3
right_child=1 11 3 -5 6 12 7 -9 -10 -11 -12 -13 -14 -15
leaf_value=0.0083336213746681848 -0.01230739648571013 -0.039446543765576908 0.018816941650439688 -0.029784116796607901 0.0039998196093634997 -0.046049034030678726 0.0030804124658562432 0.027283661509203933 -0.059018737619939851 -0.00063430837158409388 -0.053875764624171908 -0.01715086253991133 -0.060606598020929457 -0.054222166326063505
leaf_weight=113.09078274667263 7.5076545216143113 2.3860283903777582 31.998847700655457 8.1936922185122985 5.5847560912370682 3.6389736365526906 50.204510798677802 38.887621536850929 4.3560934811830503 1076.0099532706663 5.39288972876966 3.8501004874706259 3.6961573958396912 6.0270467847585678
leaf_count=281 28 16 79 37 14 21 175 70 19 3472 29 17 15 25
internal_value=0.000247956 -0.00783123 -0.000468369 0.00890908 0.00065555 -0.000110034 0.00990472 0.0136448 -0.023615 0.000218597 -0.0296845 -0.0397085 -0.0533846 -0.0500317
internal_weight=1360.83 65.3563 53.0931 40.1925 1295.47 1196.44 99.033 89.0921 9.94085 1189.1 12.9005 12.2632 7.33513 8.41308
internal_count=4298 231 173 116 4067 3789 278 245 33 3753 57 58 36 41
is_linear=0
shrinkage=0.03


Tree=167
num_leaves=14
num_cat=0
split_feature=17 18 17 22 22 9 0 25 8 28 8 25 13
split_gain=5.01112 15.3244 13.9351 11.1246 14.7397 14.2091 10.1802 9.98424 17.7372 10.6787 9.63516 0.124043 0.0351951
threshold=-0.0021813527037032529 0.005643909580388835 -0.0023244230502247527 1006869447.2045001 1188078141.9755003 3.0848836145993803 0.00038393996136061229 0.00066001127197761367 -0.011433205207596999 -0.00028598577274068735 -0.021791803845795446 -0.0003944043076717358 0.017752262818661529
decision_type=2 2 2 2 2 2 2 2 2 2 2 2 2
left_child=1 11 10 7 6 -6 -5 9 -9 -2 -3 -1 -13
right_child=3 2 -4 4 5 -7 -8 8 -10 -11 -12 12 -14
leaf_value=-0.044046623008883228 0.0060622910197461674 -0.022084657177054465 -0.052301076011568394 0.011696146043649762 0.0097086358205654977 -0.022801953596959953 0.054523983636348569 0.035452328194672936 -0.040698803994423299 -0.0017149827170901261 -7.0354129087720233e-06 -0.033686961868990561 -0.037589633793993341
leaf_weight=2.1550302878022185 231.19153587054461 18.529947094619274 4.7935516163706771 9.8149581700563449 90.896808668971062 13.957139890640972 10.171823605895041 3.5589237958192816 12.153306884691117 508.0981234004721 446.04435379430652 3.5106122847646457 5.1023471429944038
leaf_count=12 726 65 23 25 223 50 16 7 66 1655 1345 47 38
internal_value=0.000240669 -0.00222448 -0.00141269 0.00158592 0.00988171 0.00538114 0.0334924 0.000214195 -0.0234501 0.000717136 -0.00088762 -0.0376095 -0.0359989
internal_weight=1359.98 480.136 469.368 879.843 124.841 104.854 19.9868 755.002 15.7122 739.29 464.574 10.768 8.61296
internal_count=4298 1530 1433 2768 314 273 41 2454 73 2381 1410 97 85
is_linear=0
shrinkage=0.03


Tree=168
num_leaves=12
num_cat=0
split_feature=7 25 5 26 28 15 18 15 26 29 1
split_gain=4.89234 4.83582 6.91835 5.0996 12.7822 11.375 2.31902 1.54403 0.00431774 0.00234715 0.0019643
threshold=285896.03500000009 -0.001013258929688022 0.00059689203890117136 -0.0069072720604882879 -0.0029874059722533115 -0.0063511479349939162 0.0082582983140805487 -0.0078915738940439992 -0.00022083762732367967 0.034059807947633837 0.020017207996376636
decision_type=2 2 2 2 2 2 2 2 2 2 2
left_child=7 2 -2 5 -5 -3 -4 -1 10 -10 -9
right_child=1 3 6 4 -6 -7 -8 8 9 -11 -12
leaf_value=0.0063539505474490077 -0.0092401539581948734 -0.0041919042955610181 0.010587216349171888 -0.015740468373321308 0.00031437984891813099 0.023250518735533618 0.034448083007708637 -0.033803678767098437 -0.03187060666184803 -0.033944931167460612 -0.03536299178296233
leaf_weight=1.0366560146212576 7.7687644362449673 28.049040913581848 5.8986985832452765 46.312550650909543 1229.0821072505787 26.378580860793591 9.684410095214842 1.3147702775895598 1.0386894848197687 0.93097025528550137 1.6266287453472612
leaf_count=6 23 80 16 181 3838 68 23 16 22 10 15
internal_value=0.000233492 0.000352822 0.0138865 0.000115169 -0.000268609 0.00910818 0.025416 -0.0269154 -0.0339381 -0.032851 -0.034666
internal_weight=1359.12 1353.17 23.3519 1329.82 1275.39 54.4276 15.5831 5.94771 4.91106 1.96966 2.9414
internal_count=4298 4229 62 4167 4019 148 39 69 63 32 31
is_linear=0
shrinkage=0.03


Tree=169
num_leaves=9
num_cat=0
split_feature=17 26 28 28 26 4 11 11
split_gain=5.16332 5.78851 12.2183 13.7535 12.3328 8.44088 8.70114 7.6742
threshold=-0.025642493731459274 -0.0069072720604882879 -0.0018933259784514149 -0.0011529540432433742 -0.0014071478760883866 77.500000000000014 0.0065089507828886969 0.0068737164794578512
decision_type=2 2 2 2 2 2 2 2
left_child=-1 5 4 -4 -3 6 -2 -7
right_child=1 2 3 -5 -6 7 -8 -9
leaf_value=-0.030069572898071932 0.012614013174531806 -0.0035991343271744706 0.0086915052324054668 -0.00039288149779903076 -0.024322770067162873 -0.0023207954814272501 -0.033086443162881764 0.026482667417935403
leaf_weight=5.0440482050180426 7.9017563983798009 124.25463557057083 177.58126675337553 965.37143872305751 32.632280068472028 12.145344711840151 7.1354428790509701 26.466526255011559
leaf_count=17 22 447 498 3050 137 36 28 63
internal_value=0.000226632 0.000339537 -5.90416e-05 0.00101857 -0.00790962 0.00999652 -0.00907174 0.0174226
internal_weight=1358.53 1353.49 1299.84 1142.95 156.887 53.6491 15.0372 38.6119
internal_count=4298 4281 4132 3548 584 149 50 99
is_linear=0
shrinkage=0.03


Tree=170
num_leaves=11
num_cat=0
split_feature=21 7 24 21 1 6 4 21 18 29
split_gain=4.87512 10.6517 9.96572 7.51117 12.5765 8.50394 7.84184 7.63272 5.65342 2.24394
threshold=14364830.000000002 849179486.50600004 0.69435332761333324 10682938.500000002 0.036545048234169181 3212391.0000000005 102.50000000000001 7288575.0000000009 0.018096933355774562 0.044001722354574238
decision_type=2 2 2 2 2 2 2 2 2 2
left_child=3 9 8 5 -5 7 -7 -1 -3 -2
right_child=1 2 -4 4 -6 6 -8 -9 -10 -11
leaf_value=4.0500929453589501e-05 0.036795548470742553 -0.049899376425952741 0.028958759286004342 -0.0029648781885454503 -0.063129549497769541 0.030405669026426507 0.001318518658150671 -0.021614173812581048 -0.0020796511881410033 0.016064672663824359
leaf_weight=1262.9231265876442 9.2705079615116173 4.6297834590077382 4.2388777136802664 10.22607286274433 4.5042749047279349 15.864181436598299 17.59214324504137 14.821272313594816 4.2838356643915176 9.5296611189842206
leaf_count=4040 16 22 10 29 19 30 50 50 12 20
internal_value=0.000219982 0.0117995 -0.0089093 -5.90644e-05 -0.0213622 0.00018026 0.0151109 -0.000210684 -0.0269175 0.0262872
internal_weight=1357.88 31.9527 13.1525 1325.93 14.7303 1311.2 33.4563 1277.74 8.91362 18.8002
internal_count=4298 80 44 4218 48 4170 80 4090 34 36
is_linear=0
shrinkage=0.03


Tree=171
num_leaves=9
num_cat=0
split_feature=17 18 28 8 29 25 17 5
split_gain=4.85695 5.80092 20.361 13.56 20.6719 11.1751 8.26385 7.04009
threshold=-0.025642493731459274 0.015435024285082284 0.0046515375534116696 -0.016248597857321342 0.07804409138160702 0.00021773358020248402 -0.010267392784165495 0.001515151515151534
decision_type=2 2 2 2 2 2 2 2
left_child=-1 2 6 4 -3 -5 -2 -4
right_child=1 3 7 5 -6 -7 -8 -9
leaf_value=-0.029134974844971816 -0.018162453897771602 -0.0018191628938981842 -0.059337300414866026 0.0090699156384703369 -0.053013952561548387 -0.0034865998764322943 4.0115565258549904e-06 -0.0076677400682245971
leaf_weight=5.056087762117385 23.08366572111845 35.891097471117973 7.1100253835320455 236.0520832836628 8.848698213696478 87.413086295127869 950.51644200459123 3.5624075047671795
leaf_count=17 80 102 33 559 33 234 3227 13
internal_value=0.000213508 0.000323224 -0.000878464 0.00353554 -0.0119445 0.00567665 -0.000426708 -0.0420902
internal_weight=1357.53 1352.48 984.273 368.205 44.7398 323.465 973.6 10.6724
internal_count=4298 4281 3353 928 135 793 3307 46
is_linear=0
shrinkage=0.03


Tree=172
num_leaves=8
num_cat=0
split_feature=13 22 6 8 3 1 16
split_gain=4.80094 5.66439 11.6952 13.923 9.97007 7.15503 6.22332
threshold=0.088362905822706964 3886029889.4930005 3212391.0000000005 0.0058615426046223261 0.85156987901292325 0.088339636632424709 0.50000000000000011
decision_type=2 2 2 2 2 2 2
left_child=1 2 5 -4 6 -1 -3
right_child=-2 4 3 -5 -6 -7 -8
leaf_value=6.5194986562734623e-05 0.023846913505178511 -0.011339621760236075 0.021370819206821424 -0.013047074676357155 0.021483049563513001 -0.014138776551832591 -0.051139581660036217
leaf_weight=1238.2981842942536 7.6881198883056632 8.1697593703866023 45.36236272752285 13.794863887131212 4.7681995630264273 32.762365184724331 6.2339806146919718
leaf_count=3967 16 26 101 43 10 108 27
internal_value=0.000207274 7.25881e-05 0.000305934 0.0133449 -0.0161178 -0.000300921 -0.0285652
internal_weight=1357.08 1349.39 1330.22 59.1572 19.1719 1271.06 14.4037
internal_count=4298 4282 4219 144 63 4075 53
is_linear=0
shrinkage=0.03


Tree=173
num_leaves=9
num_cat=0
split_feature=7 26 17 1 22 23 25 29
split_gain=4.74645 4.64864 4.86147 13.6363 12.6728 1.3277 0.00361874 0.00516529
threshold=285896.03500000009 0.0080900261186116051 0.00022656234601565835 0.02252870141187701 1006869447.2045001 0.53986747423001213 -7.7968472038088423e-05 0.038602925537702316
decision_type=2 2 2 2 2 2 2 2
left_child=5 2 3 -2 -4 -1 -7 -8
right_child=1 -3 4 -5 -6 6 7 -9
leaf_value=0.0015676251296354597 -0.011964701035658044 -0.024153186750391652 0.00050650929124315398 0.0003693407808670383 0.011954273540662672 -0.035283901323755043 -0.032165806626355459 -0.034593056243101057
leaf_weight=1.1816910244524468 94.300947920419276 6.9507168009877196 589.39081940054893 558.22062726691365 102.10848234593868 1.4638684354722498 1.4559318684041502 1.7226784266531465
leaf_count=11 404 29 1825 1722 249 14 28 16
internal_value=0.000201173 0.000317678 0.000444231 -0.00141315 0.00219691 -0.0268231 -0.0340497 -0.0334813
internal_weight=1356.8 1350.97 1344.02 652.522 691.499 5.82417 4.64248 3.17861
internal_count=4298 4229 4200 2126 2074 69 58 44
is_linear=0
shrinkage=0.03


Tree=174
num_leaves=15
num_cat=0
split_feature=9 15 5 18 29 11 9 10 28 26 10 27 23 29
split_gain=4.62431 13.8699 17.5826 12.9566 19.4935 12.1324 6.81948 18.4862 16.2139 16.3538 15.9202 11.053 10.9333 1.39535
threshold=0.52956160710472122 0.008483397958349145 0.0018998730432325142 0.0085540355667518657 0.033022913717809556 0.0064407203040941531 1.4309681155656011 0.011202339007950363 0.0024991894477940325 0.0020604570197721547 0.014053092843763096 0.011484078816036296 0.95184369263350022 0.053059864833891607
decision_type=2 2 2 2 2 2 2 2 2 2 2 2 2 2
left_child=1 3 13 4 -1 -5 8 11 9 -2 -9 -8 -10 -3
right_child=6 2 -4 5 -6 -7 7 10 12 -11 -12 -13 -14 -15
leaf_value=0.016776189994722964 0.0016437112332855688 -0.04883973963261945 0.0042229834890870881 0.022757571525228462 -0.044704459919372226 -0.0040155813217776495 -0.004697093476850084 0.023882672255112466 -0.030459815630895393 0.013933529103792664 0.0018748358118628092 -0.041383728699427608 -0.00081055881487855641 -0.072563788114056046
leaf_weight=7.2923385370522764 479.48414683900774 5.3512481376528758 7.0671099424362174 23.079322475939989 12.768411241471766 44.80856579169631 388.78890110459179 35.679443571716547 20.823480594903231 122.30346349440515 173.11812034994364 7.5342605635523787 24.204247822985053 3.8269218355417252
leaf_count=46 1401 29 20 49 65 133 1470 92 76 300 489 36 76 16
internal_value=0.000195183 -0.00587727 -0.0313448 -0.00117308 -0.0223555 0.00508628 0.00070057 -0.00158858 0.00284216 0.00414142 0.00563555 -0.00539452 -0.0145221 -0.0587317
internal_weight=1356.13 104.194 16.2453 87.9486 20.0607 67.8879 1251.94 605.121 646.815 601.788 208.798 396.323 45.0277 9.17817
internal_count=4298 358 65 293 111 182 3940 2087 1853 1701 581 1506 152 45
is_linear=0
shrinkage=0.03


Tree=175
num_leaves=15
num_cat=0
split_feature=3 5 4 13 25 3 22 25 21 1 18 15 5 18
split_gain=4.5536 16.2916 12.4188 11.6031 11.4182 10.4071 9.82276 8.76872 8.56716 8.00074 5.13535 1.80352 0.18813 0.0490521
threshold=0.21716672655407937 -0.0035931143265720438 312.50000000000006 0.012487467276195057 -0.0003944043076717358 0.0603450455892885 16060767.689500002 -0.001013258929688022 94768.500000000015 0.020783221828057665 0.0082022573891247993 -0.010854214918736378 -0.0069034898268702481 0.010053910521772331
decision_type=2 2 2 2 2 2 2 2 2 2 2 2 2 2
left_child=1 3 5 12 -4 -3 11 10 -5 -9 -8 -2 -1 -13
right_child=6 2 4 8 -6 -7 7 9 -10 -11 -12 13 -14 -15
leaf_value=-0.036182912545947819 0.0095743319910193726 -0.002174480836412421 0.022477417486655549 0.021601789154120317 -0.012052177601249058 -0.046362951558707434 0.0016362991610834809 -0.0081054774008902201 0.0005565682661175256 0.0019217878965395233 0.033081560937637602 -0.033170983917792815 -0.047241025548372624 -0.038890843909988634
leaf_weight=3.7807935010641813 0.93728898093104263 6.922595418989661 9.991145968437193 18.774240534752607 62.757375238463283 15.621122527867554 7.5012147873640087 77.890055807307363 239.38920785114169 889.0284970998764 12.402187243103979 6.431242900900541 2.1847809031605712 1.7076529487967489
leaf_count=38 6 27 24 56 239 75 21 309 711 2631 28 110 12 11
internal_value=0.000189385 -0.00270518 -0.0133388 0.0011312 -0.00730995 -0.0327938 0.00123404 0.00151977 0.00208703 0.00111404 0.0212304 -0.0298329 -0.0402327 -0.0343711
internal_weight=1355.32 359.421 95.2922 264.129 72.7485 22.5437 995.898 986.822 258.163 966.919 19.9034 9.07618 5.96557 8.1389
internal_count=4298 1182 365 817 263 102 3116 2989 767 2940 49 127 50 121
is_linear=0
shrinkage=0.03


Tree=176
num_leaves=8
num_cat=0
split_feature=17 29 17 29 28 29 25
split_gain=4.5122 5.15535 11.132 7.2628 13.8626 11.6517 5.99835
threshold=-0.025642493731459274 0.096938677093608802 0.0080965245291825683 0.078525683074137889 0.0022009948454661081 0.067243942175642085 -7.7968472038088423e-05
decision_type=2 2 2 2 2 2 2
left_child=-1 3 6 5 -5 -2 -3
right_child=1 2 -4 4 -6 -7 -8
leaf_value=-0.028088666862561857 -0.00049321293518593068 -0.0040932022300899183 -0.019670190293330985 -0.0035448241293814585 -0.03685495332636763 0.0084266127004722705 0.026124196720605938
leaf_weight=5.0614987313747397 1052.2698728833348 7.7911822870373717 8.543129622936247 92.695780381560326 12.796604663133619 150.67341503500938 24.517543233931065
leaf_count=17 3556 22 26 241 43 347 46
internal_value=0.000183748 0.000289805 0.0107845 -3.78583e-05 -0.00758546 0.000624031 0.0188373
internal_weight=1354.35 1349.29 40.8519 1308.44 105.492 1202.94 32.3087
internal_count=4298 4281 94 4187 284 3903 68
is_linear=0
shrinkage=0.03


Tree=177
num_leaves=9
num_cat=0
split_feature=13 7 22 21 3 26 17 29
split_gain=4.49583 6.40853 5.52388 10.6852 9.30714 0.00362969 0.00202592 0.00196898
threshold=0.088362905822706964 285896.03500000009 3886029889.4930005 14364830.000000002 0.85156987901292325 -0.00031584438476678546 0.00035282267585154604 0.034059807947633837
decision_type=2 2 2 2 2 2 2 2
left_child=1 5 3 -3 -4 6 -1 -7
right_child=-2 2 4 -5 -6 7 -8 -9
leaf_value=-0.033563060871389688 0.023234814712743211 2.5457214666960223e-05 -0.027853900522111421 0.019461631807880433 0.020732848045256276 -0.031770203616385558 -0.035124189190344032 -0.033624066470818573
leaf_weight=1.5227321740239861 7.5689565986394873 1296.3466995600611 14.364591829478742 25.966587141156197 4.7123626172542563 1.0341917481273406 1.4707634374499319 1.0283006206154821
leaf_count=19 16 4093 53 58 10 23 14 12
internal_value=0.000178439 4.88287e-05 0.000175895 0.00040713 -0.0158521 -0.0336629 -0.0343301 -0.0326945
internal_weight=1354.02 1346.45 1341.39 1322.31 19.077 5.05599 2.9935 2.06249
internal_count=4298 4282 4214 4151 63 68 33 35
is_linear=0
shrinkage=0.03


Tree=178
num_leaves=14
num_cat=0
split_feature=17 17 13 20 6 7 24 15 7 25 9 25 29
split_gain=4.46643 13.8058 10.8938 17.4539 12.8162 9.9455 14.0082 10.5206 10.3636 10.0592 17.9289 13.1558 0.395074
threshold=-0.0021813527037032529 -0.0023244230502247527 0.028044008169614651 -0.016222407884611944 306097.50000000006 309266136.45150012 0.45513197164057556 0.0042834344993266365 557233593.10700011 -0.00014680805425697666 4.7036814134785638 -3.0305715736434386e-05 0.040603387015693944
decision_type=2 2 2 2 2 2 2 2 2 2 2 2 2
left_child=1 2 3 -1 -4 9 7 -7 -8 10 -2 -11 -3
right_child=5 12 4 -5 -6 6 8 -9 -10 11 -12 -13 -14
leaf_value=0.00020788302348672387 0.0082860623728895945 -0.037174704875986897 0.0079278683457178652 -0.018599381364417272 -0.0048028399276688373 -0.0049038547869078271 0.023055137224942707 -0.064377594034683905 0.005145670846608102 -0.012561257524735367 -0.024160153787762137 1.6550928450666388e-05 -0.053564629072372395
leaf_weight=111.92589488066733 190.5555175403133 2.0193018577992907 154.82678908109665 73.622679899446666 131.71689905971289 12.838880687952043 48.825486034154892 3.3820631206035605 71.905210882425308 90.124389368109405 16.668075487017632 441.397071743384 3.842052049934864
leaf_count=389 533 17 409 337 361 43 104 15 188 327 80 1478 17
internal_value=0.000173138 -0.00215942 -0.00159129 -0.00725454 0.00207588 0.00144624 0.00887167 -0.0173041 0.0123886 6.96878e-05 0.00567624 -0.00211613 -0.0479181
internal_weight=1353.65 477.954 472.092 185.549 286.544 875.697 136.952 16.2209 120.731 738.745 207.224 531.521 5.86135
internal_count=4298 1530 1496 726 770 2768 350 58 292 2418 613 1805 34
is_linear=0
shrinkage=0.03


Tree=179
num_leaves=15
num_cat=0
split_feature=25 8 11 12 25 25 12 24 7 27 11 25 7 18
split_gain=4.44407 15.9925 14.7422 15.6027 10.1233 21.8562 12.7769 11.4829 10.8691 8.50393 5.78097 2.87605 0.441207 0.310818
threshold=0.00060394083698791785 0.0037755105144049966 0.005767471365308717 -0.0060283026746140887 0.00046462623231768142 0.00043110765201424605 -0.03406217908273014 0.85268651495508674 70625825.064000025 -0.024581040641985481 0.0029595372776843811 0.00082441926047970894 26305015.208000004 0.0090979121889314361
decision_type=2 2 2 2 2 2 2 2 2 2 2 2 2 2
left_child=4 2 10 -4 5 9 8 -8 -6 -1 -2 13 -7 -3
right_child=1 11 3 -5 6 12 7 -9 -10 -11 -12 -13 -14 -15
leaf_value=0.0079500591173514139 -0.011475329563160745 -0.041612126788591941 0.018118203850110447 -0.028626824211297079 0.0041186220403553811 -0.043647889499199795 0.017260755335668003 -0.016967208185543401 -0.059629251776262271 -0.0007191594040541567 -0.052544483135116761 -0.017056968971805229 -0.05861629511645558 -0.053490405494363798
leaf_weight=112.54851013794541 7.4467999655753356 3.32659889385104 31.659816153347489 8.0631744302809256 5.7584301978349668 3.1037294659763566 78.546770943328738 9.9373501203954202 4.1361730098724365 1069.9468515748158 5.2660563550889492 3.7711282297968856 4.1313878744840622 4.9074253663420677
leaf_count=281 28 20 79 37 16 19 205 40 17 3472 29 17 17 21
internal_value=0.000168055 -0.00752024 -0.000369228 0.00862966 0.000552682 -0.000212093 0.00980138 0.0134167 -0.0225295 0.000105967 -0.0284874 -0.0387543 -0.0521951 -0.0486915
internal_weight=1352.55 64.441 52.4358 39.723 1288.11 1189.73 98.3787 88.4841 9.8946 1182.5 12.7129 12.0052 7.23512 8.23402
internal_count=4298 231 173 116 4067 3789 278 245 33 3753 57 58 36 41
is_linear=0
shrinkage=0.03


end of trees

feature_importances:
qqq_gap=269
atr_20d_pct=222
qqq_intra_ret=182
qqq_vwap_dev=123
pm_rvol=116
pm_turnover=107
intra_curr_bar_range=105
intra_turnover=94
intra_curr_bar_ret=88
pm_intra_gain=77
intra_volume=75
pm_volume=65
intra_rvol=64
intra_vwap_dev=61
intra_vol_acceleration=58
intra_high_from_open=57
pm_peak_to_open_mins=53
intra_dist_to_pm_high=50
pm_vwap_dev=46
intra_low_from_open=45
intra_range_pct=41
pm_final_velocity_10m=40
pm_surge_retention=39
intra_return_from_open=39
alpha_vs_qqq=39
pm_gap=19
intra_range_retention=18
intra_upbar_ratio=2

parameters:
[boosting: gbdt]
[objective: binary]
[metric: binary_logloss]
[tree_learner: serial]
[device_type: cpu]
[data_sample_strategy: bagging]
[data: ]
[valid: ]
[num_iterations: 180]
[learning_rate: 0.03]
[num_leaves: 15]
[num_threads: 15]
[seed: 42]
[deterministic: 0]
[force_col_wise: 0]
[force_row_wise: 0]
[histogram_pool_size: -1]
[max_depth: 4]
[min_data_in_leaf: 15]
[min_sum_hessian_in_leaf: 0.001]
[bagging_fraction: 0.8]
[pos_bagging_fraction: 1]
[neg_bagging_fraction: 1]
[bagging_freq: 0]
[bagging_seed: 400]
[bagging_by_query: 0]
[feature_fraction: 0.8]
[feature_fraction_bynode: 1]
[feature_fraction_seed: 30056]
[extra_trees: 0]
[extra_seed: 12879]
[early_stopping_round: 0]
[early_stopping_min_delta: 0]
[first_metric_only: 0]
[max_delta_step: 0]
[lambda_l1: 0]
[lambda_l2: 0]
[linear_lambda: 0]
[min_gain_to_split: 0]
[drop_rate: 0.1]
[max_drop: 50]
[skip_drop: 0.5]
[xgboost_dart_mode: 0]
[uniform_drop: 0]
[drop_seed: 17869]
[top_rate: 0.2]
[other_rate: 0.1]
[min_data_per_group: 100]
[max_cat_threshold: 32]
[cat_l2: 10]
[cat_smooth: 10]
[max_cat_to_onehot: 4]
[top_k: 20]
[monotone_constraints: ]
[monotone_constraints_method: basic]
[monotone_penalty: 0]
[feature_contri: ]
[forcedsplits_filename: ]
[refit_decay_rate: 0.9]
[cegb_tradeoff: 1]
[cegb_penalty_split: 0]
[cegb_penalty_feature_lazy: ]
[cegb_penalty_feature_coupled: ]
[path_smooth: 0]
[interaction_constraints: ]
[verbosity: -1]
[saved_feature_importance_type: 0]
[use_quantized_grad: 0]
[num_grad_quant_bins: 4]
[quant_train_renew_leaf: 0]
[stochastic_rounding: 1]
[linear_tree: 0]
[max_bin: 255]
[max_bin_by_feature: ]
[min_data_in_bin: 3]
[bin_construct_sample_cnt: 200000]
[data_random_seed: 175]
[is_enable_sparse: 1]
[enable_bundle: 1]
[use_missing: 1]
[zero_as_missing: 0]
[feature_pre_filter: 1]
[pre_partition: 0]
[two_round: 0]
[header: 0]
[label_column: ]
[weight_column: ]
[group_column: ]
[ignore_column: ]
[categorical_feature: ]
[forcedbins_filename: ]
[precise_float_parser: 0]
[parser_config_file: ]
[objective_seed: 16083]
[num_class: 1]
[is_unbalance: 0]
[scale_pos_weight: 3.34141]
[sigmoid: 1]
[boost_from_average: 1]
[reg_sqrt: 0]
[alpha: 0.9]
[fair_c: 1]
[poisson_max_delta_step: 0.7]
[tweedie_variance_power: 1.5]
[lambdarank_truncation_level: 30]
[lambdarank_norm: 1]
[label_gain: ]
[lambdarank_position_bias_regularization: 0]
[eval_at: ]
[multi_error_top_k: 1]
[auc_mu_weights: ]
[num_machines: 1]
[local_listen_port: 12400]
[time_out: 120]
[machine_list_filename: ]
[machines: ]
[gpu_platform_id: -1]
[gpu_device_id: -1]
[gpu_device_id_list: ]
[gpu_use_dp: 0]
[num_gpu: 1]

end of parameters

pandas_categorical:[]
