tree
version=v4
num_class=1
num_tree_per_iteration=1
label_index=0
max_feature_idx=29
objective=binary sigmoid:1
feature_names=pm_gap pm_intra_gain pm_gain pm_surge_retention pm_peak_to_open_mins pm_final_velocity_10m pm_volume pm_turnover pm_vwap_dev pm_rvol intra_return_from_open intra_high_from_open intra_low_from_open intra_range_pct intra_range_retention intra_vwap_dev intra_upbar_ratio intra_curr_bar_ret intra_curr_bar_range intra_breakout_pm_high intra_dist_to_pm_high intra_volume intra_turnover intra_rvol intra_vol_acceleration qqq_gap qqq_intra_ret alpha_vs_qqq qqq_vwap_dev atr_20d_pct
feature_infos=[-0.061484272200206469:0.10594795539033457] [0:0.34499999999999997] none [0:1] [0:325] [-0.049238373759256451:0.34499999999999997] [0:31845058] [0:8569697149.3370008] [-0.092066306955677898:0.048037611719781194] [0:31845058] [-0.32773109243697479:0.13660842611993279] [0:0.15613681170051799] [-0.32773109243697479:0] [0.0037037037037037563:0.32773109243697479] [0:1] [-0.29818276936857818:0.060021047023337042] [0:1] [-0.036344372435935565:0.033774652336962571] [0:0.037427625899280503] [0:1] [-0.25650557620817843:0.13489867902344557] [317:67812914] [90336.910000000003:23009201961.681999] [0.0063400000000000001:62015799] [0.050597976080956758:9.953747745382417] [-0.0011859246672332071:0.0012176347095871301] [-0.027744868439178932:0.010619044988814977] [-0.32767720223825475:0.1321603212154546] [-0.013431696972549123:0.0051177863374413874] [0.0093137254901960592:0.71615304500823007]
tree_sizes=1698 1721 1720 1732 1713 1733 1715 1733 1641 1740 1737 1755 1745 1428 1745 1423 1748 1428 1725 1428 1629 1754 1649 1637 1739 1760 1751 1743 1520 1742 1643 1635 1735 1757 1648 1755 1646 1751 1759 1642 1761 1740 1761 1750 1748 1634 1747 1743 1752 1621 1635 1652 1743 1437 1742 1742 1750 1727 1643 1740 1652 1735 1762 1748 1727 1413 1729 1649 1631 1644 1632 1747 1653 1762 1526 1212 1528 1758 1217 1527 1431 1202 1777 1516 1201 1437 1219 1522 1429 1428 1516 1536 1204 1427 1642 1416 1763 1203 1423 1212 1429 1418 1522 1427 1655 1208 1419 1004 1205 1432 1328 1756 1523 1629 1207 1762 1548 1641 1109 1776 1430 1655 1754 1200 1205 1746 1557 1653 1656 1429 1207 1624 1746 1427 1216 1758 1664 1770 1739 1437 1750 1316 1109 1638 1442 1530 1746 1641 1527 1745 1544 1759 1639 1657 1644 1760 1124 1439 1540 1535 1645 1201 1544 1756 1644 1774 1753 1006 1209 1438 1645 1542 1434 896 1101 1744 1534 788 1630 1653

Tree=0
num_leaves=15
num_cat=0
split_feature=29 18 18 1 13 13 20 25 22 28 22 29 13 5
split_gain=2319.56 402.671 385.268 250.725 173.312 153.361 134.626 136.247 132.047 128.381 117.103 109.201 74.1915 63.0418
threshold=0.050793687712928352 0.012085433269519425 0.0083407377312238445 0.040386488856443532 0.026998107310413338 0.059326958581804846 -0.028011228985274098 0.00033086313526315808 1053744567.9285001 -0.0062041345147064598 471041917.16400009 0.065756621496700932 0.026484751571352477 0.0045238885575019849
decision_type=2 2 2 2 2 2 2 2 2 2 2 2 2 2
left_child=1 4 6 11 -1 12 10 -8 -6 -5 -2 -4 -3 -7
right_child=2 5 3 9 8 13 7 -9 -10 -11 -12 -13 -14 -15
leaf_value=-2.4742201203633569 -2.2477772957951641 -2.2388874884202692 -2.353411272478775 -2.1049216751554312 -2.4340236484191586 -2.2876114055366834 -2.4527984827354166 -2.2991304445464746 -2.3335015135713277 -2.2431714768766344 -2.4907653701223049 -2.2787542516380932 -2.4057195427734235 -2.1189936211580447
leaf_weight=108.7925571501255 9.8770281076431257 2.9776334762573269 29.48583360016346 6.6088939011096945 66.088936850428581 4.4301375895738584 19.754055812954906 7.0446450114250174 14.307165592908857 70.882201746106148 2.1787561476230612 43.865624696016312 12.346284940838812 3.6312603801488876
leaf_count=1450 72 21 298 23 810 37 252 61 137 508 30 356 142 14
internal_value=-2.36697 -2.43502 -2.29071 -2.26901 -2.44954 -2.31758 -2.37495 -2.4124 -2.41613 -2.23138 -2.29169 -2.30876 -2.3733 -2.21166
internal_weight=402.271 212.574 189.697 150.843 189.189 23.3853 38.8545 26.7987 80.3961 77.4911 12.0558 73.3515 15.3239 8.0614
internal_count=4211 2611 1600 1185 2397 214 415 313 947 531 102 654 163 51
is_linear=0
shrinkage=1


Tree=1
num_leaves=15
num_cat=0
split_feature=29 18 18 18 13 20 25 1 26 13 22 25 1 8
split_gain=1707.31 324.605 250.001 164.23 158.98 114.248 117.618 109.384 108.094 95.0925 87.652 71.026 65.1921 40.0644
threshold=0.050793687712928352 0.012085433269519425 0.0082368396139180598 0.0057864166362805707 0.079766925137766578 -0.025388562152774331 0.00033086313526315808 0.040386488856443532 -0.00060459397766948015 0.059326958581804846 471041917.16400009 0.00014719146284028416 0.034158307652437388 0.01885310299035883
decision_type=2 2 2 2 2 2 2 2 2 2 2 2 2 2
left_child=1 3 5 13 7 10 -7 -4 -5 12 -2 -6 -3 -1
right_child=2 9 4 8 11 6 -8 -9 -10 -11 -12 -13 -14 -15
leaf_value=-0.022791766054270586 0.16965416890226986 0.1291541528802071 0.12073827877809842 0.070918554089532113 0.26354599069813867 -0.0074056821511208296 0.13733115345837482 0.17070006485025344 0.0070620000929007666 0.19415646463551126 -0.032513710637329524 0.12992183132162122 0.008850592057330426 0.10927305783060018
leaf_weight=92.178281858563423 12.574558511376379 9.258275888860231 79.040850721299648 43.456917837262154 16.17108798772097 17.874242678284649 7.0446705594658843 78.714323855936527 52.900770545005798 9.8913068920373899 2.2800759971141806 4.5979895293712607 7.2118650823831549 2.1148444861173621
leaf_count=1251 79 77 639 467 55 233 53 476 658 51 32 33 86 21
internal_value=0.0815487 0.0219606 0.140786 0.00831718 0.15594 0.0727688 0.033512 0.145667 0.035861 0.120632 0.138623 0.233963 0.0764762 -0.0198298
internal_weight=435.31 217.012 218.298 190.651 178.524 39.7735 24.9189 157.755 96.3577 26.3614 14.8546 20.7691 16.4701 94.2931
internal_count=4211 2611 1600 2397 1203 397 286 1115 1125 214 111 88 163 1272
is_linear=0
shrinkage=0.03


Tree=2
num_leaves=15
num_cat=0
split_feature=29 18 18 23 6 22 18 13 25 25 18 8 17 14
split_gain=1311.52 290.046 177.409 148.24 105.292 90.3061 88.3678 83.5916 93.2373 46.1937 43.3632 35.6411 20.6504 11.9411
threshold=0.050793687712928352 0.0057864166362805707 0.011936186847222469 3.4676184836819091 39036.000000000007 285648930.92300004 0.011863275553105507 0.051014461778719343 0.00040646633177548379 0.00027196287688886013 0.0086296328388354784 0.01885310299035883 0.0045423823007131091 0.53830524441747729
decision_type=2 2 2 2 2 2 2 2 2 2 2 2 2 2
left_child=1 11 7 5 13 -3 -5 8 -2 -6 -9 12 -1 -4
right_child=2 3 4 6 9 -7 -8 10 -10 -11 -12 -13 -14 -15
leaf_value=-0.024105175823861399 0.067218568550163241 0.005030326714237753 -0.033432565931929017 0.061201602296908249 0.16178029031487437 0.062434017333468844 0.16534687118234598 0.048925916593123571 0.14366582484643023 0.11918899632845613 0.16105800754632801 0.096628357787309688 0.10914848449029914 0.07263368573174854
leaf_weight=89.361637219786644 74.61612793803215 51.648071296513081 2.9342848584055892 15.960187189280989 92.826666630804539 47.210783042013645 13.56455937027931 3.6485381200909641 17.779893137514591 30.431815452873707 20.792009860277176 2.3164638355374327 1.059080347418784 1.4164010658860204
leaf_count=1240 653 627 32 166 463 476 70 34 107 194 105 21 11 12
internal_value=0.0738004 0.020859 0.12169 0.050061 0.146145 0.0324439 0.109049 0.0949804 0.0819294 0.151265 0.144319 -0.0195676 -0.0225444 0.00109816
internal_weight=465.567 221.121 244.446 128.384 127.609 98.8589 29.5247 116.837 92.396 123.258 24.4405 92.7372 90.4207 4.35069
internal_count=4211 2611 1600 1339 701 1103 236 899 760 657 139 1272 1251 44
is_linear=0
shrinkage=0.03


Tree=3
num_leaves=15
num_cat=0
split_feature=29 18 18 22 28 11 13 20 25 5 28 1 5 17
split_gain=1038.6 261.426 135.673 124.709 93.6212 85.9307 82.9342 82.8658 85.2604 73.1642 72.8712 32.8292 32.0863 19.7203
threshold=0.050793687712928352 0.0057864166362805707 0.0082368396139180598 298200618.98800004 -0.00053755190600091073 0.0075955933080271692 0.07087822813935328 -0.025388562152774331 0.00033086313526315808 -0.0029011299895199964 0.0011654248246786563 0.022935603292386798 0.019477075874674458 0.004620974416480089
decision_type=2 2 2 2 2 2 2 2 2 2 2 2 2 2
left_child=1 12 7 4 -3 -5 10 9 -9 -2 -4 -8 13 -1
right_child=2 3 6 5 -6 -7 11 8 -10 -11 -12 -13 -14 -15
leaf_value=-0.023888385473914742 0.032849607237956394 0.052526259058193976 0.12016657237170589 0.0093230280010270106 -0.018970097988016351 0.09246754533981956 -0.033889359714292286 -0.0087758114319042898 0.10513862265549148 0.1584278052473086 0.078235101802587609 0.15973275995772115 0.086238332756910438 0.1042522088832976
leaf_weight=87.605966776609421 6.7617223933339146 33.348183907568455 131.28261119127274 14.134160563349722 32.594360210001469 53.657139852643013 0.80422789603471656 18.779197670519356 8.6311866194009763 10.917172059416769 52.105267904698849 39.348334357142448 2.5206107050180426 1.0943976789712895
leaf_count=1237 59 340 714 152 414 433 8 233 53 52 345 136 25 10
internal_value=0.0674047 0.01985 0.107228 0.04656 0.0171867 0.0751323 0.116803 0.0597564 0.0270944 0.110397 0.108253 0.155855 -0.019308 -0.0223074
internal_weight=493.585 224.955 268.63 133.734 65.9425 67.7913 223.54 45.0893 27.4104 17.6789 183.388 40.1526 91.221 88.7004
internal_count=4211 2611 1600 1339 754 585 1203 397 286 111 1059 144 1272 1247
is_linear=0
shrinkage=0.03


Tree=4
num_leaves=15
num_cat=0
split_feature=18 29 13 22 23 7 23 8 29 7 24 18 6 6
split_gain=862.291 228.733 157.341 111.395 70.8376 87.3944 56.981 51.9821 50.9227 45.7281 44.386 37.2395 31.4393 61.5457
threshold=0.0073243500453536734 0.057351777996037516 0.029254468638729419 279213154.83450007 0.83769155823034513 389495349.53600007 1.5141306678940529 -0.011235314867749148 0.075643685451042372 22948574.736500006 0.5914044732912429 0.011388247641568672 67263.000000000015 87178.000000000015
decision_type=2 2 2 2 2 2 2 2 2 2 2 2 2 2
left_child=2 3 12 10 9 -6 -5 8 -3 -4 -2 -9 -1 -14
right_child=1 7 4 6 5 -7 -8 11 -10 -11 -12 -13 13 -15
leaf_value=-0.030070463644120474 -0.015539149051984138 0.10050027515658559 0.050718394464584919 0.050737055614988709 0.0094260772191482115 0.14185752151052658 0.10064000655679403 0.093328568667501069 0.0253757005847507 0.15851423025394107 0.042900537941972246 0.12285745681902981 0.092237041630643737 -0.010650998440301646
leaf_weight=61.685764417052269 17.023048490285873 23.299193680286407 7.1460728496313077 35.539599254727364 35.380102664232254 5.1358329430222502 48.96561287343502 55.216812901198864 12.465221069753168 7.0221256986260414 37.38520160317421 126.48614495247602 6.0011750161647788 40.852125361561775
leaf_count=874 195 117 69 294 404 33 300 322 86 39 354 532 60 532
internal_value=0.0620135 0.0881679 0.00490795 0.0580966 0.0464046 0.0262132 0.0796528 0.107377 0.0743166 0.104145 0.0246161 0.113884 -0.0159989 0.00252735
internal_weight=519.604 356.381 163.223 138.913 54.6841 40.5159 84.5052 217.467 35.7644 14.1682 54.4083 181.703 108.539 46.8533
internal_count=4211 2200 2011 1143 545 437 594 1057 203 108 549 854 1466 592
is_linear=0
shrinkage=0.03


Tree=5
num_leaves=15
num_cat=0
split_feature=18 13 18 5 1 5 17 18 25 26 26 6 6 14
split_gain=722.883 143.69 139.763 74.9383 70.6683 69.6257 57.4351 48.0457 46.13 51.6949 49.7108 30.6899 53.9228 8.78939
threshold=0.0073243500453536734 0.029254468638729419 0.012085433269519425 0.022986570615353103 0.027121047765276369 -0.0030643316393259971 -0.0043319765632057628 0.005426376510191607 0.00027196287688886013 -0.0006338619197620701 0.0037564286513037675 67263.000000000015 87178.000000000015 0.98353212252643096
decision_type=2 2 2 2 2 2 2 2 2 2 2 2 2 2
left_child=1 11 4 7 6 -6 -2 -3 9 -4 -10 13 -13 -1
right_child=2 3 8 -5 5 -7 -8 -9 10 -11 -12 12 -14 -15
leaf_value=-0.032430116266923235 -0.022294039655711754 -0.0055010533235065598 0.12213019363651577 0.24456847070345597 0.043274123009703055 0.089069161315180709 0.050088261365946907 0.055675077194631752 0.054977838040194009 0.08697855823420543 0.12751120843226571 0.082806874220715948 -0.010425435898599386 0.022762530493422743
leaf_weight=57.412224687635899 13.384975150227545 16.477412149310112 79.955535173416138 1.6174714043736447 46.433221213519573 83.812973894178867 37.53142935782671 38.668555401265621 36.741602003574371 71.167430594563484 11.064857073128222 6.4762004613876334 40.489477097988129 2.7198224812746039
leaf_count=838 144 204 292 5 351 506 303 336 224 339 41 60 532 36
internal_value=0.0573834 0.00471126 0.0800908 0.0432992 0.061028 0.0727431 0.0310603 0.0373959 0.0974511 0.105576 0.0717658 -0.015741 0.00243057 -0.0299337
internal_weight=543.953 163.861 380.092 56.7634 181.163 130.246 50.9164 55.146 198.929 151.123 47.8065 107.098 46.9657 60.132
internal_count=4211 2011 2200 545 1304 857 447 540 896 631 265 1466 592 874
is_linear=0
shrinkage=0.03


Tree=6
num_leaves=15
num_cat=0
split_feature=29 13 7 13 24 13 25 21 10 27 23 1 4 17
split_gain=626.54 179.49 109.475 70.5 77.8157 65.3537 58.4124 48.2842 47.6556 47.6437 46.9099 36.0392 28.2387 23.7653
threshold=0.048462085248197902 0.050692857126445189 6959640.0200000014 0.024215823895695505 0.80512299940572907 0.072260308881016061 0.00041867637370380899 3219046.0000000005 0.013805407925621573 -0.032995592399501436 3.7956885382712451 0.048681264586468535 22.500000000000004 0.00499718869007816
decision_type=2 2 2 2 2 2 2 2 2 2 2 2 2 2
left_child=1 3 6 13 -5 7 11 -4 -8 12 -11 -2 -3 -1
right_child=2 9 5 4 -6 -7 8 -9 -10 10 -12 -13 -14 -15
leaf_value=-0.021349591688753878 -0.024530338067454922 0.098075306537527537 0.085642189320207049 0.0034873853029487637 0.062006362063675699 0.11417236069998508 0.0097882442541008564 0.058533258789081326 0.16518982328188292 0.037538004022086416 0.13521309601659659 0.10708378435111922 -0.03405394731109402 0.039762378241303853
leaf_weight=80.856781825423241 16.429301172494895 2.253615856170657 187.44810713082552 73.624757044017315 28.31674312800169 50.693703234195709 3.3760115280747405 86.381825767457485 3.7474016025662422 6.2863913774490383 14.947369530797003 2.113316796720027 4.1118938103318214 6.1636407971382132
leaf_count=1143 175 11 941 806 254 140 27 488 11 50 54 10 41 60
internal_value=0.0533609 0.0132501 0.0781658 0.0028122 0.0197425 0.082883 0.0185211 0.0770905 0.0915401 0.0847144 0.106296 -0.00953017 0.0127245 -0.017021
internal_weight=566.751 216.561 350.19 188.962 101.942 324.524 25.666 273.83 7.12341 27.5993 21.2338 18.5426 6.36551 87.0204
internal_count=4211 2419 1792 2263 1060 1569 223 1429 38 156 104 185 52 1203
is_linear=0
shrinkage=0.03


Tree=7
num_leaves=15
num_cat=0
split_feature=29 13 13 13 24 26 26 1 17 24 28 11 17 24
split_gain=533.242 156.961 76.8052 66.0422 68.2859 59.742 69.3201 48.1719 63.1833 39.5096 43.6158 38.8671 35.1683 28.0702
threshold=0.048462085248197902 0.050692857126445189 0.028795333546699903 0.024215823895695505 0.80512299940572907 -0.00018365210104249051 -0.0047384102266477693 0.025363337966300043 -0.0086068826107924684 0.64628233775811161 0.0009537828704096052 0.051024173137430386 0.0064059383282522005 1.1761871201604059
decision_type=2 2 2 2 2 2 2 2 2 2 2 2 2 2
left_child=1 3 5 -1 -5 6 -2 8 -4 10 -3 -9 -11 -7
right_child=2 9 7 4 -6 13 -8 11 -10 12 -12 -13 -14 -15
leaf_value=-0.016758387479177371 -0.03450762090879203 0.13130096356888243 0.10693525570950431 0.0033730929625992007 0.05720972217198636 -0.0067763267771104524 0.097093324538183021 0.076521132612316564 0.02874095817988484 -0.011457329895105605 0.009996616602507398 0.10564760377077398 0.089475424654965011 0.10844279238986004
leaf_weight=85.767666958272457 4.4952175468206432 13.501144737005239 12.618485651910303 73.83262724429369 29.747061587870121 22.108556516468528 18.135857455432415 223.98138538748026 35.366629831492901 6.4929972290992719 3.3245768696069709 50.53692489862442 5.9576761871576309 2.0822311714291564
leaf_count=1203 42 52 48 806 254 217 86 999 245 56 25 147 23 8
internal_value=0.0498413 0.0127075 0.0718228 0.00271215 0.0188344 0.0359178 0.0709534 0.0770356 0.0493035 0.0773531 0.107333 0.0818831 0.0368392 0.0031412
internal_weight=587.949 218.624 369.325 189.347 103.58 46.8219 22.6311 322.503 47.9851 29.2764 16.8257 274.518 12.4507 24.1908
internal_count=4211 2419 1792 2263 1060 353 128 1439 293 156 77 1146 79 225
is_linear=0
shrinkage=0.03


Tree=8
num_leaves=14
num_cat=0
split_feature=18 29 7 13 5 10 9 29 8 26 1 18 18
split_gain=475.972 159.561 86.2254 53.8571 49.348 45.8498 57.1312 47.8911 44.2456 36.594 28.9461 24.1376 0.000510099
threshold=0.0060696481321107039 0.057351777996037516 22948574.736500006 0.026998107310413338 0.0065899605164311077 -0.025033779526082284 0.98169404845703045 0.072086805711717494 -0.011235314867749148 0.005183605913485591 0.023543251939073775 0.0051633691404693533 0.0052373198379664157
decision_type=2 2 2 2 2 2 2 2 2 2 2 2 2
left_child=5 2 4 -4 -2 6 -1 11 9 -3 -10 -7 -8
right_child=1 8 3 -5 -6 7 12 -9 10 -11 -12 -13 -14
leaf_value=0.16214913760116748 -0.0010069326749970681 0.055693314510192653 0.014390805171873517 0.063312369609745997 0.053520899516640762 -0.026201198437463626 -0.032636162259031737 0.097857672517057542 0.046245303827667325 -0.035457780565332324 0.082360246764859618 0.0052538033782271133 -0.033508232247197921
leaf_weight=3.0545676648616782 55.021499700844288 42.309877641499043 25.005900360643864 106.54873406141996 20.503889501094818 72.786574602127075 1.1793416514992716 3.3904324993491164 21.979389846324921 4.3737252280116072 218.88413002341986 31.440261546522379 1.2366687357425687
leaf_count=14 547 191 244 616 156 1078 16 19 121 35 783 377 14
internal_value=0.0467292 0.0594241 0.0393456 0.0540134 0.0137965 -0.00879641 0.0759276 -0.0131032 0.0738839 0.0471535 0.0790647 -0.0167127 -0.0330825
internal_weight=607.715 494.627 207.08 131.555 75.5254 113.088 5.47058 107.617 287.547 46.6836 240.864 104.227 2.41601
internal_count=4211 2693 1563 860 703 1518 44 1474 1130 226 904 1455 30
is_linear=0
shrinkage=0.03


Tree=9
num_leaves=15
num_cat=0
split_feature=18 29 7 28 12 21 12 27 8 4 26 25 17 27
split_gain=419.637 135.889 75.1721 48.8942 43.1947 68.5582 63.7818 53.781 36.758 34.5586 29.6866 25.4768 14.4235 16.4182
threshold=0.0060696481321107039 0.057351777996037516 22948574.736500006 -0.00077672645365433875 -0.011373641133446648 1280847.5000000002 -0.011948987875742565 -0.026880091982842119 -0.011235314867749148 197.50000000000003 4.746778557185967e-05 -0.00044161127236986788 0.00499718869007816 -0.01069015074558325
decision_type=2 2 2 2 2 2 2 2 2 2 2 2 2 2
left_child=4 2 10 -4 5 7 -7 -1 9 -3 -2 -10 13 -6
right_child=1 8 3 -5 12 6 -8 -9 11 -11 -12 -13 -14 -15
leaf_value=0.10195592966260823 0.030125918801133834 0.084990566144760041 0.070922560238135909 0.034710173311451507 0.077019337454744305 0.045077991571875517 0.24443147108157925 -0.026814578064361279 0.034617444284688992 0.028446442973244009 -0.0074906001867085367 0.07533115584163691 0.069747202268134009 -0.027838908520537036
leaf_weight=3.2895730137825003 42.049023486673832 13.537657581269739 59.222074285149574 77.433681853115559 1.3721934482455242 13.379918880760668 1.6192137151956547 25.914154231548313 14.685198262333868 34.568470127880573 34.271215364336967 238.27558802068233 1.4568532705306996 65.147204883396626
leaf_count=19 349 47 322 538 17 137 6 367 72 179 354 832 13 959
internal_value=0.0439508 0.0554231 0.0370839 0.0504034 -0.00861916 0.0144661 0.066599 -0.0123096 0.0683963 0.0443587 0.0132344 0.0729676 -0.0236308 -0.0256758
internal_weight=626.222 514.043 212.976 136.656 112.179 44.2029 14.9991 29.2037 301.067 48.1061 76.3202 252.961 67.9763 66.5194
internal_count=4211 2693 1563 860 1518 529 143 386 1130 226 703 904 989 976
is_linear=0
shrinkage=0.03


Tree=10
num_leaves=15
num_cat=0
split_feature=18 29 1 5 28 12 21 21 27 8 18 28 8 27
split_gain=372.329 117.3 67.601 60.3047 58.0423 41.1937 60.9195 52.3697 48.4023 29.0029 37.2658 25.6167 13.0207 16.2409
threshold=0.0060696481321107039 0.057957695336936739 0.045770096998909229 0.016488136029025626 -0.00071064116665784988 -0.011373641133446648 1280847.5000000002 1467057.0000000002 -0.026880091982842119 -0.0095100718795544745 0.01293730249588451 -0.0010718091873017652 0.01885310299035883 -0.01069015074558325
decision_type=2 2 2 2 2 2 2 2 2 2 2 2 2 2
left_child=5 2 3 -2 -4 6 8 -8 -1 10 -3 -11 13 -7
right_child=1 9 4 -5 -6 12 7 -9 -10 11 -12 -13 -14 -15
leaf_value=0.091838669101449125 0.020262063886378801 0.015446605976194613 0.085853028786627456 0.10904339933696613 0.031310446140309992 0.076436598950957071 0.1785113535232066 0.035761829114394815 -0.026614185791429677 0.079570341256231622 0.063992490555428286 0.060060043413859808 0.061729523942365111 -0.027670049218375677
leaf_weight=3.5382903441786757 147.95773667097092 23.177107289433479 36.817936800420284 7.2218329533934584 33.570427276194096 1.377820886671542 2.8131293281912795 13.009738028049467 25.334778957068924 106.77712243795395 36.871771290898323 139.95213453471661 1.5787499696016301 63.669744946062565
leaf_count=19 1195 135 156 26 215 16 10 133 367 303 129 534 14 959
internal_value=0.0414436 0.0518775 0.0354548 0.0243938 0.05984 -0.00845167 0.0138293 0.0611411 -0.0120982 0.0639529 0.0452552 0.0685035 -0.0233988 -0.0254649
internal_weight=643.668 532.346 225.568 155.18 70.3884 111.322 44.6959 15.8229 28.8731 306.778 60.0489 246.729 66.6263 65.0476
internal_count=4211 2693 1592 1221 371 1518 529 143 386 1101 264 837 989 975
is_linear=0
shrinkage=0.03


Tree=11
num_leaves=15
num_cat=0
split_feature=13 29 23 5 29 26 26 16 1 17 13 13 13 21
split_gain=329.231 82.6335 71.867 90.0469 57.6765 48.3117 93.6065 47.3266 40.3499 45.9978 28.9384 28.4472 0.00210711 0.00178165
threshold=0.028795333546699903 0.046106216459799475 3.4676184836819091 0.019477075874674458 0.028047799383313053 -0.00018365210104249051 -0.0025563712922436871 0.25000000000000006 0.025363337966300043 -0.0086068826107924684 0.024050396188292206 0.079766925137766578 0.018599055240118217 1413366.0000000002
decision_type=2 2 2 2 2 2 2 2 2 2 2 2 2 2
left_child=4 2 3 -2 12 6 -6 -4 9 -3 -7 -10 -1 -14
right_child=1 8 7 -5 5 10 -8 -9 11 -11 -12 -13 13 -15
leaf_value=-0.032173724385489252 -0.0021547045036565391 0.079349604516263203 -0.034625489732358301 0.16815388014322583 -0.0055343075719706597 -0.021859265101560426 0.068261299291859256 0.071018965481682017 0.058034404693400987 0.019038010776418063 0.017279796964471811 0.083129207701605673 -0.032384166117015133 -0.033097502903170539
leaf_weight=20.505498394370079 56.784915149211884 15.372761391103266 4.3050047010183325 2.9386717453598967 31.371450811624527 40.763864517211914 30.519856575876474 33.625888094305992 290.05748368799686 43.828526221215725 29.166688703000546 47.282277539372444 8.197462644428013 5.1190123222768298
leaf_count=332 550 49 39 7 322 552 222 173 1129 284 272 93 124 63
internal_value=0.0391866 0.0514551 0.0267352 0.00622525 0.00258385 0.0115507 0.0308558 0.0590287 0.0575428 0.0346991 -0.00553512 0.0615517 -0.0323645 -0.0326584
internal_weight=659.839 494.196 97.6545 59.7236 165.644 131.822 61.8913 37.9309 396.541 59.2013 69.9306 337.34 33.822 13.3165
internal_count=4211 2324 769 557 1887 1368 544 212 1555 333 824 1222 519 187
is_linear=0
shrinkage=0.03


Tree=12
num_leaves=15
num_cat=0
split_feature=18 29 7 23 4 18 5 5 8 1 8 28 29 13
split_gain=303.592 91.2858 61.2941 47.4627 41.4077 35.9317 44.528 46.7205 32.7493 25.0885 31.3785 25.6703 16.5853 0.00663876
threshold=0.0060696481321107039 0.057957695336936739 22948574.736500006 0.45337717944839079 162.50000000000003 0.0050547399464996477 0.0016719546005024429 -0.0029011299895199964 0.01885310299035883 0.051860965249700637 -0.014427277842728835 -0.00024825796400243961 0.075177325251468224 0.030526429072794292
decision_type=2 2 2 2 2 2 2 2 2 2 2 2 2 2
left_child=5 2 3 -2 -4 8 7 -7 12 10 -3 -11 -1 -8
right_child=1 9 4 -5 -6 6 13 -9 -10 11 -12 -13 -14 -15
leaf_value=-0.027648836173069739 0.13633867375435402 0.0063511453536967272 0.024669188207421033 0.0068640669312512873 0.056246817615097318 -0.0026277859365327065 -0.032440392953999114 0.074105017967881867 0.085908435886436735 0.080357980391532552 0.053280402715936634 0.051317932941487024 0.080088009160533546 -0.03387625773841331
leaf_weight=65.403021831065416 2.6319509968161574 13.687968187034128 64.289053179323673 80.033932246267796 89.26850875467062 14.735431633889673 8.2251741103827936 13.857404913753273 2.4609486833214751 63.455590628087521 202.90525828301907 48.208313100039959 1.3117853850126255 4.4745902493596068
leaf_count=1036 12 72 407 702 471 177 121 114 14 137 729 163 9 47
internal_value=0.0371348 0.0460355 0.031814 0.0109863 0.0430264 -0.00834693 0.0137984 0.0345605 -0.021566 0.0562697 0.0503146 0.0678206 -0.0255305 -0.0329463
internal_weight=674.949 564.481 236.223 82.6659 153.558 110.468 41.2926 28.5928 69.1758 328.257 216.593 111.664 66.7148 12.6998
internal_count=4211 2693 1592 714 878 1518 459 291 1059 1101 801 300 1045 168
is_linear=0
shrinkage=0.03


Tree=13
num_leaves=12
num_cat=0
split_feature=18 29 17 13 28 7 25 26 29 5 26
split_gain=273.407 103.79 56.1349 84.9548 50.5683 41.7732 39.1396 32.582 31.2958 29.5541 7.53245
threshold=0.0051633691404693533 0.048462085248197902 -0.00018049383160044635 0.052653998141885906 -0.0014348918369377747 6959640.0200000014 0.00041867637370380899 -0.00027859337623031426 0.072086805711717494 0.019477075874674458 -0.0073223439766216545
decision_type=2 2 2 2 2 2 2 2 2 2 2
left_child=8 2 3 -2 -4 6 -3 -7 9 10 -1
right_child=1 5 4 -5 -6 7 -8 -9 -10 -11 -12
leaf_value=0.019894361881929685 -0.011139362787500962 -0.011046700357112561 0.075065258174090002 0.065861460927956403 0.024055217165310665 0.06008244692560915 0.066006582047408544 0.043397823811570466 0.084578590992316072 0.072232486345697025 -0.029842101628284438
leaf_weight=2.8630335740745059 66.12766532599926 18.729692731052641 24.438396032899618 16.01950803399086 61.524552665650845 206.70387691259384 8.6838302463293058 214.80595608055592 2.4865388721227637 2.7731407135725012 64.028892874717712
leaf_count=39 664 155 141 67 527 643 34 870 12 20 1039
internal_value=0.0352553 0.0417167 0.0216103 0.00387656 0.0385569 0.049246 0.0133616 0.0515798 -0.020002 -0.0237348 -0.0277133
internal_weight=689.185 617.033 168.11 82.1472 85.9629 448.923 27.4135 421.51 72.1516 69.6651 66.8919
internal_count=4211 3101 1399 731 668 1702 189 1513 1110 1098 1078
is_linear=0
shrinkage=0.03


Tree=14
num_leaves=15
num_cat=0
split_feature=29 7 22 12 11 14 26 11 28 25 11 5 25 17
split_gain=231.788 68.4545 62.9648 48.2704 45.7706 45.763 48.0193 45.8921 39.2541 46.9861 35.2607 31.528 30.1139 42.9984
threshold=0.046106216459799475 6959640.0200000014 191766855.93900001 -0.028723696579315543 0.0028835519760359364 0.48704125339125753 0.00055206476524020671 0.015138847658834236 0.00019137072142894282 -0.00087053193906951151 0.017967548021596235 0.016488136029025626 0.00041867637370380899 0.0010196061382681464
decision_type=2 2 2 2 2 2 2 2 2 2 2 2 2 2
left_child=2 12 3 4 -1 7 -7 -4 9 -3 -10 -5 -2 -14
right_child=1 8 5 11 -6 6 -8 -9 10 -11 -12 -13 13 -15
leaf_value=0.095610235200246696 -0.015357734452134238 -0.038041417187009825 -0.020103378844168015 -0.023151354013104176 -0.033676994268092626 0.065741439609663402 0.01316697832979539 0.039801358737766579 0.017936156255607998 0.056247625337532713 0.046326095365139958 0.053407262725504959 -0.035517193473666775 0.08902508996063048
leaf_weight=6.8531295023858529 23.384848292917013 4.8386968001723281 32.785114623606205 79.648552928119898 3.8483286648988724 31.107794132083654 31.435432136058807 17.735900640487671 59.942461859434843 280.07685992866755 114.7431472055614 5.1544787660241118 3.8596228957176191 7.0562967881560326
leaf_count=34 217 31 357 1159 41 198 286 105 340 897 446 47 33 20
internal_value=0.0335317 0.0447301 0.00701326 -0.0109215 0.0491175 0.0221626 0.0393165 0.00092677 0.0477813 0.0546463 0.0365842 -0.018498 0.00384732 0.0449897
internal_weight=702.471 493.902 208.569 95.5045 10.7015 113.064 62.5432 50.521 459.601 284.916 174.686 84.803 34.3008 10.9159
internal_count=4211 1984 2227 1281 75 946 484 462 1714 928 786 1206 270 53
is_linear=0
shrinkage=0.03


Tree=15
num_leaves=12
num_cat=0
split_feature=18 18 29 23 8 29 8 29 28 8 26
split_gain=232.854 87.6912 54.6583 37.8176 30.6859 28.096 26.6251 23.7035 27.9888 21.7434 7.48758
threshold=0.0051633691404693533 0.012085433269519425 0.046106216459799475 0.94390680797640558 0.0020525826020453826 0.072086805711717494 0.01885310299035883 0.085232815619349214 -0.0010718091873017652 -0.011235314867749148 -0.0073223439766216545
decision_type=2 2 2 2 2 2 2 2 2 2 2
left_child=5 2 3 -2 -4 6 10 8 -3 -9 -1
right_child=1 7 4 -5 -6 -7 -8 9 -10 -11 -12
leaf_value=0.020037990473894738 -0.025935221380907914 0.055448634425399025 0.044292591955492421 0.018689353733145463 0.02186839427701575 0.07580263408082763 0.0648000959135141 0.011251459511192656 0.034438925696897021 0.071358426442424391 -0.029693632267310442
leaf_weight=2.8495997227728358 20.775370370596647 116.96589680016041 146.29257519170642 96.398064378648996 87.935654550790787 2.6636575311422339 2.9390146881341925 5.9690331965684882 111.43710040301085 58.516589179635048 62.163832690566778
leaf_count=38 249 333 659 842 455 12 16 26 416 121 1044
internal_value=0.0319416 0.0376099 0.0275055 0.0107772 0.0358739 -0.0197747 -0.0235212 0.0497328 0.0451981 0.0657947 -0.0275138
internal_weight=714.906 644.29 351.402 117.173 234.228 70.6161 67.9524 292.889 228.403 64.4856 65.0134
internal_count=4211 3101 2205 1091 1114 1110 1098 896 749 147 1082
is_linear=0
shrinkage=0.03


Tree=16
num_leaves=15
num_cat=0
split_feature=29 23 22 7 12 16 12 28 26 26 17 1 5 15
split_gain=188.299 80.6109 42.1391 41.3321 39.4468 37.2721 34.8522 34.3097 25.2672 56.473 28.3489 22.4764 26.9342 0.00488642
threshold=0.048462085248197902 3.4676184836819091 285648930.92300004 6959640.0200000014 -0.0229936939767111 0.25000000000000006 -0.014428930331432938 0.003220449226807419 -0.00060459397766948015 -0.00085358616756893945 -0.0011835088402194164 0.040917322577410938 0.0074631036323614154 -0.016202122743064231
decision_type=2 2 2 2 2 2 2 2 2 2 2 2 2 2
left_child=1 2 4 11 -1 13 -7 -4 9 -5 -10 12 -2 -3
right_child=3 5 7 8 -6 6 -8 -9 10 -11 -12 -13 -14 -15
leaf_value=0.029731336290370995 -0.026188252008242496 -0.03537803895241156 0.0089900788194438707 0.043952586282527004 -0.020948301113442251 0.071871447342725284 0.018999637951635482 0.073359781646620548 0.047839082777352153 0.085106965239991617 0.027022914957499672 0.058714741253258457 0.041548119876698215 -0.033539554997676885
leaf_weight=16.331800609827042 17.124066803604372 2.7139026895165443 69.051258236169815 187.15003038942814 89.96407287940383 27.264051761478186 19.068818747997284 8.3540260493755323 107.97907207533717 35.739759042859077 129.49563417583704 6.1678519994020453 7.6406344175338736 2.4993572123348704
leaf_count=140 157 22 622 576 1302 104 141 59 363 71 559 24 42 29
internal_value=0.0304732 0.00840207 -0.000900389 0.0410415 -0.0131616 0.0415544 0.0501115 0.0159372 0.043297 0.0505516 0.036488 0.00747266 -0.0052896 -0.0344966
internal_weight=726.544 235.247 183.701 491.297 106.296 51.5461 46.3329 77.4053 460.364 222.89 237.475 30.9326 24.7647 5.21326
internal_count=4211 2419 2123 1792 1442 296 245 681 1569 647 922 223 199 51
is_linear=0
shrinkage=0.03


Tree=17
num_leaves=12
num_cat=0
split_feature=18 18 13 5 26 29 5 29 23 8 8
split_gain=199.984 73.6574 45.1192 36.9877 28.2522 25.192 25.0855 20.3102 25.3133 18.7709 7.06263
threshold=0.0051633691404693533 0.012085433269519425 0.028795333546699903 -0.0030643316393259971 -0.0047384102266477693 0.072086805711717494 0.019477075874674458 0.085232815619349214 3.7956885382712451 -0.011235314867749148 -0.0081289230469556856
decision_type=2 2 2 2 2 2 2 2 2 2 2
left_child=5 2 4 -4 -2 6 10 8 -3 -9 -1
right_child=1 7 3 -5 -6 -7 -8 9 -10 -11 -12
leaf_value=-0.0059997690668075121 -0.033790511202813567 0.037084288984482343 0.016446471191081488 0.039851820025487122 0.013897675138249951 0.067951168074409193 0.060660867398487306 0.009440235712938028 0.066239513616908746 0.064480163265295196 -0.032057330900745036
leaf_weight=11.432497028261421 12.853800687938927 207.08197218179703 94.744616031646729 169.4466699808836 85.903040766716003 2.8416046872735015 3.0567915551364413 6.1327612996101371 30.785885222256184 61.497169524431229 51.675381939858198
leaf_count=180 140 671 534 787 744 12 20 26 78 121 898
internal_value=0.0291081 0.0341276 0.0249911 0.0314582 0.00769077 -0.0195149 -0.0232713 0.0449822 0.0408577 0.0594891 -0.0273368
internal_weight=737.452 668.446 362.948 264.191 98.7568 69.0063 66.1647 305.498 237.868 67.6299 63.1079
internal_count=4211 3101 2205 1321 884 1110 1098 896 749 147 1078
is_linear=0
shrinkage=0.03


Tree=18
num_leaves=15
num_cat=0
split_feature=29 23 1 26 26 5 26 22 20 10 28 11 29 21
split_gain=159.583 69.0786 39.3944 38.6032 41.2065 34.8278 32.9874 41.7956 30.277 27.2001 25.9622 29.5162 18.51 14.7084
threshold=0.046106216459799475 3.4676184836819091 0.040386488856443532 -0.0070611942731100717 0.0079402470410583712 0.019477075874674458 -0.0073223439766216545 213911700.71600002 0.042552686039234087 -0.063184940475259618 -0.0058301049513078953 0.051024173137430386 0.034958128746047756 656604.50000000012
decision_type=2 2 2 2 2 2 2 2 2 2 2 2 2 2
left_child=1 5 3 9 -5 8 13 -8 -1 -2 -4 -12 -7 -3
right_child=2 6 10 4 -6 12 7 -9 -10 -11 11 -13 -14 -15
leaf_value=-0.007979865663292899 0.065503731791254655 0.13574151063770168 0.07323414186014568 0.03389037430425379 -0.024369730935237716 0.01528301393023198 -0.033809226927016545 0.040260206669810943 0.10641730910790413 -0.038749280711383005 0.036297949620624055 0.062742261655845677 0.12432065101929642 0.058464141859315331
leaf_weight=153.68066027760506 2.7852115631103507 3.4704692885279638 26.379619054496288 253.04510216042399 11.41918460652232 2.8082984909415236 8.6871020272374135 32.534825816750526 2.1108101457357398 11.772780809551476 182.14666871726513 47.99737286567688 2.7964736521244049 6.1358030065894127
leaf_count=1901 6 7 36 1100 77 21 98 159 8 75 598 92 10 23
internal_value=0.0278341 0.00581846 0.0365583 0.0287567 0.0313748 -0.00378662 0.0363177 0.0246508 -0.0064299 -0.0188038 0.0450442 0.041813 0.0696868 0.0863822
internal_weight=747.77 212.224 535.546 279.022 264.464 161.396 50.8282 41.2219 155.791 14.558 256.524 230.144 5.60477 9.60627
internal_count=4211 2227 1984 1258 1177 1940 287 257 1909 81 726 690 31 30
is_linear=0
shrinkage=0.03


Tree=19
num_leaves=12
num_cat=0
split_feature=18 18 25 3 25 29 11 29 8 29 26
split_gain=174.867 62.7794 47.3886 39.6248 24.4588 28.6357 25.582 22.7117 23.1287 19.9163 7.43334
threshold=0.0051633691404693533 0.012085433269519425 -0.00044161127236986788 0.02115893365893665 0.00027196287688886013 0.084203140990917594 0.0042198258190693227 0.072086805711717494 0.01885310299035883 0.079851050041585561 -0.0073223439766216545
decision_type=2 2 2 2 2 2 2 2 2 2 2
left_child=7 2 9 -4 6 -6 -3 8 10 -2 -1
right_child=1 4 3 -5 5 -7 -8 -9 -10 -11 -12
leaf_value=0.020309258922057809 -0.028762491267859347 0.015645957079656235 -0.0089388572534138174 0.028597780821786479 0.013101042848133893 0.052193673509843344 0.048871456125969208 0.06117928243786433 0.055841166825862674 0.050059141460065237 -0.02944427915760392
leaf_weight=2.8329089656472197 20.785431604832414 23.069233328104019 27.47230052575469 321.63291319832206 50.539643056690693 25.309043973684311 217.40693090111017 3.0128739178180686 3.1778006479144087 3.3500959277153006 58.74558350071311
leaf_count=38 176 82 210 1808 206 59 549 12 16 11 1044
internal_value=0.0266473 0.0311664 0.0228332 0.0256439 0.0409991 0.0261454 0.0456841 -0.0193364 -0.0230825 -0.0178218 -0.0271554
internal_weight=757.335 689.566 373.241 349.105 316.325 75.8487 240.476 67.7692 64.7563 24.1355 61.5785
internal_count=4211 3101 2205 2018 896 265 631 1110 1098 187 1082
is_linear=0
shrinkage=0.03


Tree=20
num_leaves=14
num_cat=0
split_feature=18 29 7 11 4 13 12 10 28 8 25 8 13
split_gain=161.365 60.1111 40.6254 31.4522 29.1275 22.1735 21.9381 32.4621 20.1447 18.4981 10.5826 10.7065 10.3205
threshold=0.0051633691404693533 0.057351777996037516 22948574.736500006 0.0031797566117618072 162.50000000000003 0.024215823895695505 -0.023277691071747538 -0.010549144132259851 -0.0025722414954575668 -0.011725645205936847 0.00091992996561157724 0.01885310299035883 0.056133164386608897
decision_type=2 2 2 2 2 2 2 2 2 2 2 2 2
left_child=6 2 3 -2 -4 8 7 12 -3 -7 11 -8 -1
right_child=1 5 4 -5 -6 9 10 -9 -10 -11 -12 -13 -14
leaf_value=-0.032813524494178271 0.042031405199964275 0.055473584009135657 0.014030873036985858 -0.002008843725827476 0.037926325958881499 0.022905251863974071 -0.02931132296732462 0.14894538367831436 -0.0376705295606952 0.041176994097708031 0.050015194778042019 0.042570799375519754 0.063565776614867509
leaf_weight=3.5230442360043526 17.353950507938862 3.079092264175415 78.6333495862782 91.790643937885761 110.32568231225014 58.628876611590385 56.395617846399546 1.6320447325706471 6.5037464350461942 333.65618617832661 1.6541192494332779 1.9286411032080639 1.3962356746196745
leaf_count=49 114 8 464 832 530 209 1027 9 44 900 8 13 4
internal_value=0.0255293 0.029773 0.0195655 0.00499354 0.0279825 0.0373448 -0.0191187 0.0330063 -0.0077421 0.0384462 -0.0248122 -0.0269344 -0.00545826
internal_weight=766.501 699.972 298.104 109.145 188.959 401.868 66.5297 6.55132 9.58284 392.285 59.9784 58.3243 4.91928
internal_count=4211 3101 1940 946 994 1161 1110 62 52 1109 1048 1040 53
is_linear=0
shrinkage=0.03


Tree=21
num_leaves=15
num_cat=0
split_feature=18 13 17 26 13 29 13 8 27 25 25 8 29 13
split_gain=149.248 56.1887 58.5643 58.9654 29.2492 30.8268 21.1912 31.7626 19.2435 17.4021 11.42 28.9409 0.0078952 0.00265509
threshold=0.0051633691404693533 0.028795333546699903 -0.0035195597848419542 -0.00018365210104249051 0.079766925137766578 0.085232815619349214 0.037052962367281041 0.012113054018323221 0.011164867781168429 0.00014719146284028416 0.00028820673011691647 -0.0081289230469556856 0.050793687712928352 0.049292802798688494
decision_type=2 2 2 2 2 2 2 2 2 2 2 2 2 2
left_child=6 2 8 -4 5 -3 10 13 -2 -6 12 -12 -1 -8
right_child=1 4 3 -5 9 -7 7 -9 -10 -11 11 -13 -14 -15
leaf_value=-0.031796426875554 -0.030714843404182221 0.026839367917346174 0.050256423205319631 0.00042207696764115868 0.060212387260884535 0.046609399303565752 -0.032290246584261634 0.09988829836419974 0.039671095131761806 0.021828894171041491 0.095309480317588638 -0.020333568456209428 -0.03326702825274952 -0.034048069723192229
leaf_weight=41.415452372282743 31.119720317423344 441.72537939250469 39.339000348001719 46.779387373477221 48.451160788536072 84.573860689997673 2.0365230552852149 3.197028998285532 3.9382838383316985 13.618593320250509 2.344480298459529 11.507502574473618 3.5687230117619029 1.2467982172966001
leaf_count=797 288 1840 218 426 71 195 32 8 23 40 27 190 43 13
internal_value=0.0244875 0.0284822 0.00987965 0.0231865 0.0323134 0.0300163 -0.0189077 0.0325808 -0.022808 0.0517907 -0.0245788 -0.000760714 -0.0319131 -0.0329578
internal_weight=774.862 709.545 121.176 86.1184 588.369 526.299 65.3165 6.48035 35.058 62.0698 58.8362 13.852 44.9842 3.28332
internal_count=4211 3101 955 644 2146 2035 1110 53 311 111 1057 217 840 45
is_linear=0
shrinkage=0.03


Tree=22
num_leaves=14
num_cat=0
split_feature=18 18 25 3 25 26 12 23 26 27 25 8 12
split_gain=138.264 53.2511 42.3979 34.7585 21.5711 25.3238 20.2231 26.7451 17.6866 17.5963 10.1511 9.84252 0.000318739
threshold=0.0051633691404693533 0.012085433269519425 -0.00044161127236986788 0.02115893365893665 0.00027196287688886013 0.0037564286513037675 -0.023277691071747538 1.0268892449807672 -0.0006338619197620701 0.012684980270600046 0.00091992996561157724 0.01885310299035883 -0.028723696579315543
decision_type=2 2 2 2 2 2 2 2 2 2 2 2 2
left_child=6 2 9 -4 8 -6 7 -1 -3 -2 11 -8 -9
right_child=1 4 3 -5 5 -7 10 12 -10 -11 -12 -13 -14
leaf_value=0.08748861904680473 -0.035975844458265543 0.047828336496598775 -0.0097692379442993315 0.024999023866244786 0.013020193604901252 0.053087562282388014 -0.029082456464692916 -0.032905787365444181 0.031849145936052717 0.018419925636203646 0.048114432611764194 0.038314119971059789 -0.032296285968622572
leaf_weight=3.5260372832417479 16.605798386037353 134.96136697381735 28.035561963915825 336.32571345567703 60.274494662880898 18.570858985185623 53.740086529403925 1.8270956091582777 115.85966636240482 7.8977452665567389 1.6843890510499466 2.0236083790659896 1.3374574892222879
leaf_count=16 146 292 210 1808 224 41 1027 24 339 41 8 13 22
internal_value=0.0235074 0.0272746 0.0197549 0.0223238 0.0361447 0.0224575 -0.0186962 0.0306656 0.0404472 -0.0184435 -0.024445 -0.0266367 -0.0326482
internal_weight=782.67 718.531 388.865 364.361 329.666 78.8454 64.1387 6.69059 250.821 24.5035 57.4481 55.7637 3.16455
internal_count=4211 3101 2205 2018 896 265 1110 62 631 187 1048 1040 46
is_linear=0
shrinkage=0.03


Tree=23
num_leaves=14
num_cat=0
split_feature=18 29 23 9 18 12 23 1 26 18 25 5 1
split_gain=128.206 51.1684 29.2129 40.9644 33.5444 19.2993 24.0486 16.3152 26.819 20.7009 9.64029 8.9462 0.000542873
threshold=0.0051633691404693533 0.057351777996037516 3.7956885382712451 1.8118625267817976 0.0094785710494408471 -0.023277691071747538 1.0268892449807672 0.040386488856443532 0.0064125877341282981 0.008391569707975088 0.00091992996561157724 0.019477075874674458 0.029950563164186567
decision_type=2 2 2 2 2 2 2 2 2 2 2 2 2
left_child=5 2 3 -2 -4 6 -1 8 -3 -9 11 -7 -8
right_child=1 7 4 -5 -6 10 12 9 -10 -11 -12 -13 -14
leaf_value=0.080974873275997269 0.021088978450941286 0.029984951072760922 0.00043873241778249865 -0.0045015658999887388 0.05110254778306015 -0.028971504702610631 -0.032242470825158485 0.003376324352276955 -0.011197330109599854 0.041112441584649717 0.045588607840158432 0.032678209649234138 -0.033057357161608673
leaf_weight=3.6926876083016387 168.30853829160333 184.65077940002084 16.608059108257294 84.593324836343527 40.305321574211121 52.243796333670616 1.8625939786434176 13.983196340501307 15.420476257801054 203.29975979030132 1.723756581544875 2.2079850137233725 1.2162172459065912
leaf_count=16 1071 577 120 632 117 1021 30 65 75 444 8 19 16
internal_value=0.0225802 0.0261357 0.0168992 0.0125292 0.0363182 -0.0184932 0.0293518 0.0329922 0.0268108 0.0386839 -0.0242605 -0.0264716 -0.0325644
internal_weight=790.116 727.169 309.815 252.902 56.9134 62.947 6.7715 417.354 200.071 217.283 56.1755 54.4518 3.07881
internal_count=4211 3101 1940 1703 237 1110 62 1161 652 509 1048 1040 46
is_linear=0
shrinkage=0.03


Tree=24
num_leaves=15
num_cat=0
split_feature=13 29 7 26 26 18 5 4 24 8 7 25 0 15
split_gain=122.676 44.8495 44.3577 34.4611 38.6667 57.2214 31.5114 23.089 18.0899 15.8398 24.0544 15.1243 6.73944 18.8693
threshold=0.024050396188292206 0.057351777996037516 22948574.736500006 -0.00060459397766948015 -0.0025563712922436871 0.0093114909578136864 0.0065899605164311077 162.50000000000003 0.38178667213198936 -0.011725645205936847 49112348.608000003 -0.00044161127236986788 0.0046892772082391988 0.0052090987466580632
decision_type=2 2 2 2 2 2 2 2 2 2 2 2 2 2
left_child=3 2 6 4 8 -6 -2 -4 -1 10 -3 -11 -5 -14
right_child=1 9 7 12 5 -7 -8 -9 -10 11 -12 -13 13 -15
leaf_value=0.04559927335094506 -0.0096728986636323688 -0.02462067050046193 0.013024894191602368 -0.02733956750481982 0.0057588171862520904 0.10944104074350818 0.026717108756579493 0.035044777143464129 -0.026753654913997501 0.0096412929769522475 0.026602881094260226 0.036447651704527982 -0.032425499769055253 0.13317777281265736
leaf_weight=3.6583018638193634 71.689255800098181 9.8149649724364263 72.648455072194338 52.802817642688751 14.981075894087555 7.0427391901612273 30.539805810898542 104.5072438493371 20.752101968973875 20.0831288844347 51.774226762354374 333.58088984340429 1.9596570096909993 0.90531906485557545
leaf_count=39 683 52 394 813 183 15 199 448 267 74 157 844 33 10
internal_value=0.0217145 0.0262277 0.0169342 -0.00899024 0.010093 0.0389141 0.00119822 0.0260148 -0.0159104 0.0324803 0.0184398 0.0349254 -0.0249081 0.0199044
internal_weight=796.74 694.638 279.385 102.102 46.4342 22.0238 102.229 177.156 24.4104 415.253 61.5892 353.664 55.6678 2.86498
internal_count=4211 2851 1724 1360 504 198 882 842 306 1127 209 918 856 43
is_linear=0
shrinkage=0.03


Tree=25
num_leaves=15
num_cat=0
split_feature=13 18 26 14 18 1 8 28 1 9 28 1 18 18
split_gain=113.513 41.4841 33.0572 38.8846 39.6826 30.2219 41.4587 27.2954 25.4881 32.2342 8.07781 18.7002 0.064595 0.0559687
threshold=0.024050396188292206 0.0061079116556735326 -0.00060459397766948015 0.27106897497364107 0.0093114909578136864 0.045770096998909229 -0.013121186151734974 -0.00024825796400243961 0.023123760218621666 1.4579016160001479 0.0026141778443542723 0.024422857143609158 0.0072393412174038213 0.013954430559755605
decision_type=2 2 2 2 2 2 2 2 2 2 2 2 2 2
left_child=2 8 3 13 -5 6 -3 -7 -2 -10 12 -12 -4 -1
right_child=1 5 10 4 -6 7 -8 -9 9 -11 11 -13 -14 -15
leaf_value=-0.033054457471419857 -0.033033466413055421 -0.010878812460146369 -0.032112388330680058 0.0078188306262390143 0.082813251066772647 0.043601048736189203 0.024905898103861977 0.023769571766403732 0.039279715113683021 -0.016814177761770535 0.028739833962908568 -0.033216317189222806 -0.034998176789502962 -0.040339033216462081
leaf_weight=12.273990921676157 15.336579293012617 31.69336212426424 26.849092461168766 24.748583171516657 8.5419084504246694 148.53032840043306 361.42133017629385 107.79457606375217 19.64970588311553 17.370360437780619 7.3145108222961452 10.94552545249462 9.4337345920503122 1.0288133844733227
leaf_count=181 216 172 491 294 23 347 1406 364 139 207 104 172 89 6
internal_value=0.0208936 0.0251757 -0.00882006 0.00973695 0.0270614 0.0272466 0.0220209 0.0352611 -0.000512903 0.0129596 -0.0246724 -0.00839824 -0.0328627 -0.0336178
internal_weight=802.932 701.796 101.136 46.5933 33.2905 649.44 393.115 256.325 52.3566 37.0201 54.5429 18.26 36.2828 13.3028
internal_count=4211 2851 1360 504 317 2289 1578 711 562 346 856 276 580 187
is_linear=0
shrinkage=0.03


Tree=26
num_leaves=15
num_cat=0
split_feature=18 18 25 1 25 1 11 13 8 27 25 7 13 13
split_gain=106.341 41.7471 37.2422 26.1591 19.5497 23.8657 22.0134 18.0725 23.9481 16.2546 11.363 26.9311 0.0033366 0.00251633
threshold=0.0051633691404693533 0.012085433269519425 -0.00044161127236986788 0.028670231226548597 0.00027196287688886013 0.022935603292386798 0.0042198258190693227 0.037052962367281041 0.012113054018323221 0.012684980270600046 0.00028820673011691647 23313462.920500007 0.027776201147379987 0.049292802798688494
decision_type=2 2 2 2 2 2 2 2 2 2 2 2 2 2
left_child=7 2 9 -4 6 -6 -3 10 13 -2 12 -12 -1 -9
right_child=1 4 3 -5 5 -7 -8 8 -10 -11 11 -13 -14 -15
leaf_value=-0.031605614382325967 -0.036114262920979856 0.0080779316984012327 0.0084481654760948897 0.024875432644492362 -0.040327857898186319 0.022606835635532202 0.037732509138989082 -0.032123499756842831 0.081499101726402623 0.01551227075670877 -0.032179744086180115 0.056286252064031463 -0.03232150105382553 -0.033884228342826728
leaf_weight=33.544337175786495 16.537675186991695 24.900741703808308 135.83912438899279 243.87502666190267 5.8367155864834777 76.500637084245682 236.55218516290188 1.8705723285675042 3.5658976919949055 8.2153411731123906 8.4697478078305704 4.8822330199182025 7.0996221639215937 1.1985925026237962
leaf_count=724 146 82 927 1091 33 232 549 32 8 41 166 51 116 13
internal_value=0.0201112 0.0232075 0.0166745 0.0189987 0.0308936 0.0181455 0.0349082 -0.0181012 0.0286229 -0.0189798 -0.0238427 0.000168386 -0.0317307 -0.0328111
internal_weight=808.888 748.257 404.467 379.714 343.79 82.3374 261.453 60.631 6.63506 24.753 53.9959 13.352 40.644 3.06916
internal_count=4211 3101 2205 2018 896 265 631 1110 53 187 1057 217 840 45
is_linear=0
shrinkage=0.03


Tree=27
num_leaves=15
num_cat=0
split_feature=13 29 7 26 14 18 11 4 8 7 24 14 0 26
split_gain=99.4409 39.2964 37.9134 31.2938 36.291 34.0406 29.2027 20.3215 13.9079 21.5678 13.2743 7.56346 16.1841 5.88665
threshold=0.024050396188292206 0.057351777996037516 22948574.736500006 -0.00060459397766948015 0.27106897497364107 0.0093114909578136864 0.00036877135149207871 162.50000000000003 -0.011725645205936847 49112348.608000003 0.51105945482576309 0.98353212252643096 0.00042393840666896592 0.0044806392461239014
decision_type=2 2 2 2 2 2 2 2 2 2 2 2 2 2
left_child=3 2 6 4 -1 -6 -2 -4 9 -3 -10 13 -13 -5
right_child=1 8 7 11 5 -7 -8 -9 10 -11 -12 12 -14 -15
leaf_value=-0.033540938084323547 0.056137976990158232 -0.024775076314116681 0.010888086986520109 -0.032837516815650773 0.0074622246654686437 0.075569220890725902 -0.0042716560953973293 0.031190192794567577 0.040577381230946029 0.023597873931610346 0.027772839764502039 -0.033288979739369888 0.12256267247989859 -0.0091389041901834677
leaf_weight=12.924837265163658 7.7845723256468764 9.8259104266762716 74.906411502510309 38.033714272081852 24.871275100857019 8.9928728342056257 96.235542647540569 108.8571686707437 100.81342814862728 53.260646820068359 262.85000804811716 1.5747053362429135 0.96847102418541897 12.54474640265107
leaf_count=187 33 52 394 634 294 23 849 448 238 157 680 23 12 187
internal_value=0.0193695 0.0232893 0.0147221 -0.00866406 0.00922585 0.0255485 0.000249231 0.0229146 0.0290668 0.0160636 0.0313225 -0.0244213 0.0260611 -0.0269597
internal_weight=814.444 714.534 287.784 99.9106 46.789 33.8641 104.02 183.764 426.75 63.0866 363.663 53.1216 2.54318 50.5785
internal_count=4211 2851 1724 1360 504 317 882 842 1127 209 918 856 35 821
is_linear=0
shrinkage=0.03


Tree=28
num_leaves=13
num_cat=0
split_feature=18 29 7 23 25 12 6 15 12 13 1 28
split_gain=94.5372 40.0555 29.2025 27.7243 23.527 19.9406 19.1501 13.8312 20.718 10.251 7.92353 7.60873
threshold=0.0050547399464996477 0.057351777996037516 22948574.736500006 0.45337717944839079 0.0001338148338069674 -0.023277691071747538 547472.50000000012 -0.03541618623937344 -0.043464284179539674 0.040740634030088048 0.048681264586468535 -0.0042594076681982994
decision_type=2 2 2 2 2 2 2 2 2 2 2 2
left_child=5 2 3 -2 -4 6 10 -3 -9 11 -1 -7
right_child=1 7 4 -5 -6 9 -8 8 -10 -11 -12 -13
leaf_value=-0.032688162250597438 0.08113442853490456 0.050190940179494943 0.027992963874889382 -0.0011754121833050175 0.0071364118012497155 0.017798070480894726 0.10517407283253254 0.0075109747006652829 0.028493796539266123 0.042528331009197284 0.054612918887156074 -0.031742888905739418
leaf_weight=2.9955902062356463 3.8061282634735099 22.576506152749062 130.13565362617373 113.83120477944613 77.76508716866374 2.979778751730918 2.0828834101557732 47.853339612483978 368.32057312130928 1.8980236798524845 1.3606734313070772 43.841454856097698
leaf_count=44 17 28 586 964 420 47 8 149 988 17 3 940
internal_value=0.0186685 0.0214059 0.0134327 0.0014877 0.0201916 -0.0192617 0.0303542 0.0273217 0.0260811 -0.0258194 -0.00541978 -0.02859
internal_weight=819.447 764.288 325.538 117.637 207.901 55.1584 6.43915 438.75 416.174 48.7193 4.35626 46.8212
internal_count=4211 3152 1987 981 1006 1059 55 1165 1137 1004 47 987
is_linear=0
shrinkage=0.03


Tree=29
num_leaves=15
num_cat=0
split_feature=13 29 5 7 26 14 14 26 9 26 27 28 1 29
split_gain=87.6424 33.6368 36.4215 37.8681 29.6695 34.0352 29.8093 12.4848 47.5427 20.2868 11.2757 8.18413 18.0317 0.0698296
threshold=0.024050396188292206 0.057351777996037516 0.016488136029025626 22948574.736500006 -0.00060459397766948015 0.27106897497364107 0.49241069666469367 0.0064125877341282981 2.1864094462638097 0.0058195437962758221 0.0044695928056478406 0.0026141778443542723 0.024422857143609158 0.058210421201953556
decision_type=2 2 2 2 2 2 2 2 2 2 2 2 2 2
left_child=4 2 3 -2 5 -1 -7 9 -9 -3 -4 13 -13 -6
right_child=1 7 10 -5 11 6 -8 8 -10 -11 -12 12 -14 -15
leaf_value=-0.033493727009510484 -0.004769521642830306 0.027450478373987619 0.028051766938443582 0.018870400695958196 -0.03231178553063084 0.057606300220394896 0.00082679540451801995 -0.019752580599717181 0.053289615086152105 0.07788784758779424 0.070729105962277425 0.028267990523947819 -0.033172456318638299 -0.036709240366941141
leaf_weight=12.566855028271673 93.382521085441113 393.25693109631538 10.581381492316725 175.78342227637768 30.434057865291834 14.145840909332035 20.211851522326469 20.162887655198574 13.317182242870329 7.3105671554803839 11.768603794276713 7.3568071387708214 10.343189135193823 3.6385152675211421
leaf_count=187 841 1001 41 817 552 100 217 93 23 10 25 104 172 28
internal_value=0.0179985 0.0216064 0.0137245 0.0106689 -0.0085251 0.00875213 0.0242042 0.0269 0.00930101 0.028371 0.0505239 -0.0241845 -0.00763542 -0.0327814
internal_weight=824.261 725.563 291.516 269.166 98.6971 46.9245 34.3577 434.048 33.4801 400.567 22.35 51.7726 17.7 34.0726
internal_count=4211 2851 1724 1658 1360 504 317 1127 116 1011 66 856 276 580
is_linear=0
shrinkage=0.03


Tree=30
num_leaves=14
num_cat=0
split_feature=18 18 25 3 12 25 29 23 29 13 13 8 12
split_gain=84.7793 35.3042 33.8583 27.5099 18.7724 17.1349 20.7523 17.1323 16.3633 15.5748 9.4113 2.61851 0.000750453
threshold=0.0050547399464996477 0.012085433269519425 -0.00044161127236986788 0.02115893365893665 -0.023277691071747538 0.00027196287688886013 0.084203140990917594 1.0268892449807672 0.079851050041585561 0.079766925137766578 0.040740634030088048 -0.0081289230469556856 -0.028723696579315543
decision_type=2 2 2 2 2 2 2 2 2 2 2 2 2
left_child=4 2 8 -4 7 9 -7 -1 -2 -3 11 -6 -9
right_child=1 5 3 -5 10 6 -8 12 -10 -11 -12 -13 -14
leaf_value=0.067418263028740655 -0.029759840607037218 0.027180651336866365 -0.011763026863543476 0.018407200025146397 -0.012520796576250545 0.0045381105368144355 0.035977893696248958 -0.032850522553897782 0.03835348638206354 0.045902046191472388 0.038270955628249191 -0.031710895297003557 -0.031789766657683863
leaf_weight=3.9869602210819712 21.479171648621563 220.26027695089579 29.381498627364635 366.40753011405468 7.7132496349513522 56.211171388626099 28.462781608104706 1.5440797843039038 3.7247649431228629 48.866063937544823 1.9866229556500901 37.570450507104397 0.98200369253754605
leaf_count=15 180 563 214 1851 152 206 59 21 11 68 17 835 19
internal_value=0.0173629 0.0198912 0.0140206 0.0161675 -0.0190595 0.0268767 0.0151065 0.028689 -0.0196937 0.03058 -0.0256385 -0.0284422 -0.0324382
internal_weight=828.577 774.793 420.993 395.789 53.7834 353.8 84.674 6.51304 25.2039 269.126 47.2703 45.2837 2.52608
internal_count=4211 3152 2256 2065 1059 896 265 55 191 631 1004 987 40
is_linear=0
shrinkage=0.03


Tree=31
num_leaves=14
num_cat=0
split_feature=18 1 26 28 28 27 12 6 5 0 26 7 5
split_gain=79.3856 34.2772 30.9975 35.0343 30.7634 33.9124 17.9825 15.6832 13.6883 8.93578 9.45526 7.99213 7.49904
threshold=0.0050547399464996477 0.045770096998909229 0.0079402470410583712 -0.0030088396001691458 -0.00024825796400243961 0.012182040611423634 -0.023277691071747538 547472.50000000012 -0.018346212681275689 -0.0094425011141527748 -0.0073223439766216545 76425709.524500027 0.016488136029025626
decision_type=2 2 2 2 2 2 2 2 2 2 2 2 2
left_child=6 2 3 -2 8 -6 7 12 -3 -8 -11 -4 -1
right_child=1 4 11 -5 5 -7 9 -9 -10 10 -12 -13 -14
leaf_value=-0.032641299235417996 -0.0041908770534414309 0.001114489632085126 -0.038306913137881468 0.019174307347115366 -6.53683735587614e-05 0.032024899504389213 0.036452652495332354 0.09130029039370291 0.038205159659561047 0.029666271810764592 -0.031603610193280278 0.0029871012323287541 0.05349377854721446
leaf_weight=2.9638510011136523 67.132949579507113 9.5123891383409482 11.931125894188883 413.49549740552902 59.463554546236992 59.091194964945316 2.0064513459801665 2.2742235884070396 152.81483178585768 2.3968962393701068 41.77922311425209 6.5252249985933295 1.3125246688723562
leaf_count=45 344 36 89 1891 257 155 17 8 351 33 954 29 2
internal_value=0.0167551 0.0191636 0.0144456 0.0159107 0.0275469 0.0159294 -0.018869 0.0276471 0.0360316 -0.0254669 -0.0282792 -0.0237075 -0.00620433
internal_weight=832.7 779.967 499.085 480.628 280.882 118.555 52.7332 6.5506 162.327 46.1826 44.1761 18.4564 4.27638
internal_count=4211 3152 2353 2235 799 412 1059 55 387 1004 987 118 47
is_linear=0
shrinkage=0.03


Tree=32
num_leaves=15
num_cat=0
split_feature=18 13 4 25 5 16 26 11 12 23 7 8 26 13
split_gain=74.3686 32.3466 33.1734 39.107 28.4357 14.6786 15.188 15.013 14.3869 20.3472 14.607 9.28117 9.69078 0.00119399
threshold=0.0051633691404693533 0.062786267653425945 162.50000000000003 -0.00044161127236986788 0.016070875521143582 0.75000000000000011 0.0029900381064641864 0.020679575497514032 -0.01850399990083763 1.0070842655676919 58789638.199000008 0.01885310299035883 -0.0073223439766216545 0.031717143219822351
decision_type=2 2 2 2 2 2 2 2 2 2 2 2 2 2
left_child=8 2 4 -4 -2 7 -7 -3 9 10 -1 12 -10 -11
right_child=1 5 3 -5 -6 6 -8 -9 11 13 -12 -13 -14 -15
leaf_value=0.0020960554908280508 0.0042099349357583461 0.022616633477862188 -0.022728899594787681 0.023470459794305829 0.037492559933163382 -0.018353984806152128 0.030970156238781424 0.04447626333879811 0.031186472907678738 -0.031832540814037802 0.092297513449263346 0.039089381250368975 -0.03159025684240873 -0.032762505401560893
leaf_weight=3.1883100308477861 235.88010093197227 46.833910018205643 17.278479926288128 361.43408037722111 25.611711531877518 9.9285212755203265 12.943041265010832 71.36174288392067 2.3433900550007811 3.0142215564846992 3.2759227305650711 1.935236271470784 39.809480335563421 2.1139654703438282
leaf_count=31 1193 119 108 1420 78 36 28 119 33 61 6 11 937 31
internal_value=0.0161662 0.0185535 0.0156881 0.0213626 0.00746979 0.0315576 0.0095586 0.0358146 -0.0173315 0.0124075 0.0478081 -0.0251511 -0.0281003 -0.0322159
internal_weight=836.952 781.272 640.204 378.713 261.492 141.067 22.8716 118.196 55.6805 11.5924 6.46423 44.0881 42.1529 5.12819
internal_count=4211 3101 2799 1528 1271 302 64 238 1110 129 37 981 970 92
is_linear=0
shrinkage=0.03


Tree=33
num_leaves=15
num_cat=0
split_feature=13 29 5 8 26 14 20 3 8 26 24 28 5 29
split_gain=71.1463 29.3255 31.4133 37.4821 27.493 31.3181 27.2395 25.8553 12.5325 19.7752 11.3638 8.23577 17.1615 0.0722281
threshold=0.024050396188292206 0.057351777996037516 -0.0019384442332379033 -0.022636781585878559 -0.00060459397766948015 0.27106897497364107 -0.0016866450882144794 0.73975843123831375 -0.011725645205936847 0.005183605913485591 0.51105945482576309 0.0026141778443542723 -0.0019384442332379033 0.058210421201953556
decision_type=2 2 2 2 2 2 2 2 2 2 2 2 2 2
left_child=4 2 3 -2 5 -1 -7 -4 9 -3 -10 13 -13 -6
right_child=1 8 7 -5 11 6 -8 -9 10 -11 -12 12 -14 -15
leaf_value=-0.033519775320756208 0.035779950574216353 0.016789952884334457 0.029404793042229378 -0.0084734303273537714 -0.032321992030700929 0.034889700174424547 -0.033435642179365434 0.0066702176276144673 0.034138590010252719 -0.040339210282777434 0.022532735865632675 0.027309189661835351 -0.032996220347379479 -0.036804857603758033
leaf_weight=12.175776608288286 20.965675249695778 59.90668760985136 101.3959831930697 96.560146361589432 29.160372439771891 28.582457952201363 6.4334479160606888 80.976000737398863 105.26705399900675 5.9992564842104903 272.45082341879606 7.407359246164563 9.9543937742710096 3.638318642973899
leaf_count=187 71 175 499 677 552 224 93 477 238 34 680 102 174 28
internal_value=0.0156047 0.0187623 0.011516 -0.000578978 -0.00851137 0.00792508 0.0223363 0.0193103 0.0236609 0.0115896 0.0257672 -0.023975 -0.00726703 -0.0328193
internal_weight=840.874 743.522 299.898 117.526 97.3521 47.1917 35.0159 182.372 443.624 65.9059 377.718 50.1604 17.3618 32.7987
internal_count=4211 2851 1724 748 1360 504 317 976 1127 209 918 856 276 580
is_linear=0
shrinkage=0.03


Tree=34
num_leaves=14
num_cat=0
split_feature=18 18 25 3 12 25 26 11 29 23 13 26 12
split_gain=66.9108 30.9155 29.8551 24.9421 16.5508 15.7208 20.151 19.0706 15.3799 14.111 8.68007 8.84617 0.000716969
threshold=0.0050547399464996477 0.012085433269519425 -0.00044161127236986788 0.0083387639024833562 -0.023277691071747538 0.00027196287688886013 0.0037564286513037675 0.0042198258190693227 0.079851050041585561 1.0268892449807672 0.040740634030088048 -0.0073223439766216545 -0.028723696579315543
decision_type=2 2 2 2 2 2 2 2 2 2 2 2 2
left_child=4 2 8 -4 9 7 -7 -3 -2 -1 11 -6 -11
right_child=1 5 3 -5 10 6 -8 -9 -10 12 -12 -13 -14
leaf_value=0.058941635469505087 -0.029809070796489982 0.0027356144094026176 -0.016902189049810709 0.015549906476858147 0.026453591968501992 0.0045088489779824686 0.038644952016508208 0.029760998028055 0.035538477740545825 -0.032748204404825031 0.035225759860247348 -0.031564910838029203 -0.03167950259317142
leaf_weight=4.2055776529014102 21.371400993317369 25.955920666456223 22.563621297478676 385.24708961322904 2.5168491452932349 66.175971873104572 20.349508196115494 248.33328877389431 3.8209557607769957 1.4748608320951464 2.0455030389130107 39.249174579977989 0.91578691080212582
leaf_count=15 180 82 175 1890 33 224 41 549 11 21 17 954 19
internal_value=0.0150726 0.0172009 0.0117965 0.0137544 -0.0184434 0.0236865 0.0125372 0.0272036 -0.0198977 0.0258592 -0.0251135 -0.0280687 -0.0323388
internal_weight=844.226 793.818 433.003 407.811 50.4078 360.815 86.5255 274.289 25.1924 6.59623 43.8115 41.766 2.39065
internal_count=4211 3152 2256 2065 1059 896 265 631 191 55 1004 987 40
is_linear=0
shrinkage=0.03


Tree=35
num_leaves=15
num_cat=0
split_feature=13 1 18 1 26 26 18 13 5 23 28 28 1 29
split_gain=63.3444 28.2081 33.6507 28.9374 26.1188 29.9042 37.9988 22.3229 23.9323 16.5696 11.3544 8.23095 17.482 0.0691195
threshold=0.024050396188292206 0.027121047765276369 0.0058133615413815563 0.026548145806995393 -0.00060459397766948015 -0.0025563712922436871 0.0057864166362805707 0.079766925137766578 -0.0030643316393259971 0.42957965577444285 -0.0050786961451266856 0.0026141778443542723 0.024422857143609158 0.058210421201953556
decision_type=2 2 2 2 2 2 2 2 2 2 2 2 2 2
left_child=4 2 -2 -4 5 9 -7 8 -3 -1 -9 13 -13 -6
right_child=1 7 3 -5 11 6 -8 10 -10 -11 -12 12 -14 -15
leaf_value=0.10039946276453653 -0.033066204901434144 0.0099051127884607331 0.014380315680707608 -0.041272403169369573 -0.032275961454913057 -0.031964809205353988 0.054338259666994189 0.056934508611249671 0.023486417996012577 -0.021636777916905908 0.029281744582284885 0.027921682449213503 -0.033270196881309368 -0.036701499615869125
leaf_weight=1.0476056337356592 17.002493936568499 181.8504549600184 152.32773850113153 8.9000025987625104 28.175625929608945 6.2470750622451332 17.32614329457283 18.843857318162918 326.30887976661325 22.668094644322991 45.952292025089264 7.366688851267102 9.7807928621768934 3.5797686018049708
leaf_count=1 258 721 668 51 552 130 68 17 1050 305 86 104 172 28
internal_value=0.0145632 0.0174983 0.00707505 0.0113082 -0.00835826 0.00753877 0.0314673 0.0207407 0.0186262 -0.016246 0.0373237 -0.0237306 -0.0069817 -0.0327748
internal_weight=847.378 751.186 178.23 161.228 96.1918 47.2889 23.5732 572.955 508.159 23.7157 64.7961 48.9029 17.1475 31.7554
internal_count=4211 2851 977 719 1360 504 198 1874 1771 306 103 856 276 580
is_linear=0
shrinkage=0.03


Tree=36
num_leaves=14
num_cat=0
split_feature=18 29 17 23 25 13 28 12 25 23 13 26 12
split_gain=59.2453 29.0454 37.3058 41.6137 32.0795 22.2517 20.5717 15.6754 14.5825 12.9277 8.30585 8.77999 0.000707005
threshold=0.0050547399464996477 0.046106216459799475 -0.0010036601361115129 3.7956885382712451 -0.00022115147749914168 0.079766925137766578 0.00024596161941539387 -0.023277691071747538 0.00014719146284028416 1.0268892449807672 0.040740634030088048 -0.0073223439766216545 -0.028723696579315543
decision_type=2 2 2 2 2 2 2 2 2 2 2 2 2
left_child=7 2 3 -2 -4 6 -3 9 -7 -1 11 -9 -11
right_child=1 5 4 -5 -6 8 -8 10 -10 12 -12 -13 -14
leaf_value=0.05584255450960942 -0.024325546051407916 0.021860195248932165 -0.019087190517601178 0.021905476866541245 0.025188580794153644 0.04370237324896669 0.010025145944956361 0.026338615553274811 0.0075264390688998444 -0.032675926842267916 0.03369703026421584 -0.031499386911513216 -0.031593970433335908
leaf_weight=4.2771091535687438 55.294486474245787 339.54901880398393 17.803686898201704 25.652556654065847 85.246413145214319 48.845418617129326 216.43917197734118 2.5211828239262095 12.619414418935774 1.4307171404361727 2.0757759362459174 37.450930899009109 0.87659204751253117
leaf_count=15 511 962 161 103 504 63 815 33 33 21 17 954 19
internal_value=0.014078 0.0160289 0.00556681 -0.00967468 0.0175392 0.0191465 0.017253 -0.018073 0.0362751 0.024968 -0.0248129 -0.0278513 -0.0322649
internal_weight=850.082 801.45 183.997 80.947 103.05 617.453 555.988 48.6323 61.4648 6.58442 42.0479 39.9721 2.30731
internal_count=4211 3152 1279 614 665 1873 1777 1059 96 55 1004 987 40
is_linear=0
shrinkage=0.03


Tree=37
num_leaves=15
num_cat=0
split_feature=29 23 17 7 28 26 11 28 24 26 25 17 20 7
split_gain=51.8131 32.8149 40.8183 28.3916 26.8929 23.4138 27.0734 20.0121 36.2271 28.6577 18.8129 26.9987 17.2634 13.6869
threshold=0.046106216459799475 3.4676184836819091 -0.00018049383160044635 6959640.0200000014 -0.0014348918369377747 -0.0073223439766216545 0.012223087679701641 0.00019137072142894282 0.73766216251680594 -0.0025563712922436871 0.00041867637370380899 0.0010196061382681464 -0.025388562152774331 3740421161.2320008
decision_type=2 2 2 2 2 2 2 2 2 2 2 2 2 2
left_child=1 2 13 10 -4 -3 -7 9 -9 -5 12 -12 -2 -1
right_child=3 5 4 7 -6 6 -8 8 -10 -11 11 -13 -14 -15
leaf_value=-0.023912655336207657 0.014890244310480732 0.058093626011537634 0.03396818627799205 0.014837446196516542 -0.0024786697343463487 -0.025786249061739364 0.024566643154295097 0.01918420164994428 -0.0096378227670434746 0.031765859979468535 -0.037596895724443934 0.052746685925113182 -0.03645216202149943 0.076073114739212022
leaf_weight=72.828503439202905 8.5757756792008895 11.767721012234686 25.454920614138246 165.04133944585919 64.109893413260579 13.176226291805504 35.510405754670501 173.74006519466639 50.702885054051876 197.94874677062035 4.445218000560998 9.0140056833624822 18.848608275875449 1.2533776909112919
leaf_count=950 49 30 202 459 786 104 153 582 204 469 33 20 168 2
internal_value=0.0136154 0.00123075 -0.00574667 0.0180326 0.00787977 0.0201182 0.0109395 0.0197149 0.0126731 0.024069 -0.00614047 0.0229086 -0.0203971 -0.022221
internal_weight=852.418 224.101 163.647 628.317 89.5648 60.4544 48.6866 587.433 224.443 362.99 40.8836 13.4592 27.4244 74.0819
internal_count=4211 2227 1940 1984 988 287 257 1714 786 928 270 53 217 952
is_linear=0
shrinkage=0.03


Tree=38
num_leaves=15
num_cat=0
split_feature=18 1 8 26 7 28 25 25 8 25 8 8 29 8
split_gain=53.7298 27.3314 31.8017 33.3222 28.2167 26.1849 36.9103 32.8056 13.6486 11.2181 8.77483 27.9911 0.0242409 0.00221056
threshold=0.0050547399464996477 0.045770096998909229 -0.013121186151734974 -0.0070611942731100717 101008154.79800002 -0.00024825796400243961 -0.00027410915263091797 -0.000152581626249253 0.012113054018323221 -0.00027410915263091797 -0.0081289230469556856 -0.0087043831872526938 0.059072083041905359 0.01809920171405505
decision_type=2 2 2 2 2 2 2 2 2 2 2 2 2 2
left_child=8 2 4 -4 -2 7 -7 -3 10 -10 11 -1 -12 -11
right_child=1 5 3 -5 -6 6 -8 -9 9 13 12 -13 -14 -15
leaf_value=-0.031603471909316359 -0.038200969169847318 -0.019639626449789331 -0.017745783833966463 0.015074698718068285 0.011945833353119762 0.036013128983365408 0.00062484644565569505 0.033644936956547362 0.049338709497073606 -0.031527165422767872 -0.031380932609488515 0.088855429693963969 -0.035303079247932162 -0.033470145258116132
leaf_weight=6.1038336306810379 21.498078398406506 11.1414692774415 29.689382750540972 447.20928820967674 19.044802222400904 38.828788850456476 83.71807212382555 156.02456223219633 4.4659428503364325 1.4814437460154288 30.711765075102448 2.4262488763779384 1.4868808910250653 0.81797585077583779
leaf_count=144 158 51 161 1960 74 96 316 336 23 35 811 22 14 10
internal_value=0.0131691 0.0149937 0.010863 0.0130315 -0.0146448 0.0223714 0.0118376 0.0300936 -0.0178404 0.021619 -0.0243949 0.00265918 -0.0315621 -0.0322183
internal_weight=854.649 807.154 517.442 476.899 40.5429 289.713 122.547 167.166 47.4941 6.76536 40.7287 8.53008 32.1986 2.29942
internal_count=4211 3152 2353 2121 232 799 412 387 1059 68 991 166 825 45
is_linear=0
shrinkage=0.03


Tree=39
num_leaves=14
num_cat=0
split_feature=18 18 25 3 12 0 28 27 3 1 0 26 23
split_gain=50.5709 25.7804 26.7038 21.8021 14.6102 14.4523 24.6286 14.0893 13.3397 11.7895 8.13794 8.13187 0.00142358
threshold=0.0050547399464996477 0.012085433269519425 -0.00044161127236986788 0.02115893365893665 -0.023277691071747538 0.00079073277370627336 0.00024596161941539387 0.012684980270600046 0.91217682877688888 0.030824826341719215 -0.0094425011141527748 -0.0073223439766216545 1.2703972439077285
decision_type=2 2 2 2 2 2 2 2 2 2 2 2 2
left_child=4 2 7 -4 9 8 -7 -2 -3 12 -6 -12 -1
right_child=1 5 3 -5 10 6 -8 -9 -10 -11 11 -13 -14
leaf_value=-0.033282174088085044 -0.03662574606476883 0.027403375297583125 -0.013149970290062755 0.013333285232451969 0.034129347588843804 0.019844448085881379 -0.010571367942428304 0.010513589963288016 0.0060671928714690782 0.052626102169785173 0.023136027226965224 -0.031380696634039543 -0.031759166779045604
leaf_weight=1.0985006242990487 16.525442991405729 209.14924935996532 30.14850202575326 388.37698641419411 2.0256370995193711 95.391771785914898 31.996400900185108 8.7162818014621717 30.177992142736912 4.3361411392688751 2.6468462869524947 35.353283939883113 1.111000634729862
leaf_count=14 150 465 214 1851 17 230 114 41 87 18 33 954 23
internal_value=0.0127353 0.0144821 0.00961827 0.0114256 -0.0176651 0.020368 0.0122048 -0.0203479 0.024713 0.023886 -0.0244602 -0.0275834 -0.0325164
internal_weight=857.054 810.483 443.767 418.525 46.5714 366.715 127.388 25.2417 239.327 6.54564 40.0258 38.0001 2.2095
internal_count=4211 3152 2256 2065 1059 896 344 191 552 55 1004 987 37
is_linear=0
shrinkage=0.03


Tree=40
num_leaves=15
num_cat=0
split_feature=13 13 26 14 14 26 28 1 28 26 28 28 29 29
split_gain=49.7698 24.2477 23.9107 27.4798 23.6362 22.3181 30.2217 12.5604 12.2581 18.7698 8.35955 21.5125 0.0759192 0.0743034
threshold=0.024050396188292206 0.072260308881016061 -0.00060459397766948015 0.27106897497364107 0.49241069666469367 0.0079402470410583712 0.003220449226807419 0.052711551432267814 -0.0050786961451266856 0.0028953008431828317 0.0026141778443542723 0.0026785413657113466 0.058210421201953556 0.050244662236799832
decision_type=2 2 2 2 2 2 2 2 2 2 2 2 2 2
left_child=2 5 3 13 -5 6 -2 -7 -3 -10 12 -12 -4 -1
right_child=1 8 10 4 -6 7 -8 -9 9 -11 11 -13 -14 -15
leaf_value=-0.032366378460282175 0.011688170649129484 0.049525158376653285 -0.032267555535135647 0.048026914152165152 -0.0013198912395154297 -0.030141898474368489 0.033163844206131179 0.018629255537580627 0.012662223230956775 0.044369484878262401 0.13956044757338781 -0.01432355313223441 -0.036912623469883207 -0.038195713209457541
leaf_weight=8.9040249269455654 580.71616307273507 20.525649547576904 26.680166278034452 15.268682982772587 20.417335281148553 16.499785836786035 65.641110956668854 6.6751611903309813 49.774998307228088 25.365900903940201 0.86215034872293728 15.825705820694564 3.5932079888880244 2.5263033509254447
leaf_count=170 2331 21 552 100 217 114 211 19 119 36 6 270 28 17
internal_value=0.0123191 0.0148507 -0.00827214 0.00682723 0.0197937 0.012832 0.0138691 -0.0160942 0.0289785 0.0233659 -0.0234214 -0.00637339 -0.0328189 -0.0336548
internal_weight=859.276 765.199 94.0776 47.1163 35.686 669.532 646.357 23.1749 95.6665 75.1409 46.9612 16.6879 30.2734 11.4303
internal_count=4211 2851 1360 504 317 2675 2542 133 176 155 856 276 580 187
is_linear=0
shrinkage=0.03


Tree=41
num_leaves=15
num_cat=0
split_feature=13 29 1 8 5 3 7 5 25 13 8 29 13 7
split_gain=46.6939 28.6138 24.6812 25.0747 21.1327 28.687 27.7901 22.7784 15.0188 18.0393 10.0141 0.0258896 0.0202175 0.0104045
threshold=0.028795333546699903 0.028047799383313053 0.02122120537731324 -0.010517594601672323 0.016488136029025626 0.91217682877688888 1459643613.2280004 -0.0034719453057339808 3.7525433115442088e-05 0.041269755466658196 0.020031352308290836 0.051459694206313897 0.024215823895695505 25339366.720000003
decision_type=2 2 2 2 2 2 2 2 2 2 2 2 2 2
left_child=1 12 11 -4 5 7 -7 -2 10 -10 -6 -3 -1 -14
right_child=4 2 3 -5 8 6 -8 -9 9 -11 -12 -13 13 -15
leaf_value=-0.03188671899786151 0.0087256144256307542 -0.033020616894315603 -0.026803173269898554 0.012090204826518907 0.056319117165387234 -0.012504530719580031 0.073494375799964318 0.020771210842155469 0.035756952006295077 -0.02737838725248521 0.020907211507996393 -0.036240579654489916 -0.0326494251687591 -0.035310145132946759
leaf_weight=18.919751720502976 238.77383053675294 12.237259741872547 17.156368600204587 114.37529340200126 23.582370802760124 51.261144459247589 3.6206546723842612 346.06574598699808 10.405687443912031 6.6926846355199805 10.337749339640139 2.7528880648314944 2.6360200420022002 2.6548749879002571
leaf_count=450 876 206 186 953 36 248 4 1083 24 27 26 23 44 25
internal_value=0.0119167 -0.00213181 0.00286051 0.00701714 0.0153891 0.0139072 -0.00683102 0.0158533 0.0339703 0.0110444 0.0455267 -0.033612 -0.0323452 -0.0339845
internal_weight=861.472 170.732 146.522 131.532 690.74 639.721 54.8818 584.84 51.0185 17.0984 33.9201 14.9901 24.2106 5.2909
internal_count=4211 1887 1368 1139 2324 2211 252 1959 113 51 62 229 519 69
is_linear=0
shrinkage=0.03


Tree=42
num_leaves=15
num_cat=0
split_feature=18 26 26 25 1 11 25 18 8 9 8 8 29 8
split_gain=44.5359 24.4391 75.3872 54.272 38.8544 36.3362 40.8853 26.1708 12.3021 15.2785 8.75478 24.108 0.0234886 0.0034451
threshold=0.0050547399464996477 -0.00060459397766948015 -0.0025563712922436871 0.00043110765201424605 0.051860965249700637 0.017636909639815072 0.00046462623231768142 0.005597431294697852 0.012113054018323221 0.74788850977985477 -0.0081289230469556856 -0.0087043831872526938 0.059072083041905359 0.019558953009001106
decision_type=2 2 2 2 2 2 2 2 2 2 2 2 2 2
left_child=8 2 4 -4 -2 7 -7 -3 10 -10 11 -1 -12 -11
right_child=1 5 3 -5 -6 6 -8 -9 9 13 12 -13 -14 -15
leaf_value=-0.031509961047761478 -0.0011480087891962234 0.038917202436114642 0.038757431854411543 -0.029008881945992802 0.025486252498139905 0.0098588231587462133 0.042590952780406179 -0.0074379389867069113 0.059287058239593786 -0.031455563552579557 -0.031318191444742745 0.078330184220218702 -0.035230305585846146 -0.033704910867963157
leaf_weight=5.6803175508975983 154.56761831790209 11.909150417894123 152.68385158851743 11.432736307382582 72.3775315284729 237.67951779067516 40.145896941423416 137.72714878246188 3.8294411748647681 1.9997320827096703 28.726891152560714 2.6315074041485769 1.451032668352126 0.88359396532177914
leaf_count=144 685 104 405 61 167 877 101 752 8 50 811 22 14 10
internal_value=0.0115268 0.0131277 0.0185474 0.0340367 0.00734621 0.00816952 0.0145886 -0.00374866 -0.0174615 0.0200144 -0.0239974 0.00326521 -0.0315063 -0.0321449
internal_weight=863.726 818.523 391.062 164.117 226.945 427.462 277.825 149.636 45.2025 6.71277 38.4897 8.31182 30.1779 2.88333
internal_count=4211 3152 1318 466 852 1834 978 856 1059 68 991 166 825 60
is_linear=0
shrinkage=0.03


Tree=43
num_leaves=15
num_cat=0
split_feature=13 13 26 26 26 26 18 25 3 20 1 13 13 15
split_gain=42.7121 23.0821 22.8362 22.877 22.2483 25.059 28.9173 13.7985 16.3265 13.4286 12.2386 8.14562 20.3887 5.77084
threshold=0.024050396188292206 0.079766925137766578 0.0079402470410583712 -0.0026459230119469817 -0.00060459397766948015 -0.0025563712922436871 0.0057864166362805707 0.00014719146284028416 0.56714431506028717 -0.021551374854711081 0.072059796721939115 0.017669135710361102 0.017537359889544437 0.022539907291611525
decision_type=2 2 2 2 2 2 2 2 2 2 2 2 2 2
left_child=4 2 3 -2 5 9 -7 13 -9 -1 -4 12 -6 -3
right_child=1 7 10 -5 11 6 -8 8 -10 -11 -12 -13 -14 -15
leaf_value=0.013405218144331925 0.0036136360065746964 0.043309689763417779 -0.026004082117016349 0.016129515612043389 -0.014943092558333333 -0.031901798656937597 0.045659286324795378 0.032056704292261706 -0.03068751545018376 -0.034000371511757096 0.034832344554875209 -0.033600213946138401 0.13010455317136727 0.020402346937972854
leaf_weight=8.625115245580675 177.83801884017885 39.126875028014183 20.254956182092432 503.75437313877046 17.596918465569619 5.6383147351443794 18.591192416846752 8.6778765916824323 6.5492597371339789 14.284647382795809 3.4887053817510596 26.945048773661256 0.91767239756882091 13.249220818281172
leaf_count=81 713 46 129 1890 428 130 68 16 24 225 7 419 9 26
internal_value=0.0111548 0.0134614 0.0118564 0.0128639 -0.00809936 0.00634135 0.0276105 0.030207 0.00507013 -0.016153 -0.0170653 -0.0230736 -0.00775383 0.037515
internal_weight=865.538 772.939 705.336 681.592 92.5989 47.1393 24.2295 67.6032 15.2271 22.9098 23.7437 45.4596 18.5146 52.3761
internal_count=4211 2851 2739 2603 1360 504 198 112 40 306 136 856 437 72
is_linear=0
shrinkage=0.03


Tree=44
num_leaves=15
num_cat=0
split_feature=13 17 29 26 13 29 4 8 27 25 17 17 15 13
split_gain=40.0652 28.6972 32.8839 31.9823 19.6635 20.6245 23.6001 14.3708 14.2751 13.074 19.718 5.7902 5.52625 0.0142255
threshold=0.028795333546699903 -0.0035195597848419542 0.028047799383313053 -0.00018365210104249051 0.079766925137766578 0.085232815619349214 162.50000000000003 -0.011235314867749148 0.011164867781168429 0.00014719146284028416 -0.016991011774421704 -0.013608719891883244 0.022539907291611525 0.018599055240118217
decision_type=2 2 2 2 2 2 2 2 2 2 2 2 2 2
left_child=1 8 13 -4 5 6 -2 -7 11 12 -11 -1 -6 -3
right_child=4 2 3 -5 9 7 -8 -9 -10 10 -12 -13 -14 -15
leaf_value=0.01086868550128295 0.0025852546215684473 -0.031364569023401727 0.027024559587281873 -0.0049169941735860258 0.042204415612764785 -0.006658544497054518 0.01537593694609117 0.029315355412650314 0.023122227015947221 0.03895569789477217 -0.029323296402506534 -0.036065271368233995 0.019779405430629813 -0.033009868674592602
leaf_weight=2.5658447295427314 223.2792079411447 10.429639693349602 54.420817425474524 58.581950003281236 38.949649825692177 11.322805270552633 310.19281223416328 85.173297367990017 4.771349497139453 7.6354977041482925 7.5908318012952787 30.329977672547102 13.256384477019308 8.6538298930972797
leaf_count=8 946 309 379 707 46 39 1068 159 24 11 29 306 26 154
internal_value=0.0107978 -0.00227258 0.00431437 0.0104657 0.0139793 0.0123311 0.0100225 0.0250942 -0.0253708 0.0293762 0.00491635 -0.0324045 0.0365102 -0.0321107
internal_weight=867.154 169.753 132.086 113.003 697.4 629.968 533.472 96.4961 37.6672 67.4324 15.2263 32.8958 52.206 19.0835
internal_count=4211 1887 1549 1086 2324 2212 2014 198 338 112 40 314 72 463
is_linear=0
shrinkage=0.03


Tree=45
num_leaves=14
num_cat=0
split_feature=18 13 4 21 26 16 26 11 12 1 8 26 1
split_gain=39.427 22.5845 26.9578 27.536 26.4247 12.853 13.2145 12.889 12.4747 10.1208 7.3322 8.05183 0.00082065
threshold=0.0050547399464996477 0.062786267653425945 162.50000000000003 393193.00000000006 -0.00060459397766948015 0.75000000000000011 0.0029900381064641864 0.020679575497514032 -0.023277691071747538 0.030824826341719215 0.01885310299035883 -0.0073223439766216545 0.023001647345579742
decision_type=2 2 2 2 2 2 2 2 2 2 2 2 2
left_child=8 2 3 -2 -4 7 -7 -3 9 12 11 -10 -1
right_child=1 5 4 -5 -6 6 -8 -9 10 -11 -12 -13 -14
leaf_value=-0.033007483800655275 -0.023928111107276884 0.014566096980544362 0.022369722292005675 0.0058292706638928202 0.0070207672972933989 -0.023161766497638011 0.022131050320234769 0.034617622552655693 0.023410518412834185 0.046767301187675497 0.030701561779676392 -0.031343061736860502 -0.031837058237861378
leaf_weight=1.1264440007507794 31.601020477712154 47.766221977770329 199.07696244120598 244.70803958177567 204.79335969313979 10.244905762374403 13.354588150978087 72.859900809824467 2.6114815548062316 4.4237487763166428 2.0799486152827731 32.490840638056397 1.0341183375567196
leaf_count=16 256 119 649 1038 907 36 28 119 33 18 12 959 21
internal_value=0.01046 0.0119331 0.0096466 0.00242597 0.0145866 0.0227162 0.00246874 0.0266775 -0.0172868 0.020774 -0.0240267 -0.0272696 -0.0324473
internal_weight=868.172 824.405 680.179 276.309 403.87 144.226 23.5995 120.626 43.7666 6.58431 37.1823 35.1023 2.16056
internal_count=4211 3152 2850 1294 1556 302 64 238 1059 55 1004 992 37
is_linear=0
shrinkage=0.03


Tree=46
num_leaves=15
num_cat=0
split_feature=18 1 8 26 7 28 25 25 12 23 7 8 26 1
split_gain=37.2592 21.6995 28.1483 29.6294 25.1901 22.5226 33.1502 29.2691 10.5297 14.6883 9.94179 7.54602 7.83003 0.00200715
threshold=0.0051633691404693533 0.045770096998909229 -0.013121186151734974 -0.0070611942731100717 101008154.79800002 -0.00024825796400243961 -0.00027410915263091797 -0.000152581626249253 -0.01850399990083763 1.0070842655676919 58789638.199000008 0.01885310299035883 -0.0073223439766216545 0.034649014778325132
decision_type=2 2 2 2 2 2 2 2 2 2 2 2 2 2
left_child=8 2 4 -4 -2 7 -7 -3 9 10 -1 12 -10 -11
right_child=1 5 3 -5 -6 6 -8 -9 11 13 -12 -13 -14 -15
leaf_value=-0.002429112562261007 -0.03846432034760864 -0.021459374483205434 -0.018860844813598818 0.011883303159640634 0.0086007080001111267 0.031140135309030113 -0.0020373442589397819 0.028586628234547745 0.02229399394887728 -0.031714810784866425 0.071540809274660111 0.032815429398282463 -0.031334417098384602 -0.033084187007048078
leaf_weight=2.9811791535466892 21.344863396137953 11.266139112412928 30.070225931704044 456.65233797580004 19.662900988012552 39.689848348498344 85.478334363549948 158.27638339996338 2.6592504754662469 3.1017401926219463 3.6222436912357807 2.0024273693561545 31.181354165077213 1.3973057977855203
leaf_count=31 155 51 161 1916 74 95 314 335 33 70 6 11 937 22
internal_value=0.0101305 0.0116143 0.0079728 0.0099839 -0.015897 0.0181351 0.00848297 0.0252611 -0.0158643 0.00966423 0.0381464 -0.0237718 -0.0271202 -0.0321401
internal_weight=869.387 822.441 527.73 486.723 41.0078 294.711 125.168 169.543 46.9455 11.1025 6.60342 35.843 33.8406 4.49905
internal_count=4211 3101 2306 2077 229 795 409 386 1110 129 37 981 970 92
is_linear=0
shrinkage=0.03


Tree=47
num_leaves=15
num_cat=0
split_feature=13 5 3 5 28 17 28 4 17 6 22 25 22 21
split_gain=35.4821 22.2709 25.7936 24.0425 21.4728 18.7545 30.5497 26.2415 25.2729 18.0557 39.9392 6.61003 4.78232 20.1402
threshold=0.024050396188292206 0.016488136029025626 0.91217682877688888 -0.0034719453057339808 -0.0035044407036431912 -0.00082180111372388029 -0.0014348918369377747 122.50000000000001 -0.00078465045812752389 353341.50000000006 271228300.45850009 1.6511671285612653e-05 455543318.15250009 288947.00000000006
decision_type=2 2 2 2 2 2 2 2 2 2 2 2 2 2
left_child=5 2 3 -2 -4 12 7 -7 -8 10 -3 -11 -1 -14
right_child=1 9 4 -5 -6 6 8 -9 -10 11 -12 -13 13 -15
leaf_value=-0.033406383836944914 0.0052785457353505044 0.034438389037107484 0.022480117361216571 0.016942746640383741 -0.017640567897512949 -0.033057769575641147 0.15291507134577828 0.050601801557530364 -0.01739491770047533 0.059408645565971759 -0.049804092265579428 0.028815894077294762 0.12602529725121289 -0.021340294746245703
leaf_weight=22.819659674540162 265.72422034479678 19.932693269103769 15.984666444361208 396.14403595402837 48.233605543151498 4.303678711876274 0.80181058123707671 15.628201277926564 35.666421046480536 16.771354302763942 6.790499120950698 10.235713101923464 0.90690428018569846 10.478827314451335
leaf_count=401 1067 57 40 1332 289 75 7 86 653 17 30 19 1 137
internal_value=0.00981309 0.0118777 0.0104986 0.0122598 -0.00765407 -0.00795659 0.00267268 0.0325381 -0.0136504 0.0305148 0.0130319 0.047814 -0.0254828 -0.00960223
internal_weight=870.422 779.817 726.087 661.868 64.2183 90.6055 56.4001 19.9319 36.4682 53.7303 26.7232 27.0071 34.2054 11.3857
internal_count=4211 2851 2728 2399 329 1360 821 161 660 123 87 36 539 138
is_linear=0
shrinkage=0.03


Tree=48
num_leaves=15
num_cat=0
split_feature=29 17 13 7 18 17 15 22 13 9 29 1 8 17
split_gain=34.8775 23.6902 33.2092 22.7357 21.6167 24.9896 21.6 19.5529 21.098 16.9792 14.9925 13.1643 14.6127 9.23272
threshold=0.046106216459799475 -0.00018049383160044635 0.052653998141885906 6959640.0200000014 0.0051918302772661377 0.0020828950182607861 -0.001361882272951691 148857014.16650003 0.079766925137766578 0.98169404845703045 0.027320112613435341 0.048681264586468535 0.0067450361501969229 0.0003104292726488328
decision_type=2 2 2 2 2 2 2 2 2 2 2 2 2 2
left_child=1 2 6 11 13 -6 -1 9 -9 -5 -4 12 -2 -3
right_child=3 4 10 7 5 -7 -8 8 -10 -11 -12 -13 -14 -15
leaf_value=-0.031861599655000364 -0.026596942532458191 0.016252575145658175 -0.017942773866342854 0.046080535922660648 0.038696185582510478 0.0050525550015956067 -0.00094045418674360698 0.010729520373562854 0.029608044304794839 0.013228123958005497 0.038105465729409371 0.035509970792533728 0.015714145723736816 -0.031276228669584495
leaf_weight=50.515827763825655 26.288562845438719 4.8377762269228723 5.9584747105836895 31.345621436834335 27.20346038043499 73.707072570919991 34.028309494256973 485.76461522653699 59.841217532753944 25.823020949959755 15.388098299503325 5.3764339387416831 10.195230258628724 15.348935222253202
leaf_count=636 207 86 27 70 136 445 399 1443 93 108 37 16 47 461
internal_value=0.00950335 -0.000609765 -0.0109741 0.0130644 0.00845311 0.0141222 -0.0194161 0.0145491 0.0128001 0.0312411 0.0224607 -0.00831503 -0.0147733 -0.0198859
internal_weight=871.623 226.988 105.891 644.635 121.097 100.911 84.5441 602.774 545.606 57.1686 21.3466 41.8602 36.4838 20.1867
internal_count=4211 2227 1099 1984 1128 581 1035 1714 1536 178 64 270 254 547
is_linear=0
shrinkage=0.03


Tree=49
num_leaves=14
num_cat=0
split_feature=29 7 7 17 23 20 24 9 21 22 23 12 7
split_gain=33.0177 27.0179 22.1906 28.849 21.2793 19.9273 17.7732 11.2909 11.9961 23.1422 14.507 9.99942 8.55301
threshold=0.057351777996037516 22948574.736500006 26735786.6325 -0.0012693835248230574 0.45337717944839079 -0.048387488959970353 0.44577474760566399 8.2852895275722087 3349787.0000000005 616540308.79550016 2.3391415196732432 -0.0054409675478862855 4648434.386500001
decision_type=2 2 2 2 2 2 2 2 2 2 2 2 2
left_child=1 4 3 -3 12 -4 -6 8 10 -10 -2 -9 -1
right_child=7 2 5 -5 6 -7 -8 11 9 -11 -12 -13 -14
leaf_value=0.0033941326200352308 0.019271545344680945 -0.037732466050650823 0.02322947605117473 0.063875398076254364 -0.033890988935162403 0.0019601562927099815 -0.0048424266843981253 -0.050267268921109234 -0.012958994516786814 0.015032295594540813 -0.026703008576048404 0.013928284604310974 0.075443641001533363
leaf_weight=2.4287696965038768 318.05682932958007 3.1432797089219102 51.061388731002808 12.579684082418677 22.283303158357739 177.30874246917665 126.97504819557071 4.5116696655750275 35.746378988027573 103.69738957285881 6.2994390279054633 4.2323444336652738 3.8074600249528885
leaf_count=23 763 28 158 43 364 1076 1323 20 118 246 25 12 12
internal_value=0.00921076 0.00286303 0.0090892 0.0435623 -0.00691071 0.00671577 -0.00917919 0.0145785 0.0152152 0.00785673 0.0183787 -0.0191948 0.0473832
internal_weight=872.132 399.588 244.093 15.723 155.495 228.37 149.258 472.544 463.8 139.444 324.356 8.74401 6.23623
internal_count=4211 3027 1305 71 1722 1234 1687 1184 1152 364 788 32 35
is_linear=0
shrinkage=0.03


Tree=50
num_leaves=14
num_cat=0
split_feature=18 13 4 29 25 16 1 11 12 7 5 28 15
split_gain=31.6581 19.7727 23.5152 32.8422 31.1504 11.8996 12.3746 11.9765 11.368 8.89666 7.03076 6.1364 5.38479
threshold=0.0050547399464996477 0.062786267653425945 162.50000000000003 0.065168678452884835 -0.00044161127236986788 0.75000000000000011 0.036853841057699135 0.020679575497514032 -0.023277691071747538 125012735.10250001 0.019477075874674458 -0.0042594076681982994 -0.031166025798229798
decision_type=2 2 2 2 2 2 2 2 2 2 2 2 2
left_child=8 2 3 -2 -4 7 -7 -3 9 12 11 -10 -1
right_child=1 5 4 -5 -6 6 -8 -9 10 -11 -12 -13 -14
leaf_value=0.045580382169600982 -0.0068416966903749668 0.012447861182769355 -0.025887482677525369 0.014311182222386325 0.014430877460605708 -0.032413416400644761 0.015003630595327701 0.03178204576804787 0.012296634735006556 0.061910757119736544 0.029778782540977267 -0.031302185591664262 -0.032541110726359297
leaf_weight=1.1248986721038821 170.55562236346304 47.779139034450054 18.041893899440765 107.82041850686073 391.20414778962731 7.0632366985082653 16.582765400409698 72.724517613649368 3.2243480104953042 2.6549441516399384 2.0893657431006423 29.372185965999961 2.7002754267305127
leaf_count=1 1025 119 110 269 1446 27 37 119 48 8 19 937 46
internal_value=0.00892466 0.0101956 0.00807785 0.00135122 0.0126534 0.0202979 0.000839806 0.0241161 -0.0167559 0.0197177 -0.02357 -0.0269895 -0.00956732
internal_weight=872.938 831.772 687.622 278.376 409.246 144.15 23.646 120.504 41.166 6.48012 34.6859 32.5965 3.82517
internal_count=4211 3152 2850 1294 1556 302 64 238 1059 55 1004 985 47
is_linear=0
shrinkage=0.03


Tree=51
num_leaves=14
num_cat=0
split_feature=18 26 26 25 1 28 26 6 12 1 0 26 23
split_gain=29.9599 20.2192 63.7294 47.5569 32.739 31.3023 39.9512 39.331 10.9298 8.49397 6.77799 6.90299 0.00104574
threshold=0.0050547399464996477 -0.00060459397766948015 -0.0025563712922436871 0.00043110765201424605 0.051860965249700637 0.0026141778443542723 0.0079402470410583712 32147.500000000004 -0.023277691071747538 0.030824826341719215 -0.0094425011141527748 -0.0073223439766216545 1.2703972439077285
decision_type=2 2 2 2 2 2 2 2 2 2 2 2 2
left_child=8 2 4 -4 -2 7 -7 -3 9 12 -10 -12 -1
right_child=1 5 3 -5 -6 6 -8 -9 10 -11 11 -13 -14
leaf_value=-0.032963684677650158 -0.0032838805570602203 -0.035349324529993495 0.033083329152397693 -0.029969932796883446 0.021091265769888859 0.022412096866061337 -0.030676098895187465 0.003265028925446241 0.029257471231905335 0.042309325818552415 0.017679317572439204 -0.031196784107509156 -0.03158766642232122
leaf_weight=1.0054861642420281 156.18171375058591 26.039831604808569 157.07045631669462 11.557832382619379 72.665504992008209 126.44331543147564 14.189512878656386 268.78855975903571 2.0662818010896435 4.4451396986842155 2.856976572424176 28.990043956786394 0.98304939456284035
leaf_count=14 685 269 405 61 167 455 86 1024 17 18 33 954 23
internal_value=0.00865227 0.00987523 0.0147676 0.0287616 0.00445592 0.00540965 0.0170556 -0.000145468 -0.016595 0.019254 -0.0233959 -0.0268121 -0.0322834
internal_weight=873.284 832.937 397.476 168.628 228.847 435.461 140.633 294.828 40.347 6.43368 33.9133 31.847 1.98854
internal_count=4211 3152 1318 466 852 1834 541 1293 1059 55 1004 987 37
is_linear=0
shrinkage=0.03


Tree=52
num_leaves=15
num_cat=0
split_feature=13 5 3 5 22 26 14 14 6 22 13 13 25 29
split_gain=28.9002 20.8776 22.7621 22.8119 19.0085 18.3997 22.2965 19.4295 16.5583 37.7728 8.91077 17.9604 5.98311 0.0980892
threshold=0.024050396188292206 0.016488136029025626 0.91217682877688888 -0.0026039392864320768 4185295020.8115005 -0.00060459397766948015 0.27106897497364107 0.75848146980409614 353341.50000000006 271228300.45850009 0.017669135710361102 0.017537359889544437 1.6511671285612653e-05 0.057664302279728498
decision_type=2 2 2 2 2 2 2 2 2 2 2 2 2 2
left_child=5 2 3 -2 -4 6 -1 -8 9 -3 11 -7 -10 -12
right_child=1 8 4 -5 -6 10 7 -9 12 -11 13 -13 -14 -15
leaf_value=-0.033685511119748372 0.0042217218745770014 0.032145258493670524 -0.012594301643071366 0.015404585723082207 0.053312918204755762 -0.013081551742501042 0.025677284242900476 -0.03489519439067347 0.055790936350694383 -0.049847930576956176 -0.032640315311769676 0.11928947632877419 0.026696518567431684 -0.037309431231954446
leaf_weight=10.361274313181637 291.25092789158225 20.136672697961334 59.548473061993718 376.2607182636857 4.2173712700605384 15.818153258413076 30.545085133984685 5.6471077352762213 16.833534985780719 6.7523074448108664 20.067781761288646 0.97964860871434289 10.225607275962828 5.0731313452124587
leaf_count=187 1155 57 321 1244 8 428 233 84 17 30 382 9 19 37
internal_value=0.00838637 0.010218 0.00888936 0.0105252 -0.0082353 -0.00786652 0.00511741 0.0162261 0.0282282 0.0115553 -0.0222791 -0.00536167 0.0447962 -0.0335825
internal_weight=873.718 785.226 731.277 667.512 63.7658 88.4922 46.5535 36.1922 53.9481 26.889 41.9387 16.7978 27.0591 25.1409
internal_count=4211 2851 2728 2399 329 1360 504 317 123 87 856 437 36 419
is_linear=0
shrinkage=0.03


Tree=53
num_leaves=12
num_cat=0
split_feature=29 18 26 28 15 26 29 12 5 8 10
split_gain=28.2829 21.1234 18.9774 29.184 10.8865 17.4147 22.6883 15.6528 10.4231 7.82473 0.157562
threshold=0.057351777996037516 0.0051633691404693533 0.0079402470410583712 0.0026141778443542723 -0.03541618623937344 -0.0070611942731100717 0.074632139272357553 -0.043464284179539674 0.019477075874674458 -0.0081289230469556856 0.040442574214511369
decision_type=2 2 2 2 2 2 2 2 2 2 2
left_child=1 8 3 -3 -2 6 -6 -7 9 -1 -4
right_child=4 2 10 -5 5 7 -8 -9 -10 -11 -12
leaf_value=0.0018244268005363827 0.034019835762637937 0.0018957452269196284 -0.035016412332975359 0.025521643192439762 -0.047829588250501716 -0.0038699561683942507 0.012639311477313559 0.015338054361788563 0.033120868518052196 -0.031246074646508241 -0.04492808112661846
leaf_weight=8.4347377866506559 21.341389536857605 295.70296751335263 7.9700437784194929 55.960488833487034 9.8308763802051562 42.352168783545494 12.928528741002081 387.87944102659822 3.1973047815263262 27.21682134270668 1.7626855969429014
leaf_count=179 28 1584 75 272 44 122 30 960 20 888 9
internal_value=0.00812509 0.00225205 0.00451168 0.00565535 0.0130808 0.0120943 -0.0134801 0.0134472 -0.0187684 -0.023422 -0.0368115
internal_weight=874.577 400.245 361.396 351.663 474.332 452.991 22.7594 430.232 38.8489 35.6516 9.73273
internal_count=4211 3027 1940 1856 1184 1156 74 1082 1087 1067 84
is_linear=0
shrinkage=0.03


Tree=54
num_leaves=15
num_cat=0
split_feature=29 14 14 13 29 7 27 22 13 17 9 0 1 29
split_gain=26.8654 26.3428 35.5584 24.3858 21.9039 19.4212 18.6494 17.9939 19.6462 17.4899 14.9436 14.166 16.8565 0.137261
threshold=0.046106216459799475 0.47855850606847455 0.49241069666469367 0.051456662439799641 0.043847849893229547 6959640.0200000014 -0.032995592399501436 148857014.16650003 0.079766925137766578 0.0017020905060790741 0.98169404845703045 -0.001080364614380704 0.048681264586468535 0.058210421201953556
decision_type=2 2 2 2 2 2 2 2 2 2 2 2 2 2
left_child=1 3 -3 9 -4 11 -5 10 -9 -1 -7 13 -13 -2
right_child=5 2 4 6 -6 7 -8 8 -10 -11 -12 12 -14 -15
leaf_value=-0.029443264247794625 -0.036059756650845397 0.076624737319305816 0.0080214660971264715 -0.015707442664706129 -0.03642891601452735 0.041985736081816473 0.041138620916131532 0.0086898823087135282 0.027015065231116221 0.0047453467124420915 0.011401105593920399 -0.0072039954478032835 0.057995309084497002 -0.04317407078944261
leaf_weight=55.970021342858672 6.960045659914611 6.4014660976827136 113.96680087223649 9.4768914505839366 10.93455179966986 31.93414518609643 11.493185371160505 490.33590555749834 58.987289726734161 17.733788404613733 26.152275068685412 26.865022143349055 4.1155328005552283 3.7589559145271778
leaf_count=789 63 25 1080 46 101 70 24 1443 93 162 108 178 9 20
internal_value=0.00787563 -0.00103317 0.0076644 -0.0130958 0.00413004 0.0109771 0.0154485 0.0123367 0.0106577 -0.0212172 0.0282156 -0.00882793 0.00145724 -0.0385546
internal_weight=875.086 225.977 131.303 94.6739 124.901 649.109 20.9701 607.41 549.323 73.7038 58.0864 41.6996 30.9806 10.719
internal_count=4211 2227 1206 1021 1181 1984 70 1714 1536 951 178 270 187 83
is_linear=0
shrinkage=0.03


Tree=55
num_leaves=15
num_cat=0
split_feature=13 5 3 7 5 26 17 14 6 22 13 13 6 29
split_gain=25.7035 19.4816 21.0852 22.6372 21.1907 17.4542 20.8654 17.8265 15.5583 35.3386 8.92977 15.3918 2.04028 0.0970872
threshold=0.024050396188292206 0.016488136029025626 0.91217682877688888 1459643613.2280004 -0.0026039392864320768 -0.00060459397766948015 -0.0030534626983468346 0.75848146980409614 353341.50000000006 271228300.45850009 0.017669135710361102 0.017537359889544437 732864.50000000012 0.057664302279728498
decision_type=2 2 2 2 2 2 2 2 2 2 2 2 2 2
left_child=5 2 4 -4 -2 6 -1 -8 9 -3 11 -7 -10 -12
right_child=1 8 3 -5 -6 10 7 -9 12 -11 13 -13 -14 -15
leaf_value=-0.034490867007611156 0.0035638979585281574 0.030280871653036525 -0.012963940993201705 0.062833946688310729 0.014321052660269763 -0.012672931408086608 0.023894321491800811 -0.034771762871182783 0.053068981399415634 -0.049229744472535995 -0.032594097828680071 0.10445506346316341 0.036192622331841888 -0.037267561955379218
leaf_weight=9.6268151681870204 292.13335502520204 20.365779850631956 59.685005893930793 3.7700986303389064 378.1618147790432 15.469149384647608 31.21243398822844 5.4800582472234955 10.619069442152979 6.6812995970249167 19.449311159551147 1.080258026719094 16.411095105111599 5.0366174243390551
leaf_count=123 1155 57 324 5 1244 428 297 84 11 30 382 9 25 37
internal_value=0.00763681 0.00934878 0.00806807 -0.00846051 0.00963278 -0.00780296 0.00481897 0.0151325 0.0267262 0.0106398 -0.0220502 -0.00502743 0.0428227 -0.0335554
internal_weight=875.182 787.828 733.75 63.4551 670.295 87.3546 46.3193 36.6925 54.0772 27.0471 41.0353 16.5494 27.0302 24.4859
internal_count=4211 2851 2728 329 2399 1360 504 381 123 87 856 437 36 419
is_linear=0
shrinkage=0.03


Tree=56
num_leaves=15
num_cat=0
split_feature=18 0 25 1 28 28 28 25 27 10 21 5 1 7
split_gain=25.2509 25.0977 30.2909 29.8435 17.2432 21.1368 27.3102 25.919 16.1247 11.6524 11.358 12.3543 6.62958 3.45907
threshold=0.0073243500453536734 -0.00068748980162157641 -0.00022115147749914168 0.023001647345579742 -0.0062041345147064598 -0.0031240396689455551 -0.00077672645365433875 0.00023051528958966649 -0.011239143770685574 -0.0046505130793982512 27820748.000000004 0.017142211448220084 0.17857326603683971 71457644.202000007
decision_type=2 2 2 2 2 2 2 2 2 2 2 2 2 2
left_child=1 10 12 -4 8 7 -7 -6 13 -10 11 -1 -3 -2
right_child=4 2 3 -5 5 6 -8 -9 9 -11 -12 -13 -14 -15
leaf_value=-0.029325924148593308 0.051814272683967669 -0.033921186146586846 -0.017639483640793919 0.019390954860917149 -0.038798993040742351 0.019634899753659493 0.0060652872846141985 0.0035272245686872295 -0.0452205669755565 0.02383029467557406 0.06084455662077487 0.023732476012270524 0.043174498333231004 0.03043712441425513
leaf_weight=41.096113719046116 14.213263168931009 18.899561379104856 25.835068192332983 80.994774304330349 17.077571127563715 202.64143165573478 391.13674236088991 54.815076868981123 3.7367518320679665 5.3463673107326013 1.4577541258186091 4.3695293981581917 1.0601584911346424 13.083257853984831
leaf_count=574 19 322 394 691 87 523 1330 186 21 15 4 25 1 19
internal_value=0.0074013 -0.00283951 0.00409754 0.0104357 0.00993525 0.00883613 0.0106963 -0.00652706 0.0300469 -0.0045769 -0.0215838 -0.0242267 -0.0298263 0.0415682
internal_weight=875.763 173.713 126.79 106.83 702.05 665.671 593.778 71.8926 36.3796 9.08312 46.9234 45.4656 19.9597 27.2965
internal_count=4211 2011 1408 1085 2200 2126 1853 273 74 36 603 599 323 38
is_linear=0
shrinkage=0.03


Tree=57
num_leaves=15
num_cat=0
split_feature=29 7 7 25 23 11 18 6 21 23 4 23 6 11
split_gain=24.3214 22.0859 19.4173 19.0808 18.795 15.6143 12.1878 11.8653 10.733 26.1625 19.6134 24.3234 14.8928 10.6783
threshold=0.057351777996037516 22948574.736500006 26735786.6325 -5.3457349378340759e-05 0.45337717944839079 0.0028835519760359364 0.0098720857827713521 24822.000000000004 3349787.0000000005 2.3391415196732432 322.50000000000006 1.8843409169929386 1189448.5000000002 0.051024173137430386
decision_type=2 2 2 2 2 2 2 2 2 2 2 2 2 2
left_child=1 4 6 -4 7 -6 -3 -1 9 13 12 -12 -10 -2
right_child=8 2 3 -5 5 -7 -8 -9 10 -11 11 -13 -14 -15
leaf_value=-0.0041075659008329686 0.014014592361971672 0.052950522997780185 0.015302773321925098 -0.0022070199517046705 0.013294343796252968 -0.013559077457139279 -0.0095320382080676478 0.079451196816111833 -0.0040534921981567069 -0.033831804257374032 -0.032150052162653549 0.028391890668567343 0.018667204411436541 0.029808245483113345
leaf_weight=2.6698490232229224 275.84101435542107 12.602220866829159 95.750772396102548 134.95770960487425 23.108014798723161 124.39799259975553 3.6157723739743224 3.5806960519403219 39.982538014650345 9.6826196759939176 22.755852282047275 8.0978115648031217 74.054110981523991 44.783319234848022
leaf_count=27 691 57 459 775 241 1446 14 8 119 43 86 14 157 74
internal_value=0.00717677 0.00173263 0.00729054 0.00506006 -0.00719314 -0.00935227 0.0390201 0.04376 0.0117672 0.0147533 0.00495978 -0.0162603 0.0107011 0.0162206
internal_weight=875.88 400.683 246.926 230.708 153.757 147.506 16.218 6.25055 475.197 330.307 144.89 30.8537 114.037 320.624
internal_count=4211 3027 1305 1234 1722 1687 71 35 1184 808 376 100 276 765
is_linear=0
shrinkage=0.03


Tree=58
num_leaves=14
num_cat=0
split_feature=18 26 26 25 20 28 26 6 12 7 8 26 5
split_gain=23.7474 18.5109 56.8715 43.0707 29.5723 27.8853 35.6993 34.8416 10.0776 7.84768 6.14775 6.70232 4.33885
threshold=0.0050547399464996477 -0.00060459397766948015 -0.0025563712922436871 0.00043110765201424605 -0.08151747663907824 0.0026141778443542723 0.0079402470410583712 32147.500000000004 -0.023277691071747538 125012735.10250001 0.01885310299035883 -0.0073223439766216545 0.016488136029025626
decision_type=2 2 2 2 2 2 2 2 2 2 2 2 2
left_child=8 2 4 -4 -2 7 -7 -3 9 12 11 -10 -1
right_child=1 5 3 -5 -6 6 -8 -9 10 -11 -12 -13 -14
leaf_value=-0.032441708474401053 0.031320822840081891 -0.035313677236781256 0.029875853565290558 -0.030184479767457712 -0.0011804969412513718 0.019579694118346321 -0.030805520265381626 0.0016367723650094511 0.017379351669286863 0.057039920015226293 0.02655865718964049 -0.03117339757562872 0.039184167432266326
leaf_weight=2.4960385467857114 28.829188071191311 25.096783405169845 158.823237022385 11.525898337364195 199.90585098415613 128.98809963092208 14.032837010920046 270.61421391926706 2.8277232721448007 2.7078142203390598 2.0997025631368151 26.907942720688879 1.0951154157519343
leaf_count=45 51 269 405 61 801 455 86 1024 33 8 12 959 2
internal_value=0.00695982 0.00801366 0.0126892 0.0258121 0.00291589 0.00376069 0.014636 -0.00149919 -0.0161931 0.0184775 -0.0230531 -0.0265563 -0.0105995
internal_weight=875.95 837.816 399.084 170.349 228.735 438.732 143.021 295.711 38.1343 6.29897 31.8354 29.7357 3.59115
internal_count=4211 3152 1318 466 852 1834 541 1293 1059 55 1004 992 47
is_linear=0
shrinkage=0.03


Tree=59
num_leaves=15
num_cat=0
split_feature=18 9 13 26 26 1 7 23 0 6 23 21 6 5
split_gain=22.9871 19.5991 23.4853 22.6844 40.3807 21.4431 19.9898 16.2872 13.1086 22.378 23.9876 12.4769 13.5268 9.43177
threshold=0.012085433269519425 1.8118625267817976 0.046314174919743129 -0.0025563712922436871 -0.00060459397766948015 0.033353245104872233 2684301860.1690006 0.45337717944839079 0.00079073277370627336 2277359.5000000005 0.73459022424633846 473124.00000000006 2091807.5000000002 -0.0026039392864320768
decision_type=2 2 2 2 2 2 2 2 2 2 2 2 2 2
left_child=1 3 6 7 -5 -4 -3 -1 11 10 -10 -2 -13 -11
right_child=8 2 5 4 -6 -7 -8 -9 9 13 -12 12 -14 -15
leaf_value=0.061071458973603915 -0.022544567629081243 -0.015075937083701767 -0.0391404254466928 0.028670159611714152 0.0031756773264596124 0.018964232855053904 0.067500266521454841 -0.012972012844904941 0.026626986879797792 0.0057416229226975122 -0.0091743210690562182 0.019980289554215835 -0.0048626179373063875 0.042484432519050201
leaf_weight=2.8000695407390586 7.1461585238575926 114.47002272959799 6.5781150683760634 78.265168335288763 195.79473737347871 43.626270648092031 2.7006529942154875 59.253849744796753 21.264755964279175 9.9499913603067416 81.011213570833206 214.13590756803751 21.727102145552635 17.082817867398262
leaf_count=7 34 1148 44 300 1258 122 7 429 41 27 252 459 59 24
internal_value=0.00675041 0.00257094 -0.00581675 0.00674777 0.0104563 0.011351 -0.0131726 -0.00963094 0.0124023 0.0046855 -0.00173068 0.0165086 0.0176918 0.0289605
internal_weight=875.807 503.489 167.375 336.114 274.06 50.2044 117.171 62.0539 372.318 129.309 102.276 243.009 235.863 27.0328
internal_count=4211 3315 1321 1994 1558 166 1155 436 896 344 293 552 518 51
is_linear=0
shrinkage=0.03


Tree=60
num_leaves=14
num_cat=0
split_feature=18 26 26 28 17 28 26 6 12 10 0 26 27
split_gain=21.9452 16.7364 50.9548 28.6573 26.5942 26.137 33.5015 33.2701 9.6327 7.40025 6.10973 6.34384 4.50238
threshold=0.0050547399464996477 -0.00060459397766948015 -0.0026459230119469817 -0.0058301049513078953 -0.00053088176247171237 0.0026141778443542723 0.0079402470410583712 32147.500000000004 -0.023277691071747538 -0.010549144132259851 -0.0094425011141527748 -0.0073223439766216545 -0.05402094439030327
decision_type=2 2 2 2 2 2 2 2 2 2 2 2 2
left_child=8 2 3 -2 -4 7 -7 -3 9 12 -10 -12 -1
right_child=1 5 4 -5 -6 6 -8 -9 10 -11 11 -13 -14
leaf_value=0.042144257984218697 0.023107463054399296 -0.03514308574130233 0.01158509032994157 -0.0032359935819144146 0.034813458202737617 0.018734100101361343 -0.030389353438431171 0.0014216991399743535 0.027091448040289848 0.055047474508382682 0.015442173341035077 -0.031107269471045102 -0.032528011306818649
leaf_weight=1.0256174802780154 47.241024371236563 24.415497981011868 83.438298992812634 174.24218873120844 94.715624254196882 129.73851976543665 13.826375171542166 270.76969772391021 2.0592736210674074 2.7308434061706057 2.932026099413636 26.002052314579487 2.4936037585139275
leaf_count=1 126 269 260 708 224 455 86 1024 17 9 33 954 45
internal_value=0.0065481 0.0075491 0.0119904 0.00238291 0.0239345 0.00350376 0.0140031 -0.00160266 -0.0159854 0.0179899 -0.0228367 -0.0263902 -0.010766
internal_weight=875.631 838.387 399.637 221.483 178.154 438.75 143.565 295.185 37.2434 6.25006 30.9934 28.9341 3.51922
internal_count=4211 3152 1318 834 484 1834 541 1293 1059 55 1004 987 46
is_linear=0
shrinkage=0.03


Tree=61
num_leaves=15
num_cat=0
split_feature=13 5 4 23 5 17 28 17 4 6 22 25 22 21
split_gain=21.4518 18.2611 19.1242 31.047 17.2758 16.237 22.6208 20.5974 19.4261 14.6148 33.3947 5.23422 4.55984 14.5314
threshold=0.024050396188292206 0.016488136029025626 37.500000000000007 0.7495563485917508 -0.0034719453057339808 -0.00082180111372388029 -0.0014348918369377747 -0.00078465045812752389 122.50000000000001 353341.50000000006 271228300.45850009 1.6511671285612653e-05 455543318.15250009 288947.00000000006
decision_type=2 2 2 2 2 2 2 2 2 2 2 2 2 2
left_child=5 2 3 -2 -4 12 8 -8 -7 10 -3 -11 -1 -14
right_child=1 9 4 -5 -6 6 7 -9 -10 11 -12 -13 13 -15
leaf_value=-0.033448283401099947 0.02786465213626042 0.028159914698466459 0.0027401042271834129 -0.0088441775077644121 0.013291728209639191 -0.032997206793730513 0.12707049148657004 -0.01670745262552524 0.041704335950300417 0.050746192536410592 -0.049278428149094618 0.023457512279462172 0.095016780106610035 -0.020929432382960224
leaf_weight=20.465575142763559 24.793296437710524 20.46080265566707 230.81588361784816 126.70673451572657 353.571836957708 3.8834243696182993 0.92158340290188689 33.276002143509686 16.215050227940083 16.701724603772167 6.6379510462284079 10.182926356792448 1.0802296400070179 9.784666642546652
leaf_count=401 71 57 912 584 1161 75 7 653 86 17 30 19 1 137
internal_value=0.00635104 0.00789719 0.00666172 -0.0028367 0.00912415 -0.00791158 0.00201202 -0.0128328 0.0272705 0.0247387 0.00919107 0.0404102 -0.0251093 -0.00940162
internal_weight=875.498 789.871 735.888 151.5 584.388 85.6265 54.2961 34.1976 20.0985 53.9834 27.0988 26.8847 31.3305 10.8649
internal_count=4211 2851 2728 655 2073 1360 821 660 161 123 87 36 539 138
is_linear=0
shrinkage=0.03


Tree=62
num_leaves=15
num_cat=0
split_feature=18 29 8 5 17 13 8 0 8 28 0 1 25 25
split_gain=21.085 22.0388 18.8195 35.3071 20.7438 16.8159 12.4757 12.3001 21.2778 19.1254 15.9483 9.59515 9.10905 28.2484
threshold=0.012085433269519425 0.029086429421443741 0.0020525826020453826 -0.0030643316393259971 0.0057497207750755652 0.038632278015086161 0.0035262666651791545 0.00079073277370627336 -0.0041648544241434642 -0.0011363930737207284 0.0015745018480949589 0.096722496915325723 0.00015650665048258617 0.00020685594365150631
decision_type=2 2 2 2 2 2 2 2 2 2 2 2 2 2
left_child=1 5 3 -3 -4 11 -7 12 10 -10 -9 -1 -2 -14
right_child=7 2 4 -5 -6 6 -8 8 9 -11 -12 -13 13 -15
leaf_value=-0.03332099629707954 0.0199397420838992 -0.0016123036718565457 -0.00077639977478323561 0.019541225103731519 -0.041674614637430524 -0.021207210931548488 0.03046970771188379 -0.040433648872219057 0.029486819380891444 -0.0012353239794727672 -0.0014510572142606394 0.035408699103955561 -0.051869495988607829 0.012681044152765631
leaf_weight=30.996061730198562 154.62867327779531 142.11972038913518 157.28130001761019 141.9333927296102 12.014097593724726 7.5802914164960411 9.4411241188645345 12.016232281923292 38.058131292462349 35.015881404280663 44.145855359733105 1.9427015855908383 6.5931934863328925 81.816338270902634
leaf_count=675 322 879 928 676 73 46 31 50 67 99 128 7 29 201
internal_value=0.00615855 0.00215473 0.00423872 0.00895752 -0.00367875 -0.0167557 0.00745599 0.0115716 0.00409359 0.0147653 -0.00979163 -0.0292674 0.0155481 0.00786715
internal_weight=875.583 503.309 453.349 284.053 169.295 49.9602 17.0214 372.274 129.236 73.074 56.1621 32.9388 243.038 88.4095
internal_count=4211 3315 2556 1555 1001 759 77 896 344 166 178 682 552 230
is_linear=0
shrinkage=0.03


Tree=63
num_leaves=15
num_cat=0
split_feature=13 24 4 9 25 24 24 5 25 15 5 21 25 18
split_gain=20.1556 22.3026 19.4348 30.0589 26.1529 11.269 16.2139 20.8581 18.2643 10.9454 10.4282 8.77913 4.66946 0.419578
threshold=0.062786267653425945 0.34336127642579656 222.50000000000003 0.713671276061836 -0.00044161127236986788 0.57396959284790727 0.71851965490221159 0.0093479666113821264 -0.00013553651067079432 -0.0036868102872384899 -0.009421155123870097 2781847.5000000005 -8.1711755986950643e-05 0.0078134368386107884
decision_type=2 2 2 2 2 2 2 2 2 2 2 2 2 2
left_child=1 11 3 -3 -4 9 7 -7 -8 12 -11 13 -2 -1
right_child=5 2 4 -5 -6 6 8 -9 -10 10 -12 -13 -14 -15
leaf_value=-0.034248682662079727 0.047448380087568957 0.017718933800859205 -0.026320880996605688 -0.0048915629344268375 0.01126305853066609 -0.02828220472259399 -0.018550211507654821 0.032779784389369397 0.025383239874587689 0.035338871523794217 -0.0020433202101389951 0.0058638565251613326 0.023380631446306626 -0.044459736137354738
leaf_weight=9.7657589567825216 19.603016339242462 65.973247774876654 17.471918316558003 267.39053198508918 359.98541360348463 17.899821609258655 10.310032665729521 7.0050581693649283 48.953101374208927 11.097273841500284 17.011897638440132 5.571560561656951 11.517659917473791 5.7565899305045596
leaf_count=172 20 318 116 1631 1613 64 32 10 94 18 45 24 21 33
internal_value=0.00597442 0.00395941 0.00486153 -0.000416908 0.00952336 0.0162592 0.00920436 -0.0111071 0.0177401 0.0262845 0.0127149 -0.0264403 0.038541 -0.0380355
internal_weight=875.313 731.915 710.821 333.364 377.457 143.398 84.168 24.9049 59.2631 59.2298 28.1092 21.0939 31.1207 15.5223
internal_count=4211 3907 3678 1949 1729 304 200 74 126 104 63 229 41 205
is_linear=0
shrinkage=0.03


Tree=64
num_leaves=15
num_cat=0
split_feature=29 7 7 17 25 23 24 21 23 4 23 6 24 20
split_gain=19.6197 18.4334 17.0049 18.1751 17.2665 15.9435 15.8833 10.0171 23.5534 18.6037 22.1619 14.03 12.5234 5.16496
threshold=0.057351777996037516 22948574.736500006 26735786.6325 0.00020739054422987528 -5.3457349378340759e-05 0.45337717944839079 0.44577474760566399 3349787.0000000005 2.3391415196732432 322.50000000000006 1.8843409169929386 1189448.5000000002 0.42506240929226902 -0.022087168099372872
decision_type=2 2 2 2 2 2 2 2 2 2 2 2 2 2
left_child=1 5 3 -3 -4 13 -7 8 12 11 -11 -9 -2 -1
right_child=7 2 4 -5 -6 6 -8 9 -10 10 -12 -13 -14 -15
leaf_value=0.064733264934241141 0.028072785940583378 -0.012627886687338909 0.013511534654170675 0.055746756597061797 -0.003084395573908195 -0.033991847617721137 -0.0053716116330102554 -0.0053578818940232158 -0.03354964724407667 -0.03251751905377942 0.025449458448265912 0.016696015481754877 0.011654133239792716 0.010297580029168951
leaf_weight=3.3668030239641666 49.424767255783081 5.0005632601678398 96.70340362098068 11.651128027588127 135.44924570247531 20.279342960566282 125.15665881335735 40.083221442997456 9.5815978236496431 22.718672364950184 8.0354326665401441 73.68908929079771 271.40933584794402 2.937297035008668
leaf_count=5 97 38 459 33 775 364 1323 119 43 86 14 157 668 30
internal_value=0.0057935 0.000903181 0.00592915 0.0352136 0.00382865 -0.00733777 -0.00936237 0.00991777 0.0127992 0.00333016 -0.0173719 0.00892619 0.0141834 0.0393698
internal_weight=875.487 400.544 248.804 16.6517 232.153 151.74 145.436 474.942 330.416 144.526 30.7541 113.772 320.834 6.3041
internal_count=4211 3027 1305 71 1234 1722 1687 1184 808 376 100 276 765 35
is_linear=0
shrinkage=0.03


Tree=65
num_leaves=12
num_cat=0
split_feature=18 15 3 9 5 12 13 8 0 26 7
split_gain=19.1628 15.6351 15.8422 20.3291 17.867 8.75707 7.47102 6.81147 5.9043 5.94018 1.85454
threshold=0.0050547399464996477 -0.03541618623937344 0.96653771435289682 0.46414888676421967 -0.0026039392864320768 -0.023277691071747538 0.025762469720901928 0.012113054018323221 -0.0094425011141527748 -0.0073223439766216545 183569368.42450002
decision_type=2 2 2 2 2 2 2 2 2 2 2
left_child=5 10 4 -4 -3 6 -1 -8 -7 -10 -2
right_child=1 2 3 -5 -6 8 7 -9 9 -11 -12
leaf_value=0.084604496970173484 0.038604863263484959 0.0012098850132784521 0.033681814170991357 -0.021027429704208823 0.010536740939745708 0.026406226216167211 -0.032656470509307631 0.03820961425040649 0.013742287386247536 -0.031074617003091626 0.02158841764829909
leaf_weight=1.182372486218809 12.586973890662195 306.2593280300498 7.357683688402175 36.127726186066866 466.2993040420115 2.0601530615240362 2.6020418666303158 2.2994163483381271 2.9836194850504425 24.668929722160101 10.634131744503973
leaf_count=4 16 1270 24 208 1617 17 45 6 33 954 17
internal_value=0.00562154 0.0065384 0.00584768 -0.0117707 0.00683937 -0.0158746 0.016917 0.000588867 -0.0225888 -0.026239 0.0308122
internal_weight=875.062 839.265 816.044 43.4854 772.559 35.7965 6.08383 4.90146 29.7127 27.6525 23.2211
internal_count=4211 3152 3119 232 2887 1059 55 51 1004 987 33
is_linear=0
shrinkage=0.03


Tree=66
num_leaves=15
num_cat=0
split_feature=18 29 23 0 3 29 0 6 23 3 6 6 1 5
split_gain=18.5385 20.24 18.5572 17.867 18.0317 15.893 11.5241 20.8586 21.6294 11.864 11.2368 18.7826 18.3377 9.7381
threshold=0.012085433269519425 0.029086429421443741 64.805250000000015 -0.00078257884875981593 0.02115893365893665 0.051891435955728343 0.00079073277370627336 2277359.5000000005 0.73459022424633846 0.40135637815278541 2091807.5000000002 1215218.5000000002 0.052259448074643118 0.030043283900149768
decision_type=2 2 2 2 2 2 2 2 2 2 2 2 2 2
left_child=1 2 13 5 -5 -3 10 8 -8 -9 11 -2 -12 -1
right_child=6 3 -4 4 -6 -7 7 9 -10 -11 12 -13 -14 -15
leaf_value=-0.027379217621544476 0.012452204095939792 -0.019143174497443627 0.033498707141178335 -0.014788955916272828 0.0096599047819652239 0.0025152233094447364 0.023983403175068484 -0.0017824913405489629 -0.010007952093204668 0.040657923405462884 -0.051167881372115961 0.035747476627651521 0.010699473565992891 0.028845392247328475
leaf_weight=39.984967825934291 183.49699318408966 49.401937098242342 5.8439273387193671 29.894248249009252 295.70494876615703 79.66485707834363 21.29207606613636 8.8112185448408145 80.722431175410748 18.117013052105904 5.9339730739593533 37.519664853811264 15.773516103625296 2.9790055174380532
leaf_count=731 435 494 20 242 1560 260 41 26 252 25 26 58 33 8
internal_value=0.00545167 0.00170015 -0.0166584 0.00367092 0.00741518 -0.0057748 0.0105336 0.00328583 -0.00291341 0.0267709 0.0143839 0.0164068 -0.00621263 -0.0234808
internal_weight=875.141 503.474 48.8079 454.666 325.599 129.067 371.667 128.943 102.015 26.9282 242.724 221.017 21.7075 42.964
internal_count=4211 3315 759 2556 1802 754 896 344 293 51 552 493 59 739
is_linear=0
shrinkage=0.03


Tree=67
num_leaves=14
num_cat=0
split_feature=13 24 4 29 25 24 28 26 15 27 21 25 29
split_gain=18.1353 20.5665 18.1591 29.1831 24.6572 10.6239 18.2939 18.9102 10.1468 10.0929 8.48768 4.48512 0.494534
threshold=0.062786267653425945 0.34336127642579656 222.50000000000003 0.065168678452884835 -0.00044161127236986788 0.57396959284790727 -0.0050786961451266856 0.0037564286513037675 -0.0036868102872384899 0.056833076691567987 2781847.5000000005 -8.1711755986950643e-05 0.053741616351066411
decision_type=2 2 2 2 2 2 2 2 2 2 2 2 2
left_child=1 10 3 -3 -4 8 -7 -8 11 -10 12 -2 -1
right_child=5 2 4 -5 -6 6 7 -9 9 -11 -12 -13 -14
leaf_value=-0.033687184703171405 0.045618330087969318 -0.0076523192074554724 -0.026206364576342678 0.010747883149805034 0.010414912856381398 0.034911778399547594 -0.0082965475138127298 0.029253662812547317 -0.0012220640184891439 0.036651021874762942 0.0053355702542148709 0.021900482296666711 -0.0448965749582904
leaf_weight=9.1608882164582628 19.261914305388931 210.36984005663544 17.341733647510409 122.89501201361418 361.05910796299577 18.106181100010872 49.581373669207096 15.954080775380133 18.38828764855862 9.6594208776950818 5.5823714807629576 11.436042085289953 5.7753435857594004
leaf_count=174 20 1649 116 300 1613 24 148 28 50 13 24 21 31
internal_value=0.00529065 0.00338558 0.00423932 -0.000867046 0.0087366 0.0150869 0.00821935 0.00084475 0.0248649 0.0118211 -0.0262256 0.0367826 -0.0380215
internal_weight=874.572 732.184 711.666 333.265 378.401 142.387 83.6416 65.5355 58.7457 28.0477 20.5186 30.698 14.9362
internal_count=4211 3907 3678 1949 1729 304 200 176 104 63 229 41 205
is_linear=0
shrinkage=0.03


Tree=68
num_leaves=14
num_cat=0
split_feature=13 5 24 29 17 14 11 22 6 22 25 22 21
split_gain=17.3496 17.067 18.2414 17.5005 15.615 15.4105 16.1467 15.3448 13.4417 31.386 4.90788 4.47238 2.64695
threshold=0.024050396188292206 0.016488136029025626 1.7250493029863321 0.065756621496700932 -0.00082180111372388029 0.75848146980409614 0.0028020112891749302 57714150.437500007 353341.50000000006 271228300.45850009 1.6511671285612653e-05 3093380579.6660008 277735.50000000006
decision_type=2 2 2 2 2 2 2 2 2 2 2 2 2
left_child=4 2 3 -2 11 7 -7 -6 9 -3 -10 12 -1
right_child=1 8 -4 -5 5 6 -8 -9 10 -11 -12 -13 -14
leaf_value=-0.012439097608953766 0.00073472507664873975 0.026302307097243682 0.044163531130470189 0.01015458418308848 -0.032667660385337728 0.073574173762778847 -0.03363266136899392 0.020182914854497774 0.048063959085932521 -0.049062389987404913 0.021526435089872255 0.011088380642691324 -0.033966378783482278
leaf_weight=6.8260022662580075 416.62501309253275 20.403096053749326 10.723452940583227 309.26335233077407 5.8374968171119681 1.3930955436080683 13.685398777946828 32.313059641048312 16.504734054207805 6.5762470364570609 10.116675943136213 2.8076879922300568 20.819110699929297
leaf_count=145 1973 57 27 728 169 24 281 347 17 30 19 29 365
internal_value=0.00513559 0.00651115 0.00532184 0.00474804 -0.00785394 0.00194807 -0.0237279 0.0120961 0.0228553 0.00793207 0.0379792 -0.0249871 -0.028651
internal_weight=873.894 790.213 736.612 725.888 83.6819 53.2291 15.0785 38.1506 53.6008 26.9793 26.6214 30.4528 27.6451
internal_count=4211 2851 2728 2701 1360 821 305 516 123 87 36 539 510
is_linear=0
shrinkage=0.03


Tree=69
num_leaves=14
num_cat=0
split_feature=18 28 28 12 25 25 24 27 12 7 5 28 1
split_gain=16.9389 14.5879 35.6002 24.7846 23.4174 24.8607 22.3926 12.5669 8.16099 6.9259 5.81614 5.25256 3.09577
threshold=0.0050547399464996477 0.00019137072142894282 0.0026141778443542723 -0.039378237862374287 -0.000505418529753091 0.00014573410487927154 0.87373356379625966 0.012684980270600046 -0.023277691071747538 125012735.10250001 0.019477075874674458 -0.0042594076681982994 0.048681264586468535
decision_type=2 2 2 2 2 2 2 2 2 2 2 2 2
left_child=8 4 3 -3 7 -6 -4 -2 9 12 11 -10 -1
right_child=1 2 6 -5 5 -7 -8 -9 10 -11 -12 -13 -14
leaf_value=-0.032341264173421813 -0.041551526334857883 -0.045888556270302382 0.017070099698627519 -0.0046934662501185703 0.016890628940710549 0.0033361618372723593 -0.015462061914323163 0.0028336241105920211 0.0094315929630223901 0.051599415410909857 0.026060179886137243 -0.031107231739695276 0.032139369779673382
leaf_weight=2.2784869875758882 12.139712041243913 14.25416976213455 122.29074075445533 168.79542944952846 254.1156039647758 233.86272891424596 22.55447531118989 10.892188914120196 3.284059099853045 2.7210063822567463 2.0767977442592374 23.181354808621109 0.94932361319661129
leaf_count=44 90 70 429 803 755 855 112 38 48 8 19 937 3
internal_value=0.00498338 0.00583052 0.000891864 -0.00790135 0.00899946 0.0103947 0.0120044 -0.020561 -0.0156211 0.0163434 -0.0222832 -0.0260768 -0.013377
internal_weight=873.396 838.905 327.895 183.05 511.01 487.978 144.845 23.0319 34.491 5.94882 28.5422 26.4654 3.22781
internal_count=4211 3152 1414 873 1738 1610 541 128 1059 55 1004 985 47
is_linear=0
shrinkage=0.03


Tree=70
num_leaves=14
num_cat=0
split_feature=13 24 20 7 25 16 4 5 24 24 21 14 18
split_gain=16.9017 19.1995 17.4802 28.1958 24.2791 10.5725 11.0082 14.0727 9.85865 17.7434 8.25057 5.35727 0.358796
threshold=0.062786267653425945 0.34336127642579656 0.011848705958726299 442703407.35150009 -0.00044161127236986788 0.75000000000000011 322.50000000000006 0.0016158510907100206 0.57396959284790727 0.71851965490221159 2781847.5000000005 0.090250647488529068 0.0078134368386107884
decision_type=2 2 2 2 2 2 2 2 2 2 2 2 2
left_child=1 10 4 -4 -3 8 7 -7 11 -10 12 -2 -1
right_child=5 2 3 -5 -6 6 -8 -9 9 -11 -12 -13 -14
leaf_value=-0.034098704441669847 0.048337046808680284 -0.019785410682681227 -0.015812705593064014 0.032427660342409161 0.0069545014957321108 -0.053582323977252801 0.024163972193408871 0.0048662785458664388 -0.013803808179844154 0.020375382026760636 0.0050678388671145666 0.023221072675529635 -0.0437941205109579
leaf_weight=8.9590686662122625 9.281025253236292 32.223383286036551 74.547825918532908 12.772845093160866 592.05087834224105 6.2693032920360574 8.1280156821012497 9.0725611448287946 19.458279684185982 45.94992396235466 5.5913905873894683 43.317803606390953 5.5716048628091803
leaf_count=172 10 264 421 31 2962 27 14 23 60 92 24 78 33
internal_value=0.00483384 0.00299856 0.00381573 -0.00875634 0.00557426 0.0143259 -0.00406347 -0.0190182 0.0179833 0.0102074 -0.0258999 0.0276528 -0.0378163
internal_weight=873.194 731.717 711.595 87.3207 624.274 141.477 23.4699 15.3419 118.007 65.4082 20.1221 52.5988 14.5307
internal_count=4211 3907 3678 452 3226 304 64 50 240 152 229 88 205
is_linear=0
shrinkage=0.03


Tree=71
num_leaves=15
num_cat=0
split_feature=13 26 28 11 25 5 3 16 1 11 28 0 23 13
split_gain=15.9714 18.3158 21.0523 30.498 26.1054 14.0773 17.6499 9.96791 10.5791 10.0896 25.9233 9.99399 8.70933 0.342663
threshold=0.062786267653425945 0.0079402470410583712 0.003220449226807419 0.018865857625980798 -0.000505418529753091 0.0087445667060506525 0.63023981282901242 0.75000000000000011 0.036853841057699135 0.020679575497514032 -0.00053755190600091073 0.00088474280201712014 1.0774333927796371 0.041889912053951449
decision_type=2 2 2 2 2 2 2 2 2 2 2 2 2 2
left_child=1 2 4 -4 -1 13 -7 9 -9 10 -2 -10 -11 -3
right_child=7 5 3 -5 -6 6 -8 8 11 12 -12 -13 -14 -15
leaf_value=-0.028951712150453893 0.018624167413889985 -0.036082557999200369 -0.0063238018844961131 0.032736733192864083 0.0031503345262732692 0.05132527755395206 -0.040427580080532342 -0.034752291716206779 0.024968063319153622 0.00029648767358712684 -0.034842402351912626 -0.025702619600615182 0.029235329178949141 -0.045120977127741255
leaf_weight=23.687151969410479 36.77544130384922 8.3216345952823776 28.309983518905938 49.352646242827177 607.71430684998631 4.1664523817598811 3.4487301018089056 7.0247868224978474 11.298153072595598 11.111310742795466 10.489337295293806 5.0776513963937751 59.375829577445984 6.9095395281910887
leaf_count=225 75 101 218 125 3168 7 25 27 20 27 45 17 93 38
internal_value=0.004689 0.00290709 0.00375895 0.0184982 0.00194602 -0.0235316 0.00977265 0.0139286 -0.00395475 0.0174826 0.00675848 0.00925659 0.0246735 -0.0401828
internal_weight=873.063 731.91 709.064 77.6626 631.401 22.8464 7.61518 141.153 23.4006 117.752 47.2648 16.3758 70.4871 15.2312
internal_count=4211 3907 3736 343 3393 171 32 304 64 240 120 37 120 139
is_linear=0
shrinkage=0.03


Tree=72
num_leaves=14
num_cat=0
split_feature=18 26 26 20 4 26 11 29 12 27 13 26 27
split_gain=15.7373 14.5733 47.7261 25.5223 24.332 24.0675 22.7726 13.856 7.67212 6.65986 5.8098 5.71462 2.61332
threshold=0.0050547399464996477 -0.00060459397766948015 -0.0026459230119469817 -0.08151747663907824 92.500000000000014 1.0000000180025095e-35 0.017636909639815072 0.069736050509388012 -0.023277691071747538 -0.010911886716852615 0.040740634030088048 -0.0073223439766216545 -0.042764354616059728
decision_type=2 2 2 2 2 2 2 2 2 2 2 2 2
left_child=8 2 3 -2 -4 7 -7 -3 9 12 11 -10 -1
right_child=1 5 4 -5 -6 6 -8 -9 10 -11 -12 -13 -14
leaf_value=0.026973158771807983 0.026928476120221697 -0.011782678506760985 0.001749552547187973 -0.0037123147955345961 0.027420933813362764 -0.0062403337277523434 0.008696584367632083 -0.056721578876351084 0.013002593311753815 0.049884257573421374 0.026480996064906451 -0.031056464529017069 -0.032442981455704144
leaf_weight=0.96132990717887912 28.028167545795441 24.155266549438238 44.181588266044855 192.50198293291032 134.04751175455749 139.81170069240034 267.84637551382184 8.2956789284944517 2.9970121253281894 2.7327059451490632 2.0534116663038722 22.847760143689811 2.1703665312379599
leaf_count=3 51 116 165 783 319 781 902 35 33 10 17 954 42
internal_value=0.00454999 0.00535823 0.00951234 0.000181961 0.0210572 0.00159442 0.00357377 -0.0232707 -0.0155317 0.0156599 -0.0220884 -0.0259473 -0.0142041
internal_weight=872.631 838.868 398.759 220.53 178.229 440.109 407.658 32.4509 33.7626 5.8644 27.8982 25.8448 3.1317
internal_count=4211 3152 1318 834 484 1834 1683 151 1059 55 1004 987 45
is_linear=0
shrinkage=0.03


Tree=73
num_leaves=15
num_cat=0
split_feature=18 29 0 0 11 13 3 11 11 11 0 25 26 12
split_gain=15.1464 17.8558 16.665 17.3436 15.1269 14.8722 20.3712 11.0375 19.3196 15.0615 14.9788 12.5526 24.8083 11.8698
threshold=0.012085433269519425 0.029086429421443741 -0.00078257884875981593 -0.00039218089772119247 0.055222820285729772 0.038632278015086161 0.85101139055732511 0.0044773435440725621 0.001376260307965375 0.0010815995307532228 -0.00029020732813911338 0.00027196287688886013 0.0037564286513037675 -0.014428930331432938
decision_type=2 2 2 2 2 2 2 2 2 2 2 2 2 2
left_child=1 5 4 -4 -3 -1 -7 8 9 -2 -10 13 -13 -9
right_child=7 2 3 -5 -6 6 -8 11 10 -11 -12 12 -14 -15
leaf_value=-0.02898092129937202 -0.0014472122786979682 -0.009630394514961442 0.025058828560561193 0.0038800698880889673 0.025695722485677724 -0.024568780479149219 0.041585702960338498 0.020009352154605319 0.0045993729480976299 0.048149867626418826 -0.049513259248919084 -0.010730887732195785 0.028843345788818923 0.0068060695452894227
leaf_weight=30.544210630469024 21.988331705331806 116.22410466242582 39.596612178720534 287.28804675117135 12.039503976702688 9.0274455081671494 7.8167553916573516 140.04389490187168 7.7000212818384197 7.3535021543502799 11.449604280292986 52.502891197800636 19.570808529853821 108.95934368669987
leaf_count=682 62 728 167 1635 26 54 23 276 22 11 52 171 34 268
internal_value=0.00441542 0.00102499 0.00284967 0.00644552 -0.0063145 -0.0165004 0.00613101 0.0090257 -0.00431506 0.0109826 -0.0277547 0.0110405 1.50536e-05 0.0142318
internal_weight=872.105 502.537 455.148 326.885 128.264 47.3884 16.8442 369.568 48.4915 29.3418 19.1496 321.077 72.0737 249.003
internal_count=4211 3315 2556 1802 754 759 77 896 147 73 74 749 205 544
is_linear=0
shrinkage=0.03


Tree=74
num_leaves=13
num_cat=0
split_feature=5 3 7 15 5 11 6 22 26 9 25 29
split_gain=15.3225 21.0754 18.3274 18.6527 15.8694 26.4765 14.3464 26.7835 12.9764 10.6347 4.55544 0.193421
threshold=0.016488136029025626 0.91217682877688888 1459643613.2280004 -0.024901962758670081 -0.0026039392864320768 0.04867889687733061 353341.50000000006 271228300.45850009 0.0079402470410583712 1.0936648352104295 1.6511671285612653e-05 0.059750584344226115
decision_type=2 2 2 2 2 2 2 2 2 2 2 2
left_child=1 4 3 -3 5 -1 7 9 -6 -2 -8 -9
right_child=6 2 -4 -5 8 -7 10 11 -10 -11 -12 -13
leaf_value=-0.0038273359921420502 0.039603408027691606 0.022354857019342474 0.049884995168196666 -0.022247069689726732 0.0096039702966987973 0.020423529835614889 0.045337272610151032 -0.042365395556368708 -0.018769064851834057 -0.0023565334487433503 0.019748819426572781 -0.052842679258521846
leaf_weight=274.79676371999085 12.07006154954434 9.8554866015911085 4.0442093089222899 58.702952375635505 406.44857639819384 47.525614239275455 16.314277000725273 2.7115078456699839 15.044170728884636 9.8910612231120449 10.161809973418711 3.8197398036718369
leaf_count=1540 34 18 6 518 1786 93 18 15 90 57 20 16
internal_value=0.00428566 0.00325342 -0.0121746 -0.0158354 0.00475932 -0.000251608 0.019617 0.00484297 0.00859126 0.0207051 0.0355161 -0.0484929
internal_weight=871.386 816.418 72.6026 68.5584 743.815 322.322 54.9685 28.4924 421.493 21.9611 26.4761 6.53125
internal_count=4211 4051 542 536 3509 1633 160 122 1876 91 38 31
is_linear=0
shrinkage=0.03


Tree=75
num_leaves=10
num_cat=0
split_feature=15 18 3 9 26 22 8 0 22
split_gain=14.8078 15.0388 13.4874 18.7733 13.9697 7.72248 10.1838 6.70839 1.87946
threshold=-0.03541618623937344 0.0050547399464996477 0.96653771435289682 0.46414888676421967 -0.00044778818407586579 344136363.42100006 -0.0081289230469556856 -0.0094425011141527748 996681478.59500015
decision_type=2 2 2 2 2 2 2 2 2
left_child=8 5 4 -4 -3 7 -7 -2 -1
right_child=1 2 3 -5 -6 6 -8 -9 -10
leaf_value=0.035588510600261317 0.026080419658764287 0.0094826040708851696 0.031223479081978041 -0.021205323514473684 0.0014048112475849518 0.048203927364484984 -0.017054575178474515 -0.031190186154006438 0.018235033878756409
leaf_weight=12.848697274923326 2.0206241440027979 364.85880703851581 7.4408105053007594 35.343021338805556 408.31515273079276 3.3501516859978437 6.0186293926089984 20.679319590330124 9.9797329008579236
leaf_count=17 17 1208 24 208 1679 34 177 830 17
internal_value=0.00415923 0.00351739 0.0043094 -0.0120871 0.0052167 -0.0166345 0.006281 -0.0260923 0.0280022
internal_weight=870.855 848.027 815.958 42.7838 773.174 32.0687 9.36878 22.6999 22.8284
internal_count=4211 4177 3119 232 2887 1058 211 847 34
is_linear=0
shrinkage=0.03


Tree=76
num_leaves=13
num_cat=0
split_feature=5 3 7 15 29 28 8 25 5 17 3 18
split_gain=14.6118 19.5011 17.3897 17.279 15.1024 23.5616 20.9237 12.4555 10.9603 15.092 9.65485 3.9062
threshold=0.016488136029025626 0.91217682877688888 1459643613.2280004 -0.024901962758670081 0.065756621496700932 -0.00071489947709229955 -0.014427277842728835 0.00036061617792229307 0.020266201574629363 0.0043455370071209731 0.94285714285714273 0.011936186847222469
decision_type=2 2 2 2 2 2 2 2 2 2 2 2
left_child=1 4 3 -3 5 -1 -6 8 11 -10 -9 -2
right_child=7 2 -4 -5 6 -7 -8 10 9 -11 -12 -13
leaf_value=0.0085071804674200918 0.022407803000156171 0.021441614389275655 0.048471812952416926 -0.021767526131739209 -0.011836586424635323 -0.0053242172778586892 0.012644479825703813 -0.050753413070397553 -0.017631801026191919 0.037928854615618249 0.015947060008028445 0.045021075330925406
leaf_weight=203.69590235035866 11.204652369953694 9.7309799790382367 4.0479566864669314 57.82661421969533 35.708356745541096 243.17095202207565 261.70031640306115 3.7482480751350513 10.156284160912039 7.7633346468210211 4.0781661905348301 17.791420742869377
leaf_count=1040 37 18 6 518 115 1768 586 23 50 14 15 21
internal_value=0.00403497 0.00302826 -0.0119248 -0.0155437 0.00446687 0.000980567 0.00970516 0.0190391 0.0248838 0.0064388 -0.0159973 0.0362829
internal_weight=870.623 815.881 71.6056 67.5576 744.276 446.867 297.409 54.7421 46.9157 17.9196 7.82641 28.9961
internal_count=4211 4051 542 536 3509 2808 701 160 122 64 38 58
is_linear=0
shrinkage=0.03


Tree=77
num_leaves=15
num_cat=0
split_feature=1 9 26 26 5 7 28 27 24 5 13 5 5 17
split_gain=13.9533 18.6887 32.2103 22.7166 18.8978 21.6856 18.3814 21.467 16.7072 15.1351 14.9229 11.1386 12.8699 12.1545
threshold=0.045770096998909229 0.99143689823056336 -0.0070611942731100717 0.0064125877341282981 -0.0038984128933676758 10821120.131000003 -0.00024825796400243961 0.012182040611423634 0.71645506556738459 0.0016158510907100206 0.025762469720901928 -0.018346212681275689 -0.0091544541006200134 -0.010679137738997516
decision_type=2 2 2 2 2 2 2 2 2 2 2 2 2 2
left_child=1 2 -1 -4 10 -6 11 8 -8 -9 -3 13 -13 -2
right_child=6 4 3 -5 5 -7 7 9 -10 -11 -12 12 -14 -15
leaf_value=-0.034354433163046386 0.017041718769990499 0.0053722742882355958 0.011342598137705254 -0.023830364272699391 -0.020709470939036283 0.004929299612588459 -0.0045470977857128446 -0.0035063290813113946 -0.044924130983952391 0.025985182743206523 -0.024550857694861705 0.033594277618783988 0.013077387788470446 -0.048628135391909924
leaf_weight=16.31500425003469 5.2440900355577469 20.229794385842979 253.3590235542506 17.679159875959158 35.910558304749429 171.41747903265059 53.965250894427299 27.884010741487145 11.124333944171665 35.729560472071171 58.017237525433302 35.491928340867162 122.45419927500188 4.9129808954894525
leaf_count=111 10 296 1079 135 517 865 217 94 66 71 344 68 311 27
internal_value=0.00391756 0.0011826 0.00658408 0.00904835 -0.00425252 0.000488499 0.0091969 0.000664571 -0.0114479 0.013058 -0.0168146 0.0157294 0.0176877 -0.0147228
internal_weight=869.735 572.928 287.353 271.038 285.575 207.328 296.806 128.703 65.0896 63.6136 78.247 168.103 157.946 10.1571
internal_count=4211 3347 1325 1214 2022 1382 864 448 283 165 640 416 379 37
is_linear=0
shrinkage=0.03


Tree=78
num_leaves=10
num_cat=0
split_feature=15 18 26 26 29 22 12 0 5
split_gain=13.7524 13.9395 13.8023 45.9926 21.6867 7.44741 9.70357 6.39552 1.95222
threshold=-0.03541618623937344 0.0050547399464996477 -0.0026459230119469817 -0.00060459397766948015 0.069736050509388012 344136363.42100006 -0.011740320911812612 -0.0094425011141527748 0.0035166895071290132
decision_type=2 2 2 2 2 2 2 2 2
left_child=8 5 4 -4 -3 7 -7 -2 -1
right_child=1 2 3 -5 -6 6 -8 -9 -10
leaf_value=0.01792052920428161 0.024760949333413888 -0.009915455570304885 0.019154330908633246 0.00096859423629259045 0.010620349782668738 0.031068444389679303 -0.03113599184993196 -0.031151125670348914 0.035629774157232126
leaf_weight=10.936683535575868 2.028443390503532 133.63421473838389 175.74099217168987 434.8725691922009 70.803684055805206 5.5884999465197325 3.7860499406233412 19.94899960514158 11.48629370331764
leaf_count=19 17 654 481 1826 158 60 151 830 15
internal_value=0.00380296 0.00318863 0.00394372 0.00620264 -0.00280322 -0.0164412 0.00594627 -0.0259906 0.0269922
internal_weight=868.826 846.403 815.051 610.614 204.438 31.352 9.37455 21.9774 22.423
internal_count=4211 4177 3119 2307 812 1058 211 847 34
is_linear=0
shrinkage=0.03


Tree=79
num_leaves=13
num_cat=0
split_feature=5 29 8 25 26 8 5 6 7 25 9 25
split_gain=13.7562 16.4132 20.8423 32.2913 17.8525 17.4415 15.929 13.3821 18.5997 10.3334 9.69899 4.3489
threshold=0.016488136029025626 0.065756621496700932 -0.022636781585878559 -0.00022115147749914168 0.0025828428414974782 -0.014427277842728835 -0.01195109168882327 353341.50000000006 68597477.607500017 0.00056576806837775378 1.0936648352104295 1.6511671285612653e-05
decision_type=2 2 2 2 2 2 2 2 2 2 2 2
left_child=1 2 4 -4 -1 6 -3 8 10 -7 -2 -9
right_child=7 5 3 -5 -6 9 -8 11 -10 -11 -12 -13
leaf_value=0.033401608019481561 0.03269392261410705 0.0069019772587201331 -0.020234699482224082 0.0011724729519138723 -0.02226074865127451 0.0082466002392873085 -0.033340247523296632 0.043505261839710131 -0.049857514162373384 0.024960769168070444 -0.0059063292078503542 0.018346703699195999
leaf_weight=26.299813400954008 12.762342462316161 19.094906210899353 75.845980849117041 387.00946705974638 6.4595195977017275 243.83447943069041 16.503864929080009 16.020997010171417 4.7914776802062979 38.55400550365448 10.830042699351905 10.070839159190653
leaf_count=61 37 51 694 2496 35 579 64 18 21 71 64 20
internal_value=0.00369155 0.00271434 -0.000698729 -0.00233542 0.022426 0.00803395 -0.0117546 0.0182863 0.00403025 0.0105286 0.0149745 0.0337946
internal_weight=868.078 813.602 495.615 462.855 32.7593 317.987 35.5988 54.4757 28.3839 282.388 23.5924 26.0918
internal_count=4211 4051 3286 3190 96 765 115 160 122 650 101 38
is_linear=0
shrinkage=0.03


Tree=80
num_leaves=12
num_cat=0
split_feature=28 28 26 11 28 25 26 7 15 11 29
split_gain=13.3 16.9388 32.1098 23.7144 23.2705 35.2394 25.2531 16.0504 0.284223 0.242887 0.0955262
threshold=0.0049372650874768649 0.003220449226807419 0.0079402470410583712 0.018865857625980798 0.00024596161941539387 -1.6886585215245015e-05 -0.0026459230119469817 822079271.86450016 0.015003979988508437 0.03763076607918666 0.050686854471700231
decision_type=2 2 2 2 2 2 2 2 2 2 2
left_child=1 4 3 -3 6 -6 -1 8 10 -4 -2
right_child=7 2 9 -5 5 -7 -8 -9 -10 -11 -12
leaf_value=-0.0013542651436692864 -0.033906089754046534 -0.0013458248017704801 -0.035388115767949667 0.034612847765562386 0.006120363728940109 -0.016825636671343569 0.011900580635332702 0.031827273835051538 -0.047798826822556414 -0.045889149646412206 -0.041213872799428085
leaf_weight=226.8388409242034 2.7997202510014159 24.389116114005446 4.6158158592879754 51.068822043947875 123.80273270700127 117.31640041340142 301.03989108465612 3.4546829611062995 4.6442117094993591 3.4746086150407791 3.7880835942924023
leaf_count=1054 47 177 48 117 660 851 1189 7 21 18 22
internal_value=0.00358391 0.00407153 0.0169007 0.0229905 0.0026777 -0.005044 0.00620474 -0.024722 -0.0421151 -0.039898 -0.0381082
internal_weight=867.233 852.546 83.5484 75.4579 768.998 241.119 527.879 14.6867 11.232 8.09042 6.5878
internal_count=4211 4114 360 294 3754 1511 2243 97 90 66 69
is_linear=0
shrinkage=0.03


Tree=81
num_leaves=10
num_cat=0
split_feature=13 18 28 28 28 24 7 6 13
split_gain=13.3049 13.2976 16.0921 18.1981 11.3665 18.2945 13.8208 5.86767 0.227687
threshold=0.079766925137766578 0.027347698298702407 0.0050543460479265381 0.003220449226807419 -0.0050786961451266856 0.65781156446538125 244864457.92550004 311311.50000000006 0.035526132100572629
decision_type=2 2 2 2 2 2 2 2 2
left_child=1 2 3 -1 -2 7 -7 -6 -4
right_child=4 -3 8 -5 5 6 -8 -9 -10
leaf_value=0.00071164449130560687 0.039629580678585283 0.028550578672149159 -0.037651163407626864 0.01544311665214693 2.4058294149083667e-05 -0.04144348481971085 0.01338825112305269 0.031597686726837083 -0.048311599365546673
leaf_weight=697.16303418111056 15.058685228228567 17.203513011336327 4.3123945081606498 84.632296091876924 6.984234660863879 8.7580333799123782 7.8415804654359809 21.932795196771622 3.0988945439457893
leaf_count=3629 17 27 47 382 17 33 15 30 14
internal_value=0.00347664 0.00245807 0.00188929 0.00230638 0.0170364 0.00956167 -0.0155412 0.0239718 -0.0421086
internal_weight=866.985 806.41 789.207 781.795 60.5753 45.5166 16.5996 28.917 7.41129
internal_count=4211 4099 4072 4011 112 95 48 47 61
is_linear=0
shrinkage=0.03


Tree=82
num_leaves=15
num_cat=0
split_feature=13 17 29 15 13 27 28 28 0 29 29 18 18 18
split_gain=12.7203 15.2655 14.1607 15.2859 12.9612 36.6907 15.1095 26.3563 16.4685 0.0985778 0.0640871 0.0372601 0.0119438 0.00379519
threshold=0.024050396188292206 -0.0030534626983468346 0.029086429421443741 0.0036399510553650882 0.024708332985583389 0.0037589934087020409 0.00019137072142894282 0.0026141778443542723 0.0078593093767303501 0.050244662236799832 0.057048793532669069 0.0089234681007510971 0.0051633691404693533 0.0057864166362805707
decision_type=2 2 2 2 2 2 2 2 2 2 2 2 2 2
left_child=1 9 12 -4 5 10 8 -8 -6 13 -2 -11 -3 -1
right_child=4 2 3 -5 6 -7 7 -9 -10 11 -12 -13 -14 -15
leaf_value=-0.031289993331239337 -0.033961938880069362 -0.030743062405951389 0.015192183839230653 -0.020139646834810229 0.0063627743857482873 0.074945078906293067 -0.0089847517085562493 0.0087962662641701238 0.036614651858534707 -0.035345652898215479 -0.041800509018481799 -0.0406855448665948 -0.032690043989767173 -0.032815302463733063
leaf_weight=1.7337298933416629 2.5875667817890626 6.5876558627933246 38.247784736566246 15.481138903647659 452.70984462834895 7.5802278909832239 169.99252613820136 134.29967847466469 16.796286167576909 2.6365683488547793 1.4731707423925398 2.123006209731102 4.9789517819881439 9.582813944667576
leaf_count=64 34 369 461 214 1479 26 784 483 37 23 8 12 76 141
internal_value=0.0033731 -0.00791777 -0.0014703 0.00501188 0.00454283 0.0359629 0.00407015 -0.00113708 0.00744502 -0.0341051 -0.0368056 -0.0377275 -0.0315812 -0.0325816
internal_weight=866.811 81.3716 65.2955 53.7289 785.439 11.641 773.798 304.292 469.506 16.0761 4.06074 4.75957 11.5666 11.3165
internal_count=4211 1360 1120 675 2851 68 2783 1267 1516 240 42 35 445 205
is_linear=0
shrinkage=0.03


Tree=83
num_leaves=13
num_cat=0
split_feature=5 3 7 9 5 11 28 6 22 22 25 22
split_gain=12.947 18.4294 16.036 16.031 14.2222 23.8893 15.8178 12.6361 24.0158 9.85951 4.09963 0.103734
threshold=0.016488136029025626 0.91217682877688888 1459643613.2280004 0.68929877431683451 -0.0026039392864320768 0.04867889687733061 -0.0031240396689455551 353341.50000000006 271228300.45850009 61550968.059 1.6511671285612653e-05 598237498.19200015
decision_type=2 2 2 2 2 2 2 2 2 2 2 2
left_child=1 4 3 -3 5 -1 -6 8 9 -2 -9 -10
right_child=7 2 -4 -5 6 -7 -8 10 11 -11 -12 -13
leaf_value=-0.0044282275401363244 -0.024737208844345257 0.0073942082928630656 0.045557277315895053 -0.025170322722546951 -0.0083226890409594714 0.018717649783387889 0.0095066066442870776 0.042188998414502167 -0.043230555533645958 0.027957577632198072 0.017656348674373275 -0.050882006706478064
leaf_weight=273.90589790046215 3.8852540990337792 19.064003504812717 4.0612999200820914 47.517519040033221 50.953433632850647 47.022458173334599 369.85132681950927 15.786342889070513 2.9467159993946543 18.005232009105384 10.022835925221441 3.4755891710519791
leaf_count=1540 39 113 6 423 239 93 1637 18 16 52 20 15
internal_value=0.00327198 0.00232546 -0.0123161 -0.0158463 0.00371993 -0.00103689 0.00734773 0.0174793 0.00363932 0.018605 0.0326619 -0.0473713
internal_weight=866.498 812.376 70.6428 66.5815 741.733 320.928 420.805 54.122 28.3128 21.8905 25.8092 6.42231
internal_count=4211 4051 542 536 3509 1633 1876 160 122 91 38 31
is_linear=0
shrinkage=0.03


Tree=84
num_leaves=10
num_cat=0
split_feature=15 21 5 4 0 14 9 5 29
split_gain=12.718 12.8277 13.3334 21.4024 11.1353 10.5527 8.46898 1.93875 0.180014
threshold=-0.03541618623937344 136843.00000000003 0.016488136029025626 37.500000000000007 0.0023149768986860217 0.12923823356066322 1.4281447886121994 0.0035166895071290132 0.059072083041905359
decision_type=2 2 2 2 2 2 2 2 2
left_child=7 4 3 -3 8 -4 -6 -1 -2
right_child=1 2 5 -5 6 -7 -8 -9 -10
leaf_value=0.016657527449200071 -0.033763921533668473 -0.0078629597834465915 -0.016923533418028661 0.0047067908920001462 0.028168300336129441 0.023379061629170552 -0.036481181372081756 0.034526542093314197 -0.042821836126645065
leaf_weight=10.723249152302744 12.34886067826301 151.87187407910824 6.736045289784669 618.02479932643473 5.8311253171414119 44.306239771656692 2.6535396873950958 11.143468767404554 2.350526761263608
leaf_count=19 220 943 25 2788 40 117 31 15 13
internal_value=0.00317534 0.00259019 0.00321168 0.00222725 -0.0194164 0.0180603 0.00794947 0.0257637 -0.0352123
internal_weight=865.99 844.123 820.939 769.897 23.1841 51.0423 8.48467 21.8667 14.6994
internal_count=4211 4177 3873 3731 304 142 71 34 233
is_linear=0
shrinkage=0.03


Tree=85
num_leaves=12
num_cat=0
split_feature=28 22 28 26 11 28 26 11 15 11 1
split_gain=12.3304 18.5268 14.4117 29.8919 21.7164 20.7158 23.3489 18.1992 0.265123 0.230001 0.0711606
threshold=0.0049372650874768649 3590352070.3400006 0.003220449226807419 0.0079402470410583712 0.018865857625980798 0.00024596161941539387 -0.0026459230119469817 0.056913200637603939 0.015003979988508437 0.03763076607918666 0.066610996853234669
decision_type=2 2 2 2 2 2 2 2 2 2 2
left_child=2 8 5 4 -4 6 -1 -7 10 -5 -2
right_child=1 -3 3 9 -6 7 -8 -9 -10 -11 -12
leaf_value=-0.0017043337626836139 -0.035925144667876913 0.041908351205886138 -0.0020502477133391736 -0.035342009334976415 0.032247622581863179 -0.0081948628997293212 0.011051972894797719 0.016648884235017765 -0.046984493252152121 -0.04560554612880062 -0.043181298485460463
leaf_weight=226.0915591577068 4.7546382527798396 3.0018035471439353 24.551042791455984 4.5533195063471776 51.398814434185624 209.64368110895157 301.15312214754522 30.383571192622185 5.0393813699483871 3.4569966346025467 1.6345463544130323
leaf_count=1054 61 5 177 48 117 1448 1189 63 23 18 8
internal_value=0.00308095 -0.0244183 0.00354712 0.0153474 0.0211607 0.00225585 0.00558185 -0.00505005 -0.0418395 -0.0397714 -0.0377815
internal_weight=865.662 14.4304 851.232 83.9602 75.9499 767.272 527.245 240.027 11.4286 8.01032 6.38918
internal_count=4211 97 4114 360 294 3754 2243 1511 92 66 69
is_linear=0
shrinkage=0.03


Tree=86
num_leaves=10
num_cat=0
split_feature=15 18 26 26 29 22 8 8 5
split_gain=12.1593 12.2449 11.7656 40.4139 20.0124 7.30321 9.26718 6.09298 1.89171
threshold=-0.03541618623937344 0.0050547399464996477 -0.0026459230119469817 -0.00060459397766948015 0.069736050509388012 344136363.42100006 -0.0081289230469556856 0.01885310299035883 0.0035166895071290132
decision_type=2 2 2 2 2 2 2 2 2
left_child=8 5 4 -4 -3 7 -7 -2 -1
right_child=1 2 3 -5 -6 6 -8 -9 -10
leaf_value=0.016181361682599926 -0.031150647133987162 -0.0099870394138939535 0.017324128394891475 0.00028059370560478791 0.0097674778707783662 0.044993671337193869 -0.017100009002041026 0.02377358591019979 0.033917273458449686
leaf_weight=10.659439206123354 19.207094081677504 132.85497407801449 176.10469507798553 433.29955018591136 70.723290801048279 3.4424761328846216 5.8210292430594546 2.0078141018748275 10.995344027876852
leaf_count=19 834 654 481 1826 158 34 177 13 15
internal_value=0.00298987 0.00242 0.00311987 0.00520581 -0.0031243 -0.0162486 0.00597506 -0.0259525 0.0251869
internal_weight=865.116 843.461 812.983 609.404 203.578 30.4784 9.26351 21.2149 21.6548
internal_count=4211 4177 3119 2307 812 1058 211 847 34
is_linear=0
shrinkage=0.03


Tree=87
num_leaves=13
num_cat=0
split_feature=13 26 28 28 28 28 6 5 3 9 6 11
split_gain=11.978 13.7634 16.803 23.1666 18.8943 10.9852 13.2189 9.95184 15.854 8.05407 7.72084 6.66147
threshold=0.079766925137766578 0.0079402470410583712 0.003220449226807419 0.0042552800903629647 0.0010540996538632244 -0.0050786961451266856 353341.50000000006 0.0087445667060506525 0.63023981282901242 2.3613856835728457 622848.50000000012 0.068769922221133442
decision_type=2 2 2 2 2 2 2 2 2 2 2 2
left_child=1 2 4 -4 -1 -2 9 11 -9 -7 -8 -3
right_child=5 7 3 -5 -6 6 10 8 -10 -11 -12 -13
leaf_value=0.0036005072628367911 0.038597487843525506 -0.039996855880929008 0.035902697466669874 0.0029786157874731128 -0.0087057304784961282 -0.0011127218867843847 0.035966150414413006 0.047499813054295272 -0.039796898652408277 -0.05238687010093495 0.0061947456583881415 0.023197388090867625
leaf_weight=558.78545385133475 14.508280992507933 14.743981243111197 31.062186894007027 50.513352837413549 140.52216446958482 8.7886746227741224 13.64117683470249 4.1419026069343081 3.4169758260250092 4.0175133198499671 18.434604808688164 1.6714572757482535
leaf_count=2619 17 141 102 249 952 21 17 7 26 18 39 3
internal_value=0.00290265 0.00194327 0.00263066 0.0155154 0.00112763 0.0159042 0.00856856 -0.0204463 0.00803751 -0.0171983 0.0188559 -0.0335623
internal_weight=864.248 804.857 780.883 81.5755 699.308 59.3903 44.882 23.9743 7.55888 12.8062 32.0758 16.4154
internal_count=4211 4099 3922 351 3571 112 95 177 33 39 56 144
is_linear=0
shrinkage=0.03


Tree=88
num_leaves=12
num_cat=0
split_feature=28 22 28 26 25 28 24 10 15 18 29
split_gain=11.4811 17.3888 13.0832 27.2811 19.7974 20.5463 17.7421 11.599 0.229895 0.193368 0.07297
threshold=0.0049372650874768649 3590352070.3400006 0.003220449226807419 0.0079402470410583712 -0.000505418529753091 0.00019137072142894282 0.48313100105508439 0.011532426842289683 0.015003979988508437 0.011549575427935407 0.050686854471700231
decision_type=2 2 2 2 2 2 2 2 2 2 2
left_child=2 8 4 6 7 -6 -4 -1 10 -5 -2
right_child=1 -3 3 9 5 -7 -8 -9 -10 -11 -12
leaf_value=-0.039823370380641397 -0.033596458098944015 0.039871609707455284 -0.024964814603002938 -0.036016540572202362 0.0064094751244442288 -0.004289283190417232 0.024595548091122268 0.00011391221437123234 -0.046126929814847999 -0.046155093211829326 -0.040202001968572043
leaf_weight=15.749143220484259 2.5802159206941706 3.0194240361452094 7.1759325796738258 5.1812048451974979 499.89154761936516 238.68813685327768 69.116161743178964 11.198894314467905 4.9401538521051407 2.5148573145270348 3.6122355051338673
leaf_count=182 47 5 54 53 2041 1480 240 51 23 13 22
internal_value=0.00281713 -0.0239817 0.00326357 0.0145035 0.00203041 0.00295194 0.019934 -0.0232265 -0.0413002 -0.0393295 -0.0374497
internal_weight=863.668 14.152 849.516 83.9882 765.528 738.58 76.2921 26.948 11.1326 7.69606 6.19245
internal_count=4211 97 4114 360 3754 3521 294 233 92 66 69
is_linear=0
shrinkage=0.03


Tree=89
num_leaves=12
num_cat=0
split_feature=5 3 10 12 5 14 12 6 6 27 25
split_gain=11.6194 16.7225 13.5218 17.3672 13.2638 20.3257 15.422 11.7306 17.166 9.04971 3.85397
threshold=0.016488136029025626 0.91217682877688888 0.04651101526846068 -0.0093169152352687266 -0.0026039392864320768 0.0041887652970657666 -0.015689729337661409 353341.50000000006 157281.50000000003 0.0028546872003316578 1.6511671285612653e-05
decision_type=2 2 2 2 2 2 2 2 2 2 2
left_child=1 4 3 -3 5 -1 -6 8 9 -2 -9
right_child=7 2 -4 -5 6 -7 -8 10 -10 -11 -12
leaf_value=0.042934419891519762 -0.010376207123851639 -0.0051867726280714387 0.034302930882766022 -0.038475126996361117 0.012426202870980202 -0.0027303193387639276 0.00093106081863524406 0.040466566043142686 -0.047089044646732511 0.028410312048805744 0.01651951614686227
leaf_weight=9.0271978592500073 8.6494092894718104 43.484738323837519 5.2011993229389182 20.877745977602899 209.56520491372794 310.96382231637836 210.59615743719041 15.410181373357775 5.0625489056110373 14.473312824964522 9.9563656374812108
leaf_count=19 57 262 11 269 659 1614 1217 18 24 41 20
internal_value=0.00273316 0.00183808 -0.0122248 -0.0159848 0.00315979 -0.00144208 0.00666453 0.0162669 0.00294667 0.0139016 0.0310674
internal_weight=863.268 809.716 69.5637 64.3625 740.152 319.991 420.161 53.5518 28.1853 23.1227 25.3665
internal_count=4211 4051 542 531 3509 1633 1876 160 122 98 38
is_linear=0
shrinkage=0.03


Tree=90
num_leaves=13
num_cat=0
split_feature=29 5 3 7 5 14 24 18 26 4 3 6
split_gain=11.2368 15.3896 20.7027 18.3212 15.6242 14.0051 12.3731 22.1402 32.7889 12.1401 9.61655 7.68174
threshold=0.085232815619349214 0.016488136029025626 0.91217682877688888 373976915.13700002 -0.0026039392864320768 0.12923823356066322 0.49053744452073128 0.012834738744626839 -0.0066331975443980722 322.50000000000006 0.61750533907901717 353341.50000000006
decision_type=2 2 2 2 2 2 2 2 2 2 2 2
left_child=1 2 4 -4 -1 -3 10 8 -8 -9 -2 -7
right_child=6 5 3 -5 -6 11 7 9 -10 -11 -12 -13
leaf_value=-0.0035292463615090881 0.040348520251264557 -0.027503697652948033 -0.024932753900359109 0.015762288164689883 0.0058893742115435988 0.012116656794509646 0.043291570692960704 0.020686054721084479 -0.044126201235766424 -0.016864921430133753 0.0053668983046650217 0.037990819182454311
leaf_weight=279.24320097919554 19.693516835570339 5.3987046517431727 48.116394722834229 12.554522294551132 366.63405809458345 22.771732613444328 5.1945615261793163 48.905072063207626 15.048993580043314 9.2074549347162229 11.036101154983042 18.89626682549715
leaf_count=1541 26 27 479 44 1762 93 6 86 66 27 29 25
internal_value=0.00265247 0.00134984 0.000243353 -0.0165118 0.00181726 0.01796 0.0116517 0.00532436 -0.0216945 0.0147364 0.0277854 0.0238505
internal_weight=862.701 753.615 706.548 60.6709 645.877 47.0667 109.086 78.3561 20.2436 58.1125 30.7296 41.668
internal_count=4211 3971 3826 523 3303 145 240 185 72 113 55 118
is_linear=0
shrinkage=0.03


Tree=91
num_leaves=13
num_cat=0
split_feature=13 26 26 26 25 25 17 5 3 11 15 1
split_gain=11.1992 12.565 15.0579 30.1322 29.1881 10.8311 14.0876 9.31936 14.3056 6.42813 4.41843 2.78972
threshold=0.079766925137766578 0.0079402470410583712 -0.0026459230119469817 -0.00060459397766948015 0.00020685594365150631 0.00014719146284028416 -0.0048996897083468677 0.0087445667060506525 0.63023981282901242 0.068769922221133442 0.022539907291611525 0.059265409148093369
decision_type=2 2 2 2 2 2 2 2 2 2 2 2
left_child=1 2 4 -4 -1 10 -7 9 -9 -3 11 -2
right_child=5 7 3 -5 -6 6 -8 8 -10 -11 -12 -13
leaf_value=-0.018594282330979386 0.036033541835933602 -0.039566351863665257 0.015106168429299679 0.00023388322039266378 0.0047375602608087583 0.01271731248729694 -0.050506516574322362 0.044875112572324412 -0.039216184661028892 0.022702028372720479 0.0075631808937481103 0.017825724482954691
leaf_weight=81.6713902130723 18.774280816316608 14.208847633562982 175.96692896075547 404.33478387631476 117.94305139407516 10.182182177901266 4.607069104909896 4.125844655558466 3.2588546592742205 1.6671482324600226 12.429964572191237 12.693926855921744
leaf_count=505 23 141 617 2297 503 20 20 7 26 3 26 23
internal_value=0.00257522 0.00165082 0.00229883 0.00474366 -0.00480856 0.0152264 -0.00697784 -0.0200766 0.00776577 -0.0330275 0.0227069 0.0286887
internal_weight=861.864 803.177 779.916 580.302 199.614 58.6874 14.7893 23.2607 7.3847 15.876 43.8982 31.4682
internal_count=4211 4099 3922 2914 1008 112 40 177 33 144 72 46
is_linear=0
shrinkage=0.03


Tree=92
num_leaves=10
num_cat=0
split_feature=24 25 1 5 9 23 15 18 18
split_gain=11.0012 16.4746 14.3998 11.0839 8.34709 7.8694 9.37059 0.214423 0.0371372
threshold=1.7250493029863321 0.001090042596103652 0.014665934904381331 0.016488136029025626 7.8494386990617562 2.2169672780287342 -0.018842490741295358 0.0092686499928689575 0.0064401645764952577
decision_type=2 2 2 2 2 2 2 2 2
left_child=1 2 8 -4 5 6 -2 -3 -1
right_child=4 7 3 -5 -6 -7 -8 -9 -10
leaf_value=-0.032222909540866658 0.038606183036749626 -0.040041910093309728 0.0019855123881300273 0.01624759336273621 0.068892280467805544 0.054175742218803495 -0.040921702080721704 -0.050961994860276846 -0.035997256818120334
leaf_weight=4.2630327511578781 2.3342767655849448 3.1935355532914391 780.70667511597276 52.329575278796256 3.6455346513539544 2.9266706630587578 3.1099645355716339 3.2808789908885956 5.2180156707763672
leaf_count=108 3 24 3817 154 6 9 30 14 46
internal_value=0.00250011 0.00209667 0.00246301 0.00288143 0.0310039 0.0145034 -0.00682327 -0.0455756 -0.0343002
internal_weight=861.008 848.992 842.517 833.036 12.0164 8.37091 5.44424 6.47441 9.48105
internal_count=4211 4163 4125 3971 48 42 33 38 154
is_linear=0
shrinkage=0.03


Tree=93
num_leaves=12
num_cat=0
split_feature=28 22 28 28 26 7 26 24 17 13 13
split_gain=10.722 16.0963 12.7872 28.8971 21.8861 19.1758 18.9477 16.1612 0.192203 0.16685 0.0631017
threshold=0.0049372650874768649 3590352070.3400006 0.0026141778443542723 0.0010540996538632244 0.0079402470410583712 7302761.4060000004 0.0058195437962758221 0.86397551762364311 0.0077803729542152951 0.043889018304000084 0.030943109653829726
decision_type=2 2 2 2 2 2 2 2 2 2 2
left_child=2 8 3 5 7 -1 -5 -4 10 -6 -2
right_child=1 -3 4 6 9 -7 -8 -9 -10 -11 -12
leaf_value=-0.011601520718029263 -0.034364112538014066 0.037450817079161612 0.018548728322568923 -0.02010477601618537 -0.034597737527144803 0.0056800902814639629 0.0088095056009976584 -0.01177061574359097 -0.045953852911904097 -0.043631867858025482 -0.040216185868178607
leaf_weight=64.751216549426317 2.9024828188121301 3.0253839939832678 109.82048720214516 82.298707075417042 3.7751877149566999 537.25965225230902 27.118644920177758 18.48592368606478 4.074708566069603 3.5891509726643562 3.8685674332082272
leaf_count=738 49 5 501 594 46 1967 139 109 19 20 24
internal_value=0.00242486 -0.0237375 0.00285327 0.00124366 0.0112937 0.00382131 -0.0129385 0.0141804 -0.0408057 -0.0390007 -0.0377076
internal_weight=860.97 13.8711 847.099 711.428 135.671 602.011 109.417 128.306 10.8458 7.36434 6.77105
internal_count=4211 97 4114 3438 676 2705 733 610 92 66 73
is_linear=0
shrinkage=0.03


Tree=94
num_leaves=14
num_cat=0
split_feature=29 26 26 4 28 20 8 24 4 17 7 26 3
split_gain=10.5264 13.0164 35.0675 23.6916 22.9007 19.9681 18.8595 11.6088 15.2174 26.1016 13.1371 11.0538 9.11666
threshold=0.085232815619349214 -0.0026459230119469817 -0.00060459397766948015 92.500000000000014 0.0025768289297380454 -0.08151747663907824 -0.010136419773891828 0.49053744452073128 277.50000000000006 -0.0040979478375020298 410471128.06150001 -0.0086781725936227929 0.61750533907901717
decision_type=2 2 2 2 2 2 2 2 2 2 2 2 2
left_child=1 5 3 -3 -4 11 -7 12 10 -10 -9 -1 -2
right_child=7 2 4 -5 -6 6 -8 8 9 -11 -12 -13 -14
leaf_value=0.040490673359771363 0.039100415720629764 -0.0045538697497213123 -0.0065330662587033492 0.021914357678228729 0.008682730611406007 -0.033259818132452143 -0.0048990954194445399 0.0059375074145715341 0.010544406130602165 -0.052607556026602123 0.041652997947112948 -0.0042210138864721474 0.0049487988500727777
leaf_weight=12.233083844184877 19.504281066358093 40.732636398635805 262.35415812954307 120.40130725316703 134.74527206737548 24.595318606123328 148.60908911470324 41.197704505175352 14.812958464026453 9.7787471972405893 11.959678173065184 8.3890094906091672 11.00372416526079
leaf_count=16 26 219 1650 367 739 162 793 96 31 45 13 25 29
internal_value=0.00235314 0.00109411 0.00341973 0.0152235 -0.00136998 -0.00560383 -0.00892637 0.0110996 0.00494573 -0.0145676 0.013973 0.0223021 0.0267825
internal_weight=860.317 752.06 558.233 161.134 397.099 193.827 173.204 108.257 77.7491 24.5917 53.1574 20.6221 30.508
internal_count=4211 3971 2975 586 2389 996 955 240 185 76 109 41 55
is_linear=0
shrinkage=0.03


Tree=95
num_leaves=12
num_cat=0
split_feature=18 9 4 23 8 3 3 25 8 8 23
split_gain=10.7873 10.7164 10.9697 10.7019 10.6082 21.3334 18.6604 26.2495 20.0113 15.8689 10.6056
threshold=0.02396833264136752 0.82365129773834111 82.500000000000014 2.0705683096161565 -0.012614392796588112 0.24400635735680673 0.27307147578132557 0.00043110765201424605 -0.0071031228472737745 -0.016392489657756734 1.0034355705982134
decision_type=2 2 2 2 2 2 2 2 2 2 2
left_child=4 -2 -3 -4 5 9 7 -6 -8 -1 -7
right_child=1 2 3 -5 6 10 8 -9 -10 -11 -12
leaf_value=-0.0053154779705568188 0.039921655517313505 -0.021867507809600912 -0.0065724365969476997 0.035975534919585536 0.015768845729661161 0.048395185381564357 -0.03154841522351326 -0.023103463522795808 0.0012373953199518854 -0.032482188773466661 0.0054565105971335062
leaf_weight=59.339402660727501 12.800924718379973 8.4403077960014361 9.0725923478603381 12.864459991455076 148.78288647346199 6.7876855218783048 17.317481737583876 17.470280673354864 515.87188597768545 28.71649444103241 21.817312868312001
leaf_count=253 15 26 23 16 754 12 101 109 2624 205 73
internal_value=0.00228504 0.0168984 0.00719642 0.0183788 0.00151189 -0.00686309 0.00290876 0.0116841 0.000172543 -0.014175 0.0156454
internal_weight=859.282 43.1783 30.3774 21.9371 816.103 116.661 699.443 166.253 533.189 88.0559 28.605
internal_count=4211 80 65 39 4131 543 3588 863 2725 458 85
is_linear=0
shrinkage=0.03


Tree=96
num_leaves=15
num_cat=0
split_feature=13 17 26 26 13 27 5 4 13 25 29 29 18 22
split_gain=10.5865 14.5343 14.3669 13.945 12.3828 32.2654 11.3126 15.7607 10.9749 10.0335 0.0956178 0.0562234 0.0352699 0.00371255
threshold=0.024050396188292206 -0.0030534626983468346 -0.00060459397766948015 -0.0006338619197620701 0.024708332985583389 0.0037589934087020409 0.016488136029025626 42.500000000000007 0.017669135710361102 0.00036061617792229307 0.050244662236799832 0.057048793532669069 0.0089234681007510971 271228300.45850009
decision_type=2 2 2 2 2 2 2 2 2 2 2 2 2 2
left_child=1 10 3 -3 5 11 7 -6 -4 -8 13 -2 -12 -1
right_child=4 2 8 -5 6 -7 9 -9 -10 -11 12 -13 -14 -15
leaf_value=-0.032058191819781506 -0.033839569374614888 0.0059340302383978846 0.0039396092765995377 0.082338893559965085 -0.0068393506794953134 0.068808495667627298 0.021756146701196508 0.0041258835820760188 -0.03348638984712643 -0.017018707312748155 -0.035353847407703233 -0.041308880384505489 -0.04059333111045936 -0.033165395461591134
leaf_weight=5.9066015211865288 2.4905680790543543 33.401285703293979 12.247102812863888 2.2977953227236858 148.96797837968916 7.8718864340335131 44.043363712728024 566.99791171588004 16.623287410475314 6.9545094445347777 2.5919566974043837 1.4264450222253797 2.0875992253422737 5.0609444482252002
leaf_count=130 34 373 401 8 663 26 97 1999 338 24 23 8 12 75
internal_value=0.00221689 -0.00816021 -0.001874 0.0108519 0.0032858 0.0337986 0.0028168 0.00184439 -0.0176099 0.0164685 -0.034101 -0.0365596 -0.0376912 -0.0325691
internal_weight=858.969 80.2166 64.5695 35.6991 778.753 11.7889 766.964 715.966 28.8704 50.9979 15.6471 3.91701 4.67956 10.9675
internal_count=4211 1360 1120 381 2851 68 2783 2662 739 121 240 42 35 205
is_linear=0
shrinkage=0.03


Tree=97
num_leaves=10
num_cat=0
split_feature=15 21 3 23 24 0 25 7 29
split_gain=10.6472 11.333 11.1276 15.5562 12.334 10.2784 7.83759 2.09831 0.147018
threshold=-0.03541618623937344 136843.00000000003 0.0083387639024833562 1.1613968518230311 1.7250493029863321 0.0023149768986860217 0.00010794396705370389 183569368.42450002 0.059072083041905359
decision_type=2 2 2 2 2 2 2 2 2
left_child=7 5 3 -3 -4 8 -7 -1 -2
right_child=1 2 4 -5 -6 6 -8 -9 -10
leaf_value=0.031668477448740746 -0.033707588238852143 2.2604242013444887e-05 0.0025444482098779257 -0.041081980109343726 0.036471660524299239 -0.035574314278506408 0.026591172304230241 0.012354786266554771 -0.042066325001051973
leaf_weight=11.843610852956774 11.83469183649868 24.539385441690683 768.4722857112065 12.511088725179432 9.7663807449862343 2.6747865080833417 5.7470007166266441 8.8425486981868726 2.2545740734785786
leaf_count=17 220 158 3569 110 36 40 31 17 13
internal_value=0.00215068 0.0016257 0.00220549 -0.0138575 0.00297021 -0.0193725 0.00684722 0.0234126 -0.0350452
internal_weight=858.486 837.8 815.289 37.0505 778.239 22.5111 8.42179 20.6862 14.0893
internal_count=4211 4177 3873 268 3605 304 71 34 233
is_linear=0
shrinkage=0.03


Tree=98
num_leaves=12
num_cat=0
split_feature=18 24 25 4 12 14 10 13 26 5 29
split_gain=10.1127 9.96916 15.3088 9.93798 6.72793 6.55302 6.14851 4.77515 5.36286 1.75442 0.16526
threshold=0.0050547399464996477 1.7250493029863321 0.001090042596103652 162.50000000000003 -0.023277691071747538 0.73719769813519986 -0.010549144132259851 0.040740634030088048 -0.0073223439766216545 0.010800491761077972 0.061710444205701737
decision_type=2 2 2 2 2 2 2 2 2 2 2
left_child=4 2 3 -2 6 -3 9 8 -6 -1 -4
right_child=1 5 10 -5 7 -7 -8 -9 -10 -11 -12
leaf_value=-0.032348017267821515 -0.0011487774576322814 0.0091539355623153126 -0.039158808623590627 0.0055609289623240361 0.012769300042303266 0.054120032751193321 0.047431488554874279 0.022938023739806607 -0.030969733667460649 0.019340341731834042 -0.049401410225214611
leaf_weight=1.8997679669409993 349.18925817124546 6.2360458783805353 2.3030283190309992 460.89746762253344 2.8877775464206996 5.4801198057830334 2.6980438567698029 1.9963845834135998 19.967327013611794 0.85788332298398007 3.6880274564027786
leaf_count=39 1447 24 17 1637 33 11 9 17 954 7 16
internal_value=0.00208666 0.00270981 0.00231534 0.0026687 -0.0149339 0.0301864 0.0152337 -0.0215566 -0.0254432 -0.0162682 -0.045464
internal_weight=858.101 827.794 816.078 810.087 30.3072 11.7162 5.4557 24.8515 22.8551 2.75765 5.99106
internal_count=4211 3152 3117 3084 1059 35 55 1004 987 46 33
is_linear=0
shrinkage=0.03


Tree=99
num_leaves=10
num_cat=0
split_feature=15 29 8 26 26 8 5 22 7
split_gain=10.1567 10.15 16.6992 14.6056 31.0189 18.1466 11.8712 9.12296 2.02758
threshold=-0.03541618623937344 0.073086023734916641 -0.013947443578383078 -0.0026459230119469817 -0.00060459397766948015 -0.022636781585878559 -0.01195109168882327 138498525.17800003 183569368.42450002
decision_type=2 2 2 2 2 2 2 2 2
left_child=8 3 6 5 -5 -2 -3 -4 -1
right_child=1 2 7 4 -6 -7 -8 -9 -10
leaf_value=0.031068745155187309 0.032036922873871616 0.0044106609170958093 0.027921286802722971 0.014204103976129777 -0.0028404613363015125 -0.01112733870322097 -0.037619411179986892 0.0075847106837088098 0.012001688973909659
leaf_weight=11.703054040670397 9.3343772627413255 12.144953705370428 22.382774140685797 136.33998630475253 325.53502012789249 143.89183755964041 12.047648534178732 175.642348844558 8.7890153229236585
leaf_count=17 19 34 46 539 2205 884 49 401 17
internal_value=0.00202423 0.00151355 0.00700887 -0.000471745 0.00219089 -0.00849782 -0.0165199 0.00988335 0.0228909
internal_weight=857.811 837.319 222.218 615.101 461.875 153.226 24.1926 198.025 20.4921
internal_count=4211 4177 530 3647 2744 903 83 447 34
is_linear=0
shrinkage=0.03


Tree=100
num_leaves=12
num_cat=0
split_feature=28 22 28 26 25 28 24 6 15 29 29
split_gain=9.99051 15.0325 12.0502 23.866 18.2031 17.6897 16.2261 6.27527 0.172751 0.111237 0.0542046
threshold=0.0049372650874768649 3590352070.3400006 0.003220449226807419 0.0079402470410583712 -0.00058869237925120469 0.0030422054247293165 0.48313100105508439 713754.50000000012 0.015003979988508437 0.074167728320001583 0.050686854471700231
decision_type=2 2 2 2 2 2 2 2 2 2 2
left_child=2 8 4 6 7 -6 -4 -1 10 -5 -2
right_child=1 -3 3 9 5 -7 -8 -9 -10 -11 -12
leaf_value=-0.040246809874153376 -0.033430593656324031 0.035599970052688494 -0.025000557221813272 -0.036785071651575525 0.0024629777700584123 -0.039391329205724669 0.02253520131125385 -0.0050233743367924652 -0.044552455681019856 -0.045505882486467995 -0.039291981663677068
leaf_weight=12.425239842385055 2.429151399061082 3.0147332400083533 7.1266870638355604 5.5148915573954573 730.74992046551779 9.2027427097782475 69.366572291590273 7.1840325240045777 4.7646222859621048 1.729093115776777 3.4179099090397358
leaf_count=156 47 5 54 57 3433 125 240 40 23 9 22
internal_value=0.00196535 -0.0235172 0.00237711 0.0131778 0.00118641 0.00194244 0.0181064 -0.0273424 -0.0403122 -0.0388667 -0.0368569
internal_weight=856.926 13.6264 843.299 83.7372 759.562 739.953 76.4933 19.6093 10.6117 7.24398 5.84706
internal_count=4211 97 4114 360 3754 3558 294 196 92 66 69
is_linear=0
shrinkage=0.03


Tree=101
num_leaves=12
num_cat=0
split_feature=13 26 28 11 28 28 24 7 1 7 6
split_gain=9.92775 11.2489 13.3445 21.4954 15.7212 9.95571 16.8757 12.2655 8.03688 10.0998 5.22934
threshold=0.079766925137766578 0.0079402470410583712 0.003220449226807419 0.018865857625980798 0.0030422054247293165 -0.0050786961451266856 0.65781156446538125 244864457.92550004 0.072059796721939115 258894860.89150003 311311.50000000006
decision_type=2 2 2 2 2 2 2 2 2 2 2
left_child=1 2 4 -4 -1 -2 10 -8 9 -3 -7
right_child=5 8 3 -5 -6 6 7 -9 -10 -11 -12
leaf_value=0.00081472092942017136 0.036487219447851743 -0.03871473445598627 -0.0080277334379792956 0.024294150870115806 -0.039105223953720764 -0.0016997426425621252 -0.041665675889324447 0.010761344559897884 0.022994418466187744 0.014686621070447296 0.028702842785252921
leaf_weight=686.00893355766311 13.508116543292997 15.055868270806974 28.320380723103881 53.5011978270486 8.9951118556782586 6.7367630004882839 8.654090881347658 7.4941063523292533 3.3459198102354994 4.0435854727402321 20.852373704314232
leaf_count=3446 17 153 219 132 125 17 33 15 7 17 30
internal_value=0.00190658 0.00104221 0.00164717 0.0131068 0.000298056 0.0139751 0.00702237 -0.0173352 -0.0198954 -0.027409 0.0212791
internal_weight=856.516 799.271 776.826 81.8216 695.004 57.2455 43.7373 16.1482 22.4454 19.0995 27.5891
internal_count=4211 4099 3922 351 3571 112 95 48 177 170 47
is_linear=0
shrinkage=0.03


Tree=102
num_leaves=13
num_cat=0
split_feature=18 9 29 1 8 6 26 9 18 14 8 26
split_gain=9.70826 10.3163 11.7807 9.99172 24.551 25.5103 24.3248 13.6295 12.1083 9.72938 3.69828 2.55741
threshold=0.02396833264136752 0.82365129773834111 0.064762315950482194 0.044871422769159168 -0.013121186151734974 1037289.5000000001 -0.0077663797412662943 33.730287828350995 0.0061079116556735326 0.6743481893106591 -0.025073120702091185 0.001947995588613885
decision_type=2 2 2 2 2 2 2 2 2 2 2 2
left_child=3 -2 10 4 5 -1 -6 8 -5 -4 -3 -9
right_child=1 2 9 7 6 -7 -8 11 -10 -11 -12 -13
leaf_value=-0.039949204111375286 0.038540898897443061 0.045610367846458409 -0.038103870551645984 -0.029808882614309216 -0.030911839158775125 0.013496301876313382 0.0019219835636935881 -0.045321437930421579 0.0079323286837100389 0.016658940570697462 0.013946153927388565 -0.0097152236505224001
leaf_weight=27.409789197146893 12.636795863509176 4.4139134883880642 7.3874047398567182 7.8786747045814982 21.218460291624069 11.372747806832193 472.8064795662649 5.2060306929051867 264.28157336451113 4.8280885517597198 13.392048969864847 2.7875758334994316
leaf_count=230 15 4 25 117 147 43 2841 28 713 9 27 12
internal_value=0.00185113 0.0158015 0.00622988 0.00111912 -0.00129256 -0.0242766 0.000511765 0.00570575 0.00683977 -0.0164593 0.0217954 -0.0329046
internal_weight=855.62 42.6583 30.0215 812.961 532.807 38.7825 494.025 280.154 272.16 12.2155 17.806 7.99361
internal_count=4211 80 65 4131 3261 273 2988 870 830 34 31 40
is_linear=0
shrinkage=0.03


Tree=103
num_leaves=12
num_cat=0
split_feature=28 22 28 28 25 26 11 11 11 18 29
split_gain=9.58738 14.1647 11.2107 26.7908 19.3263 19.1884 18.9764 15.0176 0.156286 0.152154 0.08575
threshold=0.0049372650874768649 3590352070.3400006 0.0026141778443542723 0.0016240207285389276 -0.000505418529753091 0.0079402470410583712 0.065235548213467512 0.010446487525311533 0.03763076607918666 0.01739014526108849 0.050686854471700231
decision_type=2 2 2 2 2 2 2 2 2 2 2
left_child=2 9 3 4 -1 7 -5 -4 -7 10 -2
right_child=1 -3 5 6 -6 8 -8 -9 -10 -11 -12
leaf_value=-0.022899158789390226 -0.033710192440873192 0.03396754535060531 -0.0068320052820655761 -0.025475171021547591 0.0034190831452186412 -0.034293742952344899 0.034515034613130338 0.018128230115077901 -0.043321965547644774 -0.048397131218592557 -0.040317417746392817
leaf_weight=26.161165235098451 2.4640505723655206 3.0026317983865729 27.661794751882553 48.71143401414156 626.01413698866963 3.7459330065175882 5.2579057067632666 100.56162321008742 3.1997104547917843 1.6452525034546841 6.2565510291606188
leaf_count=233 47 5 253 360 2838 48 7 357 18 8 37
internal_value=0.001797 -0.0234092 0.00219753 0.000682396 0.00236336 0.0101128 -0.0196307 0.0127435 -0.0384529 -0.0400292 -0.0384505
internal_weight=854.682 13.3685 841.314 706.145 652.175 135.169 53.9693 128.223 6.94564 10.3659 8.7206
internal_count=4211 97 4114 3438 3071 676 367 610 66 92 84
is_linear=0
shrinkage=0.03


Tree=104
num_leaves=14
num_cat=0
split_feature=12 10 26 26 5 5 11 6 24 18 11 29 29
split_gain=9.44375 24.0288 17.4927 17.8568 15.3388 13.5049 12.8337 27.1829 13.6746 6.72484 0.84678 0.300963 0.0636366
threshold=-0.014428930331432938 -0.0064446363291062901 -0.004318193060936156 -0.0018257700087350429 0.016488136029025626 -0.020768339107969862 0.028485703763284336 292768.00000000006 0.34336127642579656 0.019686721413418724 0.020894423314080444 0.057664302279728498 0.055212660069268012
decision_type=2 2 2 2 2 2 2 2 2 2 2 2 2
left_child=5 10 4 -4 -3 9 8 -8 -7 11 12 -1 -2
right_child=1 2 3 -5 -6 6 7 -9 -10 -11 -12 -13 -14
leaf_value=-0.039199950469585791 -0.033253715166208661 -0.024160973205001018 0.017873131279610287 -0.00093449404767517264 0.029119557086580181 -0.034735608965118916 -0.017829940928189781 0.029907159814565095 0.0042933632119532472 0.0046043662642458408 -0.049588059886958399 -0.051508960393492453 -0.039925284946094743
leaf_weight=3.5366871729493123 7.6218312690034491 39.975405519362539 54.374541849829257 276.31212975410745 5.5363941844552746 8.2524202549830061 14.113398954272268 44.856350779533386 385.55826700665057 3.6539565473794937 5.1432468369603148 3.6152279824018478 1.5481051802635191
leaf_count=25 171 324 226 1728 16 76 51 68 1468 8 25 16 9
internal_value=0.00174364 -0.00169343 -0.000241883 0.00215803 -0.0176795 0.00463893 0.00542995 0.0184821 0.0034755 -0.0285058 -0.0398448 -0.045422 -0.03438
internal_weight=854.098 390.512 376.198 330.687 45.5118 463.586 452.78 58.9697 393.811 10.8059 14.3132 7.15192 9.16994
internal_count=4211 2499 2294 1954 340 1712 1663 119 1544 49 205 41 180
is_linear=0
shrinkage=0.03


Tree=105
num_leaves=10
num_cat=0
split_feature=15 21 0 4 28 21 9 22 29
split_gain=9.3512 10.4254 9.74222 8.90825 15.8978 13.7423 7.38997 2.00359 0.124385
threshold=-0.03541618623937344 136843.00000000003 0.0023149768986860217 162.50000000000003 0.0049372650874768649 323999.00000000006 1.4281447886121994 996681478.59500015 0.059072083041905359
decision_type=2 2 2 2 2 2 2 2 2
left_child=7 2 8 5 -5 -3 -4 -1 -2
right_child=1 3 6 4 -6 -7 -8 -9 -10
leaf_value=0.030203828380424399 -0.033633521465966633 -0.028112186934278069 0.02511292907940129 0.0051160660977239408 -0.041522472826704633 -0.00053703895142364071 -0.036186803590162256 0.011013719556677607 -0.041462215045369059
leaf_weight=11.412333190441133 11.400470633059742 17.118602713104337 5.7757908664643747 461.197624983266 6.6730958558619013 326.35293859150261 2.5520500047132373 8.5764438658952695 2.1750227678567162
leaf_count=17 220 262 40 1948 49 1614 31 17 13
internal_value=0.00169257 0.00120613 -0.0192173 0.00175749 0.00445087 -0.00191138 0.00632775 0.0219701 -0.0348878
internal_weight=853.234 833.246 21.9033 811.342 467.871 343.472 8.32784 19.9888 13.5755
internal_count=4211 4177 304 3873 1997 1876 71 34 233
is_linear=0
shrinkage=0.03


Tree=106
num_leaves=12
num_cat=0
split_feature=29 5 3 22 9 14 24 3 15 25 3
split_gain=9.06786 12.9252 18.9509 17.9533 14.3209 13.3351 11.1388 14.1419 12.4595 9.06018 8.45657
threshold=0.085232815619349214 0.016488136029025626 0.91217682877688888 1833362021.0670002 0.47658529108369801 0.12923823356066322 0.49053744452073128 0.88060953321258373 0.011943308450052141 1.6928064650709673e-05 0.61750533907901717
decision_type=2 2 2 2 2 2 2 2 2 2 2
left_child=1 2 4 -4 -1 -3 10 8 -8 -7 -2
right_child=6 5 3 -5 -6 9 7 -9 -10 -11 -12
leaf_value=-0.023274057447721101 0.037342298124588801 -0.029090237933706992 -0.025555217484887392 0.014382623148853472 0.0017888903426838004 0.031408352447229428 -0.011712166743346283 0.028706368303151507 0.018207308482019402 0.0012608055077193777 0.0042519969175922791
leaf_weight=21.221570678055286 19.116101250052456 5.2666110247373572 46.158801392186433 12.978533444926141 619.50813362374902 27.646646562963724 42.614997647702694 16.12772424519062 17.741888731718063 13.281850078143178 10.92225452698767
leaf_count=176 26 27 473 50 3127 56 126 26 33 62 29
internal_value=0.00164257 0.000473502 -0.000540978 -0.0167903 0.000958782 0.0158431 0.00983043 0.0037509 -0.00291735 0.0216251 0.0253103
internal_weight=852.585 746.062 699.867 59.1373 640.73 46.1951 106.523 76.4846 60.3569 40.9285 30.0384
internal_count=4211 3971 3826 523 3303 145 240 185 159 118 55
is_linear=0
shrinkage=0.03


Tree=107
num_leaves=8
num_cat=0
split_feature=24 25 1 1 17 18 18
split_gain=9.10678 14.535 12.9377 9.94831 6.97881 0.200835 0.035014
threshold=1.7250493029863321 0.001090042596103652 0.014665934904381331 0.016004833213697962 -0.00018049383160044635 0.0099652738239518583 0.0098720857827713521
decision_type=2 2 2 2 2 2 2
left_child=1 2 6 -4 -2 -3 -1
right_child=4 5 3 -5 -6 -7 -8
leaf_value=-0.033558854935509197 -0.0018008317238062403 -0.039509267110754531 0.037440069593240526 0.0016507989412789942 0.045488234210839876 -0.05032440615194915 -0.039672234067076872
leaf_weight=8.0633309232071007 4.5166532937437296 3.4265199173241845 7.0504305129870763 817.53091623820364 7.4274348625913245 2.8147121220827103 0.94165157526731569
leaf_count=147 23 26 33 3938 25 12 7
internal_value=0.00159467 0.00122473 0.00156624 0.00195681 0.0276059 -0.0443868 -0.0341981
internal_weight=851.772 839.828 833.586 824.581 11.9441 6.24123 9.00498
internal_count=4211 4163 4125 3971 48 38 154
is_linear=0
shrinkage=0.03


Tree=108
num_leaves=10
num_cat=0
split_feature=15 21 3 8 24 3 8 25 1
split_gain=9.04439 9.81503 10.0672 14.0502 10.195 6.84562 11.2837 4.00186 2.49954
threshold=-0.03541618623937344 136843.00000000003 0.0083387639024833562 -0.026558008563271791 1.7250493029863321 1.0000000180025095e-35 -0.0048542308445893518 0.00057737215842103577 0.04290573472161633
decision_type=2 2 2 2 2 2 2 2 2
left_child=8 5 3 -3 -4 6 -2 -7 -1
right_child=1 2 4 -5 -6 7 -8 -9 -10
leaf_value=0.038052206986962926 -0.034118406711780389 0.02385663110195399 0.0019341040118851232 -0.023000283729116212 0.032629187116983586 -0.034831135575090377 0.052454861519525622 0.0084020877610830862 0.01468794153642662
leaf_weight=5.8378064334392574 2.6474373051896691 7.1668575815856448 764.13427782384679 29.327679828740656 9.8642190648242813 13.808610567823054 2.7753988513723042 2.2394511699676505 14.012601256370543
leaf_count=7 41 19 3569 249 36 245 7 11 27
internal_value=0.00154643 0.00106893 0.00159928 -0.0137984 0.0023253 -0.0189511 0.0101897 -0.0287981 0.0215591
internal_weight=851.814 831.964 810.493 36.4945 773.998 21.4709 5.42284 16.0481 19.8504
internal_count=4211 4177 3873 268 3605 304 48 256 34
is_linear=0
shrinkage=0.03


Tree=109
num_leaves=12
num_cat=0
split_feature=28 22 28 28 9 26 25 11 11 15 29
split_gain=8.79976 13.2112 10.5821 25.1118 20.3338 18.0588 17.9129 13.9715 0.140483 0.134031 0.0412819
threshold=0.0049372650874768649 3590352070.3400006 0.0026141778443542723 0.0016240207285389276 2.1001068212938967 0.0079402470410583712 -0.000505418529753091 0.010446487525311533 0.03763076607918666 0.015003979988508437 0.050686854471700231
decision_type=2 2 2 2 2 2 2 2 2 2 2
left_child=2 9 3 6 -5 7 -1 -4 -7 10 -2
right_child=1 -3 5 4 -6 8 -8 -9 -10 -11 -12
leaf_value=-0.02245675598984476 -0.033158091108950662 0.032549054971988789 -0.0068371780560050064 -0.034650573512384576 0.0030793733477055794 -0.034169199149781004 0.0030412859233423331 0.017281298980852476 -0.042837793923128364 -0.043256371801112747 -0.038468087222779009
leaf_weight=25.822644763626158 2.2331402972340566 2.9721826612949362 27.532391262706369 31.76327739097178 21.596084258519113 3.6211773175746194 624.1918574012816 100.60300351306796 3.1428758911788464 4.5747580602765083 3.2143772458657622
leaf_count=233 47 5 253 248 119 48 2838 357 18 23 22
internal_value=0.00150063 -0.0229978 0.00188039 0.000404251 -0.0193802 0.00957706 0.00202834 0.012099 -0.038197 -0.0394706 -0.0362913
internal_weight=851.268 12.9945 838.273 703.374 53.3594 134.899 650.015 128.135 6.76405 10.0223 5.44752
internal_count=4211 97 4114 3438 367 676 3071 610 66 92 69
is_linear=0
shrinkage=0.03


Tree=110
num_leaves=11
num_cat=0
split_feature=18 28 26 26 12 26 10 7 29 29
split_gain=8.69085 11.8986 10.7037 27.4563 21.6816 7.48981 8.47422 4.85449 0.109897 0.00265352
threshold=0.02396833264136752 0.0050543460479265381 -0.0026459230119469817 -0.002415413747252443 -0.007883576603112917 -0.005734468091306036 -0.0069610430334480656 125012735.10250001 0.050686854471700231 0.043288776531756085
decision_type=2 2 2 2 2 2 2 2 2 2
left_child=1 2 4 -4 -1 -2 -7 -8 9 -3
right_child=5 8 3 -5 -6 6 7 -9 -10 -11
leaf_value=-0.00063777656844234956 0.036855329300797462 -0.032722440989850755 0.030338621851039155 0.0015890655343497094 -0.027643922293660375 -0.015428298981055043 0.033763980344250474 0.0052855467521074609 -0.042266953676507263 -0.034971257988752759
leaf_weight=170.12431102432311 10.384091123938559 1.077510742470621 31.555732578970492 568.61273152474314 31.748280918225646 9.9552212357521075 9.7174002975225466 12.088840588927267 4.5595089942216873 0.84066864382475603
leaf_count=730 13 28 83 2966 291 28 13 26 24 9
internal_value=0.00145593 0.000763615 0.00109068 0.00310066 -0.004885 0.0147373 0.00750602 0.0179762 -0.0397325 -0.033708
internal_weight=850.664 808.519 802.041 600.168 201.873 42.1456 31.7615 21.8062 6.47769 1.91818
internal_count=4211 4131 4070 3049 1021 80 67 39 61 37
is_linear=0
shrinkage=0.03


Tree=111
num_leaves=15
num_cat=0
split_feature=29 26 26 18 28 13 29 28 24 18 26 20 8 14
split_gain=8.56677 10.765 29.5072 23.4223 20.1627 16.7619 15.0722 13.3422 10.6144 18.9214 29.6911 11.2916 8.11105 13.4578
threshold=0.085232815619349214 -0.0026459230119469817 -0.00060459397766948015 0.0057864166362805707 0.0025768289297380454 0.048676577801322445 0.069736050509388012 -0.0015598542803394236 0.49053744452073128 0.012834738744626839 -0.0066331975443980722 -0.035925151845651267 -0.0029464588959202493 0.40842053399445327
decision_type=2 2 2 2 2 2 2 2 2 2 2 2 2 2
left_child=1 5 3 -3 -4 6 -1 -7 12 10 -10 -11 -2 -14
right_child=8 2 4 -5 -6 7 -8 -9 9 11 -12 -13 13 -15
leaf_value=-0.01844471395086587 0.039442740476255893 -0.03365642554436097 -0.0068954148191046503 0.016023396711523336 0.0074585840462085447 0.012103463082462573 0.0085295429968748303 -0.018221682276248673 0.040922443080460738 -0.0091603106034829525 -0.043512406862657491 0.020689801893872137 0.034104963222777139 -0.024807605478071058
leaf_weight=92.567351005040109 15.66268713027239 9.050922838971017 260.03489692229778 151.61843034625053 133.18224755255505 57.592387042939663 23.344817906618118 16.886185996234417 5.0390149205923107 15.87330651283264 14.632399067282675 40.51838056743145 7.9086743965744954 6.2458924762904644
leaf_count=745 20 194 1650 392 739 136 55 60 6 42 66 71 12 23
internal_value=0.00141295 0.000277098 0.00239241 0.0132248 -0.00203373 -0.00587678 -0.0130121 0.00522798 0.0093973 0.00345017 -0.0218836 0.0122875 0.0245683 0.008109
internal_weight=850.158 744.277 553.886 160.669 393.217 190.391 115.912 74.4786 105.88 76.0631 19.6714 56.3917 29.8173 14.1546
internal_count=4211 3971 2975 586 2389 996 800 196 240 185 72 113 55 35
is_linear=0
shrinkage=0.03


Tree=112
num_leaves=13
num_cat=0
split_feature=5 3 7 29 5 11 28 25 6 22 3 18
split_gain=8.50548 13.5595 13.2296 12.4464 10.6703 19.1945 14.1608 9.79642 9.7567 20.5146 8.53565 1.68487
threshold=0.016488136029025626 0.91217682877688888 1459643613.2280004 0.085232815619349214 -0.0026039392864320768 0.04867889687733061 -0.0018289914388209198 0.00036061617792229307 353341.50000000006 271228300.45850009 0.94285714285714273 0.011936186847222469
decision_type=2 2 2 2 2 2 2 2 2 2 2 2
left_child=1 4 3 -3 5 -1 -6 8 9 -2 -9 -10
right_child=7 2 -4 -5 6 -7 -8 10 11 -11 -12 -13
leaf_value=-0.0054307402319472521 0.019978048035765455 -0.020945960568563952 0.040052927512398903 0.018903330733898379 -0.0043381414431710383 0.015642956549445704 0.0082467228355724599 -0.051073906833305371 0.023332930433202573 -0.048095304231190343 0.013056719954340074 0.040497169635454772
leaf_weight=268.92238735826686 18.249323583208028 54.354551993776113 4.0691696591675273 8.1061952132731658 109.12193389795721 45.477206684648991 306.46904330328107 3.6938779884949318 8.8987161219120043 5.0971261709928504 3.7785865012556314 12.208583638072012
leaf_count=1540 67 517 6 19 491 93 1385 23 17 25 15 13
internal_value=0.00137286 0.000605932 -0.0123597 -0.0157743 0.0017876 -0.00238248 0.00494231 0.0131371 0.0184795 0.0051159 -0.0186451 0.0332608
internal_weight=848.447 796.52 66.5299 62.4607 729.991 314.4 415.591 51.9262 44.4537 23.3464 7.47246 21.1073
internal_count=4211 4051 542 536 3509 1633 1876 160 122 92 38 30
is_linear=0
shrinkage=0.03


Tree=113
num_leaves=14
num_cat=0
split_feature=9 1 21 6 9 6 23 18 18 24 1 18 13
split_gain=8.50065 18.2386 17.3874 21.3487 20.8449 17.3112 16.3078 15.8466 15.6234 14.4314 17.8288 15.3075 9.76686
threshold=0.99143689823056336 0.023001647345579742 1321529.0000000002 58332.500000000007 0.86141369682748536 3849276.0000000005 1.1613968518230311 0.02396833264136752 0.016481866724472032 1.07373252264596 0.023543251939073775 0.016481866724472032 0.024708332985583389
decision_type=2 2 2 2 2 2 2 2 2 2 2 2 2
left_child=2 5 3 4 -1 12 -5 8 -4 10 -3 -11 -2
right_child=1 9 7 6 -6 -7 -8 -9 -10 11 -12 -13 -14
leaf_value=-0.006020513037506634 -0.0031171935006559402 0.041352708402724703 -0.00022577940606402193 0.017665586999400126 0.030584167315839971 0.046510285144166934 0.056166152552141441 0.032837924376157131 -0.026995172492604521 0.029881355570625566 -0.0017051622947420035 -0.015327171474074494 -0.034811192285092794
leaf_weight=66.819033969193697 12.738147092983125 8.8319246461614949 129.95967171434313 66.203568134456873 17.712952513247728 3.3042741799727073 11.642884355038403 11.110538840293883 23.111318349838257 27.50880119483918 431.66318519879133 8.9285579770803434 27.95476514659822
leaf_count=558 262 53 479 193 86 16 20 15 78 116 2073 27 235
internal_value=0.00133297 -0.00104591 0.00512776 0.0120885 0.00164968 -0.0195277 0.0234238 -0.00175653 -0.00426754 0.000659043 -0.000841852 0.0188035 -0.02489
internal_weight=847.49 520.93 326.56 162.378 84.532 43.9972 77.8465 164.182 153.071 476.932 440.495 36.4374 40.6929
internal_count=4211 2782 1429 857 644 513 213 572 557 2269 2126 143 497
is_linear=0
shrinkage=0.03


Tree=114
num_leaves=10
num_cat=0
split_feature=15 21 0 5 4 6 25 5 29
split_gain=8.56328 9.24612 8.9541 8.52535 15.5752 8.16743 6.56171 2.09068 0.101818
threshold=-0.03541618623937344 136843.00000000003 0.0023149768986860217 0.016488136029025626 37.500000000000007 353341.50000000006 0.00010794396705370389 0.0035166895071290132 0.059072083041905359
decision_type=2 2 2 2 2 2 2 2 2
left_child=7 2 8 4 -3 -5 -4 -1 -2
right_child=1 3 6 5 -6 -7 -8 -9 -10
leaf_value=0.011023963719262586 -0.033406146588377698 -0.0081853069043576511 -0.035037952164889655 0.0019174019454621747 0.0026712725400184346 0.026419974203874742 0.023496528036499192 0.030646967165472036 -0.040659099919787389
leaf_weight=9.6908216774463671 10.652173410169782 147.74346381472424 2.4772761203348619 26.017349739558995 609.80835778731853 23.126604251563549 5.6653091283515096 9.8566047400236112 2.0825162921100846
leaf_count=19 220 943 40 105 2788 37 31 15 13
internal_value=0.00129289 0.000829321 -0.018882 0.00133945 0.000553941 0.013448 0.00568817 0.0209187 -0.0345922
internal_weight=847.12 827.573 20.8773 806.696 757.552 49.144 8.14259 19.5474 12.7347
internal_count=4211 4177 304 3873 3731 142 71 34 233
is_linear=0
shrinkage=0.03


Tree=115
num_leaves=15
num_cat=0
split_feature=12 26 25 25 17 5 27 6 28 14 14 29 18 29
split_gain=8.28481 18.4295 17.6441 24.4508 18.3171 12.7897 11.5624 16.5082 12.5878 8.31389 18.9592 9.28308 6.13587 0.268396
threshold=-0.014428930331432938 -0.0045324585144977904 0.00041867637370380899 -1.6886585215245015e-05 0.0052819610334948032 -0.020768339107969862 0.016106890188872906 361466.00000000006 0.00024596161941539387 0.49241069666469367 0.48301903291657394 0.086966527147504621 0.019686721413418724 0.057664302279728498
decision_type=2 2 2 2 2 2 2 2 2 2 2 2 2 2
left_child=5 9 3 -3 -4 12 8 -8 -7 10 -2 -11 13 -1
right_child=1 2 4 -5 -6 6 7 -9 -10 11 -12 -13 -14 -15
leaf_value=-0.038988339843441487 -0.018126647093297261 0.0051564522166396912 0.019522285830479002 -0.012531706507209445 -0.047185894037566053 0.006631913492541424 -0.012947700709320451 0.030516616318455661 -0.0049045195277753629 -0.041936717552290725 0.068685572858320582 0.034711339225601379 0.0032567988147158716 -0.050738093125621504
leaf_weight=3.442026171833275 21.156423079315577 156.31331501947716 55.979534693062305 127.87247790396214 3.9671406038105479 285.9026356888935 10.466593779623507 31.635874941945076 121.21233803639188 17.166137001011524 2.5354642271995536 1.550561524927615 3.5948825627565384 3.5586884468793869
leaf_count=25 181 913 257 945 23 970 40 48 605 174 3 3 8 16
internal_value=0.00125508 -0.00198219 0.00031737 -0.00280253 0.0151077 0.00397649 0.00474491 0.0197115 0.00319711 -0.0206424 -0.00883616 -0.0355869 -0.0286017 -0.0449611
internal_weight=846.354 386.541 344.132 284.186 59.9467 459.813 449.217 42.1025 407.115 42.4086 23.6919 18.7167 10.5956 7.00071
internal_count=4211 2499 2138 1858 280 1712 1663 88 1575 361 184 177 49 41
is_linear=0
shrinkage=0.03


Tree=116
num_leaves=13
num_cat=0
split_feature=28 28 26 11 28 25 5 29 11 29 3 1
split_gain=8.11871 9.47521 19.4974 17.0176 15.5585 15.4873 7.52829 0.313955 0.134523 0.101468 0.0418987 0.00327467
threshold=0.0049372650874768649 0.003220449226807419 0.0079402470410583712 0.018865857625980798 0.0030422054247293165 -0.00058869237925120469 0.010988005507764185 0.060376356237092997 0.03763076607918666 0.050686854471700231 0.21314454455970641 0.037052050734062335
decision_type=2 2 2 2 2 2 2 2 2 2 2 2
left_child=1 4 3 -3 5 -1 9 -6 -4 11 -11 -2
right_child=6 2 8 -5 7 -7 -8 -9 -10 10 -12 -13
leaf_value=-0.026048318431761575 -0.03231157411801254 -0.0048173084253348465 -0.034100559227077241 0.025356348851945192 -0.034374507905930711 0.0016818994386551018 0.0096690630904592897 -0.045878799529501343 -0.042656341348800843 -0.043142537092085036 -0.038124971643766707 -0.034719895234544981
leaf_weight=18.593014592304826 1.0519825192168339 25.006499472074211 3.5415918035432687 51.399933679029346 5.1685731583274883 722.30125511437654 4.2773893857374778 3.6374900192022324 3.1030920930206776 3.8324744999408722 2.4587382068857551 0.98290983401238907
leaf_count=196 26 177 48 117 107 3433 24 18 18 20 17 10
internal_value=0.00121824 0.00157992 0.0111945 0.015481 0.000514833 0.000985999 -0.0226795 -0.0391265 -0.0380961 -0.0392981 -0.0411816 -0.0334749
internal_weight=845.355 832.751 83.0511 76.4064 749.7 740.894 12.6035 8.80606 6.64468 8.32611 6.29121 2.03489
internal_count=4211 4114 360 294 3754 3629 97 125 66 73 37 36
is_linear=0
shrinkage=0.03


Tree=117
num_leaves=14
num_cat=0
split_feature=11 16 0 0 11 18 9 5 18 25 18 10 28
split_gain=8.08248 24.7175 14.6417 14.112 13.3993 13.6366 12.9564 19.0279 11.662 11.4212 5.78615 1.96712 0.255419
threshold=0.051024173137430386 0.58333333333333337 -0.00080414363329985473 0.0022737029808919539 0.045142864812752793 0.0071318742616957604 2.6249695406401528 -0.0063251176524035425 0.010662548533517904 0.001090042596103652 0.016290020367240868 0.028869246063077902 0.00083016527422017782
decision_type=2 2 2 2 2 2 2 2 2 2 2 2 2
left_child=2 10 4 8 5 -1 9 -8 -3 -4 11 -2 -6
right_child=1 3 6 -5 12 -7 7 -9 -10 -11 -12 -13 -14
leaf_value=-0.022884752013202878 0.047008457430284964 -0.030805601010052627 0.0053803016255108572 -0.053097092506355165 -0.05579271666498313 -0.0017140597297197453 -0.026153828975931197 0.0011793267012438174 0.0079965587676194931 -0.045056066531835366 0.01157708802569 0.029651816879484674 -0.043816711275842031
leaf_weight=33.363650630693883 11.396058022975923 8.270170856267212 442.13629572140053 4.5626104846596709 3.0965709239244452 152.75589160434902 31.711683572735637 82.70018120482564 44.382343709468842 4.078061841428279 10.850876197218893 12.134429618716238 3.322478674352169
leaf_count=530 11 39 2120 21 15 549 228 519 97 24 21 19 18
internal_value=0.00118205 0.00959663 0.000158712 -0.00248401 -0.00697885 -0.0055091 0.00261 -0.00639664 0.00190187 0.00491935 0.0297004 0.0380578 -0.049594
internal_weight=844.761 91.5965 753.165 57.2151 192.539 186.12 560.626 114.412 52.6525 446.214 34.3814 23.5305 6.41905
internal_count=4211 208 4003 157 1112 1079 2891 747 136 2144 51 30 33
is_linear=0
shrinkage=0.03


Tree=118
num_leaves=9
num_cat=0
split_feature=15 21 9 26 7 16 17 5
split_gain=8.02769 8.74749 8.03561 22.6128 14.338 5.13166 6.17311 2.02721
threshold=-0.03541618623937344 136843.00000000003 0.99143689823056336 -0.0070611942731100717 23313462.920500007 1.0000000180025095e-35 0.0051077439879750035 0.0035166895071290132
decision_type=2 2 2 2 2 2 2 2
left_child=7 5 3 -3 -4 -2 -7 -1
right_child=1 2 4 -5 -6 6 -8 -9
leaf_value=0.010523116845594366 0.029738278747696953 -0.026532824620903714 -0.011562549493425344 0.0070508854054079518 0.0013332380304308402 -0.034166639705268169 0.0042673528947316346 0.029985363697357582
leaf_weight=9.5986873507499713 1.7956659877672816 19.23514567501843 96.445359524339437 291.46345179341733 397.01769942697138 13.38453444838524 5.2310491148382416 9.6685930192470533
leaf_count=19 10 116 1031 1186 1540 267 27 15
internal_value=0.0011474 0.000700115 0.00119239 0.00497174 -0.00118719 -0.0186947 -0.0233665 0.0202895
internal_weight=843.84 824.573 804.162 310.699 493.463 20.4112 18.6156 19.2673
internal_count=4211 4177 3873 1302 2571 304 294 34
is_linear=0
shrinkage=0.03


Tree=119
num_leaves=15
num_cat=0
split_feature=12 10 26 28 24 16 28 20 21 29 26 11 25 29
split_gain=7.87084 22.1419 13.9845 18.6174 14.3071 11.2018 26.7864 19.083 16.8126 16.8088 15.2898 0.725578 0.135817 0.0558279
threshold=-0.014428930331432938 -0.0064446363291062901 -0.004318193060936156 -0.0014348918369377747 0.37472765000818414 0.41666666666666669 -0.00077672645365433875 -0.037880642618500333 247125.50000000003 0.03480249374330812 -0.0025563712922436871 0.020894423314080444 0.00041867637370380899 0.055212660069268012
decision_type=2 2 2 2 2 2 2 2 2 2 2 2 2 2
left_child=5 11 4 -4 -3 6 10 -8 12 -10 -1 13 -7 -2
right_child=1 2 3 -5 -6 8 7 -9 9 -11 -12 -13 -14 -15
leaf_value=-1.9910360252927371e-05 -0.033139052549248385 0.02872363935318455 0.016255363959045904 -0.0020001463200662807 -0.023111073732676478 -0.035078138635692313 -0.026282566310102142 0.00093009192452590372 0.034385349676142193 0.007210816250326736 0.020218365942155633 -0.048568446037058191 -0.044630639368283431 -0.039479275939415012
leaf_weight=92.858245179057121 7.1749947513453645 5.4797027371823779 62.04253735858947 265.13420957652852 38.207487782929093 5.0169596150517455 48.66135828755796 44.312136287800968 22.959738829173148 190.12602416146547 52.643369856290519 5.0215317457914344 1.8275242336094377 1.5136061534285543
leaf_count=362 171 37 235 1719 303 65 243 237 97 571 126 25 11 9
internal_value=0.00111374 -0.00205115 -0.000667097 0.00146165 -0.0166094 0.00376888 -0.000734739 -0.0133127 0.00865226 0.0101388 0.00730242 -0.0394903 -0.0376287 -0.0342436
internal_weight=842.979 384.574 370.864 327.177 43.6872 458.405 238.475 92.9735 219.93 213.086 145.502 13.7101 6.84448 8.6886
internal_count=4211 2499 2294 1954 340 1712 968 480 744 668 488 205 76 180
is_linear=0
shrinkage=0.03


Tree=120
num_leaves=12
num_cat=0
split_feature=28 22 28 28 9 24 29 24 25 15 29
split_gain=7.66001 11.9065 9.39149 23.0427 19.3363 17.1677 28.9866 18.027 15.7234 0.105407 0.0311681
threshold=0.0049372650874768649 3590352070.3400006 0.0026141778443542723 0.0016240207285389276 2.1001068212938967 0.86397551762364311 0.030475485199324141 0.48124688217245926 -0.000505418529753091 0.015003979988508437 0.050686854471700231
decision_type=2 2 2 2 2 2 2 2 2 2 2
left_child=2 9 3 8 -5 7 -7 -4 -1 10 -2
right_child=1 -3 5 4 -6 6 -8 -9 -10 -11 -12
leaf_value=-0.021735098131750532 -0.032869061054216796 0.030699900284721401 -0.012986974941730525 -0.034177887177423101 0.0029035122667672043 0.052190582379790504 -0.035179355805307864 0.018693651561325395 0.0025318871621046964 -0.04206858782698035 -0.037650862572513655
leaf_weight=25.002225480042398 2.05733386101201 2.9132013767957678 19.517242756672204 31.108939984347671 21.336713372729719 4.3393491432070759 16.088187953457236 94.119596790056676 618.09074242971838 4.3749796226620674 3.0388735886663198
leaf_count=233 47 5 139 248 119 24 105 408 2838 23 22
internal_value=0.00108082 -0.0223389 0.00143044 2.90764e-05 -0.0190919 0.00870082 -0.0166197 0.0132525 0.00158843 -0.0386528 -0.0357205
internal_weight=841.987 12.3844 829.603 695.539 52.4457 134.064 20.4275 113.637 643.093 9.47119 5.09621
internal_count=4211 97 4114 3438 367 676 129 547 3071 92 69
is_linear=0
shrinkage=0.03


Tree=121
num_leaves=14
num_cat=0
split_feature=11 16 0 26 26 28 0 11 11 25 18 23 10
split_gain=7.66224 23.3902 13.7972 14.2902 20.5323 16.5432 13.251 12.8808 11.8055 11.3323 5.59132 2.52124 1.92467
threshold=0.051024173137430386 0.58333333333333337 -0.00080414363329985473 -0.00027859337623031426 -0.00085358616756893945 0.0025768289297380454 0.0022737029808919539 0.001376260307965375 0.045142864812752793 0.00015650665048258617 0.016290020367240868 2.100300414573661 0.028869246063077902
decision_type=2 2 2 2 2 2 2 2 2 2 2 2 2
left_child=2 10 7 4 -4 -5 9 11 -9 -3 12 -1 -2
right_child=1 6 3 5 -6 -7 -8 8 -10 -11 -12 -13 -14
leaf_value=0.017992844255620127 0.046134384763947912 0.0081713346137579114 0.0034457486867408974 -0.0076895331482994345 0.024708263473245479 0.0078404838881865578 -0.051886011202570241 -0.0069619819967568271 -0.04874275221878531 -0.028542448370019145 0.01105066315413427 0.055104442047015319 0.028873515529831761
leaf_weight=3.8531979518011203 11.244220539927484 43.26417625322938 233.98170656012371 182.36349143600091 49.526100700721145 93.325654990039766 4.5013448745012274 178.31333354953676 6.3016822040081015 9.1705035567283613 10.749111384153364 2.8782001063227654 12.038841873407362
leaf_count=27 11 101 1034 1185 151 521 21 1047 33 35 21 5 19
internal_value=0.00104821 0.00927087 5.16031e-05 0.00243094 0.00716011 -0.00243235 -0.00249015 -0.00690185 -0.00838813 0.00175032 0.0289471 0.033861 0.0372094
internal_weight=841.512 90.9682 750.543 559.197 283.508 275.689 56.936 191.346 184.615 52.4347 34.0322 6.7314 23.2831
internal_count=4211 208 4003 2891 1185 1706 157 1112 1080 136 51 32 30
is_linear=0
shrinkage=0.03


Tree=122
num_leaves=15
num_cat=0
split_feature=9 1 21 6 11 12 13 4 15 26 4 27 29 22
split_gain=7.59488 17.0739 16.7256 19.7547 25.6491 14.2822 13.8381 12.945 11.7728 10.7653 10.5972 9.15523 0.137505 0.0470131
threshold=0.99143689823056336 0.020491893496840486 1321529.0000000002 58332.500000000007 1.0000000180025095e-35 -0.0093169152352687266 0.066736103395796387 122.50000000000001 -0.010108373602367873 -0.0070611942731100717 227.50000000000003 -0.057340314288594645 0.065168678452884835 166562206.20550004
decision_type=2 2 2 2 2 2 2 2 2 2 2 2 2 2
left_child=2 12 3 4 -1 9 10 -7 -5 -4 -3 -8 13 -2
right_child=1 6 5 8 -6 7 11 -9 -10 -11 -12 -13 -14 -15
leaf_value=0.04803144016124837 -0.03278819085604126 -0.0072360756901630463 -0.024372081548446618 0.0011255579404102851 -0.0045509654702307733 -0.046625025599159139 -0.0165595167902047 -0.0075490899065178167 0.028789564477116523 0.0056678509834361445 0.0022056463415683204 0.015259209886371873 -0.045013440857213871 -0.036923921470424892
leaf_weight=9.4054322959855181 3.9863739525899273 213.17936818115413 11.868669871240852 18.034216124564409 74.330008916091174 10.425680119544266 9.266781382262705 28.454049003310502 59.600365337915719 112.57613929733634 214.77495423331857 66.845224529504776 1.5182250551879395 6.5193785894662142
leaf_count=27 93 1375 49 50 617 70 30 123 163 330 1071 136 10 67
internal_value=0.00101747 -0.00124412 0.00461218 0.0114622 0.00135526 -0.00215583 -0.000401361 -0.0180274 0.0223633 0.00280285 -0.00249761 0.0113852 -0.0365742 -0.0353546
internal_weight=840.785 516.09 324.695 161.37 83.7354 163.325 504.066 38.8797 77.6346 124.445 427.954 76.112 12.024 10.5058
internal_count=4211 2782 1429 857 644 572 2612 193 213 379 2446 166 170 160
is_linear=0
shrinkage=0.03


Tree=123
num_leaves=10
num_cat=0
split_feature=15 21 0 5 5 6 9 1 18
split_gain=7.51512 8.06698 8.46351 7.92278 9.95782 7.62999 6.1834 2.29773 0.0568949
threshold=-0.03541618623937344 136843.00000000003 0.0023149768986860217 0.016488136029025626 0.011488742653849672 353341.50000000006 1.4281447886121994 0.04290573472161633 0.010247985210075186
decision_type=2 2 2 2 2 2 2 2 2
left_child=7 2 8 4 -3 -5 -4 -1 -2
right_child=1 3 6 5 -6 -7 -8 -9 -10
leaf_value=0.035780333643713372 -0.03320894054627703 0.0011232744284628907 0.02274735610215211 0.0016290105060276733 -0.013630111941924339 0.025459507558507427 -0.035483478819259687 0.012895809498210399 -0.038194355896560749
leaf_weight=5.6018970906734493 9.2682606801390666 708.63567194761708 5.6024553989991537 25.872013935819268 43.71393418032676 22.702971696853638 2.3211887627840042 13.380680888891218 2.6490709893405429
leaf_count=7 211 3506 40 105 225 37 31 27 22
internal_value=0.000987701 0.000556099 -0.0183404 0.00102421 0.000266055 0.0127669 0.00568895 0.0196492 -0.0343171
internal_weight=839.748 820.766 19.841 800.925 752.35 48.575 7.92364 18.9826 11.9173
internal_count=4211 4177 304 3873 3731 142 71 34 233
is_linear=0
shrinkage=0.03


Tree=124
num_leaves=10
num_cat=0
split_feature=24 25 1 1 7 23 18 18 7
split_gain=7.45588 13.2881 11.397 9.40513 6.57426 11.5535 0.170971 0.0313406 0.0271575
threshold=1.7250493029863321 0.001090042596103652 0.014665934904381331 0.016004833213697962 33330072.872500006 2.2169672780287342 0.0099652738239518583 0.0098720857827713521 5576682.8570000008
decision_type=2 2 2 2 2 2 2 2 2
left_child=1 2 7 -4 5 8 -3 -1 -2
right_child=4 6 3 -5 -6 -7 -8 -9 -10
leaf_value=-0.033381631191347835 -0.036563360038749972 -0.039037822951603192 0.035819362674150312 0.0010018009204499801 0.047147483754507509 0.043651732512630034 -0.049158108423115826 -0.039315338770828719 -0.042302825319520128
leaf_weight=7.4046132108196598 1.4287709193304166 3.2897859308868638 7.043526053428649 805.8414604216814 5.8674968872219324 3.0375563427805901 2.7651810497045517 0.89830943569540966 1.5435675503686068
leaf_count=147 18 26 33 3938 8 9 12 7 13
internal_value=0.000958658 0.000619812 0.000946302 0.00130349 0.0245588 0.00250531 -0.0436596 -0.0340236 -0.0395439
internal_weight=839.12 827.243 821.188 812.885 11.8774 6.00989 6.05497 8.30292 2.97234
internal_count=4211 4163 4125 3971 48 40 38 154 31
is_linear=0
shrinkage=0.03


Tree=125
num_leaves=15
num_cat=0
split_feature=14 14 13 5 11 16 17 25 6 20 13 5 18 13
split_gain=7.31524 17.5025 14.6926 21.2014 11.0508 18.4752 13.0101 12.3597 16.8749 13.0447 8.58583 3.48223 0.538406 0.0440028
threshold=0.96905671195640719 0.98353212252643096 0.043889018304000084 -0.012410845161357112 0.052772300263388978 0.58333333333333337 0.0061211144772854382 -0.000505418529753091 713754.50000000012 0.0099548017636194603 0.055616386474409668 -0.00019751625840321011 0.0095902498906937552 0.041452358813239283
decision_type=2 2 2 2 2 2 2 2 2 2 2 2 2 2
left_child=4 12 3 -3 7 11 -7 8 -1 -9 -4 -6 13 -2
right_child=1 2 10 -5 5 6 -8 9 -10 -11 -12 -13 -14 -15
leaf_value=-0.03992916462910779 -0.034506708412121397 0.096675815784710295 0.036951335619647259 -0.041137781693948196 0.037612459622914832 -0.013429735975099723 0.019702742581201634 0.0025691735918856396 0.0076724440910078363 -0.010924924199016823 -0.00707252258208104 0.01734122463670244 -0.049347149794864945 -0.039768801320114643
leaf_weight=15.53591051977128 3.90279214363545 1.1255397237837304 9.8145367950201052 9.3554325764998811 19.615747466683388 26.600845113396645 17.80633894354105 624.52134725218639 11.788267405703662 71.897170053329319 6.7148248627781859 12.478487730026243 5.5025031715631485 2.2575284987688065
leaf_count=199 55 5 18 99 24 82 34 3148 49 410 24 23 26 15
internal_value=0.000929838 -0.0118135 0.00144834 -0.0263381 0.00154568 0.0123891 -0.000144315 0.000399509 -0.0193928 0.00117606 0.0190673 0.0297308 -0.042527 -0.0364351
internal_weight=838.917 38.6732 27.0103 10.481 800.244 76.5014 44.4072 723.743 27.3242 696.419 16.5294 32.0942 11.6628 6.16032
internal_count=4211 242 146 104 3969 163 116 3806 248 3558 42 47 96 70
is_linear=0
shrinkage=0.03


Tree=126
num_leaves=13
num_cat=0
split_feature=5 14 5 21 5 8 0 25 13 20 7 29
split_gain=7.34525 16.9888 14.6023 15.0611 12.0483 12.0273 19.1632 14.9283 12.1319 16.1637 13.1047 0.255688
threshold=-0.0026039392864320768 0.0041887652970657666 -0.0092769852369459175 2148737.5000000005 -0.0097521566964395845 0.0018085043099468031 -0.0038763704109930548 0.00014573410487927154 0.031836311801370719 -0.0060661237433929363 1190689.3080000002 0.051260153194281531
decision_type=2 2 2 2 2 2 2 2 2 2 2 2
left_child=1 -1 4 -4 -3 6 11 -8 9 -7 -10 -2
right_child=5 2 3 -5 -6 8 7 -9 10 -11 -12 -13
leaf_value=0.038024735344357227 -0.034347898742411773 0.00019802928377654359 -0.0019852520626879493 -0.020398036661037046 0.029445419566133481 -0.028925815010249135 0.016002951194256796 -4.1286446341316389e-05 0.042929259888705558 7.0314478786493109e-05 0.0012284729445398805 -0.046545274153682377
leaf_weight=8.9302272740751487 2.4628496207296839 125.56305958842859 90.933616589289159 71.35509420465678 14.099865480326114 28.997314692940563 134.81688800640404 85.163898524828255 6.9964971067383877 42.900043792556971 221.57944868598133 4.1583112291991711
leaf_count=19 37 616 609 343 48 401 548 421 24 423 701 21
internal_value=0.000902426 -0.0027548 -0.00396086 -0.010081 0.00315074 0.00305955 0.00827799 0.00979155 -0.000875937 -0.0116243 0.0025049 -0.0420083
internal_weight=837.957 310.882 301.952 162.289 139.663 527.075 226.602 219.981 300.473 71.8974 228.576 6.62116
internal_count=4211 1635 1616 952 664 2576 1027 969 1549 824 725 58
is_linear=0
shrinkage=0.03


Tree=127
num_leaves=14
num_cat=0
split_feature=9 1 14 8 13 9 5 5 27 12 18 18 18
split_gain=7.1531 16.1775 15.9992 15.5992 12.5293 10.5413 10.3975 9.04053 8.59668 7.33913 0.395894 0.120825 0.0274117
threshold=0.99143689823056336 0.020491893496840486 0.96299767079582443 -0.014136318696003259 0.066736103395796387 0.86141369682748536 -0.0029011299895199964 -0.014742290130524428 -0.057340314288594645 -1.0000000180025095e-35 0.012002620736525615 0.0091885283794517023 0.0054717859543640078
decision_type=2 2 2 2 2 2 2 2 2 2 2 2 2
left_child=2 11 3 7 6 -5 -3 -1 -6 10 -4 12 -2
right_child=1 4 9 5 8 -7 -8 -9 -10 -11 -12 -13 -14
leaf_value=0.002157911022526562 -0.031322014631007866 -0.0087937435462945683 -0.036670424283103298 0.0039896627218157085 -0.016326100654394295 0.017139744265668819 0.00098089371176089723 -0.042965992214454816 0.014541208807930148 0.021616411138084796 -0.049392337451291235 -0.040696831831940554 -0.0352945348826482
leaf_weight=7.1645211782306459 2.1669074087403697 152.31527516571805 6.1168651813641173 223.05786756658927 9.2559640482068044 72.758638740517199 274.36403806414455 9.0354758929461223 66.187135055661201 2.0255972640588871 3.4393187984824181 3.8307920731604099 5.6123063135892153
leaf_count=24 90 929 62 1006 30 252 1517 57 136 11 17 25 55
internal_value=0.000875407 -0.00132526 0.0043691 0.00565429 -0.000515755 0.00722404 -0.00250844 -0.0230097 0.0107542 -0.0302542 -0.0412491 -0.0363356 -0.034188
internal_weight=837.331 513.732 323.598 312.017 502.122 295.817 426.679 16.2 75.4431 11.5818 9.55618 11.61 7.77921
internal_count=4211 2782 1429 1339 2612 1258 2446 81 166 90 79 170 145
is_linear=0
shrinkage=0.03


Tree=128
num_leaves=14
num_cat=0
split_feature=18 28 28 13 12 12 27 12 0 26 27 29 29
split_gain=7.06655 7.71729 20.8225 16.3058 8.88172 6.15554 6.10299 5.79371 5.05921 5.57983 1.24238 0.267675 0.0444198
threshold=0.0050547399464996477 -0.0058301049513078953 -0.0044351881227359018 0.036376011682414049 -0.044589962430578244 -0.023277691071747538 -0.013106004633787532 -0.025774480715147416 -0.0094425011141527748 -0.0073223439766216545 -0.033727289268193454 0.051260153194281531 0.048144986981372005
decision_type=2 2 2 2 2 2 2 2 2 2 2 2 2
left_child=5 3 11 12 -4 7 -5 10 -7 -10 -1 -3 -2
right_child=1 2 4 6 -6 8 -8 -9 9 -11 -12 -13 -14
leaf_value=0.011821500167754743 -0.034311609416352903 -0.036520705627343317 -0.0090696565192992917 0.028551667539186438 0.0022719757566569366 0.027944204104042997 0.00071501819324348457 0.046306886437051116 0.015558240214342076 -0.03089280002903037 -0.032416980678365098 -0.046510595269899049 -0.040030955271924552
leaf_weight=0.87339200079441104 2.8701651431620112 4.1034254319965822 68.300025172531605 26.371255405247211 689.28822551388294 1.766517779789871 9.694206736981867 2.6631597261875894 2.6698023006320062 18.147879343479865 1.6520518045872448 5.8630848675966263 2.1284970082342625
leaf_count=7 35 39 216 48 2743 17 30 15 33 954 33 28 13
internal_value=0.000849575 0.00136062 0.00068273 0.0140314 0.00124948 -0.0140297 0.0210693 0.0154363 -0.0207994 -0.0249356 -0.0171177 -0.0423975 -0.036747
internal_weight=836.392 808.619 767.555 41.0641 757.588 27.7728 36.0655 5.1886 22.5842 20.8177 2.52544 9.96651 4.99866
internal_count=4211 3152 3026 126 2959 1059 78 55 1004 987 40 67 48
is_linear=0
shrinkage=0.03


Tree=129
num_leaves=12
num_cat=0
split_feature=28 22 28 28 26 24 29 24 7 18 29
split_gain=7.07898 11.236 8.70202 21.9325 17.3806 16.0273 26.3533 16.6634 13.7755 0.0945441 0.0462993
threshold=0.0049372650874768649 3590352070.3400006 0.0026141778443542723 0.0011207394595557391 0.0058195437962758221 0.86397551762364311 0.030475485199324141 0.48124688217245926 7302761.4060000004 0.01739014526108849 0.050686854471700231
decision_type=2 2 2 2 2 2 2 2 2 2 2
left_child=2 9 3 8 -5 7 -7 -4 -1 10 -2
right_child=1 -3 5 4 -6 6 -8 -9 -10 -11 -12
leaf_value=-0.011559805891946811 -0.033056241655558198 0.029393199822541394 -0.012859592598018556 -0.021628477093746927 0.0072472409405966338 0.048267895065684387 -0.034623561941571505 0.017755661298053085 0.0034683567987684356 -0.045024772383708535 -0.038308525751837443
leaf_weight=61.175089535769075 2.0735109215602261 2.9108294993638983 19.277544832788408 68.060746829025447 25.899401476606727 4.4200975727289942 15.758889018557964 94.121463476214558 534.81520315399393 1.5427150316536424 5.5630164556205273
leaf_count=753 47 5 139 516 139 24 105 408 2030 8 37
internal_value=0.00082437 -0.0219647 0.00115893 -0.000197976 -0.0136691 0.00816757 -0.0164666 0.0125511 0.0019258 -0.0382509 -0.0368824
internal_weight=835.619 12.0901 823.528 689.95 93.9601 133.578 20.179 113.399 595.99 9.17924 7.63653
internal_count=4211 97 4114 3438 655 676 129 547 2783 92 84
is_linear=0
shrinkage=0.03


Tree=130
num_leaves=10
num_cat=0
split_feature=24 25 1 9 9 22 18 18 18
split_gain=7.00936 12.5774 10.6869 8.92873 6.34503 5.70792 6.31962 0.147265 0.0279327
threshold=1.7250493029863321 0.001090042596103652 0.014665934904381331 0.99143689823056336 7.8494386990617562 213911700.71600002 0.0062761672820928005 0.0099652738239518583 0.0098720857827713521
decision_type=2 2 2 2 2 2 2 2 2
left_child=1 2 8 -4 5 6 -2 -3 -1
right_child=4 7 3 -5 -6 -7 -8 -9 -10
leaf_value=-0.033262294117590914 0.032840901451137272 -0.038725758798372499 0.0051577271234828376 -0.0013367174915874535 0.056250387871741789 0.038608812063777538 -0.039571944376196287 -0.048217306141145493 -0.038973772021303567
leaf_weight=7.0575203625485292 1.7238958813250045 3.2083906289190045 306.97743893740699 502.22714436007664 3.713207993656396 3.3579368144273758 2.9252740368247032 2.7170918732881546 0.86511827260255802
leaf_count=147 17 26 1284 2687 6 4 21 12 7
internal_value=0.000799758 0.000471714 0.00078752 0.001127 0.0238365 0.00880486 -0.0127215 -0.043078 -0.033886
internal_weight=834.773 823.053 817.127 809.205 11.7203 8.00711 4.64917 5.92548 7.92264
internal_count=4211 4163 4125 3971 48 42 38 38 154
is_linear=0
shrinkage=0.03


Tree=131
num_leaves=14
num_cat=0
split_feature=5 3 22 21 28 18 17 25 6 22 3 3 0
split_gain=6.96632 11.9922 11.7468 15.2569 9.0897 9.06387 10.465 8.92334 8.44853 19.3221 8.06864 3.88389 2.26656
threshold=0.016488136029025626 0.91217682877688888 1833362021.0670002 1503736.0000000002 -0.00021544281243269115 0.027347698298702407 -0.015341410882943466 0.00036061617792229307 353341.50000000006 271228300.45850009 0.94285714285714273 0.12320515667629352 -0.00046935364593386894
decision_type=2 2 2 2 2 2 2 2 2 2 2 2 2
left_child=1 5 3 -3 -4 6 -1 8 9 -2 -9 -7 -10
right_child=7 2 4 -5 -6 11 -8 10 12 -11 -12 -13 -14
leaf_value=-0.018309299094679644 0.018903401338724504 -0.0083369012365351759 -0.023530131777643563 -0.044413663956486049 0.030776688006956779 0.043501136140227145 0.0012857050108620383 -0.050837066009225794 0.01886955620393372 -0.047611423018307925 0.012388176410866205 0.013309510907461823 0.039375109765783678
leaf_weight=25.460616812109947 17.991046823561195 36.587324331514537 4.0765797924250355 14.824778569396583 8.6801300318911654 4.8195306509733227 670.87106266524643 3.6260634204372755 8.2018031030893344 5.02941502444446 3.6404107073321939 18.767237693071365 11.876282542943953
leaf_count=79 67 369 23 123 27 5 3389 23 16 25 15 36 14
internal_value=0.000775812 8.11002e-05 -0.0123459 -0.0187397 0.0134222 0.00118877 0.000569235 0.0115911 0.0167762 0.00437152 -0.019162 0.0194786 0.0309987
internal_weight=834.452 784.087 64.1688 51.4121 12.7567 719.918 696.332 50.365 43.0985 23.0205 7.26647 23.5868 20.0781
internal_count=4211 4051 542 492 50 3509 3468 160 122 92 38 41 30
is_linear=0
shrinkage=0.03


Tree=132
num_leaves=15
num_cat=0
split_feature=29 24 18 26 20 5 4 26 28 25 0 20 11 6
split_gain=6.82599 9.80595 17.3355 26.714 10.5581 9.80304 14.8823 15.3676 15.0056 10.2754 11.9839 7.77368 11.1194 6.04593
threshold=0.085232815619349214 0.49053744452073128 0.012834738744626839 -0.0066331975443980722 -0.035925151845651267 0.016488136029025626 42.500000000000007 0.0036428807986128957 -0.00071489947709229955 1.6928064650709673e-05 0.0013667029166466655 -0.020677838212285308 0.058856479253810427 353341.50000000006
decision_type=2 2 2 2 2 2 2 2 2 2 2 2 2 2
left_child=5 11 3 -3 -4 6 7 -1 -8 13 -11 -2 -13 -7
right_child=1 2 4 -5 -6 9 8 -9 -10 10 -12 12 -14 -15
leaf_value=-0.014660687127569433 0.037936967867575215 0.038537082358534661 -0.01022651108285483 -0.042925901122596949 0.018975258819013262 0.010774053256782285 0.0064870507811401433 0.010582827839669648 -0.003495320468623673 -0.030447814937414219 0.023744130506469698 -0.019319084309805248 0.033981904968475758 0.038052738346303905
leaf_weight=113.87991724628955 14.84655797481537 4.8471133708953884 15.508364468812941 14.344898421317337 39.589492604136467 15.391288510523738 250.82615091884509 26.815148719586432 294.83333609811962 8.4288194733671826 6.5083668418228617 7.1799623537808639 6.9150737673044205 13.93095066398382
leaf_count=849 20 6 42 66 71 52 1063 183 1731 61 15 26 9 17
internal_value=0.000752899 0.00797393 0.00220286 -0.0223517 0.0107559 -0.00026739 -0.00114983 -0.00984951 0.00109333 0.0134171 -0.00683553 0.0227876 0.00683057 0.0237341
internal_weight=833.845 103.231 74.2899 19.192 55.0979 730.614 686.355 140.695 545.659 44.2594 14.9372 28.9416 14.095 29.3222
internal_count=4211 240 185 72 113 3971 3826 1032 2794 145 76 55 35 69
is_linear=0
shrinkage=0.03


Tree=133
num_leaves=12
num_cat=0
split_feature=28 22 28 28 9 24 29 11 25 18 29
split_gain=6.76913 10.6769 8.18927 20.637 17.9205 15.2064 24.754 15.6895 14.1599 0.0905749 0.0428306
threshold=0.0049372650874768649 3590352070.3400006 0.0026141778443542723 0.0016240207285389276 2.1001068212938967 0.86397551762364311 0.030475485199324141 0.010446487525311533 -0.000505418529753091 0.017629610832958133 0.050686854471700231
decision_type=2 2 2 2 2 2 2 2 2 2 2
left_child=2 9 3 8 -5 7 -7 -4 -1 10 -2
right_child=1 -3 5 4 -6 6 -8 -9 -10 -11 -12
leaf_value=-0.0212749950061219 -0.032926966437903091 0.028386977516365958 -0.0093210573431186713 -0.033398566596288669 0.0027493881543614201 0.04615554759364484 -0.034031231330404768 0.017925652799422449 0.0020998500899013393 -0.044765051023178744 -0.038005989707973482
leaf_weight=24.24846747238189 2.0606524962931854 2.8877355009317389 24.174708926584572 30.177628259640187 20.885697674937546 4.4540145965293076 15.601063847541807 89.212334617972374 611.91296369582415 1.4653102755546568 5.4368859333917499
leaf_count=233 48 5 224 248 119 24 105 323 2838 7 37
internal_value=0.000731488 -0.02178 0.00105656 -0.000264 -0.0186135 0.00785741 -0.0162226 0.0121165 0.00120887 -0.0379433 -0.0366101
internal_weight=832.517 11.8506 820.667 687.225 51.0633 133.442 20.0551 113.387 636.161 8.96285 7.49754
internal_count=4211 97 4114 3438 367 676 129 547 3071 92 85
is_linear=0
shrinkage=0.03


Tree=134
num_leaves=10
num_cat=0
split_feature=15 21 0 23 26 26 25 1 29
split_gain=6.72992 7.20993 8.16005 7.313 10.2059 8.01295 5.90324 2.21387 0.0669767
threshold=-0.03541618623937344 136843.00000000003 0.0023149768986860217 0.45337717944839079 -0.00093516850529456737 -0.0026459230119469817 0.00010794396705370389 0.04290573472161633 0.053741616351066411
decision_type=2 2 2 2 2 2 2 2 2
left_child=7 2 8 4 -3 -5 -4 -1 -2
right_child=1 3 6 5 -6 -7 -8 -9 -10
leaf_value=0.034711216475755195 -0.032664663941759632 0.054955172144056284 -0.034536574681364139 -0.0048187246250793346 -0.0088014995868126254 0.0021798313165931967 0.022730597797980642 0.011911878656246712 -0.037750871037065536
leaf_weight=5.4338819533586529 8.0619919337332266 5.2149947863072157 2.3015865422785273 196.34039752557874 3.9874085783958417 588.73557326802984 5.470693233422935 13.011484041810034 3.2773584257811299
leaf_count=7 206 9 40 966 29 2869 31 27 27
internal_value=0.000709438 0.000303086 -0.0179054 0.000741213 0.0273294 0.000429556 0.00577221 0.0186284 -0.0341347
internal_weight=831.835 813.39 19.1116 794.278 9.2024 785.076 7.77228 18.4454 11.3394
internal_count=4211 4177 304 3873 38 3835 71 34 233
is_linear=0
shrinkage=0.03


Tree=135
num_leaves=15
num_cat=0
split_feature=14 14 13 27 11 16 17 5 14 8 13 18 18 13
split_gain=6.57821 16.4654 13.7072 19.9986 9.70228 15.7887 15.4901 11.4102 17.1775 10.7488 7.46627 5.22485 0.44818 0.0399872
threshold=0.96905671195640719 0.98353212252643096 0.043889018304000084 0.00070661144843383347 0.051024173137430386 0.58333333333333337 0.0061211144772854382 -0.0026039392864320768 0.0041887652970657666 -0.0031576162218910652 0.055616386474409668 0.016290020367240868 0.0095902498906937552 0.041452358813239283
decision_type=2 2 2 2 2 2 2 2 2 2 2 2 2 2
left_child=4 12 3 -3 7 11 -7 8 -1 -9 -4 -6 13 -2
right_child=1 2 10 -5 5 6 -8 9 -10 -11 -12 -13 -14 -15
leaf_value=0.036080262782733137 -0.034308979674502062 0.091559560689711952 0.035241031940773999 -0.040823706951780614 0.035168634176206401 -0.013460085852968245 0.02095296261421838 0.011526143856111868 -0.0063269887218009085 0.00050482633454003553 -0.0060894707978339305 0.0095420704682137193 -0.048172255483655439 -0.039426085187386904
leaf_weight=8.9019931200891715 3.7238964056596142 1.1580340238288069 9.6808772087097186 9.0771530601195973 22.601492047309875 29.569929327815771 19.558262772858143 103.21135609969497 250.51465584943071 348.73491761973128 6.6262442991137496 10.480784565210341 5.3743739277124405 2.1784059423953295
leaf_count=19 55 7 18 97 30 92 36 422 1452 1897 24 21 26 15
internal_value=0.000688314 -0.0115356 0.00136687 -0.0258455 0.00127086 0.0110285 0.00023998 0.000143193 -0.00487177 0.00302177 0.0184468 0.0270499 -0.0419046 -0.0361976
internal_weight=831.392 37.819 26.5423 10.2352 793.573 82.2105 49.1282 711.363 259.417 451.946 16.3071 33.0823 11.2767 5.9023
internal_count=4211 242 146 104 3969 179 128 3790 1471 2319 42 51 96 70
is_linear=0
shrinkage=0.03


Tree=136
num_leaves=14
num_cat=0
split_feature=12 10 25 17 25 5 27 6 5 3 13 29 29
split_gain=6.64396 21.5562 12.8068 21.9688 20.7181 11.5466 11.3156 14.3458 12.2218 8.75561 0.670192 0.440307 0.0507528
threshold=-0.014558641327802451 -0.0064446363291062901 0.00041867637370380899 0.0052819610334948032 -1.6886585215245015e-05 -0.020768339107969862 0.016106890188872906 361466.00000000006 -0.010631270573782098 0.013345206292668287 0.030943109653829726 0.067243942175642085 0.055212660069268012
decision_type=2 2 2 2 2 2 2 2 2 2 2 2 2
left_child=5 10 4 -4 -3 9 8 -8 -7 -1 12 -11 -2
right_child=1 2 3 -5 -6 6 7 -9 -10 11 -12 -13 -14
leaf_value=0.0096626180393847086 -0.032906572901940323 0.0039767231662683616 0.016782575185909386 -0.045415547251266321 -0.011750027359868359 0.014902554663578368 -0.012251574702223668 0.029252349064327526 0.00014888110574533362 -0.040952792018873245 -0.047639994619721036 -0.056340952688747559 -0.039034794692589594
leaf_weight=3.5628497302532178 6.8641275409609062 159.58789450814947 58.291033539921045 5.6020381525158873 142.89438922191039 59.340125409886241 9.9504410885274392 30.37782096862793 340.48674527043477 3.3896233327686787 5.293183021247386 3.3054269105195999 1.4782106056809423
leaf_count=13 177 971 259 34 1038 213 38 47 1349 22 27 14 9
internal_value=0.000668142 -0.00225327 -0.000874846 0.0113291 -0.00345269 0.00313292 0.00386619 0.0190118 0.00233854 -0.0283312 -0.0392903 -0.0485501 -0.0339925
internal_weight=830.424 380.011 366.375 63.8931 302.482 450.413 440.155 40.3283 399.827 10.2579 13.6355 6.69505 8.34234
internal_count=4211 2515 2302 293 2009 1696 1647 85 1562 49 213 36 186
is_linear=0
shrinkage=0.03


Tree=137
num_leaves=15
num_cat=0
split_feature=26 26 25 26 26 18 1 26 14 18 28 29 7 17
split_gain=6.69816 24.1755 29.4276 22.9113 20.1594 19.4436 19.2789 18.6513 15.9301 15.3527 14.4208 12.7149 14.0563 8.64668
threshold=-0.00060459397766948015 -0.0025563712922436871 0.00043110765201424605 1.0000000180025095e-35 0.00055206476524020671 0.0057864166362805707 0.051860965249700637 -0.0055363852722366972 0.83606557377049107 0.02396833264136752 0.0025768289297380454 0.069736050509388012 150219996.507 0.00035201254610668696
decision_type=2 2 2 2 2 2 2 2 2 2 2 2 2 2
left_child=1 6 5 11 8 -3 9 -8 -5 -1 -6 12 -2 -4
right_child=3 2 13 4 10 -7 7 -9 -10 -11 -12 -13 -14 -15
leaf_value=-0.011609579740849623 -0.00010513669699106995 -0.033563037396964021 -0.045026544368318523 0.025284077076595968 -0.0071441341401968601 0.017740022141289797 0.024018844477521888 -0.0082018346444889811 -0.044494655250986843 0.023222626206476065 0.0050248746184687054 -0.058200654649689786 -0.048469359549518948 0.018190033510498617
leaf_weight=142.68335393955931 17.313561558257792 6.9548275247216216 9.9197513954713923 38.203873845282942 215.32394272880629 151.0199157372117 38.511575745418668 27.870152557268739 3.1904262211173764 12.376269683241842 147.80508403852582 8.2122110277414304 7.8652473706752053 2.4229151029139748
leaf_count=883 111 160 65 168 1348 360 80 103 26 20 791 35 51 10
internal_value=0.000648228 0.00349814 0.0119958 -0.0019013 7.01855e-05 0.0154814 -0.00303768 0.0104911 0.0199059 -0.00882941 -0.00219096 -0.0257854 -0.0152129 -0.0326169
internal_weight=829.673 391.759 170.317 437.914 404.523 157.975 221.441 66.3817 41.3943 155.06 363.129 33.391 25.1788 12.3427
internal_count=4211 1681 595 2530 2333 520 1086 183 194 903 2139 197 162 75
is_linear=0
shrinkage=0.03


Tree=138
num_leaves=15
num_cat=0
split_feature=20 11 24 10 9 12 5 22 16 15 29 24 21 9
split_gain=6.48909 12.2467 12.5248 11.9049 13.616 12.5295 11.787 11.4321 8.89587 9.1351 8.31429 7.56402 5.74522 3.54766
threshold=0.011848705958726299 0.051024173137430386 0.34336127642579656 0.024109853196343799 0.68275863035615614 -0.009667696965521588 -0.0026039392864320768 91246122.221500024 0.58333333333333337 0.013042156654193412 0.058742940475934376 0.28778231898446499 4605621.5000000009 7.4745490168195206
decision_type=2 2 2 2 2 2 2 2 2 2 2 2 2 2
left_child=1 2 11 7 12 -6 -4 10 -3 -10 -2 -1 -5 -9
right_child=3 8 6 4 5 -7 -8 13 9 -11 -12 -13 -14 -15
leaf_value=-0.00011377929242955935 -0.032769369790469509 0.030555101196649784 -0.0036350603908066282 -0.043785314714127353 0.019118364261513254 -0.0048675803867584211 0.004692787066984676 -0.044130593863863046 -0.026104361507658467 0.019231963372848188 0.053424608027087768 -0.040583320423415198 0.0089271585808717371 -0.0014611305059753028
leaf_weight=6.9312002663500634 1.7309858361259127 22.206837236881256 249.41375256096944 8.9424747386947256 27.485260702669621 68.322029423899949 395.53464581584558 13.681330111809073 6.535092547535899 10.311601489782332 2.4087654836475849 10.383588152471928 2.3499017059803 2.0115185203030697
leaf_count=91 46 31 1387 70 61 277 1965 101 21 19 3 121 7 11
internal_value=0.000629262 0.00175896 0.000796265 -0.00561245 -0.00165884 0.00201352 0.00147225 -0.0269627 0.0180842 0.0016453 0.0173837 -0.0243832 -0.032816 -0.0386612
internal_weight=828.249 701.317 662.263 126.932 107.1 95.8073 644.948 19.8326 39.0535 16.8467 4.13975 17.3148 11.2924 15.6928
internal_count=4211 3635 3564 576 415 338 3352 161 71 40 49 212 77 112
is_linear=0
shrinkage=0.03


Tree=139
num_leaves=12
num_cat=0
split_feature=28 7 28 28 26 26 8 7 18 18 29
split_gain=6.56408 8.18593 7.21488 19.2373 15.5937 15.2444 12.6942 12.3831 0.116972 0.0825298 0.0346194
threshold=0.0049372650874768649 822079271.86450016 0.0026141778443542723 0.0011207394595557391 0.0058195437962758221 0.0079402470410583712 0.0034122866383208945 7302761.4060000004 0.010591238867832172 0.017629610832958133 0.050686854471700231
decision_type=2 2 2 2 2 2 2 2 2 2 2
left_child=2 9 3 7 -5 6 -4 -1 -7 10 -2
right_child=1 -3 5 4 -6 8 -8 -9 -10 -11 -12
leaf_value=-0.011260573359818815 -0.032820883116233011 0.018764264545370682 0.016643449653372399 -0.020728768620353354 0.0068640551813074543 -0.034472446403174054 -0.0032092761194423797 0.003130018447354672 -0.042722497098733478 -0.044066559231796761 -0.037505088421787396
leaf_weight=59.889073332771659 1.9963159812614302 3.2254285812377921 81.739184462465346 66.481360284611583 25.504802564159036 3.7926370091736308 44.916059917304665 530.73737426660955 2.6118999645113945 1.4315358847379682 4.9188671763986349
leaf_count=753 48 7 370 516 139 50 240 2030 16 7 35
internal_value=0.000610707 -0.0218251 0.00092901 -0.000316692 -0.0130782 0.00731961 0.00960303 0.00167082 -0.037837 -0.0375101 -0.0361528
internal_weight=827.245 11.5721 815.672 682.613 91.9862 133.06 126.655 590.626 6.40454 8.34672 6.91518
internal_count=4211 97 4114 3438 655 676 610 2783 66 90 83
is_linear=0
shrinkage=0.03


Tree=140
num_leaves=15
num_cat=0
split_feature=9 21 9 24 3 1 0 18 13 24 26 13 18 18
split_gain=6.61336 16.1923 15.2293 20.9743 19.7479 14.9564 13.4294 12.8237 10.8974 9.90996 6.6521 5.9124 0.105942 0.0234465
threshold=0.99143689823056336 1321529.0000000002 0.86141369682748536 0.86397551762364311 0.70685161429547694 0.020491893496840486 -0.0020096988020045932 0.02396833264136752 0.066736103395796387 1.07373252264596 0.0033807937332597407 0.039285684503954997 0.0091885283794517023 0.0054717859543640078
decision_type=2 2 2 2 2 2 2 2 2 2 2 2 2 2
left_child=1 2 3 -1 -4 12 11 -8 9 -7 -10 -3 13 -2
right_child=5 6 4 -5 -6 8 7 -9 10 -11 -12 -13 -14 -15
leaf_value=0.010858060201673524 -0.031259820565862691 -0.011936797334762952 0.036326233987650537 -0.023151037259543133 -0.011853460793195042 -0.0039841524876354454 -0.0025052150342690016 0.032320077047576765 0.0041099669900705234 0.012983245580423011 0.023962832593763816 -0.05141294046508417 -0.040283958707604428 -0.035075782447371119
leaf_weight=94.32430112361908 1.9875706322491149 7.0064437529072148 34.627437808550894 19.735529963858426 9.8301436761394125 388.33531277813017 137.17805450409651 10.225616380572317 52.388565815985203 33.665945268236101 21.392603993415833 6.6606183815747499 3.6720303483307362 5.349444143474102
leaf_count=526 90 38 97 173 61 2278 489 14 131 168 35 31 25 55
internal_value=0.000592413 0.00397199 0.0107789 0.00497354 0.0256731 -0.00153878 -0.00272703 -8.93317e-05 -0.000770804 -0.00263055 0.00986624 -0.0311754 -0.036124 -0.0340421
internal_weight=826.38 319.588 158.517 114.06 44.4576 506.791 161.071 147.404 495.782 422.001 73.7812 13.6671 11.009 7.33701
internal_count=4211 1429 857 699 158 2782 572 503 2612 2446 166 69 170 145
is_linear=0
shrinkage=0.03


Tree=141
num_leaves=11
num_cat=0
split_feature=24 29 14 7 24 14 24 15 9 21
split_gain=6.50395 6.98797 17.3612 17.8186 17.6903 11.5348 27.7119 16.5158 5.78359 8.45238
threshold=1.7250493029863321 0.048462085248197902 0.30595841784989491 239452593.09950003 0.79651790990808446 0.79898996071570194 0.74379308857296833 0.011943308450052141 7.8494386990617562 712461.00000000012
decision_type=2 2 2 2 2 2 2 2 2 2
left_child=1 2 3 -1 -4 7 -7 -3 9 -2
right_child=8 5 4 -5 -6 6 -8 -9 -10 -11
leaf_value=-0.026069216760860679 -0.037129917616125538 0.0028837524184851704 -0.0047000698118343492 0.0070737764025468252 0.017525422255452221 0.0034826802667177453 -0.028573225723842126 0.030045072542904189 0.053785379948677242 0.029805619013546759
leaf_weight=50.515608867630363 2.5025356477126461 444.858622523956 120.21459528058767 20.533599948510528 44.03822481399402 77.301844174042344 35.379884378053248 21.104298874735832 3.7136923223733902 5.2805565325543284
leaf_count=669 28 1342 1270 108 338 248 157 31 6 14
internal_value=0.000574934 0.000258447 -0.00410061 -0.0164907 0.00125886 0.00203103 -0.00658225 0.00411394 0.0229815 0.00828351
internal_weight=825.443 813.947 235.302 71.0492 164.253 578.645 112.682 465.963 11.4968 7.78309
internal_count=4211 4163 2385 777 1608 1778 405 1373 48 42
is_linear=0
shrinkage=0.03


Tree=142
num_leaves=9
num_cat=0
split_feature=23 28 18 26 1 1 18 18
split_gain=6.42638 6.45101 15.7231 13.6704 9.18951 6.43659 0.20934 0.0823481
threshold=0.39046349288538545 -0.0062041345147064598 0.0093114909578136864 -0.0087571393587931676 0.17857326603683971 0.04260758018094226 0.012281510769005828 0.0069666490866451452
decision_type=2 2 2 2 2 2 2 2
left_child=-1 2 7 6 -5 -4 -3 -2
right_child=1 3 5 4 -6 -7 -8 -9
leaf_value=0.03907895378235695 -0.033218521391613853 -0.03562593711358069 0.0018135432417867761 0.00041442872310509441 -0.053514763303682218 0.032671447304782143 -0.04599893815665769 -0.041168196961013516
leaf_weight=3.8793840622529379 2.3750824583694365 3.0886297598481169 9.1584574915468711 778.53170141205192 2.8541465252637854 18.120572715997696 4.0431186780333519 2.3165584895759821
leaf_count=17 43 34 34 4009 13 26 20 15
internal_value=0.000557839 0.000375705 0.0135865 -0.00015993 0.000217443 0.0223114 -0.0415066 -0.0371438
internal_weight=824.368 820.488 31.9707 788.518 781.386 27.279 7.13175 4.69164
internal_count=4211 4194 118 4076 4022 60 54 58
is_linear=0
shrinkage=0.03


Tree=143
num_leaves=14
num_cat=0
split_feature=25 21 21 15 28 28 28 16 9 4 13 13 23
split_gain=6.2871 11.2524 19.7145 10.9393 8.36541 26.2557 26.8026 18.697 18.9834 14.7959 12.0562 6.64862 5.96694
threshold=-0.000505418529753091 2870257.5000000005 3307448.5000000005 0.020201466908765748 -0.00071489947709229955 -0.0018289914388209198 -0.0023431821632051287 0.25000000000000006 0.53386500050842567 47.500000000000007 0.022548819822295948 0.072260308881016061 2.283604219905103
decision_type=2 2 2 2 2 2 2 2 2 2 2 2 2
left_child=1 3 -3 11 5 6 -2 8 -6 -7 -9 -1 -4
right_child=4 2 12 -5 7 9 -8 10 -10 -11 -12 -13 -14
leaf_value=-0.04006203277708819 0.0027032403259913303 0.04558397858264545 -0.043554387888855899 0.057565849738206082 0.032209261174533294 -0.0078878048414116782 -0.028840688164844825 -0.01924474409482357 -0.037189739263124494 0.021820244722900676 0.0012447059688953594 0.029561204951649038 0.01536617429629362
leaf_weight=15.457134027034053 200.13274732138962 6.5602485015988332 5.1649255575612187 1.2477650642395008 4.2230925401672748 18.128821041435003 27.584495719522238 27.621499999426305 22.170979831833392 89.957503708079457 402.09653743030503 1.3415679037570942 2.2082680519670248
leaf_count=209 869 9 41 1 16 90 157 691 177 280 1660 2 9
internal_value=0.000541361 -0.0124996 0.00775255 -0.0281361 0.001068 0.0046615 -0.00111783 -0.00157765 -0.0260858 0.0168375 -7.23189e-05 -0.0345018 -0.0259077
internal_weight=823.896 31.9799 13.9334 18.0465 791.916 335.804 227.717 456.112 26.3941 108.086 429.718 16.7987 7.37319
internal_count=4211 271 59 212 3940 1396 1026 2544 193 370 2351 211 50
is_linear=0
shrinkage=0.03


Tree=144
num_leaves=12
num_cat=0
split_feature=28 22 28 26 11 28 25 29 11 17 29
split_gain=6.15999 9.49419 6.87715 16.3381 15.5382 14.0727 12.1901 0.253057 0.104246 0.0645914 0.0212145
threshold=0.0049372650874768649 3590352070.3400006 0.003220449226807419 0.0079402470410583712 0.018865857625980798 0.0030422054247293165 -0.000505418529753091 0.060376356237092997 0.03763076607918666 0.0077803729542152951 0.050686854471700231
decision_type=2 2 2 2 2 2 2 2 2 2 2
left_child=2 9 5 4 -4 6 -1 -7 -5 10 -2
right_child=1 -3 3 8 -6 7 -8 -9 -10 -11 -12
leaf_value=-0.020912411207764586 -0.032708428820599426 0.026018174137972166 -0.0063645118403333955 -0.033986583529619814 0.02250953011512084 -0.034264094950954879 0.0010711410067220592 -0.044809986404788671 -0.041764541741788321 -0.040538890919790987 -0.036708659402465683
leaf_weight=23.464993919245899 1.9164629117585699 2.8411971181631079 25.110033024102449 3.3251438736915579 50.523852882906795 4.8211324522271735 697.62160785868764 3.5599630549550056 2.9064154662191868 3.4060972929000854 3.1615057373419404
leaf_count=233 48 5 177 48 117 107 3396 18 18 19 25
internal_value=0.000525117 -0.0214473 0.000831825 0.0090766 0.0129235 -9.34546e-05 0.000355771 -0.0387436 -0.0376142 -0.0373428 -0.0351989
internal_weight=822.658 11.3253 811.333 81.8654 75.6339 729.468 721.087 8.3811 6.23156 8.48407 5.07797
internal_count=4211 97 4114 360 294 3754 3629 125 66 92 73
is_linear=0
shrinkage=0.03


Tree=145
num_leaves=13
num_cat=0
split_feature=3 23 1 17 21 24 24 13 23 18 29 29
split_gain=6.37013 13.7922 19.9279 13.6249 8.53213 8.35463 8.27265 7.40645 5.0438 0.341849 0.0711239 0.0626589
threshold=0.0083387639024833562 1.2935525005839537 0.048681264586468535 0.0040874107290669835 136843.00000000003 1.7250493029863321 1.2947360950074214 0.044749451606109873 1.3713617039546708 0.013171357513485329 0.053059864833891607 0.057048793532669069
decision_type=2 2 2 2 2 2 2 2 2 2 2 2
left_child=1 2 3 -1 7 6 -6 11 -7 10 -3 -2
right_child=4 9 -4 -5 5 8 -8 -9 -10 -11 -12 -13
leaf_value=-0.03215322431410042 -0.032828575631285474 -0.034434439219315931 0.037096027341253467 0.02181521726693509 0.0016258961035138235 -0.0014722453446102473 -0.020489744539822306 0.016649550697917771 0.043091399899935483 -0.048313581322101069 -0.040417915892334275 -0.038467320798704539
leaf_weight=14.659820918925112 8.6286777220666391 5.062292483635245 8.8919382095336896 5.9063676856458178 741.39651247253641 3.4164491249248368 15.541674064472316 3.4176677130162707 6.9069484956562519 3.1037944853305817 2.7642112895846367 2.2325082141906014
leaf_count=171 221 76 16 27 3509 18 91 12 19 18 16 17
internal_value=0.000509403 -0.0111084 -0.000429635 -0.0166541 0.00110979 0.0015374 0.00117181 -0.0218675 0.0283434 -0.0398888 -0.0365477 -0.0339876
internal_weight=821.929 40.3884 29.4581 20.5662 781.54 767.262 756.938 14.2789 10.3234 10.9303 7.8265 10.8612
internal_count=4211 324 214 198 3887 3637 3600 250 37 110 92 238
is_linear=0
shrinkage=0.03


Tree=146
num_leaves=15
num_cat=0
split_feature=20 6 10 6 6 3 7 11 24 16 26 12 24 28
split_gain=6.10143 12.6507 12.7114 12.4624 11.3545 12.5708 12.2036 11.3426 11.8142 10.8447 10.3888 7.67281 7.32925 3.58729
threshold=0.011848705958726299 361466.00000000006 0.024109853196343799 622848.50000000012 20070.500000000004 0.52135588103138841 23955390.239500001 0.052772300263388978 0.34336127642579656 0.58333333333333337 0.0056367630490490881 -0.0040794934379807671 0.28778231898446499 -0.0022649867689275897
decision_type=2 2 2 2 2 2 2 2 2 2 2 2 2 2
left_child=7 4 13 -4 6 -6 -2 8 12 -9 -10 -11 -1 -3
right_child=1 2 3 -5 5 -7 -8 9 10 11 -12 -13 -14 -15
leaf_value=-5.0727466684416235e-07 -0.0046085939648122026 0.0021758919505321266 0.02812621631219387 -0.0016605828144672567 -0.00080847047701617042 -0.03379680494530652 0.067468376091641774 0.032408077856932976 0.0023600160298356595 -0.025654315674287328 -0.013236086745253358 0.018739657736670117 -0.040310891351022268 -0.047262162075097716
leaf_weight=6.8004263457842198 13.779332069680096 1.781158843077719 19.378018038347363 36.363578846678138 15.692510539665816 30.805233589373529 2.497314676642417 20.320960894227028 603.55781026836485 6.532122462987898 41.054067558143288 7.5580926984548569 10.071651933714746 5.1124985087662926
leaf_count=91 141 7 37 109 61 188 3 27 3035 21 326 14 121 30
internal_value=0.000493978 -0.00559706 0.00394177 0.00869451 -0.0151147 -0.0226636 0.00645013 0.00159167 0.000718098 0.0183842 0.00136673 -0.00184107 -0.0240635 -0.0344885
internal_weight=821.305 125.41 62.6353 55.7416 62.7744 46.4977 16.2766 695.895 661.484 34.4112 644.612 14.0902 16.8721 6.89366
internal_count=4211 576 183 146 393 249 144 3635 3573 62 3361 35 212 37
is_linear=0
shrinkage=0.03


Tree=147
num_leaves=14
num_cat=0
split_feature=5 3 4 7 28 14 26 25 3 5 5 15 1
split_gain=6.10515 10.3161 11.6829 10.4145 8.86361 18.8512 16.32 8.08542 7.59098 7.05015 10.7786 4.30118 3.06435
threshold=0.016488136029025626 0.91217682877688888 12.500000000000002 373976915.13700002 -0.0031240396689455551 0.027525485492871985 -0.00044778818407586579 0.00036061617792229307 0.94285714285714273 0.020266201574629363 0.030043283900149768 -9.7694473513630233e-05 0.061183514217833954
decision_type=2 2 2 2 2 2 2 2 2 2 2 2 2
left_child=1 4 3 -3 5 -1 -6 9 -9 11 -11 -2 -4
right_child=7 2 12 -5 6 -7 -8 8 -10 10 -12 -13 -14
leaf_value=0.015663928826389756 0.035747157985230732 -0.012973200814386516 -0.03367031441912665 0.019811248880561148 0.0080735496654261007 -0.016240857382591369 -0.0018493385393251573 -0.050093749768687884 0.012315121860562132 -0.017735585589053551 0.031941215813527213 0.010135936567634297 -0.081026297343047712
leaf_weight=22.395388156175613 15.353087447583677 39.786461984273046 9.8110689064487797 11.168616277165709 248.37206614390016 65.167525512166321 373.48856308870018 3.523480247706174 3.4929478364065289 10.553145368583502 6.264348102733492 9.5866062678396684 1.4060321296565224
leaf_count=65 27 370 128 35 945 383 2116 23 15 51 13 31 9
internal_value=0.000479339 -0.000171333 -0.0118889 -0.00578732 0.000855569 -0.00808078 0.00211388 0.0107729 -0.0190251 0.0157799 0.000768526 0.0259024 -0.0396063
internal_weight=820.369 771.596 62.1722 50.9551 709.424 87.5629 621.861 48.7736 7.01643 41.7572 16.8175 24.9397 11.2171
internal_count=4211 4051 542 405 3509 448 3061 160 38 122 64 58 137
is_linear=0
shrinkage=0.03


Tree=148
num_leaves=13
num_cat=0
split_feature=3 23 1 17 21 13 23 29 26 18 6 29
split_gain=6.13739 13.2437 18.7057 12.954 8.1077 7.16639 6.98074 6.75734 4.80172 0.311655 0.0651646 0.0564717
threshold=0.0083387639024833562 1.2935525005839537 0.048681264586468535 0.0040874107290669835 136843.00000000003 0.044749451606109873 0.45337717944839079 0.085232815619349214 -0.001706976552236991 0.013171357513485329 47156.000000000007 0.057048793532669069
decision_type=2 2 2 2 2 2 2 2 2 2 2 2
left_child=1 2 3 -1 5 11 8 -8 -6 10 -3 -2
right_child=4 9 -4 -5 6 -7 7 -9 -10 -11 -12 -13
leaf_value=-0.031791951398311258 -0.032743551615636968 -0.033153390794609272 0.035736560727979406 0.020901294386591839 0.05311472449836805 0.01628558841906063 7.2904431992085582e-05 0.008576385439320211 0.0085046371891783056 -0.047684397892068582 -0.038753541342136051 -0.03818152777872038
leaf_weight=14.404245056211954 8.3614061586558801 3.2800359800457937 8.891186520457266 5.9265209380537263 3.8555402532219887 3.3912209570407859 660.51120991399512 96.377690732479095 4.9719006251543743 3.0556270740926266 4.3503220481798053 2.163377688266336
leaf_count=171 221 59 16 27 7 12 3386 220 24 18 33 17
internal_value=0.000465229 -0.0110095 -0.000558713 -0.0164316 0.0010526 -0.0216409 0.00146503 0.00115569 0.0279889 -0.0395883 -0.0363462 -0.0338613
internal_weight=819.54 39.9079 29.222 20.3308 779.632 13.916 765.716 756.889 8.82744 10.686 7.63036 10.5248
internal_count=4211 324 214 198 3887 250 3637 3606 31 110 92 238
is_linear=0
shrinkage=0.03


Tree=149
num_leaves=15
num_cat=0
split_feature=5 5 13 26 21 9 24 24 8 8 8 22 7 23
split_gain=5.94103 14.6808 16.0122 18.3788 15.5895 14.5657 20.6751 18.3144 10.1566 18.3999 13.9189 13.7319 21.5754 11.3715
threshold=-0.0026039392864320768 -0.0092769852369459175 0.049564773328131168 -0.0026459230119469817 2624830.0000000005 2.3087187397817508 0.47460790944194431 0.4845840539976573 -0.0030576373480359644 -0.0011453272187062615 0.0018085043099468031 1456685704.8190002 150219996.507 0.9107369983746133
decision_type=2 2 2 2 2 2 2 2 2 2 2 2 2 2
left_child=1 5 3 -3 -4 6 -1 -7 11 13 -11 12 -2 -10
right_child=8 2 4 -5 -6 7 -8 -9 9 10 -12 -13 -14 -15
leaf_value=-0.027789852815619784 0.00540918068452431 -0.040716131496295098 0.017014810447581637 -0.0096294541906314854 -0.014959333703841046 0.012013546053815979 0.015247162922080608 -0.027684562348082788 -0.002936565681157053 0.013240404416964155 -0.0012503548373620898 -0.013030216529238022 0.03535298407405587 -0.044396659754681829
leaf_weight=11.327948329970239 73.292409496381879 21.583631040062755 33.109307616949081 82.698397737927735 23.439568199217319 18.394028284121305 88.795276511926204 24.245423035696149 10.982295616529884 74.950056314934045 292.38573147519492 19.74883621931076 30.739249629899859 13.003554628696291
leaf_count=88 351 203 78 605 74 76 344 167 64 368 1549 71 68 105
internal_value=0.000451274 -0.00287755 -0.00909299 -0.0160636 0.00376149 0.00412452 0.010378 -0.0105594 0.00241324 4.40009e-05 0.00170629 0.00990337 0.014257 -0.0254135
internal_weight=818.696 303.594 160.831 104.282 56.5489 142.763 100.123 42.6395 515.102 391.322 367.336 123.78 104.032 23.9859
internal_count=4211 1635 960 808 152 675 432 243 2576 2086 1917 490 419 169
is_linear=0
shrinkage=0.03


Tree=150
num_leaves=13
num_cat=0
split_feature=28 18 26 27 24 25 9 22 18 18 0 18
split_gain=6.12804 14.6476 12.8822 7.76726 6.62656 11.1223 4.73806 3.61482 0.176256 0.0715172 0.00968526 0.00596358
threshold=-0.0062041345147064598 0.0093114909578136864 -0.0087571393587931676 -0.011239143770685574 1.7250493029863321 0.001090042596103652 7.8494386990617562 323397476.70950001 0.012281510769005828 0.0069666490866451452 0.00022127052370404915 0.0059902530036013415
decision_type=2 2 2 2 2 2 2 2 2 2 2 2
left_child=1 9 8 7 5 -4 -6 -3 10 11 -2 -1
right_child=2 3 4 -5 6 -7 -8 -9 -10 -11 -12 -13
leaf_value=-0.031827055586433901 -0.033406991593046116 0.045307868564017181 0.00025940253551653709 -0.0061832458688820422 0.0094349403482540048 -0.042075397332615116 0.051189921674425258 0.019761300015109198 -0.045015765476705431 -0.040581665812184003 -0.036864305723713561 -0.035053860437071149
leaf_weight=1.4201176799833803 1.3117917161434882 8.9536295533180326 762.80145968217403 6.7033895701169923 7.3015100299380702 5.6264210380613795 3.6778143141418695 11.246586263179777 3.9526580572128296 2.247804582118988 1.6421534270048139 0.80918894335627545
leaf_count=35 19 12 3956 26 39 38 6 22 20 15 15 8
internal_value=0.000437435 0.0134377 -8.13883e-05 0.0217989 0.000280078 -5.05724e-05 0.0234219 0.0310847 -0.0408727 -0.0368057 -0.035329 -0.0329983
internal_weight=817.695 31.3807 786.314 26.9036 779.407 768.428 10.9793 20.2002 6.9066 4.47711 2.95395 2.22931
internal_count=4211 118 4093 60 4039 3994 45 34 54 58 34 43
is_linear=0
shrinkage=0.03


Tree=151
num_leaves=15
num_cat=0
split_feature=9 21 13 22 9 0 17 7 26 26 7 12 26 29
split_gain=5.84213 15.6628 13.9898 18.372 14.4315 12.3823 12.0391 11.1683 15.3634 17.6098 14.1562 13.2829 11.2584 7.06127
threshold=0.99143689823056336 1321529.0000000002 0.030943109653829726 367141774.86650008 0.86141369682748536 -0.0020096988020045932 0.0057497207750755652 23313462.920500007 0.0029900381064641864 -0.0073223439766216545 26110194.248000003 -0.014558641327802451 0.005183605913485591 0.076373763725712432
decision_type=2 2 2 2 2 2 2 2 2 2 2 2 2 2
left_child=1 2 3 -1 -4 13 -7 8 9 -2 -9 -12 -10 -3
right_child=7 5 4 -5 -6 6 -8 10 12 -11 11 -13 -14 -15
leaf_value=-0.012469202663423747 0.018028406200649324 -0.046065079166761953 0.0087681708927681897 0.043306545044369489 0.031939937149485183 0.0029869159741738207 -0.021930846557945444 0.030790971507477224 0.021500622541471028 -0.024130031172246533 0.0044035890727932292 -0.0069320337329373122 -0.014099177162986679 -0.00012613899187934513
leaf_weight=36.400267636869103 10.423434460535644 8.9098835270851833 79.57020999211818 6.2238319274038068 34.756271031685174 125.88398228958249 20.259387157857418 13.601753572002051 19.226300457026809 61.708281586878002 221.64537876425311 160.33513201866299 13.686542707961051 4.5487557947635642
leaf_count=478 61 57 286 19 74 431 72 52 187 792 707 816 167 12
internal_value=0.000424437 0.00361437 0.0103437 -0.00432501 0.0158126 -0.00300315 -0.000467354 -0.0015926 -0.010288 -0.0180379 0.000716407 -0.000354503 0.00669673 -0.0305386
internal_weight=817.179 316.553 156.951 42.6241 114.326 159.602 146.143 500.627 105.045 72.1317 395.582 381.981 32.9128 13.4586
internal_count=4211 1429 857 497 360 572 503 2782 1207 853 1575 1523 354 69
is_linear=0
shrinkage=0.03


Tree=152
num_leaves=14
num_cat=0
split_feature=5 3 4 7 28 28 26 25 6 22 3 1 0
split_gain=5.76623 9.80068 11.1956 10.0462 8.45426 18.0465 15.2059 7.56878 7.39993 17.7289 7.15275 2.83492 2.14263
threshold=0.016488136029025626 0.91217682877688888 12.500000000000002 373976915.13700002 -0.0031240396689455551 -0.0058301049513078953 -0.00044778818407586579 0.00036061617792229307 353341.50000000006 271228300.45850009 0.94285714285714273 0.061183514217833954 -0.00046935364593386894
decision_type=2 2 2 2 2 2 2 2 2 2 2 2 2
left_child=1 4 3 -3 5 -1 -6 8 9 -2 -9 -4 -10
right_child=7 2 11 -5 6 -7 -8 10 12 -11 -12 -13 -14
leaf_value=0.0097131273915009066 0.017747492343676802 -0.012862921051701087 -0.033327810590639141 0.019389241378581376 0.0077724876439969606 -0.018582012243645592 -0.0018242801707072209 -0.049061653926502115 0.01720867490220401 -0.046658433906336318 0.011840582724023432 -0.079040989672868225 0.037714706862398195
leaf_weight=32.408309300430119 17.66520667728037 39.338246948085725 9.5935154780745489 11.157501421868799 247.29038835363463 54.238629119470716 372.31975418282673 3.4626552518457165 7.8581141680479076 4.9172831308096638 3.4797764690592885 1.39901001472026 11.013023704290388
leaf_count=129 67 370 128 35 945 319 2116 23 16 25 15 9 14
internal_value=0.000411411 -0.000221701 -0.0117092 -0.00573651 0.000778426 -0.00799886 0.00200585 0.010455 0.0153101 0.00372326 -0.0185354 -0.0391457 0.0291758
internal_weight=816.141 767.745 61.4883 50.4957 706.257 86.6469 619.61 48.3961 41.4536 22.5825 6.94243 10.9925 18.8711
internal_count=4211 4051 542 405 3509 448 3061 160 122 92 38 137 30
is_linear=0
shrinkage=0.03


Tree=153
num_leaves=14
num_cat=0
split_feature=8 3 20 25 25 17 17 21 11 5 11 25 29
split_gain=5.71008 17.902 13.5833 13.3682 19.8566 14.8104 12.2437 12.1631 11.0829 11.0532 11.0303 4.67639 0.588054
threshold=-0.0071031228472737745 0.2635731611084145 0.0060574539847631104 0.00014573410487927154 0.0001129974252780517 -0.024989308120841644 -0.011370604958850132 323999.00000000006 0.0091572810450182614 -0.011492080826454804 0.040815479589390739 0.00026180484919510603 0.060679437328502075
decision_type=2 2 2 2 2 2 2 2 2 2 2 2 2
left_child=2 6 3 4 -1 -5 -2 10 -9 -8 -3 12 -4
right_child=1 7 11 5 -6 -7 9 8 -10 -11 -12 -13 -14
leaf_value=-0.0011132087822661218 -0.030924351503474293 -0.022581050451816766 -0.038130773535179532 0.040792118151174839 0.030551257281529073 -0.013188546086638364 0.058634228704047359 -0.0068727178500426764 0.0037999945167080055 0.015333377379892625 0.03225293759129471 -0.0024689460999616068 -0.05523030592210016
leaf_weight=99.101242491975427 4.731393337249755 31.999611763516441 2.8779305294156057 4.8185086101293555 21.732625108212233 90.292262712493539 5.7904556370340279 115.30874818190932 363.99693581787869 63.370502782985568 3.6814813967794171 2.6111434930935502 4.8780851066112518
leaf_count=544 17 508 28 5 47 462 34 711 1456 349 14 15 21
internal_value=0.000399308 0.00195582 -0.00365085 -0.00204047 0.00458182 -0.0104538 0.0157647 -2.55237e-05 0.00123241 0.0189587 -0.0169234 -0.0371946 -0.0488854
internal_weight=815.191 588.879 226.312 215.945 120.834 95.1108 73.8924 514.987 479.306 69.161 35.6811 10.3672 7.75602
internal_count=4211 3089 1122 1058 591 467 400 2689 2167 383 522 64 49
is_linear=0
shrinkage=0.03


Tree=154
num_leaves=14
num_cat=0
split_feature=3 21 14 0 8 21 13 5 5 11 17 15 13
split_gain=5.71093 12.5691 14.7559 11.4896 10.926 7.42687 6.8359 6.63613 7.70898 6.01351 5.15068 0.0291689 0.0162383
threshold=0.0083387639024833562 251995.00000000003 0.0084154884543726546 0.0021255407286961858 -0.026558008563271791 136843.00000000003 0.044749451606109873 -0.024009992412637991 -0.0092769852369459175 0.046508368701586929 0.0040874107290669835 -0.010108373602367873 0.039621682232492461
decision_type=2 2 2 2 2 2 2 2 2 2 2 2 2
left_child=1 3 -3 12 -4 6 11 9 -9 -7 -5 -2 -1
right_child=5 2 4 10 -6 7 -8 8 -10 -11 -12 -13 -14
leaf_value=-0.031960639629200205 -0.03734455803077931 0.045669742985005285 0.0075199939800618225 0.0019294936564567275 -0.039529305467737599 -0.047630202599516516 0.01577569249954619 0.0089206139996281728 0.00036651359757172014 0.0053952386749538785 0.051470600468428461 -0.032950272226280171 -0.036389380196573007
leaf_weight=1.7990216850303107 1.6229030182585109 2.6505410224199322 5.7623035609722164 2.9063996477052552 19.390310226939619 4.6988994199782601 3.3637747317552558 111.22587259253487 642.75074338074774 3.2605232894420624 5.3942949585616589 8.3770174190867674 1.2719061579555271
leaf_count=48 17 4 18 40 193 27 12 445 3157 8 9 221 12
internal_value=0.000387202 -0.0107883 -0.0216559 0.0157826 -0.0287506 0.000951885 -0.0212191 0.00134074 0.00162841 -0.0259087 0.0341243 -0.0336634 -0.0337949
internal_weight=814.475 39.1748 27.8032 11.3716 25.1526 775.3 13.3637 761.936 753.977 7.95942 8.30069 9.99992 3.07093
internal_count=4211 324 215 109 211 3887 250 3637 3602 35 49 238 60
is_linear=0
shrinkage=0.03


Tree=155
num_leaves=15
num_cat=0
split_feature=5 11 16 28 1 21 12 10 10 0 21 5 4 6
split_gain=5.74632 13.6548 17.0818 15.4294 19.9925 17.3766 9.32923 15.8031 14.0261 12.3212 11.7867 9.0085 6.63183 5.31056
threshold=-0.0026039392864320768 0.04867889687733061 0.75000000000000011 -0.00077672645365433875 0.056916823014383992 2148737.5000000005 -0.015387618158867326 -0.0064446363291062901 0.0083362198547351756 -0.0017257748663747996 4502383.0000000009 -0.0014544656577407397 242.50000000000003 329806.00000000006
decision_type=2 2 2 2 2 2 2 2 2 2 2 2 2 2
left_child=1 3 13 5 -5 -1 8 -8 9 -2 -10 -9 -4 -3
right_child=6 2 12 4 -6 -7 7 11 10 -11 -12 -13 -14 -15
leaf_value=0.011891539199820632 -0.014630402901582381 0.0028417438584384803 -0.048179185345942087 -0.0071903476855127825 -0.037670570421654156 -0.011757667549688943 -0.039663072055008845 0.017993516230035093 0.0088617589802156907 0.0060011726341712007 0.040556725932716045 -0.0021814145554493397 0.0048968821814618924 0.029427176728037002
leaf_weight=70.754326562862843 30.218840196263045 9.2653019428253156 4.853543031960724 118.26695066550747 23.160292245447636 46.234334694221616 9.5638930378481728 21.921187586383894 25.948474486358464 188.90186541341245 17.805994465947151 218.10493950359523 3.7602081000804901 25.032109647989273
leaf_count=351 152 23 24 873 131 187 159 121 73 666 24 1381 9 37
internal_value=0.000375286 -0.00291227 0.0127596 -0.00551465 -0.0121818 0.00254529 0.00230835 -0.00184571 0.00625248 0.00315588 0.0217601 -0.000338872 -0.0250096 0.0222452
internal_weight=813.792 301.327 42.9112 258.416 141.427 116.989 512.465 249.59 262.875 219.121 43.7545 240.026 8.61375 34.2974
internal_count=4211 1635 93 1542 1004 538 2576 1661 915 818 97 1502 33 60
is_linear=0
shrinkage=0.03


Tree=156
num_leaves=9
num_cat=0
split_feature=23 28 18 28 25 28 27 18
split_gain=5.6441 5.71635 13.802 10.4207 20.1028 10.3641 7.49107 0.0644215
threshold=0.39046349288538545 -0.0062041345147064598 0.0093114909578136864 -0.0031240396689455551 0.00023051528958966649 -0.00071489947709229955 -0.011239143770685574 0.0069666490866451452
decision_type=2 2 2 2 2 2 2 2
left_child=-1 2 7 4 -3 -5 -4 -2
right_child=1 3 6 5 -6 -7 -8 -9
leaf_value=0.036719187114173955 -0.032903589942402389 -0.039084018491373496 0.030167061168379569 0.0058363045273151278 -0.0024846678231055207 -0.00182421447597008 -0.0066026372674165799 -0.040188953386105015
leaf_weight=3.8252545353025189 2.1697761863470104 17.468083371408284 19.920729465782649 243.7344948258251 59.560544287320226 456.93848022771999 6.6516945846378759 2.1999202631413937
leaf_count=17 43 135 34 1038 281 2622 26 15
internal_value=0.000364235 0.000192259 0.0128377 -0.00031086 -0.0107844 0.000840556 0.0209628 -0.0365714
internal_weight=812.469 808.644 30.9421 777.702 77.0286 700.673 26.5724 4.3697
internal_count=4211 4194 118 4076 416 3660 60 58
is_linear=0
shrinkage=0.03


Tree=157
num_leaves=12
num_cat=0
split_feature=28 22 28 28 9 26 25 8 18 18 29
split_gain=5.51149 8.94004 7.40745 17.387 16.5599 13.7758 12.0735 11.3785 0.123974 0.0521875 0.00964375
threshold=0.0049372650874768649 3590352070.3400006 0.0026141778443542723 0.0016240207285389276 2.1001068212938967 0.0079402470410583712 -0.000505418529753091 0.0034122866383208945 0.017168629959509379 0.010335738701658317 0.050686854471700231
decision_type=2 2 2 2 2 2 2 2 2 2 2
left_child=2 9 3 6 -5 7 -1 -4 -7 10 -2
right_child=1 -3 5 4 -6 8 -8 -9 -10 -11 -12
leaf_value=-0.020603398034126856 -0.032589885027677915 0.025393080280603032 0.01595757580091282 -0.032416269512787116 0.0029684106078112357 -0.035159067316948393 0.0015457834075653552 -0.0029906920940514382 -0.045822793344236994 -0.039119748818080759 -0.035634143145712657
leaf_weight=23.001723666209728 1.6771856546401962 2.7949475646018973 81.052342070266604 28.850977747235447 20.263848828151822 4.7277325433678916 597.74816423980519 44.009879510616884 1.2381631284952161 4.2848383411765099 2.1207799930125475
leaf_count=233 46 5 370 248 119 60 2838 240 6 27 19
internal_value=0.000353456 -0.0208573 0.000641542 -0.000634478 -0.0178172 0.00716503 0.000725051 0.00928961 -0.0373722 -0.0368502 -0.0342898
internal_weight=811.771 10.8778 800.893 669.865 49.1148 131.028 620.75 125.062 5.9659 8.0828 3.79797
internal_count=4211 97 4114 3438 367 676 3071 610 66 92 65
is_linear=0
shrinkage=0.03


Tree=158
num_leaves=13
num_cat=0
split_feature=9 8 17 8 17 1 7 24 5 18 29 22
split_gain=5.55834 14.0532 14.5379 19.5199 19.2635 13.685 9.50952 10.4916 7.64489 0.144568 0.0882031 0.0329529
threshold=0.99143689823056336 -0.014136318696003259 0.0057497207750755652 0.0029446982321402943 -0.0033056752182666358 0.020491893496840486 2684301860.1690006 1.07373252264596 -0.014742290130524428 0.010521224563691867 0.065168678452884835 166562206.20550004
decision_type=2 2 2 2 2 2 2 2 2 2 2 2
left_child=1 8 4 -4 -3 10 7 -7 -1 -10 11 -2
right_child=5 2 3 -5 -6 6 -8 -9 9 -11 -12 -13
leaf_value=-0.0007923957294519679 -0.03232718069125036 -0.0018695925747116661 0.00013110738940787575 -0.047960701635145167 0.01471229715635184 -0.0029188244860185509 0.024465006526151453 0.013549225762166276 -0.036764238794375965 -0.044968750608485417 -0.04292504732423888 -0.036120423700722701
leaf_weight=7.1840354204177883 3.2243530033156258 110.59630045201629 31.07201686501503 10.053570870310066 146.67791807232425 435.53061182866804 12.9395848903805 37.842993039172143 2.8302123453468067 6.0965974107384682 1.3706336840987194 5.7136324886232615
leaf_count=26 93 414 101 54 774 2408 26 178 29 31 10 67
internal_value=0.000342512 0.00346315 0.00493665 -0.0116254 0.00758412 -0.00163379 -0.000908729 -0.00160232 -0.0238286 -0.0423675 -0.0358387 -0.034752
internal_weight=811.132 314.511 298.4 41.1256 257.274 496.622 486.313 473.374 16.1108 8.92681 10.3086 8.93799
internal_count=4211 1429 1343 155 1188 2782 2612 2586 86 60 170 160
is_linear=0
shrinkage=0.03


Tree=159
num_leaves=13
num_cat=0
split_feature=3 23 1 17 21 13 23 29 29 29 6 29
split_gain=5.35639 12.3849 16.8967 11.7841 7.11613 6.48959 5.98909 6.11246 4.17394 0.253807 0.0582975 0.0400636
threshold=0.0083387639024833562 1.2935525005839537 0.048681264586468535 0.0040874107290669835 136843.00000000003 0.044749451606109873 0.45337717944839079 0.085232815619349214 0.053282096047153039 0.056804537989756702 33740.000000000007 0.057048793532669069
decision_type=2 2 2 2 2 2 2 2 2 2 2 2
left_child=1 2 3 -1 5 11 8 -8 -6 10 -3 -2
right_child=4 9 -4 -5 6 -7 7 -9 -10 -11 -12 -13
leaf_value=-0.031153788125747022 -0.032542628300084059 -0.03299555180737427 0.034122006266818411 0.019726861592260527 0.047755355439508027 0.01516959174041268 -6.8514873344627101e-05 0.008066950912557316 0.0064575794005550585 -0.046154765398774375 -0.038482629258206495 -0.037312917754807592
leaf_weight=13.710414547938859 7.6896665249951166 3.3091792375780624 8.7925675958394987 5.842396304011344 4.1417658710852248 3.3031694106757632 655.17936437483877 95.194367280229926 4.7044239267706871 3.1382110267877579 3.6812259489670396 1.9957962930202482
leaf_count=171 221 62 16 27 15 12 3386 220 16 16 32 17
internal_value=0.000331884 -0.010593 -0.000418381 -0.0159506 0.000876196 -0.0211418 0.00125288 0.000963572 0.0257931 -0.039067 -0.0358851 -0.0335256
internal_weight=810.683 38.474 28.3454 19.5528 772.209 12.9886 759.22 750.374 8.84619 10.1286 6.99041 9.68546
internal_count=4211 324 214 198 3887 250 3637 3606 31 110 94 238
is_linear=0
shrinkage=0.03


Tree=160
num_leaves=14
num_cat=0
split_feature=5 3 4 26 1 1 15 29 20 17 5 17 17
split_gain=5.5237 9.14242 10.7699 9.50731 7.77499 9.68797 5.37542 10.8176 11.75 8.68672 12.6852 3.28693 0.0298815
threshold=0.016488136029025626 0.91217682877688888 12.500000000000002 -0.010946667257199569 0.014665934904381331 0.016004833213697962 0.00054932359171152277 0.067243942175642085 0.0095338962096238287 0.0022482161257500076 0.018464004845011449 -0.014527584349953333 -0.0081493029552953244
decision_type=2 2 2 2 2 2 2 2 2 2 2 2 2
left_child=1 4 3 -3 12 -6 9 8 -8 10 -2 -4 -1
right_child=6 2 11 -5 5 -7 7 -9 -10 -11 -12 -13 -14
leaf_value=-0.040801491396658333 0.032444963371024781 0.036271227335876947 0.018464279064750511 -0.009702784877093338 0.037131786103832033 0.0006089780876575038 -0.030863612939808747 -0.050192062336178768 0.025609908916423826 0.041228738796987463 -0.016915794665461999 -0.043577940260741257 -0.033349073772476139
leaf_weight=0.53366139531135548 8.9037808249704593 4.4432903397828332 0.83330684900283714 45.542700275080279 6.5991317508742204 688.98718933714554 4.7595649333670762 3.4501711577177039 10.931052755564449 9.8673760527744871 9.8908938346430642 9.8859027919825149 5.2275787009857586
leaf_count=3 20 9 2 396 28 3367 34 16 25 14 51 135 111
internal_value=0.000321814 -0.000298722 -0.0114677 -0.00561612 0.000668009 0.000955475 0.0102141 -0.00209632 0.00847933 0.0184352 0.00646835 -0.0387548 -0.0340394
internal_weight=809.856 762.053 60.7052 49.986 701.348 695.586 47.8028 19.1408 15.6906 28.6621 18.7947 10.7192 5.76124
internal_count=4211 4051 542 405 3509 3395 160 75 59 85 71 137 114
is_linear=0
shrinkage=0.03


Tree=161
num_leaves=10
num_cat=0
split_feature=24 1 1 0 7 21 21 17 18
split_gain=5.4854 8.81321 7.71897 6.43756 4.8809 6.8167 1.94265 0.0241472 0.0116595
threshold=1.7250493029863321 0.014665934904381331 0.016004833213697962 0.011323622166957431 33330072.872500006 712461.00000000012 1016125.0000000001 -0.0079081515811182997 0.0064401645764952577
decision_type=2 2 2 2 2 2 2 2 2
left_child=1 7 6 -4 5 -2 -3 -1 -9
right_child=4 2 3 -5 -6 -7 -8 8 -10
leaf_value=-0.039234288096735598 -0.0368905499167154 0.017599951674704763 -0.00024208416595226335 0.026722430013125669 0.041072631126988675 0.030032762448895294 0.049251366708366578 -0.031564367331743386 -0.034131867983369153
leaf_weight=0.60083923861384381 2.3938611214980465 3.9786165673285714 775.74657871783711 8.0512435720302147 5.5704905074089766 3.202146565541625 3.108974838629365 2.961833991110324 3.4415102154016495
leaf_count=5 29 24 3939 32 8 11 10 112 41
internal_value=0.000312245 2.00159e-05 0.000316731 3.48978e-05 0.0211931 0.0014043 0.0314839 -0.0334839 -0.0329443
internal_weight=809.056 797.89 790.885 783.798 11.1665 5.59601 7.08759 7.00418 6.40334
internal_count=4211 4163 4005 3971 48 40 34 158 153
is_linear=0
shrinkage=0.03


Tree=162
num_leaves=13
num_cat=0
split_feature=28 28 28 11 26 25 12 4 3 18 18 29
split_gain=5.2663 6.97938 16.2697 14.4391 13.1468 11.3024 11.0541 5.94489 5.47109 0.0989981 0.0704496 0.00649131
threshold=0.0049372650874768649 0.0026141778443542723 0.0016240207285389276 0.065235548213467512 0.0079402470410583712 -0.000505418529753091 -0.0032599894678215047 112.50000000000001 0.63023981282901242 0.016908598332205611 0.010247985210075186 0.050686854471700231
decision_type=2 2 2 2 2 2 2 2 2 2 2 2
left_child=1 2 5 -4 6 -1 -3 8 -2 -6 11 -9
right_child=7 4 3 -5 9 -7 -8 10 -10 -11 -12 -13
leaf_value=-0.020101626691296271 0.036732528839974778 0.0037158780937778806 -0.022808760147630582 0.031866235760342532 -0.035077105793367973 0.0014449736508736831 0.024119993227862763 -0.032846178933350935 -0.034695383941382073 -0.044532053566689038 -0.040839623031337924 -0.03577367883381239
leaf_weight=22.7468067323789 2.4077526358887535 92.729443603660911 43.754941181279719 4.8266927301883689 4.5438969833776346 596.07100883661769 32.192147585796192 1.1521767647936942 1.6107802507467566 1.2767042517662046 3.7891348078846931 1.6693352386355398
leaf_count=233 7 470 360 7 59 2838 140 24 29 7 22 15
internal_value=0.000302833 0.000582198 -0.000659468 -0.0173767 0.00692053 0.000652953 0.00897399 -0.0206745 0.00810151 -0.037151 -0.0381672 -0.0345782
internal_weight=808.771 798.142 667.399 48.5816 130.742 618.818 124.922 10.6292 4.01853 5.8206 6.61065 2.82151
internal_count=4211 4114 3438 367 676 3071 610 97 36 66 61 39
is_linear=0
shrinkage=0.03


Tree=163
num_leaves=15
num_cat=0
split_feature=5 5 13 26 21 9 24 24 8 0 8 22 8 29
split_gain=5.3806 12.9979 14.8156 17.509 14.2451 13.0435 18.7982 17.1083 9.1174 18.2593 17.2683 13.1255 12.2924 9.68034
threshold=-0.0026039392864320768 -0.0092769852369459175 0.049564773328131168 -0.0026459230119469817 2624830.0000000005 2.3087187397817508 0.47460790944194431 0.4845840539976573 -0.0030576373480359644 -0.0026787020435089601 -0.0011453272187062615 1456685704.8190002 0.0018085043099468031 0.073566847045656428
decision_type=2 2 2 2 2 2 2 2 2 2 2 2 2 2
left_child=1 5 3 -3 -4 6 -1 -7 9 -2 13 -11 -12 -10
right_child=8 2 4 -5 -6 7 -8 -9 10 11 12 -13 -14 -15
leaf_value=-0.027164857934214085 -0.045323421731894339 -0.040172291218470539 0.016369901167795312 -0.0093230635232941037 -0.014406825460171264 0.011570865855231784 0.014280250860221866 -0.027133335709933436 -0.036999736053547415 0.016079762394571179 0.012403345935991076 -0.011415601005653288 -0.0012813647954849315 0.0057962276703643891
leaf_weight=11.08933406928554 5.2732211747206739 20.783528921660036 32.688070841133595 81.447814476210624 23.10036963224411 18.167067954782397 88.092267629690468 23.671434411779046 16.942834224086258 98.991153865121305 74.298692264594138 18.554466589353979 288.32271554949693 6.6138724610209456
leaf_count=88 44 203 78 605 74 76 344 167 151 379 368 67 1549 18
internal_value=0.000293551 -0.0029003 -0.00880882 -0.0155947 0.00362615 0.00372049 0.00964634 -0.0103272 0.00216996 0.00928964 -9.43582e-05 0.0117396 0.00152254 -0.0249842
internal_weight=808.037 299.04 158.02 102.231 55.7884 141.02 99.1816 41.8385 508.997 122.819 386.178 117.546 362.621 23.5567
internal_count=4211 1635 960 808 152 675 432 243 2576 490 2086 446 1917 169
is_linear=0
shrinkage=0.03


Tree=164
num_leaves=14
num_cat=0
split_feature=5 3 22 21 28 28 26 26 25 6 22 3 0
split_gain=5.28234 8.61128 10.1904 13.9375 8.13015 7.56853 16.547 13.0554 6.98344 6.96521 16.3858 6.64543 1.96466
threshold=0.016488136029025626 0.91217682877688888 1833362021.0670002 1503736.0000000002 -0.00021544281243269115 -0.0031240396689455551 -0.0055363852722366972 -0.00044778818407586579 0.00036061617792229307 353341.50000000006 271228300.45850009 0.94285714285714273 -0.00046935364593386894
decision_type=2 2 2 2 2 2 2 2 2 2 2 2 2
left_child=1 5 3 -3 -4 6 -1 -7 9 10 -2 -10 -11
right_child=8 2 4 -5 -6 7 -8 -9 11 12 -12 -13 -14
leaf_value=-0.0011515638281636084 0.016897945432092401 -0.0072055719506495045 -0.02289010014538348 -0.04301927172369456 0.029319263379734568 0.0071359569018273677 -0.034200114586211576 -0.0017928599943310027 -0.048004039826467351 0.016962122085303979 -0.045655393851952455 0.011453150296103772 0.036794936673647756
leaf_weight=68.114645139314234 17.484134531579915 33.906003811396658 3.9124061027541748 13.744048884138463 8.55226614885032 245.52119680540636 17.047609371133149 368.71756957890466 3.3776710028760126 7.8244585096836117 4.804515582509338 3.3896734230220318 10.565376549959181
leaf_count=333 67 369 23 123 27 945 115 2116 23 16 25 15 14
internal_value=0.000284235 -0.000322415 -0.0112182 -0.0175356 0.0129318 0.000614099 -0.00776716 0.00177613 0.00999553 0.01469 0.00341402 -0.0182227 0.0283565
internal_weight=806.962 759.516 60.1147 47.6501 12.4647 699.401 85.1623 614.239 47.4458 40.6785 22.2887 6.76734 18.3898
internal_count=4211 4051 542 492 50 3509 448 3061 160 122 92 38 30
is_linear=0
shrinkage=0.03


Tree=165
num_leaves=15
num_cat=0
split_feature=20 28 13 28 23 16 29 28 26 15 25 23 29 13
split_gain=5.31928 11.7564 9.31533 11.2737 10.2942 8.09649 17.2574 15.679 11.5032 18.0393 11.0664 3.68016 0.342474 0.0366783
threshold=0.011848705958726299 -0.0027036185332927642 0.043889018304000084 0.0029437278424027896 1.7837818333258404 0.41666666666666669 0.032798825164161112 -0.00077672645365433875 0.0056367630490490881 -0.0010045013149663012 -0.00074090273753692323 64.805250000000015 0.051260153194281531 0.047808104159024818
decision_type=2 2 2 2 2 2 2 2 2 2 2 2 2 2
left_child=5 12 3 -3 -4 6 11 -8 10 -10 -7 -1 13 -2
right_child=1 2 4 -5 -6 8 7 -9 9 -11 -12 -13 -14 -15
leaf_value=-0.033479370969460909 -0.033428202403619947 -0.032713625635066003 -0.0075413302973263187 0.0073477360103102567 0.01309774515562032 -0.039371512132147596 0.0055944360591503135 -0.0099920856795320031 0.015977087604912822 -0.028872543634061481 0.00598807302391731 0.0031237624355468308 -0.049488945013904682 -0.04037455108987914
leaf_weight=18.573639638954777 1.8837597137317055 17.744509046897296 49.445302318781614 9.821169479750095 38.830425322055817 4.9034351692534974 147.96789345238358 95.620251131244004 12.674968432635067 22.222141779027879 378.55053870892152 2.8516966626048079 3.8977488465607166 1.074276804924011
leaf_count=373 32 189 171 50 108 65 519 487 62 215 1902 12 19 7
internal_value=0.000275663 -0.00547572 -0.00321661 -0.0184405 0.00153732 0.00130832 -0.00279448 -0.000524035 0.00390732 -0.0125827 0.00540804 -0.0286075 -0.0436478 -0.0359509
internal_weight=806.062 122.697 115.841 27.5657 88.2757 683.365 265.013 243.588 418.351 34.8971 383.454 21.4253 6.85579 2.95804
internal_count=4211 576 518 239 279 3635 1391 1006 2244 277 1967 385 58 39
is_linear=0
shrinkage=0.03


Tree=166
num_leaves=15
num_cat=0
split_feature=8 3 22 22 24 24 13 14 0 29 11 29 10 18
split_gain=5.17436 15.934 21.7197 13.2037 10.5053 16.7396 15.9983 13.8408 15.0261 12.5628 9.51227 9.44721 2.37947 1.12279
threshold=-0.0071031228472737745 0.2635731611084145 1081203788.0215003 48607447.145000003 0.61372638609047991 0.65781156446538125 0.042847232974185218 0.59999999999999931 -0.0013663730912851035 0.054853966217673765 0.0091572810450182614 0.029909089773297773 -0.03655444986951889 0.018766263448335787
decision_type=2 2 2 2 2 2 2 2 2 2 2 2 2 2
left_child=4 2 11 12 7 13 -7 8 -1 -9 -5 -2 -3 -6
right_child=1 3 -4 10 5 6 -8 9 -10 -11 -12 -13 -14 -15
leaf_value=-0.039268715880927306 -0.033648427402139573 0.033585617888984391 -0.046534358217543301 -0.0066891544497744478 -0.041227407691379885 -0.019989288315082177 0.0053636505628508243 -0.032724872617060342 0.013494270331357984 0.00068973131316211426 0.0029629500114065109 0.021508260719343666 -0.034875666982274414 -0.06549889389798319
leaf_weight=5.2074157604947677 2.9190712478011838 0.47681358456611533 4.8497705971822134 121.65111297229305 8.7008864027447981 42.242578561417758 47.689728705212474 15.610580436419694 72.32834842056036 28.824615616351366 375.66001844871789 65.645156921818852 10.947451402200384 2.1365432143211356
leaf_count=49 96 1 38 781 70 318 134 159 294 89 1600 266 307 9
internal_value=0.000266913 0.00175478 0.0148202 -0.000130651 -0.00362173 -0.0107896 -0.00654501 0.00230019 0.00995063 -0.0110492 0.000601874 0.01916 -0.0320183 -0.0460124
internal_weight=804.89 582.149 73.414 508.735 222.741 100.77 89.9323 121.971 77.5358 44.4352 497.311 68.5642 11.4243 10.8374
internal_count=4211 3089 400 2689 1122 531 452 591 343 248 2381 362 308 79
is_linear=0
shrinkage=0.03


Tree=167
num_leaves=8
num_cat=0
split_feature=23 24 8 3 20 18 11
split_gain=5.15831 5.30236 5.28608 13.5545 12.4069 0.128445 0.00947753
threshold=0.39046349288538545 0.27924139695967826 -0.0071031228472737745 0.2635731611084145 0.0060574539847631104 0.0094785710494408471 0.017245689655172394
decision_type=2 2 2 2 2 2 2
left_child=-1 5 4 -4 -3 6 -2
right_child=1 2 3 -5 -6 -7 -8
leaf_value=0.035206922596497402 -0.031579602755924051 -0.00214957858230547 0.014008492308977695 3.8710854716014748e-05 -0.036455069925963021 -0.047568849296258063 -0.034986302455985031
leaf_weight=3.78305794391781 1.4749978934414683 209.79445842746645 71.337078630924225 505.16081561357714 9.9374754419550282 0.700893074274063 1.4649198078550396
leaf_count=17 57 1040 384 2624 63 4 22
internal_value=0.00025839 9.30981e-05 0.000258266 0.00176736 -0.00370106 -0.0360284 -0.0332771
internal_weight=803.654 799.871 796.23 576.498 219.732 3.64081 2.93992
internal_count=4211 4194 4111 3008 1103 83 79
is_linear=0
shrinkage=0.03


Tree=168
num_leaves=10
num_cat=0
split_feature=24 25 1 1 7 23 18 0 18
split_gain=5.14233 10.4172 8.42299 7.35028 4.61225 8.74033 0.0922199 0.0290767 0.0207388
threshold=1.7250493029863321 0.001090042596103652 0.014665934904381331 0.016004833213697962 33330072.872500006 2.2169672780287342 0.0099652738239518583 0.00063520127591586595 0.010026702731460021
decision_type=2 2 2 2 2 2 2 2 2
left_child=1 2 8 -4 5 7 -3 -2 -1
right_child=4 6 3 -5 -6 -7 -8 -9 -10
leaf_value=-0.032897650353787972 -0.042113275942890854 -0.037726995363684457 0.031168498952613415 0.00026285385600493009 0.040105636913527802 0.036866166966338591 -0.045554808852807417 -0.035749050335323801 -0.03853070072760939
leaf_weight=5.9634688585065296 1.2944559673778697 2.8690601103007785 6.9883912652730933 773.47500175819732 5.4838741142302752 2.9109544903039932 2.5659357905387878 1.289935015607625 0.65258804708719242
leaf_count=149 15 26 33 3938 8 9 12 16 5
internal_value=0.000250519 -3.1964e-05 0.00025385 0.000539588 0.020641 0.00121703 -0.0414226 -0.0389367 -0.0334533
internal_weight=803.494 792.514 787.079 780.463 10.9792 5.49535 5.435 2.58439 6.61606
internal_count=4211 4163 4125 3971 48 40 38 31 154
is_linear=0
shrinkage=0.03


Tree=169
num_leaves=12
num_cat=0
split_feature=28 27 26 3 5 12 26 5 29 29 11
split_gain=5.11698 12.4215 11.6103 7.13551 6.24648 11.2071 5.81863 3.73497 0.727961 0.157615 0.00601341
threshold=-0.0062041345147064598 -0.011239143770685574 -0.0087571393587931676 0.20326445043426197 -0.024009992412637991 -0.0027085167948090066 -0.0026459230119469817 0.0058435376672830693 0.068603458458295713 0.051260153194281531 0.0088051050555250625
decision_type=2 2 2 2 2 2 2 2 2 2 2
left_child=1 7 9 -3 5 -4 -6 -1 -5 10 -2
right_child=2 3 4 8 6 -7 -8 -9 -10 -11 -12
leaf_value=0.014378296528873662 -0.033367607001169731 0.0078836502815924983 -0.045767114140171081 -0.035151989079263667 -0.0045050100086837424 0.026369287935154025 0.0018160830463821191 0.040185328565298925 -0.060887311216381544 -0.044294522757068452 -0.03611747239982302
leaf_weight=11.692629555240279 1.2786461338400834 5.2352326698601228 6.5281043811701238 2.885392792057246 168.60915666213259 2.7569184321910125 588.55840279208496 8.8806675449013692 1.505279842764139 3.6107360497117043 1.6256838236004112
leaf_count=29 18 29 43 38 873 6 3117 15 7 19 17
internal_value=0.000242888 0.0123575 -0.000230419 -0.0157707 0.000108566 -0.0243483 0.000408476 0.0255182 -0.043975 -0.0401096 -0.0349068
internal_weight=803.167 30.1992 772.968 9.62591 766.453 9.28502 757.168 20.5733 4.39067 6.51507 2.90433
internal_count=4211 118 4093 74 4039 49 3990 44 45 54 35
is_linear=0
shrinkage=0.03


Tree=170
num_leaves=14
num_cat=0
split_feature=20 28 6 6 26 11 24 16 5 24 12 29 11
split_gain=5.07598 11.1962 10.3583 11.0629 10.4131 9.87837 10.4421 10.2646 9.50869 7.10168 6.87587 0.306457 0.0300083
threshold=0.011848705958726299 -0.0027036185332927642 361466.00000000006 20070.500000000004 0.0058195437962758221 0.052772300263388978 0.34336127642579656 0.58333333333333337 -0.020768339107969862 0.28778231898446499 -0.0040794934379807671 0.051260153194281531 0.03763076607918666
decision_type=2 2 2 2 2 2 2 2 2 2 2 2 2
left_child=5 11 3 -3 -4 6 9 -7 -8 -1 -9 12 -2
right_child=1 2 4 -5 -6 7 8 10 -10 -11 -12 -13 -14
leaf_value=0.00073757916263955247 -0.0332280680211572 0.010279216754570658 -0.0015942305559793275 -0.020173128513606947 0.027743041328828415 0.031044624831550457 -0.026079933423698416 -0.02530905729684127 0.0015293399112043728 -0.040059875592071338 0.017148365644129065 -0.048658346646007239 -0.039550725420336753
leaf_weight=6.4488926082849494 1.7470275340601795 14.421357424929736 44.433957166969776 42.022336809895933 14.423500660806893 19.680267781019211 11.433817948680369 6.4494644552469236 619.83417441486381 9.4923736406490189 7.3396496027708054 3.8417338412255049 1.1015850640833376
leaf_count=91 31 123 136 225 34 27 74 21 3287 121 14 19 8
internal_value=0.000235611 -0.00539971 -0.00321044 -0.0123926 0.00559511 0.00124558 0.000423723 0.017138 0.00102927 -0.0235556 -0.00270988 -0.0431295 -0.0356731
internal_weight=802.67 121.991 115.301 56.4437 58.8575 680.679 647.209 33.4694 631.268 15.9413 13.7891 6.69035 2.84861
internal_count=4211 576 518 348 170 3635 3573 62 3361 212 35 58 39
is_linear=0
shrinkage=0.03


Tree=171
num_leaves=13
num_cat=0
split_feature=5 3 21 9 0 5 14 28 25 14 15 3
split_gain=5.00482 8.0681 13.0825 16.6833 9.70899 7.76113 12.6635 11.2682 6.63733 6.44666 9.23335 6.29249
threshold=0.016488136029025626 0.85813667721304521 9068454.5000000019 0.68929877431683451 0.00040649758585896884 -0.0026039392864320768 0.0041887652970657666 -0.0018289914388209198 0.00036061617792229307 0.11613303935896334 0.00094024003957042198 0.94285714285714273
decision_type=2 2 2 2 2 2 2 2 2 2 2 2
left_child=1 5 3 -3 -4 6 -1 -7 9 -2 -11 -10
right_child=8 2 4 -5 -6 7 -8 -9 11 10 -12 -13
leaf_value=0.032936074707984757 -0.015935822749299378 0.0098922453438846977 -0.0034120068814278187 -0.020875336188145327 0.046362605620455126 -0.0051642751766046375 -0.003851193804446559 0.0069141375726490904 -0.047282296959908821 0.032694342149083587 0.0014931954830255682 0.010950797952898652
leaf_weight=8.6762157408520562 5.4675612132996312 21.3341159587726 8.1990523273125273 61.830541742732748 6.1894720010459414 93.876300822943449 287.09534981753677 267.8696879320778 3.3154425858519962 19.607017235830426 15.117844481952487 3.3650640188716352
leaf_count=19 22 128 37 571 10 444 1607 1235 23 44 56 15
internal_value=0.000228507 -0.00036198 -0.00841291 -0.0129826 0.0179994 0.000832503 -0.00277207 0.00377968 0.00974061 0.0143431 0.0191106 -0.0179495
internal_weight=801.944 755.071 97.5532 83.1647 14.3885 657.518 295.772 361.746 46.8729 40.1924 34.7249 6.68051
internal_count=4211 4051 746 699 47 3305 1626 1679 160 122 100 38
is_linear=0
shrinkage=0.03


Tree=172
num_leaves=12
num_cat=0
split_feature=28 27 26 3 16 29 10 5 29 29 1
split_gain=5.02934 11.8346 11.058 6.80842 5.73364 17.2491 9.29564 3.66809 0.623623 0.140068 0.0080115
threshold=-0.0062041345147064598 -0.011239143770685574 -0.0087571393587931676 0.20326445043426197 0.41666666666666669 0.039784523806720533 -0.04284961682000623 0.0058435376672830693 0.068603458458295713 0.051260153194281531 0.035418579492611423
decision_type=2 2 2 2 2 2 2 2 2 2 2
left_child=1 7 9 -3 5 -4 -6 -1 -5 10 -2
right_child=2 3 4 8 6 -7 -8 -9 -10 -11 -12
leaf_value=0.014106483406059873 -0.033147707133290502 0.0076601529843120823 -0.023628935941395358 -0.034978788414295144 0.049389622980840632 -0.0004948878535432587 0.0014894637967543165 0.039774769610663341 -0.058965849425415107 -0.043642073376538346 -0.036356455559434092
leaf_weight=11.653308035805827 1.4755079913884395 5.2147244270890933 33.827041748445481 2.7922670296393335 3.6718168258666983 203.58155145775527 523.92780409613624 8.7900562733411771 1.4991999659687278 3.5410261303186417 1.3329353183507917
leaf_count=29 23 29 530 38 4 759 2746 15 7 19 12
internal_value=0.000221699 0.0122834 -0.000246622 -0.0153717 8.06189e-05 -0.00379113 0.00182282 0.0251431 -0.0433585 -0.0396739 -0.0346706
internal_weight=801.307 29.9496 771.358 9.50619 765.008 237.409 527.6 20.4434 4.29147 6.34947 2.80844
internal_count=4211 118 4093 74 4039 1289 2750 44 45 54 35
is_linear=0
shrinkage=0.03


Tree=173
num_leaves=7
num_cat=0
split_feature=7 21 29 28 9 13
split_gain=4.92174 11.1725 8.45261 7.50998 6.85827 0.0337479
threshold=2684301860.1690006 32227883.500000004 0.053282096047153039 0.0050543460479265381 85.585100000000025 0.035526132100572629
decision_type=2 2 2 2 2 2
left_child=1 3 -2 4 -1 -5
right_child=2 -3 -4 5 -6 -7
leaf_value=0.00059754360054136769 0.041574179299144809 -0.046146987207820081 -0.0050978208726863289 -0.034129662311835549 -0.043150110075690848 -0.039065146442343227
leaf_weight=773.57607436226681 6.8744103312492353 4.7136004231870166 7.0986738428473473 2.653744271490722 3.2386356303468338 2.3520181626081467
leaf_count=4063 12 28 20 47 27 14
internal_value=0.000215034 -9.85003e-05 0.0178636 0.000179126 0.000415154 -0.0364487
internal_weight=800.507 786.534 13.9731 781.82 776.815 5.00576
internal_count=4211 4179 32 4151 4090 61
is_linear=0
shrinkage=0.03


Tree=174
num_leaves=9
num_cat=0
split_feature=24 25 24 4 29 9 21 18
split_gain=4.90335 9.96261 5.83433 12.1649 6.8457 4.43765 6.66218 0.0787285
threshold=1.7250493029863321 0.001090042596103652 1.2947360950074214 232.50000000000003 0.065756621496700932 7.8494386990617562 712461.00000000012 0.0099652738239518583
decision_type=2 2 2 2 2 2 2 2
left_child=1 2 4 -4 -1 6 -2 -3
right_child=5 7 3 -5 -6 -7 -8 -9
leaf_value=-0.0016548447387566838 -0.036532336420176899 -0.037499807005224511 -0.045794953293990054 0.0049160399454928148 0.0041628271413185636 0.047337598036209995 0.025971163958496968 -0.044804627208350122
leaf_weight=469.51804727152921 2.2230544942431134 2.8088821899145833 7.4955421481281546 9.8550335047766549 297.30782399512827 3.6252028327435255 4.9573381817899644 2.5184333920478821
leaf_count=3257 28 26 71 39 758 6 14 12
internal_value=0.00020845 -6.62678e-05 0.000211497 -0.0169914 0.000600738 0.0202805 0.00662004 -0.0409531
internal_weight=800.309 789.504 784.176 17.3506 766.826 10.8056 7.18039 5.32732
internal_count=4211 4163 4125 110 4015 48 42 38
is_linear=0
shrinkage=0.03


Tree=175
num_leaves=15
num_cat=0
split_feature=3 21 18 29 8 21 24 24 13 13 3 18 29 17
split_gain=4.87379 11.313 13.3728 8.28241 7.29197 6.4891 6.27339 7.50076 6.05453 5.21168 3.16268 0.203419 0.0352409 0.0336364
threshold=0.0083387639024833562 251995.00000000003 0.01293730249588451 0.041346194108791839 -0.020962129572046167 136843.00000000003 1.7250493029863321 1.2947360950074214 0.044749451606109873 0.033600969682091551 0.33496976784858629 0.0078134368386107884 0.057048793532669069 0.007010377413062715
decision_type=2 2 2 2 2 2 2 2 2 2 2 2 2 2
left_child=1 3 11 13 -4 8 7 -7 12 -5 -8 -3 -2 -1
right_child=5 2 4 9 -6 6 10 -9 -10 -11 -12 -13 -14 -15
leaf_value=-0.031703070121724922 -0.032435133477277341 -0.033743541704484833 0.028966379830488879 0.046330533766508565 -0.021533361605138794 0.0011923326413415395 0.042488013590415583 -0.020298562518809536 0.014711919523206576 -0.0027330380361585069 0.008370877260195482 -0.040749533711051354 -0.037053120749347766 -0.040031137474603719
leaf_weight=1.8602208034135395 7.2149635730311257 5.898706426844007 5.5535782650113106 5.5486162048764509 4.7955800145864469 725.28888567397371 4.7523793810978514 14.916957637295125 3.1792553439736357 3.0031118560582399 5.0375796929001808 10.144444379955528 1.8734260080382226 0.57029081508517254
leaf_count=61 221 117 10 24 22 3509 9 91 12 19 28 66 17 5
internal_value=0.000202161 -0.0103751 -0.0210221 0.0152117 0.00556587 0.000720774 0.00107478 0.000759239 -0.0209218 0.0291009 0.0249325 -0.0381736 -0.0333871 -0.0336572
internal_weight=799.638 37.3745 26.3923 10.9822 10.3492 762.263 749.996 740.206 12.2676 8.55173 9.78996 16.0432 9.08839 2.43051
internal_count=4211 324 215 109 32 3887 3637 3600 250 43 37 183 238 66
is_linear=0
shrinkage=0.03


Tree=176
num_leaves=13
num_cat=0
split_feature=28 1 9 28 25 0 28 4 16 29 1 6
split_gain=4.80759 11.366 11.5323 9.09602 18.8192 14.0199 8.15681 24.5045 17.0491 5.31839 4.69214 1.08764
threshold=-0.0062041345147064598 0.04260758018094226 0.3990458661823959 -0.0031240396689455551 0.00023051528958966649 -0.00045006896354319708 -0.00071489947709229955 22.500000000000004 0.25000000000000006 0.026202228363938863 0.021041090911657977 174472.50000000003
decision_type=2 2 2 2 2 2 2 2 2 2 2 2
left_child=1 2 -1 4 9 -6 7 -5 -8 -2 -4 -3
right_child=3 11 10 6 5 -7 8 -9 -10 -11 -12 -13
leaf_value=0.044514100983580614 0.010839523923835059 0.036469869724084857 0.015918270839007917 -0.021570069483902429 -0.028027578817437174 0.0061421876593629006 -0.025502694671121432 0.0087002116696537329 -0.0001407329780330043 -0.044140048752337548 -0.035834940852589189 0.021246479961721052
leaf_weight=2.7391212247312096 1.771898978389802 7.4567470420151976 1.98357769846916 27.131983365630731 14.281828088685868 44.417173165362328 25.26166804600507 213.19532111473382 428.38576440932229 14.893397855106739 7.6857235226780176 9.7422637194395048
leaf_count=7 12 13 23 232 90 192 199 807 2437 124 57 18
internal_value=0.000195813 0.0120585 -0.009825 -0.000260715 -0.0101594 -0.00217153 0.000814262 0.00528282 -0.00155303 -0.0382945 -0.0252182 0.0278467
internal_weight=798.946 29.6074 12.4084 769.339 75.3643 58.699 693.975 240.327 453.647 16.6653 9.6693 17.199
internal_count=4211 118 87 4093 418 282 3675 1039 2636 136 80 31
is_linear=0
shrinkage=0.03


Tree=177
num_leaves=6
num_cat=0
split_feature=23 7 21 24 28
split_gain=4.88096 4.79632 10.6273 9.52894 7.16408
threshold=0.39046349288538545 2684301860.1690006 32227883.500000004 0.59781689092946477 0.0050543460479265381
decision_type=2 2 2 2 2
left_child=-1 2 4 -3 -2
right_child=1 3 -4 -5 -6
leaf_value=0.034114111037983903 0.00021578832839943686 0.03963976786150665 -0.045557845702539755 -0.010208748682740649 -0.036229845699263852
leaf_weight=3.7988382410258046 770.54598962096497 7.7526596188545209 4.6386417020112267 6.2205357747152448 4.8849074163008472
leaf_count=17 4073 11 28 21 61
internal_value=0.000189728 2.74275e-05 -0.00028463 0.0174484 -1.38047e-05
internal_weight=797.842 794.043 780.07 13.9732 775.431
internal_count=4211 4194 4162 32 4134
is_linear=0
shrinkage=0.03


Tree=178
num_leaves=14
num_cat=0
split_feature=5 3 4 9 1 1 25 6 6 3 17 0 17
split_gain=4.8937 7.69938 10.2751 9.19966 6.78402 7.79789 6.18303 6.49382 13.2052 5.9855 3.0095 1.90265 0.0226391
threshold=0.016488136029025626 0.91217682877688888 12.500000000000002 0.68929877431683451 0.014665934904381331 0.016004833213697962 0.00036061617792229307 353341.50000000006 161432.50000000003 0.94285714285714273 -0.014527584349953333 -0.00046935364593386894 -0.0081493029552953244
decision_type=2 2 2 2 2 2 2 2 2 2 2 2 2
left_child=1 4 3 -3 12 -6 7 8 -2 -8 -4 -9 -1
right_child=6 2 10 -5 5 -7 9 11 -10 -11 -12 -13 -14
leaf_value=-0.039665684849517165 0.014430880790070606 0.014021661573614789 0.017441256343824416 -0.01405940306161819 0.032899106839935743 0.0004220510601867261 -0.046257198816617051 0.016266936667417062 -0.044701228114019352 0.010951077043750222 -0.043115191179016507 0.036027404866857397 -0.033030706074176262
leaf_weight=0.51366472244262684 17.856534446589652 15.4226076756604 0.80209881067275901 32.896184784127399 6.7194258878007522 680.76374616334215 3.2527115060947827 7.7116348668932941 4.1980008557438842 3.3321736492216587 9.3315884361509216 10.167117387056349 4.6767582367174318
leaf_count=3 71 85 2 320 28 3367 23 16 21 15 135 14 111
internal_value=0.000183959 -0.000400818 -0.0108566 -0.00509636 0.000481509 0.00073948 0.00962632 0.0140677 0.0031753 -0.0173079 -0.038322 0.0275041 -0.0336873
internal_weight=797.644 751.126 58.4525 48.3188 692.674 687.483 46.5182 39.9333 22.0545 6.58489 10.1337 17.8788 5.19042
internal_count=4211 4051 542 405 3509 3395 160 122 92 38 137 30 114
is_linear=0
shrinkage=0.03


Tree=179
num_leaves=14
num_cat=0
split_feature=12 10 12 25 5 27 6 24 3 11 11 18 11
split_gain=4.76998 17.8621 11.2112 10.5777 8.77779 8.49893 13.2038 11.3084 7.66646 7.51251 0.540392 0.257721 0.0865401
threshold=-0.014428930331432938 -0.0064446363291062901 -0.013368019303467859 0.00041867637370380899 -0.020768339107969862 0.016106890188872906 361466.00000000006 0.34336127642579656 0.013345206292668287 0.0092456614675396048 0.026669939939974054 0.013954430559755605 0.016947647182085905
decision_type=2 2 2 2 2 2 2 2 2 2 2 2 2
left_child=4 10 9 -4 8 7 -7 -6 -1 -3 12 -10 -2
right_child=1 2 3 -5 5 6 -8 -9 11 -11 -12 -13 -14
leaf_value=0.011153738461344948 -0.033373638322314533 0.0076225701846174988 -0.0026309367933881047 0.011400217756193324 -0.035453388805551364 -0.014015328490119303 0.026414776897597112 0.0022925860854095532 -0.038379425532060502 -0.04862581583310107 -0.050209369163808915 -0.050947332080982156 -0.040042267832664215
leaf_weight=3.2112875990569574 6.4175339571665955 3.0316750574856979 280.98653331398964 58.40682234428823 7.2801729370839885 9.6915611848235113 29.09508016705513 380.15595312789083 2.415981856174767 7.2415652861818671 2.8546591699123374 3.744350291788578 2.408784992992878
leaf_count=13 175 21 1952 278 77 40 48 1498 18 43 14 18 16
internal_value=0.00017829 -0.00236998 -0.00115088 -0.00021629 0.00229221 0.00292369 0.0163126 0.00158332 -0.0264277 -0.0320267 -0.0388632 -0.0460184 -0.0351936
internal_weight=796.942 361.348 349.667 339.393 435.594 426.223 38.7866 387.436 9.37162 10.2732 11.681 6.16033 8.82632
internal_count=4211 2499 2294 2230 1712 1663 88 1575 49 64 205 36 191
is_linear=0
shrinkage=0.03


end of trees

feature_importances:
qqq_intra_ret=175
atr_20d_pct=166
intra_curr_bar_range=163
qqq_vwap_dev=155
intra_range_pct=129
qqq_gap=129
pm_final_velocity_10m=126
pm_intra_gain=89
pm_vwap_dev=85
pm_turnover=79
intra_vol_acceleration=78
intra_high_from_open=74
pm_surge_retention=69
intra_curr_bar_ret=64
pm_volume=62
intra_turnover=61
intra_rvol=61
intra_low_from_open=57
intra_volume=57
pm_rvol=55
pm_gap=50
intra_vwap_dev=44
intra_range_retention=42
pm_peak_to_open_mins=40
alpha_vs_qqq=35
intra_dist_to_pm_high=26
intra_return_from_open=23
intra_upbar_ratio=21

parameters:
[boosting: gbdt]
[objective: binary]
[metric: binary_logloss]
[tree_learner: serial]
[device_type: cpu]
[data_sample_strategy: bagging]
[data: ]
[valid: ]
[num_iterations: 180]
[learning_rate: 0.03]
[num_leaves: 15]
[num_threads: 15]
[seed: 42]
[deterministic: 0]
[force_col_wise: 0]
[force_row_wise: 0]
[histogram_pool_size: -1]
[max_depth: 4]
[min_data_in_leaf: 15]
[min_sum_hessian_in_leaf: 0.001]
[bagging_fraction: 0.8]
[pos_bagging_fraction: 1]
[neg_bagging_fraction: 1]
[bagging_freq: 0]
[bagging_seed: 400]
[bagging_by_query: 0]
[feature_fraction: 0.8]
[feature_fraction_bynode: 1]
[feature_fraction_seed: 30056]
[extra_trees: 0]
[extra_seed: 12879]
[early_stopping_round: 0]
[early_stopping_min_delta: 0]
[first_metric_only: 0]
[max_delta_step: 0]
[lambda_l1: 0]
[lambda_l2: 0]
[linear_lambda: 0]
[min_gain_to_split: 0]
[drop_rate: 0.1]
[max_drop: 50]
[skip_drop: 0.5]
[xgboost_dart_mode: 0]
[uniform_drop: 0]
[drop_seed: 17869]
[top_rate: 0.2]
[other_rate: 0.1]
[min_data_per_group: 100]
[max_cat_threshold: 32]
[cat_l2: 10]
[cat_smooth: 10]
[max_cat_to_onehot: 4]
[top_k: 20]
[monotone_constraints: ]
[monotone_constraints_method: basic]
[monotone_penalty: 0]
[feature_contri: ]
[forcedsplits_filename: ]
[refit_decay_rate: 0.9]
[cegb_tradeoff: 1]
[cegb_penalty_split: 0]
[cegb_penalty_feature_lazy: ]
[cegb_penalty_feature_coupled: ]
[path_smooth: 0]
[interaction_constraints: ]
[verbosity: -1]
[saved_feature_importance_type: 0]
[use_quantized_grad: 0]
[num_grad_quant_bins: 4]
[quant_train_renew_leaf: 0]
[stochastic_rounding: 1]
[linear_tree: 0]
[max_bin: 255]
[max_bin_by_feature: ]
[min_data_in_bin: 3]
[bin_construct_sample_cnt: 200000]
[data_random_seed: 175]
[is_enable_sparse: 1]
[enable_bundle: 1]
[use_missing: 1]
[zero_as_missing: 0]
[feature_pre_filter: 1]
[pre_partition: 0]
[two_round: 0]
[header: 0]
[label_column: ]
[weight_column: ]
[group_column: ]
[ignore_column: ]
[categorical_feature: ]
[forcedbins_filename: ]
[precise_float_parser: 0]
[parser_config_file: ]
[objective_seed: 16083]
[num_class: 1]
[is_unbalance: 0]
[scale_pos_weight: 5]
[sigmoid: 1]
[boost_from_average: 1]
[reg_sqrt: 0]
[alpha: 0.9]
[fair_c: 1]
[poisson_max_delta_step: 0.7]
[tweedie_variance_power: 1.5]
[lambdarank_truncation_level: 30]
[lambdarank_norm: 1]
[label_gain: ]
[lambdarank_position_bias_regularization: 0]
[eval_at: ]
[multi_error_top_k: 1]
[auc_mu_weights: ]
[num_machines: 1]
[local_listen_port: 12400]
[time_out: 120]
[machine_list_filename: ]
[machines: ]
[gpu_platform_id: -1]
[gpu_device_id: -1]
[gpu_device_id_list: ]
[gpu_use_dp: 0]
[num_gpu: 1]

end of parameters

pandas_categorical:[]
