tree
version=v4
num_class=1
num_tree_per_iteration=1
label_index=0
max_feature_idx=29
objective=binary sigmoid:1
feature_names=pm_gap pm_intra_gain pm_gain pm_surge_retention pm_peak_to_open_mins pm_final_velocity_10m pm_volume pm_turnover pm_vwap_dev pm_rvol intra_return_from_open intra_high_from_open intra_low_from_open intra_range_pct intra_range_retention intra_vwap_dev intra_upbar_ratio intra_curr_bar_ret intra_curr_bar_range intra_breakout_pm_high intra_dist_to_pm_high intra_volume intra_turnover intra_rvol intra_vol_acceleration qqq_gap qqq_intra_ret alpha_vs_qqq qqq_vwap_dev atr_20d_pct
feature_infos=[-0.061484272200206469:0.10594795539033457] [0:0.34499999999999997] none [0:1] [0:325] [-0.049238373759256451:0.34499999999999997] [0:31845058] [0:8569697149.3370008] [-0.092066306955677898:0.048037611719781194] [0:31845058] [-0.32773109243697479:0.10068574609681424] [0:0.10157139603734909] [-0.32773109243697479:0] [0:0.32773109243697479] [0:1] [-0.22630560928433269:0.069764841970213848] [0:1] [-0.042458226811113234:0.071316809904986483] [0:0.073811197532823891] [0:1] [-0.25650557620817843:0.067743274085344682] [1:37000722] [258.5:9238932728.0319996] [2.0000000000000002e-05:27549254] [0:3.3997139017729419] [-0.0011859246672332071:0.0012176347095871301] [-0.0068234763658226154:0.0065791670841264084] [-0.3268957943568131:0.1010004787314412] [-0.003488907578351031:0.0052383947601459483] [0.0093137254901960592:0.71615304500823007]
tree_sizes=1731 1743 1634 1623 1743 1763 1733 1742 1743 1755 1737 1749 1734 1745 1739 1744 1642 1753 1745 1767 1747 1645 1770 1644 1646 1756 1650 1752 1758 1755 1541 1755 1767 1747 1745 1757 1744 1554 1642 1768 1437 1634 1767 1544 1762 1659 1738 1764 1638 1644 1643 1644 1770 1744 1762 1740 1770 1751 1763 1330 1759 1542 1747 1763 1662 1752 1756 1763 1536 1747 1742 1318 1533 1554 1313 1759 1437 1755 1531 1438 1418 1431 1750 1316 1431 1548 1745 1751 1322 1435 1642 1213 1437 1631 1781 1314 1754 1640 1767 1547 1327 1743 1320 1774 1445 1777 1635 1655 1234 1217 1650 1323 1240 1214 1742 1540 1222 1431 1535 1230 1217 1106 1646 1220 1230 1744 1767 1004 1215 1559 1327 1543 1115 1115 1323 894 1214 1552 1222 897 1762 1102 1326 1230 1328 1747 1119 1760 1770 1762 1762 1446 1224 900 1451 1208 1224 1646 1441 1421 1102 897 1659 1761 1315 1555 1105 1755 1218 1113 1557 1443 1645 1118 1556 1649 1329 1657 1216 1550

Tree=0
num_leaves=15
num_cat=0
split_feature=29 29 22 29 29 29 25 18 25 28 17 20 8 13
split_gain=383.972 81.1736 37.5224 29.9365 49.5226 36.0255 29.7212 28.547 17.8959 14.8552 14.388 16.539 13.1013 8.89052
threshold=0.036590279387962693 0.056201749382250719 24854924.735000003 0.020007434860058581 0.019982888506241938 0.028908263013382379 -0.00014680805425697666 0.014013227980310053 -0.001013258929688022 -0.0006564056522797159 -0.0048803315132176757 -0.013281796725213084 -0.018693763596894473 0.015455699973908672
decision_type=2 2 2 2 2 2 2 2 2 2 2 2 2 2
left_child=2 6 10 4 -4 -5 9 -8 -3 -2 11 -1 -10 -12
right_child=1 8 3 5 -6 -7 7 -9 12 -11 13 -13 -14 -15
leaf_value=-0.61724762879693107 -0.5458906878619415 -0.5162571444832782 -0.61878642695269526 -0.61246225522222819 -0.55140305952194946 -0.58977481229344131 -0.58474258723482742 -0.56672414629589896 -0.57606613334290713 -0.56793881073411523 -0.62903910848405564 -0.54570719097580234 -0.5545834560531322 -0.60803806233214164
leaf_weight=6.7450582087039948 39.844158694148064 10.426934987306593 14.406611800193785 108.86681720614433 30.806662023067474 149.4853188842535 212.95862416923046 125.93084850907326 27.454375773668289 88.794490247964859 52.642103552818298 5.11300081014633 368.18883927166462 27.682299613952637
leaf_count=27 117 26 58 428 93 537 749 409 93 290 220 15 1129 107
internal_value=-0.57597 -0.564864 -0.600484 -0.595394 -0.572874 -0.599335 -0.573387 -0.578047 -0.555052 -0.56111 -0.617248 -0.586401 -0.556074 -0.621801
internal_weight=1269.35 873.598 395.748 303.565 45.2133 258.352 467.528 338.889 406.07 128.639 92.1825 11.8581 395.643 80.3244
internal_count=4298 2813 1485 1116 151 965 1565 1158 1248 407 369 42 1222 327
is_linear=0
shrinkage=1


Tree=1
num_leaves=15
num_cat=0
split_feature=29 29 22 28 29 29 29 22 25 17 20 12 13 20
split_gain=356.837 74.4231 35.6122 29.129 28.0235 46.053 34.0687 26.3804 16.1277 13.6989 15.4079 12.7027 8.55569 6.3967
threshold=0.036590279387962693 0.056201749382250719 24854924.735000003 -0.0025031009171439999 0.020007434860058581 0.019982888506241938 0.028908263013382379 120030679.74500002 -0.001013258929688022 -0.0048803315132176757 -0.013281796725213084 -0.037014767438220721 0.015455699973908672 -0.011637797047033237
decision_type=2 2 2 2 2 2 2 2 2 2 2 2 2 2
left_child=2 3 9 13 5 -4 -6 -5 -3 10 -1 -10 -11 -2
right_child=1 8 4 7 6 -7 -8 -9 11 12 -12 -13 -14 -15
leaf_value=-0.021834492674495585 0.063237710010099174 0.074639229137093616 -0.023348049479476597 0.011896304373919123 -0.017136750029199458 0.041663508968446894 0.0049520264107944644 0.026474503946103366 0.019530127373514474 -0.033469569417886903 0.047047925801477215 0.03885015869092677 -0.012805747985792598 0.028220618110929439
leaf_weight=6.7008501291275024 16.771455302834514 10.65135610103607 14.305593729019163 228.52719797194004 108.30767866969109 31.1826451420784 149.70544654130936 218.56031921505928 33.420938715338707 52.111263751983643 5.183297395706175 366.54388844966888 27.57621306180954 6.5203498154878607
leaf_count=27 45 26 58 791 428 93 537 708 111 220 15 1111 107 21
internal_value=0.01825 0.0288736 -0.00544013 0.0207269 -0.000492669 0.021218 -0.00432031 0.0190229 0.038206 -0.0218378 0.00820873 0.0372358 -0.0263188 0.053435
internal_weight=1276.07 880.996 395.073 470.379 303.501 45.4882 258.013 447.088 410.616 91.5716 11.8841 399.965 79.6875 23.2918
internal_count=4298 2813 1485 1565 1116 151 965 1499 1248 369 42 1222 327 66
is_linear=0
shrinkage=0.03


Tree=2
num_leaves=14
num_cat=0
split_feature=29 29 23 29 25 21 28 3 12 25 9 8 20
split_gain=331.96 68.4524 50.2376 29.36 27.138 26.1585 18.5708 16.3051 16.1321 14.6651 13.9305 13.2325 12.1582
threshold=0.036590279387962693 0.056201749382250719 9.8175971862969131 0.032632015489152948 -0.00014680805425697666 55118.500000000007 0.0010454106835420735 0.32645795777850511 -0.00089973763768219064 -0.001013258929688022 4.7036814134785638 0.0059734567486824609 -0.057229331181924067
decision_type=2 2 2 2 2 2 2 2 2 2 2 2 2
left_child=2 4 3 6 10 -6 -1 -4 -5 -3 -2 -9 -11
right_child=1 9 7 8 5 -7 -8 11 -10 12 -12 -13 -14
leaf_value=-0.0078710901428315563 0.034783644683607694 0.071121488712239944 -0.014359424842372603 0.010812109639306386 -0.015683681661645212 0.017752913323526964 -0.024750990827779238 0.064915403402453969 -0.033386018621128992 0.016663246565252723 0.0012379613587385045 0.016698511752082357 0.037180661855392094
leaf_weight=194.26936440169811 118.30710229277611 10.8398060798645 4.9621817618608501 81.415926411747932 22.541526094079018 319.89760947227478 84.032049208879471 13.042102709412577 8.1789755374193174 27.924165889620781 12.299564510583876 8.4359203577041608 375.96555066108704
leaf_count=742 363 26 19 285 87 1071 343 34 34 93 44 28 1129
internal_value=0.0176157 0.0277895 -0.0052887 -0.00815929 0.0199895 0.0155519 -0.0129679 0.0346535 0.00677733 0.0366863 0.0316246 0.0459773 0.0357621
internal_weight=1282.11 887.775 394.337 367.896 473.046 342.439 278.301 26.4402 89.5949 414.73 130.607 21.478 403.89
internal_count=4298 2813 1485 1404 1565 1158 1085 81 319 1248 407 62 1222
is_linear=0
shrinkage=0.03


Tree=3
num_leaves=14
num_cat=0
split_feature=29 29 23 29 28 22 1 3 21 25 25 14 6
split_gain=309.134 63.1429 47.0171 27.7458 26.5884 23.9696 18.0439 15.0877 15.0853 13.4419 11.924 6.22508 5.84169
threshold=0.036590279387962693 0.056201749382250719 9.8175971862969131 0.032632015489152948 -0.0025031009171439999 120030679.74500002 0.0847174947935595 0.32645795777850511 2273027.0000000005 -0.001013258929688022 -0.00045651181314955007 0.15020291988547343 17842.500000000004
decision_type=2 2 2 2 2 2 2 2 2 2 2 2 2
left_child=2 4 3 6 12 -6 -1 -4 -5 -3 -11 -9 -2
right_child=1 9 7 8 5 -7 -8 11 -10 10 -12 -13 -14
leaf_value=-0.013995882748201807 0.02459711057428618 0.067996726014397976 -0.013984393789869381 0.0018620872447353257 0.010887435226440605 0.024710393740927542 0.030247234467986266 0.015238922427944597 0.038750948247091986 0.010213188341184178 0.035471707401528364 0.053028531434322089 0.058872501968891974
leaf_weight=268.64632274210453 5.9833194315433529 10.995302975177763 4.9426980763673809 78.332434982061386 230.41907706856728 221.36994503438473 8.5606193542480451 5.1390559077262905 11.433425366878508 17.579345375299454 389.86368465423584 16.58252289891243 17.755510881543159
leaf_count=1057 19 26 19 284 791 708 28 17 35 59 1163 45 47
internal_value=0.0170115 0.0267657 -0.00514065 -0.00793544 0.0192866 0.0176605 -0.0126296 0.0333232 0.0065606 0.0352652 0.0343819 0.044088 0.0502335
internal_weight=1287.6 893.966 393.637 366.973 475.528 451.789 277.207 26.6643 89.7659 418.438 407.443 21.7216 23.7388
internal_count=4298 2813 1485 1404 1565 1499 1085 81 319 1248 1222 62 66
is_linear=0
shrinkage=0.03


Tree=4
num_leaves=15
num_cat=0
split_feature=29 29 23 29 7 25 18 28 3 9 8 8 10 28
split_gain=288.132 58.3936 44.0423 26.933 25.7258 24.95 25.4529 18.9445 13.9899 12.7908 12.4903 11.8852 11.8649 10.802
threshold=0.036590279387962693 0.056201749382250719 9.8175971862969131 0.028908263013382379 1573517.6110000003 -0.00014680805425697666 0.014013227980310053 -0.001385110550689778 0.32645795777850511 4.7036814134785638 -0.018693763596894473 0.0059734567486824609 -0.036292928945923446 -0.00052757871909612293
decision_type=2 2 2 2 2 2 2 2 2 2 2 2 2 2
left_child=2 5 3 7 -5 9 -7 -1 -4 -2 13 -10 -12 -3
right_child=1 10 8 4 -6 6 -8 -9 11 -11 12 -13 -14 -15
leaf_value=0.00065412990584187518 0.032690394493956512 0.03866549169770906 -0.013618997047774745 -0.025557242488291755 0.0050055452134309206 0.0080939755676044892 0.024929868391599934 -0.021778481597103907 0.059996591487608275 0.00064112225371810863 0.0098465405830649461 0.014722793069176177 0.03638267353219958 0.00037661471708971372
leaf_weight=45.468026101589203 119.92166692018509 10.591069817543032 4.9233475923538235 29.391192495822906 158.23460729420185 216.65147586166859 128.90247398614883 132.96202950179577 13.380962401628496 12.362692654132841 15.799064248800276 8.555165231227873 377.65297561883926 17.736671045422554
leaf_count=169 363 31 19 121 569 749 409 545 34 44 53 28 1102 62
internal_value=0.0164357 0.0257966 -0.0049969 -0.00771761 0.000217948 0.0186157 0.0143743 -0.0160621 0.0320824 0.0296952 0.0339319 0.0423397 0.0353171 0.0146919
internal_weight=1292.53 899.618 392.915 366.056 187.626 477.838 345.554 178.43 26.8595 132.284 421.78 21.9361 393.452 28.3277
internal_count=4298 2813 1485 1404 690 1565 1158 714 81 407 1248 62 1155 93
is_linear=0
shrinkage=0.03


Tree=5
num_leaves=15
num_cat=0
split_feature=18 22 25 28 18 28 28 28 20 26 26 28 25 5
split_gain=192.272 66.6081 24.0445 23.7037 22.0876 21.5699 20.2992 37.5838 21.7773 16.368 29.3287 20.9244 15.8162 13.3866
threshold=0.012684160191724284 33376924.527500004 -0.001013258929688022 -0.00019429266000654141 0.0053776095632629929 -0.0025031009171439999 0.0012652845293654551 0.0015608548697912772 -0.0055500106731180112 -0.0024080699903713879 -0.0027316209887718415 -0.0010923597936560966 -0.00066367208651680395 0.0075586121114574372
decision_type=2 2 2 2 2 2 2 2 2 2 2 2 2 2
left_child=1 3 -3 4 -1 -4 9 13 -9 10 -2 -11 -5 -8
right_child=6 2 5 12 -6 -7 7 8 -10 11 -12 -13 -14 -15
leaf_value=-0.029134654017659016 0.027929667242628062 0.054208918907337665 0.036850893653210585 0.033800654471957896 0.0099397636294021596 0.0077513225598473921 -0.015711347291635841 0.015515944833302559 0.039009324602749224 0.053659007075810616 -0.011099476153695317 0.031527582698456361 -0.023037894661429484 0.026372553977168142
leaf_weight=16.607830658555031 122.24720491468906 10.975232079625128 24.195898041129112 4.6119806319475165 60.265334293246269 436.61922171711922 31.444244652986526 77.744515851140022 65.367595180869102 44.709999650716782 20.190287098288536 274.5308863222599 98.72223336994648 8.6807089149951917
leaf_count=70 375 29 72 14 211 1520 118 254 189 118 74 826 401 27
internal_value=0.0158865 0.00439828 0.0103244 -0.0111167 0.00149805 0.00927925 0.0275009 0.0190525 0.0262467 0.030854 0.0223973 0.0346271 -0.0205011 -0.00660684
internal_weight=1296.91 651.998 471.79 180.207 76.8732 460.815 644.915 183.237 143.112 461.678 142.437 319.241 103.334 40.125
internal_count=4298 2317 1621 696 281 1592 1981 588 443 1393 449 944 415 145
is_linear=0
shrinkage=0.03


Tree=6
num_leaves=15
num_cat=0
split_feature=29 29 23 1 29 7 27 25 25 13 21 3 8 3
split_gain=259.822 51.8647 40.0894 25.3722 25.0985 23.6457 20.0571 19.652 19.5425 18.3914 15.1609 12.7041 10.909 1.2779
threshold=0.036590279387962693 0.047200015514282039 9.8175971862969131 0.028278161743014851 0.028908263013382379 1573517.6110000003 -0.01987903490300624 -0.00087053193906951151 -0.001013258929688022 0.014448229116814202 55118.500000000007 0.32645795777850511 0.0059734567486824609 0.51751249360410789
decision_type=2 2 2 2 2 2 2 2 2 2 2 2 2 2
left_child=2 3 4 7 9 -6 -5 -2 13 -1 -10 -4 -13 -3
right_child=1 8 11 6 5 -7 -8 -9 10 -11 -12 12 -14 -15
leaf_value=-0.02606922587012396 0.068039040204704485 0.052202968800435436 -0.013491719811068847 -0.023096583973907053 -0.024868162834688259 0.004549918897472585 0.024738679861986981 0.0017044207797771434 -0.0017001705919690183 -0.006716759358581805 0.028819043820566371 0.056551518602474052 0.013421847571756013 0.069527942549635846
leaf_weight=82.731403023004532 4.1504188179969779 6.7392659932374945 4.9161183387041119 8.3710598796606046 29.093537256121635 158.87133979797363 136.95781058073044 127.38813333213329 15.015417337417601 94.884989485144615 601.02948912978172 13.591604575514795 8.6289691627025586 8.8813408017158491
leaf_count=348 10 17 19 32 121 569 429 447 53 366 1805 34 28 20
internal_value=0.0153565 0.02417 -0.00503313 0.0133433 -0.00764458 -3.464e-06 0.0219833 0.00379747 0.0289154 -0.0157309 0.0280752 0.030148 0.0398029 0.0620534
internal_weight=1301.25 908.533 392.718 276.867 365.581 187.965 145.329 131.539 631.666 177.616 616.045 27.1367 22.2206 15.6206
internal_count=4298 2813 1485 918 1404 690 461 457 1895 714 1858 81 62 37
is_linear=0
shrinkage=0.03


Tree=7
num_leaves=15
num_cat=0
split_feature=29 29 23 29 28 26 25 21 3 20 26 24 8 20
split_gain=242.683 49.059 37.6346 23.9706 23.5835 20.6303 19.3373 13.5168 11.838 11.4969 11.7998 10.8995 10.0998 5.46415
threshold=0.036590279387962693 0.056201749382250719 9.8175971862969131 0.032632015489152948 -0.0025031009171439999 0.00055278881964603173 -0.00014680805425697666 2273027.0000000005 0.32645795777850511 -0.057229331181924067 0.003018696061306858 0.5092921718446789 0.0059734567486824609 -0.011637797047033237
decision_type=2 2 2 2 2 2 2 2 2 2 2 2 2 2
left_child=2 4 3 5 13 -1 -6 -5 -4 11 -11 -3 -10 -2
right_child=1 9 8 7 6 -7 -8 -9 12 10 -12 -13 -14 -15
leaf_value=-0.0045979383193394422 0.054392789263913756 0.037951996035177717 -0.013138885790346132 0.0015130897395365232 0.025211852472214382 -0.021180612953470766 0.011451517330300795 0.036165463421032808 0.05437754512174358 0.034687970045207628 0.02204996373957786 -0.00095473308166380629 0.012982556859110149 0.022662355049841203
leaf_weight=154.49313247203827 17.55954942107201 9.8640563040971774 4.8969862759113338 78.562876179814339 127.03984892368317 119.94132500886917 332.42164151370525 11.630793258547781 13.709052905440332 316.17548836767673 84.196724280714989 18.891390606760979 8.6529463380575162 6.7666592299938193
leaf_count=590 45 28 19 284 389 495 1110 35 34 899 256 65 28 21
internal_value=0.0148533 0.0233301 -0.00489379 -0.00743573 0.0167803 -0.0118454 0.0152562 0.00598164 0.0291082 0.0307143 0.0320302 0.0123915 0.0383598 0.0455665
internal_weight=1304.8 912.915 391.887 364.628 483.788 274.434 459.461 90.1937 27.259 429.128 400.372 28.7554 22.362 24.3262
internal_count=4298 2813 1485 1404 1565 1085 1499 319 81 1248 1155 93 62 66
is_linear=0
shrinkage=0.03


Tree=8
num_leaves=15
num_cat=0
split_feature=29 29 7 28 1 28 26 29 25 10 22 8 21 17
split_gain=226.837 46.0452 29.5879 27.3443 23.4484 19.38 21.2026 18.9133 18.051 16.6074 15.8631 8.78763 5.29018 5.35172
threshold=0.036590279387962693 0.047200015514282039 1138091.9525000004 0.0016973771370070196 0.028278161743014851 -0.0024264220956916791 -0.0024080699903713879 0.019982888506241938 -0.00066367208651680395 -0.021965369156422377 1552800921.7900002 0.0091577105672517346 37052.000000000007 -0.0050129483607125585
decision_type=2 2 2 2 2 2 2 2 2 2 2 2 2 2
left_child=2 4 12 7 8 11 -7 -4 -2 -6 -5 -3 -1 -14
right_child=1 5 3 10 9 6 -8 -9 -10 -11 -12 -13 13 -15
leaf_value=-0.0012003600584151283 0.056051903442357082 0.05430189409252538 -0.032426042283977143 -0.026451097818481085 -0.021684224722264108 0.013439607190427749 0.028270641267974 0.0042088018471313562 0.00086668913242924847 0.023030407271604821 0.024539380444222159 0.014028869879045155 -0.0024278241581614586 -0.03202307503441202
leaf_weight=7.4802618920803061 5.5693251937627783 31.293591022491455 13.318556815385817 48.703559622168541 7.9015268832445136 105.14787915349007 495.92404614388943 265.76274116337299 126.55335885286331 138.67559784650803 6.1887674480676642 5.7763346880674353 6.2990102171897879 43.3035738915205
leaf_count=29 14 79 58 204 30 335 1463 960 443 431 21 18 24 189
internal_value=0.014372 0.0225315 -0.00475815 -0.00134657 0.0123584 0.0269745 0.0256762 0.00246048 0.00319289 0.02062 -0.0207022 0.0480264 -0.0247182 -0.0282648
internal_weight=1307.9 916.842 391.056 333.974 278.7 638.142 601.072 279.081 132.123 146.577 54.8923 37.0699 57.0828 49.6026
internal_count=4298 2813 1485 1243 918 1895 1798 1018 457 461 225 97 242 213
is_linear=0
shrinkage=0.03


Tree=9
num_leaves=15
num_cat=0
split_feature=29 29 7 28 21 29 28 22 25 8 10 28 3 25
split_gain=212.234 44.3518 29.1232 27.2185 21.5657 17.9952 17.8817 15.5375 13.8788 11.1528 10.3088 9.7658 6.941 7.3237
threshold=0.036353157550292066 0.056201749382250719 1138091.9525000004 0.0016973771370070196 203564.00000000003 0.019982888506241938 -0.0025031009171439999 1552800921.7900002 -0.00013553651067079432 -0.018693763596894473 -0.036292928945923446 -0.00063579437725076206 0.8983374822190604 0.00035709747270263323
decision_type=2 2 2 2 2 2 2 2 2 2 2 2 2 2
left_child=2 4 12 5 8 -4 -6 -5 -2 11 -11 -3 -1 -14
right_child=1 9 3 7 6 -7 -8 -9 -10 10 -12 -13 13 -15
leaf_value=-0.031761871968792633 0.021321603115669989 0.036092205737172076 -0.031818249788019691 -0.026738340024150917 0.049313034550876648 0.0041201516466541797 0.017880580919790442 0.023621822278005574 -0.00052463068294900334 0.0065037523395458591 0.030968954700219351 -0.0012030971367733524 0.0024316766959200774 -0.044383444653494156
leaf_weight=39.080617696046829 35.641598433256149 9.2956166863441485 13.168068394064901 47.634074509143829 17.106340527534485 262.71452775597572 340.92436246573925 6.2355543524026862 98.509963780641556 16.145906940102577 387.95927564799786 19.732577055692673 12.721385821700098 3.9385863691568366
leaf_count=172 110 26 58 202 44 948 1081 21 347 53 1102 67 49 18
internal_value=0.0139083 0.0216998 -0.00479404 -0.00140385 0.0155384 0.00240479 0.0193824 -0.020909 0.00527951 0.0287012 0.0299915 0.0107399 -0.0248499 -0.00863589
internal_weight=1310.81 925.316 385.493 329.752 492.182 275.883 358.031 53.8696 134.152 433.133 404.105 29.0282 55.7406 16.66
internal_count=4298 2830 1468 1229 1582 1006 1125 223 457 1248 1155 93 239 67
is_linear=0
shrinkage=0.03


Tree=10
num_leaves=15
num_cat=0
split_feature=29 29 23 26 1 29 25 28 27 21 18 3 8 3
split_gain=198.64 41.8042 34.8578 22.13 21.1486 20.7893 17.883 18.983 17.5956 17.2337 13.6624 10.9984 9.3654 1.17264
threshold=0.036353157550292066 0.047200015514282039 9.8175971862969131 0.00055278881964603173 0.028408434727338363 0.027320112613435341 -0.001013258929688022 -0.0024264220956916791 -0.01987903490300624 89729.000000000015 0.0050126481923923336 0.32645795777850511 0.0059734567486824609 0.51751249360410789
decision_type=2 2 2 2 2 2 2 2 2 2 2 2 2 2
left_child=2 4 3 10 9 -5 13 -8 -6 -2 -1 -4 -13 -3
right_child=1 6 11 5 8 -7 7 -9 -10 -11 -12 12 -14 -15
leaf_value=-0.018843175380206398 -0.020401027156989198 0.04731404157943437 -0.012858605733818819 -0.029563815421936812 -0.022991503398682774 -0.006931956458359716 0.045120332387988502 0.023102770546248423 0.021818724089152135 0.0077756023972470594 0.0026400399435633102 0.052173851443993627 0.012409126637064158 0.063790286063723681
leaf_weight=31.513910010457039 23.590483382344246 6.8362526297569266 4.8799050599336651 59.898579299449921 8.3592246323823911 93.630274325609207 37.481271475553513 590.05221574008465 139.49810341000557 113.67725019156933 172.34630315005779 13.810614392161371 8.6813486665487272 9.0135589241981489
leaf_count=131 91 17 19 263 32 361 97 1761 430 382 632 34 28 20
internal_value=0.0134644 0.0209751 -0.00466045 -0.0071594 0.011413 -0.0157617 0.0252127 0.0244178 0.0192853 0.00293324 -0.000680962 0.0279678 0.0368256 0.0566838
internal_weight=1313.27 928.508 384.761 357.389 285.125 153.529 643.383 627.533 147.857 137.268 203.86 27.3719 22.492 15.8498
internal_count=4298 2830 1468 1387 935 624 1895 1858 462 473 763 81 62 37
is_linear=0
shrinkage=0.03


Tree=11
num_leaves=15
num_cat=0
split_feature=29 29 23 26 29 21 1 28 13 12 28 17 4 8
split_gain=185.978 39.7358 32.7673 20.9996 19.9556 19.4127 19.6862 16.3284 12.3288 10.3925 12.323 11.5541 8.02322 8.29888
threshold=0.036353157550292066 0.056201749382250719 9.8175971862969131 0.00055278881964603173 0.027320112613435341 203564.00000000003 0.020783221828057665 -0.0025031009171439999 0.0080083443775138645 -0.037014767438220721 -0.0010179383676517395 -0.016725766775787548 322.50000000000006 0.0059734567486824609
decision_type=2 2 2 2 2 2 2 2 2 2 2 2 2 2
left_child=2 5 3 8 -5 6 -2 -7 -1 11 -11 -3 13 -4
right_child=1 9 12 4 -6 7 -8 -9 -10 10 -12 -13 -14 -15
leaf_value=-0.030395343655850157 -0.024427801968303946 -0.022160739102731031 0.049542114010652373 -0.028995261555313526 -0.0067387573403571988 0.046561148675095303 0.0092557795593183299 0.016662876440917875 0.0011700744286064599 0.036631658380054506 0.024953682947976202 0.020094114394308867 -0.0065967820610294417 0.012007775238679434
leaf_weight=11.822094067931173 18.031908750534058 7.3640262484550467 13.567060664296156 59.250777781009674 93.428314819931984 17.266456067562103 116.5514872521162 343.34671784937382 191.9681546241045 113.38697512447834 287.60339006781578 27.850048139691353 5.1738803833723059 8.7020493298768979
leaf_count=52 70 27 34 263 361 44 387 1081 711 306 831 84 19 28
internal_value=0.013039 0.0202814 -0.00453176 -0.00696358 -0.0153759 0.0144657 0.00474275 0.0180944 -0.00066107 0.0268836 0.0282558 0.0112577 0.0270562 0.0348749
internal_weight=1315.31 931.401 383.912 356.469 152.679 495.197 134.583 360.613 203.79 436.204 400.99 35.2141 27.443 22.2691
internal_count=4298 2830 1468 1387 624 1582 457 1125 763 1248 1137 111 81 62
is_linear=0
shrinkage=0.03


Tree=12
num_leaves=15
num_cat=0
split_feature=29 29 23 29 28 22 1 7 8 3 21 28 8 4
split_gain=174.254 36.6503 30.4705 21.1339 19.1271 18.4822 16.324 15.611 10.2905 9.97116 9.09049 8.93912 8.28905 5.61496
threshold=0.036590279387962693 0.056201749382250719 9.8175971862969131 0.032632015489152948 -0.0025031009171439999 120030679.74500002 0.0847174947935595 2388579.3845000006 -0.018693763596894473 0.32645795777850511 69595.000000000015 -0.00063579437725076206 0.0059734567486824609 92.500000000000014
decision_type=2 2 2 2 2 2 2 2 2 2 2 2 2 2
left_child=2 4 3 6 13 -6 -1 -5 11 -4 -10 -3 -11 -2
right_child=1 8 9 7 5 -7 -8 -9 10 12 -12 -13 -14 -15
leaf_value=-0.01210641223480474 0.015182705192223568 0.032911390764964688 -0.012754275064932883 -0.021248884918053771 0.0068201473712408856 0.018762089221675826 0.029963342093840897 0.011723915223083874 -0.0018727668286426897 0.048921480010281494 0.027918929901812512 -0.0025752153575550442 0.011621144681047997 0.047990999104227106
leaf_weight=261.78063774108887 6.2824372947216061 9.4121467173099536 4.8728618919849422 15.635781943798063 237.11617234349251 229.56445851922035 8.5727911144494993 74.482473567128181 9.4361802637577039 13.919694960117342 398.77866622805595 19.887780413031578 8.7215122133493406 18.578607439994812
leaf_count=1057 19 26 19 64 791 708 28 255 31 34 1124 67 28 47
internal_value=0.0126301 0.0196819 -0.00425581 -0.00657852 0.0140604 0.0126945 -0.0107724 0.00600304 0.0259976 0.0261748 0.0272303 0.00882431 0.0345532 0.0397003
internal_weight=1317.04 929.056 387.986 360.472 491.542 466.681 270.353 90.1183 437.515 27.5141 408.215 29.2999 22.6412 24.861
internal_count=4298 2813 1485 1404 1565 1499 1085 319 1248 81 1155 93 62 66
is_linear=0
shrinkage=0.03


Tree=13
num_leaves=15
num_cat=0
split_feature=29 29 7 28 18 17 25 28 12 29 22 3 25 6
split_gain=163.293 35.8957 26.61 24.1164 20.0478 18.9857 16.883 16.7035 16.3833 16.2959 14.8419 6.67409 7.04953 4.45157
threshold=0.036353157550292066 0.047200015514282039 1138091.9525000004 0.0016973771370070196 0.014013227980310053 -0.0067927075269468397 -0.001013258929688022 -0.0024264220956916791 -0.019051568578793674 0.019982888506241938 1552800921.7900002 0.8983374822190604 0.00035709747270263323 8044.5000000000009
decision_type=2 2 2 2 2 2 2 2 2 2 2 2 2 2
left_child=2 4 11 9 8 -6 -3 -8 -2 -4 -5 13 -13 -1
right_child=1 6 3 10 5 -7 7 -9 -10 -11 -12 12 -14 -15
leaf_value=-0.022147045941582025 -0.026444580604943608 0.053426666688064693 -0.030524963920549767 -0.025447392677034539 0.00088266244895427142 0.030790177063529892 0.041447824715216117 0.020894977133636944 0.0071661016718656571 0.0041243736355631166 0.023907351691013087 0.0031078104505490359 -0.043361997724534397 -0.043046515927189541
leaf_weight=22.740296125411987 14.059234902262686 15.896039962768553 12.813294053077696 46.549851402640343 27.311472594738007 63.563595533370972 37.850897967815399 595.31354054808617 182.2510894536972 262.08911474049091 6.2159695178270331 12.618211865425112 3.8298036605119696 15.373406887054442
leaf_count=99 54 37 58 202 92 184 97 1761 605 948 21 49 18 73
internal_value=0.0122371 0.0189829 -0.0042864 -0.00105636 0.0101519 0.0218018 0.0228903 0.0221236 0.00475899 0.00250936 -0.0196333 -0.0236843 -0.00771235 -0.030577
internal_weight=1318.48 936.246 382.23 327.668 287.185 90.8751 649.06 633.164 196.31 274.902 52.7658 54.5617 16.448 38.1137
internal_count=4298 2830 1468 1229 935 276 1895 1858 659 1006 223 239 67 172
is_linear=0
shrinkage=0.03


Tree=14
num_leaves=15
num_cat=0
split_feature=29 29 7 28 29 15 28 25 28 6 22 21 5 14
split_gain=153.096 33.6468 25.3329 23.0558 18.9422 17.7056 17.4876 15.8911 14.9978 12.6312 11.0921 6.4451 7.89659 1.11721
threshold=0.036353157550292066 0.047411372339146468 1138091.9525000004 0.0010454106835420735 0.020007434860058581 1.0000000180025095e-35 0.0032202013241880842 -0.001013258929688022 -0.0024264220956916791 252236.50000000003 29014564.096500006 243059.00000000003 0.0099999999999999551 0.47737687714961941
decision_type=2 2 2 2 2 2 2 2 2 2 2 2 2 2
left_child=2 5 11 4 -4 9 -7 13 -9 -2 -5 12 -1 -3
right_child=1 7 3 10 -6 6 -8 8 -10 -11 -12 -13 -14 -15
leaf_value=-0.02292378601112673 -0.0049311799014174632 0.042699745098754682 0.02266098846963913 -0.038982289601590871 0.00011662992200283317 0.013973841777600542 0.05540513809146206 0.039855278181824112 0.020288038484371253 0.015333505242464022 -0.0093652045766345719 -0.03976960745011441 0.01275079886400011 0.058757578697957245
leaf_weight=32.112875744700432 86.74520905315876 6.8606972694396964 40.642903879284859 13.22629454731941 192.00301240384579 156.08865086734295 9.7410915344953519 37.487776041030884 591.69466215372086 40.657697275280952 81.560687497258186 15.182607576251028 6.7597130537033072 9.0344421565532667
leaf_count=142 304 17 132 62 711 496 25 96 1745 127 324 71 26 20
internal_value=0.0118571 0.0183721 -0.00416733 -0.00102623 0.0040551 0.00994614 0.0164076 0.0222023 0.0214539 0.00153583 -0.0134979 -0.0231941 -0.0167202 0.0518267
internal_weight=1319.8 938.31 381.488 327.433 232.646 293.233 165.83 645.078 629.182 127.403 94.787 54.0552 38.8726 15.8951
internal_count=4298 2830 1468 1229 843 952 521 1878 1841 431 386 239 168 37
is_linear=0
shrinkage=0.03


Tree=15
num_leaves=15
num_cat=0
split_feature=29 29 23 29 7 22 28 28 26 20 26 24 3 8
split_gain=143.585 32.2564 27.6089 19.1902 19.6806 17.5575 17.2826 15.7639 14.8101 9.79137 10.1948 9.68801 9.14739 7.88363
threshold=0.036353157550292066 0.056201749382250719 9.8175971862969131 0.028908263013382379 1573517.6110000003 120030679.74500002 0.0032202013241880842 -0.001385110550689778 -0.0024080699903713879 -0.057229331181924067 0.003018696061306858 0.5092921718446789 0.32645795777850511 0.0059734567486824609
decision_type=2 2 2 2 2 2 2 2 2 2 2 2 2 2
left_child=2 5 3 7 -5 6 -2 -1 -7 11 -11 -3 -4 -14
right_child=1 9 12 4 -6 8 -8 -9 -10 10 -12 -13 13 -15
leaf_value=0.0017946982432036826 0.0054498980987888468 0.030749554038731849 -0.012513021934559788 -0.023270046879325913 0.0046040741184078266 0.0046420209407788621 0.043995739365816564 -0.018897840050058411 0.022336729330456662 0.027346186964959576 0.015746235970872272 -0.0054339500510215662 0.04685192778769641 0.010554457569929392
leaf_weight=44.840804308652878 245.52199396491051 10.153283417224886 4.8572170734405544 26.738010331988335 154.67022423446178 54.987907707691193 10.935026898980139 126.92034500837326 188.52143704891205 324.32354885339737 86.340802758932114 19.355012640357018 13.954168528318407 8.7700106203556043
leaf_count=169 813 28 19 117 556 178 30 545 561 899 256 65 34 28
internal_value=0.011491 0.0177856 -0.00405137 -0.00630895 0.000495669 0.0125716 0.00709345 -0.0134957 0.018341 0.0237079 0.0249073 0.00701615 0.024856 0.0328435
internal_weight=1320.89 940.139 380.751 353.169 181.408 499.966 256.457 171.761 243.509 440.173 410.664 29.5083 27.5814 22.7242
internal_count=4298 2830 1468 1387 673 1582 843 714 739 1248 1155 93 81 62
is_linear=0
shrinkage=0.03


Tree=16
num_leaves=14
num_cat=0
split_feature=29 29 23 1 7 26 6 4 28 26 26 12 27
split_gain=134.966 41.0404 33.1848 25.5602 18.0488 16.0809 19.7134 14.8168 13.8377 15.1121 10.1315 5.94887 6.66054
threshold=0.032632015489152948 0.047200015514282039 9.8175971862969131 0.020783221828057665 166997473.95300004 0.00055278881964603173 5211387.0000000009 82.500000000000014 -0.0031090121984301382 -0.0024080699903713879 0.003804038223626691 -0.0045994755431058845 -0.0013512725208489646
decision_type=2 2 2 2 2 2 2 2 2 2 2 2 2
left_child=2 3 5 10 -5 7 -7 -1 -3 -10 -2 12 -4
right_child=1 8 11 4 -6 6 -8 -9 9 -11 -12 -13 -14
leaf_value=0.0072413213414796607 -0.0074495784465746558 0.052623806399171261 0.026088837055244774 0.0076972471809570635 0.025240052143255965 -0.020881728657155423 0.045445017836899727 -0.011664936335397755 0.010868499991587607 0.022479067826900685 -0.049084381393888446 0.044917403571606528 -0.01604508926457256
leaf_weight=65.117593258619308 37.027607128024101 12.074142485857008 12.784793838858606 266.01645605266094 65.84841188788414 110.48893386125565 4.185769483447074 87.350389629602432 125.4476765692234 515.44942893087864 6.1312507987022391 9.0862839221954328 4.5885855406522777
leaf_count=241 135 28 37 884 196 482 13 349 384 1483 26 23 17
internal_value=0.0111397 0.0162632 -0.00679943 0.00835367 0.0111781 -0.00997361 -0.0184607 -0.00359026 0.0208059 0.0202064 -0.0133643 0.0252478 0.0149606
internal_weight=1321.6 1027.99 293.602 375.024 331.865 267.143 114.675 152.468 652.971 640.897 43.1589 26.4597 17.3734
internal_count=4298 3136 1162 1241 1080 1085 495 590 1895 1867 161 77 54
is_linear=0
shrinkage=0.03


Tree=17
num_leaves=15
num_cat=0
split_feature=29 29 23 1 27 26 6 4 28 26 26 15 20 24
split_gain=126.691 38.5399 31.2548 24.0285 15.9149 15.3287 18.5283 13.9788 13.5071 24.8613 23.9534 9.84345 5.88587 7.55544
threshold=0.032632015489152948 0.047200015514282039 9.8175971862969131 0.020783221828057665 0.0083396290988792272 0.00055278881964603173 5211387.0000000009 82.500000000000014 -0.00058009564634078675 -0.0022539005009596831 -0.0024080699903713879 -0.0029951348677248117 -0.014011219419204262 0.53565753270477356
decision_type=2 2 2 2 2 2 2 2 2 2 2 2 2 2
left_child=2 3 5 11 -5 7 -7 -1 10 -10 -3 -2 13 -4
right_child=1 8 12 4 -6 6 -8 -9 9 -11 -12 -13 -14 -15
leaf_value=0.0070074445810266468 -0.041741138040338174 0.017194797148946461 -0.0087110651533455329 0.0065188258762392485 0.02083373418568801 -0.020421233246090544 0.043456530345189544 -0.011359216789015875 -0.034651774495896487 0.017944489925816275 0.036380446686137984 -0.0058398554248803823 0.038841508259069173 0.036726067389186247
leaf_weight=65.269832447171211 8.58751632273197 129.38551416993141 7.7655237913131732 232.60970732569695 99.926038652658463 109.6045586168766 4.2450454533100119 87.015423983335495 8.2513223290443403 409.37610475718975 107.0039536356926 34.434284940361977 13.016053482890127 5.71958227455616
leaf_count=241 36 381 28 775 305 482 13 349 31 1202 281 125 34 15
internal_value=0.0107997 0.0157505 -0.00661868 0.00809099 0.0108204 -0.00971251 -0.0180395 -0.00348722 0.0201489 0.0169053 0.0258794 -0.0130061 0.0244508 0.0105607
internal_weight=1322.21 1029.57 292.636 375.558 332.536 266.135 113.85 152.285 654.017 417.627 236.389 43.0218 26.5012 13.4851
internal_count=4298 3136 1162 1241 1080 1085 495 590 1895 1233 662 161 77 43
is_linear=0
shrinkage=0.03


Tree=18
num_leaves=15
num_cat=0
split_feature=29 29 23 1 25 1 26 27 28 26 20 24 0 3
split_gain=118.952 36.215 29.4531 22.5918 15.0559 15.0323 16.6454 14.8837 14.6374 9.73319 5.51157 7.10094 3.07126 1.1393
threshold=0.032632015489152948 0.047200015514282039 9.8175971862969131 0.020783221828057665 -0.001013258929688022 0.0847174947935595 0.00055278881964603173 0.0083396290988792272 -0.0024264220956916791 0.003804038223626691 -0.014011219419204262 0.53565753270477356 -0.00046831323123524996 0.51751249360410789
decision_type=2 2 2 2 2 2 2 2 2 2 2 2 2 2
left_child=2 3 5 9 13 6 -1 -5 -6 -2 11 -4 -12 -3
right_child=1 4 10 7 8 -7 -8 -9 -10 -11 12 -13 -14 -15
leaf_value=-0.0041846692783992405 -0.0068715414095487214 0.039217707747347924 -0.0084644925386557473 0.0063151140587800981 0.036859263553296967 0.029579029142257511 -0.019639217152783554 0.020139553187237418 0.017661546916935493 -0.047957547763783678 0.020761373481652631 0.035588260420107508 0.050190894439653598 0.055479771844832472
leaf_weight=147.2988313883543 36.840337187051773 6.8301603049039832 7.7521886229515093 232.90521439909935 38.004374921321869 8.5901576876640302 109.23852631449699 100.26393872499466 601.07096546888351 6.0401218235492697 5.5754395723342896 5.7252741605043411 7.4640607386827451 8.9684736728668195
leaf_count=574 135 17 28 775 97 28 483 305 1761 26 16 15 18 20
internal_value=0.0104722 0.0152575 -0.0064433 0.00783746 0.0195184 -0.00945835 -0.0107655 0.0104754 0.0188032 -0.0126589 0.0237024 0.0102493 0.0376074 0.0484493
internal_weight=1322.57 1030.92 291.644 376.05 654.874 265.128 256.537 333.169 639.075 42.8805 26.517 13.4775 13.0395 15.7986
internal_count=4298 3136 1162 1241 1895 1085 1057 1080 1858 161 77 43 34 37
is_linear=0
shrinkage=0.03


Tree=19
num_leaves=15
num_cat=0
split_feature=29 18 18 29 29 25 7 29 12 20 28 26 25 25
split_gain=111.792 28.7302 22.6979 28.5971 23.2027 21.8385 21.0147 20.9564 18.3586 15.5204 18.6505 14.3859 9.26512 8.65129
threshold=0.036590279387962693 0.014013227980310053 0.0059027295411619423 0.020007434860058581 0.027089196092937178 -0.00034703461401847021 290774677.07400006 0.019982888506241938 -0.0032903264416849821 0.0061590715976189399 0.0012991353911046843 -0.00060590244353727664 -0.00045651181314955007 -0.001013258929688022
decision_type=2 2 2 2 2 2 2 2 2 2 2 2 2 2
left_child=2 5 8 7 -5 13 -7 -4 11 10 -3 -1 -11 -2
right_child=1 9 3 4 -6 6 -8 -9 -10 12 -12 -13 -14 -15
leaf_value=0.010880705927849838 0.046172294867556557 0.021591620923838296 -0.01544187460398002 -0.019714165369344096 0.0016708034689411743 0.0045083750610344902 0.027345880745503998 0.034020673280753422 -0.034754568800277809 -0.0050519839603015817 0.0067304245113564993 -0.020024279540991927 0.032744573101235457 0.02004088886133085
leaf_weight=24.318350344896317 14.464233890175818 298.88751247525215 9.9734676629304868 60.034613564610481 190.7487765699625 321.65753130614758 40.871091648936272 33.955807343125343 32.6334448158741 6.1893526911735526 101.91848041117191 30.629516959190369 102.52922381460667 53.866205841302872
leaf_count=90 35 854 44 257 709 1041 115 97 152 20 316 136 275 157
internal_value=0.0101567 0.0157176 -0.00352224 0.000462694 -0.00344851 0.0100153 0.00708305 0.022791 -0.0169316 0.0205396 0.0178127 -0.00634662 0.0305928 0.0255724
internal_weight=1322.68 940.384 382.294 294.713 250.783 430.859 362.529 43.9293 87.5813 509.525 400.806 54.9479 108.719 68.3304
internal_count=4298 2813 1485 1107 966 1348 1156 141 378 1465 1170 226 295 192
is_linear=0
shrinkage=0.03


Tree=20
num_leaves=15
num_cat=0
split_feature=29 18 23 6 14 26 8 12 26 6 4 28 12 10
split_gain=105.624 33.2731 26.1492 26.1175 19.9638 14.6697 13.9539 13.9639 13.5626 17.3397 13.0559 12.3664 5.13516 7.44735
threshold=0.032632015489152948 0.014013227980310053 9.8175971862969131 207538.50000000003 0.91033037867750688 -0.0038046147770494977 -0.018693763596894473 -0.012082017437129925 0.00055278881964603173 5211387.0000000009 82.500000000000014 0.0010062786777216321 -0.0045994755431058845 -0.0032009852216749305
decision_type=2 2 2 2 2 2 2 2 2 2 2 2 2 2
left_child=2 3 8 4 -2 -5 11 -8 10 -10 -1 -3 13 -4
right_child=1 6 12 5 -6 -7 7 -9 9 -11 -12 -13 -14 -15
leaf_value=0.0069542248286153406 0.0062883210218576775 0.013629501670621493 0.024861789411329632 -0.012885726049444445 -0.017974407896031275 0.020439328293177308 0.016131309364424817 0.026318957438405913 -0.019310154828229148 0.042287744350482166 -0.010824239560184388 -0.020761742951661957 0.040485408980202739 -0.0189225991003685
leaf_weight=65.268709227442741 289.98814605176449 32.960541307926178 12.576129183173181 12.810717970132826 34.111760094761848 165.11106257140636 249.3836904168129 235.37482969462872 107.35600897669792 4.2767925262451163 86.371252745389938 13.169901728630064 9.1103682518005353 4.8425488770008114
leaf_count=241 949 99 36 44 125 483 733 656 482 13 349 47 23 18
internal_value=0.00985116 0.0143416 -0.00615368 0.00880457 0.00373465 0.0180399 0.0195776 0.0210779 -0.00901428 -0.0169503 -0.00317205 0.00381105 0.0222348 0.0126893
internal_weight=1322.71 1032.91 289.802 502.022 324.1 177.922 530.889 484.759 263.273 111.633 151.64 46.1304 26.529 17.4187
internal_count=4298 3136 1162 1601 1074 527 1535 1389 1085 495 590 146 77 54
is_linear=0
shrinkage=0.03


Tree=21
num_leaves=14
num_cat=0
split_feature=29 18 22 15 25 28 3 26 22 25 24 17 3
split_gain=100.599 36.6168 23.7426 21.2754 14.0651 13.9273 15.2445 15.2189 12.0372 11.7309 9.82479 9.496 1.11943
threshold=0.047200015514282039 0.012828817782211292 15842760.557000002 0.0032986398555330918 -0.001013258929688022 -0.0024264220956916791 0.89026517349213685 -0.0024080699903713879 163459820.64550003 1.6207927081612504e-05 0.40201881932164368 -0.0073556761016950823 0.51751249360410789
decision_type=2 2 2 2 2 2 2 2 2 2 2 2 2
left_child=1 2 9 -4 12 6 -6 -7 10 -1 -3 -10 -2
right_child=4 8 3 -5 5 7 -8 -9 11 -11 -12 -13 -14
leaf_value=-0.0048597072730237976 0.036820701101512185 0.024346936350252802 -0.0054119811144480636 0.008838793506885996 0.042078342703339926 0.0059042648336948677 -0.015095246452703511 0.018326043148819932 0.0060603068119867865 -0.032328401007838153 0.00044085417149684891 0.026961992305753604 0.053014222478508934
leaf_weight=23.699755474925041 6.7809327393770209 19.330770492553711 278.17124485969543 142.62825374305248 33.134025901556015 108.18923257291317 4.8060545623302451 494.50235567986965 28.489675909280777 34.162453219294548 77.510107934474945 62.428822934627533 8.8645410537719709
leaf_count=99 17 59 1045 498 81 335 16 1426 92 158 271 181 20
internal_value=0.0095552 0.00134493 -0.00305934 -0.00058174 0.0178924 0.017206 0.0348359 0.0160962 0.0125729 -0.0210775 0.00521284 0.0204124 0.0459958
internal_weight=1322.7 666.421 478.662 420.799 656.277 640.632 37.9401 602.692 187.759 57.8622 96.8409 90.9185 15.6455
internal_count=4298 2403 1800 1543 1895 1858 97 1761 603 257 330 273 37
is_linear=0
shrinkage=0.03


Tree=22
num_leaves=15
num_cat=0
split_feature=18 22 28 26 25 28 28 28 27 25 26 26 28 5
split_gain=82.4448 36.5687 18.9757 16.9706 14.987 14.2074 14.1949 32.1008 16.2007 12.6046 12.0277 24.0936 15.0909 11.6243
threshold=0.012684160191724284 33376924.527500004 -0.00019429266000654141 -0.0030471048350404172 -0.001013258929688022 -0.0025031009171439999 0.0012652845293654551 0.0015608548697912772 -0.0090387286217165404 -0.00013553651067079432 -0.0024080699903713879 -0.0027316209887718415 -0.0010923597936560966 0.0075586121114574372
decision_type=2 2 2 2 2 2 2 2 2 2 2 2 2 2
left_child=1 2 3 -1 -3 -6 10 13 -9 -4 11 -2 -12 -8
right_child=6 4 9 -5 5 -7 7 8 -10 -11 12 -13 -14 -15
leaf_value=-0.018799664975240913 0.0172016675915205 0.040330458762587569 0.002367037702592314 0.011242072748778574 0.027237835895351607 0.0039070257458253673 -0.022044077129402418 -0.0036795613774947343 0.021164657642774094 -0.024239126675653658 0.038458287976010981 -0.017559197183451912 0.020000697459467181 0.016480687948800463
leaf_weight=25.44958707690239 126.97591716051102 11.155698746442793 20.157713875174522 50.515245869755745 24.807973578572273 442.42883571982384 32.361824080348015 29.477776035666466 118.92604866623878 78.172529011964798 46.323946252465248 20.899585962295532 285.99457794427872 9.0120058059692365
leaf_count=104 375 29 75 177 72 1520 118 98 345 340 118 74 826 27
internal_value=0.00926852 0.00168004 -0.0100844 0.00117755 0.00596625 0.00514578 0.0166612 0.00971506 0.0162298 -0.0187849 0.0194064 0.0122888 0.0225736 -0.0136527
internal_weight=1322.66 652.688 174.295 75.9648 478.393 467.237 669.972 189.778 148.404 98.3302 480.194 147.876 332.319 41.3738
internal_count=4298 2317 696 281 1621 1592 1981 588 443 415 1393 449 944 145
is_linear=0
shrinkage=0.03


Tree=23
num_leaves=14
num_cat=0
split_feature=29 29 23 1 21 25 1 26 15 17 28 12 10
split_gain=92.3124 29.1586 23.4765 20.5704 17.2694 17.1096 13.5543 14.5085 9.22462 11.0889 9.63952 4.8297 6.89644
threshold=0.032632015489152948 0.056201749382250719 9.8175971862969131 0.020783221828057665 222160.50000000003 -0.00013553651067079432 0.0847174947935595 0.00055278881964603173 -0.020937943241840212 -0.020814017533112284 -0.00082197595734019905 -0.0045994755431058845 -0.0032009852216749305
decision_type=2 2 2 2 2 2 2 2 2 2 2 2 2
left_child=2 3 6 4 -2 -5 7 -1 9 -3 -10 12 -4
right_child=1 8 11 5 -6 -7 -8 -9 10 -11 -12 -13 -14
leaf_value=-0.003880486917439389 -0.026844750330461749 -0.037615151231502025 0.023325525531868625 0.018935953137153294 0.0057102078242910904 0.007189709018037514 0.028133503345724179 -0.018423972016937105 0.026374822992787848 0.020313173906467544 0.016692611143047372 0.038600856567761431 -0.018819234087347991
leaf_weight=146.58550842106342 25.013682320713997 5.6293856203556061 12.592507526278498 159.3295174241066 35.447324380278587 372.59958675503731 8.673771992325781 106.64997225999832 134.79606275260448 6.3051342815160734 295.24273325502872 9.0931852608919126 4.8366436362266567
leaf_count=574 99 21 36 474 118 1197 28 483 364 18 845 23 18
internal_value=0.00898913 0.0131741 -0.00601878 0.00882335 -0.0077583 0.0107081 -0.0087424 -0.0100055 0.0190055 -0.007011 0.0197275 0.0208771 0.0116302
internal_weight=1322.8 1034.36 288.432 592.39 60.461 531.929 261.909 253.235 441.973 11.9345 430.039 26.5223 17.4292
internal_count=4298 3136 1162 1888 217 1671 1085 1057 1248 39 1209 77 54
is_linear=0
shrinkage=0.03


Tree=24
num_leaves=14
num_cat=0
split_feature=29 18 22 15 25 25 25 22 25 7 5 24 3
split_gain=86.9201 31.2915 21.3529 20.0109 13.0752 12.2638 20.8166 15.7543 11.1196 11.1089 13.4586 11.2542 1.11182
threshold=0.047200015514282039 0.012828817782211292 15842760.557000002 0.0032986398555330918 -0.001013258929688022 -0.00045651181314955007 -0.00038043631396730772 116607881.50450002 1.6207927081612504e-05 190825770.82300001 0.0073050167974399319 0.43540310024146472 0.51751249360410789
decision_type=2 2 2 2 2 2 2 2 2 2 2 2 2
left_child=1 2 8 -4 12 7 -7 -6 -1 11 -11 -3 -2
right_child=4 9 3 -5 5 6 -8 -9 -10 10 -12 -13 -14
leaf_value=-0.0044555399609492253 0.034574152902524358 0.021087029565127074 -0.0053618688430240894 0.0084574776350097927 0.025475179609792245 0.040375284761842427 0.015438363437458765 -0.019394822807651858 -0.031383319292858702 0.016115812381891543 0.056735662496980123 0.0021982118048228714 0.050824635009547287
leaf_weight=23.533461630344391 6.6991082280874243 39.013328284025192 277.58849701285362 142.82774588465691 11.162136673927309 31.781546801328659 578.97831432521343 19.082065746188164 33.374731048941612 36.017674401402473 9.2204858362674695 104.2455833107233 8.7233046591281873
leaf_count=99 17 119 1045 498 31 79 1683 65 158 109 22 353 20
internal_value=0.00872274 0.00108545 -0.00300151 -0.000667031 0.0164693 0.0158126 0.016736 -0.00283479 -0.0202478 0.0114347 0.024395 0.00734215 0.0437658
internal_weight=1322.25 665.822 477.324 420.416 656.426 641.004 610.76 30.2442 56.9082 188.497 45.2382 143.259 15.4224
internal_count=4298 2403 1800 1543 1895 1858 1762 96 257 603 131 472 37
is_linear=0
shrinkage=0.03


Tree=25
num_leaves=15
num_cat=0
split_feature=18 22 28 26 25 28 8 28 1 25 25 25 6 15
split_gain=70.4186 32.3813 17.6634 15.9268 13.552 13.4484 13.199 14.164 15.548 13.348 21.7168 11.6299 8.76878 2.90833
threshold=0.012684160191724284 33376924.527500004 -0.00019429266000654141 -0.0030471048350404172 -0.001013258929688022 0.0032202013241880842 -0.018693763596894473 0.0012991353911046843 0.044995476550053724 0.00091992996561157724 0.00073185741853035505 -0.00013553651067079432 519568.50000000006 -0.0083000812445624475
decision_type=2 2 2 2 2 2 2 2 2 2 2 2 2 2
left_child=1 2 3 -1 -3 -6 7 8 -2 10 -8 -4 -9 -11
right_child=6 4 11 -5 5 -7 9 12 -10 13 -12 -13 -14 -15
leaf_value=-0.018309058380797594 -0.031297376890711444 0.038242072249616829 0.0021523152625590788 0.010872284738860554 0.0038826653362120148 0.037132397130479534 0.016567341885831671 -0.00025080737921801883 0.018666173776716692 0.0287075883109776 -0.031164630127234808 -0.023473861008523812 -0.046615658532890562 0.056736375207509702
leaf_weight=25.230230987071991 6.7190711796283713 11.085166454315184 20.10215725004673 50.575569078326225 456.22357259690762 11.217231646180151 592.67980705201626 7.1684846282005292 33.820591568946838 5.5287391096353522 8.7046754360198957 76.953977718949318 7.5248251706361771 8.3846348822116834
leaf_count=104 25 29 75 177 1558 34 1737 24 99 15 32 340 30 19
internal_value=0.00846294 0.00143785 -0.00969103 0.00115994 0.00545802 0.00468056 0.0152875 0.0012391 0.0103852 0.0165485 0.0158765 -0.0181662 -0.0239955 0.0455986
internal_weight=1321.92 651.388 172.862 75.8058 478.526 467.441 670.531 55.233 40.5397 615.298 601.384 97.0561 14.6933 13.9134
internal_count=4298 2317 696 281 1621 1592 1981 178 124 1803 1769 415 54 34
is_linear=0
shrinkage=0.03


Tree=26
num_leaves=14
num_cat=0
split_feature=18 22 18 10 8 26 25 23 25 15 26 24 24
split_gain=66.2011 30.5249 13.203 12.9467 13.5876 13.6558 13.0557 12.8319 19.002 17.4095 11.8117 8.28803 1.30577
threshold=0.012684160191724284 33376924.527500004 0.0050126481923923336 0.05366446396704249 -0.018693763596894473 0.0025108590715242985 0.00091992996561157724 1.1906928769105569 -0.00011775243431594598 0.00079364935497081045 0.0016582779523275667 0.29977724478403017 0.69462539367134823
decision_type=2 2 2 2 2 2 2 2 2 2 2 2 2
left_child=1 2 11 4 5 -2 -6 8 -3 -9 -4 -1 -5
right_child=3 7 10 12 6 -7 -8 9 -10 -11 -12 -13 -14
leaf_value=-0.0040018096906944065 0.0064527110716353338 0.02345614317494276 0.00056843659587807905 0.034126214846006628 0.014841113204553639 -0.034551315260524441 0.044247011412929166 -0.0079521448230490746 0.0048315229305525304 0.008292918700480597 -0.018075401022282323 -0.036896573217757751 0.053396329052631711
leaf_weight=9.9766080379486066 44.136346653103828 69.072991460561752 94.781380444765091 5.7555947303771955 591.17785745859146 8.7607397735118848 13.90828678011894 116.30382713675499 172.24672071635723 121.29147754609585 45.152858793735504 22.306739062070847 7.0305522680282593
leaf_count=44 138 204 351 15 1744 34 34 431 575 411 189 112 16
internal_value=0.00820879 0.00139472 -0.00943716 0.0148234 0.0142424 -0.000338317 0.015517 0.00528986 0.0101625 0.000340897 -0.00544741 -0.026731 0.044722
internal_weight=1321.9 651.133 172.218 670.769 657.983 52.8971 605.086 478.915 241.32 237.595 139.934 32.2833 12.7861
internal_count=4298 2317 696 1981 1950 172 1778 1621 779 842 540 156 31
is_linear=0
shrinkage=0.03


Tree=27
num_leaves=15
num_cat=0
split_feature=29 29 29 29 1 12 29 21 18 4 26 12 18 26
split_gain=78.2635 24.559 22.2546 44.5999 18.6659 16.5044 19.5574 15.8506 15.3337 13.6102 8.97054 8.87064 10.6253 8.79036
threshold=0.032632015489152948 0.056201749382250719 0.020007434860058581 0.019982888506241938 0.020783221828057665 -0.0032903264416849821 0.027320112613435341 239703.50000000003 0.004700658756093515 262.50000000000006 0.003018696061306858 -0.037014767438220721 0.023540632980020765 0.0026674999164710386
decision_type=2 2 2 2 2 2 2 2 2 2 2 2 2 2
left_child=2 4 3 10 7 6 -4 -2 -6 -5 -1 12 -3 -13
right_child=1 11 5 9 8 -7 -8 -9 -10 -11 -12 13 -14 -15
leaf_value=-0.030670724802190984 -0.025532926557962198 0.017748652495452922 -0.018034879228989498 0.039165722907196422 -0.047661060281830189 -0.024412032676743137 0.0027961697142425824 0.0054736078612935783 0.010065330629935587 -0.0065176256730434699 0.014567747584588219 0.020858312516424508 -0.014997151726904995 0.010373669256965761
leaf_weight=19.581217303872112 26.214124009013176 19.658485472202301 68.035912439227104 30.55116593837738 4.174004688858985 56.020213320851326 100.45373569428921 34.192614957690239 529.13806965947151 7.265125483274459 4.9402947574853888 311.55682729184628 16.323211461305618 93.586490914225578
leaf_count=95 104 56 298 83 18 249 388 113 1653 27 22 862 55 275
internal_value=0.00796347 0.0118069 -0.00590242 0.00995553 0.00782331 -0.0103056 -0.00561538 -0.007982 0.00961353 0.0303892 -0.0215566 0.0171686 0.00289341 0.0184364
internal_weight=1321.69 1034.84 286.848 62.3378 593.719 224.51 168.49 60.4067 533.312 37.8163 24.5215 441.125 35.9817 405.143
internal_count=4298 3136 1162 227 1888 935 686 217 1671 110 117 1248 111 1137
is_linear=0
shrinkage=0.03


Tree=28
num_leaves=15
num_cat=0
split_feature=29 29 29 29 28 25 12 29 4 1 20 25 28 25
split_gain=73.6188 23.1998 21.0135 41.9935 20.1911 16.6795 15.7726 18.5607 12.7746 8.49443 8.46856 7.1922 7.03834 6.61984
threshold=0.032632015489152948 0.056201749382250719 0.020007434860058581 0.019982888506241938 -0.0025031009171439999 -0.00014680805425697666 -0.0032903264416849821 0.027464563912349551 237.50000000000003 0.04642427651113893 -0.057229331181924067 -0.001013258929688022 0.0019288080699611662 0.00021773358020248402
decision_type=2 2 2 2 2 2 2 2 2 2 2 2 2 2
left_child=2 4 3 12 -2 -6 7 -4 -5 -8 13 -12 -1 -3
right_child=1 10 6 8 5 -7 9 -9 -10 -11 11 -13 -14 -15
leaf_value=-0.029863898999725188 0.031951222813823045 0.014236889602133793 -0.017186984772711883 0.038368571847994387 0.014497050663907014 0.0030756777049586975 -0.027336756318961753 0.0030132525854235778 -0.0044747995317298899 0.016229092711199457 0.042154742220232556 0.017140989273312153 0.0086900391225977845 -0.014129889663514262
leaf_weight=18.777811542153362 29.104031547904015 16.148482248187069 70.51642794907093 29.97528463602066 160.89454799890518 404.10667979717255 51.128604739904404 97.596684157848358 7.918109953403472 4.3724177926778784 10.619816228747366 400.3276192098856 5.5127397924661627 13.673211067914961
leaf_count=92 79 47 310 81 485 1324 233 376 29 16 26 1129 25 46
internal_value=0.00773007 0.0114523 -0.00574814 0.00967781 0.00758335 0.00632812 -0.0100379 -0.0054599 0.0294161 -0.0239046 0.0166672 0.0177874 -0.0211141 0.00123075
internal_weight=1320.67 1034.87 285.798 62.1839 594.105 565.001 223.614 168.113 37.8934 55.501 440.769 410.947 24.2906 29.8217
internal_count=4298 3136 1162 227 1888 1809 935 686 110 249 1248 1155 117 93
is_linear=0
shrinkage=0.03


Tree=29
num_leaves=15
num_cat=0
split_feature=29 29 29 29 28 25 12 29 4 26 15 17 28 1
split_gain=69.259 21.9274 19.8449 39.5562 18.9884 15.6656 15.082 17.6349 11.9807 8.44995 8.22107 10.3342 8.99182 8.10425
threshold=0.032632015489152948 0.056201749382250719 0.020007434860058581 0.019982888506241938 -0.0025031009171439999 -0.00014680805425697666 -0.0032903264416849821 0.027320112613435341 262.50000000000006 0.003018696061306858 -0.020937943241840212 -0.020814017533112284 -0.00082197595734019905 0.04642427651113893
decision_type=2 2 2 2 2 2 2 2 2 2 2 2 2 2
left_child=2 4 3 9 -2 -6 7 -4 -5 -1 11 -3 -12 -8
right_child=1 10 6 8 5 -7 13 -9 -10 -11 12 -13 -14 -15
leaf_value=-0.029746286765397843 0.030975930568923702 -0.03793154727286175 -0.017220282007786688 0.036677894687053569 0.014045734827822941 0.0029821303595621179 -0.026810908760010948 0.0026348305007537123 -0.0062022240159520185 0.014191101530594656 0.02331108087944023 0.017983672170406959 0.013936079012047639 0.015659832420780465
leaf_weight=19.09607827663422 29.119498670101166 5.6270825415849686 67.107920125126839 30.703905448317528 161.07955434918404 404.27707375586033 50.575887024402618 100.63111606240273 7.2487264126539221 4.9632674008607855 133.97698786854744 6.3114377260208112 294.4115172624588 4.3950680792331687
leaf_count=95 79 21 298 83 485 1324 233 388 27 22 364 18 845 16
internal_value=0.00750437 0.0111096 -0.00559858 0.00941098 0.00735116 0.00613434 -0.00977788 -0.00530867 0.028488 -0.0206823 0.0161838 -0.00837132 0.0168681 -0.0234153
internal_weight=1319.53 1034.8 284.722 62.012 594.476 565.357 222.71 167.739 37.9526 24.0593 440.327 11.9385 428.389 54.971
internal_count=4298 3136 1162 227 1888 1809 935 686 110 117 1248 39 1209 249
is_linear=0
shrinkage=0.03


Tree=30
num_leaves=13
num_cat=0
split_feature=29 22 18 15 6 25 25 14 25 18 25 3
split_gain=65.874 25.1906 17.8552 13.8827 13.1261 12.0771 11.7983 19.9358 19.1647 9.37562 8.02509 1.11751
threshold=0.047200015514282039 15842760.557000002 0.014633219206151229 0.0032986398555330918 574046.50000000012 -0.001013258929688022 -0.00045651181314955007 0.77444965697961787 -0.00038043631396730772 0.011584303185629394 1.6207927081612504e-05 0.51751249360410789
decision_type=2 2 2 2 2 2 2 2 2 2 2 2
left_child=1 9 3 -3 -4 11 7 -7 -8 10 -1 -2
right_child=5 2 4 -5 -6 6 8 -9 -10 -11 -12 -13
leaf_value=-0.0075582172769485118 0.031374009290657534 -0.0041176211103015736 0.0057803315841988522 0.0067457253619574806 0.025912367337612433 0.0092950023743454454 0.037099828300541676 -0.046730340750860758 0.013078626711253561 0.027988688376909564 -0.031431058689201909 0.047916750401738116
leaf_weight=21.25053608417511 6.5212233066558829 308.07046994566917 95.911965042352676 161.31186033785343 41.872789859771729 22.604766294360164 31.521783247590065 7.6509500741958609 578.12660501897335 3.639972284436225 31.397759079933167 8.4210278093814832
leaf_count=93 17 1149 315 560 118 67 79 29 1683 12 156 20
internal_value=0.00728567 0.000623209 0.00240308 -0.000384233 0.0118985 0.0140357 0.0134132 -0.00487247 0.0143206 -0.0185759 -0.0217952 0.040697
internal_weight=1318.3 663.455 607.167 469.382 137.785 654.846 639.904 30.2557 609.648 56.2883 52.6483 14.9423
internal_count=4298 2403 2142 1709 433 1895 1858 96 1762 261 249 37
is_linear=0
shrinkage=0.03


Tree=31
num_leaves=15
num_cat=0
split_feature=18 7 28 28 9 28 28 20 26 24 28 5 0 20
split_gain=52.3475 22.9496 23.0383 32.331 21.0558 12.3103 29.2145 15.4991 11.3924 22.2921 12.9187 10.9061 7.2527 8.02541
threshold=0.012684160191724284 1019230.4320000003 0.0017948943495153769 0.0032202013241880842 1.4532530813411066 0.0012652845293654551 0.0015608548697912772 -0.0055500106731180112 -0.0024080699903713879 0.36558829932660875 -0.0010923597936560966 0.0075586121114574372 -0.0035091637120188896 0.013440694691737356
decision_type=2 2 2 2 2 2 2 2 2 2 2 2 2 2
left_child=1 12 4 -4 -3 8 11 -8 9 -2 -10 -7 -1 -14
right_child=5 2 3 -5 -6 6 7 -9 10 -11 -12 -13 13 -15
leaf_value=-0.043257181550740674 0.037290373182940255 0.010902196090984041 -0.019504414035908822 0.030103450185451099 -0.0014309637036516319 -0.02388808002198502 0.003810551411989303 0.023258827068979273 0.033425478367533512 0.003869975378052351 0.01623880020652884 0.01337164948721745 -0.0081162083865195106 -0.043895705978766034
leaf_weight=8.0763022750616056 20.920182630419731 271.91486699879169 72.961811304092407 14.110580682754515 229.93676860630512 32.438939049839973 80.613945141434669 67.978845104575157 45.648642331361771 127.05932825803757 285.81345367431641 9.0406340956687909 44.461991459131241 6.462132826447486
leaf_count=40 54 875 295 44 837 118 254 189 118 395 826 27 195 31
internal_value=0.00707165 0.000992796 0.00277988 -0.0114652 0.00525143 0.0129545 0.00649372 0.0127078 0.0155158 0.00859469 0.0186057 -0.0157672 -0.0168453 -0.0126565
internal_weight=1317.44 647.924 588.924 87.0724 501.852 669.514 190.072 148.593 479.442 147.98 331.462 41.4796 59.0004 50.9241
internal_count=4298 2317 2051 339 1712 1981 588 443 1393 449 944 145 266 226
is_linear=0
shrinkage=0.03


Tree=32
num_leaves=15
num_cat=0
split_feature=18 22 28 26 28 28 20 25 14 26 28 24 25 5
split_gain=49.2827 25.3006 15.6054 14.1765 11.5897 27.5074 14.5989 11.5573 12.1202 10.8594 20.8032 19.6738 10.4708 10.2874
threshold=0.012684160191724284 33376924.527500004 -0.00019429266000654141 -0.0030471048350404172 0.0012652845293654551 0.0015608548697912772 -0.0055500106731180112 -0.001013258929688022 0.97416171529708029 -0.0018928406198037023 -0.0010923597936560966 0.36558829932660875 -0.00013553651067079432 0.0075586121114574372
decision_type=2 2 2 2 2 2 2 2 2 2 2 2 2 2
left_child=1 2 3 -1 9 13 -7 -3 -9 11 -11 -2 -4 -6
right_child=4 7 12 -5 5 6 -8 8 -10 10 -12 -13 -14 -15
leaf_value=-0.017413551147852674 0.034416502940658344 0.035070340771685138 0.0022531729712644897 0.010334343920342466 -0.02322560749126416 0.003695642066123488 0.022572573943499666 0.0046081811491668675 -0.024596167707106129 0.042372875943379698 0.015869087187883772 0.0047790768249096364 -0.022241890675019547 0.01296541751751093
leaf_weight=24.675259992480278 23.424136802554131 10.874758303165434 19.886136621236801 50.455121248960495 32.364408388733864 80.626674979925156 67.944658860564232 453.80197869241238 13.16046494245529 29.438300788402557 281.76658011972904 144.57341046631336 74.717409685254097 9.0441224426031095
leaf_count=104 61 29 75 177 118 254 189 1540 52 72 814 446 340 27
internal_value=0.00686284 0.000962942 -0.00898649 0.00122103 0.0125722 0.00630188 0.0123284 0.00449711 0.00378511 0.0150581 0.0183762 0.00891147 -0.0170929 -0.0153211
internal_weight=1316.75 647.571 169.734 75.1304 669.182 189.98 148.571 477.837 466.962 479.202 311.205 167.998 94.6035 41.4085
internal_count=4298 2317 696 281 1981 588 443 1621 1592 1393 886 507 415 145
is_linear=0
shrinkage=0.03


Tree=33
num_leaves=15
num_cat=0
split_feature=29 28 29 29 29 22 12 29 4 8 26 7 4 27
split_gain=58.7608 19.9511 19.1262 18.3459 35.758 14.5446 14.2021 16.6776 10.9356 8.19181 8.17354 7.93401 2.94147 1.80917
threshold=0.032632015489152948 -0.0031090121984301382 0.056556520758638942 0.020007434860058581 0.019982888506241938 120030679.74500002 -0.0032903264416849821 0.027464563912349551 237.50000000000003 -0.018693763596894473 0.003018696061306858 111951962.05350001 152.50000000000003 -0.00089837294342999237
decision_type=2 2 2 2 2 2 2 2 2 2 2 2 2 2
left_child=3 12 5 4 10 -3 7 -5 -6 -4 -1 -8 -2 -14
right_child=1 2 9 6 8 -7 11 -9 -10 -11 -12 -13 13 -15
leaf_value=-0.029033645556614605 0.022205904141991851 0.0013549837512833159 -0.0012974472389053284 -0.016396846785075279 0.035342904055359586 0.010827288446339282 -0.029317821351105125 0.0028354380800098681 -0.0044150242644893358 0.015316007600143169 0.014323690733191626 -0.0025162455670798972 0.034093854600465705 0.05524060301043579
leaf_weight=18.657388985157016 6.8351088017225274 307.68639631569386 28.634747192263603 69.43449667096138 30.027580142021179 277.44551293551922 41.072363957762718 97.652181580662727 7.8552849590778342 397.75665327906609 4.9517217576503745 13.114779263734816 6.466755524277688 8.3331050574779493
leaf_count=95 19 1023 90 310 81 841 195 376 29 1127 22 54 17 19
internal_value=0.00666103 0.00997753 0.00936784 -0.00545666 0.00903883 0.00584636 -0.00948496 -0.00515673 0.0270988 0.0142003 -0.01994 -0.0228311 0.0384832 0.0460006
internal_weight=1315.92 1033.16 1011.52 282.766 61.492 585.132 221.274 167.087 37.8829 426.391 23.6091 54.1871 21.635 14.7999
internal_count=4298 3136 3081 1162 227 1864 935 686 110 1217 117 249 55 36
is_linear=0
shrinkage=0.03


Tree=34
num_leaves=15
num_cat=0
split_feature=29 25 18 6 29 29 12 29 20 4 26 10 22 13
split_gain=55.3061 19.2962 20.3033 19.8215 17.3284 33.7225 13.5803 15.8452 12.344 10.2771 7.82256 6.32204 2.94448 1.15536
threshold=0.032632015489152948 -0.001013258929688022 0.014013227980310053 207538.50000000003 0.020007434860058581 0.019982888506241938 -0.0032903264416849821 0.027320112613435341 0.0061590715976189399 237.50000000000003 0.003018696061306858 0.0059835857531297136 50623498.871500008 0.020134710771355872
decision_type=2 2 2 2 2 2 2 2 2 2 2 2 2 2
left_child=4 12 3 -3 5 10 7 -6 -4 -7 -1 -8 -2 -14
right_child=1 2 8 -5 6 9 11 -9 -10 -11 -12 -13 13 -15
leaf_value=-0.02856698931307455 0.018999890639341356 0.0001858506825502882 0.010781641315689029 0.012820350256321307 -0.01643126929362658 0.034266696720166342 -0.037966316087090064 0.0024779745521012748 0.022006494379285611 -0.0042861308490087999 0.01379762072511838 -0.015569190541409175 0.054137946581417899 0.037686176043746925
leaf_weight=18.397262021899227 5.523452207446101 314.17390650510788 411.53703381121159 173.45163071155548 66.053205713629723 30.041275456547737 16.282859981060028 100.66676434874535 112.21581187844276 7.8488646745681754 4.9857733696699134 37.3853819668293 6.5096158981323233 9.3741875141859037
leaf_count=95 16 1046 1211 515 298 81 83 388 309 29 22 166 15 24
internal_value=0.00646821 0.00968184 0.00908525 0.00468003 -0.00531538 0.00879686 -0.00923892 -0.00501373 0.0131866 0.0262806 -0.0195339 -0.0223644 0.0378675 0.0444286
internal_weight=1314.45 1032.79 1011.38 487.626 281.661 61.2732 220.388 166.72 523.753 37.8901 23.383 53.6682 21.4073 15.8838
internal_count=4298 3136 3081 1561 1162 227 935 686 1520 110 117 249 55 39
is_linear=0
shrinkage=0.03


Tree=35
num_leaves=15
num_cat=0
split_feature=29 22 15 28 18 26 28 11 26 20 18 0 9 12
split_gain=52.7486 21.1379 15.1278 15.0805 14.2764 11.2381 16.1238 14.0415 13.1606 10.6212 8.48763 6.47935 6.02245 4.92431
threshold=0.047200015514282039 15842760.557000002 0.0033395974897407654 0.0032202013241880842 0.012828817782211292 0.0026674999164710386 0.00097050968537911548 0.0070868501368371853 0.0023535399509682863 -0.02267490247106722 0.011584303185629394 0.00072410820876764109 2.3117344724740732 -0.010961076497976492
decision_type=2 2 2 2 2 2 2 2 2 2 2 2 2 2
left_child=1 10 4 -4 -3 8 11 -8 9 -2 12 -7 -1 -10
right_child=5 2 3 -5 -6 6 7 -9 13 -11 -12 -13 -14 -15
leaf_value=-0.014295564274535143 0.0081047791515420197 -0.0052733103690771159 0.0062725812998759836 0.040846211072797747 0.0076819673105867764 -0.013507088599505515 -0.016536743168658719 0.011740437992327482 0.0243604674924493 0.017066229597991731 0.026503415710484483 -0.062937771088887762 -0.037254980989047705 0.050945314836527103
leaf_weight=36.899790585041046 206.43920907378197 277.19651320576668 211.06368383765221 12.000085130333899 105.76282389461994 6.6668395996093732 18.465655580163002 109.67132194340229 15.39879058301449 281.12282435595989 3.6756986379623404 3.7173489928245544 14.254523724317549 10.578599587082861
leaf_count=174 613 1053 718 33 338 22 62 320 42 796 12 15 75 25
internal_value=0.00628128 0.000308175 0.00192203 0.00813253 -0.00169542 0.0123349 0.00475174 0.00766545 0.0143804 0.0132719 -0.0175294 -0.0312024 -0.0206934 0.0351864
internal_weight=1312.91 660.853 606.023 223.064 382.959 652.061 138.521 128.137 513.539 487.562 54.83 10.3842 51.1543 25.9774
internal_count=4298 2403 2142 751 1391 1895 419 382 1476 1409 261 37 249 67
is_linear=0
shrinkage=0.03


Tree=36
num_leaves=15
num_cat=0
split_feature=29 28 25 18 29 29 12 29 14 1 26 22 17 27
split_gain=49.8162 19.1849 19.042 21.3957 16.364 31.3722 13.0474 15.0224 8.44697 7.6866 7.53908 2.85267 2.76723 1.62371
threshold=0.032632015489152948 -0.0031090121984301382 -0.001013258929688022 0.014013227980310053 0.020007434860058581 0.019982888506241938 -0.0032903264416849821 0.027320112613435341 0.16369424549728293 0.04642427651113893 0.003018696061306858 50623498.871500008 0.00068839908655538907 -0.0016898148369358962
decision_type=2 2 2 2 2 2 2 2 2 2 2 2 2 2
left_child=4 12 11 -4 5 10 7 -6 -7 -8 -1 -3 13 -2
right_child=1 2 3 -5 6 8 9 -9 -10 -11 -12 -13 -14 -15
leaf_value=-0.027986792603860004 0.034107631907712058 0.018110965677516622 0.0033303383232728186 0.012163586649061125 -0.015988840749291328 -0.0031366449926169332 -0.025306438201423264 0.0024714927785295317 0.032460510358242857 0.016257007216433025 0.01366406648239181 0.043248163462490732 0.019740517531117587 0.053484426732165843
leaf_weight=18.052851080894474 7.756785675883294 5.4880209863185909 472.42233990132809 516.72096763551235 65.495542973279953 7.4754491299390784 48.727505907416344 100.6303672939539 30.385713040828705 4.3631227910518637 4.9929717481136313 15.649321660399435 5.924837812781333 7.8119264245033273
leaf_count=95 20 16 1522 1504 298 25 233 388 85 16 22 39 17 18
internal_value=0.00609746 0.00914352 0.00854684 0.00794476 -0.00512205 0.008634 -0.00894403 -0.00480654 0.0254321 -0.0218906 -0.018963 0.0367216 0.0371898 0.0438303
internal_weight=1311.9 1031.77 1010.28 989.143 280.124 60.907 219.217 166.126 37.8612 53.0906 23.0458 21.1373 21.4935 15.5687
internal_count=4298 3136 3081 3026 1162 227 935 686 110 249 117 55 55 38
is_linear=0
shrinkage=0.03


Tree=37
num_leaves=13
num_cat=0
split_feature=29 22 15 28 14 28 26 26 28 25 15 4
split_gain=47.6686 19.6465 14.1229 14.0558 12.2732 10.7839 11.9974 31.148 27.7076 8.45469 6.61648 4.07582
threshold=0.047200015514282039 15842760.557000002 0.0033395974897407654 0.0032202013241880842 0.75009224580385525 -0.0031090121984301382 -0.0024080699903713879 -0.0027316209887718415 -0.0010179383676517395 1.6207927081612504e-05 0.00048817497493991891 197.50000000000003
decision_type=2 2 2 2 2 2 2 2 2 2 2 2
left_child=1 9 4 -4 -3 -2 7 -7 -8 10 -1 -11
right_child=5 2 3 -5 -6 6 8 -9 -10 11 -12 -13
leaf_value=0.0093850428930031034 0.040641690297352116 -0.00078286577994994013 0.0059847800718880991 0.039297695443275812 -0.032727206791789087 0.0095210939758265667 0.031573213356981676 -0.030606173486446134 0.010557560499242247 -0.035256641233200707 -0.023646746487236459 -0.012506255261461176
leaf_weight=14.204604789614679 11.369724929332731 371.0758650302887 211.05180567502975 12.049972102046011 11.149825051426886 104.91596116125584 64.580882266163826 20.873571187257767 449.11382262408733 20.196733266115189 8.8629253804683668 10.918831020593645
leaf_count=58 28 1342 718 33 49 309 168 75 1315 108 43 52
internal_value=0.00592129 0.000237052 0.00178619 0.00778405 -0.00171471 0.0116811 0.0111662 0.00286236 0.0131996 -0.0170697 -0.00330632 -0.0272733
internal_weight=1310.36 659.511 605.327 223.102 382.226 650.854 639.484 125.79 513.695 54.1831 23.0675 31.1156
internal_count=4298 2403 2142 751 1391 1895 1867 384 1483 261 101 160
is_linear=0
shrinkage=0.03


Tree=38
num_leaves=14
num_cat=0
split_feature=29 7 28 25 29 29 11 11 11 4 26 4 28
split_gain=45.0689 18.8528 18.3276 18.5184 15.5084 29.2818 11.5085 14.5598 11.8026 9.68541 7.24234 3.16737 0.720955
threshold=0.032632015489152948 285896.03500000009 -0.0031090121984301382 -0.001013258929688022 0.020007434860058581 0.019982888506241938 0.019450637220772043 0.017775346995108073 0.035185454413529396 237.50000000000003 0.003018696061306858 152.50000000000003 0.00076855483138231918
decision_type=2 2 2 2 2 2 2 2 2 2 2 2 2
left_child=4 12 11 -4 5 10 7 -6 -8 -7 -1 -3 -2
right_child=1 2 3 -5 6 9 8 -9 -10 -11 -12 -13 -14
leaf_value=-0.027443613939135997 -0.048462700496504169 0.019751266050451025 0.036521886740663756 0.0078106582173312622 -0.0075971143438302502 0.032385559753193627 -0.033316767598325761 0.034757816991784991 0.018531482416097513 -0.0050139427878267036 0.013413633651225066 0.044688784603237948 -0.029400348388829278
leaf_weight=17.728347092866901 3.9055630415678015 6.7476236671209344 20.643446087837219 981.59544698894024 179.41354444622993 30.020705685019493 26.470430240035061 7.6145018488168708 4.6447598189115515 7.8646528869867316 5.0075781792402259 14.29500424861908 3.2897634953260422
leaf_count=95 17 19 54 2997 771 81 122 27 15 29 22 35 14
internal_value=0.00574852 0.00864352 0.00898379 0.00840203 -0.00495311 0.0084697 -0.00868327 -0.00587271 -0.0255771 0.0246218 -0.0184448 0.0366922 -0.0397472
internal_weight=1309.24 1030.48 1023.28 1002.24 278.765 60.6213 218.143 187.028 31.1152 37.8854 22.7359 21.0426 7.19533
internal_count=4298 3136 3105 3051 1162 227 935 798 137 110 117 54 31
is_linear=0
shrinkage=0.03


Tree=39
num_leaves=15
num_cat=0
split_feature=29 22 15 28 28 26 28 11 26 25 25 1 0 12
split_gain=43.5589 18.078 13.1661 15.9551 13.7646 10.8926 14.9576 12.9193 12.235 14.4602 8.15373 8.85592 6.07338 4.77657
threshold=0.046990592787040306 15842760.557000002 -0.00037133928306278761 0.0032202013241880842 0.0010062786777216321 0.0026674999164710386 0.00097050968537911548 0.0070868501368371853 0.0023535399509682863 0.00025121373136027418 -2.2102345680785784e-05 0.022895271666327054 0.00072410820876764109 -0.010961076497976492
decision_type=2 2 2 2 2 2 2 2 2 2 2 2 2 2
left_child=1 10 4 -4 -3 8 12 -8 9 -2 11 -1 -7 -10
right_child=5 2 3 -5 -6 6 7 -9 13 -11 -12 -13 -14 -15
leaf_value=-0.024393276453483791 0.015512427398462604 -0.00017499481087934578 0.0039244095341900856 0.032733054821476419 -0.017862891009103619 -0.013899672729483805 -0.016832834549902871 0.010288121756937054 0.022516747758989573 0.0044463935746964405 -0.026051672848832422 0.014835912783063596 -0.061747272406471286 0.048871310292960074
leaf_weight=9.1116126179695147 334.7452090382576 210.62175257503986 321.82241621613503 18.285002693533897 48.763451531529427 6.6628624796867353 18.462448984384537 109.93693792819977 15.18207322061062 155.71100129187107 32.423566475510597 12.000162944197653 3.7208822071552277 10.449332520365713
leaf_count=44 953 741 1126 55 203 22 62 322 42 471 168 49 15 25
internal_value=0.00558158 9.90098e-05 0.00159063 0.00547323 -0.00350025 0.0110487 0.00358764 0.00638842 0.0130551 0.0119992 -0.0166043 -0.00209498 -0.0310452 0.0332609
internal_weight=1307.9 653.028 599.493 340.107 259.385 654.871 138.783 128.399 516.088 490.456 53.5353 21.1118 10.3837 25.6314
internal_count=4298 2386 2125 1181 944 1912 421 384 1491 1424 261 93 37 67
is_linear=0
shrinkage=0.03


Tree=40
num_leaves=12
num_cat=0
split_feature=29 22 18 15 21 28 23 26 18 25 17
split_gain=41.0606 17.2181 12.8598 18.412 9.96543 11.0349 10.8368 10.6297 7.86653 7.06482 7.04532
threshold=0.047200015514282039 15842760.557000002 0.017348896881638386 -0.010617005568992767 55118.500000000007 -0.0031090121984301382 0.9939509099606102 -0.0024080699903713879 0.011584303185629394 1.6207927081612504e-05 -0.006951059964186366
decision_type=2 2 2 2 2 2 2 2 2 2 2
left_child=1 8 3 -3 6 -6 -2 -7 9 -1 -4
right_child=4 2 10 -5 5 7 -8 -9 -10 -11 -12
leaf_value=-0.0059445069683167484 0.010450269221498359 -0.028541228291435423 0.0015302501606731145 0.00099053948108869007 0.041360866151310571 0.0028977983270372714 -0.037963986104026168 0.012790030121962571 0.02603495615663208 -0.028959796020879044 0.019959555440810746
leaf_weight=20.541901558637619 8.9398609995841998 19.741308823227882 30.336055085062981 506.32059435546398 10.858206748962401 121.54425443708897 7.7839754968881598 499.67116448283195 3.6865186542272559 28.878758937120438 48.543317377567291
leaf_count=93 27 78 98 1822 27 370 29 1442 12 156 144
internal_value=0.00541839 0.000138224 0.00157604 -0.000117687 0.0107738 0.0113786 -0.0120838 0.0108546 -0.0162399 -0.0193934 0.0128719
internal_weight=1306.85 658.048 604.941 526.062 648.797 632.074 16.7238 621.215 53.1072 49.4207 78.8794
internal_count=4298 2403 2142 1900 1895 1839 56 1812 261 249 242
is_linear=0
shrinkage=0.03


Tree=41
num_leaves=14
num_cat=0
split_feature=29 7 28 25 29 29 12 29 4 7 26 4 28
split_gain=39.2202 17.348 17.0514 17.4843 14.6855 27.1375 12.557 14.3652 9.02944 7.65769 6.94174 3.10668 0.690963
threshold=0.032632015489152948 285896.03500000009 -0.0031090121984301382 -0.001013258929688022 0.020007434860058581 0.019982888506241938 -0.0032903264416849821 0.027464563912349551 262.50000000000006 111951962.05350001 0.003018696061306858 152.50000000000003 0.00076855483138231918
decision_type=2 2 2 2 2 2 2 2 2 2 2 2 2
left_child=4 12 11 -4 5 10 7 -6 -7 -8 -1 -3 -2
right_child=1 2 3 -5 6 8 9 -9 -10 -11 -12 -13 -14
leaf_value=-0.026840078011631605 -0.047454226895110314 0.018354781921398233 0.035296228560911649 0.0071551837951747193 -0.014959300856962076 0.030947184106550479 -0.02778156668649678 0.0030497975436457265 -0.0064098801003390059 -0.0010994072660822545 0.013237480359670312 0.043203771952989557 -0.028639429288421499
leaf_weight=17.337781190872196 3.8395851552486411 6.6777633577585229 20.281562581658363 980.46401825547218 67.546831741929054 30.63172510266304 39.346803992986679 97.263178363442421 7.18998098373413 12.839389950037001 5.0146326571702948 14.066726103425026 3.238301545381546
leaf_count=95 17 19 54 2997 310 83 195 376 27 54 22 35 14
internal_value=0.00526023 0.00795924 0.00828355 0.0077255 -0.0047557 0.00835762 -0.00839209 -0.00433117 0.0238455 -0.0212169 -0.0178489 0.0352047 -0.038846
internal_weight=1305.74 1028.57 1021.49 1000.75 277.17 60.1741 216.996 164.81 37.8217 52.1862 22.3524 20.7445 7.07789
internal_count=4298 3136 3105 3051 1162 227 935 686 110 249 117 54 31
is_linear=0
shrinkage=0.03


Tree=42
num_leaves=15
num_cat=0
split_feature=29 22 15 1 18 26 28 20 26 25 25 1 17 0
split_gain=37.5131 15.8458 12.4927 13.1717 12.2547 9.86445 14.2787 12.669 11.4616 14.3039 7.55098 8.32135 5.73921 5.70816
threshold=0.047200015514282039 15842760.557000002 0.0033395974897407654 0.01212445159897179 0.012828817782211292 0.0026674999164710386 0.00097050968537911548 -0.0026404085209778562 0.0023535399509682863 0.00025121373136027418 -2.2102345680785784e-05 0.022895271666327054 -0.0026508143572527977 0.00072410820876764109
decision_type=2 2 2 2 2 2 2 2 2 2 2 2 2 2
left_child=1 10 4 -4 -3 8 13 -8 9 -2 11 -1 -10 -7
right_child=5 2 3 -5 -6 6 7 -9 12 -11 -12 -13 -14 -15
leaf_value=-0.023712817897913317 0.014644085283028374 -0.0051999299018557262 -0.025292652087831446 0.0087091995688163525 0.0068181276487494771 -0.014082192265615764 -0.0023084768067657873 0.0167879332101818 0.052066218686622909 0.0035599756443472461 -0.025065048245599183 0.014499350238231505 0.021757687390359406 -0.060463930012733258
leaf_weight=8.9523819237947482 330.59700646996498 275.64493796229362 10.773947164416311 212.33345395326614 105.62299911677837 6.6611104458570463 72.993158027529716 54.695433303713799 8.4200278520584124 153.40754926204681 31.445463985204697 12.009476259350775 16.926781520247459 3.7226602584123611
leaf_count=44 944 1053 47 704 338 22 228 154 20 465 168 49 47 15
internal_value=0.00510821 5.66866e-05 0.00142886 0.00706724 -0.00187056 0.0102328 0.00312032 0.00587147 0.0121608 0.0111309 -0.0157676 -0.00182029 0.031826 -0.0307104
internal_weight=1304.21 656.783 604.375 223.107 381.268 647.424 138.072 127.689 509.351 484.005 52.4073 20.9619 25.3468 10.3838
internal_count=4298 2403 2142 751 1391 1895 419 382 1476 1409 261 93 67 37
is_linear=0
shrinkage=0.03


Tree=43
num_leaves=13
num_cat=0
split_feature=29 25 25 21 0 26 1 29 20 15 12 22
split_gain=35.4908 16.4303 39.5421 16.0095 13.3584 12.9847 17.0201 12.1394 10.4488 7.27161 3.36366 0.149454
threshold=0.036590279387962693 0.00091992996561157724 0.00073185741853035505 69595.000000000015 -0.0064305224965839824 0.00047400656714967002 0.078969594643568702 0.019982888506241938 -0.036834241687577797 -0.0046784143078934829 -0.008695637103664387 25999395.339500006
decision_type=2 2 2 2 2 2 2 2 2 2 2 2
left_child=4 2 3 -2 11 7 -7 -6 -3 -4 -10 -1
right_child=1 8 9 -5 5 6 -8 -9 10 -11 -12 -13
leaf_value=-0.039510715558181468 -0.0083263863676005384 0.0013490663299006464 -0.016211388643439646 0.009236145365207532 -0.029045049752275995 -0.011448441753599357 0.03188046619297117 0.0042493733787188894 0.056202886430955154 -0.057776079847069624 0.027217970144555292 -0.048210408357734741
leaf_weight=3.8669155091047278 49.442569851875305 6.5309777855873135 6.5984242707490912 846.46832095086575 10.359520196914671 139.94953666627407 8.6643983423709852 202.73964294791222 10.603710353374485 8.8942948728799802 5.4582137912511799 3.288716122508049
leaf_count=22 170 20 23 2525 56 620 27 745 24 36 15 15
internal_value=0.00496001 0.00807167 0.0074452 0.00826692 -0.0029189 -0.00211592 -0.00892231 0.00263081 0.0333437 -0.0400735 0.0463531 -0.0435091
internal_weight=1302.87 933.997 911.404 895.911 368.869 361.713 148.614 213.099 22.5929 15.4927 16.0619 7.15563
internal_count=4298 2813 2754 2695 1485 1448 647 801 59 59 39 37
is_linear=0
shrinkage=0.03


Tree=44
num_leaves=15
num_cat=0
split_feature=29 28 28 6 9 9 23 13 28 26 28 25 26 25
split_gain=33.8453 15.1648 20.6118 14.4417 11.3986 17.7873 12.7616 10.4621 9.77259 19.4159 26.0578 21.7384 18.5161 21.7829
threshold=0.047200015514282039 0.0010062786777216321 0.0032202013241880842 99189.000000000015 1.760162796231419 0.87894406143387027 9.8175971862969131 0.014213795345255987 -0.00058009564634078675 -0.0015951558566513655 0.00079436090949694881 0.00041867637370380899 -0.0024080699903713879 0.00025121373136027418
decision_type=2 2 2 2 2 2 2 2 2 2 2 2 2 2
left_child=1 4 7 -4 5 -1 -6 -3 12 10 -10 -11 13 -2
right_child=8 2 3 -5 6 -7 -8 -9 9 11 -12 -13 -14 -15
leaf_value=-0.0027002500672402932 0.014618354676722241 -0.025893390862075417 -0.008496610586736968 0.040374366606771642 -0.0045856386989663366 0.013765207739280014 0.018624329516091869 -0.0070603112871375374 -0.040457792163458073 0.0059193413544122398 0.0354661078848394 0.028151204099810943 0.024052576198497405 -0.013114679689371186
leaf_weight=97.064995884895325 92.629270225763321 33.219974204897881 9.3801572173833865 12.962019741535185 196.24521209299564 150.76220352947712 23.91912405192852 132.16656120121479 15.8386587202549 348.63482841849327 5.4746250212192527 44.653782516717911 103.60904686152935 35.166680917143822
leaf_count=356 265 167 37 36 736 505 69 497 59 1042 14 118 281 116
internal_value=0.00481524 1.38173e-05 -0.00718953 0.0198563 0.00290335 0.00731628 -0.00206406 -0.0108432 0.00968885 0.00693222 -0.0209556 0.00844354 0.0146278 0.00698682
internal_weight=1301.73 655.72 187.729 22.3422 467.992 247.827 220.164 165.387 646.007 414.602 21.3133 393.289 231.405 127.796
internal_count=4298 2403 737 73 1666 861 805 664 1895 1233 73 1160 662 381
is_linear=0
shrinkage=0.03


Tree=45
num_leaves=14
num_cat=0
split_feature=18 22 28 26 10 28 28 28 28 28 28 20 24
split_gain=28.179 16.9847 13.5904 12.6642 11.2816 11.9969 21.4023 9.80041 17.9847 9.04366 7.01133 4.98272 1.24592
threshold=0.012684160191724284 33376924.527500004 -0.00019429266000654141 -0.0030471048350404172 0.05366446396704249 0.0012652845293654551 0.0015608548697912772 0.0032202013241880842 0.0017948943495153769 0.00036922789529572701 0.00026892570283816456 -0.0039473098880058429 0.69462539367134823
decision_type=2 2 2 2 2 2 2 2 2 2 2 2 2
left_child=1 2 3 -1 5 9 -7 8 -3 -2 -4 -9 -6
right_child=4 7 10 -5 12 6 -8 11 -10 -11 -12 -13 -14
leaf_value=-0.016548397525715602 0.0086289949689390983 0.0045767077234140424 -0.036043056670117431 0.010041062860950521 0.026920141433869119 -0.017118573972991866 0.0074915283303591679 0.046234757934182816 -0.013558215786777194 0.018309367793377145 -0.01244734108705943 0.0056625919164760025 0.046010948578766017
leaf_weight=23.824827492237091 351.91559310257435 406.77984671294689 13.27593684196472 49.859563782811165 5.6338439583778364 41.068228527903557 140.9800461679697 7.0074138343334198 55.991535574197769 115.31830070912838 77.4758660197258 4.4570721983909589 6.7784885764122009
leaf_count=104 1052 1371 64 177 15 144 427 19 216 327 351 15 16
internal_value=0.00467565 0.000180528 -0.00812773 0.00144373 0.00901437 0.00847276 0.00193974 0.00306133 0.00238253 0.0110182 -0.0158991 0.0304614 0.0373458
internal_weight=1300.37 638.672 164.436 73.6844 661.695 649.282 182.048 474.236 462.771 467.234 90.7518 11.4645 12.4123
internal_count=4298 2317 696 281 1981 1950 571 1621 1587 1379 415 34 31
is_linear=0
shrinkage=0.03


Tree=46
num_leaves=15
num_cat=0
split_feature=29 28 25 18 29 29 12 29 4 7 26 22 4 10
split_gain=31.6158 15.8137 16.0913 16.1 13.8094 23.9578 11.8203 13.5321 8.1105 7.30733 6.77404 2.77906 2.75176 1.38605
threshold=0.032632015489152948 -0.0031090121984301382 -0.001013258929688022 0.014013227980310053 0.020007434860058581 0.019982888506241938 -0.0032903264416849821 0.027464563912349551 237.50000000000003 111951962.05350001 0.003018696061306858 50623498.871500008 152.50000000000003 -0.0040757310198492134
decision_type=2 2 2 2 2 2 2 2 2 2 2 2 2 2
left_child=4 12 11 -4 5 10 7 -6 -7 -8 -1 -3 -2 -14
right_child=1 2 3 -5 6 8 9 -9 -10 -11 -12 -13 13 -15
leaf_value=-0.025901403237350868 0.016974544552845732 0.01445290251683533 0.0018860549206159163 0.0095666476885019041 -0.0144948230483758 0.029908278860913014 -0.02711943905884865 0.0030497794616669558 -0.0044974877728239469 -0.00094911696285789559 0.014020950804892249 0.039792570899773318 0.030512986373133336 0.04938313173843098
leaf_weight=16.748766258358959 6.6076102405786523 5.3010130673646954 471.76992286741734 512.42074127495289 66.784908503293991 29.83666056394577 38.538455076515675 97.079836145043373 7.7727381289005271 12.789084821939467 4.957463562488555 14.689048409461973 6.6533717960119256 7.3992591500282279
leaf_count=95 19 16 1522 1504 310 81 195 376 29 54 22 39 18 18
internal_value=0.0045388 0.00696073 0.0064262 0.00588497 -0.00450313 0.00831311 -0.0080358 -0.00410072 0.0227976 -0.0205987 -0.0167836 0.0330729 0.0329412 0.0404489
internal_weight=1299.35 1024.84 1004.18 984.191 274.508 59.3156 215.192 163.865 37.6094 51.3275 21.7062 19.9901 20.6602 14.0526
internal_count=4298 3136 3081 3026 1162 227 935 686 110 249 117 55 55 36
is_linear=0
shrinkage=0.03


Tree=47
num_leaves=15
num_cat=0
split_feature=11 14 1 0 12 17 28 25 25 23 3 12 25 21
split_gain=24.9477 19.2475 17.6288 17.4832 17.4051 10.8733 10.7479 17.2053 11.8092 9.12521 8.80426 8.76376 8.31141 1.33015
threshold=0.0071645471784740023 0.90208843303135156 0.014665934904381331 -0.0012374221737234379 -0.0031017504572006713 -0.002424002642517627 0.0012652845293654551 0.00091992996561157724 0.00073185741853035505 2.0048637185200824 0.40961388730107456 -0.010860954739046845 -9.7102269467849909e-05 105578.50000000001
decision_type=2 2 2 2 2 2 2 2 2 2 2 2 2 2
left_child=1 3 5 11 -5 9 8 -8 -4 -2 -7 -1 -3 -14
right_child=2 12 6 4 -6 10 7 -9 -10 -11 -12 -13 13 -15
leaf_value=-0.0070164535205805446 -0.0097661426038529384 -0.0015399251419736962 0.011150858447613448 0.0036988278112483892 -0.039384815843016362 -0.00024497168505344894 0.0012305599022001553 0.045740239568328428 -0.012618183410405766 0.041646314096136915 -0.03834306691284995 -0.030393996058938763 -0.029497960847749752 -0.051615797734096733
leaf_weight=49.080609649419785 8.6311085075139982 5.591172173619273 577.80121724307537 333.83978693187237 8.6579274460673314 8.4222137778997439 224.75550386309624 8.0978290438652021 19.445356175303459 4.8546439707279196 15.51746755838394 20.443875096738338 3.3588575273752204 9.0155308395624143
leaf_count=172 35 20 1786 1135 51 35 743 20 67 13 70 95 16 40
internal_value=0.0044088 -0.00149993 0.00733745 -0.000174549 0.00260973 -0.0128032 0.0082455 0.00277845 0.010377 0.00874148 -0.0249398 -0.0138907 -0.0318962 -0.0456122
internal_weight=1297.51 429.988 867.525 412.022 342.498 37.4254 830.1 232.853 597.247 13.4858 23.9397 69.5245 17.9656 12.3744
internal_count=4298 1529 2769 1453 1186 153 2616 763 1853 48 105 267 76 56
is_linear=0
shrinkage=0.03


Tree=48
num_leaves=14
num_cat=0
split_feature=29 28 28 18 12 7 21 22 21 28 26 7 21
split_gain=29.0973 14.5842 18.8605 17.533 12.9202 12.1556 10.9276 9.72267 8.85254 9.87062 10.4858 7.6547 4.10164
threshold=0.047524969605917906 0.0010062786777216321 0.0032202013241880842 0.017565371929024246 -0.0041925059276958767 100224125.64300002 20878.500000000004 240394596.86400005 55118.500000000007 -0.0031090121984301382 -0.0024080699903713879 4464402.665000001 37052.000000000007
decision_type=2 2 2 2 2 2 2 2 2 2 2 2 2
left_child=1 5 3 -3 -4 6 -1 -7 11 -10 -11 12 -2
right_child=8 2 4 -5 -6 7 -8 -9 9 10 -12 -13 -14
leaf_value=0.032265514904302725 -0.01170970017620755 -0.014401871042350849 0.030338363986894032 0.013992690219614487 -0.026086402896791962 0.030602673168250809 -0.00099557039557909995 0.0072284689541086012 0.038592932689258341 0.0010001863811815817 0.010933300520847292 0.016246108664951048 -0.048669279315495841
leaf_weight=9.1267363578081113 6.5335830152034777 145.14417111873627 17.780816435813907 22.622077405452728 4.5965333282947531 18.919845342636108 342.47831124067307 104.35170920193195 10.301006764173506 119.10044151544571 485.73093792796135 5.5041953623294821 4.6085283011198044
leaf_count=28 22 605 53 71 20 57 1258 345 27 365 1413 16 18
internal_value=0.0042786 -0.000101428 -0.00712235 -0.0105731 0.0187481 0.0027098 -0.000132201 0.010816 0.00888908 0.00947326 0.00897732 -0.0126982 -0.0269967
internal_weight=1296.8 665.02 190.144 167.766 22.3773 474.877 351.605 123.272 631.779 615.132 604.831 16.6463 11.1421
internal_count=4298 2437 749 676 73 1688 1286 402 1861 1805 1778 56 40
is_linear=0
shrinkage=0.03


Tree=49
num_leaves=14
num_cat=0
split_feature=29 7 25 28 29 29 12 29 14 7 26 3 28
split_gain=28.091 15.2705 15.1544 16.0346 13.0107 21.9717 11.1153 12.8227 7.88126 6.87749 6.49019 2.9896 0.695381
threshold=0.032632015489152948 285896.03500000009 -0.001013258929688022 -0.0024264220956916791 0.020007434860058581 0.019982888506241938 -0.0032903264416849821 0.027320112613435341 0.16369424549728293 111951962.05350001 0.003018696061306858 0.50390648843313246 0.00076855483138231918
decision_type=2 2 2 2 2 2 2 2 2 2 2 2 2
left_child=4 12 11 -4 5 10 7 -6 -7 -8 -1 -3 -2
right_child=1 2 3 -5 6 8 9 -9 -10 -11 -12 -13 -14
leaf_value=-0.025308699955698278 -0.046615016498993904 0.019613156301117138 0.021696586998485437 0.0052908361491874733 -0.014572916138330916 -0.0059064443996041383 -0.026530520817148271 0.0026674434458111348 0.028714689371818394 -0.0010963814378512587 0.013841841857604608 0.043311832881083201 -0.027546017870362465
leaf_weight=16.382099062204365 3.7741388529539099 8.5119931548833865 56.86375766992569 939.29117755591869 63.450393512845039 7.3624289482831946 37.870477393269539 100.04725612699986 30.157814845442772 12.803267955780028 4.9661063998937598 10.958651751279829 3.1639718413352966
leaf_count=95 17 25 160 2891 298 25 195 388 85 54 22 29 14
internal_value=0.00415401 0.00643665 0.00673966 0.00622733 -0.00439471 0.00809631 -0.00782807 -0.00402322 0.0219211 -0.0201043 -0.0162013 0.0329515 -0.037919
internal_weight=1295.6 1022.56 1015.63 996.155 273.04 58.8684 214.171 163.498 37.5202 50.6737 21.3482 19.4706 6.93811
internal_count=4298 3136 3105 3051 1162 227 935 686 110 249 117 54 31
is_linear=0
shrinkage=0.03


Tree=50
num_leaves=14
num_cat=0
split_feature=29 28 28 18 6 9 5 9 25 25 14 25 14
split_gain=26.5872 13.6652 17.7695 16.4305 13.0175 11.9672 19.1638 16.8687 8.43712 10.8763 18.8397 16.4917 1.31838
threshold=0.047524969605917906 0.0010062786777216321 0.0032202013241880842 0.017565371929024246 99189.000000000015 1.760162796231419 -0.0037031176746367229 0.87894406143387027 -0.001013258929688022 -0.00045651181314955007 0.77444965697961787 -0.00038043631396730772 0.47737687714961941
decision_type=2 2 2 2 2 2 2 2 2 2 2 2 2
left_child=1 5 3 -3 -4 7 -7 -1 12 10 -10 -11 -2
right_child=8 2 4 -5 -6 6 -8 -9 9 11 -12 -13 -14
leaf_value=-0.0026581570894237748 0.021791098211705339 -0.01405987452203511 -0.0088638012993688016 0.013419582885971159 0.037520180380664313 -0.01548783635446413 0.0034851100754997909 0.013217803440722473 0.0039183675313757662 0.031021273725510192 -0.051497129624427498 0.0077050593475051672 0.041223539780427261
leaf_weight=98.815871112048626 5.6397576183080655 144.36111556738615 9.3563396483659762 22.656326740980148 13.027707308530806 70.169798582792282 151.05772086977959 154.27304326742887 22.358141094446186 28.703462079167366 7.3321641236543647 559.12297375500202 7.09525066614151
leaf_count=362 17 605 37 71 36 269 543 514 67 76 28 1653 20
internal_value=0.00403431 -0.000156142 -0.00696822 -0.0103322 0.0181321 0.00256402 -0.0025328 0.0070192 0.00844726 0.0079488 -0.00976676 0.00884359 0.0326178
internal_weight=1293.97 663.718 189.401 167.017 22.384 474.316 221.228 253.089 630.252 617.517 29.6903 587.826 12.735
internal_count=4298 2437 749 676 73 1688 812 876 1861 1824 95 1729 37
is_linear=0
shrinkage=0.03


Tree=51
num_leaves=14
num_cat=0
split_feature=29 7 28 25 29 29 23 12 23 25 5 5 28
split_gain=25.574 14.4133 14.5384 15.1261 12.6754 16.8908 17.7304 9.13021 6.45589 11.4791 2.5866 2.39605 0.679299
threshold=0.032632015489152948 285896.03500000009 -0.0031090121984301382 0.00091992996561157724 0.03135462991121634 0.02964603942958562 1.9884804677491614 -0.003609048489880624 1.1318898603893757 0.00010794396705370389 0.0026409702064492187 0.00093516282874669813 0.00076855483138231918
decision_type=2 2 2 2 2 2 2 2 2 2 2 2 2
left_child=4 12 10 -4 5 6 -1 -7 9 -6 -3 -10 -2
right_child=1 2 3 -5 8 7 -8 -9 11 -11 -12 -13 -14
leaf_value=-0.014297473469056424 -0.045941410533909217 0.038629223973640194 0.0053156049557044381 0.030187923611916759 0.021866524974263404 0.022044384335690431 0.0037872144946328053 -0.010205055996333033 -0.040530477234593291 -0.041874657086614309 0.014718761576085633 -0.019718120037270217 -0.026974755659888165
leaf_weight=103.00066815316677 3.7209533005952826 14.197802275419237 971.64860470592976 22.51571898162365 6.449327155947687 34.606017887592316 92.704441294074059 10.238503918051718 12.194747149944307 4.1979172602295876 5.709296613931655 8.4131138324737531 3.1283322125673294
leaf_count=502 17 37 2991 60 23 123 354 47 56 22 17 35 14
internal_value=0.00391705 0.00609426 0.00638721 0.00587891 -0.00426073 -0.00192548 -0.00573086 0.0146815 -0.0222335 -0.00326488 0.0317718 -0.0320339 -0.0372786
internal_weight=1292.73 1020.92 1014.07 994.164 271.805 240.55 195.705 44.8445 31.2551 10.6472 19.9071 20.6079 6.84929
internal_count=4298 3136 3105 3051 1162 1026 856 170 136 45 54 91 31
is_linear=0
shrinkage=0.03


Tree=52
num_leaves=15
num_cat=0
split_feature=29 22 15 27 26 8 23 27 25 25 25 1 13 1
split_gain=24.2794 12.4194 11.0539 13.4889 9.29806 8.4148 11.0063 14.0403 9.18325 26.2586 7.16345 7.73924 6.52249 4.68824
threshold=0.047524969605917906 15842760.557000002 -0.00037133928306278761 -0.001857150851611179 -0.0049032215289538305 -0.016248597857321342 0.90322688079596436 -0.006703880095254011 0.00091992996561157724 0.00073185741853035505 -2.2102345680785784e-05 0.022895271666327054 0.01643731195817914 0.044995476550053724
decision_type=2 2 2 2 2 2 2 2 2 2 2 2 2 2
left_child=1 10 4 -4 -3 6 13 -8 9 -7 11 -1 -12 -2
right_child=5 2 3 -5 -6 8 7 -9 -10 -11 12 -13 -14 -15
leaf_value=-0.022445115366975202 -0.042674474639972544 0.029556543676685643 0.020275125211775338 0.0022777888262692034 -0.0046051026879129608 0.0092904257532463157 -0.016377399397455899 0.017797519436088458 0.032517111525644772 -0.046102287408675308 -0.033645372950134519 0.014931766043289555 -0.0038609912315508417 -0.0059701023725558262
leaf_weight=8.618312597274782 7.4922663569450361 7.3765512704849234 42.723395228385925 305.40154860913754 256.86659850180149 548.29400496184826 18.038468152284622 27.03465710580349 14.72281329333782 7.8118204176425925 20.123024947941307 11.829056084156035 9.8594631105661374 5.3816200792789459
leaf_count=44 28 21 142 1071 942 1612 60 76 38 30 121 49 47 17
internal_value=0.00380266 -0.000203582 0.000974889 0.0044865 -0.00365145 0.00802568 -0.00286694 0.00412056 0.00913144 0.0085123 -0.0145137 -0.000822126 -0.0238511 -0.0273311
internal_weight=1291.57 662.798 612.368 348.125 264.243 628.776 57.947 45.0731 570.829 556.106 50.4299 20.4474 29.9825 12.8739
internal_count=4298 2437 2176 1213 963 1861 181 136 1680 1642 261 93 168 45
is_linear=0
shrinkage=0.03


Tree=53
num_leaves=15
num_cat=0
split_feature=29 25 1 13 18 29 29 11 11 23 14 20 5 29
split_gain=23.219 13.7701 14.2397 15.4025 12.8074 12.2581 20.2812 10.9411 14.3143 13.5372 7.39255 6.44508 2.73904 0.505811
threshold=0.032632015489152948 -0.001013258929688022 0.020783221828057665 0.032115385678626505 0.004700658756093515 0.020007434860058581 0.019982888506241938 0.019450637220772043 0.017775346995108073 7.6089742869613231 0.16369424549728293 0.0042911698363682638 0.0014348214761570365 0.061366506038033251
decision_type=2 2 2 2 2 2 2 2 2 2 2 2 2 2
left_child=5 12 3 -3 -4 6 11 8 -7 -9 -8 -1 -2 -14
right_child=1 2 4 -5 -6 7 10 9 -10 -11 -12 -13 13 -15
leaf_value=-0.023094324551792469 0.018074880139060726 -0.015660583944991726 -0.046803562947279644 0.013758039030785658 0.0065556013747412141 -0.0064390893783443665 -0.0056821336268295533 -0.03232696464552328 0.035875979292397601 0.025974310421678772 0.027871337962318391 0.021258603056975627 0.04684149951633413 0.033800313104890553
leaf_weight=17.399858102202419 8.3813992589712161 54.85141895711422 4.0663231611251822 22.623635172843933 918.78106743097305 174.99506326764822 7.3537305891513816 25.855058088898662 7.5033608525991431 4.161282241344451 30.093983113765717 3.5503301322460166 5.9048746228218061 4.8960710167884827
leaf_count=101 25 201 18 67 2795 771 25 124 27 13 85 16 15 15
internal_value=0.00369178 0.0057662 0.00528339 -0.00707 0.00632049 -0.00411474 0.00805871 -0.00745994 -0.00469932 -0.0242444 0.0212823 -0.015578 0.0309438 0.0409299
internal_weight=1290.42 1019.5 1000.32 77.4751 922.847 270.913 58.3979 212.515 182.498 30.0163 37.4477 20.9502 19.1823 10.8009
internal_count=4298 3136 3081 268 2813 1162 227 935 798 137 110 117 55 30
is_linear=0
shrinkage=0.03


Tree=54
num_leaves=15
num_cat=0
split_feature=11 14 0 9 1 26 26 3 7 26 18 26 26 29
split_gain=22.0297 17.9871 16.1674 15.7927 15.4587 14.2298 12.2663 12.2725 10.4013 5.1577 9.15651 3.75687 1.5709 0.144955
threshold=0.0071645471784740023 0.90208843303135156 -0.0012374221737234379 1.7749908674607224 0.010081625177008639 0.0035478461610624025 0.0032391376629622918 1.0000000180025095e-35 285896.03500000009 0.00047400656714967002 0.0089431844034116182 0.002296222625993802 -0.0015015656712340083 0.033489878279165462
decision_type=2 2 2 2 2 2 2 2 2 2 2 2 2 2
left_child=1 2 5 -4 9 -1 8 -8 -6 10 -2 12 -3 -11
right_child=4 11 3 -5 6 -7 7 -9 -10 13 -12 -13 -14 -15
leaf_value=-0.017929166451085724 -0.041460304405882484 -0.025686079775614518 0.0071481906372541639 -0.0060944939746896262 -0.04216351644626485 0.033017435491328101 -0.034570216102089095 0.0013825392446067772 0.0088695593210704731 -0.0391258627450633 0.02058320926171785 -0.010650956211942453 -0.048375984834740017 -0.048022195485671312
leaf_weight=63.478959649801254 4.0106679350137693 4.1356189548969278 207.38507178425789 133.04432670027018 3.6133103072643271 5.3499729186296454 9.0712627619504911 147.28668689727783 686.72388728708029 3.2724385112524024 4.5918726921081543 5.3547133952379218 8.1738007143139839 3.3214072287082672
leaf_count=252 21 17 684 502 19 15 38 480 2161 19 16 20 39 15
internal_value=0.00358527 -0.00198764 -0.000708336 0.00197277 0.00634571 -0.0139692 0.00688397 -0.000703296 0.00860245 -0.0236442 -0.00834266 -0.0316277 -0.0407528 -0.0436071
internal_weight=1288.81 426.922 409.258 340.429 861.892 68.8289 846.695 156.358 690.337 15.1964 8.60254 17.6641 12.3094 6.59385
internal_count=4298 1529 1453 1186 2769 267 2698 518 2180 71 37 76 56 34
is_linear=0
shrinkage=0.03


Tree=55
num_leaves=15
num_cat=0
split_feature=29 28 28 6 9 5 9 1 21 8 1 24 7 21
split_gain=21.5217 12.7149 16.6345 12.0976 10.9979 18.2331 15.6281 8.80345 8.13271 9.19203 17.1312 11.701 6.97311 3.92941
threshold=0.047524969605917906 0.0010062786777216321 0.0032202013241880842 99189.000000000015 1.760162796231419 -0.0037031176746367229 0.87894406143387027 0.020700259159356641 55118.500000000007 -0.0070324925851986599 0.027627717773031305 0.92215505449979562 4464402.665000001 37052.000000000007
decision_type=2 2 2 2 2 2 2 2 2 2 2 2 2 2
left_child=1 4 7 -4 6 -6 -1 -3 12 10 -10 -11 13 -2
right_child=8 2 3 -5 5 -7 -8 -9 9 11 -12 -13 -14 -15
leaf_value=-0.0027417271545998071 -0.01196383248709083 -0.029713648066628101 -0.0087093457105670985 0.036095681908799963 -0.015247098035726433 0.003303343256661618 0.01255672037695087 -0.0077191610581474907 0.017801797963715955 0.0088550216014609828 -0.0033963325108284028 0.026389505680485304 0.014403443703750761 -0.048258644941745331
leaf_weight=98.427868962287903 6.4817265570163745 18.424560375511646 9.297484405338766 13.016845285892485 69.780067533254623 150.61181399226189 154.32214885950089 147.46669588983059 46.7327581346035 396.86868935823441 129.08555492758751 37.48670069873333 5.4727067351341239 4.5826576352119446
leaf_count=362 22 87 37 36 269 543 514 589 131 1169 404 101 16 18
internal_value=0.00347947 -0.000295467 -0.00689089 0.0174272 0.00232805 -0.00257006 0.00659908 -0.010162 0.00746305 0.00802566 0.00223816 0.0103683 -0.0132958 -0.0269965
internal_weight=1288.06 661.347 188.206 22.3143 473.142 220.392 252.75 165.891 626.711 610.174 175.818 434.355 16.5371 11.0644
internal_count=4298 2437 749 73 1688 812 876 676 1861 1805 535 1270 56 40
is_linear=0
shrinkage=0.03


Tree=56
num_leaves=15
num_cat=0
split_feature=11 14 29 1 0 21 28 25 25 25 18 28 29 25
split_gain=20.6446 17.0287 15.2684 14.4092 13.4083 11.3591 9.49109 15.8873 10.9991 7.75417 4.86854 7.53112 1.36934 0.0471201
threshold=0.0071645471784740023 0.90208843303135156 0.028047799383313053 0.010081625177008639 -0.0012742869761022955 3293156.5000000005 0.0012652845293654551 0.00056576806837775378 0.00073185741853035505 -9.7102269467849909e-05 0.0089431844034116182 0.00031422155033527269 0.045166439629598001 1.6207927081612504e-05
decision_type=2 2 2 2 2 2 2 2 2 2 2 2 2 2
left_child=1 2 5 10 -4 -1 8 -8 -5 -3 13 -12 -11 -2
right_child=3 9 4 6 -6 -7 7 -9 -10 12 11 -13 -14 -15
leaf_value=-0.018473781822759675 -0.043653318696618766 -0.0014953183431369555 -0.011602291593433718 0.0092800703335133659 0.0044644208037807644 0.017524814312345056 -0.0013118959143216011 0.02326502641892535 -0.013627598970447862 -0.037757049167904129 0.01623474908029433 -0.044220824387169497 -0.059710812345501726 -0.038765765782351282
leaf_weight=59.453460529446602 3.3765085935592634 5.4993564039468792 55.948490858078003 589.9313373118639 284.27563978731632 9.0958076566457731 209.56506279110909 26.686586365103722 19.487311884760857 8.3119142577052099 4.8598354458808899 2.9988815039396286 3.6931724101304999 3.7435153499245644
leaf_count=300 17 20 202 1846 917 34 704 80 68 41 17 15 15 22
internal_value=0.003378 -0.00202101 -0.000780218 0.00605211 0.00182231 -0.0136971 0.00656872 0.00146427 0.00854755 -0.0309966 -0.0231148 -0.00683506 -0.0445108 -0.0410836
internal_weight=1286.93 426.278 408.773 860.649 340.224 68.5493 845.67 236.252 609.419 17.5044 14.9787 7.85872 12.0051 7.12002
internal_count=4298 1529 1453 2769 1119 334 2698 784 1914 76 71 32 56 39
is_linear=0
shrinkage=0.03


Tree=57
num_leaves=15
num_cat=0
split_feature=29 28 26 28 25 29 29 29 4 23 25 6 3 8
split_gain=19.9048 13.3282 15.2881 34.1927 19.5683 12.0059 15.905 16.4587 10.3979 6.1721 10.7885 2.81875 4.40102 2.44628
threshold=0.032632015489152948 -0.0031090121984301382 -0.0024080699903713879 -0.00058009564634078675 0.00025121373136027418 0.03135462991121634 0.02964603942958562 0.020007434860058581 322.50000000000006 1.1318898603893757 0.00010794396705370389 585511.50000000012 0.31827835433654622 -0.0019336942748528019
decision_type=2 2 2 2 2 2 2 2 2 2 2 2 2 2
left_child=5 11 4 -4 -3 6 7 -1 -8 10 -7 12 -2 -11
right_child=1 2 3 -5 -6 9 8 -9 -10 13 -12 -13 -14 -15
leaf_value=0.0079663354871363119 0.0376593221585272 0.0034894883029903193 0.019449401787141166 0.0035777965194687153 -0.016891009692749284 0.021032885047992389 0.0037174805795837955 -0.011138102680784977 0.033923054269107841 -0.043698675602537852 -0.041237246484196868 0.045493788484613731 0.0028153582887331251 -0.022534577375605633
leaf_weight=57.900891572237015 7.0445627272129077 140.07997795939445 150.68692308664322 645.32143533229828 60.804410457611084 6.4892928451299685 29.009791605174541 135.71117836236954 15.866842374205588 8.3725232928991353 4.0774155110120773 6.6536956429481497 6.0765494108200073 11.903561413288113
leaf_count=227 19 433 431 2007 210 23 115 629 55 40 22 17 19 51
internal_value=0.00327876 0.00519979 0.00471601 0.00658234 -0.00267935 -0.00397271 -0.00169489 -0.0054248 0.0143971 -0.0215857 -0.00299552 0.0295883 0.0215227 -0.0312738
internal_weight=1286 1016.67 996.893 796.008 200.884 269.331 238.489 193.612 44.8766 30.8428 10.5667 19.7748 13.1211 20.2761
internal_count=4298 3136 3081 2438 643 1162 1026 856 170 136 45 55 38 91
is_linear=0
shrinkage=0.03


Tree=58
num_leaves=15
num_cat=0
split_feature=18 28 28 5 28 12 28 28 10 28 28 26 26 25
split_gain=19.1985 12.3225 24.305 17.3887 16.6031 14.9895 11.2501 19.9563 14.0849 9.47162 11.669 7.89094 7.50682 3.84059
threshold=0.014013227980310053 0.0032202013241880842 0.0017948943495153769 -0.0046473624821298945 0.0015608548697912772 -0.0048680945095693632 0.0012652845293654551 0.0015608548697912772 -0.011800863253895956 0.00036922789529572701 0.00031422155033527269 0.001164247664608158 0.0012689888030679782 0.00056576806837775378
decision_type=2 2 2 2 2 2 2 2 2 2 2 2 2 2
left_child=1 2 4 -4 -1 13 9 11 -9 10 -2 -8 -11 -3
right_child=6 5 3 -5 -6 -7 7 8 -10 12 -12 -13 -14 -15
leaf_value=0.00047743541220166306 0.0084184884301121855 0.023360732034932368 0.002171553300422565 -0.025912751154919526 0.028051484865755757 -0.025054511124811912 -0.04516746858895191 -0.022908901187540347 0.0093635660877263681 0.029476621393724516 -0.027363077271831012 -0.01152612017520958 0.012106856885107029 0.054084117872401645
leaf_weight=598.48009324073792 290.1250246912241 7.5270999819040316 31.233629181981087 54.401570953428745 20.320371001958847 4.3596819937229148 8.4072620272636396 13.584356799721716 116.99430084228516 34.237674236297607 8.4413779824972135 24.743974640965462 64.727460741996765 7.1310566514730453
leaf_count=2124 867 24 117 243 62 19 33 48 349 91 30 85 189 17
internal_value=0.00318343 -4.67631e-05 -0.00069008 -0.0156696 0.00138292 0.0237822 0.00734708 0.00072891 0.0060062 0.0100729 0.00740684 -0.0200577 0.018116 0.0383074
internal_weight=1284.71 723.454 704.436 85.6352 618.8 19.0178 561.261 163.73 130.579 397.532 298.566 33.1512 98.9651 14.6582
internal_count=4298 2606 2546 360 2186 60 1692 515 397 1177 897 118 280 41
is_linear=0
shrinkage=0.03


Tree=59
num_leaves=11
num_cat=0
split_feature=18 25 18 6 1 24 17 20 20 12
split_gain=18.0943 12.0905 11.2513 10.4768 10.4357 10.2414 9.97777 7.90727 5.32378 4.80453
threshold=0.014013227980310053 -0.001013258929688022 0.0050126481923923336 3020.5000000000005 0.020783221828057665 1.0099694670788335 -0.024460126035582477 -0.021603437558885358 -0.0062210022836455313 -0.031295616171637917
decision_type=2 2 2 2 2 2 2 2 2 2
left_child=1 8 7 -2 -4 6 -5 -3 -1 -7
right_child=3 2 4 5 -6 9 -8 -9 -10 -11
leaf_value=0.0057795445882654773 -0.041531370964360284 0.013258346151085114 -0.0093819430411738666 -0.024986244533792046 0.0018786704086981995 -0.0019453953693066464 0.0070888650823918466 -0.019477817967842398 0.041123222902028696 0.031019428173687798
leaf_weight=6.6988986432552329 3.9530354142189017 7.8803612589836112 85.080269388854504 8.8774870336055738 572.32945457845926 4.8186274021863964 520.09629347920418 42.2139812707901 8.9739612191915494 22.841017112135887
leaf_count=22 16 36 335 31 1966 15 1569 221 26 61
internal_value=0.00309017 -4.5633e-05 -0.000622972 0.00713546 0.000421351 0.00748108 0.00655057 -0.0143281 0.0260166 0.0252766
internal_weight=1283.76 723.177 707.504 560.586 657.41 556.633 528.974 50.0943 15.6729 27.6596
internal_count=4298 2606 2558 1692 2301 1676 1600 257 48 76
is_linear=0
shrinkage=0.03


Tree=60
num_leaves=15
num_cat=0
split_feature=11 14 12 0 1 26 23 6 26 18 9 18 29 29
split_gain=18.7552 16.2226 14.6771 15.0464 13.1192 10.8747 14.4195 9.54534 4.88505 8.43517 1.99624 0.605171 0.124847 0.0326062
threshold=0.0071645471784740023 0.9293817745597891 -0.0031017504572006713 -0.0012374221737234379 0.010081625177008639 0.0032391376629622918 1.2722163165455733 37444.000000000007 0.00047400656714967002 0.0089431844034116182 1.2119725896792801 0.010648518410225285 0.034888554443023849 0.0251979781652386
decision_type=2 2 2 2 2 2 2 2 2 2 2 2 2 2
left_child=1 2 3 -1 8 7 -7 -6 9 -2 -3 -12 -10 -4
right_child=4 10 13 -5 5 6 -8 -9 12 -11 11 -13 -14 -15
leaf_value=-0.013205593816813681 -0.040464032529611116 -0.019990525017031954 -0.037200319624085425 0.0023328155153910447 0.0013277804237366165 -0.0088332421730236144 0.0096860677707027269 0.0096359473095902447 -0.038431096983754284 0.019842358426037741 -0.036666910287808892 -0.053151270227112808 -0.046880727210155466 -0.04099572583083478
leaf_weight=67.349229365587234 3.8267189115285856 4.7072813510894767 6.2531488686799985 335.40162643045187 163.19493882358074 90.815043926239014 64.86728347837925 524.33316570520401 3.2767686396837226 4.5926302224397659 4.1669882684946042 3.8620429188013077 3.0281654596328735 3.0215179324150085
leaf_count=260 21 20 43 1152 575 309 209 1605 20 16 21 17 14 16
internal_value=0.00299996 -0.00215558 -0.0011248 -0.000265565 0.00555245 0.00604268 -0.00111691 0.00766388 -0.0225212 -0.00756779 -0.035502 -0.044596 -0.0424893 -0.0384368
internal_weight=1282.7 424.762 412.026 402.751 857.935 843.21 155.682 687.528 14.7243 8.41935 12.7363 8.02903 6.30493 9.27467
internal_count=4298 1529 1471 1412 2769 2698 518 2180 71 37 58 38 34 59
is_linear=0
shrinkage=0.03


Tree=61
num_leaves=13
num_cat=0
split_feature=29 28 28 18 14 28 23 29 13 6 8 23
split_gain=17.8153 11.1885 14.7587 14.6914 11.4947 10.2858 10.3742 9.1054 7.81376 9.7142 10.6608 6.44404
threshold=0.047524969605917906 0.0010062786777216321 0.0032202013241880842 0.017565371929024246 0.44885025436503123 0.00079436090949694881 0.80576495345170385 0.020007434860058581 0.012396927574057397 5045.5000000000009 -0.0070324925851986599 0.9781553736965779
decision_type=2 2 2 2 2 2 2 2 2 2 2 2
left_child=1 5 3 -3 -4 7 -7 -1 -2 11 -11 -10
right_child=8 2 4 -5 -6 6 -8 -9 9 10 -12 -13
leaf_value=0.013289441227747421 0.037204886444063258 -0.013420330128228278 -0.032470451094453269 0.012614887120162436 0.025719328418800112 -0.013814361322925862 0.019949300286955508 -0.0012121077507930287 0.0035182445964554903 0.00044211791565271495 0.0092785366647197779 -0.037805115547276294
leaf_weight=43.521036319434643 7.3948431462049475 141.9478412270546 3.6547497808933285 22.614302352070808 18.625883921980858 9.9511897340416891 46.284860149025917 372.52112174779177 6.2828642278909665 172.12485107779503 429.49403980374336 7.3924765437841415
leaf_count=156 19 605 16 71 57 41 154 1337 20 529 1265 28
internal_value=0.00291175 -0.000525883 -0.00674008 -0.00984254 0.0161743 0.00193258 0.0139747 0.00030486 0.00655051 0.00618209 0.00675041 -0.0188199
internal_weight=1281.81 659.121 186.843 164.562 22.2806 472.278 56.236 416.042 622.689 615.294 601.619 13.6753
internal_count=4298 2437 749 676 73 1688 195 1493 1861 1842 1794 48
is_linear=0
shrinkage=0.03


Tree=62
num_leaves=15
num_cat=0
split_feature=11 14 12 0 1 10 7 18 28 25 9 18 22 25
split_gain=17.4489 15.3827 14.1326 14.157 12.3807 9.2204 10.0997 4.58773 6.85923 2.34929 1.92431 0.575944 0.0500298 0.037219
threshold=0.0071645471784740023 0.9293817745597891 -0.0031017504572006713 -0.0012374221737234379 0.010081625177008639 0.05366446396704249 285896.03500000009 0.0089431844034116182 0.00031422155033527269 -8.0925566625928959e-05 1.2119725896792801 0.010648518410225285 24223872.985000003 1.6207927081612504e-05
decision_type=2 2 2 2 2 2 2 2 2 2 2 2 2 2
left_child=1 2 3 -1 7 6 -6 13 -9 -7 -3 -12 -4 -2
right_child=4 10 12 -5 5 9 -8 8 -10 -11 11 -13 -14 -15
leaf_value=-0.012888562101601019 -0.0424887504233026 -0.019540967990635087 -0.036154950758096958 0.0022044429723664448 -0.041254518900921369 0.043062222828692764 0.0056182956839323965 0.015342400270642683 -0.043027554381961201 0.016522098208979319 -0.035984590871609878 -0.052165694868474458 -0.0406342127623626 -0.038041402393287141
leaf_weight=67.135260879993439 3.2301932722330076 4.6861702054738981 5.0420392677187902 335.17832645773888 4.1580579802393904 6.9594000279903412 825.6700101941824 4.8676937222480774 2.8862998783588409 5.2784436792135221 4.1042585149407387 3.8245362639427185 4.044263169169426 3.5601426735520363
leaf_count=260 17 20 37 1152 23 17 2643 17 15 15 21 17 22 22
internal_value=0.00282693 -0.00215039 -0.0011498 -0.000314172 0.00529066 0.00576465 0.00538343 -0.0221521 -0.00638488 0.0316149 -0.0347819 -0.0437897 -0.0381486 -0.040157
internal_weight=1280.63 424.015 411.4 402.314 856.61 842.066 829.828 14.5443 7.75399 12.2378 12.615 7.92879 9.0863 6.79034
internal_count=4298 1529 1471 1412 2769 2698 2666 71 32 32 58 38 59 39
is_linear=0
shrinkage=0.03


Tree=63
num_leaves=15
num_cat=0
split_feature=11 12 14 23 1 26 23 10 25 26 18 7 22 23
split_gain=16.4276 14.7297 13.4489 12.275 11.7432 10.2725 13.441 9.3881 7.7042 4.63133 7.75151 3.06698 0.157423 0.0643815
threshold=0.0071645471784740023 -0.0034546247748190539 0.90208843303135156 1.159040954934353 0.010081625177008639 0.0032391376629622918 1.2722163165455733 -0.009157179724536774 -9.7102269467849909e-05 0.00047400656714967002 0.0089431844034116182 207792125.77700004 24223872.985000003 0.90793539777254184
decision_type=2 2 2 2 2 2 2 2 2 2 2 2 2 2
left_child=1 2 3 -1 9 7 -7 -6 -4 10 -2 12 -3 -11
right_child=4 11 8 -5 5 6 -8 -9 -10 13 -12 -13 -14 -15
leaf_value=0.0049395297978036884 -0.039687016864138995 -0.036304367494825553 0.00094778988318884811 -0.0056713968672176705 -0.0019355814644384378 -0.008824492201611191 0.0090699030890346814 0.0085226646118538966 -0.043692047025563813 -0.044661608249471366 0.018693434458798543 -0.0020354231986632961 -0.043499878233484883 -0.038482699882679924
leaf_weight=211.20306186378002 3.6761764734983426 6.5587299019098264 5.2772322893142709 183.25685391575098 88.718916803598404 90.687799602746964 64.751830488443375 597.61948544532061 10.214615449309346 3.1211685538291922 4.6184108853340149 2.4131181091070166 4.6955236792564392 2.9541420638561249
leaf_count=706 21 48 19 675 283 309 209 1897 46 16 16 11 24 18
internal_value=0.00274371 -0.00208832 -0.00106689 9.94137e-06 0.00513459 0.00559364 -0.00137018 0.00717079 -0.0284857 -0.0217568 -0.00718089 -0.0327259 -0.0393065 -0.0416571
internal_weight=1279.77 423.619 409.952 394.46 856.148 841.778 155.44 686.338 15.4918 14.3699 8.29459 13.6674 11.2543 6.07531
internal_count=4298 1529 1446 1381 2769 2698 518 2180 65 71 37 83 72 34
is_linear=0
shrinkage=0.03


Tree=64
num_leaves=14
num_cat=0
split_feature=29 28 28 18 12 7 29 17 25 25 25 15 18
split_gain=16.2308 10.4672 13.8337 13.6876 11.0998 9.96182 9.92591 9.69549 7.76254 10.5159 15.2039 13.4159 1.26644
threshold=0.047524969605917906 0.0010062786777216321 0.0032202013241880842 0.017565371929024246 -0.0041925059276958767 100224125.64300002 0.020007434860058581 -0.0073556761016950823 -0.001013258929688022 -0.00045651181314955007 -0.00038043631396730772 0.008392782287885649 0.013162995541602105
decision_type=2 2 2 2 2 2 2 2 2 2 2 2 2
left_child=1 5 3 -3 -4 6 -1 -7 12 11 -11 -10 -2
right_child=8 2 4 -5 -6 7 -8 -9 9 10 -12 -13 -14
leaf_value=0.013776013872383771 0.020313719676594792 -0.013129667022229835 0.026169505242929363 0.011999688245024084 -0.026672250941628936 -0.0095758815142274849 -0.0025824280154921014 0.012902613041187514 -0.001237754643661459 0.028279008375123312 0.0054760532713582517 -0.050587243337305313 0.039964338216947434
leaf_weight=37.388041533529758 5.8472099006175977 141.24621628969908 17.789088428020481 22.633725866675377 4.4783647507429114 20.784250870347023 311.66174038499594 102.11936697363853 23.127077624201778 27.632858008146286 552.06208775937557 6.3107715994119635 5.9607096612453461
leaf_count=140 19 605 53 71 20 70 1146 332 71 76 1653 24 18
internal_value=0.00266265 -0.000620028 -0.00664438 -0.00965901 0.0155421 0.00175609 -0.000830213 0.00910127 0.00614177 0.00567476 0.00656302 -0.0118171 0.0302335
internal_weight=1279.04 658.101 186.147 163.88 22.2675 471.953 349.05 122.904 620.941 609.133 579.695 29.4378 11.8079
internal_count=4298 2437 749 676 73 1688 1286 402 1861 1824 1729 95 37
is_linear=0
shrinkage=0.03


Tree=65
num_leaves=15
num_cat=0
split_feature=29 3 3 29 28 3 26 28 25 20 21 3 3 8
split_gain=15.8659 15.3223 15.6125 15.4043 11.8029 15.6268 14.9703 26.9794 16.5187 8.37062 6.14329 5.64279 13.5282 5.34368
threshold=0.02964603942958562 0.31827835433654622 0.39288308584426418 0.020007434860058581 -0.0024264220956916791 0.77324075260910241 -0.0024080699903713879 -0.0006564056522797159 0.00025121373136027418 -0.0071900605254460312 97332.500000000015 0.032572827366630093 0.0040245521977152728 0.011036398472078204
decision_type=2 2 2 2 2 2 2 2 2 2 2 2 2 2
left_child=1 11 9 -4 5 10 8 -8 -6 -3 -2 12 -1 -7
right_child=4 2 3 -5 6 13 7 -9 -10 -11 -12 -13 -14 -15
leaf_value=-0.026381028880809843 0.0011431925637554418 0.016377739540167632 0.011425204958554728 -0.010906518893981929 0.0019153161241343864 0.0082607376601747974 0.018306359600150205 0.0027784015483533608 -0.016812949705683557 0.070168028160759385 0.02948472282242575 -0.02563892695213088 0.024942593372942266 -0.030729812849435732
leaf_weight=11.364853449165823 8.3152285516262037 9.3433989733457548 42.292041659355164 81.125238209962845 126.26617568731308 5.8683880269527418 117.13964867591858 717.72847566008568 63.804407626390457 3.6095861941575995 39.971672043204308 36.231783866882324 7.7907840162515631 6.8632439523935318
leaf_count=60 28 38 155 381 400 18 343 2294 223 10 111 181 31 25
internal_value=0.0025855 -0.00536998 3.44841e-05 -0.00325399 0.00399028 0.0168085 0.00322716 0.00495712 -0.00437154 0.0313674 0.0246042 -0.0186764 -0.00550721 -0.0127579
internal_weight=1277.71 191.758 136.37 123.417 1085.96 61.0185 1024.94 834.868 190.071 12.953 48.2869 55.3874 19.1556 12.7316
internal_count=4298 856 584 536 3442 182 3260 2637 623 48 139 272 91 43
is_linear=0
shrinkage=0.03


Tree=66
num_leaves=15
num_cat=0
split_feature=22 28 28 3 25 25 18 24 15 10 28 23 10 23
split_gain=15.3997 11.3218 11.2988 16.2901 11.2724 20.7598 10.1078 12.6359 8.45524 8.20417 7.77629 4.32056 3.98393 3.73784
threshold=34038453.305500008 0.00208269050389991 -0.0024264220956916791 0.77324075260910241 0.00091992996561157724 0.00073185741853035505 0.0050946974588410637 0.29977724478403017 -0.01031934475358467 0.0072048262999037148 0.0032202013241880842 0.72630600762402242 0.0069216049873798502 0.87236317213171122
decision_type=2 2 2 2 2 2 2 2 2 2 2 2 2 2
left_child=1 6 3 11 5 -4 7 -1 -6 -8 13 -2 -5 -3
right_child=2 10 4 12 8 -7 9 -9 -10 -11 -12 -13 -14 -15
leaf_value=0.0088422815678023316 0.0031171612348216398 -0.016867403901105311 0.0033880391686950499 -0.001084263845982459 -0.010415795431794198 -0.030320916042869048 -0.004282949989027107 -0.03622190868559802 0.036087219833710819 0.010064187633749605 0.0083614154035305931 0.030605792612530953 -0.03737237159229994 -0.042765856819912663
leaf_weight=8.6758265271782893 6.0299270004034033 8.6727936193347031 972.53507505357265 9.0201510488986951 4.5518243610858944 16.725566357374191 109.05131264775991 15.795297428965567 15.506723925471304 53.454588823020458 5.4838722050189963 35.108246237039566 3.9001920521259299 11.893655531108378
leaf_count=43 19 35 3150 29 15 63 412 96 40 188 21 100 15 72
internal_value=0.00251035 -0.00485188 0.00398523 0.0173474 0.00326957 0.00281812 -0.00227036 -0.0202452 0.0255344 0.000436388 -0.0233808 0.0265766 -0.0120384 -0.0318446
internal_weight=1276.41 213.027 1063.38 54.0585 1009.32 989.261 186.977 24.4711 20.0585 162.506 26.0503 41.1382 12.9203 20.5664
internal_count=4298 867 3431 163 3268 3213 739 139 55 600 128 119 44 107
is_linear=0
shrinkage=0.03


Tree=67
num_leaves=15
num_cat=0
split_feature=29 28 28 18 15 9 26 24 8 22 28 25 27 18
split_gain=14.9741 13.1031 15.5947 13.2498 11.6248 14.8923 12.2654 10.8708 6.97475 7.74527 8.28093 7.60173 6.84225 9.48085
threshold=0.056201749382250719 0.0012652845293654551 0.0032202013241880842 0.017889616046061155 0.0033395974897407654 0.65959455375805998 -0.0024080699903713879 0.5414944635100355 -0.018693763596894473 292789582.70000005 -7.2723359071551831e-05 0.00036061617792229307 -0.032394293241674858 0.026206906702533461
decision_type=2 2 2 2 2 2 2 2 2 2 2 2 2 2
left_child=1 4 3 -3 6 -6 -1 -4 9 11 -11 -2 13 -10
right_child=8 2 7 -5 5 -7 -8 -9 12 10 -12 -13 -14 -15
leaf_value=-0.007513672374927052 -0.0081197279817428868 -0.012955071986033925 0.032611015526276425 0.0084241593310837304 -0.01435602803363108 0.011335804003585781 0.003111025961561268 -0.0044483333631792467 0.0044423680203722615 0.0052825916398941616 -0.043158776865534848 0.035458591908333476 0.0091095780069444608 -0.039314223608054664
leaf_weight=145.75345724821091 10.328149631619455 155.91421064734459 14.529391296207907 31.332728713750839 22.968458004295826 175.14454059302807 297.16267222911119 13.976224005222319 15.367946043610575 5.2585639059543601 8.0199369043111783 5.5323220193386069 367.93087926506996 6.2768211364746085
leaf_count=524 33 644 43 97 92 570 1032 48 46 16 30 14 1086 23
internal_value=0.0024366 0.000164248 -0.00623066 -0.00937761 0.0023166 0.00835719 -0.000385317 0.0144409 0.00708633 -0.00707112 -0.023975 0.00708091 0.00814526 -0.00824672
internal_weight=1275.5 856.782 215.753 187.247 641.029 198.113 442.916 28.5056 418.715 29.139 13.2785 15.8605 389.576 21.6448
internal_count=4298 3050 832 741 2218 662 1556 91 1248 93 46 47 1155 69
is_linear=0
shrinkage=0.03


Tree=68
num_leaves=13
num_cat=0
split_feature=11 14 12 7 9 26 23 25 9 18 22 29
split_gain=14.4635 13.9796 12.9307 11.0492 10.5044 9.6693 12.6924 9.35733 1.9146 0.54241 0.043118 0.030226
threshold=0.0071645471784740023 0.9293817745597891 -0.0031017504572006713 195119.35400000002 0.95370088244408968 0.0032391376629622918 1.1365570920605867 0.00024343261796038506 1.2119725896792801 0.010648518410225285 24223872.985000003 0.031210994378518816
decision_type=2 2 2 2 2 2 2 2 2 2 2 2
left_child=1 2 4 11 -1 7 -7 -5 -3 -10 -4 -2
right_child=3 8 10 5 -6 6 -8 -9 9 -11 -12 -13
leaf_value=0.0065729048626366957 -0.036874809963485959 -0.018299446130128363 -0.035650024269479379 0.0086887789777883809 -0.0038098567689790462 -0.010283666571049625 0.0068247776497100936 0.00107894646472282 -0.035055260358219209 -0.05094567417133531 -0.039912445562329778 -0.041525719070865927
leaf_weight=129.66656854003668 2.2686824426054946 4.5882603377103788 4.7340445145964605 483.53486104309559 270.94678621739149 79.313814058899879 76.834100186824799 207.97753893584013 3.9888546839356422 3.7516191676259041 3.8919213563203812 2.821899987757206
leaf_count=418 16 20 37 1526 994 272 252 688 21 17 22 15
internal_value=0.00236567 -0.00217998 -0.00123177 0.00461286 -0.000449267 0.0048775 -0.00186529 0.00640006 -0.0336549 -0.042757 -0.0375732 -0.039453
internal_weight=1274.32 421.568 409.239 852.751 400.613 847.66 156.148 691.512 12.3287 7.74047 8.62597 5.09058
internal_count=4298 1529 1471 2769 1412 2738 524 2214 58 38 59 31
is_linear=0
shrinkage=0.03


Tree=69
num_leaves=15
num_cat=0
split_feature=29 3 3 29 1 21 28 28 8 17 15 3 3 12
split_gain=14.0714 14.5113 14.5773 14.526 11.2941 12.9491 13.4465 10.027 9.93314 6.6812 5.82988 5.47765 12.8122 3.54294
threshold=0.02964603942958562 0.31827835433654622 0.39288308584426418 0.020007434860058581 0.020783221828057665 72366.500000000015 -0.00029034711214869993 -0.0031090121984301382 -0.016248597857321342 0.00018242153955350454 0.0011626010320061571 0.032572827366630093 0.0040245521977152728 -0.003609048489880624
decision_type=2 2 2 2 2 2 2 2 2 2 2 2 2 2
left_child=1 11 10 -4 5 -2 -7 9 -9 -6 -3 12 -1 -13
right_child=4 2 3 -5 7 6 -8 8 -10 -11 -12 13 -14 -15
leaf_value=-0.02587393250475491 -0.036055839651138642 0.0080870031117875382 0.011102959343164839 -0.010631293789510929 0.035665367760952603 0.012546469614387422 -0.012559262925583915 -0.0055817554744975418 0.00504268969198982 0.00010523117728133829 0.048402016154387051 -0.018897282412838997 0.024151589638521865 -0.03937935188739599
leaf_weight=11.178799718618395 11.638613454997538 5.8860756233334524 42.14768548309803 80.60239639878273 15.178437203168871 32.76613686978817 46.374586865305901 87.000239372253418 883.15943168103695 6.9246081113815299 7.1493918150663376 24.760879099369049 7.8385838866233817 10.967457734048365
leaf_count=60 53 25 155 381 43 105 171 281 2766 23 23 115 31 66
internal_value=0.00229587 -0.00522239 3.46279e-05 -0.00316858 0.0036185 -0.00650998 -0.00216489 0.00454513 0.00408993 0.0245248 0.030198 -0.0182613 -0.00525442 -0.0251846
internal_weight=1273.57 190.531 135.786 122.75 1083.04 90.7793 79.1407 992.263 970.16 22.103 13.0355 54.7457 19.0174 35.7283
internal_count=4298 856 584 536 3442 329 276 3113 3047 66 48 272 91 181
is_linear=0
shrinkage=0.03


Tree=70
num_leaves=15
num_cat=0
split_feature=22 28 28 10 25 4 18 24 25 15 26 15 4 12
split_gain=13.7874 10.6151 10.3789 11.0643 11.0172 10.8158 9.27732 10.638 8.1816 7.41646 7.28664 4.30087 4.06598 1.63177
threshold=34038453.305500008 0.00208269050389991 -0.0024264220956916791 0.05366446396704249 0.00091992996561157724 147.50000000000003 0.0050126481923923336 0.36088247890791486 0.00010794396705370389 -0.010135540884398102 0.0060719994026565876 0.0019095611170174586 62.500000000000007 -0.0039092356108986967
decision_type=2 2 2 2 2 2 2 2 2 2 2 2 2 2
left_child=1 6 5 4 -4 8 7 -1 -2 -8 12 -7 -3 -5
right_child=2 10 3 13 -6 11 9 -9 -10 -11 -12 -13 -14 -15
leaf_value=0.0021420200711181944 -0.027607240660797505 -0.012088551201035257 0.0021474933903347995 0.042687596097479498 0.024697520102872093 0.021323634292711752 -0.024532300828679757 -0.039429321128965883 0.01213304553914909 0.0018536656033539118 0.012908410581128764 0.046606351353274837 -0.03955022808413558 0.020318676244313553
leaf_weight=10.212562158703806 6.4553668946027782 7.4419123753905358 975.28451177477837 6.0731674581766129 19.897162809967995 21.957527250051502 10.225470840930937 12.108863085508345 16.787703707814217 153.59956204146147 4.275025635957717 8.3614691942930204 13.944916009902952 5.6800400167703611
leaf_count=54 23 37 3182 15 55 66 38 77 52 570 16 22 75 16
internal_value=0.00222892 -0.00475904 0.00362459 0.0029401 0.00259835 0.0164927 -0.00226543 -0.0204095 0.00109586 0.000206732 -0.0228472 0.0282962 -0.0299945 0.0318772
internal_weight=1272.31 211.808 1060.5 1006.93 995.182 53.5621 186.146 22.3214 23.2431 163.825 25.6619 30.319 21.3868 11.7532
internal_count=4298 867 3431 3268 3237 163 739 131 75 608 128 88 112 31
is_linear=0
shrinkage=0.03


Tree=71
num_leaves=11
num_cat=0
split_feature=25 22 28 3 10 28 1 28 3 17
split_gain=13.5369 13.9167 10.3686 14.9243 10.8025 9.31991 8.22216 7.11925 3.53902 1.32989
threshold=-0.001013258929688022 34038453.305500008 -0.0024264220956916791 0.77324075260910241 0.05366446396704249 0.00208269050389991 0.020783221828057665 0.0032202013241880842 0.50390648843313246 0.00068839908655538907
decision_type=2 2 2 2 2 2 2 2 2 2
left_child=8 5 3 -3 -4 6 -2 -7 -1 -10
right_child=1 2 4 -5 -6 7 -8 -9 9 -11
leaf_value=0.011683318114223578 -0.016077993194478096 0.025010728665946707 0.0021424655755364723 -0.012054536695777329 0.031203581267354362 -0.030664330145235036 0.00016384721228399751 0.0079201415148063732 0.04586618326608935 0.025361074560893055
leaf_weight=8.3195347040891665 34.726466879248619 40.477877914905548 980.31543844938278 12.890482097864149 11.648511111736296 19.967413239181045 145.9410867318511 5.4863220155239096 6.7981478124856931 4.8973770439624786
leaf_count=27 162 119 3191 44 31 107 560 21 20 16
internal_value=0.00216341 0.00177194 0.00317675 0.0160581 0.00248373 -0.00535245 -0.00295803 -0.0223478 0.0266403 0.0372799
internal_weight=1271.47 1251.45 1045.33 53.3684 991.964 206.121 180.668 25.4537 20.0151 11.6955
internal_count=4298 4235 3385 163 3222 850 722 128 63 36
is_linear=0
shrinkage=0.03


Tree=72
num_leaves=13
num_cat=0
split_feature=11 14 12 1 11 9 9 23 3 9 18 7
split_gain=13.3142 13.2967 12.1148 10.1799 9.98697 9.43794 10.5459 7.80503 11.7596 1.85014 0.50403 0.0269482
threshold=0.0071645471784740023 0.9293817745597891 -0.0031017504572006713 0.014665934904381331 0.0048268479646069061 0.27219223126924358 0.44879274986428502 2.0048637185200824 0.47549081457120207 1.2119725896792801 0.010648518410225285 2885964.2120000003
decision_type=2 2 2 2 2 2 2 2 2 2 2 2
left_child=1 2 4 7 -1 -5 -7 8 -2 -3 -11 -4
right_child=3 9 11 5 -6 6 -8 -9 -10 10 -12 -13
leaf_value=0.0024457242823763756 0.0038630666598417256 -0.017984470047297533 -0.035664842596523874 0.040534118043452479 -0.0079800174492992305 -0.013568035237866531 0.0052949958332999224 0.015442330893689507 -0.035596614086702505 -0.034690975499716711 -0.050105472734911109 -0.039098603853375519
leaf_weight=282.92718028277159 11.810848794877531 4.5430420562624914 4.5317380502819997 6.6509669199585906 116.84115327894688 27.618567481637001 780.65072770416737 7.6086745858192435 16.012313269078732 3.9411689415574074 3.7028566673398018 3.7667326703667641
leaf_count=989 50 20 36 18 423 95 2503 25 78 21 17 23
internal_value=0.00209998 -0.00226837 -0.00134618 0.00425887 -0.00060143 0.00494331 0.00465045 -0.011483 -0.0188461 -0.0331467 -0.0421579 -0.0372235
internal_weight=1270.61 420.254 408.067 850.352 399.768 814.92 808.269 35.4318 27.8232 12.1871 7.64403 8.29847
internal_count=4298 1529 1471 2769 1412 2616 2598 153 128 58 38 59
is_linear=0
shrinkage=0.03


Tree=73
num_leaves=13
num_cat=0
split_feature=29 28 28 18 9 9 20 18 17 28 26 26
split_gain=13.0439 11.5701 14.5094 12.1567 10.8167 17.6982 11.6502 10.6336 7.43484 5.86745 21.3684 10.4652
threshold=0.056201749382250719 0.0012652845293654551 0.0032202013241880842 0.017889616046061155 1.7749908674607224 0.82217232997311929 0.0011239476500914101 0.017565371929024246 -0.027622252657931893 -0.00082197595734019905 -0.0022539005009596831 -0.0018928406198037023
decision_type=2 2 2 2 2 2 2 2 2 2 2 2
left_child=1 4 3 -3 5 -1 -6 -4 -2 11 -11 -10
right_child=8 2 7 -5 6 -7 -8 -9 9 10 -12 -13
leaf_value=-0.0034008379427056504 -0.03669903359723467 -0.012611107710721631 0.023545722733602663 0.0078906140150498284 -0.0060527341135136374 0.010149148362573737 0.0091265189715673788 -0.020812299871368227 0.0064841936011972648 -0.05205364993963775 0.0055558207222666514 0.025134794431106312
leaf_weight=136.39607259631157 3.5722779631614676 154.79011545330286 22.227130897343162 31.292495667934418 206.29292100667953 238.36933367699385 58.386079072952271 6.2262781113386145 90.418561056256294 5.9182757139205924 277.37990228831768 38.652227610349655
leaf_count=487 13 644 69 97 763 775 193 22 272 23 831 109
internal_value=0.00203787 -8.40498e-05 -0.00611267 -0.00916345 0.00193857 0.00521762 -0.00270431 0.0138391 0.00639444 0.00676776 0.00435232 0.0120694
internal_weight=1269.92 853.98 214.536 186.083 639.444 374.765 264.679 28.4534 415.941 412.369 283.298 129.071
internal_count=4298 3050 832 741 2218 1262 956 91 1248 1235 854 381
is_linear=0
shrinkage=0.03


Tree=74
num_leaves=11
num_cat=0
split_feature=25 18 20 11 10 26 20 9 24 24
split_gain=12.8063 13.6165 9.58763 9.04974 8.54447 9.19864 3.84558 3.41993 2.06773 1.27973
threshold=-0.001013258929688022 0.014013227980310053 0.027970849344561625 0.032331803324237671 0.05366446396704249 0.0020733900593425023 -0.0062210022836455313 1.2205827187250875 0.61427379074152744 0.69462539367134823
decision_type=2 2 2 2 2 2 2 2 2 2
left_child=6 2 3 -2 5 -3 7 -1 -8 -6
right_child=1 4 -4 -5 9 -7 8 -9 -10 -11
leaf_value=-0.0086357495957391801 -0.0015007645856755295 0.0071952767129654649 -0.045160652980587801 0.018376951091113269 0.019913935210375103 -0.0013258900103113064 0.050063098360901725 0.027811252594043701 0.022893860502955613 0.039973433115446849
leaf_weight=4.0733911395072955 674.52845150232315 372.92146067321301 4.4314312934875479 21.263006031513214 5.3199205994606 164.22734640538692 5.9645489752292615 5.37384894490242 4.3667561411857605 6.196087583899498
leaf_count=15 2476 1128 19 63 15 518 17 16 15 16
internal_value=0.0019787 0.00159939 -0.00117346 -0.000893312 0.00513819 0.00459002 0.0259297 0.0120963 0.0385794 0.0307068
internal_weight=1268.67 1248.89 700.223 695.791 548.665 537.149 19.7785 9.44724 10.3313 11.516
internal_count=4298 4235 2558 2539 1677 1646 63 31 32 31
is_linear=0
shrinkage=0.03


Tree=75
num_leaves=15
num_cat=0
split_feature=11 14 0 26 9 1 17 26 25 6 26 18 21 29
split_gain=12.2624 12.6935 12.4405 13.3356 12.0618 9.70597 8.51787 11.3625 7.04779 5.64244 4.32163 7.17651 1.23096 0.0847187
threshold=0.0071645471784740023 0.90208843303135156 -0.0012374221737234379 0.0031440836809964183 1.7749908674607224 0.010081625177008639 0.024132488389640987 0.0032391376629622918 -9.7102269467849909e-05 469809.50000000006 0.00047400656714967002 0.0089431844034116182 105578.50000000001 0.034888554443023849
decision_type=2 2 2 2 2 2 2 2 2 2 2 2 2 2
left_child=1 2 3 -1 -4 10 7 -7 -3 -8 11 -2 -10 -12
right_child=5 8 4 -5 -6 6 9 -9 12 -11 13 -13 -14 -15
leaf_value=-0.017633078456050593 -0.03910467136417399 0.00030279904119809569 0.0056827097243347799 0.025548932882113806 -0.0059830058040996267 0.0055596429468276892 0.038378031638084072 -0.0037363068430708419 -0.024954680572775421 0.0075824176216663141 -0.037165802623631686 0.017896714223632808 -0.047489709913868181 -0.04444013451212387
leaf_weight=59.986638374626637 3.5042305961251241 5.3556109219789532 204.9381195679307 7.2101106196641913 130.60305990278721 669.48299320787191 10.780752822756769 143.74884485453367 2.9660072550177565 10.638815388083456 2.9205065593123427 4.5937869399785995 8.2487102076411229 2.8441304564476013
leaf_count=245 21 20 684 22 502 2150 27 489 16 32 20 16 40 14
internal_value=0.00192077 -0.00227626 -0.0012175 -0.0129997 0.00114205 0.00399481 0.00440832 0.00391647 -0.0280093 0.0230823 -0.0209018 -0.00676932 -0.0415298 -0.0407548
internal_weight=1267.82 419.308 402.738 67.1967 335.541 848.514 834.651 813.232 16.5703 21.4196 13.8627 8.09802 11.2147 5.76464
internal_count=4298 1529 1453 267 1186 2769 2698 2639 76 59 71 37 56 34
is_linear=0
shrinkage=0.03


Tree=76
num_leaves=12
num_cat=0
split_feature=25 18 28 28 12 28 28 28 20 9 24
split_gain=12.1404 12.5457 10.7435 16.3499 13.545 8.66811 18.7768 9.25027 3.70649 3.28265 2.02957
threshold=-0.001013258929688022 0.014013227980310053 0.0032202013241880842 0.0018371682049028064 -0.0048680945095693632 0.0012652845293654551 0.0015608548697912772 0.00036922789529572701 -0.0062210022836455313 1.2205827187250875 0.61427379074152744
decision_type=2 2 2 2 2 2 2 2 2 2 2
left_child=8 2 3 -2 -4 7 -7 -3 9 -1 -10
right_child=1 5 4 -5 -6 6 -8 -9 10 -11 -12
leaf_value=-0.0085367268673707929 -0.00018647581142482478 0.0046887438794504677 0.034806892566762719 -0.015294325437928909 -0.025640419796241026 -0.021120437139076707 0.0042401453765786431 0.015475843245214239 0.049360288171888506 0.027226316542174365 0.022260120099784283
leaf_weight=4.0771954953670519 608.4881594479084 290.9682776927948 14.691476456820967 72.109311856329441 4.3165976554155341 33.002747282385826 128.8967452943325 94.875270023941994 5.8542600572109205 5.3291245996952057 4.3243048936128616
leaf_count=15 2178 890 41 320 19 118 397 272 17 16 15
internal_value=0.00186429 0.0014963 -0.00116587 -0.00178715 0.0210797 0.00489656 -0.000929537 0.00734119 0.0253008 0.0117247 0.0378469
internal_weight=1266.93 1247.35 699.606 680.597 19.0081 547.743 161.899 385.844 19.5849 9.40632 10.1786
internal_count=4298 4235 2558 2498 60 1677 515 1162 63 31 32
is_linear=0
shrinkage=0.03


Tree=77
num_leaves=15
num_cat=0
split_feature=29 29 29 1 21 28 24 20 28 11 10 11 28 21
split_gain=11.6814 13.2897 15.1751 9.74264 12.154 12.2852 9.63866 17.8584 8.85987 8.34761 13.5935 8.25895 6.85326 6.68222
threshold=0.02964603942958562 0.020007434860058581 0.019982888506241938 0.020783221828057665 72366.500000000015 -0.00029034711214869993 0.62403295346518339 0.0083202383921063359 0.0032202013241880842 0.020099442018682523 0.014000400556269782 0.034665449005237541 0.0019288080699611662 364432.50000000006
decision_type=2 2 2 2 2 2 2 2 2 2 2 2 2 2
left_child=1 2 12 4 -2 -6 8 -8 -5 10 -3 -11 -1 -4
right_child=3 9 13 6 5 -7 7 -9 -10 11 -12 -13 -14 -15
leaf_value=-0.023966493388147814 -0.035351872435488464 -0.0094877026470624667 0.034090480545478634 0.0052569589214588536 0.01184966981833746 -0.012213408135423978 -0.0040818836087600967 0.013659274176281291 0.024210060399892659 -0.041548410636824004 0.044387780064963044 0.010278684877035966 0.017330065728897222 0.0080063047811624859
leaf_weight=15.073599047958853 11.418056003749369 111.46476386487484 14.791742488741873 649.8028267621994 32.635077849030495 46.024118803441525 250.09010819345713 64.166752576828003 22.982886284589767 12.812104567885401 4.3805959299206725 3.5296537280082694 4.7584039568901053 21.964445292949677
leaf_count=92 53 532 42 2044 105 171 819 187 63 68 17 12 25 68
internal_value=0.00180991 -0.00507391 0.00709183 0.00301637 -0.00642833 -0.00222983 0.00387829 -0.000459393 0.00590441 -0.010282 -0.00745045 -0.0303543 -0.014058 0.0185033
internal_weight=1265.9 188.775 56.5882 1077.12 90.0773 78.6592 987.043 314.257 672.786 132.187 115.845 16.3418 19.832 36.7562
internal_count=4298 856 227 3442 329 276 3113 1006 2107 629 549 80 117 110
is_linear=0
shrinkage=0.03


Tree=78
num_leaves=13
num_cat=0
split_feature=29 10 22 21 28 24 0 5 8 23 0 4
split_gain=11.4708 12.0368 12.4755 14.6239 12.0138 11.8636 10.9821 10.7136 8.85461 14.5079 9.07256 3.88354
threshold=0.065756621496700932 -0.0099297707818463091 33376924.527500004 20878.500000000004 -0.0025031009171439999 1.2769798787674522 0.0079147976431952153 0.018464004845011449 -0.016438574464393733 0.92374043446251031 0.0021381474448544896 317.50000000000006
decision_type=2 2 2 2 2 2 2 2 2 2 2 2
left_child=1 4 3 -3 11 -6 -4 8 9 -2 -10 -1
right_child=7 2 6 -5 5 -7 -8 -9 10 -11 -12 -13
leaf_value=0.0014718411588754742 -0.039144770095337157 0.026745836394115 0.0042813886142154213 -0.0078837325811079335 -0.0092709698395553753 0.041055619115751382 -0.035680264623642412 -0.031607626732722813 0.01284496384400188 0.0070889605175382042 -0.0027852728609509265 0.034048086311090797
leaf_weight=5.5097747296094886 8.9839019030332583 11.824694961309431 621.5159707441926 152.76297777891159 187.20492426306009 4.3127767294645301 6.2515631765127173 6.2274812906980506 192.27366875112057 19.084756195545197 40.454874962568283 8.188291594386099
leaf_count=18 33 38 2062 666 655 12 24 23 559 57 128 23
internal_value=0.00175713 0.000278888 0.00195596 -0.00539579 -0.00619642 -0.00813767 0.00388343 0.00727967 0.00820825 -0.00770901 0.010128 0.0209449
internal_weight=1264.6 997.571 792.355 164.588 205.216 191.518 627.768 267.025 260.797 28.0687 232.729 13.6981
internal_count=4298 3498 2790 704 708 667 2086 800 777 90 687 41
is_linear=0
shrinkage=0.03


Tree=79
num_leaves=12
num_cat=0
split_feature=25 18 28 28 12 28 28 28 5 1 1
split_gain=11.6965 11.331 9.86065 15.4269 12.6192 8.36567 17.5043 8.76798 2.54955 1.71797 0.498005
threshold=-0.001013258929688022 0.014013227980310053 0.0032202013241880842 0.0018371682049028064 -0.0048680945095693632 0.0012652845293654551 0.0015608548697912772 0.00036922789529572701 0.0027209370082374577 0.026421225675410775 0.035946644574505006
decision_type=2 2 2 2 2 2 2 2 2 2 2
left_child=8 2 3 -2 -4 7 -7 -3 9 -1 -10
right_child=1 5 4 -5 -6 6 -8 -9 10 -11 -12
leaf_value=0.00035848019562447874 -0.00022884414146025927 0.0044029356043977291 0.033372957936254069 -0.014939540873875921 -0.025152936930798109 -0.02065520852499245 0.0038526660264459472 0.014924242360471074 0.042434067614827695 0.025368639561210583 0.028560595544683331
leaf_weight=4.4343292564153689 607.46237970143557 290.25475220382214 14.677589669823648 71.73477641493082 4.2833562493324271 32.954649314284325 128.51069846749306 94.492890924215317 5.0722628533840162 5.5853453874588013 4.3051321506500244
leaf_count=15 2178 890 41 320 19 118 397 272 15 18 15
internal_value=0.00170562 0.00134528 -0.00118684 -0.00178254 0.0201517 0.00458179 -0.00114933 0.00698694 0.0248221 0.0143001 0.0360648
internal_weight=1263.77 1244.37 698.158 679.197 18.9609 546.213 161.465 384.748 19.3971 10.0197 9.3774
internal_count=4298 4235 2558 2498 60 1677 515 1162 63 33 30
is_linear=0
shrinkage=0.03


Tree=80
num_leaves=12
num_cat=0
split_feature=25 13 26 25 25 26 9 15 20 9 6
split_gain=11.1231 11.0314 22.9834 13.4848 20.4002 11.4862 9.32164 8.7098 3.57488 3.07735 1.24222
threshold=-0.001013258929688022 0.014448229116814202 -0.00015253641211399177 0.00091992996561157724 0.00073185741853035505 -0.0027316209887718415 3.6618901123282814 -0.01031934475358467 -0.0062210022836455313 1.2205827187250875 114113.50000000001
decision_type=2 2 2 2 2 2 2 2 2 2 2
left_child=8 2 5 4 -3 -2 -4 -5 9 -1 -10
right_child=1 3 6 7 -6 -7 -8 -9 10 -11 -12
leaf_value=-0.0086507472773711923 -0.0089668064308714469 0.0024650901632306101 -0.01288716471963681 -0.011913771224183498 -0.03083279183763411 0.01349483146785088 -0.040752405167515049 0.034730392190955146 0.046498937831520253 0.02613427776418157 0.025165906772783676
leaf_weight=4.0623733699321765 33.158446803689003 1035.7667885497212 68.779581502079964 4.5040702968835857 16.828401625156403 53.62872788310051 12.818233050405977 18.008188590407372 5.4247195422649366 5.2432282119989395 4.4898729473352432
leaf_count=15 136 3374 321 15 63 196 80 50 16 16 16
internal_value=0.0016559 0.00130584 -0.00583403 0.0024241 0.00193274 0.004913 -0.0172645 0.0253982 0.0243036 0.0109488 0.0368382
internal_weight=1262.71 1243.49 168.385 1075.11 1052.6 86.7872 81.5978 22.5123 19.2202 9.3056 9.91459
internal_count=4298 4235 733 3502 3437 332 401 65 63 31 32
is_linear=0
shrinkage=0.03


Tree=81
num_leaves=12
num_cat=0
split_feature=11 14 0 12 7 11 27 17 9 18 29
split_gain=10.6516 12.3192 11.6256 11.4218 9.48261 8.56371 7.922 7.66407 1.75319 0.463168 0.0307469
threshold=0.0071645471784740023 0.9293817745597891 -0.0012374221737234379 -0.0034546247748190539 195119.35400000002 0.0033147657350655357 -0.042569281000530777 0.024132488389640987 1.2119725896792801 0.010648518410225285 0.033917815705670852
decision_type=2 2 2 2 2 2 2 2 2 2 2
left_child=1 2 5 -4 10 -1 -6 -8 -3 -10 -2
right_child=4 8 3 -5 6 -7 7 -9 9 -11 -12
leaf_value=0.0025348617659724528 -0.036060365199051383 -0.017631400592657165 0.0017931039498262737 -0.030550405746118423 -0.037255255180208342 -0.0203286189792506 0.0035280842168324933 0.021826900251994293 -0.03409864546942553 -0.049149632793490973 -0.040895774588454947
leaf_weight=21.907613098621368 2.1963116005063048 4.4327986165881139 328.33762426674366 10.129775911569594 4.2120522856712332 45.091247908771038 814.45187602937222 21.134002834558487 3.7360339239239693 3.626163937151432 2.5665735900402069
leaf_count=85 17 20 1139 64 16 183 2663 59 21 17 14
internal_value=0.00160724 -0.00231416 -0.00143498 0.000825116 0.00354464 -0.0128526 0.00378403 0.00399091 -0.0325371 -0.0415118 -0.038666
internal_weight=1261.82 417.261 405.466 338.467 844.561 66.9989 839.798 835.586 11.795 7.3622 4.76289
internal_count=4298 1529 1471 1203 2769 268 2738 2722 58 38 31
is_linear=0
shrinkage=0.03


Tree=82
num_leaves=15
num_cat=0
split_feature=29 10 22 21 28 0 8 8 28 0 12 8 8 4
split_gain=10.2425 11.4012 11.3405 13.612 11.3225 10.3294 7.59216 7.40571 9.27115 7.68304 7.4642 7.07388 6.83728 3.69109
threshold=0.065756621496700932 -0.0099297707818463091 33376924.527500004 20878.500000000004 -0.0025031009171439999 0.0079147976431952153 -0.017561112938841845 -0.016773972250660203 -0.0010179383676517395 0.0021381474448544896 -0.020405580331677008 0.01024444971448657 0.0091577105672517346 317.50000000000006
decision_type=2 2 2 2 2 2 2 2 2 2 2 2 2 2
left_child=1 4 3 -3 13 -4 -6 8 -2 11 -10 -9 -11 -1
right_child=7 2 5 -5 6 -7 -8 9 10 12 -12 -13 -14 -15
leaf_value=0.0012881844990389241 0.020578962339873514 0.025772528629539427 0.0040203450703831219 -0.0076463905570395025 -0.031062922102164946 -0.034775858154752974 -0.00647558400229025 0.013706798730624406 0.0047157096041232222 -0.008917379553744241 -0.033076796473653497 -0.00078574382945090975 0.023189745498396815 0.033091775964565827
leaf_weight=5.5059620290994635 7.4456670135259655 11.823158852756022 620.52574068307877 151.893595084548 12.063572794198988 6.2385198175907126 179.2216189801693 159.64381785690784 7.6058761775493666 34.012644112110138 12.325326830148693 37.415932476520538 7.239919811487197 8.1395919620990735
leaf_count=18 21 38 2062 666 46 24 621 463 23 111 44 118 20 23
internal_value=0.00155975 0.000162952 0.00179771 -0.00523297 -0.0061428 0.00363419 -0.00802621 0.00679291 -0.00798452 0.00849052 -0.0186549 0.0109551 -0.00328251 0.0202591
internal_weight=1261.1 995.412 790.481 163.717 204.931 626.764 191.285 265.689 27.3769 238.312 19.9312 197.06 41.2526 13.6456
internal_count=4298 3498 2790 704 708 2086 667 800 88 712 67 581 131 41
is_linear=0
shrinkage=0.03


Tree=83
num_leaves=11
num_cat=0
split_feature=25 22 25 25 28 18 15 26 3 24
split_gain=10.6245 10.1684 9.22721 18.3738 8.60308 8.7858 7.68945 6.483 3.3814 1.69153
threshold=-0.001013258929688022 34038453.305500008 0.00091992996561157724 0.00073185741853035505 0.00208269050389991 0.0050126481923923336 -0.01031934475358467 0.0060719994026565876 0.50390648843313246 0.61427379074152744
decision_type=2 2 2 2 2 2 2 2 2 2
left_child=8 4 3 -3 5 -2 -4 -6 -1 -10
right_child=1 2 6 -5 7 -7 -8 -9 9 -11
leaf_value=0.0087794953906888563 -0.021057933288694909 0.0025018821204387917 -0.011539282830685496 -0.029317749113147426 -0.028578877605598602 -0.00026307395092098047 0.033151865613378309 0.012253433643615417 0.044319823509138712 0.020587172759627476
leaf_weight=7.9259095489978817 20.680174998939037 1001.8445078805089 4.5069011002779034 16.603102520108223 20.417769297957424 157.92825543880463 14.9871319681406 4.2234128564596167 6.4826869219541532 4.6357049196958542
leaf_count=27 128 3267 15 63 112 594 40 16 20 16
internal_value=0.00151409 0.00117289 0.00237448 0.00198315 -0.00496333 -0.00267081 0.0228195 -0.0215804 0.0237516 0.0344247
internal_weight=1260.24 1241.19 1037.94 1018.45 203.25 178.608 19.494 24.6412 19.0443 11.1184
internal_count=4298 4235 3385 3330 850 722 55 128 63 36
is_linear=0
shrinkage=0.03


Tree=84
num_leaves=12
num_cat=0
split_feature=25 18 28 28 12 28 28 28 20 22 6
split_gain=10.0935 9.90041 9.32989 14.1446 11.8443 8.11012 16.3273 8.26887 3.39131 2.98795 1.17579
threshold=-0.001013258929688022 0.014013227980310053 0.0032202013241880842 0.0018371682049028064 -0.0048680945095693632 0.0012652845293654551 0.0015608548697912772 0.00036922789529572701 -0.0062210022836455313 81563285.860000014 114113.50000000001
decision_type=2 2 2 2 2 2 2 2 2 2 2
left_child=8 2 3 -2 -4 7 -7 -3 9 -1 -10
right_child=1 5 4 -5 -6 6 -8 -9 10 -11 -12
leaf_value=-0.008771093122506431 -0.00032725210057948082 0.0040305072075581408 0.032353739521348929 -0.014476290939453173 -0.024595863298333576 -0.020328237508114265 0.0033623048597813498 0.014271341773437337 0.045136572905367586 0.025600824729332394 0.024133887397302049
leaf_weight=4.1246881783008593 606.30589134246111 289.27194571495056 14.641911163926126 71.038936085999012 4.238167777657508 32.911615267395973 128.05069802701473 94.02606537938118 5.299981623888014 5.0790139436721802 4.3827520906925201
leaf_count=15 2178 890 41 320 19 118 397 272 16 16 16
internal_value=0.00146965 0.00113825 -0.00123138 -0.00181118 0.0195698 0.00416951 -0.00148165 0.00654267 0.023236 0.0101969 0.03563
internal_weight=1259.37 1240.49 696.225 677.345 18.8801 544.26 160.962 383.298 18.8864 9.2037 9.68273
internal_count=4298 4235 2558 2498 60 1677 515 1162 63 31 32
is_linear=0
shrinkage=0.03


Tree=85
num_leaves=13
num_cat=0
split_feature=11 14 0 26 12 7 26 28 26 1 12 13
split_gain=9.52924 11.8172 10.9709 11.5066 10.867 8.8864 7.69202 13.0013 8.53938 1.69246 0.148609 0.018855
threshold=0.0071645471784740023 0.9293817745597891 -0.0012374221737234379 0.0031440836809964183 -0.0031017504572006713 195119.35400000002 0.0032391376629622918 0.00097050968537911548 0.002296222625993802 0.028047816840576795 -0.0072055628633365511 0.023357996622550312
decision_type=2 2 2 2 2 2 2 2 2 2 2 2
left_child=1 2 3 -1 -4 11 8 -8 -7 10 -3 -2
right_child=5 9 4 -5 -6 6 7 -9 -10 -11 -12 -13
leaf_value=-0.016958027915474325 -0.036258236226262411 -0.048659026219023661 0.0015351914622403647 0.02267038882991862 -0.036836212632045971 0.0036690170987443891 -0.040059072840836554 -0.00053723522494586321 0.014328858285426521 -0.021319345750317693 -0.038700184599006864 -0.040096297339644843
leaf_weight=59.279540590941906 2.2164291664957991 3.0553274899721146 330.8822008445859 7.4198309481143943 6.7786646708846083 607.29034843295813 7.8951545655727378 146.44211832433939 76.110852405428886 6.1436871737241745 2.4140737503766996 2.398697517812252
leaf_count=245 17 14 1152 23 51 1977 31 493 237 28 16 14
internal_value=0.00142681 -0.00228827 -0.00143136 -0.0125496 0.000764872 0.0032614 0.0034901 -0.00255898 0.00485621 -0.0321253 -0.0442634 -0.0382531
internal_weight=1258.33 415.973 404.36 66.6994 337.661 842.354 837.738 154.337 683.401 11.6131 5.4694 4.61513
internal_count=4298 1529 1471 268 1203 2769 2738 524 2214 58 30 31
is_linear=0
shrinkage=0.03


Tree=86
num_leaves=15
num_cat=0
split_feature=29 29 29 29 29 18 28 11 10 11 28 4 15 4
split_gain=9.54544 12.7761 13.3729 9.63128 11.0815 14.0825 10.8155 8.33932 12.451 7.89504 6.7122 6.46705 7.66823 6.32984
threshold=0.02964603942958562 0.020007434860058581 0.019982888506241938 0.030767266277717562 0.032632015489152948 0.0083247643953991129 -0.0031090121984301382 0.020099442018682523 0.014000400556269782 0.034665449005237541 0.0019288080699611662 322.50000000000006 -0.00075717796452742054 237.50000000000003
decision_type=2 2 2 2 2 2 2 2 2 2 2 2 2 2
left_child=1 2 10 11 5 -5 -6 8 -3 -9 -1 12 -2 -4
right_child=3 7 13 4 6 -7 -8 9 -10 -11 -12 -13 -14 -15
leaf_value=-0.023183818052393567 -0.018238685656144345 -0.0091457782695963993 0.024172483511679811 0.0045580240254820227 0.025560046542650275 -0.028013863267678137 0.0022661591804198954 -0.041300107191493948 0.041979840116961854 0.0093154961075622295 0.018132824846297503 0.0390255493736823 0.02375333011426357 -0.0065432384807867245
leaf_weight=14.539392568171026 6.0773267894983336 110.24157989025116 28.992315337061882 23.369944199919701 18.274596378207207 24.439378008246422 977.56766311824322 12.613895557820799 4.4606153070926657 3.5552059262990943 4.6772259771823874 10.168816834688188 10.994232542812821 7.6267243027687064
leaf_count=92 27 532 81 97 55 107 3081 68 17 12 25 34 41 29
internal_value=0.0013846 -0.00487491 0.00713962 0.00247593 0.00201629 -0.0120922 0.00269362 -0.0100009 -0.00715757 -0.0301709 -0.0131276 0.020086 0.00880454 0.0177753
internal_weight=1257.6 186.707 55.8357 1070.89 1043.65 47.8093 995.842 130.871 114.702 16.1691 19.2166 27.2404 17.0716 36.619
internal_count=4298 856 227 3442 3340 204 3136 629 549 80 117 102 68 110
is_linear=0
shrinkage=0.03


Tree=87
num_leaves=15
num_cat=0
split_feature=21 9 28 26 26 11 5 13 26 21 5 4 18 23
split_gain=9.40403 11.2301 20.257 24.8866 21.1509 9.91986 8.98589 7.70376 10.2932 14.5548 9.75763 8.39564 5.45785 4.69653
threshold=4267975.5000000009 1.760162796231419 -0.00058009564634078675 -0.0022539005009596831 -0.0032537090443233228 0.045009110210804247 -0.0094789604264492369 0.020929969515098477 0.00055278881964603173 5311442.0000000009 -0.014074296438337108 127.50000000000001 0.020963326294619073 2.1751314762548488
decision_type=2 2 2 2 2 2 2 2 2 2 2 2 2 2
left_child=1 2 4 -4 -1 6 -3 8 9 -2 -9 -10 -12 -7
right_child=7 5 3 -5 -6 13 -8 10 11 -11 12 -13 -14 -15
leaf_value=-0.0028601715503831604 0.013802128273094155 -0.014211280385515142 -0.043781863538711482 8.3087488439812575e-05 0.014922337277933038 -0.0015245256437773258 -0.0022305370032438877 -0.018913821773974129 0.041063516745698907 -0.057572621536922351 0.0224703444911881 -0.010179019040149659 0.0036564954358962684 0.033465232875283114
leaf_weight=88.609680905938148 4.4850618690252322 67.70781472325325 11.951420813798903 447.50366659462452 187.74942310154438 5.4381276220083228 335.65504729747772 7.2101368159055701 5.4304492622613889 6.0262620598077774 54.374056234955788 6.1214060336351395 18.632959455251694 9.4557682126760465
leaf_count=299 14 255 49 1517 583 17 1233 26 17 26 155 24 58 25
internal_value=0.00134405 0.000571361 0.00280254 -0.00105793 0.00922069 -0.00335382 -0.0042416 0.0100626 -0.00563658 -0.0271178 0.0143805 0.0139098 0.0176686 0.0206896
internal_weight=1256.35 1154.07 735.814 459.455 276.359 418.257 403.363 102.28 22.0632 10.5113 80.2172 11.5519 73.007 14.8939
internal_count=4298 3978 2448 1566 882 1530 1488 320 81 40 239 41 213 42
is_linear=0
shrinkage=0.03


Tree=88
num_leaves=11
num_cat=0
split_feature=25 25 25 28 16 23 12 20 9 24
split_gain=9.48588 9.24001 19.4786 13.8136 13.023 11.8196 6.14653 3.30699 3.00039 1.98346
threshold=-0.001013258929688022 0.00091992996561157724 0.00073185741853035505 0.0008823743806248821 1.0000000180025095e-35 1.0844833316036511 -0.0082632412357996777 -0.0062210022836455313 1.2205827187250875 0.61427379074152744
decision_type=2 2 2 2 2 2 2 2 2 2
left_child=7 2 3 -2 -3 -4 -6 8 -1 -9
right_child=1 4 5 -5 6 -7 -8 9 -10 -11
leaf_value=-0.0097794511526483156 0.0034908705391389645 -0.020805466836524796 -0.049926549846553959 -0.0032695352502105628 0.043769019663883704 -0.0035765568010644442 0.0059771001389464871 0.046872853318127822 0.024887471694221553 0.019182928820840488
leaf_weight=4.0072482377290743 774.08805519342422 5.4975878894329098 10.847661569714548 419.40276908874512 12.378922626376156 9.1100605428218824 5.637006834149358 5.4075257033109647 5.1149770617485046 4.0885165929794312
leaf_count=15 2573 20 45 1513 32 33 19 17 16 15
internal_value=0.00130454 0.000984627 0.000623694 0.00111521 0.0196111 -0.0287693 0.0319443 0.0225588 0.00965884 0.034951
internal_weight=1255.58 1236.96 1213.45 1193.49 23.5135 19.9577 18.0159 18.6183 9.12223 9.49604
internal_count=4298 4235 4164 4086 71 78 51 63 31 32
is_linear=0
shrinkage=0.03


Tree=89
num_leaves=12
num_cat=0
split_feature=29 10 24 28 1 12 5 9 8 23 29
split_gain=9.08967 10.8123 10.4461 11.2308 10.2232 12.0186 10.092 9.87319 7.85172 11.6143 5.63421
threshold=0.065756621496700932 -0.0099297707818463091 1.2769798787674522 -0.0025031009171439999 0.028578670986920834 -0.010626531334898473 0.018464004845011449 3.3989496167273727 -0.016773972250660203 0.92374043446251031 0.070232667829303569
decision_type=2 2 2 2 2 2 2 2 2 2 2
left_child=1 2 3 -1 5 -3 8 -6 9 -2 -10
right_child=6 4 -4 -5 7 -7 -8 -9 10 -11 -12
leaf_value=0.019222902316673156 -0.036545416886206314 0.0082656684447486722 0.040051417409099253 -0.009112277379038327 0.0078485233499790974 -0.004597908110846591 -0.031752331967120344 -0.0028286220409838663 0.018083016256008999 0.0053698866620738002 0.0065208641685707549
leaf_weight=13.501325652003286 8.7654073387384432 82.857070244848728 4.3017838150262824 186.3726267144084 287.62845523655415 309.7114837244153 6.1538382172584525 106.91978875547647 47.885301396250725 18.520849347114563 182.47571130096912
leaf_count=41 32 272 12 655 919 1204 23 395 137 56 552
internal_value=0.001266 -5.10291e-05 -0.00620275 -0.00719826 0.00154471 -0.00188287 0.00621503 0.00495509 0.00712187 -0.00809494 0.0089243
internal_weight=1255.09 991.293 204.176 199.874 787.117 392.569 263.801 394.548 257.647 27.2863 230.361
internal_count=4298 3498 708 696 2790 1476 800 1314 777 88 689
is_linear=0
shrinkage=0.03


Tree=90
num_leaves=14
num_cat=0
split_feature=29 3 3 29 29 1 1 18 0 9 24 10 15
split_gain=8.63002 12.6727 13.8245 12.0628 9.02512 10.3198 12.5615 9.74277 8.96179 6.30198 6.00778 5.94149 5.28446
threshold=0.02964603942958562 0.31827835433654622 0.39288308584426418 0.020007434860058581 0.030767266277717562 0.020783221828057665 0.022045836056813404 0.013768383731458682 -0.00079482832601033659 0.93740975879055555 0.26784056968029685 0.0013091738621954971 0.0011626010320061571
decision_type=2 2 2 2 2 2 2 2 2 2 2 2 2
left_child=1 10 12 -4 8 7 -7 -6 -2 -10 -1 -12 -3
right_child=4 2 3 -5 5 6 -8 -9 9 -11 11 -13 -14
leaf_value=0.014294290202051686 -0.011809640181393414 0.0083063906943345901 0.010176717998727092 -0.0098623031720746525 -0.014619512173752583 0.014614664030754844 0.0017180274616900955 0.0077377876754024331 -0.00080872791376922703 0.037866972525363717 -0.011452935133496035 -0.032877737239017747 0.046894403973052515
leaf_weight=4.9486948177218428 6.4046823680400875 5.7671335116028768 41.186017043888569 78.689725875854492 60.804088287055492 73.647137731313705 882.0907995775342 24.655546993017197 4.965162061154845 16.044947825372219 27.81087002158165 20.046495608985424 7.1588027700781822
leaf_count=25 28 25 155 381 237 225 2802 76 21 53 136 111 23
internal_value=0.00122896 -0.00474211 0.000200964 -0.00297745 0.00226608 0.00181871 0.00271181 -0.00816932 0.0192568 0.028727 -0.0171734 -0.0204274 0.0296777
internal_weight=1254.22 185.608 132.802 119.876 1068.61 1041.2 955.738 85.4596 27.4148 21.0101 52.8061 47.8574 12.9259
internal_count=4298 856 584 536 3442 3340 3027 313 102 74 272 247 48
is_linear=0
shrinkage=0.03


Tree=91
num_leaves=10
num_cat=0
split_feature=25 25 25 22 14 17 13 3 14
split_gain=9.13003 8.93297 18.4198 10.8796 10.4723 7.16211 6.23239 3.25717 1.37031
threshold=-0.001013258929688022 -0.00045651181314955007 -0.00034703461401847021 13113571.087000001 0.90780691610711839 0.0040549409801267965 0.01081774459767028 0.50390648843313246 0.59396009880066225
decision_type=2 2 2 2 2 2 2 2 2
left_child=7 4 6 -4 5 -2 -3 -1 -9
right_child=1 2 3 -5 -6 -7 -8 8 -10
leaf_value=0.0072957922767153153 -0.012742586593674348 -0.019699455657420466 -0.016669852062964098 0.00099434267498831139 -0.04871720851961172 0.0091141565454929598 0.017206689039822951 0.043590645471210832 0.022139445756852484
leaf_weight=7.729956284165385 44.435142755508423 4.3497885912656775 32.346419602632523 1051.4539319649339 5.6503524780273429 19.37719501554966 77.324240319430828 5.3494311124086362 5.3711837083101273
leaf_count=27 167 21 188 3530 25 60 244 17 19
internal_value=0.00119254 0.000879575 0.00150248 0.000467148 -0.00957178 -0.00610559 0.0152411 0.02214 0.0328433
internal_weight=1253.39 1234.94 1165.47 1083.8 69.4627 63.8123 81.674 18.4506 10.7206
internal_count=4298 4235 3983 3718 252 227 265 63 36
is_linear=0
shrinkage=0.03


Tree=92
num_leaves=12
num_cat=0
split_feature=11 14 0 7 12 7 27 25 25 6 13
split_gain=8.67709 11.2128 10.4227 12.9707 10.7589 8.23448 7.44563 7.27002 1.79784 1.05296 0.0163177
threshold=0.0071645471784740023 0.9293817745597891 -0.00038846136849684815 401812215.86450011 -0.0034546247748190539 195119.35400000002 -0.042569281000530777 0.00091992996561157724 -0.00021033847011132882 27191.000000000004 0.023357996622550312
decision_type=2 2 2 2 2 2 2 2 2 2 2
left_child=1 2 3 -1 -4 10 -7 -8 -3 -10 -2
right_child=5 8 4 -5 -6 6 7 -9 9 -11 -12
leaf_value=-0.012350839349736732 -0.035904940061566325 -0.0086927309091767487 0.0023820545676568518 0.026282199017608147 -0.032641956518533834 -0.036743723122663885 0.002957411844460836 0.024449723614273756 -0.021629444141911619 -0.04436606276430579 -0.039542566345547321
leaf_weight=102.33989388495684 2.1295481771230689 2.4056686311960211 283.88245836645365 8.4687138050794584 8.1194457113742811 4.1937024295330039 815.47713263332844 14.415248468518255 2.5634193643927556 6.4349702000617981 2.3178371861577034
leaf_count=405 17 10 986 24 56 16 2680 42 14 34 14
internal_value=0.00115735 -0.00239506 -0.00156455 -0.00939825 0.00140817 0.00291216 0.00312924 0.00333073 -0.0317301 -0.037889 -0.0378008
internal_weight=1252.75 414.215 402.811 110.809 292.002 838.533 834.086 829.892 11.4041 8.99839 4.44739
internal_count=4298 1529 1471 429 1042 2769 2738 2722 58 48 31
is_linear=0
shrinkage=0.03


Tree=93
num_leaves=14
num_cat=0
split_feature=21 17 14 14 25 13 26 21 5 4 24 6 5
split_gain=8.73773 11.9751 11.7067 10.5864 8.06377 7.21659 9.70355 13.7117 9.07682 7.82146 7.273 5.42762 0.875408
threshold=4267975.5000000009 0.024132488389640987 0.92200377234179653 0.70853832366467684 -9.5779806604573002e-05 0.020929969515098477 0.00055278881964603173 5311442.0000000009 -0.014074296438337108 127.50000000000001 0.4166150421325196 585511.50000000012 -0.0013713358314880952
decision_type=2 2 2 2 2 2 2 2 2 2 2 2 2
left_child=1 2 3 -1 -4 6 7 -2 -7 -8 -10 12 -3
right_child=5 11 4 -5 -6 8 9 -9 10 -11 -12 -13 -14
leaf_value=-0.00084739722790079281 0.013056503499808086 0.027736806682145516 0.0032373048038415934 0.0060802244426097071 -0.01418152619119141 -0.018403970463860803 0.039398371851887493 -0.05635195388784512 0.039653079807652668 -0.010043240575863369 0.012960045128989862 0.0033305620566909857 0.043682423476750373
leaf_weight=743.99499525874853 4.4839946180582064 6.2545140236616144 33.827673822641373 270.78548242896795 81.658015474677086 7.1924583464860907 5.4532721191644651 5.9748750627040863 10.790579780936239 6.1018735989928246 61.806658610701561 7.5197737216949454 6.1410584449768075
leaf_count=2589 14 17 116 906 312 26 17 26 28 24 185 23 15
internal_value=0.00112316 0.000377535 -2.87964e-05 0.00100118 -0.00907926 0.00954723 -0.00565926 -0.0265947 0.0137427 0.01329 0.0169276 0.0234383 0.0356366
internal_weight=1251.99 1150.18 1130.27 1014.78 115.486 101.804 22.014 10.4589 79.7897 11.5551 72.5972 19.9153 12.3956
internal_count=4298 3978 3923 3495 428 320 81 40 239 41 213 55 32
is_linear=0
shrinkage=0.03


Tree=94
num_leaves=15
num_cat=0
split_feature=28 26 28 28 26 28 17 28 26 26 3 29 14 10
split_gain=8.59441 26.9192 23.6493 26.6862 19.8975 15.7205 14.9536 14.7345 11.4056 9.45302 9.17544 8.81412 7.84065 5.73318
threshold=-0.00058009564634078675 -0.0024080699903713879 -0.00041156080401135364 -0.00029034711214869993 -0.00080748995181083077 -9.2266196662263013e-05 0.0053145697099011621 -0.0031090121984301382 -0.0034707841110313991 0.00047400656714967002 0.17027793335651498 0.044225725220021377 0.91973195981959843 -0.0096814658857322013
decision_type=2 2 2 2 2 2 2 2 2 2 2 2 2 2
left_child=1 6 4 13 12 -5 7 -1 -8 10 -3 -11 -2 -4
right_child=2 9 3 5 -6 -7 8 -9 -10 11 -12 -13 -14 -15
leaf_value=0.017461700965755458 -0.050386742755723885 0.0031325922213974789 -0.00069853425564414865 -0.014444480736608319 0.0050862670199070389 0.0007421988220369124 -0.00065038503013416574 -0.0074990526338480122 0.029566892802401788 -0.029691782210581531 0.020678595323248054 0.0074894385917720057 -0.0044710820914672144 0.039704120274901736
leaf_weight=23.849146321415901 18.204412855207924 35.105777494609356 3.8176489919424084 67.423038385808468 12.708990290760992 680.55895584821701 22.945463970303535 197.93045926839113 22.04141241312027 7.6284470334649113 113.69301544129848 23.157221570611 4.1011958569288245 18.376065298914909
leaf_count=81 74 115 13 246 40 2387 76 693 62 33 345 70 14 49
internal_value=0.00108989 0.0044289 -0.00076106 0.000335194 -0.0248741 -0.000626727 -0.00161591 -0.00481489 0.0141546 0.0134083 0.016539 -0.00172378 -0.0419445 0.0327543
internal_weight=1251.54 446.351 805.19 770.176 35.0146 747.982 266.766 221.78 44.9869 179.584 148.799 30.7857 22.3056 22.1937
internal_count=4298 1475 2823 2695 128 2633 912 774 138 563 460 103 88 62
is_linear=0
shrinkage=0.03


Tree=95
num_leaves=11
num_cat=0
split_feature=25 25 25 23 25 25 0 3 14 13
split_gain=8.52975 8.51698 17.9901 11.369 10.1049 6.50964 6.41825 3.18478 1.35016 0.496848
threshold=-0.001013258929688022 0.00091992996561157724 0.00073185741853035505 1.0844833316036511 0.00046462623231768142 0.001090042596103652 0.0013684103791148504 0.50390648843313246 0.59396009880066225 0.02960264382298922
decision_type=2 2 2 2 2 2 2 2 2 2
left_child=7 2 4 -4 -2 9 -7 -1 -9 -3
right_child=1 5 3 -5 -6 6 -8 8 -10 -11
leaf_value=0.0067198225241620821 2.1245806105084304e-06 0.041990406396592642 -0.048796257648986797 -0.0031788160780973004 0.0095541415712458149 -0.017529556807210207 0.025763074402812738 0.042950634419407101 0.02147985166605015 0.029147888795121368
leaf_weight=7.6581472754478481 1079.8959760442376 5.5498076528310776 10.754523500800135 9.0587171465158445 109.80954037606716 6.239200547337532 6.0905522853136063 5.2344928383827192 5.3096909523010254 5.3008206933736801
leaf_count=27 3726 15 45 33 360 24 17 17 19 15
internal_value=0.00105786 0.000756828 0.000411613 -0.0279397 0.000883774 0.0187696 0.00385579 0.0214444 0.0321387 0.0357165
internal_weight=1250.9 1232.7 1209.52 19.8132 1189.71 23.1804 12.3298 18.2023 10.5442 10.8506
internal_count=4298 4235 4164 78 4086 71 41 63 36 30
is_linear=0
shrinkage=0.03


Tree=96
num_leaves=15
num_cat=0
split_feature=29 10 5 28 1 12 11 5 8 23 6 6 7 4
split_gain=8.28638 9.92077 9.54685 9.51518 9.22763 11.0876 10.3517 8.28987 8.12049 12.1981 6.51447 4.84486 5.66249 3.44422
threshold=0.065756621496700932 -0.0099297707818463091 0.014303691987100927 -0.0025031009171439999 0.028578670986920834 -0.010626531334898473 0.0072633526276925228 -0.012104145524826916 -0.016438574464393733 0.92374043446251031 61582.000000000007 831742.50000000012 55951032.5295 317.50000000000006
decision_type=2 2 2 2 2 2 2 2 2 2 2 2 2 2
left_child=1 3 8 13 5 -3 -6 -5 9 -2 -10 12 -4 -1
right_child=2 4 11 7 6 -7 -8 -9 10 -11 -12 -13 -14 -15
leaf_value=-2.7391191814389363e-05 -0.036764793677451828 0.0077878128751267131 -0.0089060004012972392 -0.02545187000558537 -0.0046180628982763327 -0.0045797588497235369 0.0071285487624662709 -0.0056238945384794762 -0.0082115224345354412 0.0059133998964061999 0.010701857702245781 0.0039994100846861133 -0.054425971284934128 0.030917847272823266
leaf_weight=5.4657627046108228 9.0106339603662509 82.745792523026466 5.4131726920604724 21.379226163029671 86.566848121583462 308.36796706169844 306.86170919984579 168.91165351867676 17.845419332385063 18.204324901103973 200.98822908103466 6.3322355002164832 4.5074832439422607 7.9384914338588715
leaf_count=18 33 272 18 82 336 1204 978 585 59 55 597 20 18 23
internal_value=0.00102648 -0.000231651 0.00576656 -0.00613069 0.00129995 -0.00196322 0.00454392 -0.00785157 0.00723753 -0.00821698 0.00915951 -0.0165022 -0.0295882 0.0182995
internal_weight=1250.54 988.237 262.301 203.695 784.542 391.114 393.429 190.291 246.049 27.215 218.834 16.2529 9.92066 13.4043
internal_count=4298 3498 800 708 2790 1476 1314 667 744 88 656 56 36 41
is_linear=0
shrinkage=0.03


Tree=97
num_leaves=14
num_cat=0
split_feature=21 17 14 29 25 13 26 21 5 24 6 13 5
split_gain=8.20477 11.2169 11.2446 10.4397 7.53368 6.66869 9.10244 12.9543 8.4805 6.95331 5.20413 4.29681 0.84504
threshold=4267975.5000000009 0.024132488389640987 0.92200377234179653 0.028670442450700415 -9.5779806604573002e-05 0.020929969515098477 0.00055278881964603173 5311442.0000000009 -0.014074296438337108 0.48557099257936986 585511.50000000012 0.014894098662603683 -0.0013713358314880952
decision_type=2 2 2 2 2 2 2 2 2 2 2 2 2
left_child=1 2 3 -1 -4 6 7 -2 -7 -10 12 -8 -3
right_child=5 10 4 -5 -6 8 11 -9 9 -11 -12 -13 -14
leaf_value=-0.0070898411620091356 0.012686380420075007 0.026936162927562887 0.002911950306291542 0.0020536601641878067 -0.013939043383983159 -0.01788575313802505 -0.0069303359014720907 -0.054898843078586612 0.030172005676529133 0.010063727044042563 0.0030002867761746259 0.029755519390132788 0.042695586263998588
leaf_weight=128.74560060352087 4.4820477962493914 6.1863369047641763 33.782562144100666 884.36705783754587 81.443630047142506 7.1760425418615332 5.3248735666275007 5.9286912232637405 22.446879550814629 49.84350211918354 7.4953144341707221 6.2411871999502182 6.0638416409492502
leaf_count=616 14 17 116 2879 312 26 23 26 61 152 23 18 15
internal_value=0.000996595 0.000273982 -0.000118289 0.000891711 -0.00899859 0.00917478 -0.00545169 -0.0258019 0.0132198 0.0163075 0.0226899 0.0128658 0.0347371
internal_weight=1249.53 1148.08 1128.34 1013.11 115.226 101.443 21.9768 10.4107 79.4664 72.2904 19.7455 11.5661 12.2502
internal_count=4298 3978 3923 3495 428 320 81 40 239 213 55 41 32
is_linear=0
shrinkage=0.03


Tree=98
num_leaves=15
num_cat=0
split_feature=9 28 26 25 26 25 25 20 9 3 22 29 5 29
split_gain=8.22869 16.0127 23.0684 25.8753 19.7416 19.0814 14.9676 10.8331 9.53624 10.8433 10.3468 8.23223 12.4581 8.99391
threshold=1.760162796231419 -0.0006564056522797159 -0.0018928406198037023 0.00082441926047970894 -0.0022539005009596831 0.00025121373136027418 0.00056708593709624321 0.0011239476500914101 1.8777933527918103 0.27543703786612472 19711789.371000003 0.077486233048236611 0.0026409702064492187 0.047524969605917906
decision_type=2 2 2 2 2 2 2 2 2 2 2 2 2 2
left_child=1 2 5 -4 -3 -1 -6 8 9 -2 -10 13 -13 -9
right_child=7 4 3 -5 6 -7 -8 11 10 -11 -12 12 -14 -15
leaf_value=0.0083763771169448435 0.00055238578675158626 -0.037501207338969604 0.026869973270439208 -0.029838083516642619 -0.00073427916693149132 -0.013892786156729857 0.020179580116586254 0.0028071671460281364 -0.022598969873347481 -0.040032759946101081 -0.001904240289316305 0.008531680722621289 -0.063109240472712838 0.022625526937990175
leaf_weight=137.66463851928711 10.301523707807066 12.506888970732687 77.952973395586014 7.9833011627197257 460.51800485700369 46.268158689141273 33.005602121353149 68.610270872712135 23.338596992194653 13.94485344737768 318.1308199390769 5.2595317959785444 3.7366757541894913 29.457194626331329
leaf_count=444 37 52 226 30 1565 165 103 238 134 57 1133 16 15 83
internal_value=0.000967378 0.0028684 0.0087699 0.0216019 -0.000278902 0.00277459 0.000664386 -0.00215248 -0.00460955 -0.0227894 -0.00331867 0.00624058 -0.0212252 0.00876014
internal_weight=1248.68 775.9 269.869 85.9363 506.03 183.933 493.524 472.779 365.716 24.2464 341.469 107.064 8.99621 98.0675
internal_count=4298 2585 865 256 1720 609 1668 1713 1361 94 1267 352 31 321
is_linear=0
shrinkage=0.03


Tree=99
num_leaves=13
num_cat=0
split_feature=28 26 26 29 5 8 5 26 11 3 9 20
split_gain=7.7882 17.402 12.9219 14.4056 12.6271 11.3169 9.16026 10.141 8.8069 8.90359 7.19354 0.514881
threshold=0.0012652845293654551 -0.001279158499740231 0.002202364406919319 0.088222990906599727 -0.0022211198183316938 -0.019347929797628154 -0.0019737201942730707 -0.0018928406198037023 0.030759868185636596 0.82823523330124071 2.4841780743652588 -0.017652070116253367
decision_type=2 2 2 2 2 2 2 2 2 2 2 2
left_child=4 11 3 -3 8 -4 -6 -8 9 -1 -10 -2
right_child=1 2 5 -5 6 -7 7 -9 10 -11 -12 -13
leaf_value=-0.0043623239763191284 0.027664006112692863 -0.015861935389770706 -0.032716317587581263 0.032836262126962765 0.033884628756929609 0.001395916377460242 -0.0009460061149584747 0.0075900455776855722 0.022567898394263951 0.026831659978901176 -0.0059667672662495714 0.040832560841321336
leaf_weight=318.81972113251686 5.127758651971817 96.553083956241608 9.1532633006572706 5.7951327711343756 9.8087119907140714 200.07761241495609 191.49459987878799 362.13866782933474 22.222401723265648 8.4533911719918233 12.381528869271277 5.5802773386239988
leaf_count=1104 15 405 36 15 28 688 656 1207 63 25 41 15
internal_value=0.000939264 -0.00307703 -0.00436935 -0.0131046 0.00233813 -9.63981e-05 0.00514669 0.00463754 -0.00203478 -0.00355659 0.012358 0.0345265
internal_weight=1247.61 322.287 311.579 102.348 925.319 209.231 563.442 553.633 361.877 327.273 34.6039 10.708
internal_count=4298 1174 1144 420 3124 724 1891 1863 1233 1129 104 30
is_linear=0
shrinkage=0.03


Tree=100
num_leaves=11
num_cat=0
split_feature=25 25 25 27 22 20 8 20 22 24
split_gain=7.92856 8.07629 16.3827 12.3244 9.53159 8.46484 5.20436 3.28051 4.10412 2.00862
threshold=-0.001013258929688022 -0.00045651181314955007 -0.00034703461401847021 0.022606990477815888 13113571.087000001 0.0033442061596279564 -0.0052823507860965254 -0.0062210022836455313 86184583.331000015 0.61427379074152744
decision_type=2 2 2 2 2 2 2 2 2 2
left_child=7 3 6 5 -4 -2 -3 8 -1 -9
right_child=1 2 4 -5 -6 -7 -8 9 -10 -11
leaf_value=-0.012277321225078273 -0.010295424968514816 0.026374772501779036 -0.015962568231731488 -0.048553612193414232 0.00073022769922082942 0.018814764466345116 0.0094686067691645351 0.045764843078708518 0.028586923981048212 0.017282854150128448
leaf_weight=4.5182532668113726 51.830621317028999 22.797071784734726 31.71844494342804 6.5298348516225806 1046.9437809661031 10.876879356801508 58.288911610841751 5.1329871118068677 4.3334038704633713 3.9381440579891205
leaf_count=17 193 72 188 26 3530 33 193 17 14 15
internal_value=0.000911648 0.00062276 0.00121697 -0.00933051 0.00023937 -0.00524614 0.0142217 0.0207211 0.00772812 0.0333997
internal_weight=1246.91 1228.99 1159.75 69.2373 1078.66 62.7075 81.086 17.9228 8.85166 9.07113
internal_count=4298 4235 3983 252 3718 226 265 63 31 32
is_linear=0
shrinkage=0.03


Tree=101
num_leaves=15
num_cat=0
split_feature=21 11 10 23 21 7 21 13 26 21 28 12 4 4
split_gain=7.74194 8.79263 11.1712 11.6921 8.12652 7.41554 6.73209 6.27808 8.54136 12.3056 7.38198 12.1775 8.07506 7.14138
threshold=4267975.5000000009 0.0070868501368371853 0.00077921390051263837 1.1365570920605867 134872.00000000003 195119.35400000002 20878.500000000004 0.020929969515098477 0.00055278881964603173 5311442.0000000009 0.0012991353911046843 -0.017955236934900247 317.50000000000006 127.50000000000001
decision_type=2 2 2 2 2 2 2 2 2 2 2 2 2 2
left_child=1 2 3 -1 -4 -3 -7 8 9 -2 12 -12 -9 -10
right_child=7 5 4 -5 -6 6 -8 10 13 -11 11 -13 -14 -15
leaf_value=0.003370632950518706 0.01229815777672654 -0.037307399029107152 -0.00026592847015380816 -0.0077533240713449974 -0.029580856117965258 0.02830325871617927 0.0019456255858624387 0.011908266810618127 0.037236348660943976 -0.053748622309460051 -0.036282970867422333 0.012547639111374747 0.037864695063544757 -0.009994637024473764
leaf_weight=180.92357306927443 4.4750092029571551 4.2889645770192137 13.193556904792784 160.45792331546545 23.978873580694199 8.8233669102191907 753.70040019601583 42.708982527256012 5.4690365046262723 5.8681769520044327 6.5456707328557995 15.434612110257147 14.432020321488379 6.0889428853988647
leaf_count=626 14 31 62 616 115 25 2503 130 17 26 25 46 38 24
internal_value=0.000884718 0.000182526 -0.00355849 -0.00185791 -0.0191762 0.00202936 0.00225062 0.00884599 -0.00536875 -0.0251733 0.0127807 -0.00199399 0.018464 0.0123543
internal_weight=1246.39 1145.37 378.554 341.381 37.1724 766.813 762.524 101.022 21.9012 10.3432 79.1213 21.9803 57.141 11.558
internal_count=4298 3978 1419 1242 177 2559 2528 320 81 40 239 71 168 41
is_linear=0
shrinkage=0.03


Tree=102
num_leaves=11
num_cat=0
split_feature=25 22 22 25 12 13 15 5 22 1
split_gain=7.50642 7.72197 8.32198 11.1205 8.66469 7.73334 8.46402 2.50709 2.22595 0.374755
threshold=-0.001013258929688022 34038453.305500008 53665173.726500005 -0.00045651181314955007 -0.0025672654432669791 0.040808019002776107 -0.010135540884398102 0.0027209370082374577 56056973.59700001 0.035946644574505006
decision_type=2 2 2 2 2 2 2 2 2 2
left_child=7 5 4 -4 -3 6 -2 8 -1 -9
right_child=1 2 3 -5 -6 -7 -8 9 -10 -11
leaf_value=-0.0068120355436614146 -0.032815980172992774 0.01318343443899949 -0.013136902865520082 0.001454162629396313 -0.0071925296963127614 0.027698077264354012 -0.0044241067316073924 0.038085574247736745 0.022571720704878145 0.025290584303086113
leaf_weight=4.1425773650407809 9.9625849127769452 94.402706012129784 49.72748576104641 860.2808493077755 23.44806694984436 6.3743694871664038 183.66209955513477 4.522382587194441 5.2747145742177963 3.7840491831302643
leaf_count=15 41 311 175 2810 89 18 791 15 18 15
internal_value=0.000858625 0.00057882 0.00162826 0.000656833 0.00912935 -0.0048146 -0.00588496 0.0202428 0.00964609 0.0322567
internal_weight=1245.58 1227.86 1027.86 910.008 117.851 199.999 193.625 17.7237 9.41729 8.30643
internal_count=4298 4235 3385 2985 400 850 832 63 33 30
is_linear=0
shrinkage=0.03


Tree=103
num_leaves=15
num_cat=0
split_feature=28 26 28 28 26 25 25 14 28 1 5 13 14 10
split_gain=7.65063 23.875 22.3278 25.2099 18.9675 17.5671 16.5392 13.7153 13.0511 12.3228 12.121 9.91357 7.32621 5.24561
threshold=-0.00058009564634078675 -0.0024080699903713879 -0.00041156080401135364 -0.00029034711214869993 -0.00080748995181083077 0.00082441926047970894 0.00041867637370380899 0.36400059104253196 -0.0031090121984301382 0.026514994093541175 0.015063736778219098 0.030967475596247091 0.91973195981959843 -0.0096814658857322013
decision_type=2 2 2 2 2 2 2 2 2 2 2 2 2 2
left_child=1 7 4 13 12 10 -5 8 -1 -7 -3 -9 -2 -4
right_child=2 5 3 6 -6 9 -8 11 -10 -11 -12 -13 -14 -15
leaf_value=0.018208228233809919 -0.049223524664536007 0.017728677426290324 -0.00023789825093665587 -0.0025325543611071787 0.004924413537047664 0.019707749669860209 0.010646639988333062 0.00019632390812218171 -0.011539962813831409 -0.028508351890343189 -0.024709813848271273 0.018837096788193858 -0.0047441560127860372 0.03844795386181387
leaf_weight=14.891510829329489 18.16584121435881 149.88911295682192 3.8139661550521877 645.85957073420286 12.668027713894842 7.0785753726959255 98.81090122461319 93.154403388500214 122.11669836193323 14.630986064672468 6.3121108859777442 35.447835460305214 4.0815871655941001 18.244652628898621
leaf_count=50 74 461 13 2300 40 24 333 330 427 54 24 105 14 49
internal_value=0.00083317 0.00399465 -0.000915962 0.000152455 -0.024378 0.0124993 -0.000783797 -0.00170193 -0.00830661 -0.0127871 0.0160137 0.00533445 -0.0410632 0.0317591
internal_weight=1245.17 443.521 801.645 766.729 34.9155 177.911 744.67 265.61 137.008 21.7096 156.201 128.602 22.2474 22.0586
internal_count=4298 1475 2823 2695 128 563 2633 912 477 78 485 435 88 62
is_linear=0
shrinkage=0.03


Tree=104
num_leaves=12
num_cat=0
split_feature=29 5 10 24 1 11 11 26 8 23 0
split_gain=7.44061 8.92472 8.79279 10.057 8.64113 11.0991 8.92649 8.21727 6.71594 11.5709 8.18573
threshold=0.065756621496700932 0.018464004845011449 -0.0099297707818463091 1.2769798787674522 0.028578670986920834 0.0018805310745321051 0.0072633526276925228 -0.0044991700468298744 -0.016438574464393733 0.92374043446251031 0.0021381474448544896
decision_type=2 2 2 2 2 2 2 2 2 2 2
left_child=2 8 3 7 5 -4 -6 -1 9 -2 -10
right_child=1 -3 4 -5 6 -7 -8 -9 10 -11 -12
leaf_value=0.021122231448704645 -0.035716840325495929 -0.030451038750290364 0.016905618705547885 0.039435941345683921 -0.0043255023182282712 -0.0034518192593607977 0.0066119491228624049 -0.0082581370829998592 0.010513593656855363 0.0056538870634730964 -0.0044973575970611692
leaf_weight=8.972853094339369 8.9967547059059161 6.1303360015153876 25.814400784671307 4.3012912273406974 86.077651284635067 363.73766174912453 305.52368203550577 189.66206520050764 186.89563329517841 18.796387925744057 39.627511546015739
leaf_count=26 33 23 101 12 336 1375 978 670 559 57 128
internal_value=0.000808746 0.00531774 -0.000384592 -0.00594819 0.00106078 -0.0021028 0.00420779 -0.00693095 0.00617995 -0.00773799 0.00788761
internal_weight=1244.54 260.447 984.09 202.936 781.153 389.552 391.601 198.635 254.316 27.7931 226.523
internal_count=4298 800 3498 708 2790 1476 1314 696 777 90 687
is_linear=0
shrinkage=0.03


Tree=105
num_leaves=15
num_cat=0
split_feature=9 28 26 25 26 25 25 28 20 9 0 18 17 29
split_gain=7.4204 14.6247 20.6143 23.3165 18.7494 17.5026 13.6694 9.49012 10.3171 10.2253 13.8606 10.7309 4.06193 3.75041
threshold=1.760162796231419 -0.0006564056522797159 -0.0018928406198037023 0.00082441926047970894 -0.0022539005009596831 0.00025121373136027418 0.00056708593709624321 0.0032202013241880842 -0.031919655304292853 1.8607973327954015 0.00051445135681551536 0.0049091809596002725 0.0016499874831072635 0.036353157550292066
decision_type=2 2 2 2 2 2 2 2 2 2 2 2 2 2
left_child=1 2 5 -4 12 -1 -6 9 -9 10 -2 -11 -3 -10
right_child=7 4 3 -5 6 -7 -8 8 13 11 -12 -13 -14 -15
leaf_value=0.0079710146129185894 -0.045276633246181787 -0.015238075956584649 0.025521674617172294 -0.028432286484263578 -0.00083139812638276819 -0.013390779939703761 0.019226616999185944 -0.026576034830317331 0.0012249965194752004 -0.024654645510553731 -0.00015797291949041345 -0.0010946898178818578 -0.050466472523001821 0.030811095903490807
leaf_weight=137.08040157705545 11.897591620683672 4.8069481998682004 76.998847879469395 7.9533350169658652 459.34648448228836 46.13881628215313 32.759211912751198 4.3753962665796307 5.0230319797992733 18.185644142329693 12.636306777596472 402.34845377504826 7.6077534556388855 16.598184153437614
leaf_count=444 50 19 226 30 1565 165 103 16 18 114 44 1427 33 44
internal_value=0.000785042 0.00259432 0.00825533 0.0204704 -0.000414723 0.00259162 0.000503853 -0.00218273 0.0154359 -0.00321184 -0.022038 -0.00211352 -0.0368261 0.0239377
internal_weight=1243.76 772.692 268.171 84.9522 504.52 183.219 492.106 471.065 25.9966 445.068 24.5339 420.534 12.4147 21.6212
internal_count=4298 2585 865 256 1720 609 1668 1713 78 1635 94 1541 52 62
is_linear=0
shrinkage=0.03


Tree=106
num_leaves=14
num_cat=0
split_feature=21 17 14 14 25 13 28 21 5 24 23 3 13
split_gain=7.30814 10.2896 10.4161 9.14476 7.00547 5.81304 7.81911 16.2158 7.74004 6.79401 5.02229 3.10152 2.64894
threshold=4267975.5000000009 0.024132488389640987 0.92200377234179653 0.70853832366467684 -9.5779806604573002e-05 0.020929969515098477 0.00066949013142538491 5311442.0000000009 -0.014074296438337108 0.4166150421325196 1.046338461370194 0.59047272290904751 0.055699440071013039
decision_type=2 2 2 2 2 2 2 2 2 2 2 2 2
left_child=1 2 3 -1 -4 6 7 -2 -7 -10 -3 -8 -12
right_child=5 10 4 -5 -6 8 11 -9 9 -11 12 -13 -14
leaf_value=-0.0010449917731687934 0.015619126513169089 -0.0054931623141110508 0.0026354574848630433 0.0054154465040100854 -0.013649902744587723 -0.017435493637894851 0.031285622553905684 -0.053733320600303627 0.037438712576506723 0.011430601875926986 0.040244640729412744 -0.0027929447189790398 0.014179563760375808
leaf_weight=739.06871134415269 5.7217203527688998 4.6544949710369137 33.660436525940895 268.95241756737232 80.932554878294468 7.1561070084571829 5.0324279367923719 6.460236519575119 10.613331422209738 60.965042307972908 9.1301573961973173 4.6011043637990952 5.6997769474983206
leaf_count=2589 18 15 116 906 312 26 15 29 28 185 23 19 17
internal_value=0.00076219 7.95537e-05 -0.000295591 0.000678733 -0.00886626 0.00851593 -0.00518758 -0.0211593 0.0123129 0.015287 0.0216939 0.0150092 0.0302267
internal_weight=1242.65 1142.1 1122.61 1008.02 114.593 100.55 21.8155 12.182 78.7345 71.5784 19.4844 9.63353 14.8299
internal_count=4298 3978 3923 3495 428 320 81 47 239 213 55 34 40
is_linear=0
shrinkage=0.03


Tree=107
num_leaves=14
num_cat=0
split_feature=28 26 26 29 28 28 25 29 25 23 24 24 20
split_gain=7.17577 15.9232 12.0384 13.3894 10.8683 21.3432 22.2358 18.3159 20.1769 11.0258 7.89376 7.23982 0.510146
threshold=0.0012652845293654551 -0.001279158499740231 0.002202364406919319 0.088222990906599727 0.00036922789529572701 0.00031422155033527269 0.00025121373136027418 0.027320112613435341 0.00028820673011691647 2.4010994914928321 0.38806680669871446 0.61427379074152744 -0.017652070116253367
decision_type=2 2 2 2 2 2 2 2 2 2 2 2 2
left_child=4 12 3 -3 5 6 -1 10 -9 -7 -6 -4 -2
right_child=1 2 11 -5 7 9 -8 8 -10 -11 -12 -13 -14
leaf_value=0.0042185131887670342 0.026373138717913396 -0.015471484392376644 0.0040256143050045844 0.031774019340731124 0.012035899127509363 -0.04738497166062218 -0.0081983676581098824 0.0042615087526938107 0.024868485427327294 0.013404101318846333 -0.03593274532688779 -0.0075718419875614069 0.039611442135247907
leaf_weight=506.3148919865489 5.0625407099723816 96.004740677773952 132.10987235605717 5.720299467444419 4.1978251263499251 12.392234660685061 174.5449512898922 148.77193692326546 60.013145640492439 3.4282279461622229 11.673443406820295 76.495332270860672 5.4296017140150052
leaf_count=1693 15 405 457 15 23 53 617 484 176 11 67 267 15
internal_value=0.000739661 -0.0031244 -0.00435332 -0.0128147 0.00208518 0.000234913 0.00103533 0.00782304 0.0101848 -0.0342122 -0.0232454 -0.000227162 0.0332239
internal_weight=1242.16 320.822 310.33 101.725 921.337 696.68 680.86 224.656 208.785 15.8205 15.8713 208.605 10.4921
internal_count=4298 1174 1144 420 3124 2374 2310 750 660 64 90 724 30
is_linear=0
shrinkage=0.03


Tree=108
num_leaves=10
num_cat=0
split_feature=10 28 28 28 9 29 25 14 25
split_gain=7.2458 7.62102 21.6627 24.2286 15.4999 14.8687 13.9997 11.8762 2.48721
threshold=0.05366446396704249 -0.00058009564634078675 -0.00041156080401135364 -0.00029034711214869993 1.7749908674607224 0.024189394635007092 0.00066001127197761367 0.10543085068157874 -8.0925566625928959e-05
decision_type=2 2 2 2 2 2 2 2 2
left_child=1 4 5 -4 6 -3 -1 -6 -2
right_child=8 2 3 -5 7 -7 -8 -9 -10
leaf_value=0.0097768787801898998 0.037556580670570855 0.016050321275236326 0.030850230395213465 -0.001137751821606718 -0.021729695798000978 -0.03441161457811804 -0.013559392288652581 -0.00010431055745033289 0.0088855737817880691
leaf_weight=263.85064450651407 6.1724780648946762 6.5032302290201178 21.947402268648148 734.5220035687089 28.091568000614643 27.383286066353321 25.360403388738632 122.62279154360294 4.8729692846536619
leaf_count=845 17 21 62 2610 107 104 91 426 15
internal_value=0.000717879 0.000500704 -0.00126088 -0.000209686 0.00366551 -0.0247274 0.00773056 -0.00413505 0.0249077
internal_weight=1241.33 1230.28 790.356 756.469 439.925 33.8865 289.211 150.714 11.0454
internal_count=4298 4266 2797 2672 1469 125 936 533 32
is_linear=0
shrinkage=0.03


Tree=109
num_leaves=10
num_cat=0
split_feature=25 22 22 25 12 13 15 3 17
split_gain=6.968 7.18086 7.97008 10.2799 8.25149 7.39536 7.89929 3.2673 1.2419
threshold=-0.001013258929688022 34038453.305500008 53665173.726500005 -0.00045651181314955007 -0.0025672654432669791 0.040808019002776107 -0.010135540884398102 0.50390648843313246 0.00068839908655538907
decision_type=2 2 2 2 2 2 2 2 2
left_child=7 5 4 -4 -3 6 -2 -1 -9
right_child=1 2 3 -5 -6 -7 -8 8 -10
leaf_value=0.004344349007560983 -0.031948145405809272 0.012746447686278852 -0.012781944868517744 0.0012582480879103225 -0.007172713287392855 0.027085497917292242 -0.0044198166602659053 0.039398087703367425 0.017899182031524775
leaf_weight=7.3331040740013149 9.8885043337941152 94.242581143975258 49.652825728058815 857.03521526604891 23.355271756649017 6.3448896557092658 182.96177339926362 5.9696075320243818 4.0648363828659058
leaf_count=27 41 311 175 2810 89 18 791 20 16
internal_value=0.00069672 0.000428873 0.00144241 0.000489367 0.00879045 -0.00478286 -0.00583135 0.0195656 0.0306891
internal_weight=1240.85 1223.48 1024.29 906.688 117.598 199.195 192.85 17.3675 10.0344
internal_count=4298 4235 3385 2985 400 850 832 63 36
is_linear=0
shrinkage=0.03


Tree=110
num_leaves=14
num_cat=0
split_feature=21 25 25 26 28 29 15 23 8 24 7 28 28
split_gain=6.94027 8.54857 18.8694 11.9735 18.2939 17.4496 9.23946 5.89618 5.30745 7.10431 10.3862 6.77392 2.8391
threshold=4267975.5000000009 -0.00014680805425697666 -0.0001718181935138487 0.0016582779523275667 0.0017423674789256796 0.036782634458875071 0.017011481933676072 1.5601596536643332 -0.017561112938841845 0.48790323211559145 849179486.50600004 0.00036922789529572701 0.00098273826471175136
decision_type=2 2 2 2 2 2 2 2 2 2 2 2 2
left_child=1 2 6 4 -3 -5 -1 -4 12 11 -11 -10 -2
right_child=8 3 7 5 -6 -7 -8 -9 9 10 -12 -13 -14
leaf_value=0.00087028082786220638 0.0010566933667567301 -2.5327599283944003e-05 0.038247825554234408 -0.021035666205409274 0.033352643246901854 -0.0026005870647970142 0.029557199790355735 0.0087504603559930474 0.010159670259827671 0.0129641517963947 -0.013776275255326181 0.038778147168937897 -0.032454157732994572
leaf_weight=259.31811128556728 5.2880935966968519 570.66278975456953 17.932192489504818 60.364506185054779 15.171316184103487 197.07645280659199 10.514359354972838 9.2421359568834287 17.614448547363285 41.263425812125206 19.134748890995979 12.891592323780058 3.9938671141862869
leaf_count=899 18 1961 47 329 44 639 29 30 56 127 69 35 15
internal_value=0.000676037 1.08945e-05 0.00438776 -0.00153067 0.00083906 -0.00692323 0.0019881 0.0282156 0.00824644 0.0104529 0.00449252 0.0222536 -0.0133624
internal_weight=1240.47 1140.28 297.007 843.275 585.834 257.441 269.832 27.1743 100.186 90.9042 60.3982 30.506 9.28196
internal_count=4298 3978 1005 2973 2005 968 928 77 320 287 196 91 33
is_linear=0
shrinkage=0.03


Tree=111
num_leaves=11
num_cat=0
split_feature=7 24 25 25 28 14 15 12 18 29
split_gain=6.74813 9.91436 8.29197 16.5777 12.3169 11.5295 6.72512 6.57048 3.42274 0.107761
threshold=454406.57350000012 0.31887234871496328 0.00091992996561157724 0.00073185741853035505 0.0012652845293654551 0.28791004475892179 -0.01031934475358467 -0.011054012646321184 0.010583100096502382 0.043638816046524677
decision_type=2 2 2 2 2 2 2 2 2 2
left_child=1 -1 3 4 -2 -5 -4 -8 9 -3
right_child=2 8 6 5 -6 -7 7 -9 -10 -11
leaf_value=0.015100332772753584 0.0028785212271907733 -0.037330270884452281 -0.013450337484751346 -0.002717449885487941 -0.0041213694731455095 -0.049921708283175825 0.04542615879063365 0.0079251199586092697 -0.0076950496336462525 -0.044859633047015686
leaf_weight=6.4365144446492222 872.63285236805677 8.275286950170992 4.4230587482452419 8.8953558206558245 305.41739240288734 9.7732705920934659 9.099703341722492 7.8170421570539448 4.545917071402072 2.1565798670053473
leaf_count=29 2920 60 15 32 1119 43 24 25 21 10
internal_value=0.000656293 -0.0160383 0.000949796 0.000619263 0.00106375 -0.0274295 0.0194858 0.0280973 -0.0294198 -0.0388868
internal_weight=1239.47 21.4143 1218.06 1196.72 1178.05 18.6686 21.3398 16.9167 14.9778 10.4319
internal_count=4298 120 4178 4114 4039 75 64 49 91 70
is_linear=0
shrinkage=0.03


Tree=112
num_leaves=10
num_cat=0
split_feature=10 28 25 5 26 5 26 17 25
split_gain=6.81297 6.97146 15.2693 12.1222 9.95931 8.70941 8.26564 8.12602 2.3935
threshold=0.05366446396704249 0.0012652845293654551 0.00054953301612046255 -0.0022211198183316938 0.002202364406919319 -0.0019737201942730707 -0.0034707841110313991 -0.0042894728163564875 -8.0925566625928959e-05
decision_type=2 2 2 2 2 2 2 2 2
left_child=1 3 4 6 -3 -5 -1 -4 -2
right_child=8 2 7 5 -6 -7 -8 -9 -10
leaf_value=-0.014140321692194055 0.036861314158696215 -0.014787634571321462 -0.021548756343689197 0.032634811495177128 -0.0022775855419269373 0.0040195599195437933 -0.00076224160485103274 0.017762192423548442 0.008569892307708887
leaf_weight=48.011014729738235 6.0404971987009048 82.528745774179697 5.3930241614580146 9.7432925477623922 187.15770971775055 546.85328973829746 309.60132966935635 38.641651339828968 4.8540181368589383
leaf_count=172 17 352 22 28 660 1854 1055 123 15
internal_value=0.000636839 0.000427282 -0.00343147 0.00175146 -0.00610588 0.00452047 -0.00255831 0.0129477 0.0242562
internal_weight=1238.82 1227.93 313.721 914.209 269.686 556.597 357.612 44.0347 10.8945
internal_count=4298 4266 1157 3109 1012 1882 1227 145 32
is_linear=0
shrinkage=0.03


Tree=113
num_leaves=10
num_cat=0
split_feature=8 9 25 26 28 28 9 18 9
split_gain=6.70648 7.25467 13.1219 16.8574 10.1318 8.5235 9.20984 8.61569 3.1217
threshold=0.028855330035895108 1.760162796231419 -9.5779806604573002e-05 0.0029472077231756212 -0.0006564056522797159 0.0032202013241880842 1.8607973327954015 0.018729062766768601 3.2294372515339234
decision_type=2 2 2 2 2 2 2 2 2
left_child=1 2 4 -4 -1 6 -3 -7 -2
right_child=8 5 3 -5 -6 7 -8 -9 -10
leaf_value=0.018248535491667495 0.038475210976555499 -0.021436311465533674 0.0017090834178295491 -0.014071747541982553 0.0042099381098190522 0.026667539954238959 -0.0024770517306216024 -0.011329518944903923 0.0063799120279092016
leaf_weight=65.35054786503315 6.0189282149076444 24.429157234728336 473.09547920525074 69.9266452267766 158.44978350400925 16.857736602425579 411.32499396428466 7.8817891478538504 4.9873917549848557
leaf_count=209 16 94 1591 261 517 48 1519 27 16
internal_value=0.000618011 0.00040894 0.00219632 -0.000323063 0.00830926 -0.00256743 -0.00353994 0.014562 0.0239316
internal_weight=1238.32 1227.32 766.822 543.022 223.8 460.494 435.754 24.7395 11.0063
internal_count=4298 4266 2578 1852 726 1688 1613 75 32
is_linear=0
shrinkage=0.03


Tree=114
num_leaves=15
num_cat=0
split_feature=29 5 10 7 7 23 21 13 8 0 6 11 18 18
split_gain=6.68152 8.50171 8.17412 9.05664 14.1022 7.86985 7.90089 7.13237 9.58383 4.49892 4.38609 4.19782 3.63081 3.53352
threshold=0.065756621496700932 0.014303691987100927 -0.0099297707818463091 1017834818.6865002 728179891.90150011 9.8175971862969131 20878.500000000004 0.018969385530250949 -0.016773972250660203 -0.00097421999903119535 831742.50000000012 0.0022052412975516055 0.011836109205467677 0.012767102004022498
decision_type=2 2 2 2 2 2 2 2 2 2 2 2 2 2
left_child=2 7 3 4 -1 6 -4 12 -9 -3 -11 -5 -2 -7
right_child=1 9 5 11 -6 13 -8 8 -10 10 -12 -13 -14 -15
leaf_value=-0.0061796566531982901 0.010706850487007305 -0.038955184394657817 0.024501371840808753 -0.015231660516641406 0.036291539596830298 7.4441262616298758e-05 -1.3036209938144678e-05 -0.012993783704111103 0.0070659408120981888 -0.022545625941754296 0.015813911092509212 -0.057361682229447195 0.039756013864418627 0.027736967830477618
leaf_weight=186.27902122586966 7.3738437592983237 5.2700121700763729 12.023360289633272 4.2789538353681547 7.3124539703130713 5.9181327968835857 745.33116581663489 23.968266233801842 202.84233635663986 5.917913615703581 4.9072697013616562 4.2354456633329391 8.1550053656101209 13.956929847598074
leaf_count=655 22 20 39 15 20 20 2691 80 621 21 15 18 21 40
internal_value=0.000599811 0.00489052 -0.000532455 -0.00590724 -0.00457541 0.00086517 0.000376142 0.0062928 0.00494612 -0.0162231 -0.00515649 -0.036189 0.0259621 0.0195
internal_weight=1237.77 258.435 979.335 202.106 193.591 777.23 757.355 242.339 226.811 16.0952 10.8252 8.5144 15.5288 19.8751
internal_count=4298 800 3498 708 675 2790 2730 744 701 56 36 33 43 60
is_linear=0
shrinkage=0.03


Tree=115
num_leaves=13
num_cat=0
split_feature=21 17 14 14 18 26 13 18 22 5 17 28
split_gain=6.55861 9.66204 9.65835 8.49661 6.77992 6.60649 5.47411 8.14681 9.57284 7.0156 5.27329 0.991285
threshold=4267975.5000000009 0.024132488389640987 0.92200377234179653 0.70853832366467684 0.037585397836210475 -0.00015253641211399177 0.020929969515098477 0.011398496571817671 714122392.79700005 -0.014074296438337108 0.012046575999624073 0.0018371682049028064
decision_type=2 2 2 2 2 2 2 2 2 2 2 2
left_child=1 2 3 -1 11 -4 7 8 -2 -8 -11 -3
right_child=6 4 5 -5 -6 -7 9 -9 -10 10 -12 -13
leaf_value=-0.0011524839211930699 0.032879100263722497 0.024421746609347636 0.00044016668266801676 0.005087885768469076 -0.0032085869414540001 -0.014411195309208065 -0.016697153697199131 -0.044424523883775824 -0.013080837618652077 0.017894121766831007 -0.0052917728870556851 0.041468202996142511
leaf_weight=736.41348428279161 6.3326556831598344 5.4157793670892733 43.777469724416733 267.76733351498842 6.7582549005746833 70.163049452006817 7.1326311826705924 3.9348796457052222 11.459614120423792 60.592016488313675 10.333948537707327 7.0891050845384598
leaf_count=2589 18 15 159 906 22 269 26 16 47 179 34 18
internal_value=0.000582231 -6.47524e-05 -0.000427681 0.000511526 0.0210013 -0.0087051 0.00795672 -0.0053617 0.0032773 0.0116638 0.0145159 0.0340855
internal_weight=1237.17 1137.38 1118.12 1004.18 19.2631 113.941 99.7857 21.7271 17.7923 78.0586 70.926 12.5049
internal_count=4298 3978 3923 3495 55 428 320 81 65 239 213 33
is_linear=0
shrinkage=0.03


Tree=116
num_leaves=10
num_cat=0
split_feature=10 25 26 28 13 20 9 25 24
split_gain=6.45165 6.5652 6.76624 19.7908 19.0839 3.26762 2.57667 2.31036 1.98746
threshold=0.05366446396704249 -0.001013258929688022 -0.00015253641211399177 -7.2723359071551831e-05 0.014448229116814202 -0.0062210022836455313 1.3087902874325157 -8.0925566625928959e-05 0.61427379074152744
decision_type=2 2 2 2 2 2 2 2 2
left_child=1 5 3 -3 -4 6 -1 -2 -7
right_child=7 2 4 -5 -6 8 -8 -9 -10
leaf_value=-0.012027057342825111 0.036258249816580018 0.00019444729087587717 -0.015943365886615896 0.016106954479493972 -8.7579786527434866e-05 0.044634337065526761 0.021061188884216691 0.0083087698054349797 0.015536033811110895
leaf_weight=3.9638007432222384 5.9225869029760361 503.22942784428596 78.093804586678743 81.775049716234207 545.7533738091588 4.8222814351320249 4.5489761829376221 4.834618076682089 3.7595209777355194
leaf_count=16 17 1709 401 263 1830 17 15 15 15
internal_value=0.000565065 0.000362092 0.000101024 0.00241878 -0.00207242 0.0188236 0.00565432 0.0236969 0.0318869
internal_weight=1236.7 1225.95 1208.85 585.004 623.847 17.0946 8.51278 10.7572 8.5818
internal_count=4298 4266 4203 1972 2231 63 31 32 32
is_linear=0
shrinkage=0.03


Tree=117
num_leaves=12
num_cat=0
split_feature=7 25 25 28 15 15 13 28 4 13 17
split_gain=6.38655 7.54039 15.6268 10.6781 10.6177 6.28098 4.68313 3.68831 3.21772 4.13427 3.17504
threshold=454406.57350000012 0.00091992996561157724 0.00073185741853035505 0.0012652845293654551 -0.0043267234398871894 -0.01031934475358467 0.03014264136343961 -1.0000000180025095e-35 322.50000000000006 0.010638863799453563 -0.0014655510603179174
decision_type=2 2 2 2 2 2 2 2 2 2 2
left_child=6 2 3 -2 -4 -3 8 -7 9 -1 -10
right_child=1 5 4 -5 -6 7 -8 -9 10 -11 -12
leaf_value=0.0015769640906772254 0.002641447257854796 -0.013119614140076969 -0.003130063041809579 -0.0038868004547903895 -0.048567768417701433 0.01246472331416611 0.016104105658401376 0.04075851449315767 0.021154409805903981 -0.040362725961368175 -0.023758644342545696
leaf_weight=2.7392871826887193 870.83246903121471 4.4249745756387737 8.8839383125305194 304.29253521189094 9.6627121865749341 8.0144330561161059 3.4703476354479781 8.5918638408184034 2.5828964710235596 9.2879130095243436 3.1372034177184096
leaf_count=18 2920 15 32 1119 43 25 14 24 11 56 21
internal_value=0.00054849 0.000833509 0.000519766 0.000950991 -0.0268029 0.0186406 -0.0157687 0.0271035 -0.0220012 -0.0308106 -0.00347827
internal_weight=1235.92 1214.7 1193.67 1175.13 18.5467 21.0313 21.2176 16.6063 17.7473 12.0272 5.7201
internal_count=4298 4178 4114 4039 75 64 120 49 106 74 32
is_linear=0
shrinkage=0.03


Tree=118
num_leaves=13
num_cat=0
split_feature=18 28 12 5 21 17 14 18 5 13 14 24
split_gain=6.27498 7.76092 7.61112 7.78358 6.28999 8.79919 9.52729 6.54342 5.01226 5.21465 4.25979 4.0876
threshold=0.0050126481923923336 -0.0023512763093058182 -0.0034546247748190539 0.0016102116516149942 4267975.5000000009 0.024132488389640987 0.92200377234179653 0.037585397836210475 -0.014074296438337108 0.020929969515098477 0.522369946717954 0.25483102347978936
decision_type=2 2 2 2 2 2 2 2 2 2 2 2
left_child=1 -1 3 -3 5 6 -2 -7 10 -10 -6 -4
right_child=4 2 11 -5 8 7 -8 -9 9 -11 -12 -13
leaf_value=0.023662044951112241 0.00089333602543037623 0.009289532527766136 0.0052022311266724016 -0.025055894928924679 -0.033911736898912956 0.033434607037693499 -0.0084192328640989873 -0.0032957598195322 -0.0035132469778116826 0.014049547620268173 0.0093473526568276458 -0.0377964774873321
leaf_weight=5.3198699951171866 962.07351507246494 14.75181929767132 2.3423014953732482 9.9402035102248174 4.4853988587856275 12.368405014276506 110.19681949913502 6.7459461539983741 19.389184780418873 70.6806570738554 3.7711365669965744 13.219898864626883
leaf_count=20 3263 73 13 57 18 33 407 22 70 213 12 97
internal_value=0.000532195 -0.0103924 -0.0148929 -0.00453682 0.000950682 0.000295938 -6.37132e-05 0.0204715 0.00821809 0.0102688 -0.0141533 -0.0313246
internal_weight=1235.29 45.5741 40.2542 24.692 1189.71 1091.38 1072.27 19.1144 98.3264 90.0698 8.25654 15.5622
internal_count=4298 260 240 130 4038 3725 3670 55 313 283 30 110
is_linear=0
shrinkage=0.03


Tree=119
num_leaves=10
num_cat=0
split_feature=10 9 28 26 26 24 29 28 25
split_gain=6.14938 6.49326 13.0345 19.0537 16.2908 7.66349 12.5828 8.552 2.24866
threshold=0.05366446396704249 1.760162796231419 -0.0006564056522797159 -0.0018928406198037023 -0.0022539005009596831 0.39510918262220851 0.046038022287230057 0.0024342616723155531 -8.0925566625928959e-05
decision_type=2 2 2 2 2 2 2 2 2
left_child=1 2 3 -1 -4 6 -3 -7 -2
right_child=8 5 4 -5 -6 7 -8 -9 -10
leaf_value=0.0019457580836104572 0.035767272206870156 -0.0020458565071635689 -0.035223110642079988 0.019257541938540554 9.9295320219832642e-06 -0.0060793411874090339 0.019844071990398015 0.01173100191197802 0.0080612368539427336
leaf_weight=182.10477723181248 5.8234087824821472 83.085350081324577 12.106127083301542 83.434683457016945 484.38973220437765 319.52890653163195 33.02881433069706 26.258139096200466 4.8174444586038572
leaf_count=608 17 337 52 255 1655 1181 94 84 15
internal_value=0.000516411 0.000318993 0.00202021 0.00738526 -0.000849163 -0.00248764 0.00418076 -0.00472687 0.0232239
internal_weight=1234.58 1223.94 762.035 265.539 496.496 461.901 116.114 345.787 10.6409
internal_count=4298 4266 2570 863 1707 1696 431 1265 32
is_linear=0
shrinkage=0.03


Tree=120
num_leaves=10
num_cat=0
split_feature=25 25 25 27 11 22 0 3 24
split_gain=5.99668 6.54613 14.0482 11.7307 8.6037 7.80147 6.20473 3.21124 1.74264
threshold=-0.001013258929688022 -0.00045651181314955007 -0.00034703461401847021 0.022606990477815888 0.028108154745959974 7322769.3330000015 -0.0033371297799914732 0.50390648843313246 0.61427379074152744
decision_type=2 2 2 2 2 2 2 2 2
left_child=7 3 6 4 -2 -4 -3 -1 -9
right_child=1 2 5 -5 -6 -7 -8 8 -10
leaf_value=0.0030351653169779992 -0.0081478437862091777 -0.022149233885147213 -0.02540588255569539 -0.046974820840734836 0.031503289464064749 0.00014483338478834108 0.014894658119621011 0.040474839207455579 0.014774789575602148
leaf_weight=7.1700944602489498 56.974585130810738 4.3001163303852072 10.865613870322703 6.5325362533330908 5.3911536037921897 1056.9812002629042 75.851687967777252 5.564729690551756 4.142033651471138
leaf_count=27 212 17 73 26 14 3645 248 20 16
internal_value=0.000501326 0.000255018 0.000794057 -0.00872657 -0.00472024 -0.000115152 0.0129073 0.0182612 0.0295082
internal_weight=1233.77 1216.9 1148 68.8983 62.3657 1067.85 80.1518 16.8769 9.70676
internal_count=4298 4235 3983 252 226 3718 265 63 36
is_linear=0
shrinkage=0.03


Tree=121
num_leaves=9
num_cat=0
split_feature=8 7 25 25 16 17 23 29
split_gain=6.26599 7.06812 6.58499 12.5368 10.0037 6.2669 2.98447 0.107064
threshold=0.028855330035895108 285896.03500000009 0.00091992996561157724 0.00073185741853035505 1.0000000180025095e-35 -0.0014655510603179174 2.1189042576398851 0.034409199458337744
decision_type=2 2 2 2 2 2 2 2
left_child=1 5 3 -3 -4 -1 -2 -7
right_child=6 2 4 -5 -6 7 -8 -9
leaf_value=0.012387428261500589 0.037562053438005803 0.00059482679096182936 -0.019886422268607339 -0.023915800024966193 0.028446027925495034 -0.034952339385347968 0.0060367447119906289 -0.042097184221116517
leaf_weight=3.0245534479618073 5.9087707102298719 1171.4147834852338 5.0481230467557934 19.087015941739082 16.294866487383842 3.5977562740445119 4.98090860247612 3.9708778038620949
leaf_count=14 16 4053 18 78 49 33 16 21
internal_value=0.000486497 0.000284674 0.000497954 0.000201854 0.0170143 -0.0241142 0.0231425 -0.0387009
internal_weight=1233.33 1222.44 1211.84 1190.5 21.343 10.5932 10.8897 7.56863
internal_count=4298 4266 4198 4131 67 68 32 54
is_linear=0
shrinkage=0.03


Tree=122
num_leaves=14
num_cat=0
split_feature=29 5 10 24 28 20 24 28 13 8 20 4 27
split_gain=5.94115 7.99062 7.83553 9.46908 8.34417 7.97035 15.1628 8.90766 6.86648 8.9768 4.34957 4.11326 3.5284
threshold=0.065756621496700932 0.014303691987100927 -0.0099297707818463091 1.2769798787674522 -0.0025031009171439999 -0.040037170249837016 0.34257685000432553 0.0032202013241880842 0.01867397032402043 -0.016773972250660203 -0.0074051329672717436 297.50000000000006 0.022606990477815888
decision_type=2 2 2 2 2 2 2 2 2 2 2 2 2
left_child=2 8 3 4 -1 6 -4 -7 11 -10 -3 -2 -12
right_child=1 10 5 -5 -6 7 -8 -9 9 -11 12 -13 -14
leaf_value=0.016258495724341855 0.011661353806365186 0.00018726966309003947 0.057485921897184475 0.038203789507273829 -0.0084711033453256871 -0.00056866518805289204 0.0058407731659828694 0.01661746566937498 -0.012710627438747468 0.0067022776238088418 -0.049857514901778664 0.044823396076949129 -0.010622636714808968
leaf_weight=13.156870990991591 7.4716250300407392 7.7197948992252341 6.1161765307188025 4.2950266450643531 184.21091888844967 708.67755453288555 31.298813909292221 28.223463922739029 23.964517578482628 203.33728948235512 4.3209384530782682 6.1264522820711136 3.947487860918045
leaf_count=41 23 25 17 12 655 2583 101 89 80 626 18 15 13
internal_value=0.000472047 0.0045313 -0.000596393 -0.00586361 -0.00682259 0.000775401 0.0142831 8.95672e-05 0.00589438 0.00465557 -0.0160067 0.0266021 -0.0311261
internal_weight=1232.87 256.888 975.979 201.663 197.368 774.316 37.415 736.901 240.9 227.302 15.9882 13.5981 8.26843
internal_count=4298 800 3498 708 696 2790 118 2672 744 706 56 38 31
is_linear=0
shrinkage=0.03


Tree=123
num_leaves=10
num_cat=0
split_feature=8 9 28 26 23 20 20 1 9
split_gain=5.99258 6.38836 11.2988 19.1801 16.5298 8.15966 8.34978 7.7645 2.88334
threshold=0.028855330035895108 1.760162796231419 -0.0006564056522797159 -0.0018928406198037023 0.97157290724999734 0.0011239476500914101 -0.00089912957357790038 0.0177479864787136 3.2294372515339234
decision_type=2 2 2 2 2 2 2 2 2
left_child=1 2 3 -1 -4 6 -3 -7 -2
right_child=8 5 4 -5 -6 7 -8 -9 -10
leaf_value=0.0014653674592953981 0.036933811338255414 -0.003924920604381381 -0.006205239621170284 0.018867954588232292 0.0047119465637123787 -0.018965341701549471 -0.032243011373267051 0.0077363585552701767 0.0058735339798958452
leaf_weight=180.28184802085161 5.8588892072439176 345.84050000086427 247.96392070502043 83.351406343281269 251.34561712294817 10.968433909118174 9.6320787295699102 92.09868511557579 4.972968190908432
leaf_count=604 16 1301 871 256 847 47 42 298 16
internal_value=0.000458183 0.000261179 0.00194314 0.00696744 -0.000709677 -0.00253735 -0.00469224 0.00489476 0.0226739
internal_weight=1232.31 1221.48 762.943 263.633 499.31 458.54 355.473 103.067 10.8319
internal_count=4298 4266 2578 860 1718 1688 1343 345 32
is_linear=0
shrinkage=0.03


Tree=124
num_leaves=10
num_cat=0
split_feature=17 23 18 28 28 12 28 28 28
split_gain=6.01281 9.33181 7.00509 7.94496 10.4021 10.3803 7.21232 13.2094 6.97378
threshold=-0.024460126035582477 1.7724379464700999 0.014013227980310053 0.0032202013241880842 0.0018371682049028064 -0.0048680945095693632 0.0012652845293654551 0.0015608548697912772 0.00036922789529572701
decision_type=2 2 2 2 2 2 2 2 2
left_child=1 -1 3 4 -2 -5 8 -8 -4
right_child=2 -3 6 5 -6 -7 7 -9 -10
leaf_value=-0.051308597756200211 -0.00062636835024408111 0.0078234434140968534 0.0031431510843737361 0.030028554456814984 -0.012951439733987177 -0.023979411817529266 -0.019140906911364924 0.0023104441097849117 0.012645950972926862
leaf_weight=5.0471482127904874 608.99917737022042 4.5829957723617554 275.77729994058609 14.420407965779306 68.567549452185631 4.1173284873366347 32.59021058678627 124.6503758430481 92.922875255346298
leaf_count=20 2226 14 870 41 320 19 118 394 276
internal_value=0.000444743 -0.0231676 0.000630816 -0.0013435 -0.00187363 0.0180331 0.0032439 -0.00213563 0.00553813
internal_weight=1231.68 9.63014 1222.05 696.104 677.567 18.5377 525.941 157.241 368.7
internal_count=4298 34 4264 2606 2546 60 1658 512 1146
is_linear=0
shrinkage=0.03


Tree=125
num_leaves=15
num_cat=0
split_feature=21 17 14 14 18 9 13 26 21 28 12 4 4 25
split_gain=5.82184 8.4266 8.42184 7.93862 6.33715 6.10423 4.71504 7.68133 10.545 6.56657 10.8268 7.6188 6.3253 0.975029
threshold=4267975.5000000009 0.024132488389640987 0.92200377234179653 0.70853832366467684 0.037585397836210475 1.0715640884216846 0.020929969515098477 0.00055278881964603173 5311442.0000000009 0.0012991353911046843 -0.017955236934900247 317.50000000000006 127.50000000000001 -1.5075993626628593e-05
decision_type=2 2 2 2 2 2 2 2 2 2 2 2 2 2
left_child=1 2 3 -1 13 -4 7 8 -2 11 -11 -8 -9 -3
right_child=6 4 5 -5 -6 -7 9 12 -10 10 -12 -13 -14 -15
leaf_value=-0.001248747537055528 0.010827813884469422 0.023850887416653414 1.4770680766992403e-06 0.0047975105539713216 -0.0037408145659253611 -0.014140076412443442 0.0099020202131114791 0.035172158601054604 -0.050946492823038342 -0.035677937276192846 0.01068257207225435 0.035501885560078113 -0.009472805606692886 0.040834339048654161
leaf_weight=733.40175323188305 4.4057373851537722 5.9141513258218774 46.953291483223438 266.44329708069563 6.6983982473611823 66.208244889974594 41.774789080023766 5.463976323604582 5.7104474008083344 6.4622779339551952 15.190975919365881 13.959157437086104 5.9842003881931305 6.2653462290763864
leaf_count=2589 14 17 172 906 22 256 130 17 26 25 46 38 24 16
internal_value=0.000431716 -0.000178329 -0.000515441 0.000362487 0.0196972 -0.00827242 0.00740988 -0.00499575 -0.0240429 0.0108668 -0.00315343 0.0163138 0.0118353 0.0325875
internal_weight=1230.84 1131.88 1113.01 999.845 18.8779 113.162 98.9516 21.5644 10.1162 77.3872 21.6533 55.7339 11.4482 12.1795
internal_count=4298 3978 3923 3495 55 428 320 81 40 239 71 168 41 33
is_linear=0
shrinkage=0.03


Tree=126
num_leaves=15
num_cat=0
split_feature=25 9 25 17 25 25 8 8 20 18 20 5 6 21
split_gain=5.76957 16.0191 14.8231 11.9457 11.5536 11.5211 13.1538 11.2821 10.1908 8.67661 8.18164 8.08438 6.80832 5.11267
threshold=-0.00014680805425697666 3.9899640133174503 -0.0001718181935138487 0.0039337072974859394 -3.0305715736434386e-05 1.0000000180025095e-35 0.0032216287935458551 -0.013050819104269246 -0.030476894063754232 0.013768383731458682 -0.010746714456391878 -0.0035931143265720438 1022359.0000000001 328373.50000000006
decision_type=2 2 2 2 2 2 2 2 2 2 2 2 2 2
left_child=1 2 3 -1 7 6 -6 12 11 -7 -9 -3 -2 -10
right_child=4 8 -4 -5 5 9 -8 10 13 -11 -12 -13 -14 -15
leaf_value=-0.00038264740693406393 -0.041367289722233462 -0.015792542128517297 0.028347242363913297 0.0134541682272426 0.0030143499180149331 -0.0033852996543821305 0.032182548258650225 0.0019070603763477573 -0.0097159739516639119 0.003363393746234625 -0.012460362402374867 0.030828981972554504 0.005265435790626917 -0.035928321029623574
leaf_weight=166.68515592813492 13.187573656439783 6.642986997961998 25.352339670062065 84.683110952377319 39.654895588755608 380.11540902778506 21.436821930110455 70.214925915002823 12.049349777400495 312.34250870347023 72.50915702432394 6.7476927042007429 3.5833900421857825 15.076341666281222
leaf_count=592 55 26 72 262 131 1466 60 240 47 982 272 20 11 62
internal_value=0.000419012 0.00390435 0.0064839 0.00427882 -0.000791966 0.000760602 0.0132493 -0.00812723 -0.0137136 -0.00034121 -0.00539213 0.00770049 -0.0314034 -0.0242847
internal_weight=1230.28 317.237 276.721 251.368 913.045 753.55 61.0917 159.495 40.5164 692.458 142.724 13.3907 16.771 27.1257
internal_count=4298 1081 926 854 3217 2639 191 578 155 2448 512 46 66 109
is_linear=0
shrinkage=0.03


Tree=127
num_leaves=8
num_cat=0
split_feature=10 8 9 28 24 23 25
split_gain=5.69744 5.79164 6.30267 11.4905 7.32893 2.7574 2.15611
threshold=0.05366446396704249 0.028855330035895108 1.760162796231419 -0.0006564056522797159 0.39510918262220851 2.1189042576398851 -8.0925566625928959e-05
decision_type=2 2 2 2 2 2 2
left_child=1 2 3 -1 -4 -3 -2
right_child=6 5 4 -5 -6 -7 -8
leaf_value=0.0067697490294789907 0.035009821716215569 0.036240742814261866 0.0038008081388290222 -0.00099751228285967436 -0.0050003994909296164 0.005766012153421653 0.0076499429295558445
leaf_weight=262.45085051655769 5.6570596247911453 5.7758728712797147 113.85397840663791 494.17189861088991 337.78906552121043 4.9727837890386581 4.7849666178226453
leaf_count=858 17 16 426 1705 1245 16 15
internal_value=0.00040676 0.000217746 2.27108e-05 0.00169673 -0.00278172 0.0221418 0.0224724
internal_weight=1229.46 1219.01 1208.27 756.623 451.643 10.7487 10.442
internal_count=4298 4266 4234 2563 1671 32 32
is_linear=0
shrinkage=0.03


Tree=128
num_leaves=10
num_cat=0
split_feature=25 17 23 18 20 28 20 9 24
split_gain=5.63258 6.1993 10.1334 6.45686 9.60822 6.35865 3.17349 2.48807 1.94906
threshold=-0.001013258929688022 -0.024460126035582477 1.7724379464700999 0.014013227980310053 0.027970849344561625 0.0012652845293654551 -0.0062210022836455313 1.3087902874325157 0.61427379074152744
decision_type=2 2 2 2 2 2 2 2 2
left_child=6 2 -2 4 -3 -5 7 -1 -8
right_child=1 3 -4 5 -6 -7 8 -9 -10
leaf_value=-0.012778514349016973 -0.054607399096360316 -0.0012928064567823919 0.0077781331365464734 0.005034779070782253 -0.046491661507010056 -0.0021896313904863451 0.04384065947302751 0.020035721945066014 0.014552024366244467
leaf_weight=3.9090157747268695 4.7981577366590482 677.64207136631012 4.580171674489975 364.2846802175045 4.2594357728958121 156.86411537975073 4.6210844963788968 4.4436288774013519 3.6680290251970291
leaf_count=16 19 2539 14 1132 19 512 17 15 15
internal_value=0.000394761 0.000156826 -0.0241397 0.000346228 -0.00157514 0.00286025 0.0177294 0.00467875 0.0308801
internal_weight=1229.07 1212.43 9.37833 1203.05 681.902 521.149 16.6418 8.35264 8.28911
internal_count=4298 4235 33 4202 2558 1644 63 31 32
is_linear=0
shrinkage=0.03


Tree=129
num_leaves=13
num_cat=0
split_feature=18 20 23 28 26 26 23 28 28 25 29 29
split_gain=5.49306 7.20878 15.3208 6.84032 6.14406 23.1772 12.9031 11.8654 21.1705 19.8494 5.50179 0.362249
threshold=0.0050126481923923336 -0.021603437558885358 0.96560828813886279 -0.0023512763093058182 -0.0034707841110313991 -0.0036180879810146283 0.76867512863162823 -0.00058009564634078675 -0.00041156080401135364 0.00051039110794297911 0.020762018163169974 0.048917848975908333
decision_type=2 2 2 2 2 2 2 2 2 2 2 2
left_child=1 2 -1 -3 5 6 -2 9 -9 -6 -5 -7
right_child=4 3 -4 10 7 11 -8 8 -10 -11 -12 -13
leaf_value=0.062393818100517154 0.020971704732617325 0.023869990703479119 -0.024727765114016136 -5.8427166326059521e-05 0.0092489389730026367 -0.050289550215561397 -0.0065183260549405491 -0.024085909222450252 0.00059676532443692261 -0.016399172845483704 -0.026938758776631603 -0.063491052336768883
leaf_weight=3.5189322046935549 18.187336549162865 3.6408184319734564 3.7553951069712639 9.5244958586990816 265.10551518201828 3.85975657403469 99.092035382986069 32.672609150409698 730.79544854909182 30.256201684474945 24.431818380951881 3.6300589889287949
leaf_count=12 53 13 24 63 853 17 341 118 2530 111 148 15
internal_value=0.000383192 -0.0099198 0.017417 -0.015209 0.000773789 -0.00552281 -0.00225525 0.00151576 -0.00045953 0.0066216 -0.019399 -0.0566879
internal_weight=1228.47 44.8715 7.27433 37.5971 1183.6 124.769 117.279 1058.83 763.468 295.362 33.9563 7.48982
internal_count=4298 260 36 224 4038 426 394 3612 2648 964 211 32
is_linear=0
shrinkage=0.03


Tree=130
num_leaves=11
num_cat=0
split_feature=25 25 29 28 9 28 15 12 22 8
split_gain=5.58111 11.703 10.4269 8.44458 10.4233 9.38471 4.69814 7.20141 4.62121 4.45592
threshold=0.00091992996561157724 0.00073185741853035505 0.039760934358698534 0.0012652845293654551 1.7749908674607224 0.0015608548697912772 -0.01031934475358467 -0.011054012646321184 125197743.51600002 0.0025144442798911634
decision_type=2 2 2 2 2 2 2 2 2 2
left_child=1 3 -3 4 -1 -5 -2 -8 -9 -4
right_child=6 2 9 5 -6 -7 7 8 -10 -11
leaf_value=0.0044124476126913776 -0.012171621447602279 0.0084100366962923806 -0.051675343381199307 -0.013061011709053204 -0.002386831299893782 -0.00083471144141909694 0.041072076797053818 -0.01943731379920445 0.025017882636502408 -0.014099901979170654
leaf_weight=563.69196787849069 4.4345585852861431 6.2489602267742184 8.3801424205303174 74.74071291834116 317.05170079320669 231.56064944341779 8.9997991025447881 4.2700757533311808 4.1497240215539932 4.2966424822807303
leaf_count=1867 15 26 36 295 1138 849 26 18 12 16
internal_value=0.000371751 9.94732e-05 -0.0233056 0.000472633 0.00196483 -0.00381806 0.0153968 0.0224149 0.00247257 -0.0389396
internal_weight=1227.82 1205.97 18.9257 1187.05 880.744 306.301 21.8542 17.4196 8.4198 12.6768
internal_count=4298 4227 78 4149 3005 1144 71 56 30 52
is_linear=0
shrinkage=0.03


Tree=131
num_leaves=13
num_cat=0
split_feature=21 17 14 14 18 9 8 13 18 28 28 28
split_gain=5.50485 7.93289 7.77853 7.63642 6.11309 5.738 4.78068 5.72114 7.63396 5.36154 2.37871 1.00751
threshold=4267975.5000000009 0.024132488389640987 0.92200377234179653 0.70853832366467684 0.037585397836210475 1.0715640884216846 -0.017561112938841845 0.020929969515098477 0.011398496571817671 -0.0017029535337341132 0.00098273826471175136 0.0018371682049028064
decision_type=2 2 2 2 2 2 2 2 2 2 2 2
left_child=1 2 3 -1 11 -4 10 8 -8 -9 -2 -3
right_child=6 4 5 -5 -6 -7 7 9 -10 -11 -12 -13
leaf_value=-0.0012966354998281129 -0.00013102026851812684 0.022023758159687747 9.7171801827469986e-06 0.0046410955009915386 -0.0038731105748207617 -0.013727575516000515 0.0042053531482915841 0.030965527216734647 -0.042316018659077997 0.0094581766933958655 -0.031011946809422777 0.039541058601072453
leaf_weight=731.61401088535786 5.1893739104270917 5.2279944270849246 46.767639435827732 265.74136836081743 6.677249386906623 65.961901105940342 17.324383944272999 12.864687368273733 3.8868269473314276 55.160796284675598 3.9565378129482269 6.7965991050004959
leaf_count=2589 18 15 172 906 22 256 64 37 16 170 15 18
internal_value=0.000360796 -0.000232396 -0.000558829 0.000285449 0.0191437 -0.00802844 0.00716674 0.00928388 -0.00431941 0.0135256 -0.0134902 0.031925
internal_weight=1227.17 1128.79 1110.08 997.355 18.7018 112.73 98.3826 89.2367 21.2112 68.0255 9.14591 12.0246
internal_count=4298 3978 3923 3495 55 428 320 287 80 207 33 33
is_linear=0
shrinkage=0.03


Tree=132
num_leaves=9
num_cat=0
split_feature=8 18 28 26 28 24 20 13
split_gain=5.31341 5.70167 6.86857 5.77333 21.9449 9.14752 4.9389 2.73877
threshold=0.028855330035895108 0.0050126481923923336 -0.0023512763093058182 -0.0024080699903713879 -0.0010923597936560966 0.3712178039357677 -0.021603437558885358 0.034673559366658065
decision_type=2 2 2 2 2 2 2 2
left_child=1 2 -1 5 -5 -3 -4 -2
right_child=7 3 6 4 -6 -7 -8 -9
leaf_value=0.02128486694578614 0.0058097823061105626 0.0078496559005447452 0.012657472326512081 0.016543329268306765 0.0002349573740336346 -0.0061076412112439308 -0.019015687910610281 0.036250601799475854
leaf_weight=5.3967944681644431 5.1772727966308576 52.76069338619709 5.1035277731716624 81.603638455271721 825.20665100216866 212.36875901371241 33.617809608578682 5.4709136039018631
leaf_count=20 17 176 28 256 2840 735 211 15
internal_value=0.000350182 0.000165426 -0.010422 0.000563993 0.00170254 -0.00333014 -0.0148411 0.0214499
internal_weight=1226.71 1216.06 44.1181 1171.94 906.81 265.129 38.7213 10.6482
internal_count=4298 4266 259 4007 3096 911 239 32
is_linear=0
shrinkage=0.03


Tree=133
num_leaves=9
num_cat=0
split_feature=10 25 25 29 16 28 12 25
split_gain=5.44587 5.4425 10.7611 9.93506 9.73111 8.80021 4.83889 2.08009
threshold=0.05366446396704249 0.00091992996561157724 0.00073185741853035505 0.039760934358698534 1.0000000180025095e-35 0.0012652845293654551 -0.0082632412357996777 -8.0925566625928959e-05
decision_type=2 2 2 2 2 2 2 2
left_child=1 2 5 -4 -3 -1 -6 -2
right_child=7 4 3 -5 6 -7 -8 -9
leaf_value=0.0017666099152892931 0.03452773288742033 -0.019913358690413337 0.0082625742235005635 -0.03800143887449909 0.038032175651893721 -0.0041848503013761675 0.0032273336347329856 0.0075178948603266205
leaf_weight=874.89961997047067 5.5493483692407608 5.3851060718297985 6.2585488855838802 12.564276173710821 10.94665148854256 300.38034890964627 5.3531519472599003 4.7735424339771253
leaf_count=2990 17 20 26 52 32 1127 19 15
internal_value=0.000339831 0.0001556 -0.000114889 -0.0226188 0.0150504 0.000245524 0.0266016 0.0220378
internal_weight=1226.11 1215.79 1194.1 18.8228 21.6849 1175.28 16.2998 10.3229
internal_count=4298 4266 4195 78 71 4117 51 32
is_linear=0
shrinkage=0.03


Tree=134
num_leaves=11
num_cat=0
split_feature=7 24 25 25 14 16 25 12 13 1
split_gain=5.41925 9.16448 6.55921 12.1286 10.4512 8.58648 8.26347 3.24213 2.84585 1.27822
threshold=454406.57350000012 0.31887234871496328 0.00091992996561157724 0.00073185741853035505 0.28791004475892179 1.0000000180025095e-35 0.00046462623231768142 -0.0082632412357996777 0.030382448382592481 0.01098354767585717
decision_type=2 2 2 2 2 2 2 2 2 2
left_child=1 -1 3 6 -5 -4 -2 -7 9 -3
right_child=2 8 5 4 -6 7 -8 -9 -10 -11
leaf_value=0.014983714245559615 -0.00012019838992035183 -0.013882861161338892 -0.017267869128393256 -0.00068905589354757051 -0.04644147428265484 0.037426929302246364 0.0086758028336024456 0.0077637315867517542 0.0026788945670884207 -0.038836110133701647
leaf_weight=6.3741785213351276 1060.836034052074 2.2810303941369048 4.8863303363323238 8.7636548727750796 9.221869230270384 10.792308673262596 105.70247998833656 4.787127718329427 2.2489765956997863 9.7218226715922338
leaf_count=29 3690 16 17 32 43 32 349 15 10 65
internal_value=0.000329833 -0.0149176 0.000590826 0.00029989 -0.0241481 0.0174297 0.000676826 0.0283123 -0.0282911 -0.034094
internal_weight=1225.62 20.626 1204.99 1184.52 17.9855 20.4658 1166.54 15.5794 14.2518 12.0029
internal_count=4298 120 4178 4114 75 64 4039 47 91 81
is_linear=0
shrinkage=0.03


Tree=135
num_leaves=7
num_cat=0
split_feature=17 23 8 7 25 17
split_gain=5.32259 8.24784 6.02567 6.42235 6.33172 5.90397
threshold=-0.024460126035582477 1.7724379464700999 0.028855330035895108 285896.03500000009 0.00091992996561157724 -0.0014655510603179174
decision_type=2 2 2 2 2 2
left_child=1 -1 3 5 -5 -2
right_child=2 -3 -4 4 -6 -7
leaf_value=-0.048211722526243721 0.011772684188330256 0.0073450051138339544 0.024043536514007674 0.00022059063015497635 0.017020031794273211 -0.038120914094481664
leaf_weight=5.0736201554536802 3.0322786867618561 4.572304904460907 9.7024327814578992 1174.9606820940971 20.544838115572929 7.2093909308314306
leaf_count=20 14 14 29 4101 66 54
internal_value=0.000319963 -0.021877 0.00049612 0.000306639 0.00050929 -0.0233488
internal_weight=1225.1 9.64593 1215.45 1205.75 1195.51 10.2417
internal_count=4298 34 4264 4235 4167 68
is_linear=0
shrinkage=0.03


Tree=136
num_leaves=10
num_cat=0
split_feature=25 25 25 27 11 22 13 3 14
split_gain=5.21352 6.08503 12.3638 11.1949 7.99326 6.83899 5.6515 3.23412 1.28426
threshold=-0.001013258929688022 -0.00045651181314955007 -0.00034703461401847021 0.022606990477815888 0.028108154745959974 7322769.3330000015 0.01081774459767028 0.50390648843313246 0.59396009880066225
decision_type=2 2 2 2 2 2 2 2 2
left_child=7 3 6 4 -2 -4 -3 -1 -9
right_child=1 2 5 -5 -6 -7 -8 8 -10
leaf_value=0.0017237836230061987 -0.0079774024613543121 -0.0211434869170391 -0.02444759575683806 -0.046010162509405879 0.030359978386212239 -1.0254663558373223e-05 0.013954017394747706 0.039863550122389652 0.017632374326107987
leaf_weight=7.0106542408466366 56.727485828101635 4.3695223107933989 10.4090454056859 6.5138769447803488 5.3568594157695761 1050.0221116803586 75.0385612398386 4.6464690715074521 4.7086397856473923
leaf_count=27 212 21 73 26 14 3645 244 17 19
internal_value=0.000310404 8.26276e-05 0.000604874 -0.0085951 -0.00466952 -0.000250128 0.0120227 0.0171293 0.0286741
internal_weight=1224.8 1208.44 1139.84 68.5982 62.0843 1060.43 79.4081 16.3658 9.35511
internal_count=4298 4235 3983 252 226 3718 265 63 36
is_linear=0
shrinkage=0.03


Tree=137
num_leaves=13
num_cat=0
split_feature=21 17 14 14 26 18 8 13 26 26 28 25
split_gain=5.16984 7.47315 7.16705 7.21544 5.94441 5.92808 4.50634 5.32009 7.61064 5.60326 2.23899 0.965274
threshold=4267975.5000000009 0.024132488389640987 0.92200377234179653 0.70853832366467684 -0.0003013311454509988 0.037585397836210475 -0.017561112938841845 0.020929969515098477 0.00055278881964603173 0.0029472077231756212 0.00098273826471175136 -1.5075993626628593e-05
decision_type=2 2 2 2 2 2 2 2 2 2 2 2
left_child=1 2 3 -1 -4 11 10 8 -8 -9 -2 -3
right_child=6 5 4 -5 -6 -7 7 9 -10 -11 -12 -13
leaf_value=-0.0013182164738347361 -0.00020210305731497172 0.022518205003527209 0.0012068604412283034 0.0044595556968250035 -0.013077015074255786 -0.0040494991394921485 -0.023202678590799213 0.017314017834957798 0.012840502529724046 -0.0045033192207745406 -0.030199352549520039 0.039630030801107566
leaf_weight=730.31478643044829 5.182278558611868 5.7679637670516977 41.708384938538074 265.15724967420101 70.618787348270416 6.6540567129850379 9.9784650802612322 54.54839001595974 11.179780460894106 13.148138567805288 3.9435009509325027 6.1093821823596963
leaf_count=2589 18 17 154 906 274 22 40 164 40 43 15 16
internal_value=0.000301237 -0.000273741 -0.000589797 0.00022077 -0.00777325 0.0186199 0.00691086 0.00897271 -0.00415786 0.0130766 -0.0131647 0.0313201
internal_weight=1224.31 1126.33 1107.8 995.472 112.327 18.5314 97.9806 88.8548 21.1582 67.6965 9.12578 11.8773
internal_count=4298 3978 3923 3495 428 55 320 287 80 207 33 33
is_linear=0
shrinkage=0.03


Tree=138
num_leaves=10
num_cat=0
split_feature=10 24 26 26 7 29 29 29 18
split_gain=5.14805 5.35114 11.1532 16.6695 15.983 10.2507 10.2907 8.59601 1.3193
threshold=0.05366446396704249 0.62403295346518339 -0.0032537090443233228 0.0016582779523275667 639064081.71500015 0.030083860896334681 0.031210994378518816 0.020007434860058581 0.026610444077388554
decision_type=2 2 2 2 2 2 2 2 2
left_child=1 5 4 -4 -3 7 -7 -1 -2
right_child=8 2 3 -5 -6 6 -8 -9 -10
leaf_value=0.0059821857874478987 0.0095326806604598292 -0.025084851335494106 0.0040571430552501569 -0.0097984467070338921 0.039046619055692351 0.022090038596233742 0.0022216936621829221 -0.010629254097493414 0.031243741152356196
leaf_weight=38.879737228155136 4.55902551114559 33.578073903918266 208.16156181693077 125.11969523131847 3.9041641354560843 24.301397427916527 679.18545369803905 100.52921724319458 5.6292863637208939
leaf_count=170 15 126 703 461 10 88 2206 502 17
internal_value=0.000292391 0.000114119 -0.00288943 -0.00114449 -0.0184049 0.00143529 0.00290803 -0.00599649 0.0215286
internal_weight=1223.85 1213.66 370.763 333.281 37.4822 842.896 703.487 139.409 10.1883
internal_count=4298 4266 1300 1164 136 2966 2294 672 32
is_linear=0
shrinkage=0.03


Tree=139
num_leaves=7
num_cat=0
split_feature=17 8 7 17 1 21
split_gain=4.99844 5.64792 5.97251 5.70377 5.55902 1.83999
threshold=-0.024460126035582477 0.028855330035895108 285896.03500000009 -0.0014655510603179174 0.010081625177008639 2504829.0000000005
decision_type=2 2 2 2 2 2
left_child=5 2 3 -2 -4 -1
right_child=1 -3 4 -5 -6 -7
leaf_value=-0.031482422968997864 0.011497576446114105 0.023363932954937015 -0.021090753738432375 -0.037732938266233827 0.00065978903149413373 -0.0044894386752872672
leaf_weight=5.9812479019165021 3.0408729463815689 9.6085255295038206 10.670852378010748 6.979352016001938 1183.3426774255931 3.6656787693500519
leaf_count=22 14 29 55 54 4112 12
internal_value=0.000283697 0.000454668 0.000271846 -0.0227928 0.000465405 -0.0212255
internal_weight=1223.29 1213.64 1204.03 10.0202 1194.01 9.64693
internal_count=4298 4264 4235 68 4167 34
is_linear=0
shrinkage=0.03


Tree=140
num_leaves=15
num_cat=0
split_feature=25 9 25 25 25 3 8 20 15 22 20 5 22 1
split_gain=4.99173 14.9811 13.9966 10.5017 10.5956 15.2781 10.5519 9.43734 8.25842 8.06308 7.76088 7.669 6.89915 4.98929
threshold=-0.00014680805425697666 3.9899640133174503 -0.0001718181935138487 -3.0305715736434386e-05 1.0000000180025095e-35 0.66066539966588544 -0.013050819104269246 -0.030476894063754232 0.018334504478162858 13113571.087000001 -0.010746714456391878 -0.0035931143265720438 409026683.64450008 0.030782119508036759
decision_type=2 2 2 2 2 2 2 2 2 2 2 2 2 2
left_child=1 2 8 6 5 -5 12 11 -1 -6 -8 -3 -2 -9
right_child=3 7 -4 4 9 -7 10 13 -10 -11 -12 -13 -14 -15
leaf_value=0.0028652230494675248 -0.04061295966783602 -0.015908802058536824 0.027367842735717147 0.0025759901263111402 -0.018966672876849677 0.035105977072595468 0.0018975015075255286 -0.0074672856960553259 0.033128935853157591 0.00014006360956091301 -0.012119852118919135 0.029660558462437855 0.006253932255622624 -0.034013852967035234
leaf_weight=241.25364449620247 13.04232242703438 6.5822734832763672 25.14004623144865 42.032547250390053 20.487733006477356 18.808638863265514 70.068818002939224 10.361815661191942 8.3975965380668622 667.79756002128124 72.155876941978931 6.7142579257488233 3.6091377437114707 16.547404013574123
leaf_count=830 55 26 72 137 138 54 240 42 24 2310 272 20 11 67
internal_value=0.000275173 0.00352922 0.00603177 -0.000853696 0.000632098 0.0126324 -0.00785945 -0.0135748 0.00388321 -0.000428674 -0.00521402 0.00710204 -0.0304547 -0.0237917
internal_weight=1223 314.997 274.791 908.003 749.126 60.8412 158.876 40.2058 249.651 688.285 142.225 13.2965 16.6515 26.9092
internal_count=4298 1081 926 3217 2639 191 578 155 854 2448 512 46 66 109
is_linear=0
shrinkage=0.03


Tree=141
num_leaves=9
num_cat=0
split_feature=24 7 24 17 23 11 23 29
split_gain=4.9187 5.94372 6.32128 5.52547 6.63643 5.37397 4.64322 0.0483764
threshold=1.4680523491322208 285896.03500000009 0.25483102347978936 -0.024460126035582477 1.7724379464700999 0.0071645471784740023 1.7436253463152276 0.033917815705670852
decision_type=2 2 2 2 2 2 2 2
left_child=1 2 -1 4 -3 -5 -2 -4
right_child=6 3 7 5 -6 -7 -8 -9
leaf_value=0.018154499205169868 0.042303445620181235 -0.045832142197313817 -0.034533215987772717 -0.0024054713855349206 0.0050132808068275303 0.0018768494679491095 0.00067105250877250709 -0.0395116223124043
leaf_weight=2.4690173491835576 4.849883094429968 5.083757743239401 3.0071431174874306 393.38117614388466 4.2348704040050507 800.30885181576014 4.7944711595773697 4.2245637327432632
leaf_count=10 15 20 31 1479 13 2688 17 25
internal_value=0.000267079 9.73698e-05 -0.0232912 0.000285969 -0.0227253 0.000465608 0.0216068 -0.0374415
internal_weight=1222.35 1212.71 9.70072 1203.01 9.31863 1193.69 9.64435 7.23171
internal_count=4298 4266 66 4200 33 4167 32 56
is_linear=0
shrinkage=0.03


Tree=142
num_leaves=11
num_cat=0
split_feature=25 25 25 17 17 18 0 20 22 24
split_gain=4.97554 5.77228 11.4566 9.74683 7.00849 6.2395 5.97372 3.10485 3.53354 1.93787
threshold=-0.001013258929688022 -0.00045651181314955007 -0.00034703461401847021 0.010243703997334963 0.0039337072974859394 0.012684160191724284 -0.0033371297799914732 -0.0062210022836455313 86184583.331000015 0.61427379074152744
decision_type=2 2 2 2 2 2 2 2 2 2
left_child=7 3 6 4 -2 -4 -3 8 -1 -9
right_child=1 2 5 -5 -6 -7 -8 9 -10 -11
leaf_value=-0.014748602726374427 -0.011142836350693306 -0.023038252835416682 -0.002704917813405529 -0.042714963982554414 0.011148184148040675 0.0019084405753757095 0.013531740559617209 0.0432664442625426 0.024742264319049089 0.013599954514526934
leaf_weight=4.3474315851926821 43.828996278345585 4.248540222644805 501.23824067041278 6.7272281795740119 17.869964301586151 557.11349169164896 74.768851973116398 4.4437065124511701 3.8407241851091385 3.5767656564712524
leaf_count=17 169 17 1944 25 58 1774 248 17 14 15
internal_value=0.000259071 3.71278e-05 0.000546246 -0.00842536 -0.00468665 -0.000276458 0.0115655 0.0167699 0.00377492 0.0300365
internal_weight=1222 1205.8 1137.37 68.4262 61.699 1058.35 79.0174 16.2086 8.18816 8.02047
internal_count=4298 4235 3983 252 227 3718 265 63 31 32
is_linear=0
shrinkage=0.03


Tree=143
num_leaves=10
num_cat=0
split_feature=10 24 26 13 26 29 1 29 25
split_gain=4.78631 5.04953 10.3739 19.1336 15.5157 9.33738 9.81835 8.23951 2.02394
threshold=0.05366446396704249 0.62403295346518339 -0.0032537090443233228 0.026959698518821618 0.0016582779523275667 0.030083860896334681 0.020783221828057665 0.020007434860058581 -8.0925566625928959e-05
decision_type=2 2 2 2 2 2 2 2 2
left_child=1 5 3 -3 -4 7 -7 -1 -2
right_child=8 2 4 -5 -6 6 -8 -9 -10
leaf_value=0.0059839060357887953 0.033574531013353115 -0.045783888076201269 0.0038692339021794944 -0.0013553666133988009 -0.0095085056792945759 -0.0091563971441398426 0.0038241544959188465 -0.010308064131149011 0.0065773776598740561
leaf_weight=38.79197995364666 5.3179357945919037 13.860284544527529 207.73837009072304 23.541589021682739 124.96572327613831 57.081725306808949 645.47079112380743 99.85098322480917 4.715162128210066
leaf_count=170 17 60 703 76 461 218 2076 502 15
internal_value=0.000251529 8.06076e-05 -0.00283955 -0.0178196 -0.00115553 0.00136541 0.0027695 -0.00574961 0.0208869
internal_weight=1221.33 1211.3 370.106 37.4019 332.704 841.195 702.553 138.643 10.0331
internal_count=4298 4266 1300 136 1164 2966 2294 672 32
is_linear=0
shrinkage=0.03


Tree=144
num_leaves=11
num_cat=0
split_feature=25 25 25 27 11 13 0 20 22 24
split_gain=4.75228 5.44792 10.7185 10.3383 7.42127 6.03992 5.61119 3.01443 3.35555 1.89972
threshold=-0.001013258929688022 -0.00045651181314955007 -0.00034703461401847021 0.022606990477815888 0.028108154745959974 0.0071890312003027547 -0.0033371297799914732 -0.0062210022836455313 86184583.331000015 0.61427379074152744
decision_type=2 2 2 2 2 2 2 2 2 2
left_child=7 3 6 4 -2 -4 -3 8 -1 -9
right_child=1 2 5 -5 -6 -7 -8 9 -10 -11
leaf_value=-0.014283949399312266 -0.0076037529366638169 -0.022331479239998349 -0.029165896548713634 -0.044158986036454566 0.02943780039312862 -9.476521579607394e-05 0.013107990886245506 0.042979883797319735 0.0243074228099537 0.013418009693561651
leaf_weight=4.3614905774593371 56.501376330852509 4.2501332983374587 6.4716763347387305 6.5098018944263449 5.326843634247779 1050.7402899004519 74.549989953637123 4.3422854393720618 3.7898051887750626 3.5607791841030121
leaf_count=17 212 17 56 26 14 3662 248 17 14 15
internal_value=0.000244112 2.79692e-05 0.000522849 -0.00819863 -0.00441242 -0.000272723 0.0111965 0.0164585 0.00365845 0.0296606
internal_weight=1220.4 1204.35 1136.01 68.338 61.8282 1057.21 78.8001 16.0544 8.1513 7.90306
internal_count=4298 4235 3983 252 226 3718 265 63 31 32
is_linear=0
shrinkage=0.03


Tree=145
num_leaves=15
num_cat=0
split_feature=21 17 14 21 18 11 24 28 28 17 7 13 8 10
split_gain=4.75245 6.85261 6.73954 10.7486 5.7708 5.56105 4.85988 8.46429 9.41736 8.09276 7.13061 6.46426 4.692 0.881148
threshold=4267975.5000000009 0.024132488389640987 0.96835968597965361 415032.00000000006 0.037585397836210475 0.0070868501368371853 0.48790323211559145 0.0014117218646723508 0.0021844032956314916 -0.0042894728163564875 912753439.39700019 0.033754291520571696 -0.014928203882947492 0.028648900915590744
decision_type=2 2 2 2 2 2 2 2 2 2 2 2 2 2
left_child=1 2 5 -4 13 -1 9 10 -9 11 -8 -2 -11 -3
right_child=6 4 3 -5 -6 -7 7 8 -10 12 -12 -13 -14 -15
leaf_value=-0.0031283493776033534 -0.033991785106165039 0.021376471846443618 0.0019757601964256123 -0.027425809545367465 -0.0045275803660986477 0.0014438213036878486 0.015372348952430613 -0.0385227123305893 0.0071775642705415857 -0.0050259802453096348 -0.010575825446904538 0.017222532246094276 0.030330640890461169 0.037958350060867896
leaf_weight=365.53841052949429 4.5067679733037931 5.1980320960283297 23.535524241626263 21.334958791732788 6.5945961326360694 693.9006581902504 34.152564063668251 8.5938676893711108 7.6892178207635871 4.0327420979738262 13.22116983681917 4.3677601367235184 20.805746167898178 6.4793155640363693
leaf_count=1388 18 15 96 86 22 2353 106 36 24 14 48 13 61 18
internal_value=0.000236924 -0.000314533 -0.000616033 -0.0120041 0.0179074 -0.000133715 0.0065947 0.00171719 -0.0169421 0.0158044 0.00813067 -0.00878573 0.0245902 0.0305771
internal_weight=1219.95 1122.58 1104.31 44.8705 18.2719 1059.44 97.3698 63.6568 16.2831 33.713 47.3737 8.87453 24.8385 11.6773
internal_count=4298 3978 3923 182 55 3741 320 214 60 106 154 31 75 33
is_linear=0
shrinkage=0.03


Tree=146
num_leaves=9
num_cat=0
split_feature=24 0 18 12 28 28 26 23
split_gain=4.6821 6.9737 8.7076 6.37285 5.21787 19.4805 16.3217 4.40218
threshold=1.4680523491322208 -0.0068229262039919301 0.019333576756733303 -0.0050124596914433465 -0.00058009564634078675 -0.00041156080401135364 -0.0018928406198037023 1.7436253463152276
decision_type=2 2 2 2 2 2 2 2
left_child=1 2 3 -1 6 -6 -3 -2
right_child=7 4 -4 -5 5 -7 -8 -9
leaf_value=-0.012016814228997462 0.041290997634662034 -0.0010502197952958717 0.014701834234705885 -0.054468072884349614 -0.02336719250740189 -0.00010639603401739055 0.011519069748739457 0.00066686566558015544
leaf_weight=6.8550292477011689 4.8290282711386663 287.95100686699152 5.0785262435674658 5.9410291388630876 33.902805298566818 732.78058494627476 137.32025206834078 4.7741883844137192
leaf_count=29 15 994 15 31 126 2624 447 17
internal_value=0.00023001 6.43917e-05 -0.0185352 -0.0317263 0.000343311 -0.00113499 0.00300841 0.0210949
internal_weight=1219.43 1209.83 17.8746 12.7961 1191.95 766.683 425.271 9.60322
internal_count=4298 4266 75 60 4191 2750 1441 32
is_linear=0
shrinkage=0.03


Tree=147
num_leaves=15
num_cat=0
split_feature=29 5 10 11 1 8 23 20 13 8 0 1 26 0
split_gain=4.69192 7.96235 7.43675 8.57184 10.2369 7.74311 7.2768 7.65115 6.69041 7.70162 4.68327 4.54963 4.11846 2.51213
threshold=0.065756621496700932 0.01332573109616155 -0.0099297707818463091 0.0048268479646069061 0.04853461362717109 0.018350951300548524 9.8175971862969131 -0.036486910210618916 0.018969385530250949 -0.016438574464393733 -0.00072970303330930372 0.039774742581857765 -0.0015951558566513655 0.00068722224780372592
decision_type=2 2 2 2 2 2 2 2 2 2 2 2 2 2
left_child=2 8 3 5 -5 -1 7 -4 11 -10 -3 -2 -8 -12
right_child=1 10 6 4 -6 -7 12 -9 9 -11 13 -13 -14 -15
leaf_value=-0.0025663924236110232 0.010136273838975774 -0.033702888048979647 0.011892603195971713 -0.0067936523928587402 -0.030497518924567861 0.030866926586022494 -0.006394349991504701 -0.00064211080163750181 -0.011960736154494259 0.0059982290942181922 0.012196944111056249 0.043292102505818122 0.026292741705380155 -0.016233935130199717
leaf_weight=111.26323434710503 8.5115742385387403 7.3337209969759014 46.75646848231554 59.621446087956429 22.61783355474472 6.6045352667570105 4.5159744620323208 699.47016067057848 24.146338284015656 195.45132745057344 5.2746644318103773 6.6231073439121237 14.966044679284094 5.9548384249210358
leaf_count=398 26 28 148 205 86 19 16 2582 81 610 17 17 44 21
internal_value=0.000223176 0.00385737 -0.00072993 -0.00587945 -0.0133128 -0.000693009 0.000615822 0.000143279 0.00535315 0.00402351 -0.0150568 0.0246456 0.0187158 -0.00287953
internal_weight=1219.11 253.296 965.816 200.107 82.2393 117.868 765.709 746.227 234.732 219.598 18.5632 15.1347 19.482 11.2295
internal_count=4298 800 3498 708 291 417 2790 2730 734 691 66 43 60 38
is_linear=0
shrinkage=0.03


Tree=148
num_leaves=15
num_cat=0
split_feature=26 28 26 28 13 1 20 13 1 9 1 8 23 18
split_gain=4.52109 18.1698 22.251 34.9333 14.3359 13.144 15.7264 10.7468 10.9012 10.4458 10.136 9.38904 9.35304 5.29095
threshold=-0.00015253641211399177 -7.2723359071551831e-05 -0.00027859030134709837 -0.00058009564634078675 0.014448229116814202 0.021267360481221142 -0.048188311862740106 0.017221894961296374 0.022637865418314938 3.6618901123282814 0.022727272727272704 -0.0069547827645786379 0.97157290724999734 0.010291919693202941
decision_type=2 2 2 2 2 2 2 2 2 2 2 2 2 2
left_child=1 2 3 -1 9 13 -7 8 -6 10 -2 -4 -9 -3
right_child=4 5 11 -5 7 6 -8 12 -10 -11 -12 -13 -14 -15
leaf_value=0.0024312471626219108 -0.027973946169007793 -0.042204338477696321 -0.0023615668907648901 -0.01844456641495729 0.03353795736575118 -0.023476651799307482 0.024001177628437644 -0.0072460646313189042 0.0045911034623276241 -0.039951024247398874 -0.0019199599707797907 0.039501263022829573 0.0015709004551011797 0.0057905117925305142
leaf_weight=391.85686794668436 18.444967314600945 4.5378399267792684 6.6394807398319271 88.422252409160137 15.727875888347624 6.945642262697219 65.417656034231186 160.78323059901595 45.820234470069408 11.46257823333144 49.513796962797642 17.612281963229179 331.61163937300444 3.7969140857458115
leaf_count=1337 106 27 22 335 51 26 198 546 167 82 226 48 1114 13
internal_value=0.000216703 0.00211768 3.60453e-06 -0.00141211 -0.0015398 0.0153351 0.0194441 0.000169204 0.0119881 -0.0134597 -0.00899138 0.0280403 -0.00130813 -0.0203402
internal_weight=1218.59 585.229 504.531 480.279 633.364 80.6981 72.3633 553.943 61.5481 79.4213 67.9588 24.2518 492.395 8.33475
internal_count=4298 2006 1742 1672 2292 264 224 1878 218 414 332 70 1660 40
is_linear=0
shrinkage=0.03


Tree=149
num_leaves=15
num_cat=0
split_feature=9 25 26 26 9 15 26 20 9 18 20 29 5 1
split_gain=4.53889 10.7224 13.9014 18.4647 8.27287 7.72265 8.50928 7.37535 8.08171 9.40595 8.60061 7.79375 10.9833 7.25808
threshold=1.760162796231419 -9.5779806604573002e-05 0.0029472077231756212 0.002202364406919319 1.4616736985484524 0.018334504478162858 0.0050732807347314999 0.0011239476500914101 1.8777933527918103 0.01764017640989041 -0.00089912957357790038 0.077486233048236611 0.0026409702064492187 0.0177479864787136
decision_type=2 2 2 2 2 2 2 2 2 2 2 2 2 2
left_child=1 5 3 -3 -4 6 -1 8 9 -2 -10 13 -13 -9
right_child=7 2 4 -5 -6 -7 -8 11 10 -11 -12 12 -14 -15
leaf_value=0.0079397471319390886 -0.012251488532183176 -0.00034277526977838352 -0.017554034402635071 0.024186998922718188 0.011669966132037852 0.032554124620759524 -0.012468632408270537 -0.016443720729618482 -0.0021766287375676297 -0.061417514691633188 -0.031922010691702099 0.0068548372241026305 -0.060919364116055141 0.010257307020078394
leaf_weight=189.94318170100451 19.474365502595905 437.14643788337708 58.772536151111126 29.480916000902653 10.236479572951792 10.312471449375151 20.358052492141724 10.268017321825026 324.59019488468766 4.2698111087083808 8.9908100813627225 5.0306541770696622 3.7608115375041962 85.091021753847599
leaf_count=628 76 1505 228 88 33 30 73 45 1227 18 40 16 15 276
internal_value=0.000210182 0.00164093 -0.000651606 0.00120698 -0.0132191 0.00720706 0.00596413 -0.00213448 -0.00418204 -0.0210928 -0.00297834 0.00489041 -0.0221376 0.00738221
internal_weight=1217.73 756.25 535.636 466.627 69.009 220.614 210.301 461.476 357.325 23.7442 333.581 104.151 8.79147 95.359
internal_count=4298 2585 1854 1593 261 731 701 1713 1361 94 1267 352 31 321
is_linear=0
shrinkage=0.03


Tree=150
num_leaves=15
num_cat=0
split_feature=21 17 14 14 18 26 24 28 28 17 13 22 8 25
split_gain=4.48387 6.35328 6.35572 6.61978 5.54967 5.51906 4.53284 7.94092 8.87898 7.61066 6.05361 5.74668 4.41375 0.980076
threshold=4267975.5000000009 0.024132488389640987 0.92200377234179653 0.70853832366467684 0.037585397836210475 -0.0003013311454509988 0.48790323211559145 0.0014117218646723508 0.0021844032956314916 -0.0042894728163564875 0.033754291520571696 1495798085.1545002 -0.014928203882947492 -1.5075993626628593e-05
decision_type=2 2 2 2 2 2 2 2 2 2 2 2 2 2
left_child=1 2 3 -1 13 -4 9 11 -9 10 -2 -8 -11 -3
right_child=6 4 5 -5 -6 -7 7 8 -10 12 -12 -13 -14 -15
leaf_value=-0.0013337076845247454 -0.032971409380004091 0.020852054200392739 0.0012745539520815777 0.0042156165102319879 -0.0046539235661093824 -0.012542172714320629 0.016057110764489048 -0.037452161375419478 0.0069830980910716963 -0.0048721054498531259 0.016668413866043313 -0.0055317896887844787 0.029440140814667747 0.038391958024380418
leaf_weight=726.91033666208386 4.4989226311445218 5.5539051592350015 41.383112616837025 263.63193641975522 6.5772533714771262 70.084856778383255 29.363612353801727 8.5524701252579707 7.6827519685029975 4.0311415046453503 4.3478224277496338 17.837997399270535 20.699222594499588 5.9267371147871026
leaf_count=2589 18 17 154 906 22 274 91 36 24 14 13 63 61 16
internal_value=0.000204092 -0.000331807 -0.000621034 0.00014324 0.0173187 -0.00741263 0.00639128 0.00167347 -0.0164247 0.0153046 -0.00857542 0.00789843 0.0238471 0.0299068
internal_weight=1217.08 1120.07 1102.01 990.542 18.0579 111.468 97.0139 63.4368 16.2352 33.5771 8.84675 47.2016 24.7304 11.4806
internal_count=4298 3978 3923 3495 55 428 320 214 60 106 31 154 75 33
is_linear=0
shrinkage=0.03


Tree=151
num_leaves=12
num_cat=0
split_feature=29 5 5 10 11 12 12 7 26 25 0
split_gain=4.5086 7.37063 6.9319 10.9456 15.4347 8.95564 7.85416 7.09444 5.72413 11.531 6.836
threshold=0.065756621496700932 0.018464004845011449 -0.0025301866464516672 -0.0093020048794123077 0.0078997952183465902 -0.046775186514955928 -0.010860954739046845 162021532.14500007 0.0032391376629622918 -9.7709296755255009e-05 0.00066223283038637545
decision_type=2 2 2 2 2 2 2 2 2 2 2
left_child=2 8 3 4 -1 -4 -5 -7 10 -10 -2
right_child=1 -3 5 6 -6 7 -8 -9 9 -11 -12
leaf_value=-0.0068987568143840687 0.011442257529513025 -0.029405996831486262 0.033721847765417333 0.0070448844525519798 -0.038367747783120756 -0.00088085158943429433 -0.004146584066334333 0.0071353386024220035 0.014720794739094196 -0.01550685353860704 7.2011259034425486e-05
leaf_weight=69.336090452969074 117.53793469071388 5.8880518078804007 7.5604581236839286 77.504533246159554 17.584902673959732 457.44149445742369 207.6315255574882 126.93517727404833 17.77472922205925 31.461766198277473 79.965175405144691
leaf_count=248 360 23 20 250 70 1703 786 421 53 105 259
internal_value=0.00019814 0.00376562 -0.000736765 -0.00394557 -0.0132652 0.0012801 -0.00110456 0.000860382 0.0045572 -0.00459445 0.00683867
internal_weight=1216.62 252.628 963.994 372.057 86.921 591.937 285.136 584.377 246.74 49.2365 197.503
internal_count=4298 800 3498 1354 318 2144 1036 2124 777 158 619
is_linear=0
shrinkage=0.03


Tree=152
num_leaves=10
num_cat=0
split_feature=25 25 25 14 0 22 5 3 24
split_gain=4.48522 5.07489 9.90303 8.96547 6.58685 5.76225 5.01198 3.14689 1.67317
threshold=-0.001013258929688022 -0.00045651181314955007 -0.00034703461401847021 0.90780691610711839 0.0036217624920504296 7322769.3330000015 0.0099999999999999551 0.50390648843313246 0.61427379074152744
decision_type=2 2 2 2 2 2 2 2 2
left_child=7 3 6 4 -2 -4 -3 -1 -9
right_child=1 2 5 -5 -6 -7 -8 8 -10
leaf_value=0.0007839729213955539 -0.0072260473706196662 0.014111131666365703 -0.023102058077054458 -0.044793820235052927 0.033498069544783758 -8.8040790222272062e-05 -0.0063290855165602832 0.039216052243398573 0.01307369694860014
leaf_weight=6.8672447875142089 58.853652223944664 65.535944283008575 9.8842397145926935 5.4722303897142401 3.8056541979312888 1043.7119046375155 12.925852105021475 5.0365432202815992 3.9170502722263336
leaf_count=27 215 219 73 25 12 3645 46 20 16
internal_value=0.000192375 -1.68118e-05 0.000461763 -0.00796869 -0.00475264 -0.000303945 0.0107438 0.0160616 0.0277792
internal_weight=1216.01 1200.19 1132.06 68.1315 62.6593 1053.6 78.4618 15.8208 8.95359
internal_count=4298 4235 3983 252 227 3718 265 63 36
is_linear=0
shrinkage=0.03


Tree=153
num_leaves=7
num_cat=0
split_feature=17 23 8 9 25 20
split_gain=4.46202 7.04257 5.26876 5.14554 8.97586 6.99073
threshold=-0.024460126035582477 1.7724379464700999 0.028855330035895108 1.760162796231419 -9.5779806604573002e-05 0.0351122193770829
decision_type=2 2 2 2 2 2
left_child=1 -1 3 4 -2 -5
right_child=2 -3 -4 5 -6 -7
leaf_value=-0.044401618710570558 0.0068390549550349849 0.0070009999179482616 0.022580731493066435 -0.0027390399466298799 -0.00040437888376372978 0.035380841629365806
leaf_weight=5.0859732776880247 216.85152393579483 4.5403540283441544 9.5184113532304746 444.33068610727787 530.94869580119848 4.3723477870225897
leaf_count=20 721 14 29 1662 1839 13
internal_value=0.000186655 -0.0201571 0.000349037 0.000172179 0.00169611 -0.00236758
internal_weight=1215.65 9.62633 1206.02 1196.5 747.8 448.703
internal_count=4298 34 4264 4235 2560 1675
is_linear=0
shrinkage=0.03


Tree=154
num_leaves=12
num_cat=0
split_feature=25 25 25 25 14 26 26 13 0 5 7
split_gain=4.40734 28.7317 16.3296 9.86908 8.73523 7.66853 15.2564 11.8562 7.42934 0.974217 0.43704
threshold=0.00046462623231768142 0.00043110765201424605 0.00051039110794297911 0.00054953301612046255 0.13714776571438744 -0.00015253641211399177 -0.0018750841150723247 0.014213795345255987 -0.00036960211226959473 -0.003496535517876462 26305015.208000004
decision_type=2 2 2 2 2 2 2 2 2 2 2
left_child=1 5 9 4 -4 6 -1 -7 -5 -2 -3
right_child=2 10 3 8 -6 7 -8 -9 -10 -11 -12
leaf_value=-0.002041435622307203 0.025152797193544279 -0.049482567187938399 -0.054832709922416581 -0.0069263889469665038 0.0028216632174452487 -0.014214209197046006 0.0086157055395443792 -0.00083425742342123181 0.0090195240265791305 0.041557407959777373 -0.063385524658382472
leaf_weight=271.80501817911863 5.0796021968126288 3.9658434614539129 5.0232355371117574 38.157962583005428 4.469524972140789 67.607395552098751 217.74869442731142 503.54333868250251 84.592439770698547 9.0859282761812192 4.1794797331094742
leaf_count=948 15 19 22 141 15 360 724 1721 292 24 17
internal_value=0.000181173 -0.00048748 0.00506264 0.00178354 -0.027687 -5.64571e-05 0.00269876 -0.00241805 0.00406261 0.0356749 -0.0566164
internal_weight=1215.26 1068.85 146.409 132.243 9.49276 1060.7 489.554 571.151 122.75 14.1655 8.14532
internal_count=4298 3789 509 470 37 3753 1672 2081 433 39 36
is_linear=0
shrinkage=0.03


Tree=155
num_leaves=10
num_cat=0
split_feature=24 0 5 18 17 23 1 23 0
split_gain=4.40518 6.43486 9.03908 9.43844 5.03416 5.68743 4.99967 4.12769 1.28158
threshold=1.4680523491322208 -0.0068229262039919301 0.00041777399294528109 0.018729062766768601 -0.024460126035582477 1.7724379464700999 0.01098354767585717 1.7436253463152276 -0.0094425011141527748
decision_type=2 2 2 2 2 2 2 2 2
left_child=1 2 8 -4 5 -3 -6 -2 -1
right_child=7 4 3 -5 6 -7 -8 -9 -10
leaf_value=-0.031585840731051605 0.040123072967006346 -0.043051398131259667 -0.022462215642737388 0.034537324338786812 -0.015898980706356008 0.0041288260913339503 0.00068988800301529303 0.00065340348696115206 -0.058544027553872668
leaf_weight=2.890176810324192 4.7922308519482595 5.0865965783596021 7.2132400721311551 4.1010792106389999 16.584726329892874 4.1967986226081848 1161.4031013064086 4.746550053358078 3.5201730430126217
leaf_count=15 15 20 32 11 84 13 4074 17 17
internal_value=0.000175806 1.50555e-05 -0.0179275 -0.0018017 0.000282918 -0.0217224 0.000456336 0.0204827 -0.0463896
internal_weight=1214.53 1205 17.7247 11.3143 1187.27 9.2834 1177.99 9.53878 6.41035
internal_count=4298 4266 75 43 4191 33 4158 32 32
is_linear=0
shrinkage=0.03


Tree=156
num_leaves=10
num_cat=0
split_feature=25 25 27 25 20 22 8 3 24
split_gain=4.23151 4.89268 9.73469 9.18307 7.12138 5.45808 4.97262 3.06159 1.65493
threshold=-0.001013258929688022 -0.00045651181314955007 0.022606990477815888 -0.00034703461401847021 0.0033442061596279564 7322769.3330000015 -0.0052823507860965254 0.50390648843313246 0.61427379074152744
decision_type=2 2 2 2 2 2 2 2 2
left_child=7 2 4 6 -2 -5 -3 -1 -9
right_child=1 3 -4 5 -6 -7 -8 8 -10
leaf_value=0.00061965392662343029 -0.0088651477043129746 0.022366459632946749 -0.042846989934743847 -0.022684877538276717 0.017990497430223316 -9.0492771479179518e-05 0.0055924967029833076 0.038883084685057856 0.0126943613606689
leaf_weight=6.8511815294623366 50.788963928818703 22.20938715338707 6.4711697772145262 9.7119783535599691 10.77125173807144 1042.6449137292802 56.041375674307346 4.9339436292648298 3.8789992183446884
leaf_count=27 193 72 26 73 33 3645 193 20 16
internal_value=0.000170535 -3.19128e-05 -0.00784552 0.000438251 -0.00416619 -0.000299012 0.0103533 0.0156621 0.0273562
internal_weight=1214.3 1198.64 68.0314 1130.61 61.5602 1052.36 78.2508 15.6641 8.81294
internal_count=4298 4235 252 3983 226 3718 265 63 36
is_linear=0
shrinkage=0.03


Tree=157
num_leaves=14
num_cat=0
split_feature=29 5 10 7 7 28 28 11 8 0 17 17 11
split_gain=4.21502 7.1081 6.63537 8.0093 12.6236 6.30339 11.4858 8.60753 6.06847 5.84222 4.69157 6.82603 3.72794
threshold=0.065756621496700932 0.01332573109616155 -0.0099297707818463091 1017834818.6865002 728179891.90150011 0.0032202013241880842 0.0022965876510983902 0.020990833235378644 0.020220809923638183 0.0020579019161322859 0.012441499983537907 0.0019047364250770469 0.0022052412975516055
decision_type=2 2 2 2 2 2 2 2 2 2 2 2 2
left_child=2 8 3 4 -1 6 -4 -7 9 -2 11 -3 -5
right_child=1 10 5 12 -6 7 -8 -9 -10 -11 -12 -13 -14
leaf_value=-0.0058762548853493824 0.0067760310342149729 -0.0066893052992629022 0.00079201996251441152 -0.01439587753243466 0.034649009721694872 0.023673084010715023 -0.017604163093745403 -0.013719996166195757 0.038592597687410572 -0.0051191437025129129 0.011559133438358392 -0.050184456832595481 -0.054491866297801075
leaf_weight=184.04907765239477 181.80142326653004 8.6260862350463885 701.31279167160392 4.1887119561433774 7.1880785822868338 21.8432089984417 31.936557691544294 7.4232094064354888 4.753289818763732 46.70723882317543 4.7257191985845557 5.2078958153724662 4.1591517329216003
leaf_count=655 567 30 2558 15 20 67 138 27 13 154 15 21 18
internal_value=0.000165486 0.00362082 -0.000738917 -0.00560864 -0.00435302 0.00053571 -9.22284e-06 0.0141886 0.00504254 0.00434465 -0.0142477 -0.0230633 -0.0343729
internal_weight=1213.92 251.822 962.101 199.585 191.237 762.516 733.249 29.2664 233.262 228.509 18.5597 13.834 8.34786
internal_count=4298 800 3498 708 675 2790 2696 94 734 721 66 51 33
is_linear=0
shrinkage=0.03


Tree=158
num_leaves=12
num_cat=0
split_feature=25 25 23 18 16 25 25 25 12 8 17
split_gain=4.20477 9.60293 10.3409 9.54552 8.40077 7.43522 27.1979 13.1705 4.39313 0.745886 0.548279
threshold=0.00091992996561157724 0.00073185741853035505 1.0844833316036511 0.012956239999658073 1.0000000180025095e-35 0.00046462623231768142 0.00043110765201424605 0.00051039110794297911 -0.0082632412357996777 0.0019494819486392684 0.0033403742036975923
decision_type=2 2 2 2 2 2 2 2 2 2 2
left_child=1 5 9 -4 -2 6 -1 -7 10 -3 -6
right_child=4 2 3 -5 8 7 -8 -9 -10 -11 -12
leaf_value=-7.1301514522176479e-05 -0.019099450714809892 -0.048250937047267739 0.028427221018131586 -0.035915160773879261 0.028484443245395976 0.034905689432522417 -0.055259533150480426 0.0037142779972674763 0.0022244388858294758 -0.030733843005610689 0.042310454539002208
leaf_weight=1059.1882724054158 5.3148826509714153 6.616465628147127 5.1482414007186872 3.4764009565114975 4.8252348452806473 14.029364377260206 8.0982658192515355 92.604267884045839 5.2597138211131069 3.2684055715799332 5.551012396812439
leaf_count=3753 20 30 19 14 15 39 36 321 19 15 17
internal_value=0.000160647 -7.34401e-05 -0.0215136 0.00249224 0.0134839 0.000264613 -0.000490054 0.00781801 0.0245594 -0.042459 0.035881
internal_weight=1213.38 1192.43 18.5095 8.62464 20.9508 1173.92 1067.29 106.634 15.636 9.88487 10.3762
internal_count=4298 4227 78 33 71 4149 3789 360 51 45 32
is_linear=0
shrinkage=0.03


Tree=159
num_leaves=12
num_cat=0
split_feature=21 17 14 21 23 11 17 13 26 7 13
split_gain=4.12658 5.79053 5.99222 10.2426 5.21441 4.97333 4.38717 4.8681 6.94876 3.81686 2.47133
threshold=4267975.5000000009 0.024132488389640987 0.96835968597965361 415032.00000000006 1.046338461370194 0.0070868501368371853 0.01748035308024325 0.020929969515098477 0.00055278881964603173 1079503031.5415003 0.055699440071013039
decision_type=2 2 2 2 2 2 2 2 2 2 2
left_child=1 2 5 -4 -3 -1 7 8 -2 -9 -6
right_child=6 4 3 -5 10 -7 -8 9 -10 -11 -12
leaf_value=-0.0030176678565044528 -0.023413827332605545 -0.012316987040246573 0.0023006173098243203 -0.02650199605500644 0.03585994516819898 0.0013173064554414093 -0.021985151042531875 0.015270212076469093 0.011000652270384166 -0.0010900630839223734 0.0095195971260563419
leaf_weight=363.62327544018626 9.8865927532315272 4.2644703835248974 23.342234153300524 21.207763843238354 8.330054357647894 690.4676938354969 4.7563109397888175 53.642143458127975 11.333712309598921 16.870540335774422 5.2112653255462638
leaf_count=1388 40 15 96 86 23 2353 18 166 41 55 17
internal_value=0.000155886 -0.000358534 -0.000633586 -0.0114107 0.0166125 -0.000178103 0.00610808 0.0075647 -0.00503314 0.0113559 0.0257231
internal_weight=1212.94 1116.45 1098.64 44.55 17.8058 1054.09 96.4893 91.733 21.2203 70.5127 13.5413
internal_count=4298 3978 3923 182 55 3741 320 302 81 221 40
is_linear=0
shrinkage=0.03


Tree=160
num_leaves=9
num_cat=0
split_feature=24 0 5 18 8 7 23 8
split_gain=4.17144 6.07885 8.53719 8.96354 5.4967 5.50036 3.88315 1.19386
threshold=1.4680523491322208 -0.0068229262039919301 0.00041777399294528109 0.018729062766768601 0.028855330035895108 285896.03500000009 1.7436253463152276 -1.0000000180025095e-35
decision_type=2 2 2 2 2 2 2 2
left_child=1 2 7 -4 5 -3 -2 -1
right_child=6 4 3 -5 -6 -7 -8 -9
leaf_value=-0.058612782526528712 0.039022122173042739 -0.024967069453571671 -0.021966893345723573 0.033781525879500077 0.022982898549432966 0.00023921712892736093 0.00068314366142475133 -0.032593426766383458
leaf_weight=3.104779276996851 4.7773933261632902 7.8437344171106806 7.176359757781027 4.0666273236274719 9.4999157041311246 1168.0162229575217 4.733367070555687 3.2468011528253582
leaf_count=14 15 58 32 11 29 4104 17 18
internal_value=0.000151343 -5.12036e-06 -0.0175094 -0.0018025 0.000254699 7.10752e-05 0.0199414 -0.0453122
internal_weight=1212.47 1202.95 17.5946 11.243 1185.36 1175.86 9.51076 6.35158
internal_count=4298 4266 75 43 4191 4162 32 32
is_linear=0
shrinkage=0.03


Tree=161
num_leaves=7
num_cat=0
split_feature=10 20 15 29 22 6
split_gain=4.14211 4.93896 4.97565 5.06935 4.33197 1.6836
threshold=0.05366446396704249 0.031896167792973905 0.026898043007427964 0.065756621496700932 228326895.11600003 454207.50000000006
decision_type=2 2 2 2 2 2
left_child=1 2 3 -1 -3 -2
right_child=5 4 -4 -5 -6 -7
leaf_value=-0.00068912284908164551 0.0054072636764920974 -0.0039089070183895777 -0.032237453933103573 0.0042000216150764645 -0.040989944131186069 0.030659420652418185
leaf_weight=947.59402023628354 4.1984213441610319 6.7644961401820165 4.2461223900318137 239.00778234750032 4.8817395120859146 5.4748697131872177
leaf_count=3450 15 24 16 757 19 17
internal_value=0.000146811 -1.04774e-05 0.000179658 0.000295659 -0.0194521 0.0196994
internal_weight=1212.17 1202.49 1190.85 1186.6 11.6462 9.67329
internal_count=4298 4266 4223 4207 43 32
is_linear=0
shrinkage=0.03


Tree=162
num_leaves=14
num_cat=0
split_feature=8 1 28 6 17 21 26 26 21 13 18 28 13
split_gain=4.10798 10.8497 5.57061 11.3945 6.76771 5.24843 6.01277 16.5236 9.97466 4.76938 6.80562 4.80872 1.25917
threshold=-0.019347929797628154 0.03542988589491073 0.0014117218646723508 519568.50000000006 -0.0098715512262411362 4267975.5000000009 -0.0024080699903713879 -0.00015253641211399177 1238792.0000000002 0.020929969515098477 0.011398496571817671 -0.0017029535337341132 0.018346701627475984
decision_type=2 2 2 2 2 2 2 2 2 2 2 2 2
left_child=1 12 4 -4 -3 6 8 -8 -2 10 -7 -11 -1
right_child=5 2 3 -5 -6 9 7 -9 -10 11 -12 -13 -14
leaf_value=-0.027239600895636186 -0.0010376883062108559 -0.02200647023510164 0.0075757746693737322 -0.046532222609479569 0.0084780228449258723 0.0030934556036801915 0.0072256191329413541 -0.0018243831832303159 -0.015949856295306507 0.028122608001098767 -0.041120690674438604 0.0076068638955467454 -0.052300128704559981
leaf_weight=3.1658031418919554 191.56448663771152 8.1087882965803129 7.0808930844068509 6.9318958222866058 34.189562171697617 17.375101961195472 272.61484645679593 543.6996210552752 51.149085000157356 12.629534184932707 3.8224949091672888 55.329962402582169 4.1962475627660751
leaf_count=15 681 29 23 28 108 65 918 2000 184 38 16 175 18
internal_value=0.000142525 -0.00727463 -0.00279695 -0.0191906 0.00263401 0.000553846 -3.4664e-05 0.00119794 -0.00418026 0.00754431 -0.00487954 0.0114195 -0.0415237
internal_weight=1211.86 63.6732 56.3111 14.0128 42.2984 1148.19 1059.03 816.314 242.714 89.1571 21.1976 67.9595 7.36205
internal_count=4298 221 188 51 137 4077 3783 2918 865 294 81 213 33
is_linear=0
shrinkage=0.03


Tree=163
num_leaves=15
num_cat=0
split_feature=9 25 26 26 9 25 25 24 29 15 15 9 24 9
split_gain=4.02839 9.19502 12.4804 17.4464 7.59757 7.44408 11.7806 6.69975 10.741 8.52664 12.2221 8.09766 6.45591 6.25259
threshold=1.760162796231419 -9.5779806604573002e-05 0.0029472077231756212 0.002202364406919319 1.4616736985484524 -0.00022115147749914168 -0.00024191820897113229 0.39510918262220851 0.046038022287230057 -0.0050461490199644578 -0.00476772667537235 2.0556826366701553 0.38303598798587929 2.0426136463927946
decision_type=2 2 2 2 2 2 2 2 2 2 2 2 2 2
left_child=1 5 3 -3 -4 6 -1 8 12 11 -11 -9 -2 -10
right_child=7 2 4 -5 -6 -7 -8 9 13 10 -12 -13 -14 -15
leaf_value=0.0054735102397894149 -0.0045512443229433642 -0.00037861322165294473 -0.016729557410808477 0.023537984635080628 0.011311375443573848 0.015427906671104883 -0.026269660891771216 -0.036171209722546921 0.043986909751842156 0.050614050489598293 -0.0021748317713512592 -0.0087238433891498844 0.022353478032677249 0.011934735167104018
leaf_weight=145.27214372158051 72.599388506263494 435.09675893187523 58.545803338289261 29.29889253526926 10.213318333029745 62.396144382655621 11.343972146511076 11.009482949972151 6.9785243123769751 4.010542355477809 250.39341435953975 79.742798343300819 9.0245970860123617 25.467168211936951
leaf_count=493 308 1505 228 88 33 193 45 44 17 12 931 295 29 77
internal_value=0.000138296 0.00149006 -0.000635866 0.00113029 -0.0125644 0.00666533 0.0031743 -0.00207576 0.00422743 -0.00415888 -0.00134264 -0.0120536 -0.00157658 0.0188286
internal_weight=1211.39 752.167 533.155 464.396 68.7591 219.012 156.616 459.226 114.07 345.156 254.404 90.7523 81.624 32.4457
internal_count=4298 2585 1854 1593 261 731 538 1713 431 1282 943 339 337 94
is_linear=0
shrinkage=0.03


Tree=164
num_leaves=11
num_cat=0
split_feature=1 17 9 23 18 26 6 27 25 22
split_gain=3.99248 7.5305 7.35292 9.28641 5.73983 4.89906 3.75557 3.58714 1.74114 0.0817908
threshold=0.01098354767585717 -0.002424002642517627 0.29969352518855713 0.65525693067329505 0.0034360818684329446 -0.0024080699903713879 10377.500000000002 0.01412409300584056 -8.2480241557484176e-05 25999395.339500006
decision_type=2 2 2 2 2 2 2 2 2 2
left_child=1 7 3 -2 6 -6 -4 -1 -3 -10
right_child=2 8 4 -5 5 -7 -8 -9 9 -11
leaf_value=-0.010186304278769175 0.038697851615205919 -0.01077052007527762 0.0091016630388362149 -0.013579096851789587 -0.0033208714921710539 0.0013146436041018691 -0.036686532495464184 0.029858306575791926 -0.03577509412084251 -0.04242737002642457
leaf_weight=4.6750807613134402 9.5341470725834352 2.5215231105685234 2.1835246682167035 4.5024666711688033 265.32600323483348 905.3478924408555 6.1611880697309971 3.5360235124826431 2.7198848277330381 4.2826161608099937
leaf_count=22 27 13 14 20 928 3165 51 11 24 23
internal_value=0.000134247 -0.0139951 0.000344283 0.0219292 8.73076e-05 0.000264033 -0.0247053 0.00705848 -0.0321463 -0.0398435
internal_weight=1210.79 17.7351 1193.06 14.0366 1179.02 1170.67 8.34471 8.2111 9.52402 7.0025
internal_count=4298 93 4205 47 4158 4093 65 33 60 47
is_linear=0
shrinkage=0.03


Tree=165
num_leaves=13
num_cat=0
split_feature=28 8 28 14 28 28 28 4 3 13 15 3
split_gain=4.04798 10.8294 8.54281 15.8202 13.3927 8.08551 17.5532 15.0293 7.83603 7.02081 4.78949 4.23327
threshold=-0.0024264220956916791 0.010730028247057799 -0.0020172834128160733 0.10543085068157874 -0.0020431945716369612 -0.00058009564634078675 -0.00041156080401135364 322.50000000000006 0.73488288437042859 0.020600903942029826 0.0022851650701860046 0.36021201413427711
decision_type=2 2 2 2 2 2 2 2 2 2 2 2
left_child=1 9 3 8 -5 7 -7 -4 -2 10 -1 -11
right_child=2 -3 5 4 -6 6 -8 -9 -10 11 -12 -13
leaf_value=-0.0059309767002131532 -0.051285473530267085 -0.026268221723650349 0.0087961736089505957 0.0020584118220053058 -0.041873526793095701 -0.022114338449672834 -0.00013079919794940827 -0.0076590949648159328 -0.013865533675079502 0.031605204339833472 0.026595045063677266 0.0097471414634023278
leaf_weight=21.312056027352813 10.083408191800119 7.6234064102172843 210.07527209073305 61.936524927616119 6.9455701150000086 34.187956515699625 745.63607706129551 65.538859039545059 10.062783718109129 16.755531892180446 5.0375380590558043 15.216004610061644
leaf_count=77 43 28 686 221 29 128 2695 234 37 54 16 50
internal_value=0.000130128 0.0073576 -0.000286321 -0.00921059 -0.00237137 0.000466458 -0.00109457 0.00488324 -0.0325947 0.011753 0.000287376 0.0212024
internal_weight=1210.41 65.9445 1144.47 89.0283 68.8821 1055.44 779.824 275.614 20.1462 58.3211 26.3496 31.9715
internal_count=4298 225 4073 330 250 3743 2823 920 80 197 93 104
is_linear=0
shrinkage=0.03


Tree=166
num_leaves=9
num_cat=0
split_feature=24 0 5 18 8 28 23 21
split_gain=3.97675 5.69908 8.07246 8.41232 5.18992 5.0044 3.61859 1.41212
threshold=1.4680523491322208 -0.0068229262039919301 0.00041777399294528109 0.018729062766768601 0.028855330035895108 -0.00058009564634078675 1.7436253463152276 117057.00000000001
decision_type=2 2 2 2 2 2 2 2
left_child=1 2 7 -4 5 -3 -2 -1
right_child=6 4 3 -5 -6 -7 -8 -9
leaf_value=-0.028332505531525807 0.038003291301291396 0.0026784762363097066 -0.021254241504968525 0.033002120008094327 0.022386926682796904 -0.0014116616502080697 0.00090824244346887422 -0.056921365421015002
leaf_weight=2.8011169731617001 4.743210740387438 418.39237577095628 7.1437704414129239 4.0187645703554153 9.4340925663709623 755.15078644827008 4.72376449406147 3.4952639155089855
leaf_count=15 15 1430 32 11 29 2732 17 17
internal_value=0.00012634 -2.63975e-05 -0.0170415 -0.00172073 0.000224719 4.6557e-05 0.0194939 -0.0442028
internal_weight=1209.9 1200.44 17.4589 11.1625 1182.98 1173.54 9.46698 6.29638
internal_count=4298 4266 75 43 4191 4162 32 32
is_linear=0
shrinkage=0.03


Tree=167
num_leaves=15
num_cat=0
split_feature=24 20 14 11 18 29 29 8 1 29 14 24 6 29
split_gain=3.95843 12.4741 9.21822 8.47699 8.98994 7.81336 9.98443 10.9094 9.33311 8.27148 7.78008 7.76186 7.16915 6.11368
threshold=0.62403295346518339 0.0077076806560075701 0.90780691610711839 0.018281724302099442 0.010023002357284745 0.030083860896334681 0.031210994378518816 0.0063289397652843407 0.020783221828057665 0.020007434860058581 0.75928394466606719 0.16594810648530009 9863.5000000000018 0.030593748620465107
decision_type=2 2 2 2 2 2 2 2 2 2 2 2 2 2
left_child=5 2 10 -3 -5 9 7 -7 -8 12 -2 -11 -1 -4
right_child=1 3 13 4 -6 6 8 -9 -10 11 -12 -13 -14 -15
leaf_value=0.03268199872277272 -0.0059751169090259812 0.036157282543848319 0.007480356303631021 -0.02467997953464944 0.0080352441552499314 0.033136922455188483 -0.010100127896353813 -0.013141996085535696 0.0029105916381760083 0.033217421852525152 0.0083371292220920674 -0.011541307300841181 0.00010218556896093021 -0.029536874639065871
leaf_weight=7.5664595216512671 220.40818751603365 8.4184398986399156 4.9613293260335949 8.48548526316881 69.282827697694302 18.153291463851932 53.927325144410133 6.1332132369279853 621.41032335907221 3.6201388612389556 40.457651786506176 94.819984342902899 30.916032645851374 21.062736563384533
leaf_count=30 793 26 21 39 224 61 206 27 2009 15 136 487 141 83
internal_value=0.000122586 -0.00244724 -0.00545394 0.00756115 0.00446561 0.00126866 0.00255128 0.0214498 0.00187165 -0.00528509 -0.00375543 -0.0098953 0.00650806 -0.0224798
internal_weight=1209.62 373.077 286.89 86.1868 77.7683 836.547 699.624 24.2865 675.338 136.923 260.866 98.4401 38.4825 26.0241
internal_count=4298 1322 1033 289 263 2976 2303 88 2215 673 929 502 171 104
is_linear=0
shrinkage=0.03


Tree=168
num_leaves=10
num_cat=0
split_feature=25 13 29 29 4 3 10 24 28
split_gain=3.96047 4.62277 5.93359 10.1642 9.02577 3.05772 2.93494 1.63023 0.0204291
threshold=-0.001013258929688022 0.0071890312003027547 0.020007434860058581 0.027089196092937178 237.50000000000003 0.50390648843313246 -0.0019161445197606157 0.61427379074152744 -0.001385110550689778
decision_type=2 2 2 2 2 2 2 2 2
left_child=5 6 4 -4 -3 -1 -2 -7 -8
right_child=1 2 3 -5 -6 7 8 -9 -10
leaf_value=0.00015838575891572118 0.0052801074720095851 0.017347188100223152 -0.011479478040386518 0.00036368669111189634 -0.014521667932937597 0.038634234654202688 -0.038084136067543128 0.012433090491541274 -0.034056216242352354
leaf_weight=6.809449464082717 2.2852050065994263 37.130745582282543 69.457103841006756 1069.0291136316955 10.194118417799471 4.823966056108473 1.6133194938302038 3.8373561352491379 3.8085105530917636
leaf_count=27 13 132 371 3614 51 20 12 16 42
internal_value=0.000118792 -7.6698e-05 7.38219e-05 -0.000358845 0.0104824 0.0152002 -0.0232358 0.0270259 -0.0352548
internal_weight=1208.99 1193.52 1185.81 1138.49 47.3249 15.4708 7.70704 8.66132 5.42183
internal_count=4298 4235 4168 3985 183 63 67 36 54
is_linear=0
shrinkage=0.03


Tree=169
num_leaves=9
num_cat=0
split_feature=10 20 23 17 5 28 10 6
split_gain=3.84735 4.69135 7.02813 5.08649 4.70296 8.81491 7.04733 1.6468
threshold=0.05366446396704249 0.031896167792973905 2.0048637185200824 0.015905511071226282 -0.0025301866464516672 0.0022965876510983902 -0.0093020048794123077 454207.50000000006
decision_type=2 2 2 2 2 2 2 2
left_child=1 4 3 -3 6 -6 -1 -2
right_child=7 2 -4 -5 5 -7 -8 -9
leaf_value=-0.0083929144854038486 0.0049278401304271987 -0.056988758147565349 0.015992070198330467 -0.0092842202339870686 0.0025729270074436768 -0.010712325651966581 -9.85549550805538e-06 0.030091157429134246
leaf_weight=121.7948446944356 4.1519870609045011 4.2662781998515111 3.5828473865985861 3.8063184022903442 668.63028161227703 48.188590969890356 348.50276533141732 5.3655942529439926
leaf_count=429 15 19 11 13 2367 187 1240 17
internal_value=0.000115223 -3.56154e-05 -0.0189758 -0.0344955 0.000150345 0.00167982 -0.00218085 0.0191138
internal_weight=1208.29 1198.77 11.6554 8.0726 1187.12 716.819 470.298 9.51758
internal_count=4298 4266 43 32 4223 2554 1669 32
is_linear=0
shrinkage=0.03


Tree=170
num_leaves=13
num_cat=0
split_feature=1 17 20 16 26 26 5 26 28 1 11 29
split_gain=3.84399 7.11404 5.22302 4.99522 8.54035 9.07894 8.19141 6.70088 15.1754 10.4694 1.42996 0.101403
threshold=0.01098354767585717 -0.002424002642517627 0.009422415083739942 0.75000000000000011 -0.00015253641211399177 0.0011185220546907385 0.013648350801802019 -0.0024080699903713879 -0.00058009564634078675 0.04853461362717109 0.027192453932125309 0.034726399062405634
decision_type=2 2 2 2 2 2 2 2 2 2 2 2
left_child=1 2 -1 7 6 -6 -5 9 -9 -2 11 -3
right_child=3 10 -4 4 5 -7 -8 8 -10 -11 -12 -13
leaf_value=-0.013878553675207321 -0.0093577216265671795 -0.036784518345207864 0.034650904267307499 0.011498802547539043 -0.014650780254467047 0.0024883689114993538 -0.025595829086203462 0.0096906244704644331 -0.0016970518701441746 0.0056071138753697129 -0.015105606388852019 -0.044550349364534586
leaf_weight=4.7320537418127078 160.58719228953123 3.6519484259188157 3.4520167708396912 115.76653745025396 33.048677958548069 175.69186052680016 5.6176966801285735 132.71761199086905 510.18965034559369 57.011789597570896 3.1125372648239136 2.5840155258774757
leaf_count=22 589 30 11 386 121 607 24 432 1863 183 16 14
internal_value=0.000111818 -0.0138331 0.00659103 0.000317163 0.0034544 -0.000225173 0.00978205 -0.000886409 0.000653746 -0.00543688 -0.0317132 -0.0400025
internal_weight=1208.16 17.5326 8.18407 1190.63 330.125 208.741 121.384 860.506 642.907 217.599 9.3485 6.23596
internal_count=4298 93 33 4205 1138 728 410 3067 2295 772 60 44
is_linear=0
shrinkage=0.03


Tree=171
num_leaves=12
num_cat=0
split_feature=25 25 25 28 28 28 25 9 29 5 29
split_gain=3.8568 25.3861 14.0666 13.569 9.38761 21.9023 7.78794 6.80354 6.76844 0.9336 0.352731
threshold=0.00046462623231768142 0.00043110765201424605 0.00051039110794297911 0.00036922789529572701 0.0008823743806248821 0.00076855483138231918 -8.2480241557484176e-05 3.0256006402355182 0.028908263013382379 -0.003496535517876462 0.052849149749540157
decision_type=2 2 2 2 2 2 2 2 2 2 2
left_child=1 4 9 7 5 -1 -6 -4 -5 -2 -3
right_child=2 10 3 8 6 -7 -8 -9 -10 -11 -12
leaf_value=0.00064256386129611176 0.023099348008577335 -0.047866778797457543 -0.011825121779485685 -0.011685143492273582 0.0019480810032184597 0.023834281190251428 -0.007213933192831477 0.015490848270021082 0.015480331109189669 0.039403190254239308 -0.060489476843703177
leaf_weight=649.32477376610041 4.9243523329496375 4.3019706420600397 56.713107049465179 9.7049704864621145 128.75969552621245 38.84167055785656 237.54475995525718 9.594544366002081 55.234998568892479 8.827379643917082 3.7112679034471512
leaf_count=2253 15 21 213 51 455 118 927 33 173 24 15
internal_value=0.000108491 -0.000517858 0.00469807 0.00167348 -0.000113613 0.00195156 -0.00399339 -0.00787257 0.0114206 0.033565 -0.0537129
internal_weight=1207.48 1062.48 144.999 131.248 1054.47 688.166 366.304 66.3077 64.94 13.7517 8.01324
internal_count=4298 3789 509 470 3753 2371 1382 246 224 39 36
is_linear=0
shrinkage=0.03


Tree=172
num_leaves=14
num_cat=0
split_feature=8 1 22 5 26 28 28 5 18 18 24 9 13
split_gain=3.80711 10.1819 7.64193 7.43003 7.13228 5.36041 13.8396 23.2714 7.48136 6.30923 6.22448 4.47602 1.19857
threshold=-0.019347929797628154 0.03542988589491073 473635251.15800005 -0.02817455228034282 -0.00018552883827203576 0.0032202013241880842 0.0022965876510983902 -0.0041027269873221833 0.018729062766768601 0.014013227980310053 0.63025524629273677 1.5443975760631263 0.018346701627475984
decision_type=2 2 2 2 2 2 2 2 2 2 2 2 2
left_child=1 12 3 -3 -4 6 9 -8 11 -2 -10 -7 -1
right_child=5 2 4 -5 -6 8 7 -9 10 -11 -12 -13 -14
leaf_value=-0.02642382521679679 -0.001117710497062452 -0.032183657496781724 0.0011677844258305336 0.0086109248673418275 -0.039793214160104999 0.0019750233147912476 0.013349337536334575 -0.031831677698563918 0.0095384548094872151 0.003589946414675034 -0.035322936179750582 0.02820649373675272 -0.051046803193934585
leaf_weight=3.1172197535634032 625.38832103088498 4.520091861486434 7.1524831801652899 36.185830280184746 8.2259192019700986 8.5088772997260111 15.72457894682884 29.524665560573339 6.8042371571063978 434.04189070314169 4.7106369733810425 18.767101436853409 4.1450243443250656
leaf_count=15 2376 19 24 113 32 32 53 133 21 1391 18 53 18
internal_value=0.000105337 -0.00705361 -0.00272559 0.00408099 -0.0207423 0.000501932 0.000117027 -0.0161308 0.0114632 0.000810987 -0.00881396 0.0200235 -0.0404777
internal_weight=1206.82 63.3466 56.0843 40.7059 15.3784 1143.47 1104.68 45.2492 38.7909 1059.43 11.5149 27.276 7.26224
internal_count=4298 221 188 132 56 4077 3953 186 124 3767 39 85 33
is_linear=0
shrinkage=0.03


Tree=173
num_leaves=9
num_cat=0
split_feature=17 23 25 25 23 16 25 12
split_gain=3.84831 6.24207 4.30628 8.94737 10.0144 8.48512 6.19105 3.06416
threshold=-0.024460126035582477 1.5483195695635263 0.00091992996561157724 0.00073185741853035505 1.0844833316036511 1.0000000180025095e-35 0.00046462623231768142 -0.0082632412357996777
decision_type=2 2 2 2 2 2 2 2
left_child=1 -1 3 6 -5 -4 -2 -7
right_child=2 -3 5 4 -6 7 -8 -9
leaf_value=-0.045853383860297095 -0.00034924769145018277 0.0028957993920243471 -0.018660376334553343 -0.041678531255099634 0.0027885766692324616 0.034953616190973209 0.0072684557915768553 0.0061704966982392756
leaf_weight=4.2674559205770475 1052.2455975748599 5.2996631562709808 5.3124612197279957 9.7061396837234515 8.5940096303820592 10.073658853769302 105.66112161800265 4.9715119525790188
leaf_count=17 3756 17 20 45 33 32 360 18
internal_value=0.000102187 -0.018849 0.000253711 1.69411e-05 -0.0207961 0.0139336 0.000345882 0.0254425
internal_weight=1206.13 9.56712 1196.56 1176.21 18.3001 20.3576 1157.91 15.0452
internal_count=4298 34 4264 4194 78 70 4116 50
is_linear=0
shrinkage=0.03


Tree=174
num_leaves=13
num_cat=0
split_feature=28 8 28 14 28 28 28 4 13 8 13 23
split_gain=3.79104 10.2931 8.00858 14.7407 12.5986 6.8017 16.4047 13.7311 6.66331 5.91899 4.63547 3.61677
threshold=-0.0024264220956916791 0.010730028247057799 -0.0020172834128160733 0.10543085068157874 -0.0020431945716369612 -0.00058009564634078675 -0.00041156080401135364 322.50000000000006 0.020600903942029826 0.0072381148406863065 0.01867397032402043 0.72630600762402242
decision_type=2 2 2 2 2 2 2 2 2 2 2 2
left_child=1 8 3 9 -5 7 -7 -4 10 -2 -1 -10
right_child=2 -3 5 4 -6 6 -8 -9 11 -11 -12 -13
leaf_value=0.0061946864306785879 -0.045228053580199504 -0.025630332490838532 0.0082431339598931647 0.0019349091852183624 -0.040780442556946253 -0.021365164270789914 -7.4091422395820407e-05 -0.0075118050378313976 -0.0013996513496081057 -0.01205871718856019 -0.026501376442428132 0.025356308152477924
leaf_weight=21.524212226271633 11.800751283764841 7.6341581344604483 208.88406099379063 61.799079395830631 6.9091173931956282 34.062609735876322 743.20887852832675 65.366507947444916 5.5044609606266048 8.2108715325593931 4.7667793482542029 26.139900781214237
leaf_count=75 51 28 686 221 29 128 2695 234 19 29 18 85
internal_value=9.91464e-05 0.00711383 -0.000304233 -0.00895988 -0.00236044 0.000426068 -0.00100714 0.00448801 0.0114285 -0.0316185 0.000266613 0.0207022
internal_weight=1205.81 65.5695 1140.24 88.7198 68.7082 1051.52 777.271 274.251 57.9354 20.0116 26.291 31.6444
internal_count=4298 225 4073 330 250 3743 2823 920 197 80 93 104
is_linear=0
shrinkage=0.03


Tree=175
num_leaves=14
num_cat=0
split_feature=22 22 21 12 11 15 15 28 3 22 20 13 27
split_gain=3.71538 8.44706 7.27568 7.301 7.07516 7.44223 8.18816 5.61851 11.9909 7.5636 5.53962 4.24663 2.11491
threshold=34038453.305500008 53665173.726500005 74730.000000000015 -0.0025672654432669791 0.027483429269143624 0.011300559486179652 0.0087212250689227677 -0.0024264220956916791 0.77324075260910241 89608356.535500005 0.014991833361631591 0.017221894961296374 0.018126602887132068
decision_type=2 2 2 2 2 2 2 2 2 2 2 2 2
left_child=4 2 11 -4 5 6 -1 8 -3 -9 -6 -2 -7
right_child=1 7 3 -5 10 12 -8 9 -10 -11 -12 -13 -14
leaf_value=-0.0057457909382110641 0.0051691802458081063 0.019941987546707056 0.014599756530967614 -0.0049125483515998179 0.033914852879045825 -0.055261004538605184 0.021325965908998035 -0.0067691799504629741 -0.015649975963630627 0.00061910831883343822 -0.0044852186322449509 -0.034139971858671618 -0.020565229145833652
leaf_weight=165.19783452153206 4.5656319111585599 31.681696087121964 85.760737352073193 21.606918416917324 7.7127875164151174 3.0363010093569747 10.707037724554537 151.88850364089012 11.652248769998549 696.78789860010147 6.0202361419796944 5.3975558131933212 3.2993285097181797
leaf_count=750 16 103 286 84 23 15 37 545 41 2334 24 22 18
internal_value=9.62532e-05 0.000830179 0.00839736 0.0106731 -0.00368376 -0.00524853 -0.00409798 -0.000165172 0.0103715 -0.000703181 0.0170812 -0.0161265 -0.0371929
internal_weight=1205.31 1009.34 117.331 107.368 195.974 182.241 175.905 892.01 43.3339 848.676 13.733 9.96319 6.33563
internal_count=4298 3431 408 370 867 820 787 3023 144 2879 47 38 33
is_linear=0
shrinkage=0.03


Tree=176
num_leaves=11
num_cat=0
split_feature=25 25 27 25 11 13 5 20 22 7
split_gain=3.69395 4.43464 9.11029 8.16998 6.87614 5.09638 4.81707 2.94337 3.14237 1.02375
threshold=-0.001013258929688022 -0.00045651181314955007 0.022606990477815888 -0.00034703461401847021 0.028108154745959974 0.0071890312003027547 0.0099999999999999551 -0.0062210022836455313 86184583.331000015 30201180.651000001
decision_type=2 2 2 2 2 2 2 2 2 2
left_child=7 2 4 6 -2 -5 -3 8 -1 -9
right_child=1 3 -4 5 -6 -7 -8 9 -10 -11
leaf_value=-0.015258073859115448 -0.007072424895457282 0.013084930145677439 -0.041475583764807145 -0.028084316003905339 0.02870300760977228 -0.0001837301481974454 -0.0070852149887166887 0.037871623720632623 0.022773234418987567 0.01533355022207277
leaf_weight=4.3146253973245621 55.963835291564465 64.637286879122257 6.4461707174777976 5.9258281402289859 5.292500600218772 1038.526920940727 12.759971201419829 4.268594413995741 3.5758122354745865 3.1541627198457718
leaf_count=17 212 219 26 56 14 3662 46 16 14 16
internal_value=9.33803e-05 -9.50881e-05 -0.00755139 0.000354892 -0.00398145 -0.000342027 0.00975961 0.0147339 0.00197707 0.0282945
internal_weight=1204.87 1189.55 67.7025 1121.85 61.2563 1044.45 77.3973 15.3132 7.89044 7.42276
internal_count=4298 4235 252 3983 226 3718 265 63 31 32
is_linear=0
shrinkage=0.03


Tree=177
num_leaves=14
num_cat=0
split_feature=24 20 15 26 29 5 28 28 28 13 14 22 17
split_gain=3.72717 11.473 12.1068 11.6965 7.10961 7.16836 7.00464 7.45614 14.3879 12.2266 6.7277 7.03091 6.00624
threshold=0.62403295346518339 0.0077076806560075701 0.014248656093280932 -0.0022539005009596831 0.020762018163169974 -0.0084728148800797803 0.0032202013241880842 0.0018371682049028064 0.0015608548697912772 0.026081672705314019 0.6036077428751524 350078633.01850003 0.020212271390853024
decision_type=2 2 2 2 2 2 2 2 2 2 2 2 2
left_child=6 2 3 -2 -3 -6 7 8 -1 -9 -8 -12 -4
right_child=1 4 12 -5 5 -7 10 9 -10 -11 11 -13 -14
leaf_value=0.00072629462763113808 -0.015417755428648736 0.039297874342468141 -0.061103284737208691 -0.00072994240490189578 0.035932410907705485 0.0022910406973747255 -0.013011383697776917 -0.017414868702566019 0.019692725555350059 0.0045958302093616135 0.032420164746131762 -0.01119991610670436 -0.01505151456621657
leaf_weight=676.54852137342095 63.355829522013664 5.7995059192180625 4.9480962008237821 212.33250711485744 6.1789734810590735 73.620410963892937 5.5919309258461025 49.714192919433117 38.020180612802505 41.819971926510334 17.158133499324325 4.1252694427967063 5.2568363696336746
leaf_count=2393 235 17 21 759 17 255 22 243 120 135 48 15 18
internal_value=9.06386e-05 -0.00240829 -0.00529311 -0.00410534 0.00722674 0.00489594 0.00120511 0.000702796 0.00173544 -0.00735866 0.0162717 0.0239655 -0.0373808
internal_weight=1204.47 371.492 285.893 275.688 85.5989 79.7994 832.978 806.103 714.569 91.5342 26.8753 21.2834 10.2049
internal_count=4298 1322 1033 994 289 272 2976 2891 2513 378 85 63 39
is_linear=0
shrinkage=0.03


Tree=178
num_leaves=10
num_cat=0
split_feature=24 0 5 17 24 20 29 23 5
split_gain=3.7333 5.34334 7.70567 6.39395 4.32002 10.4712 6.38072 3.36171 1.04546
threshold=1.4680523491322208 -0.0068229262039919301 0.00041777399294528109 -0.0020078384648035499 0.62403295346518339 0.0077076806560075701 0.030083860896334681 1.7436253463152276 -0.00099187363553895512
decision_type=2 2 2 2 2 2 2 2 2
left_child=1 2 8 -4 6 -6 -3 -2 -1
right_child=7 4 3 -5 5 -7 -8 -9 -10
leaf_value=-0.05581021629801243 0.036833291954743726 -0.0046058113907414188 0.02602543216743778 -0.020482236259843863 -0.0053441825697901528 0.0069154945148733327 0.0025535196662433146 0.0009410892081667166 -0.03116083142524375
leaf_weight=3.0816928222775459 4.7073081061243993 133.92545640096068 4.4767150990664968 6.5577243939042065 276.8192943111062 81.063674692064524 685.55777546390891 4.6869924068450928 3.11282401531935
leaf_count=15 15 660 14 29 998 273 2260 17 17
internal_value=8.80177e-05 -6.01242e-05 -0.0166462 -0.00161389 0.000182588 -0.00256726 0.00138349 0.018926 -0.0434236
internal_weight=1203.99 1194.6 17.229 11.0344 1177.37 357.883 819.483 9.3943 6.19452
internal_count=4298 4266 75 43 4191 1271 2920 32 32
is_linear=0
shrinkage=0.03


Tree=179
num_leaves=13
num_cat=0
split_feature=9 9 13 12 25 25 1 27 20 24 20 5
split_gain=3.65246 8.11248 9.30793 7.44945 9.97627 8.44115 7.38838 6.46761 6.30996 6.65248 8.15347 7.77747
threshold=1.760162796231419 1.3962550077751319 0.022236751257207327 -0.0018278884373388495 -9.5779806604573002e-05 0.00038464346425174398 0.037130090985002008 -0.0070185728462463359 0.0351122193770829 0.39510918262220851 -0.036834241687577797 -0.016844706780676708
decision_type=2 2 2 2 2 2 2 2 2 2 2 2
left_child=1 3 6 4 -1 -5 -3 -4 9 10 -2 -11
right_child=8 2 7 5 -6 -7 -8 -9 -10 11 -12 -13
leaf_value=0.0078406649397047279 0.023788542402217349 0.00389921769943463 0.00063708381840196402 -0.01120401650222695 -0.0012706346414885783 0.015956546942498484 -0.025436643778812398 0.020505608851076579 0.03459173849772422 -0.021791373738224092 0.00066322789725927638 -0.0032777770706805816
leaf_weight=151.96872739493847 15.987932026386259 42.217481091618538 20.254507198929787 82.337268240749836 375.14856145903468 11.770517718046902 9.457651272416113 54.211374290287495 4.1953992694616309 21.82692527025938 96.806995760649443 317.28841080889106
leaf_count=497 50 160 66 326 1292 45 36 163 13 86 380 1184
internal_value=8.53984e-05 0.0013765 0.0083128 -3.19243e-05 0.00135617 -0.00780691 -0.00146987 0.0151014 -0.00203018 -0.00237017 0.00394109 -0.00446939
internal_weight=1203.47 747.366 126.141 621.225 527.117 94.1078 51.6751 74.4659 456.106 451.91 112.795 339.115
internal_count=4298 2585 425 2160 1789 371 196 229 1713 1700 430 1270
is_linear=0
shrinkage=0.03


end of trees

feature_importances:
qqq_vwap_dev=254
qqq_gap=230
atr_20d_pct=208
qqq_intra_ret=148
intra_curr_bar_range=98
intra_turnover=72
intra_rvol=71
intra_dist_to_pm_high=69
pm_vwap_dev=68
intra_vol_acceleration=68
pm_intra_gain=67
pm_rvol=65
intra_low_from_open=64
intra_curr_bar_ret=63
intra_range_retention=60
pm_final_velocity_10m=59
intra_volume=59
intra_range_pct=58
pm_turnover=54
pm_surge_retention=53
intra_high_from_open=47
intra_return_from_open=46
intra_vwap_dev=43
pm_gap=39
pm_peak_to_open_mins=37
pm_volume=32
alpha_vs_qqq=23
intra_upbar_ratio=7

parameters:
[boosting: gbdt]
[objective: binary]
[metric: binary_logloss]
[tree_learner: serial]
[device_type: cpu]
[data_sample_strategy: bagging]
[data: ]
[valid: ]
[num_iterations: 180]
[learning_rate: 0.03]
[num_leaves: 15]
[num_threads: 15]
[seed: 42]
[deterministic: 0]
[force_col_wise: 0]
[force_row_wise: 0]
[histogram_pool_size: -1]
[max_depth: 4]
[min_data_in_leaf: 15]
[min_sum_hessian_in_leaf: 0.001]
[bagging_fraction: 0.8]
[pos_bagging_fraction: 1]
[neg_bagging_fraction: 1]
[bagging_freq: 0]
[bagging_seed: 400]
[bagging_by_query: 0]
[feature_fraction: 0.8]
[feature_fraction_bynode: 1]
[feature_fraction_seed: 30056]
[extra_trees: 0]
[extra_seed: 12879]
[early_stopping_round: 0]
[early_stopping_min_delta: 0]
[first_metric_only: 0]
[max_delta_step: 0]
[lambda_l1: 0]
[lambda_l2: 0]
[linear_lambda: 0]
[min_gain_to_split: 0]
[drop_rate: 0.1]
[max_drop: 50]
[skip_drop: 0.5]
[xgboost_dart_mode: 0]
[uniform_drop: 0]
[drop_seed: 17869]
[top_rate: 0.2]
[other_rate: 0.1]
[min_data_per_group: 100]
[max_cat_threshold: 32]
[cat_l2: 10]
[cat_smooth: 10]
[max_cat_to_onehot: 4]
[top_k: 20]
[monotone_constraints: ]
[monotone_constraints_method: basic]
[monotone_penalty: 0]
[feature_contri: ]
[forcedsplits_filename: ]
[refit_decay_rate: 0.9]
[cegb_tradeoff: 1]
[cegb_penalty_split: 0]
[cegb_penalty_feature_lazy: ]
[cegb_penalty_feature_coupled: ]
[path_smooth: 0]
[interaction_constraints: ]
[verbosity: -1]
[saved_feature_importance_type: 0]
[use_quantized_grad: 0]
[num_grad_quant_bins: 4]
[quant_train_renew_leaf: 0]
[stochastic_rounding: 1]
[linear_tree: 0]
[max_bin: 255]
[max_bin_by_feature: ]
[min_data_in_bin: 3]
[bin_construct_sample_cnt: 200000]
[data_random_seed: 175]
[is_enable_sparse: 1]
[enable_bundle: 1]
[use_missing: 1]
[zero_as_missing: 0]
[feature_pre_filter: 1]
[pre_partition: 0]
[two_round: 0]
[header: 0]
[label_column: ]
[weight_column: ]
[group_column: ]
[ignore_column: ]
[categorical_feature: ]
[forcedbins_filename: ]
[precise_float_parser: 0]
[parser_config_file: ]
[objective_seed: 16083]
[num_class: 1]
[is_unbalance: 0]
[scale_pos_weight: 1.81283]
[sigmoid: 1]
[boost_from_average: 1]
[reg_sqrt: 0]
[alpha: 0.9]
[fair_c: 1]
[poisson_max_delta_step: 0.7]
[tweedie_variance_power: 1.5]
[lambdarank_truncation_level: 30]
[lambdarank_norm: 1]
[label_gain: ]
[lambdarank_position_bias_regularization: 0]
[eval_at: ]
[multi_error_top_k: 1]
[auc_mu_weights: ]
[num_machines: 1]
[local_listen_port: 12400]
[time_out: 120]
[machine_list_filename: ]
[machines: ]
[gpu_platform_id: -1]
[gpu_device_id: -1]
[gpu_device_id_list: ]
[gpu_use_dp: 0]
[num_gpu: 1]

end of parameters

pandas_categorical:[]
