tree
version=v4
num_class=1
num_tree_per_iteration=1
label_index=0
max_feature_idx=29
objective=binary sigmoid:1
feature_names=pm_gap pm_intra_gain pm_gain pm_surge_retention pm_peak_to_open_mins pm_final_velocity_10m pm_volume pm_turnover pm_vwap_dev pm_rvol intra_return_from_open intra_high_from_open intra_low_from_open intra_range_pct intra_range_retention intra_vwap_dev intra_upbar_ratio intra_curr_bar_ret intra_curr_bar_range intra_breakout_pm_high intra_dist_to_pm_high intra_volume intra_turnover intra_rvol intra_vol_acceleration qqq_gap qqq_intra_ret alpha_vs_qqq qqq_vwap_dev atr_20d_pct
feature_infos=[-0.061484272200206469:0.10594795539033457] [0:0.34499999999999997] none [0:1] [0:325] [-0.049238373759256451:0.34499999999999997] [0:31845058] [0:8569697149.3370008] [-0.092066306955677898:0.048037611719781194] [0:31845058] [-0.32773109243697479:0.075118183864655658] [0:0.086564269511160377] [-0.32773109243697479:0] [0:0.32773109243697479] [0:1] [-0.22630560928433269:0.041185173988041682] [0:1] [-0.32773109243697479:0.075118183864655658] [0:0.32773109243697479] [0:1] [-0.25650557620817843:0.073500933674527952] [1:25176454] [258.5:6024610782.29] [2.0000000000000002e-05:18909303] none [-0.0011859246672332071:0.0012176347095871301] [-0.0051978093950753451:0.0077313562435293651] [-0.32716524535041369:0.074682158478288754] [-0.0032025193641372698:0.0051391827104186718] [0.0093137254901960592:0.71615304500823007]
tree_sizes=1688 1732 1718 1731 1758 1734 1742 1738 1734 1737 1741 1751 1747 1710 1734 1730 1742 1739 1753 1751 1751 1746 1741 1746 1737 1742 1643 1629 1726 1753 1753 1723 1730 1741 1738 1647 1760 1741 1752 1633 1740 1738 1751 1747 1522 1744 1760 1525 1744 1741 1751 1747 1640 1648 1644 1763 1637 1745 1761 1759 1739 1647 1623 1767 1533 1743 1745 1644 1543 1540 1760 1546 1547 1747 1752 1550 1739 1631 1545 1755 1535 1425 1748 1314 1532 1725 1744 1548 1648 1543 1762 1739 1546 1637 1650 1773 1547 1751 1638 1444 1543 1751 1442 1211 1542 1430 1635 1755 1321 1635 1642 1531 1634 1542 1761 1321 1554 1639 1635 1642 1771 1643 1760 1218 1740 1658 1439 1537 1438 1538 1767 1216 1542 1749 1536 1543 1755 1321 1437 1763 1631 1528 1437 1528 1440 1774 1648 1222 1636 1755 1439 1539 1443 1644 1544 1763 1430 1219 1760 1660 1564 1752 1203 1645 1639 1539 1531 1215 1434 1312 1337 1319 1217 1652 1424 1322 1753 1530 1324 1427

Tree=0
num_leaves=15
num_cat=0
split_feature=29 7 7 29 29 23 26 26 7 7 9 13 13 27
split_gain=800.462 138.297 102.027 94.2803 70.6255 82.1679 49.9301 106.118 44.0319 34.9594 41.826 20.8347 18.6731 14.2876
threshold=0.043807468164590038 7676368.0275000008 6551797.2115000011 0.057048793532669069 0.034545623563042784 9.0571091681755611 -0.0041414891423022836 -0.0029235678665586406 75805298.229000017 1138091.9525000004 2.2387634641110501 0.027815420761290361 0.027564679218483351 0.011206015545823079
decision_type=2 2 2 2 2 2 2 2 2 2 2 2 2 2
left_child=1 9 3 11 5 -3 -4 -8 -6 12 -11 -2 -1 -5
right_child=2 4 6 13 8 -7 7 -9 -10 10 -12 -13 -14 -15
leaf_value=-1.1977273147917677 -1.1691042809742085 -1.162299478382302 -1.0589680432132049 -1.1055772561771959 -1.1386672220645904 -1.1010402399573376 -1.1534220329746525 -1.0967762444502884 -1.1055130145183594 -1.1516645953265203 -1.186939685377097 -1.1181211190251965 -1.1281802486327774 -1.0593694482074285
leaf_weight=49.597946763038635 39.691626727581024 135.98319464921951 28.257218420505524 17.346482396125797 85.012203514575958 23.045858442783356 31.435975611209869 559.74904704093933 62.599826157093048 85.862462043762207 46.708699524402618 8.8163996934890729 3.7363128066062918 9.2252973318099958
leaf_count=265 186 616 61 56 339 72 136 1694 202 368 238 31 14 20
internal_value=-1.12268 -1.15193 -1.10193 -1.13496 -1.13955 -1.15342 -1.09793 -1.09979 -1.12461 -1.17234 -1.16409 -1.15984 -1.19286 -1.08953
internal_weight=1187.07 492.547 694.522 75.0798 306.641 159.029 619.442 591.185 147.612 185.905 132.571 48.508 53.3343 26.5718
internal_count=4298 2114 2184 293 1229 688 1891 1830 541 885 606 217 279 76
is_linear=0
shrinkage=1


Tree=1
num_leaves=15
num_cat=0
split_feature=13 22 22 23 23 20 21 23 1 10 3 25 25 21
split_gain=366.076 158.566 96.7191 91.0205 60.659 52.0641 50.6138 42.885 45.0984 38.0059 35.5592 29.5202 17.2269 26.6231
threshold=0.016456605351618678 55041317.44600001 11715543.685000001 1.0696702651493708 2.0821365489341859 0.0038373334136524583 222932.50000000003 0.74177311289548431 0.021815029459897016 0.0087989484010827634 0.17027793335651498 -0.0003944043076717358 -0.00038043631396730772 60227.000000000007
decision_type=2 2 2 2 2 2 2 2 2 2 2 2 2 2
left_child=2 7 12 9 11 -5 -6 10 -9 -4 -2 -3 13 -1
right_child=1 4 3 5 6 -7 -8 8 -10 -11 -12 -13 -14 -15
leaf_value=-0.039174915165482598 0.011859903330972529 0.085525131519628358 0.04085161616606961 -0.00066462033045760517 -0.028204389451868563 0.068051428876359232 0.047347451704506736 -0.0025279156449171678 0.032345250787991095 -0.027217810315543919 0.064780438668363069 0.062323411325514076 -0.030248339073484329 0.06598525190528319
leaf_weight=4.1243262290954572 14.924337461590765 56.012602940201759 151.77209989726543 131.36933115124702 8.4700337499380094 10.734347268939016 138.03461214900017 44.335315033793449 135.00423049926758 7.7596995234489432 48.769382536411285 415.15900300443172 42.932936504483223 4.5648122876882553
leaf_count=23 63 138 541 602 44 32 466 206 509 40 145 1245 230 14
internal_value=0.0412082 0.0517623 0.0154932 0.0219872 0.0598393 0.00452611 0.0429795 0.0312343 0.0237241 0.0375407 0.0523804 0.0650816 -0.0224518 0.0160707
internal_weight=1213.97 860.71 353.258 301.635 617.676 142.104 146.505 243.033 179.34 159.532 63.6937 471.172 51.6221 8.68914
internal_count=4298 2816 1482 1215 1893 634 510 923 715 581 208 1383 267 37
is_linear=0
shrinkage=0.03


Tree=2
num_leaves=15
num_cat=0
split_feature=7 18 9 6 18 7 9 25 1 25 20 21 27 9
split_gain=430.322 174.223 79.7157 82.1398 65.3491 58.0459 54.6343 46.6078 38.2683 34.7814 23.4098 19.5732 15.558 11.6393
threshold=6551797.2115000011 0.015458458493741624 1.760162796231419 66481.500000000015 0.026487906496764767 1138091.9525000004 1.4082590703105751 -0.000152581626249253 0.029142501145417807 -0.00011775243431594598 0.0038373334136524583 190287.00000000003 0.007454268172007646 2.9323126736728811
decision_type=2 2 2 2 2 2 2 2 2 2 2 2 2 2
left_child=4 6 8 -4 5 -1 9 -7 -3 -2 -8 12 -6 -13
right_child=1 2 3 -5 11 7 10 -9 -10 -11 -12 13 -14 -15
leaf_value=-0.028716560211103033 0.064439106368475579 0.05088305488562464 -0.0012854763694513532 0.047753412956764434 0.026665396487994177 0.032600455728393325 0.002915375080317677 -0.0034627179593918812 0.068061391402751178 0.026248252297529528 0.067413074201690598 0.027353465301092374 0.072168091153935535 -0.039556033726007821
leaf_weight=55.682157546281815 31.310199856758118 186.51461645960808 34.882734343409538 258.89302311837673 11.555183053016664 45.303809612989426 90.464301899075508 111.9643472880125 311.86648316681385 68.234040379524231 5.3650296032428733 7.1433309614658338 16.305835947394371 3.479700893163681
leaf_count=299 91 581 156 832 44 171 403 518 838 259 15 27 45 19
internal_value=0.0391469 0.0480681 0.054326 0.0419306 0.00410787 -0.00239387 0.0226952 0.0069259 0.0616326 0.0382606 0.0065263 0.0400851 0.0532961 0.00543646
internal_weight=1238.96 987.53 792.157 293.776 251.434 212.95 195.374 157.268 498.381 99.5442 95.8293 38.4841 27.861 10.623
internal_count=4298 3175 2407 988 1123 988 768 689 1419 350 418 135 89 46
is_linear=0
shrinkage=0.03


Tree=3
num_leaves=15
num_cat=0
split_feature=29 7 29 7 29 23 8 25 25 9 10 26 7 15
split_gain=610.894 97.1801 93.1035 86.0467 47.4906 78.0774 39.4418 30.8009 26.6758 27.1929 23.0687 22.4752 31.626 25.7932
threshold=0.042238464618594575 7676368.0275000008 0.055500181094657791 6551797.2115000011 0.033022913717809556 9.0571091681755611 0.0093162786280834037 -0.00034703461401847021 -0.000152581626249253 2.1848790951061461 0.024454953214156087 0.004252203386569813 14324500.994500002 0.0093657623275246408
decision_type=2 2 2 2 2 2 2 2 2 2 2 2 2 2
left_child=1 8 3 10 5 -3 -5 -6 9 -1 -2 13 -13 -4
right_child=2 4 11 6 7 -7 -8 -9 -10 -11 -12 12 -14 -15
leaf_value=0.026377287116313593 0.0013097147424898235 -0.0011928023608933456 0.059388972304818315 0.041500282527474938 0.06318006045527276 0.05754087715474418 0.069328852089038842 0.026520587157913902 -0.014950601233436157 -0.021251141433341187 0.074464846419399003 0.081724526035442724 0.0029436395105293159 0.077286214760095659
leaf_weight=33.508580267429352 51.683215782046318 121.9025946855545 369.6067265868187 201.90188477933407 25.002914175391197 24.456883415579796 59.299761742353439 117.85271283984184 126.46075646579266 15.911606505513189 4.1943373680114737 7.0574928820133236 13.096584782004355 90.14926877617836
leaf_count=131 232 546 1018 647 69 70 151 434 630 81 11 16 53 209
internal_value=0.0372602 0.00993802 0.0532044 0.0405898 0.020632 0.00862168 0.0478181 0.0329368 -0.00764687 0.0110426 0.00680096 0.061539 0.0305309 0.0628983
internal_weight=1262.09 465.096 796.989 317.079 289.215 146.359 261.202 142.856 175.881 49.4202 55.8776 479.91 20.1541 459.756
internal_count=4298 1961 2337 1041 1119 616 798 503 842 212 243 1296 69 1227
is_linear=0
shrinkage=0.03


Tree=4
num_leaves=15
num_cat=0
split_feature=29 29 6 6 25 13 22 28 25 11 25 12 29 0
split_gain=551.336 128.085 93.7773 75.5029 55.5935 46.8331 34.5507 28.1609 23.5464 21.7412 21.7403 20.8911 20.3466 11.1325
threshold=0.037070029345995424 0.055500181094657791 24093.000000000004 454207.50000000006 -0.000152581626249253 0.014617818110178267 8351498.1295000007 0.00070004231891704306 -9.5779806604573002e-05 0.029599453046803535 -0.00087053193906951151 -0.0029395053688870518 0.020007434860058581 -0.0050582854501024076
decision_type=2 2 2 2 2 2 2 2 2 2 2 2 2 2
left_child=3 2 8 6 -4 11 -1 -8 -2 10 -3 -5 -7 -11
right_child=1 9 4 5 -6 12 7 -9 -10 13 -12 -13 -14 -15
leaf_value=-0.035440717473005923 0.031712201866595492 0.087716556591657668 0.060462232993941767 0.014855998968449228 0.034707177267845515 0.077513367600695923 0.0060695992456852171 -0.016520746515671699 -0.0027963804928590897 0.0040302636865526022 0.053827381750731866 -0.039763700349143671 0.034770901926039967 0.074213839423192429
leaf_weight=28.729353308677673 25.359913691878319 17.803710550069809 108.56351280212402 22.910631984472278 247.14459699392319 13.749607801437376 167.83213818073273 70.537155762314796 59.660709738731384 2.0886401534080496 395.47735160589218 8.6940023303031904 36.986425906419754 77.839388966560364
leaf_count=162 91 34 288 95 817 31 729 345 270 8 1081 47 127 173
internal_value=0.0355274 0.047555 0.0358022 0.00338154 0.0425677 0.0284973 -0.00436109 -0.000615233 0.00749682 0.0580573 0.0552873 -0.000169133 0.0463542 0.0723798
internal_weight=1283.38 933.938 440.729 349.439 355.708 82.3407 267.099 238.369 85.0206 493.209 413.281 31.6046 50.736 79.928
internal_count=4298 2762 1466 1536 1105 300 1236 1074 361 1296 1115 142 158 181
is_linear=0
shrinkage=0.03


Tree=5
num_leaves=15
num_cat=0
split_feature=7 13 13 7 23 20 25 25 26 28 26 21 27 12
split_gain=322.563 129.649 55.5497 52.9233 44.086 44.2768 39.9747 38.8065 41.7657 33.4122 29.2457 16.4869 12.529 10.7843
threshold=6551797.2115000011 0.016714341512526671 0.026487906496764767 1138091.9525000004 1.0696702651493708 0.0036585305459093487 -0.000152581626249253 -0.0003944043076717358 -0.0041414891423022836 -5.6668784486189388e-05 -0.003854717461905167 190287.00000000003 0.007454268172007646 -0.0022589818117259917
decision_type=2 2 2 2 2 2 2 2 2 2 2 2 2 2
left_child=2 4 3 -1 10 -6 -5 9 -9 -3 -2 12 -4 -13
right_child=1 7 11 6 5 -7 -8 8 -10 -11 -12 13 -14 -15
leaf_value=-0.028097110519757922 0.089092603135427106 0.04734248167404892 0.023963042879696611 0.029462404787262659 0.001728659980291579 0.062776289714749564 -0.0035363420690077488 0.078351761272081308 0.043169885857529795 0.083010779447709709 0.030257078591407607 -0.02346939021257239 0.063922907887587255 0.036687787133554001
leaf_weight=54.359273985028267 8.063848063349722 47.124446362257004 11.911747962236406 46.859604120254517 98.781882494688034 11.990437164902685 112.02624540030956 31.807487919926643 671.28409077227116 47.42254276573658 133.24998496472836 5.8161232769489288 17.343649461865425 4.9771412163972837
leaf_count=299 15 130 44 171 429 31 518 64 1962 89 455 29 45 17
internal_value=0.0339289 0.041261 0.0035425 -0.00254592 0.0225068 0.0083367 0.00619585 0.047188 0.0447615 0.0652329 0.0336144 0.0359612 0.0476527 0.00427113
internal_weight=1303.02 1049.72 253.294 213.245 252.086 110.772 158.886 797.639 703.092 94.547 141.314 40.0487 29.2554 10.7933
internal_count=4298 3175 1123 988 930 460 689 2245 2026 219 470 135 89 46
is_linear=0
shrinkage=0.03


Tree=6
num_leaves=15
num_cat=0
split_feature=29 29 7 6 25 7 13 5 3 25 11 25 11 8
split_gain=472.932 107.81 87.895 66.957 45.0863 40.6487 39.9532 30.9713 23.5347 23.1046 17.9547 17.6715 16.1533 12.98
threshold=0.037070029345995424 0.055500181094657791 6551797.2115000011 454207.50000000006 -0.000152581626249253 1305474.1010000003 0.014617818110178267 0.0094218780096826261 0.3453119133590728 3.0449645719465944e-05 0.029599453046803535 -0.00087053193906951151 0.0064918140008633609 0.0043499696808780358
decision_type=2 2 2 2 2 2 2 2 2 2 2 2 2 2
left_child=3 2 9 5 -4 13 12 -7 -8 -2 11 -3 -5 -1
right_child=1 10 4 6 -6 7 8 -9 -10 -11 -12 -13 -14 -15
leaf_value=-0.038485482786018529 0.021027605695622779 0.078610394619612153 0.054534418663671119 0.014551001813383885 0.03189712981795343 0.0045150739451579455 0.0055800096691376797 -0.035107685783576752 0.053020702579561547 -0.010499351658943723 0.065377767983439555 0.048906628233974223 -0.03078839714991715 -0.0045322996498380966
leaf_weight=36.146078810095787 40.815413892269135 18.851579055190086 114.64566038548946 21.199181437492374 255.99845549464226 198.45055769383907 12.261405169963835 19.499211698770523 40.487799018621445 42.920383557677269 83.913566380739212 411.44772607088089 10.612562015652655 14.080984622240065
leaf_count=211 158 34 290 87 813 853 48 102 110 205 181 1081 55 70
internal_value=0.032444 0.043275 0.0326277 0.00270276 0.0388992 -0.00463676 0.0259793 0.000970163 0.0419932 0.00486786 0.0526835 0.050208 -0.000574456 -0.0289668
internal_weight=1321.33 968.593 454.38 352.738 370.644 268.177 84.5609 217.95 52.7492 83.7358 514.213 430.299 31.8117 50.2271
internal_count=4298 2762 1466 1536 1103 1236 300 955 158 363 1296 1115 142 281
is_linear=0
shrinkage=0.03


Tree=7
num_leaves=15
num_cat=0
split_feature=29 29 6 6 13 22 28 28 25 26 26 6 10 4
split_gain=431.532 84.6952 75.0746 56.9412 46.6377 39.8174 34.2509 31.4043 31.3258 21.8959 18.6037 27.4725 18.4892 17.8879
threshold=0.038777922582542139 0.055500181094657791 48004.500000000007 519568.50000000006 0.014854979533387781 8351498.1295000007 -0.003008794878992914 0.0017255889982538736 -0.000152581626249253 -0.0014557511623823991 0.004252203386569813 114113.50000000001 0.0028592435178521592 322.50000000000006
decision_type=2 2 2 2 2 2 2 2 2 2 2 2 2 2
left_child=3 2 6 5 9 -1 -2 -7 -4 -5 12 -12 -3 -6
right_child=1 10 8 4 13 7 -8 -9 -10 -11 11 -13 -14 -15
leaf_value=-0.034937631273080604 0.074717596855522012 0.045756092060733909 0.054516735407793324 0.034029996386035273 0.052123041150536585 0.0065066037498011601 0.0084619767709127793 -0.020761555663860353 0.033580271362655505 -0.018641499409432608 0.058207572125478467 -0.0092593766470571489 0.057273799776889983 0.00954330802219947
leaf_weight=29.008062854409218 7.4712239503860465 262.57982936501503 94.12224680185318 10.36317019164562 42.603765428066254 230.54661425948143 116.82476004958153 45.516589775681496 203.12477913498878 22.580542951822281 10.38951960206032 11.383850127458571 240.17084953188896 11.217695266008375
leaf_count=170 18 682 226 37 111 975 469 227 617 110 24 45 545 42
internal_value=0.0310706 0.0420356 0.0320229 0.00459636 0.0260406 -0.00150258 0.0124445 0.0020107 0.0402097 -0.00207252 0.0500825 0.0229336 0.0512583 0.0432484
internal_weight=1337.9 946.067 421.543 391.836 86.7652 305.071 124.296 276.063 297.247 32.9437 524.524 21.7734 502.751 53.8215
internal_count=4298 2626 1330 1672 300 1372 487 1202 843 147 1296 69 1227 153
is_linear=0
shrinkage=0.03


Tree=8
num_leaves=15
num_cat=0
split_feature=29 29 7 23 7 25 9 25 26 7 26 26 15 8
split_gain=396.43 89.738 74.5861 59.5265 44.9622 36.5352 30.7253 19.6306 16.743 24.9732 17.7438 13.2369 18.1216 13.0709
threshold=0.036782634458875071 0.055500181094657791 6551797.2115000011 9.0571091681755611 1305474.1010000003 -0.000152581626249253 1.5589255106524986 -0.00027410915263091797 0.004252203386569813 14324500.994500002 0.00066603979671278569 -0.00026317368035117932 -0.0051894452974799886 0.011879239026908012
decision_type=2 2 2 2 2 2 2 2 2 2 2 2 2 2
left_child=3 2 7 4 13 -4 -6 -2 10 -10 -3 12 -5 -1
right_child=1 8 5 11 6 -7 -8 -9 9 -11 -12 -13 -14 -15
leaf_value=-0.03192743414893319 0.033738969844868114 0.04373211586038224 0.049089531966819526 0.050336869320573151 0.016826063858386083 0.029215739548726829 -0.0044871016659268938 -0.0024762724326444219 0.064646443917108498 -0.0019842097716965606 0.054952435798390278 0.060533907817099136 -0.023485547628912067 0.038624261756626345
leaf_weight=46.176249891519547 16.709318205714226 280.18775583803654 120.7237061560154 7.1689017564058322 94.126814231276512 268.21080335974693 172.32462027668953 69.50402943789959 7.9200570285320309 14.0316194742918 231.77510112524033 16.682333037257195 5.1372707635164261 2.4908677637577048
leaf_count=269 56 707 296 18 370 833 773 315 16 53 520 39 23 10
internal_value=0.0297896 0.039272 0.0297884 0.00198345 -0.00180102 0.0353845 0.003042 0.00454273 0.0477117 0.0220558 0.0488118 0.0431224 0.0195193 -0.0283165
internal_weight=1353.17 1009.06 475.148 344.107 315.119 388.935 266.451 86.2133 533.915 21.9517 511.963 28.9885 12.3062 48.6671
internal_count=4298 2796 1500 1502 1422 1129 1143 371 1296 69 1227 80 41 279
is_linear=0
shrinkage=0.03


Tree=9
num_leaves=15
num_cat=0
split_feature=29 29 7 7 26 25 25 6 11 26 26 8 9 14
split_gain=363.608 81.5462 68.3714 55.4403 35.2571 47.5514 33.1596 26.9769 18.9645 15.3887 56.149 13.045 25.6972 9.73562
threshold=0.036782634458875071 0.055500181094657791 6551797.2115000011 1305474.1010000003 0.0012980595724064903 0.00035709747270263323 -0.000152581626249253 5211387.0000000009 0.02756364954558398 -0.0041414891423022836 -0.0029235678665586406 0.0043499696808780358 0.74746825618506918 0.10912907273107414
decision_type=2 2 2 2 2 2 2 2 2 2 2 2 2 2
left_child=3 2 8 11 5 -5 -4 -6 -2 13 -11 -1 -13 -3
right_child=1 9 6 4 7 -7 -8 -9 -10 10 -12 12 -14 -15
leaf_value=-0.037808600838837234 0.00059501880170790243 0.01749690065094725 0.046801188421188293 0.018809904480346751 -0.014588257990274172 -0.021544587580417492 0.028011819176434923 0.058776034018415281 0.056375494623816663 0.0034028008299927292 0.046790738640337184 0.045200391611888789 -0.03822307386817448 0.074656400518431268
leaf_weight=34.41559961438179 80.495897546410561 3.0345616936683681 122.79486447572708 185.21091139316559 75.475904732942581 30.625282138586044 271.29764108359814 4.797661527991294 5.8866920173168173 28.406716614961624 487.9419816583395 5.7352508604526502 7.9015635251998901 23.071044072508812
leaf_count=211 355 9 296 702 359 148 833 13 16 100 1150 22 47 37
internal_value=0.0285939 0.0375682 0.0285681 0.00192039 0.00677085 0.013084 0.0338664 -0.0102035 0.00439628 0.0455399 0.0444038 -0.0279693 -0.00313757 0.0680121
internal_weight=1367.09 1022.93 480.475 344.162 296.11 215.836 394.093 80.2736 86.3826 542.454 516.349 48.0524 13.6368 26.1056
internal_count=4298 2796 1500 1502 1222 850 1129 372 371 1296 1250 280 69 46
is_linear=0
shrinkage=0.03


Tree=10
num_leaves=15
num_cat=0
split_feature=29 7 29 21 29 23 20 7 25 28 26 22 26 7
split_gain=335.406 60.4906 43.5797 55.7087 30.5276 53.7685 26.5545 24.0871 22.8486 30.2236 22.0378 16.3259 15.0591 22.5441
threshold=0.042238464618594575 7676368.0275000008 0.055500181094657791 166495.50000000003 0.033022913717809556 9.0571091681755611 -0.01506113921639214 166997473.95300004 -0.000152581626249253 -0.0005329108955699184 -0.0014017304807643852 8615392.5570000019 0.004252203386569813 14324500.994500002
decision_type=2 2 2 2 2 2 2 2 2 2 2 2 2 2
left_child=1 8 3 10 5 -3 -5 -6 9 -1 -2 -10 -4 -14
right_child=2 4 12 6 7 -7 -8 -9 11 -11 -12 -13 13 -15
leaf_value=-0.026301727920271214 0.032893711894452282 -0.0026780100644203035 0.044567707777220314 0.026587786277372533 0.016953190156156771 0.043802619361057372 0.045953208334716611 0.042889289783409897 -0.03753467638692997 0.025103330952279044 0.00059060844533655968 -0.0088554541794143831 0.059124435238530247 -0.0032835176623451437
leaf_weight=14.515465721487997 26.800072237849236 124.83516623079777 527.70053735375404 116.64847157895565 109.77911990880966 27.296676471829414 140.46779310703278 45.618628069758415 21.69123512506485 35.393946439027786 65.369220584630966 101.25249509513378 8.2037471681833285 14.273155882954596
leaf_count=76 85 546 1227 345 380 70 351 123 136 136 260 494 16 53
internal_value=0.0274727 0.00723366 0.0382819 0.0299942 0.0152148 0.00566191 0.0371675 0.024567 -0.00696595 0.0101529 0.00998338 -0.0139154 0.0435434 0.0194945
internal_weight=1379.85 480.383 899.463 349.286 307.53 152.132 257.116 155.398 172.853 49.9094 92.1693 122.944 550.177 22.4769
internal_count=4298 1961 2337 1041 1119 616 696 503 842 212 345 630 1296 69
is_linear=0
shrinkage=0.03


Tree=11
num_leaves=15
num_cat=0
split_feature=29 29 7 7 23 26 28 1 25 11 25 8 9 0
split_gain=309.45 67.9132 59.2724 51.1474 39.7859 30.5934 28.9202 20.6138 17.9845 15.0248 14.9312 12.8239 23.9812 9.01184
threshold=0.036782634458875071 0.055500181094657791 6551797.2115000011 1305474.1010000003 9.0571091681755611 -0.0041414891423022836 0.00070004231891704306 0.060705127636503917 3.0449645719465944e-05 0.029599453046803535 -0.00087053193906951151 0.0043499696808780358 0.74746825618506918 -0.0050582854501024076
decision_type=2 2 2 2 2 2 2 2 2 2 2 2 2 2
left_child=3 2 8 11 6 -4 -5 -6 -2 10 -3 -1 -13 -11
right_child=1 9 5 4 7 -7 -8 -9 -10 13 -12 12 -14 -15
leaf_value=-0.037400012224507451 0.017864169338492865 0.064572786605331209 0.072579882465542464 0.0091186128876448672 0.051548689424381178 0.029579316349812292 -0.012409713643848068 -0.011129839155463858 -0.0094290261044541017 -0.0053023215389229206 0.038369104772466182 0.042849150284821322 -0.037778870045876406 0.054377785616758857
leaf_weight=33.299250945448875 42.534065812826157 20.46975302696228 15.486114814877508 187.64569449424744 23.959285587072376 387.45725876092911 80.145954638719559 5.8816941380500785 44.421346381306648 2.3371907770633689 445.70618407428265 5.8706834465265256 7.6414735168218613 88.682515546679497
leaf_count=211 161 34 27 764 56 1102 379 23 210 8 1081 22 47 173
internal_value=0.0264185 0.0345325 0.0263844 0.00175228 0.00633697 0.0312319 0.00267551 0.0391947 0.00392139 0.0416965 0.0395197 -0.0273977 -0.00274808 0.0528453
internal_weight=1391.54 1047.09 489.899 344.444 297.633 402.943 267.792 29.841 86.9554 557.196 466.176 46.8114 13.5122 91.0197
internal_count=4298 2796 1500 1502 1222 1129 1143 79 371 1296 1115 280 69 181
is_linear=0
shrinkage=0.03


Tree=12
num_leaves=15
num_cat=0
split_feature=29 7 25 28 29 23 7 29 7 25 10 11 28 28
split_gain=286.073 57.4912 31.5729 35.5525 30.3941 46.6019 30.027 44.8602 28.1879 25.5306 22.455 19.2728 17.9589 15.4651
threshold=0.043807468164590038 7676368.0275000008 -0.00038043631396730772 -0.0005329108955699184 0.033022913717809556 9.0571091681755611 6551797.2115000011 0.057351777996037516 166997473.95300004 -0.0003944043076717358 -0.0018032215936619174 0.02924776214421362 -5.6668784486189388e-05 -0.0016139858592091702
decision_type=2 2 2 2 2 2 2 2 2 2 2 2 2 2
left_child=1 2 3 -1 5 -3 7 11 -6 12 -11 -2 -8 -4
right_child=6 4 13 -5 8 -7 9 -9 -10 10 -12 -13 -14 -15
leaf_value=-0.028479278964546956 -0.0032810449862923381 -0.0026642240274133947 -0.038925180328325766 0.042658055269597379 0.015589071155024821 0.040121323994997647 0.039399963914774627 0.047218604371061138 0.04043531196233998 0.029237348252639198 0.040278363569572255 0.061240576041683668 0.064985242534122939 -0.0078832434120575477
leaf_weight=8.8883300423622149 48.712534353137016 124.79276509582996 16.167203485965729 21.906825497746468 136.9427205324173 28.063838362693787 49.733269810676575 31.907594591379166 58.71351583302021 279.31698325276375 407.85377624630928 4.5562766939401618 49.036247789859772 135.54708954691887
leaf_count=48 211 546 93 72 461 70 114 72 152 735 963 10 79 672
internal_value=0.0254269 0.00807103 -0.00556953 0.0221259 0.0152143 0.00519103 0.0360068 0.0190878 0.0230451 0.0378404 0.0357905 0.00223773 0.0521023 -0.0111912
internal_weight=1402.14 531.022 182.509 30.7952 348.513 152.857 871.117 85.1764 195.656 785.94 687.171 53.2688 98.7695 151.714
internal_count=4298 2114 885 120 1229 616 2184 293 613 1891 1698 221 193 765
is_linear=0
shrinkage=0.03


Tree=13
num_leaves=15
num_cat=0
split_feature=7 18 9 18 7 9 9 1 1 6 14 21 27 9
split_gain=167.959 73.6904 50.1767 40.4264 39.9073 33.6964 32.7207 28.3189 20.6633 20.6009 18.6368 12.6432 9.16739 8.77451
threshold=6551797.2115000011 0.016714341512526671 1.4532530813411066 0.026487906496764767 1138091.9525000004 2.7396264942551327 1.7383106018186194 0.033756585044232408 0.031067663267514301 108758.50000000001 0.15817767785080275 190287.00000000003 0.007454268172007646 2.9323126736728811
decision_type=2 2 2 2 2 2 2 2 2 2 2 2 2 2
left_child=3 2 7 4 -1 8 -6 -2 -3 -7 -4 12 -5 -13
right_child=1 5 10 11 6 9 -8 -9 -10 -11 -12 13 -14 -15
leaf_value=-0.026295065366648558 0.018565922740215953 0.030177600831655955 -0.033410465144259216 0.019054816577347318 0.013491096509210801 0.0026589399115950724 -0.015465716149788433 0.046827387711726592 0.040793806981159864 0.027302104726469101 0.0051432070742390293 0.01919453215832 0.052217218683173271 -0.038965055443358772
leaf_weight=50.104546815156937 105.86380538344383 271.52819119393826 12.625434458255766 12.495107501745226 111.03059159219265 37.936036244034767 51.36984683573246 45.679102286696434 420.61298176646233 156.4008836299181 106.24893373250961 7.7593595832586271 18.775640860199928 3.3394290506839752
leaf_count=299 342 711 63 44 436 144 253 107 954 436 418 27 45 19
internal_value=0.0244911 0.029348 0.0156393 0.0024454 -0.00288958 0.0335298 0.0043316 0.0270847 0.0366291 0.0224916 0.00104849 0.0292031 0.0389662 0.00169534
internal_weight=1411.77 1156.9 270.417 254.875 212.505 886.478 162.4 151.543 692.141 194.337 118.874 42.3695 31.2707 11.0988
internal_count=4298 3175 930 1123 988 2245 689 449 1665 580 481 135 89 46
is_linear=0
shrinkage=0.03


Tree=14
num_leaves=15
num_cat=0
split_feature=7 13 13 7 25 23 20 26 26 25 14 21 12 27
split_gain=155.46 68.0616 37.6644 38.1205 30.8155 27.9153 35.2743 27.4359 54.6007 22.3787 19.5691 11.5966 9.07495 8.33719
threshold=6551797.2115000011 0.016714341512526671 0.026487906496764767 1138091.9525000004 -0.000152581626249253 1.0696702651493708 0.0036585305459093487 -0.0041414891423022836 -0.0029235678665586406 -0.00040950722489395099 0.039228344662595178 190287.00000000003 -0.0022589818117259917 0.007454268172007646
decision_type=2 2 2 2 2 2 2 2 2 2 2 2 2 2
left_child=2 5 3 -1 -5 9 -7 10 -9 -2 -3 13 -13 -4
right_child=1 7 11 4 -6 6 -8 8 -10 -11 -12 12 -14 -15
leaf_value=-0.025913533707831657 0.05262726915058042 -0.015285045569254148 0.018336591082803843 0.023931674512576426 -0.0044436659137935758 -0.0018426555516963812 0.05036843377505025 -0.0022508587066377718 0.03286931616387944 0.018985443127732642 0.064582513424225524 -0.02419922271507793 0.030145558277558011 0.049780178115841851
leaf_weight=49.328791677951813 20.510809600353241 3.013379991054534 12.593455821275713 49.516334295272827 113.17093223333359 103.73950800299644 13.118703022599218 41.884398758411407 816.52004498243332 134.44214917719364 32.971262335777283 5.816174253821373 5.2724199891090375 19.098848879337311
leaf_count=299 46 11 44 171 518 429 31 144 2037 424 53 29 17 45
internal_value=0.023598 0.0282361 0.0023693 -0.0028119 0.0041928 0.0150895 0.00401865 0.0322315 0.0311557 0.0234385 0.0578943 0.0280466 0.00164071 0.0372856
internal_weight=1421 1166.2 254.797 212.016 162.687 271.811 116.858 894.389 858.404 154.953 35.9846 42.7809 11.0886 31.6923
internal_count=4298 3175 1123 988 689 930 460 2245 2181 470 64 135 46 89
is_linear=0
shrinkage=0.03


Tree=15
num_leaves=15
num_cat=0
split_feature=7 13 9 13 7 9 26 9 1 6 15 21 12 9
split_gain=144.03 62.9772 45.0059 35.1198 36.4149 30.9936 31.008 30.7876 25.8037 19.2153 17.5648 10.6667 8.52032 8.05917
threshold=6551797.2115000011 0.016714341512526671 1.4532530813411066 0.026487906496764767 1138091.9525000004 2.7396264942551327 0.004252203386569813 1.7383106018186194 0.033756585044232408 69294.500000000015 0.0028996236229932855 190287.00000000003 -0.0022589818117259917 0.27219223126924358
decision_type=2 2 2 2 2 2 2 2 2 2 2 2 2 2
left_child=3 2 8 4 13 6 -3 -6 -2 -7 -4 -5 -13 -1
right_child=1 5 10 11 7 9 -8 -9 -10 -11 -12 12 -14 -15
leaf_value=0.0053480958034883997 0.017191327160197223 0.035102853981930637 -0.0068772869972343062 0.035724253569515828 0.012870257293788386 -0.005195579510156003 -0.0004740746715362133 -0.015241303457998946 0.043934467169279796 0.023911293772888875 0.018135653756120057 -0.023754908807368462 0.028885525485202328 -0.030372810915625898
leaf_weight=6.5744416117668143 107.24696271121502 681.36352197825909 83.003583461046219 32.078183799982071 111.87146401405334 23.117187038064003 22.78588043153286 51.069180831313133 46.571892932057381 174.47289961576462 36.324659362435341 5.7482483237981796 5.3363353461027128 41.991249203681946
leaf_count=33 342 1590 354 89 436 93 75 253 107 487 127 29 17 266
internal_value=0.0227492 0.0271826 0.0145627 0.00229625 -0.00273646 0.0310054 0.0339516 0.00405948 0.0252884 0.0205059 0.000736892 0.0269576 0.00158723 -0.0255372
internal_weight=1429.56 1174.89 273.147 254.669 211.506 901.739 704.149 162.941 153.819 197.59 119.328 43.1628 11.0846 48.5657
internal_count=4298 3175 930 1123 988 2245 1665 689 449 580 481 135 46 299
is_linear=0
shrinkage=0.03


Tree=16
num_leaves=15
num_cat=0
split_feature=29 6 18 29 7 6 29 25 6 25 12 20 25 4
split_gain=229.973 47.3791 48.5793 34.5167 25.6576 24.8504 36.0797 24.9996 22.0958 19.504 18.3951 14.3807 14.3108 13.305
threshold=0.043807468164590038 519568.50000000006 0.014854979533387781 0.036590279387962693 1305474.1010000003 45812.000000000007 0.047200015514282039 -0.0003944043076717358 3257.0000000000005 -0.00036666288137811835 -0.0028020209971408114 -0.0057043295331161868 3.0449645719465944e-05 27.500000000000004
decision_type=2 2 2 2 2 2 2 2 2 2 2 2 2 2
left_child=1 3 10 4 -1 6 12 -7 -8 -5 -3 -9 -2 -4
right_child=5 2 13 9 -6 7 8 11 -10 -11 -12 -13 -14 -15
leaf_value=-0.026071695962751714 0.0057342683584372433 0.0062460265707546076 0.051434471270295289 0.03874685946866923 -0.00088770912157418007 0.047825933012605404 -0.027259411005227191 0.028468397002190001 0.02946940773470471 0.0084295606174742774 -0.040712331610636254 0.038170001154744788 -0.041689595181298757 0.026524633789336137
leaf_weight=43.664653241634369 13.705653145909311 28.182264342904091 27.311032474040985 22.629676178097725 219.11170206964016 95.084936678409576 6.5258218497037879 460.28535269200802 116.39694048464298 122.3667176514864 10.234440281987188 196.09255230426788 9.837199389934538 65.775831416249275
leaf_count=277 50 112 57 56 938 176 31 1131 319 441 54 427 50 179
internal_value=0.021946 0.00646083 0.0221193 0.0014111 -0.00507245 0.031246 0.0199415 0.0334494 0.0264577 0.0131612 -0.00626396 0.0313667 -0.0140814 0.033833
internal_weight=1437.2 539.276 131.504 407.773 262.776 897.928 146.466 751.463 122.923 144.996 38.4167 656.378 23.5429 93.0869
internal_count=4298 2114 402 1712 1215 2184 450 1734 350 497 166 1558 100 236
is_linear=0
shrinkage=0.03


Tree=17
num_leaves=15
num_cat=0
split_feature=29 22 29 23 22 29 21 25 20 15 8 20 8 8
split_gain=213.606 44.5945 32.9329 45.3369 26.6426 23.6353 37.3318 26.6867 19.9389 12.235 11.9667 20.371 10.2958 9.99234
threshold=0.043807468164590038 10773878.766500002 0.032398442985910422 9.0571091681755611 273954759.18950003 0.055500181094657791 166495.50000000003 -0.000152581626249253 -0.00063370030069290369 0.0095325462263006963 0.0063289397652843407 -0.00079413795993474811 0.0080089079953012416 -0.017129393120920402
decision_type=2 2 2 2 2 2 2 2 2 2 2 2 2 2
left_child=1 10 3 -3 -4 6 8 -8 -2 12 -1 -12 -7 -11
right_child=5 2 4 -5 -6 9 7 -9 -10 13 11 -13 -14 -15
leaf_value=-0.029712788595783812 0.013161955459223046 -0.0049680955453565399 0.010897617605573907 0.034394190002138524 0.033477352377098084 0.033891742767254429 0.044234797175080734 0.022681371350222728 -0.024730649643791167 0.012025464717402427 -0.024199726100617748 0.06331523837573097 0.02316681862215127 0.044808924597621876
leaf_weight=36.633727222681046 65.088719815015793 192.85777702927589 208.67883707582951 30.499831065535545 60.713933497667313 362.10769754648209 75.629072859883308 163.4168369024992 15.467806145548819 9.06031785905361 6.7959785014390945 3.69552133977413 103.60981827974319 109.44060724973679
leaf_count=229 220 870 739 75 151 807 154 445 69 24 39 11 258 207
internal_value=0.0211889 0.00625803 0.00892445 0.000406886 0.0159865 0.0301075 0.0235484 0.0295004 0.00588613 0.0336957 -0.0216226 0.00662651 0.0315057 0.0423024
internal_weight=1443.7 539.876 492.75 223.358 269.393 903.821 319.602 239.046 80.5565 584.218 47.1252 10.4915 465.718 118.501
internal_count=4298 2114 1835 945 890 2184 888 599 289 1296 279 50 1065 231
is_linear=0
shrinkage=0.03


Tree=18
num_leaves=15
num_cat=0
split_feature=29 29 25 6 21 28 29 5 22 28 26 26 5 5
split_gain=199.358 46.6761 39.1319 38.1852 32.2055 28.8657 26.2295 29.3673 22.1543 22.3779 12.7931 44.8652 6.39615 4.23907
threshold=0.036782634458875071 0.055500181094657791 -0.000152581626249253 454207.50000000006 265719.50000000006 -0.0004492778473160456 0.034726399062405634 0.0061870002061565179 8351498.1295000007 2.7516414747193422e-05 -0.0041414891423022836 -0.0029235678665586406 -0.012104145524826916 0.017919901516689225
decision_type=2 2 2 2 2 2 2 2 2 2 2 2 2 2
left_child=3 2 5 8 -4 -2 7 -5 13 -10 12 -12 -3 -1
right_child=1 10 4 6 -6 -7 -8 -9 9 -11 11 -13 -14 -15
leaf_value=-0.036588507999244992 0.014682014945885139 -0.054650944900233339 0.0040283408386277766 0.00091720991592129204 0.022253114929363077 0.041979124753197393 0.059133448179358609 0.044633761264986693 0.0054345429352506093 -0.013363903957083935 -0.0038333758118182641 0.033539010633197884 0.054127630125997826 0.0083056266733474438
leaf_weight=21.829458028078083 52.832380309700966 0.49519500136375683 149.37425662577152 58.68941593170166 209.88328199088573 102.51981055736542 11.872261792421339 18.093344628810883 137.13659359514713 97.521451845765114 30.58167839050293 528.92162293195724 27.675966963171959 2.0726557523012152
leaf_count=151 148 2 555 227 573 224 24 45 572 472 100 1150 44 11
internal_value=0.0204684 0.0267126 0.0201156 0.000645038 0.0146755 0.0326959 0.0176352 0.0112187 -0.00518056 -0.0023779 0.0324895 0.0314963 0.0522155 -0.0326955
internal_weight=1449.5 1102.28 514.61 347.215 359.258 155.352 88.655 76.7828 258.56 234.658 587.674 559.503 28.1712 23.9021
internal_count=4298 2796 1500 1502 1128 372 296 272 1206 1044 1296 1250 46 162
is_linear=0
shrinkage=0.03


Tree=19
num_leaves=15
num_cat=0
split_feature=29 22 25 28 26 26 28 25 1 14 25 5 29 22
split_gain=186.35 40.4338 29.5464 29.7348 27.1428 53.6546 28.2164 25.8864 16.1365 11.812 11.0512 14.2071 8.01885 5.14163
threshold=0.043807468164590038 10773878.766500002 0.00035709747270263323 0.001880343526688436 -0.0041414891423022836 -0.0029235678665586406 -0.0020207740724513309 0.00023051528958966649 0.062426051326451799 0.039228344662595178 -0.00031346814503075294 0.0034957273424552167 0.020007434860058581 55699945.191000007
decision_type=2 2 2 2 2 2 2 2 2 2 2 2 2 2
left_child=1 10 3 -3 9 7 -7 -6 -4 -2 11 -1 -12 -11
right_child=4 2 8 -5 5 6 -8 -9 -10 13 12 -13 -14 -15
leaf_value=-0.023063644224136766 -0.012112492563562954 0.014331603958168064 -0.014125601456835182 -0.010601948089351073 0.024884874382269721 0.063668151003822615 0.027808974763009652 -0.021160149170646892 0.028240157301607949 0.031949501919535842 -0.0041951571700397485 0.047800889777631389 -0.037242269148677898 0.060467283880997834
leaf_weight=6.2250006794929487 2.4687364399433127 370.97468103468418 66.248095333576202 48.697270154953003 17.401421189308167 20.246305823326111 803.91153573989868 29.819302886724472 9.2171256095170957 6.8844718635082236 8.7794124409556371 4.3084563612937927 26.721637159585953 32.794883564114571
leaf_count=36 8 1297 298 213 47 32 1921 113 27 16 52 14 177 47
internal_value=0.019781 0.0058304 0.00833077 0.0114384 0.0280453 0.026908 0.0286899 -0.00419199 -0.00895116 0.051558 -0.0210631 0.00592178 -0.0290697 0.0555194
internal_weight=1454.7 541.172 495.137 419.672 913.527 871.379 824.158 47.2207 75.4652 42.1481 46.0345 10.5335 35.501 39.6794
internal_count=4298 2114 1835 1510 2184 2113 1953 160 325 71 279 50 229 63
is_linear=0
shrinkage=0.03


Tree=20
num_leaves=15
num_cat=0
split_feature=29 29 22 7 28 28 26 3 18 8 26 6 26 8
split_gain=176.412 43.0198 39.5313 33.2182 36.7247 44.5482 28.7892 16.2728 15.3672 13.5065 12.6407 20.4293 13.4233 6.10481
threshold=0.036353157550292066 0.055500181094657791 55041317.44600001 1305474.1010000003 2.7516414747193422e-05 -0.00079693146320544662 -0.0041414891423022836 0.66885992524099958 0.012589924695472455 0.012154086634593466 0.004252203386569813 114113.50000000001 0.00066603979671278569 0.0043499696808780358
decision_type=2 2 2 2 2 2 2 2 2 2 2 2 2 2
left_child=3 2 7 9 5 -5 -4 -2 -6 13 12 -12 -3 -1
right_child=1 10 6 4 8 -7 -8 -9 -10 -11 11 -13 -14 -15
leaf_value=-0.036278052580070934 0.013127378161260054 0.027102848344261611 0.064284437659876445 -0.0034650916885146489 -0.025902504613578039 0.026658408137565554 0.022762415507801927 -0.0064750289272469189 -0.0022868422823441844 0.046257782072320917 0.037667015282505822 -0.017322610165222213 0.036362520293673053 -0.0093045690722899626
leaf_weight=28.791054129600525 132.66199715435505 310.80282188951969 15.753554552793501 84.282845810055733 34.969851464033127 92.868042141199112 326.52672266960144 53.478611811995506 85.266016349196434 2.2582316100597373 11.757006332278253 12.593467831611632 257.74931327998638 10.236590400338171
leaf_count=205 456 707 23 347 181 311 845 210 356 9 24 45 520 59
internal_value=0.0191157 0.0248467 0.0186224 0.000140549 0.00364128 0.0123266 0.0246735 0.00749556 -0.00915531 -0.0250756 0.0303941 0.00922773 0.0313007 -0.0292032
internal_weight=1460 1121.32 528.421 338.673 297.387 177.151 342.28 186.141 120.236 41.2859 592.903 24.3505 568.552 39.0276
internal_count=4298 2830 1534 1468 1195 658 868 666 537 273 1296 69 1227 264
is_linear=0
shrinkage=0.03


Tree=21
num_leaves=15
num_cat=0
split_feature=29 29 6 23 25 28 29 6 3 11 25 26 15 0
split_gain=164.672 40.387 37.166 33.8957 26.0811 24.9675 26.0689 25.3997 16.7857 11.8154 12.3731 10.0789 14.5159 7.91675
threshold=0.036353157550292066 0.055500181094657791 24093.000000000004 9.0571091681755611 -0.000152581626249253 0.00070004231891704306 0.019982888506241938 5211387.0000000009 0.64754179095505682 0.029599453046803535 -0.00087053193906951151 -0.00026317368035117932 -0.0051894452974799886 -0.0050582854501024076
decision_type=2 2 2 2 2 2 2 2 2 2 2 2 2 2
left_child=3 2 8 5 -4 6 -1 -7 -2 10 -3 12 -5 -11
right_child=1 9 4 11 -6 7 -8 -9 -10 13 -12 -13 -14 -15
leaf_value=-0.038430049181786261 0.0096498428983237163 0.04967710495357637 0.032788001207302048 0.035723694406082071 0.016843234657433051 -0.020204587512771974 0.0052298723974252446 0.047569650386721313 -0.017135101167010974 -0.0137669515986951 0.026495913757511803 0.043840366505775628 -0.027732014682015336 0.040351259502733244
leaf_weight=13.101494349539278 67.978689774870872 21.664694517850876 133.6625842154026 7.9142118096351641 298.55590176582336 84.647739119827747 203.30902019143105 5.2875861823558798 30.507208943367004 2.4971727132797232 476.69102491438389 18.564565300941467 5.4987115114927292 94.340364173054695
leaf_count=80 254 34 296 18 847 441 853 14 137 8 1081 39 23 173
internal_value=0.0184867 0.0240016 0.0179844 0.000133473 0.0217741 -0.00293444 0.0025867 -0.0162199 0.00135288 0.0293669 0.0275037 0.0295243 0.00970963 0.0389557
internal_weight=1464.22 1125.9 530.704 338.323 432.218 306.346 216.411 89.9353 98.4859 595.193 498.356 31.9775 13.4129 96.8375
internal_count=4298 2830 1534 1468 1143 1388 933 455 391 1296 1115 80 41 181
is_linear=0
shrinkage=0.03


Tree=22
num_leaves=15
num_cat=0
split_feature=29 29 21 23 25 7 9 1 1 11 25 5 29 0
split_gain=153.829 37.9478 35.2421 31.7304 30.0353 24.372 26.3272 20.5885 17.1872 11.1217 11.6551 10.5194 7.66797 6.18194
threshold=0.036353157550292066 0.055500181094657791 166495.50000000003 9.0571091681755611 -0.000152581626249253 1305474.1010000003 1.5589255106524986 0.020889358316837536 0.060705127636503917 0.029599453046803535 -0.00087053193906951151 0.0034957273424552167 0.061710444205701737 -1.0000000180025095e-35
decision_type=2 2 2 2 2 2 2 2 2 2 2 2 2 2
left_child=3 2 7 5 -4 11 -7 -2 13 10 -3 -1 -11 -5
right_child=1 9 4 8 -6 6 -8 -9 -10 12 -12 -13 -14 -15
leaf_value=-0.036088053783371793 -0.025513115781448215 0.048085568790464529 0.034599644043697385 0.023319274710823231 0.016507916140786259 0.013139566594147441 -0.0065854750415050723 0.0090951025401422199 -0.016223103565144524 0.053784314596440196 0.025610999019526064 -0.0041267763595894732 0.033268108437004611 0.052724821422997538
leaf_weight=25.79448726028204 17.514713510870934 21.709536775946617 120.59080426394939 11.885822638869287 262.06270961463451 94.623171791434288 170.87105458974838 132.56105038523674 6.2397125810384741 20.889526858925819 478.34085728228092 14.4654473811388 76.214165613055229 14.029082551598547
leaf_count=188 83 34 256 31 734 357 759 461 23 31 1081 84 150 26
internal_value=0.0178868 0.023198 0.0173771 0.000127532 0.0222094 -0.00285369 0.000444606 0.00505612 0.0284756 0.0283909 0.0265867 -0.0246043 0.0376817 0.039238
internal_weight=1467.79 1129.88 532.729 337.909 382.654 305.754 265.494 150.076 32.1546 597.154 500.05 40.2599 97.1037 25.9149
internal_count=4298 2830 1534 1468 990 1388 1116 544 80 1296 1115 272 181 57
is_linear=0
shrinkage=0.03


Tree=23
num_leaves=15
num_cat=0
split_feature=29 22 25 29 22 29 25 14 7 14 11 3 23 25
split_gain=144.262 34.5004 26.372 21.3341 19.1953 26.1659 18.3324 23.0374 16.3289 14.4116 13.2694 13.0916 11.545 7.02225
threshold=0.043807468164590038 10773878.766500002 0.00035709747270263323 0.019547370574449802 19724753.459500004 0.057048793532669069 0.00021089200597581385 0.095936200132724067 156439279.46550003 0.25264493273971894 0.011561986404425887 0.065416910041994153 0.49393069877866008 -0.00038043631396730772
decision_type=2 2 2 2 2 2 2 2 2 2 2 2 2 2
left_child=1 12 3 -3 5 9 11 -8 -4 -2 -7 -6 -1 -14
right_child=4 2 8 -5 6 10 7 -9 -10 -11 -12 -13 13 -15
leaf_value=0.02560936441997335 0.021616758153676051 -0.039200453135370621 -0.017303682398622729 0.011121347418641498 0.01546648738258866 0.0094473645474492905 -0.0046411142397771695 0.022358355672095483 0.014629410724906054 -0.020273840839988337 0.052126240845894845 0.029959353091652915 0.0019079266963788566 -0.031152306922515582
leaf_weight=4.4424327015876761 10.388360500335692 7.7231119424104682 55.858603820204735 416.01491051912308 62.482552081346512 12.862440675497057 32.639354661107063 221.19307442009449 19.422951906919479 25.619492098689079 13.373162418603895 548.76800206303596 7.0093453526496878 33.033404856920242
leaf_count=21 35 44 260 1466 161 36 100 529 65 114 21 1188 36 222
internal_value=0.017313 0.00504054 0.00729728 0.0102042 0.0245058 0.0084148 0.0256636 0.0188866 -0.00906481 -0.00818829 0.0312022 0.0284779 -0.0202747 -0.0253652
internal_weight=1470.83 543.505 499.02 423.738 927.326 62.2435 865.083 253.832 75.2816 36.0079 26.2356 611.251 44.4852 40.0428
internal_count=4298 2114 1835 1510 2184 206 1978 629 325 149 57 1349 279 258
is_linear=0
shrinkage=0.03


Tree=24
num_leaves=15
num_cat=0
split_feature=29 29 22 23 26 28 25 6 1 25 26 6 26 13
split_gain=136.721 33.8604 32.7324 29.3032 27.1926 23.68 24.8211 23.7019 15.9315 15.4155 11.887 18.971 12.0411 5.7694
threshold=0.036353157550292066 0.055500181094657791 55041317.44600001 9.0571091681755611 -0.0041414891423022836 0.00070004231891704306 0.00035709747270263323 5211387.0000000009 0.060705127636503917 0.00057737215842103577 0.004252203386569813 114113.50000000001 0.00066603979671278569 0.023455600876497788
decision_type=2 2 2 2 2 2 2 2 2 2 2 2 2 2
left_child=3 2 9 5 -4 6 -1 -7 13 -2 12 -12 -3 -5
right_child=1 10 4 8 -6 7 -8 -9 -10 -11 11 -13 -14 -15
leaf_value=0.0064929942990835298 0.0080935449856035409 0.023557597250545636 0.059929099083285059 0.020874043043670361 0.019872089310695087 -0.019833083216704576 -0.023246417080079167 0.045053000718108874 -0.0160082521693003 -0.032417420768775893 0.033492733805704347 -0.019103909183627775 0.032275722536236472 0.049412232317386437
leaf_weight=187.17670133709908 179.45865902304649 314.66840322315693 15.987253338098524 11.009965330362322 331.79576869308949 83.629858128726482 29.198006734251976 5.393423303961753 6.2225734144449225 8.8718133941292745 11.921003937721254 12.797571986913679 260.71735145151615 15.146579355001448
leaf_count=780 624 707 23 30 845 441 153 14 23 42 24 45 520 27
internal_value=0.0167561 0.0217378 0.0162586 -1.25395e-06 0.0217135 -0.00287841 0.0024799 -0.015902 0.0271359 0.00618517 0.0266328 0.00626182 0.0275079 0.0373998
internal_weight=1473.99 1136.22 536.113 337.777 347.783 305.398 216.375 89.0233 32.3791 188.33 600.104 24.7186 575.386 26.1565
internal_count=4298 2830 1534 1468 868 1388 933 455 80 666 1296 69 1227 57
is_linear=0
shrinkage=0.03


Tree=25
num_leaves=15
num_cat=0
split_feature=7 9 21 1 12 11 25 13 11 27 25 12 21 27
split_gain=81.6282 37.4301 39.9294 29.7672 27.2556 26.524 23.541 20.2276 19.224 18.426 17.3018 16.2099 12.6116 4.41788
threshold=6551797.2115000011 1.7749908674607224 222932.50000000003 0.029721947347421823 -0.0077799243407824402 0.024356367238741548 -0.000152581626249253 0.019296155429610624 0.021353143375713986 -0.0061193597157369554 -0.0003944043076717358 -0.012508267908387003 159566.50000000003 0.017400826858710406
decision_type=2 2 2 2 2 2 2 2 2 2 2 2 2 2
left_child=5 3 7 4 -2 6 9 -3 -4 -1 -5 -8 13 -7
right_child=1 2 8 10 -6 12 11 -9 -10 -11 -12 -13 -14 -15
leaf_value=-0.017133370862664189 0.024408016278972405 -0.018839368037962847 0.012538018750668227 0.042528504616654743 0.0072072165946306796 0.060255646661368498 0.0085512008879620443 0.010135938926196013 0.027993199330197383 0.020671804365245589 0.026004622161468306 -0.014028601330906906 -0.00067617601184647889 0.030489888878604713
leaf_weight=14.889303505420683 184.05438759922981 47.718275412917137 253.1995721757412 67.208149284124374 150.86924397945404 7.6588935256004396 37.256710454821587 39.743201613426208 101.45760089159012 52.569816775619984 376.60868886113167 123.35352578759193 8.8826751708984357 10.838396221399305
leaf_count=66 442 209 752 119 454 13 147 125 229 189 845 644 35 29
internal_value=0.0162269 0.0194537 0.0124822 0.0234116 0.0166598 0.000805123 -0.00254431 -0.00567275 0.0169593 0.0123276 0.0285069 -0.00879077 0.0287052 0.0428145
internal_weight=1476.31 1220.86 442.119 778.74 334.924 255.449 228.069 87.4615 354.657 67.4591 443.817 160.61 27.38 18.4973
internal_count=4298 3175 1315 1860 896 1123 1046 334 981 255 964 791 77 42
is_linear=0
shrinkage=0.03


Tree=26
num_leaves=14
num_cat=0
split_feature=29 6 29 25 23 26 6 26 26 12 25 20 29
split_gain=123.965 46.2867 33.568 31.9373 29.6697 22.6912 20.4483 20.3351 59.197 14.8791 11.8217 3.67853 2.23734
threshold=0.047411372339146468 24093.000000000004 0.033022913717809556 -9.5779806604573002e-05 9.0571091681755611 -0.00080479560400484361 3257.0000000000005 -0.0041414891423022836 -0.0034332805868389753 -0.0029395053688870518 1.6928064650709673e-05 -0.056594260704165185 0.053953235988733618
decision_type=2 2 2 2 2 2 2 2 2 2 2 2 2
left_child=1 3 4 5 -3 -1 12 11 -9 -4 -5 -8 -2
right_child=6 2 9 10 -6 -7 7 8 -10 -11 -12 -13 -14
leaf_value=-0.021084780980444962 -0.011018603794335334 -0.0048376990211175305 0.020354505167610733 -0.035501642138326864 0.027673521244349908 0.021614673680724734 0.018137992222998833 -0.026583306590327132 0.02424190377941118 0.0040613757013285281 -0.011694121749114784 0.049036121625398638 -0.045827743283601521
leaf_weight=15.091130971908568 3.2307787090539923 151.90821803361177 236.85253815352917 23.735273465514183 30.302772760391235 43.452159956097603 3.879597306251525 21.200425341725349 759.23894388973713 64.094539418816566 89.75507615506649 32.669669434428215 3.4220474362373352
leaf_count=79 15 667 643 138 71 156 9 79 1709 202 464 50 16
internal_value=0.0157121 0.0059735 0.0107315 -0.00738947 0.00056911 0.0106077 0.0234589 0.0238855 0.0228613 0.0168845 -0.0166732 0.0457564 -0.0289236
internal_weight=1478.83 655.192 483.158 172.034 182.211 58.5433 823.641 816.989 780.439 300.947 113.49 36.5493 6.65283
internal_count=4298 2420 1583 837 738 235 1878 1847 1788 845 602 59 31
is_linear=0
shrinkage=0.03


Tree=27
num_leaves=14
num_cat=0
split_feature=7 26 26 13 11 7 9 6 14 5 22 9 3
split_gain=72.0621 35.0837 53.3409 33.2597 24.4054 22.6007 24.6543 22.3092 15.3131 14.4661 14.2096 11.6552 9.89394
threshold=6551797.2115000011 -0.0041414891423022836 -0.0029235678665586406 0.016714341512526671 0.024356367238741548 1138091.9525000004 2.2387634641110501 313012.00000000006 0.039228344662595178 0.0034957273424552167 34440126.728500001 0.7982120797989859 0.61512243720832738
decision_type=2 2 2 2 2 2 2 2 2 2 2 2 2
left_child=4 8 7 -4 5 9 -7 -3 -2 -1 -10 -6 -13
right_child=1 2 3 -5 11 6 -8 -9 10 -11 -12 12 -14
leaf_value=-0.033523122042472819 -0.020873869713079345 0.0057940251317417498 0.0092160338820887044 0.021526460210529164 -0.0071129541544677748 0.0087107918737895657 -0.016989594755512785 -0.030954557459979857 -0.048278449493955156 0.00093368596055015695 0.050714947555503022 0.054758315958760732 0.012255838390441356
leaf_weight=30.086074888706207 3.1281429827213278 34.095123812556267 256.37652242183685 860.41830366849899 6.672471076250079 135.32468989491463 44.686698205769062 26.364470362663269 1.3451022505760182 17.255072064697742 43.779301285743713 12.841393336653711 8.0002405494451505
leaf_count=214 11 107 844 2037 24 513 223 102 6 96 68 26 27
internal_value=0.0152238 0.0182423 0.0172146 0.0187004 0.000709664 -0.00251984 0.00233083 -0.0102308 0.0433144 -0.0209642 0.0477641 0.0273955 0.0384434
internal_weight=1480.37 1225.51 1177.25 1116.79 254.867 227.353 180.011 60.4596 48.2525 47.3411 45.1244 27.5141 20.8416
internal_count=4298 3175 3090 2881 1123 1046 736 209 85 310 74 77 53
is_linear=0
shrinkage=0.03


Tree=28
num_leaves=15
num_cat=0
split_feature=7 9 21 1 22 13 25 4 11 14 9 7 9 10
split_gain=67.473 34.0189 36.1292 27.4063 24.6943 23.2933 28.4732 19.3895 17.251 17.1632 15.7243 15.6128 9.53409 10.716
threshold=6551797.2115000011 1.7749908674607224 222932.50000000003 0.029721947347421823 1101221544.2765005 0.026487906496764767 -0.000152581626249253 322.50000000000006 0.021353143375713986 0.93333333333333923 1.7383106018186194 1190689.3080000002 4.7036814134785638 0.015897578955513764
decision_type=2 2 2 2 2 2 2 2 2 2 2 2 2 2
left_child=5 3 7 4 -2 6 10 -3 -4 -5 -1 -8 -7 -14
right_child=1 2 8 9 -6 12 11 -9 -10 -11 -12 -13 13 -15
leaf_value=0.023854870497408916 0.01601973274220549 0.0019024742261504368 0.011100105443180961 0.028116517826561192 -0.047842878571519747 0.026708901025325926 -0.028310660935520402 -0.030720849240932088 0.02568820239518186 0.0071679267384384257 -0.0083339571155539686 -0.0052837475330532613 -0.042245843450125137 0.028448717859966208
leaf_weight=42.323144264519215 331.64095750451088 65.900332078337669 255.12789638340473 407.20410913228989 5.5404069721698752 36.920862138271332 34.650310404598713 21.827345192432404 102.17322461307049 38.529531449079514 20.166669607162476 112.67020592093468 4.2107042968273154 3.5624326020479202
leaf_count=143 871 235 752 864 25 103 245 99 229 100 92 508 22 10
internal_value=0.0147454 0.0176592 0.0110362 0.0214239 0.0149704 0.000686937 -0.00350197 -0.00621447 0.0152717 0.0263057 0.0134669 -0.0106998 0.0203512 -0.00984649
internal_weight=1482.45 1227.94 445.029 782.915 337.181 254.504 209.81 87.7277 357.301 445.734 62.4898 147.321 44.694 7.77314
internal_count=4298 3175 1315 1860 896 1123 988 334 981 964 235 753 135 32
is_linear=0
shrinkage=0.03


Tree=29
num_leaves=15
num_cat=0
split_feature=29 6 29 25 4 27 5 25 11 8 25 14 25 23
split_gain=109.673 39.6701 29.8867 29.0194 28.7729 19.7523 20.5863 21.7957 16.2815 13.3078 11.4959 12.8567 11.4712 10.4789
threshold=0.047411372339146468 24093.000000000004 0.033022913717809556 -9.5779806604573002e-05 27.500000000000004 -0.0017108151413542051 -0.014074296438337108 0.00060394083698791785 0.0037309803418739055 -0.005769839633040192 -0.001013258929688022 0.95391551882287129 1.6928064650709673e-05 1.1253010153281087
decision_type=2 2 2 2 2 2 2 2 2 2 2 2 2 2
left_child=1 3 4 8 -3 6 13 -8 -1 -4 -7 -12 -5 -2
right_child=5 2 9 12 -6 10 7 -9 -10 -11 11 -13 -14 -15
leaf_value=-0.019298735511106661 0.0092951448133208985 0.017114102401607684 0.023443635118656093 -0.035110210279101529 -0.0082869266650481815 0.049744743608055364 0.019577309980477003 -0.017015149264477544 0.018285984755850949 0.01045188835040271 0.026275194868931574 0.0099232797499316516 -0.011371032011742855 -0.035261410384035664
leaf_weight=13.4298263117671 8.991229176521303 59.369036853313446 112.96023017168045 23.084357783198357 123.88342478871346 16.937523499131203 307.80299238860607 15.381819784641264 45.577221155166626 190.84752723574638 418.68895494937897 48.262977108359337 88.759607411921024 10.071893587708471
leaf_count=67 24 205 293 138 533 24 718 51 168 552 901 123 464 37
internal_value=0.0142866 0.00514782 0.00951084 -0.00729021 -5.76531e-05 0.0215645 0.0160488 0.0178357 0.00973182 0.0152824 0.0254658 0.0245851 -0.0162707 -0.0142461
internal_weight=1484.05 657.911 487.06 170.851 183.252 826.137 342.248 323.185 59.007 303.808 483.889 466.952 111.844 19.0631
internal_count=4298 2420 1583 837 738 1878 830 769 235 845 1048 1024 602 61
is_linear=0
shrinkage=0.03


Tree=30
num_leaves=15
num_cat=0
split_feature=29 6 29 25 9 4 28 27 25 5 28 1 9 25
split_gain=102.995 37.2946 27.9693 27.513 32.1556 26.9878 18.8723 18.8542 20.6222 23.3078 22.7958 13.2453 12.6624 11.1779
threshold=0.047411372339146468 24093.000000000004 0.033022913717809556 -9.5779806604573002e-05 1.2611040721232882 27.500000000000004 -0.0027348552634087367 0.0032898253262173718 0.00021089200597581385 -0.014074296438337108 -0.0022528163596820697 0.031067663267514301 1.3962550077751319 1.6928064650709673e-05
decision_type=2 2 2 2 2 2 2 2 2 2 2 2 2 2
left_child=1 3 5 4 -1 -3 -4 8 9 -2 -10 12 -9 -5
right_child=7 2 6 13 -6 -7 -8 11 10 -11 -12 -13 -14 -15
leaf_value=0.030399217924099681 -0.015721260438754242 0.016495256026745467 0.046976009638882599 -0.034724351765903133 -0.01387064888368429 -0.0080673845795933632 0.013045128741262511 0.012330309903180556 -0.032315414967232198 0.022899057407574763 0.010802680258704052 0.029859890869362502 0.032213541113805109 -0.011097402949088744
leaf_weight=31.135328620672226 14.784861534833906 59.742646142840385 15.545852422714232 22.647273138165474 28.088173419237137 123.44385983794928 289.23314353823662 96.598239749670029 12.103458866477011 288.50081679224968 125.02290105819702 248.90961256623268 41.086860731244087 88.227880857884884
leaf_count=104 48 205 30 138 131 533 815 247 48 644 318 489 84 464
internal_value=0.0138477 0.00499092 0.00920755 -0.00710543 0.00940317 -5.67664e-05 0.0147758 0.0208952 0.0166513 0.0210164 0.00699686 0.0257299 0.0182637 -0.0159234
internal_weight=1485.07 658.064 487.966 170.099 59.2235 183.187 304.779 827.007 440.412 303.286 137.126 386.595 137.685 110.875
internal_count=4298 2420 1583 837 235 738 845 1878 1058 692 366 820 331 602
is_linear=0
shrinkage=0.03


Tree=31
num_leaves=15
num_cat=0
split_feature=7 26 26 28 18 7 9 6 14 22 9 10 1 14
split_gain=56.8151 33.0505 48.5847 28.778 21.1537 23.0328 22.644 20.6685 14.1819 13.1161 8.78607 10.0867 9.93764 8.57249
threshold=6551797.2115000011 -0.0041414891423022836 -0.0029235678665586406 -0.0020207740724513309 0.026487906496764767 1138091.9525000004 2.8721966431091461 313012.00000000006 0.039228344662595178 34440126.728500001 4.7036814134785638 0.015897578955513764 0.022637865418314938 0.92655048473491253
decision_type=2 2 2 2 2 2 2 2 2 2 2 2 2 2
left_child=4 8 7 -4 5 13 -7 -3 -2 -10 12 -12 -6 -1
right_child=1 2 3 -5 10 6 -8 -9 9 -11 11 -13 -14 -15
leaf_value=-0.030428582110129925 -0.021339185432873973 0.004266505682633817 0.050304301517551164 0.015828498982407187 0.0042767127512018102 0.0065690310161301557 -0.022866881920759863 -0.0310386849287255 -0.047970698518104898 0.047555234885606611 -0.041923273014777204 0.026969426458285504 0.036716491110757137 0.0016373792516340586
leaf_weight=33.063255675137043 3.1269634664058676 34.450779601931572 22.230927601456642 1100.7995681017637 13.15873162448406 137.61426018178463 28.368779271841049 26.329116493463516 1.3330514878034581 43.729978784918785 4.1272346079349509 3.5646934807300568 24.000903934240341 9.7061993703246099
leaf_count=242 11 107 35 2846 46 537 152 102 6 68 22 10 57 57
internal_value=0.0134267 0.0160885 0.0150971 0.016511 0.000495762 -0.00352038 0.00153803 -0.0110273 0.0404423 0.0447294 0.0191881 -0.00999612 0.0252291 -0.0231515
internal_weight=1485.6 1232 1183.81 1123.03 253.604 208.752 165.983 60.7799 48.19 45.063 44.8516 7.69193 37.1596 42.7695
internal_count=4298 3175 3090 2881 1123 988 689 209 85 74 135 32 103 299
is_linear=0
shrinkage=0.03


Tree=32
num_leaves=15
num_cat=0
split_feature=29 6 29 23 9 1 20 29 5 9 9 1 11 4
split_gain=95.1201 33.1907 25.7597 26.434 19.8451 39.9554 17.4301 16.4887 23.835 23.124 16.3647 13.4397 12.4118 9.6462
threshold=0.047411372339146468 24093.000000000004 0.033022913717809556 9.0571091681755611 2.2387634641110501 0.044995476550053724 -0.0061122891384539071 0.057957695336936739 0.00472178205345938 0.40830953169482126 5.6014767559982719 0.0177479864787136 0.030486911374344741 222.50000000000003
decision_type=2 2 2 2 2 2 2 2 2 2 2 2 2 2
left_child=1 4 3 -3 5 -1 7 8 -2 -9 -4 12 -8 -6
right_child=6 2 10 -5 13 -7 11 9 -10 -11 -12 -13 -14 -15
leaf_value=-0.0056673060113836922 0.0029831909458306774 -0.0054948577337708164 0.016271281815421972 0.025038849462907901 -0.038937532204851188 0.064051963844435539 -0.0208691811126741 -0.019762498373676867 0.027242791051255637 0.021842641327861161 -0.005584706887770287 0.027482456878438626 0.037201074735066009 -0.0076488167907072446
leaf_weight=124.28042871505022 136.91669096052647 153.28905672580004 271.6717541217804 30.614385217428207 22.121247321367264 7.8662032783031455 10.047141790390013 12.450099065899847 49.673227772116661 350.44752186536789 34.779877364635468 262.9760330915451 4.9420216232538214 14.801607839763163
leaf_count=617 392 667 731 71 132 16 39 39 109 754 114 536 9 72
internal_value=0.0130119 0.00451213 0.00846419 -0.000411915 -0.00695011 -0.00151717 0.0197857 0.0166889 0.00944149 0.0204153 0.0137908 0.0259076 -0.00172305 -0.0263945
internal_weight=1486.88 659.425 490.355 183.903 169.069 132.147 827.453 549.488 186.59 362.898 306.452 277.965 14.9892 36.9229
internal_count=4298 2420 1583 738 837 633 1878 1294 501 793 845 584 48 204
is_linear=0
shrinkage=0.03


Tree=33
num_leaves=15
num_cat=0
split_feature=29 29 29 29 26 26 28 13 4 14 5 22 9 22
split_gain=89.4474 30.3075 36.4786 45.3398 16.8645 49.0439 17.8078 15.8635 15.5326 9.19487 2.98213 0.0403482 0.00832281 0.00394394
threshold=0.047411372339146468 0.019547370574449802 0.020007434860058581 0.028908263013382379 -0.0041414891423022836 -0.0034332805868389753 -0.0020207740724513309 0.028676344695852948 262.50000000000006 0.019449848681356442 -0.0022211198183316938 26558541.481000002 3.2294372515339234 109289812.61850001
decision_type=2 2 2 2 2 2 2 2 2 2 2 2 2 2
left_child=1 11 8 -4 9 7 -7 -6 -3 -2 -11 12 -1 -13
right_child=4 2 3 -5 5 6 -8 -9 -10 10 -12 13 -14 -15
leaf_value=-0.0354826959478938 -0.052009987792087653 0.039564268994841681 -0.013605049084500552 0.0074208588577629074 -0.04807574986570657 0.048686768284472534 0.018798285169715684 0.0045937106053774443 -0.0081679264344544263 0.023167224102942672 0.045685940846355771 -0.038613551470359143 -0.037506632465932929 -0.04009293062929499
leaf_weight=5.8690581396222097 0.97025467455387016 36.941227965056896 113.95837643742561 485.712167724967 12.632432520389559 18.379878923296928 751.30159318447113 8.6850710660219175 7.3577537685632697 6.4682932347059241 29.122729614377022 3.9134104177355757 2.6561723053455353 2.7697419971227646
leaf_count=47 4 95 561 1632 55 28 1709 25 30 13 44 23 17 15
internal_value=0.0126222 0.00437729 0.00536586 0.0034252 0.0191896 0.0182688 0.019512 -0.0266174 0.0316363 0.0391094 0.0415934 -0.0374814 -0.0361133 -0.0392267
internal_weight=1486.74 659.178 643.97 599.671 827.56 790.999 769.681 21.3175 44.299 36.5613 35.591 15.2084 8.52523 6.68315
internal_count=4298 2420 2318 2193 1878 1817 1737 80 125 61 57 102 64 38
is_linear=0
shrinkage=0.03


Tree=34
num_leaves=15
num_cat=0
split_feature=29 29 29 29 27 22 23 4 1 23 1 22 9 22
split_gain=84.2175 29.0359 33.9675 42.7573 17.0605 15.9523 16.9737 14.381 12.3938 11.9345 9.1438 0.0360423 0.00746412 0.00351558
threshold=0.047411372339146468 0.019547370574449802 0.020007434860058581 0.028908263013382379 0.0032898253262173718 7901446.1830000011 0.61661718667318366 262.50000000000006 0.031067663267514301 2.4325023146905274 0.064639206935628149 26558541.481000002 3.0848836145993803 109289812.61850001
decision_type=2 2 2 2 2 2 2 2 2 2 2 2 2 2
left_child=1 11 7 -4 5 -2 -7 -3 9 -6 -10 12 -1 -13
right_child=4 2 3 -5 8 6 -8 -9 10 -11 -12 13 -14 -15
leaf_value=-0.035221488027328524 -0.046413933883562318 0.037996690929582813 -0.013286621556511825 0.0071829412941820285 0.013088712189893856 0.028789556899338105 0.012563661370258645 -0.0079432632784989399 0.030156421273838094 0.042646141575098384 0.015915430504496328 -0.038290122811481281 -0.037089938257674912 -0.039701533041786301
leaf_weight=5.3009787201881391 3.8251448571681967 37.305562347173691 113.20045726001263 486.73040777444839 124.35486000776291 68.863440126180649 368.59257200360298 7.3391676917672148 197.15351761877537 13.643436029553412 51.09387780725956 3.829343542456626 3.0207599848508835 2.7139795869588852
leaf_count=44 18 95 561 1632 306 140 900 30 376 25 113 23 20 15
internal_value=0.0122411 0.00424325 0.00519923 0.00332056 0.0186145 0.0145845 0.0151179 0.0304446 0.0232187 0.016011 0.0272254 -0.0372096 -0.0358997 -0.0388755
internal_weight=1486.97 659.441 644.576 599.931 827.527 441.281 437.456 44.6447 386.246 137.998 248.247 14.8651 8.32174 6.54332
internal_count=4298 2420 2318 2193 1878 1058 1040 125 820 331 489 102 64 38
is_linear=0
shrinkage=0.03


Tree=35
num_leaves=14
num_cat=0
split_feature=29 6 28 25 12 4 6 26 26 29 15 5 29
split_gain=79.2964 30.7542 26.7245 28.0264 25.8008 23.4256 16.5925 16.9322 46.2983 16.3561 10.8866 4.47764 2.12416
threshold=0.047411372339146468 24093.000000000004 -0.00079693146320544662 -9.5779806604573002e-05 -0.0028952649395973069 32.500000000000007 3257.0000000000005 -0.0041414891423022836 -0.0034332805868389753 0.034545623563042784 0.010336252034778672 -0.0022211198183316938 0.053953235988733618
decision_type=2 2 2 2 2 2 2 2 2 2 2 2 2
left_child=1 2 10 -4 9 -6 12 11 -9 -3 -1 -8 -2
right_child=6 4 3 -5 5 -7 7 8 -10 -11 -12 -13 -14
leaf_value=-0.032259767299774901 -0.011808770703794706 0.0040082264010375479 0.018769750211718068 -0.01075762017400589 0.013438952539138665 -0.015086748611004959 0.016915924290404959 -0.026342181957549653 0.018729149598960323 0.016732464648681437 0.013030521639410486 0.043773255386132442 -0.045735876320396565
leaf_weight=39.437749676406384 3.249274715781211 151.41486155241728 46.131037600338459 77.592307351529598 40.664695724844933 71.406124569475651 6.9221643060445777 21.077946871519089 763.83823172748089 227.56689938902855 5.4349544495344153 28.961444526910782 3.3975093811750412
leaf_count=229 15 583 163 421 118 290 15 79 1709 592 24 44 16
internal_value=0.0118725 0.00411369 -0.00694128 0.000251848 0.00790926 -0.00473625 0.0180578 0.0184401 0.0175188 0.0116487 -0.0267742 0.0385923 -0.0291506
internal_weight=1487.1 659.649 168.596 123.723 491.053 112.071 827.447 820.8 784.916 378.982 44.8727 35.8836 6.64678
internal_count=4298 2420 837 584 1583 408 1878 1847 1788 1175 253 59 31
is_linear=0
shrinkage=0.03


Tree=36
num_leaves=15
num_cat=0
split_feature=29 25 29 21 28 28 28 6 28 28 28 23 10 6
split_gain=74.727 29.5665 32.1764 29.2651 25.1838 23.3436 32.7351 21.0413 20.0459 18.6828 47.2485 11.4472 10.6224 10.4396
threshold=0.034545623563042784 -0.00036666288137811835 0.055500181094657791 254775.50000000003 0.00070004231891704306 -0.00079693146320544662 -0.00073829465066141354 5211387.0000000009 -0.0012994191686446224 -5.6668784486189388e-05 -0.0018901392030305113 9.0571091681755611 0.0018613500675238115 181248.00000000003
decision_type=2 2 2 2 2 2 2 2 2 2 2 2 2 2
left_child=4 9 3 -3 5 8 -7 11 -1 10 -2 -6 -11 -4
right_child=1 2 13 -5 7 6 -8 -9 -10 12 -12 -13 -14 -15
leaf_value=0.0039077441665756945 -0.058515421271193753 -0.0011948884081164986 0.023904480620294734 0.013599572599035494 -0.023774255568724652 0.05555934100412746 0.0062505115814154282 0.039718036098150257 -0.025290662610086924 0.021432366397349859 0.022973638944224866 0.023012511459528266 0.042505677664727647 0.015030914837521133
leaf_weight=48.904481157660484 7.0847021192312232 205.88498412817717 182.35720317065716 289.60347701609135 69.352331794798374 13.549277946352957 114.65590851008892 5.5967006087303153 37.303472444415092 32.828394830226898 66.620717346668243 5.0491464436054221 62.538903623819351 345.20958317816257
leaf_count=206 29 739 379 738 389 27 475 14 192 73 144 12 104 777
internal_value=0.0115201 0.0148627 0.0129421 0.00745219 -0.00201484 0.00334459 0.0114617 -0.0163793 -0.00872684 0.0264845 0.0151408 -0.0205991 0.0352516 0.0180981
internal_weight=1486.54 1192.13 1023.06 495.488 294.411 214.413 128.205 79.9982 86.208 169.073 73.7054 74.4015 95.3673 527.567
internal_count=4298 2983 2633 1477 1315 900 502 415 398 350 173 401 177 1156
is_linear=0
shrinkage=0.03


Tree=37
num_leaves=15
num_cat=0
split_feature=29 6 28 25 12 9 3 27 14 8 1 20 8 1
split_gain=70.8295 28.115 25.2419 25.8667 24.3801 25.2918 22.228 15.8651 18.1965 13.9663 13.7419 20.4517 12.4093 11.2907
threshold=0.047411372339146468 24093.000000000004 -0.00079693146320544662 -9.5779806604573002e-05 -0.0028952649395973069 4.7995054795066379 0.94855381448495957 -0.0017108151413542051 0.70533405742077082 -0.0049172990554897846 0.030448769114278497 -0.01506113921639214 0.005018252749663229 0.064639206935628149
decision_type=2 2 2 2 2 2 2 2 2 2 2 2 2 2
left_child=1 2 -1 -4 5 -3 -6 8 9 -2 11 -9 -10 -12
right_child=7 4 3 -5 6 -7 -8 10 12 -11 13 -13 -14 -15
leaf_value=-0.026259267468555451 0.0048524814825974157 0.015504172509372357 0.017862953809682683 -0.010475128542156631 -0.011158169596222839 -0.0024833911720738323 0.023507495612312402 -0.020699462954368277 -0.057419329526538228 0.017738028253575632 0.02683681648523303 0.016782342441806271 0.01266112749185865 0.012035253607168315
leaf_weight=44.064582504332066 116.0259460657835 286.55556437373161 46.479643516242504 77.039432317018509 91.471274860203266 93.244771376252174 20.351101830601692 14.337145179510115 5.6062800884246808 217.83517049252987 260.37446877360344 152.05989335477352 3.8258718848228455 56.435009524226189
leaf_count=253 302 843 163 421 356 332 52 49 23 496 513 357 9 129
internal_value=0.0111803 0.00384577 -0.0067658 0.000188358 0.00746303 0.011088 -0.0048492 0.0170302 0.012099 0.0132599 0.0205336 0.0135528 -0.0289933 0.0242001
internal_weight=1485.71 659.206 167.584 123.519 491.623 379.8 111.822 826.5 343.293 333.861 483.207 166.397 9.43215 316.809
internal_count=4298 2420 837 584 1583 1175 408 1878 830 798 1048 406 32 642
is_linear=0
shrinkage=0.03


Tree=38
num_leaves=15
num_cat=0
split_feature=29 28 28 25 26 26 28 28 14 22 14 15 22 22
split_gain=67.1479 25.304 33.098 24.8958 23.8956 38.3398 22.6175 20.4312 14.6771 17.7611 11.2537 6.08998 1.45752 0.0541118
threshold=0.036353157550292066 6.3173955167975042e-05 -0.00079693146320544662 -0.001013258929688022 -0.0041414891423022836 -0.0029235678665586406 -0.00073829465066141354 -0.0012994191686446224 0.9518773022595487 694805143.95500016 0.039228344662595178 -0.00041606651739329833 33843672.315500014 61258091.248500012
decision_type=2 2 2 2 2 2 2 2 2 2 2 2 2 2
left_child=1 2 7 11 10 -6 -4 -1 9 -3 -5 -2 -13 -10
right_child=3 8 6 4 5 -7 -8 -9 13 -11 -12 12 -14 -15
leaf_value=0.0051059591457756409 0.014760594812693387 -0.011777658200094777 0.053378612013968492 -0.022170651285469387 -0.010504112522312672 0.014047483156889555 0.012031966373459676 -0.022705779271939088 -0.038126420516563356 0.024733080812353599 0.038398524713245848 0.059465156101436538 0.043223776511825421 -0.041950644593957635
leaf_weight=55.11898422986269 6.2704361528158215 106.93746083974838 13.684400305151938 2.9466945230960837 60.680494621396065 1010.9383171573281 91.680070765316486 41.801969863474369 5.6441718712449065 13.505951285362242 43.762245930731297 7.013344049453738 17.093036323785782 8.1218990236520749
leaf_count=226 15 538 27 10 205 2490 348 212 36 40 75 9 26 41
internal_value=0.0108482 -0.000937623 0.00576332 0.0143007 0.0135728 0.0126572 0.0174019 -0.00688923 -0.0110375 -0.00768352 0.0345774 0.0410981 0.0479489 -0.0403827
internal_weight=1485.2 336.495 202.285 1148.7 1118.33 1071.62 105.364 96.921 134.209 120.443 46.7089 30.3768 24.1064 13.7661
internal_count=4298 1468 813 2830 2780 2695 375 438 655 578 85 50 35 77
is_linear=0
shrinkage=0.03


Tree=39
num_leaves=14
num_cat=0
split_feature=29 29 29 29 6 26 26 4 14 29 7 7 22
split_gain=64.3743 26.51 30.047 35.8888 15.3323 15.5858 42.1147 12.5899 6.82709 2.08465 0.0389366 0.00646094 0.0055846
threshold=0.047411372339146468 0.019547370574449802 0.020007434860058581 0.028908263013382379 3257.0000000000005 -0.0041414891423022836 -0.0034332805868389753 262.50000000000006 0.046971580661545304 0.053953235988733618 2885964.2120000003 1138091.9525000004 60251541.638000004
decision_type=2 2 2 2 2 2 2 2 2 2 2 2 2
left_child=1 10 7 -4 9 8 -7 -3 -6 -2 11 -1 -12
right_child=4 2 3 -5 5 6 -8 -9 -10 -11 12 -13 -14
leaf_value=-0.034387110924362967 -0.012142479176267035 0.034986697151428686 -0.012701541116530515 0.0061620663479545566 -0.01419417528501765 -0.026264151142898338 0.016755336601137649 -0.0080608693149497035 0.039454871721189298 -0.045729862309511239 -0.037584162503153933 -0.036243596843379154 -0.039225249739345096
leaf_weight=3.7329738959670049 3.2665207535028449 37.857394933700562 111.49365823715925 488.39907500892878 2.2824564129114142 21.046161323785782 762.36611483991146 7.2924648225307456 32.996104076504707 3.3881845474243164 3.9438655972480774 3.0785210654139519 3.5426538586616516
leaf_count=35 15 95 561 1632 7 79 1709 30 52 16 25 22 20
internal_value=0.010526 0.00353686 0.00443246 0.00265615 0.0161094 0.016478 0.0155996 0.0280338 0.0359839 -0.0292432 -0.0368674 -0.0352262 -0.0383607
internal_weight=1484.69 659.341 645.043 599.893 825.346 818.691 783.412 45.1499 35.2786 6.65471 14.298 6.81149 7.48652
internal_count=4298 2420 2318 2193 1878 1847 1788 125 59 31 102 57 45
is_linear=0
shrinkage=0.03


Tree=40
num_leaves=15
num_cat=0
split_feature=29 29 29 29 20 29 9 1 27 4 11 15 7 7
split_gain=60.715 25.4332 28.0718 33.8613 15.0214 14.9369 21.873 12.2643 14.7039 11.7118 11.609 9.04066 0.0348729 0.00580676
threshold=0.047411372339146468 0.019547370574449802 0.020007434860058581 0.028908263013382379 -0.0061122891384539071 0.057957695336936739 0.40830953169482126 0.0177479864787136 0.023443353748087228 262.50000000000006 0.018918390741926049 -0.00084684026975212175 2885964.2120000003 1138091.9525000004
decision_type=2 2 2 2 2 2 2 2 2 2 2 2 2 2
left_child=1 12 9 -4 5 10 -7 8 -6 -3 -2 -9 13 -1
right_child=4 2 3 -5 7 6 -8 11 -10 -11 -12 -13 -14 -15
leaf_value=-0.034241232391431113 0.0030943565693942214 0.033700430701847167 -0.012400526605736302 0.0059674061923048628 -0.024547810424558614 -0.022729977588934625 0.017738512765471774 0.0066888081209713086 0.03971992256179948 -0.0078386596748090519 0.025689660716808577 0.024800098574746406 -0.038049034717244294 -0.036023198780628124
leaf_weight=3.6378480494022352 164.36299054324627 38.119132868945599 110.78497077524662 489.18874971568584 10.495507583022116 12.450029805302618 348.28863924741745 27.758820056915283 4.6118164360523215 7.2744920998811713 23.374777734279633 233.12995064258575 7.323871336877346 3.0055384859442711
leaf_count=35 453 95 561 1632 40 39 754 69 8 30 48 467 45 22
internal_value=0.010216 0.00342998 0.00429679 0.00257577 0.0156428 0.0127703 0.0163418 0.0213512 -0.00492878 0.0270436 0.00590764 0.022873 -0.0366213 -0.0350474
internal_weight=1483.81 659.335 645.367 599.974 824.473 548.476 360.739 275.996 15.1073 45.3936 187.738 260.889 13.9673 6.64339
internal_count=4298 2420 2318 2193 1878 1294 793 584 48 125 501 536 102 57
is_linear=0
shrinkage=0.03


Tree=41
num_leaves=15
num_cat=0
split_feature=29 6 26 26 28 29 29 29 6 3 23 7 20 7
split_gain=57.4616 23.506 25.6909 23.1227 22.32 21.2499 41.1923 20.3016 19.0413 18.9983 10.9241 9.78108 7.98273 0.0353019
threshold=0.034545623563042784 48004.500000000007 0.004252203386569813 -0.0047244607365594495 0.00070004231891704306 0.019982888506241938 0.020007434860058581 0.054853966217673765 5211387.0000000009 0.61210622710622864 9.0571091681755611 166997473.95300004 -0.0085319306980299273 2885964.2120000003
decision_type=2 2 2 2 2 2 2 2 2 2 2 2 2 2
left_child=4 7 3 -3 5 13 -7 9 10 -2 -6 -4 -9 -1
right_child=1 2 11 -5 8 6 -8 12 -10 -11 -12 -13 -14 -15
leaf_value=-0.034979522282047718 0.0062259949755826107 0.043674439068801474 -0.002675712344668285 0.015084442232722638 -0.023028991634418784 0.033495822686288507 -0.0012279173813736467 0.0071478820577722847 0.037109983044612556 -0.014562645713551425 0.022723002453743306 -0.04276912206253241 0.027089376935958802 -0.038339987932058554
leaf_weight=5.0616637393832189 115.81306760758162 26.213124871253967 22.824414461851124 885.71617548167706 67.580038487911224 37.806478507816792 164.6686327829957 33.3132653683424 5.6964462101459494 60.093957237899303 5.0476678758859626 7.2049228250980368 39.475072413682938 6.3343084007501602
leaf_count=44 403 39 64 2044 389 91 727 85 14 243 12 27 78 38
internal_value=0.00991577 0.0128413 0.0150072 0.0159063 -0.00200537 0.00301232 0.00525576 0.0046378 -0.0157066 -0.000875891 -0.0198492 -0.0122953 0.0179627 -0.0368474
internal_weight=1482.85 1190.65 941.959 911.929 292.195 213.871 202.475 248.695 78.3242 175.907 72.6277 30.0293 72.7883 11.396
internal_count=4298 2983 2174 2083 1315 900 818 809 415 646 401 91 163 82
is_linear=0
shrinkage=0.03


Tree=42
num_leaves=15
num_cat=0
split_feature=29 6 28 28 12 4 28 10 26 26 8 23 3 15
split_gain=54.7405 24.4325 23.717 22.9908 22.6381 19.71 14.979 14.177 14.6355 22.5797 17.2748 14.2751 16.2768 10.6089
threshold=0.047411372339146468 24093.000000000004 -0.00079693146320544662 -0.00073829465066141354 -0.0028952649395973069 32.500000000000007 -0.0027348552634087367 0.00038785616571224293 0.004252203386569813 0.0027210350695784317 -0.0014600970212348251 0.81026401357712896 0.22071526579488951 0.012585353316144359
decision_type=2 2 2 2 2 2 2 2 2 2 2 2 2 2
left_child=1 2 13 -4 6 -6 -3 11 9 -9 -10 12 -2 -1
right_child=7 4 3 -5 5 -7 -8 8 10 -11 -12 -13 -14 -15
leaf_value=-0.02963087266238049 -0.0046830476538621052 0.035965244733221519 0.080554987658558438 -0.0021257862989630841 0.011218342541116437 -0.014964353978576888 0.0086604304409759955 0.01599050846307188 0.017969057063825209 0.032452119551656874 -0.027951694732132402 0.0060986355211491011 0.023320913852511227 0.032743124046382577
leaf_weight=40.633273966610432 22.618491560220718 19.033582359552383 3.1049716472625724 120.26378631591797 40.887535877525806 70.481305725872517 361.67614833265543 325.08795633912086 17.054817959666256 97.478924959897995 12.987465426325796 240.1061973720789 107.27172076702118 2.6119429320096961
leaf_count=243 64 41 6 578 118 290 1134 726 39 175 44 608 222 10
internal_value=0.00962805 0.00318326 -0.00674619 -4.48587e-05 0.0065453 -0.00535174 0.0100255 0.0147887 0.0183495 0.0197879 -0.00188277 0.0104327 0.0184444 -0.0258636
internal_weight=1481.3 658.693 166.614 123.369 492.079 111.369 380.71 822.606 452.609 422.567 30.0423 369.996 129.89 43.2452
internal_count=4298 2420 837 584 1583 408 1175 1878 984 901 83 894 286 253
is_linear=0
shrinkage=0.03


Tree=43
num_leaves=15
num_cat=0
split_feature=29 25 29 21 28 29 29 6 28 28 0 7 12 7
split_gain=52.0879 27.4069 25.1459 24.6019 21.1161 20.1973 37.6842 17.8535 17.665 44.1835 10.7955 10.349 10.1098 0.0326433
threshold=0.034545623563042784 -0.00036666288137811835 0.055500181094657791 254775.50000000003 0.00070004231891704306 0.019982888506241938 0.020007434860058581 5211387.0000000009 -5.6668784486189388e-05 -0.0018901392030305113 0.0027464174460637494 42371306.351500012 -0.0029395053688870518 2885964.2120000003
decision_type=2 2 2 2 2 2 2 2 2 2 2 2 2 2
left_child=4 8 3 -3 5 13 -7 10 9 -2 -6 -4 -10 -1
right_child=1 2 11 -5 7 6 -8 -9 12 -11 -12 -13 -14 -15
leaf_value=-0.034759856072413352 -0.058994744359010823 -0.0024330846608189034 0.020826914136017349 0.011090438814966748 -0.024171578502110217 0.03187843103943646 -0.0012288251547842933 0.03537489812556207 0.02600843700824633 0.019934149013127414 0.0095380751808198539 0.011885991482682755 0.0481693266944202 -0.038039100139958718
leaf_weight=4.8864991217851621 7.0642509758472434 207.35733882337809 175.16513586044312 290.9344407916069 61.86430362612009 38.110067538917065 164.52090162038803 5.7616617530584326 68.996084958314896 66.198033154010773 9.921463303267954 347.96831870079041 25.328471839427948 6.1965803503990173
leaf_count=44 29 739 367 738 349 91 727 14 138 144 52 789 39 38
internal_value=0.00934544 0.0121307 0.0102858 0.00546281 -0.00202482 0.00284097 0.00499786 -0.0154345 0.0233752 0.0123235 -0.0195126 0.0148798 0.0319592 -0.0365933
internal_weight=1480.27 1189.01 1021.43 498.292 291.261 213.714 202.631 77.5474 167.587 73.2623 71.7858 523.133 94.3246 11.0831
internal_count=4298 2983 2633 1477 1315 900 818 415 350 173 401 1156 177 82
is_linear=0
shrinkage=0.03


Tree=44
num_leaves=13
num_cat=0
split_feature=7 9 21 1 22 13 14 13 14 5 9 26
split_gain=32.9807 27.4541 31.033 23.513 20.4101 18.9806 18.6663 15.7109 13.3795 7.98333 15.5112 4.40035
threshold=1138091.9525000004 1.7749908674607224 265719.50000000006 0.029721947347421823 1101221544.2765005 0.026487906496764767 0.93333333333333923 0.027564679218483351 0.75232180484481648 0.0034957273424552167 0.75380476500941496 0.0039787770988243465
decision_type=2 2 2 2 2 2 2 2 2 2 2 2
left_child=7 3 5 4 -2 -3 -5 9 -4 11 -11 -1
right_child=1 2 8 6 -6 -7 -8 -9 -10 10 -12 -13
leaf_value=-0.035687933205505368 0.0087525427346684895 -0.012464352378426108 0.0053164288813005367 0.019466985596858919 -0.049481597976291813 0.011264131230734147 -0.0017710692986577059 0.025324035297680219 0.017843531315930861 0.026210062813531214 -0.035590111880059734 0.013039186274102121
leaf_weight=24.582878910005096 436.57036199420691 121.3119700551033 238.47466923296452 434.06090641021729 5.4847243577241889 40.458285570144653 40.741147622466087 7.2716383486986151 113.13652031123638 7.2977009043097478 7.3230244517326355 1.7893811389803875
leaf_count=202 1251 528 687 966 25 118 112 21 287 34 58 9
internal_value=0.00907571 0.0098988 0.00434422 0.013009 0.00803001 -0.00652993 0.0176446 -0.0153153 0.00934722 -0.0225242 -0.00474354 -0.0323818
internal_weight=1478.5 1430.24 513.381 916.857 442.055 161.77 474.802 48.2646 351.611 40.993 14.6207 26.3723
internal_count=4298 3974 1620 2354 1276 646 1078 324 974 303 92 211
is_linear=0
shrinkage=0.03


Tree=45
num_leaves=15
num_cat=0
split_feature=29 25 9 6 6 28 26 26 28 13 4 28 14 7
split_gain=47.3781 22.2722 24.8426 26.7003 23.923 18.6426 14.1495 39.2102 17.3276 14.8778 12.3999 12.3259 7.987 2.42023
threshold=0.047411372339146468 -0.00036666288137811835 2.2194951270627041 1121074.0000000002 24093.000000000004 -0.00029460343481942905 -0.0041414891423022836 -0.0034332805868389753 -0.0020207740724513309 0.028676344695852948 317.50000000000006 -0.00079693146320544662 0.019449848681356442 48390692.443500012
decision_type=2 2 2 2 2 2 2 2 2 2 2 2 2 2
left_child=1 2 10 -4 11 -6 12 9 -9 -8 -1 -3 -2 -14
right_child=6 4 3 -5 5 -7 7 8 -10 -11 -12 -13 13 -15
leaf_value=0.014347099438143661 -0.052622097240869629 -0.025625920217840145 -0.023713751435018519 0.040948922647363897 0.011062255582798754 -0.0016047049274296981 -0.048212091496405172 0.042964104651693188 0.013209362660077538 0.0026963330856655666 0.039836524548570895 -0.0050717275821744049 0.01958236959824957 0.039006717127728928
leaf_weight=38.441388882696629 0.96816624701023002 35.80065330862999 22.174303054809574 7.7577937245368949 186.95532646030188 237.29559926688671 12.582884386181833 18.040763959288597 745.44535963237286 8.7657947689294797 31.051626197993755 98.509563431143761 7.384364426136016 26.456904590129852
leaf_count=117 4 213 102 15 556 840 55 28 1709 25 71 506 16 41
internal_value=0.00880821 0.00281262 0.0158949 -0.00695449 0.000483957 0.00397726 0.0136213 0.0127912 0.0139125 -0.027309 0.0257366 -0.0105505 0.0323376 0.0347682
internal_weight=1477.63 657.986 99.4251 29.9321 558.561 424.251 819.644 784.835 763.486 21.3487 69.493 134.31 34.8094 33.8413
internal_count=4298 2420 305 117 2115 1396 1878 1817 1737 80 188 719 61 57
is_linear=0
shrinkage=0.03


Tree=46
num_leaves=15
num_cat=0
split_feature=29 25 26 25 14 26 26 10 29 29 22 22 26 22
split_gain=45.4046 25.2026 23.3992 31.6349 19.4919 18.9506 38.1823 19.7071 18.0353 40.2378 11.1521 0.0997772 0.0425161 0.0224148
threshold=0.034545623563042784 -0.0003944043076717358 -0.0041414891423022836 0.00066001127197761367 0.97877366407089339 -0.0008287395515191306 -0.001295535613540584 0.0022232107552392021 0.019547370574449802 0.020007434860058581 50552145.529000007 42768244.299000002 0.0016546330464473711 26558541.481000002
decision_type=2 2 2 2 2 2 2 2 2 2 2 2 2 2
left_child=4 5 10 -4 8 6 -2 -7 13 -10 -3 -6 -13 -1
right_child=1 2 3 -5 11 7 -8 -9 9 -11 -12 12 -14 -15
leaf_value=-0.034837492093246616 0.018836332239344049 -0.00213731476696898 0.0096090296130220028 -0.018463579422083782 -0.037296577411823274 0.012124834964313904 -0.058045575563597976 0.039232048193504183 0.027532594311591538 -0.0040167800442164362 0.03698853302418225 -0.045075259043446204 -0.040135171066733297 -0.037409543469687945
leaf_weight=6.7710688188672048 33.067771375179291 7.9002379402518264 956.68340233713388 37.545805662870407 5.07017984241247 37.541440829634666 7.0539312064647666 67.605536714196205 43.479658544063568 222.89891634136438 38.547736257314682 3.6167336106300354 2.7678470760583878 5.5480610206723213
leaf_count=61 72 25 2463 130 36 90 29 111 111 1039 63 17 15 36
internal_value=0.00855264 0.0111552 0.00952121 0.0085489 -0.00208469 0.0228605 0.00531947 0.0295537 -0.000508313 0.00113287 0.0303337 -0.0404385 -0.0429336 -0.0359958
internal_weight=1476.1 1185.95 1040.68 994.229 290.152 145.269 40.1217 105.147 278.698 266.379 46.448 11.4548 6.38458 12.3191
internal_count=4298 2983 2681 2593 1315 302 101 201 1247 1150 88 68 32 97
is_linear=0
shrinkage=0.03


Tree=47
num_leaves=13
num_cat=0
split_feature=7 9 21 1 14 13 9 13 21 9 6 26
split_gain=29.5305 24.6144 28.0308 21.316 17.8646 17.5044 15.4725 14.7919 13.0698 7.72487 16.1755 0.0196754
threshold=1138091.9525000004 1.7749908674607224 265719.50000000006 0.033289851483390698 0.93904344512195193 0.026487906496764767 0.58564355555108394 0.027564679218483351 273449.50000000006 0.74351000760816732 6253.5000000000009 0.0030400381516037683
decision_type=2 2 2 2 2 2 2 2 2 2 2 2
left_child=7 3 5 6 -5 -3 -2 9 -4 10 -1 -11
right_child=1 2 8 4 -6 -7 -8 -9 -10 11 -12 -13
leaf_value=-0.028985387916129989 -0.0022839051010538768 -0.012283358396647256 0.054477352862028906 0.019470052882429249 -0.0045394752418379735 0.010518389958194809 0.010668501503762638 0.024320691172865363 0.0078343919487786004 -0.035039440264815619 0.027245640824986889 -0.038141829936324222
leaf_weight=12.965793363749983 102.4244029968977 120.54509196430445 5.4926291704177848 344.29632313549519 30.349962025880814 40.474774934351444 437.78033727407455 7.2864295691251746 345.88038057088852 17.928405910730365 7.1392749473452559 2.0502084344625464
leaf_count=98 305 528 12 749 83 118 1217 21 962 156 34 15
internal_value=0.00830438 0.00907781 0.00381351 0.0120263 0.017525 -0.00655179 0.00821269 -0.0149988 0.00856351 -0.0221463 -0.00901785 -0.0353578
internal_weight=1474.61 1427.24 512.393 914.851 374.646 161.02 540.205 47.3701 351.373 40.0837 20.1051 19.9786
internal_count=4298 3974 1620 2354 832 646 1522 324 974 303 132 171
is_linear=0
shrinkage=0.03


Tree=48
num_leaves=15
num_cat=0
split_feature=29 22 14 9 25 26 26 8 26 25 22 25 14 29
split_gain=42.0837 21.4605 20.231 19.7897 13.3659 22.5429 41.6319 12.4659 10.9305 19.946 13.5787 9.69764 7.7296 2.59343
threshold=0.047411372339146468 8351498.1295000007 0.9846490489816534 1.8118625267817976 0.00012090267976626087 -0.0041414891423022836 -0.0029235678665586406 0.018350951300548524 0.004252203386569813 -8.2480241557484176e-05 19312295.925500002 2.2703865082387905e-05 0.046971580661545304 0.04110264654322817
decision_type=2 2 2 2 2 2 2 2 2 2 2 2 2 2
left_child=1 7 3 -3 8 12 -7 13 10 -10 -2 -4 -6 -1
right_child=4 2 11 -5 5 6 -8 -9 9 -11 -12 -13 -14 -15
leaf_value=-0.035293075479875223 -0.0031882101810432853 0.0097299318486825329 -0.0065963555819280361 -0.0010902459456651069 -0.019891853319214892 -0.03155477838955089 0.00860126453761593 0.046357309657320933 0.0099104222950620931 -0.054922084186953504 0.017962015178416096 -0.045057346569203065 0.034758517361069434 -0.0011954044149184888
leaf_weight=19.883765392005451 29.091476395726204 316.6462150067091 13.351810902357103 292.80316712707281 2.5144231915473929 25.594850227236748 252.1580962240696 2.0001750141382209 21.365269392728809 5.3378418385982505 448.49949306249619 10.572035849094389 31.625562533736229 2.233014151453971
leaf_count=173 90 1041 49 1088 8 98 608 5 52 22 947 54 53 10
internal_value=0.00806001 0.00241158 0.0034692 0.0045315 0.0126102 0.00772855 0.0049009 -0.0253641 0.0156293 -0.00304933 0.0166737 -0.0235924 0.0307335 -0.0318504
internal_weight=1473.68 657.49 633.373 609.449 816.187 311.893 277.753 24.117 504.294 26.7031 477.591 23.9238 34.14 22.1168
internal_count=4298 2420 2232 2129 1878 767 706 188 1111 74 1037 103 61 183
is_linear=0
shrinkage=0.03


Tree=49
num_leaves=15
num_cat=0
split_feature=29 29 29 29 20 29 5 9 1 14 4 29 6 21
split_gain=39.768 20.3824 21.5244 27.0643 14.0505 13.062 21.7164 20.3023 10.9893 17.7527 9.82096 9.15025 0.0207982 0.00517207
threshold=0.047411372339146468 0.019547370574449802 0.020007434860058581 0.026842835822145025 -0.0061122891384539071 0.057957695336936739 0.00472178205345938 0.40830953169482126 0.02063838347014427 0.92372745379274568 262.50000000000006 0.061366506038033251 29268.500000000004 336341.00000000006
decision_type=2 2 2 2 2 2 2 2 2 2 2 2 2 2
left_child=1 12 10 -4 5 6 -2 -7 9 -6 -3 -10 -1 -14
right_child=4 2 3 -5 8 7 -8 -9 11 -11 -12 -13 13 -15
leaf_value=-0.034335942759575314 -0.0030552483795524121 0.028840089167828702 -0.015779470123545872 0.0038983412761708549 0.013307037138561191 -0.024871491988919116 0.020103563833086143 0.014210648904537528 0.025888541431579148 -0.042228918376347402 -0.0091507583457601828 0.014225905373143099 -0.035840406573768496 -0.037498511783914425
leaf_weight=5.4512666612863523 137.92680670320988 38.766452677547932 71.42029470205307 527.60993292927742 22.261946663260463 12.394544854760168 49.527150318026543 343.37034969031811 118.32914671301842 6.7513979375362387 7.2729779407382003 123.98504197597504 2.896701417863369 4.0747707039117813
leaf_count=54 392 95 374 1819 54 39 109 754 234 28 30 268 22 26
internal_value=0.00782679 0.00233845 0.00307146 0.00155222 0.0122569 0.00947227 0.00306353 0.0128491 0.017832 0.000383834 0.0228386 0.0199211 -0.0357241 -0.0368096
internal_weight=1472.04 657.492 645.07 599.03 814.546 543.219 187.454 355.765 271.328 29.0133 46.0394 242.314 12.4227 6.97147
internal_count=4298 2420 2318 2193 1878 1294 501 793 584 82 125 502 102 48
is_linear=0
shrinkage=0.03


Tree=50
num_leaves=15
num_cat=0
split_feature=29 1 28 28 28 26 26 6 11 28 23 0 14 9
split_gain=37.7968 20.1255 19.3873 19.4474 22.4514 17.6412 34.639 16.4505 16.1162 15.7745 13.1532 10.4969 8.55476 5.25553
threshold=0.034545623563042784 0.020474667162901666 0.00070004231891704306 -0.00079693146320544662 -0.00051994877845308607 -0.0041414891423022836 -0.0029235678665586406 5211387.0000000009 0.025468016171685228 -0.0012994191686446224 0.9138212100851032 0.0027464174460637494 0.039228344662595178 0.85149795538811568
decision_type=2 2 2 2 2 2 2 2 2 2 2 2 2 2
left_child=2 8 3 9 -5 12 -7 11 10 -1 -2 -4 -3 -10
right_child=1 5 7 4 -6 6 -8 -9 13 -11 -12 -13 -14 -15
leaf_value=0.0023863957336810221 0.00031285209886707915 -0.021979175579681418 -0.023769638839769423 0.03177232004487409 0.0026844666181035956 -0.011851672813679057 0.01147020672143776 0.033316802105673941 0.0011791656713527009 -0.023938010367923739 -0.031689216532832999 0.0095945472391256708 0.03290981218234762 0.033803240143778203
leaf_weight=48.720234036445618 23.07671219855547 2.723885014653205 60.653190277516842 31.733263231813908 96.518489323556423 60.754305958747864 1012.9486789628863 5.8342111706733695 8.6778121739625949 35.353460431098938 23.159002892673016 9.8675039857625944 41.345065057277679 9.108974561095236
leaf_count=206 75 9 349 88 414 205 2483 14 23 192 96 52 74 18
internal_value=0.00760001 0.00997716 -0.00213156 0.00253062 0.00988166 0.0109141 0.0101506 -0.015096 -0.00638097 -0.00868316 -0.0157167 -0.0191012 0.0295171 0.0178866
internal_weight=1470.47 1181.79 288.68 212.325 128.252 1117.77 1073.7 76.3549 64.0225 84.0737 46.2357 70.5207 44.069 17.7868
internal_count=4298 2983 1315 900 502 2771 2688 415 212 398 171 401 83 41
is_linear=0
shrinkage=0.03


Tree=51
num_leaves=15
num_cat=0
split_feature=29 25 9 21 8 14 20 25 25 26 23 9 28 26
split_gain=36.1973 20.2004 21.7335 21.7908 19.0449 20.9933 13.3758 12.7299 24.3063 11.8142 10.8312 10.2901 9.32865 24.5196
threshold=0.047411372339146468 -0.00036666288137811835 2.2194951270627041 1931280.5000000002 0.018350951300548524 0.9846490489816534 -0.0061122891384539071 0.00060394083698791785 0.00091992996561157724 -0.0021628146381917901 2.464961540297764 2.3909887208501099 0.0013878539853723487 0.0039143598191948709
decision_type=2 2 2 2 2 2 2 2 2 2 2 2 2 2
left_child=1 2 10 -4 5 -3 7 9 -9 -2 -1 -6 -8 -14
right_child=6 4 3 -5 11 -7 12 8 -10 -11 -12 -13 13 -15
leaf_value=0.020430129832183497 0.018743524492424633 -1.9856042456675976e-05 -0.020973782733351959 0.040401280926749682 0.058001255073002307 -0.031095839920230739 0.01301542502807152 -0.039823708814838397 0.013962817504320473 0.0076377399540506338 0.065983840116271078 0.013571308367925961 0.036818069431255686 0.00518541833623813
leaf_weight=64.738161809742451 109.78728322684765 515.23338308930397 22.801130555570129 6.7468917667865744 6.7880992442369488 20.336917035281658 176.69520862400532 13.585045188665392 17.05426424741745 401.40003888309002 5.0651015788316718 15.189258120954035 57.742509171366692 35.682119846343994
leaf_count=179 242 1956 104 13 11 100 400 54 38 960 9 48 96 88
internal_value=0.00737986 0.00214403 0.0146066 -0.00695962 -7.67067e-05 -0.00119989 0.0116159 0.00889714 -0.00988538 0.0100229 0.0237356 0.0272943 0.0170693 0.0247365
internal_weight=1468.85 656.899 99.3513 29.548 557.548 535.57 811.946 541.827 30.6393 511.187 69.8033 21.9774 270.12 93.4246
internal_count=4298 2420 305 117 2115 2056 1878 1294 92 1202 188 59 584 184
is_linear=0
shrinkage=0.03


Tree=52
num_leaves=14
num_cat=0
split_feature=25 28 13 22 8 23 22 25 25 9 11 9 13
split_gain=27.4587 53.7486 30.5875 31.2969 28.9278 21.2188 15.679 10.355 14.8431 11.2206 8.35692 7.26714 0.514702
threshold=-0.0003944043076717358 -0.0018901392030305113 0.026413257492369887 8976196.342000002 -0.026558008563271791 1.4389252900428169 26876509.572000004 -3.0305715736434386e-05 1.0000000180025095e-35 4.7995054795066379 0.011690577547707288 0.65239545784920383 0.023014055386674132
decision_type=2 2 2 2 2 2 2 2 2 2 2 2 2
left_child=1 12 3 11 -5 10 -7 9 -9 -4 -3 -2 -1
right_child=2 5 7 4 -6 6 -8 8 -10 -11 -12 -13 -14
leaf_value=-0.045332673642455482 -0.0041609431939090228 0.021222394402143602 0.0087736467772551556 -0.055271861408590188 0.0038436901805469926 -0.033072978178023245 0.013107571245772325 0.036302525057231666 0.012965087002580335 -0.014493632857933529 0.037498814132997792 -0.037971110073552077 -0.060443356998518979
leaf_weight=3.2386662140488607 7.9036389440298107 56.923265650868416 128.91425415873528 7.5206912606954566 792.28087171167135 7.5917543470859519 51.519724756479263 26.880882501602173 280.20666264742613 21.809668622910976 56.638899341225624 20.723347790539265 5.4305622279644012
leaf_count=16 51 144 310 33 2488 43 136 48 677 74 96 160 22
internal_value=0.00716458 0.0180933 0.00562377 0.00218465 0.00328782 0.0217529 0.00717655 0.011847 0.0150079 0.00540688 0.0293402 -0.0286364 -0.0547983
internal_weight=1467.58 181.343 1286.24 828.429 799.802 172.674 59.1115 457.811 307.088 150.724 113.562 28.627 8.66923
internal_count=4298 457 3841 2732 2521 419 179 1109 725 384 240 211 38
is_linear=0
shrinkage=0.03


Tree=53
num_leaves=14
num_cat=0
split_feature=29 25 28 25 25 6 26 6 25 3 11 8 5
split_gain=33.5701 21.4419 18.0691 18.8583 21.9016 18.0677 22.967 17.2683 16.2649 11.7108 10.225 5.54404 5.25099
threshold=0.032398442985910422 -0.001013258929688022 0.0014971389366271752 0.00035709747270263323 0.00020685594365150631 48004.500000000007 -0.0047244607365594495 6607564.5000000009 -0.00066367208651680395 0.1864996343088873 0.00041504099499391835 0.00015300668409287346 -1.0000000180025095e-35
decision_type=2 2 2 2 2 2 2 2 2 2 2 2 2
left_child=2 9 3 4 -1 8 -7 10 -3 -2 -4 -5 -11
right_child=1 5 7 11 -6 6 -8 -9 -10 12 -12 -13 -14
leaf_value=-0.0029065813271467464 -0.051675628931545682 -0.053449375573589294 0.024711171992942722 -0.010384295205073602 0.020107793825245471 0.038878811478263449 0.0095345435446942926 0.046274663967254194 0.0024108028370290382 0.016144345889951121 -0.032350493003666242 -0.038677019813064165 0.045320601133876939
leaf_weight=128.21253087371588 1.3770669102668787 4.7784510031342498 3.0877479612827292 12.909994758665563 52.435177505016327 24.659520655870438 904.33160035312176 3.0963624268770209 257.07785950601101 7.4615823775529924 33.377551883459091 12.052740715444086 21.689293593168255
leaf_count=597 6 22 16 66 170 39 2173 7 864 17 214 75 32
internal_value=0.00695445 0.00898803 -0.00317624 0.000396236 0.00377362 0.0083516 0.0103135 -0.0217432 0.00139145 0.0338141 -0.0275187 -0.0240449 0.0378525
internal_weight=1466.55 1221.38 245.172 205.61 180.648 1190.85 928.991 39.5617 261.856 30.5279 36.4653 24.9627 29.1509
internal_count=4298 3153 1145 908 767 3098 2212 237 886 55 230 141 49
is_linear=0
shrinkage=0.03


Tree=54
num_leaves=14
num_cat=0
split_feature=29 22 14 9 20 29 8 8 25 25 10 22 29
split_gain=32.1314 19.1336 18.2143 17.4698 12.6151 16.1248 17.0745 11.3288 9.67178 9.19151 9.0503 7.75442 2.37489
threshold=0.047411372339146468 8351498.1295000007 0.9846490489816534 1.8118625267817976 -0.01506113921639214 0.055500181094657791 -0.0055769686288209752 0.018350951300548524 -0.001013258929688022 2.2703865082387905e-05 -0.0099277509374630559 172289138.93200004 0.04110264654322817
decision_type=2 2 2 2 2 2 2 2 2 2 2 2 2
left_child=1 7 3 -3 5 6 -2 12 -6 -4 -10 -7 -1
right_child=4 2 9 -5 8 11 -8 -9 10 -11 -12 -13 -14
leaf_value=-0.034983916581178665 -0.017365288476209571 0.0086673553766824177 -0.0065862104246028445 -0.0014950126164385564 0.036866888472221658 0.014265841920448047 0.0072299101764500481 0.042816937463696671 0.041357450377920414 -0.044422779906805876 0.012812121950191586 0.0044110701767042949 -0.002282900945789063
leaf_weight=18.829758819192655 43.883746042847633 317.86552562564611 13.220743976533415 292.19121696799994 16.757393941283226 189.98314875364304 60.322304278612137 2.0226319581270209 10.272727146744726 10.264797806739805 371.37073701620102 115.58080671727657 2.2361374646425238
leaf_count=173 145 1041 49 1088 27 417 154 5 16 54 841 278 10
internal_value=0.00675367 0.00182434 0.00280196 0.00380001 0.0107587 0.00706293 -0.00312774 -0.0250012 0.0145599 -0.0231234 0.0135805 0.0105382 -0.0315127
internal_weight=1464.8 656.631 633.542 610.057 808.171 409.77 104.206 23.0885 398.401 23.4855 381.643 305.564 21.0659
internal_count=4298 2420 2232 2129 1878 994 299 188 884 103 857 695 183
is_linear=0
shrinkage=0.03


Tree=55
num_leaves=15
num_cat=0
split_feature=29 29 29 29 25 28 28 28 28 28 4 7 22 7
split_gain=30.3362 18.6049 19.9436 23.2313 12.4507 14.5197 31.0367 22.5722 13.615 18.7534 8.79279 0.0256518 0.00431441 0.00276644
threshold=0.047411372339146468 0.019547370574449802 0.020007434860058581 0.026842835822145025 0.00012090267976626087 -0.00051994877845308607 0.00087141800321938266 -0.0022528163596820697 -0.0020207740724513309 -0.0012994191686446224 262.50000000000006 2885964.2120000003 60251541.638000004 1138091.9525000004
decision_type=2 2 2 2 2 2 2 2 2 2 2 2 2 2
left_child=1 11 10 -4 8 7 -7 -6 -2 -10 -3 13 -13 -1
right_child=4 2 3 -5 5 6 -8 -9 9 -11 -12 12 -14 -15
leaf_value=-0.033288835226692549 0.039349941672276179 0.027101833657324447 -0.015221614291293874 0.0031443936764298714 -0.014456326011738798 -0.017604282494610914 0.0096040796293717558 0.017664255750929753 -0.0041081875614834805 0.014563426748361202 -0.0089549484787034232 -0.035980272171397661 -0.03752683966809383 -0.034655026732272151
leaf_weight=2.8653216511011106 17.540268301963806 38.91218788176775 70.224717952311039 528.27691490203142 23.42266558110714 59.955118983983994 101.79819418489933 123.56293413043022 54.621915280818939 425.88134053349495 7.21560014784336 3.3577393665909767 3.1429714933037758 2.4959427788853645
leaf_count=35 28 95 374 1819 79 184 238 266 145 938 30 25 20 22
internal_value=0.00655781 0.00176928 0.00245436 0.000989433 0.0104543 0.00572086 -0.000480911 0.0125457 0.0133886 0.0124409 0.0214616 -0.0354611 -0.036728 -0.0339249
internal_weight=1463.27 656.491 644.629 598.502 806.782 308.739 161.753 146.986 498.044 480.503 46.1278 11.862 6.50071 5.36126
internal_count=4298 2420 2318 2193 1878 767 422 345 1111 1083 125 102 45 57
is_linear=0
shrinkage=0.03


Tree=56
num_leaves=14
num_cat=0
split_feature=29 1 27 8 28 9 28 4 4 6 9 14 1
split_gain=28.896 17.5416 19.4378 21.9942 20.1981 17.6344 17.0543 19.0949 19.0629 16.3306 12.5959 11.99 7.69781
threshold=0.032398442985910422 0.032930577028624432 -0.0028047864440505521 -0.007450287690601993 -0.0027348552634087367 14.708179193646879 0.0014971389366271752 27.500000000000004 12.500000000000002 6607564.5000000009 0.60483321910141841 0.95391551882287129 0.021196421277342999
decision_type=2 2 2 2 2 2 2 2 2 2 2 2 2
left_child=6 5 3 -3 -4 10 7 8 -1 12 -2 -9 -8
right_child=1 2 4 -5 -6 -7 9 11 -10 -11 -12 -13 -14
leaf_value=0.0058174733056252821 -0.0038625933750322354 -0.0085226494835695631 0.045256579488182 0.011389086430131149 0.014266418135507639 -0.048107192639945666 -0.00062678099729483272 -0.0038045322602017263 0.046737413593896521 0.04436211052847739 0.007230941634446192 -0.039578510975066185 -0.034401938876516554
leaf_weight=57.415818974375725 113.92460127919912 74.710034593939781 19.942738056182861 150.50505825132132 372.00577932596207 5.657887026667594 7.7604911476373664 125.83664760738611 12.471801571547983 3.1343938410282126 481.18145603686571 9.0374844893813115 27.932177238166332
leaf_count=228 348 217 31 361 851 25 46 589 35 7 1320 56 184
internal_value=0.00636874 0.00825524 0.0118074 0.00478382 0.0158432 0.00460608 -0.00306361 0.000393018 0.0131198 -0.0212928 0.00510724 -0.00620163 -0.0270584
internal_weight=1461.52 1217.93 617.164 225.215 391.949 600.764 243.589 204.762 69.8876 38.8271 595.106 134.874 35.6927
internal_count=4298 3153 1460 578 882 1693 1145 908 263 237 1668 645 230
is_linear=0
shrinkage=0.03


Tree=57
num_leaves=15
num_cat=0
split_feature=29 25 22 9 6 14 20 25 28 14 1 1 14 29
split_gain=27.6864 18.0573 20.8259 18.9518 23.3984 17.4745 12.0641 11.9228 17.5276 15.7953 11.1301 9.88992 16.6512 9.37339
threshold=0.047411372339146468 -0.00036666288137811835 8615392.5570000019 2.2194951270627041 1121074.0000000002 0.9846490489816534 -0.0061122891384539071 0.00011771404345774827 0.0019420125677869662 0.93904344512195193 0.030118015663325125 0.021196421277342999 0.92372745379274568 0.061366506038033251
decision_type=2 2 2 2 2 2 2 2 2 2 2 2 2 2
left_child=1 3 -3 10 -5 -4 7 8 -2 -9 -1 12 -8 -13
right_child=6 2 5 4 -6 -7 11 9 -10 -11 -12 13 -14 -15
leaf_value=0.01008554898528519 0.013397864047513537 -0.031090356333488549 0.0016755114696250014 -0.022919188258352832 0.038018603740134133 -0.026782011113586603 0.011711156148610095 0.0036095958026275314 -0.012355256568673272 -0.041048915791555313 0.03399843578464589 0.023521078784871877 -0.037258387098971071 0.01145233119320092
leaf_weight=35.587915234267712 280.17634005844593 19.326871946454048 517.02548058331013 21.560009557753805 7.694969728589057 20.178101323544979 26.629136174917221 224.13440604507923 25.99158950150013 7.3620220124721518 34.499945856630802 113.66991245746613 8.1657062172889692 118.08686770498753
leaf_count=113 622 173 1848 102 15 94 64 570 76 26 75 227 32 261
internal_value=0.00618343 0.00160896 -0.000494146 0.0133908 -0.00689065 0.000606608 0.00991411 0.00732699 0.0112116 0.00218937 0.0218564 0.0151326 0.00021891 0.0173717
internal_weight=1460.09 655.873 556.53 99.3428 29.255 537.204 804.216 537.664 306.168 231.496 70.0879 266.552 34.7948 231.757
internal_count=4298 2420 2115 305 117 1942 1878 1294 698 596 188 584 96 488
is_linear=0
shrinkage=0.03


Tree=58
num_leaves=15
num_cat=0
split_feature=29 25 26 28 28 26 26 26 26 7 15 14 23 23
split_gain=26.5198 23.3319 37.6964 31.2375 35.8844 29.3636 27.4895 24.2634 9.67273 16.3317 9.95221 12.1585 10.8611 6.3519
threshold=0.055500181094657791 -0.000152581626249253 -0.0008287395515191306 -0.00029460343481942905 -0.00079693146320544662 -0.0014017304807643852 -0.001295535613540584 0.0037406275184988431 0.004252203386569813 14324500.994500002 0.0087866536460291817 0.9518773022595487 0.61661718667318366 0.92464283867237806
decision_type=2 2 2 2 2 2 2 2 2 2 2 2 2 2
left_child=1 2 6 4 -3 -5 -1 -4 10 -10 12 -12 -2 -11
right_child=8 3 7 5 -6 -7 -8 -9 9 13 11 -13 -14 -15
leaf_value=0.00045166557090352288 0.020473083299906544 4.5074679984172397e-07 0.023673169879608106 0.07500616082436877 0.02353076862311141 -0.0070177048375263916 -0.05044018864161836 -0.0054810645840919613 0.026541791431239893 -0.04569305550037879 0.025614324960481501 0.0039990954798121677 0.0076537924110641337 -0.008173375341278398
leaf_weight=65.25966801866889 71.052519038319588 186.59064033254981 140.165802128613 3.9717104509472838 84.857308954000473 356.90338771790266 11.190402738749979 31.457602933049202 8.4883950203657168 7.2500492781400707 84.242891699075699 32.439622834324837 365.27985098958015 9.2321058064699155
leaf_count=219 143 657 344 8 229 1375 52 118 16 27 157 77 850 26
internal_value=0.0060049 0.00272704 0.0105242 -0.000331948 0.00735626 -0.00611497 -0.00699765 0.0183294 0.0109978 -0.00726605 0.0118225 0.0196049 0.00974129 -0.0246773
internal_weight=1458.38 880.397 248.073 632.323 271.448 360.875 76.4501 171.623 577.985 24.9706 553.015 116.683 436.332 16.4822
internal_count=4298 3002 733 2269 886 1383 271 462 1296 69 1227 234 993 53
is_linear=0
shrinkage=0.03


Tree=59
num_leaves=15
num_cat=0
split_feature=29 14 26 26 6 26 28 28 5 14 6 7 20 7
split_gain=25.702 19.856 16.8397 29.5208 26.9562 24.8019 15.8129 25.7435 11.1389 9.34399 5.6599 0.0918214 0.0545782 0.00732575
threshold=0.036353157550292066 0.97877366407089339 -0.0041414891423022836 -0.0029235678665586406 313012.00000000006 -0.0021192049006071409 6.3173955167975042e-05 -0.00079693146320544662 0.0077212100970250426 0.039228344662595178 55411.000000000007 2093461.6535000002 0.0070667412256575288 1019230.4320000003
decision_type=2 2 2 2 2 2 2 2 2 2 2 2 2 2
left_child=1 6 9 4 -4 -5 7 -1 -8 -2 -11 13 -13 -3
right_child=2 11 3 5 -6 -7 8 -9 -10 10 -12 12 -14 -15
leaf_value=-0.0063690105574315519 -0.025072081616862914 -0.033967138440693073 0.0017020635024208035 0.021177898104860163 -0.040048790924192362 0.0067492475967285944 -0.004681980577893291 0.015459450758473738 -0.029716563205964719 0.0065659364710480023 0.03561272686647745 -0.038549879310024175 -0.043386714843493129 -0.036640897225151986
leaf_weight=91.724973287433386 2.9535886645317069 1.8156554773449891 39.459002673625946 121.6948479861021 21.501818656921387 901.42493848502636 103.58517093583941 103.48514877259731 18.916878506541252 7.4125263020396224 32.546251073479652 4.1402771696448308 4.2598724663257599 1.8742909803986547
leaf_count=417 10 19 123 262 82 2278 504 357 112 21 54 25 21 13
internal_value=0.00583103 -0.0015351 0.00798665 0.00725704 -0.0130241 0.00846546 -9.91531e-05 0.00520273 -0.00854784 0.0264185 0.0302244 -0.0392699 -0.0410027 -0.0353253
internal_weight=1456.8 329.802 1126.99 1084.08 60.9608 1023.12 317.712 195.21 122.502 42.9124 39.9588 12.0901 8.40015 3.68995
internal_count=4298 1468 2830 2745 205 2540 1390 774 616 85 75 78 46 32
is_linear=0
shrinkage=0.03


Tree=60
num_leaves=15
num_cat=0
split_feature=29 7 9 21 26 8 9 7 26 26 8 15 7 14
split_gain=24.5481 21.1156 22.2713 33.6833 16.6776 11.5033 10.681 9.40198 16.5138 11.6711 10.5538 10.3679 9.62069 4.94799
threshold=0.055500181094657791 1138091.9525000004 1.7749908674607224 265719.50000000006 0.0037406275184988431 0.0038780927558739117 0.74746825618506918 42371306.351500012 0.004252203386569813 -0.0047244607365594495 -1.0000000180025095e-35 0.0093657623275246408 39514566.549500011 0.93103448275862233
decision_type=2 2 2 2 2 2 2 2 2 2 2 2 2 2
left_child=1 5 4 -4 -3 -1 -7 11 9 -9 -10 12 -2 -13
right_child=7 2 3 -5 -6 6 -8 8 10 -11 -12 13 -14 -15
leaf_value=-0.02949408267424514 0.010076009847609277 0.0094199425514025093 -0.014119904068965052 0.0047702113992059781 -0.013124484987780046 0.031326200796675224 -0.022041675360140199 0.037644411218847436 -0.0013534829654760761 0.0078915812314112963 -0.057551222012748586 0.035448176668562509 0.039479071494633984 0.012922815031209281
leaf_weight=27.749076418578625 140.28415310382843 436.19792167842388 131.88020069897175 238.75825244188309 31.676956035196781 6.6566325724124891 6.8467353172600269 12.273522466421126 6.6772797256708145 357.25004802644253 5.4724138677120191 30.301211535930634 10.785281628370283 12.355283156037329
leaf_count=231 321 1254 593 726 114 29 55 20 18 821 22 50 17 27
internal_value=0.00566231 0.00251111 0.00354199 -0.00195125 0.0078936 -0.018443 0.0042666 0.0104804 0.00774829 0.00887981 -0.0266658 0.0158631 0.0121752 0.0289238
internal_weight=1455.16 879.766 838.513 370.638 467.875 41.2524 13.5034 575.399 381.673 369.524 12.1497 193.726 151.069 42.6565
internal_count=4298 3002 2687 1319 1368 315 84 1296 881 841 40 415 338 77
is_linear=0
shrinkage=0.03


Tree=61
num_leaves=14
num_cat=0
split_feature=25 28 18 8 22 25 9 25 25 28 20 9 18
split_gain=23.1562 48.329 25.5179 25.9824 26.8293 19.4401 16.7534 9.89633 13.1574 10.1303 9.20553 0.506956 0.487877
threshold=-0.0003944043076717358 -0.0018901392030305113 0.026413257492369887 -0.026558008563271791 8976196.342000002 -0.00044161127236986788 2.6652127184603511 -3.0305715736434386e-05 1.0000000180025095e-35 -0.0003013924470519844 -0.0065855180901968962 8.8807621362607687 0.023014055386674132
decision_type=2 2 2 2 2 2 2 2 2 2 2 2 2
left_child=1 12 3 11 -5 6 -3 9 -9 -4 -7 -2 -1
right_child=2 5 7 4 -6 10 -8 8 -10 -11 -12 -13 -14
leaf_value=-0.044599695302410446 -0.061744745779095243 0.017630043555102212 -0.011303944016913847 -0.02804279810613566 0.002449642947509064 0.040082607427068234 -0.011743856792354219 0.033184297309322264 0.010991490669808032 0.0076184908799345787 0.0091090947704344418 -0.045859570571587217 -0.059474797648348551
leaf_weight=3.1362473145127279 4.2646101713180533 93.985741205513477 32.607009157538414 26.854298260062933 788.41391178965569 43.5157330930233 21.466519739478827 26.328233733773232 277.00667947530746 116.21920940279961 10.774148181080816 3.1390213817358017 5.4032395631074905
leaf_count=16 18 224 94 211 2488 86 83 48 677 290 26 15 22
internal_value=0.00550007 0.015627 0.00408384 0.00093718 0.00144525 0.0191304 0.0121684 0.00980895 0.0129177 0.00347269 0.0339357 -0.0550097 -0.0540117
internal_weight=1453.11 178.282 1274.83 822.672 815.268 169.742 115.452 452.161 303.335 148.826 54.2899 7.40363 8.53949
internal_count=4298 457 3841 2732 2699 419 307 1109 725 384 112 33 38
is_linear=0
shrinkage=0.03


Tree=62
num_leaves=14
num_cat=0
split_feature=29 25 11 1 23 29 9 9 3 7 7 5 1
split_gain=23.0459 18.9948 16.182 20.1828 15.2541 13.5731 15.572 11.0498 10.9784 7.35888 8.2346 5.12478 4.72296
threshold=0.032398442985910422 -0.001013258929688022 0.024940643160272599 0.020474667162901666 9.0571091681755611 0.031506190521048916 1.4741733818894958 1.0046509883724175 0.1864996343088873 220238587.31450003 29393469.737000007 -1.0000000180025095e-35 0.041484226644556033
decision_type=2 2 2 2 2 2 2 2 2 2 2 2 2
left_child=4 8 3 -3 5 6 -1 -4 -2 10 -6 -10 -7
right_child=1 2 7 -5 9 12 -8 -9 11 -11 -12 -13 -14
leaf_value=0.0078214395542941274 -0.051754869803201715 -0.014495897202233123 0.0030854812323637816 0.0058115928966337368 -0.00060101795924397833 -0.040153876782254808 -0.010026285336882535 0.018731707580025455 0.013168615259261624 -0.013581270069617317 0.035359794374919026 0.042435279934350131 -0.0069090925795150249
leaf_weight=68.399388357996941 1.381352156400683 46.222353577613831 56.956979244947433 935.66451631486416 8.629676736891275 13.211784452199938 123.32128268480301 141.66066528856754 7.2609751224517884 6.0154701322317115 17.061313763260841 20.839966535568234 5.425337925553321
leaf_count=332 6 176 143 2479 26 78 637 300 17 18 31 32 23
internal_value=0.00533891 0.00702936 0.00643534 0.00485562 -0.003111 -0.00603477 -0.00365883 0.0142449 0.0308143 0.0162869 0.0232805 0.0348731 -0.0304762
internal_weight=1452.05 1209.99 1180.5 981.887 242.064 210.358 191.721 198.618 29.4823 31.7065 25.691 28.1009 18.6371
internal_count=4298 3153 3098 2655 1145 1070 969 443 55 75 57 49 101
is_linear=0
shrinkage=0.03


Tree=63
num_leaves=15
num_cat=0
split_feature=29 25 26 28 28 26 26 26 7 26 26 15 3 7
split_gain=22.1663 21.0745 34.3422 28.2729 32.7131 26.7076 25.2729 21.365 8.99005 15.564 11.3903 9.76534 9.69524 9.12408
threshold=0.055500181094657791 -0.000152581626249253 -0.0008287395515191306 -0.00029460343481942905 -0.00079693146320544662 -0.0014017304807643852 -0.001295535613540584 0.0037406275184988431 42371306.351500012 0.004252203386569813 -0.0047244607365594495 0.0093657623275246408 0.54415816972019426 39514566.549500011
decision_type=2 2 2 2 2 2 2 2 2 2 2 2 2 2
left_child=1 2 6 4 -3 -5 -1 -4 11 10 -10 13 -11 -2
right_child=8 3 7 5 -6 -7 -8 -9 9 12 -12 -13 -14 -15
leaf_value=-5.8948634952838672e-05 0.0094504510191670416 -0.00045276016557776398 0.02206766260122401 0.070030952758799433 0.02199125542799641 -0.0071090760385369468 -0.049263477763510553 -0.0053598134768803075 0.036935682358320503 -0.002087075480723323 0.0072354881277200906 0.027842270129725261 -0.055997144375124722 0.038272821606647571
leaf_weight=65.055189240723848 139.74897064268589 186.16418316587806 140.04330079257488 4.0858158543705931 85.194080837070942 355.59120841324329 10.980524241924284 31.267705537378788 12.014356002211569 6.6768237650394422 355.36297903954983 42.055150747299194 5.4555224478244781 10.637309387326239
leaf_count=219 321 657 344 8 229 1375 52 118 20 18 821 77 22 17
internal_value=0.00518487 0.00219211 0.0096143 -0.000717162 0.00659363 -0.00623279 -0.00716471 0.0170616 0.00978104 0.00710273 0.00820677 0.0150629 -0.0263287 0.0114892
internal_weight=1450.33 878.382 247.347 631.035 271.358 359.677 76.0357 171.311 571.951 379.51 367.377 192.441 12.1323 150.386
internal_count=4298 3002 733 2269 886 1383 271 462 1296 881 841 415 40 338
is_linear=0
shrinkage=0.03


Tree=64
num_leaves=13
num_cat=0
split_feature=25 28 22 26 26 25 9 22 13 20 9 13
split_gain=20.6679 43.9691 22.9415 20.6657 28.4046 18.4443 15.4294 12.2893 10.5846 8.68157 6.97901 0.420571
threshold=-0.0003944043076717358 -0.0018901392030305113 8976196.342000002 -0.0041414891423022836 -0.0029235678665586406 -0.00044161127236986788 2.6652127184603511 55699945.191000007 0.030763294280848969 -0.0065855180901968962 0.65239545784920383 0.023014055386674132
decision_type=2 2 2 2 2 2 2 2 2 2 2 2
left_child=1 11 8 7 -5 6 -3 -4 10 -7 -2 -1
right_child=2 5 3 4 -6 9 -8 -9 -10 -11 -12 -13
leaf_value=-0.043432448037720145 -0.0038438727765581064 0.016426567269393046 -0.0073340142908965462 -0.014205829060897094 0.0047494239799651438 0.038375501829210359 -0.011825163287698535 0.031056811096666352 0.035937756544396716 0.0082017889614087874 -0.037625503868619264 -0.057422707692730626
leaf_weight=3.0221661627292615 7.7067074403166833 93.265602007508278 9.3088971301913244 75.985667325556278 1117.9023929834366 43.396777294576168 21.387796707451344 38.713270515203476 2.553306281566619 10.69733542203903 19.25660764798522 5.3703861981630325
leaf_count=16 52 224 33 276 3239 86 83 73 5 26 163 22
internal_value=0.00503544 0.0146358 0.00369788 0.00431915 0.00354301 0.017969 0.0111564 0.0236149 -0.0224417 0.0324085 -0.02797 -0.0523848
internal_weight=1448.57 177.14 1271.43 1241.91 1193.89 168.748 114.653 48.0222 29.5166 54.0941 26.9633 8.39255
internal_count=4298 457 3841 3621 3515 419 307 106 220 112 215 38
is_linear=0
shrinkage=0.03


Tree=65
num_leaves=15
num_cat=0
split_feature=29 25 1 26 27 29 29 22 3 4 7 7 21 22
split_gain=21.1981 18.3622 17.7475 15.8391 14.5665 14.0006 26.4975 13.4058 9.13554 7.65211 2.85277 0.0257986 0.00506585 0.00190857
threshold=0.034545623563042784 -0.001013258929688022 0.020474667162901666 -0.0041414891423022836 0.022306570358683477 0.019547370574449802 0.020007434860058581 10773878.766500002 0.1864996343088873 262.50000000000006 21569427.341500003 2885964.2120000003 336341.00000000006 12596584.209500002
decision_type=2 2 2 2 2 2 2 2 2 2 2 2 2 2
left_child=5 8 4 -4 -3 11 9 -8 -2 -7 -10 13 -13 -1
right_child=1 2 3 -5 -6 6 7 -9 10 -11 -12 12 -14 -15
leaf_value=-0.033234249988364911 -0.052229278729386229 -0.01748913165728079 0.025198845665243275 0.0062484312308236523 0.01831691152745437 0.024936739763137015 -0.030150577793259761 -0.0031576773424030675 0.020510795320736321 -0.0088958544176753491 0.040889803916980799 -0.03548369302051909 -0.037221644484331504 -0.034503206261349013
leaf_weight=3.3736241273581964 1.1548391133546854 47.281082563102245 41.282809376716614 1032.126821398735 13.047276869416235 38.805135503411293 17.978000357747078 209.79967214167118 9.4057924598455447 7.1206621676683417 18.038366705179214 2.5030192360281944 3.8026591613888741 1.5600153431296346
leaf_count=42 5 176 83 2641 30 95 160 928 20 30 28 20 25 15
internal_value=0.00488863 0.00668629 0.00608741 0.00697725 -0.00974532 -0.00244435 -0.0010968 -0.00528817 0.0304273 0.0196911 0.0339054 -0.0352604 -0.0365318 -0.0336355
internal_weight=1447.28 1162.34 1133.74 1073.41 60.3284 284.943 273.703 227.778 28.599 45.9258 27.4442 11.2393 6.30568 4.93364
internal_count=4298 2983 2930 2724 206 1315 1213 1088 53 125 48 102 45 57
is_linear=0
shrinkage=0.03


Tree=66
num_leaves=15
num_cat=0
split_feature=29 25 9 13 21 0 1 9 22 9 0 14 22 22
split_gain=20.2765 19.1991 26.4877 22.1162 21.5089 16.2968 14.6117 13.8177 8.80882 16.7452 13.854 10.6079 9.29996 8.56284
threshold=0.055500181094657791 -0.000152581626249253 4.7036814134785638 0.016554731820867273 393552.50000000006 -0.0011275407084005576 0.018567187549842077 6.839017406930525 39370632.832500003 0.40830953169482126 -7.332975369432638e-05 0.49402852049910928 46555032.874500006 20518102.488500003
decision_type=2 2 2 2 2 2 2 2 2 2 2 2 2 2
left_child=1 2 6 5 -5 -3 -1 -4 10 11 13 -10 -11 -2
right_child=8 3 7 4 -6 -7 -8 -9 9 12 -12 -13 -14 -15
leaf_value=-0.033772543583827308 -0.020150842607010205 -0.023560667644199867 -0.050733632722339404 -0.0038611808220495969 0.010135966963257461 -0.0041217560085913714 0.013651374890175445 -0.0042942451143170492 -0.0018208694162329256 -0.01384670912146586 0.027981553983545501 -0.052828080606112972 0.0094286196320036847 0.013878884422756605
leaf_weight=6.0109302327036849 10.208421006798746 49.125688940286636 8.6017249748110789 189.65931394323707 206.25846592336893 184.93878629431129 214.68762014061213 17.493859820067883 8.61652624607086 15.989657461643217 50.246693342924118 6.3914833366870871 457.87654553353786 19.118156641721725
leaf_count=28 31 248 43 705 533 783 599 63 22 45 94 24 1038 42
internal_value=0.00474866 0.00188745 0.00898019 -0.000891115 0.00343081 -0.00820161 0.0123597 -0.0196018 0.00916182 0.00765514 0.0184184 -0.0235434 0.00864324 0.00203332
internal_weight=1445.22 876.776 246.794 629.982 395.918 234.064 220.699 26.0956 568.447 488.874 79.5733 15.008 473.866 29.3266
internal_count=4298 3002 733 2269 1238 1031 627 106 1296 1129 167 46 1083 73
is_linear=0
shrinkage=0.03


Tree=67
num_leaves=14
num_cat=0
split_feature=29 25 14 14 26 11 1 15 5 5 15 27 22
split_gain=19.3431 16.4066 15.0717 15.7479 20.5347 14.7368 17.0819 13.2479 10.3103 9.80151 4.50525 0.879813 0.0626319
threshold=0.032398442985910422 -0.001013258929688022 0.95962076660378981 0.89861209281220322 0.00070918751264916694 0.024940643160272599 0.020474667162901666 -0.0090665431264027856 0.00059689203890117136 0.014303691987100927 0.0043567965432092593 0.0030298896351215344 27405807.662500005
decision_type=2 2 2 2 2 2 2 2 2 2 2 2 2
left_child=2 8 3 7 -5 6 -3 -1 -2 -7 -4 -10 -12
right_child=1 5 10 4 -6 9 -8 -9 11 -11 12 -13 -14
leaf_value=0.01626510251650954 0.00088711019344003621 -0.013771751034749017 0.0096834497808375424 0.043300608736411395 -0.012712007503087625 0.014832451858886367 0.0049906733649529673 -0.0069343975485195554 0.033075491710786172 -0.012967020795893038 -0.034627475448916055 0.045759929079360502 -0.03977901515188241
leaf_weight=25.357520140707493 8.482626140117647 45.819247521460056 1.9964262321591366 15.04593672975898 9.6806567907333356 184.46845026314259 931.79578058421612 175.29404144361615 8.6076137721538561 12.167552158236502 2.673981048166751 11.491994619369505 10.327906608581541
leaf_count=77 23 176 12 45 51 408 2479 875 15 35 26 17 59
internal_value=0.0046126 0.00616521 -0.0031566 -0.00121874 0.0213712 0.00561858 0.00411131 -0.00400254 0.0286226 0.0131123 -0.0322766 0.0403278 -0.0387195
internal_weight=1443.21 1202.83 240.376 225.378 24.7266 1174.25 977.615 200.652 28.5822 196.636 14.9983 20.0996 13.0019
internal_count=4298 3153 1145 1048 96 3098 2655 952 55 443 97 32 85
is_linear=0
shrinkage=0.03


Tree=68
num_leaves=13
num_cat=0
split_feature=29 25 28 13 8 25 14 29 7 21 23 0
split_gain=19.0412 18.534 41.6004 18.5868 25.1354 17.7952 9.62958 0.427513 0.022743 0.00458744 0.00171396 0.0015987
threshold=0.019547370574449802 -0.0003944043076717358 -0.0018901392030305113 0.026413257492369887 -0.026558008563271791 -0.00044161127236986788 0.98237805006421375 0.046990592787040306 2885964.2120000003 497733.50000000006 1.2066543549439095 0.00020283717647741776
decision_type=2 2 2 2 2 2 2 2 2 2 2 2
left_child=8 2 7 4 -3 -4 -5 -2 10 -10 -1 -12
right_child=1 3 5 6 -6 -7 -8 -9 9 -11 11 -13
leaf_value=-0.032624778475389742 -0.044497778830855962 -0.054499373852962781 0.010446742799513176 0.0092500235781203203 0.0013000146896039208 0.031472184091323609 -0.014715038024374617 -0.058200654838597314 -0.035368780197065075 -0.037015844595090726 -0.033273204042738473 -0.034596192257036716
leaf_weight=1.4416028559207896 3.8222878202795965 7.3320354595780364 112.47731118649244 432.06574237346649 801.47523912787437 53.442701518535614 15.63621900975704 4.4171647429466248 2.8371922224760056 3.2829488888382912 1.843350484967232 1.4837181419134138
leaf_count=21 19 33 299 1055 2612 110 50 18 23 22 22 14
internal_value=0.00447926 0.00478006 0.0139517 0.00350882 0.00079418 0.017219 0.00841303 -0.0518439 -0.035042 -0.0362523 -0.0334888 -0.0338632
internal_weight=1441.56 1430.67 174.159 1256.51 808.807 165.92 447.702 8.23945 10.8888 6.12014 4.76867 3.32707
internal_count=4298 4196 446 3750 2645 409 1105 37 102 45 57 36
is_linear=0
shrinkage=0.03


Tree=69
num_leaves=13
num_cat=0
split_feature=29 25 28 22 26 25 13 29 7 21 7 22
split_gain=18.2811 17.5023 39.3881 17.791 18.7975 16.8527 9.30617 0.365761 0.0204879 0.00411852 0.00147805 0.000949302
threshold=0.019547370574449802 -0.0003944043076717358 -0.0018901392030305113 8976196.342000002 -0.0041414891423022836 -0.00044161127236986788 0.030763294280848969 0.046990592787040306 2885964.2120000003 497733.50000000006 1138091.9525000004 8615392.5570000019
decision_type=2 2 2 2 2 2 2 2 2 2 2 2
left_child=8 2 7 6 -5 -4 -3 -2 10 -10 11 -1
right_child=1 3 5 4 -6 -7 -8 -9 9 -11 -12 -13
leaf_value=-0.032346336099435179 -0.043905295408447155 -0.026974219571520099 0.010143890991357922 0.022548918654230435 0.0031857371895122437 0.030631488432350681 0.033851193193288623 -0.05664719839806838 -0.035184441281569827 -0.036763995331892785 -0.033946946392970433 -0.033528942530567776
leaf_weight=1.3686620295047744 3.7586152181029302 23.549963396042589 112.3620920330286 46.911212436854839 1183.1713026538491 53.264870569109917 2.5045905709266654 4.4023593068122864 2.7675474882125854 3.2074172496795654 2.171121783554554 1.1033835485577581
leaf_count=22 19 181 299 104 3460 110 5 18 23 22 22 13
internal_value=0.00434789 0.00463911 0.0135623 0.00340457 0.00392418 0.0167326 -0.0211272 -0.0507788 -0.0348707 -0.0360324 -0.0333758 -0.0328742
internal_weight=1440.54 1429.93 173.788 1256.14 1230.08 165.627 26.0546 8.16097 10.6181 5.97496 4.64317 2.47205
internal_count=4298 4196 446 3750 3564 409 186 37 102 45 57 35
is_linear=0
shrinkage=0.03


Tree=70
num_leaves=15
num_cat=0
split_feature=29 25 28 28 28 26 9 20 22 26 5 9 6 28
split_gain=18.1851 16.7729 31.7521 25.563 30.5819 24.9059 22.5963 20.419 8.42084 16.4025 14.3542 11.0462 9.62413 9.17123
threshold=0.055500181094657791 -0.000152581626249253 -0.0005329108955699184 -0.00029460343481942905 -0.00079693146320544662 -0.0014017304807643852 4.7036814134785638 -0.00038876385038259646 39370632.832500003 0.004252203386569813 -0.0035931143265720438 0.40830953169482126 240154.50000000003 0.001428606758500267
decision_type=2 2 2 2 2 2 2 2 2 2 2 2 2 2
left_child=1 2 7 4 -3 -5 -4 -1 12 11 -11 -10 13 -2
right_child=8 3 6 5 -6 -7 -8 -9 9 10 -12 -13 -14 -15
leaf_value=-0.0014099016015992213 0.00565767869558499 -0.00096815383556519822 0.018835293528824432 0.066694239364143565 0.020744100220695241 -0.0072047225295974199 -0.016594313974965646 -0.044210723922329102 -0.018921082785198971 0.011783076457055536 -0.042032124792988568 0.0088329146224943849 0.044328084798430006 0.028973802508785923
leaf_weight=60.934693746268749 45.63160015642643 185.3565728366375 155.22270181775093 4.1527514383196822 85.230710126459599 353.8512863740325 18.089203856885433 12.008603326976298 13.284200727939604 7.3992750942707088 11.232587635517119 453.76924246549606 10.449413448572157 22.753884822130203
leaf_count=204 110 657 398 8 229 1375 72 59 39 17 41 1032 15 42
internal_value=0.00422079 0.00151205 0.00814873 -0.00108792 0.00587086 -0.00634751 0.0151374 -0.00845617 0.00841856 0.00694238 -0.0206605 0.00804352 0.017513 0.0134156
internal_weight=1439.37 874.847 246.255 628.591 270.587 358.004 173.312 72.9433 564.52 485.685 18.6319 467.053 78.8349 68.3855
internal_count=4298 3002 733 2269 886 1383 470 263 1296 1129 58 1071 167 152
is_linear=0
shrinkage=0.03


Tree=71
num_leaves=13
num_cat=0
split_feature=29 26 6 5 5 26 26 26 6 14 5 29
split_gain=17.5713 19.5303 18.4607 19.0781 18.3273 13.0367 21.3892 23.0614 21.1245 7.0858 3.21628 0.235311
threshold=0.043807468164590038 0.0043251658438928442 519568.50000000006 0.0078172716425997813 0.0011297840257368673 -0.0041414891423022836 -0.0029235678665586406 -0.0021628146381917901 323885.00000000006 0.019449848681356442 -0.0022211198183316938 0.034545623563042784
decision_type=2 2 2 2 2 2 2 2 2 2 2 2
left_child=1 2 3 -1 -4 9 8 -8 -7 -2 -11 -3
right_child=5 11 4 -5 -6 6 7 -9 -10 10 -12 -13
leaf_value=-3.6394269247765424e-05 -0.055380872916123786 -0.03873604123769743 -0.00061287885001889552 -0.018984276647015654 0.021604724562210138 0.0020540464769964665 0.021127055274169745 0.0052814947701410042 -0.038463007543150858 0.0075686906066648437 0.031083283691708385 -0.04880075970177529
leaf_weight=342.96759043633938 0.97281259298324485 3.4939565993845445 68.648213014006615 55.574887655675411 65.107163995504379 30.655075624585152 93.412774741649628 718.35877323150635 18.61297182738781 6.4294921904802314 28.179602861404419 5.2052849233150482
leaf_count=1407 4 23 225 270 166 90 192 1761 70 15 52 23
internal_value=0.00409911 -0.000170695 0.000557992 -0.00267859 0.0102018 0.0066754 0.00594003 0.00710489 -0.0132529 0.0244704 0.0267149 -0.0447584
internal_weight=1437.62 540.997 532.298 398.542 133.755 896.622 861.04 811.772 49.268 35.5819 34.6091 8.69924
internal_count=4298 2114 2068 1677 391 2184 2113 1953 160 71 67 46
is_linear=0
shrinkage=0.03


Tree=72
num_leaves=13
num_cat=0
split_feature=29 25 28 28 28 25 25 29 7 21 22 7
split_gain=17.3121 16.255 36.8866 16.9446 19.4175 19.2053 15.7281 0.329564 0.018402 0.00388199 0.00137651 0.000889511
threshold=0.019547370574449802 -0.0003944043076717358 -0.0018901392030305113 -0.0027348552634087367 -0.0017935990119944084 0.00023051528958966649 -0.00044161127236986788 0.046990592787040306 2885964.2120000003 497733.50000000006 12596584.209500002 1138091.9525000004
decision_type=2 2 2 2 2 2 2 2 2 2 2 2
left_child=8 2 7 5 -5 -3 -4 -2 10 -10 11 -1
right_child=1 3 6 4 -6 -7 -8 -9 9 -11 -12 -13
leaf_value=-0.032466248422821177 -0.043188292220202436 0.030376379998011366 0.0095733666289437823 -0.016482279274635726 0.0031189734814020755 -0.011776153235909602 0.029421810942658489 -0.055375379732885616 -0.034986356183307976 -0.036540299555280202 -0.034041091481122977 -0.033493392151388662
leaf_weight=1.7399319745600208 3.6711536347866041 38.956932213157415 111.86305841803551 47.352421432733536 1153.3888373449445 12.965386293828486 52.933092385530472 4.3792062103748322 2.6873754486441612 3.1343819946050644 1.4266208894550798 1.3456718698143957
leaf_count=27 19 81 299 169 3452 48 110 18 23 22 15 15
internal_value=0.00398105 0.00426152 0.0128857 0.00307154 0.00234598 0.0198506 0.0159488 -0.0498178 -0.0347085 -0.035823 -0.0332705 -0.0329142
internal_weight=1435.84 1425.51 172.847 1252.66 1200.74 51.9223 164.796 8.05036 10.334 5.82176 4.51222 3.0856
internal_count=4298 4196 446 3750 3621 129 409 37 102 45 57 42
is_linear=0
shrinkage=0.03


Tree=73
num_leaves=15
num_cat=0
split_feature=7 25 25 26 26 26 5 13 14 7 8 3 8 5
split_gain=17.0203 15.7292 19.5212 20.7608 16.5391 26.2747 11.5704 13.9504 11.4572 8.02536 7.40919 12.4454 3.98693 3.52758
threshold=1305474.1010000003 -0.0003944043076717358 -0.00044161127236986788 -0.0008287395515191306 -0.0041414891423022836 -0.0029235678665586406 0.0069255418836976805 0.017037038223017376 0.039228344662595178 1771685.2290000003 -0.0054905086268133519 0.12396755920822379 0.010883000652809094 0.0034957273424552167
decision_type=2 2 2 2 2 2 2 2 2 2 2 2 2 2
left_child=6 2 3 -2 8 -6 10 12 -3 -4 11 -1 -8 -12
right_child=1 4 9 -5 5 -7 7 -9 -10 -11 13 -13 -14 -15
leaf_value=-0.023751525975923279 -0.013394499065487557 -0.030307865776750889 -0.05582563248638181 0.014643119571861773 -0.014712378559828199 0.0038094784856729643 -0.035643279625391537 0.034780798557028432 0.025477494229183387 0.030853738256464206 -0.036740377584815055 0.036575998676495719 0.016137646203298994 -0.0081688371013377784
leaf_weight=9.3326250053942186 33.511675342917442 3.597585678100585 0.98102228343486686 81.753013402223587 73.550587058067322 1097.3757433965802 5.1830875277519217 8.6096578538417798 41.952620536088943 47.907616972923279 20.026531130075458 4.5919972434639922 1.8040712624788282 4.8264128901064387
leaf_count=68 117 13 4 193 263 3149 45 29 90 94 175 17 11 30
internal_value=0.00386386 0.00451225 0.0132292 0.00649155 0.00333598 0.00264605 -0.0125996 0.00922124 0.0210715 0.0291144 -0.0213762 -0.003857 -0.0222735 -0.0311918
internal_weight=1435 1380.63 164.153 115.265 1216.48 1170.93 54.3744 15.5968 45.5502 48.8886 38.7776 13.9246 6.98716 24.8529
internal_count=4298 3923 408 310 3515 3412 375 85 103 98 290 85 56 205
is_linear=0
shrinkage=0.03


Tree=74
num_leaves=15
num_cat=0
split_feature=29 7 9 21 25 8 26 7 26 3 10 8 0 8
split_gain=16.6463 16.3036 18.2966 28.1977 16.1828 10.8469 12.103 8.71237 13.6425 10.2376 9.24049 9.10305 8.66882 4.10896
threshold=0.055500181094657791 1138091.9525000004 1.7749908674607224 265719.50000000006 -0.000152581626249253 0.0038780927558739117 -0.0016319924737573657 42371306.351500012 0.004252203386569813 0.057916778196033684 0.020561696354762508 -1.0000000180025095e-35 -0.0010999506830339947 0.0051184408341578775
decision_type=2 2 2 2 2 2 2 2 2 2 2 2 2 2
left_child=1 5 4 -4 -3 -1 -7 10 9 -9 12 -10 -2 -12
right_child=7 2 3 -5 -6 6 -8 8 11 -11 13 -13 -14 -15
leaf_value=-0.028961234731223334 -0.0020382155037299379 0.014426514636663479 -0.014167335130118183 0.0031992597622421386 0.0022903666542173906 0.057985375058870824 -0.010999868704753763 -0.0088801193877588707 -0.0027292189851091751 0.0078780743128391718 0.020080760947934387 -0.055063498626255036 0.014137084716315005 0.04238647456911139
leaf_weight=26.046267215162516 40.433517396450043 142.4184353351593 130.27066042274237 237.64467767626047 323.51086407899857 2.9490494839847079 10.224859260022638 36.516650587320328 6.6638956516981125 323.09864744544029 23.805314570665359 5.4276166409254056 113.59319810569286 10.806792661547659
leaf_count=231 104 350 593 726 1018 12 72 98 18 743 48 22 247 16
internal_value=0.00375195 0.00116195 0.00205105 -0.00294987 0.00599997 -0.0177409 0.00444284 0.00778739 0.00512251 0.00617639 0.0130384 -0.0262209 0.00989091 0.0270452
internal_weight=1433.41 873.065 833.845 367.915 465.929 39.2202 13.1739 560.346 371.707 359.615 188.639 12.0915 154.027 34.6121
internal_count=4298 3002 2687 1319 1368 315 84 1296 881 841 415 40 351 64
is_linear=0
shrinkage=0.03


Tree=75
num_leaves=13
num_cat=0
split_feature=29 25 28 13 8 25 25 29 7 7 7 10
split_gain=16.255 14.1989 34.2489 16.4701 23.701 14.1457 9.19879 0.280784 0.0177123 0.00246884 0.00141829 0.000595275
threshold=0.019547370574449802 -0.0003944043076717358 -0.0018901392030305113 0.026413257492369887 -0.026558008563271791 -0.00044161127236986788 -3.0305715736434386e-05 0.046990592787040306 2885964.2120000003 20527396.419000003 1138091.9525000004 0.0032664723126727764
decision_type=2 2 2 2 2 2 2 2 2 2 2 2
left_child=8 2 7 4 -3 -4 -5 -2 10 -10 11 -1
right_child=1 3 5 6 -6 -7 -8 -9 9 -11 -12 -13
leaf_value=-0.032144307268734268 -0.042613969362221948 -0.053692215758565295 0.0089139230415155417 0.0012854462487830209 0.00073597599173327855 0.027835405840781379 0.010468706637505846 -0.053946860033721261 -0.035085452389719586 -0.036345113887387093 -0.033657035831977093 -0.0331334292555144
leaf_weight=1.292754359543322 3.5911295041441909 7.2660105973482123 111.1683392226696 146.4712251573801 798.34552210196853 52.283693738281727 297.69693868607283 4.3521064519882202 3.1857630386948586 2.4985881671309471 2.0353740379214287 0.95001027733087529
leaf_count=22 19 33 299 383 2612 110 722 18 27 18 22 13
internal_value=0.00364505 0.00391274 0.0120101 0.00280227 0.000245075 0.0149664 0.00744039 -0.0488233 -0.0345418 -0.0356391 -0.0330837 -0.0325633
internal_weight=1431.14 1421.17 171.395 1249.78 805.612 163.452 444.168 7.94324 9.96249 5.68435 4.27814 2.24276
internal_count=4298 4196 446 3750 2645 409 1105 37 102 45 57 35
is_linear=0
shrinkage=0.03


Tree=76
num_leaves=15
num_cat=0
split_feature=22 26 26 28 6 22 14 23 14 14 20 20 14 18
split_gain=15.519 14.4339 26.5208 22.7467 17.5061 11.7846 11.8903 8.82472 8.50526 7.05948 6.80836 3.51539 3.34285 0.17144
threshold=8351498.1295000007 -0.0041414891423022836 -0.0029235678665586406 -0.0020207740724513309 313012.00000000006 55699945.191000007 0.039228344662595178 0.54927419376985676 0.87386539309616151 0.12814977060927027 -0.011174086144801537 0.0011936947281244417 0.86591484282204967 0.01762496688859749
decision_type=2 2 2 2 2 2 2 2 2 2 2 2 2 2
left_child=7 5 4 -4 -3 10 -7 8 9 -1 -2 13 -13 -9
right_child=1 2 3 -5 -6 6 -8 11 -10 -11 -12 12 -14 -15
leaf_value=0.024120249806139662 -0.037788285421389727 -0.003276833550012992 0.034125149167503081 0.0039071973209882658 -0.033600232212667926 -0.027535275108876645 0.033311644214838947 -0.034915362174189286 0.040476752278345345 -0.043867389042503369 0.014255403187525988 0.019771657621413655 -0.034598237753317745 -0.043170637797091821
leaf_weight=2.2487661764025706 4.2462533116340637 49.089507978409529 22.826931700110435 1256.9137754514813 26.32263956964016 3.1619923561811438 33.651658996939659 12.563439305871727 3.7696782127022743 3.5356779731810093 4.8419739976525289 2.2223154678940764 1.8776678033173082 2.7617786340415469
leaf_count=7 18 174 42 3653 102 11 62 129 12 25 15 10 21 17
internal_value=0.00353837 0.00398783 0.00342742 0.0044462 -0.0138612 0.0205327 0.0280854 -0.0181918 0.00541381 -0.0174364 -0.0100607 -0.029802 -0.0051281 -0.0364031
internal_weight=1430.03 1401.05 1355.15 1279.74 75.4121 45.9019 36.8137 28.9793 9.55412 5.78444 9.08823 19.4252 4.09998 15.3252
internal_count=4298 4077 3971 3695 276 106 73 221 44 32 33 177 31 146
is_linear=0
shrinkage=0.03


Tree=77
num_leaves=14
num_cat=0
split_feature=29 7 25 4 25 8 7 10 25 7 1 4 8
split_gain=15.4641 15.1451 14.2283 12.6685 11.5026 11.0016 8.28693 8.7855 8.77935 8.36495 7.53119 5.86444 4.01625
threshold=0.055500181094657791 1305474.1010000003 0.00035709747270263323 102.50000000000001 0.00034777579305308954 0.012548219784249923 42371306.351500012 0.020561696354762508 -0.001013258929688022 40669663.915500008 0.021962916778903715 317.50000000000006 0.0051184408341578775
decision_type=2 2 2 2 2 2 2 2 2 2 2 2 2
left_child=1 5 4 -4 -3 11 7 9 -8 -2 -10 -1 -9
right_child=6 2 3 -5 -6 -7 8 12 10 -11 -12 -13 -14
leaf_value=-0.027008178059459965 0.0078123024801394362 0.0031360589804671369 -0.022045176660070977 -0.0012619662722918687 0.036332955794745228 0.038616218071677838 0.036709628832231334 0.019330000475088243 -0.018489336026961341 0.040101831480501324 0.0048943544772226668 -0.0042044697008579782 0.04156409500030428
leaf_weight=29.634351335465908 145.78744894266129 685.41500663012266 37.164452157914639 91.100952308624983 9.5243815407156927 3.1707147508859626 7.5692950189113608 23.530052006244659 12.851929798722265 7.597032129764556 349.38883790373802 15.437016949057577 10.608235061168669
leaf_count=243 339 2144 160 313 21 11 13 48 38 12 830 110 16
internal_value=0.00343515 0.00093919 0.0018966 -0.00728383 0.00359103 -0.015398 0.00733785 0.012475 0.0047329 0.00941158 0.00406473 -0.0191979 0.0262391
internal_weight=1428.78 871.447 823.205 128.265 694.939 48.2421 557.333 187.523 369.81 153.384 362.241 45.0714 34.1383
internal_count=4298 3002 2638 473 2165 364 1296 415 881 351 868 353 64
is_linear=0
shrinkage=0.03


Tree=78
num_leaves=13
num_cat=0
split_feature=29 25 28 28 28 25 25 29 7 21 7 10
split_gain=15.2998 13.2956 32.4595 15.2467 18.1651 16.5171 13.6555 0.247588 0.0166473 0.00333706 0.00126728 0.000538325
threshold=0.019547370574449802 -0.0003944043076717358 -0.0018901392030305113 -0.0027348552634087367 -0.0017935990119944084 0.00023051528958966649 -0.00044161127236986788 0.046990592787040306 2885964.2120000003 336341.00000000006 1138091.9525000004 0.0032664723126727764
decision_type=2 2 2 2 2 2 2 2 2 2 2 2
left_child=8 2 7 5 -5 -3 -4 -2 10 -10 11 -1
right_child=1 3 6 4 -6 -7 -8 -9 9 -11 -12 -13
leaf_value=-0.032003146597579003 -0.042202647946557564 0.028447471492426952 0.0083739103287606212 -0.016500513305095603 0.0025776352925530018 -0.010874361719300507 0.027023414099990189 -0.05290606906269562 -0.034530407887528036 -0.036039102765661982 -0.033476505249481925 -0.032969630815908042
leaf_weight=1.213077444583176 3.534643091261386 38.256782941520214 110.63116888701916 46.743372589349747 1149.3285129256546 12.841140903532503 51.91865212470293 4.3249624818563461 2.1625149436295033 3.3846855014562607 1.9475192055106161 0.90610007196664799
leaf_count=22 19 81 299 169 3452 48 110 18 20 25 22 13
internal_value=0.0033358 0.0035916 0.0114515 0.00251764 0.00183205 0.0185657 0.0143306 -0.0480925 -0.0343821 -0.035451 -0.0329241 -0.0324164
internal_weight=1427.19 1417.58 170.409 1247.17 1196.07 51.0979 162.55 7.85961 9.6139 5.5472 4.0667 2.11918
internal_count=4298 4196 446 3750 3621 129 409 37 102 45 57 35
is_linear=0
shrinkage=0.03


Tree=79
num_leaves=15
num_cat=0
split_feature=29 14 25 28 28 25 28 14 8 15 6 7 27 7
split_gain=14.779 17.7589 14.2645 12.5645 20.4923 16.6893 12.1269 20.3858 10.0049 5.64367 1.73307 0.0888892 0.0448287 0.00720287
threshold=0.036353157550292066 0.97877366407089339 -0.001013258929688022 -0.0027348552634087367 -0.0022528163596820697 0.00023051528958966649 6.3173955167975042e-05 0.92372745379274568 0.0044627742725247268 -0.00041606651739329833 106642.50000000001 2093461.6535000002 0.019029216587839046 1019230.4320000003
decision_type=2 2 2 2 2 2 2 2 2 2 2 2 2 2
left_child=1 6 9 5 -5 -4 7 -1 -8 -2 -11 13 -13 -3
right_child=2 11 3 4 -6 -7 8 -9 -10 10 -12 12 -14 -15
leaf_value=0.00053124289865616665 0.00069055613675265005 -0.033370897680722919 0.031182836366143045 -0.030029759674019146 0.004245477407033427 -0.012595930040223911 -0.0033587361030582136 0.034358264493617764 -0.023018621177984557 0.023279976958904956 0.041456055004605176 -0.038501942931747343 -0.042946761563879318 -0.036182533350710214
leaf_weight=176.67321369051933 5.7123112678527859 1.523163273930549 31.845618933439255 15.945303395390509 1016.2169374451041 10.395322300493715 88.808155369013548 17.634458370506763 31.581022396683693 7.6461053788661983 12.342355906963347 4.0943260565400106 4.0743829160928726 1.776395611464977
leaf_count=719 15 19 60 65 2618 37 436 55 180 15 20 25 21 13
internal_value=0.00323781 -0.00237062 0.00490063 0.00437228 0.00371598 0.0204091 -0.00103429 0.00360123 -0.008516 0.026988 0.0345032 -0.0390403 -0.0407189 -0.0348846
internal_weight=1426.27 326.165 1100.1 1074.4 1032.16 42.2409 314.697 194.308 120.389 25.7008 19.9885 11.4683 8.16871 3.29956
internal_count=4298 1468 2830 2780 2683 97 1390 774 616 50 35 78 46 32
is_linear=0
shrinkage=0.03


Tree=80
num_leaves=13
num_cat=0
split_feature=29 26 6 9 26 5 21 29 7 21 7 22
split_gain=14.5753 12.9422 14.6748 24.5925 18.5479 13.0659 12.5812 9.42103 0.0148983 0.00313776 0.00112616 0.000571995
threshold=0.019547370574449802 0.004252203386569813 39607.500000000007 2.2387634641110501 -0.0047244607365594495 -0.0009080660552582329 208129.00000000003 0.044225725220021377 2885964.2120000003 336341.00000000006 1138091.9525000004 8615392.5570000019
decision_type=2 2 2 2 2 2 2 2 2 2 2 2
left_child=8 2 3 -2 -4 7 -7 -3 10 -10 11 -1
right_child=1 5 4 -5 -6 6 -8 -9 9 -11 -12 -13
leaf_value=-0.03187576998236008 0.0022821662025141213 -0.030038781376684677 0.031120807911844153 -0.019335196552602612 0.0049920369525274944 -0.0033233530099595998 -0.048727366787135878 0.011991523818703175 -0.034337642036185625 -0.035822404535066216 -0.033347975056528804 -0.032881477187861642
leaf_weight=1.1199531480669964 248.34237039834261 6.2372084967792061 25.043357670307159 58.524610389024019 1033.9865899085999 9.8214656263589877 12.461655333638189 20.825808420777321 2.0942849367856979 3.2986687049269676 1.8880130872130392 0.93295714259147633
leaf_count=22 939 30 49 305 2741 32 50 50 20 25 22 13
internal_value=0.00314433 0.00339076 0.00393605 -0.00184062 0.00560992 -0.0117028 -0.0287152 0.00230481 -0.0342212 -0.0352458 -0.0328192 -0.0323328
internal_weight=1424.58 1415.24 1365.9 306.867 1059.03 49.3461 22.2831 27.063 9.33388 5.39295 3.94092 2.05291
internal_count=4298 4196 4034 1244 2790 162 82 80 102 45 57 35
is_linear=0
shrinkage=0.03


Tree=81
num_leaves=12
num_cat=0
split_feature=22 26 26 28 6 22 29 14 25 12 27
split_gain=14.1905 12.9972 23.3415 19.6878 16.6777 10.8928 13.7948 11.1838 6.72457 7.38098 1.95231
threshold=8351498.1295000007 -0.0041414891423022836 -0.0029235678665586406 -0.0020207740724513309 313012.00000000006 55699945.191000007 0.057957695336936739 0.039228344662595178 -0.00044161127236986788 -0.012054845775160018 0.018778800751754813
decision_type=2 2 2 2 2 2 2 2 2 2 2
left_child=8 5 4 -4 -3 6 -2 -7 -1 -10 -11
right_child=1 2 3 -5 -6 7 -8 -9 9 10 -12
leaf_value=0.013897746358255379 -0.045736451445997819 -0.0029829723878818087 0.03182530576056207 0.0034086838318042731 -0.032702410337491439 -0.02711245377766807 0.028603878754106717 0.031953034624762476 0.006655981647556459 -0.036777908265387717 -0.00068499237030625597
leaf_weight=4.9049399979412582 4.6935451626777631 48.829061910510063 22.33408796787262 1252.8525966182351 26.065850302577019 3.1638063192367545 4.3089467883110046 32.753021746873856 5.2222630940377739 16.580924000591043 1.468238316476344
leaf_count=19 25 174 42 3653 102 11 8 62 27 165 10
internal_value=0.00305287 0.00347861 0.00295041 0.00390638 -0.0133263 0.019354 -0.0101542 0.0267501 -0.0180254 -0.0247539 -0.0338419
internal_weight=1423.18 1395 1350.08 1275.19 74.8949 44.9193 9.00249 35.9168 28.1764 23.2714 18.0492
internal_count=4298 4077 3971 3695 276 106 33 73 221 202 175
is_linear=0
shrinkage=0.03


Tree=82
num_leaves=15
num_cat=0
split_feature=29 7 9 21 26 12 25 7 28 9 26 15 7 14
split_gain=14.0563 13.7354 15.351 24.1789 13.6642 11.1596 9.30055 8.0414 13.0475 21.0123 19.3391 8.54201 8.32613 5.04647
threshold=0.055500181094657791 1305474.1010000003 1.7749908674607224 265719.50000000006 0.0037406275184988431 -0.029211578612028277 -0.00010520802191165431 42371306.351500012 0.001907837627554554 1.4200262155229615 0.00066603979671278569 0.0093657623275246408 39514566.549500011 0.93103448275862233
decision_type=2 2 2 2 2 2 2 2 2 2 2 2 2 2
left_child=1 5 4 -4 -3 -1 -7 11 10 -10 -9 12 -2 -13
right_child=7 2 3 -5 -6 6 -8 8 9 -11 -12 13 -14 -15
leaf_value=0.061530458221808075 0.0065017930732348926 0.0065568484408688298 -0.013663991651271213 0.0025554071725309717 -0.013927967164778801 0.0016079802989663505 -0.027271701873942334 0.0012340428732949924 -0.028029211847843748 0.0073204429621459626 0.017156980118279697 0.031022598143361359 0.034797343294258043 0.0074379352679335691
leaf_weight=1.6500078290700901 136.38029925525188 426.15684630721807 127.08404372632504 236.95453610271215 31.470597505569458 14.869981091469525 30.873288281261921 201.47700116038322 27.416630744934082 33.779793217778206 104.12791177630424 28.039777219295502 10.049076393246649 11.519924610853193
leaf_count=3 321 1225 576 724 113 84 277 501 87 78 215 50 17 27
internal_value=0.00296399 0.000585039 0.00149083 -0.0031067 0.00514813 -0.0151188 -0.0178836 0.00670402 0.00412749 -0.00851657 0.00665942 0.0117854 0.00844364 0.0241547
internal_weight=1421.85 869.059 821.666 364.039 457.627 47.3933 45.7433 552.79 366.801 61.1964 305.605 185.989 146.429 39.5597
internal_count=4298 3002 2638 1300 1338 364 361 1296 881 165 716 415 338 77
is_linear=0
shrinkage=0.03


Tree=83
num_leaves=11
num_cat=0
split_feature=29 11 1 29 22 26 28 22 6 6
split_gain=13.7082 12.3688 18.5481 16.961 9.76531 8.49622 3.88818 0.0119109 0.0033128 0.00148734
threshold=0.019547370574449802 0.024940643160272599 0.01212445159897179 0.020007434860058581 15625168.667500002 0.002604553764449988 0.0022800442340702607 17291020.811000004 56685.000000000007 16602.000000000004
decision_type=2 2 2 2 2 2 2 2 2 2
left_child=7 2 6 -4 -3 -6 -2 9 -9 -1
right_child=1 4 3 -5 5 -7 -8 8 -10 -11
leaf_value=-0.032015848627611365 -0.039828510204562358 0.038146170814581278 0.022198510414290284 0.001686754747331389 0.0041434743811972295 0.017414071480274216 0.0046092960759791541 -0.034180644693057406 -0.035663389071567624 -0.03325596859511358
leaf_weight=1.5364714302122577 11.459857303649185 10.405887022614477 37.465299844741821 1148.5256351716816 137.28369869291782 63.504939362406731 2.0962319299578658 2.6008625142276287 2.833677627146244 2.0078648328781128
leaf_count=29 79 20 97 3498 348 142 12 26 22 25
internal_value=0.00287938 0.00311456 0.00193589 0.00233472 0.00980923 0.00834067 -0.0329569 -0.0340714 -0.0349538 -0.0327184
internal_weight=1419.72 1410.74 1199.55 1185.99 211.195 200.789 13.5561 8.97888 5.43454 3.54434
internal_count=4298 4196 3686 3595 510 490 91 102 48 54
is_linear=0
shrinkage=0.03


Tree=84
num_leaves=13
num_cat=0
split_feature=29 26 10 1 9 5 21 12 7 21 7 22
split_gain=13.1947 12.0806 14.4078 19.7791 15.3788 12.3515 11.8599 10.7104 0.0126651 0.00271734 0.000874077 0.000519088
threshold=0.019547370574449802 0.004252203386569813 0.0018613500675238115 0.029596736836521004 1.5589255106524986 -0.0009080660552582329 208129.00000000003 -0.0030305611714053649 2885964.2120000003 336341.00000000006 1256380.5090000003 8615392.5570000019
decision_type=2 2 2 2 2 2 2 2 2 2 2 2
left_child=8 2 4 -4 -2 7 -7 -3 10 -10 11 -1
right_child=1 5 3 -5 -6 6 -8 -9 9 -11 -12 -13
leaf_value=-0.03175106011940939 0.0041911061286713765 0.014704039330601031 0.00064311829725917618 0.011154074205984963 -0.0048789025365409099 -0.0034785046612225879 -0.04767501091265617 -0.02630096877491412 -0.034023903184203792 -0.03544476645587074 -0.033125330777083656 -0.032699363848134613
leaf_weight=1.1407451629638661 419.19910067692399 18.598551817238334 278.39899184927344 382.5005979090929 281.0471680983901 9.7755908593535441 12.390727087855337 8.287512004375456 1.9685159362852571 3.1495453417301178 1.534747429192066 0.95393152534961689
leaf_count=24 1177 48 935 955 967 32 50 32 20 25 19 14
internal_value=0.0027944 0.00302224 0.00354935 0.00672641 0.000550815 -0.0116045 -0.0281839 0.00206442 -0.033937 -0.0348983 -0.0325814 -0.0321829
internal_weight=1418.95 1410.2 1361.15 660.9 700.246 49.0524 22.1663 26.8861 8.74749 5.11806 3.62942 2.09468
internal_count=4298 4196 4034 1890 2144 162 82 80 102 45 57 38
is_linear=0
shrinkage=0.03


Tree=85
num_leaves=15
num_cat=0
split_feature=29 14 14 21 14 5 10 7 28 9 28 15 7 7
split_gain=12.8936 13.1654 17.4642 16.7233 13.2669 12.4789 9.72394 7.62427 12.1911 19.7025 18.8866 8.0221 7.97361 6.18161
threshold=0.055500181094657791 0.9846490489816534 0.62234545482804549 3867287.0000000005 0.57274946236746671 0.0036950275952210968 0.0039803344631585118 42371306.351500012 0.001907837627554554 1.3475263027534516 0.001428606758500267 0.0093657623275246408 39514566.549500011 132557633.67
decision_type=2 2 2 2 2 2 2 2 2 2 2 2 2 2
left_child=1 2 4 -4 -1 6 -3 11 10 -10 -9 12 -2 -7
right_child=7 5 3 -5 -6 13 -8 8 9 -11 -12 -13 -14 -15
leaf_value=-0.0014343514719875861 0.0061461053535548666 0.027261703315884032 0.0042284673296722987 0.028468947385289139 -0.023186491493513244 -0.013730605118807986 -0.040848372456285947 0.0037347301894815679 -0.028215687955284938 0.0062391709923480818 0.028472649702798853 0.023361582154707069 0.034010896602642636 0.034477193715470693
leaf_weight=449.4996594414115 135.98976141214371 2.11908388137818 334.66928485780954 27.737167075276375 26.736349165439606 5.2096648029983026 17.189814262092113 273.32888133823872 26.020851522684097 35.066715210676193 30.917862460017204 38.96943886578083 9.9163849204778654 4.4292100369930267
leaf_count=1578 321 7 1122 57 115 23 92 660 83 82 56 77 17 8
internal_value=0.0027127 0.000434413 0.00112101 0.00608374 -0.00265554 -0.0194568 -0.0333735 0.00630518 0.003793 -0.00843722 0.00624862 0.0112695 0.00803991 0.00842161
internal_weight=1417.8 867.59 838.642 362.406 476.236 28.9478 19.3089 550.21 365.334 61.0876 304.247 184.876 145.906 9.63887
internal_count=4298 3002 2872 1179 1693 130 99 1296 881 165 716 415 338 31
is_linear=0
shrinkage=0.03


Tree=86
num_leaves=15
num_cat=0
split_feature=22 26 25 11 26 22 29 23 5 15 15 19 7 29
split_gain=12.9075 12.5889 22.0791 19.8404 11.7486 10.4383 12.9368 7.93058 8.73139 7.7384 5.73691 3.14717 2.91966 0.25727
threshold=8351498.1295000007 -0.0041414891423022836 0.00060394083698791785 0.0058073462045177505 -0.0029235678665586406 55699945.191000007 0.057957695336936739 0.54927419376985676 0.0069255418836976805 -0.016551645506383363 0.0051451671996765556 1.0000000180025095e-35 503883.21800000005 0.050999606639091984
decision_type=2 2 2 2 2 2 2 2 2 2 2 2 2 2
left_child=7 5 4 -4 -3 6 -2 8 10 -7 -1 13 -13 -9
right_child=1 2 3 -5 -6 9 -8 11 -10 -11 -12 12 -14 -15
leaf_value=-0.044435110605438081 -0.045283098910997376 -0.010264182906222625 -0.045016410654865856 -0.00441875949594033 0.0038854615310215481 -0.03591595429198597 0.027601296349637348 -0.034456409780217447 0.042186577351235752 0.029246939414255532 0.015406687794746934 -0.034283036700217977 0.016556111034888518 -0.045911355071092633
leaf_weight=3.2349391169846076 4.5885456129908544 55.164702899754047 15.608479678630827 35.418304339051247 1238.6520512327552 1.7242543399333943 4.1961387395858765 11.879715111106636 3.4964085668325424 33.6398895829916 2.6011683084070683 1.8461108468472947 2.2628044262528419 2.0724318623542777
leaf_count=25 25 194 73 118 3586 6 8 133 7 67 12 23 11 10
internal_value=0.00263408 0.00303626 0.00251878 -0.0168371 0.00328216 0.0187994 -0.0104688 -0.0177587 0.0046967 0.0260698 -0.0177635 -0.0293619 -0.00628561 -0.0361579
internal_weight=1416.39 1388.99 1344.84 51.0268 1293.82 44.1488 8.78468 27.3936 9.33252 35.3641 5.83611 18.0611 4.10892 13.9521
internal_count=4298 4077 3971 191 3780 106 33 221 44 73 37 177 34 143
is_linear=0
shrinkage=0.03


Tree=87
num_leaves=13
num_cat=0
split_feature=29 1 22 13 27 5 9 13 7 21 22 6
split_gain=12.4667 11.2399 21.8761 20.5858 18.8398 19.1717 18.2704 0.339507 0.0115955 0.00244398 0.000833371 0.000295398
threshold=0.019547370574449802 0.029596736836521004 1163233902.0790002 0.027815420761290361 -0.0054182768523782657 -0.014074296438337108 5.6014767559982719 0.017985076611388855 2885964.2120000003 336341.00000000006 10418074.455000002 15977.500000000002
decision_type=2 2 2 2 2 2 2 2 2 2 2 2
left_child=8 2 3 -2 5 -3 -6 -4 10 -10 11 -1
right_child=1 4 7 -5 6 -7 -8 -9 9 -11 -12 -13
leaf_value=-0.031769605115671992 -0.0025587964504203142 -0.030431447362777787 -0.043425653528228185 0.010833114804670255 0.010179439017226614 0.00065868307014065475 -0.0068706254244249535 -0.055691098604029862 -0.033877414952037464 -0.035245310158914647 -0.033038737811330605 -0.032485326803226564
leaf_weight=1.1718935966491688 470.5968509465456 19.390122160315514 4.6914245337247831 132.36257484555244 487.16242057085037 224.85461761057377 63.994161486625671 3.5817095041275024 1.9056929387152193 3.0681057050824165 1.3636016584932802 0.93154238909482945
leaf_count=25 1684 72 23 323 1236 626 217 15 20 25 18 14
internal_value=0.00255725 0.00277538 -0.000283787 0.000381016 0.00512622 -0.0018095 0.00819978 -0.0487358 -0.0337929 -0.0347212 -0.0324611 -0.0320866
internal_weight=1415.07 1406.63 611.233 602.959 795.401 244.245 551.157 8.27313 8.44084 4.9738 3.46704 2.10344
internal_count=4298 4196 2045 2007 2151 698 1453 38 102 45 57 39
is_linear=0
shrinkage=0.03


Tree=88
num_leaves=14
num_cat=0
split_feature=22 25 25 25 3 13 4 20 15 21 8 25 29
split_gain=12.1351 11.7562 24.3632 14.3514 13.6056 17.4781 14.9905 9.59002 7.25093 8.34934 6.0316 8.28338 0.667612
threshold=8351498.1295000007 -0.0003944043076717358 -0.00044161127236986788 -0.001013258929688022 0.21716672655407937 0.026042957428468291 202.50000000000003 -0.0065855180901968962 0.0051451671996765556 42370.500000000007 0.0066387132261614525 -0.00025970862266279604 0.056804537989756702
decision_type=2 2 2 2 2 2 2 2 2 2 2 2 2
left_child=8 2 3 -2 5 -3 -6 -4 10 -10 12 -12 -1
right_child=1 4 7 -5 6 -7 -8 -9 9 -11 11 -13 -14
leaf_value=-0.034991968483508384 0.022514460683102217 -0.0086536569014956689 0.034534442598860272 -0.0030363398190770339 0.0007428282268251605 0.0058675437181849996 0.0087227023131968406 0.001221521206580273 -0.036866265747583261 0.03090066426717256 0.037071626576245242 -0.035661332806675008 -0.054045300457901499
leaf_weight=11.996794674545532 25.591968178749084 206.72814942151308 39.768043845891953 87.188708551228046 560.5337395593524 116.71664988994598 340.61058787629008 9.6682547330856305 2.4713589474558821 4.8425104804337025 2.7021405100822449 2.9453271590173236 1.9199883043766011
leaf_count=135 56 723 75 270 1696 298 934 25 21 21 6 30 8
internal_value=0.00248291 0.00286986 0.010459 0.0027616 0.00186455 -0.00341361 0.00375903 0.0280194 -0.0174823 0.0080022 -0.0270094 -0.000860837 -0.0376206
internal_weight=1413.68 1386.81 162.217 112.781 1224.59 323.445 901.144 49.4363 26.8781 7.31387 19.5643 5.64747 13.9168
internal_count=4298 4077 426 326 3651 1021 2630 100 221 42 179 36 143
is_linear=0
shrinkage=0.03


Tree=89
num_leaves=13
num_cat=0
split_feature=29 26 10 26 29 5 21 12 7 21 22 1
split_gain=11.8946 11.3404 12.5237 18.1391 14.5309 11.7737 11.1565 10.1154 0.0107543 0.0021951 0.000840713 0.000188233
threshold=0.019547370574449802 0.004252203386569813 0.0018613500675238115 0.0027210350695784317 0.021736336090757796 -0.0009080660552582329 208129.00000000003 -0.0030305611714053649 2885964.2120000003 336341.00000000006 10418074.455000002 0.02497819047278145
decision_type=2 2 2 2 2 2 2 2 2 2 2 2
left_child=8 2 4 -4 -2 7 -7 -3 10 -10 11 -1
right_child=1 5 3 -5 -6 6 -8 -9 9 -11 -12 -13
leaf_value=-0.03169086817768127 0.019933030707329099 0.014078453527168808 0.0035935609277175954 0.015995998202948645 -0.00062312540905376317 -0.003823338022103964 -0.046778788325598106 -0.025870363555822243 -0.03376167345425958 -0.035074850165235691 -0.03294260532222807 -0.032274051248051244
leaf_weight=1.0463803838938459 32.459127619862556 18.542726028710607 524.53239066898823 133.05242223292589 665.36655702069402 9.746606297791006 12.320331782102583 8.2392270937561971 1.8552487492561338 2.9952775910496712 1.3273673616349695 0.9506624862551688
leaf_count=23 100 48 1553 337 2044 32 50 32 20 25 18 16
internal_value=0.00241051 0.00262057 0.00313237 0.00610301 0.000333037 -0.0115805 -0.0278061 0.00178856 -0.0336718 -0.0345726 -0.0323574 -0.0319685
internal_weight=1412.43 1404.26 1355.41 657.585 697.826 48.8489 22.0669 26.782 8.17494 4.85053 3.32441 1.99704
internal_count=4298 4196 4034 1890 2144 162 82 80 102 45 57 39
is_linear=0
shrinkage=0.03


Tree=90
num_leaves=15
num_cat=0
split_feature=29 9 6 23 25 26 28 14 22 26 0 22 28 23
split_gain=11.6238 12.7573 20.3215 23.3457 18.0051 18.8491 16.7442 11.5793 7.84812 11.5698 10.7308 11.0908 9.96819 8.30392
threshold=0.055500181094657791 1.7749908674607224 258496.00000000003 1.2358288674976532 -0.000152581626249253 1.0000000180025095e-35 -0.0005329108955699184 0.81647700635042386 31910853.551000003 0.004252203386569813 -0.00041810030038473941 26558541.481000002 -0.0017007730727628026 0.87084171313809533
decision_type=2 2 2 2 2 2 2 2 2 2 2 2 2 2
left_child=1 4 3 -3 6 -6 -1 -4 10 12 11 -2 -10 -11
right_child=8 2 7 -5 5 -7 -8 -9 9 13 -12 -13 -14 -15
leaf_value=-0.0050667043779308932 -0.01809766761905398 -0.029303264290455565 -0.00087628587255530294 -0.0049461176962475118 0.006007065199611296 -0.0080824992917996833 0.017975073811134352 0.017266988904651333 -0.0065360760669814005 -0.044839995603360862 0.024373507236678398 0.031367119958095172 0.0070422315409018289 -0.0037053027709932369
leaf_weight=38.182099223136902 13.158309429883959 44.804542984813452 114.92490417510271 169.00958097726107 187.1610461845994 157.25545599684119 110.61030628159642 43.695821367204189 55.200509175658226 6.8353715538978603 42.00557054579258 5.9127542823553076 410.64291796088219 12.482901513576506
leaf_count=128 39 238 359 681 609 607 268 112 156 26 83 11 947 34
internal_value=0.00233902 0.000176712 -0.00401432 -0.0100501 0.00334147 -0.000426021 0.0120622 0.00412171 0.00576571 0.00448984 0.0159006 -0.0027617 0.00543326 -0.01826
internal_weight=1411.88 865.644 372.435 213.814 493.209 344.417 148.792 158.621 546.238 485.162 61.0766 19.0711 465.843 19.3183
internal_count=4298 3002 1390 919 1612 1216 396 471 1296 1163 133 50 1103 60
is_linear=0
shrinkage=0.03


Tree=91
num_leaves=15
num_cat=0
split_feature=22 26 25 11 14 22 29 14 23 5 14 20 14 29
split_gain=11.5222 12.1179 20.5458 18.715 16.3557 9.96561 12.1921 10.472 7.40765 7.83876 6.99158 3.15091 3.27528 0.206721
threshold=8351498.1295000007 -0.0041414891423022836 0.00060394083698791785 0.0058073462045177505 0.99577150008939841 55699945.191000007 0.057957695336936739 0.039228344662595178 0.54927419376985676 0.0069255418836976805 0.84613110853903539 0.0011936947281244417 0.85854261953624278 0.050999606639091984
decision_type=2 2 2 2 2 2 2 2 2 2 2 2 2 2
left_child=8 5 4 -4 -3 6 -2 -7 9 10 -1 13 -13 -10
right_child=1 2 3 -5 -6 7 -8 -9 11 -11 -12 12 -14 -15
leaf_value=-0.043935349495793405 -0.044781787206525751 0.0033080184949442018 -0.044172126917634717 -0.0045561846750110787 -0.023627802991563276 -0.026701055689490487 0.026724367355851656 0.03054679786114968 -0.034233790549554527 0.040143316667906173 0.024094602821083756 0.022035153162094083 -0.034189549173826467 -0.044663345902320822
leaf_weight=3.4572401940822619 4.5013545937836152 1268.7114474475384 15.408429712057112 35.363947287201881 20.618287920951843 3.1623424440622321 4.1013290584087372 31.73359340429306 11.414378406479956 3.4447415545582771 2.2408890351653099 1.964054744690656 1.7753583788871763 2.0118563547730437
leaf_count=25 25 3696 73 118 84 11 8 62 136 7 12 9 22 10
internal_value=0.00227199 0.00264596 0.00214014 -0.0165789 0.00287727 0.0182293 -0.0106912 0.0253589 -0.0173956 0.00441673 -0.0171814 -0.0290134 -0.00465861 -0.0357966
internal_weight=1409.91 1383.6 1340.1 50.7724 1289.33 43.4986 8.60268 34.8959 26.3085 9.14287 5.69813 17.1656 3.73941 13.4262
internal_count=4298 4077 3971 191 3780 106 33 73 221 44 37 177 31 146
is_linear=0
shrinkage=0.03


Tree=92
num_leaves=13
num_cat=0
split_feature=29 25 25 26 29 29 20 4 22 6 9 1
split_gain=11.2741 11.0727 18.9029 17.4037 12.6949 33.9691 8.22467 6.69973 0.00853687 0.0022694 0.00110293 0.000239852
threshold=0.019547370574449802 -0.0003944043076717358 -0.00044161127236986788 -0.0008287395515191306 0.020007434860058581 0.026842835822145025 -0.0065855180901968962 262.50000000000006 17291020.811000004 56685.000000000007 3.0848836145993803 0.02497819047278145
decision_type=2 2 2 2 2 2 2 2 2 2 2 2
left_child=8 2 3 -2 7 -6 -4 -3 10 -10 11 -1
right_child=1 4 6 -5 5 -7 -8 -9 9 -11 -12 -13
leaf_value=-0.031552700454492939 -0.014860279693395966 0.021917315144491592 0.030870834240633051 0.010546152433267375 -0.022197779168264851 0.0019491563943338014 0.00023874565245113059 -0.010100928845464402 -0.033642997652555365 -0.034936881083361161 -0.033038262991454216 -0.032235626244350578
leaf_weight=1.0716588553041213 34.530697304755449 38.374607488512993 40.864472329616547 81.630145274102688 54.975484233349562 1133.6127916760743 9.7759601473808271 6.9464171193540087 2.3240059651434422 2.5682286396622658 1.1136457137763498 0.81473097018897522
leaf_count=25 130 95 84 206 322 3304 26 29 26 22 15 14
internal_value=0.00220572 0.00240718 0.00966181 0.00299368 0.00142649 0.000832294 0.0249574 0.0170098 -0.0335496 -0.0343222 -0.0322896 -0.0318477
internal_weight=1408.6 1400.71 166.801 116.161 1233.91 1188.59 50.6404 45.321 7.89227 4.89223 3.00004 1.88639
internal_count=4298 4196 446 336 3750 3626 110 124 102 48 54 39
is_linear=0
shrinkage=0.03


Tree=93
num_leaves=14
num_cat=0
split_feature=7 25 14 15 8 5 13 5 8 3 8 5 27
split_gain=11.0761 12.3679 12.3986 16.5772 12.8009 9.91134 11.1035 7.46011 6.90028 11.2419 4.19947 3.27928 1.56317
threshold=1305474.1010000003 -0.001013258929688022 0.95391551882287129 0.0090583584423633515 -0.010425973005742046 0.0069255418836976805 0.017037038223017376 0.00059689203890117136 -0.0054905086268133519 0.12396755920822379 0.011449860768219623 0.0034957273424552167 0.0030298896351215344
decision_type=2 2 2 2 2 2 2 2 2 2 2 2 2
left_child=5 7 3 -3 -4 8 10 -2 9 -1 -7 -10 -9
right_child=1 2 4 -5 -6 6 -8 12 11 -11 -12 -13 -14
leaf_value=-0.02330369241956921 -0.0024064984685766007 0.0017059379944760189 -0.035749513978163554 0.012157247904121544 -0.0038038011124626029 -0.035186568864579798 0.031505316345560433 0.023511620554116045 -0.036278481702752996 0.035312231331778486 0.020208787028221414 -0.0076904680680396397 0.040860962094264923
leaf_weight=8.4912712182849628 7.450568929314616 1086.8504654839635 13.309063233435152 156.22055954486132 74.377867102622986 4.7608879767358294 8.4282157570123655 8.5064050406217593 17.780744494870309 4.5082106888294211 1.6614931300282476 4.5315573811531058 10.374035596847532
leaf_count=68 20 3193 50 379 244 46 29 19 175 17 10 30 18
internal_value=0.00214145 0.00265315 0.0022503 0.00301939 -0.0086525 -0.011702 0.00886099 0.0230133 -0.0203499 -0.00297573 -0.0208556 -0.0304723 0.0330444
internal_weight=1407.25 1357.09 1330.76 1243.07 87.6869 50.1624 14.8506 26.331 35.3118 12.9995 6.42238 22.3123 18.8804
internal_count=4298 3923 3866 3572 294 375 85 57 290 85 56 205 37
is_linear=0
shrinkage=0.03


Tree=94
num_leaves=14
num_cat=0
split_feature=28 28 26 25 25 25 28 25 15 3 29 15 11
split_gain=10.9998 14.9914 45.2209 17.9784 17.4587 21.919 21.7765 13.9195 18.2161 10.9705 2.22698 2.16998 2.10412
threshold=-0.0027348552634087367 -0.001810315506826046 -0.001295535613540584 0.00066001127197761367 -0.000152581626249253 -0.00027410915263091797 -0.00029460343481942905 0.00023051528958966649 -0.00075931818323521957 0.39288308584426418 0.057048793532669069 -0.011627445561766226 0.0013613019335138566
decision_type=2 2 2 2 2 2 2 2 2 2 2 2 2
left_child=7 2 3 -2 5 -3 -6 9 11 -1 -4 -9 -11
right_child=1 4 10 -5 6 -7 -8 8 -10 12 -12 -13 -14
leaf_value=-0.0043364544761751488 0.015389344157842079 0.0036074041095388791 -0.04655246689336956 -0.021154772435244374 0.006004189955080611 0.021026821452880727 -0.0033403300046551928 -0.014030237381486154 0.039470281214953502 0.05533598745899878 -0.069173848486307699 -0.046061582841070856 0.031149911349681366
leaf_weight=8.6100866794586164 32.403764955699444 247.9677944034338 10.372554924339058 19.351653605699539 362.63784502260387 88.114125177264214 589.00170584022999 2.8088519275188437 4.34314090758562 3.7283103466033962 6.29290747642517 5.9054331593215457 24.580929767340422
leaf_count=28 81 717 53 83 1048 204 1950 10 12 5 26 30 51
internal_value=0.00207874 0.00156937 -0.0121144 0.00172529 0.00229643 0.00817444 0.000220552 0.0159008 -0.0107217 0.0253164 -0.0550943 -0.035737 0.0343352
internal_weight=1406.12 1356.14 68.4209 51.7554 1287.72 336.082 951.64 49.9768 13.0574 36.9193 16.6655 8.71429 28.3092
internal_count=4298 4162 243 164 3919 921 2998 136 52 84 79 40 56
is_linear=0
shrinkage=0.03


Tree=95
num_leaves=15
num_cat=0
split_feature=18 25 26 25 12 0 0 6 26 5 27 14 25 29
split_gain=10.854 19.0826 26.0502 20.4242 19.8419 15.9184 14.6811 12.406 16.1935 17.4564 15.245 16.1696 13.9413 12.1949
threshold=0.016714341512526671 -0.00011775243431594598 0.00011512432351282684 -0.00031346814503075294 -0.0013146909263977509 -0.0012374221737234379 -0.0017101386213066486 41424.500000000007 0.004252203386569813 -0.0039058753471982997 0.005547293475515626 0.97040197399141437 0.0001129974252780517 0.053953235988733618
decision_type=2 2 2 2 2 2 2 2 2 2 2 2 2 2
left_child=1 2 6 -4 5 -3 -1 10 12 -10 13 -12 -9 -2
right_child=7 4 3 -5 -6 -7 -8 8 9 -11 11 -13 -14 -15
leaf_value=0.017879370617223993 -0.019927975408222089 -0.020700577394365975 0.0046223485451569561 0.037717815725347 -0.029942973045238821 -0.00032125226986685353 -0.017419155937542893 0.0094654075391007175 0.0088973567322873509 -0.041638674310970562 0.008621472783962596 -0.030885967563158076 0.0014457119466248383 0.0041403375221151168
leaf_weight=14.534680709242819 60.465483248233795 41.596815414726734 35.823857948184013 31.573350988328457 29.268062664195895 202.05778044275939 39.216892190277576 452.81038834154606 11.303400278091432 13.497542366385458 92.252528052777052 10.371826309710739 342.76371002942324 27.592302680015564
leaf_count=40 264 199 124 73 167 769 161 1075 28 52 308 60 908 70
internal_value=0.0020178 -0.00220556 0.00770304 0.0201265 -0.00660393 -0.00380042 -0.00787427 0.00366391 0.00526603 -0.0186061 -0.00322896 0.00462862 0.00601022 -0.0123863
internal_weight=1405.13 394.071 121.149 67.3972 272.923 243.655 53.7516 1011.06 820.375 24.8009 190.682 102.624 795.574 88.0578
internal_count=4298 1533 398 197 1135 968 201 2765 2063 80 702 368 1983 334
is_linear=0
shrinkage=0.03


Tree=96
num_leaves=13
num_cat=0
split_feature=29 28 28 28 25 25 20 4 7 7 23 0
split_gain=10.6481 10.9465 14.2977 26.7084 15.9488 12.5581 21.5281 8.18208 0.00886681 0.00127491 0.000670929 0.000730327
threshold=0.019547370574449802 -0.0027348552634087367 -0.001810315506826046 -0.0018487300954747011 -0.000152581626249253 0.00023051528958966649 -0.0083647244858817867 72.500000000000014 2885964.2120000003 20527396.419000003 1.2066543549439095 0.00038393996136061229
decision_type=2 2 2 2 2 2 2 2 2 2 2 2
left_child=8 5 3 -3 -4 7 -7 -2 10 -10 -1 -12
right_child=1 2 4 -5 -6 6 -8 -9 9 -11 11 -13
leaf_value=-0.031443957015872728 0.034763220287021224 -0.0045087380113004597 0.007998070166402544 -0.060548719719184803 0.00036701308615903901 -0.035297250494047749 0.050311733862448187 0.0043280825607193863 -0.0338087195304261 -0.03481501948708756 -0.031987915749059959 -0.033101032100907202
leaf_weight=0.83493887633085195 24.763955254107714 58.93073994666338 333.43594546616077 8.7966503687202913 945.30152674764395 8.8508696742355806 3.7696354091167441 11.708484303206204 2.5290606170892715 2.0528308525681496 1.2972018253058197 0.89754259586334217
leaf_count=21 48 199 899 40 2929 40 8 33 27 18 24 12
internal_value=0.00195972 0.00215272 0.00164538 -0.0117874 0.00235684 0.0160674 -0.00972659 0.0249928 -0.033427 -0.0342596 -0.0321678 -0.0324431
internal_weight=1403.17 1395.56 1346.46 67.7274 1278.74 49.0929 12.6205 36.4724 7.61157 4.58189 3.02968 2.19474
internal_count=4298 4196 4067 239 3828 129 48 81 102 45 57 36
is_linear=0
shrinkage=0.03


Tree=97
num_leaves=15
num_cat=0
split_feature=1 13 10 5 21 14 11 28 15 7 9 7 7 21
split_gain=10.3359 18.8801 15.7743 14.9007 18.3309 13.9439 16.6308 16.5127 12.7067 12.1374 11.9044 10.3678 10.8742 9.27272
threshold=0.029596736836521004 0.027815420761290361 0.0018613500675238115 -0.014074296438337108 1073008.5000000002 0.95391551882287129 0.0061942627432945846 0.00031527797636647707 -0.0094116124656951367 5431310.0975000011 1.4309681155656011 220238587.31450003 2582478.2095000003 3165550.0000000005
decision_type=2 2 2 2 2 2 2 2 2 2 2 2 2 2
left_child=1 8 3 4 -2 6 -4 -7 -1 -5 -10 12 -3 -13
right_child=2 11 5 9 -6 7 -8 -9 10 -11 -12 13 -14 -15
leaf_value=-0.027878858002660056 -0.0075574999772975264 -0.016617369298916829 0.040516816424534877 -0.017589442524599604 -0.061855732433645123 0.010203815573004104 0.0090451353605869485 -0.025582669177042182 0.00055172953447184085 0.0032436648329251128 -0.0097394208991672167 -0.04276055081930865 0.014958875423793476 0.0045705500277948884
leaf_weight=18.94651985168457 25.531048074364662 10.813638739287851 15.832383688539265 27.204233705997467 7.1663825362920752 24.115226767957211 332.03048684448004 22.368097350001335 309.70776524208486 336.3779026940465 150.23600186593831 6.122743919491767 106.35287374258041 9.513648107647894
leaf_count=76 87 43 38 139 30 61 840 82 1056 905 653 22 243 23
internal_value=0.00190205 -0.00102608 0.00416749 -5.96621e-05 -0.0194582 0.00841537 0.0104775 -0.00701689 -0.00380159 0.00168487 -0.00280977 0.00898245 0.0120446 -0.0139629
internal_weight=1402.32 611.693 790.626 396.28 32.6974 394.346 347.863 46.4833 478.89 363.582 459.944 132.803 117.167 15.6364
internal_count=4298 2116 2182 1161 117 1021 878 143 1785 1044 1709 331 286 45
is_linear=0
shrinkage=0.03


Tree=98
num_leaves=14
num_cat=0
split_feature=22 26 26 28 6 22 23 20 6 13 20 15 13
split_gain=10.1842 10.9896 18.8185 17.7366 15.6497 9.31819 6.95798 5.85905 5.35017 5.12817 3.09479 0.307812 0.117065
threshold=8351498.1295000007 -0.0041414891423022836 -0.0029235678665586406 -0.0020207740724513309 313012.00000000006 55699945.191000007 0.54927419376985676 -0.011174086144801537 194748.50000000003 0.015279654993033963 0.0011936947281244417 0.0079309650832245799 0.01762496688859749
decision_type=2 2 2 2 2 2 2 2 2 2 2 2 2
left_child=6 5 4 -4 -3 7 9 -2 -7 -1 12 -12 -8
right_child=1 2 3 -5 -6 8 10 -9 -10 -11 11 -13 -14
leaf_value=-0.024814603573603482 -0.037398289260191557 -0.0029385328389167778 0.02952758878820071 0.0021090926583659073 -0.031931577029937409 0.03911582709328329 -0.034171601842626277 0.012714490273326481 0.014721325434581536 0.021932956404809099 0.0057610608685435679 -0.011866286419697818 -0.041427351088317209
leaf_weight=3.3989907968789357 3.9918138235807419 48.334876041859388 21.604366689920425 1237.4315682761371 25.645930588245392 13.237854197621344 10.263279052451255 4.4300988875329477 20.813269391655922 5.5776490643620491 1.5822641216218465 2.0424210969358683 2.4860120899975291
leaf_count=28 18 174 42 3653 102 23 129 15 50 16 13 18 17
internal_value=0.00184693 0.00219419 0.00171553 0.00257958 -0.0129892 0.0172168 -0.0169949 -0.0110379 0.024205 0.00423207 -0.0286321 -0.00417152 -0.0355864
internal_weight=1400.84 1375.49 1333.02 1259.04 73.9808 42.473 25.3506 8.42191 34.0511 8.97664 16.374 3.62469 12.7493
internal_count=4298 4077 3971 3695 276 106 221 33 73 44 177 31 146
is_linear=0
shrinkage=0.03


Tree=99
num_leaves=12
num_cat=0
split_feature=29 29 29 25 10 22 10 7 21 22 25
split_gain=10.1175 10.5267 22.2418 13.6745 10.613 7.64457 8.99773 0.00804966 0.00182444 0.000742122 0.000249258
threshold=0.019547370574449802 0.020007434860058581 0.026842835822145025 -0.00012485683062609648 0.0018613500675238115 20070991.096000005 -0.0033639824004271838 2885964.2120000003 336341.00000000006 10418074.455000002 -8.1711755986950643e-05
decision_type=2 2 2 2 2 2 2 2 2 2 2
left_child=7 5 3 -3 -4 -2 -7 9 -9 10 -1
right_child=1 2 4 -5 -6 6 -8 8 -10 -11 -12
leaf_value=-0.032058982371039296 0.044487756822722872 0.0037552958416288956 -0.0003489142551786269 -0.024791260141949222 0.0051161966337854121 0.027044063451568196 -0.0022856477443141381 -0.033330076166336368 -0.034583381366368605 -0.032652412073874343 -0.031332329991008934
leaf_weight=0.8094650823622942 7.2273531779646865 22.695905476808548 638.68574465066195 45.139004621654749 640.52553296461701 17.031690374016762 21.046351604163647 1.6777510233223436 2.7732386067509651 1.1965068280696867 0.89415695704519682
leaf_count=15 25 101 1908 273 1789 35 65 20 25 18 24
internal_value=0.00179292 0.00197825 0.00149986 -0.0152403 0.00238757 0.0162018 0.0108331 -0.0333096 -0.034111 -0.0320798 -0.0316776
internal_weight=1399.7 1392.35 1347.05 67.8349 1279.21 45.3054 38.078 7.35112 4.45099 2.90013 1.70362
internal_count=4298 4196 4071 374 3697 125 100 102 45 57 39
is_linear=0
shrinkage=0.03


Tree=100
num_leaves=13
num_cat=0
split_feature=26 6 26 25 8 29 26 26 10 13 14 14
split_gain=9.99207 11.4916 14.969 15.9752 11.0924 11.7613 23.1207 10.9635 10.761 4.89539 4.21765 2.86185
threshold=0.004252203386569813 39607.500000000007 -0.0047244607365594495 0.00060394083698791785 0.01024444971448657 0.044225725220021377 0.0043251658438928442 0.0039787770988243465 -0.013728259523461354 0.016714341512526671 0.16900193037560704 0.50335579139836584
decision_type=2 2 2 2 2 2 2 2 2 2 2 2
left_child=1 7 10 -4 5 11 -7 8 -1 -9 -3 -2
right_child=4 2 3 -5 -6 6 -8 9 -10 -11 -12 -13
leaf_value=-0.019926221978003405 -0.0090593351731681517 0.005510788613983169 0.0039308434050078249 -0.015523047538306739 -0.052837468647371197 -0.053537585211044326 0.012982888937970827 0.00065206073158259126 -9.9938075527096964e-05 -0.049349525696720117 0.034959235768882276 -0.045524815594565768
leaf_weight=27.113006949424744 2.6614796929061395 5.8519529700279262 981.40768705680966 39.520436979830265 5.2430913727730504 5.6541178226470938 27.941981241106987 2.4224220588803274 269.96360628120601 6.4660672470927238 17.367805495858192 7.1156412437558174
leaf_count=112 13 16 2634 138 24 24 66 13 1151 35 34 38
internal_value=0.00174009 0.00222125 0.00371949 0.00317778 -0.0116221 -0.0066398 0.0017877 -0.00289169 -0.0019094 -0.0357224 0.0275375 -0.0355984
internal_weight=1398.73 1350.11 1044.15 1020.93 48.6163 43.3732 33.5961 305.965 297.077 8.88849 23.2198 9.77712
internal_count=4298 4133 2822 2772 165 141 90 1311 1263 48 50 51
is_linear=0
shrinkage=0.03


Tree=101
num_leaves=15
num_cat=0
split_feature=29 9 21 25 26 28 23 21 7 9 1 23 7 10
split_gain=9.77444 11.5588 21.7717 14.8371 16.5288 14.4083 11.0115 8.26333 7.38883 10.7184 19.3365 10.1039 7.74995 7.6076
threshold=0.055500181094657791 1.7749908674607224 265719.50000000006 -0.000152581626249253 1.0000000180025095e-35 -0.0005329108955699184 1.1965625061424692 307714.00000000006 42371306.351500012 0.53978210209998168 0.027716375251068025 0.61661718667318366 40669663.915500008 0.025447964814535855
decision_type=2 2 2 2 2 2 2 2 2 2 2 2 2 2
left_child=1 3 6 5 -5 -1 -3 -4 12 10 -10 -11 13 -2
right_child=8 2 7 4 -6 -7 -8 -9 9 11 -12 -13 -14 -15
leaf_value=-0.0053071369005613682 0.0062589456853589121 -0.026921682535352213 0.020994510869004605 0.0053414163226135902 -0.0078987020332615971 0.016190606597402946 -0.0082385040329015329 -0.00043248928249199826 -0.0497295016611232 0.019075183559059548 0.0061778705207819022 0.0019458408433938308 0.037883804504196081 0.026750999257275861
leaf_weight=37.716803029179573 154.33856908977032 41.140378864482045 17.492371663451195 185.88633776642382 156.13916668109596 109.57631973177195 91.617074711248279 218.99549061059952 9.6729170978069323 34.554803714156151 13.119395285844801 300.59231923520565 8.4292219132184965 18.230929091572762
leaf_count=128 366 224 48 609 607 268 425 693 36 72 31 742 14 35
internal_value=0.0016893 -0.000298506 -0.00430561 0.0027253 -0.000702873 0.0106858 -0.0140283 0.00115241 0.00485601 0.00235812 -0.0175489 0.00371193 0.00979578 0.00842381
internal_weight=1397.5 858.564 369.245 489.319 342.026 147.293 132.757 236.488 538.938 357.939 22.7923 335.147 180.999 172.569
internal_count=4298 3002 1390 1612 1216 396 649 741 1296 881 67 814 415 401
is_linear=0
shrinkage=0.03


Tree=102
num_leaves=12
num_cat=0
split_feature=29 29 29 25 28 22 10 7 21 22 25
split_gain=9.68462 9.97905 20.8173 13.4381 12.6811 7.09132 8.48225 0.00739452 0.00172443 0.000654857 0.000233894
threshold=0.019547370574449802 0.020007434860058581 0.028908263013382379 -0.00034703461401847021 -0.0027348552634087367 20070991.096000005 -0.0033639824004271838 2885964.2120000003 336341.00000000006 10418074.455000002 -8.1711755986950643e-05
decision_type=2 2 2 2 2 2 2 2 2 2 2
left_child=7 5 3 -3 -4 -2 -7 9 -9 10 -1
right_child=1 2 4 -5 -6 6 -8 8 -10 -11 -12
leaf_value=-0.031998395575425352 0.042720725057875039 0.0084249728764676877 0.018155245478017317 -0.017400423105484827 0.0018472638744360154 0.026231175548649004 -0.0022739034391086863 -0.033210493091975928 -0.034447064968056683 -0.032553347180784446 -0.03128256966940636
leaf_weight=0.78339955396950245 7.3121601156890383 23.430178105831146 44.512429144233465 80.219778709113598 1194.9918766766787 16.981769174337387 21.030512966215611 1.6226327642798422 2.7101900205016136 1.1608401536941526 0.86378572136163645
leaf_count=15 25 94 111 467 3399 35 65 20 25 18 24
internal_value=0.00164087 0.00182009 0.00135289 -0.0115626 0.00243291 0.0156651 0.0104606 -0.0332068 -0.033984 -0.0320076 -0.031623
internal_weight=1395.62 1388.48 1343.15 103.65 1239.5 45.3244 38.0123 7.14085 4.33282 2.80803 1.64719
internal_count=4298 4196 4071 561 3510 125 100 102 45 57 39
is_linear=0
shrinkage=0.03


Tree=103
num_leaves=10
num_cat=0
split_feature=25 25 7 25 28 22 5 11 0
split_gain=9.56426 12.3086 26.7529 14.0544 30.9777 12.1701 8.52037 8.4137 1.56273
threshold=-0.001013258929688022 -0.00074090273753692323 213190011.86450002 -0.0003944043076717358 -0.0018901392030305113 8976196.342000002 0.0014348214761570365 0.019715284825928148 0.00011352683920888059
decision_type=2 2 2 2 2 2 2 2 2
left_child=6 2 7 4 -3 -5 -1 -2 -8
right_child=1 3 -4 5 -6 -7 8 -9 -10
leaf_value=-0.0036693254034169159 -0.027121370458286161 -0.046653022079655306 0.03850315187125606 -0.020595795099031342 0.015854428929141125 0.001107286069880578 0.021000839389887387 -0.077581041675356857 0.039320513273917355
leaf_weight=9.3758919090032595 14.739522153511649 7.6463217400014392 5.4197268933057776 23.711125757545233 106.82397094741464 1205.7702367417514 7.0899066627025631 3.7257430627942076 10.248417124152182
leaf_count=28 68 38 10 220 260 3621 17 18 18
internal_value=0.00159265 0.00124545 -0.0201016 0.00162483 0.0116791 0.000688732 0.0193704 -0.0373026 0.0318293
internal_weight=1394.55 1367.84 23.885 1343.95 114.47 1229.48 26.7142 18.4653 17.3383
internal_count=4298 4235 96 4139 298 3841 63 86 35
is_linear=0
shrinkage=0.03


Tree=104
num_leaves=13
num_cat=0
split_feature=26 6 26 25 8 29 26 26 10 13 14 14
split_gain=9.39357 10.5226 14.2063 14.9137 10.506 11.1422 21.7772 10.3671 10.2656 5.15575 4.10785 2.80485
threshold=0.004252203386569813 39607.500000000007 -0.0047244607365594495 0.00060394083698791785 0.01024444971448657 0.044225725220021377 0.0043251658438928442 0.0039787770988243465 -0.013728259523461354 0.016637275014886491 0.16900193037560704 0.50335579139836584
decision_type=2 2 2 2 2 2 2 2 2 2 2 2
left_child=1 7 10 -4 5 11 -7 8 -1 -9 -3 -2
right_child=4 2 3 -5 -6 6 -8 9 -10 -11 -12 -13
leaf_value=-0.019586789264965158 -0.0087088215971897788 0.005111304676460547 0.0036531127948941874 -0.015165768630096152 -0.051800141657944998 -0.05241911392950778 0.012426536059763852 0.0044811351979459841 -0.00016981175312712413 -0.048465760872210703 0.034333845644139452 -0.04501224041549079
leaf_weight=26.961050394922495 2.6394875124096853 5.8122194707393673 978.30878278613091 39.427623249590397 5.1854394860565654 5.5973342955112448 27.864218965172768 2.2162162251770479 269.05158997699618 6.5387939214706421 16.968965955078602 6.9819887727499008
leaf_count=112 13 16 2634 138 24 24 66 12 1151 36 34 38
internal_value=0.00154603 0.00201258 0.00344851 0.00292406 -0.0114572 -0.00660152 0.00157938 -0.00288989 -0.00193832 -0.0350629 0.0268782 -0.035053
internal_weight=1393.55 1345.29 1040.52 1017.74 48.2685 43.083 33.4616 304.768 296.013 8.75501 22.7812 9.62148
internal_count=4298 4133 2822 2772 165 141 90 1311 1263 48 50 51
is_linear=0
shrinkage=0.03


Tree=105
num_leaves=12
num_cat=0
split_feature=29 29 29 25 28 4 6 11 6 9 20
split_gain=9.26708 9.44005 19.9307 12.7688 12.2845 6.45676 6.06525 5.72535 0.00549479 0.00129603 0.000916523
threshold=0.019547370574449802 0.020007434860058581 0.026842835822145025 0.00010794396705370389 -0.0027348552634087367 262.50000000000006 194748.50000000003 0.021065731896887176 56685.000000000007 1.3314089218810783 -0.0059017905854852728
decision_type=2 2 2 2 2 2 2 2 2 2 2
left_child=8 5 3 -3 -4 7 -7 -2 9 -1 -11
right_child=1 2 4 -5 -6 6 -8 -9 -10 10 -12
leaf_value=-0.031476049214750647 0.02568244599654184 -0.0030937597013749253 0.017361428665768706 -0.0295174402778999 0.0014887702192402171 -0.040873866744704106 0.014801826733657628 -0.0037066778298350416 -0.03415230740161574 -0.032368957678691135 -0.033457507490132293
leaf_weight=0.98700550757348438 30.874934807419777 37.275499042123556 45.510156195610762 29.472990997135639 1227.7984977439046 3.3032371923327437 3.7718013077974319 7.3946803659200659 2.7548256255686283 2.1571291368454695 1.0278150476515295
leaf_count=25 73 189 116 185 3581 21 9 22 28 37 12
internal_value=0.00150089 0.00167395 0.00121841 -0.0147612 0.00205609 0.0151362 -0.0111924 0.0200037 -0.0331125 -0.0324259 -0.0327202
internal_weight=1392.33 1385.4 1340.06 66.7485 1273.31 45.3447 7.07504 38.2696 6.92678 4.17195 3.18494
internal_count=4298 4196 4071 374 3697 125 30 95 102 74 49
is_linear=0
shrinkage=0.03


Tree=106
num_leaves=14
num_cat=0
split_feature=7 25 14 4 15 5 13 5 4 27 28 5 27
split_gain=9.11886 10.8508 11.061 15.5063 14.9456 9.30013 10.2406 7.10513 6.17413 6.10642 4.21948 3.9929 1.6149
threshold=1305474.1010000003 -0.001013258929688022 0.95391551882287129 322.50000000000006 0.0092304733251702496 0.0069255418836976805 0.017037038223017376 0.00059689203890117136 317.50000000000006 -0.00092370796162894234 0.001013306475457548 0.0034957273424552167 0.0030298896351215344
decision_type=2 2 2 2 2 2 2 2 2 2 2 2 2
left_child=5 7 4 -4 -3 8 10 -2 11 -10 -7 -1 -9
right_child=1 2 3 -5 -6 6 -8 12 9 -11 -12 -13 -14
leaf_value=-0.036265483796154595 -0.0035484226344271305 0.0010448526656303592 -0.0016614122649816819 -0.031312083162221158 0.011166779778733744 -0.035636953735772692 0.030411317673553824 0.021620703625664012 -0.035330253333090852 0.0093813462371970524 0.01980295191113637 -0.0021269258204839026 0.039633551562055287
leaf_weight=17.040547594428066 7.3425940722227123 1081.1336230672896 65.859439760446548 20.914877511560917 149.43691665679216 4.508470654487609 8.3619125857949239 8.2098231464624423 3.9049215540289888 9.2876671403646434 1.7019591927528379 3.7646996825933448 9.8583404123783094
leaf_count=166 20 3205 208 86 367 40 29 19 42 58 16 24 18
internal_value=0.00145669 0.0019186 0.00154405 -0.008808 0.00227403 -0.0113133 0.00873795 0.0213362 -0.0199078 -0.003853 -0.0204437 -0.0300881 0.0314489
internal_weight=1391.33 1342.76 1317.34 86.7743 1230.57 48.5702 14.5723 25.4108 33.9978 13.1926 6.21043 20.8052 18.0682
internal_count=4298 3923 3866 294 3572 375 85 57 290 100 56 190 37
is_linear=0
shrinkage=0.03


Tree=107
num_leaves=15
num_cat=0
split_feature=26 10 26 28 14 6 11 5 21 5 12 4 11 18
split_gain=8.93827 10.243 16.9761 26.1905 16.7022 14.5072 11.442 10.1897 9.70711 9.28146 9.02362 4.55926 4.53481 3.8471
threshold=0.004252203386569813 0.0018613500675238115 0.0027210350695784317 2.7516414747193422e-05 0.9518773022595487 19474.500000000004 8.9357878635304669e-05 -0.0009080660552582329 208129.00000000003 0.0059604437400379824 -0.0030305611714053649 182.50000000000003 0.024940643160272599 0.02441795158941713
decision_type=2 2 2 2 2 2 2 2 2 2 2 2 2 2
left_child=1 5 3 -3 -4 6 -1 10 13 -7 11 -2 -12 -9
right_child=7 2 4 -5 -6 9 -8 8 -10 -11 12 -13 -14 -15
leaf_value=0.012169296861109338 0.030964838607294778 0.0078897565887130865 0.018657259237932381 -0.0057644197692736454 -0.011857004691933635 -0.0011125800495718919 -0.016944790445969825 -0.020993807118003742 -0.044375132032658214 0.0075694555445024059 -0.046750689612790254 0.00046552991569122229 -0.0015006958102694163 0.017229180438211724
leaf_weight=14.57994696870446 7.4435827732086244 300.38061144761741 111.67356827110052 218.32527379132807 18.872179485857487 459.43731546774507 72.863426066935062 5.3239367883652466 12.111852057278155 146.04683831334114 4.2091434299945822 10.828161943703888 3.7862803488969803 4.2711148262023926
leaf_count=64 15 871 274 713 67 1356 399 24 51 389 22 33 10 10
internal_value=0.00141401 0.00186881 0.00457629 0.00214266 0.014246 -0.000668026 -0.0120904 -0.0113098 -0.0265191 0.000981585 0.0012589 0.0128904 -0.0253223 -0.00397933
internal_weight=1390.15 1342.18 649.252 518.706 130.546 692.928 87.4434 47.9741 21.7069 605.484 26.2672 18.2717 7.99542 9.59505
internal_count=4298 4133 1925 1584 341 2208 463 165 85 1745 80 48 32 34
is_linear=0
shrinkage=0.03


Tree=108
num_leaves=11
num_cat=0
split_feature=29 29 29 28 20 22 17 22 6 6
split_gain=8.86025 8.82056 18.6532 11.6763 8.41336 6.6098 7.91712 0.00555997 0.00157663 0.000577312
threshold=0.019547370574449802 0.020007434860058581 0.026842835822145025 -0.0027348552634087367 -0.021730322609017635 20070991.096000005 -0.0033639824004271838 17291020.811000004 56685.000000000007 16602.000000000004
decision_type=2 2 2 2 2 2 2 2 2 2
left_child=7 5 4 -4 -3 -2 -7 9 -9 -1
right_child=1 2 3 -5 -6 6 -8 8 -10 -11
leaf_value=-0.031327304309326946 0.040541158386779276 -0.033972922301498738 0.016860143233638981 0.0013542848285589516 -0.0085745531619170444 0.024818832700734785 -0.0027920789108922288 -0.033055008173380959 -0.034209661730637282 -0.032263910936348644
leaf_weight=1.016566647216677 7.3806188255548468 15.258468635380266 45.32375355437398 1225.560102481395 50.878281325101852 16.852052301168442 20.985385842621326 2.001943688839674 2.2724221125245094 1.4191621392965315
leaf_count=29 25 91 116 3581 283 35 65 26 22 25
internal_value=0.0013727 0.00153965 0.00109893 0.00190727 -0.0144342 0.014571 0.00950528 -0.033017 -0.0336689 -0.031873
internal_weight=1388.95 1382.24 1337.02 1270.88 66.1367 45.2181 37.8374 6.71009 4.27437 2.43573
internal_count=4298 4196 4071 3697 374 125 100 102 48 54
is_linear=0
shrinkage=0.03


Tree=109
num_leaves=14
num_cat=0
split_feature=22 14 6 15 1 26 15 12 8 25 23 29 29
split_gain=8.77807 10.1057 11.966 10.7382 11.7821 9.08126 6.39291 7.26176 5.31847 6.73113 3.7851 2.51507 0.502743
threshold=8351498.1295000007 0.99577150008939841 150262.00000000003 0.0095325462263006963 0.12663377598747735 -0.0023636810495088452 0.0051451671996765556 -0.0064852777281450428 0.0066387132261614525 -0.00025970862266279604 1.1508400542130137 0.053953235988733618 0.056804537989756702
decision_type=2 2 2 2 2 2 2 2 2 2 2 2 2
left_child=6 3 10 4 -2 -5 8 -8 12 -10 -3 -9 -1
right_child=1 2 -4 5 -6 -7 7 11 9 -11 -12 -13 -14
leaf_value=-0.034571977383746379 0.0011663252110158029 -0.052409200035903152 0.0049124483150749043 -0.018603476429700307 -0.031957331789754906 0.010078612342546865 0.048408099146143774 -0.034511863400858302 0.033880977974252109 -0.035063744886685289 -0.018472604388674336 0.011757293886878788 -0.051483236102132998
leaf_weight=10.261331805959349 1137.568751681596 7.1738814450800437 10.821636229753492 10.504876554012297 9.7475576698780042 183.12987785041332 2.5172823071479797 2.5806089099496594 2.5436960980296135 2.5541893914341918 5.0331386253237724 1.7912264168262479 1.8705071210861195
leaf_count=135 3438 38 29 39 35 473 5 31 6 30 25 6 8
internal_value=0.00133216 0.0016494 -0.0180554 0.0019878 0.000884908 0.00852258 -0.0166084 0.00781743 -0.0263748 -0.00066234 -0.0384166 -0.0155545 -0.0371794
internal_weight=1388.1 1363.98 23.0287 1340.95 1147.32 193.635 24.1188 6.88912 17.2297 5.09789 12.207 4.37184 12.1318
internal_count=4298 4077 92 3985 3473 512 221 42 179 36 63 37 143
is_linear=0
shrinkage=0.03


Tree=110
num_leaves=14
num_cat=0
split_feature=25 28 23 20 22 14 15 6 18 9 1 10 18
split_gain=8.66847 25.5718 13.4059 13.8452 10.7923 10.1716 15.3212 9.3576 6.98977 6.63617 6.86582 5.48739 0.17411
threshold=-0.0003944043076717358 -0.0018901392030305113 1.4389252900428169 -0.0085319306980299273 8976196.342000002 0.97877366407089339 0.0095325462263006963 247236.00000000003 0.012817457063741057 0.65239545784920383 0.021526183774878308 0.021542369433293875 0.023014055386674132
decision_type=2 2 2 2 2 2 2 2 2 2 2 2 2
left_child=1 12 8 -4 9 6 -6 -7 -3 10 -2 -11 -1
right_child=4 2 3 -5 5 7 -8 -9 -10 11 -12 -13 -14
leaf_value=-0.039626917694325435 -0.035205837866440291 -0.00069184057902957634 0.009892013911967177 -0.021213313520509567 -1.6087008553415046e-05 -0.026285951835703224 0.010036880200586852 0.0011846489026551403 0.02054307068993115 -0.036680747848147149 0.025170964150862035 0.027792475976459081 -0.049335739880144315
leaf_weight=2.4731704257428637 2.6509407237172153 16.764318119734526 35.51945111528039 20.204431008547544 998.53462651744485 23.463252026587725 158.03583885729313 21.283584661781788 83.131992504000664 14.09391003847122 4.7011916991323233 1.2974644452333439 5.0708741545677185
leaf_count=16 32 60 99 80 3049 110 403 59 180 163 22 3 22
internal_value=0.00129282 0.00778826 0.0104032 -0.00138619 0.000426999 0.000814592 0.00135757 -0.0132197 0.0169795 -0.0200457 0.00340105 -0.0312458 -0.0461529
internal_weight=1387.23 163.164 155.62 55.7239 1224.06 1201.32 1156.57 44.7468 99.8963 22.7435 7.35213 15.3914 7.54404
internal_count=4298 457 419 179 3841 3621 3452 169 240 220 54 166 38
is_linear=0
shrinkage=0.03


Tree=111
num_leaves=13
num_cat=0
split_feature=26 8 7 15 29 28 25 21 22 21 15 13
split_gain=8.54018 9.7716 10.3611 13.3629 9.51955 12.1706 13.6547 9.32871 28.7635 9.72832 8.01982 6.9421
threshold=0.004252203386569813 0.01024444971448657 12771230.552000003 0.0030863443568812498 0.067243942175642085 0.0032491727084047631 3.7525433115442088e-05 307714.00000000006 161723459.76950005 3867287.0000000005 0.003806945612293468 0.02176147920084286
decision_type=2 2 2 2 2 2 2 2 2 2 2 2
left_child=4 2 11 -4 5 6 -1 8 -6 -9 -7 -2
right_child=1 -3 3 -5 7 10 -8 9 -10 -11 -12 -13
leaf_value=0.0033798950409697844 -0.013472171701689763 -0.050491367246139431 0.0069397624766750115 -0.035068093275719421 0.0038497582930126862 0.047931877484319312 -0.0035264629433808723 0.01015715744831841 -0.059333508796312245 -0.027140398684442211 0.0037246695954914204 0.029437083675751929
leaf_weight=522.34868657402694 5.3240783438086501 5.0934429839253417 11.831947959959509 16.074023395776749 49.857914909720421 7.9267941601574403 508.43337615951896 228.63462243974209 7.4540209472179404 6.4720596969127646 6.9155310466885567 9.3574884384870511
leaf_count=1604 27 24 34 60 122 16 1795 520 29 21 26 20
internal_value=0.00125529 -0.0112208 -0.00652407 -0.017257 0.00169988 0.000361714 -2.66669e-05 0.00648485 -0.00436789 0.00913042 0.0273343 0.0138766
internal_weight=1385.72 47.681 42.5875 27.906 1338.04 1045.62 1030.78 292.419 57.3119 235.107 14.8423 14.6816
internal_count=4298 165 141 94 4133 3441 3399 692 151 541 42 47
is_linear=0
shrinkage=0.03


Tree=112
num_leaves=14
num_cat=0
split_feature=26 26 26 26 28 6 6 22 29 3 14 6 29
split_gain=8.43786 17.3085 16.5103 25.611 25.3226 14.7012 16.4768 10.8417 13.8488 8.34765 8.20222 2.94294 0.359918
threshold=-0.0041414891423022836 -0.0029235678665586406 -0.0021192049006071409 -0.002298732745018009 -0.0010190876688265774 313012.00000000006 141817.00000000003 55699945.191000007 0.058742940475934376 0.42328292767993064 0.069638855211434342 194748.50000000003 0.042897078898590145
decision_type=2 2 2 2 2 2 2 2 2 2 2 2 2
left_child=7 5 3 -3 -4 6 -2 8 12 -7 -9 -12 -1
right_child=1 2 4 -5 -6 9 -8 10 -10 -11 11 -13 -14
leaf_value=-0.038012667169759755 -0.01392249011944729 0.0012429256912312267 -0.012384780085140469 0.026712278639392427 0.0019704576296863279 -0.0096087739507451676 0.025888924136490295 -0.013270295626120598 0.028373697931928551 -0.045094212766495577 0.041863942448000055 0.021544717953099601 -0.053634539155766416
leaf_weight=2.6504942625761014 36.219280570745468 93.20791432633996 124.4470674879849 57.424942843616009 993.47418762929738 9.5560973286628741 12.61496728658676 4.8863324522972098 3.9448661655187607 15.882524497807024 10.034281224012377 17.786759823560715 2.6588566601276398
leaf_count=21 155 278 432 129 3059 35 28 15 8 67 17 41 13
internal_value=0.00121857 0.000804604 0.00162874 0.0109525 0.000372432 -0.0132714 -0.00363832 0.0144659 -0.014202 -0.031764 0.0225772 0.0288733 -0.0458359
internal_weight=1384.79 1342.83 1268.55 150.633 1117.92 74.2729 48.8342 41.9616 9.25422 25.4386 32.7074 27.821 5.30935
internal_count=4298 4183 3898 407 3491 285 183 115 42 102 73 58 34
is_linear=0
shrinkage=0.03


Tree=113
num_leaves=13
num_cat=0
split_feature=29 26 5 10 26 6 29 6 7 6 23 7
split_gain=8.35442 8.24435 9.53998 9.0019 15.4149 13.0606 7.3084 6.88797 0.00574055 0.000831436 0.000455782 0.000210867
threshold=0.019547370574449802 0.004252203386569813 -0.0009080660552582329 0.0018613500675238115 0.0027210350695784317 19474.500000000004 0.044225725220021377 40476.500000000007 2885964.2120000003 84713.500000000015 2.1012523059920243 1514139.5465000002
decision_type=2 2 2 2 2 2 2 2 2 2 2 2
left_child=8 3 6 5 -5 -2 -3 -4 10 -10 11 -1
right_child=1 2 7 4 -6 -7 -8 -9 9 -11 -12 -13
leaf_value=-0.031241634476527433 -0.011564712949212862 -0.028306191119336827 -0.0033612420130331969 0.0020018456666958434 0.013590139614663701 0.00095368393004160307 0.0097707556173897824 -0.038735065477824862 -0.033126177605619263 -0.033998696554125657 -0.032453092721824423 -0.03189821430380959
leaf_weight=1.0217578038573258 85.71683369576931 5.8484338782727745 7.8068523854017284 514.52750857174397 129.26530745252967 600.40465879440308 20.227264240384102 13.557850196957586 1.7476944737136366 2.2462532706558704 0.64726862683892239 0.7734834849834441
leaf_count=31 438 30 27 1553 337 1706 50 55 22 23 11 15
internal_value=0.00118288 0.00134223 -0.0109467 0.0017806 0.00432863 -0.000610233 0.0012306 -0.0258092 -0.0329163 -0.0336169 -0.0317706 -0.0315245
internal_weight=1383.79 1377.35 47.4404 1329.91 643.793 686.121 26.0757 21.3647 6.43646 3.99395 2.44251 1.79524
internal_count=4298 4196 162 4034 1890 2144 80 82 102 45 57 46
is_linear=0
shrinkage=0.03


Tree=114
num_leaves=15
num_cat=0
split_feature=9 25 6 22 11 28 25 28 28 28 1 25 22 9
split_gain=8.2349 18.5008 14.6772 17.9603 14.8846 12.4254 12.4195 17.7374 52.8257 16.3957 13.0079 20.5195 15.212 8.9152
threshold=4.7036814134785638 -8.1711755986950643e-05 94816.500000000015 415919227.25800008 0.007259896151291999 0.00061650237050058258 0.0001129974252780517 -0.00029460343481942905 0.001112735101035256 -0.00079693146320544662 0.029721947347421823 8.9806067273436998e-05 1101221544.2765005 6.839017406930525
decision_type=2 2 2 2 2 2 2 2 2 2 2 2 2 2
left_child=6 5 4 -4 -3 13 10 9 -9 -8 12 -12 -1 -2
right_child=1 2 3 -5 -6 -7 7 8 -10 -11 11 -13 -14 -15
leaf_value=0.0011503891824566118 -0.032921576003615741 -0.040803963328102696 0.012393628364672209 -0.022011005651780661 0.0023022487434069326 -0.042382291850840623 0.00047586955211222163 -0.023264932618125803 0.0044599272679893493 0.020556913996467082 0.0064970850367029468 0.03381904842961423 -0.050310507449088611 0.0024374421207671443
leaf_weight=339.40025606751442 9.7315707281231898 13.530981812626125 79.94751999527216 16.469032317399979 15.431434646248816 16.370380457490683 200.41765878163278 106.54097017273307 147.45508464798331 44.767027599737048 341.88267853856087 26.668964922428131 5.2497680224478236 18.845557250082493
leaf_count=1106 42 90 221 56 60 82 639 420 450 114 883 53 25 57
internal_value=0.00114817 -0.00502863 0.000891291 0.00651693 -0.0178366 -0.021542 0.00201595 -0.00161341 -0.00716952 0.00414237 0.00455619 0.00847414 0.000366528 -0.00960361
internal_weight=1382.71 170.326 125.379 96.4166 28.9624 44.9475 1212.38 499.181 253.996 245.185 713.202 368.552 344.65 28.5771
internal_count=4298 608 427 277 150 181 3690 1623 870 753 2067 936 1131 99
is_linear=0
shrinkage=0.03


Tree=115
num_leaves=11
num_cat=0
split_feature=25 25 7 25 28 3 11 6 27 27
split_gain=8.19244 11.837 25.0104 12.4017 27.7323 10.3077 7.89233 7.22221 5.22602 0.969216
threshold=-0.001013258929688022 -0.00074090273753692323 213190011.86450002 -0.0003944043076717358 -0.0018901392030305113 0.21716672655407937 0.019715284825928148 106642.50000000001 0.0010334412924292702 0.0030298896351215344
decision_type=2 2 2 2 2 2 2 2 2 2
left_child=7 2 6 4 -3 -5 -2 8 -1 -9
right_child=1 3 -4 5 -6 -7 -8 9 -10 -11
leaf_value=-0.025227581196696373 -0.026930773890300803 -0.045395026392356971 0.037090414632471758 -0.004293934069959396 0.014654148604250513 0.0019494417296637889 -0.075853031993311337 0.022757886917274022 0.018337114454981658 0.037620112878789018
leaf_weight=4.6795919910073298 14.561144005507236 7.4097074884921303 5.3036867231130591 324.1583565287292 105.09967539459467 895.34714981913567 3.7275360301136962 7.6127896904945365 5.2682179510593414 8.2057435214519483
leaf_count=18 68 38 10 1085 260 2756 18 17 12 16
internal_value=0.00111456 0.000796044 -0.0202681 0.00116913 0.0106994 0.000289882 -0.0369019 0.0178722 -0.00215634 0.0304676
internal_weight=1381.37 1355.61 23.5924 1332.01 112.509 1219.51 18.2887 25.7663 9.94781 15.8185
internal_count=4298 4235 96 4139 298 3841 86 63 30 33
is_linear=0
shrinkage=0.03


Tree=116
num_leaves=13
num_cat=0
split_feature=29 28 28 28 25 25 20 3 7 21 22 25
split_gain=7.98883 8.20382 12.0283 25.4786 12.1119 10.6416 19.2887 10.5167 0.00506448 0.00121289 0.0005097 0.000134741
threshold=0.019547370574449802 -0.0027348552634087367 -0.001810315506826046 -0.0018487300954747011 -0.000152581626249253 0.00023051528958966649 -0.0083647244858817867 0.39288308584426418 2885964.2120000003 336341.00000000006 10418074.455000002 -6.0534707342586007e-05
decision_type=2 2 2 2 2 2 2 2 2 2 2 2
left_child=8 5 3 -3 -4 7 -7 -2 10 -10 11 -1
right_child=1 2 4 -5 -6 6 -8 -9 9 -11 -12 -13
leaf_value=-0.031633338154443233 -0.0076115729913777096 -0.0044230487499065342 0.0064283505777104058 -0.059505853742335843 -0.00028454645331325092 -0.034884306761406421 0.046026392449391433 0.031308542088234192 -0.03278233531964133 -0.033884474494941266 -0.032221294420820862 -0.031033411811169476
leaf_weight=0.67369474470615387 8.1831848435103876 57.404219053685665 326.36365260183811 8.7035161815583688 934.68966502696276 8.6863688863813859 3.8170058876276007 26.428752101957798 1.4235807154327633 2.4370822235941887 1.0235587917268274 0.67404866218566828
leaf_count=16 27 199 899 40 2929 40 8 54 20 25 18 23
internal_value=0.0010819 0.00123558 0.000798852 -0.0116751 0.00145277 0.0135375 -0.010184 0.0221068 -0.0328078 -0.0334781 -0.0317166 -0.0313333
internal_weight=1380.51 1374.28 1327.16 66.1077 1261.05 47.1153 12.5034 34.6119 6.23197 3.86066 2.3713 1.34774
internal_count=4298 4196 4067 239 3828 129 48 81 102 45 57 39
is_linear=0
shrinkage=0.03


Tree=117
num_leaves=14
num_cat=0
split_feature=26 26 26 26 28 3 14 5 22 29 14 12 23
split_gain=7.9826 15.9392 15.2244 24.3711 23.0488 13.5091 14.8456 11.0018 10.1852 13.3023 7.74667 2.93042 0.379515
threshold=-0.0041414891423022836 -0.0029235678665586406 -0.0021192049006071409 -0.002298732745018009 -0.0010190876688265774 0.17027793335651498 0.11839110294704934 -0.0077495766653797168 55699945.191000007 0.058742940475934376 0.069638855211434342 -0.01102701395366946 0.81368673563000271
decision_type=2 2 2 2 2 2 2 2 2 2 2 2 2
left_child=8 5 3 -3 -4 7 -7 -2 9 12 -10 -12 -1
right_child=1 2 4 -5 -6 6 -8 -9 10 -11 11 -13 -14
leaf_value=-0.055595780189651833 -0.019223285585199312 0.00092247832874934005 -0.01195592310944288 0.025808385258880538 0.0017591813196273782 -0.048187216578713478 -0.011517706661442804 0.032704978898894878 -0.01277635181234609 0.027969579826487085 0.036219035943508879 0.016166253919812284 -0.038958878823863667
leaf_weight=2.0170510932803136 6.0791087970137587 92.919970456510782 124.09794809110463 57.230760902166367 990.33746054954827 12.691655620932577 45.770817160606384 9.273320831358431 4.90133412182331 3.8851230144500732 16.368259146809578 10.944082245230677 3.1788657121360302
leaf_count=11 24 278 432 129 3059 63 171 27 15 8 31 27 23
internal_value=0.00105003 0.000649208 0.00144018 0.0104079 0.000231936 -0.0129016 -0.0194783 0.0121429 0.0140412 -0.0140203 0.0219517 0.0281839 -0.0454173
internal_weight=1379.7 1338.4 1264.59 150.151 1114.44 73.8149 58.4625 15.3524 41.2947 9.08104 32.2137 27.3123 5.19592
internal_count=4298 4183 3898 407 3491 285 234 51 115 42 73 58 34
is_linear=0
shrinkage=0.03


Tree=118
num_leaves=14
num_cat=0
split_feature=13 8 1 26 9 26 26 3 21 9 11 22 9
split_gain=7.98056 16.7164 15.8748 13.9678 12.5225 10.7833 10.7728 11.6599 10.1476 10.026 7.34705 2.50547 1.60589
threshold=0.026413257492369887 -0.026558008563271791 0.029721947347421823 0.0039787770988243465 1.4309681155656011 0.002604553764449988 0.0021723272850493309 1.0000000180025095e-35 2390197.5000000005 1.0925095253505084 0.0073966013228723036 87839647.903000012 1.5891438044972193
decision_type=2 2 2 2 2 2 2 2 2 2 2 2 2
left_child=1 11 4 -4 -3 6 7 -2 10 -8 -7 -1 -10
right_child=5 2 3 -5 -6 8 9 -9 12 -11 -12 -13 -14
leaf_value=-0.024264200272359 0.02535753710530152 -0.00074164676872031667 0.0049292015098931878 -0.020759078815517397 -0.01137633082601359 -0.016763717840915602 -0.045328826784109058 0.0016419538289942806 0.045792182402286698 -0.003092619303908987 0.011378613259601381 -0.058749132144589107 0.026753665824337455
leaf_weight=3.2542163431644431 19.810159757733345 307.81310218200088 425.8837665040046 19.942249372601509 147.35641336999834 9.3115831725299341 8.0535534620285052 320.85182246565819 6.1370996236801174 13.600366294384001 80.766065806150436 4.543572410941124 11.38361708819866
leaf_count=14 44 1074 1231 80 661 31 29 847 9 38 198 20 22
internal_value=0.00101926 -0.000622002 -0.000243486 0.00378014 -0.00418452 0.00419339 0.00171685 0.00302106 0.0125327 -0.0188012 0.00846946 -0.0443577 0.0334224
internal_weight=1378.71 908.793 900.996 445.826 455.17 469.914 362.316 340.662 107.598 21.6539 90.0776 7.79779 17.5207
internal_count=4298 3080 3046 1311 1735 1218 958 891 260 67 229 34 31
is_linear=0
shrinkage=0.03


Tree=119
num_leaves=14
num_cat=0
split_feature=22 9 26 27 22 23 9 11 23 13 20 20 29
split_gain=7.78182 8.56935 22.5665 19.1986 16.9573 9.67212 12.528 9.32299 5.7372 4.23915 2.87478 0.237461 0.117653
threshold=8351498.1295000007 0.43946995472789402 -0.00012664478935213899 -0.0051698482869473863 41687252.139000006 0.58019635064763353 0.69507075013977404 0.024940643160272599 0.54927419376985676 0.015279654993033963 0.0011936947281244417 0.006128062049799615 0.050999606639091984
decision_type=2 2 2 2 2 2 2 2 2 2 2 2 2
left_child=8 2 3 -2 -4 6 -3 -7 9 -1 12 -12 -10
right_child=1 5 4 -5 -6 7 -8 -9 10 -11 11 -13 -14
leaf_value=-0.024517535326788995 0.040271999791816962 0.022858755867972921 -0.0049783307088976702 -0.014958974095663066 -0.051925267605143731 -2.9687084759932833e-05 -0.0013073685541089499 0.0071524112560819595 -0.03370632304303571 0.019359265317052631 0.0056733203135570301 -0.010411463235601794 -0.042032493646159477
leaf_weight=3.1319851856678742 10.805296599864961 42.94684837013483 13.522333301603796 11.905239596962927 14.191636845469473 1033.0136330537498 35.074640356004238 193.06693378090858 9.3494514059275371 5.3962066732347012 1.4598276764154428 1.9026759713888166 1.8256579264998425
leaf_count=28 21 92 51 45 56 3227 101 484 136 16 12 19 10
internal_value=0.000989551 0.00128378 -0.0108511 0.011319 -0.0290187 0.00175299 0.0119948 0.00110125 -0.0162891 0.00324548 -0.0277487 -0.00342827 -0.0350666
internal_weight=1377.59 1354.53 50.4245 22.7105 27.714 1304.1 78.0215 1226.08 23.0658 8.52819 14.5376 3.3625 11.1751
internal_count=4298 4077 173 66 107 3904 193 3711 221 44 177 31 146
is_linear=0
shrinkage=0.03


Tree=120
num_leaves=15
num_cat=0
split_feature=9 25 6 11 29 25 25 26 25 1 15 7 15 15
split_gain=7.68796 17.5106 13.6723 14.2383 12.0103 11.2813 13.959 29.4459 15.9937 12.3639 11.582 11.2091 10.7303 10.3398
threshold=4.7036814134785638 -8.1711755986950643e-05 94816.500000000015 0.007259896151291999 0.049647616767333862 0.0001129974252780517 0.00016799464110221602 0.003442141630431095 0.00020161101850983283 0.020783221828057665 0.015976383243977519 417533489.28400004 -0.0060930979120177057 0.0095325462263006963
decision_type=2 2 2 2 2 2 2 2 2 2 2 2 2 2
left_child=5 4 3 -3 12 9 7 -7 -8 10 -1 -4 -2 -11
right_child=1 2 11 -5 -6 6 8 -9 -10 13 -12 -13 -14 -15
leaf_value=-0.012797054529521181 -0.0083940059729114922 -0.040392595178549005 0.0097338305265993619 0.0020813242168888149 -0.00028155391528558249 -0.021440426184174747 0.017550359096131968 0.029965496806083524 -0.0015258230058695828 0.0038780982232308179 0.032623119495768349 -0.023141752929202331 -0.046565797818470742 0.014608620528648206
leaf_weight=55.587799772620201 10.388531014323236 13.162017814815046 85.768828868865967 15.43103566765785 15.958053216338156 64.577791336923838 44.197598714381456 11.872353449463843 376.63258931785822 554.18460182473063 5.5579344034194937 10.473830632865427 18.308356462046504 94.616923727095127
leaf_count=235 38 90 239 60 42 243 113 26 1241 1600 12 38 101 220
internal_value=0.000960447 -0.00502265 0.000744542 -0.0174704 -0.0211452 0.00180045 -0.00166467 -0.0134573 0.000477649 0.00422758 -0.00866852 0.00615607 -0.0327473 0.00544297
internal_weight=1376.72 169.491 124.836 28.5931 44.6549 1207.23 497.28 76.4501 420.83 709.947 61.1457 96.2427 28.6969 648.802
internal_count=4298 608 427 150 181 3690 1623 269 1354 2067 247 277 139 1820
is_linear=0
shrinkage=0.03


Tree=121
num_leaves=14
num_cat=0
split_feature=26 26 26 26 26 6 26 22 29 3 14 12 29
split_gain=7.68275 14.9063 14.3232 22.8341 18.911 13.7544 15.9351 9.59233 12.754 7.78798 7.4315 2.88296 0.351859
threshold=-0.0041414891423022836 -0.0029235678665586406 -0.0021192049006071409 -0.002298732745018009 -0.00099618833184955333 313012.00000000006 -0.0031549236277191688 55699945.191000007 0.058742940475934376 0.42328292767993064 0.069638855211434342 -0.01102701395366946 0.043463716482731556
decision_type=2 2 2 2 2 2 2 2 2 2 2 2 2
left_child=7 5 3 -3 -4 6 -2 8 12 -7 -9 -12 -1
right_child=1 2 4 -5 -6 9 -8 10 -10 -11 11 -13 -14
leaf_value=-0.03731962049679987 0.0033132344599466428 0.00083637008232102783 -0.0082461885467465003 0.024967557069032059 0.0019604751729329975 -0.0091879090451062462 -0.048439266721910526 -0.012481805958956404 0.027627437830995655 -0.043643763908377868 0.035774645702760545 0.01574362151499652 -0.05312267163003459
leaf_weight=2.6479069478809816 42.257556136697531 92.763525433838367 199.01158469729125 56.962336607277393 912.3965893946588 9.4955739378929156 6.1316527873277655 4.9007379412651089 3.8270177990198135 15.608798071742056 16.020977064967159 10.843309760093687 2.4332776069641113
leaf_count=22 151 278 666 129 2825 35 32 15 8 67 31 27 12
internal_value=0.000932379 0.000540948 0.00130632 0.0100169 0.000132844 -0.0125926 -0.0032446 0.0137766 -0.0137346 -0.030611 0.0214918 0.0276895 -0.0448874
internal_weight=1375.3 1334.63 1261.13 149.726 1111.41 73.4936 48.3892 40.6732 8.9082 25.1044 31.765 26.8643 5.08118
internal_count=4298 4183 3898 407 3491 285 183 115 42 102 73 58 34
is_linear=0
shrinkage=0.03


Tree=122
num_leaves=15
num_cat=0
split_feature=26 5 21 29 28 25 21 22 21 12 0 11 13 15
split_gain=7.62408 8.97294 8.85922 8.55102 11.0194 12.4273 8.85192 26.4682 9.08309 8.51852 7.50053 4.00331 3.36706 3.36444
threshold=0.004252203386569813 -0.0009080660552582329 208129.00000000003 0.067243942175642085 0.0032491727084047631 3.7525433115442088e-05 307714.00000000006 161723459.76950005 3867287.0000000005 -0.0030305611714053649 -2.8536235999560039e-05 0.024940643160272599 0.02441795158941713 0.003269436514225163
decision_type=2 2 2 2 2 2 2 2 2 2 2 2 2 2
left_child=3 9 12 4 5 -1 7 -5 -8 13 -6 -11 -3 -2
right_child=1 2 -4 6 10 -7 8 -9 -10 11 -12 -13 -14 -15
leaf_value=0.0029440094954215588 0.025451714410700314 -0.019771024579438235 -0.04260971044524306 0.0032741466710961239 0.048007676437093673 -0.0036682960074649164 0.0094897717328922444 -0.057143505225826237 -0.026725874908386019 -0.045938175351843066 0.0053220134062607893 -0.0029177024393676437 0.016291690149718579 -0.00048075729529008682
leaf_weight=518.77489472366869 8.8624540902674251 5.2142243850976246 11.871607691049574 49.326752126216888 7.0936504639685154 504.6511775944382 225.67843833565712 7.5209040492773047 6.4098355323076239 4.0492977276444426 7.7552232816815359 3.7492641061544418 4.2126425951719284 9.1527708172798139
leaf_count=1604 22 24 51 122 17 1795 520 29 21 22 25 10 10 26
internal_value=0.000905067 -0.0109546 -0.0253683 0.00132605 5.57573e-05 -0.000316517 0.00589079 -0.00471907 0.00848956 0.000937786 0.0257139 -0.0252555 -0.00365546 0.0122765
internal_weight=1374.32 47.1123 21.2985 1327.21 1038.27 1023.43 288.936 56.8477 232.088 25.8138 14.8489 7.79856 9.42687 18.0152
internal_count=4298 165 85 4133 3441 3399 692 151 541 80 42 32 34 48
is_linear=0
shrinkage=0.03


Tree=123
num_leaves=10
num_cat=0
split_feature=25 25 7 25 25 3 5 11 0
split_gain=7.53795 11.2904 23.5137 11.1587 13.679 9.6676 7.91106 7.32181 1.6024
threshold=-0.001013258929688022 -0.00074090273753692323 213190011.86450002 -0.0003944043076717358 -0.00044161127236986788 0.21716672655407937 0.0014348214761570365 0.019715284825928148 0.00011352683920888059
decision_type=2 2 2 2 2 2 2 2 2
left_child=6 2 7 4 -3 -5 -1 -2 -8
right_child=1 3 -4 5 -6 -7 8 -9 -10
leaf_value=-0.0051994316106059911 -0.026486493018525001 0.00074977463620282342 0.036033829544257941 -0.0043415034250919226 0.02194201746448823 0.0017179430552489291 0.018485946371070261 -0.073556859805954417 0.037692077042723052
leaf_weight=9.1272573769092578 14.464847408235078 62.615151222795248 5.2246879488229743 322.90727812983096 48.757950522005558 890.424999602139 6.664294600486758 3.7439812198281279 9.4583495110273343
leaf_count=28 68 186 10 1085 112 2756 17 18 18
internal_value=0.000878544 0.000574376 -0.0200675 0.000939523 0.0100275 0.000105327 0.0171186 -0.0361648 0.0297532
internal_weight=1373.39 1348.14 23.4335 1324.71 111.373 1213.33 25.2499 18.2088 16.1226
internal_count=4298 4235 96 4139 298 3841 63 86 35
is_linear=0
shrinkage=0.03


Tree=124
num_leaves=15
num_cat=0
split_feature=14 15 14 29 9 14 29 1 13 6 1 5 4 1
split_gain=7.64357 13.7057 14.4687 19.5373 11.8293 31.486 11.7949 12.9804 17.4543 16.2182 11.1579 8.28885 3.31302 6.9218
threshold=0.95391551882287129 0.0092304733251702496 0.89646239056637145 0.046549577884010603 0.40830953169482126 0.27684877071689057 0.033489878279165462 0.024606820865281164 0.01984798361519791 240154.50000000003 0.12663377598747735 -0.011619038234134805 7.5000000000000009 0.023091970855176707
decision_type=2 2 2 2 2 2 2 2 2 2 2 2 2 2
left_child=1 4 3 -3 5 -1 12 8 -8 -9 -6 -4 13 -2
right_child=6 2 11 -5 10 -7 7 9 -10 -11 -12 -13 -14 -15
leaf_value=0.019273784624978099 -0.039289070534112548 -0.024437899397418611 0.042117305022075842 0.009896956967449376 0.0011448316486340939 -0.041088207133336205 0.041846533655726409 -0.032456593535987822 -0.0056876224131557308 0.0020108602925704593 -0.031198012327571963 0.014767597061665368 -0.038578152505930531 0.025477917412677204
leaf_weight=12.776936527341602 3.4313148986548212 20.625149060040712 11.705485597252844 53.878718137741089 1078.4010790064931 19.875895837321877 11.809204585850241 19.997763939201832 16.904560141265392 31.862393394112587 9.686151519417761 67.388367667794228 11.760236227884887 2.6183214671909809
leaf_count=36 24 80 21 128 3378 87 29 78 55 80 35 171 86 10
internal_value=0.000852765 0.00147478 0.00987884 0.000391926 0.000322996 -0.0174688 -0.00720396 -0.00232037 0.0138619 -0.0112801 0.000856916 0.0188152 -0.0292979 -0.0112575
internal_weight=1372.72 1274.34 153.598 74.5039 1120.74 32.6528 98.3838 80.5739 28.7138 51.8602 1088.09 79.0939 17.8099 6.04964
internal_count=4298 3936 400 208 3536 123 362 242 84 158 3413 192 120 34
is_linear=0
shrinkage=0.03


Tree=125
num_leaves=14
num_cat=0
split_feature=28 28 26 25 25 25 28 25 20 3 15 12 29
split_gain=7.58223 10.7759 37.7987 13.9484 10.714 21.0179 18.8902 9.54314 19.2242 9.82611 2.22803 1.9042 1.54314
threshold=-0.0027348552634087367 -0.001810315506826046 -0.001295535613540584 0.00066001127197761367 -0.000152581626249253 -0.00027410915263091797 -0.00029460343481942905 0.00023051528958966649 -0.0063140905256748236 0.39288308584426418 -0.010471903072430516 -0.0068090337982942232 0.057048793532669069
decision_type=2 2 2 2 2 2 2 2 2 2 2 2 2
left_child=7 2 3 -2 5 -3 -6 9 10 -1 -9 -11 -4
right_child=1 4 12 -5 6 -7 -8 8 -10 11 -12 -13 -14
leaf_value=-0.0077932424448796996 0.013799160887585709 0.0011339373898255161 -0.044057331693612221 -0.01907706049906854 0.0048237272150197311 0.018414501711198211 -0.0039550771032300864 -0.012043257174853028 0.047334981338236715 0.035337756522468809 -0.044268563060052772 0.017560176890648684 -0.063128098841931449
leaf_weight=8.1271795071661455 30.953715670853853 238.7763042692095 9.5565222501754743 18.589914716780186 356.73245525546372 86.218693483620882 578.0859258081764 2.8576651215553275 3.7430240213870993 18.134417235851288 5.9543233104050151 7.7358497809618738 6.360037460923194
leaf_count=28 81 717 53 83 1048 204 1950 11 9 34 32 22 26
internal_value=0.000827588 0.000409576 -0.0114579 0.00146324 0.00102621 0.00571834 -0.000605031 0.0127277 -0.00962396 0.020982 -0.0338181 0.0300218 -0.0516777
internal_weight=1371.83 1325.27 65.4602 49.5436 1259.81 324.995 934.818 46.5525 12.555 33.9974 8.81199 25.8703 15.9166
internal_count=4298 4162 243 164 3919 921 2998 136 52 84 43 56 79
is_linear=0
shrinkage=0.03


Tree=126
num_leaves=12
num_cat=0
split_feature=29 29 29 25 28 21 7 7 21 23 23
split_gain=7.45622 7.89406 16.0066 12.0971 10.3099 6.17094 10.6269 0.00445044 0.00116987 0.000474809 0.000171144
threshold=0.019547370574449802 0.020007434860058581 0.026842835822145025 0.00010794396705370389 -0.0027348552634087367 3496648.0000000005 111951962.05350001 2885964.2120000003 497733.50000000006 2.2121694742419189 1.2066543549439095
decision_type=2 2 2 2 2 2 2 2 2 2 2
left_child=7 5 3 -3 -4 6 -2 9 -9 10 -1
right_child=1 2 4 -5 -6 -7 -8 8 -10 -11 -12
leaf_value=-0.030970709567493815 0.01489987035896303 -0.0026184751547760261 0.015616016598573118 -0.028742870724313925 0.00076405047502902377 0.043397810273645095 -0.033297345601281982 -0.032730190155105317 -0.033806201962185624 -0.032399423249294401 -0.031610211901317298
leaf_weight=0.56778442673385088 34.855711366981268 36.612538516521454 43.579215198755264 28.270376641303301 1211.3960101306438 5.3998811841011038 4.6686953753232947 1.6083970889449122 2.09245365858078 0.56550709530711163 1.1187434308230875
leaf_count=21 101 189 116 185 3581 8 16 23 22 10 26
internal_value=0.000803395 0.000949524 0.000528588 -0.0140012 0.00127979 0.0133165 0.00920673 -0.0326987 -0.0333386 -0.0316472 -0.0313949
internal_weight=1370.74 1364.78 1319.86 64.8829 1254.98 44.9243 39.5244 5.95289 3.70085 2.25203 1.68653
internal_count=4298 4196 4071 374 3697 125 117 102 45 57 47
is_linear=0
shrinkage=0.03


Tree=127
num_leaves=13
num_cat=0
split_feature=22 14 21 25 11 28 23 15 21 8 25 29
split_gain=7.3707 9.05957 10.2942 8.4225 14.161 7.98593 7.73561 5.95106 6.53899 4.93005 5.8091 0.428657
threshold=8351498.1295000007 0.99577150008939841 445128.00000000006 0.00060394083698791785 0.0058073462045177505 -0.0020207740724513309 1.0975490594004893 0.0051451671996765556 42370.500000000007 0.0066387132261614525 -0.00025970862266279604 0.056804537989756702
decision_type=2 2 2 2 2 2 2 2 2 2 2 2
left_child=7 3 6 5 -5 -2 -3 9 -9 11 -11 -1
right_child=1 2 -4 4 -6 -7 -8 8 -10 10 -12 -13
leaf_value=-0.034409586008384133 0.012504096945395518 -0.053928675964127065 0.0090610992408981551 -0.031753936529797265 0.00029130472040606942 0.0013590057101479308 -0.0097471469676430542 -0.035485760744212842 0.028467784250222814 0.031761514666796421 -0.034596646988142458 -0.050319279387721495
leaf_weight=9.3851704355329293 60.777164082974195 7.5838600061833876 8.1649066433310491 18.166847944259644 39.172555223107338 1206.7530476655811 6.7331341691315174 2.1268175132572642 4.4483899530023336 2.4398986101150513 2.3127262555062762 1.8196691870689381
leaf_count=135 168 40 22 83 129 3605 30 21 21 6 30 8
internal_value=0.000779627 0.0010642 -0.0178203 0.00138466 -0.00986159 0.0018934 -0.0331506 -0.0162368 0.00778136 -0.0261333 -0.000529749 -0.0369933
internal_weight=1369.88 1347.35 22.4819 1324.87 57.3394 1267.53 14.317 22.5327 6.57521 15.9575 4.75262 11.2048
internal_count=4298 4077 92 3985 212 3773 70 221 42 179 36 143
is_linear=0
shrinkage=0.03


Tree=128
num_leaves=12
num_cat=0
split_feature=29 29 29 25 28 21 7 7 21 21 25
split_gain=7.16916 7.43595 15.1655 11.6938 9.30895 5.91209 9.98728 0.00410786 0.0010557 0.000377231 2.11281e-05
threshold=0.019547370574449802 0.020007434860058581 0.026842835822145025 0.00010794396705370389 -0.0027348552634087367 3496648.0000000005 111951962.05350001 2885964.2120000003 497733.50000000006 75073.000000000015 8.9806067273436998e-05
decision_type=2 2 2 2 2 2 2 2 2 2 2
left_child=7 5 3 -3 -4 6 -2 9 -9 10 -1
right_child=1 2 4 -5 -6 -7 -8 8 -10 -11 -12
leaf_value=-0.031256577810348685 0.0144356442889799 -0.0025593886151118006 0.014878732582362716 -0.028368868428896965 0.00072893286196662726 0.042536481734080069 -0.03220511614993693 -0.032653635270441649 -0.033688940344233899 -0.031929203013474503 -0.030968478078422807
leaf_weight=0.51375325582921449 34.847133170813322 36.566496212035418 43.343003548681736 27.819146130234003 1210.6735898889601 5.3397108614444724 4.6878430694341651 1.5663879141211512 2.0420434065163136 1.2318802848458288 0.4134749248623848
leaf_count=16 101 189 116 185 3581 8 16 23 22 26 15
internal_value=0.000756488 0.000897693 0.000488928 -0.0137109 0.001218 0.0129071 0.00890524 -0.0326202 -0.0332395 -0.0315852 -0.0311281
internal_weight=1369.04 1363.28 1318.4 64.3856 1254.02 44.8747 39.535 5.76754 3.60843 2.15911 0.927228
internal_count=4298 4196 4071 374 3697 125 117 102 45 57 31
is_linear=0
shrinkage=0.03


Tree=129
num_leaves=13
num_cat=0
split_feature=26 8 29 26 22 9 8 9 26 28 28 14
split_gain=7.11674 8.91309 9.26662 19.1543 8.21032 16.0445 11.0622 10.6069 20.1297 11.9476 5.47967 2.82418
threshold=0.004252203386569813 0.01024444971448657 0.044225725220021377 0.0043251658438928442 11463142.386000002 0.76861528657784561 0.0043499696808780358 0.43946995472789402 -0.00012664478935213899 -0.0010190876688265774 -0.00073829465066141354 0.44934938281373243
decision_type=2 2 2 2 2 2 2 2 2 2 2 2
left_child=4 2 11 -4 5 6 -1 8 -6 -9 -7 -2
right_child=1 -3 3 -5 7 10 -8 9 -10 -11 -12 -13
leaf_value=-0.0073671931496861838 -0.0051507458510717521 -0.048851089239454824 -0.05019107092303355 0.011362202002886443 0.0078717664605825605 -0.0039481695760371751 0.038458460146672022 -0.0030276501976017381 -0.034198062457875877 0.0038074633324748823 -0.033280932121313452 -0.043216160467976432
leaf_weight=12.880793310701849 2.3828085772693139 4.9447904452681533 5.45629659295082 27.391299173235893 20.231431417167187 7.8865908198058632 7.502332527190446 306.42709792032838 20.719181559979916 924.75071956962347 20.978501772508025 6.6492124497890472
leaf_count=93 12 24 24 66 58 58 24 959 80 2675 186 39
internal_value=0.0007341 -0.0107597 -0.0062622 0.00113762 0.0011414 -0.0108773 0.00949966 0.00160668 -0.0134137 0.00210628 -0.0252666 -0.0331738
internal_weight=1368.2 46.8244 41.8796 32.8476 1321.38 49.2482 20.3831 1272.13 40.9506 1231.18 28.8651 9.03202
internal_count=4298 165 141 90 4133 361 117 3772 138 3634 244 51
is_linear=0
shrinkage=0.03


Tree=130
num_leaves=15
num_cat=0
split_feature=9 25 6 22 11 28 25 28 28 28 1 28 15 9
split_gain=7.10426 16.8337 12.6877 16.0974 13.532 11.7644 10.0686 15.891 48.0085 15.1017 11.1996 11.4582 10.8882 8.659
threshold=4.7036814134785638 -8.1711755986950643e-05 94816.500000000015 415919227.25800008 0.007259896151291999 0.00061650237050058258 0.0001129974252780517 -0.00029460343481942905 0.00087141800321938266 -0.00079693146320544662 0.020783221828057665 -0.0010190876688265774 0.015976383243977519 6.839017406930525
decision_type=2 2 2 2 2 2 2 2 2 2 2 2 2 2
left_child=6 5 4 -4 -3 13 10 9 -9 -8 12 -12 -1 -2
right_child=1 2 3 -5 -6 -7 7 8 -10 -11 11 -13 -14 -15
leaf_value=-0.012527394259677634 -0.032517876192811178 -0.040079544755262903 0.011389159102906943 -0.021341727505069338 0.0018063544333572902 -0.041584583757467139 0.00016516044270468251 -0.023521922752790244 0.0033602893158252729 0.019491068042636589 -0.0038024663732710621 0.0068017822279982428 0.031593575348124757 0.0025790031762646741
leaf_weight=55.145669333636761 9.5784191191196459 12.678074147552254 79.330236695706844 16.302369385957718 15.342290591448544 15.929062100127338 197.38022142834961 97.483522359281778 154.63188225962222 44.616453569382429 110.71867252700031 534.05672459490597 5.5396274328231803 18.635750606656075
leaf_count=235 42 90 221 56 60 82 639 393 477 114 335 1485 12 57
internal_value=0.000712246 -0.00506952 0.00060788 0.00580957 -0.0171453 -0.0209729 0.001521 -0.0017631 -0.00703405 0.00372824 0.00382122 0.00498086 -0.00849983 -0.00933602
internal_weight=1367.37 167.796 123.653 95.6326 28.0204 44.1432 1199.57 494.112 252.115 241.997 705.461 644.775 60.6853 28.2142
internal_count=4298 608 427 277 150 181 3690 1623 870 753 2067 1820 247 99
is_linear=0
shrinkage=0.03


Tree=131
num_leaves=10
num_cat=0
split_feature=25 25 7 25 28 22 5 0 0
split_gain=7.05705 10.8233 22.1227 10.6232 24.1023 8.71085 7.50562 5.54116 1.4312
threshold=-0.001013258929688022 -0.00074090273753692323 213190011.86450002 -0.0003944043076717358 -0.0018901392030305113 8976196.342000002 0.0014348214761570365 -8.8107166444090758e-05 0.00016632431910759121
decision_type=2 2 2 2 2 2 2 2 2
left_child=6 2 7 4 -3 -5 -1 -2 -8
right_child=1 3 -4 5 -6 -7 8 -9 -10
leaf_value=-0.0051960934982480007 -0.058049393452907577 -0.043868218422078498 0.035015411457322072 -0.019244457312643966 0.013327033618691203 0.00028001427748571104 0.018926063011757782 -0.023287808926776239 0.037139484846204079
leaf_weight=9.0654100105166453 6.3449042551219526 7.08535780198872 5.1489762812852851 20.928490981459618 103.41583953425288 1186.5038696806878 6.9695864021778098 11.807107668370007 8.767606243491171
leaf_count=28 35 38 10 220 260 3621 18 51 17
internal_value=0.000691288 0.000398065 -0.0198698 0.0007564 0.00965966 -5.84045e-05 0.0165477 -0.0354385 0.0290732
internal_weight=1366.04 1341.23 23.301 1317.93 110.501 1207.43 24.8026 18.152 15.7372
internal_count=4298 4235 96 4139 298 3841 63 86 35
is_linear=0
shrinkage=0.03


Tree=132
num_leaves=13
num_cat=0
split_feature=26 26 10 6 26 26 28 7 29 6 26 1
split_gain=6.87301 13.5831 13.3279 14.8708 12.8475 21.8371 19.777 6.91802 5.27456 4.78693 4.77924 0.346809
threshold=-0.0041414891423022836 -0.0029235678665586406 0.0087989484010827634 313012.00000000006 -0.0021192049006071409 -0.002298732745018009 -0.0010190876688265774 12771230.552000003 0.051624236850219378 194748.50000000003 -0.0047244607365594495 0.023580523670081392
decision_type=2 2 2 2 2 2 2 2 2 2 2 2
left_child=7 2 3 -2 5 -3 -6 8 -1 -9 -11 -4
right_child=1 4 11 -5 6 -7 -8 9 -10 10 -12 -13
leaf_value=-0.038808305151220142 0.0028780503466105615 0.00029759864768100344 -0.037477059611010791 -0.027424976623930016 -0.011414374484970371 0.023969658340525408 0.0013431846486961808 0.034108041012955843 0.010582912846297513 0.02004537948102595 -0.011830354309660635 -0.051150413963292361
leaf_weight=3.6228507533669463 42.098990231752396 92.092973329126835 2.2765506058931333 22.292670570313931 123.08839560672641 56.644762385636568 980.69818589650095 12.048189476132395 4.204058438539505 13.581253573298456 6.1504304185509673 6.2606975957751274
leaf_count=27 149 278 17 91 432 129 3059 23 11 34 20 28
internal_value=0.000671025 0.000303048 -0.0122828 -0.00761299 0.00103586 0.00931278 -7.94703e-05 0.0129855 -0.0122789 0.0192077 0.0101096 -0.0475043
internal_weight=1365.06 1325.45 72.9289 64.3917 1252.52 148.738 1103.79 39.6068 7.82691 31.7799 19.7317 8.53725
internal_count=4298 4183 285 240 3898 407 3491 115 38 77 54 45
is_linear=0
shrinkage=0.03


Tree=133
num_leaves=15
num_cat=0
split_feature=14 15 14 29 8 29 9 14 1 8 5 28 15 17
split_gain=7.03161 12.9659 13.4984 18.1329 12.695 14.3066 10.837 28.6362 10.4532 10.2276 7.98768 3.98335 3.52776 3.52653
threshold=0.95391551882287129 0.0092304733251702496 0.89646239056637145 0.046549577884010603 -0.010425973005742046 0.033489878279165462 0.40830953169482126 0.27684877071689057 0.12663377598747735 0.00044472650725301568 -0.011619038234134805 0.0020457170403556384 0.0043567965432092593 0.025447964814535855
decision_type=2 2 2 2 2 2 2 2 2 2 2 2 2 2
left_child=1 6 3 -3 11 12 7 -1 -8 -7 -4 13 -6 -2
right_child=4 2 10 -5 5 9 8 -9 -10 -11 -12 -13 -14 -15
leaf_value=0.018135057592219204 -0.039615156188394104 -0.023716090764709496 0.041155139324671887 0.0094647630136307746 0.0097928519442865829 0.01499168598248482 0.00091808134167521 -0.039593209661677842 -0.030432914217439641 -0.0082390309991282225 0.014143559562400687 -0.058924734294707758 -0.033513438573431018 -0.001368302326259508
leaf_weight=12.72185320034623 5.0956726241856796 20.517161190509796 11.553571015596388 53.409046620130539 1.9231238607317234 33.419520512223244 1072.334990516305 19.723398370668292 9.6579174250364286 34.835734449326992 66.935260325670242 4.1540884375572196 14.143506826832889 3.7785833775997162
leaf_count=36 23 80 21 128 13 87 3378 87 35 113 171 19 97 10
internal_value=0.000651298 0.00124835 0.00945516 0.000255892 -0.00711839 -0.00286002 0.000125957 -0.0169578 0.000638241 0.00313532 0.0181197 -0.0346794 -0.0283298 -0.02333
internal_weight=1364.2 1266.85 152.415 73.9262 97.3502 84.3219 1114.44 32.4453 1081.99 68.2553 78.4888 13.0283 16.0666 8.87426
internal_count=4298 3936 400 208 362 310 3536 123 3413 200 192 52 110 33
is_linear=0
shrinkage=0.03


Tree=134
num_leaves=13
num_cat=0
split_feature=26 8 14 6 29 28 27 21 22 23 15 10
split_gain=6.83269 8.48064 8.73111 9.72246 7.81259 10.5551 9.18091 8.20267 24.6301 8.29766 7.22842 5.81308
threshold=0.004252203386569813 0.01024444971448657 0.52697113190324241 111742.50000000001 0.067243942175642085 0.0032491727084047631 -0.011500358665704959 307714.00000000006 161723459.76950005 1.7560111231099433 0.003806945612293468 0.0013769219541594948
decision_type=2 2 2 2 2 2 2 2 2 2 2 2
left_child=4 2 11 -4 5 6 -1 8 -6 -9 -7 -2
right_child=1 -3 3 -5 7 10 -8 9 -10 -11 -12 -13
leaf_value=-0.0073082665211960012 -0.0050250428175543475 -0.048114236566326143 0.0025160292780935047 -0.031414317296616083 0.0029708323741989618 0.044515681573480056 0.00065103848492836282 0.010393857464352792 -0.055161819834014164 -0.0052910166830350156 0.0024682895210020928 0.03829067962678067
leaf_weight=153.67605421692133 5.6336445063352567 4.8744564261287442 15.052844073623421 15.352090094238518 48.910468548536301 7.9169597513973695 862.25896487012506 193.66648098826408 7.5754217356443396 35.997716099023819 6.8750630132853985 5.5211597234010696
leaf_count=491 22 24 49 60 122 16 2908 445 29 96 26 10
internal_value=0.000632087 -0.0106782 -0.00628739 -0.0146161 0.0010309 -0.000186609 -0.000552931 0.00541642 -0.00482544 0.0079354 0.0249728 0.0164144
internal_weight=1363.31 46.4342 41.5597 30.4049 1316.88 1030.73 1015.94 286.15 56.4859 229.664 14.792 11.1548
internal_count=4298 165 141 109 4133 3441 3399 692 151 541 42 32
is_linear=0
shrinkage=0.03


Tree=135
num_leaves=13
num_cat=0
split_feature=29 29 29 25 26 4 8 26 22 6 9 23
split_gain=6.78616 6.90385 13.9583 11.1905 8.58985 5.8664 7.15682 5.10303 0.00340177 0.00107974 0.000415496 9.5648e-05
threshold=0.019547370574449802 0.020007434860058581 0.026842835822145025 -1.6886585215245015e-05 -0.0047244607365594495 262.50000000000006 -0.0027426195592643557 -0.0006137127579385087 17291020.811000004 56685.000000000007 3.2950723682163523 1.3165690077820511
decision_type=2 2 2 2 2 2 2 2 2 2 2 2
left_child=8 5 3 -3 -4 7 -7 -2 10 -10 11 -1
right_child=1 2 4 -5 -6 6 -8 -9 9 -11 -12 -13
leaf_value=-0.030919349029802978 0.0028484044549276989 0.00035489201022593012 0.019816680346617477 -0.024912460463265087 0.00072183725074631794 -0.045588156218123968 0.015306639801148427 0.025605423981122356 -0.032511462870952385 -0.033548415443389289 -0.032196050730859148 -0.031432620108849965
leaf_weight=0.55880562216043361 14.246504597365854 29.0634810552001 21.575685452669859 34.502086883410811 1227.2612560391426 3.2373059391975403 3.7480758726596823 23.491456061601639 1.676228888332844 1.9610292539000509 0.55333524756133545 0.7868767511099577
leaf_count=23 40 143 58 231 3639 18 12 55 26 22 11 20
internal_value=0.000613496 0.000748715 0.000353721 -0.0133597 0.00105173 0.0123398 -0.0129144 0.0170144 -0.0325332 -0.0330705 -0.031504 -0.0312195
internal_weight=1362.66 1357.13 1312.4 63.5656 1248.84 44.7233 6.98538 37.738 5.53628 3.63726 1.89902 1.34568
internal_count=4298 4196 4071 374 3697 125 30 95 102 48 54 43
is_linear=0
shrinkage=0.03


Tree=136
num_leaves=15
num_cat=0
split_feature=14 8 14 10 13 22 10 3 3 9 28 10 8 7
split_gain=6.66343 12.0415 10.9637 19.2325 18.4982 11.7081 10.314 9.30159 11.6449 7.09973 3.78112 3.31778 3.12318 1.81648
threshold=0.95391551882287129 -0.010425973005742046 0.82442715368117314 0.0048814350197144193 0.019736740024664509 7901446.1830000011 0.0018613500675238115 0.98495841393003991 0.91185435621011413 1.7383106018186194 0.0020457170403556384 0.025447964814535855 0.0066387132261614525 1573517.6110000003
decision_type=2 2 2 2 2 2 2 2 2 2 2 2 2 2
left_child=2 10 5 6 -5 12 -4 8 -3 -7 11 -2 -1 -9
right_child=1 7 3 4 -6 9 -8 13 -10 -11 -12 -13 -14 -15
leaf_value=-0.037109155373451171 -0.038704176193882257 -0.0041184171347489968 0.0048698685052686198 -0.011931999612591393 0.0086086252921328786 0.0021213769688770198 0.035412704637341134 -0.013157319121771188 0.032819614880161004 -0.0030804201925799198 -0.057622022405438109 -0.0015327125912276503 -0.0035539422226322664 -0.048761615722800175
leaf_weight=9.6611426901072246 5.0604787915945035 69.16275118291378 15.201970309019087 54.54107702895999 142.69197892583907 634.25422814302146 28.805891375988722 1.8316200971603382 8.6408647596836072 376.21662496775389 4.1239083334803572 3.7718545347452164 3.3662686105817547 4.3583448901772499
leaf_count=124 23 253 47 209 378 1794 70 15 20 1284 19 10 30 22
internal_value=0.000595356 -0.00698445 0.00117639 0.00692969 0.0029285 -0.000179671 0.0248621 -0.00283201 -1.60816e-05 0.000184654 -0.0339042 -0.0228301 -0.0284385 -0.0382262
internal_weight=1361.69 96.9498 1264.74 241.241 197.233 1023.5 44.0079 83.9936 77.8036 1010.47 12.9562 8.83233 13.0274 6.18996
internal_count=4298 362 3936 704 587 3232 117 310 273 3078 52 33 154 37
is_linear=0
shrinkage=0.03


Tree=137
num_leaves=11
num_cat=0
split_feature=25 25 7 25 28 13 11 6 11 27
split_gain=6.6565 10.2372 20.8733 10.0584 22.6166 8.30669 7.78827 7.04886 8.17861 0.987117
threshold=-0.001013258929688022 -0.00074090273753692323 213190011.86450002 -0.0003944043076717358 -0.0018901392030305113 0.026413257492369887 0.0022321388624240292 106642.50000000001 0.0084134222245547414 0.0030298896351215344
decision_type=2 2 2 2 2 2 2 2 2 2
left_child=7 2 6 4 -3 -5 -2 8 -1 -9
right_child=1 3 -4 5 -6 -7 -8 9 -10 -11
leaf_value=-0.032094072996228511 0.019583813548510399 -0.043177645758460143 0.034215932126580792 -0.0019825786271224729 0.012868970673528098 0.0032405038428758638 -0.041786730702029172 0.021079733690866641 0.023234018410614482 0.036550775725869643
leaf_weight=4.7229000478982943 2.1071622446179452 6.9157657623291007 5.0812266021966925 781.3378944657743 102.82323672249913 422.07954436540604 15.935646956786512 7.2192088812589628 4.8984285295009613 7.6394487768411636
leaf_count=19 6 38 10 2732 260 1109 80 17 11 16
internal_value=0.000577747 0.000293753 -0.0194937 0.0006422 0.00933691 -0.000150665 -0.0346195 0.0160801 -0.00392533 0.029034
internal_weight=1360.76 1336.28 23.124 1313.16 109.739 1203.42 18.0428 24.48 9.62133 14.8587
internal_count=4298 4235 96 4139 298 3841 86 63 30 33
is_linear=0
shrinkage=0.03


Tree=138
num_leaves=12
num_cat=0
split_feature=29 29 29 25 28 21 7 7 21 23 23
split_gain=6.50067 6.65465 13.1862 10.5908 8.5827 5.65515 9.09575 0.00333697 0.000987719 0.0003982 0.000100566
threshold=0.019547370574449802 0.020007434860058581 0.028908263013382379 -0.00034703461401847021 -0.0027348552634087367 3496648.0000000005 111951962.05350001 2885964.2120000003 497733.50000000006 2.2121694742419189 1.2358288674976532
decision_type=2 2 2 2 2 2 2 2 2 2 2
left_child=7 5 3 -3 -4 6 -2 9 -9 10 -1
right_child=1 2 4 -5 -6 -7 -8 8 -10 -11 -12
leaf_value=-0.030888685630730304 0.01350004973403629 0.0074895137085245122 0.014534957884903861 -0.015696856983030392 0.00068530905753786753 0.041411801500886587 -0.031025921647244561 -0.032425704790369839 -0.033462804496547302 -0.032183487020265279 -0.031404568061096219
leaf_weight=0.54120690096169599 34.663960479199886 23.178571306169033 41.706985201686621 75.423652874305844 1169.3658682852983 5.2258339971303931 4.6874441504478446 1.4430600441992285 1.9343439005315302 0.51488438993692387 0.91518173553049564
leaf_count=23 101 94 111 467 3399 8 16 23 22 10 24
internal_value=0.000560946 0.000691313 0.000303333 -0.0102464 0.00116226 0.0120901 0.00819622 -0.0324472 -0.0330197 -0.0314664 -0.0312129
internal_weight=1359.6 1354.25 1309.68 98.6022 1211.07 44.5772 39.3514 5.34868 3.3774 1.97127 1.45639
internal_count=4298 4196 4071 561 3510 125 117 102 45 57 47
is_linear=0
shrinkage=0.03


Tree=139
num_leaves=15
num_cat=0
split_feature=26 7 28 28 12 28 29 28 15 15 5 18 29 9
split_gain=6.4504 8.40925 7.809 18.0712 21.927 19.3582 17.0171 17.5933 9.70331 6.81432 10.6587 6.2748 5.83186 7.10463
threshold=0.004252203386569813 10242802.232500002 0.0013878539853723487 2.7516414747193422e-05 -0.004529532287997449 -0.00011159219636800322 0.036590279387962693 0.0021739570344281455 0.0081365698091616003 0.0030863443568812498 -0.0009080660552582329 0.030539776303007953 0.056201749382250719 0.62706351242065095
decision_type=2 2 2 2 2 2 2 2 2 2 2 2 2 2
left_child=2 12 3 5 -5 -1 8 -8 -4 10 -3 -11 13 -2
right_child=1 9 6 4 -6 -7 7 -9 -10 11 -12 -13 -14 -15
leaf_value=0.00010360786744527529 0.016433072193975967 0.017470143389258012 -0.0045055150316224441 -0.00068770260715013247 -0.017822893887045197 0.013245700831031937 0.018082456879808879 0.0013586426096777603 -0.039831351763719651 -0.044922862631415823 -0.03501794623558678 -0.0076210919431392134 0.030003320641666775 -0.041519099484863382
leaf_weight=611.30133441090584 4.3906017541885358 8.6293456554412824 42.2311304314062 199.46820559352636 101.36799214407802 120.80946199595928 102.69003889709711 126.17291838675737 8.3880215995013696 11.274775281548502 5.8373303785920134 6.3414513915777198 6.3958054333925247 3.3615953205153346
leaf_count=1946 14 22 242 612 395 320 232 333 53 49 25 18 12 25
internal_value=0.000544379 -0.0104693 0.000932339 -0.000271364 -0.00646148 0.00227225 0.00538114 0.00886256 -0.0103593 -0.0189658 -0.0037089 -0.0314951 0.00879814 -0.0086968
internal_weight=1358.66 46.2309 1312.43 1032.95 300.836 732.111 279.482 228.863 50.6192 32.0829 14.4667 17.6162 14.148 7.7522
internal_count=4298 165 4133 3273 1007 2266 860 565 295 114 47 67 51 39
is_linear=0
shrinkage=0.03


Tree=140
num_leaves=14
num_cat=0
split_feature=1 22 9 21 26 14 20 1 4 11 23 0 13
split_gain=6.34009 19.308 13.7263 12.1786 13.2951 11.7788 10.9745 10.4526 7.01903 8.79794 5.75803 4.76784 0.40161
threshold=0.032930577028624432 1410974265.3365004 0.61893883795072668 4472327.0000000009 0.00048966081271705191 0.021851038166622379 -0.061214144265299232 0.034347629150572094 237.50000000000003 0.021353143375713986 1.5214759681721679 -0.00072970303330930372 0.017985076611388855
decision_type=2 2 2 2 2 2 2 2 2 2 2 2 2
left_child=1 3 8 6 -5 10 -1 -7 11 -10 -4 -2 -3
right_child=2 12 5 4 -6 7 -8 -9 9 -11 -12 -13 -14
leaf_value=0.049876444869384244 0.0078688012986056575 -0.041954528592854437 -0.010714819178210802 -0.0053166809937385253 0.038682862864060613 0.015578378752638618 -0.0019428171907083984 0.0010243229944702256 -0.0065267738226522549 0.032473435443675314 -0.049941950273822387 0.043048376839214038 -0.05593289086745637
leaf_weight=3.6982868909835807 4.714171655476096 3.4363591745495787 9.1365219280123693 10.91881348192692 14.243213027715681 48.400587137788534 679.57452655676752 538.88914746046066 13.583683028817179 8.440612465143202 5.3338720649480811 13.1082307100296 4.0067086964845657
leaf_count=5 12 20 29 30 24 120 2394 1546 37 16 27 21 17
internal_value=0.000528438 -0.00141252 0.00269408 -0.000907515 0.0195897 0.00156494 -0.00166234 0.00222377 0.0197462 0.0084197 -0.0251742 0.0337431 -0.0494793
internal_weight=1357.48 715.878 641.607 708.435 25.162 601.76 683.273 587.29 39.8467 22.0243 14.4704 17.8224 7.44307
internal_count=4298 2490 1808 2453 54 1722 2399 1666 86 53 56 33 37
is_linear=0
shrinkage=0.03


Tree=141
num_leaves=13
num_cat=0
split_feature=9 1 22 28 23 9 25 9 4 26 0 9
split_gain=6.38573 12.8366 10.3265 13.4642 12.5973 14.3772 10.0516 8.38602 7.99931 7.69652 11.2879 9.95785
threshold=0.5215962505783337 0.038490245290463375 11463142.386000002 -0.00073829465066141354 0.58019635064763353 0.69507075013977404 -0.00024191820897113229 2.0250036060493106 202.50000000000003 -0.001496231112040171 0.00020283717647741776 0.27219223126924358
decision_type=2 2 2 2 2 2 2 2 2 2 2 2
left_child=1 9 3 7 5 -4 -5 -2 -6 11 -11 -1
right_child=2 -3 4 6 8 -7 -8 -9 -10 10 -12 -13
leaf_value=0.038913744092542092 0.024527941136053395 0.026173825942875904 0.029785180932672631 -0.00082515195789919691 -0.0015648597398695522 0.00096213746749080806 -0.039321231434352961 -0.035653026510195904 0.0034213059201366712 -0.029041936796305807 -0.0032825299692827796 -0.006689553169743432
leaf_weight=5.5414742529392269 9.8147474257275444 9.4802803546190244 29.746766060590744 9.3482284042984265 595.34833703190088 32.693792968988419 17.5923429466784 2.645653022453188 563.81162415072322 31.010663749650121 30.240091097541153 19.382068432867527
leaf_count=16 52 19 58 46 1847 91 183 26 1654 126 110 70
internal_value=0.00051302 -0.00696001 0.00107989 -0.0140366 0.00156746 0.0146935 -0.0259633 0.01175 0.000860395 -0.0106052 -0.0163243 0.00344984
internal_weight=1356.66 95.6546 1261 39.401 1221.6 62.4406 26.9406 12.4604 1159.16 86.1743 61.2508 24.9235
internal_count=4298 341 3957 307 3650 149 229 78 3501 322 236 86
is_linear=0
shrinkage=0.03


Tree=142
num_leaves=12
num_cat=0
split_feature=26 26 10 6 26 26 28 5 6 5 1
split_gain=6.25006 12.7367 12.7116 14.0975 11.6944 20.3488 18.3381 6.59598 4.5957 6.23633 0.306727
threshold=-0.0041414891423022836 -0.0029235678665586406 0.0087989484010827634 313012.00000000006 -0.0021192049006071409 -0.002298732745018009 -0.0010190876688265774 -0.0054647120545824011 32839.000000000007 0.0071771240271890748 0.023580523670081392
decision_type=2 2 2 2 2 2 2 2 2 2 2
left_child=7 2 3 -2 5 -3 -6 -1 -9 -10 -4
right_child=1 4 10 -5 6 -7 -8 8 9 -11 -12
leaf_value=-0.018310412918245113 0.0026568134021684514 6.041800607369232e-05 -0.037172998577397608 -0.02693084245662529 -0.011149328758827152 0.022990554514877196 0.0011685285873810048 -0.0064283255731201637 0.031164685058235816 -0.0013364340325442163 -0.05023627657677894
leaf_weight=5.4233190156519404 42.085888184607029 91.563513701781631 2.1901794634759408 22.105853110551834 122.44482168089598 56.21605241112411 974.29906037263572 5.9926393143832675 20.117035351693634 7.2205700576305381 6.1885218638926744
leaf_count=23 149 278 17 91 432 129 3059 26 45 21 28
internal_value=0.000497796 0.00014841 -0.0120685 -0.00753235 0.000860803 0.00878315 -0.000206686 0.0123722 0.0173647 0.0225803 -0.0468216
internal_weight=1355.85 1317.09 72.5704 64.1917 1244.52 147.78 1096.74 38.7536 33.3302 27.3376 8.3787
internal_count=4298 4183 285 240 3898 407 3491 115 92 66 45
is_linear=0
shrinkage=0.03


Tree=143
num_leaves=13
num_cat=0
split_feature=14 0 26 6 22 15 22 9 0 23 20 29
split_gain=6.25763 8.19825 7.85855 10.9047 7.80494 7.26557 8.3435 7.77557 4.94522 4.41991 2.94759 1.33703
threshold=0.99577150008939841 0.0014873282092215132 0.0011151655739653937 150262.00000000003 8351498.1295000007 0.0095325462263006963 21454919.346500006 0.43946995472789402 0.0035546279283653367 0.49393069877866008 0.0011936947281244417 0.045590472446786538
decision_type=2 2 2 2 2 2 2 2 2 2 2 2
left_child=4 2 3 -2 9 7 -7 -6 -3 -1 -11 -4
right_child=1 8 11 -5 5 6 -8 -9 -10 10 -12 -13
leaf_value=0.0047717149678618001 -0.043790818150952163 0.028058969029004684 -0.040142743984580308 0.023006076566056726 -0.012482209083536526 0.025629303376484835 0.0044090211776634941 0.00061637461239253018 -0.015943621519210915 -0.034869531830199502 -0.0011874324367294354 -0.068712830325261084
leaf_weight=5.3375735171139267 4.4311828482896107 4.9074522741138917 2.7720801420509806 4.3676811307668686 42.383672259747982 18.509692579507828 168.3171498477459 1082.9876028280705 4.3239933690056205 10.603225021623073 2.9999427516013375 3.1487251967191696
leaf_count=26 28 12 20 9 146 56 456 3327 21 155 27 15
internal_value=0.00048316 -0.014715 -0.0286147 -0.0106334 0.00075662 0.00103261 0.0065114 0.000123056 0.00744823 -0.0183637 -0.0274415 -0.0553365
internal_weight=1355.09 23.9511 14.7197 8.79886 1331.14 1312.2 186.827 1125.37 9.23145 18.9407 13.6032 5.92081
internal_count=4298 105 72 37 4193 3985 512 3473 33 208 182 35
is_linear=0
shrinkage=0.03


Tree=144
num_leaves=12
num_cat=0
split_feature=29 14 8 29 15 14 1 29 7 21 21
split_gain=6.15891 6.17881 11.6304 12.9205 10.9979 12.6129 7.41813 3.64591 0.00298388 0.000923343 0.000297235
threshold=0.019547370574449802 0.95391551882287129 -0.010425973005742046 0.033489878279165462 0.0092304733251702496 0.89646239056637145 0.12663377598747735 0.069736050509388012 2885964.2120000003 497733.50000000006 72697.500000000015
decision_type=2 2 2 2 2 2 2 2 2 2 2
left_child=8 4 7 -4 6 -6 -2 -3 10 -10 -1
right_child=1 2 3 -5 5 -7 -8 -9 9 -11 -12
leaf_value=-0.030910466132477395 0.00035458955498825304 -0.043685783255674779 -0.02763069466890403 0.0029742052286799128 -0.00018921623577055271 0.017189642425581499 -0.025292100007106508 -0.0085504506817288238 -0.032318989726730252 -0.033340284035957748 -0.031693316256981484
leaf_weight=0.69658446498215099 1092.9459440093488 9.0444350168108922 15.205509927123783 67.643098324537277 72.969623439013958 77.507506262511015 10.245335981249807 3.7643108963966361 1.387291891500354 1.8715288564562795 1.1690900763496754
leaf_count=29 3408 41 103 200 207 191 36 10 23 22 28
internal_value=0.000468728 0.000593397 -0.00675593 -0.00264282 0.00115417 0.00876226 0.000116409 -0.03336 -0.0323578 -0.0329055 -0.031401
internal_weight=1354.45 1349.33 95.6574 82.8486 1253.67 150.477 1103.19 12.8087 5.1245 3.25882 1.86567
internal_count=4298 4196 354 303 3842 398 3444 51 102 45 57
is_linear=0
shrinkage=0.03


Tree=145
num_leaves=15
num_cat=0
split_feature=9 25 6 22 11 25 25 28 28 28 1 22 5 10
split_gain=6.15311 15.865 12.6271 15.3524 12.2635 11.0319 9.44174 14.7382 44.4981 14.4814 10.069 10.1897 9.54951 7.35051
threshold=4.7036814134785638 -8.2793588663909222e-05 94816.500000000015 415919227.25800008 0.007259896151291999 -0.00021033847011132882 0.0001129974252780517 -0.00029460343481942905 0.001112735101035256 -0.00079693146320544662 0.020783221828057665 81655466.034500018 0.0074392064093784325 -0.0088084791162056555
decision_type=2 2 2 2 2 2 2 2 2 2 2 2 2 2
left_child=6 5 4 -4 -3 13 10 9 -9 -8 12 -12 -1 -2
right_child=1 2 3 -5 -6 -7 7 8 -10 -11 11 -13 -14 -15
leaf_value=-0.0040267573834296497 0.011251246706656517 -0.039793722248975573 0.010930649617649842 -0.020943942532204069 0.00016851859689403833 -0.045074855441513711 -0.00018478811520305943 -0.021995513605468978 0.0036598439524214285 0.018800480416616253 0.00019238348787613277 0.0078452578480375408 -0.041792227712060807 -0.021323089735609629
leaf_weight=53.097996775060892 9.1141420863568801 12.300776660442354 80.104788921773434 16.380743801593781 15.773965876549481 12.185858570039271 195.1417807303369 104.65713571570814 145.34677888825536 44.383222091943026 274.90873415116221 363.81041566282511 6.7975148707628241 19.733385737985373
leaf_count=216 28 91 227 57 64 59 639 420 450 114 911 909 31 82
internal_value=0.000454801 -0.00496289 0.000366767 0.00551917 -0.0173407 -0.0211415 0.00120987 -0.00198492 -0.00708005 0.00333312 0.00344851 0.00455141 -0.00831274 -0.0110315
internal_weight=1353.74 165.594 124.56 96.4855 28.0747 41.0334 1188.14 489.529 250.004 239.525 698.615 638.719 59.8955 28.8475
internal_count=4298 608 439 284 155 169 3690 1623 870 753 2067 1820 247 110
is_linear=0
shrinkage=0.03


Tree=146
num_leaves=14
num_cat=0
split_feature=26 7 23 23 10 11 26 20 6 11 5 5 13
split_gain=6.17023 8.12608 8.0852 7.60085 7.31704 12.5177 14.9174 12.3781 10.797 10.7854 7.7403 6.80524 2.06499
threshold=0.004252203386569813 10242802.232500002 0.87084171313809533 0.85974903950548598 0.0018613500675238115 0.006053913221603968 0.0027210350695784317 -0.0067245454565314387 19474.500000000004 8.9357878635304669e-05 0.0059604437400379824 -0.0009080660552582329 0.01873418858426756
decision_type=2 2 2 2 2 2 2 2 2 2 2 2 2
left_child=4 3 12 -2 8 7 -7 -6 9 -1 -10 -4 -3
right_child=1 2 11 -5 5 6 -8 -9 10 -11 -12 -13 -14
leaf_value=0.012446032819315547 0.029476533474427791 -0.025365879093043924 0.0051970212902461366 -0.01490526616950529 0.029037833405358895 -0.00035458825877023113 0.011606063211353776 -0.0080111759840510773 -0.0018458880393071406 -0.016244969687180522 0.0061795232196490066 -0.027332045510219845 -0.055542105459863302
leaf_weight=14.184888857416807 7.4268538113683444 3.3632163628935832 12.737216949462892 6.5233432352542877 30.263904485851526 471.35259923432022 117.17885941267014 11.090077046304939 450.14026530273259 69.902717632241547 142.36784575879574 10.609460264444349 5.1911213994026184
leaf_count=64 22 15 36 29 84 1481 312 48 1356 399 389 41 22
internal_value=0.000441389 -0.0103756 -0.0187273 0.00872287 0.000821013 0.00314788 0.00202682 0.0191022 -0.00134521 -0.011405 8.24577e-05 -0.0095852 -0.043678
internal_weight=1352.33 45.8512 31.901 13.9502 1306.48 629.885 588.531 41.354 676.596 84.0876 592.508 23.3467 8.55434
internal_count=4298 165 114 51 4133 1925 1793 132 2208 463 1745 77 37
is_linear=0
shrinkage=0.03


Tree=147
num_leaves=10
num_cat=0
split_feature=25 25 22 25 28 3 5 11 0
split_gain=6.04421 9.71648 16.0057 9.11868 21.1826 8.58949 7.26316 5.03713 1.41034
threshold=-0.001013258929688022 -0.00074090273753692323 186783843.47050002 -0.0003944043076717358 -0.0018901392030305113 0.21716672655407937 0.0014348214761570365 0.016942117612839324 0.00016632431910759121
decision_type=2 2 2 2 2 2 2 2 2
left_child=6 2 7 4 -3 -5 -1 -2 -8
right_child=1 3 -4 5 -6 -7 8 -9 -10
leaf_value=-0.0061282848313032731 -0.025921084553675748 -0.042603844296616906 0.017196197841622352 -0.0044741339566954866 0.012233906599333993 0.0012758835424870505 0.017854157155828717 -0.064114774927106391 0.036339963924419121
leaf_weight=8.8840363621711749 11.260918559506537 6.7603104002773753 7.3759799599647513 318.77156534418464 101.8723879493773 877.30879617575556 6.7099257856607428 4.2922861352562895 8.3202778995037061
leaf_count=28 58 38 18 1085 260 2756 18 20 17
internal_value=0.00042829 0.000159037 -0.0192007 0.000499266 0.0088213 -0.000256574 0.0153764 -0.0364616 0.0280874
internal_weight=1351.56 1327.64 22.9292 1304.71 108.633 1196.08 23.9142 15.5532 15.0302
internal_count=4298 4235 96 4139 298 3841 63 78 35
is_linear=0
shrinkage=0.03


Tree=148
num_leaves=14
num_cat=0
split_feature=26 26 23 1 22 28 28 22 29 3 14 12 23
split_gain=6.0384 11.928 12.5672 12.2056 11.9742 11.4469 13.3938 8.27574 11.7567 8.00793 7.02985 2.86347 0.460688
threshold=-0.0041414891423022836 -0.0029235678665586406 1.2571225475409575 0.022107838659381204 311035551.87950009 -0.0020207740724513309 -0.0018901392030305113 55699945.191000007 0.058742940475934376 0.40961388730107456 0.069638855211434342 -0.01102701395366946 0.79460630915654662
decision_type=2 2 2 2 2 2 2 2 2 2 2 2 2
left_child=7 2 3 -2 -4 9 -7 8 12 -3 -9 -12 -1
right_child=1 5 4 -5 -6 6 -8 10 -10 -11 11 -13 -14
leaf_value=-0.058205689208735575 0.006326716938894611 -0.0019058102714146353 0.010287777676581671 -0.034977702461982743 -0.02834233223034251 -0.042117045458059263 0.00062253695251760909 -0.01366201205882811 0.026644806853820355 0.037209736211157779 0.034284846414313362 0.013698484944677826 -0.038426948932951573
leaf_weight=1.5804977528750876 8.5440396443009359 7.3826967775821712 27.786405323073268 26.132767897099257 9.7576724998652917 6.6351877432316533 1213.1084812069312 4.8225436806678799 3.6243669837713242 13.013826793059705 14.888848483562471 10.27938789129257 3.2174891903996468
leaf_count=9 33 22 97 113 42 38 3813 15 8 25 31 27 25
internal_value=0.000415721 7.25548e-05 -0.0117792 -0.0248007 0.000247846 0.000762754 0.000390041 0.0121398 -0.0141364 0.0230515 0.0195189 0.0258768 -0.0449422
internal_weight=1350.77 1312.36 72.2209 34.6768 37.5441 1240.14 1219.74 38.4131 8.42235 20.3965 29.9908 25.1682 4.79799
internal_count=4298 4183 285 146 139 3898 3851 115 42 47 73 58 34
is_linear=0
shrinkage=0.03


Tree=149
num_leaves=15
num_cat=0
split_feature=14 15 14 29 29 28 25 28 9 28 4 5 4 13
split_gain=5.93055 10.5616 11.9236 16.5019 9.99002 10.0957 17.0372 11.7632 9.88 26.3747 9.54695 7.74681 3.22507 5.76302
threshold=0.95391551882287129 0.0092304733251702496 0.89646239056637145 0.046549577884010603 0.033489878279165462 -0.00050537214223094027 0.00012090267976626087 -0.0010305406345121478 0.40830953169482126 -0.00064243969230488342 202.50000000000003 -0.011619038234134805 7.5000000000000009 0.018432459902363436
decision_type=2 2 2 2 2 2 2 2 2 2 2 2 2 2
left_child=1 8 3 -3 12 7 -7 -6 9 -1 -10 -4 13 -2
right_child=4 2 11 -5 5 6 -8 -9 10 -11 -12 -13 -14 -15
leaf_value=0.016091147180655147 0.021351943064629352 -0.02319198775629102 0.0396310777657524 0.0086253332860668185 -0.010143679709527063 0.0014112764995599591 -0.034582673713843826 0.035914087968157551 -0.0023196972867971935 -0.039146033611270135 0.0033438782740992652 0.012713716685308494 -0.037827916288520072 -0.038875523053760755
leaf_weight=13.205288358032702 2.7527315467596081 20.373835239559412 11.271953128278254 52.408961191773415 8.8417294174432772 42.152610789984465 16.455696102231741 11.458299607038496 551.91200500912964 18.935402527451515 520.49278902355582 65.770665509626269 10.694016439840196 2.9755054889246821
leaf_count=38 12 80 21 128 32 123 65 22 1822 85 1591 171 86 22
internal_value=0.00040356 0.000951778 0.0084261 -0.000281179 -0.00680995 -0.00237955 -0.00869489 0.0158535 -6.20725e-05 -0.0164513 0.000429125 0.0166519 -0.0280979 -0.00993293
internal_weight=1349.7 1254.37 149.825 72.7828 95.3306 78.9083 58.6083 20.3 1104.55 32.1407 1072.4 77.0426 16.4223 5.72824
internal_count=4298 3936 400 208 362 242 188 54 3536 123 3413 192 120 34
is_linear=0
shrinkage=0.03


Tree=150
num_leaves=12
num_cat=0
split_feature=29 29 29 25 28 22 10 7 21 23 22
split_gain=5.88833 6.12774 11.814 10.5522 8.23683 5.64669 7.47172 0.00270198 0.000903097 0.000356708 8.72052e-05
threshold=0.019547370574449802 0.020007434860058581 0.026842835822145025 0.00010794396705370389 -0.0027348552634087367 20070991.096000005 -0.0033639824004271838 2885964.2120000003 497733.50000000006 2.3484686595830611 8351498.1295000007
decision_type=2 2 2 2 2 2 2 2 2 2 2
left_child=7 5 3 -3 -4 -2 -7 9 -9 10 -1
right_child=1 2 4 -5 -6 6 -8 8 -10 -11 -12
leaf_value=-0.030901266425376227 0.035519309396838561 -0.0020773220443537632 0.01380983344881173 -0.02715522290530805 0.00031832945220822172 0.021872263847473018 -0.0053052069580915295 -0.032211372276098493 -0.03324013765492765 -0.032086003781534714 -0.031388778027580104
leaf_weight=0.78392367158084997 7.3413865976035586 35.821874670684338 42.163421869277954 26.106083082035184 1195.4082179293036 16.319844335317612 20.591623649001122 1.328573299571872 1.8200112804770467 0.44455313123762596 0.57059099152684212
leaf_count=34 25 189 116 185 3581 35 65 23 22 9 14
internal_value=0.000391675 0.000511957 0.00013811 -0.0126491 0.000777978 0.0114901 0.0067109 -0.0322761 -0.032806 -0.0313486 -0.0311066
internal_weight=1348.7 1343.75 1299.5 61.928 1237.57 44.2529 36.9115 4.94765 3.14858 1.79907 1.35451
internal_count=4298 4196 4071 374 3697 125 100 102 45 57 48
is_linear=0
shrinkage=0.03


Tree=151
num_leaves=13
num_cat=0
split_feature=26 8 29 26 10 11 14 26 9 23 6 14
split_gain=5.80889 7.71656 8.30001 17.178 6.92993 11.8744 16.2048 13.8124 10.9768 15.2058 13.6693 2.64063
threshold=0.004252203386569813 0.01024444971448657 0.044225725220021377 0.0043251658438928442 0.0018613500675238115 0.006053913221603968 0.95766811900360849 0.0027210350695784317 1.5589255106524986 1.2147051920820049 19474.500000000004 0.44934938281373243
decision_type=2 2 2 2 2 2 2 2 2 2 2 2
left_child=4 2 11 -4 8 6 -6 -7 10 -10 -1 -2
right_child=1 -3 3 -5 5 7 -8 -9 9 -11 -12 -13
leaf_value=-0.012232972313381734 -0.0046554487680088253 -0.046513056103257462 -0.048339075772616584 0.010699923562522492 0.029031328718354871 -0.00037042096614353789 -0.015215201163365428 0.011167084334926617 -0.019099091379541851 -0.0021727081822804275 0.0039666533968418568 -0.042153627512505426
leaf_weight=54.172064886428416 2.3082186467945558 4.7073281230404964 5.3057993203401557 27.039092153310776 31.513463959097862 469.80419344082475 9.7556269653141481 116.55602348223329 61.789056127890944 210.48073325492442 348.21171094104648 6.312263548374176
leaf_count=287 12 24 24 66 93 1481 39 312 265 744 912 39
internal_value=0.000379973 -0.0101361 -0.00595605 0.00101527 0.000748786 0.00301772 0.0185719 0.00192299 -0.001362 -0.00601399 0.00178573 -0.0321131
internal_weight=1347.96 45.6727 40.9654 32.3449 1302.28 627.629 41.2691 586.36 674.654 272.27 402.384 8.62048
internal_count=4298 165 141 90 4133 1925 132 1793 2208 1009 1199 51
is_linear=0
shrinkage=0.03


Tree=152
num_leaves=12
num_cat=0
split_feature=29 29 29 25 28 21 28 7 21 23 22
split_gain=5.68717 5.84259 11.1082 10.182 7.83348 5.52402 8.34879 0.00241887 0.000831548 0.000341638 7.68472e-05
threshold=0.019547370574449802 0.020007434860058581 0.026842835822145025 0.00010794396705370389 -0.0027348552634087367 3496648.0000000005 0.00047176002017392931 2885964.2120000003 497733.50000000006 2.3484686595830611 8351498.1295000007
decision_type=2 2 2 2 2 2 2 2 2 2 2
left_child=7 5 3 -3 -4 6 -2 9 -9 10 -1
right_child=1 2 4 -5 -6 -7 -8 8 -10 -11 -12
leaf_value=-0.030879068442586286 0.012836197251959027 -0.0019881170267710599 0.013468539426231474 -0.026753811606022658 0.0002906609360671185 0.040485462789395195 -0.027773971933979406 -0.032135479626727241 -0.033137180222741168 -0.032046445232218362 -0.031343861924421831
leaf_weight=0.75920832064002641 33.839262802153826 35.772973675280809 42.026694420725107 25.656359743326902 1194.3538598231971 5.1274863183498374 5.2650211490690699 1.2880805507302286 1.7718074582517145 0.43344933539628971 0.55358852818608284
leaf_count=34 88 189 116 185 3581 8 29 23 22 9 14
internal_value=0.000368711 0.000485372 0.000119944 -0.0123317 0.0007386 0.0112075 0.00736842 -0.0322071 -0.0327155 -0.0313162 -0.0310751
internal_weight=1346.85 1342.04 1297.81 61.4293 1236.38 44.2318 39.1043 4.80613 3.05989 1.74625 1.3128
internal_count=4298 4196 4071 374 3697 125 117 102 45 57 48
is_linear=0
shrinkage=0.03


Tree=153
num_leaves=14
num_cat=0
split_feature=26 26 3 14 5 26 26 28 22 29 14 12 29
split_gain=5.64718 11.4041 12.2979 13.6902 10.3497 10.3464 19.5278 16.8194 7.83516 11.3041 6.65259 2.78094 0.430461
threshold=-0.0041414891423022836 -0.0029235678665586406 0.17027793335651498 0.11839110294704934 -0.0077495766653797168 -0.0021192049006071409 -0.002298732745018009 -0.0010190876688265774 55699945.191000007 0.058742940475934376 0.069638855211434342 -0.01102701395366946 0.046038022287230057
decision_type=2 2 2 2 2 2 2 2 2 2 2 2 2
left_child=8 2 4 -4 -2 6 -3 -7 9 12 -10 -12 -1
right_child=1 5 3 -5 -6 7 -8 -9 10 -11 11 -13 -14
leaf_value=-0.036692247029317594 -0.018349476472648407 -0.0003958378726966753 -0.04625396239213677 -0.010311636390743742 0.032469208121699344 -0.010811257825233914 0.022147613241648031 0.0010186018388513209 -0.013228105774407814 0.026166547446798975 0.03377921778330966 0.01330805875216093 -0.05503455958800451
leaf_weight=2.6393045447766763 5.9473443664610377 90.876381253823638 12.123878341168163 44.709956128150225 9.1650346256792528 121.77658145222813 55.826767617836595 967.85088972467929 4.8109261691570309 3.5716622322797775 14.486062213778498 10.162086263298987 2.0427489131689072
leaf_count=24 24 278 63 171 27 432 129 3059 15 8 31 27 10
internal_value=0.00035774 2.78187e-05 -0.0115831 -0.0179789 0.01247 0.000703496 0.0081829 -0.000303501 0.0118029 -0.0140307 0.0190409 0.0253392 -0.0446949
internal_weight=1345.99 1308.28 71.9462 56.8338 15.1124 1236.33 146.703 1089.63 37.7128 8.25372 29.4591 24.6481 4.68205
internal_count=4298 4183 285 234 51 3898 407 3491 115 42 73 58 34
is_linear=0
shrinkage=0.03


Tree=154
num_leaves=13
num_cat=0
split_feature=14 0 28 25 27 8 21 25 25 25 0 29
split_gain=5.66777 7.4886 9.25062 6.66699 11.5702 16.8854 8.83294 6.57919 18.5705 16.3392 4.5914 1.1499
threshold=0.99577150008939841 0.0014873282092215132 0.00031527797636647707 0.00060394083698791785 -0.0026602232137463077 0.00015300668409287346 142797.00000000003 0.00046462623231768142 0.00043110765201424605 0.00051039110794297911 0.0035546279283653367 0.048917848975908333
decision_type=2 2 2 2 2 2 2 2 2 2 2 2
left_child=3 2 -2 7 6 -6 -5 8 -1 -9 -3 -4
right_child=1 10 11 4 5 -7 -8 9 -10 -11 -12 -13
leaf_value=0.00074105234817245177 -0.0040623187042151112 0.027183766479748364 -0.041466051444055969 0.0094354738719434235 0.01435326065842641 -0.029172917195491636 -0.039248750557874197 0.033288283909480028 -0.047867737583262127 0.0022926356780515428 -0.01558783019465068 -0.065841513702767654
leaf_weight=1165.4874267801642 7.2934433994814771 4.8018866181373578 3.9441413804888725 4.3230503760278252 24.940178733319044 11.824578903615473 14.963885813951491 19.32561382651329 7.1167347636073819 73.597770761698484 4.2650679824873805 3.1193510293960571
leaf_count=3662 29 12 28 21 74 59 67 38 36 236 21 15
internal_value=0.000347254 -0.0142807 -0.0277607 0.000606522 -0.00951815 0.000354019 -0.0283365 0.00105495 0.000446037 0.00873891 0.00706414 -0.0522306
internal_weight=1345 23.4239 14.3569 1321.58 56.0517 36.7648 19.2869 1265.53 1172.6 92.9234 9.06695 7.06349
internal_count=4298 105 72 4193 221 133 88 3972 3698 274 33 43
is_linear=0
shrinkage=0.03


Tree=155
num_leaves=15
num_cat=0
split_feature=9 25 6 11 25 29 7 4 25 29 29 14 9 11
split_gain=5.67505 14.972 11.655 11.9229 10.7035 10.5962 9.29674 8.63245 14.9001 18.7034 17.3534 13.7515 12.1314 2.93472
threshold=4.7036814134785638 -8.2793588663909222e-05 94816.500000000015 0.007259896151291999 -0.00021033847011132882 0.046038022287230057 417533489.28400004 142.50000000000003 4.3792572003873029e-05 0.067243942175642085 0.073086023734916641 1.0000000180025095e-35 0.40830953169482126 0.0023038254485517298
decision_type=2 2 2 2 2 2 2 2 2 2 2 2 2 2
left_child=7 4 3 -3 5 -2 -4 8 10 -10 -1 13 -13 -9
right_child=1 2 6 -5 -6 -7 -8 11 9 -11 -12 12 -14 -15
leaf_value=0.0054424282756174698 -0.030609497412818574 -0.039562057302481989 0.0085140015057343175 0.00031204378578154391 -0.044429504219765506 0.0059795876131956268 -0.021573902556204835 -0.0060782054925895314 -0.012579829293326445 0.0070159104450632235 -0.017428890855158377 -0.016502942520994955 0.0045787158348018385 -0.050546984397636177
leaf_weight=251.31939692236483 13.098377894610168 11.871468642726542 85.446592587977648 15.64124561101198 12.019549012184141 15.615972086787222 10.363481506705282 1.8125968743115652 170.54823668021709 59.002542078495026 33.882132276892662 25.558287578634918 633.14682670962065 5.0762659776955843
leaf_count=728 72 91 245 64 59 38 39 11 713 144 103 98 1862 31
internal_value=0.000336883 -0.00489128 0.000317319 -0.0168932 -0.0206604 -0.0107109 0.00525949 0.00106355 -0.00185381 -0.00754304 0.0027253 0.00331975 0.00376073 -0.0388464
internal_weight=1344.4 164.057 123.323 27.5127 40.7339 28.7143 95.8101 1180.35 514.752 229.551 285.202 665.594 658.705 6.88886
internal_count=4298 608 439 155 169 110 284 3690 1688 857 831 2002 1960 42
is_linear=0
shrinkage=0.03


Tree=156
num_leaves=12
num_cat=0
split_feature=22 26 26 10 26 22 29 6 23 29 29
split_gain=5.52939 5.97242 10.1775 12.2236 9.38461 6.31398 11.5205 5.23949 2.35319 0.022339 0.00607616
threshold=5412886.3505000016 -0.0041414891423022836 -0.0029235678665586406 0.0087989484010827634 -0.0021192049006071409 55699945.191000007 0.058742940475934376 194748.50000000003 0.33673919271666225 0.055212660069268012 0.025907813546390959
decision_type=2 2 2 2 2 2 2 2 2 2 2
left_child=8 5 3 -3 -4 6 -2 -7 -1 10 -10
right_child=1 2 4 -5 -6 7 -8 -9 9 -11 -12
leaf_value=0.018849235772576269 -0.044889251585159128 -0.006456731011351872 0.0079062898404183152 -0.045653115693035907 -0.00019830347323748676 0.034371204534737645 0.029635054902524893 0.0083792488315168542 -0.031380384950521048 -0.038070598263978912 -0.03373375854330124
leaf_weight=0.876949492841958 4.2306165993213645 62.962576530873775 145.91322337649763 8.079479029402135 1082.8804600853473 11.613123387098314 3.3413543701171875 17.495465338230133 1.3853912483900783 0.95919740200042714 3.437017809599638
leaf_count=4 30 235 400 44 3407 23 7 50 46 6 46
internal_value=0.000326815 0.000462677 0.000125791 -0.0109145 0.000764077 0.0124008 -0.0120032 0.018749 -0.0269435 -0.0338893 -0.0330577
internal_weight=1343.17 1336.52 1299.84 71.0421 1228.79 36.6806 7.57197 29.1086 6.65856 5.78161 4.82241
internal_count=4298 4196 4086 279 3807 110 37 73 102 98 92
is_linear=0
shrinkage=0.03


Tree=157
num_leaves=10
num_cat=0
split_feature=25 25 7 25 28 3 5 0 0
split_gain=5.55132 9.15662 18.982 8.60227 19.2368 8.4161 6.97757 5.13397 1.50848
threshold=-0.001013258929688022 -0.00074090273753692323 213190011.86450002 -0.0003944043076717358 -0.0018901392030305113 0.21716672655407937 0.0014348214761570365 -8.8107166444090758e-05 0.00011352683920888059
decision_type=2 2 2 2 2 2 2 2 2
left_child=6 2 7 4 -3 -5 -1 -2 -8
right_child=1 3 -4 5 -6 -7 8 -9 -10
leaf_value=-0.0063249155790602645 -0.055366752114312599 -0.041596706056584901 0.03291064279336773 -0.0045285565998757988 0.011723848493698103 0.0011789069688317336 0.016264269955394661 -0.021531614232821114 0.03570483722516897
leaf_weight=8.821730777621271 6.1847600778564873 6.4797193054109803 4.9917497187852851 317.18154583312571 101.13270778954029 871.17799597140402 6.2555037885904303 11.617459487169979 8.4374133199453336
leaf_count=28 35 38 10 1085 260 2756 17 51 18
internal_value=0.000317149 5.95267e-05 -0.0187897 0.000391052 0.00851323 -0.000344455 0.0147653 -0.0332865 0.027428
internal_weight=1342.28 1318.77 22.794 1295.97 107.612 1188.36 23.5146 17.8022 14.6929
internal_count=4298 4235 96 4139 298 3841 63 86 35
is_linear=0
shrinkage=0.03


Tree=158
num_leaves=15
num_cat=0
split_feature=14 15 14 29 29 28 25 28 9 14 4 5 4 13
split_gain=5.48053 9.80311 11.1488 15.4263 9.50395 9.42139 15.671 11.0973 9.02755 25.4248 8.52896 7.51627 3.11353 5.37912
threshold=0.95391551882287129 0.0092304733251702496 0.89646239056637145 0.046549577884010603 0.033489878279165462 -0.00050537214223094027 0.00012090267976626087 -0.0010305406345121478 0.40830953169482126 0.27684877071689057 202.50000000000003 -0.011619038234134805 7.5000000000000009 0.018432459902363436
decision_type=2 2 2 2 2 2 2 2 2 2 2 2 2 2
left_child=1 8 3 -3 12 7 -7 -6 9 -1 -10 -4 13 -2
right_child=4 2 11 -5 5 6 -8 -9 10 -11 -12 -13 -14 -15
leaf_value=0.017405501996232222 0.019980455240329775 -0.022601203485855845 0.038890385225850956 0.0082693294025416048 -0.010029219221421274 0.0012451826681432827 -0.033362597224533636 0.035039885882167936 -0.0022795584289172833 -0.037438326193595238 0.0030878870161835928 0.012176871088294241 -0.037594901826433463 -0.038613093843906675
leaf_weight=12.537443835288288 2.7679904848337165 20.245656948536634 11.088331356644629 51.954723075032234 8.7143899574875849 41.994171336293221 16.364801742136478 11.28373086452484 548.65862603019923 19.346997011452913 517.99312892276794 65.331819644197822 10.298652697354553 2.8744699535891414
leaf_count=36 12 80 21 128 32 123 65 22 1822 87 1591 171 86 22
internal_value=0.000307848 0.000835121 0.00806632 -0.000387055 -0.00666569 -0.00236992 -0.0084594 0.0154006 -0.000143185 -0.0158729 0.000327009 0.0160529 -0.0277812 -0.00986918
internal_weight=1341.45 1247.16 148.621 72.2004 94.2982 78.3571 58.359 19.9981 1098.54 31.8844 1066.65 76.4202 15.9411 5.64246
internal_count=4298 3936 400 208 362 242 188 54 3536 123 3413 192 120 34
is_linear=0
shrinkage=0.03


Tree=159
num_leaves=14
num_cat=0
split_feature=26 7 26 29 17 11 4 26 27 27 25 29 4
split_gain=5.46558 7.72793 6.88617 10.3062 6.38874 11.2895 13.8969 12.7447 10.7451 13.9762 13.2848 2.34792 1.28091
threshold=0.004252203386569813 166997473.95300004 0.0043251658438928442 0.045799634958067506 0.0018613500675238115 0.006053913221603968 102.50000000000001 0.0027210350695784317 -1.0000000180025095e-35 -0.00068512758314611582 -4.1802471724378591e-05 0.052514332020324316 287.50000000000006
decision_type=2 2 2 2 2 2 2 2 2 2 2 2 2
left_child=4 2 11 -4 8 6 -6 -7 9 -1 -10 -2 -3
right_child=1 12 3 -5 5 7 -8 -9 10 -11 -12 -13 -14
leaf_value=-0.0010870458366282838 -0.01267580131577686 -0.05026364967876687 -0.030159983055426696 0.010483880522326178 -0.014747289931118042 -0.00043803850840991592 0.027309068882944858 0.010679928859320443 -0.036480481842625145 0.020462665910557908 -0.0054302617060370019 -0.049281927545803295 -0.024787030662943556
leaf_weight=571.11930020712316 2.8399974554777137 3.8674475103616706 7.290553621947768 24.432367190718651 9.0725386515259725 467.27092111576349 32.057239976711571 115.78843821957707 15.97386561334133 28.434787110425532 55.449608915485442 3.5458221882581711 3.2846310585737228
leaf_count=1839 15 17 43 60 42 1481 90 312 73 82 214 16 14
internal_value=0.000298768 -0.00994877 -0.00457851 0.00114312 0.000656878 0.00284143 0.0180321 0.00176985 -0.00137534 -6.50172e-05 -0.0123746 -0.0330019 -0.0385634
internal_weight=1340.43 45.2608 38.1087 31.7229 1295.17 624.189 41.1298 583.059 670.978 599.554 71.4235 6.38582 7.15208
internal_count=4298 165 134 103 4133 1925 132 1793 2208 1921 287 31 31
is_linear=0
shrinkage=0.03


Tree=160
num_leaves=13
num_cat=0
split_feature=29 28 28 1 28 28 10 1 7 21 22 21
split_gain=5.37499 5.50539 29.9471 25.5242 18.0107 22.1816 15.0294 12.6854 0.00207897 0.000749656 0.0002806 4.41987e-05
threshold=0.019547370574449802 2.7516414747193422e-05 0.00050055314741280141 0.033069399202478138 -0.00011159219636800322 -0.00029460343481942905 0.0026629927095939789 0.020280319235881208 2885964.2120000003 567025.50000000012 12596584.209500002 65569.000000000015
decision_type=2 2 2 2 2 2 2 2 2 2 2 2
left_child=8 4 3 -3 5 -2 -6 -4 10 -10 11 -1
right_child=1 2 7 -5 6 -7 -8 -9 9 -11 -12 -13
leaf_value=-0.030765448727072129 0.0014904269945973047 -0.033142195675087499 -0.016904238362792628 -0.0019070345040801107 0.0023659407615422966 -0.023371640728514935 0.023691480027142033 0.0023403791451040122 -0.032061642738897014 -0.033028283339900662 -0.031758438839652965 -0.031161686379083654
leaf_weight=0.51623991504311451 565.18885461241007 46.267092663794756 32.897819485515356 47.944463681429625 60.519702633842826 34.254327086731791 58.487075582146645 489.69934476353228 1.2964098993688824 1.629825673997402 0.64998126029968251 0.49754977133125067
leaf_count=26 1735 212 152 136 178 155 133 1495 24 21 15 16
internal_value=0.000289842 0.000401247 -0.00167776 -0.0172466 0.00218613 6.97195e-05 0.0128466 0.00112892 -0.0321186 -0.0326 -0.0312719 -0.0309599
internal_weight=1339.85 1335.26 616.809 94.2116 718.45 599.443 119.007 522.597 4.59001 2.92624 1.66377 1.01379
internal_count=4298 4196 1995 348 2201 1890 311 1647 102 45 57 42
is_linear=0
shrinkage=0.03


Tree=161
num_leaves=15
num_cat=0
split_feature=9 6 4 1 14 26 26 4 14 23 23 23 26 4
split_gain=5.25709 11.5976 9.54331 14.7722 10.2913 8.1723 18.7233 7.86676 13.0673 11.987 9.94099 13.7516 13.5797 3.30912
threshold=4.7036814134785638 94816.500000000015 122.50000000000001 0.091736991519467223 0.90207432706775703 -0.00026317368035117932 0.00095502050784455992 142.50000000000003 1.0000000180025095e-35 0.89116566610407777 0.81368673563000271 2.464961540297764 -0.0014429895503080155 17.500000000000004
decision_type=2 2 2 2 2 2 2 2 2 2 2 2 2 2
left_child=7 5 4 -4 -3 13 -7 10 -9 -10 12 -12 -1 -2
right_child=1 2 3 -5 -6 6 -8 8 9 -11 11 -13 -14 -15
leaf_value=0.016603993155090726 -0.016496047578346929 0.0029346489878102522 -0.00096759826916277547 -0.037079828162514282 0.03662455115922509 0.033242913109019417 -0.026097791111388369 -0.038278116348122761 -0.0019700961670276553 0.00653581720654434 -0.0063871993766435337 0.010705728982708686 -0.0030729212047740217 -0.042241551368301142
leaf_weight=55.462627427652478 7.103866487741473 49.459908489137888 50.446757083758712 12.77694411575794 9.7728278934955579 7.2670992314815548 14.013115733861921 6.7857835236936799 229.04938140325248 427.2540385061875 335.43233273085207 48.483580509200692 73.26189037784934 12.226188361644743
leaf_count=143 33 145 173 49 19 22 83 42 708 1252 1154 152 239 84
internal_value=0.000281247 -0.00476662 -0.000159291 -0.00826556 0.00849316 -0.0186596 -0.0058332 0.000981357 0.00313903 0.00356726 -0.00180955 -0.00422859 0.00540513 -0.03278
internal_weight=1338.8 163.067 122.456 63.2237 59.2327 40.6103 21.2802 1175.73 663.089 656.303 512.64 383.916 128.725 19.3301
internal_count=4298 608 386 222 164 222 105 3690 2002 1960 1688 1306 382 117
is_linear=0
shrinkage=0.03


Tree=162
num_leaves=10
num_cat=0
split_feature=12 12 6 3 3 4 7 21 7
split_gain=5.21613 7.77817 8.57839 7.40236 17.6202 9.78415 3.91832 6.56408 3.46608
threshold=-0.040508274311241294 -0.036611640361869514 528314.50000000012 0.065416910041994153 0.039389472867616897 202.50000000000003 77087098.058000013 379519.50000000006 348384784.99150008
decision_type=2 2 2 2 2 2 2 2 2
left_child=6 2 -2 4 -3 -5 7 -1 -8
right_child=1 3 -4 5 -6 -7 8 -9 -10
leaf_value=0.0058085290660264471 -0.051618342767540043 -0.0015433380064037382 0.0063883631292488896 -0.0014479958521632144 -0.028921962105253433 0.0041356409447013817 -0.013121884272601999 0.047753105980216912 0.018043323633269073
leaf_weight=7.4481526240706462 5.4440169632434827 134.59894861467183 3.9661618024110794 631.62420505750924 25.101210915483534 510.90421205665916 6.791468992829321 6.114488884806633 6.0933312028646469
leaf_count=22 22 476 10 2091 103 1532 20 9 13
internal_value=0.000272793 6.81998e-06 -0.0271699 0.000203205 -0.00584663 0.00104884 0.0134635 0.0247185 0.00161641
internal_weight=1338.09 1311.64 9.41018 1302.23 159.7 1142.53 26.4474 13.5626 12.8848
internal_count=4298 4234 32 4202 579 3623 64 31 33
is_linear=0
shrinkage=0.03


Tree=163
num_leaves=14
num_cat=0
split_feature=26 26 6 26 28 28 3 3 22 29 6 15 29
split_gain=5.19125 9.54163 11.8087 13.9475 10.0048 12.1424 7.86588 7.02657 6.92982 10.3779 5.08052 4.04976 0.360274
threshold=-0.0041414891423022836 -0.0029235678665586406 313012.00000000006 -0.0031549236277191688 -0.0020207740724513309 -0.0018901392030305113 0.40961388730107456 0.42328292767993064 55699945.191000007 0.058742940475934376 194748.50000000003 -0.0034710161342349803 0.046038022287230057
decision_type=2 2 2 2 2 2 2 2 2 2 2 2 2
left_child=8 2 3 -2 6 -6 -3 -4 9 12 -10 -12 -1
right_child=1 4 7 -5 5 -7 -8 -9 10 -11 11 -13 -14
leaf_value=-0.036144450639178642 0.0040942026919358583 -0.003172817106612606 -0.0071877591605037034 -0.045664925099015603 -0.041159479727247608 0.00043974640614841576 0.035976850058958294 -0.040610153592498088 0.033774300735562097 0.025488375790839585 -0.0065746339012191183 0.022396938771018508 -0.053325470373233062
leaf_weight=2.4631436187773934 41.334044147282839 7.2815661355853107 9.1511177271604556 5.7786259464919558 6.348332160152494 1203.7963690012693 12.630863626487551 14.844766315072773 11.413923278450968 3.4582487195730209 8.626350015401842 8.7439606636762601 1.9825802147388456
leaf_count=24 151 22 35 32 38 3813 25 67 23 8 27 23 10
internal_value=0.000264697 -4.91007e-05 -0.0107339 -0.00200903 0.000568581 0.00022152 0.0216606 -0.0278641 0.0113937 -0.0134876 0.018226 0.00800923 -0.0438064
internal_weight=1337.85 1301.17 71.1086 47.1127 1230.06 1210.14 19.9124 23.9959 36.6882 7.90397 28.7842 17.3703 4.44572
internal_count=4298 4183 285 183 3898 3851 47 102 115 42 73 50 34
is_linear=0
shrinkage=0.03


Tree=164
num_leaves=14
num_cat=0
split_feature=14 8 29 8 15 14 29 9 14 1 29 3 21
split_gain=5.21029 10.5328 11.4709 10.1723 8.95283 10.4995 14.4368 8.53206 23.926 8.57828 6.87736 3.97967 3.41235
threshold=0.95391551882287129 -0.010425973005742046 0.033489878279165462 0.00044472650725301568 0.0092304733251702496 0.89646239056637145 0.046549577884010603 0.40830953169482126 0.27684877071689057 0.12663377598747735 0.030261607250436359 0.87607339449541388 440212.00000000006
decision_type=2 2 2 2 2 2 2 2 2 2 2 2 2
left_child=4 12 11 -4 7 6 -6 8 -1 -9 -7 -3 -2
right_child=1 2 3 -5 5 10 -8 9 -10 -11 -12 -13 -14
leaf_value=0.016853074451042737 -0.0513642338365667 -0.037601897100386743 0.014567886467744602 -0.0089008401360871486 -0.022065452628433836 0.040234030717002267 0.0078887773034341784 0.00054917772005356373 -0.03652405065497135 -0.02805379207564996 0.012190222807409281 -0.0040411235120130368 -0.019426974446790989
leaf_weight=12.46551074460149 4.9954105475917441 9.8334487201645953 32.793263368308544 33.707532424479723 20.136411909013987 8.9186909273266775 51.559767708182335 1054.5044165970758 19.197441723197699 9.5219167023897153 66.951344273984432 4.6998425684869281 7.5792177394032478
leaf_count=36 27 83 87 113 80 25 128 3378 87 35 167 27 25
internal_value=0.000256897 -0.00656854 -0.00260441 0.0026722 0.000770807 0.0077078 -0.000524094 -0.00016346 -0.0155098 0.000293211 0.0154868 -0.0267489 -0.0321144
internal_weight=1336.86 93.6087 81.0341 66.5008 1243.26 147.566 71.6962 1095.69 31.663 1064.03 75.87 14.5333 12.5746
internal_count=4298 362 310 200 3936 400 208 3536 123 3413 192 110 52
is_linear=0
shrinkage=0.03


Tree=165
num_leaves=13
num_cat=0
split_feature=26 7 23 23 5 15 20 21 9 22 9 13
split_gain=5.18303 7.67127 7.54573 7.07155 6.39119 6.15456 21.0765 12.3653 10.7868 14.7416 11.5619 2.03711
threshold=0.004252203386569813 10242802.232500002 0.87084171313809533 0.85974903950548598 -0.0009080660552582329 -0.0013617472671094992 0.0018753843652736981 45459.500000000007 0.43946995472789402 41687252.139000006 2.7776323253404085 0.01873418858426756
decision_type=2 2 2 2 2 2 2 2 2 2 2 2
left_child=5 3 11 -2 -4 6 7 -1 9 -7 -10 -3
right_child=1 2 4 -5 -6 8 -8 -9 10 -11 -12 -13
leaf_value=-0.022608123882891271 0.029274490741053965 -0.023824870400834513 0.0053227463648018074 -0.014111104149771649 -0.026451303878815308 0.0013601849076661048 -0.063684507187611705 -0.0003221890936148198 0.0048875867267945579 -0.043306166318406669 -0.0042769771044317787 -0.054160924348504648
leaf_weight=23.489161377772689 7.2585983481258136 3.269217677414419 12.600238099694254 6.3295749314129353 10.399975813925264 17.108832143247131 4.9288730025291434 486.37315492704511 591.62087655439973 10.878434076905249 156.71091017685831 5.1002790778875351
leaf_count=126 22 15 36 29 41 85 22 1505 1779 43 573 22
internal_value=0.000249163 -0.00976414 -0.0179201 0.00906483 -0.00904448 0.000597838 -0.00194573 -0.00134889 0.00228452 -0.0160013 0.0029684 -0.0423113
internal_weight=1336.07 44.9579 31.3697 13.5882 23.0002 1291.11 514.791 509.862 776.319 27.9873 748.332 8.3695
internal_count=4298 165 114 51 77 4133 1653 1631 2480 128 2352 37
is_linear=0
shrinkage=0.03


Tree=166
num_leaves=13
num_cat=0
split_feature=13 21 29 8 21 1 9 0 1 21 15 13
split_gain=5.18015 12.9132 9.37107 14.2088 7.42381 11.9237 9.15396 7.98285 5.90021 5.70348 8.0646 6.82497
threshold=0.0089363655331039932 19328.500000000004 0.021736336090757796 0.0056055493712421243 45459.500000000007 0.029721947347421823 2.2387634641110501 0.00016632431910759121 0.027627717773031305 54425.500000000007 -0.0075653398548418014 0.0097455412326542777
decision_type=2 2 2 2 2 2 2 2 2 2 2 2
left_child=1 -1 3 -3 5 7 -7 -2 -4 10 -6 -11
right_child=4 2 8 -5 9 6 -8 -9 -10 11 -12 -13
leaf_value=0.039253570187653325 -0.035253234447034938 -0.019482603680888878 -0.03213143537260691 0.059987235904479422 0.052982610661843337 0.016211326398439568 -0.026686594183656463 -0.0081131227955548342 -0.0068683171524515692 0.019261301177744081 0.0062379703763396103 0.00060294212022062022
leaf_weight=4.4200267829000941 16.749522097408772 4.8125241752713901 19.896810343489051 3.4956534309312701 4.4538995176553753 20.127853609621528 5.7575300931930533 23.353502910584211 14.300110902637241 17.910147394984961 13.067179206758736 1187.1550242351368
leaf_count=17 100 73 124 13 10 58 34 112 65 68 58 3566
internal_value=0.000241753 -0.00954915 -0.014624 0.0139542 0.000598301 -0.00920305 0.0066698 -0.0194485 -0.0215672 0.00112732 0.0181206 0.00088025
internal_weight=1335.5 46.9251 42.5051 8.30818 1288.57 65.9884 25.8854 40.103 34.1969 1222.59 17.5211 1205.07
internal_count=4298 292 275 86 4006 304 92 212 189 3702 68 3634
is_linear=0
shrinkage=0.03


Tree=167
num_leaves=10
num_cat=0
split_feature=25 25 7 25 28 25 11 5 0
split_gain=5.1605 8.577 17.8748 8.05139 17.607 7.4968 7.02599 6.71888 1.48573
threshold=-0.001013258929688022 -0.00074090273753692323 213190011.86450002 -0.0003944043076717358 -0.0018901392030305113 -0.00027410915263091797 0.0022321388624240292 0.0014348214761570365 0.00011352683920888059
decision_type=2 2 2 2 2 2 2 2 2
left_child=7 2 6 4 -3 -5 -2 -1 -9
right_child=1 3 -4 5 -6 -7 -8 8 -10
leaf_value=-0.0064331437645864051 0.019167586624449739 -0.040768253065461786 0.032214181715222667 -0.0083049412852332378 0.011241575665108059 0.00031801049920896553 -0.039385648057697509 0.015760666378692965 0.03525893241004583
leaf_weight=8.7535933107137698 2.0924370326101842 6.2213025549426666 4.9208867251873007 99.034046742133796 100.3491722419858 1083.7068561781198 15.557218598201869 6.150947004556655 8.2139105498790723
leaf_count=28 6 38 10 331 260 3510 80 17 18
internal_value=0.00023427 -1.33339e-05 -0.018347 0.000307613 0.00820538 -0.000404012 -0.0324439 0.0142849 0.0269099
internal_weight=1335 1311.88 22.5705 1289.31 106.57 1182.74 17.6497 23.1185 14.3649
internal_count=4298 4235 96 4139 298 3841 86 63 35
is_linear=0
shrinkage=0.03


Tree=168
num_leaves=12
num_cat=0
split_feature=29 29 29 7 28 21 22 7 21 23 22
split_gain=5.13464 5.46388 9.918 9.92636 7.21496 5.30502 8.08949 0.00185824 0.000653103 0.000300324 5.80564e-05
threshold=0.019547370574449802 0.020007434860058581 0.026842835822145025 348384784.99150008 -0.0027348552634087367 3496648.0000000005 61935905.611000009 2885964.2120000003 567025.50000000012 2.3484686595830611 8351498.1295000007
decision_type=2 2 2 2 2 2 2 2 2 2 2
left_child=7 5 3 -3 -4 6 -2 9 -9 10 -1
right_child=1 2 4 -5 -6 -7 -8 8 -10 -11 -12
leaf_value=-0.030809311993989806 0.020150993940367092 -0.0067367588576499708 0.012920980882085742 -0.04060379809128261 0.00013548003035663712 0.039755040780907205 -0.0073069785746385412 -0.031995581625605979 -0.032914554327703037 -0.0319335780449444 -0.031231851833447614
leaf_weight=0.68915998749434837 20.158182304352522 51.045222762972116 41.100917413830757 9.1914462000131589 1184.7983907796443 5.0275446921586981 18.536388568580151 1.2511968892067673 1.5685902312397955 0.40520060807466496 0.50866267643868923
leaf_count=34 61 321 116 53 3581 8 56 24 21 9 14
internal_value=0.000227393 0.000334717 -1.98317e-05 -0.0119045 0.000564142 0.0107642 0.00699743 -0.0320431 -0.0325068 -0.0312276 -0.0309887
internal_weight=1334.28 1329.86 1286.14 60.2367 1225.9 43.7221 38.6946 4.42281 2.81979 1.60302 1.19782
internal_count=4298 4196 4071 374 3697 125 117 102 45 57 48
is_linear=0
shrinkage=0.03


Tree=169
num_leaves=11
num_cat=0
split_feature=15 25 14 23 9 11 8 26 4 21
split_gain=5.09723 11.9727 7.78295 18.4606 8.65686 10.7759 8.42037 7.6066 7.28306 3.74727
threshold=-0.019801506600596267 0.00030295460938608334 0.059072978303745589 0.78063579654271498 0.38565878798763936 0.010057673727565395 0.0045735444804096701 -0.0041414891423022836 292.50000000000006 1007753.0000000001
decision_type=2 2 2 2 2 2 2 2 2 2
left_child=1 9 3 8 5 -4 -5 -6 -2 -1
right_child=2 -3 4 6 7 -7 -8 -9 -10 -11
leaf_value=0.01457731456671996 0.019745493450079452 -0.021445968362309255 -0.041628587863320937 -0.012524398419605396 0.01606627737865966 -0.0022400922765341371 -0.04044806670060426 0.00057262097922051319 -0.019424724508351456 0.043816696861318713
leaf_weight=8.4240235388278979 20.642322823405269 6.0148401185870162 9.6458495259284991 41.020715964958072 29.227575646713376 17.761783874593675 12.736972728744147 1175.3688880251721 5.387025360018014 7.4188190400600424
leaf_count=21 52 21 51 163 89 72 62 3733 22 12
internal_value=0.000220573 0.0145886 -1.8834e-05 -0.00909915 0.000569225 -0.0161025 -0.0191404 0.000948549 0.0116388 0.0282694
internal_weight=1333.65 21.8577 1311.79 79.787 1232 27.4076 53.7577 1204.6 26.0293 15.8428
internal_count=4298 54 4244 299 3945 123 225 3822 74 33
is_linear=0
shrinkage=0.03


Tree=170
num_leaves=11
num_cat=0
split_feature=22 26 26 10 28 5 5 23 13 25
split_gain=5.07009 5.08955 9.09001 11.6477 9.15958 6.15195 4.37545 2.21845 0.0108149 0.0073761
threshold=5412886.3505000016 -0.0041414891423022836 -0.0029235678665586406 0.0087989484010827634 -0.0020207740724513309 -0.0054647120545824011 0.0060825309250757999 0.33673919271666225 0.01984798361519791 -0.00034703461401847021
decision_type=2 2 2 2 2 2 2 2 2 2
left_child=7 5 3 -3 -4 -2 -7 -1 9 -9
right_child=1 2 4 -5 -6 6 -8 8 -10 -11
leaf_value=0.018648367659603638 -0.018984898931116562 -0.0061170586882949756 0.021014616345983322 -0.044832034904663386 0.00030706903244184363 0.024297838780229297 -0.00036141152148721356 -0.034788180262288283 -0.036181028704179337 -0.032101704870724342
leaf_weight=0.84252819046378036 5.0823193732649079 62.601073477417231 19.537412021309137 7.8736317846924058 1201.348482192494 20.961614437401298 9.3711393438279611 1.3456758186221116 1.1959728114306925 2.906581151299179
leaf_count=4 22 235 45 44 3762 58 30 15 11 72
internal_value=0.000214026 0.000341422 3.37185e-05 -0.0104424 0.000638445 0.0115614 0.0166795 -0.0266549 -0.0336607 -0.0329519
internal_weight=1333.07 1326.78 1291.36 70.4747 1220.89 35.4151 30.3328 6.29076 5.44823 4.25226
internal_count=4298 4196 4086 279 3807 110 88 102 98 87
is_linear=0
shrinkage=0.03


Tree=171
num_leaves=11
num_cat=0
split_feature=14 6 22 22 23 14 11 8 14 13
split_gain=5.06675 7.06511 6.49874 6.06494 5.38051 8.49137 6.1705 3.91029 3.06672 2.54929
threshold=0.99577150008939841 150262.00000000003 8351498.1295000007 13018731.088000001 0.58019635064763353 0.90852287655293984 0.024940643160272599 0.010730028247057799 0.84613110853903539 0.013462165800010048
decision_type=2 2 2 2 2 2 2 2 2 2
left_child=2 3 7 -2 5 -4 -6 8 -1 -5
right_child=1 -3 4 9 6 -7 -8 -9 -10 -11
leaf_value=-0.031934940363032953 0.0052308423111975012 0.0046684594566760978 0.0035055345710222081 -0.012087952187859127 -0.00076071431055047879 0.027436650224237361 0.0052087670699664064 0.014121837301485371 -0.00015326786558949701 -0.050085956639203011
leaf_weight=10.970232183113696 3.4179271524772075 10.2651658244431 77.601213954389095 2.0461304709315282 1014.1240378692746 16.115472346544266 184.14163534343243 2.8993743676692239 3.6389190144836894 7.1135825663805008
leaf_count=153 23 29 213 10 3255 35 482 19 36 43
internal_value=0.000207689 -0.0137997 0.000452033 -0.0288723 0.000698059 0.00762072 0.000156637 -0.0177026 -0.0240186 -0.0415978
internal_weight=1332.33 22.8428 1309.49 12.5776 1291.98 93.7167 1198.27 17.5085 14.6092 9.15971
internal_count=4298 105 4193 76 3985 248 3737 208 189 53
is_linear=0
shrinkage=0.03


Tree=172
num_leaves=10
num_cat=0
split_feature=12 12 21 3 3 4 25 3 20
split_gain=5.00847 7.28635 7.18761 6.79423 16.6487 9.15305 5.31545 4.19081 3.62283
threshold=-0.040508274311241294 -0.036611640361869514 1217306.0000000002 0.065416910041994153 0.039389472867616897 202.50000000000003 0.00021089200597581385 0.73199604743083135 -0.063495370458000591
decision_type=2 2 2 2 2 2 2 2 2
left_child=6 2 -2 4 -3 -5 7 -1 -8
right_child=1 3 -4 5 -6 -7 8 -9 -10
leaf_value=0.010403968287301429 -0.049098241299139277 -0.0014917607708800904 0.003970417083433638 -0.0014771946475304824 -0.028191433713706849 0.0039366532203664248 0.011487060734068823 0.041249926858154845 -0.024769009010688132
leaf_weight=9.0688164681196266 5.3702184408903104 134.08103020582348 4.0136748254299164 628.59262883290648 24.926537528634071 508.35614501032978 5.8773369938135147 7.0424240529537192 4.2916895747184736
leaf_count=23 22 476 10 2091 103 1532 14 11 16
internal_value=0.00020146 -5.95981e-05 -0.0263997 0.000131128 -0.00567729 0.000943462 0.0131682 0.0238871 -0.00381429
internal_weight=1331.62 1305.34 9.38389 1295.96 159.008 1136.95 26.2803 16.1112 10.169
internal_count=4298 4234 32 4202 579 3623 64 34 30
is_linear=0
shrinkage=0.03


Tree=173
num_leaves=14
num_cat=0
split_feature=14 8 29 8 17 11 14 1 26 26 11 3 6
split_gain=4.99735 9.96037 10.736 9.44583 7.68465 20.9505 15.7991 10.7784 9.65134 17.1303 11.7915 3.89043 3.30995
threshold=0.95391551882287129 -0.010425973005742046 0.033489878279165462 0.00044472650725301568 0.0018613500675238115 0.006053913221603968 0.84613110853903539 0.029596736836521004 0.0021723272850493309 0.0015975494502437611 0.006053913221603968 0.87607339449541388 297016.50000000006
decision_type=2 2 2 2 2 2 2 2 2 2 2 2 2
left_child=4 12 11 -4 8 6 -6 -7 9 -1 -10 -3 -2
right_child=1 2 3 -5 5 7 -8 -9 10 -11 -12 -13 -14
leaf_value=-0.0013964474713203544 -0.050473185262031692 -0.037319284871760047 0.013919052611989124 -0.0087504140032285127 -0.003557792384053926 -0.0031811587798753335 0.041834500974101019 0.0054768517235098792 -0.019233680246903646 0.018704475307702795 0.0013581620328894223 -0.003900028911997954 -0.01889569409349709
leaf_weight=531.99176570028067 4.9632690018042904 9.5245388830080611 32.64263067021966 33.539363846182823 10.225947026163341 221.48398759961128 21.224150535650551 311.28665136732161 55.838990461081266 41.105396265164018 45.357427053153515 4.6733152912929645 7.504817359149456
leaf_count=1753 27 83 87 113 45 764 50 840 229 120 135 27 25
internal_value=0.000195484 -0.00651737 -0.00264748 0.00243074 0.000698728 0.00328208 0.0270753 0.00187753 -0.00146291 4.52913e-05 -0.0100042 -0.0263191 -0.031466
internal_weight=1331.36 92.8479 80.3798 66.182 1238.51 564.221 31.4501 532.771 674.294 573.097 101.196 14.1979 12.4681
internal_count=4298 362 310 200 3936 1699 95 1604 2237 1873 364 110 52
is_linear=0
shrinkage=0.03


Tree=174
num_leaves=12
num_cat=0
split_feature=22 6 14 8 28 29 28 26 13 9 29
split_gain=4.97761 12.325 12.7571 11.6487 8.19493 7.43128 7.22329 7.04097 6.31145 2.74827 0.0527964
threshold=1608983448.7 3212391.0000000005 0.78562379793252302 -0.0014600970212348251 -0.00069546578387991338 0.019982888506241938 2.7516414747193422e-05 0.0023789810870967422 0.029904799210023352 1.9277530606091309 0.019547370574449802
decision_type=2 2 2 2 2 2 2 2 2 2 2
left_child=1 5 7 8 -5 10 -7 -3 -2 -4 -1
right_child=3 2 9 4 -6 6 -8 -9 -10 -11 -12
leaf_value=-0.031978686574266363 -0.057393757827453408 -0.0026451849057984086 0.01536989801147005 -0.02648224502426684 0.022360028440355426 0.0020655655476193267 -0.002523150572845603 0.030794829210203094 -0.0079895266086268471 0.040147256598311136 -0.038093550650864831
leaf_weight=3.9803637228906146 6.0460893139243144 30.209851182997227 5.5725959390401867 4.8520278185605994 8.5216391459107381 675.73804839886725 568.47563549689949 6.9753012657165518 3.7836437523365021 14.544545248150824 1.8667854517698286
leaf_count=97 28 85 13 20 20 2094 1877 14 12 24 14
internal_value=0.000189628 0.000434079 0.014039 -0.0135836 0.00463983 -0.000189565 -3.09982e-05 0.00362759 -0.0383772 0.0332837 -0.0339309
internal_weight=1330.57 1307.36 57.3023 23.2034 13.3737 1250.06 1244.21 37.1852 9.82973 20.1171 5.84715
internal_count=4298 4218 136 80 40 4082 3971 99 40 37 111
is_linear=0
shrinkage=0.03


Tree=175
num_leaves=11
num_cat=0
split_feature=25 25 7 25 28 3 6 11 11 5
split_gain=4.91528 8.08875 16.9399 7.69015 16.7874 7.59007 6.83284 6.67373 5.37724 1.52173
threshold=-0.001013258929688022 -0.00074090273753692323 213190011.86450002 -0.0003944043076717358 -0.0018901392030305113 0.21716672655407937 106642.50000000001 0.0022321388624240292 0.0083118292747701647 0.0042560086913285894
decision_type=2 2 2 2 2 2 2 2 2 2
left_child=6 2 7 4 -3 -5 8 -2 -1 -8
right_child=1 3 -4 5 -6 -7 9 -9 -10 -11
leaf_value=-0.030210991726053113 0.018695480263537824 -0.040380707509298647 0.031609671894200449 -0.0044279835473007272 0.010951184233785164 0.001012254354976649 0.016553072894539812 -0.038493369522609455 0.015983494534237402 0.036592784796422174
leaf_weight=4.3611939325928706 2.0845508575439515 6.0835949303582302 4.8611706197261801 314.92531508766115 99.759681155905128 864.13010137248784 6.3295513838529569 15.432772726751862 4.7249187976121902 7.3943708539009094
leaf_count=18 6 38 10 1085 260 2756 16 80 12 17
internal_value=0.000184013 -5.68859e-05 -0.0179381 0.000254543 0.00800076 -0.000440831 0.0139903 -0.0316879 -0.00618915 0.0273504
internal_weight=1330.09 1307.28 22.3785 1284.9 105.843 1179.06 22.81 17.5173 9.08611 13.7239
internal_count=4298 4235 96 4139 298 3841 63 86 30 33
is_linear=0
shrinkage=0.03


Tree=176
num_leaves=15
num_cat=0
split_feature=18 10 18 15 18 14 4 21 15 14 18 5 18 7
split_gain=4.86673 12.5403 12.2665 11.6081 8.4371 7.32591 7.38311 14.3052 8.73993 7.10778 6.25946 6.02803 4.10625 1.27458
threshold=0.016554731820867273 0.0091768149450775164 0.016260239203106156 0.0025958620587008944 0.015458458493741624 0.9757111605057931 202.50000000000003 368029.00000000006 0.015195553754131721 0.005473833379902697 0.017371448786317561 0.00014074760215193992 0.016456605351618678 3659937.4885000004
decision_type=2 2 2 2 2 2 2 2 2 2 2 2 2 2
left_child=1 2 3 -1 13 9 8 -8 -7 11 -11 -2 -4 -3
right_child=5 4 12 -5 -6 6 7 -9 -10 10 -12 -13 -14 -15
leaf_value=-0.0039813226445196267 -0.042781289569851111 -0.025368717445013855 -0.051478582275994736 0.0085730300244915639 -0.0015493000998490665 -0.042565708682128292 -0.027059648157308658 0.024024061867469859 -0.0018418566313965297 0.011893241737485905 0.0015037435862097995 -0.0011175420367153289 -0.011639430550069454 -0.050070780596416412
leaf_weight=244.40771123114973 5.8684737365692836 2.4433249589055803 5.6213093847036344 90.951315781101584 6.7953437343239775 10.790401414036753 8.866860646754505 11.12247636169195 8.4629401639103872 55.564224902540445 859.5158469863236 6.6862625405192375 3.9749609231948853 8.1531138569116575
leaf_count=1052 26 18 28 322 25 60 42 26 27 160 2436 22 14 40
internal_value=0.000178642 -0.00278663 -0.00153348 -0.000576509 -0.0276421 0.00128991 -0.0114063 0.00136437 -0.0246653 0.00182701 0.0021346 -0.0205925 -0.0349764 -0.044375
internal_weight=1329.22 362.347 344.955 335.359 17.3918 966.877 39.2427 19.9893 19.2533 927.635 915.08 12.5547 9.59627 10.5964
internal_count=4298 1499 1416 1374 83 2799 155 68 87 2644 2596 48 42 58
is_linear=0
shrinkage=0.03


Tree=177
num_leaves=13
num_cat=0
split_feature=11 11 21 5 5 4 5 6 28 1 25 0
split_gain=4.83003 7.3513 15.2322 16.6103 10.1503 10.746 10.4597 6.60247 6.6601 7.64825 6.22777 5.2716
threshold=8.9357878635304669e-05 0.0024947332794200499 100646.50000000001 0.012383232825377776 0.01332573109616155 312.50000000000006 0.012625818106739082 1147073.0000000002 0.0013878539853723487 0.026514994093541175 0.00046462623231768142 0.0027464174460637494
decision_type=2 2 2 2 2 2 2 2 2 2 2 2
left_child=7 2 10 -4 6 -6 -3 8 9 -1 -2 -10
right_child=1 4 3 -5 5 -7 -8 -9 11 -11 -12 -13
leaf_value=-0.011195807769671445 -0.038783625296544541 0.00096215026387423111 -0.0058919442053574737 0.034900949344927913 -0.0042616765391741696 -0.032946435873494266 0.024756105010830691 -0.024949166284700123 0.011601531198379054 0.015684032337663849 0.011436709831555741 0.050153742632652744
leaf_weight=15.137286556884645 16.069881199859086 1036.0112495692447 120.3373269084841 9.7083767596632224 53.383709957823157 15.072772011160849 16.898779693990946 4.8407983332872382 6.4974795430898649 25.704311303794384 2.5790307540446511 6.275074752047658
leaf_count=68 119 3280 393 22 177 62 41 17 22 72 10 15
internal_value=0.000173204 -0.000214867 -0.0064827 -0.00284661 0.000616255 -0.0105775 0.00134403 0.00860489 0.0116345 0.00572145 -0.0318385 0.030542
internal_weight=1328.52 1270.06 148.695 130.046 1121.37 68.4565 1052.91 58.455 53.6142 40.8416 18.6489 12.7726
internal_count=4298 4104 544 415 3560 239 3321 194 177 140 129 37
is_linear=0
shrinkage=0.03


Tree=178
num_leaves=11
num_cat=0
split_feature=15 25 14 23 28 9 0 26 23 21
split_gain=4.84107 11.2033 7.05895 17.2037 8.26679 8.06093 10.1997 6.96827 6.44895 3.53846
threshold=-0.019801506600596267 0.00030295460938608334 0.059072978303745589 0.78063579654271498 4.2086670741656015e-06 0.38565878798763936 -0.0024353227387348751 -0.0041414891423022836 0.72200137845637491 1007753.0000000001
decision_type=2 2 2 2 2 2 2 2 2 2
left_child=1 9 3 8 -5 6 -4 -7 -2 -1
right_child=2 -3 5 4 -6 7 -8 -9 -10 -11
leaf_value=0.01414305941327341 -0.00026096615641303455 -0.020685017420311889 0.021278179595264325 -0.012482608488072464 -0.041737242904121855 0.015448735303503418 -0.024804239049428505 0.00050238739227100992 0.030689861950560282 0.042662981378925165
leaf_weight=8.3465127199888247 16.166396364569668 5.992841199040412 5.3927212823182371 42.428242510184646 10.933683069422839 28.762935318052769 21.787060126662254 1171.3234060704708 9.6906394120305759 7.3745783269405356
leaf_count=21 51 21 17 162 63 89 106 3733 23 12
internal_value=0.000167955 0.0142169 -6.55396e-05 -0.00874502 -0.0184768 0.000494713 -0.0156611 0.000860612 0.0113387 0.0275214
internal_weight=1328.2 21.7139 1306.49 79.219 53.3619 1227.27 27.1798 1200.09 25.857 15.7211
internal_count=4298 54 4244 299 225 3945 123 3822 74 33
is_linear=0
shrinkage=0.03


Tree=179
num_leaves=12
num_cat=0
split_feature=22 23 4 6 29 14 15 4 8 29 25
split_gain=4.70431 4.81437 7.93719 18.1326 11.5424 6.98367 9.5273 9.52534 1.9638 0.0114267 0.00587086
threshold=5412886.3505000016 0.58019635064763353 322.50000000000006 974012.50000000012 0.047524969605917906 0.95391551882287129 0.0098404907494983734 322.50000000000006 0.020220809923638183 0.054661403642227449 -0.00034703461401847021
decision_type=2 2 2 2 2 2 2 2 2 2 2
left_child=8 2 3 -2 -4 6 -3 -7 9 10 -1
right_child=1 5 4 -5 -6 7 -8 -9 -10 -11 -12
leaf_value=-0.034471055318875482 0.015209292563103802 -0.00057220738097977716 -0.046845190061180562 -0.04786047698376223 0.0024879289715828705 -0.0032476602901081951 0.0083560242335120726 -0.027884550785028061 0.016794516633256346 -0.036588487633523313 -0.032034987363050861
leaf_weight=1.2628951426595447 70.549574948847294 1018.347413206473 5.3745605908334282 4.3559245169162741 20.738133981823921 63.922842506319284 120.2719157487154 18.129516301676631 0.81369899213314045 0.83580893278121937 3.0183168128132811
leaf_count=15 184 3264 31 17 55 239 321 85 3 6 78
internal_value=0.000162976 0.000282601 0.00657659 0.0115416 -0.0076659 -0.000238266 0.000370878 -0.0086912 -0.026496 -0.03338 -0.0327536
internal_weight=1327.62 1321.69 101.018 74.9055 26.1127 1220.67 1138.62 82.0524 5.93072 5.11702 4.28121
internal_count=4298 4196 287 201 86 3909 3585 324 102 99 93
is_linear=0
shrinkage=0.03


end of trees

feature_importances:
atr_20d_pct=262
qqq_gap=223
qqq_intra_ret=207
qqq_vwap_dev=176
pm_turnover=146
intra_turnover=124
pm_rvol=115
intra_range_retention=115
pm_volume=106
intra_volume=85
intra_rvol=76
pm_final_velocity_10m=70
pm_intra_gain=68
pm_vwap_dev=64
intra_high_from_open=59
intra_range_pct=58
intra_vwap_dev=57
pm_peak_to_open_mins=48
pm_surge_retention=42
intra_return_from_open=41
intra_dist_to_pm_high=41
pm_gap=32
intra_low_from_open=30
alpha_vs_qqq=30
intra_curr_bar_range=20
intra_curr_bar_ret=4
intra_breakout_pm_high=1

parameters:
[boosting: gbdt]
[objective: binary]
[metric: binary_logloss]
[tree_learner: serial]
[device_type: cpu]
[data_sample_strategy: bagging]
[data: ]
[valid: ]
[num_iterations: 180]
[learning_rate: 0.03]
[num_leaves: 15]
[num_threads: 15]
[seed: 42]
[deterministic: 0]
[force_col_wise: 0]
[force_row_wise: 0]
[histogram_pool_size: -1]
[max_depth: 4]
[min_data_in_leaf: 15]
[min_sum_hessian_in_leaf: 0.001]
[bagging_fraction: 0.8]
[pos_bagging_fraction: 1]
[neg_bagging_fraction: 1]
[bagging_freq: 0]
[bagging_seed: 400]
[bagging_by_query: 0]
[feature_fraction: 0.8]
[feature_fraction_bynode: 1]
[feature_fraction_seed: 30056]
[extra_trees: 0]
[extra_seed: 12879]
[early_stopping_round: 0]
[early_stopping_min_delta: 0]
[first_metric_only: 0]
[max_delta_step: 0]
[lambda_l1: 0]
[lambda_l2: 0]
[linear_lambda: 0]
[min_gain_to_split: 0]
[drop_rate: 0.1]
[max_drop: 50]
[skip_drop: 0.5]
[xgboost_dart_mode: 0]
[uniform_drop: 0]
[drop_seed: 17869]
[top_rate: 0.2]
[other_rate: 0.1]
[min_data_per_group: 100]
[max_cat_threshold: 32]
[cat_l2: 10]
[cat_smooth: 10]
[max_cat_to_onehot: 4]
[top_k: 20]
[monotone_constraints: ]
[monotone_constraints_method: basic]
[monotone_penalty: 0]
[feature_contri: ]
[forcedsplits_filename: ]
[refit_decay_rate: 0.9]
[cegb_tradeoff: 1]
[cegb_penalty_split: 0]
[cegb_penalty_feature_lazy: ]
[cegb_penalty_feature_coupled: ]
[path_smooth: 0]
[interaction_constraints: ]
[verbosity: -1]
[saved_feature_importance_type: 0]
[use_quantized_grad: 0]
[num_grad_quant_bins: 4]
[quant_train_renew_leaf: 0]
[stochastic_rounding: 1]
[linear_tree: 0]
[max_bin: 255]
[max_bin_by_feature: ]
[min_data_in_bin: 3]
[bin_construct_sample_cnt: 200000]
[data_random_seed: 175]
[is_enable_sparse: 1]
[enable_bundle: 1]
[use_missing: 1]
[zero_as_missing: 0]
[feature_pre_filter: 1]
[pre_partition: 0]
[two_round: 0]
[header: 0]
[label_column: ]
[weight_column: ]
[group_column: ]
[ignore_column: ]
[categorical_feature: ]
[forcedbins_filename: ]
[precise_float_parser: 0]
[parser_config_file: ]
[objective_seed: 16083]
[num_class: 1]
[is_unbalance: 0]
[scale_pos_weight: 3.2096]
[sigmoid: 1]
[boost_from_average: 1]
[reg_sqrt: 0]
[alpha: 0.9]
[fair_c: 1]
[poisson_max_delta_step: 0.7]
[tweedie_variance_power: 1.5]
[lambdarank_truncation_level: 30]
[lambdarank_norm: 1]
[label_gain: ]
[lambdarank_position_bias_regularization: 0]
[eval_at: ]
[multi_error_top_k: 1]
[auc_mu_weights: ]
[num_machines: 1]
[local_listen_port: 12400]
[time_out: 120]
[machine_list_filename: ]
[machines: ]
[gpu_platform_id: -1]
[gpu_device_id: -1]
[gpu_device_id_list: ]
[gpu_use_dp: 0]
[num_gpu: 1]

end of parameters

pandas_categorical:[]
