tree
version=v4
num_class=1
num_tree_per_iteration=1
label_index=0
max_feature_idx=29
objective=binary sigmoid:1
feature_names=pm_gap pm_intra_gain pm_gain pm_surge_retention pm_peak_to_open_mins pm_final_velocity_10m pm_volume pm_turnover pm_vwap_dev pm_rvol intra_return_from_open intra_high_from_open intra_low_from_open intra_range_pct intra_range_retention intra_vwap_dev intra_upbar_ratio intra_curr_bar_ret intra_curr_bar_range intra_breakout_pm_high intra_dist_to_pm_high intra_volume intra_turnover intra_rvol intra_vol_acceleration qqq_gap qqq_intra_ret alpha_vs_qqq qqq_vwap_dev atr_20d_pct
feature_infos=[-0.061484272200206469:0.10594795539033457] [0:0.34499999999999997] none [0:1] [0:325] [-0.049238373759256451:0.34499999999999997] [0:31845058] [0:8569697149.3370008] [-0.092066306955677898:0.048037611719781194] [0:31845058] [-0.32773109243697479:0.10068574609681424] [0:0.10157139603734909] [-0.32773109243697479:0] [0:0.32773109243697479] [0:1] [-0.22630560928433269:0.069764841970213848] [0:1] [-0.042458226811113234:0.071316809904986483] [0:0.073811197532823891] [0:1] [-0.25650557620817843:0.067743274085344682] [1:37000722] [258.5:9238932728.0319996] [2.0000000000000002e-05:27549254] [0:3.3997139017729419] [-0.0011859246672332071:0.0012176347095871301] [-0.0068234763658226154:0.0065791670841264084] [-0.3268957943568131:0.1010004787314412] [-0.003488907578351031:0.0052383947601459483] [0.0093137254901960592:0.71615304500823007]
tree_sizes=1485 1742 1734 1742 1726 1731 1735 1528 1738 1622 1736 1741 1730 1635 1737 1632 1736 1744 1632 1629 1748 1737 1647 1634 1636 1751 1525 1644 1424 1632 1533 1629 1528 1736 1741 1740 1750 1754 1526 1740 1746 1759 1643 1750 1637 1739 1524 1540 1646 1646 1741 1746 1752 1645 1640 1519 1750 1739 1531 1750 1759 1650 1639 1745 1763 1645 1646 1649 1753 1747 1536 1754 1746 1641 1642 1755 1655 1769 1526 1750 1322 1530 1524 1760 1526 1638 1537 1529 1763 1764 1739 1661 1311 1656 1413 1317 1638 1416 1527 1655 1422 1424 1658 1318 1534 1775 1517 1425 1776 1540 1432 1438 1643 1643 1543 1542 1532 1769 1513 1435 1754 1636 1432 1230 1327 1542 1438 1322 1428 1229 1745 1756 1432 1218 1652 1752 1434 1432 1417 1426 1422 1432 1216 1436 1424 1220 1746 1217 1643 1430 1541 1413 1321 1330 1218 1530 1645 1321 1767 1324 1532 1220 1331 1428 1427 1748 1325 1533 1642 1429 1764 1431 1538 1125 1325 1416 1422 1221 1645 1414

Tree=0
num_leaves=13
num_cat=0
split_feature=29 18 22 28 6 6 28 29 21 20 28 9
split_gain=794.358 177.556 84.769 82.0576 73.1743 55.2639 45.7317 45.6233 26.977 25.5356 20.9006 2.07371
threshold=0.047200015514282039 0.012889490605157096 118906193.20550002 -0.0031090121984301382 23449.500000000004 3257.0000000000005 -0.0031090121984301382 0.056556520758638942 514939.50000000006 -0.02210254783811734 -0.00098924068290357956 0.96912618895992553
decision_type=2 2 2 2 2 2 2 2 2 2 2 2
left_child=1 3 10 9 -5 11 -7 -8 -4 -1 -3 -2
right_child=5 2 8 4 -6 6 7 -9 -10 -11 -12 -13
leaf_value=-1.0751672020512175 -1.2157015691509618 -1.1899760636907637 -1.1488318675612901 -1.1892349501520993 -1.1619191008883076 -1.0553462583839597 -1.1214802212862378 -1.1035456119913236 -1.1078810418041305 -1.1485547279874972 -1.1494302060268855 -1.1802717285230642
leaf_weight=10.383789807558061 3.2425337433814994 15.126666992902754 17.458182632923126 136.00360807776451 251.4324007332325 14.560458987951277 185.85333728790283 407.68307623267174 84.815177142620087 7.2442193031311026 46.975482136011124 2.7458573579788208
leaf_count=24 18 75 70 672 1084 27 628 1209 260 29 189 13
internal_value=-1.13243 -1.15796 -1.13166 -1.16863 -1.17151 -1.10877 -1.10787 -1.10916 -1.11487 -1.10533 -1.15931 -1.19946
internal_weight=1183.52 569.44 164.376 405.064 387.436 614.085 608.097 593.536 102.273 17.628 62.1021 5.98839
internal_count=4298 2403 594 1809 1756 1895 1864 1837 330 53 264 31
is_linear=0
shrinkage=1


Tree=1
num_leaves=15
num_cat=0
split_feature=29 22 6 29 29 25 13 22 25 13 25 22 20 12
split_gain=699.102 125.655 95.4524 83.3263 62.8955 51.1247 50.8396 47.1889 32.565 31.7406 29.0696 21.5358 17.7856 17.4953
threshold=0.043807468164590038 96497244.734500021 49248.000000000007 0.033489878279165462 0.054853966217673765 -0.0003944043076717358 0.034673559366658065 14103892.698000003 -0.00036666288137811835 0.01533691482601666 0.00036061617792229307 54550600.429000005 -0.026531909298421159 -0.036199750233582705
decision_type=2 2 2 2 2 2 2 2 2 2 2 2 2 2
left_child=1 7 4 6 11 13 -3 12 -5 -7 -9 -2 -1 -4
right_child=2 3 5 8 -6 9 -8 10 -10 -11 -12 -13 -14 -15
leaf_value=0.027791031421828399 0.0052989213488553993 0.001746330871147493 -0.039845049575901126 0.080962398211925232 0.061275267416209186 0.01923587804147257 0.052487389468046534 0.0099890496323109222 0.040427838802743511 0.063750894869510744 -0.020963521426828821 0.038872911470930908 -0.036514123395791687 0.091111289588779343
leaf_weight=4.3351618498563758 43.376019209623337 89.707029357552528 0.93012514710426231 21.783660009503365 54.808051034808159 14.842844188213347 22.161978095769882 191.42877627909184 98.477445885539055 501.28548504412174 31.851617604494095 28.487629726529121 36.151692897081375 71.264478400349617
leaf_count=17 192 407 5 58 166 60 73 842 355 1492 163 103 199 166
internal_value=0.0417082 0.014337 0.060692 0.0304345 0.0370692 0.0657782 0.0117985 0.000170229 0.0477701 0.0624707 0.00557357 0.0186081 -0.0296286 0.0894241
internal_weight=1210.89 495.897 714.995 232.13 126.672 588.323 111.869 263.767 120.261 516.128 223.28 71.8636 40.4869 72.1946
internal_count=4298 2114 2184 893 461 1723 480 1221 413 1552 1005 295 216 171
is_linear=0
shrinkage=0.03


Tree=2
num_leaves=15
num_cat=0
split_feature=29 6 23 29 25 28 29 28 15 18 28 18 0 6
split_gain=628.645 152.612 86.4491 74.6248 55.0408 53.9841 43.7603 33.9376 26.4968 23.2461 21.1211 13.8172 10.0147 7.95817
threshold=0.036922355935275895 49248.000000000007 13.958200000000003 0.054853966217673765 -0.0003944043076717358 0.00094388216018259576 0.055500181094657791 -0.0031090121984301382 0.01044705484896408 0.018729062766768601 -0.0006564056522797159 0.013632373529680778 -1.0000000180025095e-35 793918.00000000012
decision_type=2 2 2 2 2 2 2 2 2 2 2 2 2 2
left_child=2 3 5 8 10 7 -6 -1 -2 -7 -3 -5 13 -4
right_child=1 4 12 11 6 9 -8 -9 -10 -11 -12 -13 -14 -15
leaf_value=0.053896298747051194 0.011007015977327832 0.096363742935596505 0.016875850064230032 0.039065512258250445 0.046321213043600096 -0.020952644295744546 0.062570276341247275 0.0063845427245792646 0.049738717313074908 0.031924407209379231 0.066888464473755724 0.06949365007642358 0.084203139047069164 0.072017021751828933
leaf_weight=14.503112599253653 113.42625546455383 43.220923870801926 5.1475787311792391 21.998017027974129 249.64685522019863 95.148912772536278 370.5981118530035 201.81017588078976 18.487587839365005 8.1213625222444517 44.311818927526474 34.488272666931152 10.962346002459524 4.3430663645267487
leaf_count=46 486 84 21 74 822 485 1040 898 62 30 119 92 27 12
internal_value=0.0396079 0.0527857 0.00487738 0.0287904 0.0591729 0.00105067 0.0560301 0.00957005 0.0164352 -0.0167943 0.0814424 0.0576437 0.0646707 0.0421093
internal_weight=1236.21 896.178 340.037 188.4 707.778 319.584 620.245 216.313 131.914 103.27 87.5327 56.4863 20.453 9.49065
internal_count=4298 2779 1519 714 2065 1459 1862 944 548 515 203 166 60 33
is_linear=0
shrinkage=0.03


Tree=3
num_leaves=15
num_cat=0
split_feature=29 6 23 29 28 25 18 29 25 18 28 1 11 18
split_gain=564.956 136.223 79.4481 67.2357 51.2817 47.7156 41.9078 37.0556 28.4002 21.0426 17.8453 17.7523 15.3032 13.3908
threshold=0.036782634458875071 49248.000000000007 9.8175971862969131 0.054853966217673765 0.0010954218286130118 -0.0003944043076717358 0.012889490605157096 0.028908263013382379 -0.00013553651067079432 0.018729062766768601 -0.0006564056522797159 0.056385283747939739 0.014917241736682711 0.015661772234129904
decision_type=2 2 2 2 2 2 2 2 2 2 2 2 2 2
left_child=2 3 4 8 7 10 -7 -1 -2 -6 -3 13 -5 -4
right_child=1 5 11 12 9 6 -8 -9 -10 -11 -12 -13 -14 -15
leaf_value=-0.0055751621332586453 0.03862051335744239 0.089475058756117332 0.039166087724815273 0.037325435499509167 -0.024187968653150975 0.040909871593498674 0.057793015143492193 0.018855010214553623 0.0074814316438220913 0.030593111574336137 0.062878533346669388 0.0010126041874619529 0.068298763410860358 0.086201151318454836
leaf_weight=103.42250125110149 35.936839491128922 45.121128648519516 9.8097581863403374 26.045899882912636 77.928252667188644 187.0401604026556 452.30567651987076 121.55200472474098 98.921545177698135 6.8668238073587409 45.701302126049995 4.6897645294666281 31.988723933696747 12.250701472163199
leaf_count=488 128 84 34 85 408 612 1259 500 428 25 119 20 81 27
internal_value=0.0376896 0.0498208 0.00441401 0.0273983 0.000130479 0.0557443 0.0528539 0.00762427 0.0157793 -0.0197517 0.0760918 0.0540176 0.054398 0.0652858
internal_weight=1259.58 923.061 336.52 192.893 309.77 730.168 639.346 224.975 134.858 84.7951 90.8224 26.7502 58.0346 22.0605
internal_count=4298 2796 1502 722 1421 2074 1871 988 556 433 203 81 166 61
is_linear=0
shrinkage=0.03


Tree=4
num_leaves=15
num_cat=0
split_feature=29 6 23 29 7 28 28 29 15 14 13 11 14 18
split_gain=509.689 120.868 72.7021 60.5554 51.8303 53.1459 43.9814 44.1188 27.4921 19.4071 13.4277 13.3993 7.22113 6.25668
threshold=0.036782634458875071 49248.000000000007 16.815444576835471 0.054853966217673765 1305474.1010000003 0.0010954218286130118 -0.0025031009171439999 0.053282096047153039 0.01044705484896408 0.077635376258588754 0.015611638358605113 0.014917241736682711 0.69696969696970557 0.017997529587549885
decision_type=2 2 2 2 2 2 2 2 2 2 2 2 2 2
left_child=2 3 4 8 9 -6 10 -8 -2 -1 -3 -5 13 -4
right_child=1 6 12 11 5 -7 7 -9 -10 -11 -12 -13 -14 -15
leaf_value=0.023940345307750955 0.0095993456743389601 -0.040738429374836231 0.031123751152521258 0.035590477962897028 0.014617401966623518 -0.015361515600805278 0.040998888494943306 0.056599353113921572 0.04778869061782956 -0.032793404337798336 0.085238999437729709 0.06424365976645445 0.090666995551470342 0.075496676530673601
leaf_weight=6.1421052366495124 116.06279948353767 0.77610732614993949 6.7331480532884616 26.489120468497276 193.42775541543961 73.422472596168518 255.27853408455849 452.08269603550434 19.869996011257172 46.575929343700409 40.398963287472725 32.971875131130219 5.9033193588256827 4.9715570360422134
leaf_count=25 492 4 23 85 807 369 801 1192 64 255 77 81 12 11
internal_value=0.0359296 0.047239 0.00426876 0.0262275 0.000998821 0.00636886 0.0527238 0.0509693 0.0151817 -0.0261834 0.0828645 0.051479 0.0636149 0.0499711
internal_weight=1281.11 943.93 337.176 195.394 319.568 266.85 748.536 707.361 135.933 52.718 41.1751 59.461 17.608 11.7047
internal_count=4298 2796 1502 722 1456 1176 2074 1993 556 280 81 166 46 34
is_linear=0
shrinkage=0.03


Tree=5
num_leaves=15
num_cat=0
split_feature=18 7 9 25 22 18 11 9 7 25 11 1 11 25
split_gain=359.895 144.534 85.7176 53.9746 49.3584 49.2457 45.996 29.7487 28.5548 23.8699 25.0064 22.1364 35.9489 17.6466
threshold=0.012767102004022498 7302761.4060000004 1.4532530813411066 -0.00014680805425697666 123669530.19000001 0.0072776879589134457 0.023876229510080827 1.1108744322341277 1305474.1010000003 -0.001013258929688022 0.040216821579649863 0.063413856226590709 0.019898894101138324 0.00091992996561157724
decision_type=2 2 2 2 2 2 2 2 2 2 2 2 2 2
left_child=1 3 5 7 9 -3 -4 -1 -5 -2 -11 13 -13 -6
right_child=4 2 6 8 11 -7 -8 -9 -10 10 -12 12 -14 -15
leaf_value=0.048000961319274602 0.094600065393748253 0.0068143987943906385 0.0068134081998882596 -0.032794720945805461 0.056194913558084009 0.046672641498006068 0.051271572648557459 0.0037189047589368997 -0.0041713178725821939 0.033091214026128801 0.075648611051841189 0.019424673381972089 0.057155602438462731 0.089693310091722683
leaf_weight=22.077674552798271 6.3593936413526526 32.992575868964195 160.59653183817863 47.309381768107414 369.90951758623123 180.67288008332253 24.085031345486641 35.78472101688385 93.086203008890152 207.05256922543049 13.219722762703894 39.429902702569962 53.648128807544708 14.716334640979765
leaf_count=73 10 138 670 261 948 535 69 158 430 680 29 136 135 26
internal_value=0.0343074 0.0171628 0.02758 -0.00376762 0.0488297 0.040518 0.0126114 0.0206149 -0.0138166 0.0372996 0.0356453 0.0542997 0.041172 0.0574766
internal_weight=1300.94 596.605 398.347 198.258 704.336 213.665 184.682 57.8624 140.396 226.632 220.272 477.704 93.078 384.626
internal_count=4298 2334 1412 922 1964 673 739 231 691 719 709 1245 271 974
is_linear=0
shrinkage=0.03


Tree=6
num_leaves=15
num_cat=0
split_feature=29 6 23 29 7 25 29 29 25 14 1 0 0 14
split_gain=431.669 98.18 63.862 52.7286 43.6603 40.0172 33.308 30.9314 24.3491 18.3481 14.5628 11.6031 10.3677 9.83621
threshold=0.036782634458875071 49248.000000000007 9.8175971862969131 0.054853966217673765 1305474.1010000003 -0.0003944043076717358 0.032398442985910422 0.055500181094657791 -0.00013553651067079432 0.077635376258588754 0.056385283747939739 -7.332975369432638e-05 -1.0000000180025095e-35 0.77135342401796814
decision_type=2 2 2 2 2 2 2 2 2 2 2 2 2 2
left_child=2 3 4 8 9 13 -6 -7 -2 -1 12 -5 -4 -3
right_child=1 5 10 11 6 7 -8 -9 -10 -11 -12 -13 -14 -15
leaf_value=0.022752229702148984 0.034514164034406963 0.07028754651621795 0.035566472950853953 0.033066891842291897 -0.0022731737286142586 0.037345149151196341 0.02117361889484334 0.050376945156153312 0.0061899487865325134 -0.032177089804552084 -0.0008148427534033334 0.059207700542563427 0.075351264554700204 0.045937641943822417
leaf_weight=6.2275709956884375 37.467066660523415 79.104113817214966 11.262645483016973 28.184490114450455 182.39567273855209 273.86545461416245 77.782189026474953 408.31701564788818 100.81577171385288 45.169872716069221 4.8223508745431891 33.381796002388 12.369703054428099 18.404279574751854
leaf_count=25 128 156 35 85 838 831 304 1040 428 254 20 81 26 47
internal_value=0.0327968 0.0429063 0.00367404 0.0241463 -0.000254932 0.0477148 0.00473643 0.0451453 0.0138643 -0.0255216 0.0466958 0.0472407 0.0563907 0.0656916
internal_weight=1319.57 979.54 340.03 199.849 311.575 779.691 260.178 682.182 138.283 51.3974 28.4547 61.5663 23.6323 97.5084
internal_count=4298 2796 1502 722 1421 2074 1142 1871 556 279 81 166 61 203
is_linear=0
shrinkage=0.03


Tree=7
num_leaves=13
num_cat=0
split_feature=29 6 29 23 25 9 28 6 28 25 28 3
split_gain=393.827 104.253 76.5152 64.0085 39.5081 43.6707 27.2909 27.0957 26.1476 23.9371 23.0785 8.99291
threshold=0.047200015514282039 42581.000000000007 0.033022913717809556 9.8175971862969131 -0.00038043631396730772 2.2194951270627041 -0.0031090121984301382 3439.0000000000005 -0.0031090121984301382 -0.001013258929688022 -0.00029034711214869993 0.3784588885761348
decision_type=2 2 2 2 2 2 2 2 2 2 2 2
left_child=1 4 3 -3 5 -1 -4 11 -9 -10 -6 -2
right_child=7 2 6 -5 10 -7 -8 8 9 -11 -12 -13
leaf_value=0.045853204986355069 0.021085106164244288 -0.0035427763268980352 0.085233671661925733 0.047935687240104739 0.0048450936936012771 -0.029244296412148558 0.032023186869057911 0.082350874648752986 0.077790082049613865 0.044984041028402519 -0.016004722038727218 -0.040788251599649675
leaf_weight=27.079327180981636 4.6730466783046705 115.72515806555748 9.0304019898176175 26.766408905386925 80.950533702969551 9.3843636661767942 220.36758507788181 18.215408831834793 20.621620610356331 683.09078115224838 116.60410758852959 3.8608490973711014
leaf_count=89 17 532 15 72 359 49 703 27 35 1796 584 20
internal_value=0.0314032 0.0135217 0.0233931 0.00612722 -0.00216551 0.026526 0.0341179 0.0462358 0.046864 0.0459454 -0.00746124 -0.00690723
internal_weight=1336.37 605.908 371.89 142.492 234.018 36.4637 229.398 730.462 721.928 703.712 197.555 8.5339
internal_count=4298 2403 1322 604 1081 138 718 1895 1858 1831 943 37
is_linear=0
shrinkage=0.03


Tree=8
num_leaves=15
num_cat=0
split_feature=29 26 6 7 29 28 26 18 1 13 29 6 25 26
split_gain=362.638 85.0624 81.2866 47.7521 44.3851 34.2686 35.5983 28.6204 34.4394 27.4401 25.0449 24.9903 14.5343 13.8951
threshold=0.036782634458875071 0.00047400656714967002 49248.000000000007 1305474.1010000003 0.057351777996037516 -0.0025031009171439999 -0.0024080699903713879 0.011706279317745276 0.025257714641452694 0.040808019002776107 0.019982888506241938 6607564.5000000009 1.6511671285612653e-05 0.0011185220546907385
decision_type=2 2 2 2 2 2 2 2 2 2 2 2 2 2
left_child=1 3 4 12 9 -4 -7 11 -9 -2 -5 -3 -1 -6
right_child=2 7 5 10 13 6 -8 8 -10 -11 -12 -13 -14 -15
leaf_value=0.0035065906152549316 0.01096352139805905 -0.025946854388979222 0.068861678171408536 -0.039531892580086651 0.030457665385441614 0.027707069698284004 0.044868394053786925 0.054248637276814497 -0.010635304958001999 0.061741442174445021 0.02361964479083014 0.064848352724222971 -0.038434673075952761 0.062403720857894238
leaf_weight=13.594630524516107 144.57384975254536 96.669077888131142 44.952641904354095 5.8466760367155066 23.572248697280884 131.47682735323906 630.3081107288599 10.273750469088553 25.981670409440994 10.257654890418051 169.64413832128048 2.8075053542852393 16.415490627288818 25.52009217441082
leaf_count=62 574 517 81 32 69 389 1604 32 118 25 636 9 96 54
internal_value=0.0301026 0.00336242 0.0391309 0.0155355 0.0222086 0.0434085 0.0419065 -0.0150678 0.00775095 0.0143276 0.0215157 -0.0233844 -0.0194352 0.0470645
internal_weight=1351.89 341.233 1010.66 205.501 203.924 806.738 761.785 135.732 36.2554 154.832 175.491 99.4766 30.0101 49.0923
internal_count=4298 1502 2796 826 722 2074 1993 676 150 599 668 526 158 123
is_linear=0
shrinkage=0.03


Tree=9
num_leaves=14
num_cat=0
split_feature=29 7 18 25 28 9 18 17 6 22 22 28 9
split_gain=333.426 102.688 58.2452 42.6958 42.1527 36.5453 27.5229 25.8104 24.799 22.86 21.1448 21.0234 2.02926
threshold=0.047200015514282039 7676368.0275000008 0.012889490605157096 -0.000152581626249253 -0.0031090121984301382 2.1848790951061461 0.0074957631460053475 -0.000859888949173668 3257.0000000000005 14721999.509000001 118906193.20550002 -0.0031090121984301382 1.6247660207243813
decision_type=2 2 2 2 2 2 2 2 2 2 2 2 2
left_child=1 3 4 5 -3 -1 7 -2 -8 -5 -4 -10 -9
right_child=6 2 10 9 -6 -7 8 12 11 -11 -12 -13 -14
leaf_value=0.031334411507436669 0.043373362538595403 0.069060369542838548 0.015212145633827464 -0.038229583517662702 0.0095611350945174964 -0.021585526701168808 -0.021999994965404734 -0.043003919222283013 0.074751582201380562 -0.0080225912335507958 0.041396121502866125 0.042748757279847546 -0.012919055617579615
leaf_weight=41.93469725549221 7.8247614204883602 11.209010586142538 36.008124366402626 28.07315893471241 243.79137749969959 16.313328012824059 5.2269247621297827 5.4344406872987729 18.966095149517059 114.56008666753769 121.13504554331303 712.52886041998863 3.2095540165901184
leaf_count=150 21 24 134 167 966 83 25 26 27 550 329 1783 13
internal_value=0.0288853 0.0124577 0.0210298 -0.00512953 0.0121765 0.0165133 0.0422558 0.00389948 0.0431133 -0.0139679 0.0353963 0.0435785 -0.0318333
internal_weight=1366.22 613.025 412.144 200.881 255 58.248 753.191 16.4688 736.722 142.633 157.143 731.495 8.64399
internal_count=4298 2403 1453 950 990 233 1895 60 1835 717 463 1810 39
is_linear=0
shrinkage=0.03


Tree=10
num_leaves=15
num_cat=0
split_feature=29 26 29 22 25 23 18 1 8 22 21 20 25 5
split_gain=310.537 78.687 69.7964 64.1441 38.6899 32.4191 26.3757 31.5946 25.0413 23.917 23.1718 17.8988 20.4531 10.0906
threshold=0.036782634458875071 0.00047400656714967002 0.055984192898215462 118906193.20550002 -0.00013553651067079432 19.348193152714504 0.011706279317745276 0.025257714641452694 0.010407031608731422 14103892.698000003 8731770.0000000019 0.015497653052977109 -0.00087053193906951151 -0.00025768882043480115
decision_type=2 2 2 2 2 2 2 2 2 2 2 2 2 2
left_child=1 5 3 4 -2 9 10 -8 -5 -1 -3 12 -4 -13
right_child=2 6 11 8 -6 -7 7 -9 -10 -11 -12 13 -14 -15
leaf_value=-0.022198833018150919 0.034545739505838079 -0.025523444921065914 0.069262007958921915 0.033217880393362396 0.0076639872877817539 0.058498072375029034 0.050489679457670029 -0.010909714901709333 0.05637926724950177 0.014680857654498787 0.060350982847089063 0.072342812358580977 0.039930840506044944 0.048651183689125369
leaf_weight=17.386209815740585 69.818294316530228 95.227154120802879 22.47107045352459 221.18012182414532 155.52492232620716 14.093091562390326 10.6088360697031 26.097921088337898 51.862595349550247 176.3712772578001 2.9145217239856711 26.291340813040733 447.42740140855312 42.068444803357124
leaf_count=93 205 517 36 611 602 30 32 118 114 703 9 44 1091 93
internal_value=0.0277452 0.00298814 0.0359296 0.0278398 0.0159928 0.0145669 -0.014859 0.00683569 0.0376172 0.0113716 -0.0229732 0.0434201 0.0413335 0.057763
internal_weight=1379.34 342.699 1036.64 498.386 225.343 207.851 134.848 36.7068 273.043 193.757 98.1417 538.258 469.898 68.3598
internal_count=4298 1502 2796 1532 807 826 676 150 725 796 526 1264 1127 137
is_linear=0
shrinkage=0.03


Tree=11
num_leaves=15
num_cat=0
split_feature=29 26 29 25 21 9 23 14 21 29 20 25 5 0
split_gain=285.955 74.0304 64.0461 54.5938 38.0526 31.0688 29.6958 21.7057 20.6535 25.1849 16.165 18.6429 9.3024 6.49762
threshold=0.036782634458875071 0.00047400656714967002 0.055984192898215462 -0.000152581626249253 613177.50000000012 1.4532530813411066 19.348193152714504 0.27610837285139905 8731770.0000000019 0.032398442985910422 0.015497653052977109 -0.00087053193906951151 -0.0057954400760135685 -1.0000000180025095e-35
decision_type=2 2 2 2 2 2 2 2 2 2 2 2 2 2
left_child=1 6 3 5 -5 -2 7 -1 9 -3 11 -4 -12 -8
right_child=2 8 10 4 -6 -7 13 -9 -10 -11 12 -13 -14 -15
leaf_value=0.023797746160584606 0.053407239522898074 -0.025229298931239715 0.066039712804831299 0.011128652343440418 0.030860066224280423 0.025659871657632623 0.038097694134700925 0.0031521710514687737 0.040447234405465195 0.0046598014863754476 0.077720838416604682 0.038268971343602624 0.049769136203842775 0.078844162235342283
leaf_weight=73.761340916156769 87.737143754959106 92.937291771173477 22.854336887598038 189.09790040552616 164.47689151763916 61.970224976539612 8.1658241599798185 121.03700645267963 5.8771689236164084 34.899924054741859 13.236472040414808 452.7674075961113 56.268096596002579 6.1938722878694525
leaf_count=273 197 505 36 696 458 181 21 523 18 153 19 1091 118 9
internal_value=0.0266757 0.00289301 0.0344537 0.0267367 0.0203074 0.0419214 0.0140388 0.0109697 -0.0145414 -0.0170695 0.0415783 0.0396034 0.0550923 0.0556732
internal_weight=1391.28 342.872 1048.41 503.282 353.575 149.707 209.158 194.798 133.714 127.837 545.126 475.622 69.5046 14.3597
internal_count=4298 1502 2796 1532 1154 378 826 796 676 658 1264 1127 137 30
is_linear=0
shrinkage=0.03


Tree=12
num_leaves=15
num_cat=0
split_feature=29 18 7 28 7 24 5 23 28 21 10 29 7 20
split_gain=263.816 62.244 52.9815 49.4261 45.8705 33.4524 29.9342 28.3 17.0246 25.3661 15.5522 18.1273 16.3969 9.81006
threshold=0.036782634458875071 0.012889490605157096 7302761.4060000004 0.00094388216018259576 1305474.1010000003 0.29239701313647615 -0.00063880985325021295 19.348193152714504 -0.0025031009171439999 31903.000000000004 0.011468760698781553 0.033022913717809556 1174892871.6980002 -0.027240669510446913
decision_type=2 2 2 2 2 2 2 2 2 2 2 2 2 2
left_child=3 2 6 4 13 -4 -2 -6 -3 -10 12 -12 -5 -1
right_child=1 8 5 10 7 -7 -8 -9 9 -11 11 -13 -14 -15
leaf_value=0.016393082785905237 0.019283831455680776 0.059689905313833058 -0.016097783682211823 -0.02428897344837605 0.012339753982028486 0.031254206072850878 -0.018100467438411944 0.054694799704920562 -0.04193593628612996 0.037798604618658131 -0.013120139750772038 0.042694382522433509 0.041632986768825112 -0.028464634054618649
leaf_weight=5.1532148271799079 39.487582951784134 32.237960010766983 14.10629293322563 74.191891238093376 192.49153973162174 279.02424199879169 37.662242248654366 15.328288257122038 3.6107574701309195 653.07374833524227 14.580055788159372 8.1724244207143766 3.5586894750595084 29.537948235869408
leaf_count=21 140 56 57 406 765 764 172 31 18 1589 72 27 12 168
internal_value=0.0256684 0.0330735 0.0231537 0.00280194 0.010133 0.0289755 0.00103393 0.0154638 0.0384051 0.0373602 -0.0148877 0.00692778 -0.0212717 -0.0218012
internal_weight=1402.22 1059.2 370.28 343.014 242.511 293.131 77.1498 207.82 688.922 656.685 100.503 22.7525 77.7506 34.6912
internal_count=4298 2796 1133 1502 985 821 312 796 1663 1607 517 99 418 189
is_linear=0
shrinkage=0.03


Tree=13
num_leaves=14
num_cat=0
split_feature=29 7 18 9 25 9 18 17 22 28 26 26 13
split_gain=246.247 82.3964 47.1653 56.7326 37.8391 32.6387 23.2736 23.1381 21.1668 18.4232 17.7318 16.4654 1.92995
threshold=0.047200015514282039 7676368.0275000008 0.015661772234129904 1.5443975760631263 -0.000152581626249253 2.1848790951061461 0.0074957631460053475 -0.000859888949173668 14721999.509000001 -0.0031090121984301382 -0.0024080699903713879 -0.0032537090443233228 0.017815455903688552
decision_type=2 2 2 2 2 2 2 2 2 2 2 2 2
left_child=1 4 3 -3 5 -1 7 -2 -6 -8 -11 -4 -9
right_child=6 2 11 -5 8 -7 9 12 -10 10 -12 -13 -14
leaf_value=0.0285424722519909 0.037386801311863727 0.026351236058908961 0.0063114406799799879 0.00073951518287594556 -0.037650179525010985 -0.02140165555318101 0.065119024573999471 -0.015738717341033895 -0.0080286249965900603 0.026219977803357879 0.038075998438701422 0.039846168825475953 -0.044365426849510302
leaf_weight=43.119999542832375 8.1900426298379916 141.32093474268913 15.331407457590101 173.28248952329159 26.797199979424477 16.200707897543907 19.902659296989441 3.5746107548475248 114.38973094522953 139.40264074504375 611.75345779955387 93.784840539097786 5.207094132900238
leaf_count=150 21 455 53 702 167 83 28 15 550 371 1436 243 24
internal_value=0.0247163 0.0106413 0.018139 0.0122444 -0.0052032 0.0149025 0.0358656 0.00111507 -0.0136508 0.0366305 0.0358757 0.0351344 -0.0327129
internal_weight=1412.26 624.227 423.72 314.603 200.508 59.3207 788.031 16.9717 141.187 771.059 751.156 109.116 8.7817
internal_count=4298 2403 1453 1157 950 233 1895 60 717 1835 1807 296 39
is_linear=0
shrinkage=0.03


Tree=14
num_leaves=15
num_cat=0
split_feature=29 26 6 7 29 25 25 26 1 21 29 25 26 7
split_gain=228.332 66.4797 55.6289 37.4687 31.0719 29.457 23.1676 22.4897 21.2852 18.4476 23.257 13.4906 13.1516 12.0838
threshold=0.036782634458875071 0.00047400656714967002 49248.000000000007 1305474.1010000003 0.057351777996037516 -0.0003944043076717358 0.00091992996561157724 -0.001328130914981638 0.021018056839237517 8731770.0000000019 0.032398442985910422 1.6511671285612653e-05 -0.00063051538382546143 11699239.020500002
decision_type=2 2 2 2 2 2 2 2 2 2 2 2 2 2
left_child=1 3 4 11 8 12 -7 -5 -2 10 -3 -1 -4 -6
right_child=2 9 5 7 13 6 -8 -9 -10 -11 -12 -13 -14 -15
leaf_value=0.0031627090021311521 -0.014930289641835973 -0.024639070724568033 0.057776713621557445 0.00898750650970216 0.044597095630624556 0.03091541249281711 0.059682312291382558 0.030311428565250917 0.015092361247925736 0.036961884150830682 0.0040952330065787482 -0.037718198578798649 0.036626225819223382 0.010009918137170611
leaf_weight=13.640267118811609 25.161919996142387 90.927440330386162 61.428860530257225 105.32338194549084 41.065599322319031 729.02018350362778 26.098298370838165 77.097826346755028 136.8119553476572 6.0590559840202323 35.15140762925148 15.543781623244284 46.479901701211929 11.67587038874626
leaf_count=62 110 505 99 405 89 1825 46 263 489 18 153 96 104 34
internal_value=0.0238148 0.00252496 0.0306052 0.0129505 0.0169407 0.0340048 0.0319097 0.0179998 0.0104285 -0.0141705 -0.0166278 -0.018611 0.0486665 0.0369402
internal_weight=1421.49 343.743 1077.74 211.605 214.715 863.027 755.118 182.421 161.974 132.138 126.079 29.184 107.909 52.7415
internal_count=4298 1502 2796 826 722 2074 1871 668 599 676 658 158 203 123
is_linear=0
shrinkage=0.03


Tree=15
num_leaves=14
num_cat=0
split_feature=29 18 26 28 29 18 6 28 6 9 8 8 5
split_gain=214.455 73.0031 63.6088 42.3363 27.9909 21.1351 19.8087 17.5208 15.0425 23.9737 14.5165 10.6868 9.97185
threshold=0.047200015514282039 0.015481253966919382 0.0008949175250653785 -0.0031090121984301382 0.0360848599189477 0.0074957631460053475 3257.0000000000005 -0.0031090121984301382 528314.50000000012 5.4609530156335397 0.0075294252763536329 -0.008768976751527071 0.0099052548258594195
decision_type=2 2 2 2 2 2 2 2 2 2 2 2 2
left_child=1 2 3 -1 -4 10 -7 -8 9 -3 11 -2 -10
right_child=5 8 4 -5 -6 6 7 -9 12 -11 -12 -13 -14
leaf_value=0.051098463991430941 0.015099765406214938 0.031491611281521892 -0.019977432277170096 0.0097847605430364231 0.0030727131088973004 -0.023372311788239258 0.062124105605174264 0.033642256176195658 0.036011979022620259 -0.0058469523566210182 0.040014989346122166 -0.043451858638433302 0.069515867891021391
leaf_weight=24.231013625860214 4.8238610625267038 58.980768203735352 99.855618983507156 283.61080855131149 90.284251168370247 5.3835821747779837 19.949503123760223 758.63759256899357 40.800608441233635 20.98148438334465 5.5736352801322928 6.7051838487386712 9.943717956542967
leaf_count=58 15 172 547 1090 337 25 27 1783 99 84 13 32 16
internal_value=0.0229628 0.0098476 0.00461019 0.0130367 -0.00903252 0.0332558 0.0339755 0.034372 0.0298017 0.0216943 0.000264019 -0.0189533 0.0425773
internal_weight=1429.76 628.688 497.982 307.842 190.14 801.073 783.971 778.587 130.707 79.9623 17.1027 11.529 50.7443
internal_count=4298 2403 2032 1148 884 1895 1835 1810 371 256 60 47 115
is_linear=0
shrinkage=0.03


Tree=16
num_leaves=15
num_cat=0
split_feature=29 7 28 29 22 21 11 9 29 28 28 26 1 14
split_gain=199.055 71.1525 38.0489 31.9204 23.0516 20.7702 18.733 24.0427 23.133 17.9435 21.7006 19.7718 16.4191 14.2728
threshold=0.047200015514282039 7676368.0275000008 -0.0031090121984301382 0.033022913717809556 14103892.698000003 20878.500000000004 0.020301743911992954 1.0455191108125821 0.059750584344226115 0.0018371682049028064 0.0020206173036878853 -0.0024080699903713879 0.024089144039195088 0.077635376258588754
decision_type=2 2 2 2 2 2 2 2 2 2 2 2 2 2
left_child=1 4 -3 -4 13 -6 9 8 -8 11 -11 -2 -9 -1
right_child=6 2 3 -5 5 -7 7 12 -10 10 -12 -13 -14 -15
leaf_value=0.021469580281201359 0.019926006072884004 0.058817530142325769 0.0031233730612818329 0.020636474677581784 0.053809946668877832 -0.0026201076188554018 0.0051626843600575149 0.012087955680829716 0.035395842490836937 -0.0237504937314897 0.021879130942816613 0.034348473707848437 0.047073685423819712 -0.034635628215878754
leaf_weight=4.70487156510353 115.60484245419502 18.222631171345711 143.93960249423981 268.18197041749954 6.0960365235805503 158.53722806274891 31.283187255263329 12.980120018124579 83.774352192878723 11.54973830282688 49.941512823104858 329.03483219444752 172.71833036839962 30.76517416536808
leaf_count=19 307 35 598 820 17 724 98 38 182 42 133 763 332 190
internal_value=0.0221533 0.00952308 0.0163955 0.0145198 -0.00525687 -0.000530617 0.0320217 0.0379516 0.0271757 0.0284981 0.0133086 0.0305987 0.0446282 -0.0271936
internal_weight=1437.33 630.448 430.344 412.122 200.103 164.633 806.887 300.756 115.058 506.131 61.4913 444.64 185.698 35.47
internal_count=4298 2403 1453 1418 950 741 1895 650 280 1245 175 1070 370 209
is_linear=0
shrinkage=0.03


Tree=17
num_leaves=15
num_cat=0
split_feature=29 26 18 29 18 28 28 14 15 20 20 27 9 26
split_gain=185.316 58.3438 48.2211 35.7356 33.499 29.0852 21.9539 18.0241 16.9519 15.2524 16.9642 14.0141 9.52062 8.97511
threshold=0.036782634458875071 0.0016582779523275667 0.012889490605157096 0.056556520758638942 0.014013227980310053 -0.0031090121984301382 -0.0031090121984301382 0.91033037867750688 0.001360102834055621 0.027970849344561625 0.021973829977764637 -0.0015827662917436058 0.4919979667151762 0.0060719994026565876
decision_type=2 2 2 2 2 2 2 2 2 2 2 2 2 2
left_child=1 4 3 5 6 -2 -1 -6 -3 10 -4 -10 -11 -5
right_child=2 8 9 13 7 -7 -8 -9 11 12 -12 -13 -14 -15
leaf_value=0.038645806074875541 0.057833000577096338 -0.031730078490832071 0.031586449674318333 0.031093806501720105 0.037026834308865816 0.010867497696619615 0.00124073490997224 -0.022645920891433823 0.028725306317672204 -0.046454596004575584 -0.0034836266540373404 -0.013668595108774021 0.052360223498374471 0.066993422938540145
leaf_weight=15.275157973170279 12.432671904563902 44.345894396305084 664.67270775139332 102.86890541017056 46.421940967440605 261.02848164737225 187.04526570439339 5.0512759089469901 8.6208277493715268 0.89795488119125266 12.650010839104651 37.74048525094986 38.586058154702187 6.6742735356092444
leaf_count=42 21 260 1551 237 129 865 820 23 36 4 40 192 68 10
internal_value=0.021382 0.00218153 0.0273963 0.0188026 0.00956234 0.0130027 0.00406481 0.0311709 -0.0184696 0.031988 0.0309315 -0.0057855 0.050113 0.0332811
internal_weight=1444.31 344.501 1099.81 383.004 253.794 273.461 202.32 51.4732 90.7072 716.807 677.323 46.3613 39.484 109.543
internal_count=4298 1502 2796 1133 1014 886 862 152 488 1663 1591 228 72 247
is_linear=0
shrinkage=0.03


Tree=18
num_leaves=14
num_cat=0
split_feature=29 6 29 23 25 9 6 25 28 28 12 9 24
split_gain=173.713 64.3124 40.7074 43.7143 39.2779 38.5583 23.6606 21.8551 18.3274 42.6869 15.4904 13.6107 2.01286
threshold=0.047200015514282039 24093.000000000004 0.033022913717809556 9.8175971862969131 -9.5779806604573002e-05 1.2611040721232882 3257.0000000000005 -0.00034703461401847021 -0.0024264220956916791 -0.002114651744668225 -0.0018961429426722868 0.76262902794736898 0.75346098856092836
decision_type=2 2 2 2 2 2 2 2 2 2 2 2 2
left_child=1 4 3 -3 5 -1 12 -4 11 -10 -6 -8 -2
right_child=6 2 7 -5 10 -7 8 -9 9 -11 -12 -13 -14
leaf_value=0.035279820266829867 -0.041916454699897653 -0.0033435442284421822 0.040520545678432877 0.036298652955407712 -0.022835340332773488 -0.012738812410532372 0.011042201447686476 0.018132155247214333 -0.019204171271391152 0.030112624510766527 0.0028472576597268766 0.053691231360495334 -0.0086089905533726033
leaf_weight=32.574881032109261 3.6034008562564841 145.46762415766716 47.141780778765678 30.239428728818893 88.508143216371536 27.975155368447304 7.9182527363300315 234.1708826571703 16.140047684311867 741.02336098253727 27.767140746116638 45.0475202947855 2.986217737197876
leaf_count=104 18 663 109 75 469 131 22 720 57 1713 132 72 13
internal_value=0.0206484 0.00886387 0.0148079 0.00347893 -0.006499 0.0130944 0.0297943 0.021884 0.0302548 0.0290614 -0.0167022 0.0473153 -0.0268225
internal_weight=1450.56 633.845 457.02 175.707 176.825 60.55 816.719 281.313 810.129 757.163 116.275 52.9658 6.58962
internal_count=4298 2403 1567 738 836 235 1895 829 1864 1770 601 94 31
is_linear=0
shrinkage=0.03


Tree=19
num_leaves=14
num_cat=0
split_feature=29 7 18 9 25 9 6 22 28 28 26 9 24
split_gain=161.845 61.0284 35.2075 47.7613 32.1864 28.0274 22.1297 19.3731 17.1829 39.8629 14.6048 12.6793 1.96081
threshold=0.047200015514282039 7676368.0275000008 0.015661772234129904 1.5443975760631263 -0.000152581626249253 2.1848790951061461 3257.0000000000005 14721999.509000001 -0.0024264220956916791 -0.002114651744668225 -0.0032537090443233228 0.76262902794736898 0.75346098856092836
decision_type=2 2 2 2 2 2 2 2 2 2 2 2 2
left_child=1 4 3 -3 5 -1 12 -6 11 -10 -4 -8 -2
right_child=6 2 10 -5 7 -7 8 -9 9 -11 -12 -13 -14
leaf_value=0.025348899748116799 -0.041433317812851089 0.022481491055126708 0.0025527347046326457 -0.00072799382032923512 -0.036965506550536993 -0.020988158771065288 0.010687771978343185 -0.007859825520331893 -0.018709362555975797 0.029045579084201245 0.033543791351601647 0.05179790165370439 -0.0083844021722641639
leaf_weight=44.452927812933922 3.537059634923934 146.02858224511147 15.909813225269316 175.9389440715313 25.131237968802452 15.968242987990378 7.9351508915424338 113.69848968088627 16.070956110954285 745.1341882199049 97.894479051232338 45.289365544915199 2.974403977394104
leaf_count=150 18 455 53 702 167 83 22 550 57 1713 243 72 13
internal_value=0.0199522 0.00857965 0.0148684 0.00979868 -0.00517413 0.0131028 0.0287492 -0.0131286 0.0291896 0.0280374 0.0292112 0.0456689 -0.0263367
internal_weight=1455.96 635.023 435.772 321.968 199.251 60.4212 820.941 138.83 814.43 761.205 113.804 53.2245 6.51146
internal_count=4298 2403 1453 1157 950 233 1895 717 1864 1770 296 94 31
is_linear=0
shrinkage=0.03


Tree=20
num_leaves=15
num_cat=0
split_feature=29 26 6 7 25 18 13 26 18 25 6 13 13 25
split_gain=151.737 54.7076 42.0443 32.2983 26.3823 24.7678 24.9082 21.3538 21.1811 20.2812 19.5343 15.3533 15.1304 12.1772
threshold=0.036782634458875071 0.00047400656714967002 49248.000000000007 1305474.1010000003 -0.0003944043076717358 0.013632373529680778 0.011638450032398604 -0.001328130914981638 0.011706279317745276 0.00091992996561157724 6607564.5000000009 0.018859240330566292 0.049140316137211815 1.6511671285612653e-05
decision_type=2 2 2 2 2 2 2 2 2 2 2 2 2 2
left_child=1 3 5 13 -4 6 -2 -5 10 -6 -3 -10 -7 -1
right_child=2 8 4 7 9 12 -8 -9 11 -11 -12 -13 -14 -15
leaf_value=0.0017941164051734017 0.048133778581031066 -0.023814362303438648 0.041263177394099522 0.0070094370550501644 0.024708353115659328 0.021134819387767595 0.00042742704133246347 0.027543745113290208 0.041629506179039537 0.051100163342292428 0.052725651898681121 -0.0047355646317722424 0.065360938819342573 -0.037249786250847128
leaf_weight=13.881577476859094 10.749725937843321 89.110688254237175 110.79297025501728 107.57761171460152 756.26139110326767 85.909808725118637 117.67454959452152 79.084674000740051 8.2748157978057844 27.146535128355026 3.105562910437583 28.797468364238739 7.5759548842906943 14.912252381443976
leaf_count=62 31 517 203 405 1825 239 440 263 28 46 9 122 12 96
internal_value=0.0192866 0.00188982 0.0246601 0.0111474 0.0275607 0.0129718 0.00442068 0.0157094 -0.0135377 0.0256229 -0.0212367 0.00561347 0.0247188 -0.0184266
internal_weight=1460.86 344.745 1116.11 215.456 894.201 221.91 128.424 186.662 129.289 783.408 92.2163 37.0723 93.4858 28.7938
internal_count=4298 1502 2796 826 2074 722 471 668 676 1871 526 150 251 158
is_linear=0
shrinkage=0.03


Tree=21
num_leaves=15
num_cat=0
split_feature=29 18 26 28 29 18 17 11 9 9 26 3 21 13
split_gain=143.655 55.1661 53.6718 32.8218 20.7957 18.3448 19.8439 16.2078 20.2426 16.7707 13.059 18.4938 12.4301 1.79132
threshold=0.047200015514282039 0.015481253966919382 0.0008949175250653785 -0.0031090121984301382 0.0360848599189477 0.0074957631460053475 -0.000859888949173668 0.020301743911992954 1.0455191108125821 1.4532530813411066 -0.0032537090443233228 0.3518568834173717 622717.50000000012 0.017815455903688552
decision_type=2 2 2 2 2 2 2 2 2 2 2 2 2 2
left_child=1 2 3 -1 -4 6 -2 9 -9 -7 11 -3 -12 -8
right_child=5 10 4 -5 -6 7 13 8 -10 -11 12 -13 -14 -15
leaf_value=0.043706198970348456 0.029175146122766737 0.02968280972269002 -0.018995175525604709 0.0081028301118896261 0.00091701217877547926 0.027761378486095369 -0.018458060543655015 0.023185432647587198 0.039100487157283433 0.015730468215835156 0.016847710337074547 -0.033539626956707307 0.036592696127810895 -0.045629022971809027
leaf_weight=25.35316076874733 8.6236058622598666 8.9136686772108096 96.556651830673218 288.26847068965435 92.352611318230629 358.1749452650547 3.7061144560575467 116.4049057662487 188.24449855089188 147.10835081338882 48.778257176280022 7.8151099234819403 69.693371459841728 5.3162987530231476
leaf_count=58 21 24 547 1090 337 819 15 274 363 379 157 33 157 24
internal_value=0.0186489 0.00794848 0.00337185 0.010981 -0.00926065 0.0268947 -0.00336565 0.027554 0.0330194 0.0242587 0.0249595 0.000147462 0.0284631 -0.0344681
internal_weight=1465.31 637.731 502.531 313.622 188.909 827.579 17.646 809.933 304.649 505.283 135.2 16.7288 118.472 9.02241
internal_count=4298 2403 2032 1148 884 1895 60 1835 637 1198 371 57 314 39
is_linear=0
shrinkage=0.03


Tree=22
num_leaves=14
num_cat=0
split_feature=18 6 28 18 18 25 6 28 3 21 26 18 15
split_gain=125.053 54.9246 32.6231 31.3266 29.9369 28.3934 22.7268 21.8432 21.5219 19.4844 16.8741 11.1726 10.7837
threshold=0.0076837521815444976 49248.000000000007 -0.0027620540541272291 0.013632373529680778 0.0084457763771606728 -0.0003944043076717358 24093.000000000004 0.00095073845740691108 0.28387403741984601 17706.000000000004 -0.00063051538382546143 0.024495655482593713 -0.0035937286165831049
decision_type=2 2 2 2 2 2 2 2 2 2 2 2 2
left_child=2 3 12 4 -2 10 9 -7 -8 -4 -3 -5 -1
right_child=1 5 6 11 -6 7 8 -9 -10 -11 -12 -13 -14
leaf_value=0.068394546282418325 0.027924523212209826 0.048549015167565004 0.034926742393847542 0.018152148478146453 -0.0044620865006947327 0.026450068984090743 -0.020524608505256205 0.016400600692408868 0.0080554197123720219 -0.025954258765960296 0.024899095487681527 0.044986523157447257 0.014393977596808565
leaf_weight=6.6876038461923599 31.647574201226234 67.550857901573181 5.1285213977098456 99.618463113903999 136.39244678616524 576.23746411502361 32.122304946184158 293.95985192060471 90.588986471295357 61.059278726577759 45.401242896914482 16.240620017051697 6.6256489604711515
leaf_count=11 108 109 19 296 566 1385 150 792 356 348 103 33 22
internal_value=0.0180392 0.0215356 -0.00386933 0.00991214 0.0016374 0.0248921 -0.00706828 0.0230553 0.000573986 -0.0212369 0.0390429 0.0219137 0.0415199
internal_weight=1469.26 1267.05 202.212 283.899 168.04 983.149 188.899 870.197 122.711 66.1878 112.952 115.859 13.3133
internal_count=4298 3392 906 1003 674 2389 873 2177 506 367 212 329 33
is_linear=0
shrinkage=0.03


Tree=23
num_leaves=14
num_cat=0
split_feature=29 6 25 9 29 23 9 6 25 28 12 18 12
split_gain=129.664 50.6622 33.9851 33.8487 32.3474 36.6419 19.7207 19.6234 16.2883 17.4883 14.9344 4.0174 1.93923
threshold=0.047200015514282039 24093.000000000004 -9.5779806604573002e-05 1.2611040721232882 0.033022913717809556 9.8175971862969131 1.760162796231419 3257.0000000000005 -0.001013258929688022 -0.0024264220956916791 -0.0018961429426722868 0.01254937328997272 -0.0085272510556890849
decision_type=2 2 2 2 2 2 2 2 2 2 2 2 2
left_child=1 2 3 -1 5 -3 -6 12 11 -10 -4 -9 -2
right_child=7 4 10 -5 6 -7 -8 8 9 -11 -12 -13 -14
leaf_value=0.03187222836812996 -0.041540561209256907 -0.003873170103908169 -0.022251789588802324 -0.012859833747749317 0.025568648430730576 0.032023991555448814 0.0097249775575242916 0.032570363413590118 0.041510686256609954 0.023767273375183088 0.0031130389502242481 0.059165178602223291 -0.0087260181391560984
leaf_weight=33.524182826280594 3.5453127771615982 146.30920279026031 86.476766839623451 27.890962526202202 162.95675984025002 31.017152935266495 124.89684788882732 7.6045215874910381 53.568245887756348 749.21277633309364 27.546035408973694 15.596707761287687 2.9859356731176367
leaf_count=104 18 663 469 131 439 75 390 15 94 1735 132 20 13
internal_value=0.0174503 0.00730408 -0.00643358 0.0115577 0.0124851 0.0024058 0.0186942 0.0252579 0.0256675 0.0249513 -0.0161241 0.0504484 -0.0265385
internal_weight=1473.13 640.618 175.438 61.4151 465.18 177.326 287.854 832.514 825.982 802.781 114.023 23.2012 6.53125
internal_count=4298 2403 836 235 1567 738 829 1895 1864 1829 601 35 31
is_linear=0
shrinkage=0.03


Tree=24
num_leaves=14
num_cat=0
split_feature=29 22 18 26 18 17 20 11 9 17 5 24 9
split_gain=121.397 48.8627 37.3481 46.6917 16.2168 18.2927 15.5953 15.2343 18.7044 15.8564 12.5363 3.65428 1.76481
threshold=0.047200015514282039 14103892.698000003 0.015481253966919382 0.0008949175250653785 0.0074957631460053475 -0.000859888949173668 -0.027240669510446913 0.020301743911992954 1.0455191108125821 0.013360189179013097 -0.013779657038077261 0.93517129098835527 1.6247660207243813
decision_type=2 2 2 2 2 2 2 2 2 2 2 2 2
left_child=1 6 3 -3 5 -2 -1 9 -9 -6 -4 -8 -7
right_child=4 2 10 -5 7 12 11 8 -10 -11 -12 -13 -14
leaf_value=0.027614992320337324 0.026944286137273558 0.012273035779536321 -0.0028373137505246812 -0.0073620865259219886 0.023268359274936899 -0.044486622501622296 -0.037302494794741778 0.020911596194956871 0.036150986357034301 0.0018578177128370148 0.026077239415544361 0.0013629744629930834 -0.016996711636837799
leaf_weight=4.1356613337993613 8.7090502381324786 296.56513784825802 15.178912594914435 172.3363520950079 476.7556563615799 5.577643156051634 28.964584641158584 117.30485337972641 189.71463859081268 33.305649310350418 121.66360415518284 2.3806858211755744 3.3727690726518631
leaf_count=15 21 1039 51 775 1105 26 192 274 363 93 319 12 13
internal_value=0.0168929 0.00707643 0.00908071 0.0050565 0.0244337 -0.00400903 -0.0271413 0.0250484 0.0303284 0.0218703 0.02287 -0.0343658 -0.0341276
internal_weight=1475.97 641.225 605.744 468.901 834.74 17.6595 35.4809 817.081 307.019 510.061 136.843 31.3453 8.95041
internal_count=4298 2403 2184 1814 1895 60 219 1835 637 1198 370 204 39
is_linear=0
shrinkage=0.03


Tree=25
num_leaves=15
num_cat=0
split_feature=18 6 9 25 6 18 18 25 9 28 5 26 8 28
split_gain=105.739 47.2617 29.9837 27.8662 28.7326 27.1708 27.7559 26.3247 22.6028 19.7581 19.7281 15.8914 7.49782 0.133688
threshold=0.0076837521815444976 49248.000000000007 4.1103184793275593 -0.00036666288137811835 24093.000000000004 0.013632373529680778 0.0084457763771606728 -0.0003944043076717358 5.4609530156335397 0.00095073845740691108 0.0029150523175793786 -0.00063051538382546143 0.015302572157242041 -7.2723359071551831e-05
decision_type=2 2 2 2 2 2 2 2 2 2 2 2 2 2
left_child=2 5 3 10 -5 6 -2 11 -7 -9 -1 -3 13 -4
right_child=1 7 12 4 -6 8 -8 9 -10 -11 -12 -13 -14 -15
leaf_value=0.0056899506420593198 0.026171334658594846 0.04548680918894242 -0.042531021531422825 -0.023338932018980515 0.0050895996154606297 0.02324944232342914 -0.0048190881684987974 0.024091070203351501 -0.031631307895597503 0.014573779045587236 0.049251494483427305 0.022573874680643095 0.0054716001242163378 -0.037919125340482911
leaf_weight=23.575260579586029 32.129195488989353 67.58481864631176 10.352055057883268 51.782858937978745 83.740772515535355 110.10142202675343 136.57099162787199 582.10988339781761 7.1954579502344123 296.21909965574741 15.513891100883482 45.6382817029953 3.8059901744127265 12.472345247864721
leaf_count=88 108 109 51 302 333 296 566 1385 33 792 39 103 14 79
internal_value=0.0163536 0.0195374 -0.00385864 0.00066361 -0.00577279 0.00879349 0.00108308 0.0226364 0.0198828 0.0208813 0.0229789 0.036251 -0.0335106 -0.0400109
internal_weight=1478.79 1277.55 201.243 174.613 135.524 285.997 168.7 991.552 117.297 878.329 39.0892 113.223 26.6304 22.8244
internal_count=4298 3392 906 762 635 1003 674 2389 329 2177 127 212 144 130
is_linear=0
shrinkage=0.03


Tree=26
num_leaves=13
num_cat=0
split_feature=18 7 9 25 15 25 22 1 14 11 26 6
split_gain=100.398 59.1633 40.971 39.3984 35.6705 20.2121 21.4874 17.6554 16.1904 16.0069 11.248 1.76724
threshold=0.012889490605157096 1305474.1010000003 1.4532530813411066 -0.00011775243431594598 0.0012723723452056693 -0.00087053193906951151 123669530.19000001 0.066135451257350278 0.027743698869074393 0.038700105226190808 -0.0015951558566513655 346904.00000000006
decision_type=2 2 2 2 2 2 2 2 2 2 2 2
left_child=1 8 3 -3 -4 11 9 -8 -1 -7 -10 -2
right_child=5 2 4 -5 -6 6 7 -9 10 -11 -12 -13
leaf_value=0.026196265991875585 0.040340989165662137 0.031910134285257331 -0.0092042246176768042 0.0098369889193052774 0.012712795232031837 0.012711915212004588 0.027843684603722 0.013530432699933696 -0.0084650641930471351 0.041993504958492626 -0.037563430537513633 0.057628256951797026
leaf_weight=5.6796757727861396 8.6908553242683428 107.08842311799526 141.25169287621975 227.14039349555969 126.85197708010674 234.45723088085651 452.76967500150204 93.594106897711754 18.620971143245697 18.099020555615425 33.402120411396027 13.730371952056883
leaf_count=21 15 255 598 736 443 657 970 236 94 35 221 17
internal_value=0.0158339 0.0071217 0.0099017 0.0169093 0.00116571 0.0228351 0.0220467 0.0253918 -0.0218974 0.0148103 -0.0271481 0.0509274
internal_weight=1481.38 660.035 602.332 334.229 268.104 821.341 798.92 546.364 57.7028 252.556 52.0231 22.4212
internal_count=4298 2368 2032 991 1041 1930 1898 1206 336 692 315 32
is_linear=0
shrinkage=0.03


Tree=27
num_leaves=14
num_cat=0
split_feature=29 26 18 25 29 15 18 4 21 25 22 12 0
split_gain=106.575 45.8771 39.5894 38.8858 36.0485 25.2233 21.0369 20.9264 20.5876 18.8934 13.8893 10.2141 10.1282
threshold=0.032398442985910422 0.00047400656714967002 0.012889490605157096 -9.5779806604573002e-05 0.056804537989756702 -0.013047422256086374 0.0072776879589134457 27.500000000000004 8731770.0000000019 -0.000505418529753091 123669530.19000001 -0.035290424143462548 -0.00025246184691865597
decision_type=2 2 2 2 2 2 2 2 2 2 2 2 2
left_child=1 5 3 6 -5 -1 -2 -7 12 11 -11 -4 -3
right_child=2 8 9 4 -6 7 -8 -9 -10 10 -12 -13 -14
leaf_value=0.049535284364653993 -0.0073066742511023733 -0.037614324043996089 -0.054622284530502462 -0.00066631614750817128 0.023287874069396107 0.01889499997482166 0.027300418924094263 -0.0045476204272734593 0.033956553559548547 0.015697689709599193 0.024702717887040763 0.042901838452348857 -0.015792000080705249
leaf_weight=11.748271822929381 17.686567917466164 28.990119643509388 0.98598724603652854 219.5537254139781 76.15299779176712 53.492070183157921 148.88575282692909 95.3748619556427 6.0742822587490073 223.74661983549595 495.61298987269402 48.988993167877197 56.343774609267712
leaf_count=24 65 187 4 805 172 194 362 405 17 585 1079 81 318
internal_value=0.0153344 -0.00244027 0.0189716 0.0120329 0.00550258 0.00721574 0.0236259 0.00387597 -0.019407 0.023141 0.0219018 0.0409777 -0.0232056
internal_weight=1483.64 252.023 1231.61 462.279 295.707 160.615 166.572 148.867 91.4082 769.335 719.36 49.975 85.3339
internal_count=4298 1145 3153 1404 977 623 427 599 522 1749 1664 85 505
is_linear=0
shrinkage=0.03


Tree=28
num_leaves=12
num_cat=0
split_feature=29 22 28 18 6 28 25 20 20 25 12
split_gain=100.216 42.1594 32.7257 34.8416 16.891 15.556 15.0107 14.8496 7.12176 3.971 1.9473
threshold=0.047200015514282039 14103892.698000003 -0.0031090121984301382 0.015481253966919382 3257.0000000000005 -0.0031090121984301382 -0.001013258929688022 -0.027240669510446913 -0.02210254783811734 -0.00074090273753692323 -0.0085272510556890849
decision_type=2 2 2 2 2 2 2 2 2 2 2
left_child=1 7 8 -4 10 -6 -7 -1 -3 -9 -2
right_child=4 2 3 -5 5 6 -8 9 -10 -11 -12
leaf_value=0.026588434050652761 -0.041523402402567168 0.05280253325039147 0.0022908567973492456 0.019628761663114388 0.048438859410524414 0.045275677310808213 0.02073327619787789 0.0062643700365834004 0.020291838434486942 -0.036839796334912252 -0.0085577159754587871
leaf_weight=4.1652111485600463 3.5342097580432892 16.329851359128956 449.17202473431826 135.86940166354179 19.655296355485916 23.083881109952927 790.58025814592838 2.0660622566938427 9.6466261297464353 27.887358427047729 2.9661901444196692
leaf_count=15 18 28 1767 363 27 35 1802 9 26 195 13
internal_value=0.0148601 0.00596814 0.00778036 0.00631739 0.0216908 0.0220666 0.0214296 -0.0264863 0.0407294 -0.0338667 -0.0264809
internal_weight=1484.96 645.137 611.018 585.041 839.82 833.319 813.664 34.1186 25.9765 29.9534 6.5004
internal_count=4298 2403 2184 2130 1895 1864 1837 219 54 204 31
is_linear=0
shrinkage=0.03


Tree=29
num_leaves=14
num_cat=0
split_feature=29 26 6 28 26 15 29 13 4 6 7 0 29
split_gain=95.9081 43.1007 41.1311 27.0677 27.6368 22.7361 22.317 22.7843 19.5697 17.8425 11.0618 10.763 0.778508
threshold=0.032398442985910422 0.00047400656714967002 49248.000000000007 -0.0031090121984301382 -0.0024080699903713879 -0.013047422256086374 0.057351777996037516 0.011638450032398604 27.500000000000004 6607564.5000000009 11699239.020500002 -0.00025246184691865597 0.046038022287230057
decision_type=2 2 2 2 2 2 2 2 2 2 2 2 2
left_child=1 5 6 12 -5 -1 7 -2 -7 11 -8 -3 -4
right_child=2 9 3 4 -6 8 10 -9 -10 -11 -12 -13 -14
leaf_value=0.04668288849122728 0.036330864508676557 -0.037354994762634222 0.056750117202572226 0.00899039503444303 0.02231634229065315 0.01805793995377707 0.031536890606318792 0.00025613912490385837 -0.0045568595084733475 0.037991037229468325 -0.00068597786249803539 -0.014734186900873495 0.046237272367231408
leaf_weight=11.916817069053648 17.119176663458347 28.268056519329548 9.8200247734785098 171.46444477140903 764.8979534059763 53.947761841118336 43.445995718240738 198.0179701000452 95.228691227734089 4.673405095934867 12.303602471947668 57.308074355125427 17.887543708086014
leaf_count=24 53 187 13 452 1750 194 89 737 405 13 34 322 25
internal_value=0.0144007 -0.00249158 0.0178387 0.0207408 0.0198761 0.00680695 0.0075101 0.00312672 0.00362149 -0.0190892 0.0244255 -0.0222064 0.0499632
internal_weight=1486.3 251.343 1234.96 964.07 936.362 161.093 270.887 215.137 149.176 90.2495 55.7496 85.5761 27.7076
internal_count=4298 1145 3153 2240 2202 623 913 790 599 522 123 509 38
is_linear=0
shrinkage=0.03


Tree=30
num_leaves=13
num_cat=0
split_feature=29 22 29 29 6 20 25 18 25 29 13 22
split_gain=90.3192 39.3366 28.7114 33.7074 15.6987 14.1096 13.565 11.2605 3.83363 3.77196 1.93745 0.0178712
threshold=0.047200015514282039 14103892.698000003 0.019982888506241938 0.020007434860058581 3257.0000000000005 -0.027240669510446913 -0.001013258929688022 0.0077846691384159386 -0.00074090273753692323 0.061366506038033251 0.021781087378819407 132486087.92100002
decision_type=2 2 2 2 2 2 2 2 2 2 2 2
left_child=1 5 11 -4 10 -1 9 -8 -7 -6 -2 -3
right_child=4 2 3 -5 6 8 7 -9 -10 -11 -12 -13
leaf_value=0.025117690309121223 -0.0095591289130193685 -0.037779179658201795 0.034561653619335442 0.0062595845380944669 0.026188815653522289 0.005679286715057616 -0.0020846390854038052 0.020716596922269171 -0.036593641047111596 0.052059809689509809 -0.042453044417444366 -0.040317982712341494
leaf_weight=4.217531591653823 3.1863712519407263 8.5708590596914274 40.620179116725922 560.01531360298395 7.5635005086660412 2.0787677764892605 19.985279411077499 791.74212528765202 27.116881310939789 15.397625938057898 3.2606727033853531 3.520329236984252
leaf_count=15 15 54 105 2006 15 9 63 1766 195 20 16 19
internal_value=0.0139587 0.00552367 0.00725222 0.00817362 0.0204382 -0.0261742 0.0207984 0.0201552 -0.0335838 0.0435378 -0.0261956 -0.0385183
internal_weight=1487.28 646.14 612.727 600.635 841.136 33.4132 834.689 811.727 29.1956 22.9611 6.44704 12.0912
internal_count=4298 2403 2184 2111 1895 219 1864 1829 204 35 31 73
is_linear=0
shrinkage=0.03


Tree=31
num_leaves=14
num_cat=0
split_feature=18 6 28 18 3 28 26 9 21 21 24 15 21
split_gain=79.334 40.7117 28.8613 24.0694 25.7964 23.7918 31.0721 18.1126 15.3679 21.2058 21.0155 8.38871 2.67435
threshold=0.007220624544764096 45069.000000000007 -0.0027620540541272291 0.014411233289023074 0.65096100489330577 -0.0031090121984301382 -0.0024080699903713879 5.4609530156335397 197404.50000000003 17706.000000000004 0.59798355613545728 -0.0035937286165831049 467888.50000000006
decision_type=2 2 2 2 2 2 2 2 2 2 2 2 2
left_child=2 3 11 4 -2 12 -7 -5 9 -4 -10 -1 -3
right_child=1 5 8 7 -6 6 -8 -9 10 -11 -12 -13 -14
leaf_value=0.06326525790876758 0.0075310188298553914 0.059515348214595185 0.036307040401365821 0.021342339456213652 -0.015832369519920796 0.0070361036420112065 0.02046408900405414 -0.031202226991304493 -0.010926819947895976 -0.028813401613604402 0.022296370292454234 0.013913410003995147 0.039295825059715017
leaf_weight=5.9170808643102646 129.35069286078215 7.7980002760887173 4.9522727802395812 93.240505322813988 63.371396563947201 191.62417857348919 813.53802455961704 6.3034285753965369 69.746569976210594 49.336128860712051 22.716791488230228 6.5103577226400358 24.02810525894165
leaf_count=9 485 10 18 240 283 523 1936 28 323 296 86 21 40
internal_value=0.0135287 0.0159255 -0.00648589 0.00603598 -0.000151393 0.0187128 0.0179042 0.0180151 -0.0102033 -0.022873 -0.00276441 0.0374113 0.04425
internal_weight=1488.43 1329.25 159.179 292.266 192.722 1036.99 1005.16 99.5439 146.752 54.2884 92.4634 12.4274 31.8261
internal_count=4298 3545 753 1036 768 2509 2459 268 723 314 409 30 50
is_linear=0
shrinkage=0.03


Tree=32
num_leaves=13
num_cat=0
split_feature=18 7 9 25 18 25 22 28 24 11 8 6
split_gain=75.0155 48.8457 35.2743 32.7535 19.0862 18.0494 18.0233 17.8678 15.4928 14.6559 12.0168 1.80674
threshold=0.012889490605157096 1305474.1010000003 4.1103184793275593 -0.00011775243431594598 0.0076837521815444976 -0.00087053193906951151 123669530.19000001 -0.0033811667480159375 0.90261637975378639 0.040216821579649863 0.012548219784249923 346904.00000000006
decision_type=2 2 2 2 2 2 2 2 2 2 2 2
left_child=1 7 3 -3 -4 11 9 -1 -8 -7 -9 -2
right_child=5 2 4 -5 -6 6 8 10 -10 -11 -12 -13
leaf_value=0.035404739500212605 0.03516142420368415 0.021247358115351434 -0.032886621564741599 0.0054798496496566429 -0.00075328103430014114 0.0099726205999184948 0.01982803088819101 -0.029617260327068681 0.036965994753983669 0.039803407014372828 0.038805507416459051 0.052768216667510782
leaf_weight=4.5917073339223853 8.5915026813745516 179.23387179523706 24.346817180514336 350.31780277192593 52.528716258704662 239.52565878629684 497.25564993917942 48.728087320923805 52.484521359205246 15.800368025898932 2.4250610917806616 13.468032598495482
leaf_count=11 15 494 134 1205 199 663 1111 316 95 29 9 17
internal_value=0.0131144 0.00558943 0.0080598 0.0108166 -0.0109301 0.0191387 0.0184051 -0.0212848 0.0214642 0.0118186 -0.0263735 0.0459109
internal_weight=1489.3 662.172 606.427 529.552 76.8755 827.126 805.066 55.7449 549.74 255.326 51.1531 22.0595
internal_count=4298 2368 2032 1699 333 1930 1898 336 1206 692 325 32
is_linear=0
shrinkage=0.03


Tree=33
num_leaves=15
num_cat=0
split_feature=29 26 6 28 26 7 6 29 13 21 7 26 29 23
split_gain=80.7499 39.6971 34.3379 25.3727 24.1531 22.4981 22.4894 19.6618 21.4744 17.6997 10.5557 7.53585 0.64423 0.027138
threshold=0.032398442985910422 0.00047400656714967002 49248.000000000007 -0.0031090121984301382 -0.0024080699903713879 528294143.50000006 528314.50000000012 0.057351777996037516 0.011638450032398604 8731770.0000000019 11699239.020500002 0.0023535399509682863 0.046038022287230057 2.5655864455612289
decision_type=2 2 2 2 2 2 2 2 2 2 2 2 2 2
left_child=1 5 7 12 -5 6 -1 8 -2 11 -9 -3 -4 -7
right_child=2 9 3 4 -6 13 -8 10 -10 -11 -12 -13 -14 -15
leaf_value=0.0027484156282842807 0.034335218629728922 -0.015612558644813307 0.053256209552591444 0.0075203911134583993 0.019957350421680273 -0.04247601036034352 0.031217911737703521 0.029237660538669212 -0.00044547714870889709 0.02978285277699589 -0.0022070858171637968 -0.034342714247531131 0.043627469841251758 -0.046056810726549484
leaf_weight=122.66061865538359 17.371560014784336 52.066570155322552 9.756494954228403 172.02786810696125 767.69023835659027 4.0998639017343512 31.356217294931412 43.580816239118576 198.97030846774578 6.251411795616149 12.325320795178412 30.750549249351025 17.419525772333145 3.55787493288517
leaf_count=504 53 306 13 452 1750 20 83 89 737 17 34 199 25 16
internal_value=0.0127153 -0.00281075 0.0158571 0.018507 0.0176806 0.00604911 0.00854451 0.00644566 0.0023473 -0.0188929 0.0223052 -0.0225672 0.0470843 -0.0441397
internal_weight=1489.89 250.743 1239.14 966.894 939.718 161.675 154.017 272.248 216.342 89.0685 55.9061 82.8171 27.176 7.65774
internal_count=4298 1145 3153 2240 2202 623 587 913 790 522 123 505 38 36
is_linear=0
shrinkage=0.03


Tree=34
num_leaves=15
num_cat=0
split_feature=29 22 28 18 28 28 28 29 20 3 20 25 23 24
split_gain=76.3716 34.49 26.8502 27.9119 14.0902 34.8536 18.156 15.0761 12.9472 10.6826 6.62861 5.22756 4.74049 3.87723
threshold=0.047200015514282039 14103892.698000003 -0.0031090121984301382 0.015481253966919382 -0.0024264220956916791 -0.0020971329791523376 -0.00058009564634078675 0.074167728320001583 -0.027240669510446913 0.71012864354339589 -0.02210254783811734 0.00010794396705370389 0.45084557140942338 1.0099694670788335
decision_type=2 2 2 2 2 2 2 2 2 2 2 2 2 2
left_child=1 8 10 -4 9 7 -7 -6 -1 12 -3 -11 -2 -10
right_child=4 2 3 -5 5 6 -8 -9 13 11 -12 -13 -14 -15
leaf_value=0.023016179078158342 -0.052714805451608109 0.04752258370285263 0.0012596919778618311 0.016691036204778548 -0.039168093076393073 0.02536464768277838 0.01533127444843671 0.0088662889131664018 -0.036270698661700275 -0.011087782131961233 0.016307041483066588 0.028147398189783887 0.041651494157089387 0.0066699101268442151
leaf_weight=4.2611754834651938 0.48482330143451591 16.439181417226795 452.50359294563532 137.56363171339035 13.56982931494713 233.93191599845886 530.22740639746189 10.37822303175926 25.860222481191162 6.0916358530521375 9.7557418495416623 6.1335554271936417 40.630640834569931 2.0418922677636138
leaf_count=15 2 28 1767 363 52 487 1233 26 194 18 26 12 65 10
internal_value=0.0123334 0.00459597 0.00617662 0.00485723 0.0182959 0.0172859 0.0184028 -0.0183517 -0.0256899 0.033218 0.035897 0.00859708 0.0405388 -0.0331283
internal_weight=1489.87 648.425 616.262 590.067 841.448 788.107 764.159 23.9481 32.1633 53.3407 26.1949 12.2252 41.1155 27.9021
internal_count=4298 2403 2184 2130 1895 1798 1720 78 219 97 54 30 67 204
is_linear=0
shrinkage=0.03


Tree=35
num_leaves=15
num_cat=0
split_feature=29 26 22 29 24 7 15 13 29 21 21 0 3 18
split_gain=72.8969 37.3804 30.2185 32.5586 28.5995 21.5624 21.2844 17.3012 17.112 16.6713 16.1339 9.86723 1.44555 0.0283984
threshold=0.032398442985910422 0.00047400656714967002 122004434.69900002 0.057351777996037516 0.26267225770889863 528294143.50000006 -0.013047422256086374 0.040808019002776107 0.033489878279165462 8731770.0000000019 454357.00000000006 -0.00025246184691865597 0.67410498478687431 0.010023002357284745
decision_type=2 2 2 2 2 2 2 2 2 2 2 2 2 2
left_child=1 5 3 7 12 6 -1 -2 -6 11 -5 -3 -4 -7
right_child=2 9 4 10 8 13 -8 -9 -10 -11 -12 -13 -14 -15
leaf_value=0.047572729502629259 0.0018378197346546165 -0.037027392957266959 -0.025017966544425022 0.02682870118927333 -0.042386852217269608 -0.042027448580194866 0.005003875191111856 0.031990181148901897 0.019717192597928639 0.028426899575225841 0.0080861089316290272 -0.014861238028902102 -0.050591367017607351 -0.045713484301185887
leaf_weight=11.4152285605669 303.24152665585279 27.022082462906837 3.9789937436580649 107.62549564242363 4.0149532556533805 4.0244922935962668 142.95702608674765 18.152050644159317 731.90046674013138 6.306023269891738 67.11037777364254 54.582316637039185 3.9781641960144043 3.5320949405431747
leaf_count=21 1042 187 15 217 20 20 566 40 1639 17 163 318 17 16
internal_value=0.0119633 -0.00282049 0.014942 0.00920749 0.0187667 0.00572961 0.00815168 0.0035408 0.0193784 -0.0185696 0.0196303 -0.0222012 -0.0378033 -0.0437504
internal_weight=1489.84 249.839 1240 496.129 743.873 161.929 154.372 321.394 735.915 87.9104 174.736 81.6044 7.95716 7.55659
internal_count=4298 1145 3153 1462 1691 623 587 1082 1659 522 380 505 32 36
is_linear=0
shrinkage=0.03


Tree=36
num_leaves=15
num_cat=0
split_feature=29 26 6 28 26 11 13 29 29 12 21 3 0 29
split_gain=68.4636 35.5541 30.3233 23.9181 22.7901 20.5468 23.0772 20.0847 35.9683 19.9902 15.8388 15.7219 9.74684 0.5502
threshold=0.032398442985910422 0.00047400656714967002 49248.000000000007 -0.0031090121984301382 -0.0024080699903713879 0.025864251611011944 0.011638450032398604 0.020007434860058581 0.019982888506241938 -0.0028358999488686232 8731770.0000000019 0.61210622710622864 -0.00025246184691865597 0.046038022287230057
decision_type=2 2 2 2 2 2 2 2 2 2 2 2 2 2
left_child=1 7 5 13 -5 6 -2 8 -1 -9 12 -7 -3 -4
right_child=2 10 3 4 -6 11 -8 9 -10 -11 -12 -13 -14 -15
leaf_value=-0.02931209576976021 0.034128432904288658 -0.036779369656506362 0.050749299728339595 0.0063279414637657369 0.018400004368897112 0.037974349869947632 -0.00093314764104690236 0.0047929839005317453 0.035723713423893931 -0.027342586589868823 0.027371627070416332 0.0025136005094484907 -0.014543580682010396 0.041775707024924717
leaf_weight=9.6617995649576169 18.39012586325407 26.397618182003498 9.6427533179521578 172.30557550489902 768.33274242281914 28.046311005949974 207.83584772795439 94.302511982619762 36.819201588630676 21.369372218847275 6.3519486039876929 18.792325541377068 54.10852012783289 16.974054098129272
leaf_count=56 54 187 13 452 1750 63 739 369 89 109 17 57 318 25
internal_value=0.0116079 -0.00274746 0.0144899 0.0169822 0.0161887 0.00566152 0.00191704 0.00554913 0.022205 -0.00114378 -0.0182361 0.023747 -0.0218346 0.0450267
internal_weight=1489.33 249.011 1240.32 967.255 940.638 273.065 226.226 162.153 46.481 115.672 86.8581 46.8386 80.5061 26.6168
internal_count=4298 1145 3153 2240 2202 913 793 623 145 478 522 120 505 38
is_linear=0
shrinkage=0.03


Tree=37
num_leaves=15
num_cat=0
split_feature=29 22 28 26 28 28 25 28 26 25 4 20 20 24
split_gain=65.8674 31.5687 24.5619 25.8356 13.593 36.8704 28.9161 27.3095 23.9509 22.0107 12.5501 12.271 6.29343 3.74794
threshold=0.047200015514282039 14103892.698000003 -0.0031090121984301382 -0.002897423703660557 -0.00058009564634078675 -0.00041156080401135364 0.00066001127197761367 -0.00029034711214869993 -0.0018928406198037023 0.001090042596103652 162.50000000000003 -0.027240669510446913 -0.02210254783811734 1.0099694670788335
decision_type=2 2 2 2 2 2 2 2 2 2 2 2 2 2
left_child=1 11 12 -4 6 10 8 -7 -2 -8 -6 -1 -3 -13
right_child=4 2 3 -5 5 7 9 -9 -10 -11 -12 13 -14 -15
leaf_value=0.021772615681137798 0.018035665202652554 0.045365240637931854 -0.010809004278624312 0.0069123920763181808 -0.05898260612914228 0.047988664818116325 -0.035621811933494021 0.013969386801382192 0.036175961216720523 0.019598548500546369 -0.008897262885915044 -0.036021060371489708 0.014935561783464087 0.0062317338350839557
leaf_weight=4.29533822834492 182.21313379704952 16.401481077075008 86.791258573532104 503.9402197226882 6.8610282093286541 22.204138100147247 13.226050034165382 487.92090138792992 102.27166138589382 12.767878189682961 13.099213972687719 24.941463276743892 9.7551507502794248 2.0442595779895774
leaf_count=15 408 28 333 1797 28 33 47 1135 180 27 37 194 26 10
internal_value=0.0112635 0.00407749 0.00556837 0.00430873 0.0168048 0.0138851 0.0217896 0.0154501 0.0245571 -0.00849829 -0.0261133 -0.0253239 0.0340165 -0.0328203
internal_weight=1488.73 648.169 616.888 590.731 840.564 530.085 310.479 510.125 284.485 25.9939 19.9602 31.2811 26.1566 26.9857
internal_count=4298 2403 2184 2130 1895 1233 662 1168 588 74 65 219 54 204
is_linear=0
shrinkage=0.03


Tree=38
num_leaves=13
num_cat=0
split_feature=29 22 29 29 6 28 28 20 3 24 29 26
split_gain=62.0791 30.0857 24.3313 29.4084 13.5505 13.99 32.4363 11.8344 10.0133 3.67853 1.98349 0.0246102
threshold=0.047200015514282039 14103892.698000003 0.019982888506241938 0.020007434860058581 3257.0000000000005 -0.0024264220956916791 -0.002114651744668225 -0.027240669510446913 0.71012864354339589 1.0099694670788335 0.053953235988733618 0.0016639072446694954
decision_type=2 2 2 2 2 2 2 2 2 2 2 2
left_child=1 7 11 -4 10 8 -7 -1 -6 -9 -2 -3
right_child=4 2 3 -5 5 6 -8 9 -10 -11 -12 -13
leaf_value=0.020964996465476619 -0.0099985910748519469 -0.038937436762581934 0.030664189436074612 0.004427085236824951 0.038883748507665794 -0.02574765786230359 0.016544326131344073 -0.035814792240031625 0.0076036552858767589 0.0060265560875729859 -0.043112250794620159 -0.036040043983957763
leaf_weight=4.3264937251806286 3.2096839249134055 7.3522775098681432 41.256173253059387 565.00770403444767 40.114713042974472 16.677268207073212 764.91767144203186 24.34162071347237 11.95553322136402 2.0503472313284865 3.3037319779396057 4.1151758953928947
leaf_count=15 15 43 105 2006 65 57 1713 194 29 10 16 30
internal_value=0.0109261 0.00395267 0.00539366 0.00621252 0.0163082 0.016645 0.0156419 -0.025025 0.0317017 -0.0325642 -0.0267945 -0.0378977
internal_weight=1488.63 648.45 617.731 606.264 840.179 833.665 781.595 30.7185 52.0702 26.392 6.51342 11.4675
internal_count=4298 2403 2184 2111 1895 1864 1770 219 94 204 31 73
is_linear=0
shrinkage=0.03


Tree=39
num_leaves=15
num_cat=0
split_feature=29 26 11 1 6 26 7 6 1 4 0 8 4 18
split_gain=60.0643 33.3593 27.6125 25.607 24.0772 31.6875 20.4788 19.4203 14.906 14.6961 14.1307 14.2019 9.30635 0.088821
threshold=0.032398442985910422 0.00047400656714967002 0.020462204051221938 0.029596736836521004 48004.500000000007 0.003018696061306858 528294143.50000006 528314.50000000012 0.02063838347014427 157.50000000000003 -0.00031516822246088451 -0.0081809095735478933 322.50000000000006 0.016491581610517714
decision_type=2 2 2 2 2 2 2 2 2 2 2 2 2 2
left_child=1 6 4 9 8 -6 7 -1 -2 -4 13 -12 -5 -3
right_child=2 10 3 12 5 -7 -8 -9 -10 -11 11 -13 -14 -15
leaf_value=0.0020742008550688408 -0.029226926520598825 -0.036211703199967117 -0.0017816511493984012 0.028669521580339224 0.015464946132331606 -0.0051384763494513788 -0.043419797967433622 0.028414935169014506 0.0032693379947313908 0.018109771238850551 -0.03892922943525666 -0.0027708819914999548 0.016317778645827792 -0.042274167186116367
leaf_weight=123.04043685644865 13.650190673768519 22.985701516270641 61.165509164333344 190.8719876408577 564.24720753729343 76.261914268136024 7.4608605057001105 31.676032528281212 183.24283158779144 73.715328142046928 12.26699912548065 48.148084238171577 77.064662620425224 2.4023217409849158
leaf_count=504 66 171 183 373 1328 220 36 83 632 178 75 264 173 12
internal_value=0.0106011 -0.00287737 0.0132961 0.0197502 0.0101914 0.0130118 0.00512608 0.0074671 0.00101644 0.00908945 -0.0180048 -0.0101127 0.0251169 -0.0367854
internal_weight=1488.2 247.98 1240.22 402.817 837.402 640.509 162.177 154.716 196.893 134.881 85.8031 60.4151 267.937 25.388
internal_count=4298 1145 3153 907 2246 1548 623 587 698 361 522 339 546 183
is_linear=0
shrinkage=0.03


Tree=40
num_leaves=15
num_cat=0
split_feature=29 26 28 18 24 7 15 25 21 26 10 1 13 23
split_gain=56.4567 31.7081 26.4256 29.9904 31.4675 19.5215 18.6694 18.217 14.9659 9.14036 6.35645 5.58292 1.17015 0.0284783
threshold=0.032398442985910422 0.00047400656714967002 -0.0031090121984301382 0.012889490605157096 0.28002463270331529 528294143.50000006 -0.013047422256086374 -0.00087053193906951151 4385743.5000000009 0.0023535399509682863 0.0031581053841770808 0.033623225776966838 0.023467884915063585 2.5655864455612289
decision_type=2 2 2 2 2 2 2 2 2 2 2 2 2 2
left_child=1 5 11 4 -4 6 -1 -5 9 -3 -10 -2 -13 -7
right_child=2 8 3 7 -6 13 -8 -9 10 -11 -12 12 -14 -15
leaf_value=0.044020761725021999 0.021094775157296665 -0.014713541113020792 -0.026720726534893408 0.043209874053105266 0.0079428403831554185 -0.041104004201926725 0.0042826856421182471 0.015012490827122667 -0.0092080734109080391 -0.036777717218702412 0.035548047076233262 0.054893201017237027 0.041330821617655868 -0.044849906696954142
leaf_weight=11.492487251758574 10.819369837641714 47.058858908712864 24.958312310278416 21.214922323822975 423.69777418673038 3.8857458978891364 143.51585956662893 736.06701987981796 5.4514492154121381 26.3648282289505 5.9985340684652328 10.04391920566559 13.316406592726706 3.4469189494848251
leaf_count=21 24 294 106 31 1262 20 566 1697 24 186 18 13 20 16
internal_value=0.0102886 -0.00280232 0.0128982 0.012161 0.00601454 0.00496626 0.00722891 0.0158024 -0.0176616 -0.0226363 0.0142392 0.0389106 0.0471621 -0.0428649
internal_weight=1487.33 247.215 1240.12 1205.94 448.656 162.341 155.008 757.282 84.8737 73.4237 11.45 34.1797 23.3603 7.33266
internal_count=4298 1145 3153 3096 1368 623 587 1728 522 480 42 57 33 36
is_linear=0
shrinkage=0.03


Tree=41
num_leaves=15
num_cat=0
split_feature=29 22 9 21 25 28 28 25 28 26 25 4 20 25
split_gain=53.7586 27.8434 23.1487 34.8255 25.457 12.5623 34.9062 27.0423 25.642 22.6859 20.5598 11.7771 11.2043 3.83772
threshold=0.047200015514282039 14103892.698000003 1.7749908674607224 346874.50000000006 -0.00014680805425697666 -0.00058009564634078675 -0.00041156080401135364 0.00066001127197761367 -0.00029034711214869993 -0.0018928406198037023 0.001090042596103652 162.50000000000003 -0.027240669510446913 -0.00074090273753692323
decision_type=2 2 2 2 2 2 2 2 2 2 2 2 2 2
left_child=1 12 4 -4 -3 7 11 9 -8 -2 -9 -7 -1 -14
right_child=5 2 3 -5 -6 6 8 10 -10 -11 -12 -13 13 -15
leaf_value=0.019782835306561726 0.016143153095512897 0.023099900021478163 -0.015720595974786332 0.0060254579067656969 0.0047811692017047189 -0.058616127878509006 0.045329971893994757 -0.035744752174846524 0.012289335278290604 0.033851811938445241 0.017724989455820041 -0.010061779968560751 0.0078736533845985418 -0.035655169930390952
leaf_weight=4.3485549241304424 181.427520647645 99.447807908058167 98.512220919132233 202.5687865242362 217.80660296976566 6.8492175191640881 22.098747700452805 13.200806513428688 487.06709758937359 101.54855981469154 12.697426795959473 13.085683986544607 1.9751856103539527 23.643049314618107
leaf_count=15 408 265 453 672 794 28 33 47 1135 180 27 37 9 195
internal_value=0.00998672 0.00350004 0.00486872 -0.00108974 0.0105234 0.0150052 0.0121987 0.0198126 0.0137234 0.0224981 -0.00952952 -0.026744 -0.0247413 -0.0322991
internal_weight=1486.28 648.302 618.335 301.081 317.254 837.975 529.101 308.874 509.166 282.976 25.8982 19.9349 29.9668 25.6182
internal_count=4298 2403 2184 1125 1059 1895 1233 662 1168 588 74 65 219 204
is_linear=0
shrinkage=0.03


Tree=42
num_leaves=14
num_cat=0
split_feature=18 29 22 28 28 9 9 24 20 17 27 15 28
split_gain=51.5679 29.0777 27.2761 23.9479 22.9167 20.1507 13.1859 15.1207 10.0816 17.4026 7.05588 6.92086 3.99465
threshold=0.007220624544764096 0.054853966217673765 118906193.20550002 0.0013620466332473224 -0.0027620540541272291 1.7749908674607224 4.1103184793275593 0.59798355613545728 0.015497653052977109 0.013360189179013097 0.023475634647801325 -0.0035937286165831049 -0.0020971329791523376
decision_type=2 2 2 2 2 2 2 2 2 2 2 2 2
left_child=4 2 5 -4 11 -2 7 -6 9 -3 -10 -1 -8
right_child=1 8 3 -5 6 -7 12 -9 10 -11 -12 -13 -14
leaf_value=0.055180475037232585 0.0071327280126943591 0.016784929506400977 0.016765029134958385 -0.0019927946374531675 -0.012522181982304835 -0.0078977312699064252 0.0069695239363221232 0.01166605145650838 0.0013260072945899877 -0.0014261321020118439 0.029939698660359497 0.010799710734459279 -0.038775992086569594
leaf_weight=6.0699391812086105 208.40801323950291 477.93512605130672 307.05520077049732 76.521047353744507 94.50958688557148 130.57121974229813 1.9214849770069147 30.85295195877552 8.7632087171077711 52.404791578650475 67.492324203252792 6.6018823087215406 16.223211139440536
leaf_count=9 700 1032 766 242 479 526 7 131 22 135 122 21 106
internal_value=0.00969301 0.0116091 0.0075435 0.013023 -0.00661403 0.00134315 -0.0100289 -0.00656922 0.016452 0.0149854 0.0266514 0.0320586 -0.0339316
internal_weight=1485.33 1329.15 722.555 383.576 156.179 338.979 143.507 125.363 606.595 530.34 76.2555 12.6718 18.1447
internal_count=4298 3545 2234 1008 753 1226 723 610 1311 1167 144 30 113
is_linear=0
shrinkage=0.03


Tree=43
num_leaves=15
num_cat=0
split_feature=18 29 7 9 15 26 21 12 6 9 18 9 18 12
split_gain=48.5143 27.5236 32.4132 27.7582 20.7831 22.5068 15.1681 14.3143 14.5673 13.3058 14.379 12.8824 12.3648 3.75617
threshold=0.007220624544764096 0.054853966217673765 8313041.9190000007 1.7749908674607224 -0.0025090308472741417 0.00022956061162597466 302344.50000000006 -0.037014767438220721 1055583.0000000002 0.66644603048544282 0.0059835431946272891 0.40830953169482126 0.0052588232514261127 -0.0054765346023094201
decision_type=2 2 2 2 2 2 2 2 2 2 2 2 2 2
left_child=4 2 6 -4 5 12 -2 8 -3 -6 -11 -9 -1 -7
right_child=1 7 3 -5 9 13 -8 11 -10 10 -12 -13 -14 -15
leaf_value=0.047188103934702456 0.0012038965515027049 0.006128675007117633 0.017436016193794104 0.0038589542627641684 -0.040650977503722187 -0.03858246906614627 -0.019122066187760797 -0.0054304692017716925 -0.045767420024648869 -0.019719068972304025 0.0037300774150390722 0.018210317280096582 0.0094605802283199182 0.0067024043456138634
leaf_weight=11.599986262619494 136.057279124856 40.17470771074295 284.37967267632484 258.91670329123735 14.164027608931063 7.9265072345733643 43.640841439366341 21.576373100280762 5.5392054319381705 53.987792365252972 41.724350541830063 538.43281519412994 23.982325911521912 2.0813251212239248
leaf_count=31 547 97 706 791 88 56 190 58 20 307 176 1136 84 11
internal_value=0.00940929 0.0112646 0.00731249 0.0109656 -0.00644732 0.0105811 -0.00373239 0.0159818 -0.000159632 -0.0135128 -0.00949675 0.0172995 0.0217599 -0.0291646
internal_weight=1484.18 1328.72 722.994 543.296 155.466 45.5901 179.698 605.723 45.7139 109.876 95.7121 560.009 35.5823 10.0078
internal_count=4298 3545 2234 1497 753 182 737 1311 117 571 483 1194 115 67
is_linear=0
shrinkage=0.03


Tree=44
num_leaves=14
num_cat=0
split_feature=29 26 28 11 26 1 22 15 21 11 1 13 23
split_gain=45.9842 29.1103 25.2864 26.4054 30.7086 22.4529 18.0923 17.1951 13.8702 10.1967 5.38543 1.0047 0.0553595
threshold=0.032398442985910422 0.00047400656714967002 -0.0031090121984301382 0.020462204051221938 -0.0024080699903713879 0.029596736836521004 1495798085.1545002 -0.013047422256086374 8731770.0000000019 0.0051470997066721761 0.033623225776966838 0.023467884915063585 2.0756894014974536
decision_type=2 2 2 2 2 2 2 2 2 2 2 2 2
left_child=1 6 10 4 -4 -5 7 -1 9 -3 -2 -12 -8
right_child=2 8 3 5 -6 -7 12 -9 -10 -11 11 -13 -14
leaf_value=0.041994541121603342 0.019662185945813392 -0.006701536726871825 -0.0036850684983780195 0.0072009972658035378 0.010677321668646602 0.022327776402415248 -0.041249065283333115 0.0039089828122237649 0.025184460309743906 -0.029255162609797172 0.052626239052265641 0.039918853703843467 -0.046744724728883962
leaf_weight=11.522290900349615 10.733848825097082 29.034639529883862 169.30533178895712 134.16175816208124 642.19317907840014 258.41457346081734 3.3097779154777518 144.07762710750103 6.4212466180324546 47.650056578218937 9.8932200670242327 12.902926892042158 3.2889374345541
leaf_count=21 24 191 505 360 1697 534 17 570 17 314 13 20 15
internal_value=0.00913449 -0.00273157 0.0114865 0.0107709 0.00768085 0.0171582 0.00466591 0.00672925 -0.0171693 -0.0207158 0.0371835 0.0454337 -0.0439882
internal_weight=1482.91 245.305 1237.6 1204.07 811.499 392.576 162.199 155.6 83.1059 76.6847 33.53 22.7961 6.59872
internal_count=4298 1145 3153 3096 2202 894 623 591 522 505 57 33 32
is_linear=0
shrinkage=0.03


Tree=45
num_leaves=15
num_cat=0
split_feature=18 7 28 26 28 5 11 28 28 3 8 24 26 22
split_gain=44.8936 36.217 19.082 41.8816 13.868 13.3908 20.5812 12.515 21.9187 17.4643 10.3216 7.79373 5.55735 3.98728
threshold=0.012889490605157096 1305474.1010000003 -0.0031090121984301382 -0.002897423703660557 -0.0033811667480159375 -0.013779657038077261 0.0068330147194753752 -0.0002300698038581718 -0.0001270667320932534 0.70762433655089063 0.012548219784249923 0.6992014967077762 -0.00010816180121889553 58757667.32
decision_type=2 2 2 2 2 2 2 2 2 2 2 2 2 2
left_child=1 4 13 -4 -1 6 12 9 -9 -7 -6 -8 -2 -3
right_child=5 2 3 -5 10 7 11 8 -10 -11 -12 -13 -14 -15
leaf_value=0.028595983910226684 -0.054236397533061427 0.012830214052446645 -0.017001369869389948 0.0070796328021753962 -0.028843416047330973 0.024254628345000185 0.0017024248328670285 -0.022006908828453773 0.012722167626625052 0.0095372175818333269 0.033852913165175677 0.02734332896572857 -0.014760975729344461 0.038309461779949414
leaf_weight=4.6625084429979315 6.09234319627285 8.028775706887247 74.556018427014351 507.16082642972469 45.590654700994492 210.1485053896904 38.344919562339783 17.022578343749046 417.54422309994698 110.83893537521362 2.4924346804618827 14.781745180487631 6.7833079397678357 17.744787082076073
leaf_count=11 26 21 288 1692 316 432 103 54 993 270 9 30 22 31
internal_value=0.00886697 0.00304206 0.00511245 0.00399328 -0.0208033 0.0135481 0.000589471 0.0146801 0.0113618 0.0191726 -0.0255935 0.00883664 -0.0334395 0.0303724
internal_weight=1481.79 660.236 607.49 581.717 52.7456 821.557 66.0023 755.554 434.567 320.987 48.0831 53.1267 12.8757 25.7736
internal_count=4298 2368 2032 1980 336 1930 181 1749 1047 702 325 133 48 52
is_linear=0
shrinkage=0.03


Tree=46
num_leaves=13
num_cat=0
split_feature=18 25 29 7 28 6 21 21 21 12 14 29
split_gain=42.9414 24.7576 23.4761 27.7692 20.1414 13.2834 12.9373 18.6337 13.9516 12.1272 5.71465 3.11751
threshold=0.007220624544764096 -0.001013258929688022 0.054853966217673765 8313041.9190000007 -0.0027620540541272291 16602.000000000004 197404.50000000003 17706.000000000004 288396.50000000006 -0.037014767438220721 0.18606119475473384 0.046038022287230057
decision_type=2 2 2 2 2 2 2 2 2 2 2 2
left_child=4 5 3 -3 10 -2 7 -6 -8 -4 -1 -7
right_child=1 2 9 -5 6 11 8 -9 -10 -11 -12 -13
leaf_value=0.050080422592651025 -0.044831036661943255 -0.004239559252086922 -0.00067321042152126618 0.009477644838382742 0.033457111567726738 0.060470707397428623 0.02158124375976745 -0.027774371681082113 -0.0084954796317194149 0.015430780660392005 0.0098847989125893099 0.036838717214918132
leaf_weight=6.3018466234207136 1.6646876931190515 176.79584210366011 45.640693575143814 534.02941459417343 4.9588667079806319 6.5717171877622631 17.083311825990677 45.645701877772808 74.036643378436565 540.3323730379343 6.4326121136546135 21.332171961665154
leaf_count=10 8 729 117 1481 18 9 71 296 338 1167 20 34
internal_value=0.00860632 0.0103497 0.00973076 0.00606591 -0.00636405 0.0374931 -0.00961139 -0.0217741 -0.00285665 0.0141765 0.0297762 0.0424043
internal_weight=1480.83 1326.37 1296.8 710.825 154.459 29.5686 141.725 50.6046 91.12 585.973 12.7345 27.9039
internal_count=4298 3545 3494 2210 753 51 723 314 409 1284 30 43
is_linear=0
shrinkage=0.03


Tree=47
num_leaves=13
num_cat=0
split_feature=13 9 25 20 10 23 25 9 17 22 17 5
split_gain=36.4359 33.1481 35.6812 25.5054 18.9486 21.3573 16.4389 15.941 22.8182 17.4661 12.8302 5.07741
threshold=0.021644635893044321 1.4200262155229615 -9.7102269467849909e-05 -0.0089118051898469993 -0.0099297707818463091 2.8595550790933766 -0.001013258929688022 5.4609530156335397 -0.0034808914159624557 539629643.99400008 -1.0000000180025095e-35 0.0062772616391609847
decision_type=2 2 2 2 2 2 2 2 2 2 2 2
left_child=1 2 10 -4 11 -6 -2 9 -9 -8 -1 -3
right_child=6 4 3 -5 5 -7 7 8 -10 -11 -12 -13
leaf_value=0.033515369582645435 0.040529416907165765 -0.04496898874068618 0.0082195472445789862 -0.015425844698294644 -0.008490457705112071 0.019372687682133228 0.010257554172591761 0.016583002931197736 -0.011257207099044661 0.020502952435389212 0.010986742068586422 -0.0092755304150835324
leaf_weight=52.645224675536156 17.532960057258606 14.033804766833784 138.41330200433731 58.370467260479927 166.84952014684677 29.072894684970379 654.41567702591419 45.601685851812363 63.240534111857414 194.19395154714584 40.06660021096468 4.8182769939303389
leaf_count=114 28 73 445 261 727 98 1667 117 220 412 116 20
internal_value=0.00835683 0.00180998 0.00843504 0.0012058 -0.00711996 -0.00435585 0.0117429 0.0112158 0.000407021 0.0126021 0.0237793 -0.0358463
internal_weight=1479.25 504.27 289.496 196.784 214.774 195.922 974.985 957.452 108.842 848.61 92.7118 18.8521
internal_count=4298 1854 936 706 918 825 2444 2416 337 2079 230 93
is_linear=0
shrinkage=0.03


Tree=48
num_leaves=14
num_cat=0
split_feature=7 29 9 21 28 17 12 28 28 9 27 13 28
split_gain=40.0408 28.8182 25.0691 36.7455 16.0756 15.0906 19.8756 12.3927 28.6483 10.337 9.18952 3.16035 2.77993
threshold=1138091.9525000004 0.047411372339146468 1.8118625267817976 346874.50000000006 -0.0031090121984301382 -0.0030209374499445682 -0.0036717939318122992 -0.0024264220956916791 -0.002114651744668225 0.76262902794736898 -0.015466604412404083 0.013416767770244283 -0.0014762923537869001
decision_type=2 2 2 2 2 2 2 2 2 2 2 2 2
left_child=5 2 4 -4 -2 6 11 9 -9 -3 -7 -1 -12
right_child=1 7 3 -5 -6 10 -8 8 -10 -11 12 -13 -14
leaf_value=0.0016019999938207785 0.038139209189606005 -0.0043918903677908983 -0.017184378438268883 0.005260072153377442 0.0084345081911332814 0.023604135771911162 0.038005661449012039 -0.027509172073398876 0.012672944756459765 0.033019366439097912 -0.018938280630055666 -0.039303716771175203 -0.037870397337997352
leaf_weight=2.4090841338038462 17.362463116645813 7.8784259259700766 97.513204224407673 200.90548790246248 294.79976566880941 2.8576058447360984 8.6259273290634138 16.317627891898155 747.26584713160992 42.529938280582428 9.8106366991996747 5.7739372402429581 24.196206085383892
leaf_count=14 31 21 474 660 968 11 27 55 1691 74 56 35 181
internal_value=0.00811146 0.00906984 0.00414319 -0.00207402 0.0100867 -0.0173253 0.00623217 0.0127653 0.0118143 0.0271723 -0.0280667 -0.0272611 -0.0324087
internal_weight=1478.25 1424.57 610.581 298.419 312.162 53.6734 16.8089 813.992 763.583 50.4084 36.8644 8.18302 34.0068
internal_count=4298 3974 2133 1134 999 324 76 1841 1746 95 248 49 237
is_linear=0
shrinkage=0.03


Tree=49
num_leaves=14
num_cat=0
split_feature=18 7 9 25 25 25 28 4 20 25 9 12 29
split_gain=38.2461 32.0267 24.4017 24.6615 17.1264 16.3057 12.4997 13.1017 13.0044 12.2564 15.1828 5.44666 1.26192
threshold=0.012889490605157096 1305474.1010000003 4.1103184793275593 -0.00011775243431594598 0.00033086313526315808 -0.00087053193906951151 -0.0025031009171439999 62.500000000000007 0.027970849344561625 -0.00010520802191165431 1.0925095253505084 -1.0000000180025095e-35 0.065418623164105863
decision_type=2 2 2 2 2 2 2 2 2 2 2 2 2
left_child=1 9 3 -3 -4 12 7 -7 -8 10 -1 -11 -2
right_child=5 2 4 -5 -6 6 8 -9 -10 11 -12 -13 -14
leaf_value=0.020702898777976181 0.030720042399272878 0.015747742707259427 -0.0049566306469634169 0.002077383249743851 -0.042522658636190015 -0.0040495773211435566 0.0097852035477846502 0.03926671736287405 0.027021047445090412 -0.036300727475425565 -0.038383064602068084 -0.0043951648980239373 0.045659299303879068
leaf_weight=11.29963155090809 9.5658660680055636 178.98424226790667 62.014907598495483 353.02933603525162 13.257314942777155 8.2172856926918012 721.0527131408453 26.718007415533066 41.674319863319397 28.007936634123325 5.9883231669664374 5.8153354972600928 10.873003900051115
leaf_count=40 17 494 261 1205 72 22 1754 43 79 222 38 36 15
internal_value=0.00787713 0.00249495 0.00441448 0.00667647 -0.0115729 0.0122086 0.0115307 0.0290781 0.0107269 -0.0203122 0.000236288 -0.0308151 0.0386674
internal_weight=1476.5 658.397 607.286 532.014 75.2722 818.101 797.662 34.9353 762.727 51.1112 17.288 33.8233 20.4389
internal_count=4298 2368 2032 1699 333 1930 1898 65 1833 336 78 258 32
is_linear=0
shrinkage=0.03


Tree=50
num_leaves=15
num_cat=0
split_feature=18 25 29 7 15 28 9 18 6 8 22 28 5 6
split_gain=36.9664 21.9796 19.9215 24.6934 18.1321 24.2108 12.87 13.122 12.4195 11.9465 11.2544 10.0045 3.635 0.329173
threshold=0.007220624544764096 -0.001013258929688022 0.054853966217673765 8313041.9190000007 -0.0025090308472741417 -0.00025064478513912912 0.66644603048544282 0.0059835431946272891 16602.000000000004 0.015302572157242041 94947331.866000012 -0.0021308093504071382 -1.0000000180025095e-35 28311.500000000004
decision_type=2 2 2 2 2 2 2 2 2 2 2 2 2 2
left_child=4 8 3 -3 5 11 13 -8 -2 -4 -7 -1 -10 -6
right_child=1 2 9 -5 6 10 7 -9 12 -11 -12 -13 -14 -15
leaf_value=0.051019305123993185 -0.044658589427819022 -0.0044146684823165132 0.013945807488974175 0.0085294357569470746 -0.036105657609953219 -0.038742583209214081 -0.019052070150228285 0.0034982593144423624 0.021329646573287307 -0.0033203091732514601 0.010901734119341288 0.013585865493432195 0.046434408039344059 -0.045509746994192447
leaf_weight=9.8427905514836329 1.6544208973646188 176.44590397179127 543.66653697192669 534.28722725063562 7.3107414767146093 10.154527101665737 52.557315051555634 41.611262187361717 6.980513319373137 38.627997741103172 6.9042055904865256 18.508954122662544 20.246059492230412 6.1831149309873581
leaf_count=18 8 729 1184 1481 59 71 307 176 14 100 25 68 29 29
internal_value=0.00764845 0.0092646 0.00868646 0.00531595 -0.00630825 0.00959003 -0.0130139 -0.00908752 0.0351484 0.0128004 -0.01865 0.0265815 0.0399979 -0.0404148
internal_weight=1474.98 1321.91 1293.03 710.733 153.073 45.4105 107.662 94.1686 28.881 582.295 17.0587 28.3517 27.2266 13.4939
internal_count=4298 3545 3494 2210 753 182 571 483 51 1284 96 86 43 88
is_linear=0
shrinkage=0.03


Tree=51
num_leaves=15
num_cat=0
split_feature=18 25 29 5 14 26 9 18 1 6 12 5 6 29
split_gain=34.8132 21.0389 18.8428 23.2472 17.2306 28.348 12.6071 13.2667 12.4879 11.8156 11.5007 3.52944 0.277159 0.187505
threshold=0.007220624544764096 -0.001013258929688022 0.054853966217673765 -0.012940590502705138 0.27610837285139905 0.00022956061162597466 0.66644603048544282 0.0066522440998637083 0.024089144039195088 16602.000000000004 -0.037014767438220721 -1.0000000180025095e-35 20070.500000000004 0.032813395807568632
decision_type=2 2 2 2 2 2 2 2 2 2 2 2 2 2
left_child=4 9 3 -3 5 8 12 -8 -1 -2 -4 -11 -6 -7
right_child=1 2 10 -5 6 13 7 -9 -10 11 -12 -13 -14 -15
leaf_value=-0.0011815540851194391 -0.044054914826605097 -0.012472295754121688 -0.0020537529981899433 0.0068248744477200441 -0.035934047923111313 -0.03508284307974753 -0.015744845259863104 0.009760225562788041 0.034919346575326249 0.020775449077558138 0.013665891087507787 0.045588349240271941 -0.04461367814386076 -0.044559652608854812
leaf_weight=13.964354261755942 1.6271902322769189 61.507574446499348 45.43885338306427 649.37982863932848 6.8298407159745675 6.5773587636649591 68.156262807548046 25.11986568570137 22.548875965178013 6.9521546810865464 535.89819084107876 20.006761997938153 6.4267397150397301 2.6304986029863358
leaf_count=59 8 222 117 1988 56 59 378 97 60 14 1167 29 31 13
internal_value=0.00742851 0.00899434 0.0084312 0.00515524 -0.0061552 0.00925013 -0.0127668 -0.00887616 0.0211127 0.0344511 0.0124372 0.0391896 -0.0401419 -0.0377902
internal_weight=1473.06 1320.81 1292.22 710.887 152.254 45.7211 106.533 93.2761 36.5132 28.5861 581.337 26.9589 13.2566 9.20786
internal_count=4298 3545 3494 2210 753 191 562 475 119 51 1284 43 87 72
is_linear=0
shrinkage=0.03


Tree=52
num_leaves=15
num_cat=0
split_feature=29 26 22 1 11 1 22 26 26 1 24 0 8 23
split_gain=32.7054 26.1919 21.5312 20.2882 18.7143 23.2175 17.5197 15.9022 15.6739 15.2963 14.0712 13.9781 14.1926 0.072784
threshold=0.032398442985910422 0.00047400656714967002 539629643.99400008 0.082392018933666475 0.020462204051221938 0.020116312158792466 1495798085.1545002 0.0041366473057328533 1.0000000180025095e-35 0.028047816840576795 0.4960719333557308 -0.00031516822246088451 -0.0081809095735478933 5.056845456977574
decision_type=2 2 2 2 2 2 2 2 2 2 2 2 2 2
left_child=1 6 4 7 5 -2 8 -4 -1 -6 -5 13 -13 -3
right_child=2 11 3 10 9 -7 -8 -9 -10 -11 -12 12 -14 -15
leaf_value=0.0025022240296231927 -0.047906919821619431 -0.03571604969293498 0.021503010362157526 0.014265044310513262 0.0040405288302833376 0.0049898547743687646 -0.043941287790217561 -0.0087754431376984611 0.031008716937491274 0.01833722790408495 -0.037209358622944257 -0.038569138379585095 -0.0014043694080353498 -0.040917271561458766
leaf_weight=134.918452039361 7.5524604171514502 20.636529777199033 219.74318331480026 9.1101436018943804 102.66885037720203 667.23281165212393 6.5445121973752967 16.804868116974831 19.922700501978397 195.80506633222103 10.05476927757263 11.559399880468844 46.246905989944935 2.7432923316955558
leaf_count=529 37 168 456 20 285 1855 32 47 62 419 34 75 264 15
internal_value=0.00721293 -0.00285395 0.00919991 0.0169467 0.00716452 0.00439781 0.00413791 0.019352 0.00617002 0.0134195 -0.0127407 -0.0167527 -0.00883613 -0.0363263
internal_weight=1471.54 242.572 1228.97 255.713 973.259 674.785 161.386 236.548 154.841 298.474 19.1649 81.1861 57.8063 23.3798
internal_count=4298 1145 3153 557 2596 1892 623 503 591 704 54 522 339 183
is_linear=0
shrinkage=0.03


Tree=53
num_leaves=14
num_cat=0
split_feature=18 25 9 17 29 20 28 8 25 28 20 15 6
split_gain=32.4838 25.0586 26.8938 24.7114 23.5362 20.5174 19.1064 18.2525 14.782 12.0813 12.2775 8.80403 2.10917
threshold=0.012889490605157096 -0.00011775243431594598 1.4200262155229615 -0.0030209374499445682 0.055796232233848483 0.0091766553968338545 -0.0017029535337341132 0.019082777414725409 -0.00087053193906951151 -0.0025031009171439999 0.027970849344561625 -0.023830287414861522 346904.00000000006
decision_type=2 2 2 2 2 2 2 2 2 2 2 2 2
left_child=1 2 5 -4 7 -1 -6 -3 12 11 -11 -10 -2
right_child=8 4 3 -5 6 -7 -8 -9 9 10 -12 -13 -14
leaf_value=0.023554204475698181 0.024511254391483103 -0.0065844518635291734 -0.031912113179576318 0.0062305193045102516 -0.022720146299955387 -0.02221900452900025 0.018241070491405498 0.032615325901353256 -0.060805302555556232 0.008669108480120603 0.025499806533475951 0.030354557633040836 0.044601847489499309
leaf_weight=110.21301425993443 7.7634533941745785 347.71989320963621 19.180351451039314 75.307280868291855 11.974189743399618 9.5794292390346509 71.129430085420609 11.02961231023073 0.98148065805435081 718.64559881389141 41.246388107538223 33.435749694705009 11.9296817779541
leaf_count=264 15 1491 87 266 38 38 151 33 4 1754 79 61 17
internal_value=0.00700295 0.00203596 0.0104548 -0.00151218 -0.00204681 0.0198939 0.0123391 -0.00537927 0.0110066 0.0103701 0.00958267 0.0277549 0.0366817
internal_weight=1470.14 656.133 214.28 94.4876 441.853 119.792 83.1036 358.75 814.002 794.309 759.892 34.4172 19.6931
internal_count=4298 2368 655 353 1713 302 189 1524 1930 1898 1833 65 32
is_linear=0
shrinkage=0.03


Tree=54
num_leaves=14
num_cat=0
split_feature=7 28 26 28 13 17 16 22 13 22 14 29 13
split_gain=33.0002 25.5504 24.9793 53.9314 30.624 13.9642 16.3967 7.23999 6.91067 4.67715 3.51239 2.68394 0.0273329
threshold=1138091.9525000004 -0.0031090121984301382 -0.0024080699903713879 -0.0010923597936560966 0.029477813715648327 -0.0030209374499445682 1.0000000180025095e-35 55473578.317000009 0.038175775097323374 18473634.442000005 0.9999910071942445 0.027860468871460441 0.016656552274549274
decision_type=2 2 2 2 2 2 2 2 2 2 2 2 2
left_child=5 7 4 -4 -3 6 12 -2 10 -8 -7 -9 -1
right_child=1 2 3 -5 -6 8 9 11 -10 -11 -12 -13 -14
leaf_value=-0.035105558247782061 0.0058179454878158907 -0.010306736759795718 0.028136794144540411 0.0066689549885005335 0.0099324410946570775 -0.034226385230918949 0.041052912492230205 0.013920699181008522 0.015236916514002006 0.0010438874964850832 0.0053348958048314125 0.040085020075654502 -0.039637585633015407
leaf_weight=1.8665627017617232 8.4009900093078596 149.35738029330969 117.92998030781746 984.89631394669414 122.44690981507301 29.921454653143883 7.1406105980277061 4.0071367919445029 3.1164496243000022 4.1627529039978981 2.1659960076212874 29.543827027082443 3.3422546982765198
leaf_count=16 23 519 255 2822 297 227 22 10 10 19 11 48 19
internal_value=0.00680145 0.00766078 0.00695693 0.0089646 -0.00118906 -0.0167372 0.00602481 0.0307238 -0.0274135 0.0263186 -0.0315559 0.0369601 -0.0380135
internal_weight=1468.3 1416.58 1374.63 1102.83 271.804 51.7161 16.5122 41.952 35.2039 11.3034 32.0875 33.551 5.20882
internal_count=4298 3974 3893 3077 816 324 76 81 248 41 238 58 35
is_linear=0
shrinkage=0.03


Tree=55
num_leaves=13
num_cat=0
split_feature=7 28 13 9 9 17 12 20 22 14 21 13
split_gain=31.2455 24.3719 23.799 25.5828 14.157 13.4365 17.1721 13.786 6.97121 4.0535 3.44163 3.23303
threshold=1138091.9525000004 -0.0031090121984301382 0.021644635893044321 1.4200262155229615 4.7036814134785638 -0.0030209374499445682 -0.0036717939318122992 -0.033049249987636177 55473578.317000009 0.9999910071942445 1374133.5000000002 0.013327573519294176
decision_type=2 2 2 2 2 2 2 2 2 2 2 2
left_child=5 8 3 -3 -4 6 11 -7 -2 -9 -10 -1
right_child=1 2 4 -5 -6 7 -8 9 10 -11 -12 -13
leaf_value=0.0041099171453752598 0.0056426824969055666 0.0074577809027937432 0.010957563498576095 -0.0069602022634786846 6.2288928493280861e-05 0.04955712273134457 0.035024102269695011 -0.034438252578019829 0.043476861602908631 0.0099526053905149223 0.023356292806846139 -0.038560882300555134
leaf_weight=2.2391391396522549 8.4020521789789182 250.45370782911777 801.53621106594801 198.57758340984583 123.92897972464561 1.9912344515323628 8.634706497192381 30.626765701919794 21.247913241386414 1.970449961721896 11.956565260887144 5.5815185084939003
leaf_count=13 23 749 1932 834 378 5 27 233 33 10 25 36
internal_value=0.00660241 0.00743361 0.00674887 0.00108164 0.00949858 -0.0164573 0.0058581 -0.0270738 0.0300545 -0.0317549 0.0362317 -0.0263438
internal_weight=1467.15 1416.1 1374.5 449.031 925.465 51.0438 16.4554 34.5885 41.6065 32.5972 33.2045 7.82066
internal_count=4298 3974 3893 1583 2310 324 76 248 81 243 58 49
is_linear=0
shrinkage=0.03


Tree=56
num_leaves=15
num_cat=0
split_feature=7 29 28 29 17 16 20 25 22 14 28 13 6 22
split_gain=29.5973 23.9075 23.8506 19.7518 12.9326 14.8989 13.1115 10.7116 6.34114 3.95042 0.0274646 0.0212026 0.0190343 0.00492217
threshold=1138091.9525000004 0.019982888506241938 -0.0031090121984301382 0.054853966217673765 -0.0030209374499445682 1.0000000180025095e-35 -0.033049249987636177 1.6511671285612653e-05 55473578.317000009 0.9999910071942445 0.00029358504195186572 0.016656552274549274 55411.000000000007 29629301.133500006
decision_type=2 2 2 2 2 2 2 2 2 2 2 2 2 2
left_child=4 10 8 -4 5 11 -6 -7 -3 -8 12 -1 -2 -12
right_child=1 2 3 -5 6 7 9 -9 -10 -11 13 -13 -14 -15
leaf_value=-0.034860521157443126 -0.036438454085868856 0.0065722103994553848 0.0037560320610609487 0.011053155626891941 0.047400652010913154 0.049566258484298568 -0.034140333220992171 -0.0093021204333208762 0.036069254002974609 0.0096021469947154547 -0.034061585306730188 -0.038932431280833971 -0.039928770022240934 -0.036090096645452069
leaf_weight=1.7955695688724524 2.3903083205223066 8.20808197557926 779.17146449536085 584.11745363473892 2.0189318507909766 6.5704778581857681 29.977046307176355 4.8244491964578629 32.652157843112946 1.9809334576129902 1.5500902608036993 3.2055102586746216 3.4155907183885574 3.5242457464337349
leaf_count=16 17 22 2517 1301 5 17 233 24 57 10 15 19 19 26
internal_value=0.00641179 0.00721621 0.00755947 0.00688257 -0.0161853 0.00569673 -0.0267448 0.0246422 0.0301438 -0.0314289 -0.0370827 -0.0374705 -0.0384918 -0.0354704
internal_weight=1465.4 1415.03 1404.15 1363.29 50.3729 16.396 33.9769 11.3949 40.8602 31.958 10.8802 5.00108 5.8059 5.07434
internal_count=4298 3974 3897 3818 324 76 248 41 79 243 77 35 36 41
is_linear=0
shrinkage=0.03


Tree=57
num_leaves=15
num_cat=0
split_feature=18 25 14 26 28 26 9 9 6 6 0 5 6 29
split_gain=28.189 19.3977 15.6255 26.0924 15.3348 21.7513 12.1379 12.5248 11.7506 11.0717 10.7942 3.46451 0.271147 0.189076
threshold=0.007220624544764096 -0.001013258929688022 0.27610837285139905 0.00022956061162597466 -0.0031090121984301382 -0.0024080699903713879 0.66644603048544282 0.84335510851370354 32839.000000000007 16602.000000000004 0.0012045465955186493 -1.0000000180025095e-35 20070.500000000004 0.032813395807568632
decision_type=2 2 2 2 2 2 2 2 2 2 2 2 2 2
left_child=2 9 3 10 8 -6 12 -8 -3 -2 -1 -11 -4 -5
right_child=1 4 6 13 5 -7 7 -9 -10 11 -12 -13 -14 -15
leaf_value=0.0058242904071451104 -0.043792102038523815 -0.016523038274646105 -0.03553988623319556 -0.034823652017742249 -0.0013154394448473294 0.00854493840381923 0.022553798166796337 -0.01256457441471108 0.034044774305124891 0.018802934834847702 0.038828354160909101 0.043679023773444299 -0.044303251201106494 -0.044466195229937139
leaf_weight=21.019139222800732 1.6137764602899576 4.8135626167058936 6.3576567694544774 6.2337214685976488 252.14976096153259 999.30515263229609 10.286711409687994 81.988294340670109 29.370051130652428 6.8209687024354997 15.492119841277598 19.284102126955982 6.3529331982135773 2.5908510684967041
leaf_count=75 8 17 56 59 741 2683 41 434 53 14 44 29 31 13
internal_value=0.00622656 0.00763507 -0.00607951 0.00863928 0.00709972 0.00655822 -0.0124355 -0.00864962 0.0269241 0.0324651 0.0198283 0.0371792 -0.0399199 -0.0376547
internal_weight=1463.68 1313.36 150.321 45.3358 1285.64 1251.45 104.986 92.275 34.1836 27.7188 36.5113 26.1051 12.7106 8.82457
internal_count=4298 3545 753 191 3494 3424 562 475 70 51 119 43 87 72
is_linear=0
shrinkage=0.03


Tree=58
num_leaves=13
num_cat=0
split_feature=22 28 18 26 25 25 12 3 23 22 6 18
split_gain=28.1704 21.1747 22.6695 35.9205 13.5567 8.06979 7.9974 7.2574 8.36303 6.67723 1.92466 0.740491
threshold=14103892.698000003 -0.0031090121984301382 0.012889490605157096 -0.002897423703660557 -0.00087053193906951151 -0.00030332740182318659 -0.0036717939318122992 0.039389472867616897 0.72630600762402242 55473578.317000009 550179.50000000012 0.01300989317835707
decision_type=2 2 2 2 2 2 2 2 2 2 2 2
left_child=5 9 3 -3 -4 6 -1 8 -7 -2 -11 -9
right_child=1 2 4 -5 -6 7 -8 11 -10 10 -12 -13
leaf_value=-0.024992872999622103 0.0044104654581185723 -0.017281062425026434 0.034905169836831687 0.0045315819634455298 0.008815344657478354 0.03203020415239944 0.02719121918634038 -0.035658180592898839 -0.037912649828486619 0.040604801652892777 0.025782021207644255 -0.053583844211980779
leaf_weight=5.0849242880940437 8.5201346278190595 78.201560169458389 18.351814597845078 518.15024170279503 770.34590856730938 3.3021209165453937 5.504109211266039 17.468375287950042 2.8808889761567116 18.459583923220634 13.760969787836073 2.3534381538629523
leaf_count=28 24 311 31 1764 1855 13 18 164 22 30 28 10
internal_value=0.006045 0.00671206 0.00608503 0.00167122 0.00942242 -0.0199453 0.00213207 -0.0289351 -0.000558713 0.0280288 0.0342742 -0.0377865
internal_weight=1462.38 1425.79 1385.05 596.352 788.698 36.5939 10.589 26.0048 6.18301 40.7407 32.2206 19.8218
internal_count=4298 4043 3961 2075 1886 255 46 209 35 82 58 174
is_linear=0
shrinkage=0.03


Tree=59
num_leaves=15
num_cat=0
split_feature=7 9 21 18 1 24 25 4 17 12 20 12 14 18
split_gain=26.6799 21.1194 23.5367 18.8998 17.1224 16.8112 15.9899 15.0249 12.0769 15.5303 11.5484 6.01617 3.88451 0.0219367
threshold=1138091.9525000004 1.7749908674607224 418488.00000000006 0.019908740621139065 0.033756585044232408 0.38974881586162063 0.00060394083698791785 132.50000000000003 -0.0030209374499445682 -0.0065784255622380258 -0.032796237253678022 -0.00062617124061131681 0.9999910071942445 0.0099300457365945703
decision_type=2 2 2 2 2 2 2 2 2 2 2 2 2 2
left_child=8 4 3 -3 6 -6 -2 -4 9 13 -10 -11 -12 -1
right_child=1 2 7 -5 5 -7 -8 -9 10 11 12 -13 -14 -15
leaf_value=-0.036293951595197986 0.0072024425876614246 -0.011615506547670839 0.01272629184835577 0.018094579294383455 -0.0041422343674958652 0.016815271487662143 -0.016907465979241185 0.00011625595169846148 0.040709475363447621 0.0070175446554329793 -0.033740094247339876 0.051869097143069254 0.0097785839633751179 -0.040255303157207926
leaf_weight=2.8626328296959427 526.69165900349617 142.45006901398301 164.73074781894684 22.285127907991409 38.678701296448708 314.91969553381205 25.978089436888695 175.78789729624987 2.165703907608985 6.6753468215465555 28.87060517445207 4.5101126357912991 1.9720763191580761 2.2446769177913666
leaf_count=22 1466 611 431 53 111 690 87 525 6 29 232 12 10 13
internal_value=0.00586986 0.00662756 0.00171292 -0.00759637 0.00936752 0.0145228 0.00606916 0.00621654 -0.0158237 0.00531055 -0.0262554 0.0251022 -0.0309575 -0.038035
internal_weight=1460.82 1411.52 505.254 164.735 906.268 353.598 552.67 340.519 49.3012 16.2928 33.0084 11.1855 30.8427 5.10731
internal_count=4298 3974 1620 664 2354 801 1553 956 324 76 248 41 242 35
is_linear=0
shrinkage=0.03


Tree=60
num_leaves=15
num_cat=0
split_feature=18 9 1 17 11 18 29 5 29 28 28 8 11 24
split_gain=25.1833 18.2138 22.9121 15.9652 14.5562 14.4483 18.2925 11.4683 19.5816 11.3009 20.3182 10.8556 10.4748 10.3251
threshold=0.012889490605157096 4.1103184793275593 0.032477454922841945 0.0072293223605310189 0.023876229510080827 0.0076837521815444976 0.020007434860058581 -0.013779657038077261 0.054853966217673765 -0.0002300698038581718 -0.0001270667320932534 0.0069487341921320835 0.019792231223468921 0.6992014967077762
decision_type=2 2 2 2 2 2 2 2 2 2 2 2 2 2
left_child=1 2 3 -1 -4 -3 -7 8 12 11 -11 -9 -2 -10
right_child=7 5 4 -5 -6 6 -8 9 13 10 -12 -13 -14 -15
leaf_value=0.00038050370130139871 -0.035358444022498929 -0.032287960228240348 0.0085586452297606048 -0.028379117413648021 0.033329761670876819 0.033662608642712956 -0.012032385373059127 0.01800034320180182 0.0012555706520059836 -0.025133327128627661 0.0084580619913378653 0.0053797349654409778 0.00056719964455114315 0.036189427472688961
leaf_weight=372.88615668565035 17.717854067683223 23.025189220905304 159.47098770365119 18.220913141965866 24.650193259119987 9.592729300260542 44.277941882610321 229.77131266891956 23.775122940540314 16.870051383972168 411.59541396796703 83.676855251193047 12.427755132317541 11.202431350946425
leaf_count=1413 71 144 477 77 49 27 181 497 58 54 993 205 34 18
internal_value=0.00569999 0.00131561 0.00314872 -0.000959351 0.011875 -0.0123971 -0.0038955 0.00924277 -0.00282796 0.0103023 0.00713546 0.0146312 -0.0205478 0.012444
internal_weight=1459.16 652.124 575.228 391.107 184.121 76.8959 53.8707 807.037 65.1232 741.914 428.465 313.448 30.1456 34.9776
internal_count=4298 2368 2016 1490 526 352 208 1930 181 1749 1047 702 105 76
is_linear=0
shrinkage=0.03


Tree=61
num_leaves=14
num_cat=0
split_feature=22 29 28 26 25 17 22 8 24 18 26 6 24
split_gain=25.6697 21.3009 21.1981 20.9771 7.75419 5.8923 5.64609 5.61576 6.46789 0.524177 0.0271275 0.0174627 0.00210491
threshold=14103892.698000003 0.019982888506241938 -0.0031090121984301382 -0.0024080699903713879 -0.00030332740182318659 1.0000000180025095e-35 55473578.317000009 -0.0065389884218855802 0.46095220283161759 0.014411233289023074 0.0013369936401745868 53819.500000000007 0.56573530354096413
decision_type=2 2 2 2 2 2 2 2 2 2 2 2 2
left_child=4 10 6 -4 5 -1 -3 8 -6 -9 11 -2 -12
right_child=1 2 3 -5 7 -7 -8 9 -10 -11 12 -13 -14
leaf_value=0.020027902749582507 -0.036449562064452642 0.00584572781960431 -0.0015883510800082936 0.0077022796098639669 0.020807277001903567 -0.026208553636405802 0.033889685606011168 -0.035139040520818288 -0.040237611183657096 -0.051094994242044736 -0.034330063402069275 -0.039620662870603979 -0.035727850987654193
leaf_weight=6.4038906395435315 2.8061204180121404 8.1327234357595426 273.06785865873098 1099.0749935209751 3.7762755677104023 4.0490463301539421 31.436165109276772 16.679256618022922 2.6641332358121872 2.0845872014760962 1.9365741983056071 3.5277511030435562 1.9418424367904661
leaf_count=22 20 22 826 3065 15 24 57 165 20 9 18 20 15
internal_value=0.00553489 0.00616534 0.00647764 0.00585337 -0.0196059 0.00211776 0.0281257 -0.0286154 -0.00444449 -0.0369117 -0.0370058 -0.0382158 -0.0350299
internal_weight=1457.58 1421.92 1411.71 1372.14 35.6572 10.4529 39.5689 25.2043 6.44041 18.7638 10.2123 6.33387 3.87842
internal_count=4298 4043 3970 3891 255 46 79 209 35 174 73 40 33
is_linear=0
shrinkage=0.03


Tree=62
num_leaves=14
num_cat=0
split_feature=22 29 28 29 25 12 8 22 29 18 28 7 4
split_gain=24.3632 20.3911 20.2296 19.5862 7.51759 7.37383 5.50564 5.4466 5.43184 0.465036 0.022173 0.0126461 0.00207398
threshold=14103892.698000003 0.019982888506241938 -0.0031090121984301382 0.020007434860058581 -0.00030332740182318659 -0.0036717939318122992 -0.0065389884218855802 55473578.317000009 0.047706500797615556 0.014411233289023074 0.00029358504195186572 5121944.7264999999 147.50000000000003
decision_type=2 2 2 2 2 2 2 2 2 2 2 2 2
left_child=4 10 7 -4 5 -1 8 -3 -6 -8 11 -2 -12
right_child=1 2 3 -5 6 -7 9 -9 -10 -11 12 -13 -14
leaf_value=-0.024446782369223985 -0.036445661372397339 0.0056704500972263195 0.026002281698296346 0.0050452061775019177 -0.035337069351617116 0.026061516164441814 -0.034975899825821527 0.033246336319929903 0.020319620820363763 -0.05009700508962249 -0.03573955302388869 -0.039394245941586331 -0.034434577074215947
leaf_weight=4.9576565772294998 2.356167756021021 8.1325900852680189 41.383717060089111 1330.8899697735906 2.8344088830053833 5.4735251665115339 16.260667201131586 31.088445201516151 3.5607828199863434 2.0626610517501822 2.9201512709259987 2.9458012133836746 1.754703916609287
leaf_count=28 17 22 105 3786 26 18 165 57 9 9 23 17 16
internal_value=0.00537219 0.0059823 0.00628439 0.00567721 -0.0193009 0.0020563 -0.0283136 0.0275284 -0.00434795 -0.0366781 -0.0367559 -0.0380839 -0.0352497
internal_weight=1456.62 1421.47 1411.49 1372.27 35.1497 10.4312 24.7185 39.221 6.39519 18.3233 9.97682 5.30197 4.67486
internal_count=4298 4043 3970 3891 255 46 209 79 35 174 73 34 39
is_linear=0
shrinkage=0.03


Tree=63
num_leaves=15
num_cat=0
split_feature=7 9 21 18 24 13 1 4 17 12 10 12 14 18
split_gain=23.4977 19.3604 21.24 17.3384 16.2097 27.2494 18.1336 14.1621 11.2235 14.5657 10.0715 5.62729 3.3451 0.0193969
threshold=1138091.9525000004 1.7749908674607224 418488.00000000006 0.019908740621139065 0.38974881586162063 0.010087149897824303 0.029925370936393105 132.50000000000003 -0.0030209374499445682 -0.0065784255622380258 -0.017884415161677485 -0.00062617124061131681 0.9999910071942445 0.0099300457365945703
decision_type=2 2 2 2 2 2 2 2 2 2 2 2 2 2
left_child=8 4 3 -3 5 -2 -6 -4 9 13 -10 -11 -12 -1
right_child=1 2 7 -5 6 -7 -8 -9 10 11 12 -13 -14 -15
leaf_value=-0.036110483089424654 0.047524242422541149 -0.011525947555749401 0.011808446379035794 0.016937830104514162 0.0053557324859109098 -0.0051919874778886266 0.014547503340116719 -0.00044360172627032124 0.035005414920457806 0.0064675544156831176 -0.033188667006949966 0.049884481825453297 0.0056917089128160053 -0.039888352344986895
leaf_weight=2.7633884549140957 9.5285508483648282 141.75722935423255 164.51589518785477 22.288859784603119 367.63347473740578 119.50545018911362 407.0287169367075 175.47257909178734 2.2836399376392391 6.6472194045782098 27.528615090996031 4.5093571543693516 2.1468637064099303 2.1945113390684128
leaf_count=22 29 611 431 53 1026 383 916 525 6 29 231 12 11 13
internal_value=0.00521373 0.00591806 0.00120721 -0.00765859 0.00854553 -0.00129914 0.0101853 0.005485 -0.015411 0.00500267 -0.0257041 0.0240162 -0.0303759 -0.0377827
internal_weight=1455.8 1407.73 504.035 164.046 903.696 129.034 774.662 339.988 48.0736 16.1145 31.9591 11.1566 29.6755 4.9579
internal_count=4298 3974 1620 664 2354 412 1942 956 324 76 248 41 242 35
is_linear=0
shrinkage=0.03


Tree=64
num_leaves=15
num_cat=0
split_feature=29 25 7 23 23 12 5 12 25 21 28 25 11 20
split_gain=22.959 23.2587 25.3489 26.264 14.9053 14.3817 13.2977 11.2778 16.1754 9.98449 9.41699 20.5969 13.1738 8.19164
threshold=0.055796232233848483 -0.000152581626249253 7676368.0275000008 0.97157290724999734 3.6943183784404003 -0.0016117459023523332 0.0029150523175793786 -0.037014767438220721 0.00025121373136027418 1723585.0000000002 -0.00082197595734019905 0.00066001127197761367 0.0031120035432214825 -0.067215908695176796
decision_type=2 2 2 2 2 2 2 2 2 2 2 2 2 2
left_child=1 4 5 -4 6 -3 -1 8 9 -2 11 -9 -12 -10
right_child=7 2 3 -5 -6 -7 -8 10 13 -11 12 -13 -14 -15
leaf_value=0.0050567340729340549 0.018425060496622798 -0.016106673947465944 -0.010077487739035426 0.0065204666112390463 -0.029207157792478088 0.0048259484141365966 0.019256396230357357 0.019303138849973686 -0.0015421792592571792 -0.024638113863527333 0.025208298010516918 -0.029271242682351165 0.0063080380912177922 -0.046453940741584827
leaf_weight=138.58174377679825 21.566182807087902 125.41226571798325 113.01860961318016 356.28609397262335 8.5311633646488172 38.641188018023968 103.82495970278978 157.72316673398018 5.8793987929821006 6.2500106245279303 36.986975431442261 8.2683904618024808 323.39710991084576 9.6610286831855756
leaf_count=437 44 662 380 1057 38 183 261 322 15 19 70 27 748 35
internal_value=0.00506319 0.00203734 -0.00102515 0.00252332 0.00976694 -0.0111762 0.0111386 0.0097597 -0.00494712 0.00874921 0.0109711 0.0168835 0.00824781 -0.0294625
internal_weight=1454.03 884.296 633.358 469.305 250.938 164.053 242.407 569.732 43.3566 27.8162 526.376 165.992 360.384 15.5404
internal_count=4298 3018 2282 1437 736 845 698 1280 113 63 1167 349 818 50
is_linear=0
shrinkage=0.03


Tree=65
num_leaves=14
num_cat=0
split_feature=22 29 28 26 25 12 3 29 22 29 26 7 21
split_gain=22.2669 19.1534 19.1789 19.8743 7.07967 6.87609 6.77521 6.42751 5.28698 0.573543 0.0224819 0.0119197 0.00132923
threshold=14103892.698000003 0.019982888506241938 -0.0031090121984301382 -0.0024080699903713879 -0.00030332740182318659 -0.0036717939318122992 0.039389472867616897 0.047706500797615556 55473578.317000009 0.04848946412847846 0.0013369936401745868 3914479.9000000008 514939.50000000006
decision_type=2 2 2 2 2 2 2 2 2 2 2 2 2
left_child=4 10 8 -4 5 -1 7 -6 -3 -8 11 -2 -12
right_child=1 2 3 -5 6 -7 9 -9 -10 -11 12 -13 -14
leaf_value=-0.024152691686917888 -0.035892760421953808 0.0050999468640930421 -0.0020523648901532581 0.0069978298251416743 -0.034651761328501368 0.024853946798068585 -0.034031605103693296 0.02859618565176256 0.032352081698424691 -0.046484621715040433 -0.034089825798325417 -0.0386552351858232 -0.035233340461985826
leaf_weight=4.8771397992968559 2.2255711033940297 8.1093351542949659 272.66453816741705 1096.956316627562 2.6316948048770454 5.4631155058741552 13.629947707057001 3.2098429054021835 30.518896132707596 4.4041119590401641 1.8410306051373484 3.8162644058465958 1.8185779452323911
leaf_count=28 17 22 826 3065 27 18 152 8 57 22 18 23 15
internal_value=0.00491761 0.00549468 0.00578407 0.00519611 -0.0189968 0.00173922 -0.0279774 0.000102097 0.026631 -0.0370728 -0.0365137 -0.0376376 -0.0346581
internal_weight=1452.17 1417.95 1408.25 1369.62 34.2159 10.3403 23.8756 5.84154 38.6282 18.0341 9.70144 6.04184 3.65961
internal_count=4298 4043 3970 3891 255 46 209 35 79 174 73 40 33
is_linear=0
shrinkage=0.03


Tree=66
num_leaves=14
num_cat=0
split_feature=18 25 9 29 28 26 9 25 22 6 1 10 6
split_gain=21.6756 19.6184 23.1601 18.2354 17.5655 17.5239 14.6028 13.7471 10.4811 16.0071 14.7833 7.00804 2.26694
threshold=0.012889490605157096 -0.00011775243431594598 4.3154363383271965 0.055796232233848483 -0.0017029535337341132 -0.00015253641211399177 0.85839774249542222 -0.00087053193906951151 123669530.19000001 120073.50000000001 0.066135451257350278 -0.0064549831047236474 346904.00000000006
decision_type=2 2 2 2 2 2 2 2 2 2 2 2 2
left_child=1 2 6 5 -5 -3 -1 12 9 -9 -10 -4 -2
right_child=7 3 11 4 -6 -7 -8 8 10 -11 -12 -13 -14
leaf_value=0.023453587164687532 0.020746893751550109 0.00085003571273252389 0.002395642624585853 -0.024066604891649013 0.015501435939116952 -0.012466543273272367 0.0056678264870276664 0.0065603748827521707 0.012158014780598327 -0.011390152426162571 -0.0011405280820816564 -0.038011552821074567 0.042307277133608108
leaf_weight=60.190364375710487 7.276551857590678 176.35996207594872 5.7390100806951549 11.79070073366165 70.315765425562859 179.41875803098083 134.12847945839167 195.7214644998312 438.5189533829689 57.946687281131744 90.812344461679459 11.817248828709124 11.060390949249266
leaf_count=143 15 669 22 38 151 855 429 527 970 165 236 61 17
internal_value=0.00477342 0.000701593 0.00819565 -0.00292448 0.00981936 -0.0058655 0.011177 0.00807505 0.00747374 0.00245985 0.00987651 -0.0248027 0.0337516
internal_weight=1451.1 649.76 211.875 437.885 82.1065 355.779 194.319 801.336 782.999 253.668 529.331 17.5563 18.3369
internal_count=4298 2368 655 1713 189 1524 572 1930 1898 692 1206 83 32
is_linear=0
shrinkage=0.03


Tree=67
num_leaves=14
num_cat=0
split_feature=22 29 28 26 9 25 3 22 29 28 26 6 24
split_gain=20.9884 18.1419 18.309 18.8576 6.85374 7.42365 8.04626 5.13849 0.198889 0.0214034 0.0204536 0.0139962 0.00155441
threshold=14103892.698000003 0.019982888506241938 -0.0031090121984301382 -0.0024080699903713879 1.4082590703105751 -0.00030332740182318659 0.053714796462397844 55473578.317000009 0.052849149749540157 -0.0020971329791523376 0.0013369936401745868 53819.500000000007 0.56573530354096413
decision_type=2 2 2 2 2 2 2 2 2 2 2 2 2
left_child=4 10 7 -4 5 -1 -7 -3 9 -6 11 -2 -12
right_child=1 2 3 -5 8 6 -8 -9 -10 -11 12 -13 -14
leaf_value=0.015344736916443452 -0.035689618991488814 0.0047470738117435674 -0.0021634874432332166 0.0066562912630603547 -0.037903496197009764 0.011110318893112148 -0.037712541628237797 0.031662058726896952 -0.045063364749467621 -0.034272828486347322 -0.033832057193309777 -0.038637266308933702 -0.035089022618379408
leaf_weight=7.5749358534812936 2.5741061642765981 8.1019914895296079 272.44965966790915 1095.3136110156775 1.7673614025115956 4.529256124049426 9.2271943874657136 30.105756834149361 2.0880098044872275 8.439882677048443 1.7578434124588969 3.3191871866583824 1.7841347604990003
leaf_count=24 20 22 826 3065 14 26 90 57 10 91 18 20 15
internal_value=0.00463689 0.0051934 0.00547163 0.00489945 -0.0187876 -0.00850503 -0.0216378 0.0259547 -0.0366272 -0.0349015 -0.0362669 -0.0373498 -0.0344652
internal_weight=1449.03 1415.41 1405.97 1367.76 33.6266 21.3314 13.7565 38.2077 12.2953 10.2072 9.43527 5.89329 3.54198
internal_count=4298 4043 3970 3891 255 140 116 79 115 105 73 40 33
is_linear=0
shrinkage=0.03


Tree=68
num_leaves=15
num_cat=0
split_feature=29 25 9 7 23 9 27 12 20 17 21 12 5 21
split_gain=20.5084 20.4126 33.2187 22.7915 24.5609 14.7377 14.1541 13.8228 11.1273 17.419 13.8788 10.4424 8.54543 6.75177
threshold=0.055796232233848483 -0.000152581626249253 4.7036814134785638 7676368.0275000008 0.97157290724999734 1.4309681155656011 -0.0042932511162649262 -0.0016117459023523332 0.015497653052977109 0.013360189179013097 639585.50000000012 -0.037014767438220721 -0.0057954400760135685 389008.50000000006
decision_type=2 2 2 2 2 2 2 2 2 2 2 2 2 2
left_child=1 2 5 7 -5 -1 -4 -3 9 11 -11 -2 -10 -14
right_child=8 3 6 4 -6 -7 -8 -9 12 10 -12 -13 13 -15
leaf_value=0.018989926173576515 -0.0056374154198529508 -0.015786300457397286 -0.0024109638185610687 -0.010081608379822112 0.0059844161696070899 0.0034494187557610619 -0.047866583436231187 0.0047847950855462026 0.042042990525765288 0.011019401758569613 -0.022274678253978608 0.010633381555970588 0.031552321279053053 0.0086330085313031067
leaf_weight=131.52985426038504 38.874926686286926 124.06184576451778 12.898889906704428 112.73676042258739 356.28579676896334 94.29524614661932 11.810055851936339 38.528384353965521 13.060174614191054 18.034782156348228 30.034064695239067 408.89074735343456 16.150218486785889 40.771379038691521
leaf_count=321 102 662 46 380 1057 309 60 183 19 40 89 911 28 91
internal_value=0.00450093 0.00164153 0.00888742 -0.00123261 0.0021227 0.0125009 -0.0241372 -0.0109116 0.00895894 0.00737841 -0.00978319 0.00922075 0.0201573 0.0151358
internal_weight=1447.96 882.147 250.534 631.613 469.023 225.825 24.7089 162.59 565.816 495.835 48.0688 447.766 69.9818 56.9216
internal_count=4298 3018 736 2282 1437 630 106 845 1280 1142 129 1013 138 119
is_linear=0
shrinkage=0.03


Tree=69
num_leaves=15
num_cat=0
split_feature=7 29 29 29 17 12 12 28 18 14 29 28 6 21
split_gain=20.1387 17.8127 17.1175 26.0568 10.3937 13.4023 8.10305 7.26818 5.18783 3.24474 0.0240787 0.0180272 0.0133691 0.00189888
threshold=1138091.9525000004 0.019982888506241938 0.020007434860058581 0.032398442985910422 -0.0030209374499445682 -0.0065784255622380258 -0.022811473112664082 -0.0014762923537869001 0.012118216169909624 0.9999910071942445 0.037435283487214165 0.00029358504195186572 55411.000000000007 328373.50000000006
decision_type=2 2 2 2 2 2 2 2 2 2 2 2 2 2
left_child=4 11 7 -4 5 10 -6 -3 -7 -8 -1 12 -2 -13
right_child=1 2 3 -5 6 8 9 -9 -10 -11 -12 13 -14 -15
leaf_value=-0.035585576854075741 -0.035244601032574936 0.007576838025324174 -0.0064191314855165243 0.0062846478340140288 0.025975818087808682 0.0073255895027910722 -0.032719856201284751 0.03427916420705647 0.050053872411962734 0.005738624856255585 -0.039899775933987552 -0.033841394124902988 -0.038366081565952163 -0.035093654459136335
leaf_weight=2.6808550134301177 2.0625578165054304 14.324643582105635 165.63266395777464 1184.3642407357693 2.5554062202572814 7.0435039885342103 26.100483320653446 25.515959389507771 4.0152862221002579 2.1359960064291945 2.058248296380043 2.0980729535222054 3.0772952884435654 2.2677680030465126
leaf_count=23 17 40 768 3031 8 35 229 58 6 11 12 22 19 19
internal_value=0.00437201 0.00501803 0.00529795 0.00472601 -0.0150315 0.00475095 -0.0251809 0.0246784 0.0228396 -0.0298106 -0.0374593 -0.0359094 -0.0371135 -0.0344919
internal_weight=1445.93 1399.34 1389.84 1350 46.5898 15.7979 30.7919 39.8406 11.0588 28.2365 4.7391 9.50569 5.13985 4.36584
internal_count=4298 3974 3897 3799 324 76 248 98 41 240 35 77 36 41
is_linear=0
shrinkage=0.03


Tree=70
num_leaves=13
num_cat=0
split_feature=22 28 26 28 13 9 25 22 5 21 13 23
split_gain=19.2747 16.6746 18.0324 48.701 24.9383 6.55648 6.77441 5.52689 5.35762 3.57137 0.116425 0.0354391
threshold=14103892.698000003 -0.0031090121984301382 -0.0024080699903713879 -0.0010923597936560966 0.029477813715648327 1.4082590703105751 -0.00030332740182318659 55473578.317000009 -0.0019737201942730707 1374133.5000000002 0.023580423707991963 0.73317080235787691
decision_type=2 2 2 2 2 2 2 2 2 2 2 2
left_child=5 7 4 -4 -3 6 -1 -2 -8 -9 11 -7
right_child=1 2 3 -5 -6 10 8 9 -10 -11 -12 -13
leaf_value=0.014274402749075252 0.0028054119136896242 -0.01077864560125813 0.024302239267652941 0.0037744631524614918 0.0074091484231132015 -0.038307850994868733 0.0010621557532969385 0.038215696615042039 -0.037450008715032949 0.016616017813387954 -0.043413414701467631 -0.034119538640363066
leaf_weight=7.557939589023591 8.3813793361186963 151.78665302693844 116.33109848201275 982.47329547256231 122.69634839892387 2.3863720856606943 5.6058492921292773 18.992309078574184 7.739255979657174 10.811156362295149 1.7947755604982365 7.6370378062129021
leaf_count=24 24 541 261 2856 303 19 37 33 79 25 10 86
internal_value=0.00424562 0.00477331 0.00422959 0.00594775 -0.00264854 -0.0185171 -0.00841963 0.0243279 -0.0212723 0.0303804 -0.0363767 -0.0351167
internal_weight=1444.19 1411.47 1373.29 1098.8 274.483 32.7212 20.903 38.1848 13.3451 29.8035 11.8182 10.0234
internal_count=4298 4043 3961 3117 844 255 140 82 116 58 115 105
is_linear=0
shrinkage=0.03


Tree=71
num_leaves=15
num_cat=0
split_feature=7 9 11 17 28 26 17 12 10 1 12 22 14 8
split_gain=18.6281 16.6261 18.519 17.3545 16.3927 12.8328 9.91344 12.8243 10.9756 9.57914 5.25935 4.00824 3.23092 0.00939207
threshold=1138091.9525000004 1.7749908674607224 0.019898894101138324 0.0066847252244265258 -0.0031090121984301382 -0.0024080699903713879 -0.0030209374499445682 -0.0065784255622380258 -0.019975468521574811 0.022045836056813404 -0.00062617124061131681 58757667.32 0.9999910071942445 -0.0031576162218910652
decision_type=2 2 2 2 2 2 2 2 2 2 2 2 2 2
left_child=6 4 3 -3 11 -6 7 13 -8 -4 -9 -2 -10 -1
right_child=1 2 9 -5 5 -7 8 10 12 -11 -12 -13 -14 -15
leaf_value=-0.038811172501023596 0.011537091112404559 -0.00089248050575545723 -0.014719427013836767 -0.020366186027014396 -0.0010574826136255891 0.0082222679381924926 0.042256163997085976 0.0051527345225030399 -0.032612927315063982 0.010846003044708263 0.047385365448287253 0.036525372466664083 0.0058342472667742562 -0.036078559208477454
leaf_weight=1.9715808928012846 8.0282168090343493 288.17387959733605 14.459726564586161 48.054996103048325 165.8126058280468 701.68592525273561 2.0475635081529644 6.5497066825628272 25.901959225535396 150.27963565289974 4.4616814777255049 20.605361580848694 2.1288418769836417 2.6582816503942004
leaf_count=13 19 1033 50 169 478 1819 5 29 232 368 12 38 11 22
internal_value=0.00412214 0.00473878 0.000361715 -0.00367573 0.00718571 0.00644855 -0.0147214 0.00465059 -0.0247951 0.00860204 0.0222649 0.0295192 -0.029693 -0.0372422
internal_weight=1442.82 1397.1 500.968 336.229 896.132 867.499 45.7196 15.6413 30.0784 164.739 11.0114 28.6336 28.0308 4.62986
internal_count=4298 3974 1620 1202 2354 2297 324 76 248 418 41 57 243 35
is_linear=0
shrinkage=0.03


Tree=72
num_leaves=15
num_cat=0
split_feature=18 7 9 20 1 5 29 3 24 26 12 8 7 6
split_gain=18.6557 16.9619 15.8118 14.9882 12.377 10.5097 17.4719 12.4867 9.95031 9.27014 11.1543 11.0764 9.2193 15.3528
threshold=0.012889490605157096 1305474.1010000003 4.1103184793275593 -0.031919655304292853 0.032477454922841945 -0.013779657038077261 0.054853966217673765 0.24609774716975305 0.76495275707586685 -0.0015951558566513655 -0.00062617124061131681 0.012548219784249923 483695499.83350009 3212391.0000000005
decision_type=2 2 2 2 2 2 2 2 2 2 2 2 2 2
left_child=1 9 4 -4 -3 6 7 -2 -8 10 -1 -11 13 -7
right_child=5 2 3 -5 -6 12 8 -9 -10 11 -12 -13 -14 -15
leaf_value=-0.018660327429488692 -0.0098901057331603186 7.8490438423936575e-05 -0.044264847052392524 -0.0059151796204355671 0.009807308654278122 0.0058729167181643342 0.00051337233781295274 -0.054182432549153968 0.037373901346607265 -0.035654466867469446 0.03107251558172373 0.034260087430044078 0.016112571514479819 0.034094463640019286
leaf_weight=11.660141572356226 22.30669288337231 352.20228779315948 10.745809972286223 62.62890100479126 176.75180142372847 603.50386568903923 25.402046516537666 7.7077258452773085 8.9004832953214628 23.253534343093637 6.2260717302560797 2.2354696094989768 109.83954958617687 17.862270325422287
leaf_count=75 71 1198 56 277 501 1487 62 34 14 224 29 8 232 30
internal_value=0.00400279 0.000214268 0.00151907 -0.0115315 0.00332941 0.00707783 -0.00454861 -0.0212644 0.0100776 -0.0179049 -0.00134866 -0.0295227 0.0081005 0.0066842
internal_weight=1441.23 645.704 602.329 73.3747 528.954 795.523 64.3169 30.0144 34.3025 43.3752 17.8862 25.489 731.206 621.366
internal_count=4298 2368 2032 333 1699 1930 181 105 76 336 104 232 1749 1517
is_linear=0
shrinkage=0.03


Tree=73
num_leaves=14
num_cat=0
split_feature=18 25 14 26 24 11 17 1 28 18 3 24 29
split_gain=17.7007 17.3015 13.8838 22.8425 17.6916 11.8425 26.3693 15.6644 11.7686 11.2225 6.75189 1.95098 0.196096
threshold=0.007220624544764096 -0.001013258929688022 0.27610837285139905 0.00022956061162597466 0.58137430044242944 0.019063851849436857 0.013360189179013097 0.029142501145417807 0.0027568975083642716 0.0066522440998637083 0.40511785246617066 0.60601956776773902 0.032813395807568632
decision_type=2 2 2 2 2 2 2 2 2 2 2 2 2
left_child=2 10 3 4 -1 6 -3 -7 9 -4 -2 -12 -5
right_child=1 5 8 12 -6 7 -8 -9 -10 -11 11 -13 -14
leaf_value=0.0045727912155965889 -0.0011288835620767237 0.0035650100407461564 -0.020495469583413153 -0.034480448096097037 0.050538563516604108 0.0007439391904795064 -0.021716624422632804 0.012511054420524184 0.041592871859211421 0.0018336230435255499 0.027562395678554844 0.045969616659805652 -0.044557368047008522
leaf_weight=25.318347491323948 5.2581696808338192 779.11959714442492 69.922784246504307 5.5001094006001932 10.729635067284105 156.01435160264373 38.98853625357151 293.08342817425728 3.547248985618352 28.520517367869616 10.179588787257673 10.556250274181364 2.5409712344408035
leaf_count=92 15 2243 432 59 27 458 123 670 16 114 20 16 13
internal_value=0.00388773 0.00500589 -0.00601106 0.00805575 0.0182544 0.00450891 0.00236016 0.00842322 -0.0120919 -0.0140264 0.0292338 0.0369332 -0.0376647
internal_weight=1439.28 1293.2 146.08 44.0891 36.048 1267.21 818.108 449.098 101.991 98.4433 25.994 20.7358 8.04108
internal_count=4298 3545 753 191 119 3494 2366 1128 562 546 51 36 72
is_linear=0
shrinkage=0.03


Tree=74
num_leaves=14
num_cat=0
split_feature=22 29 29 29 22 9 25 3 29 26 26 6 24
split_gain=17.2198 15.9328 16.7384 28.1143 7.86558 6.31394 6.21398 7.73385 0.157647 0.0183597 0.0163175 0.0118359 0.00120063
threshold=14103892.698000003 0.019982888506241938 0.020007434860058581 0.028908263013382379 63569338.653000005 1.4082590703105751 -0.00030332740182318659 0.053714796462397844 0.052849149749540157 -0.0018303214295586321 0.0013369936401745868 53819.500000000007 0.51133909762171637
decision_type=2 2 2 2 2 2 2 2 2 2 2 2 2
left_child=5 10 4 -4 -3 6 -1 -8 9 -7 11 -2 -12
right_child=1 2 3 -5 -6 8 7 -9 -10 -11 12 -13 -14
leaf_value=0.013662354486392518 -0.035209922845273266 0.045456517276657858 -0.011368425148657376 0.0051653046755251947 0.015594971758494712 -0.036589047760381438 0.011639752041627626 -0.037474539069669306 -0.043746626994130573 -0.033629309726073447 -0.033483117849614462 -0.038005265702099743 -0.034634551349708567
leaf_weight=7.4541336297988936 2.4032936878502351 10.690682478249071 99.925649270415306 1255.8938266485929 30.839480489492416 2.6330983936786643 4.3732917569577703 8.481874290853737 2.0041375309228888 6.6502539478242388 1.4339653700590136 3.1501042768359184 1.888294495642185
leaf_count=24 20 29 494 3371 76 22 26 90 10 83 16 20 17
internal_value=0.00377478 0.0042669 0.0045214 0.00394675 0.0232819 -0.0181275 -0.00812974 -0.020766 -0.0361161 -0.0344688 -0.0358006 -0.0367956 -0.0341376
internal_weight=1437.82 1406.23 1397.35 1355.82 41.5302 31.5968 20.3093 12.8552 11.2875 9.28335 8.87566 5.5534 3.32226
internal_count=4298 4043 3970 3865 105 255 140 116 115 105 73 40 33
is_linear=0
shrinkage=0.03


Tree=75
num_leaves=15
num_cat=0
split_feature=29 25 9 11 0 10 8 26 20 17 1 9 14 20
split_gain=16.7957 18.6287 30.1221 19.328 29.2528 16.2593 15.8912 13.5542 10.4405 15.9661 13.5458 10.1847 5.8167 7.64161
threshold=0.055796232233848483 -0.000152581626249253 4.7036814134785638 0.0071645471784740023 -0.0010345540332318826 -0.0064549831047236474 0.019082777414725409 -0.0028320451722031021 0.015497653052977109 0.013360189179013097 0.050520651754527683 0.53978210209998168 0.70125336258170468 0.021973829977764637
decision_type=2 2 2 2 2 2 2 2 2 2 2 2 2 2
left_child=1 2 7 4 -3 -4 -5 -1 9 11 -11 -2 -10 -14
right_child=8 3 5 6 -6 -7 -8 -9 12 10 -12 -13 13 -15
leaf_value=-0.0041563036552736687 -0.0058315637485687943 -0.033907363913256203 0.0023436395946745121 0.001014519704307975 -0.0040614710804475146 -0.046822856370999949 0.033449357085531192 0.014947556122240744 -0.021764508876590344 -0.025386250259465785 0.0065834328547475195 0.0094692739105780195 0.032509686379491615 0.011801093254525262
leaf_weight=40.877774961292744 43.405949249863625 35.37278426066041 11.428080067038538 399.24848158657551 179.72060874849558 12.871645942330359 14.074108138680456 183.33853721618652 3.0592537224292746 25.228135243058205 22.625588968396187 399.53499986231327 27.778439104557037 37.941741824150085
leaf_count=137 113 191 38 1348 711 68 32 493 9 77 52 900 47 82
internal_value=0.0036645 0.00107323 0.00802628 -0.00167646 -0.00896972 -0.0237 0.00211896 0.0114647 0.00772539 0.00619136 -0.0102708 0.00796987 0.0186718 0.0205541
internal_weight=1436.51 876.932 248.516 628.416 215.093 24.2997 413.323 224.216 559.574 490.795 47.8537 442.941 68.7794 65.7202
internal_count=4298 3018 736 2282 902 106 1380 630 1280 1142 129 1013 138 129
is_linear=0
shrinkage=0.03


Tree=76
num_leaves=14
num_cat=0
split_feature=18 25 7 9 20 11 28 25 20 20 9 12 8
split_gain=16.4096 15.7084 19.3093 18.8925 20.2771 14.1173 13.8045 13.0675 9.82613 15.2058 7.79129 5.41719 1.54675
threshold=0.012889490605157096 -0.00011775243431594598 1305474.1010000003 0.85839774249542222 0.0040929510729189773 0.0071645471784740023 0.0016162852276063492 -0.00087053193906951151 0.027970849344561625 0.021973829977764637 0.4919979667151762 -1.0000000180025095e-35 0.0038780927558739117
decision_type=2 2 2 2 2 2 2 2 2 2 2 2 2
left_child=1 3 11 4 -1 -4 -5 12 9 -9 -10 -3 -2
right_child=7 2 5 6 -6 -7 -8 8 10 -11 -12 -13 -14
leaf_value=0.027136400497908924 0.020542251050774431 -0.034851422117778919 -0.0088913580807787728 0.0036312549922535363 -0.029082727899451096 0.0026621825103940277 -0.031186102321056969 0.005710198133911523 -0.056400155727477537 -0.024955433986192977 0.022814333453370542 -0.00083817392883333728 0.039018125159040185
leaf_weight=53.135750167071819 6.5020269900560406 21.206689666956667 151.81120620295405 139.05561960488558 6.4779771715402594 255.17744403332472 11.064250055700539 720.13526675105095 1.1512345373630513 14.853013530373572 38.121493309736252 5.2594178989529601 10.93886987864971
leaf_count=116 14 222 613 459 27 842 53 1771 5 48 74 36 18
internal_value=0.0035585 -8.69323e-07 -0.00326209 0.00673908 0.0210273 -0.00164741 0.00106512 0.00645018 0.00587171 0.00509049 0.0204923 -0.0280922 0.0321303
internal_weight=1434.89 643.188 433.455 209.734 59.6137 406.989 150.12 791.702 774.261 734.988 39.2727 26.4661 17.4409
internal_count=4298 2368 1713 655 143 1455 512 1930 1898 1819 79 258 32
is_linear=0
shrinkage=0.03


Tree=77
num_leaves=15
num_cat=0
split_feature=22 28 26 28 28 28 26 26 9 17 0 29 13 28
split_gain=15.8985 16.0813 34.7703 27.6487 35.0959 22.5 21.3774 19.5822 6.07094 5.15816 4.62468 0.140402 0.104463 0.0163506
threshold=14103892.698000003 -0.00058009564634078675 -0.0024080699903713879 -0.00041156080401135364 -0.00029034711214869993 -0.0031090121984301382 0.0008949175250653785 1.0000000180025095e-35 1.4082590703105751 0.0030548284847754311 0.0016260415947384093 0.052849149749540157 0.025023907960688686 -0.0020971329791523376
decision_type=2 2 2 2 2 2 2 2 2 2 2 2 2 2
left_child=8 2 5 7 -5 -2 -4 -3 9 10 -1 13 -11 -10
right_child=1 3 6 4 -6 -7 -8 -9 11 12 -12 -13 -14 -15
leaf_value=-0.014968175443062127 0.023117172083943812 -0.035564348810489886 0.019836699070372509 0.034742853796908578 0.0013957732895776445 -0.0018769753506870136 -0.013262145153335037 0.02112124550257467 -0.037088535869688313 -0.034178663066578532 0.017572191734667827 -0.043159909231866793 -0.043981551045178459 -0.033700360259564625
leaf_weight=8.7110287398099953 37.142061293125153 28.355605415999889 205.37679968774319 29.422070391476154 821.09379630163312 254.70214487612247 19.204104468226433 6.8000867664813986 1.5522134341299523 2.4794759675860396 7.1630753986537448 1.9594420343637455 1.6159976944327352 7.3601571545004836
leaf_count=68 82 105 476 58 2465 780 61 16 14 30 33 10 9 91
internal_value=0.00345639 0.00392505 0.00813256 0.0014717 0.00254936 0.00130395 0.0170064 -0.0245998 -0.0178499 -0.00802904 -0.000284569 -0.035889 -0.0380467 -0.0342905
internal_weight=1432.94 1402.1 516.425 885.672 850.516 291.844 224.581 35.1557 30.8414 19.9696 15.8741 10.8718 4.09547 8.91237
internal_count=4298 4043 1399 2644 2523 862 537 121 255 140 101 115 39 105
is_linear=0
shrinkage=0.03


Tree=78
num_leaves=13
num_cat=0
split_feature=29 29 29 24 22 4 10 22 28 22 26 11
split_gain=15.4874 16.7493 29.5992 18.7936 15.6342 8.59274 11.3046 8.3574 2.7289 0.0178476 0.0074721 0.00115548
threshold=0.019982888506241938 0.020007434860058581 0.028908263013382379 0.62751540443915199 511887952.3810001 42.500000000000007 -0.007401952470321156 236404763.29700002 -0.0027620540541272291 25398728.378000002 0.0016639072446694954 0.0015778130084813365
decision_type=2 2 2 2 2 2 2 2 2 2 2 2
left_child=8 5 3 -3 -4 7 -7 -2 -1 11 -11 -10
right_child=1 2 4 -5 -6 6 -8 -9 9 10 -12 -13
leaf_value=0.011641707273703545 0.045196705862447971 -0.02017216423845599 0.0026132144526345501 0.0082614267745879481 0.010764986509756626 0.025149977940306677 -0.022327833739772502 0.0052938082620487626 -0.033799089315882339 -0.036303781982017995 -0.034207066402306141 -0.032774835514055065
leaf_weight=1.27587430179119 17.154918141663078 75.424524001777172 1003.7033128589392 28.952000375837088 268.36085750162601 11.937238961458208 7.2577102407813063 6.5191134959459296 1.5538695305585841 4.6177476048469543 2.2874557077884674 2.7378042601048946
leaf_count=4 35 423 2884 138 626 28 30 17 17 34 22 40
internal_value=0.00335543 0.00364792 0.00307278 -0.0122852 0.00433295 0.0221146 0.00719837 0.0342087 -0.0299281 -0.034665 -0.0356092 -0.0331457
internal_weight=1431.78 1419.31 1376.44 104.377 1272.06 42.869 19.1949 23.674 12.4728 11.1969 6.9052 4.29167
internal_count=4298 4181 4071 561 3510 110 58 52 117 113 56 57
is_linear=0
shrinkage=0.03


Tree=79
num_leaves=15
num_cat=0
split_feature=29 28 28 10 7 21 1 17 12 25 9 7 25 21
split_gain=15.0804 18.9939 31.0391 25.9197 20.0159 15.4601 14.3209 11.7759 9.60168 15.0399 11.6332 17.062 14.7281 9.39576
threshold=0.055796232233848483 0.0012652845293654551 0.0021844032956314916 -0.0081033885991837491 52312286.940000005 1238792.0000000002 0.091736991519467223 0.013690006687650186 -0.037014767438220721 0.00025121373136027418 0.40830953169482126 17981109.6675 0.00091992996561157724 1723585.0000000002
decision_type=2 2 2 2 2 2 2 2 2 2 2 2 2 2
left_child=1 4 7 -4 5 -1 -6 -3 9 13 11 -10 -12 -2
right_child=8 2 3 -5 6 -7 -8 -9 10 -11 12 -13 -14 -15
leaf_value=8.3076543642554411e-05 0.016310049465674832 -0.013928604882223812 -0.050495147838358706 0.012460464451400196 0.011177630227051242 -0.034294340850720119 -0.022456966915952253 -0.050458665925719237 0.015136622464843048 -0.030170150684181187 0.0081494453986946849 -0.03934429957479213 0.035129304387776394 -0.025620141130276941
leaf_weight=389.9048230573535 21.243623763322834 118.24632189422846 6.3946262821555129 73.964360347017646 253.16088782250881 12.140129618346689 11.929946839809416 8.5139598399400693 9.7626121491193789 15.467550680041311 473.54761853814125 11.005719631910322 18.938215762376785 6.2174051851034156
leaf_count=1435 44 521 32 237 667 53 39 34 21 50 1078 37 31 19
internal_value=0.00325756 0.000800688 -0.00713539 0.00745072 0.00326453 -0.000954982 0.00966396 -0.0163822 0.00711948 -0.00650999 0.00825945 -0.0137343 0.00918694 0.00681671
internal_weight=1430.44 874.255 207.119 80.359 667.136 402.045 265.091 126.76 556.183 42.9286 513.254 20.7683 492.486 27.461
internal_count=4298 3018 824 269 2194 1488 706 555 1280 113 1167 58 1109 63
is_linear=0
shrinkage=0.03


Tree=80
num_leaves=11
num_cat=0
split_feature=18 17 25 7 9 25 10 26 21 6
split_gain=14.7465 15.5253 14.6666 18.2364 17.6521 12.5767 9.35095 12.5503 3.87476 2.42473
threshold=0.012889490605157096 0.010243703997334963 -0.00011775243431594598 1305474.1010000003 4.3154363383271965 -0.00087053193906951151 0.05366446396704249 0.0020330989441673165 1902075.0000000002 346904.00000000006
decision_type=2 2 2 2 2 2 2 2 2 2
left_child=1 2 4 -4 -1 9 7 -7 -8 -2
right_child=5 -3 3 -5 -6 6 8 -9 -10 -11
leaf_value=0.0093471520071956356 0.017531509326757736 -0.049136655168991197 -0.027637288289006967 -0.0013890798104019145 -0.023111929179882435 0.0074451309953092537 0.0082770680292527429 -0.00092673136453768441 0.038147305349891719 0.040630743481388336
leaf_weight=190.80466362088919 6.8120581656694439 5.7856965959072104 25.320328546687961 402.64689487963915 16.372696273028851 520.49335137009621 6.1111088991165188 233.43644884228706 10.844042643904684 10.234670728445051
leaf_count=567 15 27 255 1438 81 1253 14 614 17 17
internal_value=0.00316337 -0.000215793 0.00022984 -0.00294203 0.00678199 0.0059121 0.00534848 0.00485298 0.0273812 0.0314
internal_weight=1428.86 640.93 635.145 427.967 207.177 787.932 770.885 753.93 16.9552 17.0467
internal_count=4298 2368 2341 1693 648 1930 1898 1867 31 32
is_linear=0
shrinkage=0.03


Tree=81
num_leaves=13
num_cat=0
split_feature=29 29 29 24 22 4 27 22 28 22 28 11
split_gain=14.5947 15.9347 27.1036 17.969 14.1019 7.97804 9.60396 7.93878 2.44857 0.0157711 0.00603423 0.00111587
threshold=0.019982888506241938 0.020007434860058581 0.028908263013382379 0.62751540443915199 511887952.3810001 42.500000000000007 -0.0028413267345968182 236404763.29700002 -0.0023512763093058182 25398728.378000002 0.00029358504195186572 0.0015778130084813365
decision_type=2 2 2 2 2 2 2 2 2 2 2 2
left_child=8 5 3 -3 -4 7 -7 -2 -1 11 -11 -10
right_child=1 2 4 -5 -6 6 -8 -9 9 10 -12 -13
leaf_value=0.0081506734335840686 0.043663736364190187 -0.01976416173424226 0.0023613455728667752 0.0080769035900872341 0.010118811649182411 0.02309786585406862 -0.021086407215525269 0.0047502123490628639 -0.033680047485214096 -0.036238763232409918 -0.03443379245391967 -0.032649741819998392
leaf_weight=1.364426016807555 17.21506175398827 74.532215537503362 1001.6061574295163 28.974765028804541 267.15486615896225 12.108388349413874 6.9796146154403678 6.4999453723430625 1.5060852821916322 3.6032776087522507 3.1020153239369392 2.5443369690328836
leaf_count=5 35 423 2884 138 626 29 29 17 17 27 29 39
internal_value=0.00307203 0.00335279 0.00279055 -0.0119706 0.00399479 0.0213782 0.00694169 0.0329981 -0.0297083 -0.0345109 -0.0354037 -0.0330328
internal_weight=1427.19 1415.07 1372.27 103.507 1268.76 42.803 19.088 23.715 12.1201 10.7557 6.70529 4.05042
internal_count=4298 4181 4071 561 3510 110 58 52 117 112 56 56
is_linear=0
shrinkage=0.03


Tree=82
num_leaves=13
num_cat=0
split_feature=28 18 3 14 28 21 21 21 22 12 21 22
split_gain=14.6855 17.011 12.1883 21.5421 15.7567 11.1322 14.2702 13.7875 6.34664 13.3906 3.54248 1.35622
threshold=-0.0031090121984301382 0.007220624544764096 0.21716672655407937 0.98364091080931837 -0.0019807079228094829 197404.50000000003 17706.000000000004 288396.50000000006 55473578.317000009 -0.0040609056291745988 1374133.5000000002 116607881.50450002
decision_type=2 2 2 2 2 2 2 2 2 2 2 2
left_child=8 5 3 -3 -4 6 -2 -7 9 -1 11 -10
right_child=1 2 4 -5 -6 7 -8 -9 10 -11 -12 -13
leaf_value=-0.033875281204638771 0.028516238949027807 -0.00036650443965076461 -0.0055286501272222592 -0.05751156867097721 0.006726842526264246 0.023204806322206905 -0.026099413462281413 -0.0072082545861992097 0.026443267717324314 0.032198361381483215 0.014576469448946314 0.043278321519559328
leaf_weight=5.1107106059789658 4.8388827107846728 321.04958175122738 106.72130605578423 6.0489539690315715 818.8404370136559 16.415833972394466 39.072709763422608 73.402438547462225 7.135935962200171 6.0028448551893216 10.349614024162291 10.862356305122374
leaf_count=21 19 936 324 28 2187 71 297 343 15 14 25 18
internal_value=0.00298242 0.00246876 0.00355454 -0.00142327 0.00531373 -0.00770183 -0.020081 -0.00164974 0.0210286 0.00181355 0.0285616 0.0366036
internal_weight=1425.85 1386.39 1252.66 327.099 925.562 133.73 43.9116 89.8183 39.4615 11.1136 28.3479 17.9983
internal_count=4298 4205 3475 964 2511 730 316 414 93 35 58 33
is_linear=0
shrinkage=0.03


Tree=83
num_leaves=15
num_cat=0
split_feature=28 26 28 28 3 27 13 26 0 25 22 26 4 9
split_gain=14.1849 31.708 24.2365 32.3484 23.79 23.5772 22.18 19.9093 32.925 26.9139 18.4375 15.9146 8.27137 5.95677
threshold=-0.00058009564634078675 -0.0024080699903713879 -0.00041156080401135364 -0.00029034711214869993 0.53894863563402973 0.011502395167164158 0.014635469806436789 0.00047400656714967002 -0.00061263957129982787 0.00082441926047970894 54550600.429000005 1.0000000180025095e-35 142.50000000000003 1.0925095253505084
decision_type=2 2 2 2 2 2 2 2 2 2 2 2 2 2
left_child=1 4 11 13 5 -1 -5 9 -9 -3 -6 12 -2 -4
right_child=2 7 3 6 10 -7 -8 8 -10 -11 -12 -13 -14 -15
leaf_value=0.0011406272754252412 -0.051059570407934143 0.021583055605616016 0.042764883584983371 -0.013971995935753989 -0.03605780156623542 0.026879878579565798 0.0021769291036410864 -0.063169137831828204 0.0093802082324810823 -0.029790387587049303 -0.0043513551635895285 0.017846607836550895 -0.018982168501398059 0.014836438138706847
leaf_weight=116.34207107499242 12.855689793825151 182.95835197344422 18.652545541524891 85.254027495160699 19.188793756067753 44.196212340146303 749.29503216780722 7.1415313258767119 26.597931284457445 9.6625832132995111 118.07453139126301 6.8237930387258521 16.546466413885355 10.88373129069805
leaf_count=354 56 423 35 484 101 114 2149 34 69 37 343 17 55 27
internal_value=0.00289563 0.00681911 0.000611378 0.00161922 0.000386169 0.00822665 0.000527223 0.0152823 -0.0059761 0.019006 -0.00878377 -0.0234283 -0.0330076 0.0324736
internal_weight=1424.47 524.162 900.311 864.085 297.802 160.538 834.549 226.36 33.7395 192.621 137.263 36.2259 29.4022 29.5363
internal_count=4298 1475 2823 2695 912 468 2633 563 103 460 444 128 111 62
is_linear=0
shrinkage=0.03


Tree=84
num_leaves=13
num_cat=0
split_feature=28 29 29 29 4 22 12 21 22 22 26 25
split_gain=14.0577 15.6976 15.3147 27.2207 7.35667 6.13563 12.5053 3.47051 1.3377 0.0144057 0.00598031 0.00176215
threshold=-0.0031090121984301382 0.019982888506241938 0.020007434860058581 0.028908263013382379 42.500000000000007 55473578.317000009 -0.0040609056291745988 1374133.5000000002 116607881.50450002 25398728.378000002 0.0016639072446694954 -9.5779806604573002e-05
decision_type=2 2 2 2 2 2 2 2 2 2 2 2
left_child=5 9 4 -4 -3 6 -1 8 -7 11 -11 -2
right_child=1 2 3 -5 -6 7 -8 -9 -10 10 -12 -13
leaf_value=-0.032984856504186442 -0.033759232301235551 0.031364760540339702 -0.013455542895236068 0.0032107605459895062 0.006350516806828542 0.025950629162790988 0.031121431529142936 0.014174614286371097 0.042798584130637848 -0.035817362154746332 -0.033882519428650115 -0.032424175139638627
leaf_weight=5.0736600756645203 1.3547698706388476 23.797826647758484 94.97756078466773 1235.7505244612694 19.053601108491421 7.0454924106597963 5.9507120698690397 10.27531850337982 10.656786710023878 4.3619047775864601 2.1446019038558006 2.5924702193588001
leaf_count=21 15 52 540 3442 58 15 14 25 18 34 22 42
internal_value=0.0028115 0.00231096 0.00258968 0.00202124 0.0202423 0.0205738 0.0016183 0.0280431 0.0360931 -0.0343122 -0.0351796 -0.0328824
internal_weight=1423.04 1384.03 1373.58 1330.73 42.8514 39.002 11.0244 27.9776 17.7023 10.4537 6.50651 3.94724
internal_count=4298 4205 4092 3982 110 93 35 58 33 113 56 57
is_linear=0
shrinkage=0.03


Tree=85
num_leaves=14
num_cat=0
split_feature=22 28 26 28 13 9 14 22 0 21 13 17 3
split_gain=13.6473 13.6259 14.7307 39.0075 20.8566 5.6854 5.08497 5.03192 4.06377 3.38779 0.0806406 0.0673353 0.0217901
threshold=14103892.698000003 -0.0031090121984301382 -0.0024080699903713879 -0.0010923597936560966 0.029477813715648327 1.4082590703105751 0.73808518719061345 55473578.317000009 0.0016260415947384093 1374133.5000000002 0.023580423707991963 0.0061188185108667732 0.11039770063898612
decision_type=2 2 2 2 2 2 2 2 2 2 2 2 2
left_child=5 7 4 -4 -3 6 8 -2 -1 -9 12 -8 -7
right_child=1 2 3 -5 -6 10 11 9 -10 -11 -12 -13 -14
leaf_value=-0.013917462889295787 0.00075613289725766407 -0.011033155263995667 0.020856232498330348 0.0022929706458179396 0.0056801531468666632 -0.037183031563147909 -0.033461838407724501 0.035581418685972588 0.017522765547147337 0.013825007212403878 -0.041634423544277016 -0.04153364977555013 -0.0335721074990879
leaf_weight=8.0398450493812614 8.183181554079054 150.44162552803755 113.82853512465954 970.41815223172307 121.44532743096352 1.9488312304019908 3.1977466978132716 17.422608673572544 6.854461044073104 10.219956859946249 1.6535080485045899 1.311648368835449 6.5902688317000866
leaf_count=62 24 541 261 2856 303 20 43 33 27 25 10 8 85
internal_value=0.00272992 0.00315854 0.00267611 0.00424182 -0.00356772 -0.0174285 -0.00789876 0.0214203 0.000551544 0.0275377 -0.0355704 -0.0358097 -0.0343962
internal_weight=1421.56 1391.96 1356.13 1084.25 271.887 29.5963 19.4037 35.8257 14.8943 27.6426 10.1926 4.5094 8.5391
internal_count=4298 4043 3961 3117 844 255 140 82 89 58 115 51 105
is_linear=0
shrinkage=0.03


Tree=86
num_leaves=13
num_cat=0
split_feature=29 29 29 24 24 11 12 1 28 22 26 25
split_gain=13.0128 13.374 23.2648 17.2262 13.4584 7.11652 12.155 7.57383 2.38092 0.0135042 0.00531171 0.0014019
threshold=0.019982888506241938 0.020007434860058581 0.028908263013382379 0.62751540443915199 0.28002463270331529 0.022862056081981452 -0.003243577903739477 0.023408688441119884 -0.0027620540541272291 25398728.378000002 0.0016639072446694954 -9.5779806604573002e-05
decision_type=2 2 2 2 2 2 2 2 2 2 2 2
left_child=8 5 3 -3 -4 6 -2 -7 -1 11 -11 -10
right_child=1 2 4 -5 -6 7 -8 -9 9 10 -12 -13
leaf_value=0.009303239205429522 0.014288761995725437 -0.0191627599474328 -0.012632842646549831 0.0082203471545230153 0.0040963308728910325 0.017011113974204718 0.054278493719135359 -0.036667462060394812 -0.033536624643135809 -0.035609273446866763 -0.033762873557652166 -0.032317228747599527
leaf_weight=1.2779527604579914 22.842131271958348 72.971585024148226 44.872845225036144 28.850634299218655 1219.1684795245528 6.5437882617115957 9.7651198059320468 3.7051490545272827 1.2884819395840161 4.249964714050293 2.0927350670099258 2.4851084705442181
leaf_count=4 59 423 181 138 3329 18 19 14 15 34 22 42
internal_value=0.00265072 0.00290899 0.00239121 -0.0114039 0.00350245 0.019411 0.0262648 -0.00239452 -0.0292805 -0.0341546 -0.0350001 -0.0327336
internal_weight=1420.11 1408.72 1365.86 101.822 1264.04 42.8562 32.6073 10.2489 11.3942 10.1163 6.3427 3.77359
internal_count=4298 4181 4071 561 3510 110 78 32 117 113 56 57
is_linear=0
shrinkage=0.03


Tree=87
num_leaves=13
num_cat=0
split_feature=28 29 3 13 26 20 7 9 18 7 28 23
split_gain=12.9258 14.386 14.3207 21.2842 19.7234 6.0874 10.2162 3.02965 0.736009 0.00983826 0.00655035 0.00118714
threshold=-0.0031090121984301382 0.019982888506241938 0.21716672655407937 0.027079208796680004 -0.0043068538281269804 -0.02315816762911364 16138830.928000001 1.4909020215462641 0.0094093143830541789 2885964.2120000003 0.00028240738373468247 1.3279480428863197
decision_type=2 2 2 2 2 2 2 2 2 2 2 2
left_child=5 9 3 -3 -4 7 -7 8 -1 11 -11 -2
right_child=1 2 4 -5 -6 6 -8 -9 -10 10 -12 -13
leaf_value=0.043128952008883434 -0.03234865802504739 -0.010173335365210489 -0.02338832697153127 0.0045510018908939973 0.004796958417173377 -0.025046332102241886 0.024812015198861871 0.013452873257133307 0.030050902844915236 -0.035890621868481999 -0.033848263487991519 -0.033364966036158239
leaf_weight=8.3891803026199359 1.850668266415594 177.54989280737936 22.858595512807369 175.87545555084944 994.51736021973193 6.0744208991527548 9.4574163854122144 7.1043705940246573 7.1941712796688071 2.7308650836348534 2.9294160977005959 2.3453081604093313
leaf_count=13 31 661 80 452 2899 26 20 17 17 21 31 30
internal_value=0.00257315 0.00209674 0.00235641 -0.00284605 0.00416369 0.019783 0.00531267 0.0296893 0.0370914 -0.0340176 -0.0348336 -0.0329167
internal_weight=1418.88 1380.66 1370.8 353.425 1017.38 38.2196 15.5318 22.6877 15.5834 9.85626 5.66028 4.19598
internal_count=4298 4205 4092 1113 2979 93 46 47 30 113 52 61
is_linear=0
shrinkage=0.03


Tree=88
num_leaves=15
num_cat=0
split_feature=28 26 28 28 13 26 0 25 28 13 29 6 20 9
split_gain=12.7053 28.4324 23.3711 30.4745 19.7033 18.1561 31.0859 24.7876 17.9265 21.3105 16.1903 8.52654 5.82206 5.63804
threshold=-0.00058009564634078675 -0.0024080699903713879 -0.00041156080401135364 -0.00029034711214869993 0.014635469806436789 0.00047400656714967002 -0.00061263957129982787 0.00082441926047970894 -0.0031090121984301382 0.029477813715648327 0.028047799383313053 200751.00000000003 -0.02315816762911364 1.0211035650572791
decision_type=2 2 2 2 2 2 2 2 2 2 2 2 2 2
left_child=1 8 10 13 -5 7 -7 -3 12 -10 -2 -12 -1 -4
right_child=2 5 3 4 -6 6 -8 -9 9 -11 11 -13 -14 -15
leaf_value=0.029152101271492623 0.012922476131644527 0.020319007564439301 0.042169956241468638 -0.013504667932783668 0.0018142225665906408 -0.061893769881525208 0.008842726384270836 -0.029060368958023251 -0.010662414970375756 0.0066523608903356797 -0.053522634572482984 -0.01987948449741421 0.0051969695273652826 0.015365177592859854
leaf_weight=22.417339637875557 8.4887290075421316 181.74934065341949 17.524811722338203 84.060556279495358 747.78254341706634 7.0863104909658423 26.504322487860918 9.6342395544052106 139.50942877307534 118.15609800070524 11.959887497127058 15.6537569463253 15.406491227447985 11.829426996409891
leaf_count=47 25 423 33 484 2149 34 69 37 525 294 56 47 46 29
internal_value=0.00249791 0.00622686 0.000335003 0.00132631 0.000266197 0.0142628 -0.00607991 0.0178333 0.000108597 -0.00272248 -0.023312 -0.0344508 0.0193946 0.0313679
internal_weight=1417.76 520.464 897.3 861.197 831.843 224.974 33.5906 191.384 295.489 257.666 36.1024 27.6136 37.8238 29.3542
internal_count=4298 1475 2823 2695 2633 563 103 460 912 819 128 103 93 62
is_linear=0
shrinkage=0.03


Tree=89
num_leaves=15
num_cat=0
split_feature=29 28 28 10 6 3 21 12 21 27 17 3 25 28
split_gain=12.2829 16.5716 29.2359 24.6834 16.6043 18.7146 17.0194 11.4675 9.88257 15.6444 14.4864 13.7387 12.3414 11.7968
threshold=0.055796232233848483 0.0012652845293654551 0.0021844032956314916 -0.0081033885991837491 498077.50000000006 0.82823523330124071 1238792.0000000002 -0.019051568578793674 1048111.5000000001 -0.032394293241674858 -0.0057781963064027662 0.90628158402498904 -6.0534707342586007e-05 -0.00058009564634078675
decision_type=2 2 2 2 2 2 2 2 2 2 2 2 2 2
left_child=1 4 7 -4 6 -6 -1 -3 12 10 -10 -11 13 -2
right_child=8 2 3 -5 5 -7 -8 -9 9 11 -12 -13 -14 -15
leaf_value=0.00073878915304067606 0.015661910828368972 -0.03997672668216963 -0.050126455237543256 0.01179891375330303 0.0042488950137679095 0.025643356608932057 -0.027843575056716707 -0.012799832934957716 -0.058346652840065204 0.0051009713035482396 0.010028539983399316 -0.024162131366653378 0.013710880758976394 -0.006180452987926922
leaf_weight=458.16270498000085 32.991909310221672 16.016160532832146 6.2869266159832469 73.750961812213063 132.62390028685331 50.928104870021343 19.549589350819588 109.57736225426197 7.3115184158086777 213.84900785982609 4.5082408636808378 15.484899207949637 206.40648940205574 68.375143200159073
leaf_count=1633 73 73 32 237 367 116 78 482 28 500 10 47 444 178
internal_value=0.00242634 0.000202818 -0.0072353 0.00693471 0.00251583 0.010185 -0.000430897 -0.0162655 0.00593784 0.00139039 -0.0322673 0.00312509 0.00950095 0.000928576
internal_weight=1415.82 866.896 205.631 80.0379 661.264 183.552 477.712 125.594 548.927 241.154 11.8198 229.334 307.774 101.367
internal_count=4298 3018 824 269 2194 483 1711 555 1280 585 38 547 695 251
is_linear=0
shrinkage=0.03


Tree=90
num_leaves=15
num_cat=0
split_feature=7 9 29 29 6 28 7 17 12 10 18 7 28 29
split_gain=12.207 12.8371 15.4001 21.7955 20.3014 13.0132 10.5745 8.53742 11.545 9.68907 4.19371 3.37244 3.35634 0.0242977
threshold=1138091.9525000004 1.7749908674607224 0.055500181094657791 0.062045832519046933 247236.00000000003 -0.0031090121984301382 309266136.45150012 -0.0030209374499445682 -0.0065784255622380258 -0.019975468521574811 0.012118216169909624 10559030.763500003 -0.0014762923537869001 0.037435283487214165
decision_type=2 2 2 2 2 2 2 2 2 2 2 2 2 2
left_child=7 5 4 -4 -3 11 -7 8 13 -9 -10 -2 -11 -1
right_child=1 2 3 -5 -6 6 -8 9 10 12 -12 -13 -14 -15
leaf_value=-0.034854572222199988 0.010282468558777024 -0.010558369411325503 0.023786343693942301 -0.001540033105181341 0.0037850171067088947 0.0029854992047520629 0.012377886844057032 0.040206244276248755 0.007070198168773547 -0.012197484435686816 0.046184861464991962 0.033429210918854764 -0.035914636489430433 -0.039394737005402053
leaf_weight=2.3033223357051602 8.3656812906265277 201.76635860092938 48.273581057786942 83.444929301738739 158.63779003918171 727.62093455716968 126.66162102669477 1.9871193915605569 6.6974137276411039 7.7637344785034683 3.9055437296628952 17.548878014087677 17.417949164286256 1.96672086417675
leaf_count=23 20 833 93 208 486 2009 288 5 35 56 6 37 187 12
internal_value=0.00235601 0.00284383 -0.0010366 0.00774184 -0.00424489 0.0050134 0.00437808 -0.0135673 0.00470445 -0.0235698 0.0214779 0.025957 -0.0286024 -0.0369457
internal_weight=1414.36 1372.32 492.123 131.719 360.404 880.197 854.283 42.0418 14.873 27.1688 10.603 25.9146 25.1817 4.27004
internal_count=4298 3974 1620 301 1319 2354 2297 324 76 248 41 57 243 35
is_linear=0
shrinkage=0.03


Tree=91
num_leaves=14
num_cat=0
split_feature=22 28 26 28 28 3 26 26 25 3 29 17 18
split_gain=12.2993 11.9109 27.3912 24.6264 29.0577 21.4368 17.8627 15.0401 4.94465 6.30743 5.60652 4.67986 0.415385
threshold=14103892.698000003 -0.00058009564634078675 -0.0024080699903713879 -0.00041156080401135364 -0.00029034711214869993 0.53894863563402973 0.0008949175250653785 1.0000000180025095e-35 -0.00030332740182318659 0.039389472867616897 0.047706500797615556 1.0000000180025095e-35 0.01300989317835707
decision_type=2 2 2 2 2 2 2 2 2 2 2 2 2
left_child=8 2 5 7 -5 -2 -4 -3 11 10 -10 -1 -11
right_child=1 3 6 4 -6 -7 -8 -9 9 12 -12 -13 -14
leaf_value=0.017120796911209737 0.0079013403408813715 -0.03380658628218617 0.016919387016445828 0.031245811378866103 0.0005484918891126017 -0.0085469534862620145 -0.013543838770695756 0.016221858161154564 -0.034117577707857831 -0.034002884956864689 0.029325595070410226 -0.026819333366809462 -0.048182862033534217
leaf_weight=5.8530313298106211 153.00173376500607 28.070347540080547 201.52018835395575 28.733262076973915 813.08948389813304 133.5635532438755 18.952893756330013 6.6989858448505393 2.1666071377694633 11.929717456921933 2.9749606177210808 3.4776358157396317 2.202542006969451
leaf_count=22 436 105 476 58 2465 426 61 16 27 164 8 24 10
internal_value=0.00228873 0.00269128 0.00635112 0.000574354 0.00159626 0.00023505 0.0143006 -0.0241676 -0.0171828 -0.0258613 0.00259125 0.000743857 -0.0362129
internal_weight=1412.23 1383.63 507.038 876.592 841.823 286.565 220.473 34.7693 28.6045 19.2738 5.14157 9.33067 14.1323
internal_count=4298 4043 1399 2644 2523 862 537 121 255 209 35 46 174
is_linear=0
shrinkage=0.03


Tree=92
num_leaves=11
num_cat=0
split_feature=25 28 18 26 20 5 20 7 9 18
split_gain=12.146 11.7393 12.9599 19.5025 9.7474 8.76446 5.52671 13.5724 3.81275 1.72039
threshold=-0.001013258929688022 -0.0031090121984301382 0.013710846222489923 -0.002897423703660557 0.027970849344561625 0.00059689203890117136 -0.02210254783811734 16138830.928000001 1.9277530606091309 0.0096348934754676239
decision_type=2 2 2 2 2 2 2 2 2 2
left_child=5 6 3 -3 -4 -1 8 -8 -2 -7
right_child=1 2 4 -5 -6 9 7 -9 -10 -11
leaf_value=-0.0032576728669615591 0.034517296653630819 -0.01494461091710993 0.0033663274430563933 0.00036070267917460926 0.019089288759418403 0.020646530657227768 -0.035436532355629401 0.025879075214497227 0.0061351008922741826 0.039995134596972778
leaf_weight=8.4404782652854937 17.35035298764706 86.445320788770914 660.60820162296295 562.4270654860884 37.500932320952415 6.1863687857985523 5.0934545919299117 8.9725809693336469 5.6459683477878562 12.478206366300581
leaf_count=24 36 361 1647 2057 77 17 24 19 14 22
internal_value=0.00222173 0.00183224 0.00137394 -0.00167833 0.00421093 0.0221102 0.0184887 0.00367607 0.027549 0.033582
internal_weight=1411.15 1384.04 1346.98 648.872 698.109 27.1051 37.0624 14.066 22.9963 18.6646
internal_count=4298 4235 4142 2418 1724 63 93 43 50 39
is_linear=0
shrinkage=0.03


Tree=93
num_leaves=14
num_cat=0
split_feature=22 28 26 28 28 3 9 26 9 25 3 13 23
split_gain=11.7239 11.4456 25.4516 23.1884 27.496 19.9237 18.4907 14.1404 5.32456 4.62524 7.26507 0.0681284 0.0344507
threshold=14103892.698000003 -0.00058009564634078675 -0.0024080699903713879 -0.00041156080401135364 -0.00029034711214869993 0.53894863563402973 0.39837099156690803 1.0000000180025095e-35 1.4082590703105751 -0.00030332740182318659 0.053714796462397844 0.023580423707991963 0.6386788145770016
decision_type=2 2 2 2 2 2 2 2 2 2 2 2 2
left_child=8 2 5 7 -5 -2 -4 -3 9 -1 -11 12 -10
right_child=1 3 6 4 -6 -7 -8 -9 11 10 -12 -13 -14
leaf_value=0.011297178846069537 0.0076437841734420947 -0.032905095423887705 -0.03464656345867187 0.030393601440025137 0.00044808728934552926 -0.0082352495322354016 0.015380298973520624 0.015659012684852341 -0.038502458152847974 0.0127142952070544 -0.037191097835009783 -0.040949397781219338 -0.033247944533186996
leaf_weight=7.1245420426130339 152.50377881526947 28.029081039130688 6.863874912261962 28.566219367086887 812.64706382900476 133.25538873672485 212.91429924964905 6.6825208514928809 1.3548271730542163 4.0695461630821228 7.3978879321366549 1.5914996080100534 6.5625808797776699
leaf_count=24 436 105 25 58 2465 426 512 16 12 26 90 10 93
internal_value=0.00215774 0.00254795 0.00614236 0.000473453 0.00146499 0.000239064 0.0138179 -0.0235558 -0.0170256 -0.00768648 -0.0194807 -0.0352856 -0.0341471
internal_weight=1409.56 1381.46 505.537 875.925 841.213 285.759 219.778 34.7116 28.1009 18.592 11.4674 9.50891 7.91741
internal_count=4298 4043 1399 2644 2523 862 537 121 255 140 116 115 105
is_linear=0
shrinkage=0.03


Tree=94
num_leaves=12
num_cat=0
split_feature=29 29 29 24 11 11 12 1 14 9 21
split_gain=11.4759 12.1167 20.6745 16.4119 11.608 6.94078 11.1484 7.1814 2.3562 0.00979339 0.0051768
threshold=0.019982888506241938 0.020007434860058581 0.028908263013382379 0.28002463270331529 0.024407293729744348 0.022862056081981452 -0.003243577903739477 0.023408688441119884 0.02417080636258882 8.3675961221176252 756356.00000000012
decision_type=2 2 2 2 2 2 2 2 2 2 2
left_child=8 5 3 -3 -4 6 -2 -7 -1 10 -10
right_child=1 2 4 -5 -6 7 -8 -9 9 -11 -12
leaf_value=0.011914614054618206 0.013277651393239486 0.023512305223899663 0.0012712849394035015 -0.015481373699124432 0.008048871004571927 0.015335189563073181 0.051550037740056419 -0.037102185391384879 -0.03295640242125504 -0.035882219744204608 -0.034668640970435358
leaf_weight=1.128080192953347 22.646519608795639 10.894991025328634 956.29083353467286 89.641386305913329 298.39941209182143 6.5426678955554944 9.8201920762658137 3.6685216128826141 5.2462213002145273 1.9064825326204298 2.2797834947705269
leaf_count=5 59 58 2784 503 726 18 19 14 76 15 21
internal_value=0.00209458 0.00232994 0.0018343 -0.0112557 0.00288318 0.018069 0.0248539 -0.00350372 -0.0290611 -0.0339616 -0.0334751
internal_weight=1408.47 1397.9 1355.23 100.536 1254.69 42.6779 32.4667 10.2112 10.5606 9.43249 7.526
internal_count=4298 4181 4071 561 3510 110 78 32 117 112 97
is_linear=0
shrinkage=0.03


Tree=95
num_leaves=11
num_cat=0
split_feature=25 22 11 26 5 9 15 18 18 18
split_gain=11.4684 13.1055 8.9547 10.2992 8.43044 5.86919 5.5601 3.11591 1.75297 0.0606659
threshold=-0.001013258929688022 14103892.698000003 0.060720790178624091 0.0016926812945434638 0.00059689203890117136 1.0925095253505084 0.0027028861876505594 0.030796111726229432 0.0096348934754676239 0.011115769434860142
decision_type=2 2 2 2 2 2 2 2 2 2
left_child=4 5 3 -3 -1 6 -2 -4 -6 -7
right_child=1 2 7 -5 8 9 -8 -9 -10 -11
leaf_value=-0.0033314721106654276 0.005068753810600418 0.0035372933503634097 0.0095455126834165047 -0.0021703869269347246 0.019887563787625254 -0.03434218098477812 -0.037786556724649548 0.035637532787247017 0.039534766732168408 -0.040885484751062594
leaf_weight=8.4299044907093066 10.201562795788051 927.7848985157907 7.474957928061488 410.38613699749112 6.1593812778592136 10.325523886829613 3.7175921462476245 9.175465062260626 12.147967904806135 1.4549322798848141
leaf_count=24 64 2660 17 1294 17 135 41 15 22 9
internal_value=0.00203326 0.00165636 0.00205894 0.00178688 0.0214935 -0.0195665 -0.00637724 0.0239239 0.0329246 -0.0351503
internal_weight=1407.26 1380.52 1354.82 1338.17 26.7373 25.6996 13.9192 16.6504 18.3073 11.7805
internal_count=4298 4235 3986 3954 63 249 105 32 39 144
is_linear=0
shrinkage=0.03


Tree=96
num_leaves=14
num_cat=0
split_feature=1 22 21 13 12 9 4 6 5 11 21 29 11
split_gain=11.3014 18.085 18.0429 20.1176 16.1111 20.5601 18.2614 16.4041 13.4273 19.2906 11.3776 3.59137 2.31168
threshold=0.029596736836521004 1888682371.0925002 7643826.0000000009 0.035681661242096888 -0.013777955489331965 5.6014767559982719 67.500000000000014 73791.500000000015 -0.013779657038077261 0.017923732979987065 1069846.0000000002 0.043082768800115773 0.0070868501368371853
decision_type=2 2 2 2 2 2 2 2 2 2 2 2 2
left_child=1 2 3 -1 8 6 -6 -7 9 -2 -10 -4 -3
right_child=4 12 11 -5 5 7 -8 -9 10 -11 -12 -13 -14
leaf_value=-0.0039193224723067799 -0.034021858109511936 -0.028307744337001967 0.045739162727318997 0.011106857976276838 0.01871254689239667 -0.046076386361432325 0.0055729730525733026 -0.0021306058032577861 0.0063271364981631615 0.016774665557591464 -0.0058779118006728635 0.018682729278485438 -0.059756578406512807
leaf_weight=487.69548298232257 23.042930327355862 4.0299254506826383 6.4620060473680523 95.970405429601669 144.14508366771042 9.1642528995871526 280.32579322531819 46.104414612054825 162.46023868769407 9.5035821944475156 119.15959851443768 13.94039127230644 4.400742843747139
leaf_count=1810 88 19 10 229 342 51 782 151 426 20 322 29 19
internal_value=0.00197347 -0.00108824 -0.000479242 -0.00144861 0.00433557 0.00779399 0.010035 -0.00941738 -0.000945504 -0.0191893 0.00116291 0.0272523 -0.0447238
internal_weight=1406.4 612.499 604.068 583.666 793.906 479.74 424.471 55.2687 314.166 32.5465 281.62 20.4024 8.43067
internal_count=4298 2116 2078 2039 2182 1326 1124 202 856 108 748 39 38
is_linear=0
shrinkage=0.03


Tree=97
num_leaves=12
num_cat=0
split_feature=25 22 29 29 5 24 20 8 7 23 22
split_gain=10.9995 12.3661 10.8857 11.0095 8.0773 5.90793 7.38529 1.49928 1.88192 0.266032 0.0122556
threshold=-0.001013258929688022 14103892.698000003 0.019982888506241938 0.020007434860058581 0.00059689203890117136 0.48078094213990569 -0.016010870552635482 0.0011604976962851297 79020272.102500007 0.48844696204780458 184617428.62500003
decision_type=2 2 2 2 2 2 2 2 2 2 2
left_child=4 5 10 -4 -1 6 -2 -6 -9 -7 -3
right_child=1 2 3 -5 7 9 -8 8 -10 -11 -12
leaf_value=-0.0031535558530979731 0.01300961954417581 -0.033979679973382353 0.017340244745365722 0.0016500903478229214 0.045639621066905223 -0.046328860828189086 -0.028778991029714832 0.01446462192108495 0.037670933676918969 -0.034507109527830308 -0.036796305879291426
leaf_weight=8.4361601695418376 7.7725643869489431 5.3825611360371104 41.530116215348244 1304.6464413069189 5.4018704295158413 2.1901765111833793 7.4587851893156785 5.9390736147761327 6.6853670328855515 7.8671016544103622 1.8745314478874204
leaf_count=24 48 58 105 3808 9 14 88 17 13 99 15
internal_value=0.00191595 0.00154823 0.0019366 0.00213414 0.0210746 -0.019237 -0.00745424 0.0324132 0.0267537 -0.0370815 -0.0347072
internal_weight=1405.18 1378.72 1353.43 1346.18 26.4625 25.2886 15.2313 18.0263 12.6244 10.0573 7.25709
internal_count=4298 4235 3986 3913 63 249 136 39 30 113 73
is_linear=0
shrinkage=0.03


Tree=98
num_leaves=13
num_cat=0
split_feature=28 3 13 26 14 26 29 6 22 12 21 22
split_gain=10.9176 12.9272 19.6097 17.9338 16.4744 15.4803 14.2973 13.136 5.44319 11.1055 3.56745 1.16409
threshold=-0.0031090121984301382 0.21716672655407937 0.027079208796680004 -0.0043068538281269804 0.22449456701510118 -0.0039613205269761424 0.033022913717809556 323885.00000000006 55473578.317000009 -0.0040609056291745988 1374133.5000000002 128981714.66500002
decision_type=2 2 2 2 2 2 2 2 2 2 2 2
left_child=8 2 4 7 -2 -5 -4 -3 9 -1 11 -10
right_child=1 3 6 5 -6 -7 -8 -9 10 -11 -12 -13
leaf_value=-0.03291517042846339 0.0042416183102056172 -0.0069372721274722216 -0.029321116152375839 0.024373951397292409 -0.016117669201137885 0.0030774604635498337 0.0058782227797292098 -0.054826810965318586 0.025682623523469266 0.028864808437522954 0.011051314839519127 0.0417850935667387
leaf_weight=4.9323128685355186 49.426737584173679 15.424217879772188 11.090205162763594 31.734679277986288 129.46938347257674 959.66363194771111 163.43949445337057 7.7426564842462531 7.7373225241899553 5.5826798230409604 9.6535248160362226 8.4569195210933668
leaf_count=21 165 54 52 73 530 2901 400 30 18 14 25 15
internal_value=0.00185947 0.00142821 -0.00351287 0.00314945 -0.0104927 0.00375916 0.00364154 -0.0229425 0.0180835 -0.000114592 0.0254866 0.0340916
internal_weight=1404.35 1367.99 353.426 1014.57 178.896 991.398 174.53 23.1669 36.3628 10.515 25.8478 16.1942
internal_count=4298 4205 1147 3058 695 2974 452 84 93 35 58 33
is_linear=0
shrinkage=0.03


Tree=99
num_leaves=14
num_cat=0
split_feature=1 22 13 5 6 20 28 13 9 4 17 22 11
split_gain=10.4719 16.9944 16.3606 20.0672 18.6518 15.6559 18.8698 21.0182 14.6349 11.5549 10.5888 6.64705 2.17594
threshold=0.029596736836521004 1888682371.0925002 0.035681661242096888 -0.00044844207603076785 3212391.0000000005 -0.021603437558885358 -0.0024264220956916791 0.016817483182114321 5.6014767559982719 67.500000000000014 0.0065682492004494305 748661270.02050006 0.0070868501368371853
decision_type=2 2 2 2 2 2 2 2 2 2 2 2 2
left_child=1 2 4 -4 -1 6 11 -8 9 -7 -10 -2 -3
right_child=5 12 3 -5 -6 8 7 -9 10 -11 -12 -13 -14
leaf_value=-0.0036787655207959733 0.030007158502549106 -0.027567238989535166 0.023247710665771269 -0.0036453623427663093 0.033645425824106109 0.015382038320295397 -0.02937847373192801 -0.00044393377204445298 0.001230398372517993 0.0050345040899043283 -0.030851437857237953 -0.0076902882381229519 -0.058205982887129019
leaf_weight=490.39276867359877 22.844605408608917 3.9828663840889913 52.745777815580368 47.42397602647543 12.353405691683291 177.93232423439622 24.407188773155212 304.24619309976697 30.246944865211844 213.86561102420092 13.343986153602598 5.1606349349021903 4.3807027488946915
leaf_count=1815 48 19 108 131 24 431 122 827 109 579 51 15 19
internal_value=0.00180504 -0.00114488 -0.000555738 0.0105156 -0.00276164 0.00408171 -0.000578414 -0.00259273 0.00789915 0.00973377 -0.00859044 0.0230605 -0.0436153
internal_weight=1403.33 611.279 602.916 100.17 502.746 792.047 356.659 328.653 435.389 391.798 43.5909 28.0052 8.36357
internal_count=4298 2116 2078 239 1839 2182 1012 949 1170 1010 160 63 38
is_linear=0
shrinkage=0.03


Tree=100
num_leaves=12
num_cat=0
split_feature=25 22 28 26 5 9 20 22 8 7 29
split_gain=10.5075 11.5807 10.6918 10.7319 7.71278 5.77352 9.42877 4.68146 1.47799 1.86185 0.0746748
threshold=-0.001013258929688022 14103892.698000003 -0.0031090121984301382 -0.0043068538281269804 0.00059689203890117136 1.0925095253505084 -0.015611905315879188 55473578.317000009 0.0011604976962851297 79020272.102500007 0.052849149749540157
decision_type=2 2 2 2 2 2 2 2 2 2 2
left_child=4 5 7 -4 -1 6 -2 -3 -6 -10 -7
right_child=1 2 3 -5 8 10 -8 -9 9 -11 -12
leaf_value=-0.0030400829181332733 0.020145155928680422 -0.0016485950468498785 -0.015274930093101472 0.0017853343903222526 0.045055522567039312 -0.033788734857859104 -0.029814087481095777 0.024852761124042153 0.013950138413769877 0.037205033134196583 -0.040536496016641603
leaf_weight=8.4302072450518626 6.5526402853429317 7.859234705567359 34.066346988081932 1283.5101205259562 5.3132851123809841 9.4702709410339576 7.0663296971470135 25.347040355205536 5.9062881097197515 6.5180613100528717 1.7485685646533955
leaf_count=24 29 24 118 3786 9 134 76 58 17 13 10
internal_value=0.00175293 0.0013947 0.00176795 0.00134424 0.0205849 -0.0189043 -0.00577666 0.0185804 0.0318132 0.0261501 -0.0348404
internal_weight=1401.79 1375.62 1350.78 1317.58 26.1678 24.8378 13.619 33.2063 17.7376 12.4243 11.2188
internal_count=4298 4235 3986 3904 63 249 105 82 39 30 144
is_linear=0
shrinkage=0.03


Tree=101
num_leaves=12
num_cat=0
split_feature=29 29 29 24 24 11 12 6 14 28 7
split_gain=10.2321 10.6399 18.4032 16.6542 11.0798 6.55174 10.3763 6.58151 3.27946 0.0228697 0.0054193
threshold=0.019982888506241938 0.020007434860058581 0.028908263013382379 0.62751540443915199 0.28002463270331529 0.022862056081981452 -0.003243577903739477 154698.00000000003 0.017660462983027137 -0.0021308093504071382 2885964.2120000003
decision_type=2 2 2 2 2 2 2 2 2 2 2
left_child=8 5 3 -3 -4 6 -2 -7 -1 -10 -11
right_child=1 2 4 -5 -6 7 -8 -9 9 10 -12
leaf_value=0.027125201068709776 0.012049602922844739 -0.018735537451968445 -0.012287170009617631 0.0084028073588265483 0.0029836394157798794 -0.029010845045292766 0.048947758396335792 0.019221848007158818 -0.038211678412666879 -0.032528741701929244 -0.034112384091875086
leaf_weight=0.8655422106385221 22.53037808090448 71.039272902533412 44.335346216335893 28.523121405392885 1204.387760931626 4.9691585749387723 9.8615739867091197 5.2217269241809845 1.0278404317796219 3.3117314875125867 4.7116705514490604
leaf_count=4 59 423 181 138 3329 21 19 11 8 56 49
internal_value=0.00170159 0.00191809 0.00145178 -0.0109608 0.00244146 0.0166827 0.0232831 -0.00429681 -0.0286636 -0.0339985 -0.0334587
internal_weight=1400.79 1390.87 1348.29 99.5624 1248.72 42.5828 32.392 10.1909 9.91678 9.05124 8.0234
internal_count=4298 4181 4071 561 3510 110 78 32 117 113 105
is_linear=0
shrinkage=0.03


Tree=102
num_leaves=14
num_cat=0
split_feature=9 21 15 8 29 1 5 25 25 25 5 26 14
split_gain=10.1003 15.4676 16.5518 13.4213 12.7228 12.4197 15.2165 14.7778 13.9382 21.7928 12.3784 9.60058 8.77114
threshold=1.7749908674607224 94934.000000000015 0.0077048863081245122 -0.019347929797628154 0.053059864833891607 0.033966742561262676 -0.015802393447615744 0.00060394083698791785 0.00091992996561157724 0.00066001127197761367 -0.0083643694073895353 0.0060719994026565876 0.87528893990575218
decision_type=2 2 2 2 2 2 2 2 2 2 2 2 2
left_child=5 2 11 10 -5 6 12 -8 9 -7 -3 -2 -1
right_child=1 3 -4 4 -6 8 7 -9 -10 -11 -12 -13 -14
leaf_value=-0.053546441155755201 -0.038006985044255467 -0.02908968858728191 0.016764384092358371 -0.0020736295016779371 0.009392804897240396 0.0086140097193749005 0.0026126902932701083 -0.020373488173237832 0.041811854647281335 -0.032329886263205126 0.0037727687510273715 0.023928943972186898 0.0067571853578926779
leaf_weight=7.1700345538556558 24.446100309491161 26.354526810348034 8.0343702360987646 294.39466860517859 123.67667034268379 306.54400628991425 537.06503431126475 26.409854451194406 10.731483727693556 12.16404117643833 16.951010465621948 2.4810492880642405 3.1133348383009434
leaf_count=40 163 95 25 1081 279 740 1650 101 16 42 45 8 13
internal_value=0.00165176 -0.00178618 -0.0210249 -0.000328338 0.00131845 0.00354102 0.000875336 0.00153534 0.00818364 0.00705132 -0.0162264 -0.0323003 -0.0352893
internal_weight=1399.54 496.338 34.9615 461.377 418.071 903.198 573.758 563.475 329.44 318.708 43.3055 26.9271 10.2834
internal_count=4298 1696 196 1500 1360 2602 1804 1751 798 782 140 171 53
is_linear=0
shrinkage=0.03


Tree=103
num_leaves=11
num_cat=0
split_feature=25 22 28 26 5 20 23 22 11 18
split_gain=9.92229 10.7477 10.3051 10.3315 7.43802 5.50714 4.56527 4.47193 2.13999 1.92544
threshold=-0.001013258929688022 14103892.698000003 -0.0031090121984301382 -0.0024080699903713879 0.00059689203890117136 -0.016614445328134043 0.36476702104817432 55473578.317000009 0.030759868185636596 0.0096348934754676239
decision_type=2 2 2 2 2 2 2 2 2 2
left_child=4 5 7 -4 -1 6 -2 -3 -7 -6
right_child=1 2 3 -5 9 8 -8 -9 -10 -11
leaf_value=-0.0031300788673073237 0.041305289290623964 -0.0015739930591985526 -0.0040441894258146588 0.0025473511312724497 0.017593170503699376 -0.035253125594990102 -0.01132406774890901 0.02441889072205199 0.0083235380754349015 0.038512648425832914
leaf_weight=8.4214472249150294 1.7671008855104471 7.8220989555120459 269.05921122431755 1045.9681819081306 6.084397345781329 12.109194949269293 9.2390459924936277 24.983592763543129 1.1069709435105313 11.339930862188337
leaf_count=24 3 24 844 3060 17 163 79 58 4 22
internal_value=0.00160397 0.00125707 0.00161302 0.0011987 0.0200193 -0.0185493 -0.00287412 0.0182212 -0.0316032 0.0312078
internal_weight=1397.9 1372.06 1347.83 1315.03 25.8458 24.2223 11.0061 32.8057 13.2162 17.4243
internal_count=4298 4235 3986 3904 63 249 82 82 167 39
is_linear=0
shrinkage=0.03


Tree=104
num_leaves=13
num_cat=0
split_feature=29 29 29 24 22 11 12 1 14 22 18 21
split_gain=9.66472 10.1926 16.9965 15.8979 11.5427 6.19125 9.6717 6.56335 2.16039 0.0084755 0.00358668 0.000405467
threshold=0.019982888506241938 0.020007434860058581 0.028908263013382379 0.62751540443915199 511887952.3810001 0.022862056081981452 -0.003243577903739477 0.023408688441119884 0.02417080636258882 25398728.378000002 0.0098035362265926716 203564.00000000003
decision_type=2 2 2 2 2 2 2 2 2 2 2 2
left_child=8 5 3 -3 -4 6 -2 -7 -1 11 -11 -10
right_child=1 2 4 -5 -6 7 -8 -9 9 10 -12 -13
leaf_value=0.011348903185999569 0.011763508983981255 -0.018347512538448376 0.00077094377272103512 0.0081912169175824556 0.0078672832534682543 0.013832272828930027 0.047363774353320481 -0.036481391563798586 -0.031911895684626497 -0.033777337076448387 -0.03555124197513667 -0.032637720794435159
leaf_weight=1.0891012772917736 22.502323396503922 70.218272119760513 984.98194415308535 28.585343714803457 260.94148182123899 6.4988265410065633 9.8853280320763606 3.6406235694885254 1.7290423307567819 4.279937356710434 1.3492128774523733 1.1556559763848779
leaf_count=5 59 423 2884 138 626 18 19 14 37 46 11 18
internal_value=0.00155707 0.00176469 0.00130739 -0.0106695 0.00225717 0.0162247 0.0226294 -0.00423312 -0.0284356 -0.0335249 -0.0342025 -0.0322027
internal_weight=1396.86 1387.25 1344.73 98.8036 1245.92 42.5271 32.3877 10.1395 9.60295 8.51385 5.62915 2.8847
internal_count=4298 4181 4071 561 3510 110 78 32 117 112 57 55
is_linear=0
shrinkage=0.03


Tree=105
num_leaves=15
num_cat=0
split_feature=28 26 28 28 26 0 25 26 13 25 10 29 4 9
split_gain=9.90335 23.3317 19.9533 25.4269 19.074 28.6401 25.2197 17.8998 14.6985 14.6083 14.4918 12.9608 11.7094 5.40775
threshold=-0.00058009564634078675 -0.0018928406198037023 -0.00041156080401135364 -0.00029034711214869993 0.00047400656714967002 -0.00061263957129982787 0.00082441926047970894 -0.00063051538382546143 0.029477813715648327 5.5846167852156789e-05 -0.021965369156422377 0.028047799383313053 142.50000000000003 1.0925095253505084
decision_type=2 2 2 2 2 2 2 2 2 2 2 2 2 2
left_child=1 8 11 13 6 -6 -3 -5 9 -1 -10 -2 -13 -4
right_child=2 4 3 7 5 -7 -8 -9 10 -11 -12 12 -14 -15
leaf_value=0.0026623145168572235 0.01056082213653254 0.021450704938916779 0.038324925944183907 0.010321686497683563 -0.060996060662212033 0.0074006868351088606 -0.028919625119455845 -0.0022705859196941254 -0.0045313367412870686 -0.014048887144379917 0.015146193055140185 -0.056098592997925009 -0.016121615597566329 0.011236388865340539
leaf_weight=97.849002629518509 8.2425613105297071 137.27835063636303 18.032043699175123 118.75869329273701 6.9865275509655467 26.070273093879223 9.5697190798819047 703.05780159682035 55.457992300391197 90.734892021864653 85.793055385351181 11.102778464555742 16.238319624215364 10.49183516204357
leaf_count=319 25 314 35 325 34 69 37 2308 152 348 202 50 53 27
internal_value=0.00151146 0.004843 -0.000405437 0.000515563 0.0135336 -0.00705491 0.0181682 -0.000450907 0.000102839 -0.00537808 0.0074204 -0.0224145 -0.0323556 0.028361
internal_weight=1395.66 509.74 885.924 850.34 179.905 33.0568 146.848 821.816 329.835 188.584 141.251 35.5837 27.3411 28.5239
internal_count=4298 1475 2823 2695 454 103 351 2633 1021 667 354 128 103 62
is_linear=0
shrinkage=0.03


Tree=106
num_leaves=13
num_cat=0
split_feature=28 3 14 13 25 22 20 7 9 29 10 29
split_gain=9.52196 11.2131 19.4828 18.5671 14.007 12.0199 4.95409 11.8905 3.8471 2.34995 1.07009 0.858543
threshold=-0.0031090121984301382 0.21716672655407937 0.98364091080931837 0.027079208796680004 -0.001013258929688022 13113571.087000001 -0.02210254783811734 16138830.928000001 1.9277530606091309 0.058210421201953556 -0.0040757310198492134 0.04110264654322817
decision_type=2 2 2 2 2 2 2 2 2 2 2 2
left_child=6 2 3 -2 9 -6 8 -8 10 -3 -1 -4
right_child=1 4 11 -5 5 -7 7 -9 -10 -11 -12 -13
leaf_value=0.024635464058072452 -0.0094716889680400828 0.018190136113720563 -0.04319607210063757 0.004450386020183111 -0.029766424716959811 0.0024886087535837304 -0.034735318364475042 0.024039841324661044 0.0041629762538605026 0.03801680538252241 0.040196413275201348 -0.065681473416821651
leaf_weight=7.2057939469814327 174.5717686265707 13.431804589927198 2.6700294874608508 170.33600111305714 10.51003462821245 975.45011871308088 4.8802038654685012 8.4818045347928983 5.5020824521780005 8.9754642546176893 8.8771279007196444 3.573952242732048
leaf_count=18 677 34 16 438 140 2866 24 19 14 18 18 16
internal_value=0.00146747 0.00107002 -0.00354692 -0.00259614 0.00267781 0.00214478 0.0169296 0.0025734 0.0258166 0.0261319 0.0332245 -0.0560663
internal_weight=1394.47 1359.52 351.152 344.908 1008.37 985.96 34.947 13.362 21.585 22.4073 16.0829 6.24398
internal_count=4298 4205 1147 1115 3058 3006 93 43 50 52 36 32
is_linear=0
shrinkage=0.03


Tree=107
num_leaves=12
num_cat=0
split_feature=29 29 29 24 24 11 12 6 28 18 21
split_gain=9.22498 9.34464 15.9509 16.3858 9.9251 5.91721 8.96619 6.21704 2.44397 0.006922 0.00328199
threshold=0.019982888506241938 0.020007434860058581 0.028908263013382379 0.28002463270331529 0.26784056968029685 0.022862056081981452 -0.003243577903739477 154698.00000000003 -0.0033811667480159375 0.0099300457365945703 756356.00000000012
decision_type=2 2 2 2 2 2 2 2 2 2 2
left_child=8 5 3 -3 -4 6 -2 -7 -1 10 -10
right_child=1 2 4 -5 -6 7 -8 -9 9 -11 -12
leaf_value=0.018762105643143703 0.01126121918165616 0.024558683295469341 -0.012932426149446926 -0.014748577621476947 0.002583429499388488 -0.028630059270543916 0.045544897272606411 0.018385383150193335 -0.032512705977111679 -0.035340641682158502 -0.033868569812457387
leaf_weight=0.89591933786868949 22.443448081612583 10.714520242065189 38.283338839188218 87.426153657957911 1204.9317905344069 4.9372069388627988 9.8913692086935061 5.1945730894804001 4.6108818501234037 1.3346029371023176 2.466105155646801
leaf_count=2 59 58 160 503 3350 21 19 11 78 11 26
internal_value=0.00142491 0.00162512 0.00118647 -0.0104572 0.00210564 0.0154803 0.0217488 -0.0045252 -0.0283419 -0.0333589 -0.0329852
internal_weight=1393.13 1383.82 1341.36 98.1407 1243.22 42.4666 32.3348 10.1318 9.30751 8.41159 7.07699
internal_count=4298 4181 4071 561 3510 110 78 32 117 115 104
is_linear=0
shrinkage=0.03


Tree=108
num_leaves=15
num_cat=0
split_feature=9 21 15 8 29 28 28 28 28 28 25 13 25 29
split_gain=9.24331 14.2645 15.8021 12.4948 11.6628 11.6329 26.0817 22.9889 15.5241 14.9857 14.0672 11.4964 11.3466 6.21698
threshold=1.7749908674607224 94934.000000000015 0.0077048863081245122 -0.019347929797628154 0.053059864833891607 -0.00058009564634078675 -0.00041156080401135364 -0.00029034711214869993 -0.0012753223532438402 -0.001385110550689778 0.00082441926047970894 0.042192887464586798 0.00026836073736892627 0.047524969605917906
decision_type=2 2 2 2 2 2 2 2 2 2 2 2 2 2
left_child=5 2 13 12 -5 8 11 -8 9 -1 -10 -7 -3 -2
right_child=1 3 -4 4 -6 6 7 -9 10 -11 -12 -13 -14 -15
leaf_value=0.0051728910587794065 -0.039668956480287003 -0.02925988754611359 0.016258189393165041 -0.0021803603816000564 0.0088308282513852483 -0.041938201716935825 0.03334951705069255 0.0006199228197488534 0.019506709213798424 -0.021074050449388745 -0.0079504515937969377 0.011823464768882196 0.0018043688771349424 -0.0046661005896633271
leaf_weight=185.49879676103592 20.393308630213145 24.578975684940815 8.0290298908948881 293.03220401331782 122.87277682125568 17.920269381254915 20.068003315478563 514.29414261132479 114.79452823661268 21.887828428298235 19.671110248193145 4.4734440296888343 18.583629764616489 5.8846227601170531
leaf_count=536 151 89 25 1081 279 76 42 1536 262 77 63 10 51 20
internal_value=0.00138306 -0.00191618 -0.0205761 -0.000521696 0.00107273 0.00319449 0.000519848 0.00184908 0.00755054 0.00240276 0.01549 -0.0311986 -0.0158852 -0.0318305
internal_weight=1391.98 493.375 34.307 459.068 415.905 898.608 556.756 534.362 341.852 207.387 134.466 22.3937 43.1626 26.2779
internal_count=4298 1696 196 1500 1360 2602 1664 1578 938 613 325 86 140 171
is_linear=0
shrinkage=0.03


Tree=109
num_leaves=13
num_cat=0
split_feature=28 26 28 25 26 17 1 5 22 12 21 22
split_gain=9.17441 10.8022 25.976 18.3996 20.0395 17.6765 17.4396 10.385 4.69194 9.90496 3.48785 1.16619
threshold=-0.0031090121984301382 -0.0024080699903713879 -0.0010923597936560966 0.00066001127197761367 -0.0039613205269761424 -0.0065081330531793907 0.020783221828057665 0.0027209370082374577 55473578.317000009 -0.0040609056291745988 1374133.5000000002 128981714.66500002
decision_type=2 2 2 2 2 2 2 2 2 2 2 2
left_child=8 3 5 4 -2 -3 -4 -5 9 -1 11 -10
right_child=1 2 6 7 -6 -7 -8 -9 10 -11 -12 -13
leaf_value=-0.031779026769783079 0.011929111261599196 -0.0089296064051780817 -0.012902803814957023 -0.01241246258663717 -0.0072356067709848362 0.021749057494628004 0.0019097370597647187 -0.054904456319441956 0.023905253387316385 0.027697718821005364 0.0092461583475865194 0.04059525474858143
leaf_weight=4.7999080345034599 66.909299165010452 20.782131485641003 77.753132635727525 11.582035072147848 184.5363996475935 90.55875295586884 894.53863356821239 9.3596656471490842 7.1952864527702349 5.3053835034370405 9.2406176775693876 7.9101121127605438
leaf_count=21 183 61 335 41 619 213 2711 42 18 14 25 15
internal_value=0.00134296 0.000954542 0.00229699 -0.00438608 -0.00213591 0.0160228 0.000725194 -0.0314038 0.0166313 -0.000553115 0.023764 0.0326452
internal_weight=1390.47 1356.02 1083.63 272.387 251.446 111.341 972.292 20.9417 34.4513 10.1053 24.346 15.1054
internal_count=4298 4205 3320 885 802 274 3046 83 93 35 58 33
is_linear=0
shrinkage=0.03


Tree=110
num_leaves=12
num_cat=0
split_feature=29 29 29 24 22 4 11 14 22 18 28
split_gain=8.85482 8.79651 14.7273 15.4923 10.7257 5.56398 6.19342 1.9089 0.0070352 0.00274127 0.000376074
threshold=0.019982888506241938 0.020007434860058581 0.028908263013382379 0.28002463270331529 511887952.3810001 262.50000000000006 0.022862056081981452 0.02417080636258882 25398728.378000002 0.0098035362265926716 -0.00010181109653273167
decision_type=2 2 2 2 2 2 2 2 2 2 2
left_child=7 5 3 -3 -4 6 -2 -1 10 -10 -9
right_child=1 2 4 -5 -6 -7 -8 8 9 -11 -12
leaf_value=0.0097497144159283452 0.026491298893664136 0.023667505573604797 0.00051914544885748551 -0.014388413516786045 0.0073779813871752645 -0.0097803778054379401 -0.0035169191635589115 -0.032468974577283767 -0.033528836863890833 -0.035123530387439365 -0.031740277027073785
leaf_weight=1.049704086035488 27.50605184584856 10.831432128325103 981.07992155104876 86.615353442728519 259.46395087987185 6.8572535738348952 7.9875667616724959 1.0476277135312559 4.0412746295332909 1.2766158580780027 1.6278622839599846
leaf_count=5 58 58 2884 503 626 27 25 18 46 11 37
internal_value=0.00130379 0.00149764 0.00107156 -0.0101584 0.00195369 0.0149587 0.0197382 -0.0282855 -0.0332804 -0.0339117 -0.0320256
internal_weight=1389.38 1380.34 1337.99 97.4468 1240.54 42.3509 35.4936 9.04308 7.99338 5.31789 2.67549
internal_count=4298 4181 4071 561 3510 110 83 117 112 57 55
is_linear=0
shrinkage=0.03


Tree=111
num_leaves=12
num_cat=0
split_feature=28 26 28 28 25 26 24 8 20 7 27
split_gain=8.85094 10.2525 24.3687 18.7624 17.3919 18.862 16.142 8.33421 4.8335 10.9136 3.08525
threshold=-0.0031090121984301382 -0.0024080699903713879 -0.00058009564634078675 -0.00041156080401135364 0.00066001127197761367 -0.0039613205269761424 0.33811396524777976 0.0033600886550455597 -0.02210254783811734 16138830.928000001 -0.0021343346825712533
decision_type=2 2 2 2 2 2 2 2 2 2 2
left_child=8 4 6 -4 5 -2 -3 -6 10 -10 -1
right_child=1 2 3 -5 7 -7 -8 -9 9 -11 -12
leaf_value=0.013265078403039718 0.011513654773866034 -0.021358522466126524 -0.021484291222677983 0.00084628089304014762 -0.016434983349881083 -0.0070875058144943262 0.013211775475868553 -0.055970057609463025 -0.033959651251840368 0.02295221227586277 0.03626355957223186
leaf_weight=10.064814820885656 66.85892023704946 12.922647278755901 35.305669363588095 828.95937476679683 13.336209096014501 184.32336492463946 204.9336520023644 7.4964040964841834 4.7974275648593894 8.2431168854236585 10.973213464021685
leaf_count=27 183 53 128 2629 50 619 510 33 24 19 23
internal_value=0.00126559 0.000885573 0.00219434 -6.59344e-05 -0.00432093 -0.00213631 0.0111612 -0.0306613 0.0163656 0.00201516 0.0252608
internal_weight=1388.21 1354.14 1082.12 864.265 272.015 251.182 217.856 20.8326 34.0786 13.0405 21.038
internal_count=4298 4205 3320 2757 885 802 563 83 93 43 50
is_linear=0
shrinkage=0.03


Tree=112
num_leaves=14
num_cat=0
split_feature=1 22 21 21 12 22 5 21 21 25 5 29 11
split_gain=8.75331 16.0244 15.3861 18.103 15.0112 12.1072 14.1736 12.0255 20.0498 17.9746 9.93985 3.29215 2.09435
threshold=0.029596736836521004 1888682371.0925002 7643826.0000000009 5825397.5000000009 -0.013777955489331965 773762966.90850008 0.015063736778219098 1069846.0000000002 528183.00000000012 -0.00066367208651680395 0.0064473850721101624 0.043082768800115773 0.0088582926761071618
decision_type=2 2 2 2 2 2 2 2 2 2 2 2 2
left_child=1 2 3 -1 7 6 -6 8 -2 -9 -7 -4 -3
right_child=4 12 11 -5 5 10 -8 9 -10 -11 -12 -13 -14
leaf_value=-0.0013386585750655307 -0.0062184913613338175 -0.027858299952745795 0.043000924359911985 -0.062880764012275867 0.0056700798252804401 0.0098081741009379674 -0.022503463846629865 0.036823660903518955 0.013807846127993543 -0.011501521631640954 0.031696997757172107 0.016746439616565998 -0.05809658279408645
leaf_weight=572.85639809630811 95.596179729327559 4.1128746494650823 6.2722681164741543 4.3343356549739829 369.73701990954578 57.168305560946465 16.801160555332899 7.3427901417016974 84.999336622655392 122.38080906122923 27.727275922894478 13.65971766412258 4.1330709606409073
leaf_count=2020 298 20 10 19 1071 141 63 13 196 349 51 29 18
internal_value=0.00122868 -0.00147949 -0.000905912 -0.0018008 0.00332581 0.00669859 0.0044455 -0.0017981 0.00320713 -0.00876615 0.0169572 0.0250083 -0.0430145
internal_weight=1387.12 605.369 597.123 577.191 781.753 471.434 386.538 310.319 180.596 129.724 84.8956 19.932 8.24595
internal_count=4298 2116 2078 2039 2182 1326 1134 856 494 362 192 39 38
is_linear=0
shrinkage=0.03


Tree=113
num_leaves=14
num_cat=0
split_feature=9 21 9 17 17 9 13 1 5 9 25 25 28
split_gain=8.67867 13.3296 14.65 14.1468 11.9184 20.0607 15.7947 10.7336 14.1419 14.3579 13.3163 18.4953 7.87757
threshold=1.7749908674607224 94934.000000000015 1.903193070004026 0.012046575999624073 0.0065682492004494305 1.8607973327954015 0.050552324565722194 0.033966742561262676 -0.015802393447615744 0.60483321910141841 0.00091992996561157724 0.00066001127197761367 0.0016973771370070196
decision_type=2 2 2 2 2 2 2 2 2 2 2 2 2
left_child=7 2 -2 -4 5 -3 -6 8 12 -10 11 -9 -1
right_child=1 4 3 -5 6 -7 -8 10 9 -11 -12 -13 -14
leaf_value=-0.051992457474495962 0.029205747007996653 -0.033644807424167492 -0.035304746940627602 0.032314894902736403 -0.015630090380194538 0.0033375324599169364 0.014176653259458672 0.0076481084062253466 -0.0079535067251388231 0.0036526119446572817 0.040539691595765627 -0.030104314638004656 0.0059884289829769061
leaf_weight=7.0854470729827863 4.6604580804705611 13.729862637817858 26.047379527240995 3.1178492903709403 81.202151279896498 342.569719735533 19.926479011774063 302.60818382538855 122.92859437130392 436.80412467941642 10.496701538562773 12.148089006543158 3.0026722848415375
leaf_count=41 15 57 174 7 269 1129 45 740 426 1325 16 42 12
internal_value=0.00119273 -0.00201126 -0.0201838 -0.028076 -0.000667443 0.00191243 -0.00975694 0.00295122 0.00046919 0.00110367 0.00729956 0.00619105 -0.0347348
internal_weight=1386.33 491.254 33.8257 29.1652 457.428 356.3 101.129 895.074 569.821 559.733 325.253 314.756 10.0881
internal_count=4298 1696 196 181 1500 1186 314 2602 1804 1751 798 782 53
is_linear=0
shrinkage=0.03


Tree=114
num_leaves=13
num_cat=0
split_feature=29 29 29 25 22 11 12 13 28 22 18 21
split_gain=8.46737 8.34199 13.8242 12.5549 9.69592 5.27601 8.03319 5.62829 2.16729 0.00674161 0.00240696 0.000287214
threshold=0.019982888506241938 0.020007434860058581 0.028908263013382379 -0.00034703461401847021 511887952.3810001 0.022862056081981452 -0.003243577903739477 0.037013833926530966 -0.0033811667480159375 25398728.378000002 0.0098035362265926716 203564.00000000003
decision_type=2 2 2 2 2 2 2 2 2 2 2 2
left_child=8 5 3 -3 -4 6 -2 -7 -1 11 -11 -10
right_child=1 2 4 -5 -6 7 -8 -9 9 10 -12 -13
leaf_value=0.016760099971478277 0.010425718130667828 0.010284338717805461 0.00042110037839255854 -0.015731940429426473 0.0069577593817960748 -0.023723391325433867 0.04292068919347506 0.0218386517379618 -0.031697521038914989 -0.033413209496971207 -0.034927519466008909 -0.032328778638332355
leaf_weight=0.86940886080265034 22.338364534080025 21.432940181344748 979.13028046302497 75.507166210561991 258.05650318413973 5.7980329170823079 9.8732322975993174 4.213321328163147 1.6979114096611723 3.9238061495125294 1.2442264854907987 1.0497398711740968
leaf_count=2 59 94 2884 467 626 22 19 10 40 46 11 18
internal_value=0.00115782 0.00134521 0.000929714 -0.00997988 0.00178454 0.0144737 0.0203858 -0.00454841 -0.0282011 -0.0331394 -0.0337778 -0.0319387
internal_weight=1385.13 1376.35 1334.13 96.9401 1237.19 42.223 32.2116 10.0114 8.78509 7.91568 5.16803 2.74765
internal_count=4298 4181 4071 561 3510 110 78 32 117 115 57 58
is_linear=0
shrinkage=0.03


Tree=115
num_leaves=13
num_cat=0
split_feature=28 26 28 17 25 26 17 5 20 7 9 12
split_gain=8.40066 9.56629 23.2762 16.8078 16.0186 17.8052 13.9864 9.67229 4.51698 10.2173 3.6461 1.0142
threshold=-0.0031090121984301382 -0.0024080699903713879 -0.0010923597936560966 -0.0065081330531793907 0.00066001127197761367 -0.0039613205269761424 -0.0084268999078604984 0.0025706940874036179 -0.02210254783811734 16138830.928000001 1.9277530606091309 -0.0051136750860384253
decision_type=2 2 2 2 2 2 2 2 2 2 2 2
left_child=8 4 3 -3 5 -2 -4 -6 10 -10 11 -1
right_child=1 2 6 -5 7 -7 -8 -9 9 -11 -12 -13
leaf_value=0.023638311285307044 0.011089465253356141 -0.0093063454741238762 0.0089465549687673795 0.020703434090760021 -0.011190970717066772 -0.0070001730084764593 -0.0010097156895899095 -0.05240893547298895 -0.03309445752638282 0.022413156793788493 0.0035215920313064471 0.039172911045556841
leaf_weight=6.9126502126455298 66.741536896675825 20.670389667153358 150.30762651562691 89.631838422268629 11.456198684871199 183.90932472422719 818.42315756715834 9.269931420683859 4.7244913652539244 8.1038081645965558 5.4333162903785697 8.3527725189924258
leaf_count=18 183 61 369 213 40 619 2677 43 24 19 14 18
internal_value=0.00112389 0.000755607 0.00202189 0.0150797 -0.0042793 -0.00218339 0.000535093 -0.029626 0.0159578 0.00197044 0.0246266 0.0321384
internal_weight=1383.94 1350.41 1079.03 110.302 271.377 250.651 968.731 20.7261 33.527 12.8283 20.6987 15.2654
internal_count=4298 4205 3320 274 885 802 3046 83 93 43 50 36
is_linear=0
shrinkage=0.03


Tree=116
num_leaves=13
num_cat=0
split_feature=3 14 13 21 25 25 28 26 1 8 29 29
split_gain=8.55175 18.863 14.97 18.8299 12.8426 12.5512 9.74171 29.6006 12.7537 2.5034 4.62006 0.790878
threshold=0.21716672655407937 0.98364091080931837 0.027079208796680004 2924047.0000000005 0.00011771404345774827 -0.001013258929688022 0.0021844032956314916 0.003018696061306858 0.024707423449447364 0.0011604976962851297 0.056804537989756702 0.04110264654322817
decision_type=2 2 2 2 2 2 2 2 2 2 2 2
left_child=1 2 3 -1 -4 9 7 -7 -8 -2 -11 -3
right_child=5 11 4 -5 -6 6 8 -9 -10 10 -12 -13
leaf_value=-0.0051294295455165291 0.03713200215575204 -0.04238318070592352 0.011847663711789604 -0.040687504731172178 -0.0046021811568709532 0.0027849638655222482 -0.011921666073703447 -0.015695850906673161 0.015866072394750585 -0.001805201016576988 0.034466360976260234 -0.064193926533487142
leaf_weight=167.6374380402267 9.0378057211637515 2.5831257477402678 93.876470893621445 14.56814233958721 78.375669680535793 813.6813201662153 18.134252768009901 86.271263414993882 82.464031951501966 6.2776688747107965 6.3649827241897583 3.5561955273151398
leaf_count=640 17 16 229 63 218 2486 77 295 206 21 14 16
internal_value=0.00109119 -0.00288099 -0.00197797 -0.00797245 0.00436289 0.00249239 0.00200306 0.00101336 0.0108569 0.025075 0.0164558 -0.055017
internal_weight=1382.83 360.597 354.458 182.206 172.252 1022.23 1000.55 899.953 100.598 21.6805 12.6427 6.13932
internal_count=4298 1182 1150 703 447 3116 3064 2781 283 52 35 32
is_linear=0
shrinkage=0.03


Tree=117
num_leaves=15
num_cat=0
split_feature=9 25 18 22 25 25 16 25 15 17 3 28 4 16
split_gain=8.42518 21.5392 13.1489 13.624 11.1603 22.8431 28.0941 25.8533 14.1926 13.8282 8.5713 7.17035 6.62327 5.65898
threshold=4.7036814134785638 -9.7102269467849909e-05 0.0080782976404772076 678595079.35950017 -9.5779806604573002e-05 -3.0305715736434386e-05 0.75000000000000011 1.6207927081612504e-05 0.018334504478162858 0.012441499983537907 0.25193197230210013 -0.0020690430004668384 322.50000000000006 1.0000000180025095e-35
decision_type=2 2 2 2 2 2 2 2 2 2 2 2 2 2
left_child=4 10 11 -4 8 6 -6 -7 9 -1 12 -3 -2 -12
right_child=1 2 3 -5 5 7 -8 -9 -10 -11 13 -13 -14 -15
leaf_value=0.0061537211840955635 0.017895151024218892 0.01623335668119464 0.0074684064426289269 -0.024768708526470784 -0.0040620361862574025 0.018821270690617019 -0.040567433230976432 -9.1673415780374785e-05 0.029311386344824022 -0.018655980999402536 -0.010326975442950829 -0.035433098778175819 -0.030154028460139832 -0.04381525210631295
leaf_weight=345.35987159796059 5.8432654067873937 2.9900041297078124 103.04745338112116 13.324286505579947 72.309803104028106 72.217549866065383 25.722657345235348 655.32449108734727 22.376468598842621 21.476540826261044 5.9906364828348186 12.62567277625203 4.6259563714265823 18.773502133786678
leaf_count=983 15 11 306 45 231 177 111 2084 40 64 26 91 25 89
internal_value=0.00105917 -0.00525419 0.000308711 0.00377733 0.00192823 -4.61218e-05 -0.0136407 0.00178567 0.00611611 0.00470123 -0.0260933 -0.0255403 -0.00333598 -0.0357142
internal_weight=1382.01 167.221 131.987 116.372 1214.79 825.575 98.0325 727.542 389.213 366.836 35.2334 15.6157 10.4692 24.7641
internal_count=4298 608 453 351 3690 2603 342 2261 1087 1047 155 102 40 115
is_linear=0
shrinkage=0.03


Tree=118
num_leaves=13
num_cat=0
split_feature=7 9 6 6 11 28 7 12 17 12 22 14
split_gain=8.23539 8.87441 11.5076 12.2094 10.1361 9.30325 8.26368 6.97276 9.5252 10.2693 3.6499 3.51292
threshold=1138091.9525000004 1.7749908674607224 3212391.0000000005 2852362.0000000005 0.016877332072119087 -0.0031090121984301382 309266136.45150012 -0.033489716574125646 -0.0030209374499445682 -0.0065784255622380258 58757667.32 0.9999910071942445
decision_type=2 2 2 2 2 2 2 2 2 2 2 2
left_child=7 5 3 -3 -4 10 -7 -1 9 -9 -2 -10
right_child=1 2 4 -5 -6 6 -8 8 11 -11 -12 -13
leaf_value=0.045692301170355533 0.0047337779318758237 -0.0028414359490413618 -0.0034897375347654959 -0.047280726797814296 0.023767903659953786 0.0015007371356020867 0.0099307353492459668 -0.036727595689386695 -0.030922506943751881 0.01999670825426977 0.03056825050201253 0.012456905678843654
leaf_weight=1.7610304802656163 7.2563954889774349 425.33309760876 21.887193374335766 5.6379553526639929 27.967568621039391 716.59088639914989 122.55368696898222 4.0085522662848225 20.908763181418184 10.134432412683962 15.297945737838743 1.82693875953555
leaf_count=4 19 1471 71 22 56 2009 288 35 233 41 38 11
internal_value=0.00102795 0.00142096 -0.00184427 -0.00342279 0.0118013 0.00324295 0.0027319 -0.0126268 -0.0154117 0.00391931 0.0222565 -0.0274367
internal_weight=1381.16 1342.52 480.826 430.971 49.8548 861.699 839.145 38.6397 36.8787 14.143 22.5543 22.7357
internal_count=4298 3974 1620 1493 127 2354 2297 324 320 76 57 244
is_linear=0
shrinkage=0.03


Tree=119
num_leaves=12
num_cat=0
split_feature=29 3 14 27 25 29 18 14 29 28 22
split_gain=8.04534 8.20619 18.0062 14.4425 11.7145 10.3208 5.95245 2.68636 0.677509 0.0268253 0.00460589
threshold=0.019982888506241938 0.21716672655407937 0.98364091080931837 0.011708226933727696 -0.001013258929688022 0.020007434860058581 0.009355558405263387 0.017660462983027137 0.04110264654322817 -0.0021308093504071382 25398728.378000002
decision_type=2 2 2 2 2 2 2 2 2 2 2
left_child=7 2 3 -2 6 -6 -3 -1 -4 -9 -11
right_child=1 4 8 -5 5 -7 -8 9 -10 10 -12
leaf_value=0.025256468098520366 -0.0052771197867096742 9.3442225975392726e-05 -0.042084526283390621 0.0089639972955337498 0.017246112965851147 0.0014646029473124544 0.034784149963265475 -0.038317204493826557 -0.062501079047978164 -0.031774980830249634 -0.033430143316497116
leaf_weight=0.76977375522255709 266.38885353319347 6.3202015161514309 2.486665114760398 84.395849896594882 38.812521323561668 954.28741227090359 15.05623149871826 0.92514663748443116 3.5528678521513939 2.2862032148987055 4.4747278243303299
leaf_count=4 887 21 15 228 96 2887 31 8 16 52 53
internal_value=0.000998099 0.00117799 -0.0027351 -0.00185083 0.00255435 0.00208138 0.0245274 -0.0281748 -0.0540949 -0.0335261 -0.0328705
internal_weight=1379.76 1371.3 356.824 350.785 1014.48 993.1 21.3764 8.45585 6.03953 7.68608 6.76093
internal_count=4298 4181 1146 1115 3035 2983 52 117 31 113 105
is_linear=0
shrinkage=0.03


Tree=120
num_leaves=15
num_cat=0
split_feature=9 25 6 22 25 25 16 25 15 29 3 9 4 16
split_gain=7.8515 20.3911 12.9152 14.5379 10.2832 21.5218 26.5876 24.4166 13.5619 11.6868 8.18266 7.23855 6.23921 5.3965
threshold=4.7036814134785638 -9.7102269467849909e-05 73791.500000000015 678595079.35950017 -9.5779806604573002e-05 -3.0305715736434386e-05 0.75000000000000011 -2.2102345680785784e-05 0.018334504478162858 0.084203140990917594 0.25193197230210013 5.4609530156335397 322.50000000000006 1.0000000180025095e-35
decision_type=2 2 2 2 2 2 2 2 2 2 2 2 2 2
left_child=4 10 11 -4 8 6 -6 -7 9 -1 12 -3 -2 -12
right_child=1 2 3 -5 5 7 -8 -9 -10 -11 13 -13 -14 -15
leaf_value=0.005393294725875469 0.01733542166321889 0.0076179034461945072 0.0092715588655903347 -0.022288877462028619 -0.0039820267561109001 0.029171197720902223 -0.039544864173835834 0.00059104665308119158 0.02864528643538207 -0.026214740352515854 -0.010128231373341838 -0.02928067863496378 -0.029471404819536386 -0.042923495093076795
leaf_weight=355.01734263449907 5.8384296819567663 6.5312486011534956 91.848151832818985 15.327998563647268 72.27672560326755 27.98046288266778 25.62957900762558 698.58352932706475 22.121414989233017 10.84965407848358 5.9651357159018543 17.895526705309749 4.5686188563704491 18.58559412509203
leaf_count=1012 15 28 267 53 231 61 111 2200 40 35 26 105 25 89
internal_value=0.000968692 -0.00513875 0.000271217 0.00475788 0.0018077 -8.75799e-05 -0.0132915 0.00169169 0.00583514 0.00445597 -0.0255053 -0.0194147 -0.00321244 -0.0349552
internal_weight=1379.02 166.561 131.603 107.176 1212.46 824.47 97.9063 726.564 387.988 365.867 34.9578 24.4268 10.407 24.5507
internal_count=4298 608 453 320 3690 2603 342 2261 1087 1047 155 133 40 115
is_linear=0
shrinkage=0.03


Tree=121
num_leaves=14
num_cat=0
split_feature=7 25 25 29 25 22 17 20 16 25 28 24 20
split_gain=7.77725 8.32976 30.1729 15.0611 14.7606 12.788 6.46026 8.659 8.2056 6.48259 3.50106 2.72927 0.013099
threshold=1138091.9525000004 0.00091992996561157724 0.00060394083698791785 0.039760934358698534 0.00056576806837775378 190128028.521 -0.0030209374499445682 -0.033049249987636177 1.0000000180025095e-35 1.6511671285612653e-05 -0.0024264220956916791 0.53565753270477356 -0.029318397761839057
decision_type=2 2 2 2 2 2 2 2 2 2 2 2 2
left_child=6 2 4 -4 -2 -3 8 -8 12 -10 -9 -7 -1
right_child=1 5 3 -5 -6 11 7 10 9 -11 -12 -13 -14
leaf_value=-0.037609768584576327 0.0010416701749316102 -0.012838172033560972 0.0020958939586836782 -0.037992656649859138 0.016134133163958866 0.017100204083480605 0.040431523601667511 0.009563598524416508 0.036099771706376266 -0.01215984380448404 -0.030981031743195876 0.040186561738126118 -0.033957887867755866
leaf_weight=1.6342251896858218 1212.2402834650129 8.625786982476713 12.422601282596586 26.272775784134865 61.26891104131937 7.6011492460966137 1.8516030013561273 2.1196250505745438 6.3554297424852848 4.1349371746182442 20.030679063871503 11.706602916121481 1.925585910677907
leaf_count=11 3600 28 54 98 160 16 5 15 17 24 228 18 24
internal_value=0.000940139 0.00131989 0.000974802 -0.0251228 0.00176777 0.0175305 -0.012434 -0.0218915 0.00372221 0.0170775 -0.0271012 0.0310978 -0.0356344
internal_weight=1378.19 1340.14 1312.2 38.6954 1273.51 27.9335 38.0521 24.0019 14.0502 10.4904 22.1503 19.3078 3.55981
internal_count=4298 3974 3912 152 3760 62 324 248 76 41 243 34 35
is_linear=0
shrinkage=0.03


Tree=122
num_leaves=12
num_cat=0
split_feature=29 28 3 14 26 22 12 21 14 28 22
split_gain=7.71289 7.65518 9.01424 16.6103 14.3591 4.96131 8.50765 2.90827 2.51263 0.0249665 0.00411362
threshold=0.019982888506241938 -0.0031090121984301382 0.21716672655407937 0.98364091080931837 -0.0041229775521886393 55473578.317000009 -0.0040609056291745988 1374133.5000000002 0.017660462983027137 -0.0021308093504071382 25398728.378000002
decision_type=2 2 2 2 2 2 2 2 2 2 2
left_child=8 5 3 -3 -4 6 -2 -7 -1 -10 -11
right_child=1 2 4 -5 -6 7 -8 -9 9 10 -12
leaf_value=0.024131173108207487 -0.031158327476116656 -0.0025600788585083871 -0.019804140142795502 -0.053035533596457324 0.0027865561426516018 0.03144812758834617 0.0279816214134938 0.0093580772525560293 -0.038087021186422744 -0.031710299864553211 -0.033303369447630786
leaf_weight=0.75201817974448015 4.6739416867494583 339.45988580770791 26.004253253340721 5.9707960709929457 966.14055907912552 14.145966514945032 4.1180977448821086 8.640142694115637 0.90357507951557625 2.2006717026233673 4.3273830413818359
leaf_count=4 21 1082 91 31 2888 33 11 24 8 52 53
internal_value=0.00091238 0.00108594 0.00074127 -0.00343255 0.00219445 0.0156855 -0.0034578 0.0230719 -0.0281253 -0.0334132 -0.0327663
internal_weight=1377.34 1369.15 1337.58 345.431 992.145 31.5781 8.79204 22.7861 8.18365 7.43163 6.52805
internal_count=4298 4181 4092 1113 2979 89 32 57 117 113 105
is_linear=0
shrinkage=0.03


Tree=123
num_leaves=10
num_cat=0
split_feature=11 9 8 1 16 28 28 28 18
split_gain=7.54085 8.75892 12.5925 13.342 11.0799 9.93418 22.2533 14.1117 3.19477
threshold=0.060720790178624091 1.7749908674607224 -0.019347929797628154 0.022637865418314938 0.75000000000000011 -0.00058009564634078675 -0.00041156080401135364 -0.0012753223532438402 0.030796111726229432
decision_type=2 2 2 2 2 2 2 2 2
left_child=1 5 4 -4 -3 7 -7 -1 -2
right_child=8 2 3 -5 -6 6 -8 -9 -10
leaf_value=0.0015313853356336868 0.0065187193953841968 -0.011251401183203549 -0.015515877910442529 0.00081658806766162287 -0.051908809507148525 -0.029721080867528941 0.0011590650799573614 0.014131203941102347 0.033555385916266577
leaf_weight=203.62390097603202 7.1344678103923789 35.541970629245043 50.996271960437298 383.81883739866316 7.265722155570983 21.87675678730011 525.76376359537244 131.77161703072488 8.7670446932315809
leaf_count=612 17 116 237 1292 31 85 1569 324 15
internal_value=0.000885482 0.000645445 -0.00262735 -0.00109893 -0.0181522 0.00241566 -7.45132e-05 0.00648166 0.021425
internal_weight=1376.56 1360.66 477.623 434.815 42.8077 883.036 547.641 335.396 15.9015
internal_count=4298 4266 1676 1529 147 2590 1654 936 32
is_linear=0
shrinkage=0.03


Tree=124
num_leaves=11
num_cat=0
split_feature=29 29 29 24 22 4 28 14 28 22
split_gain=7.40884 7.51905 12.1591 15.7424 8.77849 4.94792 5.35855 2.4294 0.0230044 0.00370413
threshold=0.019982888506241938 0.020007434860058581 0.028908263013382379 0.62751540443915199 511887952.3810001 262.50000000000006 -0.0014762923537869001 0.017660462983027137 -0.0021308093504071382 25398728.378000002
decision_type=2 2 2 2 2 2 2 2 2 2
left_child=7 5 3 -3 -4 6 -2 -1 -9 -10
right_child=1 2 4 -5 -6 -7 -8 8 9 -11
leaf_value=0.023498812229099851 0.0033454914594917649 -0.017474219512059616 0.00013449849223849954 0.0092984751460211089 0.0063777784759931812 -0.009786900744875723 0.027422409232386698 -0.037846437118541645 -0.031657272661773886 -0.033191074003575426
leaf_weight=0.74774693325161834 13.579979270696638 67.795477816835046 974.31543691456318 27.901475939899683 255.93587125837803 6.8468236029148093 21.475723132491112 0.88150463253259648 2.1371555123478174 4.2057118639349937
leaf_count=4 38 423 2884 138 626 27 45 8 52 53
internal_value=0.000859423 0.00102749 0.000632087 -0.00966835 0.00143332 0.0135395 0.0180954 -0.0279774 -0.0333054 -0.0326743
internal_weight=1375.82 1367.85 1325.95 95.697 1230.25 41.9025 35.0557 7.97212 7.22437 6.34287
internal_count=4298 4181 4071 561 3510 110 83 117 113 105
is_linear=0
shrinkage=0.03


Tree=125
num_leaves=13
num_cat=0
split_feature=28 26 28 17 11 24 1 25 20 7 9 17
split_gain=7.4183 8.82989 20.6823 15.9795 15.9579 15.8978 15.3992 12.2812 4.34517 9.27028 3.29901 0.707244
threshold=-0.0031090121984301382 -0.0024080699903713879 -0.0010923597936560966 -0.0065081330531793907 0.0076475488032448713 0.77981944973825357 0.020783221828057665 0.00066001127197761367 -0.02210254783811734 16138830.928000001 1.9277530606091309 -0.0060225376267000362
decision_type=2 2 2 2 2 2 2 2 2 2 2 2
left_child=8 4 3 -3 5 -2 -4 -6 10 -10 11 -1
right_child=1 2 6 -5 7 -7 -8 -9 9 -11 -12 -13
leaf_value=0.024147697703887534 -0.0094102303439057115 -0.0097463848138363163 -0.012582317436398245 0.019632917787794617 0.0037176567286056781 -0.047023835618387563 0.0014280986020264576 -0.028933575978203414 -0.032655013253841819 0.021099530285826031 0.0037097901557853106 0.037428805472567862
leaf_weight=6.8018106818199149 94.682991810142994 20.5279186591506 76.71453732997179 88.471182549372315 153.00241343863308 11.32258567214012 886.59932779707015 11.121367096900938 4.6004174128174764 7.7542135417461395 5.3939934223890296 7.6867897510528591
leaf_count=21 337 61 335 213 458 48 2711 42 24 19 14 15
internal_value=0.000834186 0.000492675 0.00171385 0.0140999 -0.00435492 -0.0134278 0.000312364 0.00150514 0.0150556 0.00108328 0.0237376 0.0311939
internal_weight=1374.68 1342.44 1072.31 108.999 270.129 106.006 963.314 164.124 32.2372 12.3546 19.8826 14.4886
internal_count=4298 4205 3320 274 885 385 3046 500 93 43 50 36
is_linear=0
shrinkage=0.03


Tree=126
num_leaves=12
num_cat=0
split_feature=29 25 9 29 8 18 21 25 10 15 28
split_gain=7.25863 11.3203 7.61323 12.2542 11.8837 14.3889 12.0067 9.28568 6.4494 4.76756 2.71754
threshold=0.096938677093608802 -7.7968472038088423e-05 1.7749908674607224 0.094622273438668955 -0.019347929797628154 0.019459336897051243 94934.000000000015 -9.5779806604573002e-05 -0.011800863253895956 0.0050814841856739292 -4.4170055546181403e-05
decision_type=2 2 2 2 2 2 2 2 2 2 2
left_child=2 10 3 7 5 -4 -6 -1 -3 -10 -2
right_child=1 8 4 -5 6 -7 -8 -9 9 -11 -12
leaf_value=0.006970793987344126 0.0002517562562137837 -0.0055523397575220016 -0.038059798016528 -0.034141760164440281 -0.019512725356705004 -0.0028266116751663045 0.00023401864273071387 0.00028004957337604346 0.038761889185849004 0.013132836337478151 -0.030576051452802282
leaf_weight=275.74228941649199 5.3452566936612129 6.4395450055599204 18.093965090811253 8.3212057650089246 29.800583219155669 24.635307356715202 395.51155440881848 578.01297168433666 15.399761244654657 11.344735398888586 4.9631179273128492
leaf_count=729 14 17 81 27 180 66 1327 1792 24 25 16
internal_value=0.000809869 0.0128701 0.000415522 0.00208788 -0.00266477 -0.0177463 -0.00114959 0.002441 0.0214006 0.0278903 -0.0145907
internal_weight=1373.61 43.4924 1330.12 862.076 468.041 42.7293 425.312 853.755 33.184 26.7445 10.3084
internal_count=4298 96 4202 2548 1654 147 1507 2521 66 49 30
is_linear=0
shrinkage=0.03


Tree=127
num_leaves=11
num_cat=0
split_feature=29 28 3 14 25 6 29 14 28 9
split_gain=7.16893 7.0037 8.13883 15.6988 11.2201 3.99185 2.82125 2.27467 0.0221927 0.00265361
threshold=0.019982888506241938 -0.0031090121984301382 0.21716672655407937 0.98364091080931837 -0.001013258929688022 19474.500000000004 0.030593748620465107 0.017660462983027137 -0.0021308093504071382 8.3675961221176252
decision_type=2 2 2 2 2 2 2 2 2 2
left_child=7 5 3 -3 -4 -2 -7 -1 -9 -10
right_child=1 2 4 -5 -6 6 -8 8 9 -11
leaf_value=0.022501786815637449 -0.0059608903420039832 -0.0025041180272038694 0.023753068981474168 -0.051944827866396003 0.0015363154739747341 0.0044314717357690986 0.02705855799563182 -0.037740008513408849 -0.032284506331996247 -0.033853817699212321
leaf_weight=0.72764803096651931 6.4172760471701649 338.71719214133918 20.900059264153242 5.8805189523845902 968.75727260671556 6.9268784672021892 17.46028208732605 0.85849092714488495 4.956897035241127 1.2056192159652708
leaf_count=4 25 1082 52 31 2927 18 46 8 92 13
internal_value=0.000786074 0.00094941 0.0006229 -0.00334782 0.0020055 0.0150918 0.0206316 -0.0279883 -0.0332211 -0.0325915
internal_weight=1372.81 1365.06 1334.26 344.598 989.657 30.8044 24.3872 7.74866 7.02101 6.16252
internal_count=4298 4181 4092 1113 2979 89 64 117 113 105
is_linear=0
shrinkage=0.03


Tree=128
num_leaves=12
num_cat=0
split_feature=7 25 25 29 25 7 12 17 12 28 6
split_gain=7.12423 7.78936 27.2221 14.0971 14.0226 11.8744 6.33905 8.62351 9.25095 3.56628 2.46333
threshold=1138091.9525000004 0.00091992996561157724 0.00060394083698791785 0.039760934358698534 0.00056576806837775378 61021143.603500001 -0.033489716574125646 -0.0030209374499445682 -0.0065784255622380258 -0.0014762923537869001 194748.50000000003
decision_type=2 2 2 2 2 2 2 2 2 2 2
left_child=6 2 4 -4 -2 -3 -1 8 -8 -9 -7
right_child=1 5 3 -5 -6 10 7 9 -10 -11 -12
leaf_value=0.04369101820976052 0.00083540746756538868 -0.01228449482315066 0.0023549186717447494 -0.036527565770705088 0.015566074301080146 0.047757547251355427 -0.036318163814525524 -0.0091520483735245493 0.018642859847305002 -0.035191685787071394 0.023515728235535455
leaf_weight=1.7417976260185231 1207.5178589336574 8.6400480419397372 12.355049131438134 26.162604346871376 61.103302797302604 5.1876723170280483 3.7987093385308972 6.9985694568604222 10.043807696551083 14.626131311990322 13.829755008220671
leaf_count=4 3600 28 54 98 160 7 35 57 41 187 27
internal_value=0.000762964 0.0011239 0.000790541 -0.0240555 0.00154491 0.0168789 -0.0121848 -0.0149289 0.00356027 -0.0267643 0.0301285
internal_weight=1372.01 1334.8 1307.14 38.5177 1268.62 27.6575 37.209 35.4672 13.8425 21.6247 19.0174
internal_count=4298 3974 3912 152 3760 62 324 320 76 244 34
is_linear=0
shrinkage=0.03


Tree=129
num_leaves=10
num_cat=0
split_feature=11 9 8 25 21 28 28 28 7
split_gain=7.03825 7.83635 11.2101 11.9176 11.8512 9.00956 21.3301 13.337 4.76081
threshold=0.060720790178624091 1.7749908674607224 -0.019347929797628154 0.00028820673011691647 94934.000000000015 -0.00058009564634078675 0.00036922789529572701 -0.0012753223532438402 146837567.63400003
decision_type=2 2 2 2 2 2 2 2 2
left_child=1 5 3 -3 -4 7 -7 -1 -2
right_child=8 2 4 -5 -6 6 -8 -9 -10
leaf_value=0.0012490954564088634 0.0030242093329197074 -0.030175373103077 -0.019349285437317697 0.0022588378535733722 0.00020383427942710007 -0.0090384377556158406 0.0037837210340433596 0.013536934913332939 0.036150246034377498
leaf_weight=202.49080017022789 7.3107185065746298 25.648900177329779 29.971605382859707 16.923202522099018 403.21321951597929 169.10615350678563 377.25332147907466 130.87856595031917 8.3809500336647016
leaf_count=612 18 99 183 48 1346 552 1102 324 14
internal_value=0.000740382 0.000509125 -0.00259267 -0.0172822 -0.00114903 0.00218657 -0.000184922 0.00607322 0.0207169
internal_weight=1371.18 1355.49 475.757 42.5721 433.185 879.729 546.359 333.369 15.6917
internal_count=4298 4266 1676 147 1529 2590 1654 936 32
is_linear=0
shrinkage=0.03


Tree=130
num_leaves=15
num_cat=0
split_feature=1 4 22 12 9 4 4 14 17 12 21 9 21 13
split_gain=7.03337 16.2958 20.5999 13.5642 15.7375 16.2997 13.3795 13.9191 13.2999 12.8069 11.463 19.6918 18.8237 4.20269
threshold=0.029596736836521004 242.50000000000003 1387108887.6015003 -0.013777955489331965 5.6014767559982719 67.500000000000014 257.50000000000006 0.056888353581900135 0.0020860097193130668 -0.0242611562412938 1069846.0000000002 1.1039010125401809 542776.00000000012 0.026959698518821618
decision_type=2 2 2 2 2 2 2 2 2 2 2 2 2 2
left_child=1 2 9 10 5 -5 -3 -8 -6 -1 12 -12 -2 -4
right_child=3 6 13 4 8 -7 7 -9 -10 -11 11 -13 -14 -15
leaf_value=0.010622575393283601 -0.0060126976988858554 0.035320997899745958 -0.031414551383030814 0.016164306264713164 0.0040667912050819681 0.0035518729112984653 0.023194977900053749 2.0028309240407707e-05 -0.026064746964752621 -0.0071096818724947801 -0.03092341333942324 -0.0027872083998791083 0.013610013106880425 -0.072230107283313791
leaf_weight=42.037550371140242 99.84739588201046 11.65517772361636 4.8412081710994226 139.59290437400341 29.284851551055908 271.74304815754294 26.0401332937181 223.67019385099411 23.97975118085742 286.40903020557016 28.890731945633888 99.447750635445118 78.658151693642139 4.275796964764595
leaf_count=103 311 25 23 342 103 782 66 774 99 1107 94 268 183 18
internal_value=0.000718629 -0.00172058 -0.00607487 0.00261236 0.00584521 0.00783209 0.00390316 0.00243674 -0.00949844 -0.00484015 -0.00228258 -0.00912105 0.00263401 -0.0505567
internal_weight=1370.37 598.929 337.564 771.445 464.601 411.336 261.366 249.71 53.2646 328.447 306.844 128.338 178.506 9.11701
internal_count=4298 2116 1251 2182 1326 1124 865 840 202 1210 856 362 494 41
is_linear=0
shrinkage=0.03


Tree=131
num_leaves=15
num_cat=0
split_feature=22 28 28 25 25 10 14 5 9 20 12 14 25 18
split_gain=6.85882 7.03248 20.6024 23.3993 19.565 19.4718 14.859 7.49357 4.50527 9.75086 3.76401 4.54262 0.771751 0.115521
threshold=14103892.698000003 0.0021844032956314916 0.0012652845293654551 0.00091992996561157724 0.00066001127197761367 -0.01010773485705364 0.82670675828488349 0.0041594802033024852 0.67468145765490883 -0.015441307203485639 -0.0027736689216524375 0.41646415552854954 -0.00010520802191165431 0.011115769434860142
decision_type=2 2 2 2 2 2 2 2 2 2 2 2 2 2
left_child=8 2 4 -4 -2 7 -7 -3 9 -1 13 -12 -11 -10
right_child=1 5 3 -5 -6 6 -8 -9 10 12 11 -13 -14 -15
leaf_value=0.03481540985722114 0.002902322132462911 -0.061236808972569383 -0.011212241927575884 0.02843773031117652 -0.017800345001162607 0.01965184663677421 -0.00071681528876830168 -0.007082539803991943 -0.033938409494201391 -0.0075936239327992405 0.022524097173873495 -0.03400558082630991 -0.037162238441015898 -0.041525896492447451
leaf_weight=4.177408380433917 958.98535673134029 4.7110110670328122 190.51682062074542 14.408616051077841 42.92245365306735 70.606932502239943 59.309230253100395 4.4928461685776711 7.7261015307158214 1.0591360777616499 2.7108509000390759 2.4227910134941339 3.1787095647305268 2.3568675629794598
leaf_count=16 2790 22 686 28 154 184 165 14 120 9 13 40 42 15
internal_value=0.000697633 0.000978944 0.000242683 -0.00842439 0.0020154 0.00736583 0.0103532 -0.0348015 -0.0153244 0.0022896 -0.0250655 -0.00415474 -0.0297724 -0.035712
internal_weight=1369.59 1345.95 1206.83 204.925 1001.91 139.12 129.916 9.20386 23.6319 8.41525 15.2166 5.13364 4.23785 10.083
internal_count=4298 4043 3658 714 2944 385 349 36 255 67 188 53 51 135
is_linear=0
shrinkage=0.03


Tree=132
num_leaves=12
num_cat=0
split_feature=29 29 9 29 5 11 20 1 14 28 22
split_gain=6.8741 7.06168 13.5777 8.93173 7.57703 4.69555 6.53491 6.51434 2.08994 0.0214648 0.00312873
threshold=0.019982888506241938 0.020007434860058581 29.947422862453532 0.032398442985910422 0.0032230265279440764 0.022862056081981452 -0.0023249672940477977 0.023408688441119884 0.017660462983027137 -0.0021308093504071382 25398728.378000002
decision_type=2 2 2 2 2 2 2 2 2 2 2
left_child=8 5 3 -3 -4 6 -2 -7 -1 -10 -11
right_child=1 2 4 -5 -6 7 -8 -9 9 10 -12
leaf_value=0.021301720101581805 0.0088413060975182818 -0.0058017293744772038 -0.041729126651327234 0.0017357447840940969 -0.00086828807082374134 0.013279734528650512 0.037567173844094415 -0.037370682713979433 -0.037654342921980367 -0.031529251704149719 -0.032993693871976974
leaf_weight=0.70026145502924819 20.923179693520069 161.52376720122993 10.605136878788473 1140.7883559651673 6.6427171863615504 6.3186215385794622 10.809845201671125 3.580205574631691 0.83216610178351391 1.9619451342150567 3.9696256145834923
leaf_count=4 57 880 52 3116 23 18 21 14 8 52 53
internal_value=0.000677043 0.00083448 0.000450672 0.000800883 -0.0259923 0.0129996 0.0186268 -0.0050395 -0.0280345 -0.0331423 -0.0325093
internal_weight=1368.66 1361.19 1319.56 1302.31 17.2479 41.6319 31.733 9.89883 7.464 6.76374 5.93157
internal_count=4298 4181 4071 3996 75 110 78 32 117 113 105
is_linear=0
shrinkage=0.03


Tree=133
num_leaves=10
num_cat=0
split_feature=10 14 27 11 18 14 28 18 21
split_gain=6.85027 7.32673 14.261 20.8752 14.3868 12.9288 10.4214 9.17665 4.5756
threshold=0.05366446396704249 0.90208843303135156 0.0083396290988792272 0.012212050198085874 0.015830412356735324 0.88321164211546521 0.0032202013241880842 0.015481253966919382 1902075.0000000002
decision_type=2 2 2 2 2 2 2 2 2
left_child=1 5 4 -4 -3 6 -1 -7 -2
right_child=8 2 3 -5 -6 7 -8 -9 -10
leaf_value=0.00024048143733659716 -0.00034598583552082596 -0.013265361841977541 0.032201037926715699 -0.0052546941119745545 -0.064322954572412383 0.029787308701055386 0.017853503709585924 -0.0016366071617318057 0.033106033417671231
leaf_weight=1106.5593674629927 5.9318628013133994 22.444044709205631 14.879985971376298 133.89349410124123 6.3784493058919898 23.910109031945467 31.083562968298793 12.86358307301998 9.6937524229288083
leaf_count=3488 15 108 39 422 27 61 87 34 17
internal_value=0.000657092 0.000428839 -0.00525027 -0.00150846 -0.0245645 0.00128764 0.000721718 0.0187951 0.0204068
internal_weight=1367.64 1352.01 177.596 148.773 28.8225 1174.42 1137.64 36.7737 15.6256
internal_count=4298 4266 596 461 135 3670 3575 95 32
is_linear=0
shrinkage=0.03


Tree=134
num_leaves=14
num_cat=0
split_feature=11 14 14 17 11 1 14 14 15 5 25 14 8
split_gain=6.74693 11.3188 16.206 16.3897 15.3384 10.3326 10.4681 8.82188 16.2796 23.3936 12.2181 7.96909 3.00428
threshold=0.028899945061230354 0.90208843303135156 0.94048981148523791 0.010243703997334963 0.0070868501368371853 0.12663377598747735 0.88321164211546521 0.47737687714961941 0.0087212250689227677 0.009064135086539379 3.7525433115442088e-05 0.24232636791883153 -0.0050698427494401512
decision_type=2 2 2 2 2 2 2 2 2 2 2 2 2
left_child=1 5 3 -3 -4 6 -1 11 9 -9 -10 -2 -13
right_child=7 2 4 -5 -6 -7 -8 8 10 -11 -12 12 -14
leaf_value=0.00049408254465063315 -0.0024236627841053271 -0.01077023517130909 -0.04581991224467958 -0.049825891566798869 0.0036226877110541776 -0.036088581489469029 0.020004757594372972 -0.0049074235226538657 0.015929271641142381 -0.074585637499939947 -0.0030305114693971492 0.0094117215194523471 0.034822581030513979
leaf_weight=1002.4135850435123 10.405730649828909 29.717129317112267 6.1600590478628865 14.335450887680052 67.803834458813071 6.8140705302357665 25.375994039699435 47.001527562737465 78.917288646101952 4.7773501276969901 49.952897548675537 5.4200114756822613 18.412629097700119
leaf_count=3220 29 118 41 55 225 26 69 133 174 21 140 14 33
internal_value=0.000637472 -0.000272382 -0.00907465 -0.0234796 -0.000495123 0.000731687 0.000975799 0.00551778 0.0028715 -0.0113362 0.00858005 0.0194801 0.0290437
internal_weight=1367.51 1152.62 118.016 44.0526 73.9639 1034.6 1027.79 214.887 180.649 51.7789 128.87 34.2384 23.8326
internal_count=4298 3754 439 173 266 3315 3289 544 468 154 314 76 47
is_linear=0
shrinkage=0.03


Tree=135
num_leaves=15
num_cat=0
split_feature=13 10 17 3 23 26 24 23 23 8 24 14 25 18
split_gain=6.59115 19.7571 14.2256 12.78 7.77927 18.0797 17.9933 10.5638 10.2393 24.8728 10.7515 7.06373 6.70154 0.760509
threshold=0.025746561329320117 0.018947665525669333 0.013360189179013097 0.10158029308773914 0.89986448139706476 -0.0037168534663790304 1.0677522965249406 0.72259524029191147 1.0740933491617339 0.01312842622715967 0.40633065426555032 0.95721038009447623 0.00021089200597581385 0.0094515810289699867
decision_type=2 2 2 2 2 2 2 2 2 2 2 2 2 2
left_child=1 2 3 -1 5 7 -7 -2 9 -6 -10 -4 13 -3
right_child=4 12 11 -5 8 6 -8 -9 10 -11 -12 -13 -14 -15
leaf_value=-0.0098585896492171896 0.039942754517405747 -0.044783492491850735 -0.059680286488815695 0.0016018048928180485 0.016415662483578286 -0.0099522282269450431 0.03356831128694087 -0.0021288753797894075 0.01269220293249603 -0.054381762530612027 0.00030349100685855016 -0.0062446322267552508 -0.0092411382743714781 -0.06337145889480035
leaf_weight=104.83266492374241 12.692130476236345 3.5207951162010414 5.4458468928933126 531.92713069822639 94.385829448699951 131.01591930538416 9.1469169259071332 9.3123231381177884 75.93710520863533 4.6879694759845725 371.38999127596617 3.7662207782268524 4.41250499151647 4.5295925065875053
leaf_count=430 21 23 24 1902 207 369 17 24 197 18 1013 11 21 21
internal_value=0.000618715 -0.00154227 -0.000820449 -0.000284972 0.0026268 -0.00314317 -0.00711211 0.022138 0.00433928 0.0130657 0.00240657 -0.0378339 -0.0389554 -0.0552421
internal_weight=1367 658.435 645.972 636.76 708.568 162.167 140.163 22.0045 546.401 99.0738 447.327 9.21207 12.4629 8.05039
internal_count=4298 2432 2367 2332 1866 431 386 45 1435 225 1210 35 65 44
is_linear=0
shrinkage=0.03


Tree=136
num_leaves=12
num_cat=0
split_feature=28 26 28 3 10 4 25 1 20 7 10
split_gain=6.71939 8.24704 18.9464 16.3301 23.8566 16.1442 15.1129 11.3905 4.14863 8.59935 2.7954
threshold=-0.0031090121984301382 -0.0024080699903713879 -0.00082197595734019905 0.53894863563402973 0.0077323486058206124 247.50000000000003 0.00082441926047970894 0.020783221828057665 -0.02210254783811734 16138830.928000001 -0.0053358272306849941
decision_type=2 2 2 2 2 2 2 2 2 2 2
left_child=8 3 6 4 -2 -5 -3 -4 10 -10 -1
right_child=1 2 7 5 -6 -7 -8 -9 9 -11 -12
leaf_value=0.011258958899771413 -0.0052347474596208766 0.012713972123083348 -0.011900165613901219 -0.0077015502669767668 0.02198475512944657 -0.037538239382571725 -0.026241732910252624 0.00069466534157219557 -0.032332332263500851 0.020142819138822973 0.034093502193079946
leaf_weight=9.4272313714027423 100.49846610799432 162.86038587614894 70.126607252284884 108.51621813699603 40.721859101206064 19.210846081376076 9.4849071241915208 823.75640684831887 4.4944470636546594 7.501994252204895 9.8837775588035601
leaf_count=27 336 413 315 363 110 76 37 2555 24 19 23
internal_value=0.000600534 0.000278398 0.00146256 -0.00441614 0.00261418 -0.0121892 0.0105701 -0.00029342 0.0143387 0.00048309 0.0229462
internal_weight=1366.48 1335.18 1066.23 268.947 141.22 127.727 172.345 893.883 31.3075 11.9964 19.311
internal_count=4298 4205 3320 885 446 439 450 2870 93 43 50
is_linear=0
shrinkage=0.03


Tree=137
num_leaves=12
num_cat=0
split_feature=29 25 1 29 18 12 12 14 21 1 14
split_gain=6.66049 10.5833 8.24477 11.4245 11.7166 11.296 9.71249 8.1574 6.36168 5.87762 5.10827
threshold=0.096938677093608802 -7.7968472038088423e-05 0.063413856226590709 0.094622273438668955 0.021357081606362623 -0.0021677114204702815 -0.0036717939318122992 0.61660560096258921 528183.00000000012 0.051170747550696269 0.056888353581900135
decision_type=2 2 2 2 2 2 2 2 2 2 2
left_child=2 9 3 4 -1 6 -4 -7 -3 -2 -10
right_child=1 8 5 -5 -6 7 -8 -9 10 -11 -12
leaf_value=-3.9306187884562407e-05 -0.035433467467931169 -0.0070816101919806774 -0.0084747887774068841 -0.037487822454367249 0.0083451797473053507 0.031706526945267127 -0.049316095187244224 -0.011690734379752515 -0.069099534102215199 0.0099982863540661829 0.028681680842110178
leaf_weight=1011.4689513426274 5.5139479339122754 6.1010803133249274 105.59740024060011 6.9080618917942038 176.11827060580254 10.686703871935608 5.5141637846827498 6.1368114948272696 0.48986001312732952 4.7885740548372269 26.128343239426613
leaf_count=3392 19 17 315 23 407 23 23 19 2 11 47
internal_value=0.000583034 0.0121996 0.000205119 0.000980342 0.00120411 -0.00703293 -0.0105016 0.0158763 0.0205491 -0.014317 0.0268822
internal_weight=1365.45 43.0218 1322.43 1194.5 1187.59 127.935 111.112 16.8235 32.7193 10.3025 26.6182
internal_count=4298 96 4202 3822 3799 380 338 42 66 30 49
is_linear=0
shrinkage=0.03


Tree=138
num_leaves=12
num_cat=0
split_feature=29 29 9 29 23 11 12 1 21 22 22
split_gain=6.5939 6.60413 12.596 8.24969 7.90224 4.52403 6.83499 6.20373 1.30033 0.0136281 0.00216617
threshold=0.019982888506241938 0.020007434860058581 29.947422862453532 0.032398442985910422 1.5601596536643332 0.022862056081981452 -0.003243577903739477 0.023408688441119884 60543.500000000007 184617428.62500003 25398728.378000002
decision_type=2 2 2 2 2 2 2 2 2 2 2
left_child=8 5 3 -3 -4 6 -2 -7 -1 10 -10
right_child=1 2 4 -5 -6 7 -8 -9 9 -11 -12
leaf_value=0.0032555344850659284 0.0087692658778980286 -0.0056746788593684911 0.016088694595373869 0.0015823945606638688 -0.035301576508624664 0.012625838323411563 0.039020088703422884 -0.036944242753754408 -0.03151514268384769 -0.035723660617496489 -0.032847815329206706
leaf_weight=1.0297979284077872 21.964824765920639 160.91169239208102 3.3489541076123741 1138.142459442839 13.748161919414995 6.3012683242559415 9.6865972578525561 3.553729385137558 1.6985922819003461 1.4179648607969282 3.1030466947704554
leaf_count=14 59 880 17 3116 58 18 19 14 45 15 43
internal_value=0.000565981 0.00071835 0.000346781 0.000683473 -0.0252353 0.0125006 0.0180272 -0.00524922 -0.0279695 -0.0331395 -0.0323764
internal_weight=1364.91 1357.66 1316.15 1299.05 17.0971 41.5064 31.6514 9.855 7.2494 6.2196 4.80164
internal_count=4298 4181 4071 3996 75 110 78 32 117 103 88
is_linear=0
shrinkage=0.03


Tree=139
num_leaves=12
num_cat=0
split_feature=28 26 28 24 3 26 4 17 7 1 21
split_gain=6.45949 7.79111 17.7628 18.9038 15.3515 22.5017 15.2458 10.8484 3.40556 6.36409 4.17613
threshold=-0.0031090121984301382 -0.0024080699903713879 -0.00082197595734019905 0.47415881529205622 0.53894863563402973 -0.0039225851953505137 247.50000000000003 -0.014041810449478399 10559030.763500003 0.02900569778724563 1374133.5000000002
decision_type=2 2 2 2 2 2 2 2 2 2 2
left_child=8 4 3 -3 5 -2 -6 -4 9 -1 -10
right_child=1 2 7 -5 6 -7 -8 -9 10 -11 -12
leaf_value=-0.022446007292033637 0.018160937331362138 -0.0041664347018713433 0.013002232239703997 0.017109626833215326 -0.0075111840449530193 -0.0066716237469810436 -0.036535757230264539 -0.0011340416585625514 0.034425379417388449 0.021833079189897873 0.0062597004472845193
leaf_weight=5.4279231801629084 52.036976296454668 55.569471208378673 51.87214095890522 116.1287121810019 108.38184926658869 89.025330210104585 19.168390974402428 840.87804471515119 10.647197827696802 6.3260478526353836 8.5362588763236982
leaf_count=25 138 175 118 275 363 308 76 2752 27 16 25
internal_value=0.000549263 0.000234756 0.00138687 0.0102237 -0.00433081 0.00248895 -0.011873 -0.000312671 0.014101 0.00138523 0.0218922
internal_weight=1364 1333.06 1064.45 171.698 268.613 141.062 127.55 892.75 30.9374 11.754 19.1835
internal_count=4298 4205 3320 450 885 446 439 2870 93 41 52
is_linear=0
shrinkage=0.03


Tree=140
num_leaves=12
num_cat=0
split_feature=7 25 25 22 8 25 23 25 9 5 24
split_gain=6.3603 7.04287 23.5653 14.8919 13.9559 12.6258 5.65515 5.52941 11.0217 5.16155 2.85337
threshold=1138091.9525000004 0.00091992996561157724 0.00060394083698791785 156326127.18350002 0.0033600886550455597 0.00056576806837775378 5.056845456977574 -0.00010520802191165431 0.75380476500941496 -0.0043018958794564972 0.53565753270477356
decision_type=2 2 2 2 2 2 2 2 2 2 2
left_child=6 2 5 -3 -4 -2 7 8 -1 -9 -5
right_child=1 3 4 10 -6 -7 -8 9 -10 -11 -12
leaf_value=0.02822573175370157 0.00058328577374664337 -0.019036903773991753 -0.01180469639510578 0.015419081582091503 -0.052953459259213777 0.01461298232087517 0.028167032486831386 -0.0044162865276670127 -0.029305895087636372 -0.035475616858140893 0.039050753059784782
leaf_weight=6.2983329929411394 1200.7114549074322 7.809469252824786 28.114859115332365 7.451404586434367 10.076683947816489 60.646553477272391 2.9161688722670069 7.4006440341472617 5.7174503933638334 13.78531754948199 12.010306507349013
leaf_count=25 3600 27 105 16 47 160 9 70 47 173 19
internal_value=0.000533387 0.000871511 0.000554886 0.0159596 -0.0226616 0.00125784 -0.0118879 -0.015406 0.000850553 -0.024626 0.0300028
internal_weight=1362.94 1326.82 1299.55 27.2712 38.1915 1261.36 36.1179 33.2017 12.0158 21.186 19.4617
internal_count=4298 3974 3912 62 152 3760 324 315 72 243 35
is_linear=0
shrinkage=0.03


Tree=141
num_leaves=12
num_cat=0
split_feature=13 8 5 3 3 17 13 20 3 5 21
split_gain=6.29032 8.61595 13.5594 8.2237 6.90692 16.0942 16.2274 12.5618 10.1866 15.0418 13.5722
threshold=0.060455234838985544 0.0048250338533621416 -1.0000000180025095e-35 0.24609774716975305 0.21716672655407937 0.012747413415804034 0.027079208796680004 -0.012218394874423907 0.67410498478687431 0.0080897998116079336 288396.50000000006
decision_type=2 2 2 2 2 2 2 2 2 2 2
left_child=4 2 3 -2 5 6 -1 -7 9 -6 -10
right_child=1 -3 -4 -5 8 7 -8 -9 10 -11 -12
leaf_value=-0.0078083667832433033 0.03222787976119805 0.029487511039811145 -0.043189741855662343 -0.0050339226895018364 0.006249990275851736 -0.015640366728195458 0.0056992278417627813 -0.068385897851959088 -0.010449408397234586 -0.0093189583500256131 0.0012836927662524017
leaf_weight=178.76754285115749 9.7145097851753253 15.747365042567251 4.9710515588521984 11.812682665884493 453.24580103624612 17.725125119090084 144.94666094332933 5.2724881768226615 120.6339946584776 63.699474565684795 335.49075356684625
leaf_count=710 17 29 18 32 1337 53 380 23 529 206 964
internal_value=0.00051758 0.0119129 0.00146861 0.0117811 0.000152823 -0.00348298 -0.00176019 -0.0277329 0.00144828 0.00433154 -0.00181943
internal_weight=1362.03 42.2456 26.4982 21.5272 1319.78 346.712 323.714 22.9976 973.07 516.945 456.125
internal_count=4298 96 67 49 4202 1166 1090 76 3036 1543 1493
is_linear=0
shrinkage=0.03


Tree=142
num_leaves=10
num_cat=0
split_feature=25 22 5 28 26 10 23 28 0
split_gain=6.27287 7.71079 7.00064 6.65999 28.7035 18.8553 5.22079 2.61567 2.01566
threshold=-0.001013258929688022 13113571.087000001 0.0014348214761570365 0.0021844032956314916 0.003018696061306858 -0.01010773485705364 0.36476702104817432 -0.0033811667480159375 0.00011352683920888059
decision_type=2 2 2 2 2 2 2 2 2
left_child=2 6 -1 4 -3 -5 -2 -8 -4
right_child=1 3 8 5 -6 -7 7 -9 -10
leaf_value=-0.0043245232757443321 0.023877965816271385 0.0013472426896060086 0.015438288662693835 -0.034548750366170909 -0.014003815007992975 0.0096668730930975898 0.0092419144263308443 -0.03095150079180306 0.038597910634499515
leaf_weight=9.2611377164721507 2.1279300898313549 1060.039572570473 5.6638840883970252 9.3033468909561616 122.26694402843714 129.56562183052301 1.6421303674578673 12.938645895570513 8.3956228643655759
leaf_count=28 8 3211 17 37 418 353 8 200 18
internal_value=0.000502469 0.000233592 0.0159277 0.000489717 -0.00024027 0.0067047 -0.0200185 -0.0264248 0.029268
internal_weight=1361.2 1337.88 23.3206 1321.18 1182.31 138.869 16.7087 14.5808 14.0595
internal_count=4298 4235 63 4019 3629 390 216 208 35
is_linear=0
shrinkage=0.03


Tree=143
num_leaves=12
num_cat=0
split_feature=29 28 26 28 11 20 8 11 21 28 9
split_gain=6.21868 6.16874 7.11409 16.6564 13.9866 3.13954 6.01885 2.85868 1.31829 0.0184685 0.00198196
threshold=0.019982888506241938 -0.0031090121984301382 -0.0024080699903713879 -0.0010923597936560966 0.0091605762389106674 -0.02315816762911364 0.0052982931403483856 0.010835417410070046 60543.500000000007 -0.0021308093504071382 8.3675961221176252
decision_type=2 2 2 2 2 2 2 2 2 2 2
left_child=8 5 4 -4 -3 7 -7 -2 -1 -10 -11
right_child=1 2 3 -5 -6 6 -8 -9 9 10 -12
leaf_value=0.003976793502995484 0.012246940773571633 -0.011629561210614229 0.012682752435096475 0.00017409113089358381 0.0021852173483207032 -0.01721989009084585 0.024644630352302705 0.037084114187428206 -0.037346534209604924 -0.032098132805100231 -0.033524873068060596
leaf_weight=1.0115248430520285 10.1449645459652 120.24168071895838 106.54071527719498 951.08469296433032 146.09945625811815 6.5091148316860181 5.8852859511971474 7.0821491330862036 0.7822878174483775 4.097904889844358 1.1146446801722047
leaf_count=14 27 422 270 2964 436 29 14 19 8 82 13
internal_value=0.000487613 0.000633531 0.000330602 0.00143416 -0.00405157 0.0141733 0.00265882 0.0224576 -0.0277029 -0.0330483 -0.0324032
internal_weight=1360.59 1353.59 1323.97 1057.63 266.341 29.6215 12.3944 17.2271 7.00636 5.99484 5.21255
internal_count=4298 4181 4092 3234 858 89 43 46 117 103 95
is_linear=0
shrinkage=0.03


Tree=144
num_leaves=12
num_cat=0
split_feature=29 25 1 29 22 12 22 14 10 1 15
split_gain=6.12309 9.80767 7.79759 10.7532 10.6543 10.4373 9.80577 7.7205 6.00452 5.40978 4.57937
threshold=0.096938677093608802 -7.7968472038088423e-05 0.063413856226590709 0.094622273438668955 130691147.37650001 -0.0021677114204702815 140006106.97750005 0.61660560096258921 -0.011800863253895956 0.051170747550696269 0.0050814841856739292
decision_type=2 2 2 2 2 2 2 2 2 2 2
left_child=2 9 3 4 -1 6 -4 -7 -3 -2 -10
right_child=1 8 5 -5 -6 7 -8 -9 10 -11 -12
leaf_value=-0.0018340427315224079 -0.034013505484590943 -0.0063153827132835811 0.0044497438258536927 -0.03635597850575014 0.0038623854168885392 0.030885953615826293 -0.015670166283668581 -0.011544339807141805 0.037056635011836599 0.0096373601237074984 0.011552239719293153
leaf_weight=576.55545272678137 5.5309757515788061 6.3628784865140906 29.81915520876646 6.9440933316946021 606.2030563428998 10.476807087659838 81.073800601065159 6.1106320172548285 14.895946949720384 4.749503493309021 11.025993697345255
leaf_count=2168 19 17 93 23 1631 23 245 19 24 11 25
internal_value=0.00047334 0.0116722 0.000111445 0.000867026 0.00108557 -0.00693996 -0.0102599 0.0152551 0.0197983 -0.0138471 0.0262082
internal_weight=1359.75 42.5653 1317.18 1189.7 1182.76 127.48 110.893 16.5874 32.2848 10.2805 25.9219
internal_count=4298 96 4202 3822 3799 380 338 42 66 30 49
is_linear=0
shrinkage=0.03


Tree=145
num_leaves=10
num_cat=0
split_feature=10 26 28 28 28 10 21 10 21
split_gain=6.1469 6.82027 20.7879 19.1272 22.964 18.2485 13.7932 4.69059 4.39951
threshold=0.05366446396704249 0.0016926812945434638 0.0017423674789256796 0.0021844032956314916 0.0018371682049028064 -0.01010773485705364 62843.500000000007 0.00061447109476605753 1902075.0000000002
decision_type=2 2 2 2 2 2 2 2 2
left_child=1 2 6 4 -3 -5 -1 -4 -2
right_child=8 3 7 5 -6 -7 -8 -9 -10
leaf_value=-0.016339622630297781 -0.00098884778413984372 -0.0029967061451758874 0.0096816786889663119 -0.033803341913168493 -0.02401909358675506 0.0092349274984335709 0.0017886647794163484 0.040017028865047176 0.032111893294940248
leaf_weight=39.508727200329304 5.871100202202796 225.56694808509201 6.603672161698344 9.5248667243868095 58.997189218178391 128.30399144254625 860.42455156706274 15.025230556726454 9.3996905088424665
leaf_count=197 15 754 19 39 269 367 2594 27 17
internal_value=0.00045951 0.000244459 0.00169132 -0.00291224 -0.00735517 0.0062607 0.0009928 0.0307551 0.0193858
internal_weight=1359.23 1343.96 921.562 422.393 284.564 137.829 899.933 21.6289 15.2708
internal_count=4298 4266 2837 1429 1023 406 2791 46 32
is_linear=0
shrinkage=0.03


Tree=146
num_leaves=15
num_cat=0
split_feature=9 18 26 23 1 22 6 9 3 3 28 1 3 23
split_gain=6.0315 12.6188 12.845 13.6488 11.4426 9.04249 14.4287 37.4154 13.941 10.8634 21.0366 13.2196 8.5329 0.377907
threshold=4.7036814134785638 0.0076837521815444976 0.0020330989441673165 2.5240622715210144 0.024707423449447364 539629643.99400008 764168.00000000012 1.2611040721232882 0.72874174487853915 0.23502535841025388 0.0015272041192223968 0.027068167412245523 0.95777842312051031 16.815444576835471
decision_type=2 2 2 2 2 2 2 2 2 2 2 2 2 2
left_child=5 12 4 -4 -3 6 8 -8 -1 10 -7 -11 13 -2
right_child=1 2 3 -5 -6 9 7 -9 -10 11 -12 -13 -14 -15
leaf_value=0.0036227284451033764 -0.037769991040144141 0.022755124095704748 -0.045847342366076453 -0.005450697375349544 -0.0018138263341209197 0.0044322821487809885 -0.038815016474690434 0.00077052698279905471 -0.0048541882002992986 -0.0039885533353964447 -0.040935600472352528 0.014376263822712813 0.016402734492989388 -0.051429666056373537
leaf_weight=603.09199348278344 11.332883374765517 21.013760518282652 10.91094199195504 24.273794054985046 90.689367141574621 41.880419701337814 30.181754350662231 74.6130036637187 245.75927424617112 47.078352265059948 11.787611842155455 140.72216719016433 2.9436053801327935 2.1722253784537306
leaf_count=1903 99 52 52 90 290 115 105 192 856 150 46 323 15 10
internal_value=0.000446017 -0.00496121 -0.00217085 -0.0179779 0.00280812 0.00118502 -0.000128074 -0.0106304 0.00116849 0.00637092 -0.00553229 0.00977252 -0.0298793 -0.0399671
internal_weight=1358.45 163.337 146.888 35.1847 111.703 1195.11 953.646 104.795 848.851 241.469 53.668 187.801 16.4487 13.5051
internal_count=4298 608 484 142 342 3690 3056 297 2759 634 161 473 124 109
is_linear=0
shrinkage=0.03


Tree=147
num_leaves=10
num_cat=0
split_feature=25 22 5 29 25 1 23 28 0
split_gain=5.95927 7.16393 6.68291 6.32274 9.30295 8.78649 5.00886 2.54624 2.00515
threshold=-0.001013258929688022 13113571.087000001 0.0014348214761570365 0.096938677093608802 -1.6287082752274791e-05 0.063413856226590709 0.36476702104817432 -0.0033811667480159375 0.00011352683920888059
decision_type=2 2 2 2 2 2 2 2 2
left_child=2 6 -1 5 -5 -3 -2 -8 -4
right_child=1 3 8 4 -6 -7 7 -9 -10
leaf_value=-0.0041429014944126975 0.023314236686140702 0.00086107622100792323 0.014945428914908358 -0.012022826271908709 0.020444366183347225 -0.0075252223913475011 0.0092621228233582195 -0.03060620870729569 0.038244512010578581
leaf_weight=9.270937807857992 2.1295820251107243 1152.5425884444267 5.5924383625388137 10.743169248104094 30.471362113952637 124.59412359446287 1.6287751644849784 12.555109939537939 8.1971098184585554
leaf_count=28 8 3555 17 30 61 373 8 200 18
internal_value=0.000432909 0.000171657 0.0155533 0.000416151 0.0119813 4.29308e-05 -0.0195868 -0.026028 0.0287954
internal_weight=1357.73 1334.66 23.0605 1318.35 41.2145 1277.14 16.3135 14.1839 13.7895
internal_count=4298 4235 63 4019 91 3928 216 208 35
is_linear=0
shrinkage=0.03


Tree=148
num_leaves=14
num_cat=0
split_feature=1 22 21 21 20 17 29 29 26 0 14 9 14
split_gain=5.93154 14.6866 13.2521 16.5747 12.0213 10.6418 13.5584 12.0685 9.16221 8.26216 6.04177 2.48583 1.62288
threshold=0.029596736836521004 1888682371.0925002 7643826.0000000009 5825397.5000000009 0.0077076806560075701 0.0041371227235472048 0.095663524082066784 0.083589255151850853 -0.0015951558566513655 0.00051445135681551536 0.76310326528063921 1.4200262155229615 0.33037720962686851
decision_type=2 2 2 2 2 2 2 2 2 2 2 2 2
left_child=1 2 3 -1 5 6 -2 -7 9 -6 -10 -4 -3
right_child=4 12 11 -5 8 7 -8 -9 10 -11 -12 -13 -14
leaf_value=-0.0016646546140433303 0.0020217312204732639 -0.024490178982736966 0.012318561969634843 -0.06074506779915665 -0.02453299256558935 -0.0026962466173694188 0.026173545711726743 -0.027563428194010829 -0.0043302799859899904 0.018363374552197099 0.018778381580697764 0.033807113094278494 -0.0526400780772176
leaf_weight=562.13431683275849 439.73930278792977 2.9063813388347617 9.6439389660954493 4.3064092062413684 10.705748632550241 178.4061569981277 21.964385606348515 19.483020722866058 11.787161350250242 6.4913095980882636 74.799276150763035 9.736734211444853 5.0387797281146049
leaf_count=2020 1310 13 22 19 39 525 42 61 32 15 158 17 25
internal_value=0.000420146 -0.00182867 -0.0012792 -0.00211382 0.00216931 0.000675985 0.00317069 -0.00514453 0.0116601 -0.00834106 0.0156326 0.0231143 -0.0423427
internal_weight=1357.14 593.767 585.821 566.441 763.376 659.593 461.704 197.889 103.783 17.1971 86.5864 19.3807 7.94516
internal_count=4298 2116 2078 2039 2182 1938 1352 586 244 54 190 39 38
is_linear=0
shrinkage=0.03


Tree=149
num_leaves=12
num_cat=0
split_feature=29 29 9 29 5 11 1 20 14 14 22
split_gain=5.83614 5.97738 11.5351 7.60821 7.21948 4.37667 5.92511 5.6607 2.01814 0.0154916 0.00259993
threshold=0.019982888506241938 0.020007434860058581 29.947422862453532 0.026842835822145025 0.0032230265279440764 0.022862056081981452 0.023408688441119884 -0.0023249672940477977 0.017660462983027137 0.080516872820853347 25398728.378000002
decision_type=2 2 2 2 2 2 2 2 2 2 2
left_child=8 5 3 -3 -4 7 -7 -2 -1 -10 -11
right_child=1 2 4 -5 -6 6 -8 -9 9 10 -12
leaf_value=0.021850290915078511 0.0081231622334921767 -0.01009442481150534 -0.040199953971407222 0.0010150622034901678 -3.7512437182828929e-05 0.011841773109701786 -0.036876589790904121 0.035017810149901026 -0.037065653397202317 -0.031358555063692013 -0.032766498330987937
leaf_weight=0.67418048903345962 20.749662838876247 58.093125721439719 10.262739907950165 1233.4309126688167 6.6307964473962775 6.2146889418363553 3.5189057290554047 10.662826873362066 0.6962006427347659 1.7462569642812011 3.6428851764649153
leaf_count=4 57 353 52 3643 23 18 14 21 8 53 52
internal_value=0.00040798 0.000547252 0.000193197 0.000515354 -0.024436 0.011806 -0.00577097 0.0172524 -0.0273982 -0.0328543 -0.0323103
internal_weight=1356.32 1349.56 1308.42 1291.52 16.8935 41.1461 9.73359 31.4125 6.75952 6.08534 5.38914
internal_count=4298 4181 4071 3996 75 110 32 78 117 113 105
is_linear=0
shrinkage=0.03


Tree=150
num_leaves=13
num_cat=0
split_feature=28 26 13 23 18 28 25 28 22 1 21 22
split_gain=5.91324 6.87176 22.4133 18.7746 15.6746 14.4417 20.3591 16.0169 3.73188 5.90479 3.33268 1.13174
threshold=-0.0031090121984301382 -0.002897423703660557 0.029156140008337574 0.6386788145770016 0.012956239999658073 -0.00058009564634078675 0.00051039110794297911 -0.00041156080401135364 55473578.317000009 0.02900569778724563 1374133.5000000002 127164863.61550002
decision_type=2 2 2 2 2 2 2 2 2 2 2 2
left_child=8 2 3 -2 -4 6 -3 -7 9 -1 11 -10
right_child=1 5 4 -5 -6 7 -8 -9 10 -11 -12 -13
leaf_value=-0.028639625443102078 0.023061362522597412 0.0099067492962532783 -0.027777656338061927 -0.020019799984802505 0.010411422272794334 -0.02096345669893877 -0.015342336770687323 -0.00011269929194452765 0.020338225424700072 0.020302013575048922 0.0056732687044631644 0.038198974461369828
leaf_weight=4.1981178745627421 10.198100659996269 243.88664238713682 11.063827224075792 84.87059579230845 76.946706637740135 34.534456474706531 32.581090034916997 831.33504189737141 5.9220490753650683 4.7054140940308571 8.4057498723268491 6.9285101443529129
leaf_count=22 27 650 45 366 179 128 115 2695 17 13 25 16
internal_value=0.000395831 9.6942e-05 -0.00529887 -0.0153984 0.00561066 0.000961714 0.0069312 -0.000944314 0.0135309 -0.00277453 0.0203607 0.029968
internal_weight=1355.58 1325.42 183.079 95.0687 88.0105 1142.34 276.468 865.869 30.1598 8.90353 21.2563 12.8506
internal_count=4298 4205 617 393 224 3588 765 2823 93 35 58 33
is_linear=0
shrinkage=0.03


Tree=151
num_leaves=12
num_cat=0
split_feature=13 25 25 22 5 25 7 26 4 7 4
split_gain=5.72396 6.46302 20.8788 16.9272 12.9682 10.4705 6.21498 4.2035 8.09327 11.0023 2.01087
threshold=0.060455234838985544 0.00091992996561157724 0.00060394083698791785 156326127.18350002 0.0025706940874036179 0.00056576806837775378 21569427.341500003 0.0050732807347314999 52.500000000000007 225259186.09000003 302.50000000000006
decision_type=2 2 2 2 2 2 2 2 2 2 2
left_child=1 2 5 6 -4 -1 -3 8 -2 -10 -5
right_child=7 3 4 10 -6 -7 -8 -9 9 -11 -12
leaf_value=-0.00021922110513335384 0.025138827872175747 -0.04726198669893223 -0.008880391233889345 0.040671793511747434 -0.045148655504554588 0.012607217230143663 0.0039251268271138957 0.028681961302596697 -0.032964078457889297 0.012702100721025148 0.021040233879504613
leaf_weight=1186.6953484630212 12.347989842295645 4.0882952492684144 24.382127404212952 8.934485390782358 13.949242722243069 60.18413956835866 4.4678065180778503 9.6533504128456098 7.9950633421540287 11.69238869845867 9.8984135538339597
leaf_count=3799 24 25 92 14 68 173 11 18 28 26 20
internal_value=0.000384345 3.67635e-05 -0.000270544 0.014457 -0.0220788 0.000399883 -0.0205332 0.0113282 0.00609893 -0.00584291 0.0303536
internal_weight=1354.29 1312.6 1285.21 27.389 38.3314 1246.88 8.5561 41.6888 32.0354 19.6875 18.8329
internal_count=4298 4202 4132 70 160 3972 36 96 78 54 34
is_linear=0
shrinkage=0.03


Tree=152
num_leaves=11
num_cat=0
split_feature=6 0 6 29 3 22 0 25 0 8
split_gain=5.67411 12.2956 9.74626 10.0958 9.36503 11.451 7.76132 17.2022 15.5713 7.17919
threshold=3212391.0000000005 -0.00027703856085932476 2852362.0000000005 0.059072083041905359 0.7683748441685887 2535991467.0165 -0.0010999506830339947 0.00060394083698791785 -0.00076452644074952191 0.0063289397652843407
decision_type=2 2 2 2 2 2 2 2 2 2
left_child=2 9 6 -4 5 -3 7 -1 -8 -2
right_child=1 4 3 -5 -6 -7 8 -9 -10 -11
leaf_value=-0.002626694853294414 0.03971442981356383 0.012945819557178889 -0.06075183050493016 0.0025181093945226022 -0.035335947660140303 -0.023991316575654464 0.016118483854219438 -0.040670326686287575 0.00046873830807773288 0.0069031725509064862
leaf_weight=301.63142497185618 14.146830309182407 33.741128973662853 4.8286103904247266 4.2832622975111008 5.9898751676082602 9.7325482368469221 61.121312433853745 11.090327903628348 896.58273876644671 10.42394110560417
leaf_count=996 24 83 21 11 23 37 154 53 2871 25
internal_value=0.000373077 0.00844802 -9.41407e-05 -0.0310102 -0.000168771 0.00467662 0.000127599 -0.00397587 0.00146752 0.0257945
internal_weight=1353.57 74.0343 1279.54 9.11187 49.4636 43.4737 1270.43 312.722 957.704 24.5708
internal_count=4298 192 4106 32 143 120 4074 1049 3025 49
is_linear=0
shrinkage=0.03


Tree=153
num_leaves=11
num_cat=0
split_feature=25 5 26 13 26 13 21 10 29 18
split_gain=5.62493 6.43887 5.70053 22.9436 15.8886 13.8588 12.3898 10.1124 5.82411 2.23718
threshold=-0.001013258929688022 0.00059689203890117136 0.0016926812945434638 0.014635469806436789 0.0014478290954663196 0.015528939216126412 62843.500000000007 0.0061989885574254408 0.03724915538107007 0.0096348934754676239
decision_type=2 2 2 2 2 2 2 2 2 2
left_child=1 -1 4 8 6 -5 -2 -6 -4 -3
right_child=2 9 3 5 7 -7 -8 -9 -10 -11
leaf_value=-0.0063971302201329874 -0.015840432623349502 0.012147299220573421 -0.019117111413914291 0.02913711687296305 0.035760407606261542 -0.0019082808982470939 0.0014646433494508049 -0.00040952367991140822 -0.047554287726927581 0.036184802287982182
leaf_weight=8.0711710453033465 38.95218144543469 5.6614466421306124 20.836922774091367 13.406928967684506 19.426662011072043 372.50093931891024 844.9436440942809 10.837564781308172 9.4086624421179277 9.0632017105817777
leaf_count=24 197 17 196 48 44 1118 2554 31 47 22
internal_value=0.000362067 0.0151383 0.000108867 -0.00280176 0.00143387 -0.000829724 0.00070203 0.022808 -0.0279632 0.0269427
internal_weight=1353.11 22.7958 1330.31 416.153 914.16 385.908 883.896 30.2642 30.2456 14.7246
internal_count=4298 63 4235 1409 2826 1166 2751 75 243 39
is_linear=0
shrinkage=0.03


Tree=154
num_leaves=10
num_cat=0
split_feature=10 12 5 12 23 12 22 5 21
split_gain=5.48625 6.28485 15.106 14.333 12.5163 16.2375 16.173 8.04856 4.20118
threshold=0.05366446396704249 -0.0044948500918650302 0.01332573109616155 -0.0041183461009082342 1.5228797561386604 -0.01168706242135008 130691147.37650001 0.016488136029025626 1902075.0000000002
decision_type=2 2 2 2 2 2 2 2 2
left_child=1 4 3 -3 6 -6 -1 -4 -2
right_child=8 2 7 -5 5 -7 -8 -9 -10
leaf_value=-0.0014250374821272748 -0.0014706777703723179 -0.030729425462199703 -0.056592788955863657 -0.00070778726867385083 -0.0096106024560551184 0.0049415457657617 0.0077776721106825614 -0.010873288735104215 0.031187371214846375
leaf_weight=316.2967128790915 5.8110361248254767 14.966926761902867 7.0018456131219846 327.23171676602215 174.61214859783649 114.10554881393909 376.3987497612834 6.8613180462270975 9.0917324572801572
leaf_count=1074 15 73 32 1160 595 381 924 27 17
internal_value=0.000351313 0.000149615 -0.00326459 -0.00202086 0.00138831 -0.00385938 0.00357556 -0.0339648 0.018453
internal_weight=1352.38 1337.47 356.062 342.199 981.413 288.718 692.695 13.8632 14.9028
internal_count=4298 4266 1292 1233 2974 976 1998 59 32
is_linear=0
shrinkage=0.03


Tree=155
num_leaves=13
num_cat=0
split_feature=28 3 14 5 26 26 6 20 22 11 23 6
split_gain=5.69377 6.54874 13.9813 12.06 11.2049 14.6889 11.5503 3.77537 7.41746 2.69588 3.52866 0.35831
threshold=-0.0031090121984301382 0.21716672655407937 0.98364091080931837 -0.0035931143265720438 -0.0041229775521886393 -0.0039613205269761424 323885.00000000006 -0.02210254783811734 88384019.535000011 0.010835417410070046 1.1436842279916302 137135.50000000003
decision_type=2 2 2 2 2 2 2 2 2 2 2 2
left_child=7 2 3 -2 6 -6 -3 9 -9 10 -1 -4
right_child=1 4 11 -5 5 -7 -8 8 -10 -11 -12 -13
leaf_value=0.027771717115961679 0.00070122573750087611 -0.0029586409665734977 -0.041246561643315645 -0.01212608943156949 0.023526116675655042 0.0011855224886764162 -0.044616361551009918 -0.031164401114408578 0.018617964341642163 0.036779947409144309 -0.0055944658813162733 -0.056496791240341203
leaf_weight=6.4196202158927971 246.19359876587987 16.365571752190593 2.3829572629183522 90.109755160287023 27.266948893666267 926.70333657320589 9.4487284123897535 4.330267667770384 7.1272769868373871 6.7757614105939856 5.1338229924440384 3.316251277923584
leaf_count=16 774 59 17 341 62 2901 36 24 19 19 15 15
internal_value=0.000341052 4.87501e-05 -0.00352538 -0.00273575 0.00129633 0.00182407 -0.0182065 0.013312 -0.000196797 0.0217563 0.0129453 -0.0501204
internal_weight=1351.57 1321.79 342.003 336.303 979.785 953.97 25.8143 29.7867 11.4575 18.3292 11.5534 5.69921
internal_count=4298 4205 1147 1115 3058 2963 95 93 43 50 31 32
is_linear=0
shrinkage=0.03


Tree=156
num_leaves=14
num_cat=0
split_feature=28 28 25 27 25 14 14 8 1 18 22 29 6
split_gain=5.55917 18.0337 19.1813 16.3573 15.5087 23.187 13.32 13.2478 10.3691 9.32698 8.20386 6.4578 1.62104
threshold=0.0021844032956314916 0.0012652845293654551 0.00091992996561157724 -0.014814455891304142 0.00066001127197761367 0.22449456701510118 0.81773384399611637 0.011449860768219623 0.024209256195264334 0.021145168052089196 591173718.41400015 0.06441122839155812 232623.50000000003
decision_type=2 2 2 2 2 2 2 2 2 2 2 2 2
left_child=1 4 8 11 10 -6 9 -8 -3 -5 -1 -2 -4
right_child=3 2 12 6 5 -7 7 -9 -10 -11 -12 -13 -14
leaf_value=0.00081779800313970302 -0.051612386044378934 0.0018709017734631454 0.014335541439941611 0.010935309987516175 0.0077093998140786825 -0.036790902272918875 -0.005888876616954317 0.043731569204451953 -0.014722617577796412 0.035494488618401661 0.0080284061969190662 -0.00079067564119923175 0.03492768150867518
leaf_weight=791.14727175142616 5.8308351840823871 44.032323567196727 6.2827148064970952 50.116019189357758 19.438664227724075 23.014871837571263 55.000714561901987 5.3099722526967517 147.18487840518355 19.268142566084862 173.07627294585109 3.6644054800271988 7.6057014465332031
leaf_count=2520 29 175 17 165 56 105 167 9 558 32 443 9 13
internal_value=0.000331039 -0.000321182 -0.00842908 0.00600925 0.00133076 -0.0164151 0.00879193 -0.00152011 -0.0109016 0.0177555 0.00211209 -0.0319993 0.0256124
internal_weight=1350.97 1211.78 205.106 139.19 1006.68 42.4535 129.695 60.3107 191.217 69.3842 964.224 9.49524 13.8884
internal_count=4298 3887 763 411 3124 161 373 176 733 197 2963 38 30
is_linear=0
shrinkage=0.03


Tree=157
num_leaves=11
num_cat=0
split_feature=29 29 9 3 11 4 5 14 14 22
split_gain=5.52388 5.85849 10.7359 9.88704 7.09103 4.24659 5.34626 1.96414 0.0169903 0.00229925
threshold=0.019982888506241938 0.020007434860058581 29.947422862453532 0.85507826551095956 0.019063851849436857 262.50000000000006 0.00066596694556957635 0.017660462983027137 0.077635376258588754 25398728.378000002
decision_type=2 2 2 2 2 2 2 2 2 2
left_child=7 5 4 -4 -3 6 -2 -1 -9 -10
right_child=1 2 3 -5 -6 -7 -8 8 9 -11
leaf_value=0.021494751901543374 0.028823302329974675 -0.001119440155407335 -0.035302288049195933 0.022462683488608783 0.0036504644562940737 -0.010100884270059434 0.0050207100939734005 -0.037357725962300171 -0.031294269931639238 -0.032645286383328982
leaf_weight=0.66855142265558143 15.663531601428984 872.39469300955534 13.378903567790987 3.3306025788187972 413.42919748462737 6.7613557279109946 18.550746262073517 0.64959545806050289 1.6688575800508259 3.5355971846729517
leaf_count=4 34 2876 65 10 1120 27 49 7 53 53
internal_value=0.000321398 0.000455107 0.000103739 -0.0237884 0.000414221 0.0116244 0.0159177 -0.0272197 -0.0327831 -0.0322121
internal_weight=1350.03 1343.51 1302.53 16.7095 1285.82 40.9756 34.2143 6.5226 5.85405 5.20445
internal_count=4298 4181 4071 75 3996 110 83 117 113 106
is_linear=0
shrinkage=0.03


Tree=158
num_leaves=15
num_cat=0
split_feature=1 27 28 7 24 26 1 12 20 1 28 13 18 29
split_gain=5.42824 13.9391 17.3362 15.34 14.5682 14.0332 15.2132 12.6074 11.4096 12.6235 12.104 17.1248 10.2084 9.98453
threshold=0.029596736836521004 -0.0028413267345968182 -0.0019400998807267025 48390692.443500012 0.6778813189744235 -0.0039225851953505137 0.027452455220523711 -0.012366325027802001 -0.021603437558885358 0.088339636632424709 -0.0024264220956916791 0.016817483182114321 0.011584303185629394 0.073566847045656428
decision_type=2 2 2 2 2 2 2 2 2 2 2 2 2 2
left_child=1 2 3 -1 -4 7 -7 -3 10 12 -2 -12 -10 -11
right_child=8 5 4 -5 -6 6 -8 -9 9 13 11 -13 -14 -15
leaf_value=-0.036768833829826555 0.018563983466569813 0.04371355826830061 0.011407681579481462 0.0070250978648942787 -0.0072666331396209162 -0.0049155339696942604 -0.024842133807043424 0.00038283691435505755 0.012963945950847182 -0.051461667522704348 -0.028384875558361729 -0.0016534486653140979 0.0028405527584432471 0.0064101721096154595
leaf_weight=16.582398559898142 23.822483837604523 9.2175287976861018 156.01255371700972 12.720438376069067 49.534996872767806 290.20972094871104 39.13189522922039 17.549327123910189 133.97103824280202 6.2141432017087919 23.267335094511509 295.43427025340497 270.98805733025074 4.721860483288765
leaf_count=76 63 16 494 35 175 1091 153 76 434 26 122 827 699 11
internal_value=0.000311826 -0.00184373 0.00382982 -0.0177578 0.00690735 -0.00558539 -0.00728318 0.0153044 0.00199143 0.00533074 -0.00206317 -0.00360502 0.00618964 -0.0264742
internal_weight=1349.38 590.959 234.85 29.3028 205.548 356.108 329.342 26.7669 758.419 415.895 342.524 318.702 404.959 10.936
internal_count=4298 2116 780 111 669 1336 1244 92 2182 1170 1012 949 1133 37
is_linear=0
shrinkage=0.03


Tree=159
num_leaves=11
num_cat=0
split_feature=25 28 26 12 10 6 21 29 29 29
split_gain=5.35126 5.74492 24.6327 28.1793 16.3521 12.9977 12.8114 6.0776 4.75327 4.08319
threshold=-0.001013258929688022 0.0021844032956314916 0.003018696061306858 -0.022811473112664082 -0.01010773485705364 460899.50000000006 62843.500000000007 0.06441122839155812 0.061366506038033251 0.046038022287230057
decision_type=2 2 2 2 2 2 2 2 2 2
left_child=8 2 6 -4 7 -6 -2 -3 9 -1
right_child=1 4 3 -5 5 -7 -8 -9 -10 -11
leaf_value=0.017225437385479131 -0.014395505339177519 -0.051415686139841495 -0.063576723916501154 -0.0092242727154766505 0.014870221358015903 -0.0058327035051719449 0.0015613833953215704 -0.0018529388889466604 0.033170378097220635 -0.015511324886118897
leaf_weight=8.7962968945503253 47.394443535245955 5.7899676002562028 9.285253591835497 113.81374654732645 90.243644526228309 39.125594209879637 1016.8564222333953 3.6181997507810593 8.1126045137643796 5.6197561025619498
leaf_count=24 255 30 43 396 259 113 3130 9 20 19
internal_value=0.000302556 5.62512e-05 -0.000618806 -0.013324 0.0058319 0.00860896 0.000850773 -0.0323548 0.0148011 0.00446379
internal_weight=1348.66 1326.13 1187.35 123.099 138.777 129.369 1064.25 9.40817 22.5287 14.4161
internal_count=4298 4235 3824 439 411 372 3385 39 63 43
is_linear=0
shrinkage=0.03


Tree=160
num_leaves=13
num_cat=0
split_feature=28 26 26 3 15 28 9 28 20 7 9 10
split_gain=5.28941 6.70442 16.8962 24.1813 20.114 13.2574 17.4918 15.219 3.52838 6.83733 3.24679 1.09145
threshold=-0.0031090121984301382 -0.002897423703660557 -0.0039225851953505137 0.52151381811614805 -0.01478035133477826 -0.00058009564634078675 0.39837099156690803 -0.00041156080401135364 -0.02210254783811734 16138830.928000001 1.9277530606091309 -0.0050128666937353907
decision_type=2 2 2 2 2 2 2 2 2 2 2 2
left_child=8 2 3 -2 -4 6 -3 -7 10 -10 11 -1
right_child=1 5 4 -5 -6 7 -8 -9 9 -11 -12 -13
leaf_value=0.019331099051561561 0.017729141273618347 -0.03753425805825391 0.01781151189598389 -0.015606938415633527 -0.019439551846341205 -0.020498333185853156 0.007905246220044522 -0.00014655590928191082 -0.030084561237285829 0.018054354660233852 0.0011279768332573524 0.037013513824371
leaf_weight=5.5726026743650463 50.181124856695533 7.848661843687295 15.443303287029265 32.117843307554722 84.023222649469972 34.445211704820395 266.94100017473102 827.86518442165107 4.2826312445104104 6.9888870418071747 5.1726250499486914 7.2020098268985775
leaf_count=17 135 31 33 114 335 128 734 2695 24 19 14 19
internal_value=0.000293612 1.39093e-05 -0.00533599 0.00471946 -0.0136559 0.00086909 0.00660738 -0.000959513 0.0129187 -0.000236103 0.0211805 0.0293
internal_weight=1348.08 1318.87 181.765 82.299 99.4665 1137.1 274.79 862.31 29.2188 11.2715 17.9472 12.7746
internal_count=4298 4205 617 249 368 3588 765 2823 93 43 50 36
is_linear=0
shrinkage=0.03


Tree=161
num_leaves=10
num_cat=0
split_feature=13 18 18 10 11 3 14 13 22
split_gain=5.35499 8.35536 5.75078 20.0764 12.6413 6.11437 13.4964 9.84165 0.101614
threshold=0.072156857774529501 0.037585397836210475 0.0050126481923923336 -0.00061177319206300615 0.0022052412975516055 0.21716672655407937 0.98364091080931837 0.011775803624743468 17320435.506500002
decision_type=2 2 2 2 2 2 2 2 2
left_child=2 -2 3 4 -1 6 -4 -7 -5
right_child=1 -3 5 8 -6 7 -8 -9 -10
leaf_value=-0.02381798402128027 -0.0037117660451084565 0.041758842980805011 -0.002285054315109899 -0.03241586558522299 0.031846182585818415 0.01520011553179975 -0.049188261873800876 0.00093847103663897069 -0.03846460086457746
leaf_weight=5.8516575749963549 7.4858444482088071 7.0739102512598038 335.93987029977143 3.1506005907431236 9.8568341406062228 45.726318376138806 5.6137395501136771 914.27791422698647 12.096544917672871
leaf_count=51 21 11 1081 67 50 183 32 2712 90
internal_value=0.000285077 0.0183803 8.73592e-05 -0.012692 0.0111104 0.000391299 -0.00305595 0.00161777 -0.0372147
internal_weight=1347.07 14.5598 1332.51 30.9556 15.7085 1301.56 341.554 960.004 15.2471
internal_count=4298 32 4266 258 101 4008 1113 2895 157
is_linear=0
shrinkage=0.03


Tree=162
num_leaves=11
num_cat=0
split_feature=6 0 6 23 3 17 0 25 0 8
split_gain=5.29564 11.5291 9.24728 9.24142 8.80468 10.1808 7.36498 15.7176 14.4022 6.85966
threshold=3212391.0000000005 -0.00027703856085932476 2852362.0000000005 1.5601596536643332 0.7683748441685887 0.0056749019423629095 -0.0010999506830339947 0.00060394083698791785 -0.00076452644074952191 0.0063289397652843407
decision_type=2 2 2 2 2 2 2 2 2 2
left_child=2 9 6 -4 5 -3 7 -1 -8 -2
right_child=1 4 3 -5 -6 -7 8 -9 -10 -11
leaf_value=-0.0026795955374982979 0.038740273054093402 0.011318574218809776 -0.0012856066010820846 -0.062022285097648448 -0.034321809740671012 -0.026656719356510691 0.015487535043563348 -0.039301533546448268 0.00038748602328726029 0.0064787944062593911
leaf_weight=300.29557799175382 13.954901795834305 35.330622024834156 4.7002585530281049 4.3332480490207672 5.9925010614097109 7.7467243969440451 60.716076360084116 10.931382907554505 892.34670577757061 10.317003533244131
leaf_count=996 24 94 13 19 23 26 154 53 2871 25
internal_value=0.000276385 0.00811509 -0.000175114 -0.0304202 -0.000250326 0.00448937 4.09902e-05 -0.00396589 0.00134945 0.0250272
internal_weight=1346.67 73.3418 1273.32 9.03351 49.0698 43.0773 1264.29 311.227 953.063 24.2719
internal_count=4298 192 4106 32 143 120 4074 1049 3025 49
is_linear=0
shrinkage=0.03


Tree=163
num_leaves=12
num_cat=0
split_feature=29 29 9 3 29 11 12 13 14 14 22
split_gain=5.28061 5.65174 10.1611 9.52247 6.94489 4.09218 6.0035 5.17203 1.87466 0.0199046 0.00207413
threshold=0.019982888506241938 0.020007434860058581 29.947422862453532 0.85507826551095956 0.026842835822145025 0.022862056081981452 -0.003243577903739477 0.037013833926530966 0.017660462983027137 0.066591739682247367 25398728.378000002
decision_type=2 2 2 2 2 2 2 2 2 2 2
left_child=8 5 4 -4 -3 6 -2 -7 -1 -10 -11
right_child=1 2 3 -5 -6 7 -8 -9 9 10 -12
leaf_value=0.021112623278943039 0.0079644604482419657 -0.009847849242956239 -0.034709934147734788 0.022153738333886397 0.00083062726651602975 -0.024364896841565675 0.036580444956564456 0.020162742381773829 -0.038081929591066023 -0.031234707869448479 -0.032541917021552395
leaf_weight=0.64912712574005027 21.675523415207863 57.380703374743462 13.224037140607836 3.3148573860526076 1225.2593322275206 5.5976084396243078 9.4858578890562075 4.0436786562204361 0.56205021589994419 1.5917009348049758 3.482563853263855
leaf_count=4 59 353 65 10 3643 22 19 10 6 53 54
internal_value=0.000268239 0.00039692 5.1639e-05 -0.0233129 0.000352911 0.0113909 0.0166755 -0.00568944 -0.0271651 -0.0327252 -0.0321319
internal_weight=1346.27 1339.98 1299.18 16.5389 1282.64 40.8027 31.1614 9.64129 6.28544 5.63632 5.07426
internal_count=4298 4181 4071 75 3996 110 78 32 117 113 107
is_linear=0
shrinkage=0.03


Tree=164
num_leaves=12
num_cat=0
split_feature=25 25 22 5 21 28 26 26 6 24 13
split_gain=5.18278 18.1609 14.5149 9.88317 13.3065 8.5457 37.798 23.9549 6.28469 2.60393 0.404468
threshold=0.00091992996561157724 0.00066001127197761367 156326127.18350002 0.0025706940874036179 993320.00000000012 0.0012652845293654551 0.0034020427798266092 0.0033237070122185937 88360.000000000015 0.53565753270477356 0.02264066679707372
decision_type=2 2 2 2 2 2 2 2 2 2 2
left_child=1 5 8 4 -3 7 -7 -1 -2 -4 -5
right_child=2 3 9 10 -6 6 -8 -9 -10 -11 -12
leaf_value=0.0027559907767083585 -0.048485525830544204 0.011939673102615261 0.014061600563680924 -0.040572911768840973 -0.039243842631086469 -0.014696693778746323 0.005701853903550178 -0.025896785461716764 0.0037244528815279167 0.037028712507480521 -0.052559376552294715
leaf_weight=933.3580894516781 3.7335545588284749 10.424312189221387 7.3098259419202831 4.5793716087937337 8.1418206878006441 150.97477091476321 178.31343330256641 27.020726225338876 4.6710369735956192 11.327601596713064 5.6715445592999458
leaf_count=2860 24 33 16 27 35 615 529 103 12 19 25
internal_value=0.000260216 -6.43256e-06 0.0132611 -0.0235605 -0.0105059 0.000519873 -0.00365064 0.00194983 -0.0194687 0.0280207 -0.0472047
internal_weight=1345.53 1318.48 27.042 28.817 18.5661 1289.67 329.288 960.379 8.40459 18.6374 10.2509
internal_count=4298 4227 71 120 68 4107 1144 2963 36 35 52
is_linear=0
shrinkage=0.03


Tree=165
num_leaves=15
num_cat=0
split_feature=13 9 15 18 20 21 23 4 14 10 13 10 25 12
split_gain=5.106 10.4447 20.5815 16.2087 15.8003 16.4607 13.8624 13.2322 6.95445 19.8392 13.0144 6.98452 7.07702 5.81909
threshold=0.021644635893044321 1.4200262155229615 0.0012723723452056693 0.010898778604176164 -0.0016568688879059635 4786109.0000000009 1.4203549556654023 27.500000000000004 0.98364091080931837 0.023969910345582945 0.045888528848381932 0.040021747931196359 -0.001013258929688022 -0.0080016658172448411
decision_type=2 2 2 2 2 2 2 2 2 2 2 2 2 2
left_child=1 4 6 -4 5 -1 -3 -6 11 -10 -11 12 -2 -13
right_child=8 2 3 -5 7 -7 -8 -9 9 10 -12 13 -14 -15
leaf_value=0.0056650180551517373 0.026278965350446604 -0.02744576906459122 0.010669629123247206 -0.020207189643378077 -0.003542312257978227 -0.055948962010541739 -0.005918704713413667 -0.040174008655652259 -0.057282919052914709 0.016758113533708902 -0.040439774320177854 0.031728485428592593 0.0011664523130219299 0.0063041746880852963
leaf_weight=222.93274247925729 10.226801320910452 52.170439143665135 65.019661563448608 20.010260200127959 26.215477822348475 3.9719319343566886 55.629442300647497 13.416940259747205 6.9043795401230481 14.031479597091677 4.8066186904907218 12.288356989622114 813.23062051460147 23.783227056264877
leaf_count=742 27 290 276 76 97 18 276 79 37 38 18 22 2244 58
internal_value=0.000252498 -0.00231386 -0.00763226 0.00340333 0.00153381 0.00458647 -0.0163369 -0.0159434 0.00158418 -0.0137804 0.00216384 0.00204434 0.00147833 0.0149654
internal_weight=1344.64 459.367 192.83 85.0299 266.537 226.905 107.8 39.6324 885.271 25.7425 18.8381 859.529 823.457 36.0716
internal_count=4298 1854 918 352 936 760 566 176 2444 93 56 2351 2271 80
is_linear=0
shrinkage=0.03


Tree=166
num_leaves=11
num_cat=0
split_feature=29 29 29 25 22 5 4 14 14 22
split_gain=5.07444 5.33152 8.40621 11.1691 7.23955 4.03859 9.10661 1.80699 0.0187827 0.00192337
threshold=0.019982888506241938 0.020007434860058581 0.026842835822145025 -0.00012485683062609648 539629643.99400008 0.006841069098367597 262.50000000000006 0.017660462983027137 0.066591739682247367 25398728.378000002
decision_type=2 2 2 2 2 2 2 2 2 2
left_child=7 5 3 -3 -4 6 -2 -1 -9 -10
right_child=1 2 4 -5 -6 -7 -8 8 9 -11
leaf_value=0.020551821062275998 0.013086830067999582 0.0074879396975024472 -0.00056871581003100464 -0.020047145731854996 0.0052095174920645639 0.030366592106628208 -0.031127403778774172 -0.037916986414487673 -0.031180449516831878 -0.032462489849136411
leaf_weight=0.64212480187415977 27.866440311074257 19.808919638395309 994.1165981432423 40.093230281025171 242.81295401602983 7.868719056248664 4.9349893182516089 0.54839909076690663 1.5296309133991597 3.3812138382345438
leaf_count=4 70 101 3080 273 617 16 24 6 53 54
internal_value=0.000244941 0.000369463 3.40381e-05 -0.0109416 0.000565569 0.011065 0.00643478 -0.027052 -0.0326512 -0.0320632
internal_weight=1343.6 1337.5 1296.83 59.9021 1236.93 40.6701 32.8014 6.10137 5.45924 4.91084
internal_count=4298 4181 4071 374 3697 110 94 117 113 107
is_linear=0
shrinkage=0.03


Tree=167
num_leaves=13
num_cat=0
split_feature=28 28 3 14 1 28 3 13 20 7 9 17
split_gain=5.0151 5.77219 16.6648 19.9641 15.4214 11.376 7.9081 6.54907 3.37871 6.45491 3.06061 0.663754
threshold=-0.0031090121984301382 -0.0019400998807267025 0.52511946736348702 0.33037720962686851 0.040376718902235084 -0.0017942009708373475 0.21716672655407937 0.023888303353189321 -0.02210254783811734 16138830.928000001 1.9277530606091309 -0.0060225376267000362
decision_type=2 2 2 2 2 2 2 2 2 2 2 2
left_child=8 2 3 -2 -4 7 -7 -3 10 -10 11 -1
right_child=1 5 4 -5 -6 6 -8 -9 9 -11 -12 -13
leaf_value=0.021299020390780687 -0.01329372154350239 -0.0018270158806453014 -0.02932673801666541 0.016532631877768558 -0.0025536275471771622 -0.0040657120171732949 0.0016839398345552452 0.026705822175229026 -0.029493107932546805 0.01761122829315975 0.0013223566356961936 0.03519115628039212
leaf_weight=5.7031817138195064 34.854258138686419 10.498527124524115 37.104397084563971 48.028717279434204 40.495262019336224 290.84220358077437 828.82490714453161 23.325181797146797 4.2271709851920587 6.8790033012628555 5.1361085176467887 6.7694172114133861
leaf_count=21 123 35 167 144 123 980 2587 46 24 19 14 15
internal_value=0.000237619 -3.34212e-05 -0.00536421 0.00398994 -0.0153552 0.00070824 0.000190423 0.0178495 0.0126402 -0.000317365 0.0208129 0.0288389
internal_weight=1342.69 1313.97 160.483 82.883 77.5997 1153.49 1119.67 33.8237 28.7149 11.1062 17.6087 12.4726
internal_count=4298 4205 557 267 290 3648 3567 81 93 43 50 36
is_linear=0
shrinkage=0.03


Tree=168
num_leaves=14
num_cat=0
split_feature=28 21 1 6 28 26 28 29 26 25 12 6 10
split_gain=4.995 7.60743 7.61697 7.92151 6.9311 21.3025 25.4869 24.6032 19.2794 23.6684 22.4703 6.89473 3.38477
threshold=0.0036248003368819742 1764352.5000000002 0.034102778518619453 14333.000000000002 0.0012652845293654551 0.0033237070122185937 0.00073060581873293773 0.062045832519046933 0.0034020427798266092 -0.000152581626249253 -0.025311534315069203 2852362.0000000005 0.00061447109476605753
decision_type=2 2 2 2 2 2 2 2 2 2 2 2 2
left_child=4 2 3 -2 5 6 -1 -7 9 -6 -10 -3 -4
right_child=1 11 12 -5 8 7 -8 -9 10 -11 -12 -13 -14
leaf_value=-0.00030834759596105312 0.028867023764490591 -0.03455072979680885 0.011215335310162777 -0.031438693113033385 -0.060117964413967849 -0.0032723045288878313 0.012699386783134 -0.062638737988248067 -0.057238841813909584 -0.0083841191308117163 0.0063694570606092297 0.017064583956825318 0.039236625562426235
leaf_weight=810.01761875580996 3.5155694968998459 5.2663522958755475 5.6420610733330276 4.4313644841313362 8.3879366014152748 17.051910564303402 162.81768346112221 9.9482191801071149 5.1870971955358973 155.66035766806453 137.33277838956565 4.17621760815382 12.420321084558962
leaf_count=2562 11 20 14 24 41 64 459 39 26 604 402 11 21
internal_value=0.000230689 0.0113417 0.0197151 -0.00476061 -7.08311e-05 0.00113916 0.00186868 -0.0251459 -0.00401708 -0.0110293 0.00405439 -0.0117225 0.0304837
internal_weight=1341.86 35.4519 26.0093 7.94693 1306.4 999.835 972.835 27.0001 306.568 164.048 142.52 9.44257 18.0624
internal_count=4298 101 70 35 4197 3124 3021 103 1073 645 428 31 35
is_linear=0
shrinkage=0.03


Tree=169
num_leaves=12
num_cat=0
split_feature=29 29 9 3 11 11 12 17 14 14 22
split_gain=4.92023 5.09056 9.56738 9.10207 6.35088 3.93877 5.57534 4.55341 1.70173 0.0162259 0.00169875
threshold=0.019982888506241938 0.020007434860058581 29.947422862453532 0.85507826551095956 0.019063851849436857 0.022862056081981452 -0.003243577903739477 0.002816626486927386 0.017660462983027137 0.077635376258588754 25398728.378000002
decision_type=2 2 2 2 2 2 2 2 2 2 2
left_child=8 5 4 -4 -3 6 -2 -7 -1 -10 -11
right_child=1 2 3 -5 -6 7 -8 -9 9 10 -12
leaf_value=0.019699899129494599 0.0076101333317456239 -0.0011462271292779565 -0.034076673245695611 0.021638206243458649 0.0033809268728470323 0.010504906191605694 0.03530922628592504 -0.03188285911590525 -0.037185894653641687 -0.031141437696040705 -0.032369187412232187
leaf_weight=0.62663744390010734 21.516158528625965 867.70310130435973 13.030731409788133 3.3091866374015799 410.97544044721872 5.8685541078448278 9.3961344212293643 3.7309068739414215 0.60901446640491474 1.4833925794810054 3.2071611024439335
leaf_count=4 59 2876 65 10 1120 16 19 16 7 53 53
internal_value=0.0002239 0.000344928 1.73387e-05 -0.0227932 0.000308829 0.0108168 0.0160296 -0.00596944 -0.0270511 -0.0325791 -0.0319809
internal_weight=1341.46 1335.53 1295.02 16.3399 1278.68 40.5118 30.9123 9.59946 5.92621 5.29957 4.69055
internal_count=4298 4181 4071 75 3996 110 78 32 117 113 106
is_linear=0
shrinkage=0.03


Tree=170
num_leaves=15
num_cat=0
split_feature=12 28 11 5 28 16 23 17 17 6 18 24 18 23
split_gain=5.01621 12.831 16.0227 15.6372 14.862 11.6679 15.3996 15.2688 12.9815 12.8862 10.9763 10.2304 9.16672 8.80575
threshold=-0.0044948500918650302 -0.0002300698038581718 0.021910616000600829 0.01332573109616155 -0.00041156080401135364 0.75000000000000011 2.4010994914928321 0.001146350062368373 0.0017088304636452142 49248.000000000007 0.0061207760289916195 0.35109866951228902 0.0079078147036377843 3.0485805934202794
decision_type=2 2 2 2 2 2 2 2 2 2 2 2 2 2
left_child=5 4 11 -4 10 7 12 9 -9 -1 -2 -3 -7 -8
right_child=1 2 3 -5 -6 6 13 8 -10 -11 -12 -13 -14 -15
leaf_value=-0.0058979447466197031 -0.02819680357190793 -0.042455648355416716 0.0018346970318037065 -0.047866934162329407 0.031178996908748962 -0.016327048369232173 -0.047998508751964382 -0.037249235197156887 -0.0048949867936564518 0.0050901844580266559 0.0030782346542201971 -0.013262367587660469 0.013044217900962621 -0.0045456879232182116
leaf_weight=124.81208972074091 10.972449588589368 12.65653850790113 115.04825358092785 5.9940219670534125 15.948389932513235 10.190453391522167 5.5090052708983448 11.711937570944427 237.29451706260443 416.89516241662204 126.95746989920735 73.7931565977633 155.41204953193665 17.628655083477497
leaf_count=539 85 93 322 22 36 54 24 53 769 1113 393 360 373 62
internal_value=0.000217207 -0.00280371 -0.00767186 -0.000626531 0.00376058 0.00133178 0.00803374 -0.000267955 -0.00641676 0.00255846 0.000590277 -0.0175364 0.0112368 -0.0148917
internal_weight=1340.82 361.37 207.492 121.042 153.878 979.454 188.74 790.714 249.006 541.707 137.93 86.4497 165.603 23.1377
internal_count=4298 1311 797 344 514 2987 513 2474 822 1652 478 453 427 86
is_linear=0
shrinkage=0.03


Tree=171
num_leaves=12
num_cat=0
split_feature=25 25 29 8 7 28 26 26 26 7 5
split_gain=4.97072 16.8747 18.8633 22.7679 14.0268 7.66571 33.416 20.9569 7.00721 5.46064 2.09214
threshold=0.00091992996561157724 0.00066001127197761367 0.039480697125769522 -0.007729734238716284 58921009.695000008 0.0012652845293654551 0.0034020427798266092 0.0033237070122185937 -0.0025552101342636037 21569427.341500003 -0.0055845662628890265
decision_type=2 2 2 2 2 2 2 2 2 2 2
left_child=1 5 3 -3 9 7 -7 -1 -4 -2 -6
right_child=4 2 8 -5 10 6 -8 -9 -10 -11 -12
leaf_value=0.0025707099889375955 -0.045434682690464252 0.063729282019730202 -0.017628614030183849 -0.038897511575043231 0.0095031363459309477 -0.01392355062114784 0.0053106737179361794 -0.024222750702921757 -0.052953527207889393 0.0034285461824411843 0.033201105867045895
leaf_weight=929.37334335874766 3.8728505419567245 4.2500081732869148 8.803719542920593 3.5881097652018097 4.4019213765859631 150.07643302995712 177.36549705360085 27.03746872022748 11.865325123071667 4.3933754563331604 14.068193316459654
leaf_count=2860 25 9 34 25 10 615 529 103 52 11 25
internal_value=0.000210849 -5.00364e-05 -0.0228794 0.0167491 0.0130165 0.000456876 -0.00350495 0.00181327 -0.0379073 -0.0194646 0.0275532
internal_weight=1339.1 1312.36 28.5072 7.83812 26.7363 1283.85 327.442 956.411 20.669 8.26623 18.4701
internal_count=4298 4227 120 34 71 4107 1144 2963 86 36 35
is_linear=0
shrinkage=0.03


Tree=172
num_leaves=13
num_cat=0
split_feature=28 26 13 23 18 28 9 28 22 10 21 22
split_gain=4.78426 6.48052 19.8209 16.9077 16.2298 11.6319 15.919 14.8267 3.29839 6.16303 3.31772 1.01912
threshold=-0.0031090121984301382 -0.002897423703660557 0.029156140008337574 0.6386788145770016 0.012035228755421594 -0.00058009564634078675 0.39837099156690803 -0.00041156080401135364 55473578.317000009 -0.0039008136903318927 1374133.5000000002 127164863.61550002
decision_type=2 2 2 2 2 2 2 2 2 2 2 2
left_child=8 2 3 -2 -4 6 -3 -7 9 -1 11 -10
right_child=1 5 4 -5 -6 7 -8 -9 10 -11 -12 -13
leaf_value=-0.036013154329672989 0.021712807626556946 -0.036116496314680363 -0.039260272521116898 -0.019365612125528262 0.0087804505143493968 -0.020272606335031265 0.0074236179775561901 -0.00012805820930305122 0.019741488789092494 0.016875850285522766 0.0040862672464790075 0.037297783916924558
leaf_weight=3.2137512415647507 10.111023068428038 7.779509086161851 6.8728311508893958 83.403462835587561 79.985116966068745 34.252297567203641 264.85063009429723 822.63593033608049 5.6122175753116625 5.177512753754856 7.9993699938058844 6.3346126228570938
leaf_count=14 27 31 31 366 193 128 734 2695 17 21 25 16
internal_value=0.00020452 -5.93115e-05 -0.00533975 -0.0149241 0.00497912 0.000783921 0.0061812 -0.000933294 0.0124 -0.00337999 0.0190386 0.0290504
internal_weight=1338.23 1309.89 180.372 93.5145 86.8579 1129.52 272.63 856.888 28.3375 8.39126 19.9462 11.9468
internal_count=4298 4205 617 393 224 3588 765 2823 93 35 58 33
is_linear=0
shrinkage=0.03


Tree=173
num_leaves=9
num_cat=0
split_feature=10 12 28 28 28 12 23 21
split_gain=4.7765 5.77957 12.8418 15.3369 14.3787 11.1038 11.1705 4.08938
threshold=0.05366446396704249 -0.0044948500918650302 -0.0002300698038581718 0.00036922789529572701 -0.00041156080401135364 -0.0045994755431058845 1.5228797561386604 1902075.0000000002
decision_type=2 2 2 2 2 2 2 2
left_child=1 5 4 -4 -3 6 -1 -2
right_child=7 2 3 -5 -6 -7 -8 -9
leaf_value=0.0030094557900686271 -0.0023997224478140068 0.00015802572887842426 -0.023267271619386801 -0.0036742360565159902 0.030372336333763812 0.038897062212350987 -0.0040841712744011304 0.030179532266512019
leaf_weight=681.67259098868817 5.7298607230186454 134.60489957686514 46.918887811712921 153.89112030901015 15.844044763594864 6.9830238241702309 282.62657670117915 8.7821901440620405
leaf_count=1988 15 472 205 579 36 16 970 17
internal_value=0.000198544 1.07159e-05 -0.00328708 -0.00825211 0.00333995 0.00120334 0.000930384 0.0173161
internal_weight=1337.05 1322.54 351.259 200.81 150.449 971.282 964.299 14.5121
internal_count=4298 4266 1292 784 508 2974 2958 32
is_linear=0
shrinkage=0.03


Tree=174
num_leaves=11
num_cat=0
split_feature=13 25 22 13 5 23 18 11 18 22
split_gain=4.71497 5.11539 5.60833 5.51522 5.48267 5.23751 1.85008 1.35734 0.150651 0.0192598
threshold=0.0071890312003027547 -0.001013258929688022 13113571.087000001 0.010977839976312546 0.00059689203890117136 0.36476702104817432 0.010353280031729984 0.0044261036761933468 0.004700658756093515 53665173.726500005
decision_type=2 2 2 2 2 2 2 2 2 2
left_child=7 4 5 -4 -2 -3 -6 8 9 -1
right_child=1 2 3 -5 6 -7 -8 -9 -10 -11
leaf_value=-0.031756405728394693 -0.0055727600461362783 0.024779888637415367 0.010476768109250021 -0.00011787765642833769 0.013480613940936227 -0.027462157232329035 0.035513237216533509 0.0017036795351589237 -0.047769991600394898 -0.036965171577304244
leaf_weight=1.2315331790596244 7.697577208280566 2.0429611951112738 45.841713044792414 1251.1184972133487 6.0557193756103498 11.172381532378493 7.9109558314085007 0.95678287092596281 1.0915547255426643 1.3276237398385999
leaf_count=33 23 7 202 3792 17 167 21 13 10 13
internal_value=0.000192738 0.000297545 5.8466e-05 0.000256595 0.0147562 -0.0193861 0.0259603 -0.0301028 -0.0384387 -0.0344586
internal_weight=1336.45 1331.84 1310.18 1296.96 21.6643 13.2153 13.9667 4.60749 3.65071 2.55916
internal_count=4298 4229 4168 3994 61 174 38 69 56 46
is_linear=0
shrinkage=0.03


Tree=175
num_leaves=12
num_cat=0
split_feature=6 22 4 6 29 18 8 17 22 8 1
split_gain=4.75556 9.4936 11.0192 8.79415 8.64274 7.14158 6.80238 7.71949 6.8558 6.56947 8.42962
threshold=3212391.0000000005 2130322752.2430003 312.50000000000006 2852362.0000000005 0.059072083041905359 0.020963326294619073 0.0053776509139485612 0.0056749019423629095 1047412882.0560001 0.028855330035895108 0.088339636632424709
decision_type=2 2 2 2 2 2 2 2 2 2 2
left_child=3 6 5 9 -5 -3 7 -2 -8 10 -1
right_child=1 2 -4 4 -6 -7 8 -9 -10 -11 -12
leaf_value=0.00016657848120623877 0.027439367064585118 -0.018765041367263965 -0.051225028870520779 -0.057503582899947156 0.0015621333346457482 0.020267225687251249 0.012911628234929988 -0.0089006513079966064 -0.031162694072413392 0.022667986586517353 -0.015333262258263453
leaf_weight=1210.9719802625477 31.107809789478779 7.9686514623463216 4.4341122806072226 4.7647772654890996 4.1903823912143707 8.9652036279439908 8.5404364466667158 6.3317191898822776 5.0572447180747977 11.372173011302946 32.424363754689693
leaf_count=3942 66 31 22 21 11 18 20 17 18 26 106
internal_value=0.000186969 0.00766418 -0.0091244 -0.000241438 -0.029865 0.00189961 0.0146931 0.0212936 -0.00348048 -3.00176e-05 -0.000237615
internal_weight=1336.13 72.4052 21.368 1263.72 8.95516 16.9339 51.0372 37.4395 13.5977 1254.77 1243.4
internal_count=4298 192 71 4106 32 49 121 83 38 4074 4048
is_linear=0
shrinkage=0.03


Tree=176
num_leaves=12
num_cat=0
split_feature=25 22 25 29 8 4 28 28 21 6 4
split_gain=4.69337 16.0074 15.8407 17.8536 21.2107 10.9071 7.11365 20.4783 13.0282 5.08281 2.74697
threshold=0.00091992996561157724 148835533.89150003 0.00066001127197761367 0.039480697125769522 -0.007729734238716284 27.500000000000004 0.0012652845293654551 0.0021844032956314916 62843.500000000007 101207.50000000001 302.50000000000006
decision_type=2 2 2 2 2 2 2 2 2 2 2
left_child=2 9 6 4 -4 -5 8 -8 -1 -2 -3
right_child=1 10 3 5 -6 -7 7 -9 -10 -11 -12
leaf_value=-0.014596146858239699 -0.047141211945447049 0.039349311023409529 0.06090242571333155 -0.0024590166337827919 -0.038550551961640055 -0.050879654796071525 -0.0098022746989386168 0.0054044764267828322 0.0024807523259922156 0.0021838830446658975 0.016417181806151412
leaf_weight=42.061934854835272 4.0379889132455018 9.1105204820632952 4.3063609302043915 5.8696999400854137 3.4975400175899294 14.604104466736315 189.29443350154907 137.66312261857092 912.07223420403898 3.5186133533716202 9.7135242223739606
leaf_count=217 26 15 9 21 25 65 733 411 2746 9 21
internal_value=0.000181474 0.0127097 -7.09391e-05 -0.0222808 0.0163297 -0.0369978 0.000419302 -0.00339958 0.00172794 -0.0241738 0.0275159
internal_weight=1335.75 26.3806 1309.37 28.2777 7.8039 20.4738 1281.09 326.958 954.134 7.5566 18.824
internal_count=4298 71 4227 120 34 86 4107 1144 2963 35 36
is_linear=0
shrinkage=0.03


Tree=177
num_leaves=10
num_cat=0
split_feature=13 9 17 22 17 23 26 26 17
split_gain=4.60879 5.31597 10.4095 14.0232 9.55166 8.81438 11.8837 7.49179 2.65087
threshold=0.072156857774529501 4.7036814134785638 -0.0082442048098285182 340149720.63900006 -0.0098715512262411362 3.3122308322374336 -0.001279158499740231 -0.0039613205269761424 0.0092509112379979136
decision_type=2 2 2 2 2 2 2 2 2
left_child=1 5 4 -4 -3 7 -7 -1 -2
right_child=8 2 3 -5 -6 6 -8 -9 -10
leaf_value=0.009799052770906742 0.0030105168780803471 0.00094187330061686503 -0.0039792521966968081 -0.02897667373192175 0.040004199664303013 -0.011385948441282443 0.029749452290814632 -0.00035703222041398082 0.029035164768322606
leaf_weight=69.632618879899383 6.4721273854374868 23.465426869690422 97.377361686900258 25.483074620366096 7.4138493090867987 9.1932341754436511 20.228546511381865 1067.7277925899252 7.7295588850975037
leaf_count=197 17 68 414 101 13 40 59 3374 15
internal_value=0.000176015 -6.80207e-06 -0.00525054 -0.00916409 0.0103204 0.000684134 0.0168961 0.000264754 0.017175
internal_weight=1334.72 1320.52 153.74 122.86 30.8793 1166.78 29.4218 1137.36 14.2017
internal_count=4298 4266 596 515 81 3670 99 3571 32
is_linear=0
shrinkage=0.03


Tree=178
num_leaves=14
num_cat=0
split_feature=1 4 7 4 14 20 1 4 14 1 5 13 20
split_gain=4.62505 15.8559 14.0023 11.8424 12.1477 10.4622 11.7931 10.8123 10.7783 10.5958 16.8669 12.3016 9.7333
threshold=0.029596736836521004 242.50000000000003 849179486.50600004 257.50000000000006 0.056888353581900135 -0.021603437558885358 0.088339636632424709 107.50000000000001 0.08332070523843349 0.032724382389899255 0.00049302305516823347 0.016817483182114321 -0.042847255626784278
decision_type=2 2 2 2 2 2 2 2 2 2 2 2 2
left_child=1 2 12 -3 -5 9 8 -8 -7 10 -2 -11 -1
right_child=5 3 -4 4 -6 6 7 -9 -10 11 -12 -13 -14
leaf_value=0.019024869818358006 -0.0049811509606325554 0.033552671843885808 -0.058789628794897818 0.022020493919796654 9.888814839832273e-05 -0.02505345201909805 -0.0032117262501777737 -0.065615902126701126 0.0065677345658259004 -0.023040143477572435 -0.052325826517269275 0.001198324775294953 -0.0065457299356547326
leaf_weight=13.999740794301031 24.413192022591829 11.489072436466811 4.4897418543696395 25.399048309773207 218.17652437556535 9.9487827681004983 6.8354010879993421 3.9386556893587112 390.26078323926777 20.181590160354972 9.3721357751637679 284.51099733263254 311.38664592057467
leaf_count=30 85 25 22 66 774 39 19 18 1094 98 43 786 1199
internal_value=0.00017081 -0.00182838 -0.00617159 0.0037887 0.00238478 0.00173114 0.00494785 -0.0260247 0.00578167 -0.00217462 -0.0181147 -0.000407132 -0.00544556
internal_weight=1334.4 584.941 329.876 255.065 243.576 749.462 410.984 10.7741 400.21 338.478 33.7853 304.693 325.386
internal_count=4298 2116 1251 865 840 2182 1170 37 1133 1012 128 884 1229
is_linear=0
shrinkage=0.03


Tree=179
num_leaves=12
num_cat=0
split_feature=6 22 4 6 23 18 8 22 13 1 5
split_gain=4.61072 8.87164 10.4838 8.28686 8.33197 6.53006 6.45166 6.38125 6.11798 7.34863 5.1374
threshold=3212391.0000000005 2130322752.2430003 312.50000000000006 2852362.0000000005 1.5601596536643332 0.020963326294619073 0.0053776509139485612 1047412882.0560001 0.072156857774529501 0.12663377598747735 0.00023490904711034711
decision_type=2 2 2 2 2 2 2 2 2 2 2
left_child=3 6 5 8 -5 -3 10 -8 9 -1 -2
right_child=1 2 -4 4 -6 -7 7 -9 -10 -11 -12
leaf_value=-9.0510824627372462e-05 0.01174971505811436 -0.017774668438115461 -0.050170560878117602 -0.0012712767902685164 -0.059390898997108657 0.019659104041150961 0.012549517021593862 -0.029992696654498205 0.020484916245500955 -0.030907456500462283 0.034526817068378443
leaf_weight=1232.8153032204136 22.382265150547028 7.9399281218648019 4.3662510178983203 4.6349050849676114 4.260672390460968 8.8898566514253599 8.487084358930586 5.0682770609855643 12.922252014279364 7.0037383735179892 14.808998450636862
leaf_count=4019 56 31 22 13 19 18 20 18 28 27 27
internal_value=0.000165789 0.00755282 -0.00874787 -0.000255444 -0.0291086 0.00199866 0.0143614 -0.00335679 -5.05608e-05 -0.000264596 0.0208192
internal_weight=1333.58 71.9427 21.196 1261.64 8.89558 16.8298 50.7466 13.5554 1252.74 1239.82 37.1913
internal_count=4298 192 71 4106 32 49 121 38 4074 4046 83
is_linear=0
shrinkage=0.03


end of trees

feature_importances:
qqq_vwap_dev=231
atr_20d_pct=227
qqq_gap=173
intra_turnover=139
qqq_intra_ret=135
pm_rvol=117
intra_curr_bar_range=116
pm_volume=91
intra_volume=86
pm_turnover=76
intra_range_retention=73
intra_low_from_open=71
intra_range_pct=67
pm_intra_gain=65
intra_dist_to_pm_high=61
intra_high_from_open=59
intra_curr_bar_ret=57
pm_final_velocity_10m=53
pm_surge_retention=52
intra_vol_acceleration=47
intra_rvol=46
pm_vwap_dev=39
pm_peak_to_open_mins=38
intra_return_from_open=35
pm_gap=26
intra_vwap_dev=25
alpha_vs_qqq=12
intra_upbar_ratio=9

parameters:
[boosting: gbdt]
[objective: binary]
[metric: binary_logloss]
[tree_learner: serial]
[device_type: cpu]
[data_sample_strategy: bagging]
[data: ]
[valid: ]
[num_iterations: 180]
[learning_rate: 0.03]
[num_leaves: 15]
[num_threads: 15]
[seed: 42]
[deterministic: 0]
[force_col_wise: 0]
[force_row_wise: 0]
[histogram_pool_size: -1]
[max_depth: 4]
[min_data_in_leaf: 15]
[min_sum_hessian_in_leaf: 0.001]
[bagging_fraction: 0.8]
[pos_bagging_fraction: 1]
[neg_bagging_fraction: 1]
[bagging_freq: 0]
[bagging_seed: 400]
[bagging_by_query: 0]
[feature_fraction: 0.8]
[feature_fraction_bynode: 1]
[feature_fraction_seed: 30056]
[extra_trees: 0]
[extra_seed: 12879]
[early_stopping_round: 0]
[early_stopping_min_delta: 0]
[first_metric_only: 0]
[max_delta_step: 0]
[lambda_l1: 0]
[lambda_l2: 0]
[linear_lambda: 0]
[min_gain_to_split: 0]
[drop_rate: 0.1]
[max_drop: 50]
[skip_drop: 0.5]
[xgboost_dart_mode: 0]
[uniform_drop: 0]
[drop_seed: 17869]
[top_rate: 0.2]
[other_rate: 0.1]
[min_data_per_group: 100]
[max_cat_threshold: 32]
[cat_l2: 10]
[cat_smooth: 10]
[max_cat_to_onehot: 4]
[top_k: 20]
[monotone_constraints: ]
[monotone_constraints_method: basic]
[monotone_penalty: 0]
[feature_contri: ]
[forcedsplits_filename: ]
[refit_decay_rate: 0.9]
[cegb_tradeoff: 1]
[cegb_penalty_split: 0]
[cegb_penalty_feature_lazy: ]
[cegb_penalty_feature_coupled: ]
[path_smooth: 0]
[interaction_constraints: ]
[verbosity: -1]
[saved_feature_importance_type: 0]
[use_quantized_grad: 0]
[num_grad_quant_bins: 4]
[quant_train_renew_leaf: 0]
[stochastic_rounding: 1]
[linear_tree: 0]
[max_bin: 255]
[max_bin_by_feature: ]
[min_data_in_bin: 3]
[bin_construct_sample_cnt: 200000]
[data_random_seed: 175]
[is_enable_sparse: 1]
[enable_bundle: 1]
[use_missing: 1]
[zero_as_missing: 0]
[feature_pre_filter: 1]
[pre_partition: 0]
[two_round: 0]
[header: 0]
[label_column: ]
[weight_column: ]
[group_column: ]
[ignore_column: ]
[categorical_feature: ]
[forcedbins_filename: ]
[precise_float_parser: 0]
[parser_config_file: ]
[objective_seed: 16083]
[num_class: 1]
[is_unbalance: 0]
[scale_pos_weight: 3.24284]
[sigmoid: 1]
[boost_from_average: 1]
[reg_sqrt: 0]
[alpha: 0.9]
[fair_c: 1]
[poisson_max_delta_step: 0.7]
[tweedie_variance_power: 1.5]
[lambdarank_truncation_level: 30]
[lambdarank_norm: 1]
[label_gain: ]
[lambdarank_position_bias_regularization: 0]
[eval_at: ]
[multi_error_top_k: 1]
[auc_mu_weights: ]
[num_machines: 1]
[local_listen_port: 12400]
[time_out: 120]
[machine_list_filename: ]
[machines: ]
[gpu_platform_id: -1]
[gpu_device_id: -1]
[gpu_device_id_list: ]
[gpu_use_dp: 0]
[num_gpu: 1]

end of parameters

pandas_categorical:[]
