tree
version=v4
num_class=1
num_tree_per_iteration=1
label_index=0
max_feature_idx=29
objective=binary sigmoid:1
feature_names=pm_gap pm_intra_gain pm_gain pm_surge_retention pm_peak_to_open_mins pm_final_velocity_10m pm_volume pm_turnover pm_vwap_dev pm_rvol intra_return_from_open intra_high_from_open intra_low_from_open intra_range_pct intra_range_retention intra_vwap_dev intra_upbar_ratio intra_curr_bar_ret intra_curr_bar_range intra_breakout_pm_high intra_dist_to_pm_high intra_volume intra_turnover intra_rvol intra_vol_acceleration qqq_gap qqq_intra_ret alpha_vs_qqq qqq_vwap_dev atr_20d_pct
feature_infos=[-0.061484272200206469:0.10594795539033457] [0:0.34499999999999997] none [0:1] [0:325] [-0.049238373759256451:0.34499999999999997] [0:31845058] [0:8569697149.3370008] [-0.092066306955677898:0.048037611719781194] [0:31845058] [-0.32773109243697479:0.12937020554468481] [0:0.15613681170051799] [-0.32773109243697479:0] [0:0.32773109243697479] [0:1] [-0.29805473418210221:0.04877766455888384] [0:1] [-0.041257907765655084:0.03626306084818684] [0:0.054290822407628211] [0:1] [-0.25650557620817843:0.12767134656615262] [308:60991815] [87756.130000000005:19584727465.042999] [0.0061599999999999997:53884511] [0.059435364041604752:5.0707841053530869] [-0.0011859246672332071:0.0012176347095871301] [-0.024314643890342991:0.0091320510748342919] [-0.32971155723993878:0.12572051156990971] [-0.012272693437878559:0.0064425331677144242] [0.0093137254901960592:0.71615304500823007]
tree_sizes=1705 1750 1741 1742 1752 1735 1631 1742 1643 1744 1743 1739 1736 1745 1648 1728 1639 1737 1741 1637 1638 1753 1744 1734 1740 1743 1538 1748 1735 1638 1731 1520 1746 1420 1751 1740 1752 1631 1432 1547 1755 1752 1656 1743 1432 1753 1758 1743 1540 1765 1636 1748 1647 1754 1748 1755 1550 1751 1441 1741 1749 1740 1544 1757 1639 1763 1755 1738 1756 1645 1749 1648 1645 1772 1742 1639 1635 1761 1429 1757 1761 1315 1535 1312 1770 1307 1434 1435 1748 1752 1308 1430 1747 1750 1437 1759 1308 1427 1438 1737 1528 1209 1443 1526 1306 1444 1752 1647 1543 1311 1654 1212 1760 1638 1432 1758 1756 1746 1754 1525 1312 1756 1430 1743 1454 1660 1519 1755 1311 1751 1658 1429 1433 1430 1314 1756 1342 1775 1208 1327 1528 1534 1315 1673 1783 1332 1310 1425 1541 1112 1209 1319 1761 1322 1318 1737 1436 1661 1212 1524 1116 1747 1672 1533 1550 1431 1105 1325 1542 1627 1317 1530 1760 1426 1108 1651 1431 1749 1761 1531

Tree=0
num_leaves=15
num_cat=0
split_feature=29 18 6 29 18 25 14 25 22 25 20 17 28 25
split_gain=875.733 169.084 123.692 98.2486 78.054 66.161 58.8271 56.7769 55.6512 32.838 31.8473 28.5885 19.569 18.663
threshold=0.043807468164590038 0.0090335858171180557 61582.000000000007 0.055984192898215462 0.0044084849583543593 -0.0003944043076717358 0.054702098906927572 -0.0003944043076717358 787685364.26500022 -0.00014680805425697666 0.034713414527126181 0.0057012111009250811 -0.0018079382079520194 -0.000152581626249253
decision_type=2 2 2 2 2 2 2 2 2 2 2 2 2 2
left_child=1 4 3 9 13 12 -3 -6 -8 -2 -7 -5 -4 -1
right_child=2 6 5 11 7 10 8 -9 -10 -11 -12 -13 -14 -15
leaf_value=-1.1889129692531546 -1.1384014490393111 -1.2058591022360505 -1.1281125231007751 -1.1089882579513723 -1.1399233001165401 -1.1223611099167825 -1.1519086297960086 -1.182513146582107 -1.1050323508007145 -1.1789038631882147 -1.0891448476035923 -1.165837514889265 -1.0823409622249565 -1.2163181290593219
leaf_weight=32.329441964626312 25.146648049354553 13.034232616424559 9.8132216930389387 51.109519243240356 32.251137971878052 449.23332947492599 79.734387636184692 222.67554479837418 31.917764246463776 63.533724188804626 27.573020040988922 9.4302604794502241 58.646557867527008 72.558012783527374
leaf_count=151 88 66 32 144 114 1405 304 1007 87 282 65 39 129 385
internal_value=-1.1447 -1.17565 -1.1231 -1.14731 -1.18609 -1.11648 -1.14555 -1.17713 -1.13851 -1.16742 -1.12044 -1.11784 -1.0889 -1.20787
internal_weight=1178.99 484.501 694.486 149.22 359.814 545.266 124.686 254.927 111.652 88.6804 476.806 60.5398 68.4598 104.887
internal_count=4298 2114 2184 553 1657 1631 457 1121 391 370 1470 183 161 536
is_linear=0
shrinkage=1


Tree=1
num_leaves=15
num_cat=0
split_feature=29 18 18 21 6 29 25 25 0 28 25 28 17 25
split_gain=773.192 198.802 81.7317 69.7356 59.4689 56.6096 52.5705 41.2385 39.882 33.493 29.9895 29.1629 24.5115 16.2987
threshold=0.047200015514282039 0.0088224253665429887 0.0044084849583543593 1045085.5000000001 61582.000000000007 0.055984192898215462 -0.0003944043076717358 -0.0003944043076717358 -0.0027246153217182112 2.0769923405786677e-05 -0.00036666288137811835 0.0024568429999544191 0.0057012111009250811 -0.000152581626249253
decision_type=2 2 2 2 2 2 2 2 2 2 2 2 2 2
left_child=1 2 13 10 5 8 -6 -4 -2 -5 -3 -8 -7 -1
right_child=4 3 7 9 6 12 11 -9 -10 -11 -12 -13 -14 -15
leaf_value=3.2118055960547536e-05 0.079353164889238173 0.067575545302605219 0.043509327665498393 0.034403940578572899 0.094211665185419444 0.074773208248257714 0.068639760781838186 0.0089797170359027772 0.016123395865364737 0.071629261392521765 0.01417438619113673 0.045014586983430319 0.022578175823641699 -0.025441096092504004
leaf_weight=32.705528259277344 10.796066418290136 11.043535828590391 35.56971150636673 31.950815051794052 67.505345970392227 53.286556750535965 390.85546080768108 249.32615248858929 53.310449361801147 68.15441270172596 66.207190036773682 53.455644845962524 9.5486020892858487 73.208527371287346
leaf_count=153 30 33 125 119 148 144 1125 1106 226 193 282 183 39 392
internal_value=0.0423402 0.0168804 0.00492576 0.0432227 0.0649863 0.046606 0.069545 0.0132908 0.0267718 0.059748 0.0218085 0.0657974 0.0668415 -0.0175751
internal_weight=1206.92 568.166 390.81 177.356 638.758 126.942 511.816 284.896 64.1065 100.105 77.2507 444.311 62.8352 105.914
internal_count=4298 2403 1776 627 1895 439 1456 1231 256 312 315 1308 183 545
is_linear=0
shrinkage=0.03


Tree=2
num_leaves=15
num_cat=0
split_feature=29 18 6 29 18 14 25 25 6 15 20 17 25 28
split_gain=687.528 140.51 92.8447 76.3572 69.0749 51.0658 47.3576 46.16 44.4121 30.5333 25.482 21.265 17.3934 15.2351
threshold=0.043807468164590038 0.0090335858171180557 61582.000000000007 0.055984192898215462 0.0044084849583543593 0.054702098906927572 -0.0003944043076717358 -0.0003944043076717358 484459.00000000006 -0.013950851134986038 0.034713414527126181 0.0057012111009250811 -0.000152581626249253 -0.0018079382079520194
decision_type=2 2 2 2 2 2 2 2 2 2 2 2 2 2
left_child=1 4 3 9 12 -3 -6 13 -7 -2 -9 -5 -1 -4
right_child=2 5 7 11 6 8 -8 10 -10 -11 -12 -13 -14 -15
leaf_value=0.00048165752117136358 0.077948245188977916 -0.016730916687246161 0.052480940959876807 0.069881471403465942 0.044411305141819617 0.032213844515848786 0.0063459399858808501 0.059009101981919478 0.071004506812265888 0.01487317969341595 0.087527783055995248 0.021640910361073521 -0.026089542160683529 0.091300917399208981
leaf_weight=32.338575124740601 7.5316545218229285 13.125365316867827 10.586563155055044 55.274128973484039 33.847632765769958 76.593617394566536 224.62672682106495 479.85583229362965 40.667958050966263 83.30505046248436 29.95832784473896 9.661517456173895 70.526236295700073 64.737751051783562
leaf_count=151 20 66 32 144 114 284 1007 1405 107 350 65 39 385 129
internal_value=0.0401917 0.0126893 0.0584444 0.0378617 0.00305603 0.0393857 0.0113307 0.0639238 0.045667 0.020103 0.060685 0.0627039 -0.0177361 0.0858449
internal_weight=1232.64 491.726 740.911 155.772 361.339 130.387 258.474 585.138 117.262 90.8367 509.814 64.9356 102.865 75.3243
internal_count=4298 2114 2184 553 1657 457 1121 1631 391 370 1470 183 536 161
is_linear=0
shrinkage=0.03


Tree=3
num_leaves=15
num_cat=0
split_feature=29 18 6 6 29 18 11 28 25 22 28 3 25 25
split_gain=613.351 129.406 84.7225 81.8328 55.4381 52.1703 46.67 44.2933 43.8003 26.6801 25.407 24.1542 16.7717 15.6114
threshold=0.043807468164590038 0.0076832531502097666 484459.00000000006 45812.000000000007 0.047200015514282039 0.0044084849583543593 0.012270121085408101 0.00060450073212614508 -0.0003944043076717358 34337116.505500011 0.0054961807543722875 0.89426282112903466 -0.000152581626249253 1.6511671285612653e-05
decision_type=2 2 2 2 2 2 2 2 2 2 2 2 2 2
left_child=1 5 6 4 13 12 -3 -6 -5 -7 -10 -4 -1 -2
right_child=3 2 11 8 7 9 -8 -9 10 -11 -12 -13 -14 -15
leaf_value=0.00046708593454929408 0.012461757802503805 -0.0032429032147954155 0.052954575832638406 0.079658579547524075 0.018071263874643567 -0.02192624841694045 0.033307455176282787 0.057808518958927052 0.055511901151199569 0.012743168328840614 0.10141082035338085 0.10519480165449903 -0.025682517671298519 -0.039472573438519558
leaf_weight=32.346879661083221 11.299094304442407 53.968899831175804 50.51051789522171 84.264516785740852 42.027058124542236 22.453477948904037 75.321761041879654 63.224095493555069 539.95006948709488 181.15036562085152 11.076711952686308 9.4571389853954297 69.51011598110199 9.665212467312811
leaf_count=151 47 246 152 176 162 114 275 188 1538 774 20 17 385 53
internal_value=0.0382355 0.0122279 0.0317205 0.0551315 0.0330678 0.000150668 0.0180505 0.0419413 0.059515 0.00891982 0.0564346 0.0611931 -0.0173781 -0.0114816
internal_weight=1256.23 494.719 189.258 761.507 126.215 305.461 129.291 105.251 635.291 203.604 551.027 59.9677 101.857 20.9643
internal_count=4298 2114 690 2184 450 1424 521 350 1734 888 1558 169 536 100
is_linear=0
shrinkage=0.03


Tree=4
num_leaves=15
num_cat=0
split_feature=29 18 6 29 18 14 25 22 25 25 28 17 25 28
split_gain=550.097 119.638 72.7332 64.691 61.1094 44.9814 42.9898 35.1374 34.8225 26.8165 22.9975 18.5937 16.1716 12.7048
threshold=0.043807468164590038 0.0090335858171180557 61582.000000000007 0.055984192898215462 0.0044084849583543593 0.054702098906927572 -0.0003944043076717358 787685364.26500022 -0.0003944043076717358 -0.00014680805425697666 0.0024568429999544191 0.0057012111009250811 -0.000152581626249253 -0.0018079382079520194
decision_type=2 2 2 2 2 2 2 2 2 2 2 2 2 2
left_child=1 4 3 9 12 -3 -6 -7 13 -2 -10 -5 -1 -4
right_child=2 5 8 11 6 7 -8 -9 10 -11 -12 -13 -14 -15
leaf_value=0.00045296058861770479 0.043144671519891507 -0.016812884136603735 0.045591862533362934 0.062912943719032985 0.041505175825786597 0.031070480219626939 0.005696687824415147 0.066268611440321604 0.056348571477006296 0.0077053995150118135 0.037166154221586083 0.018682317248248637 -0.025281883270142823 0.079969600111590003
leaf_weight=32.354931235313416 27.072338879108429 13.149739325046538 11.237177357077597 58.251886948943138 34.801697596907616 85.401020064949989 226.92904788255692 36.407089695334435 474.29105390608311 66.22287729382515 63.817729949951172 10.026094779372213 68.508536100387573 69.600530564785004
leaf_count=151 88 66 32 144 114 304 1007 87 1269 282 201 39 385 129
internal_value=0.0364385 0.0117874 0.0521526 0.0342285 0.00281258 0.0359002 0.0104581 0.0415908 0.0568316 0.0179891 0.0540736 0.056418 -0.0170267 0.0751908
internal_weight=1278.07 497.552 780.52 161.573 362.594 134.958 261.731 121.808 618.946 93.2952 538.109 68.278 100.863 80.8377
internal_count=4298 2114 2184 553 1657 457 1121 391 1631 370 1470 183 536 161
is_linear=0
shrinkage=0.03


Tree=5
num_leaves=15
num_cat=0
split_feature=18 6 18 9 7 25 11 20 7 18 22 21 26 1
split_gain=411.538 139.918 58.7423 56.2698 51.8383 47.4811 45.8362 34.3027 34.1956 33.432 19.3612 24.5082 18.3553 9.58572
threshold=0.006244040243533062 61582.000000000007 0.0044084849583543593 2.2387634641110501 1138091.9525000004 -0.00036666288137811835 0.041444997156256866 0.0229199991499093 4775309.8645000011 0.019674840638912183 138893731.42600003 4042803.5000000005 -0.0035323386302439741 0.028408434727338363
decision_type=2 2 2 2 2 2 2 2 2 2 2 2 2 2
left_child=2 3 10 4 -2 12 8 -7 -4 -5 13 -12 -3 -1
right_child=1 5 6 9 -6 7 -8 -9 -10 -11 11 -13 -14 -15
leaf_value=-0.030742213432549851 -0.021053544332196233 0.03447791287009136 -0.0095680932268154776 -0.011134839141666273 0.035909457091582477 0.044566441514713749 0.096727137226492427 0.066865326367353511 0.019746890757221521 0.077580466123075828 0.018492603038646114 -0.038458333854123478 0.072696473064985848 -0.0069295782842846371
leaf_weight=50.954573050141335 15.638531386852263 12.808328852057455 52.124971449375153 47.305664375424385 178.42509579658508 593.57826481759548 5.7495656907558432 69.340590357780457 114.43395662307739 4.1591515988111487 25.848322406411171 9.2287563234567624 96.667465552687645 21.690915182232857
leaf_count=289 77 39 245 218 603 1736 12 158 440 10 115 54 193 109
internal_value=0.0347904 0.0436506 0.0025834 0.0239232 0.0313191 0.0499216 0.0134475 0.0468989 0.0105727 -0.00396527 -0.0147943 0.00350885 0.068225 -0.0236321
internal_weight=1297.95 1017.92 280.031 245.528 194.064 772.395 172.308 662.919 166.559 51.4648 107.723 35.0771 109.476 72.6455
internal_count=4298 3034 1264 908 680 2126 697 1894 685 228 567 169 232 398
is_linear=0
shrinkage=0.03


Tree=6
num_leaves=14
num_cat=0
split_feature=29 7 29 23 21 25 25 6 13 23 25 7 17
split_gain=467.207 135.614 70.5053 99.573 45.2026 41.4173 42.8839 39.8964 29.8581 38.4735 22.1487 18.2233 2.09636
threshold=0.047200015514282039 7676368.0275000008 0.033022913717809556 20.194176156104678 701442.50000000012 -0.00038043631396730772 -0.00066367208651680395 3257.0000000000005 0.029230148155037793 0.75238508921034108 -0.0003944043076717358 1305474.1010000003 0.00055629417885600611
decision_type=2 2 2 2 2 2 2 2 2 2 2 2 2
left_child=1 5 3 -3 -4 6 -1 12 9 -9 -10 -7 -2
right_child=7 2 4 -5 -6 11 -8 8 10 -11 -12 -13 -14
leaf_value=-0.029990627630675237 -0.040860114637331441 -0.003209029606267825 0.013814820685124437 0.067824614700572453 0.041690800993813094 -0.027517465291826356 0.044767025335020728 0.055176063114494633 0.068401802436127632 0.025238725397487498 0.050960940984246854 -0.0061009117151491323 -0.0063588124749044397
leaf_weight=9.653654530644415 3.4896123856306067 123.5586298853159 74.726101085543633 20.742013081908226 174.86436672508717 52.438135892152786 24.263348296284676 69.356897756457329 75.76065768301487 87.219996869564056 485.39193771779537 112.41233362257481 2.90412537753582
leaf_count=49 18 564 302 52 535 287 79 174 145 284 1261 535 13
internal_value=0.0332523 0.0134998 0.0236941 0.00700146 0.0333449 -0.00670182 0.0234891 0.0494188 0.0500834 0.0384997 0.0533156 -0.0129134 -0.0251891
internal_weight=1316.78 592.659 393.891 144.301 249.59 198.767 33.917 724.123 717.729 156.577 561.153 164.85 6.39374
internal_count=4298 2403 1453 616 837 950 128 1895 1864 458 1406 822 31
is_linear=0
shrinkage=0.03


Tree=7
num_leaves=15
num_cat=0
split_feature=29 17 23 29 6 29 13 25 25 6 28 25 28 13
split_gain=424.652 90.5372 60.6549 70.758 57.6859 41.8465 33.4669 30.9353 29.7285 36.0692 21.2557 21.0128 7.50536 6.42625
threshold=0.042238464618594575 0.0055466127917881674 20.194176156104678 0.032398442985910422 45812.000000000007 0.054853966217673765 0.016747684952610593 -0.0003944043076717358 -0.00036666288137811835 26567.500000000004 0.00064704198932779438 -0.00014680805425697666 0.001330193002310315 0.041955852538194456
decision_type=2 2 2 2 2 2 2 2 2 2 2 2 2 2
left_child=1 2 3 -1 5 11 12 -8 -3 -10 -7 -2 -6 -4
right_child=4 8 13 -5 6 10 7 -9 9 -11 -12 -13 -14 -15
leaf_value=-0.011053718649702653 0.037318921461954202 0.084706617313175539 0.043778933292405807 0.014837401109466209 -0.042642038578579726 0.024070782995484187 0.064212846865393677 0.045900651406131164 -0.020116907850280683 0.043178553221598456 0.060540671628958348 0.0048281401002169969 0.018366335639874082 0.082895469118237572
leaf_weight=205.84587235748768 24.98240639269352 11.581315338611601 8.1025268733501417 176.41390115022659 4.1389858126640311 23.49558861553669 95.920728653669357 617.63117256760597 9.8734633177518827 45.181893959641457 37.084333747625351 63.321361735463142 3.2319368124008179 7.0851822197437277
leaf_count=1015 79 21 25 703 20 75 182 1615 48 135 87 268 11 14
internal_value=0.0318303 0.00865681 0.00323115 0.000895102 0.0441944 0.0271938 0.0477054 0.0483623 0.0410176 0.0318273 0.046396 0.0140202 -0.0158916 0.0620271
internal_weight=1333.89 464.084 397.447 382.26 869.807 148.884 720.923 713.552 66.6367 55.0554 60.5799 88.3038 7.37092 15.1877
internal_count=4298 1961 1757 1718 2337 509 1828 1797 204 183 162 347 31 39
is_linear=0
shrinkage=0.03


Tree=8
num_leaves=14
num_cat=0
split_feature=29 7 18 17 25 28 6 13 20 28 25 0 17
split_gain=389.234 119.622 66.4743 39.419 38.0185 43.0675 35.1699 25.5713 26.0976 18.2229 18.2078 17.8099 2.03218
threshold=0.047200015514282039 7676368.0275000008 0.0045977805083309295 0.0058164701252818298 -0.00038043631396730772 -0.001461349191598697 3257.0000000000005 0.029230148155037793 0.0090606826674310605 0.0022481836739079463 -0.0003944043076717358 0.0023406268383379457 0.00055629417885600611
decision_type=2 2 2 2 2 2 2 2 2 2 2 2 2
left_child=1 4 11 -4 5 -1 12 8 -8 -6 -9 -3 -2
right_child=6 2 3 -5 9 -7 7 10 -10 -11 -12 -13 -14
leaf_value=-0.039976970302279494 -0.04073853903697533 -0.0178396351394196 0.021573261970863237 0.047037418282166996 -0.00816638704960654 0.040189814448255541 0.037314664275916835 0.061845436267634377 -0.026622961823601098 -0.035134716713035405 0.046344683993862809 0.034776042405035359 -0.006773655141492696
leaf_weight=7.794380158185958 3.4620520621538153 42.666886106133461 284.32300713658333 67.750262349843979 136.64953108131886 26.661508455872536 155.50171256065369 78.893678590655327 5.9659729003906241 27.006995543837547 503.24103289842606 6.6989998668432227 2.9248234331607819
leaf_count=42 18 227 1018 181 669 86 432 145 26 153 1261 27 13
internal_value=0.0305082 0.0124885 0.0219021 0.0264734 -0.00658662 0.022055 0.0449134 0.0455155 0.0349523 -0.0126168 0.0484454 -0.0106996 -0.0251846
internal_weight=1349.54 599.552 401.439 352.073 198.112 34.4559 749.989 743.602 161.468 163.657 582.135 49.3659 6.38688
internal_count=4298 2403 1453 1199 950 128 1895 1864 458 822 1406 254 31
is_linear=0
shrinkage=0.03


Tree=9
num_leaves=15
num_cat=0
split_feature=29 6 7 29 18 9 13 25 22 28 0 28 25 8
split_gain=357.685 94.1026 56.8959 52.9308 40.847 47.6646 36.4807 34.4715 28.9058 24.7064 19.1645 18.7519 18.1954 18.399
threshold=0.036782634458875071 45812.000000000007 1305474.1010000003 0.054853966217673765 0.0088224253665429887 1.4200262155229615 0.016747684952610593 -0.00036666288137811835 91784051.516500011 -0.00072610537945134621 3.0706781426749107e-05 0.00064704198932779438 -0.00010520802191165431 0.0043499696808780358
decision_type=2 2 2 2 2 2 2 2 2 2 2 2 2 2
left_child=2 3 12 8 5 -4 10 -8 -2 -6 -3 -5 13 -1
right_child=1 6 4 11 9 -7 7 -9 -10 -11 -12 -13 -14 -15
leaf_value=-0.020071201286985252 -0.0035519211378957647 0.026108832935106921 0.021837997511527363 0.021531219410272223 -0.0014893132999629329 -0.0083596646720054176 0.057846795127544835 0.040774833814048644 0.024408308385492006 0.038032297733065448 -0.041408253896411097 0.055278059200536446 -0.038246188569887901 0.054584753747168945
leaf_weight=10.205432474613188 74.68031133711338 8.723112076520918 68.902757003903389 24.087324604392052 19.542914599180222 148.27735815942287 126.00840744376183 685.72662262618542 60.022989332675934 52.422010600566864 6.6819981485605231 38.513277307152748 35.971171319484711 4.1911861449480048
leaf_count=52 329 30 279 75 79 709 244 1784 213 155 34 87 214 14
internal_value=0.0292722 0.0381163 0.00258592 0.0194997 0.00771161 0.00122087 0.042557 0.043425 0.00890699 0.0272997 -0.00317684 0.042293 -0.026839 0.00166286
internal_weight=1363.96 1024.44 339.513 197.304 289.145 217.18 827.14 811.735 134.703 71.9649 15.4051 62.6006 50.3678 14.3966
internal_count=4298 2796 1502 704 1222 988 2092 2028 542 234 64 162 280 66
is_linear=0
shrinkage=0.03


Tree=10
num_leaves=15
num_cat=0
split_feature=29 18 9 25 21 26 26 22 20 13 23 12 22 29
split_gain=330.303 101.716 49.5086 41.4365 37.9436 36.345 36.8285 30.256 26.457 20.9878 33.8941 17.6407 16.8753 14.0067
threshold=0.047200015514282039 0.0088224253665429887 1.4200262155229615 -0.00011775243431594598 308079.50000000006 0.00051541919649510852 -0.00040604521516279541 39212954.939000003 -0.051554834732463785 0.029230148155037793 0.75238508921034108 -0.019880352053151824 31075932.824500002 0.057048793532669069
decision_type=2 2 2 2 2 2 2 2 2 2 2 2 2 2
left_child=1 2 3 -1 -4 6 -3 12 -7 10 -9 -11 13 -2
right_child=7 5 4 -5 -6 8 -8 9 -10 11 -12 -13 -14 -15
leaf_value=0.035191873335126515 -0.0078788937934539394 0.021284674969361927 -0.028449593132679692 0.0045908740160262394 0.00038140197210089638 -0.0015092785167012985 -0.04213977251823979 0.048545217251668417 0.045710131162078602 0.038784296398271814 0.020655855756917873 0.049251874338497127 -0.030297146560057275 0.055257802093934286
leaf_weight=58.110302165150642 5.8645666241645831 84.620913043618202 54.960449546575546 126.56146030128002 162.70564845204353 11.990053996443747 9.12860159575939 68.147615253925323 97.688318535685539 255.1644884198904 92.38513770699501 335.30972644686699 7.6133178025484076 6.8633144795894623
leaf_count=196 25 284 295 564 721 47 45 157 251 633 285 746 34 15
internal_value=0.0281154 0.0115361 0.00279489 0.01422 -0.00689839 0.0288245 0.0151089 0.0411357 0.0405481 0.0421135 0.0324951 0.0447285 0.00503331 0.0261666
internal_weight=1377.11 605.766 402.338 184.672 217.666 203.428 93.7495 771.348 109.678 751.007 160.533 590.474 20.3412 12.7279
internal_count=4298 2403 1776 760 1016 627 329 1895 298 1821 442 1379 74 40
is_linear=0
shrinkage=0.03


Tree=11
num_leaves=15
num_cat=0
split_feature=29 23 29 21 29 21 1 17 25 1 17 26 0 8
split_gain=307.054 77.3558 70.1949 76.164 34.6167 45.1797 30.2195 21.2862 21.082 13.7133 26.3882 17.6362 9.19753 7.62696
threshold=0.036782634458875071 20.194176156104678 0.055984192898215462 701442.50000000012 0.032398442985910422 1464799.0000000002 0.020889358316837536 0.0055466127917881674 -1.6886585215245015e-05 0.024523589899937557 0.0035219339572627921 0.0037884351521818545 -1.0000000180025095e-35 0.0057514297092508193
decision_type=2 2 2 2 2 2 2 2 2 2 2 2 2 2
left_child=1 4 3 6 7 -6 -2 -1 -5 10 -4 -11 13 -3
right_child=2 12 9 8 5 -7 -8 -9 -10 11 -12 -13 -14 -15
leaf_value=-0.010850505740060905 -0.021944184833681223 0.056531202168957344 0.041711585951610244 0.044395823726901019 0.0011627379612718196 0.048615549794017561 0.016172224063408704 0.020191088541583236 0.02874026034498435 0.04087925365076097 0.0030980693536947876 0.053967517508704342 0.072827937328271877 0.0037972137489707312
leaf_weight=204.52296495437622 21.06438048183918 5.8950674533844012 56.978372901678085 145.53145998716354 66.497506514191628 24.789327085018158 168.19993095099926 22.022424131631851 165.39196822047234 342.457619830966 22.109144434332848 127.02768039703369 12.606845065951346 4.2464665025472641
leaf_count=1015 101 14 133 350 289 68 602 76 479 802 73 256 24 16
internal_value=0.0270256 0.00227686 0.0350626 0.0269345 -0.00154816 0.0140488 0.01193 -0.00783296 0.036068 0.0424737 0.0309171 0.0444205 0.0557187 0.0344504
internal_weight=1389.34 340.581 1048.76 500.188 317.832 91.2868 189.264 226.545 310.923 548.573 79.0875 469.485 22.7484 10.1415
internal_count=4298 1502 2796 1532 1448 357 703 1091 829 1264 206 1058 54 30
is_linear=0
shrinkage=0.03


Tree=12
num_leaves=15
num_cat=0
split_feature=29 18 18 29 22 11 6 15 7 3 23 5 13 28
split_gain=283.785 78.4687 39.5368 39.493 57.8153 33.6061 28.9662 34.7569 25.487 23.6288 15.255 13.5567 13.8527 13.1977
threshold=0.042238464618594575 0.0088224253665429887 0.0044084849583543593 0.055984192898215462 84979383.410000011 0.013021474645533694 484459.00000000006 -0.000525456168331401 1305474.1010000003 0.65096100489330577 2.1108659649763393 0.019477075874674458 0.021415884600018417 0.0010935644688724775
decision_type=2 2 2 2 2 2 2 2 2 2 2 2 2 2
left_child=1 2 10 4 9 -6 7 -3 -4 -2 -1 12 -5 -13
right_child=3 6 8 11 5 -7 -8 -9 -10 -11 -12 13 -14 -15
leaf_value=-0.022187129514697607 0.013957437172677859 -0.0040134126983549078 -0.021355533213897875 0.011470776336640337 0.021190392683490048 0.041397398305926453 0.045020423478442706 0.033245911815241037 0.0092331865091175025 -0.026076236077465276 0.012002922530248063 -0.028254504301648893 0.04217710693900132 0.035475039470801981
leaf_weight=80.8360236287117 44.045545101165771 41.685381129384041 27.726612716913223 13.561441496014593 122.44352124631405 187.5026725679636 47.615810334682465 49.042135193943977 211.6723764538765 18.989505216479301 13.741670385003088 4.9657912105321866 529.40832643210888 7.1146408021450043
leaf_count=459 163 171 145 41 361 460 111 147 862 89 66 19 1187 17
internal_value=0.0260031 0.00707264 -0.000797317 0.0356377 0.0280881 0.0334147 0.0260716 0.0161269 0.00569047 0.00189717 -0.0172195 0.0407108 0.0414102 0.00927833
internal_weight=1400.35 472.32 333.977 928.031 372.981 309.946 138.343 90.7275 239.399 63.0351 94.5777 555.05 542.97 12.0804
internal_count=4298 1961 1532 2337 1073 821 429 318 1007 252 525 1264 1228 36
is_linear=0
shrinkage=0.03


Tree=13
num_leaves=15
num_cat=0
split_feature=29 6 7 29 18 29 25 20 3 26 25 8 28 0
split_gain=263.135 72.2778 50.9091 40.3901 32.7067 36.2993 31.133 25.5346 24.7142 18.3207 17.744 17.1211 16.5533 13.9719
threshold=0.036782634458875071 45812.000000000007 1305474.1010000003 0.054853966217673765 0.0044084849583543593 0.020007434860058581 -0.00036666288137811835 0.031743211080386254 0.64754179095505682 -0.0035323386302439741 -0.00010520802191165431 0.0043499696808780358 0.00064704198932779438 0.0022656669076704006
decision_type=2 2 2 2 2 2 2 2 2 2 2 2 2 2
left_child=2 3 10 8 13 -6 9 -8 -2 -3 11 -1 -5 -4
right_child=1 6 4 12 5 -7 7 -9 -10 -11 -12 -13 -14 -15
leaf_value=-0.019523111538448861 0.015613951893347288 0.018165590718536632 -0.018046457086655178 0.016531498785486612 0.038760565507865712 0.0067763451196574337 0.032244837358396734 0.054988024360164846 -0.011780945682679152 0.053486710498272388 -0.037787737989805191 0.052092549383285426 0.047485726547024244 0.02042460671328819
leaf_weight=10.050717696547506 94.809018507599831 14.889345914125441 54.347129419445992 25.214014336466789 38.434456557035446 188.85349382460117 685.84200344979763 47.506799682974815 43.116729691624641 117.63221797347069 34.720652058720589 4.2854154258966437 40.560092702507973 10.070643872022627
leaf_count=52 353 41 304 75 113 759 1755 87 189 209 214 14 87 46
internal_value=0.0250395 0.0323538 0.00208179 0.0162751 0.00683701 0.0121849 0.0361364 0.0337182 0.00705008 0.0495182 -0.0261941 0.00188453 0.0356197 -0.0120321
internal_weight=1410.33 1069.57 340.763 203.7 291.706 227.288 865.87 733.349 137.926 132.522 49.0568 14.3361 65.7741 64.4178
internal_count=4298 2796 1502 704 1222 872 2092 1842 542 250 280 66 162 350
is_linear=0
shrinkage=0.03


Tree=14
num_leaves=14
num_cat=0
split_feature=29 7 17 25 28 29 6 26 25 28 25 20 29
split_gain=245.386 85.3896 41.2956 34.1291 38.5989 33.3667 27.3838 18.6505 47.2467 17.1236 14.2783 11.0149 1.97678
threshold=0.047200015514282039 7676368.0275000008 0.0058164701252818298 -0.00038043631396730772 -0.001461349191598697 0.034059807947633837 3257.0000000000005 -0.0060459733181610692 0.00060394083698791785 0.0022481836739079463 -0.00036666288137811835 -0.097139390641697673 0.053953235988733618
decision_type=2 2 2 2 2 2 2 2 2 2 2 2 2
left_child=1 3 5 4 -1 -3 12 11 -9 -5 -4 -8 -2
right_child=6 2 10 9 -6 -7 7 8 -10 -11 -12 -13 -14
leaf_value=-0.039540161432050303 -0.0095791109646728399 0.0017424476729404632 0.066919222586168475 -0.0079707801193407909 0.036993562212510454 0.020771595125235531 -0.047886891656979284 0.035957550479603993 -0.0020957929562529453 -0.034550247572928156 0.031969499545646353 0.056098194896316587 -0.0426354239555344
leaf_weight=7.5680156201124182 3.2343892604112616 137.42780183255672 12.772585794329641 135.6900323331356 27.414757266640663 209.13216646015644 0.93567647039890189 720.18285998702049 30.613104328513145 25.993422120809555 59.661871507763863 45.478374987840652 3.2784708291292191
leaf_count=42 15 598 20 669 86 674 4 1674 101 153 161 85 16
internal_value=0.0241291 0.00987696 0.0175314 -0.00643072 0.0204366 0.0132256 0.0350463 0.0355468 0.034406 -0.0122439 0.0381323 0.0540019 -0.0262191
internal_weight=1419.38 615.661 418.994 196.666 34.9828 346.56 803.723 797.21 750.796 161.683 72.4345 46.4141 6.51286
internal_count=4298 2403 1453 950 128 1272 1895 1864 1775 822 181 89 31
is_linear=0
shrinkage=0.03


Tree=15
num_leaves=15
num_cat=0
split_feature=29 18 6 29 22 9 8 18 3 23 9 0 1 15
split_gain=227.264 66.9756 54.5792 33.2 49.1808 32.8633 24.9013 22.0902 21.3183 14.7468 15.1828 12.5984 12.2409 24.1395
threshold=0.042238464618594575 0.0044084849583543593 484459.00000000006 0.055984192898215462 84979383.410000011 1.2847857417063702 0.010407031608731422 0.0077284238237710521 0.65096100489330577 2.1108659649763393 2.8721966431091461 0.0022656669076704006 0.024523589899937557 0.012507748717300269
decision_type=2 2 2 2 2 2 2 2 2 2 2 2 2 2
left_child=1 9 5 4 8 -3 -6 -4 -2 11 -11 -1 13 -5
right_child=3 2 7 12 6 -7 -8 -9 -10 10 -12 -13 -14 -15
leaf_value=-0.027108659335162485 0.012069723731855291 0.017685310898937576 0.013118386905228633 0.031636268828959702 0.025473262761543682 -0.0031545571754375283 0.046359946796468467 0.042261177059475546 -0.025935126958094083 0.050359057903449939 -0.013950286498093645 0.0042577294723046824 0.038109499118121185 -0.018175537222244225
leaf_weight=64.962490633130074 44.974097102880478 113.4600016772747 38.033780232071877 72.096784204244614 253.98431113362312 170.35585123300552 64.397255405783653 60.876959592103958 18.851721957325935 5.5646571218967429 8.133139103651045 14.010102868080137 488.07377944886684 9.9663962423801404
leaf_count=387 163 426 145 170 686 722 135 143 89 22 44 72 1058 36
internal_value=0.0232643 0.00632362 0.0118645 0.0317208 0.0248796 0.00517652 0.0296979 0.031055 0.000844535 -0.01656 0.012175 -0.0215441 0.036307 0.0255867
internal_weight=1427.74 475.397 382.727 952.344 382.207 283.816 318.382 98.9107 63.8258 92.6704 13.6978 78.9726 570.137 82.0632
internal_count=4298 1961 1436 2337 1073 1148 821 288 252 525 66 459 1264 206
is_linear=0
shrinkage=0.03


Tree=16
num_leaves=14
num_cat=0
split_feature=29 7 17 11 6 26 24 26 26 4 15 12 12
split_gain=212.009 76.7461 36.9845 31.3089 24.6529 22.2986 20.2758 16.7051 23.6308 15.1934 9.84768 8.58542 1.95181
threshold=0.047200015514282039 7676368.0275000008 0.0055466127917881674 0.039795144133431916 3257.0000000000005 -0.0035323386302439741 0.7840710457245148 -0.0060459733181610692 0.00035155137829433056 317.50000000000006 0.0074502748691511857 -0.067676467161788184 -0.0091389138099029505
decision_type=2 2 2 2 2 2 2 2 2 2 2 2 2
left_child=1 5 3 -3 12 10 -7 11 -9 -4 -1 -6 -2
right_child=4 2 9 -5 7 6 -8 8 -10 -11 -12 -13 -14
leaf_value=-0.035534111482962455 -0.041104697374225396 0.0096607145548918295 0.023990671162527309 0.044593134567903821 0.016633146320322461 -0.0094609640684886788 0.012761764727562972 0.024832658767320791 0.035839415800871244 0.050901113620649557 0.01879398757977449 0.055092217017991739 -0.0080079308530093662
leaf_weight=27.677161708474163 3.490194097161293 320.32577216625214 45.937810614705086 24.885441437363625 5.9784186482429496 108.95268538594246 55.914143621921539 274.16727334260941 488.05486804246902 32.060456767678261 3.3682419508695594 41.400324985384941 2.966823384165763
leaf_count=155 18 1200 128 58 16 544 237 684 1091 67 14 73 13
internal_value=0.0224459 0.009208 0.0163945 0.0121789 0.0324891 -0.00631617 -0.00192419 0.0329547 0.0318803 0.035052 -0.0296398 0.0502393 -0.0258976
internal_weight=1435.18 619.122 423.209 345.211 816.058 195.912 164.867 809.601 762.222 77.9983 31.0454 47.3787 6.45702
internal_count=4298 2403 1453 1258 1895 950 781 1864 1775 195 169 89 31
is_linear=0
shrinkage=0.03


Tree=17
num_leaves=15
num_cat=0
split_feature=29 23 6 29 21 29 13 9 22 26 0 28 15 21
split_gain=199.669 61.8037 57.7544 34.9847 37.3467 33.4794 27.3174 21.7608 21.5817 17.1797 17.0894 15.8743 13.3378 12.5874
threshold=0.036782634458875071 8.9205811029834141 48004.500000000007 0.032398442985910422 1464799.0000000002 0.054853966217673765 0.016747684952610593 1.4082590703105751 91784051.516500011 -0.005937514655943609 3.0706781426749107e-05 0.00064704198932779438 0.0085985337788263422 1331176.0000000002
decision_type=2 2 2 2 2 2 2 2 2 2 2 2 2 2
left_child=1 3 5 7 -5 8 10 -1 -2 -8 -4 -7 13 -3
right_child=2 12 6 4 -6 11 9 -9 -10 -11 -12 -13 -14 -15
leaf_value=0.0037949549038419012 -0.0053215500488042146 -0.010529583628254886 0.019266004956695289 0.00078783980382360916 0.043355894596357421 0.012508298757980398 0.047312281829246856 -0.016410108359711021 0.018103859037500669 0.030796218691405357 -0.042839999392024743 0.042225923111703964 0.062141158777815439 0.038658877730913421
leaf_weight=73.044082224369049 76.758641585707664 6.5572231858968761 9.3389216512441653 66.642731130123138 25.703645288944244 26.038671180605888 60.93473120033741 139.76912277936935 65.685698583722115 812.18634954094887 6.9587333202362052 42.716371908783913 13.543172940611838 16.37445080280304
leaf_count=342 331 30 30 288 67 75 119 707 218 1901 34 88 26 42
internal_value=0.0216628 0.00162759 0.0278818 -0.00278385 0.0126362 0.0137791 0.0312306 -0.0094751 0.00548066 0.0319489 -0.00725187 0.0309714 0.0385351 0.0245936
internal_weight=1442.25 341.634 1100.62 305.16 92.3464 211.199 889.419 212.813 142.444 873.121 16.2977 68.755 36.4748 22.9317
internal_count=4298 1502 2796 1404 355 712 2084 1049 549 2020 64 163 98 72
is_linear=0
shrinkage=0.03


Tree=18
num_leaves=15
num_cat=0
split_feature=29 23 6 29 29 25 6 9 25 22 26 28 15 21
split_gain=185.758 57.524 53.6234 33.3547 31.1962 27.6881 25.7599 24.0128 20.411 20.1621 17.7627 14.7016 12.1301 11.6409
threshold=0.036782634458875071 8.9205811029834141 48004.500000000007 0.028908263013382379 0.054853966217673765 -0.0003944043076717358 519568.50000000006 0.40830953169482126 -0.00031346814503075294 91784051.516500011 -0.0035323386302439741 0.00064704198932779438 0.0085985337788263422 1331176.0000000002
decision_type=2 2 2 2 2 2 2 2 2 2 2 2 2 2
left_child=1 3 4 8 9 10 -5 -7 -1 -2 -4 -6 13 -3
right_child=2 12 5 6 11 7 -8 -9 -10 -11 -12 -13 -14 -15
leaf_value=0.0090456168020889259 -0.0051747239992329932 -0.010266608452014558 0.013739677945832791 0.00071718634009169274 0.012094932277787226 -0.012164228622827572 0.031291513846720749 0.028763913453357638 -0.019746639490342995 0.017437904468030951 0.048443882942416409 0.040622405075255892 0.059248907621298003 0.037041276941596188
leaf_weight=27.917677402496338 76.571355730295181 6.5239396244287517 15.307721093297003 138.9845664948225 26.119476050138474 13.122355312108992 30.188180059194565 766.63140459358692 107.43234215676785 66.141302987933159 99.885848373174667 43.064947977662086 13.774468049407004 16.573700189590454
leaf_count=119 331 30 41 614 75 44 95 1833 576 218 166 88 26 42
internal_value=0.0209232 0.00157727 0.0268902 -0.00270779 0.0133199 0.0301033 0.00617305 0.0280751 -0.0138079 0.00530528 0.0438321 0.0298523 0.0369671 0.0236791
internal_weight=1448.24 341.395 1106.84 304.523 211.897 894.947 169.173 779.754 135.35 142.713 115.194 69.1844 36.8721 23.0976
internal_count=4298 1502 2796 1404 712 2084 709 1877 695 549 207 163 98 72
is_linear=0
shrinkage=0.03


Tree=19
num_leaves=14
num_cat=0
split_feature=29 7 18 25 28 9 6 25 6 20 28 0 29
split_gain=175.497 63.1523 37.1704 31.7322 35.046 24.6832 21.9181 17.3664 23.4164 20.7221 16.6887 14.9868 2.03709
threshold=0.047200015514282039 7676368.0275000008 0.0045977805083309295 -0.00038043631396730772 -0.001461349191598697 1.760162796231419 3257.0000000000005 -0.0003944043076717358 16602.000000000004 0.034713414527126181 0.0022481836739079463 0.0023406268383379457 0.053953235988733618
decision_type=2 2 2 2 2 2 2 2 2 2 2 2 2
left_child=1 3 11 4 -1 -4 12 8 -8 -9 -5 -3 -2
right_child=6 2 5 10 -6 -7 7 9 -10 -11 -12 -13 -14
leaf_value=-0.038878742018485651 -0.0088533550666241422 -0.016991989130403437 0.026097997746232882 -0.007467952489364253 0.035126193575103756 0.010769088676450647 -0.046266039735073927 0.026712855246489454 0.043157533549133535 0.048259171467224499 -0.034076672789606847 0.03040859522108422 -0.042625435582513013
leaf_weight=7.2600860297679892 3.1826382875442496 41.441955268383026 173.99093778431416 134.0945600271225 27.857746988534927 207.04099187254906 2.7032467424869528 672.59158113598824 105.11408556997776 42.724479272961617 25.200487419962883 7.0201383978128424 3.2478292286396027
leaf_count=42 15 227 500 669 86 699 12 1595 183 74 153 27 16
internal_value=0.0202201 0.00819972 0.0146213 -0.00598668 0.0198268 0.0177687 0.0292605 0.0296915 0.0409155 0.0279998 -0.0116775 -0.0101256 -0.0259106
internal_weight=1453.47 623.907 429.494 194.413 35.1178 381.032 829.564 823.133 107.817 715.316 159.295 48.4621 6.43047
internal_count=4298 2403 1453 950 128 1199 1895 1864 195 1669 822 254 31
is_linear=0
shrinkage=0.03


Tree=20
num_leaves=14
num_cat=0
split_feature=29 13 6 26 26 8 4 6 25 6 20 28 29
split_gain=163.819 61.1901 32.3068 27.6424 33.2479 23.3163 22.8786 20.5142 16.4984 22.0025 19.34 9.35316 1.97999
threshold=0.047200015514282039 0.022282728930149511 519568.50000000006 0.00385824211327571 0.0021001438391851936 0.0026243716916869849 282.50000000000006 3257.0000000000005 -0.0003944043076717358 16602.000000000004 0.034713414527126181 0.0041835403249437277 0.053953235988733618
decision_type=2 2 2 2 2 2 2 2 2 2 2 2 2
left_child=1 3 6 4 -1 -4 -3 12 9 -9 -10 -5 -2
right_child=7 2 5 11 -6 -7 -8 8 10 -11 -12 -13 -14
leaf_value=-0.0072594027306712959 -0.0086272092949667145 0.0028001663306741532 0.017609825192461851 -0.036147475643140553 0.019291741844993729 0.045901616726643349 0.020472569758577655 -0.045540055566466647 0.025784689080917484 0.041750603651274955 0.046541425796427754 0.0049781673680937321 -0.042109834460965938
leaf_weight=149.83987595140934 3.1683031320571891 163.06726214289665 63.360240995883942 28.078862026333809 59.222895622253418 44.721690312027931 110.67774343490601 2.6645356565713874 675.84748587012291 105.39201985299587 42.968392714858055 6.0493639558553687 3.1898455768823624
leaf_count=694 15 632 184 159 243 96 372 12 1595 183 74 23 16
internal_value=0.019547 0.00793727 0.0154285 -0.00382457 0.000261954 0.0293163 0.00994529 0.0282557 0.0286685 0.0395981 0.0270255 -0.0288578 -0.0254252
internal_weight=1458.25 625.018 381.827 243.191 209.063 108.082 273.745 833.231 826.872 108.057 718.816 34.1282 6.35815
internal_count=4298 2403 1284 1119 937 280 1004 1895 1864 195 1669 182 31
is_linear=0
shrinkage=0.03


Tree=21
num_leaves=15
num_cat=0
split_feature=29 7 13 9 25 26 26 29 29 18 24 25 0 18
split_gain=154.374 42.6546 42.3133 32.4135 34.6077 27.4193 28.3776 26.6209 54.7384 25.291 20.4349 17.1312 16.7996 0.0304459
threshold=0.036782634458875071 1305474.1010000003 0.026532906716118663 1.4532530813411066 -9.5779806604573002e-05 0.00035155137829433056 -0.00023003666816976174 0.019982888506241938 0.020007434860058581 0.0049646121146398915 0.76245984139013012 -0.00010520802191165431 7.5045837299272434e-05 0.0048448208121163903
decision_type=2 2 2 2 2 2 2 2 2 2 2 2 2 2
left_child=1 11 3 4 -2 6 -4 13 -9 -7 -5 12 -1 -3
right_child=2 7 5 10 -6 9 -8 8 -10 -11 -12 -13 -14 -15
leaf_value=-0.039093555627934262 0.040272521259116033 -0.037157246128276804 0.023488395890968607 0.0021859194949991759 0.011100234650195414 -0.029675180840470678 -0.0065767454112517472 0.041278436450086956 0.002209575169108783 0.03235255337135351 -0.045972060742379021 -0.037165999810450732 0.028029536980380871 -0.040334295338964495
leaf_weight=5.445052742958068 53.075711563229561 7.8684477657079679 321.0586306899786 60.449520468711853 117.89972443878651 5.9838771969079962 30.981303825974464 37.158940866589546 245.59083287417889 522.38061022758484 9.1275109499692899 32.866483718156815 8.7460455447435361 4.1446671187877655
leaf_count=31 114 51 782 204 381 26 99 96 1053 1148 42 214 35 22
internal_value=0.0189001 0.00125135 0.0242818 0.0131312 0.0201562 0.0273285 0.0208425 0.00548567 0.007344 0.0316501 -0.00413172 -0.0252719 0.00227475 -0.0382534
internal_weight=1462.78 341.82 1120.96 240.552 170.975 880.404 352.04 294.763 282.75 528.364 69.577 47.0576 14.1911 12.0131
internal_count=4298 1502 2796 741 495 2055 881 1222 1149 1174 246 280 66 73
is_linear=0
shrinkage=0.03


Tree=22
num_leaves=15
num_cat=0
split_feature=18 6 25 22 23 25 25 5 7 18 23 8 10 27
split_gain=138.003 46.1184 33.1594 28.3607 31.9116 26.2905 25.4383 20.7114 20.4218 19.2642 21.6977 17.9458 16.8063 16.6712
threshold=0.006244040243533062 61582.000000000007 -0.00011775243431594598 85907102.405000016 0.67154742266132861 -0.00036666288137811835 -0.00027410915263091797 -0.01446511551616032 1138091.9525000004 0.0056552630757677295 4.7980850494259935 -0.002243102324820018 -0.0033183227950309238 0.035813025294156899
decision_type=2 2 2 2 2 2 2 2 2 2 2 2 2 2
left_child=3 2 12 9 -5 7 -7 -3 -4 10 -1 -11 -2 -6
right_child=1 5 8 4 13 6 -8 -9 -10 11 -12 -13 -14 -15
leaf_value=-0.019473446945414544 0.0084847815714690182 -0.030567713244428814 -0.027507779043321016 0.045362674804283243 0.0012660652462946542 0.0018240114969737761 0.025327646946609585 0.040857033694051782 0.0082858472775946823 -0.027647699599923473 0.065307240111237355 0.030235617774233121 0.038275439883561108 0.059840094230672464
leaf_weight=96.503147967159748 25.243770018219948 3.7657526582479468 15.584882348775862 18.067152366042137 140.76871976256371 43.914824083447456 736.57791672646999 122.99810262024403 180.44451935589314 6.8226594030857113 2.7955371439456931 16.42744268476963 52.46500538289547 4.513424038887023
leaf_count=535 84 13 82 44 578 128 1766 219 615 34 8 57 127 8
internal_value=0.0182795 0.0228069 0.0120142 -0.000422306 0.00776177 0.0260633 0.0240052 0.0387352 0.00544015 -0.0113311 -0.0170866 0.01325 0.0285979 0.00308576
internal_weight=1466.89 1180.99 273.738 285.898 163.349 907.257 780.493 126.764 196.029 122.549 99.2987 23.2501 77.7088 145.282
internal_count=4298 3034 908 1264 630 2126 1894 232 697 634 543 91 211 586
is_linear=0
shrinkage=0.03


Tree=23
num_leaves=15
num_cat=0
split_feature=29 18 6 17 25 22 1 9 25 26 22 14 23 29
split_gain=140.206 52.7411 35.6026 29.5086 27.392 18.7252 15.5079 31.1292 15.3596 16.602 15.3301 12.5671 12.4104 9.254
threshold=0.047200015514282039 0.0044084849583543593 42581.000000000007 0.0058164701252818298 -0.00038043631396730772 39212954.939000003 0.028408434727338363 1.7211513407664951 -0.0003944043076717358 -0.0060459733181610692 31075932.824500002 0.029030224637657791 2.4324118622401452 0.057048793532669069
decision_type=2 2 2 2 2 2 2 2 2 2 2 2 2 2
left_child=1 6 4 -4 -3 10 12 -8 11 -10 13 -7 -1 -2
right_child=5 2 3 -5 -6 8 7 -9 9 -11 -12 -13 -14 -15
leaf_value=-0.026784688967256873 -0.0099708175435359626 0.026846790673853111 0.01175653336183677 0.033312084377276251 -0.0056177813229089388 -0.057785011776180589 0.040306228328052716 -0.019302955505462346 0.041862697454704105 0.023616735564420937 -0.034592720555932974 0.038250231226745091 0.023310256658886478 0.04011409567149303
leaf_weight=55.71761392802 6.0076955556869525 27.804138854146004 288.51484926044941 71.278221651911736 147.36794248223305 1.240980952978133 12.446469768881796 21.512762874364853 48.123933658003807 666.19883336126804 8.077621787786482 104.07050967216492 4.8372127562761298 7.4218225181102753
leaf_count=346 25 85 942 161 670 5 50 126 88 1546 34 182 23 15
internal_value=0.0176845 0.00697675 0.0106267 0.0160269 -0.000464851 0.0256978 -0.0136827 0.00254453 0.0264228 0.024846 -0.00193465 0.0371186 -0.022783 0.0177086
internal_weight=1470.62 629.479 534.965 359.793 175.172 841.141 94.5141 33.9592 819.634 714.323 21.5071 105.311 60.5548 13.4295
internal_count=4298 2403 1858 1103 755 1895 545 176 1821 1634 74 187 369 40
is_linear=0
shrinkage=0.03


Tree=24
num_leaves=15
num_cat=0
split_feature=29 29 22 9 25 18 7 9 25 25 24 29 18 7
split_gain=131.927 45.9714 41.3673 31.7244 25.9526 22.6683 20.2088 24.251 13.2967 29.0535 16.6431 12.567 12.3029 8.88975
threshold=0.032398442985910422 0.051624236850219378 202101258.70750001 40.963841473687211 0.00060394083698791785 0.0049646121146398915 1305474.1010000003 1.4082590703105751 -8.2480241557484176e-05 -7.7968472038088423e-05 0.43260022244728008 0.020007434860058581 0.0017260733469011871 67706619.351500019
decision_type=2 2 2 2 2 2 2 2 2 2 2 2 2 2
left_child=3 2 4 6 -2 -4 12 -8 10 -10 -3 13 -1 -5
right_child=1 8 5 11 -6 -7 7 -9 9 -11 -12 -13 -14 -15
leaf_value=0.03516835018432423 0.0073279694785974188 0.010570171711102742 -0.022002695392483888 0.072748980121143614 -0.043040945547774059 0.023911544537933403 0.015825798622508803 -0.0087338590590154332 -0.025344730623552896 0.024277919921070243 0.034492967678485767 -0.002575097479624032 -0.031526577588271223 0.027274827305993576
leaf_weight=2.6854337006807318 232.49948041141033 29.659299105405807 10.037298470735548 6.3201139569282594 9.5861728787422162 270.04898650944233 48.956047996878624 138.70850642025471 10.881533935666083 440.00815318524837 222.65791912376881 7.2461838126182547 34.068235076963902 9.9763242006301862
leaf_count=12 843 75 47 8 48 679 199 654 38 995 428 29 219 24
internal_value=0.0171209 0.0211591 0.0144159 -0.00283545 0.00533345 0.0222661 -0.00631101 -0.00232698 0.0261663 0.0230804 0.0316809 0.030295 -0.0266535 0.0449107
internal_weight=1473.34 1225.38 522.172 247.961 242.086 280.086 224.418 187.665 703.207 450.89 252.317 23.5426 36.7537 16.2964
internal_count=4298 3153 1617 1145 891 726 1084 853 1536 1033 503 61 231 32
is_linear=0
shrinkage=0.03


Tree=25
num_leaves=15
num_cat=0
split_feature=13 9 6 28 14 25 25 23 9 27 26 18 3 14
split_gain=117.577 53.1723 40.3837 31.7796 27.2643 24.6752 27.6114 24.3152 21.1472 22.9771 19.8009 19.5899 14.5772 9.87096
threshold=0.022282728930149511 1.4200262155229615 35672.500000000007 -0.0015577568297053268 0.93708474728489588 -0.00036666288137811835 -0.00027410915263091797 1.8693428901542923 0.5215962505783337 -0.011040908725050603 -0.0035323386302439741 0.0086239003540577331 0.42647058823529249 0.057531443702220283
decision_type=2 2 2 2 2 2 2 2 2 2 2 2 2 2
left_child=1 8 3 13 -5 10 -7 11 -1 -10 -4 -3 -9 -2
right_child=2 7 5 4 -6 6 -8 12 9 -11 -12 -13 -14 -15
leaf_value=-0.017520920771910087 0.011813507890472802 -0.026485949533482274 0.005923366057508447 0.017410328247812294 -0.024770184659761309 -0.00079176067099888034 0.022738162413103117 -0.022254116301491281 -0.032470450023265068 0.018432587676568694 0.03942564475412972 0.012861886845463754 0.01961066552256259 -0.029546394084247037
leaf_weight=19.96711128950119 6.7106200456619289 88.390138149261475 18.272397249937057 149.77196104824543 15.19034695625305 47.576620548963547 793.01363059878349 10.612161114811896 8.4814690202474576 135.21498420834541 121.13316880166531 13.071708783507345 25.405940026044846 22.968158140778542
leaf_count=96 22 480 52 495 67 142 1921 54 42 468 212 40 96 111
internal_value=0.0165785 -0.000145393 0.020866 0.00838446 0.0135262 0.023345 0.0214064 -0.0138995 0.0114083 0.0154281 0.0350344 -0.0214166 0.00727587 -0.0201946
internal_weight=1475.78 301.144 1174.64 194.641 164.962 979.996 840.59 137.48 163.664 143.696 139.406 101.462 36.0181 29.6788
internal_count=4298 1276 3022 695 562 2327 2063 670 606 510 264 520 150 133
is_linear=0
shrinkage=0.03


Tree=26
num_leaves=13
num_cat=0
split_feature=18 25 6 13 11 26 9 7 17 25 5 13
split_gain=110.704 38.9726 37.8369 30.5704 29.235 26.5451 23.8256 28.6553 22.7469 22.3887 16.2444 5.5457
threshold=0.006244040243533062 -0.00036666288137811835 61582.000000000007 0.053120258255352916 0.041444997156256866 -0.0035323386302439741 5.6014767559982719 4775309.8645000011 -0.0049166373611967242 -0.00027410915263091797 -0.01446511551616032 0.025118938955114242
decision_type=2 2 2 2 2 2 2 2 2 2 2 2
left_child=4 5 3 -3 6 8 7 -1 -2 -4 -7 -8
right_child=1 2 9 -5 -6 10 11 -9 -10 -11 -12 -13
leaf_value=-0.01258136043312892 0.03546113572682312 0.0036438386596534637 0.00031988840284167505 0.037600088323390013 0.058793267850601766 -0.015475466357122051 -0.039439140454695772 0.0083928215223862956 -0.031208777456039373 0.022297655592988706 0.039851997520603616 -0.011225919186788561
leaf_weight=93.366144180297852 8.6164640039205569 212.58097232878208 44.187693327665329 26.87896241247654 7.2348339706659308 4.944296568632125 17.074796043336395 157.54868239164352 9.8950106948614103 745.81487379968166 140.32161638140678 9.9094186723232252
leaf_count=506 17 756 128 61 13 16 99 600 38 1766 252 46
internal_value=0.0160514 0.0200644 0.0179019 0.00745537 -0.000742434 0.0336574 -0.00229239 0.000588267 -0.000176193 0.0210684 0.0379689 -0.0290784
internal_weight=1478.37 1193.24 1029.46 239.46 285.134 163.777 277.899 250.915 18.5115 790.003 145.266 26.9842
internal_count=4298 3034 2711 817 1264 323 1251 1106 55 1894 268 145
is_linear=0
shrinkage=0.03


Tree=27
num_leaves=15
num_cat=0
split_feature=29 18 25 7 26 20 15 22 22 13 20 12 8 3
split_gain=115.529 43.6092 32.4205 34.478 34.1944 16.5004 19.9613 16.2506 14.434 13.385 21.3284 15.0069 8.4698 1.86205
threshold=0.047200015514282039 0.0044084849583543593 -0.00036666288137811835 7676368.0275000008 -0.0035323386302439741 -0.0013627175423752294 0.0050238326431044809 39212954.939000003 31075932.824500002 0.029230148155037793 0.0090606826674310605 -0.0026140122501056647 -0.0037323072151619705 0.52511946736348702
decision_type=2 2 2 2 2 2 2 2 2 2 2 2 2 2
left_child=1 5 4 -4 -3 6 -1 8 12 10 -9 -11 -2 -10
right_child=7 2 3 -5 -6 -7 -8 9 13 11 -12 -13 -14 -15
leaf_value=-0.011803387861759496 0.036016762317073382 -0.024109686357469625 -0.0083065847826112229 0.010753170688307586 0.03454216050858825 -0.03715112596086001 0.039898813333591791 0.018233435054168821 -0.046882028715131759 0.023544063224803638 -0.036138631216687152 0.036314554037718119 -0.012229160523731812 -0.017666372799643754
leaf_weight=65.227559804916382 7.9168579876422882 10.2877881526947 113.14521944522858 348.56170555949211 68.597160041332245 20.15693698823452 7.4927035421133033 170.63190959393978 4.6922910809516889 550.55335064232349 6.749910742044448 97.480184555053711 5.5852657556533831 3.3759641796350479
leaf_count=382 19 46 544 1106 162 133 30 416 21 1197 26 182 21 13
internal_value=0.015547 0.00585655 0.00911918 0.00608242 0.0268931 -0.0131336 -0.00647627 0.0227946 -0.00291088 0.0234664 0.0161644 0.0254651 0.0160594 -0.0346575
internal_weight=1480.45 633.469 540.592 461.707 78.8849 92.8772 72.7203 846.986 21.5704 825.415 177.382 648.034 13.5021 8.06826
internal_count=4298 2403 1858 1650 208 545 412 1895 74 1821 442 1379 40 34
is_linear=0
shrinkage=0.03


Tree=28
num_leaves=15
num_cat=0
split_feature=29 23 6 29 25 4 9 7 25 22 28 17 15 14
split_gain=108.851 55.9122 47.1856 32.0926 25.6293 24.9947 20.2469 23.8684 19.2305 15.426 15.03 14.6001 9.47863 10.2609
threshold=0.032398442985910422 8.9205811029834141 61582.000000000007 0.055984192898215462 -0.00036666288137811835 137.50000000000003 1.4082590703105751 1362342.2310000001 -0.00027410915263091797 49602165.845500007 -0.0018079382079520194 0.0057012111009250811 0.0085985337788263422 0.10923295454545805
decision_type=2 2 2 2 2 2 2 2 2 2 2 2 2 2
left_child=1 6 3 5 10 -2 7 -1 -6 -8 -4 -5 13 -3
right_child=2 12 4 11 8 -7 9 -9 -10 -11 -12 -13 -14 -15
leaf_value=-0.020907454848619639 -0.0090467046271888781 0.048930570099289375 0.006479450284041525 0.029882555558799609 0.001303026857507562 0.011103653311720287 -0.036952531413099586 0.015685121220036524 0.021196299043216443 -0.011139887527741246 0.037560006832242393 -0.0050770161097354752 0.04953050874101439 0.0058149767263591052
leaf_weight=23.933840535581112 94.071387812495232 7.0784827768802669 15.806543275713919 70.66500486433506 46.492537498474121 134.7762144356966 25.650563172996044 48.658618420362473 737.16705994307995 111.0307831466198 122.72895519435406 12.680740281939505 14.388005509972571 16.659802004694939
leaf_count=149 388 15 42 144 132 470 173 193 1724 534 214 39 26 55
internal_value=0.015066 -0.00309631 0.0187062 0.00862524 0.0221189 0.00282053 -0.00918368 0.0036205 0.0200161 -0.0159841 0.0340138 0.0245636 0.030317 0.0186715
internal_weight=1481.79 247.4 1234.39 312.193 922.195 228.848 209.274 72.5925 783.66 136.681 138.535 83.3457 38.1263 23.7383
internal_count=4298 1145 3153 1041 2112 858 1049 342 1856 707 256 183 96 70
is_linear=0
shrinkage=0.03


Tree=29
num_leaves=14
num_cat=0
split_feature=29 13 9 26 23 6 11 6 5 26 25 5 29
split_gain=103.424 39.8388 33.9939 25.5224 23.8017 23.5068 19.8726 16.3188 14.5468 13.7512 39.7222 8.13452 1.98244
threshold=0.047200015514282039 0.022282728930149511 1.4200262155229615 0.0037884351521818545 10.75414877992228 665272.00000000012 0.0045591977132320083 3257.0000000000005 0.00082469739075242694 -0.0060459733181610692 0.00060394083698791785 -0.0022211198183316938 0.053953235988733618
decision_type=2 2 2 2 2 2 2 2 2 2 2 2 2
left_child=1 2 3 -1 -4 6 -3 12 -7 11 -11 -9 -2
right_child=7 5 4 -5 -6 8 -8 9 -10 10 -12 -13 -14
leaf_value=0.012880652280393076 -0.0094364052268040653 -0.013766838434505413 -0.018353644353759916 -0.025662816939242321 0.045645033240097194 0.012411188974181826 0.0099840328118101593 0.018982497549793059 0.035324755776212337 0.022250436902958047 -0.011605861724426431 0.04530683362687879 -0.042731510729123366
leaf_weight=102.73169593513012 3.2107136547565451 36.172817900776863 114.89469993859529 18.201329529285431 5.4795094430446616 49.67633131146431 256.74574982374907 15.294506818056105 50.068571150302887 760.11858752369881 32.523111388087273 34.163087978959084 3.2271941304206848
leaf_count=400 15 154 609 95 15 139 882 34 109 1674 101 55 16
internal_value=0.014606 0.0054389 -0.00415433 0.00707957 -0.0154404 0.0113343 0.00705101 0.0214551 0.023913 0.0218189 0.0208613 0.0371662 -0.0261266
internal_weight=1482.51 633.971 241.307 120.933 120.374 392.663 292.919 848.537 99.7449 842.099 792.642 49.4576 6.43791
internal_count=4298 2403 1119 495 624 1284 1036 1895 248 1864 1775 89 31
is_linear=0
shrinkage=0.03


Tree=30
num_leaves=15
num_cat=0
split_feature=29 23 6 29 25 4 9 7 20 12 5 17 15 14
split_gain=97.4588 50.821 43.0486 29.1959 24.6783 23.3114 18.6215 21.6517 18.3269 14.9894 14.62 13.5603 8.8988 9.55707
threshold=0.032398442985910422 8.9205811029834141 61582.000000000007 0.055984192898215462 -0.00036666288137811835 242.50000000000003 1.5589255106524986 1362342.2310000001 0.031743211080386254 -0.0070767601234378698 -0.014772258603472947 0.0057012111009250811 0.0085985337788263422 0.10923295454545805
decision_type=2 2 2 2 2 2 2 2 2 2 2 2 2 2
left_child=1 6 3 5 10 -2 7 -1 -6 -8 -4 -5 13 -3
right_child=2 12 4 11 8 -7 9 -9 -10 -11 -12 -13 -14 -15
leaf_value=-0.021280993746217516 -0.0067455253228263555 0.046342010499422832 -0.030104861329569244 0.028279513070911904 0.017622305906848875 0.01238672741018519 -0.0084365995717538989 0.01232597119482899 0.036747940598071911 -0.030014272173500094 0.034064415195393674 -0.0053970855253640936 0.047137369971474136 0.0049910272354130869
leaf_weight=24.700847811996937 119.2530825138092 7.179862096905711 3.2730669081211081 70.83320526778698 737.99111898243427 110.35706642270088 80.71524665504694 57.224610552191734 48.02659147977829 45.200210236012936 134.79291085898876 12.688752114772795 14.506583258509634 16.802185088396072
leaf_count=156 481 15 11 144 1773 377 393 233 83 267 245 39 26 55
internal_value=0.0141571 -0.00307528 0.0175881 0.00797486 0.0208456 0.00244997 -0.00893916 0.00219334 0.0187909 -0.0161824 0.0325432 0.0231633 0.02859 0.0173709
internal_weight=1483.55 246.33 1237.22 313.132 924.084 229.61 207.841 81.9255 786.018 125.915 138.066 83.522 38.4886 23.982
internal_count=4298 1145 3153 1041 2112 858 1049 389 1856 660 256 183 96 70
is_linear=0
shrinkage=0.03


Tree=31
num_leaves=13
num_cat=0
split_feature=18 6 9 1 11 9 7 18 1 20 26 6
split_gain=85.4444 28.4945 30.9826 26.8886 24.9031 22.013 23.4463 17.7291 17.2371 29.2373 20.2198 5.47869
threshold=0.006244040243533062 61582.000000000007 2.2387634641110501 0.044995476550053724 0.041444997156256866 5.6014767559982719 4775309.8645000011 0.019674840638912183 0.032724382389899255 -0.039505136531607053 0.0062284412540981543 831742.50000000012
decision_type=2 2 2 2 2 2 2 2 2 2 2 2
left_child=4 2 3 -2 5 6 -1 -4 10 -10 -3 -7
right_child=1 8 7 -5 -6 11 -8 -9 9 -11 -12 -13
leaf_value=-0.011902870742460225 0.010218559936282961 0.016473436752743563 -0.016646527865123439 0.044029801326686484 0.053282732347774454 -0.035395311306390953 0.0071852100460472433 0.041922686542558575 0.011946894823060827 0.027098705329072669 -0.011845271472244101 -0.00086414616610534843
leaf_weight=91.26398004591465 199.18478311598301 321.28158542513847 50.376373127102852 23.68565434217453 7.3851710408926001 21.157573513686661 158.49395667016506 5.1246438622474662 157.87910322844982 418.2841425538063 24.416478231549263 5.1397610157728186
leaf_count=506 632 783 218 48 13 120 600 10 394 874 75 25
internal_value=0.0137306 0.0172292 0.00881737 0.0138119 -0.00108421 -0.00253866 0.00021024 -0.0112386 0.0197693 0.0229468 0.0144733 -0.0286463
internal_weight=1483.67 1200.23 278.371 222.87 283.44 276.055 249.758 55.501 921.861 576.163 345.698 26.2973
internal_count=4298 3034 908 680 1264 1251 1106 228 2126 1268 858 145
is_linear=0
shrinkage=0.03


Tree=32
num_leaves=15
num_cat=0
split_feature=13 9 25 7 28 26 25 22 7 20 18 24 7 18
split_gain=84.1235 49.7414 42.4508 35.0799 24.337 27.4156 26.8885 23.6637 21.0801 19.6403 17.1718 15.576 7.31136 6.96817
threshold=0.026532906716118663 1.4532530813411066 -9.5779806604573002e-05 1362342.2310000001 0.00057668997868393936 0.0016099635257772174 0.00011771404345774827 37285951.95700001 1138091.9525000004 -0.039505136531607053 0.0060815419258723998 0.81050891110646017 77087098.058000013 0.0054200476287590569
decision_type=2 2 2 2 2 2 2 2 2 2 2 2 2 2
left_child=1 2 10 -4 5 6 -2 -3 13 -10 -1 -9 -7 -6
right_child=4 7 3 -5 8 12 -8 11 9 -11 -12 -13 -14 -15
leaf_value=0.010720963858973113 0.020226210824938088 -0.036961829686367527 -0.032462172199192361 0.0078535782680424354 0.012092052639955823 -0.010742151621425836 0.004973860945188379 -0.0014905887591340229 0.010633773928118036 0.0255474345269943 0.038411432036383836 -0.028763430944106206 -0.057175238811385268 -0.040388102659637319
leaf_weight=31.593038231134415 261.18383754789829 23.355937920510769 22.154071807861328 157.66038645803928 3.5794113874435407 6.9629869014024717 172.87830460071564 154.32072066515684 95.809735015034676 466.09737591445446 55.675069436430931 21.468654975295067 5.4337039589881897 6.2581864148378372
leaf_count=115 617 161 149 523 15 23 494 634 247 1042 114 107 22 35
internal_value=0.0133112 0.00275719 0.0112186 0.00288647 0.0181438 0.0128952 0.0141515 -0.00859081 0.0222423 0.0230045 0.0283869 -0.00482134 -0.0310947 -0.0212932
internal_weight=1484.43 466.228 267.083 179.814 1018.2 446.459 434.062 199.145 571.745 561.907 87.2681 175.789 12.3967 9.8376
internal_count=4298 1803 901 672 2495 1156 1111 902 1339 1289 229 741 45 50
is_linear=0
shrinkage=0.03


Tree=33
num_leaves=12
num_cat=0
split_feature=29 22 17 23 28 20 26 26 13 20 7
split_gain=86.1883 33.1132 28.0328 20.4204 16.8195 14.1239 15.6293 19.1822 10.3747 7.47414 5.79934
threshold=0.047200015514282039 33049501.425000001 0.0045811945678646644 20.194176156104678 0.0032816427408873692 -0.097139390641697673 -0.0060459733181610692 0.00035155137829433056 0.029376319850442961 -0.024216535156718611 15187778.877500003
decision_type=2 2 2 2 2 2 2 2 2 2 2
left_child=1 8 3 -3 -4 -2 10 -8 9 -1 -7
right_child=5 2 4 -5 -6 6 7 -9 -10 -11 -12
leaf_value=0.0024075727476334796 -0.034988979180356684 0.0017910442056933125 0.014196429871387476 0.034341440765481714 0.043955967189465532 0.011373654165778036 0.0122061979467647 0.021911811638530058 0.021113289421049359 -0.031010774577695265 0.04025557947907548
leaf_weight=7.344824641942977 4.3133760392665854 446.17455867677927 105.21923814713955 18.04737514257431 20.407553106546402 7.3676053285598746 286.04560346901417 510.08669367432594 4.9207651466131201 33.476375833153725 41.509635642170906
leaf_count=41 15 1731 301 39 42 19 690 1103 22 227 68
internal_value=0.0129068 0.00455185 0.00645871 0.00305649 0.0190307 0.0191592 0.0194356 0.0184246 -0.0200374 -0.0249979 0.035902
internal_weight=1484.91 635.591 589.849 464.222 125.627 849.323 845.01 796.132 45.742 40.8212 48.8772
internal_count=4298 2403 2113 1770 343 1895 1880 1793 290 268 87
is_linear=0
shrinkage=0.03


Tree=34
num_leaves=15
num_cat=0
split_feature=29 18 26 26 26 29 20 20 22 22 25 20 6 23
split_gain=81.1116 32.9428 23.7149 22.8042 29.3766 18.666 16.4193 13.8781 13.8108 13.5074 12.7208 15.9864 11.4305 7.75298
threshold=0.047200015514282039 0.0088224253665429887 0.0056606436421686003 0.00051541919649510852 -0.00040604521516279541 0.019982888506241938 -0.048934359558104872 0.020653629397076979 39212954.939000003 31075932.824500002 -0.0003944043076717358 0.034713414527126181 16602.000000000004 0.69868049786307218
decision_type=2 2 2 2 2 2 2 2 2 2 2 2 2 2
left_child=1 2 5 4 -3 -1 -5 -4 9 13 12 -12 -10 -2
right_child=8 3 7 6 -6 -7 -8 -9 10 -11 11 -13 -14 -15
leaf_value=-0.030591009801925823 0.027665064412854361 0.0084911412963989755 -0.030290694999770423 -0.0075874639995217397 -0.046005745955241727 0.0029913513317300694 0.026538264381837814 0.030151354381937077 -0.049269998641434484 -0.035605821841461598 0.016680882514720604 0.035513470955791368 0.030359644229147248 -0.022398873176566709
leaf_weight=15.539362251758574 9.6829277426004428 93.392067611217499 32.214840888977051 14.400063216686247 9.8402474969625455 359.81180902570486 106.79944323003292 3.8248888552188864 1.6488653272390354 8.1345673054456693 681.87252032756805 43.13308522105217 101.07510687410831 3.9073555022478095
leaf_count=106 24 284 164 50 45 1496 248 10 7 34 1560 74 180 16
internal_value=0.0125161 0.00441284 -0.000630849 0.0136581 0.00329642 0.00160106 0.0224837 -0.023876 0.0185815 -0.00503016 0.0192012 0.0178013 0.0290815 0.0132711
internal_weight=1485.28 635.823 411.391 224.432 103.232 375.351 121.2 36.0397 849.454 21.7249 827.73 725.006 102.724 13.5903
internal_count=4298 2403 1776 627 329 1602 298 174 1895 74 1821 1634 187 40
is_linear=0
shrinkage=0.03


Tree=35
num_leaves=15
num_cat=0
split_feature=29 23 29 21 9 13 9 1 12 5 28 15 5 22
split_gain=77.7546 43.1606 30.0747 41.7347 21.5721 17.9583 17.5478 21.6093 14.5529 11.6073 10.9669 7.68713 8.46268 7.00016
threshold=0.032398442985910422 8.9205811029834141 0.055984192898215462 1028770.5000000001 1.7749908674607224 0.016747684952610593 1.4082590703105751 0.028408434727338363 -0.0070767601234378698 0.019477075874674458 0.0054961807543722875 0.0085985337788263422 0.00073447859475624414 230560594.461
decision_type=2 2 2 2 2 2 2 2 2 2 2 2 2 2
left_child=1 6 3 4 -2 -5 7 -1 -8 10 -4 12 -3 -11
right_child=2 11 9 5 -6 -7 8 -9 -10 13 -12 -13 -14 -15
leaf_value=-0.0047955888285587693 0.0084240804284452311 0.029698080118345436 0.020070899718131027 -0.015650609571817048 -0.0080616005951732531 0.020335351234090988 -0.0077759142131811673 0.037053581061289594 -0.028404459376615822 0.013861578169457357 0.048550073991410786 0.042876515954084329 -0.0065437462741102757 -0.030552246938875212
leaf_weight=59.069339372217655 239.514149710536 14.627497270703318 569.66311077773571 13.040215238928793 101.79909357428551 290.93574261665344 84.965623326599598 13.675777770578859 48.262017264962196 6.4215901941061002 12.435072928667067 14.617914229631422 9.6072291284799558 6.3541466891765594
leaf_count=295 785 36 1210 51 380 673 416 47 291 15 18 26 34 21
internal_value=0.0121427 -0.00330755 0.0151927 0.0107072 0.00350711 0.0187916 -0.00877824 0.00307188 -0.0152487 0.0200585 0.0206793 0.0256947 0.0153309 -0.0082281
internal_weight=1484.99 244.825 1240.16 645.289 341.313 303.976 205.973 72.7451 133.228 594.874 582.098 38.8526 24.2347 12.7757
internal_count=4298 1145 3153 1889 1165 724 1049 342 707 1264 1228 96 70 36
is_linear=0
shrinkage=0.03


Tree=36
num_leaves=15
num_cat=0
split_feature=29 23 6 29 25 9 25 9 1 26 12 17 15 14
split_gain=73.0216 40.6218 34.706 24.1227 23.5361 19.1589 17.9603 16.6997 20.0126 14.6491 14.1158 12.9139 7.22899 8.45997
threshold=0.032398442985910422 8.9205811029834141 61582.000000000007 0.055984192898215462 -0.00036666288137811835 2.2387634641110501 -0.00027410915263091797 1.4082590703105751 0.028408434727338363 -0.0035323386302439741 -0.0070767601234378698 0.0057012111009250811 0.0085985337788263422 0.10923295454545805
decision_type=2 2 2 2 2 2 2 2 2 2 2 2 2 2
left_child=1 7 3 5 9 -2 -6 8 -1 -4 -9 -5 13 -3
right_child=2 12 4 11 6 -7 -8 10 -10 -11 -12 -13 -14 -15
leaf_value=-0.0046634712209840017 0.0048710382205479743 0.041793356684615431 0.0020838466618603268 0.02496948693704534 -0.0023464498139464736 -0.018885729767621918 0.016813987998291816 -0.0075727066689926879 0.035355924291038399 0.032757839424543744 -0.028008930581975955 -0.0077744170668317151 0.041513195435190699 0.0032089902376343095
leaf_weight=58.922770112752914 195.75150760263205 7.3184784352779415 15.860088139772413 70.821410864591599 46.807684808969498 36.202142581343651 741.89063896238804 84.633356340229511 13.898946322500704 120.27897189557552 47.487034440040588 12.79934550821781 14.644591659307478 16.981190904974937
leaf_count=295 697 15 42 144 132 161 1724 416 47 214 291 39 26 55
internal_value=0.0117834 -0.00322297 0.0147339 0.00614332 0.0176652 0.0011632 0.0156769 -0.00856017 0.00297474 0.0291843 -0.0149179 0.0199576 0.0248637 0.0148297
internal_weight=1484.3 243.886 1240.41 315.574 924.837 231.954 788.698 204.942 72.8217 136.139 132.12 83.6208 38.9443 24.2997
internal_count=4298 1145 3153 1041 2112 858 1856 1049 342 256 707 183 96 70
is_linear=0
shrinkage=0.03


Tree=37
num_leaves=14
num_cat=0
split_feature=29 22 25 26 23 6 26 25 20 20 9 11 17
split_gain=68.9963 29.5754 30.773 42.6655 21.92 13.814 12.6914 36.3399 9.06496 8.59283 14.9328 9.1225 1.9835
threshold=0.047200015514282039 33049501.425000001 -0.00036666288137811835 -0.0035323386302439741 20.194176156104678 3257.0000000000005 -0.0060459733181610692 0.00060394083698791785 -0.097139390641697673 -0.024216535156718611 1.2119725896792801 0.027946335275225623 0.00055629417885600611
decision_type=2 2 2 2 2 2 2 2 2 2 2 2 2
left_child=1 9 3 -3 -4 12 8 -8 -7 10 -1 -11 -2
right_child=5 2 4 -5 -6 6 7 -9 -10 11 -12 -13 -14
leaf_value=0.042616900335394017 -0.041928446633755466 -0.027414879788330255 0.001359082934366073 0.03045160733216536 0.029643045416341742 -0.057371019488192801 0.017790227747229683 -0.01448426667630214 0.033996145231642516 -0.030669634712809715 -0.036333066868413304 0.022899727725283758 -0.0086476397699332148
leaf_weight=4.8039198219776136 3.4939011335372916 13.472462669014929 473.973816819489 77.052475661039352 26.014023825526237 0.99749089777469535 759.41503015160561 32.752588465809822 48.2819754332304 32.91016049683094 3.9119812250137329 3.1334420442581168 2.9918157309293747
leaf_count=19 18 68 1798 192 55 4 1674 101 85 230 28 13 13
internal_value=0.011438 0.00396261 0.00574472 0.0218396 0.00283068 0.0170386 0.0173748 0.0164558 0.0321467 -0.0195488 0.00718157 -0.0260126 -0.0265762
internal_weight=1483.21 635.272 590.513 90.5249 499.988 847.933 841.447 792.168 49.2795 44.7595 8.7159 36.0436 6.48572
internal_count=4298 2403 2113 260 1853 1895 1864 1775 89 290 47 243 31
is_linear=0
shrinkage=0.03


Tree=38
num_leaves=12
num_cat=0
split_feature=29 6 11 25 8 7 14 15 25 5 25
split_gain=66.3172 31.9648 23.3121 21.9738 20.1488 21.2398 18.8745 18.3995 16.9435 13.8764 5.68207
threshold=0.032398442985910422 61582.000000000007 0.045053743604274388 -0.00036666288137811835 0.020928426893294761 1305474.1010000003 0.74445748205107665 0.018049512889490752 -0.00027410915263091797 -0.014772258603472947 -0.00010520802191165431
decision_type=2 2 2 2 2 2 2 2 2 2 2
left_child=4 2 7 9 5 10 -7 -2 -5 -3 -1
right_child=1 3 -4 8 -6 6 -8 -9 -10 -11 -12
leaf_value=-0.008266412727842223 0.0048305918398368619 -0.033279635820878312 0.041150953113194819 -0.0026983452215535047 0.044415736643454544 -0.0079211829016179146 0.011272620925558922 -0.04946579158044058 0.015911525396181417 0.029403304318418123 -0.035598837439508708
leaf_weight=9.8108508661389333 294.19392067939043 3.2569046318531027 15.827571198344229 46.808847159147263 7.7308138757944098 131.61269704252481 70.976661287248135 5.7263476103544226 741.94579589366913 132.01568482816219 22.646130643785
leaf_count=54 987 11 29 132 21 623 271 25 1724 245 176
internal_value=0.0110993 0.0139071 0.00566652 0.016723 -0.00323895 -0.00480634 -0.00119668 0.00379392 0.0148071 0.0278941 -0.027337
internal_weight=1482.55 1239.78 315.748 924.027 242.777 235.046 202.589 299.92 788.755 135.273 32.457
internal_count=4298 3153 1041 2112 1145 1124 894 1012 1856 256 230
is_linear=0
shrinkage=0.03


Tree=39
num_leaves=13
num_cat=0
split_feature=29 18 26 26 26 7 20 5 6 20 26 29
split_gain=62.682 27.2394 22.8768 20.4633 27.4047 18.1388 14.7325 13.1299 12.8052 13.1251 14.4588 1.95201
threshold=0.047200015514282039 0.0088224253665429887 0.0056606436421686003 0.00051541919649510852 -0.00040604521516279541 1305474.1010000003 -0.048934359558104872 0.0014348214761570365 3257.0000000000005 -0.097139390641697673 -0.0060459733181610692 0.053953235988733618
decision_type=2 2 2 2 2 2 2 2 2 2 2 2
left_child=1 2 5 4 -3 -1 -5 -4 11 -10 -11 -2
right_child=8 3 7 6 -6 -7 -8 -9 9 10 -12 -13
leaf_value=-0.01698327231069836 -0.0095880191711542207 0.0072106044237276413 -0.038441673702140466 -0.0080889162814210304 -0.045706009291258565 0.0036249198534658105 0.024230731115563033 -0.0010656052105439925 -0.035758669415036963 0.032674194228707869 0.015733263253820517 -0.042687860143010667
leaf_weight=43.482954077422619 3.2122730761766425 93.780619949102402 21.781896628439426 14.402217641472815 9.7211758196353895 331.37165035307407 106.99925866723061 13.829707421362398 4.3132434934377661 48.111731052398682 787.64808282256126 3.2017870098352432
leaf_count=279 15 284 117 50 45 1323 248 57 15 85 1764 16
internal_value=0.0107711 0.00364939 -0.000948572 0.012041 0.00224053 0.00123438 0.0203966 -0.0239267 0.0161167 0.0164391 0.0167085 -0.0261109
internal_weight=1481.86 635.369 410.466 224.903 103.502 374.855 121.401 35.6116 846.487 840.073 835.76 6.41406
internal_count=4298 2403 1776 627 329 1602 298 174 1895 1864 1849 31
is_linear=0
shrinkage=0.03


Tree=40
num_leaves=15
num_cat=0
split_feature=13 9 25 7 21 28 26 25 7 18 17 18 18 7
split_gain=60.3641 40.7587 37.0457 28.7673 23.4197 22.4074 25.8336 24.8274 17.3916 16.3803 14.8326 14.3271 14.2995 7.01427
threshold=0.026532906716118663 1.4532530813411066 -9.5779806604573002e-05 1362342.2310000001 330766.50000000006 0.00057668997868393936 0.0016099635257772174 0.00011771404345774827 1138091.9525000004 0.0046458162064085453 0.0065383484921001777 0.0060815419258723998 0.010591995637128209 77087098.058000013
decision_type=2 2 2 2 2 2 2 2 2 2 2 2 2 2
left_child=1 2 11 -4 12 6 7 -2 -7 -10 -6 -1 -3 -8
right_child=5 4 3 -5 10 8 13 -9 9 -11 -12 -13 -14 -15
leaf_value=0.0090516882103847812 0.016585529917102951 -0.030728349390606806 -0.031779138667489742 0.0056717645362176321 -0.00079759709640408582 -0.021282874400689222 -0.013277539996295077 0.0019288586916044034 -0.027556138899894264 0.019736446790997911 -0.05060994978210321 0.034289688719281695 0.029896706877161571 -0.058733859485902894
leaf_weight=31.791735701262951 260.39401188492775 47.654517725110054 20.879301480948925 159.26825426518917 139.63911147415638 9.7289508804678899 6.9853083342313749 173.20467869192362 6.6707294881343833 554.2574836909771 5.5956292748451224 55.731456503272057 3.779227912425994 5.4301947057247162
leaf_count=115 617 289 149 523 578 50 23 494 34 1255 25 114 10 22
internal_value=0.0104537 0.00149171 0.00911041 0.00133116 -0.00887752 0.0145469 0.00950906 0.0107308 0.0184843 0.019174 -0.00271678 0.0251223 -0.0262738 -0.0331589
internal_weight=1481.01 464.339 267.671 180.148 196.668 1016.67 446.014 433.599 570.657 560.928 145.235 87.5232 51.4337 12.4155
internal_count=4298 1803 901 672 902 2495 1156 1111 1339 1289 603 229 299 45
is_linear=0
shrinkage=0.03


Tree=41
num_leaves=15
num_cat=0
split_feature=29 13 9 25 26 20 27 4 20 12 15 5 26 13
split_gain=57.4295 25.0404 22.4838 21.3427 41.5808 21.4954 20.178 18.8764 34.07 21.9848 21.0607 21.1885 11.5499 11.1718
threshold=0.032398442985910422 0.02048352179194014 1.1612234745146586 -0.0003944043076717358 -0.0048597033375673993 0.034713414527126181 0.00510160909403561 27.500000000000004 -0.013753240151471688 -0.0029744830850562411 -0.0013865932880330098 0.0014348214761570365 0.00059636691544916827 0.013170885592485157
decision_type=2 2 2 2 2 2 2 2 2 2 2 2 2 2
left_child=7 2 6 4 -3 -5 -2 8 12 -10 -9 -12 -1 -4
right_child=1 3 13 5 -6 -7 -8 10 9 -11 11 -13 -14 -15
leaf_value=0.049082459313277642 0.018235216706326621 -0.043525163500524065 0.021345074730532338 0.011591035259100414 0.02934005041877974 0.031736681356181712 -0.021628811901508904 -0.02330635244598122 -0.023016091747247537 0.017022443632857445 -0.010351345372824236 0.018255144226268855 0.0057356396241596752 -0.021464820444371563
leaf_weight=18.904369480907921 58.214335925877094 7.4593401700258246 6.2997649833559981 931.52465279400349 127.96317468583584 50.238747641444206 14.218911632895468 59.091848649084568 28.271633237600327 21.906508348882198 70.815737292170525 34.732339926064014 7.8211070075631133 42.486637875437737
leaf_count=53 176 29 24 2353 242 91 60 308 161 84 366 137 36 178
internal_value=0.0101468 0.0127568 -0.000193749 0.0141619 0.0253265 0.0126219 0.0104098 -0.00323452 0.0090364 -0.00553628 -0.00896629 -0.000937907 0.0363972 -0.0159368
internal_weight=1479.95 1238.41 121.22 1117.19 135.423 981.763 72.4332 241.544 76.9036 50.1781 164.64 105.548 26.7255 48.7864
internal_count=4298 3153 438 2715 271 2444 236 1145 334 245 811 503 89 202
is_linear=0
shrinkage=0.03


Tree=42
num_leaves=14
num_cat=0
split_feature=29 18 28 28 25 21 20 15 25 29 24 0 29
split_gain=54.9881 28.9608 26.4998 43.3696 22.823 19.4074 18.1558 14.6638 11.1939 22.0716 14.3007 6.13313 0.10029
threshold=0.051624236850219378 0.0044084849583543593 2.0769923405786677e-05 -0.00023120864014732027 -0.0003944043076717358 92519.000000000015 -0.0013627175423752294 0.0050238326431044809 -8.8883549980697129e-05 0.096938677093608802 0.43260022244728008 0.0023406268383379457 0.043082768800115773
decision_type=2 2 2 2 2 2 2 2 2 2 2 2 2
left_child=1 6 3 -3 -4 11 7 -1 10 -10 -7 -2 -8
right_child=5 2 4 -5 -6 8 12 -9 9 -11 -12 -13 -14
leaf_value=-0.0093780336005859222 -0.048930649035611978 0.0021882030323658341 0.029756727575419993 -0.045008070596384613 0.0083754635361867995 0.0020623459592549881 -0.036402220985481383 0.033637644767775143 0.011791158344766468 0.034757270562780378 0.024793449377271074 0.0024804028410585289 -0.043547388196840967
leaf_weight=63.253525301814079 5.2625848501920682 223.90617379546165 50.737988606095314 19.011008784174919 392.60353679955006 28.472450241446495 17.653256051242355 8.0388282015919668 424.29573239386082 41.330539226531982 199.03820995986462 3.462404653429985 1.9647452235221852
leaf_count=388 24 759 110 93 1242 71 128 32 975 71 384 11 10
internal_value=0.009848 0.00435088 0.0064587 -0.00150544 0.0108224 0.0159349 -0.0115604 -0.00452764 0.0164946 0.0138297 0.0219487 -0.0285288 -0.0371178
internal_weight=1479.03 777.169 686.259 242.917 443.342 701.862 90.9104 71.2924 693.137 465.626 227.511 8.72499 19.618
internal_count=4298 2762 2204 852 1352 1536 558 420 1501 1046 455 35 138
is_linear=0
shrinkage=0.03


Tree=43
num_leaves=15
num_cat=0
split_feature=13 9 25 7 21 26 26 20 1 21 9 20 25 18
split_gain=52.4232 37.0725 33.4531 26.8621 22.0571 19.0303 27.7628 20.5035 30.5809 19.5539 15.8563 15.3999 13.9917 13.5352
threshold=0.026532906716118663 1.4532530813411066 -9.5779806604573002e-05 1362342.2310000001 330766.50000000006 0.00035155137829433056 -0.00023003666816976174 0.034713414527126181 0.0177479864787136 2058684.0000000002 0.46250909664852285 0.029832438558725544 -0.00022115147749914168 0.010591995637128209
decision_type=2 2 2 2 2 2 2 2 2 2 2 2 2 2
left_child=1 2 12 -4 13 6 11 8 -7 -8 -9 -2 -1 -3
right_child=5 4 3 -5 -6 7 9 10 -10 -11 -12 -13 -14 -15
leaf_value=0.01627039902812626 0.011545164621213119 -0.030275911108479325 -0.031439665746343194 0.005184390893608214 -0.0027952144538249696 -0.024768676666610746 -0.039030152831021167 -0.054850418552390326 0.016276933516602206 0.0067146698601675599 0.037416598945311817 -0.034019486657819877 0.043123554162244365 0.028493947521043936
leaf_weight=63.495926916599274 367.58823826164007 46.611509338021278 20.318946719169617 159.57327687740326 145.0158501714468 16.849860399961472 18.016217142343521 1.7321615368127812 536.20733940601349 15.77240304648876 51.979082018136978 6.7993157655000678 24.087941110134125 3.8156596273183814
leaf_count=177 928 289 149 523 603 74 72 8 1264 39 85 25 52 10
internal_value=0.00955983 0.00119351 0.00845059 0.00104768 -0.00873827 0.0133757 0.00836719 0.016745 0.0150264 -0.0176766 0.034441 0.0107177 0.0236557 -0.025829
internal_weight=1477.86 462.919 267.476 179.892 195.443 1014.94 408.176 606.768 553.057 33.7886 53.7112 374.388 87.5839 50.4272
internal_count=4298 1803 901 672 902 2495 1064 1431 1338 111 93 953 229 299
is_linear=0
shrinkage=0.03


Tree=44
num_leaves=12
num_cat=0
split_feature=29 22 25 26 25 21 28 25 8 6 27
split_gain=50.0786 26.8379 25.2443 44.5981 20.4836 18.0988 10.983 14.9048 7.80085 7.78567 5.27753
threshold=0.051624236850219378 33049501.425000001 -0.00036666288137811835 -0.0035323386302439741 -0.00027410915263091797 92519.000000000015 0.0054961807543722875 0.00012090267976626087 0.012548219784249923 6446.5000000000009 0.0053161304016692548
decision_type=2 2 2 2 2 2 2 2 2 2 2
left_child=1 8 3 -3 -4 10 7 -7 9 -1 -2
right_child=5 2 4 -5 -6 6 -8 -9 -10 -11 -12
leaf_value=-0.037295806891901699 -0.047447596828054869 -0.027572132567927243 -0.019633551574204912 0.026063841462270355 0.0043573159763971511 0.018574087890316837 0.043803939278889183 0.0093898386044981332 0.028794791222257775 -0.01116704570716783 0.00024318975167191034
leaf_weight=16.912297897040844 5.1270427107810956 16.276200830936432 33.892359137535095 97.720600083470345 582.88391648977995 424.58273901045322 12.242624059319494 254.26960207521915 2.9746086671948424 26.107700943946838 3.5235825777053833
leaf_count=119 24 78 143 232 2004 887 18 596 16 170 11
internal_value=0.00928105 0.00403716 0.00543614 0.0184058 0.003039 0.0151021 0.0156419 0.0151341 -0.0181902 -0.021439 -0.0280221
internal_weight=1476.51 776.768 730.773 113.997 616.776 699.746 691.095 678.852 45.9946 43.02 8.65063
internal_count=4298 2762 2457 310 2147 1536 1501 1483 305 289 35
is_linear=0
shrinkage=0.03


Tree=45
num_leaves=15
num_cat=0
split_feature=13 18 10 26 28 26 5 6 5 28 26 5 7 5
split_gain=47.8591 24.9274 21.4131 21.6535 19.7436 24.3458 16.5965 27.494 16.4823 16.2618 24.6208 16.7372 6.68324 6.49886
threshold=0.026532906716118663 0.0091948269983488633 -0.012821837782975387 0.00385824211327571 0.00057668997868393936 0.0016099635257772174 0.001515151515151534 99189.000000000015 -0.014074296438337108 0.0024568429999544191 0.0034267186835907275 -0.018346212681275689 77087098.058000013 0.0062772616391609847
decision_type=2 2 2 2 2 2 2 2 2 2 2 2 2 2
left_child=1 2 13 -4 5 8 7 -3 -2 11 -11 -6 -7 -1
right_child=4 6 3 -5 9 12 -8 -9 -10 10 -12 -13 -14 -15
leaf_value=-0.044593437495317807 -0.013598669096038751 0.022849171078204049 0.0024518758369475677 -0.017791188730046644 -0.012131156097040921 -0.014111291675790267 0.026887513992733911 -0.021204948990392079 0.010622023367972687 -0.029445648814641904 0.011711811515772455 0.020212271636503774 -0.058549175004682139 -0.0064680363209010166
leaf_weight=13.646089717745783 26.967866376042366 27.460762530565262 285.82804628461599 57.049573183059692 14.90545818209648 6.9584814906120283 48.418286845088005 23.800357908010483 405.55499624460936 14.769438937306402 114.44124656915665 424.3407314568758 5.4172521680593491 5.7067258208990088
leaf_count=72 87 71 1186 264 47 23 105 77 1024 55 273 964 22 28
internal_value=0.00901006 0.00100672 -0.00264915 -0.000916259 0.0126582 0.00792477 0.014292 0.002395 0.00911186 0.0163627 0.0070073 0.0191147 -0.0335632 -0.0333511
internal_weight=1475.27 461.91 362.23 342.878 1013.36 444.899 99.6794 51.2611 432.523 568.457 129.211 439.246 12.3757 19.3528
internal_count=4298 1803 1550 1450 2495 1156 253 148 1111 1339 328 1011 45 100
is_linear=0
shrinkage=0.03


Tree=46
num_leaves=15
num_cat=0
split_feature=29 23 6 11 25 25 14 12 20 26 0 25 6 17
split_gain=47.1291 32.3179 26.3496 19.8333 19.5548 16.5302 15.7503 13.3128 20.1362 12.7681 10.9711 7.01004 6.66506 4.59053
threshold=0.032398442985910422 8.9205811029834141 61582.000000000007 0.045053743604274388 -0.00036666288137811835 -0.00027410915263091797 0.980255024620584 -0.0020750026335798009 -0.019066431736189812 -0.0035323386302439741 0.0025145782491038664 4.3792572003873029e-05 498077.50000000006 0.00041273157427802011
decision_type=2 2 2 2 2 2 2 2 2 2 2 2 2 2
left_child=1 7 3 6 9 -6 -2 8 -1 -4 -9 12 -3 -13
right_child=2 11 4 -5 5 -7 -8 10 -10 -11 -12 13 -14 -15
leaf_value=-0.018456441755343857 0.0029552026020066651 -0.018770447936795741 -0.00099373820333266438 0.036440052077221632 -0.0054287022752779199 0.012989662986447936 -0.044499001641859201 -0.031985952029455297 0.0029190965551774482 0.027840149761718058 0.030009700713987137 0.015400396108307486 0.023065271566476007 0.041501018600445118
leaf_weight=62.823926858603954 295.10747092217207 6.179415434598921 15.695687144994734 15.784525111317633 46.622228845953941 738.8241344243288 6.4319997876882544 28.17651500552893 107.58649467676878 115.76686783134937 2.8267803192138663 10.157187387347223 7.6954338252544403 15.051548674702643
leaf_count=330 980 23 42 29 132 1724 32 176 530 214 13 28 16 29
internal_value=0.00874271 -0.00340663 0.0111101 0.00365895 0.0136888 0.0118964 0.00194298 -0.00825104 -0.00496126 0.0243976 -0.0263334 0.0215586 0.00443298 0.0309845
internal_weight=1474.73 240.497 1234.23 317.324 916.909 785.446 301.539 201.414 170.41 131.463 31.0033 39.0836 13.8748 25.2087
internal_count=4298 1145 3153 1041 2112 1856 1012 1049 860 256 189 96 39 57
is_linear=0
shrinkage=0.03


Tree=47
num_leaves=15
num_cat=0
split_feature=13 9 23 25 28 6 25 20 27 9 17 14 17 23
split_gain=44.0466 31.7933 22.4129 20.5331 40.0786 20.1959 24.3477 21.2312 18.4662 16.296 14.6795 14.142 9.82173 2.48595
threshold=0.022282728930149511 1.4200262155229615 1.8693428901542923 -0.0003944043076717358 -0.0022177478028270092 22228.000000000004 -0.00014680805425697666 0.034713414527126181 -0.011602402236360991 0.5215962505783337 0.0024178240057140228 0.029030224637657791 0.0046740496828569017 1.3051283588507274
decision_type=2 2 2 2 2 2 2 2 2 2 2 2 2 2
left_child=1 8 12 4 13 6 -5 -7 -1 -10 -4 -6 -3 -2
right_child=3 2 10 5 11 7 -8 -9 9 -11 -12 -13 -14 -15
leaf_value=-0.036725438984948004 -0.057744972178960477 -0.023193345245978526 0.017557538448353317 0.023413128223401965 -0.068663665976072763 0.010049983670872268 -0.0093965331591813507 0.030129003349499608 -0.017339297179480715 0.012682162861889508 -0.030248636806172804 0.027093015681278199 0.01499738584351702 -0.024007794423570122
leaf_weight=8.3133967816829664 4.5367493182420713 88.235376589000225 27.606905922293663 26.20733018219471 1.4033597111701954 873.58633471280336 91.176431231200695 50.113792032003403 18.439049437642097 138.50838260352612 7.3118499219417563 127.5342616289854 6.5075671747326842 3.4685930460691452
leaf_count=41 19 496 114 74 6 2187 379 89 92 473 36 255 24 13
internal_value=0.00849055 -0.00187774 -0.012998 0.0110863 0.0220068 0.00964981 -0.00207138 0.0111393 0.00684707 0.00915508 0.00754711 0.0260508 -0.0205702 -0.0431272
internal_weight=1472.95 294.923 129.662 1178.03 136.943 1041.08 117.384 923.7 165.261 156.947 34.9188 128.938 94.7429 8.00534
internal_count=4298 1276 670 3022 293 2729 453 2276 606 565 150 261 520 32
is_linear=0
shrinkage=0.03


Tree=48
num_leaves=13
num_cat=0
split_feature=29 28 28 26 22 18 13 21 28 28 27 29
split_gain=43.4557 24.8374 40.8497 26.6806 25.4755 18.1334 17.6568 16.5074 10.5073 13.5703 5.09177 0.437136
threshold=0.051624236850219378 2.0769923405786677e-05 -0.00023120864014732027 0.0062284412540981543 81213421.65700002 0.0087571024500554713 0.026836852221666381 92519.000000000015 0.0054961807543722875 0.0024568429999544191 0.0053161304016692548 0.03724915538107007
decision_type=2 2 2 2 2 2 2 2 2 2 2 2
left_child=1 2 4 6 -1 -5 -3 10 9 -9 -2 -4
right_child=7 3 11 5 -6 -7 -8 8 -10 -11 -12 -13
leaf_value=-0.01963105706658157 -0.046911798182582017 0.0030472820197482943 -0.039042454972103 -0.03099014854187707 0.0042915345793985253 0.012821671978109565 0.01473543356887937 0.015322802800917983 0.041921461974310056 0.0024731364149529625 0.00011143084554046739 -0.0475844133372487
leaf_weight=50.196571178734303 5.0667136162519437 218.51947963237762 10.267994694411756 26.011154934763908 198.46292395144701 12.63109205663204 248.72057672590017 589.95262913405895 12.096318826079367 84.572202146053314 3.506908118724823 11.354317128658293
leaf_count=274 24 909 62 126 643 32 664 1274 18 209 11 52
internal_value=0.00824446 0.00336511 -0.00397688 0.00728778 -0.000537688 -0.0166693 0.0092691 0.0136921 0.0142087 0.0137117 -0.0276777 -0.043528
internal_weight=1471.36 776.164 270.282 505.882 248.659 38.6422 467.24 695.195 686.621 674.525 8.57362 21.6223
internal_count=4298 2762 1031 1731 917 158 1573 1536 1501 1483 35 114
is_linear=0
shrinkage=0.03


Tree=49
num_leaves=15
num_cat=0
split_feature=29 23 26 26 29 25 26 26 28 9 14 26 25 0
split_gain=41.7173 29.105 20.8128 46.6675 29.9619 26.2498 24.1999 45.5536 23.3016 15.8759 18.7558 13.4506 6.52185 6.52338
threshold=0.032398442985910422 8.9205811029834141 0.00035155137829433056 -0.00023003666816976174 0.075177325251468224 0.00011771404345774827 0.0062284412540981543 0.0071485465325628631 0.0034627741652223857 1.5589255106524986 0.51285861913065423 0.0010424893051712112 4.3792572003873029e-05 0.00021486177251614199
decision_type=2 2 2 2 2 2 2 2 2 2 2 2 2 2
left_child=1 9 3 5 -5 -2 8 -8 -4 10 -1 -11 13 -3
right_child=2 12 6 4 -6 -7 7 -9 -10 11 -12 -13 -14 -15
leaf_value=-0.01803722530000517 0.015494862960965103 -0.015155423784078132 0.01683042297047329 -0.037127912837120129 0.019359896590622556 0.00090872507643262876 -0.039864177959481988 0.010718659053718424 -0.0072201399619686718 -0.0060062015401852924 0.012603265660325777 -0.026226129253722877 0.029254548718467572 0.02623348473068101
leaf_weight=27.165455766022205 228.75196570158005 7.5490429252386075 613.13887955248356 34.695309564471245 11.172125324606894 215.79382434487343 21.030850738286972 67.299506336450577 38.534432552754879 66.633615627884865 53.173339165747166 53.287771694362164 25.320044353604317 6.2770354747772217
leaf_count=151 554 26 1462 140 23 609 80 165 120 343 238 317 57 13
internal_value=0.00800522 -0.00345268 0.0102346 0.00544175 -0.0233689 0.00841438 0.0134109 -0.00132477 0.0154083 -0.00807739 0.00224261 -0.014991 0.020206 0.00363513
internal_weight=1469.82 239.406 1230.42 490.413 45.8674 444.546 740.004 88.3304 651.673 200.26 80.3388 119.921 39.1461 13.8261
internal_count=4298 1145 3153 1326 163 1163 1827 245 1582 1049 389 660 96 39
is_linear=0
shrinkage=0.03


Tree=50
num_leaves=14
num_cat=0
split_feature=29 7 29 29 8 25 29 8 18 29 5 4 18
split_gain=39.9819 23.3858 20.4013 19.3808 11.8602 9.66953 16.392 21.3134 9.61968 9.51451 10.4958 7.61431 0.056579
threshold=0.051624236850219378 1138091.9525000004 0.019982888506241938 0.020007434860058581 0.011879239026908012 -0.00010520802191165431 0.096938677093608802 0.017152991163962666 0.0089360595902395965 0.094622273438668955 -0.012498492159227974 97.500000000000014 0.0048448208121163903
decision_type=2 2 2 2 2 2 2 2 2 2 2 2 2
left_child=1 4 12 -4 11 9 7 -7 -8 10 -2 -1 -3
right_child=5 2 3 -5 -6 6 8 -9 -10 -11 -12 -13 -14
leaf_value=-0.036463934261265624 -0.012295376862869021 -0.035208162053788843 0.025376493705006747 0.0038110656825686745 0.049887786868451391 0.01021476831077993 -0.026106559671010186 -0.02852375061712727 0.032430759470401221 -0.011721573630938538 0.021526145254358506 -0.010825645630706811 -0.039736499863433319
leaf_weight=17.596400573849678 8.6500473469495756 6.6493570953607541 39.695694446563721 679.82393156737089 2.2160506397485724 437.98844687640667 2.7000254690647116 13.166547581553457 39.337676241993904 8.9111884981393796 182.16376666724682 25.582471117377281 3.963410496711731
leaf_count=131 24 55 98 2286 9 1006 9 43 68 25 361 161 22
internal_value=0.00777196 0.00309281 0.00439179 0.00500082 -0.0177999 0.0130089 0.0107537 0.00908422 0.028671 0.0185779 0.0199929 -0.0212738 -0.0368993
internal_weight=1468.45 775.527 730.132 719.52 45.3949 692.918 493.193 451.155 42.0377 199.725 190.814 43.1789 10.6128
internal_count=4298 2762 2461 2384 301 1536 1126 1049 77 410 385 292 77
is_linear=0
shrinkage=0.03


Tree=51
num_leaves=15
num_cat=0
split_feature=29 23 6 25 9 11 15 9 14 26 5 25 0 15
split_gain=38.314 26.1141 22.6529 18.1297 18.0369 17.8224 17.1524 15.1809 18.1732 13.5719 13.0174 6.11091 6.16366 4.51276
threshold=0.032398442985910422 8.9205811029834141 61582.000000000007 -0.00036666288137811835 0.40830953169482126 0.045053743604274388 0.018049512889490752 1.4082590703105751 0.51285861913065423 0.0010424893051712112 -0.014772258603472947 4.3792572003873029e-05 0.00021486177251614199 0.0085985337788263422
decision_type=2 2 2 2 2 2 2 2 2 2 2 2 2 2
left_child=1 7 5 10 -5 6 -2 8 -1 -9 -4 12 -3 -13
right_child=2 11 3 4 -6 -7 -8 9 -10 -11 -12 13 -14 -15
leaf_value=-0.018686104035787552 0.002155377166095953 -0.015392628042696409 -0.037116651499723763 -0.024963977584601751 0.010956798079967212 0.033982645425197501 -0.050401387390739842 -0.0053973122569337794 0.013646204630462856 -0.025106636802621252 0.024042747663018959 0.017498489097073404 0.024890032966450624 0.043394249626333571
leaf_weight=23.118053384125233 296.27072272449732 7.5529447048902494 3.2122552245855323 12.790022760629652 769.4850090816617 15.665076881647108 5.6961266398429862 71.464714199304581 48.406650967895985 56.149546407163143 125.56257382035255 15.468813300132753 6.2452848255634308 9.9538491964340192
leaf_count=128 987 26 11 41 1815 29 25 371 214 336 245 41 13 16
internal_value=0.00754594 -0.00346139 0.00968132 0.0120865 0.0103695 0.00278254 0.00116398 -0.00786819 0.00319583 -0.0140693 0.0225171 0.0189136 0.00283991 0.0276376
internal_weight=1467.04 238.36 1228.68 911.05 782.275 317.632 301.967 199.139 71.5247 127.614 128.775 39.2209 13.7982 25.4227
internal_count=4298 1145 3153 2112 1856 1041 1012 1049 342 707 256 96 39 57
is_linear=0
shrinkage=0.03


Tree=52
num_leaves=14
num_cat=0
split_feature=29 22 25 26 25 26 25 26 6 24 8 8 26
split_gain=36.6687 21.5956 21.6788 39.8238 17.9783 10.1346 26.9003 16.5677 11.7519 10.8875 7.30773 7.86558 6.3755
threshold=0.051624236850219378 33049501.425000001 -0.00036666288137811835 -0.0035323386302439741 -0.00027410915263091797 -0.005937514655943609 0.00060394083698791785 -0.0042143710532385036 5045.5000000000009 0.86851897106912779 0.012548219784249923 5.9023944180926268e-05 -0.006634768707370663
decision_type=2 2 2 2 2 2 2 2 2 2 2 2 2
left_child=1 10 3 -3 -4 9 8 -8 -7 12 11 -1 -2
right_child=5 2 4 -5 -6 6 7 -9 -10 -11 -12 -13 -14
leaf_value=-0.0098749211296014147 0.022108167385463492 -0.027530578987677235 -0.019492042728790931 0.023412526178149477 0.0030999064524580388 -0.024731139462000579 -0.060394522773872986 -0.0047436506854238239 0.013057071820092726 -0.0040509183317979387 0.027748484937207191 -0.036456260920330379 0.046395895248525339
leaf_weight=24.569575265049934 23.330350309610363 16.103343434631824 33.522829532623291 97.003249004483223 583.59500522166491 7.4982159435749045 6.4655408859252956 18.855327010154724 608.34573121368885 9.142921030521391 3.0030459687113753 16.917393438518047 16.68249295651913
leaf_count=159 46 78 143 232 2004 31 26 51 1335 24 16 130 23
internal_value=0.00732951 0.00284928 0.00408562 0.0161596 0.00187268 0.0123574 0.011351 -0.0189538 0.012597 0.0254854 -0.017443 -0.0207142 0.0322344
internal_weight=1465.04 774.714 730.224 113.107 617.118 690.321 641.165 25.3209 615.844 49.1558 44.49 41.487 40.0128
internal_count=4298 2762 2457 310 2147 1536 1443 77 1366 93 305 289 69
is_linear=0
shrinkage=0.03


Tree=53
num_leaves=15
num_cat=0
split_feature=13 29 9 23 11 15 17 25 28 14 5 10 25 8
split_gain=34.8337 20.0664 18.9352 22.6029 20.2992 18.3982 16.292 15.1765 20.4023 17.3862 10.9639 10.648 9.75524 9.109
threshold=0.02048352179194014 0.055984192898215462 1.3401314791286894 1.9073599556334626 0.014343987858007943 0.00090929024829599487 0.0046740496828569017 -0.00034703461401847021 -0.001461349191598697 0.89740487698299021 0.019477075874674458 -0.0044639030805232313 -0.000505418529753091 0.0033600886550455597
decision_type=2 2 2 2 2 2 2 2 2 2 2 2 2 2
left_child=2 7 4 6 5 -1 -4 8 -2 -9 12 -5 -3 -6
right_child=1 10 3 11 13 -7 -8 9 -10 -11 -12 -13 -14 -15
leaf_value=-0.0034457135833213964 -0.014048642862079646 0.028543121322653773 -0.023810769635328761 0.036137021274442641 -0.048168668917549562 0.022004643037647202 0.026008762114176909 0.0056884033859424584 0.02198926123489801 -0.0099486986513296124 -0.014588806622464406 -0.0028930021040350622 0.01280787343625666 0.0012918273838005755
leaf_weight=50.330296762287617 16.883589178323746 38.077381670475006 78.525199837982655 9.9277053847908991 8.6106204465031606 51.951689355075359 6.3883159831166259 491.16014390438795 86.958246380090714 73.579881928861141 12.439990490674971 17.172728434205055 515.77228833734989 5.4864369183778754
leaf_count=214 62 68 466 36 44 174 21 1502 195 254 36 80 1126 20
internal_value=0.00711814 0.00910877 -0.00364475 -0.0124495 0.00482974 0.00948119 -0.0200627 0.00558922 0.0161299 0.00365105 0.0132641 0.0114049 0.0138897 -0.0289191
internal_weight=1463.26 1234.87 228.393 112.014 116.379 102.282 84.9135 668.582 103.842 564.74 566.29 27.1004 553.85 14.0971
internal_count=4298 3243 1055 603 452 388 487 2013 257 1756 1230 116 1194 64
is_linear=0
shrinkage=0.03


Tree=54
num_leaves=15
num_cat=0
split_feature=29 1 18 10 26 26 0 4 14 14 7 6 1 15
split_gain=33.5036 20.7969 29.0673 32.1656 25.2576 24.9667 17.2829 16.227 27.5702 32.5732 26.5082 16.2666 11.1338 10.4388
threshold=0.032398442985910422 0.033289851483390698 0.0054827039094078886 -0.0049576838671468145 0.0062284412540981543 0.0071485465325628631 0.00041319320727575517 27.500000000000004 0.74445748205107665 0.81655980044197229 5431310.0975000011 99189.000000000015 0.051860965249700637 0.0016906373827199107
decision_type=2 2 2 2 2 2 2 2 2 2 2 2 2 2
left_child=7 4 -3 -4 6 -6 -2 10 13 -10 12 -12 -1 -9
right_child=1 2 3 -5 5 -7 -8 8 9 -11 11 -13 -14 -15
leaf_value=-0.024513882030772462 0.010896557558636806 -0.02362020501789245 0.0047257773432574949 0.019214110586700524 -0.048608750504461555 -0.001458447885224736 6.5830986718493409e-05 -0.0140112574732502 0.037171707818992435 -0.0095741223591636442 0.040530519109242401 0.0063208273212904328 0.045124495243223546 -0.040466784873445856
leaf_weight=21.927550017833713 346.38683909922838 19.113286957144737 216.29408445954323 380.55326454341412 14.657605007290838 32.557919666171074 214.84444829821587 87.588733278214931 21.400066927075386 35.95836365967989 20.888563558459282 31.185658127069473 2.2812511697411528 15.852812699973581
leaf_count=149 924 78 543 812 61 94 641 471 74 173 63 114 8 93
internal_value=0.00691274 0.00891148 0.0127974 0.0139636 0.00497758 -0.0160958 0.00675046 -0.00340969 -0.00881551 0.00786645 0.00798545 0.0200434 -0.0179517 -0.0180657
internal_weight=1461.49 1224.41 615.961 596.847 608.447 47.2155 561.231 237.083 160.8 57.3584 76.283 52.0742 24.2088 103.442
internal_count=4298 3153 1433 1355 1720 155 1565 1145 811 247 334 177 157 564
is_linear=0
shrinkage=0.03


Tree=55
num_leaves=15
num_cat=0
split_feature=13 9 13 7 21 28 26 5 28 26 5 17 6 13
split_gain=32.1226 28.9512 25.5576 22.4967 19.2679 18.0499 22.7859 14.9784 14.6628 22.4606 15.3562 14.3605 12.4455 6.47608
threshold=0.026532906716118663 1.4532530813411066 0.025886216120154223 503883.21800000005 330766.50000000006 0.00057668997868393936 0.0016099635257772174 -0.014772258603472947 0.0024568429999544191 0.0034267186835907275 -0.018346212681275689 0.0065383484921001777 133756.50000000003 0.035721213069745898
decision_type=2 2 2 2 2 2 2 2 2 2 2 2 2 2
left_child=1 2 3 -1 12 6 7 -2 10 -10 -7 -6 -3 -8
right_child=5 4 -4 -5 11 8 13 -9 9 -11 -12 -13 -14 -15
leaf_value=-0.036325358285660185 -0.017090463359136162 -0.029934989314063895 -0.044470316491745661 0.0099795495749071522 -0.0013602139661599007 -0.014103104365535352 -0.015510727475903537 0.0076768599108454471 -0.030557583031062392 0.0088866160290508502 0.01697340993556026 -0.050861058205493762 0.023845022629766132 -0.059285193961413997
leaf_weight=9.8164974600076658 23.236714571714401 43.88468411564827 8.5609384924173337 248.14812358468771 137.93891105800867 14.816340968012808 6.8067698776721937 405.06234502792358 14.691358670592306 112.36589454859495 419.32377407699823 5.4842953234910956 4.2475283667445174 5.4989266842603683
leaf_count=75 76 283 37 789 578 47 22 1035 55 273 964 25 16 23
internal_value=0.00671222 0.000131292 0.00652512 0.00821748 -0.00876492 0.0097214 0.00517674 0.00633315 0.0132895 0.00432577 0.0159128 -0.00325305 -0.0251891 -0.0350718
internal_weight=1459.88 458.081 266.526 257.965 191.555 1001.8 440.605 428.299 561.197 127.057 434.14 143.423 48.1322 12.3057
internal_count=4298 1803 901 864 902 2495 1156 1111 1339 328 1011 603 299 45
is_linear=0
shrinkage=0.03


Tree=56
num_leaves=13
num_cat=0
split_feature=29 28 28 22 25 28 17 21 28 25 0 29
split_gain=30.9647 22.0649 37.8008 22.2967 22.1918 30.3182 19.1554 14.6692 10.179 13.0198 5.63777 0.402523
threshold=0.051624236850219378 2.0769923405786677e-05 -0.00023120864014732027 81213421.65700002 -0.0003944043076717358 0.0022481836739079463 0.00012672401832448718 92519.000000000015 0.0054961807543722875 0.00012090267976626087 0.0023406268383379457 0.03724915538107007
decision_type=2 2 2 2 2 2 2 2 2 2 2 2
left_child=1 2 3 -1 6 -6 -3 10 9 -9 -2 -4
right_child=7 4 11 -5 5 -7 -8 8 -10 -11 -12 -13
leaf_value=-0.019333321004699065 -0.047917404997145169 -0.0063646597369734648 -0.038685795372710656 0.0032211752394639579 0.0078000132754668695 -0.011476115006089914 0.032380454061129056 0.014431223863834115 0.039265075933716351 0.0057719676465913241 0.0019325036564109856 -0.046990250694713548
leaf_weight=49.217956490814686 5.1065854579210264 15.207472383975981 9.8998641297221202 198.70654452592134 349.01535103470087 93.004405535757542 46.906595811247826 413.91514267027378 11.805428907275198 251.06196655333042 3.4021750241518021 11.191407471895216
leaf_count=274 24 52 62 643 1165 405 109 887 18 596 11 52
internal_value=0.00651693 0.00240149 -0.00453635 -0.00125634 0.00610366 0.00374417 0.0228944 0.01116 0.0116521 0.0111619 -0.0279852 -0.0430923
internal_weight=1458.44 773.15 269.016 247.925 504.134 442.02 62.1141 685.291 676.783 664.977 8.50876 21.0913
internal_count=4298 2762 1031 917 1731 1570 161 1536 1501 1483 35 114
is_linear=0
shrinkage=0.03


Tree=57
num_leaves=15
num_cat=0
split_feature=18 7 25 26 28 19 23 23 4 25 9 4 11 29
split_gain=29.8286 22.5642 21.5241 36.2723 22.3106 13.2468 13.5974 19.8932 14.5855 6.80206 14.3617 6.59264 2.4332 0.220136
threshold=0.0044084849583543593 1138091.9525000004 -0.0003944043076717358 -0.0048597033375673993 0.0024568429999544191 1.0000000180025095e-35 1.9073599556334626 0.85395758559461676 47.500000000000007 -9.7709296755255009e-05 0.76861528657784561 322.50000000000006 0.032324573238615061 0.043082768800115773
decision_type=2 2 2 2 2 2 2 2 2 2 2 2 2 2
left_child=5 9 3 -3 -4 6 7 -1 -8 10 -2 -11 13 -7
right_child=1 2 4 -5 -6 12 8 -9 -10 11 -12 -13 -14 -15
leaf_value=0.011514199976605773 0.041201389741196068 -0.043786717813600599 0.00815037710685842 0.021881131030909447 -0.0046563309664448037 -0.036265714324508355 0.056558157999421467 -0.024036045750218945 -0.0075042455969607964 -0.037718016187181846 -0.038412920903438556 -0.0039984387767170934 -0.0028412767995321872 -0.047010426329988836
leaf_weight=22.733573228120804 4.5671536177396792 7.9794524312019339 1040.0757574439049 147.63357052206993 138.76126889884472 13.706112310290338 6.1783764064311963 37.591842241585255 6.632005974650383 15.120275065302851 3.6842242553830147 7.9685663133859626 2.0482146069407454 1.9617309495806683
leaf_count=116 13 32 2782 316 420 105 24 263 40 103 23 42 9 10
internal_value=0.00632903 0.00743626 0.00802719 0.0185138 0.0066429 -0.0103161 -0.00467802 -0.010639 0.0233927 -0.0177254 0.00565375 -0.0260805 -0.0335912 -0.037611
internal_weight=1456.64 1365.79 1334.45 155.613 1178.84 90.8519 73.1358 60.3254 12.8104 31.3402 8.25138 23.0888 17.7161 15.6678
internal_count=4298 3731 3550 348 3202 567 443 379 64 181 36 145 124 115
is_linear=0
shrinkage=0.03


Tree=58
num_leaves=12
num_cat=0
split_feature=18 25 26 11 9 15 26 26 26 5 6
split_gain=28.4584 20.6044 31.6411 16.587 17.8127 17.6158 16.4163 28.2556 25.1401 13.6224 5.35314
threshold=0.006244040243533062 -0.00036666288137811835 -0.0048597033375673993 0.041444997156256866 5.6014767559982719 0.010382222796108398 0.00035155137829433056 -0.0011003228534595252 0.00092593768948510307 -0.01446511551616032 831742.50000000012
decision_type=2 2 2 2 2 2 2 2 2 2 2
left_child=3 2 -2 4 5 -1 7 -3 -8 -4 -6
right_child=1 6 9 -5 10 -7 8 -9 -10 -11 -12
leaf_value=0.00014119400656987548 -0.042484747419236774 0.0067902111938291324 -0.026718093985277989 0.0420264476211272 -0.035134244720414508 -0.046657991834854133 0.023342928231611267 -0.010710251828396222 0.0070623531254242573 0.023416772426539834 -0.00048517217274124077
leaf_weight=235.72417858988047 7.2761782109737387 312.855907805264 5.0563611835241309 7.3154052942991248 19.625926606357101 7.4681716263294211 102.90320142358541 113.03096801787615 500.8016345128417 138.06752790510654 5.0444467738270751
leaf_count=1066 29 837 17 13 120 40 221 357 1296 277 25
internal_value=0.00614487 0.00817085 0.018543 -0.00254278 -0.00375997 -0.00129596 0.00665571 0.00214556 0.00983742 0.0216456 -0.0280494
internal_weight=1455.17 1179.99 150.4 275.178 267.863 243.192 1029.59 425.887 603.705 143.124 24.6704
internal_count=4298 3034 323 1264 1251 1106 2711 1194 1517 294 145
is_linear=0
shrinkage=0.03


Tree=59
num_leaves=15
num_cat=0
split_feature=13 9 23 13 25 26 6 20 17 9 14 1 10 7
split_gain=28.5462 16.3876 20.6215 18.5997 16.0823 32.3839 18.2025 17.8376 14.9758 14.539 14.2702 11.2159 9.35582 3.19468
threshold=0.02048352179194014 1.3401314791286894 1.9073599556334626 0.019681516550671744 -0.0003944043076717358 -0.0048597033375673993 5520.5000000000009 0.034713414527126181 0.0046740496828569017 0.5215962505783337 0.029030224637657791 0.021083619702176388 -0.0044639030805232313 3215212.7385000004
decision_type=2 2 2 2 2 2 2 2 2 2 2 2 2 2
left_child=1 3 8 9 5 -2 11 -8 -3 -1 -7 -6 -4 -5
right_child=4 2 12 13 6 10 7 -9 -10 -11 -12 -13 -14 -15
leaf_value=-0.021814061240338824 -0.041636439227884785 -0.023243362514571975 0.033258949839282403 -0.014177246556105805 -0.039011659839521005 -0.068095927803308767 0.0063852071463743314 0.024441879646152624 0.024601360102021345 0.011564525778511378 0.022224013866630591 -0.00295457984168672 -0.0030537950069200411 -0.052217167315409728
leaf_weight=13.412221796810625 7.8571045249700537 76.482223965227604 10.191735856235029 3.1163400113582593 11.438065111637114 1.5941423177719105 1003.2486777454615 51.779613643884659 6.3790208473801604 94.464986875653267 126.89066105335951 24.172574020922184 17.099260181188583 5.4827556163072586
leaf_count=72 32 466 36 15 73 7 2663 99 21 340 269 100 80 25
internal_value=0.00596694 -0.00381519 -0.0121107 0.00402994 0.00777374 0.0174878 0.00655937 0.00727141 -0.0195601 0.00741461 0.0211034 -0.014536 0.0105071 -0.0384314
internal_weight=1453.61 226.629 110.152 116.476 1226.98 136.342 1090.64 1055.03 82.8612 107.877 128.485 35.6106 27.291 8.5991
internal_count=4298 1055 603 452 3243 308 2935 2762 487 412 276 173 116 40
is_linear=0
shrinkage=0.03


Tree=60
num_leaves=15
num_cat=0
split_feature=29 21 9 19 5 13 28 6 13 12 21 26 0 8
split_gain=27.8441 20.9784 28.9592 22.053 21.8049 21.9161 17.0843 11.006 16.8202 12.7197 14.05 12.7252 11.4609 9.96099
threshold=0.055984192898215462 814931.00000000012 1.7749908674607224 1.0000000180025095e-35 -0.016295540404632658 0.016747684952610593 -0.0018563352716180642 111742.50000000001 0.053120258255352916 -0.035107875926836181 6524956.0000000009 -0.0060459733181610692 0.0035546279283653367 -0.020962129572046167
decision_type=2 2 2 2 2 2 2 2 2 2 2 2 2 2
left_child=1 2 3 -1 13 -6 -4 8 12 10 -9 -11 -2 -3
right_child=7 4 6 -5 5 -7 -8 9 -10 11 -12 -13 -14 -15
leaf_value=0.0084097796715478824 0.014884724598825795 -0.0059819210975928889 -0.042034928078558152 -0.011433705646473709 -0.011889361401114065 0.010201358923442505 -0.0096277324519908614 0.0013632826087381512 0.035268922609949134 0.037415853575685783 -0.042800190940508173 0.0095696917679663693 -0.020752237770444357 -0.051980104144666542
leaf_weight=197.96765763685107 105.99057079851627 9.5309508591890353 16.541258983314037 67.622789688408375 44.846814572811127 409.38427893072367 127.40901745855808 63.85154415667057 37.617647096514702 15.457910239696501 7.2159075140953055 331.807692527771 8.7959946841001493 7.6282299533486357
leaf_count=702 229 28 100 290 223 1074 582 155 62 24 25 742 27 35
internal_value=0.00579538 0.00245111 -0.00251571 0.00335737 0.00676625 0.00802031 -0.0133516 0.0109573 0.0178593 0.00844273 -0.0031209 0.0108092 0.0121539 -0.0264307
internal_weight=1451.67 880.931 409.541 265.59 471.39 454.231 143.95 570.737 152.404 418.333 71.0675 347.266 114.787 17.1592
internal_count=4298 3034 1674 992 1360 1297 682 1264 318 946 180 766 256 63
is_linear=0
shrinkage=0.03


Tree=61
num_leaves=15
num_cat=0
split_feature=29 22 25 26 23 11 20 6 13 25 20 24 6 8
split_gain=26.2919 21.1437 21.846 26.925 19.8524 19.194 10.6345 10.418 16.0392 14.2323 12.6695 9.96595 4.25018 3.33102
threshold=0.055984192898215462 39212954.939000003 -0.00036666288137811835 -0.0035323386302439741 3.3534668284005602 0.012167337362233596 -0.024216535156718611 111742.50000000001 0.053120258255352916 -0.000505418529753091 -0.074972347219538257 0.44184951127777705 346904.00000000006 -0.0026636864527722777
decision_type=2 2 2 2 2 2 2 2 2 2 2 2 2 2
left_child=1 4 3 -3 6 -4 -1 8 11 12 -11 -2 -9 -10
right_child=7 2 5 -5 -6 -7 -8 9 13 10 -12 -13 -14 -15
leaf_value=0.006796887134977443 -0.010735918095759149 -0.019801710628757289 -0.0040256928044655723 0.020805470633061644 0.06417195266065466 0.0060394459315460487 -0.024151117866496926 0.0079584801977823812 0.044631942222756918 -0.019461220917020284 0.0078069471687958643 0.015284219854279532 0.034777041058030242 0.026569066618510138
leaf_weight=12.578202448785303 15.287690609693525 17.024269558489323 305.13248997926712 107.44536077231169 2.7805114015936843 386.51261767745018 48.620049025863409 6.9854306280612972 16.296105623245239 15.994033902883528 372.32911869883537 99.281003415584564 22.285532832145691 21.067273184657097
leaf_count=68 43 77 1127 251 8 1167 336 16 23 47 846 213 37 39
internal_value=0.00562939 0.00237928 0.00368122 0.0152514 -0.0142282 0.00159902 -0.0177903 0.0106518 0.0173786 0.0082044 0.00668384 0.0118122 0.0283769 0.0344472
internal_weight=1449.62 880.094 816.115 124.47 63.9788 691.645 61.1983 569.526 151.932 417.594 388.323 114.569 29.271 37.3634
internal_count=4298 3034 2622 328 412 2294 404 1264 318 946 893 256 53 62
is_linear=0
shrinkage=0.03


Tree=62
num_leaves=13
num_cat=0
split_feature=29 1 10 18 5 28 28 5 8 5 5 7
split_gain=25.4202 18.3314 25.6631 28.9423 19.1444 16.3722 40.9485 25.4055 14.6651 18.8568 16.4338 13.579
threshold=0.032398442985910422 0.033289851483390698 -0.0049576838671468145 0.0054827039094078886 -0.014772258603472947 0.0022481836739079463 0.0021404345103649891 -0.0054647120545824011 0.020928426893294761 0.0078172716425997813 0.0061870002061565179 146837567.63400003
decision_type=2 2 2 2 2 2 2 2 2 2 2 2
left_child=8 5 4 -4 -3 6 -2 -7 9 10 -1 -11
right_child=1 2 3 -5 -6 7 -8 -9 -10 11 -12 -13
leaf_value=-0.0042651476323117728 0.0034433261662963933 -0.02926478810579242 -0.02759460340633035 0.017084619283315974 0.0051543152339299896 -0.042832704890655736 0.039565001191323605 -0.00084510877174822252 0.036032525805943891 -0.039651462407053355 0.028480507047587277 0.013060187599349586
leaf_weight=185.11715045198798 488.16262602061033 15.660228207707403 13.519076265394686 374.95978960394859 204.05645084381104 15.897999651730059 29.979846835136414 70.412078969180584 8.1260521784424764 21.124126948416237 14.903966367244719 5.5550927221775046
leaf_count=917 1387 54 58 812 509 66 58 209 21 138 51 18
internal_value=0.00546865 0.00721814 0.0108953 0.0155298 0.00270111 0.00351822 0.00553333 -0.00857907 -0.00356574 -0.00498513 -0.0018252 -0.028676
internal_weight=1447.47 1212.65 608.196 388.479 219.717 604.453 518.142 86.3101 234.826 226.7 200.021 26.6792
internal_count=4298 3153 1433 870 563 1720 1445 275 1145 1124 968 156
is_linear=0
shrinkage=0.03


Tree=63
num_leaves=15
num_cat=0
split_feature=13 9 25 9 21 25 15 23 17 25 25 26 18 23
split_gain=24.4587 24.6545 25.0914 21.3261 17.1548 14.4206 32.8041 16.9814 13.9985 13.5669 13.5442 13.9051 11.1607 10.6874
threshold=0.026532906716118663 1.4532530813411066 -9.5779806604573002e-05 0.5215962505783337 330766.50000000006 0.00060394083698791785 0.0026414978611003352 1.1431255154400684 0.0065383484921001777 -0.00022115147749914168 0.00056576806837775378 0.00035155137829433056 0.010591995637128209 1.2004052407250974
decision_type=2 2 2 2 2 2 2 2 2 2 2 2 2 2
left_child=1 2 9 -4 12 10 7 -7 -6 -1 11 -2 -3 -8
right_child=5 4 3 -5 8 6 13 -9 -10 -11 -12 -13 -14 -15
leaf_value=0.011355010464477164 0.0033130074082478879 -0.029025084415271563 -0.028032794185914884 0.0029991240402117455 -0.0017095237451881082 -0.059826434319814999 0.031288246404105879 -0.010178148244519835 -0.050744475848032787 0.037911181800469582 0.024286112034948109 0.010961863748239447 0.024328960875686357 -0.013319687831341388
leaf_weight=62.300973147153854 353.717817902565 42.485330730676651 22.842561341822147 156.39175279438496 137.17607760429382 10.920660361647608 16.08569705486298 14.344090282917021 5.44786363095045 23.977279990911484 48.062886878848076 541.17627130448818 3.8481799364089957 6.9104118123650542
leaf_count=177 943 289 119 553 578 45 29 46 25 52 99 1308 10 25
internal_value=0.00531097 -0.000451823 0.0054428 -0.000955746 -0.00873463 0.00795319 -0.00804154 -0.0316386 -0.00358253 0.0187351 0.0087718 0.00793856 -0.0245938 0.0178834
internal_weight=1445.69 454.47 265.513 179.234 188.957 991.218 48.2609 25.2648 142.624 86.2783 942.957 894.894 46.3335 22.9961
internal_count=4298 1803 901 672 902 2495 145 91 603 229 2350 2251 299 54
is_linear=0
shrinkage=0.03


Tree=64
num_leaves=14
num_cat=0
split_feature=29 7 4 24 11 5 18 24 5 6 7 1 13
split_gain=23.3918 19.8175 22.8043 18.0229 15.0488 26.6966 18.7541 13.4783 10.1243 10.0789 13.27 12.1422 6.73768
threshold=0.055984192898215462 6551797.2115000011 242.50000000000003 1.0596155634465583 0.011762257816325056 -0.012104145524826916 0.0040122644440140414 0.79140684379420445 0.019477075874674458 181248.00000000003 62408993.591000013 0.023327097979854231 0.038558699693418179
decision_type=2 2 2 2 2 2 2 2 2 2 2 2 2
left_child=1 2 7 -4 5 -3 -6 -1 9 11 -11 -2 -10
right_child=8 4 3 -5 6 -7 -8 -9 12 10 -12 -13 -14
leaf_value=-0.021571991578109448 0.00030818959467337939 -0.030853880739009534 0.0098884644158372739 -0.032996926961971679 -0.038771001647283719 0.0022408069551943517 0.0095614661721830363 -0.00032126838262116743 0.0047281388832862044 -0.0046962001817273634 0.010268604857890901 0.019950352091040808 -0.039772867561390778
leaf_weight=80.274472594261169 34.93590322136879 23.913230612874031 82.862111113965511 9.8701248168945295 7.3702271431684485 265.48177752643824 367.69718232750893 40.370412029325962 6.2542324513196927 64.652019679546356 304.52748319506645 149.67269022762775 5.9993052631616592
leaf_count=464 88 97 342 54 46 877 973 181 15 166 674 300 21
internal_value=0.00515783 0.00209161 -0.00586265 0.00532388 0.00464594 -0.000493867 0.00861171 -0.014461 0.00991306 0.0105099 0.00764792 0.0162332 -0.0170595
internal_weight=1443.88 877.84 213.377 92.7322 664.462 289.395 375.067 120.645 566.042 553.788 369.18 184.609 12.2535
internal_count=4298 3034 1041 396 1993 974 1019 645 1264 1228 840 388 36
is_linear=0
shrinkage=0.03


Tree=65
num_leaves=15
num_cat=0
split_feature=18 25 26 28 28 26 9 20 25 22 11 11 29 29
split_gain=22.3108 18.3819 29.9032 20.3505 32.0293 31.0701 16.2326 15.5071 13.6389 12.0535 2.37854 1.96131 0.222766 0.0952052
threshold=0.0044084849583543593 -0.0003944043076717358 -0.0048597033375673993 0.0024568429999544191 0.0017403464742138232 0.003521153417689328 2.7032639516318073 -0.0013627175423752294 0.00032396344519692124 138893731.42600003 0.032324573238615061 0.013226036608705088 0.045365543796253453 0.034545623563042784
decision_type=2 2 2 2 2 2 2 2 2 2 2 2 2 2
left_child=7 2 11 4 -3 -5 -4 8 9 -1 12 -2 -9 -10
right_child=1 3 6 5 -6 -7 -8 10 13 -11 -12 -13 -14 -15
leaf_value=-0.0092208687876030333 -0.02552272068463201 0.0039745276880131051 0.022989314021397599 -0.034679615947795513 0.018745989743318058 0.00091242693814534584 -0.0048195869729242913 -0.035868977967043948 -0.035258040092230811 0.017984588151920774 -0.0027058777376118451 -0.055274245146247909 -0.046571861256579576 -0.042477706025858382
leaf_weight=34.822489641606808 3.8716900199651709 902.5971332937479 124.5066325366497 27.382073849439621 154.76528683304787 113.86727555841208 22.270471438765526 15.157051064074045 7.0932077467441541 25.309962660074234 2.0226377248764029 4.1124009788036346 1.9786916002631176 2.1397760435938835
leaf_count=237 15 2556 262 120 368 322 70 123 60 116 9 18 10 12
internal_value=0.00500979 0.0059642 0.0156943 0.00470788 0.00613661 -0.00598731 0.0187699 -0.0095814 -0.00298261 0.00223 -0.0334732 -0.040847 -0.0371049 -0.0369312
internal_weight=1441.9 1353.37 154.761 1198.61 1057.36 141.249 146.777 88.5238 69.3654 60.1325 19.1584 7.98409 17.1357 9.23298
internal_count=4298 3731 365 3366 2924 442 332 567 425 353 142 33 133 72
is_linear=0
shrinkage=0.03


Tree=66
num_leaves=15
num_cat=0
split_feature=13 13 9 23 25 26 28 26 26 9 24 27 23 29
split_gain=21.8309 15.8149 17.1489 14.9866 14.2163 28.1117 18.8247 24.4205 21.0304 12.4933 11.3939 9.5423 2.49341 1.037
threshold=0.02048352179194014 0.019681516550671744 4.1103184793275593 2.4324118622401452 -0.0003944043076717358 -0.0048597033375673993 0.0024568429999544191 0.00035155137829433056 0.003521153417689328 2.6652127184603511 0.78794705601751147 0.0078260917584374208 1.3051283588507274 0.046161477429879576
decision_type=2 2 2 2 2 2 2 2 2 2 2 2 2 2
left_child=1 2 3 -1 5 12 7 -6 -8 -7 13 -4 -2 -3
right_child=4 10 11 -5 6 9 8 -9 -10 -11 -12 -13 -14 -15
leaf_value=-0.00026919417807097268 -0.054620867032023485 -0.040503370393143272 -0.034693382113205065 0.041586433381811984 0.0013529892205544484 0.023204717377613815 -0.032050978037704306 0.011009925140648845 8.0294330648233363e-05 -0.0029580341374211656 0.0081611999918943627 0.022220787470772489 -0.020190347455735762 -0.059492879306555356
leaf_weight=176.42703679949045 4.4064306318759909 9.1883459687232989 18.660768952220682 8.0503700450062734 421.21313010156155 105.69820255041122 22.204113900661469 535.04754569381475 105.15649493038654 19.449464350938797 4.8466786295175543 3.0903426706790915 3.3186883479356766 3.6030983179807654
leaf_count=799 19 54 130 28 1201 216 91 1353 290 60 16 13 13 15
internal_value=0.00486446 -0.00374511 -0.0014132 0.00155733 0.00644885 0.0157103 0.00531321 0.00675624 -0.00552149 0.0191387 -0.0310103 -0.0266072 -0.0398296 -0.0458523
internal_weight=1440.36 223.867 206.229 184.477 1216.49 132.873 1083.62 956.261 127.361 125.148 17.6381 21.7511 7.72512 12.7914
internal_count=4298 1055 970 827 3243 308 2935 2554 381 276 85 143 32 69
is_linear=0
shrinkage=0.03


Tree=67
num_leaves=15
num_cat=0
split_feature=29 7 4 24 9 21 12 24 6 13 25 3 0 6
split_gain=21.5174 18.1503 21.4385 17.1028 16.6439 31.5663 22.2096 12.729 9.73705 15.3712 13.0236 13.646 10.6405 4.24067
threshold=0.055984192898215462 6551797.2115000011 242.50000000000003 1.0596155634465583 1.7749908674607224 709937.50000000012 -1.0000000180025095e-35 0.79140684379420445 111742.50000000001 0.053120258255352916 -0.000505418529753091 0.90906755115388294 0.0035546279283653367 346904.00000000006
decision_type=2 2 2 2 2 2 2 2 2 2 2 2 2 2
left_child=1 2 7 -4 6 -6 -3 -1 9 12 13 -12 -2 -10
right_child=8 4 3 -5 5 -7 -8 -9 10 -11 11 -13 -14 -15
leaf_value=-0.02123553947080058 0.013045285778351337 0.0097902388864570099 0.0093688346138636608 -0.032677141183684449 -0.016876208929611614 0.0048720663816665391 -0.041849875113565721 -0.000539801434726036 0.0059343954216567584 0.032727344528515327 0.0071200256382615949 -0.01400135001362173 -0.021353135543840877 0.033205235151464133
leaf_weight=79.203530337661505 104.62131242454052 346.13781303912401 83.141204308718443 9.7253084853291494 81.518453948199749 228.22305008769035 7.6615381985902777 40.384887639433146 6.7581444382667568 36.674560561776161 354.81256812810898 29.845466405153275 8.7719473838806135 21.326873287558556
leaf_count=464 229 921 342 54 356 684 32 181 16 62 810 83 27 37
internal_value=0.00472348 0.00178282 -0.00584872 0.00496563 0.00422632 -0.000851693 0.00867197 -0.0142466 0.00930052 0.0158446 0.00692118 0.00548123 0.0103843 0.026643
internal_weight=1438.81 875.996 212.455 92.8665 663.541 309.742 353.799 119.588 562.811 150.068 412.743 384.658 113.393 28.085
internal_count=4298 3034 1041 396 1993 1040 953 645 1264 318 946 893 256 53
is_linear=0
shrinkage=0.03


Tree=68
num_leaves=15
num_cat=0
split_feature=18 9 26 5 14 22 11 11 29 26 26 26 21 5
split_gain=20.5584 27.5004 25.2556 37.1298 23.7244 20.5723 20.5395 19.3026 16.8323 14.8264 27.2009 13.7855 12.5796 8.88673
threshold=0.0083801599640004835 1.3611364290879997 0.0034267186835907275 -0.014772258603472947 0.89740487698299021 407007489.56400007 0.012586799952722374 0.043767858988658585 0.096938677093608802 0.0062284412540981543 0.0071485465325628631 0.0056606436421686003 453366.00000000006 -0.0083643694073895353
decision_type=2 2 2 2 2 2 2 2 2 2 2 2 2 2
left_child=1 4 3 6 11 -6 -2 12 -5 13 -11 -1 -3 -4
right_child=2 7 9 8 5 -7 -8 -9 -10 10 -12 -13 -14 -15
leaf_value=0.011225209889340084 -0.055371105827018194 -0.018415512371697661 0.030975253321000075 0.0050492750774759638 -0.0351944205487476 0.013376785302825272 -0.0086164349188747463 0.039363182176401217 0.030372071425987843 -0.035645579521045766 0.013259358054681095 -0.013289940446108617 -0.0039595881734065946 0.015948735002122839
leaf_weight=249.34395213425159 12.881118580698965 78.594618048518896 47.435790568590164 560.33221603929996 21.471409767866135 12.369333922863005 24.617408290505409 7.8342010080814353 24.664413049817085 13.073945835232733 47.150696724653244 22.507547691464424 174.38450749963522 139.85523974895477
leaf_count=786 56 453 88 1418 107 32 71 13 43 45 106 86 688 306
internal_value=0.00458899 0.000141447 0.007485 0.00426192 0.00624681 -0.0174409 -0.0246771 -0.00701449 0.00611693 0.015591 0.00264277 0.00919551 -0.0084507 0.0197545
internal_weight=1436.52 566.506 870.011 622.495 305.692 33.8407 37.4985 260.813 584.997 247.516 60.2246 271.851 252.979 187.291
internal_count=4298 2165 2133 1588 1011 139 127 1154 1461 545 151 872 1141 394
is_linear=0
shrinkage=0.03


Tree=69
num_leaves=14
num_cat=0
split_feature=7 29 25 28 28 25 17 6 9 8 18 29 21
split_gain=20.1946 18.5645 15.9284 27.774 21.7846 10.313 14.7286 11.3311 7.81831 5.58775 0.0554579 0.031101 0.00664353
threshold=1138091.9525000004 0.019982888506241938 -0.0003944043076717358 -0.0022177478028270092 0.0024568429999544191 -0.00010520802191165431 -0.0010440397136425165 6253.5000000000009 3.8119255580263833 -0.0047067109810569902 0.0048448208121163903 0.032066417678894552 402206.00000000006
decision_type=2 2 2 2 2 2 2 2 2 2 2 2 2
left_child=5 10 3 -3 -4 6 11 -8 9 -7 12 -1 -2
right_child=1 2 4 -5 -6 8 7 -9 -10 -11 -12 -13 -14
leaf_value=-0.035620130376070078 -0.033403324239581714 -0.039077112753433757 0.0057243259588433404 0.017131501037860281 -0.0066040993038140672 -0.0089798733071578107 -0.01375728210652208 0.052275889798600643 0.024923757555468579 -0.036347207967820087 -0.039230654850417997 -0.040584711079826877 -0.035455536612813879
leaf_weight=2.4850475415587416 2.4892724975943548 8.3405107259750348 1067.2910235337913 153.91744477301836 146.73046598210931 9.7480429820716363 3.7738232240080816 6.1504765152931213 2.7503424063324919 21.576678887009624 3.8184271156787872 2.0914702266454697 3.3041509836912155
leaf_count=20 28 36 2992 376 493 65 21 19 11 176 22 12 27
internal_value=0.0044576 0.005124 0.00541417 0.0142422 0.00423427 -0.0145553 0.00663443 0.0271661 -0.0235726 -0.0278307 -0.0364238 -0.0378889 -0.0345738
internal_weight=1434.47 1385.89 1376.28 162.258 1214.02 48.5759 14.5008 9.9243 34.0751 31.3247 9.61185 4.57652 5.79342
internal_count=4298 3974 3897 412 3485 324 72 40 252 241 77 32 55
is_linear=0
shrinkage=0.03


Tree=70
num_leaves=15
num_cat=0
split_feature=13 9 13 25 21 28 26 25 26 23 20 23 6 7
split_gain=19.5127 20.7686 24.134 19.609 15.4549 14.83 21.8418 18.5259 13.273 23.3534 14.9485 11.911 11.4653 6.3767
threshold=0.026532906716118663 1.4532530813411066 0.025886216120154223 -9.7102269467849909e-05 330766.50000000006 0.00057668997868393936 0.0016099635257772174 0.00011771404345774827 0.0082190318628971876 1.2926127003592198 -0.039505136531607053 0.84542222451248161 133756.50000000003 77087098.058000013
decision_type=2 2 2 2 2 2 2 2 2 2 2 2 2 2
left_child=1 2 3 -1 12 6 7 -2 10 -10 -7 -6 -3 -8
right_child=5 4 -4 -5 11 8 13 -9 9 -11 -12 -13 -14 -15
leaf_value=0.01823804529064578 0.0089072439854324253 -0.028788177999794114 -0.045450773326181325 0.00048095168313493325 -0.035777810355267725 -0.00013437991680206494 -0.017697319114935928 -0.0039022771927174791 -0.052833115459406998 0.019120880721588431 0.013103505487335446 -0.0013083872889829594 0.023451273915931457 -0.06129435424706732
leaf_weight=82.610540919005871 249.97262296825647 40.452088944613934 8.4065355584025365 173.55822122097015 9.6836549639701825 93.023692265152931 6.8394159674644452 171.21357242763042 8.0935960412025469 8.1449500024318677 439.44607372581959 132.13657675683498 4.1710932999849311 5.4060738086700439
leaf_count=219 617 283 37 645 51 246 23 494 32 17 1044 552 16 22
internal_value=0.00432745 -0.00083816 0.00456598 0.00620735 -0.00850698 0.00669961 0.00255183 0.00370013 0.009976 -0.0167423 0.0107908 -0.003662 -0.0239052 -0.0369443
internal_weight=1433.16 451.019 264.575 256.169 186.443 982.14 433.432 421.186 548.708 16.2385 532.47 141.82 44.6232 12.2455
internal_count=4298 1803 901 864 902 2495 1156 1111 1339 49 1290 603 299 45
is_linear=0
shrinkage=0.03


Tree=71
num_leaves=14
num_cat=0
split_feature=7 26 26 26 26 9 25 17 8 9 8 8 26
split_gain=19.076 17.385 23.7882 43.2712 26.0679 11.0652 9.73524 13.8118 9.55722 7.45431 6.05271 5.54152 0.0232002
threshold=1138091.9525000004 -0.0085197464817939571 0.00035155137829433056 -0.00083184596827047162 0.00040986180287048431 1.8777933527918103 -0.00010520802191165431 -0.0010440397136425165 0.0043499696808780358 3.8119255580263833 0.0068733960473735707 -0.0047067109810569902 0.00092593768948510307
decision_type=2 2 2 2 2 2 2 2 2 2 2 2 2
left_child=6 5 3 -3 -4 10 7 12 -9 11 -2 -8 -1
right_child=1 2 4 -5 -6 -7 9 8 -10 -11 -12 -13 -14
leaf_value=-0.035764980797933971 0.022737638026019035 0.0042796950936516472 0.034163063660640237 -0.015711206772390292 0.0064018481893272916 -0.0035434879617625282 -0.008746368241923182 0.0036332241117641492 0.064493356661456544 0.023848494991902187 0.051899881049996911 -0.036158366916386006 -0.040111858953192692
leaf_weight=2.5030064173042765 14.491874143481256 389.04724579304457 31.649260729551315 130.01518175750971 797.96783761680126 8.6527973264455778 9.6924865432083589 6.42377210408449 3.6370786279439926 2.7719144374132147 11.479418337345122 21.056413389742378 1.978547967970371
leaf_count=20 30 1116 62 456 2266 27 65 31 9 11 17 176 12
internal_value=0.00420272 0.00484828 0.00430941 -0.000727642 0.00746092 0.0258384 -0.0143771 0.00612163 0.0256347 -0.0232701 0.0356275 -0.0275177 -0.0376841
internal_weight=1431.37 1383.3 1348.68 519.062 829.617 34.6241 48.0632 14.5424 10.0609 33.5208 25.9713 30.7489 4.48155
internal_count=4298 3974 3900 1572 2328 74 324 72 40 252 47 241 32
is_linear=0
shrinkage=0.03


Tree=72
num_leaves=14
num_cat=0
split_feature=29 7 4 3 9 21 12 24 5 26 26 12 29
split_gain=18.7969 15.6985 19.9907 16.1888 14.5474 28.5985 20.9123 12.0159 9.60513 10.1165 11.2537 10.133 6.42111
threshold=0.055984192898215462 6551797.2115000011 242.50000000000003 0.61927753288047171 1.7749908674607224 709937.50000000012 -1.0000000180025095e-35 0.79140684379420445 0.019477075874674458 -0.0060459733181610692 0.0037884351521818545 -0.067676467161788184 0.065418623164105863
decision_type=2 2 2 2 2 2 2 2 2 2 2 2 2
left_child=1 2 7 -4 6 -6 -3 -1 9 11 -11 -2 -10
right_child=8 4 3 -5 5 -7 -8 -9 12 10 -12 -13 -14
leaf_value=-0.020882714502605836 -0.01605692494888265 0.0088390476602566784 0.0090077412227196826 -0.031198533087446221 -0.016507922746235481 0.0042747253392669861 -0.041429520308515613 -0.0006803013896672554 0.0034033953588781438 0.0050638224791935277 0.015004701109017582 0.029953667397965563 -0.040242479067231725
leaf_weight=77.744402684271336 4.957020938396453 345.69930299371481 82.592302016913891 10.117034919559954 80.689521513879299 227.90803663432598 7.6122195273637763 40.196502938866615 6.1822398751974088 365.39511808753014 142.44709049165249 32.897349685430527 5.9565814286470413
leaf_count=464 14 921 337 59 356 684 32 181 15 856 301 57 21
internal_value=0.00407915 0.0013294 -0.00580358 0.00462018 0.00359945 -0.00115935 0.00775599 -0.0139973 0.00838026 0.00896739 0.00785219 0.0239286 -0.0180139
internal_weight=1430.39 872.559 210.65 92.7093 661.909 308.598 353.312 117.941 557.835 545.697 507.842 37.8544 12.1388
internal_count=4298 3034 1041 396 1993 1040 953 645 1264 1228 1157 71 36
is_linear=0
shrinkage=0.03


Tree=73
num_leaves=15
num_cat=0
split_feature=18 25 26 28 28 26 17 20 25 12 17 11 29 29
split_gain=17.8444 15.4331 25.2792 17.1497 28.8792 27.3053 15.2162 15.0236 12.9157 11.4102 3.16539 1.81781 0.382491 0.0901612
threshold=0.0044084849583543593 -0.0003944043076717358 -0.0048597033375673993 0.0024568429999544191 0.0017403464742138232 0.003521153417689328 0.0044808769085126531 -0.0013627175423752294 0.00032396344519692124 -0.0019671761976726683 -0.0020251225808367622 0.013226036608705088 0.045365543796253453 0.034545623563042784
decision_type=2 2 2 2 2 2 2 2 2 2 2 2 2 2
left_child=7 2 11 4 -3 -5 -4 8 9 -1 -9 -2 -12 -10
right_child=1 3 6 5 -6 -7 -8 10 13 -11 12 -13 -14 -15
leaf_value=0.0065905702247807301 -0.023691612491505129 0.002929516540214411 0.010241840336720355 -0.033394889592798925 0.017017462985959457 0.0002626625999560507 0.03149429440398821 0.0029009420633786883 -0.03498949850902662 -0.037502844360361651 -0.035750719813423246 -0.052598030097291679 -0.049240828454904614 -0.042140692197710466
leaf_weight=53.806025873869658 3.7991750687360755 897.39672858268023 99.126386649906635 26.844410479068756 153.3342572003603 113.05023133009672 43.68110291659832 1.9483159631490732 6.7185897976160032 5.8568249717354766 14.2961507961154 4.0400465279817581 2.1800731122493735 2.0773462802171707
leaf_count=308 15 2556 252 120 368 322 80 11 60 45 120 18 11 12
internal_value=0.00396281 0.00481629 0.0138631 0.00367162 0.00498539 -0.00619589 0.0167424 -0.00921293 -0.00274115 0.00226212 -0.0332597 -0.0385889 -0.0375357 -0.0366784
internal_weight=1428.16 1341.27 150.647 1190.63 1050.73 139.895 142.807 86.8833 68.4588 59.6629 18.4245 7.83922 16.4762 8.79594
internal_count=4298 3731 365 3366 2924 442 332 567 425 353 142 33 131 72
is_linear=0
shrinkage=0.03


Tree=74
num_leaves=15
num_cat=0
split_feature=29 25 26 7 19 11 7 8 6 25 3 6 20 9
split_gain=17.5765 15.2623 22.0667 17.9532 15.2202 15.0247 12.6293 10.7617 9.27523 12.0789 13.987 10.4339 7.65286 5.26265
threshold=0.055984192898215462 -0.00036666288137811835 -0.0035323386302439741 1305474.1010000003 1.0000000180025095e-35 0.012167337362233596 56976100.403000005 0.012548219784249923 111742.50000000001 -0.00087053193906951151 0.90906755115388294 88360.000000000015 -0.043639575905870899 1.0455191108125821
decision_type=2 2 2 2 2 2 2 2 2 2 2 2 2 2
left_child=1 2 6 7 -4 -5 -1 -3 11 -10 -11 12 -2 -13
right_child=8 3 4 5 -6 -7 -8 -9 9 10 -12 13 -14 -15
leaf_value=-0.041162116735349745 0.027505238481830355 -0.022960919402240251 0.021086643763915881 -0.0042093165737189199 -0.0057001861361895539 0.0046548662064265379 0.0098652868099632224 0.042961684210236335 0.032864067020853018 0.0063437613358916928 -0.014752831476941924 0.039986131321581068 0.006795715577402466 0.015513364280166008
leaf_weight=10.659651167690756 19.263035550713539 40.520648997277021 90.275541059672832 312.86767458170652 24.210371531546116 382.48499844223261 7.3927355706691733 2.3584429323673239 14.198495894670485 362.78622499108315 30.675720244646072 18.491922095417976 96.559102892875671 13.817433670163153
leaf_count=68 35 306 221 1186 76 1144 23 10 25 835 86 28 226 29
internal_value=0.00384802 0.00118763 0.0105612 -0.000495253 0.015422 0.000666507 -0.0202656 -0.019335 0.00801612 0.00567996 0.00469899 0.0144453 0.01024 0.0295201
internal_weight=1426.56 870.77 132.538 738.232 114.486 695.353 18.0524 42.8791 555.792 407.66 393.462 148.131 115.822 32.3094
internal_count=4298 3034 388 2646 297 2330 91 316 1264 946 921 318 261 57
is_linear=0
shrinkage=0.03


Tree=75
num_leaves=14
num_cat=0
split_feature=13 13 9 20 14 18 26 9 11 12 20 9 22
split_gain=16.8778 15.2264 15.4218 13.5893 17.2503 43.7794 15.4091 13.5644 13.287 12.4231 12.1989 9.4846 3.45327
threshold=0.02048352179194014 0.019681516550671744 4.1103184793275593 0.034713414527126181 0.90376848874597981 0.0076832531502097666 0.00039121700554116168 0.46250909664852285 0.012167337362233596 -0.0010761655836332362 0.0041599719396702983 6.1518579530372968 39212954.939000003
decision_type=2 2 2 2 2 2 2 2 2 2 2 2 2
left_child=1 2 9 4 8 -6 -5 -8 -2 -1 -4 12 -3
right_child=3 11 10 6 5 -7 7 -9 -10 -11 -12 -13 -14
leaf_value=0.0032791184445588374 0.0014907795488571329 -0.0091051402255476893 -0.03440489643491098 -0.025963586573755755 -0.040229836028516618 0.0032806516042338794 -0.059176736509860835 0.028432105185360775 0.0084705194051810043 -0.028223221765522954 0.036330061103532013 0.020110922611809329 -0.047380300956082984
leaf_weight=170.98378605768085 405.73549395054579 2.5792940557003048 18.432784222066406 5.8908605873584738 26.627789735794067 95.298890933394432 1.6468493491411198 46.529695078730583 621.4182793982327 12.061189319938419 2.4908131361007682 2.7564571350812903 11.952373191714285
leaf_count=752 1154 14 134 20 129 245 8 84 1603 75 9 10 61
internal_value=0.00373824 -0.00387682 -0.00158562 0.00513864 0.00444704 -0.00622168 0.019837 0.0254373 0.00571346 0.00120337 -0.0259844 -0.0309089 -0.0405867
internal_weight=1424.4 221.257 203.969 1203.15 1149.08 121.927 54.0674 48.1765 1027.15 183.045 20.9236 17.2881 14.5317
internal_count=4298 1055 970 3243 3131 374 112 92 2757 827 143 85 75
is_linear=0
shrinkage=0.03


Tree=76
num_leaves=14
num_cat=0
split_feature=22 25 26 20 28 9 26 11 9 20 18 23 23
split_gain=16.4248 16.8997 25.7073 17.4678 18.3317 16.2665 14.8414 13.146 13.5489 13.9725 8.90271 5.29598 2.62599
threshold=39212954.939000003 -0.0003944043076717358 -0.0048597033375673993 0.034713414527126181 0.0024568429999544191 2.6652127184603511 0.00035155137829433056 0.027490019759094635 1.3401314791286894 -0.017649198356729866 0.0068067500357900301 3.0798121417618147 1.3397876762571006
decision_type=2 2 2 2 2 2 2 2 2 2 2 2 2
left_child=7 2 12 4 -3 -4 -5 8 9 -1 -9 -10 -2
right_child=1 3 5 6 -6 -7 -8 10 11 -11 -12 -13 -14
leaf_value=0.017701061830077795 -0.050606717351650579 0.0037653968004173377 0.021069559547533399 -0.030546583213003364 -0.0081678446445899739 -0.0057454237348767328 0.025637993183726324 0.04419653724414601 -0.03702349951531133 -0.019620306424564259 -0.013202883076473538 0.018824296841648012 -0.015605830208358762
leaf_weight=15.307238221168516 5.2333643436431867 1015.2268331050873 122.17892911285162 4.6624499112367621 130.78403440862894 24.431545674800873 45.769295707345009 6.0860908478498441 22.356772642582659 22.009351771324873 4.050418920814991 1.6403111591935147 3.0556093007326126
leaf_count=62 24 2924 275 16 434 84 86 17 200 139 17 7 13
internal_value=0.00362995 0.00437112 0.0136951 0.00316398 0.00240356 0.016601 0.0204437 -0.0103879 -0.0156201 -0.00431111 0.0212605 -0.033206 -0.0377042
internal_weight=1422.79 1351.34 154.899 1196.44 1146.01 146.61 50.4317 71.4502 61.3137 37.3166 10.1365 23.9971 8.28897
internal_count=4298 3856 396 3460 3358 359 102 442 408 201 34 207 37
is_linear=0
shrinkage=0.03


Tree=77
num_leaves=15
num_cat=0
split_feature=29 23 27 1 10 26 26 21 26 20 26 0 7 10
split_gain=16.0809 18.4906 17.4646 15.2667 22.7799 22.0455 21.4588 17.1678 15.1869 14.079 8.72649 7.43032 5.05148 0.407583
threshold=0.032398442985910422 20.194176156104678 0.027846520373177253 0.033289851483390698 -0.0049576838671468145 0.0062284412540981543 0.0071485465325628631 671449.00000000012 0.0034267186835907275 -0.019066431736189812 0.00035155137829433056 -1.0000000180025095e-35 69309790.845000014 0.038903952143233368
decision_type=2 2 2 2 2 2 2 2 2 2 2 2 2 2
left_child=1 2 9 5 7 8 -7 -5 -2 -1 -6 12 -3 -4
right_child=3 11 13 4 10 6 -8 -9 -10 -11 -12 -13 -14 -15
leaf_value=-0.015740579592684437 0.0006575208122045048 0.018689683607774232 -0.040308094528876882 -0.017839719023026303 0.0055950354189711268 -0.048868176207456572 -0.0046520355141799821 0.0044490981394576532 0.012941956304121198 0.0012094050650072687 0.015668251828812891 0.035475380853885463 -0.022249697566718574 -0.053084307122853926
leaf_weight=67.441496189683676 436.01123689115047 6.9385297894477862 7.3563248738646489 37.67107580602169 108.59747967869043 14.325194410979746 31.822973228991032 178.34395043551922 114.32155277580023 127.45251286774874 269.43714930862188 13.69736973941326 4.4536832422018051 3.2357479631900787
leaf_count=358 1267 16 43 128 273 61 94 435 298 676 597 24 14 14
internal_value=0.00352513 -0.00372636 -0.00669492 0.00492956 0.00833372 0.00153927 -0.0183775 0.000562129 0.00320939 -0.004656 0.0127745 0.0205864 0.0026848 -0.0442111
internal_weight=1421.11 230.576 205.486 1190.53 594.05 596.481 46.1482 216.015 550.333 194.894 378.035 25.0896 11.3922 10.5921
internal_count=4298 1145 1091 3153 1433 1720 155 563 1565 1034 870 54 30 57
is_linear=0
shrinkage=0.03


Tree=78
num_leaves=12
num_cat=0
split_feature=29 26 26 26 15 26 5 8 18 21 1
split_gain=15.6451 15.2971 22.325 17.8712 15.7004 7.32425 5.10377 3.31458 0.0378266 0.00273341 0.00014727
threshold=0.019023997455488426 -0.0085197464817939571 -0.0071808282944440744 -0.005937514655943609 0.0074502748691511857 -0.016530959880093 0.0034957273424552167 0.0039980136961906389 0.0040968192005278918 453366.00000000006 0.023091970855176707
decision_type=2 2 2 2 2 2 2 2 2 2 2
left_child=8 5 4 -4 -3 6 -2 -7 9 10 -1
right_child=1 2 3 -5 -6 7 -8 -9 -10 -11 -12
leaf_value=-0.032899310942627692 -0.0058963583838825308 -0.047767149169085012 0.023675575383689099 0.0030025926882128518 0.025759396857797323 0.022912116449923085 0.026346217358854201 0.049181493439108756 -0.037648893778487659 -0.034500614373496039 -0.033327888110309199
leaf_weight=1.2301565743982776 9.1637770682573336 12.446219235658644 38.738938800990582 1320.3998503983021 3.3085585981607428 8.0252432599663752 8.5327055901288968 9.3701864928007108 3.8472869321703911 2.4711673259735107 1.7455126494169233
leaf_count=16 27 60 88 3977 8 20 17 16 26 23 20
internal_value=0.00342373 0.00367946 0.00318024 0.00359183 -0.0323263 0.0232386 0.00965003 0.0370623 -0.0353716 -0.0337631 -0.0331507
internal_weight=1419.28 1409.99 1374.89 1359.14 15.7548 35.0919 17.6965 17.3954 9.29412 5.44684 2.97567
internal_count=4298 4213 4133 4065 68 80 44 36 85 59 36
is_linear=0
shrinkage=0.03


Tree=79
num_leaves=15
num_cat=0
split_feature=29 25 26 21 7 19 11 8 6 13 25 5 1 1
split_gain=15.4083 13.9747 19.9675 16.2494 16.2106 14.2212 13.1859 10.1859 9.09979 14.2281 11.5001 12.9009 10.4605 3.75211
threshold=0.055984192898215462 -0.00036666288137811835 -0.0035323386302439741 1901046.5000000002 1305474.1010000003 1.0000000180025095e-35 0.012167337362233596 0.012548219784249923 111742.50000000001 0.053120258255352916 -0.00087053193906951151 0.0086888444937522884 0.030588162002902288 0.02347622965270018
decision_type=2 2 2 2 2 2 2 2 2 2 2 2 2 2
left_child=1 2 3 -1 7 -4 -6 -3 9 12 -10 -12 -2 -11
right_child=8 4 5 -5 6 -7 -8 -9 10 13 11 -13 -14 -15
leaf_value=-0.04167490162147696 -0.00095805187791752787 -0.022505020450219692 0.019955586083242379 0.017912387356859155 -0.0042596080529703128 -0.005991939753116687 0.0040530591859308492 0.041211242046355956 0.031881947022906462 0.0098496278446176568 0.0061658715023350632 -0.0095745798768060459 0.017426934127922601 0.034878079227765479
leaf_weight=11.210560046136381 54.875346794724464 39.622617218643427 89.637766987085342 6.511003464460372 312.00565989688039 24.12700117379427 382.01721338927746 2.3945452272891989 13.754472345113752 6.6314994096755973 336.18416410684586 54.453542560338974 56.561481013894081 28.812681153416634
leaf_count=72 139 306 221 19 1186 76 1144 10 25 15 775 146 117 47
internal_value=0.00332204 0.000829861 0.00983855 -0.0197822 -0.000779454 0.0144527 0.000316008 -0.0188739 0.00724393 0.0136394 0.00492101 0.00397171 0.00837353 0.0301953
internal_weight=1418.8 867.526 131.486 17.7216 736.04 113.765 694.023 42.0172 551.273 146.881 404.392 390.638 111.437 35.4442
internal_count=4298 3034 388 91 2646 297 2330 316 1264 318 946 921 256 62
is_linear=0
shrinkage=0.03


Tree=80
num_leaves=15
num_cat=0
split_feature=18 9 26 5 14 11 25 9 28 3 26 28 28 26
split_gain=14.921 24.378 20.1436 33.3377 19.8311 18.6162 16.4717 16.0594 14.9557 16.1816 13.2006 37.1994 11.3665 11.3268
threshold=0.0085528193713890789 1.3611364290879997 0.0034267186835907275 -0.014772258603472947 0.89740487698299021 0.012586799952722374 0.00056708593709624321 0.39837099156690803 0.0022353375299198862 0.40511785246617066 0.0062284412540981543 0.0035922922459765342 0.0037546767045414727 0.0054790318511725661
decision_type=2 2 2 2 2 2 2 2 2 2 2 2 2 2
left_child=1 4 3 5 13 -2 -6 -5 9 -3 12 -12 -4 -1
right_child=2 8 10 7 6 -7 -8 -9 -10 -11 11 -13 -14 -15
leaf_value=0.0098870756200747003 -0.055036357503582857 -0.014747010494474667 0.019821721443979055 -0.028472992589494227 -0.023984290711217399 -0.0096721089084876276 0.0396255575076409 0.0054348743304484665 -0.022806458123651979 0.0021674266190652024 -0.023185598338362364 0.02495881823118519 -0.0050477198452795521 -0.010491209679126687
leaf_weight=249.83581335097551 12.265055119991301 79.508379958570004 159.87335254251957 12.863312572240828 30.214538786560297 24.216131649911404 4.1693946719169608 553.2120958417654 45.492854237556458 141.48964355513453 29.054281756281853 28.723553374409676 18.448766872286797 27.222652819007635
leaf_count=789 54 376 335 44 131 70 11 1382 257 551 92 56 49 101
internal_value=0.00322744 -0.000481519 0.00578335 0.00287299 0.00521794 -0.0249237 -0.016271 0.00466436 -0.00714236 -0.00391787 0.013211 0.000748817 0.0172488 0.00788479
internal_weight=1416.59 577.933 838.657 602.557 311.442 36.4812 34.3839 566.075 266.491 220.998 236.1 57.7778 178.322 277.058
internal_count=4298 2216 2082 1550 1032 124 142 1426 1184 927 532 148 384 890
is_linear=0
shrinkage=0.03


Tree=81
num_leaves=11
num_cat=0
split_feature=29 20 1 20 28 6 24 18 6 1
split_gain=14.7116 13.8148 13.9271 18.1224 13.0389 6.73744 7.2837 0.034957 0.00201688 0.000289576
threshold=0.019023997455488426 0.034713414527126181 0.021083619702176388 0.02211875625270562 -0.0033622277241476986 1082534.0000000002 0.82676130957712612 0.0040968192005278918 29268.500000000004 0.023091970855176707
decision_type=2 2 2 2 2 2 2 2 2 2
left_child=7 2 3 -2 -4 6 -3 8 9 -1
right_child=1 5 4 -5 -6 -7 -8 -9 -10 -11
leaf_value=-0.032686886503837401 -0.0032514779360642669 0.021343485476220458 0.015907931433846875 -0.044212121637936384 0.0029806122505129291 0.03809871317022679 -0.0058247404877754113 -0.037379609929699069 -0.034214106611007274 -0.033302191580687042
leaf_weight=1.226721934974192 115.71739767119288 27.575644224882126 74.780196219682693 10.612857609987257 1151.776702914387 12.092478036880491 13.100424207746981 3.7446040622889996 2.427975982427597 1.5685755535960195
leaf_count=17 452 56 184 53 3412 19 37 26 24 18
internal_value=0.00313491 0.00337927 0.0027919 -0.00669253 0.00376876 0.0184383 0.0125935 -0.0351675 -0.0335816 -0.0330322
internal_weight=1414.62 1405.66 1352.89 126.33 1226.56 52.7685 40.6761 8.96788 5.22327 2.7953
internal_count=4298 4213 4101 505 3596 112 93 85 59 35
is_linear=0
shrinkage=0.03


Tree=82
num_leaves=13
num_cat=0
split_feature=22 1 20 29 11 9 27 10 28 11 29 18
split_gain=14.2568 14.5646 14.2289 12.5557 12.464 12.8974 15.3364 9.54927 7.85838 3.21927 0.0967904 0.0228791
threshold=39212954.939000003 0.010081625177008639 0.034713414527126181 0.019982888506241938 0.027490019759094635 1.3401314791286894 0.0018757647371522815 0.022949460050815201 -0.00096885499398063175 0.00011756138177880373 0.035439473506937956 0.0045148693857741153
decision_type=2 2 2 2 2 2 2 2 2 2 2 2
left_child=4 10 3 -3 5 6 -1 -6 -4 -7 11 -2
right_child=1 2 8 -5 7 9 -8 -9 -10 -11 -12 -13
leaf_value=0.0085575615978407352 -0.034520169552873937 -0.036598529497090956 -0.01898377162261514 0.0035580989592839101 0.047494315803503669 -0.0020353037577861464 -0.033199373308246599 -0.011115660268129492 0.023058044073071236 -0.036952421745002094 -0.044371297225819097 -0.038963908643419136
leaf_weight=25.634016640484333 1.8382105380296696 7.0462369993329039 4.375311851501464 1278.3526372164488 5.4806307777762395 2.6893534660339382 11.45278802141547 4.6032920926809311 46.822949230670929 20.422841005027294 2.6217034012079239 2.4097195118665695
leaf_count=122 17 54 13 3651 12 18 79 22 92 189 13 16
internal_value=0.00304273 0.00373179 0.00395572 0.00333797 -0.0101287 -0.0152994 -0.00433741 0.020739 0.0194652 -0.0328894 -0.0398385 -0.037041
internal_weight=1413.75 1343.47 1336.6 1285.4 70.2829 60.199 37.0868 10.0839 51.1983 23.1122 6.86963 4.24793
internal_count=4298 3856 3810 3705 442 408 201 34 105 207 46 33
is_linear=0
shrinkage=0.03


Tree=83
num_leaves=11
num_cat=0
split_feature=26 26 26 25 15 9 22 25 24 5
split_gain=14.0748 21.5781 16.7352 30.6185 14.1063 10.1383 7.28648 5.33711 2.97604 2.93057
threshold=-0.0085197464817939571 -0.0071808282944440744 -0.0060459733181610692 0.00060394083698791785 0.0074502748691511857 1.9512348746972854 313234302.39800006 0.00020685594365150631 0.43945704724407014 0.0052359640637036726
decision_type=2 2 2 2 2 2 2 2 2 2
left_child=5 4 6 -4 8 7 -3 9 -2 -1
right_child=1 2 3 -5 -6 -7 -8 -9 -10 -11
leaf_value=0.0059109211251630652 -0.019371644005859303 0.007974526935655573 0.0033811325819380414 -0.019291615968498307 0.021232108945506024 -0.0091206835585338087 0.041050157872574856 0.04404199427060624 -0.054659926593475669 0.033279846935520302
leaf_weight=8.2613372206687909 2.7549699321389225 10.232664078474047 1280.6587360501289 55.948591995984316 3.492999240756034 7.5237570852041236 14.472442433238028 13.094190552830696 9.8096333555877191 6.1366143077611932
leaf_count=21 13 29 3892 201 9 25 23 24 50 11
internal_value=0.00295398 0.00247649 0.0028843 0.00243208 -0.0320968 0.0217367 0.0273505 0.0301814 -0.0469225 0.017576
internal_weight=1412.39 1377.37 1361.31 1336.61 16.0576 35.0159 24.7051 27.4921 12.5646 14.398
internal_count=4298 4217 4145 4093 72 81 52 56 63 32
is_linear=0
shrinkage=0.03


Tree=84
num_leaves=15
num_cat=0
split_feature=26 26 26 6 28 28 29 11 18 29 26 25 4 11
split_gain=13.8792 42.6976 25.3858 23.1706 22.4532 20.5068 29.9989 20.1375 18.9425 16.9588 15.4768 13.7979 9.23341 5.43574
threshold=0.00035155137829433056 -0.00083184596827047162 0.00040986180287048431 35672.500000000007 0.00060450073212614508 8.9785204315158184e-05 0.075177325251468224 0.0048453836128956066 0.0089801302307227545 0.075643685451042372 0.0056606436421686003 0.00091992996561157724 37.500000000000007 0.018083178793936356
decision_type=2 2 2 2 2 2 2 2 2 2 2 2 2 2
left_child=1 3 12 4 -1 6 -3 -7 10 -10 -4 -5 -2 -14
right_child=2 5 8 11 -6 7 -8 -9 9 -11 -12 -13 13 -15
leaf_value=-0.017241373143294672 0.052051220381031126 -0.045241625078541702 0.0021032660989391432 0.006042101922683835 0.02521696081001442 -0.039493630222246341 0.012398398720474969 -0.00096982085479520308 0.011727463642855884 -0.0028179232193538285 -0.014187683744491714 0.03677455609511391 0.032081421155859026 -0.00035261875920867381
leaf_weight=69.536464754492044 12.281126841902735 34.93914770334959 320.96643674373627 335.11219029128551 13.364071220159529 14.548130534589289 10.589379042387007 76.053708411753178 337.07732626795769 91.785780504345894 62.744408644735813 13.684921056032179 11.310189194977285 7.897953823208808
leaf_count=340 17 173 1183 889 38 68 23 236 776 232 254 22 26 21
internal_value=0.00286638 -0.000760078 0.00530601 0.0038595 -0.0103968 -0.0154097 -0.0318353 -0.00715567 0.00428182 0.00861444 -0.00056063 0.00724788 0.0317349 0.0187453
internal_weight=1411.89 567.828 844.063 431.698 82.9005 136.13 45.5285 90.6018 812.574 428.863 383.711 348.797 31.4893 19.2081
internal_count=4298 1789 2509 1289 378 500 196 304 2445 1008 1437 911 64 47
is_linear=0
shrinkage=0.03


Tree=85
num_leaves=11
num_cat=0
split_feature=26 26 13 27 14 26 9 26 5 9
split_gain=13.3077 20.3764 15.4596 14.5472 13.8672 13.3727 9.59815 5.01471 2.77118 2.60337
threshold=-0.0085197464817939571 -0.0071808282944440744 0.016604121229870841 0.00510160909403561 0.73299439115048115 -0.005937514655943609 1.9512348746972854 -0.016530959880093 0.0052359640637036726 4.464439761994762
decision_type=2 2 2 2 2 2 2 2 2 2
left_child=6 4 3 -3 9 -4 7 8 -1 -2
right_child=1 2 5 -5 -6 -7 -8 -9 -10 -11
leaf_value=0.0057423714763386348 -0.056510500550211798 -0.0036761397614413203 0.021499618273189428 -0.035184113231685486 0.01741775311650753 0.0031256041750742946 -0.0089486854449612845 0.042788422487850496 0.032436895611320508 -0.025771112802939568
leaf_weight=8.2432363480329496 8.461529038846491 95.041183330118656 36.729719385504723 15.312885414808987 3.9346982277929774 1212.0870286077261 7.514442414045333 13.041797667741776 6.0824901312589654 3.5075006559491149
leaf_count=21 42 528 82 95 15 3440 25 24 11 15
internal_value=0.00278408 0.00231987 0.00271491 -0.00804823 -0.0314407 0.00366601 0.0210833 0.0293293 0.0170765 -0.0475024
internal_weight=1409.96 1375.07 1359.17 110.354 15.9037 1248.82 34.882 27.3675 14.3257 11.969
internal_count=4298 4217 4145 623 72 3522 81 56 32 57
is_linear=0
shrinkage=0.03


Tree=86
num_leaves=12
num_cat=0
split_feature=29 26 26 24 26 28 1 4 18 22 9
split_gain=13.4828 13.3169 40.5695 23.89 23.572 19.7468 16.681 8.90238 0.0293392 0.00138759 0.000731387
threshold=0.019023997455488426 0.00035155137829433056 -0.00083184596827047162 0.74594249183056871 0.00040986180287048431 8.9785204315158184e-05 0.020783221828057665 37.500000000000007 0.0040968192005278918 44244025.301000006 1.2119725896792801
decision_type=2 2 2 2 2 2 2 2 2 2 2
left_child=8 2 3 -2 7 -4 -6 -3 9 10 -1
right_child=1 4 5 -5 6 -7 -8 -9 -10 -11 -12
leaf_value=-0.033487468057014615 0.0084027165340054 0.050923870666454055 -0.031202322963942996 -0.0072420122698052883 -0.010257681760762281 -0.006861529253871063 0.0056123653482480426 0.018122690650918705 -0.03692910953062082 -0.033976884484886262 -0.032537460629789718
leaf_weight=1.3003593385219558 304.2949494458735 12.165317803621294 45.006880365312099 123.49827514961362 64.818891786038876 89.94004213809967 741.55576891452074 19.199387758970261 3.5832518748939037 2.003581665456295 1.6609471030533312
leaf_count=15 858 17 195 405 263 299 2129 47 26 20 24
internal_value=0.00270224 0.00293151 -0.000637803 0.00388629 0.00532915 -0.0149796 0.00433668 0.0308452 -0.0348603 -0.0333672 -0.0329546
internal_weight=1409.03 1400.48 562.74 427.793 837.739 134.947 806.375 31.3647 8.54814 4.96489 2.96131
internal_count=4298 4213 1757 1263 2456 494 2392 64 85 59 39
is_linear=0
shrinkage=0.03


Tree=87
num_leaves=12
num_cat=0
split_feature=29 26 26 26 29 20 6 4 18 21 9
split_gain=12.974 12.5379 38.2532 22.3148 21.252 16.9318 15.0675 8.56875 0.026509 0.00180514 0.000237529
threshold=0.019023997455488426 0.00035155137829433056 -0.00023003666816976174 0.00040986180287048431 0.075177325251468224 0.034713414527126181 35672.500000000007 37.500000000000007 0.0040968192005278918 453366.00000000006 1.5997676053208842
decision_type=2 2 2 2 2 2 2 2 2 2 2
left_child=8 2 6 7 -4 -5 -2 -3 9 10 -1
right_child=1 3 4 5 -6 -7 -8 -9 -10 -11 -12
leaf_value=-0.032959506163638984 -0.0086409312152383455 0.049881885505551039 -0.034260837568263758 0.0031558694598104397 0.013123931913473299 0.022172853019810566 0.0044361352836671019 0.017598979594045223 -0.036686034385458317 -0.033892602736712164 -0.032377407910620951
leaf_weight=1.5888054743409141 98.261980514973402 12.048614650964739 42.66045730561018 761.45597431063652 10.643945395946501 44.605196133255959 410.88343944400549 19.177927874028683 3.5000419653952122 2.1984894722700119 1.0464497581124304
leaf_count=20 446 17 194 2302 23 90 1094 47 26 23 16
internal_value=0.00262288 0.00284508 -0.000619136 0.00517218 -0.0247989 0.00420822 0.00191234 0.0300552 -0.0346976 -0.0332579 -0.0327284
internal_weight=1408.07 1399.74 562.45 837.288 53.3044 806.061 509.145 31.2265 8.33379 4.83374 2.63526
internal_count=4298 4213 1757 2456 217 2392 1540 64 85 59 36
is_linear=0
shrinkage=0.03


Tree=88
num_leaves=15
num_cat=0
split_feature=25 26 28 28 28 23 29 29 17 17 9 24 26 21
split_gain=13.4325 23.1477 17.7072 26.173 25.026 24.5611 23.4741 20.8652 17.5728 13.0623 14.9383 8.72947 5.26838 4.18733
threshold=-0.0003944043076717358 -0.0035323386302439741 0.0024568429999544191 0.0017403464742138232 0.0044990223196158131 1.5603145897127724 0.032398442985910422 0.096938677093608802 -0.0045755481619328383 0.0044808769085126531 0.69012851494237837 0.70252082632226465 0.0009145406007157504 2958276.5000000005
decision_type=2 2 2 2 2 2 2 2 2 2 2 2 2 2
left_child=1 8 3 7 5 -4 -5 -2 -1 10 -3 -6 -11 -10
right_child=2 9 4 6 11 -7 -8 -9 13 12 -12 -13 -14 -15
leaf_value=0.017468682513034763 8.7185281325469542e-06 0.030701235841211563 -0.022223180598566976 -0.014478633292811818 -0.010054159786028831 0.0082548550039965828 0.018689185372640669 0.023726896332950921 -0.044678537165436474 0.014343799843237217 0.0029231347029047856 0.027570922921067099 0.037051625703115723 -0.010516356656300409
leaf_weight=9.0036750286817568 899.00886813923717 22.718945652246475 89.144796036183834 22.333209123462439 7.6199195049703148 32.462344765663147 137.07412999123335 34.668536618351936 11.384219486266373 13.77262634038925 74.752972856163979 20.428005822002888 27.668096676468849 4.5078030228614798
leaf_count=24 2807 45 377 117 29 94 307 66 71 31 222 44 48 16
internal_value=0.00254689 0.0106219 0.0014825 0.00280753 -0.00819553 -0.0140872 0.0140423 0.000889402 -0.016017 0.0153961 0.00939771 0.0173491 0.0295048 -0.0349884
internal_weight=1406.55 163.808 1242.74 1093.08 149.655 121.607 159.407 933.677 24.8957 138.913 97.4719 28.0479 41.4407 15.892
internal_count=4298 457 3841 3297 544 471 424 2873 111 346 267 73 79 87
is_linear=0
shrinkage=0.03


Tree=89
num_leaves=15
num_cat=0
split_feature=25 28 17 28 28 28 23 29 29 17 6 19 24 21
split_gain=12.7471 21.9241 16.7677 16.6879 24.7138 23.6009 23.1848 22.1432 19.7701 12.678 11.7254 10.7593 8.24425 4.11086
threshold=-0.0003944043076717358 -0.0018079382079520194 -0.0045755481619328383 0.0024568429999544191 0.0017403464742138232 0.0044990223196158131 1.5603145897127724 0.032398442985910422 0.096938677093608802 1.0000000180025095e-35 69294.500000000015 1.0000000180025095e-35 0.70252082632226465 2958276.5000000005
decision_type=2 2 2 2 2 2 2 2 2 2 2 2 2 2
left_child=1 2 -1 4 8 6 -5 -6 -2 10 -3 -11 -7 -4
right_child=3 9 13 5 7 12 -8 -9 -10 11 -12 -13 -14 -15
leaf_value=0.016985447658385184 8.4569213646732568e-06 -0.016990911372889175 -0.044176984875214244 -0.021615913224547745 -0.01411803637202237 -0.009760405184213344 0.0080089529696219276 0.018172744421215387 0.023168818596670939 0.027585866427230644 0.013536650197413042 0.0026944971538464275 0.026830480577518332 -0.010217449127570109
leaf_weight=8.9823610633611697 899.00905185192823 17.340604461729527 11.171287856996058 88.903401464223862 22.218291815370321 7.6138684302568462 32.455385118722916 136.7454971820116 34.441968008875847 67.900030501186848 32.633987471461296 20.302014112472534 20.362994000315666 4.5005977153778067
leaf_count=24 2807 62 71 377 117 29 94 307 66 147 78 59 44 16
internal_value=0.00247416 0.0103664 -0.0156942 0.00143925 0.0027251 -0.00796702 -0.0136932 0.0136595 0.000863015 0.0150163 0.00294394 0.0218565 0.0168723 -0.0344246
internal_weight=1404.58 162.831 24.6542 1241.75 1092.41 149.336 121.359 158.964 933.451 138.177 49.9746 88.202 27.9769 15.6719
internal_count=4298 457 111 3841 3297 544 471 424 2873 346 140 206 73 87
is_linear=0
shrinkage=0.03


Tree=90
num_leaves=11
num_cat=0
split_feature=26 26 26 26 14 9 7 8 24 15
split_gain=12.6025 19.0999 14.8389 18.6618 13.2574 9.15859 6.31104 4.83761 3.08853 3.06329
threshold=-0.0085197464817939571 -0.0071808282944440744 -0.0060459733181610692 0.00035155137829433056 0.73299439115048115 1.9512348746972854 58921009.695000008 -0.001098162048196612 0.43945704724407014 -0.023598691233561484
decision_type=2 2 2 2 2 2 2 2 2 2
left_child=5 4 6 -4 8 7 -3 -1 -2 -9
right_child=1 2 3 -5 -6 -7 -8 9 -10 -11
leaf_value=0.0089205946347148384 -0.016572013156481807 0.0075040864536511922 -0.0027500148696066214 0.0046234669842235678 0.016928853401279451 -0.0091108895699281 0.038555265877624867 0.017560713940903767 -0.054464182740131317 0.044169648550096627
leaf_weight=8.1022330969572085 2.4366108030080786 10.108377419412138 488.92916474118829 839.09402653202415 3.9252477996051303 7.4930948317050925 14.119667254388331 5.4465430527925518 9.4219493418931943 13.658449232578276
leaf_count=22 10 28 1584 2509 15 25 24 11 47 23
internal_value=0.0024032 0.00195033 0.0023333 0.00190882 -0.03086 0.0202575 0.0256002 0.0283458 -0.0466784 0.0365838
internal_weight=1402.74 1368.04 1352.25 1328.02 15.7838 34.7003 24.228 27.2072 11.8586 19.105
internal_count=4298 4217 4145 4093 72 81 52 56 57 34
is_linear=0
shrinkage=0.03


Tree=91
num_leaves=12
num_cat=0
split_feature=29 25 17 20 17 14 3 14 18 21 14
split_gain=12.3063 12.1373 30.3525 17.8551 14.346 13.058 5.47223 2.33235 0.0250412 0.00157603 9.44095e-05
threshold=0.019023997455488426 0.00060394083698791785 -0.0065067145646396296 -0.034634364550561285 0.015340352590408867 0.99112153424579208 0.67410498478687431 0.043569392298496205 0.0040968192005278918 453366.00000000006 0.54115153825221185
decision_type=2 2 2 2 2 2 2 2 2 2 2
left_child=8 4 7 -4 5 -2 -6 -3 9 10 -1
right_child=1 2 3 -5 6 -7 -8 -9 -10 -11 -12
leaf_value=-0.032420396499491341 0.0030331918337844909 -0.031154456373065589 -0.027222688079176556 0.010424717401077137 0.011237845633724545 -0.026347321218898441 0.037196597287188438 -0.058340807766932769 -0.036505568789767247 -0.033732082733751084 -0.032788128848050983
leaf_weight=1.1313829198479637 1280.9901254475117 4.0721626430749884 15.677492447197436 40.961104121059179 14.903072178363802 13.760748855769632 14.342403203248976 9.3870108574628812 3.426784697920084 2.1201263889670372 1.4131840132176874
leaf_count=17 3871 18 55 115 34 57 23 40 26 23 19
internal_value=0.00233206 0.00254618 -0.00961924 3.96281e-06 0.00319026 0.00272093 0.0239684 -0.0501154 -0.0345584 -0.033128 -0.0326246
internal_weight=1402.19 1394.09 70.0978 56.6386 1324 1294.75 29.2455 13.4592 8.09148 4.66469 2.54457
internal_count=4298 4213 228 170 3985 3928 57 58 85 59 36
is_linear=0
shrinkage=0.03


Tree=92
num_leaves=15
num_cat=0
split_feature=25 26 17 28 28 28 23 6 24 17 14 24 26 11
split_gain=12.1801 20.5812 16.0002 15.9949 23.0563 22.2915 21.7989 15.1265 14.4664 12.4058 15.2414 7.75995 5.20727 4.147
threshold=-0.0003944043076717358 -0.0035323386302439741 -0.0045755481619328383 0.0024568429999544191 0.0017403464742138232 0.0044990223196158131 1.5603145897127724 12133.000000000002 0.75809321990045231 0.0044808769085126531 0.63789114428878413 0.70252082632226465 0.0009145406007157504 0.011525281208462535
decision_type=2 2 2 2 2 2 2 2 2 2 2 2 2 2
left_child=1 2 -1 4 8 6 -5 -6 -2 10 -3 -7 -11 -4
right_child=3 9 13 5 7 11 -8 -9 -10 12 -12 -13 -14 -15
leaf_value=0.01650789670632636 0.002877747704295954 0.016483282077186488 -0.016738726007425857 -0.021226044736133459 -0.017031410785012659 -0.0096104242926900885 0.0075235348114143881 0.015947499893865614 -0.0057404664495534817 0.013324052078006509 -0.0094663736599738743 0.025923584780610655 0.036090092518667988 -0.047977604120641892
leaf_weight=8.9606588333845156 698.29006931558251 67.753695204854012 6.9684212170541278 88.712988596409559 13.702727060765026 7.6079260297119644 32.407469347119331 144.68643195927143 234.04809658229351 13.613195344805716 29.128202527761459 20.262074761092663 26.929887980222702 8.4773878604173643
leaf_count=24 2108 169 40 377 71 29 94 353 765 31 98 44 48 47
internal_value=0.00226308 0.0100036 -0.015383 0.00125263 0.00251206 -0.00796734 -0.0135337 0.0130944 0.000714287 0.0145123 0.00868134 0.0162235 0.0284459 -0.0338841
internal_weight=1401.55 161.831 24.4065 1239.72 1090.73 148.99 121.12 158.389 932.338 137.425 96.8819 27.87 40.5431 15.4458
internal_count=4298 457 111 3841 3297 544 471 424 2873 346 267 73 79 87
is_linear=0
shrinkage=0.03


Tree=93
num_leaves=15
num_cat=0
split_feature=9 13 7 25 7 25 25 26 25 4 5 17 24 4
split_gain=12.1859 18.814 19.8244 14.091 20.0866 17.0758 41.5482 15.3376 13.7738 18.3769 13.3387 10.9638 9.04722 8.01913
threshold=4.5678097755076656 0.037868187601409441 16965440.974500004 -0.00010520802191165431 1138091.9525000004 -0.00022115147749914168 -0.00022945147468294975 -0.0085197464817939571 -6.9697617648738545e-05 7.5000000000000009 -0.012940590502705138 -0.0026001225712212954 0.79140684379420445 322.50000000000006
decision_type=2 2 2 2 2 2 2 2 2 2 2 2 2 2
left_child=3 8 12 5 13 6 -1 -6 -2 -10 -4 -7 -3 -5
right_child=1 2 10 4 7 11 -8 -9 9 -11 -12 -13 -14 -15
leaf_value=0.00644719134826581 -0.03149131657628091 -0.04668509122226986 -0.015074503052916141 -0.035576665880118555 0.023241676141067213 0.029130003471307616 -0.063389888882954895 0.0012383817433219862 0.019371385855726505 -0.016557539647761896 0.017583882628949145 0.008445805642811428 0.005944782953205721 -0.0029473926229017016
leaf_weight=264.41234490275383 29.233015827834606 8.671525761485098 13.962080910801886 18.14939783886075 29.568067982792854 48.729368783533573 7.8959064334630957 798.08075606077909 17.694008953869343 46.438597872853279 58.063289240002632 43.788784373551607 4.4472370892763129 10.820193637162449
leaf_count=757 139 41 43 168 62 97 38 2349 55 207 126 126 14 76
internal_value=0.00219782 -0.00512366 0.00507508 0.00326783 0.00116499 0.00820531 0.00442218 0.00202446 -0.0144243 -0.00664485 0.0112531 0.0193402 -0.0288437 -0.0233896
internal_weight=1399.95 178.51 85.1441 1221.44 856.618 364.826 272.308 827.649 93.3656 64.1326 72.0254 92.5182 13.1188 28.9696
internal_count=4298 625 224 3673 2655 1018 795 2411 401 262 169 223 55 244
is_linear=0
shrinkage=0.03


Tree=94
num_leaves=12
num_cat=0
split_feature=29 26 26 28 26 9 17 9 17 23 21
split_gain=11.6504 11.5012 25.855 17.8728 30.24 15.6803 15.6767 14.2504 0.0133728 0.00908702 0.000928487
threshold=0.019023997455488426 0.0062284412540981543 0.0071485465325628631 0.00056498159304120045 0.0016099635257772174 2.3375942760538453 0.0033923768450061713 1.3475263027534516 0.0030331395246946551 2.686737797850336 661184.50000000012
decision_type=2 2 2 2 2 2 2 2 2 2 2
left_child=8 3 7 4 -2 -5 -4 -3 9 10 -1
right_child=1 2 6 5 -6 -7 -8 -9 -10 -11 -12
leaf_value=-0.032498064261498018 0.00056349183710440029 -0.055901316615152394 -0.012005771261875171 0.0091365245592267171 -0.036714347577284 -0.0010557253047594104 0.016918906360383023 -0.0075118212284819895 -0.03675646274329538 -0.035290325654564442 -0.033428499612932261
leaf_weight=2.3701223805546756 591.70049718767405 13.202095791697504 36.826516509056091 501.74082285910845 20.255419738590717 186.28667234256864 31.110377661883831 9.3610645309090597 1.6623869054019449 2.1642231941223145 1.6284851133823393
leaf_count=35 1831 63 125 1365 86 637 73 33 13 18 19
internal_value=0.00213415 0.00233958 -0.00800121 0.00305946 -0.000670385 0.00637693 0.00123972 -0.0358254 -0.0343686 -0.0337245 -0.032877
internal_weight=1398.31 1390.48 90.5001 1299.98 611.956 688.027 67.9369 22.5632 7.82522 6.16283 3.99861
internal_count=4298 4213 294 3919 1917 2002 198 96 85 72 54
is_linear=0
shrinkage=0.03


Tree=95
num_leaves=15
num_cat=0
split_feature=13 0 27 0 25 15 12 17 14 26 25 3 17 6
split_gain=11.4928 11.7821 12.3042 16.1061 10.4317 29.8834 18.7434 12.6622 17.4225 10.1311 5.86096 5.31579 4.6412 0.106688
threshold=0.016604121229870841 -0.0012374221737234379 0.0053161304016692548 0.00030924650742259488 0.00060394083698791785 -0.0002218671550860573 -0.0075213797525329829 0.015340352590408867 0.89949320303641345 -0.005690231848166442 -0.00040950722489395099 0.67410498478687431 -0.0018625802296765599 49248.000000000007
decision_type=2 2 2 2 2 2 2 2 2 2 2 2 2 2
left_child=1 10 3 -3 7 9 -7 8 -2 -6 -1 -9 -4 -12
right_child=4 2 12 -5 5 6 -8 11 -10 -11 13 -13 -14 -15
leaf_value=0.0033568377489619711 0.0043375520831484583 0.014697779583471684 0.013206866884913305 -0.011934191913553794 0.0092349242047661539 0.022607101541424361 -0.027509553509708538 0.010553368446468503 -0.0069824720449524792 -0.038507957365785758 -0.035525155460997153 0.036315480160737643 -0.040277745964880325 -0.040703935684064649
leaf_weight=3.9705354608595398 1053.2341553270817 40.479080054908991 1.7225393056869496 41.278361182659864 4.7578575760126141 26.369097776710987 9.0114635899662954 14.758488133549692 138.45076093822718 25.119377106428146 8.3542675562202913 14.091120883822439 9.588180545717476 6.2649497166275969
leaf_count=18 2970 192 8 234 13 57 35 34 439 97 76 23 65 37
internal_value=0.00207127 -0.00716097 -0.0028056 0.00125161 0.002873 -0.0088132 0.00984234 0.00349782 0.00302238 -0.0309051 -0.0289658 0.0231365 -0.0321324 -0.0377445
internal_weight=1397.45 111.658 93.0682 81.7574 1285.79 65.2578 35.3806 1220.53 1191.68 29.8772 18.5898 28.8496 11.3107 14.6192
internal_count=4298 630 499 426 3668 202 92 3466 3409 110 131 57 73 113
is_linear=0
shrinkage=0.03


Tree=96
num_leaves=11
num_cat=0
split_feature=26 26 26 25 15 7 9 8 15 9
split_gain=11.3449 17.8388 14.04 26.4622 12.4846 10.4199 8.51826 4.61465 2.84508 2.14002
threshold=-0.0085197464817939571 -0.0071808282944440744 -0.0060459733181610692 0.00060394083698791785 0.0074502748691511857 48390692.443500012 1.9512348746972854 -0.001098162048196612 -0.023598691233561484 4.464439761994762
decision_type=2 2 2 2 2 2 2 2 2 2
left_child=6 4 5 -4 9 -3 7 -1 -9 -2
right_child=1 2 3 -5 -6 -7 -8 8 -10 -11
leaf_value=0.0078441245413202795 -0.052467190723792856 -0.0035143545441890999 0.0024261573100417765 -0.018758019279413861 0.019902706643592203 0.03860457682596883 -0.0093501663670710125 0.016488382060281376 0.042306441750399361 -0.024534572603200352
leaf_weight=8.0399941056966799 8.7361301779746992 7.8841947019100216 1266.9971866570413 55.389624685049057 3.4737683087587348 16.04317768663168 7.456856131553649 5.3635781854391125 13.535700455307959 3.440756529569625
leaf_count=22 48 25 3892 201 9 27 25 11 23 15
internal_value=0.00201048 0.00158075 0.00195093 0.00153883 -0.0302633 0.0247262 0.0190262 0.0268809 0.0349793 -0.0445744
internal_weight=1396.36 1361.96 1346.31 1322.39 15.6507 23.9274 34.3961 26.9393 18.8993 12.1769
internal_count=4298 4217 4145 4093 72 52 81 56 34 63
is_linear=0
shrinkage=0.03


Tree=97
num_leaves=12
num_cat=0
split_feature=20 26 25 14 26 7 17 11 0 8 23
split_gain=11.3411 13.1867 12.7654 21.8488 19.6189 18.3696 17.289 16.6416 7.40827 7.34588 2.49969
threshold=0.034713414527126181 0.00039121700554116168 -0.0003944043076717358 0.87441298135528833 -0.0048597033375673993 368592080.21150005 1.0000000180025095e-35 0.012167337362233596 -0.003230424295646548 -0.01076853396074587 1.4476261579096188
decision_type=2 2 2 2 2 2 2 2 2 2 2
left_child=2 -2 4 7 10 -5 -6 -4 -3 -10 -1
right_child=1 8 3 5 6 -7 -8 -9 9 -11 -12
leaf_value=-0.048378575747345533 -0.026763536225195408 -0.034178075718355364 -0.0021810926128650113 -0.014589173400188912 7.0110264758186286e-05 0.014925994528204381 0.020678755843290576 0.0054468739157861081 -0.10124700090767969 0.025331136218350616 -0.013589846815447325
leaf_weight=5.2258576750755292 5.7729810476303092 2.0581485331058493 478.82830125838518 129.59146797657013 63.825009413063526 22.234111823141575 86.00363052636385 556.64680577069521 0.41670666635036369 42.259036920964718 2.8851596117019653
leaf_count=25 20 7 1678 479 205 51 208 1527 2 83 13
internal_value=0.00195105 0.0159073 0.00142706 0.000361197 0.00943965 -0.0102668 0.0118997 0.00191952 0.0214141 0.0240952 -0.0360039
internal_weight=1395.75 50.5069 1345.24 1187.3 157.94 151.826 149.829 1035.48 44.7339 42.6757 8.11102
internal_count=4298 112 4186 3735 451 530 413 3205 92 85 38
is_linear=0
shrinkage=0.03


Tree=98
num_leaves=12
num_cat=0
split_feature=29 26 26 28 26 9 29 23 18 21 9
split_gain=11.1027 10.9238 24.2346 16.7256 28.6886 14.7619 14.6393 13.8953 0.0200925 0.0012832 0.000169714
threshold=0.019023997455488426 0.0062284412540981543 0.0071485465325628631 0.00056498159304120045 0.0016099635257772174 2.3375942760538453 0.050793687712928352 2.0869695133577322 0.0040968192005278918 453366.00000000006 1.5997676053208842
decision_type=2 2 2 2 2 2 2 2 2 2 2
left_child=8 3 7 4 -2 -5 -4 -3 9 10 -1
right_child=1 2 6 5 -6 -7 -8 -9 -10 -11 -12
leaf_value=-0.032637240251317527 0.00038386611645958044 -0.04872181650287076 -0.016635873999002578 0.0086910270239333818 -0.03601496002154609 -0.0012076231657944872 0.012014560745914452 0.005738117971732239 -0.036018493589078951 -0.033463238199484387 -0.032119411666940358
leaf_weight=1.4339407086372369 590.26028434187174 16.786701269447807 26.15676337480545 500.27074078842998 20.153843283653259 186.00562557205558 41.544576987624168 5.6309343874454489 3.2421369515359402 1.994760490953922 0.94503258913755406
leaf_count=20 1831 80 105 1365 86 637 93 16 26 23 16
internal_value=0.0018945 0.00209287 -0.00800684 0.00279479 -0.000817902 0.00600814 0.000945317 -0.0350424 -0.0342288 -0.0329021 -0.0324315
internal_weight=1394.43 1386.81 90.119 1296.69 610.414 686.276 67.7013 22.4176 7.61587 4.37373 2.37897
internal_count=4298 4213 294 3919 1917 2002 198 96 85 59 36
is_linear=0
shrinkage=0.03


Tree=99
num_leaves=15
num_cat=0
split_feature=1 4 11 9 11 1 22 13 26 22 9 7 23 7
split_gain=11.0306 24.5044 19.5175 30.5816 18.147 17.5583 17.1716 16.4684 13.9437 13.3138 11.3432 17.3427 13.828 10.3821
threshold=0.028408434727338363 157.50000000000003 0.010150394068875414 1.6412033361338876 0.0072183792275484259 0.027627717773031305 2748375914.8535004 0.057179118391388346 -0.0085197464817939571 804526711.97100008 5.6014767559982719 23724493.515500005 4.3941085691179529 40669663.915500008
decision_type=2 2 2 2 2 2 2 2 2 2 2 2 2 2
left_child=1 7 3 9 -5 6 -3 8 -1 -2 12 -12 -4 -9
right_child=2 5 10 4 -6 -7 -8 13 -10 -11 11 -13 -14 -15
leaf_value=0.030250774644484776 0.0010238779227170671 0.007438525156649424 0.0080819599814013453 -0.0074480452404574269 -0.034977585081921635 -0.023466790319344361 -0.042337349978620362 0.030861935510888373 -0.011659323421623067 0.02191765114765331 -0.029607303253148878 0.0043168591716511613 0.048761182891761227 -0.017241013676656081
leaf_weight=7.3717534914612761 98.397702604532242 274.7180216498673 495.48228213191032 91.774437818676233 28.163371544331312 19.031268998980522 6.382483258843421 14.802597835659983 231.97672334685922 38.066845633089542 17.882674813270569 56.140571504831314 7.6365625858306876 5.5530464053153983
leaf_count=17 287 875 1237 351 124 73 29 28 942 76 78 151 14 16
internal_value=0.00183889 -0.00141812 0.0040264 -0.00286091 -0.0139124 0.00442031 0.00630835 -0.00816542 -0.0103685 0.00685221 0.00708617 -0.0038786 0.00869941 0.0177394
internal_weight=1393.38 559.836 833.544 256.402 119.938 300.132 281.101 259.704 239.348 136.465 577.142 74.0232 503.119 20.3556
internal_count=4298 1980 2318 838 475 977 904 1003 959 363 1480 229 1251 44
is_linear=0
shrinkage=0.03


Tree=100
num_leaves=13
num_cat=0
split_feature=22 25 26 9 29 26 23 9 9 20 10 23
split_gain=10.7804 12.9724 19.7827 13.675 12.8567 13.1178 12.4925 13.0034 10.1888 6.7973 3.52019 2.37577
threshold=39212954.939000003 -0.0003944043076717358 -0.0048597033375673993 2.6652127184603511 0.096938677093608802 0.00035155137829433056 3.3534668284005602 1.3401314791286894 1.0546044927900466 -0.017240812325897741 0.016073541376421179 1.3397876762571006
decision_type=2 2 2 2 2 2 2 2 2 2 2 2
left_child=6 2 11 -4 5 -3 7 8 -1 -6 -9 -2
right_child=1 4 3 -5 9 -7 -8 10 -10 -11 -12 -13
leaf_value=-0.011653680809787639 -0.047961957231722176 -0.0033097736089751375 0.01764080581397541 -0.007363961209853458 0.028448559017398789 0.0033066360221691801 0.047498649167788086 -0.03643788375176106 0.021862752694732954 0.0043719448047845879 -0.005359509500698972 -0.013913136113003929
leaf_weight=31.131577081978321 4.9866585507988921 442.17240495979786 115.80893861502409 23.715484529733658 23.246424600481987 691.34201515838504 3.2558007091283789 18.7687406167388 11.064052563160656 19.327515989542007 3.9748030714690676 2.9268701821565628
leaf_count=175 24 1378 275 84 41 1995 10 189 49 46 19 13
internal_value=0.00178579 0.00238513 0.0107736 0.0133907 0.00133353 0.000725642 -0.00984613 -0.0127212 -0.00286539 0.0175184 -0.0310064 -0.0353688
internal_weight=1391.72 1323.53 147.438 139.524 1176.09 1133.51 68.195 64.9392 42.1956 42.5739 22.7435 7.91353
internal_count=4298 3856 396 359 3460 3373 442 432 224 87 208 37
is_linear=0
shrinkage=0.03


Tree=101
num_leaves=10
num_cat=0
split_feature=26 26 26 26 14 24 12 14 24
split_gain=10.6837 16.5664 13.4457 21.7998 12.4317 8.14993 6.93173 10.6267 2.94973
threshold=-0.0085197464817939571 -0.0071808282944440744 -0.005937514655943609 -0.0053797604357927993 0.73299439115048115 0.82676130957712612 -0.012910346720755443 0.046167479467604945 0.43945704724407014
decision_type=2 2 2 2 2 2 2 2 2
left_child=6 4 5 -4 8 -3 7 -1 -2
right_child=1 2 3 -5 -6 -7 -8 -9 -10
leaf_value=0.0018718824744592651 -0.015425440635818962 0.025929740217226417 -0.031734570823861302 0.0016201863768287416 0.017085761216185259 -0.010414142558370284 -0.010456253862400794 0.03963554615262932 -0.052785887140009938
leaf_weight=11.123144730925562 2.3971114456653586 30.773091174662113 17.880523636937141 1285.1163146793842 3.8594078309833995 6.775780849158763 6.1823925748467436 16.889657646417618 9.2076900005340558
leaf_count=28 10 67 79 3977 15 22 24 29 47
internal_value=0.00173399 0.00131636 0.00167251 0.00116247 -0.0295567 0.0193714 0.0182952 0.0246406 -0.0450686
internal_weight=1390.21 1356.01 1340.55 1303 15.4642 37.5489 34.1952 28.0128 11.6048
internal_count=4298 4217 4145 4056 72 89 81 57 57
is_linear=0
shrinkage=0.03


Tree=102
num_leaves=12
num_cat=0
split_feature=29 26 26 26 26 26 29 9 18 21 9
split_gain=10.4787 10.4755 22.7716 15.1707 37.2141 19.003 13.6528 13.2832 0.0175612 0.00123973 0.00017786
threshold=0.019023997455488426 0.0062284412540981543 0.0071485465325628631 0.00035155137829433056 -0.00083184596827047162 0.00040986180287048431 0.050793687712928352 1.3475263027534516 0.0040968192005278918 453366.00000000006 1.5997676053208842
decision_type=2 2 2 2 2 2 2 2 2 2 2
left_child=8 3 7 4 -2 -5 -4 -3 9 10 -1
right_child=1 2 6 5 -6 -7 -8 -9 -10 -11 -12
leaf_value=-0.03253205175894807 0.0031873243078249548 -0.05395499545663035 -0.016340051348550991 0.02843319982621088 -0.014970441975784215 0.0043759523860370736 0.011401650599419938 -0.0069603514108266635 -0.035759707046613604 -0.033352317912251093 -0.031989131220183292
leaf_weight=1.3867957107722753 422.23680659383535 12.975795790553095 26.065884418785572 30.842258766293526 133.7660719268024 705.90293064713478 41.205885156989098 9.2876729220151883 3.1317194066941738 1.9326355643570421 0.89259270206093777
leaf_count=20 1263 63 105 64 494 2098 93 33 26 23 16
internal_value=0.00168264 0.00187252 -0.0080511 0.00255983 -0.00118117 0.00538306 0.000652535 -0.0343502 -0.0340584 -0.0327934 -0.0323194
internal_weight=1389.63 1382.28 89.5352 1292.75 556.003 736.745 67.2718 22.2635 7.34374 4.21202 2.27939
internal_count=4298 4213 294 3919 1757 2162 198 96 85 59 36
is_linear=0
shrinkage=0.03


Tree=103
num_leaves=13
num_cat=0
split_feature=20 26 25 14 26 7 11 6 11 4 4 1
split_gain=10.4589 12.4108 11.529 20.6773 17.4323 16.8918 15.0817 13.0327 11.7751 5.26587 8.21769 3.25965
threshold=0.034713414527126181 0.00039121700554116168 -0.0003944043076717358 0.87441298135528833 -0.0035323386302439741 368592080.21150005 0.012167337362233596 346904.00000000006 0.0038452394830442178 77.500000000000014 252.50000000000003 0.016635613698373696
decision_type=2 2 2 2 2 2 2 2 2 2 2 2
left_child=2 -2 4 6 7 -5 -4 -1 -6 11 -11 -3
right_child=1 9 3 5 8 -7 -8 -9 -10 10 -12 -13
leaf_value=-0.034693155746867127 -0.026197219344686808 0.0021492071723792313 -0.0022724733270273216 -0.014387879857648188 -0.01149013655274367 0.014020660114429531 0.0050025342440731691 0.0098438643243245298 0.016330356489075482 -0.021375692506375745 0.024467841408107115 0.031775644172922571
leaf_weight=13.218995675444605 5.7766857594251624 3.8461511731147793 477.04875361919403 129.09217571467161 15.514215584844349 22.055760897696018 554.63872326537967 10.699774317443369 116.59420970082283 5.9268769174814215 8.6626695170998556 25.517835929989815
leaf_count=81 20 10 1678 479 57 51 1527 30 283 18 18 46
internal_value=0.00163325 0.0151426 0.00113146 0.000120382 0.00879643 -0.0102425 0.0016386 -0.0147701 0.0130632 0.0205758 0.0058443 0.0278951
internal_weight=1388.59 49.7302 1338.86 1182.84 156.027 151.148 1031.69 23.9188 132.108 43.9535 14.5895 29.364
internal_count=4298 112 4186 3735 451 530 3205 111 340 92 36 56
is_linear=0
shrinkage=0.03


Tree=104
num_leaves=11
num_cat=0
split_feature=26 26 26 25 14 22 9 8 24 24
split_gain=10.1236 15.6786 12.7887 24.4433 11.8882 8.29799 7.85091 4.39167 4.18923 2.85062
threshold=-0.0085197464817939571 -0.0071808282944440744 -0.0060459733181610692 0.00060394083698791785 0.73299439115048115 243823331.12200001 1.9512348746972854 0.0066387132261614525 0.73613816287895784 0.43945704724407014
decision_type=2 2 2 2 2 2 2 2 2 2
left_child=6 4 5 -4 9 -3 7 8 -1 -2
right_child=1 2 3 -5 -6 -7 -8 -9 -10 -11
leaf_value=0.026798078536368602 -0.015109319184205404 0.0012767074104600225 0.0019890822102083859 -0.018429400257569169 0.016564304248571873 0.037794845429841177 -0.009479459775619186 0.037882337820423835 -0.0072681735098595228 -0.051937920480917187
leaf_weight=8.3185742273926753 2.388045445084571 9.2162592634558695 1259.0870766825974 55.074115611612797 3.8618430271744719 14.272815838456152 7.4487272650003424 12.948594391345976 5.3307966142892829 9.0973292365670186
leaf_count=18 10 28 3892 201 15 24 25 22 16 47
internal_value=0.0015862 0.00117963 0.00152555 0.00113338 -0.02897 0.0234665 0.017743 0.0253666 0.0134934 -0.0442805
internal_weight=1387.04 1353 1337.65 1314.16 15.3472 23.4891 34.0467 26.598 13.6494 11.4854
internal_count=4298 4217 4145 4093 72 52 81 56 34 57
is_linear=0
shrinkage=0.03


Tree=105
num_leaves=12
num_cat=0
split_feature=29 26 28 17 9 28 26 28 18 21 9
split_gain=10.0311 9.97534 22.7041 22.2757 16.3854 15.3098 27.3216 14.14 0.0158947 0.0011235 0.000160669
threshold=0.019023997455488426 0.0062284412540981543 0.0041835403249437277 0.0033923768450061713 1.0715640884216846 0.00056498159304120045 0.0016099635257772174 0.0034627741652223857 0.0040968192005278918 453366.00000000006 1.5997676053208842
decision_type=2 2 2 2 2 2 2 2 2 2 2
left_child=8 5 4 -4 -3 6 -2 -7 9 10 -1
right_child=1 2 3 -5 -6 7 -8 -9 -10 -11 -12
leaf_value=-0.032445917771242359 0.00010299003071276786 -0.039560393535080347 -0.02783343297900772 0.029538324888691035 -0.0067649221931497441 0.0065714350327017688 -0.035499124675756492 -0.011492885958570035 -0.035560078403618633 -0.033238931424939812 -0.031921859518287576
leaf_weight=1.3471900671720498 586.98245910927653 21.641599453985691 8.5011711940169352 21.482293918728828 37.416181653738022 641.68107616528869 20.062852162867785 41.522018231451511 3.0528428293764591 1.8779202066361902 0.86432199552655209
leaf_count=20 1831 91 34 44 125 1850 86 152 26 23 16
internal_value=0.00153933 0.00172296 -0.00798881 0.0132718 -0.0187828 0.00239318 -0.00107366 0.00547357 -0.0339221 -0.0326993 -0.0322411
internal_weight=1386.43 1379.29 89.0412 29.9835 59.0578 1290.25 607.045 683.203 7.14228 4.08943 2.21151
internal_count=4298 4213 294 78 216 3919 1917 2002 85 59 36
is_linear=0
shrinkage=0.03


Tree=106
num_leaves=15
num_cat=0
split_feature=7 29 29 9 25 25 17 0 29 9 29 13 13 22
split_gain=9.96142 11.2464 11.9156 19.8217 11.9127 8.40714 12.5324 8.00099 6.89079 13.1302 0.0434035 0.0274307 0.0113231 0.00418075
threshold=1138091.9525000004 0.019982888506241938 0.020007434860058581 4.7036814134785638 0.00023942909229000692 -0.00010520802191165431 -0.0010440397136425165 7.5045837299272434e-05 0.037890331662503128 0.73025443382359201 0.033489878279165462 0.020366182816663563 0.026194454563277684 46075095.802000009
decision_type=2 2 2 2 2 2 2 2 2 2 2 2 2 2
left_child=5 11 4 -4 -3 6 10 -8 12 -10 -1 13 -7 -2
right_child=1 2 3 -5 -6 8 7 -9 9 -11 -12 -13 -14 -15
leaf_value=-0.034857601347199521 -0.032185540567151408 -0.0040828059417540793 0.002937264716474995 -0.0091649781146060805 0.030601515232036535 -0.033527079941399814 -0.01362778514537571 0.043719755436485042 -0.038674996730604413 0.022467600388230393 -0.04108726607410422 -0.037188482454983754 -0.035278047387864116 -0.034126350301034107
leaf_weight=2.2884793840348712 1.5225756615400303 13.712369278073309 1159.0555415004492 136.10411820560694 25.458992511034012 12.612417381256824 3.2641806118190271 6.6508332267403603 5.719377748668192 7.0666275098919868 1.7968940809369085 2.9624311253428459 4.5133909657597533 2.9044485799968243
leaf_count=22 25 42 3300 499 56 150 18 22 37 27 10 22 38 30
internal_value=0.00149394 0.00195411 0.00215851 0.00166548 0.0184599 -0.0125664 0.00662045 0.02484 -0.0215469 -0.00488243 -0.0375976 -0.0349541 -0.0339885 -0.0334589
internal_weight=1385.63 1341.72 1334.33 1295.16 39.1714 43.9122 14.0004 9.91501 29.9118 12.786 4.08537 7.38946 17.1258 4.42702
internal_count=4298 3974 3897 3799 98 324 72 40 252 64 32 77 188 55
is_linear=0
shrinkage=0.03


Tree=107
num_leaves=14
num_cat=0
split_feature=1 4 11 18 21 1 13 29 13 25 25 29 18
split_gain=9.82399 23.2098 17.4795 22.5533 24.1281 16.4661 15.2131 13.5116 13.0858 11.8604 14.5676 9.65568 6.4807
threshold=0.028408434727338363 157.50000000000003 0.010150394068875414 0.0027275623512843955 701442.50000000012 0.027627717773031305 0.057179118391388346 0.06816460167034287 0.033314903194481042 0.00091992996561157724 0.00060394083698791785 0.065168678452884835 0.0079485274804015956
decision_type=2 2 2 2 2 2 2 2 2 2 2 2 2
left_child=1 6 3 -2 -5 7 8 -3 -1 10 -4 -8 -7
right_child=2 5 9 4 -6 12 11 -9 -10 -11 -12 -13 -14
leaf_value=-0.0059018937903720543 0.054003813046379974 0.0029217079965711771 0.0066162586156723532 -0.019323588163823954 0.0014445049921549653 -0.048968559318592821 0.031679915050133116 0.020522194236462819 -0.021491094847776039 0.035539863130729085 -0.02255937193449261 -0.012145723822987588 -0.011140858748918821
leaf_weight=170.19016042351723 6.0941725298762313 232.85939737223089 544.54290517047048 70.118229314684868 178.55339720845222 5.9460695460438755 13.320322349667551 47.214973628520966 67.754052773118019 12.326843589544294 15.850749984383581 6.85182000696659 12.961007282137869
leaf_count=732 28 810 1404 318 492 34 25 94 227 21 55 19 39
internal_value=0.00144981 -0.00162997 0.00352325 -0.00301416 -0.0044115 0.00405957 -0.00822027 0.0058888 -0.0103409 0.00643132 0.00579103 0.0167938 -0.0230373
internal_weight=1384.58 557.098 827.486 254.766 248.672 298.981 258.116 280.074 237.944 572.72 560.394 20.1721 18.9071
internal_count=4298 1980 2318 838 810 977 1003 904 959 1480 1459 44 73
is_linear=0
shrinkage=0.03


Tree=108
num_leaves=13
num_cat=0
split_feature=20 14 18 11 25 11 9 1 25 28 24 24
split_gain=9.74701 10.8291 22.0739 24.2629 23.3795 12.8775 18.9305 11.8643 10.2563 12.2573 5.05717 2.90721
threshold=0.034713414527126181 0.90376848874597981 0.0076832531502097666 0.014822568167282991 -0.00040950722489395099 0.010150394068875414 1.6412033361338876 0.028408434727338363 9.8026610845332608e-05 0.0013380698201146714 0.82676130957712612 0.61441208582939011
decision_type=2 2 2 2 2 2 2 2 2 2 2 2
left_child=1 5 3 -3 -4 6 -1 -7 10 -10 11 -2
right_child=8 2 4 -5 -6 7 -8 -9 9 -11 -12 -13
leaf_value=0.0026773079398902241 0.017969850791082549 -0.0018319159357611677 0.034222099055082514 -0.048097982365443659 -0.005768390334526508 -0.00076324597363437371 -0.009809933127340539 0.0071784130868860598 -0.036862179812573878 0.016764650377981725 0.0065557220242994296 0.040077287915160596
leaf_weight=286.99390803650022 8.5223326236009616 19.902637995779514 15.737609058618544 20.928827613592148 80.244200132787228 264.97985463775694 176.43253879249096 468.88197333738208 6.523758962750434 9.3104787766933423 10.306875884532927 14.398214608430861
leaf_count=895 18 89 30 116 228 871 755 1202 24 22 25 23
internal_value=0.00140773 0.00092479 -0.00707095 -0.0255463 0.00078863 0.00183846 -0.00207675 0.00431087 0.0145401 -0.00532978 0.0240089 0.0318573
internal_weight=1383.16 1334.1 136.813 40.8315 95.9818 1197.29 463.426 733.862 49.0617 15.8342 33.2274 22.9205
internal_count=4298 4186 463 205 258 3723 1650 2073 112 46 66 41
is_linear=0
shrinkage=0.03


Tree=109
num_leaves=11
num_cat=0
split_feature=26 26 26 25 15 9 9 25 5 9
split_gain=9.80427 14.6841 11.8878 22.4317 11.1955 10.3583 7.24815 4.39644 2.47629 2.06037
threshold=-0.0085197464817939571 -0.0071808282944440744 -0.005937514655943609 0.00060394083698791785 0.0074502748691511857 1.9512348746972854 1.9512348746972854 0.00020685594365150631 0.0052359640637036726 4.464439761994762
decision_type=2 2 2 2 2 2 2 2 2 2
left_child=6 4 5 -4 9 -3 7 8 -1 -2
right_child=1 2 3 -5 -6 -7 -8 -9 -10 -11
leaf_value=0.0020918422429954896 -0.05021064350097465 0.02626002129377385 0.0016520805685647112 -0.017958976003973569 0.019206942040348389 -0.012735182836767582 -0.0088240600391818486 0.037464649879981722 0.027901391885125682 -0.022227258321758286
leaf_weight=7.9554136544466019 8.4308382272720319 29.209266312420368 1240.6644798330963 54.812259715050459 3.4389851316809645 7.75927710533142 7.4421096220612517 12.643204011023045 5.773902490735054 3.2929398119449607
leaf_count=21 48 60 3855 201 9 29 25 24 11 15
internal_value=0.00136729 0.000966948 0.00130101 0.000822327 -0.0283892 0.0180754 0.0173222 0.0247005 0.0129461 -0.0423508
internal_weight=1381.42 1347.61 1332.45 1295.48 15.1628 36.9685 33.8146 26.3725 13.7293 11.7238
internal_count=4298 4217 4145 4056 72 89 81 56 32 63
is_linear=0
shrinkage=0.03


Tree=110
num_leaves=14
num_cat=0
split_feature=22 25 26 29 26 11 10 19 0 28 10 26 23
split_gain=9.41571 11.451 17.639 11.7746 11.5747 11.3726 11.0298 10.7654 9.63457 9.16576 8.77397 3.04505 2.30831
threshold=39212954.939000003 -0.0003944043076717358 -0.0048597033375673993 0.096938677093608802 0.00035155137829433056 0.027490019759094635 0.0031143875889439658 1.0000000180025095e-35 -0.00090810486397212959 0.0020576150725033202 0.022949460050815201 0.0071485465325628631 1.3397876762571006
decision_type=2 2 2 2 2 2 2 2 2 2 2 2 2
left_child=5 2 12 4 -3 6 8 -4 -1 -5 -7 -8 -2
right_child=1 3 7 9 -6 10 11 -9 -10 -11 -12 -13 -14
leaf_value=-0.031690784699210148 -0.046932237720750052 -0.003482779972603415 0.01685958007620857 0.022553036058686419 0.0027508199198959032 0.045659081905027953 -0.038614335503351693 -0.0032618467683311705 0.0027185774620892911 -0.016085634945207403 -0.011317397335145717 0.00012790061630791558 -0.013000034788464244
leaf_weight=9.7444628067314607 4.8413039222359648 439.44007064029574 106.23539989814162 35.358500078320503 687.51259721443057 5.4352283924818021 15.961667142808439 30.888602323830128 29.478105001151562 6.5488170087337485 4.4029635563492775 2.0616953298449507 2.8762780874967575
leaf_count=80 24 1378 266 68 1995 12 135 93 184 19 22 9 13
internal_value=0.00132689 0.00188671 0.00984334 0.000900749 0.000320111 -0.00963595 -0.0147566 0.012327 -0.00583009 0.016515 0.0201599 -0.0341826 -0.034286
internal_weight=1380.79 1313.7 144.842 1168.86 1126.95 67.0841 57.2459 137.124 39.2226 41.9073 9.83819 18.0234 7.71758
internal_count=4298 3856 396 3460 3373 442 408 359 264 87 34 144 37
is_linear=0
shrinkage=0.03


Tree=111
num_leaves=10
num_cat=0
split_feature=26 26 26 25 14 24 12 14 24
split_gain=9.37259 13.8102 11.4569 21.0398 11.1019 8.23878 6.46446 10.2424 2.88002
threshold=-0.0085197464817939571 -0.0071808282944440744 -0.005937514655943609 0.00060394083698791785 0.73299439115048115 0.8560030672213389 -0.012910346720755443 0.046167479467604945 0.43486376040071362
decision_type=2 2 2 2 2 2 2 2 2
left_child=6 4 5 -4 8 -3 7 -1 -2
right_child=1 2 3 -5 -6 -7 -8 -9 -10
leaf_value=0.00060141485103884854 -0.011723820334004145 0.023861789930972068 0.0015540147610217166 -0.017463740415216769 0.016549642441105936 -0.01513445194183044 -0.010834076534173597 0.038024141547281634 -0.050217054639800578
leaf_weight=10.922416225075724 2.1695335134863845 31.002497918903828 1239.293589387089 54.665376573801041 3.8052599504590026 5.7859519869089118 6.1664127930998793 16.564629539847374 9.0315557196736318
leaf_count=28 9 70 3855 201 15 19 24 29 48
internal_value=0.00128827 0.000897214 0.00121994 0.000750579 -0.0277214 0.0177286 0.016926 0.0231536 -0.0427613
internal_weight=1379.41 1345.75 1330.75 1293.96 15.0063 36.7884 33.6535 27.487 11.2011
internal_count=4298 4217 4145 4056 72 89 81 57 57
is_linear=0
shrinkage=0.03


Tree=112
num_leaves=15
num_cat=0
split_feature=26 28 17 21 3 28 26 25 28 6 5 1 5 18
split_gain=9.34732 21.5286 20.9844 15.6679 15.3826 13.8037 25.7646 20.6003 13.1496 23.6189 11.761 10.7008 9.97494 7.56911
threshold=0.0062284412540981543 0.0041835403249437277 0.0033923768450061713 824034.00000000012 0.14641625787321236 0.00056498159304120045 0.0016099635257772174 0.00011771404345774827 0.0034627741652223857 550179.50000000012 -0.022039637128436356 0.035946644574505006 -0.0039921022381480464 0.0067503731301530425
decision_type=2 2 2 2 2 2 2 2 2 2 2 2 2 2
left_child=5 3 11 4 -2 6 7 -1 10 -10 -7 -3 -5 -8
right_child=1 2 -4 12 -6 8 13 -9 9 -11 -12 -13 -14 -15
leaf_value=0.004440942364990306 -0.044224159465230201 -0.057837200429023794 0.028668417598269047 -0.01017354000480933 0.010956797759785799 -0.028831052262720883 -0.013561383332235418 -0.0069878148371370569 0.000400142452657856 -0.054349254514460363 0.006352625200771074 0.0098840115131909288 -0.044756993965823687 -0.050928290819860056
leaf_weight=345.21474755182862 5.8538318704813745 4.6410891786217707 21.15592522919178 11.637910038232802 20.361282680183649 8.6676971837878209 8.5265149362385291 241.06393483653665 32.576500121504068 9.0649449527263624 633.68935066834092 3.8353319466114044 21.142372269183397 11.404185414314268
leaf_count=1029 37 24 44 35 63 34 39 834 119 38 1860 10 85 47
internal_value=0.00125013 -0.00817426 0.0126884 -0.0186532 -0.0013651 0.00189752 -0.00139862 -0.000258292 0.0048188 -0.0115183 0.00587787 -0.0271953 -0.0324789 -0.0349424
internal_weight=1378.84 88.6277 29.6323 58.9954 26.2151 1290.21 606.209 586.279 683.998 41.6414 642.357 8.47642 32.7803 19.9307
internal_count=4298 298 78 220 100 4000 1949 1863 2051 157 1894 34 120 86
is_linear=0
shrinkage=0.03


Tree=113
num_leaves=14
num_cat=0
split_feature=18 20 23 23 3 9 21 20 26 24 17 24 29
split_gain=9.32886 14.22 13.0024 17.2421 16.5804 9.85193 11.8251 10.7955 12.5159 9.66893 9.31468 2.8119 0.330824
threshold=0.0044084849583543593 -0.0013627175423752294 1.9073599556334626 0.85395758559461676 0.42328292767993064 0.38565878798763936 2166980.5000000005 0.034713414527126181 0.00039121700554116168 0.89896698402605602 0.015340352590408867 0.24237839593772761 0.046990592787040306
decision_type=2 2 2 2 2 2 2 2 2 2 2 2 2
left_child=1 2 3 -1 -4 6 9 10 -9 -2 -7 -3 -13
right_child=5 11 4 -5 -6 7 -8 8 -10 -11 -12 12 -14
leaf_value=0.012217057295764543 0.0031304294883433333 0.0023268521041559628 -0.03554380349050601 -0.022428155578651996 0.046278495767286938 0.0013437475387779395 -0.062771687645442942 -0.025083293851215303 0.02210052579228931 -0.038241445633656196 0.02117176382364833 -0.035559637714379276 -0.048754644955472742
leaf_weight=21.589188113808632 19.411827348172672 1.8064254373312021 2.9615316316485396 32.227691041305661 9.0103129297494871 1196.0335416421294 4.0502044707536689 5.7646749764680854 41.369619607925415 6.888084463775157 21.710222348570824 13.182092225179074 1.9650112241506565
leaf_count=114 62 11 25 250 36 3470 17 20 85 33 44 121 10
internal_value=0.00121334 -0.00855285 -0.00223947 -0.00852988 0.0260377 0.00183722 -0.0150537 0.00224251 0.0163298 -0.00770508 0.00169725 -0.0330521 -0.0372714
internal_weight=1377.97 82.7423 65.7887 53.8169 11.9718 1295.23 30.3501 1264.88 47.1343 26.2999 1217.74 16.9535 15.1471
internal_count=4298 567 425 364 61 3731 112 3619 105 95 3514 142 131
is_linear=0
shrinkage=0.03


Tree=114
num_leaves=12
num_cat=0
split_feature=29 29 29 18 28 18 28 10 18 21 11
split_gain=9.13609 9.15172 17.76 14.6382 11.2161 10.9354 9.48201 9.28176 0.0124879 0.00111258 6.93845e-05
threshold=0.019023997455488426 0.020007434860058581 0.028908263013382379 0.015832308420129605 0.0013598878165821096 0.0071234672441806415 -0.0033622277241476986 0.021456935547176762 0.0040968192005278918 453366.00000000006 0.0027208648619545064
decision_type=2 2 2 2 2 2 2 2 2 2 2
left_child=8 4 3 -3 5 -2 -4 -6 9 10 -1
right_child=1 2 6 -5 7 -7 -8 -9 -10 -11 -12
leaf_value=-0.032259216263122677 -0.02958928844091176 -0.013650123828987568 0.0120794964822183 0.045633631119234484 0.045071489245919645 0.014537815953728326 0.0012024374448642787 0.0049652700530349756 -0.035174902274415006 -0.033110769681173255 -0.031911635543219949
leaf_weight=1.0575608648359773 7.5592200644314316 95.225633539259434 76.961902089416981 3.9021240174770346 13.736084364354612 15.253112807869909 1149.0493095368147 8.3505845479667169 2.875656733289361 1.7904290072619913 1.0110235270112751
leaf_count=17 49 553 193 8 30 38 3317 25 26 23 19
internal_value=0.00117767 0.00134901 0.000897677 -0.0113164 0.0146695 -8.4384e-05 0.00188524 0.029908 -0.0336784 -0.0325632 -0.0320893
internal_weight=1376.77 1370.04 1325.14 99.1278 44.899 22.8123 1226.01 22.0867 6.73467 3.85901 2.06858
internal_count=4298 4213 4071 561 142 87 3510 55 85 59 36
is_linear=0
shrinkage=0.03


Tree=115
num_leaves=15
num_cat=0
split_feature=9 13 7 25 4 5 25 21 25 25 22 9 17 15
split_gain=9.18314 16.2762 17.2376 12.9933 16.6116 12.3912 10.0345 16.53 16.4841 38.1276 16.0062 13.3832 9.67793 9.19759
threshold=4.5678097755076656 0.037868187601409441 16965440.974500004 -6.9697617648738545e-05 7.5000000000000009 -0.012940590502705138 -0.00010520802191165431 336124.00000000006 -0.00022115147749914168 -0.00022945147468294975 48409098.802500017 2.2387634641110501 -0.0026001225712212954 -0.009823692352983724
decision_type=2 2 2 2 2 2 2 2 2 2 2 2 2 2
left_child=6 3 13 -2 -5 -4 8 11 9 -1 -9 -8 -10 -3
right_child=1 2 5 4 -6 -7 7 10 12 -11 -12 -13 -14 -15
leaf_value=0.0045004650569128567 -0.030802611461235849 0.0063649913720977341 -0.015352559732585631 0.018306744136896525 -0.016002332893150582 0.016225914662695656 -0.0058691545473855532 0.026257578952079304 0.026620005378381401 -0.062858713580040762 0.0012710821162004689 -0.034953661796875445 0.0070262554470667407 -0.046934819305890108
leaf_weight=257.65334421768785 28.545369975268841 4.5312443673610678 13.905480131506918 17.632246609777212 45.413355857133865 57.128422170877457 116.34141120128334 23.875088084489107 47.800133645534515 7.791597604751586 687.49456731975079 16.224731829017401 43.184631075710058 8.1632421761751157
leaf_count=757 139 15 43 55 207 126 509 115 97 38 1919 112 126 40
internal_value=0.00114303 -0.00527053 0.00428979 -0.0140101 -0.00640696 0.0100442 0.00207977 0.000297208 0.00630042 0.00252327 0.00210968 -0.0094288 0.0173201 -0.0279097
internal_weight=1375.68 175.319 83.7284 91.591 63.0456 71.0339 1200.37 843.936 356.43 265.445 711.37 132.566 90.9848 12.6945
internal_count=4298 625 224 401 262 169 3673 2655 1018 795 2034 621 223 55
is_linear=0
shrinkage=0.03


Tree=116
num_leaves=15
num_cat=0
split_feature=26 28 9 13 26 28 29 5 20 12 8 23 29 5
split_gain=8.8452 20.3114 14.9368 19.6722 13.2223 30.1767 18.945 16.6326 15.0857 13.6643 10.916 10.8823 9.79442 11.7636
threshold=0.0062284412540981543 0.0041835403249437277 1.0715640884216846 0.030348057814455202 0.0034267186835907275 0.002545563775935975 0.032398442985910422 -0.014772258603472947 -0.012468052278388134 -0.0031626063739170758 0.0051184408341578775 0.68897443720202889 0.060679437328502075 -0.0010558326630916881
decision_type=2 2 2 2 2 2 2 2 2 2 2 2 2 2
left_child=4 2 11 -4 5 7 8 -1 -6 -8 -7 -2 13 -3
right_child=1 12 3 -5 6 10 9 -9 -10 -11 -12 -13 -14 -15
leaf_value=-0.015408820937787844 -0.010833147419609295 -0.04242648024156296 -0.039044591553630999 0.0079362039198361389 0.0042204046783324263 -0.043836199277808061 0.0071805273063419465 0.0019614993349038774 -0.031326269443310829 0.025125616039480107 -0.006556678524251334 -0.05491719285439127 0.029186561160046698 0.014609649397568043
leaf_weight=52.456234682351351 8.1074353531003016 5.0290540456771859 11.68754751421511 25.572606533765793 25.586039170622826 18.471768956631426 197.48637057095766 915.00119031965733 18.524664271622896 47.34419584274292 11.451570045202969 13.318699624389408 15.048111796379088 9.2230877354741096
leaf_count=193 27 21 66 63 114 105 503 2806 120 104 55 64 29 28
internal_value=0.00110957 -0.0080928 -0.0182775 -0.00680046 0.00173903 0.000101936 0.00739002 0.00101967 -0.0107077 0.0106507 -0.0295694 -0.0382362 0.0123065 -0.00551629
internal_weight=1374.31 87.9865 58.6863 37.2602 1286.32 997.381 288.941 967.457 44.1107 244.831 29.9233 21.4261 29.3003 14.2521
internal_count=4298 298 220 129 4000 3159 841 2999 234 607 160 91 78 49
is_linear=0
shrinkage=0.03


Tree=117
num_leaves=15
num_cat=0
split_feature=7 20 9 18 28 25 28 25 6 9 8 18 23 18
split_gain=8.61415 9.6305 10.0572 16.9146 10.6758 8.20388 11.9647 7.90049 11.9384 6.54264 5.56002 4.63303 3.58819 3.48825
threshold=1138091.9525000004 0.034713414527126181 4.5678097755076656 0.0080605522577531213 -0.0033622277241476986 9.8026610845332608e-05 0.0013380698201146714 -0.00010520802191165431 6253.5000000000009 3.8119255580263833 -0.0047067109810569902 0.0051378441997359204 1.3559329520837522 0.0034887540768767785
decision_type=2 2 2 2 2 2 2 2 2 2 2 2 2 2
left_child=7 2 4 -4 -2 12 -7 8 13 10 -9 -10 -3 -1
right_child=1 5 3 -5 -6 6 -8 9 11 -11 -12 -13 -14 -15
leaf_value=0.0087632973184854964 0.013128127053103686 0.0069057707231917785 -0.018817810615155389 0.0012216498631716869 0.0012639987830037316 -0.035528423828026484 0.019451255496555474 -0.0060062141777043601 0.0086839839912574088 0.023746904910547002 -0.03537453781368876 0.055399357058391149 0.029503524079855407 -0.039591285276097822
leaf_weight=1.9578173570334891 73.033645626157522 8.6701378971338254 58.721308160573244 106.95227951556444 1044.5378700271249 6.1612655967473975 8.4454897940158826 8.6673000659793633 3.9046528935432434 2.6561018563807002 17.548525569960479 3.7415532246232033 23.369470223784447 4.2734611555933952
leaf_count=12 182 21 302 297 3088 22 18 65 22 11 176 8 44 30
internal_value=0.00107739 0.00150349 0.00101675 -0.00588113 0.00203932 0.0148936 -0.00373969 -0.012178 0.00642427 -0.0211193 -0.025665 0.0315434 0.0233884 -0.0243987
internal_weight=1372.64 1329.89 1283.25 165.674 1117.57 46.6464 14.6068 42.7494 13.8775 28.8719 26.2158 7.64621 32.0396 6.23128
internal_count=4298 3974 3869 599 3270 105 40 324 72 252 241 30 65 42
is_linear=0
shrinkage=0.03


Tree=118
num_leaves=15
num_cat=0
split_feature=24 20 18 18 11 23 15 14 17 13 14 20 28 21
split_gain=8.80354 11.5207 11.3976 25.2656 13.4723 12.2928 15.5492 9.46364 15.7686 12.6399 8.94656 8.46209 4.54425 7.48013
threshold=0.89896698402605602 0.034713414527126181 0.010219304589666058 0.01415571160650742 0.0076846144426790169 0.69268107416403701 0.0019371399336543837 0.90376848874597981 0.0016061756218493769 0.02048352179194014 0.93708474728489588 -0.01297092439238909 0.0013598878165821096 4269515.5000000009
decision_type=2 2 2 2 2 2 2 2 2 2 2 2 2 2
left_child=1 7 5 10 -5 6 -2 9 -9 -1 -4 -7 13 -3
right_child=2 12 3 4 -6 11 -8 8 -10 -11 -12 -13 -14 -15
leaf_value=-0.0050327138343391562 -0.027678656878683153 -0.017135737200070833 0.02193496217722192 -0.03627232645936488 -0.0039438447658918085 -0.0096504079829263564 0.034098581538247581 -0.041339084619834605 -0.0031469264701491331 0.0038267893088849061 -0.017890967734525167 -0.032716179266481162 0.027715151211468825 0.027662325687857769
leaf_weight=173.90735309943557 6.0779637023806563 6.6673664748668653 43.281358793377876 14.823372796177862 53.376956984400749 30.002451112493873 9.2435345947742444 10.880237855017183 91.983797952532768 869.90373104996979 5.7510814517736426 27.376751556992531 21.187943607568741 6.7513276785612106
leaf_count=857 30 21 99 53 142 138 21 63 295 2365 19 141 41 13
internal_value=0.00104598 0.00200985 -0.0049488 0.000838451 -0.0109705 -0.014281 0.00959185 0.00149516 -0.00718663 0.00235072 0.0172637 -0.0206555 0.0190638 0.00540345
internal_weight=1371.22 1181.28 189.933 117.233 68.2003 72.7007 15.3215 1146.68 102.864 1043.81 49.0324 57.3792 34.6066 13.4187
internal_count=4298 3655 643 313 195 330 51 3580 358 3222 118 279 75 34
is_linear=0
shrinkage=0.03


Tree=119
num_leaves=13
num_cat=0
split_feature=9 15 1 1 20 26 4 1 20 18 22 29
split_gain=8.47798 11.9222 10.873 13.08 9.97909 10.9976 10.3906 22.5943 19.2574 4.8408 3.30002 0.591841
threshold=0.38565878798763936 0.0040465244646387876 0.040061187885377846 0.026323700592028664 0.034713414527126181 0.00039121700554116168 202.50000000000003 0.029596736836521004 -0.097139390641697673 0.010257895411347204 50367948.119500004 0.052317544220198332
decision_type=2 2 2 2 2 2 2 2 2 2 2 2
left_child=1 2 3 -1 6 -6 7 -2 -8 -7 -3 -12
right_child=4 10 -4 -5 5 9 8 -9 -10 -11 11 -13
leaf_value=0.002267176540821592 -0.0083402172557880475 -0.013730953302801953 0.044381297847560286 -0.055339154723129974 -0.023630267890495663 0.038323472505507279 -0.057006440007550722 0.0030694034056642102 0.0039961336456736862 0.014539642294249257 -0.043919001298537132 -0.06136809218989956
leaf_weight=15.02951460704208 273.57198489271104 2.691625662147997 3.7546709626913062 4.6433424577116957 5.7575579583644858 10.399575695395468 4.6911044865846625 364.1083553545177 648.49086352996528 29.69055999815464 3.4308698400855064 3.5696917325258255
leaf_count=59 1060 16 6 23 20 17 20 1050 1926 68 18 15
internal_value=0.00101561 -0.0139781 -0.00240089 -0.0113295 0.00138711 0.0151411 0.000898608 -0.00182545 0.00355802 0.0207093 -0.0419621 -0.0528166
internal_weight=1369.83 33.1197 23.4275 19.6729 1336.71 45.8477 1290.86 637.68 653.182 40.0901 9.69219 7.00056
internal_count=4298 137 88 82 4161 105 4056 2110 1946 85 49 33
is_linear=0
shrinkage=0.03


Tree=120
num_leaves=11
num_cat=0
split_feature=26 26 26 25 7 14 9 25 24 23
split_gain=8.54683 12.7991 10.9484 19.5476 11.4451 10.8939 6.7413 4.36664 2.77426 2.64729
threshold=-0.0085197464817939571 -0.0071808282944440744 -0.0060459733181610692 0.00060394083698791785 31734475.906000007 0.73299439115048115 1.9512348746972854 0.00020685594365150631 0.43486376040071362 1.3236591459052403
decision_type=2 2 2 2 2 2 2 2 2 2
left_child=6 5 4 -4 -3 8 7 9 -2 -1
right_child=1 2 3 -5 -6 -7 -8 -9 -10 -11
leaf_value=0.00056845947857702599 -0.011682835973861733 -0.01513421379313212 0.0013308044298318696 -0.017042975406546181 0.033879937141479952 0.016837835839148076 -0.009239230599474001 0.036091805864781515 -0.049653732378462601 0.027748643896562133
leaf_weight=8.0880225002765638 2.152756340801715 5.7294300347566631 1243.6209242753685 54.391350109130144 17.038719788193703 3.7736993748694649 7.3971769362688056 12.388906575739384 8.8552741408348066 5.3639017194509515
leaf_count=22 9 21 3892 201 31 15 25 24 48 10
internal_value=0.000985909 0.000611937 0.000922626 0.000560877 0.0215459 -0.0271488 0.0160128 0.0232414 -0.0422281 0.0114065
internal_weight=1368.8 1335.56 1320.78 1298.01 22.7681 14.7817 33.238 25.8408 11.008 13.4519
internal_count=4298 4217 4145 4093 52 72 81 56 57 32
is_linear=0
shrinkage=0.03


Tree=121
num_leaves=15
num_cat=0
split_feature=26 28 17 21 3 28 26 25 28 21 4 1 21 18
split_gain=8.44469 19.2902 19.559 14.6842 14.3244 13.0109 24.1448 18.8715 12.1881 18.413 13.1177 9.73725 9.49578 7.18171
threshold=0.0062284412540981543 0.0041835403249437277 0.0033923768450061713 824034.00000000012 0.14641625787321236 0.00056498159304120045 0.0016099635257772174 0.00011771404345774827 0.0034627741652223857 2166980.5000000005 282.50000000000006 0.035946644574505006 2395117.5000000005 0.0067503731301530425
decision_type=2 2 2 2 2 2 2 2 2 2 2 2 2 2
left_child=5 3 11 4 -2 6 7 -1 10 -10 -7 -3 -5 -8
right_child=1 2 -4 12 -6 8 13 -9 9 -11 -12 -13 -14 -15
leaf_value=0.0039795683178079676 -0.043489371774560324 -0.056619858964378239 0.027524081354915051 -0.048785272124493274 0.010709377458998205 0.0018275124819350042 -0.013281794276044522 -0.0069937700005307983 0.00061865561222599285 -0.044834878633043494 0.010566886606826363 0.0087610318376182272 -0.016257431999059838 -0.049809405304849001
leaf_weight=343.22732853889465 5.6132465340197113 4.5327624827623385 20.681347154080868 15.165149711072443 20.118300821632147 373.52784518152475 8.4525660388171691 239.4530148524791 30.402306318283081 10.895674601197241 263.70076282694936 3.7430398464202881 17.28186047077179 11.347847953438757
leaf_count=1029 37 24 44 63 63 1177 39 834 113 44 717 10 57 47
internal_value=0.000956826 -0.00808019 0.0119274 -0.0180385 -0.00111389 0.00157153 -0.00163703 -0.000529935 0.0044205 -0.0113734 0.00544408 -0.0270489 -0.0314604 -0.0342162
internal_weight=1368.14 87.1357 28.9571 58.1786 25.7315 1281.01 602.481 582.68 678.527 41.298 637.229 8.2758 32.447 19.8004
internal_count=4298 298 78 220 100 4000 1949 1863 2051 157 1894 34 120 86
is_linear=0
shrinkage=0.03


Tree=122
num_leaves=12
num_cat=0
split_feature=29 29 29 14 26 25 11 22 28 9 13
split_gain=8.22164 11.1714 15.1629 10.9894 10.7729 9.70008 7.93524 5.84309 5.72656 0.0300057 0.00844298
threshold=0.019982888506241938 0.020007434860058581 0.028908263013382379 0.6121716996413239 -0.0085197464817939571 0.00023942909229000692 0.022374704956457003 153149607.59200004 0.0032816427408873692 14.708179193646879 0.029651968641053517
decision_type=2 2 2 2 2 2 2 2 2 2 2
left_child=8 5 3 -3 -4 6 -2 -7 9 10 -1
right_child=1 2 4 -5 -6 7 -8 -9 -10 -11 -12
leaf_value=-0.033021874384271406 0.011922395211771934 -0.019586031155437167 0.019345169639689939 0.00072384034980521865 0.0011156007336791359 0.045692015185996505 -0.035410985182406901 0.016350952155703691 0.034477203491149279 -0.038383267629871272 -0.035631293971842004
leaf_weight=6.3203758262097818 10.447950080037115 54.996538046747446 29.909665152430534 42.511422742158175 1188.862682428211 10.033866882324221 4.5871497206389895 15.61420203745365 1.2438433319330204 1.3174425251781938 1.3552579730749128
leaf_count=89 29 333 66 228 3444 24 21 36 7 10 11
internal_value=0.000928709 0.00113077 0.000652225 -0.0107314 0.00156297 0.0166138 -0.00251883 0.0278296 -0.0258558 -0.0342005 -0.0334826
internal_weight=1367.2 1356.96 1316.28 97.508 1218.77 40.6832 15.0351 25.6481 10.2369 8.99308 7.67563
internal_count=4298 4181 4071 561 3510 110 50 60 117 110 100
is_linear=0
shrinkage=0.03


Tree=123
num_leaves=15
num_cat=0
split_feature=24 18 18 0 17 23 20 1 20 24 14 28 21 8
split_gain=8.26645 10.5983 23.8532 16.8687 12.2502 13.3946 10.5538 9.01151 11.6968 9.02717 8.36833 4.21415 10.0998 2.77502
threshold=0.89896698402605602 0.010219304589666058 0.01415571160650742 0.0035546279283653367 -0.0044951498341565697 0.69268107416403701 0.034713414527126181 0.021083619702176388 0.02211875625270562 0.88854168936215494 0.93708474728489588 0.0013598878165821096 4157546.0000000005 0.0052982931403483856
decision_type=2 2 2 2 2 2 2 2 2 2 2 2 2 2
left_child=6 4 10 -4 -2 -6 7 8 -1 -9 -3 12 -8 -13
right_child=1 2 3 -5 5 -7 11 9 -10 -11 -12 13 -14 -15
leaf_value=-0.004169995772411908 -0.047444159029880549 0.021203137518464112 -0.0069562161028732788 -0.068560977122291908 0.016844877626269985 -0.016633773876577801 -0.023911186596698185 0.0019682321993147018 -0.042770606773195267 0.03463435680530811 -0.017371433589209312 0.013491103888882538 0.028679156141159033 0.035849006017657219
leaf_weight=101.33279454521835 8.6556632034480554 43.050004459917545 63.732776753604412 4.2682210654020301 13.72039173170924 49.774946883320808 5.9533466696739179 1026.7492366246879 7.5946296527981749 7.6706372350454322 5.7358783632516852 8.4148709028959292 7.3369755446910858 12.298360422253607
leaf_count=414 47 99 177 18 43 240 20 3111 40 15 19 19 14 22
internal_value=0.000901227 -0.00492387 0.000660882 -0.010823 -0.0139636 -0.00939954 0.00183602 0.00134619 -0.0068613 0.00221046 0.0166678 0.0183062 0.00512152 0.026766
internal_weight=1366.29 188.938 116.787 68.001 72.151 63.4953 1177.35 1143.35 108.927 1034.42 48.7859 34.0036 13.2903 20.7132
internal_count=4298 643 313 195 330 283 3655 3580 454 3126 118 75 34 41
is_linear=0
shrinkage=0.03


Tree=124
num_leaves=12
num_cat=0
split_feature=29 26 26 24 28 26 28 29 18 21 18
split_gain=8.24675 8.18169 18.2558 13.1196 12.6016 22.9085 11.5035 3.2263 0.00979902 0.00092888 5.97185e-05
threshold=0.019023997455488426 0.0062284412540981543 0.0066275573047466447 0.50234334168728279 0.00056498159304120045 0.0016099635257772174 0.0034627741652223857 0.042720607977344137 0.0040968192005278918 453366.00000000006 0.0024460488899881593
decision_type=2 2 2 2 2 2 2 2 2 2 2
left_child=8 4 7 -4 5 -2 -6 -3 9 10 -1
right_child=1 2 3 -5 6 -7 -8 -9 -10 -11 -12
leaf_value=-0.032087658928720821 -0.00044347161206666203 -0.009564702477370195 -0.029197906348159566 0.004162393465869039 0.0054535459526544256 -0.033346342296677232 -0.010953496917550007 -0.045979856736092582 -0.03477836535849109 -0.032900992371657854 -0.03175166939686936
leaf_weight=1.0406983587890857 579.40359243378043 2.7064723521471015 12.915640305727718 59.424622010439634 632.52493900433183 19.691876813769341 40.950159892439842 11.467750266194342 2.6927507389336824 1.6740946955978868 0.87758070416748513
leaf_count=18 1831 18 53 175 1850 86 152 48 26 23 18
internal_value=0.000874807 0.00103336 -0.00789386 -0.00179376 0.00164027 -0.00152497 0.00445593 -0.0390266 -0.0334102 -0.0323846 -0.0319339
internal_weight=1365.37 1359.09 86.5145 72.3403 1272.57 599.095 673.475 14.1742 6.28512 3.59237 1.91828
internal_count=4298 4213 294 228 3919 1917 2002 66 85 59 36
is_linear=0
shrinkage=0.03


Tree=125
num_leaves=14
num_cat=0
split_feature=25 26 17 6 28 28 26 29 29 12 18 20 23
split_gain=8.12374 15.6096 15.1428 18.4495 11.817 19.0248 18.1295 17.5613 15.3892 13.0822 11.4037 9.84155 2.20828
threshold=-0.0003944043076717358 -0.0048597033375673993 1.0000000180025095e-35 334543.00000000006 0.0024568429999544191 0.0017403464742138232 0.003521153417689328 0.032398442985910422 0.096938677093608802 -0.0040942551108990198 0.0025435352076618356 -1.0000000180025095e-35 1.3397876762571006
decision_type=2 2 2 2 2 2 2 2 2 2 2 2 2
left_child=1 12 3 -3 5 8 10 -7 -2 -8 -6 -4 -1
right_child=4 2 11 -5 6 7 9 -9 -10 -11 -12 -13 -14
leaf_value=-0.04672034265652792 -0.0012818416109381262 -0.01460103456950624 0.023289755971282671 0.019126456129192514 0.076805535382114792 -0.014349633397980972 -0.010053988802007981 0.014937134999918431 0.019754513095003028 0.011226895074616505 -0.032285564342983374 -0.0012642063284045682 -0.013755076437693713
leaf_weight=4.7961995005607596 880.07283862866461 38.28997946716845 65.576030015945435 23.589702099561691 0.88917853310704487 21.401737898588181 74.599104505032301 132.57505675405264 32.452166363596916 39.905347755178809 28.641607657074928 18.93308212608099 2.9560777992010117
leaf_count=24 2807 150 153 55 7 117 260 307 66 124 153 61 14
internal_value=0.000848854 0.00733541 0.00953235 -0.00174348 2.29032e-05 0.00111218 -0.00804263 0.0108665 -0.000533725 -0.0026375 -0.0290008 0.0177888 -0.0341501
internal_weight=1364.68 154.141 146.389 61.8797 1210.54 1066.5 144.035 153.977 912.525 114.504 29.5308 84.5091 7.75228
internal_count=4298 457 419 205 3841 3297 544 424 2873 384 160 214 38
is_linear=0
shrinkage=0.03


Tree=126
num_leaves=13
num_cat=0
split_feature=9 15 9 13 17 17 18 4 4 7 14 6
split_gain=8.09003 11.0878 10.5342 11.7028 9.45108 12.8892 13.9234 10.0871 4.80001 5.61908 2.17187 0.479406
threshold=0.38565878798763936 0.0040465244646387876 0.27219223126924358 0.035721213069745898 0.015340352590408867 0.013318610928086486 0.019674840638912183 202.50000000000003 177.50000000000003 242570327.12000003 0.93159162846706012 15977.500000000002
decision_type=2 2 2 2 2 2 2 2 2 2 2 2
left_child=1 2 -1 -4 5 7 -7 -2 -6 -10 11 -3
right_child=4 10 3 -5 8 6 -8 -9 9 -11 -12 -13
leaf_value=0.026617668235604137 -0.0015065380619202415 -0.041074935800871688 -0.038712862419644639 0.013646869756552609 0.030141320855285744 -0.059631689207383917 1.2763296669023713e-05 0.0038030433676258745 -0.013087807401360512 0.026214990604599621 -0.019915502300411208 -0.057504987136748918
leaf_weight=7.4843090772628811 648.5763254519552 2.7342667430639249 9.101426497101782 6.6480420827865592 14.827510416507723 6.568185165524481 7.5962983369827271 639.58539514616132 7.0181195586919767 6.1364316046237946 3.009911060333252 3.8473044037818909
leaf_count=29 2144 16 44 15 28 27 20 1910 20 12 17 16
internal_value=0.000824373 -0.0138886 -0.00268585 -0.0166112 0.00118741 0.000816762 -0.0276449 0.00112972 0.0184381 0.00524645 -0.0410252 -0.0506792
internal_weight=1363.13 32.8253 23.2338 15.7495 1330.31 1302.33 14.1645 1288.16 27.9821 13.1546 9.59148 6.58157
internal_count=4298 137 88 59 4161 4101 47 4054 60 32 49 32
is_linear=0
shrinkage=0.03


Tree=127
num_leaves=15
num_cat=0
split_feature=9 13 25 4 18 13 1 4 10 23 15 9 3 23
split_gain=7.8934 14.5664 12.2828 15.5124 10.0343 11.5357 9.91182 21.8518 18.8184 13.4149 12.6845 11.7954 8.33849 7.19529
threshold=4.5678097755076656 0.037868187601409441 -6.9697617648738545e-05 7.5000000000000009 0.0081852517067233736 0.042620137299771162 0.029596736836521004 157.50000000000003 -0.0039562899566290529 2.0235428745726511 0.0027843180152691705 1.6412033361338876 0.067648581288342849 5.5252051157738391
decision_type=2 2 2 2 2 2 2 2 2 2 2 2 2 2
left_child=6 2 -2 -4 13 -6 7 9 11 -1 -10 -8 -9 -3
right_child=1 4 3 -5 5 -7 8 12 10 -11 -12 -13 -14 -15
leaf_value=-0.010572233110770626 -0.030023228286535791 -0.04981609277156656 0.017791025572485405 -0.015490375052223483 0.027796073393696021 0.00058889445957595787 0.0025078579063176221 -0.0055769523166272353 0.015066784353207019 0.010657440905404304 0.0040463436248344246 -0.011339223381207445 0.0066890456995092017 0.0049943756418240068
leaf_weight=215.35403234697878 28.007398322224617 5.0400102809071523 17.558721423149109 44.669828712940216 18.802090764045715 55.208368197083473 155.72511845082045 63.09309989400208 150.50287298485637 30.593700114637613 250.36501611024141 85.908936001360416 238.17300084978342 3.766469769179821
leaf_count=846 139 24 55 207 39 149 402 234 390 105 668 287 741 12
internal_value=0.000799879 -0.00518664 -0.013525 -0.00609953 0.00389864 0.00750078 0.00167066 -0.00129646 0.00419774 -0.00793145 0.00818389 -0.00241524 0.00412022 -0.026374
internal_weight=1362.77 173.053 90.2359 62.2286 82.8169 74.0105 1189.72 547.214 642.502 245.948 400.868 241.634 301.266 8.80648
internal_count=4298 625 401 262 224 188 3673 1926 1747 951 1058 689 975 36
is_linear=0
shrinkage=0.03


Tree=128
num_leaves=11
num_cat=0
split_feature=26 26 26 25 7 15 9 4 24 10
split_gain=7.92363 11.7061 10.7757 18.5426 10.7753 10.131 6.29905 3.98707 2.7918 2.16642
threshold=-0.0085197464817939571 -0.0071808282944440744 -0.0060459733181610692 0.00060394083698791785 31734475.906000007 0.0074502748691511857 1.8777933527918103 142.50000000000003 0.38476372524747832 -0.03748001483660459
decision_type=2 2 2 2 2 2 2 2 2 2
left_child=6 5 4 -4 -3 8 7 9 -2 -1
right_child=1 2 3 -5 -6 -7 -8 -9 -10 -11
leaf_value=0.015455744145948271 -0.0072390831748072653 -0.014336643890127645 0.0011055189501084821 -0.016837652244658115 0.033348087638663176 0.018888730896675268 -0.0067032559749111344 0.0036683013220831662 -0.047014081372572326 0.038045436982196632
leaf_weight=5.6472299247980144 1.918116983026265 5.7113888934254673 1237.4254969954491 54.100313398987055 16.840315200388432 3.4140745773911467 8.6219107955694181 6.8042576536536208 9.2339079640805704 11.814573131501676
leaf_count=12 9 21 3892 201 31 9 28 20 54 21
internal_value=0.00077648 0.000416412 0.000712884 0.000353903 0.0212716 -0.0263297 0.0153229 0.0231489 -0.0401729 0.0307398
internal_weight=1361.53 1328.64 1314.08 1291.53 22.5517 14.5661 32.888 24.2661 11.152 17.4618
internal_count=4298 4217 4145 4093 52 72 81 53 63 33
is_linear=0
shrinkage=0.03


Tree=129
num_leaves=15
num_cat=0
split_feature=26 26 24 26 24 29 6 5 26 25 11 22 18 20
split_gain=7.87722 34.8037 21.572 20.1626 19 17.3536 17.2424 14.4949 13.9676 13.4288 8.01756 7.15248 6.6766 4.9213
threshold=0.00035155137829433056 -0.00023003666816976174 0.56050796396008662 0.00040986180287048431 0.82676130957712612 0.054853966217673765 680034.00000000012 -0.014772258603472947 0.00043420197368953666 -2.7195643526946862e-05 0.018083178793936356 173286914.27600005 0.0047081323006857674 -0.024810163290418016
decision_type=2 2 2 2 2 2 2 2 2 2 2 2 2 2
left_child=1 4 5 10 7 -3 -6 -1 12 -10 13 -4 -5 -2
right_child=3 2 11 8 6 -7 -8 -9 9 -11 -12 -13 -14 -15
leaf_value=-0.022505799770673157 0.0187915591742953 -0.028403155132705336 -0.027688100125830856 -0.0013788679793328234 -0.0054538008251378738 0.019133891784075093 -0.038105485683397014 0.004501968440681652 -0.0023273200798709648 0.0056228765832964864 0.0061457206582938824 -0.060495190949385852 -0.061023783834526162 0.050051543274526607
leaf_weight=18.75647834315896 7.2681297510862377 15.623840395361187 10.704867567867042 2.6409877836704245 74.98009717464447 12.394186571240423 18.06185232847929 384.7396107967943 344.13987698033452 430.31311024911702 10.944141939282416 13.552976280450819 4.6862253844738007 12.042629327625038
leaf_count=73 15 77 57 15 266 25 65 1167 1083 1326 27 59 21 22
internal_value=0.00075359 -0.00202278 -0.0253062 0.00263 0.000428515 -0.00737444 -0.0117923 0.00324651 0.00170004 0.00209009 0.0266599 -0.0460176 -0.0395256 0.038286
internal_weight=1360.85 548.814 52.2759 812.035 496.538 28.018 93.0419 403.496 781.78 774.453 30.2549 24.2578 7.32721 19.3108
internal_count=4298 1789 218 2509 1571 102 331 1240 2445 2409 64 116 36 37
is_linear=0
shrinkage=0.03


Tree=130
num_leaves=14
num_cat=0
split_feature=25 28 17 18 28 28 28 11 29 29 19 24 4
split_gain=7.90387 14.8391 14.2726 16.1972 11.2489 17.7838 17.1681 16.6913 16.5314 14.5059 9.25443 9.04907 2.16838
threshold=-0.0003944043076717358 -0.0022177478028270092 1.0000000180025095e-35 0.0053797521722302828 0.0024568429999544191 0.0017403464742138232 0.0044990223196158131 0.012586799952722374 0.032398442985910422 0.096938677093608802 1.0000000180025095e-35 0.69248925455123345 177.50000000000003
decision_type=2 2 2 2 2 2 2 2 2 2 2 2 2
left_child=1 12 3 -3 5 9 7 -6 -7 -2 -4 -8 -1
right_child=4 2 10 -5 6 8 11 -9 -10 -11 -12 -13 -14
leaf_value=-0.012617722144671344 -0.0013358201650147288 -0.034440508782390467 0.022704795071268095 0.0055440526991965841 -0.029414255655480472 -0.014095127309387025 -0.016309991630637358 -0.0051318595332378149 0.014392034056547728 0.019186120632958579 -0.0011365868553964396 0.023937509866071838 -0.04571240648249824
leaf_weight=2.8182826638221732 878.06837966106832 11.126257570460437 65.068801432847977 50.514535941183567 37.489732356742024 21.29165144264698 6.7262812666595009 79.510486770421267 131.97497858852148 32.1335409283638 18.911947306245565 19.909282196313143 4.8449477329850197
leaf_count=13 2807 67 153 138 217 117 28 254 307 66 61 45 25
internal_value=0.000731163 0.00714817 0.00928942 -0.00167322 -8.37043e-05 0.000980618 -0.00796387 -0.0129125 0.0104346 -0.000611319 0.0173359 0.0137738 -0.0335413
internal_weight=1360.39 153.285 145.622 61.6408 1207.1 1063.47 143.636 117 153.267 910.202 83.9807 26.6356 7.66323
internal_count=4298 457 419 205 3841 3297 544 471 424 2873 214 73 38
is_linear=0
shrinkage=0.03


Tree=131
num_leaves=12
num_cat=0
split_feature=9 1 21 20 14 25 11 12 25 28 28
split_gain=7.59739 10.7173 9.99367 8.98359 9.34766 16.708 11.8236 7.25494 6.62569 13.1555 4.19593
threshold=0.38565878798763936 0.040061187885377846 1640440.0000000002 0.034713414527126181 0.90376848874597981 -0.00040950722489395099 0.010150394068875414 -0.011352263824566599 0.0001129974252780517 0.0013380698201146714 0.0024183088892161127
decision_type=2 2 2 2 2 2 2 2 2 2 2
left_child=1 2 7 4 6 -6 -2 -1 10 -10 -5
right_child=3 -3 -4 8 5 -7 -8 -9 9 -11 -12
leaf_value=0.0071471672689053366 -0.0023610604966464665 0.031391432691952346 -0.057799927779428509 0.028480569049834731 0.016634829638690479 -0.011902356898880166 0.0038803055093268863 -0.026603949472624178 -0.03414187564731451 0.024181969767329971 0.0029671571784489663
leaf_weight=10.227135360240938 445.9424396995455 4.1587553322315207 5.1921531930565825 23.025664851069454 22.276818960905075 107.90665863454342 705.07285238243639 13.040777187794449 6.4857617616653425 7.5119361132383347 7.7554139345884314
leaf_count=31 1607 8 22 45 59 387 2003 76 24 16 20
internal_value=0.000710177 -0.0135933 -0.0201668 0.00106204 0.000600397 -0.00701911 0.00146219 -0.011769 0.0142704 -0.00284209 0.0220524
internal_weight=1358.6 32.6188 28.4601 1325.98 1281.2 130.183 1151.02 23.2679 44.7788 13.9977 30.7811
internal_count=4298 137 129 4161 4056 446 3610 107 105 40 65
is_linear=0
shrinkage=0.03


Tree=132
num_leaves=12
num_cat=0
split_feature=29 29 9 18 22 28 18 11 18 21 9
split_gain=7.86583 8.1144 13.8236 12.7268 10.7294 10.1387 10.0053 8.20189 0.00910255 0.000878381 9.50929e-05
threshold=0.019023997455488426 0.020007434860058581 4.7036814134785638 0.019674840638912183 39212954.939000003 0.0013598878165821096 0.0071234672441806415 0.026929498793223167 0.0040968192005278918 453366.00000000006 1.5997676053208842
decision_type=2 2 2 2 2 2 2 2 2 2 2
left_child=8 5 4 -4 -3 6 -2 -7 9 10 -1
right_child=1 2 3 -5 -6 7 -8 -9 -10 -11 -12
leaf_value=-0.032030750801213301 -0.029329131417609049 -0.012003404629886664 -0.012095791786679926 0.016047991898564519 0.002074627216576001 0.043389275719575508 0.013284401843565717 0.0059271712306535832 -0.034647505388328392 -0.03281463951711934 -0.031589811252813751
leaf_weight=1.1286693438887589 7.3627628311514881 50.936694711446762 118.73615594953299 16.466330856084824 1121.006217174232 12.866666655987503 15.187928065657614 8.8968034088611585 2.6201927587389946 1.625280102714896 0.72161113284528244
leaf_count=20 49 319 474 36 3242 29 38 26 26 23 16
internal_value=0.000689521 0.000842887 0.000414873 -0.00866816 0.00146275 0.0134681 -0.000628845 0.0280749 -0.0333123 -0.0323058 -0.0318588
internal_weight=1357.56 1351.46 1307.15 135.202 1171.94 44.3142 22.5507 21.7635 6.09575 3.47556 1.85028
internal_count=4298 4213 4071 510 3561 142 87 55 85 59 36
is_linear=0
shrinkage=0.03


Tree=133
num_leaves=12
num_cat=0
split_feature=29 24 9 9 20 14 25 7 18 21 9
split_gain=7.5997 7.65687 9.64292 9.97691 9.25429 8.28222 5.14503 0.221634 0.00826359 0.000799405 8.65008e-05
threshold=0.019023997455488426 0.89896698402605602 0.34909495943323537 0.65959455375805998 0.034713414527126181 0.94001427891480172 0.0001129974252780517 1019230.4320000003 0.0040968192005278918 453366.00000000006 1.5997676053208842
decision_type=2 2 2 2 2 2 2 2 2 2 2
left_child=8 4 7 -4 5 -2 -6 -3 9 10 -1
right_child=1 2 3 -5 6 -7 -8 -9 -10 -11 -12
leaf_value=-0.031967126151821068 0.0018746275096053647 -0.036373076570973099 0.010641967073503964 -0.007125848547879495 0.025654007242755825 -0.0095466860457086092 0.00048917615608216544 -0.049494147329633094 -0.034494438521072653 -0.032725423548312912 -0.031540585728999523
leaf_weight=1.0974592268466943 1070.5201742947102 1.7422560416162003 35.31532884016633 146.15373551473022 22.185612335801125 60.364338267594576 10.906887650489805 3.4586618840694427 2.5538669843226671 1.5814807545393703 0.70136073045432556
leaf_count=20 3286 15 97 506 45 218 30 16 26 23 16
internal_value=0.000669168 0.000818003 -0.00482241 -0.00366809 0.00172257 0.00126498 0.01736 -0.0450987 -0.0332065 -0.0322334 -0.0318008
internal_weight=1356.58 1350.65 186.67 181.469 1163.98 1130.88 33.0925 5.20092 5.93417 3.3803 1.79882
internal_count=4298 4213 634 603 3579 3504 75 31 85 59 36
is_linear=0
shrinkage=0.03


Tree=134
num_leaves=11
num_cat=0
split_feature=26 26 26 25 14 7 25 14 24 8
split_gain=7.67506 11.05 10.296 17.4535 10.1782 8.94917 6.11233 5.55693 2.55152 2.32684
threshold=-0.0085197464817939571 -0.0071808282944440744 -0.0060459733181610692 0.00060394083698791785 0.73299439115048115 48390692.443500012 0.00020685594365150631 0.046167479467604945 0.43945704724407014 0.002453795745957236
decision_type=2 2 2 2 2 2 2 2 2 2
left_child=6 4 5 -4 8 -3 7 -1 -2 -8
right_child=1 2 3 -5 -6 -7 9 -9 -10 -11
leaf_value=-0.015941375008308587 -0.012647749487104461 -0.0054785550527165962 0.00096195717462671472 -0.016482104634612683 0.016920182731233115 0.03453865799507707 0.01440046326799934 0.019145273993706066 -0.048430760683259494 0.037330906921252988
leaf_weight=7.9623042494058636 2.2820815518498412 7.6616893708705929 1232.7097140401602 53.877532739192247 3.7108301389962426 14.64038724452257 6.765446528792384 8.2945075035095197 8.3759537227451784 9.6831067651510221
leaf_count=24 10 25 3892 201 15 27 18 20 47 19
internal_value=0.000649375 0.000294541 0.000581778 0.000231464 -0.0258705 0.0207911 0.015006 0.00196044 -0.040769 0.0278994
internal_weight=1355.96 1323.26 1308.89 1286.59 14.3689 22.3021 32.7054 16.2568 10.658 16.4486
internal_count=4298 4217 4145 4093 72 52 81 44 57 37
is_linear=0
shrinkage=0.03


Tree=135
num_leaves=15
num_cat=0
split_feature=26 26 23 17 14 26 26 26 24 26 15 4 4 17
split_gain=7.35158 16.9316 11.9304 11.6578 11.9632 11.8918 11.2715 33.6003 19.192 17.0734 14.6851 14.272 8.53137 4.19451
threshold=0.0062284412540981543 0.0071485465325628631 2.0869695133577322 0.0033923768450061713 0.72835453892340418 0.0077769656220128278 0.00035155137829433056 -0.00083184596827047162 0.74594249183056871 0.00040986180287048431 0.016934227346890839 282.50000000000006 37.500000000000007 -0.0074277805404969104
decision_type=2 2 2 2 2 2 2 2 2 2 2 2 2 2
left_child=6 2 13 4 -3 -5 7 8 -1 12 -9 -11 -8 -2
right_child=1 3 -4 5 -6 -7 9 10 -10 11 -12 -13 -14 -15
leaf_value=0.0062512148115774022 0.0074595770071844997 0.00059610957330841967 0.0070633887356739561 0.026536288011101139 -0.036241219841476227 -0.015178844914088141 0.046283500980971296 -0.0131582298785367 -0.0080236801485277735 -0.0011020833622140693 -0.063881768928215329 0.0075766854303881224 0.0133436377058622 -0.048919629145646105
leaf_weight=295.50476720556617 1.2935568988323236 23.718085523694754 5.4812703952193251 20.252600111067299 11.923018919304011 8.8328109532594663 11.366850048303606 126.8881870098412 118.85977552272379 389.03480031527579 5.3536141440272322 303.63055532425642 18.748409856110811 14.505178729072211
leaf_count=880 3 75 16 44 52 29 17 476 409 1283 24 864 47 79
internal_value=0.000630187 -0.00785791 -0.0310725 -0.000225707 -0.0117271 0.013868 0.00120529 -0.00204544 0.00215649 0.00366368 -0.0152117 0.00270226 0.0257766 -0.0443035
internal_weight=1355.39 86.0065 21.28 64.7265 35.6411 29.0854 1269.39 546.606 414.365 722.781 132.242 692.665 30.1153 15.7987
internal_count=4298 298 98 200 127 73 4000 1789 1289 2211 500 2147 64 82
is_linear=0
shrinkage=0.03


Tree=136
num_leaves=11
num_cat=0
split_feature=26 28 28 25 26 26 1 22 12 14
split_gain=7.20921 10.6337 72.8638 27.0838 10.3304 16.246 9.77818 7.2761 5.92936 9.49579
threshold=-0.0085197464817939571 2.0769923405786677e-05 -0.00023120864014732027 0.00011771404345774827 0.0062284412540981543 0.0066275573047466447 0.063413856226590709 214044707.83600006 -0.012910346720755443 0.046167479467604945
decision_type=2 2 2 2 2 2 2 2 2 2
left_child=8 2 3 -2 6 -6 -3 -4 9 -1
right_child=1 4 7 -5 5 -7 -8 -9 -10 -11
leaf_value=-0.0012247996407880103 0.0064833595918827947 0.0044892571429330629 -0.029649095822689035 -0.0088505635391326158 -0.03739870283943654 -0.0019156975492987036 -0.0063886892021153031 -0.057325184446887847 -0.012036156118445695 0.035412971951652529
leaf_weight=10.640633746981623 245.10012266039848 693.34293735027313 15.216900266706942 179.65601943060756 13.855065308511255 71.767881730571389 83.307505402714014 19.511486150324345 6.1336487457156172 15.850993543863295
leaf_count=28 717 2142 84 650 66 232 237 89 24 29
internal_value=0.000611749 0.000267878 -0.00341829 -2.31847e-06 0.00223215 -0.00765738 0.00332243 -0.0451984 0.0145431 0.020697
internal_weight=1354.38 1321.76 459.485 424.756 862.273 85.6229 776.65 34.7284 32.6253 26.4916
internal_count=4298 4217 1540 1367 2677 298 2379 173 81 57
is_linear=0
shrinkage=0.03


Tree=137
num_leaves=15
num_cat=0
split_feature=13 13 14 23 21 10 14 18 25 10 28 20 10 25
split_gain=7.13744 10.678 12.1417 10.712 16.6289 14.0301 7.85973 21.3603 16.0753 13.6447 14.4851 11.5507 11.1244 5.77362
threshold=0.016604121229870841 0.01490566065056583 0.91031193230267282 0.85395758559461676 1057050.5000000002 0.0021939905857360381 0.87441298135528833 0.0072915915791607376 -0.00040950722489395099 -0.0021264828201757488 0.002545563775935975 0.024039332119367963 0.00029348596225147399 0.00020685594365150631
decision_type=2 2 2 2 2 2 2 2 2 2 2 2 2 2
left_child=1 3 13 4 -1 -5 9 11 -9 10 -2 -8 -11 -3
right_child=6 2 -4 5 -6 -7 7 8 -10 12 -12 -13 -14 -15
leaf_value=0.024898227911488203 -3.0897022620809976e-05 -0.038629241950590247 0.032531502085696891 0.0017390895553589482 -0.030172590602333207 -0.032715333772711998 -0.030192198050467644 0.026346379789201593 -0.0028819447629466525 0.018677487350482254 -0.022064400128769548 0.015057032111349266 0.0041654031973176612 -0.0089510472199783933
leaf_weight=23.315244685858492 483.59214914217591 17.763176806271083 3.2645599655807009 31.989970948547125 6.2595860976725808 15.935537863522766 34.867621839046478 19.396532833576202 133.46671291440725 52.673090986907482 28.43202868103981 5.942572370171546 487.82164162583649 8.8331950493156892
leaf_count=105 1423 112 12 201 32 122 174 42 379 131 112 21 1386 46
internal_value=0.00059364 -0.0068284 -0.0220704 -0.000955643 0.0132424 -0.00971723 0.00123306 -0.00432103 0.000826783 0.00225506 -0.00125439 -0.0236032 0.00557966 -0.0287725
internal_weight=1353.55 107.361 29.8609 77.5003 29.5748 47.9255 1246.19 193.673 152.863 1052.52 512.024 40.8102 540.495 26.5964
internal_count=4298 630 170 460 137 323 3668 616 421 3052 1535 195 1517 158
is_linear=0
shrinkage=0.03


Tree=138
num_leaves=10
num_cat=0
split_feature=17 17 9 7 4 1 4 7 8
split_gain=7.08851 12.9229 8.34405 12.8034 8.37739 7.91311 6.38619 7.12186 5.62508
threshold=0.015340352590408867 0.012749409156785118 5.4609530156335397 23221191.387500003 222.50000000000003 0.034635933835636921 177.50000000000003 242570327.12000003 -0.0062991080941386885
decision_type=2 2 2 2 2 2 2 2 2
left_child=1 2 4 -4 -1 -3 -2 -8 -7
right_child=6 5 3 -5 -6 8 7 -9 -10
leaf_value=-0.0010442038720169364 0.029347213363918396 -0.05238715716010537 -0.020773090226080624 -0.00051343342001253461 0.0040379685097892562 -0.031414836679518901 -0.017664882020658655 0.025553107428057286 0.0073082778833358881
leaf_weight=597.28679551370442 14.485761910676958 6.0678846389055279 39.601204127073288 96.447542831301689 570.9563172776252 6.4537613093853006 7.9745124578475934 6.0239838659763336 7.0801076889038059
leaf_count=1963 28 24 205 302 1700 22 24 12 18
internal_value=0.000575989 0.000257404 0.000620763 -0.00641063 0.00143961 -0.0239203 0.0153832 0.000933149 -0.0111572
internal_weight=1352.38 1323.89 1304.29 136.049 1168.24 19.6018 28.4843 13.9985 13.5339
internal_count=4298 4234 4170 507 3663 64 64 36 40
is_linear=0
shrinkage=0.03


Tree=139
num_leaves=11
num_cat=0
split_feature=29 29 29 18 13 11 28 28 18 18
split_gain=6.95294 9.92198 12.5766 13.4751 9.36227 8.59516 9.38431 5.3723 0.0277538 0.00900387
threshold=0.019982888506241938 0.020007434860058581 0.028908263013382379 0.015832308420129605 0.012909101260564189 0.032085578665580004 0.0013598878165821096 0.0032816427408873692 0.0071234672441806415 0.0040968192005278918
decision_type=2 2 2 2 2 2 2 2 2 2
left_child=7 5 3 -3 -4 6 -2 8 9 -1
right_child=1 2 4 -5 -6 -7 -8 -9 -10 -11
leaf_value=-0.032304936090539693 0.0069763331540005332 -0.012497392732045162 0.021136212309381269 0.044725256457610586 0.00076585262893492858 -0.01542233528925754 0.038749496535426101 0.033266384989585208 -0.038113736004899659 -0.034509247867993025
leaf_weight=4.2686541937291604 18.209937810897827 91.767102643847466 20.659925378859043 3.85948522388935 1185.6576308384538 6.7911791428923598 15.476359143853186 1.2334645800292481 1.1943828612565992 2.7370869517326355
leaf_count=73 54 553 82 8 3428 25 31 7 9 28
internal_value=0.000558965 0.000739322 0.000284558 -0.0101879 0.00111472 0.0153667 0.0215737 -0.0251063 -0.0338868 -0.0331661
internal_weight=1351.86 1342.42 1301.94 95.6266 1206.32 40.4775 33.6863 9.43359 8.20012 7.00574
internal_count=4298 4181 4071 561 3510 110 85 117 110 101
is_linear=0
shrinkage=0.03


Tree=140
num_leaves=13
num_cat=0
split_feature=9 15 9 13 20 4 1 20 26 18 22 18
split_gain=7.0542 10.0175 9.7566 10.7058 8.11485 8.1834 19.2404 17.2757 6.33482 4.88577 2.98479 0.221553
threshold=0.38565878798763936 0.0040465244646387876 0.27219223126924358 0.035721213069745898 0.034713414527126181 202.50000000000003 0.029596736836521004 -0.097139390641697673 0.00051541919649510852 0.010257895411347204 50367948.119500004 0.0091526835763787329
decision_type=2 2 2 2 2 2 2 2 2 2 2 2
left_child=1 2 -1 -4 5 6 -2 -7 -6 -10 -3 -12
right_child=4 10 3 -5 8 7 -8 -9 9 -11 11 -13
leaf_value=0.025532393234733962 -0.0080316618148129765 -0.012070979827079369 -0.037752896318476573 0.012842992955708387 -0.013286939923846983 -0.055021255076310331 0.0025609019311519099 0.003235836272453765 0.036549843098996435 0.011886398793181031 -0.044585640350611556 -0.055446892033242427
leaf_weight=7.458344507962468 270.48443879559636 2.5837029516696912 8.8639191649854165 6.5415801107883444 6.6972558423876754 4.6142010837793341 359.38953602686524 640.60794173739851 9.828886464238165 27.326768979430199 3.4039955213665962 3.3574813604354858
leaf_count=29 1060 16 44 15 22 20 1050 1926 17 66 18 15
internal_value=0.00054228 -0.013329 -0.00263279 -0.0162686 0.00088102 0.000444629 -0.00198782 0.00281922 0.0135698 0.0184107 -0.0394983 -0.0499789
internal_weight=1351.16 32.209 22.8638 15.4055 1318.95 1275.1 629.874 645.222 43.8529 37.1557 9.34518 6.76148
internal_count=4298 137 88 59 4161 4056 2110 1946 105 83 49 33
is_linear=0
shrinkage=0.03


Tree=141
num_leaves=13
num_cat=0
split_feature=6 3 8 17 28 24 9 15 20 17 14 18
split_gain=6.86898 9.39459 13.2248 7.83331 7.1087 8.56958 11.4114 8.85669 5.30022 3.68028 1.64207 0.527004
threshold=5520.5000000000009 0.013563188084995074 -0.0048051771703960548 0.003456568628359418 0.0054961807543722875 0.89896698402605602 1.7026736154038826 0.021196550314143608 -0.013437839750924567 0.0063912348792814436 0.84107214288310972 0.0086239003540577331
decision_type=2 2 2 2 2 2 2 2 2 2 2 2
left_child=1 10 8 -4 5 7 -7 -2 -3 -6 11 -1
right_child=4 2 3 -5 9 6 -8 -9 -10 -11 -12 -13
leaf_value=-0.037927922469829983 0.0012424604756738897 0.0019753137412631301 -0.0057052852194847143 -0.041462555474772012 0.0046804631670738679 -0.00075322913349464742 -0.018356642338821175 0.018500251889718679 0.044937383348499338 0.034409673934381969 -0.012763476446010082 -0.056308474501118817
leaf_weight=6.236744621768592 1088.0960958264768 4.698706217110157 27.033740166574717 6.9267012923955908 6.6833100169897071 118.86145327240229 45.957044906914234 27.438422739505768 5.7436036020517331 8.5317622274160367 2.189478311687707 1.8117359355092046
leaf_count=48 3344 18 160 44 21 353 196 60 15 15 15 9
internal_value=0.000526352 -0.00989296 -0.0039198 -0.0129985 0.000965787 0.00072354 -0.00566166 0.00166694 0.0256058 0.0213509 -0.035799 -0.0420654
internal_weight=1350.21 54.6407 44.4028 33.9604 1295.57 1280.35 164.818 1115.53 10.4423 15.2151 10.238 8.04848
internal_count=4298 309 237 204 3989 3953 549 3404 33 36 72 57
is_linear=0
shrinkage=0.03


Tree=142
num_leaves=11
num_cat=0
split_feature=26 26 26 25 14 7 9 8 11 24
split_gain=6.89396 10.2461 10.0702 16.3878 9.8711 9.71364 5.95879 5.20615 3.68656 2.48898
threshold=-0.0085197464817939571 -0.0071808282944440744 -0.0060459733181610692 0.00060394083698791785 0.73299439115048115 31734475.906000007 1.8777933527918103 0.0066387132261614525 0.010747141852991136 0.43945704724407014
decision_type=2 2 2 2 2 2 2 2 2 2
left_child=6 4 5 -4 9 -3 7 8 -1 -2
right_child=1 2 3 -5 -6 -7 -8 -9 -10 -11
leaf_value=0.0229462517877339 -0.012255186559088175 -0.013295916300155851 0.00081317630664795235 -0.016128814524462402 0.017074036295583489 0.032235699202340554 -0.0072908300470188236 0.035904405558170108 -0.010575824162930774 -0.047759859507475445
leaf_weight=6.566926449537279 2.2684942260384551 5.6753725707531002 1227.125750111416 53.630647327750921 3.6760471053421488 16.410001531243324 8.5619310811161977 11.922886878252028 5.3645732030272484 8.2022370398044568
leaf_count=13 10 21 3892 201 15 31 28 21 19 47
internal_value=0.000510772 0.000174357 0.000450093 0.000103744 -0.0252194 0.0205352 0.0141784 0.0218843 0.00787425 -0.0400677
internal_weight=1349.4 1316.99 1302.84 1280.76 14.1468 22.0854 32.4163 23.8544 11.9315 10.4707
internal_count=4298 4217 4145 4093 72 52 81 53 32 57
is_linear=0
shrinkage=0.03


Tree=143
num_leaves=14
num_cat=0
split_feature=25 26 17 15 26 26 26 8 28 28 15 19 23
split_gain=6.84458 14.0409 13.2021 15.3374 10.1037 17.5657 21.2748 17.3194 13.2645 23.4034 9.46644 8.95465 2.16351
threshold=-0.0003944043076717358 -0.0048597033375673993 1.0000000180025095e-35 -0.0045327775264410149 -0.0052550231212431407 0.00035155137829433056 0.00092593768948510307 0.0044627742725247268 -0.0015577568297053268 -0.0031267417127471661 -0.00032493999218957914 1.0000000180025095e-35 1.3397876762571006
decision_type=2 2 2 2 2 2 2 2 2 2 2 2 2
left_child=1 12 3 -3 8 7 -7 -6 9 -2 -10 -4 -1
right_child=4 2 11 -5 5 6 -8 -9 10 -11 -12 -13 -14
leaf_value=-0.045839988754182485 0.009957671563722818 0.013331410903751891 0.021753658150693113 -0.016754401867728409 -0.0023368553424974654 0.012975793977448203 -0.00076248182998107027 -0.016823271218562738 0.007132663475184888 -0.030958601571095624 0.039757009671473317 -0.0019260048189441109 -0.012873181309203636
leaf_weight=4.6923916488885871 62.440165793523192 29.990334548056126 64.004211030900478 31.027481930330396 254.04514279961586 121.83092765882611 606.3615116160363 104.9662999920547 14.9534998498857 15.756257221102713 17.225794479250908 18.534962005913258 2.8982124775648117
leaf_count=24 178 79 153 126 843 330 1961 382 41 75 31 61 14
internal_value=0.000495747 0.00651142 0.00861396 -0.00196719 -0.000263497 -0.00114149 0.00153601 -0.00657233 0.00838474 0.00171321 0.0245967 0.0164362 -0.0332527
internal_weight=1348.73 151.148 143.557 61.0178 1197.58 1087.2 728.192 359.011 110.376 78.1964 32.1793 82.5392 7.5906
internal_count=4298 457 419 205 3841 3516 2291 1225 325 253 72 214 38
is_linear=0
shrinkage=0.03


Tree=144
num_leaves=15
num_cat=0
split_feature=28 28 25 25 12 26 26 24 1 13 28 23 29 13
split_gain=6.72528 72.2049 16.3583 32.8781 21.1022 9.89454 15.4025 11.7319 9.30483 10.5705 9.69822 7.46606 2.97842 2.85441
threshold=2.0769923405786677e-05 -0.00023120864014732027 0.00011771404345774827 0.00020685594365150631 -0.00024548241550473798 0.0062284412540981543 0.0066275573047466447 0.50234334168728279 0.063413856226590709 0.026836852221666381 0.0015721729036471644 0.51712736443874918 0.042720607977344137 0.030619861909075962
decision_type=2 2 2 2 2 2 2 2 2 2 2 2 2 2
left_child=1 2 4 -4 -1 8 12 -8 9 -2 -10 -3 -7 -13
right_child=5 11 3 -5 -6 6 7 -9 10 -11 -12 13 -14 -15
leaf_value=0.0076350226434209597 -0.00077033425610456585 -0.0035909086073429865 -0.033022877595322249 -0.00016336484442734515 -0.033282020889347078 -0.0075715209868370235 -0.028018832060420013 0.0036572732541118088 -0.018108368398544017 0.0070119453171685374 0.0025861011380467554 -0.040801065437915042 -0.04346771061502705 -0.05918635426022683
leaf_weight=248.07925103232265 241.60853621736169 3.6284837052226058 33.00532665476203 161.50401384755969 11.887459028512238 2.5578710660338393 12.829983249306677 58.529310643672943 35.827986836433411 448.99259144440293 47.272127218544483 16.843454167246822 11.142883978784083 13.849027670919893
leaf_count=707 994 13 150 537 54 18 54 178 111 1148 126 98 48 62
internal_value=0.000481399 -0.00232775 0.00084083 -0.00573913 0.00576402 0.00208033 -0.00763162 -0.00203791 0.00314806 0.0042893 -0.00633616 -0.0442859 -0.036766 -0.0490969
internal_weight=1347.56 488.797 454.476 194.509 259.967 858.761 85.06 71.3593 773.701 690.601 83.1001 34.321 13.7008 30.6925
internal_count=4298 1621 1448 687 761 2677 298 232 2379 2142 237 173 66 160
is_linear=0
shrinkage=0.03


Tree=145
num_leaves=11
num_cat=0
split_feature=29 29 29 18 8 13 28 18 21 18
split_gain=7.02478 7.33757 11.4968 12.7471 9.0469 8.72685 7.9144 0.00711038 0.000649824 6.10509e-05
threshold=0.019023997455488426 0.020007434860058581 0.028908263013382379 0.015832308420129605 0.020928426893294761 0.012909101260564189 0.0013598878165821096 0.0040968192005278918 453366.00000000006 0.0024460488899881593
decision_type=2 2 2 2 2 2 2 2 2 2
left_child=7 4 3 -3 6 -4 -2 8 9 -1
right_child=1 2 5 -5 -6 -7 -8 -9 -10 -11
leaf_value=-0.031864772000660971 -0.004569616592631367 -0.01213636819380012 0.020253763158366297 0.043542764253938229 0.054510947076249837 0.00065233402365572481 0.022230164424720072 -0.034259176959317891 -0.032560900180313511 -0.031503481351617332
leaf_weight=0.93651602417230539 20.755697179585695 90.804422371089458 20.802066002041101 3.8577871620655051 4.2044966220855704 1181.144642546773 18.992162898182869 2.4215284343808889 1.4871614575386045 0.76461752504110336
leaf_count=18 85 553 82 8 6 3428 51 26 23 18
internal_value=0.000467248 0.000607438 0.000198798 -0.00986727 0.0126624 0.000991576 0.00823575 -0.0330336 -0.0321028 -0.0317024
internal_weight=1346.17 1340.56 1296.61 94.6622 43.9524 1201.95 39.7479 5.60982 3.1883 1.70113
internal_count=4298 4213 4071 561 142 3510 136 85 59 36
is_linear=0
shrinkage=0.03


Tree=146
num_leaves=11
num_cat=0
split_feature=9 1 7 24 20 14 22 11 26 18
split_gain=6.6613 9.60917 9.45023 8.03731 7.51268 8.37612 15.4402 10.648 5.80928 4.73827
threshold=0.38565878798763936 0.040061187885377846 16610887.939500002 0.89896698402605602 0.034713414527126181 0.90376848874597981 2095418571.8655005 0.010150394068875414 0.00051541919649510852 0.010257895411347204
decision_type=2 2 2 2 2 2 2 2 2 2
left_child=1 2 3 -1 5 7 -7 -2 -6 -10
right_child=4 -3 -4 -5 8 6 -8 -9 9 -11
leaf_value=0.0002831262622746642 -0.002464297042227549 0.029784732949879551 -0.051937892932716646 -0.042513648609414763 -0.012632329770795852 -0.010587454527995485 0.022476259125153414 0.003483025091620733 0.035874945452235005 0.011334590244482747
leaf_weight=16.419510394334804 442.08251334354281 4.1025244146585456 6.2333001047372809 5.200214233249425 6.6867621243000022 114.04821261763573 14.305785648524759 699.85214710608125 9.6031401604413968 26.9626704454422
leaf_count=71 1607 8 25 33 22 414 32 2003 17 66
internal_value=0.000453298 -0.0130801 -0.0193938 -0.0100108 0.000782536 0.000363886 -0.00690231 0.00118061 0.0130779 0.0177795
internal_weight=1345.5 31.9555 27.853 21.6197 1313.54 1270.29 128.354 1141.93 43.2526 36.5658
internal_count=4298 137 129 104 4161 4056 446 3610 105 83
is_linear=0
shrinkage=0.03


Tree=147
num_leaves=12
num_cat=0
split_feature=29 29 22 22 11 25 0 22 28 23 23
split_gain=6.46276 8.88682 11.0383 11.6538 10.0741 8.803 8.34555 5.11131 5.0547 0.0234243 0.00709413
threshold=0.019982888506241938 0.020007434860058581 39212954.939000003 54036309.954500012 0.027490019759094635 0.00023942909229000692 0.00021486177251614199 153149607.59200004 0.0032816427408873692 4.2170713762179046 2.2475875632516993
decision_type=2 2 2 2 2 2 2 2 2 2 2
left_child=8 5 4 -4 -3 6 -2 -7 9 10 -1
right_child=1 2 3 -5 -6 7 -8 -9 -10 -11 -12
leaf_value=-0.032317352292224884 -0.023616331841776615 -0.018294959760923882 0.013252698969490412 8.9364775571103671e-05 0.017196672276722703 0.041774255689928777 0.021742374911290576 0.014279862158636249 0.031427941078910247 -0.03762730979190524 -0.034362233456627971
leaf_weight=4.2400759626179916 8.3798036500811559 47.212903462350368 63.816066678613424 1175.8633807711303 8.4924570247530919 10.107988744974138 6.4689072221517554 15.291164338588713 1.2409395314753053 1.1886472404003141 2.3861533664166927
leaf_count=75 34 341 228 3471 31 24 16 36 7 10 25
internal_value=0.000440036 0.00061129 0.000179946 0.000766985 -0.0128841 0.0144942 -0.00385561 0.0252217 -0.024818 -0.0337494 -0.0330537
internal_weight=1344.69 1335.63 1295.38 1239.68 55.7054 40.2479 14.8487 25.3992 9.05582 7.81488 6.62623
internal_count=4298 4181 4071 3699 372 110 50 60 117 110 100
is_linear=0
shrinkage=0.03


Tree=148
num_leaves=13
num_cat=0
split_feature=6 3 8 1 28 26 26 26 22 12 12 18
split_gain=6.5119 8.97903 12.2571 8.93855 6.8241 16.1176 11.214 8.97091 5.6715 4.83081 1.68405 0.492529
threshold=5520.5000000000009 0.013563188084995074 -0.0048051771703960548 0.021083619702176388 0.0054961807543722875 0.0062284412540981543 0.0034267186835907275 0.0066275573047466447 42153583.807000004 -0.0054413076927134008 -0.0019671761976726683 0.0093003216495098143
decision_type=2 2 2 2 2 2 2 2 2 2 2 2
left_child=1 10 8 -4 5 6 -2 -7 -3 -6 11 -1
right_child=4 2 3 -5 9 7 -8 -9 -10 -11 -12 -13
leaf_value=-0.037758161696585628 -0.000149978200599903 0.046471638173731164 -0.038324739300258967 -0.0034009982528499776 0.00655022230885425 -0.036015930425356037 0.0067784549741197542 -0.0083095910252181451 0.0022467069693007432 0.041008571549030495 -0.011975000980648619 -0.055497184294239596
leaf_weight=5.9858372118324041 938.71523228473961 5.2380444034934026 9.0184737890958768 24.553169172257185 8.7734130397438985 13.161141294986008 270.92909568920732 52.36534920334816 5.2012622356414795 6.2844711989164344 2.1533511355519277 1.8422347754240034
leaf_count=48 2931 14 73 131 24 61 783 178 19 12 15 9
internal_value=0.000426763 -0.00978044 -0.00395424 -0.0127827 0.000853906 0.000616818 0.00140181 -0.0138745 0.0244371 0.0209316 -0.0354698 -0.0419328
internal_weight=1344.22 53.9924 44.0109 33.5716 1290.23 1275.17 1209.64 65.5265 10.4393 15.0579 9.98142 7.82807
internal_count=4298 309 237 204 3989 3953 3714 239 33 36 72 57
is_linear=0
shrinkage=0.03


Tree=149
num_leaves=9
num_cat=0
split_feature=24 1 9 13 25 22 18 22
split_gain=6.51945 8.21283 6.72763 13.4825 7.53676 3.9894 3.05274 0.113385
threshold=0.22192402245977808 0.010081625177008639 4.5678097755076656 0.037868187601409441 -0.00010520802191165431 26453866.574000005 0.0042933489404218894 100374450.62000002
decision_type=2 2 2 2 2 2 2 2
left_child=6 5 4 -4 -3 -2 -1 -7
right_child=1 2 3 -5 -6 7 -8 -9
leaf_value=-0.0041664923160782772 0.0088246989667405944 0.0052730814414783398 -0.013141210928618894 0.0038963340963474886 -1.7221953638415302e-05 -0.03605339611686794 -0.050209593594394079 -0.044297101271549399
leaf_weight=2.1197510436177245 2.0649839676916582 344.60454958863556 86.223571615293622 81.139571569859982 816.88238153979182 4.8724639303982258 3.3349547795951366 2.1705132350325584
leaf_count=17 15 999 389 222 2582 42 17 15
internal_value=0.000414059 0.000547499 0.000742088 -0.00488121 0.00155237 -0.0278431 -0.0323168 -0.038594
internal_weight=1343.41 1337.96 1328.85 167.363 1161.49 9.10796 5.45471 7.04298
internal_count=4298 4264 4192 611 3581 72 34 57
is_linear=0
shrinkage=0.03


Tree=150
num_leaves=10
num_cat=0
split_feature=17 17 25 1 14 3 28 15 6
split_gain=6.40633 12.2125 12.1106 9.69013 8.00121 7.9349 7.404 6.78206 6.02574
threshold=0.015340352590408867 0.012749409156785118 0.00034777579305308954 0.036951256108009888 0.99112153424579208 0.67410498478687431 0.00056498159304120045 0.018898034512117291 369189.50000000006
decision_type=2 2 2 2 2 2 2 2 2
left_child=1 4 3 -3 6 8 -1 -6 -2
right_child=5 2 -4 -5 7 -7 -8 -9 -10
leaf_value=-0.0018351495980458773 -0.02406824280140258 -0.038605097031387856 -0.066915935575027383 0.010122883440765529 -0.044839730415585782 0.03247117481041864 0.0027447799849962852 0.0005884358336408521 0.014599931435852307
leaf_weight=578.22623547725379 5.747410953044894 6.3902369439601925 4.4551791697740546 8.6376767903566343 6.4530918132513744 12.433046489953993 705.02768051624298 5.460405770689249 9.8309114724397642
leaf_count=1905 19 24 19 21 40 23 2208 17 22
internal_value=0.000401746 9.92602e-05 -0.0234757 -0.0105974 0.000453897 0.0145982 0.000681092 -0.0240183 0.000333833
internal_weight=1342.66 1314.65 19.4831 15.0279 1295.17 28.0114 1283.25 11.9135 15.5783
internal_count=4298 4234 64 45 4170 64 4113 57 41
is_linear=0
shrinkage=0.03


Tree=151
num_leaves=11
num_cat=0
split_feature=26 26 14 26 25 7 25 14 24 18
split_gain=6.35205 9.06664 9.64528 9.18302 14.6296 9.15156 5.83271 5.04734 2.58766 2.33533
threshold=-0.0085197464817939571 -0.0071808282944440744 0.73299439115048115 -0.0060459733181610692 0.00060394083698791785 31734475.906000007 0.00020685594365150631 0.046167479467604945 0.43486376040071362 0.01159054742634784
decision_type=2 2 2 2 2 2 2 2 2 2
left_child=6 2 8 5 -5 -3 7 -1 -2 -8
right_child=1 3 -4 4 -6 -7 9 -9 -10 -11
leaf_value=-0.016338756820167215 -0.009127126104981436 -0.013096638109634014 0.017713925479576339 0.00066698868272064584 -0.015393252171386821 0.031273137751093402 0.013076580221134951 0.017436627411722298 -0.046686834670423283 0.036153162665844014
leaf_weight=7.8905203491449347 2.0715507417917243 5.6626478508114841 3.6595064718276253 1221.388387279585 53.273685451596975 16.019089259207249 6.8883838988840607 8.0389768630266172 8.1286337599158269 9.2424542307853681
leaf_count=24 9 21 15 3892 201 31 21 20 48 16
internal_value=0.000389857 6.70272e-05 -0.0240686 0.00032507 -4.2388e-06 0.019685 0.0135829 0.000706322 -0.0390589 0.0262987
internal_weight=1342.26 1310.2 13.8597 1296.34 1274.66 21.6817 32.0603 15.9295 10.2002 16.1308
internal_count=4298 4217 72 4145 4093 52 81 44 57 37
is_linear=0
shrinkage=0.03


Tree=152
num_leaves=15
num_cat=0
split_feature=13 0 0 13 21 14 25 6 14 1 4 25 25 29
split_gain=6.29723 10.4481 11.5017 12.9739 10.248 7.85457 14.1006 17.6091 10.1241 18.6815 10.595 7.33683 4.9709 0.109208
threshold=0.016604121229870841 -0.0012374221737234379 0.00014387966383373906 0.012909101260564189 163629.00000000003 0.87441298135528833 -0.00040950722489395099 356817.00000000006 0.4831153316182793 0.02063838347014427 197.50000000000003 -0.00045651181314955007 -0.00040950722489395099 0.036590279387962693
decision_type=2 2 2 2 2 2 2 2 2 2 2 2 2 2
left_child=1 12 4 -4 -3 8 11 -8 9 -2 -10 -7 -1 -14
right_child=5 2 3 -5 -6 6 7 -9 10 -11 -12 -13 13 -15
leaf_value=0.0016266730633508549 -0.02643559033388912 -0.036967822169440986 0.004710654473622517 -0.02604714987410843 0.014647622872035261 -0.0010633840963962535 -0.016627758436451631 0.0030084503393569407 0.00049560065366989437 0.00038694754186937777 0.009266994937430174 0.031766607886632131 -0.035417353440264164 -0.041504823374155356
leaf_weight=3.8564782850444344 24.461547628045082 3.8369827307760707 22.56693865545094 27.241679400205612 35.41982189193368 11.414558693766594 91.055325105786324 74.921172320842743 235.98446342535317 523.62465749308467 261.03180010989308 13.224177047610283 9.305043848231433 3.7096981555223456
leaf_count=18 110 43 132 168 156 37 354 198 721 1527 694 27 92 21
internal_value=0.000378373 -0.00664122 -0.00254074 -0.0121116 0.0096027 0.000980154 -0.0046203 -0.00776405 0.00200162 -0.000810165 0.00510232 0.0165572 -0.0282882 -0.0371525
internal_weight=1341.65 105.937 89.0654 49.8086 39.2568 1235.72 190.615 165.976 1045.1 548.086 497.016 24.6387 16.8712 13.0147
internal_count=4298 630 499 300 199 3668 616 552 3052 1637 1415 64 131 113
is_linear=0
shrinkage=0.03


Tree=153
num_leaves=11
num_cat=0
split_feature=29 29 9 18 11 21 4 18 9 18
split_gain=6.14075 8.55284 11.4038 11.5526 8.41932 7.92562 6.5266 3.85704 0.0225507 0.00839914
threshold=0.019982888506241938 0.020007434860058581 4.7036814134785638 0.019674840638912183 0.032085578665580004 369028.00000000006 232.50000000000003 0.0017260733469011871 14.708179193646879 0.0040968192005278918
decision_type=2 2 2 2 2 2 2 2 2 2
left_child=7 4 5 -4 6 -3 -2 -1 9 -9
right_child=1 2 3 -5 -6 -7 -8 8 -10 -11
leaf_value=0.018166967022157501 0.026598654601952515 -0.0041832313119403051 -0.011502284943005849 0.015453581608726053 -0.016699938191128205 0.0022381583261311508 -0.0074907920458379632 -0.032006070299794437 -0.037676169336619506 -0.034234017642851201
leaf_weight=1.5611463394016007 27.296590089797974 211.67592662200332 116.92678526043892 16.304568007588387 6.6364657357335082 946.50155451893806 6.2033280096948138 3.1170499101281166 1.1491756066679952 2.9776794407516718
leaf_count=14 63 882 474 36 25 2679 22 60 10 33
internal_value=0.000367134 0.000532258 0.000108385 -0.00820348 0.0141706 0.00106454 0.0202862 -0.0246038 -0.0338214 -0.0330946
internal_weight=1340.35 1331.55 1291.41 133.231 40.1364 1158.18 33.4999 8.80505 7.2439 6.09473
internal_count=4298 4181 4071 510 110 3561 85 117 103 93
is_linear=0
shrinkage=0.03


Tree=154
num_leaves=11
num_cat=0
split_feature=26 26 14 26 25 7 25 14 14 8
split_gain=6.07439 8.6151 9.20375 8.74398 13.8399 8.66203 5.55869 4.79947 2.52116 2.25667
threshold=-0.0085197464817939571 -0.0071808282944440744 0.73299439115048115 -0.0060459733181610692 0.00060394083698791785 31734475.906000007 0.00020685594365150631 0.046167479467604945 0.012642608785459234 0.002453795745957236
decision_type=2 2 2 2 2 2 2 2 2 2
left_child=6 2 8 5 -5 -3 7 -1 -2 -8
right_child=1 3 -4 4 -6 -7 9 -9 -10 -11
leaf_value=-0.015829716057826737 -0.007706604428249518 -0.012596716741380874 0.017172722359694231 0.00062397832117445711 -0.015022811677186037 0.0306919427410016 0.012421277039215872 0.017122509052208221 -0.045794647237936234 0.035285011644086935
leaf_weight=7.9134127348661423 1.9378642141818989 5.6478599831461933 3.6502022836357346 1219.29203748703 53.092690642923117 15.794029511511324 6.650355253368617 7.9990949779748917 8.1095199100673181 9.3443077728152257
leaf_count=24 7 21 15 3892 201 31 18 20 50 19
internal_value=0.000356278 4.06816e-05 -0.0236263 0.000291241 -2.8914e-05 0.0192896 0.0132891 0.000735114 -0.0384485 0.0257786
internal_weight=1339.43 1307.52 13.6976 1293.83 1272.38 21.4419 31.9072 15.9125 10.0474 15.9947
internal_count=4298 4217 72 4145 4093 52 81 44 57 37
is_linear=0
shrinkage=0.03


Tree=155
num_leaves=15
num_cat=0
split_feature=24 23 14 18 18 4 15 14 24 20 12 18 24 22
split_gain=6.09326 9.85668 11.3253 10.9137 19.256 9.99807 7.94607 10.3671 9.34207 7.86972 5.76114 8.09699 4.31078 3.82812
threshold=0.89896698402605602 0.71788329109938975 0.28724812669186911 0.010219304589666058 0.01415571160650742 302.50000000000006 0.021196550314143608 0.99112153424579208 0.88854168936215494 -0.01297092439238909 -0.0023295452159379361 0.026703098268847928 1.1290420547674305 91784051.516500011
decision_type=2 2 2 2 2 2 2 2 2 2 2 2 2 2
left_child=6 2 12 9 -5 -4 7 8 -1 -3 11 -8 -2 -9
right_child=1 3 5 4 -6 -7 10 13 -10 -11 -12 -13 -14 -15
leaf_value=0.00076757905465533462 -0.044205954803649819 -0.0081811565537843692 0.027686723545849893 0.014435667593560379 -0.013332763711850285 -0.012385802449670521 -0.0053884137359510283 -0.0046322751206690762 0.034087553155156325 -0.031220339209843538 0.039092689157395555 0.035643240776742781 0.000405123125515819 -0.051747754618516641
leaf_weight=1113.1375270523131 4.1173559986054888 28.3662622384727 22.069607730954889 37.921737745404243 55.178301826119423 7.5105338357388964 12.82149644196034 2.3457727115601292 7.6250258758664122 25.195212991908193 7.7357139587402335 6.5343327969312659 3.7024749517440796 4.5867861583828926
leaf_count=3540 19 135 50 98 165 27 36 15 16 136 15 11 13 22
internal_value=0.000345759 -0.00472356 0.00902406 -0.00822933 -0.00202206 0.0175121 0.00115376 0.000768042 0.000994269 -0.0190187 0.0172093 0.00846346 -0.0230838 -0.0358053
internal_weight=1338.85 184.061 37.4 146.662 93.1 29.5801 1154.79 1127.7 1120.76 53.5615 27.0915 19.3558 7.81983 6.93256
internal_count=4298 643 109 534 263 77 3655 3593 3556 271 62 47 32 37
is_linear=0
shrinkage=0.03


Tree=156
num_leaves=12
num_cat=0
split_feature=29 29 9 25 22 25 0 24 18 6 18
split_gain=6.33476 6.26191 10.7581 11.3659 8.60947 8.23402 9.3838 4.42339 0.00555662 0.000417367 8.3622e-05
threshold=0.019023997455488426 0.020007434860058581 4.7036814134785638 -6.0534707342586007e-05 39212954.939000003 0.00023942909229000692 0.00021486177251614199 0.67943850013676543 0.0040968192005278918 29268.500000000004 0.0024460488899881593
decision_type=2 2 2 2 2 2 2 2 2 2 2
left_child=8 5 4 -4 -3 6 -2 -7 9 10 -1
right_child=1 2 3 -5 -6 7 -8 -9 -10 -11 -12
leaf_value=-0.031798736064354224 -0.024832549871861006 -0.011248217795561869 -0.019877494124054859 -0.0015158734160218813 0.0015610937725468873 0.010696834793140228 0.019313248258984332 0.035435347776302112 -0.033927115372238206 -0.032315473746314147 -0.031353335045888192
leaf_weight=0.85012210905551844 9.3264316543936747 49.328057710081339 46.903928562998772 85.9175675958395 1107.4126751534641 13.858304921537639 8.0947834365069848 12.259750787168739 2.2322656083852053 1.4054782558232544 0.68509064428508282
leaf_count=17 46 319 194 316 3242 41 28 27 26 24 18
internal_value=0.000335574 0.000464147 8.63468e-05 -0.00800001 0.00101485 0.011654 -0.00432016 0.022309 -0.0327986 -0.0319419 -0.0316
internal_weight=1338.27 1333.1 1289.56 132.821 1156.74 43.5393 17.4212 26.1181 5.17296 2.94069 1.53521
internal_count=4298 4213 4071 510 3561 142 74 68 85 59 35
is_linear=0
shrinkage=0.03


Tree=157
num_leaves=14
num_cat=0
split_feature=25 26 17 5 14 22 29 14 28 16 19 0 4
split_gain=6.06477 13.3771 12.4754 16.2362 9.77338 17.1293 12.8625 13.6035 12.3252 10.9096 8.49882 7.85565 2.10522
threshold=-0.0003944043076717358 -0.0048597033375673993 1.0000000180025095e-35 0.0034957273424552167 0.87441298135528833 396137227.67300004 0.096938677093608802 0.42636029411764814 0.00043912559131414241 0.90000000000000013 1.0000000180025095e-35 -0.0043612345657756679 177.50000000000003
decision_type=2 2 2 2 2 2 2 2 2 2 2 2 2
left_child=1 12 3 -3 6 8 7 -2 -6 -7 -4 -8 -1
right_child=4 2 10 -5 5 9 11 -9 -10 -11 -12 -13 -14
leaf_value=-0.012228964121479885 -0.003773891240348823 -0.018201297983957296 0.020998747925876561 0.012887966963687785 -0.035792244797111378 -0.0039008348414624164 -0.081245194605740381 0.0033277050232473739 -0.0097727429144709565 0.02048357639133748 -0.0022331045779897863 0.020560172222813491 -0.045145047512309078
leaf_weight=2.7718525119125834 445.49332447350025 29.411278141662478 62.977749072015285 31.109961155802011 21.012529714033008 55.124604165554047 0.69590543210506339 533.46346308290958 74.393899269402027 23.57505089789629 18.287322267889977 34.525026723742485 4.7377320975065231
leaf_count=13 1487 120 153 85 107 159 3 1673 290 52 61 70 25
internal_value=0.000325568 0.00602465 0.00809131 -0.00222037 -0.000390464 -0.00695696 0.000736821 9.59855e-05 -0.0155033 0.00340369 0.0157708 0.0185487 -0.0329954
internal_weight=1337.58 149.296 141.786 60.5212 1188.28 174.106 1014.18 978.957 95.4064 78.6997 81.2651 35.2209 7.50958
internal_count=4298 457 419 205 3841 608 3233 3160 397 211 214 73 38
is_linear=0
shrinkage=0.03


Tree=158
num_leaves=10
num_cat=0
split_feature=17 17 25 1 3 7 9 7 1
split_gain=6.08117 11.4683 11.2116 8.83172 7.58349 11.2002 6.81587 13.5802 6.88008
threshold=0.015340352590408867 0.012749409156785118 0.00034777579305308954 0.03509624420290916 0.67410498478687431 242570327.12000003 5.6014767559982719 23221191.387500003 0.033289851483390698
decision_type=2 2 2 2 2 2 2 2 2
left_child=1 6 3 -3 5 -2 8 -8 -1
right_child=4 2 -4 -5 -6 -7 7 -9 -10
leaf_value=-0.00093537034360264236 -0.021040295259034669 -0.040519492846099889 -0.064601525705775042 0.007280892011613211 0.031892276916318851 0.030843345741072743 -0.021557526888602716 -2.7080621427729189e-05 0.0037241930584134427
leaf_weight=654.65453576669097 9.1148247271776217 5.5218227952718761 4.4625864177942267 9.4021494686603528 12.220812886953352 6.3557405322790137 36.880831584334373 92.477008558809757 505.35178264044225
leaf_count=2297 29 21 19 24 23 12 197 293 1383
internal_value=0.000316173 2.18101e-05 -0.0228806 -0.0104051 0.0142284 0.000274954 0.000366164 -0.00616556 0.00109455
internal_weight=1336.44 1308.75 19.3866 14.924 27.6914 15.4706 1289.36 129.358 1160.01
internal_count=4298 4234 64 45 64 41 4170 490 3680
is_linear=0
shrinkage=0.03


Tree=159
num_leaves=13
num_cat=0
split_feature=9 15 9 13 17 17 25 4 3 7 3 29
split_gain=6.00971 9.07392 9.04704 9.84422 7.2709 9.78275 10.0996 8.1195 5.69002 8.83033 2.15004 0.296728
threshold=0.38565878798763936 0.0040465244646387876 0.27219223126924358 0.035721213069745898 0.015340352590408867 0.013318610928086486 0.00021773358020248402 217.50000000000003 0.67410498478687431 242570327.12000003 0.75014188422247552 0.052317544220198332
decision_type=2 2 2 2 2 2 2 2 2 2 2 2
left_child=1 2 -1 -4 5 7 -7 -2 9 -6 11 -3
right_child=4 10 3 -5 8 6 -8 -9 -10 -11 -12 -13
leaf_value=0.024724441933924063 -0.0017479913690711302 -0.04075688623788961 -0.036751139136151363 0.012309033397734518 -0.016985141499997219 -0.0074227984360640204 -0.062408889402810336 0.0030646937552542409 0.031404618916324435 0.030267269556378193 -0.015770950116016952 -0.053777693025850247
leaf_weight=7.406590983271605 654.25217727571726 2.9913381747901422 8.6117747053503972 6.4289924204349509 8.2099897414445895 9.5803067684173566 4.3812115639448157 609.33721989020705 12.040997713804243 6.2835084646940222 2.7343102395534515 3.3271567970514297
leaf_count=29 2201 20 44 15 25 28 19 1853 23 12 15 14
internal_value=0.00030694 -0.0126412 -0.00241605 -0.015781 0.000619703 0.000296869 -0.0246778 0.000572816 0.0161631 0.00350066 -0.0379956 -0.0476133
internal_weight=1335.59 31.5002 22.4474 15.0408 1304.09 1277.55 13.9615 1263.59 26.5345 14.4935 9.05281 6.31849
internal_count=4298 137 88 59 4161 4101 47 4054 60 37 49 34
is_linear=0
shrinkage=0.03


Tree=160
num_leaves=9
num_cat=0
split_feature=24 1 26 26 26 22 18 22
split_gain=5.96618 7.58902 6.2434 33.5962 17.7532 3.88807 2.74997 0.104373
threshold=0.22192402245977808 0.010081625177008639 0.00035155137829433056 -0.00083184596827047162 0.00040986180287048431 26453866.574000005 0.0045535243613525006 100374450.62000002
decision_type=2 2 2 2 2 2 2 2
left_child=6 5 3 -3 -4 -2 -1 -7
right_child=1 2 4 -5 -6 7 -8 -9
leaf_value=-0.0063193413183530332 0.0088182556430666508 0.0023463858136210324 0.025162600892791577 -0.015290914742851576 0.0014171300422895006 -0.035730597000447561 -0.049908627992019984 -0.043771986179605461
leaf_weight=2.2657979242503634 2.0612930506467801 403.38009881600738 29.434567406773567 128.05818704888225 760.09579913876951 4.6800744812935591 3.0641945153474808 2.1065295301377773
leaf_count=18 15 1250 63 489 2390 42 16 15
internal_value=0.000297843 0.000424804 0.000610282 -0.00190359 0.00230239 -0.0272666 -0.0313787 -0.0382266
internal_weight=1335.15 1329.82 1320.97 531.438 789.53 8.8479 5.32999 6.7866
internal_count=4298 4264 4192 1739 2453 72 34 57
is_linear=0
shrinkage=0.03


Tree=161
num_leaves=15
num_cat=0
split_feature=26 28 17 21 3 28 26 16 28 6 4 1 21 7
split_gain=5.86997 14.2441 17.0532 13.7548 13.174 9.35892 20.6989 14.5687 9.57571 21.3976 9.96383 8.58426 8.45411 6.82619
threshold=0.0062284412540981543 0.0041835403249437277 0.0033923768450061713 824034.00000000012 0.14641625787321236 0.00056498159304120045 0.0016099635257772174 0.3000000000000001 0.0034627741652223857 550179.50000000012 282.50000000000006 0.035946644574505006 2395117.5000000005 77087098.058000013
decision_type=2 2 2 2 2 2 2 2 2 2 2 2 2 2
left_child=5 3 11 4 -2 6 7 -1 10 -10 -7 -3 -5 -8
right_child=1 2 -4 12 -6 8 13 -9 9 -11 -12 -13 -14 -15
leaf_value=0.0070287096066825499 -0.04256805882019838 -0.055392482830189216 0.025286107701109058 -0.045660352610085754 0.011813585012901882 0.00098332850427227205 -0.01703881411874281 -0.0038180803125484725 0.0007051169878053438 -0.051798843985235349 0.0086933616893483025 0.0072418792124989391 -0.014623072082122374 -0.05307735986244564
leaf_weight=152.20285619795322 5.0327580031007555 4.3167510405182865 19.640534341335297 14.789354620501401 19.712225049734116 364.82933419384062 11.028972666710617 416.17704434320331 31.748503606766462 8.9567415714263898 257.20654300972819 3.6214904710650444 16.951843068003654 8.2826686725020391
leaf_count=446 37 24 44 63 63 1177 48 1417 119 38 717 10 57 38
internal_value=0.00028897 -0.0073847 0.0102885 -0.0160134 0.000753175 0.00080486 -0.00195128 -0.000913487 0.00324889 -0.0108478 0.00417136 -0.0268182 -0.0290844 -0.0324956
internal_weight=1334.5 84.065 27.5788 56.4862 24.745 1250.43 587.692 568.38 662.741 40.7052 622.036 7.93824 31.7412 19.3116
internal_count=4298 298 78 220 100 4000 1949 1863 2051 157 1894 34 120 86
is_linear=0
shrinkage=0.03


Tree=162
num_leaves=14
num_cat=0
split_feature=13 18 26 25 14 18 25 10 28 11 20 16 20
split_gain=5.77371 10.0022 12.8599 11.8752 6.91666 18.6521 13.5282 11.9256 13.4087 13.333 10.4517 3.30151 0.287203
threshold=0.016604121229870841 0.0074236546387701349 -0.0051776800642745592 -0.00012485683062609648 0.87441298135528833 0.0072915915791607376 -0.00040950722489395099 -0.0021264828201757488 0.002545563775935975 0.0052405266024262856 0.024039332119367963 0.50000000000000011 -0.013753240151471688
decision_type=2 2 2 2 2 2 2 2 2 2 2 2 2
left_child=1 2 -1 -4 7 10 -7 8 -2 -9 -6 -3 -13
right_child=4 11 3 -5 5 6 -8 9 -10 -11 -12 12 -14
leaf_value=0.041154569090223289 -0.00029877174349670304 -0.017853761883173693 0.0085437793983634009 -0.014428946193509843 -0.029154458428947917 0.024589523420627171 -0.0029587070079739623 0.050615949727533693 -0.02160155708671441 0.0044508927035091499 0.014739262076388636 -0.041014293543895922 -0.054715269439614612
leaf_weight=5.5672840699553481 478.10140381008387 7.0688348710536939 32.250121949240565 54.432369193062186 33.679168507456779 18.286243319511414 130.79901644214988 5.6911331936717025 28.158419370651245 528.28706349432468 5.7100882604718199 2.4534714967012405 3.1383276283740997
leaf_count=20 1423 29 151 400 174 42 379 13 112 1504 21 15 15
internal_value=0.000280386 -0.00647497 -0.00304331 -0.00588197 0.000857174 -0.00443074 0.000420256 0.00181526 -0.00148364 0.00494292 -0.0227914 -0.0314792 -0.0487038
internal_weight=1333.62 104.91 92.2498 86.6825 1228.71 188.475 149.085 1040.24 506.26 533.978 39.3893 12.6606 5.5918
internal_count=4298 630 571 551 3668 616 421 3052 1535 1517 195 59 30
is_linear=0
shrinkage=0.03


Tree=163
num_leaves=13
num_cat=0
split_feature=9 21 12 27 4 3 24 8 9 3 13 18
split_gain=5.71594 8.6933 9.99425 8.28265 7.14533 6.39477 16.1475 10.0169 8.03064 10.0897 8.71315 0.954194
threshold=0.38565878798763936 2166980.5000000005 -0.011352263824566599 -0.00059794537825702814 237.50000000000003 0.99980000000000036 0.44744787536524955 0.012548219784249923 0.69507075013977404 0.91987980089201316 0.029987197355175809 0.0067220458856643633
decision_type=2 2 2 2 2 2 2 2 2 2 2 2
left_child=1 2 4 -4 -1 8 11 -8 9 -2 -10 -7
right_child=5 -3 3 -5 -6 6 7 -9 10 -11 -12 -13
leaf_value=0.034483572703736629 0.0040274162786608399 -0.05461567651542077 0.013752103102066059 -0.03894011463460792 -0.0087929640439430596 -0.041263482618707749 -0.017651495119926305 0.012108587807152741 -0.0033148479498127789 0.024760196604559987 0.0022142385366124523 -0.063332673032345105
leaf_weight=6.4741121232509649 164.85291780717671 3.8504576906561843 3.678647488355641 9.9381621964275784 7.3114727959036827 3.5920648649334899 20.586014891043305 20.135249171406031 431.10861647035927 24.230468604713678 633.38416058197618 3.4631664007902145
leaf_count=14 477 17 16 65 25 27 96 61 1733 60 1692 15
internal_value=0.000271972 -0.0124065 -0.00647546 -0.0247051 0.011531 0.000576454 -0.0101957 -0.00293617 0.000987006 0.00668426 -2.49846e-05 -0.0520965
internal_weight=1332.61 31.2529 27.4024 13.6168 13.7856 1301.35 47.7765 40.7213 1253.58 189.083 1064.49 7.05523
internal_count=4298 137 120 81 39 4161 199 157 3962 537 3425 42
is_linear=0
shrinkage=0.03


Tree=164
num_leaves=13
num_cat=0
split_feature=28 28 24 6 16 14 0 17 14 23 18 1
split_gain=5.76814 66.9436 14.912 20.1025 10.3205 14.3757 14.5595 9.73989 9.35925 7.3539 2.7958 2.08336
threshold=2.0769923405786677e-05 -0.00023120864014732027 0.74594249183056871 45069.000000000007 1.0000000180025095e-35 0.043569392298496205 0.00038393996136061229 -0.0027258589986560735 0.097555961246385617 0.51712736443874918 0.010783465316295109 0.030240000052905197
decision_type=2 2 2 2 2 2 2 2 2 2 2 2
left_child=1 2 3 -1 11 6 -6 -4 -7 -3 -11 -2
right_child=4 9 7 -5 5 8 -8 -9 -10 10 -12 -13
leaf_value=-0.011013494901852924 0.037860066446026956 -0.0026174032915348279 -0.017634503511943157 0.0075677042404591211 -0.0022231305488327521 0.018404380716573833 -0.063657555811109781 -0.00026088538523775633 0.0012377166350428892 -0.04076661776054246 -0.059558231551192269 0.013232481602840076
leaf_weight=65.151458481326699 7.9421950429677945 3.586922124028205 55.492024231702089 267.77489397674799 8.0797974988818151 29.653652351349592 6.0878394953906527 60.92684680223465 791.85205752868205 18.336210709065202 11.654661163687704 5.0616792589426041
leaf_count=318 20 13 201 715 28 81 32 214 2503 110 50 13
internal_value=0.000263907 -0.00235358 0.000699744 0.00393149 0.00175334 0.00134065 -0.0286215 -0.00854217 0.00185738 -0.0432138 -0.0480692 0.0282739
internal_weight=1331.6 482.923 449.345 332.926 848.677 835.673 14.1676 116.419 821.506 33.5778 29.9909 13.0039
internal_count=4298 1621 1448 1033 2677 2644 60 415 2584 173 160 33
is_linear=0
shrinkage=0.03


Tree=165
num_leaves=12
num_cat=0
split_feature=26 28 28 25 16 14 23 9 12 15 21
split_gain=5.70894 8.34535 60.6446 22.3437 9.7233 13.5586 7.07724 5.61006 6.38708 6.387 1.96982
threshold=-0.0085197464817939571 2.0769923405786677e-05 -0.00023120864014732027 0.00011771404345774827 1.0000000180025095e-35 0.043569392298496205 0.51712736443874918 1.9512348746972854 -0.012989323593381197 -0.019848599211908166 782939.50000000012
decision_type=2 2 2 2 2 2 2 2 2 2 2
left_child=7 2 3 -2 10 -6 -4 8 9 -1 -3
right_child=1 4 6 -5 5 -7 -8 -9 -10 -11 -12
leaf_value=0.0055264744036798378 0.0056813925880538265 0.03881376873151305 -0.0025397428490020932 -0.0083785171924595711 -0.027834540334009745 0.0018018239765029741 -0.047161926312213609 -0.0103982520408504 -0.0090137032183889004 0.041375860913757626 0.015438857391240957
leaf_weight=7.17611031234265 241.37053546495736 6.6786342523992044 3.5857229381799689 175.82953053154051 14.132386483252047 821.43128807563335 29.655299324542284 7.2230906859040251 5.429604683071374 11.873103186488153 6.310420460999012
leaf_count=17 717 17 13 650 60 2584 160 25 20 19 16
internal_value=0.000255992 -5.09803e-05 -0.00335133 -0.000244175 0.00170096 0.00130057 -0.0423485 0.0128342 0.0196896 0.0278709 0.0274576
internal_weight=1330.7 1298.99 450.441 417.2 848.553 835.564 33.241 31.7019 24.4788 19.0492 12.9891
internal_count=4298 4217 1540 1367 2677 2644 173 81 56 36 33
is_linear=0
shrinkage=0.03


Tree=166
num_leaves=9
num_cat=0
split_feature=24 1 22 22 21 17 18 29
split_gain=5.63282 7.1095 5.7442 11.4708 10.6679 3.85443 2.66858 0.0836967
threshold=0.22192402245977808 0.010081625177008639 36564908.506500013 55542363.589500003 437737.00000000006 0.0037625979956154073 0.0045535243613525006 0.035439473506937956
decision_type=2 2 2 2 2 2 2 2
left_child=6 5 4 -4 -3 7 -1 -2
right_child=1 2 3 -5 -6 -7 -8 -9
leaf_value=-0.0059787628311347082 -0.034137400065400607 -0.015745237529627559 0.011925806388803977 0.0001915333754351193 0.023971076215585821 0.012230611841124575 -0.049257651552872823 -0.040829269612324394
leaf_weight=2.2366698756813994 3.7946174461394531 40.106954243034124 80.024580582976341 1188.5756003782153 7.1757199186831704 1.8021198734641073 3.0048980042338371 3.0215272456407547
leaf_count=18 43 303 300 3538 51 10 16 19
internal_value=0.000248375 0.000371205 0.000549081 0.000931743 -0.0097178 -0.0267878 -0.0307898 -0.0371038
internal_weight=1329.74 1324.5 1315.88 1268.6 47.2827 8.61826 5.24157 6.81614
internal_count=4298 4264 4192 3838 354 72 34 62
is_linear=0
shrinkage=0.03


Tree=167
num_leaves=11
num_cat=0
split_feature=29 29 9 29 11 28 22 28 9 18
split_gain=5.54282 7.39101 9.65352 11.0788 7.93059 7.84999 7.65616 4.6089 0.0218609 0.00504029
threshold=0.019982888506241938 0.020007434860058581 4.7036814134785638 0.053483946234652198 0.032085578665580004 0.0013598878165821096 39212954.939000003 0.0032816427408873692 14.708179193646879 0.0040968192005278918
decision_type=2 2 2 2 2 2 2 2 2 2
left_child=7 4 6 -4 5 -2 -3 8 9 -1
right_child=1 2 3 -5 -6 -7 -8 -9 -10 -11
leaf_value=-0.031989282483877259 0.0056863226200217143 -0.010780454200564069 -0.012720251839154867 0.0073275015937147867 -0.017070387303894281 0.034913929909689806 0.0013952341920645749 0.029204117651581846 -0.037362936282114144 -0.033743480995441173
leaf_weight=3.4294531196355802 18.095939952880144 48.529039485380054 98.811281118541956 33.125627547502518 6.5475851893424979 15.231725230813025 1100.826251886785 1.2412501648068426 1.0888210274279115 2.5855390951037407
leaf_count=69 54 319 431 79 25 31 3242 7 10 31
internal_value=0.000240776 0.000394725 -1.1168e-06 -0.00768683 0.0131141 0.0190442 0.000881142 -0.024132 -0.0334514 -0.0327433
internal_weight=1329.51 1321.17 1281.29 131.937 39.8753 33.3277 1149.36 8.34506 7.10381 6.01499
internal_count=4298 4181 4071 510 110 85 3561 117 110 100
is_linear=0
shrinkage=0.03


Tree=168
num_leaves=13
num_cat=0
split_feature=26 28 21 3 7 5 25 28 28 5 5 18
split_gain=5.65398 13.3753 13.023 12.5641 10.8884 11.2443 9.62489 10.3829 18.6885 9.42721 8.90663 3.23161
threshold=0.0062284412540981543 0.0041835403249437277 824034.00000000012 0.14641625787321236 41485279.498500012 0.0018998730432325142 -0.001013258929688022 0.00056498159304120045 -0.00072610537945134621 -0.0039921022381480464 -0.022039637128436356 0.011727340870708281
decision_type=2 2 2 2 2 2 2 2 2 2 2 2
left_child=6 2 3 -2 5 -3 -1 8 -8 -4 -9 -6
right_child=1 4 9 -5 11 -7 7 10 -10 -11 -12 -13
leaf_value=0.028498789321893894 -0.042214329432934496 -0.045559577401334837 -0.0064958047620939556 0.011441856847449337 0.0088538253591709474 0.015389182825688325 0.0010920722019701276 -0.027686901328310531 -0.010710631064538822 -0.040652035898393654 0.0034486660476526158 0.036247132098057591
leaf_weight=11.14125335216522 4.9099219134077456 5.131721895188095 11.332855477929117 19.632818553596735 6.3758381232619312 5.8069076761603355 400.81576987169683 8.374994218349455 172.79268212430179 20.298520619049668 652.08733510226011 9.8851256072521192
leaf_count=24 37 24 35 63 17 19 1289 34 636 85 2017 18
internal_value=0.000233605 -0.00732968 -0.015691 0.000707616 0.00993848 -0.0132042 0.000740008 0.000489401 -0.00246335 -0.0284146 0.00305385 0.0255064
internal_weight=1328.59 83.3737 56.1741 24.5427 27.1996 10.9386 1245.21 1234.07 573.608 31.6314 660.462 16.261
internal_count=4298 298 220 100 78 43 4000 3976 1925 120 2051 35
is_linear=0
shrinkage=0.03


Tree=169
num_leaves=14
num_cat=0
split_feature=24 23 23 21 14 17 4 20 24 14 28 21 20
split_gain=5.5668 9.39141 9.65482 10.5108 8.5579 11.4192 9.09674 7.48815 7.61811 6.52973 3.89112 8.65419 1.94477
threshold=0.89896698402605602 0.68897443720202889 6.8593152061807254 701442.50000000012 0.34002497860105729 -0.009192054586290509 302.50000000000006 0.034713414527126181 0.88854168936215494 0.99112153424579208 0.0013598878165821096 4157546.0000000005 0.04100068185973206
decision_type=2 2 2 2 2 2 2 2 2 2 2 2 2
left_child=7 4 3 -3 5 -2 -6 8 9 -1 11 -9 -12
right_child=1 2 -4 -5 6 -7 -8 10 -10 -11 12 -13 -14
leaf_value=0.00058381841594721119 0.016841331505535004 -0.020327323271302711 0.027657421334860769 -0.0033706107380379155 0.029244206727787755 -0.055447917779434787 -0.012889042851701941 -0.024828174488637889 0.030086729560758602 -0.026504891905942005 0.032569725096263602 0.025700571781548002 0.013236146300734549
leaf_weight=1098.5393809881061 4.1761660724878311 51.334663363173604 6.5982713699340811 91.615559585392475 18.432396933436397 3.7171740420162669 6.1508590579032889 5.6777049303054827 7.8275575079023829 8.0674979928880912 10.563454650342466 6.5931791514158249 8.4110523462295514
leaf_count=3522 9 261 15 274 40 23 21 20 17 41 21 14 20
internal_value=0.000226755 -0.00464673 -0.00782225 -0.00945991 0.00997595 -0.0172015 0.0187022 0.00100105 0.000594943 0.000386334 0.0154858 0.00232106 0.0239995
internal_weight=1327.7 182.025 149.548 142.95 32.4766 7.89334 24.5833 1145.68 1114.43 1106.61 31.2454 12.2709 18.9745
internal_count=4298 643 550 535 93 32 61 3655 3580 3563 75 34 41
is_linear=0
shrinkage=0.03


Tree=170
num_leaves=11
num_cat=0
split_feature=26 26 14 26 28 7 26 14 24 18
split_gain=5.48397 8.02146 9.02549 8.36564 8.8633 8.03772 5.23492 4.44838 2.74854 2.3375
threshold=-0.0085197464817939571 -0.0071808282944440744 0.73299439115048115 -0.0060459733181610692 2.0769923405786677e-05 31734475.906000007 -0.016530959880093 0.046167479467604945 0.41302477713421409 0.01159054742634784
decision_type=2 2 2 2 2 2 2 2 2 2
left_child=6 2 8 5 -5 -3 7 -1 -2 -8
right_child=1 3 -4 4 -6 -7 9 -9 -10 -11
leaf_value=-0.015510207855391738 -0.0049855674939833514 -0.011879786969253472 0.017523308531017391 -0.0037475237617557314 0.001607356166442981 0.029974398433354536 0.011623741611035692 0.016408609722795859 -0.045547609279109912 0.034958669028476781
leaf_weight=7.9061151742935181 1.8504018336534489 5.6222906112670925 3.6044453140348187 414.35748172365129 846.514290147461 15.552944287657736 6.8243892900645742 7.8129210099577904 8.0199216157197935 8.9048136621713621
leaf_count=24 8 21 15 1416 2677 31 21 20 49 16
internal_value=0.000220111 -8.03674e-05 -0.0231063 0.000161643 -0.000152406 0.0188616 0.0125984 0.000354582 -0.0379434 0.0248344
internal_weight=1326.97 1295.52 13.4748 1282.05 1260.87 21.1752 31.4482 15.719 9.87032 15.7292
internal_count=4298 4217 72 4145 4093 52 81 44 57 37
is_linear=0
shrinkage=0.03


Tree=171
num_leaves=13
num_cat=0
split_feature=9 15 9 29 17 17 18 14 3 5 8 7
split_gain=5.41359 8.40362 8.29734 9.38973 6.74679 9.24816 11.5648 6.78561 5.42504 10.6049 1.83575 0.264765
threshold=0.38565878798763936 0.0040465244646387876 0.27219223126924358 0.058479962665846673 0.015340352590408867 0.013318610928086486 0.019674840638912183 0.99112153424579208 0.67410498478687431 -0.0037031176746367229 0.0025144442798911634 2093461.6535000002
decision_type=2 2 2 2 2 2 2 2 2 2 2 2
left_child=1 2 -1 -4 5 7 -7 -2 9 -6 11 -3
right_child=4 10 3 -5 8 6 -8 -9 -10 -11 -12 -13
leaf_value=0.023820301274746207 0.00067647037007288378 -0.037644653097802218 -0.047035184325326114 0.0027515220821754558 0.020610937992735827 -0.053719275267516457 0.0011646368789751328 -0.022885280634528916 0.030714889999455559 -0.034970282578034084 -0.016443770564763514 -0.050778071523730955
leaf_weight=7.3032110370695653 1244.4455501222983 2.1237659528851491 5.3443691600114098 9.4161883890628797 9.8850614428520185 6.4095338582992536 7.4967997372150421 11.098707148805259 11.755036428570746 4.4941804558038738 2.6960672028362751 3.9526455849409103
leaf_count=29 4000 17 34 25 21 27 20 54 23 16 14 18
internal_value=0.000213651 -0.0122093 -0.00233414 -0.0152748 0.000509331 0.000198707 -0.0241318 0.00046819 0.0155976 0.00323923 -0.0370465 -0.0461878
internal_weight=1326.42 30.8362 22.0638 14.7606 1295.58 1269.45 13.9063 1255.54 26.1343 14.3792 8.77248 6.07641
internal_count=4298 137 88 59 4161 4101 47 4054 60 37 49 35
is_linear=0
shrinkage=0.03


Tree=172
num_leaves=15
num_cat=0
split_feature=26 26 24 29 26 28 18 5 8 5 22 22 9 29
split_gain=5.36742 12.7168 10.6116 10.1401 7.96188 24.3363 16.2142 13.0762 10.5214 10.0927 7.58214 6.91568 3.45368 0.289806
threshold=0.0062284412540981543 0.0066275573047466447 0.50234334168728279 0.050793687712928352 0.0034267186835907275 0.002545563775935975 0.006244040243533062 -0.014772258603472947 0.0051184408341578775 -0.00735661718789744 822299072.08650005 246260566.78400001 1.4616736985484524 0.054853966217673765
decision_type=2 2 2 2 2 2 2 2 2 2 2 2 2 2
left_child=4 12 11 -4 5 7 10 -1 -7 -8 -6 -3 13 -2
right_child=1 2 3 -5 6 8 9 -9 -10 -11 -12 -13 -14 -15
leaf_value=-0.014538925375521436 -0.038338131459429506 -0.0066937689707610047 -0.013288850842653334 0.01296401496089326 -0.0061213637517732612 -0.042446504018625729 0.018829729325445892 0.0010932152357825146 -0.0050440758078664416 0.0046768660558830152 -0.042696776784422824 -0.051358765200522023 -0.014390257216969998 -0.050284096728898671
leaf_weight=50.926047639921308 2.7556783370673639 6.8475678712129575 20.840090156532824 36.315603047609329 43.596720902249217 17.408858090639118 62.519844438880682 886.73717725276947 11.075076606124638 165.11064517498016 5.7769311070442191 5.7311714813113213 4.8878862522542468 5.4275117516517639
leaf_count=193 21 30 92 86 225 105 144 2806 55 438 34 24 21 24
internal_value=0.000207285 -0.00718829 -0.00209834 0.0033917 0.000699899 -0.00058565 0.00518369 0.000244208 -0.0279038 0.00856402 -0.0104008 -0.0270442 -0.0343432 -0.0462613
internal_weight=1325.96 82.8055 69.7344 57.1557 1243.15 966.147 277.004 937.663 28.4839 227.63 49.3737 12.5787 13.0711 8.18319
internal_count=4298 298 232 178 4000 3159 841 2999 160 582 259 54 66 45
is_linear=0
shrinkage=0.03


Tree=173
num_leaves=12
num_cat=0
split_feature=3 8 17 23 1 7 3 18 8 21 29
split_gain=5.32621 10.1307 12.4222 12.3742 10.2935 6.82127 6.0536 13.8624 7.52269 0.0114704 0.00405183
threshold=0.99980000000000036 0.020928426893294761 -0.0031630436744411322 0.85015423079947328 0.025437829212381795 285896.03500000009 0.92606036818515636 0.0054200476287590569 0.015921011403063842 92519.000000000015 0.033022913717809556
decision_type=2 2 2 2 2 2 2 2 2 2 2
left_child=5 2 4 -4 -2 9 8 -8 -7 -1 -11
right_child=1 -3 3 -5 -6 6 7 -9 -10 10 -12
leaf_value=-0.037062028390197004 0.030080883289997987 0.021883494270982382 0.002791294460313393 -0.039763389935761513 -0.020969094950865221 0.00048289034100289376 -0.025677926988618965 0.010948913057322861 -0.014511764085240905 -0.032821755806568889 -0.034949097651998599
leaf_weight=1.5980825498700131 8.0923803709447366 7.9171213880181304 8.9416287951171416 19.697099236771464 6.33962807804346 1129.1479828748852 10.270588589832185 98.409468483179808 30.937242686748505 1.5115855596959593 1.7257200405001638
leaf_count=13 22 19 38 118 24 3583 81 259 103 23 15
internal_value=0.000201101 -0.00930654 -0.0150398 -0.0264769 0.00765588 0.000581734 0.000717272 0.00748757 8.30117e-05 -0.0349824 -0.0339558
internal_weight=1324.59 50.9879 43.0707 28.6387 14.432 1273.6 1268.77 108.68 1160.09 4.83539 3.23731
internal_count=4298 221 202 156 46 4077 4026 340 3686 51 38
is_linear=0
shrinkage=0.03


Tree=174
num_leaves=9
num_cat=0
split_feature=24 24 23 14 18 24 15 18
split_gain=5.30945 5.55684 8.96592 9.93838 9.66228 6.98067 7.7843 2.41159
threshold=0.22192402245977808 0.89896698402605602 0.71788329109938975 0.28724812669186911 0.010219304589666058 0.88854168936215494 0.021196550314143608 0.0047081323006857674
decision_type=2 2 2 2 2 2 2 2
left_child=7 5 3 -3 -4 6 -2 -1
right_child=1 2 4 -5 -6 -7 -8 -9
leaf_value=-0.0080626020336895584 0.00051343427451716508 -0.021591829589096116 -0.018247959426662651 0.016713499707907652 -0.0020929916924985826 0.029362833870759109 0.01713640442061419 -0.049257221257640919
leaf_weight=2.3778604082763186 1104.027609795332 7.7173837739974251 52.198859211057425 29.013808213174343 92.130480576306581 7.805955007672309 25.949840918183327 2.7675988711416721
leaf_count=19 3544 32 271 77 263 17 60 15
internal_value=0.000195002 0.000313666 -0.00456787 0.00866538 -0.00793568 0.00109049 0.000895179 -0.03022
internal_weight=1323.99 1318.84 181.061 36.7312 144.329 1137.78 1129.98 5.14546
internal_count=4298 4264 643 109 534 3621 3604 34
is_linear=0
shrinkage=0.03


Tree=175
num_leaves=14
num_cat=0
split_feature=25 17 27 8 17 17 28 25 12 3 5 10 29
split_gain=5.26872 23.8426 15.6897 17.326 8.0345 7.71249 8.3368 6.56274 4.38304 3.85816 6.50108 1.14318 0.292894
threshold=0.00060394083698791785 -0.0065067145646396296 -0.0089321791480799165 0.00044472650725301568 0.015340352590408867 0.012749409156785118 0.00088242840816664804 0.00057737215842103577 -0.037526154026664822 0.67410498478687431 -0.005310811690379641 -0.027324110706748454 0.044512209210830815
decision_type=2 2 2 2 2 2 2 2 2 2 2 2 2
left_child=4 11 8 -4 5 7 -7 -1 -3 10 -6 -2 -13
right_child=1 2 3 -5 9 6 -8 -9 -10 -11 -12 12 -14
leaf_value=0.00029060555263978277 -0.028313976532897141 -0.014034994148697804 0.020497601293781118 -0.023000022283836428 0.024496410210086056 0.0069824688296946632 -0.035256896744221985 0.018300886462088009 -0.053300807288360105 0.030181607889425748 -0.017535989361394607 -0.042989263991079649 -0.053996918154341038
leaf_weight=1197.2366934213787 2.7324972674250594 5.436363697052002 30.775947008281946 11.255778776481746 7.7649783939123154 6.7633793503046062 11.11920642852783 18.490241069346666 4.8331384807825071 11.53333495557308 5.7746543586254138 3.2862480878829938 6.436579629778862
leaf_count=3906 12 17 82 50 16 17 41 46 24 23 18 19 27
internal_value=0.000189201 -0.00815603 0.000727333 0.00884927 0.000618545 0.000276836 -0.0192815 0.000564528 -0.0325147 0.0174309 0.00656959 -0.0454582 -0.0502764
internal_weight=1323.44 64.7566 52.3012 42.0317 1258.68 1233.61 17.8826 1215.73 10.2695 25.073 13.5396 12.4553 9.72283
internal_count=4298 231 173 132 4067 4010 58 3952 41 57 34 58 46
is_linear=0
shrinkage=0.03


Tree=176
num_leaves=12
num_cat=0
split_feature=29 29 9 25 25 0 7 28 22 9 13
split_gain=5.24037 6.70122 8.9173 10.3841 7.80756 7.59358 7.18604 4.47104 4.38821 0.0202982 0.00335963
threshold=0.019982888506241938 0.020007434860058581 4.7036814134785638 -6.0534707342586007e-05 0.00023942909229000692 0.00021486177251614199 285896.03500000009 0.0032816427408873692 153149607.59200004 14.708179193646879 0.030468040663393068
decision_type=2 2 2 2 2 2 2 2 2 2 2
left_child=7 4 6 -4 5 -2 -3 9 -6 10 -1
right_child=1 2 3 -5 8 -7 -8 -9 -10 -11 -12
leaf_value=-0.032350747837966758 -0.024091164150428317 -0.034707713323580122 -0.018914955971161912 -0.0012338154477797519 0.037778847146693648 0.01977687019012728 0.00096224894211200296 0.028451018070784467 0.012266963757616288 -0.037163678120888277 -0.034379750022384602
leaf_weight=4.9372320547699911 8.202389929443596 5.1058598943054667 46.137326933443546 84.915279362350702 10.165090233087541 6.2630021870136252 1139.0771832745522 1.2446196749806402 15.054948121309279 1.0620987731963394 0.86281336098909367
leaf_count=91 34 55 194 316 24 16 3506 7 36 10 9
internal_value=0.000183611 0.00033186 -4.59462e-05 -0.0074585 0.0124721 -0.00509786 0.000803074 -0.0238625 0.0225497 -0.0333508 -0.0326526
internal_weight=1323.03 1314.92 1275.24 131.053 39.6854 14.4654 1144.18 8.10676 25.22 6.86214 5.80005
internal_count=4298 4181 4071 510 110 50 3561 117 60 110 100
is_linear=0
shrinkage=0.03


Tree=177
num_leaves=15
num_cat=0
split_feature=28 28 12 9 21 9 29 28 3 4 28 20 28 24
split_gain=5.22533 33.2867 12.0798 15.6491 12.7948 12.2323 9.57814 9.17965 8.26826 7.39338 14.3506 13.6203 5.79556 1.3408
threshold=-0.0033622277241476986 -0.0029414831651119345 -0.012526905264938415 1.5589255106524986 1128092.0000000002 0.69507075013977404 0.034545623563042784 -0.0029825244356568689 0.79948038756055573 202.50000000000003 -0.0023210362731443906 -0.097139390641697673 -0.0035591884717086348 0.54021777807742855
decision_type=2 2 2 2 2 2 2 2 2 2 2 2 2 2
left_child=2 6 3 12 -5 -4 7 -2 -7 10 -3 -11 -1 -8
right_child=1 9 5 4 -6 8 13 -9 -10 11 -12 -13 -14 -15
leaf_value=0.01650869509498212 -0.037184391375277848 -0.040643972893289408 -0.057412000058734598 -0.036927949159658101 0.013005490337813572 -0.016425829100698289 -0.033033738185096327 0.040794544057578222 0.029592073640707164 -0.054400204570109113 -0.0014389371467109853 0.0030307435172645348 0.040186715970319212 -0.053470668138516662
leaf_weight=26.858670055866241 3.0960525833070278 8.5223524123430234 4.3111764602363136 8.0508591867983359 10.832662194967268 9.9950325079262239 3.7625179216265705 2.4211780205369022 5.419304408133029 3.739324837923049 599.55529351532459 609.25054036919028 14.233985424041746 12.447260811924933
leaf_count=61 27 44 26 40 26 44 16 9 15 16 2034 1861 23 56
internal_value=0.000178019 -0.000299527 0.00762443 0.0143224 -0.00828329 -0.0127409 -0.0371062 -0.00296416 -0.000247058 0.000355392 -0.00198841 0.00268041 0.0247105 -0.048727
internal_weight=1322.5 1242.79 79.7017 59.9762 18.8835 19.7255 21.727 5.51723 15.4143 1221.07 608.078 612.99 41.0927 16.2098
internal_count=4298 4063 235 150 66 85 108 36 59 3955 2078 1877 84 72
is_linear=0
shrinkage=0.03


Tree=178
num_leaves=15
num_cat=0
split_feature=25 28 17 1 17 14 6 17 29 14 6 25 9 11
split_gain=5.27306 12.5226 11.7371 9.96533 9.76437 8.70458 13.7575 12.9527 11.6393 12.2075 9.60577 4.8313 4.75502 3.73295
threshold=-0.0003944043076717358 -0.0018079382079520194 -0.0045755481619328383 0.043217679921030171 0.00022970904060909251 0.87441298135528833 227469.00000000003 0.0017377529771979935 0.096938677093608802 0.42636029411764814 169920.00000000003 0.00028056688072617883 2.2632647069400069 0.011525281208462535
decision_type=2 2 2 2 2 2 2 2 2 2 2 2 2 2
left_child=1 2 -1 4 -3 8 10 -8 9 -2 -7 -10 -5 -4
right_child=5 3 13 12 -6 6 7 -9 11 -11 -12 -13 -14 -15
leaf_value=0.013045460820115932 -0.0037230931105764124 -0.0072623979836188013 -0.014459197786984693 0.032199261473964354 0.012339319052587651 -0.012616522885959724 -0.033903998421936858 0.0057956370031312368 0.0088870508596765405 0.0030369643985392871 -0.054921581945826525 0.032005969368881601 0.0042595926658603308 -0.045455204251892381
leaf_weight=8.4128907620906848 441.42976844497025 37.648222014307976 6.2900807075202447 20.943054571747783 58.273470606654882 81.898308992385864 8.1979169547557813 75.666544608771801 21.363936826586723 527.97484873607755 5.1332427337765685 13.138232648372648 7.4260584861040106 7.874799232929945
leaf_count=24 1487 122 40 45 158 348 36 199 50 1673 25 23 21 47
internal_value=0.000172651 0.00553196 -0.0150214 0.00926554 0.00464586 -0.000497346 -0.00675618 0.00191492 0.000568102 -4.13071e-05 -0.0151117 0.0176906 0.0248856 -0.0316911
internal_weight=1321.67 146.869 22.5778 124.291 95.9217 1174.8 170.896 83.8645 1003.91 969.405 87.0316 34.5022 28.3691 14.1649
internal_count=4298 457 111 346 280 3841 608 235 3233 3160 373 73 66 87
is_linear=0
shrinkage=0.03


Tree=179
num_leaves=13
num_cat=0
split_feature=9 21 12 27 4 20 20 12 16 25 4 24
split_gain=5.15384 8.04291 8.92579 7.8671 6.39329 6.15866 7.01993 18.8222 8.88717 5.71621 8.08465 4.2705
threshold=0.38565878798763936 2166980.5000000005 -0.011352263824566599 -0.00059794537825702814 237.50000000000003 0.034713414527126181 0.0098651890015383058 -0.0031626063739170758 0.90000000000000013 0.0001129974252780517 42.500000000000007 0.82676130957712612
decision_type=2 2 2 2 2 2 2 2 2 2 2 2
left_child=1 2 4 -4 -1 6 8 -8 -2 11 -11 -7
right_child=5 -3 3 -5 -6 9 7 -9 -10 10 -12 -13
leaf_value=0.032799894382082077 0.00058784252548429745 -0.052977530347532144 0.013900403402034739 -0.038194075683096809 -0.0085177638683949179 0.02764091270803087 -0.016119866470764407 0.0047292115896456367 0.022449644384080591 0.017357417816990704 -0.029870964980468692 0.0028422808529905289
leaf_weight=6.3472127988934552 1075.7181910714135 3.7820166423916808 3.5971887502819344 9.4972252100706047 7.1869219169020653 18.909834593534473 79.319430520758033 76.610479235649109 16.9997898042202 7.0423900559544546 6.0770571902394295 9.335079148411749
leaf_count=14 3501 17 16 65 25 40 266 239 50 17 23 25
internal_value=0.000167736 -0.0120394 -0.00622505 -0.0238831 0.0108593 0.000455506 7.82292e-05 -0.00587643 0.000927954 0.0118442 -0.00451923 0.0194448
internal_weight=1320.42 30.4106 26.6285 13.0944 13.5341 1290.01 1248.65 155.93 1092.72 41.3644 13.1194 28.2449
internal_count=4298 137 120 81 39 4161 4056 505 3551 105 40 65
is_linear=0
shrinkage=0.03


end of trees

feature_importances:
qqq_intra_ret=243
qqq_gap=206
atr_20d_pct=187
qqq_vwap_dev=151
pm_rvol=140
intra_curr_bar_range=134
pm_volume=85
intra_curr_bar_ret=85
pm_turnover=79
intra_dist_to_pm_high=78
intra_range_retention=77
intra_range_pct=73
intra_rvol=73
intra_turnover=67
intra_vol_acceleration=67
intra_volume=66
intra_high_from_open=55
pm_intra_gain=54
pm_final_velocity_10m=52
pm_peak_to_open_mins=46
pm_vwap_dev=45
intra_vwap_dev=44
intra_low_from_open=32
pm_gap=31
pm_surge_retention=31
intra_return_from_open=20
alpha_vs_qqq=14
intra_breakout_pm_high=9
intra_upbar_ratio=6

parameters:
[boosting: gbdt]
[objective: binary]
[metric: binary_logloss]
[tree_learner: serial]
[device_type: cpu]
[data_sample_strategy: bagging]
[data: ]
[valid: ]
[num_iterations: 180]
[learning_rate: 0.03]
[num_leaves: 15]
[num_threads: 15]
[seed: 42]
[deterministic: 0]
[force_col_wise: 0]
[force_row_wise: 0]
[histogram_pool_size: -1]
[max_depth: 4]
[min_data_in_leaf: 15]
[min_sum_hessian_in_leaf: 0.001]
[bagging_fraction: 0.8]
[pos_bagging_fraction: 1]
[neg_bagging_fraction: 1]
[bagging_freq: 0]
[bagging_seed: 400]
[bagging_by_query: 0]
[feature_fraction: 0.8]
[feature_fraction_bynode: 1]
[feature_fraction_seed: 30056]
[extra_trees: 0]
[extra_seed: 12879]
[early_stopping_round: 0]
[early_stopping_min_delta: 0]
[first_metric_only: 0]
[max_delta_step: 0]
[lambda_l1: 0]
[lambda_l2: 0]
[linear_lambda: 0]
[min_gain_to_split: 0]
[drop_rate: 0.1]
[max_drop: 50]
[skip_drop: 0.5]
[xgboost_dart_mode: 0]
[uniform_drop: 0]
[drop_seed: 17869]
[top_rate: 0.2]
[other_rate: 0.1]
[min_data_per_group: 100]
[max_cat_threshold: 32]
[cat_l2: 10]
[cat_smooth: 10]
[max_cat_to_onehot: 4]
[top_k: 20]
[monotone_constraints: ]
[monotone_constraints_method: basic]
[monotone_penalty: 0]
[feature_contri: ]
[forcedsplits_filename: ]
[refit_decay_rate: 0.9]
[cegb_tradeoff: 1]
[cegb_penalty_split: 0]
[cegb_penalty_feature_lazy: ]
[cegb_penalty_feature_coupled: ]
[path_smooth: 0]
[interaction_constraints: ]
[verbosity: -1]
[saved_feature_importance_type: 0]
[use_quantized_grad: 0]
[num_grad_quant_bins: 4]
[quant_train_renew_leaf: 0]
[stochastic_rounding: 1]
[linear_tree: 0]
[max_bin: 255]
[max_bin_by_feature: ]
[min_data_in_bin: 3]
[bin_construct_sample_cnt: 200000]
[data_random_seed: 175]
[is_enable_sparse: 1]
[enable_bundle: 1]
[use_missing: 1]
[zero_as_missing: 0]
[feature_pre_filter: 1]
[pre_partition: 0]
[two_round: 0]
[header: 0]
[label_column: ]
[weight_column: ]
[group_column: ]
[ignore_column: ]
[categorical_feature: ]
[forcedbins_filename: ]
[precise_float_parser: 0]
[parser_config_file: ]
[objective_seed: 16083]
[num_class: 1]
[is_unbalance: 0]
[scale_pos_weight: 3.28514]
[sigmoid: 1]
[boost_from_average: 1]
[reg_sqrt: 0]
[alpha: 0.9]
[fair_c: 1]
[poisson_max_delta_step: 0.7]
[tweedie_variance_power: 1.5]
[lambdarank_truncation_level: 30]
[lambdarank_norm: 1]
[label_gain: ]
[lambdarank_position_bias_regularization: 0]
[eval_at: ]
[multi_error_top_k: 1]
[auc_mu_weights: ]
[num_machines: 1]
[local_listen_port: 12400]
[time_out: 120]
[machine_list_filename: ]
[machines: ]
[gpu_platform_id: -1]
[gpu_device_id: -1]
[gpu_device_id_list: ]
[gpu_use_dp: 0]
[num_gpu: 1]

end of parameters

pandas_categorical:[]
