date,prev_date,symbol,sector,prev_cc,prev_oc,prev_range,prev_location,prev_pullback,prev_first60,prev_last60,prev_last30,prev_afternoon,prev_up_fraction,prev_relvol,prev_range_ratio,prev_return5,prev_post_return,prev_post_vol_ratio,prev_relative_qqq,prev_close_vs_vwap,prev_low_time,prev_high_time,prev_post_valid,prev_pre_return,prev_feature_cutoff,prev_max_available_at,valid_label,close_return,high_return,gap,open_close,open_high,open_low,close8,high10,openhigh5
2026-09-21,2026-09-18,AAPL,platform_software,-0.0025816023738872707,-0.005252955712404361,0.017638093547002964,0.604026845637584,-0.006972140979054076,-0.013036208401769667,0.001101977603049864,-0.00029741545965566996,0.00157926102502981,0.5,1.9235177963669159,0.8401146166630202,0.011617058416348192,-0.0037336744711867764,7.2043593021126515,-0.008900299020654034,0.0002670738199483935,10:40,09:30,True,0.002283511269276506,2026-09-18T20:00:01-04:00,2026-09-18T20:00:01+00:00,True,0.008478862344926119,0.010442388361645794,-0.0025287835063815267,0.011035552374135227,0.013004056311142875,-0.006651157241708283,0.0,0.0,0.0
2026-09-22,2026-09-21,AAPL,platform_software,0.008478862344926119,0.011035552374135227,0.019655213552851276,0.8998482549317192,-0.0019432340124837522,0.006024815079933354,0.0008562402196699015,-0.0013845927235233146,0.0022766919960972576,0.6153846153846154,0.924478046005345,0.9841339522871216,0.017713462231295996,-0.0005310047790429984,0.9449651252589925,,0.0033780755870309598,09:35,15:50,True,-0.002320530747032312,2026-09-21T20:00:01-04:00,2026-09-21T20:00:01+00:00,True,0.0022715204436838388,0.018762168859519646,0.003407280665525869,-0.0011319035089008,0.015302747438517006,-0.0040719126229290525,0.0,0.0,0.0
2026-09-23,2026-09-22,AAPL,platform_software,0.0022715204436838388,-0.0011319035089008,0.019374660061446117,0.1517450682852813,-0.016186946197949803,0.0008820027342084646,-0.0015575408487127351,-0.0010291090855630847,-0.0038263623169283445,0.5,1.0607031468400114,0.9620265328012761,0.025381783062715213,0.00026490066225148823,1.4532963097618279,-0.005807026227118817,,10:05,09:30,True,0.003864534780813056,2026-09-22T20:00:01-04:00,2026-09-22T20:00:01+00:00,True,-0.008035320088300324,0.006033848417954513,0.003899926416482735,-0.011888880744704289,0.0021256321923330823,-0.016345378582423242,0.0,0.0,0.0
2026-09-24,2026-09-23,AAPL,platform_software,-0.008035320088300324,-0.011888880744704289,0.018471010774756318,0.24126984126983794,-0.013984786424809936,-0.010998460749102157,-0.00032628362946052203,0.0020515565070020614,-0.0015997156061144935,0.5256410256410257,0.8227116690597319,0.9171568634813775,0.013868415510965182,-0.00047474927304003156,0.9301893240733741,0.0003263313713095517,-0.0009385134100129422,15:50,09:30,True,0.004415011037527616,2026-09-23T20:00:01-04:00,2026-09-23T20:00:01+00:00,True,-0.003263901252151147,0.005607975787787156,-0.0016912942852056467,-0.0015752712141476888,0.007311636201515981,-0.006390251151731197,0.0,0.0,0.0
2026-09-25,2026-09-24,AAPL,platform_software,-0.003263901252151147,-0.0015752712141476888,0.013701887353247181,0.35140997830802595,-0.008822401227464582,0.0029276266904443293,-0.0039666984722072085,-0.00509418315365473,-0.003736876445815218,0.48717948717948717,0.5385342695765969,0.6803515076637774,-0.003204747774480654,-0.000952607763753277,0.5253675109472821,-0.0031154952673424496,-0.002348734393896601,09:40,12:15,True,0.001756161447791449,2026-09-24T20:00:01-04:00,2026-09-24T20:00:01+00:00,True,0.015331031197904244,0.01711717075494157,0.000357227911407465,0.014968456136174257,0.016753957862159163,-0.004493512677062439,0.0,0.0,0.0
2026-09-21,2026-09-18,ADBE,platform_software,-0.014841492856294769,-0.010581043158890524,0.021702665532510195,0.31318681318681063,-0.014841492856294769,-0.008991104292039975,-0.004001280409731134,-0.0006423638991489566,-0.0023446423919361026,0.5384615384615384,1.650821309348001,0.74627094745693,-0.01312294334535935,0.0013586694520328901,10.452200783817199,-0.021160189503061533,,10:05,09:30,True,-0.005857442513950928,2026-09-18T20:00:01-04:00,2026-09-18T20:00:01+00:00,True,0.0024104129840913924,0.010284428732122874,0.0,0.0024104129840913924,0.010284428732122874,-0.01884139482564684,0.0,0.0,0.0
2026-09-22,2026-09-21,ADBE,platform_software,0.0024104129840913924,0.0024104129840913924,0.029125823557769565,0.729655172413796,-0.007793860346747228,-0.0032540575285231466,0.0018067210021279756,0.0005212719034444202,0.00329714515480517,0.5512820512820513,1.1104064532645797,1.0015247163699916,-0.06054216867469886,0.0006083680666879587,1.4826403069209237,,,09:45,09:30,True,0.0014462477904548798,2026-09-21T20:00:01-04:00,2026-09-21T20:00:01+00:00,True,-0.045166720102597036,0.0206396280859249,0.020038473869830042,-0.06392424956781395,0.0005893446487506004,-0.06612446958981621,0.0,0.0,0.0
2026-09-23,2026-09-22,ADBE,platform_software,-0.045166720102597036,-0.06392424956781395,0.06671381423856668,0.03297997644287412,-0.06447559586916396,-0.04290429042904298,-0.00012590229981535028,-0.0031797832726663255,-0.006215066321848761,0.3974358974358974,1.641603873809578,2.2676032655820917,-0.07569056486654246,0.0031479538300105414,1.0976602518964027,-0.05324526677339969,-0.009154502111901941,15:50,09:30,True,0.016996600679864082,2026-09-22T20:00:01-04:00,2026-09-22T20:00:01+00:00,True,0.01024134312696745,0.014648478488982208,0.005162644281217155,0.005052613996993527,0.00943711374645062,-0.00822615667279103,0.0,0.0,0.0
2026-09-24,2026-09-23,ADBE,platform_software,0.01024134312696745,0.005052613996993527,0.017663270419241768,0.7517730496453885,-0.004343509555721048,-0.0068272924670118584,0.002958579881656931,0.002332070128680197,0.0009565000415869829,0.5128205128205128,0.7996285460386748,0.5816941221987035,-0.039161676646706556,-0.0005816610577921155,0.6286285629558871,0.018602994586577326,0.001981369654836751,10:05,13:00,True,0.004868835257082926,2026-09-23T20:00:01-04:00,2026-09-23T20:00:01+00:00,True,-0.007312310440815928,0.014624620881632078,0.010262162948190712,-0.017395953281789778,0.004318144431650017,-0.025991116960026317,0.0,0.0,0.0
2026-09-25,2026-09-24,ADBE,platform_software,-0.007312310440815928,-0.017395953281789778,0.030309261391676282,0.28358208955223907,-0.02162073625158678,-0.015154630695838112,0.005957518472517576,0.003321589491851462,0.005132304067982041,0.44871794871794873,0.6258931662090891,0.9981571238651186,-0.05437922982546395,0.0009207717741597232,0.7831830712768316,-0.007163904456007231,0.0009790500585358242,14:35,09:30,True,0.012869637650978705,2026-09-24T20:00:01-04:00,2026-09-24T20:00:01+00:00,True,-0.014481228811785929,0.009333277528983386,-0.0003348260996944852,-0.014151140883399638,0.009671341846346992,-0.01628637220012552,0.0,0.0,0.0
2026-09-21,2026-09-18,ADI,analog_power,0.03604025920308862,0.03468502581755595,0.03548364888123922,0.9774932091579384,-0.0007712560836147242,0.01843717728055072,0.01430808271691597,0.011727007122372957,0.01753578247505061,0.5897435897435898,2.0559795698351966,1.5609145980596806,-0.008078568034214917,-0.001144469285638272,4.9457114619158125,0.029721562556321857,,09:30,15:55,True,0.004025920308837749,2026-09-18T20:00:01-04:00,2026-09-18T20:00:01+00:00,True,0.019376131161503274,0.022357074417119094,0.003526562333652672,0.01579387075813221,0.018764338474187348,-0.01611213515628107,0.0,0.0,0.0
2026-09-22,2026-09-21,ADI,analog_power,0.019376131161503274,0.01579387075813221,0.03487647363046845,0.9148288973384026,-0.0029157554930751006,-0.002824596533570256,0.0032481139983235874,0.0022504841157691136,0.006702589039295548,0.6025641025641025,1.2428826131786328,1.5342051489925717,0.06088305357043944,0.003916449086161844,1.0675566030445869,,0.004883647701544813,09:30,15:50,True,0.0017033961460661828,2026-09-21T20:00:01-04:00,2026-09-21T20:00:01+00:00,True,0.019242819843342085,0.01969973890339438,-0.0021148825065274712,0.021402967110599525,0.021860854548784614,-0.0042125644313038,0.0,0.0,0.0
2026-09-23,2026-09-22,ADI,analog_power,0.019242819843342085,0.021402967110599525,0.026073418980088522,0.9824385348720511,-0.00044809176919435867,0.009694131191292144,0.009099134031278266,0.007744533649998608,0.009699446484920493,0.5897435897435898,0.9733662835921091,1.091709207123265,0.08030994880309938,0.001050285626456926,0.509070510676184,0.01116427317253943,,09:30,15:55,True,-0.011827676240208751,2026-09-22T20:00:01-04:00,2026-09-22T20:00:01+00:00,True,-0.013166995414606641,-0.0007941184004918167,-0.003637574608704619,-0.009564211338218165,0.0028538372541457857,-0.025581694305180536,0.0,0.0,0.0
2026-09-24,2026-09-23,ADI,analog_power,-0.013166995414606641,-0.009564211338218165,0.028435531559326398,0.5632911392405079,-0.012382710352253468,-0.01617174444015934,0.0029941678816913786,0.003268441955856405,0.005441804016756091,0.5128205128205128,1.1008822976607004,1.1906122337261427,0.06405369572422925,0.0004412948108920567,0.4351861201230996,-0.004805343954996766,0.003419693467912488,13:00,09:30,True,0.0005891846197199069,2026-09-23T20:00:01-04:00,2026-09-23T20:00:01+00:00,True,-0.006801131791397408,-0.0023103081276122373,-0.010435324351686148,0.0036725164607434024,0.008210697515804943,-0.009994491225308932,0.0,0.0,0.0
2026-09-25,2026-09-24,ADI,analog_power,-0.006801131791397408,0.0036725164607434024,0.018205188741113817,0.7507204610951064,-0.004501222875578859,-0.0023740195692661947,-0.0013181420722236936,0.0005491631799163788,0.0005884122023616101,0.47435897435897434,0.6239116792454082,0.76226183383424,0.05503929408520625,-2.6136274535404347e-05,0.8931344403643549,-0.006652725806588711,0.001938707396922812,09:30,12:40,True,-0.009734444357916039,2026-09-24T20:00:01-04:00,2026-09-24T20:00:01+00:00,True,0.028723765714435023,0.03478738140665438,-0.002822717649826334,0.03163578224517094,0.037716562262469555,0.0,0.0,0.0,0.0
2026-09-21,2026-09-18,ADSK,platform_software,-0.007729601170874512,-0.0117973945522456,0.02181834745376706,0.18371607515657445,-0.017703522593498278,-0.013095563450851833,-0.004222701611052537,-0.005637546979558206,-0.0005758378440631207,0.4358974358974359,2.313422917012944,0.6532673754593689,0.021421845574387977,0.0,7.992197694897931,-0.014048297817641275,,10:00,09:30,True,0.010016465422612697,2026-09-18T20:00:01-04:00,2026-09-18T20:00:01+00:00,True,0.00875777828992863,0.012675731735422913,-0.0036413920258123733,0.01244448556624711,0.016376757957068833,-0.014618800888230976,0.0,0.0,0.0
2026-09-22,2026-09-21,ADSK,platform_software,0.00875777828992863,0.01244448556624711,0.030995558845299725,0.8731343283582096,-0.003868912152935833,0.002613804589193247,-0.0004224853557440733,0.00041140976412501473,-0.0004110715264455944,0.5512820512820513,0.7759995416348776,0.9280440427796643,-0.04403092648407814,0.00022846698652045916,0.7305805118725619,,0.0037244187777041304,09:50,15:55,True,-0.004240608435123194,2026-09-21T20:00:01-04:00,2026-09-21T20:00:01+00:00,True,0.003518391592414849,0.014393420150788261,0.014393420150788261,-0.010720720720720722,0.0,-0.03058558558558555,0.0,0.0,0.0
2026-09-23,2026-09-22,ADSK,platform_software,0.003518391592414849,-0.010720720720720722,0.03058558558558555,0.6494845360824745,-0.010720720720720722,-0.02510270270270276,-0.0010461678417101883,-0.004938607222146674,0.005125858123569804,0.5384615384615384,0.8541277670847238,0.9836368555990942,-0.030375275938189783,0.0,1.225471595836947,-0.004560155078387806,0.004238292393338838,11:35,09:30,True,0.014530500342700536,2026-09-22T20:00:01-04:00,2026-09-22T20:00:01+00:00,True,-0.01124669884345686,0.004325653401329621,0.001821327747928203,-0.013044268702845252,0.0024997727479318943,-0.01777111171711665,0.0,0.0,0.0
2026-09-24,2026-09-23,ADSK,platform_software,-0.01124669884345686,-0.013044268702845252,0.020270884465048537,0.23318385650224144,-0.015505281769959578,-0.01740750840832661,-0.0037619855943478164,-0.0024347666299154858,-0.003350468147604091,0.5128205128205128,0.7575755665072167,0.651914575891261,-0.014343425173618973,0.0,0.733411082923545,-0.0028850473838469837,,10:25,09:30,True,0.008287041253073557,2026-09-23T20:00:01-04:00,2026-09-23T20:00:01+00:00,True,-0.026709647708957007,0.004559060557218331,0.0015196868524061102,-0.028186499908037455,0.003034761817178655,-0.02979584329593521,0.0,0.0,0.0
2026-09-25,2026-09-24,ADSK,platform_software,-0.026709647708957007,-0.028186499908037455,0.03283060511311379,0.04901960784313655,-0.031126799303199726,-0.011794187971307712,-0.004943502824858781,-0.0018890200708382432,-0.0025955639452572843,0.46153846153846156,0.9358856302259998,1.055837008270265,-0.0333424807903403,0.0029808374733852894,0.4433890805910572,-0.02656124172414831,-0.005478039899200482,15:55,09:30,True,0.0030393737048122205,2026-09-24T20:00:01-04:00,2026-09-24T20:00:01+00:00,True,-0.009226401703335663,0.013815945114738604,0.0,-0.009226401703335663,0.013815945114738604,-0.010882422521883095,0.0,0.0,0.0
2026-09-21,2026-09-18,ALAB,interconnect,0.03300858427578679,0.010765948936737546,0.0348973401773215,0.9331416727953478,-0.0023030103635466315,-0.011199253383107677,0.0207516367369609,0.01981621448929305,0.01615119123412523,0.6025641025641025,2.0089324621438935,0.7196306543442136,0.041308976031865896,-0.002802967848310023,14.010652593781453,0.026689887629020026,0.007779018074228761,09:30,15:55,True,0.01870145796430034,2026-09-18T20:00:01-04:00,2026-09-18T20:00:01+00:00,True,0.12362737015663638,0.13107996702390756,0.019620774938169827,0.10200517464424319,0.10931435963777503,-0.0027813712807245317,1.0,1.0,1.0
2026-09-22,2026-09-21,ALAB,interconnect,0.12362737015663638,0.10200517464424319,0.11209573091849943,0.9347951529140223,-0.006588921282798754,0.04959573091849956,0.00709345628657565,0.003622868251303313,0.014983169997915047,0.6282051282051282,2.0183104632912077,2.311566548630417,0.3256302521008403,0.006211774373422463,1.8946601017382552,,0.02190001193658042,09:30,15:55,True,0.01784006595218468,2026-09-21T20:00:01-04:00,2026-09-21T20:00:01+00:00,True,0.0666784058226213,0.08337735516816336,-0.01684568879497572,0.08495522388059706,0.10194029850746267,0.0,0.0,0.0,1.0
2026-09-23,2026-09-22,ALAB,interconnect,0.0666784058226213,0.08495522388059706,0.10194029850746261,0.8333821376281112,-0.015413788432886322,0.07202985074626866,0.00417184694018502,0.003894489711365745,-0.003290736576537223,0.5512820512820513,1.7790240665226114,2.102147709430398,0.43921754969509785,0.002338634237605275,1.2447580663238544,0.058599859151818645,0.006373085224486763,09:30,13:25,True,-0.015084815401772533,2026-09-22T20:00:01-04:00,2026-09-22T20:00:01+00:00,True,-0.008254003191547898,0.012132834424696037,0.002338634237605275,-0.010567922922785633,0.00977134857676143,-0.03549559441135297,0.0,0.0,0.0
2026-09-24,2026-09-23,ALAB,interconnect,-0.008254003191547898,-0.010567922922785633,0.0452669429881145,0.5506815756282125,-0.020142452574253178,-0.029808679421371886,-0.0037863084874112385,-2.7741559630589663e-05,-0.0018276473194506204,0.5,1.0390141235391488,0.9328490133407398,0.33910394531540233,-0.0024968096321366096,0.8215926870710177,0.00010764826806197725,0.0050176868286666565,10:20,09:30,True,-2.7513343971774518e-05,2026-09-23T20:00:01-04:00,2026-09-23T20:00:01+00:00,True,0.0001387116462299165,0.02014093103256953,-0.029684292293180925,0.030735361390667792,0.05134949679780432,-0.004031335773101441,0.0,0.0,1.0
2026-09-25,2026-09-24,ALAB,interconnect,0.0001387116462299165,0.030735361390667792,0.05538083257090578,0.6277749096541025,-0.019607309909714044,0.015767955169258885,-0.01886022207707383,-0.006120254734926833,-0.013854886138275346,0.5384615384615384,0.8601442780142083,1.1412733357170324,0.22806240632238728,-0.005852819616654181,1.2576874969178282,0.00028711763103861365,,09:30,14:55,True,-0.0038405735256463736,2026-09-24T20:00:01-04:00,2026-09-24T20:00:01+00:00,True,0.011400515935757749,0.04815400404981829,0.015228426395939021,-0.0037704918032787083,0.032431693989070975,-0.02678333333333338,0.0,0.0,0.0
2026-09-21,2026-09-18,AMAT,semi_equipment,0.06509343555342606,0.05425786715359626,0.05928525694230359,0.9827999999999997,-0.000966292134831459,0.023631103417202093,0.021014193192779418,0.01676424846766067,0.021765111468627918,0.5769230769230769,2.2316585697557056,1.9890211732276581,-0.026112291616464778,-0.0021593899723327814,6.29273552368851,0.058774738906659296,0.015479359099869638,09:30,15:55,True,-0.0054080861515208856,2026-09-18T20:00:01-04:00,2026-09-18T20:00:01+00:00,True,0.044245000787277666,0.053849787435049645,0.025586521807589246,0.018192983802870932,0.027558148460888887,-0.007215782605358156,0.0,0.0,0.0
2026-09-22,2026-09-21,AMAT,semi_equipment,0.044245000787277666,0.018192983802870932,0.034773931066247064,0.7306843267108183,-0.00911399970118032,0.00412330434591901,-0.0024496110705229945,-0.0023638629819056067,0.00167218668076341,0.5641025641025641,1.6484789798171942,1.133511713833213,0.09436364064967839,0.004545062898500873,1.788835239305379,,0.005938376494965869,10:05,15:40,True,0.022583620127314186,2026-09-21T20:00:01-04:00,2026-09-21T20:00:01+00:00,True,0.01770635877994131,0.017770980527313407,-0.01365672927795969,0.03179733566280851,0.03186285215112483,-0.009958506224066355,0.0,0.0,0.0
2026-09-23,2026-09-22,AMAT,semi_equipment,0.01770635877994131,0.03179733566280851,0.041821358375191166,0.9984334203655337,-6.349340726796715e-05,0.02413190652981001,0.008162002411258307,0.003525913338997322,0.005469365170571727,0.5897435897435898,1.0199655345160736,1.363233840786815,0.12177980387966847,0.0010794564619227565,0.7278998814142786,0.009627812109138656,0.0093143579432442,09:30,15:55,True,-0.014991755619196412,2026-09-22T20:00:01-04:00,2026-09-22T20:00:01+00:00,True,0.004063836091944273,0.005164458366845759,-0.00260339499640172,0.006684633830613462,0.007788128939159034,-0.021709144154659077,0.0,0.0,0.0
2026-09-24,2026-09-23,AMAT,semi_equipment,0.004063836091944273,0.006684633830613462,0.029497273093818256,0.9625899280575552,-0.0010949673615497924,-0.014960847144706468,0.00016866961838490901,0.0038088789199712814,0.0016892605262046612,0.5384615384615384,0.804603578185945,0.9615106360647863,0.14203861524387307,-0.0008010455752771595,0.6557584558601077,0.012425487551554149,0.006886982606833181,09:50,09:30,True,0.0016297675993734995,2026-09-23T20:00:01-04:00,2026-09-23T20:00:01+00:00,True,-0.0002740419073317124,0.0008853661621486264,-0.017686243096251886,0.017725702268289067,0.01890598510697661,-0.01163115088306621,0.0,0.0,0.0
2026-09-25,2026-09-24,AMAT,semi_equipment,-0.0002740419073317124,0.017725702268289067,0.030537135990042742,0.9613492621222761,-0.0011583824768324202,-0.003605227579991044,0.0046711648253874305,0.004405193044877853,0.009816029299037687,0.6025641025641025,0.5954026613695559,1.0166303859404884,0.1362002874940107,-0.005861043753294659,0.49925818357838686,-0.00012563592252301525,0.008966410230795807,09:30,15:55,True,-0.003526997563165324,2026-09-24T20:00:01-04:00,2026-09-24T20:00:01+00:00,True,0.022667369530838144,0.028318397469689005,0.00977332630469152,0.012769245225889403,0.01836557837476649,-0.00527266462720688,0.0,0.0,0.0
2026-09-21,2026-09-18,AMD,compute_chips,0.027023060412042055,0.022745126696749995,0.03357874929206934,0.9951033732317781,-0.00016074011894751106,0.0017538410946891236,0.02733403679405444,0.026382853895092095,0.02626995911932406,0.5128205128205128,1.751533669345049,0.9936644008879433,0.08464921628271949,-0.004144189203672655,7.045276189855834,0.02070436376527529,0.015360707691576936,11:00,15:55,True,0.00482489130235364,2026-09-18T20:00:01-04:00,2026-09-18T20:00:01+00:00,True,0.09949626665713973,0.10158622414347462,0.0429781001036047,0.05418921696238943,0.05619305336713043,-0.0027574159073782134,1.0,1.0,1.0
2026-09-22,2026-09-21,AMD,compute_chips,0.09949626665713973,0.05418921696238943,0.05895046927450859,0.9660081348053436,-0.0018972255103861801,0.044025313420565926,0.007117495950390351,0.0018555291513395744,0.012401723740912418,0.5769230769230769,2.7524855587843056,1.7238322307263891,0.24748181025921645,0.007099688068624932,1.604861321367282,,0.012131812903623196,09:30,15:55,True,0.025773195876288568,2026-09-21T20:00:01-04:00,2026-09-21T20:00:01+00:00,True,0.013403301273719803,0.01462178320769425,-0.014548674291655739,0.028364643525425892,0.02960111447248015,-0.0004162785521750756,0.0,0.0,0.0
2026-09-23,2026-09-22,AMD,compute_chips,0.013403301273719803,0.028364643525425892,0.030017393024655198,0.9588081834408897,-0.001200922308332797,0.019923668526868443,0.007803664329337101,0.004844848069913921,0.004622322435174686,0.5384615384615384,1.5502693023787442,0.8343377175070299,0.23714795715985715,-0.00043285185244557045,1.9240463729696606,0.005324754602917148,0.008836596480088499,09:30,15:55,True,-0.013890694047309471,2026-09-22T20:00:01-04:00,2026-09-22T20:00:01+00:00,True,-0.014684899882969615,0.0014747422928322873,-0.003639161870561236,-0.01108608205953332,0.0051325824617860505,-0.021592920353982192,0.0,0.0,0.0
2026-09-24,2026-09-23,AMD,compute_chips,-0.014684899882969615,-0.01108608205953332,0.02672550281576818,0.39313903154143026,-0.016135845961332107,-0.017634754625905136,0.0006023704089606063,-7.874292452525467e-05,0.0004232115243754109,0.47435897435897434,0.8641991919281375,0.7815083357803193,0.199239024390244,-4.881144140178595e-05,0.7411382362214312,-0.00632324842335974,0.0005758969466347352,10:20,09:30,True,-0.0043124869743654815,2026-09-23T20:00:01-04:00,2026-09-23T20:00:01+00:00,True,0.023836253884577108,0.02634190787653945,-0.023315598509624058,0.0482774705137603,0.05084293996135125,-0.0015492770040647086,0.0,0.0,1.0
2026-09-25,2026-09-24,AMD,compute_chips,0.023836253884577108,0.0482774705137603,0.05239221696541603,0.951033386327505,-0.0024413443246670274,0.028270140601052818,0.0016395269248523636,0.004501628248515299,0.015689059624883095,0.5384615384615384,1.1435101259601892,1.5320555265409626,0.15441486726962506,0.00033372532816322575,0.9080609416214459,0.023984659869385805,0.013111058415512744,09:30,15:55,True,-0.013276590151004797,2026-09-24T20:00:01-04:00,2026-09-24T20:00:01+00:00,True,0.0021771604742077955,0.015478498553856967,0.008382862409814562,-0.006154112854294791,0.007036648884616303,-0.014207254130977787,0.0,0.0,0.0
2026-09-21,2026-09-18,AMZN,platform_software,0.010032246506628484,0.0031235173177290854,0.014036058832832562,0.5154929577464807,-0.006733743099870848,-0.0010675312351731137,-0.0022220037361124767,-0.003397819895904819,0.0031631805780711897,0.5384615384615384,1.6185461539771862,0.8670475043906111,-0.011955759794376353,0.0021284143313231585,4.177250367599262,0.00371354985986172,0.0008441679822828174,10:15,11:05,True,0.004737449739241173,2026-09-18T20:00:01-04:00,2026-09-18T20:00:01+00:00,True,0.01868274801939207,0.02278191636119975,0.010602656576405911,0.007995319812792667,0.012051482059282526,-0.010920436817472678,0.0,0.0,0.0
2026-09-22,2026-09-21,AMZN,platform_software,0.01868274801939207,0.007995319812792667,0.02297191887675513,0.8234295415959223,-0.004007861574627181,-0.00226209048361925,-0.0010242931411011957,-0.002027222704894416,0.0015889009455896108,0.5512820512820513,1.33973102380815,1.457946730556818,0.019365780547448086,0.0027084542464692607,2.506592833626036,,0.004326284726711371,09:45,15:20,True,0.009104883528437968,2026-09-21T20:00:01-04:00,2026-09-21T20:00:01+00:00,True,-0.013426194621783738,0.002128071193654435,-0.01292319597601077,-0.0005095841009761237,0.015248324252283174,-0.005213437340754967,0.0,0.0,0.0
2026-09-23,2026-09-22,AMZN,platform_software,-0.013426194621783738,-0.0005095841009761237,0.02046176159303829,0.22988505747126223,-0.015521235521235521,0.006389400650699706,0.00021574973031279754,-0.003435485951246653,-0.003006464543933496,0.47435897435897434,1.40849209079692,1.2627134968358416,0.026406891554625167,0.0017648443015139126,1.1850502458548635,-0.021504741292586393,-0.0020878451836137124,09:30,09:45,True,-0.012149351905590966,2026-09-22T20:00:01-04:00,2026-09-22T20:00:01+00:00,True,-0.022393913248097808,-0.0038826574633303856,-0.007765314926660882,-0.01474308300395255,0.003913043478260825,-0.020711462450592966,0.0,0.0,0.0
2026-09-24,2026-09-23,AMZN,platform_software,-0.022393913248097808,-0.01474308300395255,0.024624505928853825,0.2423756019261661,-0.018583408795621925,-0.015093675889328084,-0.0024806924969756894,-0.0036572936027339242,0.00048163756773034194,0.47435897435897434,1.454360624744912,1.4712489480601803,0.01345747275979825,-0.005696634171781678,0.9840139088884112,-0.014032261788487932,,13:25,09:30,True,-0.0058435955761235725,2026-09-23T20:00:01-04:00,2026-09-23T20:00:01+00:00,True,0.00044128856260283733,0.004653588478356729,-0.013920648293015647,0.014564686737184696,0.0188364524003255,-0.0007933279088691014,0.0,0.0,0.0
2026-09-25,2026-09-24,AMZN,platform_software,0.00044128856260283733,0.014564686737184696,0.019629780309194534,0.7823834196891176,-0.0041927884039452135,0.0032750203417410972,-0.003058226228787375,-0.00024053880692753715,-0.0005214217781164265,0.5,0.8132660217995907,1.1086312112963306,-0.007205700863887943,-0.0011227845055737928,0.9750513635696265,0.0005896945474115345,0.004778584471153868,10:00,14:35,True,-0.009231265368645936,2026-09-24T20:00:01-04:00,2026-09-24T20:00:01+00:00,True,0.0011628839522013212,0.006004892132488671,-0.0032881546234662107,0.004465722561956875,0.009323704538139577,-0.00555197940135177,0.0,0.0,0.0
2026-09-21,2026-09-18,APP,platform_software,-0.04210199004975135,-0.04740406320541757,0.06305080552892788,0.014713094654242843,-0.06122200213317075,-0.02381026005751563,-0.012153278819945545,-0.013071057858653146,-0.009771777563484463,0.3974358974358974,1.9275821227060315,1.5133008501744731,-0.04908013334979622,0.00506881776277357,15.024579670564137,-0.04842068669651811,-0.011735638045196062,15:55,09:30,True,0.004415422885571951,2026-09-18T20:00:01-04:00,2026-09-18T20:00:01+00:00,True,0.0717717327793288,0.09374797117444644,0.005291177043433182,0.06613064677580804,0.08799121702347512,-0.009331912557718924,0.0,0.0,1.0
2026-09-22,2026-09-21,APP,platform_software,0.0717717327793288,0.06613064677580804,0.09732312958119406,0.775381552753816,-0.02009259808868047,0.04331751105944659,-0.0077833874263733005,-0.012117766740470381,0.0018661528424694929,0.6666666666666666,1.4097959435460286,2.2565406657053053,-0.012176878889420761,-0.0005148862707090585,0.9316198236480507,,0.01222273680210062,09:35,15:45,True,0.002174900993312967,2026-09-21T20:00:01-04:00,2026-09-21T20:00:01+00:00,True,-0.004361389587182352,0.010403731411091188,0.008571342035920804,-0.012822822822822766,0.0018168168168168908,-0.02798798798798796,0.0,0.0,0.0
2026-09-23,2026-09-22,APP,platform_software,-0.004361389587182352,-0.012822822822822766,0.029804804804804838,0.5088161209068016,-0.014613090331379919,-0.017927927927927967,0.006121262204266564,0.00012169521433569308,0.006013495937447599,0.4230769230769231,0.7838285882679523,0.6822466334834392,-0.008236287938212628,-0.0010038633529037,0.9126460428616989,-0.012439936257985007,0.003972733189130162,12:40,09:30,True,0.009358815155828815,2026-09-22T20:00:01-04:00,2026-09-22T20:00:01+00:00,True,-0.04100629696103186,-0.03720378426063953,-0.03902899035682794,-0.002057613168724215,0.0018993352326686086,-0.035232668566001935,0.0,0.0,0.0
2026-09-24,2026-09-23,APP,platform_software,-0.04100629696103186,-0.002057613168724215,0.03713200379867052,0.8934356351236148,-0.003949447077409185,-0.028173472617917028,0.0022891298127365456,-0.0026259174892432346,0.013893802463577076,0.5512820512820513,1.6353636441956185,0.8499698203711527,-0.03463375796178347,-0.005043616177636712,0.6095461834581333,-0.03264464550142199,0.013372734535296082,10:00,15:30,True,-0.043135704073251624,2026-09-23T20:00:01-04:00,2026-09-23T20:00:01+00:00,True,-0.008818398096748559,0.016478984932593255,-0.0012053925455987047,-0.0076221932861180175,0.01770571982087832,-0.021056308952901226,0.0,0.0,0.0
2026-09-25,2026-09-24,APP,platform_software,-0.008818398096748559,-0.0076221932861180175,0.03876202877377961,0.34657927079066153,-0.024887266145516285,-0.006859973957506371,0.004323021293692442,0.0025829015128422395,-0.008566805216232432,0.5,0.765762247159111,0.8872818933421127,-0.02838930348258706,0.0008320798796683793,0.2746930910103628,-0.008669992111939862,-0.0030323559334651806,09:45,09:30,True,-0.00029242368377568884,2026-09-24T20:00:01-04:00,2026-09-24T20:00:01+00:00,True,-0.005504528434729816,0.011329087592408804,9.600921688468489e-05,-0.005600000000000049,0.011231999999999909,-0.013344000000000023,0.0,0.0,0.0
2026-09-21,2026-09-18,ARM,compute_chips,0.04043035107587789,0.023545140565232048,0.05245664203216103,0.9879646017699144,-0.0006164333889330242,-0.009655735878486116,0.02398246363619494,0.0242298115872015,0.02330648179501349,0.5,1.7811893558914922,1.0895832376552823,0.04086257033875906,-0.002358404992562124,5.797689074370552,0.03411165442911113,0.016765943395880223,09:35,15:55,True,0.015326538316345895,2026-09-18T20:00:01-04:00,2026-09-18T20:00:01+00:00,True,0.171583033997315,0.17615471136751215,0.06803091324697941,0.09695610816687039,0.1012365810572089,-0.004348416904470853,1.0,1.0,1.0
2026-09-22,2026-09-21,ARM,compute_chips,0.171583033997315,0.09695610816687039,0.10558499796167971,0.959459459459458,-0.0038869693978283992,0.05323413507269992,0.004979769685651947,0.005621389308460012,0.013814756671899353,0.5384615384615384,3.399753185519717,2.0958898970314936,0.3509894983473494,0.006534530814493733,3.3583253884021995,,,09:30,15:55,True,0.020000000000000018,2026-09-21T20:00:01-04:00,2026-09-21T20:00:01+00:00,True,0.031898420563642116,0.036419944255187575,-0.010808299783214514,0.04317335086565843,0.047744278513509375,-0.002269809962117675,0.0,0.0,0.0
2026-09-23,2026-09-22,ARM,compute_chips,0.031898420563642116,0.04317335086565843,0.050014088475627,0.9086071987480416,-0.004362636705910639,0.022541561003099453,0.006400246465366299,0.00643368471924366,-0.0031264491615432544,0.6153846153846154,1.8758687913782262,0.9927927714063128,0.3778273994128105,-0.0013505402160863822,1.7542492647339674,0.02381987389283946,0.012510685142442135,09:30,13:45,True,-0.013100030969340204,2026-09-22T20:00:01-04:00,2026-09-22T20:00:01+00:00,True,-0.0019207683073229065,0.011344537815126232,-0.004261704681872813,0.0023509554524083764,0.015673036349388214,-0.02176140816203498,0.0,0.0,0.0
2026-09-24,2026-09-23,ARM,compute_chips,-0.0019207683073229065,0.0023509554524083764,0.03743444451142328,0.6441223832528172,-0.013116505430589398,-0.00819820362891066,-0.0037147992810065977,-0.0019207683073229065,0.0033489214059436723,0.48717948717948717,1.7712361022080332,0.7430244515745488,0.36306254611033695,-0.0021650228530191162,1.8737579596981453,0.006440883152286969,0.0063186239971282365,12:00,09:30,True,-0.002581032412965256,2026-09-23T20:00:01-04:00,2026-09-23T20:00:01+00:00,True,-0.07884291556410883,-0.0197257637719509,-0.04008299254269898,-0.040378410550387045,0.02120728001754224,-0.048804936879366045,0.0,0.0,0.0
2026-09-25,2026-09-24,ARM,compute_chips,-0.07884291556410883,-0.040378410550387045,0.07001221689690826,0.12035794183445167,-0.06030674846625772,0.014848228549948272,-0.022090276447679247,-0.01258809961404761,-0.016280787386403928,0.41025641025641024,1.884001889459311,1.3896503538998486,0.15643639109097762,0.008895345041457281,2.0699834596443356,-0.07869450957930013,-0.01865596242927592,15:55,09:45,True,-0.04008299254269898,2026-09-24T20:00:01-04:00,2026-09-24T20:00:01+00:00,True,0.012992100280733831,0.06247959783247392,0.03969445713912645,-0.025682888540031423,0.021915227629513367,-0.026436420722135034,0.0,0.0,0.0
2026-09-21,2026-09-18,ASML,semi_equipment,0.030834463418974334,0.030625766871165583,0.03272392638036805,0.9683164604424479,-0.0010049892662388205,0.007392638036809895,0.01860868405255789,0.015806213643894562,0.019171034750534055,0.5384615384615384,2.2091448598281365,1.6074699803448809,-0.010822587293175423,-0.0047799895233106016,7.605259634182266,0.02451576677220757,0.009152868727268837,09:30,15:55,True,-0.015119090799177837,2026-09-18T20:00:01-04:00,2026-09-18T20:00:01+00:00,True,0.018691366255535913,0.025245249773798717,0.007827753702557283,0.010779235353529426,0.017282215147631286,-0.009438475668460233,0.0,0.0,0.0
2026-09-22,2026-09-21,ASML,semi_equipment,0.018691366255535913,0.010779235353529426,0.026720690816091484,0.7566312997347483,-0.006392503178833331,-0.0033725717188303195,-0.0020526696368173836,-0.0022155884136386694,0.0012637786983078492,0.5128205128205128,1.2658973696793345,1.250217148545288,0.08644890962765439,0.00369714606268845,0.31800612374244575,,0.005459482226091161,10:05,15:40,True,0.008298014191151948,2026-09-21T20:00:01-04:00,2026-09-21T20:00:01+00:00,True,0.021375312624173137,0.022427132272164307,-0.008952153892901382,0.030601415094339668,0.031662735849056656,-0.0010082547169811829,0.0,0.0,0.0
2026-09-23,2026-09-22,ASML,semi_equipment,0.021375312624173137,0.030601415094339668,0.03267099056603778,0.967514889009205,-0.0010287477853345717,0.02453419811320745,0.0038825137553557543,0.0029781202839256338,0.008356337057196406,0.6538461538461539,1.0263383492932057,1.4684365665052255,0.09828587226983698,5.72115109560567e-05,0.21002762007058462,0.013296765953370482,0.008756398865080062,09:30,15:45,True,0.002891455129228504,2026-09-22T20:00:01-04:00,2026-09-22T20:00:01+00:00,True,-0.0018822587104526667,-0.0007408890668803014,-0.009554322329652698,0.007746072088724576,0.008898451940850371,-0.015538354898336437,0.0,0.0,0.0
2026-09-24,2026-09-23,ASML,semi_equipment,-0.0018822587104526667,0.007746072088724576,0.02443680683918673,0.9528424536106815,-0.0011422158988437792,-0.012644408502772708,0.004959677419354769,0.00658319870759283,0.00533030610363272,0.5512820512820513,1.0026803277010887,1.074007608840162,0.0888704422613622,-0.0012094393589398011,1.4199754722712903,0.006479392749157209,0.008982690838932994,10:20,15:55,True,-0.0007905868231683488,2026-09-23T20:00:01-04:00,2026-09-23T20:00:01+00:00,True,-0.012673319538464178,-0.004453717449745209,-0.02016496523578326,0.007645823461621681,0.016034584627624415,-0.005001667222407469,0.0,0.0,0.0
2026-09-25,2026-09-24,ASML,semi_equipment,-0.012673319538464178,0.007645823461621681,0.02103625185003177,0.6012235817575085,-0.008256373644089265,0.004428376710365445,-0.002484320761894643,0.000813433269420738,5.515543672940382e-05,0.5384615384615384,0.8286916204576704,0.9035715783359773,0.05696245252106258,0.0006323367198837193,0.17836044192112935,-0.012524913553655481,0.0014441150792039448,09:30,13:05,True,-0.004121055269937779,2026-09-24T20:00:01-04:00,2026-09-24T20:00:01+00:00,True,0.012447024673439833,0.02133526850507983,0.010885341074020394,0.0015448671931084235,0.010337401292175086,-0.0075463029432879525,0.0,0.0,0.0
2026-09-22,2026-09-21,AVGO,interconnect,,0.011166720107066874,0.029192399381020837,0.8748806112702961,-0.0035991977360771976,-0.002551198226708018,-2.7573275980907752e-05,-0.0020360489917580216,0.005545389009038892,0.6025641025641025,1.2696884868034828,1.2096556997695598,,0.005073622676887268,0.7103336377543619,,,09:30,15:35,True,-0.008674033149171256,2026-09-21T20:00:01-04:00,2026-09-21T20:00:01+00:00,True,0.005183918822037059,0.010726300115810883,0.0015717200683835753,0.003606530297607602,0.009140214189356621,-0.010846846350797024,0.0,0.0,0.0
2026-09-23,2026-09-22,AVGO,interconnect,0.005183918822037059,0.003606530297607602,0.019987060540153666,0.7231366823234499,-0.005483562951848264,0.0011149960080389931,0.0006862664360811621,-0.0020941405127221646,0.00037046692553621696,0.5384615384615384,0.9227586495023897,0.8282108431194898,,0.004334229439841852,0.8117482888680813,-0.0028946278487655963,0.002850245614554048,09:45,15:50,True,0.001351724137931054,2026-09-22T20:00:01-04:00,2026-09-22T20:00:01+00:00,True,-0.026197399462336124,-0.004498820431228512,-0.006419048664069837,-0.01990612921038093,0.001932633903920511,-0.022611816675869645,0.0,0.0,0.0
2026-09-24,2026-09-23,AVGO,interconnect,-0.026197399462336124,-0.01990612921038093,0.024544450579790135,0.11023622047244316,-0.021796638192339346,-0.01907785753727209,-0.0004505138673799314,0.0013257362067020662,-0.0014907740774077194,0.47435897435897434,0.9546478337147286,1.0170570138492385,,0.0009293219527310992,1.6290499261476783,-0.01783574800272625,-0.0023598982896745335,13:10,09:30,True,-0.00595270752180832,2026-09-23T20:00:01-04:00,2026-09-23T20:00:01+00:00,True,-0.013042620918899073,-0.010028733203752305,-0.0168737147525283,0.00389684813753588,0.006962464183380979,-0.006045845272206307,0.0,0.0,0.0
2026-09-25,2026-09-24,AVGO,interconnect,-0.013042620918899073,0.00389684813753588,0.01300830945558736,0.7643340161677649,-0.0030444193849185064,-0.0017478510028653416,0.0005711674663011479,0.002311530187210975,0.0020306020306022354,0.5384615384615384,0.7766902545622443,0.5321385178629019,,-0.0009418883434183511,0.31835238677022426,-0.012894214934090376,0.002645902532031119,11:20,13:05,True,-0.016197639370123085,2026-09-24T20:00:01-04:00,2026-09-24T20:00:01+00:00,True,0.006992807398104706,0.011616622902157703,0.006450508048863934,0.0005388236628665055,0.005133004367307681,-0.009046565708127674,0.0,0.0,0.0
2026-09-21,2026-09-18,CDNS,eda,0.007622168400057028,0.0034405703543431976,0.015925939062887983,0.5367483296213726,-0.0072987578075656145,-0.0007093959493490454,-0.0009534908358937999,0.0022319056222765976,0.0015932023366966863,0.5384615384615384,1.5432764793023084,0.5607542172671541,-0.02235891764868514,0.0003888299752563551,3.8642739168807463,0.001303471753290264,-8.067884116724766e-05,10:00,11:30,True,0.006660492947713426,2026-09-18T20:00:01-04:00,2026-09-18T20:00:01+00:00,True,0.04241781548250256,0.04559915164369044,0.010003534817957016,0.03209323487208193,0.03524306163161017,-0.00818954957477347,0.0,0.0,0.0
2026-09-22,2026-09-21,CDNS,eda,0.04241781548250256,0.03209323487208193,0.04343261120638373,0.9274778404512464,-0.0030425963488844854,0.013299268540230225,0.0011882532676963375,-0.0016250253910218282,0.003966159974126304,0.5897435897435898,0.9928031959714768,1.5292674299915245,0.05676198666953325,0.0,0.7432159457700928,,0.0060267230632029545,09:35,15:45,True,0.010957935666313201,2026-09-21T20:00:01-04:00,2026-09-21T20:00:01+00:00,True,0.027297388945405343,0.03034927093930162,0.012716174974567673,0.014398124895362407,0.01741168591997333,-0.0155700652938221,0.0,0.0,0.0
2026-09-23,2026-09-22,CDNS,eda,0.027297388945405343,0.014398124895362407,0.03298175121379549,0.9086294416243622,-0.002961987822939105,-0.005742507952452569,-0.0019766101136551306,0.0011235583754667378,0.005142667551426783,0.6025641025641025,1.220024634803739,1.143946982352953,0.10581836764491181,-0.0009701270836771636,0.9265991060910834,0.019218842274602688,0.007135330994094025,09:50,12:55,True,0.012716174974567673,2026-09-22T20:00:01-04:00,2026-09-22T20:00:01+00:00,True,0.020267370853276123,0.0420861528305001,0.008846344281234542,0.011320878186041883,0.03294833622353832,0.0,0.0,0.0,0.0
2026-09-24,2026-09-23,CDNS,eda,0.020267370853276123,0.011320878186041883,0.032948336223538245,0.3435948361469694,-0.02093759898637948,0.009603114877466234,-0.013421854801385358,-0.005789829200038676,-0.0015827895858906427,0.5128205128205128,1.5405482901606595,1.1051984347532235,0.10428724544480161,0.008767672846096808,0.6088414431574052,0.028629022312886,,09:30,15:00,True,0.012873411454035422,2026-09-23T20:00:01-04:00,2026-09-23T20:00:01+00:00,True,0.0417677699052057,0.043353068685496154,-0.00394707043256004,0.04589599506285125,0.04748757592490338,-0.008672491636080193,0.0,0.0,0.0
2026-09-25,2026-09-24,CDNS,eda,0.0417677699052057,0.04589599506285125,0.0561600675609836,0.9716599190283396,-0.001519426958975445,0.033536882450384775,0.006312894555909665,0.003865818680633515,0.010021800159972338,0.5256410256410257,0.9259672861371788,1.8837982695979976,0.1468870209431543,-3.105590062113528e-05,0.24095759898258715,0.041916175890014395,0.008389923223565576,09:30,15:55,True,-0.009220615354750938,2026-09-24T20:00:01-04:00,2026-09-24T20:00:01+00:00,True,0.012826086956521765,0.027360248447205082,0.009223602484472071,0.0035695602671015347,0.017970889620580355,-0.0067390836077178,0.0,0.0,0.0
2026-09-21,2026-09-18,CEG,power_industrial,-0.03078386605783867,-0.02128722382324688,0.030201729106628293,0.019083969465649546,-0.02938038259279019,-0.009375600384245897,-0.0073268638684280685,-0.007017270281860277,-0.007558932398207596,0.5128205128205128,2.0928748482004043,1.0695051379849199,-0.10549604916593502,0.004083074869459358,9.78641088782123,-0.037102562704605435,,13:10,09:30,True,-0.006849315068493178,2026-09-18T20:00:01-04:00,2026-09-18T20:00:01+00:00,True,0.029052648109614942,0.04373601350555534,0.006556475992304911,0.02234963725719652,0.03693735860831593,-0.02273968328262732,0.0,0.0,0.0
2026-09-22,2026-09-21,CEG,power_industrial,0.029052648109614942,0.02234963725719652,0.059677041890943174,0.7555555555555551,-0.014068083505736295,0.013573601684998993,-0.002948057135249149,-0.010532276330690649,-0.0065570042449968335,0.5512820512820513,1.3166001557433695,2.0130141102709818,-0.00929810636126538,0.0029521956430507146,1.6013902521625827,,,09:40,13:00,True,0.0036904715166268254,2026-09-21T20:00:01-04:00,2026-09-21T20:00:01+00:00,True,0.005150509328144537,0.015890275075350013,0.005913547747129044,-0.0007585526814839483,0.009918076310399648,-0.015360691800045512,0.0,0.0,0.0
2026-09-23,2026-09-22,CEG,power_industrial,0.005150509328144537,-0.0007585526814839483,0.02527876811044513,0.5776444111027738,-0.01057177729790626,-0.000530986877038786,-0.0019698462004699158,-0.005623702585393464,-0.005054035467750406,0.5,0.9210787759365985,0.8375111847016614,0.013736580861133607,0.0034919911941091453,1.0914047674149503,-0.0029280373426581185,-0.0013200481187896074,10:00,12:50,True,0.00640952271946893,2026-09-22T20:00:01-04:00,2026-09-22T20:00:01+00:00,True,0.0015941698929629045,0.002922644803765362,-0.005845289607530391,0.0074832009773975194,0.008819486866218806,-0.014546426389737355,0.0,0.0,0.0
2026-09-24,2026-09-23,CEG,power_industrial,0.0015941698929629045,0.0074832009773975194,0.023365913255956033,0.9428104575163362,-0.0013246035650760213,-0.008036805131337865,0.0005687635081332854,0.001632188271019297,0.00479780671692942,0.5512820512820513,1.0029164807578723,0.7741363664215124,0.01676106808461464,-0.0014400485068970514,2.504998842860449,0.00995582135257278,,09:35,15:55,True,-0.005541638199347054,2026-09-23T20:00:01-04:00,2026-09-23T20:00:01+00:00,True,-0.008564499014703575,-0.00018948006669705642,-0.010838259815067475,0.0022986744310782292,0.010765458585549004,-0.009654432610527897,0.0,0.0,0.0
2026-09-25,2026-09-24,CEG,power_industrial,-0.008564499014703575,0.0022986744310782292,0.02041989119607687,0.5853658536585392,-0.008376606147898147,-0.004635660102674022,-0.0002674920707707029,-0.00011465698452117756,-0.00259245139153641,0.5384615384615384,0.5186845318684451,0.6765316724448651,-0.004490106544901118,-0.0021787325128047597,0.6026799352001851,-0.008416093029894878,,10:55,13:15,True,-0.009250838466361988,2026-09-24T20:00:01-04:00,2026-09-24T20:00:01+00:00,True,0.006306857273908673,0.01819432765079121,0.0014524883418698398,0.004847328244274696,0.016717557251908488,-0.005992366412213679,0.0,0.0,0.0
2026-09-21,2026-09-18,CRDO,interconnect,0.04540861812778596,0.027935246332768227,0.033819765063409515,0.9844476317199186,-0.0005114217524718745,0.011892934369703623,0.01935670820052149,0.012724550898203457,0.02089500261187527,0.5128205128205128,1.7928133946028115,0.7157897420366456,0.07941086222767724,0.0003411222923417334,7.581498946982877,0.039089921481019196,0.011178186981975147,09:30,15:55,True,0.015750371471025204,2026-09-18T20:00:01-04:00,2026-09-18T20:00:01+00:00,True,0.06469952811416246,0.07317073170731714,0.02854056512593095,0.035155602233154726,0.043391741750041346,-0.024432038029959635,0.0,0.0,0.0
2026-09-22,2026-09-21,CRDO,interconnect,0.06469952811416246,0.035155602233154726,0.06782377978000101,0.8785656071719655,-0.007893621529985073,0.0361505721076778,0.0008283675814337865,0.0026770894683301183,0.013119099786307542,0.5256410256410257,1.6259245227557493,1.5187319226954337,0.2477180358451596,0.00849041490895508,0.8540967025846027,,0.010179492646955168,09:30,15:35,True,0.027574051964295965,2026-09-21T20:00:01-04:00,2026-09-21T20:00:01+00:00,True,0.028247984193944475,0.035937416564318925,-0.019170182090030408,0.0483449477351916,0.056184668989547104,-0.0027765679442509628,0.0,0.0,1.0
2026-09-23,2026-09-22,CRDO,interconnect,0.028247984193944475,0.0483449477351916,0.05896123693379798,0.8670360110803328,-0.007422680412371152,0.049107142857142794,0.013847206865687411,0.004748238977302366,0.008273117603937674,0.5641025641025641,1.1279003506039265,1.2479048419134715,0.28040428219961444,0.0007270461154964547,0.8214495009614504,0.02016943752314182,0.009858903576316136,09:30,10:20,True,-0.021306135526245606,2026-09-22T20:00:01-04:00,2026-09-22T20:00:01+00:00,True,0.00680307436643135,0.01864353967594523,-0.005504777731616173,0.012375979112271507,0.0242819843342037,-0.011697127937336904,0.0,0.0,0.0
2026-09-24,2026-09-23,CRDO,interconnect,0.00680307436643135,0.012375979112271507,0.03597911227154055,0.6690856313497828,-0.011623757328575124,0.006214099216710123,-0.010059232026143783,-0.006457233639112325,-0.0023157678056813236,0.5384615384615384,1.0122823571953352,0.7614919690680193,0.20050777137903264,-0.0026306287718573795,0.5782071238897537,0.015164725826041225,0.0043402530627327796,12:00,10:55,True,-0.0073223930203573095,2026-09-23T20:00:01-04:00,2026-09-23T20:00:01+00:00,True,0.01083200082529534,0.01317893433744266,-0.02506834476711206,0.03682344849478869,0.0392307285328819,-0.010634357970477737,0.0,0.0,0.0
2026-09-25,2026-09-24,CRDO,interconnect,0.01083200082529534,0.03682344849478869,0.049865086503359676,0.9517241379310332,-0.002316405752831985,0.009417491138035139,0.000868232890704812,0.008880537465571825,0.00994640280354564,0.5256410256410257,0.5713970871316331,1.0553863203352627,0.16475482912332828,-0.009033015257437271,0.5790495375881329,0.010980406810104038,0.013922942277086792,09:30,15:40,True,-0.02506834476711206,2026-09-24T20:00:01-04:00,2026-09-24T20:00:01+00:00,True,0.07654232790733273,0.09644333316323928,0.028677858855947314,0.04653008581774887,0.06587628354581088,-0.017806438811448944,0.0,0.0,1.0
2026-09-21,2026-09-18,CRWD,platform_software,-0.03276353276353272,-0.03777633816503356,0.05102639889869622,0.21821067248561807,-0.039807678710315986,-0.04170378168272726,-0.009936050992563561,-0.005856515373352855,-0.0036266062931051835,0.47435897435897434,1.4353071399071564,0.9343335183924305,0.1495114636741801,-0.0031559015358720854,6.819440517212459,-0.039082229410299485,-0.005104352498210507,10:15,09:30,True,0.005250305250305232,2026-09-18T20:00:01-04:00,2026-09-18T20:00:01+00:00,True,0.049232063959604444,0.0532716179255206,-0.025373448348411487,0.07654779380018994,0.08069251359986174,-0.003324410672653544,0.0,0.0,1.0
2026-09-22,2026-09-21,CRWD,platform_software,0.049232063959604444,0.07654779380018994,0.08401692427251536,0.9506680369989718,-0.003835244297071716,0.06494430532769191,-0.0010816440990305543,-0.0007614009777990871,0.004228755537655893,0.5512820512820513,0.9934432499459601,1.5934517286189305,0.05935083694451526,-0.0028072989773409995,2.215865705789917,,,09:30,15:05,True,-0.02381653692404795,2026-09-21T20:00:01-04:00,2026-09-21T20:00:01+00:00,True,0.002847403248446012,0.005814718267495467,-0.004571886905955447,0.007453366101285219,0.010434309657145091,-0.014141251359735763,0.0,0.0,0.0
2026-09-23,2026-09-22,CRWD,platform_software,0.002847403248446012,0.007453366101285219,0.024575561016880944,0.8787029295562216,-0.0029501606659333435,-0.0015724950646629487,0.006156198446867656,0.004741240758598497,0.002787079181119978,0.5,0.7344509750921582,0.4485260188466991,0.031217782176584663,-0.0013596736783172414,0.6829852946697017,-0.005231143422356643,0.006691837831503733,09:50,14:25,True,-0.0032484459594946946,2026-09-22T20:00:01-04:00,2026-09-22T20:00:01+00:00,True,0.049708070063184895,0.05250739822442618,0.007718147644565354,0.0416683201714354,0.044446208182864266,-0.013810071828247228,0.0,0.0,0.0
2026-09-24,2026-09-23,CRWD,platform_software,0.049708070063184895,0.0416683201714354,0.05825628001111158,0.9523160762942787,-0.0026596755195865684,-0.0032144132703678663,0.002329311134871004,0.005747346641633788,0.008045469383052728,0.5512820512820513,1.1317925924417063,1.0632293329236349,0.08754557507457728,-0.004152539144348433,0.6552834757344435,0.05806972152279477,0.012678019545506958,09:30,12:05,True,0.00671838758697918,2026-09-23T20:00:01-04:00,2026-09-23T20:00:01+00:00,True,-0.010743266410148888,0.0052192464474838385,-0.00186673778048696,-0.008893129770992325,0.007099236641221474,-0.013246183206106932,0.0,0.0,0.0
2026-09-25,2026-09-24,CRWD,platform_software,-0.010743266410148888,-0.008893129770992325,0.020345419847328357,0.21395741487665795,-0.01587963313878571,-0.007557251908397067,-0.01455380353313973,-0.009913825479915594,-0.008514700267277409,0.47435897435897434,0.5622146550758794,0.3713221504737384,0.056857956857957026,0.004197635460391869,0.4620441273679175,-0.010594860425340191,-0.0059705489696154634,09:50,12:45,True,0.0059764439485958665,2026-09-24T20:00:01-04:00,2026-09-24T20:00:01+00:00,True,-0.029036854469133955,0.0007316979242886212,-0.0005391458389496506,-0.02851308133934416,0.0012715293029708086,-0.030786421608291814,0.0,0.0,0.0
2026-09-21,2026-09-18,CRWV,ai_cloud,0.01852779168753127,0.01916572717023679,0.03231867718902666,0.8527131782945753,-0.004648886713971123,0.006263309532757111,0.008303383318874813,0.0030822340032055084,0.010306717993294301,0.5128205128205128,3.166097349891289,0.6935330806635717,-0.08573997078323403,-0.0006145526057029782,3.9868732443061496,0.012209095040764506,,10:05,15:40,True,-0.0012518778167249778,2026-09-18T20:00:01-04:00,2026-09-18T20:00:01+00:00,True,0.05002458210422822,0.07239429695181898,0.002458210422812135,0.04744973025993149,0.06976459048553219,-0.007846983815595898,0.0,0.0,1.0
2026-09-22,2026-09-21,CRWV,ai_cloud,0.05002458210422822,0.04744973025993149,0.07761157430112799,0.7124802527646139,-0.020859598853868122,0.034330554193231944,-0.01601013591338385,-0.007089725708972594,-0.016915995397008055,0.5384615384615384,2.113858999203822,1.6863083683684719,0.029525186791998115,0.012407819267236109,1.5465134749833611,,,09:30,14:45,True,0.0031956735496558863,2026-09-21T20:00:01-04:00,2026-09-21T20:00:01+00:00,True,0.015568301533419149,0.04448086152405484,0.0032775371649302887,0.012250612530626759,0.04106872010267182,-0.012950647532376625,0.0,0.0,0.0
2026-09-23,2026-09-22,CRWV,ai_cloud,0.015568301533419149,0.012250612530626759,0.05401936763504853,0.4665226781857465,-0.027681273114423366,0.03593513008983806,-0.0038600995221375056,-0.0007486323063633504,0.001269474899018963,0.5384615384615384,1.4243171295544785,1.159212619758883,0.07217004448838371,0.007951821115721458,0.9908370515292694,0.007489754862616493,,09:30,10:15,True,0.0037457567599203934,2026-09-22T20:00:01-04:00,2026-09-22T20:00:01+00:00,True,0.0016136468418626038,0.04149377593360981,0.025645458736744953,-0.023430915322807166,0.015452042479069616,-0.02736416249929763,0.0,0.0,0.0
2026-09-24,2026-09-23,CRWV,ai_cloud,0.0016136468418626038,-0.023430915322807166,0.04281620497836717,0.09186351706036963,-0.03829127932713583,-0.015171096252177274,-0.01574357231849588,-0.015297450424929138,-0.014292196007259395,0.5128205128205128,1.7172763982277044,0.896224532695745,0.04259148170365945,-0.0015155350978136584,0.747528566005174,0.00997529830147248,-0.014404349256739502,09:35,11:00,True,0.02846934071000451,2026-09-23T20:00:01-04:00,2026-09-23T20:00:01+00:00,True,0.037169159953969855,0.04859033371691601,0.025776754890678877,0.01110612519632026,0.022240296163338558,-0.03594121606461742,0.0,0.0,0.0
2026-09-25,2026-09-24,CRWV,ai_cloud,0.037169159953969855,0.01110612519632026,0.058181512227956055,0.8086304301717976,-0.010891931191527982,-0.012675566524568138,-0.008688957325121094,-0.0008868196430550368,0.0050178412132024786,0.5256410256410257,1.3371710828496983,1.2178496117154058,0.12831747621432155,-0.004100743370686666,0.43476961710372486,0.03731756593877855,0.012603287429689525,11:30,14:55,True,0.02635212888377425,2026-09-24T20:00:01-04:00,2026-09-24T20:00:01+00:00,True,-0.028181515588594164,0.008654166204371538,0.00260734494618875,-0.03070879212084321,0.00603109611021968,-0.03945111492281306,0.0,0.0,0.0
2026-09-21,2026-09-18,CSCO,interconnect,-0.006621915820028912,-0.007612143180788289,0.02461984594472127,0.522673733804478,-0.011703252868957459,-0.010693248753964602,0.005232237929135408,0.005786186627479983,0.0058785707724808844,0.44871794871794873,2.631477789345897,1.3631403288286275,-0.023365736199054576,0.000809058533467244,7.282380415882092,-0.012940612466795676,-0.0006598969592239712,12:30,09:30,True,0.0024492017416546386,2026-09-18T20:00:01-04:00,2026-09-18T20:00:01+00:00,True,0.01780659300520493,0.018171856451465462,0.0027394758469545533,0.015025953920407842,0.015390219469993527,-0.008924505964848395,0.0,0.0,0.0
2026-09-22,2026-09-21,CSCO,interconnect,0.01780659300520493,0.015025953920407842,0.024314725434842015,0.9850187265917579,-0.00035874439461891505,0.0005463983243785275,0.005684381485157486,0.006774455785385269,0.01678525816456844,0.5512820512820513,1.1934496296810162,1.3462465564994652,0.012720334363074626,0.00026915485375922366,4.955686833511258,,0.008800694389514252,09:35,15:55,True,0.004931056524518196,2026-09-21T20:00:01-04:00,2026-09-21T20:00:01+00:00,True,-0.04503857886237217,-0.009240983312398976,-0.010631616723488113,-0.03477669462706878,0.0014055769666743156,-0.05227839492178643,0.0,0.0,0.0
2026-09-23,2026-09-22,CSCO,interconnect,-0.04503857886237217,-0.03477669462706878,0.05368397188846068,0.32601351351351215,-0.03613148600923666,-0.028655633643164924,0.003677510608203649,0.007382169222033053,0.009292622795372685,0.46153846153846156,2.199864971875138,2.848811816407915,-0.03297901335513764,-0.000525178504321655,3.9966418196753493,-0.053117125533174825,0.0009383385891454932,13:20,09:30,True,-0.010048447873676536,2026-09-22T20:00:01-04:00,2026-09-22T20:00:01+00:00,True,-9.394964299125341e-05,0.004133784291619591,-0.0020668921458097955,0.001977028808134218,0.006213519111278432,-0.0029184710977216977,0.0,0.0,0.0
2026-09-24,2026-09-23,CSCO,interconnect,-9.394964299125341e-05,0.001977028808134218,0.009131990209000178,0.5360824742268153,-0.004210329341317265,0.0012238749764639234,-0.0008449117536611928,-0.000281795979710564,0.0005170387779083185,0.48717948717948717,1.3395142292400508,0.4781383857240564,-0.012158901058102689,-0.0015315230668045965,0.5706475109771972,0.008267701816618622,0.00033588737566492277,12:50,09:35,True,-0.002160841788801271,2026-09-23T20:00:01-04:00,2026-09-23T20:00:01+00:00,True,0.005073757399229439,0.005919383632434494,-0.0073287606877759925,0.012494084240416425,0.013345953620444773,-0.0055844770468528315,0.0,0.0,0.0
2026-09-25,2026-09-24,CSCO,interconnect,0.005073757399229439,0.012494084240416425,0.01893043066729768,0.9549999999999983,-0.0008406501027461433,0.0012304779933742793,0.006918623805713731,0.003941811356170888,0.011775833530385471,0.5769230769230769,1.3274091309506446,0.991171185378864,-0.02966255442670529,-0.0022623165373469867,8.018108264943487,0.0052221633840381365,0.0044562900222724355,09:30,15:55,True,-0.0006616257088846167,2026-09-24T20:00:01-04:00,2026-09-24T20:00:01+00:00,True,-0.002524072169767133,0.01561185379078256,0.00018696830887154903,-0.0027105336947377268,0.015422002056266981,-0.004299467239928911,0.0,0.0,0.0
2026-09-21,2026-09-18,DDOG,platform_software,-0.025762711864406818,-0.035813134278285697,0.043445022225949884,0.12740470467861548,-0.037830599263475095,-0.03048729346640955,-0.007146712728057891,-0.004567593895443256,-0.0012961778676912061,0.4230769230769231,1.535702714325788,1.0400595555332641,0.03937435016500146,0.004897790535838498,4.85815510782029,-0.03208140851117358,-0.0043725668504782655,11:15,09:30,True,0.008516949152542308,2026-09-18T20:00:01-04:00,2026-09-18T20:00:01+00:00,True,0.06580549756437026,0.06693632567849694,-0.0008263743910925658,0.0666869803682586,0.06781874374265451,-0.012612632220432629,0.0,0.0,1.0
2026-09-22,2026-09-21,DDOG,platform_software,0.06580549756437026,0.0666869803682586,0.08043137596308707,0.985928832363686,-0.0010598834128245915,0.03726113263396158,0.011516552464294616,0.00901754097010632,0.010640491607209146,0.6025641025641025,0.9147561610551892,1.8601718219280379,0.06520321669202356,-0.0016119159355234558,0.9020502079707367,,0.014245752076805118,09:30,15:55,True,-0.0022616562282532504,2026-09-21T20:00:01-04:00,2026-09-21T20:00:01+00:00,True,0.00989593960416224,0.019832687206692512,0.0025300958987961586,0.007347254447022555,0.017258924573614998,-0.0062685716611714515,0.0,0.0,0.0
2026-09-23,2026-09-22,DDOG,platform_software,0.00989593960416224,0.007347254447022555,0.023527496234786508,0.5787197231833907,-0.009743507662758555,-0.0012007978182113632,-0.005585357523155143,-0.008593061453409212,-0.005944849470787994,0.5641025641025641,0.8665360585266868,0.517242720802423,0.07471663699135789,0.0033336700676835918,0.9024543575053307,0.001817392933359585,0.0015707533167881316,12:20,15:25,True,0.0017547439298102319,2026-09-22T20:00:01-04:00,2026-09-22T20:00:01+00:00,True,0.016223860996060324,0.03731690069703997,0.016708758460450612,-0.00047692857994519056,0.020269464647668878,-0.01593736337983398,0.0,0.0,0.0
2026-09-24,2026-09-23,DDOG,platform_software,0.016223860996060324,-0.00047692857994519056,0.03620682802750282,0.42700329308452484,-0.020334229285964622,-0.002464130996383318,-0.0006755145831677245,0.000795893191133823,-0.005575326215895626,0.5,0.886615558166235,0.7959928270174867,0.0896919277265047,-0.00035786711201246657,1.092038139916412,0.0245855124556702,-0.0038164549496746414,09:30,10:55,True,0.020789978785735963,2026-09-23T20:00:01-04:00,2026-09-23T20:00:01+00:00,True,0.02159131575808182,0.027436478587617774,-0.007515209352260577,0.029326923076923084,0.03521634615384617,-0.009339743589743543,0.0,0.0,0.0
2026-09-25,2026-09-24,DDOG,platform_software,0.02159131575808182,0.029326923076923084,0.0445560897435897,0.867820019422367,-0.005689074654591786,0.007451923076923217,0.0012860984449902801,0.00046728971962628485,0.007470148814775701,0.5769230769230769,0.860027901636718,0.9795480512378624,0.08864406779661027,0.0020239763350458073,2.4412075413002197,0.021739721742890517,,09:50,15:50,True,-0.005861945208757047,2026-09-24T20:00:01-04:00,2026-09-24T20:00:01+00:00,True,0.043632259068970836,0.09255799470652337,0.024346099953292732,0.01882777619454723,0.06659067160634558,-0.008264462809917439,0.0,0.0,1.0
2026-09-21,2026-09-18,FTNT,platform_software,-0.015876694866149066,-0.015191928563145107,0.03971935521280293,0.547445255474453,-0.017925292008789118,-0.031079670648266333,0.0036638695189694648,0.005446365143263243,0.0068769267251600485,0.5384615384615384,2.5563309505233742,1.0184842345384384,0.08822964054590887,0.0,15.737038518531987,-0.02219539151291583,0.0006616763006919157,10:35,09:30,True,-0.00220187739019595,2026-09-18T20:00:01-04:00,2026-09-18T20:00:01+00:00,True,0.03173575129533668,0.03444418276024486,0.0020313235986810785,0.0296442107118724,0.032347151629109394,-0.016305784881158747,0.0,0.0,0.0
2026-09-22,2026-09-21,FTNT,platform_software,0.03173575129533668,0.0296442107118724,0.048652936510268245,0.9444444444444435,-0.00261824805054367,0.01436671857096683,0.002918956043955978,0.0007424328954883652,0.003838221814848719,0.6153846153846154,0.8157633664184768,1.2295667841462423,0.029674462333999285,0.00017120356103417222,0.8060573277938891,,0.0070404701211856935,09:30,15:45,True,0.0007065473386718146,2026-09-21T20:00:01-04:00,2026-09-21T20:00:01+00:00,True,-0.005535581806768275,0.004879301489471022,0.004879301489471022,-0.010364312689894128,0.0,-0.03325098673935889,0.0,0.0,0.0
2026-09-23,2026-09-22,FTNT,platform_software,-0.005535581806768275,-0.010364312689894128,0.03325098673935893,0.6883005977796736,-0.010364312689894128,-0.027117585257120158,0.0011777886300305962,0.002762113016457457,-0.00017212691491197418,0.5641025641025641,1.1226995724984183,0.8254252955779893,0.010964785055403992,-0.0034276368644553523,0.7408196608493295,-0.01361412847757093,0.004383182625730786,09:50,09:30,True,-0.015705343170131725,2026-09-22T20:00:01-04:00,2026-09-22T20:00:01+00:00,True,0.02570871112131301,0.02920922759095612,0.012682199012969075,0.012863376211253996,0.01632005440018136,-0.017566725222417423,0.0,0.0,0.0
2026-09-24,2026-09-23,FTNT,platform_software,0.02570871112131301,0.012863376211253996,0.03388677962259869,0.8979933110367916,-0.003401170894898109,-0.012636708789029227,0.0031428892131553088,0.002974019415296514,0.007496758920015889,0.5641025641025641,0.8597535239434485,0.8412082716649321,0.04057751644641083,0.0012308380888441661,0.7742336076196336,0.034070362580922886,,09:30,15:50,True,0.010501549408929334,2026-09-23T20:00:01-04:00,2026-09-23T20:00:01+00:00,True,-0.00039163030099598206,0.014658162694416443,-0.00022378874342632304,-0.00016787912702853625,0.014885282596530658,-0.01076440962506986,0.0,0.0,0.0
2026-09-25,2026-09-24,FTNT,platform_software,-0.00039163030099598206,-0.00016787912702853625,0.025649692221600552,0.4131250545422778,-0.014832377591530777,0.009513150531617276,-0.012709288832403187,-0.010056237360445586,-0.005122779664792132,0.5128205128205128,0.7615230740407043,0.6367301202053673,0.035287982384980765,0.00022387642021626242,1.6950608528224715,-0.0002432243161872849,-0.005425342904374908,09:30,10:15,True,-0.0015665212039834842,2026-09-24T20:00:01-04:00,2026-09-24T20:00:01+00:00,True,-0.029159903733139148,-0.004981250349806787,-0.007667767392399272,-0.021658206429780003,0.002707275803722542,-0.02521150592216581,0.0,0.0,0.0
2026-09-21,2026-09-18,GOOGL,platform_software,0.006362824979126547,-0.02173213361134041,0.030772029498607644,0.09959072305593696,-0.027542844424660484,-0.018961391528246274,-0.006254619889691226,-0.006734676479781765,-0.0006004288777697875,0.5,2.094247588879612,1.7222135258360654,0.032614475627769535,0.0037706700234594326,1.6072700822208632,4.4128332359782974e-05,-0.007037926261416527,15:55,09:40,True,0.006301215032495033,2026-09-18T20:00:01-04:00,2026-09-18T20:00:01+00:00,True,0.0155347027521886,0.023087486410711122,0.0031469931910510507,0.012348847821127107,0.019877937485740516,-0.00439196897102434,0.0,0.0,0.0
2026-09-22,2026-09-21,GOOGL,platform_software,0.0155347027521886,0.012348847821127107,0.02426990645676475,0.6897767332549954,-0.0073823438941863495,0.01601357517681956,0.0005355431535036814,-0.003383168386326907,-0.003299218015134109,0.5,1.26221797115546,1.2752064758453467,0.015970691777097423,0.003493252950953485,1.2496287496705232,,-0.0004932635375944905,09:30,10:20,True,0.0021170681467068686,2026-09-21T20:00:01-04:00,2026-09-21T20:00:01+00:00,True,-0.010733301405752571,0.0259176831844945,0.007549933797222241,-0.01814623235006274,0.01823011323920043,-0.020774500209702063,0.0,0.0,0.0
2026-09-23,2026-09-22,GOOGL,platform_software,-0.010733301405752571,-0.01814623235006274,0.03900461344890253,0.06738351254480276,-0.035725073454705214,0.012288550258632958,-0.003688361799920381,-0.005972768703824127,-0.006703815800639168,0.41025641025641024,1.4451515962630126,2.021542554038087,0.017914081975766827,0.0018256635152067435,0.4223081179779356,-0.018811848076555227,-0.012112912313053226,12:30,09:50,True,0.0013717805151176599,2026-09-22T20:00:01-04:00,2026-09-22T20:00:01+00:00,True,-0.037959904317120485,-0.0033033375099670303,-0.0037020161749630187,-0.03438518264448642,0.0004001600640255454,-0.035471331389698824,0.0,0.0,0.0
2026-09-24,2026-09-23,GOOGL,platform_software,-0.037959904317120485,-0.03438518264448642,0.035871491453724376,0.030278884462151004,-0.034771428571428564,-0.024724175384439606,-0.0036864456765365317,-0.003583595097995884,-0.004273756189577926,0.4358974358974359,1.7092954124310997,1.8591581876722267,-0.014699448770671197,0.0036077316993754494,0.6564004006887435,-0.02959825285751061,-0.0076812770986750545,15:50,09:30,True,-0.007580919931856944,2026-09-23T20:00:01-04:00,2026-09-23T20:00:01+00:00,True,0.013409111091377435,0.015569961223100393,-0.0033152769144244587,0.016780018413471653,0.01894805619078732,-0.0020489441953014387,0.0,0.0,0.0
2026-09-25,2026-09-24,GOOGL,platform_software,0.013409111091377435,0.016780018413471653,0.020997000386088805,0.8967453570771913,-0.0021277215890872503,0.007632680942057046,0.0019021977700390824,0.0009063002485016902,0.002430240388838545,0.5641025641025641,0.8672118623442938,1.0286931427487571,-0.014309158437221026,-0.0026042762004908626,0.4468058213320977,0.013557517076186132,0.0049393381958364735,09:30,12:55,True,-0.005432696566181394,2026-09-24T20:00:01-04:00,2026-09-24T20:00:01+00:00,True,0.004556607080266284,0.013640612221053727,-2.9209019745235487e-05,0.004585950051117171,0.013670220534540478,-0.003622024244194555,0.0,0.0,0.0
2026-09-21,2026-09-18,HON,power_industrial,-0.00014528548597991797,-0.00014528548597991797,0.015593975495181359,0.6832298136646018,-0.004916136495083823,-0.006562061116761164,0.007439417494488509,0.00753971158773159,0.006679994148910184,0.5128205128205128,2.819378926199843,0.8397109608237426,0.02026092113065814,0.0,3.2595425487582497,-0.006463982132746682,0.00120307352911464,10:50,15:55,True,-0.0008717129158797299,2026-09-18T20:00:01-04:00,2026-09-18T20:00:01+00:00,True,9.687106461298001e-05,0.005642739513707307,0.0021311634214860042,-0.0020299661672306124,0.003504108264862138,-0.01260995650072505,0.0,0.0,0.0
2026-09-22,2026-09-21,HON,power_industrial,9.687106461298001e-05,-0.0020299661672306124,0.016114064765587254,0.6565686862627447,-0.005514750150511838,-0.0016916384726920475,-0.0033787045081572487,-0.004363864310340637,0.002638676175094723,0.46153846153846156,1.2182774708284911,0.8737848810361428,0.025325255735425545,0.00019372336303757898,2.9944944050891427,,-0.00024494762639615253,09:30,15:25,True,0.0021795989537924942,2026-09-21T20:00:01-04:00,2026-09-21T20:00:01+00:00,True,0.026007361487795366,0.028041456799690057,0.006974041069352843,0.018901500577145125,0.02092150827241257,-0.006901692958830141,0.0,0.0,0.0
2026-09-23,2026-09-22,HON,power_industrial,0.026007361487795366,0.018901500577145125,0.02782320123124277,0.927398444252374,-0.001978612144909908,0.0016111966140823775,0.0025554871989019734,0.0019153917094278938,0.00436163656189259,0.5512820512820513,1.6533177706647095,1.52744257667639,0.0413389697208022,0.00024545669105502377,5.042517056679633,0.01792881481699271,0.003189314064084403,09:30,12:50,True,0.007458349476947124,2026-09-22T20:00:01-04:00,2026-09-22T20:00:01+00:00,True,0.0033986311069151842,0.005451970734009937,-0.013452914798206206,0.017081339712918586,0.01916267942583727,0.0,0.0,0.0,0.0
2026-09-24,2026-09-23,HON,power_industrial,0.0033986311069151842,0.017081339712918586,0.019162679425837298,0.8913857677902615,-0.002042205582028611,0.013038277511961738,0.003232885763503779,0.0009417526015915723,-0.0009869348622991714,0.48717948717948717,0.9251272537474415,0.9718634639868553,0.02364441876143686,-0.00023521663452030772,0.6916040344146339,0.01176028256652506,0.0016505576549534773,09:30,15:55,True,-0.00670285579419394,2026-09-23T20:00:01-04:00,2026-09-23T20:00:01+00:00,True,-0.0036693794985180883,0.0018582114127112526,-0.0017406030954508767,-0.001932139491046203,0.003605089538171624,-0.014231856738925464,0.0,0.0,0.0
2026-09-25,2026-09-24,HON,power_industrial,-0.0036693794985180883,-0.001932139491046203,0.017836946277097063,0.6895640686922028,-0.0055173385298054045,-0.004276625824693681,0.001134483573623113,0.0008979206049148925,-0.0010848033204415852,0.5128205128205128,0.6475733483031256,0.8879547465848495,0.02566710252312454,-0.003138014070541484,0.9872584803491588,-0.003520973513709391,0.0013489493780443063,11:30,13:15,True,-0.001317213153314234,2026-09-24T20:00:01-04:00,2026-09-24T20:00:01+00:00,True,0.0035884602672460186,0.0087350677557958,-0.001180414561594012,0.0047745107308312384,0.00992720052945062,-0.0037227001985440378,0.0,0.0,0.0
2026-09-21,2026-09-18,INTC,compute_chips,-0.0018382352941176405,-0.010883920032788486,0.037251240949041295,0.537897310513446,-0.017105620418137346,-0.017077280386174287,0.014384457313655785,0.011031978773914153,0.015522723022255436,0.4358974358974359,1.819347286784558,0.9031694854673168,0.05498348552554888,0.004511970534070153,5.54775499357731,-0.008156931940884404,,14:40,09:30,True,-0.019241095400035713,2026-09-18T20:00:01-04:00,2026-09-18T20:00:01+00:00,True,0.12136279926335192,0.14849907918968697,0.0730202578268877,0.04505277610915637,0.07034240109842971,-0.013730369861838065,1.0,1.0,1.0
2026-09-22,2026-09-21,INTC,compute_chips,0.12136279926335192,0.04505277610915637,0.08407277096026772,0.6991936307032761,-0.02362760268426245,0.0391315541062387,0.0026758881890411867,0.005532160845512335,0.0016450074025333716,0.48717948717948717,2.141407488087366,2.0383740072946686,0.25300956888568793,0.016965018886516692,1.630401675254527,,0.005409051315680813,09:35,11:45,True,0.021500658183413845,2026-09-21T20:00:01-04:00,2026-09-21T20:00:01+00:00,True,0.017079980292330488,0.018968631959270787,-0.013384792248316568,0.030878069080316317,0.03279234290470234,-0.0006242197253433224,0.0,0.0,0.0
2026-09-23,2026-09-22,INTC,compute_chips,0.017079980292330488,0.030878069080316317,0.033416562630045776,0.9427148194271472,-0.0018534934321863261,0.01847690387016221,0.008960573476702427,0.00854979236218556,0.016486515099165988,0.5641025641025641,1.0874387984496303,0.7870292048829243,0.2750669137327568,0.003030841272404272,1.9466347121067273,0.009001433621527832,0.011803481828756679,09:30,15:55,True,-0.004701806483543791,2026-09-22T20:00:01-04:00,2026-09-22T20:00:01+00:00,True,-0.010172775714516469,0.003148716292588505,4.036815759733692e-05,-0.010212731602954883,0.0031082226617689113,-0.0357243773463044,0.0,0.0,0.0
2026-09-24,2026-09-23,INTC,compute_chips,-0.010172775714516469,-0.010212731602954883,0.03883260000807333,0.6569646569646559,-0.013279678068410461,-0.029588665078916554,0.01196863392488634,0.008057885216247174,0.014649519696697588,0.5,0.9151112371133542,0.9407613781281955,0.21326076199901034,-0.0038336052202283533,0.6306167009590627,-0.0018111242549065931,0.012117930537042465,10:40,09:30,True,0.0008058017727639033,2026-09-23T20:00:01-04:00,2026-09-23T20:00:01+00:00,True,0.0390701468189234,0.03947797716150081,-0.014600326264273988,0.054465689926330496,0.05487956295008689,-0.010429600198659128,0.0,0.0,1.0
2026-09-25,2026-09-24,INTC,compute_chips,0.0390701468189234,0.054465689926330496,0.06530916314874596,0.9936628643852982,-0.00039234149403644114,0.02880556245343935,0.007593134540852642,0.010710885433195871,0.01785785625823988,0.6025641025641025,0.9883934590124408,1.5821845128948335,0.17086397058823533,-0.0029829656958945128,0.6839701824805208,0.0392185528037321,0.019529008005185533,09:30,15:55,True,-0.006499382969971101,2026-09-24T20:00:01-04:00,2026-09-24T20:00:01+00:00,True,-0.03446110369730748,-0.0036109584739775213,-0.004395949446581393,-0.030197902704407475,0.0007884569896712268,-0.031459433887881416,0.0,0.0,0.0
2026-09-21,2026-09-18,INTU,platform_software,-0.031744004087759126,-0.0310477621003179,0.04060337802208333,0.19834710743801534,-0.03250099720781807,-0.019478755532829406,0.0009739348619159927,0.0036080767957629156,0.005171899346881892,0.46153846153846156,2.173240194935012,1.240979197156368,-0.0571570731100538,0.002671262244797079,6.728381945611344,-0.03806270073452589,-0.0037000252347287876,13:40,09:30,True,-0.0007025835914794554,2026-09-18T20:00:01-04:00,2026-09-18T20:00:01+00:00,True,0.003067383488901454,0.0053431841419571136,-0.005475114614598153,0.008589526746924037,0.010877856266374941,-0.021291413789672586,0.0,0.0,0.0
2026-09-22,2026-09-21,INTU,platform_software,0.003067383488901454,0.008589526746924037,0.03216927005604746,0.9288659793814434,-0.0022637052590137596,0.0007296123105495766,0.003398330528885829,0.0010203745762153993,0.0015313431361250185,0.48717948717948717,0.8468605930498618,0.9418500984554121,-0.10328763084181036,0.00046034460081534334,1.0740214757679403,,0.006103070763376017,09:45,15:50,True,0.0025726442164979435,2026-09-21T20:00:01-04:00,2026-09-21T20:00:01+00:00,True,-0.03870182822570034,0.02176772326713139,0.02176772326713139,-0.05918130913303721,0.0,-0.07237561948896187,0.0,0.0,0.0
2026-09-23,2026-09-22,INTU,platform_software,-0.03870182822570034,-0.05918130913303721,0.07237561948896186,0.18230324588706184,-0.05918130913303721,-0.0626568835682565,0.008485977439718573,-0.000990637298604824,0.00666287898352369,0.4358974358974359,1.4820176802508633,2.1190093596368547,-0.11212682600905022,0.0004846930049595688,0.6587672561261291,-0.046780374896502996,-0.0013841724936439759,11:35,09:30,True,0.020945679337103895,2026-09-22T20:00:01-04:00,2026-09-22T20:00:01+00:00,True,-0.018984094407388463,0.006328031469129414,-0.002189156832563821,-0.016831784991943932,0.008535874670049015,-0.01888862226183541,0.0,0.0,0.0
2026-09-24,2026-09-23,INTU,platform_software,-0.018984094407388463,-0.016831784991943932,0.027424496931884406,0.07500000000000284,-0.02515295717199173,-0.012820952315655831,-0.0037515631513129755,-0.0051684068125845695,-0.004235816957155691,0.46153846153846156,0.8752016683548622,0.7534799592006424,-0.09848175274258941,-0.0005927475592748532,2.234621205790319,-0.010622442947778588,-0.004290698931667336,10:00,09:30,True,0.00030785017957923877,2026-09-23T20:00:01-04:00,2026-09-23T20:00:01+00:00,True,-0.03371687587168759,0.017440027894002785,0.009623430962343082,-0.042927199889487566,0.007742091449095323,-0.044135930377124044,0.0,0.0,0.0
2026-09-25,2026-09-24,INTU,platform_software,-0.03371687587168759,-0.042927199889487566,0.051878021826219235,0.02329947143484947,-0.050280018834702234,-0.010015195468987326,-0.004526024641689719,-0.0018728615162973972,-0.008656769808621068,0.358974358974359,1.1649473035239952,1.4253333385154567,-0.1149682240602945,-0.002154223649550646,1.1514217356719934,-0.03356846988687889,-0.010656001711337959,15:45,09:30,True,0.01223519541354956,2026-09-24T20:00:01-04:00,2026-09-24T20:00:01+00:00,True,-0.004835275863313115,0.0009381878540757338,-0.005809547865622711,0.0009799651567945489,0.00678716608594665,-0.014844657375145065,0.0,0.0,0.0
2026-09-21,2026-09-18,KLAC,semi_equipment,0.0474020594153155,0.03806451612903228,0.04351906158357764,0.9797843665768224,-0.0008467878514167859,0.011378299120234692,0.019468924601117488,0.01847163079756009,0.01753478210877324,0.5512820512820513,2.1719269077551835,1.3096883340719785,-0.02020593445527008,0.0008475055087857619,5.157045722478191,0.04108336276854874,0.011100107177217433,09:30,15:55,True,0.0011756407241945155,2026-09-18T20:00:01-04:00,2026-09-18T20:00:01+00:00,True,0.039437256342166105,0.050567828690886385,0.013051584835301444,0.026045733407696448,0.037032905744562195,-0.005521472392638116,0.0,0.0,0.0
2026-09-22,2026-09-21,KLAC,semi_equipment,0.039437256342166105,0.026045733407696448,0.04255437813720019,0.7418086500655308,-0.01059481553189201,0.010039040713887282,-0.0038444877626164775,-0.0035747170015706375,-0.00043466449334428336,0.6025641025641025,1.1722700946182538,1.2250341179546065,0.08800047312082326,0.01076262434092512,0.7150615835970355,,0.0035450631810274302,09:30,15:40,True,0.013616588507825211,2026-09-21T20:00:01-04:00,2026-09-21T20:00:01+00:00,True,0.023645159536880955,0.025167146817415942,-0.017720280480513106,0.042111670632505094,0.04366111449283383,-0.005589065353328593,0.0,0.0,0.0
2026-09-23,2026-09-22,KLAC,semi_equipment,0.023645159536880955,0.042111670632505094,0.04925017984616239,0.9685393258426965,-0.0014846235418876086,0.021083503956615512,0.013726651235398624,0.009325758387822791,0.011059808869322563,0.6025641025641025,0.996148073588945,1.4177895029373542,0.120818950124985,0.0007434154630416856,1.0683238913850361,0.0155666128660783,0.010851139560009493,09:30,15:55,True,-0.015724815724815655,2026-09-22T20:00:01-04:00,2026-09-22T20:00:01+00:00,True,-0.0024426508071366815,-0.001699235344095107,-0.01099192863211551,0.008644295302013605,0.00939597315436247,-0.024268456375838965,0.0,0.0,0.0
2026-09-24,2026-09-23,KLAC,semi_equipment,-0.0024426508071366815,0.008644295302013605,0.0336644295302014,0.9776714513556641,-0.0007446808510637171,-0.015624161073825471,0.0012258167670415876,0.0032576769025367547,0.0011777935290637753,0.5128205128205128,0.9015701019057152,0.9671036682101445,0.1224904397705544,0.000745235813903955,1.3417742425521662,0.005919000652473194,0.007819753548561348,09:50,15:40,True,-0.008708581138487603,2026-09-23T20:00:01-04:00,2026-09-23T20:00:01+00:00,True,-0.003992334717342727,0.0005323112956456821,-0.01288193335462584,0.009005608283002564,0.013589301121656572,-0.016393442622950727,0.0,0.0,0.0
2026-09-25,2026-09-24,KLAC,semi_equipment,-0.003992334717342727,0.009005608283002564,0.029982743744607434,0.8471223021582744,-0.00452223877420721,-0.003505176876617777,0.00540017731925535,0.004293918737587887,0.006671329423790784,0.5256410256410257,0.7062808934693814,0.861337080802187,0.10729080364540189,-0.004222115333226584,0.5888406208844404,-0.00384392873253403,0.005325270067312982,09:35,12:40,True,-0.013893324816352637,2026-09-24T20:00:01-04:00,2026-09-24T20:00:01+00:00,True,0.0043290043290042934,0.013093901982790701,0.0011757789535566943,0.0031495222334916306,0.011904126407943139,-0.007019697859392604,0.0,0.0,0.0
2026-09-21,2026-09-18,LITE,interconnect,0.04174080415393733,0.01665465347399686,0.060721228403555934,0.6278776978417258,-0.021742328709541847,-0.012198851101937302,0.01446100867442568,0.008937164558278976,0.01602217783744253,0.5128205128205128,2.145739680263684,0.9849982000957885,0.004185409317929212,-0.0009775381078729328,10.785747918105862,0.035422107507170564,0.007015126529162918,10:15,09:35,True,-0.0014746052302234691,2026-09-18T20:00:01-04:00,2026-09-18T20:00:01+00:00,True,0.025330053388619822,0.05643929058663022,0.030464813999205198,-0.0049829557892980825,0.025206563324194464,-0.013833435841838049,0.0,0.0,0.0
2026-09-22,2026-09-21,LITE,interconnect,0.025330053388619822,-0.0049829557892980825,0.03903999916603246,0.22670287504105535,-0.02944725501522749,0.024445672229924886,-0.012364968337403304,-0.007981957450346577,-0.0015794979079497562,0.4230769230769231,1.2610879061291664,0.641170167397952,0.14306072835706507,0.00786807614537599,1.0337742859008596,,-0.01134955365444923,09:35,10:25,True,0.03125973509791491,2026-09-21T20:00:01-04:00,2026-09-21T20:00:01+00:00,True,-0.009240536831187418,0.0497752726586973,-0.018145816090268108,0.009069859257125223,0.06917635007522649,-0.002977047920868059,0.0,0.0,1.0
2026-09-23,2026-09-22,LITE,interconnect,-0.009240536831187418,0.009069859257125223,0.07215339799609463,0.166962437148772,-0.05621756487025953,0.036967679289776845,0.0018433570285931733,0.003986559296751846,-0.005871191215814919,0.5512820512820513,1.17272435082925,1.2517624980736137,0.12719319157051578,0.00446244461598666,0.3210866120227256,-0.017319083501990074,-0.01562464457400825,09:30,09:55,True,-0.01758006893733821,2026-09-22T20:00:01-04:00,2026-09-22T20:00:01+00:00,True,-0.009168103038057596,0.01515327757039997,0.0009411316844141204,-0.01009972954699112,0.014198782961460488,-0.023252620013522685,0.0,0.0,0.0
2026-09-24,2026-09-23,LITE,interconnect,-0.009168103038057596,-0.01009972954699112,0.037451402974983145,0.3511988716502124,-0.023958333333333304,-0.003760987153482054,0.0026484042695487098,-0.0010660980810234255,-0.006199322263998885,0.4358974358974359,0.8382819664756763,0.6497304776535113,0.01914291929519263,-0.0008004268943436754,0.41543440414358057,-0.00080645157844772,-0.0043402456105468,09:50,10:55,True,0.0011526219505748614,2026-09-23T20:00:01-04:00,2026-09-23T20:00:01+00:00,True,-0.008495197438634028,0.018623159018142932,-0.017001067235859035,0.00865297968666856,0.036240350896240114,-0.009847242880562823,0.0,0.0,0.0
2026-09-25,2026-09-24,LITE,interconnect,-0.008495197438634028,0.00865297968666856,0.046087593776803014,0.40141437317873496,-0.026622560283153685,0.0039519254779767365,-0.005991611743559,0.0018872197478674302,-0.0009140866123950042,0.5384615384615384,0.7296690809982617,0.7995565436762304,0.039648168664182304,-0.0011086713166278406,0.6793059358091756,-0.00834679145382533,0.001962726607440013,10:50,09:45,True,-0.016648879402347938,2026-09-24T20:00:01-04:00,2026-09-24T20:00:01+00:00,True,0.013573150779299104,0.03642437354688721,0.007529277533798284,0.005998707313294993,0.02867916263814929,-0.024299305047354003,0.0,0.0,0.0
2026-09-21,2026-09-18,LRCX,semi_equipment,0.06980802792321117,0.04992529426770154,0.05695856564993985,0.9897632757517615,-0.0005550352100460731,0.02137312780146483,0.01953359991507142,0.014918538088947608,0.01956967938282972,0.5897435897435898,2.1944891114857423,1.6961960779994942,-0.03390114680437262,0.00024296275728019623,7.259841871065273,0.0634893312764444,0.014217338359994836,09:30,15:55,True,-0.003470446409001182,2026-09-18T20:00:01-04:00,2026-09-18T20:00:01+00:00,True,0.04918260386657858,0.06101836104265734,0.015202526812675643,0.03347122978563366,0.04512974802557346,-0.0083763547471708,0.0,0.0,0.0
2026-09-22,2026-09-21,LRCX,semi_equipment,0.04918260386657858,0.03347122978563366,0.053506102772744285,0.7821086261980812,-0.011155091759625813,0.01135081541249261,-0.0017502724480698006,-0.00467566677642417,0.0010763193191039022,0.5512820512820513,1.4729160350832085,1.5645424241172383,0.10526893122234804,0.008899034008204465,1.0573312729486029,,0.008128435806812329,09:30,15:35,True,0.01593141508451623,2026-09-21T20:00:01-04:00,2026-09-21T20:00:01+00:00,True,0.028715098584094267,0.030137620748974525,-0.01807926425830353,0.047655947307245095,0.04910466115256984,-0.002476289944915222,0.0,0.0,0.0
2026-09-24,2026-09-23,LRCX,semi_equipment,,-0.0007154471544715824,0.03638991869918706,0.779274166882631,-0.007973852453221353,-0.021813008130081246,-0.0012026653664879428,0.0007816571130796479,0.000390675869253565,0.48717948717948717,0.9965217326302528,1.064057531098247,,0.0023431398073419096,2.7681755500081326,,,09:50,09:30,True,-0.007790619064481863,2026-09-23T20:00:01-04:00,2026-09-23T20:00:01+00:00,True,-0.00039052330122346657,-0.00019526165061167777,-0.01591382452486323,0.01577433116174487,0.015972750421641146,-0.011673666457224008,0.0,0.0,0.0
2026-09-25,2026-09-24,LRCX,semi_equipment,-0.00039052330122346657,0.01577433116174487,0.02764641687886509,0.9928229665071767,-0.00019529978517018876,8.267469162359653e-05,0.00901729546835739,0.00911674359774639,0.013127515007586243,0.5256410256410257,0.6970333573029047,0.7810731364670267,,-0.006934496679255275,1.256649782054661,-0.0002421173164147694,0.006863031877185843,09:30,15:55,True,-0.01910309815152289,2026-09-24T20:00:01-04:00,2026-09-24T20:00:01+00:00,True,0.02620783956244277,0.03245865347050381,0.006576377132438971,0.01950320201824174,0.025713176790219228,-0.005433727925480358,0.0,0.0,0.0
2026-09-21,2026-09-18,MCHP,analog_power,0.03459474724654066,0.02489858721499516,0.03273185060847676,0.9444444444444404,-0.001771117166212699,0.00482584976919842,0.01243609230344056,0.008672907488986636,0.014819944598337909,0.6153846153846154,1.9928698709867867,1.2600399949227064,-0.012533692722372036,-0.0015517947318137715,4.227388370402858,0.028276050599773894,,09:30,15:50,True,0.008189776899181211,2026-09-18T20:00:01-04:00,2026-09-18T20:00:01+00:00,True,0.02060870752013111,0.02593148628360864,0.019516855466084504,0.0010709504685408877,0.00629183400267741,-0.0262369477911647,0.0,0.0,0.0
2026-09-22,2026-09-21,MCHP,analog_power,0.02060870752013111,0.0010709504685408877,0.03252878179384208,0.839499567883452,-0.005188239989357468,-0.010910307898259641,0.004837409298575679,0.0023456872863749645,0.005783456624075312,0.5256410256410257,1.2522887674649448,1.213220939090614,0.046166759932848356,0.004145493447445858,1.3203096927118465,,0.00434962072091527,09:40,15:55,True,0.022655930121468604,2026-09-21T20:00:01-04:00,2026-09-21T20:00:01+00:00,True,0.013907461888205352,0.023669430328964847,-0.0014709815458678888,0.015401098165260363,0.025177447435382305,-0.0030802196330521614,0.0,0.0,0.0
2026-09-23,2026-09-22,MCHP,analog_power,0.013907461888205352,0.015401098165260363,0.028257667068434435,0.6540284360189553,-0.009536250816459924,0.019552698540243663,0.008512902367650899,0.007039447469783244,0.0012545394519642983,0.48717948717948717,0.9991105631374958,1.038846577701588,0.06056791159602737,0.00039567396465312044,0.33328503449762364,0.005828915217402697,0.0028184358142386845,09:30,10:30,True,-0.0009360791655523837,2026-09-22T20:00:01-04:00,2026-09-22T20:00:01+00:00,True,-0.00382484832498009,-0.0006594566077551267,-0.010155631759430128,0.006395736175882849,0.009593604263824052,-0.01705529646902071,0.0,0.0,0.0
2026-09-24,2026-09-23,MCHP,analog_power,-0.00382484832498009,0.006395736175882849,0.02664890073284477,0.8800000000000026,-0.0031674805331924905,-0.01292471685542973,-0.0014542570068746263,0.0013257324671880344,0.00238885202388861,0.5128205128205128,1.0461009689746839,0.9797029336774233,0.08535709153614013,0.0,0.3726633230997009,0.0045368031346297855,0.0044566461198534135,10:25,15:40,True,-0.005803218148245803,2026-09-23T20:00:01-04:00,2026-09-23T20:00:01+00:00,True,-0.011121408711770253,-0.010393221236594696,-0.02131603336422616,0.010416666666666519,0.011160714285714413,-0.01068722943722955,0.0,0.0,0.0
2026-09-25,2026-09-24,MCHP,analog_power,-0.011121408711770253,0.010416666666666519,0.021847943722943845,0.9659442724458164,-0.0007358351729213064,0.0027056277056276556,0.002954209748892156,0.006061422413793149,0.005519655358104503,0.5384615384615384,1.022767108374879,0.8148593749602592,0.054645580344535594,0.0034810550274468888,0.12191381234177871,-0.010973002726961556,0.01078455737578965,11:15,15:55,True,-0.012789768185451744,2026-09-24T20:00:01-04:00,2026-09-24T20:00:01+00:00,True,0.05355469272995039,0.057169634489222076,0.0068282233230687606,0.046409574468085024,0.04999999999999982,-0.003590425531914798,0.0,0.0,0.0
2026-09-21,2026-09-18,MELI,platform_software,-0.020720903348107833,-0.020710172639560764,0.02291816194478379,0.051876643557257386,-0.02170712350510373,-0.010157846580356011,-0.008641297414821114,-0.009745260335294548,-0.006641324041037122,0.4358974358974359,2.1222800714297385,0.7719379453540094,-0.05796444552195923,0.0022155209551355526,26.8622509790567,-0.027039599994874597,,15:55,09:30,True,-0.00030133518882757837,2026-09-18T20:00:01-04:00,2026-09-18T20:00:01+00:00,True,0.018507432625224363,0.026479951213780994,0.0017399672147655476,0.01673834124546225,0.024697012007819152,-0.0017961463278413081,0.0,0.0,0.0
2026-09-22,2026-09-21,MELI,platform_software,0.018507432625224363,0.01673834124546225,0.026493158335660388,0.6995952441183906,-0.007766852707770111,0.021598715442613825,-0.0012234597026389293,-0.00392854211692617,-0.004554899387576472,0.48717948717948717,1.7966913582046227,0.892352286402393,-0.04197890792741965,0.002092866127977988,22.562327458059038,,,09:30,10:20,True,0.0022011173184357524,2026-09-21T20:00:01-04:00,2026-09-21T20:00:01+00:00,True,0.003356276126494695,0.012095777464061541,0.008530764033463978,-0.005130718954248437,0.0035348583877996553,-0.02493464052287575,0.0,0.0,0.0
2026-09-23,2026-09-22,MELI,platform_software,0.003356276126494695,-0.005130718954248437,0.02846949891067537,0.6956189018557474,-0.008635053650223434,-0.021364379084967244,-0.003148961715829346,-0.0053501270144658,-0.0041896890580152,0.5,1.3295205607872311,0.9589201152916578,-0.0012903649108226833,3.284827382321609e-05,17.122571105103855,-0.0047222705443079604,0.0014314576260796574,10:45,15:35,True,0.010178690118485934,2026-09-22T20:00:01-04:00,2026-09-22T20:00:01+00:00,True,-0.014967863438776208,0.005195501976371197,-0.014614744495176746,-0.00035835622831459357,0.020104062203974093,-0.006534250799356656,0.0,0.0,0.0
2026-09-24,2026-09-23,MELI,platform_software,-0.014967863438776208,-0.00035835622831459357,0.026638313003330735,0.23184255588069105,-0.02005914807169662,0.0053336740958449536,0.0008791987581631133,0.0016757319496947254,0.004342826521384735,0.5256410256410257,1.4341322978849516,0.9179897869645771,-0.02199803229856878,0.00038905315577686395,3.4504430613853105,-0.006606211979166332,-0.002456637431755171,14:05,09:50,True,-0.01728914145561644,2026-09-23T20:00:01-04:00,2026-09-23T20:00:01+00:00,True,-0.025071696938707366,0.0037126231075343963,-0.0032346990951734877,-0.021907863188767807,0.006969867627214965,-0.03154308527840666,0.0,0.0,0.0
2026-09-25,2026-09-24,MELI,platform_software,-0.025071696938707366,-0.021907863188767807,0.03851295290562177,0.2501813380358181,-0.028677849997665983,-0.004087163073903555,0.0035011241354454548,0.0003592814371258246,0.005269537260700341,0.46153846153846156,1.1024773564236012,1.3469194071951365,-0.03894346403975424,-7.411081276764708e-05,8.544755291446885,-0.02492329095389867,-0.00507367056591157,14:00,09:30,True,-0.002428803272492841,2026-09-24T20:00:01-04:00,2026-09-24T20:00:01+00:00,True,-0.0008665264262056604,0.002839014212173474,-0.007485192089525916,0.0066685812751292595,0.010402067777139479,-0.014732912119471586,0.0,0.0,0.0
2026-09-22,2026-09-21,META,platform_software,,0.08959348517922372,0.10789436935447119,0.839850136239782,-0.015610889774236414,0.04712661418943265,-0.0060675543398098775,-0.006587059075801371,-0.0036627821014288964,0.5897435897435898,3.1629088748625813,3.7814366552356486,,-0.0016796066078017535,0.8967274355492891,,0.019146630728459346,09:30,15:30,True,-0.0035044502118799503,2026-09-21T20:00:01-04:00,2026-09-21T20:00:01+00:00,True,-0.00627322949901854,0.02161903284339184,-0.013281708476954313,0.007102816516270316,0.03537052228602677,-0.001914137270987104,0.0,0.0,0.0
2026-09-23,2026-09-22,META,platform_software,-0.00627322949901854,0.007102816516270316,0.03728465955701392,0.241840850751743,-0.027302019094906593,0.02688679245283021,-0.0033083459623294287,-0.004453364689345651,-0.007135570721649831,0.4358974358974359,1.7296559220558025,1.2592964730338647,,0.005980219795138408,0.5118910130546108,-0.014351776169821195,-0.011262994829346118,09:30,09:35,True,-0.01866041527126583,2026-09-22T20:00:01-04:00,2026-09-22T20:00:01+00:00,True,0.010188774021002045,0.03706921714103406,0.014940367501815821,-0.004681647940074862,0.021803103263777324,-0.01082129481005889,0.0,0.0,0.0
2026-09-24,2026-09-23,META,platform_software,0.010188774021002045,-0.004681647940074862,0.032624398073836255,0.1881918819188206,-0.025919622987301993,-0.0028424291064740315,-0.00608557201171156,-0.004601760440912761,-0.010214832996864875,0.44871794871794873,1.7800806788411068,1.059572553191376,,-0.013571428571428679,1.1219350500868714,0.01855042548061192,-0.00860743961985877,09:30,09:55,True,0.01441090422823943,2026-09-23T20:00:01-04:00,2026-09-23T20:00:01+00:00,True,0.045007391479639836,0.04800322537293367,0.0036957398199166658,0.04115953672089434,0.04414433955948316,-0.0051469505255407055,0.0,0.0,0.0
2026-09-25,2026-09-24,META,platform_software,0.045007391479639836,0.04115953672089434,0.04929129008502384,0.9394456336314151,-0.0028586113293953552,0.025319675972417466,0.00019937358107124936,0.00047605568564890177,0.009372119890442399,0.6153846153846154,1.4636894187846627,1.529594623965841,,-0.0021862421070230065,0.47492901287306655,0.04515579746444853,0.012019520512675408,09:30,15:50,True,0.011690196237980954,2026-09-24T20:00:01-04:00,2026-09-24T20:00:01+00:00,True,-0.03334662225594476,-0.010313918646073117,-0.011246286603480038,-0.02235170938225528,0.0009429729009098331,-0.0290103987149557,0.0,0.0,0.0
2026-09-21,2026-09-18,MPWR,analog_power,0.04122847517912409,0.0272285579323841,0.038211080369795494,0.9181015452538622,-0.0030372244189569297,0.006461299682839705,0.010647567989244378,0.008521668557610163,0.014098112201986979,0.5512820512820513,2.209389032020611,1.2905952115007464,-0.013495779531131125,0.0016012481524059208,7.866970256557362,0.03490977853235733,,09:30,15:55,True,0.007290091253589814,2026-09-18T20:00:01-04:00,2026-09-18T20:00:01+00:00,True,0.04917063557234358,0.05422072589916249,0.02089834127114476,0.027693545143776532,0.03264025738990539,-0.020920973255580178,0.0,0.0,0.0
2026-09-22,2026-09-21,MPWR,analog_power,0.04917063557234358,0.027693545143776532,0.053561230645485555,0.9076437903589147,-0.004790353863050267,0.0010375226221597256,0.008222464214131309,0.004560178633204348,0.012577170889436662,0.5769230769230769,1.6215295211032892,1.7788480394811985,0.11759560547216696,0.0033811282950346744,3.0491421195116266,,0.008564484801750538,09:30,15:50,True,0.004862236628849326,2026-09-21T20:00:01-04:00,2026-09-21T20:00:01+00:00,True,0.08056790432659189,0.08591744411746283,0.000313067434725367,0.08022971957936909,0.08557758512769165,-0.00551608662994485,1.0,0.0,1.0
2026-09-23,2026-09-22,MPWR,analog_power,0.08056790432659189,0.08022971957936909,0.09109367175763643,0.9412926776894993,-0.004926285897560723,0.06103686780170259,-0.00031497659398083133,-0.0019301809454272956,0.012477953659600693,0.5641025641025641,2.195403196798223,3.0228895523577943,0.20846244069814257,0.0045486810273647205,3.1810276186164153,0.07248935765578923,0.011293773217189607,09:30,15:30,True,0.000313067434725367,2026-09-22T20:00:01-04:00,2026-09-22T20:00:01+00:00,True,-0.018216453477423067,-0.006489837898914885,-0.009807188074922868,-0.008492553471632913,0.003350206279076673,-0.047531965942007814,0.0,0.0,0.0
2026-09-24,2026-09-23,MPWR,analog_power,-0.018216453477423067,-0.008492553471632913,0.05088217222108449,0.7672512938470383,-0.011803216540542172,-0.044408520349943026,0.0025517374003343196,0.0063403443386069736,0.010869605748399458,0.5384615384615384,1.1880194324949156,1.6884947531549273,0.18112424952727846,-0.005503626048529275,1.973333749668233,-0.009854802017813191,0.009874923026310878,10:25,09:30,True,-0.009111848300039083,2026-09-23T20:00:01-04:00,2026-09-23T20:00:01+00:00,True,-0.014696009502239149,-0.004301091134440438,-0.024168738518742572,0.0097073432574033,0.020359716037529063,-0.007272947206870883,0.0,0.0,0.0
2026-09-25,2026-09-24,MPWR,analog_power,-0.014696009502239149,0.0097073432574033,0.02763266324439989,0.614500683994526,-0.010439820989300963,0.0079155672823219,-0.005213958511787298,-0.005458417729060083,-0.001263797074571582,0.5384615384615384,0.5947909242696486,0.8941831049162217,0.1419056413413362,-0.007674366365916563,1.7590099434866586,-0.014547603517430452,,09:30,13:05,True,-0.0250378886586492,2026-09-24T20:00:01-04:00,2026-09-24T20:00:01+00:00,True,0.023870315600314607,0.03114072853880434,-0.0021863651679082663,0.026113775016321172,0.03340011856254166,-0.002371250834815375,0.0,0.0,0.0
2026-09-21,2026-09-18,MRVL,interconnect,0.014495763415849794,0.009047343633809879,0.03503263653639589,0.9775943396226418,-0.0007772868597610838,-0.013571015450714707,0.026648732714051437,0.023272376882632617,0.025269697351299136,0.47435897435897434,1.0223591322673733,0.7416915131584971,0.03451927149512923,-0.003529989764585517,3.3170592946918487,0.00817706676908303,0.011570032334850211,13:20,15:55,True,0.004361189566373103,2026-09-18T20:00:01-04:00,2026-09-18T20:00:01+00:00,True,0.05375639713408398,0.06931422722620262,0.02927328556806552,0.0237867939538583,0.03890214797136049,-0.025517104216388198,0.0,0.0,0.0
2026-09-22,2026-09-21,MRVL,interconnect,0.05375639713408398,0.0237867939538583,0.06441925218774858,0.7653596789132441,-0.014549352936672033,0.0003178202068416791,-0.0066767010150130535,-0.006753367035850721,0.0029987081588633835,0.5384615384615384,1.0636947090166344,1.401750020399141,0.17621789598756976,0.008636257673478864,0.711866507303189,,0.010465541743463591,09:35,15:35,True,0.030501535312180028,2026-09-21T20:00:01-04:00,2026-09-21T20:00:01+00:00,True,0.019348822752350614,0.03349133576812502,-0.00745978708524353,0.02701009942848187,0.04125890550379707,-0.005715180458780278,0.0,0.0,0.0
2026-09-23,2026-09-22,MRVL,interconnect,0.019348822752350614,0.02701009942848187,0.04697408596257731,0.6966666666666678,-0.013684210526315743,0.025728098332419957,-0.006022738423267726,-0.008015728977616488,-0.0023386253446144867,0.5769230769230769,0.9286785326435575,1.0221466986975751,0.18340099233198037,0.004023098033236749,1.4315069210621358,0.011270276081547959,,09:30,15:50,True,-0.007304374854301021,2026-09-22T20:00:01-04:00,2026-09-22T20:00:01+00:00,True,-0.005564872694008405,0.009948162829699791,0.0,-0.005564872694008405,0.009948162829699791,-0.023402957767952426,0.0,0.0,0.0
2026-09-24,2026-09-23,MRVL,interconnect,-0.005564872694008405,-0.005564872694008405,0.03335112059765208,0.5348571428571371,-0.01536022945993909,-0.018219240737917475,0.005356248314130507,0.007900175774081752,0.005976479660690037,0.48717948717948717,0.6387669673861319,0.7257137018890145,0.13577989639110166,-0.0005749329244920665,1.1828833682730113,0.002796778765601471,0.003910034342253121,13:10,09:30,True,-0.0008385424607411096,2026-09-23T20:00:01-04:00,2026-09-23T20:00:01+00:00,True,-0.007474128018397863,0.004139517056343633,-0.025718666155615133,0.01872614973051645,0.030646366890908494,-0.007868130138872442,0.0,0.0,0.0
2026-09-25,2026-09-24,MRVL,interconnect,-0.007474128018397863,0.01872614973051645,0.03851449702978095,0.6905005107252274,-0.011565768379265706,0.008300877296510523,-0.00990288292421826,-0.008234392952891745,0.0034488103541812087,0.48717948717948717,0.5585891928369349,0.8774647446408033,0.0755524173450739,-0.0009654373431163821,0.3425202749569725,-0.007325722033589166,0.0025289820305549604,09:30,14:55,True,-0.005395050627467812,2026-09-24T20:00:01-04:00,2026-09-24T20:00:01+00:00,True,0.01152732187681016,0.03294033597219537,0.01780266460706703,-0.00616557899529524,0.01487289421763549,-0.02325466686902422,0.0,0.0,0.0
2026-09-21,2026-09-18,MSFT,platform_software,-0.007975891511803224,-0.00840420511481732,0.015161708152179279,0.35496688741721405,-0.009766369196831493,-0.011145361621800687,-0.004736661762038241,-0.002746697903623252,-0.0016982734220210016,0.44871794871794873,1.8776824736542759,0.8620805225051121,-0.0037326231261223253,0.00042529061525375944,4.850037347320597,-0.014294588158569987,,10:30,09:30,True,-0.003406813627254479,2026-09-18T20:00:01-04:00,2026-09-18T20:00:01+00:00,True,0.015857264368747348,0.01638381465429961,0.002359350317955311,0.013466142702724504,0.013991453595854075,-0.007303841841012626,0.0,0.0,0.0
2026-09-22,2026-09-21,MSFT,platform_software,0.015857264368747348,0.013466142702724504,0.021295295436866764,0.9753320683111963,-0.0005180624464502515,-0.0029801291052540257,0.007407794200491535,0.002578349856092066,0.005321121143189389,0.5256410256410257,1.402848016304639,1.2108305497541245,-0.007518648226192637,-0.0002392296804289984,2.62635274366459,,0.00819739909579531,11:30,15:55,True,0.003625096196686828,2026-09-21T20:00:01-04:00,2026-09-21T20:00:01+00:00,True,-0.00719682621957296,0.013735770817966175,0.011383345627080654,-0.018371047859339296,0.00232594811953013,-0.026945517622013804,0.0,0.0,0.0
2026-09-23,2026-09-22,MSFT,platform_software,-0.00719682621957296,-0.018371047859339296,0.029271465741543844,0.29292929292929404,-0.020648967551622377,-0.019721280454151224,-0.000561933049690877,-0.0020840012824623333,0.0026576467745831334,0.5,1.1755733343813817,1.6341351300723483,0.0017701963308658364,0.006987951807228887,1.2677421114159495,-0.015275372890375616,0.0005709838066094708,11:55,09:30,True,0.010964693686329907,2026-09-22T20:00:01-04:00,2026-09-22T20:00:01+00:00,True,0.005200803212851435,0.022971887550200742,0.005532128514056156,-0.0003295024512985911,0.017343810845623198,-0.00973529969745679,0.0,0.0,0.0
2026-09-24,2026-09-23,MSFT,platform_software,0.005200803212851435,-0.0003295024512985911,0.027079110543079953,0.34734513274336126,-0.017372016331658302,-0.00809777236373077,-0.0002196924305971626,0.0004396746407657748,0.0014403744973692234,0.5128205128205128,1.0901487188030399,1.4961357280707048,0.020987150724046444,-0.000549751293473677,0.7529542323406455,0.01356245467246131,,10:20,09:40,True,0.006405622489959795,2026-09-23T20:00:01-04:00,2026-09-23T20:00:01+00:00,True,-0.005313729798837263,-0.0033760163007651167,-0.011566351704987987,0.006325788197251381,0.00828617623282124,-0.007235246564268327,0.0,0.0,0.0
2026-09-25,2026-09-24,MSFT,platform_software,-0.005313729798837263,0.006325788197251381,0.015521422797089632,0.8736979166666697,-0.001944277410302564,-0.002122069523039616,0.0011460511500722692,0.0003616273229531952,0.0037899405301884403,0.5,0.7206165227968958,0.7928355263073559,0.0003616273229531952,-0.004327315084449612,0.5051344859230242,-0.005165323814028566,0.0039617724847624824,09:50,15:50,True,-0.007237224594535019,2026-09-24T20:00:01-04:00,2026-09-24T20:00:01+00:00,True,0.03663165505191479,0.04311851063402483,0.002219187435984926,0.034336268999168196,0.040808760908553454,-0.0035769034236076136,0.0,0.0,0.0
2026-09-21,2026-09-18,MU,memory_storage,0.03918158567774932,0.031567509380886705,0.03920931437014772,0.9834239834239809,-0.0006296485773878979,0.010216153912553372,0.007328368421574583,0.008959256242674574,0.015952392858928688,0.6153846153846154,1.4234221149834727,1.1636249357510886,0.04156840227221448,0.0019590470565071794,3.311158569302417,0.032862889030982556,0.01538924008499487,09:30,15:55,True,-0.008678102926337083,2026-09-18T20:00:01-04:00,2026-09-18T20:00:01+00:00,True,0.02772199251821239,0.047932663910218665,0.028735971647962266,-0.0009856553651230726,0.018660465650389035,-0.013693910946516175,0.0,0.0,0.0
2026-09-22,2026-09-21,MU,memory_storage,0.02772199251821239,-0.0009856553651230726,0.03235437659690518,0.3927832002366162,-0.0192862309650631,-0.008406491928152349,-0.0046717388402645055,-0.0014347751229124572,0.004483787164437647,0.5,1.0991414178204328,0.9601891793727501,0.12979015832819285,0.0002873673320815673,2.4042767045102287,,0.00010226838607851896,10:10,09:40,True,0.013480678018816361,2026-09-21T20:00:01-04:00,2026-09-21T20:00:01+00:00,True,0.050001915782214024,0.05104601708877721,-0.010642170198091994,0.06129641283826315,0.062351745171128625,-0.0027448322602505737,0.0,0.0,1.0
2026-09-23,2026-09-22,MU,memory_storage,0.050001915782214024,0.06129641283826315,0.0650965774313791,0.983788205547707,-0.0009933925723398795,0.046415258750060584,0.006159071090917401,0.004011797248530069,0.013330375136354489,0.6153846153846154,1.1875527151188503,1.9318879186746385,0.18171625700733074,0.0014231499051233776,1.1861974641118662,0.04192336911141137,0.016152963196698567,09:30,15:50,True,-0.0067148362235067705,2026-09-22T20:00:01-04:00,2026-09-22T20:00:01+00:00,True,-0.02215005108743251,0.008520653919135812,0.0035669975186103375,-0.025625642004599603,0.0049360495241213,-0.03256156426409218,0.0,0.0,0.0
2026-09-24,2026-09-23,MU,memory_storage,-0.02215005108743251,-0.025625642004599603,0.03749761378821348,0.18496969696969962,-0.030411578471279843,-0.022114229094512106,0.000695523906883988,0.0024689496774392694,-0.0033473425819168234,0.4230769230769231,0.8712939396905777,1.1128263560851614,0.15685068263990098,0.0005224465425233138,0.7062555539482114,-0.013788399627822634,-0.005399860837412951,13:00,09:30,True,0.0017850962676915216,2026-09-23T20:00:01-04:00,2026-09-23T20:00:01+00:00,True,0.008069933201477753,0.00854573273127568,-0.020412732768593567,0.029076190476190478,0.029561904761904678,-0.005714285714285672,0.0,0.0,0.0
2026-09-25,2026-09-24,MU,memory_storage,0.008069933201477753,0.029076190476190478,0.03527619047619044,0.9862311015118793,-0.000471767927181177,0.006233333333333313,0.0047890048169016985,0.004340713475731173,0.01126350614649585,0.5256410256410257,0.7295359358831207,0.9832528733304245,0.10540153452685419,-0.004534811620223289,0.6279329073662496,0.00821833918628645,0.014215566858447604,09:30,15:55,True,-0.020515356196589174,2026-09-24T20:00:01-04:00,2026-09-24T20:00:01+00:00,True,0.0016195755786512223,0.02608904889267305,0.014159717916207848,-0.012365056623746318,0.01176277342288512,-0.02083352344797995,0.0,0.0,0.0
2026-09-21,2026-09-18,NBIS,ai_cloud,0.025459883480893453,0.025906973542302314,0.06585694944812864,0.9226545132718688,-0.004940576425807475,-0.016085729365061252,0.009209932279909738,0.006257033535899126,0.011081460038898205,0.5641025641025641,1.6159129267110415,1.2612133042201457,-0.004497884658205331,-0.005770779278876259,1.5036254764778838,0.01914118683412669,0.021523611075223714,10:10,15:50,True,0.003346321338528524,2026-09-18T20:00:01-04:00,2026-09-18T20:00:01+00:00,True,0.04142435358325147,0.06450747069875651,0.01082580298827951,0.030270844397238372,0.05310674455655873,-0.02062311913613024,0.0,0.0,1.0
2026-09-22,2026-09-21,NBIS,ai_cloud,0.04142435358325147,0.030270844397238372,0.07372986369268895,0.6902761104441778,-0.021684316691880978,0.012519915029208573,-0.011003016270869526,-0.001758072123836829,-0.016144028399966204,0.5641025641025641,1.3694320403598372,1.3507451326207274,0.09712993072246578,0.005798969072164928,0.3366283088994952,,0.00682922251801088,09:30,14:45,True,-0.0069865541787503815,2026-09-21T20:00:01-04:00,2026-09-21T20:00:01+00:00,True,0.014261168384879674,0.05932130584192441,0.0018900343642611617,0.012347796261361621,0.05732292917166859,-0.006774138226719351,0.0,0.0,1.0
2026-09-23,2026-09-22,NBIS,ai_cloud,0.014261168384879674,0.012347796261361621,0.064097067398388,0.2983277591973246,-0.04253679899436358,0.03961584633853543,0.002632696390658218,-0.004133277098270716,0.004125026578779556,0.46153846153846156,1.2097007539035631,1.1742704715215748,0.1386410763369823,0.0016093511773673796,0.5424258182660935,0.006182621714077019,-0.010130758634017578,09:30,09:55,True,0.001589347079037795,2026-09-22T20:00:01-04:00,2026-09-22T20:00:01+00:00,True,-0.04027613078095882,0.0018998814162289879,-0.004065729290191444,-0.036358224187787,0.0059899642796394925,-0.03729375744174179,0.0,0.0,0.0
2026-09-24,2026-09-23,NBIS,ai_cloud,-0.04027613078095882,-0.036358224187787,0.043283721721381264,0.02161397441691656,-0.0420960347231204,-0.016352696036740832,-0.022853693243068407,-0.018069156772683836,-0.027424892703862613,0.44871794871794873,0.8494122314353956,0.7927310316661897,0.08234226488990792,0.0026216848329729814,0.29401532500701233,-0.03191447932134894,,15:50,09:30,True,-0.004235134677282759,2026-09-23T20:00:01-04:00,2026-09-23T20:00:01+00:00,True,0.07444508185869991,0.09964255769824804,0.0256387626318344,0.04758626624214779,0.07215385939247909,-0.012563462696841832,0.0,0.0,1.0
2026-09-25,2026-09-24,NBIS,ai_cloud,0.07444508185869991,0.04758626624214779,0.08471732208932105,0.710005078720162,-0.022914242144548402,0.05171671973152048,-0.01901692183722803,-0.008329090723958932,-0.019412001610954577,0.5641025641025641,1.5721643834083676,1.5515775323610785,0.11693196935639238,-0.004107113520617656,0.5663242847802947,0.07459348784350861,0.0030592843639196676,09:30,13:50,True,0.01979111813235024,2026-09-24T20:00:01-04:00,2026-09-24T20:00:01+00:00,True,-0.02525874815179885,0.014128470510924807,0.00870708066370951,-0.03367263843648205,0.005374592833876202,-0.041484934853420086,0.0,0.0,0.0
2026-09-21,2026-09-18,NVDA,compute_chips,0.01335825658794576,0.013312058354228551,0.02142694324139498,0.9021276595744722,-0.002065280833295824,0.0007750170959655023,0.012333646077190119,0.012665725089981317,0.012671722963414567,0.5,1.4755916622687253,1.0096498116939687,0.018232626322781664,0.0011697485040715883,3.3766490874852777,0.007039559941178997,,09:30,15:55,True,-0.011547135769057304,2026-09-18T20:00:01-04:00,2026-09-18T20:00:01+00:00,True,0.022990057137715292,0.028028973770639176,0.002991856750798494,0.01993854711014409,0.02496243299616485,-0.0061677170475699095,0.0,0.0,0.0
2026-09-22,2026-09-21,NVDA,compute_chips,0.022990057137715292,0.01993854711014409,0.03113015004373471,0.8386167146974056,-0.004901531728665254,0.0031623567407539355,-0.0013615002854758806,-8.795074758138899e-05,0.0012329370321444433,0.6025641025641025,0.9274300772846673,1.4372155945530765,0.07783466059916555,-0.0003791010642976156,0.5793337184006434,,,09:30,14:50,True,-0.001252908537676789,2026-09-21T20:00:01-04:00,2026-09-21T20:00:01+00:00,True,0.006552907027882915,0.011434602867446575,-0.002330899815287224,0.00890456248622451,0.013797663654397052,-0.0015428697377121159,0.0,0.0,0.0
2026-09-23,2026-09-22,NVDA,compute_chips,0.006552907027882915,0.00890456248622451,0.015340533392109279,0.681034482758624,-0.004826506652752305,0.006083314965836362,-0.0019187998778945614,-0.003548337941093216,-0.001156523446876223,0.5256410256410257,0.7503532574250031,0.6958375509321648,0.07871046802092674,-0.0013544807095731137,1.0738844302713733,-0.0015256396429197405,0.00047861089602596607,09:30,13:05,True,0.0037603963900194604,2026-09-22T20:00:01-04:00,2026-09-22T20:00:01+00:00,True,-0.014680823174728075,0.0003495434089220151,-0.0036702057936820465,-0.011051177476647855,0.00403455685655385,-0.017585405429110135,0.0,0.0,0.0
2026-09-24,2026-09-23,NVDA,compute_chips,-0.014680823174728075,-0.011051177476647855,0.021619962285664072,0.3022312373225126,-0.015025114653854588,-0.010634565627329784,0.0009543043565103382,0.001843666007685707,0.0006212006921950675,0.5,0.7359716709186478,0.998149604385202,0.0542776998597474,-0.0019511329874506433,0.9485581740761351,-0.006319171715118199,,12:50,09:35,True,-0.0034535519125682423,2026-09-23T20:00:01-04:00,2026-09-23T20:00:01+00:00,True,-0.004123985632566107,-0.002527604097379288,-0.015032592789676724,0.011075094543490094,0.012695840086439647,-0.004633531424455217,0.0,0.0,0.0
2026-09-25,2026-09-24,NVDA,compute_chips,-0.004123985632566107,0.011075094543490094,0.017329371510894993,0.9064740725345564,-0.001600426780474673,0.001553214478660081,0.0016279017906919435,0.0037094972067039933,0.002813127930341608,0.48717948717948717,0.5115304790634119,0.80513901283807,0.02388985137229871,-0.0032772286045062993,0.7715273145477546,-0.00397557964775741,,09:30,15:50,True,-0.008967209457952374,2026-09-24T20:00:01-04:00,2026-09-24T20:00:01+00:00,True,0.002181850565500021,0.01050850476444909,0.0024490159408672163,-0.000266512681561748,0.008039799227113287,-0.008870874605783285,0.0,0.0,0.0
2026-09-21,2026-09-18,NXPI,analog_power,0.00017547707830667392,-0.014566044260027722,0.02809776970954367,0.48159428984571007,-0.014566044260027722,-0.01932053941908729,0.007980193204677688,0.007467962881131163,0.007623803946699814,0.44871794871794873,1.6279400256495251,1.1932583901720195,,0.01933900609675865,3.007019140933809,-0.00614321956846009,0.0006537681549230179,12:00,09:30,True,0.01333625795130522,2026-09-18T20:00:01-04:00,2026-09-18T20:00:01+00:00,True,0.019386815211193342,0.02223781744813369,0.005044080880740376,0.01427075150562973,0.017107445229990415,-0.013048791132058923,0.0,0.0,0.0
2026-09-22,2026-09-21,NXPI,analog_power,0.019386815211193342,0.01427075150562973,0.03015623636204939,0.905933429811866,-0.0027889813781859507,-0.007964563149166382,0.005233564013840786,0.004321334428071477,0.008680178811683481,0.5384615384615384,1.3758851682030173,1.2042273083929378,,0.00038724667613276864,4.429624128596411,,0.0052675450045267525,09:30,15:40,True,0.0065353743585243596,2026-09-21T20:00:01-04:00,2026-09-21T20:00:01+00:00,True,0.022202142764941257,0.028096897723850045,-0.0023234800567961678,0.02458274032863228,0.030491223530426437,-0.0034070815543192357,0.0,0.0,0.0
2026-09-23,2026-09-22,NXPI,analog_power,0.022202142764941257,0.02458274032863228,0.0338983050847457,0.8256997455470729,-0.005733656985017155,0.011795402596282312,0.012271507094465006,0.007335481682496647,0.007570456135886472,0.5897435897435898,0.9396209774893082,1.2614359722683297,,0.0,6.456066885465827,0.014123596094138602,0.005914473047953228,09:30,15:50,True,-0.0029688911836840415,2026-09-22T20:00:01-04:00,2026-09-22T20:00:01+00:00,True,-0.008965778507387223,-0.0028202214084269706,-0.0045039356821147125,-0.004482029598308679,0.0016913319238900382,-0.020169133192389,0.0,0.0,0.0
2026-09-24,2026-09-23,NXPI,analog_power,-0.008965778507387223,-0.004482029598308679,0.021860465116279138,0.7176015473887808,-0.0061629379485015345,-0.01653276955602534,-0.002626450902312949,0.0005312028557464821,-0.001060715346429597,0.47435897435897434,1.0900123082631503,0.8017792461420994,0.07516668188875708,-0.007150866462792949,3.836725417233004,-0.0006041270477773475,0.0022013874800008715,10:25,09:30,True,-0.004588121395799116,2026-09-23T20:00:01-04:00,2026-09-23T20:00:01+00:00,True,-0.022426095820591185,-0.009301732925586115,-0.013166836561331996,-0.009382801067401303,0.003916673840062002,-0.012826030816906253,0.0,0.0,0.0
2026-09-25,2026-09-24,NXPI,analog_power,-0.022426095820591185,-0.009382801067401303,0.01674270465696818,0.20565552699228426,-0.013247588424437295,0.0010325385211329419,-0.004239854633555362,-0.0025568797399783127,-0.002504573370911367,0.4358974358974359,0.7502902298081293,0.6140744511537021,0.00969510857644229,-0.0015206812652067692,0.13296007044738462,-0.022277689835782488,-0.0018691154629399964,14:05,10:05,True,-0.015630309208290893,2026-09-24T20:00:01-04:00,2026-09-24T20:00:01+00:00,True,0.0344108446298228,0.039450816823079604,0.004518595759471555,0.02975778546712804,0.034775086505190345,-0.004238754325259442,0.0,0.0,0.0
2026-09-21,2026-09-18,PANW,platform_software,-0.030608435983575988,-0.03064720389255482,0.05334933013397318,0.37881059470264805,-0.03305763144597218,-0.04224488435646201,0.0032007063627834675,0.00464216634429393,0.0010462555066079737,0.47435897435897434,2.0734842298677543,1.239214096879709,0.09959171329200056,0.0007426151053413488,9.62561932185693,-0.03692713263034275,,10:10,09:30,True,-0.004185996907161482,2026-09-18T20:00:01-04:00,2026-09-18T20:00:01+00:00,True,0.02249848726552628,0.03019968095054737,0.0014027174212003501,0.021066219890686355,0.02875662610892915,-0.017852728720920696,0.0,0.0,0.0
2026-09-22,2026-09-21,PANW,platform_software,0.02249848726552628,0.021066219890686355,0.04660935482984984,0.8350029463759572,-0.00747543784707394,0.023208547337197016,0.0008615119534782778,0.000511343757569227,0.0057081022588936214,0.5512820512820513,0.8708030526382337,1.0729005614193794,-0.005829812269348089,-0.0019945663869161967,1.5258480396600171,,0.004345425136469183,09:30,10:50,True,0.002667913526596788,2026-09-21T20:00:01-04:00,2026-09-21T20:00:01+00:00,True,0.0075586399827844986,0.01654293092317638,0.008177318700236746,-0.0006136606189968141,0.008297758804695965,-0.029935965848452595,0.0,0.0,0.0
2026-09-23,2026-09-22,PANW,platform_software,0.0075586399827844986,-0.0006136606189968141,0.038233724653148456,0.766922540125609,-0.008838083141488817,-0.01987726787620059,-0.00010677771549083559,-0.0013730221149872435,0.002762234223969484,0.5,1.332766223570754,0.8801019622620059,-0.0013863339465194358,0.0011479830205303188,1.635034823998764,-0.0005199066880181569,0.005753624980207261,09:50,14:30,True,0.0054874112330536295,2026-09-22T20:00:01-04:00,2026-09-22T20:00:01+00:00,True,0.050004004591932105,0.0505913447419708,0.013962677203193108,0.035545023696682554,0.036124275934702466,-0.014744602422327557,0.0,0.0,0.0
2026-09-24,2026-09-23,PANW,platform_software,0.050004004591932105,0.035545023696682554,0.050868878357029995,0.988612836438925,-0.0005590567188452633,-0.005002632964718368,0.006139677666922472,0.00691244239631339,0.016804550155118836,0.5641025641025641,1.029528053253832,1.1709505172785382,0.04698522560894469,-0.002822273073989301,1.2343743924060877,0.05836565605154198,0.015813386479919922,09:30,15:55,True,0.011826894839415791,2026-09-23T20:00:01-04:00,2026-09-23T20:00:01+00:00,True,-0.008593948639715188,0.0076277650648359785,-0.002186625985252988,-0.006421363775354183,0.009835898481296512,-0.01184894506166545,0.0,0.0,0.0
2026-09-25,2026-09-24,PANW,platform_software,-0.008593948639715188,-0.006421363775354183,0.02168484354296196,0.2502937720329022,-0.016098914963411537,-0.009886861685862836,-0.008669564996313439,-0.004569707181332983,-0.003984877899254169,0.48717948717948717,0.5484719335834802,0.49916333097653914,0.03962032741428034,-0.002974969224456392,0.16332164795242907,-0.00844554265490649,-0.004014268614866645,10:30,09:40,True,0.007211970330826656,2026-09-24T20:00:01-04:00,2026-09-24T20:00:01+00:00,True,-0.038931062782109116,-0.004282929831760374,-0.005077964710709981,-0.034025880290766586,0.000799092643192223,-0.03650048976645881,0.0,0.0,0.0
2026-09-21,2026-09-18,PLTR,platform_software,0.007943713118474749,0.0025962298227790725,0.032452872784738684,0.9808695652173889,-0.0006188466947961713,-0.01619821650299136,0.0038432435823030353,0.004296698326549109,0.010207853507350206,0.5128205128205128,1.2870614172498205,0.8211825356889841,0.06224959636428862,-0.0010695789236658815,4.2493690431159035,0.0016250164717079851,,09:45,09:30,True,0.006014525646845126,2026-09-18T20:00:01-04:00,2026-09-18T20:00:01+00:00,True,0.030680027020941303,0.03231254222022062,0.006107858590407522,0.02442299622324806,0.026045600783326295,-0.010994544691565244,0.0,0.0,0.0
2026-09-22,2026-09-21,PLTR,platform_software,0.030680027020941303,0.02442299622324806,0.03704014547489162,0.9561933534743214,-0.0015814156396553036,0.018675059448874043,0.00859362088910931,0.006874175098988022,0.006945055525245936,0.5256410256410257,0.8645854869592055,0.9372581831234413,0.056430673359875394,-0.0003823256322027513,0.5693591214351711,,0.007717402745532231,09:40,12:20,True,0.005854537266381632,2026-09-21T20:00:01-04:00,2026-09-21T20:00:01+00:00,True,0.010377410016931599,0.013381397127095962,0.011114752307608278,-0.0007292370020256511,0.002241728561782619,-0.016718433490884532,0.0,0.0,0.0
2026-09-23,2026-09-22,PLTR,platform_software,0.010377410016931599,-0.0007292370020256511,0.018960162052667068,0.8433048433048478,-0.002964320362185968,-0.01420661715057392,0.004288816503800419,0.002004116563752545,0.0013532532207427561,0.5512820512820513,0.8609321952855079,0.5110371443459157,0.07203291608715823,0.0007373371533594408,0.6337853463244548,0.002298863346128943,0.004104855732357082,10:35,09:30,True,0.01261674586269046,2026-09-22T20:00:01-04:00,2026-09-22T20:00:01+00:00,True,0.03675874371587651,0.04757013892642825,0.007027406886858767,0.029523860647377775,0.040259809973696825,-0.017982715121584558,0.0,0.0,0.0
2026-09-24,2026-09-23,PLTR,platform_software,0.03675874371587651,0.029523860647377775,0.05824252509528152,0.8156682027649769,-0.01032044997161874,0.014547211337162524,0.0028759673708427247,-0.0010417209229648394,0.002089973352839891,0.4230769230769231,1.4263736431461904,1.6381050650697169,0.10009177469312824,-0.0036201053235309644,0.8393062699533284,0.04512039517548638,0.004377731381157934,09:30,10:55,True,0.00832477431212486,2026-09-23T20:00:01-04:00,2026-09-23T20:00:01+00:00,True,0.004171228948328887,0.015068564575838161,-0.013035090463527799,0.01743356754186709,0.02847482698504944,-0.00554704421786667,0.0,0.0,0.0
2026-09-25,2026-09-24,PLTR,platform_software,0.004171228948328887,0.01743356754186709,0.03402187120291615,0.6754658385093161,-0.010735566057119339,0.015212108405092684,-0.0022277484198528485,0.0003116397444553609,0.0024724774223772172,0.5128205128205128,0.6982385734879786,0.9568850157075612,0.09277122106218783,-0.005659691572771242,0.5179558011049724,0.004319634933137584,0.002871987677126153,09:50,12:25,True,-0.0063073680452934155,2026-09-24T20:00:01-04:00,2026-09-24T20:00:01+00:00,True,-0.015161742561919156,0.008432421205670115,0.0006230853107638268,-0.015774998702714038,0.007804473042395177,-0.017435524881946995,0.0,0.0,0.0
2026-09-21,2026-09-18,QCOM,compute_chips,-0.058237507286312384,-0.07118218877391036,0.08440472457405668,0.10835913312693495,-0.07495315427857596,-0.04316922755304686,-0.005066480055983202,-0.0023296937715776567,-0.0034206246845736032,0.4230769230769231,4.884332643163615,2.639898557174044,-0.023355498159037258,0.0015755120414133739,14.140674846713361,-0.06455620393307915,-0.006858546531609111,12:45,09:30,True,0.00648528946535909,2026-09-18T20:00:01-04:00,2026-09-18T20:00:01+00:00,True,0.09289894215620076,0.0989759171730813,0.016261534998874616,0.07541110680471719,0.08139084214606052,-0.0076407729361609444,1.0,0.0,1.0
2026-09-22,2026-09-21,QCOM,compute_chips,0.09289894215620076,0.07541110680471719,0.08903161508222142,0.9328358208955216,-0.005529670779786056,0.027551076906040528,0.0036170102826433848,0.0033577848951336087,0.010614496071595703,0.6153846153846154,2.021194167864113,2.7846122759658085,0.07815709131279491,0.008495083148844174,0.6317165676167432,,0.01703594156596333,09:30,15:15,True,0.015642583839747815,2026-09-21T20:00:01-04:00,2026-09-21T20:00:01+00:00,True,0.020800082376563944,0.025330793389280792,-0.011481233589043849,0.03265625000000005,0.03723958333333344,-0.001770833333333388,0.0,0.0,0.0
2026-09-23,2026-09-22,QCOM,compute_chips,0.020800082376563944,0.03265625000000005,0.039010416666666714,0.8825100133511355,-0.00441877981421035,0.012734374999999964,0.01070500076464298,0.010395963919890061,0.010241516355854685,0.5897435897435898,1.0657873748920281,1.0653447447691073,0.05575079872204469,-0.00030261764260852697,0.9021568880349564,0.012721535705761289,0.009810267939692308,09:30,15:55,True,-0.011944601760799034,2026-09-22T20:00:01-04:00,2026-09-22T20:00:01+00:00,True,-0.005194936198113731,0.006773591567055037,0.006773591567055037,-0.011888003286359083,0.0,-0.032026972191189995,0.0,0.0,0.0
2026-09-24,2026-09-23,QCOM,compute_chips,-0.005194936198113731,-0.011888003286359083,0.032026972191189954,0.6288127639605834,-0.011888003286359083,-0.02944697990611822,-0.0003041054232133522,0.00015212210334158982,-0.0003294391931273344,0.5,0.8596498124344863,0.8108021629096995,0.06708504652672587,0.0016223889677549064,0.7060198305742336,0.0031667152614961447,0.002679459895968739,10:30,09:30,True,0.00519493619811362,2026-09-23T20:00:01-04:00,2026-09-23T20:00:01+00:00,True,-0.015108497262218745,-0.0023828837963901783,-0.002737781383086668,-0.012404677173360468,0.00035587188612118403,-0.025165226232841786,0.0,0.0,0.0
2026-09-25,2026-09-24,QCOM,compute_chips,-0.015108497262218745,-0.012404677173360468,0.025521098118962943,0.49999999999999717,-0.012756009554302117,-0.014489069649211928,-0.0008743506660495726,-0.0025570194805862867,0.003150012909888922,0.46153846153846156,0.6538639383264276,0.6460979649015329,0.029410206136399664,-0.0028827344795634424,0.47270242320977957,-0.014960091277410048,0.0009257473458885723,10:00,09:30,True,0.001019991840065293,2026-09-24T20:00:01-04:00,2026-09-24T20:00:01+00:00,True,0.03968907649541853,0.05967878101513424,0.003963759909399789,0.03558426908680712,0.05549505204327532,-0.0025637081474645385,0.0,0.0,1.0
2026-09-21,2026-09-18,SHOP,platform_software,-0.0007776049766717863,-0.002251727618603816,0.019993788337603874,0.650485436893202,-0.00695517774343124,-0.007531640655330407,0.004102363742918502,0.005477308294209671,0.011014948859165985,0.5,1.456786502288467,0.6252461702290706,-0.002251727618603816,0.0,7.926305407462544,-0.00709630162343855,0.002657214213740655,11:10,09:30,True,0.004354587869362492,2026-09-18T20:00:01-04:00,2026-09-18T20:00:01+00:00,True,0.07330739299610878,0.07416342412451371,0.0022957198443578353,0.07084902364222212,0.07170309406421072,-0.018673085135292422,0.0,0.0,1.0
2026-09-22,2026-09-21,SHOP,platform_software,0.07330739299610878,0.07084902364222212,0.0903761791995031,0.990549828178693,-0.0007969282040136694,0.007026670289995707,0.012777206638272753,0.011366136246975023,0.024589555010771758,0.5897435897435898,2.4710801616717113,2.8262457804531076,0.030099335275225902,0.006962732018561679,3.1059095132561216,,0.024986302843303054,09:45,15:55,True,0.004202334630350135,2026-09-21T20:00:01-04:00,2026-09-21T20:00:01+00:00,True,0.07120069605568458,0.08889211136890962,0.0480713457076567,0.022068488412314125,0.038948460740228175,-0.0020754064337600298,0.0,0.0,0.0
2026-09-23,2026-09-22,SHOP,platform_software,0.07120069605568458,0.022068488412314125,0.04102386717398828,0.5885328836424967,-0.016247170062591576,0.028245589761328294,0.0006773232186401135,-0.004916818212433394,-0.005385754678874255,0.5384615384615384,3.6012130859376748,1.2301378264270961,0.137686739565686,-0.0009476106673887985,0.9731493343279225,0.06312214938488192,-0.0030095313785034605,09:30,10:10,True,0.03880489560835132,2026-09-22T20:00:01-04:00,2026-09-22T20:00:01+00:00,True,-0.03655069717070536,0.024028699065926418,-0.007580885339109278,-0.029191106261083122,0.03185104351384527,-0.07461465011594592,0.0,0.0,0.0
2026-09-24,2026-09-23,SHOP,platform_software,-0.03655069717070536,-0.029191106261083122,0.10646569362979119,0.42664958360025645,-0.05915790865225723,-0.05128904651480026,-0.008429118773946365,-0.01035945213098799,-0.00021071855025633912,0.5897435897435898,3.0564555428577362,3.0334588770617743,0.09526008002462283,-0.0059013629338204865,0.6641169562224112,-0.028189045711095484,0.002026849549312537,10:10,09:35,True,-0.008866928387708195,2026-09-23T20:00:01-04:00,2026-09-23T20:00:01+00:00,True,0.019811718420682745,0.02543206407194054,-0.011521708585078061,0.03169864960909741,0.037384506041222565,-0.002842928216062357,0.0,0.0,0.0
2026-09-25,2026-09-24,SHOP,platform_software,0.019811718420682745,0.03169864960909741,0.040227434257284984,0.8586572438162523,-0.005480953685941481,0.011478322672352492,0.0031096676110842214,6.889424733036442e-05,0.022757697456492476,0.5256410256410257,0.9882353721457219,1.1386771904046742,0.1287713841368585,0.004064480573160667,0.8224938241606933,0.019960124405491442,0.009416372872035561,09:30,15:50,True,-0.014472390051988193,2026-09-24T20:00:01-04:00,2026-09-24T20:00:01+00:00,True,-0.020046844860843183,-0.0012841003031137666,-0.004753375585560771,-0.015366512078632266,0.0034858448120718144,-0.024487436838097842,0.0,0.0,0.0
2026-09-21,2026-09-18,SNDK,memory_storage,0.10990528930431909,0.10252276642874714,0.11137090819591434,0.9713812154696129,-0.0028825820812465874,0.04664041348757064,0.029302451157794396,0.03190472351159279,0.027354926008107405,0.6410256410256411,1.9415864004382086,2.231151288193431,0.09702145896470449,0.0034490071547366163,4.825197551775098,0.10358659265755232,0.03481498669838379,09:30,15:55,True,-0.01624091810780226,2026-09-18T20:00:01-04:00,2026-09-18T20:00:01+00:00,True,-0.014052750834347094,0.02381377593731515,0.019075576787846993,-0.03250821467688936,0.004649507119386609,-0.04873488499452361,0.0,0.0,0.0
2026-09-22,2026-09-21,SNDK,memory_storage,-0.014052750834347094,-0.03250821467688936,0.05338439211391021,0.3039590725882989,-0.03698575625923273,-0.024255202628696626,-0.00011319644110374671,0.009318242845634872,0.015333685831858235,0.3974358974358974,1.1972750710614073,1.048475063785663,0.13830630351999695,0.004871281075940592,0.8103030589314997,,-0.00401468878409772,13:25,09:30,True,0.014842680879590953,2026-09-21T20:00:01-04:00,2026-09-21T20:00:01+00:00,True,0.06815197210523927,0.08085405062717932,-0.005170832767287026,0.07370391549383926,0.08647201572683993,-0.0003897570703924602,0.0,0.0,1.0
2026-09-23,2026-09-22,SNDK,memory_storage,0.06815197210523927,0.07370391549383926,0.08686177279723248,0.8530066815144763,-0.011751890567065382,0.06810791434448249,-0.0007889734343643484,-0.001132766597148005,0.0008101245682539115,0.48717948717948717,1.4889755415021666,1.6590138792820046,0.23263842392848622,0.006120696964558192,1.044790832165031,0.06007342543443661,0.006785171067518636,09:30,09:55,True,-0.003758547298827186,2026-09-22T20:00:01-04:00,2026-09-22T20:00:01+00:00,True,-0.03734420044090214,0.008044344581990881,0.004435518060030619,-0.04159522214191136,0.0035928901926232104,-0.04840113748476582,0.0,0.0,0.0
2026-09-24,2026-09-23,SNDK,memory_storage,-0.03734420044090214,-0.04159522214191136,0.05199402767738903,0.1308980213089789,-0.045026337647590786,-0.03199571596646633,0.0017922925903866016,0.0011021894994407422,-0.007441850299695685,0.44871794871794873,0.8710987326295399,0.9930584050813823,0.1951354303045454,0.0010624418547042769,0.5263180953334669,-0.028982548981292267,-0.01034854297950949,15:50,09:30,True,0.004631592335085699,2026-09-23T20:00:01-04:00,2026-09-23T20:00:01+00:00,True,-0.03465322007960059,-0.007475627143462615,-0.016993564795190874,-0.01796494371954982,0.00968247745981965,-0.03321386571092566,0.0,0.0,0.0
2026-09-25,2026-09-24,SNDK,memory_storage,-0.03465322007960059,-0.01796494371954982,0.04289634317074532,0.3554830287206243,-0.027382292747048065,0.0039068712549701345,0.001610692254969015,0.007439664037410809,0.0033528630933308268,0.5,0.6873603514890025,0.8303221425024548,0.08624310110939715,-0.00011404979413998095,0.5757292768242089,-0.03450481409479189,-0.004983135751952084,14:05,09:45,True,-0.0026513922606196116,2026-09-24T20:00:01-04:00,2026-09-24T20:00:01+00:00,True,0.013788620111540695,0.03500199587139741,0.021851940557247485,-0.007890889203879703,0.012868846055113403,-0.027539984597698686,0.0,0.0,0.0
2026-09-21,2026-09-18,SNPS,eda,0.00996930503449911,-7.792207792201022e-05,0.015305974025973937,0.7793918001629171,-0.0033655215263933558,-0.008597402597402604,0.0010140932965834182,0.0015349393829025004,0.001978084901486321,0.5769230769230769,1.7696983053673052,0.49660691311292143,-0.031229553575922164,0.0003376886510637611,2.466361252599536,0.003650608387732346,0.0014008692342544204,10:05,15:40,True,0.008919904504551823,2026-09-18T20:00:01-04:00,2026-09-18T20:00:01+00:00,True,0.04384757253811977,0.049588279606203045,0.006130347819310433,0.03748741383316556,0.04319314279813091,-0.003640306715203989,0.0,0.0,0.0
2026-09-22,2026-09-21,SNPS,eda,0.04384757253811977,0.03748741383316556,0.046833449513334846,0.8781697905181929,-0.005469484729990537,0.027506002633413518,-0.001168224299065379,-0.0034223644074101722,0.0018074166406980563,0.6666666666666666,0.9759018109224674,1.519525301282951,0.05353538001730329,0.0012439965161128441,0.39098291247801636,,0.005154656303327787,09:40,15:45,True,0.005273138166610236,2026-09-21T20:00:01-04:00,2026-09-21T20:00:01+00:00,True,0.018389946497449294,0.026850814980714066,0.011919870598481985,0.006393861892583175,0.014755065905960985,-0.011361400747590067,0.0,0.0,0.0
2026-09-23,2026-09-22,SNPS,eda,0.018389946497449294,0.006393861892583175,0.026116466653551065,0.6798493408662923,-0.008239627762698709,0.002213259885894159,-0.0032636757757318335,-0.0012812221639231236,-0.001061817294196632,0.5512820512820513,0.796953125095859,0.744868620974801,0.11297253195539847,-0.0011973414133515936,0.3618252509117213,0.010311399826646639,0.000773190832853432,09:50,12:55,True,0.014657210401891163,2026-09-22T20:00:01-04:00,2026-09-22T20:00:01+00:00,True,0.009334375916332682,0.028442967451862033,0.0004887107809599112,0.00884134427510741,0.02794060179757718,-0.002295818679171502,0.0,0.0,0.0
2026-09-24,2026-09-23,SNPS,eda,0.009334375916332682,0.00884134427510741,0.03023642047674872,0.36833602584814246,-0.018580117848317812,0.015484564282922886,-0.015140316158413047,-0.009602819704362608,-0.007949660158032557,0.5641025641025641,1.223683710041362,0.8623739620867783,0.09139429809496113,0.002275698445746377,0.6001446698212725,0.017696027375942558,-0.00372244246551523,09:30,09:35,True,0.006056103997654105,2026-09-23T20:00:01-04:00,2026-09-23T20:00:01+00:00,True,0.028688326151164567,0.03125453929211264,0.0025662131409480704,0.026055249686081305,0.028614894233555566,-0.017143581570559174,0.0,0.0,0.0
2026-09-25,2026-09-24,SNPS,eda,0.028688326151164567,0.026055249686081305,0.04575847580411475,0.9440618485975882,-0.002488438152921546,0.022722882256350774,0.005347214006861556,0.004254212852449646,0.009191525745772422,0.5384615384615384,0.6554443625084203,1.4249912832217784,0.11475194794973365,-0.001153185380433519,2.4996169711255156,0.028836732135973264,0.0067441708795143995,09:30,15:50,True,0.003873529269355691,2026-09-24T20:00:01-04:00,2026-09-24T20:00:01+00:00,True,0.0020004236191193403,0.04944576498552622,0.04730413499329256,-0.04325745488865418,0.0020448978674636464,-0.04674052268488349,0.0,0.0,0.0
2026-09-21,2026-09-18,STX,memory_storage,0.06930384869199258,0.05413101916066232,0.07974812505370144,0.7966753886409107,-0.015149082568807426,0.02032675005216711,0.0017146456399010912,0.002720500665530201,0.009512782158170197,0.5769230769230769,2.0200051194589457,1.7312325370087138,0.034474866593589226,0.0030391597480174948,5.7023920589535075,0.06298515204522581,,09:30,15:50,True,0.011442730317632321,2026-09-18T20:00:01-04:00,2026-09-18T20:00:01+00:00,True,0.021582691927013675,0.06524295811548808,0.04131394170868319,-0.018948416026479675,0.02297963702237582,-0.03612991602088855,0.0,0.0,0.0
2026-09-22,2026-09-21,STX,memory_storage,0.021582691927013675,-0.018948416026479675,0.05910955304326438,0.2906721352102449,-0.04098620493649019,-0.023549934583514953,-0.007090392602904005,0.0042984534725323265,0.004158905535753155,0.5256410256410257,1.2917431234649388,1.2296700552562667,0.08910061448699658,0.0010999344598636718,1.0836076040906029,,-0.0008922306092633558,10:10,09:30,True,0.03782146504502837,2026-09-21T20:00:01-04:00,2026-09-21T20:00:01+00:00,True,0.04845980679907669,0.06795087339355432,-0.022380531729974673,0.07246207837330498,0.09239935174713465,-0.001515699145378968,0.0,0.0,1.0
2026-09-23,2026-09-22,STX,memory_storage,0.04845980679907669,0.07246207837330498,0.09391505089251369,0.7877094972067038,-0.018250901872051584,0.06009175809441625,0.004586955572059015,0.0005166609562035074,0.014089475889136338,0.5641025641025641,1.6378941501072992,1.719548847494567,0.19179590831940518,0.00028265785353975836,0.579610183027847,0.04038126012827403,,09:30,09:55,True,-0.025435271991565367,2026-09-22T20:00:01-04:00,2026-09-22T20:00:01+00:00,True,0.00437032527396064,0.007783962428248303,-0.007218646721168898,0.011673236968900547,0.015111695137976389,-0.03088042049934303,0.0,0.0,0.0
2026-09-25,2026-09-24,STX,memory_storage,,-0.009555463232239325,0.029748759101742767,0.26166850422638716,-0.02169523007310936,0.008757352458837131,-0.0023676588809233845,0.005282080873540762,0.0009502132455307954,0.46153846153846156,0.7632601114497545,0.544688459854447,,-0.0010155422112327894,0.974527213656038,,-0.004952644450069488,15:20,10:25,True,-0.003584073206601701,2026-09-24T20:00:01-04:00,2026-09-24T20:00:01+00:00,True,0.012043006004945234,0.020354998233839794,0.020354998233839794,-0.008146176814228245,0.0,-0.022534510363927507,0.0,0.0,0.0
2026-09-21,2026-09-18,TER,semi_equipment,0.051935547815252336,0.03404409308540246,0.04103106558289709,0.9837177747625541,-0.0006456646310294412,0.009798463422781456,0.03326750299018122,0.028703562675675975,0.031975775086120706,0.5512820512820513,1.9763133812048645,1.0151024681592224,-0.021726535341830777,-0.002907368024335888,4.160146880274808,0.04561685116848557,0.008702622631111323,10:05,15:55,True,0.01727409169427685,2026-09-18T20:00:01-04:00,2026-09-18T20:00:01+00:00,True,0.02710851481950094,0.036395940452795594,0.019476673755619345,0.007486037945102497,0.016596031211629114,-0.020662520959585873,0.0,0.0,0.0
2026-09-22,2026-09-21,TER,semi_equipment,0.02710851481950094,0.007486037945102497,0.0372585521712151,0.7554925584691718,-0.008961271721343422,-0.0064826183969052265,-0.00020963261883544249,-0.0006809848088004111,0.005137121631233921,0.5512820512820513,1.3466068494477075,0.9015837304085976,0.1589914945321993,0.002044346595376556,5.2238189717534675,,0.004172173509414456,10:05,15:40,True,0.023501224863380576,2026-09-21T20:00:01-04:00,2026-09-21T20:00:01+00:00,True,0.044949415526550185,0.04681029511977752,-0.022382974262200594,0.06887399463806965,0.0707774798927614,-0.006836461126005444,0.0,0.0,1.0
2026-09-23,2026-09-22,TER,semi_equipment,0.044949415526550185,0.06887399463806965,0.07761394101876673,0.9754749568221078,-0.0017776664997495306,0.03461796246648796,0.008078483925207713,0.007632623145550577,0.008716112790800645,0.6282051282051282,1.0081293010534151,1.9342551564636727,0.19780681988883875,0.002959692994557228,0.9383000476177138,0.03687086885574753,0.01484469274265754,09:30,15:55,True,-0.023509985846831283,2026-09-22T20:00:01-04:00,2026-09-22T20:00:01+00:00,True,-0.023953447540695838,-2.5082144021637554e-05,-0.0017306679374953227,-0.02226130653266334,0.0017085427135679065,-0.04947236180904524,0.0,0.0,0.0
2026-09-24,2026-09-23,TER,semi_equipment,-0.023953447540695838,-0.02226130653266334,0.05118090452261308,0.5316642120765823,-0.023928965586435313,-0.042964824120603096,0.002240708785123724,0.005945610588357075,0.003442451747656561,0.44871794871794873,0.9036440577881751,1.2755044671858913,0.14067125897698962,-0.010099193092460323,0.3964593457015373,-0.015591796081085962,0.007571271821240622,10:25,09:30,True,-0.003185432290752188,2026-09-23T20:00:01-04:00,2026-09-23T20:00:01+00:00,True,-0.003700467698000698,-0.0015418615408335778,-0.016652104641003085,0.013170961166570683,0.01536612136099924,-0.01732608582031059,0.0,0.0,0.0
2026-09-25,2026-09-24,TER,semi_equipment,-0.003700467698000698,0.013170961166570683,0.0326922071813099,0.9328537170263766,-0.0021619395686416354,-0.006115089113050809,0.002611911350177021,0.0014594392137110557,0.008729136583017771,0.5256410256410257,0.4581493220690759,0.8147385571019697,0.09789595899527082,-0.0018055197317513594,0.6236103835106671,-0.0035520617131920007,0.007470968449334148,09:40,15:30,True,-0.017885593873670058,2026-09-24T20:00:01-04:00,2026-09-24T20:00:01+00:00,True,0.02754707247872057,0.03291204539592463,0.01844209440288891,0.008940103836899915,0.01420792706090901,-0.016385969355451557,0.0,0.0,0.0
2026-09-21,2026-09-18,TXN,analog_power,0.032927868598434884,0.022333838161148645,0.03239844334106546,0.805917159763315,-0.006113016251677261,0.015624101374537513,0.009770506703022042,0.00851015545217293,0.012608233328269769,0.5384615384615384,3.469945041147167,1.2832387777651222,-0.0076665426125790415,0.0,7.1399866795248075,0.02660917195166812,0.0028911780911313745,09:30,15:55,True,0.008251336484078386,2026-09-18T20:00:01-04:00,2026-09-18T20:00:01+00:00,True,0.01586408640864101,0.019258175817581824,0.003862886288628964,0.011955019240109,0.015336048118952395,-0.020360892143310716,0.0,0.0,0.0
2026-09-22,2026-09-21,TXN,analog_power,0.01586408640864101,0.011955019240109,0.03569694026226305,0.9052851909994791,-0.0033299604452211584,-0.001419658534762891,0.004971617259674321,0.0048597714794480495,0.008000893122953157,0.5384615384615384,1.328602548216117,1.3435223769108593,0.028281831296029125,0.0014704470779340895,3.9748926053043756,,0.005692743552611956,09:30,15:55,True,0.006300630063006407,2026-09-21T20:00:01-04:00,2026-09-21T20:00:01+00:00,True,0.0019935762542917512,0.0028242330269132587,-0.007494369992985694,0.00955958934682366,0.010396518375241914,-0.005244755244755095,0.0,0.0,0.0
2026-09-23,2026-09-22,TXN,analog_power,0.0019935762542917512,0.00955958934682366,0.015641273619996968,0.9464922711058343,-0.0008283174112319047,0.00441080196399346,0.008752857222501076,0.005762353856700875,0.00406940179793569,0.5512820512820513,1.226957094390752,0.5886891413510524,0.03029267737159791,0.0020776684720533733,5.683306456768987,-0.006084970416510904,,10:05,11:50,True,-0.006903680732454731,2026-09-22T20:00:01-04:00,2026-09-22T20:00:01+00:00,True,0.004458199771563143,0.005489849305478689,0.0002947570096900609,0.004162215919555123,0.0051935614571438915,-0.01804854690780522,0.0,0.0,0.0
2026-09-24,2026-09-23,TXN,analog_power,0.004458199771563143,0.004162215919555123,0.023242108364948992,0.955625990491288,-0.0010260168559911298,-0.00861910199270699,0.004809907303318983,0.0023162616272656145,0.004513716170158055,0.6025641025641025,1.0365644330257804,0.9205743133071416,0.045843403537039196,0.004194849974323178,1.3911143947089872,0.012819851231173018,0.004611626043801165,09:45,15:45,True,0.004347665892929342,2026-09-23T20:00:01-04:00,2026-09-23T20:00:01+00:00,True,-0.0072261756290809,-0.0015039248771184788,-0.009610446775731751,0.0024074074074074137,0.008185185185185073,-0.011888888888888838,0.0,0.0,0.0
2026-09-25,2026-09-24,TXN,analog_power,-0.0072261756290809,0.0024074074074074137,0.02007407407407392,0.7121771217712152,-0.005730869549245066,-0.0009999999999998899,0.0001847745750183094,0.002203254892521711,0.0020733829464252285,0.44871794871794873,0.5440335758901668,0.7950946904578658,0.04846207484310838,-0.0012562349898391778,0.2819470562550429,-0.007077769644272203,0.001520920875322851,09:35,12:50,True,-0.012769849981705161,2026-09-24T20:00:01-04:00,2026-09-24T20:00:01+00:00,True,0.027415481248845408,0.029702198411232228,-0.00014779235174566807,0.02756734784376036,0.029854403015409536,-0.003990983333949427,0.0,0.0,0.0
2026-09-21,2026-09-18,WDC,memory_storage,0.041262651284591945,0.032433127872840695,0.05685446613410685,0.6918329561818553,-0.016687089228027197,0.013532322015462173,-0.001978586045880637,0.0065222348916762485,-0.00031710079275193426,0.5384615384615384,1.9720486434156472,1.149035788137239,-0.013014893331544375,0.0014500634402754287,9.507712918201408,0.03494395463782518,0.0051419023457912605,09:30,15:50,True,0.007006865312477739,2026-09-18T20:00:01-04:00,2026-09-18T20:00:01+00:00,True,0.015429581294181594,0.04334330251948515,0.03234321189052025,-0.016383728203496206,0.010655458865100442,-0.0404597978645187,0.0,0.0,0.0
2026-09-22,2026-09-21,WDC,memory_storage,0.015429581294181594,-0.016383728203496206,0.05111525672961908,0.47101533282667596,-0.026754109752654798,-0.03168106049798636,0.0011392574721886817,0.008233785516636338,0.007667056389963234,0.48717948717948717,1.3105382496851095,1.0330456566704305,0.049725956808919225,0.0007329807885398942,1.6402366473756298,,0.005463839528645487,10:10,09:30,True,0.03135762189595792,2026-09-21T20:00:01-04:00,2026-09-21T20:00:01+00:00,True,0.036660195907802784,0.058839279737599615,-0.01812928129950686,0.05580111124998588,0.07838971014328089,-0.00464725198559246,0.0,0.0,1.0
2026-09-23,2026-09-22,WDC,memory_storage,0.036660195907802784,0.05580111124998588,0.08303696212887322,0.7279693486590041,-0.02094660091878453,0.05184697019622986,0.008793833459993516,0.008618631005362198,0.017041909744645034,0.5384615384615384,1.4855851820831998,1.6781872685114219,0.1277793960578697,0.0006457167455875545,0.612744043913757,0.02858164923700013,,09:30,09:55,True,-0.02050561170984222,2026-09-22T20:00:01-04:00,2026-09-22T20:00:01+00:00,True,0.019565217391304346,0.023805208781747744,-0.003572965992251431,0.023221151769127646,0.027476346826802667,-0.038709119972350714,0.0,0.0,0.0
2026-09-24,2026-09-23,WDC,memory_storage,0.019565217391304346,0.023221151769127646,0.06618546679915327,0.9357080147128419,-0.004141404394190085,-0.0018576921415301983,0.012179747430500543,0.006010279063840551,0.0042613636363635354,0.5512820512820513,0.8887753069232153,1.33761646494776,0.13602897090917798,-0.004356646752095239,0.4059329678925616,0.02792686885091422,0.014968510033843252,09:35,15:40,True,-0.004132587171760682,2026-09-23T20:00:01-04:00,2026-09-23T20:00:01+00:00,True,-0.049357174523422476,-0.012012075407967227,-0.016445354556777647,-0.03346211633397722,0.004507405022537103,-0.035823138012449074,0.0,0.0,0.0
2026-09-25,2026-09-24,WDC,memory_storage,-0.049357174523422476,-0.03346211633397722,0.040330543034986094,0.05854177754124649,-0.0377991452991453,-0.012470272590684672,-0.011138987554418556,-0.0015520720161414925,-0.014034857242949728,0.47435897435897434,0.9565158870694512,0.797083186620303,0.0623776157784226,0.0017765539295151456,0.956504234325466,-0.04920876853861378,-0.009058817312215028,15:20,09:30,True,-0.001224489795918382,2026-09-24T20:00:01-04:00,2026-09-24T20:00:01+00:00,True,0.014434500677311224,0.025915480446803363,0.010948013590637684,0.00344873034004034,0.014805377383358298,-0.01658465864159564,0.0,0.0,0.0
