ticker,name,first_week,latest_week,weekly_coverage_pct,peak_week,peak_close,latest_close,drawdown_from_peak_pct,jan_median_close,current_vs_jan_pct,peak_vs_jan_pct,jan_to_peak_rally_retraced_pct,gain_start_to_peak_pct,avg_dollar_volume_20d,liquid,pullback_group,pullback_group_rank,sector,industry,country,market_cap,total_revenue,free_cashflow,revenue_growth_yoy_pct,gross_margin_pct,operating_margin_pct,net_margin_pct,fcf_margin_pct,earnings_growth_yoy_pct,return_on_equity_pct,profit_feature_count,fundamentals_status,provider_symbol,source,fetch_status,profit_module,sector_median_drawdown_pct,sector_adjusted_drawdown_residual_pp,industry_median_drawdown_pct,industry_adjusted_drawdown_residual_pp,industry_benchmark_basis,profit_module_median_drawdown_pct,profit_module_adjusted_drawdown_residual_pp,peer_median_drawdown_pct,peer_adjusted_drawdown_residual_pp,peer_benchmark_basis
NVDA,Nvidia Corp,2025-08-01,2026-08-20,100.0,2026-05-15,225.32,216.85,3.76,187.67,15.55,20.06,22.5,29.7,24805328777.0,True,1,G1/3,Technology,Semiconductors,United States,5200733011968.0,253491003392.0,46335873024.0,85.2,74.14,65.6,62.97,18.28,214.5,114.29,5,ok,NVDA,Yahoo Finance via yfinance,ok,P2 盈利改善,33.04,-29.28,35.8,-32.04,industry:Semiconductors,22.61,-18.85,32.88,-29.12,industry×module:Semiconductors × P2 盈利改善
GOOGL,Alphabet Inc. Class A Common Stock,2025-08-01,2026-08-20,100.0,2026-05-08,400.8,340.67,15.0,328.57,3.68,21.98,83.25,111.92,9505406490.0,True,1,G1/3,Communication Services,Internet Content & Information,United States,4217126256640.0,445865984000.0,22665000960.0,24.2,60.9,34.03,54.77,5.08,294.0,48.68,5,ok,GOOGL,Yahoo Finance via yfinance,ok,P2 盈利改善,27.41,-12.41,31.03,-16.03,industry:Internet Content & Information,22.61,-7.61,38.5,-23.5,industry×module:Internet Content & Information × P2 盈利改善
AVGO,Broadcom Inc. Common Stock,2025-08-01,2026-08-20,100.0,2026-05-29,446.77,364.03,18.52,344.97,5.53,29.51,81.28,54.78,7768879528.0,True,1,G1/3,Technology,Semiconductors,United States,1752930451456.0,75464998912.0,27212249088.0,47.9,76.28,48.99,38.85,36.06,85.4,37.28,5,ok,AVGO,Yahoo Finance via yfinance,ok,P2 盈利改善,33.04,-14.52,35.8,-17.28,industry:Semiconductors,22.61,-4.09,32.88,-14.36,industry×module:Semiconductors × P2 盈利改善
GOOG,Alphabet Inc. Class C Capital Stock,2025-08-01,2026-08-20,100.0,2026-05-08,397.05,338.2,14.82,329.14,2.75,20.63,86.66,109.03,6361389657.0,True,1,G1/3,Communication Services,Internet Content & Information,United States,4179580420096.0,445865984000.0,22665000960.0,24.2,60.9,34.03,54.77,5.08,294.0,48.68,5,ok,GOOG,Yahoo Finance via yfinance,ok,P2 盈利改善,27.41,-12.59,31.03,-16.21,industry:Internet Content & Information,22.61,-7.79,38.5,-23.68,industry×module:Internet Content & Information × P2 盈利改善
LITE,Lumentum Holdings Inc. Common Stock,2025-08-01,2026-08-20,100.0,2026-05-15,970.7,879.28,9.42,351.42,150.21,176.22,14.76,809.92,4365549460.0,True,1,G1/3,Technology,Communication Equipment,United States,77743890432.0,3014000128.0,224700000.0,109.3,44.24,27.95,-230.1,7.46,,-240.03,4,ok,LITE,Yahoo Finance via yfinance,ok,P2 盈利改善,33.04,-23.62,32.76,-23.34,industry:Communication Equipment,22.61,-13.19,32.18,-22.76,industry×module:Communication Equipment × P2 盈利改善
GEV,GE Vernova Inc.,2025-08-01,2026-08-20,100.0,2026-04-24,1149.19,966.01,15.94,679.55,42.15,69.11,39.0,75.05,2329207564.0,True,1,G1/3,Industrials,Specialty Industrial Machinery,United States,254841290752.0,41366999040.0,15722125312.0,21.9,20.57,7.47,23.04,38.01,32.8,82.58,5,ok,GEV,Yahoo Finance via yfinance,ok,P2 盈利改善,26.54,-10.6,26.54,-10.6,sector_fallback:Industrials,22.61,-6.67,26.54,-10.6,sector_fallback:Industrials
COST,Costco Wholesale Corp,2025-08-01,2026-08-20,100.0,2026-05-15,1048.95,933.51,11.01,940.25,-0.72,11.56,106.2,10.12,1742679007.0,True,1,G1/3,Consumer Defensive,Discount Stores,United States,420302618624.0,293586993152.0,6954375168.0,21.5,12.88,3.67,3.01,2.37,45.5,29.15,5,ok,COST,Yahoo Finance via yfinance,ok,P2 盈利改善,14.59,-3.58,14.59,-3.58,sector_fallback:Consumer Defensive,22.61,-11.6,14.59,-3.58,sector_fallback:Consumer Defensive
FERG,Ferguson Enterprises Inc.,2025-08-01,2026-08-20,100.0,2026-05-01,264.27,239.44,9.4,249.0,-3.84,6.13,162.61,18.96,1120219923.0,True,1,G1/3,Industrials,Industrial Distribution,United States,46861987840.0,31446200320.0,,4.6,30.63,10.16,6.32,,6.9,,4,ok,FERG,Yahoo Finance via yfinance,ok,P2 盈利改善,26.54,-17.14,26.54,-17.14,sector_fallback:Industrials,22.61,-13.21,26.54,-17.14,sector_fallback:Industrials
PFE,Pfizer Inc.,2025-08-01,2026-08-20,100.0,2026-04-02,28.32,27.79,1.87,25.65,8.34,10.41,19.85,20.56,1063359548.0,True,1,G1/3,Healthcare,Drug Manufacturers - General,United States,159989841920.0,63695998976.0,12485624832.0,2.6,74.72,27.88,6.8,19.6,,5.01,4,ok,PFE,Yahoo Finance via yfinance,ok,P2 盈利改善,22.93,-21.06,22.93,-21.06,sector_fallback:Healthcare,22.61,-20.74,22.93,-21.06,sector_fallback:Healthcare
NEE,"NextEra Energy, Inc.",2025-08-01,2026-08-20,100.0,2026-05-01,96.95,85.03,12.29,83.63,1.67,15.93,89.49,37.71,971457824.0,True,1,G1/3,Utilities,Utilities - Regulated Electric,United States,174492090368.0,28700000256.0,-17766875136.0,12.4,61.02,31.52,32.4,-61.91,53.1,11.68,5,ok,NEE,Yahoo Finance via yfinance,ok,P2 盈利改善,11.23,1.06,8.26,4.03,industry:Utilities - Regulated Electric,22.61,-10.32,8.26,4.03,industry×module:Utilities - Regulated Electric × P2 盈利改善
PWR,"Quanta Services, Inc.",2025-08-01,2026-08-20,100.0,2026-05-15,769.99,662.47,13.96,466.75,41.93,64.97,35.46,94.85,807598986.0,True,1,G1/3,Industrials,Engineering & Construction,United States,96120545280.0,32905140224.0,1955491328.0,41.1,15.46,7.22,4.03,5.94,94.7,15.34,5,ok,PWR,Yahoo Finance via yfinance,ok,P2 盈利改善,26.54,-12.58,20.48,-6.52,industry:Engineering & Construction,22.61,-8.65,20.48,-6.52,industry×module:Engineering & Construction × P2 盈利改善
FIX,"Comfort Systems USA, Inc.",2025-08-01,2026-08-20,100.0,2026-05-15,1992.74,1672.94,16.05,1119.98,49.37,77.93,36.64,186.6,803981055.0,True,1,G1/3,Industrials,Engineering & Construction,United States,58268082176.0,11228023808.0,1841915392.0,1.0,25.66,7.89,12.78,16.4,38.8,55.29,5,ok,FIX,Yahoo Finance via yfinance,ok,P2 盈利改善,26.54,-10.49,20.48,-4.43,industry:Engineering & Construction,22.61,-6.56,20.48,-4.43,industry×module:Engineering & Construction × P2 盈利改善
MO,"Altria Group, Inc.",2025-08-01,2026-08-20,100.0,2026-05-01,74.55,66.94,10.21,61.76,8.39,20.71,59.5,20.67,700038164.0,True,1,G1/3,Consumer Defensive,Tobacco,United States,110353367040.0,20444000256.0,9035249664.0,1.2,87.17,61.46,39.0,44.2,-2.7,,5,ok,MO,Yahoo Finance via yfinance,ok,P2 盈利改善,14.59,-4.38,14.59,-4.38,sector_fallback:Consumer Defensive,22.61,-12.4,14.59,-4.38,sector_fallback:Consumer Defensive
EQIX,"Equinix, Inc. Common Stock REIT",2025-08-01,2026-08-20,100.0,2026-04-24,1108.76,1082.61,2.36,800.35,35.27,38.53,8.48,43.67,660107716.0,True,1,G1/3,Real Estate,REIT - Specialty,United States,105123831808.0,9904000000.0,3776000000.0,16.7,51.98,27.02,15.48,38.13,28.8,10.73,5,ok,EQIX,Yahoo Finance via yfinance,ok,P-REIT 房地产口径单列,4.67,-2.31,4.67,-2.31,sector_fallback:Real Estate,4.67,-2.31,4.67,-2.31,sector_fallback:Real Estate
SLB,SLB Limited,2025-08-01,2026-08-20,100.0,2026-05-22,57.28,53.55,6.51,46.73,14.59,22.58,35.36,73.31,578988865.0,True,1,G1/3,Energy,Oil & Gas Equipment & Services,United States,79950790656.0,36366000128.0,2955124992.0,5.0,16.99,12.71,8.53,8.13,-29.7,12.91,5,ok,SLB,Yahoo Finance via yfinance,ok,P2 盈利改善,11.18,-4.67,18.69,-12.18,industry:Oil & Gas Equipment & Services,22.61,-16.1,18.69,-12.18,industry×module:Oil & Gas Equipment & Services × P2 盈利改善
TT,Trane Technologies plc,2025-08-01,2026-08-20,100.0,2026-05-01,486.48,451.1,7.27,389.53,15.81,24.89,36.49,10.75,542447243.0,True,1,G1/3,Industrials,Building Products & Equipment,Ireland,99765108736.0,22209900544.0,3121687552.0,10.6,35.39,19.25,13.28,14.06,7.1,36.64,5,ok,TT,Yahoo Finance via yfinance,ok,P2 盈利改善,26.54,-19.27,26.54,-19.27,sector_fallback:Industrials,22.61,-15.34,26.54,-19.27,sector_fallback:Industrials
DLR,"Digital Realty Trust, Inc.",2025-08-01,2026-08-20,100.0,2026-04-17,203.62,194.3,4.58,159.16,22.08,27.93,20.96,18.24,504763949.0,True,1,G1/3,Real Estate,REIT - Specialty,United States,71806779392.0,6757036032.0,3768482048.0,29.9,56.99,25.88,11.82,55.77,-58.7,2.91,5,ok,DLR,Yahoo Finance via yfinance,ok,P-REIT 房地产口径单列,4.67,-0.09,4.67,-0.09,sector_fallback:Real Estate,4.67,-0.09,4.67,-0.09,sector_fallback:Real Estate
BKR,Baker Hughes Company,2025-08-01,2026-08-20,100.0,2026-05-01,69.12,62.78,9.17,51.75,21.31,33.57,36.5,58.86,494308281.0,True,1,G1/3,Energy,Oil & Gas Equipment & Services,United States,61883301888.0,27725000704.0,4415000064.0,-2.4,23.66,12.83,11.17,15.92,-4.2,16.46,5,ok,BKR,Yahoo Finance via yfinance,ok,P2 盈利改善,11.18,-2.01,18.69,-9.52,industry:Oil & Gas Equipment & Services,22.61,-13.44,18.69,-9.52,industry×module:Oil & Gas Equipment & Services × P2 盈利改善
WMB,Williams Companies Inc.,2025-08-01,2026-08-20,100.0,2026-05-22,78.47,71.68,8.65,61.55,16.46,27.49,40.13,30.2,461256971.0,True,1,G1/3,Energy,Oil & Gas Midstream,United States,86221070336.0,12323000320.0,-1516749952.0,7.8,63.64,39.54,24.94,-12.31,51.2,21.5,5,ok,WMB,Yahoo Finance via yfinance,ok,P2 盈利改善,11.18,-2.53,8.36,0.29,industry:Oil & Gas Midstream,22.61,-13.96,8.51,0.14,industry×module:Oil & Gas Midstream × P2 盈利改善
MSCI,"MSCI, Inc.",2025-08-01,2026-08-20,100.0,2026-05-29,631.38,568.75,9.92,589.76,-3.56,7.06,150.48,13.27,403528930.0,True,1,G1/3,Financial Services,Financial Data & Stock Exchanges,United States,40965722112.0,3333758976.0,1194705920.0,12.2,82.97,56.3,40.73,35.84,19.6,,5,ok,MSCI,Yahoo Finance via yfinance,ok,P-FIN 金融口径单列,9.65,0.27,9.65,0.27,sector_fallback:Financial Services,9.65,0.27,9.65,0.27,sector_fallback:Financial Services
SWKS,Skyworks Solutions Inc,2025-08-01,2026-08-20,100.0,2026-05-22,82.42,67.94,17.57,58.96,15.23,39.79,61.72,21.76,373407727.0,True,1,G1/3,Technology,Semiconductors,United States,10102743040.0,4014099968.0,448812512.0,-3.1,40.73,8.82,7.23,11.18,-68.6,5.09,5,ok,SWKS,Yahoo Finance via yfinance,ok,P2 盈利改善,33.04,-15.47,35.8,-18.23,industry:Semiconductors,22.61,-5.04,32.88,-15.31,industry×module:Semiconductors × P2 盈利改善
HAL,Halliburton Company,2025-08-01,2026-08-20,100.0,2026-05-15,41.76,35.69,14.54,32.63,9.38,27.98,66.48,93.33,342037583.0,True,1,G1/3,Energy,Oil & Gas Equipment & Services,United States,29442828288.0,22372999168.0,2052249984.0,3.7,15.08,12.79,7.16,9.17,16.1,14.92,5,ok,HAL,Yahoo Finance via yfinance,ok,P2 盈利改善,11.18,3.36,18.69,-4.15,industry:Oil & Gas Equipment & Services,22.61,-8.07,18.69,-4.15,industry×module:Oil & Gas Equipment & Services × P2 盈利改善
SRE,Sempra,2025-08-01,2026-08-20,100.0,2026-04-02,99.2,87.38,11.92,88.82,-1.62,11.69,113.87,22.51,335646115.0,True,1,G1/3,Utilities,Utilities - Diversified,United States,54201798656.0,13552000000.0,-27657750528.0,-0.1,43.99,28.33,16.82,-204.09,71.3,6.68,5,ok,SRE,Yahoo Finance via yfinance,ok,P2 盈利改善,11.23,0.69,11.23,0.69,sector_fallback:Utilities,22.61,-10.69,11.23,0.69,sector_fallback:Utilities
EME,"EMCOR Group, Inc.",2025-08-01,2026-08-20,100.0,2026-05-08,921.64,787.39,14.57,694.21,13.42,32.76,59.03,47.54,333013838.0,True,1,G1/3,Industrials,Engineering & Construction,United States,34256629760.0,18597775360.0,978281600.0,19.8,19.43,10.62,7.74,5.26,34.8,40.35,5,ok,EME,Yahoo Finance via yfinance,ok,P2 盈利改善,26.54,-11.97,20.48,-5.91,industry:Engineering & Construction,22.61,-8.04,20.48,-5.91,industry×module:Engineering & Construction × P2 盈利改善
PPL,PPL Corporation,2025-08-01,2026-08-20,100.0,2026-04-10,39.65,35.2,11.22,36.21,-2.79,9.5,129.36,11.19,310969793.0,True,1,G1/3,Utilities,Utilities - Regulated Electric,United States,25872492544.0,9397999616.0,-1938375040.0,4.2,44.09,23.59,13.47,-20.63,21.2,8.63,5,ok,PPL,Yahoo Finance via yfinance,ok,P2 盈利改善,11.23,-0.01,8.26,2.96,industry:Utilities - Regulated Electric,22.61,-11.39,8.26,2.96,industry×module:Utilities - Regulated Electric × P2 盈利改善
HUBB,Hubbell Incorporated,2025-08-01,2026-08-20,100.0,2026-04-24,553.07,469.76,15.06,485.53,-3.25,13.91,123.35,29.6,306714184.0,True,1,G1/3,Industrials,Electrical Equipment & Parts,United States,24832892928.0,6223600128.0,495812512.0,15.3,35.34,21.67,14.49,7.97,-0.9,24.44,5,ok,HUBB,Yahoo Finance via yfinance,ok,P2 盈利改善,26.54,-11.48,36.2,-21.14,industry:Electrical Equipment & Parts,22.61,-7.55,36.2,-21.14,industry×module:Electrical Equipment & Parts × P2 盈利改善
ZM,"Zoom Communications, Inc. Class A Common Stock",2025-08-01,2026-08-20,100.0,2026-05-08,109.21,106.3,2.66,85.18,24.79,28.21,12.11,53.88,297783849.0,True,1,G1/3,Technology,Software - Application,United States,31501938688.0,4933060096.0,1981199232.0,5.5,77.77,25.06,41.99,40.16,74.2,21.95,5,ok,ZM,Yahoo Finance via yfinance,ok,P2 盈利改善,33.04,-30.38,28.57,-25.91,industry:Software - Application,22.61,-19.95,30.14,-27.48,industry×module:Software - Application × P2 盈利改善
SU,"Suncor Energy, Inc.",2025-08-01,2026-08-20,100.0,2026-05-15,68.29,67.94,0.51,49.74,36.59,37.29,1.89,74.92,295069580.0,True,1,G1/3,Energy,Oil & Gas Integrated,Canada,80786587648.0,56570998784.0,9229375488.0,45.9,60.4,29.94,15.78,16.31,241.9,19.25,5,ok,SU,Yahoo Finance via yfinance,ok,P2 盈利改善,11.18,-10.67,11.18,-10.67,sector_fallback:Energy,22.61,-22.1,11.18,-10.67,sector_fallback:Energy
ENB,"Enbridge, Inc",2025-08-01,2026-08-20,100.0,2026-05-22,58.04,50.99,12.15,48.12,5.96,20.62,71.07,25.63,283399348.0,True,1,G1/3,Energy,Oil & Gas Midstream,Canada,110208950272.0,83490996224.0,-1060249984.0,97.1,32.59,10.16,7.34,-1.27,-36.0,9.22,5,ok,ENB,Yahoo Finance via yfinance,ok,P2 盈利改善,11.18,0.97,8.36,3.79,industry:Oil & Gas Midstream,22.61,-10.46,8.51,3.64,industry×module:Oil & Gas Midstream × P2 盈利改善
CMS,CMS Energy Corporation,2025-08-01,2026-08-20,100.0,2026-04-10,79.38,69.83,12.03,70.7,-1.23,12.28,110.02,7.15,283088537.0,True,1,G1/3,Utilities,Utilities - Regulated Electric,United States,21407911936.0,8812999680.0,-2198874880.0,-0.5,40.31,17.17,11.64,-24.95,-43.9,9.16,5,ok,CMS,Yahoo Finance via yfinance,ok,P2 盈利改善,11.23,0.8,8.26,3.77,industry:Utilities - Regulated Electric,22.61,-10.58,8.26,3.77,industry×module:Utilities - Regulated Electric × P2 盈利改善
UTHR,United Therapeutics Corp,2025-08-01,2026-08-20,100.0,2026-04-17,588.38,521.0,11.45,469.49,10.97,25.32,56.67,99.94,277501382.0,True,1,G1/3,Healthcare,Drug Manufacturers - Specialty & Generic,United States,22008072192.0,3154500096.0,557137472.0,-1.9,86.14,42.23,41.56,17.66,13.4,19.31,5,ok,UTHR,Yahoo Finance via yfinance,ok,P2 盈利改善,22.93,-11.48,22.93,-11.48,sector_fallback:Healthcare,22.61,-11.16,22.93,-11.48,sector_fallback:Healthcare
ETR,Entergy Corporation,2025-08-01,2026-08-20,100.0,2026-04-10,116.47,107.34,7.84,93.86,14.36,24.09,40.38,29.89,265461628.0,True,1,G1/3,Utilities,Utilities - Regulated Electric,United States,48818987008.0,13482226688.0,-4400858112.0,5.9,47.0,24.46,13.33,-32.64,-1.9,10.25,5,ok,ETR,Yahoo Finance via yfinance,ok,P2 盈利改善,11.23,-3.39,8.26,-0.42,industry:Utilities - Regulated Electric,22.61,-14.77,8.26,-0.42,industry×module:Utilities - Regulated Electric × P2 盈利改善
ED,"Consolidated Edison, Inc.",2025-08-01,2026-08-20,100.0,2026-04-02,115.43,108.31,6.17,103.81,4.33,11.19,61.27,10.52,263779127.0,True,1,G1/3,Utilities,Utilities - Regulated Electric,United States,39331274752.0,17688999936.0,-844875008.0,13.2,53.37,16.54,12.53,-4.78,22.1,8.96,5,ok,ED,Yahoo Finance via yfinance,ok,P2 盈利改善,11.23,-5.06,8.26,-2.09,industry:Utilities - Regulated Electric,22.61,-16.44,8.26,-2.09,industry×module:Utilities - Regulated Electric × P2 盈利改善
RIG,Transocean LTD.,2025-08-01,2026-08-20,100.0,2026-05-15,7.04,6.01,14.63,4.25,41.41,65.65,36.92,149.65,253673472.0,True,1,G1/3,Energy,Oil & Gas Drilling,Switzerland,6611930624.0,4118000128.0,872625024.0,-2.2,41.65,17.39,-40.24,21.19,,-18.7,4,ok,RIG,Yahoo Finance via yfinance,ok,P2 盈利改善,11.18,3.46,12.89,1.74,industry:Oil & Gas Drilling,22.61,-7.98,12.89,1.74,industry×module:Oil & Gas Drilling × P2 盈利改善
VRSN,VeriSign Inc,2025-08-01,2026-08-20,100.0,2026-05-22,310.0,276.9,10.68,248.94,11.23,24.53,54.21,16.82,241798882.0,True,1,G1/3,Technology,Software - Infrastructure,United States,25474719744.0,1707900032.0,832837504.0,6.0,88.47,68.18,49.77,48.76,7.7,,5,ok,VRSN,Yahoo Finance via yfinance,ok,P2 盈利改善,33.04,-22.36,26.27,-15.59,industry:Software - Infrastructure,22.61,-11.93,25.5,-14.82,industry×module:Software - Infrastructure × P2 盈利改善
FE,FirstEnergy Corp.,2025-08-01,2026-08-20,100.0,2026-04-10,51.43,47.18,8.26,46.56,1.33,10.46,87.27,19.08,218376563.0,True,1,G1/3,Utilities,Utilities - Regulated Electric,United States,26594291712.0,15635999744.0,-2014625024.0,8.8,68.61,19.3,6.94,-12.88,8.3,9.49,5,ok,FE,Yahoo Finance via yfinance,ok,P2 盈利改善,11.23,-2.97,8.26,0.0,industry:Utilities - Regulated Electric,22.61,-14.35,8.26,0.0,industry×module:Utilities - Regulated Electric × P2 盈利改善
TSN,"Tyson Foods, Inc.",2025-08-01,2026-08-20,100.0,2026-05-08,68.38,58.4,14.59,60.07,-2.78,13.83,120.1,30.17,193035220.0,True,1,G1/3,Consumer Defensive,Farm Products,United States,20573351936.0,55694000128.0,1191250048.0,-0.1,6.55,2.71,1.03,2.14,204.1,3.26,5,ok,TSN,Yahoo Finance via yfinance,ok,P2 盈利改善,14.59,0.0,14.59,0.0,industry:Farm Products,22.61,-8.02,14.59,0.0,industry×module:Farm Products × P2 盈利改善
ATO,Atmos Energy Corporation,2025-08-01,2026-08-20,100.0,2026-04-10,190.36,170.52,10.42,166.78,2.24,14.14,84.14,22.17,182367682.0,True,1,G1/3,Utilities,Utilities - Regulated Gas,United States,28195741696.0,4921525760.0,-2220956928.0,4.8,62.21,37.22,28.5,-45.13,23.3,9.79,5,ok,ATO,Yahoo Finance via yfinance,ok,P2 盈利改善,11.23,-0.81,9.85,0.57,industry:Utilities - Regulated Gas,22.61,-12.19,9.57,0.85,industry×module:Utilities - Regulated Gas × P2 盈利改善
QSR,Restaurant Brands International Inc.,2025-08-01,2026-08-20,100.0,2026-04-24,80.9,79.55,1.67,68.33,16.42,18.4,10.74,18.94,179712888.0,True,1,G1/3,Consumer Cyclical,Restaurants,United States,37042851840.0,9699000320.0,1713374976.0,4.6,34.09,27.74,13.12,17.67,151.2,34.79,5,ok,QSR,Yahoo Finance via yfinance,ok,P2 盈利改善,20.62,-18.95,20.62,-18.95,sector_fallback:Consumer Cyclical,22.61,-20.94,20.62,-18.95,sector_fallback:Consumer Cyclical
BG,Bunge Global SA,2025-08-01,2026-08-20,100.0,2026-04-02,129.42,116.57,9.93,107.81,8.13,20.04,59.46,65.92,150304010.0,True,1,G1/3,Consumer Defensive,Farm Products,United States,21730592768.0,91818999808.0,-6475375104.0,88.3,4.92,4.62,1.1,-7.05,33.0,7.18,5,ok,BG,Yahoo Finance via yfinance,ok,P2 盈利改善,14.59,-4.66,14.59,-4.66,industry:Farm Products,22.61,-12.68,14.59,-4.66,industry×module:Farm Products × P2 盈利改善
TRP,TC Energy Corporation,2025-08-01,2026-08-20,100.0,2026-05-22,70.91,63.03,11.11,55.93,12.69,26.78,52.6,46.6,145927604.0,True,1,G1/3,Energy,Oil & Gas Midstream,Canada,,15690000384.0,1251124992.0,5.7,69.53,44.25,22.91,7.97,18.3,11.83,5,ok,TRP,Yahoo Finance via yfinance,ok,P2 盈利改善,11.18,-0.07,8.36,2.75,industry:Oil & Gas Midstream,22.61,-11.5,8.51,2.6,industry×module:Oil & Gas Midstream × P2 盈利改善
DTM,"DT Midstream, Inc.",2025-08-01,2026-08-20,100.0,2026-05-22,151.12,129.99,13.98,120.99,7.44,24.9,70.13,43.09,132092146.0,True,1,G1/3,Energy,Oil & Gas Midstream,United States,12932478976.0,1310000000.0,128000000.0,11.0,75.34,50.44,35.72,9.77,4.8,9.9,5,ok,DTM,Yahoo Finance via yfinance,ok,P2 盈利改善,11.18,2.8,8.36,5.62,industry:Oil & Gas Midstream,22.61,-8.63,8.51,5.47,industry×module:Oil & Gas Midstream × P2 盈利改善
EPD,Enterprise Products Partners L.P.,2025-08-01,2026-08-20,100.0,2026-05-22,39.63,38.43,3.03,32.9,16.81,20.46,17.83,28.92,130841281.0,True,1,G1/3,Energy,Oil & Gas Midstream,United States,82081726464.0,58470998016.0,1097250048.0,60.8,13.33,11.76,10.79,1.88,28.5,20.85,5,ok,EPD,Yahoo Finance via yfinance,ok,P2 盈利改善,11.18,-8.15,8.36,-5.33,industry:Oil & Gas Midstream,22.61,-19.58,8.51,-5.48,industry×module:Oil & Gas Midstream × P2 盈利改善
HBM,Hudbay Minerals Inc.,2025-08-01,2026-08-20,100.0,2026-05-29,29.16,28.15,3.46,22.5,25.11,29.6,15.17,221.85,128463891.0,True,1,G1/3,Basic Materials,Copper,Canada,13350991872.0,2468300032.0,450237504.0,17.7,56.57,32.58,27.48,18.24,14.1,16.74,5,ok,HBM,Yahoo Finance via yfinance,ok,P2 盈利改善,29.36,-25.9,29.36,-25.9,sector_fallback:Basic Materials,22.61,-19.15,29.36,-25.9,sector_fallback:Basic Materials
QRVO,"Qorvo, Inc.",2025-08-01,2026-08-20,100.0,2026-05-22,106.43,96.31,9.51,80.91,19.03,31.54,39.66,26.54,119230348.0,True,1,G1/3,Technology,Semiconductors,United States,8430458880.0,3644534016.0,476142016.0,-4.2,48.54,15.78,10.95,13.06,255.6,11.56,5,ok,QRVO,Yahoo Finance via yfinance,ok,P2 盈利改善,33.04,-23.53,35.8,-26.29,industry:Semiconductors,22.61,-13.1,32.88,-23.37,industry×module:Semiconductors × P2 盈利改善
APG,APi Group Corporation,2025-08-01,2026-08-20,100.0,2026-04-24,48.6,41.93,13.72,41.83,0.24,16.18,98.52,38.58,111388675.0,True,1,G1/3,Industrials,Engineering & Construction,United States,17787717632.0,8438000128.0,648625024.0,13.3,31.44,9.05,4.1,7.69,25.0,10.35,5,ok,APG,Yahoo Finance via yfinance,ok,P2 盈利改善,26.54,-12.82,20.48,-6.76,industry:Engineering & Construction,22.61,-8.89,20.48,-6.76,industry×module:Engineering & Construction × P2 盈利改善
TTE,TotalEnergies SE,2025-08-01,2026-08-20,100.0,2026-05-01,92.78,90.9,2.03,66.51,36.67,39.5,7.16,56.83,109327074.0,True,1,G1/3,Energy,Oil & Gas Integrated,France,199301087232.0,196381999104.0,13531374592.0,27.8,37.68,12.79,9.08,6.89,106.0,14.48,5,ok,TTE,Yahoo Finance via yfinance,ok,P2 盈利改善,11.18,-9.15,11.18,-9.15,sector_fallback:Energy,22.61,-20.58,11.18,-9.15,sector_fallback:Energy
ALSN,"ALLISON TRANSMISSION HOLDINGS, INC.",2025-08-01,2026-08-20,100.0,2026-04-24,135.51,129.12,4.72,108.7,18.79,24.66,23.83,54.53,104522056.0,True,1,G1/3,Consumer Cyclical,Auto Parts,United States,11001872384.0,4401999872.0,211000000.0,92.4,37.85,19.09,12.02,4.79,-6.1,28.35,5,ok,ALSN,Yahoo Finance via yfinance,ok,P2 盈利改善,20.62,-15.9,20.62,-15.9,sector_fallback:Consumer Cyclical,22.61,-17.89,20.62,-15.9,sector_fallback:Consumer Cyclical
WH,"Wyndham Hotels & Resorts, Inc. Common Stock",2025-08-01,2026-08-20,100.0,2026-04-17,89.28,75.31,15.65,77.37,-2.66,15.39,117.3,6.5,98563387.0,True,1,G1/3,Consumer Cyclical,Lodging,United States,5537633792.0,1418000000.0,362375008.0,-5.5,62.83,47.73,14.6,25.56,20.4,39.43,5,ok,WH,Yahoo Finance via yfinance,ok,P2 盈利改善,20.62,-4.97,20.62,-4.97,sector_fallback:Consumer Cyclical,22.61,-6.96,20.62,-4.97,sector_fallback:Consumer Cyclical
VAL,Valaris Limited,2025-08-01,2026-08-20,100.0,2026-05-15,105.43,89.0,15.58,53.99,64.85,95.28,31.94,132.84,97400868.0,True,1,G1/3,Energy,Oil & Gas Drilling,Bermuda,6093686784.0,2137699968.0,79725000.0,-12.4,24.78,9.79,43.95,3.73,-55.3,33.62,5,ok,VAL,Yahoo Finance via yfinance,ok,P2 盈利改善,11.18,4.4,12.89,2.69,industry:Oil & Gas Drilling,22.61,-7.03,12.89,2.69,industry×module:Oil & Gas Drilling × P2 盈利改善
SCI,Service Corporation International,2025-08-01,2026-08-20,100.0,2026-04-24,87.73,83.37,4.97,80.81,3.17,8.56,63.01,12.72,93091945.0,True,1,G1/3,Consumer Cyclical,Personal Services,United States,11351726080.0,4369364992.0,315907872.0,3.6,26.03,21.0,12.3,7.23,4.7,34.71,5,ok,SCI,Yahoo Finance via yfinance,ok,P2 盈利改善,20.62,-15.65,20.62,-15.65,sector_fallback:Consumer Cyclical,22.61,-17.64,20.62,-15.65,sector_fallback:Consumer Cyclical
PTEN,Patterson-UTI Energy Inc,2025-08-01,2026-08-20,100.0,2026-05-15,12.42,12.18,1.93,7.15,70.35,73.71,4.55,124.19,86303283.0,True,1,G1/3,Energy,Oil & Gas Drilling,United States,4706289152.0,4672065024.0,273732384.0,0.7,23.75,-0.57,-1.92,5.86,,-2.77,4,ok,PTEN,Yahoo Finance via yfinance,ok,P2 盈利改善,11.18,-9.25,12.89,-10.96,industry:Oil & Gas Drilling,22.61,-20.68,12.89,-10.96,industry×module:Oil & Gas Drilling × P2 盈利改善
GSAT,"Globalstar, Inc. Common Stock",2025-08-01,2026-08-20,100.0,2026-05-29,84.21,82.0,2.62,61.62,33.07,36.66,9.78,263.76,81763955.0,True,1,G1/3,Communication Services,Telecom Services,United States,10670840832.0,280641984.0,-290441888.0,-3.5,62.25,-7.37,-18.49,-103.49,,-15.88,4,ok,GSAT,Yahoo Finance via yfinance,ok,P2 盈利改善,27.41,-24.79,36.4,-33.78,industry:Telecom Services,22.61,-19.99,36.4,-33.78,industry×module:Telecom Services × P2 盈利改善
WFRD,Weatherford International plc Ordinary Shares,2025-08-01,2026-08-20,100.0,2026-05-01,109.49,91.24,16.67,89.24,2.24,22.69,90.12,100.02,77984190.0,True,1,G1/3,Energy,Oil & Gas Equipment & Services,United States,6488249344.0,4777999872.0,558000000.0,-8.2,30.51,10.5,7.66,11.68,-71.0,22.79,5,ok,WFRD,Yahoo Finance via yfinance,ok,P2 盈利改善,11.18,5.5,18.69,-2.02,industry:Oil & Gas Equipment & Services,22.61,-5.94,18.69,-2.02,industry×module:Oil & Gas Equipment & Services × P2 盈利改善
FCFS,"FirstCash Holdings, Inc. Common Stock",2025-08-01,2026-08-20,100.0,2026-05-08,227.68,205.91,9.56,167.43,22.98,35.99,36.13,73.7,77127303.0,True,1,G1/3,Financial Services,Credit Services,United States,9770799104.0,4120336896.0,219812256.0,29.4,57.87,15.51,9.42,5.33,58.2,17.4,5,ok,FCFS,Yahoo Finance via yfinance,ok,P-FIN 金融口径单列,9.65,-0.09,9.65,-0.09,sector_fallback:Financial Services,9.65,-0.09,9.65,-0.09,sector_fallback:Financial Services
KEX,Kirby Corporation,2025-08-01,2026-08-20,100.0,2026-04-24,150.6,139.22,7.56,125.47,10.96,20.03,45.28,57.7,76083126.0,True,1,G1/3,Industrials,Marine Shipping,United States,7388303360.0,3489434112.0,347219136.0,7.8,33.2,13.83,10.18,9.95,0.0,10.41,5,ok,KEX,Yahoo Finance via yfinance,ok,P2 盈利改善,26.54,-18.98,7.21,0.35,industry:Marine Shipping,22.61,-15.05,7.21,0.35,industry:Marine Shipping
MLI,"Mueller Industries, Inc.",2025-08-01,2026-08-20,100.0,2026-05-08,70.415,61.96,12.01,66.365,-6.64,6.1,208.77,68.98,73429202.0,True,1,G1/3,Industrials,Metal Fabrication,United States,13983087616.0,4661136896.0,524939744.0,25.5,28.78,21.81,18.25,11.26,1.8,26.32,5,ok,MLI,Yahoo Finance via yfinance,ok,P2 盈利改善,26.54,-14.53,26.54,-14.53,sector_fallback:Industrials,22.61,-10.6,26.54,-14.53,sector_fallback:Industrials
VNOM,"Viper Energy, Inc. Class A Common Stock",2025-08-01,2026-08-20,100.0,2026-05-01,49.9,45.03,9.76,38.78,16.12,28.67,43.79,36.34,73029550.0,True,1,G1/3,Energy,Oil & Gas Midstream,United States,23720790016.0,1934000000.0,46000000.0,115.2,100.0,66.98,3.05,2.38,160.7,1.09,5,ok,VNOM,Yahoo Finance via yfinance,ok,P2 盈利改善,11.18,-1.42,8.36,1.4,industry:Oil & Gas Midstream,22.61,-12.85,8.51,1.25,industry×module:Oil & Gas Midstream × P2 盈利改善
WRBY,Warby Parker Inc.,2025-08-01,2026-08-20,100.0,2026-05-08,29.55,27.46,7.07,26.38,4.09,12.02,65.93,25.21,72897936.0,True,1,G1/3,Healthcare,Medical Instruments & Supplies,United States,3391805184.0,911606016.0,9525750.0,9.8,53.12,-3.6,0.85,1.04,,2.06,4,ok,WRBY,Yahoo Finance via yfinance,ok,P2 盈利改善,22.93,-15.86,22.93,-15.86,sector_fallback:Healthcare,22.61,-15.54,22.93,-15.86,sector_fallback:Healthcare
FCN,"FTI Consulting, Inc.",2025-08-01,2026-08-20,100.0,2026-04-24,184.23,153.49,16.69,176.55,-13.06,4.35,400.26,11.3,70456848.0,True,1,G1/3,Industrials,Consulting Services,United States,4300227072.0,3923721984.0,289741120.0,5.3,31.82,9.23,6.44,7.38,-6.6,15.63,5,ok,FCN,Yahoo Finance via yfinance,ok,P2 盈利改善,26.54,-9.85,26.54,-9.85,sector_fallback:Industrials,22.61,-5.92,26.54,-9.85,sector_fallback:Industrials
GLNG,Golar LNG Ltd,2025-08-01,2026-08-20,100.0,2026-05-15,57.04,52.14,8.59,39.6,31.67,44.04,28.1,40.91,67630665.0,True,1,G1/3,Energy,Oil & Gas Midstream,Bermuda,5309044224.0,523380000.0,-381127616.0,72.4,63.72,51.15,31.27,-72.82,120.8,10.12,5,ok,GLNG,Yahoo Finance via yfinance,ok,P2 盈利改善,11.18,-2.59,8.36,0.23,industry:Oil & Gas Midstream,22.61,-14.02,8.51,0.08,industry×module:Oil & Gas Midstream × P2 盈利改善
BTE,Baytex Energy Corp.,2025-08-01,2026-08-20,100.0,2026-05-15,5.17,4.82,6.77,3.31,45.62,56.19,18.82,146.19,65329092.0,False,1,G1/3,Energy,Oil & Gas E&P,Canada,3363151872.0,1673613952.0,-225579008.0,51.3,59.01,40.84,-42.86,-13.48,21.1,-8.77,5,ok,BTE,Yahoo Finance via yfinance,ok,P2 盈利改善,11.18,-4.41,11.24,-4.47,industry:Oil & Gas E&P,22.61,-15.84,12.53,-5.76,industry×module:Oil & Gas E&P × P2 盈利改善
STNG,Scorpio Tankers Inc.,2025-08-01,2026-08-20,100.0,2026-05-08,84.41,78.4,7.12,58.53,33.95,44.22,23.22,79.4,63794702.0,True,1,G1/3,Energy,Oil & Gas Midstream,Monaco,3930885120.0,1215607040.0,271909888.0,77.5,72.97,59.74,67.16,22.37,382.8,24.62,5,ok,STNG,Yahoo Finance via yfinance,ok,P1 高增长高盈利,11.18,-4.06,8.36,-1.24,industry:Oil & Gas Midstream,11.9,-4.78,8.36,-1.24,industry:Oil & Gas Midstream
NE,Noble Corporation plc,2025-08-01,2026-08-20,100.0,2026-05-15,52.9,46.98,11.19,32.69,43.71,61.82,29.29,105.84,63334500.0,True,1,G1/3,Energy,Oil & Gas Drilling,United States,7386646016.0,2884698880.0,252878256.0,-16.3,35.42,10.71,5.18,8.77,,3.28,4,ok,NE,Yahoo Finance via yfinance,ok,P2 盈利改善,11.18,0.01,12.89,-1.7,industry:Oil & Gas Drilling,22.61,-11.42,12.89,-1.7,industry×module:Oil & Gas Drilling × P2 盈利改善
OUT,OUTFRONT Media Inc.,2025-08-01,2026-08-20,100.0,2026-05-08,33.9,29.78,12.15,24.36,22.25,39.16,43.19,96.86,61083404.0,True,1,G1/3,Real Estate,REIT - Specialty,United States,5254114304.0,1932899968.0,193724992.0,13.5,51.41,22.28,12.66,10.02,340.0,35.02,5,ok,OUT,Yahoo Finance via yfinance,ok,P-REIT 房地产口径单列,4.67,7.48,4.67,7.48,sector_fallback:Real Estate,4.67,7.48,4.67,7.48,sector_fallback:Real Estate
BKH,Black Hills Corporation,2025-08-01,2026-08-20,100.0,2026-04-17,76.07,73.29,3.65,71.68,2.25,6.12,63.33,31.56,58213940.0,True,1,G1/3,Utilities,Utilities - Regulated Gas,United States,5466588160.0,2299300096.0,-77750000.0,3.1,39.72,21.42,13.01,-3.38,31.6,7.96,5,ok,BKH,Yahoo Finance via yfinance,ok,P2 盈利改善,11.23,-7.58,9.85,-6.2,industry:Utilities - Regulated Gas,22.61,-18.96,9.57,-5.92,industry×module:Utilities - Regulated Gas × P2 盈利改善
TNL,Travel + Leisure Co.,2025-08-01,2026-08-20,100.0,2026-04-17,78.33,70.74,9.69,72.03,-1.79,8.75,120.48,34.1,56951110.0,True,1,G1/3,Consumer Cyclical,Travel Services,United States,4393312768.0,4094000128.0,556374976.0,4.4,50.61,19.75,5.79,13.59,6.2,,5,ok,TNL,Yahoo Finance via yfinance,ok,P2 盈利改善,20.62,-10.93,20.62,-10.93,sector_fallback:Consumer Cyclical,22.61,-12.92,20.62,-10.93,sector_fallback:Consumer Cyclical
PCVX,"Vaxcyte, Inc. Common Stock",2025-08-01,2026-08-20,100.0,2026-04-17,62.35,61.34,1.62,46.59,31.66,33.83,6.41,88.82,55411833.0,True,1,G1/3,Healthcare,Biotechnology,United States,9318185984.0,,-485755264.0,,0.0,0.0,0.0,,,-36.51,2,sparse,PCVX,Yahoo Finance via yfinance,ok,P-SPARSE 数据不足,22.93,-21.31,22.93,-21.31,industry:Biotechnology,21.4,-19.78,34.02,-32.4,industry×module:Biotechnology × P-SPARSE 数据不足
TXNM,"TXNM Energy, Inc.",2025-08-01,2026-08-20,100.0,2026-05-22,59.47,57.46,3.38,59.05,-2.69,0.71,478.57,4.89,45781759.0,True,1,G1/3,Utilities,Utilities - Regulated Electric,United States,5896298496.0,2233929984.0,-529223744.0,9.2,59.38,22.48,8.77,-23.69,190.9,6.25,5,ok,TXNM,Yahoo Finance via yfinance,ok,P2 盈利改善,11.23,-7.85,8.26,-4.88,industry:Utilities - Regulated Electric,22.61,-19.23,8.26,-4.88,industry×module:Utilities - Regulated Electric × P2 盈利改善
WTM,White Mountains Insurance Group Ltd.,2025-08-01,2026-08-20,100.0,2026-04-17,2319.41,2117.7,8.7,2048.45,3.38,13.23,74.44,30.68,45122637.0,True,1,G1/3,Financial Services,Insurance - Property & Casualty,Bermuda,5038248448.0,2978700032.0,687000000.0,22.5,53.34,36.41,37.66,23.06,68.8,20.36,5,ok,WTM,Yahoo Finance via yfinance,ok,P-FIN 金融口径单列,9.65,-0.95,9.65,-0.95,sector_fallback:Financial Services,9.65,-0.95,9.65,-0.95,sector_fallback:Financial Services
FIGS,"FIGS, Inc.",2025-08-01,2026-08-20,100.0,2026-04-24,16.51,14.41,12.72,11.39,26.51,44.95,41.02,165.86,41352518.0,True,1,G1/3,Consumer Cyclical,Apparel Manufacturing,United States,2438938880.0,710078016.0,78624496.0,28.8,68.91,17.93,8.72,11.07,275.0,14.76,5,ok,FIGS,Yahoo Finance via yfinance,ok,P2 盈利改善,20.62,-7.9,20.62,-7.9,sector_fallback:Consumer Cyclical,22.61,-9.89,20.62,-7.9,sector_fallback:Consumer Cyclical
SWX,"Southwest Gas Holdings, Inc.",2025-08-01,2026-08-20,100.0,2026-05-01,93.2,91.3,2.04,82.82,10.24,12.53,18.3,19.72,40510051.0,True,1,G1/3,Utilities,Utilities - Regulated Gas,United States,6438263296.0,1740919040.0,-390807360.0,-9.6,54.03,24.16,31.4,-22.45,,6.83,4,ok,SWX,Yahoo Finance via yfinance,ok,P2 盈利改善,11.23,-9.19,9.85,-7.81,industry:Utilities - Regulated Gas,22.61,-20.57,9.57,-7.53,industry×module:Utilities - Regulated Gas × P2 盈利改善
OGS,"ONE GAS, INC.",2025-08-01,2026-08-20,100.0,2026-04-10,90.0,81.39,9.57,77.42,5.13,16.25,68.44,24.12,38098051.0,True,1,G1/3,Utilities,Utilities - Regulated Gas,United States,4954959872.0,2311846912.0,-219928128.0,-2.9,38.09,19.85,12.47,-9.51,39.6,8.58,5,ok,OGS,Yahoo Finance via yfinance,ok,P2 盈利改善,11.23,-1.66,9.85,-0.28,industry:Utilities - Regulated Gas,22.61,-13.04,9.57,0.0,industry×module:Utilities - Regulated Gas × P2 盈利改善
HASI,"HA Sustainable Infrastructure Capital, Inc.",2025-08-01,2026-08-20,100.0,2026-05-01,42.53,40.62,4.49,33.95,19.65,25.27,22.26,65.55,37382309.0,True,1,G1/3,Financial Services,Asset Management,United States,5073013760.0,127338000.0,,804.4,100.0,22.21,67.65,,24.5,3.37,4,ok,HASI,Yahoo Finance via yfinance,ok,P-FIN 金融口径单列,9.65,-5.16,5.42,-0.93,industry:Asset Management,9.65,-5.16,5.42,-0.93,industry×module:Asset Management × P-FIN 金融口径单列
DRS,"Leonardo DRS, Inc. Common Stock",2025-08-01,2026-08-20,100.0,2026-05-29,48.76,41.0,15.91,40.99,0.02,18.96,99.87,17.01,36773065.0,True,1,G1/3,Industrials,Aerospace & Defense,United States,10862485504.0,3779000064.0,327875008.0,10.1,24.87,11.17,8.52,8.68,60.0,11.92,5,ok,DRS,Yahoo Finance via yfinance,ok,P2 盈利改善,26.54,-10.63,50.05,-34.14,industry:Aerospace & Defense,22.61,-6.7,50.05,-34.14,industry×module:Aerospace & Defense × P2 盈利改善
SR,Spire Inc.,2025-08-01,2026-08-20,100.0,2026-04-10,94.38,83.3,11.74,83.21,0.11,13.42,99.19,27.15,36761961.0,True,1,G1/3,Utilities,Utilities - Regulated Gas,United States,4783408128.0,2668400128.0,-326512512.0,19.2,43.97,7.07,20.56,-12.24,1138.2,8.11,5,ok,SR,Yahoo Finance via yfinance,ok,P1 高增长高盈利,11.23,0.51,9.85,1.89,industry:Utilities - Regulated Gas,11.9,-0.16,9.85,1.89,industry:Utilities - Regulated Gas
KOS,Kosmos Energy Ltd.,2025-08-01,2026-08-20,100.0,2026-05-15,3.23,3.02,6.5,1.27,137.8,154.33,10.71,65.64,33799662.0,False,1,G1/3,Energy,Oil & Gas E&P,United States,1762643584.0,1584611968.0,194501248.0,54.6,61.6,53.78,-34.22,12.27,,-62.95,4,ok,KOS,Yahoo Finance via yfinance,ok,P2 盈利改善,11.18,-4.68,11.24,-4.74,industry:Oil & Gas E&P,22.61,-16.11,12.53,-6.03,industry×module:Oil & Gas E&P × P2 盈利改善
SDRL,Seadrill Limited,2025-08-01,2026-08-20,100.0,2026-05-15,52.7,47.89,9.13,35.47,35.02,48.58,27.92,89.57,31803988.0,True,1,G1/3,Energy,Oil & Gas Drilling,United States,2957584896.0,1476000000.0,34625000.0,19.1,35.3,16.74,0.07,2.35,,0.03,4,ok,SDRL,Yahoo Finance via yfinance,ok,P2 盈利改善,11.18,-2.04,12.89,-3.76,industry:Oil & Gas Drilling,22.61,-13.48,12.89,-3.76,industry×module:Oil & Gas Drilling × P2 盈利改善
ADEA,Adeia Inc. Common Stock,2025-08-01,2026-08-20,100.0,2026-05-01,33.0,26.96,18.3,18.54,45.42,77.99,41.77,167.42,31590758.0,True,1,G1/3,Technology,Software - Application,United States,2894853888.0,470870016.0,195100624.0,12.1,100.0,31.95,26.05,41.43,0.0,27.88,5,ok,ADEA,Yahoo Finance via yfinance,ok,P2 盈利改善,33.04,-14.74,28.57,-10.27,industry:Software - Application,22.61,-4.31,30.14,-11.84,industry×module:Software - Application × P2 盈利改善
BEP,Brookfield Renewable Partners L.P.,2025-08-01,2026-08-20,100.0,2026-05-29,37.09,32.92,11.24,28.2,16.74,31.52,46.91,43.59,31263032.0,True,1,G1/3,Utilities,Utilities - Renewable,Canada,15941637120.0,6359000064.0,-11967500288.0,1.1,51.39,17.08,-1.26,-188.2,,0.4,4,ok,BEP,Yahoo Finance via yfinance,ok,P2 盈利改善,11.23,0.01,11.23,0.01,sector_fallback:Utilities,22.61,-11.37,11.23,0.01,sector_fallback:Utilities
MDU,"MDU Resources Group, Inc.",2025-08-01,2026-08-20,100.0,2026-05-01,22.6,20.31,10.13,20.25,0.3,11.6,97.45,32.16,30511093.0,True,1,G1/3,Utilities,Utilities - Regulated Gas,United States,4196471808.0,1830327040.0,-478334112.0,6.9,34.75,12.53,10.75,-26.13,47.2,6.89,5,ok,MDU,Yahoo Finance via yfinance,ok,P2 盈利改善,11.23,-1.1,9.85,0.28,industry:Utilities - Regulated Gas,22.61,-12.48,9.57,0.56,industry×module:Utilities - Regulated Gas × P2 盈利改善
STOK,"Stoke Therapeutics, Inc. Common Stock",2025-08-01,2026-08-20,100.0,2026-04-17,37.27,31.4,15.75,30.34,3.49,22.84,84.7,188.69,28163482.0,True,1,G1/3,Healthcare,Biotechnology,United States,2083552384.0,27588000.0,-106202000.0,-32.5,100.0,-701.65,0.0,-384.96,,-61.1,4,ok,STOK,Yahoo Finance via yfinance,ok,P4 持续亏损,22.93,-7.18,22.93,-7.18,industry:Biotechnology,34.33,-18.58,15.75,0.0,industry×module:Biotechnology × P4 持续亏损
NVCR,NovoCure Limited Ordinary Shares,2025-08-01,2026-08-20,100.0,2026-05-22,17.96,17.77,1.06,13.45,32.12,33.53,4.21,58.66,25617128.0,True,1,G1/3,Healthcare,Medical Devices,Switzerland,1991223936.0,699193024.0,22763750.0,15.6,76.37,-5.75,-21.25,3.26,,-43.22,4,ok,NVCR,Yahoo Finance via yfinance,ok,P2 盈利改善,22.93,-21.87,41.42,-40.36,industry:Medical Devices,22.61,-21.55,41.42,-40.36,industry:Medical Devices
INGM,Ingram Micro Holding Corporation,2025-08-01,2026-08-20,100.0,2026-04-24,30.35,27.28,10.12,21.12,29.17,43.7,33.26,56.2,25356466.0,True,1,G1/3,Technology,Information Technology Services,United States,6343202304.0,55975514112.0,395675008.0,13.6,6.65,1.69,0.77,0.71,199.4,10.34,5,ok,INGM,Yahoo Finance via yfinance,ok,P2 盈利改善,33.04,-22.92,39.4,-29.28,industry:Information Technology Services,22.61,-12.49,39.4,-29.28,industry:Information Technology Services
RUM,RUM Group Inc. Class A Common Stock,2025-08-01,2026-08-20,100.0,2026-05-29,9.19,8.43,8.27,6.16,36.85,49.19,25.08,14.02,23489244.0,True,1,G1/3,Communication Services,Internet Content & Information,United States,4487082496.0,117657432.0,-152408928.0,60.9,7.86,-99.17,-134.6,-129.54,,-18.41,4,ok,RUM,Yahoo Finance via yfinance,ok,P3 持续亏损,27.41,-19.14,31.03,-22.76,industry:Internet Content & Information,39.4,-31.13,31.03,-22.76,industry:Internet Content & Information
PRDO,Perdoceo Education Corporation,2025-08-01,2026-08-20,100.0,2026-04-02,37.53,32.48,13.46,32.03,1.4,17.17,91.82,26.36,22942345.0,True,1,G1/3,Consumer Defensive,Education & Training Services,United States,2066294400.0,858609024.0,184656128.0,1.8,79.89,25.72,20.63,21.51,21.0,17.55,5,ok,PRDO,Yahoo Finance via yfinance,ok,P2 盈利改善,14.59,-1.13,14.59,-1.13,sector_fallback:Consumer Defensive,22.61,-9.15,14.59,-1.13,sector_fallback:Consumer Defensive
NBR,Nabors Industries Ltd.,2025-08-01,2026-08-20,100.0,2026-05-22,105.41,91.82,12.89,63.41,44.8,66.24,32.36,232.94,22822460.0,True,1,G1/3,Energy,Oil & Gas Drilling,Bermuda,1367672064.0,3214062080.0,134169504.0,-2.2,38.42,7.5,7.69,4.17,,22.31,4,ok,NBR,Yahoo Finance via yfinance,ok,P2 盈利改善,11.18,1.71,12.89,0.0,industry:Oil & Gas Drilling,22.61,-9.72,12.89,0.0,industry×module:Oil & Gas Drilling × P2 盈利改善
HLIT,Harmonic Inc,2025-08-01,2026-08-20,100.0,2026-05-22,15.2,12.37,18.62,10.02,23.45,51.7,54.63,82.04,21814360.0,True,1,G1/3,Technology,Communication Equipment,United States,1360058624.0,443884000.0,71000248.0,53.5,50.01,18.03,-10.62,16.0,,6.55,4,ok,HLIT,Yahoo Finance via yfinance,ok,P2 盈利改善,33.04,-14.42,32.76,-14.14,industry:Communication Equipment,22.61,-3.99,32.18,-13.56,industry×module:Communication Equipment × P2 盈利改善
KOPN,Kopin Corp,2025-08-01,2026-08-20,100.0,2026-05-29,5.71,4.89,14.36,2.84,72.18,101.06,28.57,228.16,20242808.0,False,1,G1/3,Technology,Electronic Components,United States,936797952.0,43616160.0,-44449624.0,50.6,19.99,-27.51,18.26,-101.91,,18.69,4,ok,KOPN,Yahoo Finance via yfinance,ok,P2 盈利改善,33.04,-18.68,29.58,-15.22,industry:Electronic Components,22.61,-8.25,29.58,-15.22,industry×module:Electronic Components × P2 盈利改善
USLM,United States Lime & Minerals,2025-08-01,2026-08-20,100.0,2026-04-17,139.46,120.2,13.81,127.885,-6.01,9.05,166.39,40.84,19462701.0,False,1,G1/3,Basic Materials,Building Materials,United States,3410759680.0,376915008.0,47104248.0,8.3,55.3,41.01,35.66,12.5,12.2,21.35,5,ok,USLM,Yahoo Finance via yfinance,ok,P2 盈利改善,29.36,-15.55,29.36,-15.55,sector_fallback:Basic Materials,22.61,-8.8,29.36,-15.55,sector_fallback:Basic Materials
JBIO,"Jade Biosciences, Inc. Common Stock",2025-08-01,2026-08-20,100.0,2026-05-08,25.81,21.23,17.75,14.7,44.42,75.58,41.22,274.6,18818448.0,False,1,G1/3,Healthcare,Biotechnology,United States,1357168256.0,,,,0.0,0.0,0.0,,,,2,sparse,JBIO,Yahoo Finance via yfinance,ok,P-SPARSE 数据不足,22.93,-5.18,22.93,-5.18,industry:Biotechnology,21.4,-3.65,34.02,-16.27,industry×module:Biotechnology × P-SPARSE 数据不足
NNI,"Nelnet, Inc. Class A",2025-08-01,2026-08-20,100.0,2026-05-01,141.66,126.6,10.63,131.9,-4.02,7.4,154.3,15.09,17795155.0,False,1,G1/3,Financial Services,Credit Services,United States,4545062400.0,1488691968.0,,-30.5,86.14,18.24,20.3,,-62.8,6.76,4,ok,NNI,Yahoo Finance via yfinance,ok,P-FIN 金融口径单列,9.65,0.98,9.65,0.98,sector_fallback:Financial Services,9.65,0.98,9.65,0.98,sector_fallback:Financial Services
TSHA,"Taysha Gene Therapies, Inc. Common Stock",2025-08-01,2026-08-20,100.0,2026-05-08,6.81,6.11,10.28,4.66,31.12,46.14,32.56,158.94,16785664.0,False,1,G1/3,Healthcare,Biotechnology,United States,1984326272.0,5485000.0,-80965624.0,,100.0,-2792.32,0.0,-1476.13,,-47.05,3,ok,TSHA,Yahoo Finance via yfinance,ok,P4 持续亏损,22.93,-12.65,22.93,-12.65,industry:Biotechnology,34.33,-24.05,15.75,-5.47,industry×module:Biotechnology × P4 持续亏损
WTI,"W&T Offshore, Inc.",2025-08-01,2026-08-20,100.0,2026-05-15,4.75,4.01,15.58,1.81,121.55,162.43,25.17,179.41,15045358.0,False,1,G1/3,Energy,Oil & Gas E&P,United States,591696320.0,561865984.0,123814000.0,32.9,43.34,13.91,-19.32,22.04,,,4,ok,WTI,Yahoo Finance via yfinance,ok,P2 盈利改善,11.18,4.4,11.24,4.34,industry:Oil & Gas E&P,22.61,-7.03,12.53,3.05,industry×module:Oil & Gas E&P × P2 盈利改善
AVTX,"Avalo Therapeutics, Inc. Common Stock",2025-08-01,2026-08-20,100.0,2026-05-08,21.57,19.82,8.11,15.75,25.84,36.95,30.07,173.38,14842009.0,False,1,G1/3,Healthcare,Biotechnology,United States,1063482688.0,59000.0,-23271000.0,,0.0,-154847.45,0.0,-39442.37,,-36.27,3,ok,AVTX,Yahoo Finance via yfinance,ok,P4 持续亏损,22.93,-14.82,22.93,-14.82,industry:Biotechnology,34.33,-26.22,15.75,-7.64,industry×module:Biotechnology × P4 持续亏损
CASH,"Pathward Financial, Inc. Common Stock",2025-08-01,2026-08-20,100.0,2026-04-17,99.35,83.97,15.48,75.24,11.6,32.04,63.79,32.84,14371740.0,False,1,G1/3,Financial Services,Banks - Regional,United States,1738314880.0,752033024.0,,-13.5,0.0,20.52,23.38,,-24.7,21.18,4,ok,CASH,Yahoo Finance via yfinance,ok,P-FIN 金融口径单列,9.65,5.83,9.65,5.83,sector_fallback:Financial Services,9.65,5.83,9.65,5.83,sector_fallback:Financial Services
DRUG,Bright Minds Biosciences Inc. Common Stock,2025-08-01,2026-08-20,100.0,2026-04-17,89.9,78.56,12.61,86.75,-9.44,3.63,360.0,167.32,14318298.0,False,1,G1/3,Healthcare,Biotechnology,United States,759649728.0,,-18773080.0,,0.0,0.0,0.0,,,-13.63,2,sparse,DRUG,Yahoo Finance via yfinance,ok,P-SPARSE 数据不足,22.93,-10.32,22.93,-10.32,industry:Biotechnology,21.4,-8.79,34.02,-21.41,industry×module:Biotechnology × P-SPARSE 数据不足
KRP,"Kimbell Royalty Partners, LP Common Units representing Limited Partner Interests",2025-08-01,2026-08-20,100.0,2026-05-01,15.46,15.17,1.88,12.16,24.75,27.14,8.79,4.96,14308948.0,False,1,G1/3,Energy,Oil & Gas E&P,United States,1979072384.0,344855008.0,156176368.0,37.8,93.2,56.11,25.85,45.29,1889.4,12.44,5,ok,KRP,Yahoo Finance via yfinance,ok,P1 高增长高盈利,11.18,-9.3,11.24,-9.36,industry:Oil & Gas E&P,11.9,-10.02,11.24,-9.36,industry:Oil & Gas E&P
INVA,"Innoviva, Inc. Common Stock",2025-08-01,2026-08-20,100.0,2026-04-17,24.24,21.0,13.37,19.58,7.25,23.8,69.53,30.11,14127382.0,False,1,G1/3,Healthcare,Biotechnology,United States,1522212352.0,439998016.0,110332496.0,19.3,72.67,43.28,81.19,25.08,,36.68,4,ok,INVA,Yahoo Finance via yfinance,ok,P2 盈利改善,22.93,-9.56,22.93,-9.56,industry:Biotechnology,22.61,-9.24,19.65,-6.28,industry×module:Biotechnology × P2 盈利改善
TRMD,TORM plc Class A Common Stock,2025-08-01,2026-08-20,100.0,2026-05-08,33.92,31.06,8.43,22.67,37.01,49.63,25.42,84.25,13387863.0,False,1,G1/3,Energy,Oil & Gas Midstream,United Kingdom,3255274240.0,1412400000.0,-20825000.0,22.2,51.91,34.15,24.45,-1.47,90.3,15.65,5,ok,TRMD,Yahoo Finance via yfinance,ok,P2 盈利改善,11.18,-2.75,8.36,0.07,industry:Oil & Gas Midstream,22.61,-14.18,8.51,-0.08,industry×module:Oil & Gas Midstream × P2 盈利改善
VIR,"Vir Biotechnology, Inc. Common Stock",2025-08-01,2026-08-20,100.0,2026-04-17,10.75,9.21,14.33,6.06,51.98,77.39,32.84,113.72,13361480.0,False,1,G1/3,Healthcare,Biotechnology,United States,1654931968.0,303227008.0,-38885876.0,19582.5,-59.39,30.75,-83.0,-12.82,,-26.08,4,ok,VIR,Yahoo Finance via yfinance,ok,P2 盈利改善,22.93,-8.6,22.93,-8.6,industry:Biotechnology,22.61,-8.28,19.65,-5.32,industry×module:Biotechnology × P2 盈利改善
FLOC,Flowco Holdings Inc.,2025-08-01,2026-08-20,100.0,2026-05-15,27.31,22.7,16.88,20.41,11.22,33.81,66.81,58.87,12369257.0,False,1,G1/3,Energy,Oil & Gas Equipment & Services,United States,2462047232.0,819542976.0,50728876.0,22.1,55.06,17.55,6.07,6.19,33.3,10.15,5,ok,FLOC,Yahoo Finance via yfinance,ok,P2 盈利改善,11.18,5.7,18.69,-1.81,industry:Oil & Gas Equipment & Services,22.61,-5.73,18.69,-1.81,industry×module:Oil & Gas Equipment & Services × P2 盈利改善
ZYME,Zymeworks Inc.,2025-08-01,2026-08-20,100.0,2026-04-24,28.1,26.57,5.44,23.24,14.33,20.91,31.48,123.55,11951806.0,False,1,G1/3,Healthcare,Biotechnology,United States,2050169856.0,37127000.0,-65060124.0,-90.6,-246.66,-918.95,0.0,-175.24,,-72.31,4,ok,ZYME,Yahoo Finance via yfinance,ok,P4 持续亏损,22.93,-17.49,22.93,-17.49,industry:Biotechnology,34.33,-28.89,15.75,-10.31,industry×module:Biotechnology × P4 持续亏损
IMXI,"International Money Express, Inc.",2025-08-01,2026-08-20,100.0,2026-04-24,15.94,14.05,11.86,15.47,-9.18,3.04,402.13,83.01,11586777.0,False,1,G1/3,Technology,Software - Infrastructure,United States,426588192.0,555446976.0,2278750.0,-18.6,34.28,7.21,3.35,0.41,-62.1,11.94,5,ok,IMXI,Yahoo Finance via yfinance,ok,P2 盈利改善,33.04,-21.18,26.27,-14.41,industry:Software - Infrastructure,22.61,-10.75,25.5,-13.64,industry×module:Software - Infrastructure × P2 盈利改善
IMKTA,Ingles Markets Inc,2025-08-01,2026-08-20,100.0,2026-04-10,94.04,84.82,9.8,70.87,19.68,32.69,39.79,48.8,11164633.0,False,1,G1/3,Consumer Defensive,Grocery Stores,United States,1613382400.0,5417588224.0,134638256.0,3.4,24.3,6.22,1.92,2.49,,6.34,4,ok,IMKTA,Yahoo Finance via yfinance,ok,P2 盈利改善,14.59,-4.79,14.59,-4.79,sector_fallback:Consumer Defensive,22.61,-12.81,14.59,-4.79,sector_fallback:Consumer Defensive
CABA,"Cabaletta Bio, Inc. Common Stock",2025-08-01,2026-08-20,100.0,2026-05-08,3.88,3.19,17.78,2.21,44.34,75.57,41.32,169.44,10979846.0,False,1,G1/3,Healthcare,Biotechnology,United States,530677248.0,,-98343000.0,,0.0,0.0,0.0,,,-93.2,2,sparse,CABA,Yahoo Finance via yfinance,ok,P-SPARSE 数据不足,22.93,-5.15,22.93,-5.15,industry:Biotechnology,21.4,-3.62,34.02,-16.24,industry×module:Biotechnology × P-SPARSE 数据不足
NWN,Northwest Natural Holding Company,2025-08-01,2026-08-20,100.0,2026-04-10,55.6,50.59,9.01,46.56,8.66,19.42,55.42,39.42,10878483.0,False,1,G1/3,Utilities,Utilities - Regulated Gas,United States,2080262528.0,1292839936.0,-268720128.0,3.1,44.98,13.61,9.74,-20.79,,8.35,4,ok,NWN,Yahoo Finance via yfinance,ok,P2 盈利改善,11.23,-2.22,9.85,-0.84,industry:Utilities - Regulated Gas,22.61,-13.6,9.57,-0.56,industry×module:Utilities - Regulated Gas × P2 盈利改善
IHS,IHS Holding Limited,2025-08-01,2026-08-20,100.0,2026-05-22,8.39,8.36,0.36,7.58,10.29,10.69,3.7,29.28,10290609.0,False,1,G1/3,Real Estate,Real Estate Services,United Kingdom,2842064128.0,1645699968.0,-325249984.0,10.4,54.03,20.48,8.63,-19.76,,,4,ok,IHS,Yahoo Finance via yfinance,ok,P-REIT 房地产口径单列,4.67,-4.31,4.67,-4.31,sector_fallback:Real Estate,4.67,-4.31,4.67,-4.31,sector_fallback:Real Estate
CCCC,"C4 Therapeutics, Inc.",2025-08-01,2026-08-20,100.0,2026-05-29,4.37,4.03,7.78,2.14,88.32,104.21,15.25,106.13,9775756.0,False,1,G1/3,Healthcare,Biotechnology,United States,492100544.0,35039000.0,-43664000.0,2.8,86.34,-397.88,-289.44,-124.62,,-48.14,4,ok,CCCC,Yahoo Finance via yfinance,ok,P3 持续亏损,22.93,-15.15,22.93,-15.15,industry:Biotechnology,39.4,-31.62,23.54,-15.76,industry×module:Biotechnology × P3 持续亏损
VTOL,Bristow Group Inc.,2025-08-01,2026-08-20,100.0,2026-04-10,49.77,45.94,7.7,40.18,14.34,23.87,39.94,50.23,9733729.0,False,1,G1/3,Energy,Oil & Gas Equipment & Services,United States,1342486144.0,1564013056.0,-34202124.0,9.4,27.2,8.46,6.66,-2.19,-34.6,10.08,5,ok,VTOL,Yahoo Finance via yfinance,ok,P2 盈利改善,11.18,-3.48,18.69,-10.99,industry:Oil & Gas Equipment & Services,22.61,-14.91,18.69,-10.99,industry×module:Oil & Gas Equipment & Services × P2 盈利改善
ASC,ARDMORE SHIPPING CORPORATION,2025-08-01,2026-08-20,100.0,2026-05-08,19.53,18.19,6.86,11.91,52.73,63.98,17.59,83.38,9560605.0,False,1,G1/3,Industrials,Marine Shipping,Bermuda,751674432.0,368284992.0,-12892125.0,61.3,45.26,42.84,29.67,-3.5,572.7,16.23,5,ok,ASC,Yahoo Finance via yfinance,ok,P1 高增长高盈利,26.54,-19.68,7.21,-0.35,industry:Marine Shipping,11.9,-5.04,7.21,-0.35,industry:Marine Shipping
FLNG,FLEX LNG Ltd. Ordinary Shares,2025-08-01,2026-08-20,100.0,2026-05-08,32.72,32.06,2.02,26.41,21.39,23.89,10.46,30.93,9445455.0,False,1,G1/3,Energy,Oil & Gas Midstream,Bermuda,1732578688.0,360472992.0,143191744.0,24.2,73.34,55.68,28.5,39.72,159.1,14.03,5,ok,FLNG,Yahoo Finance via yfinance,ok,P2 盈利改善,11.18,-9.16,8.36,-6.34,industry:Oil & Gas Midstream,22.61,-20.59,8.51,-6.49,industry×module:Oil & Gas Midstream × P2 盈利改善
NVGS,NAVIGATOR HOLDINGS LTD.,2025-08-01,2026-08-20,100.0,2026-05-15,23.87,22.02,7.75,18.0,22.33,32.61,31.52,54.3,8904930.0,False,1,G1/3,Energy,Oil & Gas Midstream,United Kingdom,1362072704.0,614473984.0,105424872.0,29.5,54.61,28.48,22.8,17.16,174.2,11.73,5,ok,NVGS,Yahoo Finance via yfinance,ok,P2 盈利改善,11.18,-3.43,8.36,-0.61,industry:Oil & Gas Midstream,22.61,-14.86,8.51,-0.76,industry×module:Oil & Gas Midstream × P2 盈利改善
ARCO,ARCOS DORADOS HOLDINGS INC.,2025-08-01,2026-08-20,100.0,2026-04-24,9.23,7.8,15.49,7.78,0.26,18.64,98.62,41.13,8893942.0,False,1,G1/3,Consumer Cyclical,Restaurants,Uruguay,1676877952.0,4980967936.0,128893000.0,14.3,12.25,5.56,5.16,2.59,99.3,36.36,5,ok,ARCO,Yahoo Finance via yfinance,ok,P2 盈利改善,20.62,-5.13,20.62,-5.13,sector_fallback:Consumer Cyclical,22.61,-7.12,20.62,-5.13,sector_fallback:Consumer Cyclical
AVO,"Mission Produce, Inc. Common Stock",2025-08-01,2026-08-20,100.0,2026-04-10,14.81,13.24,10.6,12.44,6.43,19.05,66.24,21.0,8865400.0,False,1,G1/3,Consumer Defensive,Food Distribution,United States,1173770240.0,1246200064.0,33287500.0,-23.5,12.23,-0.21,1.83,2.67,,3.98,4,ok,AVO,Yahoo Finance via yfinance,ok,P2 盈利改善,14.59,-3.99,14.59,-3.99,sector_fallback:Consumer Defensive,22.61,-12.01,14.59,-3.99,sector_fallback:Consumer Defensive
OBE,Obsidian Energy Ltd.,2025-08-01,2026-08-20,100.0,2026-05-01,14.2,12.11,14.72,6.45,87.75,120.16,26.97,140.68,8528096.0,False,1,G1/3,Energy,Oil & Gas E&P,Canada,797370496.0,543699968.0,-61987500.0,41.7,59.33,35.72,5.11,-11.4,190.5,1.99,5,ok,OBE,Yahoo Finance via yfinance,ok,P2 盈利改善,11.18,3.54,11.24,3.48,industry:Oil & Gas E&P,22.61,-7.89,12.53,2.2,industry×module:Oil & Gas E&P × P2 盈利改善
PRAA,"PRA Group, Inc.",2025-08-01,2026-08-20,100.0,2026-05-01,22.23,18.63,16.19,16.64,11.96,33.59,64.4,47.61,8150022.0,False,1,G1/3,Financial Services,Credit Services,United States,737147968.0,1331236992.0,-129378376.0,29.4,100.0,41.19,-19.91,-9.72,40.1,-20.25,5,ok,PRAA,Yahoo Finance via yfinance,ok,P-FIN 金融口径单列,9.65,6.54,9.65,6.54,sector_fallback:Financial Services,9.65,6.54,9.65,6.54,sector_fallback:Financial Services
NEXA,Nexa Resources S.A. Common Shares,2025-08-01,2026-08-20,100.0,2026-04-17,16.0,14.07,12.06,11.8,19.24,35.59,45.95,242.61,8069079.0,False,1,G1/3,Basic Materials,Other Industrial Metals & Mining,Luxembourg,2039554560.0,3462774016.0,371355744.0,28.2,28.07,19.82,8.02,10.72,6235.0,29.91,5,ok,NEXA,Yahoo Finance via yfinance,ok,P1 高增长高盈利,29.36,-17.3,29.36,-17.3,industry:Other Industrial Metals & Mining,11.9,0.16,29.36,-17.3,industry:Other Industrial Metals & Mining
HAFN,Hafnia Limited,2025-08-01,2026-08-20,100.0,2026-05-08,8.96,7.89,11.94,5.74,37.46,56.1,33.23,63.8,7874632.0,False,1,G1/3,Industrials,Marine Shipping,Singapore,4078215424.0,2405221120.0,127692128.0,22.5,29.34,22.34,18.97,5.31,184.1,18.93,5,ok,HAFN,Yahoo Finance via yfinance,ok,P2 盈利改善,26.54,-14.6,7.21,4.73,industry:Marine Shipping,22.61,-10.67,7.21,4.73,industry:Marine Shipping
USAC,USA COMPRESSION PARTNERS LP,2025-08-01,2026-08-20,100.0,2026-05-15,29.67,26.36,11.16,25.15,4.81,17.97,73.23,28.0,7608666.0,False,1,G1/3,Energy,Oil & Gas Equipment & Services,United States,3848245760.0,1176161024.0,284331136.0,36.8,66.07,29.35,12.43,24.17,40.9,122.35,5,ok,USAC,Yahoo Finance via yfinance,ok,P2 盈利改善,11.18,-0.02,18.69,-7.53,industry:Oil & Gas Equipment & Services,22.61,-11.45,18.69,-7.53,industry×module:Oil & Gas Equipment & Services × P2 盈利改善
TEN,Tsakos Energy Navigation Ltd.,2025-08-01,2026-08-20,100.0,2026-05-08,43.8,42.32,3.38,25.52,65.83,71.63,8.1,125.19,7534500.0,False,1,G1/3,Energy,Oil & Gas Midstream,Greece,1286749952.0,854601024.0,,28.4,59.72,43.44,24.81,,162.8,11.65,4,ok,TEN,Yahoo Finance via yfinance,ok,P2 盈利改善,11.18,-7.8,8.36,-4.98,industry:Oil & Gas Midstream,22.61,-19.23,8.51,-5.13,industry×module:Oil & Gas Midstream × P2 盈利改善
SBGI,"Sinclair, Inc. Class A Common Stock",2025-08-01,2026-08-20,100.0,2026-04-17,16.79,14.35,14.53,15.05,-4.65,11.56,140.23,19.08,7411912.0,False,1,G1/3,Communication Services,Broadcasting,United States,1039906048.0,3256000000.0,237875008.0,7.1,45.42,6.55,1.6,7.31,,20.44,4,ok,SBGI,Yahoo Finance via yfinance,ok,P2 盈利改善,27.41,-12.88,27.41,-12.88,sector_fallback:Communication Services,22.61,-8.08,27.41,-12.88,sector_fallback:Communication Services
REX,REX American Resources Corp.,2025-08-01,2026-08-20,100.0,2026-05-15,50.06,44.39,11.33,33.59,32.15,49.03,34.43,96.35,7176420.0,False,1,G1/3,Basic Materials,Chemicals,United States,1471327744.0,656195008.0,24365876.0,3.6,16.53,11.79,14.13,3.71,117.5,15.79,5,ok,REX,Yahoo Finance via yfinance,ok,P2 盈利改善,29.36,-18.03,31.69,-20.36,industry:Chemicals,22.61,-11.28,31.69,-20.36,industry×module:Chemicals × P2 盈利改善
EGY,"Vaalco Energy, Inc.",2025-08-01,2026-08-20,100.0,2026-05-01,6.48,6.03,6.94,4.5,34.0,44.0,22.73,80.0,6872750.0,False,1,G1/3,Energy,Oil & Gas E&P,United States,624839168.0,349815008.0,-96645624.0,39.5,58.03,47.51,-31.11,-27.63,389.6,-24.4,5,ok,EGY,Yahoo Finance via yfinance,ok,P1 高增长高盈利,11.18,-4.24,11.24,-4.3,industry:Oil & Gas E&P,11.9,-4.96,11.24,-4.3,industry:Oil & Gas E&P
REPX,"Riley Exploration Permian, Inc.",2025-08-01,2026-08-20,100.0,2026-04-10,39.54,37.97,3.97,27.17,39.75,45.53,12.69,55.67,6714477.0,False,1,G1/3,Energy,Oil & Gas E&P,United States,828134272.0,483860000.0,135574496.0,94.2,70.96,52.6,24.53,28.02,185.4,19.94,5,ok,REPX,Yahoo Finance via yfinance,ok,P2 盈利改善,11.18,-7.21,11.24,-7.27,industry:Oil & Gas E&P,22.61,-18.64,12.53,-8.55,industry×module:Oil & Gas E&P × P2 盈利改善
STTK,"Shattuck Labs, Inc. Common Stock",2025-08-01,2026-08-20,100.0,2026-04-24,7.74,7.25,6.33,4.15,74.7,86.51,13.65,957.38,6574082.0,False,1,G1/3,Healthcare,Biotechnology,United States,755735360.0,1000000.0,-21216624.0,,0.0,-5570.5,0.0,-2121.66,,-39.21,3,ok,STTK,Yahoo Finance via yfinance,ok,P4 持续亏损,22.93,-16.6,22.93,-16.6,industry:Biotechnology,34.33,-28.0,15.75,-9.42,industry×module:Biotechnology × P4 持续亏损
SRTA,"Strata Critical Medical, Inc. Class A Common Stock",2025-08-29,2026-08-20,92.9,2026-05-29,6.31,5.96,5.55,5.47,8.96,15.36,41.67,44.39,6434509.0,False,1,G1/3,Healthcare,Medical Care Facilities,United States,552032832.0,255975008.0,-20090750.0,60.7,21.25,-6.32,15.71,-7.85,,-9.22,4,ok,SRTA,Yahoo Finance via yfinance,ok,P2 盈利改善,22.93,-17.38,22.93,-17.38,sector_fallback:Healthcare,22.61,-17.06,22.93,-17.38,sector_fallback:Healthcare
ADUR,Aduro Clean Technologies Inc. Common Stock,2025-08-01,2026-08-20,100.0,2026-05-29,16.85,15.85,5.93,13.01,21.83,29.52,26.04,65.03,6429216.0,False,1,G1/3,Industrials,Pollution & Treatment Controls,Canada,568512576.0,241876.0,-8855211.0,,100.0,-7230.04,0.0,-3661.05,,-68.5,3,ok,ADUR,Yahoo Finance via yfinance,ok,P4 持续亏损,26.54,-20.61,26.54,-20.61,sector_fallback:Industrials,34.33,-28.4,26.54,-20.61,sector_fallback:Industrials
KYTX,"Kyverna Therapeutics, Inc. Common Stock",2025-08-01,2026-08-20,100.0,2026-04-17,9.93,8.13,18.13,8.36,-2.75,18.78,114.65,188.66,6161696.0,False,1,G1/3,Healthcare,Biotechnology,United States,520721792.0,,-107684496.0,,0.0,0.0,0.0,,,-87.24,2,sparse,KYTX,Yahoo Finance via yfinance,ok,P-SPARSE 数据不足,22.93,-4.8,22.93,-4.8,industry:Biotechnology,21.4,-3.27,34.02,-15.89,industry×module:Biotechnology × P-SPARSE 数据不足
TK,Teekay Corporation Ltd.,2025-08-01,2026-08-20,100.0,2026-05-08,14.09,13.18,6.46,9.65,36.58,46.01,20.5,94.88,6035682.0,False,1,G1/3,Energy,Oil & Gas Midstream,Bermuda,1161033728.0,1151122048.0,137209744.0,43.5,50.4,46.94,15.78,11.92,242.6,27.11,5,ok,TK,Yahoo Finance via yfinance,ok,P2 盈利改善,11.18,-4.72,8.36,-1.9,industry:Oil & Gas Midstream,22.61,-16.15,8.51,-2.05,industry×module:Oil & Gas Midstream × P2 盈利改善
ICL,ICL Group Ltd.,2025-08-01,2026-08-20,100.0,2026-05-29,6.64,5.52,16.87,5.4,2.22,22.96,90.32,7.79,5956831.0,False,1,G1/3,Basic Materials,Agricultural Inputs,Israel,,7712000000.0,129250000.0,16.5,30.63,12.46,3.96,1.68,51.6,5.63,5,ok,ICL,Yahoo Finance via yfinance,ok,P2 盈利改善,29.36,-12.49,29.36,-12.49,sector_fallback:Basic Materials,22.61,-5.74,29.36,-12.49,sector_fallback:Basic Materials
FOSL,"Fossil Group, Inc.",2025-08-01,2026-08-20,100.0,2026-04-17,5.6,5.58,0.36,3.82,46.07,46.6,1.12,252.2,5887585.0,False,1,G1/3,Consumer Cyclical,Footwear & Accessories,United States,331764480.0,985174016.0,24712624.0,-4.9,56.73,3.49,-7.09,2.51,,-66.53,4,ok,FOSL,Yahoo Finance via yfinance,ok,P2 盈利改善,20.62,-20.26,20.62,-20.26,sector_fallback:Consumer Cyclical,22.61,-22.25,20.62,-20.26,sector_fallback:Consumer Cyclical
TR,"Tootsie Roll Industries, Inc.",2025-08-01,2026-08-20,100.0,2026-04-10,44.23,41.67,5.79,36.2816,14.85,21.91,32.21,21.32,5742100.0,False,1,G1/3,Consumer Defensive,Confectioners,United States,3080933888.0,734740992.0,59253124.0,-0.6,34.49,8.95,12.99,8.06,-23.9,10.34,5,ok,TR,Yahoo Finance via yfinance,ok,P2 盈利改善,14.59,-8.8,14.59,-8.8,sector_fallback:Consumer Defensive,22.61,-16.82,14.59,-8.8,sector_fallback:Consumer Defensive
AURA,"Aura Biosciences, Inc. Common Stock",2025-08-01,2026-08-20,100.0,2026-05-08,8.4,7.77,7.5,5.3,46.6,58.49,20.32,24.63,5588306.0,False,1,G1/3,Healthcare,Biotechnology,United States,808897536.0,,-56323752.0,,0.0,0.0,0.0,,,-53.49,2,sparse,AURA,Yahoo Finance via yfinance,ok,P-SPARSE 数据不足,22.93,-15.43,22.93,-15.43,industry:Biotechnology,21.4,-13.9,34.02,-26.52,industry×module:Biotechnology × P-SPARSE 数据不足
CMRE,Costamare Inc.,2025-08-01,2026-08-20,100.0,2026-05-08,17.62,15.18,13.85,15.92,-4.65,10.68,143.53,71.4,5266735.0,False,1,G1/3,Industrials,Marine Shipping,Monaco,1888342528.0,857382976.0,-232061504.0,-4.0,69.83,47.04,39.52,-27.07,-7.7,15.97,5,ok,CMRE,Yahoo Finance via yfinance,ok,P2 盈利改善,26.54,-12.69,7.21,6.64,industry:Marine Shipping,22.61,-8.76,7.21,6.64,industry:Marine Shipping
HSHP,Himalaya Shipping Ltd.,2025-08-01,2026-08-20,100.0,2026-05-08,16.24,16.12,0.74,9.24,74.46,75.76,1.71,139.53,5145064.0,False,1,G1/3,Industrials,Marine Shipping,Bermuda,782135552.0,167300000.0,65250000.0,79.6,81.59,68.34,31.44,39.0,2500.0,32.62,5,ok,HSHP,Yahoo Finance via yfinance,ok,P1 高增长高盈利,26.54,-25.8,7.21,-6.47,industry:Marine Shipping,11.9,-11.16,7.21,-6.47,industry:Marine Shipping
REI,Ring Energy Inc.,2025-08-01,2026-08-20,100.0,2026-05-01,1.82,1.49,18.13,0.97,53.61,87.63,38.82,149.9,4533685.0,False,1,G1/3,Energy,Oil & Gas E&P,United States,385598624.0,308340576.0,-3081544.0,26.5,76.49,74.27,-71.44,-1.0,170.2,-26.68,5,ok,REI,Yahoo Finance via yfinance,ok,P2 盈利改善,11.18,6.95,11.24,6.89,industry:Oil & Gas E&P,22.61,-4.48,12.53,5.6,industry×module:Oil & Gas E&P × P2 盈利改善
MCFT,"MasterCraft Boat Holdings, Inc. Common Stock",2025-08-01,2026-08-20,100.0,2026-05-08,27.38,25.32,7.52,21.53,17.6,27.17,35.21,43.95,4459017.0,False,1,G1/3,Consumer Cyclical,Recreational Vehicles,United States,616698944.0,298483008.0,20957124.0,3.0,23.08,-1.66,3.72,7.02,,5.86,4,ok,MCFT,Yahoo Finance via yfinance,ok,P2 盈利改善,20.62,-13.1,20.62,-13.1,sector_fallback:Consumer Cyclical,22.61,-15.09,20.62,-13.1,sector_fallback:Consumer Cyclical
NGL,NGL ENERGY PARTNERS LP,2025-08-01,2026-08-20,100.0,2026-05-22,18.11,17.05,5.85,9.9,72.22,82.93,12.91,340.63,4336667.0,False,1,G1/3,Energy,Oil & Gas Midstream,United States,,3523994880.0,80334624.0,59.1,29.52,14.87,-3.76,2.28,1128.6,-37.66,5,ok,NGL,Yahoo Finance via yfinance,ok,P1 高增长高盈利,11.18,-5.33,8.36,-2.51,industry:Oil & Gas Midstream,11.9,-6.05,8.36,-2.51,industry:Oil & Gas Midstream
HY,"Hyster-Yale, Inc.",2025-08-01,2026-08-20,100.0,2026-04-24,40.24,32.93,18.17,33.45,-1.55,20.3,107.66,0.02,4228839.0,False,1,G1/3,Industrials,Farm & Heavy Construction Machinery,United States,622363776.0,3510400000.0,65025000.0,-15.0,15.36,-2.15,-3.33,1.85,,-23.61,4,ok,HY,Yahoo Finance via yfinance,ok,P2 盈利改善,26.54,-8.37,26.54,-8.37,sector_fallback:Industrials,22.61,-4.44,26.54,-8.37,sector_fallback:Industrials
TBN,Tamboran Resources Corporation,2025-08-01,2026-08-20,100.0,2026-04-02,43.73,37.97,13.17,27.5,38.07,59.02,35.49,118.76,4192553.0,False,1,G1/3,Energy,Oil & Gas E&P,Australia,1323497984.0,,-138199840.0,,0.0,0.0,0.0,,,-8.36,2,sparse,TBN,Yahoo Finance via yfinance,ok,P-SPARSE 数据不足,11.18,1.99,11.24,1.93,industry:Oil & Gas E&P,21.4,-8.23,11.24,1.93,industry:Oil & Gas E&P
ARTV,"Artiva Biotherapeutics, Inc. Common Stock",2025-08-01,2026-08-20,100.0,2026-04-17,12.55,11.14,11.24,4.42,152.04,183.94,17.34,343.46,3869702.0,False,1,G1/3,Healthcare,Biotechnology,United States,534369024.0,,-44431500.0,,0.0,0.0,0.0,,,-36.58,2,sparse,ARTV,Yahoo Finance via yfinance,ok,P-SPARSE 数据不足,22.93,-11.69,22.93,-11.69,industry:Biotechnology,21.4,-10.16,34.02,-22.78,industry×module:Biotechnology × P-SPARSE 数据不足
RNGR,"Ranger Energy Services, Inc.",2025-08-01,2026-08-20,100.0,2026-04-24,18.32,17.4,5.02,14.7,18.37,24.63,25.41,44.03,3836071.0,False,1,G1/3,Energy,Oil & Gas Equipment & Services,United States,400876640.0,606700032.0,-6750000.0,25.5,17.67,6.01,2.36,-1.11,-9.4,4.93,5,ok,RNGR,Yahoo Finance via yfinance,ok,P2 盈利改善,11.18,-6.16,18.69,-13.67,industry:Oil & Gas Equipment & Services,22.61,-17.59,18.69,-13.67,industry×module:Oil & Gas Equipment & Services × P2 盈利改善
OVID,Ovid Therapeutics Inc. Common Stock,2025-08-01,2026-08-20,100.0,2026-04-17,2.91,2.74,5.84,1.67,64.07,74.25,13.71,482.0,3810450.0,False,1,G1/3,Healthcare,Biotechnology,United States,546833984.0,1583000.0,-33121250.0,-88.3,100.0,-2100.68,0.0,-2092.31,,-25.96,4,ok,OVID,Yahoo Finance via yfinance,ok,P4 持续亏损,22.93,-17.09,22.93,-17.09,industry:Biotechnology,34.33,-28.49,15.75,-9.91,industry×module:Biotechnology × P4 持续亏损
GRNT,"Granite Ridge Resources, Inc.",2025-08-01,2026-08-20,100.0,2026-05-01,6.01,5.18,13.81,4.6,12.61,30.65,58.87,23.16,3721476.0,False,1,G1/3,Energy,Oil & Gas E&P,United States,674010240.0,472492992.0,-87232496.0,37.3,75.61,36.45,-5.84,-18.46,19.7,-4.58,5,ok,GRNT,Yahoo Finance via yfinance,ok,P2 盈利改善,11.18,2.63,11.24,2.57,industry:Oil & Gas E&P,22.61,-8.8,12.53,1.29,industry×module:Oil & Gas E&P × P2 盈利改善
GAIN,Gladstone Investment Corporation,2025-08-01,2026-08-20,100.0,2026-05-01,16.82,16.35,2.79,13.93,17.37,20.75,16.26,21.18,3530666.0,False,1,G1/3,Financial Services,Asset Management,United States,,103888000.0,36239376.0,20.4,100.0,94.39,158.95,34.88,,29.17,4,ok,GAIN,Yahoo Finance via yfinance,ok,P-FIN 金融口径单列,9.65,-6.86,5.42,-2.63,industry:Asset Management,9.65,-6.86,5.42,-2.63,industry×module:Asset Management × P-FIN 金融口径单列
PERI,Perion Network Ltd.,2025-08-01,2026-08-20,100.0,2026-05-08,11.06,9.5,14.1,9.35,1.6,18.29,91.23,4.64,3236990.0,False,1,G1/3,Communication Services,Internet Content & Information,Israel,405181344.0,436217984.0,55083248.0,-4.6,33.99,-7.63,-2.95,12.63,,-1.96,4,ok,PERI,Yahoo Finance via yfinance,ok,P2 盈利改善,27.41,-13.31,31.03,-16.93,industry:Internet Content & Information,22.61,-8.51,38.5,-24.4,industry×module:Internet Content & Information × P2 盈利改善
PRPO,"Precipio, Inc. Common Stock",2025-08-01,2026-08-20,100.0,2026-05-01,30.94,29.43,4.88,24.54,19.93,26.08,23.59,113.97,3109220.0,False,1,G1/3,Healthcare,Diagnostics & Research,United States,54511224.0,25831000.0,642750.0,36.2,43.71,-21.28,-3.57,2.49,,-7.13,4,ok,PRPO,Yahoo Finance via yfinance,ok,P2 盈利改善,22.93,-18.05,22.93,-18.05,sector_fallback:Healthcare,22.61,-17.73,22.93,-18.05,sector_fallback:Healthcare
NPB,"Northpointe Bancshares, Inc.",2025-08-01,2026-08-20,100.0,2026-04-17,19.19,17.32,9.74,17.3,0.12,10.92,98.94,32.34,3078683.0,False,1,G1/3,Financial Services,Banks - Regional,United States,595153408.0,257248000.0,,9.8,0.0,45.06,34.88,,17.6,14.76,4,ok,NPB,Yahoo Finance via yfinance,ok,P-FIN 金融口径单列,9.65,0.09,9.65,0.09,sector_fallback:Financial Services,9.65,0.09,9.65,0.09,sector_fallback:Financial Services
TRC,Tejon Ranch Co.,2025-08-01,2026-08-20,100.0,2026-05-08,20.16,16.46,18.35,16.09,2.3,25.3,90.91,12.75,2821980.0,False,1,G1/3,Industrials,Conglomerates,United States,444232544.0,56837000.0,-10039375.0,71.7,16.08,2.44,10.62,-17.66,,1.23,4,ok,TRC,Yahoo Finance via yfinance,ok,P2 盈利改善,26.54,-8.19,26.54,-8.19,sector_fallback:Industrials,22.61,-4.26,26.54,-8.19,sector_fallback:Industrials
JOUT,Johnson Outdoors Inc,2025-08-01,2026-08-20,100.0,2026-05-01,53.34,47.12,11.66,44.71,5.39,19.3,72.07,48.58,2271379.0,False,1,G1/3,Consumer Cyclical,Leisure,United States,497050752.0,660908032.0,25433000.0,5.0,39.67,9.66,-1.21,3.85,89.3,-1.81,5,ok,JOUT,Yahoo Finance via yfinance,ok,P2 盈利改善,20.62,-8.96,20.62,-8.96,sector_fallback:Consumer Cyclical,22.61,-10.95,20.62,-8.96,sector_fallback:Consumer Cyclical
ESP,Espey Mfg. & Electronics Corp,2025-08-01,2026-08-20,100.0,2026-05-08,71.13,62.31,12.4,52.87,17.86,34.54,48.3,53.17,2146281.0,False,1,G1/3,Industrials,Electrical Equipment & Parts,United States,,42248628.0,2206337.0,10.9,36.52,26.12,25.5,5.22,57.1,20.97,5,ok,ESP,Yahoo Finance via yfinance,ok,P2 盈利改善,26.54,-14.14,36.2,-23.8,industry:Electrical Equipment & Parts,22.61,-10.21,36.2,-23.8,industry×module:Electrical Equipment & Parts × P2 盈利改善
DSX,"Diana Shipping, Inc.",2025-08-01,2026-08-20,100.0,2026-05-08,2.71,2.65,2.21,2.05,29.27,32.2,9.09,81.88,2040026.0,False,1,G1/3,Industrials,Marine Shipping,Greece,337161184.0,215936000.0,,4.7,56.68,21.12,27.88,,466.0,11.53,4,ok,DSX,Yahoo Finance via yfinance,ok,P1 高增长高盈利,26.54,-24.33,7.21,-5.0,industry:Marine Shipping,11.9,-9.69,7.21,-5.0,industry:Marine Shipping
VLGEA,Village Super Market,2025-08-01,2026-08-20,100.0,2026-05-29,46.46,43.14,7.15,35.17,22.66,32.1,29.41,36.89,1959983.0,False,1,G1/3,Consumer Defensive,Grocery Stores,United States,653098560.0,2395813120.0,31241750.0,1.6,28.16,1.47,2.27,1.3,-19.0,10.93,5,ok,VLGEA,Yahoo Finance via yfinance,ok,P2 盈利改善,14.59,-7.44,14.59,-7.44,sector_fallback:Consumer Defensive,22.61,-15.46,14.59,-7.44,sector_fallback:Consumer Defensive
ATII,Archimedes Tech SPAC Partners II Co. Ordinary Shares,2025-08-01,2026-08-20,96.4,2026-05-22,11.38,10.63,6.59,10.46,1.63,8.8,81.52,11.57,1743220.0,False,1,G1/3,Financial Services,Shell Companies,United States,316169152.0,,,,0.0,0.0,0.0,,,,2,sparse,ATII,Yahoo Finance via yfinance,ok,P-FIN 金融口径单列,9.65,-3.06,2.83,3.76,industry:Shell Companies,9.65,-3.06,2.83,3.76,industry×module:Shell Companies × P-FIN 金融口径单列
CHW,Calamos Global Dynamic Income Fund,2025-08-01,2026-08-20,100.0,2026-05-29,9.12,8.43,7.57,7.84,7.53,16.33,53.91,28.63,1713264.0,False,1,G1/3,Financial Services,Asset Management,United States,,13451793.0,19359304.0,-23.6,100.0,37.89,1355.39,143.92,,34.39,4,ok,CHW,Yahoo Finance via yfinance,ok,P-FIN 金融口径单列,9.65,-2.08,5.42,2.15,industry:Asset Management,9.65,-2.08,5.42,2.15,industry×module:Asset Management × P-FIN 金融口径单列
AFYA,Afya Limited Class A Common Shares,2025-08-01,2026-08-20,100.0,2026-04-17,15.86,13.88,12.48,14.95,-7.16,6.09,217.58,15.94,1520227.0,False,1,G1/3,Consumer Defensive,Education & Training Services,Brazil,1267892864.0,3826304000.0,386566368.0,5.7,64.02,30.64,20.44,10.1,17.6,16.68,5,ok,AFYA,Yahoo Finance via yfinance,ok,P2 盈利改善,14.59,-2.11,14.59,-2.11,sector_fallback:Consumer Defensive,22.61,-10.13,14.59,-2.11,sector_fallback:Consumer Defensive
NHIC,NewHold Investment Corp III Class A Ordinary shares,2025-08-08,2026-08-20,98.2,2026-05-29,11.3,10.61,6.11,10.38,2.22,8.86,75.0,10.68,1341366.0,False,1,G1/3,Unknown,Unknown,Unknown,293247552.0,,,,,,,,,,0,sparse,NHIC,Yahoo Finance via yfinance,ok,P-SPARSE 数据不足,1.49,4.62,1.49,4.62,industry:Unknown,21.4,-15.29,1.49,4.62,industry×module:Unknown × P-SPARSE 数据不足
ACTG,Acacia Research Corporation,2025-08-01,2026-08-20,100.0,2026-05-01,5.13,4.51,12.09,3.81,18.37,34.65,46.97,49.56,1272532.0,False,1,G1/3,Industrials,Business Equipment & Supplies,United States,440116512.0,278374016.0,-16426500.0,123.6,22.17,7.43,-5.39,-5.9,,-4.17,4,ok,ACTG,Yahoo Finance via yfinance,ok,P2 盈利改善,26.54,-14.45,26.54,-14.45,sector_fallback:Industrials,22.61,-10.52,26.54,-14.45,sector_fallback:Industrials
TBLD,Thornburg Income Builder Opportunities Trust Common Stock,2025-08-01,2026-08-20,100.0,2026-05-22,22.77,22.23,2.37,20.63,7.76,10.37,25.23,16.98,1013462.0,False,1,G1/3,Financial Services,Asset Management,United States,714463552.0,,,,0.0,0.0,0.0,,,,2,sparse,TBLD,Yahoo Finance via yfinance,ok,P-FIN 金融口径单列,9.65,-7.28,5.42,-3.05,industry:Asset Management,9.65,-7.28,5.42,-3.05,industry×module:Asset Management × P-FIN 金融口径单列
OVLY,Oak Valley Bancorp,2025-08-01,2026-08-20,100.0,2026-04-17,35.06,34.11,2.71,31.2,9.33,12.37,24.61,32.85,962026.0,False,1,G1/3,Financial Services,Banks - Regional,United States,290995584.0,83066000.0,,5.0,0.0,32.65,28.23,,-9.0,11.64,4,ok,OVLY,Yahoo Finance via yfinance,ok,P-FIN 金融口径单列,9.65,-6.94,9.65,-6.94,sector_fallback:Financial Services,9.65,-6.94,9.65,-6.94,sector_fallback:Financial Services
ISOU,IsoEnergy Ltd.,2025-08-01,2026-08-20,100.0,2026-05-08,12.05,10.24,15.02,10.94,-6.4,10.15,163.06,90.97,877452.0,False,1,G1/3,Energy,Uranium,Canada,775898944.0,,-30250396.0,,0.0,0.0,0.0,,,-2.72,2,sparse,ISOU,Yahoo Finance via yfinance,ok,P-SPARSE 数据不足,11.18,3.84,11.18,3.84,sector_fallback:Energy,21.4,-6.38,11.18,3.84,sector_fallback:Energy
ALCO,Alico Inc,2025-08-01,2026-08-20,100.0,2026-04-10,44.21,39.5,10.65,39.23,0.69,12.69,94.58,37.9,852651.0,False,1,G1/3,Consumer Defensive,Farm Products,United States,299042208.0,17069000.0,16202000.0,7.7,-15.53,19.78,8.98,94.92,,0.68,4,ok,ALCO,Yahoo Finance via yfinance,ok,P2 盈利改善,14.59,-3.94,14.59,-3.94,industry:Farm Products,22.61,-11.96,14.59,-3.94,industry×module:Farm Products × P2 盈利改善
KGEI,Kolibri Global Energy Inc. Common Stock,2025-08-01,2026-08-20,100.0,2026-05-15,6.11,6.09,0.33,3.91,55.75,56.27,0.91,3.74,805770.0,False,1,G1/3,Energy,Oil & Gas E&P,United States,218446448.0,72047000.0,-21509624.0,102.9,83.91,55.44,26.87,-29.85,187.5,9.3,5,ok,KGEI,Yahoo Finance via yfinance,ok,P2 盈利改善,11.18,-10.85,11.24,-10.91,industry:Oil & Gas E&P,22.61,-22.28,12.53,-12.2,industry×module:Oil & Gas E&P × P2 盈利改善
EPSN,Epsilon Energy Ltd.,2025-08-01,2026-08-20,100.0,2026-04-02,6.36,5.645,11.24,4.6,22.72,38.26,40.63,4.26,781990.0,False,1,G1/3,Energy,Oil & Gas E&P,United States,169589168.0,67657128.0,20994012.0,57.1,65.82,36.43,-5.18,31.03,228.6,-3.05,5,ok,EPSN,Yahoo Finance via yfinance,ok,P2 盈利改善,11.18,0.06,11.24,0.0,industry:Oil & Gas E&P,22.61,-11.37,12.53,-1.29,industry×module:Oil & Gas E&P × P2 盈利改善
CGEN,Compugen Ltd,2025-08-01,2026-08-20,100.0,2026-04-24,3.1,2.65,14.52,1.88,40.96,64.89,36.89,109.46,702437.0,False,1,G1/3,Healthcare,Biotechnology,Israel,247703632.0,74001000.0,22217000.0,107.0,86.89,-339.62,47.55,30.02,,50.64,4,ok,CGEN,Yahoo Finance via yfinance,ok,P3 持续亏损,22.93,-8.41,22.93,-8.41,industry:Biotechnology,39.4,-24.88,23.54,-9.02,industry×module:Biotechnology × P3 持续亏损
CURR,Currenc Group Inc. Ordinary Shares,2025-08-01,2026-08-20,100.0,2026-05-08,4.47,3.85,13.87,1.68,129.17,166.07,22.22,124.62,648149.0,False,1,G1/3,Technology,Software - Application,Singapore,394109440.0,37813324.0,-54827588.0,-21.8,40.77,-46.55,-48.74,-145.0,,,4,ok,CURR,Yahoo Finance via yfinance,ok,P2 盈利改善,33.04,-19.17,28.57,-14.7,industry:Software - Application,22.61,-8.74,30.14,-16.27,industry×module:Software - Application × P2 盈利改善
CMT,"Core Molding Technologies, Inc.",2025-08-01,2026-08-20,100.0,2026-04-24,28.1,26.18,6.83,19.17,36.57,46.58,21.5,70.3,591444.0,False,1,G1/3,Basic Materials,Specialty Chemicals,United States,231402240.0,254424000.0,-8762000.0,-20.8,18.16,4.4,2.89,-3.44,-55.8,4.67,5,ok,CMT,Yahoo Finance via yfinance,ok,P2 盈利改善,29.36,-22.53,34.07,-27.24,industry:Specialty Chemicals,22.61,-15.78,34.02,-27.19,industry×module:Specialty Chemicals × P2 盈利改善
CHCI,"Comstock Holding Companies, Inc. Class A",2025-08-01,2026-08-20,100.0,2026-04-02,19.49,18.56,4.77,11.88,56.23,64.06,12.22,56.55,484559.0,False,1,G1/3,Real Estate,Real Estate Services,United States,187954096.0,77277000.0,2640500.0,74.1,28.85,29.43,32.16,3.42,500.0,36.37,5,ok,CHCI,Yahoo Finance via yfinance,ok,P-REIT 房地产口径单列,4.67,0.09,4.67,0.09,sector_fallback:Real Estate,4.67,0.09,4.67,0.09,sector_fallback:Real Estate
KNOP,KNOT OFFSHORE PARTNERS LP,2025-08-01,2026-08-20,100.0,2026-05-22,11.46,10.51,8.29,10.49,0.19,9.25,97.94,65.13,463731.0,False,1,G1/3,Energy,Oil & Gas Midstream,United Kingdom,369026304.0,369587008.0,163972752.0,6.8,63.38,13.89,4.95,44.37,-49.3,2.96,5,ok,KNOP,Yahoo Finance via yfinance,ok,P2 盈利改善,11.18,-2.89,8.36,-0.07,industry:Oil & Gas Midstream,22.61,-14.32,8.51,-0.22,industry×module:Oil & Gas Midstream × P2 盈利改善
DHCNL,Diversified Healthcare Trust 6.25% Senior Notes Due 2046,2025-08-01,2026-08-20,100.0,2026-05-08,19.45,18.78,3.44,18.37,2.23,5.88,62.04,13.34,412818.0,False,1,G1/3,Unknown,Unknown,United States,,1537853056.0,445826240.0,-0.0,17.44,-2.93,-18.59,28.99,,-15.78,4,ok,DHCNL,Yahoo Finance via yfinance,ok,P2 盈利改善,1.49,1.95,1.49,1.95,industry:Unknown,22.61,-19.17,1.49,1.95,industry:Unknown
CGO,Calamos Global Total Return Fund,2025-08-01,2026-08-20,100.0,2026-05-29,14.045,13.13,6.51,12.0,9.42,17.04,44.74,22.34,410012.0,False,1,G1/3,Financial Services,Asset Management,United States,129228912.0,2842153.0,4420258.0,-27.3,100.0,29.41,1544.5,155.52,,35.32,4,ok,CGO,Yahoo Finance via yfinance,ok,P-FIN 金融口径单列,9.65,-3.14,5.42,1.09,industry:Asset Management,9.65,-3.14,5.42,1.09,industry×module:Asset Management × P-FIN 金融口径单列
BPYPM,"Brookfield Property Partners L.P. 6.25% Class A Cumulative Redeemable Preferred Units, Series 1",2025-08-01,2026-08-20,100.0,2026-05-29,17.45,16.505,5.42,15.73,4.93,10.93,54.94,10.79,346179.0,False,1,G1/3,Financial Services,Asset Management,Bermuda,,,,,0.0,0.0,0.0,,,,2,sparse,BPYPM,Yahoo Finance via yfinance,ok,P-FIN 金融口径单列,9.65,-4.23,5.42,0.0,industry:Asset Management,9.65,-4.23,5.42,0.0,industry×module:Asset Management × P-FIN 金融口径单列
AXR,AMREP Corporation,2025-08-01,2026-08-20,100.0,2026-04-24,27.93,23.25,16.76,20.78,11.89,34.41,65.45,26.95,315841.0,False,1,G1/3,Real Estate,Real Estate - Development,United States,122471528.0,52847000.0,8615000.0,-1.4,40.53,19.23,19.47,16.3,-68.3,7.6,5,ok,AXR,Yahoo Finance via yfinance,ok,P-REIT 房地产口径单列,4.67,12.09,4.67,12.09,sector_fallback:Real Estate,4.67,12.09,4.67,12.09,sector_fallback:Real Estate
ULBI,Ultralife Corporation,2025-08-01,2026-08-20,100.0,2026-04-17,7.735,6.85,11.44,6.38,7.37,21.24,65.31,0.06,300192.0,False,1,G1/3,Industrials,Electrical Equipment & Parts,United States,116809520.0,187240000.0,2335875.0,-1.3,24.38,9.01,-3.5,1.25,200.0,-4.91,5,ok,ULBI,Yahoo Finance via yfinance,ok,P2 盈利改善,26.54,-15.1,36.2,-24.76,industry:Electrical Equipment & Parts,22.61,-11.17,36.2,-24.76,industry×module:Electrical Equipment & Parts × P2 盈利改善
NMFCZ,New Mountain Finance Corporation 8.250% Notes due 2028,2025-08-01,2026-08-20,100.0,2026-04-24,25.67,25.22,1.75,25.43,-0.83,0.94,187.5,1.66,280216.0,False,1,G1/3,Unknown,Unknown,Unknown,,,,,,,,,,,0,sparse,NMFCZ,Yahoo Finance via yfinance,ok,P-SPARSE 数据不足,1.49,0.26,1.49,0.26,industry:Unknown,21.4,-19.65,1.49,0.26,industry×module:Unknown × P-SPARSE 数据不足
AXIN,Axiom Intelligence Acquisition Corp 1 Class A Ordinary Shares,2025-08-01,2026-08-20,98.2,2026-05-29,10.39,10.31,0.77,10.0877,2.2,3.0,26.47,4.21,279314.0,False,1,G1/3,Financial Services,Shell Companies,United Kingdom,349852704.0,,,,0.0,0.0,0.0,,203.7,,3,ok,AXIN,Yahoo Finance via yfinance,ok,P-FIN 金融口径单列,9.65,-8.88,2.83,-2.06,industry:Shell Companies,9.65,-8.88,2.83,-2.06,industry×module:Shell Companies × P-FIN 金融口径单列
MKTW,"MarketWise, Inc. Class A Common Stock",2025-08-01,2026-08-20,100.0,2026-05-08,20.68,18.2,11.99,16.18,12.48,27.81,55.11,11.66,262259.0,False,1,G1/3,Financial Services,Financial Data & Stock Exchanges,United States,50575996.0,317502016.0,42029248.0,-5.2,86.02,-5.61,0.7,13.24,,,4,ok,MKTW,Yahoo Finance via yfinance,ok,P-FIN 金融口径单列,9.65,2.34,9.65,2.34,sector_fallback:Financial Services,9.65,2.34,9.65,2.34,sector_fallback:Financial Services
DHCNI,Diversified Healthcare Trust 5.625% Senior Notes due 2042,2025-08-01,2026-08-20,100.0,2026-05-15,18.88,18.49,2.07,17.02,8.64,10.93,20.97,12.38,233345.0,False,1,G1/3,Unknown,Unknown,Unknown,,,,,,,,,,,0,sparse,DHCNI,Yahoo Finance via yfinance,ok,P-SPARSE 数据不足,1.49,0.58,1.49,0.58,industry:Unknown,21.4,-19.33,1.49,0.58,industry×module:Unknown × P-SPARSE 数据不足
NL,"NLI Holdings, Inc.",2025-08-01,2026-08-20,100.0,2026-05-15,7.61,6.44,15.37,6.08,5.92,25.16,76.47,34.45,228083.0,False,1,G1/3,Industrials,Security & Protection Services,United States,,161830000.0,18326750.0,8.0,32.08,15.44,-15.79,11.32,2421.0,-5.7,5,ok,NL,Yahoo Finance via yfinance,ok,P1 高增长高盈利,26.54,-11.17,26.54,-11.17,sector_fallback:Industrials,11.9,3.47,26.54,-11.17,sector_fallback:Industrials
GAINZ,Gladstone Investment Corporation 4.875% Notes due 2028,2025-08-01,2026-08-20,100.0,2026-05-08,24.29,24.2,0.37,23.995,0.85,1.23,30.51,3.72,214901.0,False,1,G1/3,Unknown,Unknown,Unknown,,,,,,,,,,,0,sparse,GAINZ,Yahoo Finance via yfinance,ok,P-SPARSE 数据不足,1.49,-1.12,1.49,-1.12,industry:Unknown,21.4,-21.03,1.49,-1.12,industry×module:Unknown × P-SPARSE 数据不足
BPYPO,"Brookfield Property Partners L.P. 6.375% Class A Cumulative Redeemable Perpetual Preferred Units, Series 2",2025-08-01,2026-08-20,100.0,2026-04-24,15.405,15.35,0.36,14.91,2.95,3.32,11.11,7.17,191698.0,False,1,G1/3,Real Estate,Real Estate Services,Bermuda,,7594999808.0,-22500000.0,-2.8,59.88,38.45,-4.54,-0.3,,-0.55,4,ok,BPYPO,Yahoo Finance via yfinance,ok,P-REIT 房地产口径单列,4.67,-4.31,4.67,-4.31,sector_fallback:Real Estate,4.67,-4.31,4.67,-4.31,sector_fallback:Real Estate
BPYPN,"Brookfield Property Partners L.P. 5.750% Class A Cumulative Redeemable Perpetual Preferred Units, Series 3",2025-08-01,2026-08-20,100.0,2026-05-08,14.04,14.0,0.28,13.65,2.56,2.86,10.26,7.83,173714.0,False,1,G1/3,Real Estate,Real Estate Services,Bermuda,,7594999808.0,-22500000.0,-2.8,59.88,38.45,-4.54,-0.3,,-0.55,4,ok,BPYPN,Yahoo Finance via yfinance,ok,P-REIT 房地产口径单列,4.67,-4.39,4.67,-4.39,sector_fallback:Real Estate,4.67,-4.39,4.67,-4.39,sector_fallback:Real Estate
SELF,"Global Self Storage, Inc. Common Stock",2025-08-01,2026-08-20,100.0,2026-05-01,5.56,5.55,0.18,5.06,9.68,9.88,2.0,7.75,167067.0,False,1,G1/3,Real Estate,REIT - Specialty,United States,63388884.0,12772759.0,3345682.0,0.6,60.22,21.58,16.64,26.19,19.8,4.54,5,ok,SELF,Yahoo Finance via yfinance,ok,P-REIT 房地产口径单列,4.67,-4.5,4.67,-4.5,sector_fallback:Real Estate,4.67,-4.5,4.67,-4.5,sector_fallback:Real Estate
CPSS,Consumer Portfolio Services,2025-08-01,2026-08-20,100.0,2026-05-08,10.17,9.26,8.95,8.7,6.44,16.9,61.9,26.81,166044.0,False,1,G1/3,Financial Services,Credit Services,United States,200458848.0,211772992.0,,18.9,100.0,15.81,10.2,,35.0,6.94,4,ok,CPSS,Yahoo Finance via yfinance,ok,P-FIN 金融口径单列,9.65,-0.7,9.65,-0.7,sector_fallback:Financial Services,9.65,-0.7,9.65,-0.7,sector_fallback:Financial Services
COLA,Columbus Acquisition Corp Ordinary Shares,2025-08-01,2026-08-20,100.0,2026-05-15,11.11,10.7,3.69,10.5,1.9,5.81,67.21,9.14,138763.0,False,1,G1/3,Financial Services,Shell Companies,Singapore,48135440.0,,-314381.0,,0.0,0.0,0.0,,-65.7,696.3,3,ok,COLA,Yahoo Finance via yfinance,ok,P-FIN 金融口径单列,9.65,-5.96,2.83,0.86,industry:Shell Companies,9.65,-5.96,2.83,0.86,industry×module:Shell Companies × P-FIN 金融口径单列
RWAYL,Runway Growth Finance Corp. 7.50% Notes due 2027,2025-08-01,2026-08-20,100.0,2026-04-24,25.5,25.12,1.49,25.31,-0.75,0.75,200.0,0.75,111079.0,False,1,G1/3,Unknown,Unknown,Unknown,,,,,,,,,,,0,sparse,RWAYL,Yahoo Finance via yfinance,ok,P-SPARSE 数据不足,1.49,0.0,1.49,0.0,industry:Unknown,21.4,-19.91,1.49,0.0,industry×module:Unknown × P-SPARSE 数据不足
MBINM,"Merchants Bancorp Depositary Shares, Each Representing a 1/40th Interest in a Share of 8.25% Fixed-Rate Reset Series D Non-Cumulative Perpetual Preferred Stock",2025-08-01,2026-08-20,100.0,2026-05-22,25.68,25.55,0.51,25.46,0.35,0.86,59.09,1.7,105124.0,False,1,G1/3,Financial Services,Banks - Regional,United States,,632339008.0,,37.1,0.0,61.07,42.47,,146.7,11.73,4,ok,MBINM,Yahoo Finance via yfinance,ok,P-FIN 金融口径单列,9.65,-9.14,9.65,-9.14,sector_fallback:Financial Services,9.65,-9.14,9.65,-9.14,sector_fallback:Financial Services
OXLCG,Oxford Lane Capital Corp. 7.95% Notes due 2032,2025-08-01,2026-08-20,100.0,2026-05-08,25.475,25.13,1.35,25.29,-0.63,0.73,186.49,2.35,80795.0,False,1,G1/3,Unknown,Unknown,United States,,356735392.0,224887376.0,34.5,100.0,72.26,51.99,63.04,-65.0,14.24,5,ok,OXLCG,Yahoo Finance via yfinance,ok,P2 盈利改善,1.49,-0.14,1.49,-0.14,industry:Unknown,22.61,-21.26,1.49,-0.14,industry:Unknown
NEWTG,"NewtekOne, Inc. 8.50% Fixed Rate Senior Notes due 2029",2025-08-01,2026-08-20,100.0,2026-05-15,25.7,25.64,0.23,25.28,1.42,1.66,14.29,2.19,78108.0,False,1,G1/3,Unknown,Unknown,Unknown,,,,,,,,,,,0,sparse,NEWTG,Yahoo Finance via yfinance,ok,P-SPARSE 数据不足,1.49,-1.26,1.49,-1.26,industry:Unknown,21.4,-21.17,1.49,-1.26,industry×module:Unknown × P-SPARSE 数据不足
WHFCL,"WhiteHorse Finance, Inc. 7.875% Notes due 2028",2025-08-01,2026-08-20,100.0,2026-05-01,25.63,25.3499,1.09,25.3499,0.0,1.1,100.0,0.59,76286.0,False,1,G1/3,Unknown,Unknown,Unknown,,,,,,,,,,,0,sparse,WHFCL,Yahoo Finance via yfinance,ok,P-SPARSE 数据不足,1.49,-0.4,1.49,-0.4,industry:Unknown,21.4,-20.31,1.49,-0.4,industry×module:Unknown × P-SPARSE 数据不足
CTW,CTW Class A Ordinary Shares,2025-08-08,2026-08-20,98.2,2026-05-15,2.92,2.61,10.62,1.765,47.88,65.44,26.84,7.35,72431.0,False,1,G1/3,Communication Services,Electronic Gaming & Multimedia,Japan,172848000.0,90089232.0,2353300.0,-0.7,71.17,-4.27,2.25,2.61,,6.61,4,ok,CTW,Yahoo Finance via yfinance,ok,P2 盈利改善,27.41,-16.8,27.41,-16.8,sector_fallback:Communication Services,22.61,-11.99,27.41,-16.8,sector_fallback:Communication Services
XPL,Solitario Resources Corp.,2025-08-01,2026-08-20,100.0,2026-05-15,0.892,0.791,11.32,0.7221,9.54,23.53,59.45,30.24,67747.0,False,1,G1/3,Basic Materials,Other Industrial Metals & Mining,United States,75728632.0,,-2438875.0,,0.0,0.0,0.0,,,-18.27,2,sparse,XPL,Yahoo Finance via yfinance,ok,P-SPARSE 数据不足,29.36,-18.04,29.36,-18.04,industry:Other Industrial Metals & Mining,21.4,-10.08,29.36,-18.04,industry:Other Industrial Metals & Mining
GECCH,Great Elm Capital Corp. 8.125% Notes Due 2029,2025-08-06,2026-08-20,98.2,2026-04-24,25.9,25.11,3.05,25.25,-0.55,2.57,121.54,2.49,51458.0,False,1,G1/3,Unknown,Unknown,Unknown,,,,,,,,,,,0,sparse,GECCH,Yahoo Finance via yfinance,ok,P-SPARSE 数据不足,1.49,1.56,1.49,1.56,industry:Unknown,21.4,-18.35,1.49,1.56,industry×module:Unknown × P-SPARSE 数据不足
PFXNZ,PhenixFIN Corporation 5.25% Notes due 2028,2025-08-07,2026-08-19,98.2,2026-05-01,24.18,23.97,0.87,23.7443,0.95,1.83,48.2,3.05,40446.0,False,1,G1/3,Unknown,Unknown,Unknown,,,,,,,,,,,0,sparse,PFXNZ,Yahoo Finance via yfinance,ok,P-SPARSE 数据不足,1.49,-0.62,1.49,-0.62,industry:Unknown,21.4,-20.53,1.49,-0.62,industry×module:Unknown × P-SPARSE 数据不足
SIMA,SIM Acquisition Corp. I Class A Ordinary Shares,2025-08-01,2026-08-20,100.0,2026-05-15,11.2,10.98,1.96,10.61,3.49,5.56,37.29,7.33,20625.0,False,1,G1/3,Financial Services,Shell Companies,United States,89838424.0,,-494217.0,,0.0,0.0,0.0,,-78.7,,3,ok,SIMA,Yahoo Finance via yfinance,ok,P-FIN 金融口径单列,9.65,-7.69,2.83,-0.87,industry:Shell Companies,9.65,-7.69,2.83,-0.87,industry×module:Shell Companies × P-FIN 金融口径单列
ALF,Centurion Acquisition Corp. Class A Ordinary Shares,2025-08-01,2026-08-19,98.2,2026-05-22,10.89,10.84,0.46,10.675,1.55,2.01,23.26,3.62,11365.0,False,1,G1/3,Financial Services,Shell Companies,United States,390281248.0,,-121669.0,,0.0,0.0,0.0,,-63.6,,3,ok,ALF,Yahoo Finance via yfinance,ok,P-FIN 金融口径单列,9.65,-9.19,2.83,-2.37,industry:Shell Companies,9.65,-9.19,2.83,-2.37,industry×module:Shell Companies × P-FIN 金融口径单列
IREN,IREN Limited Ordinary Shares,2025-08-01,2026-08-20,100.0,2026-05-29,63.54,42.6,32.96,53.74,-20.73,18.24,213.67,312.6,1852205740.0,True,2,G2/3,Financial Services,Capital Markets,Australia,14967019520.0,757073984.0,-2311044352.0,-0.0,68.4,-64.47,20.88,-305.26,,7.73,4,ok,IREN,Yahoo Finance via yfinance,ok,P-FIN 金融口径单列,9.65,23.31,9.65,23.31,sector_fallback:Financial Services,9.65,23.31,9.65,23.31,sector_fallback:Financial Services
QCOM,Qualcomm Inc,2025-08-01,2026-08-20,100.0,2026-05-29,251.02,160.74,35.97,159.42,0.83,57.46,98.56,69.39,1813458237.0,True,2,G2/3,Technology,Semiconductors,United States,168825110528.0,44068999168.0,10241000448.0,-4.0,54.23,18.53,21.01,23.24,-23.0,33.75,5,ok,QCOM,Yahoo Finance via yfinance,ok,P2 盈利改善,33.04,2.93,35.8,0.17,industry:Semiconductors,22.61,13.36,32.88,3.09,industry×module:Semiconductors × P2 盈利改善
VRT,Vertiv Holdings Co Class A Common Stock,2025-08-01,2026-08-20,100.0,2026-05-15,370.94,264.63,28.66,176.93,49.57,109.65,54.8,161.98,1692203657.0,True,2,G2/3,Industrials,Electrical Equipment & Parts,United States,100847656960.0,11479600128.0,2696537600.0,24.1,38.04,20.36,15.09,23.49,53.0,43.94,5,ok,VRT,Yahoo Finance via yfinance,ok,P2 盈利改善,26.54,2.12,36.2,-7.54,industry:Electrical Equipment & Parts,22.61,6.05,36.2,-7.54,industry×module:Electrical Equipment & Parts × P2 盈利改善
AAOI,"Applied Optoelectronics, Inc.",2025-08-01,2026-08-20,100.0,2026-05-15,190.36,129.1,32.18,37.04,248.54,413.93,39.96,784.16,1621386868.0,True,2,G2/3,Technology,Communication Equipment,United States,10555932672.0,595969984.0,-887050112.0,86.4,28.92,-12.88,-9.57,-148.84,,-5.45,4,ok,AAOI,Yahoo Finance via yfinance,ok,P2 盈利改善,33.04,-0.86,32.76,-0.58,industry:Communication Equipment,22.61,9.57,32.18,0.0,industry×module:Communication Equipment × P2 盈利改善
CLS,"Celestica, Inc.",2025-08-01,2026-08-20,100.0,2026-05-01,418.93,302.0,27.91,302.4,-0.13,38.54,100.34,115.12,1148925914.0,True,2,G2/3,Technology,Electronic Components,Canada,37398249472.0,15594500096.0,729075008.0,62.4,11.95,9.82,7.16,4.68,74.2,52.69,5,ok,CLS,Yahoo Finance via yfinance,ok,P2 盈利改善,33.04,-5.13,29.58,-1.67,industry:Electronic Components,22.61,5.3,29.58,-1.67,industry×module:Electronic Components × P2 盈利改善
MPWR,"Monolithic Power Systems, Inc.",2025-08-01,2026-08-20,100.0,2026-04-24,1632.06,1310.6,19.7,1033.17,26.85,57.97,53.68,107.74,1131486773.0,True,2,G2/3,Technology,Semiconductors,United States,64685948928.0,3273157888.0,444316128.0,47.6,55.2,30.99,24.5,13.57,85.8,21.98,5,ok,MPWR,Yahoo Finance via yfinance,ok,P2 盈利改善,33.04,-13.34,35.8,-16.1,industry:Semiconductors,22.61,-2.91,32.88,-13.18,industry×module:Semiconductors × P2 盈利改善
NXPI,NXP Semiconductors N.V.,2025-08-01,2026-08-20,100.0,2026-05-29,321.35,222.97,30.61,232.475,-4.09,38.23,110.69,53.08,1069532919.0,True,2,G2/3,Technology,Semiconductors,Netherlands,56878149632.0,13185000448.0,3555000064.0,19.5,56.1,30.41,22.56,26.96,72.6,27.92,5,ok,NXPI,Yahoo Finance via yfinance,ok,P2 盈利改善,33.04,-2.43,35.8,-5.19,industry:Semiconductors,22.61,8.0,32.88,-2.27,industry×module:Semiconductors × P2 盈利改善
CIEN,Ciena Corporation,2025-08-01,2026-08-20,100.0,2026-05-22,583.74,392.48,32.76,243.42,61.24,139.81,56.2,558.63,881300942.0,True,2,G2/3,Technology,Communication Equipment,United States,56025235456.0,5569149952.0,700927872.0,39.5,43.05,15.2,7.87,12.59,2383.3,15.46,5,ok,CIEN,Yahoo Finance via yfinance,ok,P1 高增长高盈利,33.04,-0.28,32.76,0.0,industry:Communication Equipment,11.9,20.86,32.76,0.0,industry:Communication Equipment
F,Ford Motor Company,2025-08-01,2026-08-20,100.0,2026-05-29,17.44,13.99,19.78,13.6,2.87,28.24,89.84,61.18,718389685.0,True,2,G2/3,Consumer Cyclical,Auto Manufacturers,United States,57461256192.0,187972993024.0,-7940250112.0,-3.8,7.12,1.88,-3.94,-4.22,,-18.25,4,ok,F,Yahoo Finance via yfinance,ok,P2 盈利改善,20.62,-0.84,20.62,-0.84,sector_fallback:Consumer Cyclical,22.61,-2.83,20.62,-0.84,sector_fallback:Consumer Cyclical
FSLR,"First Solar, Inc.",2025-08-01,2026-08-20,100.0,2026-05-29,306.79,214.06,30.23,242.15,-11.6,26.69,143.46,66.76,607855028.0,True,2,G2/3,Technology,Solar,United States,23028627456.0,5378071040.0,1598684800.0,-3.7,44.02,42.64,32.46,29.73,23.3,18.51,5,ok,FSLR,Yahoo Finance via yfinance,ok,P2 盈利改善,33.04,-2.81,43.86,-13.63,industry:Solar,22.61,7.62,43.86,-13.63,industry×module:Solar × P2 盈利改善
APLD,Applied Digital Corporation Common Stock,2025-08-01,2026-08-20,100.0,2026-05-29,47.28,28.65,39.4,37.4,-23.4,26.42,188.56,277.64,554332725.0,True,2,G2/3,Technology,Information Technology Services,United States,7735906304.0,611310976.0,-4961438720.0,406.6,25.88,-48.22,-39.91,-811.61,,-8.38,4,ok,APLD,Yahoo Finance via yfinance,ok,P3 持续亏损,33.04,6.36,39.4,0.0,industry:Information Technology Services,39.4,0.0,39.4,0.0,industry:Information Technology Services
FN,Fabrinet,2025-08-01,2026-08-20,100.0,2026-05-15,722.04,444.87,38.39,479.42,-7.21,50.61,114.24,129.07,498755493.0,True,2,G2/3,Technology,Electronic Components,Cayman Islands,15648010240.0,4641097216.0,-57873500.0,44.6,11.99,10.23,10.19,-1.25,58.1,21.33,5,ok,FN,Yahoo Finance via yfinance,ok,P2 盈利改善,33.04,5.35,29.58,8.81,industry:Electronic Components,22.61,15.78,29.58,8.81,industry×module:Electronic Components × P2 盈利改善
FDX,FedEx Corporation,2025-08-01,2026-08-20,100.0,2026-05-29,411.75,326.04,20.82,308.18,5.8,33.61,82.76,89.66,484033192.0,True,2,G2/3,Industrials,Integrated Freight & Logistics,United States,76936822784.0,94720000000.0,5656625152.0,12.5,27.32,11.13,4.68,5.97,-4.3,14.85,5,ok,FDX,Yahoo Finance via yfinance,ok,P2 盈利改善,26.54,-5.72,26.54,-5.72,sector_fallback:Industrials,22.61,-1.79,26.54,-5.72,sector_fallback:Industrials
MTZ,"MasTec, Inc.",2025-08-01,2026-08-20,100.0,2026-05-01,417.41,271.86,34.87,240.48,13.05,73.57,82.26,139.82,470864706.0,True,2,G2/3,Industrials,Engineering & Construction,United States,21381994496.0,16109103104.0,-57898876.0,23.4,12.91,5.42,3.07,-0.36,51.4,16.18,5,ok,MTZ,Yahoo Finance via yfinance,ok,P2 盈利改善,26.54,8.33,20.48,14.39,industry:Engineering & Construction,22.61,12.26,20.48,14.39,industry×module:Engineering & Construction × P2 盈利改善
HUT,Hut 8 Corp. Common Stock,2025-08-01,2026-08-20,100.0,2026-05-29,124.83,88.65,28.98,58.22,52.27,114.41,54.32,531.09,456487517.0,True,2,G2/3,Financial Services,Capital Markets,United States,9966760960.0,317952992.0,-7739337728.0,81.4,62.33,-275.4,-188.59,-2434.11,,-43.37,4,ok,HUT,Yahoo Finance via yfinance,ok,P-FIN 金融口径单列,9.65,19.33,9.65,19.33,sector_fallback:Financial Services,9.65,19.33,9.65,19.33,sector_fallback:Financial Services
AKAM,Akamai Technologies Inc,2025-08-01,2026-08-20,100.0,2026-05-15,150.88,110.09,27.03,93.49,17.76,61.39,71.08,102.85,416899513.0,True,2,G2/3,Technology,Software - Infrastructure,United States,15869188096.0,4322833920.0,710060096.0,5.4,57.45,7.63,9.51,16.43,-26.8,8.92,5,ok,AKAM,Yahoo Finance via yfinance,ok,P2 盈利改善,33.04,-6.01,26.27,0.77,industry:Software - Infrastructure,22.61,4.42,25.5,1.53,industry×module:Software - Infrastructure × P2 盈利改善
SITM,SiTime Corporation Common Stock,2025-08-01,2026-08-20,100.0,2026-05-08,833.08,598.81,28.12,363.11,64.91,129.43,49.85,331.45,319503438.0,True,2,G2/3,Technology,Semiconductors,United States,18417553408.0,467851008.0,24747500.0,126.5,58.71,10.62,3.01,5.29,,1.33,4,ok,SITM,Yahoo Finance via yfinance,ok,P2 盈利改善,33.04,-4.92,35.8,-7.68,industry:Semiconductors,22.61,5.51,32.88,-4.76,industry×module:Semiconductors × P2 盈利改善
CBOE,"Cboe Global Markets, Inc.",2025-08-01,2026-08-20,100.0,2026-05-15,363.02,294.11,18.98,265.06,10.96,36.96,70.35,46.5,292924907.0,True,2,G2/3,Financial Services,Financial Data & Stock Exchanges,United States,31406581760.0,5061300224.0,678249984.0,22.9,54.08,34.63,26.73,13.4,50.2,26.3,5,ok,CBOE,Yahoo Finance via yfinance,ok,P-FIN 金融口径单列,9.65,9.33,9.65,9.33,sector_fallback:Financial Services,9.65,9.33,9.65,9.33,sector_fallback:Financial Services
DOW,Dow Inc.,2025-08-01,2026-08-20,100.0,2026-04-02,41.4,32.9,20.53,27.55,19.42,50.27,61.37,90.0,280526140.0,True,2,G2/3,Basic Materials,Chemicals,United States,23367720960.0,41318998016.0,237624992.0,19.7,9.79,11.59,-3.13,0.58,,-5.54,4,ok,DOW,Yahoo Finance via yfinance,ok,P2 盈利改善,29.36,-8.83,31.69,-11.16,industry:Chemicals,22.61,-2.08,31.69,-11.16,industry×module:Chemicals × P2 盈利改善
ALB,Albemarle Corporation,2025-08-01,2026-08-20,100.0,2026-05-08,203.52,134.19,34.07,163.04,-17.7,24.83,171.27,199.73,280391191.0,True,2,G2/3,Basic Materials,Specialty Chemicals,United States,16904224768.0,5907904000.0,1334340224.0,31.1,23.96,27.71,3.79,22.59,,2.65,4,ok,ALB,Yahoo Finance via yfinance,ok,P2 盈利改善,29.36,4.71,34.07,0.0,industry:Specialty Chemicals,22.61,11.46,34.02,0.05,industry×module:Specialty Chemicals × P2 盈利改善
AA,Alcoa Corporation,2025-08-01,2026-08-20,100.0,2026-05-29,77.64,50.55,34.89,60.07,-15.85,29.25,154.18,173.38,251504021.0,True,2,G2/3,Basic Materials,Aluminum,United States,13683703808.0,13603000320.0,960750016.0,31.4,19.79,18.36,9.39,7.06,146.8,18.23,5,ok,AA,Yahoo Finance via yfinance,ok,P2 盈利改善,29.36,5.53,29.36,5.53,sector_fallback:Basic Materials,22.61,12.28,29.36,5.53,sector_fallback:Basic Materials
CAVA,"CAVA Group, Inc.",2025-08-01,2026-08-20,100.0,2026-04-24,95.68,72.03,24.72,66.32,8.61,44.27,80.55,13.5,249673149.0,True,2,G2/3,Consumer Cyclical,Restaurants,United States,8600439808.0,1373928960.0,-721500.0,31.3,37.73,7.62,4.82,-0.05,19.8,8.32,5,ok,CAVA,Yahoo Finance via yfinance,ok,P2 盈利改善,20.62,4.1,20.62,4.1,sector_fallback:Consumer Cyclical,22.61,2.11,20.62,4.1,sector_fallback:Consumer Cyclical
MXL,"MaxLinear, Inc. Common Stock",2025-08-01,2026-08-20,100.0,2026-05-08,99.83,65.28,34.61,18.51,252.67,439.33,42.49,556.34,229244969.0,True,2,G2/3,Technology,Semiconductors,United States,6041073664.0,568929984.0,14404875.0,55.2,57.48,-2.44,-18.24,2.53,,-21.32,4,ok,MXL,Yahoo Finance via yfinance,ok,P2 盈利改善,33.04,1.57,35.8,-1.19,industry:Semiconductors,22.61,12.0,32.88,1.73,industry×module:Semiconductors × P2 盈利改善
AEIS,Advanced Energy Industries Inc,2025-08-01,2026-08-20,100.0,2026-05-01,389.05,292.62,24.79,253.86,15.27,53.25,71.33,187.65,217470792.0,True,2,G2/3,Industrials,Electrical Equipment & Parts,United States,11447616512.0,2037799936.0,34187500.0,30.0,39.96,17.02,10.77,1.68,93.4,16.27,5,ok,AEIS,Yahoo Finance via yfinance,ok,P2 盈利改善,26.54,-1.75,36.2,-11.41,industry:Electrical Equipment & Parts,22.61,2.18,36.2,-11.41,industry×module:Electrical Equipment & Parts × P2 盈利改善
VIAV,Viavi Solutions Inc. Common Stock,2025-08-01,2026-08-20,100.0,2026-05-01,55.33,38.56,30.31,18.6,107.31,197.47,45.66,466.91,213785084.0,True,2,G2/3,Technology,Communication Equipment,United States,9598568448.0,1518300032.0,158712496.0,52.5,60.89,14.31,-2.0,10.45,326.5,-2.73,5,ok,VIAV,Yahoo Finance via yfinance,ok,P2 盈利改善,33.04,-2.73,32.76,-2.45,industry:Communication Equipment,22.61,7.7,32.18,-1.87,industry×module:Communication Equipment × P2 盈利改善
VICR,Vicor Corp,2025-08-01,2026-08-20,100.0,2026-05-29,334.84,207.64,37.99,149.88,38.54,123.41,68.77,663.69,190793034.0,True,2,G2/3,Technology,Electronic Components,United States,9246243840.0,474008000.0,339500.0,49.3,56.63,24.33,30.64,0.07,14.3,20.13,5,ok,VICR,Yahoo Finance via yfinance,ok,P2 盈利改善,33.04,4.95,29.58,8.41,industry:Electronic Components,22.61,15.38,29.58,8.41,industry×module:Electronic Components × P2 盈利改善
AUR,"Aurora Innovation, Inc. Class A Common Stock",2025-08-01,2026-08-20,100.0,2026-05-15,7.71,6.12,20.62,4.58,33.62,68.34,50.8,36.46,189684158.0,True,2,G2/3,Consumer Cyclical,Auto Parts,United States,12505928704.0,5000000.0,-414249984.0,100.0,0.0,-13300.0,0.0,-8285.0,,-45.64,4,ok,AUR,Yahoo Finance via yfinance,ok,P4 持续亏损,20.62,0.0,20.62,0.0,sector_fallback:Consumer Cyclical,34.33,-13.71,20.62,0.0,sector_fallback:Consumer Cyclical
WSO,"Watsco, Inc.",2025-08-01,2026-08-20,100.0,2026-04-24,440.64,314.45,28.64,381.56,-17.59,15.48,213.59,1.33,180632290.0,True,2,G2/3,Industrials,Industrial Distribution,United States,12868208640.0,7283631104.0,483663744.0,2.1,27.51,10.94,6.53,6.64,-11.7,16.74,5,ok,WSO,Yahoo Finance via yfinance,ok,P2 盈利改善,26.54,2.1,26.54,2.1,sector_fallback:Industrials,22.61,6.03,26.54,2.1,sector_fallback:Industrials
DY,"Dycom Industries, Inc.",2025-08-01,2026-08-20,100.0,2026-05-29,510.0,400.23,21.52,364.39,9.84,39.96,75.39,93.7,171665579.0,True,2,G2/3,Industrials,Engineering & Construction,United States,,6252085760.0,288279744.0,56.1,20.46,7.32,4.98,4.61,43.5,19.7,5,ok,DY,Yahoo Finance via yfinance,ok,P2 盈利改善,26.54,-5.02,20.48,1.04,industry:Engineering & Construction,22.61,-1.09,20.48,1.04,industry×module:Engineering & Construction × P2 盈利改善
FSLY,"Fastly, Inc. Class A Common Stock",2025-08-01,2026-08-20,100.0,2026-04-02,33.5,22.71,32.21,9.29,144.46,260.6,44.57,426.73,169513803.0,True,2,G2/3,Technology,Software - Application,United States,3974535168.0,687172992.0,86973248.0,23.3,61.47,-7.87,-11.8,12.66,,-8.39,4,ok,FSLY,Yahoo Finance via yfinance,ok,P2 盈利改善,33.04,-0.83,28.57,3.64,industry:Software - Application,22.61,9.6,30.14,2.07,industry×module:Software - Application × P2 盈利改善
SANM,Sanmina  Corp,2025-08-01,2026-08-20,100.0,2026-05-29,259.73,190.72,26.57,159.29,19.73,63.05,68.71,134.08,163178141.0,True,2,G2/3,Technology,Electronic Components,United States,10124004352.0,12763371520.0,-222215744.0,69.7,9.02,7.04,2.41,-1.74,68.3,12.49,5,ok,SANM,Yahoo Finance via yfinance,ok,P2 盈利改善,33.04,-6.47,29.58,-3.01,industry:Electronic Components,22.61,3.96,29.58,-3.01,industry×module:Electronic Components × P2 盈利改善
NYT,New York Times Co.,2025-08-01,2026-08-20,100.0,2026-04-02,85.69,65.3,23.8,71.49,-8.66,19.86,143.59,63.87,160610919.0,True,2,G2/3,Communication Services,Publishing,United States,10594718720.0,2950725888.0,459932128.0,11.3,50.96,17.12,13.31,15.59,14.0,19.72,5,ok,NYT,Yahoo Finance via yfinance,ok,P2 盈利改善,27.41,-3.61,27.41,-3.61,sector_fallback:Communication Services,22.61,1.19,27.41,-3.61,sector_fallback:Communication Services
BWXT,"BWX Technologies, Inc.",2025-08-01,2026-08-20,100.0,2026-04-17,235.78,156.44,33.65,205.43,-23.85,14.77,261.42,57.71,153938168.0,True,2,G2/3,Industrials,Aerospace & Defense,United States,14364494848.0,3513969920.0,145624256.0,18.0,22.08,10.39,10.11,4.14,14.1,28.29,5,ok,BWXT,Yahoo Finance via yfinance,ok,P2 盈利改善,26.54,7.11,50.05,-16.4,industry:Aerospace & Defense,22.61,11.04,50.05,-16.4,industry×module:Aerospace & Defense × P2 盈利改善
POWL,Powell Industries Inc,2025-08-01,2026-08-20,100.0,2026-05-08,309.39,197.4,36.2,139.3167,41.69,122.08,65.85,307.7,153332607.0,True,2,G2/3,Industrials,Electrical Equipment & Parts,United States,7201625088.0,1157522048.0,190403632.0,8.9,30.08,20.55,16.49,16.45,7.6,28.25,5,ok,POWL,Yahoo Finance via yfinance,ok,P2 盈利改善,26.54,9.66,36.2,0.0,industry:Electrical Equipment & Parts,22.61,13.59,36.2,0.0,industry×module:Electrical Equipment & Parts × P2 盈利改善
FORM,FormFactor Inc.,2025-08-01,2026-08-20,100.0,2026-04-24,155.08,115.71,25.39,70.49,64.15,120.0,46.54,436.05,152057888.0,True,2,G2/3,Technology,Semiconductor Equipment & Materials,United States,8918262784.0,902225024.0,114850000.0,31.9,46.18,24.12,12.8,12.73,502.5,10.99,5,ok,FORM,Yahoo Finance via yfinance,ok,P1 高增长高盈利,33.04,-7.65,43.77,-18.38,industry:Semiconductor Equipment & Materials,11.9,13.49,43.77,-18.38,industry:Semiconductor Equipment & Materials
GME,GameStop Corp. Class A,2025-08-01,2026-08-20,100.0,2026-05-01,26.53,18.04,32.0,21.23,-15.03,24.96,160.19,20.05,135272345.0,True,2,G2/3,Consumer Cyclical,Specialty Retail,United States,8170667520.0,3732800000.0,-1261250048.0,14.1,34.39,16.61,20.45,-33.79,633.3,14.1,5,ok,GME,Yahoo Finance via yfinance,ok,P1 高增长高盈利,20.62,11.38,20.62,11.38,sector_fallback:Consumer Cyclical,11.9,20.1,20.62,11.38,sector_fallback:Consumer Cyclical
LOGI,Logitech International SA,2025-08-01,2026-08-20,100.0,2026-05-29,121.87,95.34,21.77,95.1,0.25,28.15,99.1,35.91,121948374.0,True,2,G2/3,Technology,Computer Hardware,Switzerland,13750375424.0,4920291840.0,723388224.0,6.9,45.24,21.22,16.28,14.7,66.3,35.29,5,ok,LOGI,Yahoo Finance via yfinance,ok,P2 盈利改善,33.04,-11.27,33.04,-11.27,sector_fallback:Technology,22.61,-0.84,33.04,-11.27,sector_fallback:Technology
CENX,Century Aluminum Co,2025-08-01,2026-08-20,100.0,2026-04-10,66.96,43.4,35.19,45.69,-5.01,46.55,110.77,227.11,104821855.0,True,2,G2/3,Basic Materials,Aluminum,United States,4347785216.0,2667200000.0,-46287500.0,19.7,18.89,28.14,22.56,-1.74,,51.75,4,ok,CENX,Yahoo Finance via yfinance,ok,P2 盈利改善,29.36,5.83,29.36,5.83,sector_fallback:Basic Materials,22.61,12.58,29.36,5.83,sector_fallback:Basic Materials
ALM,Almonty Industries Inc. Common Shares,2025-08-01,2026-08-20,100.0,2026-04-17,23.42,17.69,24.47,8.8,101.02,166.14,39.19,522.87,103642454.0,True,2,G2/3,Basic Materials,Other Industrial Metals & Mining,United States,5339778560.0,85803000.0,-49866500.0,497.7,49.81,37.51,125.23,-58.12,,38.22,4,ok,ALM,Yahoo Finance via yfinance,ok,P2 盈利改善,29.36,-4.89,29.36,-4.89,industry:Other Industrial Metals & Mining,22.61,1.86,29.36,-4.89,industry:Other Industrial Metals & Mining
CRUS,Cirrus Logic Inc,2025-08-01,2026-08-20,100.0,2026-04-24,174.17,116.9,32.88,123.21,-5.12,41.36,112.38,70.62,103247575.0,True,2,G2/3,Technology,Semiconductors,United States,5780058112.0,2049830016.0,450997248.0,12.9,52.79,18.37,21.0,22.0,28.9,20.9,5,ok,CRUS,Yahoo Finance via yfinance,ok,P2 盈利改善,33.04,-0.16,35.8,-2.91,industry:Semiconductors,22.61,10.27,32.88,0.0,industry×module:Semiconductors × P2 盈利改善
ENS,"EnerSys, Inc.",2025-08-01,2026-08-20,100.0,2026-05-15,236.98,189.97,19.84,168.15,12.98,40.93,68.3,165.67,101190008.0,True,2,G2/3,Industrials,Electrical Equipment & Parts,United States,6843736576.0,3793992960.0,633937472.0,4.8,30.57,17.33,9.29,16.71,111.6,18.36,5,ok,ENS,Yahoo Finance via yfinance,ok,P2 盈利改善,26.54,-6.7,36.2,-16.36,industry:Electrical Equipment & Parts,22.61,-2.77,36.2,-16.36,industry×module:Electrical Equipment & Parts × P2 盈利改善
INOD,Innodata Inc.,2025-08-01,2026-08-20,100.0,2026-05-29,104.98,62.79,40.19,59.52,5.49,76.38,92.81,133.52,99358823.0,True,2,G2/3,Technology,Information Technology Services,United States,2207709952.0,317164000.0,169773248.0,57.8,43.2,17.21,14.66,53.53,105.0,37.77,5,ok,INOD,Yahoo Finance via yfinance,ok,P2 盈利改善,33.04,7.15,39.4,0.79,industry:Information Technology Services,22.61,17.58,39.4,0.79,industry:Information Technology Services
WLK,Westlake Corporation,2025-08-01,2026-08-20,100.0,2026-04-02,119.4,78.85,33.96,83.2,-5.23,43.51,112.02,58.29,92566420.0,True,2,G2/3,Basic Materials,Specialty Chemicals,United States,10086981632.0,11294000128.0,23125000.0,10.8,9.62,11.22,-10.94,0.2,,-11.91,4,ok,WLK,Yahoo Finance via yfinance,ok,P2 盈利改善,29.36,4.6,34.07,-0.11,industry:Specialty Chemicals,22.61,11.35,34.02,-0.05,industry×module:Specialty Chemicals × P2 盈利改善
YOU,"Clear Secure, Inc.",2025-08-01,2026-08-20,100.0,2026-05-22,60.06,42.9,28.57,34.92,22.85,71.99,68.26,108.25,90729810.0,True,2,G2/3,Technology,Software - Application,United States,5878265856.0,1000704000.0,418440384.0,26.6,66.66,29.87,14.78,41.81,87.0,119.17,5,ok,YOU,Yahoo Finance via yfinance,ok,P2 盈利改善,33.04,-4.47,28.57,0.0,industry:Software - Application,22.61,5.96,30.14,-1.57,industry×module:Software - Application × P2 盈利改善
JBS,JBS N.V.,2025-08-01,2026-08-20,100.0,2026-04-10,18.32,13.55,26.04,14.67,-7.63,24.88,130.68,33.43,89697130.0,True,2,G2/3,Consumer Defensive,Packaged Foods,Netherlands,14799987712.0,91168210944.0,822603776.0,13.8,11.8,3.07,1.22,0.9,,13.38,4,ok,JBS,Yahoo Finance via yfinance,ok,P2 盈利改善,14.59,11.45,14.59,11.45,sector_fallback:Consumer Defensive,22.61,3.43,14.59,11.45,sector_fallback:Consumer Defensive
CE,Celanese Corporation Common Stock,2025-08-01,2026-08-20,100.0,2026-05-01,69.24,46.98,32.15,45.57,3.09,51.94,94.04,42.62,88110801.0,True,2,G2/3,Basic Materials,Chemicals,United States,5136249856.0,9712000000.0,984875008.0,8.7,21.38,11.05,-12.04,10.14,-37.1,-22.25,5,ok,CE,Yahoo Finance via yfinance,ok,P2 盈利改善,29.36,2.79,31.69,0.46,industry:Chemicals,22.61,9.54,31.69,0.46,industry×module:Chemicals × P2 盈利改善
ROAD,"Construction Partners, Inc. Class A Common Stock",2025-08-01,2026-08-20,100.0,2026-05-08,140.48,113.19,19.43,112.16,0.92,25.25,96.36,47.94,86986641.0,True,2,G2/3,Industrials,Engineering & Construction,United States,6366270464.0,3477932032.0,52442000.0,28.2,15.76,10.67,4.1,1.51,34.2,15.05,5,ok,ROAD,Yahoo Finance via yfinance,ok,P2 盈利改善,26.54,-7.11,20.48,-1.05,industry:Engineering & Construction,22.61,-3.18,20.48,-1.05,industry×module:Engineering & Construction × P2 盈利改善
CELC,Celcuity Inc. Common Stock,2025-08-01,2026-08-20,100.0,2026-05-22,138.23,90.57,34.48,107.51,-15.76,28.57,155.14,246.35,85540997.0,True,2,G2/3,Healthcare,Biotechnology,United States,4576601088.0,,-72001000.0,,0.0,0.0,0.0,,,-1433.7,2,sparse,CELC,Yahoo Finance via yfinance,ok,P-SPARSE 数据不足,22.93,11.55,22.93,11.55,industry:Biotechnology,21.4,13.08,34.02,0.46,industry×module:Biotechnology × P-SPARSE 数据不足
CAMT,Camtek Ltd,2025-08-01,2026-08-20,100.0,2026-05-08,205.54,148.51,27.75,143.63,3.4,43.1,92.12,115.23,84398982.0,True,2,G2/3,Technology,Semiconductor Equipment & Materials,Israel,6851354624.0,499092992.0,,2.5,50.97,22.41,9.63,,-10.0,7.56,4,ok,CAMT,Yahoo Finance via yfinance,ok,P2 盈利改善,33.04,-5.29,43.77,-16.02,industry:Semiconductor Equipment & Materials,22.61,5.14,43.77,-16.02,industry:Semiconductor Equipment & Materials
ULS,UL Solutions Inc.,2025-08-01,2026-08-20,100.0,2026-05-22,102.85,75.26,26.83,75.0,0.35,37.13,99.07,43.05,84215831.0,True,2,G2/3,Industrials,Specialty Business Services,United States,15154477056.0,3145999872.0,420500000.0,5.2,50.41,18.38,16.08,13.37,168.9,38.71,5,ok,ULS,Yahoo Finance via yfinance,ok,P2 盈利改善,26.54,0.29,31.18,-4.35,industry:Specialty Business Services,22.61,4.22,29.98,-3.15,industry×module:Specialty Business Services × P2 盈利改善
LASR,"nLIGHT, Inc. Common Stock",2025-08-01,2026-08-20,100.0,2026-05-22,78.545,47.19,39.92,43.93,7.42,78.8,90.58,290.58,81134900.0,True,2,G2/3,Technology,Semiconductors,United States,2733938432.0,310699008.0,42769124.0,33.8,31.52,-4.32,-4.02,13.77,,-3.81,4,ok,LASR,Yahoo Finance via yfinance,ok,P2 盈利改善,33.04,6.88,35.8,4.12,industry:Semiconductors,22.61,17.31,32.88,7.04,industry×module:Semiconductors × P2 盈利改善
ECG,"Everus Construction Group, Inc.",2025-08-01,2026-08-20,100.0,2026-05-08,163.24,125.32,23.23,89.18,40.52,83.05,51.2,132.64,80897827.0,True,2,G2/3,Industrials,Engineering & Construction,United States,6429200896.0,4266791936.0,184378496.0,33.7,13.02,9.08,5.96,4.32,59.2,39.53,5,ok,ECG,Yahoo Finance via yfinance,ok,P2 盈利改善,26.54,-3.31,20.48,2.75,industry:Engineering & Construction,22.61,0.62,20.48,2.75,industry×module:Engineering & Construction × P2 盈利改善
PVH,PVH Corp.,2025-08-01,2026-08-20,100.0,2026-04-17,94.17,76.09,19.2,64.63,17.73,45.71,61.21,31.96,74506019.0,True,2,G2/3,Consumer Cyclical,Apparel Manufacturing,United States,,8991699968.0,465637504.0,2.1,57.53,5.82,1.76,5.18,,3.32,4,ok,PVH,Yahoo Finance via yfinance,ok,P2 盈利改善,20.62,-1.42,20.62,-1.42,sector_fallback:Consumer Cyclical,22.61,-3.41,20.62,-1.42,sector_fallback:Consumer Cyclical
SEB,Seaboard Corporation,2025-08-01,2026-08-20,100.0,2026-04-02,5906.78,4356.35,26.25,4695.52,-7.22,25.8,128.0,86.42,68905181.0,True,2,G2/3,Industrials,Conglomerates,United States,4080168448.0,10272000000.0,-274375008.0,17.8,8.05,3.42,6.17,-2.67,51.8,12.33,5,ok,SEB,Yahoo Finance via yfinance,ok,P2 盈利改善,26.54,-0.29,26.54,-0.29,sector_fallback:Industrials,22.61,3.64,26.54,-0.29,sector_fallback:Industrials
SYNA,Synaptics Inc,2025-08-01,2026-08-20,100.0,2026-05-22,143.69,98.0,31.8,82.51,18.77,74.15,74.68,137.62,66112301.0,True,2,G2/3,Technology,Semiconductors,United States,3819188224.0,1197200000.0,149650000.0,8.9,44.72,-2.79,-41.0,12.5,,-42.23,4,ok,SYNA,Yahoo Finance via yfinance,ok,P2 盈利改善,33.04,-1.24,35.8,-4.0,industry:Semiconductors,22.61,9.19,32.88,-1.08,industry×module:Semiconductors × P2 盈利改善
WMG,Warner Music Group Corp. Class A Common Stock,2025-08-01,2026-08-20,100.0,2026-05-22,34.72,27.1,21.95,30.44,-10.97,14.06,178.04,21.27,64976619.0,True,2,G2/3,Communication Services,Entertainment,United States,14191967232.0,7304000000.0,382249984.0,10.4,45.77,16.74,9.2,5.23,,70.07,4,ok,WMG,Yahoo Finance via yfinance,ok,P2 盈利改善,27.41,-5.46,27.41,-5.46,sector_fallback:Communication Services,22.61,-0.66,27.41,-5.46,sector_fallback:Communication Services
AUGO,Aura Minerals Inc. Common Shares,2025-08-01,2026-08-20,100.0,2026-04-17,109.14,86.69,20.57,60.22,43.96,81.24,45.89,348.77,64039060.0,True,2,G2/3,Basic Materials,Gold,United States,7315602944.0,1288066048.0,402616128.0,76.4,60.0,51.41,23.18,31.26,2244.7,100.16,5,ok,AUGO,Yahoo Finance via yfinance,ok,P1 高增长高盈利,29.36,-8.79,29.36,-8.79,sector_fallback:Basic Materials,11.9,8.67,29.36,-8.79,sector_fallback:Basic Materials
VOYG,"Voyager Technologies, Inc.",2025-08-01,2026-08-20,100.0,2026-05-29,49.53,37.92,23.44,31.33,21.03,58.09,63.79,26.38,63782574.0,True,2,G2/3,Industrials,Aerospace & Defense,United States,2343515904.0,174230000.0,-266253376.0,15.5,10.9,-97.46,-78.61,-152.82,,-30.44,4,ok,VOYG,Yahoo Finance via yfinance,ok,P3 持续亏损,26.54,-3.1,50.05,-26.61,industry:Aerospace & Defense,39.4,-15.96,50.05,-26.61,industry:Aerospace & Defense
KNF,Knife River Corporation,2025-08-01,2026-08-20,100.0,2026-05-01,92.98,65.96,29.06,73.46,-10.21,26.57,138.42,11.53,58297093.0,True,2,G2/3,Basic Materials,Building Materials,United States,3756035328.0,3307499008.0,-3501250.0,12.6,17.83,8.8,4.23,-0.11,-13.5,9.12,5,ok,KNF,Yahoo Finance via yfinance,ok,P2 盈利改善,29.36,-0.3,29.36,-0.3,sector_fallback:Basic Materials,22.61,6.45,29.36,-0.3,sector_fallback:Basic Materials
MIAX,"Miami International Holdings, Inc.",2025-08-15,2026-08-20,96.4,2026-05-15,56.16,41.32,26.42,42.44,-2.64,32.33,108.16,80.46,57746916.0,True,2,G2/3,Financial Services,Capital Markets,United States,4226243840.0,1466530944.0,207427120.0,18.3,34.35,23.43,9.7,14.14,32.7,18.14,5,ok,MIAX,Yahoo Finance via yfinance,ok,P-FIN 金融口径单列,9.65,16.77,9.65,16.77,sector_fallback:Financial Services,9.65,16.77,9.65,16.77,sector_fallback:Financial Services
ERAS,"Erasca, Inc. Common Stock",2025-08-01,2026-08-20,100.0,2026-04-24,21.49,17.08,20.52,9.62,77.55,123.39,37.15,1446.04,57007838.0,True,2,G2/3,Healthcare,Biotechnology,United States,6166304768.0,,-210460000.0,,0.0,0.0,0.0,,,-78.25,2,sparse,ERAS,Yahoo Finance via yfinance,ok,P-SPARSE 数据不足,22.93,-2.41,22.93,-2.41,industry:Biotechnology,21.4,-0.88,34.02,-13.5,industry×module:Biotechnology × P-SPARSE 数据不足
NN,NextNav Inc. Common Stock,2025-08-01,2026-08-20,100.0,2026-04-17,22.83,17.33,24.09,15.7,10.38,45.41,77.14,54.15,49732526.0,True,2,G2/3,Technology,Software - Infrastructure,United States,2962613760.0,3977000.0,-91647752.0,-4.3,-104.9,-1752.09,0.0,-2304.44,,-77.87,4,ok,NN,Yahoo Finance via yfinance,ok,P4 持续亏损,33.04,-8.95,26.27,-2.18,industry:Software - Infrastructure,34.33,-10.24,26.27,-2.18,industry:Software - Infrastructure
NKTR,Nektar Therapeutics,2025-08-01,2026-08-20,100.0,2026-04-24,91.68,74.53,18.71,37.68,97.8,143.31,31.76,299.3,47368686.0,True,2,G2/3,Healthcare,Biotechnology,United States,2527264256.0,54589000.0,-134766368.0,-9.3,100.0,-412.23,-287.84,-246.87,,-35.76,4,ok,NKTR,Yahoo Finance via yfinance,ok,P3 持续亏损,22.93,-4.22,22.93,-4.22,industry:Biotechnology,39.4,-20.69,23.54,-4.83,industry×module:Biotechnology × P3 持续亏损
AESI,Atlas Energy Solutions Inc.,2025-08-01,2026-08-20,100.0,2026-05-22,19.07,12.99,31.88,11.05,17.56,72.58,75.81,52.44,45341180.0,True,2,G2/3,Energy,Oil & Gas Equipment & Services,United States,1571312256.0,1067804032.0,-118395504.0,1.6,23.41,-6.81,-11.08,-11.09,,-9.93,4,ok,AESI,Yahoo Finance via yfinance,ok,P2 盈利改善,11.18,20.7,18.69,13.19,industry:Oil & Gas Equipment & Services,22.61,9.27,18.69,13.19,industry×module:Oil & Gas Equipment & Services × P2 盈利改善
PUMP,ProPetro Holding Corp.,2025-08-01,2026-08-20,100.0,2026-05-15,17.45,11.33,35.07,10.29,10.11,69.58,85.47,244.18,45142634.0,True,2,G2/3,Energy,Oil & Gas Equipment & Services,United States,1391595008.0,1160087040.0,-48068500.0,-6.2,22.69,-1.52,-1.15,-4.14,,-1.5,4,ok,PUMP,Yahoo Finance via yfinance,ok,P2 盈利改善,11.18,23.89,18.69,16.38,industry:Oil & Gas Equipment & Services,22.61,12.46,18.69,16.38,industry×module:Oil & Gas Equipment & Services × P2 盈利改善
SAM,Boston Beer Company,2025-08-01,2026-08-20,100.0,2026-04-10,257.21,190.82,25.81,207.82,-8.18,23.77,134.42,22.77,43584002.0,True,2,G2/3,Consumer Defensive,Beverages - Brewers,United States,1913738112.0,1925446016.0,372617632.0,-3.3,48.88,9.33,-3.64,19.35,-9.0,-8.61,5,ok,SAM,Yahoo Finance via yfinance,ok,P2 盈利改善,14.59,11.22,14.59,11.22,sector_fallback:Consumer Defensive,22.61,3.2,14.59,11.22,sector_fallback:Consumer Defensive
DAN,Dana Incorporated,2025-08-01,2026-08-20,100.0,2026-04-24,38.93,30.75,21.01,27.53,11.7,41.41,71.75,148.91,42974173.0,True,2,G2/3,Consumer Cyclical,Auto Parts,United States,3412332288.0,7662000128.0,631249984.0,3.9,9.46,5.08,14.55,8.24,,-1.63,4,ok,DAN,Yahoo Finance via yfinance,ok,P2 盈利改善,20.62,0.39,20.62,0.39,sector_fallback:Consumer Cyclical,22.61,-1.6,20.62,0.39,sector_fallback:Consumer Cyclical
AEVA,"Aeva Technologies, Inc.",2025-08-01,2026-08-20,100.0,2026-05-29,28.18,18.87,33.04,15.79,19.51,78.47,75.14,77.85,41865412.0,True,2,G2/3,Technology,Software - Infrastructure,United States,1274918400.0,21598000.0,-139472880.0,11.3,27.22,-563.23,-150.12,-645.77,,,4,ok,AEVA,Yahoo Finance via yfinance,ok,P4 持续亏损,33.04,0.0,26.27,6.77,industry:Software - Infrastructure,34.33,-1.29,26.27,6.77,industry:Software - Infrastructure
CWEN,"Clearway Energy, Inc. Class C Common Stock",2025-08-01,2026-08-20,100.0,2026-05-29,41.16,32.64,20.7,35.87,-9.0,14.75,161.06,27.04,38995057.0,True,2,G2/3,Utilities,Utilities - Renewable,United States,8030468608.0,1574000000.0,421750016.0,22.7,64.42,25.16,6.42,26.79,296.6,-3.17,5,ok,CWEN,Yahoo Finance via yfinance,ok,P2 盈利改善,11.23,9.47,11.23,9.47,sector_fallback:Utilities,22.61,-1.91,11.23,9.47,sector_fallback:Utilities
LMAT,"LeMaitre Vascular, Inc.",2025-08-01,2026-08-20,100.0,2026-04-10,114.62,82.32,28.18,84.97,-3.12,34.89,108.94,41.44,38595716.0,True,2,G2/3,Healthcare,Medical Instruments & Supplies,United States,1872077312.0,262432000.0,49263624.0,9.6,71.87,28.98,25.02,18.77,22.6,16.77,5,ok,LMAT,Yahoo Finance via yfinance,ok,P2 盈利改善,22.93,5.25,22.93,5.25,sector_fallback:Healthcare,22.61,5.57,22.93,5.25,sector_fallback:Healthcare
OSIS,OSI Systems Inc,2025-08-01,2026-08-20,100.0,2026-04-17,309.68,218.09,29.58,274.99,-20.69,12.62,264.02,41.04,36894693.0,True,2,G2/3,Technology,Electronic Components,United States,3407507712.0,1785984000.0,209244624.0,-4.1,33.21,14.17,8.66,11.72,7.8,17.34,5,ok,OSIS,Yahoo Finance via yfinance,ok,P2 盈利改善,33.04,-3.46,29.58,0.0,industry:Electronic Components,22.61,6.97,29.58,0.0,industry×module:Electronic Components × P2 盈利改善
SFD,"Smithfield Foods, Inc. Common Stock",2025-08-01,2026-08-20,100.0,2026-04-24,29.35,22.28,24.09,22.75,-2.07,29.01,107.12,20.68,36767627.0,True,2,G2/3,Consumer Defensive,Packaged Foods,United States,8761325568.0,15473000448.0,528249984.0,-2.3,13.46,8.4,6.84,3.41,25.5,15.45,5,ok,SFD,Yahoo Finance via yfinance,ok,P2 盈利改善,14.59,9.5,14.59,9.5,sector_fallback:Consumer Defensive,22.61,1.48,14.59,9.5,sector_fallback:Consumer Defensive
LPTH,Lightpath Technologies Inc,2025-08-01,2026-08-20,100.0,2026-05-29,16.98,13.02,23.32,12.34,5.51,37.6,85.34,473.65,33423409.0,True,2,G2/3,Technology,Electronic Components,United States,905423296.0,62769540.0,3234338.0,108.9,32.1,-4.49,-37.38,5.15,,-28.79,4,ok,LPTH,Yahoo Finance via yfinance,ok,P2 盈利改善,33.04,-9.72,29.58,-6.26,industry:Electronic Components,22.61,0.71,29.58,-6.26,industry×module:Electronic Components × P2 盈利改善
NVAX,Novavax Inc,2025-08-01,2026-08-20,100.0,2026-05-29,10.97,8.42,23.25,8.01,5.12,36.95,86.15,67.23,29230025.0,True,2,G2/3,Healthcare,Biotechnology,United States,1474614784.0,413796000.0,153394432.0,-76.3,-2.56,-89.61,-59.87,37.07,,,4,ok,NVAX,Yahoo Finance via yfinance,ok,P2 盈利改善,22.93,0.32,22.93,0.32,industry:Biotechnology,22.61,0.64,19.65,3.6,industry×module:Biotechnology × P2 盈利改善
SNDX,"Syndax Pharmaceuticals, Inc.",2025-08-01,2026-08-20,100.0,2026-04-02,25.15,19.75,21.47,20.52,-3.75,22.56,116.63,152.0,26932975.0,True,2,G2/3,Healthcare,Biotechnology,United States,1754687744.0,252251008.0,-150078624.0,91.8,-8.01,-54.95,-87.52,-59.5,,-255.93,4,ok,SNDX,Yahoo Finance via yfinance,ok,P2 盈利改善,22.93,-1.46,22.93,-1.46,industry:Biotechnology,22.61,-1.14,19.65,1.82,industry×module:Biotechnology × P2 盈利改善
STAA,Staar Surgical Co,2025-08-01,2026-08-20,100.0,2026-05-22,32.47,23.07,28.95,20.97,10.01,54.84,81.74,82.83,25335852.0,True,2,G2/3,Healthcare,Medical Instruments & Supplies,United States,1160331776.0,339590016.0,15348500.0,111.0,76.62,10.89,1.13,4.52,,1.09,4,ok,STAA,Yahoo Finance via yfinance,ok,P2 盈利改善,22.93,6.02,22.93,6.02,sector_fallback:Healthcare,22.61,6.34,22.93,6.02,sector_fallback:Healthcare
BORR,Borr Drilling Limited,2025-08-01,2026-08-20,100.0,2026-05-15,6.26,4.43,29.23,4.26,3.99,46.95,91.5,232.98,24480475.0,False,2,G2/3,Energy,Oil & Gas Drilling,Bermuda,1388307328.0,1015800000.0,-66037500.0,-13.2,43.68,0.09,-23.98,-6.5,,-24.68,4,ok,BORR,Yahoo Finance via yfinance,ok,P2 盈利改善,11.18,18.05,12.89,16.34,industry:Oil & Gas Drilling,22.61,6.62,12.89,16.34,industry×module:Oil & Gas Drilling × P2 盈利改善
ARI,"APOLLO COMMERCIAL REAL ESTATE FINANCE, INC.",2025-08-01,2026-08-20,100.0,2026-04-17,11.16,6.94,37.81,9.97,-30.39,11.94,354.62,14.11,23963481.0,True,2,G2/3,Real Estate,REIT - Mortgage,United States,888509824.0,624292992.0,,524.9,86.44,91.25,21.14,,-10.0,8.51,4,ok,ARI,Yahoo Finance via yfinance,ok,P-REIT 房地产口径单列,4.67,33.14,4.67,33.14,sector_fallback:Real Estate,4.67,33.14,4.67,33.14,sector_fallback:Real Estate
ANAB,"AnaptysBio, Inc. Common Stock",2025-08-01,2026-08-20,100.0,2026-04-10,70.1,56.69,19.13,45.68,24.1,53.46,54.91,183.92,22960370.0,True,2,G2/3,Healthcare,Biotechnology,United States,1709593728.0,232388000.0,8323875.0,-8.0,44.58,-135.53,-11.53,3.58,,-114.55,4,ok,ANAB,Yahoo Finance via yfinance,ok,P2 盈利改善,22.93,-3.8,22.93,-3.8,industry:Biotechnology,22.61,-3.48,19.65,-0.52,industry×module:Biotechnology × P2 盈利改善
AAUC,Allied Gold Corporation,2025-08-01,2026-08-20,100.0,2026-04-24,31.92,22.92,28.2,27.62,-17.02,15.57,209.3,144.79,21056113.0,True,2,G2/3,Basic Materials,Gold,Canada,3285823232.0,1493846016.0,149784496.0,45.4,48.86,40.17,-4.19,10.03,,-2.89,4,ok,AAUC,Yahoo Finance via yfinance,ok,P2 盈利改善,29.36,-1.16,29.36,-1.16,sector_fallback:Basic Materials,22.61,5.59,29.36,-1.16,sector_fallback:Basic Materials
INBX,"Inhibrx Biosciences, Inc. Common Stock",2025-08-01,2026-08-20,100.0,2026-05-08,134.35,99.15,26.2,74.66,32.8,79.95,58.97,521.99,21030072.0,True,2,G2/3,Healthcare,Biotechnology,United States,1525191040.0,0.0,-85104872.0,,0.0,0.0,0.0,,,-1773.6,2,sparse,INBX,Yahoo Finance via yfinance,ok,P-SPARSE 数据不足,22.93,3.27,22.93,3.27,industry:Biotechnology,21.4,4.8,34.02,-7.82,industry×module:Biotechnology × P-SPARSE 数据不足
NRGV,"Energy Vault Holdings, Inc.",2025-08-01,2026-08-20,100.0,2026-05-15,5.93,3.74,36.93,5.29,-29.3,12.1,342.19,464.76,18834435.0,False,2,G2/3,Utilities,Utilities - Renewable,United States,690990336.0,225872992.0,-115556752.0,104.1,22.47,-141.97,-48.58,-51.16,,-178.56,4,ok,NRGV,Yahoo Finance via yfinance,ok,P3 持续亏损,11.23,25.7,11.23,25.7,sector_fallback:Utilities,39.4,-2.47,11.23,25.7,sector_fallback:Utilities
TYRA,"Tyra Biosciences, Inc. Common Stock",2025-08-01,2026-08-20,100.0,2026-04-02,39.61,25.69,35.14,29.31,-12.35,35.14,135.15,281.97,18138877.0,False,2,G2/3,Healthcare,Biotechnology,United States,1554584192.0,,-63067124.0,,0.0,0.0,0.0,,,-45.31,2,sparse,TYRA,Yahoo Finance via yfinance,ok,P-SPARSE 数据不足,22.93,12.21,22.93,12.21,industry:Biotechnology,21.4,13.74,34.02,1.12,industry×module:Biotechnology × P-SPARSE 数据不足
EFXT,Enerflex Ltd.,2025-08-01,2026-08-20,100.0,2026-05-15,27.87,20.09,27.92,16.21,23.94,71.93,66.72,257.77,17919495.0,False,2,G2/3,Energy,Oil & Gas Equipment & Services,Canada,2483572480.0,2569999872.0,233375008.0,-5.4,23.42,10.82,2.06,9.08,-49.5,4.61,5,ok,EFXT,Yahoo Finance via yfinance,ok,P2 盈利改善,11.18,16.75,18.69,9.23,industry:Oil & Gas Equipment & Services,22.61,5.31,18.69,9.23,industry×module:Oil & Gas Equipment & Services × P2 盈利改善
ENLT,Enlight Renewable Energy Ltd. Ordinary Shares,2025-08-01,2026-08-20,100.0,2026-05-29,107.42,79.59,25.91,51.77,53.74,107.49,50.01,338.81,17322798.0,False,2,G2/3,Utilities,Utilities - Renewable,Israel,11173422080.0,585198016.0,-2211352320.0,43.0,71.91,54.51,15.33,-377.88,1900.2,5.98,5,ok,ENLT,Yahoo Finance via yfinance,ok,P1 高增长高盈利,11.23,14.68,11.23,14.68,sector_fallback:Utilities,11.9,14.01,11.23,14.68,sector_fallback:Utilities
PNRG,PrimeEnergy Resources Corporation Common Stock,2025-08-01,2026-08-20,100.0,2026-05-15,268.16,213.97,20.21,175.73,21.76,52.6,58.63,70.03,16469562.0,False,2,G2/3,Energy,Oil & Gas E&P,United States,336539872.0,177704992.0,23983624.0,-3.9,64.88,20.07,13.97,13.5,106.8,11.72,5,ok,PNRG,Yahoo Finance via yfinance,ok,P2 盈利改善,11.18,9.04,11.24,8.97,industry:Oil & Gas E&P,22.61,-2.4,12.53,7.69,industry×module:Oil & Gas E&P × P2 盈利改善
MATW,Matthews International Corp,2025-08-01,2026-08-20,100.0,2026-05-01,28.61,21.66,24.29,26.49,-18.23,8.0,327.83,24.18,16039928.0,False,2,G2/3,Industrials,Conglomerates,United States,663904192.0,1108238976.0,26483000.0,-29.6,37.88,-2.66,-2.65,2.39,,-5.87,4,ok,MATW,Yahoo Finance via yfinance,ok,P2 盈利改善,26.54,-2.25,26.54,-2.25,sector_fallback:Industrials,22.61,1.68,26.54,-2.25,sector_fallback:Industrials
APEI,"American Public Education, Inc.",2025-08-01,2026-08-20,100.0,2026-04-17,60.6,44.385,26.76,40.31,10.11,50.33,79.92,106.33,15831645.0,False,2,G2/3,Consumer Defensive,Education & Training Services,United States,834733440.0,668014016.0,51036376.0,5.5,55.85,7.88,6.84,7.64,,15.58,4,ok,APEI,Yahoo Finance via yfinance,ok,P2 盈利改善,14.59,12.17,14.59,12.17,sector_fallback:Consumer Defensive,22.61,4.15,14.59,12.17,sector_fallback:Consumer Defensive
CMP,"Compass Minerals International, Inc.",2025-08-01,2026-08-20,100.0,2026-05-29,31.92,24.62,22.87,23.29,5.71,37.05,84.59,61.38,14100061.0,False,2,G2/3,Basic Materials,Other Industrial Metals & Mining,United States,1091502720.0,1292099968.0,91150000.0,0.3,17.22,5.06,1.42,7.05,,7.17,4,ok,CMP,Yahoo Finance via yfinance,ok,P2 盈利改善,29.36,-6.49,29.36,-6.49,industry:Other Industrial Metals & Mining,22.61,0.26,29.36,-6.49,industry:Other Industrial Metals & Mining
ECVT,Ecovyst Inc.,2025-08-01,2026-08-20,100.0,2026-05-15,14.56,10.32,29.12,10.61,-2.73,37.23,107.34,72.51,14062918.0,False,2,G2/3,Basic Materials,Specialty Chemicals,United States,1142850048.0,869254016.0,125908872.0,42.0,21.29,8.82,-7.06,14.48,48.9,4.04,5,ok,ECVT,Yahoo Finance via yfinance,ok,P2 盈利改善,29.36,-0.24,34.07,-4.95,industry:Specialty Chemicals,22.61,6.51,34.02,-4.89,industry×module:Specialty Chemicals × P2 盈利改善
ASTE,Astec Industries Inc,2025-08-01,2026-08-20,100.0,2026-05-01,64.16,41.87,34.74,48.29,-13.29,32.86,140.45,69.24,13715431.0,False,2,G2/3,Industrials,Farm & Heavy Construction Machinery,United States,1001329024.0,1555100032.0,-1112500.0,23.6,26.16,6.35,1.26,-0.07,-37.5,2.86,5,ok,ASTE,Yahoo Finance via yfinance,ok,P2 盈利改善,26.54,8.2,26.54,8.2,sector_fallback:Industrials,22.61,12.13,26.54,8.2,sector_fallback:Industrials
DUOT,"Duos Technologies Group, Inc. Common Stock",2025-08-01,2026-08-20,100.0,2026-05-29,13.5,10.41,22.89,10.75,-3.16,25.58,112.36,105.48,13167847.0,False,2,G2/3,Technology,Software - Application,United States,324184160.0,26661222.0,-103136248.0,29.5,35.05,0.8,150.46,-386.84,,36.04,4,ok,DUOT,Yahoo Finance via yfinance,ok,P3 持续亏损,33.04,-10.15,28.57,-5.68,industry:Software - Application,39.4,-16.51,28.57,-5.68,industry:Software - Application
DLX,Deluxe Corporation,2025-08-01,2026-08-20,100.0,2026-05-01,31.9,23.9,25.08,24.23,-1.36,31.65,104.3,104.62,11049311.0,False,2,G2/3,Industrials,Conglomerates,United States,1082667008.0,2112899968.0,171792992.0,-4.2,52.54,12.18,4.76,8.13,-17.7,14.96,5,ok,DLX,Yahoo Finance via yfinance,ok,P2 盈利改善,26.54,-1.46,26.54,-1.46,sector_fallback:Industrials,22.61,2.47,26.54,-1.46,sector_fallback:Industrials
NSSC,"Napco Security Technologies, Inc",2025-08-01,2026-08-20,100.0,2026-05-01,46.72,37.77,19.16,38.6,-2.15,21.04,110.22,54.55,9726209.0,False,2,G2/3,Industrials,Security & Protection Services,United States,1360854272.0,197231008.0,48234624.0,7.6,57.3,17.81,18.7,24.46,21.4,21.74,5,ok,NSSC,Yahoo Finance via yfinance,ok,P2 盈利改善,26.54,-7.38,26.54,-7.38,sector_fallback:Industrials,22.61,-3.45,26.54,-7.38,sector_fallback:Industrials
AGRO,ADECOAGRO S.A.,2025-08-01,2026-08-20,100.0,2026-04-02,15.22,10.94,28.12,8.35,31.02,82.28,62.3,72.76,8761988.0,False,2,G2/3,Consumer Defensive,Farm Products,Luxembourg,1597489152.0,1649838976.0,-128340872.0,39.0,25.91,17.0,3.0,-7.78,,3.69,4,ok,AGRO,Yahoo Finance via yfinance,ok,P2 盈利改善,14.59,13.53,14.59,13.53,industry:Farm Products,22.61,5.51,14.59,13.53,industry×module:Farm Products × P2 盈利改善
KODK,EASTMAN KODAK COMPANY,2025-08-01,2026-08-20,100.0,2026-05-01,14.08,9.69,31.18,7.32,32.38,92.35,64.94,118.29,8546714.0,False,2,G2/3,Industrials,Specialty Business Services,United States,963336000.0,1135000064.0,70000000.0,18.3,24.23,8.04,-8.28,6.17,,-12.99,4,ok,KODK,Yahoo Finance via yfinance,ok,P2 盈利改善,26.54,4.64,31.18,0.0,industry:Specialty Business Services,22.61,8.57,29.98,1.2,industry×module:Specialty Business Services × P2 盈利改善
BGS,"B&G Foods, Inc.",2025-08-01,2026-08-20,100.0,2026-05-01,5.54,3.33,39.89,4.37,-23.8,26.77,188.89,33.82,8540916.0,False,2,G2/3,Consumer Defensive,Packaged Foods,United States,281213824.0,1771070976.0,174660496.0,-9.7,22.07,11.96,-4.0,9.86,,-15.8,4,ok,BGS,Yahoo Finance via yfinance,ok,P2 盈利改善,14.59,25.3,14.59,25.3,sector_fallback:Consumer Defensive,22.61,17.28,14.59,25.3,sector_fallback:Consumer Defensive
MCHPP,Microchip Technology Incorporated Depositary Shares Each Representing a 1/20th Interest in a Share of 7.50% Series A Mandatory Convertible Preferred Stock,2025-08-01,2026-08-20,100.0,2026-05-08,83.74,65.47,21.82,66.84,-2.05,25.28,108.11,35.44,8439164.0,False,2,G2/3,Technology,Semiconductors,United States,,5122299904.0,1364762496.0,38.0,60.19,23.96,9.34,26.64,,7.19,4,ok,MCHPP,Yahoo Finance via yfinance,ok,P2 盈利改善,33.04,-11.22,35.8,-13.98,industry:Semiconductors,22.61,-0.79,32.88,-11.06,industry×module:Semiconductors × P2 盈利改善
RES,"RPC, Inc.",2025-08-01,2026-08-20,100.0,2026-04-24,8.0,6.36,20.5,6.13,3.75,30.51,87.7,78.97,8417809.0,False,2,G2/3,Energy,Oil & Gas Equipment & Services,United States,1411955072.0,1788504064.0,-5273000.0,9.5,23.26,4.48,1.28,-0.29,4.8,2.08,5,ok,RES,Yahoo Finance via yfinance,ok,P2 盈利改善,11.18,9.32,18.69,1.81,industry:Oil & Gas Equipment & Services,22.61,-2.11,18.69,1.81,industry×module:Oil & Gas Equipment & Services × P2 盈利改善
CSR,Centerspace,2025-08-01,2026-08-20,100.0,2026-05-01,68.38,54.16,20.8,64.69,-16.28,5.7,385.37,26.16,7810339.0,False,2,G2/3,Real Estate,REIT - Residential,United States,954830400.0,268871008.0,106247624.0,-4.0,59.3,12.63,8.08,39.52,,3.39,4,ok,CSR,Yahoo Finance via yfinance,ok,P-REIT 房地产口径单列,4.67,16.12,4.67,16.12,sector_fallback:Real Estate,4.67,16.12,4.67,16.12,sector_fallback:Real Estate
CSV,"Carriage Services, Inc.",2025-08-01,2026-08-20,100.0,2026-04-24,51.25,34.53,32.62,42.95,-19.6,19.32,201.45,13.33,7732342.0,False,2,G2/3,Consumer Cyclical,Personal Services,United States,547145088.0,417292992.0,38868876.0,0.8,38.32,23.35,10.69,9.31,4.1,17.33,5,ok,CSV,Yahoo Finance via yfinance,ok,P2 盈利改善,20.62,12.0,20.62,12.0,sector_fallback:Consumer Cyclical,22.61,10.01,20.62,12.0,sector_fallback:Consumer Cyclical
SPIR,"Spire Global, Inc.",2025-08-01,2026-08-20,100.0,2026-05-29,22.84,13.89,39.19,11.45,21.31,99.48,78.58,137.67,7503338.0,False,2,G2/3,Industrials,Specialty Business Services,United States,566275840.0,62377000.0,-52565752.0,-5.9,37.9,-107.31,-145.22,-84.27,,-61.72,4,ok,SPIR,Yahoo Finance via yfinance,ok,P3 持续亏损,26.54,12.65,31.18,8.01,industry:Specialty Business Services,39.4,-0.21,31.18,8.01,industry:Specialty Business Services
IDR,"Idaho Strategic Resources, Inc.",2025-08-01,2026-08-20,100.0,2026-05-08,49.09,31.12,36.61,44.36,-29.85,10.66,379.92,184.91,7377146.0,False,2,G2/3,Basic Materials,Gold,United States,517040960.0,50865600.0,-7524457.0,13.2,69.66,34.13,44.0,-14.79,31.3,25.46,5,ok,IDR,Yahoo Finance via yfinance,ok,P2 盈利改善,29.36,7.25,29.36,7.25,sector_fallback:Basic Materials,22.61,14.0,29.36,7.25,sector_fallback:Basic Materials
BRSP,"BrightSpire Capital, Inc.",2025-08-01,2026-08-20,100.0,2026-04-24,6.06,4.86,19.8,5.91,-17.77,2.54,800.0,17.44,7156016.0,False,2,G2/3,Real Estate,REIT - Mortgage,United States,621233664.0,332787008.0,-503762368.0,-3.5,64.91,35.07,-8.07,-151.38,,-3.74,4,ok,BRSP,Yahoo Finance via yfinance,ok,P-REIT 房地产口径单列,4.67,15.12,4.67,15.12,sector_fallback:Real Estate,4.67,15.12,4.67,15.12,sector_fallback:Real Estate
NAK,"Northern Dynasty Minerals, Ltd.",2025-08-01,2026-08-20,100.0,2026-05-29,2.35,1.66,29.36,2.04,-18.63,15.2,222.58,213.33,6492041.0,False,2,G2/3,Basic Materials,Other Industrial Metals & Mining,Canada,978091712.0,,10736250.0,,0.0,0.0,0.0,,,-261.27,2,sparse,NAK,Yahoo Finance via yfinance,ok,P-SPARSE 数据不足,29.36,0.0,29.36,0.0,industry:Other Industrial Metals & Mining,21.4,7.96,29.36,0.0,industry:Other Industrial Metals & Mining
PAHC,Phibro Animal Health Corporation Class A,2025-08-01,2026-08-20,100.0,2026-04-10,57.89,35.18,39.23,39.44,-10.8,46.78,123.09,121.72,6403991.0,False,2,G2/3,Healthcare,Drug Manufacturers - Specialty & Generic,United States,1473310464.0,1500043008.0,-17678250.0,10.3,32.57,12.56,6.35,-1.18,15.7,30.34,5,ok,PAHC,Yahoo Finance via yfinance,ok,P2 盈利改善,22.93,16.3,22.93,16.3,sector_fallback:Healthcare,22.61,16.62,22.93,16.3,sector_fallback:Healthcare
ASTL,Algoma Steel Group Inc. Common Shares,2025-08-01,2026-08-20,100.0,2026-05-29,5.62,4.56,18.86,4.25,7.29,32.24,77.37,9.34,6361500.0,False,2,G2/3,Basic Materials,Steel,Canada,491325856.0,1543299968.0,-291787488.0,-54.6,-45.53,-51.44,-71.61,-18.91,,-139.13,4,ok,ASTL,Yahoo Finance via yfinance,ok,P2 盈利改善,29.36,-10.5,29.36,-10.5,sector_fallback:Basic Materials,22.61,-3.75,29.36,-10.5,sector_fallback:Basic Materials
RLMD,"Relmada Therapeutics, Inc. Common Stock",2025-08-01,2026-08-20,100.0,2026-05-01,7.64,4.64,39.27,3.9,18.97,95.9,80.21,1194.04,6298238.0,False,2,G2/3,Healthcare,Biotechnology,United States,493881408.0,,-7737662.0,,0.0,0.0,0.0,,,-25.62,2,sparse,RLMD,Yahoo Finance via yfinance,ok,P-SPARSE 数据不足,22.93,16.34,22.93,16.34,industry:Biotechnology,21.4,17.87,34.02,5.25,industry×module:Biotechnology × P-SPARSE 数据不足
SRZN,"Surrozen, Inc. Common",2025-08-01,2026-08-20,100.0,2026-05-01,33.6,23.5,30.06,20.0,17.5,68.0,74.26,205.45,6270628.0,False,2,G2/3,Healthcare,Biotechnology,United States,281967840.0,11511000.0,-21751750.0,408.6,-200.38,-207.4,0.0,-188.96,,,4,ok,SRZN,Yahoo Finance via yfinance,ok,P3 持续亏损,22.93,7.13,22.93,7.13,industry:Biotechnology,39.4,-9.34,23.54,6.52,industry×module:Biotechnology × P3 持续亏损
CRNC,Cerence Inc. Common Stock,2025-08-01,2026-08-20,100.0,2026-05-29,12.86,7.95,38.18,11.56,-31.23,11.25,377.69,57.99,6225749.0,False,2,G2/3,Technology,Software - Application,United States,364555872.0,309494016.0,70745248.0,11.8,78.7,4.5,-4.97,22.86,,-9.56,4,ok,CRNC,Yahoo Finance via yfinance,ok,P2 盈利改善,33.04,5.14,28.57,9.61,industry:Software - Application,22.61,15.57,30.14,8.04,industry×module:Software - Application × P2 盈利改善
CYD,China Yuchai International Ltd.,2025-08-01,2026-08-20,100.0,2026-05-22,57.35,38.71,32.5,42.91,-9.79,33.65,129.09,156.6,5457990.0,False,2,G2/3,Consumer Cyclical,Auto Manufacturers,Singapore,,26450272256.0,,6.2,17.93,6.74,2.77,,51.9,,4,ok,CYD,Yahoo Finance via yfinance,ok,P2 盈利改善,20.62,11.88,20.62,11.88,sector_fallback:Consumer Cyclical,22.61,9.89,20.62,11.88,sector_fallback:Consumer Cyclical
ASIX,AdvanSix Inc.,2025-08-01,2026-08-20,100.0,2026-05-01,25.37,17.33,31.69,17.07,1.52,48.62,96.87,32.2,5253792.0,False,2,G2/3,Basic Materials,Chemicals,United States,463880384.0,1559888000.0,-14128250.0,2.7,7.29,2.15,-1.14,-0.91,-89.6,-2.19,5,ok,ASIX,Yahoo Finance via yfinance,ok,P2 盈利改善,29.36,2.33,31.69,0.0,industry:Chemicals,22.61,9.08,31.69,0.0,industry×module:Chemicals × P2 盈利改善
FIEE,"FiEE, Inc Common Stock",2025-08-01,2026-08-20,100.0,2026-04-10,7.6,4.7,38.16,3.65,28.77,108.22,73.42,178.39,4984907.0,False,2,G2/3,Technology,Communication Equipment,Hong Kong,38549264.0,13095827.0,-177987.0,10624.6,81.86,54.79,34.73,-1.36,,64.22,4,ok,FIEE,Yahoo Finance via yfinance,ok,P2 盈利改善,33.04,5.12,32.76,5.4,industry:Communication Equipment,22.61,15.55,32.18,5.98,industry×module:Communication Equipment × P2 盈利改善
IMTX,Immatics N.V. Ordinary Shares,2025-08-01,2026-08-20,100.0,2026-05-22,11.62,8.55,26.42,9.83,-13.02,18.21,171.51,79.32,4610824.0,False,2,G2/3,Healthcare,Biotechnology,Germany,1220641536.0,41704000.0,-129097376.0,93.0,0.0,-734.95,0.0,-309.56,,-47.8,4,ok,IMTX,Yahoo Finance via yfinance,ok,P4 持续亏损,22.93,3.49,22.93,3.49,industry:Biotechnology,34.33,-7.91,15.75,10.67,industry×module:Biotechnology × P4 持续亏损
RILY,"BRC Group Holdings, Inc. Common Stock",2025-08-01,2026-08-20,100.0,2026-05-22,10.68,6.93,35.11,8.36,-17.11,27.75,161.64,109.41,4340084.0,False,2,G2/3,Financial Services,Financial Conglomerates,United States,286222272.0,1066051008.0,,10.4,25.77,11.85,38.62,,-90.0,,4,ok,RILY,Yahoo Finance via yfinance,ok,P-FIN 金融口径单列,9.65,25.46,9.65,25.46,sector_fallback:Financial Services,9.65,25.46,9.65,25.46,sector_fallback:Financial Services
NRXP,"NRX Pharmaceuticals, Inc. Common Stock",2025-08-01,2026-08-20,100.0,2026-05-29,4.42,3.51,20.59,2.22,58.11,99.1,41.36,70.66,4329984.0,False,2,G2/3,Healthcare,Biotechnology,United States,154132928.0,3394000.0,-9639625.0,,46.64,-590.46,0.0,-284.02,,,3,ok,NRXP,Yahoo Finance via yfinance,ok,P3 持续亏损,22.93,-2.34,22.93,-2.34,industry:Biotechnology,39.4,-18.81,23.54,-2.95,industry×module:Biotechnology × P3 持续亏损
CGNT,Cognyte Software Ltd. Ordinary Shares,2025-08-01,2026-08-20,100.0,2026-05-29,11.57,8.62,25.5,9.03,-4.54,28.13,116.14,28.13,4137633.0,False,2,G2/3,Technology,Software - Infrastructure,Israel,635543360.0,409987008.0,37914124.0,10.4,72.64,4.18,-0.66,9.25,,1.14,4,ok,CGNT,Yahoo Finance via yfinance,ok,P2 盈利改善,33.04,-7.54,26.27,-0.77,industry:Software - Infrastructure,22.61,2.89,25.5,0.0,industry×module:Software - Infrastructure × P2 盈利改善
LTRX,Lantronix Inc,2025-08-01,2026-08-20,100.0,2026-05-29,7.55,6.07,19.6,6.31,-3.8,19.65,119.35,156.8,4073030.0,False,2,G2/3,Technology,Communication Equipment,United States,266759408.0,118584000.0,11643125.0,5.9,42.96,-2.62,-5.52,9.82,,-8.73,4,ok,LTRX,Yahoo Finance via yfinance,ok,P2 盈利改善,33.04,-13.44,32.76,-13.16,industry:Communication Equipment,22.61,-3.01,32.18,-12.58,industry×module:Communication Equipment × P2 盈利改善
UNCY,"Unicycive Therapeutics, Inc. Common Stock",2025-08-01,2026-08-20,100.0,2026-05-15,8.26,5.45,34.02,6.18,-11.81,33.66,135.1,96.67,4068818.0,False,2,G2/3,Healthcare,Biotechnology,United States,154222752.0,,-12716250.0,,0.0,0.0,0.0,,,-101.07,2,sparse,UNCY,Yahoo Finance via yfinance,ok,P-SPARSE 数据不足,22.93,11.09,22.93,11.09,industry:Biotechnology,21.4,12.62,34.02,0.0,industry×module:Biotechnology × P-SPARSE 数据不足
GSIT,GSI Technology,2025-08-01,2026-08-20,100.0,2026-05-29,9.925,5.95,40.05,7.85,-24.2,26.43,191.57,164.67,3817899.0,False,2,G2/3,Technology,Semiconductors,United States,230211216.0,25151000.0,-9450750.0,0.5,53.33,-85.31,-62.9,-37.58,,-24.48,4,ok,GSIT,Yahoo Finance via yfinance,ok,P2 盈利改善,33.04,7.01,35.8,4.25,industry:Semiconductors,22.61,17.44,32.88,7.17,industry×module:Semiconductors × P2 盈利改善
CBIO,"Crescent Biopharma, Inc. Common Stock",2025-08-01,2026-08-20,100.0,2026-04-24,24.8,16.23,34.56,11.08,46.48,123.83,62.46,106.67,3519114.0,False,2,G2/3,Healthcare,Biotechnology,United States,637018560.0,11883000.0,,,100.0,-1432.63,0.0,,,,2,sparse,CBIO,Yahoo Finance via yfinance,ok,P-SPARSE 数据不足,22.93,11.63,22.93,11.63,industry:Biotechnology,21.4,13.16,34.02,0.54,industry×module:Biotechnology × P-SPARSE 数据不足
EGHT,"8x8, Inc. Common Stock",2025-08-01,2026-08-20,100.0,2026-05-08,2.74,2.02,26.28,1.68,20.24,63.1,67.92,46.52,3489784.0,False,2,G2/3,Technology,Software - Application,United States,290315360.0,744561024.0,71902000.0,4.9,63.26,2.3,0.64,9.66,,3.45,4,ok,EGHT,Yahoo Finance via yfinance,ok,P2 盈利改善,33.04,-6.76,28.57,-2.29,industry:Software - Application,22.61,3.67,30.14,-3.86,industry×module:Software - Application × P2 盈利改善
NPCE,"Neuropace, Inc. Common Stock",2025-08-01,2026-08-20,100.0,2026-05-08,18.35,14.02,23.6,16.71,-16.1,9.81,264.02,104.12,3329021.0,False,2,G2/3,Healthcare,Medical Devices,United States,481569536.0,106993000.0,-2629250.0,17.1,77.38,-22.53,-17.86,-2.46,,-103.27,4,ok,NPCE,Yahoo Finance via yfinance,ok,P2 盈利改善,22.93,0.67,41.42,-17.82,industry:Medical Devices,22.61,0.99,41.42,-17.82,industry:Medical Devices
VTVT,vTv Therapeutics Inc. Class A Common Stock,2025-08-01,2026-08-20,100.0,2026-04-02,41.17,33.08,19.65,35.575,-7.01,15.73,144.59,182.47,3261518.0,False,2,G2/3,Healthcare,Biotechnology,United States,131487880.0,36839000.0,674375.0,,22.16,-25.11,-12.91,1.83,,-15.8,3,ok,VTVT,Yahoo Finance via yfinance,ok,P2 盈利改善,22.93,-3.28,22.93,-3.28,industry:Biotechnology,22.61,-2.96,19.65,0.0,industry×module:Biotechnology × P2 盈利改善
IRD,"Opus Genetics, Inc. Common Stock",2025-08-01,2026-08-20,100.0,2026-04-17,5.75,4.12,28.35,2.12,94.34,171.23,44.9,437.38,2990776.0,False,2,G2/3,Healthcare,Biotechnology,United States,336943104.0,9856000.0,-38555752.0,-73.8,-291.85,-2182.78,0.0,-391.19,,-4796.52,4,ok,IRD,Yahoo Finance via yfinance,ok,P4 持续亏损,22.93,5.42,22.93,5.42,industry:Biotechnology,34.33,-5.98,15.75,12.6,industry×module:Biotechnology × P4 持续亏损
CXDO,CREXENDO INC,2025-08-01,2026-08-20,100.0,2026-05-15,9.89,6.29,36.4,7.0,-10.14,41.29,124.57,86.6,2699616.0,False,2,G2/3,Communication Services,Telecom Services,United States,212491712.0,80914000.0,10259000.0,48.9,62.9,5.01,5.31,12.68,-25.0,6.3,5,ok,CXDO,Yahoo Finance via yfinance,ok,P2 盈利改善,27.41,8.98,36.4,0.0,industry:Telecom Services,22.61,13.79,36.4,0.0,industry×module:Telecom Services × P2 盈利改善
BKTI,BK Technologies Corporation,2025-08-01,2026-08-20,100.0,2026-04-17,95.98,78.03,18.7,78.12,-0.12,22.86,100.5,155.13,2658942.0,False,2,G2/3,Technology,Communication Equipment,United States,294012352.0,90627000.0,12903000.0,10.6,50.99,16.35,15.0,14.24,-17.7,30.64,5,ok,BKTI,Yahoo Finance via yfinance,ok,P2 盈利改善,33.04,-14.34,32.76,-14.06,industry:Communication Equipment,22.61,-3.91,32.18,-13.48,industry×module:Communication Equipment × P2 盈利改善
MGRT,Mega Fortune Company Limited Ordinary Shares,2025-08-01,2026-08-20,100.0,2026-05-08,138.0,98.81,28.4,6.1,1519.84,2162.3,29.71,4133.13,2408385.0,False,2,G2/3,Technology,Information Technology Services,Hong Kong,1326737408.0,11085548.0,-7017557.0,308.8,50.68,21.18,16.13,-63.3,144.3,21.13,5,ok,MGRT,Yahoo Finance via yfinance,ok,P2 盈利改善,33.04,-4.64,39.4,-11.0,industry:Information Technology Services,22.61,5.79,39.4,-11.0,industry:Information Technology Services
GLRE,"Greenlight Captial RE, LTD. Class A",2025-08-01,2026-08-20,100.0,2026-04-24,19.0,15.38,19.05,13.87,10.89,36.99,70.57,48.9,2315089.0,False,2,G2/3,Financial Services,Insurance - Reinsurance,Cayman Islands,499086144.0,691126976.0,234373504.0,-10.3,12.39,-20.78,7.38,33.91,,7.5,4,ok,GLRE,Yahoo Finance via yfinance,ok,P-FIN 金融口径单列,9.65,9.4,9.65,9.4,sector_fallback:Financial Services,9.65,9.4,9.65,9.4,sector_fallback:Financial Services
RDCM,Radcom Ltd.,2025-08-01,2026-08-20,100.0,2026-05-08,16.14,10.19,36.86,12.845,-20.67,25.65,180.58,23.3,2251933.0,False,2,G2/3,Communication Services,Telecom Services,Israel,172740048.0,67590000.0,,-33.4,76.64,-31.95,10.47,,,6.39,3,ok,RDCM,Yahoo Finance via yfinance,ok,P2 盈利改善,27.41,9.45,36.4,0.46,industry:Telecom Services,22.61,14.25,36.4,0.46,industry×module:Telecom Services × P2 盈利改善
SSP,The E.W. Scripps Company,2025-08-01,2026-08-20,100.0,2026-05-01,4.97,3.29,33.8,3.6,-8.61,38.06,122.63,71.38,2032095.0,False,2,G2/3,Communication Services,Broadcasting,United States,303027616.0,2093380992.0,92383376.0,-9.2,40.36,2.74,-58.02,4.41,,-174.66,4,ok,SSP,Yahoo Finance via yfinance,ok,P2 盈利改善,27.41,6.38,27.41,6.38,sector_fallback:Communication Services,22.61,11.19,27.41,6.38,sector_fallback:Communication Services
IFRX,InflaRx N.V. Common Stock,2025-08-01,2026-08-20,100.0,2026-05-22,2.61,2.02,22.61,1.01,100.0,158.42,36.88,203.49,1732673.0,False,2,G2/3,Healthcare,Biotechnology,Germany,309473248.0,-10101.0,-4312136.0,,0.0,352965.0,0.0,42690.19,,-38.52,3,ok,IFRX,Yahoo Finance via yfinance,ok,P2 盈利改善,22.93,-0.32,22.93,-0.32,industry:Biotechnology,22.61,0.0,19.65,2.96,industry×module:Biotechnology × P2 盈利改善
KVHI,KVH Industries Inc,2025-08-01,2026-08-20,100.0,2026-05-22,11.69,7.89,32.51,7.07,11.6,65.35,82.25,122.67,1553476.0,False,2,G2/3,Communication Services,Telecom Services,United States,139685408.0,125013000.0,7923000.0,26.7,25.07,-0.22,-4.68,6.34,-82.5,-4.35,5,ok,KVHI,Yahoo Finance via yfinance,ok,P2 盈利改善,27.41,5.09,36.4,-3.89,industry:Telecom Services,22.61,9.9,36.4,-3.89,industry×module:Telecom Services × P2 盈利改善
TG,Tredegar Corporation,2025-08-01,2026-08-20,100.0,2026-05-08,10.35,7.86,24.06,8.3,-5.3,24.7,121.46,23.21,1420669.0,False,2,G2/3,Industrials,Metal Fabrication,United States,277560224.0,781745024.0,15962500.0,20.8,14.57,4.05,4.26,2.04,258.3,15.47,5,ok,TG,Yahoo Finance via yfinance,ok,P2 盈利改善,26.54,-2.48,26.54,-2.48,sector_fallback:Industrials,22.61,1.45,26.54,-2.48,sector_fallback:Industrials
KEN,KENON HOLDINGS LTD.,2025-08-01,2026-08-20,100.0,2026-05-01,93.04,65.2,29.92,69.49,-6.17,33.89,118.22,98.89,1396788.0,False,2,G2/3,Utilities,Utilities - Independent Power Producers,Singapore,,1005929024.0,71370248.0,73.2,24.07,1.26,7.98,7.09,122.7,5.2,5,ok,KEN,Yahoo Finance via yfinance,ok,P2 盈利改善,11.23,18.69,11.23,18.69,sector_fallback:Utilities,22.61,7.31,11.23,18.69,sector_fallback:Utilities
NKTX,"Nkarta, Inc. Common Stock",2025-08-01,2026-08-20,100.0,2026-04-17,3.47,2.47,28.82,2.09,18.18,66.03,72.46,63.68,1357867.0,False,2,G2/3,Healthcare,Biotechnology,United States,190521952.0,,-55131500.0,,0.0,0.0,0.0,,,-38.76,2,sparse,NKTX,Yahoo Finance via yfinance,ok,P-SPARSE 数据不足,22.93,5.89,22.93,5.89,industry:Biotechnology,21.4,7.42,34.02,-5.2,industry×module:Biotechnology × P-SPARSE 数据不足
NYAX,Nayax Ltd. Ordinary Shares,2025-08-01,2026-08-20,100.0,2026-05-29,75.81,47.38,37.5,56.115,-15.57,35.1,144.35,77.75,1255184.0,False,2,G2/3,Technology,Software - Infrastructure,Israel,1738831104.0,453180000.0,-36979752.0,28.2,47.8,-5.43,1.74,-8.16,,3.52,4,ok,NYAX,Yahoo Finance via yfinance,ok,P2 盈利改善,33.04,4.46,26.27,11.23,industry:Software - Infrastructure,22.61,14.89,25.5,12.0,industry×module:Software - Infrastructure × P2 盈利改善
VFS,VinFast Auto Ltd. Ordinary Shares,2025-08-01,2026-08-20,100.0,2026-04-02,4.54,3.12,31.28,3.38,-7.69,34.32,122.41,33.92,1174258.0,False,2,G2/3,Consumer Cyclical,Auto Manufacturers,Vietnam,7275957248.0,,-53250812280832.0,41.7,-53.8,0.0,-113.19,,,,3,ok,VFS,Yahoo Finance via yfinance,ok,P2 盈利改善,20.62,10.66,20.62,10.66,sector_fallback:Consumer Cyclical,22.61,8.67,20.62,10.66,sector_fallback:Consumer Cyclical
IPSC,"Century Therapeutics, Inc. Common Stock",2025-08-01,2026-08-20,100.0,2026-04-17,2.6,2.02,22.31,1.94,4.12,34.02,87.88,388.81,1155548.0,False,2,G2/3,Healthcare,Biotechnology,United States,374825920.0,0.0,-50405624.0,,0.0,0.0,0.0,,,-49.65,2,sparse,IPSC,Yahoo Finance via yfinance,ok,P-SPARSE 数据不足,22.93,-0.62,22.93,-0.62,industry:Biotechnology,21.4,0.91,34.02,-11.71,industry×module:Biotechnology × P-SPARSE 数据不足
IPWR,Ideal Power Inc.,2025-08-01,2026-08-20,100.0,2026-05-29,7.44,4.79,35.62,3.78,26.72,96.83,72.4,71.43,987669.0,False,2,G2/3,Technology,Semiconductors,United States,78064608.0,30250.0,-5296367.0,354.9,0.57,-58758.88,0.0,-17508.65,,-43.05,4,ok,IPWR,Yahoo Finance via yfinance,ok,P4 持续亏损,33.04,2.58,35.8,-0.18,industry:Semiconductors,34.33,1.29,35.8,-0.18,industry:Semiconductors
AP,Ampco-Pittsburgh Corp.,2025-08-01,2026-08-20,100.0,2026-05-08,12.2,8.44,30.82,5.57,51.53,119.03,56.71,293.55,969604.0,False,2,G2/3,Industrials,Metal Fabrication,United States,181795856.0,428041984.0,7202875.0,-9.0,18.92,6.41,-13.84,1.68,,-90.9,4,ok,AP,Yahoo Finance via yfinance,ok,P2 盈利改善,26.54,4.28,26.54,4.28,sector_fallback:Industrials,22.61,8.21,26.54,4.28,sector_fallback:Industrials
PLRZ,Polyrizon Ltd. Ordinary Shares,2025-08-01,2026-08-20,100.0,2026-05-29,17.17,10.49,38.91,12.79,-17.98,34.25,152.51,162.54,915524.0,False,2,G2/3,Healthcare,Biotechnology,Israel,21464984.0,,-2566625.0,,0.0,0.0,0.0,,,-25.38,2,sparse,PLRZ,Yahoo Finance via yfinance,ok,P-SPARSE 数据不足,22.93,15.98,22.93,15.98,industry:Biotechnology,21.4,17.51,34.02,4.89,industry×module:Biotechnology × P-SPARSE 数据不足
PIII,P3 Health Partners Inc. Common Stock,2025-08-01,2026-08-20,100.0,2026-05-22,13.2,10.34,21.67,3.2,223.12,312.5,28.6,79.59,808809.0,False,2,G2/3,Healthcare,Medical Care Facilities,United States,2060648960.0,1502838016.0,-124252248.0,8.6,4.7,10.67,-6.55,-8.27,,-192.58,4,ok,PIII,Yahoo Finance via yfinance,ok,P2 盈利改善,22.93,-1.26,22.93,-1.26,sector_fallback:Healthcare,22.61,-0.94,22.93,-1.26,sector_fallback:Healthcare
BMEA,"Biomea Fusion, Inc. Common Stock",2025-08-01,2026-08-20,100.0,2026-04-17,2.21,1.36,38.46,1.34,1.49,64.93,97.7,40.76,667444.0,False,2,G2/3,Healthcare,Biotechnology,United States,99050232.0,,-27796876.0,,0.0,0.0,0.0,,,-164.14,2,sparse,BMEA,Yahoo Finance via yfinance,ok,P-SPARSE 数据不足,22.93,15.53,22.93,15.53,industry:Biotechnology,21.4,17.06,34.02,4.44,industry×module:Biotechnology × P-SPARSE 数据不足
NRXS,"Neuraxis, Inc.",2025-08-01,2026-08-20,100.0,2026-05-08,8.2,6.27,23.54,4.57,37.2,79.43,53.17,228.0,661550.0,False,2,G2/3,Healthcare,Biotechnology,United States,77230256.0,5316119.0,-3154924.0,115.7,85.56,-110.16,-144.44,-59.35,,-139.76,4,ok,NRXS,Yahoo Finance via yfinance,ok,P3 持续亏损,22.93,0.61,22.93,0.61,industry:Biotechnology,39.4,-15.86,23.54,0.0,industry×module:Biotechnology × P3 持续亏损
DTI,Drilling Tools International Corporation Common Stock,2025-08-01,2026-08-20,100.0,2026-04-02,4.36,2.64,39.45,3.46,-23.7,26.01,191.11,111.65,563345.0,False,2,G2/3,Energy,Oil & Gas Equipment & Services,United States,92086600.0,153356000.0,3877125.0,-3.4,72.51,-2.03,-1.97,2.53,,-2.49,4,ok,DTI,Yahoo Finance via yfinance,ok,P2 盈利改善,11.18,28.28,18.69,20.76,industry:Oil & Gas Equipment & Services,22.61,16.84,18.69,20.76,industry×module:Oil & Gas Equipment & Services × P2 盈利改善
OKUR,"OnKure Therapeutics, Inc. Class A Common Stock",2025-08-01,2026-08-20,100.0,2026-04-17,5.0,3.93,21.4,2.96,32.77,68.92,52.45,127.27,552324.0,False,2,G2/3,Healthcare,Biotechnology,United States,159555456.0,,-27106500.0,,0.0,0.0,0.0,,,-46.91,2,sparse,OKUR,Yahoo Finance via yfinance,ok,P-SPARSE 数据不足,22.93,-1.53,22.93,-1.53,industry:Biotechnology,21.4,0.0,34.02,-12.62,industry×module:Biotechnology × P-SPARSE 数据不足
RDNW,"RideNow Group, Inc. Class B Common Stock",2025-08-15,2026-08-20,96.4,2026-05-29,8.07,5.97,26.02,5.92,0.84,36.32,97.67,172.64,489200.0,False,2,G2/3,Consumer Cyclical,Auto & Truck Dealerships,United States,232896192.0,1095100032.0,-24812500.0,-1.0,27.7,6.03,-0.76,-2.27,,,4,ok,RDNW,Yahoo Finance via yfinance,ok,P2 盈利改善,20.62,5.4,20.62,5.4,sector_fallback:Consumer Cyclical,22.61,3.41,20.62,5.4,sector_fallback:Consumer Cyclical
AIRG,"Airgain, Inc. Common Stock",2025-08-01,2026-08-20,100.0,2026-05-01,7.19,5.33,25.87,4.22,26.3,70.38,62.63,63.04,397805.0,False,2,G2/3,Technology,Communication Equipment,United States,68195696.0,51352000.0,-748875.0,0.6,43.44,-12.3,-13.65,-1.46,,-23.72,4,ok,AIRG,Yahoo Finance via yfinance,ok,P2 盈利改善,33.04,-7.17,32.76,-6.89,industry:Communication Equipment,22.61,3.26,32.18,-6.31,industry×module:Communication Equipment × P2 盈利改善
LEE,"Lee Enterprises, Inc.",2025-08-01,2026-08-20,100.0,2026-05-29,10.91,8.44,22.64,5.09,65.82,114.34,42.44,135.13,383455.0,False,2,G2/3,Communication Services,Publishing,United States,182348928.0,517102016.0,26446624.0,-10.8,60.72,11.06,-1.84,5.11,,,4,ok,LEE,Yahoo Finance via yfinance,ok,P2 盈利改善,27.41,-4.77,27.41,-4.77,sector_fallback:Communication Services,22.61,0.03,27.41,-4.77,sector_fallback:Communication Services
GRO,Brazil Potash Corp.,2025-08-01,2026-08-20,100.0,2026-04-02,3.67,2.49,32.15,2.52,-1.19,45.63,102.61,133.76,378957.0,False,2,G2/3,Basic Materials,Other Industrial Metals & Mining,Canada,153007152.0,,-13886951.0,,0.0,0.0,0.0,,,-15.84,2,sparse,GRO,Yahoo Finance via yfinance,ok,P-SPARSE 数据不足,29.36,2.79,29.36,2.79,industry:Other Industrial Metals & Mining,21.4,10.75,29.36,2.79,industry:Other Industrial Metals & Mining
VRA,"Vera Bradley, Inc.",2025-08-01,2026-08-20,100.0,2026-05-08,4.14,3.04,26.57,2.58,17.83,60.47,70.51,113.4,371014.0,False,2,G2/3,Consumer Cyclical,Footwear & Accessories,United States,89580496.0,273700992.0,28488624.0,7.8,47.9,-6.34,-7.02,10.41,,-14.09,4,ok,VRA,Yahoo Finance via yfinance,ok,P2 盈利改善,20.62,5.95,20.62,5.95,sector_fallback:Consumer Cyclical,22.61,3.96,20.62,5.95,sector_fallback:Consumer Cyclical
SHIM,Shimmick Corporation Common Stock,2025-08-01,2026-08-20,100.0,2026-04-24,5.91,3.89,34.18,3.59,8.36,64.62,87.07,253.89,365997.0,False,2,G2/3,Industrials,Engineering & Construction,United States,155422704.0,436980992.0,-60416500.0,-17.0,10.1,-3.51,-3.81,-13.83,,,4,ok,SHIM,Yahoo Finance via yfinance,ok,P2 盈利改善,26.54,7.64,20.48,13.7,industry:Engineering & Construction,22.61,11.57,20.48,13.7,industry×module:Engineering & Construction × P2 盈利改善
NCSM,"NCS Multistage Holdings, Inc.",2025-08-01,2026-08-20,100.0,2026-04-24,78.77,50.1,36.4,39.65,26.36,98.66,73.29,148.96,291537.0,False,2,G2/3,Energy,Oil & Gas Equipment & Services,United States,130779984.0,181168992.0,15579250.0,5.2,40.12,-14.6,7.61,8.6,,14.04,4,ok,NCSM,Yahoo Finance via yfinance,ok,P2 盈利改善,11.18,25.22,18.69,17.71,industry:Oil & Gas Equipment & Services,22.61,13.79,18.69,17.71,industry×module:Oil & Gas Equipment & Services × P2 盈利改善
DIT,AMCON Distributing Co.,2025-08-01,2026-08-19,94.6,2026-04-17,95.59,67.0,29.91,72.4734,-7.55,31.9,123.68,31.52,250519.0,False,2,G2/3,Consumer Defensive,Food Distribution,United States,,2437844480.0,-3103518.0,13.3,7.8,0.66,0.07,-0.13,100.7,1.57,5,ok,DIT,Yahoo Finance via yfinance,ok,P2 盈利改善,14.59,15.32,14.59,15.32,sector_fallback:Consumer Defensive,22.61,7.3,14.59,15.32,sector_fallback:Consumer Defensive
MSGM,Motorsport Games Inc. Class A Common Stock,2025-08-01,2026-08-20,100.0,2026-05-08,4.9,3.8,22.45,3.32,14.46,47.59,69.62,63.88,247290.0,False,2,G2/3,Communication Services,Electronic Gaming & Multimedia,United States,18148712.0,14518856.0,3484662.0,36.6,83.92,18.03,16.16,24.0,-90.2,51.4,5,ok,MSGM,Yahoo Finance via yfinance,ok,P2 盈利改善,27.41,-4.96,27.41,-4.96,sector_fallback:Communication Services,22.61,-0.16,27.41,-4.96,sector_fallback:Communication Services
APT,"Alpha Pro Tech, Ltd.",2025-08-01,2026-08-20,100.0,2026-05-08,6.44,5.21,19.1,4.73,10.15,36.15,71.93,33.33,216662.0,False,2,G2/3,Industrials,Building Products & Equipment,Canada,53174396.0,61907000.0,4460250.0,12.0,37.5,9.28,6.79,7.2,52.0,6.61,5,ok,APT,Yahoo Finance via yfinance,ok,P2 盈利改善,26.54,-7.44,26.54,-7.44,sector_fallback:Industrials,22.61,-3.51,26.54,-7.44,sector_fallback:Industrials
WILC,G Willi-Food International Ltd,2025-08-01,2026-08-20,100.0,2026-05-29,36.9,28.89,21.71,29.13,-0.82,26.67,103.09,74.39,195943.0,False,2,G2/3,Consumer Defensive,Food Distribution,Israel,387710752.0,,49162500.0,0.0,30.05,0.0,12.88,,-31.8,12.24,4,ok,WILC,Yahoo Finance via yfinance,ok,P2 盈利改善,14.59,7.12,14.59,7.12,sector_fallback:Consumer Defensive,22.61,-0.9,14.59,7.12,sector_fallback:Consumer Defensive
MYSE,"Myseum.AI, Inc. Common Stock",2025-08-15,2026-08-20,96.4,2026-04-17,3.81,2.73,28.35,1.88,45.21,102.66,55.96,104.29,184871.0,False,2,G2/3,Technology,Software - Application,United States,14290182.0,499.0,-3374415.0,-52.6,0.0,-5817057.0,0.0,-676235.47,,-153.25,4,ok,MYSE,Yahoo Finance via yfinance,ok,P4 持续亏损,33.04,-4.69,28.57,-0.22,industry:Software - Application,34.33,-5.98,28.57,-0.22,industry:Software - Application
DAIO,Data I/O Corp,2025-08-01,2026-08-20,100.0,2026-05-29,4.23,2.97,29.79,3.22,-7.76,31.37,124.75,33.86,152512.0,False,2,G2/3,Technology,Electronic Components,United States,30875012.0,17775000.0,-5371125.0,-13.4,50.59,-14.06,-50.13,-30.22,,-61.25,4,ok,DAIO,Yahoo Finance via yfinance,ok,P2 盈利改善,33.04,-3.25,29.58,0.21,industry:Electronic Components,22.61,7.18,29.58,0.21,industry×module:Electronic Components × P2 盈利改善
TORO,Toro Corp. Common Stock,2025-08-01,2026-08-20,100.0,2026-05-01,7.68,6.0,21.88,5.38,11.52,42.75,73.04,162.12,146387.0,False,2,G2/3,Energy,Oil & Gas Midstream,Cyprus,212885456.0,21505948.0,-49836168.0,7.7,53.36,-24.8,22.67,-231.73,,1.45,4,ok,TORO,Yahoo Finance via yfinance,ok,P2 盈利改善,11.18,10.7,8.36,13.52,industry:Oil & Gas Midstream,22.61,-0.73,8.51,13.37,industry×module:Oil & Gas Midstream × P2 盈利改善
CYCN,"Cyclerion Therapeutics, Inc. Common Stock",2025-08-01,2026-08-20,100.0,2026-04-02,6.15,4.07,33.82,1.36,199.26,352.21,43.42,137.12,108445.0,False,2,G2/3,Healthcare,Biotechnology,United States,18210456.0,1900000.0,-2075000.0,,15.95,-359.16,0.0,-109.21,,-98.22,3,ok,CYCN,Yahoo Finance via yfinance,ok,P3 持续亏损,22.93,10.89,22.93,10.89,industry:Biotechnology,39.4,-5.58,23.54,10.28,industry×module:Biotechnology × P3 持续亏损
RILYL,"BRC Group Holdings, Inc. Depositary Shares each representing 1/1000th in a share of 7.375% Series B Cumulative Perpetual Preferred Stock, par value $0.0001",2025-08-01,2026-08-20,100.0,2026-05-22,17.47,13.22,24.33,10.72,23.32,62.97,62.96,161.14,107717.0,False,2,G2/3,Financial Services,Financial Conglomerates,United States,,1066051008.0,,10.4,25.77,11.85,38.62,,-90.0,,4,ok,RILYL,Yahoo Finance via yfinance,ok,P-FIN 金融口径单列,9.65,14.68,9.65,14.68,sector_fallback:Financial Services,9.65,14.68,9.65,14.68,sector_fallback:Financial Services
SMSI,Smith Micro Software Inc,2025-08-01,2026-08-20,100.0,2026-05-01,4.35,2.97,31.72,2.9005,2.4,49.97,95.21,24.46,91018.0,False,2,G2/3,Technology,Software - Application,United States,16657843.0,16884000.0,-2101625.0,-1.8,77.5,-54.57,-92.59,-12.45,,-78.66,4,ok,SMSI,Yahoo Finance via yfinance,ok,P2 盈利改善,33.04,-1.32,28.57,3.15,industry:Software - Application,22.61,9.11,30.14,1.57,industry×module:Software - Application × P2 盈利改善
DLHC,DLH Holdings Corp.,2025-08-01,2026-08-20,100.0,2026-04-17,6.36,4.53,28.77,5.78,-21.63,10.03,315.52,15.22,84803.0,False,2,G2/3,Industrials,Specialty Business Services,United States,65653452.0,253543008.0,21565376.0,-46.9,18.14,-8.89,-8.51,8.51,,-20.84,4,ok,DLHC,Yahoo Finance via yfinance,ok,P2 盈利改善,26.54,2.23,31.18,-2.41,industry:Specialty Business Services,22.61,6.16,29.98,-1.21,industry×module:Specialty Business Services × P2 盈利改善
JL,J-Long Group Limited Class A Ordinary Shares,2025-08-01,2026-08-20,100.0,2026-04-02,7.04,4.7,33.24,5.24,-10.31,34.35,130.0,15.98,76111.0,False,2,G2/3,Consumer Cyclical,Apparel Manufacturing,Hong Kong,17942938.0,42228756.0,3696551.0,-2.6,33.96,2.55,6.55,8.75,,17.67,4,ok,JL,Yahoo Finance via yfinance,ok,P2 盈利改善,20.62,12.62,20.62,12.62,sector_fallback:Consumer Cyclical,22.61,10.63,20.62,12.62,sector_fallback:Consumer Cyclical
GIFT,"Giftify, Inc. Common Stock",2025-08-01,2026-08-20,100.0,2026-04-17,1.24,0.8552,31.03,1.08,-20.81,14.81,240.5,16.98,75654.0,False,2,G2/3,Communication Services,Internet Content & Information,United States,29973240.0,83108400.0,1394541.0,4.0,19.37,-5.77,-10.32,1.68,,-40.23,4,ok,GIFT,Yahoo Finance via yfinance,ok,P2 盈利改善,27.41,3.62,31.03,0.0,industry:Internet Content & Information,22.61,8.42,38.5,-7.47,industry×module:Internet Content & Information × P2 盈利改善
WFCF,"Where Food Comes From, Inc. Common Stock",2025-08-01,2026-08-20,100.0,2026-05-08,16.75,13.31,20.54,11.346,17.31,47.63,63.66,48.89,64203.0,False,2,G2/3,Industrials,Specialty Business Services,United States,62246288.0,25033000.0,1156500.0,0.7,38.27,10.06,5.78,4.62,-25.0,15.41,5,ok,WFCF,Yahoo Finance via yfinance,ok,P2 盈利改善,26.54,-6.0,31.18,-10.64,industry:Specialty Business Services,22.61,-2.07,29.98,-9.44,industry×module:Specialty Business Services × P2 盈利改善
PFAI,Pinnacle Food Group Limited Class A Common Shares,2025-08-01,2026-08-19,100.0,2026-05-08,4.0499,3.0,25.92,2.17,38.25,86.63,55.85,124.99,46352.0,False,2,G2/3,Consumer Defensive,Farm Products,Canada,35209740.0,3413062.0,-4933354.0,-3.3,39.44,-37.14,-55.78,-144.54,,-42.73,4,ok,PFAI,Yahoo Finance via yfinance,ok,P2 盈利改善,14.59,11.33,14.59,11.33,industry:Farm Products,22.61,3.31,14.59,11.33,industry×module:Farm Products × P2 盈利改善
RKLB,Rocket Lab Corporation Common Stock,2025-08-01,2026-08-20,100.0,2026-05-29,143.48,72.95,49.16,84.85,-14.02,69.1,120.3,220.2,1409104269.0,True,3,G3/3,Industrials,Aerospace & Defense,United States,46402056192.0,769145984.0,-251963632.0,62.0,37.26,-24.57,-21.51,-32.76,,-7.92,4,ok,RKLB,Yahoo Finance via yfinance,ok,P2 盈利改善,26.54,22.62,50.05,-0.89,industry:Aerospace & Defense,22.61,26.55,50.05,-0.89,industry×module:Aerospace & Defense × P2 盈利改善
AXTI,AXT Inc,2025-08-01,2026-08-20,100.0,2026-05-22,140.83,73.12,48.08,18.54,294.39,659.6,55.37,7234.9,937787614.0,True,3,G3/3,Technology,Semiconductor Equipment & Materials,United States,4638648832.0,125509000.0,-44417000.0,164.8,32.18,21.9,3.23,-35.39,,1.01,4,ok,AXTI,Yahoo Finance via yfinance,ok,P2 盈利改善,33.04,15.04,43.77,4.31,industry:Semiconductor Equipment & Materials,22.61,25.47,43.77,4.31,industry:Semiconductor Equipment & Materials
NXT,Nextpower Inc. Class A Common Stock,2025-08-01,2026-08-20,100.0,2026-05-29,156.4,87.86,43.82,96.36,-8.82,62.31,114.16,176.47,271808447.0,True,3,G3/3,Technology,Solar,United States,13240553472.0,3630307072.0,324051264.0,8.2,22.98,20.86,16.36,8.93,2.9,27.22,5,ok,NXT,Yahoo Finance via yfinance,ok,P2 盈利改善,33.04,10.78,43.86,-0.04,industry:Solar,22.61,21.21,43.86,-0.04,industry×module:Solar × P2 盈利改善
RMBS,Rambus Inc,2025-08-01,2026-08-20,100.0,2026-04-24,158.4,92.15,41.82,107.99,-14.67,46.68,131.42,118.75,241160962.0,True,3,G3/3,Technology,Semiconductors,United States,9896036352.0,756331008.0,202302368.0,20.4,80.36,36.67,31.69,26.75,15.1,17.79,5,ok,RMBS,Yahoo Finance via yfinance,ok,P2 盈利改善,33.04,8.78,35.8,6.02,industry:Semiconductors,22.61,19.21,32.88,8.94,industry×module:Semiconductors × P2 盈利改善
RDW,Redwire Corporation,2025-08-01,2026-08-20,100.0,2026-05-29,24.57,11.77,52.1,11.71,0.51,109.82,99.53,77.14,205007383.0,True,3,G3/3,Industrials,Aerospace & Defense,United States,3004911360.0,426272000.0,-25958376.0,89.6,22.73,-18.86,-57.26,-6.09,,-18.15,4,ok,RDW,Yahoo Finance via yfinance,ok,P2 盈利改善,26.54,25.56,50.05,2.05,industry:Aerospace & Defense,22.61,29.49,50.05,2.05,industry×module:Aerospace & Defense × P2 盈利改善
TE,T1 Energy Inc.,2025-08-01,2026-08-20,100.0,2026-05-29,10.56,4.36,58.71,8.17,-46.63,29.25,259.41,810.34,186516989.0,False,3,G3/3,Industrials,Electrical Equipment & Parts,United States,1301809664.0,996851008.0,-122719128.0,88.4,5.9,-18.86,-38.48,-12.31,,-124.45,4,ok,TE,Yahoo Finance via yfinance,ok,P2 盈利改善,26.54,32.17,36.2,22.51,industry:Electrical Equipment & Parts,22.61,36.1,36.2,22.51,industry×module:Electrical Equipment & Parts × P2 盈利改善
NVTS,Navitas Semiconductor Corporation Common Stock,2025-08-01,2026-08-20,100.0,2026-05-22,29.25,12.97,55.66,10.07,28.8,190.47,84.88,267.46,185024969.0,True,3,G3/3,Technology,Semiconductors,United States,3386382592.0,36535000.0,-3814750.0,-27.3,38.12,-254.97,0.0,-10.44,,-52.6,4,ok,NVTS,Yahoo Finance via yfinance,ok,P3 持续亏损,33.04,22.62,35.8,19.86,industry:Semiconductors,39.4,16.26,35.8,19.86,industry:Semiconductors
ENPH,"Enphase Energy, Inc.",2025-08-01,2026-08-20,100.0,2026-05-29,68.36,38.36,43.89,35.22,8.92,94.09,90.53,117.5,178785177.0,True,3,G3/3,Technology,Solar,United States,5102105088.0,1328502016.0,78322752.0,-19.6,30.04,17.98,10.09,5.9,-3.5,13.0,5,ok,ENPH,Yahoo Finance via yfinance,ok,P2 盈利改善,33.04,10.85,43.86,0.03,industry:Solar,22.61,21.28,43.86,0.03,industry×module:Solar × P2 盈利改善
LUNR,"Intuitive Machines, Inc. Class A Common Stock",2025-08-01,2026-08-20,100.0,2026-05-29,43.83,17.93,59.09,18.99,-5.58,130.81,104.27,313.1,178782270.0,True,3,G3/3,Industrials,Aerospace & Defense,United States,2939486208.0,490120000.0,-79995872.0,309.8,16.35,-18.1,-26.64,-16.32,,-30.77,4,ok,LUNR,Yahoo Finance via yfinance,ok,P2 盈利改善,26.54,32.55,50.05,9.04,industry:Aerospace & Defense,22.61,36.48,50.05,9.04,industry×module:Aerospace & Defense × P2 盈利改善
WOLF,"Wolfspeed, Inc.",2025-08-01,2026-08-20,100.0,2026-05-22,69.89,26.35,62.3,18.6,41.67,275.75,84.89,4498.03,137266708.0,True,3,G3/3,Technology,Semiconductors,United States,1338801280.0,665100032.0,326237504.0,-24.1,-28.24,-31.62,0.66,49.05,,1.82,4,ok,WOLF,Yahoo Finance via yfinance,ok,P2 盈利改善,33.04,29.26,35.8,26.5,industry:Semiconductors,22.61,39.69,32.88,29.42,industry×module:Semiconductors × P2 盈利改善
SEDG,"SolarEdge Technologies, Inc.",2025-08-01,2026-08-20,100.0,2026-05-29,76.35,30.9,59.53,32.89,-6.05,132.14,104.58,198.83,136774939.0,True,3,G3/3,Technology,Solar,Israel,1896838784.0,1332280960.0,122062496.0,19.6,22.25,-2.68,-20.29,9.16,,-58.42,4,ok,SEDG,Yahoo Finance via yfinance,ok,P2 盈利改善,33.04,26.49,43.86,15.67,industry:Solar,22.61,36.92,43.86,15.67,industry×module:Solar × P2 盈利改善
PLUG,Plug Power Inc.,2025-08-01,2026-08-20,100.0,2026-05-29,3.95,2.2,44.3,2.23,-1.35,77.13,101.74,182.14,136046333.0,False,3,G3/3,Industrials,Electrical Equipment & Parts,United States,3171633152.0,744086976.0,-247099376.0,2.5,-24.75,-24.88,-220.59,-33.21,,-144.96,4,ok,PLUG,Yahoo Finance via yfinance,ok,P2 盈利改善,26.54,17.76,36.2,8.1,industry:Electrical Equipment & Parts,22.61,21.69,36.2,8.1,industry×module:Electrical Equipment & Parts × P2 盈利改善
PL,Planet Labs PBC,2025-08-01,2026-08-20,100.0,2026-05-29,51.14,22.17,56.65,24.97,-11.21,104.81,110.7,727.51,131801874.0,True,3,G3/3,Industrials,Aerospace & Defense,United States,7944212480.0,335612000.0,84853752.0,42.1,55.58,-30.46,-111.17,25.28,,-83.98,4,ok,PL,Yahoo Finance via yfinance,ok,P2 盈利改善,26.54,30.11,50.05,6.6,industry:Aerospace & Defense,22.61,34.04,50.05,6.6,industry×module:Aerospace & Defense × P2 盈利改善
HTZ,"Hertz Global Holdings, Inc Common Stock",2025-08-01,2026-08-20,100.0,2026-04-17,7.43,2.09,71.87,5.53,-62.21,34.36,281.05,24.04,118437002.0,False,3,G3/3,Industrials,Rental & Leasing Services,United States,802015616.0,8906000384.0,1476000000.0,9.7,16.32,7.14,-3.13,16.57,,,4,ok,HTZ,Yahoo Finance via yfinance,ok,P2 盈利改善,26.54,45.33,26.54,45.33,sector_fallback:Industrials,22.61,49.26,26.54,45.33,sector_fallback:Industrials
AAON,Aaon Inc,2025-08-01,2026-08-20,100.0,2026-05-29,140.2,80.84,42.34,91.06,-11.22,53.96,120.8,71.71,114093579.0,True,3,G3/3,Industrials,Building Products & Equipment,United States,6550117376.0,1932366976.0,-213758000.0,101.2,25.57,10.99,8.24,-11.06,257.9,17.28,5,ok,AAON,Yahoo Finance via yfinance,ok,P2 盈利改善,26.54,15.8,26.54,15.8,sector_fallback:Industrials,22.61,19.73,26.54,15.8,sector_fallback:Industrials
PRIM,Primoris Services Corporation,2025-08-01,2026-08-20,100.0,2026-05-01,180.35,79.24,56.06,148.07,-46.48,21.8,313.23,97.88,104410792.0,True,3,G3/3,Industrials,Engineering & Construction,United States,4187396096.0,7284199936.0,80155000.0,-10.7,8.62,-1.56,1.92,1.1,,8.89,4,ok,PRIM,Yahoo Finance via yfinance,ok,P2 盈利改善,26.54,29.52,20.48,35.59,industry:Engineering & Construction,22.61,33.45,20.48,35.59,industry×module:Engineering & Construction × P2 盈利改善
POET,POET Technologies Inc. Common Shares,2025-08-01,2026-08-20,100.0,2026-05-15,15.97,8.27,48.22,7.16,15.5,123.04,87.4,195.74,104198994.0,True,3,G3/3,Technology,Semiconductors,Canada,1427729152.0,1712950.0,-36494488.0,112.3,100.0,-3542.65,0.0,-2130.51,,-16.89,4,ok,POET,Yahoo Finance via yfinance,ok,P4 持续亏损,33.04,15.18,35.8,12.42,industry:Semiconductors,34.33,13.89,35.8,12.42,industry:Semiconductors
LBRT,Liberty Energy Inc.,2025-08-01,2026-08-20,100.0,2026-05-08,33.11,19.24,41.89,20.19,-4.71,63.99,107.35,185.19,103081959.0,True,3,G3/3,Energy,Oil & Gas Equipment & Services,United States,3159386112.0,4195913984.0,-302047872.0,14.0,18.53,1.62,2.92,-7.2,-39.5,6.12,5,ok,LBRT,Yahoo Finance via yfinance,ok,P2 盈利改善,11.18,30.71,18.69,23.2,industry:Oil & Gas Equipment & Services,22.61,19.28,18.69,23.2,industry×module:Oil & Gas Equipment & Services × P2 盈利改善
LUMN,"Lumen Technologies, Inc.",2025-08-01,2026-08-20,100.0,2026-05-29,10.99,6.01,45.31,8.45,-28.88,30.06,196.06,196.23,88195144.0,True,3,G3/3,Communication Services,Telecom Services,United States,6126785536.0,11832000512.0,2116249984.0,-9.3,47.79,-2.89,-8.65,17.89,,,4,ok,LUMN,Yahoo Finance via yfinance,ok,P2 盈利改善,27.41,17.9,36.4,8.91,industry:Telecom Services,22.61,22.7,36.4,8.91,industry×module:Telecom Services × P2 盈利改善
CAPR,Capricor Therapeutics Inc,2025-08-01,2026-08-20,100.0,2026-04-24,35.27,6.835,80.62,23.84,-71.33,47.94,248.78,346.46,75691380.0,True,3,G3/3,Healthcare,Biotechnology,United States,365694240.0,,-89191328.0,,0.0,0.0,0.0,,,-73.7,2,sparse,CAPR,Yahoo Finance via yfinance,ok,P-SPARSE 数据不足,22.93,57.69,22.93,57.69,industry:Biotechnology,21.4,59.22,34.02,46.6,industry×module:Biotechnology × P-SPARSE 数据不足
AMPX,"Amprius Technologies, Inc.",2025-08-01,2026-08-20,100.0,2026-05-01,20.87,10.2,51.13,11.0,-7.27,89.73,108.11,228.14,68876239.0,True,3,G3/3,Industrials,Electrical Equipment & Parts,United States,1510473728.0,109228000.0,-35897376.0,125.9,22.25,-12.63,-33.4,-32.86,,-36.07,4,ok,AMPX,Yahoo Finance via yfinance,ok,P2 盈利改善,26.54,24.59,36.2,14.93,industry:Electrical Equipment & Parts,22.61,28.52,36.2,14.93,industry×module:Electrical Equipment & Parts × P2 盈利改善
CAR,"Avis Budget Group, Inc.",2025-08-01,2026-08-20,100.0,2026-04-17,493.86,143.98,70.85,125.63,14.61,293.11,95.02,201.01,64727537.0,True,3,G3/3,Industrials,Rental & Leasing Services,United States,5179108352.0,11710999552.0,1093124992.0,-1.3,27.38,14.91,-5.43,9.33,880.0,,5,ok,CAR,Yahoo Finance via yfinance,ok,P1 高增长高盈利,26.54,44.31,26.54,44.31,sector_fallback:Industrials,11.9,58.95,26.54,44.31,sector_fallback:Industrials
UI,Ubiquiti Inc. Common Stock,2025-08-01,2026-08-20,100.0,2026-04-17,1084.5,573.87,47.08,551.42,4.07,96.67,95.79,153.89,59361444.0,True,3,G3/3,Technology,Communication Equipment,United States,33831845888.0,3274161920.0,710342848.0,23.5,46.16,36.27,29.33,21.7,6.8,91.09,5,ok,UI,Yahoo Finance via yfinance,ok,P2 盈利改善,33.04,14.04,32.76,14.32,industry:Communication Equipment,22.61,24.47,32.18,14.9,industry×module:Communication Equipment × P2 盈利改善
CTRI,"Centuri Holdings, Inc.",2025-08-01,2026-08-20,100.0,2026-05-01,39.25,21.78,44.51,27.6,-21.09,42.21,149.96,86.55,53701034.0,True,3,G3/3,Utilities,Utilities - Regulated Gas,United States,2156570880.0,3393807872.0,-10192750.0,32.9,7.76,2.83,0.85,-0.3,-33.3,4.03,5,ok,CTRI,Yahoo Finance via yfinance,ok,P2 盈利改善,11.23,33.28,9.85,34.66,industry:Utilities - Regulated Gas,22.61,21.9,9.57,34.94,industry×module:Utilities - Regulated Gas × P2 盈利改善
BW,"Babcock & Wilcox Enterprises, Inc.",2025-08-01,2026-08-20,100.0,2026-05-15,21.85,8.43,61.42,8.42,0.12,159.5,99.93,2242.41,49506126.0,True,3,G3/3,Industrials,Specialty Industrial Machinery,United States,1233430784.0,834352000.0,233269248.0,130.3,19.74,3.99,-2.2,27.96,,,4,ok,BW,Yahoo Finance via yfinance,ok,P2 盈利改善,26.54,34.88,26.54,34.88,sector_fallback:Industrials,22.61,38.81,26.54,34.88,sector_fallback:Industrials
CC,The Chemours Company,2025-08-01,2026-08-20,100.0,2026-05-01,27.73,15.69,43.42,14.99,4.67,84.99,94.51,141.13,47528350.0,True,3,G3/3,Basic Materials,Specialty Chemicals,United States,2403469056.0,5797000192.0,303124992.0,-1.5,15.4,1.13,-5.24,5.23,,-319.37,4,ok,CC,Yahoo Finance via yfinance,ok,P2 盈利改善,29.36,14.06,34.07,9.35,industry:Specialty Chemicals,22.61,20.81,34.02,9.41,industry×module:Specialty Chemicals × P2 盈利改善
SHLS,"Shoals Technologies Group, Inc. Class A Common Stock",2025-08-01,2026-08-20,100.0,2026-05-29,12.45,7.375,40.76,9.22,-20.01,35.03,157.12,141.28,46297148.0,True,3,G3/3,Technology,Solar,United States,1194088064.0,588057984.0,-42993376.0,47.4,32.11,13.81,5.42,-7.31,-12.5,5.34,5,ok,SHLS,Yahoo Finance via yfinance,ok,P2 盈利改善,33.04,7.72,43.86,-3.1,industry:Solar,22.61,18.15,43.86,-3.1,industry×module:Solar × P2 盈利改善
SATL,Satellogic Inc. Class A Ordinary Shares,2025-08-01,2026-08-20,100.0,2026-05-22,10.61,5.3,50.05,3.56,48.88,198.03,75.32,225.46,29383206.0,True,3,G3/3,Industrials,Aerospace & Defense,United States,879392192.0,31906000.0,-18836376.0,258.5,78.93,1.67,0.0,-59.04,,,4,ok,SATL,Yahoo Finance via yfinance,ok,P2 盈利改善,26.54,23.51,50.05,0.0,industry:Aerospace & Defense,22.61,27.44,50.05,0.0,industry×module:Aerospace & Defense × P2 盈利改善
BKSY,BlackSky Technology Inc.,2025-08-01,2026-08-20,100.0,2026-05-29,48.47,26.73,44.85,25.52,4.74,89.93,94.73,157.0,27959532.0,True,3,G3/3,Industrials,Specialty Business Services,United States,1135664512.0,108922000.0,-71450872.0,50.1,69.85,-23.36,-61.24,-65.6,,-44.76,4,ok,BKSY,Yahoo Finance via yfinance,ok,P2 盈利改善,26.54,18.31,31.18,13.67,industry:Specialty Business Services,22.61,22.24,29.98,14.88,industry×module:Specialty Business Services × P2 盈利改善
AHCO,AdaptHealth Corp. Common Stock,2025-08-01,2026-08-20,100.0,2026-05-01,13.17,5.39,59.07,10.09,-46.58,30.53,252.6,50.51,27473029.0,True,3,G3/3,Healthcare,Medical Devices,United States,751093568.0,3363389952.0,-80691504.0,12.7,19.17,0.84,-6.79,-2.4,,-15.22,4,ok,AHCO,Yahoo Finance via yfinance,ok,P2 盈利改善,22.93,36.14,41.42,17.65,industry:Medical Devices,22.61,36.46,41.42,17.65,industry:Medical Devices
PLAB,Photronics Inc,2025-08-01,2026-08-20,100.0,2026-05-08,53.64,30.52,43.1,34.53,-11.61,55.34,120.98,171.05,27055357.0,True,3,G3/3,Technology,Semiconductor Equipment & Materials,United States,1798982400.0,861169984.0,39001500.0,-0.5,33.77,20.09,18.47,4.53,270.5,13.24,5,ok,PLAB,Yahoo Finance via yfinance,ok,P2 盈利改善,33.04,10.06,43.77,-0.67,industry:Semiconductor Equipment & Materials,22.61,20.49,43.77,-0.67,industry:Semiconductor Equipment & Materials
SPCE,"Virgin Galactic Holdings, Inc.",2025-08-01,2026-08-20,100.0,2026-05-29,6.18,3.08,50.16,3.1,-0.65,99.35,100.65,67.93,27001336.0,False,3,G3/3,Industrials,Aerospace & Defense,United States,466915360.0,1038000.0,-295968000.0,-67.0,0.0,-48452.24,0.0,-28513.29,,-75.13,4,ok,SPCE,Yahoo Finance via yfinance,ok,P4 持续亏损,26.54,23.62,50.05,0.11,industry:Aerospace & Defense,34.33,15.83,50.05,0.11,industry:Aerospace & Defense
MRAM,"Everspin Technologies, Inc",2025-08-01,2026-08-20,100.0,2026-05-15,37.57,16.97,54.83,12.99,30.64,189.22,83.81,525.12,22696147.0,True,3,G3/3,Technology,Semiconductors,United States,416628640.0,62471000.0,-10983250.0,41.9,52.28,-23.39,-4.22,-17.58,,-3.84,4,ok,MRAM,Yahoo Finance via yfinance,ok,P2 盈利改善,33.04,21.79,35.8,19.03,industry:Semiconductors,22.61,32.22,32.88,21.95,industry×module:Semiconductors × P2 盈利改善
LWLG,"Lightwave Logic, Inc. Common Stock",2025-08-01,2026-08-20,100.0,2026-05-08,16.43,6.1,62.87,3.91,56.01,320.2,82.51,689.9,22266741.0,True,3,G3/3,Basic Materials,Specialty Chemicals,United States,954295296.0,250251.0,-10939397.0,27.9,98.93,-22195.17,0.0,-4371.37,,-35.42,4,ok,LWLG,Yahoo Finance via yfinance,ok,P4 持续亏损,29.36,33.51,34.07,28.8,industry:Specialty Chemicals,34.33,28.54,34.07,28.8,industry:Specialty Chemicals
ADTN,"ADTRAN Holdings, Inc. Common Stock",2025-08-01,2026-08-20,100.0,2026-05-01,18.45,7.86,57.4,9.22,-14.75,100.11,114.73,110.62,21798630.0,True,3,G3/3,Technology,Communication Equipment,United States,633110528.0,1138226944.0,24819000.0,6.1,38.46,-3.54,-2.29,2.18,,-3.17,4,ok,ADTN,Yahoo Finance via yfinance,ok,P2 盈利改善,33.04,24.36,32.76,24.64,industry:Communication Equipment,22.61,34.79,32.18,25.22,industry×module:Communication Equipment × P2 盈利改善
SGML,Sigma Lithium Corporation Common Shares,2025-08-01,2026-08-20,100.0,2026-05-01,21.97,10.73,51.16,13.51,-20.58,62.62,132.86,332.48,19165886.0,False,3,G3/3,Basic Materials,Other Industrial Metals & Mining,Canada,1347442688.0,142494000.0,44106376.0,223.9,49.08,24.63,-19.34,30.95,,-31.64,4,ok,SGML,Yahoo Finance via yfinance,ok,P2 盈利改善,29.36,21.8,29.36,21.8,industry:Other Industrial Metals & Mining,22.61,28.55,29.36,21.8,industry:Other Industrial Metals & Mining
TROX,TRONOX LIMITED CL A ORDINARY SHARES,2025-08-01,2026-08-20,100.0,2026-05-01,10.33,5.61,45.69,5.72,-1.92,80.59,102.39,203.82,18119333.0,False,3,G3/3,Basic Materials,Chemicals,United States,887932160.0,3056999936.0,-23125000.0,18.7,5.59,-1.96,-19.2,-0.76,,-41.32,4,ok,TROX,Yahoo Finance via yfinance,ok,P2 盈利改善,29.36,16.33,31.69,14.0,industry:Chemicals,22.61,23.08,31.69,14.0,industry×module:Chemicals × P2 盈利改善
ONFO,Onfolio Holdings Inc. Common Stock,2025-08-01,2026-08-20,100.0,2026-04-24,66.0,1.57,97.62,36.3,-95.67,81.82,216.94,20.0,17610008.0,False,3,G3/3,Communication Services,Internet Content & Information,United States,202762.0,8134486.0,4624142.0,-52.4,54.52,-64.47,-101.86,56.85,,-626.11,4,ok,ONFO,Yahoo Finance via yfinance,ok,P2 盈利改善,27.41,70.21,31.03,66.59,industry:Internet Content & Information,22.61,75.01,38.5,59.12,industry×module:Internet Content & Information × P2 盈利改善
SKYQ,Sky Quarry Inc. Common Stock,2025-08-01,2026-08-20,100.0,2026-04-10,12.59,2.68,78.71,3.0408,-11.87,314.04,103.78,214.75,13987045.0,False,3,G3/3,Energy,Oil & Gas Integrated,United States,24291822.0,1617033.0,-4390395.0,,-205.95,-558.12,0.0,-271.51,,-132.79,3,ok,SKYQ,Yahoo Finance via yfinance,ok,P3 持续亏损,11.18,67.53,11.18,67.53,sector_fallback:Energy,39.4,39.31,11.18,67.53,sector_fallback:Energy
DGXX,Digi Power X Inc. Subordinate Voting Shares,2025-08-01,2026-08-20,100.0,2026-05-22,7.94,3.92,50.63,2.85,37.54,178.6,78.98,184.59,13984408.0,False,3,G3/3,Utilities,Utilities - Independent Power Producers,United States,412684544.0,31396008.0,-116821144.0,-18.3,2.53,-226.56,-114.76,-372.09,,-24.71,4,ok,DGXX,Yahoo Finance via yfinance,ok,P3 持续亏损,11.23,39.4,11.23,39.4,sector_fallback:Utilities,39.4,11.23,11.23,39.4,sector_fallback:Utilities
LAR,Lithium Argentina AG,2025-08-01,2026-08-20,100.0,2026-05-08,11.68,5.98,48.8,6.98,-14.33,67.34,121.28,345.8,13199114.0,False,3,G3/3,Basic Materials,Other Industrial Metals & Mining,Switzerland,1120802944.0,,-16366875.0,,0.0,0.0,0.0,,,-6.58,2,sparse,LAR,Yahoo Finance via yfinance,ok,P-SPARSE 数据不足,29.36,19.44,29.36,19.44,industry:Other Industrial Metals & Mining,21.4,27.4,29.36,19.44,industry:Other Industrial Metals & Mining
SIDU,"Sidus Space, Inc. Class A Common Stock",2025-08-01,2026-08-20,100.0,2026-04-17,5.35,2.34,56.26,4.01,-41.65,33.42,224.63,365.22,13162151.0,False,3,G3/3,Industrials,Aerospace & Defense,United States,239904016.0,2826829.0,-21984174.0,-53.8,-166.86,-976.21,0.0,-777.7,,-27.0,4,ok,SIDU,Yahoo Finance via yfinance,ok,P4 持续亏损,26.54,29.72,50.05,6.21,industry:Aerospace & Defense,34.33,21.93,50.05,6.21,industry:Aerospace & Defense
BLDP,Ballard Power Systems Inc.,2025-08-01,2026-08-20,100.0,2026-05-29,6.29,2.37,62.32,2.68,-11.57,134.7,108.59,251.4,12884644.0,False,3,G3/3,Industrials,Electrical Equipment & Parts,Canada,723615616.0,106158000.0,-22504376.0,15.4,16.4,-62.03,-72.78,-21.2,,-12.92,4,ok,BLDP,Yahoo Finance via yfinance,ok,P2 盈利改善,26.54,35.78,36.2,26.12,industry:Electrical Equipment & Parts,22.61,39.71,36.2,26.12,industry×module:Electrical Equipment & Parts × P2 盈利改善
INV,"Innventure, Inc. Common Stock",2025-08-01,2026-08-20,100.0,2026-05-08,7.0,1.5,78.57,3.75,-60.0,86.67,169.23,56.95,9134267.0,False,3,G3/3,Financial Services,Asset Management,United States,127765112.0,3752000.0,-55773500.0,100.2,0.0,-3304.09,0.0,-1486.5,,-31.49,4,ok,INV,Yahoo Finance via yfinance,ok,P-FIN 金融口径单列,9.65,68.92,5.42,73.15,industry:Asset Management,9.65,68.92,5.42,73.15,industry×module:Asset Management × P-FIN 金融口径单列
ALMU,"Aeluma, Inc. Common Stock",2025-08-01,2026-08-20,100.0,2026-05-01,25.58,14.92,41.67,17.8,-16.18,43.71,137.02,22.86,8261646.0,False,3,G3/3,Technology,Semiconductors,United States,270369824.0,5196000.0,-443403.0,-2.6,37.74,-173.9,-115.55,-8.53,,-20.67,4,ok,ALMU,Yahoo Finance via yfinance,ok,P3 持续亏损,33.04,8.63,35.8,5.88,industry:Semiconductors,39.4,2.27,35.8,5.88,industry:Semiconductors
CLFD,"Clearfield, Inc.",2025-08-01,2026-08-20,100.0,2026-05-29,47.22,27.54,41.68,30.34,-9.23,55.64,116.59,15.71,7035562.0,False,3,G3/3,Technology,Communication Equipment,United States,374102144.0,153656000.0,21556000.0,13.2,33.01,5.86,-4.7,14.03,104.1,1.56,5,ok,CLFD,Yahoo Finance via yfinance,ok,P2 盈利改善,33.04,8.64,32.76,8.92,industry:Communication Equipment,22.61,19.07,32.18,9.5,industry×module:Communication Equipment × P2 盈利改善
GILT,Gilat Satellite Networks Ltd,2025-08-01,2026-08-20,100.0,2026-05-08,19.39,10.52,45.75,17.86,-41.1,8.57,579.74,163.81,7026204.0,False,3,G3/3,Technology,Communication Equipment,Israel,808811392.0,487787008.0,19654000.0,16.9,30.33,9.53,6.21,4.03,-42.1,7.04,5,ok,GILT,Yahoo Finance via yfinance,ok,P2 盈利改善,33.04,12.71,32.76,12.99,industry:Communication Equipment,22.61,23.14,32.18,13.57,industry×module:Communication Equipment × P2 盈利改善
STRO,"Sutro Biopharma, Inc.",2025-08-01,2026-08-20,100.0,2026-05-08,40.24,21.16,47.42,13.82,53.11,191.17,72.22,396.79,6701632.0,False,3,G3/3,Healthcare,Biotechnology,United States,348867840.0,45702000.0,-100756000.0,-84.6,-216.71,-301.73,0.0,-220.46,,,4,ok,STRO,Yahoo Finance via yfinance,ok,P3 持续亏损,22.93,24.49,22.93,24.49,industry:Biotechnology,39.4,8.02,23.54,23.88,industry×module:Biotechnology × P3 持续亏损
ATS,ATS Corporation,2025-08-01,2026-08-20,100.0,2026-05-08,35.38,19.28,45.51,28.8,-33.06,22.85,244.68,18.53,5868824.0,False,3,G3/3,Industrials,Specialty Industrial Machinery,Canada,1937024896.0,2929933056.0,199053248.0,-5.8,28.9,7.98,1.61,6.79,,2.69,4,ok,ATS,Yahoo Finance via yfinance,ok,P2 盈利改善,26.54,18.97,26.54,18.97,sector_fallback:Industrials,22.61,22.9,26.54,18.97,sector_fallback:Industrials
ELVA,Electrovaya Inc. Common Shares,2025-08-01,2026-08-20,100.0,2026-05-29,11.69,6.68,42.86,9.82,-31.98,19.04,267.91,140.53,5417260.0,False,3,G3/3,Industrials,Electrical Equipment & Parts,Canada,328729664.0,71824000.0,-22054876.0,3.4,33.0,4.45,6.14,-30.71,-69.3,9.85,5,ok,ELVA,Yahoo Finance via yfinance,ok,P2 盈利改善,26.54,16.32,36.2,6.66,industry:Electrical Equipment & Parts,22.61,20.25,36.2,6.66,industry×module:Electrical Equipment & Parts × P2 盈利改善
GCTS,"GCT Semiconductor Holding, Inc.",2025-08-01,2026-08-20,100.0,2026-05-22,3.39,1.99,41.3,1.16,71.55,192.24,62.78,154.89,5277715.0,False,3,G3/3,Technology,Semiconductors,United States,187618240.0,4079000.0,-26898000.0,-17.9,-38.29,-763.65,0.0,-659.43,,,4,ok,GCTS,Yahoo Finance via yfinance,ok,P4 持续亏损,33.04,8.26,35.8,5.5,industry:Semiconductors,34.33,6.97,35.8,5.5,industry:Semiconductors
EGG,Enigmatig Limited,2025-08-01,2026-08-20,100.0,2026-05-22,10.48,3.01,71.28,5.88,-48.81,78.23,162.39,132.89,5171958.0,False,3,G3/3,Industrials,Consulting Services,Singapore,85415856.0,2738383.0,-2921411.0,-59.1,33.34,-191.0,-96.31,-106.68,,-31.12,4,ok,EGG,Yahoo Finance via yfinance,ok,P3 持续亏损,26.54,44.74,26.54,44.74,sector_fallback:Industrials,39.4,31.88,26.54,44.74,sector_fallback:Industrials
ZNTL,"Zentalis Pharmaceuticals, Inc. Common Stock",2025-08-01,2026-08-20,100.0,2026-04-10,6.61,3.84,41.91,2.94,30.61,124.83,75.48,393.28,4957587.0,False,3,G3/3,Healthcare,Biotechnology,United States,362120064.0,,-79451128.0,,0.0,0.0,0.0,,,-66.75,2,sparse,ZNTL,Yahoo Finance via yfinance,ok,P-SPARSE 数据不足,22.93,18.98,22.93,18.98,industry:Biotechnology,21.4,20.51,34.02,7.89,industry×module:Biotechnology × P-SPARSE 数据不足
OCS,Oculis Holding AG Ordinary shares,2025-08-01,2026-08-20,100.0,2026-05-08,32.64,13.14,59.74,25.22,-47.9,29.42,262.8,84.41,3434670.0,False,3,G3/3,Healthcare,Biotechnology,Switzerland,726583360.0,1173000.0,-41372752.0,18.8,0.0,-7602.58,0.0,-3527.09,,-43.7,4,ok,OCS,Yahoo Finance via yfinance,ok,P4 持续亏损,22.93,36.81,22.93,36.81,industry:Biotechnology,34.33,25.41,15.75,43.99,industry×module:Biotechnology × P4 持续亏损
WATT,Energous Corporation,2025-08-01,2026-08-20,100.0,2026-05-01,34.25,12.32,64.03,5.5,124.0,522.73,76.28,192.81,3266021.0,False,3,G3/3,Technology,Communication Equipment,United States,69806904.0,10483000.0,-13532250.0,216.8,26.59,-101.13,-76.37,-129.09,,-32.77,4,ok,WATT,Yahoo Finance via yfinance,ok,P3 持续亏损,33.04,30.99,32.76,31.27,industry:Communication Equipment,39.4,24.63,32.76,31.27,industry:Communication Equipment
VUZI,Vuzix Corporation,2025-08-01,2026-08-20,100.0,2026-05-22,5.14,2.99,41.83,3.16,-5.38,62.66,108.59,164.95,3143076.0,False,3,G3/3,Technology,Consumer Electronics,United States,248177840.0,5908774.0,-14299929.0,-14.1,-9.63,-698.17,0.0,-242.01,,-94.4,4,ok,VUZI,Yahoo Finance via yfinance,ok,P4 持续亏损,33.04,8.79,33.04,8.79,sector_fallback:Technology,34.33,7.5,33.04,8.79,sector_fallback:Technology
ATOM,Atomera Incorporated Common Stock,2025-08-01,2026-08-20,100.0,2026-05-01,11.09,4.79,56.81,2.37,102.11,367.93,72.25,137.98,3028640.0,False,3,G3/3,Technology,Semiconductor Equipment & Materials,United States,186534912.0,230000.0,-7217250.0,,-78.7,-4277.85,0.0,-3137.93,,-76.78,3,ok,ATOM,Yahoo Finance via yfinance,ok,P4 持续亏损,33.04,23.77,43.77,13.04,industry:Semiconductor Equipment & Materials,34.33,22.48,43.77,13.04,industry:Semiconductor Equipment & Materials
TRT,Trio-Tech International,2025-08-01,2026-08-20,100.0,2026-05-15,20.05,11.14,44.44,6.52,70.86,207.52,65.85,633.09,2993785.0,False,3,G3/3,Technology,Semiconductor Equipment & Materials,United States,,58345000.0,650750.0,123.6,17.59,-0.49,0.6,1.12,,1.65,4,ok,TRT,Yahoo Finance via yfinance,ok,P2 盈利改善,33.04,11.4,43.77,0.67,industry:Semiconductor Equipment & Materials,22.61,21.83,43.77,0.67,industry:Semiconductor Equipment & Materials
MX,Magnachip Semiconductor Corp.,2025-08-01,2026-08-20,100.0,2026-05-29,8.8,3.28,62.73,2.9,13.1,203.45,93.56,197.3,2985086.0,False,3,G3/3,Technology,Semiconductors,South Korea,120848472.0,177428000.0,-23868124.0,-6.1,15.87,-20.33,-17.26,-13.45,,-12.76,4,ok,MX,Yahoo Finance via yfinance,ok,P2 盈利改善,33.04,29.69,35.8,26.93,industry:Semiconductors,22.61,40.12,32.88,29.85,industry×module:Semiconductors × P2 盈利改善
ASTC,Astrotech Corporation (DE) Common Stock,2025-08-01,2026-08-20,100.0,2026-05-29,49.8,7.56,84.82,3.56,112.36,1298.88,91.35,847.98,2859791.0,False,3,G3/3,Technology,Scientific & Technical Instruments,United States,15087966.0,1007000.0,-9576000.0,-35.8,33.37,-1006.71,0.0,-950.94,,-76.36,4,ok,ASTC,Yahoo Finance via yfinance,ok,P4 持续亏损,33.04,51.78,33.04,51.78,sector_fallback:Technology,34.33,50.49,33.04,51.78,sector_fallback:Technology
INSG,Inseego Corp. Common Stock,2025-08-01,2026-08-20,100.0,2026-05-01,20.29,4.02,80.19,10.89,-63.09,86.32,173.09,217.03,2631601.0,False,3,G3/3,Technology,Communication Equipment,United States,71454744.0,172614000.0,-6489500.0,9.4,41.1,-15.68,-6.42,-3.76,,,4,ok,INSG,Yahoo Finance via yfinance,ok,P2 盈利改善,33.04,47.15,32.76,47.43,industry:Communication Equipment,22.61,57.58,32.18,48.01,industry×module:Communication Equipment × P2 盈利改善
TRDA,"Entrada Therapeutics, Inc. Common Stock",2025-08-01,2026-08-20,100.0,2026-05-01,14.5,7.6,47.59,11.0,-30.91,31.82,197.14,150.0,2596640.0,False,3,G3/3,Healthcare,Biotechnology,United States,294750592.0,4686000.0,-77671624.0,-53.9,0.0,-5007.02,0.0,-1657.53,,-54.1,4,ok,TRDA,Yahoo Finance via yfinance,ok,P4 持续亏损,22.93,24.66,22.93,24.66,industry:Biotechnology,34.33,13.26,15.75,31.84,industry×module:Biotechnology × P4 持续亏损
TYGO,"Tigo Energy, Inc. Common Stock",2025-08-01,2026-08-20,100.0,2026-04-24,5.01,1.09,78.24,2.95,-63.05,69.83,190.29,282.44,2527295.0,False,3,G3/3,Technology,Solar,United States,83683352.0,111245000.0,8891250.0,5.6,42.43,-6.61,8.97,7.99,,43.06,4,ok,TYGO,Yahoo Finance via yfinance,ok,P2 盈利改善,33.04,45.2,43.86,34.38,industry:Solar,22.61,55.63,43.86,34.38,industry×module:Solar × P2 盈利改善
IHRT,"iHeartMedia, Inc. Class A Common Stock",2025-08-01,2026-08-20,100.0,2026-05-01,6.33,2.895,54.27,3.79,-23.61,67.02,135.24,249.72,2357636.0,False,3,G3/3,Communication Services,Broadcasting,United States,431861760.0,3985676032.0,191215632.0,4.7,58.81,3.63,-7.17,4.8,,,4,ok,IHRT,Yahoo Finance via yfinance,ok,P2 盈利改善,27.41,26.86,27.41,26.86,sector_fallback:Communication Services,22.61,31.66,27.41,26.86,sector_fallback:Communication Services
UIS,Unisys Corporation,2025-08-01,2026-08-20,100.0,2026-05-29,4.59,2.66,42.05,2.88,-7.64,59.38,112.87,17.39,2195087.0,False,3,G3/3,Technology,Information Technology Services,United States,199789712.0,1945799936.0,151237504.0,-2.0,28.64,-2.85,-21.65,7.77,,,4,ok,UIS,Yahoo Finance via yfinance,ok,P2 盈利改善,33.04,9.01,39.4,2.65,industry:Information Technology Services,22.61,19.44,39.4,2.65,industry:Information Technology Services
HOVR,New Horizon Aircraft Ltd. Class A Ordinary Share,2025-08-01,2026-08-20,100.0,2026-05-22,3.14,1.84,41.4,2.15,-14.42,46.05,131.31,122.7,1986227.0,False,3,G3/3,Industrials,Aerospace & Defense,Canada,124964312.0,,-9833500.0,,0.0,0.0,0.0,,,-89.81,2,sparse,HOVR,Yahoo Finance via yfinance,ok,P-SPARSE 数据不足,26.54,14.86,50.05,-8.65,industry:Aerospace & Defense,21.4,20.0,50.05,-8.65,industry:Aerospace & Defense
VLN,Valens Semiconductor Ltd.,2025-08-01,2026-08-20,100.0,2026-05-29,3.53,1.77,49.86,1.96,-9.69,80.1,112.1,48.32,1722158.0,False,3,G3/3,Technology,Semiconductors,Israel,195986896.0,71702000.0,-6985250.0,6.1,61.78,-43.89,-45.23,-9.74,,-30.38,4,ok,VLN,Yahoo Finance via yfinance,ok,P2 盈利改善,33.04,16.82,35.8,14.06,industry:Semiconductors,22.61,27.25,32.88,16.98,industry×module:Semiconductors × P2 盈利改善
IDN,"Intellicheck, Inc. Common Stock",2025-08-01,2026-08-20,100.0,2026-04-17,8.49,2.95,65.25,6.01,-50.92,41.26,223.39,76.14,1542404.0,False,3,G3/3,Technology,Software - Application,United States,59786896.0,24114000.0,1442375.0,16.0,91.05,9.64,13.03,5.98,,15.51,4,ok,IDN,Yahoo Finance via yfinance,ok,P2 盈利改善,33.04,32.21,28.57,36.68,industry:Software - Application,22.61,42.64,30.14,35.11,industry×module:Software - Application × P2 盈利改善
BCAR,D. Boral ARC Acquisition I Corp. Class A Ordinary Shares,2025-08-22,2026-08-20,94.6,2026-05-29,10.97,5.16,52.96,10.19,-49.36,7.65,744.87,10.7,1527825.0,False,3,G3/3,Financial Services,Shell Companies,United States,233604000.0,,,,0.0,0.0,0.0,,,,2,sparse,BCAR,Yahoo Finance via yfinance,ok,P-FIN 金融口径单列,9.65,43.31,2.83,50.13,industry:Shell Companies,9.65,43.31,2.83,50.13,industry×module:Shell Companies × P-FIN 金融口径单列
AMTX,"Aemetis, Inc. (DE) Common Stock",2025-08-01,2026-08-20,100.0,2026-05-01,3.52,1.92,45.45,1.53,25.49,130.07,80.4,29.89,1496612.0,False,3,G3/3,Basic Materials,Specialty Chemicals,United States,149391056.0,230171008.0,-65829500.0,20.0,10.4,9.21,-26.14,-28.6,,,4,ok,AMTX,Yahoo Finance via yfinance,ok,P2 盈利改善,29.36,16.09,34.07,11.38,industry:Specialty Chemicals,22.61,22.84,34.02,11.44,industry×module:Specialty Chemicals × P2 盈利改善
CPSH,CPS Technologies Corp. Common Stock,2025-08-01,2026-08-20,100.0,2026-05-29,9.02,3.82,57.65,5.34,-28.46,68.91,141.3,211.03,1192749.0,False,3,G3/3,Technology,Electronic Components,United States,75725000.0,32349808.0,-2979825.0,2.9,14.09,-3.11,-0.11,-9.21,-72.0,-0.15,5,ok,CPSH,Yahoo Finance via yfinance,ok,P2 盈利改善,33.04,24.61,29.58,28.07,industry:Electronic Components,22.61,35.04,29.58,28.07,industry×module:Electronic Components × P2 盈利改善
BRCC,BRC Inc.,2025-08-01,2026-08-20,100.0,2026-05-22,1.72,0.8642,49.76,0.9802,-11.83,75.47,115.68,4.88,1161837.0,False,3,G3/3,Consumer Defensive,Packaged Foods,United States,12534129.0,429697984.0,20378750.0,12.8,34.49,1.03,-0.89,4.74,,-18.38,4,ok,BRCC,Yahoo Finance via yfinance,ok,P2 盈利改善,14.59,35.17,14.59,35.17,sector_fallback:Consumer Defensive,22.61,27.15,14.59,35.17,sector_fallback:Consumer Defensive
DARE,"Dare Bioscience, Inc. Common Stock",2025-08-01,2026-08-20,100.0,2026-04-17,2.95,0.8092,72.57,1.95,-58.5,51.28,214.08,21.9,1088921.0,False,3,G3/3,Healthcare,Biotechnology,United States,15885716.0,1365939.0,-6908168.0,,243.91,-1582.53,0.0,-505.74,,,3,ok,DARE,Yahoo Finance via yfinance,ok,P4 持续亏损,22.93,49.64,22.93,49.64,industry:Biotechnology,34.33,38.24,15.75,56.82,industry×module:Biotechnology × P4 持续亏损
KLXE,"KLX Energy Services Holdings, Inc. Common Stock",2025-08-01,2026-08-20,100.0,2026-05-15,3.92,1.63,58.42,2.16,-24.54,81.48,130.11,137.58,941452.0,False,3,G3/3,Energy,Oil & Gas Equipment & Services,United States,35933080.0,635600000.0,3250000.0,5.2,21.0,-2.33,-9.71,0.51,,,4,ok,KLXE,Yahoo Finance via yfinance,ok,P2 盈利改善,11.18,47.25,18.69,39.73,industry:Oil & Gas Equipment & Services,22.61,35.81,18.69,39.73,industry×module:Oil & Gas Equipment & Services × P2 盈利改善
DMRC,Digimarc Corporation Common Stock,2025-08-01,2026-08-20,100.0,2026-05-29,14.7,6.62,54.97,6.35,4.25,131.5,96.77,29.52,813753.0,False,3,G3/3,Technology,Software - Application,United States,138223264.0,31501000.0,7020625.0,-7.8,75.39,-167.35,-99.8,22.29,,-82.86,4,ok,DMRC,Yahoo Finance via yfinance,ok,P3 持续亏损,33.04,21.93,28.57,26.4,industry:Software - Application,39.4,15.57,28.57,26.4,industry:Software - Application
BIRD,"Smartbird, Inc. Class A Common Stock",2025-08-01,2026-08-20,100.0,2026-04-17,10.8,2.47,77.13,4.12,-40.05,162.14,124.7,13.68,806285.0,False,3,G3/3,Technology,Software - Infrastructure,United States,21574826.0,155224000.0,1659500.0,-93.1,40.3,-387.78,-49.61,1.07,,-177.98,4,ok,BIRD,Yahoo Finance via yfinance,ok,P3 持续亏损,33.04,44.09,26.27,50.86,industry:Software - Infrastructure,39.4,37.73,26.27,50.86,industry:Software - Infrastructure
INVE,"Identive, Inc.",2025-08-01,2026-08-20,100.0,2026-05-08,5.14,2.89,43.77,3.32,-12.95,54.82,123.63,48.99,730941.0,False,3,G3/3,Industrials,Building Products & Equipment,United States,69071888.0,24269000.0,-6429625.0,12.7,15.89,-95.97,-62.93,-26.49,,-10.93,4,ok,INVE,Yahoo Finance via yfinance,ok,P2 盈利改善,26.54,17.23,26.54,17.23,sector_fallback:Industrials,22.61,21.16,26.54,17.23,sector_fallback:Industrials
PDSB,PDS Biotechnology Corporation Common Stock,2025-08-01,2026-08-20,100.0,2026-05-15,1.34,0.2089,84.41,0.9499,-78.01,41.07,289.95,22.94,702804.0,False,3,G3/3,Healthcare,Biotechnology,United States,12229737.0,,-13760966.0,,0.0,0.0,0.0,,,-543.97,2,sparse,PDSB,Yahoo Finance via yfinance,ok,P-SPARSE 数据不足,22.93,61.48,22.93,61.48,industry:Biotechnology,21.4,63.01,34.02,50.39,industry×module:Biotechnology × P-SPARSE 数据不足
ATLX,Atlas Lithium Corporation Common Stock,2025-08-01,2026-08-20,100.0,2026-05-08,6.46,3.17,50.93,5.26,-39.73,22.81,274.17,48.85,598467.0,False,3,G3/3,Basic Materials,Other Industrial Metals & Mining,Brazil,99931344.0,109897.0,-23422564.0,,85.09,-40335.03,0.0,-21313.2,,-108.68,3,ok,ATLX,Yahoo Finance via yfinance,ok,P4 持续亏损,29.36,21.57,29.36,21.57,industry:Other Industrial Metals & Mining,34.33,16.6,29.36,21.57,industry:Other Industrial Metals & Mining
GRCE,"Grace Therapeutics, Inc. Common Stock",2025-08-01,2026-08-20,100.0,2026-04-02,5.13,2.14,58.28,3.66,-41.53,40.16,203.4,78.75,548134.0,False,3,G3/3,Healthcare,Biotechnology,United States,46279048.0,,-6995875.0,,0.0,0.0,0.0,,,-36.19,2,sparse,GRCE,Yahoo Finance via yfinance,ok,P-SPARSE 数据不足,22.93,35.35,22.93,35.35,industry:Biotechnology,21.4,36.88,34.02,24.26,industry×module:Biotechnology × P-SPARSE 数据不足
HYPR,"Hyperfine, Inc. Class A Common Stock",2025-08-01,2026-08-20,100.0,2026-05-01,1.87,0.9041,51.65,1.12,-19.28,66.96,128.79,81.55,538980.0,False,3,G3/3,Healthcare,Medical Devices,United States,95666512.0,16537000.0,-17161376.0,44.8,51.41,-216.93,-210.75,-103.78,,-96.97,4,ok,HYPR,Yahoo Finance via yfinance,ok,P3 持续亏损,22.93,28.72,41.42,10.23,industry:Medical Devices,39.4,12.25,41.42,10.23,industry:Medical Devices
ARMP,"Armata Pharmaceuticals, Inc. Common Stock",2025-08-01,2026-08-20,100.0,2026-04-24,12.92,4.42,65.79,6.56,-32.62,96.95,133.65,408.66,491990.0,False,3,G3/3,Healthcare,Biotechnology,United States,189628096.0,5543000.0,-27409624.0,15.7,-217.36,-410.84,0.0,-494.49,,,4,ok,ARMP,Yahoo Finance via yfinance,ok,P3 持续亏损,22.93,42.86,22.93,42.86,industry:Biotechnology,39.4,26.39,23.54,42.25,industry×module:Biotechnology × P3 持续亏损
BODI,"The Beachbody Company, Inc. Class A Common Stock",2025-08-01,2026-08-20,100.0,2026-04-24,15.49,6.5,58.04,9.7,-32.99,59.69,155.27,296.16,445958.0,False,3,G3/3,Communication Services,Internet Content & Information,United States,46403768.0,219320000.0,6621250.0,-22.4,73.29,3.36,5.68,3.02,,43.45,4,ok,BODI,Yahoo Finance via yfinance,ok,P2 盈利改善,27.41,30.62,31.03,27.01,industry:Internet Content & Information,22.61,35.43,38.5,19.54,industry×module:Internet Content & Information × P2 盈利改善
EDSA,"Edesa Biotech, Inc. Common Shares",2025-08-01,2026-08-20,100.0,2026-05-01,17.59,4.76,72.94,1.46,226.03,1104.79,79.54,721.96,401619.0,False,3,G3/3,Healthcare,Biotechnology,Canada,42709764.0,,-4014151.0,,0.0,0.0,0.0,,,-122.93,2,sparse,EDSA,Yahoo Finance via yfinance,ok,P-SPARSE 数据不足,22.93,50.01,22.93,50.01,industry:Biotechnology,21.4,51.54,34.02,38.92,industry×module:Biotechnology × P-SPARSE 数据不足
RNTX,"Rein Therapeutics, Inc. Common Stock",2025-08-01,2026-08-20,100.0,2026-04-17,1.76,0.7936,54.91,1.25,-36.51,40.8,189.49,58.56,364767.0,False,3,G3/3,Healthcare,Biotechnology,United States,70566432.0,,-7785125.0,,0.0,0.0,0.0,,,-96.42,2,sparse,RNTX,Yahoo Finance via yfinance,ok,P-SPARSE 数据不足,22.93,31.98,22.93,31.98,industry:Biotechnology,21.4,33.51,34.02,20.89,industry×module:Biotechnology × P-SPARSE 数据不足
TOPP,Toppoint Holdings Inc.,2025-08-01,2026-08-20,100.0,2026-05-29,2.55,0.1937,92.4,0.8153,-76.24,212.77,135.83,20.85,357595.0,False,3,G3/3,Industrials,Trucking,United States,4693000.0,17515212.0,-570721.0,16.9,3.57,-7.34,-35.65,-3.26,,-58.59,4,ok,TOPP,Yahoo Finance via yfinance,ok,P2 盈利改善,26.54,65.86,26.54,65.86,sector_fallback:Industrials,22.61,69.79,26.54,65.86,sector_fallback:Industrials
PPSI,"Pioneer Power Solutions, Inc.",2025-08-01,2026-08-20,100.0,2026-05-29,5.42,2.88,46.86,4.69,-38.59,15.57,347.95,88.19,320597.0,False,3,G3/3,Industrials,Electrical Equipment & Parts,United States,32631842.0,21802000.0,-5743750.0,-40.0,16.19,-39.95,-38.11,-26.35,,-26.68,4,ok,PPSI,Yahoo Finance via yfinance,ok,P2 盈利改善,26.54,20.32,36.2,10.66,industry:Electrical Equipment & Parts,22.61,24.25,36.2,10.66,industry×module:Electrical Equipment & Parts × P2 盈利改善
MDAI,"Spectral AI, Inc. Class A Common Stock",2025-08-01,2026-08-20,100.0,2026-05-22,2.68,1.57,41.42,1.56,0.64,71.79,99.11,13.56,315645.0,False,3,G3/3,Healthcare,Medical Devices,United States,51495884.0,15393000.0,-6555000.0,-30.4,42.92,-122.7,-65.54,-42.58,,,4,ok,MDAI,Yahoo Finance via yfinance,ok,P2 盈利改善,22.93,18.49,41.42,0.0,industry:Medical Devices,22.61,18.81,41.42,0.0,industry:Medical Devices
LVO,"LiveOne, Inc. Common Stock",2025-08-01,2026-08-20,100.0,2026-05-22,6.94,3.75,45.97,4.52,-17.04,53.54,131.82,7.08,268455.0,False,3,G3/3,Communication Services,Internet Content & Information,United States,54435804.0,77287000.0,775375.0,0.7,18.94,-19.0,-25.83,1.0,,,4,ok,LVO,Yahoo Finance via yfinance,ok,P2 盈利改善,27.41,18.55,31.03,14.94,industry:Internet Content & Information,22.61,23.36,38.5,7.47,industry×module:Internet Content & Information × P2 盈利改善
PODC,"PodcastOne, Inc. Common Stock",2025-08-01,2026-08-20,100.0,2026-05-29,4.94,2.52,48.99,2.62,-3.82,88.55,104.31,216.67,261161.0,False,3,G3/3,Communication Services,Internet Content & Information,United States,81682280.0,62802000.0,13920000.0,7.5,12.79,-9.65,-5.01,22.16,,-16.21,4,ok,PODC,Yahoo Finance via yfinance,ok,P2 盈利改善,27.41,21.58,31.03,17.96,industry:Internet Content & Information,22.61,26.38,38.5,10.49,industry×module:Internet Content & Information × P2 盈利改善
RYDE,Ryde Group Ltd.,2025-08-01,2026-08-20,100.0,2026-04-17,1.49,0.8449,43.3,0.3096,172.9,381.27,54.65,401.18,225691.0,False,3,G3/3,Technology,Software - Application,Singapore,149317488.0,13561000.0,,38.8,24.34,-54.96,-119.57,,,-91.28,3,ok,RYDE,Yahoo Finance via yfinance,ok,P2 盈利改善,33.04,10.26,28.57,14.73,industry:Software - Application,22.61,20.69,30.14,13.15,industry×module:Software - Application × P2 盈利改善
GRNQ,Greenpro Capital Corp. Common Stock,2025-08-01,2026-08-20,100.0,2026-04-02,30.3,13.7,54.79,17.968,-23.75,68.63,134.61,80.36,127864.0,False,3,G3/3,Industrials,Consulting Services,Malaysia,21771560.0,2001263.0,-972552.0,-29.3,77.17,-243.05,-169.57,-48.6,,-26.7,4,ok,GRNQ,Yahoo Finance via yfinance,ok,P3 持续亏损,26.54,28.25,26.54,28.25,sector_fallback:Industrials,39.4,15.39,26.54,28.25,sector_fallback:Industrials
LICN,Lichen China Limited Class A Ordinary Shares,2025-08-01,2026-08-20,100.0,2026-05-15,7.08,1.28,81.92,3.0017,-57.36,135.87,142.22,87.8,123560.0,False,3,G3/3,Industrials,Specialty Business Services,China,20546032.0,24518000.0,-5233750.0,-56.1,37.27,-89.29,-89.58,-21.35,,-29.82,4,ok,LICN,Yahoo Finance via yfinance,ok,P2 盈利改善,26.54,55.38,31.18,50.74,industry:Specialty Business Services,22.61,59.31,29.98,51.95,industry×module:Specialty Business Services × P2 盈利改善
MTC,"MMTec, Inc. Common Shares",2025-08-01,2026-08-20,100.0,2026-05-08,6.95,3.05,56.12,2.92,4.45,138.01,96.77,680.9,87763.0,False,3,G3/3,Financial Services,Capital Markets,Hong Kong,321668608.0,0.0,-14649431.0,,0.0,0.0,0.0,,,,2,sparse,MTC,Yahoo Finance via yfinance,ok,P-FIN 金融口径单列,9.65,46.47,9.65,46.47,sector_fallback:Financial Services,9.65,46.47,9.65,46.47,sector_fallback:Financial Services
KMRK,K-Tech Solutions Company Limited Class A Ordinary Shares,2025-08-01,2026-08-20,100.0,2026-04-17,3.95,1.12,71.65,1.48,-24.32,166.89,114.57,226.45,86236.0,False,3,G3/3,Consumer Cyclical,Leisure,Hong Kong,25742000.0,16155124.0,997257.0,-15.0,13.73,13.46,1.06,6.17,,3.46,4,ok,KMRK,Yahoo Finance via yfinance,ok,P2 盈利改善,20.62,51.03,20.62,51.03,sector_fallback:Consumer Cyclical,22.61,49.04,20.62,51.03,sector_fallback:Consumer Cyclical
SYPR,Sypris Solutions Inc,2025-08-01,2026-08-20,100.0,2026-04-17,3.97,1.73,56.42,3.26,-46.93,21.78,315.49,108.95,67751.0,False,3,G3/3,Consumer Cyclical,Auto Parts,United States,39835728.0,115105000.0,1339500.0,-3.5,5.43,-8.09,-9.23,1.16,,-69.91,4,ok,SYPR,Yahoo Finance via yfinance,ok,P2 盈利改善,20.62,35.8,20.62,35.8,sector_fallback:Consumer Cyclical,22.61,33.81,20.62,35.8,sector_fallback:Consumer Cyclical
EFOI,"Energy Focus, Inc.",2025-08-01,2026-08-20,100.0,2026-04-17,6.49,2.73,57.94,2.22,22.97,192.34,88.06,222.89,29440.0,False,3,G3/3,Consumer Cyclical,"Furnishings, Fixtures & Appliances",United States,18598128.0,6499000.0,-1206250.0,228.0,4.57,-23.15,-23.77,-18.56,,-50.21,4,ok,EFOI,Yahoo Finance via yfinance,ok,P2 盈利改善,20.62,37.32,20.62,37.32,sector_fallback:Consumer Cyclical,22.61,35.33,20.62,37.32,sector_fallback:Consumer Cyclical
